object_id,n_views,category,exc_type,message
10654ea604644c8eca7ed590d69b9804,1,insufficient_data,ValueError,detect_planes returned zero accepted planes
10654ea604644c8eca7ed590d69b9804,6,insufficient_data,ValueError,detect_planes returned zero accepted planes
10654ea604644c8eca7ed590d69b9804,14,insufficient_data,ValueError,detect_planes returned zero accepted planes
10654ea604644c8eca7ed590d69b9804,26,insufficient_data,ValueError,detect_planes returned zero accepted planes
1074bdcb3c2032fe0f3f8b6e1796773,1,insufficient_data,ValueError,detect_planes returned zero accepted planes
1074bdcb3c2032fe0f3f8b6e1796773,6,insufficient_data,ValueError,detect_planes returned zero accepted planes
1074bdcb3c2032fe0f3f8b6e1796773,14,insufficient_data,ValueError,detect_planes returned zero accepted planes
1074bdcb3c2032fe0f3f8b6e1796773,26,insufficient_data,ValueError,detect_planes returned zero accepted planes
109a19840a8fbc774c3aee8e9d3a6ffa,1,insufficient_data,ValueError,detect_planes returned zero accepted planes
109a19840a8fbc774c3aee8e9d3a6ffa,6,insufficient_data,ValueError,detect_planes returned zero accepted planes
109a19840a8fbc774c3aee8e9d3a6ffa,14,insufficient_data,ValueError,detect_planes returned zero accepted planes
109a19840a8fbc774c3aee8e9d3a6ffa,26,insufficient_data,ValueError,detect_planes returned zero accepted planes
10b54fe832a00c3ec59350d819542ec7,1,insufficient_data,ValueError,detect_planes returned zero accepted planes
10b54fe832a00c3ec59350d819542ec7,6,insufficient_data,ValueError,detect_planes returned zero accepted planes
10b54fe832a00c3ec59350d819542ec7,14,insufficient_data,ValueError,detect_planes returned zero accepted planes
10b54fe832a00c3ec59350d819542ec7,26,insufficient_data,ValueError,detect_planes returned zero accepted planes
11224ef64e1702b412e0c474ff07001f,1,insufficient_data,ValueError,detect_planes returned zero accepted planes
11224ef64e1702b412e0c474ff07001f,6,insufficient_data,ValueError,detect_planes returned zero accepted planes
11224ef64e1702b412e0c474ff07001f,14,insufficient_data,ValueError,detect_planes returned zero accepted planes
11224ef64e1702b412e0c474ff07001f,26,insufficient_data,ValueError,detect_planes returned zero accepted planes
115aa37af1a07d24a5a88312547ed863,1,insufficient_data,ValueError,detect_planes returned zero accepted planes
115aa37af1a07d24a5a88312547ed863,6,insufficient_data,ValueError,detect_planes returned zero accepted planes
115aa37af1a07d24a5a88312547ed863,14,insufficient_data,ValueError,detect_planes returned zero accepted planes
115aa37af1a07d24a5a88312547ed863,26,insufficient_data,ValueError,detect_planes returned zero accepted planes
11ee3844cf96c7194da5feafe6f1c8fc,1,insufficient_data,ValueError,detect_planes returned zero accepted planes
11ee3844cf96c7194da5feafe6f1c8fc,6,insufficient_data,ValueError,detect_planes returned zero accepted planes
11ee3844cf96c7194da5feafe6f1c8fc,14,insufficient_data,ValueError,detect_planes returned zero accepted planes
11ee3844cf96c7194da5feafe6f1c8fc,26,insufficient_data,ValueError,detect_planes returned zero accepted planes
124cd036611b65b514038d588fd1342f,1,insufficient_data,ValueError,detect_planes returned zero accepted planes
124cd036611b65b514038d588fd1342f,6,insufficient_data,ValueError,detect_planes returned zero accepted planes
124cd036611b65b514038d588fd1342f,14,insufficient_data,ValueError,detect_planes returned zero accepted planes
124cd036611b65b514038d588fd1342f,26,insufficient_data,ValueError,detect_planes returned zero accepted planes
1298634053ad50d36d07c55cf995503e,1,insufficient_data,ValueError,detect_planes returned zero accepted planes
1298634053ad50d36d07c55cf995503e,6,insufficient_data,ValueError,detect_planes returned zero accepted planes
1298634053ad50d36d07c55cf995503e,14,insufficient_data,ValueError,detect_planes returned zero accepted planes
1298634053ad50d36d07c55cf995503e,26,insufficient_data,ValueError,detect_planes returned zero accepted planes
12a5e976e028409ca67ac8a08d7e171,1,insufficient_data,ValueError,detect_planes returned zero accepted planes
12a5e976e028409ca67ac8a08d7e171,6,insufficient_data,ValueError,detect_planes returned zero accepted planes
12a5e976e028409ca67ac8a08d7e171,14,insufficient_data,ValueError,detect_planes returned zero accepted planes
12a5e976e028409ca67ac8a08d7e171,26,insufficient_data,ValueError,detect_planes returned zero accepted planes
12de47490769694e490ad276cd2af3a4,1,insufficient_data,ValueError,detect_planes returned zero accepted planes
12de47490769694e490ad276cd2af3a4,6,insufficient_data,ValueError,detect_planes returned zero accepted planes
12de47490769694e490ad276cd2af3a4,14,insufficient_data,ValueError,detect_planes returned zero accepted planes
12de47490769694e490ad276cd2af3a4,26,insufficient_data,ValueError,detect_planes returned zero accepted planes
139478e7e85aabf27274021d5552b63f,1,insufficient_data,ValueError,detect_planes returned zero accepted planes
139478e7e85aabf27274021d5552b63f,6,insufficient_data,ValueError,detect_planes returned zero accepted planes
139478e7e85aabf27274021d5552b63f,14,insufficient_data,ValueError,detect_planes returned zero accepted planes
139478e7e85aabf27274021d5552b63f,26,insufficient_data,ValueError,detect_planes returned zero accepted planes
13ec1052a32ca23bfd60059ad8523f1a,1,insufficient_data,ValueError,detect_planes returned zero accepted planes
13ec1052a32ca23bfd60059ad8523f1a,6,insufficient_data,ValueError,detect_planes returned zero accepted planes
13ec1052a32ca23bfd60059ad8523f1a,14,insufficient_data,ValueError,detect_planes returned zero accepted planes
13ec1052a32ca23bfd60059ad8523f1a,26,insufficient_data,ValueError,detect_planes returned zero accepted planes
1405ccaff7fa9dbd51b711a0825fda5b,1,insufficient_data,ValueError,detect_planes returned zero accepted planes
1405ccaff7fa9dbd51b711a0825fda5b,6,insufficient_data,ValueError,detect_planes returned zero accepted planes
1405ccaff7fa9dbd51b711a0825fda5b,14,insufficient_data,ValueError,detect_planes returned zero accepted planes
1405ccaff7fa9dbd51b711a0825fda5b,26,insufficient_data,ValueError,detect_planes returned zero accepted planes
141616a00df67c351082f2ea630bf69e,1,insufficient_data,ValueError,detect_planes returned zero accepted planes
141616a00df67c351082f2ea630bf69e,6,insufficient_data,ValueError,detect_planes returned zero accepted planes
141616a00df67c351082f2ea630bf69e,14,insufficient_data,ValueError,detect_planes returned zero accepted planes
141616a00df67c351082f2ea630bf69e,26,insufficient_data,ValueError,detect_planes returned zero accepted planes
1480fa8916f31b6d3c77a85180cab6b6,1,insufficient_data,ValueError,detect_planes returned zero accepted planes
1480fa8916f31b6d3c77a85180cab6b6,6,insufficient_data,ValueError,detect_planes returned zero accepted planes
1480fa8916f31b6d3c77a85180cab6b6,14,insufficient_data,ValueError,detect_planes returned zero accepted planes
1480fa8916f31b6d3c77a85180cab6b6,26,insufficient_data,ValueError,detect_planes returned zero accepted planes
148638f9a7c72ab55a0e5699b3040a35,1,insufficient_data,ValueError,detect_planes returned zero accepted planes
148638f9a7c72ab55a0e5699b3040a35,6,insufficient_data,ValueError,detect_planes returned zero accepted planes
148638f9a7c72ab55a0e5699b3040a35,14,insufficient_data,ValueError,detect_planes returned zero accepted planes
148638f9a7c72ab55a0e5699b3040a35,26,insufficient_data,ValueError,detect_planes returned zero accepted planes
150ad6a5c35beb17ee79d445a3ad4fd4,1,insufficient_data,ValueError,detect_planes returned zero accepted planes
150ad6a5c35beb17ee79d445a3ad4fd4,6,insufficient_data,ValueError,detect_planes returned zero accepted planes
150ad6a5c35beb17ee79d445a3ad4fd4,14,insufficient_data,ValueError,detect_planes returned zero accepted planes
150ad6a5c35beb17ee79d445a3ad4fd4,26,insufficient_data,ValueError,detect_planes returned zero accepted planes
151fccb37c2d51b0b82fa571a1cdbf24,1,insufficient_data,ValueError,detect_planes returned zero accepted planes
151fccb37c2d51b0b82fa571a1cdbf24,6,insufficient_data,ValueError,detect_planes returned zero accepted planes
151fccb37c2d51b0b82fa571a1cdbf24,14,insufficient_data,ValueError,detect_planes returned zero accepted planes
151fccb37c2d51b0b82fa571a1cdbf24,26,insufficient_data,ValueError,detect_planes returned zero accepted planes
15e2d1fe9a4b28e68fb8c03013603b0c,1,insufficient_data,ValueError,detect_planes returned zero accepted planes
15e2d1fe9a4b28e68fb8c03013603b0c,6,insufficient_data,ValueError,detect_planes returned zero accepted planes
15e2d1fe9a4b28e68fb8c03013603b0c,14,insufficient_data,ValueError,detect_planes returned zero accepted planes
15e2d1fe9a4b28e68fb8c03013603b0c,26,insufficient_data,ValueError,detect_planes returned zero accepted planes
15ed07a6b7265f802056b4bd5d870b47,1,insufficient_data,ValueError,detect_planes returned zero accepted planes
15ed07a6b7265f802056b4bd5d870b47,6,insufficient_data,ValueError,detect_planes returned zero accepted planes
15ed07a6b7265f802056b4bd5d870b47,14,insufficient_data,ValueError,detect_planes returned zero accepted planes
15ed07a6b7265f802056b4bd5d870b47,26,insufficient_data,ValueError,detect_planes returned zero accepted planes
15fd978b59889cdc30bbd4cddd04c77b,1,insufficient_data,ValueError,detect_planes returned zero accepted planes
15fd978b59889cdc30bbd4cddd04c77b,6,insufficient_data,ValueError,detect_planes returned zero accepted planes
15fd978b59889cdc30bbd4cddd04c77b,14,insufficient_data,ValueError,detect_planes returned zero accepted planes
15fd978b59889cdc30bbd4cddd04c77b,26,insufficient_data,ValueError,detect_planes returned zero accepted planes
1655608678a4f9ffbc7bb5239e53ea6f,1,insufficient_data,ValueError,detect_planes returned zero accepted planes
1655608678a4f9ffbc7bb5239e53ea6f,6,insufficient_data,ValueError,detect_planes returned zero accepted planes
1655608678a4f9ffbc7bb5239e53ea6f,14,insufficient_data,ValueError,detect_planes returned zero accepted planes
1655608678a4f9ffbc7bb5239e53ea6f,26,insufficient_data,ValueError,detect_planes returned zero accepted planes
1676f8b995b976e5824662341ce2b233,1,insufficient_data,ValueError,detect_planes returned zero accepted planes
1676f8b995b976e5824662341ce2b233,6,insufficient_data,ValueError,detect_planes returned zero accepted planes
1676f8b995b976e5824662341ce2b233,14,insufficient_data,ValueError,detect_planes returned zero accepted planes
1676f8b995b976e5824662341ce2b233,26,insufficient_data,ValueError,detect_planes returned zero accepted planes
16edf6f6574568723f7198a00163bb6,1,insufficient_data,ValueError,detect_planes returned zero accepted planes
16edf6f6574568723f7198a00163bb6,6,insufficient_data,ValueError,detect_planes returned zero accepted planes
16edf6f6574568723f7198a00163bb6,14,insufficient_data,ValueError,detect_planes returned zero accepted planes
16edf6f6574568723f7198a00163bb6,26,insufficient_data,ValueError,detect_planes returned zero accepted planes
189c1ffb58c74c3bccd0340812259a39,1,insufficient_data,ValueError,detect_planes returned zero accepted planes
189c1ffb58c74c3bccd0340812259a39,6,insufficient_data,ValueError,detect_planes returned zero accepted planes
189c1ffb58c74c3bccd0340812259a39,14,insufficient_data,ValueError,detect_planes returned zero accepted planes
189c1ffb58c74c3bccd0340812259a39,26,insufficient_data,ValueError,detect_planes returned zero accepted planes
18da35f3835f75bffb5c1b0f759e2bc1,1,insufficient_data,ValueError,detect_planes returned zero accepted planes
18da35f3835f75bffb5c1b0f759e2bc1,6,insufficient_data,ValueError,detect_planes returned zero accepted planes
18da35f3835f75bffb5c1b0f759e2bc1,14,insufficient_data,ValueError,detect_planes returned zero accepted planes
18da35f3835f75bffb5c1b0f759e2bc1,26,insufficient_data,ValueError,detect_planes returned zero accepted planes
18f41e91af76c77de25f00a04866d020,1,insufficient_data,ValueError,detect_planes returned zero accepted planes
18f41e91af76c77de25f00a04866d020,6,insufficient_data,ValueError,detect_planes returned zero accepted planes
18f41e91af76c77de25f00a04866d020,14,insufficient_data,ValueError,detect_planes returned zero accepted planes
18f41e91af76c77de25f00a04866d020,26,insufficient_data,ValueError,detect_planes returned zero accepted planes
18f57a3d41117140ed98cca8f0ccd5f7,1,insufficient_data,ValueError,detect_planes returned zero accepted planes
18f57a3d41117140ed98cca8f0ccd5f7,6,insufficient_data,ValueError,detect_planes returned zero accepted planes
18f57a3d41117140ed98cca8f0ccd5f7,14,insufficient_data,ValueError,detect_planes returned zero accepted planes
18f57a3d41117140ed98cca8f0ccd5f7,26,insufficient_data,ValueError,detect_planes returned zero accepted planes
190cb7264781df604da5feafe6f1c8fc,1,insufficient_data,ValueError,detect_planes returned zero accepted planes
190cb7264781df604da5feafe6f1c8fc,6,insufficient_data,ValueError,detect_planes returned zero accepted planes
190cb7264781df604da5feafe6f1c8fc,14,insufficient_data,ValueError,detect_planes returned zero accepted planes
190cb7264781df604da5feafe6f1c8fc,26,insufficient_data,ValueError,detect_planes returned zero accepted planes
193572f57626a97c65e6a15e0a997e5c,1,insufficient_data,ValueError,detect_planes returned zero accepted planes
193572f57626a97c65e6a15e0a997e5c,6,insufficient_data,ValueError,detect_planes returned zero accepted planes
193572f57626a97c65e6a15e0a997e5c,14,insufficient_data,ValueError,detect_planes returned zero accepted planes
193572f57626a97c65e6a15e0a997e5c,26,insufficient_data,ValueError,detect_planes returned zero accepted planes
193fdf550fd5f12f446f92b52bbd82a,1,insufficient_data,ValueError,detect_planes returned zero accepted planes
193fdf550fd5f12f446f92b52bbd82a,6,insufficient_data,ValueError,detect_planes returned zero accepted planes
193fdf550fd5f12f446f92b52bbd82a,14,insufficient_data,ValueError,detect_planes returned zero accepted planes
193fdf550fd5f12f446f92b52bbd82a,26,insufficient_data,ValueError,detect_planes returned zero accepted planes
19d52509d16a9c2c81faebbdea6bd9be,1,insufficient_data,ValueError,detect_planes returned zero accepted planes
19d52509d16a9c2c81faebbdea6bd9be,6,insufficient_data,ValueError,detect_planes returned zero accepted planes
19d52509d16a9c2c81faebbdea6bd9be,14,insufficient_data,ValueError,detect_planes returned zero accepted planes
19d52509d16a9c2c81faebbdea6bd9be,26,insufficient_data,ValueError,detect_planes returned zero accepted planes
1a10879bcfca0534f8bc1f8036e08e44,1,insufficient_data,ValueError,detect_planes returned zero accepted planes
1a10879bcfca0534f8bc1f8036e08e44,6,insufficient_data,ValueError,detect_planes returned zero accepted planes
1a10879bcfca0534f8bc1f8036e08e44,14,insufficient_data,ValueError,detect_planes returned zero accepted planes
1a10879bcfca0534f8bc1f8036e08e44,26,insufficient_data,ValueError,detect_planes returned zero accepted planes
1a1ff0c5f28f10d642e265df80f79372,1,insufficient_data,ValueError,detect_planes returned zero accepted planes
1a1ff0c5f28f10d642e265df80f79372,6,insufficient_data,ValueError,detect_planes returned zero accepted planes
1a1ff0c5f28f10d642e265df80f79372,14,insufficient_data,ValueError,detect_planes returned zero accepted planes
1a1ff0c5f28f10d642e265df80f79372,26,insufficient_data,ValueError,detect_planes returned zero accepted planes
1a3a4611409e306c1a832e2972cd1e0d,1,insufficient_data,ValueError,detect_planes returned zero accepted planes
1a3a4611409e306c1a832e2972cd1e0d,6,insufficient_data,ValueError,detect_planes returned zero accepted planes
1a3a4611409e306c1a832e2972cd1e0d,14,insufficient_data,ValueError,detect_planes returned zero accepted planes
1a3a4611409e306c1a832e2972cd1e0d,26,insufficient_data,ValueError,detect_planes returned zero accepted planes
1a8c91b4803b3470f9c75ffd2648d7cd,1,insufficient_data,ValueError,detect_planes returned zero accepted planes
1a8c91b4803b3470f9c75ffd2648d7cd,6,insufficient_data,ValueError,detect_planes returned zero accepted planes
1a8c91b4803b3470f9c75ffd2648d7cd,14,insufficient_data,ValueError,detect_planes returned zero accepted planes
1a8c91b4803b3470f9c75ffd2648d7cd,26,insufficient_data,ValueError,detect_planes returned zero accepted planes
1ad4c572e0fd6a576e1e9a13188ab4bb,1,insufficient_data,ValueError,detect_planes returned zero accepted planes
1ad4c572e0fd6a576e1e9a13188ab4bb,6,insufficient_data,ValueError,detect_planes returned zero accepted planes
1ad4c572e0fd6a576e1e9a13188ab4bb,14,insufficient_data,ValueError,detect_planes returned zero accepted planes
1ad4c572e0fd6a576e1e9a13188ab4bb,26,insufficient_data,ValueError,detect_planes returned zero accepted planes
1af852e72c44954b8bd91d7cadd7c123,1,insufficient_data,ValueError,detect_planes returned zero accepted planes
1af852e72c44954b8bd91d7cadd7c123,6,insufficient_data,ValueError,detect_planes returned zero accepted planes
1af852e72c44954b8bd91d7cadd7c123,14,insufficient_data,ValueError,detect_planes returned zero accepted planes
1af852e72c44954b8bd91d7cadd7c123,26,insufficient_data,ValueError,detect_planes returned zero accepted planes
1b80cd42474a990ccd8655d05e2f9e02,1,insufficient_data,ValueError,detect_planes returned zero accepted planes
1b80cd42474a990ccd8655d05e2f9e02,6,insufficient_data,ValueError,detect_planes returned zero accepted planes
1b80cd42474a990ccd8655d05e2f9e02,14,insufficient_data,ValueError,detect_planes returned zero accepted planes
1b80cd42474a990ccd8655d05e2f9e02,26,insufficient_data,ValueError,detect_planes returned zero accepted planes
1bace34d2c1dc49b3b5ee89f1f802f5a,1,insufficient_data,ValueError,detect_planes returned zero accepted planes
1bace34d2c1dc49b3b5ee89f1f802f5a,6,insufficient_data,ValueError,detect_planes returned zero accepted planes
1bace34d2c1dc49b3b5ee89f1f802f5a,14,insufficient_data,ValueError,detect_planes returned zero accepted planes
1bace34d2c1dc49b3b5ee89f1f802f5a,26,insufficient_data,ValueError,detect_planes returned zero accepted planes
1cbfb1c063b34ab4ab379c9b5bf12bf8,1,insufficient_data,ValueError,detect_planes returned zero accepted planes
1cbfb1c063b34ab4ab379c9b5bf12bf8,6,insufficient_data,ValueError,detect_planes returned zero accepted planes
1cbfb1c063b34ab4ab379c9b5bf12bf8,14,insufficient_data,ValueError,detect_planes returned zero accepted planes
1cbfb1c063b34ab4ab379c9b5bf12bf8,26,insufficient_data,ValueError,detect_planes returned zero accepted planes
1cf9f1ead192b6c9824662341ce2b233,1,insufficient_data,ValueError,detect_planes returned zero accepted planes
1cf9f1ead192b6c9824662341ce2b233,6,insufficient_data,ValueError,detect_planes returned zero accepted planes
1cf9f1ead192b6c9824662341ce2b233,14,insufficient_data,ValueError,detect_planes returned zero accepted planes
1cf9f1ead192b6c9824662341ce2b233,26,insufficient_data,ValueError,detect_planes returned zero accepted planes
1d285f3bc7767bc8b4cdad9a5bf52dd5,1,insufficient_data,ValueError,detect_planes returned zero accepted planes
1d285f3bc7767bc8b4cdad9a5bf52dd5,6,insufficient_data,ValueError,detect_planes returned zero accepted planes
1d285f3bc7767bc8b4cdad9a5bf52dd5,14,insufficient_data,ValueError,detect_planes returned zero accepted planes
1d285f3bc7767bc8b4cdad9a5bf52dd5,26,insufficient_data,ValueError,detect_planes returned zero accepted planes
1d527bbed4d12817fa3bb91f4e3cd35f,1,insufficient_data,ValueError,detect_planes returned zero accepted planes
1d527bbed4d12817fa3bb91f4e3cd35f,6,insufficient_data,ValueError,detect_planes returned zero accepted planes
1d527bbed4d12817fa3bb91f4e3cd35f,14,insufficient_data,ValueError,detect_planes returned zero accepted planes
1d527bbed4d12817fa3bb91f4e3cd35f,26,insufficient_data,ValueError,detect_planes returned zero accepted planes
1d5eb167825bacba688d3cf9b52f4662,1,insufficient_data,ValueError,detect_planes returned zero accepted planes
1d5eb167825bacba688d3cf9b52f4662,6,insufficient_data,ValueError,detect_planes returned zero accepted planes
1d5eb167825bacba688d3cf9b52f4662,14,insufficient_data,ValueError,detect_planes returned zero accepted planes
1d5eb167825bacba688d3cf9b52f4662,26,insufficient_data,ValueError,detect_planes returned zero accepted planes
1d973f05e870af4b4da5feafe6f1c8fc,1,insufficient_data,ValueError,detect_planes returned zero accepted planes
1d973f05e870af4b4da5feafe6f1c8fc,6,insufficient_data,ValueError,detect_planes returned zero accepted planes
1d973f05e870af4b4da5feafe6f1c8fc,14,insufficient_data,ValueError,detect_planes returned zero accepted planes
1d973f05e870af4b4da5feafe6f1c8fc,26,insufficient_data,ValueError,detect_planes returned zero accepted planes
1dc8e88da760f186ccd0340812259a39,1,insufficient_data,ValueError,detect_planes returned zero accepted planes
1dc8e88da760f186ccd0340812259a39,6,insufficient_data,ValueError,detect_planes returned zero accepted planes
1dc8e88da760f186ccd0340812259a39,14,insufficient_data,ValueError,detect_planes returned zero accepted planes
1dc8e88da760f186ccd0340812259a39,26,insufficient_data,ValueError,detect_planes returned zero accepted planes
1dd3f80712873a638f6095a93258c867,1,insufficient_data,ValueError,detect_planes returned zero accepted planes
1dd3f80712873a638f6095a93258c867,6,insufficient_data,ValueError,detect_planes returned zero accepted planes
1dd3f80712873a638f6095a93258c867,14,insufficient_data,ValueError,detect_planes returned zero accepted planes
1dd3f80712873a638f6095a93258c867,26,insufficient_data,ValueError,detect_planes returned zero accepted planes
1e18f136798cb3f0c59350d819542ec7,1,insufficient_data,ValueError,detect_planes returned zero accepted planes
1e18f136798cb3f0c59350d819542ec7,6,insufficient_data,ValueError,detect_planes returned zero accepted planes
1e18f136798cb3f0c59350d819542ec7,14,insufficient_data,ValueError,detect_planes returned zero accepted planes
1e18f136798cb3f0c59350d819542ec7,26,insufficient_data,ValueError,detect_planes returned zero accepted planes
1f4b16094bd83af82d2d2896f4b277fc,1,insufficient_data,ValueError,detect_planes returned zero accepted planes
1f4b16094bd83af82d2d2896f4b277fc,6,insufficient_data,ValueError,detect_planes returned zero accepted planes
1f4b16094bd83af82d2d2896f4b277fc,14,insufficient_data,ValueError,detect_planes returned zero accepted planes
1f4b16094bd83af82d2d2896f4b277fc,26,insufficient_data,ValueError,detect_planes returned zero accepted planes
1f6046149060eb81cbde89e0c48a01bf,1,insufficient_data,ValueError,detect_planes returned zero accepted planes
1f6046149060eb81cbde89e0c48a01bf,6,insufficient_data,ValueError,detect_planes returned zero accepted planes
1f6046149060eb81cbde89e0c48a01bf,14,insufficient_data,ValueError,detect_planes returned zero accepted planes
1f6046149060eb81cbde89e0c48a01bf,26,insufficient_data,ValueError,detect_planes returned zero accepted planes
1f610516a159e0ce8916d0991ded06e,1,insufficient_data,ValueError,detect_planes returned zero accepted planes
1f610516a159e0ce8916d0991ded06e,6,insufficient_data,ValueError,detect_planes returned zero accepted planes
1f610516a159e0ce8916d0991ded06e,14,insufficient_data,ValueError,detect_planes returned zero accepted planes
1f610516a159e0ce8916d0991ded06e,26,insufficient_data,ValueError,detect_planes returned zero accepted planes
1fb2be490f45ec6e19fb4103277a6b93,1,insufficient_data,ValueError,detect_planes returned zero accepted planes
1fb2be490f45ec6e19fb4103277a6b93,6,insufficient_data,ValueError,detect_planes returned zero accepted planes
1fb2be490f45ec6e19fb4103277a6b93,14,insufficient_data,ValueError,detect_planes returned zero accepted planes
1fb2be490f45ec6e19fb4103277a6b93,26,insufficient_data,ValueError,detect_planes returned zero accepted planes
1fd1d459e79ad6c1c3bd24f986301745,1,insufficient_data,ValueError,detect_planes returned zero accepted planes
1fd1d459e79ad6c1c3bd24f986301745,6,insufficient_data,ValueError,detect_planes returned zero accepted planes
1fd1d459e79ad6c1c3bd24f986301745,14,insufficient_data,ValueError,detect_planes returned zero accepted planes
1fd1d459e79ad6c1c3bd24f986301745,26,insufficient_data,ValueError,detect_planes returned zero accepted planes
200c5297948bf57f6b448b8aaebb705c,1,insufficient_data,ValueError,detect_planes returned zero accepted planes
200c5297948bf57f6b448b8aaebb705c,6,insufficient_data,ValueError,detect_planes returned zero accepted planes
200c5297948bf57f6b448b8aaebb705c,14,insufficient_data,ValueError,detect_planes returned zero accepted planes
200c5297948bf57f6b448b8aaebb705c,26,insufficient_data,ValueError,detect_planes returned zero accepted planes
208903274bfe69cdc5d1c45cadcaa3eb,1,insufficient_data,ValueError,detect_planes returned zero accepted planes
208903274bfe69cdc5d1c45cadcaa3eb,6,insufficient_data,ValueError,detect_planes returned zero accepted planes
208903274bfe69cdc5d1c45cadcaa3eb,14,insufficient_data,ValueError,detect_planes returned zero accepted planes
208903274bfe69cdc5d1c45cadcaa3eb,26,insufficient_data,ValueError,detect_planes returned zero accepted planes
21224eab2d099f5012de5317fe5b354f,1,insufficient_data,ValueError,detect_planes returned zero accepted planes
21224eab2d099f5012de5317fe5b354f,6,insufficient_data,ValueError,detect_planes returned zero accepted planes
21224eab2d099f5012de5317fe5b354f,14,insufficient_data,ValueError,detect_planes returned zero accepted planes
21224eab2d099f5012de5317fe5b354f,26,insufficient_data,ValueError,detect_planes returned zero accepted planes
2193f3624198ede23f0af1eceae2dd4,1,insufficient_data,ValueError,detect_planes returned zero accepted planes
2193f3624198ede23f0af1eceae2dd4,6,insufficient_data,ValueError,detect_planes returned zero accepted planes
2193f3624198ede23f0af1eceae2dd4,14,insufficient_data,ValueError,detect_planes returned zero accepted planes
2193f3624198ede23f0af1eceae2dd4,26,insufficient_data,ValueError,detect_planes returned zero accepted planes
2197384551252127ecb01d351e78a9e7,1,insufficient_data,ValueError,detect_planes returned zero accepted planes
2197384551252127ecb01d351e78a9e7,6,insufficient_data,ValueError,detect_planes returned zero accepted planes
2197384551252127ecb01d351e78a9e7,14,insufficient_data,ValueError,detect_planes returned zero accepted planes
2197384551252127ecb01d351e78a9e7,26,insufficient_data,ValueError,detect_planes returned zero accepted planes
21dcc3c0485b43136473d8f2b21437da,1,insufficient_data,ValueError,detect_planes returned zero accepted planes
21dcc3c0485b43136473d8f2b21437da,6,insufficient_data,ValueError,detect_planes returned zero accepted planes
21dcc3c0485b43136473d8f2b21437da,14,insufficient_data,ValueError,detect_planes returned zero accepted planes
21dcc3c0485b43136473d8f2b21437da,26,insufficient_data,ValueError,detect_planes returned zero accepted planes
21de0761d0f8f2f9342b2a88bd008cbe,1,insufficient_data,ValueError,detect_planes returned zero accepted planes
21de0761d0f8f2f9342b2a88bd008cbe,6,insufficient_data,ValueError,detect_planes returned zero accepted planes
21de0761d0f8f2f9342b2a88bd008cbe,14,insufficient_data,ValueError,detect_planes returned zero accepted planes
21de0761d0f8f2f9342b2a88bd008cbe,26,insufficient_data,ValueError,detect_planes returned zero accepted planes
21feae1212b07575f23c3116d040903f,1,insufficient_data,ValueError,detect_planes returned zero accepted planes
21feae1212b07575f23c3116d040903f,6,insufficient_data,ValueError,detect_planes returned zero accepted planes
21feae1212b07575f23c3116d040903f,14,insufficient_data,ValueError,detect_planes returned zero accepted planes
21feae1212b07575f23c3116d040903f,26,insufficient_data,ValueError,detect_planes returned zero accepted planes
220f08ff0c1d2a4542282fc88db7886b,1,insufficient_data,ValueError,detect_planes returned zero accepted planes
220f08ff0c1d2a4542282fc88db7886b,6,insufficient_data,ValueError,detect_planes returned zero accepted planes
220f08ff0c1d2a4542282fc88db7886b,14,insufficient_data,ValueError,detect_planes returned zero accepted planes
220f08ff0c1d2a4542282fc88db7886b,26,insufficient_data,ValueError,detect_planes returned zero accepted planes
2220c6ade811851cc13e020d985215e3,1,insufficient_data,ValueError,detect_planes returned zero accepted planes
2220c6ade811851cc13e020d985215e3,6,insufficient_data,ValueError,detect_planes returned zero accepted planes
2220c6ade811851cc13e020d985215e3,14,insufficient_data,ValueError,detect_planes returned zero accepted planes
2220c6ade811851cc13e020d985215e3,26,insufficient_data,ValueError,detect_planes returned zero accepted planes
2231d841b91eb6d53321831d2245cf06,1,insufficient_data,ValueError,detect_planes returned zero accepted planes
2231d841b91eb6d53321831d2245cf06,6,insufficient_data,ValueError,detect_planes returned zero accepted planes
2231d841b91eb6d53321831d2245cf06,14,insufficient_data,ValueError,detect_planes returned zero accepted planes
2231d841b91eb6d53321831d2245cf06,26,insufficient_data,ValueError,detect_planes returned zero accepted planes
223d2316bb8b74a979170a5f8beda902,1,insufficient_data,ValueError,detect_planes returned zero accepted planes
223d2316bb8b74a979170a5f8beda902,6,insufficient_data,ValueError,detect_planes returned zero accepted planes
223d2316bb8b74a979170a5f8beda902,14,insufficient_data,ValueError,detect_planes returned zero accepted planes
223d2316bb8b74a979170a5f8beda902,26,insufficient_data,ValueError,detect_planes returned zero accepted planes
226078581cd4efd755c5278938766a05,1,insufficient_data,ValueError,detect_planes returned zero accepted planes
226078581cd4efd755c5278938766a05,6,insufficient_data,ValueError,detect_planes returned zero accepted planes
226078581cd4efd755c5278938766a05,14,insufficient_data,ValueError,detect_planes returned zero accepted planes
226078581cd4efd755c5278938766a05,26,insufficient_data,ValueError,detect_planes returned zero accepted planes
2292b067ccd1bb2dff93e4ecafd3dedd,1,insufficient_data,ValueError,detect_planes returned zero accepted planes
2292b067ccd1bb2dff93e4ecafd3dedd,6,insufficient_data,ValueError,detect_planes returned zero accepted planes
2292b067ccd1bb2dff93e4ecafd3dedd,14,insufficient_data,ValueError,detect_planes returned zero accepted planes
2292b067ccd1bb2dff93e4ecafd3dedd,26,insufficient_data,ValueError,detect_planes returned zero accepted planes
22e77a41cc388839824662341ce2b233,1,insufficient_data,ValueError,detect_planes returned zero accepted planes
22e77a41cc388839824662341ce2b233,6,insufficient_data,ValueError,detect_planes returned zero accepted planes
22e77a41cc388839824662341ce2b233,14,insufficient_data,ValueError,detect_planes returned zero accepted planes
22e77a41cc388839824662341ce2b233,26,insufficient_data,ValueError,detect_planes returned zero accepted planes
230a85ab57a15b90e074517a246f1e65,1,insufficient_data,ValueError,detect_planes returned zero accepted planes
230a85ab57a15b90e074517a246f1e65,6,insufficient_data,ValueError,detect_planes returned zero accepted planes
230a85ab57a15b90e074517a246f1e65,14,insufficient_data,ValueError,detect_planes returned zero accepted planes
230a85ab57a15b90e074517a246f1e65,26,insufficient_data,ValueError,detect_planes returned zero accepted planes
2336a8ba5ba8a9f0ce029fab54b6cfbd,1,insufficient_data,ValueError,detect_planes returned zero accepted planes
2336a8ba5ba8a9f0ce029fab54b6cfbd,6,insufficient_data,ValueError,detect_planes returned zero accepted planes
2336a8ba5ba8a9f0ce029fab54b6cfbd,14,insufficient_data,ValueError,detect_planes returned zero accepted planes
2336a8ba5ba8a9f0ce029fab54b6cfbd,26,insufficient_data,ValueError,detect_planes returned zero accepted planes
2346b4f87a4f683b92e6829c9c63f7e8,1,insufficient_data,ValueError,detect_planes returned zero accepted planes
2346b4f87a4f683b92e6829c9c63f7e8,6,insufficient_data,ValueError,detect_planes returned zero accepted planes
2346b4f87a4f683b92e6829c9c63f7e8,14,insufficient_data,ValueError,detect_planes returned zero accepted planes
2346b4f87a4f683b92e6829c9c63f7e8,26,insufficient_data,ValueError,detect_planes returned zero accepted planes
23637357c4e5efb653c80c0a3ef7382,1,insufficient_data,ValueError,detect_planes returned zero accepted planes
23637357c4e5efb653c80c0a3ef7382,6,insufficient_data,ValueError,detect_planes returned zero accepted planes
23637357c4e5efb653c80c0a3ef7382,14,insufficient_data,ValueError,detect_planes returned zero accepted planes
23637357c4e5efb653c80c0a3ef7382,26,insufficient_data,ValueError,detect_planes returned zero accepted planes
23b7a3961eda17df4da5feafe6f1c8fc,1,insufficient_data,ValueError,detect_planes returned zero accepted planes
23b7a3961eda17df4da5feafe6f1c8fc,6,insufficient_data,ValueError,detect_planes returned zero accepted planes
23b7a3961eda17df4da5feafe6f1c8fc,14,insufficient_data,ValueError,detect_planes returned zero accepted planes
23b7a3961eda17df4da5feafe6f1c8fc,26,insufficient_data,ValueError,detect_planes returned zero accepted planes
23fcaafbeabc092f921e793cb951210d,1,insufficient_data,ValueError,detect_planes returned zero accepted planes
23fcaafbeabc092f921e793cb951210d,6,insufficient_data,ValueError,detect_planes returned zero accepted planes
23fcaafbeabc092f921e793cb951210d,14,insufficient_data,ValueError,detect_planes returned zero accepted planes
23fcaafbeabc092f921e793cb951210d,26,insufficient_data,ValueError,detect_planes returned zero accepted planes
24beb61e46bf6b1970d557f49392fb1,1,insufficient_data,ValueError,detect_planes returned zero accepted planes
24beb61e46bf6b1970d557f49392fb1,6,insufficient_data,ValueError,detect_planes returned zero accepted planes
24beb61e46bf6b1970d557f49392fb1,14,insufficient_data,ValueError,detect_planes returned zero accepted planes
24beb61e46bf6b1970d557f49392fb1,26,insufficient_data,ValueError,detect_planes returned zero accepted planes
25182f6e03375c9e7b6fd5468f603b31,1,insufficient_data,ValueError,detect_planes returned zero accepted planes
25182f6e03375c9e7b6fd5468f603b31,6,insufficient_data,ValueError,detect_planes returned zero accepted planes
25182f6e03375c9e7b6fd5468f603b31,14,insufficient_data,ValueError,detect_planes returned zero accepted planes
25182f6e03375c9e7b6fd5468f603b31,26,insufficient_data,ValueError,detect_planes returned zero accepted planes
2544d05396cf1c91bc19762eaa7ba40f,1,insufficient_data,ValueError,detect_planes returned zero accepted planes
2544d05396cf1c91bc19762eaa7ba40f,6,insufficient_data,ValueError,detect_planes returned zero accepted planes
2544d05396cf1c91bc19762eaa7ba40f,14,insufficient_data,ValueError,detect_planes returned zero accepted planes
2544d05396cf1c91bc19762eaa7ba40f,26,insufficient_data,ValueError,detect_planes returned zero accepted planes
2555c9df5fa919692250bf58700b4d8f,1,insufficient_data,ValueError,detect_planes returned zero accepted planes
2555c9df5fa919692250bf58700b4d8f,6,insufficient_data,ValueError,detect_planes returned zero accepted planes
2555c9df5fa919692250bf58700b4d8f,14,insufficient_data,ValueError,detect_planes returned zero accepted planes
2555c9df5fa919692250bf58700b4d8f,26,insufficient_data,ValueError,detect_planes returned zero accepted planes
2620701a50216dbed0b36851d61b6fca,1,insufficient_data,ValueError,detect_planes returned zero accepted planes
2620701a50216dbed0b36851d61b6fca,6,insufficient_data,ValueError,detect_planes returned zero accepted planes
2620701a50216dbed0b36851d61b6fca,14,insufficient_data,ValueError,detect_planes returned zero accepted planes
2620701a50216dbed0b36851d61b6fca,26,insufficient_data,ValueError,detect_planes returned zero accepted planes
26325f047537acd3f155d75bbf62b80,1,insufficient_data,ValueError,detect_planes returned zero accepted planes
26325f047537acd3f155d75bbf62b80,6,insufficient_data,ValueError,detect_planes returned zero accepted planes
26325f047537acd3f155d75bbf62b80,14,insufficient_data,ValueError,detect_planes returned zero accepted planes
26325f047537acd3f155d75bbf62b80,26,insufficient_data,ValueError,detect_planes returned zero accepted planes
26979d498a0425b6f51f77a6d7299806,1,insufficient_data,ValueError,detect_planes returned zero accepted planes
26979d498a0425b6f51f77a6d7299806,6,insufficient_data,ValueError,detect_planes returned zero accepted planes
26979d498a0425b6f51f77a6d7299806,14,insufficient_data,ValueError,detect_planes returned zero accepted planes
26979d498a0425b6f51f77a6d7299806,26,insufficient_data,ValueError,detect_planes returned zero accepted planes
270e25863ba6098b0a04bc414beaa99,1,insufficient_data,ValueError,detect_planes returned zero accepted planes
270e25863ba6098b0a04bc414beaa99,6,insufficient_data,ValueError,detect_planes returned zero accepted planes
270e25863ba6098b0a04bc414beaa99,14,insufficient_data,ValueError,detect_planes returned zero accepted planes
270e25863ba6098b0a04bc414beaa99,26,insufficient_data,ValueError,detect_planes returned zero accepted planes
2726971c1ed929eaa733727fd41bdb33,1,insufficient_data,ValueError,detect_planes returned zero accepted planes
2726971c1ed929eaa733727fd41bdb33,6,insufficient_data,ValueError,detect_planes returned zero accepted planes
2726971c1ed929eaa733727fd41bdb33,14,insufficient_data,ValueError,detect_planes returned zero accepted planes
2726971c1ed929eaa733727fd41bdb33,26,insufficient_data,ValueError,detect_planes returned zero accepted planes
2731687dd460a263d8eae9bce48bbeed,1,insufficient_data,ValueError,detect_planes returned zero accepted planes
2731687dd460a263d8eae9bce48bbeed,6,insufficient_data,ValueError,detect_planes returned zero accepted planes
2731687dd460a263d8eae9bce48bbeed,14,insufficient_data,ValueError,detect_planes returned zero accepted planes
2731687dd460a263d8eae9bce48bbeed,26,insufficient_data,ValueError,detect_planes returned zero accepted planes
27c3e5b2656c50f7cb2a965e75be701c,1,insufficient_data,ValueError,detect_planes returned zero accepted planes
27c3e5b2656c50f7cb2a965e75be701c,6,insufficient_data,ValueError,detect_planes returned zero accepted planes
27c3e5b2656c50f7cb2a965e75be701c,14,insufficient_data,ValueError,detect_planes returned zero accepted planes
27c3e5b2656c50f7cb2a965e75be701c,26,insufficient_data,ValueError,detect_planes returned zero accepted planes
280553e975d6b79fd2b12aa6a0f050b3,1,insufficient_data,ValueError,detect_planes returned zero accepted planes
280553e975d6b79fd2b12aa6a0f050b3,6,insufficient_data,ValueError,detect_planes returned zero accepted planes
280553e975d6b79fd2b12aa6a0f050b3,14,insufficient_data,ValueError,detect_planes returned zero accepted planes
280553e975d6b79fd2b12aa6a0f050b3,26,insufficient_data,ValueError,detect_planes returned zero accepted planes
283a115028fffe6e4e67e2e8459ebde,1,insufficient_data,ValueError,detect_planes returned zero accepted planes
283a115028fffe6e4e67e2e8459ebde,6,insufficient_data,ValueError,detect_planes returned zero accepted planes
283a115028fffe6e4e67e2e8459ebde,14,insufficient_data,ValueError,detect_planes returned zero accepted planes
283a115028fffe6e4e67e2e8459ebde,26,insufficient_data,ValueError,detect_planes returned zero accepted planes
287475ec16f5b7477b636e5c31038bd,1,insufficient_data,ValueError,detect_planes returned zero accepted planes
287475ec16f5b7477b636e5c31038bd,6,insufficient_data,ValueError,detect_planes returned zero accepted planes
287475ec16f5b7477b636e5c31038bd,14,insufficient_data,ValueError,detect_planes returned zero accepted planes
287475ec16f5b7477b636e5c31038bd,26,insufficient_data,ValueError,detect_planes returned zero accepted planes
28e12ef0e54e204830bbd4cddd04c77b,1,insufficient_data,ValueError,detect_planes returned zero accepted planes
28e12ef0e54e204830bbd4cddd04c77b,6,insufficient_data,ValueError,detect_planes returned zero accepted planes
28e12ef0e54e204830bbd4cddd04c77b,14,insufficient_data,ValueError,detect_planes returned zero accepted planes
28e12ef0e54e204830bbd4cddd04c77b,26,insufficient_data,ValueError,detect_planes returned zero accepted planes
28e7fd7a7a5ee8787d3ced6148bd0a15,1,insufficient_data,ValueError,detect_planes returned zero accepted planes
28e7fd7a7a5ee8787d3ced6148bd0a15,6,insufficient_data,ValueError,detect_planes returned zero accepted planes
28e7fd7a7a5ee8787d3ced6148bd0a15,14,insufficient_data,ValueError,detect_planes returned zero accepted planes
28e7fd7a7a5ee8787d3ced6148bd0a15,26,insufficient_data,ValueError,detect_planes returned zero accepted planes
28ec688f444eeb4a394b1e418d5c594,1,insufficient_data,ValueError,detect_planes returned zero accepted planes
28ec688f444eeb4a394b1e418d5c594,6,insufficient_data,ValueError,detect_planes returned zero accepted planes
28ec688f444eeb4a394b1e418d5c594,14,insufficient_data,ValueError,detect_planes returned zero accepted planes
28ec688f444eeb4a394b1e418d5c594,26,insufficient_data,ValueError,detect_planes returned zero accepted planes
2902b377edd4b48aa3a0c1cc16d124ad,1,insufficient_data,ValueError,detect_planes returned zero accepted planes
2902b377edd4b48aa3a0c1cc16d124ad,6,insufficient_data,ValueError,detect_planes returned zero accepted planes
2902b377edd4b48aa3a0c1cc16d124ad,14,insufficient_data,ValueError,detect_planes returned zero accepted planes
2902b377edd4b48aa3a0c1cc16d124ad,26,insufficient_data,ValueError,detect_planes returned zero accepted planes
2912f56d135e2f97b20cb946bceb58f,1,insufficient_data,ValueError,detect_planes returned zero accepted planes
2912f56d135e2f97b20cb946bceb58f,6,insufficient_data,ValueError,detect_planes returned zero accepted planes
2912f56d135e2f97b20cb946bceb58f,14,insufficient_data,ValueError,detect_planes returned zero accepted planes
2912f56d135e2f97b20cb946bceb58f,26,insufficient_data,ValueError,detect_planes returned zero accepted planes
292353a763d0870432af7736a533c197,1,insufficient_data,ValueError,detect_planes returned zero accepted planes
292353a763d0870432af7736a533c197,6,insufficient_data,ValueError,detect_planes returned zero accepted planes
292353a763d0870432af7736a533c197,14,insufficient_data,ValueError,detect_planes returned zero accepted planes
292353a763d0870432af7736a533c197,26,insufficient_data,ValueError,detect_planes returned zero accepted planes
2971f417b08961475a4cd9b26f359d36,1,insufficient_data,ValueError,detect_planes returned zero accepted planes
2971f417b08961475a4cd9b26f359d36,6,insufficient_data,ValueError,detect_planes returned zero accepted planes
2971f417b08961475a4cd9b26f359d36,14,insufficient_data,ValueError,detect_planes returned zero accepted planes
2971f417b08961475a4cd9b26f359d36,26,insufficient_data,ValueError,detect_planes returned zero accepted planes
29aaa8f337632ec125fa9990176f0d5,1,insufficient_data,ValueError,detect_planes returned zero accepted planes
29aaa8f337632ec125fa9990176f0d5,6,insufficient_data,ValueError,detect_planes returned zero accepted planes
29aaa8f337632ec125fa9990176f0d5,14,insufficient_data,ValueError,detect_planes returned zero accepted planes
29aaa8f337632ec125fa9990176f0d5,26,insufficient_data,ValueError,detect_planes returned zero accepted planes
29c6f3ce118576724da5feafe6f1c8fc,1,insufficient_data,ValueError,detect_planes returned zero accepted planes
29c6f3ce118576724da5feafe6f1c8fc,6,insufficient_data,ValueError,detect_planes returned zero accepted planes
29c6f3ce118576724da5feafe6f1c8fc,14,insufficient_data,ValueError,detect_planes returned zero accepted planes
29c6f3ce118576724da5feafe6f1c8fc,26,insufficient_data,ValueError,detect_planes returned zero accepted planes
29c7615460f943a36ca2b6e5474aad11,1,insufficient_data,ValueError,detect_planes returned zero accepted planes
29c7615460f943a36ca2b6e5474aad11,6,insufficient_data,ValueError,detect_planes returned zero accepted planes
29c7615460f943a36ca2b6e5474aad11,14,insufficient_data,ValueError,detect_planes returned zero accepted planes
29c7615460f943a36ca2b6e5474aad11,26,insufficient_data,ValueError,detect_planes returned zero accepted planes
2a89a00cd90ca5b844b1f4461f7a073f,1,insufficient_data,ValueError,detect_planes returned zero accepted planes
2a89a00cd90ca5b844b1f4461f7a073f,6,insufficient_data,ValueError,detect_planes returned zero accepted planes
2a89a00cd90ca5b844b1f4461f7a073f,14,insufficient_data,ValueError,detect_planes returned zero accepted planes
2a89a00cd90ca5b844b1f4461f7a073f,26,insufficient_data,ValueError,detect_planes returned zero accepted planes
2a9fe1253f9433d1a2651abaf391628e,1,insufficient_data,ValueError,detect_planes returned zero accepted planes
2a9fe1253f9433d1a2651abaf391628e,6,insufficient_data,ValueError,detect_planes returned zero accepted planes
2a9fe1253f9433d1a2651abaf391628e,14,insufficient_data,ValueError,detect_planes returned zero accepted planes
2a9fe1253f9433d1a2651abaf391628e,26,insufficient_data,ValueError,detect_planes returned zero accepted planes
2aaf5fe631a855b4de9ff1d2442cc6d1,1,insufficient_data,ValueError,detect_planes returned zero accepted planes
2aaf5fe631a855b4de9ff1d2442cc6d1,6,insufficient_data,ValueError,detect_planes returned zero accepted planes
2aaf5fe631a855b4de9ff1d2442cc6d1,14,insufficient_data,ValueError,detect_planes returned zero accepted planes
2aaf5fe631a855b4de9ff1d2442cc6d1,26,insufficient_data,ValueError,detect_planes returned zero accepted planes
2ab4f9bbdc17d9cd618e9d35559b7aa,1,insufficient_data,ValueError,detect_planes returned zero accepted planes
2ab4f9bbdc17d9cd618e9d35559b7aa,6,insufficient_data,ValueError,detect_planes returned zero accepted planes
2ab4f9bbdc17d9cd618e9d35559b7aa,14,insufficient_data,ValueError,detect_planes returned zero accepted planes
2ab4f9bbdc17d9cd618e9d35559b7aa,26,insufficient_data,ValueError,detect_planes returned zero accepted planes
2acae4f14a734f4972cf25af66dc82ce,1,insufficient_data,ValueError,detect_planes returned zero accepted planes
2acae4f14a734f4972cf25af66dc82ce,6,insufficient_data,ValueError,detect_planes returned zero accepted planes
2acae4f14a734f4972cf25af66dc82ce,14,insufficient_data,ValueError,detect_planes returned zero accepted planes
2acae4f14a734f4972cf25af66dc82ce,26,insufficient_data,ValueError,detect_planes returned zero accepted planes
2c08b5408a7ee4da98cfd47a860803c5,1,insufficient_data,ValueError,detect_planes returned zero accepted planes
2c08b5408a7ee4da98cfd47a860803c5,6,insufficient_data,ValueError,detect_planes returned zero accepted planes
2c08b5408a7ee4da98cfd47a860803c5,14,insufficient_data,ValueError,detect_planes returned zero accepted planes
2c08b5408a7ee4da98cfd47a860803c5,26,insufficient_data,ValueError,detect_planes returned zero accepted planes
2c62b19b80a63f443321831d2245cf06,1,insufficient_data,ValueError,detect_planes returned zero accepted planes
2c62b19b80a63f443321831d2245cf06,6,insufficient_data,ValueError,detect_planes returned zero accepted planes
2c62b19b80a63f443321831d2245cf06,14,insufficient_data,ValueError,detect_planes returned zero accepted planes
2c62b19b80a63f443321831d2245cf06,26,insufficient_data,ValueError,detect_planes returned zero accepted planes
2c76c171562f6bdfd4d8765e3910f617,1,insufficient_data,ValueError,detect_planes returned zero accepted planes
2c76c171562f6bdfd4d8765e3910f617,6,insufficient_data,ValueError,detect_planes returned zero accepted planes
2c76c171562f6bdfd4d8765e3910f617,14,insufficient_data,ValueError,detect_planes returned zero accepted planes
2c76c171562f6bdfd4d8765e3910f617,26,insufficient_data,ValueError,detect_planes returned zero accepted planes
2cb165856db926fd851591e44f18a8a5,1,insufficient_data,ValueError,detect_planes returned zero accepted planes
2cb165856db926fd851591e44f18a8a5,6,insufficient_data,ValueError,detect_planes returned zero accepted planes
2cb165856db926fd851591e44f18a8a5,14,insufficient_data,ValueError,detect_planes returned zero accepted planes
2cb165856db926fd851591e44f18a8a5,26,insufficient_data,ValueError,detect_planes returned zero accepted planes
2cd9593e8b7f0560d41e37baed87521d,1,insufficient_data,ValueError,detect_planes returned zero accepted planes
2cd9593e8b7f0560d41e37baed87521d,6,insufficient_data,ValueError,detect_planes returned zero accepted planes
2cd9593e8b7f0560d41e37baed87521d,14,insufficient_data,ValueError,detect_planes returned zero accepted planes
2cd9593e8b7f0560d41e37baed87521d,26,insufficient_data,ValueError,detect_planes returned zero accepted planes
2e28fe9594c48874a6eb1dae0394cf12,1,insufficient_data,ValueError,detect_planes returned zero accepted planes
2e28fe9594c48874a6eb1dae0394cf12,6,insufficient_data,ValueError,detect_planes returned zero accepted planes
2e28fe9594c48874a6eb1dae0394cf12,14,insufficient_data,ValueError,detect_planes returned zero accepted planes
2e28fe9594c48874a6eb1dae0394cf12,26,insufficient_data,ValueError,detect_planes returned zero accepted planes
2e38fe7e4cd74bec76e9713f57a5fcb6,1,insufficient_data,ValueError,detect_planes returned zero accepted planes
2e38fe7e4cd74bec76e9713f57a5fcb6,6,insufficient_data,ValueError,detect_planes returned zero accepted planes
2e38fe7e4cd74bec76e9713f57a5fcb6,14,insufficient_data,ValueError,detect_planes returned zero accepted planes
2e38fe7e4cd74bec76e9713f57a5fcb6,26,insufficient_data,ValueError,detect_planes returned zero accepted planes
2e78dad09566bdcecb2a965e75be701c,1,insufficient_data,ValueError,detect_planes returned zero accepted planes
2e78dad09566bdcecb2a965e75be701c,6,insufficient_data,ValueError,detect_planes returned zero accepted planes
2e78dad09566bdcecb2a965e75be701c,14,insufficient_data,ValueError,detect_planes returned zero accepted planes
2e78dad09566bdcecb2a965e75be701c,26,insufficient_data,ValueError,detect_planes returned zero accepted planes
2e86a7793af11e422d32966c67e5becf,1,insufficient_data,ValueError,detect_planes returned zero accepted planes
2e86a7793af11e422d32966c67e5becf,6,insufficient_data,ValueError,detect_planes returned zero accepted planes
2e86a7793af11e422d32966c67e5becf,14,insufficient_data,ValueError,detect_planes returned zero accepted planes
2e86a7793af11e422d32966c67e5becf,26,insufficient_data,ValueError,detect_planes returned zero accepted planes
2eacd8302d46093ee138e561e8f9c254,1,insufficient_data,ValueError,detect_planes returned zero accepted planes
2eacd8302d46093ee138e561e8f9c254,6,insufficient_data,ValueError,detect_planes returned zero accepted planes
2eacd8302d46093ee138e561e8f9c254,14,insufficient_data,ValueError,detect_planes returned zero accepted planes
2eacd8302d46093ee138e561e8f9c254,26,insufficient_data,ValueError,detect_planes returned zero accepted planes
2eb7069d227393558ea0068b966c5177,1,insufficient_data,ValueError,detect_planes returned zero accepted planes
2eb7069d227393558ea0068b966c5177,6,insufficient_data,ValueError,detect_planes returned zero accepted planes
2eb7069d227393558ea0068b966c5177,14,insufficient_data,ValueError,detect_planes returned zero accepted planes
2eb7069d227393558ea0068b966c5177,26,insufficient_data,ValueError,detect_planes returned zero accepted planes
2eea9c22b37967006e40121acd58a004,1,insufficient_data,ValueError,detect_planes returned zero accepted planes
2eea9c22b37967006e40121acd58a004,6,insufficient_data,ValueError,detect_planes returned zero accepted planes
2eea9c22b37967006e40121acd58a004,14,insufficient_data,ValueError,detect_planes returned zero accepted planes
2eea9c22b37967006e40121acd58a004,26,insufficient_data,ValueError,detect_planes returned zero accepted planes
2efb3ad49fa103b1cc786970133d7717,1,insufficient_data,ValueError,detect_planes returned zero accepted planes
2efb3ad49fa103b1cc786970133d7717,6,insufficient_data,ValueError,detect_planes returned zero accepted planes
2efb3ad49fa103b1cc786970133d7717,14,insufficient_data,ValueError,detect_planes returned zero accepted planes
2efb3ad49fa103b1cc786970133d7717,26,insufficient_data,ValueError,detect_planes returned zero accepted planes
2f6da348147cad9c3321831d2245cf06,1,insufficient_data,ValueError,detect_planes returned zero accepted planes
2f6da348147cad9c3321831d2245cf06,6,insufficient_data,ValueError,detect_planes returned zero accepted planes
2f6da348147cad9c3321831d2245cf06,14,insufficient_data,ValueError,detect_planes returned zero accepted planes
2f6da348147cad9c3321831d2245cf06,26,insufficient_data,ValueError,detect_planes returned zero accepted planes
303555f1c5f4cb0a1082f2ea630bf69e,1,insufficient_data,ValueError,detect_planes returned zero accepted planes
303555f1c5f4cb0a1082f2ea630bf69e,6,insufficient_data,ValueError,detect_planes returned zero accepted planes
303555f1c5f4cb0a1082f2ea630bf69e,14,insufficient_data,ValueError,detect_planes returned zero accepted planes
303555f1c5f4cb0a1082f2ea630bf69e,26,insufficient_data,ValueError,detect_planes returned zero accepted planes
304d18039eb8f78cb362fb9a75ddde8e,1,insufficient_data,ValueError,detect_planes returned zero accepted planes
304d18039eb8f78cb362fb9a75ddde8e,6,insufficient_data,ValueError,detect_planes returned zero accepted planes
304d18039eb8f78cb362fb9a75ddde8e,14,insufficient_data,ValueError,detect_planes returned zero accepted planes
304d18039eb8f78cb362fb9a75ddde8e,26,insufficient_data,ValueError,detect_planes returned zero accepted planes
311a3ef41603f86c3f51596dfebf9893,1,insufficient_data,ValueError,detect_planes returned zero accepted planes
311a3ef41603f86c3f51596dfebf9893,6,insufficient_data,ValueError,detect_planes returned zero accepted planes
311a3ef41603f86c3f51596dfebf9893,14,insufficient_data,ValueError,detect_planes returned zero accepted planes
311a3ef41603f86c3f51596dfebf9893,26,insufficient_data,ValueError,detect_planes returned zero accepted planes
31227f3fc286c00714c06184923f6962,1,insufficient_data,ValueError,detect_planes returned zero accepted planes
31227f3fc286c00714c06184923f6962,6,insufficient_data,ValueError,detect_planes returned zero accepted planes
31227f3fc286c00714c06184923f6962,14,insufficient_data,ValueError,detect_planes returned zero accepted planes
31227f3fc286c00714c06184923f6962,26,insufficient_data,ValueError,detect_planes returned zero accepted planes
321f8b85785f082685e443e0ea51d93,1,insufficient_data,ValueError,detect_planes returned zero accepted planes
321f8b85785f082685e443e0ea51d93,6,insufficient_data,ValueError,detect_planes returned zero accepted planes
321f8b85785f082685e443e0ea51d93,14,insufficient_data,ValueError,detect_planes returned zero accepted planes
321f8b85785f082685e443e0ea51d93,26,insufficient_data,ValueError,detect_planes returned zero accepted planes
32a9329c11b5c35d4b3c42e318f3affc,1,insufficient_data,ValueError,detect_planes returned zero accepted planes
32a9329c11b5c35d4b3c42e318f3affc,6,insufficient_data,ValueError,detect_planes returned zero accepted planes
32a9329c11b5c35d4b3c42e318f3affc,14,insufficient_data,ValueError,detect_planes returned zero accepted planes
32a9329c11b5c35d4b3c42e318f3affc,26,insufficient_data,ValueError,detect_planes returned zero accepted planes
33ec57af7f648994da5feafe6f1c8fc,1,insufficient_data,ValueError,detect_planes returned zero accepted planes
33ec57af7f648994da5feafe6f1c8fc,6,insufficient_data,ValueError,detect_planes returned zero accepted planes
33ec57af7f648994da5feafe6f1c8fc,14,insufficient_data,ValueError,detect_planes returned zero accepted planes
33ec57af7f648994da5feafe6f1c8fc,26,insufficient_data,ValueError,detect_planes returned zero accepted planes
35462b6ea0597bf555e8ddeaf1791474,1,insufficient_data,ValueError,detect_planes returned zero accepted planes
35462b6ea0597bf555e8ddeaf1791474,6,insufficient_data,ValueError,detect_planes returned zero accepted planes
35462b6ea0597bf555e8ddeaf1791474,14,insufficient_data,ValueError,detect_planes returned zero accepted planes
35462b6ea0597bf555e8ddeaf1791474,26,insufficient_data,ValueError,detect_planes returned zero accepted planes
35617fd7ece26150ffc6e457221b9271,1,insufficient_data,ValueError,detect_planes returned zero accepted planes
35617fd7ece26150ffc6e457221b9271,6,insufficient_data,ValueError,detect_planes returned zero accepted planes
35617fd7ece26150ffc6e457221b9271,14,insufficient_data,ValueError,detect_planes returned zero accepted planes
35617fd7ece26150ffc6e457221b9271,26,insufficient_data,ValueError,detect_planes returned zero accepted planes
359b6d3d29b08dfe19fb4103277a6b93,1,insufficient_data,ValueError,detect_planes returned zero accepted planes
359b6d3d29b08dfe19fb4103277a6b93,6,insufficient_data,ValueError,detect_planes returned zero accepted planes
359b6d3d29b08dfe19fb4103277a6b93,14,insufficient_data,ValueError,detect_planes returned zero accepted planes
359b6d3d29b08dfe19fb4103277a6b93,26,insufficient_data,ValueError,detect_planes returned zero accepted planes
37325d57c8ea891ad77ea5e1afa5bfe6,1,insufficient_data,ValueError,detect_planes returned zero accepted planes
37325d57c8ea891ad77ea5e1afa5bfe6,6,insufficient_data,ValueError,detect_planes returned zero accepted planes
37325d57c8ea891ad77ea5e1afa5bfe6,14,insufficient_data,ValueError,detect_planes returned zero accepted planes
37325d57c8ea891ad77ea5e1afa5bfe6,26,insufficient_data,ValueError,detect_planes returned zero accepted planes
373ae08d8903dc10ba929f7d2edd1706,1,insufficient_data,ValueError,detect_planes returned zero accepted planes
373ae08d8903dc10ba929f7d2edd1706,6,insufficient_data,ValueError,detect_planes returned zero accepted planes
373ae08d8903dc10ba929f7d2edd1706,14,insufficient_data,ValueError,detect_planes returned zero accepted planes
373ae08d8903dc10ba929f7d2edd1706,26,insufficient_data,ValueError,detect_planes returned zero accepted planes
3761d6523fb9d7a73f7e27638e63d848,1,insufficient_data,ValueError,detect_planes returned zero accepted planes
3761d6523fb9d7a73f7e27638e63d848,6,insufficient_data,ValueError,detect_planes returned zero accepted planes
3761d6523fb9d7a73f7e27638e63d848,14,insufficient_data,ValueError,detect_planes returned zero accepted planes
3761d6523fb9d7a73f7e27638e63d848,26,insufficient_data,ValueError,detect_planes returned zero accepted planes
382b1b947fba964dc1def5c6acc12bbc,1,insufficient_data,ValueError,detect_planes returned zero accepted planes
382b1b947fba964dc1def5c6acc12bbc,6,insufficient_data,ValueError,detect_planes returned zero accepted planes
382b1b947fba964dc1def5c6acc12bbc,14,insufficient_data,ValueError,detect_planes returned zero accepted planes
382b1b947fba964dc1def5c6acc12bbc,26,insufficient_data,ValueError,detect_planes returned zero accepted planes
382b6f8e93e1f576149dc0f3c5ce899e,1,insufficient_data,ValueError,detect_planes returned zero accepted planes
382b6f8e93e1f576149dc0f3c5ce899e,6,insufficient_data,ValueError,detect_planes returned zero accepted planes
382b6f8e93e1f576149dc0f3c5ce899e,14,insufficient_data,ValueError,detect_planes returned zero accepted planes
382b6f8e93e1f576149dc0f3c5ce899e,26,insufficient_data,ValueError,detect_planes returned zero accepted planes
388d83f25e045007efe85e37dd46e84a,1,insufficient_data,ValueError,detect_planes returned zero accepted planes
388d83f25e045007efe85e37dd46e84a,6,insufficient_data,ValueError,detect_planes returned zero accepted planes
388d83f25e045007efe85e37dd46e84a,14,insufficient_data,ValueError,detect_planes returned zero accepted planes
388d83f25e045007efe85e37dd46e84a,26,insufficient_data,ValueError,detect_planes returned zero accepted planes
3891210a28be585fb9ac96152ab66583,1,insufficient_data,ValueError,detect_planes returned zero accepted planes
3891210a28be585fb9ac96152ab66583,6,insufficient_data,ValueError,detect_planes returned zero accepted planes
3891210a28be585fb9ac96152ab66583,14,insufficient_data,ValueError,detect_planes returned zero accepted planes
3891210a28be585fb9ac96152ab66583,26,insufficient_data,ValueError,detect_planes returned zero accepted planes
38e8a36cdd879fd2d6f2f8f659863647,1,insufficient_data,ValueError,detect_planes returned zero accepted planes
38e8a36cdd879fd2d6f2f8f659863647,6,insufficient_data,ValueError,detect_planes returned zero accepted planes
38e8a36cdd879fd2d6f2f8f659863647,14,insufficient_data,ValueError,detect_planes returned zero accepted planes
38e8a36cdd879fd2d6f2f8f659863647,26,insufficient_data,ValueError,detect_planes returned zero accepted planes
393ca71bd734f3071082f2ea630bf69e,1,insufficient_data,ValueError,detect_planes returned zero accepted planes
393ca71bd734f3071082f2ea630bf69e,6,insufficient_data,ValueError,detect_planes returned zero accepted planes
393ca71bd734f3071082f2ea630bf69e,14,insufficient_data,ValueError,detect_planes returned zero accepted planes
393ca71bd734f3071082f2ea630bf69e,26,insufficient_data,ValueError,detect_planes returned zero accepted planes
39419e462f08dcbdc98cccf0d0f53d7,1,insufficient_data,ValueError,detect_planes returned zero accepted planes
39419e462f08dcbdc98cccf0d0f53d7,6,insufficient_data,ValueError,detect_planes returned zero accepted planes
39419e462f08dcbdc98cccf0d0f53d7,14,insufficient_data,ValueError,detect_planes returned zero accepted planes
39419e462f08dcbdc98cccf0d0f53d7,26,insufficient_data,ValueError,detect_planes returned zero accepted planes
39904b25a6d2f13ed4d8765e3910f617,1,insufficient_data,ValueError,detect_planes returned zero accepted planes
39904b25a6d2f13ed4d8765e3910f617,6,insufficient_data,ValueError,detect_planes returned zero accepted planes
39904b25a6d2f13ed4d8765e3910f617,14,insufficient_data,ValueError,detect_planes returned zero accepted planes
39904b25a6d2f13ed4d8765e3910f617,26,insufficient_data,ValueError,detect_planes returned zero accepted planes
39b51f3a6e8447c3c8a1a154de62786,1,insufficient_data,ValueError,detect_planes returned zero accepted planes
39b51f3a6e8447c3c8a1a154de62786,6,insufficient_data,ValueError,detect_planes returned zero accepted planes
39b51f3a6e8447c3c8a1a154de62786,14,insufficient_data,ValueError,detect_planes returned zero accepted planes
39b51f3a6e8447c3c8a1a154de62786,26,insufficient_data,ValueError,detect_planes returned zero accepted planes
3a1915451880215e9bfbe8b02639d1e9,1,insufficient_data,ValueError,detect_planes returned zero accepted planes
3a1915451880215e9bfbe8b02639d1e9,6,insufficient_data,ValueError,detect_planes returned zero accepted planes
3a1915451880215e9bfbe8b02639d1e9,14,insufficient_data,ValueError,detect_planes returned zero accepted planes
3a1915451880215e9bfbe8b02639d1e9,26,insufficient_data,ValueError,detect_planes returned zero accepted planes
3a910cc1f575b08339d3717288022c20,1,insufficient_data,ValueError,detect_planes returned zero accepted planes
3a910cc1f575b08339d3717288022c20,6,insufficient_data,ValueError,detect_planes returned zero accepted planes
3a910cc1f575b08339d3717288022c20,14,insufficient_data,ValueError,detect_planes returned zero accepted planes
3a910cc1f575b08339d3717288022c20,26,insufficient_data,ValueError,detect_planes returned zero accepted planes
3a93bccaa0b3161afca6ee915b120ce0,1,insufficient_data,ValueError,detect_planes returned zero accepted planes
3a93bccaa0b3161afca6ee915b120ce0,6,insufficient_data,ValueError,detect_planes returned zero accepted planes
3a93bccaa0b3161afca6ee915b120ce0,14,insufficient_data,ValueError,detect_planes returned zero accepted planes
3a93bccaa0b3161afca6ee915b120ce0,26,insufficient_data,ValueError,detect_planes returned zero accepted planes
3aa8876d86cf481d3fd2d4d929afab9,1,insufficient_data,ValueError,detect_planes returned zero accepted planes
3aa8876d86cf481d3fd2d4d929afab9,6,insufficient_data,ValueError,detect_planes returned zero accepted planes
3aa8876d86cf481d3fd2d4d929afab9,14,insufficient_data,ValueError,detect_planes returned zero accepted planes
3aa8876d86cf481d3fd2d4d929afab9,26,insufficient_data,ValueError,detect_planes returned zero accepted planes
3b2bddb0e8ff57c85831a0624cf5a945,1,insufficient_data,ValueError,detect_planes returned zero accepted planes
3b2bddb0e8ff57c85831a0624cf5a945,6,insufficient_data,ValueError,detect_planes returned zero accepted planes
3b2bddb0e8ff57c85831a0624cf5a945,14,insufficient_data,ValueError,detect_planes returned zero accepted planes
3b2bddb0e8ff57c85831a0624cf5a945,26,insufficient_data,ValueError,detect_planes returned zero accepted planes
3c1f9b42e848c740c59350d819542ec7,1,insufficient_data,ValueError,detect_planes returned zero accepted planes
3c1f9b42e848c740c59350d819542ec7,6,insufficient_data,ValueError,detect_planes returned zero accepted planes
3c1f9b42e848c740c59350d819542ec7,14,insufficient_data,ValueError,detect_planes returned zero accepted planes
3c1f9b42e848c740c59350d819542ec7,26,insufficient_data,ValueError,detect_planes returned zero accepted planes
3c2a50e5907b0fb64da5feafe6f1c8fc,1,insufficient_data,ValueError,detect_planes returned zero accepted planes
3c2a50e5907b0fb64da5feafe6f1c8fc,6,insufficient_data,ValueError,detect_planes returned zero accepted planes
3c2a50e5907b0fb64da5feafe6f1c8fc,14,insufficient_data,ValueError,detect_planes returned zero accepted planes
3c2a50e5907b0fb64da5feafe6f1c8fc,26,insufficient_data,ValueError,detect_planes returned zero accepted planes
3c45d466c7e1c27367aa983983f9bf36,1,insufficient_data,ValueError,detect_planes returned zero accepted planes
3c45d466c7e1c27367aa983983f9bf36,6,insufficient_data,ValueError,detect_planes returned zero accepted planes
3c45d466c7e1c27367aa983983f9bf36,14,insufficient_data,ValueError,detect_planes returned zero accepted planes
3c45d466c7e1c27367aa983983f9bf36,26,insufficient_data,ValueError,detect_planes returned zero accepted planes
3c855f2a52d5e3f63c8d0fdfb1cc2535,1,insufficient_data,ValueError,detect_planes returned zero accepted planes
3c855f2a52d5e3f63c8d0fdfb1cc2535,6,insufficient_data,ValueError,detect_planes returned zero accepted planes
3c855f2a52d5e3f63c8d0fdfb1cc2535,14,insufficient_data,ValueError,detect_planes returned zero accepted planes
3c855f2a52d5e3f63c8d0fdfb1cc2535,26,insufficient_data,ValueError,detect_planes returned zero accepted planes
3ceaeac7f8a243babd4bf7024dfa167d,1,insufficient_data,ValueError,detect_planes returned zero accepted planes
3ceaeac7f8a243babd4bf7024dfa167d,6,insufficient_data,ValueError,detect_planes returned zero accepted planes
3ceaeac7f8a243babd4bf7024dfa167d,14,insufficient_data,ValueError,detect_planes returned zero accepted planes
3ceaeac7f8a243babd4bf7024dfa167d,26,insufficient_data,ValueError,detect_planes returned zero accepted planes
3d0e93c7aeb06cfccb349a60fd15aa15,1,insufficient_data,ValueError,detect_planes returned zero accepted planes
3d0e93c7aeb06cfccb349a60fd15aa15,6,insufficient_data,ValueError,detect_planes returned zero accepted planes
3d0e93c7aeb06cfccb349a60fd15aa15,14,insufficient_data,ValueError,detect_planes returned zero accepted planes
3d0e93c7aeb06cfccb349a60fd15aa15,26,insufficient_data,ValueError,detect_planes returned zero accepted planes
3dac0fd995c747ab336e8bf2357c029a,1,insufficient_data,ValueError,detect_planes returned zero accepted planes
3dac0fd995c747ab336e8bf2357c029a,6,insufficient_data,ValueError,detect_planes returned zero accepted planes
3dac0fd995c747ab336e8bf2357c029a,14,insufficient_data,ValueError,detect_planes returned zero accepted planes
3dac0fd995c747ab336e8bf2357c029a,26,insufficient_data,ValueError,detect_planes returned zero accepted planes
3dccc5e096aa99e4fe2ecb70903654e9,1,insufficient_data,ValueError,detect_planes returned zero accepted planes
3dccc5e096aa99e4fe2ecb70903654e9,6,insufficient_data,ValueError,detect_planes returned zero accepted planes
3dccc5e096aa99e4fe2ecb70903654e9,14,insufficient_data,ValueError,detect_planes returned zero accepted planes
3dccc5e096aa99e4fe2ecb70903654e9,26,insufficient_data,ValueError,detect_planes returned zero accepted planes
3dd8c11bc608441f1b17743c18fb63dc,1,insufficient_data,ValueError,detect_planes returned zero accepted planes
3dd8c11bc608441f1b17743c18fb63dc,6,insufficient_data,ValueError,detect_planes returned zero accepted planes
3dd8c11bc608441f1b17743c18fb63dc,14,insufficient_data,ValueError,detect_planes returned zero accepted planes
3dd8c11bc608441f1b17743c18fb63dc,26,insufficient_data,ValueError,detect_planes returned zero accepted planes
3de49fd2e80f8c95c97cfc3e8a6b1d16,1,insufficient_data,ValueError,detect_planes returned zero accepted planes
3de49fd2e80f8c95c97cfc3e8a6b1d16,6,insufficient_data,ValueError,detect_planes returned zero accepted planes
3de49fd2e80f8c95c97cfc3e8a6b1d16,14,insufficient_data,ValueError,detect_planes returned zero accepted planes
3de49fd2e80f8c95c97cfc3e8a6b1d16,26,insufficient_data,ValueError,detect_planes returned zero accepted planes
3e2a452e802b178eb72f1eb118b6fbc3,1,insufficient_data,ValueError,detect_planes returned zero accepted planes
3e2a452e802b178eb72f1eb118b6fbc3,6,insufficient_data,ValueError,detect_planes returned zero accepted planes
3e2a452e802b178eb72f1eb118b6fbc3,14,insufficient_data,ValueError,detect_planes returned zero accepted planes
3e2a452e802b178eb72f1eb118b6fbc3,26,insufficient_data,ValueError,detect_planes returned zero accepted planes
3e2a8aab3ad459e5f446f92b52bbd82a,1,insufficient_data,ValueError,detect_planes returned zero accepted planes
3e2a8aab3ad459e5f446f92b52bbd82a,6,insufficient_data,ValueError,detect_planes returned zero accepted planes
3e2a8aab3ad459e5f446f92b52bbd82a,14,insufficient_data,ValueError,detect_planes returned zero accepted planes
3e2a8aab3ad459e5f446f92b52bbd82a,26,insufficient_data,ValueError,detect_planes returned zero accepted planes
3e8165c41c526ea45eb64c1003065596,1,insufficient_data,ValueError,detect_planes returned zero accepted planes
3e8165c41c526ea45eb64c1003065596,6,insufficient_data,ValueError,detect_planes returned zero accepted planes
3e8165c41c526ea45eb64c1003065596,14,insufficient_data,ValueError,detect_planes returned zero accepted planes
3e8165c41c526ea45eb64c1003065596,26,insufficient_data,ValueError,detect_planes returned zero accepted planes
3f058be47b5d4cf353c1d159a8a8422,1,insufficient_data,ValueError,detect_planes returned zero accepted planes
3f058be47b5d4cf353c1d159a8a8422,6,insufficient_data,ValueError,detect_planes returned zero accepted planes
3f058be47b5d4cf353c1d159a8a8422,14,insufficient_data,ValueError,detect_planes returned zero accepted planes
3f058be47b5d4cf353c1d159a8a8422,26,insufficient_data,ValueError,detect_planes returned zero accepted planes
3f287ca94b719bec282708d01f090528,1,insufficient_data,ValueError,detect_planes returned zero accepted planes
3f287ca94b719bec282708d01f090528,6,insufficient_data,ValueError,detect_planes returned zero accepted planes
3f287ca94b719bec282708d01f090528,14,insufficient_data,ValueError,detect_planes returned zero accepted planes
3f287ca94b719bec282708d01f090528,26,insufficient_data,ValueError,detect_planes returned zero accepted planes
3fc831f0c69c981048d189f942cedc62,1,insufficient_data,ValueError,detect_planes returned zero accepted planes
3fc831f0c69c981048d189f942cedc62,6,insufficient_data,ValueError,detect_planes returned zero accepted planes
3fc831f0c69c981048d189f942cedc62,14,insufficient_data,ValueError,detect_planes returned zero accepted planes
3fc831f0c69c981048d189f942cedc62,26,insufficient_data,ValueError,detect_planes returned zero accepted planes
40169512586f3b6f77964cc933a9a0ba,1,insufficient_data,ValueError,detect_planes returned zero accepted planes
40169512586f3b6f77964cc933a9a0ba,6,insufficient_data,ValueError,detect_planes returned zero accepted planes
40169512586f3b6f77964cc933a9a0ba,14,insufficient_data,ValueError,detect_planes returned zero accepted planes
40169512586f3b6f77964cc933a9a0ba,26,insufficient_data,ValueError,detect_planes returned zero accepted planes
40279f85fc80e16edccc47bf0dcf5d3,1,insufficient_data,ValueError,detect_planes returned zero accepted planes
40279f85fc80e16edccc47bf0dcf5d3,6,insufficient_data,ValueError,detect_planes returned zero accepted planes
40279f85fc80e16edccc47bf0dcf5d3,14,insufficient_data,ValueError,detect_planes returned zero accepted planes
40279f85fc80e16edccc47bf0dcf5d3,26,insufficient_data,ValueError,detect_planes returned zero accepted planes
40b48121d1879be2ee0605a41c3320d6,1,insufficient_data,ValueError,detect_planes returned zero accepted planes
40b48121d1879be2ee0605a41c3320d6,6,insufficient_data,ValueError,detect_planes returned zero accepted planes
40b48121d1879be2ee0605a41c3320d6,14,insufficient_data,ValueError,detect_planes returned zero accepted planes
40b48121d1879be2ee0605a41c3320d6,26,insufficient_data,ValueError,detect_planes returned zero accepted planes
413f8963de404dd6c3c1160502619061,1,insufficient_data,ValueError,detect_planes returned zero accepted planes
413f8963de404dd6c3c1160502619061,6,insufficient_data,ValueError,detect_planes returned zero accepted planes
413f8963de404dd6c3c1160502619061,14,insufficient_data,ValueError,detect_planes returned zero accepted planes
413f8963de404dd6c3c1160502619061,26,insufficient_data,ValueError,detect_planes returned zero accepted planes
41a74616fe8dab5f88b61e9125676b2,1,insufficient_data,ValueError,detect_planes returned zero accepted planes
41a74616fe8dab5f88b61e9125676b2,6,insufficient_data,ValueError,detect_planes returned zero accepted planes
41a74616fe8dab5f88b61e9125676b2,14,insufficient_data,ValueError,detect_planes returned zero accepted planes
41a74616fe8dab5f88b61e9125676b2,26,insufficient_data,ValueError,detect_planes returned zero accepted planes
41da6df6f2a4e48b5e4e23ed78187234,1,insufficient_data,ValueError,detect_planes returned zero accepted planes
41da6df6f2a4e48b5e4e23ed78187234,6,insufficient_data,ValueError,detect_planes returned zero accepted planes
41da6df6f2a4e48b5e4e23ed78187234,14,insufficient_data,ValueError,detect_planes returned zero accepted planes
41da6df6f2a4e48b5e4e23ed78187234,26,insufficient_data,ValueError,detect_planes returned zero accepted planes
41f9be4d80af2c709c12d6260da9ac2b,1,insufficient_data,ValueError,detect_planes returned zero accepted planes
41f9be4d80af2c709c12d6260da9ac2b,6,insufficient_data,ValueError,detect_planes returned zero accepted planes
41f9be4d80af2c709c12d6260da9ac2b,14,insufficient_data,ValueError,detect_planes returned zero accepted planes
41f9be4d80af2c709c12d6260da9ac2b,26,insufficient_data,ValueError,detect_planes returned zero accepted planes
423d14787208578580ff80bf789cd,1,insufficient_data,ValueError,detect_planes returned zero accepted planes
423d14787208578580ff80bf789cd,6,insufficient_data,ValueError,detect_planes returned zero accepted planes
423d14787208578580ff80bf789cd,14,insufficient_data,ValueError,detect_planes returned zero accepted planes
423d14787208578580ff80bf789cd,26,insufficient_data,ValueError,detect_planes returned zero accepted planes
424d411c37fd30384f224d639c7b7c72,1,insufficient_data,ValueError,detect_planes returned zero accepted planes
424d411c37fd30384f224d639c7b7c72,6,insufficient_data,ValueError,detect_planes returned zero accepted planes
424d411c37fd30384f224d639c7b7c72,14,insufficient_data,ValueError,detect_planes returned zero accepted planes
424d411c37fd30384f224d639c7b7c72,26,insufficient_data,ValueError,detect_planes returned zero accepted planes
42fa87cd27edca9efcb8d8c6d4df8143,1,insufficient_data,ValueError,detect_planes returned zero accepted planes
42fa87cd27edca9efcb8d8c6d4df8143,6,insufficient_data,ValueError,detect_planes returned zero accepted planes
42fa87cd27edca9efcb8d8c6d4df8143,14,insufficient_data,ValueError,detect_planes returned zero accepted planes
42fa87cd27edca9efcb8d8c6d4df8143,26,insufficient_data,ValueError,detect_planes returned zero accepted planes
437d1c161da1b9fc57e4c0b864012bb5,1,insufficient_data,ValueError,detect_planes returned zero accepted planes
437d1c161da1b9fc57e4c0b864012bb5,6,insufficient_data,ValueError,detect_planes returned zero accepted planes
437d1c161da1b9fc57e4c0b864012bb5,14,insufficient_data,ValueError,detect_planes returned zero accepted planes
437d1c161da1b9fc57e4c0b864012bb5,26,insufficient_data,ValueError,detect_planes returned zero accepted planes
438b2dcdbd25a93dea65c47b660136e7,1,insufficient_data,ValueError,detect_planes returned zero accepted planes
438b2dcdbd25a93dea65c47b660136e7,6,insufficient_data,ValueError,detect_planes returned zero accepted planes
438b2dcdbd25a93dea65c47b660136e7,14,insufficient_data,ValueError,detect_planes returned zero accepted planes
438b2dcdbd25a93dea65c47b660136e7,26,insufficient_data,ValueError,detect_planes returned zero accepted planes
43d4e6583cef197aafeed2d6e5e28a9f,1,insufficient_data,ValueError,detect_planes returned zero accepted planes
43d4e6583cef197aafeed2d6e5e28a9f,6,insufficient_data,ValueError,detect_planes returned zero accepted planes
43d4e6583cef197aafeed2d6e5e28a9f,14,insufficient_data,ValueError,detect_planes returned zero accepted planes
43d4e6583cef197aafeed2d6e5e28a9f,26,insufficient_data,ValueError,detect_planes returned zero accepted planes
43f762270b438fe618a36258eabc2b9c,1,insufficient_data,ValueError,detect_planes returned zero accepted planes
43f762270b438fe618a36258eabc2b9c,6,insufficient_data,ValueError,detect_planes returned zero accepted planes
43f762270b438fe618a36258eabc2b9c,14,insufficient_data,ValueError,detect_planes returned zero accepted planes
43f762270b438fe618a36258eabc2b9c,26,insufficient_data,ValueError,detect_planes returned zero accepted planes
4421883492edac988075e9c7f3d235af,1,insufficient_data,ValueError,detect_planes returned zero accepted planes
4421883492edac988075e9c7f3d235af,6,insufficient_data,ValueError,detect_planes returned zero accepted planes
4421883492edac988075e9c7f3d235af,14,insufficient_data,ValueError,detect_planes returned zero accepted planes
4421883492edac988075e9c7f3d235af,26,insufficient_data,ValueError,detect_planes returned zero accepted planes
44a50dc1a9d8a8a65144962e2c20b832,1,insufficient_data,ValueError,detect_planes returned zero accepted planes
44a50dc1a9d8a8a65144962e2c20b832,6,insufficient_data,ValueError,detect_planes returned zero accepted planes
44a50dc1a9d8a8a65144962e2c20b832,14,insufficient_data,ValueError,detect_planes returned zero accepted planes
44a50dc1a9d8a8a65144962e2c20b832,26,insufficient_data,ValueError,detect_planes returned zero accepted planes
45342795c9bf86d94b8710a3469971b1,1,insufficient_data,ValueError,detect_planes returned zero accepted planes
45342795c9bf86d94b8710a3469971b1,6,insufficient_data,ValueError,detect_planes returned zero accepted planes
45342795c9bf86d94b8710a3469971b1,14,insufficient_data,ValueError,detect_planes returned zero accepted planes
45342795c9bf86d94b8710a3469971b1,26,insufficient_data,ValueError,detect_planes returned zero accepted planes
45c91d543ef3c1a829a50a2b3c5e5b6,1,insufficient_data,ValueError,detect_planes returned zero accepted planes
45c91d543ef3c1a829a50a2b3c5e5b6,6,insufficient_data,ValueError,detect_planes returned zero accepted planes
45c91d543ef3c1a829a50a2b3c5e5b6,14,insufficient_data,ValueError,detect_planes returned zero accepted planes
45c91d543ef3c1a829a50a2b3c5e5b6,26,insufficient_data,ValueError,detect_planes returned zero accepted planes
461441f5606348f3d88a3e0e92891ad5,1,insufficient_data,ValueError,detect_planes returned zero accepted planes
461441f5606348f3d88a3e0e92891ad5,6,insufficient_data,ValueError,detect_planes returned zero accepted planes
461441f5606348f3d88a3e0e92891ad5,14,insufficient_data,ValueError,detect_planes returned zero accepted planes
461441f5606348f3d88a3e0e92891ad5,26,insufficient_data,ValueError,detect_planes returned zero accepted planes
464e34455b49aa5c824080f516909671,1,insufficient_data,ValueError,detect_planes returned zero accepted planes
464e34455b49aa5c824080f516909671,6,insufficient_data,ValueError,detect_planes returned zero accepted planes
464e34455b49aa5c824080f516909671,14,insufficient_data,ValueError,detect_planes returned zero accepted planes
464e34455b49aa5c824080f516909671,26,insufficient_data,ValueError,detect_planes returned zero accepted planes
468a110ac6ede4507d11f9fcb943bcf5,1,insufficient_data,ValueError,detect_planes returned zero accepted planes
468a110ac6ede4507d11f9fcb943bcf5,6,insufficient_data,ValueError,detect_planes returned zero accepted planes
468a110ac6ede4507d11f9fcb943bcf5,14,insufficient_data,ValueError,detect_planes returned zero accepted planes
468a110ac6ede4507d11f9fcb943bcf5,26,insufficient_data,ValueError,detect_planes returned zero accepted planes
47c0481747741fa247367565b9fdaec5,1,insufficient_data,ValueError,detect_planes returned zero accepted planes
47c0481747741fa247367565b9fdaec5,6,insufficient_data,ValueError,detect_planes returned zero accepted planes
47c0481747741fa247367565b9fdaec5,14,insufficient_data,ValueError,detect_planes returned zero accepted planes
47c0481747741fa247367565b9fdaec5,26,insufficient_data,ValueError,detect_planes returned zero accepted planes
47c33af88f4926676213fd2f62884e62,1,insufficient_data,ValueError,detect_planes returned zero accepted planes
47c33af88f4926676213fd2f62884e62,6,insufficient_data,ValueError,detect_planes returned zero accepted planes
47c33af88f4926676213fd2f62884e62,14,insufficient_data,ValueError,detect_planes returned zero accepted planes
47c33af88f4926676213fd2f62884e62,26,insufficient_data,ValueError,detect_planes returned zero accepted planes
481f7a57a12517e0fe1b9fad6c90c7bf,1,insufficient_data,ValueError,detect_planes returned zero accepted planes
481f7a57a12517e0fe1b9fad6c90c7bf,6,insufficient_data,ValueError,detect_planes returned zero accepted planes
481f7a57a12517e0fe1b9fad6c90c7bf,14,insufficient_data,ValueError,detect_planes returned zero accepted planes
481f7a57a12517e0fe1b9fad6c90c7bf,26,insufficient_data,ValueError,detect_planes returned zero accepted planes
484a49065ab1430624256fd51423318f,1,insufficient_data,ValueError,detect_planes returned zero accepted planes
484a49065ab1430624256fd51423318f,6,insufficient_data,ValueError,detect_planes returned zero accepted planes
484a49065ab1430624256fd51423318f,14,insufficient_data,ValueError,detect_planes returned zero accepted planes
484a49065ab1430624256fd51423318f,26,insufficient_data,ValueError,detect_planes returned zero accepted planes
484f3660bf095e6f2b8a1a2aaa466160,1,insufficient_data,ValueError,detect_planes returned zero accepted planes
484f3660bf095e6f2b8a1a2aaa466160,6,insufficient_data,ValueError,detect_planes returned zero accepted planes
484f3660bf095e6f2b8a1a2aaa466160,14,insufficient_data,ValueError,detect_planes returned zero accepted planes
484f3660bf095e6f2b8a1a2aaa466160,26,insufficient_data,ValueError,detect_planes returned zero accepted planes
488b9ae283b800b282ec895e014b9eb3,1,insufficient_data,ValueError,detect_planes returned zero accepted planes
488b9ae283b800b282ec895e014b9eb3,6,insufficient_data,ValueError,detect_planes returned zero accepted planes
488b9ae283b800b282ec895e014b9eb3,14,insufficient_data,ValueError,detect_planes returned zero accepted planes
488b9ae283b800b282ec895e014b9eb3,26,insufficient_data,ValueError,detect_planes returned zero accepted planes
48ea3558db137e87ad5067eac75a07f7,1,insufficient_data,ValueError,detect_planes returned zero accepted planes
48ea3558db137e87ad5067eac75a07f7,6,insufficient_data,ValueError,detect_planes returned zero accepted planes
48ea3558db137e87ad5067eac75a07f7,14,insufficient_data,ValueError,detect_planes returned zero accepted planes
48ea3558db137e87ad5067eac75a07f7,26,insufficient_data,ValueError,detect_planes returned zero accepted planes
496f1d6cdd0a0aa247b74f4d1238a1fd,1,insufficient_data,ValueError,detect_planes returned zero accepted planes
496f1d6cdd0a0aa247b74f4d1238a1fd,6,insufficient_data,ValueError,detect_planes returned zero accepted planes
496f1d6cdd0a0aa247b74f4d1238a1fd,14,insufficient_data,ValueError,detect_planes returned zero accepted planes
496f1d6cdd0a0aa247b74f4d1238a1fd,26,insufficient_data,ValueError,detect_planes returned zero accepted planes
49ab2a5a9005eab9d2b12aa6a0f050b3,1,insufficient_data,ValueError,detect_planes returned zero accepted planes
49ab2a5a9005eab9d2b12aa6a0f050b3,6,insufficient_data,ValueError,detect_planes returned zero accepted planes
49ab2a5a9005eab9d2b12aa6a0f050b3,14,insufficient_data,ValueError,detect_planes returned zero accepted planes
49ab2a5a9005eab9d2b12aa6a0f050b3,26,insufficient_data,ValueError,detect_planes returned zero accepted planes
4a30aaec0e83f992c59350d819542ec7,1,insufficient_data,ValueError,detect_planes returned zero accepted planes
4a30aaec0e83f992c59350d819542ec7,6,insufficient_data,ValueError,detect_planes returned zero accepted planes
4a30aaec0e83f992c59350d819542ec7,14,insufficient_data,ValueError,detect_planes returned zero accepted planes
4a30aaec0e83f992c59350d819542ec7,26,insufficient_data,ValueError,detect_planes returned zero accepted planes
4b38f041ed60b99f7fe17e97940646fa,1,insufficient_data,ValueError,detect_planes returned zero accepted planes
4b38f041ed60b99f7fe17e97940646fa,6,insufficient_data,ValueError,detect_planes returned zero accepted planes
4b38f041ed60b99f7fe17e97940646fa,14,insufficient_data,ValueError,detect_planes returned zero accepted planes
4b38f041ed60b99f7fe17e97940646fa,26,insufficient_data,ValueError,detect_planes returned zero accepted planes
4b495cde98399a83d4d8765e3910f617,1,insufficient_data,ValueError,detect_planes returned zero accepted planes
4b495cde98399a83d4d8765e3910f617,6,insufficient_data,ValueError,detect_planes returned zero accepted planes
4b495cde98399a83d4d8765e3910f617,14,insufficient_data,ValueError,detect_planes returned zero accepted planes
4b495cde98399a83d4d8765e3910f617,26,insufficient_data,ValueError,detect_planes returned zero accepted planes
4bd1e17e8bfe8d5622309d9bc2301ff1,1,insufficient_data,ValueError,detect_planes returned zero accepted planes
4bd1e17e8bfe8d5622309d9bc2301ff1,6,insufficient_data,ValueError,detect_planes returned zero accepted planes
4bd1e17e8bfe8d5622309d9bc2301ff1,14,insufficient_data,ValueError,detect_planes returned zero accepted planes
4bd1e17e8bfe8d5622309d9bc2301ff1,26,insufficient_data,ValueError,detect_planes returned zero accepted planes
4c68319a9f02d3909807fae46dcfc049,1,insufficient_data,ValueError,detect_planes returned zero accepted planes
4c68319a9f02d3909807fae46dcfc049,6,insufficient_data,ValueError,detect_planes returned zero accepted planes
4c68319a9f02d3909807fae46dcfc049,14,insufficient_data,ValueError,detect_planes returned zero accepted planes
4c68319a9f02d3909807fae46dcfc049,26,insufficient_data,ValueError,detect_planes returned zero accepted planes
4d033564f0dcb412afac285245c66df0,1,insufficient_data,ValueError,detect_planes returned zero accepted planes
4d033564f0dcb412afac285245c66df0,6,insufficient_data,ValueError,detect_planes returned zero accepted planes
4d033564f0dcb412afac285245c66df0,14,insufficient_data,ValueError,detect_planes returned zero accepted planes
4d033564f0dcb412afac285245c66df0,26,insufficient_data,ValueError,detect_planes returned zero accepted planes
4d38a3e7f051446a9b5ae2fb66e1e25c,1,insufficient_data,ValueError,detect_planes returned zero accepted planes
4d38a3e7f051446a9b5ae2fb66e1e25c,6,insufficient_data,ValueError,detect_planes returned zero accepted planes
4d38a3e7f051446a9b5ae2fb66e1e25c,14,insufficient_data,ValueError,detect_planes returned zero accepted planes
4d38a3e7f051446a9b5ae2fb66e1e25c,26,insufficient_data,ValueError,detect_planes returned zero accepted planes
4d79731efe402b0d635469b95109803c,1,insufficient_data,ValueError,detect_planes returned zero accepted planes
4d79731efe402b0d635469b95109803c,6,insufficient_data,ValueError,detect_planes returned zero accepted planes
4d79731efe402b0d635469b95109803c,14,insufficient_data,ValueError,detect_planes returned zero accepted planes
4d79731efe402b0d635469b95109803c,26,insufficient_data,ValueError,detect_planes returned zero accepted planes
4dabd28be1615419546a56a24fdd418a,1,insufficient_data,ValueError,detect_planes returned zero accepted planes
4dabd28be1615419546a56a24fdd418a,6,insufficient_data,ValueError,detect_planes returned zero accepted planes
4dabd28be1615419546a56a24fdd418a,14,insufficient_data,ValueError,detect_planes returned zero accepted planes
4dabd28be1615419546a56a24fdd418a,26,insufficient_data,ValueError,detect_planes returned zero accepted planes
4e1fdafd569814c241cefd10ce5d6cc0,1,insufficient_data,ValueError,detect_planes returned zero accepted planes
4e1fdafd569814c241cefd10ce5d6cc0,6,insufficient_data,ValueError,detect_planes returned zero accepted planes
4e1fdafd569814c241cefd10ce5d6cc0,14,insufficient_data,ValueError,detect_planes returned zero accepted planes
4e1fdafd569814c241cefd10ce5d6cc0,26,insufficient_data,ValueError,detect_planes returned zero accepted planes
4e31ddf3828a40f3cd525309aaf63a44,1,insufficient_data,ValueError,detect_planes returned zero accepted planes
4e31ddf3828a40f3cd525309aaf63a44,6,insufficient_data,ValueError,detect_planes returned zero accepted planes
4e31ddf3828a40f3cd525309aaf63a44,14,insufficient_data,ValueError,detect_planes returned zero accepted planes
4e31ddf3828a40f3cd525309aaf63a44,26,insufficient_data,ValueError,detect_planes returned zero accepted planes
4e43690694133a65e5ef38e098c46afd,1,insufficient_data,ValueError,detect_planes returned zero accepted planes
4e43690694133a65e5ef38e098c46afd,6,insufficient_data,ValueError,detect_planes returned zero accepted planes
4e43690694133a65e5ef38e098c46afd,14,insufficient_data,ValueError,detect_planes returned zero accepted planes
4e43690694133a65e5ef38e098c46afd,26,insufficient_data,ValueError,detect_planes returned zero accepted planes
4e6313bce5ee3698909d4348e3fee2dd,1,insufficient_data,ValueError,detect_planes returned zero accepted planes
4e6313bce5ee3698909d4348e3fee2dd,6,insufficient_data,ValueError,detect_planes returned zero accepted planes
4e6313bce5ee3698909d4348e3fee2dd,14,insufficient_data,ValueError,detect_planes returned zero accepted planes
4e6313bce5ee3698909d4348e3fee2dd,26,insufficient_data,ValueError,detect_planes returned zero accepted planes
4ead9b28515b97fdc0e2e9e9ade4d03b,1,insufficient_data,ValueError,detect_planes returned zero accepted planes
4ead9b28515b97fdc0e2e9e9ade4d03b,6,insufficient_data,ValueError,detect_planes returned zero accepted planes
4ead9b28515b97fdc0e2e9e9ade4d03b,14,insufficient_data,ValueError,detect_planes returned zero accepted planes
4ead9b28515b97fdc0e2e9e9ade4d03b,26,insufficient_data,ValueError,detect_planes returned zero accepted planes
4f228d116af6e6ad88a3e0e92891ad5,1,insufficient_data,ValueError,detect_planes returned zero accepted planes
4f228d116af6e6ad88a3e0e92891ad5,6,insufficient_data,ValueError,detect_planes returned zero accepted planes
4f228d116af6e6ad88a3e0e92891ad5,14,insufficient_data,ValueError,detect_planes returned zero accepted planes
4f228d116af6e6ad88a3e0e92891ad5,26,insufficient_data,ValueError,detect_planes returned zero accepted planes
4f409f31b182075511b6d7dda2bf041e,1,insufficient_data,ValueError,detect_planes returned zero accepted planes
4f409f31b182075511b6d7dda2bf041e,6,insufficient_data,ValueError,detect_planes returned zero accepted planes
4f409f31b182075511b6d7dda2bf041e,14,insufficient_data,ValueError,detect_planes returned zero accepted planes
4f409f31b182075511b6d7dda2bf041e,26,insufficient_data,ValueError,detect_planes returned zero accepted planes
4fc0bc3fb6438dffab1d1edf764243e3,1,insufficient_data,ValueError,detect_planes returned zero accepted planes
4fc0bc3fb6438dffab1d1edf764243e3,6,insufficient_data,ValueError,detect_planes returned zero accepted planes
4fc0bc3fb6438dffab1d1edf764243e3,14,insufficient_data,ValueError,detect_planes returned zero accepted planes
4fc0bc3fb6438dffab1d1edf764243e3,26,insufficient_data,ValueError,detect_planes returned zero accepted planes
50557c5a0d38b38920192a5319e3e2e4,1,insufficient_data,ValueError,detect_planes returned zero accepted planes
50557c5a0d38b38920192a5319e3e2e4,6,insufficient_data,ValueError,detect_planes returned zero accepted planes
50557c5a0d38b38920192a5319e3e2e4,14,insufficient_data,ValueError,detect_planes returned zero accepted planes
50557c5a0d38b38920192a5319e3e2e4,26,insufficient_data,ValueError,detect_planes returned zero accepted planes
50b1f4e5a130dafbb5b1048c702c9b77,1,insufficient_data,ValueError,detect_planes returned zero accepted planes
50b1f4e5a130dafbb5b1048c702c9b77,6,insufficient_data,ValueError,detect_planes returned zero accepted planes
50b1f4e5a130dafbb5b1048c702c9b77,14,insufficient_data,ValueError,detect_planes returned zero accepted planes
50b1f4e5a130dafbb5b1048c702c9b77,26,insufficient_data,ValueError,detect_planes returned zero accepted planes
5125de61a2cf9dd2b362845c6edb57fc,1,insufficient_data,ValueError,detect_planes returned zero accepted planes
5125de61a2cf9dd2b362845c6edb57fc,6,insufficient_data,ValueError,detect_planes returned zero accepted planes
5125de61a2cf9dd2b362845c6edb57fc,14,insufficient_data,ValueError,detect_planes returned zero accepted planes
5125de61a2cf9dd2b362845c6edb57fc,26,insufficient_data,ValueError,detect_planes returned zero accepted planes
5132921c7ed221103af30a3946d92feb,1,insufficient_data,ValueError,detect_planes returned zero accepted planes
5132921c7ed221103af30a3946d92feb,6,insufficient_data,ValueError,detect_planes returned zero accepted planes
5132921c7ed221103af30a3946d92feb,14,insufficient_data,ValueError,detect_planes returned zero accepted planes
5132921c7ed221103af30a3946d92feb,26,insufficient_data,ValueError,detect_planes returned zero accepted planes
5135a234fe18481235836c728d324152,1,insufficient_data,ValueError,detect_planes returned zero accepted planes
5135a234fe18481235836c728d324152,6,insufficient_data,ValueError,detect_planes returned zero accepted planes
5135a234fe18481235836c728d324152,14,insufficient_data,ValueError,detect_planes returned zero accepted planes
5135a234fe18481235836c728d324152,26,insufficient_data,ValueError,detect_planes returned zero accepted planes
5174613439e9cf79d2808af04871028b,1,insufficient_data,ValueError,detect_planes returned zero accepted planes
5174613439e9cf79d2808af04871028b,6,insufficient_data,ValueError,detect_planes returned zero accepted planes
5174613439e9cf79d2808af04871028b,14,insufficient_data,ValueError,detect_planes returned zero accepted planes
5174613439e9cf79d2808af04871028b,26,insufficient_data,ValueError,detect_planes returned zero accepted planes
5207969c5c38875a6eca3a103e1326ab,1,insufficient_data,ValueError,detect_planes returned zero accepted planes
5207969c5c38875a6eca3a103e1326ab,6,insufficient_data,ValueError,detect_planes returned zero accepted planes
5207969c5c38875a6eca3a103e1326ab,14,insufficient_data,ValueError,detect_planes returned zero accepted planes
5207969c5c38875a6eca3a103e1326ab,26,insufficient_data,ValueError,detect_planes returned zero accepted planes
52867aee1e2e137912a905e721b748f5,1,insufficient_data,ValueError,detect_planes returned zero accepted planes
52867aee1e2e137912a905e721b748f5,6,insufficient_data,ValueError,detect_planes returned zero accepted planes
52867aee1e2e137912a905e721b748f5,14,insufficient_data,ValueError,detect_planes returned zero accepted planes
52867aee1e2e137912a905e721b748f5,26,insufficient_data,ValueError,detect_planes returned zero accepted planes
52c23e4a42c5f058ffc6e457221b9271,1,insufficient_data,ValueError,detect_planes returned zero accepted planes
52c23e4a42c5f058ffc6e457221b9271,6,insufficient_data,ValueError,detect_planes returned zero accepted planes
52c23e4a42c5f058ffc6e457221b9271,14,insufficient_data,ValueError,detect_planes returned zero accepted planes
52c23e4a42c5f058ffc6e457221b9271,26,insufficient_data,ValueError,detect_planes returned zero accepted planes
52ffc103719ae88ef0f40fbf85e100a,1,insufficient_data,ValueError,detect_planes returned zero accepted planes
52ffc103719ae88ef0f40fbf85e100a,6,insufficient_data,ValueError,detect_planes returned zero accepted planes
52ffc103719ae88ef0f40fbf85e100a,14,insufficient_data,ValueError,detect_planes returned zero accepted planes
52ffc103719ae88ef0f40fbf85e100a,26,insufficient_data,ValueError,detect_planes returned zero accepted planes
5394ceacb131b5e79d7aee0f8e107545,1,insufficient_data,ValueError,detect_planes returned zero accepted planes
5394ceacb131b5e79d7aee0f8e107545,6,insufficient_data,ValueError,detect_planes returned zero accepted planes
5394ceacb131b5e79d7aee0f8e107545,14,insufficient_data,ValueError,detect_planes returned zero accepted planes
5394ceacb131b5e79d7aee0f8e107545,26,insufficient_data,ValueError,detect_planes returned zero accepted planes
539ad95ea77939f8f9a3483407086411,1,insufficient_data,ValueError,detect_planes returned zero accepted planes
539ad95ea77939f8f9a3483407086411,6,insufficient_data,ValueError,detect_planes returned zero accepted planes
539ad95ea77939f8f9a3483407086411,14,insufficient_data,ValueError,detect_planes returned zero accepted planes
539ad95ea77939f8f9a3483407086411,26,insufficient_data,ValueError,detect_planes returned zero accepted planes
53ad4a901e8b0dd9121859336e292a5d,1,insufficient_data,ValueError,detect_planes returned zero accepted planes
53ad4a901e8b0dd9121859336e292a5d,6,insufficient_data,ValueError,detect_planes returned zero accepted planes
53ad4a901e8b0dd9121859336e292a5d,14,insufficient_data,ValueError,detect_planes returned zero accepted planes
53ad4a901e8b0dd9121859336e292a5d,26,insufficient_data,ValueError,detect_planes returned zero accepted planes
54ad30894e9c74f28abdeb0a990504a,1,insufficient_data,ValueError,detect_planes returned zero accepted planes
54ad30894e9c74f28abdeb0a990504a,6,insufficient_data,ValueError,detect_planes returned zero accepted planes
54ad30894e9c74f28abdeb0a990504a,14,insufficient_data,ValueError,detect_planes returned zero accepted planes
54ad30894e9c74f28abdeb0a990504a,26,insufficient_data,ValueError,detect_planes returned zero accepted planes
5586a1f6745126e25e0d2ab0e6ad9dae,1,insufficient_data,ValueError,detect_planes returned zero accepted planes
5586a1f6745126e25e0d2ab0e6ad9dae,6,insufficient_data,ValueError,detect_planes returned zero accepted planes
5586a1f6745126e25e0d2ab0e6ad9dae,14,insufficient_data,ValueError,detect_planes returned zero accepted planes
5586a1f6745126e25e0d2ab0e6ad9dae,26,insufficient_data,ValueError,detect_planes returned zero accepted planes
55a09adb1315764f8a766d8de50bb39d,1,insufficient_data,ValueError,detect_planes returned zero accepted planes
55a09adb1315764f8a766d8de50bb39d,6,insufficient_data,ValueError,detect_planes returned zero accepted planes
55a09adb1315764f8a766d8de50bb39d,14,insufficient_data,ValueError,detect_planes returned zero accepted planes
55a09adb1315764f8a766d8de50bb39d,26,insufficient_data,ValueError,detect_planes returned zero accepted planes
55c97131574186c0d4d8765e3910f617,1,insufficient_data,ValueError,detect_planes returned zero accepted planes
55c97131574186c0d4d8765e3910f617,6,insufficient_data,ValueError,detect_planes returned zero accepted planes
55c97131574186c0d4d8765e3910f617,14,insufficient_data,ValueError,detect_planes returned zero accepted planes
55c97131574186c0d4d8765e3910f617,26,insufficient_data,ValueError,detect_planes returned zero accepted planes
55cf3c1207e421a29e3e34eaf1f39535,1,insufficient_data,ValueError,detect_planes returned zero accepted planes
55cf3c1207e421a29e3e34eaf1f39535,6,insufficient_data,ValueError,detect_planes returned zero accepted planes
55cf3c1207e421a29e3e34eaf1f39535,14,insufficient_data,ValueError,detect_planes returned zero accepted planes
55cf3c1207e421a29e3e34eaf1f39535,26,insufficient_data,ValueError,detect_planes returned zero accepted planes
55f0e38a64ba2c2d813b65629a36678,1,insufficient_data,ValueError,detect_planes returned zero accepted planes
55f0e38a64ba2c2d813b65629a36678,6,insufficient_data,ValueError,detect_planes returned zero accepted planes
55f0e38a64ba2c2d813b65629a36678,14,insufficient_data,ValueError,detect_planes returned zero accepted planes
55f0e38a64ba2c2d813b65629a36678,26,insufficient_data,ValueError,detect_planes returned zero accepted planes
563569e15313d7eb89e13811ad04f53f,1,insufficient_data,ValueError,detect_planes returned zero accepted planes
563569e15313d7eb89e13811ad04f53f,6,insufficient_data,ValueError,detect_planes returned zero accepted planes
563569e15313d7eb89e13811ad04f53f,14,insufficient_data,ValueError,detect_planes returned zero accepted planes
563569e15313d7eb89e13811ad04f53f,26,insufficient_data,ValueError,detect_planes returned zero accepted planes
564813720bdb0cd93321831d2245cf06,1,insufficient_data,ValueError,detect_planes returned zero accepted planes
564813720bdb0cd93321831d2245cf06,6,insufficient_data,ValueError,detect_planes returned zero accepted planes
564813720bdb0cd93321831d2245cf06,14,insufficient_data,ValueError,detect_planes returned zero accepted planes
564813720bdb0cd93321831d2245cf06,26,insufficient_data,ValueError,detect_planes returned zero accepted planes
56e1f35c70ad2859c59350d819542ec7,1,insufficient_data,ValueError,detect_planes returned zero accepted planes
56e1f35c70ad2859c59350d819542ec7,6,insufficient_data,ValueError,detect_planes returned zero accepted planes
56e1f35c70ad2859c59350d819542ec7,14,insufficient_data,ValueError,detect_planes returned zero accepted planes
56e1f35c70ad2859c59350d819542ec7,26,insufficient_data,ValueError,detect_planes returned zero accepted planes
57041ab17b34eba1f49237e570f62c8f,1,insufficient_data,ValueError,detect_planes returned zero accepted planes
57041ab17b34eba1f49237e570f62c8f,6,insufficient_data,ValueError,detect_planes returned zero accepted planes
57041ab17b34eba1f49237e570f62c8f,14,insufficient_data,ValueError,detect_planes returned zero accepted planes
57041ab17b34eba1f49237e570f62c8f,26,insufficient_data,ValueError,detect_planes returned zero accepted planes
571dd1b4d09773c5bbe43d356df0e955,1,insufficient_data,ValueError,detect_planes returned zero accepted planes
571dd1b4d09773c5bbe43d356df0e955,6,insufficient_data,ValueError,detect_planes returned zero accepted planes
571dd1b4d09773c5bbe43d356df0e955,14,insufficient_data,ValueError,detect_planes returned zero accepted planes
571dd1b4d09773c5bbe43d356df0e955,26,insufficient_data,ValueError,detect_planes returned zero accepted planes
575289640b8fe387a0c6c5e8898c5f38,1,insufficient_data,ValueError,detect_planes returned zero accepted planes
575289640b8fe387a0c6c5e8898c5f38,6,insufficient_data,ValueError,detect_planes returned zero accepted planes
575289640b8fe387a0c6c5e8898c5f38,14,insufficient_data,ValueError,detect_planes returned zero accepted planes
575289640b8fe387a0c6c5e8898c5f38,26,insufficient_data,ValueError,detect_planes returned zero accepted planes
578b801e35fd2defd4d8765e3910f617,1,insufficient_data,ValueError,detect_planes returned zero accepted planes
578b801e35fd2defd4d8765e3910f617,6,insufficient_data,ValueError,detect_planes returned zero accepted planes
578b801e35fd2defd4d8765e3910f617,14,insufficient_data,ValueError,detect_planes returned zero accepted planes
578b801e35fd2defd4d8765e3910f617,26,insufficient_data,ValueError,detect_planes returned zero accepted planes
578ba0e5871fd931b8e562d273208aea,1,insufficient_data,ValueError,detect_planes returned zero accepted planes
578ba0e5871fd931b8e562d273208aea,6,insufficient_data,ValueError,detect_planes returned zero accepted planes
578ba0e5871fd931b8e562d273208aea,14,insufficient_data,ValueError,detect_planes returned zero accepted planes
578ba0e5871fd931b8e562d273208aea,26,insufficient_data,ValueError,detect_planes returned zero accepted planes
5870d0ad92321f8cad5067eac75a07f7,1,insufficient_data,ValueError,detect_planes returned zero accepted planes
5870d0ad92321f8cad5067eac75a07f7,6,insufficient_data,ValueError,detect_planes returned zero accepted planes
5870d0ad92321f8cad5067eac75a07f7,14,insufficient_data,ValueError,detect_planes returned zero accepted planes
5870d0ad92321f8cad5067eac75a07f7,26,insufficient_data,ValueError,detect_planes returned zero accepted planes
589c1f69b5a29cb7b362845c6edb57fc,1,insufficient_data,ValueError,detect_planes returned zero accepted planes
589c1f69b5a29cb7b362845c6edb57fc,6,insufficient_data,ValueError,detect_planes returned zero accepted planes
589c1f69b5a29cb7b362845c6edb57fc,14,insufficient_data,ValueError,detect_planes returned zero accepted planes
589c1f69b5a29cb7b362845c6edb57fc,26,insufficient_data,ValueError,detect_planes returned zero accepted planes
58bc4edaefdf3b0e1db42cf774e49bf,1,insufficient_data,ValueError,detect_planes returned zero accepted planes
58bc4edaefdf3b0e1db42cf774e49bf,6,insufficient_data,ValueError,detect_planes returned zero accepted planes
58bc4edaefdf3b0e1db42cf774e49bf,14,insufficient_data,ValueError,detect_planes returned zero accepted planes
58bc4edaefdf3b0e1db42cf774e49bf,26,insufficient_data,ValueError,detect_planes returned zero accepted planes
591613a69c2e212f78c0a4707b40a908,1,insufficient_data,ValueError,detect_planes returned zero accepted planes
591613a69c2e212f78c0a4707b40a908,6,insufficient_data,ValueError,detect_planes returned zero accepted planes
591613a69c2e212f78c0a4707b40a908,14,insufficient_data,ValueError,detect_planes returned zero accepted planes
591613a69c2e212f78c0a4707b40a908,26,insufficient_data,ValueError,detect_planes returned zero accepted planes
594c15031388ed1588cafac7d7e6b54,1,insufficient_data,ValueError,detect_planes returned zero accepted planes
594c15031388ed1588cafac7d7e6b54,6,insufficient_data,ValueError,detect_planes returned zero accepted planes
594c15031388ed1588cafac7d7e6b54,14,insufficient_data,ValueError,detect_planes returned zero accepted planes
594c15031388ed1588cafac7d7e6b54,26,insufficient_data,ValueError,detect_planes returned zero accepted planes
59bf155f2c4d655894c7c2dce500aa02,1,insufficient_data,ValueError,detect_planes returned zero accepted planes
59bf155f2c4d655894c7c2dce500aa02,6,insufficient_data,ValueError,detect_planes returned zero accepted planes
59bf155f2c4d655894c7c2dce500aa02,14,insufficient_data,ValueError,detect_planes returned zero accepted planes
59bf155f2c4d655894c7c2dce500aa02,26,insufficient_data,ValueError,detect_planes returned zero accepted planes
59c7c6a65cf462be43acec71ba42b6b7,1,insufficient_data,ValueError,detect_planes returned zero accepted planes
59c7c6a65cf462be43acec71ba42b6b7,6,insufficient_data,ValueError,detect_planes returned zero accepted planes
59c7c6a65cf462be43acec71ba42b6b7,14,insufficient_data,ValueError,detect_planes returned zero accepted planes
59c7c6a65cf462be43acec71ba42b6b7,26,insufficient_data,ValueError,detect_planes returned zero accepted planes
5a34a535ced91869354ab1decf4fe605,1,insufficient_data,ValueError,detect_planes returned zero accepted planes
5a34a535ced91869354ab1decf4fe605,6,insufficient_data,ValueError,detect_planes returned zero accepted planes
5a34a535ced91869354ab1decf4fe605,14,insufficient_data,ValueError,detect_planes returned zero accepted planes
5a34a535ced91869354ab1decf4fe605,26,insufficient_data,ValueError,detect_planes returned zero accepted planes
5ab38425eb09fe33cac2a982f1c2a5b5,1,insufficient_data,ValueError,detect_planes returned zero accepted planes
5ab38425eb09fe33cac2a982f1c2a5b5,6,insufficient_data,ValueError,detect_planes returned zero accepted planes
5ab38425eb09fe33cac2a982f1c2a5b5,14,insufficient_data,ValueError,detect_planes returned zero accepted planes
5ab38425eb09fe33cac2a982f1c2a5b5,26,insufficient_data,ValueError,detect_planes returned zero accepted planes
5acf58974a81ba7ea7b482715d4b6103,1,insufficient_data,ValueError,detect_planes returned zero accepted planes
5acf58974a81ba7ea7b482715d4b6103,6,insufficient_data,ValueError,detect_planes returned zero accepted planes
5acf58974a81ba7ea7b482715d4b6103,14,insufficient_data,ValueError,detect_planes returned zero accepted planes
5acf58974a81ba7ea7b482715d4b6103,26,insufficient_data,ValueError,detect_planes returned zero accepted planes
5b0d2362c82416695b903ba10d2ec446,1,insufficient_data,ValueError,detect_planes returned zero accepted planes
5b0d2362c82416695b903ba10d2ec446,6,insufficient_data,ValueError,detect_planes returned zero accepted planes
5b0d2362c82416695b903ba10d2ec446,14,insufficient_data,ValueError,detect_planes returned zero accepted planes
5b0d2362c82416695b903ba10d2ec446,26,insufficient_data,ValueError,detect_planes returned zero accepted planes
5b50871735c5cce2d2b12aa6a0f050b3,1,insufficient_data,ValueError,detect_planes returned zero accepted planes
5b50871735c5cce2d2b12aa6a0f050b3,6,insufficient_data,ValueError,detect_planes returned zero accepted planes
5b50871735c5cce2d2b12aa6a0f050b3,14,insufficient_data,ValueError,detect_planes returned zero accepted planes
5b50871735c5cce2d2b12aa6a0f050b3,26,insufficient_data,ValueError,detect_planes returned zero accepted planes
5bc75cb5c0270e60d2b12aa6a0f050b3,1,insufficient_data,ValueError,detect_planes returned zero accepted planes
5bc75cb5c0270e60d2b12aa6a0f050b3,6,insufficient_data,ValueError,detect_planes returned zero accepted planes
5bc75cb5c0270e60d2b12aa6a0f050b3,14,insufficient_data,ValueError,detect_planes returned zero accepted planes
5bc75cb5c0270e60d2b12aa6a0f050b3,26,insufficient_data,ValueError,detect_planes returned zero accepted planes
5c10e37453733ddb46d83d16be057f3e,1,insufficient_data,ValueError,detect_planes returned zero accepted planes
5c10e37453733ddb46d83d16be057f3e,6,insufficient_data,ValueError,detect_planes returned zero accepted planes
5c10e37453733ddb46d83d16be057f3e,14,insufficient_data,ValueError,detect_planes returned zero accepted planes
5c10e37453733ddb46d83d16be057f3e,26,insufficient_data,ValueError,detect_planes returned zero accepted planes
5c2a57c2cff7cc06d636d2b2e734dd7a,1,insufficient_data,ValueError,detect_planes returned zero accepted planes
5c2a57c2cff7cc06d636d2b2e734dd7a,6,insufficient_data,ValueError,detect_planes returned zero accepted planes
5c2a57c2cff7cc06d636d2b2e734dd7a,14,insufficient_data,ValueError,detect_planes returned zero accepted planes
5c2a57c2cff7cc06d636d2b2e734dd7a,26,insufficient_data,ValueError,detect_planes returned zero accepted planes
5cbffd78e4cefc3038330212e10bdbc0,1,insufficient_data,ValueError,detect_planes returned zero accepted planes
5cbffd78e4cefc3038330212e10bdbc0,6,insufficient_data,ValueError,detect_planes returned zero accepted planes
5cbffd78e4cefc3038330212e10bdbc0,14,insufficient_data,ValueError,detect_planes returned zero accepted planes
5cbffd78e4cefc3038330212e10bdbc0,26,insufficient_data,ValueError,detect_planes returned zero accepted planes
5da1ddcc8d5f62577f5d4139a48ddb6f,1,insufficient_data,ValueError,detect_planes returned zero accepted planes
5da1ddcc8d5f62577f5d4139a48ddb6f,6,insufficient_data,ValueError,detect_planes returned zero accepted planes
5da1ddcc8d5f62577f5d4139a48ddb6f,14,insufficient_data,ValueError,detect_planes returned zero accepted planes
5da1ddcc8d5f62577f5d4139a48ddb6f,26,insufficient_data,ValueError,detect_planes returned zero accepted planes
5ddf4835ed5640e942e61fccfc5d24ee,1,insufficient_data,ValueError,detect_planes returned zero accepted planes
5ddf4835ed5640e942e61fccfc5d24ee,6,insufficient_data,ValueError,detect_planes returned zero accepted planes
5ddf4835ed5640e942e61fccfc5d24ee,14,insufficient_data,ValueError,detect_planes returned zero accepted planes
5ddf4835ed5640e942e61fccfc5d24ee,26,insufficient_data,ValueError,detect_planes returned zero accepted planes
5df84478c357fc7c5b056960183c4aff,1,insufficient_data,ValueError,detect_planes returned zero accepted planes
5df84478c357fc7c5b056960183c4aff,6,insufficient_data,ValueError,detect_planes returned zero accepted planes
5df84478c357fc7c5b056960183c4aff,14,insufficient_data,ValueError,detect_planes returned zero accepted planes
5df84478c357fc7c5b056960183c4aff,26,insufficient_data,ValueError,detect_planes returned zero accepted planes
5e1ef1b63216952dd2b12aa6a0f050b3,1,insufficient_data,ValueError,detect_planes returned zero accepted planes
5e1ef1b63216952dd2b12aa6a0f050b3,6,insufficient_data,ValueError,detect_planes returned zero accepted planes
5e1ef1b63216952dd2b12aa6a0f050b3,14,insufficient_data,ValueError,detect_planes returned zero accepted planes
5e1ef1b63216952dd2b12aa6a0f050b3,26,insufficient_data,ValueError,detect_planes returned zero accepted planes
5edc6766196953a28f62bdf4e9082924,1,insufficient_data,ValueError,detect_planes returned zero accepted planes
5edc6766196953a28f62bdf4e9082924,6,insufficient_data,ValueError,detect_planes returned zero accepted planes
5edc6766196953a28f62bdf4e9082924,14,insufficient_data,ValueError,detect_planes returned zero accepted planes
5edc6766196953a28f62bdf4e9082924,26,insufficient_data,ValueError,detect_planes returned zero accepted planes
5eecd4415ae176b6c6bf3b18b8ca71a,1,insufficient_data,ValueError,detect_planes returned zero accepted planes
5eecd4415ae176b6c6bf3b18b8ca71a,6,insufficient_data,ValueError,detect_planes returned zero accepted planes
5eecd4415ae176b6c6bf3b18b8ca71a,14,insufficient_data,ValueError,detect_planes returned zero accepted planes
5eecd4415ae176b6c6bf3b18b8ca71a,26,insufficient_data,ValueError,detect_planes returned zero accepted planes
5f3782702eb8f2d421b4fad85a658c,1,insufficient_data,ValueError,detect_planes returned zero accepted planes
5f3782702eb8f2d421b4fad85a658c,6,insufficient_data,ValueError,detect_planes returned zero accepted planes
5f3782702eb8f2d421b4fad85a658c,14,insufficient_data,ValueError,detect_planes returned zero accepted planes
5f3782702eb8f2d421b4fad85a658c,26,insufficient_data,ValueError,detect_planes returned zero accepted planes
5f9fd9bf28da76ebed2eab6efdeec5f8,1,insufficient_data,ValueError,detect_planes returned zero accepted planes
5f9fd9bf28da76ebed2eab6efdeec5f8,6,insufficient_data,ValueError,detect_planes returned zero accepted planes
5f9fd9bf28da76ebed2eab6efdeec5f8,14,insufficient_data,ValueError,detect_planes returned zero accepted planes
5f9fd9bf28da76ebed2eab6efdeec5f8,26,insufficient_data,ValueError,detect_planes returned zero accepted planes
601c1c3d98596cc34a60c1a189046dd1,1,insufficient_data,ValueError,detect_planes returned zero accepted planes
601c1c3d98596cc34a60c1a189046dd1,6,insufficient_data,ValueError,detect_planes returned zero accepted planes
601c1c3d98596cc34a60c1a189046dd1,14,insufficient_data,ValueError,detect_planes returned zero accepted planes
601c1c3d98596cc34a60c1a189046dd1,26,insufficient_data,ValueError,detect_planes returned zero accepted planes
608f7c4d52bbfeec9f00d9b3defbf21d,1,insufficient_data,ValueError,detect_planes returned zero accepted planes
608f7c4d52bbfeec9f00d9b3defbf21d,6,insufficient_data,ValueError,detect_planes returned zero accepted planes
608f7c4d52bbfeec9f00d9b3defbf21d,14,insufficient_data,ValueError,detect_planes returned zero accepted planes
608f7c4d52bbfeec9f00d9b3defbf21d,26,insufficient_data,ValueError,detect_planes returned zero accepted planes
619b49bae27807fb1082f2ea630bf69e,1,insufficient_data,ValueError,detect_planes returned zero accepted planes
619b49bae27807fb1082f2ea630bf69e,6,insufficient_data,ValueError,detect_planes returned zero accepted planes
619b49bae27807fb1082f2ea630bf69e,14,insufficient_data,ValueError,detect_planes returned zero accepted planes
619b49bae27807fb1082f2ea630bf69e,26,insufficient_data,ValueError,detect_planes returned zero accepted planes
61a19c2b6dbab7be1291d1279f7bf122,1,insufficient_data,ValueError,detect_planes returned zero accepted planes
61a19c2b6dbab7be1291d1279f7bf122,6,insufficient_data,ValueError,detect_planes returned zero accepted planes
61a19c2b6dbab7be1291d1279f7bf122,14,insufficient_data,ValueError,detect_planes returned zero accepted planes
61a19c2b6dbab7be1291d1279f7bf122,26,insufficient_data,ValueError,detect_planes returned zero accepted planes
61b9d7c12ba7aed4c59350d819542ec7,1,insufficient_data,ValueError,detect_planes returned zero accepted planes
61b9d7c12ba7aed4c59350d819542ec7,6,insufficient_data,ValueError,detect_planes returned zero accepted planes
61b9d7c12ba7aed4c59350d819542ec7,14,insufficient_data,ValueError,detect_planes returned zero accepted planes
61b9d7c12ba7aed4c59350d819542ec7,26,insufficient_data,ValueError,detect_planes returned zero accepted planes
621f1f65eca6fe7fd7c9d85d3b7335dc,1,insufficient_data,ValueError,detect_planes returned zero accepted planes
621f1f65eca6fe7fd7c9d85d3b7335dc,6,insufficient_data,ValueError,detect_planes returned zero accepted planes
621f1f65eca6fe7fd7c9d85d3b7335dc,14,insufficient_data,ValueError,detect_planes returned zero accepted planes
621f1f65eca6fe7fd7c9d85d3b7335dc,26,insufficient_data,ValueError,detect_planes returned zero accepted planes
622dadb90004f49fb84959963148f2a2,1,insufficient_data,ValueError,detect_planes returned zero accepted planes
622dadb90004f49fb84959963148f2a2,6,insufficient_data,ValueError,detect_planes returned zero accepted planes
622dadb90004f49fb84959963148f2a2,14,insufficient_data,ValueError,detect_planes returned zero accepted planes
622dadb90004f49fb84959963148f2a2,26,insufficient_data,ValueError,detect_planes returned zero accepted planes
62a332e54cca36f547b925ad5d9d8738,1,insufficient_data,ValueError,detect_planes returned zero accepted planes
62a332e54cca36f547b925ad5d9d8738,6,insufficient_data,ValueError,detect_planes returned zero accepted planes
62a332e54cca36f547b925ad5d9d8738,14,insufficient_data,ValueError,detect_planes returned zero accepted planes
62a332e54cca36f547b925ad5d9d8738,26,insufficient_data,ValueError,detect_planes returned zero accepted planes
62f8ee99e2961024834b1a533ffa0490,1,insufficient_data,ValueError,detect_planes returned zero accepted planes
62f8ee99e2961024834b1a533ffa0490,6,insufficient_data,ValueError,detect_planes returned zero accepted planes
62f8ee99e2961024834b1a533ffa0490,14,insufficient_data,ValueError,detect_planes returned zero accepted planes
62f8ee99e2961024834b1a533ffa0490,26,insufficient_data,ValueError,detect_planes returned zero accepted planes
638f96b7300e754178d5e65673875191,1,insufficient_data,ValueError,detect_planes returned zero accepted planes
638f96b7300e754178d5e65673875191,6,insufficient_data,ValueError,detect_planes returned zero accepted planes
638f96b7300e754178d5e65673875191,14,insufficient_data,ValueError,detect_planes returned zero accepted planes
638f96b7300e754178d5e65673875191,26,insufficient_data,ValueError,detect_planes returned zero accepted planes
639822a6db5ec3d852470de2774d6099,1,insufficient_data,ValueError,detect_planes returned zero accepted planes
639822a6db5ec3d852470de2774d6099,6,insufficient_data,ValueError,detect_planes returned zero accepted planes
639822a6db5ec3d852470de2774d6099,14,insufficient_data,ValueError,detect_planes returned zero accepted planes
639822a6db5ec3d852470de2774d6099,26,insufficient_data,ValueError,detect_planes returned zero accepted planes
63cde6b5e85cae2bf4b6538438a0b930,1,insufficient_data,ValueError,detect_planes returned zero accepted planes
63cde6b5e85cae2bf4b6538438a0b930,6,insufficient_data,ValueError,detect_planes returned zero accepted planes
63cde6b5e85cae2bf4b6538438a0b930,14,insufficient_data,ValueError,detect_planes returned zero accepted planes
63cde6b5e85cae2bf4b6538438a0b930,26,insufficient_data,ValueError,detect_planes returned zero accepted planes
63fc809815b9639de7c7920f6a65a54d,1,insufficient_data,ValueError,detect_planes returned zero accepted planes
63fc809815b9639de7c7920f6a65a54d,6,insufficient_data,ValueError,detect_planes returned zero accepted planes
63fc809815b9639de7c7920f6a65a54d,14,insufficient_data,ValueError,detect_planes returned zero accepted planes
63fc809815b9639de7c7920f6a65a54d,26,insufficient_data,ValueError,detect_planes returned zero accepted planes
641234f284243decea95e61f66327e28,1,insufficient_data,ValueError,detect_planes returned zero accepted planes
641234f284243decea95e61f66327e28,6,insufficient_data,ValueError,detect_planes returned zero accepted planes
641234f284243decea95e61f66327e28,14,insufficient_data,ValueError,detect_planes returned zero accepted planes
641234f284243decea95e61f66327e28,26,insufficient_data,ValueError,detect_planes returned zero accepted planes
643191e8ee56104e424f8f8e828c9ab9,1,insufficient_data,ValueError,detect_planes returned zero accepted planes
643191e8ee56104e424f8f8e828c9ab9,6,insufficient_data,ValueError,detect_planes returned zero accepted planes
643191e8ee56104e424f8f8e828c9ab9,14,insufficient_data,ValueError,detect_planes returned zero accepted planes
643191e8ee56104e424f8f8e828c9ab9,26,insufficient_data,ValueError,detect_planes returned zero accepted planes
6458583a168aa52af42a90fe4baf4591,1,insufficient_data,ValueError,detect_planes returned zero accepted planes
6458583a168aa52af42a90fe4baf4591,6,insufficient_data,ValueError,detect_planes returned zero accepted planes
6458583a168aa52af42a90fe4baf4591,14,insufficient_data,ValueError,detect_planes returned zero accepted planes
6458583a168aa52af42a90fe4baf4591,26,insufficient_data,ValueError,detect_planes returned zero accepted planes
64d5bd4a6af3da16327289c00b6dc9ca,1,insufficient_data,ValueError,detect_planes returned zero accepted planes
64d5bd4a6af3da16327289c00b6dc9ca,6,insufficient_data,ValueError,detect_planes returned zero accepted planes
64d5bd4a6af3da16327289c00b6dc9ca,14,insufficient_data,ValueError,detect_planes returned zero accepted planes
64d5bd4a6af3da16327289c00b6dc9ca,26,insufficient_data,ValueError,detect_planes returned zero accepted planes
654362e53ebb6e303321831d2245cf06,1,insufficient_data,ValueError,detect_planes returned zero accepted planes
654362e53ebb6e303321831d2245cf06,6,insufficient_data,ValueError,detect_planes returned zero accepted planes
654362e53ebb6e303321831d2245cf06,14,insufficient_data,ValueError,detect_planes returned zero accepted planes
654362e53ebb6e303321831d2245cf06,26,insufficient_data,ValueError,detect_planes returned zero accepted planes
65470e16a5880d4dcb2a965e75be701c,1,insufficient_data,ValueError,detect_planes returned zero accepted planes
65470e16a5880d4dcb2a965e75be701c,6,insufficient_data,ValueError,detect_planes returned zero accepted planes
65470e16a5880d4dcb2a965e75be701c,14,insufficient_data,ValueError,detect_planes returned zero accepted planes
65470e16a5880d4dcb2a965e75be701c,26,insufficient_data,ValueError,detect_planes returned zero accepted planes
668c488e900c2ede62a9eaa32bfe99c4,1,insufficient_data,ValueError,detect_planes returned zero accepted planes
668c488e900c2ede62a9eaa32bfe99c4,6,insufficient_data,ValueError,detect_planes returned zero accepted planes
668c488e900c2ede62a9eaa32bfe99c4,14,insufficient_data,ValueError,detect_planes returned zero accepted planes
668c488e900c2ede62a9eaa32bfe99c4,26,insufficient_data,ValueError,detect_planes returned zero accepted planes
67baf038e83456967f521a3dcd28e9d2,1,insufficient_data,ValueError,detect_planes returned zero accepted planes
67baf038e83456967f521a3dcd28e9d2,6,insufficient_data,ValueError,detect_planes returned zero accepted planes
67baf038e83456967f521a3dcd28e9d2,14,insufficient_data,ValueError,detect_planes returned zero accepted planes
67baf038e83456967f521a3dcd28e9d2,26,insufficient_data,ValueError,detect_planes returned zero accepted planes
67eaa2b16399f3e88809fffd0cefbf72,1,insufficient_data,ValueError,detect_planes returned zero accepted planes
67eaa2b16399f3e88809fffd0cefbf72,6,insufficient_data,ValueError,detect_planes returned zero accepted planes
67eaa2b16399f3e88809fffd0cefbf72,14,insufficient_data,ValueError,detect_planes returned zero accepted planes
67eaa2b16399f3e88809fffd0cefbf72,26,insufficient_data,ValueError,detect_planes returned zero accepted planes
689fce16d1f9099b9aebadb76803631,1,insufficient_data,ValueError,detect_planes returned zero accepted planes
689fce16d1f9099b9aebadb76803631,6,insufficient_data,ValueError,detect_planes returned zero accepted planes
689fce16d1f9099b9aebadb76803631,14,insufficient_data,ValueError,detect_planes returned zero accepted planes
689fce16d1f9099b9aebadb76803631,26,insufficient_data,ValueError,detect_planes returned zero accepted planes
691480901ee9f047ad5067eac75a07f7,1,insufficient_data,ValueError,detect_planes returned zero accepted planes
691480901ee9f047ad5067eac75a07f7,6,insufficient_data,ValueError,detect_planes returned zero accepted planes
691480901ee9f047ad5067eac75a07f7,14,insufficient_data,ValueError,detect_planes returned zero accepted planes
691480901ee9f047ad5067eac75a07f7,26,insufficient_data,ValueError,detect_planes returned zero accepted planes
693b8a150f9e844e50539bb73fa8aaff,1,insufficient_data,ValueError,detect_planes returned zero accepted planes
693b8a150f9e844e50539bb73fa8aaff,6,insufficient_data,ValueError,detect_planes returned zero accepted planes
693b8a150f9e844e50539bb73fa8aaff,14,insufficient_data,ValueError,detect_planes returned zero accepted planes
693b8a150f9e844e50539bb73fa8aaff,26,insufficient_data,ValueError,detect_planes returned zero accepted planes
699cd83b28bd248d30f646576d932e1a,1,insufficient_data,ValueError,detect_planes returned zero accepted planes
699cd83b28bd248d30f646576d932e1a,6,insufficient_data,ValueError,detect_planes returned zero accepted planes
699cd83b28bd248d30f646576d932e1a,14,insufficient_data,ValueError,detect_planes returned zero accepted planes
699cd83b28bd248d30f646576d932e1a,26,insufficient_data,ValueError,detect_planes returned zero accepted planes
6a11450577768f2747d4c7899ba36cd,1,insufficient_data,ValueError,detect_planes returned zero accepted planes
6a11450577768f2747d4c7899ba36cd,6,insufficient_data,ValueError,detect_planes returned zero accepted planes
6a11450577768f2747d4c7899ba36cd,14,insufficient_data,ValueError,detect_planes returned zero accepted planes
6a11450577768f2747d4c7899ba36cd,26,insufficient_data,ValueError,detect_planes returned zero accepted planes
6a26d2eaaf63d2a7b2faf16541f353f5,1,insufficient_data,ValueError,detect_planes returned zero accepted planes
6a26d2eaaf63d2a7b2faf16541f353f5,6,insufficient_data,ValueError,detect_planes returned zero accepted planes
6a26d2eaaf63d2a7b2faf16541f353f5,14,insufficient_data,ValueError,detect_planes returned zero accepted planes
6a26d2eaaf63d2a7b2faf16541f353f5,26,insufficient_data,ValueError,detect_planes returned zero accepted planes
6a72d6a26d28b02bd626c689702869b7,1,insufficient_data,ValueError,detect_planes returned zero accepted planes
6a72d6a26d28b02bd626c689702869b7,6,insufficient_data,ValueError,detect_planes returned zero accepted planes
6a72d6a26d28b02bd626c689702869b7,14,insufficient_data,ValueError,detect_planes returned zero accepted planes
6a72d6a26d28b02bd626c689702869b7,26,insufficient_data,ValueError,detect_planes returned zero accepted planes
6b00fdf6062389ad738dd0d3509c7e47,1,insufficient_data,ValueError,detect_planes returned zero accepted planes
6b00fdf6062389ad738dd0d3509c7e47,6,insufficient_data,ValueError,detect_planes returned zero accepted planes
6b00fdf6062389ad738dd0d3509c7e47,14,insufficient_data,ValueError,detect_planes returned zero accepted planes
6b00fdf6062389ad738dd0d3509c7e47,26,insufficient_data,ValueError,detect_planes returned zero accepted planes
6b32d3a9198f8b03d1dcc55e36186e4e,1,insufficient_data,ValueError,detect_planes returned zero accepted planes
6b32d3a9198f8b03d1dcc55e36186e4e,6,insufficient_data,ValueError,detect_planes returned zero accepted planes
6b32d3a9198f8b03d1dcc55e36186e4e,14,insufficient_data,ValueError,detect_planes returned zero accepted planes
6b32d3a9198f8b03d1dcc55e36186e4e,26,insufficient_data,ValueError,detect_planes returned zero accepted planes
6b9d09fcf8998360a36fa9e07c662628,1,insufficient_data,ValueError,detect_planes returned zero accepted planes
6b9d09fcf8998360a36fa9e07c662628,6,insufficient_data,ValueError,detect_planes returned zero accepted planes
6b9d09fcf8998360a36fa9e07c662628,14,insufficient_data,ValueError,detect_planes returned zero accepted planes
6b9d09fcf8998360a36fa9e07c662628,26,insufficient_data,ValueError,detect_planes returned zero accepted planes
6bf058da5c3835b415ca6115a4467dd6,1,insufficient_data,ValueError,detect_planes returned zero accepted planes
6bf058da5c3835b415ca6115a4467dd6,6,insufficient_data,ValueError,detect_planes returned zero accepted planes
6bf058da5c3835b415ca6115a4467dd6,14,insufficient_data,ValueError,detect_planes returned zero accepted planes
6bf058da5c3835b415ca6115a4467dd6,26,insufficient_data,ValueError,detect_planes returned zero accepted planes
6bf0f5e06cb748bb9671c58246946ed6,1,insufficient_data,ValueError,detect_planes returned zero accepted planes
6bf0f5e06cb748bb9671c58246946ed6,6,insufficient_data,ValueError,detect_planes returned zero accepted planes
6bf0f5e06cb748bb9671c58246946ed6,14,insufficient_data,ValueError,detect_planes returned zero accepted planes
6bf0f5e06cb748bb9671c58246946ed6,26,insufficient_data,ValueError,detect_planes returned zero accepted planes
6c1ca36830d54ca5c9736640ccf985f5,1,insufficient_data,ValueError,detect_planes returned zero accepted planes
6c1ca36830d54ca5c9736640ccf985f5,6,insufficient_data,ValueError,detect_planes returned zero accepted planes
6c1ca36830d54ca5c9736640ccf985f5,14,insufficient_data,ValueError,detect_planes returned zero accepted planes
6c1ca36830d54ca5c9736640ccf985f5,26,insufficient_data,ValueError,detect_planes returned zero accepted planes
6c3e80092fa36371cb2ecbd32dc2119e,1,insufficient_data,ValueError,detect_planes returned zero accepted planes
6c3e80092fa36371cb2ecbd32dc2119e,6,insufficient_data,ValueError,detect_planes returned zero accepted planes
6c3e80092fa36371cb2ecbd32dc2119e,14,insufficient_data,ValueError,detect_planes returned zero accepted planes
6c3e80092fa36371cb2ecbd32dc2119e,26,insufficient_data,ValueError,detect_planes returned zero accepted planes
6cfb76b40fc41da2a6e67635b9d1cee5,1,insufficient_data,ValueError,detect_planes returned zero accepted planes
6cfb76b40fc41da2a6e67635b9d1cee5,6,insufficient_data,ValueError,detect_planes returned zero accepted planes
6cfb76b40fc41da2a6e67635b9d1cee5,14,insufficient_data,ValueError,detect_planes returned zero accepted planes
6cfb76b40fc41da2a6e67635b9d1cee5,26,insufficient_data,ValueError,detect_planes returned zero accepted planes
6d08f3c059e674dfcb2a965e75be701c,1,insufficient_data,ValueError,detect_planes returned zero accepted planes
6d08f3c059e674dfcb2a965e75be701c,6,insufficient_data,ValueError,detect_planes returned zero accepted planes
6d08f3c059e674dfcb2a965e75be701c,14,insufficient_data,ValueError,detect_planes returned zero accepted planes
6d08f3c059e674dfcb2a965e75be701c,26,insufficient_data,ValueError,detect_planes returned zero accepted planes
6d755a3d6d0f265d77ea5e1afa5bfe6,1,insufficient_data,ValueError,detect_planes returned zero accepted planes
6d755a3d6d0f265d77ea5e1afa5bfe6,6,insufficient_data,ValueError,detect_planes returned zero accepted planes
6d755a3d6d0f265d77ea5e1afa5bfe6,14,insufficient_data,ValueError,detect_planes returned zero accepted planes
6d755a3d6d0f265d77ea5e1afa5bfe6,26,insufficient_data,ValueError,detect_planes returned zero accepted planes
6da867f9fd8aefebc26e81144f3196d5,1,insufficient_data,ValueError,detect_planes returned zero accepted planes
6da867f9fd8aefebc26e81144f3196d5,6,insufficient_data,ValueError,detect_planes returned zero accepted planes
6da867f9fd8aefebc26e81144f3196d5,14,insufficient_data,ValueError,detect_planes returned zero accepted planes
6da867f9fd8aefebc26e81144f3196d5,26,insufficient_data,ValueError,detect_planes returned zero accepted planes
6daa439badf26355593ebeeedbff73b,1,insufficient_data,ValueError,detect_planes returned zero accepted planes
6daa439badf26355593ebeeedbff73b,6,insufficient_data,ValueError,detect_planes returned zero accepted planes
6daa439badf26355593ebeeedbff73b,14,insufficient_data,ValueError,detect_planes returned zero accepted planes
6daa439badf26355593ebeeedbff73b,26,insufficient_data,ValueError,detect_planes returned zero accepted planes
6dad3b17869cb20fdf94ba6a907dbe8,1,insufficient_data,ValueError,detect_planes returned zero accepted planes
6dad3b17869cb20fdf94ba6a907dbe8,6,insufficient_data,ValueError,detect_planes returned zero accepted planes
6dad3b17869cb20fdf94ba6a907dbe8,14,insufficient_data,ValueError,detect_planes returned zero accepted planes
6dad3b17869cb20fdf94ba6a907dbe8,26,insufficient_data,ValueError,detect_planes returned zero accepted planes
6e683e60075bff408f98ac7ca14e08ed,1,insufficient_data,ValueError,detect_planes returned zero accepted planes
6e683e60075bff408f98ac7ca14e08ed,6,insufficient_data,ValueError,detect_planes returned zero accepted planes
6e683e60075bff408f98ac7ca14e08ed,14,insufficient_data,ValueError,detect_planes returned zero accepted planes
6e683e60075bff408f98ac7ca14e08ed,26,insufficient_data,ValueError,detect_planes returned zero accepted planes
6f1c542f24b8e50554d7082b34825ef0,1,insufficient_data,ValueError,detect_planes returned zero accepted planes
6f1c542f24b8e50554d7082b34825ef0,6,insufficient_data,ValueError,detect_planes returned zero accepted planes
6f1c542f24b8e50554d7082b34825ef0,14,insufficient_data,ValueError,detect_planes returned zero accepted planes
6f1c542f24b8e50554d7082b34825ef0,26,insufficient_data,ValueError,detect_planes returned zero accepted planes
6f630f561e5ae2a5423efd8c02bd12f7,1,insufficient_data,ValueError,detect_planes returned zero accepted planes
6f630f561e5ae2a5423efd8c02bd12f7,6,insufficient_data,ValueError,detect_planes returned zero accepted planes
6f630f561e5ae2a5423efd8c02bd12f7,14,insufficient_data,ValueError,detect_planes returned zero accepted planes
6f630f561e5ae2a5423efd8c02bd12f7,26,insufficient_data,ValueError,detect_planes returned zero accepted planes
6f6c8762f55f94e24145b5f47fac09a5,1,insufficient_data,ValueError,detect_planes returned zero accepted planes
6f6c8762f55f94e24145b5f47fac09a5,6,insufficient_data,ValueError,detect_planes returned zero accepted planes
6f6c8762f55f94e24145b5f47fac09a5,14,insufficient_data,ValueError,detect_planes returned zero accepted planes
6f6c8762f55f94e24145b5f47fac09a5,26,insufficient_data,ValueError,detect_planes returned zero accepted planes
7077395b60bf4aeb3cb44973ec1ffcf8,1,insufficient_data,ValueError,detect_planes returned zero accepted planes
7077395b60bf4aeb3cb44973ec1ffcf8,6,insufficient_data,ValueError,detect_planes returned zero accepted planes
7077395b60bf4aeb3cb44973ec1ffcf8,14,insufficient_data,ValueError,detect_planes returned zero accepted planes
7077395b60bf4aeb3cb44973ec1ffcf8,26,insufficient_data,ValueError,detect_planes returned zero accepted planes
70a2b281cd8d59a52d19175e7d19b7cb,1,insufficient_data,ValueError,detect_planes returned zero accepted planes
70a2b281cd8d59a52d19175e7d19b7cb,6,insufficient_data,ValueError,detect_planes returned zero accepted planes
70a2b281cd8d59a52d19175e7d19b7cb,14,insufficient_data,ValueError,detect_planes returned zero accepted planes
70a2b281cd8d59a52d19175e7d19b7cb,26,insufficient_data,ValueError,detect_planes returned zero accepted planes
70edb39bb2710eebcb2a965e75be701c,1,insufficient_data,ValueError,detect_planes returned zero accepted planes
70edb39bb2710eebcb2a965e75be701c,6,insufficient_data,ValueError,detect_planes returned zero accepted planes
70edb39bb2710eebcb2a965e75be701c,14,insufficient_data,ValueError,detect_planes returned zero accepted planes
70edb39bb2710eebcb2a965e75be701c,26,insufficient_data,ValueError,detect_planes returned zero accepted planes
71970f9a11b0b5bcd7262b1b986920e7,1,insufficient_data,ValueError,detect_planes returned zero accepted planes
71970f9a11b0b5bcd7262b1b986920e7,6,insufficient_data,ValueError,detect_planes returned zero accepted planes
71970f9a11b0b5bcd7262b1b986920e7,14,insufficient_data,ValueError,detect_planes returned zero accepted planes
71970f9a11b0b5bcd7262b1b986920e7,26,insufficient_data,ValueError,detect_planes returned zero accepted planes
71c2c44dd20ae153353a90f87b8ecab5,1,insufficient_data,ValueError,detect_planes returned zero accepted planes
71c2c44dd20ae153353a90f87b8ecab5,6,insufficient_data,ValueError,detect_planes returned zero accepted planes
71c2c44dd20ae153353a90f87b8ecab5,14,insufficient_data,ValueError,detect_planes returned zero accepted planes
71c2c44dd20ae153353a90f87b8ecab5,26,insufficient_data,ValueError,detect_planes returned zero accepted planes
71ead7f072106c63ed13f430b2941481,1,insufficient_data,ValueError,detect_planes returned zero accepted planes
71ead7f072106c63ed13f430b2941481,6,insufficient_data,ValueError,detect_planes returned zero accepted planes
71ead7f072106c63ed13f430b2941481,14,insufficient_data,ValueError,detect_planes returned zero accepted planes
71ead7f072106c63ed13f430b2941481,26,insufficient_data,ValueError,detect_planes returned zero accepted planes
721617d5fe78f33363ffebf86d8dd00,1,insufficient_data,ValueError,detect_planes returned zero accepted planes
721617d5fe78f33363ffebf86d8dd00,6,insufficient_data,ValueError,detect_planes returned zero accepted planes
721617d5fe78f33363ffebf86d8dd00,14,insufficient_data,ValueError,detect_planes returned zero accepted planes
721617d5fe78f33363ffebf86d8dd00,26,insufficient_data,ValueError,detect_planes returned zero accepted planes
724fa46215e03f4c52d9fc61873164a1,1,insufficient_data,ValueError,detect_planes returned zero accepted planes
724fa46215e03f4c52d9fc61873164a1,6,insufficient_data,ValueError,detect_planes returned zero accepted planes
724fa46215e03f4c52d9fc61873164a1,14,insufficient_data,ValueError,detect_planes returned zero accepted planes
724fa46215e03f4c52d9fc61873164a1,26,insufficient_data,ValueError,detect_planes returned zero accepted planes
7290270e8dc33f5bef54591980b8a426,1,insufficient_data,ValueError,detect_planes returned zero accepted planes
7290270e8dc33f5bef54591980b8a426,6,insufficient_data,ValueError,detect_planes returned zero accepted planes
7290270e8dc33f5bef54591980b8a426,14,insufficient_data,ValueError,detect_planes returned zero accepted planes
7290270e8dc33f5bef54591980b8a426,26,insufficient_data,ValueError,detect_planes returned zero accepted planes
739725054f3dcee41ef2486fe36a1e66,1,insufficient_data,ValueError,detect_planes returned zero accepted planes
739725054f3dcee41ef2486fe36a1e66,6,insufficient_data,ValueError,detect_planes returned zero accepted planes
739725054f3dcee41ef2486fe36a1e66,14,insufficient_data,ValueError,detect_planes returned zero accepted planes
739725054f3dcee41ef2486fe36a1e66,26,insufficient_data,ValueError,detect_planes returned zero accepted planes
758b9da6bf573838d214322c26aa0cfd,1,insufficient_data,ValueError,detect_planes returned zero accepted planes
758b9da6bf573838d214322c26aa0cfd,6,insufficient_data,ValueError,detect_planes returned zero accepted planes
758b9da6bf573838d214322c26aa0cfd,14,insufficient_data,ValueError,detect_planes returned zero accepted planes
758b9da6bf573838d214322c26aa0cfd,26,insufficient_data,ValueError,detect_planes returned zero accepted planes
75c4595a4d1c3bf9fd2b139960f72a73,1,insufficient_data,ValueError,detect_planes returned zero accepted planes
75c4595a4d1c3bf9fd2b139960f72a73,6,insufficient_data,ValueError,detect_planes returned zero accepted planes
75c4595a4d1c3bf9fd2b139960f72a73,14,insufficient_data,ValueError,detect_planes returned zero accepted planes
75c4595a4d1c3bf9fd2b139960f72a73,26,insufficient_data,ValueError,detect_planes returned zero accepted planes
75fc875e3d2bd8fbf01129d246a5d1a5,1,insufficient_data,ValueError,detect_planes returned zero accepted planes
75fc875e3d2bd8fbf01129d246a5d1a5,6,insufficient_data,ValueError,detect_planes returned zero accepted planes
75fc875e3d2bd8fbf01129d246a5d1a5,14,insufficient_data,ValueError,detect_planes returned zero accepted planes
75fc875e3d2bd8fbf01129d246a5d1a5,26,insufficient_data,ValueError,detect_planes returned zero accepted planes
7681e8a8ba049dcec16b50401ee47ac,1,insufficient_data,ValueError,detect_planes returned zero accepted planes
7681e8a8ba049dcec16b50401ee47ac,6,insufficient_data,ValueError,detect_planes returned zero accepted planes
7681e8a8ba049dcec16b50401ee47ac,14,insufficient_data,ValueError,detect_planes returned zero accepted planes
7681e8a8ba049dcec16b50401ee47ac,26,insufficient_data,ValueError,detect_planes returned zero accepted planes
76976adc8a170036ae23680cee12f145,1,insufficient_data,ValueError,detect_planes returned zero accepted planes
76976adc8a170036ae23680cee12f145,6,insufficient_data,ValueError,detect_planes returned zero accepted planes
76976adc8a170036ae23680cee12f145,14,insufficient_data,ValueError,detect_planes returned zero accepted planes
76976adc8a170036ae23680cee12f145,26,insufficient_data,ValueError,detect_planes returned zero accepted planes
76f657e27f2aa86391a491e8257bd6fe,1,insufficient_data,ValueError,detect_planes returned zero accepted planes
76f657e27f2aa86391a491e8257bd6fe,6,insufficient_data,ValueError,detect_planes returned zero accepted planes
76f657e27f2aa86391a491e8257bd6fe,14,insufficient_data,ValueError,detect_planes returned zero accepted planes
76f657e27f2aa86391a491e8257bd6fe,26,insufficient_data,ValueError,detect_planes returned zero accepted planes
775230183193fb9c39054ca4bd28c2fb,1,insufficient_data,ValueError,detect_planes returned zero accepted planes
775230183193fb9c39054ca4bd28c2fb,6,insufficient_data,ValueError,detect_planes returned zero accepted planes
775230183193fb9c39054ca4bd28c2fb,14,insufficient_data,ValueError,detect_planes returned zero accepted planes
775230183193fb9c39054ca4bd28c2fb,26,insufficient_data,ValueError,detect_planes returned zero accepted planes
77e0932f0886aede3321831d2245cf06,1,insufficient_data,ValueError,detect_planes returned zero accepted planes
77e0932f0886aede3321831d2245cf06,6,insufficient_data,ValueError,detect_planes returned zero accepted planes
77e0932f0886aede3321831d2245cf06,14,insufficient_data,ValueError,detect_planes returned zero accepted planes
77e0932f0886aede3321831d2245cf06,26,insufficient_data,ValueError,detect_planes returned zero accepted planes
78a93c794aa77beb47bc3701b998a7d5,1,insufficient_data,ValueError,detect_planes returned zero accepted planes
78a93c794aa77beb47bc3701b998a7d5,6,insufficient_data,ValueError,detect_planes returned zero accepted planes
78a93c794aa77beb47bc3701b998a7d5,14,insufficient_data,ValueError,detect_planes returned zero accepted planes
78a93c794aa77beb47bc3701b998a7d5,26,insufficient_data,ValueError,detect_planes returned zero accepted planes
78d36740730c94a4490ad276cd2af3a4,1,insufficient_data,ValueError,detect_planes returned zero accepted planes
78d36740730c94a4490ad276cd2af3a4,6,insufficient_data,ValueError,detect_planes returned zero accepted planes
78d36740730c94a4490ad276cd2af3a4,14,insufficient_data,ValueError,detect_planes returned zero accepted planes
78d36740730c94a4490ad276cd2af3a4,26,insufficient_data,ValueError,detect_planes returned zero accepted planes
79b834190bfcf065bc7069dbf29b2330,1,insufficient_data,ValueError,detect_planes returned zero accepted planes
79b834190bfcf065bc7069dbf29b2330,6,insufficient_data,ValueError,detect_planes returned zero accepted planes
79b834190bfcf065bc7069dbf29b2330,14,insufficient_data,ValueError,detect_planes returned zero accepted planes
79b834190bfcf065bc7069dbf29b2330,26,insufficient_data,ValueError,detect_planes returned zero accepted planes
79bf4c4574bc9c4552470de2774d6099,1,insufficient_data,ValueError,detect_planes returned zero accepted planes
79bf4c4574bc9c4552470de2774d6099,6,insufficient_data,ValueError,detect_planes returned zero accepted planes
79bf4c4574bc9c4552470de2774d6099,14,insufficient_data,ValueError,detect_planes returned zero accepted planes
79bf4c4574bc9c4552470de2774d6099,26,insufficient_data,ValueError,detect_planes returned zero accepted planes
7a48b295d6c3956fa96fd0f479def5ab,1,insufficient_data,ValueError,detect_planes returned zero accepted planes
7a48b295d6c3956fa96fd0f479def5ab,6,insufficient_data,ValueError,detect_planes returned zero accepted planes
7a48b295d6c3956fa96fd0f479def5ab,14,insufficient_data,ValueError,detect_planes returned zero accepted planes
7a48b295d6c3956fa96fd0f479def5ab,26,insufficient_data,ValueError,detect_planes returned zero accepted planes
7aef12ad7f602053d4d8765e3910f617,1,insufficient_data,ValueError,detect_planes returned zero accepted planes
7aef12ad7f602053d4d8765e3910f617,6,insufficient_data,ValueError,detect_planes returned zero accepted planes
7aef12ad7f602053d4d8765e3910f617,14,insufficient_data,ValueError,detect_planes returned zero accepted planes
7aef12ad7f602053d4d8765e3910f617,26,insufficient_data,ValueError,detect_planes returned zero accepted planes
7af2a3d126ac5e44fdda95e9849ffbd2,1,insufficient_data,ValueError,detect_planes returned zero accepted planes
7af2a3d126ac5e44fdda95e9849ffbd2,6,insufficient_data,ValueError,detect_planes returned zero accepted planes
7af2a3d126ac5e44fdda95e9849ffbd2,14,insufficient_data,ValueError,detect_planes returned zero accepted planes
7af2a3d126ac5e44fdda95e9849ffbd2,26,insufficient_data,ValueError,detect_planes returned zero accepted planes
7bddc990442a3c6ea8ab8175d04e5764,1,insufficient_data,ValueError,detect_planes returned zero accepted planes
7bddc990442a3c6ea8ab8175d04e5764,6,insufficient_data,ValueError,detect_planes returned zero accepted planes
7bddc990442a3c6ea8ab8175d04e5764,14,insufficient_data,ValueError,detect_planes returned zero accepted planes
7bddc990442a3c6ea8ab8175d04e5764,26,insufficient_data,ValueError,detect_planes returned zero accepted planes
7c5bebe21d2f9232af268f6180933aa3,1,insufficient_data,ValueError,detect_planes returned zero accepted planes
7c5bebe21d2f9232af268f6180933aa3,6,insufficient_data,ValueError,detect_planes returned zero accepted planes
7c5bebe21d2f9232af268f6180933aa3,14,insufficient_data,ValueError,detect_planes returned zero accepted planes
7c5bebe21d2f9232af268f6180933aa3,26,insufficient_data,ValueError,detect_planes returned zero accepted planes
7e029f73e9cd98d2f155d75bbf62b80,1,insufficient_data,ValueError,detect_planes returned zero accepted planes
7e029f73e9cd98d2f155d75bbf62b80,6,insufficient_data,ValueError,detect_planes returned zero accepted planes
7e029f73e9cd98d2f155d75bbf62b80,14,insufficient_data,ValueError,detect_planes returned zero accepted planes
7e029f73e9cd98d2f155d75bbf62b80,26,insufficient_data,ValueError,detect_planes returned zero accepted planes
7e32602a20e478ddb362845c6edb57fc,1,insufficient_data,ValueError,detect_planes returned zero accepted planes
7e32602a20e478ddb362845c6edb57fc,6,insufficient_data,ValueError,detect_planes returned zero accepted planes
7e32602a20e478ddb362845c6edb57fc,14,insufficient_data,ValueError,detect_planes returned zero accepted planes
7e32602a20e478ddb362845c6edb57fc,26,insufficient_data,ValueError,detect_planes returned zero accepted planes
7e5dbe69598c6439ab80ed476c7fb6b1,1,insufficient_data,ValueError,detect_planes returned zero accepted planes
7e5dbe69598c6439ab80ed476c7fb6b1,6,insufficient_data,ValueError,detect_planes returned zero accepted planes
7e5dbe69598c6439ab80ed476c7fb6b1,14,insufficient_data,ValueError,detect_planes returned zero accepted planes
7e5dbe69598c6439ab80ed476c7fb6b1,26,insufficient_data,ValueError,detect_planes returned zero accepted planes
7ebff305b2e93504239603972bcd2e7b,1,insufficient_data,ValueError,detect_planes returned zero accepted planes
7ebff305b2e93504239603972bcd2e7b,6,insufficient_data,ValueError,detect_planes returned zero accepted planes
7ebff305b2e93504239603972bcd2e7b,14,insufficient_data,ValueError,detect_planes returned zero accepted planes
7ebff305b2e93504239603972bcd2e7b,26,insufficient_data,ValueError,detect_planes returned zero accepted planes
7f50a6bb1827b9f582bfcd34215ccfc7,1,insufficient_data,ValueError,detect_planes returned zero accepted planes
7f50a6bb1827b9f582bfcd34215ccfc7,6,insufficient_data,ValueError,detect_planes returned zero accepted planes
7f50a6bb1827b9f582bfcd34215ccfc7,14,insufficient_data,ValueError,detect_planes returned zero accepted planes
7f50a6bb1827b9f582bfcd34215ccfc7,26,insufficient_data,ValueError,detect_planes returned zero accepted planes
7f756e697cd03ac821844676433a0aca,1,insufficient_data,ValueError,detect_planes returned zero accepted planes
7f756e697cd03ac821844676433a0aca,6,insufficient_data,ValueError,detect_planes returned zero accepted planes
7f756e697cd03ac821844676433a0aca,14,insufficient_data,ValueError,detect_planes returned zero accepted planes
7f756e697cd03ac821844676433a0aca,26,insufficient_data,ValueError,detect_planes returned zero accepted planes
7fce8c7fc6ce0364fcd4910413c446d9,1,insufficient_data,ValueError,detect_planes returned zero accepted planes
7fce8c7fc6ce0364fcd4910413c446d9,6,insufficient_data,ValueError,detect_planes returned zero accepted planes
7fce8c7fc6ce0364fcd4910413c446d9,14,insufficient_data,ValueError,detect_planes returned zero accepted planes
7fce8c7fc6ce0364fcd4910413c446d9,26,insufficient_data,ValueError,detect_planes returned zero accepted planes
7fd1b974ea23815ba0338a523d3365ec,1,insufficient_data,ValueError,detect_planes returned zero accepted planes
7fd1b974ea23815ba0338a523d3365ec,6,insufficient_data,ValueError,detect_planes returned zero accepted planes
7fd1b974ea23815ba0338a523d3365ec,14,insufficient_data,ValueError,detect_planes returned zero accepted planes
7fd1b974ea23815ba0338a523d3365ec,26,insufficient_data,ValueError,detect_planes returned zero accepted planes
800da11834a991da3321831d2245cf06,1,insufficient_data,ValueError,detect_planes returned zero accepted planes
800da11834a991da3321831d2245cf06,6,insufficient_data,ValueError,detect_planes returned zero accepted planes
800da11834a991da3321831d2245cf06,14,insufficient_data,ValueError,detect_planes returned zero accepted planes
800da11834a991da3321831d2245cf06,26,insufficient_data,ValueError,detect_planes returned zero accepted planes
8020984fc6e83ac1331b5e6778e27aa,1,insufficient_data,ValueError,detect_planes returned zero accepted planes
8020984fc6e83ac1331b5e6778e27aa,6,insufficient_data,ValueError,detect_planes returned zero accepted planes
8020984fc6e83ac1331b5e6778e27aa,14,insufficient_data,ValueError,detect_planes returned zero accepted planes
8020984fc6e83ac1331b5e6778e27aa,26,insufficient_data,ValueError,detect_planes returned zero accepted planes
804cdf67685d7e592efffaf8e146c9c,1,insufficient_data,ValueError,detect_planes returned zero accepted planes
804cdf67685d7e592efffaf8e146c9c,6,insufficient_data,ValueError,detect_planes returned zero accepted planes
804cdf67685d7e592efffaf8e146c9c,14,insufficient_data,ValueError,detect_planes returned zero accepted planes
804cdf67685d7e592efffaf8e146c9c,26,insufficient_data,ValueError,detect_planes returned zero accepted planes
80593a84e45e4345f51f77a6d7299806,1,insufficient_data,ValueError,detect_planes returned zero accepted planes
80593a84e45e4345f51f77a6d7299806,6,insufficient_data,ValueError,detect_planes returned zero accepted planes
80593a84e45e4345f51f77a6d7299806,14,insufficient_data,ValueError,detect_planes returned zero accepted planes
80593a84e45e4345f51f77a6d7299806,26,insufficient_data,ValueError,detect_planes returned zero accepted planes
8094a6efa5efa16776d812857a5be1ce,1,insufficient_data,ValueError,detect_planes returned zero accepted planes
8094a6efa5efa16776d812857a5be1ce,6,insufficient_data,ValueError,detect_planes returned zero accepted planes
8094a6efa5efa16776d812857a5be1ce,14,insufficient_data,ValueError,detect_planes returned zero accepted planes
8094a6efa5efa16776d812857a5be1ce,26,insufficient_data,ValueError,detect_planes returned zero accepted planes
814bba8e48083abfdce1af5c27e3da18,1,insufficient_data,ValueError,detect_planes returned zero accepted planes
814bba8e48083abfdce1af5c27e3da18,6,insufficient_data,ValueError,detect_planes returned zero accepted planes
814bba8e48083abfdce1af5c27e3da18,14,insufficient_data,ValueError,detect_planes returned zero accepted planes
814bba8e48083abfdce1af5c27e3da18,26,insufficient_data,ValueError,detect_planes returned zero accepted planes
82be57a43d5d1e14fa286e2f06a75d07,1,insufficient_data,ValueError,detect_planes returned zero accepted planes
82be57a43d5d1e14fa286e2f06a75d07,6,insufficient_data,ValueError,detect_planes returned zero accepted planes
82be57a43d5d1e14fa286e2f06a75d07,14,insufficient_data,ValueError,detect_planes returned zero accepted planes
82be57a43d5d1e14fa286e2f06a75d07,26,insufficient_data,ValueError,detect_planes returned zero accepted planes
82d8391c62e197161282d4d9178caa92,1,insufficient_data,ValueError,detect_planes returned zero accepted planes
82d8391c62e197161282d4d9178caa92,6,insufficient_data,ValueError,detect_planes returned zero accepted planes
82d8391c62e197161282d4d9178caa92,14,insufficient_data,ValueError,detect_planes returned zero accepted planes
82d8391c62e197161282d4d9178caa92,26,insufficient_data,ValueError,detect_planes returned zero accepted planes
82e0e96bd89956d9f330eedffaf3339e,1,insufficient_data,ValueError,detect_planes returned zero accepted planes
82e0e96bd89956d9f330eedffaf3339e,6,insufficient_data,ValueError,detect_planes returned zero accepted planes
82e0e96bd89956d9f330eedffaf3339e,14,insufficient_data,ValueError,detect_planes returned zero accepted planes
82e0e96bd89956d9f330eedffaf3339e,26,insufficient_data,ValueError,detect_planes returned zero accepted planes
83412e29d5978b101f6dfedaba98d5f9,1,insufficient_data,ValueError,detect_planes returned zero accepted planes
83412e29d5978b101f6dfedaba98d5f9,6,insufficient_data,ValueError,detect_planes returned zero accepted planes
83412e29d5978b101f6dfedaba98d5f9,14,insufficient_data,ValueError,detect_planes returned zero accepted planes
83412e29d5978b101f6dfedaba98d5f9,26,insufficient_data,ValueError,detect_planes returned zero accepted planes
837330924dba611df6572e2c76e2d78e,1,insufficient_data,ValueError,detect_planes returned zero accepted planes
837330924dba611df6572e2c76e2d78e,6,insufficient_data,ValueError,detect_planes returned zero accepted planes
837330924dba611df6572e2c76e2d78e,14,insufficient_data,ValueError,detect_planes returned zero accepted planes
837330924dba611df6572e2c76e2d78e,26,insufficient_data,ValueError,detect_planes returned zero accepted planes
8399987b9bca0dd0e63a9e8397b31118,1,insufficient_data,ValueError,detect_planes returned zero accepted planes
8399987b9bca0dd0e63a9e8397b31118,6,insufficient_data,ValueError,detect_planes returned zero accepted planes
8399987b9bca0dd0e63a9e8397b31118,14,insufficient_data,ValueError,detect_planes returned zero accepted planes
8399987b9bca0dd0e63a9e8397b31118,26,insufficient_data,ValueError,detect_planes returned zero accepted planes
83c90f7b104816ecc748af2814b558c4,1,insufficient_data,ValueError,detect_planes returned zero accepted planes
83c90f7b104816ecc748af2814b558c4,6,insufficient_data,ValueError,detect_planes returned zero accepted planes
83c90f7b104816ecc748af2814b558c4,14,insufficient_data,ValueError,detect_planes returned zero accepted planes
83c90f7b104816ecc748af2814b558c4,26,insufficient_data,ValueError,detect_planes returned zero accepted planes
8497e02fa1662113776d8bc79b9caa2c,1,insufficient_data,ValueError,detect_planes returned zero accepted planes
8497e02fa1662113776d8bc79b9caa2c,6,insufficient_data,ValueError,detect_planes returned zero accepted planes
8497e02fa1662113776d8bc79b9caa2c,14,insufficient_data,ValueError,detect_planes returned zero accepted planes
8497e02fa1662113776d8bc79b9caa2c,26,insufficient_data,ValueError,detect_planes returned zero accepted planes
84aa911799cd87b4ad5067eac75a07f7,1,insufficient_data,ValueError,detect_planes returned zero accepted planes
84aa911799cd87b4ad5067eac75a07f7,6,insufficient_data,ValueError,detect_planes returned zero accepted planes
84aa911799cd87b4ad5067eac75a07f7,14,insufficient_data,ValueError,detect_planes returned zero accepted planes
84aa911799cd87b4ad5067eac75a07f7,26,insufficient_data,ValueError,detect_planes returned zero accepted planes
84efcf2796fad0d2917fe9209d09e56e,1,insufficient_data,ValueError,detect_planes returned zero accepted planes
84efcf2796fad0d2917fe9209d09e56e,6,insufficient_data,ValueError,detect_planes returned zero accepted planes
84efcf2796fad0d2917fe9209d09e56e,14,insufficient_data,ValueError,detect_planes returned zero accepted planes
84efcf2796fad0d2917fe9209d09e56e,26,insufficient_data,ValueError,detect_planes returned zero accepted planes
853f3c53280aa44fb63369d5dd85d25,1,insufficient_data,ValueError,detect_planes returned zero accepted planes
853f3c53280aa44fb63369d5dd85d25,6,insufficient_data,ValueError,detect_planes returned zero accepted planes
853f3c53280aa44fb63369d5dd85d25,14,insufficient_data,ValueError,detect_planes returned zero accepted planes
853f3c53280aa44fb63369d5dd85d25,26,insufficient_data,ValueError,detect_planes returned zero accepted planes
854ffe2c60091876e07a1c4b84dfd325,1,insufficient_data,ValueError,detect_planes returned zero accepted planes
854ffe2c60091876e07a1c4b84dfd325,6,insufficient_data,ValueError,detect_planes returned zero accepted planes
854ffe2c60091876e07a1c4b84dfd325,14,insufficient_data,ValueError,detect_planes returned zero accepted planes
854ffe2c60091876e07a1c4b84dfd325,26,insufficient_data,ValueError,detect_planes returned zero accepted planes
8596664f3d7925cdfdeb515ad63cf4b0,1,insufficient_data,ValueError,detect_planes returned zero accepted planes
8596664f3d7925cdfdeb515ad63cf4b0,6,insufficient_data,ValueError,detect_planes returned zero accepted planes
8596664f3d7925cdfdeb515ad63cf4b0,14,insufficient_data,ValueError,detect_planes returned zero accepted planes
8596664f3d7925cdfdeb515ad63cf4b0,26,insufficient_data,ValueError,detect_planes returned zero accepted planes
85bbc49aa67149c531baa3c9ee4148cd,1,insufficient_data,ValueError,detect_planes returned zero accepted planes
85bbc49aa67149c531baa3c9ee4148cd,6,insufficient_data,ValueError,detect_planes returned zero accepted planes
85bbc49aa67149c531baa3c9ee4148cd,14,insufficient_data,ValueError,detect_planes returned zero accepted planes
85bbc49aa67149c531baa3c9ee4148cd,26,insufficient_data,ValueError,detect_planes returned zero accepted planes
86059f6fa56a8c5e44175b4dddf5be08,1,insufficient_data,ValueError,detect_planes returned zero accepted planes
86059f6fa56a8c5e44175b4dddf5be08,6,insufficient_data,ValueError,detect_planes returned zero accepted planes
86059f6fa56a8c5e44175b4dddf5be08,14,insufficient_data,ValueError,detect_planes returned zero accepted planes
86059f6fa56a8c5e44175b4dddf5be08,26,insufficient_data,ValueError,detect_planes returned zero accepted planes
866b0fab7a3e54053555de1e3169ac6e,1,insufficient_data,ValueError,detect_planes returned zero accepted planes
866b0fab7a3e54053555de1e3169ac6e,6,insufficient_data,ValueError,detect_planes returned zero accepted planes
866b0fab7a3e54053555de1e3169ac6e,14,insufficient_data,ValueError,detect_planes returned zero accepted planes
866b0fab7a3e54053555de1e3169ac6e,26,insufficient_data,ValueError,detect_planes returned zero accepted planes
86838c0e4486ee7a8369c37b40e82efa,1,insufficient_data,ValueError,detect_planes returned zero accepted planes
86838c0e4486ee7a8369c37b40e82efa,6,insufficient_data,ValueError,detect_planes returned zero accepted planes
86838c0e4486ee7a8369c37b40e82efa,14,insufficient_data,ValueError,detect_planes returned zero accepted planes
86838c0e4486ee7a8369c37b40e82efa,26,insufficient_data,ValueError,detect_planes returned zero accepted planes
86880c061d80ebab3956bf2322987dd4,1,insufficient_data,ValueError,detect_planes returned zero accepted planes
86880c061d80ebab3956bf2322987dd4,6,insufficient_data,ValueError,detect_planes returned zero accepted planes
86880c061d80ebab3956bf2322987dd4,14,insufficient_data,ValueError,detect_planes returned zero accepted planes
86880c061d80ebab3956bf2322987dd4,26,insufficient_data,ValueError,detect_planes returned zero accepted planes
868d86e47bcf7c9d1dd03d3141d85a03,1,insufficient_data,ValueError,detect_planes returned zero accepted planes
868d86e47bcf7c9d1dd03d3141d85a03,6,insufficient_data,ValueError,detect_planes returned zero accepted planes
868d86e47bcf7c9d1dd03d3141d85a03,14,insufficient_data,ValueError,detect_planes returned zero accepted planes
868d86e47bcf7c9d1dd03d3141d85a03,26,insufficient_data,ValueError,detect_planes returned zero accepted planes
87348bdeb8bc74139ebd7d1067b13a,1,insufficient_data,ValueError,detect_planes returned zero accepted planes
87348bdeb8bc74139ebd7d1067b13a,6,insufficient_data,ValueError,detect_planes returned zero accepted planes
87348bdeb8bc74139ebd7d1067b13a,14,insufficient_data,ValueError,detect_planes returned zero accepted planes
87348bdeb8bc74139ebd7d1067b13a,26,insufficient_data,ValueError,detect_planes returned zero accepted planes
8757c29fd2ad648c193d7855ecfc1bd3,1,insufficient_data,ValueError,detect_planes returned zero accepted planes
8757c29fd2ad648c193d7855ecfc1bd3,6,insufficient_data,ValueError,detect_planes returned zero accepted planes
8757c29fd2ad648c193d7855ecfc1bd3,14,insufficient_data,ValueError,detect_planes returned zero accepted planes
8757c29fd2ad648c193d7855ecfc1bd3,26,insufficient_data,ValueError,detect_planes returned zero accepted planes
87afe5137d675efb73418f9a8c25ad1a,1,insufficient_data,ValueError,detect_planes returned zero accepted planes
87afe5137d675efb73418f9a8c25ad1a,6,insufficient_data,ValueError,detect_planes returned zero accepted planes
87afe5137d675efb73418f9a8c25ad1a,14,insufficient_data,ValueError,detect_planes returned zero accepted planes
87afe5137d675efb73418f9a8c25ad1a,26,insufficient_data,ValueError,detect_planes returned zero accepted planes
8834560018510194d8caaf6298f89d14,1,insufficient_data,ValueError,detect_planes returned zero accepted planes
8834560018510194d8caaf6298f89d14,6,insufficient_data,ValueError,detect_planes returned zero accepted planes
8834560018510194d8caaf6298f89d14,14,insufficient_data,ValueError,detect_planes returned zero accepted planes
8834560018510194d8caaf6298f89d14,26,insufficient_data,ValueError,detect_planes returned zero accepted planes
8843d862a7545d0d96db382b382d7132,1,insufficient_data,ValueError,detect_planes returned zero accepted planes
8843d862a7545d0d96db382b382d7132,6,insufficient_data,ValueError,detect_planes returned zero accepted planes
8843d862a7545d0d96db382b382d7132,14,insufficient_data,ValueError,detect_planes returned zero accepted planes
8843d862a7545d0d96db382b382d7132,26,insufficient_data,ValueError,detect_planes returned zero accepted planes
8873af9392bc7506f1cb19f636b1c2bd,1,insufficient_data,ValueError,detect_planes returned zero accepted planes
8873af9392bc7506f1cb19f636b1c2bd,6,insufficient_data,ValueError,detect_planes returned zero accepted planes
8873af9392bc7506f1cb19f636b1c2bd,14,insufficient_data,ValueError,detect_planes returned zero accepted planes
8873af9392bc7506f1cb19f636b1c2bd,26,insufficient_data,ValueError,detect_planes returned zero accepted planes
88a00b80d432ed5a577e7964e0284adb,1,insufficient_data,ValueError,detect_planes returned zero accepted planes
88a00b80d432ed5a577e7964e0284adb,6,insufficient_data,ValueError,detect_planes returned zero accepted planes
88a00b80d432ed5a577e7964e0284adb,14,insufficient_data,ValueError,detect_planes returned zero accepted planes
88a00b80d432ed5a577e7964e0284adb,26,insufficient_data,ValueError,detect_planes returned zero accepted planes
88f9fa58ee9ce3de1c863a93a9948fe0,1,insufficient_data,ValueError,detect_planes returned zero accepted planes
88f9fa58ee9ce3de1c863a93a9948fe0,6,insufficient_data,ValueError,detect_planes returned zero accepted planes
88f9fa58ee9ce3de1c863a93a9948fe0,14,insufficient_data,ValueError,detect_planes returned zero accepted planes
88f9fa58ee9ce3de1c863a93a9948fe0,26,insufficient_data,ValueError,detect_planes returned zero accepted planes
88fa7d07abfcf9f03cbbdb20d4d80207,1,insufficient_data,ValueError,detect_planes returned zero accepted planes
88fa7d07abfcf9f03cbbdb20d4d80207,6,insufficient_data,ValueError,detect_planes returned zero accepted planes
88fa7d07abfcf9f03cbbdb20d4d80207,14,insufficient_data,ValueError,detect_planes returned zero accepted planes
88fa7d07abfcf9f03cbbdb20d4d80207,26,insufficient_data,ValueError,detect_planes returned zero accepted planes
894f41b8e4e3231601104cd2d998272,1,insufficient_data,ValueError,detect_planes returned zero accepted planes
894f41b8e4e3231601104cd2d998272,6,insufficient_data,ValueError,detect_planes returned zero accepted planes
894f41b8e4e3231601104cd2d998272,14,insufficient_data,ValueError,detect_planes returned zero accepted planes
894f41b8e4e3231601104cd2d998272,26,insufficient_data,ValueError,detect_planes returned zero accepted planes
895563d304772f50ad5067eac75a07f7,1,insufficient_data,ValueError,detect_planes returned zero accepted planes
895563d304772f50ad5067eac75a07f7,6,insufficient_data,ValueError,detect_planes returned zero accepted planes
895563d304772f50ad5067eac75a07f7,14,insufficient_data,ValueError,detect_planes returned zero accepted planes
895563d304772f50ad5067eac75a07f7,26,insufficient_data,ValueError,detect_planes returned zero accepted planes
89618f2292b3d05d48d189f942cedc62,1,insufficient_data,ValueError,detect_planes returned zero accepted planes
89618f2292b3d05d48d189f942cedc62,6,insufficient_data,ValueError,detect_planes returned zero accepted planes
89618f2292b3d05d48d189f942cedc62,14,insufficient_data,ValueError,detect_planes returned zero accepted planes
89618f2292b3d05d48d189f942cedc62,26,insufficient_data,ValueError,detect_planes returned zero accepted planes
898c20d376d7d44e5eb64c1003065596,1,insufficient_data,ValueError,detect_planes returned zero accepted planes
898c20d376d7d44e5eb64c1003065596,6,insufficient_data,ValueError,detect_planes returned zero accepted planes
898c20d376d7d44e5eb64c1003065596,14,insufficient_data,ValueError,detect_planes returned zero accepted planes
898c20d376d7d44e5eb64c1003065596,26,insufficient_data,ValueError,detect_planes returned zero accepted planes
8a7f0dd58fbf14a4c59350d819542ec7,1,insufficient_data,ValueError,detect_planes returned zero accepted planes
8a7f0dd58fbf14a4c59350d819542ec7,6,insufficient_data,ValueError,detect_planes returned zero accepted planes
8a7f0dd58fbf14a4c59350d819542ec7,14,insufficient_data,ValueError,detect_planes returned zero accepted planes
8a7f0dd58fbf14a4c59350d819542ec7,26,insufficient_data,ValueError,detect_planes returned zero accepted planes
8b24699e1351a78ef8e7f2c38fe37243,1,insufficient_data,ValueError,detect_planes returned zero accepted planes
8b24699e1351a78ef8e7f2c38fe37243,6,insufficient_data,ValueError,detect_planes returned zero accepted planes
8b24699e1351a78ef8e7f2c38fe37243,14,insufficient_data,ValueError,detect_planes returned zero accepted planes
8b24699e1351a78ef8e7f2c38fe37243,26,insufficient_data,ValueError,detect_planes returned zero accepted planes
8b2951e32e0906bb5f6cb4951755315c,1,insufficient_data,ValueError,detect_planes returned zero accepted planes
8b2951e32e0906bb5f6cb4951755315c,6,insufficient_data,ValueError,detect_planes returned zero accepted planes
8b2951e32e0906bb5f6cb4951755315c,14,insufficient_data,ValueError,detect_planes returned zero accepted planes
8b2951e32e0906bb5f6cb4951755315c,26,insufficient_data,ValueError,detect_planes returned zero accepted planes
8b42485c93c122643321831d2245cf06,1,insufficient_data,ValueError,detect_planes returned zero accepted planes
8b42485c93c122643321831d2245cf06,6,insufficient_data,ValueError,detect_planes returned zero accepted planes
8b42485c93c122643321831d2245cf06,14,insufficient_data,ValueError,detect_planes returned zero accepted planes
8b42485c93c122643321831d2245cf06,26,insufficient_data,ValueError,detect_planes returned zero accepted planes
8b95e9545df064536436916a86a90ed7,1,insufficient_data,ValueError,detect_planes returned zero accepted planes
8b95e9545df064536436916a86a90ed7,6,insufficient_data,ValueError,detect_planes returned zero accepted planes
8b95e9545df064536436916a86a90ed7,14,insufficient_data,ValueError,detect_planes returned zero accepted planes
8b95e9545df064536436916a86a90ed7,26,insufficient_data,ValueError,detect_planes returned zero accepted planes
8bf63e9b3df32ff1e1aaa7ea27fc24bf,1,insufficient_data,ValueError,detect_planes returned zero accepted planes
8bf63e9b3df32ff1e1aaa7ea27fc24bf,6,insufficient_data,ValueError,detect_planes returned zero accepted planes
8bf63e9b3df32ff1e1aaa7ea27fc24bf,14,insufficient_data,ValueError,detect_planes returned zero accepted planes
8bf63e9b3df32ff1e1aaa7ea27fc24bf,26,insufficient_data,ValueError,detect_planes returned zero accepted planes
8c021db546a9248b582c9847073623b0,1,insufficient_data,ValueError,detect_planes returned zero accepted planes
8c021db546a9248b582c9847073623b0,6,insufficient_data,ValueError,detect_planes returned zero accepted planes
8c021db546a9248b582c9847073623b0,14,insufficient_data,ValueError,detect_planes returned zero accepted planes
8c021db546a9248b582c9847073623b0,26,insufficient_data,ValueError,detect_planes returned zero accepted planes
8c7cff4d76ceef7cff900d986c9dc4b4,1,insufficient_data,ValueError,detect_planes returned zero accepted planes
8c7cff4d76ceef7cff900d986c9dc4b4,6,insufficient_data,ValueError,detect_planes returned zero accepted planes
8c7cff4d76ceef7cff900d986c9dc4b4,14,insufficient_data,ValueError,detect_planes returned zero accepted planes
8c7cff4d76ceef7cff900d986c9dc4b4,26,insufficient_data,ValueError,detect_planes returned zero accepted planes
8cea38648128ef1ddc75c30c88b2f7a9,1,insufficient_data,ValueError,detect_planes returned zero accepted planes
8cea38648128ef1ddc75c30c88b2f7a9,6,insufficient_data,ValueError,detect_planes returned zero accepted planes
8cea38648128ef1ddc75c30c88b2f7a9,14,insufficient_data,ValueError,detect_planes returned zero accepted planes
8cea38648128ef1ddc75c30c88b2f7a9,26,insufficient_data,ValueError,detect_planes returned zero accepted planes
8d9903f1a197ea9af4fb4dee5181bee,1,insufficient_data,ValueError,detect_planes returned zero accepted planes
8d9903f1a197ea9af4fb4dee5181bee,6,insufficient_data,ValueError,detect_planes returned zero accepted planes
8d9903f1a197ea9af4fb4dee5181bee,14,insufficient_data,ValueError,detect_planes returned zero accepted planes
8d9903f1a197ea9af4fb4dee5181bee,26,insufficient_data,ValueError,detect_planes returned zero accepted planes
8da97531717192fc3215145fdcd9052,1,insufficient_data,ValueError,detect_planes returned zero accepted planes
8da97531717192fc3215145fdcd9052,6,insufficient_data,ValueError,detect_planes returned zero accepted planes
8da97531717192fc3215145fdcd9052,14,insufficient_data,ValueError,detect_planes returned zero accepted planes
8da97531717192fc3215145fdcd9052,26,insufficient_data,ValueError,detect_planes returned zero accepted planes
8e0e80eee17c86415a9da89784be865,1,insufficient_data,ValueError,detect_planes returned zero accepted planes
8e0e80eee17c86415a9da89784be865,6,insufficient_data,ValueError,detect_planes returned zero accepted planes
8e0e80eee17c86415a9da89784be865,14,insufficient_data,ValueError,detect_planes returned zero accepted planes
8e0e80eee17c86415a9da89784be865,26,insufficient_data,ValueError,detect_planes returned zero accepted planes
8e25c33aafaade0ad5067eac75a07f7,1,insufficient_data,ValueError,detect_planes returned zero accepted planes
8e25c33aafaade0ad5067eac75a07f7,6,insufficient_data,ValueError,detect_planes returned zero accepted planes
8e25c33aafaade0ad5067eac75a07f7,14,insufficient_data,ValueError,detect_planes returned zero accepted planes
8e25c33aafaade0ad5067eac75a07f7,26,insufficient_data,ValueError,detect_planes returned zero accepted planes
8e956bae37beff87c2743f037f439af3,1,insufficient_data,ValueError,detect_planes returned zero accepted planes
8e956bae37beff87c2743f037f439af3,6,insufficient_data,ValueError,detect_planes returned zero accepted planes
8e956bae37beff87c2743f037f439af3,14,insufficient_data,ValueError,detect_planes returned zero accepted planes
8e956bae37beff87c2743f037f439af3,26,insufficient_data,ValueError,detect_planes returned zero accepted planes
8ebeac47d29d649acb6267f1b348aaaa,1,insufficient_data,ValueError,detect_planes returned zero accepted planes
8ebeac47d29d649acb6267f1b348aaaa,6,insufficient_data,ValueError,detect_planes returned zero accepted planes
8ebeac47d29d649acb6267f1b348aaaa,14,insufficient_data,ValueError,detect_planes returned zero accepted planes
8ebeac47d29d649acb6267f1b348aaaa,26,insufficient_data,ValueError,detect_planes returned zero accepted planes
8f39d603e733eb58fcbe4e14ff0c4707,1,insufficient_data,ValueError,detect_planes returned zero accepted planes
8f39d603e733eb58fcbe4e14ff0c4707,6,insufficient_data,ValueError,detect_planes returned zero accepted planes
8f39d603e733eb58fcbe4e14ff0c4707,14,insufficient_data,ValueError,detect_planes returned zero accepted planes
8f39d603e733eb58fcbe4e14ff0c4707,26,insufficient_data,ValueError,detect_planes returned zero accepted planes
8f824b462a2870fd98e0d1738edd4f19,1,insufficient_data,ValueError,detect_planes returned zero accepted planes
8f824b462a2870fd98e0d1738edd4f19,6,insufficient_data,ValueError,detect_planes returned zero accepted planes
8f824b462a2870fd98e0d1738edd4f19,14,insufficient_data,ValueError,detect_planes returned zero accepted planes
8f824b462a2870fd98e0d1738edd4f19,26,insufficient_data,ValueError,detect_planes returned zero accepted planes
8fe23a363bf80c48f155d75bbf62b80,1,insufficient_data,ValueError,detect_planes returned zero accepted planes
8fe23a363bf80c48f155d75bbf62b80,6,insufficient_data,ValueError,detect_planes returned zero accepted planes
8fe23a363bf80c48f155d75bbf62b80,14,insufficient_data,ValueError,detect_planes returned zero accepted planes
8fe23a363bf80c48f155d75bbf62b80,26,insufficient_data,ValueError,detect_planes returned zero accepted planes
91be45a6b74f2fa283b00891f680579,1,insufficient_data,ValueError,detect_planes returned zero accepted planes
91be45a6b74f2fa283b00891f680579,6,insufficient_data,ValueError,detect_planes returned zero accepted planes
91be45a6b74f2fa283b00891f680579,14,insufficient_data,ValueError,detect_planes returned zero accepted planes
91be45a6b74f2fa283b00891f680579,26,insufficient_data,ValueError,detect_planes returned zero accepted planes
92e6546c4aca4ed14b96b665a8ac321,1,insufficient_data,ValueError,detect_planes returned zero accepted planes
92e6546c4aca4ed14b96b665a8ac321,6,insufficient_data,ValueError,detect_planes returned zero accepted planes
92e6546c4aca4ed14b96b665a8ac321,14,insufficient_data,ValueError,detect_planes returned zero accepted planes
92e6546c4aca4ed14b96b665a8ac321,26,insufficient_data,ValueError,detect_planes returned zero accepted planes
9332819c99f0ba07973f659238edf3c3,1,insufficient_data,ValueError,detect_planes returned zero accepted planes
9332819c99f0ba07973f659238edf3c3,6,insufficient_data,ValueError,detect_planes returned zero accepted planes
9332819c99f0ba07973f659238edf3c3,14,insufficient_data,ValueError,detect_planes returned zero accepted planes
9332819c99f0ba07973f659238edf3c3,26,insufficient_data,ValueError,detect_planes returned zero accepted planes
936eac04b6a873049954eae9164faecb,1,insufficient_data,ValueError,detect_planes returned zero accepted planes
936eac04b6a873049954eae9164faecb,6,insufficient_data,ValueError,detect_planes returned zero accepted planes
936eac04b6a873049954eae9164faecb,14,insufficient_data,ValueError,detect_planes returned zero accepted planes
936eac04b6a873049954eae9164faecb,26,insufficient_data,ValueError,detect_planes returned zero accepted planes
945805d18c0de73ae3e30e20ce3a5bf5,1,insufficient_data,ValueError,detect_planes returned zero accepted planes
945805d18c0de73ae3e30e20ce3a5bf5,6,insufficient_data,ValueError,detect_planes returned zero accepted planes
945805d18c0de73ae3e30e20ce3a5bf5,14,insufficient_data,ValueError,detect_planes returned zero accepted planes
945805d18c0de73ae3e30e20ce3a5bf5,26,insufficient_data,ValueError,detect_planes returned zero accepted planes
9460ebcbd28a8cb7d5a4a04ac21f0578,1,insufficient_data,ValueError,detect_planes returned zero accepted planes
9460ebcbd28a8cb7d5a4a04ac21f0578,6,insufficient_data,ValueError,detect_planes returned zero accepted planes
9460ebcbd28a8cb7d5a4a04ac21f0578,14,insufficient_data,ValueError,detect_planes returned zero accepted planes
9460ebcbd28a8cb7d5a4a04ac21f0578,26,insufficient_data,ValueError,detect_planes returned zero accepted planes
94a2f3859ed66873d2b12aa6a0f050b3,1,insufficient_data,ValueError,detect_planes returned zero accepted planes
94a2f3859ed66873d2b12aa6a0f050b3,6,insufficient_data,ValueError,detect_planes returned zero accepted planes
94a2f3859ed66873d2b12aa6a0f050b3,14,insufficient_data,ValueError,detect_planes returned zero accepted planes
94a2f3859ed66873d2b12aa6a0f050b3,26,insufficient_data,ValueError,detect_planes returned zero accepted planes
94ddf20a9a6e035e85f7a3de54751f1b,1,insufficient_data,ValueError,detect_planes returned zero accepted planes
94ddf20a9a6e035e85f7a3de54751f1b,6,insufficient_data,ValueError,detect_planes returned zero accepted planes
94ddf20a9a6e035e85f7a3de54751f1b,14,insufficient_data,ValueError,detect_planes returned zero accepted planes
94ddf20a9a6e035e85f7a3de54751f1b,26,insufficient_data,ValueError,detect_planes returned zero accepted planes
95440fc9b3fbb5fb1d4127b3f0e05b90,1,insufficient_data,ValueError,detect_planes returned zero accepted planes
95440fc9b3fbb5fb1d4127b3f0e05b90,6,insufficient_data,ValueError,detect_planes returned zero accepted planes
95440fc9b3fbb5fb1d4127b3f0e05b90,14,insufficient_data,ValueError,detect_planes returned zero accepted planes
95440fc9b3fbb5fb1d4127b3f0e05b90,26,insufficient_data,ValueError,detect_planes returned zero accepted planes
958fa3ccebcaa8246c4866b1c92b8a35,1,insufficient_data,ValueError,detect_planes returned zero accepted planes
958fa3ccebcaa8246c4866b1c92b8a35,6,insufficient_data,ValueError,detect_planes returned zero accepted planes
958fa3ccebcaa8246c4866b1c92b8a35,14,insufficient_data,ValueError,detect_planes returned zero accepted planes
958fa3ccebcaa8246c4866b1c92b8a35,26,insufficient_data,ValueError,detect_planes returned zero accepted planes
9681386c65c676875efd2d175ccffe45,1,insufficient_data,ValueError,detect_planes returned zero accepted planes
9681386c65c676875efd2d175ccffe45,6,insufficient_data,ValueError,detect_planes returned zero accepted planes
9681386c65c676875efd2d175ccffe45,14,insufficient_data,ValueError,detect_planes returned zero accepted planes
9681386c65c676875efd2d175ccffe45,26,insufficient_data,ValueError,detect_planes returned zero accepted planes
96d6d519784e40c0c066b9622c005c53,1,insufficient_data,ValueError,detect_planes returned zero accepted planes
96d6d519784e40c0c066b9622c005c53,6,insufficient_data,ValueError,detect_planes returned zero accepted planes
96d6d519784e40c0c066b9622c005c53,14,insufficient_data,ValueError,detect_planes returned zero accepted planes
96d6d519784e40c0c066b9622c005c53,26,insufficient_data,ValueError,detect_planes returned zero accepted planes
96d87da2fecf81ddd2b12aa6a0f050b3,1,insufficient_data,ValueError,detect_planes returned zero accepted planes
96d87da2fecf81ddd2b12aa6a0f050b3,6,insufficient_data,ValueError,detect_planes returned zero accepted planes
96d87da2fecf81ddd2b12aa6a0f050b3,14,insufficient_data,ValueError,detect_planes returned zero accepted planes
96d87da2fecf81ddd2b12aa6a0f050b3,26,insufficient_data,ValueError,detect_planes returned zero accepted planes
96e83c79e8d76d4519fb4103277a6b93,1,insufficient_data,ValueError,detect_planes returned zero accepted planes
96e83c79e8d76d4519fb4103277a6b93,6,insufficient_data,ValueError,detect_planes returned zero accepted planes
96e83c79e8d76d4519fb4103277a6b93,14,insufficient_data,ValueError,detect_planes returned zero accepted planes
96e83c79e8d76d4519fb4103277a6b93,26,insufficient_data,ValueError,detect_planes returned zero accepted planes
976e6d4efdcb81a0e9c2721ccab8cde4,1,insufficient_data,ValueError,detect_planes returned zero accepted planes
976e6d4efdcb81a0e9c2721ccab8cde4,6,insufficient_data,ValueError,detect_planes returned zero accepted planes
976e6d4efdcb81a0e9c2721ccab8cde4,14,insufficient_data,ValueError,detect_planes returned zero accepted planes
976e6d4efdcb81a0e9c2721ccab8cde4,26,insufficient_data,ValueError,detect_planes returned zero accepted planes
9790b84ae96e498d09efdd367bd2d59,1,insufficient_data,ValueError,detect_planes returned zero accepted planes
9790b84ae96e498d09efdd367bd2d59,6,insufficient_data,ValueError,detect_planes returned zero accepted planes
9790b84ae96e498d09efdd367bd2d59,14,insufficient_data,ValueError,detect_planes returned zero accepted planes
9790b84ae96e498d09efdd367bd2d59,26,insufficient_data,ValueError,detect_planes returned zero accepted planes
9897a75c64a369d458c73770090b865,1,insufficient_data,ValueError,detect_planes returned zero accepted planes
9897a75c64a369d458c73770090b865,6,insufficient_data,ValueError,detect_planes returned zero accepted planes
9897a75c64a369d458c73770090b865,14,insufficient_data,ValueError,detect_planes returned zero accepted planes
9897a75c64a369d458c73770090b865,26,insufficient_data,ValueError,detect_planes returned zero accepted planes
991c84609666c015da34af5fa7da2314,1,insufficient_data,ValueError,detect_planes returned zero accepted planes
991c84609666c015da34af5fa7da2314,6,insufficient_data,ValueError,detect_planes returned zero accepted planes
991c84609666c015da34af5fa7da2314,14,insufficient_data,ValueError,detect_planes returned zero accepted planes
991c84609666c015da34af5fa7da2314,26,insufficient_data,ValueError,detect_planes returned zero accepted planes
9aaad035af7e6ab1ed724609df3eb104,1,insufficient_data,ValueError,detect_planes returned zero accepted planes
9aaad035af7e6ab1ed724609df3eb104,6,insufficient_data,ValueError,detect_planes returned zero accepted planes
9aaad035af7e6ab1ed724609df3eb104,14,insufficient_data,ValueError,detect_planes returned zero accepted planes
9aaad035af7e6ab1ed724609df3eb104,26,insufficient_data,ValueError,detect_planes returned zero accepted planes
9aaca16b41037ccdb4522b651100b435,1,insufficient_data,ValueError,detect_planes returned zero accepted planes
9aaca16b41037ccdb4522b651100b435,6,insufficient_data,ValueError,detect_planes returned zero accepted planes
9aaca16b41037ccdb4522b651100b435,14,insufficient_data,ValueError,detect_planes returned zero accepted planes
9aaca16b41037ccdb4522b651100b435,26,insufficient_data,ValueError,detect_planes returned zero accepted planes
9b579915b883bea042a65b86449bc7bf,1,insufficient_data,ValueError,detect_planes returned zero accepted planes
9b579915b883bea042a65b86449bc7bf,6,insufficient_data,ValueError,detect_planes returned zero accepted planes
9b579915b883bea042a65b86449bc7bf,14,insufficient_data,ValueError,detect_planes returned zero accepted planes
9b579915b883bea042a65b86449bc7bf,26,insufficient_data,ValueError,detect_planes returned zero accepted planes
9b7b628bc8cc7463103d45b529610c5c,1,insufficient_data,ValueError,detect_planes returned zero accepted planes
9b7b628bc8cc7463103d45b529610c5c,6,insufficient_data,ValueError,detect_planes returned zero accepted planes
9b7b628bc8cc7463103d45b529610c5c,14,insufficient_data,ValueError,detect_planes returned zero accepted planes
9b7b628bc8cc7463103d45b529610c5c,26,insufficient_data,ValueError,detect_planes returned zero accepted planes
9b885f40e2d36819e4e346ee2650d150,1,insufficient_data,ValueError,detect_planes returned zero accepted planes
9b885f40e2d36819e4e346ee2650d150,6,insufficient_data,ValueError,detect_planes returned zero accepted planes
9b885f40e2d36819e4e346ee2650d150,14,insufficient_data,ValueError,detect_planes returned zero accepted planes
9b885f40e2d36819e4e346ee2650d150,26,insufficient_data,ValueError,detect_planes returned zero accepted planes
9b9a114cfee79bfb492d9da2668ec34c,1,insufficient_data,ValueError,detect_planes returned zero accepted planes
9b9a114cfee79bfb492d9da2668ec34c,6,insufficient_data,ValueError,detect_planes returned zero accepted planes
9b9a114cfee79bfb492d9da2668ec34c,14,insufficient_data,ValueError,detect_planes returned zero accepted planes
9b9a114cfee79bfb492d9da2668ec34c,26,insufficient_data,ValueError,detect_planes returned zero accepted planes
9b9b41d3d02ce68d1b009b4923bf4541,1,insufficient_data,ValueError,detect_planes returned zero accepted planes
9b9b41d3d02ce68d1b009b4923bf4541,6,insufficient_data,ValueError,detect_planes returned zero accepted planes
9b9b41d3d02ce68d1b009b4923bf4541,14,insufficient_data,ValueError,detect_planes returned zero accepted planes
9b9b41d3d02ce68d1b009b4923bf4541,26,insufficient_data,ValueError,detect_planes returned zero accepted planes
9b9cfaea2a7ba04c461ec9f1803b17a7,1,insufficient_data,ValueError,detect_planes returned zero accepted planes
9b9cfaea2a7ba04c461ec9f1803b17a7,6,insufficient_data,ValueError,detect_planes returned zero accepted planes
9b9cfaea2a7ba04c461ec9f1803b17a7,14,insufficient_data,ValueError,detect_planes returned zero accepted planes
9b9cfaea2a7ba04c461ec9f1803b17a7,26,insufficient_data,ValueError,detect_planes returned zero accepted planes
9b9e9ebdd5c4941452b2c671e4d4765b,1,insufficient_data,ValueError,detect_planes returned zero accepted planes
9b9e9ebdd5c4941452b2c671e4d4765b,6,insufficient_data,ValueError,detect_planes returned zero accepted planes
9b9e9ebdd5c4941452b2c671e4d4765b,14,insufficient_data,ValueError,detect_planes returned zero accepted planes
9b9e9ebdd5c4941452b2c671e4d4765b,26,insufficient_data,ValueError,detect_planes returned zero accepted planes
9c1310c5ab89888bd201085e80edb26a,1,insufficient_data,ValueError,detect_planes returned zero accepted planes
9c1310c5ab89888bd201085e80edb26a,6,insufficient_data,ValueError,detect_planes returned zero accepted planes
9c1310c5ab89888bd201085e80edb26a,14,insufficient_data,ValueError,detect_planes returned zero accepted planes
9c1310c5ab89888bd201085e80edb26a,26,insufficient_data,ValueError,detect_planes returned zero accepted planes
9cb54ee28aec14013cb02989e2da5a2a,1,insufficient_data,ValueError,detect_planes returned zero accepted planes
9cb54ee28aec14013cb02989e2da5a2a,6,insufficient_data,ValueError,detect_planes returned zero accepted planes
9cb54ee28aec14013cb02989e2da5a2a,14,insufficient_data,ValueError,detect_planes returned zero accepted planes
9cb54ee28aec14013cb02989e2da5a2a,26,insufficient_data,ValueError,detect_planes returned zero accepted planes
9cd6dc2b9d11016c49b3ccbe36f67015,1,insufficient_data,ValueError,detect_planes returned zero accepted planes
9cd6dc2b9d11016c49b3ccbe36f67015,6,insufficient_data,ValueError,detect_planes returned zero accepted planes
9cd6dc2b9d11016c49b3ccbe36f67015,14,insufficient_data,ValueError,detect_planes returned zero accepted planes
9cd6dc2b9d11016c49b3ccbe36f67015,26,insufficient_data,ValueError,detect_planes returned zero accepted planes
9ce1c0b588ad6ef84c3aee8e9d3a6ffa,1,insufficient_data,ValueError,detect_planes returned zero accepted planes
9ce1c0b588ad6ef84c3aee8e9d3a6ffa,6,insufficient_data,ValueError,detect_planes returned zero accepted planes
9ce1c0b588ad6ef84c3aee8e9d3a6ffa,14,insufficient_data,ValueError,detect_planes returned zero accepted planes
9ce1c0b588ad6ef84c3aee8e9d3a6ffa,26,insufficient_data,ValueError,detect_planes returned zero accepted planes
9d0428e82fee9fba50da8b99982a3057,1,insufficient_data,ValueError,detect_planes returned zero accepted planes
9d0428e82fee9fba50da8b99982a3057,6,insufficient_data,ValueError,detect_planes returned zero accepted planes
9d0428e82fee9fba50da8b99982a3057,14,insufficient_data,ValueError,detect_planes returned zero accepted planes
9d0428e82fee9fba50da8b99982a3057,26,insufficient_data,ValueError,detect_planes returned zero accepted planes
9d0a9c46bb6768fbd37a1bae74ee50a2,1,insufficient_data,ValueError,detect_planes returned zero accepted planes
9d0a9c46bb6768fbd37a1bae74ee50a2,6,insufficient_data,ValueError,detect_planes returned zero accepted planes
9d0a9c46bb6768fbd37a1bae74ee50a2,14,insufficient_data,ValueError,detect_planes returned zero accepted planes
9d0a9c46bb6768fbd37a1bae74ee50a2,26,insufficient_data,ValueError,detect_planes returned zero accepted planes
9ea0005f3d702b4f6cc679ef84e06ad6,1,insufficient_data,ValueError,detect_planes returned zero accepted planes
9ea0005f3d702b4f6cc679ef84e06ad6,6,insufficient_data,ValueError,detect_planes returned zero accepted planes
9ea0005f3d702b4f6cc679ef84e06ad6,14,insufficient_data,ValueError,detect_planes returned zero accepted planes
9ea0005f3d702b4f6cc679ef84e06ad6,26,insufficient_data,ValueError,detect_planes returned zero accepted planes
9ebca72c02d26886a6e82f4002a10be2,1,insufficient_data,ValueError,detect_planes returned zero accepted planes
9ebca72c02d26886a6e82f4002a10be2,6,insufficient_data,ValueError,detect_planes returned zero accepted planes
9ebca72c02d26886a6e82f4002a10be2,14,insufficient_data,ValueError,detect_planes returned zero accepted planes
9ebca72c02d26886a6e82f4002a10be2,26,insufficient_data,ValueError,detect_planes returned zero accepted planes
9ef3323c6ced7dfef313a0fb5fd4d79,1,insufficient_data,ValueError,detect_planes returned zero accepted planes
9ef3323c6ced7dfef313a0fb5fd4d79,6,insufficient_data,ValueError,detect_planes returned zero accepted planes
9ef3323c6ced7dfef313a0fb5fd4d79,14,insufficient_data,ValueError,detect_planes returned zero accepted planes
9ef3323c6ced7dfef313a0fb5fd4d79,26,insufficient_data,ValueError,detect_planes returned zero accepted planes
9f17f45a28d063e7391e4d6c585a697a,1,insufficient_data,ValueError,detect_planes returned zero accepted planes
9f17f45a28d063e7391e4d6c585a697a,6,insufficient_data,ValueError,detect_planes returned zero accepted planes
9f17f45a28d063e7391e4d6c585a697a,14,insufficient_data,ValueError,detect_planes returned zero accepted planes
9f17f45a28d063e7391e4d6c585a697a,26,insufficient_data,ValueError,detect_planes returned zero accepted planes
9ff5b01d1aec18b2aae529ab4a75c4af,1,insufficient_data,ValueError,detect_planes returned zero accepted planes
9ff5b01d1aec18b2aae529ab4a75c4af,6,insufficient_data,ValueError,detect_planes returned zero accepted planes
9ff5b01d1aec18b2aae529ab4a75c4af,14,insufficient_data,ValueError,detect_planes returned zero accepted planes
9ff5b01d1aec18b2aae529ab4a75c4af,26,insufficient_data,ValueError,detect_planes returned zero accepted planes
a0ffa64279a8c6f0f155d75bbf62b80,1,insufficient_data,ValueError,detect_planes returned zero accepted planes
a0ffa64279a8c6f0f155d75bbf62b80,6,insufficient_data,ValueError,detect_planes returned zero accepted planes
a0ffa64279a8c6f0f155d75bbf62b80,14,insufficient_data,ValueError,detect_planes returned zero accepted planes
a0ffa64279a8c6f0f155d75bbf62b80,26,insufficient_data,ValueError,detect_planes returned zero accepted planes
a1a8a811f5260ae675aa7f24a9b6003a,1,insufficient_data,ValueError,detect_planes returned zero accepted planes
a1a8a811f5260ae675aa7f24a9b6003a,6,insufficient_data,ValueError,detect_planes returned zero accepted planes
a1a8a811f5260ae675aa7f24a9b6003a,14,insufficient_data,ValueError,detect_planes returned zero accepted planes
a1a8a811f5260ae675aa7f24a9b6003a,26,insufficient_data,ValueError,detect_planes returned zero accepted planes
a20de35fdfc74932bf5e15f245b14644,1,insufficient_data,ValueError,detect_planes returned zero accepted planes
a20de35fdfc74932bf5e15f245b14644,6,insufficient_data,ValueError,detect_planes returned zero accepted planes
a20de35fdfc74932bf5e15f245b14644,14,insufficient_data,ValueError,detect_planes returned zero accepted planes
a20de35fdfc74932bf5e15f245b14644,26,insufficient_data,ValueError,detect_planes returned zero accepted planes
a23e4375e78df8d0e7ecdbe73ef4323c,1,insufficient_data,ValueError,detect_planes returned zero accepted planes
a23e4375e78df8d0e7ecdbe73ef4323c,6,insufficient_data,ValueError,detect_planes returned zero accepted planes
a23e4375e78df8d0e7ecdbe73ef4323c,14,insufficient_data,ValueError,detect_planes returned zero accepted planes
a23e4375e78df8d0e7ecdbe73ef4323c,26,insufficient_data,ValueError,detect_planes returned zero accepted planes
a2678cebeac0a8c9cb2a965e75be701c,1,insufficient_data,ValueError,detect_planes returned zero accepted planes
a2678cebeac0a8c9cb2a965e75be701c,6,insufficient_data,ValueError,detect_planes returned zero accepted planes
a2678cebeac0a8c9cb2a965e75be701c,14,insufficient_data,ValueError,detect_planes returned zero accepted planes
a2678cebeac0a8c9cb2a965e75be701c,26,insufficient_data,ValueError,detect_planes returned zero accepted planes
a2970be7c866fe33a2c59a4d90e63212,1,insufficient_data,ValueError,detect_planes returned zero accepted planes
a2970be7c866fe33a2c59a4d90e63212,6,insufficient_data,ValueError,detect_planes returned zero accepted planes
a2970be7c866fe33a2c59a4d90e63212,14,insufficient_data,ValueError,detect_planes returned zero accepted planes
a2970be7c866fe33a2c59a4d90e63212,26,insufficient_data,ValueError,detect_planes returned zero accepted planes
a2ee365a26f7ec623228b702032404a6,1,insufficient_data,ValueError,detect_planes returned zero accepted planes
a2ee365a26f7ec623228b702032404a6,6,insufficient_data,ValueError,detect_planes returned zero accepted planes
a2ee365a26f7ec623228b702032404a6,14,insufficient_data,ValueError,detect_planes returned zero accepted planes
a2ee365a26f7ec623228b702032404a6,26,insufficient_data,ValueError,detect_planes returned zero accepted planes
a349baf8780207242d3c7a83a255982c,1,insufficient_data,ValueError,detect_planes returned zero accepted planes
a349baf8780207242d3c7a83a255982c,6,insufficient_data,ValueError,detect_planes returned zero accepted planes
a349baf8780207242d3c7a83a255982c,14,insufficient_data,ValueError,detect_planes returned zero accepted planes
a349baf8780207242d3c7a83a255982c,26,insufficient_data,ValueError,detect_planes returned zero accepted planes
a4b457c41180e0b9fe52ffd0e748a1ab,1,insufficient_data,ValueError,detect_planes returned zero accepted planes
a4b457c41180e0b9fe52ffd0e748a1ab,6,insufficient_data,ValueError,detect_planes returned zero accepted planes
a4b457c41180e0b9fe52ffd0e748a1ab,14,insufficient_data,ValueError,detect_planes returned zero accepted planes
a4b457c41180e0b9fe52ffd0e748a1ab,26,insufficient_data,ValueError,detect_planes returned zero accepted planes
a501174de50bc9e675bdc2c2f4721bcd,1,insufficient_data,ValueError,detect_planes returned zero accepted planes
a501174de50bc9e675bdc2c2f4721bcd,6,insufficient_data,ValueError,detect_planes returned zero accepted planes
a501174de50bc9e675bdc2c2f4721bcd,14,insufficient_data,ValueError,detect_planes returned zero accepted planes
a501174de50bc9e675bdc2c2f4721bcd,26,insufficient_data,ValueError,detect_planes returned zero accepted planes
a5ce16faa5ecbc4bc6a5c971c030877d,1,insufficient_data,ValueError,detect_planes returned zero accepted planes
a5ce16faa5ecbc4bc6a5c971c030877d,6,insufficient_data,ValueError,detect_planes returned zero accepted planes
a5ce16faa5ecbc4bc6a5c971c030877d,14,insufficient_data,ValueError,detect_planes returned zero accepted planes
a5ce16faa5ecbc4bc6a5c971c030877d,26,insufficient_data,ValueError,detect_planes returned zero accepted planes
a71d07ab8246c80391c352d02061b3f7,1,insufficient_data,ValueError,detect_planes returned zero accepted planes
a71d07ab8246c80391c352d02061b3f7,6,insufficient_data,ValueError,detect_planes returned zero accepted planes
a71d07ab8246c80391c352d02061b3f7,14,insufficient_data,ValueError,detect_planes returned zero accepted planes
a71d07ab8246c80391c352d02061b3f7,26,insufficient_data,ValueError,detect_planes returned zero accepted planes
a76f63c6b3702a4981c9b20aad15512,1,insufficient_data,ValueError,detect_planes returned zero accepted planes
a76f63c6b3702a4981c9b20aad15512,6,insufficient_data,ValueError,detect_planes returned zero accepted planes
a76f63c6b3702a4981c9b20aad15512,14,insufficient_data,ValueError,detect_planes returned zero accepted planes
a76f63c6b3702a4981c9b20aad15512,26,insufficient_data,ValueError,detect_planes returned zero accepted planes
a85b9a3ace923e424721d5612f98ae26,1,insufficient_data,ValueError,detect_planes returned zero accepted planes
a85b9a3ace923e424721d5612f98ae26,6,insufficient_data,ValueError,detect_planes returned zero accepted planes
a85b9a3ace923e424721d5612f98ae26,14,insufficient_data,ValueError,detect_planes returned zero accepted planes
a85b9a3ace923e424721d5612f98ae26,26,insufficient_data,ValueError,detect_planes returned zero accepted planes
a969cd5e93fd389b3321831d2245cf06,1,insufficient_data,ValueError,detect_planes returned zero accepted planes
a969cd5e93fd389b3321831d2245cf06,6,insufficient_data,ValueError,detect_planes returned zero accepted planes
a969cd5e93fd389b3321831d2245cf06,14,insufficient_data,ValueError,detect_planes returned zero accepted planes
a969cd5e93fd389b3321831d2245cf06,26,insufficient_data,ValueError,detect_planes returned zero accepted planes
a9b7fbe4a8dd4d0c44f19502064e0a74,1,insufficient_data,ValueError,detect_planes returned zero accepted planes
a9b7fbe4a8dd4d0c44f19502064e0a74,6,insufficient_data,ValueError,detect_planes returned zero accepted planes
a9b7fbe4a8dd4d0c44f19502064e0a74,14,insufficient_data,ValueError,detect_planes returned zero accepted planes
a9b7fbe4a8dd4d0c44f19502064e0a74,26,insufficient_data,ValueError,detect_planes returned zero accepted planes
a9d7e7bb4d72c52f1574d21c0c95092f,1,insufficient_data,ValueError,detect_planes returned zero accepted planes
a9d7e7bb4d72c52f1574d21c0c95092f,6,insufficient_data,ValueError,detect_planes returned zero accepted planes
a9d7e7bb4d72c52f1574d21c0c95092f,14,insufficient_data,ValueError,detect_planes returned zero accepted planes
a9d7e7bb4d72c52f1574d21c0c95092f,26,insufficient_data,ValueError,detect_planes returned zero accepted planes
aa4ad2f41efb815cb022c94235bc8601,1,insufficient_data,ValueError,detect_planes returned zero accepted planes
aa4ad2f41efb815cb022c94235bc8601,6,insufficient_data,ValueError,detect_planes returned zero accepted planes
aa4ad2f41efb815cb022c94235bc8601,14,insufficient_data,ValueError,detect_planes returned zero accepted planes
aa4ad2f41efb815cb022c94235bc8601,26,insufficient_data,ValueError,detect_planes returned zero accepted planes
aa619a9f4b2e200495ff232cd38210b4,1,insufficient_data,ValueError,detect_planes returned zero accepted planes
aa619a9f4b2e200495ff232cd38210b4,6,insufficient_data,ValueError,detect_planes returned zero accepted planes
aa619a9f4b2e200495ff232cd38210b4,14,insufficient_data,ValueError,detect_planes returned zero accepted planes
aa619a9f4b2e200495ff232cd38210b4,26,insufficient_data,ValueError,detect_planes returned zero accepted planes
aa858f23b682f5616314c3b6a3a65519,1,insufficient_data,ValueError,detect_planes returned zero accepted planes
aa858f23b682f5616314c3b6a3a65519,6,insufficient_data,ValueError,detect_planes returned zero accepted planes
aa858f23b682f5616314c3b6a3a65519,14,insufficient_data,ValueError,detect_planes returned zero accepted planes
aa858f23b682f5616314c3b6a3a65519,26,insufficient_data,ValueError,detect_planes returned zero accepted planes
aa886bed91a13113d5498a74ca9ca78b,1,insufficient_data,ValueError,detect_planes returned zero accepted planes
aa886bed91a13113d5498a74ca9ca78b,6,insufficient_data,ValueError,detect_planes returned zero accepted planes
aa886bed91a13113d5498a74ca9ca78b,14,insufficient_data,ValueError,detect_planes returned zero accepted planes
aa886bed91a13113d5498a74ca9ca78b,26,insufficient_data,ValueError,detect_planes returned zero accepted planes
aac3c6db20d3248579cea75b38cb7ce,1,insufficient_data,ValueError,detect_planes returned zero accepted planes
aac3c6db20d3248579cea75b38cb7ce,6,insufficient_data,ValueError,detect_planes returned zero accepted planes
aac3c6db20d3248579cea75b38cb7ce,14,insufficient_data,ValueError,detect_planes returned zero accepted planes
aac3c6db20d3248579cea75b38cb7ce,26,insufficient_data,ValueError,detect_planes returned zero accepted planes
abaf150fbbcfa58e9f433921788191f3,1,insufficient_data,ValueError,detect_planes returned zero accepted planes
abaf150fbbcfa58e9f433921788191f3,6,insufficient_data,ValueError,detect_planes returned zero accepted planes
abaf150fbbcfa58e9f433921788191f3,14,insufficient_data,ValueError,detect_planes returned zero accepted planes
abaf150fbbcfa58e9f433921788191f3,26,insufficient_data,ValueError,detect_planes returned zero accepted planes
abcac243e3ed325b34943af333340cd2,1,insufficient_data,ValueError,detect_planes returned zero accepted planes
abcac243e3ed325b34943af333340cd2,6,insufficient_data,ValueError,detect_planes returned zero accepted planes
abcac243e3ed325b34943af333340cd2,14,insufficient_data,ValueError,detect_planes returned zero accepted planes
abcac243e3ed325b34943af333340cd2,26,insufficient_data,ValueError,detect_planes returned zero accepted planes
abcb5dc91337f47682db9fca4b68095,1,insufficient_data,ValueError,detect_planes returned zero accepted planes
abcb5dc91337f47682db9fca4b68095,6,insufficient_data,ValueError,detect_planes returned zero accepted planes
abcb5dc91337f47682db9fca4b68095,14,insufficient_data,ValueError,detect_planes returned zero accepted planes
abcb5dc91337f47682db9fca4b68095,26,insufficient_data,ValueError,detect_planes returned zero accepted planes
abdc4a823b1f78c397f47f3057557cbe,1,insufficient_data,ValueError,detect_planes returned zero accepted planes
abdc4a823b1f78c397f47f3057557cbe,6,insufficient_data,ValueError,detect_planes returned zero accepted planes
abdc4a823b1f78c397f47f3057557cbe,14,insufficient_data,ValueError,detect_planes returned zero accepted planes
abdc4a823b1f78c397f47f3057557cbe,26,insufficient_data,ValueError,detect_planes returned zero accepted planes
ac2ea2d41c57d1075999f9ba82d15928,1,insufficient_data,ValueError,detect_planes returned zero accepted planes
ac2ea2d41c57d1075999f9ba82d15928,6,insufficient_data,ValueError,detect_planes returned zero accepted planes
ac2ea2d41c57d1075999f9ba82d15928,14,insufficient_data,ValueError,detect_planes returned zero accepted planes
ac2ea2d41c57d1075999f9ba82d15928,26,insufficient_data,ValueError,detect_planes returned zero accepted planes
ac52cf0b598e930ab38d3c03866c1379,1,insufficient_data,ValueError,detect_planes returned zero accepted planes
ac52cf0b598e930ab38d3c03866c1379,6,insufficient_data,ValueError,detect_planes returned zero accepted planes
ac52cf0b598e930ab38d3c03866c1379,14,insufficient_data,ValueError,detect_planes returned zero accepted planes
ac52cf0b598e930ab38d3c03866c1379,26,insufficient_data,ValueError,detect_planes returned zero accepted planes
ac7935b217aeb58e19ca41cdb396f36,1,insufficient_data,ValueError,detect_planes returned zero accepted planes
ac7935b217aeb58e19ca41cdb396f36,6,insufficient_data,ValueError,detect_planes returned zero accepted planes
ac7935b217aeb58e19ca41cdb396f36,14,insufficient_data,ValueError,detect_planes returned zero accepted planes
ac7935b217aeb58e19ca41cdb396f36,26,insufficient_data,ValueError,detect_planes returned zero accepted planes
ad86354fb5faf1c98a4820926b2a786,1,insufficient_data,ValueError,detect_planes returned zero accepted planes
ad86354fb5faf1c98a4820926b2a786,6,insufficient_data,ValueError,detect_planes returned zero accepted planes
ad86354fb5faf1c98a4820926b2a786,14,insufficient_data,ValueError,detect_planes returned zero accepted planes
ad86354fb5faf1c98a4820926b2a786,26,insufficient_data,ValueError,detect_planes returned zero accepted planes
ae20b4fa1b552b62614d87bbb5364f6a,1,insufficient_data,ValueError,detect_planes returned zero accepted planes
ae20b4fa1b552b62614d87bbb5364f6a,6,insufficient_data,ValueError,detect_planes returned zero accepted planes
ae20b4fa1b552b62614d87bbb5364f6a,14,insufficient_data,ValueError,detect_planes returned zero accepted planes
ae20b4fa1b552b62614d87bbb5364f6a,26,insufficient_data,ValueError,detect_planes returned zero accepted planes
aea3c4f2687e97c92942fa3063963cb6,1,insufficient_data,ValueError,detect_planes returned zero accepted planes
aea3c4f2687e97c92942fa3063963cb6,6,insufficient_data,ValueError,detect_planes returned zero accepted planes
aea3c4f2687e97c92942fa3063963cb6,14,insufficient_data,ValueError,detect_planes returned zero accepted planes
aea3c4f2687e97c92942fa3063963cb6,26,insufficient_data,ValueError,detect_planes returned zero accepted planes
aea6cef49fd3a6ab3af30a3946d92feb,1,insufficient_data,ValueError,detect_planes returned zero accepted planes
aea6cef49fd3a6ab3af30a3946d92feb,6,insufficient_data,ValueError,detect_planes returned zero accepted planes
aea6cef49fd3a6ab3af30a3946d92feb,14,insufficient_data,ValueError,detect_planes returned zero accepted planes
aea6cef49fd3a6ab3af30a3946d92feb,26,insufficient_data,ValueError,detect_planes returned zero accepted planes
aedb07b6ad73e3b759a2046f98794106,1,insufficient_data,ValueError,detect_planes returned zero accepted planes
aedb07b6ad73e3b759a2046f98794106,6,insufficient_data,ValueError,detect_planes returned zero accepted planes
aedb07b6ad73e3b759a2046f98794106,14,insufficient_data,ValueError,detect_planes returned zero accepted planes
aedb07b6ad73e3b759a2046f98794106,26,insufficient_data,ValueError,detect_planes returned zero accepted planes
afa806973174e442ac4f72bf08dc79a6,1,insufficient_data,ValueError,detect_planes returned zero accepted planes
afa806973174e442ac4f72bf08dc79a6,6,insufficient_data,ValueError,detect_planes returned zero accepted planes
afa806973174e442ac4f72bf08dc79a6,14,insufficient_data,ValueError,detect_planes returned zero accepted planes
afa806973174e442ac4f72bf08dc79a6,26,insufficient_data,ValueError,detect_planes returned zero accepted planes
afc975c77f6d5a1bd23d6ce2c840685b,1,insufficient_data,ValueError,detect_planes returned zero accepted planes
afc975c77f6d5a1bd23d6ce2c840685b,6,insufficient_data,ValueError,detect_planes returned zero accepted planes
afc975c77f6d5a1bd23d6ce2c840685b,14,insufficient_data,ValueError,detect_planes returned zero accepted planes
afc975c77f6d5a1bd23d6ce2c840685b,26,insufficient_data,ValueError,detect_planes returned zero accepted planes
b044555289c7439f4c40f34de8f3bdb8,1,insufficient_data,ValueError,detect_planes returned zero accepted planes
b044555289c7439f4c40f34de8f3bdb8,6,insufficient_data,ValueError,detect_planes returned zero accepted planes
b044555289c7439f4c40f34de8f3bdb8,14,insufficient_data,ValueError,detect_planes returned zero accepted planes
b044555289c7439f4c40f34de8f3bdb8,26,insufficient_data,ValueError,detect_planes returned zero accepted planes
b0604333bb40f58136c3fba5bd012bf2,1,insufficient_data,ValueError,detect_planes returned zero accepted planes
b0604333bb40f58136c3fba5bd012bf2,6,insufficient_data,ValueError,detect_planes returned zero accepted planes
b0604333bb40f58136c3fba5bd012bf2,14,insufficient_data,ValueError,detect_planes returned zero accepted planes
b0604333bb40f58136c3fba5bd012bf2,26,insufficient_data,ValueError,detect_planes returned zero accepted planes
b09f17c66d25a38cf155d75bbf62b80,1,insufficient_data,ValueError,detect_planes returned zero accepted planes
b09f17c66d25a38cf155d75bbf62b80,6,insufficient_data,ValueError,detect_planes returned zero accepted planes
b09f17c66d25a38cf155d75bbf62b80,14,insufficient_data,ValueError,detect_planes returned zero accepted planes
b09f17c66d25a38cf155d75bbf62b80,26,insufficient_data,ValueError,detect_planes returned zero accepted planes
b0f329dc43af0fbd4da5feafe6f1c8fc,1,insufficient_data,ValueError,detect_planes returned zero accepted planes
b0f329dc43af0fbd4da5feafe6f1c8fc,6,insufficient_data,ValueError,detect_planes returned zero accepted planes
b0f329dc43af0fbd4da5feafe6f1c8fc,14,insufficient_data,ValueError,detect_planes returned zero accepted planes
b0f329dc43af0fbd4da5feafe6f1c8fc,26,insufficient_data,ValueError,detect_planes returned zero accepted planes
b123bc34ca87b8f88be7c8c5fdb9bd6d,1,insufficient_data,ValueError,detect_planes returned zero accepted planes
b123bc34ca87b8f88be7c8c5fdb9bd6d,6,insufficient_data,ValueError,detect_planes returned zero accepted planes
b123bc34ca87b8f88be7c8c5fdb9bd6d,14,insufficient_data,ValueError,detect_planes returned zero accepted planes
b123bc34ca87b8f88be7c8c5fdb9bd6d,26,insufficient_data,ValueError,detect_planes returned zero accepted planes
b12c3a046c326ca1d9b228d02c3319a3,1,insufficient_data,ValueError,detect_planes returned zero accepted planes
b12c3a046c326ca1d9b228d02c3319a3,6,insufficient_data,ValueError,detect_planes returned zero accepted planes
b12c3a046c326ca1d9b228d02c3319a3,14,insufficient_data,ValueError,detect_planes returned zero accepted planes
b12c3a046c326ca1d9b228d02c3319a3,26,insufficient_data,ValueError,detect_planes returned zero accepted planes
b14fa79d2a1efb586f7dd5dd40daa88a,1,insufficient_data,ValueError,detect_planes returned zero accepted planes
b14fa79d2a1efb586f7dd5dd40daa88a,6,insufficient_data,ValueError,detect_planes returned zero accepted planes
b14fa79d2a1efb586f7dd5dd40daa88a,14,insufficient_data,ValueError,detect_planes returned zero accepted planes
b14fa79d2a1efb586f7dd5dd40daa88a,26,insufficient_data,ValueError,detect_planes returned zero accepted planes
b154cb1a8dedb14345ef69cff7e6d57d,1,insufficient_data,ValueError,detect_planes returned zero accepted planes
b154cb1a8dedb14345ef69cff7e6d57d,6,insufficient_data,ValueError,detect_planes returned zero accepted planes
b154cb1a8dedb14345ef69cff7e6d57d,14,insufficient_data,ValueError,detect_planes returned zero accepted planes
b154cb1a8dedb14345ef69cff7e6d57d,26,insufficient_data,ValueError,detect_planes returned zero accepted planes
b19ff5aaa6a6940b412deb0d2b0f3dcd,1,insufficient_data,ValueError,detect_planes returned zero accepted planes
b19ff5aaa6a6940b412deb0d2b0f3dcd,6,insufficient_data,ValueError,detect_planes returned zero accepted planes
b19ff5aaa6a6940b412deb0d2b0f3dcd,14,insufficient_data,ValueError,detect_planes returned zero accepted planes
b19ff5aaa6a6940b412deb0d2b0f3dcd,26,insufficient_data,ValueError,detect_planes returned zero accepted planes
b218e59af74f0be4ee9005feeed08b86,1,insufficient_data,ValueError,detect_planes returned zero accepted planes
b218e59af74f0be4ee9005feeed08b86,6,insufficient_data,ValueError,detect_planes returned zero accepted planes
b218e59af74f0be4ee9005feeed08b86,14,insufficient_data,ValueError,detect_planes returned zero accepted planes
b218e59af74f0be4ee9005feeed08b86,26,insufficient_data,ValueError,detect_planes returned zero accepted planes
b21af8271ab47f79c82ee199db6586b1,1,insufficient_data,ValueError,detect_planes returned zero accepted planes
b21af8271ab47f79c82ee199db6586b1,6,insufficient_data,ValueError,detect_planes returned zero accepted planes
b21af8271ab47f79c82ee199db6586b1,14,insufficient_data,ValueError,detect_planes returned zero accepted planes
b21af8271ab47f79c82ee199db6586b1,26,insufficient_data,ValueError,detect_planes returned zero accepted planes
b296fbfbbe5dccf09c12d6260da9ac2b,1,insufficient_data,ValueError,detect_planes returned zero accepted planes
b296fbfbbe5dccf09c12d6260da9ac2b,6,insufficient_data,ValueError,detect_planes returned zero accepted planes
b296fbfbbe5dccf09c12d6260da9ac2b,14,insufficient_data,ValueError,detect_planes returned zero accepted planes
b296fbfbbe5dccf09c12d6260da9ac2b,26,insufficient_data,ValueError,detect_planes returned zero accepted planes
b399f7819e05c8bd492d9da2668ec34c,1,insufficient_data,ValueError,detect_planes returned zero accepted planes
b399f7819e05c8bd492d9da2668ec34c,6,insufficient_data,ValueError,detect_planes returned zero accepted planes
b399f7819e05c8bd492d9da2668ec34c,14,insufficient_data,ValueError,detect_planes returned zero accepted planes
b399f7819e05c8bd492d9da2668ec34c,26,insufficient_data,ValueError,detect_planes returned zero accepted planes
b3c8573a2d8b0a14c347936f40ef6857,1,insufficient_data,ValueError,detect_planes returned zero accepted planes
b3c8573a2d8b0a14c347936f40ef6857,6,insufficient_data,ValueError,detect_planes returned zero accepted planes
b3c8573a2d8b0a14c347936f40ef6857,14,insufficient_data,ValueError,detect_planes returned zero accepted planes
b3c8573a2d8b0a14c347936f40ef6857,26,insufficient_data,ValueError,detect_planes returned zero accepted planes
b4d4338a36711ccdb113389b677f57ff,1,insufficient_data,ValueError,detect_planes returned zero accepted planes
b4d4338a36711ccdb113389b677f57ff,6,insufficient_data,ValueError,detect_planes returned zero accepted planes
b4d4338a36711ccdb113389b677f57ff,14,insufficient_data,ValueError,detect_planes returned zero accepted planes
b4d4338a36711ccdb113389b677f57ff,26,insufficient_data,ValueError,detect_planes returned zero accepted planes
b56494e8810764286739a7caa0c577bd,1,insufficient_data,ValueError,detect_planes returned zero accepted planes
b56494e8810764286739a7caa0c577bd,6,insufficient_data,ValueError,detect_planes returned zero accepted planes
b56494e8810764286739a7caa0c577bd,14,insufficient_data,ValueError,detect_planes returned zero accepted planes
b56494e8810764286739a7caa0c577bd,26,insufficient_data,ValueError,detect_planes returned zero accepted planes
b56505eeac0de779289f8cbfc8541c14,1,insufficient_data,ValueError,detect_planes returned zero accepted planes
b56505eeac0de779289f8cbfc8541c14,6,insufficient_data,ValueError,detect_planes returned zero accepted planes
b56505eeac0de779289f8cbfc8541c14,14,insufficient_data,ValueError,detect_planes returned zero accepted planes
b56505eeac0de779289f8cbfc8541c14,26,insufficient_data,ValueError,detect_planes returned zero accepted planes
b5c4585baef4a036dae5edc5d34da94f,1,insufficient_data,ValueError,detect_planes returned zero accepted planes
b5c4585baef4a036dae5edc5d34da94f,6,insufficient_data,ValueError,detect_planes returned zero accepted planes
b5c4585baef4a036dae5edc5d34da94f,14,insufficient_data,ValueError,detect_planes returned zero accepted planes
b5c4585baef4a036dae5edc5d34da94f,26,insufficient_data,ValueError,detect_planes returned zero accepted planes
b6c745406a599dddad5067eac75a07f7,1,insufficient_data,ValueError,detect_planes returned zero accepted planes
b6c745406a599dddad5067eac75a07f7,6,insufficient_data,ValueError,detect_planes returned zero accepted planes
b6c745406a599dddad5067eac75a07f7,14,insufficient_data,ValueError,detect_planes returned zero accepted planes
b6c745406a599dddad5067eac75a07f7,26,insufficient_data,ValueError,detect_planes returned zero accepted planes
b7a9d8b469cb06037824b732b006daaa,1,insufficient_data,ValueError,detect_planes returned zero accepted planes
b7a9d8b469cb06037824b732b006daaa,6,insufficient_data,ValueError,detect_planes returned zero accepted planes
b7a9d8b469cb06037824b732b006daaa,14,insufficient_data,ValueError,detect_planes returned zero accepted planes
b7a9d8b469cb06037824b732b006daaa,26,insufficient_data,ValueError,detect_planes returned zero accepted planes
b865f12d17532a3fdb24fbbf172c2159,1,insufficient_data,ValueError,detect_planes returned zero accepted planes
b865f12d17532a3fdb24fbbf172c2159,6,insufficient_data,ValueError,detect_planes returned zero accepted planes
b865f12d17532a3fdb24fbbf172c2159,14,insufficient_data,ValueError,detect_planes returned zero accepted planes
b865f12d17532a3fdb24fbbf172c2159,26,insufficient_data,ValueError,detect_planes returned zero accepted planes
b8a2c7c7df404ab8e7ef9fff09638f8e,1,insufficient_data,ValueError,detect_planes returned zero accepted planes
b8a2c7c7df404ab8e7ef9fff09638f8e,6,insufficient_data,ValueError,detect_planes returned zero accepted planes
b8a2c7c7df404ab8e7ef9fff09638f8e,14,insufficient_data,ValueError,detect_planes returned zero accepted planes
b8a2c7c7df404ab8e7ef9fff09638f8e,26,insufficient_data,ValueError,detect_planes returned zero accepted planes
b93e07e84bdfd620f4000b62f164055f,1,insufficient_data,ValueError,detect_planes returned zero accepted planes
b93e07e84bdfd620f4000b62f164055f,6,insufficient_data,ValueError,detect_planes returned zero accepted planes
b93e07e84bdfd620f4000b62f164055f,14,insufficient_data,ValueError,detect_planes returned zero accepted planes
b93e07e84bdfd620f4000b62f164055f,26,insufficient_data,ValueError,detect_planes returned zero accepted planes
b94b76056a072784685e443e0ea51d93,1,insufficient_data,ValueError,detect_planes returned zero accepted planes
b94b76056a072784685e443e0ea51d93,6,insufficient_data,ValueError,detect_planes returned zero accepted planes
b94b76056a072784685e443e0ea51d93,14,insufficient_data,ValueError,detect_planes returned zero accepted planes
b94b76056a072784685e443e0ea51d93,26,insufficient_data,ValueError,detect_planes returned zero accepted planes
b9a6e086fa26907897eb0d3a9685d3ed,1,insufficient_data,ValueError,detect_planes returned zero accepted planes
b9a6e086fa26907897eb0d3a9685d3ed,6,insufficient_data,ValueError,detect_planes returned zero accepted planes
b9a6e086fa26907897eb0d3a9685d3ed,14,insufficient_data,ValueError,detect_planes returned zero accepted planes
b9a6e086fa26907897eb0d3a9685d3ed,26,insufficient_data,ValueError,detect_planes returned zero accepted planes
ba5e1671d26af2763c6c38b12db4d8f3,1,insufficient_data,ValueError,detect_planes returned zero accepted planes
ba5e1671d26af2763c6c38b12db4d8f3,6,insufficient_data,ValueError,detect_planes returned zero accepted planes
ba5e1671d26af2763c6c38b12db4d8f3,14,insufficient_data,ValueError,detect_planes returned zero accepted planes
ba5e1671d26af2763c6c38b12db4d8f3,26,insufficient_data,ValueError,detect_planes returned zero accepted planes
bacb5f46add42da9a53649a80e5aff8c,1,insufficient_data,ValueError,detect_planes returned zero accepted planes
bacb5f46add42da9a53649a80e5aff8c,6,insufficient_data,ValueError,detect_planes returned zero accepted planes
bacb5f46add42da9a53649a80e5aff8c,14,insufficient_data,ValueError,detect_planes returned zero accepted planes
bacb5f46add42da9a53649a80e5aff8c,26,insufficient_data,ValueError,detect_planes returned zero accepted planes
bafb5f206f100bffabd7f138f3335c2b,1,insufficient_data,ValueError,detect_planes returned zero accepted planes
bafb5f206f100bffabd7f138f3335c2b,6,insufficient_data,ValueError,detect_planes returned zero accepted planes
bafb5f206f100bffabd7f138f3335c2b,14,insufficient_data,ValueError,detect_planes returned zero accepted planes
bafb5f206f100bffabd7f138f3335c2b,26,insufficient_data,ValueError,detect_planes returned zero accepted planes
bb551a5c33e3743297a999e2367a4a2d,1,insufficient_data,ValueError,detect_planes returned zero accepted planes
bb551a5c33e3743297a999e2367a4a2d,6,insufficient_data,ValueError,detect_planes returned zero accepted planes
bb551a5c33e3743297a999e2367a4a2d,14,insufficient_data,ValueError,detect_planes returned zero accepted planes
bb551a5c33e3743297a999e2367a4a2d,26,insufficient_data,ValueError,detect_planes returned zero accepted planes
bb609567ff4d46a0a44768a940557d1c,1,insufficient_data,ValueError,detect_planes returned zero accepted planes
bb609567ff4d46a0a44768a940557d1c,6,insufficient_data,ValueError,detect_planes returned zero accepted planes
bb609567ff4d46a0a44768a940557d1c,14,insufficient_data,ValueError,detect_planes returned zero accepted planes
bb609567ff4d46a0a44768a940557d1c,26,insufficient_data,ValueError,detect_planes returned zero accepted planes
bba9c90254fb970b8dfaa3491bc0f718,1,insufficient_data,ValueError,detect_planes returned zero accepted planes
bba9c90254fb970b8dfaa3491bc0f718,6,insufficient_data,ValueError,detect_planes returned zero accepted planes
bba9c90254fb970b8dfaa3491bc0f718,14,insufficient_data,ValueError,detect_planes returned zero accepted planes
bba9c90254fb970b8dfaa3491bc0f718,26,insufficient_data,ValueError,detect_planes returned zero accepted planes
bd06d7b322a2c65147367565b9fdaec5,1,insufficient_data,ValueError,detect_planes returned zero accepted planes
bd06d7b322a2c65147367565b9fdaec5,6,insufficient_data,ValueError,detect_planes returned zero accepted planes
bd06d7b322a2c65147367565b9fdaec5,14,insufficient_data,ValueError,detect_planes returned zero accepted planes
bd06d7b322a2c65147367565b9fdaec5,26,insufficient_data,ValueError,detect_planes returned zero accepted planes
bd55f9190cb5c9ea3fe047712e43e185,1,insufficient_data,ValueError,detect_planes returned zero accepted planes
bd55f9190cb5c9ea3fe047712e43e185,6,insufficient_data,ValueError,detect_planes returned zero accepted planes
bd55f9190cb5c9ea3fe047712e43e185,14,insufficient_data,ValueError,detect_planes returned zero accepted planes
bd55f9190cb5c9ea3fe047712e43e185,26,insufficient_data,ValueError,detect_planes returned zero accepted planes
bd586b69c27f05c8fcb3c6c0ffedec6,1,insufficient_data,ValueError,detect_planes returned zero accepted planes
bd586b69c27f05c8fcb3c6c0ffedec6,6,insufficient_data,ValueError,detect_planes returned zero accepted planes
bd586b69c27f05c8fcb3c6c0ffedec6,14,insufficient_data,ValueError,detect_planes returned zero accepted planes
bd586b69c27f05c8fcb3c6c0ffedec6,26,insufficient_data,ValueError,detect_planes returned zero accepted planes
be935d47bfa0fd025eb64c1003065596,1,insufficient_data,ValueError,detect_planes returned zero accepted planes
be935d47bfa0fd025eb64c1003065596,6,insufficient_data,ValueError,detect_planes returned zero accepted planes
be935d47bfa0fd025eb64c1003065596,14,insufficient_data,ValueError,detect_planes returned zero accepted planes
be935d47bfa0fd025eb64c1003065596,26,insufficient_data,ValueError,detect_planes returned zero accepted planes
bedc697875ba693676c18e71fd49c4dc,1,insufficient_data,ValueError,detect_planes returned zero accepted planes
bedc697875ba693676c18e71fd49c4dc,6,insufficient_data,ValueError,detect_planes returned zero accepted planes
bedc697875ba693676c18e71fd49c4dc,14,insufficient_data,ValueError,detect_planes returned zero accepted planes
bedc697875ba693676c18e71fd49c4dc,26,insufficient_data,ValueError,detect_planes returned zero accepted planes
bf57fe6a331137c2abaf316e4a957cb1,1,insufficient_data,ValueError,detect_planes returned zero accepted planes
bf57fe6a331137c2abaf316e4a957cb1,6,insufficient_data,ValueError,detect_planes returned zero accepted planes
bf57fe6a331137c2abaf316e4a957cb1,14,insufficient_data,ValueError,detect_planes returned zero accepted planes
bf57fe6a331137c2abaf316e4a957cb1,26,insufficient_data,ValueError,detect_planes returned zero accepted planes
bf7342b225f836a9d2b12aa6a0f050b3,1,insufficient_data,ValueError,detect_planes returned zero accepted planes
bf7342b225f836a9d2b12aa6a0f050b3,6,insufficient_data,ValueError,detect_planes returned zero accepted planes
bf7342b225f836a9d2b12aa6a0f050b3,14,insufficient_data,ValueError,detect_planes returned zero accepted planes
bf7342b225f836a9d2b12aa6a0f050b3,26,insufficient_data,ValueError,detect_planes returned zero accepted planes
bfb230a906645dd14c3aee8e9d3a6ffa,1,insufficient_data,ValueError,detect_planes returned zero accepted planes
bfb230a906645dd14c3aee8e9d3a6ffa,6,insufficient_data,ValueError,detect_planes returned zero accepted planes
bfb230a906645dd14c3aee8e9d3a6ffa,14,insufficient_data,ValueError,detect_planes returned zero accepted planes
bfb230a906645dd14c3aee8e9d3a6ffa,26,insufficient_data,ValueError,detect_planes returned zero accepted planes
bfc242ae3d98762ece876412f61273f0,1,insufficient_data,ValueError,detect_planes returned zero accepted planes
bfc242ae3d98762ece876412f61273f0,6,insufficient_data,ValueError,detect_planes returned zero accepted planes
bfc242ae3d98762ece876412f61273f0,14,insufficient_data,ValueError,detect_planes returned zero accepted planes
bfc242ae3d98762ece876412f61273f0,26,insufficient_data,ValueError,detect_planes returned zero accepted planes
c01ecf4426f58beec3c7482d23c2379,1,insufficient_data,ValueError,detect_planes returned zero accepted planes
c01ecf4426f58beec3c7482d23c2379,6,insufficient_data,ValueError,detect_planes returned zero accepted planes
c01ecf4426f58beec3c7482d23c2379,14,insufficient_data,ValueError,detect_planes returned zero accepted planes
c01ecf4426f58beec3c7482d23c2379,26,insufficient_data,ValueError,detect_planes returned zero accepted planes
c02b905c5d602a7ebfc2343650cf257,1,insufficient_data,ValueError,detect_planes returned zero accepted planes
c02b905c5d602a7ebfc2343650cf257,6,insufficient_data,ValueError,detect_planes returned zero accepted planes
c02b905c5d602a7ebfc2343650cf257,14,insufficient_data,ValueError,detect_planes returned zero accepted planes
c02b905c5d602a7ebfc2343650cf257,26,insufficient_data,ValueError,detect_planes returned zero accepted planes
c09fe6e32490f4511b17743c18fb63dc,1,insufficient_data,ValueError,detect_planes returned zero accepted planes
c09fe6e32490f4511b17743c18fb63dc,6,insufficient_data,ValueError,detect_planes returned zero accepted planes
c09fe6e32490f4511b17743c18fb63dc,14,insufficient_data,ValueError,detect_planes returned zero accepted planes
c09fe6e32490f4511b17743c18fb63dc,26,insufficient_data,ValueError,detect_planes returned zero accepted planes
c0e755071b467ac433faf2dd5a7ff771,1,insufficient_data,ValueError,detect_planes returned zero accepted planes
c0e755071b467ac433faf2dd5a7ff771,6,insufficient_data,ValueError,detect_planes returned zero accepted planes
c0e755071b467ac433faf2dd5a7ff771,14,insufficient_data,ValueError,detect_planes returned zero accepted planes
c0e755071b467ac433faf2dd5a7ff771,26,insufficient_data,ValueError,detect_planes returned zero accepted planes
c1077972752aac54e8deab000196f61d,1,insufficient_data,ValueError,detect_planes returned zero accepted planes
c1077972752aac54e8deab000196f61d,6,insufficient_data,ValueError,detect_planes returned zero accepted planes
c1077972752aac54e8deab000196f61d,14,insufficient_data,ValueError,detect_planes returned zero accepted planes
c1077972752aac54e8deab000196f61d,26,insufficient_data,ValueError,detect_planes returned zero accepted planes
c150b150e25f4bd438f13d421c59f8e3,1,insufficient_data,ValueError,detect_planes returned zero accepted planes
c150b150e25f4bd438f13d421c59f8e3,6,insufficient_data,ValueError,detect_planes returned zero accepted planes
c150b150e25f4bd438f13d421c59f8e3,14,insufficient_data,ValueError,detect_planes returned zero accepted planes
c150b150e25f4bd438f13d421c59f8e3,26,insufficient_data,ValueError,detect_planes returned zero accepted planes
c1b8d982d97e337f19fb4103277a6b93,1,insufficient_data,ValueError,detect_planes returned zero accepted planes
c1b8d982d97e337f19fb4103277a6b93,6,insufficient_data,ValueError,detect_planes returned zero accepted planes
c1b8d982d97e337f19fb4103277a6b93,14,insufficient_data,ValueError,detect_planes returned zero accepted planes
c1b8d982d97e337f19fb4103277a6b93,26,insufficient_data,ValueError,detect_planes returned zero accepted planes
c1fd0e8de18620ba27e7754e513f7fef,1,insufficient_data,ValueError,detect_planes returned zero accepted planes
c1fd0e8de18620ba27e7754e513f7fef,6,insufficient_data,ValueError,detect_planes returned zero accepted planes
c1fd0e8de18620ba27e7754e513f7fef,14,insufficient_data,ValueError,detect_planes returned zero accepted planes
c1fd0e8de18620ba27e7754e513f7fef,26,insufficient_data,ValueError,detect_planes returned zero accepted planes
c2441f4ed9ee23984d44f5db04bf14b8,1,insufficient_data,ValueError,detect_planes returned zero accepted planes
c2441f4ed9ee23984d44f5db04bf14b8,6,insufficient_data,ValueError,detect_planes returned zero accepted planes
c2441f4ed9ee23984d44f5db04bf14b8,14,insufficient_data,ValueError,detect_planes returned zero accepted planes
c2441f4ed9ee23984d44f5db04bf14b8,26,insufficient_data,ValueError,detect_planes returned zero accepted planes
c2799e2c3f5845f22d42c1e28ea24b6e,1,insufficient_data,ValueError,detect_planes returned zero accepted planes
c2799e2c3f5845f22d42c1e28ea24b6e,6,insufficient_data,ValueError,detect_planes returned zero accepted planes
c2799e2c3f5845f22d42c1e28ea24b6e,14,insufficient_data,ValueError,detect_planes returned zero accepted planes
c2799e2c3f5845f22d42c1e28ea24b6e,26,insufficient_data,ValueError,detect_planes returned zero accepted planes
c28ec663f25bc97de8bdcdb326f0e57b,1,insufficient_data,ValueError,detect_planes returned zero accepted planes
c28ec663f25bc97de8bdcdb326f0e57b,6,insufficient_data,ValueError,detect_planes returned zero accepted planes
c28ec663f25bc97de8bdcdb326f0e57b,14,insufficient_data,ValueError,detect_planes returned zero accepted planes
c28ec663f25bc97de8bdcdb326f0e57b,26,insufficient_data,ValueError,detect_planes returned zero accepted planes
c2c0a205bb318031ed98cca8f0ccd5f7,1,insufficient_data,ValueError,detect_planes returned zero accepted planes
c2c0a205bb318031ed98cca8f0ccd5f7,6,insufficient_data,ValueError,detect_planes returned zero accepted planes
c2c0a205bb318031ed98cca8f0ccd5f7,14,insufficient_data,ValueError,detect_planes returned zero accepted planes
c2c0a205bb318031ed98cca8f0ccd5f7,26,insufficient_data,ValueError,detect_planes returned zero accepted planes
c327cc501312d1bab9492d4f3d8bee7c,1,insufficient_data,ValueError,detect_planes returned zero accepted planes
c327cc501312d1bab9492d4f3d8bee7c,6,insufficient_data,ValueError,detect_planes returned zero accepted planes
c327cc501312d1bab9492d4f3d8bee7c,14,insufficient_data,ValueError,detect_planes returned zero accepted planes
c327cc501312d1bab9492d4f3d8bee7c,26,insufficient_data,ValueError,detect_planes returned zero accepted planes
c3a90bcecce7f4817b6fd5468f603b31,1,insufficient_data,ValueError,detect_planes returned zero accepted planes
c3a90bcecce7f4817b6fd5468f603b31,6,insufficient_data,ValueError,detect_planes returned zero accepted planes
c3a90bcecce7f4817b6fd5468f603b31,14,insufficient_data,ValueError,detect_planes returned zero accepted planes
c3a90bcecce7f4817b6fd5468f603b31,26,insufficient_data,ValueError,detect_planes returned zero accepted planes
c48e3ab1cc01521cdfaef96860d73193,1,insufficient_data,ValueError,detect_planes returned zero accepted planes
c48e3ab1cc01521cdfaef96860d73193,6,insufficient_data,ValueError,detect_planes returned zero accepted planes
c48e3ab1cc01521cdfaef96860d73193,14,insufficient_data,ValueError,detect_planes returned zero accepted planes
c48e3ab1cc01521cdfaef96860d73193,26,insufficient_data,ValueError,detect_planes returned zero accepted planes
c4cb5bcb1a9399ae504721639e19f609,1,insufficient_data,ValueError,detect_planes returned zero accepted planes
c4cb5bcb1a9399ae504721639e19f609,6,insufficient_data,ValueError,detect_planes returned zero accepted planes
c4cb5bcb1a9399ae504721639e19f609,14,insufficient_data,ValueError,detect_planes returned zero accepted planes
c4cb5bcb1a9399ae504721639e19f609,26,insufficient_data,ValueError,detect_planes returned zero accepted planes
c4db384855e345009f8c3d2002c77ddb,1,insufficient_data,ValueError,detect_planes returned zero accepted planes
c4db384855e345009f8c3d2002c77ddb,6,insufficient_data,ValueError,detect_planes returned zero accepted planes
c4db384855e345009f8c3d2002c77ddb,14,insufficient_data,ValueError,detect_planes returned zero accepted planes
c4db384855e345009f8c3d2002c77ddb,26,insufficient_data,ValueError,detect_planes returned zero accepted planes
c50e814a2e40e78ce8784f880dac0f61,1,insufficient_data,ValueError,detect_planes returned zero accepted planes
c50e814a2e40e78ce8784f880dac0f61,6,insufficient_data,ValueError,detect_planes returned zero accepted planes
c50e814a2e40e78ce8784f880dac0f61,14,insufficient_data,ValueError,detect_planes returned zero accepted planes
c50e814a2e40e78ce8784f880dac0f61,26,insufficient_data,ValueError,detect_planes returned zero accepted planes
c52531bfe9fcb17a87586c1eb104adc8,1,insufficient_data,ValueError,detect_planes returned zero accepted planes
c52531bfe9fcb17a87586c1eb104adc8,6,insufficient_data,ValueError,detect_planes returned zero accepted planes
c52531bfe9fcb17a87586c1eb104adc8,14,insufficient_data,ValueError,detect_planes returned zero accepted planes
c52531bfe9fcb17a87586c1eb104adc8,26,insufficient_data,ValueError,detect_planes returned zero accepted planes
c55498c03c913177d200faae04ce3f8,1,insufficient_data,ValueError,detect_planes returned zero accepted planes
c55498c03c913177d200faae04ce3f8,6,insufficient_data,ValueError,detect_planes returned zero accepted planes
c55498c03c913177d200faae04ce3f8,14,insufficient_data,ValueError,detect_planes returned zero accepted planes
c55498c03c913177d200faae04ce3f8,26,insufficient_data,ValueError,detect_planes returned zero accepted planes
c5de940102fa0cdb50da8b99982a3057,1,insufficient_data,ValueError,detect_planes returned zero accepted planes
c5de940102fa0cdb50da8b99982a3057,6,insufficient_data,ValueError,detect_planes returned zero accepted planes
c5de940102fa0cdb50da8b99982a3057,14,insufficient_data,ValueError,detect_planes returned zero accepted planes
c5de940102fa0cdb50da8b99982a3057,26,insufficient_data,ValueError,detect_planes returned zero accepted planes
c625f1771e40e374e1c27dfba919adc5,1,insufficient_data,ValueError,detect_planes returned zero accepted planes
c625f1771e40e374e1c27dfba919adc5,6,insufficient_data,ValueError,detect_planes returned zero accepted planes
c625f1771e40e374e1c27dfba919adc5,14,insufficient_data,ValueError,detect_planes returned zero accepted planes
c625f1771e40e374e1c27dfba919adc5,26,insufficient_data,ValueError,detect_planes returned zero accepted planes
c71738e3b314a72411afa9f5eb84a7ae,1,insufficient_data,ValueError,detect_planes returned zero accepted planes
c71738e3b314a72411afa9f5eb84a7ae,6,insufficient_data,ValueError,detect_planes returned zero accepted planes
c71738e3b314a72411afa9f5eb84a7ae,14,insufficient_data,ValueError,detect_planes returned zero accepted planes
c71738e3b314a72411afa9f5eb84a7ae,26,insufficient_data,ValueError,detect_planes returned zero accepted planes
c7418e21982dcb508c2f9e4176bfe555,1,insufficient_data,ValueError,detect_planes returned zero accepted planes
c7418e21982dcb508c2f9e4176bfe555,6,insufficient_data,ValueError,detect_planes returned zero accepted planes
c7418e21982dcb508c2f9e4176bfe555,14,insufficient_data,ValueError,detect_planes returned zero accepted planes
c7418e21982dcb508c2f9e4176bfe555,26,insufficient_data,ValueError,detect_planes returned zero accepted planes
c766463a3623d0ab8a0181490cb73cbc,1,insufficient_data,ValueError,detect_planes returned zero accepted planes
c766463a3623d0ab8a0181490cb73cbc,6,insufficient_data,ValueError,detect_planes returned zero accepted planes
c766463a3623d0ab8a0181490cb73cbc,14,insufficient_data,ValueError,detect_planes returned zero accepted planes
c766463a3623d0ab8a0181490cb73cbc,26,insufficient_data,ValueError,detect_planes returned zero accepted planes
c79fc66b27a900ac842d08202a7fd76,1,insufficient_data,ValueError,detect_planes returned zero accepted planes
c79fc66b27a900ac842d08202a7fd76,6,insufficient_data,ValueError,detect_planes returned zero accepted planes
c79fc66b27a900ac842d08202a7fd76,14,insufficient_data,ValueError,detect_planes returned zero accepted planes
c79fc66b27a900ac842d08202a7fd76,26,insufficient_data,ValueError,detect_planes returned zero accepted planes
c7c0c46ba87f11ca4c62bee40dcdc539,1,insufficient_data,ValueError,detect_planes returned zero accepted planes
c7c0c46ba87f11ca4c62bee40dcdc539,6,insufficient_data,ValueError,detect_planes returned zero accepted planes
c7c0c46ba87f11ca4c62bee40dcdc539,14,insufficient_data,ValueError,detect_planes returned zero accepted planes
c7c0c46ba87f11ca4c62bee40dcdc539,26,insufficient_data,ValueError,detect_planes returned zero accepted planes
c7d59921f034165880403be969162a9b,1,insufficient_data,ValueError,detect_planes returned zero accepted planes
c7d59921f034165880403be969162a9b,6,insufficient_data,ValueError,detect_planes returned zero accepted planes
c7d59921f034165880403be969162a9b,14,insufficient_data,ValueError,detect_planes returned zero accepted planes
c7d59921f034165880403be969162a9b,26,insufficient_data,ValueError,detect_planes returned zero accepted planes
c7fef6ae7f7f91814a0be3d856af9ad,1,insufficient_data,ValueError,detect_planes returned zero accepted planes
c7fef6ae7f7f91814a0be3d856af9ad,6,insufficient_data,ValueError,detect_planes returned zero accepted planes
c7fef6ae7f7f91814a0be3d856af9ad,14,insufficient_data,ValueError,detect_planes returned zero accepted planes
c7fef6ae7f7f91814a0be3d856af9ad,26,insufficient_data,ValueError,detect_planes returned zero accepted planes
c956fdc19b02782bb7a867e9b35a1295,1,insufficient_data,ValueError,detect_planes returned zero accepted planes
c956fdc19b02782bb7a867e9b35a1295,6,insufficient_data,ValueError,detect_planes returned zero accepted planes
c956fdc19b02782bb7a867e9b35a1295,14,insufficient_data,ValueError,detect_planes returned zero accepted planes
c956fdc19b02782bb7a867e9b35a1295,26,insufficient_data,ValueError,detect_planes returned zero accepted planes
c9576be714b6cf2d219113a79b8c092d,1,insufficient_data,ValueError,detect_planes returned zero accepted planes
c9576be714b6cf2d219113a79b8c092d,6,insufficient_data,ValueError,detect_planes returned zero accepted planes
c9576be714b6cf2d219113a79b8c092d,14,insufficient_data,ValueError,detect_planes returned zero accepted planes
c9576be714b6cf2d219113a79b8c092d,26,insufficient_data,ValueError,detect_planes returned zero accepted planes
c9c6445740eaaa74a495c196d4f0cebb,1,insufficient_data,ValueError,detect_planes returned zero accepted planes
c9c6445740eaaa74a495c196d4f0cebb,6,insufficient_data,ValueError,detect_planes returned zero accepted planes
c9c6445740eaaa74a495c196d4f0cebb,14,insufficient_data,ValueError,detect_planes returned zero accepted planes
c9c6445740eaaa74a495c196d4f0cebb,26,insufficient_data,ValueError,detect_planes returned zero accepted planes
c9d1159874c934f16f1b09a7281511b8,1,insufficient_data,ValueError,detect_planes returned zero accepted planes
c9d1159874c934f16f1b09a7281511b8,6,insufficient_data,ValueError,detect_planes returned zero accepted planes
c9d1159874c934f16f1b09a7281511b8,14,insufficient_data,ValueError,detect_planes returned zero accepted planes
c9d1159874c934f16f1b09a7281511b8,26,insufficient_data,ValueError,detect_planes returned zero accepted planes
ca1c1c9aba8f4491a656de49935d2359,1,insufficient_data,ValueError,detect_planes returned zero accepted planes
ca1c1c9aba8f4491a656de49935d2359,6,insufficient_data,ValueError,detect_planes returned zero accepted planes
ca1c1c9aba8f4491a656de49935d2359,14,insufficient_data,ValueError,detect_planes returned zero accepted planes
ca1c1c9aba8f4491a656de49935d2359,26,insufficient_data,ValueError,detect_planes returned zero accepted planes
cece5afa11b5ea16d2096b2fa6f98cc7,1,insufficient_data,ValueError,detect_planes returned zero accepted planes
cece5afa11b5ea16d2096b2fa6f98cc7,6,insufficient_data,ValueError,detect_planes returned zero accepted planes
cece5afa11b5ea16d2096b2fa6f98cc7,14,insufficient_data,ValueError,detect_planes returned zero accepted planes
cece5afa11b5ea16d2096b2fa6f98cc7,26,insufficient_data,ValueError,detect_planes returned zero accepted planes
cf4075a6207a77fad5067eac75a07f7,1,insufficient_data,ValueError,detect_planes returned zero accepted planes
cf4075a6207a77fad5067eac75a07f7,6,insufficient_data,ValueError,detect_planes returned zero accepted planes
cf4075a6207a77fad5067eac75a07f7,14,insufficient_data,ValueError,detect_planes returned zero accepted planes
cf4075a6207a77fad5067eac75a07f7,26,insufficient_data,ValueError,detect_planes returned zero accepted planes
cf57b6a6baeb421c8c180d5d98aa66c6,1,insufficient_data,ValueError,detect_planes returned zero accepted planes
cf57b6a6baeb421c8c180d5d98aa66c6,6,insufficient_data,ValueError,detect_planes returned zero accepted planes
cf57b6a6baeb421c8c180d5d98aa66c6,14,insufficient_data,ValueError,detect_planes returned zero accepted planes
cf57b6a6baeb421c8c180d5d98aa66c6,26,insufficient_data,ValueError,detect_planes returned zero accepted planes
d0cc83d6fded7f1cc98c13d6112727de,1,insufficient_data,ValueError,detect_planes returned zero accepted planes
d0cc83d6fded7f1cc98c13d6112727de,6,insufficient_data,ValueError,detect_planes returned zero accepted planes
d0cc83d6fded7f1cc98c13d6112727de,14,insufficient_data,ValueError,detect_planes returned zero accepted planes
d0cc83d6fded7f1cc98c13d6112727de,26,insufficient_data,ValueError,detect_planes returned zero accepted planes
d1f70630a6dd39ab5c3e3ca6678c6811,1,insufficient_data,ValueError,detect_planes returned zero accepted planes
d1f70630a6dd39ab5c3e3ca6678c6811,6,insufficient_data,ValueError,detect_planes returned zero accepted planes
d1f70630a6dd39ab5c3e3ca6678c6811,14,insufficient_data,ValueError,detect_planes returned zero accepted planes
d1f70630a6dd39ab5c3e3ca6678c6811,26,insufficient_data,ValueError,detect_planes returned zero accepted planes
d2553e5fc4f1527cfeae521e94848af6,1,insufficient_data,ValueError,detect_planes returned zero accepted planes
d2553e5fc4f1527cfeae521e94848af6,6,insufficient_data,ValueError,detect_planes returned zero accepted planes
d2553e5fc4f1527cfeae521e94848af6,14,insufficient_data,ValueError,detect_planes returned zero accepted planes
d2553e5fc4f1527cfeae521e94848af6,26,insufficient_data,ValueError,detect_planes returned zero accepted planes
d26eb320ce4753d03ae1361afc45ac52,1,insufficient_data,ValueError,detect_planes returned zero accepted planes
d26eb320ce4753d03ae1361afc45ac52,6,insufficient_data,ValueError,detect_planes returned zero accepted planes
d26eb320ce4753d03ae1361afc45ac52,14,insufficient_data,ValueError,detect_planes returned zero accepted planes
d26eb320ce4753d03ae1361afc45ac52,26,insufficient_data,ValueError,detect_planes returned zero accepted planes
d2a511578a387365ede9471c962dd6ba,1,insufficient_data,ValueError,detect_planes returned zero accepted planes
d2a511578a387365ede9471c962dd6ba,6,insufficient_data,ValueError,detect_planes returned zero accepted planes
d2a511578a387365ede9471c962dd6ba,14,insufficient_data,ValueError,detect_planes returned zero accepted planes
d2a511578a387365ede9471c962dd6ba,26,insufficient_data,ValueError,detect_planes returned zero accepted planes
d3bd250ca3cb8e29976855a35549333,1,insufficient_data,ValueError,detect_planes returned zero accepted planes
d3bd250ca3cb8e29976855a35549333,6,insufficient_data,ValueError,detect_planes returned zero accepted planes
d3bd250ca3cb8e29976855a35549333,14,insufficient_data,ValueError,detect_planes returned zero accepted planes
d3bd250ca3cb8e29976855a35549333,26,insufficient_data,ValueError,detect_planes returned zero accepted planes
d4c492d7076b1e6160eeb9e113ae7397,1,insufficient_data,ValueError,detect_planes returned zero accepted planes
d4c492d7076b1e6160eeb9e113ae7397,6,insufficient_data,ValueError,detect_planes returned zero accepted planes
d4c492d7076b1e6160eeb9e113ae7397,14,insufficient_data,ValueError,detect_planes returned zero accepted planes
d4c492d7076b1e6160eeb9e113ae7397,26,insufficient_data,ValueError,detect_planes returned zero accepted planes
d5ec4fb3e3a5ff31dd84b16d3edceb0b,1,insufficient_data,ValueError,detect_planes returned zero accepted planes
d5ec4fb3e3a5ff31dd84b16d3edceb0b,6,insufficient_data,ValueError,detect_planes returned zero accepted planes
d5ec4fb3e3a5ff31dd84b16d3edceb0b,14,insufficient_data,ValueError,detect_planes returned zero accepted planes
d63a5fa4070c41c87b0af550cd1619e2,1,insufficient_data,ValueError,detect_planes returned zero accepted planes
d63a5fa4070c41c87b0af550cd1619e2,6,insufficient_data,ValueError,detect_planes returned zero accepted planes
d63a5fa4070c41c87b0af550cd1619e2,14,insufficient_data,ValueError,detect_planes returned zero accepted planes
d63a5fa4070c41c87b0af550cd1619e2,26,insufficient_data,ValueError,detect_planes returned zero accepted planes
d7de36db04c61722a52821bf1aa3b19a,1,insufficient_data,ValueError,detect_planes returned zero accepted planes
d7de36db04c61722a52821bf1aa3b19a,6,insufficient_data,ValueError,detect_planes returned zero accepted planes
d7de36db04c61722a52821bf1aa3b19a,14,insufficient_data,ValueError,detect_planes returned zero accepted planes
d7de36db04c61722a52821bf1aa3b19a,26,insufficient_data,ValueError,detect_planes returned zero accepted planes
d7ed512f7a7daf63772afc88105fa679,1,insufficient_data,ValueError,detect_planes returned zero accepted planes
d7ed512f7a7daf63772afc88105fa679,6,insufficient_data,ValueError,detect_planes returned zero accepted planes
d7ed512f7a7daf63772afc88105fa679,14,insufficient_data,ValueError,detect_planes returned zero accepted planes
d7ed512f7a7daf63772afc88105fa679,26,insufficient_data,ValueError,detect_planes returned zero accepted planes
d8d89fb14672b3893321831d2245cf06,1,insufficient_data,ValueError,detect_planes returned zero accepted planes
d8d89fb14672b3893321831d2245cf06,6,insufficient_data,ValueError,detect_planes returned zero accepted planes
d8d89fb14672b3893321831d2245cf06,14,insufficient_data,ValueError,detect_planes returned zero accepted planes
d8d89fb14672b3893321831d2245cf06,26,insufficient_data,ValueError,detect_planes returned zero accepted planes
d8f6aaa777f0cd4f5a31d91ec836a511,1,insufficient_data,ValueError,detect_planes returned zero accepted planes
d8f6aaa777f0cd4f5a31d91ec836a511,6,insufficient_data,ValueError,detect_planes returned zero accepted planes
d8f6aaa777f0cd4f5a31d91ec836a511,14,insufficient_data,ValueError,detect_planes returned zero accepted planes
d8f6aaa777f0cd4f5a31d91ec836a511,26,insufficient_data,ValueError,detect_planes returned zero accepted planes
d9543e5f16e6574a8e9a0e51a554788d,1,insufficient_data,ValueError,detect_planes returned zero accepted planes
d9543e5f16e6574a8e9a0e51a554788d,6,insufficient_data,ValueError,detect_planes returned zero accepted planes
d9543e5f16e6574a8e9a0e51a554788d,14,insufficient_data,ValueError,detect_planes returned zero accepted planes
d9543e5f16e6574a8e9a0e51a554788d,26,insufficient_data,ValueError,detect_planes returned zero accepted planes
d9d1d7161c59786fb58d6ede2c134ee0,1,insufficient_data,ValueError,detect_planes returned zero accepted planes
d9d1d7161c59786fb58d6ede2c134ee0,6,insufficient_data,ValueError,detect_planes returned zero accepted planes
d9d1d7161c59786fb58d6ede2c134ee0,14,insufficient_data,ValueError,detect_planes returned zero accepted planes
d9d1d7161c59786fb58d6ede2c134ee0,26,insufficient_data,ValueError,detect_planes returned zero accepted planes
dacf794f991fc0173e9b7c3ab7636200,1,insufficient_data,ValueError,detect_planes returned zero accepted planes
dacf794f991fc0173e9b7c3ab7636200,6,insufficient_data,ValueError,detect_planes returned zero accepted planes
dacf794f991fc0173e9b7c3ab7636200,14,insufficient_data,ValueError,detect_planes returned zero accepted planes
dacf794f991fc0173e9b7c3ab7636200,26,insufficient_data,ValueError,detect_planes returned zero accepted planes
dacfcd3de6bb08e4d2b12aa6a0f050b3,1,insufficient_data,ValueError,detect_planes returned zero accepted planes
dacfcd3de6bb08e4d2b12aa6a0f050b3,6,insufficient_data,ValueError,detect_planes returned zero accepted planes
dacfcd3de6bb08e4d2b12aa6a0f050b3,14,insufficient_data,ValueError,detect_planes returned zero accepted planes
dacfcd3de6bb08e4d2b12aa6a0f050b3,26,insufficient_data,ValueError,detect_planes returned zero accepted planes
db4c8bf323465e4c537d393009a79347,1,insufficient_data,ValueError,detect_planes returned zero accepted planes
db4c8bf323465e4c537d393009a79347,6,insufficient_data,ValueError,detect_planes returned zero accepted planes
db4c8bf323465e4c537d393009a79347,14,insufficient_data,ValueError,detect_planes returned zero accepted planes
db4c8bf323465e4c537d393009a79347,26,insufficient_data,ValueError,detect_planes returned zero accepted planes
db90e043486f216ead1d87becf13ddd9,1,insufficient_data,ValueError,detect_planes returned zero accepted planes
db90e043486f216ead1d87becf13ddd9,6,insufficient_data,ValueError,detect_planes returned zero accepted planes
db90e043486f216ead1d87becf13ddd9,14,insufficient_data,ValueError,detect_planes returned zero accepted planes
db90e043486f216ead1d87becf13ddd9,26,insufficient_data,ValueError,detect_planes returned zero accepted planes
dbb5cc73da4780feed98cca8f0ccd5f7,1,insufficient_data,ValueError,detect_planes returned zero accepted planes
dbb5cc73da4780feed98cca8f0ccd5f7,6,insufficient_data,ValueError,detect_planes returned zero accepted planes
dbb5cc73da4780feed98cca8f0ccd5f7,14,insufficient_data,ValueError,detect_planes returned zero accepted planes
dbb5cc73da4780feed98cca8f0ccd5f7,26,insufficient_data,ValueError,detect_planes returned zero accepted planes
dc52131684ed9cbbfe4a8257a424ee86,1,insufficient_data,ValueError,detect_planes returned zero accepted planes
dc52131684ed9cbbfe4a8257a424ee86,6,insufficient_data,ValueError,detect_planes returned zero accepted planes
dc52131684ed9cbbfe4a8257a424ee86,14,insufficient_data,ValueError,detect_planes returned zero accepted planes
dc52131684ed9cbbfe4a8257a424ee86,26,insufficient_data,ValueError,detect_planes returned zero accepted planes
dcb9a62d5ef76f389da15808191f1405,1,insufficient_data,ValueError,detect_planes returned zero accepted planes
dcb9a62d5ef76f389da15808191f1405,6,insufficient_data,ValueError,detect_planes returned zero accepted planes
dcb9a62d5ef76f389da15808191f1405,14,insufficient_data,ValueError,detect_planes returned zero accepted planes
dcb9a62d5ef76f389da15808191f1405,26,insufficient_data,ValueError,detect_planes returned zero accepted planes
dd2a4c416625f29c4f57a7ededfb3bde,1,insufficient_data,ValueError,detect_planes returned zero accepted planes
dd2a4c416625f29c4f57a7ededfb3bde,6,insufficient_data,ValueError,detect_planes returned zero accepted planes
dd2a4c416625f29c4f57a7ededfb3bde,14,insufficient_data,ValueError,detect_planes returned zero accepted planes
dd2a4c416625f29c4f57a7ededfb3bde,26,insufficient_data,ValueError,detect_planes returned zero accepted planes
dd4cb99f1f210b196e25f3efedf6785f,1,insufficient_data,ValueError,detect_planes returned zero accepted planes
dd4cb99f1f210b196e25f3efedf6785f,6,insufficient_data,ValueError,detect_planes returned zero accepted planes
dd4cb99f1f210b196e25f3efedf6785f,14,insufficient_data,ValueError,detect_planes returned zero accepted planes
dd4cb99f1f210b196e25f3efedf6785f,26,insufficient_data,ValueError,detect_planes returned zero accepted planes
dd932656e7f1d74452470de2774d6099,1,insufficient_data,ValueError,detect_planes returned zero accepted planes
dd932656e7f1d74452470de2774d6099,6,insufficient_data,ValueError,detect_planes returned zero accepted planes
dd932656e7f1d74452470de2774d6099,14,insufficient_data,ValueError,detect_planes returned zero accepted planes
dd932656e7f1d74452470de2774d6099,26,insufficient_data,ValueError,detect_planes returned zero accepted planes
de3b9b253e8f1aaf8b15c58b209760b5,1,insufficient_data,ValueError,detect_planes returned zero accepted planes
de3b9b253e8f1aaf8b15c58b209760b5,6,insufficient_data,ValueError,detect_planes returned zero accepted planes
de3b9b253e8f1aaf8b15c58b209760b5,14,insufficient_data,ValueError,detect_planes returned zero accepted planes
de3b9b253e8f1aaf8b15c58b209760b5,26,insufficient_data,ValueError,detect_planes returned zero accepted planes
de519752147a225032387cdb9b2a84d5,1,insufficient_data,ValueError,detect_planes returned zero accepted planes
de519752147a225032387cdb9b2a84d5,6,insufficient_data,ValueError,detect_planes returned zero accepted planes
de519752147a225032387cdb9b2a84d5,14,insufficient_data,ValueError,detect_planes returned zero accepted planes
de519752147a225032387cdb9b2a84d5,26,insufficient_data,ValueError,detect_planes returned zero accepted planes
de65da5cdc92b4aebc0909d98a1ff2b4,1,insufficient_data,ValueError,detect_planes returned zero accepted planes
de65da5cdc92b4aebc0909d98a1ff2b4,6,insufficient_data,ValueError,detect_planes returned zero accepted planes
de65da5cdc92b4aebc0909d98a1ff2b4,14,insufficient_data,ValueError,detect_planes returned zero accepted planes
de65da5cdc92b4aebc0909d98a1ff2b4,26,insufficient_data,ValueError,detect_planes returned zero accepted planes
de68b68a234de1a0ea2f8efb8b3faa3,1,insufficient_data,ValueError,detect_planes returned zero accepted planes
de68b68a234de1a0ea2f8efb8b3faa3,6,insufficient_data,ValueError,detect_planes returned zero accepted planes
de68b68a234de1a0ea2f8efb8b3faa3,14,insufficient_data,ValueError,detect_planes returned zero accepted planes
de68b68a234de1a0ea2f8efb8b3faa3,26,insufficient_data,ValueError,detect_planes returned zero accepted planes
decbc541efe459a742f1242fa6dff2cf,1,insufficient_data,ValueError,detect_planes returned zero accepted planes
decbc541efe459a742f1242fa6dff2cf,6,insufficient_data,ValueError,detect_planes returned zero accepted planes
decbc541efe459a742f1242fa6dff2cf,14,insufficient_data,ValueError,detect_planes returned zero accepted planes
decbc541efe459a742f1242fa6dff2cf,26,insufficient_data,ValueError,detect_planes returned zero accepted planes
df67f38c55e4dd0b3321831d2245cf06,1,insufficient_data,ValueError,detect_planes returned zero accepted planes
df67f38c55e4dd0b3321831d2245cf06,6,insufficient_data,ValueError,detect_planes returned zero accepted planes
df67f38c55e4dd0b3321831d2245cf06,14,insufficient_data,ValueError,detect_planes returned zero accepted planes
df67f38c55e4dd0b3321831d2245cf06,26,insufficient_data,ValueError,detect_planes returned zero accepted planes
dfacef652f7f414e4b88ac4b14fcb8bf,1,insufficient_data,ValueError,detect_planes returned zero accepted planes
dfacef652f7f414e4b88ac4b14fcb8bf,6,insufficient_data,ValueError,detect_planes returned zero accepted planes
dfacef652f7f414e4b88ac4b14fcb8bf,14,insufficient_data,ValueError,detect_planes returned zero accepted planes
dfacef652f7f414e4b88ac4b14fcb8bf,26,insufficient_data,ValueError,detect_planes returned zero accepted planes
e02ea2b2d926095aeee40229e2e3ae1e,1,insufficient_data,ValueError,detect_planes returned zero accepted planes
e02ea2b2d926095aeee40229e2e3ae1e,6,insufficient_data,ValueError,detect_planes returned zero accepted planes
e02ea2b2d926095aeee40229e2e3ae1e,14,insufficient_data,ValueError,detect_planes returned zero accepted planes
e02ea2b2d926095aeee40229e2e3ae1e,26,insufficient_data,ValueError,detect_planes returned zero accepted planes
e0393e80702d9a698cbb8bac2032149c,1,insufficient_data,ValueError,detect_planes returned zero accepted planes
e0393e80702d9a698cbb8bac2032149c,6,insufficient_data,ValueError,detect_planes returned zero accepted planes
e0393e80702d9a698cbb8bac2032149c,14,insufficient_data,ValueError,detect_planes returned zero accepted planes
e0393e80702d9a698cbb8bac2032149c,26,insufficient_data,ValueError,detect_planes returned zero accepted planes
e143d40f9df57d92288d8f1144f7979f,1,insufficient_data,ValueError,detect_planes returned zero accepted planes
e143d40f9df57d92288d8f1144f7979f,6,insufficient_data,ValueError,detect_planes returned zero accepted planes
e143d40f9df57d92288d8f1144f7979f,14,insufficient_data,ValueError,detect_planes returned zero accepted planes
e143d40f9df57d92288d8f1144f7979f,26,insufficient_data,ValueError,detect_planes returned zero accepted planes
e175f500370eb8f9561dce3fe08634b7,1,insufficient_data,ValueError,detect_planes returned zero accepted planes
e175f500370eb8f9561dce3fe08634b7,6,insufficient_data,ValueError,detect_planes returned zero accepted planes
e175f500370eb8f9561dce3fe08634b7,14,insufficient_data,ValueError,detect_planes returned zero accepted planes
e175f500370eb8f9561dce3fe08634b7,26,insufficient_data,ValueError,detect_planes returned zero accepted planes
e1838a13ace989545de21284bb515a83,1,insufficient_data,ValueError,detect_planes returned zero accepted planes
e1838a13ace989545de21284bb515a83,6,insufficient_data,ValueError,detect_planes returned zero accepted planes
e1838a13ace989545de21284bb515a83,14,insufficient_data,ValueError,detect_planes returned zero accepted planes
e1838a13ace989545de21284bb515a83,26,insufficient_data,ValueError,detect_planes returned zero accepted planes
e20a4db61eb83e2cac27179ae57fd682,1,insufficient_data,ValueError,detect_planes returned zero accepted planes
e20a4db61eb83e2cac27179ae57fd682,6,insufficient_data,ValueError,detect_planes returned zero accepted planes
e20a4db61eb83e2cac27179ae57fd682,14,insufficient_data,ValueError,detect_planes returned zero accepted planes
e20a4db61eb83e2cac27179ae57fd682,26,insufficient_data,ValueError,detect_planes returned zero accepted planes
e28f8467945b5d526070f6b7b2547ecc,1,insufficient_data,ValueError,detect_planes returned zero accepted planes
e28f8467945b5d526070f6b7b2547ecc,6,insufficient_data,ValueError,detect_planes returned zero accepted planes
e28f8467945b5d526070f6b7b2547ecc,14,insufficient_data,ValueError,detect_planes returned zero accepted planes
e28f8467945b5d526070f6b7b2547ecc,26,insufficient_data,ValueError,detect_planes returned zero accepted planes
e38201d0af98e566ba85a673915bd3d,1,insufficient_data,ValueError,detect_planes returned zero accepted planes
e38201d0af98e566ba85a673915bd3d,6,insufficient_data,ValueError,detect_planes returned zero accepted planes
e38201d0af98e566ba85a673915bd3d,14,insufficient_data,ValueError,detect_planes returned zero accepted planes
e38201d0af98e566ba85a673915bd3d,26,insufficient_data,ValueError,detect_planes returned zero accepted planes
e408c939829d0353a6490b68274665e,1,insufficient_data,ValueError,detect_planes returned zero accepted planes
e408c939829d0353a6490b68274665e,6,insufficient_data,ValueError,detect_planes returned zero accepted planes
e408c939829d0353a6490b68274665e,14,insufficient_data,ValueError,detect_planes returned zero accepted planes
e408c939829d0353a6490b68274665e,26,insufficient_data,ValueError,detect_planes returned zero accepted planes
e4cbd9d5a9c5b7d241cefd10ce5d6cc0,1,insufficient_data,ValueError,detect_planes returned zero accepted planes
e4cbd9d5a9c5b7d241cefd10ce5d6cc0,6,insufficient_data,ValueError,detect_planes returned zero accepted planes
e4cbd9d5a9c5b7d241cefd10ce5d6cc0,14,insufficient_data,ValueError,detect_planes returned zero accepted planes
e4cbd9d5a9c5b7d241cefd10ce5d6cc0,26,insufficient_data,ValueError,detect_planes returned zero accepted planes
e57aa404a000df88d5d4532c6bb4bd2b,1,insufficient_data,ValueError,detect_planes returned zero accepted planes
e57aa404a000df88d5d4532c6bb4bd2b,6,insufficient_data,ValueError,detect_planes returned zero accepted planes
e57aa404a000df88d5d4532c6bb4bd2b,14,insufficient_data,ValueError,detect_planes returned zero accepted planes
e57aa404a000df88d5d4532c6bb4bd2b,26,insufficient_data,ValueError,detect_planes returned zero accepted planes
e5d292b873af06b24c7ef5f59a6ea23a,1,insufficient_data,ValueError,detect_planes returned zero accepted planes
e5d292b873af06b24c7ef5f59a6ea23a,6,insufficient_data,ValueError,detect_planes returned zero accepted planes
e5d292b873af06b24c7ef5f59a6ea23a,14,insufficient_data,ValueError,detect_planes returned zero accepted planes
e5d292b873af06b24c7ef5f59a6ea23a,26,insufficient_data,ValueError,detect_planes returned zero accepted planes
e5deab6728f237a6fc7703ebafc3f082,1,insufficient_data,ValueError,detect_planes returned zero accepted planes
e5deab6728f237a6fc7703ebafc3f082,6,insufficient_data,ValueError,detect_planes returned zero accepted planes
e5deab6728f237a6fc7703ebafc3f082,14,insufficient_data,ValueError,detect_planes returned zero accepted planes
e5deab6728f237a6fc7703ebafc3f082,26,insufficient_data,ValueError,detect_planes returned zero accepted planes
e696c5d9b42ff5a0fe52ffd0e748a1ab,1,insufficient_data,ValueError,detect_planes returned zero accepted planes
e696c5d9b42ff5a0fe52ffd0e748a1ab,6,insufficient_data,ValueError,detect_planes returned zero accepted planes
e696c5d9b42ff5a0fe52ffd0e748a1ab,14,insufficient_data,ValueError,detect_planes returned zero accepted planes
e696c5d9b42ff5a0fe52ffd0e748a1ab,26,insufficient_data,ValueError,detect_planes returned zero accepted planes
e6fa4d02d2df5a9b1bb46d2556ba67d,1,insufficient_data,ValueError,detect_planes returned zero accepted planes
e6fa4d02d2df5a9b1bb46d2556ba67d,6,insufficient_data,ValueError,detect_planes returned zero accepted planes
e6fa4d02d2df5a9b1bb46d2556ba67d,14,insufficient_data,ValueError,detect_planes returned zero accepted planes
e6fa4d02d2df5a9b1bb46d2556ba67d,26,insufficient_data,ValueError,detect_planes returned zero accepted planes
e70ce62b41a598dba48aee3bc134fbf8,1,insufficient_data,ValueError,detect_planes returned zero accepted planes
e70ce62b41a598dba48aee3bc134fbf8,6,insufficient_data,ValueError,detect_planes returned zero accepted planes
e70ce62b41a598dba48aee3bc134fbf8,14,insufficient_data,ValueError,detect_planes returned zero accepted planes
e70ce62b41a598dba48aee3bc134fbf8,26,insufficient_data,ValueError,detect_planes returned zero accepted planes
e73d23dbd069877f4da5feafe6f1c8fc,1,insufficient_data,ValueError,detect_planes returned zero accepted planes
e73d23dbd069877f4da5feafe6f1c8fc,6,insufficient_data,ValueError,detect_planes returned zero accepted planes
e73d23dbd069877f4da5feafe6f1c8fc,14,insufficient_data,ValueError,detect_planes returned zero accepted planes
e73d23dbd069877f4da5feafe6f1c8fc,26,insufficient_data,ValueError,detect_planes returned zero accepted planes
e7934a1982f37a695c37515681ce1368,1,insufficient_data,ValueError,detect_planes returned zero accepted planes
e7934a1982f37a695c37515681ce1368,6,insufficient_data,ValueError,detect_planes returned zero accepted planes
e7934a1982f37a695c37515681ce1368,14,insufficient_data,ValueError,detect_planes returned zero accepted planes
e7934a1982f37a695c37515681ce1368,26,insufficient_data,ValueError,detect_planes returned zero accepted planes
e7c330f4c4421dbb24e49a3e82c3d033,1,insufficient_data,ValueError,detect_planes returned zero accepted planes
e7c330f4c4421dbb24e49a3e82c3d033,6,insufficient_data,ValueError,detect_planes returned zero accepted planes
e7c330f4c4421dbb24e49a3e82c3d033,14,insufficient_data,ValueError,detect_planes returned zero accepted planes
e7c330f4c4421dbb24e49a3e82c3d033,26,insufficient_data,ValueError,detect_planes returned zero accepted planes
e8039f73cf912ff5e8c69fd29511206a,1,insufficient_data,ValueError,detect_planes returned zero accepted planes
e8039f73cf912ff5e8c69fd29511206a,6,insufficient_data,ValueError,detect_planes returned zero accepted planes
e8039f73cf912ff5e8c69fd29511206a,14,insufficient_data,ValueError,detect_planes returned zero accepted planes
e8039f73cf912ff5e8c69fd29511206a,26,insufficient_data,ValueError,detect_planes returned zero accepted planes
e878e519af882f493fc48162942e3418,1,insufficient_data,ValueError,detect_planes returned zero accepted planes
e878e519af882f493fc48162942e3418,6,insufficient_data,ValueError,detect_planes returned zero accepted planes
e878e519af882f493fc48162942e3418,14,insufficient_data,ValueError,detect_planes returned zero accepted planes
e878e519af882f493fc48162942e3418,26,insufficient_data,ValueError,detect_planes returned zero accepted planes
e8838770de9a6e4595feea036c244c98,1,insufficient_data,ValueError,detect_planes returned zero accepted planes
e8838770de9a6e4595feea036c244c98,6,insufficient_data,ValueError,detect_planes returned zero accepted planes
e8838770de9a6e4595feea036c244c98,14,insufficient_data,ValueError,detect_planes returned zero accepted planes
e8838770de9a6e4595feea036c244c98,26,insufficient_data,ValueError,detect_planes returned zero accepted planes
e90e27c3020d25dd76bb31db0358e9c6,1,insufficient_data,ValueError,detect_planes returned zero accepted planes
e90e27c3020d25dd76bb31db0358e9c6,6,insufficient_data,ValueError,detect_planes returned zero accepted planes
e90e27c3020d25dd76bb31db0358e9c6,14,insufficient_data,ValueError,detect_planes returned zero accepted planes
e90e27c3020d25dd76bb31db0358e9c6,26,insufficient_data,ValueError,detect_planes returned zero accepted planes
ea885955cb82b3cee074faa875b76f82,1,insufficient_data,ValueError,detect_planes returned zero accepted planes
ea885955cb82b3cee074faa875b76f82,6,insufficient_data,ValueError,detect_planes returned zero accepted planes
ea885955cb82b3cee074faa875b76f82,14,insufficient_data,ValueError,detect_planes returned zero accepted planes
ea885955cb82b3cee074faa875b76f82,26,insufficient_data,ValueError,detect_planes returned zero accepted planes
