# Created by Open3D 
# object name: 33b77c66e1f849b790c4e2a44fddf755
# number of vertices: 3346
# number of triangles: 3028
v 0.164181 -0.0509242 0.262671
vn 0.451809 0.202789 -0.868761
v -0.00250857 -0.00099985 0.109622
vn 0.29583 0.203039 -0.933413
v 0.162052 -0.0557443 0.263014
vn 0.211914 0.2033 -0.955909
v 0.162052 -0.0557443 0.263014
vn -0.211914 -0.2033 0.955909
v -0.00250857 -0.00099985 0.109622
vn -0.29583 -0.203039 0.933413
v 0.164181 -0.0509242 0.262671
vn -0.451809 -0.202789 0.868761
v 0.00465269 0.0151048 0.108441
vn 0.526506 0.202625 -0.825672
v 0.00465269 0.0151048 0.108441
vn -0.526506 -0.202625 0.825672
v -0.00615573 -0.0181764 0.108057
vn 0.000917822 0.203948 -0.978981
v -0.00615573 -0.0181764 0.108057
vn -0.000917822 -0.203948 0.978981
v 0.167219 -0.0467601 0.261526
vn 0.660813 0.202537 -0.722706
v 0.167219 -0.0467601 0.261526
vn -0.660813 -0.202537 0.722706
v -0.00281188 -0.000654199 0.10992
vn 0 -1 0
v 0.00465269 0.0151048 0.108441
vn 0 -1 0
v -0.00250857 -0.00099985 0.109622
vn 0 -1 0
v -0.00250857 -0.00099985 0.109622
vn 0 1 0
v 0.00465269 0.0151048 0.108441
vn 0 1 0
v -0.00281188 -0.000654199 0.10992
vn 0 1 0
v -0.00640121 -0.0178972 0.108298
vn 0 -1 0
v -0.00615573 -0.0181764 0.108057
vn 0 -1 0
v -0.00615573 -0.0181764 0.108057
vn 0 1 0
v -0.00640121 -0.0178972 0.108298
vn 0 1 0
v 0.160978 -0.0608907 0.262532
vn -0.00121126 0.203951 -0.97898
v 0.160978 -0.0608907 0.262532
vn 0.00121126 -0.203951 0.97898
v 0.0148414 0.0290393 0.104595
vn 0.721327 0.202513 -0.662325
v 0.0148414 0.0290393 0.104595
vn -0.721327 -0.202513 0.662325
v 0.00431076 0.0154967 0.108778
vn 0 -1 0
v 0.00431076 0.0154967 0.108778
vn 0 1 0
v -0.00621212 -0.0350594 0.104023
vn 0 -1 0
v -0.00621212 -0.0350594 0.104023
vn 0 1 0
v 0.161031 -0.0660144 0.261258
vn -0.211457 0.204222 -0.955814
v 0.161031 -0.0660144 0.261258
vn 0.211457 -0.204222 0.955814
v 0.170958 -0.0435362 0.259658
vn 0.824924 0.202612 -0.527684
v 0.170958 -0.0435362 0.259658
vn -0.824924 -0.202612 0.527684
v 0.0148414 0.0290393 0.104595
vn 0 -1 0
v 0.0148414 0.0290393 0.104595
vn 0 1 0
v -0.0466647 0.0154409 -0.0319776
vn 0.283958 -0.318167 -0.904509
v -0.00281188 -0.000654199 0.10992
vn 0.203432 -0.31814 -0.925961
v 0.00431076 0.0154967 0.108778
vn 0.436152 -0.31817 -0.841748
v 0.00431076 0.0154967 0.108778
vn -0.436152 0.31817 0.841748
v -0.00281188 -0.000654199 0.10992
vn -0.203432 0.31814 0.925961
v -0.0466647 0.0154409 -0.0319776
vn -0.283958 0.318167 0.904509
v -0.0477382 0.0102945 -0.0324599
vn -0.00149134 -0.318379 -0.947962
v -0.00640121 -0.0178972 0.108298
vn -0.00180313 -0.318379 -0.947961
v -0.00640121 -0.0178972 0.108298
vn 0.00180313 0.318379 0.947961
v -0.0477382 0.0102945 -0.0324599
vn 0.00149134 0.318379 0.947962
v -0.0060407 -0.0352549 0.103855
vn 0 -1 0
v -0.0060407 -0.0352549 0.103855
vn 0 1 0
v -0.00621212 -0.0350594 0.104023
vn -0.20655 -0.318059 -0.925297
v -0.00621212 -0.0350594 0.104023
vn 0.20655 0.318059 0.925297
v -0.0060407 -0.0352549 0.103855
vn -0.293378 0.204479 -0.933872
v -0.0060407 -0.0352549 0.103855
vn 0.293378 -0.204479 0.933872
v 0.0273606 0.0398543 0.0983468
vn 0.867476 0.202733 -0.454296
v 0.0273606 0.0398543 0.0983468
vn -0.867476 -0.202733 0.454296
v 0.0144803 0.0294514 0.10495
vn 0 -1 0
v 0.0144803 0.0294514 0.10495
vn 0 1 0
v -0.0445357 0.020261 -0.0323208
vn 0.508382 -0.318191 -0.800188
v -0.0445357 0.020261 -0.0323208
vn -0.508382 0.318191 0.800188
v -0.00225781 -0.0509711 0.0973855
vn -0.320517 -0.721981 -0.613199
v -0.00225781 -0.0509711 0.0973855
vn 0.320517 0.721981 0.613199
v -0.0476852 0.0051708 -0.0337339
vn -0.286619 -0.318023 -0.903721
v -0.0476852 0.0051708 -0.0337339
vn 0.286619 0.318023 0.903721
v 0.162209 -0.0707658 0.259278
vn -0.451925 0.204733 -0.868244
v 0.162209 -0.0707658 0.259278
vn 0.451925 -0.204733 0.868244
v 0.0270056 0.0402626 0.0986965
vn 0 -1 0
v 0.0273606 0.0398543 0.0983468
vn 0 -1 0
v 0.0273606 0.0398543 0.0983468
vn 0 1 0
v 0.0270056 0.0402626 0.0986965
vn 0 1 0
v 0.175147 -0.0414707 0.257193
vn 0.933113 0.202994 -0.296806
v 0.175147 -0.0414707 0.257193
vn -0.933113 -0.202994 0.296806
v 0.0144803 0.0294514 0.10495
vn 0.639148 -0.318182 -0.700179
v 0.0144803 0.0294514 0.10495
vn -0.639148 0.318182 0.700179
v -0.00216979 -0.0510703 0.0972993
vn 0 -1 0
v -0.00216979 -0.0510703 0.0972993
vn 0 1 0
v -0.00216979 -0.0510703 0.0972993
vn -0.525918 0.204895 -0.825486
v -0.00216979 -0.0510703 0.0972993
vn 0.525918 -0.204895 0.825486
v 0.0410328 0.0471912 0.0904437
vn 0 -1 0
v 0.0410328 0.0471912 0.0904437
vn 0 1 0
v 0.0413591 0.0468136 0.0901218
vn 0.95517 0.203227 -0.215289
v 0.0413591 0.0468136 0.0901218
vn -0.95517 -0.203227 0.215289
v -0.0414977 0.024425 -0.0334654
vn 0.698163 -0.318197 -0.641342
v -0.0414977 0.024425 -0.0334654
vn -0.698163 0.318197 0.641342
v 0.0270056 0.0402626 0.0986965
vn 0.820194 -0.318449 -0.475259
v 0.0270056 0.0402626 0.0986965
vn -0.820194 0.318449 0.475259
v 0.00322085 -0.0609376 0.0911041
vn -0.168036 -0.961411 -0.217838
v 0.00322085 -0.0609376 0.0911041
vn 0.168036 0.961411 0.217838
v -0.0465073 0.000419343 -0.0357139
vn -0.510943 -0.317931 -0.79866
v -0.0465073 0.000419343 -0.0357139
vn 0.510943 0.317931 0.79866
v 0.16443 -0.0748196 0.256728
vn -0.6617 0.204983 -0.721204
v 0.16443 -0.0748196 0.256728
vn 0.6617 -0.204983 0.721204
v 0.0410328 0.0471912 0.0904437
vn 0.925271 -0.318142 -0.206542
v -0.0335697 0.0297144 -0.0377983
vn 0.903684 -0.318138 -0.286605
v -0.0335697 0.0297144 -0.0377983
vn -0.903684 0.318138 0.286605
v 0.0410328 0.0471912 0.0904437
vn -0.925271 0.318142 0.206542
v 0.0413591 0.0468136 0.0901218
vn 0 -1 0
v 0.0413591 0.0468136 0.0901218
vn 0 1 0
v 0.179497 -0.0407063 0.2543
vn 0.978977 0.203942 -0.0033524
v 0.179497 -0.0407063 0.2543
vn -0.978977 -0.203942 0.0033524
v -0.0377581 0.027649 -0.0353334
vn 0.820351 -0.318449 -0.474988
v -0.0377581 0.027649 -0.0353334
vn -0.820351 0.318449 0.474988
v -0.0292198 0.0304788 -0.0406916
vn 0.947085 -0.318098 -0.0429482
v -0.0292198 0.0304788 -0.0406916
vn -0.947085 0.318098 0.0429482
v 0.0556051 0.0497653 0.0807546
vn 0.947215 -0.318097 0.0399742
v -0.0250046 0.0298924 -0.0438155
vn 0.925946 -0.318045 0.203643
v -0.0250046 0.0298924 -0.0438155
vn -0.925946 0.318045 -0.203643
v 0.0556051 0.0497653 0.0807546
vn -0.947215 0.318097 -0.0399742
v 0.00322085 -0.0609376 0.0911041
vn -0.596089 0.203491 -0.776704
v 0.00322085 -0.0609376 0.0911041
vn 0.596089 -0.203491 0.776704
v 0.00521795 -0.0645718 0.0888142
vn -0.579532 -0.31576 -0.751291
v 0.00521795 -0.0645718 0.0888142
vn 0.579532 0.31576 0.751291
v 0.00523721 -0.0646076 0.0887919
vn -0.676704 0.018682 -0.736018
v 0.00523721 -0.0646076 0.0887919
vn 0.676704 -0.018682 0.736018
v 0.069729 0.0478093 0.0702894
vn 0.904612 -0.31804 0.283775
v -0.0212103 0.0279926 -0.0469586
vn 0.841708 -0.317981 0.436366
v -0.0212103 0.0279926 -0.0469586
vn -0.841708 0.317981 -0.436366
v 0.069729 0.0478093 0.0702894
vn -0.904612 0.31804 -0.283775
v 0.0556051 0.0497653 0.0807546
vn 0 -1 0
v 0.0556051 0.0497653 0.0807546
vn 0 1 0
v 0.0558828 0.0494417 0.08048
vn 0.978969 0.203938 -0.0054765
v 0.0558828 0.0494417 0.08048
vn -0.978969 -0.203938 0.0054765
v 0.00515686 -0.0644809 0.0888793
vn -0.596089 0.203491 -0.776704
v 0.00515686 -0.0644809 0.0888793
vn 0.596089 -0.203491 0.776704
v 0.00515686 -0.0644809 0.0888793
vn 0 -1 0
v 0.00515686 -0.0644809 0.0888793
vn 0 1 0
v -0.0442862 -0.00363444 -0.0382636
vn -0.700105 -0.317912 -0.639363
v -0.0442862 -0.00363444 -0.0382636
vn 0.700105 0.317912 0.639363
v 0.0824433 0.0414573 0.0597608
vn 0.80036 -0.317974 0.508249
v 0.0824433 0.0414573 0.0597608
vn -0.80036 0.317974 -0.508249
v 0.0558828 0.0494417 0.08048
vn 0 -1 0
v 0.0558828 0.0494417 0.08048
vn 0 1 0
v 0.0699408 0.0475608 0.0700796
vn 0.956545 0.20428 0.208065
v 0.0699408 0.0475608 0.0700796
vn -0.956545 -0.20428 -0.208065
v 0.069729 0.0478093 0.0702894
vn 0 -1 0
v 0.069729 0.0478093 0.0702894
vn 0 1 0
v 0.00519198 -0.0645458 0.0888388
vn -0.722594 0.205005 -0.660175
v 0.00519198 -0.0645458 0.0888388
vn 0.722594 -0.205005 0.660175
v 0.0155433 -0.074763 0.0790494
vn 0 1 0
v 0.0155433 -0.074763 0.0790494
vn 0 -1 0
v -0.0180964 0.0249107 -0.0499055
vn 0.700105 -0.317912 0.639363
v -0.0180964 0.0249107 -0.0499055
vn -0.700105 0.317912 -0.639363
v 0.0156758 -0.074923 0.078917
vn -0.80036 -0.317974 -0.508249
v 0.0156758 -0.074923 0.078917
vn 0.80036 0.317974 0.508249
v 0.0699408 0.0475608 0.0700796
vn 0 -1 0
v 0.0824433 0.0414573 0.0597608
vn 0 -1 0
v 0.0824433 0.0414573 0.0597608
vn 0 1 0
v 0.0699408 0.0475608 0.0700796
vn 0 1 0
v 0.167544 -0.0779015 0.253781
vn -0.826241 0.204904 -0.524729
v 0.167544 -0.0779015 0.253781
vn 0.826241 -0.204904 0.524729
v 0.183712 -0.0412928 0.251176
vn 0.934173 0.204518 0.292393
v 0.183712 -0.0412928 0.251176
vn -0.934173 -0.204518 -0.292393
v 0.00521795 -0.0645718 0.0888142
vn -0.7782 0.203464 -0.594144
v 0.0155433 -0.074763 0.0790494
vn -0.869533 0.20478 -0.449419
v 0.0155433 -0.074763 0.0790494
vn 0.869533 -0.20478 0.449419
v 0.00521795 -0.0645718 0.0888142
vn 0.7782 -0.203464 0.594144
v 0.0156758 -0.074923 0.078917
vn 0 1 0
v 0.0156758 -0.074923 0.078917
vn 0 -1 0
v 0.092882 0.0311429 0.0498861
vn 0.55726 -0.567537 0.606104
v 0.092882 0.0311429 0.0498861
vn -0.55726 0.567537 -0.606104
v -0.0411723 -0.00671636 -0.0412105
vn -0.841708 -0.317981 -0.436366
v -0.0411723 -0.00671636 -0.0412105
vn 0.841708 0.317981 0.436366
v 0.082576 0.0412983 0.0596286
vn 0 -1 0
v 0.082576 0.0412983 0.0596286
vn 0 1 0
v 0.082576 0.0412983 0.0596286
vn 0.869533 0.20478 0.449419
v 0.082576 0.0412983 0.0596286
vn -0.869533 -0.20478 -0.449419
v 0.171339 -0.0798013 0.250638
vn -0.934173 0.204518 -0.292393
v 0.171339 -0.0798013 0.250638
vn 0.934173 -0.204518 0.292393
v 0.0281784 -0.0810255 0.0685984
vn 0 1 0
v 0.0281784 -0.0810255 0.0685984
vn 0 -1 0
v -0.0158753 0.020856 -0.0524554
vn 0.510943 -0.317931 0.79866
v -0.0158753 0.020856 -0.0524554
vn -0.510943 0.317931 -0.79866
v 0.0283902 -0.081274 0.0683885
vn -0.904612 -0.31804 -0.283775
v 0.0283902 -0.081274 0.0683885
vn 0.904612 0.31804 0.283775
v 0.187506 -0.0431925 0.248033
vn 0.826241 0.204904 0.524729
v 0.187506 -0.0431925 0.248033
vn -0.826241 -0.204904 -0.524729
v 0.0281784 -0.0810255 0.0685984
vn -0.956545 0.20428 -0.208065
v 0.0281784 -0.0810255 0.0685984
vn 0.956545 -0.20428 0.208065
v 0.0283902 -0.081274 0.0683885
vn 0 1 0
v 0.0283902 -0.081274 0.0683885
vn 0 -1 0
v 0.100377 0.0175064 0.0412924
vn 0.434074 0.349182 0.830452
v 0.100377 0.0175064 0.0412924
vn -0.434074 -0.349182 -0.830452
v 0.0929014 0.0311081 0.0498639
vn 0.7782 0.203464 0.594144
v 0.0929014 0.0311081 0.0498639
vn -0.7782 -0.203464 -0.594144
v 0.0929014 0.0311081 0.0498639
vn 0.579532 -0.31576 0.751291
v 0.0929014 0.0311081 0.0498639
vn -0.579532 0.31576 -0.751291
v -0.037378 -0.00861609 -0.0443535
vn -0.925946 -0.318045 -0.203643
v -0.037378 -0.00861609 -0.0443535
vn 0.925946 0.318045 0.203643
v 0.175554 -0.0803877 0.247514
vn -0.978977 0.203942 0.0033524
v 0.175554 -0.0803877 0.247514
vn 0.978977 -0.203942 -0.0033524
v 0.0422364 -0.0829064 0.058198
vn 0 1 0
v 0.0422364 -0.0829064 0.058198
vn 0 -1 0
v -0.0146973 0.0161055 -0.0544352
vn 0.286619 -0.318023 0.903721
v -0.0146973 0.0161055 -0.0544352
vn -0.286619 0.318023 -0.903721
v 0.0948985 0.0274739 0.047574
vn 0.203558 0.942829 0.263889
v 0.0948985 0.0274739 0.047574
vn -0.203558 -0.942829 -0.263889
v 0.19062 -0.0462744 0.245086
vn 0.6617 0.204983 0.721204
v 0.0929273 0.0310811 0.0498391
vn 0.722594 0.205005 0.660175
v 0.0929273 0.0310811 0.0498391
vn -0.722594 -0.205005 -0.660175
v 0.19062 -0.0462744 0.245086
vn -0.6617 -0.204983 -0.721204
v 0.0425142 -0.0832301 0.0579234
vn -0.947215 -0.318097 -0.0399742
v 0.0425142 -0.0832301 0.0579234
vn 0.947215 0.318097 0.0399742
v 0.0422364 -0.0829064 0.058198
vn -0.978969 0.203938 0.0054765
v 0.0422364 -0.0829064 0.058198
vn 0.978969 -0.203938 -0.0054765
v 0.0425142 -0.0832301 0.0579234
vn 0 1 0
v 0.0425142 -0.0832301 0.0579234
vn 0 -1 0
v 0.104331 0.0015947 0.0346549
vn 0.20655 -0.318059 0.925297
v 0.104331 0.0015947 0.0346549
vn -0.20655 0.318059 -0.925297
v 0.0929624 0.0310162 0.0497986
vn 0 1 0
v 0.0929624 0.0310162 0.0497986
vn 0 -1 0
v 0.100289 0.0176056 0.0413786
vn 0 1 0
v 0.100289 0.0176056 0.0413786
vn 0 -1 0
v 0.0929624 0.0310162 0.0497986
vn 0.596089 0.203491 0.776704
v 0.0929624 0.0310162 0.0497986
vn -0.596089 -0.203491 -0.776704
v -0.0331628 -0.00920254 -0.0474774
vn -0.947085 -0.318098 0.0429482
v -0.0331628 -0.00920254 -0.0474774
vn 0.947085 0.318098 -0.0429482
v 0.0567602 -0.0802783 0.0485561
vn -0.95517 0.203227 0.215289
v 0.0567602 -0.0802783 0.0485561
vn 0.95517 -0.203227 -0.215289
v 0.0567602 -0.0802783 0.0485561
vn 0 1 0
v 0.0567602 -0.0802783 0.0485561
vn 0 -1 0
v -0.0146443 0.0109818 -0.0557091
vn 0.00149134 -0.318379 0.947962
v -0.0146443 0.0109818 -0.0557091
vn -0.00149134 0.318379 -0.947962
v 0.104159 0.00179013 0.034824
vn 0 1 0
v 0.104331 0.0015947 0.0346549
vn 0 1 0
v 0.104331 0.0015947 0.0346549
vn 0 -1 0
v 0.104159 0.00179013 0.034824
vn 0 -1 0
v 0.0948985 0.0274739 0.047574
vn 0.596089 0.203491 0.776704
v 0.0948985 0.0274739 0.047574
vn -0.596089 -0.203491 -0.776704
v 0.100289 0.0176056 0.0413786
vn 0.525918 0.204895 0.825486
v 0.100289 0.0176056 0.0413786
vn -0.525918 -0.204895 -0.825486
v 0.0570864 -0.0806559 0.0482342
vn -0.925271 -0.318142 0.206542
v 0.0570864 -0.0806559 0.0482342
vn 0.925271 0.318142 -0.206542
v 0.179904 -0.0796233 0.244621
vn -0.933113 0.202994 0.296806
v 0.179904 -0.0796233 0.244621
vn 0.933113 -0.202994 -0.296806
v 0.0570864 -0.0806559 0.0482342
vn 0 1 0
v 0.0570864 -0.0806559 0.0482342
vn 0 -1 0
v 0.10452 -0.0155675 0.0303797
vn 0.00180313 -0.318379 0.947961
v 0.10452 -0.0155675 0.0303797
vn -0.00180313 0.318379 -0.947961
v 0.104275 -0.0152883 0.0306207
vn 0 1 0
v 0.104275 -0.0152883 0.0306207
vn 0 -1 0
v 0.192841 -0.0503292 0.242536
vn 0.451925 0.204733 0.868244
v 0.104159 0.00179013 0.034824
vn 0.293378 0.204479 0.933872
v 0.104159 0.00179013 0.034824
vn -0.293378 -0.204479 -0.933872
v 0.192841 -0.0503292 0.242536
vn -0.451925 -0.204733 -0.868244
v -0.0288128 -0.00843814 -0.0503707
vn -0.903684 -0.318138 0.286605
v -0.0288128 -0.00843814 -0.0503707
vn 0.903684 0.318138 -0.286605
v 0.0707586 -0.073319 0.0403311
vn -0.867476 0.202733 0.454296
v 0.0707586 -0.073319 0.0403311
vn 0.867476 -0.202733 -0.454296
v 0.0707586 -0.073319 0.0403311
vn 0 1 0
v 0.0707586 -0.073319 0.0403311
vn 0 -1 0
v 0.100931 -0.0328105 0.0287583
vn -0.203432 -0.31814 0.925961
v -0.0157178 0.00583542 -0.0561915
vn -0.283958 -0.318167 0.904509
v -0.0157178 0.00583542 -0.0561915
vn 0.283958 0.318167 -0.904509
v 0.100931 -0.0328105 0.0287583
vn 0.203432 0.31814 -0.925961
v 0.10452 -0.0155675 0.0303797
vn 0 1 0
v 0.10452 -0.0155675 0.0303797
vn 0 -1 0
v 0.194019 -0.0550797 0.240557
vn 0.211457 0.204222 0.955814
v 0.104275 -0.0152883 0.0306207
vn -0.000917822 0.203948 0.978981
v 0.104275 -0.0152883 0.0306207
vn 0.000917822 -0.203948 -0.978981
v 0.194019 -0.0550797 0.240557
vn -0.211457 -0.204222 -0.955814
v 0.0711136 -0.0737273 0.0399815
vn -0.840277 -0.318172 0.438978
v 0.0711136 -0.0737273 0.0399815
vn 0.840277 0.318172 -0.438978
v 0.184092 -0.0775578 0.242156
vn -0.824924 0.202612 0.527684
v 0.184092 -0.0775578 0.242156
vn 0.824924 -0.202612 -0.527684
v 0.0711136 -0.0737273 0.0399815
vn 0 1 0
v 0.0711136 -0.0737273 0.0399815
vn 0 -1 0
v 0.0938085 -0.0489614 0.0299004
vn -0.436152 -0.31817 0.841748
v 0.0938085 -0.0489614 0.0299004
vn 0.436152 0.31817 -0.841748
v 0.100628 -0.0324649 0.0290563
vn 0 1 0
v 0.100931 -0.0328105 0.0287583
vn 0 1 0
v 0.100931 -0.0328105 0.0287583
vn 0 -1 0
v 0.100628 -0.0324649 0.0290563
vn 0 -1 0
v 0.194072 -0.0602034 0.239283
vn 0.00121126 0.203951 0.97898
v 0.194072 -0.0602034 0.239283
vn -0.00121126 -0.203951 -0.97898
v -0.0246245 -0.00637268 -0.0528357
vn -0.798706 -0.318162 0.510726
v -0.0246245 -0.00637268 -0.0528357
vn 0.798706 0.318162 -0.510726
v 0.0832786 -0.062504 0.0340826
vn -0.721327 0.202513 0.662325
v 0.0832786 -0.062504 0.0340826
vn 0.721327 -0.202513 -0.662325
v 0.0832786 -0.062504 0.0340826
vn 0 1 0
v 0.0832786 -0.062504 0.0340826
vn 0 -1 0
v -0.0178468 0.00101528 -0.0558483
vn -0.508382 -0.318191 0.800188
v -0.0178468 0.00101528 -0.0558483
vn 0.508382 0.318191 -0.800188
v 0.0934667 -0.0485685 0.0302371
vn 0 1 0
v 0.0938085 -0.0489614 0.0299004
vn 0 1 0
v 0.0938085 -0.0489614 0.0299004
vn 0 -1 0
v 0.0934667 -0.0485685 0.0302371
vn 0 -1 0
v 0.192999 -0.0653497 0.2388
vn -0.211914 0.2033 0.955909
v 0.100628 -0.0324649 0.0290563
vn -0.29583 0.203039 0.933413
v 0.100628 -0.0324649 0.0290563
vn 0.29583 -0.203039 -0.933413
v 0.192999 -0.0653497 0.2388
vn 0.211914 -0.2033 -0.955909
v 0.0836388 -0.0629171 0.0337281
vn -0.669239 -0.318458 0.671345
v 0.0836388 -0.0629171 0.0337281
vn 0.669239 0.318458 -0.671345
v 0.187832 -0.0743339 0.240288
vn -0.660813 0.202537 0.722706
v 0.187832 -0.0743339 0.240288
vn 0.660813 -0.202537 -0.722706
v 0.0836388 -0.0629171 0.0337281
vn 0 1 0
v 0.0836388 -0.0629171 0.0337281
vn 0 -1 0
v 0.19087 -0.0701699 0.239144
vn -0.451809 0.202789 0.868761
v 0.0934667 -0.0485685 0.0302371
vn -0.526506 0.202625 0.825672
v 0.0934667 -0.0485685 0.0302371
vn 0.526506 -0.202625 -0.825672
v 0.19087 -0.0701699 0.239144
vn 0.451809 -0.202789 -0.868761
v -0.0208848 -0.00314876 -0.0547036
vn -0.66946 -0.318458 0.671124
v -0.0208848 -0.00314876 -0.0547036
vn 0.66946 0.318458 -0.671124
v 0.146841 -0.0512673 0.29248
vn 0.108675 -0.906669 -0.407604
v 0.164181 -0.0509242 0.262671
vn 0.210467 -0.906669 -0.365588
v 0.162052 -0.0557443 0.263014
vn 0.108675 -0.906669 -0.407604
v 0.152162 -0.0392185 0.291622
vn 0.210467 -0.906669 -0.365588
v 0.162052 -0.0557443 0.263014
vn 0.108675 -0.906669 -0.407604
v 0.144156 -0.0641348 0.291274
vn -0.00052397 -0.906669 -0.421842
v 0.146841 -0.0512673 0.29248
vn 0.108675 -0.906669 -0.407604
v 0.152162 -0.0392185 0.291622
vn 0.210467 -0.906669 -0.365588
v 0.167219 -0.0467601 0.261526
vn 0.297917 -0.906669 -0.298658
v 0.164181 -0.0509242 0.262671
vn 0.210467 -0.906669 -0.365588
v 0.160978 -0.0608907 0.262532
vn -0.00052397 -0.906669 -0.421842
v 0.146841 -0.0512673 0.29248
vn 0.201678 -0.622205 -0.75643
v 0.153152 -0.0348902 0.321197
vn 0.390585 -0.622205 -0.678458
v 0.152162 -0.0392185 0.291622
vn 0.390585 -0.622205 -0.678458
v 0.144156 -0.0641348 0.291274
vn -0.000972241 -0.622205 -0.782854
v 0.145873 -0.051373 0.32237
vn 0.201678 -0.622205 -0.75643
v 0.146841 -0.0512673 0.29248
vn 0.201678 -0.622205 -0.75643
v 0.159757 -0.0288089 0.28876
vn 0.297917 -0.906669 -0.298658
v 0.144289 -0.076943 0.288089
vn -0.109687 -0.906669 -0.407332
v 0.160978 -0.0608907 0.262532
vn -0.00052397 -0.906669 -0.421842
v 0.161031 -0.0660144 0.261258
vn -0.109687 -0.906669 -0.407332
v 0.144156 -0.0641348 0.291274
vn -0.00052397 -0.906669 -0.421842
v 0.145873 -0.051373 0.32237
vn 0.201678 -0.622205 -0.75643
v 0.163542 -0.0206502 0.317282
vn 0.552874 -0.622205 -0.554249
v 0.152162 -0.0392185 0.291622
vn 0.390585 -0.622205 -0.678458
v 0.153152 -0.0348902 0.321197
vn 0.390585 -0.622205 -0.678458
v 0.1422 -0.068976 0.320721
vn -0.000972241 -0.622205 -0.782854
v 0.167219 -0.0467601 0.261526
vn 0.297917 -0.906669 -0.298658
v 0.169108 -0.0207476 0.28409
vn 0.365064 -0.906669 -0.211375
v 0.170958 -0.0435362 0.259658
vn 0.365064 -0.906669 -0.211375
v 0.159757 -0.0288089 0.28876
vn 0.552874 -0.622205 -0.554249
v 0.159757 -0.0288089 0.28876
vn 0.297917 -0.906669 -0.298658
v 0.161031 -0.0660144 0.261258
vn -0.109687 -0.906669 -0.407332
v 0.147234 -0.0888207 0.28314
vn -0.211375 -0.906669 -0.365064
v 0.144289 -0.076943 0.288089
vn -0.109687 -0.906669 -0.407332
v 0.142383 -0.0864986 0.316363
vn -0.203556 -0.622205 -0.755927
v 0.144156 -0.0641348 0.291274
vn -0.000972241 -0.622205 -0.782854
v 0.144289 -0.076943 0.288089
vn -0.203556 -0.622205 -0.755927
v 0.145214 -0.0511684 0.322885
vn 0 -1 0
v 0.153152 -0.0348902 0.321197
vn 0 -1 0
v 0.145873 -0.051373 0.32237
vn 0 -1 0
v 0.152585 -0.0344801 0.321698
vn 0 -1 0
v 0.163542 -0.0206502 0.317282
vn 0 -1 0
v 0.1422 -0.068976 0.320721
vn -0.000972241 -0.622205 -0.782854
v 0.141495 -0.0689905 0.321216
vn 0 -1 0
v 0.1422 -0.068976 0.320721
vn 0 -1 0
v 0.179578 -0.0155844 0.277928
vn 0.407332 -0.906669 -0.109687
v 0.170958 -0.0435362 0.259658
vn 0.365064 -0.906669 -0.211375
v 0.169108 -0.0207476 0.28409
vn 0.365064 -0.906669 -0.211375
v 0.176334 -0.00962236 0.310892
vn 0.677485 -0.622205 -0.392269
v 0.159757 -0.0288089 0.28876
vn 0.552874 -0.622205 -0.554249
v 0.163542 -0.0206502 0.317282
vn 0.552874 -0.622205 -0.554249
v 0.169108 -0.0207476 0.28409
vn 0.677485 -0.622205 -0.392269
v -0.046675 0.0154446 -0.0319694
vn 0.24403 -0.320484 -0.915281
v -0.0513914 0.0127942 -0.0449561
vn -0.00117663 -0.320484 -0.947253
v -0.0477497 0.0102943 -0.0324519
vn -0.00117663 -0.320484 -0.947253
v -0.0445448 0.0202677 -0.0323127
vn 0.472608 -0.320484 -0.820934
v -0.050542 0.0168631 -0.0445752
vn 0.24403 -0.320484 -0.915281
v -0.046675 0.0154446 -0.0319694
vn 0.24403 -0.320484 -0.915281
v -0.0513914 0.0127942 -0.0449561
vn -0.00117663 -0.320484 -0.947253
v -0.0476962 0.00516667 -0.0337271
vn -0.246304 -0.320484 -0.914672
v -0.0477497 0.0102943 -0.0324519
vn -0.00117663 -0.320484 -0.947253
v 0.162209 -0.0707658 0.259278
vn -0.211375 -0.906669 -0.365064
v 0.14641 -0.102747 0.309593
vn -0.392269 -0.622205 -0.677485
v 0.144289 -0.076943 0.288089
vn -0.203556 -0.622205 -0.755927
v 0.147234 -0.0888207 0.28314
vn -0.392269 -0.622205 -0.677485
v 0.142383 -0.0864986 0.316363
vn -0.203556 -0.622205 -0.755927
v 0.163104 -0.0200633 0.317734
vn 0 -1 0
v 0.141681 -0.0867315 0.316803
vn 0 -1 0
v 0.142383 -0.0864986 0.316363
vn 0 -1 0
v 0.175147 -0.0414707 0.257193
vn 0.407332 -0.906669 -0.109687
v 0.176334 -0.00962236 0.310892
vn 0.677485 -0.622205 -0.392269
v 0.179578 -0.0155844 0.277928
vn 0.755927 -0.622205 -0.203556
v 0.169108 -0.0207476 0.28409
vn 0.677485 -0.622205 -0.392269
v 0.176055 -0.0088983 0.311264
vn 0 -1 0
v 0.176334 -0.00962236 0.310892
vn 0 -1 0
v -0.050542 0.0168631 -0.0445752
vn 0.24403 -0.320484 -0.915281
v -0.0488597 0.020673 -0.044846
vn 0.472608 -0.320484 -0.820934
v -0.0513489 0.00874438 -0.0459634
vn -0.246304 -0.320484 -0.914672
v 0.162209 -0.0707658 0.259278
vn -0.211375 -0.906669 -0.365064
v 0.152788 -0.0989571 0.276764
vn -0.298658 -0.906669 -0.297917
v 0.147234 -0.0888207 0.28314
vn -0.211375 -0.906669 -0.365064
v 0.147234 -0.0888207 0.28314
vn -0.392269 -0.622205 -0.677485
v 0.154008 -0.116613 0.300871
vn -0.554249 -0.622205 -0.552874
v 0.14641 -0.102747 0.309593
vn -0.392269 -0.622205 -0.677485
v 0.145758 -0.103181 0.309949
vn 0 -1 0
v 0.14641 -0.102747 0.309593
vn 0 -1 0
v 0.145214 -0.0511684 0.322885
vn 0.158893 0.787138 -0.595959
v 0.177521 -0.0486496 0.322736
vn 0.307724 0.787138 -0.534527
v 0.152585 -0.0344801 0.321698
vn 0.307724 0.787138 -0.534527
v 0.141495 -0.0689905 0.321216
vn -0.000766516 0.787138 -0.616777
v 0.172529 -0.0599548 0.323541
vn 0.158893 0.787138 -0.595959
v 0.145214 -0.0511684 0.322885
vn 0.158893 0.787138 -0.595959
v 0.152585 -0.0344801 0.321698
vn 0.307724 0.787138 -0.534527
v 0.184647 -0.0388835 0.320051
vn 0.435586 0.787138 -0.436669
v 0.163104 -0.0200633 0.317734
vn 0.435586 0.787138 -0.436669
v 0.141681 -0.0867315 0.316803
vn -0.160373 0.787138 -0.595562
v 0.170009 -0.072028 0.32241
vn -0.000766516 0.787138 -0.616777
v 0.141495 -0.0689905 0.321216
vn -0.000766516 0.787138 -0.616777
v 0.190452 -0.0136729 0.270695
vn 0.421842 -0.906669 -0.00052397
v 0.175147 -0.0414707 0.257193
vn 0.407332 -0.906669 -0.109687
v 0.179578 -0.0155844 0.277928
vn 0.407332 -0.906669 -0.109687
v 0.190657 -0.00255982 0.302463
vn 0.755927 -0.622205 -0.203556
v -0.041505 0.0244337 -0.0334582
vn 0.668977 -0.320484 -0.670641
v -0.0488597 0.020673 -0.044846
vn 0.472608 -0.320484 -0.820934
v -0.0445448 0.0202677 -0.0323127
vn 0.472608 -0.320484 -0.820934
v 0.190556 -0.00174811 0.30273
vn 0 -1 0
v -0.0367517 0.0287513 -0.0514635
vn 0.947253 -0.320484 -0.00117663
v -0.0335717 0.0297271 -0.0377939
vn 0.914672 -0.320484 -0.246304
v -0.0292184 0.0304926 -0.0406893
vn 0.947253 -0.320484 -0.00117663
v -0.033419 0.0282868 -0.0539335
vn 0.915281 -0.320484 0.24403
v -0.0292184 0.0304926 -0.0406893
vn 0.947253 -0.320484 -0.00117663
v -0.025 0.0299052 -0.0438157
vn 0.915281 -0.320484 0.24403
v -0.04019 0.0281464 -0.0491768
vn 0.914672 -0.320484 -0.246304
v -0.0377626 0.0276606 -0.0353274
vn 0.819757 -0.320484 -0.474645
v -0.0335717 0.0297271 -0.0377939
vn 0.914672 -0.320484 -0.246304
v -0.0513489 0.00874438 -0.0459634
vn -0.246304 -0.320484 -0.914672
v -0.0465177 0.000413267 -0.035708
vn -0.474645 -0.320484 -0.819757
v -0.0476962 0.00516667 -0.0337271
vn -0.246304 -0.320484 -0.914672
v -0.0304199 0.0267859 -0.0564177
vn 0.820934 -0.320484 0.472608
v -0.025 0.0299052 -0.0438157
vn 0.915281 -0.320484 0.24403
v -0.0212034 0.0280045 -0.0469606
vn 0.820934 -0.320484 0.472608
v 0.16443 -0.0748196 0.256728
vn -0.298658 -0.906669 -0.297917
v 0.152788 -0.0989571 0.276764
vn -0.554249 -0.622205 -0.552874
v 0.15345 -0.11722 0.301119
vn 0 -1 0
v 0.154008 -0.116613 0.300871
vn 0 -1 0
v 0.172529 -0.0599548 0.323541
vn 0.158893 0.787138 -0.595959
v 0.177521 -0.0486496 0.322736
vn 0.307724 0.787138 -0.534527
v 0.170009 -0.072028 0.32241
vn -0.000766516 0.787138 -0.616777
v 0.184647 -0.0388835 0.320051
vn 0.435586 0.787138 -0.436669
v 0.176055 -0.0088983 0.311264
vn 0.533762 0.787138 -0.309052
v 0.163104 -0.0200633 0.317734
vn 0.435586 0.787138 -0.436669
v 0.145758 -0.103181 0.309949
vn -0.309052 0.787138 -0.533762
v 0.170135 -0.0840452 0.319421
vn -0.160373 0.787138 -0.595562
v 0.141681 -0.0867315 0.316803
vn -0.160373 0.787138 -0.595562
v 0.170135 -0.0840452 0.319421
vn -0.160373 0.787138 -0.595562
v 0.179497 -0.0407063 0.2543
vn 0.421842 -0.906669 -0.00052397
v 0.190657 -0.00255982 0.302463
vn 0.755927 -0.622205 -0.203556
v 0.190452 -0.0136729 0.270695
vn 0.782854 -0.622205 -0.000972241
v 0.179578 -0.0155844 0.277928
vn 0.755927 -0.622205 -0.203556
v 0.190657 -0.00255982 0.302463
vn 0 -1 0
v -0.0377626 0.0276606 -0.0353274
vn 0.819757 -0.320484 -0.474645
v -0.0464579 0.0239651 -0.045751
vn 0.668977 -0.320484 -0.670641
v -0.041505 0.0244337 -0.0334582
vn 0.668977 -0.320484 -0.670641
v -0.0464579 0.0239651 -0.045751
vn 0.668977 -0.320484 -0.670641
v 0.193421 -0.0313209 0.315668
vn 0.533762 0.787138 -0.309052
v 0.190556 -0.00174811 0.30273
vn 0.595562 0.787138 -0.160373
v 0.176055 -0.0088983 0.311264
vn 0.533762 0.787138 -0.309052
v -0.04019 0.0281464 -0.0491768
vn 0.914672 -0.320484 -0.246304
v -0.0367517 0.0287513 -0.0514635
vn 0.947253 -0.320484 -0.00117663
v -0.033419 0.0282868 -0.0539335
vn 0.915281 -0.320484 0.24403
v -0.0435012 0.026514 -0.0472279
vn 0.819757 -0.320484 -0.474645
v -0.0504181 0.00498783 -0.0475285
vn -0.474645 -0.320484 -0.819757
v -0.0212034 0.0280045 -0.0469606
vn 0.820934 -0.320484 0.472608
v -0.027958 0.0243494 -0.0587475
vn 0.670641 -0.320484 0.668977
v -0.0304199 0.0267859 -0.0564177
vn 0.820934 -0.320484 0.472608
v 0.167544 -0.0779015 0.253781
vn -0.365588 -0.906669 -0.210467
v 0.152788 -0.0989571 0.276764
vn -0.298658 -0.906669 -0.297917
v 0.16443 -0.0748196 0.256728
vn -0.298658 -0.906669 -0.297917
v 0.152788 -0.0989571 0.276764
vn -0.554249 -0.622205 -0.552874
v 0.164656 -0.127154 0.290793
vn -0.678458 -0.622205 -0.390585
v 0.154008 -0.116613 0.300871
vn -0.554249 -0.622205 -0.552874
v 0.164656 -0.127154 0.290793
vn 0 -1 0
v 0.15345 -0.11722 0.301119
vn -0.436669 0.787138 -0.435586
v 0.172898 -0.0951891 0.314777
vn -0.309052 0.787138 -0.533762
v 0.145758 -0.103181 0.309949
vn -0.309052 0.787138 -0.533762
v 0.171935 -0.0597705 0.324005
vn 0 -1 0
v 0.177521 -0.0486496 0.322736
vn 0 -1 0
v 0.172529 -0.0599548 0.323541
vn 0 -1 0
v 0.17701 -0.0482805 0.323187
vn 0 -1 0
v 0.184647 -0.0388835 0.320051
vn 0 -1 0
v 0.169375 -0.0720412 0.322856
vn 0 -1 0
v 0.170009 -0.072028 0.32241
vn 0 -1 0
v 0.193421 -0.0313209 0.315668
vn 0.533762 0.787138 -0.309052
v 0.172898 -0.0951891 0.314777
vn -0.309052 0.787138 -0.533762
v 0.169502 -0.0842552 0.319818
vn 0 -1 0
v 0.170135 -0.0840452 0.319421
vn 0 -1 0
v 0.200992 -0.01514 0.262884
vn 0.407604 -0.906669 0.108675
v 0.179497 -0.0407063 0.2543
vn 0.421842 -0.906669 -0.00052397
v 0.190452 -0.0136729 0.270695
vn 0.421842 -0.906669 -0.00052397
v 0.205534 5.64746e-05 0.292568
vn 0.782854 -0.622205 -0.000972241
v 0.205618 0.000901119 0.292713
vn 0 -1 0
v -0.0435012 0.026514 -0.0472279
vn 0.819757 -0.320484 -0.474645
v 0.203244 -0.0264767 0.309887
vn 0.595562 0.787138 -0.160373
v -0.0507645 0.0169323 -0.0444011
vn 0.255396 -0.131079 -0.95791
v -0.0696946 0.0204928 -0.0793404
vn -0.00123107 -0.131079 -0.991371
v -0.0516286 0.0127896 -0.0447893
vn -0.00123107 -0.131079 -0.991371
v -0.0696946 0.0204928 -0.0793404
vn -0.00123107 -0.131079 -0.991371
v -0.0515863 0.00866538 -0.0458145
vn -0.257775 -0.131079 -0.957272
v -0.0516286 0.0127896 -0.0447893
vn -0.00123107 -0.131079 -0.991371
v -0.0490508 0.0208113 -0.0446775
vn 0.494619 -0.131079 -0.859168
v -0.0691072 0.0233103 -0.0790761
vn 0.255396 -0.131079 -0.95791
v -0.0507645 0.0169323 -0.0444011
vn 0.255396 -0.131079 -0.95791
v -0.018088 0.0249207 -0.049909
vn 0.670641 -0.320484 0.668977
v -0.0504181 0.00498783 -0.0475285
vn -0.474645 -0.320484 -0.819757
v -0.0442945 -0.00364439 -0.0382601
vn -0.670641 -0.320484 -0.668977
v -0.0465177 0.000413267 -0.035708
vn -0.474645 -0.320484 -0.819757
v -0.069665 0.0176892 -0.0800379
vn -0.257775 -0.131079 -0.957272
v -0.0506377 0.00484162 -0.0474084
vn -0.496752 -0.131079 -0.857937
v -0.0515863 0.00866538 -0.0458145
vn -0.257775 -0.131079 -0.957272
v 0.160572 -0.106662 0.269397
vn -0.365588 -0.906669 -0.210467
v 0.160572 -0.106662 0.269397
vn -0.678458 -0.622205 -0.390585
v 0.164232 -0.127892 0.290915
vn 0 -1 0
v 0.178108 -0.1047 0.308796
vn -0.436669 0.787138 -0.435586
v 0.184252 -0.0383546 0.320458
vn 0 -1 0
v 0.193168 -0.0306678 0.316005
vn 0 -1 0
v 0.193421 -0.0313209 0.315668
vn 0 -1 0
v 0.17231 -0.0955813 0.315098
vn 0 -1 0
v 0.172898 -0.0951891 0.314777
vn 0 -1 0
v 0.183712 -0.0412928 0.251176
vn 0.407604 -0.906669 0.108675
v 0.205534 5.64746e-05 0.292568
vn 0.782854 -0.622205 -0.000972241
v 0.200992 -0.01514 0.262884
vn 0.75643 -0.622205 0.201678
v 0.190452 -0.0136729 0.270695
vn 0.782854 -0.622205 -0.000972241
v 0.205534 5.64746e-05 0.292568
vn 0 -1 0
v 0.203244 -0.0264767 0.309887
vn 0.595562 0.787138 -0.160373
v 0.205618 0.000901119 0.292713
vn 0.616777 0.787138 -0.000766516
v 0.190556 -0.00174811 0.30273
vn 0.595562 0.787138 -0.160373
v 0.203152 -0.0257442 0.310129
vn 0 -1 0
v 0.203244 -0.0264767 0.309887
vn 0 -1 0
v -0.0691072 0.0233103 -0.0790761
vn 0.255396 -0.131079 -0.95791
v -0.069665 0.0176892 -0.0800379
vn -0.257775 -0.131079 -0.957272
v -0.0679418 0.025948 -0.0792641
vn 0.494619 -0.131079 -0.859168
v -0.018088 0.0249207 -0.049909
vn 0.670641 -0.320484 0.668977
v -0.026202 0.0211443 -0.0607634
vn 0.474645 -0.320484 0.819757
v -0.027958 0.0243494 -0.0587475
vn 0.670641 -0.320484 0.668977
v -0.0486621 0.00178279 -0.0495443
vn -0.670641 -0.320484 -0.668977
v -0.0690207 0.0150883 -0.0811214
vn -0.496752 -0.131079 -0.857937
v 0.171339 -0.0798013 0.250638
vn -0.407604 -0.906669 -0.108675
v 0.160572 -0.106662 0.269397
vn -0.365588 -0.906669 -0.210467
v 0.167544 -0.0779015 0.253781
vn -0.365588 -0.906669 -0.210467
v 0.160572 -0.106662 0.269397
vn -0.678458 -0.622205 -0.390585
v 0.177632 -0.133649 0.280045
vn -0.75643 -0.622205 -0.201678
v 0.164656 -0.127154 0.290793
vn -0.678458 -0.622205 -0.390585
v 0.177632 -0.133649 0.280045
vn 0 -1 0
v 0.185411 -0.111929 0.301884
vn -0.534527 0.787138 -0.307724
v 0.15345 -0.11722 0.301119
vn -0.436669 0.787138 -0.435586
v 0.164232 -0.127892 0.290915
vn -0.534527 0.787138 -0.307724
v 0.178108 -0.1047 0.308796
vn -0.436669 0.787138 -0.435586
v 0.177606 -0.105248 0.309019
vn 0 -1 0
v 0.178108 -0.1047 0.308796
vn 0 -1 0
v 0.171935 -0.0597705 0.324005
vn 0.126122 0.871965 -0.473043
v 0.204859 -0.0649195 0.319429
vn 0.244257 0.871965 -0.424282
v 0.17701 -0.0482805 0.323187
vn 0.244257 0.871965 -0.424282
v 0.169375 -0.0720412 0.322856
vn -0.000608101 0.871965 -0.489567
v 0.202781 -0.0696241 0.319764
vn 0.126122 0.871965 -0.473043
v 0.171935 -0.0597705 0.324005
vn 0.126122 0.871965 -0.473043
v 0.17701 -0.0482805 0.323187
vn 0.244257 0.871965 -0.424282
v 0.207824 -0.0608558 0.318312
vn 0.345746 0.871965 -0.346606
v 0.184252 -0.0383546 0.320458
vn 0.345746 0.871965 -0.346606
v 0.169502 -0.0842552 0.319818
vn -0.127297 0.871965 -0.472728
v 0.201733 -0.0746476 0.319294
vn -0.000608101 0.871965 -0.489567
v 0.169375 -0.0720412 0.322856
vn -0.000608101 0.871965 -0.489567
v 0.17231 -0.0955813 0.315098
vn -0.24531 0.871965 -0.423674
v 0.201785 -0.0796479 0.31805
vn -0.127297 0.871965 -0.472728
v 0.169502 -0.0842552 0.319818
vn -0.127297 0.871965 -0.472728
v 0.210476 -0.0198879 0.255028
vn 0.365588 -0.906669 0.210467
v 0.183712 -0.0412928 0.251176
vn 0.407604 -0.906669 0.108675
v 0.200992 -0.01514 0.262884
vn 0.407604 -0.906669 0.108675
v 0.219951 -0.00195165 0.281883
vn 0.75643 -0.622205 0.201678
v 0.220215 -0.00113194 0.281894
vn 0 -1 0
v 0.213447 -0.024682 0.303101
vn 0.616777 0.787138 -0.000766516
v -0.0466062 0.024163 -0.0455983
vn 0.700135 -0.131079 -0.701876
v -0.0679418 0.025948 -0.0792641
vn 0.494619 -0.131079 -0.859168
v -0.0490508 0.0208113 -0.0446775
vn 0.494619 -0.131079 -0.859168
v 0.213523 -0.0239207 0.303231
vn 0 -1 0
v -0.0595589 0.0315408 -0.0838457
vn 0.991371 -0.131079 -0.00123107
v -0.0402245 0.0284209 -0.0490861
vn 0.957272 -0.131079 -0.257775
v -0.036723 0.0290367 -0.0514149
vn 0.991371 -0.131079 -0.00123107
v -0.0572513 0.0312192 -0.0855561
vn 0.95791 -0.131079 0.255396
v -0.036723 0.0290367 -0.0514149
vn 0.991371 -0.131079 -0.00123107
v -0.03333 0.0285637 -0.0539297
vn 0.95791 -0.131079 0.255396
v -0.0551749 0.0301802 -0.0872759
vn 0.859168 -0.131079 0.494619
v -0.03333 0.0285637 -0.0539297
vn 0.95791 -0.131079 0.255396
v -0.0302765 0.0270354 -0.056459
vn 0.859168 -0.131079 0.494619
v -0.0534705 0.0284928 -0.0888889
vn 0.701876 -0.131079 0.700135
v -0.0302765 0.0270354 -0.056459
vn 0.859168 -0.131079 0.494619
v -0.0277701 0.0245547 -0.058831
vn 0.701876 -0.131079 0.700135
v -0.0619392 0.0311219 -0.0822627
vn 0.957272 -0.131079 -0.257775
v -0.0435951 0.0267579 -0.0471026
vn 0.857937 -0.131079 -0.496752
v -0.0402245 0.0284209 -0.0490861
vn 0.957272 -0.131079 -0.257775
v -0.0158648 0.020863 -0.0524611
vn 0.474645 -0.320484 0.819757
v -0.0690207 0.0150883 -0.0811214
vn -0.496752 -0.131079 -0.857937
v -0.04885 0.00157746 -0.0494609
vn -0.701876 -0.131079 -0.700135
v -0.0506377 0.00484162 -0.0474084
vn -0.496752 -0.131079 -0.857937
v -0.0486621 0.00178279 -0.0495443
vn -0.670641 -0.320484 -0.668977
v -0.0411792 -0.00672824 -0.0412085
vn -0.820934 -0.320484 -0.472608
v -0.0442945 -0.00364439 -0.0382601
vn -0.670641 -0.320484 -0.668977
v -0.0522547 0.0262741 -0.0902846
vn 0.496752 -0.131079 0.857937
v -0.0277701 0.0245547 -0.058831
vn 0.701876 -0.131079 0.700135
v -0.0259824 0.0212905 -0.0608835
vn 0.496752 -0.131079 0.857937
v 0.170057 -0.11141 0.261541
vn -0.407604 -0.906669 -0.108675
v 0.170057 -0.11141 0.261541
vn -0.75643 -0.622205 -0.201678
v 0.177368 -0.134468 0.280034
vn 0 -1 0
v 0.164232 -0.127892 0.290915
vn -0.534527 0.787138 -0.307724
v 0.19431 -0.116384 0.294512
vn -0.595959 0.787138 -0.158893
v 0.185411 -0.111929 0.301884
vn -0.534527 0.787138 -0.307724
v 0.185411 -0.111929 0.301884
vn 0 -1 0
v 0.202781 -0.0696241 0.319764
vn 0.126122 0.871965 -0.473043
v 0.204859 -0.0649195 0.319429
vn 0.244257 0.871965 -0.424282
v 0.201733 -0.0746476 0.319294
vn -0.000608101 0.871965 -0.489567
v 0.207824 -0.0608558 0.318312
vn 0.345746 0.871965 -0.346606
v 0.193168 -0.0306678 0.316005
vn 0.423674 0.871965 -0.24531
v 0.184252 -0.0383546 0.320458
vn 0.345746 0.871965 -0.346606
v 0.201785 -0.0796479 0.31805
vn -0.127297 0.871965 -0.472728
v 0.211475 -0.057709 0.316488
vn 0.423674 0.871965 -0.24531
v 0.203152 -0.0257442 0.310129
vn 0.472728 0.871965 -0.127297
v 0.193168 -0.0306678 0.316005
vn 0.423674 0.871965 -0.24531
v 0.177606 -0.105248 0.309019
vn -0.346606 0.871965 -0.345746
v 0.202935 -0.0842844 0.316118
vn -0.24531 0.871965 -0.423674
v 0.17231 -0.0955813 0.315098
vn -0.24531 0.871965 -0.423674
v 0.202935 -0.0842844 0.316118
vn -0.24531 0.871965 -0.423674
v 0.187506 -0.0431925 0.248033
vn 0.365588 -0.906669 0.210467
v 0.219951 -0.00195165 0.281883
vn 0.75643 -0.622205 0.201678
v 0.210476 -0.0198879 0.255028
vn 0.678458 -0.622205 0.390585
v 0.200992 -0.01514 0.262884
vn 0.75643 -0.622205 0.201678
v 0.219951 -0.00195165 0.281883
vn 0 -1 0
v 0.213447 -0.024682 0.303101
vn 0.616777 0.787138 -0.000766516
v 0.220215 -0.00113194 0.281894
vn 0.595959 0.787138 0.158893
v 0.205618 0.000901119 0.292713
vn 0.616777 0.787138 -0.000766516
v 0.213447 -0.024682 0.303101
vn 0 -1 0
v -0.0435951 0.0267579 -0.0471026
vn 0.857937 -0.131079 -0.496752
v -0.0662794 0.0282271 -0.0798904
vn 0.700135 -0.131079 -0.701876
v -0.0466062 0.024163 -0.0455983
vn 0.700135 -0.131079 -0.701876
v -0.0662794 0.0282271 -0.0798904
vn 0.700135 -0.131079 -0.701876
v 0.215562 -0.0556934 0.314083
vn 0.472728 0.871965 -0.127297
v 0.213523 -0.0239207 0.303231
vn 0.489567 0.871965 -0.000608101
v 0.203152 -0.0257442 0.310129
vn 0.472728 0.871965 -0.127297
v -0.0619392 0.0311219 -0.0822627
vn 0.957272 -0.131079 -0.257775
v -0.0595589 0.0315408 -0.0838457
vn 0.991371 -0.131079 -0.00123107
v -0.0572513 0.0312192 -0.0855561
vn 0.95791 -0.131079 0.255396
v -0.0551749 0.0301802 -0.0872759
vn 0.859168 -0.131079 0.494619
v -0.0534705 0.0284928 -0.0888889
vn 0.701876 -0.131079 0.700135
v -0.0642317 0.0299918 -0.0809133
vn 0.857937 -0.131079 -0.496752
v -0.0158648 0.020863 -0.0524611
vn 0.474645 -0.320484 0.819757
v -0.0252712 0.0173878 -0.0623285
vn 0.246304 -0.320484 0.914672
v -0.026202 0.0211443 -0.0607634
vn 0.474645 -0.320484 0.819757
v -0.067805 0.0128686 -0.0825172
vn -0.701876 -0.131079 -0.700135
v -0.0462002 -0.000653745 -0.0518742
vn -0.820934 -0.320484 -0.472608
v -0.0259824 0.0212905 -0.0608835
vn 0.496752 -0.131079 0.857937
v -0.0516104 0.0236732 -0.0913681
vn 0.257775 -0.131079 0.957272
v -0.0522547 0.0262741 -0.0902846
vn 0.496752 -0.131079 0.857937
v 0.175554 -0.0803877 0.247514
vn -0.421842 -0.906669 0.00052397
v 0.170057 -0.11141 0.261541
vn -0.407604 -0.906669 -0.108675
v 0.171339 -0.0798013 0.250638
vn -0.407604 -0.906669 -0.108675
v 0.170057 -0.11141 0.261541
vn -0.75643 -0.622205 -0.201678
v 0.192049 -0.135657 0.26936
vn -0.782854 -0.622205 0.000972241
v 0.177632 -0.133649 0.280045
vn -0.75643 -0.622205 -0.201678
v 0.192049 -0.135657 0.26936
vn 0 -1 0
v 0.177368 -0.134468 0.280034
vn -0.595959 0.787138 -0.158893
v 0.185028 -0.112595 0.301994
vn 0 -1 0
v 0.19431 -0.116384 0.294512
vn 0 -1 0
v 0.202051 -0.0693973 0.320335
vn 0 -1 0
v 0.204859 -0.0649195 0.319429
vn 0 -1 0
v 0.202781 -0.0696241 0.319764
vn 0 -1 0
v 0.204229 -0.0644656 0.319985
vn 0 -1 0
v 0.207824 -0.0608558 0.318312
vn 0 -1 0
v 0.200952 -0.0746637 0.319842
vn 0 -1 0
v 0.201733 -0.0746476 0.319294
vn 0 -1 0
v 0.211475 -0.057709 0.316488
vn 0.423674 0.871965 -0.24531
v 0.201008 -0.0799058 0.318538
vn 0 -1 0
v 0.201785 -0.0796479 0.31805
vn 0 -1 0
v 0.215562 -0.0556934 0.314083
vn 0.472728 0.871965 -0.127297
v 0.205103 -0.0882423 0.313629
vn -0.346606 0.871965 -0.345746
v 0.202212 -0.0847664 0.316513
vn 0 -1 0
v 0.202935 -0.0842844 0.316118
vn 0 -1 0
v 0.218261 -0.0275932 0.247661
vn 0.298658 -0.906669 0.297917
v 0.187506 -0.0431925 0.248033
vn 0.365588 -0.906669 0.210467
v 0.210476 -0.0198879 0.255028
vn 0.365588 -0.906669 0.210467
v 0.232926 -0.0084465 0.271135
vn 0.678458 -0.622205 0.390585
v 0.233351 -0.00770789 0.271013
vn 0 -1 0
v 0.223336 -0.0260588 0.295772
vn 0.595959 0.787138 0.158893
v 0.223573 -0.0253199 0.295783
vn 0 -1 0
v -0.0642317 0.0299918 -0.0809133
vn 0.857937 -0.131079 -0.496752
v 0.219808 -0.0549467 0.311259
vn 0.489567 0.871965 -0.000608101
v -0.0677705 0.025825 -0.079415
vn 0.498924 0 -0.866646
v -0.0909125 0.0307532 -0.110331
vn 0.25762 0 -0.966247
v -0.0689085 0.0232485 -0.0792316
vn 0.25762 0 -0.966247
v -0.0914867 0.0280026 -0.110589
vn -0.00124234 0 -1
v -0.0694826 0.0204978 -0.0794891
vn -0.00124234 0 -1
v -0.0694539 0.0177588 -0.0801704
vn -0.260019 0 -0.965604
v -0.0661469 0.0280505 -0.0800268
vn 0.706228 0 -0.707984
v -0.0897746 0.0333297 -0.110515
vn 0.498924 0 -0.866646
v -0.0146863 0.0161096 -0.054442
vn 0.246304 -0.320484 0.914672
v -0.067805 0.0128686 -0.0825172
vn -0.701876 -0.131079 -0.700135
v -0.0463436 -0.00090325 -0.0518329
vn -0.859168 -0.131079 -0.494619
v -0.04885 0.00157746 -0.0494609
vn -0.701876 -0.131079 -0.700135
v -0.0462002 -0.000653745 -0.0518742
vn -0.820934 -0.320484 -0.472608
v -0.0373825 -0.00862891 -0.0443534
vn -0.915281 -0.320484 -0.24403
v -0.0411792 -0.00672824 -0.0412085
vn -0.820934 -0.320484 -0.472608
v -0.0250338 0.0174668 -0.0624774
vn 0.257775 -0.131079 0.957272
v -0.091458 0.0252636 -0.11127
vn -0.260019 0 -0.965604
v -0.0688238 0.0152194 -0.081229
vn -0.501076 0 -0.865404
v 0.180596 -0.112878 0.25373
vn -0.421842 -0.906669 0.00052397
v 0.180596 -0.112878 0.25373
vn -0.782854 -0.622205 0.000972241
v 0.191965 -0.136501 0.269215
vn 0 -1 0
v 0.177368 -0.134468 0.280034
vn -0.595959 0.787138 -0.158893
v 0.204199 -0.117761 0.287184
vn -0.616777 0.787138 0.000766516
v 0.19431 -0.116384 0.294512
vn -0.595959 0.787138 -0.158893
v 0.194073 -0.117123 0.294502
vn 0 -1 0
v 0.208142 -0.0912503 0.310753
vn -0.424282 0.871965 -0.244257
v 0.177606 -0.105248 0.309019
vn -0.346606 0.871965 -0.345746
v 0.185028 -0.112595 0.301994
vn -0.424282 0.871965 -0.244257
v 0.211165 -0.0569062 0.316901
vn 0 -1 0
v 0.211475 -0.057709 0.316488
vn 0 -1 0
v 0.21545 -0.0547929 0.31438
vn 0 -1 0
v 0.215562 -0.0556934 0.314083
vn 0 -1 0
v 0.205103 -0.0882423 0.313629
vn -0.346606 0.871965 -0.345746
v 0.204485 -0.0889151 0.313904
vn 0 -1 0
v 0.205103 -0.0882423 0.313629
vn 0 -1 0
v 0.19062 -0.0462744 0.245086
vn 0.298658 -0.906669 0.297917
v 0.232926 -0.0084465 0.271135
vn 0.678458 -0.622205 0.390585
v 0.218261 -0.0275932 0.247661
vn 0.554249 -0.622205 0.552874
v 0.210476 -0.0198879 0.255028
vn 0.678458 -0.622205 0.390585
v 0.232926 -0.0084465 0.271135
vn 0 -1 0
v 0.223336 -0.0260588 0.295772
vn 0.595959 0.787138 0.158893
v 0.233351 -0.00770789 0.271013
vn 0.534527 0.787138 0.307724
v 0.220215 -0.00113194 0.281894
vn 0.595959 0.787138 0.158893
v 0.223336 -0.0260588 0.295772
vn 0 -1 0
v 0.219808 -0.0549467 0.311259
vn 0.489567 0.871965 -0.000608101
v 0.223573 -0.0253199 0.295783
vn 0.473043 0.871965 0.126122
v 0.213523 -0.0239207 0.303231
vn 0.489567 0.871965 -0.000608101
v 0.219901 -0.0540108 0.311419
vn 0 -1 0
v 0.219808 -0.0549467 0.311259
vn 0 -1 0
v -0.0881509 0.0355552 -0.111126
vn 0.706228 0 -0.707984
v -0.0146863 0.0161096 -0.054442
vn 0.246304 -0.320484 0.914672
v -0.0252287 0.013338 -0.0633358
vn 0.00117663 -0.320484 0.947253
v -0.0252712 0.0173878 -0.0623285
vn 0.246304 -0.320484 0.914672
v -0.0661005 0.0111822 -0.0841301
vn -0.859168 -0.131079 -0.494619
v -0.0432011 -0.00215465 -0.0543583
vn -0.915281 -0.320484 -0.24403
v -0.0250338 0.0174668 -0.0624774
vn 0.257775 -0.131079 0.957272
v -0.0515808 0.0208696 -0.0920656
vn 0.00123107 -0.131079 0.991371
v -0.0516104 0.0236732 -0.0913681
vn 0.257775 -0.131079 0.957272
v -0.0908279 0.0227241 -0.112329
vn -0.501076 0 -0.865404
v 0.179904 -0.0796233 0.244621
vn -0.407332 -0.906669 0.109687
v 0.180596 -0.112878 0.25373
vn -0.421842 -0.906669 0.00052397
v 0.175554 -0.0803877 0.247514
vn -0.421842 -0.906669 0.00052397
v 0.180596 -0.112878 0.25373
vn -0.782854 -0.622205 0.000972241
v 0.206926 -0.13304 0.259465
vn -0.755927 -0.622205 0.203556
v 0.192049 -0.135657 0.26936
vn -0.782854 -0.622205 0.000972241
v 0.206926 -0.13304 0.259465
vn 0 -1 0
v 0.191965 -0.136501 0.269215
vn -0.616777 0.787138 0.000766516
v 0.204199 -0.117761 0.287184
vn 0 -1 0
v 0.211845 -0.0931038 0.307685
vn -0.473043 0.871965 -0.126122
v 0.185028 -0.112595 0.301994
vn -0.424282 0.871965 -0.244257
v 0.194073 -0.117123 0.294502
vn -0.473043 0.871965 -0.126122
v 0.208142 -0.0912503 0.310753
vn -0.424282 0.871965 -0.244257
v 0.202051 -0.0693973 0.320335
vn 0.178515 0.720991 -0.669556
v 0.226413 -0.0766497 0.32345
vn 0.345726 0.720991 -0.600538
v 0.204229 -0.0644656 0.319985
vn 0.345726 0.720991 -0.600538
v 0.200952 -0.0746637 0.319842
vn -0.000860572 0.720991 -0.692944
v 0.226173 -0.0771928 0.323489
vn 0.178515 0.720991 -0.669556
v 0.202051 -0.0693973 0.320335
vn 0.178515 0.720991 -0.669556
v 0.207338 -0.0602052 0.318813
vn 0 -1 0
v 0.201008 -0.0799058 0.318538
vn -0.180179 0.720991 -0.66911
v 0.226053 -0.0777719 0.323434
vn -0.000860572 0.720991 -0.692944
v 0.200952 -0.0746637 0.319842
vn -0.000860572 0.720991 -0.692944
v 0.202212 -0.0847664 0.316513
vn -0.347217 0.720991 -0.599677
v 0.226059 -0.0783484 0.323291
vn -0.180179 0.720991 -0.66911
v 0.201008 -0.0799058 0.318538
vn -0.180179 0.720991 -0.66911
v 0.208142 -0.0912503 0.310753
vn 0 -1 0
v 0.204485 -0.0889151 0.313904
vn -0.490594 0.720991 -0.489377
v 0.226191 -0.0788834 0.323068
vn -0.347217 0.720991 -0.599677
v 0.202212 -0.0847664 0.316513
vn -0.347217 0.720991 -0.599677
v 0.223814 -0.0377296 0.241285
vn 0.211375 -0.906669 0.365064
v 0.19062 -0.0462744 0.245086
vn 0.298658 -0.906669 0.297917
v 0.218261 -0.0275932 0.247661
vn 0.298658 -0.906669 0.297917
v 0.243575 -0.0189869 0.261057
vn 0.554249 -0.622205 0.552874
v 0.244133 -0.0183789 0.26081
vn 0 -1 0
v 0.232235 -0.0305135 0.288401
vn 0.534527 0.787138 0.307724
v 0.232618 -0.0298481 0.288291
vn 0 -1 0
v 0.223922 -0.0555194 0.30821
vn 0.473043 0.871965 0.126122
v 0.224214 -0.0546111 0.308223
vn 0 -1 0
v -0.061909 0.0308777 -0.0823429
vn 0.965604 0 -0.260019
v -0.0861515 0.0372789 -0.112125
vn 0.865404 0 -0.501076
v -0.0641475 0.0297741 -0.0810255
vn 0.865404 0 -0.501076
v -0.0595836 0.0312868 -0.0838896
vn 1 0 -0.00124234
v -0.0839131 0.0383824 -0.113443
vn 0.965604 0 -0.260019
v -0.0793347 0.0384776 -0.116659
vn 0.966247 0 0.25762
v -0.0573307 0.0309728 -0.0855593
vn 0.966247 0 0.25762
v -0.0773066 0.0374622 -0.118339
vn 0.866646 0 0.498924
v -0.0573307 0.0309728 -0.0855593
vn 0.966247 0 0.25762
v -0.0553025 0.0299575 -0.0872393
vn 0.866646 0 0.498924
v -0.0756423 0.0358151 -0.119914
vn 0.707984 0 0.706228
v -0.0536383 0.0283104 -0.0888143
vn 0.707984 0 0.706228
v -0.0744548 0.0336477 -0.121277
vn 0.501076 0 0.865404
v -0.0524508 0.026143 -0.0901775
vn 0.501076 0 0.865404
v -0.0897746 0.0333297 -0.110515
vn 0 -1 0
v -0.0839131 0.0383824 -0.113443
vn 0 -1 0
v -0.0909125 0.0307532 -0.110331
vn 0 -1 0
v -0.0897746 0.0333297 -0.110515
vn 0 1 0
v -0.103345 0.0143726 -0.105487
vn 0 1 0
v -0.0909125 0.0307532 -0.110331
vn 0 1 0
v -0.0815876 0.0387915 -0.114989
vn 0 -1 0
v -0.0914867 0.0280026 -0.110589
vn 0 -1 0
v -0.0914867 0.0280026 -0.110589
vn 0 1 0
v -0.0793347 0.0384776 -0.116659
vn 0 -1 0
v -0.091458 0.0252636 -0.11127
vn 0 -1 0
v -0.091458 0.0252636 -0.11127
vn 0 1 0
v -0.0861515 0.0372789 -0.112125
vn 0 -1 0
v -0.0881509 0.0355552 -0.111126
vn 0 -1 0
v -0.104938 0.0207953 -0.102811
vn 0 1 0
v -0.0881509 0.0355552 -0.111126
vn 0 1 0
v -0.0146329 0.010982 -0.0557172
vn 0.00117663 -0.320484 0.947253
v -0.0676371 0.013052 -0.0825917
vn -0.707984 0 -0.706228
v -0.0661005 0.0111822 -0.0841301
vn -0.859168 -0.131079 -0.494619
v -0.0432901 -0.0024315 -0.0543622
vn -0.95791 -0.131079 -0.255396
v -0.0463436 -0.00090325 -0.0518329
vn -0.859168 -0.131079 -0.494619
v -0.0432011 -0.00215465 -0.0543583
vn -0.915281 -0.320484 -0.24403
v -0.0331642 -0.00921627 -0.0474798
vn -0.947253 -0.320484 0.00117663
v -0.0373825 -0.00862891 -0.0443534
vn -0.915281 -0.320484 -0.24403
v -0.0249915 0.0133426 -0.0635025
vn 0.00123107 -0.131079 0.991371
v -0.0738256 0.0311083 -0.122335
vn 0.260019 0 0.965604
v -0.0518215 0.0236036 -0.0912355
vn 0.260019 0 0.965604
v -0.0737968 0.0283693 -0.123017
vn 0.00124234 0 1
v -0.0517928 0.0208645 -0.0919168
vn 0.00124234 0 1
v -0.0773066 0.0374622 -0.118339
vn 0 -1 0
v -0.0908279 0.0227241 -0.112329
vn 0 -1 0
v -0.100343 0.00889169 -0.108934
vn 0 1 0
v -0.0908279 0.0227241 -0.112329
vn 0 1 0
v 0.19147 -0.110965 0.246498
vn -0.407332 -0.906669 0.109687
v 0.19147 -0.110965 0.246498
vn -0.755927 -0.622205 0.203556
v 0.207027 -0.133852 0.259198
vn 0 -1 0
v 0.191965 -0.136501 0.269215
vn -0.616777 0.787138 0.000766516
v 0.214402 -0.115966 0.280398
vn -0.595562 0.787138 0.160373
v 0.204199 -0.117761 0.287184
vn -0.616777 0.787138 0.000766516
v 0.204123 -0.118522 0.287053
vn 0 -1 0
v 0.194073 -0.117123 0.294502
vn -0.473043 0.871965 -0.126122
v 0.215959 -0.0936765 0.304636
vn -0.489567 0.871965 0.000608101
v 0.211845 -0.0931038 0.307685
vn -0.473043 0.871965 -0.126122
v 0.207671 -0.0920691 0.310888
vn 0 -1 0
v 0.211845 -0.0931038 0.307685
vn 0 -1 0
v 0.226173 -0.0771928 0.323489
vn 0.178515 0.720991 -0.669556
v 0.226755 -0.076181 0.323321
vn 0.489377 0.720991 -0.490594
v 0.204229 -0.0644656 0.319985
vn 0.345726 0.720991 -0.600538
v 0.226413 -0.0766497 0.32345
vn 0.345726 0.720991 -0.600538
v 0.226053 -0.0777719 0.323434
vn -0.000860572 0.720991 -0.692944
v 0.207338 -0.0602052 0.318813
vn 0.489377 0.720991 -0.490594
v 0.226755 -0.076181 0.323321
vn 0.489377 0.720991 -0.490594
v 0.211165 -0.0569062 0.316901
vn 0.599677 0.720991 -0.347217
v 0.207338 -0.0602052 0.318813
vn 0.489377 0.720991 -0.490594
v 0.226059 -0.0783484 0.323291
vn -0.180179 0.720991 -0.66911
v 0.227176 -0.0758184 0.323111
vn 0.599677 0.720991 -0.347217
v 0.21545 -0.0547929 0.31438
vn 0.66911 0.720991 -0.180179
v 0.211165 -0.0569062 0.316901
vn 0.599677 0.720991 -0.347217
v 0.226191 -0.0788834 0.323068
vn -0.347217 0.720991 -0.599677
v 0.227647 -0.0755861 0.322834
vn 0.66911 0.720991 -0.180179
v 0.219901 -0.0540108 0.311419
vn 0.692944 0.720991 -0.000860572
v 0.21545 -0.0547929 0.31438
vn 0.66911 0.720991 -0.180179
v 0.226441 -0.0793398 0.322781
vn -0.490594 0.720991 -0.489377
v 0.192841 -0.0503292 0.242536
vn 0.211375 -0.906669 0.365064
v 0.243575 -0.0189869 0.261057
vn 0.554249 -0.622205 0.552874
v 0.223814 -0.0377296 0.241285
vn 0.392269 -0.622205 0.677485
v 0.218261 -0.0275932 0.247661
vn 0.554249 -0.622205 0.552874
v 0.243575 -0.0189869 0.261057
vn 0 -1 0
v 0.232235 -0.0305135 0.288401
vn 0.534527 0.787138 0.307724
v 0.244133 -0.0183789 0.26081
vn 0.436669 0.787138 0.435586
v 0.233351 -0.00770789 0.271013
vn 0.534527 0.787138 0.307724
v 0.232235 -0.0305135 0.288401
vn 0 -1 0
v 0.223922 -0.0555194 0.30821
vn 0.473043 0.871965 0.126122
v 0.232618 -0.0298481 0.288291
vn 0.424282 0.871965 0.244257
v 0.223573 -0.0253199 0.295783
vn 0.473043 0.871965 0.126122
v 0.223922 -0.0555194 0.30821
vn 0 -1 0
v 0.228137 -0.0755002 0.322508
vn 0.692944 0.720991 -0.000860572
v 0.224214 -0.0546111 0.308223
vn 0.669556 0.720991 0.178515
v 0.219901 -0.0540108 0.311419
vn 0.692944 0.720991 -0.000860572
v -0.0815876 0.0387915 -0.114989
vn 1 0 -0.00124234
v -0.0793347 0.0384776 -0.116659
vn 0.966247 0 0.25762
v -0.0742786 0.0542126 -0.116439
vn 0 1 0
v -0.0861515 0.0372789 -0.112125
vn 0 1 0
v -0.0157076 0.0058317 -0.0561996
vn -0.24403 -0.320484 0.915281
v -0.0252287 0.013338 -0.0633358
vn 0.00117663 -0.320484 0.947253
v -0.0146329 0.010982 -0.0557172
vn 0.00117663 -0.320484 0.947253
v -0.0896412 0.0205567 -0.113691
vn -0.707984 0 -0.706228
v -0.0659729 0.0114049 -0.0841667
vn -0.866646 0 -0.498924
v -0.0640241 0.0101432 -0.0858499
vn -0.95791 -0.131079 -0.255396
v -0.0398684 -0.00261909 -0.0568284
vn -0.947253 -0.320484 0.00117663
v -0.0258556 0.00919991 -0.0638908
vn -0.255396 -0.131079 0.95791
v -0.0515808 0.0208696 -0.0920656
vn 0.00123107 -0.131079 0.991371
v -0.0249915 0.0133426 -0.0635025
vn 0.00123107 -0.131079 0.991371
v -0.0523669 0.0181139 -0.0921743
vn -0.25762 0 0.966247
v -0.0756423 0.0358151 -0.119914
vn 0 -1 0
v -0.0896412 0.0205567 -0.113691
vn 0 1 0
v 0.184092 -0.0775578 0.242156
vn -0.365064 -0.906669 0.211375
v 0.19147 -0.110965 0.246498
vn -0.407332 -0.906669 0.109687
v 0.179904 -0.0796233 0.244621
vn -0.407332 -0.906669 0.109687
v 0.19147 -0.110965 0.246498
vn -0.755927 -0.622205 0.203556
v 0.221248 -0.125978 0.251036
vn -0.677485 -0.622205 0.392269
v 0.206926 -0.13304 0.259465
vn -0.755927 -0.622205 0.203556
v 0.221248 -0.125978 0.251036
vn 0 -1 0
v 0.207027 -0.133852 0.259198
vn -0.595562 0.787138 0.160373
v 0.214402 -0.115966 0.280398
vn 0 -1 0
v 0.204123 -0.118522 0.287053
vn -0.489567 0.871965 0.000608101
v 0.211553 -0.0940122 0.307673
vn 0 -1 0
v 0.215959 -0.0936765 0.304636
vn 0 -1 0
v 0.227647 -0.0755861 0.322834
vn 0 1 0
v 0.226413 -0.0766497 0.32345
vn 0 1 0
v 0.226173 -0.0771928 0.323489
vn 0 1 0
v 0.227176 -0.0758184 0.323111
vn 0 1 0
v 0.226755 -0.076181 0.323321
vn 0 1 0
v 0.228137 -0.0755002 0.322508
vn 0 1 0
v 0.226053 -0.0777719 0.323434
vn 0 1 0
v 0.227176 -0.0758184 0.323111
vn 0.599677 0.720991 -0.347217
v 0.228612 -0.0755655 0.322156
vn 0 1 0
v 0.226059 -0.0783484 0.323291
vn 0 1 0
v 0.227647 -0.0755861 0.322834
vn 0.66911 0.720991 -0.180179
v 0.229038 -0.0757795 0.321803
vn 0 1 0
v 0.226191 -0.0788834 0.323068
vn 0 1 0
v 0.228137 -0.0755002 0.322508
vn 0.692944 0.720991 -0.000860572
v 0.226792 -0.0796865 0.322449
vn -0.600538 0.720991 -0.345726
v 0.204485 -0.0889151 0.313904
vn -0.490594 0.720991 -0.489377
v 0.207671 -0.0920691 0.310888
vn -0.600538 0.720991 -0.345726
v 0.226441 -0.0793398 0.322781
vn -0.490594 0.720991 -0.489377
v 0.229389 -0.0761262 0.321471
vn 0 1 0
v 0.226441 -0.0793398 0.322781
vn 0 1 0
v 0.223814 -0.0377296 0.241285
vn 0.211375 -0.906669 0.365064
v 0.194019 -0.0550797 0.240557
vn 0.109687 -0.906669 0.407332
v 0.192841 -0.0503292 0.242536
vn 0.211375 -0.906669 0.365064
v 0.251173 -0.0328535 0.252336
vn 0.392269 -0.622205 0.677485
v 0.251825 -0.0324189 0.251979
vn 0 -1 0
v 0.239538 -0.0377424 0.281489
vn 0.436669 0.787138 0.435586
v 0.24004 -0.0371952 0.281266
vn 0 -1 0
v 0.227625 -0.057373 0.305143
vn 0.424282 0.871965 0.244257
v 0.228096 -0.0565541 0.305007
vn 0 -1 0
v 0.228612 -0.0755655 0.322156
vn 0.669556 0.720991 0.178515
v -0.0691494 0.0516464 -0.120688
vn 0 1 0
v -0.0839131 0.0383824 -0.113443
vn 0 1 0
v -0.0815876 0.0387915 -0.114989
vn 0 1 0
v -0.0793347 0.0384776 -0.116659
vn 0 1 0
v -0.0649402 0.0474792 -0.124671
vn 0 1 0
v -0.0773066 0.0374622 -0.118339
vn 0 1 0
v -0.0756423 0.0358151 -0.119914
vn 0 1 0
v -0.0896412 0.0205567 -0.113691
vn 0 -1 0
v -0.0744548 0.0336477 -0.121277
vn 0 -1 0
v -0.061938 0.0419992 -0.128118
vn 0 1 0
v -0.0744548 0.0336477 -0.121277
vn 0 1 0
v -0.0879769 0.0189097 -0.115266
vn 0 -1 0
v -0.0738256 0.0311083 -0.122335
vn 0 -1 0
v -0.0738256 0.0311083 -0.122335
vn 0 1 0
v -0.128237 0.0287417 -0.135741
vn -0.260019 0 -0.965604
v -0.103345 0.0143726 -0.105487
vn -0.501076 0 -0.865404
v -0.104938 0.0207953 -0.102811
vn -0.260019 0 -0.965604
v -0.126644 0.022319 -0.138417
vn 0 -1 0
v -0.113074 0.0412761 -0.143445
vn 0 -1 0
v -0.114211 0.0386996 -0.143261
vn 0 -1 0
v -0.128237 0.0287417 -0.135741
vn 0 -1 0
v -0.11145 0.0435016 -0.144056
vn 0 -1 0
v -0.114786 0.035949 -0.143519
vn 0 -1 0
v -0.126644 0.022319 -0.138417
vn -0.501076 0 -0.865404
v -0.100343 0.00889169 -0.108934
vn -0.707984 0 -0.706228
v -0.114757 0.0332099 -0.1442
vn 0 -1 0
v -0.123642 0.0168381 -0.141864
vn 0 -1 0
v -0.114127 0.0306705 -0.145259
vn 0 -1 0
v -0.10501 0.0277212 -0.101089
vn 0 1 0
v -0.0975776 0.062159 -0.149369
vn 0 -1 0
v -0.10945 0.0452252 -0.145055
vn 0 -1 0
v -0.0260781 0.00926905 -0.0637167
vn -0.24403 -0.320484 0.915281
v -0.0879769 0.0189097 -0.115266
vn -0.866646 0 -0.498924
v -0.0639447 0.0103895 -0.0858467
vn -0.966247 0 -0.25762
v -0.0640241 0.0101432 -0.0858499
vn -0.95791 -0.131079 -0.255396
v -0.0398971 -0.00290456 -0.056877
vn -0.991371 -0.131079 0.00123107
v -0.0432901 -0.0024315 -0.0543622
vn -0.95791 -0.131079 -0.255396
v -0.0398684 -0.00261909 -0.0568284
vn -0.947253 -0.320484 0.00117663
v -0.0288108 -0.00845083 -0.0503752
vn -0.914672 -0.320484 0.246304
v -0.0331642 -0.00921627 -0.0474798
vn -0.947253 -0.320484 0.00117663
v -0.0521682 0.0180521 -0.0923299
vn -0.255396 -0.131079 0.95791
v -0.0859488 0.0178943 -0.116946
vn 0 -1 0
v -0.0737968 0.0283693 -0.123017
vn 0 -1 0
v -0.0737968 0.0283693 -0.123017
vn 0 1 0
v -0.074371 0.0256186 -0.123274
vn -0.25762 0 0.966247
v -0.0879769 0.0189097 -0.115266
vn 0 1 0
v -0.11294 0.0285031 -0.146621
vn 0 -1 0
v 0.20194 -0.105803 0.240335
vn -0.365064 -0.906669 0.211375
v 0.20194 -0.105803 0.240335
vn -0.677485 -0.622205 0.392269
v 0.221528 -0.126702 0.250664
vn 0 -1 0
v 0.207027 -0.133852 0.259198
vn -0.595562 0.787138 0.160373
v 0.224226 -0.111122 0.274616
vn -0.533762 0.787138 0.309052
v 0.214402 -0.115966 0.280398
vn -0.595562 0.787138 0.160373
v 0.214494 -0.116699 0.280156
vn 0 -1 0
v 0.204123 -0.118522 0.287053
vn -0.489567 0.871965 0.000608101
v 0.220205 -0.0929298 0.301812
vn -0.472728 0.871965 0.127297
v 0.215959 -0.0936765 0.304636
vn -0.489567 0.871965 0.000608101
v 0.215866 -0.0946124 0.304477
vn 0 -1 0
v 0.227218 -0.0799005 0.322096
vn -0.669556 0.720991 -0.178515
v 0.207671 -0.0920691 0.310888
vn -0.600538 0.720991 -0.345726
v 0.211553 -0.0940122 0.307673
vn -0.669556 0.720991 -0.178515
v 0.226792 -0.0796865 0.322449
vn -0.600538 0.720991 -0.345726
v 0.229639 -0.0765826 0.321184
vn 0 1 0
v 0.226792 -0.0796865 0.322449
vn 0 1 0
v 0.226759 -0.0496063 0.236336
vn 0.109687 -0.906669 0.407332
v 0.251173 -0.0328535 0.252336
vn 0 -1 0
v 0.251173 -0.0328535 0.252336
vn 0.392269 -0.622205 0.677485
v 0.226759 -0.0496063 0.236336
vn 0.203556 -0.622205 0.755927
v 0.223814 -0.0377296 0.241285
vn 0.392269 -0.622205 0.677485
v 0.239538 -0.0377424 0.281489
vn 0.436669 0.787138 0.435586
v 0.251825 -0.0324189 0.251979
vn 0.309052 0.787138 0.533762
v 0.244133 -0.0183789 0.26081
vn 0.436669 0.787138 0.435586
v 0.239538 -0.0377424 0.281489
vn 0 -1 0
v 0.227625 -0.057373 0.305143
vn 0.424282 0.871965 0.244257
v 0.24004 -0.0371952 0.281266
vn 0.346606 0.871965 0.345746
v 0.232618 -0.0298481 0.288291
vn 0.424282 0.871965 0.244257
v 0.227625 -0.057373 0.305143
vn 0 -1 0
v 0.228612 -0.0755655 0.322156
vn 0.669556 0.720991 0.178515
v 0.228096 -0.0565541 0.305007
vn 0.600538 0.720991 0.345726
v 0.224214 -0.0546111 0.308223
vn 0.669556 0.720991 0.178515
v -0.128309 0.0356675 -0.134019
vn -0.00124234 0 -1
v -0.123642 0.0168381 -0.141864
vn -0.707984 0 -0.706228
v -0.0924484 0.0595928 -0.153618
vn 0.866646 0 0.498924
v -0.0742786 0.0542126 -0.116439
vn 0.966247 0 0.25762
v -0.0691494 0.0516464 -0.120688
vn 0.866646 0 0.498924
v -0.0924484 0.0595928 -0.153618
vn 0 -1 0
v -0.107212 0.0463288 -0.146372
vn 0 -1 0
v -0.0799768 0.0550074 -0.112216
vn 0 1 0
v -0.10501 0.0277212 -0.101089
vn -0.00124234 0 -1
v -0.0178377 0.0010086 -0.0558563
vn -0.472608 -0.320484 0.820934
v -0.0260781 0.00926905 -0.0637167
vn -0.24403 -0.320484 0.915281
v -0.0157076 0.0058317 -0.0561996
vn -0.24403 -0.320484 0.915281
v -0.0859488 0.0178943 -0.116946
vn -0.966247 0 -0.25762
v -0.0617165 0.00982155 -0.0875602
vn -0.991371 -0.131079 0.00123107
v -0.0364301 -0.00201425 -0.0591151
vn -0.914672 -0.320484 0.246304
v -0.0275685 0.0053209 -0.0636149
vn -0.494619 -0.131079 0.859168
v -0.0521682 0.0180521 -0.0923299
vn -0.255396 -0.131079 0.95791
v -0.0258556 0.00919991 -0.0638908
vn -0.255396 -0.131079 0.95791
v -0.0836959 0.0175804 -0.118616
vn 0 -1 0
v -0.0603458 0.0355766 -0.130794
vn 0 1 0
v -0.0535049 0.0155374 -0.0919909
vn -0.498924 0 0.866646
v -0.074371 0.0256186 -0.123274
vn 0 -1 0
v -0.074371 0.0256186 -0.123274
vn 0 1 0
v -0.096134 0.00472646 -0.112918
vn 0 1 0
v -0.111276 0.026856 -0.148196
vn 0 -1 0
v 0.187832 -0.0743339 0.240288
vn -0.297917 -0.906669 0.298658
v 0.20194 -0.105803 0.240335
vn -0.365064 -0.906669 0.211375
v 0.184092 -0.0775578 0.242156
vn -0.365064 -0.906669 0.211375
v 0.20194 -0.105803 0.240335
vn -0.677485 -0.622205 0.392269
v 0.23404 -0.11495 0.244646
vn -0.552874 -0.622205 0.554249
v 0.221248 -0.125978 0.251036
vn -0.677485 -0.622205 0.392269
v 0.23404 -0.11495 0.244646
vn 0 -1 0
v 0.221528 -0.126702 0.250664
vn -0.533762 0.787138 0.309052
v 0.224226 -0.111122 0.274616
vn 0 -1 0
v 0.214494 -0.116699 0.280156
vn -0.472728 0.871965 0.127297
v 0.220205 -0.0929298 0.301812
vn 0 -1 0
v 0.227693 -0.0799657 0.321744
vn -0.692944 0.720991 0.000860572
v 0.211553 -0.0940122 0.307673
vn -0.669556 0.720991 -0.178515
v 0.215866 -0.0946124 0.304477
vn -0.692944 0.720991 0.000860572
v 0.227218 -0.0799005 0.322096
vn -0.669556 0.720991 -0.178515
v 0.229038 -0.0757795 0.321803
vn 0.600538 0.720991 0.345726
v 0.231282 -0.0597081 0.301992
vn 0.490594 0.720991 0.489377
v 0.229038 -0.0757795 0.321803
vn 0.600538 0.720991 0.345726
v 0.229389 -0.0761262 0.321471
vn 0.490594 0.720991 0.489377
v 0.229771 -0.0771175 0.320961
vn 0 1 0
v 0.227218 -0.0799005 0.322096
vn 0 1 0
v 0.233554 -0.0638568 0.299383
vn 0.347217 0.720991 0.599677
v 0.229389 -0.0761262 0.321471
vn 0.490594 0.720991 0.489377
v 0.229639 -0.0765826 0.321184
vn 0.347217 0.720991 0.599677
v 0.226759 -0.0496063 0.236336
vn 0.109687 -0.906669 0.407332
v 0.194072 -0.0602034 0.239283
vn 0.00052397 -0.906669 0.421842
v 0.194019 -0.0550797 0.240557
vn 0.109687 -0.906669 0.407332
v 0.2552 -0.0491016 0.245565
vn 0 -1 0
v 0.2552 -0.0491016 0.245565
vn 0.203556 -0.622205 0.755927
v 0.244748 -0.0472539 0.275508
vn 0.309052 0.787138 0.533762
v 0.245336 -0.0468607 0.275187
vn 0 -1 0
v 0.230664 -0.0603809 0.302267
vn 0.346606 0.871965 0.345746
v 0.231282 -0.0597081 0.301992
vn 0 -1 0
v -0.104887 0.0467379 -0.147919
vn 0 -1 0
v -0.0882392 0.0554256 -0.157601
vn 0.707984 0 0.706228
v -0.0649402 0.0474792 -0.124671
vn 0.707984 0 0.706228
v -0.102634 0.046424 -0.149589
vn 0 -1 0
v -0.0882392 0.0554256 -0.157601
vn 0 -1 0
v -0.100606 0.0454086 -0.151269
vn 0 -1 0
v -0.085237 0.0499456 -0.161048
vn 0.501076 0 0.865404
v -0.061938 0.0419992 -0.128118
vn 0.501076 0 0.865404
v -0.0989413 0.0437615 -0.152844
vn 0 -1 0
v -0.085237 0.0499456 -0.161048
vn 0 -1 0
v -0.0977538 0.0415941 -0.154207
vn 0 -1 0
v -0.0859488 0.0178943 -0.116946
vn 0 1 0
v -0.0971245 0.0390547 -0.155265
vn 0 -1 0
v -0.128237 0.0287417 -0.135741
vn 0 1 0
v -0.132614 0.0183364 -0.135155
vn 0 1 0
v -0.126644 0.022319 -0.138417
vn 0 1 0
v -0.27582 0.073197 -0.349256
vn 0.501076 0 0.865404
v -0.128237 0.0287417 -0.135741
vn 0.260019 0 0.965604
v -0.126644 0.022319 -0.138417
vn 0.501076 0 0.865404
v -0.128309 0.0356675 -0.134019
vn 0 -1 0
v -0.128309 0.0356675 -0.134019
vn 0 1 0
v -0.134665 0.0266105 -0.131707
vn 0 1 0
v -0.277412 0.0796196 -0.346579
vn 0.260019 0 0.965604
v -0.128309 0.0356675 -0.134019
vn 0.00124234 0 1
v -0.128746 0.0112752 -0.139595
vn 0 1 0
v -0.123642 0.0168381 -0.141864
vn 0 1 0
v -0.272818 0.067716 -0.352703
vn 0.707984 0 0.706228
v -0.123642 0.0168381 -0.141864
vn 0.707984 0 0.706228
v -0.096134 0.00472646 -0.112918
vn -0.866646 0 -0.498924
v -0.0975776 0.062159 -0.149369
vn 0.966247 0 0.25762
v -0.103558 0.0346784 -0.100437
vn 0 1 0
v -0.0799768 0.0550074 -0.112216
vn 1 0 -0.00124234
v -0.103558 0.0346784 -0.100437
vn 0.25762 0 -0.966247
v -0.0885583 0.0663562 -0.154738
vn 0 1 0
v -0.0975776 0.062159 -0.149369
vn 0 1 0
v -0.0924484 0.0595928 -0.153618
vn 0 1 0
v -0.246753 0.113037 -0.360208
vn -0.966247 0 -0.25762
v -0.0924484 0.0595928 -0.153618
vn -0.866646 0 -0.498924
v -0.0975776 0.062159 -0.149369
vn -0.966247 0 -0.25762
v -0.0277604 0.00545917 -0.0634458
vn -0.472608 -0.320484 0.820934
v -0.0616918 0.0100756 -0.0875164
vn -1 0 0.00124234
v -0.0617165 0.00982155 -0.0875602
vn -0.991371 -0.131079 0.00123107
v -0.0363956 -0.00228871 -0.0592058
vn -0.957272 -0.131079 0.257775
v -0.0398971 -0.00290456 -0.056877
vn -0.991371 -0.131079 0.00123107
v -0.0364301 -0.00201425 -0.0591151
vn -0.914672 -0.320484 0.246304
v -0.0246199 -0.00638434 -0.0528417
vn -0.819757 -0.320484 0.474645
v -0.0288108 -0.00845083 -0.0503752
vn -0.914672 -0.320484 0.246304
v -0.0533336 0.0154144 -0.0921418
vn -0.494619 -0.131079 0.859168
v -0.0836959 0.0175804 -0.118616
vn -1 0 0.00124234
v -0.0836959 0.0175804 -0.118616
vn 0 1 0
v -0.0836448 0.0435229 -0.163724
vn 0.260019 0 0.965604
v -0.0603458 0.0355766 -0.130794
vn 0.260019 0 0.965604
v -0.0970958 0.0363157 -0.155946
vn 0 -1 0
v -0.075509 0.0230422 -0.123091
vn -0.498924 0 0.866646
v -0.0813704 0.0179894 -0.120163
vn 0 -1 0
v -0.075509 0.0230422 -0.123091
vn 0 1 0
v -0.119433 0.0126728 -0.145847
vn 0 -1 0
v 0.211291 -0.0977414 0.235665
vn -0.297917 -0.906669 0.298658
v 0.211291 -0.0977414 0.235665
vn -0.552874 -0.622205 0.554249
v 0.23448 -0.115537 0.244194
vn 0 -1 0
v 0.221528 -0.126702 0.250664
vn -0.533762 0.787138 0.309052
v 0.232999 -0.10356 0.270234
vn -0.435586 0.787138 0.436669
v 0.224226 -0.111122 0.274616
vn -0.533762 0.787138 0.309052
v 0.224478 -0.111775 0.27428
vn 0 -1 0
v 0.214494 -0.116699 0.280156
vn -0.472728 0.871965 0.127297
v 0.224292 -0.0909143 0.299407
vn -0.423674 0.871965 0.24531
v 0.220205 -0.0929298 0.301812
vn -0.472728 0.871965 0.127297
v 0.220317 -0.0938304 0.301516
vn 0 -1 0
v 0.215866 -0.0946124 0.304477
vn -0.692944 0.720991 0.000860572
v 0.228183 -0.0798799 0.321418
vn -0.66911 0.720991 0.180179
v 0.227693 -0.0799657 0.321744
vn -0.692944 0.720991 0.000860572
v 0.229777 -0.0776941 0.320818
vn 0 1 0
v 0.227693 -0.0799657 0.321744
vn 0 1 0
v 0.228096 -0.0565541 0.305007
vn 0.600538 0.720991 0.345726
v 0.231282 -0.0597081 0.301992
vn 0.490594 0.720991 0.489377
v 0.229771 -0.0771175 0.320961
vn 0.180179 0.720991 0.66911
v 0.233554 -0.0638568 0.299383
vn 0.347217 0.720991 0.599677
v 0.229639 -0.0765826 0.321184
vn 0.347217 0.720991 0.599677
v 0.226892 -0.0624155 0.233151
vn 0.00052397 -0.906669 0.421842
v 0.255902 -0.0488687 0.245125
vn 0 -1 0
v 0.2552 -0.0491016 0.245565
vn 0.203556 -0.622205 0.755927
v 0.226892 -0.0624155 0.233151
vn 0.000972241 -0.622205 0.782854
v 0.226759 -0.0496063 0.236336
vn 0.203556 -0.622205 0.755927
v 0.244748 -0.0472539 0.275508
vn 0 -1 0
v 0.247511 -0.0583968 0.270864
vn 0.160373 0.787138 0.595562
v 0.251825 -0.0324189 0.251979
vn 0.309052 0.787138 0.533762
v 0.244748 -0.0472539 0.275508
vn 0.309052 0.787138 0.533762
v 0.230664 -0.0603809 0.302267
vn 0.346606 0.871965 0.345746
v 0.245336 -0.0468607 0.275187
vn 0.24531 0.871965 0.423674
v 0.24004 -0.0371952 0.281266
vn 0.346606 0.871965 0.345746
v 0.230664 -0.0603809 0.302267
vn 0 -1 0
v -0.103276 0.0629538 -0.145146
vn 0 -1 0
v -0.126857 0.0426248 -0.133367
vn 0 1 0
v -0.277484 0.0865455 -0.344857
vn 0.00124234 0 1
v -0.119433 0.0126728 -0.145847
vn 0 1 0
v -0.268608 0.0635508 -0.356686
vn 0.866646 0 0.498924
v -0.119433 0.0126728 -0.145847
vn -0.866646 0 -0.498924
v -0.0831363 0.0609894 -0.159869
vn 0 1 0
v -0.0882392 0.0554256 -0.157601
vn 0 1 0
v -0.241624 0.110471 -0.364456
vn -0.866646 0 -0.498924
v -0.0882392 0.0554256 -0.157601
vn -0.707984 0 -0.706228
v -0.085857 0.0539726 -0.108305
vn 0 1 0
v -0.103276 0.0629538 -0.145146
vn 1 0 -0.00124234
v -0.126857 0.0426248 -0.133367
vn 0.25762 0 -0.966247
v -0.0951659 0.0696644 -0.149264
vn 0 1 0
v -0.252451 0.113832 -0.355984
vn -1 0 0.00124234
v -0.0208776 -0.00315841 -0.054711
vn -0.668977 -0.320484 0.670641
v -0.0277604 0.00545917 -0.0634458
vn -0.472608 -0.320484 0.820934
v -0.0178377 0.0010086 -0.0558563
vn -0.472608 -0.320484 0.820934
v 0.226892 -0.0624155 0.233151
vn 0.00052397 -0.906669 0.421842
v 0.192999 -0.0653497 0.2388
vn -0.108675 -0.906669 0.407604
v 0.194072 -0.0602034 0.239283
vn 0.00052397 -0.906669 0.421842
v -0.109248 0.0258407 -0.149876
vn 0 -1 0
v -0.0593362 0.0102405 -0.0891433
vn -0.957272 -0.131079 0.257775
v -0.0331189 -0.000381827 -0.061064
vn -0.819757 -0.320484 0.474645
v -0.0300139 0.0019692 -0.0626936
vn -0.700135 -0.131079 0.701876
v -0.0533336 0.0154144 -0.0921418
vn -0.494619 -0.131079 0.859168
v -0.0275685 0.0053209 -0.0636149
vn -0.494619 -0.131079 0.859168
v -0.0813704 0.0179894 -0.120163
vn -0.965604 0 0.260019
v -0.0910049 0.00215926 -0.117166
vn 0 1 0
v -0.0835718 0.0365971 -0.165447
vn 0.00124234 0 1
v -0.0836448 0.0435229 -0.163724
vn 0 -1 0
v -0.09767 0.033565 -0.156204
vn 0 -1 0
v -0.0551285 0.0133119 -0.0913792
vn -0.706228 0 0.707984
v -0.075509 0.0230422 -0.123091
vn 0 -1 0
v -0.0813704 0.0179894 -0.120163
vn 0 1 0
v -0.0771326 0.0208166 -0.122479
vn 0 1 0
v -0.0988079 0.0309885 -0.15602
vn 0 -1 0
v -0.119433 0.0126728 -0.145847
vn 0.866646 0 0.498924
v 0.187832 -0.0743339 0.240288
vn -0.297917 -0.906669 0.298658
v 0.218886 -0.0873318 0.232803
vn -0.210467 -0.906669 0.365588
v 0.211291 -0.0977414 0.235665
vn -0.297917 -0.906669 0.298658
v 0.218886 -0.0873318 0.232803
vn -0.390585 -0.622205 0.678458
v 0.23404 -0.11495 0.244646
vn -0.552874 -0.622205 0.554249
v 0.211291 -0.0977414 0.235665
vn -0.552874 -0.622205 0.554249
v 0.244998 -0.10112 0.240231
vn 0 -1 0
v 0.23448 -0.115537 0.244194
vn -0.435586 0.787138 0.436669
v 0.232999 -0.10356 0.270234
vn 0 -1 0
v 0.224478 -0.111775 0.27428
vn -0.423674 0.871965 0.24531
v 0.224292 -0.0909143 0.299407
vn 0 -1 0
v 0.220317 -0.0938304 0.301516
vn -0.66911 0.720991 0.180179
v 0.229657 -0.0782741 0.320763
vn 0 1 0
v 0.228183 -0.0798799 0.321418
vn 0 1 0
v 0.233554 -0.0638568 0.299383
vn 0 -1 0
v 0.229777 -0.0776941 0.320818
vn 0.000860572 0.720991 0.692944
v 0.234759 -0.0687175 0.297358
vn 0.180179 0.720991 0.66911
v 0.229771 -0.0771175 0.320961
vn 0.180179 0.720991 0.66911
v 0.234759 -0.0687175 0.297358
vn 0.180179 0.720991 0.66911
v 0.255902 -0.0488687 0.245125
vn 0.160373 0.787138 0.595562
v 0.255383 -0.0666243 0.241207
vn 0 -1 0
v 0.255383 -0.0666243 0.241207
vn 0.000972241 -0.622205 0.782854
v 0.247511 -0.0583968 0.270864
vn 0 -1 0
v 0.232832 -0.0643388 0.299778
vn 0.24531 0.871965 0.423674
v -0.0792675 0.0539273 -0.164311
vn 0 1 0
v -0.085237 0.0499456 -0.161048
vn 0 1 0
v -0.237414 0.106304 -0.36844
vn -0.707984 0 -0.706228
v -0.085237 0.0499456 -0.161048
vn -0.501076 0 -0.865404
v -0.0836448 0.0435229 -0.163724
vn 0 1 0
v -0.234412 0.100824 -0.371886
vn -0.501076 0 -0.865404
v -0.0836448 0.0435229 -0.163724
vn -0.260019 0 -0.965604
v -0.106995 0.0255267 -0.151546
vn 0 -1 0
v -0.283841 0.0774884 -0.342545
vn -0.260019 0 -0.965604
v -0.132614 0.0183364 -0.135155
vn -0.501076 0 -0.865404
v -0.134665 0.0266105 -0.131707
vn -0.260019 0 -0.965604
v -0.281789 0.0692143 -0.345993
vn -0.501076 0 -0.865404
v -0.128746 0.0112752 -0.139595
vn -0.707984 0 -0.706228
v -0.281789 0.0692143 -0.345993
vn 0 -1 0
v -0.277412 0.0796196 -0.346579
vn 0 -1 0
v -0.27582 0.073197 -0.349256
vn 0 -1 0
v -0.277921 0.0621531 -0.350434
vn 0 -1 0
v -0.272818 0.067716 -0.352703
vn 0 -1 0
v -0.126857 0.0426248 -0.133367
vn 0 -1 0
v -0.103276 0.0629538 -0.145146
vn 0 1 0
v -0.103276 0.0629538 -0.145146
vn -1 0 0.00124234
v -0.134759 0.0355333 -0.129487
vn 0 1 0
v -0.276032 0.0935027 -0.344206
vn -0.25762 0 0.966247
v -0.126857 0.0426248 -0.133367
vn -0.25762 0 0.966247
v -0.283841 0.0774884 -0.342545
vn 0 -1 0
v -0.277484 0.0865455 -0.344857
vn 0 -1 0
v -0.123323 0.00590846 -0.144727
vn 0 1 0
v -0.268608 0.0635508 -0.356686
vn 0 -1 0
v -0.0910049 0.00215926 -0.117166
vn -0.966247 0 -0.25762
v -0.10068 0.0411941 -0.100901
vn 0 1 0
v -0.109156 0.061919 -0.141235
vn 0.965604 0 -0.260019
v -0.085857 0.0539726 -0.108305
vn 0.965604 0 -0.260019
v -0.10068 0.0411941 -0.100901
vn 0.498924 0 -0.866646
v -0.237734 0.117234 -0.365576
vn 0.866646 0 0.498924
v -0.0951659 0.0696644 -0.149264
vn 0.966247 0 0.25762
v -0.0885583 0.0663562 -0.154738
vn 0.866646 0 0.498924
v -0.232312 0.111867 -0.370708
vn 0.707984 0 0.706228
v -0.0831363 0.0609894 -0.159869
vn 0.707984 0 0.706228
v -0.246753 0.113037 -0.360208
vn 0 -1 0
v -0.237734 0.117234 -0.365576
vn 0 -1 0
v -0.241624 0.110471 -0.364456
vn 0 -1 0
v -0.252451 0.113832 -0.355984
vn 0 -1 0
v -0.244341 0.120542 -0.360103
vn 0 -1 0
v -0.0331189 -0.000381827 -0.061064
vn -0.819757 -0.320484 0.474645
v -0.0208776 -0.00315841 -0.054711
vn -0.668977 -0.320484 0.670641
v -0.0246199 -0.00638434 -0.0528417
vn -0.819757 -0.320484 0.474645
v 0.224207 -0.0752829 0.231945
vn -0.108675 -0.906669 0.407604
v 0.19087 -0.0701699 0.239144
vn -0.210467 -0.906669 0.365588
v 0.192999 -0.0653497 0.2388
vn -0.108675 -0.906669 0.407604
v -0.0301622 0.00216706 -0.0625409
vn -0.668977 -0.320484 0.670641
v 0.224207 -0.0752829 0.231945
vn -0.108675 -0.906669 0.407604
v -0.0593664 0.0104847 -0.089063
vn -0.965604 0 0.260019
v -0.0593362 0.0102405 -0.0891433
vn -0.957272 -0.131079 0.257775
v -0.033025 -0.000625774 -0.0611893
vn -0.857937 -0.131079 0.496752
v -0.0363956 -0.00228871 -0.0592058
vn -0.957272 -0.131079 0.257775
v -0.0549969 0.0131353 -0.091515
vn -0.700135 -0.131079 0.701876
v -0.0602729 0.0286507 -0.132517
vn 0.00124234 0 1
v -0.114304 0.0101056 -0.150096
vn 0 -1 0
v -0.0835718 0.0365971 -0.165447
vn 0 -1 0
v -0.0772161 0.0456541 -0.167758
vn 0 1 0
v -0.0835718 0.0365971 -0.165447
vn 0 1 0
v -0.23282 0.0944009 -0.374563
vn -0.260019 0 -0.965604
v -0.0835718 0.0365971 -0.165447
vn -0.00124234 0 -1
v -0.0771326 0.0208166 -0.122479
vn -0.706228 0 0.707984
v -0.079132 0.019093 -0.12148
vn 0 -1 0
v -0.079132 0.019093 -0.12148
vn 0 1 0
v -0.0771326 0.0208166 -0.122479
vn 0 -1 0
v -0.100432 0.028763 -0.155409
vn 0 -1 0
v -0.263479 0.0609836 -0.360935
vn 0.966247 0 0.25762
v 0.19087 -0.0701699 0.239144
vn -0.210467 -0.906669 0.365588
v 0.24443 -0.10071 0.240731
vn -0.390585 -0.622205 0.678458
v 0.24443 -0.10071 0.240731
vn 0 -1 0
v 0.244998 -0.10112 0.240231
vn -0.307724 0.787138 0.534527
v 0.232999 -0.10356 0.270234
vn -0.435586 0.787138 0.436669
v 0.23448 -0.115537 0.244194
vn -0.435586 0.787138 0.436669
v 0.233394 -0.104088 0.269826
vn 0 -1 0
v 0.224478 -0.111775 0.27428
vn -0.423674 0.871965 0.24531
v 0.227942 -0.0877675 0.297584
vn -0.345746 0.871965 0.346606
v 0.224292 -0.0909143 0.299407
vn -0.423674 0.871965 0.24531
v 0.224601 -0.091717 0.298994
vn 0 -1 0
v 0.220317 -0.0938304 0.301516
vn -0.66911 0.720991 0.180179
v 0.228654 -0.0796476 0.321141
vn -0.599677 0.720991 0.347217
v 0.228183 -0.0798799 0.321418
vn -0.66911 0.720991 0.180179
v 0.229417 -0.0788163 0.320802
vn 0 1 0
v 0.229657 -0.0782741 0.320763
vn -0.178515 0.720991 0.669556
v 0.234815 -0.0739595 0.296053
vn 0.000860572 0.720991 0.692944
v 0.229777 -0.0776941 0.320818
vn 0.000860572 0.720991 0.692944
v 0.232832 -0.0643388 0.299778
vn 0 -1 0
v 0.234815 -0.0739595 0.296053
vn 0.000860572 0.720991 0.692944
v 0.233981 -0.0689753 0.297846
vn 0 -1 0
v 0.234759 -0.0687175 0.297358
vn 0 -1 0
v 0.247637 -0.070415 0.267875
vn 0.000766516 0.787138 0.616777
v 0.255902 -0.0488687 0.245125
vn 0.160373 0.787138 0.595562
v 0.247511 -0.0583968 0.270864
vn 0.160373 0.787138 0.595562
v 0.256088 -0.0666097 0.240712
vn 0 -1 0
v 0.25171 -0.0842272 0.239559
vn -0.201678 -0.622205 0.75643
v 0.226892 -0.0624155 0.233151
vn 0.000972241 -0.622205 0.782854
v 0.255383 -0.0666243 0.241207
vn 0.000972241 -0.622205 0.782854
v 0.248144 -0.0581878 0.270467
vn 0 -1 0
v 0.233981 -0.0689753 0.297846
vn 0.127297 0.871965 0.472728
v 0.245336 -0.0468607 0.275187
vn 0.24531 0.871965 0.423674
v 0.232832 -0.0643388 0.299778
vn 0.24531 0.871965 0.423674
v -0.283934 0.0864113 -0.340326
vn -0.00124234 0 -1
v -0.277921 0.0621531 -0.350434
vn -0.707984 0 -0.706228
v -0.109156 0.061919 -0.141235
vn 0 -1 0
v -0.109156 0.061919 -0.141235
vn 0 1 0
v -0.109156 0.061919 -0.141235
vn -0.965604 0 0.260019
v -0.123979 0.0491405 -0.13383
vn 0 1 0
v -0.134759 0.0355333 -0.129487
vn -0.00124234 0 -1
v -0.273155 0.100018 -0.344669
vn -0.498924 0 0.866646
v -0.276032 0.0935027 -0.344206
vn 0 -1 0
v -0.123323 0.00590846 -0.144727
vn -0.866646 0 -0.498924
v -0.114304 0.0101056 -0.150096
vn 0 1 0
v -0.272498 0.0567864 -0.355566
vn 0 -1 0
v -0.114304 0.0101056 -0.150096
vn -0.966247 0 -0.25762
v -0.228443 0.104805 -0.375149
vn 0.501076 0 0.865404
v -0.0792675 0.0539273 -0.164311
vn 0.501076 0 0.865404
v -0.232312 0.111867 -0.370708
vn 0 -1 0
v -0.237414 0.106304 -0.36844
vn 0 -1 0
v -0.0915184 0.0511806 -0.104973
vn 0 1 0
v -0.114817 0.059127 -0.137903
vn 0.865404 0 -0.501076
v -0.123979 0.0491405 -0.13383
vn 0.498924 0 -0.866646
v -0.244341 0.120542 -0.360103
vn 0.966247 0 0.25762
v -0.258331 0.112797 -0.352074
vn 0 -1 0
v -0.0301622 0.00216706 -0.0625409
vn -0.668977 -0.320484 0.670641
v 0.218886 -0.0873318 0.232803
vn -0.210467 -0.906669 0.365588
v 0.224207 -0.0752829 0.231945
vn -0.201678 -0.622205 0.75643
v -0.079132 0.019093 -0.12148
vn -0.865404 0 0.501076
v -0.0570437 0.0113706 -0.0904926
vn -0.857937 -0.131079 0.496752
v -0.0300139 0.0019692 -0.0626936
vn -0.700135 -0.131079 0.701876
v -0.0570437 0.0113706 -0.0904926
vn -0.857937 -0.131079 0.496752
v -0.0549969 0.0131353 -0.091515
vn -0.700135 -0.131079 0.701876
v -0.104669 0.0259358 -0.153093
vn 0 -1 0
v -0.0602729 0.0286507 -0.132517
vn 0 1 0
v -0.0617257 0.0216935 -0.133168
vn -0.25762 0 0.966247
v -0.108606 0.00931183 -0.154319
vn 0 -1 0
v -0.0771232 0.0367313 -0.169977
vn 0 1 0
v -0.232747 0.0874751 -0.376286
vn -0.00124234 0 -1
v -0.0571279 0.0115883 -0.0903805
vn -0.865404 0 0.501076
v -0.114304 0.0101056 -0.150096
vn 0.966247 0 0.25762
v -0.263479 0.0609836 -0.360935
vn 0 -1 0
v 0.224207 -0.0752829 0.231945
vn -0.201678 -0.622205 0.75643
v 0.24443 -0.10071 0.240731
vn -0.390585 -0.622205 0.678458
v 0.218886 -0.0873318 0.232803
vn -0.390585 -0.622205 0.678458
v 0.252368 -0.0844319 0.239043
vn 0 -1 0
v 0.240125 -0.0937924 0.267549
vn -0.307724 0.787138 0.534527
v 0.240636 -0.0941625 0.267097
vn 0 -1 0
v 0.233394 -0.104088 0.269826
vn -0.345746 0.871965 0.346606
v 0.227942 -0.0877675 0.297584
vn 0 -1 0
v 0.224601 -0.091717 0.298994
vn -0.599677 0.720991 0.347217
v 0.228654 -0.0796476 0.321141
vn 0 1 0
v 0.229417 -0.0788163 0.320802
vn -0.345726 0.720991 0.600538
v 0.233715 -0.0792259 0.29556
vn -0.178515 0.720991 0.669556
v 0.229657 -0.0782741 0.320763
vn -0.178515 0.720991 0.669556
v 0.233715 -0.0792259 0.29556
vn -0.178515 0.720991 0.669556
v 0.234034 -0.0739756 0.296602
vn 0 -1 0
v 0.234815 -0.0739595 0.296053
vn 0 -1 0
v 0.256088 -0.0666097 0.240712
vn 0.000766516 0.787138 0.616777
v 0.247637 -0.070415 0.267875
vn 0 -1 0
v 0.25171 -0.0842272 0.239559
vn 0 -1 0
v 0.248144 -0.0581878 0.270467
vn 0.127297 0.871965 0.472728
v -0.228443 0.104805 -0.375149
vn 0 -1 0
v -0.234412 0.100824 -0.371886
vn 0 -1 0
v -0.226391 0.0965321 -0.378597
vn 0.260019 0 0.965604
v -0.0772161 0.0456541 -0.167758
vn 0.260019 0 0.965604
v -0.23282 0.0944009 -0.374563
vn 0 -1 0
v -0.283841 0.0774884 -0.342545
vn 0 1 0
v -0.336883 -0.00211284 -0.324225
vn 0 1 0
v -0.281789 0.0692143 -0.345993
vn 0 1 0
v -0.283934 0.0864113 -0.340326
vn 0 -1 0
v -0.283934 0.0864113 -0.340326
vn 0 1 0
v -0.277921 0.0621531 -0.350434
vn 0 1 0
v -0.123979 0.0491405 -0.13383
vn 0 -1 0
v -0.102508 0.070686 -0.143823
vn 0 1 0
v -0.258331 0.112797 -0.352074
vn -0.965604 0 0.260019
v -0.119874 0.0547683 -0.135377
vn 0 1 0
v -0.123979 0.0491405 -0.13383
vn -0.498924 0 0.866646
v -0.132888 0.044497 -0.128648
vn 0.25762 0 -0.966247
v -0.273155 0.100018 -0.344669
vn 0 -1 0
v -0.272498 0.0567864 -0.355566
vn -0.866646 0 -0.498924
v -0.116715 0.00260118 -0.150201
vn 0 1 0
v -0.272498 0.0567864 -0.355566
vn 0 1 0
v -0.0853067 0.00136545 -0.121389
vn -1 0 0.00124234
v -0.0965746 0.046822 -0.102448
vn 0 1 0
v -0.0915184 0.0511806 -0.104973
vn 0.865404 0 -0.501076
v -0.114817 0.059127 -0.137903
vn 0 -1 0
v -0.114817 0.059127 -0.137903
vn 0 1 0
v -0.114817 0.059127 -0.137903
vn -0.865404 0 0.501076
v -0.0965746 0.046822 -0.102448
vn 0.706228 0 -0.707984
v -0.123979 0.0491405 -0.13383
vn 0.498924 0 -0.866646
v -0.10068 0.0411941 -0.100901
vn 0.498924 0 -0.866646
v -0.17335 0.176133 -0.396917
vn 0 1 0
v -0.244341 0.120542 -0.360103
vn 0 1 0
v -0.237734 0.117234 -0.365576
vn 0 1 0
v -0.102508 0.070686 -0.143823
vn 1 0 -0.00124234
v -0.232312 0.111867 -0.370708
vn 0 1 0
v -0.159478 0.150816 -0.412841
vn 0 1 0
v -0.228443 0.104805 -0.375149
vn 0 1 0
v -0.251683 0.121564 -0.354662
vn 0 -1 0
v 0.25171 -0.0842272 0.239559
vn -0.201678 -0.622205 0.75643
v -0.033025 -0.000625774 -0.0611893
vn -0.857937 -0.131079 0.496752
v -0.102431 0.0270394 -0.15441
vn 0 -1 0
v -0.0853067 0.00136545 -0.121389
vn 0 1 0
v -0.0850247 0.0296399 -0.166098
vn -0.25762 0 0.966247
v -0.0617257 0.0216935 -0.133168
vn 0 1 0
v -0.0850247 0.0296399 -0.166098
vn 0 -1 0
v -0.108606 0.00931183 -0.154319
vn -1 0 0.00124234
v -0.108606 0.00931183 -0.154319
vn 0 1 0
v -0.257781 0.0601898 -0.365158
vn 1 0 -0.00124234
v -0.108606 0.00931183 -0.154319
vn 1 0 -0.00124234
v -0.0850247 0.0296399 -0.166098
vn 0 1 0
v -0.226299 0.0876092 -0.380816
vn 0.00124234 0 1
v -0.0771232 0.0367313 -0.169977
vn 0.00124234 0 1
v -0.226391 0.0965321 -0.378597
vn 0 -1 0
v -0.232747 0.0874751 -0.376286
vn 0 -1 0
v -0.2342 0.0805178 -0.376937
vn 0.25762 0 -0.966247
v -0.265891 0.0534791 -0.361039
vn 0 -1 0
v 0.252368 -0.0844319 0.239043
vn -0.158893 0.787138 0.595959
v 0.240125 -0.0937924 0.267549
vn -0.307724 0.787138 0.534527
v 0.244998 -0.10112 0.240231
vn -0.307724 0.787138 0.534527
v 0.240125 -0.0937924 0.267549
vn 0 -1 0
v 0.240636 -0.0941625 0.267097
vn -0.244257 0.871965 0.424282
v 0.227942 -0.0877675 0.297584
vn -0.345746 0.871965 0.346606
v 0.233394 -0.104088 0.269826
vn -0.345746 0.871965 0.346606
v 0.231538 -0.0841576 0.295911
vn 0 -1 0
v 0.224601 -0.091717 0.298994
vn -0.599677 0.720991 0.347217
v 0.229075 -0.079285 0.320931
vn -0.489377 0.720991 0.490594
v 0.228654 -0.0796476 0.321141
vn -0.599677 0.720991 0.347217
v 0.229075 -0.079285 0.320931
vn 0 1 0
v 0.231538 -0.0841576 0.295911
vn -0.345726 0.720991 0.600538
v 0.232985 -0.0789991 0.296131
vn 0 -1 0
v 0.233715 -0.0792259 0.29556
vn 0 -1 0
v 0.234034 -0.0739756 0.296602
vn 0.000608101 0.871965 0.489567
v 0.248144 -0.0581878 0.270467
vn 0.127297 0.871965 0.472728
v 0.233981 -0.0689753 0.297846
vn 0.127297 0.871965 0.472728
v 0.245117 -0.0824882 0.266744
vn -0.158893 0.787138 0.595959
v 0.256088 -0.0666097 0.240712
vn 0.000766516 0.787138 0.616777
v 0.247637 -0.070415 0.267875
vn 0.000766516 0.787138 0.616777
v 0.248271 -0.0704018 0.267429
vn 0 -1 0
v -0.282064 0.095375 -0.339486
vn 0 1 0
v -0.132888 0.044497 -0.128648
vn 0 1 0
v -0.119874 0.0547683 -0.135377
vn 0 -1 0
v -0.119874 0.0547683 -0.135377
vn 0.706228 0 -0.707984
v -0.123979 0.0491405 -0.13383
vn -0.498924 0 0.866646
v -0.269049 0.105646 -0.346216
vn -0.706228 0 0.707984
v -0.119874 0.0547683 -0.135377
vn -0.706228 0 0.707984
v -0.273155 0.100018 -0.344669
vn -0.498924 0 0.866646
v -0.282064 0.095375 -0.339486
vn 0.25762 0 -0.966247
v -0.269049 0.105646 -0.346216
vn 0 -1 0
v -0.116715 0.00260118 -0.150201
vn -0.966247 0 -0.25762
v -0.317439 -0.0213573 -0.342626
vn 0 1 0
v -0.226391 0.0965321 -0.378597
vn 0 1 0
v -0.263993 0.110005 -0.348742
vn -0.865404 0 0.501076
v -0.251683 0.121564 -0.354662
vn 0 1 0
v -0.251683 0.121564 -0.354662
vn 1 0 -0.00124234
v -0.263993 0.110005 -0.348742
vn 0 -1 0
v -0.0646022 0.0151778 -0.132705
vn -0.498924 0 0.866646
v -0.0850247 0.0296399 -0.166098
vn 0.25762 0 -0.966247
v -0.0794266 0.00239925 -0.1253
vn 0 1 0
v -0.102726 0.0103456 -0.15823
vn 0 -1 0
v -0.102726 0.0103456 -0.15823
vn -0.965604 0 0.260019
v -0.109374 0.00157863 -0.155642
vn 0 1 0
v -0.102726 0.0103456 -0.15823
vn 0.965604 0 -0.260019
v -0.0879012 0.0231241 -0.165635
vn 0 1 0
v -0.078993 0.0277676 -0.170817
vn -0.25762 0 0.966247
v -0.226299 0.0876092 -0.380816
vn 0 -1 0
v -0.2342 0.0805178 -0.376937
vn 0 -1 0
v -0.257781 0.0601898 -0.365158
vn 0 -1 0
v -0.265891 0.0534791 -0.361039
vn -0.966247 0 -0.25762
v -0.265891 0.0534791 -0.361039
vn 0 1 0
v 0.245117 -0.0824882 0.266744
vn -0.158893 0.787138 0.595959
v 0.245711 -0.0826725 0.266279
vn 0 -1 0
v 0.230907 -0.0837037 0.296467
vn -0.244257 0.871965 0.424282
v 0.230907 -0.0837037 0.296467
vn 0 -1 0
v 0.228429 -0.088418 0.297083
vn 0 -1 0
v 0.228429 -0.088418 0.297083
vn -0.489377 0.720991 0.490594
v 0.229075 -0.079285 0.320931
vn -0.489377 0.720991 0.490594
v 0.231538 -0.0841576 0.295911
vn -0.345726 0.720991 0.600538
v 0.229417 -0.0788163 0.320802
vn -0.345726 0.720991 0.600538
v 0.232985 -0.0789991 0.296131
vn -0.126122 0.871965 0.473043
v 0.248271 -0.0704018 0.267429
vn 0.000608101 0.871965 0.489567
v 0.234034 -0.0739756 0.296602
vn 0.000608101 0.871965 0.489567
v 0.248271 -0.0704018 0.267429
vn 0.000608101 0.871965 0.489567
v 0.252368 -0.0844319 0.239043
vn -0.158893 0.787138 0.595959
v 0.245117 -0.0824882 0.266744
vn 0 -1 0
v -0.226299 0.0876092 -0.380816
vn 0 1 0
v -0.383157 0.0136692 -0.389625
vn 0 -1 0
v -0.330114 0.0932705 -0.407946
vn 0 -1 0
v -0.328063 0.0849963 -0.411394
vn 0 -1 0
v -0.324195 0.0779351 -0.415835
vn 0 -1 0
v -0.350754 0.0232049 -0.308301
vn 0 1 0
v -0.282064 0.095375 -0.339486
vn 0 -1 0
v -0.330208 0.102193 -0.405727
vn 0 -1 0
v -0.318772 0.0725684 -0.420967
vn 0 -1 0
v -0.129181 0.052891 -0.129245
vn 0.498924 0 -0.866646
v -0.383157 0.0136692 -0.389625
vn -0.707984 0 -0.706228
v -0.317439 -0.0213573 -0.342626
vn -0.866646 0 -0.498924
v -0.336883 -0.00211284 -0.324225
vn -0.707984 0 -0.706228
v -0.363713 -0.00557531 -0.408026
vn 0 -1 0
v -0.312164 0.0692612 -0.42644
vn 0 -1 0
v -0.259258 0.120232 -0.349623
vn 0 1 0
v -0.290614 0.136324 -0.425504
vn 0 -1 0
v -0.219623 0.191915 -0.462318
vn 0 -1 0
v -0.284007 0.133016 -0.430977
vn 0 -1 0
v -0.297956 0.137346 -0.420063
vn 0 -1 0
v -0.259258 0.120232 -0.349623
vn 0.965604 0 -0.260019
v -0.205752 0.166598 -0.478242
vn 0.501076 0 0.865404
v -0.17335 0.176133 -0.396917
vn 0.707984 0 0.706228
v -0.159478 0.150816 -0.412841
vn 0.501076 0 0.865404
v -0.278585 0.127649 -0.436108
vn 0 -1 0
v -0.205752 0.166598 -0.478242
vn 0 -1 0
v -0.274716 0.120587 -0.44055
vn 0 -1 0
v -0.0879012 0.0231241 -0.165635
vn -0.498924 0 0.866646
v -0.0646022 0.0151778 -0.132705
vn 0 1 0
v -0.237077 0.0740021 -0.376474
vn 0.498924 0 -0.866646
v -0.0794266 0.00239925 -0.1253
vn -0.965604 0 0.260019
v -0.0879012 0.0231241 -0.165635
vn 0 -1 0
v -0.102726 0.0103456 -0.15823
vn 0 1 0
v -0.109374 0.00157863 -0.155642
vn -1 0 0.00124234
v -0.251901 0.0612236 -0.369069
vn 0.965604 0 -0.260019
v -0.0879012 0.0231241 -0.165635
vn 0.498924 0 -0.866646
v -0.078993 0.0277676 -0.170817
vn 0 1 0
v -0.228168 0.0786456 -0.381656
vn -0.25762 0 0.966247
v -0.237077 0.0740021 -0.376474
vn 0 -1 0
v -0.258549 0.0524566 -0.36648
vn 0 -1 0
v -0.258549 0.0524566 -0.36648
vn 0 1 0
v 0.245711 -0.0826725 0.266279
vn -0.126122 0.871965 0.473043
v 0.230907 -0.0837037 0.296467
vn -0.244257 0.871965 0.424282
v 0.240636 -0.0941625 0.267097
vn -0.244257 0.871965 0.424282
v 0.228429 -0.088418 0.297083
vn -0.489377 0.720991 0.490594
v 0.232985 -0.0789991 0.296131
vn -0.126122 0.871965 0.473043
v 0.245711 -0.0826725 0.266279
vn -0.126122 0.871965 0.473043
v -0.228168 0.0786456 -0.381656
vn 0 1 0
v -0.278356 0.103769 -0.340084
vn 0 1 0
v -0.397027 0.0389869 -0.373702
vn -0.501076 0 -0.865404
v -0.350754 0.0232049 -0.308301
vn -0.501076 0 -0.865404
v -0.328337 0.111157 -0.404887
vn 0 -1 0
v -0.110083 0.0693541 -0.138785
vn 0 1 0
v -0.278356 0.103769 -0.340084
vn 0.498924 0 -0.866646
v -0.129181 0.052891 -0.129245
vn 0 1 0
v -0.363713 -0.00557531 -0.408026
vn -0.866646 0 -0.498924
v -0.304822 0.0682386 -0.431881
vn 0 -1 0
v -0.272665 0.112314 -0.443998
vn 0 -1 0
v -0.192793 0.195378 -0.378517
vn 0 1 0
v -0.259258 0.120232 -0.349623
vn 0 -1 0
v -0.305532 0.136014 -0.415024
vn 0 -1 0
v -0.110083 0.0693541 -0.138785
vn 0.965604 0 -0.260019
v -0.219623 0.191915 -0.462318
vn 0.707984 0 0.706228
v -0.198399 0.136931 -0.490603
vn 0.260019 0 0.965604
v -0.068709 0.00954989 -0.131158
vn -0.706228 0 0.707984
v -0.0737651 0.00519124 -0.128632
vn 0 1 0
v -0.0970641 0.0131376 -0.161562
vn -0.865404 0 0.501076
v -0.0970641 0.0131376 -0.161562
vn 0 -1 0
v -0.0970641 0.0131376 -0.161562
vn 0 1 0
v -0.258549 0.0524566 -0.36648
vn -1 0 0.00124234
v -0.0970641 0.0131376 -0.161562
vn 0.865404 0 -0.501076
v -0.251901 0.0612236 -0.369069
vn 0 -1 0
v -0.241183 0.0683742 -0.374926
vn 0.706228 0 -0.707984
v -0.0920079 0.0174963 -0.164088
vn 0 1 0
v -0.0827006 0.0193736 -0.17022
vn -0.498924 0 0.866646
v -0.228168 0.0786456 -0.381656
vn 0 -1 0
v -0.250974 0.0537884 -0.371519
vn 0 1 0
v -0.231876 0.0702516 -0.381058
vn 0 1 0
v -0.272572 0.103391 -0.446217
vn 0 -1 0
v -0.273066 0.11102 -0.342077
vn 0 1 0
v -0.278356 0.103769 -0.340084
vn 0 -1 0
v -0.40438 0.0686533 -0.36134
vn -0.260019 0 -0.965604
v -0.397027 0.0389869 -0.373702
vn 0 -1 0
v -0.324629 0.119551 -0.405485
vn 0 -1 0
v -0.123891 0.0601416 -0.131239
vn 0.706228 0 -0.707984
v -0.117376 0.0657572 -0.134493
vn 0 1 0
v -0.293749 -0.0332167 -0.362249
vn -0.966247 0 -0.25762
v -0.297247 0.0695705 -0.43692
vn 0 -1 0
v -0.266551 0.116635 -0.345332
vn 0 1 0
v -0.192793 0.195378 -0.378517
vn 0.866646 0 0.498924
v -0.239066 0.21116 -0.443917
vn 0 -1 0
v -0.266551 0.116635 -0.345332
vn 0.865404 0 -0.501076
v -0.152126 0.121149 -0.425202
vn 0.260019 0 0.965604
v -0.278149 0.0860336 -0.446459
vn 0 -1 0
v -0.198399 0.136931 -0.490603
vn 0 -1 0
v -0.0920079 0.0174963 -0.164088
vn -0.706228 0 0.707984
v -0.068709 0.00954989 -0.131158
vn 0 1 0
v -0.0737651 0.00519124 -0.128632
vn -0.865404 0 0.501076
v -0.0920079 0.0174963 -0.164088
vn 0 -1 0
v -0.101798 0.00291047 -0.16068
vn 0 1 0
v -0.250974 0.0537884 -0.371519
vn -0.965604 0 0.260019
v -0.246239 0.0640156 -0.372401
vn 0.865404 0 -0.501076
v -0.246239 0.0640156 -0.372401
vn 0 -1 0
v -0.0920079 0.0174963 -0.164088
vn 0.706228 0 -0.707984
v -0.241183 0.0683742 -0.374926
vn 0 -1 0
v -0.231876 0.0702516 -0.381058
vn -0.498924 0 0.866646
v -0.0827006 0.0193736 -0.17022
vn 0 1 0
v -0.243681 0.0573854 -0.375811
vn 0 1 0
v -0.250974 0.0537884 -0.371519
vn 0 -1 0
v -0.231876 0.0702516 -0.381058
vn 0 -1 0
v -0.152126 0.121149 -0.425202
vn 0 1 0
v -0.274442 0.0944276 -0.447057
vn 0 -1 0
v -0.358107 0.0528713 -0.29594
vn 0 1 0
v -0.266551 0.116635 -0.345332
vn 0 -1 0
v -0.273066 0.11102 -0.342077
vn 0 -1 0
v -0.273066 0.11102 -0.342077
vn 0.706228 0 -0.707984
v -0.358107 0.0528713 -0.29594
vn -0.260019 0 -0.965604
v -0.319339 0.126802 -0.407478
vn 0 -1 0
v -0.40438 0.0686533 -0.36134
vn 0 -1 0
v -0.123891 0.0601416 -0.131239
vn 0 1 0
v -0.117376 0.0657572 -0.134493
vn 0.865404 0 -0.501076
v -0.340022 -0.0174346 -0.42765
vn -0.966247 0 -0.25762
v -0.293749 -0.0332167 -0.362249
vn 0 1 0
v -0.289954 0.0731674 -0.441211
vn 0 -1 0
v -0.239066 0.21116 -0.443917
vn 0.866646 0 0.498924
v -0.312824 0.132417 -0.410732
vn 0 -1 0
v -0.198064 0.104939 -0.49856
vn 0.00124234 0 1
v -0.283439 0.078782 -0.444466
vn 0 -1 0
v -0.101798 0.00291047 -0.16068
vn -0.965604 0 0.260019
v -0.0879909 0.012122 -0.168227
vn -0.706228 0 0.707984
v -0.231876 0.0702516 -0.381058
vn -0.498924 0 0.866646
v -0.0827006 0.0193736 -0.17022
vn -0.498924 0 0.866646
v -0.0945056 0.00650743 -0.164972
vn 0 1 0
v -0.243681 0.0573854 -0.375811
vn 0 -1 0
v -0.243681 0.0573854 -0.375811
vn -0.865404 0 0.501076
v -0.237166 0.063 -0.379065
vn 0 1 0
v -0.404714 0.100645 -0.353384
vn -0.00124234 0 -1
v -0.340022 -0.0174346 -0.42765
vn 0 -1 0
v -0.340022 -0.0174346 -0.42765
vn -0.966247 0 -0.25762
v -0.267426 -0.0368819 -0.381758
vn -1 0 0.00124234
v -0.293749 -0.0332167 -0.362249
vn -0.966247 0 -0.25762
v -0.216483 0.207237 -0.358893
vn 0.966247 0 0.25762
v -0.151791 0.0891571 -0.433159
vn 0.00124234 0 1
v -0.198064 0.104939 -0.49856
vn 0 -1 0
v -0.237166 0.063 -0.379065
vn -0.706228 0 0.707984
v -0.0879909 0.012122 -0.168227
vn 0 1 0
v -0.0945056 0.00650743 -0.164972
vn -0.865404 0 0.501076
v -0.237166 0.063 -0.379065
vn 0 -1 0
v -0.216483 0.207237 -0.358893
vn 0 1 0
v -0.358441 0.0848634 -0.287983
vn -0.00124234 0 -1
v -0.404714 0.100645 -0.353384
vn 0 -1 0
v -0.262756 0.223019 -0.424294
vn 0 -1 0
v -0.313699 -0.0210999 -0.447159
vn -1 0 0.00124234
v -0.151791 0.0891571 -0.433159
vn 0 1 0
v -0.267426 -0.0368819 -0.381758
vn 0 1 0
v -0.262756 0.223019 -0.424294
vn 0.966247 0 0.25762
v -0.158497 0.0570185 -0.43617
vn -0.25762 0 0.966247
v -0.313699 -0.0210999 -0.447159
vn 0 -1 0
v -0.358441 0.0848634 -0.287983
vn 0 1 0
v -0.351735 0.117002 -0.284973
vn 0.25762 0 -0.966247
v -0.289079 0.226684 -0.404785
vn 0 -1 0
v -0.286538 -0.0163236 -0.465224
vn -0.965604 0 0.260019
v -0.158497 0.0570185 -0.43617
vn 0 1 0
v -0.242806 0.210902 -0.339384
vn 1 0 -0.00124234
v -0.20477 0.0728005 -0.50157
vn -0.25762 0 0.966247
v -0.20477 0.0728005 -0.50157
vn 0 -1 0
v -0.242806 0.210902 -0.339384
vn 0 1 0
v -0.398008 0.132784 -0.350373
vn 0.25762 0 -0.966247
v -0.351735 0.117002 -0.284973
vn 0 1 0
v -0.398008 0.132784 -0.350373
vn 0 -1 0
v -0.289079 0.226684 -0.404785
vn 1 0 -0.00124234
v -0.240265 -0.0321056 -0.399823
vn -0.965604 0 0.260019
v -0.286538 -0.0163236 -0.465224
vn 0 -1 0
v -0.240265 -0.0321056 -0.399823
vn 0 1 0
v -0.171789 0.0269235 -0.434028
vn -0.498924 0 0.866646
v -0.338444 0.147097 -0.287114
vn 0.498924 0 -0.866646
v -0.269968 0.206125 -0.321319
vn 0 1 0
v -0.316241 0.221907 -0.38672
vn 0 -1 0
v -0.316241 0.221907 -0.38672
vn 0.965604 0 -0.260019
v -0.260388 -0.00342846 -0.480614
vn -0.865404 0 0.501076
v -0.218062 0.0427055 -0.499429
vn 0 -1 0
v -0.171789 0.0269235 -0.434028
vn 0 1 0
v -0.218062 0.0427055 -0.499429
vn -0.498924 0 0.866646
v -0.384717 0.162879 -0.352515
vn 0.498924 0 -0.866646
v -0.338444 0.147097 -0.287114
vn 0 1 0
v -0.269968 0.206125 -0.321319
vn 0.965604 0 -0.260019
v -0.384717 0.162879 -0.352515
vn 0 -1 0
v -0.214114 -0.0192105 -0.415214
vn -0.865404 0 0.501076
v -0.260388 -0.00342846 -0.480614
vn 0 -1 0
v -0.214114 -0.0192105 -0.415214
vn 0 1 0
v -0.190759 0.000923254 -0.42688
vn -0.706228 0 0.707984
v -0.319473 0.173097 -0.294262
vn 0.706228 0 -0.707984
v -0.296118 0.193231 -0.305929
vn 0 1 0
v -0.342391 0.209013 -0.371329
vn 0.865404 0 -0.501076
v -0.342391 0.209013 -0.371329
vn 0 -1 0
v -0.237032 0.0167053 -0.492281
vn -0.706228 0 0.707984
v -0.237032 0.0167053 -0.492281
vn 0 -1 0
v -0.190759 0.000923254 -0.42688
vn 0 1 0
v -0.365747 0.188879 -0.359663
vn 0.706228 0 -0.707984
v -0.319473 0.173097 -0.294262
vn 0 1 0
v -0.296118 0.193231 -0.305929
vn 0.865404 0 -0.501076
v -0.365747 0.188879 -0.359663
vn 0 -1 0
v 0.162052 -0.0557443 0.263014
vn -0.108675 0.906669 0.407604
v 0.164181 -0.0509242 0.262671
vn -0.210467 0.906669 0.365588
v 0.146841 -0.0512673 0.29248
vn -0.108675 0.906669 0.407604
v 0.152162 -0.0392185 0.291622
vn -0.210467 0.906669 0.365588
v 0.144156 -0.0641348 0.291274
vn 0.00052397 0.906669 0.421842
v 0.167219 -0.0467601 0.261526
vn -0.297917 0.906669 0.298658
v 0.160978 -0.0608907 0.262532
vn 0.00052397 0.906669 0.421842
v 0.152162 -0.0392185 0.291622
vn -0.390585 0.622205 0.678458
v 0.153152 -0.0348902 0.321197
vn -0.390585 0.622205 0.678458
v 0.146841 -0.0512673 0.29248
vn -0.201678 0.622205 0.75643
v 0.145873 -0.051373 0.32237
vn -0.201678 0.622205 0.75643
v 0.144156 -0.0641348 0.291274
vn 0.000972241 0.622205 0.782854
v 0.159757 -0.0288089 0.28876
vn -0.297917 0.906669 0.298658
v 0.161031 -0.0660144 0.261258
vn 0.109687 0.906669 0.407332
v 0.144289 -0.076943 0.288089
vn 0.109687 0.906669 0.407332
v 0.163542 -0.0206502 0.317282
vn -0.552874 0.622205 0.554249
v 0.1422 -0.068976 0.320721
vn 0.000972241 0.622205 0.782854
v 0.170958 -0.0435362 0.259658
vn -0.365064 0.906669 0.211375
v 0.169108 -0.0207476 0.28409
vn -0.365064 0.906669 0.211375
v 0.159757 -0.0288089 0.28876
vn -0.552874 0.622205 0.554249
v 0.147234 -0.0888207 0.28314
vn 0.211375 0.906669 0.365064
v 0.144289 -0.076943 0.288089
vn 0.203556 0.622205 0.755927
v 0.142383 -0.0864986 0.316363
vn 0.203556 0.622205 0.755927
v 0.145873 -0.051373 0.32237
vn 0 1 0
v 0.153152 -0.0348902 0.321197
vn 0 1 0
v 0.145214 -0.0511684 0.322885
vn 0 1 0
v 0.163542 -0.0206502 0.317282
vn 0 1 0
v 0.152585 -0.0344801 0.321698
vn 0 1 0
v 0.1422 -0.068976 0.320721
vn 0 1 0
v 0.141495 -0.0689905 0.321216
vn 0 1 0
v 0.179578 -0.0155844 0.277928
vn -0.407332 0.906669 0.109687
v 0.176334 -0.00962236 0.310892
vn -0.677485 0.622205 0.392269
v 0.169108 -0.0207476 0.28409
vn -0.677485 0.622205 0.392269
v -0.0292184 0.0304926 -0.0406893
vn 0 1 0
v -0.046675 0.0154446 -0.0319694
vn 0 1 0
v -0.0477497 0.0102943 -0.0324519
vn 0 1 0
v -0.0477497 0.0102943 -0.0324519
vn 0 -1 0
v -0.046675 0.0154446 -0.0319694
vn 0 -1 0
v -0.0292184 0.0304926 -0.0406893
vn 0 -1 0
v -0.0477497 0.0102943 -0.0324519
vn 0.00117663 0.320484 0.947253
v -0.0513914 0.0127942 -0.0449561
vn 0.00117663 0.320484 0.947253
v -0.046675 0.0154446 -0.0319694
vn -0.24403 0.320484 0.915281
v -0.0335717 0.0297271 -0.0377939
vn 0 1 0
v -0.0445448 0.0202677 -0.0323127
vn 0 1 0
v -0.0445448 0.0202677 -0.0323127
vn 0 -1 0
v -0.0335717 0.0297271 -0.0377939
vn 0 -1 0
v -0.050542 0.0168631 -0.0445752
vn -0.24403 0.320484 0.915281
v -0.0445448 0.0202677 -0.0323127
vn -0.472608 0.320484 0.820934
v -0.025 0.0299052 -0.0438157
vn 0 1 0
v -0.0476962 0.00516667 -0.0337271
vn 0 1 0
v -0.0476962 0.00516667 -0.0337271
vn 0 -1 0
v -0.025 0.0299052 -0.0438157
vn 0 -1 0
v -0.0476962 0.00516667 -0.0337271
vn 0.246304 0.320484 0.914672
v 0.162209 -0.0707658 0.259278
vn 0.211375 0.906669 0.365064
v 0.147234 -0.0888207 0.28314
vn 0.392269 0.622205 0.677485
v 0.14641 -0.102747 0.309593
vn 0.392269 0.622205 0.677485
v 0.163104 -0.0200633 0.317734
vn 0 1 0
v 0.142383 -0.0864986 0.316363
vn 0 1 0
v 0.141681 -0.0867315 0.316803
vn 0 1 0
v 0.175147 -0.0414707 0.257193
vn -0.407332 0.906669 0.109687
v 0.179578 -0.0155844 0.277928
vn -0.755927 0.622205 0.203556
v 0.176334 -0.00962236 0.310892
vn 0 1 0
v 0.176055 -0.0088983 0.311264
vn 0 1 0
v -0.0377626 0.0276606 -0.0353274
vn 0 1 0
v -0.0377626 0.0276606 -0.0353274
vn 0 -1 0
v -0.0488597 0.020673 -0.044846
vn -0.472608 0.320484 0.820934
v -0.0212034 0.0280045 -0.0469606
vn 0 1 0
v -0.0212034 0.0280045 -0.0469606
vn 0 -1 0
v -0.0513489 0.00874438 -0.0459634
vn 0.246304 0.320484 0.914672
v 0.152788 -0.0989571 0.276764
vn 0.298658 0.906669 0.297917
v 0.154008 -0.116613 0.300871
vn 0.554249 0.622205 0.552874
v 0.14641 -0.102747 0.309593
vn 0 1 0
v 0.145758 -0.103181 0.309949
vn 0 1 0
v 0.152585 -0.0344801 0.321698
vn -0.307724 -0.787138 0.534527
v 0.177521 -0.0486496 0.322736
vn -0.307724 -0.787138 0.534527
v 0.145214 -0.0511684 0.322885
vn -0.158893 -0.787138 0.595959
v 0.172529 -0.0599548 0.323541
vn -0.158893 -0.787138 0.595959
v 0.141495 -0.0689905 0.321216
vn 0.000766516 -0.787138 0.616777
v 0.163104 -0.0200633 0.317734
vn -0.435586 -0.787138 0.436669
v 0.184647 -0.0388835 0.320051
vn -0.435586 -0.787138 0.436669
v 0.170009 -0.072028 0.32241
vn 0.000766516 -0.787138 0.616777
v 0.141681 -0.0867315 0.316803
vn 0.160373 -0.787138 0.595562
v 0.190452 -0.0136729 0.270695
vn -0.421842 0.906669 0.00052397
v 0.190657 -0.00255982 0.302463
vn -0.755927 0.622205 0.203556
v -0.041505 0.0244337 -0.0334582
vn 0 1 0
v -0.041505 0.0244337 -0.0334582
vn 0 -1 0
v -0.041505 0.0244337 -0.0334582
vn -0.668977 0.320484 0.670641
v 0.190556 -0.00174811 0.30273
vn 0 1 0
v -0.0292184 0.0304926 -0.0406893
vn -0.947253 0.320484 0.00117663
v -0.0335717 0.0297271 -0.0377939
vn -0.914672 0.320484 0.246304
v -0.0367517 0.0287513 -0.0514635
vn -0.947253 0.320484 0.00117663
v -0.025 0.0299052 -0.0438157
vn -0.915281 0.320484 -0.24403
v -0.033419 0.0282868 -0.0539335
vn -0.915281 0.320484 -0.24403
v -0.050542 0.0168631 -0.0445752
vn 0 1 0
v -0.0516286 0.0127896 -0.0447893
vn 0 1 0
v -0.0513914 0.0127942 -0.0449561
vn 0 1 0
v -0.0513914 0.0127942 -0.0449561
vn 0 -1 0
v -0.0516286 0.0127896 -0.0447893
vn 0 -1 0
v -0.050542 0.0168631 -0.0445752
vn 0 -1 0
v -0.0377626 0.0276606 -0.0353274
vn -0.819757 0.320484 0.474645
v -0.04019 0.0281464 -0.0491768
vn -0.914672 0.320484 0.246304
v -0.0488597 0.020673 -0.044846
vn 0 1 0
v -0.0507645 0.0169323 -0.0444011
vn 0 1 0
v -0.0507645 0.0169323 -0.0444011
vn 0 -1 0
v -0.0488597 0.020673 -0.044846
vn 0 -1 0
v 0.00515686 -0.0644809 0.0888793
vn 0 -1 0
v -0.00225781 -0.0509711 0.0973855
vn -0.320517 -0.721981 -0.613199
v 0.00322085 -0.0609376 0.0911041
vn -0.168036 -0.961411 -0.217838
v 0.00322085 -0.0609376 0.0911041
vn 0.168036 0.961411 0.217838
v -0.00225781 -0.0509711 0.0973855
vn 0.320517 0.721981 0.613199
v 0.00515686 -0.0644809 0.0888793
vn 0 1 0
v -0.0465177 0.000413267 -0.035708
vn 0 1 0
v -0.0465177 0.000413267 -0.035708
vn 0 -1 0
v -0.0465177 0.000413267 -0.035708
vn 0.474645 0.320484 0.819757
v -0.0212034 0.0280045 -0.0469606
vn -0.820934 0.320484 -0.472608
v -0.0304199 0.0267859 -0.0564177
vn -0.820934 0.320484 -0.472608
v -0.0515863 0.00866538 -0.0458145
vn 0 1 0
v -0.0513489 0.00874438 -0.0459634
vn 0 1 0
v -0.0513489 0.00874438 -0.0459634
vn 0 -1 0
v -0.0515863 0.00866538 -0.0458145
vn 0 -1 0
v 0.16443 -0.0748196 0.256728
vn 0.298658 0.906669 0.297917
v 0.152788 -0.0989571 0.276764
vn 0.554249 0.622205 0.552874
v 0.154008 -0.116613 0.300871
vn 0 1 0
v 0.15345 -0.11722 0.301119
vn 0 1 0
v 0.176055 -0.0088983 0.311264
vn -0.533762 -0.787138 0.309052
v 0.170135 -0.0840452 0.319421
vn 0.160373 -0.787138 0.595562
v 0.145758 -0.103181 0.309949
vn 0.309052 -0.787138 0.533762
v 0.179497 -0.0407063 0.2543
vn -0.421842 0.906669 0.00052397
v 0.190452 -0.0136729 0.270695
vn -0.782854 0.622205 0.000972241
v 0.190657 -0.00255982 0.302463
vn 0 1 0
v -0.0464579 0.0239651 -0.045751
vn -0.668977 0.320484 0.670641
v 0.190556 -0.00174811 0.30273
vn -0.595562 -0.787138 0.160373
v 0.193421 -0.0313209 0.315668
vn -0.533762 -0.787138 0.309052
v -0.0435012 0.026514 -0.0472279
vn -0.819757 0.320484 0.474645
v -0.0490508 0.0208113 -0.0446775
vn 0 1 0
v -0.0490508 0.0208113 -0.0446775
vn 0 -1 0
v -0.018088 0.0249207 -0.049909
vn 0 1 0
v -0.018088 0.0249207 -0.049909
vn 0 -1 0
v -0.0504181 0.00498783 -0.0475285
vn 0.474645 0.320484 0.819757
v -0.027958 0.0243494 -0.0587475
vn -0.670641 0.320484 -0.668977
v -0.0506377 0.00484162 -0.0474084
vn 0 1 0
v -0.0506377 0.00484162 -0.0474084
vn 0 -1 0
v 0.167544 -0.0779015 0.253781
vn 0.365588 0.906669 0.210467
v 0.164656 -0.127154 0.290793
vn 0.678458 0.622205 0.390585
v 0.164656 -0.127154 0.290793
vn 0 1 0
v 0.172898 -0.0951891 0.314777
vn 0.309052 -0.787138 0.533762
v 0.15345 -0.11722 0.301119
vn 0.436669 -0.787138 0.435586
v 0.172529 -0.0599548 0.323541
vn 0 1 0
v 0.177521 -0.0486496 0.322736
vn 0 1 0
v 0.171935 -0.0597705 0.324005
vn 0 1 0
v 0.184647 -0.0388835 0.320051
vn 0 1 0
v 0.17701 -0.0482805 0.323187
vn 0 1 0
v 0.170009 -0.072028 0.32241
vn 0 1 0
v 0.169375 -0.0720412 0.322856
vn 0 1 0
v 0.170135 -0.0840452 0.319421
vn 0 1 0
v 0.169502 -0.0842552 0.319818
vn 0 1 0
v 0.200992 -0.01514 0.262884
vn -0.407604 0.906669 -0.108675
v 0.205534 5.64746e-05 0.292568
vn -0.782854 0.622205 0.000972241
v 0.205618 0.000901119 0.292713
vn 0 1 0
v -0.0464579 0.0239651 -0.045751
vn 0 1 0
v -0.0464579 0.0239651 -0.045751
vn 0 -1 0
v 0.203244 -0.0264767 0.309887
vn -0.595562 -0.787138 0.160373
v -0.036723 0.0290367 -0.0514149
vn 0 1 0
v -0.04019 0.0281464 -0.0491768
vn 0 1 0
v -0.0367517 0.0287513 -0.0514635
vn 0 1 0
v -0.0367517 0.0287513 -0.0514635
vn 0 -1 0
v -0.04019 0.0281464 -0.0491768
vn 0 -1 0
v -0.036723 0.0290367 -0.0514149
vn 0 -1 0
v -0.03333 0.0285637 -0.0539297
vn 0 1 0
v -0.033419 0.0282868 -0.0539335
vn 0 1 0
v -0.033419 0.0282868 -0.0539335
vn 0 -1 0
v -0.03333 0.0285637 -0.0539297
vn 0 -1 0
v -0.0302765 0.0270354 -0.056459
vn 0 1 0
v -0.0304199 0.0267859 -0.0564177
vn 0 1 0
v -0.0304199 0.0267859 -0.0564177
vn 0 -1 0
v -0.0302765 0.0270354 -0.056459
vn 0 -1 0
v -0.0516286 0.0127896 -0.0447893
vn 0.00123107 0.131079 0.991371
v -0.0696946 0.0204928 -0.0793404
vn 0.00123107 0.131079 0.991371
v -0.0507645 0.0169323 -0.0444011
vn -0.255396 0.131079 0.95791
v -0.0515863 0.00866538 -0.0458145
vn 0.257775 0.131079 0.957272
v -0.0402245 0.0284209 -0.0490861
vn 0 1 0
v -0.0435012 0.026514 -0.0472279
vn 0 1 0
v -0.0435012 0.026514 -0.0472279
vn 0 -1 0
v -0.0402245 0.0284209 -0.0490861
vn 0 -1 0
v -0.0691072 0.0233103 -0.0790761
vn -0.255396 0.131079 0.95791
v -0.0490508 0.0208113 -0.0446775
vn -0.494619 0.131079 0.859168
v -0.0442945 -0.00364439 -0.0382601
vn 0 1 0
v -0.0442945 -0.00364439 -0.0382601
vn 0 -1 0
v -0.018088 0.0249207 -0.049909
vn -0.670641 0.320484 -0.668977
v -0.0504181 0.00498783 -0.0475285
vn 0 1 0
v -0.0504181 0.00498783 -0.0475285
vn 0 -1 0
v -0.0442945 -0.00364439 -0.0382601
vn 0.670641 0.320484 0.668977
v -0.0277701 0.0245547 -0.058831
vn 0 1 0
v -0.027958 0.0243494 -0.0587475
vn 0 1 0
v -0.027958 0.0243494 -0.0587475
vn 0 -1 0
v -0.0277701 0.0245547 -0.058831
vn 0 -1 0
v -0.0506377 0.00484162 -0.0474084
vn 0.496752 0.131079 0.857937
v -0.069665 0.0176892 -0.0800379
vn 0.257775 0.131079 0.957272
v 0.160572 -0.106662 0.269397
vn 0.365588 0.906669 0.210467
v 0.160572 -0.106662 0.269397
vn 0.678458 0.622205 0.390585
v 0.164232 -0.127892 0.290915
vn 0 1 0
v 0.178108 -0.1047 0.308796
vn 0.436669 -0.787138 0.435586
v 0.184252 -0.0383546 0.320458
vn 0 1 0
v 0.193421 -0.0313209 0.315668
vn 0 1 0
v 0.193168 -0.0306678 0.316005
vn 0 1 0
v 0.172898 -0.0951891 0.314777
vn 0 1 0
v 0.17231 -0.0955813 0.315098
vn 0 1 0
v 0.183712 -0.0412928 0.251176
vn -0.407604 0.906669 -0.108675
v 0.200992 -0.01514 0.262884
vn -0.75643 0.622205 -0.201678
v 0.205534 5.64746e-05 0.292568
vn 0 1 0
v 0.205618 0.000901119 0.292713
vn -0.616777 -0.787138 0.000766516
v -0.0435951 0.0267579 -0.0471026
vn 0 1 0
v -0.0435951 0.0267579 -0.0471026
vn 0 -1 0
v -0.0466062 0.024163 -0.0455983
vn 0 1 0
v -0.0466062 0.024163 -0.0455983
vn 0 -1 0
v 0.203244 -0.0264767 0.309887
vn 0 1 0
v 0.203152 -0.0257442 0.310129
vn 0 1 0
v -0.0679418 0.025948 -0.0792641
vn -0.494619 0.131079 0.859168
v -0.0158648 0.020863 -0.0524611
vn 0 1 0
v -0.0158648 0.020863 -0.0524611
vn 0 -1 0
v -0.026202 0.0211443 -0.0607634
vn -0.474645 0.320484 -0.819757
v -0.04885 0.00157746 -0.0494609
vn 0 1 0
v -0.04885 0.00157746 -0.0494609
vn 0 -1 0
v -0.0486621 0.00178279 -0.0495443
vn 0.670641 0.320484 0.668977
v -0.0259824 0.0212905 -0.0608835
vn 0 1 0
v -0.0259824 0.0212905 -0.0608835
vn 0 -1 0
v -0.0690207 0.0150883 -0.0811214
vn 0.496752 0.131079 0.857937
v 0.171339 -0.0798013 0.250638
vn 0.407604 0.906669 0.108675
v 0.177632 -0.133649 0.280045
vn 0.75643 0.622205 0.201678
v 0.177632 -0.133649 0.280045
vn 0 1 0
v 0.164232 -0.127892 0.290915
vn 0.534527 -0.787138 0.307724
v 0.185411 -0.111929 0.301884
vn 0.534527 -0.787138 0.307724
v 0.178108 -0.1047 0.308796
vn 0 1 0
v 0.177606 -0.105248 0.309019
vn 0 1 0
v 0.17701 -0.0482805 0.323187
vn -0.244257 -0.871965 0.424282
v 0.204859 -0.0649195 0.319429
vn -0.244257 -0.871965 0.424282
v 0.171935 -0.0597705 0.324005
vn -0.126122 -0.871965 0.473043
v 0.202781 -0.0696241 0.319764
vn -0.126122 -0.871965 0.473043
v 0.169375 -0.0720412 0.322856
vn 0.000608101 -0.871965 0.489567
v 0.184252 -0.0383546 0.320458
vn -0.345746 -0.871965 0.346606
v 0.207824 -0.0608558 0.318312
vn -0.345746 -0.871965 0.346606
v 0.201733 -0.0746476 0.319294
vn 0.000608101 -0.871965 0.489567
v 0.169502 -0.0842552 0.319818
vn 0.127297 -0.871965 0.472728
v 0.201785 -0.0796479 0.31805
vn 0.127297 -0.871965 0.472728
v 0.17231 -0.0955813 0.315098
vn 0.24531 -0.871965 0.423674
v 0.210476 -0.0198879 0.255028
vn -0.365588 0.906669 -0.210467
v 0.219951 -0.00195165 0.281883
vn -0.75643 0.622205 -0.201678
v 0.220215 -0.00113194 0.281894
vn 0 1 0
v 0.213447 -0.024682 0.303101
vn -0.616777 -0.787138 0.000766516
v -0.0466062 0.024163 -0.0455983
vn -0.700135 0.131079 0.701876
v 0.213523 -0.0239207 0.303231
vn 0 1 0
v -0.036723 0.0290367 -0.0514149
vn -0.991371 0.131079 0.00123107
v -0.0402245 0.0284209 -0.0490861
vn -0.957272 0.131079 0.257775
v -0.0595589 0.0315408 -0.0838457
vn -0.991371 0.131079 0.00123107
v -0.03333 0.0285637 -0.0539297
vn -0.95791 0.131079 -0.255396
v -0.0572513 0.0312192 -0.0855561
vn -0.95791 0.131079 -0.255396
v -0.0302765 0.0270354 -0.056459
vn -0.859168 0.131079 -0.494619
v -0.0551749 0.0301802 -0.0872759
vn -0.859168 0.131079 -0.494619
v -0.0277701 0.0245547 -0.058831
vn -0.701876 0.131079 -0.700135
v -0.0534705 0.0284928 -0.0888889
vn -0.701876 0.131079 -0.700135
v -0.0691072 0.0233103 -0.0790761
vn 0 -1 0
v -0.0689085 0.0232485 -0.0792316
vn 0 -1 0
v -0.0696946 0.0204928 -0.0793404
vn 0 -1 0
v -0.0696946 0.0204928 -0.0793404
vn 0 1 0
v -0.0689085 0.0232485 -0.0792316
vn 0 1 0
v -0.0691072 0.0233103 -0.0790761
vn 0 1 0
v -0.0694826 0.0204978 -0.0794891
vn 0 -1 0
v -0.069665 0.0176892 -0.0800379
vn 0 -1 0
v -0.069665 0.0176892 -0.0800379
vn 0 1 0
v -0.0694826 0.0204978 -0.0794891
vn 0 1 0
v -0.0435951 0.0267579 -0.0471026
vn -0.857937 0.131079 0.496752
v -0.0619392 0.0311219 -0.0822627
vn -0.957272 0.131079 0.257775
v -0.0679418 0.025948 -0.0792641
vn 0 -1 0
v -0.0677705 0.025825 -0.079415
vn 0 -1 0
v -0.0677705 0.025825 -0.079415
vn 0 1 0
v -0.0679418 0.025948 -0.0792641
vn 0 1 0
v -0.0411792 -0.00672824 -0.0412085
vn 0 1 0
v -0.0411792 -0.00672824 -0.0412085
vn 0 -1 0
v -0.0158648 0.020863 -0.0524611
vn -0.474645 0.320484 -0.819757
v -0.026202 0.0211443 -0.0607634
vn 0 1 0
v -0.026202 0.0211443 -0.0607634
vn 0 -1 0
v -0.04885 0.00157746 -0.0494609
vn 0.701876 0.131079 0.700135
v -0.0486621 0.00178279 -0.0495443
vn 0 1 0
v -0.0486621 0.00178279 -0.0495443
vn 0 -1 0
v -0.0411792 -0.00672824 -0.0412085
vn 0.820934 0.320484 0.472608
v -0.0259824 0.0212905 -0.0608835
vn -0.496752 0.131079 -0.857937
v -0.0522547 0.0262741 -0.0902846
vn -0.496752 0.131079 -0.857937
v -0.0694539 0.0177588 -0.0801704
vn 0 -1 0
v -0.0690207 0.0150883 -0.0811214
vn 0 -1 0
v -0.0690207 0.0150883 -0.0811214
vn 0 1 0
v -0.0694539 0.0177588 -0.0801704
vn 0 1 0
v 0.170057 -0.11141 0.261541
vn 0.407604 0.906669 0.108675
v 0.170057 -0.11141 0.261541
vn 0.75643 0.622205 0.201678
v 0.177368 -0.134468 0.280034
vn 0 1 0
v 0.19431 -0.116384 0.294512
vn 0.595959 -0.787138 0.158893
v 0.185411 -0.111929 0.301884
vn 0 1 0
v 0.193168 -0.0306678 0.316005
vn -0.423674 -0.871965 0.24531
v 0.203152 -0.0257442 0.310129
vn -0.472728 -0.871965 0.127297
v 0.211475 -0.057709 0.316488
vn -0.423674 -0.871965 0.24531
v 0.202935 -0.0842844 0.316118
vn 0.24531 -0.871965 0.423674
v 0.177606 -0.105248 0.309019
vn 0.346606 -0.871965 0.345746
v 0.187506 -0.0431925 0.248033
vn -0.365588 0.906669 -0.210467
v 0.210476 -0.0198879 0.255028
vn -0.678458 0.622205 -0.390585
v 0.219951 -0.00195165 0.281883
vn 0 1 0
v 0.220215 -0.00113194 0.281894
vn -0.595959 -0.787138 -0.158893
v 0.213447 -0.024682 0.303101
vn 0 1 0
v -0.0662794 0.0282271 -0.0798904
vn -0.700135 0.131079 0.701876
v 0.213523 -0.0239207 0.303231
vn -0.489567 -0.871965 0.000608101
v 0.215562 -0.0556934 0.314083
vn -0.472728 -0.871965 0.127297
v -0.0642317 0.0299918 -0.0809133
vn -0.857937 0.131079 0.496752
v -0.0661469 0.0280505 -0.0800268
vn 0 -1 0
v -0.0661469 0.0280505 -0.0800268
vn 0 1 0
v -0.0146863 0.0161096 -0.054442
vn 0 1 0
v -0.0146863 0.0161096 -0.054442
vn 0 -1 0
v -0.0252712 0.0173878 -0.0623285
vn -0.246304 0.320484 -0.914672
v -0.0252712 0.0173878 -0.0623285
vn 0 1 0
v -0.0252712 0.0173878 -0.0623285
vn 0 -1 0
v -0.067805 0.0128686 -0.0825172
vn 0.701876 0.131079 0.700135
v -0.0462002 -0.000653745 -0.0518742
vn 0 1 0
v -0.0462002 -0.000653745 -0.0518742
vn 0 -1 0
v -0.0462002 -0.000653745 -0.0518742
vn 0.820934 0.320484 0.472608
v -0.0516104 0.0236732 -0.0913681
vn -0.257775 0.131079 -0.957272
v -0.0688238 0.0152194 -0.081229
vn 0 -1 0
v -0.0688238 0.0152194 -0.081229
vn 0 1 0
v 0.175554 -0.0803877 0.247514
vn 0.421842 0.906669 -0.00052397
v 0.192049 -0.135657 0.26936
vn 0.782854 0.622205 -0.000972241
v 0.192049 -0.135657 0.26936
vn 0 1 0
v 0.177368 -0.134468 0.280034
vn 0.595959 -0.787138 0.158893
v 0.19431 -0.116384 0.294512
vn 0 1 0
v 0.185028 -0.112595 0.301994
vn 0 1 0
v 0.202781 -0.0696241 0.319764
vn 0 1 0
v 0.204859 -0.0649195 0.319429
vn 0 1 0
v 0.202051 -0.0693973 0.320335
vn 0 1 0
v 0.207824 -0.0608558 0.318312
vn 0 1 0
v 0.204229 -0.0644656 0.319985
vn 0 1 0
v 0.201733 -0.0746476 0.319294
vn 0 1 0
v 0.200952 -0.0746637 0.319842
vn 0 1 0
v 0.201785 -0.0796479 0.31805
vn 0 1 0
v 0.201008 -0.0799058 0.318538
vn 0 1 0
v 0.205103 -0.0882423 0.313629
vn 0.346606 -0.871965 0.345746
v 0.202935 -0.0842844 0.316118
vn 0 1 0
v 0.202212 -0.0847664 0.316513
vn 0 1 0
v 0.218261 -0.0275932 0.247661
vn -0.298658 0.906669 -0.297917
v 0.232926 -0.0084465 0.271135
vn -0.678458 0.622205 -0.390585
v 0.233351 -0.00770789 0.271013
vn 0 1 0
v 0.223336 -0.0260588 0.295772
vn -0.595959 -0.787138 -0.158893
v 0.223573 -0.0253199 0.295783
vn 0 1 0
v -0.0662794 0.0282271 -0.0798904
vn 0 -1 0
v -0.0662794 0.0282271 -0.0798904
vn 0 1 0
v 0.219808 -0.0549467 0.311259
vn -0.489567 -0.871965 0.000608101
v -0.061909 0.0308777 -0.0823429
vn 0 -1 0
v -0.0619392 0.0311219 -0.0822627
vn 0 -1 0
v -0.0595589 0.0315408 -0.0838457
vn 0 -1 0
v -0.0595589 0.0315408 -0.0838457
vn 0 1 0
v -0.0619392 0.0311219 -0.0822627
vn 0 1 0
v -0.061909 0.0308777 -0.0823429
vn 0 1 0
v -0.0595836 0.0312868 -0.0838896
vn 0 -1 0
v -0.0572513 0.0312192 -0.0855561
vn 0 -1 0
v -0.0572513 0.0312192 -0.0855561
vn 0 1 0
v -0.0595836 0.0312868 -0.0838896
vn 0 1 0
v -0.0573307 0.0309728 -0.0855593
vn 0 -1 0
v -0.0551749 0.0301802 -0.0872759
vn 0 -1 0
v -0.0551749 0.0301802 -0.0872759
vn 0 1 0
v -0.0573307 0.0309728 -0.0855593
vn 0 1 0
v -0.0553025 0.0299575 -0.0872393
vn 0 -1 0
v -0.0534705 0.0284928 -0.0888889
vn 0 -1 0
v -0.0534705 0.0284928 -0.0888889
vn 0 1 0
v -0.0553025 0.0299575 -0.0872393
vn 0 1 0
v -0.0536383 0.0283104 -0.0888143
vn 0 -1 0
v -0.0522547 0.0262741 -0.0902846
vn 0 -1 0
v -0.0522547 0.0262741 -0.0902846
vn 0 1 0
v -0.0536383 0.0283104 -0.0888143
vn 0 1 0
v -0.0689085 0.0232485 -0.0792316
vn -0.25762 0 0.966247
v -0.0909125 0.0307532 -0.110331
vn -0.25762 0 0.966247
v -0.0677705 0.025825 -0.079415
vn -0.498924 0 0.866646
v -0.0694826 0.0204978 -0.0794891
vn 0.00124234 0 1
v -0.0914867 0.0280026 -0.110589
vn 0.00124234 0 1
v -0.0694539 0.0177588 -0.0801704
vn 0.260019 0 0.965604
v -0.0641475 0.0297741 -0.0810255
vn 0 -1 0
v -0.0642317 0.0299918 -0.0809133
vn 0 -1 0
v -0.0642317 0.0299918 -0.0809133
vn 0 1 0
v -0.0641475 0.0297741 -0.0810255
vn 0 1 0
v -0.0897746 0.0333297 -0.110515
vn -0.498924 0 0.866646
v -0.0661469 0.0280505 -0.0800268
vn -0.706228 0 0.707984
v -0.0373825 -0.00862891 -0.0443534
vn 0 1 0
v -0.0373825 -0.00862891 -0.0443534
vn 0 -1 0
v -0.0146863 0.0161096 -0.054442
vn -0.246304 0.320484 -0.914672
v -0.0250338 0.0174668 -0.0624774
vn 0 1 0
v -0.0250338 0.0174668 -0.0624774
vn 0 -1 0
v -0.067805 0.0128686 -0.0825172
vn 0 -1 0
v -0.067805 0.0128686 -0.0825172
vn 0 1 0
v -0.0463436 -0.00090325 -0.0518329
vn 0.859168 0.131079 0.494619
v -0.0463436 -0.00090325 -0.0518329
vn 0 1 0
v -0.0463436 -0.00090325 -0.0518329
vn 0 -1 0
v -0.0373825 -0.00862891 -0.0443534
vn 0.915281 0.320484 0.24403
v -0.0250338 0.0174668 -0.0624774
vn -0.257775 0.131079 -0.957272
v -0.0518215 0.0236036 -0.0912355
vn 0 -1 0
v -0.0516104 0.0236732 -0.0913681
vn 0 -1 0
v -0.0516104 0.0236732 -0.0913681
vn 0 1 0
v -0.0518215 0.0236036 -0.0912355
vn 0 1 0
v -0.0688238 0.0152194 -0.081229
vn 0.501076 0 0.865404
v -0.091458 0.0252636 -0.11127
vn 0.260019 0 0.965604
v 0.180596 -0.112878 0.25373
vn 0.421842 0.906669 -0.00052397
v 0.180596 -0.112878 0.25373
vn 0.782854 0.622205 -0.000972241
v 0.191965 -0.136501 0.269215
vn 0 1 0
v 0.204199 -0.117761 0.287184
vn 0.616777 -0.787138 -0.000766516
v 0.194073 -0.117123 0.294502
vn 0 1 0
v 0.185028 -0.112595 0.301994
vn 0.424282 -0.871965 0.244257
v 0.208142 -0.0912503 0.310753
vn 0.424282 -0.871965 0.244257
v 0.211165 -0.0569062 0.316901
vn 0 1 0
v 0.211475 -0.057709 0.316488
vn 0 1 0
v 0.215562 -0.0556934 0.314083
vn 0 1 0
v 0.21545 -0.0547929 0.31438
vn 0 1 0
v 0.205103 -0.0882423 0.313629
vn 0 1 0
v 0.204485 -0.0889151 0.313904
vn 0 1 0
v 0.19062 -0.0462744 0.245086
vn -0.298658 0.906669 -0.297917
v 0.218261 -0.0275932 0.247661
vn -0.554249 0.622205 -0.552874
v 0.232926 -0.0084465 0.271135
vn 0 1 0
v 0.233351 -0.00770789 0.271013
vn -0.534527 -0.787138 -0.307724
v 0.223336 -0.0260588 0.295772
vn 0 1 0
v 0.223573 -0.0253199 0.295783
vn -0.473043 -0.871965 -0.126122
v 0.219808 -0.0549467 0.311259
vn 0 1 0
v 0.219901 -0.0540108 0.311419
vn 0 1 0
v -0.0524508 0.026143 -0.0901775
vn 0 -1 0
v -0.0524508 0.026143 -0.0901775
vn 0 1 0
v -0.0881509 0.0355552 -0.111126
vn -0.706228 0 0.707984
v -0.0146329 0.010982 -0.0557172
vn 0 1 0
v -0.0146329 0.010982 -0.0557172
vn 0 -1 0
v -0.0252287 0.013338 -0.0633358
vn -0.00117663 0.320484 -0.947253
v 0.100377 0.0175064 0.0412924
vn 0.434074 0.349182 0.830452
v 0.0929624 0.0310162 0.0497986
vn 0 1 0
v 0.0948985 0.0274739 0.047574
vn 0.203558 0.942829 0.263889
v 0.0948985 0.0274739 0.047574
vn -0.203558 -0.942829 -0.263889
v 0.0929624 0.0310162 0.0497986
vn 0 -1 0
v 0.100377 0.0175064 0.0412924
vn -0.434074 -0.349182 -0.830452
v -0.0252287 0.013338 -0.0633358
vn 0 1 0
v -0.0252287 0.013338 -0.0633358
vn 0 -1 0
v -0.0676371 0.013052 -0.0825917
vn 0 -1 0
v -0.0676371 0.013052 -0.0825917
vn 0 1 0
v -0.0661005 0.0111822 -0.0841301
vn 0.859168 0.131079 0.494619
v -0.0432011 -0.00215465 -0.0543583
vn 0 1 0
v -0.0432011 -0.00215465 -0.0543583
vn 0 -1 0
v -0.0432011 -0.00215465 -0.0543583
vn 0.915281 0.320484 0.24403
v -0.0515808 0.0208696 -0.0920656
vn -0.00123107 0.131079 -0.991371
v -0.0517928 0.0208645 -0.0919168
vn 0 -1 0
v -0.0517928 0.0208645 -0.0919168
vn 0 1 0
v -0.0908279 0.0227241 -0.112329
vn 0.501076 0 0.865404
v 0.179904 -0.0796233 0.244621
vn 0.407332 0.906669 -0.109687
v 0.206926 -0.13304 0.259465
vn 0.755927 0.622205 -0.203556
v 0.206926 -0.13304 0.259465
vn 0 1 0
v 0.191965 -0.136501 0.269215
vn 0.616777 -0.787138 -0.000766516
v 0.204199 -0.117761 0.287184
vn 0 1 0
v 0.194073 -0.117123 0.294502
vn 0.473043 -0.871965 0.126122
v 0.211845 -0.0931038 0.307685
vn 0.473043 -0.871965 0.126122
v 0.204229 -0.0644656 0.319985
vn -0.345726 -0.720991 0.600538
v 0.226413 -0.0766497 0.32345
vn -0.345726 -0.720991 0.600538
v 0.202051 -0.0693973 0.320335
vn -0.178515 -0.720991 0.669556
v 0.226173 -0.0771928 0.323489
vn -0.178515 -0.720991 0.669556
v 0.200952 -0.0746637 0.319842
vn 0.000860572 -0.720991 0.692944
v 0.207338 -0.0602052 0.318813
vn 0 1 0
v 0.226053 -0.0777719 0.323434
vn 0.000860572 -0.720991 0.692944
v 0.201008 -0.0799058 0.318538
vn 0.180179 -0.720991 0.66911
v 0.226059 -0.0783484 0.323291
vn 0.180179 -0.720991 0.66911
v 0.202212 -0.0847664 0.316513
vn 0.347217 -0.720991 0.599677
v 0.208142 -0.0912503 0.310753
vn 0 1 0
v 0.226191 -0.0788834 0.323068
vn 0.347217 -0.720991 0.599677
v 0.204485 -0.0889151 0.313904
vn 0.490594 -0.720991 0.489377
v 0.223814 -0.0377296 0.241285
vn -0.211375 0.906669 -0.365064
v 0.243575 -0.0189869 0.261057
vn -0.554249 0.622205 -0.552874
v 0.244133 -0.0183789 0.26081
vn 0 1 0
v 0.232235 -0.0305135 0.288401
vn -0.534527 -0.787138 -0.307724
v 0.232618 -0.0298481 0.288291
vn 0 1 0
v 0.223922 -0.0555194 0.30821
vn -0.473043 -0.871965 -0.126122
v 0.224214 -0.0546111 0.308223
vn 0 1 0
v -0.0641475 0.0297741 -0.0810255
vn -0.865404 0 0.501076
v -0.0861515 0.0372789 -0.112125
vn -0.865404 0 0.501076
v -0.061909 0.0308777 -0.0823429
vn -0.965604 0 0.260019
v -0.0839131 0.0383824 -0.113443
vn -0.965604 0 0.260019
v -0.0595836 0.0312868 -0.0838896
vn -1 0 0.00124234
v -0.0573307 0.0309728 -0.0855593
vn -0.966247 0 -0.25762
v -0.0793347 0.0384776 -0.116659
vn -0.966247 0 -0.25762
v -0.0553025 0.0299575 -0.0872393
vn -0.866646 0 -0.498924
v -0.0773066 0.0374622 -0.118339
vn -0.866646 0 -0.498924
v -0.0536383 0.0283104 -0.0888143
vn -0.707984 0 -0.706228
v -0.0756423 0.0358151 -0.119914
vn -0.707984 0 -0.706228
v -0.0524508 0.026143 -0.0901775
vn -0.501076 0 -0.865404
v -0.0744548 0.0336477 -0.121277
vn -0.501076 0 -0.865404
v -0.0909125 0.0307532 -0.110331
vn 0 1 0
v -0.0839131 0.0383824 -0.113443
vn 0 1 0
v -0.0897746 0.0333297 -0.110515
vn 0 1 0
v -0.0909125 0.0307532 -0.110331
vn 0 -1 0
v -0.103345 0.0143726 -0.105487
vn 0 -1 0
v -0.0897746 0.0333297 -0.110515
vn 0 -1 0
v -0.113074 0.0412761 -0.143445
vn -0.498924 0 0.866646
v -0.0897746 0.0333297 -0.110515
vn 0.498924 0 -0.866646
v -0.113074 0.0412761 -0.143445
vn 0.498924 0 -0.866646
v -0.0909125 0.0307532 -0.110331
vn 0.25762 0 -0.966247
v -0.0914867 0.0280026 -0.110589
vn 0 1 0
v -0.0815876 0.0387915 -0.114989
vn 0 1 0
v -0.0914867 0.0280026 -0.110589
vn 0 -1 0
v -0.114211 0.0386996 -0.143261
vn -0.25762 0 0.966247
v -0.114211 0.0386996 -0.143261
vn 0.25762 0 -0.966247
v -0.0914867 0.0280026 -0.110589
vn -0.00124234 0 -1
v -0.091458 0.0252636 -0.11127
vn 0 1 0
v -0.0793347 0.0384776 -0.116659
vn 0 1 0
v -0.091458 0.0252636 -0.11127
vn 0 -1 0
v -0.114757 0.0332099 -0.1442
vn 0.260019 0 0.965604
v -0.091458 0.0252636 -0.11127
vn -0.260019 0 -0.965604
v -0.114757 0.0332099 -0.1442
vn -0.260019 0 -0.965604
v -0.0881509 0.0355552 -0.111126
vn 0 1 0
v -0.0861515 0.0372789 -0.112125
vn 0 1 0
v -0.0881509 0.0355552 -0.111126
vn 0 -1 0
v -0.104938 0.0207953 -0.102811
vn 0 -1 0
v -0.11145 0.0435016 -0.144056
vn -0.706228 0 0.707984
v -0.0881509 0.0355552 -0.111126
vn 0.706228 0 -0.707984
v -0.11145 0.0435016 -0.144056
vn 0.706228 0 -0.707984
v -0.0331642 -0.00921627 -0.0474798
vn 0 1 0
v -0.0331642 -0.00921627 -0.0474798
vn 0 -1 0
v -0.0146329 0.010982 -0.0557172
vn -0.00117663 0.320484 -0.947253
v -0.0249915 0.0133426 -0.0635025
vn 0 1 0
v -0.0249915 0.0133426 -0.0635025
vn 0 -1 0
v -0.0676371 0.013052 -0.0825917
vn 0.707984 0 0.706228
v -0.0659729 0.0114049 -0.0841667
vn 0 -1 0
v -0.0659729 0.0114049 -0.0841667
vn 0 1 0
v -0.0661005 0.0111822 -0.0841301
vn 0 -1 0
v -0.0661005 0.0111822 -0.0841301
vn 0 1 0
v -0.0432901 -0.0024315 -0.0543622
vn 0.95791 0.131079 0.255396
v -0.0432901 -0.0024315 -0.0543622
vn 0 1 0
v -0.0432901 -0.0024315 -0.0543622
vn 0 -1 0
v -0.0331642 -0.00921627 -0.0474798
vn 0.947253 0.320484 -0.00117663
v -0.0249915 0.0133426 -0.0635025
vn -0.00123107 0.131079 -0.991371
v -0.0515808 0.0208696 -0.0920656
vn 0 -1 0
v -0.0515808 0.0208696 -0.0920656
vn 0 1 0
v -0.0518215 0.0236036 -0.0912355
vn -0.260019 0 -0.965604
v -0.0738256 0.0311083 -0.122335
vn -0.260019 0 -0.965604
v -0.0517928 0.0208645 -0.0919168
vn -0.00124234 0 -1
v -0.0737968 0.0283693 -0.123017
vn -0.00124234 0 -1
v -0.0908279 0.0227241 -0.112329
vn 0 1 0
v -0.0773066 0.0374622 -0.118339
vn 0 1 0
v -0.0908279 0.0227241 -0.112329
vn 0 -1 0
v -0.100343 0.00889169 -0.108934
vn 0 -1 0
v -0.114127 0.0306705 -0.145259
vn 0.501076 0 0.865404
v -0.0908279 0.0227241 -0.112329
vn -0.501076 0 -0.865404
v -0.114127 0.0306705 -0.145259
vn -0.501076 0 -0.865404
v 0.19147 -0.110965 0.246498
vn 0.407332 0.906669 -0.109687
v 0.19147 -0.110965 0.246498
vn 0.755927 0.622205 -0.203556
v 0.207027 -0.133852 0.259198
vn 0 1 0
v 0.214402 -0.115966 0.280398
vn 0.595562 -0.787138 -0.160373
v 0.204123 -0.118522 0.287053
vn 0 1 0
v 0.215959 -0.0936765 0.304636
vn 0.489567 -0.871965 -0.000608101
v 0.211845 -0.0931038 0.307685
vn 0 1 0
v 0.207671 -0.0920691 0.310888
vn 0 1 0
v 0.226755 -0.076181 0.323321
vn -0.489377 -0.720991 0.490594
v 0.207338 -0.0602052 0.318813
vn -0.489377 -0.720991 0.490594
v 0.211165 -0.0569062 0.316901
vn -0.599677 -0.720991 0.347217
v 0.21545 -0.0547929 0.31438
vn -0.66911 -0.720991 0.180179
v 0.227176 -0.0758184 0.323111
vn -0.599677 -0.720991 0.347217
v 0.219901 -0.0540108 0.311419
vn -0.692944 -0.720991 0.000860572
v 0.227647 -0.0755861 0.322834
vn -0.66911 -0.720991 0.180179
v 0.226441 -0.0793398 0.322781
vn 0.490594 -0.720991 0.489377
v 0.192841 -0.0503292 0.242536
vn -0.211375 0.906669 -0.365064
v 0.223814 -0.0377296 0.241285
vn -0.392269 0.622205 -0.677485
v 0.243575 -0.0189869 0.261057
vn 0 1 0
v 0.244133 -0.0183789 0.26081
vn -0.436669 -0.787138 -0.435586
v 0.232235 -0.0305135 0.288401
vn 0 1 0
v 0.232618 -0.0298481 0.288291
vn -0.424282 -0.871965 -0.244257
v 0.223922 -0.0555194 0.30821
vn 0 1 0
v 0.224214 -0.0546111 0.308223
vn -0.669556 -0.720991 -0.178515
v 0.228137 -0.0755002 0.322508
vn -0.692944 -0.720991 0.000860572
v -0.0815876 0.0387915 -0.114989
vn -1 0 0.00124234
v -0.114786 0.035949 -0.143519
vn 0.00124234 0 1
v -0.114786 0.035949 -0.143519
vn -0.00124234 0 -1
v -0.0861515 0.0372789 -0.112125
vn 0 -1 0
v -0.0742786 0.0542126 -0.116439
vn 0 -1 0
v -0.10945 0.0452252 -0.145055
vn -0.865404 0 0.501076
v -0.0861515 0.0372789 -0.112125
vn 0.865404 0 -0.501076
v -0.10945 0.0452252 -0.145055
vn 0.865404 0 -0.501076
v -0.0157076 0.0058317 -0.0561996
vn 0 1 0
v -0.0157076 0.0058317 -0.0561996
vn 0 -1 0
v -0.0157076 0.0058317 -0.0561996
vn 0.24403 0.320484 -0.915281
v -0.0260781 0.00926905 -0.0637167
vn 0 1 0
v -0.0260781 0.00926905 -0.0637167
vn 0 -1 0
v -0.0896412 0.0205567 -0.113691
vn 0.707984 0 0.706228
v -0.0659729 0.0114049 -0.0841667
vn 0.866646 0 0.498924
v -0.0639447 0.0103895 -0.0858467
vn 0 -1 0
v -0.0639447 0.0103895 -0.0858467
vn 0 1 0
v -0.0640241 0.0101432 -0.0858499
vn 0.95791 0.131079 0.255396
v -0.0398684 -0.00261909 -0.0568284
vn 0 1 0
v -0.0398684 -0.00261909 -0.0568284
vn 0 -1 0
v -0.0398684 -0.00261909 -0.0568284
vn 0.947253 0.320484 -0.00117663
v -0.0258556 0.00919991 -0.0638908
vn 0.255396 0.131079 -0.95791
v -0.0523669 0.0181139 -0.0921743
vn 0 -1 0
v -0.0523669 0.0181139 -0.0921743
vn 0 1 0
v -0.0523669 0.0181139 -0.0921743
vn 0.25762 0 -0.966247
v -0.0756423 0.0358151 -0.119914
vn 0 1 0
v -0.0896412 0.0205567 -0.113691
vn 0 -1 0
v -0.11294 0.0285031 -0.146621
vn 0.707984 0 0.706228
v -0.11294 0.0285031 -0.146621
vn -0.707984 0 -0.706228
v 0.184092 -0.0775578 0.242156
vn 0.365064 0.906669 -0.211375
v 0.221248 -0.125978 0.251036
vn 0.677485 0.622205 -0.392269
v 0.221248 -0.125978 0.251036
vn 0 1 0
v 0.207027 -0.133852 0.259198
vn 0.595562 -0.787138 -0.160373
v 0.214402 -0.115966 0.280398
vn 0 1 0
v 0.204123 -0.118522 0.287053
vn 0.489567 -0.871965 -0.000608101
v 0.215959 -0.0936765 0.304636
vn 0 1 0
v 0.211553 -0.0940122 0.307673
vn 0 1 0
v 0.226173 -0.0771928 0.323489
vn 0 -1 0
v 0.226413 -0.0766497 0.32345
vn 0 -1 0
v 0.227647 -0.0755861 0.322834
vn 0 -1 0
v 0.226755 -0.076181 0.323321
vn 0 -1 0
v 0.227176 -0.0758184 0.323111
vn 0 -1 0
v 0.226053 -0.0777719 0.323434
vn 0 -1 0
v 0.228137 -0.0755002 0.322508
vn 0 -1 0
v 0.226059 -0.0783484 0.323291
vn 0 -1 0
v 0.228612 -0.0755655 0.322156
vn 0 -1 0
v 0.226191 -0.0788834 0.323068
vn 0 -1 0
v 0.229038 -0.0757795 0.321803
vn 0 -1 0
v 0.207671 -0.0920691 0.310888
vn 0.600538 -0.720991 0.345726
v 0.226792 -0.0796865 0.322449
vn 0.600538 -0.720991 0.345726
v 0.226441 -0.0793398 0.322781
vn 0 -1 0
v 0.229389 -0.0761262 0.321471
vn 0 -1 0
v 0.194019 -0.0550797 0.240557
vn -0.109687 0.906669 -0.407332
v 0.251173 -0.0328535 0.252336
vn -0.392269 0.622205 -0.677485
v 0.251825 -0.0324189 0.251979
vn 0 1 0
v 0.239538 -0.0377424 0.281489
vn -0.436669 -0.787138 -0.435586
v 0.24004 -0.0371952 0.281266
vn 0 1 0
v 0.227625 -0.057373 0.305143
vn -0.424282 -0.871965 -0.244257
v 0.228096 -0.0565541 0.305007
vn 0 1 0
v 0.228612 -0.0755655 0.322156
vn -0.669556 -0.720991 -0.178515
v -0.0839131 0.0383824 -0.113443
vn 0 -1 0
v -0.0691494 0.0516464 -0.120688
vn 0 -1 0
v -0.107212 0.0463288 -0.146372
vn -0.965604 0 0.260019
v -0.0839131 0.0383824 -0.113443
vn 0.965604 0 -0.260019
v -0.107212 0.0463288 -0.146372
vn 0.965604 0 -0.260019
v -0.0815876 0.0387915 -0.114989
vn 0 -1 0
v -0.104887 0.0467379 -0.147919
vn -1 0 0.00124234
v -0.0815876 0.0387915 -0.114989
vn 1 0 -0.00124234
v -0.104887 0.0467379 -0.147919
vn 1 0 -0.00124234
v -0.0793347 0.0384776 -0.116659
vn 0 -1 0
v -0.0793347 0.0384776 -0.116659
vn 0.966247 0 0.25762
v -0.0773066 0.0374622 -0.118339
vn 0 -1 0
v -0.0649402 0.0474792 -0.124671
vn 0 -1 0
v -0.102634 0.046424 -0.149589
vn -0.966247 0 -0.25762
v -0.0773066 0.0374622 -0.118339
vn 0.866646 0 0.498924
v -0.102634 0.046424 -0.149589
vn 0.966247 0 0.25762
v -0.0756423 0.0358151 -0.119914
vn 0 -1 0
v -0.100606 0.0454086 -0.151269
vn -0.866646 0 -0.498924
v -0.0756423 0.0358151 -0.119914
vn 0.707984 0 0.706228
v -0.100606 0.0454086 -0.151269
vn 0.866646 0 0.498924
v -0.0744548 0.0336477 -0.121277
vn 0 1 0
v -0.0896412 0.0205567 -0.113691
vn 0 1 0
v -0.0744548 0.0336477 -0.121277
vn 0 -1 0
v -0.061938 0.0419992 -0.128118
vn 0 -1 0
v -0.0989413 0.0437615 -0.152844
vn -0.707984 0 -0.706228
v -0.0744548 0.0336477 -0.121277
vn 0.501076 0 0.865404
v -0.0989413 0.0437615 -0.152844
vn 0.707984 0 0.706228
v -0.0738256 0.0311083 -0.122335
vn 0 1 0
v -0.0879769 0.0189097 -0.115266
vn 0 1 0
v -0.0738256 0.0311083 -0.122335
vn 0 -1 0
v -0.0977538 0.0415941 -0.154207
vn -0.501076 0 -0.865404
v -0.0738256 0.0311083 -0.122335
vn 0.260019 0 0.965604
v -0.0977538 0.0415941 -0.154207
vn 0.501076 0 0.865404
v -0.104938 0.0207953 -0.102811
vn 0.260019 0 0.965604
v -0.103345 0.0143726 -0.105487
vn 0.501076 0 0.865404
v -0.128237 0.0287417 -0.135741
vn 0.260019 0 0.965604
v -0.114211 0.0386996 -0.143261
vn 0 1 0
v -0.113074 0.0412761 -0.143445
vn 0 1 0
v -0.126644 0.022319 -0.138417
vn 0 1 0
v -0.11145 0.0435016 -0.144056
vn 0 1 0
v -0.128237 0.0287417 -0.135741
vn 0 1 0
v -0.114786 0.035949 -0.143519
vn 0 1 0
v -0.100343 0.00889169 -0.108934
vn 0.707984 0 0.706228
v -0.126644 0.022319 -0.138417
vn 0.501076 0 0.865404
v -0.114757 0.0332099 -0.1442
vn 0 1 0
v -0.114127 0.0306705 -0.145259
vn 0 1 0
v -0.123642 0.0168381 -0.141864
vn 0 1 0
v -0.10501 0.0277212 -0.101089
vn 0 -1 0
v -0.10945 0.0452252 -0.145055
vn 0 1 0
v -0.0975776 0.062159 -0.149369
vn 0 1 0
v -0.0288108 -0.00845083 -0.0503752
vn 0 1 0
v -0.0288108 -0.00845083 -0.0503752
vn 0 -1 0
v -0.0260781 0.00926905 -0.0637167
vn 0.24403 0.320484 -0.915281
v -0.0258556 0.00919991 -0.0638908
vn 0 1 0
v -0.0258556 0.00919991 -0.0638908
vn 0 -1 0
v -0.0896412 0.0205567 -0.113691
vn -0.707984 0 -0.706228
v -0.0879769 0.0189097 -0.115266
vn 0.866646 0 0.498924
v -0.0639447 0.0103895 -0.0858467
vn 0.966247 0 0.25762
v -0.0640241 0.0101432 -0.0858499
vn 0 -1 0
v -0.0640241 0.0101432 -0.0858499
vn 0 1 0
v -0.0398971 -0.00290456 -0.056877
vn 0.991371 0.131079 -0.00123107
v -0.0398971 -0.00290456 -0.056877
vn 0 1 0
v -0.0398971 -0.00290456 -0.056877
vn 0 -1 0
v -0.0288108 -0.00845083 -0.0503752
vn 0.914672 0.320484 -0.246304
v -0.0521682 0.0180521 -0.0923299
vn 0.255396 0.131079 -0.95791
v -0.0521682 0.0180521 -0.0923299
vn 0 -1 0
v -0.0521682 0.0180521 -0.0923299
vn 0 1 0
v -0.0737968 0.0283693 -0.123017
vn 0 1 0
v -0.0859488 0.0178943 -0.116946
vn 0 1 0
v -0.0737968 0.0283693 -0.123017
vn 0 -1 0
v -0.0971245 0.0390547 -0.155265
vn -0.260019 0 -0.965604
v -0.0737968 0.0283693 -0.123017
vn 0.00124234 0 1
v -0.0971245 0.0390547 -0.155265
vn 0.260019 0 0.965604
v -0.074371 0.0256186 -0.123274
vn 0.25762 0 -0.966247
v -0.0879769 0.0189097 -0.115266
vn 0 -1 0
v -0.11294 0.0285031 -0.146621
vn 0 1 0
v 0.20194 -0.105803 0.240335
vn 0.365064 0.906669 -0.211375
v 0.20194 -0.105803 0.240335
vn 0.677485 0.622205 -0.392269
v 0.221528 -0.126702 0.250664
vn 0 1 0
v 0.224226 -0.111122 0.274616
vn 0.533762 -0.787138 -0.309052
v 0.214494 -0.116699 0.280156
vn 0 1 0
v 0.220205 -0.0929298 0.301812
vn 0.472728 -0.871965 -0.127297
v 0.215866 -0.0946124 0.304477
vn 0 1 0
v 0.211553 -0.0940122 0.307673
vn 0.669556 -0.720991 0.178515
v 0.227218 -0.0799005 0.322096
vn 0.669556 -0.720991 0.178515
v 0.226792 -0.0796865 0.322449
vn 0 -1 0
v 0.229639 -0.0765826 0.321184
vn 0 -1 0
v 0.226759 -0.0496063 0.236336
vn -0.109687 0.906669 -0.407332
v 0.251173 -0.0328535 0.252336
vn 0 1 0
v 0.226759 -0.0496063 0.236336
vn -0.203556 0.622205 -0.755927
v 0.251825 -0.0324189 0.251979
vn -0.309052 -0.787138 -0.533762
v 0.239538 -0.0377424 0.281489
vn 0 1 0
v 0.24004 -0.0371952 0.281266
vn -0.346606 -0.871965 -0.345746
v 0.227625 -0.057373 0.305143
vn 0 1 0
v 0.228096 -0.0565541 0.305007
vn -0.600538 -0.720991 -0.345726
v -0.128309 0.0356675 -0.134019
vn 0.00124234 0 1
v -0.123642 0.0168381 -0.141864
vn 0.707984 0 0.706228
v -0.0691494 0.0516464 -0.120688
vn -0.866646 0 -0.498924
v -0.0742786 0.0542126 -0.116439
vn -0.966247 0 -0.25762
v -0.0924484 0.0595928 -0.153618
vn -0.866646 0 -0.498924
v -0.107212 0.0463288 -0.146372
vn 0 1 0
v -0.0924484 0.0595928 -0.153618
vn 0 1 0
v -0.0799768 0.0550074 -0.112216
vn 0 -1 0
v -0.10501 0.0277212 -0.101089
vn 0.00124234 0 1
v -0.0178377 0.0010086 -0.0558563
vn 0 1 0
v -0.0178377 0.0010086 -0.0558563
vn 0 -1 0
v -0.0178377 0.0010086 -0.0558563
vn 0.472608 0.320484 -0.820934
v -0.0277604 0.00545917 -0.0634458
vn 0 1 0
v -0.0277604 0.00545917 -0.0634458
vn 0 -1 0
v -0.111276 0.026856 -0.148196
vn 0.866646 0 0.498924
v -0.111276 0.026856 -0.148196
vn -0.866646 0 -0.498924
v -0.0879769 0.0189097 -0.115266
vn -0.866646 0 -0.498924
v -0.0859488 0.0178943 -0.116946
vn 0.966247 0 0.25762
v -0.0616918 0.0100756 -0.0875164
vn 0 -1 0
v -0.0616918 0.0100756 -0.0875164
vn 0 1 0
v -0.0617165 0.00982155 -0.0875602
vn 0.991371 0.131079 -0.00123107
v -0.0364301 -0.00201425 -0.0591151
vn 0 1 0
v -0.0364301 -0.00201425 -0.0591151
vn 0 -1 0
v -0.0364301 -0.00201425 -0.0591151
vn 0.914672 0.320484 -0.246304
v -0.0275685 0.0053209 -0.0636149
vn 0.494619 0.131079 -0.859168
v -0.0535049 0.0155374 -0.0919909
vn 0 -1 0
v -0.0535049 0.0155374 -0.0919909
vn 0 1 0
v -0.0836959 0.0175804 -0.118616
vn 0 1 0
v -0.0603458 0.0355766 -0.130794
vn 0 -1 0
v -0.0970958 0.0363157 -0.155946
vn -0.00124234 0 -1
v -0.0970958 0.0363157 -0.155946
vn 0.00124234 0 1
v -0.0535049 0.0155374 -0.0919909
vn 0.498924 0 -0.866646
v -0.074371 0.0256186 -0.123274
vn 0 1 0
v -0.074371 0.0256186 -0.123274
vn 0 -1 0
v -0.09767 0.033565 -0.156204
vn 0.25762 0 -0.966247
v -0.074371 0.0256186 -0.123274
vn -0.25762 0 0.966247
v -0.09767 0.033565 -0.156204
vn -0.25762 0 0.966247
v -0.096134 0.00472646 -0.112918
vn 0 -1 0
v -0.111276 0.026856 -0.148196
vn 0 1 0
v 0.187832 -0.0743339 0.240288
vn 0.297917 0.906669 -0.298658
v 0.23404 -0.11495 0.244646
vn 0.552874 0.622205 -0.554249
v 0.23404 -0.11495 0.244646
vn 0 1 0
v 0.221528 -0.126702 0.250664
vn 0.533762 -0.787138 -0.309052
v 0.224226 -0.111122 0.274616
vn 0 1 0
v 0.214494 -0.116699 0.280156
vn 0.472728 -0.871965 -0.127297
v 0.220205 -0.0929298 0.301812
vn 0 1 0
v 0.215866 -0.0946124 0.304477
vn 0.692944 -0.720991 -0.000860572
v 0.227693 -0.0799657 0.321744
vn 0.692944 -0.720991 -0.000860572
v 0.229038 -0.0757795 0.321803
vn -0.600538 -0.720991 -0.345726
v 0.229389 -0.0761262 0.321471
vn -0.490594 -0.720991 -0.489377
v 0.231282 -0.0597081 0.301992
vn -0.490594 -0.720991 -0.489377
v 0.227218 -0.0799005 0.322096
vn 0 -1 0
v 0.229771 -0.0771175 0.320961
vn 0 -1 0
v 0.229639 -0.0765826 0.321184
vn -0.347217 -0.720991 -0.599677
v 0.233554 -0.0638568 0.299383
vn -0.347217 -0.720991 -0.599677
v 0.194072 -0.0602034 0.239283
vn -0.00052397 0.906669 -0.421842
v 0.2552 -0.0491016 0.245565
vn 0 1 0
v 0.2552 -0.0491016 0.245565
vn -0.203556 0.622205 -0.755927
v 0.244748 -0.0472539 0.275508
vn -0.309052 -0.787138 -0.533762
v 0.245336 -0.0468607 0.275187
vn 0 1 0
v 0.230664 -0.0603809 0.302267
vn -0.346606 -0.871965 -0.345746
v 0.231282 -0.0597081 0.301992
vn 0 1 0
v -0.104887 0.0467379 -0.147919
vn 0 1 0
v -0.0649402 0.0474792 -0.124671
vn -0.707984 0 -0.706228
v -0.0882392 0.0554256 -0.157601
vn -0.707984 0 -0.706228
v -0.102634 0.046424 -0.149589
vn 0 1 0
v -0.100606 0.0454086 -0.151269
vn 0 1 0
v -0.0882392 0.0554256 -0.157601
vn 0 1 0
v -0.061938 0.0419992 -0.128118
vn -0.501076 0 -0.865404
v -0.085237 0.0499456 -0.161048
vn -0.501076 0 -0.865404
v -0.0989413 0.0437615 -0.152844
vn 0 1 0
v -0.0977538 0.0415941 -0.154207
vn 0 1 0
v -0.085237 0.0499456 -0.161048
vn 0 1 0
v -0.0859488 0.0178943 -0.116946
vn 0 -1 0
v -0.109248 0.0258407 -0.149876
vn 0.966247 0 0.25762
v -0.0859488 0.0178943 -0.116946
vn -0.966247 0 -0.25762
v -0.109248 0.0258407 -0.149876
vn -0.966247 0 -0.25762
v -0.0971245 0.0390547 -0.155265
vn 0 1 0
v -0.126644 0.022319 -0.138417
vn 0 -1 0
v -0.132614 0.0183364 -0.135155
vn 0 -1 0
v -0.128237 0.0287417 -0.135741
vn 0 -1 0
v -0.126644 0.022319 -0.138417
vn -0.501076 0 -0.865404
v -0.128237 0.0287417 -0.135741
vn -0.260019 0 -0.965604
v -0.27582 0.073197 -0.349256
vn -0.501076 0 -0.865404
v -0.128309 0.0356675 -0.134019
vn 0 1 0
v -0.134665 0.0266105 -0.131707
vn 0 -1 0
v -0.128309 0.0356675 -0.134019
vn 0 -1 0
v -0.128309 0.0356675 -0.134019
vn -0.00124234 0 -1
v -0.277412 0.0796196 -0.346579
vn -0.260019 0 -0.965604
v -0.123642 0.0168381 -0.141864
vn 0 -1 0
v -0.128746 0.0112752 -0.139595
vn 0 -1 0
v -0.123642 0.0168381 -0.141864
vn -0.707984 0 -0.706228
v -0.272818 0.067716 -0.352703
vn -0.707984 0 -0.706228
v -0.096134 0.00472646 -0.112918
vn 0.866646 0 0.498924
v -0.0975776 0.062159 -0.149369
vn -0.966247 0 -0.25762
v -0.103558 0.0346784 -0.100437
vn 0 -1 0
v -0.0799768 0.0550074 -0.112216
vn -1 0 0.00124234
v -0.103558 0.0346784 -0.100437
vn -0.25762 0 0.966247
v -0.0924484 0.0595928 -0.153618
vn 0 -1 0
v -0.0975776 0.062159 -0.149369
vn 0 -1 0
v -0.0885583 0.0663562 -0.154738
vn 0 -1 0
v -0.0975776 0.062159 -0.149369
vn 0.966247 0 0.25762
v -0.0924484 0.0595928 -0.153618
vn 0.866646 0 0.498924
v -0.246753 0.113037 -0.360208
vn 0.966247 0 0.25762
v -0.0246199 -0.00638434 -0.0528417
vn 0 1 0
v -0.0246199 -0.00638434 -0.0528417
vn 0 -1 0
v -0.0277604 0.00545917 -0.0634458
vn 0.472608 0.320484 -0.820934
v -0.0275685 0.0053209 -0.0636149
vn 0 1 0
v -0.0275685 0.0053209 -0.0636149
vn 0 -1 0
v -0.0616918 0.0100756 -0.0875164
vn 1 0 -0.00124234
v -0.0617165 0.00982155 -0.0875602
vn 0 -1 0
v -0.0617165 0.00982155 -0.0875602
vn 0 1 0
v -0.0363956 -0.00228871 -0.0592058
vn 0.957272 0.131079 -0.257775
v -0.0363956 -0.00228871 -0.0592058
vn 0 1 0
v -0.0363956 -0.00228871 -0.0592058
vn 0 -1 0
v -0.0246199 -0.00638434 -0.0528417
vn 0.819757 0.320484 -0.474645
v -0.0533336 0.0154144 -0.0921418
vn 0.494619 0.131079 -0.859168
v -0.0533336 0.0154144 -0.0921418
vn 0 -1 0
v -0.0533336 0.0154144 -0.0921418
vn 0 1 0
v -0.0836959 0.0175804 -0.118616
vn 1 0 -0.00124234
v -0.0836959 0.0175804 -0.118616
vn 0 -1 0
v -0.106995 0.0255267 -0.151546
vn 1 0 -0.00124234
v -0.0836959 0.0175804 -0.118616
vn -1 0 0.00124234
v -0.106995 0.0255267 -0.151546
vn -1 0 0.00124234
v -0.0603458 0.0355766 -0.130794
vn -0.260019 0 -0.965604
v -0.0836448 0.0435229 -0.163724
vn -0.260019 0 -0.965604
v -0.0970958 0.0363157 -0.155946
vn 0 1 0
v -0.075509 0.0230422 -0.123091
vn 0.498924 0 -0.866646
v -0.0813704 0.0179894 -0.120163
vn 0 1 0
v -0.075509 0.0230422 -0.123091
vn 0 -1 0
v -0.0988079 0.0309885 -0.15602
vn 0.498924 0 -0.866646
v -0.0988079 0.0309885 -0.15602
vn -0.498924 0 0.866646
v -0.119433 0.0126728 -0.145847
vn 0 1 0
v 0.211291 -0.0977414 0.235665
vn 0.297917 0.906669 -0.298658
v 0.211291 -0.0977414 0.235665
vn 0.552874 0.622205 -0.554249
v 0.23448 -0.115537 0.244194
vn 0 1 0
v 0.232999 -0.10356 0.270234
vn 0.435586 -0.787138 -0.436669
v 0.224478 -0.111775 0.27428
vn 0 1 0
v 0.224292 -0.0909143 0.299407
vn 0.423674 -0.871965 -0.24531
v 0.220317 -0.0938304 0.301516
vn 0 1 0
v 0.228183 -0.0798799 0.321418
vn 0.66911 -0.720991 -0.180179
v 0.227693 -0.0799657 0.321744
vn 0 -1 0
v 0.229777 -0.0776941 0.320818
vn 0 -1 0
v 0.229771 -0.0771175 0.320961
vn -0.180179 -0.720991 -0.66911
v 0.226892 -0.0624155 0.233151
vn -0.00052397 0.906669 -0.421842
v 0.255902 -0.0488687 0.245125
vn 0 1 0
v 0.226892 -0.0624155 0.233151
vn -0.000972241 0.622205 -0.782854
v 0.244748 -0.0472539 0.275508
vn 0 1 0
v 0.247511 -0.0583968 0.270864
vn -0.160373 -0.787138 -0.595562
v 0.245336 -0.0468607 0.275187
vn -0.24531 -0.871965 -0.423674
v 0.230664 -0.0603809 0.302267
vn 0 1 0
v -0.103276 0.0629538 -0.145146
vn 0 1 0
v -0.126857 0.0426248 -0.133367
vn 0 -1 0
v -0.277484 0.0865455 -0.344857
vn -0.00124234 0 -1
v -0.119433 0.0126728 -0.145847
vn 0 -1 0
v -0.268608 0.0635508 -0.356686
vn -0.866646 0 -0.498924
v -0.119433 0.0126728 -0.145847
vn 0.866646 0 0.498924
v -0.0882392 0.0554256 -0.157601
vn 0 -1 0
v -0.0831363 0.0609894 -0.159869
vn 0 -1 0
v -0.0882392 0.0554256 -0.157601
vn 0.707984 0 0.706228
v -0.241624 0.110471 -0.364456
vn 0.866646 0 0.498924
v -0.085857 0.0539726 -0.108305
vn 0 -1 0
v -0.103276 0.0629538 -0.145146
vn -1 0 0.00124234
v -0.126857 0.0426248 -0.133367
vn -0.25762 0 0.966247
v -0.0951659 0.0696644 -0.149264
vn 0 -1 0
v -0.252451 0.113832 -0.355984
vn 1 0 -0.00124234
v -0.0208776 -0.00315841 -0.054711
vn 0 1 0
v -0.0208776 -0.00315841 -0.054711
vn 0 -1 0
v -0.0208776 -0.00315841 -0.054711
vn 0.668977 0.320484 -0.670641
v 0.192999 -0.0653497 0.2388
vn 0.108675 0.906669 -0.407604
v -0.0301622 0.00216706 -0.0625409
vn 0 1 0
v -0.0301622 0.00216706 -0.0625409
vn 0 -1 0
v -0.109248 0.0258407 -0.149876
vn 0 1 0
v -0.0593664 0.0104847 -0.089063
vn 0 -1 0
v -0.0593664 0.0104847 -0.089063
vn 0 1 0
v -0.0593362 0.0102405 -0.0891433
vn 0.957272 0.131079 -0.257775
v -0.0331189 -0.000381827 -0.061064
vn 0 1 0
v -0.0331189 -0.000381827 -0.061064
vn 0 -1 0
v -0.0331189 -0.000381827 -0.061064
vn 0.819757 0.320484 -0.474645
v -0.0300139 0.0019692 -0.0626936
vn 0.700135 0.131079 -0.701876
v -0.0551285 0.0133119 -0.0913792
vn 0 -1 0
v -0.0551285 0.0133119 -0.0913792
vn 0 1 0
v -0.0813704 0.0179894 -0.120163
vn 0.965604 0 -0.260019
v -0.0910049 0.00215926 -0.117166
vn 0 -1 0
v -0.0813704 0.0179894 -0.120163
vn -0.965604 0 0.260019
v -0.0835718 0.0365971 -0.165447
vn -0.00124234 0 -1
v -0.0836448 0.0435229 -0.163724
vn 0 1 0
v -0.09767 0.033565 -0.156204
vn 0 1 0
v -0.0551285 0.0133119 -0.0913792
vn 0.706228 0 -0.707984
v -0.075509 0.0230422 -0.123091
vn 0 1 0
v -0.075509 0.0230422 -0.123091
vn -0.498924 0 0.866646
v -0.0813704 0.0179894 -0.120163
vn 0 -1 0
v -0.0771326 0.0208166 -0.122479
vn 0 -1 0
v -0.0988079 0.0309885 -0.15602
vn 0 1 0
v -0.119433 0.0126728 -0.145847
vn -0.866646 0 -0.498924
v 0.218886 -0.0873318 0.232803
vn 0.210467 0.906669 -0.365588
v 0.218886 -0.0873318 0.232803
vn 0.390585 0.622205 -0.678458
v 0.244998 -0.10112 0.240231
vn 0 1 0
v 0.23448 -0.115537 0.244194
vn 0.435586 -0.787138 -0.436669
v 0.232999 -0.10356 0.270234
vn 0 1 0
v 0.224478 -0.111775 0.27428
vn 0.423674 -0.871965 -0.24531
v 0.224292 -0.0909143 0.299407
vn 0 1 0
v 0.220317 -0.0938304 0.301516
vn 0.66911 -0.720991 -0.180179
v 0.228183 -0.0798799 0.321418
vn 0 -1 0
v 0.229657 -0.0782741 0.320763
vn 0 -1 0
v 0.233554 -0.0638568 0.299383
vn 0 1 0
v 0.234759 -0.0687175 0.297358
vn -0.180179 -0.720991 -0.66911
v 0.229777 -0.0776941 0.320818
vn -0.000860572 -0.720991 -0.692944
v 0.255902 -0.0488687 0.245125
vn -0.160373 -0.787138 -0.595562
v 0.255383 -0.0666243 0.241207
vn 0 1 0
v 0.255383 -0.0666243 0.241207
vn -0.000972241 0.622205 -0.782854
v 0.247511 -0.0583968 0.270864
vn 0 1 0
v 0.232832 -0.0643388 0.299778
vn -0.24531 -0.871965 -0.423674
v -0.085237 0.0499456 -0.161048
vn 0 -1 0
v -0.0792675 0.0539273 -0.164311
vn 0 -1 0
v -0.085237 0.0499456 -0.161048
vn 0.501076 0 0.865404
v -0.237414 0.106304 -0.36844
vn 0.707984 0 0.706228
v -0.0836448 0.0435229 -0.163724
vn 0 -1 0
v -0.0836448 0.0435229 -0.163724
vn 0.260019 0 0.965604
v -0.234412 0.100824 -0.371886
vn 0.501076 0 0.865404
v -0.106995 0.0255267 -0.151546
vn 0 1 0
v -0.134665 0.0266105 -0.131707
vn 0.260019 0 0.965604
v -0.132614 0.0183364 -0.135155
vn 0.501076 0 0.865404
v -0.283841 0.0774884 -0.342545
vn 0.260019 0 0.965604
v -0.128746 0.0112752 -0.139595
vn 0.707984 0 0.706228
v -0.281789 0.0692143 -0.345993
vn 0.501076 0 0.865404
v -0.27582 0.073197 -0.349256
vn 0 1 0
v -0.277412 0.0796196 -0.346579
vn 0 1 0
v -0.281789 0.0692143 -0.345993
vn 0 1 0
v -0.272818 0.067716 -0.352703
vn 0 1 0
v -0.277921 0.0621531 -0.350434
vn 0 1 0
v -0.126857 0.0426248 -0.133367
vn 0 1 0
v -0.103276 0.0629538 -0.145146
vn 0 -1 0
v -0.103276 0.0629538 -0.145146
vn 1 0 -0.00124234
v -0.134759 0.0355333 -0.129487
vn 0 -1 0
v -0.126857 0.0426248 -0.133367
vn 0.25762 0 -0.966247
v -0.276032 0.0935027 -0.344206
vn 0.25762 0 -0.966247
v -0.277484 0.0865455 -0.344857
vn 0 1 0
v -0.283841 0.0774884 -0.342545
vn 0 1 0
v -0.123323 0.00590846 -0.144727
vn 0 -1 0
v -0.268608 0.0635508 -0.356686
vn 0 1 0
v -0.0910049 0.00215926 -0.117166
vn 0.966247 0 0.25762
v -0.10068 0.0411941 -0.100901
vn 0 -1 0
v -0.085857 0.0539726 -0.108305
vn -0.965604 0 0.260019
v -0.109156 0.061919 -0.141235
vn -0.965604 0 0.260019
v -0.10068 0.0411941 -0.100901
vn -0.498924 0 0.866646
v -0.0885583 0.0663562 -0.154738
vn -0.866646 0 -0.498924
v -0.0951659 0.0696644 -0.149264
vn -0.966247 0 -0.25762
v -0.237734 0.117234 -0.365576
vn -0.866646 0 -0.498924
v -0.0831363 0.0609894 -0.159869
vn -0.707984 0 -0.706228
v -0.232312 0.111867 -0.370708
vn -0.707984 0 -0.706228
v -0.241624 0.110471 -0.364456
vn 0 1 0
v -0.237734 0.117234 -0.365576
vn 0 1 0
v -0.246753 0.113037 -0.360208
vn 0 1 0
v -0.244341 0.120542 -0.360103
vn 0 1 0
v -0.252451 0.113832 -0.355984
vn 0 1 0
v 0.19087 -0.0701699 0.239144
vn 0.210467 0.906669 -0.365588
v 0.224207 -0.0752829 0.231945
vn 0.108675 0.906669 -0.407604
v -0.0301622 0.00216706 -0.0625409
vn 0.668977 0.320484 -0.670641
v -0.0300139 0.0019692 -0.0626936
vn 0 1 0
v -0.0300139 0.0019692 -0.0626936
vn 0 -1 0
v -0.0593664 0.0104847 -0.089063
vn 0.965604 0 -0.260019
v -0.0593362 0.0102405 -0.0891433
vn 0 -1 0
v -0.0593362 0.0102405 -0.0891433
vn 0 1 0
v -0.033025 -0.000625774 -0.0611893
vn 0.857937 0.131079 -0.496752
v -0.033025 -0.000625774 -0.0611893
vn 0 1 0
v -0.033025 -0.000625774 -0.0611893
vn 0 -1 0
v -0.0549969 0.0131353 -0.091515
vn 0.700135 0.131079 -0.701876
v -0.0549969 0.0131353 -0.091515
vn 0 -1 0
v -0.0549969 0.0131353 -0.091515
vn 0 1 0
v -0.104669 0.0259358 -0.153093
vn 0.965604 0 -0.260019
v -0.104669 0.0259358 -0.153093
vn -0.965604 0 0.260019
v -0.0602729 0.0286507 -0.132517
vn -0.00124234 0 -1
v -0.0835718 0.0365971 -0.165447
vn 0 1 0
v -0.114304 0.0101056 -0.150096
vn 0 1 0
v -0.0835718 0.0365971 -0.165447
vn 0 -1 0
v -0.0772161 0.0456541 -0.167758
vn 0 -1 0
v -0.0835718 0.0365971 -0.165447
vn 0.00124234 0 1
v -0.23282 0.0944009 -0.374563
vn 0.260019 0 0.965604
v -0.0771326 0.0208166 -0.122479
vn 0.706228 0 -0.707984
v -0.079132 0.019093 -0.12148
vn 0 1 0
v -0.100432 0.028763 -0.155409
vn 0.706228 0 -0.707984
v -0.100432 0.028763 -0.155409
vn -0.706228 0 0.707984
v -0.079132 0.019093 -0.12148
vn 0 -1 0
v -0.0771326 0.0208166 -0.122479
vn 0 1 0
v -0.0771326 0.0208166 -0.122479
vn -0.706228 0 0.707984
v -0.100432 0.028763 -0.155409
vn 0 1 0
v -0.263479 0.0609836 -0.360935
vn -0.966247 0 -0.25762
v 0.24443 -0.10071 0.240731
vn 0.390585 0.622205 -0.678458
v 0.24443 -0.10071 0.240731
vn 0 1 0
v 0.244998 -0.10112 0.240231
vn 0.307724 -0.787138 -0.534527
v 0.233394 -0.104088 0.269826
vn 0 1 0
v 0.227942 -0.0877675 0.297584
vn 0.345746 -0.871965 -0.346606
v 0.224601 -0.091717 0.298994
vn 0 1 0
v 0.228654 -0.0796476 0.321141
vn 0.599677 -0.720991 -0.347217
v 0.229417 -0.0788163 0.320802
vn 0 -1 0
v 0.234815 -0.0739595 0.296053
vn -0.000860572 -0.720991 -0.692944
v 0.229657 -0.0782741 0.320763
vn 0.178515 -0.720991 -0.669556
v 0.232832 -0.0643388 0.299778
vn 0 1 0
v 0.234759 -0.0687175 0.297358
vn 0 1 0
v 0.233981 -0.0689753 0.297846
vn 0 1 0
v 0.247637 -0.070415 0.267875
vn -0.000766516 -0.787138 -0.616777
v 0.256088 -0.0666097 0.240712
vn 0 1 0
v 0.25171 -0.0842272 0.239559
vn 0.201678 0.622205 -0.75643
v 0.248144 -0.0581878 0.270467
vn 0 1 0
v 0.233981 -0.0689753 0.297846
vn -0.127297 -0.871965 -0.472728
v -0.283934 0.0864113 -0.340326
vn 0.00124234 0 1
v -0.277921 0.0621531 -0.350434
vn 0.707984 0 0.706228
v -0.109156 0.061919 -0.141235
vn 0 1 0
v -0.109156 0.061919 -0.141235
vn 0 -1 0
v -0.109156 0.061919 -0.141235
vn 0.965604 0 -0.260019
v -0.123979 0.0491405 -0.13383
vn 0 -1 0
v -0.134759 0.0355333 -0.129487
vn 0.00124234 0 1
v -0.273155 0.100018 -0.344669
vn 0.498924 0 -0.866646
v -0.276032 0.0935027 -0.344206
vn 0 1 0
v -0.123323 0.00590846 -0.144727
vn 0.866646 0 0.498924
v -0.114304 0.0101056 -0.150096
vn 0 -1 0
v -0.272498 0.0567864 -0.355566
vn 0 1 0
v -0.114304 0.0101056 -0.150096
vn 0.966247 0 0.25762
v -0.0792675 0.0539273 -0.164311
vn -0.501076 0 -0.865404
v -0.228443 0.104805 -0.375149
vn -0.501076 0 -0.865404
v -0.237414 0.106304 -0.36844
vn 0 1 0
v -0.232312 0.111867 -0.370708
vn 0 1 0
v -0.0915184 0.0511806 -0.104973
vn 0 -1 0
v -0.114817 0.059127 -0.137903
vn -0.865404 0 0.501076
v -0.123979 0.0491405 -0.13383
vn -0.498924 0 0.866646
v -0.244341 0.120542 -0.360103
vn -0.966247 0 -0.25762
v -0.258331 0.112797 -0.352074
vn 0 1 0
v 0.224207 -0.0752829 0.231945
vn 0.201678 0.622205 -0.75643
v -0.079132 0.019093 -0.12148
vn 0.865404 0 -0.501076
v -0.0571279 0.0115883 -0.0903805
vn 0 -1 0
v -0.0571279 0.0115883 -0.0903805
vn 0 1 0
v -0.0570437 0.0113706 -0.0904926
vn 0.857937 0.131079 -0.496752
v -0.0570437 0.0113706 -0.0904926
vn 0 -1 0
v -0.0570437 0.0113706 -0.0904926
vn 0 1 0
v -0.079132 0.019093 -0.12148
vn -0.865404 0 0.501076
v -0.104669 0.0259358 -0.153093
vn 0 1 0
v -0.0602729 0.0286507 -0.132517
vn 0 -1 0
v -0.0617257 0.0216935 -0.133168
vn 0.25762 0 -0.966247
v -0.108606 0.00931183 -0.154319
vn 0 1 0
v -0.0771232 0.0367313 -0.169977
vn 0 -1 0
v -0.232747 0.0874751 -0.376286
vn 0.00124234 0 1
v -0.0571279 0.0115883 -0.0903805
vn 0.865404 0 -0.501076
v -0.102431 0.0270394 -0.15441
vn 0.865404 0 -0.501076
v -0.102431 0.0270394 -0.15441
vn -0.865404 0 0.501076
v -0.114304 0.0101056 -0.150096
vn -0.966247 0 -0.25762
v -0.263479 0.0609836 -0.360935
vn 0 1 0
v 0.252368 -0.0844319 0.239043
vn 0 1 0
v 0.240125 -0.0937924 0.267549
vn 0.307724 -0.787138 -0.534527
v 0.240636 -0.0941625 0.267097
vn 0 1 0
v 0.233394 -0.104088 0.269826
vn 0.345746 -0.871965 -0.346606
v 0.227942 -0.0877675 0.297584
vn 0 1 0
v 0.224601 -0.091717 0.298994
vn 0.599677 -0.720991 -0.347217
v 0.228654 -0.0796476 0.321141
vn 0 -1 0
v 0.233715 -0.0792259 0.29556
vn 0.178515 -0.720991 -0.669556
v 0.229417 -0.0788163 0.320802
vn 0.345726 -0.720991 -0.600538
v 0.234815 -0.0739595 0.296053
vn 0 1 0
v 0.234034 -0.0739756 0.296602
vn 0 1 0
v 0.256088 -0.0666097 0.240712
vn -0.000766516 -0.787138 -0.616777
v 0.247637 -0.070415 0.267875
vn 0 1 0
v 0.25171 -0.0842272 0.239559
vn 0 1 0
v 0.248144 -0.0581878 0.270467
vn -0.127297 -0.871965 -0.472728
v -0.234412 0.100824 -0.371886
vn 0 1 0
v -0.228443 0.104805 -0.375149
vn 0 1 0
v -0.0772161 0.0456541 -0.167758
vn -0.260019 0 -0.965604
v -0.226391 0.0965321 -0.378597
vn -0.260019 0 -0.965604
v -0.23282 0.0944009 -0.374563
vn 0 1 0
v -0.281789 0.0692143 -0.345993
vn 0 -1 0
v -0.336883 -0.00211284 -0.324225
vn 0 -1 0
v -0.283841 0.0774884 -0.342545
vn 0 -1 0
v -0.328063 0.0849963 -0.411394
vn 0.501076 0 0.865404
v -0.281789 0.0692143 -0.345993
vn -0.501076 0 -0.865404
v -0.283841 0.0774884 -0.342545
vn -0.260019 0 -0.965604
v -0.328063 0.0849963 -0.411394
vn -0.501076 0 -0.865404
v -0.283934 0.0864113 -0.340326
vn 0 1 0
v -0.283934 0.0864113 -0.340326
vn 0 -1 0
v -0.330114 0.0932705 -0.407946
vn 0.260019 0 0.965604
v -0.283934 0.0864113 -0.340326
vn -0.00124234 0 -1
v -0.330114 0.0932705 -0.407946
vn -0.260019 0 -0.965604
v -0.277921 0.0621531 -0.350434
vn 0 -1 0
v -0.324195 0.0779351 -0.415835
vn 0.707984 0 0.706228
v -0.277921 0.0621531 -0.350434
vn -0.707984 0 -0.706228
v -0.324195 0.0779351 -0.415835
vn -0.707984 0 -0.706228
v -0.123979 0.0491405 -0.13383
vn 0 1 0
v -0.102508 0.070686 -0.143823
vn 0 -1 0
v -0.258331 0.112797 -0.352074
vn 0.965604 0 -0.260019
v -0.119874 0.0547683 -0.135377
vn 0 -1 0
v -0.123979 0.0491405 -0.13383
vn 0.498924 0 -0.866646
v -0.132888 0.044497 -0.128648
vn -0.25762 0 0.966247
v -0.273155 0.100018 -0.344669
vn 0 1 0
v -0.272498 0.0567864 -0.355566
vn 0.866646 0 0.498924
v -0.116715 0.00260118 -0.150201
vn 0 -1 0
v -0.272498 0.0567864 -0.355566
vn 0 -1 0
v -0.318772 0.0725684 -0.420967
vn 0.866646 0 0.498924
v -0.272498 0.0567864 -0.355566
vn -0.866646 0 -0.498924
v -0.318772 0.0725684 -0.420967
vn -0.866646 0 -0.498924
v -0.0853067 0.00136545 -0.121389
vn 1 0 -0.00124234
v -0.0965746 0.046822 -0.102448
vn 0 -1 0
v -0.0915184 0.0511806 -0.104973
vn -0.865404 0 0.501076
v -0.114817 0.059127 -0.137903
vn 0 1 0
v -0.114817 0.059127 -0.137903
vn 0 -1 0
v -0.114817 0.059127 -0.137903
vn 0.865404 0 -0.501076
v -0.0965746 0.046822 -0.102448
vn -0.706228 0 0.707984
v -0.237734 0.117234 -0.365576
vn 0 -1 0
v -0.244341 0.120542 -0.360103
vn 0 -1 0
v -0.17335 0.176133 -0.396917
vn 0 -1 0
v -0.290614 0.136324 -0.425504
vn -0.966247 0 -0.25762
v -0.244341 0.120542 -0.360103
vn 0.966247 0 0.25762
v -0.237734 0.117234 -0.365576
vn 0.866646 0 0.498924
v -0.290614 0.136324 -0.425504
vn 0.966247 0 0.25762
v -0.102508 0.070686 -0.143823
vn -1 0 0.00124234
v -0.232312 0.111867 -0.370708
vn 0 -1 0
v -0.284007 0.133016 -0.430977
vn -0.866646 0 -0.498924
v -0.232312 0.111867 -0.370708
vn 0.707984 0 0.706228
v -0.284007 0.133016 -0.430977
vn 0.866646 0 0.498924
v -0.228443 0.104805 -0.375149
vn 0 -1 0
v -0.159478 0.150816 -0.412841
vn 0 -1 0
v -0.278585 0.127649 -0.436108
vn -0.707984 0 -0.706228
v -0.228443 0.104805 -0.375149
vn 0.501076 0 0.865404
v -0.278585 0.127649 -0.436108
vn 0.707984 0 0.706228
v -0.251683 0.121564 -0.354662
vn 0 1 0
v -0.102431 0.0270394 -0.15441
vn 0 1 0
v -0.0853067 0.00136545 -0.121389
vn 0 -1 0
v -0.0850247 0.0296399 -0.166098
vn 0.25762 0 -0.966247
v -0.0617257 0.0216935 -0.133168
vn 0 -1 0
v -0.0850247 0.0296399 -0.166098
vn 0 1 0
v -0.108606 0.00931183 -0.154319
vn 1 0 -0.00124234
v -0.108606 0.00931183 -0.154319
vn 0 -1 0
v -0.108606 0.00931183 -0.154319
vn -1 0 0.00124234
v -0.257781 0.0601898 -0.365158
vn -1 0 0.00124234
v -0.0850247 0.0296399 -0.166098
vn 0 -1 0
v -0.0771232 0.0367313 -0.169977
vn -0.00124234 0 -1
v -0.226299 0.0876092 -0.380816
vn -0.00124234 0 -1
v -0.232747 0.0874751 -0.376286
vn 0 1 0
v -0.226391 0.0965321 -0.378597
vn 0 1 0
v -0.2342 0.0805178 -0.376937
vn -0.25762 0 0.966247
v -0.265891 0.0534791 -0.361039
vn 0 1 0
v 0.252368 -0.0844319 0.239043
vn 0.158893 -0.787138 -0.595959
v 0.240125 -0.0937924 0.267549
vn 0 1 0
v 0.240636 -0.0941625 0.267097
vn 0.244257 -0.871965 -0.424282
v 0.231538 -0.0841576 0.295911
vn 0 1 0
v 0.229075 -0.079285 0.320931
vn 0.489377 -0.720991 -0.490594
v 0.229075 -0.079285 0.320931
vn 0 -1 0
v 0.231538 -0.0841576 0.295911
vn 0.345726 -0.720991 -0.600538
v 0.233715 -0.0792259 0.29556
vn 0 1 0
v 0.232985 -0.0789991 0.296131
vn 0 1 0
v 0.234034 -0.0739756 0.296602
vn -0.000608101 -0.871965 -0.489567
v 0.245117 -0.0824882 0.266744
vn 0.158893 -0.787138 -0.595959
v 0.248271 -0.0704018 0.267429
vn 0 1 0
v -0.282064 0.095375 -0.339486
vn 0 -1 0
v -0.330208 0.102193 -0.405727
vn 0.00124234 0 1
v -0.330208 0.102193 -0.405727
vn -0.00124234 0 -1
v -0.132888 0.044497 -0.128648
vn 0 -1 0
v -0.119874 0.0547683 -0.135377
vn 0 1 0
v -0.119874 0.0547683 -0.135377
vn -0.706228 0 0.707984
v -0.119874 0.0547683 -0.135377
vn 0.706228 0 -0.707984
v -0.269049 0.105646 -0.346216
vn 0.706228 0 -0.707984
v -0.282064 0.095375 -0.339486
vn -0.25762 0 0.966247
v -0.269049 0.105646 -0.346216
vn 0 1 0
v -0.116715 0.00260118 -0.150201
vn 0.966247 0 0.25762
v -0.317439 -0.0213573 -0.342626
vn 0 -1 0
v -0.312164 0.0692612 -0.42644
vn 0.966247 0 0.25762
v -0.312164 0.0692612 -0.42644
vn -0.966247 0 -0.25762
v -0.226391 0.0965321 -0.378597
vn 0 -1 0
v -0.274716 0.120587 -0.44055
vn -0.501076 0 -0.865404
v -0.226391 0.0965321 -0.378597
vn 0.260019 0 0.965604
v -0.274716 0.120587 -0.44055
vn 0.501076 0 0.865404
v -0.263993 0.110005 -0.348742
vn 0.865404 0 -0.501076
v -0.251683 0.121564 -0.354662
vn 0 -1 0
v -0.297956 0.137346 -0.420063
vn -1 0 0.00124234
v -0.297956 0.137346 -0.420063
vn 1 0 -0.00124234
v -0.251683 0.121564 -0.354662
vn -1 0 0.00124234
v -0.263993 0.110005 -0.348742
vn 0 1 0
v -0.251683 0.121564 -0.354662
vn 1 0 -0.00124234
v -0.0646022 0.0151778 -0.132705
vn 0.498924 0 -0.866646
v -0.0850247 0.0296399 -0.166098
vn -0.25762 0 0.966247
v -0.0794266 0.00239925 -0.1253
vn 0 -1 0
v -0.102726 0.0103456 -0.15823
vn 0 1 0
v -0.102726 0.0103456 -0.15823
vn 0.965604 0 -0.260019
v -0.109374 0.00157863 -0.155642
vn 0 -1 0
v -0.102726 0.0103456 -0.15823
vn -0.965604 0 0.260019
v -0.0879012 0.0231241 -0.165635
vn 0 -1 0
v -0.078993 0.0277676 -0.170817
vn 0.25762 0 -0.966247
v -0.226299 0.0876092 -0.380816
vn 0 1 0
v -0.2342 0.0805178 -0.376937
vn 0 1 0
v -0.257781 0.0601898 -0.365158
vn 0 1 0
v -0.265891 0.0534791 -0.361039
vn 0.966247 0 0.25762
v -0.265891 0.0534791 -0.361039
vn 0 -1 0
v -0.265891 0.0534791 -0.361039
vn -0.966247 0 -0.25762
v 0.245711 -0.0826725 0.266279
vn 0 1 0
v 0.230907 -0.0837037 0.296467
vn 0.244257 -0.871965 -0.424282
v 0.230907 -0.0837037 0.296467
vn 0 1 0
v 0.228429 -0.088418 0.297083
vn 0 1 0
v 0.228429 -0.088418 0.297083
vn 0.489377 -0.720991 -0.490594
v 0.248271 -0.0704018 0.267429
vn -0.000608101 -0.871965 -0.489567
v 0.232985 -0.0789991 0.296131
vn 0.126122 -0.871965 -0.473043
v 0.245117 -0.0824882 0.266744
vn 0 1 0
v -0.226299 0.0876092 -0.380816
vn 0 -1 0
v -0.272665 0.112314 -0.443998
vn -0.260019 0 -0.965604
v -0.226299 0.0876092 -0.380816
vn 0.00124234 0 1
v -0.272665 0.112314 -0.443998
vn 0.260019 0 0.965604
v -0.328063 0.0849963 -0.411394
vn 0 1 0
v -0.330114 0.0932705 -0.407946
vn 0 1 0
v -0.383157 0.0136692 -0.389625
vn 0 1 0
v -0.324195 0.0779351 -0.415835
vn 0 1 0
v -0.350754 0.0232049 -0.308301
vn 0 -1 0
v -0.282064 0.095375 -0.339486
vn 0 1 0
v -0.328337 0.111157 -0.404887
vn -0.25762 0 0.966247
v -0.282064 0.095375 -0.339486
vn 0.25762 0 -0.966247
v -0.328337 0.111157 -0.404887
vn 0.25762 0 -0.966247
v -0.330208 0.102193 -0.405727
vn 0 1 0
v -0.318772 0.0725684 -0.420967
vn 0 1 0
v -0.129181 0.052891 -0.129245
vn -0.498924 0 0.866646
v -0.336883 -0.00211284 -0.324225
vn 0.707984 0 0.706228
v -0.317439 -0.0213573 -0.342626
vn 0.866646 0 0.498924
v -0.383157 0.0136692 -0.389625
vn 0.707984 0 0.706228
v -0.312164 0.0692612 -0.42644
vn 0 1 0
v -0.363713 -0.00557531 -0.408026
vn 0 1 0
v -0.259258 0.120232 -0.349623
vn 0 -1 0
v -0.284007 0.133016 -0.430977
vn 0 1 0
v -0.219623 0.191915 -0.462318
vn 0 1 0
v -0.290614 0.136324 -0.425504
vn 0 1 0
v -0.297956 0.137346 -0.420063
vn 0 1 0
v -0.259258 0.120232 -0.349623
vn -0.965604 0 0.260019
v -0.159478 0.150816 -0.412841
vn -0.501076 0 -0.865404
v -0.17335 0.176133 -0.396917
vn -0.707984 0 -0.706228
v -0.205752 0.166598 -0.478242
vn -0.501076 0 -0.865404
v -0.278585 0.127649 -0.436108
vn 0 1 0
v -0.274716 0.120587 -0.44055
vn 0 1 0
v -0.205752 0.166598 -0.478242
vn 0 1 0
v -0.259258 0.120232 -0.349623
vn 0.965604 0 -0.260019
v -0.0879012 0.0231241 -0.165635
vn 0.498924 0 -0.866646
v -0.0646022 0.0151778 -0.132705
vn 0 -1 0
v -0.237077 0.0740021 -0.376474
vn -0.498924 0 0.866646
v -0.0794266 0.00239925 -0.1253
vn 0.965604 0 -0.260019
v -0.0879012 0.0231241 -0.165635
vn 0 1 0
v -0.102726 0.0103456 -0.15823
vn 0 -1 0
v -0.109374 0.00157863 -0.155642
vn 1 0 -0.00124234
v -0.251901 0.0612236 -0.369069
vn -0.965604 0 0.260019
v -0.0879012 0.0231241 -0.165635
vn -0.498924 0 0.866646
v -0.078993 0.0277676 -0.170817
vn 0 -1 0
v -0.228168 0.0786456 -0.381656
vn 0.25762 0 -0.966247
v -0.237077 0.0740021 -0.376474
vn 0 1 0
v -0.258549 0.0524566 -0.36648
vn 0 1 0
v -0.258549 0.0524566 -0.36648
vn 0 -1 0
v -0.304822 0.0682386 -0.431881
vn 1 0 -0.00124234
v -0.304822 0.0682386 -0.431881
vn -1 0 0.00124234
v 0.245711 -0.0826725 0.266279
vn 0.126122 -0.871965 -0.473043
v -0.228168 0.0786456 -0.381656
vn 0 -1 0
v -0.272572 0.103391 -0.446217
vn -0.00124234 0 -1
v -0.272572 0.103391 -0.446217
vn 0.00124234 0 1
v -0.278356 0.103769 -0.340084
vn 0 -1 0
v -0.350754 0.0232049 -0.308301
vn 0.501076 0 0.865404
v -0.397027 0.0389869 -0.373702
vn 0.501076 0 0.865404
v -0.324629 0.119551 -0.405485
vn -0.498924 0 0.866646
v -0.324629 0.119551 -0.405485
vn 0.498924 0 -0.866646
v -0.328337 0.111157 -0.404887
vn 0 1 0
v -0.110083 0.0693541 -0.138785
vn 0 -1 0
v -0.278356 0.103769 -0.340084
vn -0.498924 0 0.866646
v -0.129181 0.052891 -0.129245
vn 0 -1 0
v -0.363713 -0.00557531 -0.408026
vn 0.866646 0 0.498924
v -0.304822 0.0682386 -0.431881
vn 0 1 0
v -0.272665 0.112314 -0.443998
vn 0 1 0
v -0.192793 0.195378 -0.378517
vn 0 -1 0
v -0.259258 0.120232 -0.349623
vn 0 1 0
v -0.305532 0.136014 -0.415024
vn 0 1 0
v -0.110083 0.0693541 -0.138785
vn -0.965604 0 0.260019
v -0.219623 0.191915 -0.462318
vn -0.707984 0 -0.706228
v -0.198399 0.136931 -0.490603
vn -0.260019 0 -0.965604
v -0.305532 0.136014 -0.415024
vn -0.965604 0 0.260019
v -0.305532 0.136014 -0.415024
vn 0.965604 0 -0.260019
v -0.068709 0.00954989 -0.131158
vn 0.706228 0 -0.707984
v -0.0737651 0.00519124 -0.128632
vn 0 -1 0
v -0.0970641 0.0131376 -0.161562
vn 0.865404 0 -0.501076
v -0.0970641 0.0131376 -0.161562
vn 0 1 0
v -0.0970641 0.0131376 -0.161562
vn 0 -1 0
v -0.258549 0.0524566 -0.36648
vn 1 0 -0.00124234
v -0.0970641 0.0131376 -0.161562
vn -0.865404 0 0.501076
v -0.251901 0.0612236 -0.369069
vn 0 1 0
v -0.241183 0.0683742 -0.374926
vn -0.706228 0 0.707984
v -0.0920079 0.0174963 -0.164088
vn 0 -1 0
v -0.0827006 0.0193736 -0.17022
vn 0.498924 0 -0.866646
v -0.228168 0.0786456 -0.381656
vn 0 1 0
v -0.274442 0.0944276 -0.447057
vn 0.25762 0 -0.966247
v -0.228168 0.0786456 -0.381656
vn -0.25762 0 0.966247
v -0.274442 0.0944276 -0.447057
vn -0.25762 0 0.966247
v -0.258549 0.0524566 -0.36648
vn -1 0 0.00124234
v -0.250974 0.0537884 -0.371519
vn 0 -1 0
v -0.231876 0.0702516 -0.381058
vn 0 -1 0
v -0.272572 0.103391 -0.446217
vn 0 1 0
v -0.273066 0.11102 -0.342077
vn 0 -1 0
v -0.278356 0.103769 -0.340084
vn 0 1 0
v -0.278356 0.103769 -0.340084
vn 0.498924 0 -0.866646
v -0.40438 0.0686533 -0.36134
vn 0.260019 0 0.965604
v -0.324629 0.119551 -0.405485
vn 0 1 0
v -0.397027 0.0389869 -0.373702
vn 0 1 0
v -0.123891 0.0601416 -0.131239
vn -0.706228 0 0.707984
v -0.117376 0.0657572 -0.134493
vn 0 -1 0
v -0.293749 -0.0332167 -0.362249
vn 0.966247 0 0.25762
v -0.297247 0.0695705 -0.43692
vn 0 1 0
v -0.266551 0.116635 -0.345332
vn 0 -1 0
v -0.192793 0.195378 -0.378517
vn -0.866646 0 -0.498924
v -0.239066 0.21116 -0.443917
vn 0 1 0
v -0.266551 0.116635 -0.345332
vn -0.865404 0 0.501076
v -0.152126 0.121149 -0.425202
vn -0.260019 0 -0.965604
v -0.198399 0.136931 -0.490603
vn 0 1 0
v -0.278149 0.0860336 -0.446459
vn 0 1 0
v -0.266551 0.116635 -0.345332
vn 0.865404 0 -0.501076
v -0.0920079 0.0174963 -0.164088
vn 0.706228 0 -0.707984
v -0.068709 0.00954989 -0.131158
vn 0 -1 0
v -0.0737651 0.00519124 -0.128632
vn 0.865404 0 -0.501076
v -0.0920079 0.0174963 -0.164088
vn 0 1 0
v -0.101798 0.00291047 -0.16068
vn 0 -1 0
v -0.250974 0.0537884 -0.371519
vn 0.965604 0 -0.260019
v -0.246239 0.0640156 -0.372401
vn -0.865404 0 0.501076
v -0.246239 0.0640156 -0.372401
vn 0 1 0
v -0.0920079 0.0174963 -0.164088
vn -0.706228 0 0.707984
v -0.241183 0.0683742 -0.374926
vn 0 1 0
v -0.231876 0.0702516 -0.381058
vn 0.498924 0 -0.866646
v -0.0827006 0.0193736 -0.17022
vn 0 -1 0
v -0.278149 0.0860336 -0.446459
vn 0.498924 0 -0.866646
v -0.278149 0.0860336 -0.446459
vn -0.498924 0 0.866646
v -0.250974 0.0537884 -0.371519
vn -0.965604 0 0.260019
v -0.243681 0.0573854 -0.375811
vn 0 -1 0
v -0.250974 0.0537884 -0.371519
vn 0 1 0
v -0.231876 0.0702516 -0.381058
vn 0 1 0
v -0.231876 0.0702516 -0.381058
vn -0.498924 0 0.866646
v -0.152126 0.121149 -0.425202
vn 0 -1 0
v -0.274442 0.0944276 -0.447057
vn 0 1 0
v -0.358107 0.0528713 -0.29594
vn 0 -1 0
v -0.273066 0.11102 -0.342077
vn 0 1 0
v -0.266551 0.116635 -0.345332
vn 0 1 0
v -0.273066 0.11102 -0.342077
vn -0.706228 0 0.707984
v -0.319339 0.126802 -0.407478
vn -0.706228 0 0.707984
v -0.273066 0.11102 -0.342077
vn 0.706228 0 -0.707984
v -0.319339 0.126802 -0.407478
vn 0.706228 0 -0.707984
v -0.358107 0.0528713 -0.29594
vn 0.260019 0 0.965604
v -0.40438 0.0686533 -0.36134
vn 0 1 0
v -0.319339 0.126802 -0.407478
vn 0 1 0
v -0.123891 0.0601416 -0.131239
vn 0 -1 0
v -0.117376 0.0657572 -0.134493
vn -0.865404 0 0.501076
v -0.340022 -0.0174346 -0.42765
vn 0.966247 0 0.25762
v -0.293749 -0.0332167 -0.362249
vn 0 -1 0
v -0.297247 0.0695705 -0.43692
vn 0.965604 0 -0.260019
v -0.297247 0.0695705 -0.43692
vn -0.965604 0 0.260019
v -0.289954 0.0731674 -0.441211
vn 0 1 0
v -0.239066 0.21116 -0.443917
vn -0.866646 0 -0.498924
v -0.312824 0.132417 -0.410732
vn 0 1 0
v -0.198064 0.104939 -0.49856
vn -0.00124234 0 -1
v -0.283439 0.078782 -0.444466
vn 0 1 0
v -0.312824 0.132417 -0.410732
vn -0.865404 0 0.501076
v -0.312824 0.132417 -0.410732
vn 0.865404 0 -0.501076
v -0.101798 0.00291047 -0.16068
vn 0.965604 0 -0.260019
v -0.0879909 0.012122 -0.168227
vn 0.706228 0 -0.707984
v -0.0945056 0.00650743 -0.164972
vn 0 -1 0
v -0.243681 0.0573854 -0.375811
vn 0 1 0
v -0.243681 0.0573854 -0.375811
vn 0.865404 0 -0.501076
v -0.243681 0.0573854 -0.375811
vn -0.865404 0 0.501076
v -0.283439 0.078782 -0.444466
vn 0.706228 0 -0.707984
v -0.283439 0.078782 -0.444466
vn -0.706228 0 0.707984
v -0.237166 0.063 -0.379065
vn 0 -1 0
v -0.404714 0.100645 -0.353384
vn 0.00124234 0 1
v -0.340022 -0.0174346 -0.42765
vn 0 1 0
v -0.267426 -0.0368819 -0.381758
vn 1 0 -0.00124234
v -0.289954 0.0731674 -0.441211
vn 0.865404 0 -0.501076
v -0.289954 0.0731674 -0.441211
vn -0.865404 0 0.501076
v -0.216483 0.207237 -0.358893
vn -0.966247 0 -0.25762
v -0.151791 0.0891571 -0.433159
vn -0.00124234 0 -1
v -0.198064 0.104939 -0.49856
vn 0 1 0
v -0.237166 0.063 -0.379065
vn 0.706228 0 -0.707984
v -0.0879909 0.012122 -0.168227
vn 0 -1 0
v -0.0945056 0.00650743 -0.164972
vn 0.865404 0 -0.501076
v -0.237166 0.063 -0.379065
vn 0 1 0
v -0.237166 0.063 -0.379065
vn -0.706228 0 0.707984
v -0.216483 0.207237 -0.358893
vn 0 -1 0
v -0.358441 0.0848634 -0.287983
vn 0.00124234 0 1
v -0.262756 0.223019 -0.424294
vn 0 1 0
v -0.404714 0.100645 -0.353384
vn 0 1 0
v -0.313699 -0.0210999 -0.447159
vn 1 0 -0.00124234
v -0.267426 -0.0368819 -0.381758
vn 0 -1 0
v -0.151791 0.0891571 -0.433159
vn 0 -1 0
v -0.262756 0.223019 -0.424294
vn -0.966247 0 -0.25762
v -0.158497 0.0570185 -0.43617
vn 0.25762 0 -0.966247
v -0.313699 -0.0210999 -0.447159
vn 0 1 0
v -0.358441 0.0848634 -0.287983
vn 0 -1 0
v -0.351735 0.117002 -0.284973
vn -0.25762 0 0.966247
v -0.289079 0.226684 -0.404785
vn 0 1 0
v -0.286538 -0.0163236 -0.465224
vn 0.965604 0 -0.260019
v -0.158497 0.0570185 -0.43617
vn 0 -1 0
v -0.242806 0.210902 -0.339384
vn -1 0 0.00124234
v -0.20477 0.0728005 -0.50157
vn 0.25762 0 -0.966247
v -0.20477 0.0728005 -0.50157
vn 0 1 0
v -0.242806 0.210902 -0.339384
vn 0 -1 0
v -0.398008 0.132784 -0.350373
vn -0.25762 0 0.966247
v -0.351735 0.117002 -0.284973
vn 0 -1 0
v -0.398008 0.132784 -0.350373
vn 0 1 0
v -0.289079 0.226684 -0.404785
vn -1 0 0.00124234
v -0.240265 -0.0321056 -0.399823
vn 0.965604 0 -0.260019
v -0.286538 -0.0163236 -0.465224
vn 0 1 0
v -0.240265 -0.0321056 -0.399823
vn 0 -1 0
v -0.171789 0.0269235 -0.434028
vn 0.498924 0 -0.866646
v -0.338444 0.147097 -0.287114
vn -0.498924 0 0.866646
v -0.269968 0.206125 -0.321319
vn 0 -1 0
v -0.316241 0.221907 -0.38672
vn 0 1 0
v -0.316241 0.221907 -0.38672
vn -0.965604 0 0.260019
v -0.260388 -0.00342846 -0.480614
vn 0.865404 0 -0.501076
v -0.218062 0.0427055 -0.499429
vn 0 1 0
v -0.171789 0.0269235 -0.434028
vn 0 -1 0
v -0.218062 0.0427055 -0.499429
vn 0.498924 0 -0.866646
v -0.384717 0.162879 -0.352515
vn -0.498924 0 0.866646
v -0.338444 0.147097 -0.287114
vn 0 -1 0
v -0.269968 0.206125 -0.321319
vn -0.965604 0 0.260019
v -0.384717 0.162879 -0.352515
vn 0 1 0
v -0.214114 -0.0192105 -0.415214
vn 0.865404 0 -0.501076
v -0.260388 -0.00342846 -0.480614
vn 0 1 0
v -0.214114 -0.0192105 -0.415214
vn 0 -1 0
v -0.190759 0.000923254 -0.42688
vn 0.706228 0 -0.707984
v -0.319473 0.173097 -0.294262
vn -0.706228 0 0.707984
v -0.296118 0.193231 -0.305929
vn 0 -1 0
v -0.342391 0.209013 -0.371329
vn -0.865404 0 0.501076
v -0.342391 0.209013 -0.371329
vn 0 1 0
v -0.237032 0.0167053 -0.492281
vn 0.706228 0 -0.707984
v -0.237032 0.0167053 -0.492281
vn 0 1 0
v -0.190759 0.000923254 -0.42688
vn 0 -1 0
v -0.365747 0.188879 -0.359663
vn -0.706228 0 0.707984
v -0.319473 0.173097 -0.294262
vn 0 -1 0
v -0.296118 0.193231 -0.305929
vn -0.865404 0 0.501076
v -0.365747 0.188879 -0.359663
vn 0 1 0
v 0.174814 -0.0585921 0.253297
vn 0 1 0
v 0.176191 -0.057091 0.252685
vn 0 1 0
v 0.175431 -0.057746 0.253065
vn 0 1 0
v 0.177042 -0.0566722 0.252184
vn 0 1 0
v 0.175431 -0.057746 0.253065
vn 0 -1 0
v 0.176191 -0.057091 0.252685
vn 0 -1 0
v 0.174814 -0.0585921 0.253297
vn 0 -1 0
v 0.177042 -0.0566722 0.252184
vn 0 -1 0
v 0.175431 -0.057746 0.253065
vn -0.706226 0.001902 0.707983
v -0.0201183 0.00861376 -0.0241357
vn -0.706226 0.001902 0.707983
v 0.176191 -0.057091 0.252685
vn -0.865403 0.001902 0.501074
v 0.174814 -0.0585921 0.253297
vn -0.498923 0.001902 0.866644
v -0.0206362 0.0079037 -0.0239407
vn -0.498923 0.001902 0.866644
v 0.174382 -0.0595718 0.253367
vn 0 1 0
v 0.174382 -0.0595718 0.253367
vn 0 -1 0
v 0.177042 -0.0566722 0.252184
vn -0.965602 0.001902 0.260018
v -0.0187646 0.00951716 -0.0248755
vn -0.965602 0.001902 0.260018
v -0.0194793 0.0091646 -0.024455
vn -0.865403 0.001902 0.501074
v -0.0209997 0.00708109 -0.023882
vn -0.257619 0.001902 0.966244
v 0.174382 -0.0595718 0.253367
vn -0.257619 0.001902 0.966244
v 0.177926 -0.0565161 0.251597
vn 0 1 0
v 0.177926 -0.0565161 0.251597
vn 0 -1 0
v -0.0180225 0.00964701 -0.0253693
vn -0.999997 0.001902 0.00124168
v -0.0201183 0.00861376 -0.0241357
vn 0 1 0
v -0.0206362 0.0079037 -0.0239407
vn 0 1 0
v -0.0194793 0.0091646 -0.024455
vn 0 1 0
v -0.0209997 0.00708109 -0.023882
vn 0 1 0
v -0.0187646 0.00951716 -0.0248755
vn 0 1 0
v -0.0211833 0.00620319 -0.0239639
vn 0.00124168 0.001902 0.999997
v 0.174163 -0.0606168 0.253269
vn 0 1 0
v 0.174163 -0.0606168 0.253269
vn 0 -1 0
v 0.177926 -0.0565161 0.251597
vn -0.999997 0.001902 0.00124168
v -0.0180225 0.00964701 -0.0253693
vn 0 1 0
v 0.174163 -0.0606168 0.253269
vn 0.00124168 0.001902 0.999997
v -0.0211833 0.00620319 -0.0239639
vn 0 1 0
v 0.178782 -0.0566357 0.250962
vn 0 1 0
v 0.178782 -0.0566357 0.250962
vn 0 -1 0
v -0.0173034 0.00954731 -0.0259021
vn -0.966244 0.001902 -0.257619
v 0.174175 -0.0616573 0.25301
vn 0.260018 0.001902 0.965602
v -0.0173034 0.00954731 -0.0259021
vn 0 1 0
v 0.174175 -0.0616573 0.25301
vn 0 1 0
v 0.174175 -0.0616573 0.25301
vn 0 -1 0
v 0.178782 -0.0566357 0.250962
vn -0.966244 0.001902 -0.257619
v -0.0211739 0.00532902 -0.0241815
vn 0.260018 0.001902 0.965602
v -0.0211739 0.00532902 -0.0241815
vn 0 1 0
v 0.179553 -0.0570213 0.250323
vn 0 1 0
v 0.179553 -0.0570213 0.250323
vn 0 -1 0
v -0.0166559 0.00922298 -0.0264385
vn -0.866644 0.001902 -0.498923
v 0.174414 -0.062623 0.252607
vn 0.501074 0.001902 0.865403
v -0.0166559 0.00922298 -0.0264385
vn 0 1 0
v 0.174414 -0.062623 0.252607
vn 0 1 0
v 0.174414 -0.062623 0.252607
vn 0 -1 0
v 0.179553 -0.0570213 0.250323
vn -0.866644 0.001902 -0.498923
v -0.0209728 0.00451827 -0.0245194
vn 0.501074 0.001902 0.865403
v -0.0209728 0.00451827 -0.0245194
vn 0 1 0
v 0.180186 -0.0576475 0.249725
vn 0 1 0
v 0.180186 -0.0576475 0.249725
vn 0 -1 0
v -0.016125 0.00869667 -0.0269412
vn -0.707983 0.001902 -0.706226
v 0.174865 -0.0634466 0.25209
vn 0.707983 0.001902 0.706226
v -0.016125 0.00869667 -0.0269412
vn 0 1 0
v 0.174865 -0.0634466 0.25209
vn 0 1 0
v 0.174865 -0.0634466 0.25209
vn 0 -1 0
v 0.180186 -0.0576475 0.249725
vn -0.707983 0.001902 -0.706226
v -0.0205932 0.00382651 -0.0249549
vn 0.707983 0.001902 0.706226
v -0.0205932 0.00382651 -0.0249549
vn 0 1 0
v 0.180637 -0.058471 0.249207
vn 0 1 0
v 0.180637 -0.058471 0.249207
vn 0 -1 0
v -0.0157454 0.0080049 -0.0273767
vn -0.501074 0.001902 -0.865403
v 0.175498 -0.0640728 0.251491
vn 0.866644 0.001902 0.498923
v -0.0157454 0.0080049 -0.0273767
vn 0 1 0
v 0.175498 -0.0640728 0.251491
vn 0 1 0
v 0.175498 -0.0640728 0.251491
vn 0 -1 0
v 0.180637 -0.058471 0.249207
vn -0.501074 0.001902 -0.865403
v -0.0200623 0.00330019 -0.0254576
vn 0.866644 0.001902 0.498923
v -0.0200623 0.00330019 -0.0254576
vn 0 1 0
v 0.180876 -0.0594367 0.248804
vn 0 1 0
v 0.180876 -0.0594367 0.248804
vn 0 -1 0
v -0.0155443 0.00719415 -0.0277146
vn -0.260018 0.001902 -0.965602
v 0.176269 -0.0644584 0.250852
vn 0.966244 0.001902 0.257619
v -0.0155443 0.00719415 -0.0277146
vn 0 1 0
v 0.176269 -0.0644584 0.250852
vn 0 1 0
v 0.176269 -0.0644584 0.250852
vn 0 -1 0
v 0.180876 -0.0594367 0.248804
vn -0.260018 0.001902 -0.965602
v -0.0194148 0.00297586 -0.025994
vn 0.966244 0.001902 0.257619
v -0.0194148 0.00297586 -0.025994
vn 0 1 0
v 0.180887 -0.0604773 0.248546
vn 0 1 0
v 0.180887 -0.0604773 0.248546
vn 0 -1 0
v -0.0155357 0.00631996 -0.0279316
vn -0.00124168 0.001902 -0.999997
v 0.177125 -0.0645779 0.250218
vn 0.999997 0.001902 -0.00124168
v -0.0155357 0.00631996 -0.0279316
vn 0 1 0
v 0.177125 -0.0645779 0.250218
vn 0 1 0
v 0.177125 -0.0645779 0.250218
vn 0 -1 0
v 0.180887 -0.0604773 0.248546
vn -0.00124168 0.001902 -0.999997
v -0.0186957 0.00287616 -0.0265268
vn 0.999997 0.001902 -0.00124168
v -0.0186957 0.00287616 -0.0265268
vn 0 1 0
v 0.180668 -0.0615233 0.248448
vn 0 1 0
v 0.180668 -0.0615233 0.248448
vn 0 -1 0
v 0.180668 -0.0615233 0.248448
vn 0.257619 0.001902 -0.966244
v 0.178008 -0.0644219 0.249631
vn 0.965602 0.001902 -0.260018
v -0.0157186 0.00544209 -0.0280141
vn 0 1 0
v 0.178008 -0.0644219 0.249631
vn 0 1 0
v 0.178008 -0.0644219 0.249631
vn 0 -1 0
v -0.0157186 0.00544209 -0.0280141
vn 0.257619 0.001902 -0.966244
v -0.0179536 0.00300601 -0.0270206
vn 0.965602 0.001902 -0.260018
v -0.0179536 0.00300601 -0.0270206
vn 0 1 0
v 0.180236 -0.0625019 0.248517
vn 0 1 0
v 0.180236 -0.0625019 0.248517
vn 0 -1 0
v 0.180236 -0.0625019 0.248517
vn 0.498923 0.001902 -0.866644
v 0.178859 -0.064003 0.249129
vn 0.865403 0.001902 -0.501074
v -0.016082 0.00461947 -0.0279554
vn 0 1 0
v 0.178859 -0.064003 0.249129
vn 0 1 0
v 0.178859 -0.064003 0.249129
vn 0 -1 0
v -0.016082 0.00461947 -0.0279554
vn 0.498923 0.001902 -0.866644
v -0.0172389 0.00335857 -0.0274411
vn 0.865403 0.001902 -0.501074
v -0.0172389 0.00335857 -0.0274411
vn 0 1 0
v 0.179619 -0.063348 0.24875
vn 0 1 0
v 0.179619 -0.063348 0.24875
vn 0 -1 0
v 0.179619 -0.063348 0.24875
vn 0.706226 0.001902 -0.707983
v -0.0165999 0.00390941 -0.0277604
vn 0 1 0
v -0.0165999 0.00390941 -0.0277604
vn 0.706226 0.001902 -0.707983
v 0.176191 -0.057091 0.252685
vn 0.865403 -0.001902 -0.501074
v -0.0201183 0.00861376 -0.0241357
vn 0.706226 -0.001902 -0.707983
v 0.175431 -0.057746 0.253065
vn 0.706226 -0.001902 -0.707983
v -0.0206362 0.0079037 -0.0239407
vn 0.498923 -0.001902 -0.866644
v 0.174814 -0.0585921 0.253297
vn 0.498923 -0.001902 -0.866644
v -0.0187646 0.00951716 -0.0248755
vn 0.965602 -0.001902 -0.260018
v 0.177042 -0.0566722 0.252184
vn 0.965602 -0.001902 -0.260018
v -0.0194793 0.0091646 -0.024455
vn 0.865403 -0.001902 -0.501074
v -0.0209997 0.00708109 -0.023882
vn 0.257619 -0.001902 -0.966244
v 0.174382 -0.0595718 0.253367
vn 0.257619 -0.001902 -0.966244
v -0.0180225 0.00964701 -0.0253693
vn 0.999997 -0.001902 -0.00124168
v -0.0194793 0.0091646 -0.024455
vn 0 -1 0
v -0.0206362 0.0079037 -0.0239407
vn 0 -1 0
v -0.0201183 0.00861376 -0.0241357
vn 0 -1 0
v -0.0187646 0.00951716 -0.0248755
vn 0 -1 0
v -0.0209997 0.00708109 -0.023882
vn 0 -1 0
v -0.0211833 0.00620319 -0.0239639
vn -0.00124168 -0.001902 -0.999997
v 0.177926 -0.0565161 0.251597
vn 0.999997 -0.001902 -0.00124168
v -0.0180225 0.00964701 -0.0253693
vn 0 -1 0
v 0.174163 -0.0606168 0.253269
vn -0.00124168 -0.001902 -0.999997
v -0.0211833 0.00620319 -0.0239639
vn 0 -1 0
v -0.0173034 0.00954731 -0.0259021
vn 0.966244 -0.001902 0.257619
v 0.174175 -0.0616573 0.25301
vn -0.260018 -0.001902 -0.965602
v -0.0173034 0.00954731 -0.0259021
vn 0 -1 0
v 0.178782 -0.0566357 0.250962
vn 0.966244 -0.001902 0.257619
v -0.0211739 0.00532902 -0.0241815
vn -0.260018 -0.001902 -0.965602
v -0.0211739 0.00532902 -0.0241815
vn 0 -1 0
v -0.0166559 0.00922298 -0.0264385
vn 0.866644 -0.001902 0.498923
v 0.174414 -0.062623 0.252607
vn -0.501074 -0.001902 -0.865403
v -0.0166559 0.00922298 -0.0264385
vn 0 -1 0
v 0.179553 -0.0570213 0.250323
vn 0.866644 -0.001902 0.498923
v -0.0209728 0.00451827 -0.0245194
vn -0.501074 -0.001902 -0.865403
v -0.0209728 0.00451827 -0.0245194
vn 0 -1 0
v -0.016125 0.00869667 -0.0269412
vn 0.707983 -0.001902 0.706226
v 0.174865 -0.0634466 0.25209
vn -0.707983 -0.001902 -0.706226
v -0.016125 0.00869667 -0.0269412
vn 0 -1 0
v 0.180186 -0.0576475 0.249725
vn 0.707983 -0.001902 0.706226
v -0.0205932 0.00382651 -0.0249549
vn -0.707983 -0.001902 -0.706226
v -0.0205932 0.00382651 -0.0249549
vn 0 -1 0
v -0.0157454 0.0080049 -0.0273767
vn 0.501074 -0.001902 0.865403
v 0.175498 -0.0640728 0.251491
vn -0.866644 -0.001902 -0.498923
v -0.0157454 0.0080049 -0.0273767
vn 0 -1 0
v 0.180637 -0.058471 0.249207
vn 0.501074 -0.001902 0.865403
v -0.0200623 0.00330019 -0.0254576
vn -0.866644 -0.001902 -0.498923
v -0.0200623 0.00330019 -0.0254576
vn 0 -1 0
v -0.0155443 0.00719415 -0.0277146
vn 0.260018 -0.001902 0.965602
v 0.176269 -0.0644584 0.250852
vn -0.966244 -0.001902 -0.257619
v -0.0155443 0.00719415 -0.0277146
vn 0 -1 0
v 0.180876 -0.0594367 0.248804
vn 0.260018 -0.001902 0.965602
v -0.0194148 0.00297586 -0.025994
vn -0.966244 -0.001902 -0.257619
v -0.0194148 0.00297586 -0.025994
vn 0 -1 0
v -0.0155357 0.00631996 -0.0279316
vn 0.00124168 -0.001902 0.999997
v 0.177125 -0.0645779 0.250218
vn -0.999997 -0.001902 0.00124168
v -0.0155357 0.00631996 -0.0279316
vn 0 -1 0
v 0.180887 -0.0604773 0.248546
vn 0.00124168 -0.001902 0.999997
v -0.0186957 0.00287616 -0.0265268
vn -0.999997 -0.001902 0.00124168
v -0.0186957 0.00287616 -0.0265268
vn 0 -1 0
v 0.180668 -0.0615233 0.248448
vn -0.257619 -0.001902 0.966244
v 0.178008 -0.0644219 0.249631
vn -0.965602 -0.001902 0.260018
v -0.0157186 0.00544209 -0.0280141
vn 0 -1 0
v -0.0157186 0.00544209 -0.0280141
vn -0.257619 -0.001902 0.966244
v -0.0179536 0.00300601 -0.0270206
vn -0.965602 -0.001902 0.260018
v -0.0179536 0.00300601 -0.0270206
vn 0 -1 0
v 0.180236 -0.0625019 0.248517
vn -0.498923 -0.001902 0.866644
v 0.178859 -0.064003 0.249129
vn -0.865403 -0.001902 0.501074
v -0.016082 0.00461947 -0.0279554
vn 0 -1 0
v -0.016082 0.00461947 -0.0279554
vn -0.498923 -0.001902 0.866644
v -0.0172389 0.00335857 -0.0274411
vn -0.865403 -0.001902 0.501074
v -0.0172389 0.00335857 -0.0274411
vn 0 -1 0
v 0.179619 -0.063348 0.24875
vn -0.706226 -0.001902 0.707983
v -0.0165999 0.00390941 -0.0277604
vn 0 -1 0
v -0.0165999 0.00390941 -0.0277604
vn -0.706226 -0.001902 0.707983
f 1//1 2//2 3//3
f 4//4 5//5 6//6
f 1//1 7//7 2//2
f 5//5 8//8 6//6
f 3//3 2//2 9//9
f 10//10 5//5 4//4
f 11//11 7//7 1//1
f 6//6 8//8 12//12
f 13//13 14//14 15//15
f 16//16 17//17 18//18
f 19//19 15//15 20//20
f 21//21 16//16 22//22
f 3//3 9//9 23//23
f 24//24 10//10 4//4
f 11//11 25//25 7//7
f 8//8 26//26 12//12
f 27//27 14//14 13//13
f 18//18 17//17 28//28
f 13//13 15//15 19//19
f 22//22 16//16 18//18
f 19//19 20//20 29//29
f 30//30 21//21 22//22
f 23//23 9//9 31//31
f 32//32 10//10 24//24
f 33//33 25//25 11//11
f 12//12 26//26 34//34
f 27//27 35//35 14//14
f 17//17 36//36 28//28
f 37//37 38//38 39//39
f 40//40 41//41 42//42
f 43//43 44//44 38//38
f 41//41 45//45 46//46
f 29//29 20//20 47//47
f 48//48 21//21 30//30
f 44//44 43//43 49//49
f 50//50 46//46 45//45
f 31//31 9//9 51//51
f 52//52 10//10 32//32
f 53//53 25//25 33//33
f 34//34 26//26 54//54
f 35//35 27//27 55//55
f 56//56 28//28 36//36
f 37//37 43//43 38//38
f 41//41 46//46 42//42
f 57//57 37//37 39//39
f 40//40 42//42 58//58
f 29//29 47//47 59//59
f 60//60 48//48 30//30
f 49//49 43//43 61//61
f 62//62 46//46 50//50
f 31//31 51//51 63//63
f 64//64 52//52 32//32
f 35//35 65//65 66//66
f 67//67 68//68 36//36
f 53//53 33//33 69//69
f 70//70 34//34 54//54
f 71//71 57//57 39//39
f 40//40 58//58 72//72
f 65//65 35//35 55//55
f 56//56 36//36 68//68
f 59//59 47//47 73//73
f 74//74 48//48 60//60
f 49//49 61//61 59//59
f 60//60 62//62 50//50
f 63//63 51//51 75//75
f 76//76 52//52 64//64
f 66//66 65//65 77//77
f 78//78 68//68 67//67
f 79//79 53//53 69//69
f 70//70 54//54 80//80
f 81//81 57//57 71//71
f 72//72 58//58 82//82
f 83//83 81//81 71//71
f 72//72 82//82 84//84
f 59//59 73//73 85//85
f 86//86 74//74 60//60
f 59//59 61//61 87//87
f 88//88 62//62 60//60
f 63//63 75//75 89//89
f 90//90 76//76 64//64
f 91//91 92//92 83//83
f 84//84 93//93 94//94
f 66//66 77//77 95//95
f 96//96 78//78 67//67
f 79//79 69//69 97//97
f 98//98 70//70 80//80
f 83//83 99//99 81//81
f 82//82 100//100 84//84
f 91//91 101//101 92//92
f 93//93 102//102 94//94
f 103//103 104//104 101//101
f 102//102 105//105 106//106
f 83//83 92//92 99//99
f 100//100 93//93 84//84
f 107//107 89//89 75//75
f 76//76 90//90 108//108
f 59//59 109//109 85//85
f 86//86 110//110 60//60
f 111//111 59//59 87//87
f 88//88 60//60 112//112
f 113//113 114//114 104//104
f 105//105 115//115 116//116
f 95//95 77//77 117//117
f 118//118 78//78 96//96
f 119//119 79//79 97//97
f 98//98 80//80 120//120
f 103//103 101//101 91//91
f 94//94 102//102 106//106
f 113//113 104//104 103//103
f 106//106 105//105 116//116
f 121//121 89//89 107//107
f 108//108 90//90 122//122
f 59//59 111//111 109//109
f 110//110 112//112 60//60
f 109//109 123//123 85//85
f 86//86 124//124 110//110
f 111//111 87//87 125//125
f 126//126 88//88 112//112
f 127//127 114//114 113//113
f 116//116 115//115 128//128
f 95//95 117//117 129//129
f 130//130 118//118 96//96
f 97//97 131//131 119//119
f 120//120 132//132 98//98
f 129//129 117//117 133//133
f 134//134 118//118 130//130
f 89//89 121//121 135//135
f 136//136 122//122 90//90
f 111//111 137//137 109//109
f 110//110 138//138 112//112
f 127//127 139//139 114//114
f 115//115 140//140 128//128
f 111//111 125//125 141//141
f 142//142 126//126 112//112
f 143//143 133//133 144//144
f 145//145 134//134 146//146
f 89//89 135//135 147//147
f 148//148 136//136 90//90
f 149//149 131//131 97//97
f 98//98 132//132 150//150
f 129//129 133//133 143//143
f 146//146 134//134 130//130
f 147//147 151//151 152//152
f 153//153 154//154 148//148
f 137//137 111//111 155//155
f 156//156 112//112 138//138
f 157//157 139//139 127//127
f 128//128 140//140 158//158
f 141//141 125//125 159//159
f 160//160 126//126 142//142
f 143//143 144//144 161//161
f 162//162 145//145 146//146
f 151//151 147//147 135//135
f 136//136 148//148 154//154
f 149//149 163//163 131//131
f 132//132 164//164 150//150
f 147//147 152//152 165//165
f 166//166 153//153 148//148
f 137//137 155//155 167//167
f 168//168 156//156 138//138
f 157//157 169//169 139//139
f 140//140 170//170 158//158
f 161//161 144//144 157//157
f 158//158 145//145 162//162
f 141//141 159//159 171//171
f 172//172 160//160 142//142
f 173//173 163//163 149//149
f 150//150 164//164 174//174
f 165//165 152//152 175//175
f 176//176 153//153 166//166
f 167//167 155//155 177//177
f 178//178 156//156 168//168
f 157//157 179//179 169//169
f 170//170 180//180 158//158
f 173//173 181//181 163//163
f 164//164 182//182 174//174
f 161//161 157//157 183//183
f 184//184 158//158 162//162
f 171//171 159//159 185//185
f 186//186 160//160 172//172
f 165//165 175//175 187//187
f 188//188 176//176 166//166
f 167//167 177//177 189//189
f 190//190 178//178 168//168
f 179//179 191//191 169//169
f 170//170 192//192 180//180
f 179//179 157//157 183//183
f 184//184 158//158 180//180
f 179//179 183//183 193//193
f 194//194 184//184 180//180
f 195//195 196//196 173//173
f 174//174 197//197 198//198
f 197//197 174//174 182//182
f 181//181 173//173 196//196
f 171//171 185//185 199//199
f 200//200 186//186 172//172
f 187//187 175//175 201//201
f 202//202 176//176 188//188
f 189//189 177//177 203//203
f 204//204 178//178 190//190
f 205//205 191//191 179//179
f 180//180 192//192 206//206
f 193//193 207//207 183//183
f 184//184 208//208 194//194
f 209//209 179//179 193//193
f 194//194 180//180 210//210
f 195//195 211//211 196//196
f 197//197 212//212 198//198
f 199//199 185//185 213//213
f 214//214 186//186 200//200
f 187//187 201//201 215//215
f 216//216 202//202 188//188
f 189//189 203//203 217//217
f 218//218 204//204 190//190
f 205//205 219//219 191//191
f 192//192 220//220 206//206
f 179//179 221//221 222//222
f 223//223 224//224 180//180
f 211//211 195//195 225//225
f 226//226 198//198 212//212
f 179//179 209//209 221//221
f 224//224 210//210 180//180
f 225//225 195//195 227//227
f 228//228 198//198 226//226
f 213//213 229//229 199//199
f 200//200 230//230 214//214
f 231//231 187//187 215//215
f 216//216 188//188 232//232
f 217//217 203//203 233//233
f 234//234 204//204 218//218
f 235//235 219//219 205//205
f 206//206 220//220 236//236
f 222//222 221//221 237//237
f 238//238 224//224 223//223
f 239//239 240//240 227//227
f 228//228 241//241 242//242
f 239//239 227//227 195//195
f 198//198 228//228 242//242
f 243//243 229//229 213//213
f 214//214 230//230 244//244
f 231//231 215//215 245//245
f 246//246 216//216 232//232
f 217//217 233//233 247//247
f 248//248 234//234 218//218
f 249//249 250//250 219//219
f 220//220 251//251 252//252
f 235//235 249//249 219//219
f 220//220 252//252 236//236
f 222//222 237//237 253//253
f 254//254 238//238 223//223
f 255//255 256//256 240//240
f 241//241 257//257 258//258
f 255//255 240//240 239//239
f 242//242 241//241 258//258
f 243//243 259//259 229//229
f 230//230 260//260 244//244
f 261//261 231//231 245//245
f 246//246 232//232 262//262
f 247//247 233//233 263//263
f 264//264 234//234 248//248
f 249//249 265//265 250//250
f 251//251 266//266 252//252
f 253//253 267//267 268//268
f 269//269 270//270 254//254
f 253//253 237//237 267//267
f 270//270 238//238 254//254
f 271//271 256//256 255//255
f 258//258 257//257 272//272
f 273//273 259//259 243//243
f 244//244 260//260 274//274
f 275//275 261//261 245//245
f 246//246 262//262 276//276
f 247//247 263//263 277//277
f 278//278 264//264 248//248
f 265//265 279//279 250//250
f 251//251 280//280 266//266
f 268//268 281//281 282//282
f 283//283 284//284 269//269
f 268//268 267//267 281//281
f 284//284 270//270 269//269
f 256//256 285//285 286//286
f 287//287 288//288 257//257
f 256//256 271//271 285//285
f 288//288 272//272 257//257
f 289//289 259//259 273//273
f 274//274 260//260 290//290
f 275//275 291//291 261//261
f 262//262 292//292 276//276
f 277//277 263//263 293//293
f 294//294 264//264 278//278
f 265//265 289//289 279//279
f 280//280 290//290 266//266
f 282//282 281//281 277//277
f 278//278 284//284 283//283
f 286//286 295//295 296//296
f 297//297 298//298 287//287
f 286//286 285//285 295//295
f 298//298 288//288 287//287
f 289//289 273//273 299//299
f 300//300 274//274 290//290
f 296//296 291//291 275//275
f 276//276 292//292 297//297
f 282//282 277//277 293//293
f 294//294 278//278 283//283
f 279//279 289//289 299//299
f 300//300 290//290 280//280
f 296//296 295//295 291//291
f 292//292 298//298 297//297
f 301//301 302//302 303//303
f 302//302 301//301 304//304
f 305//305 306//306 307//307
f 308//308 309//309 310//310
f 306//306 305//305 311//311
f 312//312 313//313 314//314
f 315//315 316//316 317//317
f 309//309 308//308 318//318
f 319//319 320//320 321//321
f 320//320 319//319 322//322
f 313//313 312//312 323//323
f 324//324 325//325 326//326
f 316//316 315//315 327//327
f 328//328 329//329 330//330
f 325//325 324//324 331//331
f 329//329 328//328 332//332
f 333//333 334//334 335//335
f 336//336 337//337 338//338
f 339//339 340//340 341//341
f 342//342 343//343 340//340
f 337//337 336//336 344//344
f 345//345 341//341 346//346
f 347//347 348//348 349//349
f 350//350 351//351 352//352
f 351//351 350//350 353//353
f 354//354 355//355 356//356
f 357//357 358//358 359//359
f 360//360 361//361 362//362
f 334//334 333//333 363//363
f 364//364 365//365 366//366
f 365//365 364//364 367//367
f 342//342 340//340 339//339
f 339//339 341//341 345//345
f 343//343 342//342 368//368
f 369//369 346//346 370//370
f 345//345 346//346 369//369
f 348//348 347//347 371//371
f 372//372 373//373 374//374
f 343//343 375//375 376//376
f 355//355 354//354 377//377
f 358//358 357//357 378//378
f 361//361 360//360 379//379
f 380//380 381//381 382//382
f 383//383 384//384 385//385
f 386//386 370//370 387//387
f 388//388 389//389 390//390
f 391//391 392//392 393//393
f 394//394 395//395 396//396
f 375//375 343//343 368//368
f 369//369 370//370 386//386
f 397//397 398//398 399//399
f 400//400 401//401 402//402
f 373//373 372//372 403//403
f 404//404 405//405 406//406
f 376//376 375//375 407//407
f 408//408 409//409 410//410
f 411//411 412//412 413//413
f 414//414 415//415 416//416
f 417//417 418//418 419//419
f 420//420 421//421 422//422
f 381//381 380//380 423//423
f 384//384 383//383 424//424
f 425//425 387//387 426//426
f 386//386 387//387 425//425
f 389//389 388//388 427//427
f 395//395 394//394 428//428
f 392//392 391//391 429//429
f 430//430 431//431 432//432
f 433//433 434//434 435//435
f 398//398 397//397 436//436
f 401//401 400//400 437//437
f 438//438 439//439 440//440
f 376//376 407//407 441//441
f 442//442 443//443 444//444
f 405//405 404//404 445//445
f 446//446 447//447 448//448
f 409//409 408//408 449//449
f 412//412 411//411 450//450
f 421//421 420//420 451//451
f 415//415 414//414 452//452
f 418//418 417//417 453//453
f 454//454 455//455 456//456
f 457//457 458//458 459//459
f 460//460 461//461 462//462
f 425//425 426//426 463//463
f 464//464 465//465 466//466
f 467//467 468//468 469//469
f 470//470 471//471 468//468
f 472//472 469//469 473//473
f 431//431 430//430 474//474
f 434//434 433//433 475//475
f 476//476 473//473 477//477
f 478//478 479//479 480//480
f 439//439 438//438 481//481
f 441//441 407//407 482//482
f 443//443 442//442 483//483
f 447//447 446//446 484//484
f 485//485 486//486 487//487
f 488//488 489//489 490//490
f 491//491 492//492 493//493
f 455//455 454//454 494//494
f 495//495 496//496 497//497
f 498//498 499//499 500//500
f 458//458 457//457 501//501
f 461//461 460//460 502//502
f 425//425 463//463 503//503
f 465//465 464//464 504//504
f 470//470 468//468 467//467
f 467//467 469//469 472//472
f 471//471 470//470 505//505
f 472//472 473//473 476//476
f 471//471 506//506 507//507
f 508//508 477//477 509//509
f 476//476 477//477 508//508
f 479//479 478//478 510//510
f 511//511 512//512 513//513
f 441//441 482//482 514//514
f 515//515 516//516 517//517
f 507//507 518//518 519//519
f 486//486 485//485 520//520
f 489//489 488//488 521//521
f 492//492 491//491 522//522
f 523//523 524//524 525//525
f 496//496 495//495 526//526
f 499//499 498//498 527//527
f 528//528 529//529 530//530
f 531//531 532//532 533//533
f 503//503 463//463 534//534
f 535//535 536//536 537//537
f 536//536 535//535 538//538
f 539//539 509//509 540//540
f 541//541 542//542 543//543
f 544//544 545//545 546//546
f 547//547 548//548 549//549
f 506//506 471//471 505//505
f 550//550 551//551 552//552
f 507//507 506//506 518//518
f 508//508 509//509 539//539
f 553//553 554//554 555//555
f 556//556 557//557 558//558
f 512//512 511//511 559//559
f 514//514 482//482 560//560
f 516//516 515//515 561//561
f 562//562 563//563 564//564
f 519//519 518//518 565//565
f 566//566 567//567 568//568
f 569//569 570//570 571//571
f 572//572 573//573 574//574
f 575//575 576//576 577//577
f 578//578 579//579 580//580
f 524//524 523//523 581//581
f 582//582 583//583 584//584
f 585//585 586//586 587//587
f 588//588 589//589 590//590
f 529//529 528//528 591//591
f 532//532 531//531 592//592
f 503//503 534//534 593//593
f 594//594 595//595 596//596
f 539//539 540//540 597//597
f 542//542 541//541 598//598
f 548//548 547//547 599//599
f 545//545 544//544 600//600
f 601//601 602//602 603//603
f 551//551 550//550 604//604
f 605//605 606//606 607//607
f 608//608 609//609 610//610
f 554//554 553//553 611//611
f 557//557 556//556 612//612
f 613//613 614//614 615//615
f 514//514 560//560 616//616
f 617//617 618//618 619//619
f 519//519 565//565 620//620
f 621//621 622//622 623//623
f 563//563 562//562 624//624
f 625//625 626//626 627//627
f 567//567 566//566 628//628
f 570//570 569//569 629//629
f 573//573 572//572 630//630
f 576//576 575//575 631//631
f 589//589 588//588 632//632
f 579//579 578//578 633//633
f 634//634 635//635 636//636
f 583//583 582//582 637//637
f 586//586 585//585 638//638
f 639//639 640//640 641//641
f 642//642 643//643 644//644
f 645//645 646//646 647//647
f 593//593 534//534 648//648
f 595//595 594//594 649//649
f 650//650 597//597 651//651
f 539//539 597//597 650//650
f 652//652 653//653 654//654
f 653//653 655//655 656//656
f 657//657 654//654 658//658
f 602//602 601//601 659//659
f 660//660 658//658 661//661
f 606//606 605//605 662//662
f 609//609 608//608 663//663
f 664//664 661//661 665//665
f 666//666 667//667 668//668
f 614//614 613//613 669//669
f 616//616 560//560 670//670
f 618//618 617//617 671//671
f 620//620 565//565 672//672
f 622//622 621//621 673//673
f 626//626 625//625 674//674
f 675//675 676//676 677//677
f 677//677 678//678 679//679
f 678//678 680//680 679//679
f 681//681 682//682 675//675
f 635//635 634//634 683//683
f 684//684 685//685 686//686
f 687//687 688//688 689//689
f 640//640 639//639 690//690
f 691//691 692//692 680//680
f 643//643 642//642 693//693
f 646//646 645//645 694//694
f 593//593 648//648 695//695
f 696//696 697//697 698//698
f 650//650 651//651 699//699
f 700//700 701//701 702//702
f 655//655 653//653 652//652
f 652//652 654//654 657//657
f 655//655 703//703 656//656
f 657//657 658//658 660//660
f 656//656 703//703 704//704
f 660//660 661//661 664//664
f 704//704 705//705 706//706
f 701//701 700//700 707//707
f 708//708 665//665 709//709
f 664//664 665//665 708//708
f 667//667 666//666 710//710
f 711//711 712//712 713//713
f 616//616 670//670 714//714
f 715//715 716//716 717//717
f 620//620 672//672 718//718
f 719//719 720//720 721//721
f 706//706 722//722 723//723
f 676//676 675//675 682//682
f 678//678 677//677 676//676
f 680//680 678//678 691//691
f 682//682 681//681 724//724
f 725//725 726//726 727//727
f 685//685 684//684 728//728
f 688//688 687//687 729//729
f 730//730 731//731 732//732
f 692//692 691//691 733//733
f 734//734 735//735 736//736
f 737//737 738//738 739//739
f 695//695 648//648 740//740
f 697//697 696//696 741//741
f 699//699 651//651 742//742
f 743//743 744//744 745//745
f 744//744 743//743 746//746
f 747//747 748//748 749//749
f 750//750 751//751 752//752
f 703//703 655//655 753//753
f 754//754 755//755 756//756
f 704//704 703//703 705//705
f 757//757 758//758 759//759
f 706//706 705//705 722//722
f 708//708 709//709 760//760
f 761//761 762//762 763//763
f 764//764 765//765 766//766
f 712//712 711//711 767//767
f 714//714 670//670 768//768
f 716//716 715//715 769//769
f 718//718 672//672 770//770
f 720//720 719//719 771//771
f 723//723 722//722 772//772
f 773//773 774//774 775//775
f 776//776 777//777 773//773
f 778//778 776//776 779//779
f 780//780 781//781 782//782
f 783//783 782//782 784//784
f 785//785 784//784 786//786
f 787//787 788//788 789//789
f 790//790 791//791 792//792
f 789//789 793//793 794//794
f 792//792 791//791 795//795
f 794//794 796//796 797//797
f 795//795 791//791 798//798
f 775//775 724//724 681//681
f 799//799 787//787 800//800
f 801//801 790//790 802//802
f 726//726 725//725 803//803
f 733//733 804//804 692//692
f 805//805 806//806 807//807
f 808//808 809//809 810//810
f 731//731 730//730 811//811
f 812//812 786//786 813//813
f 814//814 813//813 815//815
f 797//797 816//816 817//817
f 798//798 818//818 819//819
f 735//735 734//734 820//820
f 738//738 737//737 821//821
f 695//695 740//740 822//822
f 823//823 824//824 825//825
f 699//699 742//742 826//826
f 827//827 828//828 829//829
f 830//830 760//760 831//831
f 748//748 747//747 832//832
f 833//833 834//834 835//835
f 751//751 750//750 836//836
f 834//834 833//833 837//837
f 838//838 839//839 840//840
f 755//755 754//754 841//841
f 842//842 843//843 844//844
f 758//758 757//757 845//845
f 846//846 847//847 848//848
f 708//708 760//760 830//830
f 762//762 761//761 849//849
f 765//765 764//764 850//850
f 851//851 852//852 853//853
f 714//714 768//768 854//854
f 855//855 856//856 857//857
f 718//718 770//770 858//858
f 859//859 860//860 861//861
f 723//723 772//772 862//862
f 863//863 864//864 865//865
f 774//774 773//773 777//777
f 724//724 775//775 774//774
f 777//777 776//776 866//866
f 776//776 778//778 866//866
f 781//781 780//780 867//867
f 782//782 783//783 780//780
f 784//784 785//785 783//783
f 786//786 812//812 785//785
f 787//787 799//799 788//788
f 789//789 788//788 793//793
f 790//790 801//801 791//791
f 794//794 793//793 796//796
f 797//797 796//796 816//816
f 798//798 791//791 818//818
f 868//868 802//802 869//869
f 868//868 801//801 802//802
f 870//870 871//871 872//872
f 804//804 733//733 873//873
f 873//873 874//874 804//804
f 806//806 805//805 875//875
f 809//809 808//808 876//876
f 877//877 878//878 879//879
f 813//813 814//814 812//812
f 880//880 814//814 815//815
f 817//817 816//816 881//881
f 819//819 818//818 882//882
f 883//883 884//884 885//885
f 886//886 887//887 888//888
f 822//822 740//740 889//889
f 824//824 823//823 890//890
f 826//826 742//742 891//891
f 828//828 827//827 892//892
f 893//893 831//831 894//894
f 830//830 831//831 893//893
f 895//895 896//896 897//897
f 896//896 898//898 899//899
f 900//900 897//897 901//901
f 839//839 838//838 902//902
f 903//903 901//901 904//904
f 843//843 842//842 905//905
f 906//906 904//904 907//907
f 847//847 846//846 908//908
f 909//909 910//910 911//911
f 910//910 909//909 912//912
f 913//913 907//907 914//914
f 915//915 916//916 917//917
f 852//852 851//851 918//918
f 854//854 768//768 919//919
f 856//856 855//855 920//920
f 858//858 770//770 921//921
f 860//860 859//859 922//922
f 862//862 772//772 923//923
f 864//864 863//863 924//924
f 925//925 869//869 926//926
f 925//925 926//926 927//927
f 925//925 927//927 928//928
f 929//929 928//928 930//930
f 929//929 930//930 931//931
f 932//932 881//881 933//933
f 934//934 931//931 935//935
f 936//936 933//933 937//937
f 934//934 935//935 938//938
f 939//939 940//940 941//941
f 942//942 943//943 944//944
f 943//943 945//945 946//946
f 942//942 944//944 947//947
f 948//948 949//949 940//940
f 942//942 947//947 950//950
f 951//951 950//950 952//952
f 868//868 869//869 925//925
f 868//868 953//953 801//801
f 946//946 954//954 955//955
f 871//871 870//870 956//956
f 817//817 881//881 932//932
f 874//874 873//873 957//957
f 957//957 958//958 874//874
f 959//959 960//960 961//961
f 962//962 963//963 964//964
f 878//878 877//877 965//965
f 966//966 937//937 967//967
f 934//934 938//938 968//968
f 814//814 880//880 969//969
f 882//882 818//818 970//970
f 951//951 952//952 971//971
f 884//884 883//883 972//972
f 887//887 886//886 973//973
f 822//822 889//889 974//974
f 975//975 976//976 977//977
f 826//826 891//891 978//978
f 979//979 980//980 981//981
f 893//893 894//894 982//982
f 983//983 984//984 985//985
f 898//898 896//896 895//895
f 895//895 897//897 900//900
f 900//900 901//901 903//903
f 903//903 904//904 906//906
f 906//906 907//907 913//913
f 984//984 983//983 986//986
f 987//987 914//914 988//988
f 913//913 914//914 987//987
f 916//916 915//915 989//989
f 854//854 919//919 990//990
f 991//991 992//992 993//993
f 994//994 995//995 996//996
f 858//858 921//921 997//997
f 998//998 999//999 1000//1000
f 862//862 923//923 1001//1001
f 1002//1002 1003//1003 1004//1004
f 925//925 928//928 929//929
f 929//929 931//931 934//934
f 932//932 933//933 936//936
f 936//936 937//937 966//966
f 940//940 939//939 948//948
f 941//941 1005//1005 939//939
f 945//945 943//943 942//942
f 945//945 954//954 946//946
f 949//949 948//948 1006//1006
f 942//942 950//950 951//951
f 1007//1007 1008//1008 1009//1009
f 955//955 1010//1010 1011//1011
f 1012//1012 953//953 868//868
f 1005//1005 941//941 1013//1013
f 955//955 954//954 1010//1010
f 1014//1014 1015//1015 1016//1016
f 958//958 957//957 1017//1017
f 960//960 959//959 1018//1018
f 963//963 962//962 1019//1019
f 1020//1020 1021//1021 1022//1022
f 966//966 967//967 1023//1023
f 934//934 968//968 1024//1024
f 1025//1025 969//969 880//880
f 1023//1023 967//967 1026//1026
f 1024//1024 968//968 1027//1027
f 970//970 818//818 1028//1028
f 951//951 971//971 1029//1029
f 1030//1030 1031//1031 1032//1032
f 1033//1033 1034//1034 1035//1035
f 974//974 889//889 1036//1036
f 976//976 975//975 1037//1037
f 978//978 891//891 1038//1038
f 980//980 979//979 1039//1039
f 982//982 894//894 1040//1040
f 1041//1041 1042//1042 1043//1043
f 1042//1042 1041//1041 1044//1044
f 1003//1003 1002//1002 1045//1045
f 1046//1046 1047//1047 1048//1048
f 1049//1049 988//988 1050//1050
f 987//987 988//988 1049//1049
f 1051//1051 1052//1052 1053//1053
f 1054//1054 1055//1055 1056//1056
f 990//990 919//919 1057//1057
f 992//992 991//991 1058//1058
f 995//995 994//994 1059//1059
f 997//997 921//921 1060//1060
f 999//999 998//998 1061//1061
f 1001//1001 923//923 1062//1062
f 1011//1011 1010//1010 1063//1063
f 1064//1064 1009//1009 1065//1065
f 1063//1063 1010//1010 1066//1066
f 1066//1066 1067//1067 1068//1068
f 1069//1069 1065//1065 1070//1070
f 1068//1068 1067//1067 1071//1071
f 1071//1071 1072//1072 1073//1073
f 970//970 1028//1028 1074//1074
f 1073//1073 1072//1072 1075//1075
f 1076//1076 1077//1077 1078//1078
f 1079//1079 1080//1080 1081//1081
f 1082//1082 954//954 945//945
f 1083//1083 1084//1084 1076//1076
f 1085//1085 1086//1086 1080//1080
f 1078//1078 1087//1087 1088//1088
f 1089//1089 1081//1081 1090//1090
f 1006//1006 1091//1091 949//949
f 1008//1008 1007//1007 1092//1092
f 1009//1009 1064//1064 1007//1007
f 1012//1012 1093//1093 953//953
f 1092//1092 1094//1094 1008//1008
f 1095//1095 1005//1005 1013//1013
f 1096//1096 1097//1097 1098//1098
f 1099//1099 1100//1100 1101//1101
f 1015//1015 1014//1014 1102//1102
f 1017//1017 1103//1103 958//958
f 1104//1104 1105//1105 1106//1106
f 1107//1107 1108//1108 1109//1109
f 1021//1021 1020//1020 1110//1110
f 1103//1103 1017//1017 1111//1111
f 1074//1074 1028//1028 1112//1112
f 1113//1113 1070//1070 1114//1114
f 1075//1075 1072//1072 1115//1115
f 969//969 1025//1025 1116//1116
f 1023//1023 1026//1026 1117//1117
f 1024//1024 1027//1027 1118//1118
f 951//951 1029//1029 1119//1119
f 1031//1031 1030//1030 1120//1120
f 1034//1034 1033//1033 1121//1121
f 974//974 1036//1036 1122//1122
f 1123//1123 1124//1124 1125//1125
f 978//978 1038//1038 1126//1126
f 1127//1127 1128//1128 1129//1129
f 982//982 1040//1040 1130//1130
f 1131//1131 1132//1132 1133//1133
f 1134//1134 1050//1050 1135//1135
f 1047//1047 1046//1046 1136//1136
f 1052//1052 1051//1051 1137//1137
f 1049//1049 1050//1050 1134//1134
f 1138//1138 1139//1139 1140//1140
f 1055//1055 1054//1054 1141//1141
f 1057//1057 919//919 1142//1142
f 1143//1143 1144//1144 1145//1145
f 997//997 1060//1060 1146//1146
f 1147//1147 1148//1148 1149//1149
f 1150//1150 1151//1151 1152//1152
f 1001//1001 1062//1062 1153//1153
f 1065//1065 1069//1069 1064//1064
f 1066//1066 1010//1010 1067//1067
f 1070//1070 1113//1113 1069//1069
f 1071//1071 1067//1067 1072//1072
f 1076//1076 1084//1084 1077//1077
f 1078//1078 1077//1077 1087//1087
f 1080//1080 1079//1079 1085//1085
f 1081//1081 1089//1089 1079//1079
f 1082//1082 1154//1154 954//954
f 1155//1155 1084//1084 1083//1083
f 1086//1086 1085//1085 1156//1156
f 1088//1088 1087//1087 1157//1157
f 1090//1090 1158//1158 1089//1089
f 1091//1091 1006//1006 1159//1159
f 1160//1160 1098//1098 1161//1161
f 1162//1162 1163//1163 1100//1100
f 1164//1164 1093//1093 1012//1012
f 1094//1094 1092//1092 1165//1165
f 1005//1005 1095//1095 1166//1166
f 1167//1167 1097//1097 1096//1096
f 1096//1096 1098//1098 1160//1160
f 1100//1100 1099//1099 1162//1162
f 1101//1101 1168//1168 1099//1099
f 1169//1169 1170//1170 1171//1171
f 1172//1172 1173//1173 1174//1174
f 1119//1119 1029//1029 1175//1175
f 1105//1105 1104//1104 1176//1176
f 1108//1108 1107//1107 1177//1177
f 1178//1178 1179//1179 1180//1180
f 1181//1181 1103//1103 1111//1111
f 1112//1112 1028//1028 1182//1182
f 1114//1114 1183//1183 1113//1113
f 1115//1115 1072//1072 1184//1184
f 1115//1115 1184//1184 1185//1185
f 1186//1186 1116//1116 1025//1025
f 1117//1117 1026//1026 1187//1187
f 1112//1112 1182//1182 1188//1188
f 1024//1024 1118//1118 1189//1189
f 1185//1185 1184//1184 1190//1190
f 1158//1158 1090//1090 1191//1191
f 1192//1192 1193//1193 1194//1194
f 1195//1195 1196//1196 1197//1197
f 1036//1036 1198//1198 1122//1122
f 1124//1124 1123//1123 1199//1199
f 1126//1126 1038//1038 1200//1200
f 1128//1128 1127//1127 1201//1201
f 1130//1130 1040//1040 1202//1202
f 1132//1132 1131//1131 1203//1203
f 1204//1204 1135//1135 1205//1205
f 1134//1134 1135//1135 1204//1204
f 1153//1153 1062//1062 1206//1206
f 1207//1207 1208//1208 1209//1209
f 1139//1139 1138//1138 1210//1210
f 1148//1148 1147//1147 1211//1211
f 1057//1057 1142//1142 1212//1212
f 1144//1144 1143//1143 1213//1213
f 1146//1146 1060//1060 1214//1214
f 1151//1151 1150//1150 1215//1215
f 1216//1216 1161//1161 1217//1217
f 1218//1218 1219//1219 1163//1163
f 1216//1216 1217//1217 1220//1220
f 1221//1221 1222//1222 1219//1219
f 1119//1119 1175//1175 1223//1223
f 1224//1224 1225//1225 1226//1226
f 1227//1227 1228//1228 1225//1225
f 1229//1229 1230//1230 1231//1231
f 1232//1232 1231//1231 1233//1233
f 1234//1234 1154//1154 1082//1082
f 1167//1167 1235//1235 1097//1097
f 1168//1168 1101//1101 1236//1236
f 1155//1155 1237//1237 1084//1084
f 1086//1086 1238//1238 1239//1239
f 1240//1240 1241//1241 1230//1230
f 1238//1238 1086//1086 1156//1156
f 1157//1157 1087//1087 1242//1242
f 1232//1232 1233//1233 1243//1243
f 1159//1159 1244//1244 1091//1091
f 1160//1160 1161//1161 1216//1216
f 1163//1163 1162//1162 1218//1218
f 1164//1164 1245//1245 1093//1093
f 1094//1094 1246//1246 1247//1247
f 1246//1246 1094//1094 1165//1165
f 1248//1248 1166//1166 1095//1095
f 1249//1249 1250//1250 1251//1251
f 1252//1252 1251//1251 1253//1253
f 1254//1254 1255//1255 1256//1256
f 1257//1257 1258//1258 1254//1254
f 1259//1259 1260//1260 1261//1261
f 1262//1262 1263//1263 1264//1264
f 1170//1170 1169//1169 1265//1265
f 1173//1173 1172//1172 1266//1266
f 1103//1103 1181//1181 1267//1267
f 1268//1268 1269//1269 1270//1270
f 1179//1179 1178//1178 1271//1271
f 1183//1183 1114//1114 1272//1272
f 1273//1273 1184//1184 1274//1274
f 1275//1275 1220//1220 1276//1276
f 1277//1277 1278//1278 1222//1222
f 1116//1116 1186//1186 1279//1279
f 1117//1117 1187//1187 1280//1280
f 1188//1188 1182//1182 1281//1281
f 1280//1280 1187//1187 1282//1282
f 1189//1189 1182//1182 1024//1024
f 1190//1190 1184//1184 1283//1283
f 1191//1191 1284//1284 1158//1158
f 1193//1193 1192//1192 1285//1285
f 1196//1196 1195//1195 1286//1286
f 1287//1287 1198//1198 1036//1036
f 1288//1288 1289//1289 1290//1290
f 1126//1126 1200//1200 1291//1291
f 1292//1292 1293//1293 1294//1294
f 1130//1130 1202//1202 1295//1295
f 1296//1296 1297//1297 1298//1298
f 1204//1204 1205//1205 1299//1299
f 1300//1300 1301//1301 1302//1302
f 1153//1153 1206//1206 1303//1303
f 1208//1208 1207//1207 1304//1304
f 1305//1305 1206//1206 1306//1306
f 1307//1307 1308//1308 1309//1309
f 1212//1212 1142//1142 1310//1310
f 1311//1311 1312//1312 1313//1313
f 1214//1214 1060//1060 1314//1314
f 1315//1315 1316//1316 1317//1317
f 1219//1219 1218//1218 1221//1221
f 1216//1216 1220//1220 1275//1275
f 1222//1222 1221//1221 1277//1277
f 1119//1119 1223//1223 1273//1273
f 1225//1225 1224//1224 1227//1227
f 1226//1226 1318//1318 1224//1224
f 1228//1228 1227//1227 1319//1319
f 1240//1240 1230//1230 1229//1229
f 1229//1229 1231//1231 1232//1232
f 1234//1234 1320//1320 1154//1154
f 1167//1167 1321//1321 1235//1235
f 1322//1322 1168//1168 1236//1236
f 1323//1323 1237//1237 1155//1155
f 1318//1318 1226//1226 1324//1324
f 1325//1325 1239//1239 1238//1238
f 1240//1240 1326//1326 1241//1241
f 1319//1319 1327//1327 1228//1228
f 1157//1157 1242//1242 1328//1328
f 1232//1232 1243//1243 1329//1329
f 1244//1244 1159//1159 1330//1330
f 1331//1331 1253//1253 1332//1332
f 1256//1256 1333//1333 1334//1334
f 1335//1335 1245//1245 1164//1164
f 1336//1336 1247//1247 1246//1246
f 1166//1166 1248//1248 1337//1337
f 1250//1250 1249//1249 1338//1338
f 1251//1251 1252//1252 1249//1249
f 1253//1253 1331//1331 1252//1252
f 1254//1254 1258//1258 1255//1255
f 1256//1256 1255//1255 1333//1333
f 1339//1339 1258//1258 1257//1257
f 1260//1260 1259//1259 1340//1340
f 1263//1263 1262//1262 1341//1341
f 1312//1312 1311//1311 1342//1342
f 1343//1343 1267//1267 1181//1181
f 1269//1269 1268//1268 1344//1344
f 1345//1345 1346//1346 1347//1347
f 1273//1273 1223//1223 1348//1348
f 1024//1024 1182//1182 1349//1349
f 1350//1350 1183//1183 1272//1272
f 1273//1273 1283//1283 1184//1184
f 1273//1273 1274//1274 1351//1351
f 1275//1275 1276//1276 1352//1352
f 1278//1278 1277//1277 1353//1353
f 1354//1354 1279//1279 1186//1186
f 1281//1281 1182//1182 1189//1189
f 1279//1279 1354//1354 1343//1343
f 1284//1284 1191//1191 1355//1355
f 1329//1329 1243//1243 1356//1356
f 1357//1357 1358//1358 1359//1359
f 1287//1287 1360//1360 1198//1198
f 1289//1289 1288//1288 1361//1361
f 1200//1200 1362//1362 1291//1291
f 1293//1293 1292//1292 1363//1363
f 1295//1295 1202//1202 1364//1364
f 1297//1297 1296//1296 1365//1365
f 1299//1299 1205//1205 1366//1366
f 1367//1367 1368//1368 1369//1369
f 1301//1301 1300//1300 1370//1370
f 1303//1303 1206//1206 1305//1305
f 1371//1371 1306//1306 1372//1372
f 1305//1305 1306//1306 1371//1371
f 1308//1308 1307//1307 1373//1373
f 1214//1214 1314//1314 1374//1374
f 1212//1212 1310//1310 1375//1375
f 1316//1316 1315//1315 1376//1376
f 1334//1334 1377//1377 1378//1378
f 1379//1379 1332//1332 1380//1380
f 1378//1378 1377//1377 1381//1381
f 1382//1382 1383//1383 1384//1384
f 1385//1385 1326//1326 1240//1240
f 1386//1386 1383//1383 1382//1382
f 1384//1384 1383//1383 1387//1387
f 1388//1388 1320//1320 1234//1234
f 1389//1389 1321//1321 1167//1167
f 1168//1168 1322//1322 1390//1390
f 1391//1391 1237//1237 1323//1323
f 1239//1239 1325//1325 1392//1392
f 1393//1393 1318//1318 1324//1324
f 1385//1385 1394//1394 1326//1326
f 1327//1327 1319//1319 1395//1395
f 1328//1328 1242//1242 1396//1396
f 1387//1387 1383//1383 1397//1397
f 1330//1330 1398//1398 1244//1244
f 1332//1332 1379//1379 1331//1331
f 1334//1334 1333//1333 1377//1377
f 1245//1245 1335//1335 1399//1399
f 1247//1247 1336//1336 1400//1400
f 1388//1388 1401//1401 1320//1320
f 1389//1389 1402//1402 1321//1321
f 1403//1403 1390//1390 1322//1322
f 1404//1404 1405//1405 1406//1406
f 1407//1407 1408//1408 1409//1409
f 1338//1338 1410//1410 1250//1250
f 1407//1407 1409//1409 1411//1411
f 1412//1412 1411//1411 1413//1413
f 1339//1339 1414//1414 1258//1258
f 1358//1358 1357//1357 1415//1415
f 1346//1346 1345//1345 1416//1416
f 1267//1267 1343//1343 1354//1354
f 1273//1273 1348//1348 1417//1417
f 1349//1349 1182//1182 1418//1418
f 1183//1183 1350//1350 1419//1419
f 1349//1349 1418//1418 1420//1420
f 1273//1273 1417//1417 1283//1283
f 1351//1351 1274//1274 1421//1421
f 1398//1398 1330//1330 1422//1422
f 1328//1328 1396//1396 1423//1423
f 1424//1424 1355//1355 1425//1425
f 1352//1352 1276//1276 1426//1426
f 1427//1427 1380//1380 1428//1428
f 1381//1381 1429//1429 1430//1430
f 1431//1431 1278//1278 1353//1353
f 1355//1355 1424//1424 1284//1284
f 1329//1329 1356//1356 1432//1432
f 1375//1375 1360//1360 1287//1287
f 1433//1433 1434//1434 1435//1435
f 1436//1436 1362//1362 1200//1200
f 1437//1437 1438//1438 1439//1439
f 1295//1295 1364//1364 1440//1440
f 1441//1441 1442//1442 1443//1443
f 1299//1299 1366//1366 1444//1444
f 1368//1368 1367//1367 1445//1445
f 1446//1446 1372//1372 1447//1447
f 1371//1371 1372//1372 1446//1446
f 1448//1448 1449//1449 1450//1450
f 1451//1451 1452//1452 1453//1453
f 1374//1374 1314//1314 1454//1454
f 1375//1375 1310//1310 1360//1360
f 1380//1380 1427//1427 1379//1379
f 1381//1381 1377//1377 1429//1429
f 1455//1455 1383//1383 1386//1386
f 1237//1237 1391//1391 1456//1456
f 1401//1401 1388//1388 1457//1457
f 1405//1405 1404//1404 1458//1458
f 1459//1459 1460//1460 1461//1461
f 1460//1460 1459//1459 1462//1462
f 1318//1318 1393//1393 1463//1463
f 1385//1385 1464//1464 1394//1394
f 1395//1395 1465//1465 1327//1327
f 1397//1397 1383//1383 1466//1466
f 1412//1412 1413//1413 1467//1467
f 1400//1400 1458//1458 1404//1404
f 1458//1458 1400//1400 1336//1336
f 1389//1389 1391//1391 1402//1402
f 1390//1390 1403//1403 1468//1468
f 1407//1407 1469//1469 1408//1408
f 1410//1410 1338//1338 1470//1470
f 1407//1407 1411//1411 1412//1412
f 1471//1471 1414//1414 1339//1339
f 1472//1472 1419//1419 1350//1350
f 1278//1278 1431//1431 1473//1473
f 1420//1420 1418//1418 1474//1474
f 1351//1351 1421//1421 1475//1475
f 1476//1476 1398//1398 1422//1422
f 1423//1423 1396//1396 1477//1477
f 1478//1478 1424//1424 1425//1425
f 1352//1352 1426//1426 1479//1479
f 1480//1480 1427//1427 1428//1428
f 1430//1430 1429//1429 1481//1481
f 1430//1430 1481//1481 1482//1482
f 1432//1432 1356//1356 1483//1483
f 1465//1465 1395//1395 1484//1484
f 1397//1397 1466//1466 1485//1485
f 1434//1434 1433//1433 1486//1486
f 1436//1436 1487//1487 1362//1362
f 1438//1438 1437//1437 1488//1488
f 1489//1489 1440//1440 1364//1364
f 1295//1295 1440//1440 1490//1490
f 1442//1442 1441//1441 1491//1491
f 1492//1492 1493//1493 1494//1494
f 1489//1489 1447//1447 1440//1440
f 1446//1446 1447//1447 1489//1489
f 1495//1495 1496//1496 1497//1497
f 1449//1449 1448//1448 1498//1498
f 1452//1452 1451//1451 1499//1499
f 1374//1374 1454//1454 1500//1500
f 1412//1412 1467//1467 1501//1501
f 1502//1502 1503//1503 1504//1504
f 1502//1502 1504//1504 1505//1505
f 1455//1455 1506//1506 1383//1383
f 1464//1464 1385//1385 1507//1507
f 1502//1502 1508//1508 1503//1503
f 1502//1502 1505//1505 1509//1509
f 1389//1389 1456//1456 1391//1391
f 1461//1461 1468//1468 1403//1403
f 1468//1468 1461//1461 1460//1460
f 1510//1510 1463//1463 1393//1393
f 1511//1511 1512//1512 1513//1513
f 1514//1514 1509//1509 1515//1515
f 1407//1407 1516//1516 1469//1469
f 1517//1517 1518//1518 1519//1519
f 1520//1520 1518//1518 1517//1517
f 1521//1521 1410//1410 1470//1470
f 1522//1522 1523//1523 1524//1524
f 1519//1519 1518//1518 1525//1525
f 1525//1525 1526//1526 1527//1527
f 1464//1464 1414//1414 1471//1471
f 1419//1419 1472//1472 1528//1528
f 1420//1420 1474//1474 1529//1529
f 1530//1530 1473//1473 1431//1431
f 1398//1398 1476//1476 1531//1531
f 1475//1475 1421//1421 1532//1532
f 1423//1423 1477//1477 1533//1533
f 1484//1484 1534//1534 1465//1465
f 1424//1424 1478//1478 1535//1535
f 1473//1473 1530//1530 1536//1536
f 1352//1352 1479//1479 1537//1537
f 1427//1427 1480//1480 1538//1538
f 1482//1482 1481//1481 1539//1539
f 1432//1432 1483//1483 1540//1540
f 1485//1485 1466//1466 1541//1541
f 1500//1500 1487//1487 1436//1436
f 1542//1542 1543//1543 1544//1544
f 1493//1493 1492//1492 1545//1545
f 1543//1543 1542//1542 1546//1546
f 1496//1496 1495//1495 1547//1547
f 1500//1500 1454//1454 1487//1487
f 1412//1412 1501//1501 1548//1548
f 1549//1549 1506//1506 1455//1455
f 1550//1550 1513//1513 1551//1551
f 1507//1507 1414//1414 1464//1464
f 1502//1502 1552//1552 1508//1508
f 1502//1502 1509//1509 1514//1514
f 1553//1553 1456//1456 1389//1389
f 1463//1463 1510//1510 1554//1554
f 1553//1553 1555//1555 1456//1456
f 1512//1512 1511//1511 1556//1556
f 1513//1513 1550//1550 1511//1511
f 1514//1514 1515//1515 1557//1557
f 1527//1527 1526//1526 1558//1558
f 1559//1559 1516//1516 1407//1407
f 1507//1507 1560//1560 1414//1414
f 1561//1561 1518//1518 1520//1520
f 1410//1410 1521//1521 1562//1562
f 1523//1523 1522//1522 1563//1563
f 1524//1524 1564//1564 1522//1522
f 1525//1525 1518//1518 1526//1526
f 1565//1565 1528//1528 1472//1472
f 1529//1529 1474//1474 1566//1566
f 1567//1567 1531//1531 1476//1476
f 1475//1475 1532//1532 1568//1568
f 1533//1533 1477//1477 1569//1569
f 1534//1534 1484//1484 1570//1570
f 1571//1571 1535//1535 1478//1478
f 1540//1540 1483//1483 1572//1572
f 1573//1573 1536//1536 1530//1530
f 1537//1537 1479//1479 1574//1574
f 1575//1575 1538//1538 1480//1480
f 1539//1539 1481//1481 1576//1576
f 1541//1541 1466//1466 1577//1577
f 1412//1412 1548//1548 1578//1578
f 1558//1558 1526//1526 1579//1579
f 1580//1580 1506//1506 1549//1549
f 1581//1581 1560//1560 1507//1507
f 1551//1551 1582//1582 1550//1550
f 1583//1583 1584//1584 1552//1552
f 1583//1583 1552//1552 1502//1502
f 1585//1585 1554//1554 1510//1510
f 1586//1586 1555//1555 1553//1553
f 1556//1556 1587//1587 1512//1512
f 1514//1514 1557//1557 1588//1588
f 1559//1559 1589//1589 1516//1516
f 1563//1563 1590//1590 1523//1523
f 1561//1561 1591//1591 1518//1518
f 1592//1592 1562//1562 1521//1521
f 1564//1564 1524//1524 1593//1593
f 1594//1594 1526//1526 1595//1595
f 1528//1528 1565//1565 1596//1596
f 1529//1529 1566//1566 1597//1597
f 1531//1531 1567//1567 1598//1598
f 1568//1568 1532//1532 1599//1599
f 1569//1569 1477//1477 1600//1600
f 1601//1601 1534//1534 1570//1570
f 1535//1535 1571//1571 1602//1602
f 1540//1540 1572//1572 1603//1603
f 1536//1536 1573//1573 1604//1604
f 1539//1539 1576//1576 1605//1605
f 1574//1574 1600//1600 1537//1537
f 1538//1538 1575//1575 1606//1606
f 1537//1537 1600//1600 1607//1607
f 1577//1577 1466//1466 1608//1608
f 1540//1540 1603//1603 1609//1609
f 1609//1609 1576//1576 1610//1610
f 1412//1412 1578//1578 1611//1611
f 1579//1579 1526//1526 1612//1612
f 1506//1506 1580//1580 1613//1613
f 1614//1614 1581//1581 1615//1615
f 1554//1554 1585//1585 1616//1616
f 1581//1581 1614//1614 1560//1560
f 1582//1582 1551//1551 1617//1617
f 1618//1618 1583//1583 1619//1619
f 1583//1583 1618//1618 1584//1584
f 1555//1555 1586//1586 1620//1620
f 1562//1562 1592//1592 1621//1621
f 1587//1587 1556//1556 1622//1622
f 1608//1608 1466//1466 1623//1623
f 1514//1514 1588//1588 1624//1624
f 1559//1559 1580//1580 1589//1589
f 1590//1590 1563//1563 1625//1625
f 1626//1626 1591//1591 1561//1561
f 1593//1593 1627//1627 1564//1564
f 1612//1612 1526//1526 1594//1594
f 1594//1594 1595//1595 1628//1628
f 1598//1598 1596//1596 1565//1565
f 1596//1596 1598//1598 1567//1567
f 1569//1569 1600//1600 1574//1574
f 1604//1604 1602//1602 1571//1571
f 1534//1534 1601//1601 1629//1629
f 1602//1602 1604//1604 1573//1573
f 1609//1609 1605//1605 1576//1576
f 1630//1630 1631//1631 1632//1632
f 1607//1607 1600//1600 1633//1633
f 1609//1609 1610//1610 1634//1634
f 1635//1635 1629//1629 1601//1601
f 1609//1609 1603//1603 1605//1605
f 1611//1611 1578//1578 1636//1636
f 1559//1559 1613//1613 1580//1580
f 1616//1616 1621//1621 1592//1592
f 1621//1621 1616//1616 1585//1585
f 1617//1617 1637//1637 1582//1582
f 1619//1619 1591//1591 1618//1618
f 1514//1514 1624//1624 1638//1638
f 1639//1639 1640//1640 1641//1641
f 1608//1608 1623//1623 1636//1636
f 1625//1625 1642//1642 1590//1590
f 1618//1618 1591//1591 1626//1626
f 1627//1627 1593//1593 1643//1643
f 1638//1638 1595//1595 1644//1644
f 1638//1638 1628//1628 1595//1595
f 1631//1631 1630//1630 1645//1645
f 1607//1607 1633//1633 1646//1646
f 1629//1629 1635//1635 1647//1647
f 1634//1634 1610//1610 1648//1648
f 1636//1636 1623//1623 1611//1611
f 1649//1649 1613//1613 1559//1559
f 1637//1637 1617//1617 1650//1650
f 1651//1651 1652//1652 1619//1619
f 1619//1619 1652//1652 1591//1591
f 1638//1638 1624//1624 1628//1628
f 1640//1640 1639//1639 1653//1653
f 1654//1654 1623//1623 1655//1655
f 1645//1645 1647//1647 1635//1635
f 1642//1642 1625//1625 1656//1656
f 1611//1611 1623//1623 1654//1654
f 1657//1657 1627//1627 1643//1643
f 1638//1638 1644//1644 1658//1658
f 1647//1647 1645//1645 1630//1630
f 1649//1649 1659//1659 1613//1613
f 1660//1660 1637//1637 1650//1650
f 1651//1651 1661//1661 1652//1652
f 1662//1662 1640//1640 1653//1653
f 1654//1654 1655//1655 1663//1663
f 1656//1656 1664//1664 1642//1642
f 1627//1627 1657//1657 1665//1665
f 1658//1658 1644//1644 1666//1666
f 1667//1667 1659//1659 1649//1649
f 1637//1637 1660//1660 1668//1668
f 1667//1667 1669//1669 1659//1659
f 1670//1670 1661//1661 1651//1651
f 1664//1664 1656//1656 1671//1671
f 1640//1640 1662//1662 1672//1672
f 1658//1658 1666//1666 1673//1673
f 1663//1663 1655//1655 1674//1674
f 1675//1675 1665//1665 1657//1657
f 1676//1676 1668//1668 1660//1660
f 1677//1677 1669//1669 1667//1667
f 1670//1670 1678//1678 1661//1661
f 1679//1679 1664//1664 1671//1671
f 1680//1680 1672//1672 1662//1662
f 1673//1673 1666//1666 1681//1681
f 1663//1663 1674//1674 1682//1682
f 1665//1665 1675//1675 1683//1683
f 1668//1668 1676//1676 1684//1684
f 1677//1677 1685//1685 1669//1669
f 1664//1664 1679//1679 1686//1686
f 1687//1687 1678//1678 1670//1670
f 1672//1672 1680//1680 1688//1688
f 1673//1673 1681//1681 1689//1689
f 1682//1682 1674//1674 1690//1690
f 1691//1691 1683//1683 1675//1675
f 1692//1692 1684//1684 1676//1676
f 1693//1693 1685//1685 1677//1677
f 1694//1694 1686//1686 1679//1679
f 1687//1687 1695//1695 1678//1678
f 1696//1696 1688//1688 1680//1680
f 1689//1689 1681//1681 1697//1697
f 1682//1682 1690//1690 1698//1698
f 1683//1683 1691//1691 1696//1696
f 1684//1684 1692//1692 1699//1699
f 1685//1685 1693//1693 1700//1700
f 1686//1686 1694//1694 1701//1701
f 1695//1695 1687//1687 1702//1702
f 1688//1688 1696//1696 1691//1691
f 1701//1701 1699//1699 1692//1692
f 1699//1699 1701//1701 1694//1694
f 1703//1703 1704//1704 1705//1705
f 1706//1706 1705//1705 1704//1704
f 1705//1705 1707//1707 1703//1703
f 1704//1704 1708//1708 1706//1706
f 1709//1709 1703//1703 1707//1707
f 1710//1710 1711//1711 1712//1712
f 1712//1712 1713//1713 1714//1714
f 1715//1715 1706//1706 1708//1708
f 1716//1716 1709//1709 1717//1717
f 1707//1707 1717//1717 1709//1709
f 1713//1713 1712//1712 1711//1711
f 1711//1711 1710//1710 1718//1718
f 1719//1719 1714//1714 1713//1713
f 1720//1720 1721//1721 1708//1708
f 1722//1722 1718//1718 1710//1710
f 1715//1715 1708//1708 1721//1721
f 1717//1717 1723//1723 1716//1716
f 1724//1724 1714//1714 1725//1725
f 1726//1726 1727//1727 1728//1728
f 1727//1727 1729//1729 1730//1730
f 1719//1719 1725//1725 1714//1714
f 1731//1731 1726//1726 1732//1732
f 1721//1721 1720//1720 1733//1733
f 1718//1718 1722//1722 1734//1734
f 1735//1735 1734//1734 1722//1722
f 1736//1736 1737//1737 1738//1738
f 1739//1739 1740//1740 1741//1741
f 1742//1742 1743//1743 1744//1744
f 1745//1745 1746//1746 1737//1737
f 1740//1740 1747//1747 1748//1748
f 1744//1744 1749//1749 1750//1750
f 1751//1751 1738//1738 1752//1752
f 1753//1753 1739//1739 1754//1754
f 1742//1742 1755//1755 1743//1743
f 1756//1756 1716//1716 1723//1723
f 1757//1757 1724//1724 1758//1758
f 1725//1725 1758//1758 1724//1724
f 1728//1728 1727//1727 1730//1730
f 1732//1732 1726//1726 1728//1728
f 1759//1759 1730//1730 1729//1729
f 1760//1760 1731//1731 1761//1761
f 1761//1761 1731//1731 1732//1732
f 1762//1762 1733//1733 1720//1720
f 1735//1735 1763//1763 1734//1734
f 1764//1764 1765//1765 1729//1729
f 1745//1745 1737//1737 1736//1736
f 1741//1741 1740//1740 1748//1748
f 1736//1736 1738//1738 1751//1751
f 1754//1754 1739//1739 1741//1741
f 1749//1749 1744//1744 1743//1743
f 1766//1766 1746//1746 1745//1745
f 1748//1748 1747//1747 1767//1767
f 1768//1768 1750//1750 1749//1749
f 1751//1751 1752//1752 1769//1769
f 1770//1770 1753//1753 1754//1754
f 1771//1771 1743//1743 1755//1755
f 1723//1723 1772//1772 1756//1756
f 1758//1758 1773//1773 1757//1757
f 1774//1774 1760//1760 1775//1775
f 1776//1776 1777//1777 1778//1778
f 1778//1778 1779//1779 1780//1780
f 1781//1781 1782//1782 1776//1776
f 1759//1759 1729//1729 1765//1765
f 1775//1775 1760//1760 1761//1761
f 1780//1780 1783//1783 1784//1784
f 1733//1733 1762//1762 1785//1785
f 1786//1786 1734//1734 1763//1763
f 1746//1746 1766//1766 1787//1787
f 1788//1788 1767//1767 1747//1747
f 1750//1750 1768//1768 1789//1789
f 1790//1790 1765//1765 1764//1764
f 1791//1791 1792//1792 1793//1793
f 1794//1794 1791//1791 1795//1795
f 1796//1796 1797//1797 1798//1798
f 1799//1799 1800//1800 1801//1801
f 1792//1792 1802//1802 1803//1803
f 1804//1804 1805//1805 1796//1796
f 1801//1801 1806//1806 1807//1807
f 1808//1808 1809//1809 1810//1810
f 1811//1811 1812//1812 1813//1813
f 1769//1769 1752//1752 1814//1814
f 1815//1815 1753//1753 1770//1770
f 1755//1755 1816//1816 1771//1771
f 1817//1817 1794//1794 1818//1818
f 1798//1798 1819//1819 1820//1820
f 1821//1821 1822//1822 1799//1799
f 1823//1823 1756//1756 1772//1772
f 1824//1824 1757//1757 1773//1773
f 1825//1825 1774//1774 1826//1826
f 1826//1826 1774//1774 1775//1775
f 1779//1779 1778//1778 1777//1777
f 1777//1777 1776//1776 1782//1782
f 1783//1783 1780//1780 1779//1779
f 1781//1781 1827//1827 1782//1782
f 1784//1784 1828//1828 1829//1829
f 1828//1828 1784//1784 1783//1783
f 1830//1830 1785//1785 1762//1762
f 1763//1763 1831//1831 1786//1786
f 1832//1832 1790//1790 1764//1764
f 1789//1789 1833//1833 1802//1802
f 1833//1833 1789//1789 1768//1768
f 1827//1827 1834//1834 1835//1835
f 1803//1803 1793//1793 1792//1792
f 1793//1793 1795//1795 1791//1791
f 1795//1795 1818//1818 1794//1794
f 1796//1796 1805//1805 1797//1797
f 1800//1800 1806//1806 1801//1801
f 1798//1798 1797//1797 1819//1819
f 1822//1822 1800//1800 1799//1799
f 1836//1836 1803//1803 1802//1802
f 1804//1804 1837//1837 1805//1805
f 1806//1806 1838//1838 1807//1807
f 1769//1769 1814//1814 1839//1839
f 1840//1840 1815//1815 1770//1770
f 1841//1841 1771//1771 1816//1816
f 1818//1818 1842//1842 1817//1817
f 1820//1820 1819//1819 1843//1843
f 1844//1844 1822//1822 1821//1821
f 1823//1823 1772//1772 1845//1845
f 1773//1773 1846//1846 1824//1824
f 1847//1847 1825//1825 1826//1826
f 1829//1829 1848//1848 1849//1849
f 1850//1850 1851//1851 1852//1852
f 1851//1851 1853//1853 1854//1854
f 1855//1855 1850//1850 1856//1856
f 1835//1835 1782//1782 1827//1827
f 1848//1848 1829//1829 1828//1828
f 1857//1857 1855//1855 1858//1858
f 1785//1785 1830//1830 1859//1859
f 1860//1860 1786//1786 1831//1831
f 1861//1861 1790//1790 1832//1832
f 1836//1836 1802//1802 1833//1833
f 1862//1862 1837//1837 1804//1804
f 1807//1807 1838//1838 1863//1863
f 1864//1864 1835//1835 1834//1834
f 1865//1865 1866//1866 1867//1867
f 1868//1868 1869//1869 1870//1870
f 1871//1871 1867//1867 1872//1872
f 1873//1873 1868//1868 1874//1874
f 1875//1875 1872//1872 1876//1876
f 1877//1877 1873//1873 1878//1878
f 1879//1879 1880//1880 1881//1881
f 1879//1879 1882//1882 1880//1880
f 1883//1883 1884//1884 1866//1866
f 1869//1869 1885//1885 1886//1886
f 1881//1881 1887//1887 1888//1888
f 1839//1839 1814//1814 1889//1889
f 1890//1890 1815//1815 1840//1840
f 1891//1891 1817//1817 1842//1842
f 1820//1820 1843//1843 1892//1892
f 1893//1893 1844//1844 1821//1821
f 1816//1816 1894//1894 1841//1841
f 1895//1895 1876//1876 1896//1896
f 1897//1897 1877//1877 1898//1898
f 1882//1882 1899//1899 1900//1900
f 1901//1901 1845//1845 1772//1772
f 1902//1902 1824//1824 1846//1846
f 1903//1903 1847//1847 1826//1826
f 1904//1904 1849//1849 1848//1848
f 1852//1852 1851//1851 1854//1854
f 1856//1856 1850//1850 1852//1852
f 1905//1905 1854//1854 1853//1853
f 1858//1858 1855//1855 1856//1856
f 1906//1906 1907//1907 1853//1853
f 1908//1908 1857//1857 1909//1909
f 1909//1909 1857//1857 1858//1858
f 1910//1910 1859//1859 1830//1830
f 1831//1831 1911//1911 1860//1860
f 1912//1912 1861//1861 1832//1832
f 1834//1834 1913//1913 1864//1864
f 1914//1914 1862//1862 1884//1884
f 1885//1885 1863//1863 1915//1915
f 1837//1837 1862//1862 1916//1916
f 1917//1917 1863//1863 1838//1838
f 1918//1918 1919//1919 1906//1906
f 1883//1883 1866//1866 1865//1865
f 1870//1870 1869//1869 1886//1886
f 1865//1865 1867//1867 1871//1871
f 1874//1874 1868//1868 1870//1870
f 1871//1871 1872//1872 1875//1875
f 1878//1878 1873//1873 1874//1874
f 1875//1875 1876//1876 1895//1895
f 1898//1898 1877//1877 1878//1878
f 1887//1887 1881//1881 1880//1880
f 1900//1900 1880//1880 1882//1882
f 1914//1914 1884//1884 1883//1883
f 1886//1886 1885//1885 1915//1915
f 1920//1920 1888//1888 1887//1887
f 1839//1839 1889//1889 1921//1921
f 1922//1922 1890//1890 1840//1840
f 1842//1842 1923//1923 1891//1891
f 1892//1892 1843//1843 1924//1924
f 1925//1925 1844//1844 1893//1893
f 1926//1926 1841//1841 1894//1894
f 1895//1895 1896//1896 1927//1927
f 1928//1928 1897//1897 1898//1898
f 1929//1929 1900//1900 1899//1899
f 1845//1845 1901//1901 1930//1930
f 1846//1846 1931//1931 1902//1902
f 1932//1932 1847//1847 1903//1903
f 1933//1933 1849//1849 1934//1934
f 1904//1904 1934//1934 1849//1849
f 1935//1935 1908//1908 1936//1936
f 1937//1937 1938//1938 1939//1939
f 1939//1939 1940//1940 1941//1941
f 1942//1942 1943//1943 1937//1937
f 1905//1905 1853//1853 1907//1907
f 1941//1941 1944//1944 1945//1945
f 1919//1919 1907//1907 1906//1906
f 1936//1936 1908//1908 1909//1909
f 1945//1945 1946//1946 1947//1947
f 1859//1859 1910//1910 1948//1948
f 1949//1949 1860//1860 1911//1911
f 1950//1950 1861//1861 1912//1912
f 1951//1951 1864//1864 1913//1913
f 1862//1862 1914//1914 1916//1916
f 1917//1917 1915//1915 1863//1863
f 1888//1888 1920//1920 1952//1952
f 1953//1953 1919//1919 1918//1918
f 1954//1954 1955//1955 1956//1956
f 1957//1957 1954//1954 1958//1958
f 1959//1959 1957//1957 1960//1960
f 1961//1961 1959//1959 1962//1962
f 1963//1963 1964//1964 1965//1965
f 1966//1966 1967//1967 1968//1968
f 1965//1965 1969//1969 1970//1970
f 1971//1971 1972//1972 1966//1966
f 1955//1955 1973//1973 1974//1974
f 1975//1975 1976//1976 1963//1963
f 1968//1968 1977//1977 1978//1978
f 1921//1921 1889//1889 1979//1979
f 1980//1980 1890//1890 1922//1922
f 1981//1981 1891//1891 1923//1923
f 1927//1927 1896//1896 1982//1982
f 1983//1983 1897//1897 1928//1928
f 1899//1899 1984//1984 1929//1929
f 1892//1892 1924//1924 1985//1985
f 1986//1986 1925//1925 1893//1893
f 1894//1894 1987//1987 1926//1926
f 1988//1988 1961//1961 1989//1989
f 1970//1970 1990//1990 1991//1991
f 1992//1992 1993//1993 1971//1971
f 1994//1994 1930//1930 1901//1901
f 1995//1995 1902//1902 1931//1931
f 1996//1996 1932//1932 1903//1903
f 1934//1934 1997//1997 1933//1933
f 1998//1998 1935//1935 1936//1936
f 1940//1940 1939//1939 1938//1938
f 1938//1938 1937//1937 1943//1943
f 1944//1944 1941//1941 1940//1940
f 1942//1942 1999//1999 1943//1943
f 1946//1946 1945//1945 1944//1944
f 1999//1999 2000//2000 2001//2001
f 1947//1947 2002//2002 2003//2003
f 2002//2002 1947//1947 1946//1946
f 2004//2004 1948//1948 1910//1910
f 1911//1911 2005//2005 1949//1949
f 2006//2006 1950//1950 1912//1912
f 1913//1913 2007//2007 1951//1951
f 2008//2008 1953//1953 1918//1918
f 1952//1952 2009//2009 1973//1973
f 2009//2009 1952//1952 1920//1920
f 2000//2000 2010//2010 2011//2011
f 1974//1974 1956//1956 1955//1955
f 1956//1956 1958//1958 1954//1954
f 1958//1958 1960//1960 1957//1957
f 1960//1960 1962//1962 1959//1959
f 1962//1962 1989//1989 1961//1961
f 1963//1963 1976//1976 1964//1964
f 1967//1967 1977//1977 1968//1968
f 1965//1965 1964//1964 1969//1969
f 1972//1972 1967//1967 1966//1966
f 1970//1970 1969//1969 1990//1990
f 1993//1993 1972//1972 1971//1971
f 2012//2012 1974//1974 1973//1973
f 1975//1975 2013//2013 1976//1976
f 1977//1977 2014//2014 1978//1978
f 1921//1921 1979//1979 2015//2015
f 2016//2016 1980//1980 1922//1922
f 1923//1923 2017//2017 1981//1981
f 1927//1927 1982//1982 2018//2018
f 2019//2019 1983//1983 1928//1928
f 2020//2020 1929//1929 1984//1984
f 1985//1985 1924//1924 2021//2021
f 2022//2022 1925//1925 1986//1986
f 2023//2023 1926//1926 1987//1987
f 1989//1989 2024//2024 1988//1988
f 1991//1991 1990//1990 2025//2025
f 2026//2026 1993//1993 1992//1992
f 1930//1930 1994//1994 2027//2027
f 1931//1931 2028//2028 1995//1995
f 2029//2029 1932//1932 1996//1996
f 2030//2030 1933//1933 1997//1997
f 2031//2031 1998//1998 2032//2032
f 2032//2032 1998//1998 1936//1936
f 2033//2033 2034//2034 2035//2035
f 2036//2036 2037//2037 2034//2034
f 2038//2038 2033//2033 2039//2039
f 2001//2001 1943//1943 1999//1999
f 2040//2040 2038//2038 2041//2041
f 2011//2011 2001//2001 2000//2000
f 2042//2042 2003//2003 2002//2002
f 2043//2043 2040//2040 2044//2044
f 1948//1948 2004//2004 2045//2045
f 2046//2046 1949//1949 2005//2005
f 2047//2047 1950//1950 2006//2006
f 2048//2048 1951//1951 2007//2007
f 2049//2049 1953//1953 2008//2008
f 2012//2012 1973//1973 2009//2009
f 2013//2013 1975//1975 2050//2050
f 2051//2051 1978//1978 2014//2014
f 2052//2052 2011//2011 2010//2010
f 2053//2053 2054//2054 2055//2055
f 2056//2056 2057//2057 2058//2058
f 2059//2059 2055//2055 2060//2060
f 2061//2061 2056//2056 2062//2062
f 2063//2063 2060//2060 2064//2064
f 2065//2065 2061//2061 2066//2066
f 2067//2067 2064//2064 2068//2068
f 2069//2069 2065//2065 2070//2070
f 2071//2071 2068//2068 2072//2072
f 2073//2073 2069//2069 2074//2074
f 2075//2075 2076//2076 2077//2077
f 2078//2078 2079//2079 2075//2075
f 2078//2078 2080//2080 2079//2079
f 2081//2081 2082//2082 2054//2054
f 2057//2057 2083//2083 2084//2084
f 2077//2077 2085//2085 2086//2086
f 2015//2015 1979//1979 2087//2087
f 2088//2088 1980//1980 2016//2016
f 2089//2089 1981//1981 2017//2017
f 1927//1927 2018//2018 2090//2090
f 2091//2091 2019//2019 1928//1928
f 1991//1991 2025//2025 2092//2092
f 2093//2093 2026//2026 1992//1992
f 1984//1984 2094//2094 2020//2020
f 2021//2021 1924//1924 2095//2095
f 2096//2096 1925//1925 2022//2022
f 1987//1987 2097//2097 2023//2023
f 2098//2098 1988//1988 2024//2024
f 2099//2099 2072//2072 2100//2100
f 2101//2101 2073//2073 2102//2102
f 2080//2080 2103//2103 2104//2104
f 2105//2105 2027//2027 1994//1994
f 2106//2106 1995//1995 2028//2028
f 2107//2107 2029//2029 1996//1996
f 1997//1997 2108//2108 2030//2030
f 2109//2109 2031//2031 2032//2032
f 2110//2110 2003//2003 2111//2111
f 2035//2035 2034//2034 2037//2037
f 2039//2039 2033//2033 2035//2035
f 2036//2036 2112//2112 2037//2037
f 2041//2041 2038//2038 2039//2039
f 2113//2113 2112//2112 2036//2036
f 2044//2044 2040//2040 2041//2041
f 2114//2114 2115//2115 2113//2113
f 2042//2042 2111//2111 2003//2003
f 2116//2116 2043//2043 2117//2117
f 2117//2117 2043//2043 2044//2044
f 2118//2118 2045//2045 2004//2004
f 2005//2005 2119//2119 2046//2046
f 2120//2120 2047//2047 2006//2006
f 2007//2007 2121//2121 2048//2048
f 2122//2122 2049//2049 2008//2008
f 2010//2010 2123//2123 2052//2052
f 2082//2082 2013//2013 2050//2050
f 2051//2051 2014//2014 2083//2083
f 2124//2124 2125//2125 2114//2114
f 2081//2081 2054//2054 2053//2053
f 2058//2058 2057//2057 2084//2084
f 2053//2053 2055//2055 2059//2059
f 2062//2062 2056//2056 2058//2058
f 2059//2059 2060//2060 2063//2063
f 2066//2066 2061//2061 2062//2062
f 2063//2063 2064//2064 2067//2067
f 2070//2070 2065//2065 2066//2066
f 2067//2067 2068//2068 2071//2071
f 2074//2074 2069//2069 2070//2070
f 2071//2071 2072//2072 2126//2126
f 2127//2127 2073//2073 2074//2074
f 2085//2085 2077//2077 2076//2076
f 2076//2076 2075//2075 2079//2079
f 2104//2104 2079//2079 2080//2080
f 2013//2013 2082//2082 2081//2081
f 2084//2084 2083//2083 2014//2014
f 2128//2128 2086//2086 2085//2085
f 2015//2015 2087//2087 2129//2129
f 2130//2130 2088//2088 2016//2016
f 2017//2017 2131//2131 2089//2089
f 2132//2132 2133//2133 2134//2134
f 2135//2135 2136//2136 2137//2137
f 2090//2090 2018//2018 2138//2138
f 2139//2139 2019//2019 2091//2091
f 2092//2092 2025//2025 2140//2140
f 2141//2141 2026//2026 2093//2093
f 2142//2142 2020//2020 2094//2094
f 2021//2021 2095//2095 2143//2143
f 2144//2144 2096//2096 2022//2022
f 2145//2145 2023//2023 2097//2097
f 2024//2024 2146//2146 2098//2098
f 2126//2126 2072//2072 2099//2099
f 2102//2102 2073//2073 2127//2127
f 2099//2099 2100//2100 2147//2147
f 2148//2148 2101//2101 2102//2102
f 2149//2149 2104//2104 2103//2103
f 2027//2027 2105//2105 2150//2150
f 2028//2028 2151//2151 2106//2106
f 2152//2152 2029//2029 2107//2107
f 2153//2153 2030//2030 2108//2108
f 2154//2154 2031//2031 2109//2109
f 2155//2155 2110//2110 2156//2156
f 2111//2111 2156//2156 2110//2110
f 2157//2157 2158//2158 2159//2159
f 2159//2159 2160//2160 2161//2161
f 2162//2162 2037//2037 2112//2112
f 2161//2161 2163//2163 2164//2164
f 2115//2115 2112//2112 2113//2113
f 2164//2164 2165//2165 2166//2166
f 2125//2125 2115//2115 2114//2114
f 2167//2167 2116//2116 2117//2117
f 2166//2166 2168//2168 2169//2169
f 2045//2045 2118//2118 2170//2170
f 2171//2171 2046//2046 2119//2119
f 2172//2172 2047//2047 2120//2120
f 2173//2173 2048//2048 2121//2121
f 2174//2174 2049//2049 2122//2122
f 2175//2175 2052//2052 2123//2123
f 2176//2176 2125//2125 2124//2124
f 2177//2177 2178//2178 2179//2179
f 2179//2179 2180//2180 2181//2181
f 2182//2182 2181//2181 2183//2183
f 2184//2184 2182//2182 2185//2185
f 2186//2186 2184//2184 2187//2187
f 2188//2188 2186//2186 2189//2189
f 2190//2190 2191//2191 2192//2192
f 2193//2193 2194//2194 2195//2195
f 2076//2076 2196//2196 2085//2085
f 2197//2197 2198//2198 2199//2199
f 2200//2200 2201//2201 2190//2190
f 2202//2202 2194//2194 2193//2193
f 2079//2079 2203//2203 2076//2076
f 2199//2199 2204//2204 2205//2205
f 2206//2206 2207//2207 2200//2200
f 2208//2208 2194//2194 2202//2202
f 2209//2209 2079//2079 2104//2104
f 2210//2210 2205//2205 2211//2211
f 2086//2086 2128//2128 2177//2177
f 2212//2212 2192//2192 2213//2213
f 2214//2214 2195//2195 2215//2215
f 2085//2085 2216//2216 2128//2128
f 2217//2217 2218//2218 2197//2197
f 2129//2129 2087//2087 2219//2219
f 2220//2220 2088//2088 2130//2130
f 2221//2221 2089//2089 2131//2131
f 2090//2090 2138//2138 2222//2222
f 2223//2223 2139//2139 2091//2091
f 2103//2103 2224//2224 2149//2149
f 2092//2092 2140//2140 2225//2225
f 2226//2226 2141//2141 2093//2093
f 2092//2092 2225//2225 2227//2227
f 2228//2228 2226//2226 2093//2093
f 2094//2094 2229//2229 2142//2142
f 2143//2143 2095//2095 2230//2230
f 2231//2231 2096//2096 2144//2144
f 2097//2097 2232//2232 2145//2145
f 2233//2233 2098//2098 2146//2146
f 2147//2147 2100//2100 2234//2234
f 2235//2235 2101//2101 2148//2148
f 2236//2236 2188//2188 2237//2237
f 2238//2238 2236//2236 2239//2239
f 2240//2240 2241//2241 2206//2206
f 2242//2242 2243//2243 2208//2208
f 2244//2244 2104//2104 2149//2149
f 2245//2245 2210//2210 2246//2246
f 2247//2247 2150//2150 2105//2105
f 2248//2248 2106//2106 2151//2151
f 2249//2249 2152//2152 2107//2107
f 2108//2108 2250//2250 2153//2153
f 2251//2251 2154//2154 2109//2109
f 2156//2156 2252//2252 2155//2155
f 2253//2253 2167//2167 2254//2254
f 2160//2160 2159//2159 2158//2158
f 2158//2158 2157//2157 2255//2255
f 2163//2163 2161//2161 2160//2160
f 2256//2256 2255//2255 2157//2157
f 2256//2256 2257//2257 2255//2255
f 2165//2165 2164//2164 2163//2163
f 2257//2257 2258//2258 2259//2259
f 2168//2168 2166//2166 2165//2165
f 2258//2258 2260//2260 2261//2261
f 2254//2254 2167//2167 2117//2117
f 2262//2262 2169//2169 2168//2168
f 2263//2263 2170//2170 2118//2118
f 2119//2119 2264//2264 2171//2171
f 2265//2265 2172//2172 2120//2120
f 2121//2121 2266//2266 2173//2173
f 2267//2267 2174//2174 2122//2122
f 2123//2123 2268//2268 2175//2175
f 2269//2269 2176//2176 2124//2124
f 2260//2260 2270//2270 2271//2271
f 2180//2180 2179//2179 2178//2178
f 2178//2178 2177//2177 2128//2128
f 2272//2272 2181//2181 2180//2180
f 2272//2272 2183//2183 2181//2181
f 2183//2183 2185//2185 2182//2182
f 2185//2185 2187//2187 2184//2184
f 2187//2187 2189//2189 2186//2186
f 2189//2189 2237//2237 2188//2188
f 2191//2191 2213//2213 2192//2192
f 2201//2201 2191//2191 2190//2190
f 2194//2194 2215//2215 2195//2195
f 2196//2196 2076//2076 2203//2203
f 2204//2204 2199//2199 2198//2198
f 2216//2216 2085//2085 2196//2196
f 2198//2198 2197//2197 2218//2218
f 2207//2207 2201//2201 2200//2200
f 2203//2203 2079//2079 2273//2273
f 2274//2274 2205//2205 2204//2204
f 2241//2241 2207//2207 2206//2206
f 2243//2243 2194//2194 2208//2208
f 2079//2079 2209//2209 2273//2273
f 2274//2274 2211//2211 2205//2205
f 2104//2104 2244//2244 2209//2209
f 2211//2211 2246//2246 2210//2210
f 2275//2275 2214//2214 2276//2276
f 2128//2128 2277//2277 2178//2178
f 2278//2278 2279//2279 2217//2217
f 2214//2214 2215//2215 2276//2276
f 2277//2277 2128//2128 2216//2216
f 2218//2218 2217//2217 2279//2279
f 2129//2129 2219//2219 2280//2280
f 2281//2281 2220//2220 2130//2130
f 2221//2221 2131//2131 2282//2282
f 2222//2222 2138//2138 2283//2283
f 2284//2284 2139//2139 2223//2223
f 2285//2285 2149//2149 2224//2224
f 2224//2224 2286//2286 2285//2285
f 2227//2227 2225//2225 2287//2287
f 2288//2288 2226//2226 2228//2228
f 2289//2289 2142//2142 2229//2229
f 2143//2143 2230//2230 2290//2290
f 2291//2291 2231//2231 2144//2144
f 2292//2292 2145//2145 2232//2232
f 2233//2233 2146//2146 2293//2293
f 2147//2147 2234//2234 2294//2294
f 2295//2295 2235//2235 2148//2148
f 2237//2237 2239//2239 2236//2236
f 2238//2238 2239//2239 2296//2296
f 2297//2297 2241//2241 2240//2240
f 2298//2298 2243//2243 2242//2242
f 2149//2149 2299//2299 2244//2244
f 2246//2246 2300//2300 2245//2245
f 2150//2150 2247//2247 2301//2301
f 2151//2151 2302//2302 2248//2248
f 2303//2303 2152//2152 2249//2249
f 2304//2304 2153//2153 2250//2250
f 2305//2305 2154//2154 2251//2251
f 2306//2306 2155//2155 2252//2252
f 2307//2307 2253//2253 2308//2308
f 2308//2308 2253//2253 2254//2254
f 2309//2309 2310//2310 2311//2311
f 2312//2312 2313//2313 2310//2310
f 2314//2314 2309//2309 2315//2315
f 2259//2259 2255//2255 2257//2257
f 2316//2316 2314//2314 2317//2317
f 2261//2261 2259//2259 2258//2258
f 2318//2318 2316//2316 2319//2319
f 2271//2271 2261//2261 2260//2260
f 2320//2320 2169//2169 2321//2321
f 2262//2262 2321//2321 2169//2169
f 2322//2322 2318//2318 2323//2323
f 2263//2263 2324//2324 2170//2170
f 2325//2325 2171//2171 2264//2264
f 2326//2326 2172//2172 2265//2265
f 2327//2327 2173//2173 2266//2266
f 2328//2328 2174//2174 2267//2267
f 2329//2329 2175//2175 2268//2268
f 2330//2330 2176//2176 2269//2269
f 2331//2331 2271//2271 2270//2270
f 2332//2332 2275//2275 2333//2333
f 2178//2178 2334//2334 2180//2180
f 2335//2335 2336//2336 2278//2278
f 2337//2337 2332//2332 2333//2333
f 2180//2180 2338//2338 2272//2272
f 2339//2339 2340//2340 2335//2335
f 2341//2341 2337//2337 2333//2333
f 2338//2338 2183//2183 2272//2272
f 2339//2339 2342//2342 2340//2340
f 2343//2343 2341//2341 2344//2344
f 2345//2345 2185//2185 2183//2183
f 2342//2342 2346//2346 2347//2347
f 2348//2348 2343//2343 2344//2344
f 2349//2349 2187//2187 2185//2185
f 2346//2346 2350//2350 2351//2351
f 2352//2352 2297//2297 2353//2353
f 2354//2354 2348//2348 2355//2355
f 2356//2356 2189//2189 2187//2187
f 2350//2350 2357//2357 2358//2358
f 2359//2359 2352//2352 2360//2360
f 2361//2361 2354//2354 2355//2355
f 2362//2362 2237//2237 2189//2189
f 2357//2357 2363//2363 2364//2364
f 2365//2365 2366//2366 2367//2367
f 2368//2368 2369//2369 2370//2370
f 2371//2371 2372//2372 2369//2369
f 2373//2373 2368//2368 2370//2370
f 2366//2366 2374//2374 2375//2375
f 2376//2376 2373//2373 2370//2370
f 2377//2377 2376//2376 2378//2378
f 2333//2333 2275//2275 2276//2276
f 2334//2334 2178//2178 2277//2277
f 2279//2279 2278//2278 2336//2336
f 2215//2215 2379//2379 2276//2276
f 2380//2380 2381//2381 2371//2371
f 2280//2280 2219//2219 2382//2382
f 2383//2383 2220//2220 2281//2281
f 2384//2384 2282//2282 2131//2131
f 2222//2222 2283//2283 2385//2385
f 2386//2386 2284//2284 2223//2223
f 2353//2353 2297//2297 2240//2240
f 2299//2299 2149//2149 2285//2285
f 2387//2387 2245//2245 2300//2300
f 2388//2388 2285//2285 2286//2286
f 2286//2286 2389//2389 2388//2388
f 2227//2227 2287//2287 2390//2390
f 2391//2391 2288//2288 2228//2228
f 2229//2229 2392//2392 2289//2289
f 2290//2290 2230//2230 2393//2393
f 2394//2394 2231//2231 2291//2291
f 2232//2232 2395//2395 2292//2292
f 2396//2396 2293//2293 2146//2146
f 2294//2294 2234//2234 2397//2397
f 2398//2398 2235//2235 2295//2295
f 2399//2399 2359//2359 2400//2400
f 2401//2401 2361//2361 2355//2355
f 2402//2402 2239//2239 2237//2237
f 2363//2363 2403//2403 2404//2404
f 2405//2405 2296//2296 2239//2239
f 2406//2406 2243//2243 2298//2298
f 2407//2407 2377//2377 2378//2378
f 2408//2408 2301//2301 2247//2247
f 2409//2409 2248//2248 2302//2302
f 2410//2410 2303//2303 2249//2249
f 2250//2250 2411//2411 2304//2304
f 2412//2412 2305//2305 2251//2251
f 2252//2252 2413//2413 2306//2306
f 2414//2414 2307//2307 2308//2308
f 2415//2415 2320//2320 2416//2416
f 2311//2311 2310//2310 2313//2313
f 2315//2315 2309//2309 2311//2311
f 2317//2317 2314//2314 2315//2315
f 2319//2319 2316//2316 2317//2317
f 2323//2323 2318//2318 2319//2319
f 2321//2321 2416//2416 2320//2320
f 2417//2417 2322//2322 2418//2418
f 2418//2418 2322//2322 2323//2323
f 2419//2419 2170//2170 2324//2324
f 2420//2420 2326//2326 2265//2265
f 2264//2264 2421//2421 2325//2325
f 2266//2266 2422//2422 2327//2327
f 2423//2423 2328//2328 2267//2267
f 2268//2268 2424//2424 2329//2329
f 2425//2425 2330//2330 2269//2269
f 2270//2270 2426//2426 2331//2331
f 2338//2338 2180//2180 2334//2334
f 2336//2336 2335//2335 2340//2340
f 2344//2344 2341//2341 2333//2333
f 2183//2183 2338//2338 2345//2345
f 2347//2347 2340//2340 2342//2342
f 2185//2185 2345//2345 2349//2349
f 2351//2351 2347//2347 2346//2346
f 2355//2355 2348//2348 2344//2344
f 2187//2187 2349//2349 2356//2356
f 2358//2358 2351//2351 2350//2350
f 2360//2360 2352//2352 2353//2353
f 2189//2189 2356//2356 2362//2362
f 2364//2364 2358//2358 2357//2357
f 2400//2400 2359//2359 2360//2360
f 2237//2237 2362//2362 2402//2402
f 2404//2404 2364//2364 2363//2363
f 2375//2375 2367//2367 2366//2366
f 2367//2367 2427//2427 2365//2365
f 2370//2370 2369//2369 2372//2372
f 2371//2371 2381//2381 2372//2372
f 2428//2428 2375//2375 2374//2374
f 2378//2378 2376//2376 2370//2370
f 2429//2429 2430//2430 2431//2431
f 2432//2432 2433//2433 2380//2380
f 2276//2276 2379//2379 2434//2434
f 2435//2435 2365//2365 2427//2427
f 2433//2433 2381//2381 2380//2380
f 2280//2280 2382//2382 2436//2436
f 2437//2437 2383//2383 2281//2281
f 2282//2282 2384//2384 2438//2438
f 2385//2385 2283//2283 2439//2439
f 2440//2440 2284//2284 2386//2386
f 2285//2285 2441//2441 2299//2299
f 2300//2300 2442//2442 2387//2387
f 2441//2441 2285//2285 2388//2388
f 2443//2443 2387//2387 2442//2442
f 2444//2444 2388//2388 2389//2389
f 2390//2390 2287//2287 2445//2445
f 2446//2446 2288//2288 2391//2391
f 2447//2447 2289//2289 2392//2392
f 2290//2290 2393//2393 2448//2448
f 2449//2449 2394//2394 2291//2291
f 2450//2450 2292//2292 2395//2395
f 2293//2293 2396//2396 2451//2451
f 2294//2294 2397//2397 2452//2452
f 2453//2453 2398//2398 2295//2295
f 2454//2454 2399//2399 2400//2400
f 2455//2455 2401//2401 2355//2355
f 2239//2239 2402//2402 2456//2456
f 2457//2457 2404//2404 2403//2403
f 2296//2296 2405//2405 2458//2458
f 2459//2459 2399//2399 2454//2454
f 2460//2460 2401//2401 2455//2455
f 2239//2239 2461//2461 2405//2405
f 2462//2462 2463//2463 2403//2403
f 2464//2464 2243//2243 2406//2406
f 2465//2465 2407//2407 2378//2378
f 2301//2301 2408//2408 2466//2466
f 2302//2302 2467//2467 2409//2409
f 2468//2468 2303//2303 2410//2410
f 2469//2469 2304//2304 2411//2411
f 2470//2470 2305//2305 2412//2412
f 2471//2471 2306//2306 2413//2413
f 2472//2472 2307//2307 2414//2414
f 2473//2473 2415//2415 2474//2474
f 2416//2416 2474//2474 2415//2415
f 2475//2475 2331//2331 2426//2426
f 2476//2476 2475//2475 2477//2477
f 2478//2478 2417//2417 2479//2479
f 2479//2479 2417//2417 2418//2418
f 2480//2480 2476//2476 2481//2481
f 2324//2324 2482//2482 2419//2419
f 2483//2483 2326//2326 2420//2420
f 2484//2484 2325//2325 2421//2421
f 2485//2485 2327//2327 2422//2422
f 2486//2486 2328//2328 2423//2423
f 2487//2487 2329//2329 2424//2424
f 2488//2488 2330//2330 2425//2425
f 2489//2489 2433//2433 2432//2432
f 2490//2490 2429//2429 2491//2491
f 2492//2492 2433//2433 2489//2489
f 2493//2493 2494//2494 2492//2492
f 2495//2495 2490//2490 2496//2496
f 2497//2497 2494//2494 2493//2493
f 2498//2498 2499//2499 2497//2497
f 2500//2500 2464//2464 2406//2406
f 2501//2501 2388//2388 2444//2444
f 2502//2502 2443//2443 2503//2503
f 2504//2504 2499//2499 2498//2498
f 2505//2505 2506//2506 2507//2507
f 2508//2508 2509//2509 2510//2510
f 2372//2372 2381//2381 2511//2511
f 2507//2507 2512//2512 2513//2513
f 2509//2509 2514//2514 2515//2515
f 2516//2516 2517//2517 2505//2505
f 2518//2518 2508//2508 2519//2519
f 2374//2374 2520//2520 2428//2428
f 2521//2521 2431//2431 2430//2430
f 2431//2431 2491//2491 2429//2429
f 2379//2379 2522//2522 2434//2434
f 2430//2430 2523//2523 2521//2521
f 2435//2435 2427//2427 2524//2524
f 2525//2525 2526//2526 2527//2527
f 2528//2528 2529//2529 2530//2530
f 2436//2436 2382//2382 2531//2531
f 2532//2532 2383//2383 2437//2437
f 2533//2533 2438//2438 2384//2384
f 2385//2385 2439//2439 2534//2534
f 2535//2535 2440//2440 2386//2386
f 2388//2388 2501//2501 2441//2441
f 2442//2442 2503//2503 2443//2443
f 2389//2389 2536//2536 2444//2444
f 2390//2390 2445//2445 2537//2537
f 2538//2538 2446//2446 2391//2391
f 2392//2392 2539//2539 2447//2447
f 2448//2448 2393//2393 2540//2540
f 2541//2541 2394//2394 2449//2449
f 2395//2395 2542//2542 2450//2450
f 2543//2543 2451//2451 2396//2396
f 2452//2452 2397//2397 2544//2544
f 2545//2545 2398//2398 2453//2453
f 2546//2546 2444//2444 2536//2536
f 2547//2547 2464//2464 2500//2500
f 2548//2548 2444//2444 2546//2546
f 2549//2549 2502//2502 2550//2550
f 2551//2551 2495//2495 2552//2552
f 2553//2553 2499//2499 2504//2504
f 2461//2461 2239//2239 2456//2456
f 2457//2457 2403//2403 2463//2463
f 2554//2554 2458//2458 2405//2405
f 2555//2555 2459//2459 2454//2454
f 2556//2556 2460//2460 2455//2455
f 2557//2557 2405//2405 2461//2461
f 2463//2463 2462//2462 2558//2558
f 2559//2559 2465//2465 2378//2378
f 2560//2560 2466//2466 2408//2408
f 2561//2561 2409//2409 2467//2467
f 2562//2562 2468//2468 2410//2410
f 2411//2411 2563//2563 2469//2469
f 2564//2564 2470//2470 2412//2412
f 2413//2413 2565//2565 2471//2471
f 2566//2566 2472//2472 2414//2414
f 2474//2474 2567//2567 2473//2473
f 2568//2568 2478//2478 2569//2569
f 2426//2426 2477//2477 2475//2475
f 2477//2477 2481//2481 2476//2476
f 2569//2569 2478//2478 2479//2479
f 2480//2480 2481//2481 2570//2570
f 2571//2571 2419//2419 2482//2482
f 2572//2572 2326//2326 2483//2483
f 2421//2421 2573//2573 2484//2484
f 2574//2574 2486//2486 2423//2423
f 2485//2485 2422//2422 2575//2575
f 2424//2424 2576//2576 2487//2487
f 2577//2577 2488//2488 2425//2425
f 2491//2491 2496//2496 2490//2490
f 2494//2494 2433//2433 2492//2492
f 2496//2496 2552//2552 2495//2495
f 2499//2499 2494//2494 2497//2497
f 2444//2444 2548//2548 2501//2501
f 2503//2503 2550//2550 2502//2502
f 2506//2506 2512//2512 2507//2507
f 2517//2517 2506//2506 2505//2505
f 2515//2515 2510//2510 2509//2509
f 2510//2510 2519//2519 2508//2508
f 2381//2381 2578//2578 2511//2511
f 2513//2513 2512//2512 2579//2579
f 2580//2580 2515//2515 2514//2514
f 2581//2581 2517//2517 2516//2516
f 2519//2519 2582//2582 2518//2518
f 2583//2583 2428//2428 2520//2520
f 2584//2584 2525//2525 2585//2585
f 2529//2529 2586//2586 2587//2587
f 2434//2434 2522//2522 2588//2588
f 2589//2589 2521//2521 2523//2523
f 2590//2590 2524//2524 2427//2427
f 2527//2527 2526//2526 2591//2591
f 2585//2585 2525//2525 2527//2527
f 2587//2587 2530//2530 2529//2529
f 2530//2530 2592//2592 2528//2528
f 2436//2436 2531//2531 2593//2593
f 2594//2594 2532//2532 2437//2437
f 2438//2438 2533//2533 2595//2595
f 2482//2482 2596//2596 2571//2571
f 2534//2534 2439//2439 2597//2597
f 2598//2598 2440//2440 2535//2535
f 2599//2599 2465//2465 2559//2559
f 2537//2537 2445//2445 2600//2600
f 2601//2601 2446//2446 2538//2538
f 2602//2602 2447//2447 2539//2539
f 2448//2448 2540//2540 2603//2603
f 2604//2604 2541//2541 2449//2449
f 2605//2605 2450//2450 2542//2542
f 2451//2451 2543//2543 2606//2606
f 2452//2452 2544//2544 2607//2607
f 2608//2608 2545//2545 2453//2453
f 2546//2546 2536//2536 2609//2609
f 2610//2610 2464//2464 2547//2547
f 2609//2609 2548//2548 2546//2546
f 2549//2549 2550//2550 2611//2611
f 2552//2552 2612//2612 2551//2551
f 2613//2613 2499//2499 2553//2553
f 2614//2614 2613//2613 2553//2553
f 2458//2458 2554//2554 2615//2615
f 2616//2616 2459//2459 2555//2555
f 2405//2405 2557//2557 2554//2554
f 2617//2617 2558//2558 2462//2462
f 2618//2618 2610//2610 2547//2547
f 2619//2619 2556//2556 2455//2455
f 2620//2620 2613//2613 2614//2614
f 2621//2621 2518//2518 2582//2582
f 2560//2560 2622//2622 2466//2466
f 2561//2561 2467//2467 2623//2623
f 2562//2562 2624//2624 2468//2468
f 2625//2625 2469//2469 2563//2563
f 2626//2626 2470//2470 2564//2564
f 2627//2627 2471//2471 2565//2565
f 2628//2628 2472//2472 2566//2566
f 2629//2629 2473//2473 2567//2567
f 2630//2630 2568//2568 2631//2631
f 2631//2631 2568//2568 2569//2569
f 2632//2632 2488//2488 2577//2577
f 2570//2570 2633//2633 2634//2634
f 2633//2633 2570//2570 2481//2481
f 2635//2635 2575//2575 2422//2422
f 2636//2636 2572//2572 2483//2483
f 2637//2637 2484//2484 2573//2573
f 2638//2638 2486//2486 2574//2574
f 2639//2639 2487//2487 2576//2576
f 2640//2640 2584//2584 2641//2641
f 2586//2586 2642//2642 2643//2643
f 2644//2644 2640//2640 2641//2641
f 2642//2642 2645//2645 2646//2646
f 2647//2647 2599//2599 2559//2559
f 2648//2648 2649//2649 2650//2650
f 2649//2649 2651//2651 2652//2652
f 2653//2653 2654//2654 2655//2655
f 2656//2656 2653//2653 2657//2657
f 2511//2511 2578//2578 2658//2658
f 2526//2526 2659//2659 2591//2591
f 2660//2660 2528//2528 2592//2592
f 2512//2512 2661//2661 2579//2579
f 2662//2662 2663//2663 2514//2514
f 2654//2654 2664//2664 2665//2665
f 2580//2580 2514//2514 2663//2663
f 2666//2666 2517//2517 2581//2581
f 2667//2667 2656//2656 2657//2657
f 2520//2520 2668//2668 2583//2583
f 2641//2641 2584//2584 2585//2585
f 2643//2643 2587//2587 2586//2586
f 2522//2522 2669//2669 2588//2588
f 2670//2670 2671//2671 2523//2523
f 2589//2589 2523//2523 2671//2671
f 2524//2524 2590//2590 2672//2672
f 2673//2673 2674//2674 2675//2675
f 2676//2676 2673//2673 2677//2677
f 2678//2678 2679//2679 2680//2680
f 2680//2680 2681//2681 2682//2682
f 2542//2542 2595//2595 2605//2605
f 2596//2596 2683//2683 2684//2684
f 2685//2685 2595//2595 2533//2533
f 2684//2684 2571//2571 2596//2596
f 2534//2534 2597//2597 2686//2686
f 2687//2687 2598//2598 2535//2535
f 2688//2688 2609//2609 2536//2536
f 2537//2537 2600//2600 2689//2689
f 2690//2690 2601//2601 2538//2538
f 2539//2539 2691//2691 2602//2602
f 2603//2603 2540//2540 2692//2692
f 2693//2693 2541//2541 2604//2604
f 2694//2694 2606//2606 2543//2543
f 2607//2607 2544//2544 2695//2695
f 2696//2696 2545//2545 2608//2608
f 2548//2548 2609//2609 2697//2697
f 2698//2698 2611//2611 2550//2550
f 2699//2699 2551//2551 2612//2612
f 2700//2700 2613//2613 2701//2701
f 2702//2702 2644//2644 2703//2703
f 2645//2645 2704//2704 2705//2705
f 2706//2706 2615//2615 2554//2554
f 2707//2707 2616//2616 2555//2555
f 2708//2708 2554//2554 2557//2557
f 2558//2558 2617//2617 2709//2709
f 2710//2710 2610//2610 2618//2618
f 2711//2711 2616//2616 2707//2707
f 2554//2554 2708//2708 2706//2706
f 2712//2712 2709//2709 2617//2617
f 2455//2455 2610//2610 2619//2619
f 2713//2713 2613//2613 2620//2620
f 2582//2582 2714//2714 2621//2621
f 2683//2683 2466//2466 2622//2622
f 2715//2715 2623//2623 2467//2467
f 2468//2468 2624//2624 2716//2716
f 2625//2625 2563//2563 2717//2717
f 2718//2718 2626//2626 2564//2564
f 2565//2565 2719//2719 2627//2627
f 2720//2720 2628//2628 2566//2566
f 2567//2567 2721//2721 2629//2629
f 2722//2722 2630//2630 2631//2631
f 2634//2634 2723//2723 2724//2724
f 2725//2725 2632//2632 2577//2577
f 2723//2723 2634//2634 2633//2633
f 2726//2726 2632//2632 2727//2727
f 2575//2575 2635//2635 2728//2728
f 2729//2729 2572//2572 2636//2636
f 2637//2637 2573//2573 2730//2730
f 2731//2731 2486//2486 2638//2638
f 2639//2639 2576//2576 2732//2732
f 2646//2646 2643//2643 2642//2642
f 2703//2703 2644//2644 2641//2641
f 2705//2705 2646//2646 2645//2645
f 2701//2701 2647//2647 2559//2559
f 2652//2652 2650//2650 2649//2649
f 2650//2650 2733//2733 2648//2648
f 2734//2734 2652//2652 2651//2651
f 2655//2655 2654//2654 2665//2665
f 2657//2657 2653//2653 2655//2655
f 2578//2578 2735//2735 2658//2658
f 2659//2659 2736//2736 2591//2591
f 2660//2660 2592//2592 2737//2737
f 2579//2579 2661//2661 2738//2738
f 2739//2739 2648//2648 2733//2733
f 2663//2663 2662//2662 2740//2740
f 2664//2664 2741//2741 2665//2665
f 2651//2651 2742//2742 2734//2734
f 2743//2743 2666//2666 2581//2581
f 2744//2744 2667//2667 2657//2657
f 2745//2745 2583//2583 2668//2668
f 2746//2746 2676//2676 2747//2747
f 2748//2748 2749//2749 2678//2678
f 2588//2588 2669//2669 2750//2750
f 2671//2671 2670//2670 2751//2751
f 2752//2752 2672//2672 2590//2590
f 2753//2753 2675//2675 2674//2674
f 2675//2675 2677//2677 2673//2673
f 2677//2677 2747//2747 2676//2676
f 2679//2679 2681//2681 2680//2680
f 2749//2749 2679//2679 2678//2678
f 2682//2682 2681//2681 2754//2754
f 2685//2685 2605//2605 2595//2595
f 2622//2622 2684//2684 2683//2683
f 2755//2755 2730//2730 2573//2573
f 2597//2597 2692//2692 2686//2686
f 2687//2687 2693//2693 2598//2598
f 2609//2609 2688//2688 2756//2756
f 2689//2689 2600//2600 2757//2757
f 2758//2758 2601//2601 2690//2690
f 2759//2759 2602//2602 2691//2691
f 2603//2603 2692//2692 2597//2597
f 2598//2598 2693//2693 2604//2604
f 2694//2694 2759//2759 2606//2606
f 2760//2760 2607//2607 2695//2695
f 2696//2696 2608//2608 2761//2761
f 2756//2756 2697//2697 2609//2609
f 2611//2611 2698//2698 2762//2762
f 2763//2763 2647//2647 2701//2701
f 2764//2764 2610//2610 2455//2455
f 2699//2699 2612//2612 2765//2765
f 2613//2613 2713//2713 2701//2701
f 2766//2766 2700//2700 2701//2701
f 2767//2767 2702//2702 2703//2703
f 2768//2768 2705//2705 2704//2704
f 2615//2615 2706//2706 2769//2769
f 2619//2619 2610//2610 2710//2710
f 2756//2756 2769//2769 2706//2706
f 2706//2706 2770//2770 2756//2756
f 2762//2762 2771//2771 2712//2712
f 2770//2770 2706//2706 2708//2708
f 2709//2709 2712//2712 2771//2771
f 2772//2772 2621//2621 2714//2714
f 2773//2773 2667//2667 2744//2744
f 2623//2623 2715//2715 2755//2755
f 2624//2624 2774//2774 2716//2716
f 2775//2775 2717//2717 2563//2563
f 2718//2718 2776//2776 2626//2626
f 2777//2777 2627//2627 2719//2719
f 2778//2778 2628//2628 2720//2720
f 2779//2779 2629//2629 2721//2721
f 2780//2780 2630//2630 2722//2722
f 2724//2724 2781//2781 2782//2782
f 2781//2781 2724//2724 2723//2723
f 2727//2727 2632//2632 2725//2725
f 2783//2783 2726//2726 2784//2784
f 2784//2784 2726//2726 2727//2727
f 2785//2785 2728//2728 2635//2635
f 2786//2786 2731//2731 2638//2638
f 2787//2787 2729//2729 2636//2636
f 2788//2788 2732//2732 2576//2576
f 2789//2789 2790//2790 2748//2748
f 2791//2791 2746//2746 2792//2792
f 2793//2793 2790//2790 2789//2789
f 2794//2794 2795//2795 2796//2796
f 2797//2797 2650//2650 2652//2652
f 2798//2798 2799//2799 2800//2800
f 2665//2665 2741//2741 2801//2801
f 2796//2796 2795//2795 2802//2802
f 2803//2803 2733//2733 2650//2650
f 2799//2799 2804//2804 2805//2805
f 2806//2806 2795//2795 2794//2794
f 2807//2807 2652//2652 2734//2734
f 2808//2808 2798//2798 2809//2809
f 2658//2658 2735//2735 2810//2810
f 2591//2591 2736//2736 2811//2811
f 2812//2812 2737//2737 2592//2592
f 2738//2738 2661//2661 2813//2813
f 2814//2814 2740//2740 2662//2662
f 2739//2739 2733//2733 2815//2815
f 2741//2741 2816//2816 2801//2801
f 2817//2817 2734//2734 2742//2742
f 2818//2818 2666//2666 2743//2743
f 2819//2819 2795//2795 2806//2806
f 2820//2820 2734//2734 2817//2817
f 2821//2821 2808//2808 2822//2822
f 2668//2668 2823//2823 2745//2745
f 2747//2747 2792//2792 2746//2746
f 2790//2790 2749//2749 2748//2748
f 2824//2824 2750//2750 2669//2669
f 2825//2825 2751//2751 2670//2670
f 2735//2735 2826//2826 2810//2810
f 2736//2736 2827//2827 2811//2811
f 2737//2737 2812//2812 2828//2828
f 2672//2672 2752//2752 2829//2829
f 2830//2830 2831//2831 2832//2832
f 2833//2833 2675//2675 2753//2753
f 2834//2834 2835//2835 2836//2836
f 2674//2674 2837//2837 2753//2753
f 2838//2838 2830//2830 2832//2832
f 2839//2839 2677//2677 2675//2675
f 2835//2835 2840//2840 2841//2841
f 2842//2842 2838//2838 2843//2843
f 2844//2844 2747//2747 2677//2677
f 2840//2840 2845//2845 2846//2846
f 2681//2681 2847//2847 2754//2754
f 2730//2730 2755//2755 2715//2715
f 2691//2691 2606//2606 2759//2759
f 2769//2769 2756//2756 2688//2688
f 2689//2689 2757//2757 2760//2760
f 2761//2761 2758//2758 2690//2690
f 2760//2760 2757//2757 2607//2607
f 2608//2608 2758//2758 2761//2761
f 2697//2697 2756//2756 2770//2770
f 2771//2771 2762//2762 2698//2698
f 2848//2848 2763//2763 2701//2701
f 2849//2849 2610//2610 2764//2764
f 2850//2850 2765//2765 2612//2612
f 2851//2851 2849//2849 2764//2764
f 2713//2713 2848//2848 2701//2701
f 2852//2852 2700//2700 2766//2766
f 2853//2853 2745//2745 2823//2823
f 2854//2854 2818//2818 2743//2743
f 2855//2855 2772//2772 2856//2856
f 2857//2857 2702//2702 2767//2767
f 2858//2858 2791//2791 2859//2859
f 2860//2860 2861//2861 2793//2793
f 2768//2768 2704//2704 2862//2862
f 2714//2714 2856//2856 2772//2772
f 2863//2863 2773//2773 2744//2744
f 2716//2716 2774//2774 2787//2787
f 2717//2717 2775//2775 2864//2864
f 2626//2626 2776//2776 2865//2865
f 2777//2777 2719//2719 2866//2866
f 2867//2867 2778//2778 2720//2720
f 2721//2721 2868//2868 2779//2779
f 2869//2869 2780//2780 2722//2722
f 2870//2870 2782//2782 2781//2781
f 2871//2871 2783//2783 2872//2872
f 2872//2872 2783//2783 2784//2784
f 2732//2732 2788//2788 2873//2873
f 2728//2728 2785//2785 2874//2874
f 2875//2875 2731//2731 2786//2786
f 2774//2774 2729//2729 2787//2787
f 2792//2792 2859//2859 2791//2791
f 2861//2861 2790//2790 2793//2793
f 2650//2650 2797//2797 2803//2803
f 2805//2805 2800//2800 2799//2799
f 2652//2652 2807//2807 2797//2797
f 2800//2800 2809//2809 2798//2798
f 2802//2802 2795//2795 2876//2876
f 2733//2733 2803//2803 2877//2877
f 2878//2878 2805//2805 2804//2804
f 2734//2734 2820//2820 2807//2807
f 2809//2809 2822//2822 2808//2808
f 2879//2879 2813//2813 2661//2661
f 2880//2880 2810//2810 2826//2826
f 2881//2881 2829//2829 2752//2752
f 2882//2882 2883//2883 2814//2814
f 2740//2740 2814//2814 2883//2883
f 2884//2884 2815//2815 2733//2733
f 2816//2816 2885//2885 2801//2801
f 2742//2742 2886//2886 2817//2817
f 2887//2887 2795//2795 2819//2819
f 2817//2817 2888//2888 2820//2820
f 2822//2822 2889//2889 2821//2821
f 2890//2890 2842//2842 2843//2843
f 2891//2891 2792//2792 2747//2747
f 2845//2845 2892//2892 2893//2893
f 2829//2829 2881//2881 2825//2825
f 2751//2751 2825//2825 2881//2881
f 2827//2827 2813//2813 2811//2811
f 2894//2894 2828//2828 2812//2812
f 2831//2831 2895//2895 2832//2832
f 2675//2675 2833//2833 2839//2839
f 2841//2841 2836//2836 2835//2835
f 2753//2753 2896//2896 2833//2833
f 2836//2836 2897//2897 2834//2834
f 2898//2898 2753//2753 2837//2837
f 2843//2843 2838//2838 2832//2832
f 2677//2677 2839//2839 2844//2844
f 2846//2846 2841//2841 2840//2840
f 2747//2747 2844//2844 2891//2891
f 2893//2893 2846//2846 2845//2845
f 2754//2754 2847//2847 2899//2899
f 2896//2896 2753//2753 2898//2898
f 2900//2900 2834//2834 2897//2897
f 2765//2765 2850//2850 2901//2901
f 2902//2902 2862//2862 2704//2704
f 2903//2903 2849//2849 2851//2851
f 2904//2904 2852//2852 2766//2766
f 2853//2853 2823//2823 2905//2905
f 2906//2906 2818//2818 2854//2854
f 2855//2855 2856//2856 2907//2907
f 2908//2908 2857//2857 2767//2767
f 2858//2858 2859//2859 2909//2909
f 2910//2910 2861//2861 2860//2860
f 2911//2911 2910//2910 2860//2860
f 2912//2912 2773//2773 2863//2863
f 2913//2913 2817//2817 2886//2886
f 2914//2914 2887//2887 2819//2819
f 2888//2888 2817//2817 2913//2913
f 2915//2915 2821//2821 2889//2889
f 2874//2874 2864//2864 2775//2775
f 2776//2776 2916//2916 2865//2865
f 2917//2917 2866//2866 2719//2719
f 2778//2778 2867//2867 2918//2918
f 2919//2919 2867//2867 2720//2720
f 2920//2920 2779//2779 2868//2868
f 2782//2782 2870//2870 2868//2868
f 2867//2867 2871//2871 2918//2918
f 2918//2918 2871//2871 2872//2872
f 2873//2873 2921//2921 2922//2922
f 2921//2921 2873//2873 2788//2788
f 2864//2864 2874//2874 2785//2785
f 2923//2923 2875//2875 2786//2786
f 2924//2924 2890//2890 2843//2843
f 2925//2925 2859//2859 2792//2792
f 2892//2892 2926//2926 2927//2927
f 2928//2928 2929//2929 2930//2930
f 2931//2931 2928//2928 2930//2930
f 2795//2795 2932//2932 2876//2876
f 2933//2933 2801//2801 2885//2885
f 2733//2733 2934//2934 2884//2884
f 2935//2935 2936//2936 2804//2804
f 2929//2929 2937//2937 2930//2930
f 2934//2934 2733//2733 2877//2877
f 2878//2878 2804//2804 2936//2936
f 2938//2938 2931//2931 2930//2930
f 2813//2813 2879//2879 2811//2811
f 2828//2828 2894//2894 2882//2882
f 2883//2883 2882//2882 2894//2894
f 2815//2815 2884//2884 2939//2939
f 2940//2940 2941//2941 2942//2942
f 2943//2943 2938//2938 2944//2944
f 2792//2792 2891//2891 2925//2925
f 2927//2927 2893//2893 2892//2892
f 2895//2895 2945//2945 2832//2832
f 2946//2946 2947//2947 2948//2948
f 2948//2948 2947//2947 2949//2949
f 2898//2898 2837//2837 2950//2950
f 2951//2951 2952//2952 2953//2953
f 2954//2954 2947//2947 2946//2946
f 2955//2955 2956//2956 2954//2954
f 2899//2899 2847//2847 2885//2885
f 2950//2950 2896//2896 2898//2898
f 2900//2900 2897//2897 2957//2957
f 2958//2958 2901//2901 2850//2850
f 2959//2959 2903//2903 2851//2851
f 2862//2862 2902//2902 2960//2960
f 2961//2961 2905//2905 2823//2823
f 2962//2962 2852//2852 2904//2904
f 2963//2963 2906//2906 2854//2854
f 2886//2886 2964//2964 2913//2913
f 2965//2965 2907//2907 2856//2856
f 2966//2966 2960//2960 2902//2902
f 2967//2967 2908//2908 2767//2767
f 2968//2968 2909//2909 2859//2859
f 2969//2969 2910//2910 2911//2911
f 2970//2970 2912//2912 2863//2863
f 2971//2971 2887//2887 2914//2914
f 2913//2913 2972//2972 2888//2888
f 2889//2889 2973//2973 2915//2915
f 2865//2865 2916//2916 2923//2923
f 2866//2866 2917//2917 2974//2974
f 2920//2920 2868//2868 2870//2870
f 2922//2922 2974//2974 2917//2917
f 2974//2974 2922//2922 2921//2921
f 2916//2916 2875//2875 2923//2923
f 2975//2975 2924//2924 2843//2843
f 2859//2859 2925//2925 2976//2976
f 2977//2977 2927//2927 2926//2926
f 2876//2876 2932//2932 2978//2978
f 2979//2979 2940//2940 2980//2980
f 2885//2885 2847//2847 2933//2933
f 2981//2981 2884//2884 2934//2934
f 2936//2936 2935//2935 2982//2982
f 2937//2937 2983//2983 2930//2930
f 2944//2944 2938//2938 2930//2930
f 2811//2811 2879//2879 2984//2984
f 2985//2985 2939//2939 2884//2884
f 2879//2879 2986//2986 2984//2984
f 2987//2987 2942//2942 2941//2941
f 2942//2942 2980//2980 2940//2940
f 2988//2988 2943//2943 2944//2944
f 2989//2989 2956//2956 2955//2955
f 2832//2832 2945//2945 2990//2990
f 2847//2847 2991//2991 2933//2933
f 2949//2949 2947//2947 2992//2992
f 2993//2993 2950//2950 2837//2837
f 2994//2994 2953//2953 2952//2952
f 2953//2953 2995//2995 2951//2951
f 2956//2956 2947//2947 2954//2954
f 2896//2896 2950//2950 2996//2996
f 2997//2997 2957//2957 2897//2897
f 2901//2901 2958//2958 2998//2998
f 2999//2999 2903//2903 2959//2959
f 2905//2905 2961//2961 3000//3000
f 3001//3001 2962//2962 2904//2904
f 3002//3002 2906//2906 2963//2963
f 3003//3003 2913//2913 2964//2964
f 2907//2907 2965//2965 3004//3004
f 3005//3005 2912//2912 2970//2970
f 2960//2960 2966//2966 3006//3006
f 3007//3007 2908//2908 2967//2967
f 2909//2909 2968//2968 3008//3008
f 3009//3009 2910//2910 2969//2969
f 2859//2859 3010//3010 2968//2968
f 3011//3011 3012//3012 2926//2926
f 2972//2972 2913//2913 3003//3003
f 3013//3013 2915//2915 2973//2973
f 3014//3014 2887//2887 2971//2971
f 3015//3015 2975//2975 2843//2843
f 3016//3016 2956//2956 2989//2989
f 3010//3010 2859//2859 2976//2976
f 2977//2977 2926//2926 3012//3012
f 2978//2978 2932//2932 3017//3017
f 2933//2933 2991//2991 3018//3018
f 2884//2884 2981//2981 2985//2985
f 3019//3019 2982//2982 2935//2935
f 2980//2980 3020//3020 2979//2979
f 2983//2983 3021//3021 3022//3022
f 2930//2930 2983//2983 3022//3022
f 2939//2939 2985//2985 3023//3023
f 2984//2984 2986//2986 3024//3024
f 2941//2941 3025//3025 2987//2987
f 3026//3026 2988//2988 2944//2944
f 2945//2945 3027//3027 2990//2990
f 2952//2952 3028//3028 2994//2994
f 2947//2947 3029//3029 2992//2992
f 2950//2950 2993//2993 3030//3030
f 3031//3031 2951//2951 2995//2995
f 3032//3032 2956//2956 3033//3033
f 3030//3030 2996//2996 2950//2950
f 2957//2957 2997//2997 3034//3034
f 3035//3035 2998//2998 2958//2958
f 3036//3036 2999//2999 2959//2959
f 3037//3037 3000//3000 2961//2961
f 3038//3038 2962//2962 3001//3001
f 3039//3039 2906//2906 3002//3002
f 3003//3003 2964//2964 3040//3040
f 3041//3041 3004//3004 2965//2965
f 3042//3042 3005//3005 2970//2970
f 3043//3043 3006//3006 2966//2966
f 3044//3044 3009//3009 2969//2969
f 2967//2967 3039//3039 3007//3007
f 3045//3045 3008//3008 2968//2968
f 3046//3046 3039//3039 2967//2967
f 3047//3047 2968//2968 3010//3010
f 3012//3012 3011//3011 3048//3048
f 3040//3040 2972//2972 3003//3003
f 3013//3013 2973//2973 3049//3049
f 3050//3050 2887//2887 3014//3014
f 3051//3051 3042//3042 2970//2970
f 3052//3052 3009//3009 3051//3051
f 2968//2968 3047//3047 3045//3045
f 3053//3053 3048//3048 3011//3011
f 3054//3054 3015//3015 2843//2843
f 3055//3055 2956//2956 3016//3016
f 3056//3056 3017//3017 2932//2932
f 3057//3057 3018//3018 3058//3058
f 3059//3059 3023//3023 2985//2985
f 2985//2985 3060//3060 3059//3059
f 3061//3061 3062//3062 3019//3019
f 2991//2991 3058//3058 3018//3018
f 3060//3060 2985//2985 2981//2981
f 2982//2982 3019//3019 3062//3062
f 3063//3063 2979//2979 3020//3020
f 3064//3064 3022//3022 3065//3065
f 3021//3021 3065//3065 3022//3022
f 3066//3066 3024//3024 2986//2986
f 3067//3067 3030//3030 2993//2993
f 3068//3068 2987//2987 3025//3025
f 3069//3069 2887//2887 3050//3050
f 2972//2972 3040//3040 3070//3070
f 3071//3071 3049//3049 2973//2973
f 3072//3072 3026//3026 2944//2944
f 3027//3027 3017//3017 2990//2990
f 3073//3073 2994//2994 3028//3028
f 2992//2992 3029//3029 3074//3074
f 2995//2995 3075//3075 3031//3031
f 3033//3033 2956//2956 3055//3055
f 3076//3076 3032//3032 3033//3033
f 2996//2996 3030//3030 3077//3077
f 3078//3078 3034//3034 2997//2997
f 2998//2998 3035//3035 3037//3037
f 3000//3000 3037//3037 3035//3035
f 3007//3007 3039//3039 3002//3002
f 3004//3004 3041//3041 3043//3043
f 3079//3079 3040//3040 2964//2964
f 3006//3006 3043//3043 3041//3041
f 3009//3009 3044//3044 3051//3051
f 3008//3008 3045//3045 3080//3080
f 3081//3081 3039//3039 3046//3046
f 3082//3082 3052//3052 3051//3051
f 3040//3040 3079//3079 3083//3083
f 3083//3083 3070//3070 3040//3040
f 3049//3049 3071//3071 3084//3084
f 3044//3044 3042//3042 3051//3051
f 3085//3085 3045//3045 3047//3047
f 3048//3048 3053//3053 3086//3086
f 3087//3087 3015//3015 3054//3054
f 3017//3017 3056//3056 2990//2990
f 3030//3030 3067//3067 3059//3059
f 3059//3059 3077//3077 3030//3030
f 3034//3034 3078//3078 3061//3061
f 3023//3023 3059//3059 3067//3067
f 3077//3077 3059//3059 3060//3060
f 3062//3062 3061//3061 3078//3078
f 3020//3020 3088//3088 3063//3063
f 3065//3065 3029//3029 3064//3064
f 3089//3089 3072//3072 2944//2944
f 3025//3025 3090//3090 3068//3068
f 3087//3087 3069//3069 3050//3050
f 3070//3070 3083//3083 3091//3091
f 3092//3092 3084//3084 3071//3071
f 3028//3028 3093//3093 3073//3073
f 3074//3074 3029//3029 3065//3065
f 3094//3094 3031//3031 3075//3075
f 3095//3095 3032//3032 3089//3089
f 3032//3032 3076//3076 3089//3089
f 3096//3096 3080//3080 3045//3045
f 3097//3097 3081//3081 3046//3046
f 3098//3098 3083//3083 3079//3079
f 3099//3099 3052//3052 3082//3082
f 3045//3045 3085//3085 3096//3096
f 3100//3100 3086//3086 3053//3053
f 3054//3054 3069//3069 3087//3087
f 2990//2990 3056//3056 3101//3101
f 3102//3102 3063//3063 3088//3088
f 3064//3064 3103//3103 3104//3104
f 3029//3029 3103//3103 3064//3064
f 3076//3076 3072//3072 3089//3089
f 3105//3105 3068//3068 3090//3090
f 3106//3106 3069//3069 3107//3107
f 3083//3083 3098//3098 3096//3096
f 3096//3096 3091//3091 3083//3083
f 3084//3084 3092//3092 3100//3100
f 3108//3108 3073//3073 3093//3093
f 3107//3107 3069//3069 3054//3054
f 3094//3094 3075//3075 3109//3109
f 3110//3110 3095//3095 3089//3089
f 3080//3080 3096//3096 3098//3098
f 3091//3091 3096//3096 3085//3085
f 3086//3086 3100//3100 3092//3092
f 3056//3056 3111//3111 3101//3101
f 3102//3102 3088//3088 3112//3112
f 3103//3103 3113//3113 3104//3104
f 3105//3105 3090//3090 3114//3114
f 3115//3115 3106//3106 3107//3107
f 3093//3093 3116//3116 3108//3108
f 3117//3117 3109//3109 3075//3075
f 3118//3118 3095//3095 3110//3110
f 3101//3101 3111//3111 3119//3119
f 3120//3120 3112//3112 3088//3088
f 3111//3111 3121//3121 3119//3119
f 3104//3104 3113//3113 3122//3122
f 3123//3123 3108//3108 3116//3116
f 3124//3124 3114//3114 3090//3090
f 3125//3125 3118//3118 3110//3110
f 3126//3126 3106//3106 3115//3115
f 3109//3109 3117//3117 3127//3127
f 3112//3112 3120//3120 3128//3128
f 3119//3119 3121//3121 3129//3129
f 3113//3113 3130//3130 3122//3122
f 3123//3123 3116//3116 3131//3131
f 3114//3114 3124//3124 3132//3132
f 3133//3133 3118//3118 3125//3125
f 3134//3134 3126//3126 3115//3115
f 3135//3135 3127//3127 3117//3117
f 3136//3136 3128//3128 3120//3120
f 3121//3121 3137//3137 3129//3129
f 3138//3138 3131//3131 3116//3116
f 3122//3122 3130//3130 3139//3139
f 3140//3140 3132//3132 3124//3124
f 3141//3141 3133//3133 3125//3125
f 3142//3142 3126//3126 3134//3134
f 3127//3127 3135//3135 3143//3143
f 3128//3128 3136//3136 3144//3144
f 3129//3129 3137//3137 3145//3145
f 3131//3131 3138//3138 3146//3146
f 3130//3130 3147//3147 3139//3139
f 3132//3132 3140//3140 3148//3148
f 3149//3149 3133//3133 3141//3141
f 3150//3150 3142//3142 3134//3134
f 3148//3148 3143//3143 3135//3135
f 3151//3151 3144//3144 3136//3136
f 3152//3152 3145//3145 3137//3137
f 3153//3153 3146//3146 3138//3138
f 3154//3154 3139//3139 3147//3147
f 3143//3143 3148//3148 3140//3140
f 3144//3144 3151//3151 3153//3153
f 3146//3146 3153//3153 3151//3151
f 3155//3155 3156//3156 3157//3157
f 3156//3156 3155//3155 3158//3158
f 3159//3159 3160//3160 3161//3161
f 3162//3162 3161//3161 3160//3160
f 3163//3163 3164//3164 3165//3165
f 3166//3166 3167//3167 3163//3163
f 3158//3158 3155//3155 3168//3168
f 3169//3169 3161//3161 3162//3162
f 3170//3170 3165//3165 3171//3171
f 3172//3172 3165//3165 3164//3164
f 3164//3164 3163//3163 3167//3167
f 3167//3167 3166//3166 3173//3173
f 3174//3174 3173//3173 3166//3166
f 3158//3158 3168//3168 3175//3175
f 3176//3176 3169//3169 3162//3162
f 3172//3172 3171//3171 3165//3165
f 3171//3171 3177//3177 3170//3170
f 3178//3178 3179//3179 3180//3180
f 3181//3181 3182//3182 3179//3179
f 3173//3173 3174//3174 3183//3183
f 3175//3175 3168//3168 3184//3184
f 3185//3185 3169//3169 3176//3176
f 3186//3186 3170//3170 3177//3177
f 3182//3182 3180//3180 3179//3179
f 3187//3187 3182//3182 3181//3181
f 3188//3188 3183//3183 3174//3174
f 3189//3189 3187//3187 3181//3181
f 3175//3175 3184//3184 3190//3190
f 3191//3191 3185//3185 3176//3176
f 3177//3177 3192//3192 3186//3186
f 3188//3188 3193//3193 3183//3183
f 3194//3194 3187//3187 3189//3189
f 3190//3190 3184//3184 3195//3195
f 3196//3196 3185//3185 3191//3191
f 3197//3197 3186//3186 3192//3192
f 3198//3198 3183//3183 3193//3193
f 3199//3199 3194//3194 3189//3189
f 3190//3190 3195//3195 3200//3200
f 3201//3201 3196//3196 3191//3191
f 3192//3192 3202//3202 3197//3197
f 3193//3193 3203//3203 3198//3198
f 3204//3204 3194//3194 3199//3199
f 3200//3200 3195//3195 3205//3205
f 3206//3206 3196//3196 3201//3201
f 3207//3207 3197//3197 3202//3202
f 3208//3208 3198//3198 3203//3203
f 3209//3209 3204//3204 3199//3199
f 3200//3200 3205//3205 3210//3210
f 3211//3211 3206//3206 3201//3201
f 3202//3202 3212//3212 3207//3207
f 3203//3203 3213//3213 3208//3208
f 3214//3214 3204//3204 3209//3209
f 3210//3210 3205//3205 3215//3215
f 3216//3216 3206//3206 3211//3211
f 3217//3217 3207//3207 3212//3212
f 3218//3218 3208//3208 3213//3213
f 3219//3219 3214//3214 3209//3209
f 3210//3210 3215//3215 3220//3220
f 3221//3221 3216//3216 3211//3211
f 3212//3212 3222//3222 3217//3217
f 3213//3213 3223//3223 3218//3218
f 3224//3224 3214//3214 3219//3219
f 3220//3220 3215//3215 3225//3225
f 3226//3226 3216//3216 3221//3221
f 3227//3227 3217//3217 3222//3222
f 3228//3228 3218//3218 3223//3223
f 3229//3229 3224//3224 3219//3219
f 3220//3220 3225//3225 3230//3230
f 3231//3231 3226//3226 3221//3221
f 3222//3222 3232//3232 3227//3227
f 3223//3223 3233//3233 3228//3228
f 3234//3234 3224//3224 3229//3229
f 3230//3230 3225//3225 3235//3235
f 3236//3236 3226//3226 3231//3231
f 3237//3237 3227//3227 3232//3232
f 3238//3238 3228//3228 3233//3233
f 3239//3239 3234//3234 3229//3229
f 3230//3230 3235//3235 3240//3240
f 3241//3241 3236//3236 3231//3231
f 3232//3232 3242//3242 3237//3237
f 3233//3233 3243//3243 3238//3238
f 3244//3244 3234//3234 3239//3239
f 3240//3240 3235//3235 3245//3245
f 3246//3246 3236//3236 3241//3241
f 3247//3247 3237//3237 3242//3242
f 3248//3248 3238//3238 3243//3243
f 3249//3249 3244//3244 3239//3239
f 3240//3240 3245//3245 3250//3250
f 3251//3251 3246//3246 3241//3241
f 3247//3247 3242//3242 3252//3252
f 3243//3243 3253//3253 3248//3248
f 3254//3254 3244//3244 3249//3249
f 3250//3250 3245//3245 3255//3255
f 3256//3256 3246//3246 3251//3251
f 3257//3257 3252//3252 3242//3242
f 3258//3258 3248//3248 3253//3253
f 3259//3259 3254//3254 3249//3249
f 3250//3250 3255//3255 3260//3260
f 3261//3261 3256//3256 3251//3251
f 3252//3252 3257//3257 3262//3262
f 3253//3253 3263//3263 3258//3258
f 3264//3264 3254//3254 3259//3259
f 3260//3260 3255//3255 3265//3265
f 3266//3266 3256//3256 3261//3261
f 3267//3267 3262//3262 3257//3257
f 3268//3268 3258//3258 3263//3263
f 3269//3269 3264//3264 3259//3259
f 3260//3260 3265//3265 3270//3270
f 3271//3271 3266//3266 3261//3261
f 3262//3262 3267//3267 3272//3272
f 3263//3263 3272//3272 3268//3268
f 3273//3273 3264//3264 3269//3269
f 3274//3274 3272//3272 3267//3267
f 3274//3274 3268//3268 3272//3272
f 3275//3275 3276//3276 3277//3277
f 3277//3277 3278//3278 3279//3279
f 3280//3280 3275//3275 3281//3281
f 3276//3276 3275//3275 3282//3282
f 3278//3278 3277//3277 3276//3276
f 3283//3283 3279//3279 3278//3278
f 3279//3279 3283//3283 3284//3284
f 3275//3275 3280//3280 3282//3282
f 3281//3281 3285//3285 3280//3280
f 3286//3286 3287//3287 3288//3288
f 3287//3287 3289//3289 3290//3290
f 3291//3291 3284//3284 3283//3283
f 3285//3285 3281//3281 3292//3292
f 3287//3287 3286//3286 3289//3289
f 3290//3290 3289//3289 3293//3293
f 3284//3284 3291//3291 3294//3294
f 3290//3290 3293//3293 3295//3295
f 3292//3292 3296//3296 3285//3285
f 3291//3291 3297//3297 3294//3294
f 3295//3295 3293//3293 3298//3298
f 3296//3296 3292//3292 3299//3299
f 3297//3297 3291//3291 3300//3300
f 3295//3295 3298//3298 3301//3301
f 3299//3299 3302//3302 3296//3296
f 3300//3300 3303//3303 3297//3297
f 3301//3301 3298//3298 3304//3304
f 3302//3302 3299//3299 3305//3305
f 3303//3303 3300//3300 3306//3306
f 3301//3301 3304//3304 3307//3307
f 3305//3305 3308//3308 3302//3302
f 3306//3306 3309//3309 3303//3303
f 3307//3307 3304//3304 3310//3310
f 3308//3308 3305//3305 3311//3311
f 3309//3309 3306//3306 3312//3312
f 3307//3307 3310//3310 3313//3313
f 3311//3311 3314//3314 3308//3308
f 3312//3312 3315//3315 3309//3309
f 3313//3313 3310//3310 3316//3316
f 3314//3314 3311//3311 3317//3317
f 3315//3315 3312//3312 3318//3318
f 3313//3313 3316//3316 3319//3319
f 3317//3317 3320//3320 3314//3314
f 3318//3318 3321//3321 3315//3315
f 3319//3319 3316//3316 3322//3322
f 3320//3320 3317//3317 3323//3323
f 3321//3321 3318//3318 3324//3324
f 3319//3319 3322//3322 3325//3325
f 3323//3323 3326//3326 3320//3320
f 3324//3324 3327//3327 3321//3321
f 3325//3325 3322//3322 3328//3328
f 3326//3326 3323//3323 3329//3329
f 3327//3327 3324//3324 3330//3330
f 3325//3325 3328//3328 3331//3331
f 3332//3332 3326//3326 3329//3329
f 3330//3330 3333//3333 3327//3327
f 3331//3331 3328//3328 3334//3334
f 3326//3326 3332//3332 3335//3335
f 3333//3333 3330//3330 3336//3336
f 3331//3331 3334//3334 3337//3337
f 3338//3338 3335//3335 3332//3332
f 3336//3336 3339//3339 3333//3333
f 3337//3337 3334//3334 3340//3340
f 3335//3335 3338//3338 3341//3341
f 3339//3339 3336//3336 3342//3342
f 3337//3337 3340//3340 3343//3343
f 3344//3344 3341//3341 3338//3338
f 3342//3342 3344//3344 3339//3339
f 3343//3343 3340//3340 3345//3345
f 3341//3341 3344//3344 3346//3346
f 3344//3344 3342//3342 3346//3346
