# Created by Open3D 
# object name: 3a29634236aa0596f9e8cd846ef13776
# number of vertices: 3434
# number of triangles: 3134
v 0.182197 0.00870427 -0.0148491
vn 0.0245345 0 -0.006574
v 0.15885 0.0109242 -0.0129223
vn 0.0254 0 0
v 0.159123 0.00811752 -0.011521
vn 0.0245345 0 -0.006574
v 0.181924 0.0115109 -0.0162504
vn 0.0254 0 0
v 0.15885 0.0109242 -0.0129223
vn 0 0.0254 0
v 0.159695 0.0096228 -0.00729101
vn 0 0.0254 0
v 0.159123 0.00811752 -0.011521
vn 0 0.0254 0
v 0.182367 0.0056245 -0.0142162
vn 0.021997 0 -0.0127
v 0.188734 0.00912314 0.0305464
vn 0 -0.0254 0
v 0.181924 0.0115109 -0.0162504
vn 0 -0.0254 0
v 0.182197 0.00870427 -0.0148491
vn 0 -0.0254 0
v 0.158491 0.0132663 -0.0149963
vn 0.0245345 0 0.006574
v 0.159319 0.0134821 -0.00921802
vn 0 0.0254 0
v 0.159293 0.00503775 -0.0108881
vn 0 0.0254 0
v 0.159293 0.00503775 -0.0108881
vn 0.021997 0 -0.0127
v 0.182367 0.0056245 -0.0142162
vn 0 -0.0254 0
v 0.181565 0.0138531 -0.0183244
vn 0 -0.0254 0
v 0.181565 0.0138531 -0.0183244
vn 0.0245345 0 0.006574
v 0.158491 0.0132663 -0.0149963
vn 0 0.0254 0
v 0.159319 0.0134821 -0.00921802
vn 0.0138139 0.0213151 0
v 0.155422 0.012246 0.00123185
vn 0.0133433 0.0213151 -0.0035753
v 0.159695 0.0096228 -0.00729101
vn 0.0133433 0.0213151 -0.0035753
v 0.159928 0.00538712 -0.00642027
vn 0 0.0254 0
v 0.182421 0.00248124 -0.0143948
vn 0.0179605 0 -0.0179605
v 0.182421 0.00248124 -0.0143948
vn 0 -0.0254 0
v 0.181145 0.0155708 -0.0209298
vn 0 -0.0254 0
v 0.158072 0.014984 -0.0176016
vn 0.021997 0 0.0127
v 0.158826 0.0167036 -0.0120704
vn 0 0.0254 0
v 0.154858 0.0180365 -0.00165908
vn 0.0138139 0.0213151 0
v 0.159928 0.00538712 -0.00642027
vn 0.0119632 0.0213151 -0.00690697
v 0.159347 0.00189449 -0.0110667
vn 0 0.0254 0
v 0.159347 0.00189449 -0.0110667
vn 0.0179605 0 -0.0179605
v 0.182356 -0.00051128 -0.0153723
vn 0 -0.0254 0
v 0.180694 0.0165472 -0.0238891
vn 0 -0.0254 0
v 0.181145 0.0155708 -0.0209298
vn 0.021997 0 0.0127
v 0.158072 0.014984 -0.0176016
vn 0 0.0254 0
v 0.158826 0.0167036 -0.0120704
vn 0.0133433 0.0213151 0.0035753
v 0.149748 0.0179065 -0.000921962
vn 0.0254 0 0
v 0.155422 0.012246 0.00123185
vn 0.0245345 0 -0.006574
v 0.154858 0.0180365 -0.00165908
vn 0.0254 0 0
v 0.155772 0.00589179 0.00253784
vn 0.0119632 0.0213151 -0.00690697
v 0.160003 0.00106347 -0.00666606
vn 0 0.0254 0
v 0.159282 -0.00109803 -0.0120442
vn 0.0127 0 -0.021997
v 0.182356 -0.00051128 -0.0153723
vn 0.0127 0 -0.021997
v 0.182176 -0.00314897 -0.0170825
vn 0 -0.0254 0
v 0.182921 0.0564633 -0.00140718
vn 0 -0.0254 0
v 0.15762 0.0159605 -0.020561
vn 0.0179605 0 0.0179605
v 0.180694 0.0165472 -0.0238891
vn 0.0179605 0 0.0179605
v 0.158249 0.0190655 -0.0156529
vn 0 0.0254 0
v 0.154118 0.0228685 -0.00593809
vn 0.0133433 0.0213151 0.0035753
v 0.150312 0.0121161 0.00196897
vn 0.0245345 0 -0.006574
v 0.149008 0.0227385 -0.00520097
vn 0.0245345 0 0.006574
v 0.155772 0.00589179 0.00253784
vn 0.021997 0 -0.0127
v 0.160003 0.00106347 -0.00666606
vn 0.00976793 0.0213151 -0.00976793
v 0.159282 -0.00109803 -0.0120442
vn 0 0.0254 0
v 0.159103 -0.00373572 -0.0137544
vn 0.006574 0 -0.0245345
v 0.182176 -0.00314897 -0.0170825
vn 0.006574 0 -0.0245345
v 0.181894 -0.00525288 -0.0194097
vn 0 -0.0254 0
v 0.180241 0.0167162 -0.0270005
vn 0 -0.0254 0
v 0.196181 0.0093125 0.0294724
vn 0.0254 0 0
v 0.182921 0.0564633 -0.00140718
vn 0.0254 0 0
v 0.188734 0.00912314 0.0305464
vn 0.0254 0 0
v 0.180241 0.0167162 -0.0270005
vn 0.0127 0 0.021997
v 0.15762 0.0159605 -0.020561
vn 0 0.0254 0
v 0.158249 0.0190655 -0.0156529
vn 0.0119632 0.0213151 0.00690697
v 0.154118 0.0228685 -0.00593809
vn 0.0245345 0 0.006574
v 0.140617 0.0104606 -0.0102925
vn 0.013302 -0.0216383 -0
v 0.150312 0.0121161 0.00196897
vn 0.0128488 -0.0216383 -0.00344282
v 0.149748 0.0179065 -0.000921962
vn 0.013302 -0.0216383 -0
v 0.140259 0.0128027 -0.0123665
vn 0.0128488 -0.0216383 0.00344282
v 0.149008 0.0227385 -0.00520097
vn 0.0128488 -0.0216383 0.00344282
v 0.150662 0.00576183 0.00327496
vn 0.021997 0 -0.0127
v 0.155884 -0.000594217 0.00217011
vn 0.00976793 0.0213151 -0.00976793
v 0.159103 -0.00373572 -0.0137544
vn 0 0.0254 0
v 0.15882 -0.00583963 -0.0160816
vn 0 0 -0.0254
v 0.181894 -0.00525288 -0.0194097
vn 0 0 -0.0254
v 0.178425 -0.0470759 -0.0508385
vn 0 -0.0254 0
v 0.179817 0.0160658 -0.030052
vn 0 -0.0254 0
v 0.190368 0.0566526 -0.00248125
vn 0.0254 0 0
v 0.186486 -0.0426475 0.00583094
vn 0.0127 0 -0.021997
v 0.196181 0.0093125 0.0294724
vn 0.0127 0 -0.021997
v 0.188734 0.00912314 0.0305464
vn 0.0127 0 -0.021997
v 0.157167 0.0161295 -0.0236724
vn 0.0127 0 0.021997
v 0.157167 0.0161295 -0.0236724
vn 0 0.0254 0
v 0.153253 0.0264127 -0.0113134
vn 0.0119632 0.0213151 0.00690697
v 0.148142 0.0262828 -0.0105762
vn 0.021997 0 0.0127
v 0.140891 0.00765388 -0.0088912
vn 0.0128488 -0.0216383 -0.00344282
v 0.139839 0.0145204 -0.0149718
vn 0.0115199 -0.0216383 0.00665102
v 0.14106 0.00457411 -0.00825831
vn 0.0115199 -0.0216383 -0.00665102
v 0.150662 0.00576183 0.00327496
vn 0.0115199 -0.0216383 -0.00665102
v 0.155884 -0.000594217 0.00217011
vn 0.0179605 0 -0.0179605
v 0.159914 -0.00305149 -0.00801025
vn 0.00690697 0.0213151 -0.0119632
v 0.15882 -0.00583963 -0.0160816
vn 0 0.0254 0
v 0.158455 -0.00726459 -0.0188647
vn -0.006574 0 -0.0245345
v 0.181529 -0.00667783 -0.0221928
vn 0 -0.0254 0
v 0.186486 -0.0426475 0.00583094
vn 0 -0.0254 0
v 0.179452 0.0146397 -0.0328368
vn 0 -0.0254 0
v 0.179817 0.0160658 -0.030052
vn 0.006574 0 0.0245345
v 0.190171 0.0521283 -0.00464227
vn 0 0.0254 0
v 0.190368 0.0566526 -0.00248125
vn 0 0.0254 0
v 0.196181 0.0093125 0.0294724
vn 0 0.0254 0
v 0.182307 0.0522237 -0.0591515
vn 0.0127 0 0.021997
v 0.182921 0.0564633 -0.00140718
vn 0.0127 0 0.021997
v 0.190368 0.0566526 -0.00248125
vn 0.0127 0 0.021997
v 0.193932 -0.0424582 0.00475687
vn 0.0127 0 -0.021997
v 0.156743 0.015479 -0.0267239
vn 0 0.0254 0
v 0.157628 0.0204085 -0.0197236
vn 0.00976793 0.0213151 0.00976793
v 0.153253 0.0264127 -0.0113134
vn 0.021997 0 0.0127
v 0.148142 0.0262828 -0.0105762
vn 0.0115199 -0.0216383 0.00665102
v 0.134631 0.0103083 -0.00942906
vn 0.0254 0 0
v 0.140891 0.00765388 -0.0088912
vn 0.0245345 0 -0.006574
v 0.140617 0.0104606 -0.0102925
vn 0.0254 0 0
v 0.134272 0.0126504 -0.0115031
vn 0.0245345 0 0.006574
v 0.140259 0.0128027 -0.0123665
vn 0.0245345 0 0.006574
v 0.133853 0.0143682 -0.0141084
vn 0.021997 0 0.0127
v 0.139839 0.0145204 -0.0149718
vn 0.021997 0 0.0127
v 0.141115 0.00143085 -0.00843691
vn 0.00940595 -0.0216383 -0.00940595
v 0.150774 -0.000724173 0.00290723
vn 0.0179605 0 -0.0179605
v 0.15575 -0.00676834 0.000153165
vn 0.00690697 0.0213151 -0.0119632
v 0.159914 -0.00305149 -0.00801025
vn 0 0.0254 0
v 0.181529 -0.00667783 -0.0221928
vn -0.006574 0 -0.0245345
v 0.157571 -0.0121952 -0.0258667
vn 0 0.0254 0
v 0.158455 -0.00726459 -0.0188647
vn 0 0.0254 0
v 0.181105 -0.00732881 -0.0252451
vn 0 -0.0254 0
v 0.181105 -0.00732881 -0.0252451
vn 0 0.0254 0
v 0.181894 -0.00525288 -0.0194097
vn 0 0.0254 0
v 0.181529 -0.00667783 -0.0221928
vn 0 0.0254 0
v 0.178425 -0.0470759 -0.0508385
vn -0.0127 0 -0.021997
v 0.193932 -0.0424582 0.00475687
vn -0.0127 0 -0.021997
v 0.186486 -0.0426475 0.00583094
vn -0.0127 0 -0.021997
v 0.17917 0.0125369 -0.0351624
vn 0 -0.0254 0
v 0.179452 0.0146397 -0.0328368
vn 0 0 0.0254
v 0.156743 0.015479 -0.0267239
vn 0.006574 0 0.0245345
v 0.182815 0.0480859 -0.0563585
vn 0 0.0254 0
v 0.195476 0.00892522 0.0245189
vn 0 0.0254 0
v 0.17486 0.0520344 -0.0580774
vn 0.0127 0 0.021997
v 0.182307 0.0522237 -0.0591515
vn 0 0.0254 0
v 0.193424 -0.0383203 0.00196392
vn 0 0.0254 0
v 0.193932 -0.0424582 0.00475687
vn 0 0.0254 0
v 0.157628 0.0204085 -0.0197236
vn 0 0.0254 0
v 0.152321 0.0284283 -0.0174195
vn 0.00976793 0.0213151 0.00976793
v 0.14721 0.0282983 -0.0166824
vn 0.0179605 0 0.0179605
v 0.139387 0.0154968 -0.0179312
vn 0.00940595 -0.0216383 0.00940595
v 0.134905 0.00750166 -0.00802777
vn 0.0245345 0 -0.006574
v 0.14106 0.00457411 -0.00825831
vn 0.021997 0 -0.0127
v 0.133401 0.0153446 -0.0170677
vn 0.0179605 0 0.0179605
v 0.150774 -0.000724173 0.00290723
vn 0.00940595 -0.0216383 -0.00940595
v 0.135074 0.00442189 -0.00739489
vn 0.021997 0 -0.0127
v 0.141115 0.00143085 -0.00843691
vn 0.0179605 0 -0.0179605
v 0.15064 -0.00689829 0.000890287
vn 0.0127 0 -0.021997
v 0.15575 -0.00676834 0.000153165
vn 0.0127 0 -0.021997
v 0.159667 -0.00667988 -0.010362
vn 0.0035753 0.0213151 -0.0133433
v 0.158194 -0.0124269 -0.0215874
vn 0 0.0254 0
v 0.158031 -0.00791556 -0.021917
vn -0.0127 0 -0.021997
v 0.158031 -0.00791556 -0.021917
vn 0 0.0254 0
v 0.180652 -0.00715983 -0.0283566
vn 0 -0.0254 0
v 0.181105 -0.00732881 -0.0252451
vn -0.0127 0 -0.021997
v 0.180652 -0.00715983 -0.0283566
vn 0 0.0254 0
v 0.185871 -0.0468865 -0.0519125
vn -0.0127 0 -0.021997
v 0.172612 0.000264256 -0.0827921
vn 0 -0.0254 0
v 0.17917 0.0125369 -0.0351624
vn 0 0.0254 0
v 0.179452 0.0146397 -0.0328368
vn 0 0.0254 0
v 0.17917 0.0125369 -0.0351624
vn -0.006574 0 0.0245345
v 0.156378 0.014053 -0.0295087
vn 0 0 0.0254
v 0.190171 0.0521283 -0.00464227
vn 0.0125908 -0.00332316 0.021808
v 0.194167 0.0525233 -0.00967805
vn 0.0125908 -0.00332316 0.021808
v 0.182815 0.0480859 -0.0563585
vn 0.0125908 -0.00332316 0.021808
v 0.195476 0.00892522 0.0245189
vn 0.0251817 -0.00332316 -0
v 0.199729 0.0130032 0.0219193
vn 0.0251817 -0.00332316 -0
v 0.190171 0.0521283 -0.00464227
vn 0.0251817 -0.00332316 -0
v 0.180058 0.000453616 -0.0838661
vn -0.0127 0 0.021997
v 0.17486 0.0520344 -0.0580774
vn -0.0127 0 0.021997
v 0.182307 0.0522237 -0.0591515
vn -0.0127 0 0.021997
v 0.17486 0.0520344 -0.0580774
vn 0 -0.0254 0
v 0.180058 0.000453616 -0.0838661
vn 0 0.0254 0
v 0.185871 -0.0468865 -0.0519125
vn 0 0.0254 0
v 0.156378 0.014053 -0.0295087
vn 0 0.0254 0
v 0.157005 0.0206408 -0.0240021
vn 0.00690697 0.0213151 0.0119632
v 0.152321 0.0284283 -0.0174195
vn 0.0179605 0 0.0179605
v 0.14721 0.0282983 -0.0166824
vn 0.00940595 -0.0216383 0.00940595
v 0.139387 0.0154968 -0.0179312
vn 0.0179605 0 0.0179605
v 0.134631 0.0103083 -0.00942906
vn 0 0.0254 0
v 0.135476 0.00900694 -0.00379779
vn 0 0.0254 0
v 0.134905 0.00750166 -0.00802777
vn 0 0.0254 0
v 0.134272 0.0126504 -0.0115031
vn 0 0.0254 0
v 0.1351 0.0128662 -0.0057248
vn 0 0.0254 0
v 0.133853 0.0143682 -0.0141084
vn 0 0.0254 0
v 0.134607 0.0160878 -0.0085772
vn 0 0.0254 0
v 0.133401 0.0153446 -0.0170677
vn 0 0.0254 0
v 0.13403 0.0184497 -0.0121597
vn 0 0.0254 0
v 0.14105 -0.00156167 -0.00941439
vn 0.00665102 -0.0216383 -0.0115199
v 0.135128 0.00127863 -0.00757348
vn 0.0179605 0 -0.0179605
v 0.15064 -0.00689829 0.000890287
vn 0.00665102 -0.0216383 -0.0115199
v 0.150269 -0.0123395 -0.00263888
vn 0.006574 0 -0.0245345
v 0.15538 -0.0122096 -0.003376
vn 0.0035753 0.0213151 -0.0133433
v 0.158776 -0.0115329 -0.01739
vn 0 0.0254 0
v 0.159667 -0.00667988 -0.010362
vn 0 0.0254 0
v 0.157578 -0.00774658 -0.0250285
vn 0 0.0254 0
v 0.158194 -0.0124269 -0.0215874
vn -0.00690697 0.0213151 -0.0119632
v 0.152235 -0.020485 -0.0266349
vn -0.00976793 0.0213151 -0.00976793
v 0.157571 -0.0121952 -0.0258667
vn -0.00976793 0.0213151 -0.00976793
v 0.180201 -0.0061834 -0.0313159
vn 0 -0.0254 0
v 0.157578 -0.00774658 -0.0250285
vn -0.0179605 0 -0.0179605
v 0.180652 -0.00715983 -0.0283566
vn -0.0179605 0 -0.0179605
v 0.180201 -0.0061834 -0.0313159
vn 0 0.0254 0
v 0.178425 -0.0470759 -0.0508385
vn -0.0254 0 0
v 0.180058 0.000453616 -0.0838661
vn -0.0254 0 0
v 0.185871 -0.0468865 -0.0519125
vn -0.0254 0 0
v 0.17899 0.00989867 -0.0368733
vn 0 -0.0254 0
v 0.17899 0.00989867 -0.0368733
vn 0 0.0254 0
v 0.156096 0.0119502 -0.0318343
vn -0.006574 0 0.0245345
v 0.295077 0.0690039 -0.0174957
vn 0.0125908 -0.00332316 0.021808
v 0.18804 0.0491573 -0.0527483
vn 0.0125908 -0.00332316 0.021808
v 0.200023 0.00482698 0.022516
vn 0.0125908 -0.00332316 -0.021808
v 0.195476 0.00892522 0.0245189
vn 0.0125908 -0.00332316 -0.021808
v 0.193424 -0.0383203 0.00196392
vn 0.0125908 -0.00332316 -0.021808
v 0.307416 0.0130128 0.025372
vn 0.0251817 -0.00332316 -0
v 0.195311 0.0489837 -0.00236682
vn 0.0251817 -0.00332316 -0
v 0.172612 0.000264256 -0.0827921
vn -0.0127 0 0.021997
v 0.180763 0.000841716 -0.0789133
vn 0 0.0254 0
v 0.186068 -0.0423614 -0.0497521
vn 0 0.0254 0
v 0.155285 0.0112654 -0.0375792
vn 0 0.0254 0
v 0.151386 0.0287759 -0.0238385
vn 0.00690697 0.0213151 0.0119632
v 0.157005 0.0206408 -0.0240021
vn 0 0.0254 0
v 0.151386 0.0287759 -0.0238385
vn 0.0127 0 0.021997
v 0.138934 0.0156658 -0.0210426
vn 0.00665102 -0.0216383 0.0115199
v 0.138934 0.0156658 -0.0210426
vn 0.0127 0 0.021997
v 0.135074 0.00442189 -0.00739489
vn 0 0.0254 0
v 0.132948 0.0155136 -0.0201792
vn 0 0.0254 0
v 0.135064 -0.00171389 -0.00855097
vn 0.0127 0 -0.021997
v 0.14105 -0.00156167 -0.00941439
vn 0.0127 0 -0.021997
v 0.13571 0.00477125 -0.00292705
vn 0 0.0254 0
v 0.135128 0.00127863 -0.00757348
vn 0 0.0254 0
v 0.14087 -0.00419936 -0.0111246
vn 0.00344282 -0.0216383 -0.0128488
v 0.15538 -0.0122096 -0.003376
vn 0.006574 0 -0.0245345
v 0.150269 -0.0123395 -0.00263888
vn 0.00344282 -0.0216383 -0.0128488
v 0.159279 -0.00957258 -0.0135619
vn 0 0.0213151 -0.0138139
v 0.159279 -0.00957258 -0.0135619
vn 0 0.0254 0
v 0.158776 -0.0115329 -0.01739
vn -0.0035753 0.0213151 -0.0133433
v 0.15317 -0.0208335 -0.0202154
vn -0.00690697 0.0213151 -0.0119632
v 0.156949 -0.0108516 -0.0299365
vn 0 0.0254 0
v 0.151303 -0.0184695 -0.032741
vn -0.0119632 0.0213151 -0.00690697
v 0.179781 -0.00446566 -0.0339212
vn 0 -0.0254 0
v 0.180201 -0.0061834 -0.0313159
vn -0.021997 0 -0.0127
v 0.179781 -0.00446566 -0.0339212
vn 0 0.0254 0
v 0.172612 0.000264256 -0.0827921
vn -0.0254 0 0
v 0.178925 0.00690615 -0.0378508
vn 0 -0.0254 0
v 0.17899 0.00989867 -0.0368733
vn -0.0127 0 0.021997
v 0.178925 0.00690615 -0.0378508
vn 0 0.0254 0
v 0.155195 0.00714985 -0.0389242
vn 0 0.0254 0
v 0.156096 0.0119502 -0.0318343
vn 0 0.0254 0
v 0.300402 0.070131 -0.0131816
vn 0.0125908 -0.00332316 0.021808
v 0.295077 0.0690039 -0.0174957
vn -0.0218094 0.00189672 0.0128807
v 0.194945 0.0478721 -0.00942512
vn -0.0218094 0.00189672 0.0128807
v 0.194167 0.0525233 -0.00967805
vn -0.0218094 0.00189672 0.0128807
v 0.194167 0.0525233 -0.00967805
vn 0.00166157 0.0251817 0.00287792
v 0.188818 0.044506 -0.0524954
vn 0.00166157 0.0251817 0.00287792
v 0.18804 0.0491573 -0.0527483
vn 0.00166157 0.0251817 0.00287792
v 0.290676 0.0647873 -0.081555
vn 0.0125908 -0.00332316 0.021808
v 0.302497 0.00856919 0.0232965
vn 0.0125908 -0.00332316 -0.021808
v 0.198315 -0.0345195 0.00373182
vn 0.0125908 -0.00332316 -0.021808
v 0.307416 0.0130128 0.025372
vn 0.0125908 -0.00332316 -0.021808
v 0.302203 0.0167454 0.0226997
vn 0.0251817 -0.00332316 -0
v 0.300402 0.070131 -0.0131816
vn 0.0251817 -0.00332316 -0
v 0.199729 0.0130032 0.0219193
vn 0.00332316 0.0251817 0
v 0.195437 0.0463531 -0.00628681
vn 0.00332316 0.0251817 0
v 0.195311 0.0489837 -0.00236682
vn 0.00332316 0.0251817 0
v 0.182815 0.0480859 -0.0563585
vn -0.0125908 -0.00332316 0.021808
v 0.18719 0.0445213 -0.059462
vn -0.0125908 -0.00332316 0.021808
v 0.180763 0.000841716 -0.0789133
vn -0.0125908 -0.00332316 0.021808
v 0.197464 -0.0391556 -0.00298184
vn -0.0125908 -0.00332316 -0.021808
v 0.193424 -0.0383203 0.00196392
vn -0.0125908 -0.00332316 -0.021808
v 0.186068 -0.0423614 -0.0497521
vn -0.0125908 -0.00332316 -0.021808
v 0.156422 0.019746 -0.0281989
vn 0.0035753 0.0213151 0.0133433
v 0.155532 0.0148929 -0.0352269
vn 0 0.0254 0
v 0.146275 0.028646 -0.0231014
vn 0.0127 0 0.021997
v 0.146275 0.028646 -0.0231014
vn 0.00665102 -0.0216383 0.0115199
v 0.132948 0.0155136 -0.0201792
vn 0.0127 0 0.021997
v 0.1351 0.0128662 -0.0057248
vn 0.0138139 0.0213151 0
v 0.131201 0.0116301 0.0047255
vn 0.0133433 0.0213151 -0.0035753
v 0.135476 0.00900694 -0.00379779
vn 0.0133433 0.0213151 -0.0035753
v 0.134607 0.0160878 -0.0085772
vn 0.0133433 0.0213151 0.0035753
v 0.130637 0.0174206 0.00183457
vn 0.0138139 0.0213151 0
v 0.13403 0.0184497 -0.0121597
vn 0.0119632 0.0213151 0.00690697
v 0.129896 0.0222525 -0.00244444
vn 0.0133433 0.0213151 0.0035753
v 0.132525 0.0148632 -0.0232307
vn 0 0.0254 0
v 0.134884 -0.00435158 -0.0102611
vn 0.006574 0 -0.0245345
v 0.135784 0.000447609 -0.00317284
vn 0 0.0254 0
v 0.135064 -0.00171389 -0.00855097
vn 0 0.0254 0
v 0.14087 -0.00419936 -0.0111246
vn 0.006574 0 -0.0245345
v 0.149687 -0.0166804 -0.00743873
vn 0 0 -0.0254
v 0.140588 -0.00630327 -0.0134518
vn 0 -0.0216383 -0.013302
v 0.154798 -0.0165504 -0.00817585
vn 0 0.0213151 -0.0138139
v 0.154044 -0.0194905 -0.01392
vn -0.0035753 0.0213151 -0.0133433
v 0.157127 -0.00677015 -0.0279878
vn 0 0.0254 0
v 0.156949 -0.0108516 -0.0299365
vn -0.0119632 0.0213151 -0.00690697
v 0.15317 -0.0208335 -0.0202154
vn -0.0127 0 -0.021997
v 0.147125 -0.020615 -0.0258978
vn -0.0179605 0 -0.0179605
v 0.152235 -0.020485 -0.0266349
vn -0.0179605 0 -0.0179605
v 0.151303 -0.0184695 -0.032741
vn -0.021997 0 -0.0127
v 0.179422 -0.00212355 -0.0359953
vn 0 -0.0254 0
v 0.157127 -0.00677015 -0.0279878
vn -0.021997 0 -0.0127
v 0.179781 -0.00446566 -0.0339212
vn -0.0245345 0 -0.006574
v 0.179422 -0.00212355 -0.0359953
vn 0 0.0254 0
v 0.178925 0.00690615 -0.0378508
vn -0.0179605 0 0.0179605
v 0.155916 0.00931192 -0.0335452
vn -0.0127 0 0.021997
v 0.178979 0.00376289 -0.0380294
vn 0 0.0254 0
v 0.15527 0.00282677 -0.0391692
vn 0 0.0254 0
v 0.295856 0.0643527 -0.0172429
vn -0.0218094 0.00189672 0.0128807
v 0.194945 0.0478721 -0.00942512
vn 0.00166157 0.0251817 0.00287792
v 0.188818 0.044506 -0.0524954
vn 0.0220597 0.00189672 -0.0124471
v 0.286781 0.0644463 -0.0758141
vn 0.0220597 0.00189672 -0.0124471
v 0.18804 0.0491573 -0.0527483
vn 0.0220597 0.00189672 -0.0124471
v 0.286781 0.0644463 -0.0758141
vn 0.0125908 -0.00332316 0.021808
v 0.290676 0.0647873 -0.081555
vn -0.0125908 -0.00332316 0.021808
v 0.28593 0.0598103 -0.0825278
vn -0.0125908 -0.00332316 0.021808
v 0.199981 0.0068632 0.018255
vn -0.0218094 0.00189672 -0.0128807
v 0.302497 0.00856919 0.0232965
vn -0.0218094 0.00189672 -0.0128807
v 0.200023 0.00482698 0.022516
vn -0.0218094 0.00189672 -0.0128807
v 0.300184 -0.0447072 -0.00213772
vn 0.0125908 -0.00332316 -0.021808
v 0.198272 -0.0324833 -0.000529157
vn 0.00166157 0.0251817 -0.00287792
v 0.200023 0.00482698 0.022516
vn 0.00166157 0.0251817 -0.00287792
v 0.198315 -0.0345195 0.00373182
vn 0.00166157 0.0251817 -0.00287792
v 0.304703 -0.0494483 -0.00444831
vn 0.0125908 -0.00332316 -0.021808
v 0.296221 0.0654643 -0.0101845
vn 0.0251817 -0.00332316 -0
v 0.302329 0.0141149 0.0187796
vn 0.000250317 0.00189672 0.0253278
v 0.199729 0.0130032 0.0219193
vn 0.000250317 0.00189672 0.0253278
v 0.302203 0.0167454 0.0226997
vn 0.000250317 0.00189672 0.0253278
v 0.199854 0.0103726 0.0179993
vn 0.00332316 0.0251817 0
v 0.296347 0.0628337 -0.0141046
vn 0.000250317 0.00189672 -0.0253278
v 0.195311 0.0489837 -0.00236682
vn 0.000250317 0.00189672 -0.0253278
v 0.195437 0.0463531 -0.00628681
vn 0.000250317 0.00189672 -0.0253278
v 0.185481 0.00517474 -0.0782462
vn -0.0125908 -0.00332316 0.021808
v 0.180763 0.000841716 -0.0789133
vn -0.0251817 -0.00332316 0
v 0.185775 -0.00300148 -0.0776494
vn -0.0251817 -0.00332316 0
v 0.186068 -0.0423614 -0.0497521
vn -0.0251817 -0.00332316 0
v 0.304703 -0.0494483 -0.00444831
vn -0.0125908 -0.00332316 -0.021808
v 0.191337 -0.0425216 -0.0460521
vn -0.0125908 -0.00332316 -0.021808
v 0.148672 0.00853748 -0.0462245
vn -0.00976793 0.0213151 0.00976793
v 0.155285 0.0112654 -0.0375792
vn -0.00690697 0.0213151 0.0119632
v 0.155195 0.00714985 -0.0389242
vn -0.00976793 0.0213151 0.00976793
v 0.150512 0.0274346 -0.030135
vn 0.0035753 0.0213151 0.0133433
v 0.156422 0.019746 -0.0281989
vn 0 0.0254 0
v 0.148806 0.0147108 -0.044207
vn -0.00690697 0.0213151 0.0119632
v 0.155532 0.0148929 -0.0352269
vn -0.0035753 0.0213151 0.0133433
v 0.150512 0.0274346 -0.030135
vn 0.006574 0 0.0245345
v 0.138511 0.0150154 -0.0240941
vn 0.00344282 -0.0216383 0.0128488
v 0.138511 0.0150154 -0.0240941
vn 0.006574 0 0.0245345
v 0.13571 0.00477125 -0.00292705
vn 0.0119632 0.0213151 -0.00690697
v 0.129031 0.0257968 -0.00781971
vn 0.0119632 0.0213151 0.00690697
v 0.133409 0.0197927 -0.0162304
vn 0 0.0254 0
v 0.132525 0.0148632 -0.0232307
vn 0.006574 0 0.0245345
v 0.134884 -0.00435158 -0.0102611
vn 0 0.0254 0
v 0.131551 0.00527585 0.00603149
vn 0.0119632 0.0213151 -0.00690697
v 0.135784 0.000447609 -0.00317284
vn 0.00976793 0.0213151 -0.00976793
v 0.134602 -0.00645549 -0.0125884
vn 0 0 -0.0254
v 0.154798 -0.0165504 -0.00817585
vn 0 0 -0.0254
v 0.149687 -0.0166804 -0.00743873
vn 0 -0.0216383 -0.013302
v 0.140588 -0.00630327 -0.0134518
vn 0 0 -0.0254
v 0.154044 -0.0194905 -0.01392
vn -0.006574 0 -0.0245345
v 0.14806 -0.0209634 -0.0194782
vn -0.0127 0 -0.021997
v 0.156373 -0.0084889 -0.0335196
vn 0 0.0254 0
v 0.150438 -0.0149252 -0.0381163
vn -0.0133433 0.0213151 -0.0035753
v 0.146193 -0.0185994 -0.0320039
vn -0.021997 0 -0.0127
v 0.179149 0.00068312 -0.0373965
vn 0 -0.0254 0
v 0.156707 -0.00505242 -0.0305931
vn -0.0245345 0 -0.006574
v 0.179422 -0.00212355 -0.0359953
vn -0.0254 0 0
v 0.179149 0.00068312 -0.0373965
vn 0 0.0254 0
v 0.178979 0.00376289 -0.0380294
vn 0 -0.0254 0
v 0.155851 0.0063194 -0.0345227
vn -0.0179605 0 0.0179605
v 0.155916 0.00931192 -0.0335452
vn 0 0.0254 0
v 0.155905 0.00317614 -0.0347013
vn -0.021997 0 0.0127
v 0.178979 0.00376289 -0.0380294
vn -0.021997 0 0.0127
v 0.148784 0.00205147 -0.0465922
vn -0.0119632 0.0213151 0.00690697
v 0.15527 0.00282677 -0.0391692
vn -0.0119632 0.0213151 0.00690697
v 0.300628 0.0753215 -0.0107035
vn 0 -0.0254 0
v 0.290676 0.0647873 -0.081555
vn 0 -0.0254 0
v 0.300402 0.070131 -0.0131816
vn 0 -0.0254 0
v 0.295077 0.0690039 -0.0174957
vn -0.00166157 -0.0251817 -0.00287792
v 0.28756 0.0597951 -0.0755613
vn -0.00166157 -0.0251817 -0.00287792
v 0.295856 0.0643527 -0.0172429
vn -0.00166157 -0.0251817 -0.00287792
v 0.28756 0.0597951 -0.0755613
vn 0.0220597 0.00189672 -0.0124471
v 0.287964 0.00232588 -0.111374
vn -0.0125908 -0.00332316 0.021808
v 0.302456 0.0106054 0.0190354
vn -0.0218094 0.00189672 -0.0128807
v 0.199981 0.0068632 0.018255
vn 0.00166157 0.0251817 -0.00287792
v 0.300184 -0.0447072 -0.00213772
vn 0.0220597 0.00189672 0.0124471
v 0.198272 -0.0324833 -0.000529157
vn 0.0220597 0.00189672 0.0124471
v 0.198315 -0.0345195 0.00373182
vn 0.0220597 0.00189672 0.0124471
v 0.308224 0.0134569 0.0310538
vn 0 -0.0254 0
v 0.307416 0.0130128 0.025372
vn 0 -0.0254 0
v 0.304703 -0.0494483 -0.00444831
vn 0 -0.0254 0
v 0.296221 0.0654643 -0.0101845
vn -0.00332316 -0.0251817 0
v 0.302329 0.0141149 0.0187796
vn -0.00332316 -0.0251817 0
v 0.302203 0.0167454 0.0226997
vn -0.00332316 -0.0251817 0
v 0.199854 0.0103726 0.0179993
vn 0.000250317 0.00189672 0.0253278
v 0.296221 0.0654643 -0.0101845
vn 0.000250317 0.00189672 -0.0253278
v 0.28593 0.0598103 -0.0825278
vn -0.0220597 0.00189672 -0.0124471
v 0.188453 0.0425161 -0.0553771
vn -0.0220597 0.00189672 -0.0124471
v 0.18719 0.0445213 -0.059462
vn -0.0220597 0.00189672 -0.0124471
v 0.188453 0.0425161 -0.0553771
vn -0.00166157 0.0251817 0.00287792
v 0.185481 0.00517474 -0.0782462
vn -0.00166157 0.0251817 0.00287792
v 0.18719 0.0445213 -0.059462
vn -0.00166157 0.0251817 0.00287792
v 0.283617 0.00653333 -0.107963
vn -0.0125908 -0.00332316 0.021808
v 0.287964 0.00232588 -0.111374
vn -0.0251817 -0.00332316 0
v 0.190193 -0.038982 -0.0533633
vn -0.0251817 -0.00332316 0
v 0.299333 -0.0493433 -0.00885138
vn -0.0125908 -0.00332316 -0.021808
v 0.291037 -0.0539014 -0.0671706
vn -0.0125908 -0.00332316 -0.021808
v 0.191337 -0.0425216 -0.0460521
vn -0.00166157 0.0251817 -0.00287792
v 0.197907 -0.0344732 -0.00341089
vn -0.00166157 0.0251817 -0.00287792
v 0.197464 -0.0391556 -0.00298184
vn -0.00166157 0.0251817 -0.00287792
v 0.155919 0.0177859 -0.0320283
vn 0 0.0213151 0.0138139
v 0.155919 0.0177859 -0.0320283
vn 0 0.0254 0
v 0.149176 0.0201536 -0.040679
vn -0.0035753 0.0213151 0.0133433
v 0.145401 0.0273046 -0.0293979
vn 0.006574 0 0.0245345
v 0.145401 0.0273046 -0.0293979
vn 0.00344282 -0.0216383 0.0128488
v 0.125526 0.0172906 0.00257169
vn 0.0254 0 0
v 0.131201 0.0116301 0.0047255
vn 0.0245345 0 -0.006574
v 0.130637 0.0174206 0.00183457
vn 0.0254 0 0
v 0.124786 0.0221226 -0.00170732
vn 0.0245345 0 0.006574
v 0.129896 0.0222525 -0.00244444
vn 0.0245345 0 0.006574
v 0.133409 0.0197927 -0.0162304
vn 0.00976793 0.0213151 0.00976793
v 0.123921 0.0256668 -0.00708259
vn 0.021997 0 0.0127
v 0.129031 0.0257968 -0.00781971
vn 0.021997 0 0.0127
v 0.132159 0.0134371 -0.0260154
vn 0 0.0254 0
v 0.138145 0.0135893 -0.0268789
vn 0 0 0.0254
v 0.134602 -0.00645549 -0.0125884
vn 0 0.0254 0
v 0.131663 -0.00121015 0.00566376
vn 0.00976793 0.0213151 -0.00976793
v 0.148933 -0.0196205 -0.0131828
vn -0.006574 0 -0.0245345
v 0.148933 -0.0196205 -0.0131828
vn -0.00344282 -0.0216383 -0.0128488
v 0.134237 -0.00788045 -0.0153715
vn -0.006574 0 -0.0245345
v 0.156707 -0.00505242 -0.0305931
vn 0 0.0254 0
v 0.156373 -0.0084889 -0.0335196
vn -0.0133433 0.0213151 -0.0035753
v 0.150438 -0.0149252 -0.0381163
vn -0.0245345 0 -0.006574
v 0.139799 -0.0083792 -0.0192872
vn -0.00665102 -0.0216383 -0.0115199
v 0.147125 -0.020615 -0.0258978
vn -0.00940595 -0.0216383 -0.00940595
v 0.14806 -0.0209634 -0.0194782
vn -0.00665102 -0.0216383 -0.0115199
v 0.139346 -0.00821022 -0.0223987
vn -0.00940595 -0.0216383 -0.00940595
v 0.146193 -0.0185994 -0.0320039
vn -0.0115199 -0.0216383 -0.00665102
v 0.156349 -0.0027103 -0.0326672
vn -0.0254 0 0
v 0.179149 0.00068312 -0.0373965
vn -0.0245345 0 0.006574
v 0.155851 0.0063194 -0.0345227
vn 0 0.0254 0
v 0.156075 9.63689e-05 -0.0340684
vn -0.0245345 0 0.006574
v 0.149134 -0.00430275 -0.0452862
vn -0.0133433 0.0213151 0.0035753
v 0.286781 0.0644463 -0.0758141
vn -0.00166157 -0.0251817 -0.00287792
v 0.290094 0.0695328 -0.0847581
vn 0 -0.0254 0
v 0.287155 0.00188174 -0.117056
vn 0 -0.0254 0
v 0.287964 0.00232588 -0.111374
vn 0 -0.0254 0
v 0.300142 -0.042671 -0.00639884
vn -0.00166157 -0.0251817 0.00287792
v 0.302497 0.00856919 0.0232965
vn -0.00166157 -0.0251817 0.00287792
v 0.302456 0.0106054 0.0190354
vn -0.00166157 -0.0251817 0.00287792
v 0.300142 -0.042671 -0.00639884
vn 0.0220597 0.00189672 0.0124471
v 0.300184 -0.0447072 -0.00213772
vn -0.00166157 -0.0251817 0.00287792
v 0.305286 -0.0541955 -0.00124404
vn 0 -0.0254 0
v 0.296347 0.0628337 -0.0141046
vn -0.00332316 -0.0251817 0
v 0.287195 0.0578052 -0.0784431
vn -0.0220597 0.00189672 -0.0124471
v 0.186745 0.00316956 -0.0741613
vn -0.00166157 0.0251817 0.00287792
v 0.186745 0.00316956 -0.0741613
vn 0.0218094 0.00189672 0.0128807
v 0.283617 0.00653333 -0.107963
vn 0.0218094 0.00189672 0.0128807
v 0.185481 0.00517474 -0.0782462
vn 0.0218094 0.00189672 0.0128807
v 0.283911 -0.00164233 -0.107365
vn -0.0251817 -0.00332316 0
v 0.294977 -0.0547923 -0.0728203
vn -0.0251817 -0.00332316 0
v 0.185775 -0.00300148 -0.0776494
vn -0.00332316 0.0251817 0
v 0.191289 -0.0363204 -0.0496195
vn -0.00332316 0.0251817 0
v 0.190193 -0.038982 -0.0533633
vn -0.00332316 0.0251817 0
v 0.294977 -0.0547923 -0.0728203
vn -0.0125908 -0.00332316 -0.021808
v 0.197907 -0.0344732 -0.00341089
vn -0.0220597 0.00189672 0.0124471
v 0.299333 -0.0493433 -0.00885138
vn -0.0220597 0.00189672 0.0124471
v 0.197464 -0.0391556 -0.00298184
vn -0.0220597 0.00189672 0.0124471
v 0.291037 -0.0539014 -0.0671706
vn 0.0218094 0.00189672 -0.0128807
v 0.19178 -0.0378393 -0.0464811
vn 0.0218094 0.00189672 -0.0128807
v 0.191337 -0.0425216 -0.0460521
vn 0.0218094 0.00189672 -0.0128807
v 0.19178 -0.0378393 -0.0464811
vn -0.00166157 0.0251817 -0.00287792
v 0.148672 0.00853748 -0.0462245
vn -0.0179605 0 0.0179605
v 0.143695 0.0145808 -0.0434699
vn -0.0127 0 0.021997
v 0.148806 0.0147108 -0.044207
vn -0.0127 0 0.021997
v 0.143673 0.00192151 -0.0458551
vn -0.021997 0 0.0127
v 0.148784 0.00205147 -0.0465922
vn -0.021997 0 0.0127
v 0.149758 0.0244931 -0.0358794
vn 0 0.0213151 0.0138139
v 0.144066 0.0200237 -0.0399418
vn -0.006574 0 0.0245345
v 0.149176 0.0201536 -0.040679
vn -0.006574 0 0.0245345
v 0.149758 0.0244931 -0.0358794
vn 0 0 0.0254
v 0.138145 0.0135893 -0.0268789
vn -0 -0.0216383 0.013302
v 0.12609 0.0115001 0.00546262
vn 0.0245345 0 -0.006574
v 0.131551 0.00527585 0.00603149
vn 0.021997 0 -0.0127
v 0.128099 0.0278124 -0.0139258
vn 0.00976793 0.0213151 0.00976793
v 0.122989 0.0276824 -0.0131887
vn 0.0179605 0 0.0179605
v 0.131066 0.0106495 -0.034086
vn 0 0.0254 0
v 0.132159 0.0134371 -0.0260154
vn 0 0 0.0254
v 0.135695 -0.00366736 -0.00451702
vn 0 0.0254 0
v 0.12644 0.0051459 0.00676861
vn 0.021997 0 -0.0127
v 0.131663 -0.00121015 0.00566376
vn 0.0179605 0 -0.0179605
v 0.135695 -0.00366736 -0.00451702
vn 0.00690697 0.0213151 -0.0119632
v 0.140223 -0.00772822 -0.0162349
vn -0.00344282 -0.0216383 -0.0128488
v 0.140223 -0.00772822 -0.0162349
vn -0.006574 0 -0.0245345
v 0.133352 -0.0128111 -0.0223735
vn 0 0.0254 0
v 0.134237 -0.00788045 -0.0153715
vn 0 0.0254 0
v 0.155879 -0.00526822 -0.0363714
vn 0 0.0254 0
v 0.149698 -0.0100932 -0.0423953
vn -0.0138139 0.0213151 0
v 0.145327 -0.0150552 -0.0373792
vn -0.0245345 0 -0.006574
v 0.138894 -0.00723379 -0.025358
vn -0.0115199 -0.0216383 -0.00665102
v 0.156349 -0.0027103 -0.0326672
vn 0 0.0254 0
v 0.155905 0.00317614 -0.0347013
vn 0 0.0254 0
v 0.155503 -0.00140809 -0.038299
vn 0 0.0254 0
v 0.156075 9.63689e-05 -0.0340684
vn 0 0.0254 0
v 0.155503 -0.00140809 -0.038299
vn -0.0133433 0.0213151 0.0035753
v 0.144023 -0.00443271 -0.0445491
vn -0.0245345 0 0.006574
v 0.149134 -0.00430275 -0.0452862
vn -0.0245345 0 0.006574
v 0.300628 0.0753215 -0.0107035
vn 0.0127 0 0.021997
v 0.296956 0.0697073 -0.085748
vn 0.0127 0 0.021997
v 0.290094 0.0695328 -0.0847581
vn 0.0127 0 0.021997
v 0.315087 0.0136315 0.030064
vn 0.0254 0 0
v 0.300628 0.0753215 -0.0107035
vn 0.0254 0 0
v 0.308224 0.0134569 0.0310538
vn 0.0254 0 0
v 0.294751 -0.0599828 -0.0752984
vn 0 -0.0254 0
v 0.283617 0.00653333 -0.107963
vn 0.00166157 -0.0251817 -0.00287792
v 0.287195 0.0578052 -0.0784431
vn 0.00166157 -0.0251817 -0.00287792
v 0.28593 0.0598103 -0.0825278
vn 0.00166157 -0.0251817 -0.00287792
v 0.305286 -0.0541955 -0.00124404
vn 0.0127 0 -0.021997
v 0.315087 0.0136315 0.030064
vn 0.0127 0 -0.021997
v 0.308224 0.0134569 0.0310538
vn 0.0127 0 -0.021997
v 0.284881 0.00452874 -0.103877
vn 0.0218094 0.00189672 0.0128807
v 0.289893 -0.0503612 -0.074481
vn -0.0251817 -0.00332316 0
v 0.285008 0.0010193 -0.103622
vn -0.000250317 0.00189672 -0.0253278
v 0.185775 -0.00300148 -0.0776494
vn -0.000250317 0.00189672 -0.0253278
v 0.283911 -0.00164233 -0.107365
vn -0.000250317 0.00189672 -0.0253278
v 0.186871 -0.00033988 -0.0739055
vn -0.00332316 0.0251817 0
v 0.29099 -0.0476996 -0.0707373
vn -0.000250317 0.00189672 0.0253278
v 0.190193 -0.038982 -0.0533633
vn -0.000250317 0.00189672 0.0253278
v 0.191289 -0.0363204 -0.0496195
vn -0.000250317 0.00189672 0.0253278
v 0.294977 -0.0547923 -0.0728203
vn 0 -0.0254 0
v 0.299777 -0.0446609 -0.00928057
vn -0.0220597 0.00189672 0.0124471
v 0.291481 -0.0492185 -0.067599
vn 0.0218094 0.00189672 -0.0128807
v 0.143561 0.00840752 -0.0454874
vn -0.0179605 0 0.0179605
v 0.144648 0.0243631 -0.0351422
vn 0 0 0.0254
v 0.144648 0.0243631 -0.0351422
vn -0 -0.0216383 0.013302
v 0.116396 0.00984462 -0.00679883
vn 0.013302 -0.0216383 -0
v 0.12609 0.0115001 0.00546262
vn 0.0128488 -0.0216383 -0.00344282
v 0.125526 0.0172906 0.00257169
vn 0.013302 -0.0216383 -0
v 0.116037 0.0121867 -0.00887287
vn 0.0128488 -0.0216383 0.00344282
v 0.124786 0.0221226 -0.00170732
vn 0.0128488 -0.0216383 0.00344282
v 0.115617 0.0139045 -0.0114782
vn 0.0115199 -0.0216383 0.00665102
v 0.123921 0.0256668 -0.00708259
vn 0.0115199 -0.0216383 0.00665102
v 0.132786 0.020025 -0.0205089
vn 0.00690697 0.0213151 0.0119632
v 0.128099 0.0278124 -0.0139258
vn 0.0179605 0 0.0179605
v 0.115166 0.0148809 -0.0144375
vn 0.00940595 -0.0216383 0.00940595
v 0.122989 0.0276824 -0.0131887
vn 0.00940595 -0.0216383 0.00940595
v 0.132786 0.020025 -0.0205089
vn 0 0.0254 0
v 0.130977 0.00653399 -0.035431
vn 0 0.0254 0
v 0.137863 0.0114865 -0.0292045
vn -0.006574 0 0.0245345
v 0.133975 -0.0130428 -0.0180941
vn 0 0.0254 0
v 0.126552 -0.00134011 0.00640088
vn 0.0179605 0 -0.0179605
v 0.131529 -0.00738428 0.00364682
vn 0.00690697 0.0213151 -0.0119632
v 0.133813 -0.00853142 -0.0184238
vn -0.0127 0 -0.021997
v 0.133813 -0.00853142 -0.0184238
vn 0 0.0254 0
v 0.155879 -0.00526822 -0.0363714
vn -0.0138139 0.0213151 0
v 0.149698 -0.0100932 -0.0423953
vn -0.0254 0 0
v 0.145327 -0.0150552 -0.0373792
vn -0.0128488 -0.0216383 -0.00344282
v 0.139799 -0.0083792 -0.0192872
vn -0.0127 0 -0.021997
v 0.13336 -0.00836244 -0.0215353
vn -0.0179605 0 -0.0179605
v 0.139346 -0.00821022 -0.0223987
vn -0.0179605 0 -0.0179605
v 0.138894 -0.00723379 -0.025358
vn -0.021997 0 -0.0127
v 0.144587 -0.0102232 -0.0416582
vn -0.0254 0 0
v 0.30749 0.075496 -0.0116934
vn 0.0127 0 0.021997
v 0.294018 0.00205626 -0.118046
vn -0.0127 0 0.021997
v 0.290094 0.0695328 -0.0847581
vn -0.0127 0 0.021997
v 0.296956 0.0697073 -0.085748
vn -0.0127 0 0.021997
v 0.287155 0.00188174 -0.117056
vn -0.0127 0 0.021997
v 0.30749 0.075496 -0.0116934
vn 0.0254 0 0
v 0.294018 0.00205626 -0.118046
vn -0.0254 0 0
v 0.294751 -0.0599828 -0.0752984
vn -0.0254 0 0
v 0.287155 0.00188174 -0.117056
vn -0.0254 0 0
v 0.284881 0.00452874 -0.103877
vn 0.00166157 -0.0251817 -0.00287792
v 0.294751 -0.0599828 -0.0752984
vn -0.0127 0 -0.021997
v 0.312148 -0.054021 -0.00223391
vn -0.0127 0 -0.021997
v 0.305286 -0.0541955 -0.00124404
vn -0.0127 0 -0.021997
v 0.312148 -0.054021 -0.00223391
vn 0.0127 0 -0.021997
v 0.289893 -0.0503612 -0.074481
vn 0.00332316 -0.0251817 -0
v 0.285008 0.0010193 -0.103622
vn 0.00332316 -0.0251817 -0
v 0.283911 -0.00164233 -0.107365
vn 0.00332316 -0.0251817 -0
v 0.186871 -0.00033988 -0.0739055
vn -0.000250317 0.00189672 -0.0253278
v 0.289893 -0.0503612 -0.074481
vn -0.000250317 0.00189672 0.0253278
v 0.299777 -0.0446609 -0.00928057
vn 0.00166157 -0.0251817 0.00287792
v 0.291037 -0.0539014 -0.0671706
vn 0.00166157 -0.0251817 0.00287792
v 0.299333 -0.0493433 -0.00885138
vn 0.00166157 -0.0251817 0.00287792
v 0.291481 -0.0492185 -0.067599
vn 0.00166157 -0.0251817 0.00287792
v 0.143561 0.00840752 -0.0454874
vn -0.00940595 -0.0216383 0.00940595
v 0.137684 0.00884828 -0.0309154
vn -0.00665102 -0.0216383 0.0115199
v 0.143695 0.0145808 -0.0434699
vn -0.00665102 -0.0216383 0.0115199
v 0.137863 0.0114865 -0.0292045
vn -0.00344282 -0.0216383 0.0128488
v 0.144066 0.0200237 -0.0399418
vn -0.00344282 -0.0216383 0.0128488
v 0.143673 0.00192151 -0.0458551
vn -0.0115199 -0.0216383 0.00665102
v 0.137619 0.00585576 -0.0318929
vn -0.00940595 -0.0216383 0.00940595
v 0.144023 -0.00443271 -0.0445491
vn -0.0128488 -0.0216383 0.00344282
v 0.137673 0.0027125 -0.0320715
vn -0.0115199 -0.0216383 0.00665102
v 0.116669 0.00703794 -0.00539755
vn 0.0128488 -0.0216383 -0.00344282
v 0.116839 0.00395817 -0.00476466
vn 0.0115199 -0.0216383 -0.00665102
v 0.12644 0.0051459 0.00676861
vn 0.0115199 -0.0216383 -0.00665102
v 0.127164 0.02816 -0.0203448
vn 0.00690697 0.0213151 0.0119632
v 0.127164 0.02816 -0.0203448
vn 0.0127 0 0.021997
v 0.114713 0.0150499 -0.0175489
vn 0.00665102 -0.0216383 0.0115199
v 0.131313 0.0142771 -0.0317336
vn 0 0.0254 0
v 0.131877 0.0113343 -0.028341
vn 0 0.0254 0
v 0.12445 0.00792154 -0.0427309
vn -0.00976793 0.0213151 0.00976793
v 0.131066 0.0106495 -0.034086
vn -0.00690697 0.0213151 0.0119632
v 0.130977 0.00653399 -0.035431
vn -0.00976793 0.0213151 0.00976793
v 0.131877 0.0113343 -0.028341
vn -0.006574 0 0.0245345
v 0.134558 -0.0121488 -0.0138967
vn 0 0.0254 0
v 0.116893 0.000814916 -0.00494325
vn 0.00940595 -0.0216383 -0.00940595
v 0.126552 -0.00134011 0.00640088
vn 0.00940595 -0.0216383 -0.00940595
v 0.126418 -0.00751423 0.00438394
vn 0.0127 0 -0.021997
v 0.131529 -0.00738428 0.00364682
vn 0.0127 0 -0.021997
v 0.135448 -0.00729575 -0.00686878
vn 0.0035753 0.0213151 -0.0133433
v 0.13336 -0.00836244 -0.0215353
vn 0 0.0254 0
v 0.133975 -0.0130428 -0.0180941
vn -0.00690697 0.0213151 -0.0119632
v 0.128014 -0.021101 -0.0231412
vn -0.00976793 0.0213151 -0.00976793
v 0.133352 -0.0128111 -0.0223735
vn -0.00976793 0.0213151 -0.00976793
v 0.138475 -0.00551605 -0.0279633
vn -0.0128488 -0.0216383 -0.00344282
v 0.132908 -0.00738601 -0.0244946
vn -0.021997 0 -0.0127
v 0.144587 -0.0102232 -0.0416582
vn -0.013302 -0.0216383 0
v 0.137843 -0.00036727 -0.0314386
vn -0.0128488 -0.0216383 0.00344282
v 0.30749 0.075496 -0.0116934
vn 0 0.0254 0
v 0.29727 0.0671519 -0.0840231
vn 0 0.0254 0
v 0.296956 0.0697073 -0.085748
vn 0 0.0254 0
v 0.294018 0.00205626 -0.118046
vn 0 0.0254 0
v 0.307369 0.072701 -0.0130273
vn 0 0.0254 0
v 0.315087 0.0136315 0.030064
vn 0 0.0254 0
v 0.301614 -0.0598083 -0.0762883
vn -0.0254 0 0
v 0.301614 -0.0598083 -0.0762883
vn -0.0127 0 -0.021997
v 0.311835 -0.0514647 -0.00395932
vn 0 0.0254 0
v 0.312148 -0.054021 -0.00223391
vn 0 0.0254 0
v 0.29099 -0.0476996 -0.0707373
vn 0.00332316 -0.0251817 -0
v -0.231072 0.00100875 0.0433189
vn 0.0254 0 0
v 0.116669 0.00703794 -0.00539755
vn 0.0245345 0 -0.006574
v 0.116396 0.00984462 -0.00679883
vn 0.0254 0 0
v -0.231431 0.00335086 0.0412449
vn 0.0245345 0 0.006574
v 0.116037 0.0121867 -0.00887287
vn 0.0245345 0 0.006574
v -0.231851 0.0050686 0.0386396
vn 0.021997 0 0.0127
v 0.115617 0.0139045 -0.0114782
vn 0.021997 0 0.0127
v -0.232302 0.00604503 0.0356803
vn 0.0179605 0 0.0179605
v 0.115166 0.0148809 -0.0144375
vn 0.0179605 0 0.0179605
v 0.132203 0.0191301 -0.0247057
vn 0.0035753 0.0213151 0.0133433
v 0.122054 0.02803 -0.0196077
vn 0.0127 0 0.021997
v 0.122054 0.02803 -0.0196077
vn 0.00665102 -0.0216383 0.0115199
v 0.114713 0.0150499 -0.0175489
vn 0.0127 0 0.021997
v 0.132203 0.0191301 -0.0247057
vn 0 0.0254 0
v 0.124584 0.0140948 -0.0407134
vn -0.00690697 0.0213151 0.0119632
v 0.131313 0.0142771 -0.0317336
vn -0.0035753 0.0213151 0.0133433
v 0.131051 0.00221091 -0.0356759
vn 0 0.0254 0
v 0.124562 0.00143553 -0.0430986
vn -0.0119632 0.0213151 0.00690697
v 0.137684 0.00884828 -0.0309154
vn -0.0127 0 0.021997
v 0.135448 -0.00729575 -0.00686878
vn 0 0.0254 0
v 0.134558 -0.0121488 -0.0138967
vn -0.0035753 0.0213151 -0.0133433
v 0.128948 -0.0214494 -0.0167217
vn -0.00690697 0.0213151 -0.0119632
v 0.116828 -0.00217761 -0.00592074
vn 0.00665102 -0.0216383 -0.0115199
v 0.126418 -0.00751423 0.00438394
vn 0.00665102 -0.0216383 -0.0115199
v 0.126048 -0.0129554 0.000854775
vn 0.006574 0 -0.0245345
v 0.131158 -0.0128255 0.000117654
vn 0.0035753 0.0213151 -0.0133433
v 0.132731 -0.0114675 -0.0264433
vn 0 0.0254 0
v 0.127082 -0.0190854 -0.0292474
vn -0.0119632 0.0213151 -0.00690697
v 0.138475 -0.00551605 -0.0279633
vn -0.0245345 0 -0.006574
v 0.132908 -0.00738601 -0.0244946
vn 0 0.0254 0
v 0.138116 -0.00317394 -0.0300374
vn -0.013302 -0.0216383 0
v 0.294453 0.00229502 -0.114986
vn 0 0.0254 0
v 0.314651 0.0133927 0.0270046
vn 0 0.0254 0
v 0.301614 -0.0598083 -0.0762883
vn 0 0.0254 0
v 0.137619 0.00585576 -0.0318929
vn -0.0179605 0 0.0179605
v 0.131698 0.00869606 -0.030052
vn -0.0127 0 0.021997
v 0.131687 0.00256028 -0.0312081
vn -0.021997 0 0.0127
v 0.137673 0.0027125 -0.0320715
vn -0.021997 0 0.0127
v 0.131856 -0.000519493 -0.0305752
vn -0.0245345 0 0.006574
v 0.137843 -0.00036727 -0.0314386
vn -0.0245345 0 0.006574
v -0.230799 -0.00179792 0.0447202
vn 0.0245345 0 -0.006574
v 0.116839 0.00395817 -0.00476466
vn 0.021997 0 -0.0127
v -0.230629 -0.00487769 0.0453531
vn 0.021997 0 -0.0127
v 0.116893 0.000814916 -0.00494325
vn 0.0179605 0 -0.0179605
v 0.12629 0.0268187 -0.0266413
vn 0.0035753 0.0213151 0.0133433
v 0.12629 0.0268187 -0.0266413
vn 0.006574 0 0.0245345
v 0.114289 0.0143995 -0.0206005
vn 0.00344282 -0.0216383 0.0128488
v -0.232755 0.00621401 0.0325688
vn 0.0127 0 0.021997
v 0.131701 0.01717 -0.0285351
vn 0 0.0254 0
v 0.124955 0.0195377 -0.0371853
vn -0.0035753 0.0213151 0.0133433
v 0.131698 0.00869606 -0.030052
vn 0 0.0254 0
v 0.131051 0.00221091 -0.0356759
vn -0.0119632 0.0213151 0.00690697
v 0.12445 0.00792154 -0.0427309
vn -0.0179605 0 0.0179605
v 0.119474 0.0139649 -0.0399762
vn -0.0127 0 0.021997
v 0.124584 0.0140948 -0.0407134
vn -0.0127 0 0.021997
v 0.119451 0.00130558 -0.0423615
vn -0.021997 0 0.0127
v 0.124562 0.00143553 -0.0430986
vn -0.021997 0 0.0127
v 0.13506 -0.0101884 -0.0100687
vn 0 0.0254 0
v 0.129822 -0.0201065 -0.0104263
vn -0.0035753 0.0213151 -0.0133433
v -0.23064 -0.0110135 0.044197
vn 0.0127 0 -0.021997
v 0.116828 -0.00217761 -0.00592074
vn 0.0127 0 -0.021997
v 0.116648 -0.0048153 -0.0076309
vn 0.00344282 -0.0216383 -0.0128488
v 0.131158 -0.0128255 0.000117654
vn 0.006574 0 -0.0245345
v 0.126048 -0.0129554 0.000854775
vn 0.00344282 -0.0216383 -0.0128488
v 0.13506 -0.0101884 -0.0100687
vn 0 0.0213151 -0.0138139
v 0.132731 -0.0114675 -0.0264433
vn -0.0119632 0.0213151 -0.00690697
v 0.128948 -0.0214494 -0.0167217
vn -0.0127 0 -0.021997
v 0.122903 -0.0212309 -0.0224041
vn -0.0179605 0 -0.0179605
v 0.128014 -0.021101 -0.0231412
vn -0.0179605 0 -0.0179605
v 0.127082 -0.0190854 -0.0292474
vn -0.021997 0 -0.0127
v 0.132489 -0.00566828 -0.0270999
vn -0.0245345 0 -0.006574
v 0.132154 -0.00910476 -0.0300263
vn 0 0.0254 0
v 0.13213 -0.00332617 -0.0291739
vn -0.0254 0 0
v 0.138116 -0.00317394 -0.0300374
vn -0.0254 0 0
v 0.315773 0.066822 -0.0171897
vn 0.0105577 0.0141175 0.0182864
v 0.29727 0.0671519 -0.0840231
vn 0.0105577 0.0141175 0.0182864
v 0.307369 0.072701 -0.0130273
vn 0.0105577 0.0141175 0.0182864
v 0.29727 0.0671519 -0.0840231
vn -0.0105577 0.0141175 0.0182864
v 0.304072 0.00303738 -0.10956
vn -0.0105577 0.0141175 0.0182864
v 0.294453 0.00229502 -0.114986
vn -0.0105577 0.0141175 0.0182864
v 0.32237 0.0130912 0.0190774
vn 0.0211153 0.0141175 0
v 0.307369 0.072701 -0.0130273
vn 0.0211153 0.0141175 0
v 0.314651 0.0133927 0.0270046
vn 0.0211153 0.0141175 0
v 0.301736 -0.0570133 -0.0749543
vn 0 0.0254 0
v 0.311835 -0.0514647 -0.00395932
vn 0.0105577 0.0141175 -0.0182864
v 0.32237 0.0130912 0.0190774
vn 0.0105577 0.0141175 -0.0182864
v 0.314651 0.0133927 0.0270046
vn 0.0105577 0.0141175 -0.0182864
v 0.131633 0.00570354 -0.0310295
vn -0.0179605 0 0.0179605
v -0.231072 0.00100875 0.0433189
vn 0 0.0254 0
v -0.230274 -0.000415503 0.048606
vn 0 0.0254 0
v -0.230799 -0.00179792 0.0447202
vn 0 0.0254 0
v -0.231431 0.00335086 0.0412449
vn 0 0.0254 0
v -0.230641 0.00335869 0.046722
vn 0 0.0254 0
v -0.231851 0.0050686 0.0386396
vn 0 0.0254 0
v -0.231124 0.00650781 0.0439329
vn 0 0.0254 0
v -0.232302 0.00604503 0.0356803
vn 0 0.0254 0
v -0.231688 0.00881808 0.0404296
vn 0 0.0254 0
v -0.230575 -0.00802095 0.0451745
vn 0.0179605 0 -0.0179605
v 0.131701 0.01717 -0.0285351
vn 0 0.0213151 0.0138139
v 0.12118 0.0266887 -0.0259042
vn 0.006574 0 0.0245345
v 0.12118 0.0266887 -0.0259042
vn 0.00344282 -0.0216383 0.0128488
v 0.114289 0.0143995 -0.0206005
vn 0.006574 0 0.0245345
v -0.232755 0.00621401 0.0325688
vn 0 0.0254 0
v 0.119844 0.0194077 -0.0364482
vn -0.006574 0 0.0245345
v 0.124955 0.0195377 -0.0371853
vn -0.006574 0 0.0245345
v 0.131633 0.00570354 -0.0310295
vn 0 0.0254 0
v 0.124912 -0.00491869 -0.0417926
vn -0.0133433 0.0213151 0.0035753
v 0.11934 0.00779158 -0.0419937
vn -0.0179605 0 0.0179605
v 0.119801 -0.00504865 -0.0410555
vn -0.0245345 0 0.006574
v 0.129822 -0.0201065 -0.0104263
vn -0.006574 0 -0.0245345
v 0.123838 -0.0215794 -0.0159846
vn -0.0127 0 -0.021997
v -0.23082 -0.0136512 0.0424869
vn 0.006574 0 -0.0245345
v 0.116648 -0.0048153 -0.0076309
vn 0.006574 0 -0.0245345
v 0.125466 -0.0172963 -0.00394508
vn 0 0 -0.0254
v 0.116366 -0.00691921 -0.00995813
vn 0 -0.0216383 -0.013302
v 0.130576 -0.0171663 -0.0046822
vn 0 0.0213151 -0.0138139
v 0.126216 -0.0155411 -0.0346227
vn -0.0133433 0.0213151 -0.0035753
v 0.121971 -0.0192153 -0.0285103
vn -0.021997 0 -0.0127
v 0.132489 -0.00566828 -0.0270999
vn 0 0.0254 0
v 0.132154 -0.00910476 -0.0300263
vn -0.0133433 0.0213151 -0.0035753
v 0.306623 0.0617948 -0.0815087
vn 0.0105577 0.0141175 0.0182864
v 0.315773 0.066822 -0.0171897
vn 0.0211153 0.0141175 0
v 0.306623 0.0617948 -0.0815087
vn -0.0105577 0.0141175 0.0182864
v 0.304072 0.00303738 -0.10956
vn -0.0211153 0.0141175 0
v 0.301736 -0.0570133 -0.0749543
vn -0.0211153 0.0141175 0
v 0.294453 0.00229502 -0.114986
vn -0.0211153 0.0141175 0
v 0.301736 -0.0570133 -0.0749543
vn -0.0105577 0.0141175 -0.0182864
v 0.319818 -0.0456667 -0.00897439
vn -0.0105577 0.0141175 -0.0182864
v 0.311835 -0.0514647 -0.00395932
vn -0.0105577 0.0141175 -0.0182864
v 0.319818 -0.0456667 -0.00897439
vn 0.0105577 0.0141175 -0.0182864
v 0.131687 0.00256028 -0.0312081
vn 0 0.0254 0
v 0.131284 -0.00202395 -0.0348058
vn 0 0.0254 0
v 0.131856 -0.000519493 -0.0305752
vn 0 0.0254 0
v 0.131661 -0.00588408 -0.0328782
vn 0 0.0254 0
v 0.13213 -0.00332617 -0.0291739
vn 0 0.0254 0
v -0.230629 -0.00487769 0.0453531
vn 0 0.0254 0
v -0.230045 -0.00455689 0.0494575
vn 0 0.0254 0
v -0.230575 -0.00802095 0.0451745
vn 0 0.0254 0
v 0.125536 0.0238772 -0.0323857
vn 0 0.0213151 0.0138139
v 0.125536 0.0238772 -0.0323857
vn 0 0 0.0254
v 0.113924 0.0129734 -0.0233852
vn -0 -0.0216383 0.013302
v -0.233179 0.0055636 0.0295173
vn 0.006574 0 0.0245345
v -0.232295 0.0101309 0.0364501
vn 0 0.0254 0
v 0.120426 0.0237472 -0.0316486
vn 0 0 0.0254
v 0.131284 -0.00202395 -0.0348058
vn -0.0133433 0.0213151 0.0035753
v 0.124912 -0.00491869 -0.0417926
vn -0.0245345 0 0.006574
v 0.11934 0.00779158 -0.0419937
vn -0.00940595 -0.0216383 0.00940595
v 0.113462 0.00823234 -0.0274218
vn -0.00665102 -0.0216383 0.0115199
v 0.119474 0.0139649 -0.0399762
vn -0.00665102 -0.0216383 0.0115199
v 0.113642 0.0108706 -0.0257108
vn -0.00344282 -0.0216383 0.0128488
v 0.119844 0.0194077 -0.0364482
vn -0.00344282 -0.0216383 0.0128488
v 0.119451 0.00130558 -0.0423615
vn -0.0115199 -0.0216383 0.00665102
v 0.113397 0.00523982 -0.0283993
vn -0.00940595 -0.0216383 0.00940595
v 0.119801 -0.00504865 -0.0410555
vn -0.0128488 -0.0216383 0.00344282
v 0.113451 0.00209656 -0.0285779
vn -0.0115199 -0.0216383 0.00665102
v 0.124712 -0.0202364 -0.00968919
vn -0.006574 0 -0.0245345
v -0.229972 -0.00878452 0.0492176
vn 0 0.0254 0
v -0.23064 -0.0110135 0.044197
vn 0 0.0254 0
v -0.23082 -0.0136512 0.0424869
vn 0 0.0254 0
v -0.231102 -0.0157551 0.0401596
vn 0 0 -0.0254
v 0.130576 -0.0171663 -0.0046822
vn 0 0 -0.0254
v 0.125466 -0.0172963 -0.00394508
vn 0 -0.0216383 -0.013302
v 0.116366 -0.00691921 -0.00995813
vn 0 0 -0.0254
v 0.126216 -0.0155411 -0.0346227
vn -0.0245345 0 -0.006574
v 0.115577 -0.00899514 -0.0157936
vn -0.00665102 -0.0216383 -0.0115199
v 0.122903 -0.0212309 -0.0224041
vn -0.00940595 -0.0216383 -0.00940595
v 0.123838 -0.0215794 -0.0159846
vn -0.00665102 -0.0216383 -0.0115199
v 0.115124 -0.00882616 -0.018905
vn -0.00940595 -0.0216383 -0.00940595
v 0.121971 -0.0192153 -0.0285103
vn -0.0115199 -0.0216383 -0.00665102
v 0.125476 -0.0107092 -0.0389017
vn -0.0138139 0.0213151 0
v 0.315773 0.066822 -0.0171897
vn 0 0.0254 0
v 0.306877 0.0597258 -0.0801122
vn 0 0.0254 0
v 0.306623 0.0617948 -0.0815087
vn 0 0.0254 0
v 0.315675 0.064559 -0.0182697
vn 0 0.0254 0
v 0.32237 0.0130912 0.0190774
vn 0 0.0254 0
v 0.304072 0.00303738 -0.10956
vn 0 0.0254 0
v 0.310669 -0.0506934 -0.0732926
vn -0.0211153 0.0141175 0
v 0.310669 -0.0506934 -0.0732926
vn -0.0105577 0.0141175 -0.0182864
v 0.319564 -0.0435978 -0.0103709
vn 0 0.0254 0
v 0.319818 -0.0456667 -0.00897439
vn 0 0.0254 0
v -0.238467 0.00657139 0.0529053
vn 0.0207129 0.0147016 0
v -0.230274 -0.000415503 0.048606
vn 0.0200071 0.0147016 -0.0053609
v -0.230641 0.00335869 0.046722
vn 0.0207129 0.0147016 0
v -0.23913 0.0108981 0.0490729
vn 0.0200071 0.0147016 0.0053609
v -0.231124 0.00650781 0.0439329
vn 0.0200071 0.0147016 0.0053609
v -0.239905 0.0140723 0.0442594
vn 0.0179379 0.0147016 0.0103564
v -0.231688 0.00881808 0.0404296
vn 0.0179379 0.0147016 0.0103564
v 0.120426 0.0237472 -0.0316486
vn -0 -0.0216383 0.013302
v 0.113924 0.0129734 -0.0233852
vn 0 0 0.0254
v -0.233179 0.0055636 0.0295173
vn 0 0.0254 0
v -0.240739 0.0158766 0.0387927
vn 0.0146462 0.0147016 0.0146462
v -0.232295 0.0101309 0.0364501
vn 0.0146462 0.0147016 0.0146462
v 0.120366 -0.0108391 -0.0381645
vn -0.0254 0 0
v 0.113621 -0.000983208 -0.027945
vn -0.0128488 -0.0216383 0.00344282
v 0.116001 -0.00834416 -0.0127412
vn -0.00344282 -0.0216383 -0.0128488
v 0.124712 -0.0202364 -0.00968919
vn -0.00344282 -0.0216383 -0.0128488
v -0.23006 -0.0128084 0.047902
vn 0 0.0254 0
v -0.231102 -0.0157551 0.0401596
vn 0 0.0254 0
v -0.231467 -0.01718 0.0373765
vn -0.006574 0 -0.0245345
v 0.121106 -0.0156711 -0.0338855
vn -0.0245345 0 -0.006574
v 0.114673 -0.00784973 -0.0218643
vn -0.0115199 -0.0216383 -0.00665102
v 0.131661 -0.00588408 -0.0328782
vn -0.0138139 0.0213151 0
v 0.125476 -0.0107092 -0.0389017
vn -0.0254 0 0
v 0.322018 0.0128972 0.016601
vn 0 0.0254 0
v 0.304424 0.0032306 -0.107083
vn 0 0.0254 0
v 0.310669 -0.0506934 -0.0732926
vn 0 0.0254 0
v -0.237962 0.00138559 0.0554937
vn 0.0200071 0.0147016 -0.0053609
v -0.230045 -0.00455689 0.0494575
vn 0.0179379 0.0147016 -0.0103564
v -0.237649 -0.00430467 0.0566635
vn 0.0179379 0.0147016 -0.0103564
v -0.229972 -0.00878452 0.0492176
vn 0.0146462 0.0147016 -0.0146462
v -0.233544 0.00413751 0.0267325
vn 0 0 0.0254
v -0.233544 0.00413751 0.0267325
vn 0 0.0254 0
v -0.241577 0.0161885 0.0330434
vn 0.0103564 0.0147016 0.0179379
v 0.120366 -0.0108391 -0.0381645
vn -0.013302 -0.0216383 0
v 0.113397 0.00523982 -0.0283993
vn -0.0179605 0 0.0179605
v -0.234006 -0.000603521 0.022696
vn -0.0127 0 0.021997
v 0.113462 0.00823234 -0.0274218
vn -0.0127 0 0.021997
v -0.233826 0.00203474 0.024407
vn -0.006574 0 0.0245345
v 0.113642 0.0108706 -0.0257108
vn -0.006574 0 0.0245345
v -0.234017 -0.0067393 0.0215399
vn -0.021997 0 0.0127
v 0.113451 0.00209656 -0.0285779
vn -0.021997 0 0.0127
v -0.233847 -0.00981907 0.0221728
vn -0.0245345 0 0.006574
v 0.113621 -0.000983208 -0.027945
vn -0.0245345 0 0.006574
v -0.237668 -0.0156409 0.0545276
vn 0.0103564 0.0147016 -0.0179379
v -0.23006 -0.0128084 0.047902
vn 0.0103564 0.0147016 -0.0179379
v -0.231742 -0.0219753 0.0346269
vn 0 0.0254 0
v 0.116001 -0.00834416 -0.0127412
vn -0.006574 0 -0.0245345
v -0.231467 -0.01718 0.0373765
vn 0 0.0254 0
v 0.121106 -0.0156711 -0.0338855
vn -0.0128488 -0.0216383 -0.00344282
v 0.115577 -0.00899514 -0.0157936
vn -0.0127 0 -0.021997
v -0.232344 -0.017662 0.0312127
vn -0.0179605 0 -0.0179605
v 0.115124 -0.00882616 -0.018905
vn -0.0179605 0 -0.0179605
v -0.231891 -0.017831 0.0343242
vn -0.0127 0 -0.021997
v 0.114673 -0.00784973 -0.0218643
vn -0.021997 0 -0.0127
v 0.315675 0.064559 -0.0182697
vn 0.00503433 0.0233191 0.00871972
v 0.327202 0.0245668 -0.0584084
vn 0.00615871 0.0222135 0.0106672
v 0.306877 0.0597258 -0.0801122
vn 0.00503433 0.0233191 0.00871972
v 0.322018 0.0128972 0.016601
vn 0.0100687 0.0233191 0
v 0.329943 0.0260725 -0.039139
vn 0.0123175 0.0222135 0
v 0.315675 0.064559 -0.0182697
vn 0.0100687 0.0233191 0
v 0.327202 0.0245668 -0.0584084
vn -0.00615871 0.0222135 0.0106672
v 0.304424 0.0032306 -0.107083
vn -0.00503433 0.0233191 0.00871972
v 0.306877 0.0597258 -0.0801122
vn -0.00503433 0.0233191 0.00871972
v 0.310767 -0.0484312 -0.072212
vn 0 0.0254 0
v 0.331155 -0.00762715 -0.0366781
vn 0.00615871 0.0222135 -0.0106672
v 0.322018 0.0128972 0.016601
vn 0.00503433 0.0233191 -0.00871972
v 0.319564 -0.0435978 -0.0103709
vn 0.00503433 0.0233191 -0.00871972
v -0.238467 0.00657139 0.0529053
vn 0 0.0254 0
v -0.237416 0.0028218 0.0595291
vn 0 0.0254 0
v -0.237962 0.00138559 0.0554937
vn 0 0.0254 0
v -0.23913 0.0108981 0.0490729
vn 0 0.0254 0
v -0.23802 0.00901119 0.0564386
vn 0 0.0254 0
v -0.239905 0.0140723 0.0442594
vn 0 0.0254 0
v -0.238811 0.0141765 0.0518649
vn 0 0.0254 0
v -0.240739 0.0158766 0.0387927
vn 0 0.0254 0
v -0.239736 0.0179649 0.0461185
vn 0 0.0254 0
v -0.237548 -0.0101114 0.0563341
vn 0.0146462 0.0147016 -0.0146462
v -0.234586 0.00119088 0.0189902
vn 0 0.0254 0
v -0.232904 0.0103578 0.0322653
vn 0.0103564 0.0147016 0.0179379
v -0.241577 0.0161885 0.0330434
vn 0 0.0254 0
v -0.240732 0.020119 0.0395913
vn 0 0.0254 0
v 0.113894 -0.00378988 -0.0265437
vn -0.013302 -0.0216383 0
v -0.234071 -0.00359604 0.0217185
vn -0.0179605 0 0.0179605
v -0.233574 -0.0126257 0.0235741
vn -0.0254 0 0
v -0.238 -0.0205142 0.0513674
vn 0.0053609 0.0147016 -0.0200071
v -0.230301 -0.016356 0.0456025
vn 0 0.0254 0
v -0.232351 -0.0217487 0.0304434
vn 0 0.0254 0
v 0.114253 -0.00613199 -0.0244697
vn -0.0128488 -0.0216383 -0.00344282
v -0.232795 -0.0166856 0.0282534
vn -0.021997 0 -0.0127
v 0.329943 0.0260725 -0.039139
vn 0.00615871 0.0222135 0.0106672
v 0.33192 0.00997552 -0.0282739
vn 0.0123175 0.0222135 0
v 0.326438 0.00696384 -0.0668113
vn -0.00615871 0.0222135 0.0106672
v 0.326438 0.00696384 -0.0668113
vn -0.0123175 0.0222135 0
v 0.310767 -0.0484312 -0.072212
vn -0.0100687 0.0233191 0
v 0.304424 0.0032306 -0.107083
vn -0.0100687 0.0233191 0
v 0.310767 -0.0484312 -0.072212
vn -0.00503433 0.0233191 -0.00871972
v 0.331155 -0.00762715 -0.0366781
vn -0.00615871 0.0222135 -0.0106672
v 0.319564 -0.0435978 -0.0103709
vn -0.00503433 0.0233191 -0.00871972
v 0.33192 0.00997552 -0.0282739
vn 0.00615871 0.0222135 -0.0106672
v -0.237649 -0.00430467 0.0566635
vn 0 0.0254 0
v -0.237042 -0.00397101 0.0609248
vn 0 0.0254 0
v -0.237548 -0.0101114 0.0563341
vn 0 0.0254 0
v -0.232904 0.0103578 0.0322653
vn 0 0.0254 0
v -0.234673 -0.0028333 0.0176759
vn 0 0.0254 0
v -0.242359 0.0149863 0.0274053
vn 0.0053609 0.0147016 0.0200071
v -0.242359 0.0149863 0.0274053
vn 0 0.0254 0
v 0.113894 -0.00378988 -0.0265437
vn -0.0254 0 0
v -0.2346 -0.00706011 0.0174355
vn 0 0.0254 0
v -0.234006 -0.000603521 0.022696
vn 0 0.0254 0
v -0.234071 -0.00359604 0.0217185
vn 0 0.0254 0
v -0.233826 0.00203474 0.024407
vn 0 0.0254 0
v -0.234017 -0.0067393 0.0215399
vn 0 0.0254 0
v -0.234372 -0.0112015 0.018287
vn 0 0.0254 0
v -0.233847 -0.00981907 0.0221728
vn 0 0.0254 0
v -0.234005 -0.0149757 0.020171
vn 0 0.0254 0
v -0.233574 -0.0126257 0.0235741
vn 0 0.0254 0
v -0.236923 -0.010904 0.0605312
vn 0 0.0254 0
v -0.237668 -0.0156409 0.0545276
vn 0 0.0254 0
v -0.230301 -0.016356 0.0456025
vn 0.0053609 0.0147016 -0.0200071
v -0.237066 -0.0175039 0.0583757
vn 0 0.0254 0
v -0.238 -0.0205142 0.0513674
vn 0 0.0254 0
v -0.231172 -0.0211011 0.0387309
vn 0 0.0254 0
v -0.231891 -0.017831 0.0343242
vn 0 0.0254 0
v -0.239979 -0.0282355 0.0362886
vn -0.0103564 0.0147016 -0.0179379
v -0.232351 -0.0217487 0.0304434
vn -0.0146462 0.0147016 -0.0146462
v -0.231742 -0.0219753 0.0346269
vn -0.0103564 0.0147016 -0.0179379
v 0.114253 -0.00613199 -0.0244697
vn -0.0245345 0 -0.006574
v -0.232344 -0.017662 0.0312127
vn 0 0.0254 0
v -0.232958 -0.0204351 0.0264634
vn 0 0.0254 0
v -0.232795 -0.0166856 0.0282534
vn 0 0.0254 0
v 0.32983 0.0215003 -0.0566237
vn 0.00900628 0.0179083 0.0155993
v 0.332039 0.022714 -0.041093
vn 0.0180126 0.0179083 0
v 0.32983 0.0215003 -0.0566237
vn -0.00900628 0.0179083 0.0155993
v 0.328414 -0.00913312 -0.0559461
vn -0.0123175 0.0222135 0
v 0.328414 -0.00913312 -0.0559461
vn -0.00615871 0.0222135 -0.0106672
v 0.333016 -0.00444651 -0.0391102
vn 0.00900628 0.0179083 -0.0155993
v -0.271023 0.00817195 0.0611988
vn 0.0254 0 0
v -0.237416 0.0028218 0.0595291
vn 0.0245345 0 -0.006574
v -0.23802 0.00901119 0.0564386
vn 0.0254 0 0
v -0.271814 0.0133373 0.0566252
vn 0.0245345 0 0.006574
v -0.238811 0.0141765 0.0518649
vn 0.0245345 0 0.006574
v -0.272739 0.0171257 0.0508787
vn 0.021997 0 0.0127
v -0.239736 0.0179649 0.0461185
vn 0.021997 0 0.0127
v -0.273735 0.0192797 0.0443516
vn 0.0179605 0 0.0179605
v -0.240732 0.020119 0.0395913
vn 0.0179605 0 0.0179605
v -0.234345 0.00473846 0.0212897
vn 0 0.0254 0
v -0.234673 -0.0028333 0.0176759
vn -0.0146462 0.0147016 0.0146462
v -0.243887 0.00359393 0.0148044
vn -0.0103564 0.0147016 0.0179379
v -0.234586 0.00119088 0.0189902
vn -0.0103564 0.0147016 0.0179379
v -0.233474 0.00948355 0.0281613
vn 0.0053609 0.0147016 0.0200071
v -0.241731 0.0204911 0.0327298
vn 0 0.0254 0
v -0.233215 -0.0149679 0.0256481
vn -0.0245345 0 -0.006574
v -0.233215 -0.0149679 0.0256481
vn 0 0.0254 0
v -0.238521 -0.0243999 0.0470691
vn 0 0.0147016 -0.0207129
v -0.238521 -0.0243999 0.0470691
vn 0 0.0254 0
v -0.230681 -0.0191837 0.0424739
vn 0 0.0254 0
v -0.239196 -0.0270333 0.0419267
vn -0.0053609 0.0147016 -0.0200071
v -0.231172 -0.0211011 0.0387309
vn -0.0053609 0.0147016 -0.0200071
v -0.240816 -0.0279236 0.0305393
vn -0.0146462 0.0147016 -0.0146462
v -0.233522 -0.0181248 0.0229601
vn 0 0.0254 0
v 0.332039 0.022714 -0.041093
vn 0.00900628 0.0179083 0.0155993
v 0.333632 0.00974064 -0.0323362
vn 0.0180126 0.0179083 0
v 0.329214 0.00731284 -0.0633963
vn -0.00900628 0.0179083 0.0155993
v 0.329214 0.00731284 -0.0633963
vn -0.0180126 0.0179083 0
v 0.333016 -0.00444651 -0.0391102
vn -0.00900628 0.0179083 -0.0155993
v 0.333632 0.00974064 -0.0323362
vn 0.00900628 0.0179083 -0.0155993
v -0.270419 0.00198256 0.0642894
vn 0.0245345 0 -0.006574
v -0.237042 -0.00397101 0.0609248
vn 0.021997 0 -0.0127
v -0.241731 0.0204911 0.0327298
vn 0.0127 0 0.021997
v -0.270045 -0.00481025 0.065685
vn 0.021997 0 -0.0127
v -0.236923 -0.010904 0.0605312
vn 0.0179605 0 -0.0179605
v -0.233474 0.00948355 0.0281613
vn 0 0.0254 0
v -0.243555 0.00846722 0.0179646
vn -0.0053609 0.0147016 0.0200071
v -0.234345 0.00473846 0.0212897
vn -0.0053609 0.0147016 0.0200071
v -0.244007 -0.00193558 0.0129979
vn -0.0146462 0.0147016 0.0146462
v -0.243034 0.0123524 0.0222621
vn 0 0.0147016 0.0207129
v -0.243034 0.0123524 0.0222621
vn 0 0.0254 0
v -0.243907 -0.00774233 0.0126685
vn -0.0179379 0.0147016 0.0103564
v -0.2346 -0.00706011 0.0174355
vn -0.0179379 0.0147016 0.0103564
v -0.243594 -0.0134331 0.0138375
vn -0.0200071 0.0147016 0.0053609
v -0.234372 -0.0112015 0.018287
vn -0.0200071 0.0147016 0.0053609
v -0.243088 -0.0186184 0.0164266
vn -0.0207129 0.0147016 0
v -0.234005 -0.0149757 0.020171
vn -0.0207129 0.0147016 0
v -0.270069 -0.0183431 0.0631359
vn 0.0127 0 -0.021997
v -0.237066 -0.0175039 0.0583757
vn 0.0127 0 -0.021997
v -0.230681 -0.0191837 0.0424739
vn 0 0.0147016 -0.0207129
v -0.239824 -0.0325389 0.0366027
vn 0 0.0254 0
v -0.240823 -0.0321659 0.0297407
vn 0 0.0254 0
v -0.240816 -0.0279236 0.0305393
vn 0 0.0254 0
v -0.239979 -0.0282355 0.0362886
vn 0 0.0254 0
v -0.232958 -0.0204351 0.0264634
vn -0.0179379 0.0147016 -0.0103564
v -0.239196 -0.0270333 0.0419267
vn 0 0.0254 0
v -0.24165 -0.0261193 0.0250725
vn -0.0179379 0.0147016 -0.0103564
v -0.233522 -0.0181248 0.0229601
vn -0.0200071 0.0147016 -0.0053609
v 0.335361 0.0203365 -0.0427654
vn 0.0115313 0.0106429 0.0199729
v 0.336677 0.00961678 -0.0355298
vn 0.0230627 0.0106429 0
v 0.333027 0.00761195 -0.0611926
vn -0.0115313 0.0106429 0.0199729
v 0.330807 -0.00566055 -0.0546395
vn -0.0180126 0.0179083 0
v 0.330807 -0.00566055 -0.0546395
vn -0.00900628 0.0179083 -0.0155993
v 0.336677 0.00961678 -0.0355298
vn 0.0115313 0.0106429 -0.0199729
v -0.287814 0.00238859 0.0556852
vn 0.0218173 -0.0130064 0
v -0.270419 0.00198256 0.0642894
vn 0.0210738 -0.0130064 -0.00564672
v -0.271023 0.00817195 0.0611988
vn 0.0218173 -0.0130064 0
v -0.288322 0.00570521 0.0527482
vn 0.0210738 -0.0130064 0.00564672
v -0.271814 0.0133373 0.0566252
vn 0.0210738 -0.0130064 0.00564672
v -0.288916 0.008137 0.0490585
vn 0.0188943 -0.0130064 0.0109086
v -0.272739 0.0171257 0.0508787
vn 0.0188943 -0.0130064 0.0109086
v -0.289556 0.00952058 0.0448681
vn 0.0154271 -0.0130064 0.0154271
v -0.273735 0.0192797 0.0443516
vn 0.0154271 -0.0130064 0.0154271
v -0.274734 0.0196518 0.0374901
vn 0.0127 0 0.021997
v -0.269926 -0.0117433 0.0652914
vn 0.0179605 0 -0.0179605
v -0.233965 0.00756619 0.0244183
vn 0 0.0254 0
v -0.244633 -0.00114295 0.00880078
vn 0 0.0254 0
v -0.243887 0.00359393 0.0148044
vn 0 0.0254 0
v -0.244007 -0.00193558 0.0129979
vn 0 0.0254 0
v -0.243555 0.00846722 0.0179646
vn 0 0.0254 0
v -0.233965 0.00756619 0.0244183
vn 0 0.0147016 0.0207129
v -0.244489 0.00545609 0.0109569
vn 0 0.0254 0
v -0.242426 -0.0229457 0.0202582
vn -0.0200071 0.0147016 -0.0053609
v -0.270465 -0.0241602 0.0593636
vn 0.006574 0 -0.0245345
v -0.237462 -0.0233209 0.0546034
vn 0 0.0254 0
v -0.24182 -0.0300119 0.0232135
vn 0 0.0254 0
v 0.333536 0.019333 -0.0555966
vn 0.0115313 0.0106429 0.0199729
v 0.335361 0.0203365 -0.0427654
vn 0.0230627 0.0106429 0
v 0.333536 0.019333 -0.0555966
vn -0.0115313 0.0106429 0.0199729
v 0.333027 0.00761195 -0.0611926
vn -0.0230627 0.0106429 0
v 0.336168 -0.00210486 -0.0411265
vn -0.0115313 0.0106429 -0.0199729
v 0.336168 -0.00210486 -0.0411265
vn 0.0115313 0.0106429 -0.0199729
v -0.287427 -0.00158587 0.0576695
vn 0.0210738 -0.0130064 -0.00564672
v -0.270045 -0.00481025 0.065685
vn 0.0188943 -0.0130064 -0.0109086
v -0.274734 0.0196518 0.0374901
vn 0.0109086 -0.0130064 0.0188943
v -0.242666 0.0190568 0.0259993
vn 0.006574 0 0.0245345
v -0.287187 -0.00594712 0.058565
vn 0.0188943 -0.0130064 -0.0109086
v -0.269926 -0.0117433 0.0652914
vn 0.0154271 -0.0130064 -0.0154271
v -0.244513 -0.00807598 0.0084072
vn 0 0.0254 0
v -0.243907 -0.00774233 0.0126685
vn 0 0.0254 0
v -0.244093 0.0112739 0.0147286
vn 0 0.0254 0
v -0.244139 -0.0148682 0.00980367
vn 0 0.0254 0
v -0.243594 -0.0134331 0.0138375
vn 0 0.0254 0
v -0.243536 -0.0210582 0.0128934
vn 0 0.0254 0
v -0.243088 -0.0186184 0.0164266
vn 0 0.0254 0
v -0.242745 -0.0262229 0.0174679
vn 0 0.0254 0
v -0.242426 -0.0229457 0.0202582
vn 0 0.0254 0
v -0.28711 -0.0103984 0.058313
vn 0.0154271 -0.0130064 -0.0154271
v -0.270069 -0.0183431 0.0631359
vn 0.0109086 -0.0130064 -0.0188943
v -0.237462 -0.0233209 0.0546034
vn 0.006574 0 -0.0245345
v -0.287202 -0.0146353 0.0569287
vn 0.0109086 -0.0130064 -0.0188943
v -0.270465 -0.0241602 0.0593636
vn 0.00564672 -0.0130064 -0.0210738
v -0.23889 -0.0311038 0.0433327
vn 0 0.0254 0
v -0.24165 -0.0261193 0.0250725
vn 0 0.0254 0
v -0.273826 -0.0330052 0.0345009
vn -0.0179605 0 -0.0179605
v -0.24182 -0.0300119 0.0232135
vn -0.021997 0 -0.0127
v -0.240823 -0.0321659 0.0297407
vn -0.0179605 0 -0.0179605
v -0.239824 -0.0325389 0.0366027
vn -0.0127 0 -0.021997
v 0.339478 0.0192495 -0.0439353
vn 0.0126272 0.00271559 0.021871
v 0.34066 0.00962155 -0.0374366
vn 0.0252544 0.00271559 0
v 0.337381 0.00781918 -0.0604882
vn -0.0126272 0.00271559 0.021871
v 0.334343 -0.00310781 -0.0539569
vn -0.0230627 0.0106429 0
v 0.334343 -0.00310781 -0.0539569
vn -0.0115313 0.0106429 -0.0199729
v 0.34066 0.00962155 -0.0374366
vn 0.0126272 0.00271559 -0.021871
v -0.287814 0.00238859 0.0556852
vn 0 -0.0254 0
v -0.288334 -0.000447383 0.0515783
vn 0 -0.0254 0
v -0.287427 -0.00158587 0.0576695
vn 0 -0.0254 0
v -0.288322 0.00570521 0.0527482
vn 0 -0.0254 0
v -0.288693 0.00189473 0.0495042
vn 0 -0.0254 0
v -0.288916 0.008137 0.0490585
vn 0 -0.0254 0
v -0.289564 0.00458889 0.0439396
vn 0 -0.0254 0
v -0.289556 0.00952058 0.0448681
vn 0 -0.0254 0
v -0.290441 0.00410746 0.0377766
vn 0 -0.0254 0
v -0.290197 0.00975956 0.0404627
vn 0.0109086 -0.0130064 0.0188943
v -0.275668 0.0182175 0.0307596
vn 0.006574 0 0.0245345
v -0.242666 0.0190568 0.0259993
vn 0 0.0254 0
v -0.277516 -0.00891522 0.0131674
vn -0.021997 0 0.0127
v -0.244633 -0.00114295 0.00880078
vn -0.0179605 0 0.0179605
v -0.244513 -0.00807598 0.0084072
vn -0.021997 0 0.0127
v -0.277492 0.00461685 0.0157171
vn -0.0127 0 0.021997
v -0.244489 0.00545609 0.0109569
vn -0.0127 0 0.021997
v -0.277096 0.0104347 0.0194888
vn -0.006574 0 0.0245345
v -0.244093 0.0112739 0.0147286
vn -0.006574 0 0.0245345
v -0.271087 -0.0287998 0.0542327
vn 0 0 -0.0254
v -0.287456 -0.0183705 0.0545063
vn 0.00564672 -0.0130064 -0.0210738
v -0.238084 -0.0279605 0.0494724
vn 0 0.0254 0
v -0.23889 -0.0311038 0.0433327
vn -0.006574 0 -0.0245345
v -0.272827 -0.0333781 0.0413629
vn -0.0127 0 -0.021997
v -0.274823 -0.0308512 0.0279738
vn -0.021997 0 -0.0127
v 0.337838 0.0183489 -0.0554621
vn 0.0126272 0.00271559 0.021871
v 0.339478 0.0192495 -0.0439353
vn 0.0252544 0.00271559 0
v 0.337838 0.0183489 -0.0554621
vn -0.0126272 0.00271559 0.021871
v 0.337381 0.00781918 -0.0604882
vn -0.0252544 0.00271559 0
v 0.338563 -0.00180882 -0.0539895
vn -0.0126272 0.00271559 -0.021871
v 0.340203 -0.000908738 -0.0424636
vn 0.0126272 0.00271559 -0.021871
v -0.288061 -0.00325406 0.0529795
vn 0 -0.0254 0
v -0.289113 0.00361246 0.0468989
vn 0 -0.0254 0
v -0.290017 0.00475788 0.0408281
vn 0 -0.0254 0
v -0.287891 -0.00633383 0.0536124
vn 0 -0.0254 0
v -0.287187 -0.00594712 0.058565
vn 0 -0.0254 0
v -0.290806 0.00268138 0.0349919
vn 0 -0.0254 0
v -0.275668 0.0182175 0.0307596
vn 0.00564672 -0.0130064 0.0210738
v -0.290197 0.00975956 0.0404627
vn 0 -0.0254 0
v -0.291968 0.000106056 0.0264829
vn 0 -0.0254 0
v -0.243471 0.0159122 0.0198593
vn 0 0 0.0254
v -0.243471 0.0159122 0.0198593
vn 0 0.0254 0
v -0.287902 -0.0124696 0.0524563
vn 0 -0.0254 0
v -0.28711 -0.0103984 0.058313
vn 0 -0.0254 0
v -0.277142 -0.0157075 0.0145639
vn -0.0245345 0 0.006574
v -0.244139 -0.0148682 0.00980367
vn -0.0245345 0 0.006574
v -0.277635 -0.00198219 0.013561
vn -0.0179605 0 0.0179605
v -0.276474 0.0150729 0.0246195
vn 0 0 0.0254
v -0.276539 -0.0218974 0.0176537
vn -0.0254 0 0
v -0.243536 -0.0210582 0.0128934
vn -0.0254 0 0
v -0.275748 -0.0270622 0.0222281
vn -0.0245345 0 -0.006574
v -0.242745 -0.0262229 0.0174679
vn -0.0245345 0 -0.006574
v -0.289614 -0.0240498 0.0385436
vn 0 -0.0254 0
v -0.287202 -0.0146353 0.0569287
vn 0 -0.0254 0
v -0.238084 -0.0279605 0.0494724
vn 0 0 -0.0254
v -0.271087 -0.0287998 0.0542327
vn 0 -0.0130064 -0.0218173
v -0.288373 -0.0233671 0.0472705
vn 0 -0.0254 0
v -0.287456 -0.0183705 0.0545063
vn 0 -0.0254 0
v -0.271893 -0.031943 0.0480929
vn -0.006574 0 -0.0245345
v -0.289614 -0.0240498 0.0385436
vn -0.0154271 -0.0130064 -0.0154271
v -0.274823 -0.0308512 0.0279738
vn -0.0188943 -0.0130064 -0.0109086
v -0.273826 -0.0330052 0.0345009
vn -0.0154271 -0.0130064 -0.0154271
v -0.272827 -0.0333781 0.0413629
vn -0.0109086 -0.0130064 -0.0188943
v 0.342172 0.018675 -0.0562363
vn 0.0124572 -0.00494279 0.0215765
v 0.345057 0.00975214 -0.0378077
vn 0.0249144 -0.00494279 0
v 0.341705 0.00791036 -0.0613751
vn -0.0124572 -0.00494279 0.0215765
v 0.338563 -0.00180882 -0.0539895
vn -0.0252544 0.00271559 0
v 0.340203 -0.000908738 -0.0424636
vn -0.0126272 0.00271559 -0.021871
v 0.34459 -0.00101307 -0.0429472
vn 0.0124572 -0.00494279 -0.0215765
v -0.545954 -0.00464722 0.0866107
vn 0.0245345 0 0.006574
v -0.288334 -0.000447383 0.0515783
vn 0.0254 0 0
v -0.288693 0.00189473 0.0495042
vn 0.0245345 0 0.006574
v -0.545595 -0.00698933 0.0886847
vn 0.0254 0 0
v -0.288061 -0.00325406 0.0529795
vn 0.0245345 0 -0.006574
v -0.546373 -0.00292949 0.0840054
vn 0.021997 0 0.0127
v -0.289113 0.00361246 0.0468989
vn 0.021997 0 0.0127
v -0.290017 0.00475788 0.0408281
vn 0.0127 0 0.021997
v -0.546825 -0.00195305 0.0810461
vn 0.0179605 0 0.0179605
v -0.289564 0.00458889 0.0439396
vn 0.0179605 0 0.0179605
v -0.287837 -0.00947708 0.0534338
vn 0 -0.0254 0
v -0.29206 -0.00413087 0.0250987
vn 0 -0.0254 0
v -0.290806 0.00268138 0.0349919
vn 0 0 0.0254
v -0.547701 -0.00243449 0.0748831
vn 0.006574 0 0.0245345
v -0.290441 0.00410746 0.0377766
vn 0.006574 0 0.0245345
v -0.547278 -0.00178407 0.0779346
vn 0.0127 0 0.021997
v -0.290797 0.00883786 0.0361412
vn 0.00564672 -0.0130064 0.0210738
v -0.291714 0.00384128 0.0289053
vn 0 -0.0254 0
v -0.288082 -0.0151073 0.0507462
vn 0 -0.0254 0
v -0.291983 -0.00858271 0.0248458
vn -0.0188943 -0.0130064 0.0109086
v -0.277635 -0.00198219 0.013561
vn -0.0154271 -0.0130064 0.0154271
v -0.277516 -0.00891522 0.0131674
vn -0.0188943 -0.0130064 0.0109086
v -0.291743 -0.0129434 0.0257421
vn -0.0210738 -0.0130064 0.00564672
v -0.277142 -0.0157075 0.0145639
vn -0.0210738 -0.0130064 0.00564672
v -0.29206 -0.00413087 0.0250987
vn -0.0154271 -0.0130064 0.0154271
v -0.277492 0.00461685 0.0157171
vn -0.0109086 -0.0130064 0.0188943
v -0.291968 0.000106056 0.0264829
vn -0.0109086 -0.0130064 0.0188943
v -0.277096 0.0104347 0.0194888
vn -0.00564672 -0.0130064 0.0210738
v -0.291714 0.00384128 0.0289053
vn -0.00564672 -0.0130064 0.0210738
v -0.276474 0.0150729 0.0246195
vn -0 -0.0130064 0.0218173
v -0.288364 -0.0172112 0.0484189
vn 0 -0.0254 0
v -0.288973 -0.0242888 0.0429489
vn 0 -0.0254 0
v -0.287856 -0.021349 0.0512119
vn 0 -0.0130064 -0.0218173
v -0.287856 -0.021349 0.0512119
vn 0 -0.0254 0
v -0.271893 -0.031943 0.0480929
vn -0.00564672 -0.0130064 -0.0210738
v -0.288973 -0.0242888 0.0429489
vn -0.0109086 -0.0130064 -0.0188943
v -0.290254 -0.0226668 0.0343523
vn -0.0188943 -0.0130064 -0.0109086
v 0.343849 0.0195962 -0.0444522
vn 0.0124572 -0.00494279 0.0215765
v 0.342172 0.018675 -0.0562363
vn -0.0124572 -0.00494279 0.0215765
v 0.343849 0.0195962 -0.0444522
vn 0.0249144 -0.00494279 0
v 0.345057 0.00975214 -0.0378077
vn 0.0124572 -0.00494279 -0.0215765
v 0.341705 0.00791036 -0.0613751
vn -0.0249144 -0.00494279 0
v 0.34459 -0.00101307 -0.0429472
vn -0.0124572 -0.00494279 -0.0215765
v -0.545321 -0.009796 0.090086
vn 0.0245345 0 -0.006574
v -0.287891 -0.00633383 0.0536124
vn 0.021997 0 -0.0127
v -0.545152 -0.0128758 0.0907189
vn 0.021997 0 -0.0127
v -0.287837 -0.00947708 0.0534338
vn 0.0179605 0 -0.0179605
v -0.291088 0.000578601 0.0326663
vn 0 -0.0254 0
v -0.548067 -0.00386057 0.0720983
vn 0 0 0.0254
v -0.290797 0.00883786 0.0361412
vn 0 -0.0254 0
v -0.545162 -0.0190116 0.0895628
vn 0.0127 0 -0.021997
v -0.287902 -0.0124696 0.0524563
vn 0.0127 0 -0.021997
v -0.545342 -0.0216492 0.0878527
vn 0.006574 0 -0.0245345
v -0.288082 -0.0151073 0.0507462
vn 0.006574 0 -0.0245345
v -0.291356 -0.0169179 0.0277264
vn -0.0218173 -0.0130064 0
v -0.276539 -0.0218974 0.0176537
vn -0.0218173 -0.0130064 0
v -0.291314 0.0068192 0.0321989
vn -0 -0.0130064 0.0218173
v -0.290848 -0.0202345 0.0306634
vn -0.0210738 -0.0130064 -0.00564672
v -0.275748 -0.0270622 0.0222281
vn -0.0210738 -0.0130064 -0.00564672
v -0.288729 -0.0186362 0.0456358
vn 0 -0.0254 0
v -0.288373 -0.0233671 0.0472705
vn -0.00564672 -0.0130064 -0.0210738
v -0.289153 -0.0192871 0.0425835
vn 0 -0.0254 0
v -0.290254 -0.0226668 0.0343523
vn 0 -0.0254 0
v 0.344055 0.0193937 -0.0569711
vn 0.0112823 -0.0116619 0.0195415
v 0.344055 0.0193937 -0.0569711
vn -0.0112823 -0.0116619 0.0195415
v 0.347136 0.00986463 -0.0372897
vn 0.0225646 -0.0116619 0
v 0.346637 -0.00163185 -0.0427793
vn 0.0112823 -0.0116619 -0.0195415
v 0.342914 -0.00193368 -0.0547305
vn -0.0249144 -0.00494279 0
v 0.342914 -0.00193368 -0.0547305
vn -0.0124572 -0.00494279 -0.0215765
v -0.559507 0.00275118 0.0952832
vn 0.0200342 0.0146619 0.00536816
v -0.545595 -0.00698933 0.0886847
vn 0.020741 0.0146619 0
v -0.545954 -0.00464722 0.0866107
vn 0.0200342 0.0146619 0.00536816
v -0.560282 0.00592534 0.0904697
vn 0.0179622 0.0146619 0.0103705
v -0.546373 -0.00292949 0.0840054
vn 0.0179622 0.0146619 0.0103705
v -0.558844 -0.00157557 0.0991156
vn 0.020741 0.0146619 0
v -0.545321 -0.009796 0.090086
vn 0.0200342 0.0146619 -0.00536816
v -0.561116 0.00772963 0.0850029
vn 0.0146661 0.0146619 0.0146661
v -0.546825 -0.00195305 0.0810461
vn 0.0146661 0.0146619 0.0146661
v -0.561954 0.00804157 0.0792536
vn 0.0103705 0.0146619 0.0179622
v -0.547278 -0.00178407 0.0779346
vn 0.0103705 0.0146619 0.0179622
v -0.545098 -0.016019 0.0905403
vn 0.0179605 0 -0.0179605
v -0.291983 -0.00858271 0.0248458
vn 0 -0.0254 0
v -0.291088 0.000578601 0.0326663
vn -0.006574 0 0.0245345
v -0.563411 0.00420541 0.0684723
vn 0 0.0146619 0.020741
v -0.547701 -0.00243449 0.0748831
vn 0.00536816 0.0146619 0.0200342
v -0.548067 -0.00386057 0.0720983
vn 0 0.0146619 0.020741
v -0.562736 0.00683938 0.0736155
vn 0.00536816 0.0146619 0.0200342
v -0.291314 0.0068192 0.0321989
vn 0 -0.0254 0
v -0.545624 -0.0237532 0.0855254
vn 0 0 -0.0254
v -0.288364 -0.0172112 0.0484189
vn 0 0 -0.0254
v -0.291333 -0.00505218 0.0299778
vn 0 -0.0254 0
v -0.291743 -0.0129434 0.0257421
vn 0 -0.0254 0
v -0.291109 -0.0112752 0.0304321
vn 0 -0.0254 0
v -0.291356 -0.0169179 0.0277264
vn 0 -0.0254 0
v -0.545989 -0.0251781 0.0827423
vn -0.006574 0 -0.0245345
v -0.288729 -0.0186362 0.0456358
vn -0.006574 0 -0.0245345
v -0.289606 -0.0191182 0.0394721
vn 0 -0.0254 0
v 0.345845 0.0203782 -0.0443862
vn 0.0112823 -0.0116619 0.0195415
v 0.343556 0.0078978 -0.0624598
vn -0.0112823 -0.0116619 0.0195415
v 0.345845 0.0203782 -0.0443862
vn 0.0225646 -0.0116619 0
v 0.347136 0.00986463 -0.0372897
vn 0.0112823 -0.0116619 -0.0195415
v 0.346637 -0.00163185 -0.0427793
vn -0.0112823 -0.0116619 -0.0195415
v 0.343556 0.0078978 -0.0624598
vn -0.0225646 -0.0116619 0
v -0.558339 -0.00676137 0.101704
vn 0.0200342 0.0146619 -0.00536816
v -0.545152 -0.0128758 0.0907189
vn 0.0179622 0.0146619 -0.0103705
v -0.558026 -0.0124516 0.102874
vn 0.0179622 0.0146619 -0.0103705
v -0.545098 -0.016019 0.0905403
vn 0.0146661 0.0146619 -0.0146661
v -0.291268 -0.00205966 0.0309553
vn 0 -0.0254 0
v -0.548349 -0.00596335 0.0697727
vn -0.006574 0 0.0245345
v -0.548349 -0.00596335 0.0697727
vn -0.00536816 0.0146619 0.0200342
v -0.558045 -0.0237879 0.100738
vn 0.0103705 0.0146619 -0.0179622
v -0.545162 -0.0190116 0.0895628
vn 0.0103705 0.0146619 -0.0179622
v -0.558377 -0.0286612 0.0975777
vn 0.00536816 0.0146619 -0.0200342
v -0.545342 -0.0216492 0.0878527
vn 0.00536816 0.0146619 -0.0200342
v -0.558899 -0.0325469 0.0932794
vn 0 0.0146619 -0.020741
v -0.545624 -0.0237532 0.0855254
vn 0 0.0146619 -0.020741
v -0.290836 -0.0140819 0.0318334
vn 0 -0.0254 0
v -0.290848 -0.0202345 0.0306634
vn 0 -0.0254 0
v -0.291279 -0.00819544 0.0297992
vn 0 -0.0254 0
v -0.290057 -0.0181417 0.0365128
vn 0 -0.0254 0
v -0.546413 -0.0258291 0.07969
vn -0.0127 0 -0.021997
v -0.289153 -0.0192871 0.0425835
vn -0.0127 0 -0.021997
v -0.546866 -0.0256601 0.0765785
vn -0.0179605 0 -0.0179605
v -0.289606 -0.0191182 0.0394721
vn -0.0179605 0 -0.0179605
v 0.345563 0.0205512 -0.0579614
vn 0.00919373 -0.0175231 0.015924
v 0.345011 0.00783525 -0.0640317
vn -0.00919373 -0.0175231 0.015924
v 0.348971 0.0100108 -0.0361923
vn 0.0183875 -0.0175231 -0
v 0.348418 -0.00270572 -0.0422634
vn 0.00919373 -0.0175231 -0.015924
v 0.344847 -0.00261581 -0.0553634
vn -0.0112823 -0.0116619 -0.0195415
v 0.344847 -0.00261581 -0.0553634
vn -0.0225646 -0.0116619 0
v -0.591633 0.00193423 0.099917
vn 0.0245345 0 0.006574
v -0.558844 -0.00157557 0.0991156
vn 0.0254 0 0
v -0.559507 0.00275118 0.0952832
vn 0.0245345 0 0.006574
v -0.592408 0.0051084 0.0951035
vn 0.021997 0 0.0127
v -0.560282 0.00592534 0.0904697
vn 0.021997 0 0.0127
v -0.593243 0.00691268 0.0896367
vn 0.0179605 0 0.0179605
v -0.561116 0.00772963 0.0850029
vn 0.0179605 0 0.0179605
v -0.590971 -0.00239252 0.103749
vn 0.0254 0 0
v -0.558339 -0.00676137 0.101704
vn 0.0245345 0 -0.006574
v -0.561954 0.00804157 0.0792536
vn 0.0127 0 0.021997
v -0.562736 0.00683938 0.0736155
vn 0.006574 0 0.0245345
v -0.59408 0.00722462 0.0838874
vn 0.0127 0 0.021997
v -0.557926 -0.0182584 0.102544
vn 0.0146661 0.0146619 -0.0146661
v -0.291268 -0.00205966 0.0309553
vn -0.0127 0 0.021997
v -0.563411 0.00420541 0.0684723
vn 0 0 0.0254
v -0.594863 0.00602244 0.0782493
vn 0.006574 0 0.0245345
v -0.563932 0.000320256 0.0641748
vn -0.00536816 0.0146619 0.0200342
v -0.559573 -0.0351803 0.088137
vn -0.00536816 0.0146619 -0.0200342
v -0.545989 -0.0251781 0.0827423
vn -0.00536816 0.0146619 -0.0200342
v -0.290477 -0.016424 0.0339074
vn 0 -0.0254 0
v -0.291333 -0.00505218 0.0299778
vn -0.0179605 0 0.0179605
v -0.548528 -0.0086016 0.0680618
vn -0.0127 0 0.021997
v -0.548539 -0.0147374 0.0669057
vn -0.021997 0 0.0127
v -0.291279 -0.00819544 0.0297992
vn -0.021997 0 0.0127
v -0.54837 -0.0178172 0.0675386
vn -0.0245345 0 0.006574
v -0.291109 -0.0112752 0.0304321
vn -0.0245345 0 0.006574
v -0.548096 -0.0206238 0.0689399
vn -0.0254 0 0
v -0.290836 -0.0140819 0.0318334
vn -0.0254 0 0
v -0.546413 -0.0258291 0.07969
vn -0.0103705 0.0146619 -0.0179622
v -0.290057 -0.0181417 0.0365128
vn -0.021997 0 -0.0127
v 0.347543 0.0216393 -0.0440413
vn 0.00919373 -0.0175231 0.015924
v 0.345563 0.0205512 -0.0579614
vn -0.00919373 -0.0175231 0.015924
v 0.345011 0.00783525 -0.0640317
vn -0.0183875 -0.0175231 0
v 0.347543 0.0216393 -0.0440413
vn 0.0183875 -0.0175231 -0
v 0.348971 0.0100108 -0.0361923
vn 0.00919373 -0.0175231 -0.015924
v 0.348418 -0.00270572 -0.0422634
vn -0.00919373 -0.0175231 -0.015924
v -0.590465 -0.00757832 0.106338
vn 0.0245345 0 -0.006574
v -0.558026 -0.0124516 0.102874
vn 0.021997 0 -0.0127
v -0.590152 -0.0132686 0.107508
vn 0.021997 0 -0.0127
v -0.557926 -0.0182584 0.102544
vn 0.0179605 0 -0.0179605
v -0.595537 0.00338846 0.0731061
vn 0 0 0.0254
v -0.548528 -0.0086016 0.0680618
vn -0.0103705 0.0146619 0.0179622
v -0.563932 0.000320256 0.0641748
vn -0.006574 0 0.0245345
v -0.590172 -0.0246048 0.105372
vn 0.0127 0 -0.021997
v -0.558045 -0.0237879 0.100738
vn 0.0127 0 -0.021997
v -0.590504 -0.0294781 0.102211
vn 0.006574 0 -0.0245345
v -0.558377 -0.0286612 0.0975777
vn 0.006574 0 -0.0245345
v -0.591025 -0.0333638 0.0979131
vn 0 0 -0.0254
v -0.558899 -0.0325469 0.0932794
vn 0 0 -0.0254
v -0.5917 -0.0359972 0.0927708
vn -0.006574 0 -0.0245345
v -0.559573 -0.0351803 0.088137
vn -0.006574 0 -0.0245345
v -0.547737 -0.0229659 0.0710139
vn -0.0245345 0 -0.006574
v -0.290477 -0.016424 0.0339074
vn -0.0245345 0 -0.006574
v -0.548593 -0.0115941 0.0670843
vn -0.0179605 0 0.0179605
v -0.547318 -0.0246837 0.0736192
vn -0.021997 0 -0.0127
v -0.560356 -0.0363825 0.0824989
vn -0.0103705 0.0146619 -0.0179622
v -0.546866 -0.0256601 0.0765785
vn -0.0146661 0.0146619 -0.0146661
v 0.348797 0.0232723 -0.0434473
vn 0.0061086 -0.0222688 0.0105804
v 0.345945 0.00772865 -0.0659569
vn -0.0061086 -0.0222688 0.0105804
v 0.346438 -0.00379322 -0.0561827
vn -0.0183875 -0.0175231 0
v 0.350405 0.0101777 -0.0346087
vn 0.0122172 -0.0222688 -0
v 0.350405 0.0101777 -0.0346087
vn 0.0061086 -0.0222688 -0.0105804
v 0.346438 -0.00379322 -0.0561827
vn -0.00919373 -0.0175231 -0.015924
v -0.591633 0.00193423 0.099917
vn 0 0.0254 0
v -0.590022 0.0027787 0.111238
vn 0 0.0254 0
v -0.590971 -0.00239252 0.103749
vn 0 0.0254 0
v -0.592408 0.0051084 0.0951035
vn 0 0.0254 0
v -0.590957 0.00888233 0.105833
vn 0 0.0254 0
v -0.593243 0.00691268 0.0896367
vn 0 0.0254 0
v -0.59205 0.0133598 0.0990432
vn 0 0.0254 0
v -0.589309 -0.00453551 0.11489
vn 0 0.0254 0
v -0.590465 -0.00757832 0.106338
vn 0 0.0254 0
v -0.59408 0.00722462 0.0838874
vn 0 0.0254 0
v -0.594863 0.00602244 0.0782493
vn 0 0.0254 0
v -0.590052 -0.0190753 0.107178
vn 0.0179605 0 -0.0179605
v -0.595537 0.00338846 0.0731061
vn 0 0.0254 0
v -0.593227 0.0159044 0.0913309
vn 0 0.0254 0
v -0.564264 -0.00455304 0.0610147
vn -0.0103705 0.0146619 0.0179622
v -0.596058 -0.000496691 0.0688086
vn -0.006574 0 0.0245345
v -0.592482 -0.0371994 0.0871327
vn -0.0127 0 -0.021997
v -0.548593 -0.0115941 0.0670843
vn -0.0146661 0.0146619 0.0146661
v -0.564284 -0.0158893 0.0588787
vn -0.0179622 0.0146619 0.0103705
v -0.548539 -0.0147374 0.0669057
vn -0.0179622 0.0146619 0.0103705
v -0.563971 -0.0215801 0.0600477
vn -0.0200342 0.0146619 0.00536816
v -0.54837 -0.0178172 0.0675386
vn -0.0200342 0.0146619 0.00536816
v -0.563465 -0.0267653 0.0626369
vn -0.020741 0.0146619 0
v -0.548096 -0.0206238 0.0689399
vn -0.020741 0.0146619 0
v -0.562803 -0.0310927 0.0664685
vn -0.0200342 0.0146619 -0.00536816
v -0.547737 -0.0229659 0.0710139
vn -0.0200342 0.0146619 -0.00536816
v -0.561193 -0.0360705 0.0767495
vn -0.0146661 0.0146619 -0.0146661
v -0.560356 -0.0363825 0.0824989
vn -0.0127 0 -0.021997
v -0.547318 -0.0246837 0.0736192
vn -0.0179622 0.0146619 -0.0103705
v 0.346567 0.0220466 -0.0591213
vn 0.0061086 -0.0222688 0.0105804
v 0.348797 0.0232723 -0.0434473
vn 0.0122172 -0.0222688 -0
v 0.346567 0.0220466 -0.0591213
vn -0.0061086 -0.0222688 0.0105804
v 0.347553 -0.00536595 -0.0571183
vn -0.0122172 -0.0222688 0
v 0.345945 0.00772865 -0.0659569
vn -0.0122172 -0.0222688 0
v 0.349783 -0.00414091 -0.0414452
vn 0.0061086 -0.0222688 -0.0105804
v 0.347553 -0.00536595 -0.0571183
vn -0.0061086 -0.0222688 -0.0105804
v -0.590152 -0.0132686 0.107508
vn 0 0.0254 0
v -0.588867 -0.0125622 0.11654
vn 0 0.0254 0
v -0.590052 -0.0190753 0.107178
vn 0 0.0254 0
v -0.597667 -0.00142148 0.0574937
vn 0 0.0254 0
v -0.564264 -0.00455304 0.0610147
vn -0.0127 0 0.021997
v -0.597836 -0.00922093 0.0549455
vn 0 0.0254 0
v -0.596058 -0.000496691 0.0688086
vn 0 0.0254 0
v -0.588726 -0.0207547 0.116075
vn 0 0.0254 0
v -0.590172 -0.0246048 0.105372
vn 0 0.0254 0
v -0.590504 -0.0294781 0.102211
vn 0 0.0254 0
v -0.591025 -0.0333638 0.0979131
vn 0 0.0254 0
v -0.593335 -0.04588 0.0796897
vn 0 0.0254 0
v -0.5917 -0.0359972 0.0927708
vn 0 0.0254 0
v -0.592482 -0.0371994 0.0871327
vn 0 0.0254 0
v -0.562028 -0.0342663 0.0712828
vn -0.0179622 0.0146619 -0.0103705
v -0.564384 -0.0100825 0.0592082
vn -0.0146661 0.0146619 0.0146661
v -0.593319 -0.0368875 0.0813833
vn -0.0179605 0 -0.0179605
v -0.561193 -0.0360705 0.0767495
vn -0.0179605 0 -0.0179605
v 0.349503 0.0251357 -0.0426549
vn 0.00425707 -0.0239305 0.00737344
v 0.351319 0.0103524 -0.0326764
vn 0.00851411 -0.0239305 -0
v 0.346284 0.0075858 -0.0680699
vn -0.00425707 -0.0239305 0.00737344
v 0.348099 -0.00719757 -0.0580914
vn -0.00851411 -0.0239305 0
v 0.349783 -0.00414091 -0.0414452
vn -0.0061086 -0.0222688 -0.0105804
v 0.351319 0.0103524 -0.0326764
vn 0.00425707 -0.0239305 -0.00737344
v -0.595922 0.00875608 0.106549
vn 0.0245345 0 0.006574
v -0.590022 0.0027787 0.111238
vn 0.0254 0 0
v -0.590957 0.00888233 0.105833
vn 0.0245345 0 0.006574
v -0.594987 0.00265244 0.111954
vn 0.0254 0 0
v -0.589309 -0.00453551 0.11489
vn 0.0245345 0 -0.006574
v -0.597015 0.0132336 0.0997594
vn 0.021997 0 0.0127
v -0.59205 0.0133598 0.0990432
vn 0.021997 0 0.0127
v -0.598192 0.0157782 0.0920471
vn 0.0179605 0 0.0179605
v -0.593227 0.0159044 0.0913309
vn 0.0179605 0 0.0179605
v -0.594408 0.0163443 0.0832214
vn 0 0.0254 0
v -0.59639 -0.00536998 0.0656485
vn -0.0127 0 0.021997
v -0.597695 -0.0174126 0.05448
vn 0 0.0254 0
v -0.588895 -0.0285533 0.113526
vn 0 0.0254 0
v -0.592154 -0.0463192 0.0877987
vn 0 0.0254 0
v -0.593319 -0.0368875 0.0813833
vn 0 0.0254 0
v -0.564384 -0.0100825 0.0592082
vn -0.0179605 0 0.0179605
v -0.59641 -0.0167062 0.0635125
vn -0.021997 0 0.0127
v -0.564284 -0.0158893 0.0588787
vn -0.021997 0 0.0127
v -0.596097 -0.0223971 0.0646815
vn -0.0245345 0 0.006574
v -0.563971 -0.0215801 0.0600477
vn -0.0245345 0 0.006574
v -0.595592 -0.0275823 0.0672707
vn -0.0254 0 0
v -0.563465 -0.0267653 0.0626369
vn -0.0254 0 0
v -0.594929 -0.0319096 0.0711023
vn -0.0245345 0 -0.006574
v -0.562803 -0.0310927 0.0664685
vn -0.0245345 0 -0.006574
v -0.594154 -0.0350832 0.0759166
vn -0.021997 0 -0.0127
v -0.562028 -0.0342663 0.0712828
vn -0.021997 0 -0.0127
v 0.346986 0.0237522 -0.060352
vn 0.00425707 -0.0239305 0.00737344
v 0.349503 0.0251357 -0.0426549
vn 0.00851411 -0.0239305 -0
v 0.346986 0.0237522 -0.060352
vn -0.00425707 -0.0239305 0.00737344
v 0.346284 0.0075858 -0.0680699
vn -0.00851411 -0.0239305 0
v 0.348099 -0.00719757 -0.0580914
vn -0.00425707 -0.0239305 -0.00737344
v 0.350616 -0.00581458 -0.0403951
vn 0.00425707 -0.0239305 -0.00737344
v -0.594274 -0.00466177 0.115606
vn 0.0245345 0 -0.006574
v -0.588867 -0.0125622 0.11654
vn 0.021997 0 -0.0127
v -0.594408 0.0163443 0.0832214
vn 0.0127 0 0.021997
v -0.593832 -0.0126885 0.117256
vn 0.021997 0 -0.0127
v -0.588726 -0.0207547 0.116075
vn 0.0179605 0 -0.0179605
v -0.597199 0.00545306 0.0619501
vn 0 0.0254 0
v -0.597836 -0.00922093 0.0549455
vn -0.0179605 0 0.0179605
v -0.602632 -0.00154774 0.0582098
vn -0.0127 0 0.021997
v -0.597667 -0.00142148 0.0574937
vn -0.0127 0 0.021997
v -0.59639 -0.00536998 0.0656485
vn 0 0.0254 0
v -0.60266 -0.0175389 0.0551961
vn -0.021997 0 0.0127
v -0.597695 -0.0174126 0.05448
vn -0.021997 0 0.0127
v -0.59386 -0.0286796 0.114243
vn 0.0127 0 -0.021997
v -0.588895 -0.0285533 0.113526
vn 0.0127 0 -0.021997
v -0.592154 -0.0463192 0.0877987
vn -0.0127 0 -0.021997
v -0.5983 -0.0460063 0.0804058
vn -0.0179605 0 -0.0179605
v -0.593335 -0.04588 0.0796897
vn -0.0179605 0 -0.0179605
v -0.594512 -0.0433346 0.0719768
vn 0 0.0254 0
v -0.59651 -0.0108995 0.063842
vn -0.0179605 0 0.0179605
v 0.349619 0.0277974 -0.0413845
vn 0 -0.0254 0
v 0.346986 0.0237522 -0.060352
vn 0 -0.0254 0
v 0.349503 0.0251357 -0.0426549
vn 0 -0.0254 0
v 0.351733 0.0105798 -0.0297629
vn 0 -0.0254 0
v 0.351319 0.0103524 -0.0326764
vn 0 -0.0254 0
v 0.345869 0.00735836 -0.0709834
vn 0 -0.0254 0
v 0.346284 0.0075858 -0.0680699
vn 0 -0.0254 0
v 0.347984 -0.00985923 -0.0593618
vn 0 -0.0254 0
v 0.348099 -0.00719757 -0.0580914
vn 0 -0.0254 0
v 0.350616 -0.00581458 -0.0403951
vn -0.00425707 -0.0239305 -0.00737344
v 0.350616 -0.00581458 -0.0403951
vn 0 -0.0254 0
v -0.595922 0.00875608 0.106549
vn 0 -0.0254 0
v -0.601505 -0.0328798 0.0604981
vn 0 -0.0254 0
v -0.594987 0.00265244 0.111954
vn 0 -0.0254 0
v -0.597015 0.0132336 0.0997594
vn 0 -0.0254 0
v -0.602218 -0.0255656 0.0568463
vn 0 -0.0254 0
v -0.60057 -0.0389834 0.065903
vn 0 -0.0254 0
v -0.594274 -0.00466177 0.115606
vn 0 -0.0254 0
v -0.598192 0.0157782 0.0920471
vn 0 -0.0254 0
v -0.60266 -0.0175389 0.0551961
vn 0 -0.0254 0
v -0.599373 0.0162181 0.0839375
vn 0.0127 0 0.021997
v -0.593691 -0.020881 0.116791
vn 0.0179605 0 -0.0179605
v -0.595512 0.0146494 0.0752677
vn 0 0.0254 0
v -0.602164 0.0053268 0.0626662
vn -0.006574 0 0.0245345
v -0.597199 0.00545306 0.0619501
vn -0.006574 0 0.0245345
v -0.602801 -0.00934719 0.0556617
vn -0.0179605 0 0.0179605
v -0.59651 -0.0108995 0.063842
vn 0 0.0254 0
v -0.602218 -0.0255656 0.0568463
vn -0.0245345 0 0.006574
v -0.594328 -0.0355547 0.109785
vn 0.006574 0 -0.0245345
v -0.589363 -0.0354284 0.109069
vn 0 0.0254 0
v -0.597119 -0.0464454 0.0885148
vn -0.0127 0 -0.021997
v -0.594512 -0.0433346 0.0719768
vn -0.021997 0 -0.0127
v -0.594154 -0.0350832 0.0759166
vn 0 0.0254 0
v -0.59641 -0.0167062 0.0635125
vn 0 0.0254 0
v -0.597253 -0.0254393 0.0561301
vn 0 0.0254 0
v -0.596097 -0.0223971 0.0646815
vn 0 0.0254 0
v -0.59654 -0.0327535 0.059782
vn 0 0.0254 0
v -0.595592 -0.0275823 0.0672707
vn 0 0.0254 0
v -0.595605 -0.0388571 0.0651869
vn 0 0.0254 0
v -0.594929 -0.0319096 0.0711023
vn 0 0.0254 0
v 0.346687 0.0261864 -0.0619951
vn 0 -0.0254 0
v 0.350915 -0.00824879 -0.038752
vn 0 -0.0254 0
v -0.599477 -0.0434609 0.072693
vn 0 -0.0254 0
v -0.602801 -0.00934719 0.0556617
vn 0 -0.0254 0
v -0.593832 -0.0126885 0.117256
vn 0 -0.0254 0
v -0.595512 0.0146494 0.0752677
vn 0.006574 0 0.0245345
v -0.599373 0.0162181 0.0839375
vn 0 -0.0254 0
v -0.5983 -0.0460063 0.0804058
vn 0 -0.0254 0
v -0.593691 -0.020881 0.116791
vn 0 -0.0254 0
v -0.596464 0.0109343 0.0680128
vn 0 0.0254 0
v -0.601429 0.0108081 0.0687289
vn 0 0 0.0254
v -0.602632 -0.00154774 0.0582098
vn 0 -0.0254 0
v -0.600477 0.0145231 0.0759839
vn 0 -0.0254 0
v -0.602164 0.0053268 0.0626662
vn 0 -0.0254 0
v -0.597253 -0.0254393 0.0561301
vn -0.0245345 0 0.006574
v -0.597119 -0.0464454 0.0885148
vn 0 -0.0254 0
v -0.59386 -0.0286796 0.114243
vn 0 -0.0254 0
v -0.589363 -0.0354284 0.109069
vn 0.006574 0 -0.0245345
v -0.596015 -0.044751 0.0964677
vn 0 -0.0254 0
v -0.594328 -0.0355547 0.109785
vn 0 -0.0254 0
v -0.59105 -0.0446247 0.0957515
vn 0 0.0254 0
v -0.59105 -0.0446247 0.0957515
vn -0.006574 0 -0.0245345
v -0.599477 -0.0434609 0.072693
vn -0.021997 0 -0.0127
v 0.349619 0.0277974 -0.0413845
vn 0.0127 0 0.021997
v 0.351507 0.0263089 -0.0626902
vn 0.0127 0 0.021997
v 0.346687 0.0261864 -0.0619951
vn 0.0127 0 0.021997
v 0.356553 0.0107024 -0.0304581
vn 0.0254 0 0
v 0.349619 0.0277974 -0.0413845
vn 0.0254 0 0
v 0.351733 0.0105798 -0.0297629
vn 0.0254 0 0
v 0.346687 0.0261864 -0.0619951
vn -0.0127 0 0.021997
v 0.350689 0.00748092 -0.0716785
vn -0.0127 0 0.021997
v 0.345869 0.00735836 -0.0709834
vn -0.0127 0 0.021997
v 0.350689 0.00748092 -0.0716785
vn -0.0254 0 0
v 0.347984 -0.00985923 -0.0593618
vn -0.0254 0 0
v 0.345869 0.00735836 -0.0709834
vn -0.0254 0 0
v 0.350915 -0.00824879 -0.038752
vn 0.0127 0 -0.021997
v 0.356553 0.0107024 -0.0304581
vn 0.0127 0 -0.021997
v 0.351733 0.0105798 -0.0297629
vn 0.0127 0 -0.021997
v -0.601505 -0.0328798 0.0604981
vn -0.0254 0 0
v -0.59654 -0.0327535 0.059782
vn -0.0254 0 0
v -0.60057 -0.0389834 0.065903
vn -0.0245345 0 -0.006574
v -0.595605 -0.0388571 0.0651869
vn -0.0245345 0 -0.006574
v -0.600477 0.0145231 0.0759839
vn 0.006574 0 0.0245345
v -0.596464 0.0109343 0.0680128
vn 0 0 0.0254
v -0.601429 0.0108081 0.0687289
vn 0 -0.0254 0
v -0.595063 -0.041036 0.103723
vn 0 0 -0.0254
v -0.595063 -0.041036 0.103723
vn 0 -0.0254 0
v -0.590098 -0.0409097 0.103006
vn 0 0.0254 0
v -0.596015 -0.044751 0.0964677
vn -0.006574 0 -0.0245345
v 0.354439 0.0279199 -0.0420796
vn 0.0127 0 0.021997
v 0.351507 0.0263089 -0.0626902
vn -0.0127 0 0.021997
v 0.354439 0.0279199 -0.0420796
vn 0.0254 0 0
v 0.352803 -0.00973667 -0.060057
vn -0.0254 0 0
v 0.347984 -0.00985923 -0.0593618
vn -0.0127 0 -0.021997
v 0.355735 -0.00812623 -0.0394472
vn -0.0127 0 -0.021997
v 0.350915 -0.00824879 -0.038752
vn -0.0127 0 -0.021997
v 0.355735 -0.00812623 -0.0394472
vn 0.0127 0 -0.021997
v -0.590098 -0.0409097 0.103006
vn 0 0 -0.0254
v 0.354439 0.0279199 -0.0420796
vn 0 0.0254 0
v 0.351644 0.0251883 -0.0619338
vn 0 0.0254 0
v 0.351507 0.0263089 -0.0626902
vn 0 0.0254 0
v 0.350689 0.00748092 -0.0716785
vn 0 0.0254 0
v 0.354385 0.026694 -0.0426645
vn 0 0.0254 0
v 0.356553 0.0107024 -0.0304581
vn 0 0.0254 0
v 0.35088 0.00758539 -0.0703367
vn 0 0.0254 0
v 0.352803 -0.00973667 -0.060057
vn 0 0.0254 0
v 0.352803 -0.00973667 -0.060057
vn -0.0127 0 -0.021997
v 0.355597 -0.0070056 -0.0402036
vn 0 0.0254 0
v 0.355735 -0.00812623 -0.0394472
vn 0 0.0254 0
v 0.356362 0.0105971 -0.0317993
vn 0 0.0254 0
v 0.352856 -0.00851158 -0.0594716
vn 0 0.0254 0
v 0.356706 0.0251918 -0.0437563
vn 0.00997753 0.0157148 0.0172816
v 0.351644 0.0251883 -0.0619338
vn 0.0107847 0.0134134 0.0186797
v 0.354385 0.026694 -0.0426645
vn 0.0107847 0.0134134 0.0186797
v 0.354208 0.0238192 -0.0613132
vn -0.00997753 0.0157148 0.0172816
v 0.35088 0.00758539 -0.0703367
vn -0.0107847 0.0134134 0.0186797
v 0.351644 0.0251883 -0.0619338
vn -0.0107847 0.0134134 0.0186797
v 0.358507 0.0105239 -0.0338557
vn 0.0199551 0.0157148 0
v 0.354385 0.026694 -0.0426645
vn 0.0215694 0.0134134 0
v 0.356362 0.0105971 -0.0317993
vn 0.0215694 0.0134134 0
v 0.353512 0.00778033 -0.0689708
vn -0.0199551 0.0157148 0
v 0.352856 -0.00851158 -0.0594716
vn -0.0215694 0.0134134 0
v 0.35088 0.00758539 -0.0703367
vn -0.0215694 0.0134134 0
v 0.355597 -0.0070056 -0.0402036
vn 0.0107847 0.0134134 -0.0186797
v 0.358507 0.0105239 -0.0338557
vn 0.00997753 0.0157148 -0.0172816
v 0.356362 0.0105971 -0.0317993
vn 0.0107847 0.0134134 -0.0186797
v 0.354208 0.0238192 -0.0613132
vn 0.00997753 0.0157148 0.0172816
v 0.356706 0.0251918 -0.0437563
vn 0.0199551 0.0157148 0
v 0.353512 0.00778033 -0.0689708
vn -0.00997753 0.0157148 0.0172816
v 0.355313 -0.00688761 -0.0590702
vn -0.0199551 0.0157148 0
v 0.352856 -0.00851158 -0.0594716
vn -0.0107847 0.0134134 -0.0186797
v 0.35781 -0.00551502 -0.0415132
vn -0.00997753 0.0157148 -0.0172816
v 0.355597 -0.0070056 -0.0402036
vn -0.0107847 0.0134134 -0.0186797
v 0.35781 -0.00551502 -0.0415132
vn 0.00997753 0.0157148 -0.0172816
v 0.356377 0.0220281 -0.0603511
vn 0.00793516 0.0198316 0.0137441
v 0.360136 0.0104019 -0.0363396
vn 0.0158703 0.0198316 0
v 0.356377 0.0220281 -0.0603511
vn -0.00793516 0.0198316 0.0137441
v 0.355768 0.00800166 -0.0670463
vn -0.0158703 0.0198316 0
v 0.355313 -0.00688761 -0.0590702
vn -0.00997753 0.0157148 -0.0172816
v 0.359527 -0.00362512 -0.0430357
vn 0.00793516 0.0198316 -0.0137441
v 0.358561 0.0232277 -0.0449967
vn 0.00793516 0.0198316 0.0137441
v 0.358561 0.0232277 -0.0449967
vn 0.0158703 0.0198316 0
v 0.360136 0.0104019 -0.0363396
vn 0.00793516 0.0198316 -0.0137441
v 0.355768 0.00800166 -0.0670463
vn -0.00793516 0.0198316 0.0137441
v 0.357343 -0.00482412 -0.0583892
vn -0.0158703 0.0198316 0
v 0.359527 -0.00362512 -0.0430357
vn -0.00793516 0.0198316 -0.0137441
v 0.358036 0.0199056 -0.0590956
vn 0.00531424 0.0230694 0.00920453
v 0.359852 0.0209039 -0.0463244
vn 0.0106285 0.0230694 0
v 0.360656 -0.0014317 -0.0446934
vn 0.00531424 0.0230694 -0.00920453
v 0.358036 0.0199056 -0.0590956
vn -0.00531424 0.0230694 0.00920453
v 0.357529 0.0082392 -0.0646648
vn -0.0106285 0.0230694 0
v 0.357343 -0.00482412 -0.0583892
vn -0.00793516 0.0198316 -0.0137441
v 0.359852 0.0209039 -0.0463244
vn 0.00531424 0.0230694 0.00920453
v 0.361162 0.0102352 -0.0391233
vn 0.0106285 0.0230694 0
v 0.361162 0.0102352 -0.0391233
vn 0.00531424 0.0230694 -0.00920453
v 0.360656 -0.0014317 -0.0446934
vn -0.00531424 0.0230694 -0.00920453
v 0.357529 0.0082392 -0.0646648
vn -0.00531424 0.0230694 0.00920453
v 0.358839 -0.00242944 -0.0574637
vn -0.0106285 0.0230694 0
v 0.359107 0.0175613 -0.0576124
vn 0.00400522 0.0241038 0.00693727
v 0.360521 0.0183388 -0.0476716
vn 0.00801047 0.0241038 0
v 0.361146 0.000952271 -0.0464017
vn 0.00400522 0.0241038 -0.00693727
v 0.358839 -0.00242944 -0.0574637
vn -0.00531424 0.0230694 -0.00920453
v 0.359107 0.0175613 -0.0576124
vn -0.00400522 0.0241038 0.00693727
v 0.358712 0.00848069 -0.0619477
vn -0.00801047 0.0241038 0
v 0.360521 0.0183388 -0.0476716
vn 0.00400522 0.0241038 0.00693727
v 0.361541 0.0100334 -0.0420657
vn 0.00801047 0.0241038 0
v 0.361541 0.0100334 -0.0420657
vn 0.00400522 0.0241038 -0.00693727
v 0.361146 0.000952271 -0.0464017
vn -0.00400522 0.0241038 -0.00693727
v 0.358712 0.00848069 -0.0619477
vn -0.00400522 0.0241038 0.00693727
v 0.359732 0.000175352 -0.0563417
vn -0.00801047 0.0241038 0
v 0.360083 0.015562 -0.0563555
vn 0.00593357 0.0224573 0.0102772
v 0.361153 0.0161504 -0.0488297
vn 0.0118671 0.0224573 0
v 0.361627 0.00298858 -0.0478687
vn 0.00593357 0.0224573 -0.0102772
v 0.359732 0.000175352 -0.0563417
vn -0.00400522 0.0241038 -0.00693727
v 0.360083 0.015562 -0.0563555
vn -0.00593357 0.0224573 0.0102772
v 0.359784 0.00868748 -0.0596372
vn -0.0118671 0.0224573 0
v 0.361153 0.0161504 -0.0488297
vn 0.00593357 0.0224573 0.0102772
v 0.361925 0.0098637 -0.0445862
vn 0.0118671 0.0224573 0
v 0.361925 0.0098637 -0.0445862
vn 0.00593357 0.0224573 -0.0102772
v 0.361627 0.00298858 -0.0478687
vn -0.00593357 0.0224573 -0.0102772
v 0.359784 0.00868748 -0.0596372
vn -0.00593357 0.0224573 0.0102772
v 0.360556 0.00240075 -0.0553937
vn -0.0118671 0.0224573 0
v 0.361666 0.0138222 -0.0553547
vn 0.0089091 0.0181017 0.015431
v 0.362434 0.0142444 -0.0499533
vn 0.0178182 0.0181017 0
v 0.362774 0.00479783 -0.0492634
vn 0.0089091 0.0181017 -0.015431
v 0.360556 0.00240075 -0.0553937
vn -0.00593357 0.0224573 -0.0102772
v 0.361666 0.0138222 -0.0553547
vn -0.0089091 0.0181017 0.015431
v 0.361452 0.0088884 -0.0577096
vn -0.0178182 0.0181017 0
v 0.362434 0.0142444 -0.0499533
vn 0.0089091 0.0181017 0.015431
v 0.362988 0.00973223 -0.0469076
vn 0.0178182 0.0181017 0
v 0.362988 0.00973223 -0.0469076
vn 0.0089091 0.0181017 -0.015431
v 0.362774 0.00479783 -0.0492634
vn -0.0089091 0.0181017 -0.015431
v 0.361452 0.0088884 -0.0577096
vn -0.0089091 0.0181017 0.015431
v 0.362006 0.0043762 -0.054664
vn -0.0178182 0.0181017 0
v 0.364263 0.0127665 -0.0509555
vn 0.0110028 0.0126852 0.0190574
v 0.364646 0.00964949 -0.0488516
vn 0.0220055 0.0126852 0
v 0.364646 0.00964949 -0.0488516
vn 0.0110028 0.0126852 -0.0190574
v 0.362006 0.0043762 -0.054664
vn -0.0089091 0.0181017 -0.015431
v 0.363584 0.0090675 -0.0563122
vn -0.0110028 0.0126852 0.0190574
v 0.363584 0.0090675 -0.0563122
vn -0.0220055 0.0126852 0
v 0.363732 0.0124744 -0.0546857
vn 0.0110028 0.0126852 0.0190574
v 0.364263 0.0127665 -0.0509555
vn 0.0220055 0.0126852 0
v 0.364497 0.00624206 -0.050479
vn 0.0110028 0.0126852 -0.0190574
v 0.364497 0.00624206 -0.050479
vn -0.0110028 0.0126852 -0.0190574
v 0.363732 0.0124744 -0.0546857
vn -0.0110028 0.0126852 0.0190574
v 0.363967 0.00595052 -0.0542083
vn -0.0220055 0.0126852 0
v 0.3665 0.0118296 -0.0517589
vn 0.0117325 0.00972368 0.0203213
v 0.366771 0.00962294 -0.0502695
vn 0.0234651 0.00972368 0
v 0.366771 0.00962294 -0.0502695
vn 0.0117325 0.00972368 -0.0203213
v 0.363967 0.00595052 -0.0542083
vn -0.0110028 0.0126852 -0.0190574
v 0.36602 0.00921004 -0.0555523
vn -0.0117325 0.00972368 0.0203213
v 0.36602 0.00921004 -0.0555523
vn -0.0234651 0.00972368 0
v 0.366125 0.0116228 -0.0544007
vn 0.0117325 0.00972368 0.0203213
v 0.3665 0.0118296 -0.0517589
vn 0.0234651 0.00972368 0
v 0.366666 0.00720959 -0.0514219
vn 0.0117325 0.00972368 -0.0203213
v 0.366666 0.00720959 -0.0514219
vn -0.0117325 0.00972368 -0.0203213
v 0.366125 0.0116228 -0.0544007
vn -0.0117325 0.00972368 0.0203213
v 0.366291 0.00700342 -0.0540629
vn -0.0234651 0.00972368 0
v 0.3665 0.0118296 -0.0517589
vn 0.0127 0 0.021997
v 0.371239 0.0117529 -0.0551384
vn 0.0127 0 0.021997
v 0.366125 0.0116228 -0.0544007
vn 0.0127 0 0.021997
v 0.371886 0.009753 -0.0510071
vn 0.0254 0 0
v 0.3665 0.0118296 -0.0517589
vn 0.0254 0 0
v 0.366771 0.00962294 -0.0502695
vn 0.0254 0 0
v 0.366666 0.00720959 -0.0514219
vn 0.0127 0 -0.021997
v 0.371886 0.009753 -0.0510071
vn 0.0127 0 -0.021997
v 0.366771 0.00962294 -0.0502695
vn 0.0127 0 -0.021997
v 0.366291 0.00700342 -0.0540629
vn -0.0117325 0.00972368 -0.0203213
v 0.366125 0.0116228 -0.0544007
vn -0.0127 0 0.021997
v 0.371134 0.0093401 -0.05629
vn -0.0127 0 0.021997
v 0.36602 0.00921004 -0.0555523
vn -0.0127 0 0.021997
v 0.371134 0.0093401 -0.05629
vn -0.0254 0 0
v 0.366291 0.00700342 -0.0540629
vn -0.0254 0 0
v 0.36602 0.00921004 -0.0555523
vn -0.0254 0 0
v 0.371615 0.0119596 -0.0524966
vn 0.0127 0 0.021997
v 0.371239 0.0117529 -0.0551384
vn -0.0127 0 0.021997
v 0.371615 0.0119596 -0.0524966
vn 0.0254 0 0
v 0.371781 0.00733964 -0.0521596
vn 0.0127 0 -0.021997
v 0.366291 0.00700342 -0.0540629
vn -0.0127 0 -0.021997
v 0.371781 0.00733964 -0.0521596
vn -0.0127 0 -0.021997
v 0.366666 0.00720959 -0.0514219
vn -0.0127 0 -0.021997
v 0.371405 0.00713348 -0.0548006
vn -0.0254 0 0
v 0.371615 0.0119596 -0.0524966
vn 0 0.0254 0
v 0.371134 0.0093401 -0.05629
vn 0 0.0254 0
v 0.371239 0.0117529 -0.0551384
vn 0 0.0254 0
v 0.371886 0.009753 -0.0510071
vn 0 0.0254 0
v 0.371405 0.00713348 -0.0548006
vn 0 0.0254 0
v 0.371781 0.00733964 -0.0521596
vn 0 0.0254 0
v 0.371405 0.00713348 -0.0548006
vn -0.0127 0 -0.021997
v 0.159123 0.00811752 -0.011521
vn -0.0245345 0 0.006574
v 0.15885 0.0109242 -0.0129223
vn -0.0254 0 0
v 0.182197 0.00870427 -0.0148491
vn -0.0245345 0 0.006574
v 0.181924 0.0115109 -0.0162504
vn -0.0254 0 0
v 0.159123 0.00811752 -0.011521
vn 0 -0.0254 0
v 0.159695 0.0096228 -0.00729101
vn 0 -0.0254 0
v 0.15885 0.0109242 -0.0129223
vn 0 -0.0254 0
v 0.182367 0.0056245 -0.0142162
vn -0.021997 0 0.0127
v 0.182197 0.00870427 -0.0148491
vn 0 0.0254 0
v 0.181924 0.0115109 -0.0162504
vn 0 0.0254 0
v 0.188734 0.00912314 0.0305464
vn 0 0.0254 0
v 0.158491 0.0132663 -0.0149963
vn -0.0245345 0 -0.006574
v 0.159319 0.0134821 -0.00921802
vn 0 -0.0254 0
v 0.159293 0.00503775 -0.0108881
vn 0 -0.0254 0
v 0.159293 0.00503775 -0.0108881
vn -0.021997 0 0.0127
v 0.182367 0.0056245 -0.0142162
vn 0 0.0254 0
v 0.181565 0.0138531 -0.0183244
vn 0 0.0254 0
v 0.181565 0.0138531 -0.0183244
vn -0.0245345 0 -0.006574
v 0.158491 0.0132663 -0.0149963
vn 0 -0.0254 0
v 0.159695 0.0096228 -0.00729101
vn -0.0133433 -0.0213151 0.0035753
v 0.155422 0.012246 0.00123185
vn -0.0133433 -0.0213151 0.0035753
v 0.159319 0.0134821 -0.00921802
vn -0.0138139 -0.0213151 0
v 0.159928 0.00538712 -0.00642027
vn 0 -0.0254 0
v 0.182421 0.00248124 -0.0143948
vn -0.0179605 0 0.0179605
v 0.182421 0.00248124 -0.0143948
vn 0 0.0254 0
v 0.181145 0.0155708 -0.0209298
vn 0 0.0254 0
v 0.158072 0.014984 -0.0176016
vn -0.021997 0 -0.0127
v 0.158826 0.0167036 -0.0120704
vn 0 -0.0254 0
v 0.154858 0.0180365 -0.00165908
vn -0.0138139 -0.0213151 0
v 0.159928 0.00538712 -0.00642027
vn -0.0119632 -0.0213151 0.00690697
v 0.159347 0.00189449 -0.0110667
vn 0 -0.0254 0
v 0.159347 0.00189449 -0.0110667
vn -0.0179605 0 0.0179605
v 0.182356 -0.00051128 -0.0153723
vn 0 0.0254 0
v 0.180694 0.0165472 -0.0238891
vn 0 0.0254 0
v 0.181145 0.0155708 -0.0209298
vn -0.021997 0 -0.0127
v 0.158072 0.014984 -0.0176016
vn 0 -0.0254 0
v 0.158826 0.0167036 -0.0120704
vn -0.0133433 -0.0213151 -0.0035753
v 0.154858 0.0180365 -0.00165908
vn -0.0254 0 0
v 0.155422 0.012246 0.00123185
vn -0.0245345 0 0.006574
v 0.149748 0.0179065 -0.000921962
vn -0.0254 0 0
v 0.155772 0.00589179 0.00253784
vn -0.0119632 -0.0213151 0.00690697
v 0.160003 0.00106347 -0.00666606
vn 0 -0.0254 0
v 0.159282 -0.00109803 -0.0120442
vn -0.0127 0 0.021997
v 0.182356 -0.00051128 -0.0153723
vn -0.0127 0 0.021997
v 0.182176 -0.00314897 -0.0170825
vn 0 0.0254 0
v 0.182921 0.0564633 -0.00140718
vn 0 0.0254 0
v 0.180694 0.0165472 -0.0238891
vn -0.0179605 0 -0.0179605
v 0.15762 0.0159605 -0.020561
vn -0.0179605 0 -0.0179605
v 0.158249 0.0190655 -0.0156529
vn 0 -0.0254 0
v 0.154118 0.0228685 -0.00593809
vn -0.0133433 -0.0213151 -0.0035753
v 0.150312 0.0121161 0.00196897
vn -0.0245345 0 0.006574
v 0.149008 0.0227385 -0.00520097
vn -0.0245345 0 -0.006574
v 0.155772 0.00589179 0.00253784
vn -0.021997 0 0.0127
v 0.160003 0.00106347 -0.00666606
vn -0.00976793 -0.0213151 0.00976793
v 0.159282 -0.00109803 -0.0120442
vn 0 -0.0254 0
v 0.159103 -0.00373572 -0.0137544
vn -0.006574 0 0.0245345
v 0.182176 -0.00314897 -0.0170825
vn -0.006574 0 0.0245345
v 0.181894 -0.00525288 -0.0194097
vn 0 0.0254 0
v 0.180241 0.0167162 -0.0270005
vn 0 0.0254 0
v 0.188734 0.00912314 0.0305464
vn -0.0254 0 0
v 0.182921 0.0564633 -0.00140718
vn -0.0254 0 0
v 0.196181 0.0093125 0.0294724
vn -0.0254 0 0
v 0.180241 0.0167162 -0.0270005
vn -0.0127 0 -0.021997
v 0.15762 0.0159605 -0.020561
vn 0 -0.0254 0
v 0.158249 0.0190655 -0.0156529
vn -0.0119632 -0.0213151 -0.00690697
v 0.154118 0.0228685 -0.00593809
vn -0.0245345 0 -0.006574
v 0.149748 0.0179065 -0.000921962
vn -0.013302 0.0216383 0
v 0.150312 0.0121161 0.00196897
vn -0.0128488 0.0216383 0.00344282
v 0.140617 0.0104606 -0.0102925
vn -0.013302 0.0216383 0
v 0.149008 0.0227385 -0.00520097
vn -0.0128488 0.0216383 -0.00344282
v 0.140259 0.0128027 -0.0123665
vn -0.0128488 0.0216383 -0.00344282
v 0.150662 0.00576183 0.00327496
vn -0.021997 0 0.0127
v 0.155884 -0.000594217 0.00217011
vn -0.00976793 -0.0213151 0.00976793
v 0.159103 -0.00373572 -0.0137544
vn 0 -0.0254 0
v 0.15882 -0.00583963 -0.0160816
vn 0 0 0.0254
v 0.181894 -0.00525288 -0.0194097
vn 0 0 0.0254
v 0.178425 -0.0470759 -0.0508385
vn 0 0.0254 0
v 0.179817 0.0160658 -0.030052
vn 0 0.0254 0
v 0.190368 0.0566526 -0.00248125
vn -0.0254 0 0
v 0.188734 0.00912314 0.0305464
vn -0.0127 0 0.021997
v 0.196181 0.0093125 0.0294724
vn -0.0127 0 0.021997
v 0.186486 -0.0426475 0.00583094
vn -0.0127 0 0.021997
v 0.157167 0.0161295 -0.0236724
vn -0.0127 0 -0.021997
v 0.157167 0.0161295 -0.0236724
vn 0 -0.0254 0
v 0.153253 0.0264127 -0.0113134
vn -0.0119632 -0.0213151 -0.00690697
v 0.148142 0.0262828 -0.0105762
vn -0.021997 0 -0.0127
v 0.140891 0.00765388 -0.0088912
vn -0.0128488 0.0216383 0.00344282
v 0.139839 0.0145204 -0.0149718
vn -0.0115199 0.0216383 -0.00665102
v 0.150662 0.00576183 0.00327496
vn -0.0115199 0.0216383 0.00665102
v 0.14106 0.00457411 -0.00825831
vn -0.0115199 0.0216383 0.00665102
v 0.155884 -0.000594217 0.00217011
vn -0.0179605 0 0.0179605
v 0.159914 -0.00305149 -0.00801025
vn -0.00690697 -0.0213151 0.0119632
v 0.15882 -0.00583963 -0.0160816
vn 0 -0.0254 0
v 0.158455 -0.00726459 -0.0188647
vn 0.006574 0 0.0245345
v 0.181529 -0.00667783 -0.0221928
vn 0 0.0254 0
v 0.186486 -0.0426475 0.00583094
vn 0 0.0254 0
v 0.179452 0.0146397 -0.0328368
vn 0 0.0254 0
v 0.179817 0.0160658 -0.030052
vn -0.006574 0 -0.0245345
v 0.196181 0.0093125 0.0294724
vn 0 -0.0254 0
v 0.190368 0.0566526 -0.00248125
vn 0 -0.0254 0
v 0.190171 0.0521283 -0.00464227
vn 0 -0.0254 0
v 0.190368 0.0566526 -0.00248125
vn -0.0127 0 -0.021997
v 0.182921 0.0564633 -0.00140718
vn -0.0127 0 -0.021997
v 0.182307 0.0522237 -0.0591515
vn -0.0127 0 -0.021997
v 0.193932 -0.0424582 0.00475687
vn -0.0127 0 0.021997
v 0.156743 0.015479 -0.0267239
vn 0 -0.0254 0
v 0.157628 0.0204085 -0.0197236
vn -0.00976793 -0.0213151 -0.00976793
v 0.153253 0.0264127 -0.0113134
vn -0.021997 0 -0.0127
v 0.148142 0.0262828 -0.0105762
vn -0.0115199 0.0216383 -0.00665102
v 0.140617 0.0104606 -0.0102925
vn -0.0254 0 0
v 0.140891 0.00765388 -0.0088912
vn -0.0245345 0 0.006574
v 0.134631 0.0103083 -0.00942906
vn -0.0254 0 0
v 0.140259 0.0128027 -0.0123665
vn -0.0245345 0 -0.006574
v 0.134272 0.0126504 -0.0115031
vn -0.0245345 0 -0.006574
v 0.139839 0.0145204 -0.0149718
vn -0.021997 0 -0.0127
v 0.133853 0.0143682 -0.0141084
vn -0.021997 0 -0.0127
v 0.141115 0.00143085 -0.00843691
vn -0.00940595 0.0216383 0.00940595
v 0.150774 -0.000724173 0.00290723
vn -0.0179605 0 0.0179605
v 0.15575 -0.00676834 0.000153165
vn -0.00690697 -0.0213151 0.0119632
v 0.159914 -0.00305149 -0.00801025
vn 0 -0.0254 0
v 0.181529 -0.00667783 -0.0221928
vn 0.006574 0 0.0245345
v 0.158455 -0.00726459 -0.0188647
vn 0 -0.0254 0
v 0.157571 -0.0121952 -0.0258667
vn 0 -0.0254 0
v 0.181105 -0.00732881 -0.0252451
vn 0 0.0254 0
v 0.181529 -0.00667783 -0.0221928
vn 0 -0.0254 0
v 0.181894 -0.00525288 -0.0194097
vn 0 -0.0254 0
v 0.181105 -0.00732881 -0.0252451
vn 0 -0.0254 0
v 0.186486 -0.0426475 0.00583094
vn 0.0127 0 0.021997
v 0.193932 -0.0424582 0.00475687
vn 0.0127 0 0.021997
v 0.178425 -0.0470759 -0.0508385
vn 0.0127 0 0.021997
v 0.17917 0.0125369 -0.0351624
vn 0 0.0254 0
v 0.156743 0.015479 -0.0267239
vn -0.006574 0 -0.0245345
v 0.179452 0.0146397 -0.0328368
vn 0 0 -0.0254
v 0.182815 0.0480859 -0.0563585
vn 0 -0.0254 0
v 0.195476 0.00892522 0.0245189
vn 0 -0.0254 0
v 0.17486 0.0520344 -0.0580774
vn -0.0127 0 -0.021997
v 0.182307 0.0522237 -0.0591515
vn 0 -0.0254 0
v 0.193932 -0.0424582 0.00475687
vn 0 -0.0254 0
v 0.193424 -0.0383203 0.00196392
vn 0 -0.0254 0
v 0.157628 0.0204085 -0.0197236
vn 0 -0.0254 0
v 0.152321 0.0284283 -0.0174195
vn -0.00976793 -0.0213151 -0.00976793
v 0.14721 0.0282983 -0.0166824
vn -0.0179605 0 -0.0179605
v 0.139387 0.0154968 -0.0179312
vn -0.00940595 0.0216383 -0.00940595
v 0.134905 0.00750166 -0.00802777
vn -0.0245345 0 0.006574
v 0.14106 0.00457411 -0.00825831
vn -0.021997 0 0.0127
v 0.133401 0.0153446 -0.0170677
vn -0.0179605 0 -0.0179605
v 0.150774 -0.000724173 0.00290723
vn -0.00940595 0.0216383 0.00940595
v 0.141115 0.00143085 -0.00843691
vn -0.0179605 0 0.0179605
v 0.135074 0.00442189 -0.00739489
vn -0.021997 0 0.0127
v 0.15064 -0.00689829 0.000890287
vn -0.0127 0 0.021997
v 0.15575 -0.00676834 0.000153165
vn -0.0127 0 0.021997
v 0.159667 -0.00667988 -0.010362
vn -0.0035753 -0.0213151 0.0133433
v 0.158194 -0.0124269 -0.0215874
vn 0 -0.0254 0
v 0.158031 -0.00791556 -0.021917
vn 0.0127 0 0.021997
v 0.158031 -0.00791556 -0.021917
vn 0 -0.0254 0
v 0.180652 -0.00715983 -0.0283566
vn 0 0.0254 0
v 0.181105 -0.00732881 -0.0252451
vn 0.0127 0 0.021997
v 0.180652 -0.00715983 -0.0283566
vn 0 -0.0254 0
v 0.185871 -0.0468865 -0.0519125
vn 0.0127 0 0.021997
v 0.172612 0.000264256 -0.0827921
vn 0 0.0254 0
v 0.179452 0.0146397 -0.0328368
vn 0 -0.0254 0
v 0.17917 0.0125369 -0.0351624
vn 0 -0.0254 0
v 0.156378 0.014053 -0.0295087
vn 0 0 -0.0254
v 0.17917 0.0125369 -0.0351624
vn 0.006574 0 -0.0245345
v 0.182815 0.0480859 -0.0563585
vn -0.0125908 0.00332316 -0.021808
v 0.194167 0.0525233 -0.00967805
vn -0.0125908 0.00332316 -0.021808
v 0.190171 0.0521283 -0.00464227
vn -0.0125908 0.00332316 -0.021808
v 0.190171 0.0521283 -0.00464227
vn -0.0251817 0.00332316 0
v 0.199729 0.0130032 0.0219193
vn -0.0251817 0.00332316 0
v 0.195476 0.00892522 0.0245189
vn -0.0251817 0.00332316 0
v 0.182307 0.0522237 -0.0591515
vn 0.0127 0 -0.021997
v 0.17486 0.0520344 -0.0580774
vn 0.0127 0 -0.021997
v 0.180058 0.000453616 -0.0838661
vn 0.0127 0 -0.021997
v 0.17486 0.0520344 -0.0580774
vn 0 0.0254 0
v 0.180058 0.000453616 -0.0838661
vn 0 -0.0254 0
v 0.185871 -0.0468865 -0.0519125
vn 0 -0.0254 0
v 0.156378 0.014053 -0.0295087
vn 0 -0.0254 0
v 0.157005 0.0206408 -0.0240021
vn -0.00690697 -0.0213151 -0.0119632
v 0.152321 0.0284283 -0.0174195
vn -0.0179605 0 -0.0179605
v 0.14721 0.0282983 -0.0166824
vn -0.00940595 0.0216383 -0.00940595
v 0.139387 0.0154968 -0.0179312
vn -0.0179605 0 -0.0179605
v 0.134905 0.00750166 -0.00802777
vn 0 -0.0254 0
v 0.135476 0.00900694 -0.00379779
vn 0 -0.0254 0
v 0.134631 0.0103083 -0.00942906
vn 0 -0.0254 0
v 0.1351 0.0128662 -0.0057248
vn 0 -0.0254 0
v 0.134272 0.0126504 -0.0115031
vn 0 -0.0254 0
v 0.134607 0.0160878 -0.0085772
vn 0 -0.0254 0
v 0.133853 0.0143682 -0.0141084
vn 0 -0.0254 0
v 0.13403 0.0184497 -0.0121597
vn 0 -0.0254 0
v 0.133401 0.0153446 -0.0170677
vn 0 -0.0254 0
v 0.14105 -0.00156167 -0.00941439
vn -0.00665102 0.0216383 0.0115199
v 0.135128 0.00127863 -0.00757348
vn -0.0179605 0 0.0179605
v 0.15064 -0.00689829 0.000890287
vn -0.00665102 0.0216383 0.0115199
v 0.150269 -0.0123395 -0.00263888
vn -0.006574 0 0.0245345
v 0.15538 -0.0122096 -0.003376
vn -0.0035753 -0.0213151 0.0133433
v 0.159667 -0.00667988 -0.010362
vn 0 -0.0254 0
v 0.158776 -0.0115329 -0.01739
vn 0 -0.0254 0
v 0.157578 -0.00774658 -0.0250285
vn 0 -0.0254 0
v 0.157571 -0.0121952 -0.0258667
vn 0.00976793 -0.0213151 0.00976793
v 0.152235 -0.020485 -0.0266349
vn 0.00976793 -0.0213151 0.00976793
v 0.158194 -0.0124269 -0.0215874
vn 0.00690697 -0.0213151 0.0119632
v 0.180201 -0.0061834 -0.0313159
vn 0 0.0254 0
v 0.180652 -0.00715983 -0.0283566
vn 0.0179605 0 0.0179605
v 0.157578 -0.00774658 -0.0250285
vn 0.0179605 0 0.0179605
v 0.180201 -0.0061834 -0.0313159
vn 0 -0.0254 0
v 0.185871 -0.0468865 -0.0519125
vn 0.0254 0 0
v 0.180058 0.000453616 -0.0838661
vn 0.0254 0 0
v 0.178425 -0.0470759 -0.0508385
vn 0.0254 0 0
v 0.17899 0.00989867 -0.0368733
vn 0 0.0254 0
v 0.17899 0.00989867 -0.0368733
vn 0 -0.0254 0
v 0.156096 0.0119502 -0.0318343
vn 0.006574 0 -0.0245345
v 0.295077 0.0690039 -0.0174957
vn -0.0125908 0.00332316 -0.021808
v 0.18804 0.0491573 -0.0527483
vn -0.0125908 0.00332316 -0.021808
v 0.193424 -0.0383203 0.00196392
vn -0.0125908 0.00332316 0.021808
v 0.195476 0.00892522 0.0245189
vn -0.0125908 0.00332316 0.021808
v 0.200023 0.00482698 0.022516
vn -0.0125908 0.00332316 0.021808
v 0.307416 0.0130128 0.025372
vn -0.0251817 0.00332316 0
v 0.195311 0.0489837 -0.00236682
vn -0.0251817 0.00332316 0
v 0.172612 0.000264256 -0.0827921
vn 0.0127 0 -0.021997
v 0.180763 0.000841716 -0.0789133
vn 0 -0.0254 0
v 0.186068 -0.0423614 -0.0497521
vn 0 -0.0254 0
v 0.155285 0.0112654 -0.0375792
vn 0 -0.0254 0
v 0.151386 0.0287759 -0.0238385
vn -0.00690697 -0.0213151 -0.0119632
v 0.157005 0.0206408 -0.0240021
vn 0 -0.0254 0
v 0.151386 0.0287759 -0.0238385
vn -0.0127 0 -0.021997
v 0.138934 0.0156658 -0.0210426
vn -0.00665102 0.0216383 -0.0115199
v 0.138934 0.0156658 -0.0210426
vn -0.0127 0 -0.021997
v 0.135074 0.00442189 -0.00739489
vn 0 -0.0254 0
v 0.132948 0.0155136 -0.0201792
vn 0 -0.0254 0
v 0.14105 -0.00156167 -0.00941439
vn -0.0127 0 0.021997
v 0.135064 -0.00171389 -0.00855097
vn -0.0127 0 0.021997
v 0.135128 0.00127863 -0.00757348
vn 0 -0.0254 0
v 0.13571 0.00477125 -0.00292705
vn 0 -0.0254 0
v 0.14087 -0.00419936 -0.0111246
vn -0.00344282 0.0216383 0.0128488
v 0.15538 -0.0122096 -0.003376
vn -0.006574 0 0.0245345
v 0.150269 -0.0123395 -0.00263888
vn -0.00344282 0.0216383 0.0128488
v 0.159279 -0.00957258 -0.0135619
vn -0 -0.0213151 0.0138139
v 0.159279 -0.00957258 -0.0135619
vn 0 -0.0254 0
v 0.15317 -0.0208335 -0.0202154
vn 0.00690697 -0.0213151 0.0119632
v 0.158776 -0.0115329 -0.01739
vn 0.0035753 -0.0213151 0.0133433
v 0.156949 -0.0108516 -0.0299365
vn 0 -0.0254 0
v 0.151303 -0.0184695 -0.032741
vn 0.0119632 -0.0213151 0.00690697
v 0.179781 -0.00446566 -0.0339212
vn 0 0.0254 0
v 0.180201 -0.0061834 -0.0313159
vn 0.021997 0 0.0127
v 0.179781 -0.00446566 -0.0339212
vn 0 -0.0254 0
v 0.172612 0.000264256 -0.0827921
vn 0.0254 0 0
v 0.178925 0.00690615 -0.0378508
vn 0 0.0254 0
v 0.17899 0.00989867 -0.0368733
vn 0.0127 0 -0.021997
v 0.178925 0.00690615 -0.0378508
vn 0 -0.0254 0
v 0.156096 0.0119502 -0.0318343
vn 0 -0.0254 0
v 0.155195 0.00714985 -0.0389242
vn 0 -0.0254 0
v 0.300402 0.070131 -0.0131816
vn -0.0125908 0.00332316 -0.021808
v 0.194167 0.0525233 -0.00967805
vn 0.0218094 -0.00189672 -0.0128807
v 0.194945 0.0478721 -0.00942512
vn 0.0218094 -0.00189672 -0.0128807
v 0.295077 0.0690039 -0.0174957
vn 0.0218094 -0.00189672 -0.0128807
v 0.18804 0.0491573 -0.0527483
vn -0.00166157 -0.0251817 -0.00287792
v 0.188818 0.044506 -0.0524954
vn -0.00166157 -0.0251817 -0.00287792
v 0.194167 0.0525233 -0.00967805
vn -0.00166157 -0.0251817 -0.00287792
v 0.290676 0.0647873 -0.081555
vn -0.0125908 0.00332316 -0.021808
v 0.302497 0.00856919 0.0232965
vn -0.0125908 0.00332316 0.021808
v 0.198315 -0.0345195 0.00373182
vn -0.0125908 0.00332316 0.021808
v 0.307416 0.0130128 0.025372
vn -0.0125908 0.00332316 0.021808
v 0.302203 0.0167454 0.0226997
vn -0.0251817 0.00332316 0
v 0.300402 0.070131 -0.0131816
vn -0.0251817 0.00332316 0
v 0.195311 0.0489837 -0.00236682
vn -0.00332316 -0.0251817 0
v 0.195437 0.0463531 -0.00628681
vn -0.00332316 -0.0251817 0
v 0.199729 0.0130032 0.0219193
vn -0.00332316 -0.0251817 0
v 0.180763 0.000841716 -0.0789133
vn 0.0125908 0.00332316 -0.021808
v 0.18719 0.0445213 -0.059462
vn 0.0125908 0.00332316 -0.021808
v 0.182815 0.0480859 -0.0563585
vn 0.0125908 0.00332316 -0.021808
v 0.186068 -0.0423614 -0.0497521
vn 0.0125908 0.00332316 0.021808
v 0.193424 -0.0383203 0.00196392
vn 0.0125908 0.00332316 0.021808
v 0.197464 -0.0391556 -0.00298184
vn 0.0125908 0.00332316 0.021808
v 0.156422 0.019746 -0.0281989
vn -0.0035753 -0.0213151 -0.0133433
v 0.155532 0.0148929 -0.0352269
vn 0 -0.0254 0
v 0.146275 0.028646 -0.0231014
vn -0.0127 0 -0.021997
v 0.146275 0.028646 -0.0231014
vn -0.00665102 0.0216383 -0.0115199
v 0.132948 0.0155136 -0.0201792
vn -0.0127 0 -0.021997
v 0.135476 0.00900694 -0.00379779
vn -0.0133433 -0.0213151 0.0035753
v 0.131201 0.0116301 0.0047255
vn -0.0133433 -0.0213151 0.0035753
v 0.1351 0.0128662 -0.0057248
vn -0.0138139 -0.0213151 0
v 0.130637 0.0174206 0.00183457
vn -0.0138139 -0.0213151 0
v 0.134607 0.0160878 -0.0085772
vn -0.0133433 -0.0213151 -0.0035753
v 0.129896 0.0222525 -0.00244444
vn -0.0133433 -0.0213151 -0.0035753
v 0.13403 0.0184497 -0.0121597
vn -0.0119632 -0.0213151 -0.00690697
v 0.132525 0.0148632 -0.0232307
vn 0 -0.0254 0
v 0.134884 -0.00435158 -0.0102611
vn -0.006574 0 0.0245345
v 0.135784 0.000447609 -0.00317284
vn 0 -0.0254 0
v 0.135064 -0.00171389 -0.00855097
vn 0 -0.0254 0
v 0.14087 -0.00419936 -0.0111246
vn -0.006574 0 0.0245345
v 0.149687 -0.0166804 -0.00743873
vn 0 0 0.0254
v 0.140588 -0.00630327 -0.0134518
vn 0 0.0216383 0.013302
v 0.154798 -0.0165504 -0.00817585
vn -0 -0.0213151 0.0138139
v 0.154044 -0.0194905 -0.01392
vn 0.0035753 -0.0213151 0.0133433
v 0.157127 -0.00677015 -0.0279878
vn 0 -0.0254 0
v 0.156949 -0.0108516 -0.0299365
vn 0.0119632 -0.0213151 0.00690697
v 0.152235 -0.020485 -0.0266349
vn 0.0179605 0 0.0179605
v 0.147125 -0.020615 -0.0258978
vn 0.0179605 0 0.0179605
v 0.15317 -0.0208335 -0.0202154
vn 0.0127 0 0.021997
v 0.151303 -0.0184695 -0.032741
vn 0.021997 0 0.0127
v 0.179422 -0.00212355 -0.0359953
vn 0 0.0254 0
v 0.179781 -0.00446566 -0.0339212
vn 0.0245345 0 0.006574
v 0.157127 -0.00677015 -0.0279878
vn 0.021997 0 0.0127
v 0.179422 -0.00212355 -0.0359953
vn 0 -0.0254 0
v 0.155916 0.00931192 -0.0335452
vn 0.0127 0 -0.021997
v 0.178925 0.00690615 -0.0378508
vn 0.0179605 0 -0.0179605
v 0.178979 0.00376289 -0.0380294
vn 0 -0.0254 0
v 0.15527 0.00282677 -0.0391692
vn 0 -0.0254 0
v 0.295856 0.0643527 -0.0172429
vn 0.0218094 -0.00189672 -0.0128807
v 0.194945 0.0478721 -0.00942512
vn -0.00166157 -0.0251817 -0.00287792
v 0.18804 0.0491573 -0.0527483
vn -0.0220597 -0.00189672 0.0124471
v 0.286781 0.0644463 -0.0758141
vn -0.0220597 -0.00189672 0.0124471
v 0.188818 0.044506 -0.0524954
vn -0.0220597 -0.00189672 0.0124471
v 0.286781 0.0644463 -0.0758141
vn -0.0125908 0.00332316 -0.021808
v 0.28593 0.0598103 -0.0825278
vn 0.0125908 0.00332316 -0.021808
v 0.290676 0.0647873 -0.081555
vn 0.0125908 0.00332316 -0.021808
v 0.200023 0.00482698 0.022516
vn 0.0218094 -0.00189672 0.0128807
v 0.302497 0.00856919 0.0232965
vn 0.0218094 -0.00189672 0.0128807
v 0.199981 0.0068632 0.018255
vn 0.0218094 -0.00189672 0.0128807
v 0.300184 -0.0447072 -0.00213772
vn -0.0125908 0.00332316 0.021808
v 0.198315 -0.0345195 0.00373182
vn -0.00166157 -0.0251817 0.00287792
v 0.200023 0.00482698 0.022516
vn -0.00166157 -0.0251817 0.00287792
v 0.198272 -0.0324833 -0.000529157
vn -0.00166157 -0.0251817 0.00287792
v 0.304703 -0.0494483 -0.00444831
vn -0.0125908 0.00332316 0.021808
v 0.296221 0.0654643 -0.0101845
vn -0.0251817 0.00332316 0
v 0.302203 0.0167454 0.0226997
vn -0.000250317 -0.00189672 -0.0253278
v 0.199729 0.0130032 0.0219193
vn -0.000250317 -0.00189672 -0.0253278
v 0.302329 0.0141149 0.0187796
vn -0.000250317 -0.00189672 -0.0253278
v 0.199854 0.0103726 0.0179993
vn -0.00332316 -0.0251817 0
v 0.195437 0.0463531 -0.00628681
vn -0.000250317 -0.00189672 0.0253278
v 0.195311 0.0489837 -0.00236682
vn -0.000250317 -0.00189672 0.0253278
v 0.296347 0.0628337 -0.0141046
vn -0.000250317 -0.00189672 0.0253278
v 0.185481 0.00517474 -0.0782462
vn 0.0125908 0.00332316 -0.021808
v 0.186068 -0.0423614 -0.0497521
vn 0.0251817 0.00332316 0
v 0.185775 -0.00300148 -0.0776494
vn 0.0251817 0.00332316 0
v 0.180763 0.000841716 -0.0789133
vn 0.0251817 0.00332316 0
v 0.304703 -0.0494483 -0.00444831
vn 0.0125908 0.00332316 0.021808
v 0.191337 -0.0425216 -0.0460521
vn 0.0125908 0.00332316 0.021808
v 0.155195 0.00714985 -0.0389242
vn 0.00976793 -0.0213151 -0.00976793
v 0.155285 0.0112654 -0.0375792
vn 0.00690697 -0.0213151 -0.0119632
v 0.148672 0.00853748 -0.0462245
vn 0.00976793 -0.0213151 -0.00976793
v 0.150512 0.0274346 -0.030135
vn -0.0035753 -0.0213151 -0.0133433
v 0.156422 0.019746 -0.0281989
vn 0 -0.0254 0
v 0.155532 0.0148929 -0.0352269
vn 0.0035753 -0.0213151 -0.0133433
v 0.148806 0.0147108 -0.044207
vn 0.00690697 -0.0213151 -0.0119632
v 0.150512 0.0274346 -0.030135
vn -0.006574 0 -0.0245345
v 0.138511 0.0150154 -0.0240941
vn -0.00344282 0.0216383 -0.0128488
v 0.138511 0.0150154 -0.0240941
vn -0.006574 0 -0.0245345
v 0.13571 0.00477125 -0.00292705
vn -0.0119632 -0.0213151 0.00690697
v 0.129031 0.0257968 -0.00781971
vn -0.0119632 -0.0213151 -0.00690697
v 0.133409 0.0197927 -0.0162304
vn 0 -0.0254 0
v 0.132525 0.0148632 -0.0232307
vn -0.006574 0 -0.0245345
v 0.134884 -0.00435158 -0.0102611
vn 0 -0.0254 0
v 0.135784 0.000447609 -0.00317284
vn -0.00976793 -0.0213151 0.00976793
v 0.131551 0.00527585 0.00603149
vn -0.0119632 -0.0213151 0.00690697
v 0.134602 -0.00645549 -0.0125884
vn 0 0 0.0254
v 0.154798 -0.0165504 -0.00817585
vn 0 0 0.0254
v 0.149687 -0.0166804 -0.00743873
vn 0 0.0216383 0.013302
v 0.140588 -0.00630327 -0.0134518
vn 0 0 0.0254
v 0.14806 -0.0209634 -0.0194782
vn 0.0127 0 0.021997
v 0.154044 -0.0194905 -0.01392
vn 0.006574 0 0.0245345
v 0.156373 -0.0084889 -0.0335196
vn 0 -0.0254 0
v 0.150438 -0.0149252 -0.0381163
vn 0.0133433 -0.0213151 0.0035753
v 0.146193 -0.0185994 -0.0320039
vn 0.021997 0 0.0127
v 0.179149 0.00068312 -0.0373965
vn 0 0.0254 0
v 0.179422 -0.00212355 -0.0359953
vn 0.0254 0 0
v 0.156707 -0.00505242 -0.0305931
vn 0.0245345 0 0.006574
v 0.179149 0.00068312 -0.0373965
vn 0 -0.0254 0
v 0.178979 0.00376289 -0.0380294
vn 0 0.0254 0
v 0.155851 0.0063194 -0.0345227
vn 0.0179605 0 -0.0179605
v 0.155916 0.00931192 -0.0335452
vn 0 -0.0254 0
v 0.178979 0.00376289 -0.0380294
vn 0.021997 0 -0.0127
v 0.155905 0.00317614 -0.0347013
vn 0.021997 0 -0.0127
v 0.15527 0.00282677 -0.0391692
vn 0.0119632 -0.0213151 -0.00690697
v 0.148784 0.00205147 -0.0465922
vn 0.0119632 -0.0213151 -0.00690697
v 0.300402 0.070131 -0.0131816
vn 0 0.0254 0
v 0.290676 0.0647873 -0.081555
vn 0 0.0254 0
v 0.300628 0.0753215 -0.0107035
vn 0 0.0254 0
v 0.295856 0.0643527 -0.0172429
vn 0.00166157 0.0251817 0.00287792
v 0.28756 0.0597951 -0.0755613
vn 0.00166157 0.0251817 0.00287792
v 0.295077 0.0690039 -0.0174957
vn 0.00166157 0.0251817 0.00287792
v 0.28756 0.0597951 -0.0755613
vn -0.0220597 -0.00189672 0.0124471
v 0.287964 0.00232588 -0.111374
vn 0.0125908 0.00332316 -0.021808
v 0.302456 0.0106054 0.0190354
vn 0.0218094 -0.00189672 0.0128807
v 0.199981 0.0068632 0.018255
vn -0.00166157 -0.0251817 0.00287792
v 0.198315 -0.0345195 0.00373182
vn -0.0220597 -0.00189672 -0.0124471
v 0.198272 -0.0324833 -0.000529157
vn -0.0220597 -0.00189672 -0.0124471
v 0.300184 -0.0447072 -0.00213772
vn -0.0220597 -0.00189672 -0.0124471
v 0.304703 -0.0494483 -0.00444831
vn 0 0.0254 0
v 0.307416 0.0130128 0.025372
vn 0 0.0254 0
v 0.308224 0.0134569 0.0310538
vn 0 0.0254 0
v 0.302203 0.0167454 0.0226997
vn 0.00332316 0.0251817 0
v 0.302329 0.0141149 0.0187796
vn 0.00332316 0.0251817 0
v 0.296221 0.0654643 -0.0101845
vn 0.00332316 0.0251817 0
v 0.199854 0.0103726 0.0179993
vn -0.000250317 -0.00189672 -0.0253278
v 0.296221 0.0654643 -0.0101845
vn -0.000250317 -0.00189672 0.0253278
v 0.18719 0.0445213 -0.059462
vn 0.0220597 -0.00189672 0.0124471
v 0.188453 0.0425161 -0.0553771
vn 0.0220597 -0.00189672 0.0124471
v 0.28593 0.0598103 -0.0825278
vn 0.0220597 -0.00189672 0.0124471
v 0.18719 0.0445213 -0.059462
vn 0.00166157 -0.0251817 -0.00287792
v 0.185481 0.00517474 -0.0782462
vn 0.00166157 -0.0251817 -0.00287792
v 0.188453 0.0425161 -0.0553771
vn 0.00166157 -0.0251817 -0.00287792
v 0.283617 0.00653333 -0.107963
vn 0.0125908 0.00332316 -0.021808
v 0.287964 0.00232588 -0.111374
vn 0.0251817 0.00332316 0
v 0.190193 -0.038982 -0.0533633
vn 0.0251817 0.00332316 0
v 0.299333 -0.0493433 -0.00885138
vn 0.0125908 0.00332316 0.021808
v 0.291037 -0.0539014 -0.0671706
vn 0.0125908 0.00332316 0.021808
v 0.197464 -0.0391556 -0.00298184
vn 0.00166157 -0.0251817 0.00287792
v 0.197907 -0.0344732 -0.00341089
vn 0.00166157 -0.0251817 0.00287792
v 0.191337 -0.0425216 -0.0460521
vn 0.00166157 -0.0251817 0.00287792
v 0.155919 0.0177859 -0.0320283
vn 0 -0.0213151 -0.0138139
v 0.155919 0.0177859 -0.0320283
vn 0 -0.0254 0
v 0.149176 0.0201536 -0.040679
vn 0.0035753 -0.0213151 -0.0133433
v 0.145401 0.0273046 -0.0293979
vn -0.006574 0 -0.0245345
v 0.145401 0.0273046 -0.0293979
vn -0.00344282 0.0216383 -0.0128488
v 0.130637 0.0174206 0.00183457
vn -0.0254 0 0
v 0.131201 0.0116301 0.0047255
vn -0.0245345 0 0.006574
v 0.125526 0.0172906 0.00257169
vn -0.0254 0 0
v 0.129896 0.0222525 -0.00244444
vn -0.0245345 0 -0.006574
v 0.124786 0.0221226 -0.00170732
vn -0.0245345 0 -0.006574
v 0.133409 0.0197927 -0.0162304
vn -0.00976793 -0.0213151 -0.00976793
v 0.129031 0.0257968 -0.00781971
vn -0.021997 0 -0.0127
v 0.123921 0.0256668 -0.00708259
vn -0.021997 0 -0.0127
v 0.132159 0.0134371 -0.0260154
vn 0 -0.0254 0
v 0.138145 0.0135893 -0.0268789
vn 0 0 -0.0254
v 0.134602 -0.00645549 -0.0125884
vn 0 -0.0254 0
v 0.131663 -0.00121015 0.00566376
vn -0.00976793 -0.0213151 0.00976793
v 0.148933 -0.0196205 -0.0131828
vn 0.006574 0 0.0245345
v 0.148933 -0.0196205 -0.0131828
vn 0.00344282 0.0216383 0.0128488
v 0.134237 -0.00788045 -0.0153715
vn 0.006574 0 0.0245345
v 0.156707 -0.00505242 -0.0305931
vn 0 -0.0254 0
v 0.156373 -0.0084889 -0.0335196
vn 0.0133433 -0.0213151 0.0035753
v 0.150438 -0.0149252 -0.0381163
vn 0.0245345 0 0.006574
v 0.14806 -0.0209634 -0.0194782
vn 0.00665102 0.0216383 0.0115199
v 0.147125 -0.020615 -0.0258978
vn 0.00940595 0.0216383 0.00940595
v 0.139799 -0.0083792 -0.0192872
vn 0.00665102 0.0216383 0.0115199
v 0.146193 -0.0185994 -0.0320039
vn 0.0115199 0.0216383 0.00665102
v 0.139346 -0.00821022 -0.0223987
vn 0.00940595 0.0216383 0.00940595
v 0.179149 0.00068312 -0.0373965
vn 0.0245345 0 -0.006574
v 0.156349 -0.0027103 -0.0326672
vn 0.0254 0 0
v 0.155851 0.0063194 -0.0345227
vn 0 -0.0254 0
v 0.156075 9.63689e-05 -0.0340684
vn 0.0245345 0 -0.006574
v 0.149134 -0.00430275 -0.0452862
vn 0.0133433 -0.0213151 -0.0035753
v 0.286781 0.0644463 -0.0758141
vn 0.00166157 0.0251817 0.00287792
v 0.290094 0.0695328 -0.0847581
vn 0 0.0254 0
v 0.287964 0.00232588 -0.111374
vn 0 0.0254 0
v 0.287155 0.00188174 -0.117056
vn 0 0.0254 0
v 0.302456 0.0106054 0.0190354
vn 0.00166157 0.0251817 -0.00287792
v 0.302497 0.00856919 0.0232965
vn 0.00166157 0.0251817 -0.00287792
v 0.300142 -0.042671 -0.00639884
vn 0.00166157 0.0251817 -0.00287792
v 0.300142 -0.042671 -0.00639884
vn -0.0220597 -0.00189672 -0.0124471
v 0.300184 -0.0447072 -0.00213772
vn 0.00166157 0.0251817 -0.00287792
v 0.305286 -0.0541955 -0.00124404
vn 0 0.0254 0
v 0.296347 0.0628337 -0.0141046
vn 0.00332316 0.0251817 0
v 0.287195 0.0578052 -0.0784431
vn 0.0220597 -0.00189672 0.0124471
v 0.186745 0.00316956 -0.0741613
vn 0.00166157 -0.0251817 -0.00287792
v 0.185481 0.00517474 -0.0782462
vn -0.0218094 -0.00189672 -0.0128807
v 0.283617 0.00653333 -0.107963
vn -0.0218094 -0.00189672 -0.0128807
v 0.186745 0.00316956 -0.0741613
vn -0.0218094 -0.00189672 -0.0128807
v 0.283911 -0.00164233 -0.107365
vn 0.0251817 0.00332316 0
v 0.294977 -0.0547923 -0.0728203
vn 0.0251817 0.00332316 0
v 0.190193 -0.038982 -0.0533633
vn 0.00332316 -0.0251817 -0
v 0.191289 -0.0363204 -0.0496195
vn 0.00332316 -0.0251817 -0
v 0.185775 -0.00300148 -0.0776494
vn 0.00332316 -0.0251817 -0
v 0.294977 -0.0547923 -0.0728203
vn 0.0125908 0.00332316 0.021808
v 0.197464 -0.0391556 -0.00298184
vn 0.0220597 -0.00189672 -0.0124471
v 0.299333 -0.0493433 -0.00885138
vn 0.0220597 -0.00189672 -0.0124471
v 0.197907 -0.0344732 -0.00341089
vn 0.0220597 -0.00189672 -0.0124471
v 0.191337 -0.0425216 -0.0460521
vn -0.0218094 -0.00189672 0.0128807
v 0.19178 -0.0378393 -0.0464811
vn -0.0218094 -0.00189672 0.0128807
v 0.291037 -0.0539014 -0.0671706
vn -0.0218094 -0.00189672 0.0128807
v 0.19178 -0.0378393 -0.0464811
vn 0.00166157 -0.0251817 0.00287792
v 0.148806 0.0147108 -0.044207
vn 0.0127 0 -0.021997
v 0.143695 0.0145808 -0.0434699
vn 0.0127 0 -0.021997
v 0.148672 0.00853748 -0.0462245
vn 0.0179605 0 -0.0179605
v 0.148784 0.00205147 -0.0465922
vn 0.021997 0 -0.0127
v 0.143673 0.00192151 -0.0458551
vn 0.021997 0 -0.0127
v 0.149758 0.0244931 -0.0358794
vn 0 -0.0213151 -0.0138139
v 0.149176 0.0201536 -0.040679
vn 0.006574 0 -0.0245345
v 0.144066 0.0200237 -0.0399418
vn 0.006574 0 -0.0245345
v 0.149758 0.0244931 -0.0358794
vn 0 0 -0.0254
v 0.138145 0.0135893 -0.0268789
vn 0 0.0216383 -0.013302
v 0.12609 0.0115001 0.00546262
vn -0.0245345 0 0.006574
v 0.131551 0.00527585 0.00603149
vn -0.021997 0 0.0127
v 0.128099 0.0278124 -0.0139258
vn -0.00976793 -0.0213151 -0.00976793
v 0.122989 0.0276824 -0.0131887
vn -0.0179605 0 -0.0179605
v 0.131066 0.0106495 -0.034086
vn 0 -0.0254 0
v 0.132159 0.0134371 -0.0260154
vn 0 0 -0.0254
v 0.135695 -0.00366736 -0.00451702
vn 0 -0.0254 0
v 0.131663 -0.00121015 0.00566376
vn -0.0179605 0 0.0179605
v 0.12644 0.0051459 0.00676861
vn -0.021997 0 0.0127
v 0.135695 -0.00366736 -0.00451702
vn -0.00690697 -0.0213151 0.0119632
v 0.140223 -0.00772822 -0.0162349
vn 0.00344282 0.0216383 0.0128488
v 0.140223 -0.00772822 -0.0162349
vn 0.006574 0 0.0245345
v 0.134237 -0.00788045 -0.0153715
vn 0 -0.0254 0
v 0.133352 -0.0128111 -0.0223735
vn 0 -0.0254 0
v 0.155879 -0.00526822 -0.0363714
vn 0 -0.0254 0
v 0.149698 -0.0100932 -0.0423953
vn 0.0138139 -0.0213151 -0
v 0.145327 -0.0150552 -0.0373792
vn 0.0245345 0 0.006574
v 0.138894 -0.00723379 -0.025358
vn 0.0115199 0.0216383 0.00665102
v 0.156349 -0.0027103 -0.0326672
vn 0 -0.0254 0
v 0.155905 0.00317614 -0.0347013
vn 0 -0.0254 0
v 0.156075 9.63689e-05 -0.0340684
vn 0 -0.0254 0
v 0.155503 -0.00140809 -0.038299
vn 0 -0.0254 0
v 0.155503 -0.00140809 -0.038299
vn 0.0133433 -0.0213151 -0.0035753
v 0.149134 -0.00430275 -0.0452862
vn 0.0245345 0 -0.006574
v 0.144023 -0.00443271 -0.0445491
vn 0.0245345 0 -0.006574
v 0.290094 0.0695328 -0.0847581
vn -0.0127 0 -0.021997
v 0.296956 0.0697073 -0.085748
vn -0.0127 0 -0.021997
v 0.300628 0.0753215 -0.0107035
vn -0.0127 0 -0.021997
v 0.308224 0.0134569 0.0310538
vn -0.0254 0 0
v 0.300628 0.0753215 -0.0107035
vn -0.0254 0 0
v 0.315087 0.0136315 0.030064
vn -0.0254 0 0
v 0.294751 -0.0599828 -0.0752984
vn 0 0.0254 0
v 0.28593 0.0598103 -0.0825278
vn -0.00166157 0.0251817 0.00287792
v 0.287195 0.0578052 -0.0784431
vn -0.00166157 0.0251817 0.00287792
v 0.283617 0.00653333 -0.107963
vn -0.00166157 0.0251817 0.00287792
v 0.308224 0.0134569 0.0310538
vn -0.0127 0 0.021997
v 0.315087 0.0136315 0.030064
vn -0.0127 0 0.021997
v 0.305286 -0.0541955 -0.00124404
vn -0.0127 0 0.021997
v 0.284881 0.00452874 -0.103877
vn -0.0218094 -0.00189672 -0.0128807
v 0.289893 -0.0503612 -0.074481
vn 0.0251817 0.00332316 0
v 0.283911 -0.00164233 -0.107365
vn 0.000250317 -0.00189672 0.0253278
v 0.185775 -0.00300148 -0.0776494
vn 0.000250317 -0.00189672 0.0253278
v 0.285008 0.0010193 -0.103622
vn 0.000250317 -0.00189672 0.0253278
v 0.186871 -0.00033988 -0.0739055
vn 0.00332316 -0.0251817 -0
v 0.191289 -0.0363204 -0.0496195
vn 0.000250317 -0.00189672 -0.0253278
v 0.190193 -0.038982 -0.0533633
vn 0.000250317 -0.00189672 -0.0253278
v 0.29099 -0.0476996 -0.0707373
vn 0.000250317 -0.00189672 -0.0253278
v 0.294977 -0.0547923 -0.0728203
vn 0 0.0254 0
v 0.299777 -0.0446609 -0.00928057
vn 0.0220597 -0.00189672 -0.0124471
v 0.291481 -0.0492185 -0.067599
vn -0.0218094 -0.00189672 0.0128807
v 0.143561 0.00840752 -0.0454874
vn 0.0179605 0 -0.0179605
v 0.144648 0.0243631 -0.0351422
vn 0 0 -0.0254
v 0.144648 0.0243631 -0.0351422
vn 0 0.0216383 -0.013302
v 0.125526 0.0172906 0.00257169
vn -0.013302 0.0216383 0
v 0.12609 0.0115001 0.00546262
vn -0.0128488 0.0216383 0.00344282
v 0.116396 0.00984462 -0.00679883
vn -0.013302 0.0216383 0
v 0.124786 0.0221226 -0.00170732
vn -0.0128488 0.0216383 -0.00344282
v 0.116037 0.0121867 -0.00887287
vn -0.0128488 0.0216383 -0.00344282
v 0.123921 0.0256668 -0.00708259
vn -0.0115199 0.0216383 -0.00665102
v 0.115617 0.0139045 -0.0114782
vn -0.0115199 0.0216383 -0.00665102
v 0.132786 0.020025 -0.0205089
vn -0.00690697 -0.0213151 -0.0119632
v 0.128099 0.0278124 -0.0139258
vn -0.0179605 0 -0.0179605
v 0.122989 0.0276824 -0.0131887
vn -0.00940595 0.0216383 -0.00940595
v 0.115166 0.0148809 -0.0144375
vn -0.00940595 0.0216383 -0.00940595
v 0.132786 0.020025 -0.0205089
vn 0 -0.0254 0
v 0.130977 0.00653399 -0.035431
vn 0 -0.0254 0
v 0.137863 0.0114865 -0.0292045
vn 0.006574 0 -0.0245345
v 0.133975 -0.0130428 -0.0180941
vn 0 -0.0254 0
v 0.126552 -0.00134011 0.00640088
vn -0.0179605 0 0.0179605
v 0.131529 -0.00738428 0.00364682
vn -0.00690697 -0.0213151 0.0119632
v 0.133813 -0.00853142 -0.0184238
vn 0.0127 0 0.021997
v 0.133813 -0.00853142 -0.0184238
vn 0 -0.0254 0
v 0.155879 -0.00526822 -0.0363714
vn 0.0138139 -0.0213151 -0
v 0.149698 -0.0100932 -0.0423953
vn 0.0254 0 0
v 0.145327 -0.0150552 -0.0373792
vn 0.0128488 0.0216383 0.00344282
v 0.139346 -0.00821022 -0.0223987
vn 0.0179605 0 0.0179605
v 0.13336 -0.00836244 -0.0215353
vn 0.0179605 0 0.0179605
v 0.139799 -0.0083792 -0.0192872
vn 0.0127 0 0.021997
v 0.138894 -0.00723379 -0.025358
vn 0.021997 0 0.0127
v 0.144587 -0.0102232 -0.0416582
vn 0.0254 0 0
v 0.30749 0.075496 -0.0116934
vn -0.0127 0 -0.021997
v 0.296956 0.0697073 -0.085748
vn 0.0127 0 -0.021997
v 0.290094 0.0695328 -0.0847581
vn 0.0127 0 -0.021997
v 0.294018 0.00205626 -0.118046
vn 0.0127 0 -0.021997
v 0.287155 0.00188174 -0.117056
vn 0.0127 0 -0.021997
v 0.30749 0.075496 -0.0116934
vn -0.0254 0 0
v 0.287155 0.00188174 -0.117056
vn 0.0254 0 0
v 0.294751 -0.0599828 -0.0752984
vn 0.0254 0 0
v 0.294018 0.00205626 -0.118046
vn 0.0254 0 0
v 0.284881 0.00452874 -0.103877
vn -0.00166157 0.0251817 0.00287792
v 0.305286 -0.0541955 -0.00124404
vn 0.0127 0 0.021997
v 0.312148 -0.054021 -0.00223391
vn 0.0127 0 0.021997
v 0.294751 -0.0599828 -0.0752984
vn 0.0127 0 0.021997
v 0.312148 -0.054021 -0.00223391
vn -0.0127 0 0.021997
v 0.283911 -0.00164233 -0.107365
vn -0.00332316 0.0251817 0
v 0.285008 0.0010193 -0.103622
vn -0.00332316 0.0251817 0
v 0.289893 -0.0503612 -0.074481
vn -0.00332316 0.0251817 0
v 0.186871 -0.00033988 -0.0739055
vn 0.000250317 -0.00189672 0.0253278
v 0.289893 -0.0503612 -0.074481
vn 0.000250317 -0.00189672 -0.0253278
v 0.299333 -0.0493433 -0.00885138
vn -0.00166157 0.0251817 -0.00287792
v 0.291037 -0.0539014 -0.0671706
vn -0.00166157 0.0251817 -0.00287792
v 0.299777 -0.0446609 -0.00928057
vn -0.00166157 0.0251817 -0.00287792
v 0.291481 -0.0492185 -0.067599
vn -0.00166157 0.0251817 -0.00287792
v 0.143695 0.0145808 -0.0434699
vn 0.00665102 0.0216383 -0.0115199
v 0.137684 0.00884828 -0.0309154
vn 0.00665102 0.0216383 -0.0115199
v 0.143561 0.00840752 -0.0454874
vn 0.00940595 0.0216383 -0.00940595
v 0.144066 0.0200237 -0.0399418
vn 0.00344282 0.0216383 -0.0128488
v 0.137863 0.0114865 -0.0292045
vn 0.00344282 0.0216383 -0.0128488
v 0.137619 0.00585576 -0.0318929
vn 0.00940595 0.0216383 -0.00940595
v 0.143673 0.00192151 -0.0458551
vn 0.0115199 0.0216383 -0.00665102
v 0.137673 0.0027125 -0.0320715
vn 0.0115199 0.0216383 -0.00665102
v 0.144023 -0.00443271 -0.0445491
vn 0.0128488 0.0216383 -0.00344282
v 0.116669 0.00703794 -0.00539755
vn -0.0128488 0.0216383 0.00344282
v 0.12644 0.0051459 0.00676861
vn -0.0115199 0.0216383 0.00665102
v 0.116839 0.00395817 -0.00476466
vn -0.0115199 0.0216383 0.00665102
v 0.127164 0.02816 -0.0203448
vn -0.00690697 -0.0213151 -0.0119632
v 0.127164 0.02816 -0.0203448
vn -0.0127 0 -0.021997
v 0.114713 0.0150499 -0.0175489
vn -0.00665102 0.0216383 -0.0115199
v 0.131313 0.0142771 -0.0317336
vn 0 -0.0254 0
v 0.131877 0.0113343 -0.028341
vn 0 -0.0254 0
v 0.130977 0.00653399 -0.035431
vn 0.00976793 -0.0213151 -0.00976793
v 0.131066 0.0106495 -0.034086
vn 0.00690697 -0.0213151 -0.0119632
v 0.12445 0.00792154 -0.0427309
vn 0.00976793 -0.0213151 -0.00976793
v 0.131877 0.0113343 -0.028341
vn 0.006574 0 -0.0245345
v 0.134558 -0.0121488 -0.0138967
vn 0 -0.0254 0
v 0.126552 -0.00134011 0.00640088
vn -0.00940595 0.0216383 0.00940595
v 0.116893 0.000814916 -0.00494325
vn -0.00940595 0.0216383 0.00940595
v 0.126418 -0.00751423 0.00438394
vn -0.0127 0 0.021997
v 0.131529 -0.00738428 0.00364682
vn -0.0127 0 0.021997
v 0.135448 -0.00729575 -0.00686878
vn -0.0035753 -0.0213151 0.0133433
v 0.13336 -0.00836244 -0.0215353
vn 0 -0.0254 0
v 0.133352 -0.0128111 -0.0223735
vn 0.00976793 -0.0213151 0.00976793
v 0.128014 -0.021101 -0.0231412
vn 0.00976793 -0.0213151 0.00976793
v 0.133975 -0.0130428 -0.0180941
vn 0.00690697 -0.0213151 0.0119632
v 0.138475 -0.00551605 -0.0279633
vn 0.0128488 0.0216383 0.00344282
v 0.132908 -0.00738601 -0.0244946
vn 0.021997 0 0.0127
v 0.137843 -0.00036727 -0.0314386
vn 0.0128488 0.0216383 -0.00344282
v 0.144587 -0.0102232 -0.0416582
vn 0.013302 0.0216383 0
v 0.296956 0.0697073 -0.085748
vn 0 -0.0254 0
v 0.29727 0.0671519 -0.0840231
vn 0 -0.0254 0
v 0.30749 0.075496 -0.0116934
vn 0 -0.0254 0
v 0.294018 0.00205626 -0.118046
vn 0 -0.0254 0
v 0.315087 0.0136315 0.030064
vn 0 -0.0254 0
v 0.307369 0.072701 -0.0130273
vn 0 -0.0254 0
v 0.301614 -0.0598083 -0.0762883
vn 0.0254 0 0
v 0.301614 -0.0598083 -0.0762883
vn 0.0127 0 0.021997
v 0.312148 -0.054021 -0.00223391
vn 0 -0.0254 0
v 0.311835 -0.0514647 -0.00395932
vn 0 -0.0254 0
v 0.29099 -0.0476996 -0.0707373
vn -0.00332316 0.0251817 0
v 0.116396 0.00984462 -0.00679883
vn -0.0254 0 0
v 0.116669 0.00703794 -0.00539755
vn -0.0245345 0 0.006574
v -0.231072 0.00100875 0.0433189
vn -0.0254 0 0
v 0.116037 0.0121867 -0.00887287
vn -0.0245345 0 -0.006574
v -0.231431 0.00335086 0.0412449
vn -0.0245345 0 -0.006574
v 0.115617 0.0139045 -0.0114782
vn -0.021997 0 -0.0127
v -0.231851 0.0050686 0.0386396
vn -0.021997 0 -0.0127
v 0.115166 0.0148809 -0.0144375
vn -0.0179605 0 -0.0179605
v -0.232302 0.00604503 0.0356803
vn -0.0179605 0 -0.0179605
v 0.132203 0.0191301 -0.0247057
vn -0.0035753 -0.0213151 -0.0133433
v 0.122054 0.02803 -0.0196077
vn -0.0127 0 -0.021997
v 0.122054 0.02803 -0.0196077
vn -0.00665102 0.0216383 -0.0115199
v 0.114713 0.0150499 -0.0175489
vn -0.0127 0 -0.021997
v 0.132203 0.0191301 -0.0247057
vn 0 -0.0254 0
v 0.131313 0.0142771 -0.0317336
vn 0.0035753 -0.0213151 -0.0133433
v 0.124584 0.0140948 -0.0407134
vn 0.00690697 -0.0213151 -0.0119632
v 0.131051 0.00221091 -0.0356759
vn 0 -0.0254 0
v 0.124562 0.00143553 -0.0430986
vn 0.0119632 -0.0213151 -0.00690697
v 0.137684 0.00884828 -0.0309154
vn 0.0127 0 -0.021997
v 0.135448 -0.00729575 -0.00686878
vn 0 -0.0254 0
v 0.128948 -0.0214494 -0.0167217
vn 0.00690697 -0.0213151 0.0119632
v 0.134558 -0.0121488 -0.0138967
vn 0.0035753 -0.0213151 0.0133433
v 0.116828 -0.00217761 -0.00592074
vn -0.00665102 0.0216383 0.0115199
v 0.126418 -0.00751423 0.00438394
vn -0.00665102 0.0216383 0.0115199
v 0.126048 -0.0129554 0.000854775
vn -0.006574 0 0.0245345
v 0.131158 -0.0128255 0.000117654
vn -0.0035753 -0.0213151 0.0133433
v 0.132731 -0.0114675 -0.0264433
vn 0 -0.0254 0
v 0.127082 -0.0190854 -0.0292474
vn 0.0119632 -0.0213151 0.00690697
v 0.138475 -0.00551605 -0.0279633
vn 0.0245345 0 0.006574
v 0.132908 -0.00738601 -0.0244946
vn 0 -0.0254 0
v 0.138116 -0.00317394 -0.0300374
vn 0.013302 0.0216383 0
v 0.294453 0.00229502 -0.114986
vn 0 -0.0254 0
v 0.314651 0.0133927 0.0270046
vn 0 -0.0254 0
v 0.301614 -0.0598083 -0.0762883
vn 0 -0.0254 0
v 0.131698 0.00869606 -0.030052
vn 0.0127 0 -0.021997
v 0.137619 0.00585576 -0.0318929
vn 0.0179605 0 -0.0179605
v 0.137673 0.0027125 -0.0320715
vn 0.021997 0 -0.0127
v 0.131687 0.00256028 -0.0312081
vn 0.021997 0 -0.0127
v 0.137843 -0.00036727 -0.0314386
vn 0.0245345 0 -0.006574
v 0.131856 -0.000519493 -0.0305752
vn 0.0245345 0 -0.006574
v -0.230799 -0.00179792 0.0447202
vn -0.0245345 0 0.006574
v 0.116839 0.00395817 -0.00476466
vn -0.021997 0 0.0127
v 0.116893 0.000814916 -0.00494325
vn -0.0179605 0 0.0179605
v -0.230629 -0.00487769 0.0453531
vn -0.021997 0 0.0127
v 0.12629 0.0268187 -0.0266413
vn -0.0035753 -0.0213151 -0.0133433
v 0.12629 0.0268187 -0.0266413
vn -0.006574 0 -0.0245345
v 0.114289 0.0143995 -0.0206005
vn -0.00344282 0.0216383 -0.0128488
v -0.232755 0.00621401 0.0325688
vn -0.0127 0 -0.021997
v 0.131701 0.01717 -0.0285351
vn 0 -0.0254 0
v 0.124955 0.0195377 -0.0371853
vn 0.0035753 -0.0213151 -0.0133433
v 0.131698 0.00869606 -0.030052
vn 0 -0.0254 0
v 0.131051 0.00221091 -0.0356759
vn 0.0119632 -0.0213151 -0.00690697
v 0.124584 0.0140948 -0.0407134
vn 0.0127 0 -0.021997
v 0.119474 0.0139649 -0.0399762
vn 0.0127 0 -0.021997
v 0.12445 0.00792154 -0.0427309
vn 0.0179605 0 -0.0179605
v 0.124562 0.00143553 -0.0430986
vn 0.021997 0 -0.0127
v 0.119451 0.00130558 -0.0423615
vn 0.021997 0 -0.0127
v 0.13506 -0.0101884 -0.0100687
vn 0 -0.0254 0
v 0.129822 -0.0201065 -0.0104263
vn 0.0035753 -0.0213151 0.0133433
v 0.116828 -0.00217761 -0.00592074
vn -0.0127 0 0.021997
v -0.23064 -0.0110135 0.044197
vn -0.0127 0 0.021997
v 0.116648 -0.0048153 -0.0076309
vn -0.00344282 0.0216383 0.0128488
v 0.131158 -0.0128255 0.000117654
vn -0.006574 0 0.0245345
v 0.126048 -0.0129554 0.000854775
vn -0.00344282 0.0216383 0.0128488
v 0.13506 -0.0101884 -0.0100687
vn -0 -0.0213151 0.0138139
v 0.132731 -0.0114675 -0.0264433
vn 0.0119632 -0.0213151 0.00690697
v 0.128014 -0.021101 -0.0231412
vn 0.0179605 0 0.0179605
v 0.122903 -0.0212309 -0.0224041
vn 0.0179605 0 0.0179605
v 0.128948 -0.0214494 -0.0167217
vn 0.0127 0 0.021997
v 0.127082 -0.0190854 -0.0292474
vn 0.021997 0 0.0127
v 0.132489 -0.00566828 -0.0270999
vn 0.0245345 0 0.006574
v 0.132154 -0.00910476 -0.0300263
vn 0 -0.0254 0
v 0.138116 -0.00317394 -0.0300374
vn 0.0254 0 0
v 0.13213 -0.00332617 -0.0291739
vn 0.0254 0 0
v 0.307369 0.072701 -0.0130273
vn -0.0105577 -0.0141175 -0.0182864
v 0.29727 0.0671519 -0.0840231
vn -0.0105577 -0.0141175 -0.0182864
v 0.315773 0.066822 -0.0171897
vn -0.0105577 -0.0141175 -0.0182864
v 0.294453 0.00229502 -0.114986
vn 0.0105577 -0.0141175 -0.0182864
v 0.304072 0.00303738 -0.10956
vn 0.0105577 -0.0141175 -0.0182864
v 0.29727 0.0671519 -0.0840231
vn 0.0105577 -0.0141175 -0.0182864
v 0.314651 0.0133927 0.0270046
vn -0.0211153 -0.0141175 0
v 0.307369 0.072701 -0.0130273
vn -0.0211153 -0.0141175 0
v 0.32237 0.0130912 0.0190774
vn -0.0211153 -0.0141175 0
v 0.301736 -0.0570133 -0.0749543
vn 0 -0.0254 0
v 0.314651 0.0133927 0.0270046
vn -0.0105577 -0.0141175 0.0182864
v 0.32237 0.0130912 0.0190774
vn -0.0105577 -0.0141175 0.0182864
v 0.311835 -0.0514647 -0.00395932
vn -0.0105577 -0.0141175 0.0182864
v 0.131633 0.00570354 -0.0310295
vn 0.0179605 0 -0.0179605
v -0.230799 -0.00179792 0.0447202
vn 0 -0.0254 0
v -0.230274 -0.000415503 0.048606
vn 0 -0.0254 0
v -0.231072 0.00100875 0.0433189
vn 0 -0.0254 0
v -0.230641 0.00335869 0.046722
vn 0 -0.0254 0
v -0.231431 0.00335086 0.0412449
vn 0 -0.0254 0
v -0.231124 0.00650781 0.0439329
vn 0 -0.0254 0
v -0.231851 0.0050686 0.0386396
vn 0 -0.0254 0
v -0.231688 0.00881808 0.0404296
vn 0 -0.0254 0
v -0.232302 0.00604503 0.0356803
vn 0 -0.0254 0
v -0.230575 -0.00802095 0.0451745
vn -0.0179605 0 0.0179605
v 0.131701 0.01717 -0.0285351
vn 0 -0.0213151 -0.0138139
v 0.12118 0.0266887 -0.0259042
vn -0.006574 0 -0.0245345
v 0.12118 0.0266887 -0.0259042
vn -0.00344282 0.0216383 -0.0128488
v 0.114289 0.0143995 -0.0206005
vn -0.006574 0 -0.0245345
v -0.232755 0.00621401 0.0325688
vn 0 -0.0254 0
v 0.124955 0.0195377 -0.0371853
vn 0.006574 0 -0.0245345
v 0.119844 0.0194077 -0.0364482
vn 0.006574 0 -0.0245345
v 0.131633 0.00570354 -0.0310295
vn 0 -0.0254 0
v 0.124912 -0.00491869 -0.0417926
vn 0.0133433 -0.0213151 -0.0035753
v 0.11934 0.00779158 -0.0419937
vn 0.0179605 0 -0.0179605
v 0.119801 -0.00504865 -0.0410555
vn 0.0245345 0 -0.006574
v 0.123838 -0.0215794 -0.0159846
vn 0.0127 0 0.021997
v 0.129822 -0.0201065 -0.0104263
vn 0.006574 0 0.0245345
v -0.23082 -0.0136512 0.0424869
vn -0.006574 0 0.0245345
v 0.116648 -0.0048153 -0.0076309
vn -0.006574 0 0.0245345
v 0.125466 -0.0172963 -0.00394508
vn 0 0 0.0254
v 0.116366 -0.00691921 -0.00995813
vn 0 0.0216383 0.013302
v 0.130576 -0.0171663 -0.0046822
vn -0 -0.0213151 0.0138139
v 0.126216 -0.0155411 -0.0346227
vn 0.0133433 -0.0213151 0.0035753
v 0.121971 -0.0192153 -0.0285103
vn 0.021997 0 0.0127
v 0.132489 -0.00566828 -0.0270999
vn 0 -0.0254 0
v 0.132154 -0.00910476 -0.0300263
vn 0.0133433 -0.0213151 0.0035753
v 0.306623 0.0617948 -0.0815087
vn -0.0105577 -0.0141175 -0.0182864
v 0.315773 0.066822 -0.0171897
vn -0.0211153 -0.0141175 0
v 0.306623 0.0617948 -0.0815087
vn 0.0105577 -0.0141175 -0.0182864
v 0.294453 0.00229502 -0.114986
vn 0.0211153 -0.0141175 0
v 0.301736 -0.0570133 -0.0749543
vn 0.0211153 -0.0141175 0
v 0.304072 0.00303738 -0.10956
vn 0.0211153 -0.0141175 0
v 0.311835 -0.0514647 -0.00395932
vn 0.0105577 -0.0141175 0.0182864
v 0.319818 -0.0456667 -0.00897439
vn 0.0105577 -0.0141175 0.0182864
v 0.301736 -0.0570133 -0.0749543
vn 0.0105577 -0.0141175 0.0182864
v 0.319818 -0.0456667 -0.00897439
vn -0.0105577 -0.0141175 0.0182864
v 0.131687 0.00256028 -0.0312081
vn 0 -0.0254 0
v 0.131856 -0.000519493 -0.0305752
vn 0 -0.0254 0
v 0.131284 -0.00202395 -0.0348058
vn 0 -0.0254 0
v 0.13213 -0.00332617 -0.0291739
vn 0 -0.0254 0
v 0.131661 -0.00588408 -0.0328782
vn 0 -0.0254 0
v -0.230629 -0.00487769 0.0453531
vn 0 -0.0254 0
v -0.230575 -0.00802095 0.0451745
vn 0 -0.0254 0
v -0.230045 -0.00455689 0.0494575
vn 0 -0.0254 0
v 0.125536 0.0238772 -0.0323857
vn 0 -0.0213151 -0.0138139
v 0.125536 0.0238772 -0.0323857
vn 0 0 -0.0254
v 0.113924 0.0129734 -0.0233852
vn 0 0.0216383 -0.013302
v -0.233179 0.0055636 0.0295173
vn -0.006574 0 -0.0245345
v -0.232295 0.0101309 0.0364501
vn 0 -0.0254 0
v 0.120426 0.0237472 -0.0316486
vn 0 0 -0.0254
v 0.131284 -0.00202395 -0.0348058
vn 0.0133433 -0.0213151 -0.0035753
v 0.124912 -0.00491869 -0.0417926
vn 0.0245345 0 -0.006574
v 0.119474 0.0139649 -0.0399762
vn 0.00665102 0.0216383 -0.0115199
v 0.113462 0.00823234 -0.0274218
vn 0.00665102 0.0216383 -0.0115199
v 0.11934 0.00779158 -0.0419937
vn 0.00940595 0.0216383 -0.00940595
v 0.119844 0.0194077 -0.0364482
vn 0.00344282 0.0216383 -0.0128488
v 0.113642 0.0108706 -0.0257108
vn 0.00344282 0.0216383 -0.0128488
v 0.113397 0.00523982 -0.0283993
vn 0.00940595 0.0216383 -0.00940595
v 0.119451 0.00130558 -0.0423615
vn 0.0115199 0.0216383 -0.00665102
v 0.113451 0.00209656 -0.0285779
vn 0.0115199 0.0216383 -0.00665102
v 0.119801 -0.00504865 -0.0410555
vn 0.0128488 0.0216383 -0.00344282
v 0.124712 -0.0202364 -0.00968919
vn 0.006574 0 0.0245345
v -0.23064 -0.0110135 0.044197
vn 0 -0.0254 0
v -0.229972 -0.00878452 0.0492176
vn 0 -0.0254 0
v -0.23082 -0.0136512 0.0424869
vn 0 -0.0254 0
v -0.231102 -0.0157551 0.0401596
vn 0 0 0.0254
v 0.130576 -0.0171663 -0.0046822
vn 0 0 0.0254
v 0.125466 -0.0172963 -0.00394508
vn 0 0.0216383 0.013302
v 0.116366 -0.00691921 -0.00995813
vn 0 0 0.0254
v 0.126216 -0.0155411 -0.0346227
vn 0.0245345 0 0.006574
v 0.123838 -0.0215794 -0.0159846
vn 0.00665102 0.0216383 0.0115199
v 0.122903 -0.0212309 -0.0224041
vn 0.00940595 0.0216383 0.00940595
v 0.115577 -0.00899514 -0.0157936
vn 0.00665102 0.0216383 0.0115199
v 0.121971 -0.0192153 -0.0285103
vn 0.0115199 0.0216383 0.00665102
v 0.115124 -0.00882616 -0.018905
vn 0.00940595 0.0216383 0.00940595
v 0.125476 -0.0107092 -0.0389017
vn 0.0138139 -0.0213151 -0
v 0.306623 0.0617948 -0.0815087
vn 0 -0.0254 0
v 0.306877 0.0597258 -0.0801122
vn 0 -0.0254 0
v 0.315773 0.066822 -0.0171897
vn 0 -0.0254 0
v 0.32237 0.0130912 0.0190774
vn 0 -0.0254 0
v 0.315675 0.064559 -0.0182697
vn 0 -0.0254 0
v 0.304072 0.00303738 -0.10956
vn 0 -0.0254 0
v 0.310669 -0.0506934 -0.0732926
vn 0.0211153 -0.0141175 0
v 0.310669 -0.0506934 -0.0732926
vn 0.0105577 -0.0141175 0.0182864
v 0.319818 -0.0456667 -0.00897439
vn 0 -0.0254 0
v 0.319564 -0.0435978 -0.0103709
vn 0 -0.0254 0
v -0.230641 0.00335869 0.046722
vn -0.0207129 -0.0147016 0
v -0.230274 -0.000415503 0.048606
vn -0.0200071 -0.0147016 0.0053609
v -0.238467 0.00657139 0.0529053
vn -0.0207129 -0.0147016 0
v -0.231124 0.00650781 0.0439329
vn -0.0200071 -0.0147016 -0.0053609
v -0.23913 0.0108981 0.0490729
vn -0.0200071 -0.0147016 -0.0053609
v -0.231688 0.00881808 0.0404296
vn -0.0179379 -0.0147016 -0.0103564
v -0.239905 0.0140723 0.0442594
vn -0.0179379 -0.0147016 -0.0103564
v 0.120426 0.0237472 -0.0316486
vn 0 0.0216383 -0.013302
v 0.113924 0.0129734 -0.0233852
vn 0 0 -0.0254
v -0.233179 0.0055636 0.0295173
vn 0 -0.0254 0
v -0.232295 0.0101309 0.0364501
vn -0.0146462 -0.0147016 -0.0146462
v -0.240739 0.0158766 0.0387927
vn -0.0146462 -0.0147016 -0.0146462
v 0.120366 -0.0108391 -0.0381645
vn 0.0254 0 0
v 0.113621 -0.000983208 -0.027945
vn 0.0128488 0.0216383 -0.00344282
v 0.124712 -0.0202364 -0.00968919
vn 0.00344282 0.0216383 0.0128488
v 0.116001 -0.00834416 -0.0127412
vn 0.00344282 0.0216383 0.0128488
v -0.23006 -0.0128084 0.047902
vn 0 -0.0254 0
v -0.231102 -0.0157551 0.0401596
vn 0 -0.0254 0
v -0.231467 -0.01718 0.0373765
vn 0.006574 0 0.0245345
v 0.121106 -0.0156711 -0.0338855
vn 0.0245345 0 0.006574
v 0.114673 -0.00784973 -0.0218643
vn 0.0115199 0.0216383 0.00665102
v 0.131661 -0.00588408 -0.0328782
vn 0.0138139 -0.0213151 -0
v 0.125476 -0.0107092 -0.0389017
vn 0.0254 0 0
v 0.322018 0.0128972 0.016601
vn 0 -0.0254 0
v 0.304424 0.0032306 -0.107083
vn 0 -0.0254 0
v 0.310669 -0.0506934 -0.0732926
vn 0 -0.0254 0
v -0.237962 0.00138559 0.0554937
vn -0.0200071 -0.0147016 0.0053609
v -0.230045 -0.00455689 0.0494575
vn -0.0179379 -0.0147016 0.0103564
v -0.229972 -0.00878452 0.0492176
vn -0.0146462 -0.0147016 0.0146462
v -0.237649 -0.00430467 0.0566635
vn -0.0179379 -0.0147016 0.0103564
v -0.233544 0.00413751 0.0267325
vn 0 0 -0.0254
v -0.233544 0.00413751 0.0267325
vn 0 -0.0254 0
v -0.241577 0.0161885 0.0330434
vn -0.0103564 -0.0147016 -0.0179379
v 0.120366 -0.0108391 -0.0381645
vn 0.013302 0.0216383 0
v 0.113462 0.00823234 -0.0274218
vn 0.0127 0 -0.021997
v -0.234006 -0.000603521 0.022696
vn 0.0127 0 -0.021997
v 0.113397 0.00523982 -0.0283993
vn 0.0179605 0 -0.0179605
v 0.113642 0.0108706 -0.0257108
vn 0.006574 0 -0.0245345
v -0.233826 0.00203474 0.024407
vn 0.006574 0 -0.0245345
v 0.113451 0.00209656 -0.0285779
vn 0.021997 0 -0.0127
v -0.234017 -0.0067393 0.0215399
vn 0.021997 0 -0.0127
v 0.113621 -0.000983208 -0.027945
vn 0.0245345 0 -0.006574
v -0.233847 -0.00981907 0.0221728
vn 0.0245345 0 -0.006574
v -0.23006 -0.0128084 0.047902
vn -0.0103564 -0.0147016 0.0179379
v -0.237668 -0.0156409 0.0545276
vn -0.0103564 -0.0147016 0.0179379
v -0.231742 -0.0219753 0.0346269
vn 0 -0.0254 0
v 0.116001 -0.00834416 -0.0127412
vn 0.006574 0 0.0245345
v -0.231467 -0.01718 0.0373765
vn 0 -0.0254 0
v 0.121106 -0.0156711 -0.0338855
vn 0.0128488 0.0216383 0.00344282
v 0.115124 -0.00882616 -0.018905
vn 0.0179605 0 0.0179605
v -0.232344 -0.017662 0.0312127
vn 0.0179605 0 0.0179605
v 0.115577 -0.00899514 -0.0157936
vn 0.0127 0 0.021997
v -0.231891 -0.017831 0.0343242
vn 0.0127 0 0.021997
v 0.114673 -0.00784973 -0.0218643
vn 0.021997 0 0.0127
v 0.306877 0.0597258 -0.0801122
vn -0.00503433 -0.0233191 -0.00871972
v 0.327202 0.0245668 -0.0584084
vn -0.00615871 -0.0222135 -0.0106672
v 0.315675 0.064559 -0.0182697
vn -0.00503433 -0.0233191 -0.00871972
v 0.315675 0.064559 -0.0182697
vn -0.0100687 -0.0233191 0
v 0.329943 0.0260725 -0.039139
vn -0.0123175 -0.0222135 0
v 0.322018 0.0128972 0.016601
vn -0.0100687 -0.0233191 0
v 0.306877 0.0597258 -0.0801122
vn 0.00503433 -0.0233191 -0.00871972
v 0.304424 0.0032306 -0.107083
vn 0.00503433 -0.0233191 -0.00871972
v 0.327202 0.0245668 -0.0584084
vn 0.00615871 -0.0222135 -0.0106672
v 0.310767 -0.0484312 -0.072212
vn 0 -0.0254 0
v 0.319564 -0.0435978 -0.0103709
vn -0.00503433 -0.0233191 0.00871972
v 0.322018 0.0128972 0.016601
vn -0.00503433 -0.0233191 0.00871972
v 0.331155 -0.00762715 -0.0366781
vn -0.00615871 -0.0222135 0.0106672
v -0.237962 0.00138559 0.0554937
vn 0 -0.0254 0
v -0.237416 0.0028218 0.0595291
vn 0 -0.0254 0
v -0.238467 0.00657139 0.0529053
vn 0 -0.0254 0
v -0.23802 0.00901119 0.0564386
vn 0 -0.0254 0
v -0.23913 0.0108981 0.0490729
vn 0 -0.0254 0
v -0.238811 0.0141765 0.0518649
vn 0 -0.0254 0
v -0.239905 0.0140723 0.0442594
vn 0 -0.0254 0
v -0.239736 0.0179649 0.0461185
vn 0 -0.0254 0
v -0.240739 0.0158766 0.0387927
vn 0 -0.0254 0
v -0.237548 -0.0101114 0.0563341
vn -0.0146462 -0.0147016 0.0146462
v -0.234586 0.00119088 0.0189902
vn 0 -0.0254 0
v -0.232904 0.0103578 0.0322653
vn -0.0103564 -0.0147016 -0.0179379
v -0.240732 0.020119 0.0395913
vn 0 -0.0254 0
v -0.241577 0.0161885 0.0330434
vn 0 -0.0254 0
v 0.113894 -0.00378988 -0.0265437
vn 0.013302 0.0216383 0
v -0.234071 -0.00359604 0.0217185
vn 0.0179605 0 -0.0179605
v -0.233574 -0.0126257 0.0235741
vn 0.0254 0 0
v -0.238 -0.0205142 0.0513674
vn -0.0053609 -0.0147016 0.0200071
v -0.230301 -0.016356 0.0456025
vn 0 -0.0254 0
v -0.232351 -0.0217487 0.0304434
vn 0 -0.0254 0
v 0.114253 -0.00613199 -0.0244697
vn 0.0128488 0.0216383 0.00344282
v -0.232795 -0.0166856 0.0282534
vn 0.021997 0 0.0127
v 0.329943 0.0260725 -0.039139
vn -0.00615871 -0.0222135 -0.0106672
v 0.33192 0.00997552 -0.0282739
vn -0.0123175 -0.0222135 0
v 0.326438 0.00696384 -0.0668113
vn 0.00615871 -0.0222135 -0.0106672
v 0.304424 0.0032306 -0.107083
vn 0.0100687 -0.0233191 0
v 0.310767 -0.0484312 -0.072212
vn 0.0100687 -0.0233191 0
v 0.326438 0.00696384 -0.0668113
vn 0.0123175 -0.0222135 0
v 0.319564 -0.0435978 -0.0103709
vn 0.00503433 -0.0233191 0.00871972
v 0.331155 -0.00762715 -0.0366781
vn 0.00615871 -0.0222135 0.0106672
v 0.310767 -0.0484312 -0.072212
vn 0.00503433 -0.0233191 0.00871972
v 0.33192 0.00997552 -0.0282739
vn -0.00615871 -0.0222135 0.0106672
v -0.237649 -0.00430467 0.0566635
vn 0 -0.0254 0
v -0.237548 -0.0101114 0.0563341
vn 0 -0.0254 0
v -0.237042 -0.00397101 0.0609248
vn 0 -0.0254 0
v -0.232904 0.0103578 0.0322653
vn 0 -0.0254 0
v -0.234673 -0.0028333 0.0176759
vn 0 -0.0254 0
v -0.242359 0.0149863 0.0274053
vn -0.0053609 -0.0147016 -0.0200071
v -0.242359 0.0149863 0.0274053
vn 0 -0.0254 0
v 0.113894 -0.00378988 -0.0265437
vn 0.0254 0 0
v -0.234071 -0.00359604 0.0217185
vn 0 -0.0254 0
v -0.234006 -0.000603521 0.022696
vn 0 -0.0254 0
v -0.2346 -0.00706011 0.0174355
vn 0 -0.0254 0
v -0.233826 0.00203474 0.024407
vn 0 -0.0254 0
v -0.234017 -0.0067393 0.0215399
vn 0 -0.0254 0
v -0.233847 -0.00981907 0.0221728
vn 0 -0.0254 0
v -0.234372 -0.0112015 0.018287
vn 0 -0.0254 0
v -0.233574 -0.0126257 0.0235741
vn 0 -0.0254 0
v -0.234005 -0.0149757 0.020171
vn 0 -0.0254 0
v -0.237668 -0.0156409 0.0545276
vn 0 -0.0254 0
v -0.236923 -0.010904 0.0605312
vn 0 -0.0254 0
v -0.230301 -0.016356 0.0456025
vn -0.0053609 -0.0147016 0.0200071
v -0.238 -0.0205142 0.0513674
vn 0 -0.0254 0
v -0.237066 -0.0175039 0.0583757
vn 0 -0.0254 0
v -0.231172 -0.0211011 0.0387309
vn 0 -0.0254 0
v -0.231891 -0.017831 0.0343242
vn 0 -0.0254 0
v -0.231742 -0.0219753 0.0346269
vn 0.0103564 -0.0147016 0.0179379
v -0.232351 -0.0217487 0.0304434
vn 0.0146462 -0.0147016 0.0146462
v -0.239979 -0.0282355 0.0362886
vn 0.0103564 -0.0147016 0.0179379
v 0.114253 -0.00613199 -0.0244697
vn 0.0245345 0 0.006574
v -0.232344 -0.017662 0.0312127
vn 0 -0.0254 0
v -0.232795 -0.0166856 0.0282534
vn 0 -0.0254 0
v -0.232958 -0.0204351 0.0264634
vn 0 -0.0254 0
v 0.32983 0.0215003 -0.0566237
vn -0.00900628 -0.0179083 -0.0155993
v 0.332039 0.022714 -0.041093
vn -0.0180126 -0.0179083 0
v 0.32983 0.0215003 -0.0566237
vn 0.00900628 -0.0179083 -0.0155993
v 0.328414 -0.00913312 -0.0559461
vn 0.0123175 -0.0222135 0
v 0.328414 -0.00913312 -0.0559461
vn 0.00615871 -0.0222135 0.0106672
v 0.333016 -0.00444651 -0.0391102
vn -0.00900628 -0.0179083 0.0155993
v -0.23802 0.00901119 0.0564386
vn -0.0254 0 0
v -0.237416 0.0028218 0.0595291
vn -0.0245345 0 0.006574
v -0.271023 0.00817195 0.0611988
vn -0.0254 0 0
v -0.238811 0.0141765 0.0518649
vn -0.0245345 0 -0.006574
v -0.271814 0.0133373 0.0566252
vn -0.0245345 0 -0.006574
v -0.239736 0.0179649 0.0461185
vn -0.021997 0 -0.0127
v -0.272739 0.0171257 0.0508787
vn -0.021997 0 -0.0127
v -0.240732 0.020119 0.0395913
vn -0.0179605 0 -0.0179605
v -0.273735 0.0192797 0.0443516
vn -0.0179605 0 -0.0179605
v -0.234345 0.00473846 0.0212897
vn 0 -0.0254 0
v -0.234586 0.00119088 0.0189902
vn 0.0103564 -0.0147016 -0.0179379
v -0.243887 0.00359393 0.0148044
vn 0.0103564 -0.0147016 -0.0179379
v -0.234673 -0.0028333 0.0176759
vn 0.0146462 -0.0147016 -0.0146462
v -0.233474 0.00948355 0.0281613
vn -0.0053609 -0.0147016 -0.0200071
v -0.241731 0.0204911 0.0327298
vn 0 -0.0254 0
v -0.233215 -0.0149679 0.0256481
vn 0.0245345 0 0.006574
v -0.233215 -0.0149679 0.0256481
vn 0 -0.0254 0
v -0.238521 -0.0243999 0.0470691
vn -0 -0.0147016 0.0207129
v -0.238521 -0.0243999 0.0470691
vn 0 -0.0254 0
v -0.230681 -0.0191837 0.0424739
vn 0 -0.0254 0
v -0.231172 -0.0211011 0.0387309
vn 0.0053609 -0.0147016 0.0200071
v -0.239196 -0.0270333 0.0419267
vn 0.0053609 -0.0147016 0.0200071
v -0.240816 -0.0279236 0.0305393
vn 0.0146462 -0.0147016 0.0146462
v -0.233522 -0.0181248 0.0229601
vn 0 -0.0254 0
v 0.332039 0.022714 -0.041093
vn -0.00900628 -0.0179083 -0.0155993
v 0.333632 0.00974064 -0.0323362
vn -0.0180126 -0.0179083 0
v 0.329214 0.00731284 -0.0633963
vn 0.00900628 -0.0179083 -0.0155993
v 0.329214 0.00731284 -0.0633963
vn 0.0180126 -0.0179083 -0
v 0.333016 -0.00444651 -0.0391102
vn 0.00900628 -0.0179083 0.0155993
v 0.333632 0.00974064 -0.0323362
vn -0.00900628 -0.0179083 0.0155993
v -0.270419 0.00198256 0.0642894
vn -0.0245345 0 0.006574
v -0.237042 -0.00397101 0.0609248
vn -0.021997 0 0.0127
v -0.241731 0.0204911 0.0327298
vn -0.0127 0 -0.021997
v -0.236923 -0.010904 0.0605312
vn -0.0179605 0 0.0179605
v -0.270045 -0.00481025 0.065685
vn -0.021997 0 0.0127
v -0.233474 0.00948355 0.0281613
vn 0 -0.0254 0
v -0.234345 0.00473846 0.0212897
vn 0.0053609 -0.0147016 -0.0200071
v -0.243555 0.00846722 0.0179646
vn 0.0053609 -0.0147016 -0.0200071
v -0.244007 -0.00193558 0.0129979
vn 0.0146462 -0.0147016 -0.0146462
v -0.243034 0.0123524 0.0222621
vn 0 -0.0147016 -0.0207129
v -0.243034 0.0123524 0.0222621
vn 0 -0.0254 0
v -0.2346 -0.00706011 0.0174355
vn 0.0179379 -0.0147016 -0.0103564
v -0.243907 -0.00774233 0.0126685
vn 0.0179379 -0.0147016 -0.0103564
v -0.234372 -0.0112015 0.018287
vn 0.0200071 -0.0147016 -0.0053609
v -0.243594 -0.0134331 0.0138375
vn 0.0200071 -0.0147016 -0.0053609
v -0.234005 -0.0149757 0.020171
vn 0.0207129 -0.0147016 0
v -0.243088 -0.0186184 0.0164266
vn 0.0207129 -0.0147016 0
v -0.237066 -0.0175039 0.0583757
vn -0.0127 0 0.021997
v -0.270069 -0.0183431 0.0631359
vn -0.0127 0 0.021997
v -0.230681 -0.0191837 0.0424739
vn -0 -0.0147016 0.0207129
v -0.239824 -0.0325389 0.0366027
vn 0 -0.0254 0
v -0.239979 -0.0282355 0.0362886
vn 0 -0.0254 0
v -0.240816 -0.0279236 0.0305393
vn 0 -0.0254 0
v -0.240823 -0.0321659 0.0297407
vn 0 -0.0254 0
v -0.232958 -0.0204351 0.0264634
vn 0.0179379 -0.0147016 0.0103564
v -0.239196 -0.0270333 0.0419267
vn 0 -0.0254 0
v -0.233522 -0.0181248 0.0229601
vn 0.0200071 -0.0147016 0.0053609
v -0.24165 -0.0261193 0.0250725
vn 0.0179379 -0.0147016 0.0103564
v 0.335361 0.0203365 -0.0427654
vn -0.0115313 -0.0106429 -0.0199729
v 0.336677 0.00961678 -0.0355298
vn -0.0230627 -0.0106429 0
v 0.333027 0.00761195 -0.0611926
vn 0.0115313 -0.0106429 -0.0199729
v 0.330807 -0.00566055 -0.0546395
vn 0.0180126 -0.0179083 -0
v 0.330807 -0.00566055 -0.0546395
vn 0.00900628 -0.0179083 0.0155993
v 0.336677 0.00961678 -0.0355298
vn -0.0115313 -0.0106429 0.0199729
v -0.271023 0.00817195 0.0611988
vn -0.0218173 0.0130064 0
v -0.270419 0.00198256 0.0642894
vn -0.0210738 0.0130064 0.00564672
v -0.287814 0.00238859 0.0556852
vn -0.0218173 0.0130064 0
v -0.271814 0.0133373 0.0566252
vn -0.0210738 0.0130064 -0.00564672
v -0.288322 0.00570521 0.0527482
vn -0.0210738 0.0130064 -0.00564672
v -0.272739 0.0171257 0.0508787
vn -0.0188943 0.0130064 -0.0109086
v -0.288916 0.008137 0.0490585
vn -0.0188943 0.0130064 -0.0109086
v -0.273735 0.0192797 0.0443516
vn -0.0154271 0.0130064 -0.0154271
v -0.289556 0.00952058 0.0448681
vn -0.0154271 0.0130064 -0.0154271
v -0.274734 0.0196518 0.0374901
vn -0.0127 0 -0.021997
v -0.269926 -0.0117433 0.0652914
vn -0.0179605 0 0.0179605
v -0.233965 0.00756619 0.0244183
vn 0 -0.0254 0
v -0.244007 -0.00193558 0.0129979
vn 0 -0.0254 0
v -0.243887 0.00359393 0.0148044
vn 0 -0.0254 0
v -0.244633 -0.00114295 0.00880078
vn 0 -0.0254 0
v -0.243555 0.00846722 0.0179646
vn 0 -0.0254 0
v -0.233965 0.00756619 0.0244183
vn 0 -0.0147016 -0.0207129
v -0.244489 0.00545609 0.0109569
vn 0 -0.0254 0
v -0.242426 -0.0229457 0.0202582
vn 0.0200071 -0.0147016 0.0053609
v -0.270465 -0.0241602 0.0593636
vn -0.006574 0 0.0245345
v -0.237462 -0.0233209 0.0546034
vn 0 -0.0254 0
v -0.24182 -0.0300119 0.0232135
vn 0 -0.0254 0
v 0.333536 0.019333 -0.0555966
vn -0.0115313 -0.0106429 -0.0199729
v 0.335361 0.0203365 -0.0427654
vn -0.0230627 -0.0106429 0
v 0.333536 0.019333 -0.0555966
vn 0.0115313 -0.0106429 -0.0199729
v 0.333027 0.00761195 -0.0611926
vn 0.0230627 -0.0106429 -0
v 0.336168 -0.00210486 -0.0411265
vn 0.0115313 -0.0106429 0.0199729
v 0.336168 -0.00210486 -0.0411265
vn -0.0115313 -0.0106429 0.0199729
v -0.287427 -0.00158587 0.0576695
vn -0.0210738 0.0130064 0.00564672
v -0.270045 -0.00481025 0.065685
vn -0.0188943 0.0130064 0.0109086
v -0.274734 0.0196518 0.0374901
vn -0.0109086 0.0130064 -0.0188943
v -0.242666 0.0190568 0.0259993
vn -0.006574 0 -0.0245345
v -0.269926 -0.0117433 0.0652914
vn -0.0154271 0.0130064 0.0154271
v -0.287187 -0.00594712 0.058565
vn -0.0188943 0.0130064 0.0109086
v -0.243907 -0.00774233 0.0126685
vn 0 -0.0254 0
v -0.244513 -0.00807598 0.0084072
vn 0 -0.0254 0
v -0.244093 0.0112739 0.0147286
vn 0 -0.0254 0
v -0.243594 -0.0134331 0.0138375
vn 0 -0.0254 0
v -0.244139 -0.0148682 0.00980367
vn 0 -0.0254 0
v -0.243088 -0.0186184 0.0164266
vn 0 -0.0254 0
v -0.243536 -0.0210582 0.0128934
vn 0 -0.0254 0
v -0.242426 -0.0229457 0.0202582
vn 0 -0.0254 0
v -0.242745 -0.0262229 0.0174679
vn 0 -0.0254 0
v -0.270069 -0.0183431 0.0631359
vn -0.0109086 0.0130064 0.0188943
v -0.28711 -0.0103984 0.058313
vn -0.0154271 0.0130064 0.0154271
v -0.237462 -0.0233209 0.0546034
vn -0.006574 0 0.0245345
v -0.270465 -0.0241602 0.0593636
vn -0.00564672 0.0130064 0.0210738
v -0.287202 -0.0146353 0.0569287
vn -0.0109086 0.0130064 0.0188943
v -0.23889 -0.0311038 0.0433327
vn 0 -0.0254 0
v -0.24165 -0.0261193 0.0250725
vn 0 -0.0254 0
v -0.240823 -0.0321659 0.0297407
vn 0.0179605 0 0.0179605
v -0.24182 -0.0300119 0.0232135
vn 0.021997 0 0.0127
v -0.273826 -0.0330052 0.0345009
vn 0.0179605 0 0.0179605
v -0.239824 -0.0325389 0.0366027
vn 0.0127 0 0.021997
v 0.339478 0.0192495 -0.0439353
vn -0.0126272 -0.00271559 -0.021871
v 0.34066 0.00962155 -0.0374366
vn -0.0252544 -0.00271559 0
v 0.337381 0.00781918 -0.0604882
vn 0.0126272 -0.00271559 -0.021871
v 0.334343 -0.00310781 -0.0539569
vn 0.0230627 -0.0106429 -0
v 0.334343 -0.00310781 -0.0539569
vn 0.0115313 -0.0106429 0.0199729
v 0.34066 0.00962155 -0.0374366
vn -0.0126272 -0.00271559 0.021871
v -0.287427 -0.00158587 0.0576695
vn 0 0.0254 0
v -0.288334 -0.000447383 0.0515783
vn 0 0.0254 0
v -0.287814 0.00238859 0.0556852
vn 0 0.0254 0
v -0.288693 0.00189473 0.0495042
vn 0 0.0254 0
v -0.288322 0.00570521 0.0527482
vn 0 0.0254 0
v -0.289564 0.00458889 0.0439396
vn 0 0.0254 0
v -0.288916 0.008137 0.0490585
vn 0 0.0254 0
v -0.290441 0.00410746 0.0377766
vn 0 0.0254 0
v -0.289556 0.00952058 0.0448681
vn 0 0.0254 0
v -0.290197 0.00975956 0.0404627
vn -0.0109086 0.0130064 -0.0188943
v -0.275668 0.0182175 0.0307596
vn -0.006574 0 -0.0245345
v -0.242666 0.0190568 0.0259993
vn 0 -0.0254 0
v -0.244513 -0.00807598 0.0084072
vn 0.021997 0 -0.0127
v -0.244633 -0.00114295 0.00880078
vn 0.0179605 0 -0.0179605
v -0.277516 -0.00891522 0.0131674
vn 0.021997 0 -0.0127
v -0.244489 0.00545609 0.0109569
vn 0.0127 0 -0.021997
v -0.277492 0.00461685 0.0157171
vn 0.0127 0 -0.021997
v -0.244093 0.0112739 0.0147286
vn 0.006574 0 -0.0245345
v -0.277096 0.0104347 0.0194888
vn 0.006574 0 -0.0245345
v -0.271087 -0.0287998 0.0542327
vn 0 0 0.0254
v -0.287456 -0.0183705 0.0545063
vn -0.00564672 0.0130064 0.0210738
v -0.238084 -0.0279605 0.0494724
vn 0 -0.0254 0
v -0.272827 -0.0333781 0.0413629
vn 0.0127 0 0.021997
v -0.23889 -0.0311038 0.0433327
vn 0.006574 0 0.0245345
v -0.274823 -0.0308512 0.0279738
vn 0.021997 0 0.0127
v 0.337838 0.0183489 -0.0554621
vn -0.0126272 -0.00271559 -0.021871
v 0.339478 0.0192495 -0.0439353
vn -0.0252544 -0.00271559 0
v 0.337838 0.0183489 -0.0554621
vn 0.0126272 -0.00271559 -0.021871
v 0.337381 0.00781918 -0.0604882
vn 0.0252544 -0.00271559 -0
v 0.338563 -0.00180882 -0.0539895
vn 0.0126272 -0.00271559 0.021871
v 0.340203 -0.000908738 -0.0424636
vn -0.0126272 -0.00271559 0.021871
v -0.288061 -0.00325406 0.0529795
vn 0 0.0254 0
v -0.289113 0.00361246 0.0468989
vn 0 0.0254 0
v -0.290017 0.00475788 0.0408281
vn 0 0.0254 0
v -0.287187 -0.00594712 0.058565
vn 0 0.0254 0
v -0.287891 -0.00633383 0.0536124
vn 0 0.0254 0
v -0.290806 0.00268138 0.0349919
vn 0 0.0254 0
v -0.275668 0.0182175 0.0307596
vn -0.00564672 0.0130064 -0.0210738
v -0.291968 0.000106056 0.0264829
vn 0 0.0254 0
v -0.290197 0.00975956 0.0404627
vn 0 0.0254 0
v -0.243471 0.0159122 0.0198593
vn 0 0 -0.0254
v -0.243471 0.0159122 0.0198593
vn 0 -0.0254 0
v -0.28711 -0.0103984 0.058313
vn 0 0.0254 0
v -0.287902 -0.0124696 0.0524563
vn 0 0.0254 0
v -0.244139 -0.0148682 0.00980367
vn 0.0245345 0 -0.006574
v -0.277142 -0.0157075 0.0145639
vn 0.0245345 0 -0.006574
v -0.277635 -0.00198219 0.013561
vn 0.0179605 0 -0.0179605
v -0.276474 0.0150729 0.0246195
vn 0 0 -0.0254
v -0.243536 -0.0210582 0.0128934
vn 0.0254 0 0
v -0.276539 -0.0218974 0.0176537
vn 0.0254 0 0
v -0.242745 -0.0262229 0.0174679
vn 0.0245345 0 0.006574
v -0.275748 -0.0270622 0.0222281
vn 0.0245345 0 0.006574
v -0.287202 -0.0146353 0.0569287
vn 0 0.0254 0
v -0.289614 -0.0240498 0.0385436
vn 0 0.0254 0
v -0.238084 -0.0279605 0.0494724
vn 0 0 0.0254
v -0.271087 -0.0287998 0.0542327
vn 0 0.0130064 0.0218173
v -0.287456 -0.0183705 0.0545063
vn 0 0.0254 0
v -0.288373 -0.0233671 0.0472705
vn 0 0.0254 0
v -0.271893 -0.031943 0.0480929
vn 0.006574 0 0.0245345
v -0.273826 -0.0330052 0.0345009
vn 0.0154271 0.0130064 0.0154271
v -0.274823 -0.0308512 0.0279738
vn 0.0188943 0.0130064 0.0109086
v -0.289614 -0.0240498 0.0385436
vn 0.0154271 0.0130064 0.0154271
v -0.272827 -0.0333781 0.0413629
vn 0.0109086 0.0130064 0.0188943
v 0.342172 0.018675 -0.0562363
vn -0.0124572 0.00494279 -0.0215765
v 0.345057 0.00975214 -0.0378077
vn -0.0249144 0.00494279 0
v 0.341705 0.00791036 -0.0613751
vn 0.0124572 0.00494279 -0.0215765
v 0.338563 -0.00180882 -0.0539895
vn 0.0252544 -0.00271559 -0
v 0.340203 -0.000908738 -0.0424636
vn 0.0126272 -0.00271559 0.021871
v 0.34459 -0.00101307 -0.0429472
vn -0.0124572 0.00494279 0.0215765
v -0.288693 0.00189473 0.0495042
vn -0.0245345 0 -0.006574
v -0.288334 -0.000447383 0.0515783
vn -0.0254 0 0
v -0.545954 -0.00464722 0.0866107
vn -0.0245345 0 -0.006574
v -0.288061 -0.00325406 0.0529795
vn -0.0245345 0 0.006574
v -0.545595 -0.00698933 0.0886847
vn -0.0254 0 0
v -0.289113 0.00361246 0.0468989
vn -0.021997 0 -0.0127
v -0.546373 -0.00292949 0.0840054
vn -0.021997 0 -0.0127
v -0.289564 0.00458889 0.0439396
vn -0.0179605 0 -0.0179605
v -0.546825 -0.00195305 0.0810461
vn -0.0179605 0 -0.0179605
v -0.290017 0.00475788 0.0408281
vn -0.0127 0 -0.021997
v -0.287837 -0.00947708 0.0534338
vn 0 0.0254 0
v -0.29206 -0.00413087 0.0250987
vn 0 0.0254 0
v -0.290441 0.00410746 0.0377766
vn -0.006574 0 -0.0245345
v -0.547701 -0.00243449 0.0748831
vn -0.006574 0 -0.0245345
v -0.290806 0.00268138 0.0349919
vn 0 0 -0.0254
v -0.547278 -0.00178407 0.0779346
vn -0.0127 0 -0.021997
v -0.290797 0.00883786 0.0361412
vn -0.00564672 0.0130064 -0.0210738
v -0.291714 0.00384128 0.0289053
vn 0 0.0254 0
v -0.288082 -0.0151073 0.0507462
vn 0 0.0254 0
v -0.277516 -0.00891522 0.0131674
vn 0.0188943 0.0130064 -0.0109086
v -0.277635 -0.00198219 0.013561
vn 0.0154271 0.0130064 -0.0154271
v -0.291983 -0.00858271 0.0248458
vn 0.0188943 0.0130064 -0.0109086
v -0.277142 -0.0157075 0.0145639
vn 0.0210738 0.0130064 -0.00564672
v -0.291743 -0.0129434 0.0257421
vn 0.0210738 0.0130064 -0.00564672
v -0.277492 0.00461685 0.0157171
vn 0.0109086 0.0130064 -0.0188943
v -0.29206 -0.00413087 0.0250987
vn 0.0154271 0.0130064 -0.0154271
v -0.277096 0.0104347 0.0194888
vn 0.00564672 0.0130064 -0.0210738
v -0.291968 0.000106056 0.0264829
vn 0.0109086 0.0130064 -0.0188943
v -0.276474 0.0150729 0.0246195
vn 0 0.0130064 -0.0218173
v -0.291714 0.00384128 0.0289053
vn 0.00564672 0.0130064 -0.0210738
v -0.288364 -0.0172112 0.0484189
vn 0 0.0254 0
v -0.288973 -0.0242888 0.0429489
vn 0 0.0254 0
v -0.287856 -0.021349 0.0512119
vn 0 0.0130064 0.0218173
v -0.287856 -0.021349 0.0512119
vn 0 0.0254 0
v -0.288973 -0.0242888 0.0429489
vn 0.0109086 0.0130064 0.0188943
v -0.271893 -0.031943 0.0480929
vn 0.00564672 0.0130064 0.0210738
v -0.290254 -0.0226668 0.0343523
vn 0.0188943 0.0130064 0.0109086
v 0.343849 0.0195962 -0.0444522
vn -0.0124572 0.00494279 -0.0215765
v 0.342172 0.018675 -0.0562363
vn 0.0124572 0.00494279 -0.0215765
v 0.343849 0.0195962 -0.0444522
vn -0.0249144 0.00494279 0
v 0.345057 0.00975214 -0.0378077
vn -0.0124572 0.00494279 0.0215765
v 0.341705 0.00791036 -0.0613751
vn 0.0249144 0.00494279 0
v 0.34459 -0.00101307 -0.0429472
vn 0.0124572 0.00494279 0.0215765
v -0.545321 -0.009796 0.090086
vn -0.0245345 0 0.006574
v -0.287891 -0.00633383 0.0536124
vn -0.021997 0 0.0127
v -0.287837 -0.00947708 0.0534338
vn -0.0179605 0 0.0179605
v -0.545152 -0.0128758 0.0907189
vn -0.021997 0 0.0127
v -0.291088 0.000578601 0.0326663
vn 0 0.0254 0
v -0.548067 -0.00386057 0.0720983
vn 0 0 -0.0254
v -0.290797 0.00883786 0.0361412
vn 0 0.0254 0
v -0.287902 -0.0124696 0.0524563
vn -0.0127 0 0.021997
v -0.545162 -0.0190116 0.0895628
vn -0.0127 0 0.021997
v -0.288082 -0.0151073 0.0507462
vn -0.006574 0 0.0245345
v -0.545342 -0.0216492 0.0878527
vn -0.006574 0 0.0245345
v -0.276539 -0.0218974 0.0176537
vn 0.0218173 0.0130064 0
v -0.291356 -0.0169179 0.0277264
vn 0.0218173 0.0130064 0
v -0.291314 0.0068192 0.0321989
vn 0 0.0130064 -0.0218173
v -0.275748 -0.0270622 0.0222281
vn 0.0210738 0.0130064 0.00564672
v -0.290848 -0.0202345 0.0306634
vn 0.0210738 0.0130064 0.00564672
v -0.288729 -0.0186362 0.0456358
vn 0 0.0254 0
v -0.288373 -0.0233671 0.0472705
vn 0.00564672 0.0130064 0.0210738
v -0.290254 -0.0226668 0.0343523
vn 0 0.0254 0
v -0.289153 -0.0192871 0.0425835
vn 0 0.0254 0
v 0.344055 0.0193937 -0.0569711
vn -0.0112823 0.0116619 -0.0195415
v 0.344055 0.0193937 -0.0569711
vn 0.0112823 0.0116619 -0.0195415
v 0.347136 0.00986463 -0.0372897
vn -0.0225646 0.0116619 0
v 0.346637 -0.00163185 -0.0427793
vn -0.0112823 0.0116619 0.0195415
v 0.342914 -0.00193368 -0.0547305
vn 0.0249144 0.00494279 0
v 0.342914 -0.00193368 -0.0547305
vn 0.0124572 0.00494279 0.0215765
v -0.545954 -0.00464722 0.0866107
vn -0.0200342 -0.0146619 -0.00536816
v -0.545595 -0.00698933 0.0886847
vn -0.020741 -0.0146619 0
v -0.559507 0.00275118 0.0952832
vn -0.0200342 -0.0146619 -0.00536816
v -0.546373 -0.00292949 0.0840054
vn -0.0179622 -0.0146619 -0.0103705
v -0.560282 0.00592534 0.0904697
vn -0.0179622 -0.0146619 -0.0103705
v -0.545321 -0.009796 0.090086
vn -0.0200342 -0.0146619 0.00536816
v -0.558844 -0.00157557 0.0991156
vn -0.020741 -0.0146619 0
v -0.546825 -0.00195305 0.0810461
vn -0.0146661 -0.0146619 -0.0146661
v -0.561116 0.00772963 0.0850029
vn -0.0146661 -0.0146619 -0.0146661
v -0.547278 -0.00178407 0.0779346
vn -0.0103705 -0.0146619 -0.0179622
v -0.561954 0.00804157 0.0792536
vn -0.0103705 -0.0146619 -0.0179622
v -0.545098 -0.016019 0.0905403
vn -0.0179605 0 0.0179605
v -0.291983 -0.00858271 0.0248458
vn 0 0.0254 0
v -0.291088 0.000578601 0.0326663
vn 0.006574 0 -0.0245345
v -0.548067 -0.00386057 0.0720983
vn 0 -0.0146619 -0.020741
v -0.547701 -0.00243449 0.0748831
vn -0.00536816 -0.0146619 -0.0200342
v -0.563411 0.00420541 0.0684723
vn 0 -0.0146619 -0.020741
v -0.562736 0.00683938 0.0736155
vn -0.00536816 -0.0146619 -0.0200342
v -0.291314 0.0068192 0.0321989
vn 0 0.0254 0
v -0.545624 -0.0237532 0.0855254
vn 0 0 0.0254
v -0.288364 -0.0172112 0.0484189
vn 0 0 0.0254
v -0.291743 -0.0129434 0.0257421
vn 0 0.0254 0
v -0.291333 -0.00505218 0.0299778
vn 0 0.0254 0
v -0.291356 -0.0169179 0.0277264
vn 0 0.0254 0
v -0.291109 -0.0112752 0.0304321
vn 0 0.0254 0
v -0.288729 -0.0186362 0.0456358
vn 0.006574 0 0.0245345
v -0.545989 -0.0251781 0.0827423
vn 0.006574 0 0.0245345
v -0.289606 -0.0191182 0.0394721
vn 0 0.0254 0
v 0.345845 0.0203782 -0.0443862
vn -0.0112823 0.0116619 -0.0195415
v 0.343556 0.0078978 -0.0624598
vn 0.0112823 0.0116619 -0.0195415
v 0.345845 0.0203782 -0.0443862
vn -0.0225646 0.0116619 0
v 0.347136 0.00986463 -0.0372897
vn -0.0112823 0.0116619 0.0195415
v 0.346637 -0.00163185 -0.0427793
vn 0.0112823 0.0116619 0.0195415
v 0.343556 0.0078978 -0.0624598
vn 0.0225646 0.0116619 0
v -0.558339 -0.00676137 0.101704
vn -0.0200342 -0.0146619 0.00536816
v -0.545152 -0.0128758 0.0907189
vn -0.0179622 -0.0146619 0.0103705
v -0.545098 -0.016019 0.0905403
vn -0.0146661 -0.0146619 0.0146661
v -0.558026 -0.0124516 0.102874
vn -0.0179622 -0.0146619 0.0103705
v -0.291268 -0.00205966 0.0309553
vn 0 0.0254 0
v -0.548349 -0.00596335 0.0697727
vn 0.006574 0 -0.0245345
v -0.548349 -0.00596335 0.0697727
vn 0.00536816 -0.0146619 -0.0200342
v -0.545162 -0.0190116 0.0895628
vn -0.0103705 -0.0146619 0.0179622
v -0.558045 -0.0237879 0.100738
vn -0.0103705 -0.0146619 0.0179622
v -0.545342 -0.0216492 0.0878527
vn -0.00536816 -0.0146619 0.0200342
v -0.558377 -0.0286612 0.0975777
vn -0.00536816 -0.0146619 0.0200342
v -0.545624 -0.0237532 0.0855254
vn -0 -0.0146619 0.020741
v -0.558899 -0.0325469 0.0932794
vn -0 -0.0146619 0.020741
v -0.290848 -0.0202345 0.0306634
vn 0 0.0254 0
v -0.290836 -0.0140819 0.0318334
vn 0 0.0254 0
v -0.291279 -0.00819544 0.0297992
vn 0 0.0254 0
v -0.290057 -0.0181417 0.0365128
vn 0 0.0254 0
v -0.289153 -0.0192871 0.0425835
vn 0.0127 0 0.021997
v -0.546413 -0.0258291 0.07969
vn 0.0127 0 0.021997
v -0.289606 -0.0191182 0.0394721
vn 0.0179605 0 0.0179605
v -0.546866 -0.0256601 0.0765785
vn 0.0179605 0 0.0179605
v 0.345563 0.0205512 -0.0579614
vn -0.00919373 0.0175231 -0.015924
v 0.345011 0.00783525 -0.0640317
vn 0.00919373 0.0175231 -0.015924
v 0.348971 0.0100108 -0.0361923
vn -0.0183875 0.0175231 0
v 0.348418 -0.00270572 -0.0422634
vn -0.00919373 0.0175231 0.015924
v 0.344847 -0.00261581 -0.0553634
vn 0.0112823 0.0116619 0.0195415
v 0.344847 -0.00261581 -0.0553634
vn 0.0225646 0.0116619 0
v -0.559507 0.00275118 0.0952832
vn -0.0245345 0 -0.006574
v -0.558844 -0.00157557 0.0991156
vn -0.0254 0 0
v -0.591633 0.00193423 0.099917
vn -0.0245345 0 -0.006574
v -0.560282 0.00592534 0.0904697
vn -0.021997 0 -0.0127
v -0.592408 0.0051084 0.0951035
vn -0.021997 0 -0.0127
v -0.561116 0.00772963 0.0850029
vn -0.0179605 0 -0.0179605
v -0.593243 0.00691268 0.0896367
vn -0.0179605 0 -0.0179605
v -0.558339 -0.00676137 0.101704
vn -0.0245345 0 0.006574
v -0.590971 -0.00239252 0.103749
vn -0.0254 0 0
v -0.561954 0.00804157 0.0792536
vn -0.0127 0 -0.021997
v -0.59408 0.00722462 0.0838874
vn -0.0127 0 -0.021997
v -0.562736 0.00683938 0.0736155
vn -0.006574 0 -0.0245345
v -0.557926 -0.0182584 0.102544
vn -0.0146661 -0.0146619 0.0146661
v -0.291268 -0.00205966 0.0309553
vn 0.0127 0 -0.021997
v -0.594863 0.00602244 0.0782493
vn -0.006574 0 -0.0245345
v -0.563411 0.00420541 0.0684723
vn 0 0 -0.0254
v -0.563932 0.000320256 0.0641748
vn 0.00536816 -0.0146619 -0.0200342
v -0.559573 -0.0351803 0.088137
vn 0.00536816 -0.0146619 0.0200342
v -0.545989 -0.0251781 0.0827423
vn 0.00536816 -0.0146619 0.0200342
v -0.290477 -0.016424 0.0339074
vn 0 0.0254 0
v -0.548528 -0.0086016 0.0680618
vn 0.0127 0 -0.021997
v -0.291333 -0.00505218 0.0299778
vn 0.0179605 0 -0.0179605
v -0.291279 -0.00819544 0.0297992
vn 0.021997 0 -0.0127
v -0.548539 -0.0147374 0.0669057
vn 0.021997 0 -0.0127
v -0.291109 -0.0112752 0.0304321
vn 0.0245345 0 -0.006574
v -0.54837 -0.0178172 0.0675386
vn 0.0245345 0 -0.006574
v -0.290836 -0.0140819 0.0318334
vn 0.0254 0 0
v -0.548096 -0.0206238 0.0689399
vn 0.0254 0 0
v -0.546413 -0.0258291 0.07969
vn 0.0103705 -0.0146619 0.0179622
v -0.290057 -0.0181417 0.0365128
vn 0.021997 0 0.0127
v 0.347543 0.0216393 -0.0440413
vn -0.00919373 0.0175231 -0.015924
v 0.345563 0.0205512 -0.0579614
vn 0.00919373 0.0175231 -0.015924
v 0.345011 0.00783525 -0.0640317
vn 0.0183875 0.0175231 0
v 0.347543 0.0216393 -0.0440413
vn -0.0183875 0.0175231 0
v 0.348971 0.0100108 -0.0361923
vn -0.00919373 0.0175231 0.015924
v 0.348418 -0.00270572 -0.0422634
vn 0.00919373 0.0175231 0.015924
v -0.590465 -0.00757832 0.106338
vn -0.0245345 0 0.006574
v -0.558026 -0.0124516 0.102874
vn -0.021997 0 0.0127
v -0.557926 -0.0182584 0.102544
vn -0.0179605 0 0.0179605
v -0.590152 -0.0132686 0.107508
vn -0.021997 0 0.0127
v -0.595537 0.00338846 0.0731061
vn 0 0 -0.0254
v -0.548528 -0.0086016 0.0680618
vn 0.0103705 -0.0146619 -0.0179622
v -0.563932 0.000320256 0.0641748
vn 0.006574 0 -0.0245345
v -0.558045 -0.0237879 0.100738
vn -0.0127 0 0.021997
v -0.590172 -0.0246048 0.105372
vn -0.0127 0 0.021997
v -0.558377 -0.0286612 0.0975777
vn -0.006574 0 0.0245345
v -0.590504 -0.0294781 0.102211
vn -0.006574 0 0.0245345
v -0.558899 -0.0325469 0.0932794
vn 0 0 0.0254
v -0.591025 -0.0333638 0.0979131
vn 0 0 0.0254
v -0.559573 -0.0351803 0.088137
vn 0.006574 0 0.0245345
v -0.5917 -0.0359972 0.0927708
vn 0.006574 0 0.0245345
v -0.290477 -0.016424 0.0339074
vn 0.0245345 0 0.006574
v -0.547737 -0.0229659 0.0710139
vn 0.0245345 0 0.006574
v -0.548593 -0.0115941 0.0670843
vn 0.0179605 0 -0.0179605
v -0.547318 -0.0246837 0.0736192
vn 0.021997 0 0.0127
v -0.546866 -0.0256601 0.0765785
vn 0.0146661 -0.0146619 0.0146661
v -0.560356 -0.0363825 0.0824989
vn 0.0103705 -0.0146619 0.0179622
v 0.348797 0.0232723 -0.0434473
vn -0.0061086 0.0222688 -0.0105804
v 0.345945 0.00772865 -0.0659569
vn 0.0061086 0.0222688 -0.0105804
v 0.346438 -0.00379322 -0.0561827
vn 0.0183875 0.0175231 0
v 0.350405 0.0101777 -0.0346087
vn -0.0122172 0.0222688 0
v 0.350405 0.0101777 -0.0346087
vn -0.0061086 0.0222688 0.0105804
v 0.346438 -0.00379322 -0.0561827
vn 0.00919373 0.0175231 0.015924
v -0.590971 -0.00239252 0.103749
vn 0 -0.0254 0
v -0.590022 0.0027787 0.111238
vn 0 -0.0254 0
v -0.591633 0.00193423 0.099917
vn 0 -0.0254 0
v -0.590957 0.00888233 0.105833
vn 0 -0.0254 0
v -0.592408 0.0051084 0.0951035
vn 0 -0.0254 0
v -0.59205 0.0133598 0.0990432
vn 0 -0.0254 0
v -0.593243 0.00691268 0.0896367
vn 0 -0.0254 0
v -0.590465 -0.00757832 0.106338
vn 0 -0.0254 0
v -0.589309 -0.00453551 0.11489
vn 0 -0.0254 0
v -0.59408 0.00722462 0.0838874
vn 0 -0.0254 0
v -0.594863 0.00602244 0.0782493
vn 0 -0.0254 0
v -0.590052 -0.0190753 0.107178
vn -0.0179605 0 0.0179605
v -0.593227 0.0159044 0.0913309
vn 0 -0.0254 0
v -0.595537 0.00338846 0.0731061
vn 0 -0.0254 0
v -0.564264 -0.00455304 0.0610147
vn 0.0103705 -0.0146619 -0.0179622
v -0.596058 -0.000496691 0.0688086
vn 0.006574 0 -0.0245345
v -0.592482 -0.0371994 0.0871327
vn 0.0127 0 0.021997
v -0.548593 -0.0115941 0.0670843
vn 0.0146661 -0.0146619 -0.0146661
v -0.548539 -0.0147374 0.0669057
vn 0.0179622 -0.0146619 -0.0103705
v -0.564284 -0.0158893 0.0588787
vn 0.0179622 -0.0146619 -0.0103705
v -0.54837 -0.0178172 0.0675386
vn 0.0200342 -0.0146619 -0.00536816
v -0.563971 -0.0215801 0.0600477
vn 0.0200342 -0.0146619 -0.00536816
v -0.548096 -0.0206238 0.0689399
vn 0.020741 -0.0146619 0
v -0.563465 -0.0267653 0.0626369
vn 0.020741 -0.0146619 0
v -0.547737 -0.0229659 0.0710139
vn 0.0200342 -0.0146619 0.00536816
v -0.562803 -0.0310927 0.0664685
vn 0.0200342 -0.0146619 0.00536816
v -0.561193 -0.0360705 0.0767495
vn 0.0146661 -0.0146619 0.0146661
v -0.560356 -0.0363825 0.0824989
vn 0.0127 0 0.021997
v -0.547318 -0.0246837 0.0736192
vn 0.0179622 -0.0146619 0.0103705
v 0.346567 0.0220466 -0.0591213
vn -0.0061086 0.0222688 -0.0105804
v 0.348797 0.0232723 -0.0434473
vn -0.0122172 0.0222688 0
v 0.346567 0.0220466 -0.0591213
vn 0.0061086 0.0222688 -0.0105804
v 0.345945 0.00772865 -0.0659569
vn 0.0122172 0.0222688 0
v 0.347553 -0.00536595 -0.0571183
vn 0.0122172 0.0222688 0
v 0.349783 -0.00414091 -0.0414452
vn -0.0061086 0.0222688 0.0105804
v 0.347553 -0.00536595 -0.0571183
vn 0.0061086 0.0222688 0.0105804
v -0.590152 -0.0132686 0.107508
vn 0 -0.0254 0
v -0.590052 -0.0190753 0.107178
vn 0 -0.0254 0
v -0.588867 -0.0125622 0.11654
vn 0 -0.0254 0
v -0.597667 -0.00142148 0.0574937
vn 0 -0.0254 0
v -0.564264 -0.00455304 0.0610147
vn 0.0127 0 -0.021997
v -0.596058 -0.000496691 0.0688086
vn 0 -0.0254 0
v -0.597836 -0.00922093 0.0549455
vn 0 -0.0254 0
v -0.590172 -0.0246048 0.105372
vn 0 -0.0254 0
v -0.588726 -0.0207547 0.116075
vn 0 -0.0254 0
v -0.590504 -0.0294781 0.102211
vn 0 -0.0254 0
v -0.591025 -0.0333638 0.0979131
vn 0 -0.0254 0
v -0.5917 -0.0359972 0.0927708
vn 0 -0.0254 0
v -0.593335 -0.04588 0.0796897
vn 0 -0.0254 0
v -0.592482 -0.0371994 0.0871327
vn 0 -0.0254 0
v -0.562028 -0.0342663 0.0712828
vn 0.0179622 -0.0146619 0.0103705
v -0.564384 -0.0100825 0.0592082
vn 0.0146661 -0.0146619 -0.0146661
v -0.561193 -0.0360705 0.0767495
vn 0.0179605 0 0.0179605
v -0.593319 -0.0368875 0.0813833
vn 0.0179605 0 0.0179605
v 0.349503 0.0251357 -0.0426549
vn -0.00425707 0.0239305 -0.00737344
v 0.351319 0.0103524 -0.0326764
vn -0.00851411 0.0239305 0
v 0.346284 0.0075858 -0.0680699
vn 0.00425707 0.0239305 -0.00737344
v 0.348099 -0.00719757 -0.0580914
vn 0.00851411 0.0239305 0
v 0.349783 -0.00414091 -0.0414452
vn 0.0061086 0.0222688 0.0105804
v 0.351319 0.0103524 -0.0326764
vn -0.00425707 0.0239305 0.00737344
v -0.590957 0.00888233 0.105833
vn -0.0245345 0 -0.006574
v -0.590022 0.0027787 0.111238
vn -0.0254 0 0
v -0.595922 0.00875608 0.106549
vn -0.0245345 0 -0.006574
v -0.589309 -0.00453551 0.11489
vn -0.0245345 0 0.006574
v -0.594987 0.00265244 0.111954
vn -0.0254 0 0
v -0.59205 0.0133598 0.0990432
vn -0.021997 0 -0.0127
v -0.597015 0.0132336 0.0997594
vn -0.021997 0 -0.0127
v -0.593227 0.0159044 0.0913309
vn -0.0179605 0 -0.0179605
v -0.598192 0.0157782 0.0920471
vn -0.0179605 0 -0.0179605
v -0.594408 0.0163443 0.0832214
vn 0 -0.0254 0
v -0.59639 -0.00536998 0.0656485
vn 0.0127 0 -0.021997
v -0.597695 -0.0174126 0.05448
vn 0 -0.0254 0
v -0.588895 -0.0285533 0.113526
vn 0 -0.0254 0
v -0.592154 -0.0463192 0.0877987
vn 0 -0.0254 0
v -0.593319 -0.0368875 0.0813833
vn 0 -0.0254 0
v -0.564384 -0.0100825 0.0592082
vn 0.0179605 0 -0.0179605
v -0.564284 -0.0158893 0.0588787
vn 0.021997 0 -0.0127
v -0.59641 -0.0167062 0.0635125
vn 0.021997 0 -0.0127
v -0.563971 -0.0215801 0.0600477
vn 0.0245345 0 -0.006574
v -0.596097 -0.0223971 0.0646815
vn 0.0245345 0 -0.006574
v -0.563465 -0.0267653 0.0626369
vn 0.0254 0 0
v -0.595592 -0.0275823 0.0672707
vn 0.0254 0 0
v -0.562803 -0.0310927 0.0664685
vn 0.0245345 0 0.006574
v -0.594929 -0.0319096 0.0711023
vn 0.0245345 0 0.006574
v -0.562028 -0.0342663 0.0712828
vn 0.021997 0 0.0127
v -0.594154 -0.0350832 0.0759166
vn 0.021997 0 0.0127
v 0.346986 0.0237522 -0.060352
vn -0.00425707 0.0239305 -0.00737344
v 0.349503 0.0251357 -0.0426549
vn -0.00851411 0.0239305 0
v 0.346986 0.0237522 -0.060352
vn 0.00425707 0.0239305 -0.00737344
v 0.346284 0.0075858 -0.0680699
vn 0.00851411 0.0239305 0
v 0.348099 -0.00719757 -0.0580914
vn 0.00425707 0.0239305 0.00737344
v 0.350616 -0.00581458 -0.0403951
vn -0.00425707 0.0239305 0.00737344
v -0.594274 -0.00466177 0.115606
vn -0.0245345 0 0.006574
v -0.588867 -0.0125622 0.11654
vn -0.021997 0 0.0127
v -0.594408 0.0163443 0.0832214
vn -0.0127 0 -0.021997
v -0.588726 -0.0207547 0.116075
vn -0.0179605 0 0.0179605
v -0.593832 -0.0126885 0.117256
vn -0.021997 0 0.0127
v -0.597199 0.00545306 0.0619501
vn 0 -0.0254 0
v -0.597667 -0.00142148 0.0574937
vn 0.0127 0 -0.021997
v -0.602632 -0.00154774 0.0582098
vn 0.0127 0 -0.021997
v -0.597836 -0.00922093 0.0549455
vn 0.0179605 0 -0.0179605
v -0.59639 -0.00536998 0.0656485
vn 0 -0.0254 0
v -0.597695 -0.0174126 0.05448
vn 0.021997 0 -0.0127
v -0.60266 -0.0175389 0.0551961
vn 0.021997 0 -0.0127
v -0.588895 -0.0285533 0.113526
vn -0.0127 0 0.021997
v -0.59386 -0.0286796 0.114243
vn -0.0127 0 0.021997
v -0.593335 -0.04588 0.0796897
vn 0.0179605 0 0.0179605
v -0.5983 -0.0460063 0.0804058
vn 0.0179605 0 0.0179605
v -0.592154 -0.0463192 0.0877987
vn 0.0127 0 0.021997
v -0.594512 -0.0433346 0.0719768
vn 0 -0.0254 0
v -0.59651 -0.0108995 0.063842
vn 0.0179605 0 -0.0179605
v 0.349503 0.0251357 -0.0426549
vn 0 0.0254 0
v 0.346986 0.0237522 -0.060352
vn 0 0.0254 0
v 0.349619 0.0277974 -0.0413845
vn 0 0.0254 0
v 0.351319 0.0103524 -0.0326764
vn 0 0.0254 0
v 0.351733 0.0105798 -0.0297629
vn 0 0.0254 0
v 0.346284 0.0075858 -0.0680699
vn 0 0.0254 0
v 0.345869 0.00735836 -0.0709834
vn 0 0.0254 0
v 0.348099 -0.00719757 -0.0580914
vn 0 0.0254 0
v 0.347984 -0.00985923 -0.0593618
vn 0 0.0254 0
v 0.350616 -0.00581458 -0.0403951
vn 0.00425707 0.0239305 0.00737344
v 0.350616 -0.00581458 -0.0403951
vn 0 0.0254 0
v -0.594987 0.00265244 0.111954
vn 0 0.0254 0
v -0.601505 -0.0328798 0.0604981
vn 0 0.0254 0
v -0.595922 0.00875608 0.106549
vn 0 0.0254 0
v -0.602218 -0.0255656 0.0568463
vn 0 0.0254 0
v -0.597015 0.0132336 0.0997594
vn 0 0.0254 0
v -0.594274 -0.00466177 0.115606
vn 0 0.0254 0
v -0.60057 -0.0389834 0.065903
vn 0 0.0254 0
v -0.60266 -0.0175389 0.0551961
vn 0 0.0254 0
v -0.598192 0.0157782 0.0920471
vn 0 0.0254 0
v -0.599373 0.0162181 0.0839375
vn -0.0127 0 -0.021997
v -0.593691 -0.020881 0.116791
vn -0.0179605 0 0.0179605
v -0.595512 0.0146494 0.0752677
vn 0 -0.0254 0
v -0.597199 0.00545306 0.0619501
vn 0.006574 0 -0.0245345
v -0.602164 0.0053268 0.0626662
vn 0.006574 0 -0.0245345
v -0.602801 -0.00934719 0.0556617
vn 0.0179605 0 -0.0179605
v -0.59651 -0.0108995 0.063842
vn 0 -0.0254 0
v -0.602218 -0.0255656 0.0568463
vn 0.0245345 0 -0.006574
v -0.594328 -0.0355547 0.109785
vn -0.006574 0 0.0245345
v -0.589363 -0.0354284 0.109069
vn 0 -0.0254 0
v -0.597119 -0.0464454 0.0885148
vn 0.0127 0 0.021997
v -0.594512 -0.0433346 0.0719768
vn 0.021997 0 0.0127
v -0.594154 -0.0350832 0.0759166
vn 0 -0.0254 0
v -0.59641 -0.0167062 0.0635125
vn 0 -0.0254 0
v -0.596097 -0.0223971 0.0646815
vn 0 -0.0254 0
v -0.597253 -0.0254393 0.0561301
vn 0 -0.0254 0
v -0.595592 -0.0275823 0.0672707
vn 0 -0.0254 0
v -0.59654 -0.0327535 0.059782
vn 0 -0.0254 0
v -0.594929 -0.0319096 0.0711023
vn 0 -0.0254 0
v -0.595605 -0.0388571 0.0651869
vn 0 -0.0254 0
v 0.346687 0.0261864 -0.0619951
vn 0 0.0254 0
v 0.350915 -0.00824879 -0.038752
vn 0 0.0254 0
v -0.599477 -0.0434609 0.072693
vn 0 0.0254 0
v -0.602801 -0.00934719 0.0556617
vn 0 0.0254 0
v -0.593832 -0.0126885 0.117256
vn 0 0.0254 0
v -0.595512 0.0146494 0.0752677
vn -0.006574 0 -0.0245345
v -0.599373 0.0162181 0.0839375
vn 0 0.0254 0
v -0.593691 -0.020881 0.116791
vn 0 0.0254 0
v -0.5983 -0.0460063 0.0804058
vn 0 0.0254 0
v -0.596464 0.0109343 0.0680128
vn 0 -0.0254 0
v -0.601429 0.0108081 0.0687289
vn 0 0 -0.0254
v -0.602632 -0.00154774 0.0582098
vn 0 0.0254 0
v -0.602164 0.0053268 0.0626662
vn 0 0.0254 0
v -0.600477 0.0145231 0.0759839
vn 0 0.0254 0
v -0.597253 -0.0254393 0.0561301
vn 0.0245345 0 -0.006574
v -0.59386 -0.0286796 0.114243
vn 0 0.0254 0
v -0.597119 -0.0464454 0.0885148
vn 0 0.0254 0
v -0.589363 -0.0354284 0.109069
vn -0.006574 0 0.0245345
v -0.594328 -0.0355547 0.109785
vn 0 0.0254 0
v -0.596015 -0.044751 0.0964677
vn 0 0.0254 0
v -0.59105 -0.0446247 0.0957515
vn 0 -0.0254 0
v -0.59105 -0.0446247 0.0957515
vn 0.006574 0 0.0245345
v -0.599477 -0.0434609 0.072693
vn 0.021997 0 0.0127
v 0.346687 0.0261864 -0.0619951
vn -0.0127 0 -0.021997
v 0.351507 0.0263089 -0.0626902
vn -0.0127 0 -0.021997
v 0.349619 0.0277974 -0.0413845
vn -0.0127 0 -0.021997
v 0.351733 0.0105798 -0.0297629
vn -0.0254 0 0
v 0.349619 0.0277974 -0.0413845
vn -0.0254 0 0
v 0.356553 0.0107024 -0.0304581
vn -0.0254 0 0
v 0.345869 0.00735836 -0.0709834
vn 0.0127 0 -0.021997
v 0.350689 0.00748092 -0.0716785
vn 0.0127 0 -0.021997
v 0.346687 0.0261864 -0.0619951
vn 0.0127 0 -0.021997
v 0.345869 0.00735836 -0.0709834
vn 0.0254 0 0
v 0.347984 -0.00985923 -0.0593618
vn 0.0254 0 0
v 0.350689 0.00748092 -0.0716785
vn 0.0254 0 0
v 0.351733 0.0105798 -0.0297629
vn -0.0127 0 0.021997
v 0.356553 0.0107024 -0.0304581
vn -0.0127 0 0.021997
v 0.350915 -0.00824879 -0.038752
vn -0.0127 0 0.021997
v -0.601505 -0.0328798 0.0604981
vn 0.0254 0 0
v -0.60057 -0.0389834 0.065903
vn 0.0245345 0 0.006574
v -0.59654 -0.0327535 0.059782
vn 0.0254 0 0
v -0.595605 -0.0388571 0.0651869
vn 0.0245345 0 0.006574
v -0.600477 0.0145231 0.0759839
vn -0.006574 0 -0.0245345
v -0.596464 0.0109343 0.0680128
vn 0 0 -0.0254
v -0.601429 0.0108081 0.0687289
vn 0 0.0254 0
v -0.595063 -0.041036 0.103723
vn 0 0 0.0254
v -0.595063 -0.041036 0.103723
vn 0 0.0254 0
v -0.590098 -0.0409097 0.103006
vn 0 -0.0254 0
v -0.596015 -0.044751 0.0964677
vn 0.006574 0 0.0245345
v 0.354439 0.0279199 -0.0420796
vn -0.0127 0 -0.021997
v 0.351507 0.0263089 -0.0626902
vn 0.0127 0 -0.021997
v 0.354439 0.0279199 -0.0420796
vn -0.0254 0 0
v 0.352803 -0.00973667 -0.060057
vn 0.0254 0 0
v 0.350915 -0.00824879 -0.038752
vn 0.0127 0 0.021997
v 0.355735 -0.00812623 -0.0394472
vn 0.0127 0 0.021997
v 0.347984 -0.00985923 -0.0593618
vn 0.0127 0 0.021997
v 0.355735 -0.00812623 -0.0394472
vn -0.0127 0 0.021997
v -0.590098 -0.0409097 0.103006
vn 0 0 0.0254
v 0.351507 0.0263089 -0.0626902
vn 0 -0.0254 0
v 0.351644 0.0251883 -0.0619338
vn 0 -0.0254 0
v 0.354439 0.0279199 -0.0420796
vn 0 -0.0254 0
v 0.350689 0.00748092 -0.0716785
vn 0 -0.0254 0
v 0.356553 0.0107024 -0.0304581
vn 0 -0.0254 0
v 0.354385 0.026694 -0.0426645
vn 0 -0.0254 0
v 0.352803 -0.00973667 -0.060057
vn 0 -0.0254 0
v 0.35088 0.00758539 -0.0703367
vn 0 -0.0254 0
v 0.352803 -0.00973667 -0.060057
vn 0.0127 0 0.021997
v 0.355735 -0.00812623 -0.0394472
vn 0 -0.0254 0
v 0.355597 -0.0070056 -0.0402036
vn 0 -0.0254 0
v 0.356362 0.0105971 -0.0317993
vn 0 -0.0254 0
v 0.352856 -0.00851158 -0.0594716
vn 0 -0.0254 0
v 0.354385 0.026694 -0.0426645
vn -0.0107847 -0.0134134 -0.0186797
v 0.351644 0.0251883 -0.0619338
vn -0.0107847 -0.0134134 -0.0186797
v 0.356706 0.0251918 -0.0437563
vn -0.00997753 -0.0157148 -0.0172816
v 0.351644 0.0251883 -0.0619338
vn 0.0107847 -0.0134134 -0.0186797
v 0.35088 0.00758539 -0.0703367
vn 0.0107847 -0.0134134 -0.0186797
v 0.354208 0.0238192 -0.0613132
vn 0.00997753 -0.0157148 -0.0172816
v 0.356362 0.0105971 -0.0317993
vn -0.0215694 -0.0134134 0
v 0.354385 0.026694 -0.0426645
vn -0.0215694 -0.0134134 0
v 0.358507 0.0105239 -0.0338557
vn -0.0199551 -0.0157148 0
v 0.35088 0.00758539 -0.0703367
vn 0.0215694 -0.0134134 -0
v 0.352856 -0.00851158 -0.0594716
vn 0.0215694 -0.0134134 -0
v 0.353512 0.00778033 -0.0689708
vn 0.0199551 -0.0157148 -0
v 0.356362 0.0105971 -0.0317993
vn -0.0107847 -0.0134134 0.0186797
v 0.358507 0.0105239 -0.0338557
vn -0.00997753 -0.0157148 0.0172816
v 0.355597 -0.0070056 -0.0402036
vn -0.0107847 -0.0134134 0.0186797
v 0.354208 0.0238192 -0.0613132
vn -0.00997753 -0.0157148 -0.0172816
v 0.356706 0.0251918 -0.0437563
vn -0.0199551 -0.0157148 0
v 0.353512 0.00778033 -0.0689708
vn 0.00997753 -0.0157148 -0.0172816
v 0.355313 -0.00688761 -0.0590702
vn 0.0199551 -0.0157148 -0
v 0.355597 -0.0070056 -0.0402036
vn 0.0107847 -0.0134134 0.0186797
v 0.35781 -0.00551502 -0.0415132
vn 0.00997753 -0.0157148 0.0172816
v 0.352856 -0.00851158 -0.0594716
vn 0.0107847 -0.0134134 0.0186797
v 0.35781 -0.00551502 -0.0415132
vn -0.00997753 -0.0157148 0.0172816
v 0.356377 0.0220281 -0.0603511
vn -0.00793516 -0.0198316 -0.0137441
v 0.360136 0.0104019 -0.0363396
vn -0.0158703 -0.0198316 0
v 0.356377 0.0220281 -0.0603511
vn 0.00793516 -0.0198316 -0.0137441
v 0.355768 0.00800166 -0.0670463
vn 0.0158703 -0.0198316 -0
v 0.355313 -0.00688761 -0.0590702
vn 0.00997753 -0.0157148 0.0172816
v 0.359527 -0.00362512 -0.0430357
vn -0.00793516 -0.0198316 0.0137441
v 0.358561 0.0232277 -0.0449967
vn -0.00793516 -0.0198316 -0.0137441
v 0.358561 0.0232277 -0.0449967
vn -0.0158703 -0.0198316 0
v 0.360136 0.0104019 -0.0363396
vn -0.00793516 -0.0198316 0.0137441
v 0.355768 0.00800166 -0.0670463
vn 0.00793516 -0.0198316 -0.0137441
v 0.357343 -0.00482412 -0.0583892
vn 0.0158703 -0.0198316 -0
v 0.359527 -0.00362512 -0.0430357
vn 0.00793516 -0.0198316 0.0137441
v 0.358036 0.0199056 -0.0590956
vn -0.00531424 -0.0230694 -0.00920453
v 0.359852 0.0209039 -0.0463244
vn -0.0106285 -0.0230694 0
v 0.360656 -0.0014317 -0.0446934
vn -0.00531424 -0.0230694 0.00920453
v 0.358036 0.0199056 -0.0590956
vn 0.00531424 -0.0230694 -0.00920453
v 0.357529 0.0082392 -0.0646648
vn 0.0106285 -0.0230694 -0
v 0.357343 -0.00482412 -0.0583892
vn 0.00793516 -0.0198316 0.0137441
v 0.359852 0.0209039 -0.0463244
vn -0.00531424 -0.0230694 -0.00920453
v 0.361162 0.0102352 -0.0391233
vn -0.0106285 -0.0230694 0
v 0.361162 0.0102352 -0.0391233
vn -0.00531424 -0.0230694 0.00920453
v 0.360656 -0.0014317 -0.0446934
vn 0.00531424 -0.0230694 0.00920453
v 0.357529 0.0082392 -0.0646648
vn 0.00531424 -0.0230694 -0.00920453
v 0.358839 -0.00242944 -0.0574637
vn 0.0106285 -0.0230694 -0
v 0.359107 0.0175613 -0.0576124
vn -0.00400522 -0.0241038 -0.00693727
v 0.360521 0.0183388 -0.0476716
vn -0.00801047 -0.0241038 0
v 0.361146 0.000952271 -0.0464017
vn -0.00400522 -0.0241038 0.00693727
v 0.358839 -0.00242944 -0.0574637
vn 0.00531424 -0.0230694 0.00920453
v 0.359107 0.0175613 -0.0576124
vn 0.00400522 -0.0241038 -0.00693727
v 0.358712 0.00848069 -0.0619477
vn 0.00801047 -0.0241038 0
v 0.360521 0.0183388 -0.0476716
vn -0.00400522 -0.0241038 -0.00693727
v 0.361541 0.0100334 -0.0420657
vn -0.00801047 -0.0241038 0
v 0.361541 0.0100334 -0.0420657
vn -0.00400522 -0.0241038 0.00693727
v 0.361146 0.000952271 -0.0464017
vn 0.00400522 -0.0241038 0.00693727
v 0.358712 0.00848069 -0.0619477
vn 0.00400522 -0.0241038 -0.00693727
v 0.359732 0.000175352 -0.0563417
vn 0.00801047 -0.0241038 0
v 0.360083 0.015562 -0.0563555
vn -0.00593357 -0.0224573 -0.0102772
v 0.361153 0.0161504 -0.0488297
vn -0.0118671 -0.0224573 0
v 0.361627 0.00298858 -0.0478687
vn -0.00593357 -0.0224573 0.0102772
v 0.359732 0.000175352 -0.0563417
vn 0.00400522 -0.0241038 0.00693727
v 0.360083 0.015562 -0.0563555
vn 0.00593357 -0.0224573 -0.0102772
v 0.359784 0.00868748 -0.0596372
vn 0.0118671 -0.0224573 0
v 0.361153 0.0161504 -0.0488297
vn -0.00593357 -0.0224573 -0.0102772
v 0.361925 0.0098637 -0.0445862
vn -0.0118671 -0.0224573 0
v 0.361925 0.0098637 -0.0445862
vn -0.00593357 -0.0224573 0.0102772
v 0.361627 0.00298858 -0.0478687
vn 0.00593357 -0.0224573 0.0102772
v 0.359784 0.00868748 -0.0596372
vn 0.00593357 -0.0224573 -0.0102772
v 0.360556 0.00240075 -0.0553937
vn 0.0118671 -0.0224573 0
v 0.361666 0.0138222 -0.0553547
vn -0.0089091 -0.0181017 -0.015431
v 0.362434 0.0142444 -0.0499533
vn -0.0178182 -0.0181017 0
v 0.362774 0.00479783 -0.0492634
vn -0.0089091 -0.0181017 0.015431
v 0.360556 0.00240075 -0.0553937
vn 0.00593357 -0.0224573 0.0102772
v 0.361666 0.0138222 -0.0553547
vn 0.0089091 -0.0181017 -0.015431
v 0.361452 0.0088884 -0.0577096
vn 0.0178182 -0.0181017 0
v 0.362434 0.0142444 -0.0499533
vn -0.0089091 -0.0181017 -0.015431
v 0.362988 0.00973223 -0.0469076
vn -0.0178182 -0.0181017 0
v 0.362988 0.00973223 -0.0469076
vn -0.0089091 -0.0181017 0.015431
v 0.362774 0.00479783 -0.0492634
vn 0.0089091 -0.0181017 0.015431
v 0.361452 0.0088884 -0.0577096
vn 0.0089091 -0.0181017 -0.015431
v 0.362006 0.0043762 -0.054664
vn 0.0178182 -0.0181017 0
v 0.364263 0.0127665 -0.0509555
vn -0.0110028 -0.0126852 -0.0190574
v 0.364646 0.00964949 -0.0488516
vn -0.0220055 -0.0126852 0
v 0.364646 0.00964949 -0.0488516
vn -0.0110028 -0.0126852 0.0190574
v 0.362006 0.0043762 -0.054664
vn 0.0089091 -0.0181017 0.015431
v 0.363584 0.0090675 -0.0563122
vn 0.0110028 -0.0126852 -0.0190574
v 0.363584 0.0090675 -0.0563122
vn 0.0220055 -0.0126852 0
v 0.363732 0.0124744 -0.0546857
vn -0.0110028 -0.0126852 -0.0190574
v 0.364263 0.0127665 -0.0509555
vn -0.0220055 -0.0126852 0
v 0.364497 0.00624206 -0.050479
vn -0.0110028 -0.0126852 0.0190574
v 0.364497 0.00624206 -0.050479
vn 0.0110028 -0.0126852 0.0190574
v 0.363732 0.0124744 -0.0546857
vn 0.0110028 -0.0126852 -0.0190574
v 0.363967 0.00595052 -0.0542083
vn 0.0220055 -0.0126852 0
v 0.3665 0.0118296 -0.0517589
vn -0.0117325 -0.00972368 -0.0203213
v 0.366771 0.00962294 -0.0502695
vn -0.0234651 -0.00972368 0
v 0.366771 0.00962294 -0.0502695
vn -0.0117325 -0.00972368 0.0203213
v 0.363967 0.00595052 -0.0542083
vn 0.0110028 -0.0126852 0.0190574
v 0.36602 0.00921004 -0.0555523
vn 0.0117325 -0.00972368 -0.0203213
v 0.36602 0.00921004 -0.0555523
vn 0.0234651 -0.00972368 -0
v 0.366125 0.0116228 -0.0544007
vn -0.0117325 -0.00972368 -0.0203213
v 0.3665 0.0118296 -0.0517589
vn -0.0234651 -0.00972368 0
v 0.366666 0.00720959 -0.0514219
vn -0.0117325 -0.00972368 0.0203213
v 0.366666 0.00720959 -0.0514219
vn 0.0117325 -0.00972368 0.0203213
v 0.366125 0.0116228 -0.0544007
vn 0.0117325 -0.00972368 -0.0203213
v 0.366291 0.00700342 -0.0540629
vn 0.0234651 -0.00972368 -0
v 0.366125 0.0116228 -0.0544007
vn -0.0127 0 -0.021997
v 0.371239 0.0117529 -0.0551384
vn -0.0127 0 -0.021997
v 0.3665 0.0118296 -0.0517589
vn -0.0127 0 -0.021997
v 0.366771 0.00962294 -0.0502695
vn -0.0254 0 0
v 0.3665 0.0118296 -0.0517589
vn -0.0254 0 0
v 0.371886 0.009753 -0.0510071
vn -0.0254 0 0
v 0.366771 0.00962294 -0.0502695
vn -0.0127 0 0.021997
v 0.371886 0.009753 -0.0510071
vn -0.0127 0 0.021997
v 0.366666 0.00720959 -0.0514219
vn -0.0127 0 0.021997
v 0.366291 0.00700342 -0.0540629
vn 0.0117325 -0.00972368 0.0203213
v 0.36602 0.00921004 -0.0555523
vn 0.0127 0 -0.021997
v 0.371134 0.0093401 -0.05629
vn 0.0127 0 -0.021997
v 0.366125 0.0116228 -0.0544007
vn 0.0127 0 -0.021997
v 0.36602 0.00921004 -0.0555523
vn 0.0254 0 0
v 0.366291 0.00700342 -0.0540629
vn 0.0254 0 0
v 0.371134 0.0093401 -0.05629
vn 0.0254 0 0
v 0.371615 0.0119596 -0.0524966
vn -0.0127 0 -0.021997
v 0.371239 0.0117529 -0.0551384
vn 0.0127 0 -0.021997
v 0.371615 0.0119596 -0.0524966
vn -0.0254 0 0
v 0.371781 0.00733964 -0.0521596
vn -0.0127 0 0.021997
v 0.366666 0.00720959 -0.0514219
vn 0.0127 0 0.021997
v 0.371781 0.00733964 -0.0521596
vn 0.0127 0 0.021997
v 0.366291 0.00700342 -0.0540629
vn 0.0127 0 0.021997
v 0.371405 0.00713348 -0.0548006
vn 0.0254 0 0
v 0.371239 0.0117529 -0.0551384
vn 0 -0.0254 0
v 0.371134 0.0093401 -0.05629
vn 0 -0.0254 0
v 0.371615 0.0119596 -0.0524966
vn 0 -0.0254 0
v 0.371886 0.009753 -0.0510071
vn 0 -0.0254 0
v 0.371781 0.00733964 -0.0521596
vn 0 -0.0254 0
v 0.371405 0.00713348 -0.0548006
vn 0 -0.0254 0
v 0.371405 0.00713348 -0.0548006
vn 0.0127 0 0.021997
v 0.285008 0.0010193 -0.103622
vn -0.0251817 -0.00332316 0
v 0.191289 -0.0363204 -0.0496195
vn -0.0251817 -0.00332316 0
v 0.186871 -0.00033988 -0.0739055
vn -0.0251817 -0.00332316 0
v 0.29099 -0.0476996 -0.0707373
vn -0.0251817 -0.00332316 0
v 0.186871 -0.00033988 -0.0739055
vn 0.0251817 0.00332316 0
v 0.191289 -0.0363204 -0.0496195
vn 0.0251817 0.00332316 0
v 0.285008 0.0010193 -0.103622
vn 0.0251817 0.00332316 0
v 0.29099 -0.0476996 -0.0707373
vn 0.0251817 0.00332316 0
v 0.284881 0.00452874 -0.103877
vn -0.0125908 -0.00332316 0.021808
v 0.188453 0.0425161 -0.0553771
vn -0.0125908 -0.00332316 0.021808
v 0.287195 0.0578052 -0.0784431
vn -0.0125908 -0.00332316 0.021808
v 0.186745 0.00316956 -0.0741613
vn -0.0125908 -0.00332316 0.021808
v 0.287195 0.0578052 -0.0784431
vn 0.0125908 0.00332316 -0.021808
v 0.188453 0.0425161 -0.0553771
vn 0.0125908 0.00332316 -0.021808
v 0.284881 0.00452874 -0.103877
vn 0.0125908 0.00332316 -0.021808
v 0.186745 0.00316956 -0.0741613
vn 0.0125908 0.00332316 -0.021808
v 0.199981 0.0068632 0.018255
vn 0.0125908 -0.00332316 -0.021808
v 0.300142 -0.042671 -0.00639884
vn 0.0125908 -0.00332316 -0.021808
v 0.302456 0.0106054 0.0190354
vn 0.0125908 -0.00332316 -0.021808
v 0.198272 -0.0324833 -0.000529157
vn 0.0125908 -0.00332316 -0.021808
v 0.302456 0.0106054 0.0190354
vn -0.0125908 0.00332316 0.021808
v 0.300142 -0.042671 -0.00639884
vn -0.0125908 0.00332316 0.021808
v 0.199981 0.0068632 0.018255
vn -0.0125908 0.00332316 0.021808
v 0.198272 -0.0324833 -0.000529157
vn -0.0125908 0.00332316 0.021808
v 0.19178 -0.0378393 -0.0464811
vn -0.0125908 -0.00332316 -0.021808
v 0.299777 -0.0446609 -0.00928057
vn -0.0125908 -0.00332316 -0.021808
v 0.197907 -0.0344732 -0.00341089
vn -0.0125908 -0.00332316 -0.021808
v 0.291481 -0.0492185 -0.067599
vn -0.0125908 -0.00332316 -0.021808
v 0.197907 -0.0344732 -0.00341089
vn 0.0125908 0.00332316 0.021808
v 0.299777 -0.0446609 -0.00928057
vn 0.0125908 0.00332316 0.021808
v 0.19178 -0.0378393 -0.0464811
vn 0.0125908 0.00332316 0.021808
v 0.291481 -0.0492185 -0.067599
vn 0.0125908 0.00332316 0.021808
v 0.302329 0.0141149 0.0187796
vn 0.0251817 -0.00332316 -0
v 0.195437 0.0463531 -0.00628681
vn 0.0251817 -0.00332316 -0
v 0.199854 0.0103726 0.0179993
vn 0.0251817 -0.00332316 -0
v 0.296347 0.0628337 -0.0141046
vn 0.0251817 -0.00332316 -0
v 0.199854 0.0103726 0.0179993
vn -0.0251817 0.00332316 0
v 0.195437 0.0463531 -0.00628681
vn -0.0251817 0.00332316 0
v 0.302329 0.0141149 0.0187796
vn -0.0251817 0.00332316 0
v 0.296347 0.0628337 -0.0141046
vn -0.0251817 0.00332316 0
v 0.28756 0.0597951 -0.0755613
vn 0.0125908 -0.00332316 0.021808
v 0.194945 0.0478721 -0.00942512
vn 0.0125908 -0.00332316 0.021808
v 0.295856 0.0643527 -0.0172429
vn 0.0125908 -0.00332316 0.021808
v 0.188818 0.044506 -0.0524954
vn 0.0125908 -0.00332316 0.021808
v 0.295856 0.0643527 -0.0172429
vn -0.0125908 0.00332316 -0.021808
v 0.194945 0.0478721 -0.00942512
vn -0.0125908 0.00332316 -0.021808
v 0.28756 0.0597951 -0.0755613
vn -0.0125908 0.00332316 -0.021808
v 0.188818 0.044506 -0.0524954
vn -0.0125908 0.00332316 -0.021808
f 1//1 2//2 3//3
f 2//2 1//1 4//4
f 5//5 6//6 7//7
f 3//3 8//8 1//1
f 9//9 10//10 11//11
f 4//4 12//12 2//2
f 5//5 13//13 6//6
f 7//7 6//6 14//14
f 8//8 3//3 15//15
f 9//9 11//11 16//16
f 9//9 17//17 10//10
f 12//12 4//4 18//18
f 19//19 13//13 5//5
f 20//20 21//21 22//22
f 14//14 6//6 23//23
f 15//15 24//24 8//8
f 9//9 16//16 25//25
f 9//9 26//26 17//17
f 18//18 27//27 12//12
f 19//19 28//28 13//13
f 21//21 20//20 29//29
f 21//21 30//30 22//22
f 14//14 23//23 31//31
f 24//24 15//15 32//32
f 9//9 25//25 33//33
f 9//9 34//34 26//26
f 27//27 18//18 35//35
f 36//36 28//28 19//19
f 37//37 29//29 20//20
f 38//38 39//39 40//40
f 30//30 21//21 41//41
f 31//31 23//23 42//42
f 43//43 24//24 32//32
f 24//24 43//43 44//44
f 9//9 33//33 45//45
f 46//46 34//34 9//9
f 47//47 35//35 48//48
f 35//35 47//47 27//27
f 36//36 49//49 28//28
f 29//29 37//37 50//50
f 39//39 38//38 51//51
f 40//40 52//52 38//38
f 51//51 53//53 39//39
f 41//41 54//54 30//30
f 31//31 42//42 55//55
f 56//56 44//44 43//43
f 44//44 56//56 57//57
f 9//9 45//45 58//58
f 34//34 46//46 59//59
f 60//60 61//61 62//62
f 63//63 47//47 48//48
f 64//64 49//49 36//36
f 65//65 50//50 37//37
f 52//52 40//40 66//66
f 67//67 68//68 69//69
f 70//70 69//69 71//71
f 53//53 51//51 72//72
f 54//54 41//41 73//73
f 55//55 42//42 74//74
f 75//75 57//57 56//56
f 57//57 75//75 76//76
f 58//58 77//77 9//9
f 59//59 46//46 78//78
f 61//61 60//60 79//79
f 80//80 81//81 82//82
f 47//47 63//63 83//83
f 84//84 49//49 64//64
f 50//50 65//65 85//85
f 66//66 86//86 52//52
f 68//68 67//67 87//87
f 69//69 70//70 67//67
f 71//71 88//88 70//70
f 68//68 89//89 90//90
f 72//72 91//91 53//53
f 73//73 92//92 54//54
f 74//74 42//42 93//93
f 94//94 76//76 75//75
f 95//95 77//77 58//58
f 9//9 77//77 96//96
f 78//78 46//46 97//97
f 98//98 83//83 63//63
f 99//99 100//100 101//101
f 102//102 103//103 104//104
f 81//81 80//80 105//105
f 106//106 49//49 84//84
f 107//107 85//85 65//65
f 86//86 66//66 108//108
f 88//88 71//71 109//109
f 110//110 111//111 112//112
f 89//89 68//68 87//87
f 113//113 112//112 114//114
f 115//115 114//114 116//116
f 117//117 90//90 89//89
f 91//91 72//72 118//118
f 92//92 73//73 119//119
f 93//93 42//42 120//120
f 76//76 94//94 121//121
f 122//122 123//123 93//93
f 124//124 77//77 95//95
f 125//125 126//126 127//127
f 128//128 129//129 130//130
f 46//46 131//131 97//97
f 132//132 133//133 98//98
f 83//83 98//98 133//133
f 134//134 100//100 99//99
f 99//99 101//101 135//135
f 103//103 102//102 136//136
f 100//100 134//134 137//137
f 138//138 101//101 139//139
f 106//106 140//140 49//49
f 85//85 107//107 141//141
f 108//108 142//142 86//86
f 109//109 143//143 88//88
f 111//111 110//110 144//144
f 112//112 113//113 110//110
f 144//144 145//145 111//111
f 114//114 115//115 113//113
f 116//116 146//146 115//115
f 90//90 117//117 147//147
f 148//148 149//149 145//145
f 150//150 91//91 118//118
f 91//91 150//150 151//151
f 119//119 152//152 92//92
f 93//93 120//120 153//153
f 154//154 121//121 94//94
f 122//122 155//155 123//123
f 122//122 93//93 153//153
f 156//156 77//77 124//124
f 121//121 154//154 157//157
f 158//158 126//126 125//125
f 129//129 128//128 159//159
f 46//46 160//160 131//131
f 126//126 161//161 162//162
f 163//163 164//164 132//132
f 133//133 132//132 164//164
f 165//165 166//166 167//167
f 135//135 101//101 138//138
f 168//168 169//169 170//170
f 171//171 172//172 173//173
f 160//160 46//46 174//174
f 134//134 175//175 137//137
f 176//176 138//138 139//139
f 177//177 140//140 106//106
f 178//178 141//141 107//107
f 142//142 108//108 179//179
f 143//143 109//109 180//180
f 146//146 116//116 181//181
f 182//182 183//183 184//184
f 185//185 186//186 182//182
f 145//145 144//144 148//148
f 187//187 188//188 185//185
f 189//189 190//190 187//187
f 191//191 147//147 117//117
f 149//149 148//148 192//192
f 147//147 191//191 193//193
f 194//194 151//151 150//150
f 152//152 119//119 195//195
f 196//196 120//120 197//197
f 153//153 120//120 196//196
f 122//122 198//198 155//155
f 199//199 200//200 201//201
f 202//202 77//77 156//156
f 157//157 203//203 204//204
f 203//203 157//157 154//154
f 205//205 126//126 158//158
f 206//206 207//207 208//208
f 131//131 160//160 209//209
f 161//161 126//126 210//210
f 164//164 163//163 211//211
f 165//165 212//212 166//166
f 167//167 166//166 213//213
f 214//214 215//215 216//216
f 169//169 168//168 217//217
f 218//218 170//170 169//169
f 172//172 171//171 219//219
f 175//175 134//134 220//220
f 176//176 221//221 138//138
f 222//222 140//140 177//177
f 141//141 178//178 223//223
f 222//222 224//224 140//140
f 225//225 142//142 179//179
f 180//180 226//226 143//143
f 227//227 146//146 181//181
f 182//182 186//186 183//183
f 184//184 183//183 228//228
f 185//185 188//188 186//186
f 187//187 190//190 188//188
f 229//229 190//190 189//189
f 149//149 230//230 231//231
f 228//228 232//232 233//233
f 230//230 149//149 192//192
f 234//234 193//193 191//191
f 151//151 194//194 235//235
f 193//193 234//234 236//236
f 195//195 237//237 152//152
f 196//196 197//197 238//238
f 239//239 240//240 199//199
f 241//241 198//198 122//122
f 200//200 199//199 240//240
f 242//242 201//201 200//200
f 243//243 77//77 202//202
f 203//203 244//244 204//204
f 245//245 126//126 205//205
f 207//207 206//206 246//246
f 175//175 220//220 176//176
f 209//209 160//160 247//247
f 248//248 211//211 163//163
f 210//210 126//126 249//249
f 250//250 177//177 251//251
f 212//212 165//165 252//252
f 253//253 254//254 255//255
f 256//256 257//257 258//258
f 167//167 213//213 259//259
f 260//260 215//215 214//214
f 214//214 216//216 261//261
f 215//215 260//260 262//262
f 169//169 217//217 263//263
f 170//170 218//218 264//264
f 265//265 266//266 267//267
f 268//268 269//269 270//270
f 176//176 220//220 221//221
f 271//271 272//272 273//273
f 177//177 250//250 222//222
f 274//274 223//223 178//178
f 275//275 224//224 222//222
f 142//142 225//225 276//276
f 226//226 180//180 277//277
f 146//146 227//227 278//278
f 279//279 280//280 281//281
f 228//228 183//183 232//232
f 282//282 283//283 279//279
f 284//284 285//285 282//282
f 286//286 190//190 229//229
f 287//287 231//231 230//230
f 233//233 232//232 288//288
f 233//233 288//288 289//289
f 231//231 287//287 290//290
f 291//291 235//235 194//194
f 292//292 236//236 234//234
f 237//237 195//195 293//293
f 237//237 294//294 239//239
f 240//240 239//239 294//294
f 241//241 295//295 198//198
f 201//201 242//242 296//296
f 297//297 298//298 299//299
f 298//298 300//300 299//299
f 301//301 77//77 243//243
f 302//302 303//303 244//244
f 244//244 203//203 302//302
f 304//304 126//126 245//245
f 247//247 160//160 77//77
f 305//305 306//306 248//248
f 211//211 248//248 306//306
f 249//249 126//126 307//307
f 250//250 251//251 308//308
f 259//259 212//212 252//252
f 254//254 253//253 309//309
f 257//257 256//256 310//310
f 311//311 312//312 313//313
f 314//314 259//259 213//213
f 315//315 316//316 268//268
f 317//317 318//318 319//319
f 261//261 216//216 320//320
f 321//321 322//322 323//323
f 260//260 324//324 262//262
f 263//263 217//217 325//325
f 326//326 327//327 328//328
f 264//264 218//218 325//325
f 266//266 265//265 329//329
f 330//330 331//331 332//332
f 269//269 268//268 316//316
f 270//270 269//269 333//333
f 334//334 335//335 336//336
f 272//272 271//271 337//337
f 271//271 273//273 338//338
f 339//339 340//340 341//341
f 223//223 274//274 342//342
f 275//275 343//343 224//224
f 344//344 345//345 340//340
f 346//346 276//276 225//225
f 277//277 347//347 226//226
f 348//348 278//278 227//227
f 280//280 279//279 283//283
f 280//280 349//349 281//281
f 283//283 282//282 285//285
f 285//285 284//284 350//350
f 286//286 351//351 190//190
f 278//278 348//348 352//352
f 289//289 288//288 353//353
f 354//354 355//355 349//349
f 356//356 290//290 287//287
f 235//235 291//291 357//357
f 236//236 292//292 358//358
f 290//290 356//356 359//359
f 294//294 237//237 293//293
f 360//360 361//361 297//297
f 362//362 295//295 241//241
f 363//363 296//296 242//242
f 298//298 297//297 361//361
f 300//300 298//298 364//364
f 365//365 77//77 301//301
f 366//366 367//367 303//303
f 303//303 302//302 366//366
f 368//368 126//126 304//304
f 247//247 77//77 369//369
f 306//306 305//305 370//370
f 308//308 251//251 371//371
f 307//307 126//126 368//368
f 372//372 305//305 373//373
f 374//374 341//341 375//375
f 212//212 259//259 314//314
f 376//376 377//377 378//378
f 379//379 380//380 381//381
f 312//312 311//311 382//382
f 316//316 315//315 383//383
f 318//318 317//317 384//384
f 322//322 321//321 385//385
f 324//324 320//320 216//216
f 386//386 387//387 388//388
f 324//324 260//260 320//320
f 389//389 390//390 391//391
f 264//264 325//325 217//217
f 392//392 393//393 394//394
f 327//327 326//326 395//395
f 331//331 330//330 396//396
f 397//397 398//398 399//399
f 400//400 401//401 402//402
f 270//270 333//333 403//403
f 335//335 334//334 404//404
f 405//405 336//336 335//335
f 406//406 337//337 271//271
f 338//338 273//273 407//407
f 408//408 409//409 410//410
f 340//340 339//339 344//344
f 341//341 374//374 339//339
f 411//411 342//342 274//274
f 343//343 275//275 412//412
f 345//345 344//344 413//413
f 276//276 346//346 414//414
f 347//347 277//277 415//415
f 416//416 417//417 418//418
f 349//349 280//280 354//354
f 419//419 418//418 420//420
f 421//421 350//350 284//284
f 422//422 420//420 423//423
f 424//424 351//351 286//286
f 425//425 352//352 348//348
f 353//353 288//288 426//426
f 355//355 354//354 427//427
f 428//428 357//357 291//291
f 292//292 429//429 358//358
f 430//430 359//359 356//356
f 357//357 428//428 360//360
f 361//361 360//360 428//428
f 362//362 431//431 295//295
f 296//296 363//363 432//432
f 364//364 433//433 300//300
f 434//434 435//435 436//436
f 437//437 438//438 435//435
f 369//369 77//77 365//365
f 439//439 440//440 367//367
f 367//367 366//366 439//439
f 305//305 372//372 370//370
f 308//308 371//371 441//441
f 442//442 373//373 440//440
f 373//373 442//442 372//372
f 375//375 443//443 374//374
f 380//380 379//379 444//444
f 377//377 376//376 445//445
f 376//376 378//378 389//389
f 377//377 446//446 447//447
f 316//316 383//383 403//403
f 448//448 449//449 450//450
f 387//387 386//386 451//451
f 449//449 448//448 452//452
f 389//389 378//378 390//390
f 389//389 391//391 453//453
f 393//393 392//392 454//454
f 398//398 397//397 455//455
f 401//401 400//400 456//456
f 457//457 458//458 459//459
f 270//270 403//403 383//383
f 335//335 404//404 460//460
f 336//336 405//405 461//461
f 462//462 463//463 464//464
f 337//337 406//406 465//465
f 466//466 467//467 468//468
f 407//407 273//273 465//465
f 469//469 470//470 471//471
f 409//409 408//408 472//472
f 473//473 474//474 475//475
f 476//476 473//473 477//477
f 342//342 411//411 478//478
f 413//413 411//411 345//345
f 475//475 479//479 480//480
f 481//481 414//414 346//346
f 415//415 482//482 347//347
f 417//417 416//416 483//483
f 418//418 419//419 416//416
f 483//483 484//484 417//417
f 420//420 422//422 419//419
f 350//350 421//421 485//485
f 423//423 486//486 422//422
f 487//487 351//351 424//424
f 352//352 425//425 488//488
f 426//426 288//288 489//489
f 490//490 491//491 484//484
f 427//427 492//492 355//355
f 429//429 292//292 493//493
f 359//359 430//430 494//494
f 495//495 496//496 426//426
f 493//493 436//436 429//429
f 497//497 431//431 362//362
f 498//498 432//432 363//363
f 433//433 364//364 499//499
f 435//435 434//434 437//437
f 436//436 493//493 434//434
f 438//438 437//437 500//500
f 440//440 439//439 442//442
f 497//497 501//501 431//431
f 308//308 441//441 502//502
f 503//503 502//502 504//504
f 443//443 375//375 505//505
f 506//506 477//477 507//507
f 508//508 509//509 510//510
f 446//446 377//377 445//445
f 511//511 512//512 513//513
f 447//447 446//446 514//514
f 515//515 516//516 517//517
f 391//391 514//514 453//453
f 518//518 519//519 520//520
f 458//458 457//457 521//521
f 460//460 404//404 522//522
f 523//523 524//524 525//525
f 461//461 405//405 522//522
f 463//463 462//462 526//526
f 527//527 528//528 529//529
f 465//465 406//406 407//407
f 530//530 514//514 391//391
f 467//467 466//466 531//531
f 470//470 469//469 532//532
f 474//474 473//473 533//533
f 479//479 475//475 474//474
f 473//473 476//476 533//533
f 477//477 506//506 476//476
f 411//411 413//413 478//478
f 534//534 480//480 479//479
f 414//414 481//481 534//534
f 482//482 415//415 535//535
f 536//536 537//537 538//538
f 539//539 538//538 540//540
f 484//484 483//483 490//490
f 541//541 540//540 542//542
f 543//543 485//485 421//421
f 486//486 423//423 544//544
f 545//545 542//542 546//546
f 487//487 547//547 351//351
f 424//424 548//548 487//487
f 549//549 488//488 425//425
f 426//426 489//489 550//550
f 491//491 490//490 551//551
f 492//492 427//427 552//552
f 553//553 494//494 430//430
f 495//495 554//554 496//496
f 495//495 426//426 550//550
f 432//432 498//498 555//555
f 499//499 556//556 433//433
f 500//500 557//557 438//438
f 558//558 559//559 560//560
f 494//494 553//553 558//558
f 559//559 561//561 560//560
f 497//497 504//504 501//501
f 308//308 502//502 503//503
f 503//503 504//504 497//497
f 505//505 498//498 443//443
f 507//507 562//562 506//506
f 509//509 508//508 563//563
f 564//564 565//565 566//566
f 565//565 564//564 567//567
f 512//512 511//511 568//568
f 569//569 570//570 571//571
f 447//447 514//514 530//530
f 516//516 515//515 572//572
f 573//573 574//574 575//575
f 519//519 518//518 576//576
f 461//461 522//522 404//404
f 577//577 578//578 579//579
f 524//524 523//523 580//580
f 528//528 527//527 581//581
f 582//582 583//583 584//584
f 583//583 582//582 585//585
f 586//586 587//587 588//588
f 588//588 589//589 590//590
f 591//591 592//592 586//586
f 593//593 594//594 591//591
f 480//480 534//534 481//481
f 590//590 482//482 535//535
f 537//537 536//536 595//595
f 538//538 539//539 536//536
f 540//540 541//541 539//539
f 537//537 596//596 597//597
f 542//542 545//545 541//541
f 485//485 543//543 598//598
f 599//599 486//486 544//544
f 546//546 600//600 545//545
f 601//601 547//547 487//487
f 548//548 424//424 602//602
f 603//603 604//604 605//605
f 488//488 549//549 606//606
f 482//482 590//590 589//589
f 550//550 489//489 607//607
f 597//597 608//608 609//609
f 610//610 491//491 551//551
f 491//491 610//610 611//611
f 552//552 612//612 492//492
f 495//495 613//613 554//554
f 614//614 615//615 616//616
f 498//498 505//505 555//555
f 556//556 499//499 562//562
f 557//557 500//500 617//617
f 559//559 558//558 553//553
f 561//561 559//559 618//618
f 562//562 507//507 556//556
f 619//619 620//620 593//593
f 621//621 622//622 623//623
f 622//622 624//624 623//623
f 625//625 621//621 626//626
f 570//570 569//569 627//627
f 574//574 573//573 628//628
f 629//629 626//626 630//630
f 578//578 577//577 631//631
f 587//587 586//586 592//592
f 589//589 588//588 587//587
f 592//592 591//591 594//594
f 594//594 593//593 620//620
f 632//632 633//633 634//634
f 596//596 537//537 595//595
f 635//635 634//634 636//636
f 637//637 636//636 638//638
f 608//608 597//597 596//596
f 639//639 638//638 640//640
f 641//641 598//598 543//543
f 486//486 599//599 642//642
f 600//600 546//546 643//643
f 644//644 639//639 640//640
f 601//601 645//645 547//547
f 646//646 647//647 604//604
f 548//548 602//602 648//648
f 604//604 603//603 646//646
f 605//605 649//649 603//603
f 650//650 606//606 549//549
f 607//607 489//489 651//651
f 652//652 653//653 614//614
f 654//654 609//609 608//608
f 609//609 654//654 655//655
f 656//656 611//611 610//610
f 612//612 552//552 657//657
f 658//658 613//613 495//495
f 615//615 614//614 653//653
f 659//659 616//616 615//615
f 617//617 619//619 557//557
f 618//618 660//660 561//561
f 658//658 661//661 613//613
f 620//620 619//619 662//662
f 622//622 621//621 625//625
f 624//624 622//622 663//663
f 625//625 626//626 664//664
f 624//624 663//663 665//665
f 665//665 629//629 630//630
f 664//664 626//626 629//629
f 666//666 667//667 650//650
f 668//668 666//666 669//669
f 670//670 669//669 671//671
f 633//633 632//632 672//672
f 634//634 635//635 632//632
f 672//672 673//673 633//633
f 636//636 637//637 635//635
f 638//638 639//639 637//637
f 674//674 675//675 673//673
f 598//598 641//641 676//676
f 677//677 642//642 599//599
f 643//643 678//678 600//600
f 639//639 644//644 679//679
f 645//645 601//601 680//680
f 647//647 646//646 681//681
f 648//648 602//602 682//682
f 649//649 605//605 683//683
f 684//684 685//685 686//686
f 687//687 684//684 688//688
f 606//606 650//650 667//667
f 607//607 651//651 689//689
f 653//653 652//652 690//690
f 675//675 691//691 692//692
f 693//693 655//655 654//654
f 611//611 656//656 694//694
f 655//655 693//693 695//695
f 657//657 696//696 612//612
f 616//616 659//659 697//697
f 698//698 699//699 700//700
f 699//699 701//701 700//700
f 619//619 617//617 662//662
f 660//660 618//618 702//702
f 703//703 661//661 658//658
f 704//704 671//671 705//705
f 706//706 707//707 708//708
f 709//709 710//710 711//711
f 712//712 713//713 714//714
f 665//665 663//663 715//715
f 665//665 715//715 629//629
f 716//716 717//717 718//718
f 667//667 666//666 719//719
f 666//666 668//668 719//719
f 669//669 670//670 668//668
f 671//671 704//704 670//670
f 720//720 721//721 722//722
f 723//723 724//724 720//720
f 673//673 672//672 674//674
f 725//725 726//726 723//723
f 727//727 728//728 725//725
f 675//675 674//674 729//729
f 730//730 676//676 641//641
f 642//642 677//677 731//731
f 678//678 643//643 732//732
f 733//733 679//679 644//644
f 734//734 728//728 727//727
f 681//681 730//730 647//647
f 686//686 735//735 736//736
f 648//648 682//682 737//737
f 683//683 738//738 649//649
f 685//685 684//684 739//739
f 735//735 686//686 685//685
f 684//684 687//687 739//739
f 688//688 740//740 687//687
f 696//696 690//690 652//652
f 741//741 742//742 698//698
f 691//691 675//675 729//729
f 743//743 692//692 691//691
f 692//692 743//743 744//744
f 745//745 694//694 656//656
f 746//746 695//695 693//693
f 696//696 657//657 747//747
f 748//748 697//697 659//659
f 699//699 698//698 742//742
f 701//701 699//699 749//749
f 702//702 705//705 660//660
f 703//703 750//750 661//661
f 697//697 748//748 751//751
f 705//705 702//702 704//704
f 707//707 706//706 752//752
f 713//713 712//712 753//753
f 710//710 709//709 754//754
f 755//755 756//756 757//757
f 758//758 759//759 760//760
f 717//717 716//716 761//761
f 648//648 737//737 762//762
f 763//763 762//762 764//764
f 765//765 764//764 766//766
f 720//720 724//724 721//721
f 722//722 721//721 767//767
f 723//723 726//726 724//724
f 725//725 728//728 726//726
f 767//767 768//768 769//769
f 676//676 730//730 770//770
f 771//771 731//731 677//677
f 732//732 772//772 678//678
f 679//679 733//733 773//773
f 734//734 774//774 728//728
f 730//730 681//681 770//770
f 775//775 736//736 735//735
f 738//738 683//683 776//776
f 740//740 688//688 777//777
f 778//778 779//779 780//780
f 780//780 781//781 782//782
f 783//783 784//784 778//778
f 785//785 786//786 783//783
f 690//690 696//696 747//747
f 742//742 741//741 787//787
f 769//769 788//788 789//789
f 789//789 788//788 790//790
f 791//791 744//744 743//743
f 694//694 745//745 792//792
f 695//695 746//746 793//793
f 744//744 791//791 794//794
f 749//749 795//795 701//701
f 796//796 797//797 798//798
f 799//799 800//800 797//797
f 765//765 750//750 703//703
f 801//801 751//751 748//748
f 765//765 766//766 750//750
f 802//802 803//803 804//804
f 805//805 802//802 806//806
f 803//803 807//807 804//804
f 756//756 755//755 808//808
f 759//759 758//758 809//809
f 810//810 806//806 811//811
f 648//648 762//762 763//763
f 763//763 764//764 765//765
f 812//812 813//813 814//814
f 767//767 721//721 768//768
f 815//815 814//814 816//816
f 817//817 816//816 818//818
f 769//769 768//768 788//788
f 731//731 771//771 775//775
f 772//772 732//732 819//819
f 820//820 773//773 733//733
f 821//821 774//774 734//734
f 822//822 818//818 823//823
f 736//736 775//775 771//771
f 782//782 772//772 819//819
f 776//776 801//801 738//738
f 777//777 824//824 740//740
f 779//779 778//778 784//784
f 781//781 780//780 779//779
f 772//772 782//782 781//781
f 784//784 783//783 786//786
f 786//786 785//785 825//825
f 792//792 787//787 741//741
f 826//826 798//798 827//827
f 790//790 788//788 828//828
f 790//790 828//828 829//829
f 787//787 792//792 745//745
f 746//746 827//827 793//793
f 830//830 794//794 791//791
f 795//795 749//749 831//831
f 797//797 796//796 799//799
f 798//798 826//826 796//796
f 800//800 799//799 832//832
f 751//751 801//801 833//833
f 831//831 834//834 795//795
f 803//803 802//802 805//805
f 805//805 806//806 835//835
f 807//807 803//803 836//836
f 807//807 836//836 837//837
f 837//837 810//810 811//811
f 835//835 806//806 810//810
f 801//801 776//776 833//833
f 813//813 812//812 838//838
f 814//814 815//815 812//812
f 838//838 839//839 813//813
f 816//816 817//817 815//815
f 818//818 822//822 817//817
f 840//840 841//841 839//839
f 773//773 820//820 842//842
f 843//843 774//774 821//821
f 823//823 844//844 822//822
f 824//824 777//777 834//834
f 845//845 825//825 785//785
f 846//846 847//847 848//848
f 848//848 849//849 850//850
f 850//850 842//842 820//820
f 851//851 846//846 852//852
f 853//853 852//852 854//854
f 827//827 746//746 826//826
f 841//841 855//855 856//856
f 857//857 829//829 828//828
f 794//794 830//830 858//858
f 857//857 859//859 829//829
f 832//832 860//860 800//800
f 861//861 862//862 863//863
f 858//858 864//864 861//861
f 862//862 865//865 863//863
f 834//834 831//831 824//824
f 866//866 867//867 868//868
f 869//869 870//870 871//871
f 872//872 873//873 874//874
f 837//837 836//836 875//875
f 837//837 875//875 810//810
f 876//876 877//877 878//878
f 879//879 880//880 881//881
f 882//882 883//883 879//879
f 839//839 838//838 840//840
f 884//884 885//885 882//882
f 886//886 887//887 884//884
f 841//841 840//840 888//888
f 889//889 774//774 843//843
f 844//844 823//823 890//890
f 891//891 892//892 886//886
f 825//825 845//845 893//893
f 847//847 846//846 894//894
f 849//849 848//848 847//847
f 842//842 850//850 849//849
f 846//846 851//851 894//894
f 852//852 853//853 851//851
f 854//854 895//895 853//853
f 855//855 841//841 888//888
f 896//896 856//856 855//855
f 857//857 828//828 897//897
f 864//864 858//858 830//830
f 898//898 859//859 857//857
f 860//860 832//832 899//899
f 862//862 861//861 864//864
f 865//865 862//862 900//900
f 899//899 845//845 860//860
f 867//867 866//866 901//901
f 870//870 869//869 902//902
f 873//873 872//872 903//903
f 904//904 905//905 906//906
f 907//907 908//908 909//909
f 877//877 876//876 910//910
f 879//879 883//883 880//880
f 881//881 880//880 911//911
f 882//882 885//885 883//883
f 884//884 887//887 885//885
f 886//886 892//892 887//887
f 911//911 912//912 913//913
f 889//889 914//914 774//774
f 843//843 915//915 889//889
f 890//890 916//916 844//844
f 917//917 892//892 891//891
f 845//845 899//899 893//893
f 895//895 854//854 918//918
f 919//919 920//920 921//921
f 915//915 922//922 920//920
f 915//915 843//843 922//922
f 919//919 921//921 923//923
f 924//924 923//923 925//925
f 926//926 925//925 927//927
f 913//913 928//928 929//929
f 856//856 896//896 930//930
f 929//929 931//931 932//932
f 857//857 897//897 933//933
f 898//898 934//934 859//859
f 935//935 936//936 937//937
f 900//900 938//938 865//865
f 898//898 939//939 934//934
f 940//940 941//941 939//939
f 901//901 942//942 867//867
f 902//902 943//943 870//870
f 944//944 903//903 872//872
f 905//905 904//904 945//945
f 908//908 907//907 946//946
f 947//947 910//910 876//876
f 948//948 949//949 950//950
f 911//911 880//880 912//912
f 951//951 950//950 952//952
f 953//953 952//952 954//954
f 955//955 954//954 956//956
f 913//913 912//912 928//928
f 957//957 914//914 889//889
f 958//958 959//959 960//960
f 916//916 890//890 961//961
f 917//917 962//962 892//892
f 963//963 918//918 938//938
f 918//918 963//963 895//895
f 915//915 920//920 919//919
f 919//919 923//923 924//924
f 924//924 925//925 926//926
f 926//926 927//927 964//964
f 929//929 928//928 931//931
f 965//965 930//930 896//896
f 932//932 931//931 966//966
f 933//933 897//897 967//967
f 968//968 937//937 969//969
f 936//936 935//935 970//970
f 937//937 968//968 935//935
f 938//938 900//900 963//963
f 940//940 939//939 898//898
f 971//971 941//941 940//940
f 942//942 901//901 972//972
f 943//943 902//902 973//973
f 903//903 944//944 974//974
f 975//975 945//945 904//904
f 946//946 976//976 908//908
f 910//910 947//947 977//977
f 949//949 948//948 978//978
f 950//950 951//951 948//948
f 978//978 979//979 949//949
f 952//952 953//953 951//951
f 954//954 955//955 953//953
f 980//980 955//955 956//956
f 981//981 982//982 979//979
f 957//957 983//983 914//914
f 960//960 984//984 985//985
f 959//959 958//958 986//986
f 984//984 960//960 959//959
f 961//961 987//987 916//916
f 988//988 962//962 917//917
f 989//989 958//958 990//990
f 991//991 990//990 992//992
f 993//993 992//992 994//994
f 926//926 964//964 971//971
f 982//982 995//995 996//996
f 930//930 965//965 997//997
f 998//998 966//966 931//931
f 997//997 968//968 969//969
f 999//999 1000//1000 1001//1001
f 970//970 1002//1002 936//936
f 998//998 1001//1001 1003//1003
f 971//971 964//964 941//941
f 1004//1004 1005//1005 1002//1002
f 1006//1006 942//942 972//972
f 1007//1007 943//943 973//973
f 944//944 1008//1008 974//974
f 945//945 975//975 1009//1009
f 976//976 946//946 1010//1010
f 947//947 1011//1011 977//977
f 1012//1012 1013//1013 1014//1014
f 1015//1015 1014//1014 1016//1016
f 979//979 978//978 981//981
f 1017//1017 1016//1016 1018//1018
f 1019//1019 1018//1018 1020//1020
f 955//955 980//980 1021//1021
f 982//982 981//981 1022//1022
f 983//983 957//957 1023//1023
f 987//987 985//985 984//984
f 958//958 989//989 986//986
f 1024//1024 1025//1025 1026//1026
f 1024//1024 1027//1027 1025//1025
f 987//987 961//961 1028//1028
f 1029//1029 962//962 988//988
f 990//990 991//991 989//989
f 992//992 993//993 991//991
f 994//994 1030//1030 993//993
f 1030//1030 994//994 1005//1005
f 995//995 982//982 1022//1022
f 1031//1031 996//996 995//995
f 968//968 997//997 965//965
f 998//998 1003//1003 966//966
f 998//998 931//931 1032//1032
f 1033//1033 1000//1000 999//999
f 999//999 1001//1001 998//998
f 1002//1002 970//970 1004//1004
f 1005//1005 1004//1004 1030//1030
f 942//942 1006//1006 1034//1034
f 943//943 1007//1007 1035//1035
f 1008//1008 944//944 1036//1036
f 1037//1037 1009//1009 975//975
f 1010//1010 1038//1038 976//976
f 1011//1011 947//947 1039//1039
f 1013//1013 1012//1012 1040//1040
f 1014//1014 1015//1015 1012//1012
f 1016//1016 1017//1017 1015//1015
f 1040//1040 1041//1041 1013//1013
f 1018//1018 1019//1019 1017//1017
f 1042//1042 1019//1019 1020//1020
f 1043//1043 1021//1021 980//980
f 1044//1044 1045//1045 1041//1041
f 985//985 987//987 1028//1028
f 1027//1027 1029//1029 988//988
f 1046//1046 1026//1026 1047//1047
f 1024//1024 1026//1026 1046//1046
f 1029//1029 1027//1027 1024//1024
f 1048//1048 962//962 1029//1029
f 1049//1049 1047//1047 1050//1050
f 1051//1051 1050//1050 1052//1052
f 1053//1053 1052//1052 1054//1054
f 1055//1055 1056//1056 1045//1045
f 996//996 1031//1031 1057//1057
f 1058//1058 1059//1059 1056//1056
f 998//998 1032//1032 1060//1060
f 1033//1033 1061//1061 1000//1000
f 1062//1062 1063//1063 1064//1064
f 1065//1065 1062//1062 1064//1064
f 1053//1053 1054//1054 1061//1061
f 1066//1066 1034//1034 1006//1006
f 1067//1067 1035//1035 1007//1007
f 1036//1036 1068//1068 1008//1008
f 1009//1009 1037//1037 1069//1069
f 1038//1038 1010//1010 1070//1070
f 1039//1039 1071//1071 1011//1011
f 1072//1072 1073//1073 1074//1074
f 1075//1075 1076//1076 1072//1072
f 1077//1077 1078//1078 1075//1075
f 1041//1041 1040//1040 1044//1044
f 1079//1079 1080//1080 1077//1077
f 1019//1019 1042//1042 1081//1081
f 1021//1021 1043//1043 1082//1082
f 1048//1048 1083//1083 962//962
f 1045//1045 1044//1044 1055//1055
f 1046//1046 1047//1047 1049//1049
f 1084//1084 1085//1085 1086//1086
f 1085//1085 1087//1087 1088//1088
f 1088//1088 1089//1089 1090//1090
f 1049//1049 1050//1050 1051//1051
f 1051//1051 1052//1052 1053//1053
f 1056//1056 1055//1055 1058//1058
f 1091//1091 1057//1057 1031//1031
f 1059//1059 1058//1058 1092//1092
f 1060//1060 1032//1032 1093//1093
f 1094//1094 1095//1095 1065//1065
f 1053//1053 1061//1061 1033//1033
f 1063//1063 1062//1062 1096//1096
f 1062//1062 1065//1065 1095//1095
f 1034//1034 1066//1066 1097//1097
f 1035//1035 1067//1067 1098//1098
f 1068//1068 1036//1036 1099//1099
f 1100//1100 1069//1069 1037//1037
f 1101//1101 1038//1038 1070//1070
f 1071//1071 1039//1039 1102//1102
f 1072//1072 1076//1076 1073//1073
f 1074//1074 1073//1073 1103//1103
f 1075//1075 1104//1104 1076//1076
f 1077//1077 1105//1105 1078//1078
f 1075//1075 1078//1078 1104//1104
f 1074//1074 1106//1106 1107//1107
f 1080//1080 1079//1079 1108//1108
f 1077//1077 1080//1080 1105//1105
f 1109//1109 1081//1081 1042//1042
f 1110//1110 1111//1111 1079//1079
f 1112//1112 1082//1082 1043//1043
f 1083//1083 1048//1048 1113//1113
f 1107//1107 1114//1114 1115//1115
f 1116//1116 1086//1086 1117//1117
f 1085//1085 1084//1084 1118//1118
f 1086//1086 1116//1116 1084//1084
f 1087//1087 1085//1085 1118//1118
f 1089//1089 1088//1088 1087//1087
f 1119//1119 1090//1090 1089//1089
f 1120//1120 1117//1117 1121//1121
f 1122//1122 1121//1121 1123//1123
f 1115//1115 1124//1124 1125//1125
f 1057//1057 1091//1091 1126//1126
f 1092//1092 1127//1127 1059//1059
f 1125//1125 1128//1128 1129//1129
f 1126//1126 1130//1130 1094//1094
f 1095//1095 1094//1094 1130//1130
f 1096//1096 1123//1123 1063//1063
f 1131//1131 1132//1132 1133//1133
f 1134//1134 1131//1131 1133//1133
f 1066//1066 1135//1135 1097//1097
f 1136//1136 1098//1098 1067//1067
f 1099//1099 1137//1137 1068//1068
f 1069//1069 1100//1100 1138//1138
f 1038//1038 1101//1101 1139//1139
f 1140//1140 1071//1071 1102//1102
f 1141//1141 1142//1142 1143//1143
f 1144//1144 1145//1145 1142//1142
f 1074//1074 1103//1103 1106//1106
f 1146//1146 1143//1143 1147//1147
f 1148//1148 1149//1149 1150//1150
f 1149//1149 1147//1147 1150//1150
f 1107//1107 1106//1106 1151//1151
f 1079//1079 1152//1152 1108//1108
f 1153//1153 1154//1154 1155//1155
f 1155//1155 1156//1156 1148//1148
f 1081//1081 1109//1109 1157//1157
f 1110//1110 1158//1158 1111//1111
f 1079//1079 1111//1111 1152//1152
f 1082//1082 1112//1112 1119//1119
f 1090//1090 1119//1119 1112//1112
f 1107//1107 1151//1151 1114//1114
f 1115//1115 1114//1114 1159//1159
f 1117//1117 1120//1120 1116//1116
f 1160//1160 1161//1161 1162//1162
f 1163//1163 1162//1162 1164//1164
f 1165//1165 1166//1166 1161//1161
f 1167//1167 1168//1168 1166//1166
f 1169//1169 1170//1170 1168//1168
f 1121//1121 1122//1122 1120//1120
f 1123//1123 1096//1096 1122//1122
f 1171//1171 1124//1124 1115//1115
f 1125//1125 1124//1124 1172//1172
f 1130//1130 1126//1126 1091//1091
f 1127//1127 1092//1092 1173//1173
f 1125//1125 1172//1172 1128//1128
f 1129//1129 1128//1128 1174//1174
f 1175//1175 1176//1176 1134//1134
f 1132//1132 1131//1131 1177//1177
f 1131//1131 1134//1134 1176//1176
f 1135//1135 1066//1066 1178//1178
f 1137//1137 1099//1099 1179//1179
f 1098//1098 1136//1136 1180//1180
f 1071//1071 1140//1140 1181//1181
f 1182//1182 1138//1138 1100//1100
f 1101//1101 1183//1183 1139//1139
f 1142//1142 1141//1141 1144//1144
f 1143//1143 1146//1146 1141//1141
f 1145//1145 1144//1144 1184//1184
f 1184//1184 1185//1185 1145//1145
f 1147//1147 1149//1149 1146//1146
f 1149//1149 1148//1148 1156//1156
f 1186//1186 1187//1187 1185//1185
f 1108//1108 1152//1152 1188//1188
f 1154//1154 1153//1153 1189//1189
f 1156//1156 1155//1155 1154//1154
f 1170//1170 1157//1157 1109//1109
f 1190//1190 1158//1158 1110//1110
f 1168//1168 1167//1167 1169//1169
f 1166//1166 1165//1165 1167//1167
f 1187//1187 1191//1191 1192//1192
f 1192//1192 1193//1193 1194//1194
f 1115//1115 1159//1159 1171//1171
f 1195//1195 1164//1164 1196//1196
f 1161//1161 1160//1160 1165//1165
f 1162//1162 1163//1163 1160//1160
f 1164//1164 1195//1195 1163//1163
f 1170//1170 1169//1169 1197//1197
f 1198//1198 1196//1196 1199//1199
f 1177//1177 1199//1199 1132//1132
f 1200//1200 1124//1124 1171//1171
f 1127//1127 1201//1201 1175//1175
f 1201//1201 1127//1127 1173//1173
f 1176//1176 1175//1175 1201//1201
f 1202//1202 1203//1203 1124//1124
f 1178//1178 1204//1204 1135//1135
f 1205//1205 1137//1137 1179//1179
f 1206//1206 1180//1180 1136//1136
f 1207//1207 1181//1181 1140//1140
f 1138//1138 1182//1182 1208//1208
f 1183//1183 1101//1101 1209//1209
f 1210//1210 1211//1211 1212//1212
f 1213//1213 1212//1212 1214//1214
f 1215//1215 1216//1216 1211//1211
f 1185//1185 1184//1184 1186//1186
f 1217//1217 1214//1214 1218//1218
f 1219//1219 1218//1218 1220//1220
f 1187//1187 1186//1186 1221//1221
f 1188//1188 1152//1152 1222//1222
f 1223//1223 1189//1189 1153//1153
f 1224//1224 1225//1225 1226//1226
f 1227//1227 1220//1220 1225//1225
f 1157//1157 1170//1170 1197//1197
f 1158//1158 1190//1190 1228//1228
f 1191//1191 1187//1187 1221//1221
f 1193//1193 1192//1192 1191//1191
f 1229//1229 1194//1194 1193//1193
f 1194//1194 1229//1229 1230//1230
f 1196//1196 1198//1198 1195//1195
f 1231//1231 1222//1222 1232//1232
f 1233//1233 1232//1232 1234//1234
f 1199//1199 1177//1177 1198//1198
f 1202//1202 1124//1124 1200//1200
f 1230//1230 1235//1235 1236//1236
f 1237//1237 1203//1203 1202//1202
f 1204//1204 1178//1178 1238//1238
f 1137//1137 1205//1205 1239//1239
f 1180//1180 1206//1206 1240//1240
f 1181//1181 1207//1207 1241//1241
f 1209//1209 1242//1242 1183//1183
f 1243//1243 1208//1208 1182//1182
f 1211//1211 1210//1210 1215//1215
f 1212//1212 1213//1213 1210//1210
f 1214//1214 1217//1217 1213//1213
f 1216//1216 1215//1215 1244//1244
f 1244//1244 1245//1245 1216//1216
f 1218//1218 1219//1219 1217//1217
f 1220//1220 1227//1227 1219//1219
f 1246//1246 1247//1247 1245//1245
f 1188//1188 1222//1222 1248//1248
f 1189//1189 1223//1223 1249//1249
f 1225//1225 1224//1224 1227//1227
f 1250//1250 1224//1224 1226//1226
f 1247//1247 1251//1251 1252//1252
f 1252//1252 1253//1253 1254//1254
f 1254//1254 1255//1255 1256//1256
f 1235//1235 1230//1230 1229//1229
f 1257//1257 1234//1234 1258//1258
f 1248//1248 1222//1222 1231//1231
f 1231//1231 1232//1232 1259//1259
f 1259//1259 1232//1232 1233//1233
f 1233//1233 1234//1234 1257//1257
f 1260//1260 1258//1258 1203//1203
f 1236//1236 1261//1261 1262//1262
f 1261//1261 1236//1236 1235//1235
f 1260//1260 1203//1203 1237//1237
f 1262//1262 1263//1263 1264//1264
f 1238//1238 1265//1265 1204//1204
f 1205//1205 1266//1266 1239//1239
f 1267//1267 1240//1240 1206//1206
f 1268//1268 1241//1241 1207//1207
f 1242//1242 1209//1209 1269//1269
f 1208//1208 1243//1243 1270//1270
f 1271//1271 1272//1272 1273//1273
f 1274//1274 1273//1273 1275//1275
f 1276//1276 1275//1275 1277//1277
f 1278//1278 1279//1279 1272//1272
f 1245//1245 1244//1244 1246//1246
f 1280//1280 1276//1276 1277//1277
f 1281//1281 1282//1282 1280//1280
f 1247//1247 1246//1246 1283//1283
f 1284//1284 1249//1249 1223//1223
f 1285//1285 1286//1286 1281//1281
f 1224//1224 1250//1250 1287//1287
f 1251//1251 1247//1247 1283//1283
f 1253//1253 1252//1252 1251//1251
f 1255//1255 1254//1254 1253//1253
f 1288//1288 1256//1256 1255//1255
f 1256//1256 1288//1288 1289//1289
f 1257//1257 1258//1258 1290//1290
f 1291//1291 1292//1292 1284//1284
f 1293//1293 1291//1291 1294//1294
f 1295//1295 1294//1294 1296//1296
f 1297//1297 1296//1296 1298//1298
f 1290//1290 1258//1258 1260//1260
f 1263//1263 1262//1262 1261//1261
f 1288//1288 1299//1299 1289//1289
f 1263//1263 1300//1300 1264//1264
f 1265//1265 1238//1238 1301//1301
f 1266//1266 1205//1205 1302//1302
f 1303//1303 1270//1270 1243//1243
f 1240//1240 1267//1267 1304//1304
f 1241//1241 1268//1268 1305//1305
f 1269//1269 1306//1306 1242//1242
f 1272//1272 1271//1271 1278//1278
f 1273//1273 1274//1274 1271//1271
f 1275//1275 1276//1276 1274//1274
f 1279//1279 1278//1278 1307//1307
f 1307//1307 1308//1308 1279//1279
f 1276//1276 1280//1280 1282//1282
f 1282//1282 1281//1281 1286//1286
f 1309//1309 1310//1310 1308//1308
f 1249//1249 1284//1284 1292//1292
f 1286//1286 1285//1285 1311//1311
f 1312//1312 1287//1287 1250//1250
f 1313//1313 1311//1311 1285//1285
f 1310//1310 1314//1314 1315//1315
f 1315//1315 1316//1316 1317//1317
f 1317//1317 1318//1318 1319//1319
f 1319//1319 1320//1320 1321//1321
f 1322//1322 1298//1298 1323//1323
f 1292//1292 1291//1291 1324//1324
f 1291//1291 1293//1293 1324//1324
f 1294//1294 1295//1295 1293//1293
f 1296//1296 1297//1297 1295//1295
f 1298//1298 1322//1322 1297//1297
f 1325//1325 1323//1323 1300//1300
f 1326//1326 1327//1327 1299//1299
f 1299//1299 1288//1288 1326//1326
f 1300//1300 1263//1263 1325//1325
f 1328//1328 1265//1265 1301//1301
f 1302//1302 1329//1329 1266//1266
f 1270//1270 1303//1303 1330//1330
f 1331//1331 1304//1304 1267//1267
f 1268//1268 1332//1332 1305//1305
f 1306//1306 1269//1269 1333//1333
f 1334//1334 1335//1335 1336//1336
f 1337//1337 1338//1338 1334//1334
f 1339//1339 1340//1340 1337//1337
f 1336//1336 1341//1341 1342//1342
f 1308//1308 1307//1307 1309//1309
f 1343//1343 1340//1340 1339//1339
f 1344//1344 1340//1340 1343//1343
f 1310//1310 1309//1309 1345//1345
f 1346//1346 1347//1347 1344//1344
f 1287//1287 1312//1312 1348//1348
f 1311//1311 1313//1313 1349//1349
f 1314//1314 1310//1310 1345//1345
f 1316//1316 1315//1315 1314//1314
f 1318//1318 1317//1317 1316//1316
f 1320//1320 1319//1319 1318//1318
f 1350//1350 1321//1321 1320//1320
f 1323//1323 1325//1325 1322//1322
f 1351//1351 1348//1348 1312//1312
f 1352//1352 1351//1351 1353//1353
f 1354//1354 1353//1353 1355//1355
f 1356//1356 1355//1355 1357//1357
f 1358//1358 1357//1357 1359//1359
f 1327//1327 1326//1326 1360//1360
f 1321//1321 1350//1350 1361//1361
f 1360//1360 1362//1362 1327//1327
f 1265//1265 1328//1328 1363//1363
f 1304//1304 1331//1331 1364//1364
f 1329//1329 1302//1302 1365//1365
f 1366//1366 1303//1303 1367//1367
f 1303//1303 1366//1366 1330//1330
f 1332//1332 1268//1268 1368//1368
f 1369//1369 1306//1306 1333//1333
f 1334//1334 1338//1338 1335//1335
f 1336//1336 1335//1335 1341//1341
f 1337//1337 1340//1340 1338//1338
f 1342//1342 1341//1341 1370//1370
f 1344//1344 1347//1347 1340//1340
f 1370//1370 1371//1371 1372//1372
f 1373//1373 1347//1347 1346//1346
f 1374//1374 1349//1349 1313//1313
f 1375//1375 1346//1346 1376//1376
f 1372//1372 1377//1377 1378//1378
f 1378//1378 1377//1377 1379//1379
f 1379//1379 1377//1377 1380//1380
f 1381//1381 1382//1382 1380//1380
f 1381//1381 1383//1383 1382//1382
f 1384//1384 1359//1359 1362//1362
f 1348//1348 1351//1351 1385//1385
f 1351//1351 1352//1352 1385//1385
f 1353//1353 1354//1354 1352//1352
f 1355//1355 1356//1356 1354//1354
f 1357//1357 1358//1358 1356//1356
f 1359//1359 1384//1384 1358//1358
f 1361//1361 1386//1386 1387//1387
f 1386//1386 1361//1361 1350//1350
f 1362//1362 1360//1360 1384//1384
f 1388//1388 1363//1363 1328//1328
f 1389//1389 1364//1364 1331//1331
f 1365//1365 1390//1390 1329//1329
f 1367//1367 1391//1391 1366//1366
f 1306//1306 1369//1369 1392//1392
f 1368//1368 1393//1393 1332//1332
f 1394//1394 1395//1395 1396//1396
f 1397//1397 1398//1398 1395//1395
f 1399//1399 1396//1396 1400//1400
f 1370//1370 1341//1341 1371//1371
f 1401//1401 1400//1400 1402//1402
f 1372//1372 1371//1371 1377//1377
f 1373//1373 1403//1403 1347//1347
f 1346//1346 1375//1375 1373//1373
f 1349//1349 1374//1374 1404//1404
f 1375//1375 1376//1376 1405//1405
f 1380//1380 1377//1377 1406//1406
f 1381//1381 1380//1380 1407//1407
f 1381//1381 1408//1408 1383//1383
f 1409//1409 1404//1404 1374//1374
f 1410//1410 1409//1409 1411//1411
f 1412//1412 1411//1411 1413//1413
f 1414//1414 1413//1413 1415//1415
f 1416//1416 1415//1415 1417//1417
f 1418//1418 1417//1417 1419//1419
f 1386//1386 1419//1419 1387//1387
f 1363//1363 1388//1388 1420//1420
f 1364//1364 1389//1389 1421//1421
f 1390//1390 1365//1365 1422//1422
f 1391//1391 1367//1367 1423//1423
f 1424//1424 1392//1392 1369//1369
f 1393//1393 1368//1368 1425//1425
f 1395//1395 1394//1394 1397//1397
f 1396//1396 1399//1399 1394//1394
f 1398//1398 1397//1397 1426//1426
f 1400//1400 1401//1401 1399//1399
f 1426//1426 1427//1427 1398//1398
f 1428//1428 1401//1401 1402//1402
f 1429//1429 1430//1430 1427//1427
f 1431//1431 1403//1403 1373//1373
f 1432//1432 1433//1433 1434//1434
f 1405//1405 1376//1376 1435//1435
f 1436//1436 1432//1432 1437//1437
f 1430//1430 1438//1438 1439//1439
f 1407//1407 1380//1380 1406//1406
f 1440//1440 1441//1441 1442//1442
f 1443//1443 1408//1408 1381//1381
f 1404//1404 1409//1409 1444//1444
f 1409//1409 1410//1410 1444//1444
f 1411//1411 1412//1412 1410//1410
f 1413//1413 1414//1414 1412//1412
f 1415//1415 1416//1416 1414//1414
f 1417//1417 1418//1418 1416//1416
f 1419//1419 1386//1386 1418//1418
f 1445//1445 1446//1446 1447//1447
f 1448//1448 1447//1447 1449//1449
f 1446//1446 1450//1450 1451//1451
f 1451//1451 1452//1452 1453//1453
f 1392//1392 1424//1424 1454//1454
f 1448//1448 1449//1449 1455//1455
f 1456//1456 1457//1457 1458//1458
f 1459//1459 1460//1460 1456//1456
f 1458//1458 1461//1461 1462//1462
f 1463//1463 1464//1464 1459//1459
f 1427//1427 1426//1426 1429//1429
f 1401//1401 1428//1428 1465//1465
f 1430//1430 1429//1429 1466//1466
f 1431//1431 1467//1467 1403//1403
f 1434//1434 1468//1468 1469//1469
f 1433//1433 1432//1432 1470//1470
f 1468//1468 1434//1434 1433//1433
f 1405//1405 1435//1435 1471//1471
f 1432//1432 1436//1436 1470//1470
f 1437//1437 1472//1472 1436//1436
f 1438//1438 1430//1430 1466//1466
f 1473//1473 1439//1439 1438//1438
f 1407//1407 1406//1406 1474//1474
f 1441//1441 1440//1440 1475//1475
f 1441//1441 1476//1476 1442//1442
f 1443//1443 1477//1477 1408//1408
f 1405//1405 1471//1471 1478//1478
f 1479//1479 1478//1478 1480//1480
f 1481//1481 1480//1480 1482//1482
f 1483//1483 1482//1482 1484//1484
f 1483//1483 1484//1484 1477//1477
f 1446//1446 1445//1445 1485//1485
f 1445//1445 1447//1447 1448//1448
f 1450//1450 1446//1446 1485//1485
f 1451//1451 1450//1450 1452//1452
f 1453//1453 1452//1452 1455//1455
f 1448//1448 1455//1455 1486//1486
f 1456//1456 1460//1460 1457//1457
f 1458//1458 1457//1457 1461//1461
f 1459//1459 1464//1464 1460//1460
f 1462//1462 1461//1461 1487//1487
f 1463//1463 1488//1488 1464//1464
f 1462//1462 1487//1487 1489//1489
f 1490//1490 1465//1465 1428//1428
f 1491//1491 1488//1488 1463//1463
f 1489//1489 1492//1492 1493//1493
f 1467//1467 1431//1431 1494//1494
f 1495//1495 1469//1469 1468//1468
f 1491//1491 1496//1496 1488//1488
f 1497//1497 1498//1498 1496//1496
f 1472//1472 1437//1437 1499//1499
f 1493//1493 1500//1500 1501//1501
f 1439//1439 1473//1473 1502//1502
f 1501//1501 1503//1503 1504//1504
f 1407//1407 1474//1474 1505//1505
f 1506//1506 1475//1475 1440//1440
f 1493//1493 1492//1492 1500//1500
f 1476//1476 1441//1441 1507//1507
f 1483//1483 1477//1477 1443//1443
f 1405//1405 1478//1478 1479//1479
f 1479//1479 1480//1480 1481//1481
f 1481//1481 1482//1482 1483//1483
f 1508//1508 1509//1509 1510//1510
f 1511//1511 1512//1512 1513//1513
f 1514//1514 1515//1515 1516//1516
f 1517//1517 1518//1518 1519//1519
f 1455//1455 1452//1452 1486//1486
f 1520//1520 1521//1521 1522//1522
f 1499//1499 1523//1523 1472//1472
f 1524//1524 1525//1525 1523//1523
f 1526//1526 1507//1507 1525//1525
f 1489//1489 1487//1487 1492//1492
f 1465//1465 1490//1490 1527//1527
f 1469//1469 1495//1495 1528//1528
f 1528//1528 1527//1527 1490//1490
f 1498//1498 1497//1497 1529//1529
f 1497//1497 1496//1496 1491//1491
f 1501//1501 1500//1500 1503//1503
f 1530//1530 1502//1502 1473//1473
f 1504//1504 1503//1503 1531//1531
f 1505//1505 1474//1474 1532//1532
f 1475//1475 1506//1506 1533//1533
f 1507//1507 1526//1526 1476//1476
f 1523//1523 1499//1499 1524//1524
f 1525//1525 1524//1524 1526//1526
f 1509//1509 1508//1508 1534//1534
f 1515//1515 1514//1514 1535//1535
f 1512//1512 1511//1511 1536//1536
f 1518//1518 1517//1517 1537//1537
f 1538//1538 1539//1539 1540//1540
f 1521//1521 1520//1520 1541//1541
f 1527//1527 1528//1528 1495//1495
f 1502//1502 1530//1530 1542//1542
f 1533//1533 1542//1542 1530//1530
f 1542//1542 1533//1533 1506//1506
f 1543//1543 1544//1544 1545//1545
f 1544//1544 1546//1546 1545//1545
f 1547//1547 1543//1543 1548//1548
f 1546//1546 1549//1549 1550//1550
f 1539//1539 1538//1538 1551//1551
f 1552//1552 1548//1548 1553//1553
f 1544//1544 1543//1543 1547//1547
f 1546//1546 1544//1544 1549//1549
f 1547//1547 1548//1548 1554//1554
f 1550//1550 1549//1549 1555//1555
f 1550//1550 1552//1552 1553//1553
f 1554//1554 1548//1548 1552//1552
f 1556//1556 1557//1557 1558//1558
f 1559//1559 1560//1560 1561//1561
f 1562//1562 1563//1563 1564//1564
f 1565//1565 1566//1566 1567//1567
f 1550//1550 1555//1555 1552//1552
f 1568//1568 1569//1569 1570//1570
f 1557//1557 1556//1556 1571//1571
f 1563//1563 1562//1562 1572//1572
f 1560//1560 1559//1559 1573//1573
f 1566//1566 1565//1565 1574//1574
f 1575//1575 1576//1576 1577//1577
f 1569//1569 1568//1568 1578//1578
f 1556//1556 1579//1579 1571//1571
f 1580//1580 1572//1572 1562//1562
f 1581//1581 1573//1573 1559//1559
f 1582//1582 1574//1574 1565//1565
f 1576//1576 1575//1575 1583//1583
f 1584//1584 1569//1569 1578//1578
f 1579//1579 1556//1556 1585//1585
f 1572//1572 1580//1580 1586//1586
f 1569//1569 1584//1584 1587//1587
f 1573//1573 1581//1581 1588//1588
f 1574//1574 1582//1582 1589//1589
f 1583//1583 1590//1590 1576//1576
f 1585//1585 1591//1591 1579//1579
f 1580//1580 1592//1592 1586//1586
f 1593//1593 1587//1587 1584//1584
f 1594//1594 1588//1588 1581//1581
f 1595//1595 1589//1589 1582//1582
f 1590//1590 1583//1583 1596//1596
f 1591//1591 1585//1585 1597//1597
f 1592//1592 1580//1580 1598//1598
f 1587//1587 1593//1593 1599//1599
f 1596//1596 1600//1600 1590//1590
f 1588//1588 1594//1594 1601//1601
f 1589//1589 1595//1595 1602//1602
f 1597//1597 1603//1603 1591//1591
f 1598//1598 1604//1604 1592//1592
f 1605//1605 1599//1599 1593//1593
f 1600//1600 1596//1596 1606//1606
f 1607//1607 1601//1601 1594//1594
f 1608//1608 1602//1602 1595//1595
f 1603//1603 1597//1597 1609//1609
f 1604//1604 1598//1598 1610//1610
f 1599//1599 1605//1605 1611//1611
f 1606//1606 1612//1612 1600//1600
f 1601//1601 1607//1607 1613//1613
f 1602//1602 1608//1608 1614//1614
f 1609//1609 1615//1615 1603//1603
f 1610//1610 1616//1616 1604//1604
f 1617//1617 1611//1611 1605//1605
f 1612//1612 1606//1606 1618//1618
f 1619//1619 1613//1613 1607//1607
f 1620//1620 1614//1614 1608//1608
f 1615//1615 1609//1609 1621//1621
f 1616//1616 1610//1610 1622//1622
f 1611//1611 1617//1617 1623//1623
f 1618//1618 1624//1624 1612//1612
f 1613//1613 1619//1619 1625//1625
f 1614//1614 1620//1620 1626//1626
f 1621//1621 1627//1627 1615//1615
f 1622//1622 1628//1628 1616//1616
f 1629//1629 1623//1623 1617//1617
f 1624//1624 1618//1618 1630//1630
f 1631//1631 1625//1625 1619//1619
f 1632//1632 1626//1626 1620//1620
f 1627//1627 1621//1621 1633//1633
f 1628//1628 1622//1622 1634//1634
f 1623//1623 1629//1629 1635//1635
f 1630//1630 1636//1636 1624//1624
f 1625//1625 1631//1631 1637//1637
f 1626//1626 1632//1632 1638//1638
f 1639//1639 1627//1627 1633//1633
f 1640//1640 1628//1628 1634//1634
f 1629//1629 1641//1641 1635//1635
f 1636//1636 1630//1630 1642//1642
f 1631//1631 1643//1643 1637//1637
f 1644//1644 1638//1638 1632//1632
f 1627//1627 1639//1639 1645//1645
f 1628//1628 1640//1640 1646//1646
f 1641//1641 1629//1629 1647//1647
f 1642//1642 1648//1648 1636//1636
f 1643//1643 1631//1631 1649//1649
f 1638//1638 1644//1644 1650//1650
f 1651//1651 1645//1645 1639//1639
f 1652//1652 1646//1646 1640//1640
f 1647//1647 1653//1653 1641//1641
f 1648//1648 1642//1642 1654//1654
f 1649//1649 1655//1655 1643//1643
f 1656//1656 1650//1650 1644//1644
f 1645//1645 1651//1651 1657//1657
f 1646//1646 1652//1652 1658//1658
f 1653//1653 1647//1647 1659//1659
f 1654//1654 1660//1660 1648//1648
f 1655//1655 1649//1649 1661//1661
f 1650//1650 1656//1656 1662//1662
f 1663//1663 1664//1664 1665//1665
f 1666//1666 1667//1667 1668//1668
f 1669//1669 1670//1670 1671//1671
f 1660//1660 1654//1654 1672//1672
f 1673//1673 1674//1674 1675//1675
f 1676//1676 1677//1677 1678//1678
f 1664//1664 1663//1663 1679//1679
f 1674//1674 1673//1673 1680//1680
f 1667//1667 1666//1666 1681//1681
f 1670//1670 1669//1669 1682//1682
f 1683//1683 1684//1684 1685//1685
f 1677//1677 1676//1676 1686//1686
f 1687//1687 1688//1688 1689//1689
f 1688//1688 1687//1687 1690//1690
f 1691//1691 1690//1690 1692//1692
f 1684//1684 1683//1683 1693//1693
f 1688//1688 1690//1690 1691//1691
f 1694//1694 1695//1695 1696//1696
f 1697//1697 1696//1696 1695//1695
f 1698//1698 1699//1699 1700//1700
f 1696//1696 1701//1701 1694//1694
f 1702//1702 1703//1703 1704//1704
f 1695//1695 1705//1705 1697//1697
f 1699//1699 1706//1706 1700//1700
f 1707//1707 1699//1699 1698//1698
f 1708//1708 1694//1694 1701//1701
f 1709//1709 1702//1702 1704//1704
f 1703//1703 1710//1710 1704//1704
f 1711//1711 1697//1697 1705//1705
f 1700//1700 1706//1706 1712//1712
f 1713//1713 1714//1714 1715//1715
f 1716//1716 1699//1699 1707//1707
f 1701//1701 1717//1717 1708//1708
f 1718//1718 1709//1709 1704//1704
f 1710//1710 1719//1719 1704//1704
f 1705//1705 1720//1720 1711//1711
f 1706//1706 1721//1721 1712//1712
f 1722//1722 1715//1715 1714//1714
f 1713//1713 1723//1723 1714//1714
f 1724//1724 1716//1716 1707//1707
f 1725//1725 1708//1708 1717//1717
f 1726//1726 1718//1718 1704//1704
f 1719//1719 1727//1727 1704//1704
f 1728//1728 1711//1711 1720//1720
f 1712//1712 1721//1721 1729//1729
f 1715//1715 1722//1722 1730//1730
f 1731//1731 1732//1732 1733//1733
f 1734//1734 1714//1714 1723//1723
f 1735//1735 1716//1716 1724//1724
f 1725//1725 1717//1717 1736//1736
f 1737//1737 1736//1736 1717//1717
f 1738//1738 1726//1726 1704//1704
f 1704//1704 1727//1727 1739//1739
f 1740//1740 1728//1728 1741//1741
f 1720//1720 1741//1741 1728//1728
f 1721//1721 1742//1742 1729//1729
f 1743//1743 1730//1730 1722//1722
f 1744//1744 1733//1733 1732//1732
f 1733//1733 1745//1745 1731//1731
f 1732//1732 1746//1746 1744//1744
f 1723//1723 1747//1747 1734//1734
f 1748//1748 1735//1735 1724//1724
f 1736//1736 1737//1737 1749//1749
f 1750//1750 1749//1749 1737//1737
f 1751//1751 1738//1738 1704//1704
f 1752//1752 1739//1739 1727//1727
f 1753//1753 1754//1754 1755//1755
f 1740//1740 1741//1741 1756//1756
f 1729//1729 1742//1742 1757//1757
f 1730//1730 1743//1743 1758//1758
f 1759//1759 1731//1731 1745//1745
f 1760//1760 1761//1761 1762//1762
f 1763//1763 1760//1760 1764//1764
f 1765//1765 1744//1744 1746//1746
f 1766//1766 1734//1734 1747//1747
f 1767//1767 1735//1735 1748//1748
f 1749//1749 1750//1750 1768//1768
f 1769//1769 1768//1768 1750//1750
f 1704//1704 1770//1770 1751//1751
f 1771//1771 1739//1739 1752//1752
f 1772//1772 1755//1755 1754//1754
f 1773//1773 1774//1774 1775//1775
f 1776//1776 1756//1756 1741//1741
f 1757//1757 1742//1742 1777//1777
f 1778//1778 1758//1758 1743//1743
f 1745//1745 1779//1779 1759//1759
f 1780//1780 1762//1762 1761//1761
f 1762//1762 1764//1764 1760//1760
f 1764//1764 1781//1781 1763//1763
f 1782//1782 1783//1783 1761//1761
f 1746//1746 1784//1784 1765//1765
f 1747//1747 1785//1785 1766//1766
f 1786//1786 1735//1735 1767//1767
f 1768//1768 1769//1769 1787//1787
f 1751//1751 1770//1770 1788//1788
f 1789//1789 1770//1770 1704//1704
f 1790//1790 1739//1739 1771//1771
f 1756//1756 1776//1776 1791//1791
f 1792//1792 1793//1793 1794//1794
f 1795//1795 1796//1796 1797//1797
f 1798//1798 1775//1775 1774//1774
f 1777//1777 1742//1742 1799//1799
f 1758//1758 1778//1778 1800//1800
f 1801//1801 1759//1759 1779//1779
f 1802//1802 1763//1763 1781//1781
f 1803//1803 1804//1804 1805//1805
f 1780//1780 1761//1761 1783//1783
f 1806//1806 1803//1803 1807//1807
f 1808//1808 1806//1806 1809//1809
f 1783//1783 1782//1782 1810//1810
f 1811//1811 1765//1765 1784//1784
f 1812//1812 1766//1766 1785//1785
f 1813//1813 1735//1735 1786//1786
f 1814//1814 1787//1787 1769//1769
f 1786//1786 1815//1815 1816//1816
f 1788//1788 1770//1770 1817//1817
f 1818//1818 1819//1819 1820//1820
f 1821//1821 1822//1822 1823//1823
f 1790//1790 1824//1824 1739//1739
f 1791//1791 1825//1825 1826//1826
f 1825//1825 1791//1791 1776//1776
f 1794//1794 1793//1793 1827//1827
f 1828//1828 1792//1792 1794//1794
f 1829//1829 1797//1797 1796//1796
f 1830//1830 1827//1827 1793//1793
f 1831//1831 1792//1792 1832//1832
f 1742//1742 1833//1833 1799//1799
f 1834//1834 1800//1800 1778//1778
f 1779//1779 1835//1835 1801//1801
f 1781//1781 1836//1836 1802//1802
f 1837//1837 1805//1805 1804//1804
f 1805//1805 1807//1807 1803//1803
f 1804//1804 1838//1838 1837//1837
f 1807//1807 1809//1809 1806//1806
f 1809//1809 1839//1839 1808//1808
f 1840//1840 1810//1810 1782//1782
f 1838//1838 1841//1841 1842//1842
f 1811//1811 1784//1784 1843//1843
f 1844//1844 1843//1843 1784//1784
f 1785//1785 1845//1845 1812//1812
f 1846//1846 1813//1813 1786//1786
f 1787//1787 1814//1814 1847//1847
f 1815//1815 1848//1848 1816//1816
f 1846//1846 1786//1786 1816//1816
f 1817//1817 1770//1770 1849//1849
f 1850//1850 1847//1847 1814//1814
f 1820//1820 1819//1819 1851//1851
f 1852//1852 1823//1823 1822//1822
f 1824//1824 1853//1853 1739//1739
f 1854//1854 1855//1855 1819//1819
f 1826//1826 1856//1856 1857//1857
f 1856//1856 1826//1826 1825//1825
f 1858//1858 1859//1859 1860//1860
f 1832//1832 1792//1792 1828//1828
f 1861//1861 1862//1862 1863//1863
f 1864//1864 1865//1865 1866//1866
f 1867//1867 1739//1739 1853//1853
f 1830//1830 1868//1868 1827//1827
f 1831//1831 1832//1832 1869//1869
f 1799//1799 1833//1833 1870//1870
f 1800//1800 1834//1834 1871//1871
f 1872//1872 1801//1801 1835//1835
f 1873//1873 1802//1802 1836//1836
f 1874//1874 1808//1808 1839//1839
f 1875//1875 1876//1876 1877//1877
f 1877//1877 1878//1878 1879//1879
f 1842//1842 1837//1837 1838//1838
f 1879//1879 1880//1880 1881//1881
f 1881//1881 1882//1882 1883//1883
f 1810//1810 1840//1840 1884//1884
f 1885//1885 1842//1842 1841//1841
f 1886//1886 1884//1884 1840//1840
f 1843//1843 1844//1844 1887//1887
f 1888//1888 1812//1812 1845//1845
f 1889//1889 1813//1813 1890//1890
f 1890//1890 1813//1813 1846//1846
f 1848//1848 1891//1891 1816//1816
f 1892//1892 1893//1893 1894//1894
f 1849//1849 1770//1770 1895//1895
f 1896//1896 1897//1897 1850//1850
f 1847//1847 1850//1850 1897//1897
f 1851//1851 1819//1819 1898//1898
f 1899//1899 1900//1900 1901//1901
f 1902//1902 1853//1853 1824//1824
f 1903//1903 1819//1819 1855//1855
f 1904//1904 1857//1857 1856//1856
f 1859//1859 1905//1905 1860//1860
f 1906//1906 1859//1859 1858//1858
f 1907//1907 1908//1908 1909//1909
f 1910//1910 1863//1863 1862//1862
f 1862//1862 1861//1861 1911//1911
f 1912//1912 1866//1866 1865//1865
f 1913//1913 1827//1827 1868//1868
f 1832//1832 1914//1914 1869//1869
f 1870//1870 1833//1833 1915//1915
f 1916//1916 1871//1871 1834//1834
f 1833//1833 1917//1917 1915//1915
f 1872//1872 1835//1835 1918//1918
f 1836//1836 1919//1919 1873//1873
f 1874//1874 1839//1839 1920//1920
f 1876//1876 1878//1878 1877//1877
f 1921//1921 1876//1876 1875//1875
f 1878//1878 1880//1880 1879//1879
f 1880//1880 1882//1882 1881//1881
f 1883//1883 1882//1882 1922//1922
f 1923//1923 1924//1924 1841//1841
f 1925//1925 1926//1926 1921//1921
f 1885//1885 1841//1841 1924//1924
f 1884//1884 1886//1886 1927//1927
f 1928//1928 1887//1887 1844//1844
f 1929//1929 1927//1927 1886//1886
f 1845//1845 1930//1930 1888//1888
f 1931//1931 1889//1889 1890//1890
f 1894//1894 1932//1932 1933//1933
f 1816//1816 1891//1891 1934//1934
f 1932//1932 1894//1894 1893//1893
f 1893//1893 1892//1892 1935//1935
f 1895//1895 1770//1770 1936//1936
f 1896//1896 1937//1937 1897//1897
f 1898//1898 1819//1819 1938//1938
f 1939//1939 1901//1901 1900//1900
f 1869//1869 1913//1913 1868//1868
f 1940//1940 1853//1853 1902//1902
f 1857//1857 1904//1904 1941//1941
f 1942//1942 1819//1819 1903//1903
f 1943//1943 1870//1870 1944//1944
f 1945//1945 1860//1860 1905//1905
f 1946//1946 1947//1947 1948//1948
f 1949//1949 1950//1950 1951//1951
f 1952//1952 1906//1906 1858//1858
f 1909//1909 1908//1908 1953//1953
f 1954//1954 1907//1907 1909//1909
f 1955//1955 1953//1953 1908//1908
f 1956//1956 1910//1910 1862//1862
f 1957//1957 1911//1911 1861//1861
f 1958//1958 1959//1959 1960//1960
f 1961//1961 1962//1962 1963//1963
f 1914//1914 1913//1913 1869//1869
f 1964//1964 1965//1965 1966//1966
f 1915//1915 1944//1944 1870//1870
f 1871//1871 1916//1916 1967//1967
f 1915//1915 1917//1917 1968//1968
f 1969//1969 1918//1918 1835//1835
f 1970//1970 1873//1873 1919//1919
f 1971//1971 1920//1920 1839//1839
f 1972//1972 1973//1973 1974//1974
f 1926//1926 1876//1876 1921//1921
f 1974//1974 1975//1975 1976//1976
f 1976//1976 1977//1977 1978//1978
f 1922//1922 1882//1882 1979//1979
f 1924//1924 1923//1923 1980//1980
f 1981//1981 1926//1926 1925//1925
f 1982//1982 1981//1981 1925//1925
f 1983//1983 1980//1980 1923//1923
f 1887//1887 1928//1928 1984//1984
f 1927//1927 1929//1929 1985//1985
f 1986//1986 1888//1888 1930//1930
f 1933//1933 1987//1987 1930//1930
f 1987//1987 1933//1933 1932//1932
f 1891//1891 1988//1988 1934//1934
f 1989//1989 1935//1935 1892//1892
f 1990//1990 1991//1991 1992//1992
f 1990//1990 1993//1993 1991//1991
f 1936//1936 1770//1770 1994//1994
f 1937//1937 1995//1995 1996//1996
f 1996//1996 1897//1897 1937//1937
f 1938//1938 1819//1819 1997//1997
f 1770//1770 1853//1853 1940//1940
f 1941//1941 1998//1998 1999//1999
f 1998//1998 1941//1941 1904//1904
f 2000//2000 1819//1819 1942//1942
f 2001//2001 1943//1943 1944//1944
f 1945//1945 1905//1905 1952//1952
f 2002//2002 1948//1948 1947//1947
f 2003//2003 1951//1951 1950//1950
f 2004//2004 2005//2005 2006//2006
f 1906//1906 1952//1952 2007//2007
f 1963//1963 2008//2008 2009//2009
f 2010//2010 2011//2011 2012//2012
f 2013//2013 1907//1907 1954//1954
f 2014//2014 2015//2015 2016//2016
f 1955//1955 2017//2017 1953//1953
f 2018//2018 1910//1910 1956//1956
f 2019//2019 2020//2020 2021//2021
f 2018//2018 1911//1911 1957//1957
f 2022//2022 1960//1960 1959//1959
f 2023//2023 2024//2024 2025//2025
f 2008//2008 1963//1963 1962//1962
f 2026//2026 1962//1962 1961//1961
f 2027//2027 2028//2028 2029//2029
f 2030//2030 1966//1966 1965//1965
f 2031//2031 1964//1964 1966//1966
f 2032//2032 2033//2033 2034//2034
f 2035//2035 1967//1967 1916//1916
f 1917//1917 2036//2036 1968//1968
f 2033//2033 2037//2037 2038//2038
f 1918//1918 1969//1969 2039//2039
f 1919//1919 2040//2040 1970//1970
f 1920//1920 1971//1971 2041//2041
f 1975//1975 1974//1974 1973//1973
f 1972//1972 2042//2042 1973//1973
f 1977//1977 1976//1976 1975//1975
f 2043//2043 1978//1978 1977//1977
f 1882//1882 2044//2044 1979//1979
f 2045//2045 2041//2041 1971//1971
f 2046//2046 1981//1981 1982//1982
f 2042//2042 2047//2047 2048//2048
f 1980//1980 1983//1983 2049//2049
f 2050//2050 1984//1984 1928//1928
f 2051//2051 1985//1985 1929//1929
f 2052//2052 2049//2049 1983//1983
f 1986//1986 1930//1930 1987//1987
f 1992//1992 2053//2053 2054//2054
f 1934//1934 1988//1988 2055//2055
f 1935//1935 1989//1989 2056//2056
f 2053//2053 1992//1992 1991//1991
f 2057//2057 1991//1991 1993//1993
f 1994//1994 1770//1770 2058//2058
f 1995//1995 2059//2059 2060//2060
f 2060//2060 1996//1996 1995//1995
f 1997//1997 1819//1819 2061//2061
f 2062//2062 1770//1770 1940//1940
f 2063//2063 1999//1999 1998//1998
f 2064//2064 1943//1943 2001//2001
f 2061//2061 1819//1819 2000//2000
f 2065//2065 1999//1999 2066//2066
f 2067//2067 2032//2032 2068//2068
f 2007//2007 1952//1952 1905//1905
f 2069//2069 2070//2070 2071//2071
f 2072//2072 2073//2073 2074//2074
f 2075//2075 2006//2006 2005//2005
f 2076//2076 2009//2009 2008//2008
f 2077//2077 2012//2012 2011//2011
f 2078//2078 2016//2016 2015//2015
f 1907//1907 2013//2013 2017//2017
f 2079//2079 2080//2080 2081//2081
f 2013//2013 1953//1953 2017//2017
f 2082//2082 2083//2083 2084//2084
f 1910//1910 2018//2018 1957//1957
f 2085//2085 2086//2086 2087//2087
f 2088//2088 2021//2021 2020//2020
f 2089//2089 2025//2025 2024//2024
f 2090//2090 2091//2091 2092//2092
f 2093//2093 2094//2094 2095//2095
f 2096//2096 2026//2026 1961//1961
f 2097//2097 2029//2029 2028//2028
f 2028//2028 2027//2027 2098//2098
f 1966//1966 2030//2030 2099//2099
f 2100//2100 1964//1964 2031//2031
f 2101//2101 2102//2102 2103//2103
f 2038//2038 2034//2034 2033//2033
f 2034//2034 2068//2068 2032//2032
f 1967//1967 2035//2035 2104//2104
f 2105//2105 1968//1968 2036//2036
f 2106//2106 2038//2038 2037//2037
f 2107//2107 2039//2039 1969//1969
f 2108//2108 1970//1970 2040//2040
f 2109//2109 2110//2110 2111//2111
f 2048//2048 1973//1973 2042//2042
f 2112//2112 2109//2109 2113//2113
f 1978//1978 2043//2043 2114//2114
f 2115//2115 2112//2112 2116//2116
f 1979//1979 2044//2044 2117//2117
f 2041//2041 2045//2045 2118//2118
f 2119//2119 1981//1981 2046//2046
f 2120//2120 2048//2048 2047//2047
f 1984//1984 2050//2050 2121//2121
f 2051//2051 2122//2122 1985//1985
f 2049//2049 2052//2052 2123//2123
f 2054//2054 2121//2121 2050//2050
f 2121//2121 2054//2054 2053//2053
f 1988//1988 2124//2124 2055//2055
f 2125//2125 2056//2056 1989//1989
f 1993//1993 2126//2126 2057//2057
f 2127//2127 2128//2128 2129//2129
f 2128//2128 2130//2130 2131//2131
f 2058//2058 1770//1770 2062//2062
f 2059//2059 2132//2132 2133//2133
f 2133//2133 2060//2060 2059//2059
f 2063//2063 2066//2066 1999//1999
f 2134//2134 2064//2064 2001//2001
f 2132//2132 2065//2065 2135//2135
f 2066//2066 2135//2135 2065//2065
f 2068//2068 2136//2136 2067//2067
f 2137//2137 2074//2074 2073//2073
f 2138//2138 2071//2071 2070//2070
f 2084//2084 2069//2069 2071//2071
f 2139//2139 2140//2140 2070//2070
f 2096//2096 2076//2076 2008//2008
f 2141//2141 2142//2142 2143//2143
f 2144//2144 2081//2081 2080//2080
f 2145//2145 2143//2143 2142//2142
f 2083//2083 2069//2069 2084//2084
f 2146//2146 2082//2082 2084//2084
f 2147//2147 2087//2087 2086//2086
f 2148//2148 2092//2092 2091//2091
f 2149//2149 2095//2095 2094//2094
f 2150//2150 2151//2151 2152//2152
f 2076//2076 2096//2096 1961//1961
f 2153//2153 2097//2097 2028//2028
f 2154//2154 2098//2098 2027//2027
f 2155//2155 2156//2156 2157//2157
f 2158//2158 2099//2099 2030//2030
f 2159//2159 2160//2160 2161//2161
f 2158//2158 1964//1964 2100//2100
f 2162//2162 2163//2163 2164//2164
f 2165//2165 2103//2103 2102//2102
f 2166//2166 2167//2167 2168//2168
f 2169//2169 2168//2168 2170//2170
f 2171//2171 2104//2104 2035//2035
f 2037//2037 2104//2104 2106//2106
f 2172//2172 2173//2173 2166//2166
f 2039//2039 2107//2107 2174//2174
f 2040//2040 2175//2175 2108//2108
f 2176//2176 2111//2111 2110//2110
f 2111//2111 2113//2113 2109//2109
f 2110//2110 2177//2177 2176//2176
f 2113//2113 2116//2116 2112//2112
f 2178//2178 2114//2114 2043//2043
f 2116//2116 2179//2179 2115//2115
f 2117//2117 2044//2044 2180//2180
f 2181//2181 2118//2118 2045//2045
f 2182//2182 1981//1981 2119//2119
f 2177//2177 2183//2183 2184//2184
f 2047//2047 2185//2185 2120//2120
f 2186//2186 1985//1985 2122//2122
f 2187//2187 2123//2123 2052//2052
f 2119//2119 2188//2188 2189//2189
f 2122//2122 2127//2127 2186//2186
f 2055//2055 2124//2124 2190//2190
f 2056//2056 2125//2125 2191//2191
f 2192//2192 2057//2057 2126//2126
f 2131//2131 2129//2129 2128//2128
f 2129//2129 2186//2186 2127//2127
f 2193//2193 2131//2131 2130//2130
f 2135//2135 2133//2133 2132//2132
f 2124//2124 2194//2194 2190//2190
f 2195//2195 2134//2134 2001//2001
f 2196//2196 2195//2195 2197//2197
f 2198//2198 2067//2067 2136//2136
f 2199//2199 2169//2169 2200//2200
f 2201//2201 2202//2202 2203//2203
f 2138//2138 2070//2070 2140//2140
f 2204//2204 2205//2205 2206//2206
f 2207//2207 2140//2140 2139//2139
f 2208//2208 2209//2209 2210//2210
f 2146//2146 2207//2207 2082//2082
f 2211//2211 2212//2212 2213//2213
f 2214//2214 2152//2152 2151//2151
f 2215//2215 2097//2097 2153//2153
f 2216//2216 2217//2217 2218//2218
f 2215//2215 2098//2098 2154//2154
f 2219//2219 2157//2157 2156//2156
f 2220//2220 2221//2221 2222//2222
f 2100//2100 2099//2099 2158//2158
f 2082//2082 2207//2207 2223//2223
f 2224//2224 2161//2161 2160//2160
f 2225//2225 2164//2164 2163//2163
f 2226//2226 2168//2168 2167//2167
f 2167//2167 2166//2166 2173//2173
f 2226//2226 2170//2170 2168//2168
f 2170//2170 2200//2200 2169//2169
f 2171//2171 2106//2106 2104//2104
f 2173//2173 2172//2172 2227//2227
f 2227//2227 2174//2174 2107//2107
f 2228//2228 2108//2108 2175//2175
f 2229//2229 2230//2230 2231//2231
f 2232//2232 2229//2229 2233//2233
f 2184//2184 2176//2176 2177//2177
f 2234//2234 2232//2232 2235//2235
f 2114//2114 2178//2178 2236//2236
f 2237//2237 2115//2115 2179//2179
f 2238//2238 2234//2234 2239//2239
f 2044//2044 2240//2240 2180//2180
f 2180//2180 2241//2241 2117//2117
f 2118//2118 2181//2181 2242//2242
f 2243//2243 2182//2182 2119//2119
f 2244//2244 2184//2184 2183//2183
f 2245//2245 2120//2120 2185//2185
f 2123//2123 2187//2187 2246//2246
f 2188//2188 2247//2247 2189//2189
f 2243//2243 2119//2119 2189//2189
f 2248//2248 2191//2191 2125//2125
f 2126//2126 2249//2249 2192//2192
f 2130//2130 2250//2250 2193//2193
f 2251//2251 2252//2252 2253//2253
f 2253//2253 2246//2246 2187//2187
f 2251//2251 2254//2254 2252//2252
f 2194//2194 2196//2196 2190//2190
f 2197//2197 2195//2195 2001//2001
f 2190//2190 2196//2196 2197//2197
f 2136//2136 2191//2191 2198//2198
f 2200//2200 2255//2255 2199//2199
f 2256//2256 2203//2203 2202//2202
f 2257//2257 2258//2258 2259//2259
f 2260//2260 2259//2259 2258//2258
f 2261//2261 2206//2206 2205//2205
f 2262//2262 2263//2263 2264//2264
f 2223//2223 2207//2207 2139//2139
f 2265//2265 2210//2210 2209//2209
f 2266//2266 2267//2267 2268//2268
f 2269//2269 2213//2213 2212//2212
f 2097//2097 2215//2215 2154//2154
f 2270//2270 2271//2271 2272//2272
f 2273//2273 2218//2218 2217//2217
f 2274//2274 2222//2222 2221//2221
f 2275//2275 2276//2276 2277//2277
f 2278//2278 2277//2277 2276//2276
f 2279//2279 2280//2280 2281//2281
f 2282//2282 2283//2283 2279//2279
f 2281//2281 2284//2284 2285//2285
f 2285//2285 2286//2286 2287//2287
f 2174//2174 2227//2227 2172//2172
f 2228//2228 2175//2175 2282//2282
f 2288//2288 2231//2231 2230//2230
f 2231//2231 2233//2233 2229//2229
f 2233//2233 2235//2235 2232//2232
f 2289//2289 2290//2290 2230//2230
f 2235//2235 2239//2239 2234//2234
f 2291//2291 2236//2236 2178//2178
f 2237//2237 2179//2179 2292//2292
f 2239//2239 2293//2293 2238//2238
f 2180//2180 2240//2240 2294//2294
f 2295//2295 2117//2117 2241//2241
f 2296//2296 2297//2297 2298//2298
f 2299//2299 2242//2242 2181//2181
f 2283//2283 2282//2282 2175//2175
f 2300//2300 2182//2182 2243//2243
f 2301//2301 2302//2302 2289//2289
f 2244//2244 2183//2183 2303//2303
f 2304//2304 2303//2303 2183//2183
f 2185//2185 2305//2305 2245//2245
f 2247//2247 2306//2306 2189//2189
f 2307//2307 2308//2308 2309//2309
f 2248//2248 2198//2198 2191//2191
f 2255//2255 2192//2192 2249//2249
f 2310//2310 2193//2193 2250//2250
f 2246//2246 2253//2253 2252//2252
f 2311//2311 2252//2252 2254//2254
f 2249//2249 2199//2199 2255//2255
f 2287//2287 2312//2312 2313//2313
f 2314//2314 2315//2315 2316//2316
f 2314//2314 2317//2317 2315//2315
f 2318//2318 2316//2316 2319//2319
f 2320//2320 2264//2264 2263//2263
f 2321//2321 2268//2268 2267//2267
f 2322//2322 2318//2318 2323//2323
f 2324//2324 2272//2272 2271//2271
f 2284//2284 2281//2281 2280//2280
f 2280//2280 2279//2279 2283//2283
f 2286//2286 2285//2285 2284//2284
f 2312//2312 2287//2287 2286//2286
f 2325//2325 2326//2326 2327//2327
f 2288//2288 2230//2230 2290//2290
f 2328//2328 2325//2325 2329//2329
f 2330//2330 2328//2328 2331//2331
f 2290//2290 2289//2289 2302//2302
f 2332//2332 2330//2330 2333//2333
f 2236//2236 2291//2291 2334//2334
f 2335//2335 2292//2292 2179//2179
f 2336//2336 2238//2238 2293//2293
f 2332//2332 2333//2333 2337//2337
f 2240//2240 2338//2338 2294//2294
f 2297//2297 2339//2339 2340//2340
f 2341//2341 2295//2295 2241//2241
f 2340//2340 2298//2298 2297//2297
f 2298//2298 2342//2342 2296//2296
f 2242//2242 2299//2299 2343//2343
f 2344//2344 2182//2182 2300//2300
f 2309//2309 2345//2345 2346//2346
f 2302//2302 2301//2301 2347//2347
f 2348//2348 2347//2347 2301//2301
f 2303//2303 2304//2304 2349//2349
f 2350//2350 2245//2245 2305//2305
f 2189//2189 2306//2306 2351//2351
f 2345//2345 2309//2309 2308//2308
f 2308//2308 2307//2307 2352//2352
f 2250//2250 2313//2313 2310//2310
f 2254//2254 2353//2353 2311//2311
f 2306//2306 2354//2354 2351//2351
f 2355//2355 2313//2313 2312//2312
f 2319//2319 2316//2316 2315//2315
f 2356//2356 2315//2315 2317//2317
f 2357//2357 2318//2318 2319//2319
f 2358//2358 2356//2356 2317//2317
f 2322//2322 2323//2323 2358//2358
f 2323//2323 2318//2318 2357//2357
f 2343//2343 2359//2359 2360//2360
f 2361//2361 2360//2360 2362//2362
f 2363//2363 2361//2361 2364//2364
f 2365//2365 2327//2327 2326//2326
f 2327//2327 2329//2329 2325//2325
f 2326//2326 2366//2366 2365//2365
f 2329//2329 2331//2331 2328//2328
f 2331//2331 2333//2333 2330//2330
f 2366//2366 2367//2367 2368//2368
f 2369//2369 2334//2334 2291//2291
f 2292//2292 2335//2335 2370//2370
f 2293//2293 2371//2371 2336//2336
f 2372//2372 2337//2337 2333//2333
f 2373//2373 2294//2294 2338//2338
f 2374//2374 2340//2340 2339//2339
f 2375//2375 2295//2295 2341//2341
f 2376//2376 2296//2296 2342//2342
f 2377//2377 2378//2378 2379//2379
f 2380//2380 2379//2379 2381//2381
f 2359//2359 2343//2343 2299//2299
f 2382//2382 2344//2344 2300//2300
f 2383//2383 2346//2346 2345//2345
f 2384//2384 2385//2385 2367//2367
f 2347//2347 2348//2348 2386//2386
f 2387//2387 2349//2349 2304//2304
f 2388//2388 2386//2386 2348//2348
f 2305//2305 2389//2389 2350//2350
f 2390//2390 2352//2352 2307//2307
f 2391//2391 2392//2392 2393//2393
f 2391//2391 2394//2394 2392//2392
f 2355//2355 2310//2310 2313//2313
f 2395//2395 2311//2311 2353//2353
f 2351//2351 2354//2354 2396//2396
f 2397//2397 2363//2363 2398//2398
f 2399//2399 2400//2400 2401//2401
f 2402//2402 2403//2403 2404//2404
f 2405//2405 2406//2406 2407//2407
f 2408//2408 2356//2356 2358//2358
f 2323//2323 2408//2408 2358//2358
f 2409//2409 2410//2410 2411//2411
f 2412//2412 2360//2360 2359//2359
f 2412//2412 2362//2362 2360//2360
f 2362//2362 2364//2364 2361//2361
f 2364//2364 2398//2398 2363//2363
f 2413//2413 2414//2414 2415//2415
f 2415//2415 2416//2416 2417//2417
f 2368//2368 2365//2365 2366//2366
f 2417//2417 2418//2418 2419//2419
f 2419//2419 2420//2420 2421//2421
f 2422//2422 2368//2368 2367//2367
f 2334//2334 2369//2369 2423//2423
f 2424//2424 2370//2370 2335//2335
f 2425//2425 2336//2336 2371//2371
f 2337//2337 2372//2372 2426//2426
f 2421//2421 2420//2420 2427//2427
f 2339//2339 2423//2423 2374//2374
f 2428//2428 2429//2429 2377//2377
f 2430//2430 2375//2375 2341//2341
f 2342//2342 2431//2431 2376//2376
f 2432//2432 2379//2379 2378//2378
f 2378//2378 2377//2377 2429//2429
f 2432//2432 2381//2381 2379//2379
f 2381//2381 2433//2433 2380//2380
f 2346//2346 2383//2383 2389//2389
f 2393//2393 2434//2434 2435//2435
f 2422//2422 2367//2367 2385//2385
f 2385//2385 2384//2384 2436//2436
f 2437//2437 2436//2436 2384//2384
f 2349//2349 2387//2387 2438//2438
f 2386//2386 2388//2388 2439//2439
f 2440//2440 2350//2350 2389//2389
f 2352//2352 2390//2390 2441//2441
f 2434//2434 2393//2393 2392//2392
f 2442//2442 2392//2392 2394//2394
f 2353//2353 2397//2397 2395//2395
f 2354//2354 2443//2443 2396//2396
f 2444//2444 2441//2441 2390//2390
f 2398//2398 2395//2395 2397//2397
f 2445//2445 2401//2401 2400//2400
f 2446//2446 2407//2407 2406//2406
f 2447//2447 2404//2404 2403//2403
f 2448//2448 2449//2449 2450//2450
f 2451//2451 2452//2452 2453//2453
f 2454//2454 2411//2411 2410//2410
f 2455//2455 2430//2430 2341//2341
f 2456//2456 2455//2455 2457//2457
f 2458//2458 2456//2456 2459//2459
f 2414//2414 2416//2416 2415//2415
f 2460//2460 2414//2414 2413//2413
f 2416//2416 2418//2418 2417//2417
f 2418//2418 2420//2420 2419//2419
f 2461//2461 2462//2462 2460//2460
f 2463//2463 2423//2423 2369//2369
f 2370//2370 2424//2424 2464//2464
f 2371//2371 2465//2465 2425//2425
f 2466//2466 2426//2426 2372//2372
f 2420//2420 2467//2467 2427//2427
f 2463//2463 2374//2374 2423//2423
f 2429//2429 2428//2428 2468//2468
f 2469//2469 2376//2376 2431//2431
f 2470//2470 2380//2380 2433//2433
f 2471//2471 2472//2472 2473//2473
f 2474//2474 2475//2475 2471//2471
f 2473//2473 2476//2476 2477//2477
f 2477//2477 2478//2478 2479//2479
f 2440//2440 2389//2389 2383//2383
f 2480//2480 2435//2435 2434//2434
f 2481//2481 2482//2482 2461//2461
f 2483//2483 2482//2482 2481//2481
f 2436//2436 2437//2437 2484//2484
f 2485//2485 2438//2438 2387//2387
f 2486//2486 2439//2439 2388//2388
f 2487//2487 2484//2484 2437//2437
f 2394//2394 2488//2488 2442//2442
f 2489//2489 2490//2490 2491//2491
f 2490//2490 2492//2492 2493//2493
f 2396//2396 2443//2443 2459//2459
f 2441//2441 2444//2444 2494//2494
f 2443//2443 2458//2458 2459//2459
f 2495//2495 2496//2496 2497//2497
f 2498//2498 2497//2497 2499//2499
f 2495//2495 2500//2500 2496//2496
f 2501//2501 2450//2450 2449//2449
f 2502//2502 2453//2453 2452//2452
f 2503//2503 2498//2498 2504//2504
f 2457//2457 2455//2455 2341//2341
f 2459//2459 2456//2456 2457//2457
f 2505//2505 2506//2506 2507//2507
f 2462//2462 2414//2414 2460//2460
f 2508//2508 2505//2505 2509//2509
f 2510//2510 2508//2508 2511//2511
f 2482//2482 2462//2462 2461//2461
f 2468//2468 2464//2464 2424//2424
f 2512//2512 2425//2425 2465//2465
f 2426//2426 2466//2466 2513//2513
f 2427//2427 2467//2467 2514//2514
f 2515//2515 2510//2510 2516//2516
f 2464//2464 2468//2468 2428//2428
f 2512//2512 2465//2465 2474//2474
f 2431//2431 2494//2494 2469//2469
f 2433//2433 2517//2517 2470//2470
f 2476//2476 2473//2473 2472//2472
f 2472//2472 2471//2471 2475//2475
f 2475//2475 2474//2474 2465//2465
f 2478//2478 2477//2477 2476//2476
f 2518//2518 2479//2479 2478//2478
f 2435//2435 2480//2480 2485//2485
f 2519//2519 2489//2489 2520//2520
f 2521//2521 2482//2482 2483//2483
f 2522//2522 2521//2521 2483//2483
f 2438//2438 2485//2485 2480//2480
f 2486//2486 2519//2519 2439//2439
f 2484//2484 2487//2487 2523//2523
f 2524//2524 2442//2442 2488//2488
f 2493//2493 2491//2491 2490//2490
f 2491//2491 2520//2520 2489//2489
f 2525//2525 2493//2493 2492//2492
f 2526//2526 2494//2494 2444//2444
f 2488//2488 2527//2527 2524//2524
f 2499//2499 2497//2497 2496//2496
f 2528//2528 2498//2498 2499//2499
f 2529//2529 2496//2496 2500//2500
f 2530//2530 2529//2529 2500//2500
f 2503//2503 2504//2504 2530//2530
f 2504//2504 2498//2498 2528//2528
f 2526//2526 2469//2469 2494//2494
f 2531//2531 2507//2507 2506//2506
f 2507//2507 2509//2509 2505//2505
f 2506//2506 2532//2532 2531//2531
f 2509//2509 2511//2511 2508//2508
f 2511//2511 2516//2516 2510//2510
f 2532//2532 2533//2533 2534//2534
f 2535//2535 2513//2513 2466//2466
f 2514//2514 2467//2467 2536//2536
f 2516//2516 2537//2537 2515//2515
f 2527//2527 2470//2470 2517//2517
f 2479//2479 2518//2518 2538//2538
f 2539//2539 2540//2540 2541//2541
f 2542//2542 2543//2543 2539//2539
f 2513//2513 2535//2535 2542//2542
f 2544//2544 2541//2541 2545//2545
f 2546//2546 2544//2544 2547//2547
f 2520//2520 2439//2439 2519//2519
f 2548//2548 2549//2549 2533//2533
f 2521//2521 2522//2522 2550//2550
f 2551//2551 2523//2523 2487//2487
f 2522//2522 2552//2552 2550//2550
f 2492//2492 2553//2553 2525//2525
f 2554//2554 2555//2555 2556//2556
f 2556//2556 2557//2557 2551//2551
f 2554//2554 2558//2558 2555//2555
f 2517//2517 2524//2524 2527//2527
f 2559//2559 2560//2560 2561//2561
f 2562//2562 2563//2563 2564//2564
f 2565//2565 2566//2566 2567//2567
f 2568//2568 2529//2529 2530//2530
f 2504//2504 2568//2568 2530//2530
f 2569//2569 2570//2570 2571//2571
f 2572//2572 2573//2573 2574//2574
f 2574//2574 2575//2575 2576//2576
f 2534//2534 2531//2531 2532//2532
f 2576//2576 2577//2577 2578//2578
f 2578//2578 2579//2579 2580//2580
f 2581//2581 2534//2534 2533//2533
f 2536//2536 2467//2467 2582//2582
f 2583//2583 2515//2515 2537//2537
f 2580//2580 2584//2584 2585//2585
f 2586//2586 2538//2538 2518//2518
f 2587//2587 2541//2541 2540//2540
f 2540//2540 2539//2539 2543//2543
f 2543//2543 2542//2542 2535//2535
f 2587//2587 2545//2545 2541//2541
f 2545//2545 2547//2547 2544//2544
f 2547//2547 2588//2588 2546//2546
f 2581//2581 2533//2533 2549//2549
f 2549//2549 2548//2548 2589//2589
f 2590//2590 2521//2521 2550//2550
f 2523//2523 2551//2551 2557//2557
f 2550//2550 2552//2552 2591//2591
f 2592//2592 2525//2525 2553//2553
f 2557//2557 2556//2556 2555//2555
f 2593//2593 2555//2555 2558//2558
f 2553//2553 2538//2538 2592//2592
f 2594//2594 2561//2561 2560//2560
f 2595//2595 2564//2564 2563//2563
f 2596//2596 2567//2567 2566//2566
f 2597//2597 2598//2598 2599//2599
f 2600//2600 2601//2601 2602//2602
f 2603//2603 2571//2571 2570//2570
f 2573//2573 2575//2575 2574//2574
f 2604//2604 2573//2573 2572//2572
f 2575//2575 2577//2577 2576//2576
f 2577//2577 2579//2579 2578//2578
f 2579//2579 2584//2584 2580//2580
f 2605//2605 2606//2606 2604//2604
f 2467//2467 2607//2607 2582//2582
f 2582//2582 2608//2608 2536//2536
f 2537//2537 2609//2609 2583//2583
f 2585//2585 2584//2584 2610//2610
f 2586//2586 2592//2592 2538//2538
f 2611//2611 2546//2546 2588//2588
f 2612//2612 2613//2613 2614//2614
f 2613//2613 2615//2615 2608//2608
f 2615//2615 2536//2536 2608//2608
f 2616//2616 2612//2612 2614//2614
f 2617//2617 2616//2616 2618//2618
f 2619//2619 2617//2617 2620//2620
f 2621//2621 2622//2622 2605//2605
f 2623//2623 2589//2589 2548//2548
f 2624//2624 2625//2625 2621//2621
f 2626//2626 2590//2590 2550//2550
f 2552//2552 2627//2627 2591//2591
f 2628//2628 2629//2629 2630//2630
f 2558//2558 2631//2631 2593//2593
f 2627//2627 2632//2632 2591//2591
f 2632//2632 2633//2633 2634//2634
f 2560//2560 2635//2635 2594//2594
f 2563//2563 2636//2636 2595//2595
f 2567//2567 2596//2596 2637//2637
f 2638//2638 2599//2599 2598//2598
f 2639//2639 2602//2602 2601//2601
f 2571//2571 2603//2603 2640//2640
f 2641//2641 2642//2642 2643//2643
f 2606//2606 2573//2573 2604//2604
f 2644//2644 2641//2641 2645//2645
f 2646//2646 2644//2644 2647//2647
f 2648//2648 2646//2646 2649//2649
f 2622//2622 2606//2606 2605//2605
f 2582//2582 2607//2607 2650//2650
f 2651//2651 2652//2652 2653//2653
f 2654//2654 2583//2583 2609//2609
f 2584//2584 2655//2655 2610//2610
f 2631//2631 2611//2611 2656//2656
f 2588//2588 2656//2656 2611//2611
f 2614//2614 2613//2613 2608//2608
f 2618//2618 2616//2616 2614//2614
f 2620//2620 2617//2617 2618//2618
f 2657//2657 2619//2619 2620//2620
f 2625//2625 2622//2622 2621//2621
f 2589//2589 2623//2623 2658//2658
f 2659//2659 2625//2625 2624//2624
f 2660//2660 2590//2590 2626//2626
f 2661//2661 2628//2628 2662//2662
f 2663//2663 2630//2630 2629//2629
f 2630//2630 2662//2662 2628//2628
f 2656//2656 2593//2593 2631//2631
f 2591//2591 2632//2632 2634//2634
f 2634//2634 2633//2633 2664//2664
f 2665//2665 2594//2594 2635//2635
f 2666//2666 2595//2595 2636//2636
f 2667//2667 2637//2637 2596//2596
f 2599//2599 2638//2638 2668//2668
f 2601//2601 2669//2669 2639//2639
f 2670//2670 2640//2640 2603//2603
f 2671//2671 2643//2643 2642//2642
f 2643//2643 2645//2645 2641//2641
f 2642//2642 2672//2672 2671//2671
f 2645//2645 2647//2647 2644//2644
f 2647//2647 2649//2649 2646//2646
f 2648//2648 2649//2649 2673//2673
f 2672//2672 2674//2674 2675//2675
f 2607//2607 2676//2676 2650//2650
f 2677//2677 2678//2678 2651//2651
f 2679//2679 2653//2653 2652//2652
f 2652//2652 2651//2651 2678//2678
f 2609//2609 2680//2680 2654//2654
f 2610//2610 2655//2655 2681//2681
f 2682//2682 2653//2653 2683//2683
f 2684//2684 2682//2682 2685//2685
f 2686//2686 2684//2684 2687//2687
f 2664//2664 2657//2657 2620//2620
f 2688//2688 2689//2689 2674//2674
f 2690//2690 2658//2658 2623//2623
f 2625//2625 2659//2659 2691//2691
f 2661//2661 2662//2662 2690//2690
f 2692//2692 2693//2693 2694//2694
f 2629//2629 2695//2695 2663//2663
f 2696//2696 2692//2692 2691//2691
f 2633//2633 2657//2657 2664//2664
f 2695//2695 2697//2697 2698//2698
f 2665//2665 2635//2635 2699//2699
f 2666//2666 2636//2636 2700//2700
f 2667//2667 2701//2701 2637//2637
f 2702//2702 2668//2668 2638//2638
f 2703//2703 2639//2639 2669//2669
f 2670//2670 2704//2704 2640//2640
f 2705//2705 2706//2706 2707//2707
f 2708//2708 2705//2705 2709//2709
f 2675//2675 2671//2671 2672//2672
f 2710//2710 2708//2708 2711//2711
f 2712//2712 2710//2710 2713//2713
f 2714//2714 2673//2673 2649//2649
f 2715//2715 2675//2675 2674//2674
f 2716//2716 2650//2650 2676//2676
f 2678//2678 2677//2677 2680//2680
f 2679//2679 2683//2683 2653//2653
f 2717//2717 2718//2718 2719//2719
f 2718//2718 2720//2720 2719//2719
f 2721//2721 2654//2654 2680//2680
f 2681//2681 2655//2655 2722//2722
f 2683//2683 2685//2685 2682//2682
f 2685//2685 2687//2687 2684//2684
f 2687//2687 2723//2723 2686//2686
f 2697//2697 2686//2686 2723//2723
f 2715//2715 2674//2674 2689//2689
f 2689//2689 2688//2688 2724//2724
f 2658//2658 2690//2690 2662//2662
f 2659//2659 2696//2696 2691//2691
f 2725//2725 2625//2625 2691//2691
f 2694//2694 2693//2693 2726//2726
f 2691//2691 2692//2692 2694//2694
f 2698//2698 2663//2663 2695//2695
f 2723//2723 2698//2698 2697//2697
f 2727//2727 2699//2699 2635//2635
f 2728//2728 2700//2700 2636//2636
f 2729//2729 2637//2637 2701//2701
f 2668//2668 2702//2702 2730//2730
f 2669//2669 2731//2731 2703//2703
f 2732//2732 2640//2640 2704//2704
f 2733//2733 2707//2707 2706//2706
f 2707//2707 2709//2709 2705//2705
f 2709//2709 2711//2711 2708//2708
f 2706//2706 2734//2734 2733//2733
f 2711//2711 2713//2713 2710//2710
f 2712//2712 2713//2713 2735//2735
f 2673//2673 2714//2714 2736//2736
f 2734//2734 2737//2737 2738//2738
f 2721//2721 2680//2680 2677//2677
f 2681//2681 2722//2722 2720//2720
f 2739//2739 2717//2717 2740//2740
f 2740//2740 2717//2717 2719//2719
f 2719//2719 2720//2720 2722//2722
f 2722//2722 2655//2655 2741//2741
f 2742//2742 2739//2739 2743//2743
f 2744//2744 2742//2742 2745//2745
f 2746//2746 2744//2744 2747//2747
f 2737//2737 2748//2748 2749//2749
f 2750//2750 2724//2724 2688//2688
f 2748//2748 2751//2751 2752//2752
f 2753//2753 2725//2725 2691//2691
f 2693//2693 2754//2754 2726//2726
f 2755//2755 2756//2756 2757//2757
f 2755//2755 2757//2757 2758//2758
f 2754//2754 2746//2746 2747//2747
f 2699//2699 2727//2727 2759//2759
f 2700//2700 2728//2728 2760//2760
f 2701//2701 2761//2761 2729//2729
f 2762//2762 2730//2730 2702//2702
f 2763//2763 2703//2703 2731//2731
f 2704//2704 2764//2764 2732//2732
f 2765//2765 2766//2766 2767//2767
f 2767//2767 2768//2768 2769//2769
f 2769//2769 2770//2770 2771//2771
f 2738//2738 2733//2733 2734//2734
f 2771//2771 2772//2772 2773//2773
f 2774//2774 2735//2735 2713//2713
f 2775//2775 2736//2736 2714//2714
f 2655//2655 2776//2776 2741//2741
f 2749//2749 2738//2738 2737//2737
f 2743//2743 2739//2739 2740//2740
f 2777//2777 2778//2778 2779//2779
f 2780//2780 2781//2781 2778//2778
f 2782//2782 2783//2783 2780//2780
f 2745//2745 2742//2742 2743//2743
f 2747//2747 2744//2744 2745//2745
f 2752//2752 2749//2749 2748//2748
f 2724//2724 2750//2750 2784//2784
f 2785//2785 2752//2752 2751//2751
f 2786//2786 2725//2725 2753//2753
f 2758//2758 2787//2787 2788//2788
f 2726//2726 2754//2754 2747//2747
f 2789//2789 2757//2757 2756//2756
f 2787//2787 2758//2758 2757//2757
f 2790//2790 2759//2759 2727//2727
f 2791//2791 2760//2760 2728//2728
f 2792//2792 2729//2729 2761//2761
f 2730//2730 2762//2762 2793//2793
f 2763//2763 2731//2731 2794//2794
f 2795//2795 2732//2732 2764//2764
f 2766//2766 2768//2768 2767//2767
f 2796//2796 2766//2766 2765//2765
f 2768//2768 2797//2797 2769//2769
f 2770//2770 2798//2798 2771//2771
f 2797//2797 2770//2770 2769//2769
f 2799//2799 2800//2800 2765//2765
f 2801//2801 2773//2773 2772//2772
f 2798//2798 2772//2772 2771//2771
f 2735//2735 2774//2774 2802//2802
f 2773//2773 2803//2803 2804//2804
f 2736//2736 2775//2775 2805//2805
f 2806//2806 2741//2741 2776//2776
f 2807//2807 2808//2808 2799//2799
f 2809//2809 2777//2777 2810//2810
f 2811//2811 2779//2779 2778//2778
f 2779//2779 2810//2810 2777//2777
f 2811//2811 2778//2778 2781//2781
f 2781//2781 2780//2780 2783//2783
f 2783//2783 2782//2782 2812//2812
f 2813//2813 2809//2809 2814//2814
f 2815//2815 2813//2813 2816//2816
f 2817//2817 2818//2818 2807//2807
f 2819//2819 2784//2784 2750//2750
f 2751//2751 2820//2820 2785//2785
f 2821//2821 2822//2822 2817//2817
f 2788//2788 2823//2823 2819//2819
f 2823//2823 2788//2788 2787//2787
f 2756//2756 2815//2815 2789//2789
f 2824//2824 2825//2825 2826//2826
f 2824//2824 2826//2826 2827//2827
f 2790//2790 2828//2828 2759//2759
f 2760//2760 2791//2791 2829//2829
f 2761//2761 2830//2830 2792//2792
f 2831//2831 2793//2793 2762//2762
f 2832//2832 2794//2794 2731//2731
f 2795//2795 2764//2764 2833//2833
f 2834//2834 2835//2835 2836//2836
f 2835//2835 2837//2837 2838//2838
f 2800//2800 2796//2796 2765//2765
f 2839//2839 2834//2834 2840//2840
f 2841//2841 2842//2842 2843//2843
f 2841//2841 2839//2839 2842//2842
f 2844//2844 2800//2800 2799//2799
f 2801//2801 2845//2845 2773//2773
f 2846//2846 2847//2847 2848//2848
f 2843//2843 2849//2849 2846//2846
f 2850//2850 2802//2802 2774//2774
f 2803//2803 2851//2851 2804//2804
f 2845//2845 2803//2803 2773//2773
f 2812//2812 2805//2805 2775//2775
f 2805//2805 2812//2812 2782//2782
f 2808//2808 2844//2844 2799//2799
f 2852//2852 2808//2808 2807//2807
f 2810//2810 2814//2814 2809//2809
f 2853//2853 2854//2854 2855//2855
f 2856//2856 2853//2853 2857//2857
f 2854//2854 2858//2858 2859//2859
f 2858//2858 2860//2860 2861//2861
f 2860//2860 2862//2862 2863//2863
f 2814//2814 2816//2816 2813//2813
f 2816//2816 2789//2789 2815//2815
f 2807//2807 2818//2818 2864//2864
f 2865//2865 2818//2818 2817//2817
f 2784//2784 2819//2819 2823//2823
f 2866//2866 2785//2785 2820//2820
f 2822//2822 2865//2865 2817//2817
f 2867//2867 2822//2822 2821//2821
f 2827//2827 2868//2868 2869//2869
f 2870//2870 2826//2826 2825//2825
f 2868//2868 2827//2827 2826//2826
f 2871//2871 2759//2759 2828//2828
f 2872//2872 2792//2792 2830//2830
f 2873//2873 2829//2829 2791//2791
f 2874//2874 2833//2833 2764//2764
f 2793//2793 2831//2831 2875//2875
f 2832//2832 2876//2876 2794//2794
f 2838//2838 2836//2836 2835//2835
f 2836//2836 2840//2840 2834//2834
f 2877//2877 2838//2838 2837//2837
f 2837//2837 2878//2878 2877//2877
f 2840//2840 2842//2842 2839//2839
f 2849//2849 2843//2843 2842//2842
f 2878//2878 2879//2879 2880//2880
f 2881//2881 2845//2845 2801//2801
f 2882//2882 2848//2848 2847//2847
f 2847//2847 2846//2846 2849//2849
f 2802//2802 2850//2850 2862//2862
f 2804//2804 2851//2851 2883//2883
f 2863//2863 2861//2861 2860//2860
f 2861//2861 2859//2859 2858//2858
f 2884//2884 2885//2885 2879//2879
f 2886//2886 2887//2887 2884//2884
f 2864//2864 2852//2852 2807//2807
f 2888//2888 2856//2856 2889//2889
f 2859//2859 2855//2855 2854//2854
f 2855//2855 2857//2857 2853//2853
f 2857//2857 2889//2889 2856//2856
f 2890//2890 2863//2863 2862//2862
f 2891//2891 2888//2888 2892//2892
f 2825//2825 2891//2891 2870//2870
f 2864//2864 2818//2818 2893//2893
f 2869//2869 2894//2894 2820//2820
f 2866//2866 2820//2820 2894//2894
f 2894//2894 2869//2869 2868//2868
f 2818//2818 2895//2895 2896//2896
f 2828//2828 2897//2897 2871//2871
f 2872//2872 2830//2830 2898//2898
f 2829//2829 2873//2873 2899//2899
f 2833//2833 2874//2874 2900//2900
f 2901//2901 2875//2875 2831//2831
f 2902//2902 2794//2794 2876//2876
f 2903//2903 2904//2904 2905//2905
f 2906//2906 2903//2903 2907//2907
f 2904//2904 2908//2908 2909//2909
f 2880//2880 2877//2877 2878//2878
f 2910//2910 2906//2906 2911//2911
f 2912//2912 2910//2910 2913//2913
f 2914//2914 2880//2880 2879//2879
f 2915//2915 2845//2845 2881//2881
f 2848//2848 2882//2882 2916//2916
f 2917//2917 2918//2918 2919//2919
f 2918//2918 2912//2912 2920//2920
f 2890//2890 2862//2862 2850//2850
f 2921//2921 2883//2883 2851//2851
f 2914//2914 2879//2879 2885//2885
f 2885//2885 2884//2884 2887//2887
f 2887//2887 2886//2886 2922//2922
f 2923//2923 2922//2922 2886//2886
f 2889//2889 2892//2892 2888//2888
f 2924//2924 2915//2915 2925//2925
f 2926//2926 2924//2924 2927//2927
f 2892//2892 2870//2870 2891//2891
f 2893//2893 2818//2818 2896//2896
f 2928//2928 2929//2929 2923//2923
f 2896//2896 2895//2895 2930//2930
f 2931//2931 2871//2871 2897//2897
f 2932//2932 2898//2898 2830//2830
f 2933//2933 2899//2899 2873//2873
f 2934//2934 2900//2900 2874//2874
f 2876//2876 2935//2935 2902//2902
f 2875//2875 2901//2901 2936//2936
f 2909//2909 2905//2905 2904//2904
f 2905//2905 2907//2907 2903//2903
f 2907//2907 2911//2911 2906//2906
f 2937//2937 2909//2909 2908//2908
f 2908//2908 2938//2938 2937//2937
f 2911//2911 2913//2913 2910//2910
f 2913//2913 2920//2920 2912//2912
f 2938//2938 2939//2939 2940//2940
f 2941//2941 2915//2915 2881//2881
f 2942//2942 2916//2916 2882//2882
f 2920//2920 2919//2919 2918//2918
f 2917//2917 2919//2919 2943//2943
f 2944//2944 2945//2945 2939//2939
f 2946//2946 2947//2947 2944//2944
f 2948//2948 2949//2949 2946//2946
f 2922//2922 2923//2923 2929//2929
f 2950//2950 2926//2926 2951//2951
f 2925//2925 2915//2915 2941//2941
f 2952//2952 2924//2924 2925//2925
f 2927//2927 2924//2924 2952//2952
f 2951//2951 2926//2926 2927//2927
f 2895//2895 2950//2950 2953//2953
f 2954//2954 2955//2955 2928//2928
f 2929//2929 2928//2928 2955//2955
f 2930//2930 2895//2895 2953//2953
f 2956//2956 2957//2957 2954//2954
f 2897//2897 2958//2958 2931//2931
f 2932//2932 2959//2959 2898//2898
f 2899//2899 2933//2933 2960//2960
f 2900//2900 2934//2934 2961//2961
f 2962//2962 2902//2902 2935//2935
f 2963//2963 2936//2936 2901//2901
f 2964//2964 2965//2965 2966//2966
f 2967//2967 2964//2964 2968//2968
f 2969//2969 2967//2967 2970//2970
f 2965//2965 2971//2971 2972//2972
f 2940//2940 2937//2937 2938//2938
f 2969//2969 2970//2970 2973//2973
f 2973//2973 2974//2974 2975//2975
f 2976//2976 2940//2940 2939//2939
f 2916//2916 2942//2942 2977//2977
f 2975//2975 2978//2978 2979//2979
f 2980//2980 2943//2943 2919//2919
f 2976//2976 2939//2939 2945//2945
f 2945//2945 2944//2944 2947//2947
f 2947//2947 2946//2946 2949//2949
f 2949//2949 2948//2948 2981//2981
f 2982//2982 2981//2981 2948//2948
f 2983//2983 2950//2950 2951//2951
f 2977//2977 2984//2984 2985//2985
f 2986//2986 2985//2985 2987//2987
f 2988//2988 2986//2986 2989//2989
f 2990//2990 2988//2988 2991//2991
f 2953//2953 2950//2950 2983//2983
f 2955//2955 2954//2954 2957//2957
f 2982//2982 2992//2992 2981//2981
f 2956//2956 2993//2993 2957//2957
f 2994//2994 2931//2931 2958//2958
f 2995//2995 2898//2898 2959//2959
f 2936//2936 2963//2963 2996//2996
f 2997//2997 2960//2960 2933//2933
f 2998//2998 2961//2961 2934//2934
f 2935//2935 2999//2999 2962//2962
f 2972//2972 2966//2966 2965//2965
f 2966//2966 2968//2968 2964//2964
f 2968//2968 2970//2970 2967//2967
f 3000//3000 2972//2972 2971//2971
f 2971//2971 3001//3001 3000//3000
f 2974//2974 2973//2973 2970//2970
f 2978//2978 2975//2975 2974//2974
f 3001//3001 3002//3002 3003//3003
f 2984//2984 2977//2977 2942//2942
f 3004//3004 2979//2979 2978//2978
f 2943//2943 2980//2980 3005//3005
f 2979//2979 3004//3004 3006//3006
f 3007//3007 3008//3008 3002//3002
f 3009//3009 3010//3010 3007//3007
f 3011//3011 3012//3012 3009//3009
f 3013//3013 3014//3014 3011//3011
f 3015//3015 2990//2990 3016//3016
f 3017//3017 2985//2985 2984//2984
f 3017//3017 2987//2987 2985//2985
f 2987//2987 2989//2989 2986//2986
f 2989//2989 2991//2991 2988//2988
f 2991//2991 3016//3016 2990//2990
f 2993//2993 3015//3015 3018//3018
f 2992//2992 3019//3019 3020//3020
f 3020//3020 2981//2981 2992//2992
f 3018//3018 2957//2957 2993//2993
f 2994//2994 2958//2958 3021//3021
f 2959//2959 3022//3022 2995//2995
f 3023//3023 2996//2996 2963//2963
f 2960//2960 2997//2997 3024//3024
f 2998//2998 3025//3025 2961//2961
f 3026//3026 2962//2962 2999//2999
f 3027//3027 3028//3028 3029//3029
f 3029//3029 3030//3030 3031//3031
f 3031//3031 3032//3032 3033//3033
f 3034//3034 3035//3035 3027//3027
f 3003//3003 3000//3000 3001//3001
f 3033//3033 3032//3032 3036//3036
f 3036//3036 3032//3032 3037//3037
f 3038//3038 3003//3003 3002//3002
f 3037//3037 3039//3039 3040//3040
f 3041//3041 3005//3005 2980//2980
f 3042//3042 3006//3006 3004//3004
f 3038//3038 3002//3002 3008//3008
f 3008//3008 3007//3007 3010//3010
f 3010//3010 3009//3009 3012//3012
f 3012//3012 3011//3011 3014//3014
f 3014//3014 3013//3013 3043//3043
f 3016//3016 3018//3018 3015//3015
f 3005//3005 3041//3041 3044//3044
f 3045//3045 3044//3044 3046//3046
f 3047//3047 3045//3045 3048//3048
f 3049//3049 3047//3047 3050//3050
f 3051//3051 3049//3049 3052//3052
f 3053//3053 3020//3020 3019//3019
f 3054//3054 3043//3043 3013//3013
f 3019//3019 3055//3055 3053//3053
f 3056//3056 3021//3021 2958//2958
f 3057//3057 3024//3024 2997//2997
f 3058//3058 2995//2995 3022//3022
f 3059//3059 2996//2996 3060//3060
f 3023//3023 3060//3060 2996//2996
f 3061//3061 2961//2961 3025//3025
f 3026//3026 2999//2999 3062//3062
f 3028//3028 3030//3030 3029//3029
f 3035//3035 3028//3028 3027//3027
f 3030//3030 3032//3032 3031//3031
f 3063//3063 3035//3035 3034//3034
f 3032//3032 3039//3039 3037//3037
f 3064//3064 3065//3065 3063//3063
f 3040//3040 3039//3039 3066//3066
f 3006//3006 3042//3042 3067//3067
f 3068//3068 3040//3040 3069//3069
f 3070//3070 3071//3071 3064//3064
f 3072//3072 3071//3071 3070//3070
f 3073//3073 3071//3071 3072//3072
f 3073//3073 3074//3074 3075//3075
f 3074//3074 3076//3076 3075//3075
f 3055//3055 3051//3051 3077//3077
f 3078//3078 3044//3044 3041//3041
f 3078//3078 3046//3046 3044//3044
f 3046//3046 3048//3048 3045//3045
f 3048//3048 3050//3050 3047//3047
f 3050//3050 3052//3052 3049//3049
f 3052//3052 3077//3077 3051//3051
f 3079//3079 3080//3080 3054//3054
f 3043//3043 3054//3054 3080//3080
f 3077//3077 3053//3053 3055//3055
f 3021//3021 3056//3056 3081//3081
f 3024//3024 3057//3057 3082//3082
f 3022//3022 3083//3083 3058//3058
f 3060//3060 3084//3084 3059//3059
f 3085//3085 3062//3062 2999//2999
f 3025//3025 3086//3086 3061//3061
f 3087//3087 3088//3088 3089//3089
f 3088//3088 3090//3090 3091//3091
f 3092//3092 3087//3087 3093//3093
f 3065//3065 3035//3035 3063//3063
f 3094//3094 3092//3092 3095//3095
f 3071//3071 3065//3065 3064//3064
f 3039//3039 3096//3096 3066//3066
f 3066//3066 3069//3069 3040//3040
f 3097//3097 3067//3067 3042//3042
f 3098//3098 3068//3068 3069//3069
f 3099//3099 3071//3071 3073//3073
f 3100//3100 3073//3073 3075//3075
f 3076//3076 3101//3101 3075//3075
f 3067//3067 3097//3097 3102//3102
f 3103//3103 3102//3102 3104//3104
f 3105//3105 3103//3103 3106//3106
f 3107//3107 3105//3105 3108//3108
f 3109//3109 3107//3107 3110//3110
f 3111//3111 3109//3109 3112//3112
f 3079//3079 3111//3111 3080//3080
f 3113//3113 3081//3081 3056//3056
f 3114//3114 3082//3082 3057//3057
f 3115//3115 3058//3058 3083//3083
f 3116//3116 3059//3059 3084//3084
f 3062//3062 3085//3085 3117//3117
f 3118//3118 3061//3061 3086//3086
f 3091//3091 3089//3089 3088//3088
f 3089//3089 3093//3093 3087//3087
f 3119//3119 3091//3091 3090//3090
f 3093//3093 3095//3095 3092//3092
f 3090//3090 3120//3120 3119//3119
f 3094//3094 3095//3095 3121//3121
f 3120//3120 3122//3122 3123//3123
f 3066//3066 3096//3096 3124//3124
f 3125//3125 3126//3126 3127//3127
f 3128//3128 3068//3068 3098//3098
f 3129//3129 3127//3127 3130//3130
f 3131//3131 3132//3132 3122//3122
f 3099//3099 3073//3073 3100//3100
f 3133//3133 3134//3134 3135//3135
f 3075//3075 3101//3101 3136//3136
f 3137//3137 3102//3102 3097//3097
f 3137//3137 3104//3104 3102//3102
f 3104//3104 3106//3106 3103//3103
f 3106//3106 3108//3108 3105//3105
f 3108//3108 3110//3110 3107//3107
f 3110//3110 3112//3112 3109//3109
f 3112//3112 3080//3080 3111//3111
f 3138//3138 3139//3139 3140//3140
f 3141//3141 3138//3138 3142//3142
f 3143//3143 3144//3144 3139//3139
f 3145//3145 3146//3146 3143//3143
f 3147//3147 3117//3117 3085//3085
f 3148//3148 3141//3141 3142//3142
f 3149//3149 3150//3150 3151//3151
f 3151//3151 3152//3152 3153//3153
f 3154//3154 3155//3155 3149//3149
f 3153//3153 3156//3156 3157//3157
f 3123//3123 3119//3119 3120//3120
f 3158//3158 3121//3121 3095//3095
f 3159//3159 3123//3123 3122//3122
f 3096//3096 3160//3160 3124//3124
f 3161//3161 3162//3162 3125//3125
f 3163//3163 3127//3127 3126//3126
f 3126//3126 3125//3125 3162//3162
f 3164//3164 3128//3128 3098//3098
f 3163//3163 3130//3130 3127//3127
f 3130//3130 3165//3165 3129//3129
f 3159//3159 3122//3122 3132//3132
f 3132//3132 3131//3131 3166//3166
f 3167//3167 3099//3099 3100//3100
f 3168//3168 3135//3135 3134//3134
f 3133//3133 3169//3169 3134//3134
f 3101//3101 3170//3170 3136//3136
f 3171//3171 3164//3164 3098//3098
f 3172//3172 3171//3171 3173//3173
f 3174//3174 3172//3172 3175//3175
f 3176//3176 3174//3174 3177//3177
f 3170//3170 3176//3176 3177//3177
f 3178//3178 3140//3140 3139//3139
f 3142//3142 3138//3138 3140//3140
f 3178//3178 3139//3139 3144//3144
f 3146//3146 3144//3144 3143//3143
f 3148//3148 3146//3146 3145//3145
f 3179//3179 3148//3148 3142//3142
f 3150//3150 3152//3152 3151//3151
f 3155//3155 3150//3150 3149//3149
f 3152//3152 3156//3156 3153//3153
f 3180//3180 3155//3155 3154//3154
f 3156//3156 3181//3181 3157//3157
f 3182//3182 3180//3180 3154//3154
f 3121//3121 3158//3158 3183//3183
f 3157//3157 3181//3181 3184//3184
f 3185//3185 3186//3186 3182//3182
f 3187//3187 3124//3124 3160//3160
f 3162//3162 3161//3161 3188//3188
f 3181//3181 3189//3189 3184//3184
f 3189//3189 3190//3190 3191//3191
f 3192//3192 3129//3129 3165//3165
f 3193//3193 3194//3194 3185//3185
f 3195//3195 3166//3166 3131//3131
f 3196//3196 3197//3197 3193//3193
f 3198//3198 3167//3167 3100//3100
f 3135//3135 3168//3168 3199//3199
f 3194//3194 3186//3186 3185//3185
f 3200//3200 3134//3134 3169//3169
f 3136//3136 3170//3170 3177//3177
f 3173//3173 3171//3171 3098//3098
f 3175//3175 3172//3172 3173//3173
f 3177//3177 3174//3174 3175//3175
f 3201//3201 3202//3202 3203//3203
f 3204//3204 3205//3205 3206//3206
f 3207//3207 3208//3208 3209//3209
f 3210//3210 3211//3211 3212//3212
f 3179//3179 3146//3146 3148//3148
f 3213//3213 3214//3214 3215//3215
f 3165//3165 3216//3216 3192//3192
f 3216//3216 3217//3217 3218//3218
f 3217//3217 3200//3200 3219//3219
f 3186//3186 3180//3180 3182//3182
f 3220//3220 3183//3183 3158//3158
f 3221//3221 3188//3188 3161//3161
f 3183//3183 3220//3220 3221//3221
f 3222//3222 3191//3191 3190//3190
f 3184//3184 3189//3189 3191//3191
f 3197//3197 3194//3194 3193//3193
f 3166//3166 3195//3195 3223//3223
f 3224//3224 3197//3197 3196//3196
f 3225//3225 3167//3167 3198//3198
f 3226//3226 3199//3199 3168//3168
f 3169//3169 3219//3219 3200//3200
f 3218//3218 3192//3192 3216//3216
f 3219//3219 3218//3218 3217//3217
f 3227//3227 3203//3203 3202//3202
f 3228//3228 3209//3209 3208//3208
f 3229//3229 3206//3206 3205//3205
f 3230//3230 3212//3212 3211//3211
f 3231//3231 3232//3232 3233//3233
f 3234//3234 3215//3215 3214//3214
f 3188//3188 3221//3221 3220//3220
f 3235//3235 3223//3223 3195//3195
f 3223//3223 3235//3235 3226//3226
f 3199//3199 3226//3226 3235//3235
f 3236//3236 3237//3237 3238//3238
f 3236//3236 3239//3239 3237//3237
f 3240//3240 3238//3238 3241//3241
f 3242//3242 3243//3243 3239//3239
f 3244//3244 3233//3233 3232//3232
f 3245//3245 3240//3240 3246//3246
f 3241//3241 3238//3238 3237//3237
f 3243//3243 3237//3237 3239//3239
f 3247//3247 3240//3240 3241//3241
f 3248//3248 3243//3243 3242//3242
f 3245//3245 3246//3246 3242//3242
f 3246//3246 3240//3240 3247//3247
f 3249//3249 3250//3250 3251//3251
f 3252//3252 3253//3253 3254//3254
f 3255//3255 3256//3256 3257//3257
f 3258//3258 3259//3259 3260//3260
f 3246//3246 3248//3248 3242//3242
f 3261//3261 3262//3262 3263//3263
f 3264//3264 3251//3251 3250//3250
f 3265//3265 3257//3257 3256//3256
f 3266//3266 3254//3254 3253//3253
f 3267//3267 3260//3260 3259//3259
f 3268//3268 3269//3269 3270//3270
f 3271//3271 3263//3263 3262//3262
f 3264//3264 3272//3272 3251//3251
f 3257//3257 3265//3265 3273//3273
f 3254//3254 3266//3266 3274//3274
f 3260//3260 3267//3267 3275//3275
f 3276//3276 3270//3270 3269//3269
f 3271//3271 3262//3262 3277//3277
f 3278//3278 3251//3251 3272//3272
f 3279//3279 3273//3273 3265//3265
f 3280//3280 3277//3277 3262//3262
f 3281//3281 3274//3274 3266//3266
f 3282//3282 3275//3275 3267//3267
f 3269//3269 3283//3283 3276//3276
f 3272//3272 3284//3284 3278//3278
f 3279//3279 3285//3285 3273//3273
f 3277//3277 3280//3280 3286//3286
f 3274//3274 3281//3281 3287//3287
f 3275//3275 3282//3282 3288//3288
f 3289//3289 3276//3276 3283//3283
f 3290//3290 3278//3278 3284//3284
f 3291//3291 3273//3273 3285//3285
f 3292//3292 3286//3286 3280//3280
f 3283//3283 3293//3293 3289//3289
f 3294//3294 3287//3287 3281//3281
f 3295//3295 3288//3288 3282//3282
f 3284//3284 3296//3296 3290//3290
f 3285//3285 3297//3297 3291//3291
f 3286//3286 3292//3292 3298//3298
f 3299//3299 3289//3289 3293//3293
f 3287//3287 3294//3294 3300//3300
f 3288//3288 3295//3295 3301//3301
f 3302//3302 3290//3290 3296//3296
f 3303//3303 3291//3291 3297//3297
f 3304//3304 3298//3298 3292//3292
f 3293//3293 3305//3305 3299//3299
f 3306//3306 3300//3300 3294//3294
f 3307//3307 3301//3301 3295//3295
f 3296//3296 3308//3308 3302//3302
f 3297//3297 3309//3309 3303//3303
f 3298//3298 3304//3304 3310//3310
f 3311//3311 3299//3299 3305//3305
f 3300//3300 3306//3306 3312//3312
f 3301//3301 3307//3307 3313//3313
f 3314//3314 3302//3302 3308//3308
f 3315//3315 3303//3303 3309//3309
f 3316//3316 3310//3310 3304//3304
f 3305//3305 3317//3317 3311//3311
f 3318//3318 3312//3312 3306//3306
f 3319//3319 3313//3313 3307//3307
f 3308//3308 3320//3320 3314//3314
f 3309//3309 3321//3321 3315//3315
f 3310//3310 3316//3316 3322//3322
f 3323//3323 3311//3311 3317//3317
f 3312//3312 3318//3318 3324//3324
f 3313//3313 3319//3319 3325//3325
f 3326//3326 3314//3314 3320//3320
f 3327//3327 3315//3315 3321//3321
f 3328//3328 3322//3322 3316//3316
f 3317//3317 3329//3329 3323//3323
f 3330//3330 3324//3324 3318//3318
f 3331//3331 3325//3325 3319//3319
f 3326//3326 3320//3320 3332//3332
f 3327//3327 3321//3321 3333//3333
f 3328//3328 3334//3334 3322//3322
f 3335//3335 3323//3323 3329//3329
f 3330//3330 3336//3336 3324//3324
f 3325//3325 3331//3331 3337//3337
f 3338//3338 3332//3332 3320//3320
f 3339//3339 3333//3333 3321//3321
f 3340//3340 3322//3322 3334//3334
f 3329//3329 3341//3341 3335//3335
f 3342//3342 3324//3324 3336//3336
f 3343//3343 3337//3337 3331//3331
f 3332//3332 3338//3338 3344//3344
f 3333//3333 3339//3339 3345//3345
f 3334//3334 3346//3346 3340//3340
f 3347//3347 3335//3335 3341//3341
f 3336//3336 3348//3348 3342//3342
f 3337//3337 3343//3343 3349//3349
f 3350//3350 3344//3344 3338//3338
f 3351//3351 3345//3345 3339//3339
f 3352//3352 3340//3340 3346//3346
f 3341//3341 3353//3353 3347//3347
f 3354//3354 3342//3342 3348//3348
f 3355//3355 3349//3349 3343//3343
f 3356//3356 3357//3357 3358//3358
f 3359//3359 3360//3360 3361//3361
f 3362//3362 3363//3363 3364//3364
f 3365//3365 3347//3347 3353//3353
f 3366//3366 3367//3367 3368//3368
f 3369//3369 3370//3370 3371//3371
f 3372//3372 3358//3358 3357//3357
f 3373//3373 3368//3368 3367//3367
f 3374//3374 3361//3361 3360//3360
f 3375//3375 3364//3364 3363//3363
f 3376//3376 3377//3377 3378//3378
f 3379//3379 3371//3371 3370//3370
f 3380//3380 3381//3381 3382//3382
f 3383//3383 3382//3382 3381//3381
f 3384//3384 3383//3383 3385//3385
f 3386//3386 3378//3378 3377//3377
f 3385//3385 3383//3383 3381//3381
f 3391//3391 3392//3392 3393//3393
f 3394//3394 3393//3393 3392//3392
f 3399//3399 3400//3400 3401//3401
f 3402//3402 3401//3401 3400//3400
f 3407//3407 3408//3408 3409//3409
f 3410//3410 3409//3409 3408//3408
f 3415//3415 3416//3416 3417//3417
f 3418//3418 3417//3417 3416//3416
f 3423//3423 3424//3424 3425//3425
f 3426//3426 3425//3425 3424//3424
f 3431//3431 3432//3432 3433//3433
f 3434//3434 3433//3433 3432//3432
f 3387//3387 3388//3388 3389//3389
f 3388//3388 3387//3387 3390//3390
f 3395//3395 3396//3396 3397//3397
f 3396//3396 3395//3395 3398//3398
f 3403//3403 3404//3404 3405//3405
f 3404//3404 3403//3403 3406//3406
f 3411//3411 3412//3412 3413//3413
f 3412//3412 3411//3411 3414//3414
f 3419//3419 3420//3420 3421//3421
f 3420//3420 3419//3419 3422//3422
f 3427//3427 3428//3428 3429//3429
f 3428//3428 3427//3427 3430//3430
