# Created by Open3D 
# object name: 40aee078f0390b7134076b5960251711
# number of vertices: 3852
# number of triangles: 2628
v -0.180108 -0.242105 -0.0611138
vn 0 0.0254 0
v -0.158495 -0.263764 -0.010878
vn 0 0.0254 0
v -0.167363 -0.255628 -0.0379911
vn 0 0.0254 0
v -0.195862 -0.224118 -0.0786702
vn 0 0.0254 0
v -0.167363 -0.255628 -0.0379911
vn -0 -0.0254 -0
v -0.158495 -0.263764 -0.010878
vn -0 -0.0254 -0
v -0.180108 -0.242105 -0.0611138
vn -0 -0.0254 -0
v -0.195862 -0.224118 -0.0786702
vn -0 -0.0254 -0
v -0.158495 -0.263764 -0.010878
vn 0.00485986 0.0133789 -0.0210368
v -0.126072 -0.248767 -0.0527974
vn 0.00485986 0.0133789 -0.0210368
v -0.167363 -0.255628 -0.0379911
vn 0.00485986 0.0133789 -0.0210368
v -0.167363 -0.255628 -0.0379911
vn -0.00485986 -0.0133789 0.0210368
v -0.126072 -0.248767 -0.0527974
vn -0.00485986 -0.0133789 0.0210368
v -0.158495 -0.263764 -0.010878
vn -0.00485986 -0.0133789 0.0210368
v -0.167363 -0.255628 -0.0379911
vn 0.0049071 0.0130339 -0.0212414
v -0.201143 -0.269575 -0.00191455
vn 0.0049071 0.0130339 -0.0212414
v -0.158495 -0.263764 -0.010878
vn 0.0049071 0.0130339 -0.0212414
v -0.158495 -0.263764 -0.010878
vn -0.0049071 -0.0130339 0.0212414
v -0.201143 -0.269575 -0.00191455
vn -0.0049071 -0.0130339 0.0212414
v -0.167363 -0.255628 -0.0379911
vn -0.0049071 -0.0130339 0.0212414
v -0.126072 -0.248767 -0.0527974
vn -0.000750468 0.0133789 -0.0215778
v -0.180108 -0.242105 -0.0611138
vn -0.000750468 0.0133789 -0.0215778
v -0.167363 -0.255628 -0.0379911
vn -0.000750468 0.0133789 -0.0215778
v -0.167363 -0.255628 -0.0379911
vn 0.000750468 -0.0133789 0.0215778
v -0.180108 -0.242105 -0.0611138
vn 0.000750468 -0.0133789 0.0215778
v -0.126072 -0.248767 -0.0527974
vn 0.000750468 -0.0133789 0.0215778
v -0.218438 -0.252244 -0.0421133
vn -0.000757784 0.0130339 -0.0217877
v -0.167363 -0.255628 -0.0379911
vn -0.000757784 0.0130339 -0.0217877
v -0.180108 -0.242105 -0.0611138
vn -0.000757784 0.0130339 -0.0217877
v -0.180108 -0.242105 -0.0611138
vn 0.000757784 -0.0130339 0.0217877
v -0.167363 -0.255628 -0.0379911
vn 0.000757784 -0.0130339 0.0217877
v -0.218438 -0.252244 -0.0421133
vn 0.000757784 -0.0130339 0.0217877
v -0.141457 -0.232444 -0.0807093
vn -0.00630966 0.0133789 -0.0206483
v -0.195862 -0.224118 -0.0786702
vn -0.00630966 0.0133789 -0.0206483
v -0.180108 -0.242105 -0.0611138
vn -0.00630966 0.0133789 -0.0206483
v -0.180108 -0.242105 -0.0611138
vn 0.00630966 -0.0133789 0.0206483
v -0.195862 -0.224118 -0.0786702
vn 0.00630966 -0.0133789 0.0206483
v -0.141457 -0.232444 -0.0807093
vn 0.00630966 -0.0133789 0.0206483
v -0.231044 -0.23785 -0.0561621
vn -0.00637103 0.0130339 -0.0208491
v -0.180108 -0.242105 -0.0611138
vn -0.00637103 0.0130339 -0.0208491
v -0.195862 -0.224118 -0.0786702
vn -0.00637103 0.0130339 -0.0208491
v -0.195862 -0.224118 -0.0786702
vn 0.00637103 -0.0130339 0.0208491
v -0.180108 -0.242105 -0.0611138
vn 0.00637103 -0.0130339 0.0208491
v -0.231044 -0.23785 -0.0561621
vn 0.00637103 -0.0130339 0.0208491
v -0.154108 -0.265959 0.0183777
vn 0 0.0254 0
v -0.154108 -0.265959 0.0183777
vn -0 -0.0254 -0
v -0.115368 -0.258588 -0.0200703
vn 0.00485986 0.0133789 -0.0210368
v -0.115368 -0.258588 -0.0200703
vn -0.00485986 -0.0133789 0.0210368
v -0.208239 -0.263064 -0.0236104
vn 0.0049071 0.0130339 -0.0212414
v -0.208239 -0.263064 -0.0236104
vn -0.0049071 -0.0130339 0.0212414
v -0.197633 -0.271331 0.0214958
vn 0.0102376 0.0130339 -0.0192476
v -0.158495 -0.263764 -0.010878
vn 0.0102376 0.0130339 -0.0192476
v -0.201143 -0.269575 -0.00191455
vn 0.0102376 0.0130339 -0.0192476
v -0.201143 -0.269575 -0.00191455
vn -0.0102376 -0.0130339 0.0192476
v -0.158495 -0.263764 -0.010878
vn -0.0102376 -0.0130339 0.0192476
v -0.197633 -0.271331 0.0214958
vn -0.0102376 -0.0130339 0.0192476
v -0.141457 -0.232444 -0.0807093
vn -0.000750468 0.0133789 -0.0215778
v -0.141457 -0.232444 -0.0807093
vn 0.000750468 -0.0133789 0.0215778
v -0.208239 -0.263064 -0.0236104
vn -0.000757784 0.0130339 -0.0217877
v -0.208239 -0.263064 -0.0236104
vn 0.000757784 -0.0130339 0.0217877
v -0.218438 -0.252244 -0.0421133
vn -0.00637103 0.0130339 -0.0208491
v -0.218438 -0.252244 -0.0421133
vn 0.00637103 -0.0130339 0.0208491
v -0.160473 -0.210732 -0.101902
vn -0.00630966 0.0133789 -0.0206483
v -0.160473 -0.210732 -0.101902
vn 0.00630966 -0.0133789 0.0206483
v -0.195862 -0.224118 -0.0786702
vn -0.0115501 0.0130339 -0.0184898
v -0.245199 -0.220865 -0.0647994
vn -0.0115501 0.0130339 -0.0184898
v -0.231044 -0.23785 -0.0561621
vn -0.0115501 0.0130339 -0.0184898
v -0.231044 -0.23785 -0.0561621
vn 0.0115501 -0.0130339 0.0184898
v -0.245199 -0.220865 -0.0647994
vn 0.0115501 -0.0130339 0.0184898
v -0.195862 -0.224118 -0.0786702
vn 0.0115501 -0.0130339 0.0184898
v -0.17873 -0.239836 -0.0262919
vn 0 0.0254 0
v -0.17873 -0.239836 -0.0262919
vn -0 -0.0254 -0
v -0.154108 -0.265959 0.0183777
vn 0.010139 0.0133789 -0.0190622
v -0.115368 -0.258588 -0.0200703
vn 0.010139 0.0133789 -0.0190622
v -0.158495 -0.263764 -0.010878
vn 0.010139 0.0133789 -0.0190622
v -0.158495 -0.263764 -0.010878
vn -0.010139 -0.0133789 0.0190622
v -0.115368 -0.258588 -0.0200703
vn -0.010139 -0.0133789 0.0190622
v -0.154108 -0.265959 0.0183777
vn -0.010139 -0.0133789 0.0190622
v -0.154108 -0.265959 0.0183777
vn 0.0102376 0.0130339 -0.0192476
v -0.154108 -0.265959 0.0183777
vn -0.0102376 -0.0130339 0.0192476
v -0.115368 -0.258588 -0.0200703
vn 0.00571724 0 -0.0247482
v 0.434603 0.192569 -0.103746
vn 0.00571724 0 -0.0247482
v -0.126072 -0.248767 -0.0527974
vn 0.00571724 0 -0.0247482
v -0.126072 -0.248767 -0.0527974
vn -0.00571724 0 0.0247482
v 0.434603 0.192569 -0.103746
vn -0.00571724 0 0.0247482
v -0.115368 -0.258588 -0.0200703
vn -0.00571724 0 0.0247482
v -0.115368 -0.258588 -0.0200703
vn -0 -0.0254 -0
v -0.141457 -0.232444 -0.0807093
vn -0 -0.0254 -0
v -0.126072 -0.248767 -0.0527974
vn -0 -0.0254 -0
v -0.126072 -0.248767 -0.0527974
vn 0 0.0254 0
v -0.141457 -0.232444 -0.0807093
vn 0 0.0254 0
v -0.115368 -0.258588 -0.0200703
vn 0 0.0254 0
v -0.208239 -0.263064 -0.0236104
vn 0.00481132 0.0137206 -0.0208268
v -0.244759 -0.274103 0.00751131
vn 0.00481132 0.0137206 -0.0208268
v -0.201143 -0.269575 -0.00191455
vn 0.00481132 0.0137206 -0.0208268
v -0.201143 -0.269575 -0.00191455
vn -0.00481132 -0.0137206 0.0208268
v -0.244759 -0.274103 0.00751131
vn -0.00481132 -0.0137206 0.0208268
v -0.208239 -0.263064 -0.0236104
vn -0.00481132 -0.0137206 0.0208268
v -0.218438 -0.252244 -0.0421133
vn 0 0.0254 0
v -0.201143 -0.269575 -0.00191455
vn 0 0.0254 0
v -0.208239 -0.263064 -0.0236104
vn 0 0.0254 0
v -0.208239 -0.263064 -0.0236104
vn -0 -0.0254 -0
v -0.201143 -0.269575 -0.00191455
vn -0 -0.0254 -0
v -0.218438 -0.252244 -0.0421133
vn -0 -0.0254 -0
v -0.201143 -0.269575 -0.00191455
vn 0.0100378 0.0137206 -0.0188719
v -0.24219 -0.275388 0.0246461
vn 0.0100378 0.0137206 -0.0188719
v -0.197633 -0.271331 0.0214958
vn 0.0100378 0.0137206 -0.0188719
v -0.197633 -0.271331 0.0214958
vn -0.0100378 -0.0137206 0.0188719
v -0.24219 -0.275388 0.0246461
vn -0.0100378 -0.0137206 0.0188719
v -0.201143 -0.269575 -0.00191455
vn -0.0100378 -0.0137206 0.0188719
v -0.231044 -0.23785 -0.0561621
vn 0 0.0254 0
v -0.197633 -0.271331 0.0214958
vn 0 0.0254 0
v -0.197633 -0.271331 0.0214958
vn -0 -0.0254 -0
v -0.231044 -0.23785 -0.0561621
vn -0 -0.0254 -0
v -0.126072 -0.248767 -0.0527974
vn -0.000882879 -0 -0.0253847
v 0.419219 0.208891 -0.131658
vn -0.000882879 -0 -0.0253847
v -0.141457 -0.232444 -0.0807093
vn -0.000882879 -0 -0.0253847
v -0.141457 -0.232444 -0.0807093
vn 0.000882879 0 0.0253847
v 0.419219 0.208891 -0.131658
vn 0.000882879 0 0.0253847
v -0.126072 -0.248767 -0.0527974
vn 0.000882879 0 0.0253847
v -0.257418 -0.261417 -0.0219104
vn -0.000743001 0.0137206 -0.0213624
v -0.208239 -0.263064 -0.0236104
vn -0.000743001 0.0137206 -0.0213624
v -0.218438 -0.252244 -0.0421133
vn -0.000743001 0.0137206 -0.0213624
v -0.218438 -0.252244 -0.0421133
vn 0.000743001 -0.0137206 0.0213624
v -0.208239 -0.263064 -0.0236104
vn 0.000743001 -0.0137206 0.0213624
v -0.257418 -0.261417 -0.0219104
vn 0.000743001 -0.0137206 0.0213624
v -0.266645 -0.250882 -0.0321937
vn -0.00624667 0.0137206 -0.0204422
v -0.218438 -0.252244 -0.0421133
vn -0.00624667 0.0137206 -0.0204422
v -0.231044 -0.23785 -0.0561621
vn -0.00624667 0.0137206 -0.0204422
v -0.231044 -0.23785 -0.0561621
vn 0.00624667 -0.0137206 0.0204422
v -0.218438 -0.252244 -0.0421133
vn 0.00624667 -0.0137206 0.0204422
v -0.266645 -0.250882 -0.0321937
vn 0.00624667 -0.0137206 0.0204422
v -0.141457 -0.232444 -0.0807093
vn -0.00742282 -0 -0.0242912
v 0.400203 0.230603 -0.15285
vn -0.00742282 -0 -0.0242912
v -0.160473 -0.210732 -0.101902
vn -0.00742282 -0 -0.0242912
v -0.160473 -0.210732 -0.101902
vn 0.00742282 0 0.0242912
v 0.400203 0.230603 -0.15285
vn 0.00742282 0 0.0242912
v -0.141457 -0.232444 -0.0807093
vn 0.00742282 0 0.0242912
v -0.160473 -0.210732 -0.101902
vn -0 -0.0254 -0
v -0.160473 -0.210732 -0.101902
vn 0 0.0254 0
v -0.160473 -0.210732 -0.101902
vn -0.0114389 0.0133789 -0.0183117
v -0.213551 -0.202892 -0.0894644
vn -0.0114389 0.0133789 -0.0183117
v -0.195862 -0.224118 -0.0786702
vn -0.0114389 0.0133789 -0.0183117
v -0.195862 -0.224118 -0.0786702
vn 0.0114389 -0.0133789 0.0183117
v -0.213551 -0.202892 -0.0894644
vn 0.0114389 -0.0133789 0.0183117
v -0.160473 -0.210732 -0.101902
vn 0.0114389 -0.0133789 0.0183117
v -0.213551 -0.202892 -0.0894644
vn -0.0115501 0.0130339 -0.0184898
v -0.213551 -0.202892 -0.0894644
vn 0.0115501 -0.0130339 0.0184898
v -0.277005 -0.238451 -0.0385158
vn -0.0113247 0.0137206 -0.0181289
v -0.231044 -0.23785 -0.0561621
vn -0.0113247 0.0137206 -0.0181289
v -0.245199 -0.220865 -0.0647994
vn -0.0113247 0.0137206 -0.0181289
v -0.245199 -0.220865 -0.0647994
vn 0.0113247 -0.0137206 0.0181289
v -0.231044 -0.23785 -0.0561621
vn 0.0113247 -0.0137206 0.0181289
v -0.277005 -0.238451 -0.0385158
vn 0.0113247 -0.0137206 0.0181289
v -0.245199 -0.220865 -0.0647994
vn 0 0.0254 0
v -0.245199 -0.220865 -0.0647994
vn -0 -0.0254 -0
v -0.188929 -0.229015 -0.0447948
vn 0 0.0254 0
v -0.188929 -0.229015 -0.0447948
vn -0 -0.0254 -0
v -0.154502 -0.262064 0.0477824
vn 0 0.0254 0
v -0.154502 -0.262064 0.0477824
vn -0 -0.0254 -0
v -0.110073 -0.261238 0.0152436
vn 0.010139 0.0133789 -0.0190622
v -0.110073 -0.261238 0.0152436
vn -0.010139 -0.0133789 0.0190622
v -0.197948 -0.268215 0.0450253
vn 0.0148704 0.0130339 -0.015942
v -0.154108 -0.265959 0.0183777
vn 0.0148704 0.0130339 -0.015942
v -0.197633 -0.271331 0.0214958
vn 0.0148704 0.0130339 -0.015942
v -0.197633 -0.271331 0.0214958
vn -0.0148704 -0.0130339 0.015942
v -0.154108 -0.265959 0.0183777
vn -0.0148704 -0.0130339 0.015942
v -0.197948 -0.268215 0.0450253
vn -0.0148704 -0.0130339 0.015942
v 0.445308 0.182747 -0.0710185
vn 0.00571724 0 -0.0247482
v 0.445308 0.182747 -0.0710185
vn -0.00571724 0 0.0247482
v 0.434603 0.192569 -0.103746
vn -0.000882879 -0 -0.0253847
v 0.434603 0.192569 -0.103746
vn 0.000882879 0 0.0253847
v -0.249953 -0.269337 -0.00836805
vn 0.00481132 0.0137206 -0.0208268
v -0.249953 -0.269337 -0.00836805
vn -0.00481132 -0.0137206 0.0208268
v -0.244759 -0.274103 0.00751131
vn 0.0100378 0.0137206 -0.0188719
v -0.244759 -0.274103 0.00751131
vn -0.0100378 -0.0137206 0.0188719
v -0.242421 -0.273107 0.0418684
vn 0.0145801 0.0137206 -0.0156309
v -0.197633 -0.271331 0.0214958
vn 0.0145801 0.0137206 -0.0156309
v -0.24219 -0.275388 0.0246461
vn 0.0145801 0.0137206 -0.0156309
v -0.24219 -0.275388 0.0246461
vn -0.0145801 -0.0137206 0.0156309
v -0.197633 -0.271331 0.0214958
vn -0.0145801 -0.0137206 0.0156309
v -0.242421 -0.273107 0.0418684
vn -0.0145801 -0.0137206 0.0156309
v 0.419219 0.208891 -0.131658
vn -0.00742282 -0 -0.0242912
v 0.419219 0.208891 -0.131658
vn 0.00742282 0 0.0242912
v -0.249953 -0.269337 -0.00836805
vn -0.000743001 0.0137206 -0.0213624
v -0.249953 -0.269337 -0.00836805
vn 0.000743001 -0.0137206 0.0213624
v -0.257418 -0.261417 -0.0219104
vn -0.00624667 0.0137206 -0.0204422
v -0.257418 -0.261417 -0.0219104
vn 0.00624667 -0.0137206 0.0204422
v -0.266645 -0.250882 -0.0321937
vn -0.0113247 0.0137206 -0.0181289
v -0.266645 -0.250882 -0.0321937
vn 0.0113247 -0.0137206 0.0181289
v 0.378851 0.256225 -0.165878
vn -0.0134569 0 -0.0215423
v -0.160473 -0.210732 -0.101902
vn -0.0134569 0 -0.0215423
v 0.400203 0.230603 -0.15285
vn -0.0134569 0 -0.0215423
v 0.400203 0.230603 -0.15285
vn 0.0134569 0 0.0215423
v -0.160473 -0.210732 -0.101902
vn 0.0134569 0 0.0215423
v 0.378851 0.256225 -0.165878
vn 0.0134569 0 0.0215423
v -0.110073 -0.261238 0.0152436
vn -0 -0.0254 -0
v -0.110073 -0.261238 0.0152436
vn 0 0.0254 0
v -0.181825 -0.18511 -0.11493
vn -0.0114389 0.0133789 -0.0183117
v -0.181825 -0.18511 -0.11493
vn 0.0114389 -0.0133789 0.0183117
v -0.213551 -0.202892 -0.0894644
vn 0 0.0254 0
v -0.213551 -0.202892 -0.0894644
vn -0 -0.0254 -0
v -0.213551 -0.202892 -0.0894644
vn -0.015942 0.0130339 -0.0148704
v -0.259938 -0.202446 -0.0674366
vn -0.015942 0.0130339 -0.0148704
v -0.245199 -0.220865 -0.0647994
vn -0.015942 0.0130339 -0.0148704
v -0.245199 -0.220865 -0.0647994
vn 0.015942 -0.0130339 0.0148704
v -0.259938 -0.202446 -0.0674366
vn 0.015942 -0.0130339 0.0148704
v -0.213551 -0.202892 -0.0894644
vn 0.015942 -0.0130339 0.0148704
v -0.245199 -0.220865 -0.0647994
vn -0.0156309 0.0137206 -0.0145801
v -0.287792 -0.224969 -0.0404454
vn -0.0156309 0.0137206 -0.0145801
v -0.277005 -0.238451 -0.0385158
vn -0.0156309 0.0137206 -0.0145801
v -0.277005 -0.238451 -0.0385158
vn 0.0156309 -0.0137206 0.0145801
v -0.287792 -0.224969 -0.0404454
vn 0.0156309 -0.0137206 0.0145801
v -0.245199 -0.220865 -0.0647994
vn 0.0156309 -0.0137206 0.0145801
v -0.220444 -0.246109 -0.0110495
vn 0 0.0254 0
v -0.220444 -0.246109 -0.0110495
vn -0 -0.0254 -0
v -0.171634 -0.246347 -0.00459602
vn 0 0.0254 0
v -0.171634 -0.246347 -0.00459602
vn -0 -0.0254 -0
v -0.154502 -0.262064 0.0477824
vn 0.0147272 0.0133789 -0.0157885
v -0.110073 -0.261238 0.0152436
vn 0.0147272 0.0133789 -0.0157885
v -0.154108 -0.265959 0.0183777
vn 0.0147272 0.0133789 -0.0157885
v -0.154108 -0.265959 0.0183777
vn -0.0147272 -0.0133789 0.0157885
v -0.110073 -0.261238 0.0152436
vn -0.0147272 -0.0133789 0.0157885
v -0.154502 -0.262064 0.0477824
vn -0.0147272 -0.0133789 0.0157885
v -0.154502 -0.262064 0.0477824
vn 0.0148704 0.0130339 -0.015942
v -0.154502 -0.262064 0.0477824
vn -0.0148704 -0.0130339 0.015942
v -0.110073 -0.261238 0.0152436
vn 0.0119277 0 -0.0224252
v 0.445308 0.182747 -0.0710185
vn 0.0119277 0 -0.0224252
v -0.115368 -0.258588 -0.0200703
vn 0.0119277 0 -0.0224252
v -0.115368 -0.258588 -0.0200703
vn -0.0119277 0 0.0224252
v 0.445308 0.182747 -0.0710185
vn -0.0119277 0 0.0224252
v -0.110073 -0.261238 0.0152436
vn -0.0119277 0 0.0224252
v -0.197948 -0.268215 0.0450253
vn 0.0145801 0.0137206 -0.0156309
v -0.197948 -0.268215 0.0450253
vn -0.0145801 -0.0137206 0.0156309
v -0.197948 -0.268215 0.0450253
vn 0 0.0254 0
v -0.197948 -0.268215 0.0450253
vn -0 -0.0254 -0
v 0.445308 0.182747 -0.0710185
vn -0 -0.0254 -0
v 0.419219 0.208891 -0.131658
vn -0 -0.0254 -0
v 0.434603 0.192569 -0.103746
vn -0 -0.0254 -0
v 0.434603 0.192569 -0.103746
vn 0 0.0254 0
v 0.419219 0.208891 -0.131658
vn 0 0.0254 0
v 0.445308 0.182747 -0.0710185
vn 0 0.0254 0
v -0.249953 -0.269337 -0.00836805
vn 0.00477111 0.013995 -0.0206527
v -0.288779 -0.278096 0.0171303
vn 0.00477111 0.013995 -0.0206527
v -0.244759 -0.274103 0.00751131
vn 0.00477111 0.013995 -0.0206527
v -0.244759 -0.274103 0.00751131
vn -0.00477111 -0.013995 0.0206527
v -0.288779 -0.278096 0.0171303
vn -0.00477111 -0.013995 0.0206527
v -0.249953 -0.269337 -0.00836805
vn -0.00477111 -0.013995 0.0206527
v -0.257418 -0.261417 -0.0219104
vn 0 0.0254 0
v -0.244759 -0.274103 0.00751131
vn 0 0.0254 0
v -0.249953 -0.269337 -0.00836805
vn 0 0.0254 0
v -0.249953 -0.269337 -0.00836805
vn -0 -0.0254 -0
v -0.244759 -0.274103 0.00751131
vn -0 -0.0254 -0
v -0.257418 -0.261417 -0.0219104
vn -0 -0.0254 -0
v -0.244759 -0.274103 0.00751131
vn 0.00995385 0.013995 -0.0187141
v -0.287177 -0.278897 0.0278095
vn 0.00995385 0.013995 -0.0187141
v -0.24219 -0.275388 0.0246461
vn 0.00995385 0.013995 -0.0187141
v -0.24219 -0.275388 0.0246461
vn -0.00995385 -0.013995 0.0187141
v -0.287177 -0.278897 0.0278095
vn -0.00995385 -0.013995 0.0187141
v -0.244759 -0.274103 0.00751131
vn -0.00995385 -0.013995 0.0187141
v -0.266645 -0.250882 -0.0321937
vn 0 0.0254 0
v -0.24219 -0.275388 0.0246461
vn 0 0.0254 0
v -0.24219 -0.275388 0.0246461
vn -0 -0.0254 -0
v -0.266645 -0.250882 -0.0321937
vn -0 -0.0254 -0
v -0.24219 -0.275388 0.0246461
vn 0.0144583 0.013995 -0.0155002
v -0.287321 -0.277476 0.0385436
vn 0.0144583 0.013995 -0.0155002
v -0.242421 -0.273107 0.0418684
vn 0.0144583 0.013995 -0.0155002
v -0.242421 -0.273107 0.0418684
vn -0.0144583 -0.013995 0.0155002
v -0.287321 -0.277476 0.0385436
vn -0.0144583 -0.013995 0.0155002
v -0.24219 -0.275388 0.0246461
vn -0.0144583 -0.013995 0.0155002
v -0.277005 -0.238451 -0.0385158
vn 0 0.0254 0
v -0.242421 -0.273107 0.0418684
vn 0 0.0254 0
v -0.242421 -0.273107 0.0418684
vn -0 -0.0254 -0
v -0.277005 -0.238451 -0.0385158
vn -0 -0.0254 -0
v 0.400203 0.230603 -0.15285
vn -0 -0.0254 -0
v 0.400203 0.230603 -0.15285
vn 0 0.0254 0
v -0.296668 -0.27019 -0.00120721
vn -0.000736778 0.013995 -0.0211839
v -0.249953 -0.269337 -0.00836805
vn -0.000736778 0.013995 -0.0211839
v -0.257418 -0.261417 -0.0219104
vn -0.000736778 0.013995 -0.0211839
v -0.257418 -0.261417 -0.0219104
vn 0.000736778 -0.013995 0.0211839
v -0.249953 -0.269337 -0.00836805
vn 0.000736778 -0.013995 0.0211839
v -0.296668 -0.27019 -0.00120721
vn 0.000736778 -0.013995 0.0211839
v -0.302419 -0.263623 -0.00761588
vn -0.00619445 0.013995 -0.0202713
v -0.257418 -0.261417 -0.0219104
vn -0.00619445 0.013995 -0.0202713
v -0.266645 -0.250882 -0.0321937
vn -0.00619445 0.013995 -0.0202713
v -0.266645 -0.250882 -0.0321937
vn 0.00619445 -0.013995 0.0202713
v -0.257418 -0.261417 -0.0219104
vn 0.00619445 -0.013995 0.0202713
v -0.302419 -0.263623 -0.00761588
vn 0.00619445 -0.013995 0.0202713
v -0.308876 -0.255875 -0.0115561
vn -0.01123 0.013995 -0.0179774
v -0.266645 -0.250882 -0.0321937
vn -0.01123 0.013995 -0.0179774
v -0.277005 -0.238451 -0.0385158
vn -0.01123 0.013995 -0.0179774
v -0.277005 -0.238451 -0.0385158
vn 0.01123 -0.013995 0.0179774
v -0.266645 -0.250882 -0.0321937
vn 0.01123 -0.013995 0.0179774
v -0.308876 -0.255875 -0.0115561
vn 0.01123 -0.013995 0.0179774
v -0.181825 -0.18511 -0.11493
vn -0.0134569 0 -0.0215423
v -0.181825 -0.18511 -0.11493
vn 0.0134569 0 0.0215423
v 0.450603 0.180098 -0.0357046
vn -0 -0.0254 -0
v 0.378851 0.256225 -0.165878
vn -0 -0.0254 -0
v 0.378851 0.256225 -0.165878
vn 0 0.0254 0
v 0.450603 0.180098 -0.0357046
vn 0 0.0254 0
v -0.181825 -0.18511 -0.11493
vn -0 -0.0254 -0
v -0.181825 -0.18511 -0.11493
vn 0 0.0254 0
v -0.181825 -0.18511 -0.11493
vn -0.0157885 0.0133789 -0.0147272
v -0.23197 -0.179874 -0.0927604
vn -0.0157885 0.0133789 -0.0147272
v -0.213551 -0.202892 -0.0894644
vn -0.0157885 0.0133789 -0.0147272
v -0.213551 -0.202892 -0.0894644
vn 0.0157885 -0.0133789 0.0147272
v -0.23197 -0.179874 -0.0927604
vn 0.0157885 -0.0133789 0.0147272
v -0.181825 -0.18511 -0.11493
vn 0.0157885 -0.0133789 0.0147272
v -0.201535 -0.214622 -0.0588436
vn 0 0.0254 0
v -0.201535 -0.214622 -0.0588436
vn -0 -0.0254 -0
v -0.23197 -0.179874 -0.0927604
vn -0.015942 0.0130339 -0.0148704
v -0.23197 -0.179874 -0.0927604
vn 0.015942 -0.0130339 0.0148704
v -0.259938 -0.202446 -0.0674366
vn -0.0156309 0.0137206 -0.0145801
v -0.259938 -0.202446 -0.0674366
vn 0.0156309 -0.0137206 0.0145801
v -0.227909 -0.238189 -0.0245918
vn 0 0.0254 0
v -0.259938 -0.202446 -0.0674366
vn 0 0.0254 0
v -0.259938 -0.202446 -0.0674366
vn -0 -0.0254 -0
v -0.227909 -0.238189 -0.0245918
vn -0 -0.0254 -0
v -0.315599 -0.247473 -0.0127594
vn -0.0155002 0.013995 -0.0144583
v -0.277005 -0.238451 -0.0385158
vn -0.0155002 0.013995 -0.0144583
v -0.287792 -0.224969 -0.0404454
vn -0.0155002 0.013995 -0.0144583
v -0.287792 -0.224969 -0.0404454
vn 0.0155002 -0.013995 0.0144583
v -0.277005 -0.238451 -0.0385158
vn 0.0155002 -0.013995 0.0144583
v -0.315599 -0.247473 -0.0127594
vn 0.0155002 -0.013995 0.0144583
v -0.267159 -0.246962 -0.00388869
vn 0 0.0254 0
v -0.287792 -0.224969 -0.0404454
vn 0 0.0254 0
v -0.287792 -0.224969 -0.0404454
vn -0 -0.0254 -0
v -0.267159 -0.246962 -0.00388869
vn -0 -0.0254 -0
v -0.168124 -0.248103 0.0188144
vn 0 0.0254 0
v -0.168124 -0.248103 0.0188144
vn -0 -0.0254 -0
v -0.110548 -0.256537 0.0507381
vn 0.0147272 0.0133789 -0.0157885
v -0.110548 -0.256537 0.0507381
vn -0.0147272 -0.0133789 0.0157885
v -0.197948 -0.268215 0.0450253
vn 0.0184898 0.0130339 -0.0115501
v -0.15965 -0.252344 0.0753321
vn 0.0184898 0.0130339 -0.0115501
v -0.154502 -0.262064 0.0477824
vn 0.0184898 0.0130339 -0.0115501
v -0.154502 -0.262064 0.0477824
vn -0.0184898 -0.0130339 0.0115501
v -0.15965 -0.252344 0.0753321
vn -0.0184898 -0.0130339 0.0115501
v -0.197948 -0.268215 0.0450253
vn -0.0184898 -0.0130339 0.0115501
v 0.450603 0.180098 -0.0357046
vn 0.0119277 0 -0.0224252
v 0.450603 0.180098 -0.0357046
vn -0.0119277 0 0.0224252
v -0.242421 -0.273107 0.0418684
vn 0.0181289 0.0137206 -0.0113247
v -0.202067 -0.260437 0.0670705
vn 0.0181289 0.0137206 -0.0113247
v -0.197948 -0.268215 0.0450253
vn 0.0181289 0.0137206 -0.0113247
v -0.197948 -0.268215 0.0450253
vn -0.0181289 -0.0137206 0.0113247
v -0.202067 -0.260437 0.0670705
vn -0.0181289 -0.0137206 0.0113247
v -0.242421 -0.273107 0.0418684
vn -0.0181289 -0.0137206 0.0113247
v -0.21525 -0.250875 0.00482984
vn 0 0.0254 0
v -0.21525 -0.250875 0.00482984
vn -0 -0.0254 -0
v -0.292016 -0.275126 0.00723371
vn 0.00477111 0.013995 -0.0206527
v -0.292016 -0.275126 0.00723371
vn -0.00477111 -0.013995 0.0206527
v -0.288779 -0.278096 0.0171303
vn 0.00995385 0.013995 -0.0187141
v -0.288779 -0.278096 0.0171303
vn -0.00995385 -0.013995 0.0187141
v -0.287177 -0.278897 0.0278095
vn 0.0144583 0.013995 -0.0155002
v -0.287177 -0.278897 0.0278095
vn -0.0144583 -0.013995 0.0155002
v -0.287321 -0.277476 0.0385436
vn 0.0179774 0.013995 -0.01123
v -0.245436 -0.267414 0.058004
vn 0.0179774 0.013995 -0.01123
v -0.242421 -0.273107 0.0418684
vn 0.0179774 0.013995 -0.01123
v -0.242421 -0.273107 0.0418684
vn -0.0179774 -0.013995 0.01123
v -0.245436 -0.267414 0.058004
vn -0.0179774 -0.013995 0.01123
v -0.287321 -0.277476 0.0385436
vn -0.0179774 -0.013995 0.01123
v -0.262507 -0.251898 0.00455223
vn 0 0.0254 0
v -0.262507 -0.251898 0.00455223
vn -0 -0.0254 -0
v -0.292016 -0.275126 0.00723371
vn -0.000736778 0.013995 -0.0211839
v -0.292016 -0.275126 0.00723371
vn 0.000736778 -0.013995 0.0211839
v -0.296668 -0.27019 -0.00120721
vn -0.00619445 0.013995 -0.0202713
v -0.296668 -0.27019 -0.00120721
vn 0.00619445 -0.013995 0.0202713
v -0.302419 -0.263623 -0.00761588
vn -0.01123 0.013995 -0.0179774
v -0.302419 -0.263623 -0.00761588
vn 0.01123 -0.013995 0.0179774
v -0.308876 -0.255875 -0.0115561
vn -0.0155002 0.013995 -0.0144583
v -0.308876 -0.255875 -0.0115561
vn 0.0155002 -0.013995 0.0144583
v 0.378851 0.256225 -0.165878
vn -0.018574 0 -0.0173254
v -0.204058 -0.157325 -0.118909
vn -0.018574 0 -0.0173254
v -0.181825 -0.18511 -0.11493
vn -0.018574 0 -0.0173254
v -0.181825 -0.18511 -0.11493
vn 0.018574 0 0.0173254
v -0.204058 -0.157325 -0.118909
vn 0.018574 0 0.0173254
v 0.378851 0.256225 -0.165878
vn 0.018574 0 0.0173254
v 0.450128 0.184799 -0.000210106
vn -0 -0.0254 -0
v 0.450128 0.184799 -0.000210106
vn 0 0.0254 0
v -0.110548 -0.256537 0.0507381
vn -0 -0.0254 -0
v -0.110548 -0.256537 0.0507381
vn 0 0.0254 0
v -0.204058 -0.157325 -0.118909
vn -0.0157885 0.0133789 -0.0147272
v -0.204058 -0.157325 -0.118909
vn 0.0157885 -0.0133789 0.0147272
v -0.23197 -0.179874 -0.0927604
vn 0 0.0254 0
v -0.23197 -0.179874 -0.0927604
vn -0 -0.0254 -0
v -0.23197 -0.179874 -0.0927604
vn -0.0192476 0.0130339 -0.0102376
v -0.274255 -0.183847 -0.0638943
vn -0.0192476 0.0130339 -0.0102376
v -0.259938 -0.202446 -0.0674366
vn -0.0192476 0.0130339 -0.0102376
v -0.259938 -0.202446 -0.0674366
vn 0.0192476 -0.0130339 0.0102376
v -0.274255 -0.183847 -0.0638943
vn 0.0192476 -0.0130339 0.0102376
v -0.23197 -0.179874 -0.0927604
vn 0.0192476 -0.0130339 0.0102376
v -0.259938 -0.202446 -0.0674366
vn -0.0188719 0.0137206 -0.0100378
v -0.298272 -0.211357 -0.0378529
vn -0.0188719 0.0137206 -0.0100378
v -0.287792 -0.224969 -0.0404454
vn -0.0188719 0.0137206 -0.0100378
v -0.287792 -0.224969 -0.0404454
vn 0.0188719 -0.0137206 0.0100378
v -0.298272 -0.211357 -0.0378529
vn 0.0188719 -0.0137206 0.0100378
v -0.259938 -0.202446 -0.0674366
vn 0.0188719 -0.0137206 0.0100378
v -0.237136 -0.227654 -0.0348751
vn 0 0.0254 0
v -0.237136 -0.227654 -0.0348751
vn -0 -0.0254 -0
v -0.287792 -0.224969 -0.0404454
vn -0.0187141 0.013995 -0.00995385
v -0.322131 -0.238989 -0.0111435
vn -0.0187141 0.013995 -0.00995385
v -0.315599 -0.247473 -0.0127594
vn -0.0187141 0.013995 -0.00995385
v -0.315599 -0.247473 -0.0127594
vn 0.0187141 -0.013995 0.00995385
v -0.322131 -0.238989 -0.0111435
vn 0.0187141 -0.013995 0.00995385
v -0.287792 -0.224969 -0.0404454
vn 0.0187141 -0.013995 0.00995385
v -0.27291 -0.240395 -0.0102974
vn 0 0.0254 0
v -0.27291 -0.240395 -0.0102974
vn -0 -0.0254 -0
v -0.168439 -0.244987 0.0423438
vn 0 0.0254 0
v -0.168439 -0.244987 0.0423438
vn -0 -0.0254 -0
v -0.154502 -0.262064 0.0477824
vn 0.0183117 0.0133789 -0.0114389
v -0.116762 -0.244803 0.0839925
vn 0.0183117 0.0133789 -0.0114389
v -0.110548 -0.256537 0.0507381
vn 0.0183117 0.0133789 -0.0114389
v -0.110548 -0.256537 0.0507381
vn -0.0183117 -0.0133789 0.0114389
v -0.116762 -0.244803 0.0839925
vn -0.0183117 -0.0133789 0.0114389
v -0.154502 -0.262064 0.0477824
vn -0.0183117 -0.0133789 0.0114389
v 0.450128 0.184799 -0.000210106
vn 0.0173254 0 -0.018574
v -0.110073 -0.261238 0.0152436
vn 0.0173254 0 -0.018574
v -0.110548 -0.256537 0.0507381
vn 0.0173254 0 -0.018574
v -0.110548 -0.256537 0.0507381
vn -0.0173254 0 0.018574
v -0.110073 -0.261238 0.0152436
vn -0.0173254 0 0.018574
v 0.450128 0.184799 -0.000210106
vn -0.0173254 0 0.018574
v -0.202067 -0.260437 0.0670705
vn 0.0184898 0.0130339 -0.0115501
v -0.202067 -0.260437 0.0670705
vn -0.0184898 -0.0130339 0.0115501
v -0.15965 -0.252344 0.0753321
vn 0 0.0254 0
v -0.15965 -0.252344 0.0753321
vn -0 -0.0254 -0
v -0.15965 -0.252344 0.0753321
vn 0.0183117 0.0133789 -0.0114389
v -0.15965 -0.252344 0.0753321
vn -0.0183117 -0.0133789 0.0114389
v 0.450603 0.180098 -0.0357046
vn 0.0173254 0 -0.018574
v 0.450603 0.180098 -0.0357046
vn -0.0173254 0 0.018574
v -0.245436 -0.267414 0.058004
vn 0.0181289 0.0137206 -0.0113247
v -0.245436 -0.267414 0.058004
vn -0.0181289 -0.0137206 0.0113247
v -0.212681 -0.25216 0.0219647
vn 0 0.0254 0
v -0.202067 -0.260437 0.0670705
vn 0 0.0254 0
v -0.202067 -0.260437 0.0670705
vn -0 -0.0254 -0
v -0.212681 -0.25216 0.0219647
vn -0 -0.0254 -0
v -0.288779 -0.278096 0.0171303
vn 0 0.0254 0
v -0.279625 -0.286905 0.041546
vn 0 0.0254 0
v -0.292016 -0.275126 0.00723371
vn 0 0.0254 0
v -0.287177 -0.278897 0.0278095
vn 0 0.0254 0
v -0.287321 -0.277476 0.0385436
vn 0 0.0254 0
v -0.282073 -0.282285 0.0546425
vn 0 0.0254 0
v -0.2892 -0.273927 0.0486004
vn 0.0179774 0.013995 -0.01123
v -0.2892 -0.273927 0.0486004
vn -0.0179774 -0.013995 0.01123
v -0.259269 -0.254868 0.0144488
vn 0 0.0254 0
v -0.245436 -0.267414 0.058004
vn 0 0.0254 0
v -0.245436 -0.267414 0.058004
vn -0 -0.0254 -0
v -0.259269 -0.254868 0.0144488
vn -0 -0.0254 -0
v -0.307695 -0.258777 -0.0236952
vn 0 0.0254 0
v -0.296668 -0.27019 -0.00120721
vn 0 0.0254 0
v -0.302419 -0.263623 -0.00761588
vn 0 0.0254 0
v -0.31645 -0.247835 -0.025262
vn 0 0.0254 0
v -0.308876 -0.255875 -0.0115561
vn 0 0.0254 0
v -0.315599 -0.247473 -0.0127594
vn 0 0.0254 0
v 0.356618 0.28401 -0.169857
vn -0.018574 0 -0.0173254
v 0.356618 0.28401 -0.169857
vn 0.018574 0 0.0173254
v -0.204058 -0.157325 -0.118909
vn -0 -0.0254 -0
v -0.204058 -0.157325 -0.118909
vn 0 0.0254 0
v 0.356618 0.28401 -0.169857
vn -0 -0.0254 -0
v 0.356618 0.28401 -0.169857
vn 0 0.0254 0
v -0.204058 -0.157325 -0.118909
vn -0.0190622 0.0133789 -0.010139
v -0.249862 -0.156631 -0.0883333
vn -0.0190622 0.0133789 -0.010139
v -0.23197 -0.179874 -0.0927604
vn -0.0190622 0.0133789 -0.010139
v -0.23197 -0.179874 -0.0927604
vn 0.0190622 -0.0133789 0.010139
v -0.249862 -0.156631 -0.0883333
vn 0.0190622 -0.0133789 0.010139
v -0.204058 -0.157325 -0.118909
vn 0.0190622 -0.0133789 0.010139
v -0.21569 -0.197637 -0.0674808
vn 0 0.0254 0
v -0.21569 -0.197637 -0.0674808
vn -0 -0.0254 -0
v -0.249862 -0.156631 -0.0883333
vn -0.0192476 0.0130339 -0.0102376
v -0.249862 -0.156631 -0.0883333
vn 0.0192476 -0.0130339 0.0102376
v -0.247496 -0.215223 -0.0411973
vn 0 0.0254 0
v -0.274255 -0.183847 -0.0638943
vn 0 0.0254 0
v -0.274255 -0.183847 -0.0638943
vn -0 -0.0254 -0
v -0.247496 -0.215223 -0.0411973
vn -0 -0.0254 -0
v -0.274255 -0.183847 -0.0638943
vn -0.0188719 0.0137206 -0.0100378
v -0.274255 -0.183847 -0.0638943
vn 0.0188719 -0.0137206 0.0100378
v -0.298272 -0.211357 -0.0378529
vn 0 0.0254 0
v -0.298272 -0.211357 -0.0378529
vn -0 -0.0254 -0
v -0.298272 -0.211357 -0.0378529
vn -0.0187141 0.013995 -0.00995385
v -0.298272 -0.211357 -0.0378529
vn 0.0187141 -0.013995 0.00995385
v -0.322131 -0.238989 -0.0111435
vn 0 0.0254 0
v -0.324956 -0.236787 -0.0231575
vn 0 0.0254 0
v 0.443914 0.196532 0.0330443
vn 0.0215423 0 -0.0134569
v -0.110548 -0.256537 0.0507381
vn 0.0215423 0 -0.0134569
v -0.116762 -0.244803 0.0839925
vn 0.0215423 0 -0.0134569
v -0.116762 -0.244803 0.0839925
vn -0.0215423 0 0.0134569
v -0.110548 -0.256537 0.0507381
vn -0.0215423 0 0.0134569
v 0.443914 0.196532 0.0330443
vn -0.0215423 0 0.0134569
v -0.116762 -0.244803 0.0839925
vn -0 -0.0254 -0
v -0.116762 -0.244803 0.0839925
vn 0 0.0254 0
v 0.450128 0.184799 -0.000210106
vn 0.0215423 0 -0.0134569
v 0.450128 0.184799 -0.000210106
vn -0.0215423 0 0.0134569
v -0.202067 -0.260437 0.0670705
vn 0.0208491 0.0130339 -0.00637103
v -0.1692 -0.237462 0.0991493
vn 0.0208491 0.0130339 -0.00637103
v -0.15965 -0.252344 0.0753321
vn 0.0208491 0.0130339 -0.00637103
v -0.15965 -0.252344 0.0753321
vn -0.0208491 -0.0130339 0.00637103
v -0.1692 -0.237462 0.0991493
vn -0.0208491 -0.0130339 0.00637103
v -0.202067 -0.260437 0.0670705
vn -0.0208491 -0.0130339 0.00637103
v -0.172558 -0.237209 0.0643891
vn 0 0.0254 0
v -0.172558 -0.237209 0.0643891
vn -0 -0.0254 -0
v -0.15965 -0.252344 0.0753321
vn 0.0206483 0.0133789 -0.00630966
v -0.12829 -0.226839 0.112742
vn 0.0206483 0.0133789 -0.00630966
v -0.116762 -0.244803 0.0839925
vn 0.0206483 0.0133789 -0.00630966
v -0.116762 -0.244803 0.0839925
vn -0.0206483 -0.0133789 0.00630966
v -0.12829 -0.226839 0.112742
vn -0.0206483 -0.0133789 0.00630966
v -0.15965 -0.252344 0.0753321
vn -0.0206483 -0.0133789 0.00630966
v -0.245436 -0.267414 0.058004
vn 0.0204422 0.0137206 -0.00624667
v -0.20971 -0.248528 0.0861292
vn 0.0204422 0.0137206 -0.00624667
v -0.202067 -0.260437 0.0670705
vn 0.0204422 0.0137206 -0.00624667
v -0.202067 -0.260437 0.0670705
vn -0.0204422 -0.0137206 0.00624667
v -0.20971 -0.248528 0.0861292
vn -0.0204422 -0.0137206 0.00624667
v -0.245436 -0.267414 0.058004
vn -0.0204422 -0.0137206 0.00624667
v -0.212912 -0.249879 0.0391869
vn 0 0.0254 0
v -0.212912 -0.249879 0.0391869
vn -0 -0.0254 -0
v -0.279438 -0.288757 0.0275689
vn 0 0.0254 0
v -0.2892 -0.273927 0.0486004
vn 0 0.0254 0
v -0.2892 -0.273927 0.0486004
vn 0.0202713 0.013995 -0.00619445
v -0.251029 -0.258698 0.071953
vn 0.0202713 0.013995 -0.00619445
v -0.245436 -0.267414 0.058004
vn 0.0202713 0.013995 -0.00619445
v -0.245436 -0.267414 0.058004
vn -0.0202713 -0.013995 0.00619445
v -0.251029 -0.258698 0.071953
vn -0.0202713 -0.013995 0.00619445
v -0.2892 -0.273927 0.0486004
vn -0.0202713 -0.013995 0.00619445
v -0.257668 -0.255669 0.025128
vn 0 0.0254 0
v -0.257668 -0.255669 0.025128
vn -0 -0.0254 -0
v 0.356618 0.28401 -0.169857
vn -0.0224252 -0 -0.0119277
v -0.225656 -0.12927 -0.113565
vn -0.0224252 -0 -0.0119277
v -0.204058 -0.157325 -0.118909
vn -0.0224252 -0 -0.0119277
v -0.204058 -0.157325 -0.118909
vn 0.0224252 0 0.0119277
v -0.225656 -0.12927 -0.113565
vn 0.0224252 0 0.0119277
v 0.356618 0.28401 -0.169857
vn 0.0224252 0 0.0119277
v 0.402043 0.237803 -0.0702344
vn -0 -0.0254 -0
v 0.402043 0.237803 -0.0702344
vn 0 0.0254 0
v -0.225656 -0.12927 -0.113565
vn -0.0190622 0.0133789 -0.010139
v -0.225656 -0.12927 -0.113565
vn 0.0190622 -0.0133789 0.010139
v -0.230428 -0.179218 -0.070118
vn 0 0.0254 0
v -0.249862 -0.156631 -0.0883333
vn 0 0.0254 0
v -0.249862 -0.156631 -0.0883333
vn -0 -0.0254 -0
v -0.230428 -0.179218 -0.070118
vn -0 -0.0254 -0
v -0.249862 -0.156631 -0.0883333
vn -0.0212414 0.0130339 -0.0049071
v -0.287177 -0.166337 -0.0544136
vn -0.0212414 0.0130339 -0.0049071
v -0.274255 -0.183847 -0.0638943
vn -0.0212414 0.0130339 -0.0049071
v -0.274255 -0.183847 -0.0638943
vn 0.0212414 -0.0130339 0.0049071
v -0.287177 -0.166337 -0.0544136
vn 0.0212414 -0.0130339 0.0049071
v -0.249862 -0.156631 -0.0883333
vn 0.0212414 -0.0130339 0.0049071
v -0.258283 -0.201741 -0.0431269
vn 0 0.0254 0
v -0.258283 -0.201741 -0.0431269
vn -0 -0.0254 -0
v -0.274255 -0.183847 -0.0638943
vn -0.0208268 0.0137206 -0.00481132
v -0.30773 -0.19854 -0.030914
vn -0.0208268 0.0137206 -0.00481132
v -0.298272 -0.211357 -0.0378529
vn -0.0208268 0.0137206 -0.00481132
v -0.298272 -0.211357 -0.0378529
vn 0.0208268 -0.0137206 0.00481132
v -0.30773 -0.19854 -0.030914
vn 0.0208268 -0.0137206 0.00481132
v -0.274255 -0.183847 -0.0638943
vn 0.0208268 -0.0137206 0.00481132
v -0.279367 -0.232647 -0.0142376
vn 0 0.0254 0
v -0.279367 -0.232647 -0.0142376
vn -0 -0.0254 -0
v -0.298272 -0.211357 -0.0378529
vn -0.0206527 0.013995 -0.00477111
v -0.328026 -0.231 -0.00681884
vn -0.0206527 0.013995 -0.00477111
v -0.322131 -0.238989 -0.0111435
vn -0.0206527 0.013995 -0.00477111
v -0.322131 -0.238989 -0.0111435
vn 0.0206527 -0.013995 0.00477111
v -0.328026 -0.231 -0.00681884
vn 0.0206527 -0.013995 0.00477111
v -0.298272 -0.211357 -0.0378529
vn 0.0206527 -0.013995 0.00477111
v -0.332632 -0.226385 -0.0175256
vn 0 0.0254 0
v -0.116762 -0.244803 0.0839925
vn 0.0242912 0 -0.00742282
v 0.432386 0.214496 0.0617937
vn 0.0242912 0 -0.00742282
v 0.443914 0.196532 0.0330443
vn 0.0242912 0 -0.00742282
v 0.443914 0.196532 0.0330443
vn -0.0242912 0 0.00742282
v 0.432386 0.214496 0.0617937
vn -0.0242912 0 0.00742282
v -0.116762 -0.244803 0.0839925
vn -0.0242912 0 0.00742282
v -0.225656 -0.12927 -0.113565
vn -0 -0.0254 -0
v -0.225656 -0.12927 -0.113565
vn 0 0.0254 0
v 0.443914 0.196532 0.0330443
vn -0 -0.0254 -0
v 0.443914 0.196532 0.0330443
vn 0 0.0254 0
v -0.20971 -0.248528 0.0861292
vn 0.0208491 0.0130339 -0.00637103
v -0.20971 -0.248528 0.0861292
vn -0.0208491 -0.0130339 0.00637103
v -0.1692 -0.237462 0.0991493
vn 0 0.0254 0
v -0.1692 -0.237462 0.0991493
vn -0 -0.0254 -0
v -0.1692 -0.237462 0.0991493
vn 0.0206483 0.0133789 -0.00630966
v -0.1692 -0.237462 0.0991493
vn -0.0206483 -0.0133789 0.00630966
v -0.12829 -0.226839 0.112742
vn 0.0242912 0 -0.00742282
v -0.12829 -0.226839 0.112742
vn -0.0242912 0 0.00742282
v -0.12829 -0.226839 0.112742
vn -0 -0.0254 -0
v -0.12829 -0.226839 0.112742
vn 0 0.0254 0
v -0.251029 -0.258698 0.071953
vn 0.0204422 0.0137206 -0.00624667
v -0.251029 -0.258698 0.071953
vn -0.0204422 -0.0137206 0.00624667
v -0.215926 -0.244186 0.0553225
vn 0 0.0254 0
v -0.20971 -0.248528 0.0861292
vn 0 0.0254 0
v -0.20971 -0.248528 0.0861292
vn -0 -0.0254 -0
v -0.215926 -0.244186 0.0553225
vn -0 -0.0254 -0
v -0.286612 -0.275211 0.0659641
vn 0 0.0254 0
v -0.292687 -0.268494 0.0572943
vn 0.0202713 0.013995 -0.00619445
v -0.292687 -0.268494 0.0572943
vn -0.0202713 -0.013995 0.00619445
v -0.257812 -0.254248 0.0358622
vn 0 0.0254 0
v -0.251029 -0.258698 0.071953
vn 0 0.0254 0
v -0.251029 -0.258698 0.071953
vn -0 -0.0254 -0
v -0.257812 -0.254248 0.0358622
vn -0 -0.0254 -0
v -0.299286 -0.268867 -0.0185639
vn 0 0.0254 0
v 0.33502 0.312065 -0.164513
vn -0.0224252 -0 -0.0119277
v 0.33502 0.312065 -0.164513
vn 0.0224252 0 0.0119277
v 0.393952 0.246386 -0.0849127
vn -0 -0.0254 -0
v 0.393952 0.246386 -0.0849127
vn 0 0.0254 0
v -0.225656 -0.12927 -0.113565
vn -0.0210368 0.0133789 -0.00485986
v -0.26601 -0.134749 -0.0764851
vn -0.0210368 0.0133789 -0.00485986
v -0.249862 -0.156631 -0.0883333
vn -0.0210368 0.0133789 -0.00485986
v -0.249862 -0.156631 -0.0883333
vn 0.0210368 -0.0133789 0.00485986
v -0.26601 -0.134749 -0.0764851
vn 0.0210368 -0.0133789 0.00485986
v -0.225656 -0.12927 -0.113565
vn 0.0210368 -0.0133789 0.00485986
v -0.244746 -0.160619 -0.0665758
vn 0 0.0254 0
v -0.244746 -0.160619 -0.0665758
vn -0 -0.0254 -0
v -0.26601 -0.134749 -0.0764851
vn -0.0212414 0.0130339 -0.0049071
v -0.26601 -0.134749 -0.0764851
vn 0.0212414 -0.0130339 0.0049071
v -0.287177 -0.166337 -0.0544136
vn -0.0208268 0.0137206 -0.00481132
v -0.287177 -0.166337 -0.0544136
vn 0.0208268 -0.0137206 0.00481132
v -0.268763 -0.188129 -0.0405344
vn 0 0.0254 0
v -0.287177 -0.166337 -0.0544136
vn 0 0.0254 0
v -0.287177 -0.166337 -0.0544136
vn -0 -0.0254 -0
v -0.268763 -0.188129 -0.0405344
vn -0 -0.0254 -0
v -0.30773 -0.19854 -0.030914
vn -0.0206527 0.013995 -0.00477111
v -0.30773 -0.19854 -0.030914
vn 0.0206527 -0.013995 0.00477111
v -0.292622 -0.215761 -0.013825
vn 0 0.0254 0
v -0.30773 -0.19854 -0.030914
vn 0 0.0254 0
v -0.30773 -0.19854 -0.030914
vn -0 -0.0254 -0
v -0.292622 -0.215761 -0.013825
vn -0 -0.0254 -0
v -0.28609 -0.224245 -0.0154409
vn 0 0.0254 0
v -0.28609 -0.224245 -0.0154409
vn -0 -0.0254 -0
v -0.328026 -0.231 -0.00681884
vn 0 0.0254 0
v 0.410206 0.233717 -0.0157889
vn -0 -0.0254 -0
v 0.432386 0.214496 0.0617937
vn -0 -0.0254 -0
v 0.432386 0.214496 0.0617937
vn 0 0.0254 0
v 0.410206 0.233717 -0.0157889
vn 0 0.0254 0
v 0.407672 0.232638 -0.0530246
vn -0 -0.0254 -0
v 0.407672 0.232638 -0.0530246
vn 0 0.0254 0
v -0.20971 -0.248528 0.0861292
vn 0.0217877 0.0130339 -0.000757784
v -0.182503 -0.218431 0.117611
vn 0.0217877 0.0130339 -0.000757784
v -0.1692 -0.237462 0.0991493
vn 0.0217877 0.0130339 -0.000757784
v -0.1692 -0.237462 0.0991493
vn -0.0217877 -0.0130339 0.000757784
v -0.182503 -0.218431 0.117611
vn -0.0217877 -0.0130339 0.000757784
v -0.20971 -0.248528 0.0861292
vn -0.0217877 -0.0130339 0.000757784
v -0.1802 -0.2253 0.0834477
vn 0 0.0254 0
v -0.1802 -0.2253 0.0834477
vn -0 -0.0254 -0
v -0.1692 -0.237462 0.0991493
vn 0.0215778 0.0133789 -0.000750468
v -0.144347 -0.203868 0.135027
vn 0.0215778 0.0133789 -0.000750468
v -0.12829 -0.226839 0.112742
vn 0.0215778 0.0133789 -0.000750468
v -0.12829 -0.226839 0.112742
vn -0.0215778 -0.0133789 0.000750468
v -0.144347 -0.203868 0.135027
vn -0.0215778 -0.0133789 0.000750468
v -0.1692 -0.237462 0.0991493
vn -0.0215778 -0.0133789 0.000750468
v -0.12829 -0.226839 0.112742
vn 0.0253847 0 -0.000882879
v 0.416329 0.237468 0.0840786
vn 0.0253847 0 -0.000882879
v 0.432386 0.214496 0.0617937
vn 0.0253847 0 -0.000882879
v 0.432386 0.214496 0.0617937
vn -0.0253847 0 0.000882879
v 0.416329 0.237468 0.0840786
vn -0.0253847 0 0.000882879
v -0.12829 -0.226839 0.112742
vn -0.0253847 0 0.000882879
v -0.245148 -0.102856 -0.0992634
vn -0 -0.0254 -0
v -0.245148 -0.102856 -0.0992634
vn 0 0.0254 0
v -0.251029 -0.258698 0.071953
vn 0.0213624 0.0137206 -0.000743001
v -0.220354 -0.233299 0.100902
vn 0.0213624 0.0137206 -0.000743001
v -0.20971 -0.248528 0.0861292
vn 0.0213624 0.0137206 -0.000743001
v -0.20971 -0.248528 0.0861292
vn -0.0213624 -0.0137206 0.000743001
v -0.220354 -0.233299 0.100902
vn -0.0213624 -0.0137206 0.000743001
v -0.251029 -0.258698 0.071953
vn -0.0213624 -0.0137206 0.000743001
v -0.22152 -0.23547 0.0692715
vn 0 0.0254 0
v -0.22152 -0.23547 0.0692715
vn -0 -0.0254 -0
v -0.292687 -0.268494 0.0572943
vn 0 0.0254 0
v -0.292687 -0.268494 0.0572943
vn 0.0211839 0.013995 -0.000736778
v -0.25882 -0.247552 0.0827656
vn 0.0211839 0.013995 -0.000736778
v -0.251029 -0.258698 0.071953
vn 0.0211839 0.013995 -0.000736778
v -0.251029 -0.258698 0.071953
vn -0.0211839 -0.013995 0.000736778
v -0.25882 -0.247552 0.0827656
vn -0.0211839 -0.013995 0.000736778
v -0.292687 -0.268494 0.0572943
vn -0.0211839 -0.013995 0.000736778
v -0.259691 -0.250699 0.0459189
vn 0 0.0254 0
v -0.259691 -0.250699 0.0459189
vn -0 -0.0254 -0
v -0.281523 -0.287713 0.0136615
vn 0 0.0254 0
v 0.33502 0.312065 -0.164513
vn -0 -0.0254 -0
v 0.33502 0.312065 -0.164513
vn 0 0.0254 0
v 0.33502 0.312065 -0.164513
vn -0.0247482 -0 -0.00571724
v -0.245148 -0.102856 -0.0992634
vn -0.0247482 -0 -0.00571724
v -0.225656 -0.12927 -0.113565
vn -0.0247482 -0 -0.00571724
v -0.225656 -0.12927 -0.113565
vn 0.0247482 0 0.00571724
v -0.245148 -0.102856 -0.0992634
vn 0.0247482 0 0.00571724
v 0.33502 0.312065 -0.164513
vn 0.0247482 0 0.00571724
v 0.402043 0.237803 -0.0702344
vn -0.0135615 0 0.0214766
v 0.379198 0.234772 -0.0835719
vn -0.00754085 0 0.0242548
v 0.393952 0.246386 -0.0849127
vn -0.00754085 0 0.0242548
v 0.393952 0.246386 -0.0849127
vn 0.00754085 0 -0.0242548
v 0.379198 0.234772 -0.0835719
vn 0.00754085 0 -0.0242548
v 0.402043 0.237803 -0.0702344
vn 0.0135615 0 -0.0214766
v 0.377724 0.239475 -0.0590508
vn 0.000622402 -0.0180148 0.0178952
v 0.393952 0.246386 -0.0849127
vn 0.000622402 -0.0180148 0.0178952
v 0.402043 0.237803 -0.0702344
vn 0.000622402 -0.0180148 0.0178952
v 0.402043 0.237803 -0.0702344
vn -0.000622402 0.0180148 -0.0178952
v 0.393952 0.246386 -0.0849127
vn -0.000622402 0.0180148 -0.0178952
v 0.377724 0.239475 -0.0590508
vn -0.000622402 0.0180148 -0.0178952
v -0.245148 -0.102856 -0.0992634
vn -0.0210368 0.0133789 -0.00485986
v -0.245148 -0.102856 -0.0992634
vn 0.0210368 -0.0133789 0.00485986
v -0.26601 -0.134749 -0.0764851
vn 0 0.0254 0
v -0.26601 -0.134749 -0.0764851
vn -0 -0.0254 -0
v -0.26601 -0.134749 -0.0764851
vn -0.0217877 0.0130339 0.000757784
v -0.297822 -0.151109 -0.0396405
vn -0.0217877 0.0130339 0.000757784
v -0.287177 -0.166337 -0.0544136
vn -0.0217877 0.0130339 0.000757784
v -0.287177 -0.166337 -0.0544136
vn 0.0217877 -0.0130339 -0.000757784
v -0.297822 -0.151109 -0.0396405
vn 0.0217877 -0.0130339 -0.000757784
v -0.26601 -0.134749 -0.0764851
vn 0.0217877 -0.0130339 -0.000757784
v -0.287177 -0.166337 -0.0544136
vn -0.0213624 0.0137206 0.000743001
v -0.31552 -0.187395 -0.0201013
vn -0.0213624 0.0137206 0.000743001
v -0.30773 -0.19854 -0.030914
vn -0.0213624 0.0137206 0.000743001
v -0.30773 -0.19854 -0.030914
vn 0.0213624 -0.0137206 -0.000743001
v -0.31552 -0.187395 -0.0201013
vn 0.0213624 -0.0137206 -0.000743001
v -0.287177 -0.166337 -0.0544136
vn 0.0213624 -0.0137206 -0.000743001
v -0.27822 -0.175312 -0.0335954
vn 0 0.0254 0
v -0.27822 -0.175312 -0.0335954
vn -0 -0.0254 -0
v -0.30773 -0.19854 -0.030914
vn -0.0211839 0.013995 0.000736778
v -0.332882 -0.224054 -7.91143e-05
vn -0.0211839 0.013995 0.000736778
v -0.328026 -0.231 -0.00681884
vn -0.0211839 0.013995 0.000736778
v -0.328026 -0.231 -0.00681884
vn 0.0211839 -0.013995 -0.000736778
v -0.332882 -0.224054 -7.91143e-05
vn 0.0211839 -0.013995 -0.000736778
v -0.30773 -0.19854 -0.030914
vn 0.0211839 -0.013995 -0.000736778
v -0.298517 -0.207772 -0.00950032
vn 0 0.0254 0
v -0.298517 -0.207772 -0.00950032
vn -0 -0.0254 -0
v -0.338956 -0.217338 -0.00874948
vn 0 0.0254 0
v 0.410457 0.231244 -0.0344538
vn -0 -0.0254 -0
v 0.410457 0.231244 -0.0344538
vn 0 0.0254 0
v 0.406939 0.239887 0.00169868
vn -0 -0.0254 -0
v 0.406939 0.239887 0.00169868
vn 0 0.0254 0
v 0.407672 0.232638 -0.0530246
vn -0.018658 0 0.0172349
v 0.387288 0.226189 -0.0688936
vn -0.0135615 0 0.0214766
v 0.387288 0.226189 -0.0688936
vn 0.0135615 0 -0.0214766
v 0.407672 0.232638 -0.0530246
vn 0.018658 0 -0.0172349
v 0.407672 0.232638 -0.0530246
vn -0.00403042 -0.0180148 0.0174465
v 0.377724 0.239475 -0.0590508
vn -0.00403042 -0.0180148 0.0174465
v 0.402043 0.237803 -0.0702344
vn -0.00403042 -0.0180148 0.0174465
v 0.402043 0.237803 -0.0702344
vn 0.00403042 0.0180148 -0.0174465
v 0.377724 0.239475 -0.0590508
vn 0.00403042 0.0180148 -0.0174465
v 0.407672 0.232638 -0.0530246
vn 0.00403042 0.0180148 -0.0174465
v -0.220354 -0.233299 0.100902
vn 0.0217877 0.0130339 -0.000757784
v -0.220354 -0.233299 0.100902
vn -0.0217877 -0.0130339 0.000757784
v -0.182503 -0.218431 0.117611
vn 0 0.0254 0
v -0.182503 -0.218431 0.117611
vn -0 -0.0254 -0
v -0.182503 -0.218431 0.117611
vn 0.0215778 0.0133789 -0.000750468
v -0.182503 -0.218431 0.117611
vn -0.0215778 -0.0133789 0.000750468
v -0.144347 -0.203868 0.135027
vn 0.0253847 0 -0.000882879
v -0.144347 -0.203868 0.135027
vn -0.0253847 0 0.000882879
v -0.144347 -0.203868 0.135027
vn -0 -0.0254 -0
v -0.144347 -0.203868 0.135027
vn 0 0.0254 0
v 0.400876 0.249334 0.0168174
vn -0 -0.0254 -0
v 0.416329 0.237468 0.0840786
vn -0 -0.0254 -0
v 0.416329 0.237468 0.0840786
vn 0 0.0254 0
v 0.400876 0.249334 0.0168174
vn 0 0.0254 0
v -0.25882 -0.247552 0.0827656
vn 0.0213624 0.0137206 -0.000743001
v -0.25882 -0.247552 0.0827656
vn -0.0213624 -0.0137206 0.000743001
v -0.220354 -0.233299 0.100902
vn 0 0.0254 0
v -0.220354 -0.233299 0.100902
vn -0 -0.0254 -0
v -0.292936 -0.266164 0.0747402
vn 0 0.0254 0
v -0.297542 -0.261548 0.064034
vn 0.0211839 0.013995 -0.000736778
v -0.297542 -0.261548 0.064034
vn -0.0211839 -0.013995 0.000736778
v -0.263177 -0.245266 0.0546128
vn 0 0.0254 0
v -0.25882 -0.247552 0.0827656
vn 0 0.0254 0
v -0.25882 -0.247552 0.0827656
vn -0 -0.0254 -0
v -0.263177 -0.245266 0.0546128
vn -0 -0.0254 -0
v -0.291798 -0.277418 -0.0102187
vn 0 0.0254 0
v 0.383952 0.257804 -0.096057
vn -0 -0.0254 -0
v 0.383952 0.257804 -0.096057
vn 0 0.0254 0
v 0.315528 0.33848 -0.150212
vn -0.0247482 -0 -0.00571724
v 0.315528 0.33848 -0.150212
vn 0.0247482 0 0.00571724
v 0.369198 0.24619 -0.0947163
vn -0.0010063 0 0.0253801
v 0.369198 0.24619 -0.0947163
vn 0.0010063 0 -0.0253801
v 0.371776 0.245787 -0.069841
vn 0.000622402 -0.0180148 0.0178952
v 0.371776 0.245787 -0.069841
vn -0.000622402 0.0180148 -0.0178952
v -0.245148 -0.102856 -0.0992634
vn -0.0215778 0.0133789 0.000750468
v -0.279313 -0.115718 -0.0580236
vn -0.0215778 0.0133789 0.000750468
v -0.26601 -0.134749 -0.0764851
vn -0.0215778 0.0133789 0.000750468
v -0.26601 -0.134749 -0.0764851
vn 0.0215778 -0.0133789 -0.000750468
v -0.279313 -0.115718 -0.0580236
vn 0.0215778 -0.0133789 -0.000750468
v -0.245148 -0.102856 -0.0992634
vn 0.0215778 -0.0133789 -0.000750468
v -0.257668 -0.143109 -0.057095
vn 0 0.0254 0
v -0.257668 -0.143109 -0.057095
vn -0 -0.0254 -0
v -0.279313 -0.115718 -0.0580236
vn -0.0217877 0.0130339 0.000757784
v -0.279313 -0.115718 -0.0580236
vn 0.0217877 -0.0130339 -0.000757784
v -0.297822 -0.151109 -0.0396405
vn -0.0213624 0.0137206 0.000743001
v -0.297822 -0.151109 -0.0396405
vn 0.0213624 -0.0137206 -0.000743001
v -0.297822 -0.151109 -0.0396405
vn 0 0.0254 0
v -0.297822 -0.151109 -0.0396405
vn -0 -0.0254 -0
v -0.31552 -0.187395 -0.0201013
vn -0.0211839 0.013995 0.000736778
v -0.31552 -0.187395 -0.0201013
vn 0.0211839 -0.013995 -0.000736778
v -0.31552 -0.187395 -0.0201013
vn 0 0.0254 0
v -0.31552 -0.187395 -0.0201013
vn -0 -0.0254 -0
v -0.332882 -0.224054 -7.91143e-05
vn 0 0.0254 0
v 0.410206 0.233717 -0.0157889
vn -0.0247757 0 0.00559684
v 0.395702 0.21963 -0.0331131
vn -0.0224829 0 0.0118186
v 0.410457 0.231244 -0.0344538
vn -0.0224829 0 0.0118186
v 0.410457 0.231244 -0.0344538
vn 0.0224829 0 -0.0118186
v 0.395702 0.21963 -0.0331131
vn 0.0224829 0 -0.0118186
v 0.410206 0.233717 -0.0157889
vn 0.0247757 0 -0.00559684
v 0.410206 0.233717 -0.0157889
vn -0.0122137 -0.0180148 0.0130939
v 0.383909 0.234655 -0.0327459
vn -0.0122137 -0.0180148 0.0130939
v 0.410457 0.231244 -0.0344538
vn -0.0122137 -0.0180148 0.0130939
v 0.410457 0.231244 -0.0344538
vn 0.0122137 0.0180148 -0.0130939
v 0.383909 0.234655 -0.0327459
vn 0.0122137 0.0180148 -0.0130939
v 0.410206 0.233717 -0.0157889
vn 0.0122137 0.0180148 -0.0130939
v 0.392184 0.228273 0.00303941
vn -0.0253801 0 -0.0010063
v 0.406939 0.239887 0.00169868
vn -0.0253801 0 -0.0010063
v 0.406939 0.239887 0.00169868
vn 0.0253801 0 0.0010063
v 0.392184 0.228273 0.00303941
vn 0.0253801 0 0.0010063
v 0.406939 0.239887 0.00169868
vn -0.0151865 -0.0180148 0.00948662
v 0.383725 0.236472 -0.019024
vn -0.0151865 -0.0180148 0.00948662
v 0.410206 0.233717 -0.0157889
vn -0.0151865 -0.0180148 0.00948662
v 0.410206 0.233717 -0.0157889
vn 0.0151865 0.0180148 -0.00948662
v 0.383725 0.236472 -0.019024
vn 0.0151865 0.0180148 -0.00948662
v 0.406939 0.239887 0.00169868
vn 0.0151865 0.0180148 -0.00948662
v 0.392917 0.221024 -0.0516838
vn -0.018658 0 0.0172349
v 0.392917 0.221024 -0.0516838
vn 0.018658 0 -0.0172349
v 0.410457 0.231244 -0.0344538
vn -0.00840859 -0.0180148 0.0158089
v 0.381862 0.235679 -0.046398
vn -0.00840859 -0.0180148 0.0158089
v 0.407672 0.232638 -0.0530246
vn -0.00840859 -0.0180148 0.0158089
v 0.407672 0.232638 -0.0530246
vn 0.00840859 0.0180148 -0.0158089
v 0.381862 0.235679 -0.046398
vn 0.00840859 0.0180148 -0.0158089
v 0.410457 0.231244 -0.0344538
vn 0.00840859 0.0180148 -0.0158089
v 0.381862 0.235679 -0.046398
vn -0.00403042 -0.0180148 0.0174465
v 0.381862 0.235679 -0.046398
vn 0.00403042 0.0180148 -0.0174465
v -0.220354 -0.233299 0.100902
vn 0.0212414 0.0130339 0.0049071
v -0.19865 -0.196549 0.129459
vn 0.0212414 0.0130339 0.0049071
v -0.182503 -0.218431 0.117611
vn 0.0212414 0.0130339 0.0049071
v -0.182503 -0.218431 0.117611
vn -0.0212414 -0.0130339 -0.0049071
v -0.19865 -0.196549 0.129459
vn -0.0212414 -0.0130339 -0.0049071
v -0.220354 -0.233299 0.100902
vn -0.0212414 -0.0130339 -0.0049071
v -0.190845 -0.210071 0.0982208
vn 0 0.0254 0
v -0.190845 -0.210071 0.0982208
vn -0 -0.0254 -0
v -0.182503 -0.218431 0.117611
vn 0.0210368 0.0133789 0.00485986
v -0.163839 -0.177454 0.149328
vn 0.0210368 0.0133789 0.00485986
v -0.144347 -0.203868 0.135027
vn 0.0210368 0.0133789 0.00485986
v -0.144347 -0.203868 0.135027
vn -0.0210368 -0.0133789 -0.00485986
v -0.163839 -0.177454 0.149328
vn -0.0210368 -0.0133789 -0.00485986
v -0.182503 -0.218431 0.117611
vn -0.0210368 -0.0133789 -0.00485986
v -0.144347 -0.203868 0.135027
vn 0.0247482 0 0.00571724
v 0.396837 0.263881 0.0983798
vn 0.0247482 0 0.00571724
v 0.416329 0.237468 0.0840786
vn 0.0247482 0 0.00571724
v 0.416329 0.237468 0.0840786
vn -0.0247482 -0 -0.00571724
v 0.396837 0.263881 0.0983798
vn -0.0247482 -0 -0.00571724
v -0.144347 -0.203868 0.135027
vn -0.0247482 -0 -0.00571724
v -0.261205 -0.0798845 -0.0769785
vn -0 -0.0254 -0
v -0.261205 -0.0798845 -0.0769785
vn 0 0.0254 0
v 0.392432 0.261414 0.028537
vn -0 -0.0254 -0
v 0.392432 0.261414 0.028537
vn 0 0.0254 0
v -0.25882 -0.247552 0.0827656
vn 0.0208268 0.0137206 0.00481132
v -0.233276 -0.215789 0.110383
vn 0.0208268 0.0137206 0.00481132
v -0.220354 -0.233299 0.100902
vn 0.0208268 0.0137206 0.00481132
v -0.220354 -0.233299 0.100902
vn -0.0208268 -0.0137206 -0.00481132
v -0.233276 -0.215789 0.110383
vn -0.0208268 -0.0137206 -0.00481132
v -0.25882 -0.247552 0.0827656
vn -0.0208268 -0.0137206 -0.00481132
v -0.229311 -0.224324 0.0800841
vn 0 0.0254 0
v -0.229311 -0.224324 0.0800841
vn -0 -0.0254 -0
v -0.297542 -0.261548 0.064034
vn 0 0.0254 0
v -0.297542 -0.261548 0.064034
vn 0.0206527 0.013995 0.00477111
v -0.268278 -0.234736 0.0897046
vn 0.0206527 0.013995 0.00477111
v -0.25882 -0.247552 0.0827656
vn 0.0206527 0.013995 0.00477111
v -0.25882 -0.247552 0.0827656
vn -0.0206527 -0.013995 -0.00477111
v -0.268278 -0.234736 0.0897046
vn -0.0206527 -0.013995 -0.00477111
v -0.297542 -0.261548 0.064034
vn -0.0206527 -0.013995 -0.00477111
v -0.268033 -0.23832 0.0613526
vn 0 0.0254 0
v -0.268033 -0.23832 0.0613526
vn -0 -0.0254 -0
v -0.285739 -0.283846 0.000773268
vn 0 0.0254 0
v 0.383952 0.257804 -0.096057
vn -0.0010063 0 0.0253801
v 0.383952 0.257804 -0.096057
vn 0.0010063 0 -0.0253801
v 0.371776 0.245787 -0.069841
vn 0.00523281 -0.0180148 0.0171243
v 0.383952 0.257804 -0.096057
vn 0.00523281 -0.0180148 0.0171243
v 0.393952 0.246386 -0.0849127
vn 0.00523281 -0.0180148 0.0171243
v 0.393952 0.246386 -0.0849127
vn -0.00523281 0.0180148 -0.0171243
v 0.383952 0.257804 -0.096057
vn -0.00523281 0.0180148 -0.0171243
v 0.371776 0.245787 -0.069841
vn -0.00523281 0.0180148 -0.0171243
v 0.372724 0.271278 -0.102909
vn -0 -0.0254 -0
v 0.372724 0.271278 -0.102909
vn 0 0.0254 0
v 0.361032 0.285889 -0.105001
vn -0 -0.0254 -0
v 0.315528 0.33848 -0.150212
vn -0 -0.0254 -0
v 0.315528 0.33848 -0.150212
vn 0 0.0254 0
v 0.361032 0.285889 -0.105001
vn 0 0.0254 0
v 0.315528 0.33848 -0.150212
vn -0.0253847 0 0.000882879
v -0.261205 -0.0798845 -0.0769785
vn -0.0253847 0 0.000882879
v -0.245148 -0.102856 -0.0992634
vn -0.0253847 0 0.000882879
v -0.245148 -0.102856 -0.0992634
vn 0.0253847 0 -0.000882879
v -0.261205 -0.0798845 -0.0769785
vn 0.0253847 0 -0.000882879
v 0.315528 0.33848 -0.150212
vn 0.0253847 0 -0.000882879
v 0.392917 0.221024 -0.0516838
vn -0 -0.0254 -0
v 0.379198 0.234772 -0.0835719
vn -0 -0.0254 -0
v 0.387288 0.226189 -0.0688936
vn -0 -0.0254 -0
v 0.387288 0.226189 -0.0688936
vn 0 0.0254 0
v 0.379198 0.234772 -0.0835719
vn 0 0.0254 0
v 0.392917 0.221024 -0.0516838
vn 0 0.0254 0
v 0.362969 0.227861 -0.0577101
vn 0.000622402 -0.0180148 0.0178952
v 0.379198 0.234772 -0.0835719
vn 0.000622402 -0.0180148 0.0178952
v 0.387288 0.226189 -0.0688936
vn 0.000622402 -0.0180148 0.0178952
v 0.387288 0.226189 -0.0688936
vn -0.000622402 0.0180148 -0.0178952
v 0.379198 0.234772 -0.0835719
vn -0.000622402 0.0180148 -0.0178952
v 0.362969 0.227861 -0.0577101
vn -0.000622402 0.0180148 -0.0178952
v 0.369198 0.24619 -0.0947163
vn -0 -0.0254 -0
v 0.369198 0.24619 -0.0947163
vn 0 0.0254 0
v 0.357021 0.234172 -0.0685003
vn 0.00523281 -0.0180148 0.0171243
v 0.369198 0.24619 -0.0947163
vn 0.00523281 -0.0180148 0.0171243
v 0.379198 0.234772 -0.0835719
vn 0.00523281 -0.0180148 0.0171243
v 0.379198 0.234772 -0.0835719
vn -0.00523281 0.0180148 -0.0171243
v 0.369198 0.24619 -0.0947163
vn -0.00523281 0.0180148 -0.0171243
v 0.357021 0.234172 -0.0685003
vn -0.00523281 0.0180148 -0.0171243
v 0.377724 0.239475 -0.0590508
vn -0.0196707 0 0.0160693
v 0.357021 0.234172 -0.0685003
vn -0.0148414 0 0.0206129
v 0.371776 0.245787 -0.069841
vn -0.0148414 0 0.0206129
v 0.371776 0.245787 -0.069841
vn 0.0148414 0 -0.0206129
v 0.357021 0.234172 -0.0685003
vn 0.0148414 0 -0.0206129
v 0.377724 0.239475 -0.0590508
vn 0.0196707 0 -0.0160693
v 0.371776 0.245787 -0.069841
vn -0 -0.0254 -0
v 0.357969 0.259664 -0.101568
vn -0 -0.0254 -0
v 0.377724 0.239475 -0.0590508
vn -0 -0.0254 -0
v 0.377724 0.239475 -0.0590508
vn 0 0.0254 0
v 0.357969 0.259664 -0.101568
vn 0 0.0254 0
v 0.371776 0.245787 -0.069841
vn 0 0.0254 0
v 0.377724 0.239475 -0.0590508
vn 0.000684708 -0.0160352 0.0196867
v 0.351016 0.243083 -0.0573909
vn 0.000684708 -0.0160352 0.0196867
v 0.371776 0.245787 -0.069841
vn 0.000684708 -0.0160352 0.0196867
v 0.371776 0.245787 -0.069841
vn -0.000684708 0.0160352 -0.0196867
v 0.351016 0.243083 -0.0573909
vn -0.000684708 0.0160352 -0.0196867
v 0.377724 0.239475 -0.0590508
vn -0.000684708 0.0160352 -0.0196867
v -0.261205 -0.0798845 -0.0769785
vn -0.0215778 0.0133789 0.000750468
v -0.261205 -0.0798845 -0.0769785
vn 0.0215778 -0.0133789 -0.000750468
v -0.279313 -0.115718 -0.0580236
vn 0 0.0254 0
v -0.279313 -0.115718 -0.0580236
vn -0 -0.0254 -0
v -0.279313 -0.115718 -0.0580236
vn -0.0208491 0.0130339 0.00637103
v -0.305464 -0.1392 -0.0205818
vn -0.0208491 0.0130339 0.00637103
v -0.297822 -0.151109 -0.0396405
vn -0.0208491 0.0130339 0.00637103
v -0.297822 -0.151109 -0.0396405
vn 0.0208491 -0.0130339 -0.00637103
v -0.305464 -0.1392 -0.0205818
vn 0.0208491 -0.0130339 -0.00637103
v -0.279313 -0.115718 -0.0580236
vn 0.0208491 -0.0130339 -0.00637103
v -0.297822 -0.151109 -0.0396405
vn -0.0204422 0.0137206 0.00624667
v -0.321114 -0.178678 -0.00615175
vn -0.0204422 0.0137206 0.00624667
v -0.31552 -0.187395 -0.0201013
vn -0.0204422 0.0137206 0.00624667
v -0.31552 -0.187395 -0.0201013
vn 0.0204422 -0.0137206 -0.00624667
v -0.321114 -0.178678 -0.00615175
vn 0.0204422 -0.0137206 -0.00624667
v -0.297822 -0.151109 -0.0396405
vn 0.0204422 -0.0137206 -0.00624667
v -0.286011 -0.164167 -0.0227828
vn 0 0.0254 0
v -0.286011 -0.164167 -0.0227828
vn -0 -0.0254 -0
v -0.31552 -0.187395 -0.0201013
vn -0.0202713 0.013995 0.00619445
v -0.336368 -0.218621 0.0086142
vn -0.0202713 0.013995 0.00619445
v -0.332882 -0.224054 -7.91143e-05
vn -0.0202713 0.013995 0.00619445
v -0.332882 -0.224054 -7.91143e-05
vn 0.0202713 -0.013995 -0.00619445
v -0.336368 -0.218621 0.0086142
vn 0.0202713 -0.013995 -0.00619445
v -0.31552 -0.187395 -0.0201013
vn 0.0202713 -0.013995 -0.00619445
v -0.303372 -0.200826 -0.00276059
vn 0 0.0254 0
v -0.303372 -0.200826 -0.00276059
vn -0 -0.0254 -0
v -0.336368 -0.218621 0.0086142
vn 0 0.0254 0
v 0.395452 0.222103 -0.0144482
vn -0.0247757 0 0.00559684
v 0.395452 0.222103 -0.0144482
vn 0.0247757 0 -0.00559684
v 0.383725 0.236472 -0.019024
vn -0.0122137 -0.0180148 0.0130939
v 0.383725 0.236472 -0.019024
vn 0.0122137 0.0180148 -0.0130939
v 0.383909 0.234655 -0.0327459
vn -0.00840859 -0.0180148 0.0158089
v 0.383909 0.234655 -0.0327459
vn 0.00840859 0.0180148 -0.0158089
v 0.386122 0.23772 0.0181581
vn -0.0242548 0 -0.00754085
v 0.400876 0.249334 0.0168174
vn -0.0242548 0 -0.00754085
v 0.400876 0.249334 0.0168174
vn 0.0242548 0 0.00754085
v 0.386122 0.23772 0.0181581
vn 0.0242548 0 0.00754085
v 0.400876 0.249334 0.0168174
vn -0.0171243 -0.0180148 0.00523281
v 0.381323 0.241008 -0.00616751
vn -0.0171243 -0.0180148 0.00523281
v 0.406939 0.239887 0.00169868
vn -0.0171243 -0.0180148 0.00523281
v 0.406939 0.239887 0.00169868
vn 0.0171243 0.0180148 -0.00523281
v 0.381323 0.241008 -0.00616751
vn 0.0171243 0.0180148 -0.00523281
v 0.400876 0.249334 0.0168174
vn 0.0171243 0.0180148 -0.00523281
v 0.381323 0.241008 -0.00616751
vn -0.0151865 -0.0180148 0.00948662
v 0.381323 0.241008 -0.00616751
vn 0.0151865 0.0180148 -0.00948662
v 0.392917 0.221024 -0.0516838
vn -0.00403042 -0.0180148 0.0174465
v 0.362969 0.227861 -0.0577101
vn -0.00403042 -0.0180148 0.0174465
v 0.387288 0.226189 -0.0688936
vn -0.00403042 -0.0180148 0.0174465
v 0.387288 0.226189 -0.0688936
vn 0.00403042 0.0180148 -0.0174465
v 0.362969 0.227861 -0.0577101
vn 0.00403042 0.0180148 -0.0174465
v 0.392917 0.221024 -0.0516838
vn 0.00403042 0.0180148 -0.0174465
v 0.381862 0.235679 -0.046398
vn -0.0231595 0 0.0104306
v 0.362969 0.227861 -0.0577101
vn -0.0196707 0 0.0160693
v 0.362969 0.227861 -0.0577101
vn 0.0196707 0 -0.0160693
v 0.381862 0.235679 -0.046398
vn 0.0231595 0 -0.0104306
v 0.395452 0.222103 -0.0144482
vn -0 -0.0254 -0
v 0.381862 0.235679 -0.046398
vn -0 -0.0254 -0
v 0.381862 0.235679 -0.046398
vn 0 0.0254 0
v 0.395452 0.222103 -0.0144482
vn 0 0.0254 0
v 0.358163 0.235922 -0.0407806
vn -0.0044339 -0.0160352 0.0191931
v 0.377724 0.239475 -0.0590508
vn -0.0044339 -0.0160352 0.0191931
v 0.381862 0.235679 -0.046398
vn -0.0044339 -0.0160352 0.0191931
v 0.381862 0.235679 -0.046398
vn 0.0044339 0.0160352 -0.0191931
v 0.377724 0.239475 -0.0590508
vn 0.0044339 0.0160352 -0.0191931
v 0.358163 0.235922 -0.0407806
vn 0.0044339 0.0160352 -0.0191931
v -0.233276 -0.215789 0.110383
vn 0.0212414 0.0130339 0.0049071
v -0.233276 -0.215789 0.110383
vn -0.0212414 -0.0130339 -0.0049071
v -0.203767 -0.192561 0.107702
vn 0 0.0254 0
v -0.19865 -0.196549 0.129459
vn 0 0.0254 0
v -0.19865 -0.196549 0.129459
vn -0 -0.0254 -0
v -0.203767 -0.192561 0.107702
vn -0 -0.0254 -0
v -0.19865 -0.196549 0.129459
vn 0.0210368 0.0133789 0.00485986
v -0.19865 -0.196549 0.129459
vn -0.0210368 -0.0133789 -0.00485986
v -0.163839 -0.177454 0.149328
vn 0.0247482 0 0.00571724
v -0.163839 -0.177454 0.149328
vn -0.0247482 -0 -0.00571724
v -0.163839 -0.177454 0.149328
vn -0 -0.0254 -0
v -0.163839 -0.177454 0.149328
vn 0 0.0254 0
v 0.382182 0.275304 0.0360569
vn -0 -0.0254 -0
v 0.396837 0.263881 0.0983798
vn -0 -0.0254 -0
v 0.396837 0.263881 0.0983798
vn 0 0.0254 0
v 0.382182 0.275304 0.0360569
vn 0 0.0254 0
v 0.377678 0.2498 0.0298778
vn -0.0214766 0 -0.0135615
v 0.392432 0.261414 0.028537
vn -0.0214766 0 -0.0135615
v 0.392432 0.261414 0.028537
vn 0.0214766 0 0.0135615
v 0.377678 0.2498 0.0298778
vn 0.0214766 0 0.0135615
v 0.392432 0.261414 0.028537
vn -0.0178952 -0.0180148 0.000622402
v 0.376867 0.247953 0.00494705
vn -0.0178952 -0.0180148 0.000622402
v 0.400876 0.249334 0.0168174
vn -0.0178952 -0.0180148 0.000622402
v 0.400876 0.249334 0.0168174
vn 0.0178952 0.0180148 -0.000622402
v 0.376867 0.247953 0.00494705
vn 0.0178952 0.0180148 -0.000622402
v 0.392432 0.261414 0.028537
vn 0.0178952 0.0180148 -0.000622402
v -0.268278 -0.234736 0.0897046
vn 0.0208268 0.0137206 0.00481132
v -0.268278 -0.234736 0.0897046
vn -0.0208268 -0.0137206 -0.00481132
v -0.238769 -0.211508 0.0870231
vn 0 0.0254 0
v -0.233276 -0.215789 0.110383
vn 0 0.0254 0
v -0.233276 -0.215789 0.110383
vn -0 -0.0254 -0
v -0.238769 -0.211508 0.0870231
vn -0 -0.0254 -0
v -0.303437 -0.25356 0.0683581
vn 0 0.0254 0
v -0.303437 -0.25356 0.0683581
vn 0.0206527 0.013995 0.00477111
v -0.303437 -0.25356 0.0683581
vn -0.0206527 -0.013995 -0.00477111
v -0.273928 -0.230332 0.0656767
vn 0 0.0254 0
v -0.268278 -0.234736 0.0897046
vn 0 0.0254 0
v -0.268278 -0.234736 0.0897046
vn -0 -0.0254 -0
v -0.273928 -0.230332 0.0656767
vn -0 -0.0254 -0
v 0.357969 0.259664 -0.101568
vn 0.00559684 0 0.0247757
v 0.357969 0.259664 -0.101568
vn -0.00559684 -0 -0.0247757
v 0.364424 0.25418 -0.0780336
vn 0.00523281 -0.0180148 0.0171243
v 0.364424 0.25418 -0.0780336
vn -0.00523281 0.0180148 -0.0171243
v 0.372724 0.271278 -0.102909
vn 0.00559684 0 0.0247757
v 0.372724 0.271278 -0.102909
vn -0.00559684 -0 -0.0247757
v 0.364424 0.25418 -0.0780336
vn 0.00948662 -0.0180148 0.0151865
v 0.372724 0.271278 -0.102909
vn 0.00948662 -0.0180148 0.0151865
v 0.383952 0.257804 -0.096057
vn 0.00948662 -0.0180148 0.0151865
v 0.383952 0.257804 -0.096057
vn -0.00948662 0.0180148 -0.0151865
v 0.372724 0.271278 -0.102909
vn -0.00948662 0.0180148 -0.0151865
v 0.364424 0.25418 -0.0780336
vn -0.00948662 0.0180148 -0.0151865
v 0.349675 0.300643 -0.102191
vn -0 -0.0254 -0
v 0.349675 0.300643 -0.102191
vn 0 0.0254 0
v 0.299471 0.361451 -0.127927
vn -0.0253847 0 0.000882879
v 0.299471 0.361451 -0.127927
vn 0.0253847 0 -0.000882879
v 0.357021 0.234172 -0.0685003
vn 0.000622402 -0.0180148 0.0178952
v 0.357021 0.234172 -0.0685003
vn -0.000622402 0.0180148 -0.0178952
v 0.395702 0.21963 -0.0331131
vn -0 -0.0254 -0
v 0.395702 0.21963 -0.0331131
vn 0 0.0254 0
v 0.34967 0.242566 -0.0766929
vn 0.00523281 -0.0180148 0.0171243
v 0.34967 0.242566 -0.0766929
vn -0.00523281 0.0180148 -0.0171243
v 0.34967 0.242566 -0.0766929
vn -0.00900072 0 0.0237518
v 0.34967 0.242566 -0.0766929
vn 0.00900072 0 -0.0237518
v 0.346278 0.274275 -0.10366
vn -0 -0.0254 -0
v 0.346278 0.274275 -0.10366
vn 0 0.0254 0
v 0.35523 0.238612 -0.0497458
vn 0.000684708 -0.0160352 0.0196867
v 0.35523 0.238612 -0.0497458
vn -0.000684708 0.0160352 -0.0196867
v 0.345808 0.24903 -0.063196
vn 0.00575666 -0.0160352 0.0188386
v 0.371776 0.245787 -0.069841
vn 0.00575666 -0.0160352 0.0188386
v 0.351016 0.243083 -0.0573909
vn 0.00575666 -0.0160352 0.0188386
v 0.351016 0.243083 -0.0573909
vn -0.00575666 0.0160352 -0.0188386
v 0.371776 0.245787 -0.069841
vn -0.00575666 0.0160352 -0.0188386
v 0.345808 0.24903 -0.063196
vn -0.00575666 0.0160352 -0.0188386
v -0.261205 -0.0798845 -0.0769785
vn -0.0206483 0.0133789 0.00630966
v -0.288863 -0.100836 -0.0342064
vn -0.0206483 0.0133789 0.00630966
v -0.279313 -0.115718 -0.0580236
vn -0.0206483 0.0133789 0.00630966
v -0.279313 -0.115718 -0.0580236
vn 0.0206483 -0.0133789 -0.00630966
v -0.288863 -0.100836 -0.0342064
vn 0.0206483 -0.0133789 -0.00630966
v -0.261205 -0.0798845 -0.0769785
vn 0.0206483 -0.0133789 -0.00630966
v -0.268313 -0.12788 -0.0423219
vn 0 0.0254 0
v -0.268313 -0.12788 -0.0423219
vn -0 -0.0254 -0
v -0.288863 -0.100836 -0.0342064
vn -0.0208491 0.0130339 0.00637103
v -0.288863 -0.100836 -0.0342064
vn 0.0208491 -0.0130339 -0.00637103
v -0.305464 -0.1392 -0.0205818
vn -0.0204422 0.0137206 0.00624667
v -0.305464 -0.1392 -0.0205818
vn 0.0204422 -0.0137206 -0.00624667
v -0.291605 -0.15545 -0.00883322
vn 0 0.0254 0
v -0.305464 -0.1392 -0.0205818
vn 0 0.0254 0
v -0.305464 -0.1392 -0.0205818
vn -0 -0.0254 -0
v -0.291605 -0.15545 -0.00883322
vn -0 -0.0254 -0
v -0.321114 -0.178678 -0.00615175
vn -0.0202713 0.013995 0.00619445
v -0.321114 -0.178678 -0.00615175
vn 0.0202713 -0.013995 -0.00619445
v -0.306859 -0.195393 0.00593273
vn 0 0.0254 0
v -0.321114 -0.178678 -0.00615175
vn 0 0.0254 0
v -0.321114 -0.178678 -0.00615175
vn -0 -0.0254 -0
v -0.306859 -0.195393 0.00593273
vn -0 -0.0254 -0
v -0.343496 -0.210263 0.00257266
vn 0 0.0254 0
v 0.395452 0.222103 -0.0144482
vn -0.0122137 -0.0180148 0.0130939
v 0.369154 0.223041 -0.0314052
vn -0.0122137 -0.0180148 0.0130939
v 0.395702 0.21963 -0.0331131
vn -0.0122137 -0.0180148 0.0130939
v 0.395702 0.21963 -0.0331131
vn 0.0122137 0.0180148 -0.0130939
v 0.369154 0.223041 -0.0314052
vn 0.0122137 0.0180148 -0.0130939
v 0.395452 0.222103 -0.0144482
vn 0.0122137 0.0180148 -0.0130939
v 0.395702 0.21963 -0.0331131
vn -0.00840859 -0.0180148 0.0158089
v 0.367108 0.224065 -0.0450573
vn -0.00840859 -0.0180148 0.0158089
v 0.392917 0.221024 -0.0516838
vn -0.00840859 -0.0180148 0.0158089
v 0.392917 0.221024 -0.0516838
vn 0.00840859 0.0180148 -0.0158089
v 0.367108 0.224065 -0.0450573
vn 0.00840859 0.0180148 -0.0158089
v 0.395702 0.21963 -0.0331131
vn 0.00840859 0.0180148 -0.0158089
v 0.383725 0.236472 -0.019024
vn -0.025272 0 -0.00254663
v 0.369154 0.223041 -0.0314052
vn -0.02507 0 0.00408102
v 0.383909 0.234655 -0.0327459
vn -0.02507 0 0.00408102
v 0.383909 0.234655 -0.0327459
vn 0.02507 0 -0.00408102
v 0.369154 0.223041 -0.0314052
vn 0.02507 0 -0.00408102
v 0.383725 0.236472 -0.019024
vn 0.025272 0 0.00254663
v 0.383909 0.234655 -0.0327459
vn -0 -0.0254 -0
v 0.392184 0.228273 0.00303941
vn -0 -0.0254 -0
v 0.383725 0.236472 -0.019024
vn -0 -0.0254 -0
v 0.383725 0.236472 -0.019024
vn 0 0.0254 0
v 0.392184 0.228273 0.00303941
vn 0 0.0254 0
v 0.383909 0.234655 -0.0327459
vn 0 0.0254 0
v 0.383725 0.236472 -0.019024
vn -0.0134364 -0.0160352 0.0144047
v 0.359613 0.235197 -0.0311077
vn -0.0134364 -0.0160352 0.0144047
v 0.383909 0.234655 -0.0327459
vn -0.0134364 -0.0160352 0.0144047
v 0.383909 0.234655 -0.0327459
vn 0.0134364 0.0160352 -0.0144047
v 0.359613 0.235197 -0.0311077
vn 0.0134364 0.0160352 -0.0144047
v 0.383725 0.236472 -0.019024
vn 0.0134364 0.0160352 -0.0144047
v 0.367108 0.224065 -0.0450573
vn -0.0231595 0 0.0104306
v 0.367108 0.224065 -0.0450573
vn 0.0231595 0 -0.0104306
v 0.359613 0.235197 -0.0311077
vn -0.00925035 -0.0160352 0.0173915
v 0.381862 0.235679 -0.046398
vn -0.00925035 -0.0160352 0.0173915
v 0.383909 0.234655 -0.0327459
vn -0.00925035 -0.0160352 0.0173915
v 0.383909 0.234655 -0.0327459
vn 0.00925035 0.0160352 -0.0173915
v 0.381862 0.235679 -0.046398
vn 0.00925035 0.0160352 -0.0173915
v 0.359613 0.235197 -0.0311077
vn 0.00925035 0.0160352 -0.0173915
v 0.376867 0.247953 0.00494705
vn -0.0171243 -0.0180148 0.00523281
v 0.376867 0.247953 0.00494705
vn 0.0171243 0.0180148 -0.00523281
v 0.392184 0.228273 0.00303941
vn -0.0151865 -0.0180148 0.00948662
v 0.368971 0.224858 -0.0176833
vn -0.0151865 -0.0180148 0.00948662
v 0.395452 0.222103 -0.0144482
vn -0.0151865 -0.0180148 0.00948662
v 0.395452 0.222103 -0.0144482
vn 0.0151865 0.0180148 -0.00948662
v 0.368971 0.224858 -0.0176833
vn 0.0151865 0.0180148 -0.00948662
v 0.392184 0.228273 0.00303941
vn 0.0151865 0.0180148 -0.00948662
v 0.381323 0.241008 -0.00616751
vn -0 -0.0254 -0
v 0.386122 0.23772 0.0181581
vn -0 -0.0254 -0
v 0.386122 0.23772 0.0181581
vn 0 0.0254 0
v 0.381323 0.241008 -0.00616751
vn 0 0.0254 0
v 0.386122 0.23772 0.0181581
vn -0.0171243 -0.0180148 0.00523281
v 0.366568 0.229394 -0.00482677
vn -0.0171243 -0.0180148 0.00523281
v 0.392184 0.228273 0.00303941
vn -0.0171243 -0.0180148 0.00523281
v 0.392184 0.228273 0.00303941
vn 0.0171243 0.0180148 -0.00523281
v 0.366568 0.229394 -0.00482677
vn 0.0171243 0.0180148 -0.00523281
v 0.386122 0.23772 0.0181581
vn 0.0171243 0.0180148 -0.00523281
v 0.366568 0.229394 -0.00482677
vn -0.0237518 0 -0.00900072
v 0.381323 0.241008 -0.00616751
vn -0.0237518 0 -0.00900072
v 0.381323 0.241008 -0.00616751
vn 0.0237518 0 0.00900072
v 0.366568 0.229394 -0.00482677
vn 0.0237518 0 0.00900072
v 0.357781 0.239698 -0.0122764
vn -0.0167068 -0.0160352 0.0104363
v 0.383725 0.236472 -0.019024
vn -0.0167068 -0.0160352 0.0104363
v 0.381323 0.241008 -0.00616751
vn -0.0167068 -0.0160352 0.0104363
v 0.381323 0.241008 -0.00616751
vn 0.0167068 0.0160352 -0.0104363
v 0.383725 0.236472 -0.019024
vn 0.0167068 0.0160352 -0.0104363
v 0.357781 0.239698 -0.0122764
vn 0.0167068 0.0160352 -0.0104363
v 0.367108 0.224065 -0.0450573
vn -0.00403042 -0.0180148 0.0174465
v 0.367108 0.224065 -0.0450573
vn 0.00403042 0.0180148 -0.0174465
v 0.35523 0.238612 -0.0497458
vn -0.0044339 -0.0160352 0.0191931
v 0.35523 0.238612 -0.0497458
vn 0.0044339 0.0160352 -0.0191931
v 0.358163 0.235922 -0.0407806
vn -0.00925035 -0.0160352 0.0173915
v 0.358163 0.235922 -0.0407806
vn 0.00925035 0.0160352 -0.0173915
v -0.233276 -0.215789 0.110383
vn 0.0192476 0.0130339 0.0102376
v -0.216543 -0.173307 0.133886
vn 0.0192476 0.0130339 0.0102376
v -0.19865 -0.196549 0.129459
vn 0.0192476 0.0130339 0.0102376
v -0.19865 -0.196549 0.129459
vn -0.0192476 -0.0130339 -0.0102376
v -0.216543 -0.173307 0.133886
vn -0.0192476 -0.0130339 -0.0102376
v -0.233276 -0.215789 0.110383
vn -0.0192476 -0.0130339 -0.0102376
v -0.218084 -0.173963 0.111244
vn 0 0.0254 0
v -0.218084 -0.173963 0.111244
vn -0 -0.0254 -0
v -0.19865 -0.196549 0.129459
vn 0.0190622 0.0133789 0.010139
v -0.185437 -0.149399 0.154671
vn 0.0190622 0.0133789 0.010139
v -0.163839 -0.177454 0.149328
vn 0.0190622 0.0133789 0.010139
v -0.163839 -0.177454 0.149328
vn -0.0190622 -0.0133789 -0.010139
v -0.185437 -0.149399 0.154671
vn -0.0190622 -0.0133789 -0.010139
v -0.19865 -0.196549 0.129459
vn -0.0190622 -0.0133789 -0.010139
v -0.163839 -0.177454 0.149328
vn 0.0224252 0 0.0119277
v 0.375239 0.291936 0.103723
vn 0.0224252 0 0.0119277
v 0.396837 0.263881 0.0983798
vn 0.0224252 0 0.0119277
v 0.396837 0.263881 0.0983798
vn -0.0224252 -0 -0.0119277
v 0.375239 0.291936 0.103723
vn -0.0224252 -0 -0.0119277
v -0.163839 -0.177454 0.149328
vn -0.0224252 -0 -0.0119277
v -0.272733 -0.0619201 -0.0482291
vn -0 -0.0254 -0
v -0.272733 -0.0619201 -0.0482291
vn 0 0.0254 0
v 0.370824 0.290058 0.0388676
vn -0 -0.0254 -0
v 0.370824 0.290058 0.0388676
vn 0 0.0254 0
v 0.367428 0.26369 0.0373977
vn -0.0172349 -0 -0.018658
v 0.382182 0.275304 0.0360569
vn -0.0172349 -0 -0.018658
v 0.382182 0.275304 0.0360569
vn 0.0172349 0 0.018658
v 0.367428 0.26369 0.0373977
vn 0.0172349 0 0.018658
v 0.363123 0.267045 0.0190915
vn -0.0174465 -0.0180148 -0.00403042
v 0.392432 0.261414 0.028537
vn -0.0174465 -0.0180148 -0.00403042
v 0.382182 0.275304 0.0360569
vn -0.0174465 -0.0180148 -0.00403042
v 0.382182 0.275304 0.0360569
vn 0.0174465 0.0180148 0.00403042
v 0.392432 0.261414 0.028537
vn 0.0174465 0.0180148 0.00403042
v 0.363123 0.267045 0.0190915
vn 0.0174465 0.0180148 0.00403042
v 0.370659 0.256834 0.0135624
vn -0.0178952 -0.0180148 0.000622402
v 0.370659 0.256834 0.0135624
vn 0.0178952 0.0180148 -0.000622402
v -0.268278 -0.234736 0.0897046
vn 0.0188719 0.0137206 0.0100378
v -0.247594 -0.197191 0.113925
vn 0.0188719 0.0137206 0.0100378
v -0.233276 -0.215789 0.110383
vn 0.0188719 0.0137206 0.0100378
v -0.233276 -0.215789 0.110383
vn -0.0188719 -0.0137206 -0.0100378
v -0.247594 -0.197191 0.113925
vn -0.0188719 -0.0137206 -0.0100378
v -0.268278 -0.234736 0.0897046
vn -0.0188719 -0.0137206 -0.0100378
v -0.249248 -0.197896 0.0896164
vn 0 0.0254 0
v -0.249248 -0.197896 0.0896164
vn -0 -0.0254 -0
v -0.300612 -0.255762 0.0803721
vn 0 0.0254 0
v -0.303437 -0.25356 0.0683581
vn 0.0187141 0.013995 0.00995385
v -0.278757 -0.221124 0.0922979
vn 0.0187141 0.013995 0.00995385
v -0.268278 -0.234736 0.0897046
vn 0.0187141 0.013995 0.00995385
v -0.268278 -0.234736 0.0897046
vn -0.0187141 -0.013995 -0.00995385
v -0.278757 -0.221124 0.0922979
vn -0.0187141 -0.013995 -0.00995385
v -0.303437 -0.25356 0.0683581
vn -0.0187141 -0.013995 -0.00995385
v -0.28046 -0.221847 0.0672931
vn 0 0.0254 0
v -0.28046 -0.221847 0.0672931
vn -0 -0.0254 -0
v 0.34967 0.242566 -0.0766929
vn 0.00948662 -0.0180148 0.0151865
v 0.357969 0.259664 -0.101568
vn 0.00948662 -0.0180148 0.0151865
v 0.369198 0.24619 -0.0947163
vn 0.00948662 -0.0180148 0.0151865
v 0.369198 0.24619 -0.0947163
vn -0.00948662 0.0180148 -0.0151865
v 0.357969 0.259664 -0.101568
vn -0.00948662 0.0180148 -0.0151865
v 0.34967 0.242566 -0.0766929
vn -0.00948662 0.0180148 -0.0151865
v 0.364424 0.25418 -0.0780336
vn -0.00900072 0 0.0237518
v 0.364424 0.25418 -0.0780336
vn 0.00900072 0 -0.0237518
v 0.364424 0.25418 -0.0780336
vn -0 -0.0254 -0
v 0.364424 0.25418 -0.0780336
vn 0 0.0254 0
v 0.364424 0.25418 -0.0780336
vn 0.00575666 -0.0160352 0.0188386
v 0.364424 0.25418 -0.0780336
vn -0.00575666 0.0160352 -0.0188386
v 0.361032 0.285889 -0.105001
vn 0.0251047 0 0.00386199
v 0.361032 0.285889 -0.105001
vn -0.0251047 0 -0.00386199
v 0.35617 0.264085 -0.0830711
vn 0.00948662 -0.0180148 0.0151865
v 0.35617 0.264085 -0.0830711
vn -0.00948662 0.0180148 -0.0151865
v 0.35617 0.264085 -0.0830711
vn 0.0130939 -0.0180148 0.0122137
v 0.361032 0.285889 -0.105001
vn 0.0130939 -0.0180148 0.0122137
v 0.372724 0.271278 -0.102909
vn 0.0130939 -0.0180148 0.0122137
v 0.372724 0.271278 -0.102909
vn -0.0130939 0.0180148 -0.0122137
v 0.361032 0.285889 -0.105001
vn -0.0130939 0.0180148 -0.0122137
v 0.35617 0.264085 -0.0830711
vn -0.0130939 0.0180148 -0.0122137
v 0.346278 0.274275 -0.10366
vn 0.0251047 0 0.00386199
v 0.349675 0.300643 -0.102191
vn 0.0172349 0 0.018658
v 0.349675 0.300643 -0.102191
vn -0.0172349 -0 -0.018658
v 0.346278 0.274275 -0.10366
vn -0.0251047 0 -0.00386199
v 0.347574 0.274827 -0.0846088
vn 0.0158089 -0.0180148 0.00840859
v 0.349675 0.300643 -0.102191
vn 0.0158089 -0.0180148 0.00840859
v 0.361032 0.285889 -0.105001
vn 0.0158089 -0.0180148 0.00840859
v 0.361032 0.285889 -0.105001
vn -0.0158089 0.0180148 -0.00840859
v 0.349675 0.300643 -0.102191
vn -0.0158089 0.0180148 -0.00840859
v 0.347574 0.274827 -0.0846088
vn -0.0158089 0.0180148 -0.00840859
v 0.339424 0.314533 -0.09467
vn -0 -0.0254 -0
v 0.339424 0.314533 -0.09467
vn 0 0.0254 0
v 0.299471 0.361451 -0.127927
vn -0 -0.0254 -0
v 0.299471 0.361451 -0.127927
vn 0 0.0254 0
v 0.299471 0.361451 -0.127927
vn -0.0242912 0 0.00742282
v -0.272733 -0.0619201 -0.0482291
vn -0.0242912 0 0.00742282
v -0.261205 -0.0798845 -0.0769785
vn -0.0242912 0 0.00742282
v -0.261205 -0.0798845 -0.0769785
vn 0.0242912 0 -0.00742282
v -0.272733 -0.0619201 -0.0482291
vn 0.0242912 0 -0.00742282
v 0.299471 0.361451 -0.127927
vn 0.0242912 0 -0.00742282
v 0.367108 0.224065 -0.0450573
vn -0 -0.0254 -0
v 0.357021 0.234172 -0.0685003
vn -0 -0.0254 -0
v 0.362969 0.227861 -0.0577101
vn -0 -0.0254 -0
v 0.362969 0.227861 -0.0577101
vn 0 0.0254 0
v 0.357021 0.234172 -0.0685003
vn 0 0.0254 0
v 0.367108 0.224065 -0.0450573
vn 0 0.0254 0
v 0.362969 0.227861 -0.0577101
vn 0.000684708 -0.0160352 0.0196867
v 0.336262 0.231469 -0.0560502
vn 0.000684708 -0.0160352 0.0196867
v 0.357021 0.234172 -0.0685003
vn 0.000684708 -0.0160352 0.0196867
v 0.357021 0.234172 -0.0685003
vn -0.000684708 0.0160352 -0.0196867
v 0.336262 0.231469 -0.0560502
vn -0.000684708 0.0160352 -0.0196867
v 0.362969 0.227861 -0.0577101
vn -0.000684708 0.0160352 -0.0196867
v 0.34967 0.242566 -0.0766929
vn -0 -0.0254 -0
v 0.34967 0.242566 -0.0766929
vn 0 0.0254 0
v 0.357021 0.234172 -0.0685003
vn 0.00575666 -0.0160352 0.0188386
v 0.331053 0.237416 -0.0618553
vn 0.00575666 -0.0160352 0.0188386
v 0.34967 0.242566 -0.0766929
vn 0.00575666 -0.0160352 0.0188386
v 0.34967 0.242566 -0.0766929
vn -0.00575666 0.0160352 -0.0188386
v 0.331053 0.237416 -0.0618553
vn -0.00575666 0.0160352 -0.0188386
v 0.357021 0.234172 -0.0685003
vn -0.00575666 0.0160352 -0.0188386
v 0.341415 0.252471 -0.0817304
vn 0.0130939 -0.0180148 0.0122137
v 0.346278 0.274275 -0.10366
vn 0.0130939 -0.0180148 0.0122137
v 0.357969 0.259664 -0.101568
vn 0.0130939 -0.0180148 0.0122137
v 0.357969 0.259664 -0.101568
vn -0.0130939 0.0180148 -0.0122137
v 0.346278 0.274275 -0.10366
vn -0.0130939 0.0180148 -0.0122137
v 0.341415 0.252471 -0.0817304
vn -0.0130939 0.0180148 -0.0122137
v 0.35523 0.238612 -0.0497458
vn -0.0135615 0 0.0214766
v 0.336262 0.231469 -0.0560502
vn -0.00754085 0 0.0242548
v 0.351016 0.243083 -0.0573909
vn -0.00754085 0 0.0242548
v 0.351016 0.243083 -0.0573909
vn 0.00754085 0 -0.0242548
v 0.336262 0.231469 -0.0560502
vn 0.00754085 0 -0.0242548
v 0.35523 0.238612 -0.0497458
vn 0.0135615 0 -0.0214766
v 0.351016 0.243083 -0.0573909
vn -0 -0.0254 -0
v 0.341415 0.252471 -0.0817304
vn -0 -0.0254 -0
v 0.35523 0.238612 -0.0497458
vn -0 -0.0254 -0
v 0.35523 0.238612 -0.0497458
vn 0 0.0254 0
v 0.341415 0.252471 -0.0817304
vn 0 0.0254 0
v 0.351016 0.243083 -0.0573909
vn 0 0.0254 0
v 0.351016 0.243083 -0.0573909
vn -0.00754085 0 0.0242548
v 0.331053 0.237416 -0.0618553
vn -0.0010063 0 0.0253801
v 0.345808 0.24903 -0.063196
vn -0.0010063 0 0.0253801
v 0.345808 0.24903 -0.063196
vn 0.0010063 0 -0.0253801
v 0.331053 0.237416 -0.0618553
vn 0.0010063 0 -0.0253801
v 0.351016 0.243083 -0.0573909
vn 0.00754085 0 -0.0242548
v 0.33282 0.263213 -0.083268
vn -0 -0.0254 -0
v 0.345808 0.24903 -0.063196
vn -0 -0.0254 -0
v 0.345808 0.24903 -0.063196
vn 0 0.0254 0
v 0.33282 0.263213 -0.083268
vn 0 0.0254 0
v -0.272733 -0.0619201 -0.0482291
vn -0.0206483 0.0133789 0.00630966
v -0.272733 -0.0619201 -0.0482291
vn 0.0206483 -0.0133789 -0.00630966
v -0.275955 -0.115972 -0.0232633
vn 0 0.0254 0
v -0.288863 -0.100836 -0.0342064
vn 0 0.0254 0
v -0.288863 -0.100836 -0.0342064
vn -0 -0.0254 -0
v -0.275955 -0.115972 -0.0232633
vn -0 -0.0254 -0
v -0.288863 -0.100836 -0.0342064
vn -0.0184898 0.0130339 0.0115501
v -0.309583 -0.131422 0.00146342
vn -0.0184898 0.0130339 0.0115501
v -0.305464 -0.1392 -0.0205818
vn -0.0184898 0.0130339 0.0115501
v -0.305464 -0.1392 -0.0205818
vn 0.0184898 -0.0130339 -0.0115501
v -0.309583 -0.131422 0.00146342
vn 0.0184898 -0.0130339 -0.0115501
v -0.288863 -0.100836 -0.0342064
vn 0.0184898 -0.0130339 -0.0115501
v -0.305464 -0.1392 -0.0205818
vn -0.0181289 0.0137206 0.0113247
v -0.324129 -0.172985 0.00998389
vn -0.0181289 0.0137206 0.0113247
v -0.321114 -0.178678 -0.00615175
vn -0.0181289 0.0137206 0.0113247
v -0.321114 -0.178678 -0.00615175
vn 0.0181289 -0.0137206 -0.0113247
v -0.324129 -0.172985 0.00998389
vn 0.0181289 -0.0137206 -0.0113247
v -0.305464 -0.1392 -0.0205818
vn 0.0181289 -0.0137206 -0.0113247
v -0.29462 -0.149757 0.00730241
vn 0 0.0254 0
v -0.29462 -0.149757 0.00730241
vn -0 -0.0254 -0
v -0.321114 -0.178678 -0.00615175
vn -0.0179774 0.013995 0.01123
v -0.338247 -0.215073 0.018671
vn -0.0179774 0.013995 0.01123
v -0.336368 -0.218621 0.0086142
vn -0.0179774 0.013995 0.01123
v -0.336368 -0.218621 0.0086142
vn 0.0179774 -0.013995 -0.01123
v -0.338247 -0.215073 0.018671
vn 0.0179774 -0.013995 -0.01123
v -0.321114 -0.178678 -0.00615175
vn 0.0179774 -0.013995 -0.01123
v -0.308738 -0.191845 0.0159895
vn 0 0.0254 0
v -0.308738 -0.191845 0.0159895
vn -0 -0.0254 -0
v -0.338247 -0.215073 0.018671
vn 0 0.0254 0
v 0.368971 0.224858 -0.0176833
vn -0.0122137 -0.0180148 0.0130939
v 0.368971 0.224858 -0.0176833
vn 0.0122137 0.0180148 -0.0130939
v 0.369154 0.223041 -0.0314052
vn -0.00840859 -0.0180148 0.0158089
v 0.369154 0.223041 -0.0314052
vn 0.00840859 0.0180148 -0.0158089
v 0.368971 0.224858 -0.0176833
vn -0.025272 0 -0.00254663
v 0.368971 0.224858 -0.0176833
vn 0.025272 0 0.00254663
v 0.359482 0.236484 -0.0213857
vn -0.0134364 -0.0160352 0.0144047
v 0.359482 0.236484 -0.0213857
vn 0.0134364 0.0160352 -0.0144047
v 0.376867 0.247953 0.00494705
vn -0 -0.0254 -0
v 0.377678 0.2498 0.0298778
vn -0 -0.0254 -0
v 0.377678 0.2498 0.0298778
vn 0 0.0254 0
v 0.376867 0.247953 0.00494705
vn 0 0.0254 0
v 0.377678 0.2498 0.0298778
vn -0.0178952 -0.0180148 0.000622402
v 0.362112 0.236338 0.00628778
vn -0.0178952 -0.0180148 0.000622402
v 0.386122 0.23772 0.0181581
vn -0.0178952 -0.0180148 0.000622402
v 0.386122 0.23772 0.0181581
vn 0.0178952 0.0180148 -0.000622402
v 0.362112 0.236338 0.00628778
vn 0.0178952 0.0180148 -0.000622402
v 0.377678 0.2498 0.0298778
vn 0.0178952 0.0180148 -0.000622402
v 0.362112 0.236338 0.00628778
vn -0.0206129 -0 -0.0148414
v 0.376867 0.247953 0.00494705
vn -0.0206129 -0 -0.0148414
v 0.376867 0.247953 0.00494705
vn 0.0206129 0 0.0148414
v 0.362112 0.236338 0.00628778
vn 0.0206129 0 0.0148414
v 0.354623 0.244618 -0.0044017
vn -0.0188386 -0.0160352 0.00575666
v 0.381323 0.241008 -0.00616751
vn -0.0188386 -0.0160352 0.00575666
v 0.376867 0.247953 0.00494705
vn -0.0188386 -0.0160352 0.00575666
v 0.376867 0.247953 0.00494705
vn 0.0188386 0.0160352 -0.00575666
v 0.381323 0.241008 -0.00616751
vn 0.0188386 0.0160352 -0.00575666
v 0.354623 0.244618 -0.0044017
vn 0.0188386 0.0160352 -0.00575666
v 0.366568 0.229394 -0.00482677
vn -0.0151865 -0.0180148 0.00948662
v 0.366568 0.229394 -0.00482677
vn 0.0151865 0.0180148 -0.00948662
v 0.362112 0.236338 0.00628778
vn -0.0171243 -0.0180148 0.00523281
v 0.362112 0.236338 0.00628778
vn 0.0171243 0.0180148 -0.00523281
v 0.359482 0.236484 -0.0213857
vn -0.0167068 -0.0160352 0.0104363
v 0.359482 0.236484 -0.0213857
vn 0.0167068 0.0160352 -0.0104363
v 0.357781 0.239698 -0.0122764
vn -0.0188386 -0.0160352 0.00575666
v 0.357781 0.239698 -0.0122764
vn 0.0188386 0.0160352 -0.00575666
v 0.343408 0.224308 -0.0394398
vn -0.0044339 -0.0160352 0.0191931
v 0.362969 0.227861 -0.0577101
vn -0.0044339 -0.0160352 0.0191931
v 0.367108 0.224065 -0.0450573
vn -0.0044339 -0.0160352 0.0191931
v 0.367108 0.224065 -0.0450573
vn 0.0044339 0.0160352 -0.0191931
v 0.362969 0.227861 -0.0577101
vn 0.0044339 0.0160352 -0.0191931
v 0.343408 0.224308 -0.0394398
vn 0.0044339 0.0160352 -0.0191931
v 0.358163 0.235922 -0.0407806
vn -0.018658 0 0.0172349
v 0.340476 0.226998 -0.0484051
vn -0.0135615 0 0.0214766
v 0.35523 0.238612 -0.0497458
vn -0.0135615 0 0.0214766
v 0.35523 0.238612 -0.0497458
vn 0.0135615 0 -0.0214766
v 0.340476 0.226998 -0.0484051
vn 0.0135615 0 -0.0214766
v 0.358163 0.235922 -0.0407806
vn 0.018658 0 -0.0172349
v 0.368971 0.224858 -0.0176833
vn -0 -0.0254 -0
v 0.358163 0.235922 -0.0407806
vn -0 -0.0254 -0
v 0.358163 0.235922 -0.0407806
vn 0 0.0254 0
v 0.368971 0.224858 -0.0176833
vn 0 0.0254 0
v 0.359613 0.235197 -0.0311077
vn -0.0224829 0 0.0118186
v 0.343408 0.224308 -0.0394398
vn -0.018658 0 0.0172349
v 0.358163 0.235922 -0.0407806
vn -0.018658 0 0.0172349
v 0.358163 0.235922 -0.0407806
vn 0.018658 0 -0.0172349
v 0.343408 0.224308 -0.0394398
vn 0.018658 0 -0.0172349
v 0.359613 0.235197 -0.0311077
vn 0.0224829 0 -0.0118186
v 0.359613 0.235197 -0.0311077
vn -0 -0.0254 -0
v 0.359613 0.235197 -0.0311077
vn 0 0.0254 0
v -0.247594 -0.197191 0.113925
vn 0.0192476 0.0130339 0.0102376
v -0.247594 -0.197191 0.113925
vn -0.0192476 -0.0130339 -0.0102376
v -0.216543 -0.173307 0.133886
vn 0 0.0254 0
v -0.216543 -0.173307 0.133886
vn -0 -0.0254 -0
v -0.216543 -0.173307 0.133886
vn 0.0190622 0.0133789 0.010139
v -0.216543 -0.173307 0.133886
vn -0.0190622 -0.0133789 -0.010139
v -0.185437 -0.149399 0.154671
vn 0.0224252 0 0.0119277
v -0.185437 -0.149399 0.154671
vn -0.0224252 -0 -0.0119277
v -0.185437 -0.149399 0.154671
vn -0 -0.0254 -0
v -0.185437 -0.149399 0.154671
vn 0 0.0254 0
v 0.359133 0.304669 0.0367751
vn -0 -0.0254 -0
v 0.375239 0.291936 0.103723
vn -0 -0.0254 -0
v 0.375239 0.291936 0.103723
vn 0 0.0254 0
v 0.359133 0.304669 0.0367751
vn 0 0.0254 0
v 0.35607 0.278443 0.0402084
vn -0.0118186 0 -0.0224829
v 0.370824 0.290058 0.0388676
vn -0.0118186 0 -0.0224829
v 0.370824 0.290058 0.0388676
vn 0.0118186 0 0.0224829
v 0.35607 0.278443 0.0402084
vn 0.0118186 0 0.0224829
v 0.354773 0.277892 0.0211572
vn -0.0158089 -0.0180148 -0.00840859
v 0.382182 0.275304 0.0360569
vn -0.0158089 -0.0180148 -0.00840859
v 0.370824 0.290058 0.0388676
vn -0.0158089 -0.0180148 -0.00840859
v 0.370824 0.290058 0.0388676
vn 0.0158089 0.0180148 0.00840859
v 0.382182 0.275304 0.0360569
vn 0.0158089 0.0180148 0.00840859
v 0.354773 0.277892 0.0211572
vn 0.0158089 0.0180148 0.00840859
v 0.370659 0.256834 0.0135624
vn -0.0174465 -0.0180148 -0.00403042
v 0.370659 0.256834 0.0135624
vn 0.0174465 0.0180148 0.00403042
v 0.363123 0.267045 0.0190915
vn -0.0158089 -0.0180148 -0.00840859
v 0.363123 0.267045 0.0190915
vn 0.0158089 0.0180148 0.00840859
v 0.363123 0.267045 0.0190915
vn -0 -0.0254 -0
v 0.367428 0.26369 0.0373977
vn -0 -0.0254 -0
v 0.367428 0.26369 0.0373977
vn 0 0.0254 0
v 0.363123 0.267045 0.0190915
vn 0 0.0254 0
v 0.348368 0.255431 0.0204322
vn -0.0174465 -0.0180148 -0.00403042
v 0.377678 0.2498 0.0298778
vn -0.0174465 -0.0180148 -0.00403042
v 0.367428 0.26369 0.0373977
vn -0.0174465 -0.0180148 -0.00403042
v 0.367428 0.26369 0.0373977
vn 0.0174465 0.0180148 0.00403042
v 0.377678 0.2498 0.0298778
vn 0.0174465 0.0180148 0.00403042
v 0.348368 0.255431 0.0204322
vn 0.0174465 0.0180148 0.00403042
v 0.370659 0.256834 0.0135624
vn -0 -0.0254 -0
v 0.370659 0.256834 0.0135624
vn 0 0.0254 0
v 0.355904 0.24522 0.0149032
vn -0.0160693 -0 -0.0196707
v 0.370659 0.256834 0.0135624
vn -0.0160693 -0 -0.0196707
v 0.370659 0.256834 0.0135624
vn 0.0160693 0 0.0196707
v 0.355904 0.24522 0.0149032
vn 0.0160693 0 0.0196707
v 0.350224 0.250911 0.00170302
vn -0.0196867 -0.0160352 0.000684708
v 0.376867 0.247953 0.00494705
vn -0.0196867 -0.0160352 0.000684708
v 0.370659 0.256834 0.0135624
vn -0.0196867 -0.0160352 0.000684708
v 0.370659 0.256834 0.0135624
vn 0.0196867 0.0160352 -0.000684708
v 0.376867 0.247953 0.00494705
vn 0.0196867 0.0160352 -0.000684708
v 0.350224 0.250911 0.00170302
vn 0.0196867 0.0160352 -0.000684708
v -0.278757 -0.221124 0.0922979
vn 0.0188719 0.0137206 0.0100378
v -0.278757 -0.221124 0.0922979
vn -0.0188719 -0.0137206 -0.0100378
v -0.247594 -0.197191 0.113925
vn 0 0.0254 0
v -0.247594 -0.197191 0.113925
vn -0 -0.0254 -0
v -0.309969 -0.245075 0.0699746
vn 0 0.0254 0
v -0.309969 -0.245075 0.0699746
vn 0.0187141 0.013995 0.00995385
v -0.309969 -0.245075 0.0699746
vn -0.0187141 -0.013995 -0.00995385
v -0.278757 -0.221124 0.0922979
vn 0 0.0254 0
v -0.278757 -0.221124 0.0922979
vn -0 -0.0254 -0
v 0.341415 0.252471 -0.0817304
vn 0.00948662 -0.0180148 0.0151865
v 0.341415 0.252471 -0.0817304
vn -0.00948662 0.0180148 -0.0151865
v 0.341415 0.252471 -0.0817304
vn -0.00254663 0 0.025272
v 0.341415 0.252471 -0.0817304
vn 0.00254663 0 -0.025272
v 0.35617 0.264085 -0.0830711
vn -0 -0.0254 -0
v 0.35617 0.264085 -0.0830711
vn 0 0.0254 0
v 0.339959 0.256049 -0.0667642
vn 0.0104363 -0.0160352 0.0167068
v 0.364424 0.25418 -0.0780336
vn 0.0104363 -0.0160352 0.0167068
v 0.345808 0.24903 -0.063196
vn 0.0104363 -0.0160352 0.0167068
v 0.345808 0.24903 -0.063196
vn -0.0104363 0.0160352 -0.0167068
v 0.364424 0.25418 -0.0780336
vn -0.0104363 0.0160352 -0.0167068
v 0.339959 0.256049 -0.0667642
vn -0.0104363 0.0160352 -0.0167068
v 0.35617 0.264085 -0.0830711
vn -0.00254663 0 0.025272
v 0.35617 0.264085 -0.0830711
vn 0.00254663 0 -0.025272
v 0.35617 0.264085 -0.0830711
vn 0.0104363 -0.0160352 0.0167068
v 0.35617 0.264085 -0.0830711
vn -0.0104363 0.0160352 -0.0167068
v 0.347574 0.274827 -0.0846088
vn 0.0130939 -0.0180148 0.0122137
v 0.347574 0.274827 -0.0846088
vn -0.0130939 0.0180148 -0.0122137
v 0.33492 0.289029 -0.10085
vn 0.0172349 0 0.018658
v 0.33492 0.289029 -0.10085
vn -0.0172349 -0 -0.018658
v 0.339224 0.285674 -0.082543
vn 0.0158089 -0.0180148 0.00840859
v 0.339224 0.285674 -0.082543
vn -0.0158089 0.0180148 -0.00840859
v 0.339424 0.314533 -0.09467
vn 0.0236723 0 -0.00920775
v 0.339424 0.314533 -0.09467
vn -0.0236723 0 0.00920775
v 0.339224 0.285674 -0.082543
vn 0.0174465 -0.0180148 0.00403042
v 0.339424 0.314533 -0.09467
vn 0.0174465 -0.0180148 0.00403042
v 0.349675 0.300643 -0.102191
vn 0.0174465 -0.0180148 0.00403042
v 0.349675 0.300643 -0.102191
vn -0.0174465 0.0180148 -0.00403042
v 0.339424 0.314533 -0.09467
vn -0.0174465 0.0180148 -0.00403042
v 0.339224 0.285674 -0.082543
vn -0.0174465 0.0180148 -0.00403042
v 0.33098 0.326613 -0.082951
vn -0 -0.0254 -0
v 0.33098 0.326613 -0.082951
vn 0 0.0254 0
v 0.287943 0.379415 -0.0991773
vn -0.0242912 0 0.00742282
v 0.287943 0.379415 -0.0991773
vn 0.0242912 0 -0.00742282
v 0.340476 0.226998 -0.0484051
vn 0.000684708 -0.0160352 0.0196867
v 0.340476 0.226998 -0.0484051
vn -0.000684708 0.0160352 -0.0196867
v 0.336262 0.231469 -0.0560502
vn 0.00575666 -0.0160352 0.0188386
v 0.336262 0.231469 -0.0560502
vn -0.00575666 0.0160352 -0.0188386
v 0.369154 0.223041 -0.0314052
vn -0 -0.0254 -0
v 0.369154 0.223041 -0.0314052
vn 0 0.0254 0
v 0.325204 0.244435 -0.0654234
vn 0.0104363 -0.0160352 0.0167068
v 0.34967 0.242566 -0.0766929
vn 0.0104363 -0.0160352 0.0167068
v 0.331053 0.237416 -0.0618553
vn 0.0104363 -0.0160352 0.0167068
v 0.331053 0.237416 -0.0618553
vn -0.0104363 0.0160352 -0.0167068
v 0.34967 0.242566 -0.0766929
vn -0.0104363 0.0160352 -0.0167068
v 0.325204 0.244435 -0.0654234
vn -0.0104363 0.0160352 -0.0167068
v 0.336262 0.231469 -0.0560502
vn -0.00754085 0 0.0242548
v 0.336262 0.231469 -0.0560502
vn 0.00754085 0 -0.0242548
v 0.33282 0.263213 -0.083268
vn 0.0130939 -0.0180148 0.0122137
v 0.33282 0.263213 -0.083268
vn -0.0130939 0.0180148 -0.0122137
v 0.340476 0.226998 -0.0484051
vn -0.0135615 0 0.0214766
v 0.340476 0.226998 -0.0484051
vn 0.0135615 0 -0.0214766
v 0.325204 0.244435 -0.0654234
vn 0.00559684 0 0.0247757
v 0.345808 0.24903 -0.063196
vn -0.0010063 0 0.0253801
v 0.331053 0.237416 -0.0618553
vn -0.0010063 0 0.0253801
v 0.331053 0.237416 -0.0618553
vn 0.0010063 0 -0.0253801
v 0.345808 0.24903 -0.063196
vn 0.0010063 0 -0.0253801
v 0.325204 0.244435 -0.0654234
vn -0.00559684 -0 -0.0247757
v 0.339959 0.256049 -0.0667642
vn -0 -0.0254 -0
v 0.339959 0.256049 -0.0667642
vn 0 0.0254 0
v 0.340476 0.226998 -0.0484051
vn -0.0044339 -0.0160352 0.0191931
v 0.340476 0.226998 -0.0484051
vn 0.0044339 0.0160352 -0.0191931
v -0.272733 -0.0619201 -0.0482291
vn -0.0183117 0.0133789 0.0114389
v -0.294011 -0.091116 -0.00665658
vn -0.0183117 0.0133789 0.0114389
v -0.288863 -0.100836 -0.0342064
vn -0.0183117 0.0133789 0.0114389
v -0.288863 -0.100836 -0.0342064
vn 0.0183117 -0.0133789 -0.0114389
v -0.294011 -0.091116 -0.00665658
vn 0.0183117 -0.0133789 -0.0114389
v -0.272733 -0.0619201 -0.0482291
vn 0.0183117 -0.0133789 -0.0114389
v -0.280074 -0.108194 -0.00121806
vn 0 0.0254 0
v -0.280074 -0.108194 -0.00121806
vn -0 -0.0254 -0
v -0.294011 -0.091116 -0.00665658
vn -0.0184898 0.0130339 0.0115501
v -0.294011 -0.091116 -0.00665658
vn 0.0184898 -0.0130339 -0.0115501
v -0.309583 -0.131422 0.00146342
vn -0.0181289 0.0137206 0.0113247
v -0.309583 -0.131422 0.00146342
vn 0.0181289 -0.0137206 -0.0113247
v -0.309583 -0.131422 0.00146342
vn 0 0.0254 0
v -0.309583 -0.131422 0.00146342
vn -0 -0.0254 -0
v -0.324129 -0.172985 0.00998389
vn -0.0179774 0.013995 0.01123
v -0.324129 -0.172985 0.00998389
vn 0.0179774 -0.013995 -0.01123
v -0.308881 -0.190424 0.0267237
vn 0 0.0254 0
v -0.324129 -0.172985 0.00998389
vn 0 0.0254 0
v -0.324129 -0.172985 0.00998389
vn -0 -0.0254 -0
v -0.308881 -0.190424 0.0267237
vn -0 -0.0254 -0
v -0.345942 -0.205643 0.0156686
vn 0 0.0254 0
v 0.368971 0.224858 -0.0176833
vn -0.0134364 -0.0160352 0.0144047
v 0.344858 0.223583 -0.029767
vn -0.0134364 -0.0160352 0.0144047
v 0.369154 0.223041 -0.0314052
vn -0.0134364 -0.0160352 0.0144047
v 0.369154 0.223041 -0.0314052
vn 0.0134364 0.0160352 -0.0144047
v 0.344858 0.223583 -0.029767
vn 0.0134364 0.0160352 -0.0144047
v 0.368971 0.224858 -0.0176833
vn 0.0134364 0.0160352 -0.0144047
v 0.344858 0.223583 -0.029767
vn -0.00925035 -0.0160352 0.0173915
v 0.367108 0.224065 -0.0450573
vn -0.00925035 -0.0160352 0.0173915
v 0.369154 0.223041 -0.0314052
vn -0.00925035 -0.0160352 0.0173915
v 0.369154 0.223041 -0.0314052
vn 0.00925035 0.0160352 -0.0173915
v 0.367108 0.224065 -0.0450573
vn 0.00925035 0.0160352 -0.0173915
v 0.344858 0.223583 -0.029767
vn 0.00925035 0.0160352 -0.0173915
v 0.359482 0.236484 -0.0213857
vn -0.0247757 0 0.00559684
v 0.344858 0.223583 -0.029767
vn -0.0224829 0 0.0118186
v 0.359613 0.235197 -0.0311077
vn -0.0224829 0 0.0118186
v 0.359613 0.235197 -0.0311077
vn 0.0224829 0 -0.0118186
v 0.344858 0.223583 -0.029767
vn 0.0224829 0 -0.0118186
v 0.359482 0.236484 -0.0213857
vn 0.0247757 0 -0.00559684
v 0.366568 0.229394 -0.00482677
vn -0 -0.0254 -0
v 0.359482 0.236484 -0.0213857
vn -0 -0.0254 -0
v 0.359482 0.236484 -0.0213857
vn 0 0.0254 0
v 0.366568 0.229394 -0.00482677
vn 0 0.0254 0
v 0.355904 0.24522 0.0149032
vn -0.0178952 -0.0180148 0.000622402
v 0.355904 0.24522 0.0149032
vn 0.0178952 0.0180148 -0.000622402
v 0.354623 0.244618 -0.0044017
vn -0.0196867 -0.0160352 0.000684708
v 0.354623 0.244618 -0.0044017
vn 0.0196867 0.0160352 -0.000684708
v 0.343026 0.228084 -0.0109357
vn -0.0167068 -0.0160352 0.0104363
v 0.368971 0.224858 -0.0176833
vn -0.0167068 -0.0160352 0.0104363
v 0.366568 0.229394 -0.00482677
vn -0.0167068 -0.0160352 0.0104363
v 0.366568 0.229394 -0.00482677
vn 0.0167068 0.0160352 -0.0104363
v 0.368971 0.224858 -0.0176833
vn 0.0167068 0.0160352 -0.0104363
v 0.343026 0.228084 -0.0109357
vn 0.0167068 0.0160352 -0.0104363
v 0.357781 0.239698 -0.0122764
vn -0 -0.0254 -0
v 0.362112 0.236338 0.00628778
vn -0 -0.0254 -0
v 0.362112 0.236338 0.00628778
vn 0 0.0254 0
v 0.357781 0.239698 -0.0122764
vn 0 0.0254 0
v 0.339869 0.233004 -0.00306096
vn -0.0188386 -0.0160352 0.00575666
v 0.366568 0.229394 -0.00482677
vn -0.0188386 -0.0160352 0.00575666
v 0.362112 0.236338 0.00628778
vn -0.0188386 -0.0160352 0.00575666
v 0.362112 0.236338 0.00628778
vn 0.0188386 0.0160352 -0.00575666
v 0.366568 0.229394 -0.00482677
vn 0.0188386 0.0160352 -0.00575666
v 0.339869 0.233004 -0.00306096
vn 0.0188386 0.0160352 -0.00575666
v 0.343026 0.228084 -0.0109357
vn -0.0253801 0 -0.0010063
v 0.359482 0.236484 -0.0213857
vn -0.0247757 0 0.00559684
v 0.357781 0.239698 -0.0122764
vn -0.0253801 0 -0.0010063
v 0.357781 0.239698 -0.0122764
vn 0.0253801 0 0.0010063
v 0.359482 0.236484 -0.0213857
vn 0.0247757 0 -0.00559684
v 0.343026 0.228084 -0.0109357
vn 0.0253801 0 0.0010063
v 0.339869 0.233004 -0.00306096
vn -0.0242548 0 -0.00754085
v 0.357781 0.239698 -0.0122764
vn -0.0253801 0 -0.0010063
v 0.354623 0.244618 -0.0044017
vn -0.0242548 0 -0.00754085
v 0.354623 0.244618 -0.0044017
vn 0.0242548 0 0.00754085
v 0.357781 0.239698 -0.0122764
vn 0.0253801 0 0.0010063
v 0.339869 0.233004 -0.00306096
vn 0.0242548 0 0.00754085
v 0.354623 0.244618 -0.0044017
vn -0 -0.0254 -0
v 0.354623 0.244618 -0.0044017
vn 0 0.0254 0
v 0.343408 0.224308 -0.0394398
vn -0.00925035 -0.0160352 0.0173915
v 0.343408 0.224308 -0.0394398
vn 0.00925035 0.0160352 -0.0173915
v 0.343408 0.224308 -0.0394398
vn -0.018658 0 0.0172349
v 0.343408 0.224308 -0.0394398
vn 0.018658 0 -0.0172349
v 0.344858 0.223583 -0.029767
vn -0.0224829 0 0.0118186
v 0.344858 0.223583 -0.029767
vn 0.0224829 0 -0.0118186
v -0.247594 -0.197191 0.113925
vn 0.015942 0.0130339 0.0148704
v -0.234962 -0.150288 0.13059
vn 0.015942 0.0130339 0.0148704
v -0.216543 -0.173307 0.133886
vn 0.015942 0.0130339 0.0148704
v -0.216543 -0.173307 0.133886
vn -0.015942 -0.0130339 -0.0148704
v -0.234962 -0.150288 0.13059
vn -0.015942 -0.0130339 -0.0148704
v -0.247594 -0.197191 0.113925
vn -0.015942 -0.0130339 -0.0148704
v -0.232823 -0.155543 0.108607
vn 0 0.0254 0
v -0.232823 -0.155543 0.108607
vn -0 -0.0254 -0
v -0.216543 -0.173307 0.133886
vn 0.0157885 0.0133789 0.0147272
v -0.20767 -0.121613 0.150694
vn 0.0157885 0.0133789 0.0147272
v -0.185437 -0.149399 0.154671
vn 0.0157885 0.0133789 0.0147272
v -0.185437 -0.149399 0.154671
vn -0.0157885 -0.0133789 -0.0147272
v -0.20767 -0.121613 0.150694
vn -0.0157885 -0.0133789 -0.0147272
v -0.216543 -0.173307 0.133886
vn -0.0157885 -0.0133789 -0.0147272
v -0.185437 -0.149399 0.154671
vn 0.018574 0 0.0173254
v 0.353006 0.319722 0.0997454
vn 0.018574 0 0.0173254
v 0.375239 0.291936 0.103723
vn 0.018574 0 0.0173254
v 0.375239 0.291936 0.103723
vn -0.018574 0 -0.0173254
v 0.353006 0.319722 0.0997454
vn -0.018574 0 -0.0173254
v -0.185437 -0.149399 0.154671
vn -0.018574 0 -0.0173254
v -0.278946 -0.050188 -0.0149745
vn -0 -0.0254 -0
v -0.278946 -0.050188 -0.0149745
vn 0 0.0254 0
v 0.347905 0.318142 0.0299234
vn -0 -0.0254 -0
v 0.347905 0.318142 0.0299234
vn 0 0.0254 0
v 0.344379 0.293055 0.0381159
vn -0.00559684 -0 -0.0247757
v 0.359133 0.304669 0.0367751
vn -0.00559684 -0 -0.0247757
v 0.359133 0.304669 0.0367751
vn 0.00559684 0 0.0247757
v 0.344379 0.293055 0.0381159
vn 0.00559684 0 0.0247757
v 0.346178 0.288633 0.019619
vn -0.0130939 -0.0180148 -0.0122137
v 0.370824 0.290058 0.0388676
vn -0.0130939 -0.0180148 -0.0122137
v 0.359133 0.304669 0.0367751
vn -0.0130939 -0.0180148 -0.0122137
v 0.359133 0.304669 0.0367751
vn 0.0130939 0.0180148 0.0122137
v 0.370824 0.290058 0.0388676
vn 0.0130939 0.0180148 0.0122137
v 0.346178 0.288633 0.019619
vn 0.0130939 0.0180148 0.0122137
v 0.354773 0.277892 0.0211572
vn -0.0130939 -0.0180148 -0.0122137
v 0.354773 0.277892 0.0211572
vn 0.0130939 0.0180148 0.0122137
v 0.354773 0.277892 0.0211572
vn -0 -0.0254 -0
v 0.35607 0.278443 0.0402084
vn -0 -0.0254 -0
v 0.35607 0.278443 0.0402084
vn 0 0.0254 0
v 0.354773 0.277892 0.0211572
vn 0 0.0254 0
v 0.340018 0.266278 0.022498
vn -0.0158089 -0.0180148 -0.00840859
v 0.367428 0.26369 0.0373977
vn -0.0158089 -0.0180148 -0.00840859
v 0.35607 0.278443 0.0402084
vn -0.0158089 -0.0180148 -0.00840859
v 0.35607 0.278443 0.0402084
vn 0.0158089 0.0180148 0.00840859
v 0.367428 0.26369 0.0373977
vn 0.0158089 0.0180148 0.00840859
v 0.340018 0.266278 0.022498
vn 0.0158089 0.0180148 0.00840859
v 0.348368 0.255431 0.0204322
vn -0.0104306 -0 -0.0231595
v 0.363123 0.267045 0.0190915
vn -0.0104306 -0 -0.0231595
v 0.363123 0.267045 0.0190915
vn 0.0104306 0 0.0231595
v 0.348368 0.255431 0.0204322
vn 0.0104306 0 0.0231595
v 0.344885 0.258146 0.00561995
vn -0.0191931 -0.0160352 -0.0044339
v 0.370659 0.256834 0.0135624
vn -0.0191931 -0.0160352 -0.0044339
v 0.363123 0.267045 0.0190915
vn -0.0191931 -0.0160352 -0.0044339
v 0.363123 0.267045 0.0190915
vn 0.0191931 0.0160352 0.0044339
v 0.370659 0.256834 0.0135624
vn 0.0191931 0.0160352 0.0044339
v 0.344885 0.258146 0.00561995
vn 0.0191931 0.0160352 0.0044339
v 0.340018 0.266278 0.022498
vn -0.00408102 0 -0.02507
v 0.354773 0.277892 0.0211572
vn -0.00408102 0 -0.02507
v 0.354773 0.277892 0.0211572
vn 0.00408102 0 0.02507
v 0.340018 0.266278 0.022498
vn 0.00408102 0 0.02507
v 0.338969 0.265831 0.00708331
vn -0.0173915 -0.0160352 -0.00925035
v 0.363123 0.267045 0.0190915
vn -0.0173915 -0.0160352 -0.00925035
v 0.354773 0.277892 0.0211572
vn -0.0173915 -0.0160352 -0.00925035
v 0.354773 0.277892 0.0211572
vn 0.0173915 0.0160352 0.00925035
v 0.363123 0.267045 0.0190915
vn 0.0173915 0.0160352 0.00925035
v 0.338969 0.265831 0.00708331
vn 0.0173915 0.0160352 0.00925035
v 0.355904 0.24522 0.0149032
vn -0.0174465 -0.0180148 -0.00403042
v 0.355904 0.24522 0.0149032
vn 0.0174465 0.0180148 0.00403042
v 0.348368 0.255431 0.0204322
vn -0.0158089 -0.0180148 -0.00840859
v 0.348368 0.255431 0.0204322
vn 0.0158089 0.0180148 0.00840859
v 0.350224 0.250911 0.00170302
vn -0.0191931 -0.0160352 -0.0044339
v 0.350224 0.250911 0.00170302
vn 0.0191931 0.0160352 0.0044339
v -0.278757 -0.221124 0.0922979
vn 0.0156309 0.0137206 0.0145801
v -0.262332 -0.178772 0.111288
vn 0.0156309 0.0137206 0.0145801
v -0.247594 -0.197191 0.113925
vn 0.0156309 0.0137206 0.0145801
v -0.247594 -0.197191 0.113925
vn -0.0156309 -0.0137206 -0.0145801
v -0.262332 -0.178772 0.111288
vn -0.0156309 -0.0137206 -0.0145801
v -0.278757 -0.221124 0.0922979
vn -0.0156309 -0.0137206 -0.0145801
v -0.260036 -0.184414 0.087686
vn 0 0.0254 0
v -0.260036 -0.184414 0.087686
vn -0 -0.0254 -0
v -0.309118 -0.244713 0.0824766
vn 0 0.0254 0
v -0.309969 -0.245075 0.0699746
vn 0.0155002 0.013995 0.0144583
v -0.289545 -0.207642 0.0903675
vn 0.0155002 0.013995 0.0144583
v -0.278757 -0.221124 0.0922979
vn 0.0155002 0.013995 0.0144583
v -0.278757 -0.221124 0.0922979
vn -0.0155002 -0.013995 -0.0144583
v -0.289545 -0.207642 0.0903675
vn -0.0155002 -0.013995 -0.0144583
v -0.309969 -0.245075 0.0699746
vn -0.0155002 -0.013995 -0.0144583
v -0.287183 -0.213445 0.0660899
vn 0 0.0254 0
v -0.287183 -0.213445 0.0660899
vn -0 -0.0254 -0
v 0.341415 0.252471 -0.0817304
vn 0.0104363 -0.0160352 0.0167068
v 0.341415 0.252471 -0.0817304
vn -0.0104363 0.0160352 -0.0167068
v 0.33492 0.289029 -0.10085
vn -0 -0.0254 -0
v 0.33492 0.289029 -0.10085
vn 0 0.0254 0
v 0.339959 0.256049 -0.0667642
vn 0.00559684 0 0.0247757
v 0.339959 0.256049 -0.0667642
vn -0.00559684 -0 -0.0247757
v 0.347574 0.274827 -0.0846088
vn 0.025034 0 -0.00429628
v 0.347574 0.274827 -0.0846088
vn -0.025034 0 0.00429628
v 0.339959 0.256049 -0.0667642
vn 0.0144047 -0.0160352 0.0134364
v 0.347574 0.274827 -0.0846088
vn 0.0144047 -0.0160352 0.0134364
v 0.35617 0.264085 -0.0830711
vn 0.0144047 -0.0160352 0.0134364
v 0.35617 0.264085 -0.0830711
vn -0.0144047 0.0160352 -0.0134364
v 0.347574 0.274827 -0.0846088
vn -0.0144047 0.0160352 -0.0134364
v 0.339959 0.256049 -0.0667642
vn -0.0144047 0.0160352 -0.0134364
v 0.347574 0.274827 -0.0846088
vn -0 -0.0254 -0
v 0.347574 0.274827 -0.0846088
vn 0 0.0254 0
v 0.33282 0.263213 -0.083268
vn 0.0158089 -0.0180148 0.00840859
v 0.33492 0.289029 -0.10085
vn 0.0158089 -0.0180148 0.00840859
v 0.346278 0.274275 -0.10366
vn 0.0158089 -0.0180148 0.00840859
v 0.346278 0.274275 -0.10366
vn -0.0158089 0.0180148 -0.00840859
v 0.33492 0.289029 -0.10085
vn -0.0158089 0.0180148 -0.00840859
v 0.33282 0.263213 -0.083268
vn -0.0158089 0.0180148 -0.00840859
v 0.33282 0.263213 -0.083268
vn 0.025034 0 -0.00429628
v 0.339224 0.285674 -0.082543
vn 0.0104306 0 0.0231595
v 0.339224 0.285674 -0.082543
vn -0.0104306 -0 -0.0231595
v 0.33282 0.263213 -0.083268
vn -0.025034 0 0.00429628
v 0.339224 0.285674 -0.082543
vn -0 -0.0254 -0
v 0.339224 0.285674 -0.082543
vn 0 0.0254 0
v 0.333869 0.263659 -0.067854
vn 0.0173915 -0.0160352 0.00925035
v 0.339224 0.285674 -0.082543
vn 0.0173915 -0.0160352 0.00925035
v 0.347574 0.274827 -0.0846088
vn 0.0173915 -0.0160352 0.00925035
v 0.347574 0.274827 -0.0846088
vn -0.0173915 0.0160352 -0.00925035
v 0.339224 0.285674 -0.082543
vn -0.0173915 0.0160352 -0.00925035
v 0.333869 0.263659 -0.067854
vn -0.0173915 0.0160352 -0.00925035
v 0.324669 0.302919 -0.0933293
vn 0.0236723 0 -0.00920775
v 0.324669 0.302919 -0.0933293
vn -0.0236723 0 0.00920775
v 0.331689 0.295885 -0.0770146
vn 0.0174465 -0.0180148 0.00403042
v 0.331689 0.295885 -0.0770146
vn -0.0174465 0.0180148 -0.00403042
v 0.33098 0.326613 -0.082951
vn 0.0242548 0 0.00754085
v 0.33098 0.326613 -0.082951
vn -0.0242548 0 -0.00754085
v 0.331689 0.295885 -0.0770146
vn 0.0178952 -0.0180148 -0.000622402
v 0.33098 0.326613 -0.082951
vn 0.0178952 -0.0180148 -0.000622402
v 0.339424 0.314533 -0.09467
vn 0.0178952 -0.0180148 -0.000622402
v 0.339424 0.314533 -0.09467
vn -0.0178952 0.0180148 0.000622402
v 0.33098 0.326613 -0.082951
vn -0.0178952 0.0180148 0.000622402
v 0.331689 0.295885 -0.0770146
vn -0.0178952 0.0180148 0.000622402
v 0.324918 0.33606 -0.0678323
vn -0 -0.0254 -0
v 0.324918 0.33606 -0.0678323
vn 0 0.0254 0
v 0.287943 0.379415 -0.0991773
vn -0 -0.0254 -0
v 0.287943 0.379415 -0.0991773
vn 0 0.0254 0
v 0.287943 0.379415 -0.0991773
vn -0.0215423 0 0.0134569
v -0.278946 -0.050188 -0.0149745
vn -0.0215423 0 0.0134569
v -0.272733 -0.0619201 -0.0482291
vn -0.0215423 0 0.0134569
v -0.272733 -0.0619201 -0.0482291
vn 0.0215423 0 -0.0134569
v -0.278946 -0.050188 -0.0149745
vn 0.0215423 0 -0.0134569
v 0.287943 0.379415 -0.0991773
vn 0.0215423 0 -0.0134569
v 0.343408 0.224308 -0.0394398
vn -0 -0.0254 -0
v 0.336262 0.231469 -0.0560502
vn -0 -0.0254 -0
v 0.340476 0.226998 -0.0484051
vn -0 -0.0254 -0
v 0.340476 0.226998 -0.0484051
vn 0 0.0254 0
v 0.336262 0.231469 -0.0560502
vn 0 0.0254 0
v 0.343408 0.224308 -0.0394398
vn 0 0.0254 0
v 0.331053 0.237416 -0.0618553
vn -0 -0.0254 -0
v 0.331053 0.237416 -0.0618553
vn 0 0.0254 0
v 0.344858 0.223583 -0.029767
vn -0 -0.0254 -0
v 0.325204 0.244435 -0.0654234
vn -0 -0.0254 -0
v 0.325204 0.244435 -0.0654234
vn 0 0.0254 0
v 0.344858 0.223583 -0.029767
vn 0 0.0254 0
v 0.325204 0.244435 -0.0654234
vn 0.0144047 -0.0160352 0.0134364
v 0.33282 0.263213 -0.083268
vn 0.0144047 -0.0160352 0.0134364
v 0.341415 0.252471 -0.0817304
vn 0.0144047 -0.0160352 0.0134364
v 0.341415 0.252471 -0.0817304
vn -0.0144047 0.0160352 -0.0134364
v 0.33282 0.263213 -0.083268
vn -0.0144047 0.0160352 -0.0134364
v 0.325204 0.244435 -0.0654234
vn -0.0144047 0.0160352 -0.0134364
v 0.32447 0.27406 -0.0812023
vn -0 -0.0254 -0
v 0.32447 0.27406 -0.0812023
vn 0 0.0254 0
v -0.278946 -0.050188 -0.0149745
vn -0.0183117 0.0133789 0.0114389
v -0.278946 -0.050188 -0.0149745
vn 0.0183117 -0.0133789 -0.0114389
v -0.294011 -0.091116 -0.00665658
vn 0 0.0254 0
v -0.294011 -0.091116 -0.00665658
vn -0 -0.0254 -0
v -0.294405 -0.0872209 0.022748
vn -0.0148704 0.0130339 0.015942
v -0.309583 -0.131422 0.00146342
vn -0.0148704 0.0130339 0.015942
v -0.294011 -0.091116 -0.00665658
vn -0.0148704 0.0130339 0.015942
v -0.294011 -0.091116 -0.00665658
vn 0.0148704 -0.0130339 -0.015942
v -0.309583 -0.131422 0.00146342
vn 0.0148704 -0.0130339 -0.015942
v -0.294405 -0.0872209 0.022748
vn 0.0148704 -0.0130339 -0.015942
v -0.309898 -0.128305 0.0249929
vn -0.0145801 0.0137206 0.0156309
v -0.324129 -0.172985 0.00998389
vn -0.0145801 0.0137206 0.0156309
v -0.309583 -0.131422 0.00146342
vn -0.0145801 0.0137206 0.0156309
v -0.309583 -0.131422 0.00146342
vn 0.0145801 -0.0137206 -0.0156309
v -0.324129 -0.172985 0.00998389
vn 0.0145801 -0.0137206 -0.0156309
v -0.309898 -0.128305 0.0249929
vn 0.0145801 -0.0137206 -0.0156309
v -0.294851 -0.147476 0.0245247
vn 0 0.0254 0
v -0.294851 -0.147476 0.0245247
vn -0 -0.0254 -0
v -0.32436 -0.170704 0.0272061
vn -0.0144583 0.013995 0.0155002
v -0.338247 -0.215073 0.018671
vn -0.0144583 0.013995 0.0155002
v -0.324129 -0.172985 0.00998389
vn -0.0144583 0.013995 0.0155002
v -0.324129 -0.172985 0.00998389
vn 0.0144583 -0.013995 -0.0155002
v -0.338247 -0.215073 0.018671
vn 0.0144583 -0.013995 -0.0155002
v -0.32436 -0.170704 0.0272061
vn 0.0144583 -0.013995 -0.0155002
v -0.30728 -0.191225 0.0374029
vn 0 0.0254 0
v -0.30728 -0.191225 0.0374029
vn -0 -0.0254 -0
v -0.33839 -0.213652 0.0294051
vn 0 0.0254 0
v 0.344728 0.22487 -0.0200449
vn -0.0134364 -0.0160352 0.0144047
v 0.344728 0.22487 -0.0200449
vn 0.0134364 0.0160352 -0.0144047
v 0.344728 0.22487 -0.0200449
vn -0.0247757 0 0.00559684
v 0.344728 0.22487 -0.0200449
vn 0.0247757 0 -0.00559684
v 0.355904 0.24522 0.0149032
vn -0 -0.0254 -0
v 0.355904 0.24522 0.0149032
vn 0 0.0254 0
v 0.33547 0.239297 0.00304375
vn -0.0196867 -0.0160352 0.000684708
v 0.362112 0.236338 0.00628778
vn -0.0196867 -0.0160352 0.000684708
v 0.355904 0.24522 0.0149032
vn -0.0196867 -0.0160352 0.000684708
v 0.355904 0.24522 0.0149032
vn 0.0196867 0.0160352 -0.000684708
v 0.362112 0.236338 0.00628778
vn 0.0196867 0.0160352 -0.000684708
v 0.33547 0.239297 0.00304375
vn 0.0196867 0.0160352 -0.000684708
v 0.33547 0.239297 0.00304375
vn -0.0214766 0 -0.0135615
v 0.354623 0.244618 -0.0044017
vn -0.0242548 0 -0.00754085
v 0.350224 0.250911 0.00170302
vn -0.0214766 0 -0.0135615
v 0.350224 0.250911 0.00170302
vn 0.0214766 0 0.0135615
v 0.354623 0.244618 -0.0044017
vn 0.0242548 0 0.00754085
v 0.33547 0.239297 0.00304375
vn 0.0214766 0 0.0135615
v 0.350224 0.250911 0.00170302
vn -0 -0.0254 -0
v 0.350224 0.250911 0.00170302
vn 0 0.0254 0
v 0.344728 0.22487 -0.0200449
vn -0.0167068 -0.0160352 0.0104363
v 0.344728 0.22487 -0.0200449
vn 0.0167068 0.0160352 -0.0104363
v 0.343026 0.228084 -0.0109357
vn -0.0188386 -0.0160352 0.00575666
v 0.343026 0.228084 -0.0109357
vn 0.0188386 0.0160352 -0.00575666
v 0.339869 0.233004 -0.00306096
vn -0.0196867 -0.0160352 0.000684708
v 0.339869 0.233004 -0.00306096
vn 0.0196867 0.0160352 -0.000684708
v 0.343026 0.228084 -0.0109357
vn -0.0253801 0 -0.0010063
v 0.343026 0.228084 -0.0109357
vn 0.0253801 0 0.0010063
v 0.344728 0.22487 -0.0200449
vn -0.0247757 0 0.00559684
v 0.344728 0.22487 -0.0200449
vn 0.0247757 0 -0.00559684
v 0.339869 0.233004 -0.00306096
vn -0.0242548 0 -0.00754085
v 0.339869 0.233004 -0.00306096
vn 0.0242548 0 0.00754085
v -0.262332 -0.178772 0.111288
vn 0.015942 0.0130339 0.0148704
v -0.262332 -0.178772 0.111288
vn -0.015942 -0.0130339 -0.0148704
v -0.234962 -0.150288 0.13059
vn 0 0.0254 0
v -0.234962 -0.150288 0.13059
vn -0 -0.0254 -0
v -0.234962 -0.150288 0.13059
vn 0.0157885 0.0133789 0.0147272
v -0.234962 -0.150288 0.13059
vn -0.0157885 -0.0133789 -0.0147272
v -0.20767 -0.121613 0.150694
vn 0.018574 0 0.0173254
v -0.20767 -0.121613 0.150694
vn -0.018574 0 -0.0173254
v -0.20767 -0.121613 0.150694
vn -0 -0.0254 -0
v -0.20767 -0.121613 0.150694
vn 0 0.0254 0
v 0.281729 0.391147 -0.0659227
vn -0 -0.0254 -0
v 0.353006 0.319722 0.0997454
vn -0 -0.0254 -0
v 0.353006 0.319722 0.0997454
vn 0 0.0254 0
v 0.281729 0.391147 -0.0659227
vn 0 0.0254 0
v 0.337904 0.32956 0.0187791
vn -0 -0.0254 -0
v 0.337904 0.32956 0.0187791
vn 0 0.0254 0
v 0.347905 0.318142 0.0299234
vn 0.0010063 0 -0.0253801
v 0.347905 0.318142 0.0299234
vn -0.0010063 0 0.0253801
v 0.337924 0.298538 0.0145823
vn -0.00948662 -0.0180148 -0.0151865
v 0.359133 0.304669 0.0367751
vn -0.00948662 -0.0180148 -0.0151865
v 0.347905 0.318142 0.0299234
vn -0.00948662 -0.0180148 -0.0151865
v 0.347905 0.318142 0.0299234
vn 0.00948662 0.0180148 0.0151865
v 0.359133 0.304669 0.0367751
vn 0.00948662 0.0180148 0.0151865
v 0.337924 0.298538 0.0145823
vn 0.00948662 0.0180148 0.0151865
v 0.346178 0.288633 0.019619
vn -0.00948662 -0.0180148 -0.0151865
v 0.346178 0.288633 0.019619
vn 0.00948662 0.0180148 0.0151865
v 0.337924 0.298538 0.0145823
vn -0 -0.0254 -0
v 0.344379 0.293055 0.0381159
vn -0 -0.0254 -0
v 0.344379 0.293055 0.0381159
vn 0 0.0254 0
v 0.337924 0.298538 0.0145823
vn 0 0.0254 0
v 0.331424 0.277019 0.0209597
vn -0.0130939 -0.0180148 -0.0122137
v 0.35607 0.278443 0.0402084
vn -0.0130939 -0.0180148 -0.0122137
v 0.344379 0.293055 0.0381159
vn -0.0130939 -0.0180148 -0.0122137
v 0.344379 0.293055 0.0381159
vn 0.0130939 0.0180148 0.0122137
v 0.35607 0.278443 0.0402084
vn 0.0130939 0.0180148 0.0122137
v 0.331424 0.277019 0.0209597
vn 0.0130939 0.0180148 0.0122137
v 0.346178 0.288633 0.019619
vn -0 -0.0254 -0
v 0.346178 0.288633 0.019619
vn 0 0.0254 0
v 0.331424 0.277019 0.0209597
vn 0.00254663 0 -0.025272
v 0.354773 0.277892 0.0211572
vn -0.00408102 0 -0.02507
v 0.346178 0.288633 0.019619
vn 0.00254663 0 -0.025272
v 0.346178 0.288633 0.019619
vn -0.00254663 0 0.025272
v 0.354773 0.277892 0.0211572
vn 0.00408102 0 0.02507
v 0.331424 0.277019 0.0209597
vn -0.00254663 0 0.025272
v 0.332879 0.273442 0.00599412
vn -0.0144047 -0.0160352 -0.0134364
v 0.354773 0.277892 0.0211572
vn -0.0144047 -0.0160352 -0.0134364
v 0.346178 0.288633 0.019619
vn -0.0144047 -0.0160352 -0.0134364
v 0.346178 0.288633 0.019619
vn 0.0144047 0.0160352 0.0134364
v 0.354773 0.277892 0.0211572
vn 0.0144047 0.0160352 0.0134364
v 0.332879 0.273442 0.00599412
vn 0.0144047 0.0160352 0.0134364
v 0.340018 0.266278 0.022498
vn -0.0130939 -0.0180148 -0.0122137
v 0.340018 0.266278 0.022498
vn 0.0130939 0.0180148 0.0122137
v 0.344885 0.258146 0.00561995
vn -0.0173915 -0.0160352 -0.00925035
v 0.344885 0.258146 0.00561995
vn 0.0173915 0.0160352 0.00925035
v 0.340018 0.266278 0.022498
vn -0.00408102 0 -0.02507
v 0.340018 0.266278 0.022498
vn 0.00408102 0 0.02507
v 0.338969 0.265831 0.00708331
vn -0.0144047 -0.0160352 -0.0134364
v 0.338969 0.265831 0.00708331
vn 0.0144047 0.0160352 0.0134364
v 0.344885 0.258146 0.00561995
vn -0 -0.0254 -0
v 0.348368 0.255431 0.0204322
vn -0 -0.0254 -0
v 0.348368 0.255431 0.0204322
vn 0 0.0254 0
v 0.344885 0.258146 0.00561995
vn 0 0.0254 0
v 0.330131 0.246532 0.00696068
vn -0.0191931 -0.0160352 -0.0044339
v 0.355904 0.24522 0.0149032
vn -0.0191931 -0.0160352 -0.0044339
v 0.348368 0.255431 0.0204322
vn -0.0191931 -0.0160352 -0.0044339
v 0.348368 0.255431 0.0204322
vn 0.0191931 0.0160352 0.0044339
v 0.355904 0.24522 0.0149032
vn 0.0191931 0.0160352 0.0044339
v 0.330131 0.246532 0.00696068
vn 0.0191931 0.0160352 0.0044339
v 0.338969 0.265831 0.00708331
vn -0 -0.0254 -0
v 0.340018 0.266278 0.022498
vn -0 -0.0254 -0
v 0.340018 0.266278 0.022498
vn 0 0.0254 0
v 0.338969 0.265831 0.00708331
vn 0 0.0254 0
v 0.324215 0.254217 0.00842405
vn -0.0173915 -0.0160352 -0.00925035
v 0.348368 0.255431 0.0204322
vn -0.0173915 -0.0160352 -0.00925035
v 0.340018 0.266278 0.022498
vn -0.0173915 -0.0160352 -0.00925035
v 0.340018 0.266278 0.022498
vn 0.0173915 0.0160352 0.00925035
v 0.348368 0.255431 0.0204322
vn 0.0173915 0.0160352 0.00925035
v 0.324215 0.254217 0.00842405
vn 0.0173915 0.0160352 0.00925035
v 0.330131 0.246532 0.00696068
vn -0.0172349 -0 -0.018658
v 0.350224 0.250911 0.00170302
vn -0.0214766 0 -0.0135615
v 0.344885 0.258146 0.00561995
vn -0.0172349 -0 -0.018658
v 0.344885 0.258146 0.00561995
vn 0.0172349 0 0.018658
v 0.350224 0.250911 0.00170302
vn 0.0214766 0 0.0135615
v 0.330131 0.246532 0.00696068
vn 0.0172349 0 0.018658
v -0.289545 -0.207642 0.0903675
vn 0.0156309 0.0137206 0.0145801
v -0.289545 -0.207642 0.0903675
vn -0.0156309 -0.0137206 -0.0145801
v -0.270396 -0.171982 0.0813644
vn 0 0.0254 0
v -0.262332 -0.178772 0.111288
vn 0 0.0254 0
v -0.262332 -0.178772 0.111288
vn -0 -0.0254 -0
v -0.270396 -0.171982 0.0813644
vn -0 -0.0254 -0
v -0.316692 -0.236673 0.0687713
vn 0 0.0254 0
v -0.316692 -0.236673 0.0687713
vn 0.0155002 0.013995 0.0144583
v -0.316692 -0.236673 0.0687713
vn -0.0155002 -0.013995 -0.0144583
v -0.29939 -0.199131 0.0557411
vn 0 0.0254 0
v -0.289545 -0.207642 0.0903675
vn 0 0.0254 0
v -0.289545 -0.207642 0.0903675
vn -0 -0.0254 -0
v -0.29939 -0.199131 0.0557411
vn -0 -0.0254 -0
v -0.29364 -0.205697 0.0621496
vn 0 0.0254 0
v -0.29364 -0.205697 0.0621496
vn -0 -0.0254 -0
v 0.325204 0.244435 -0.0654234
vn 0.00559684 0 0.0247757
v 0.333869 0.263659 -0.067854
vn 0.0251047 0 0.00386199
v 0.339959 0.256049 -0.0667642
vn 0.00559684 0 0.0247757
v 0.339959 0.256049 -0.0667642
vn -0.00559684 -0 -0.0247757
v 0.333869 0.263659 -0.067854
vn -0.0251047 0 -0.00386199
v 0.325204 0.244435 -0.0654234
vn -0.00559684 -0 -0.0247757
v 0.333869 0.263659 -0.067854
vn 0.0144047 -0.0160352 0.0134364
v 0.333869 0.263659 -0.067854
vn -0.0144047 0.0160352 -0.0134364
v 0.32447 0.27406 -0.0812023
vn 0.0158089 -0.0180148 0.00840859
v 0.32447 0.27406 -0.0812023
vn -0.0158089 0.0180148 -0.00840859
v 0.324669 0.302919 -0.0933293
vn -0 -0.0254 -0
v 0.324669 0.302919 -0.0933293
vn 0 0.0254 0
v 0.32447 0.27406 -0.0812023
vn 0.0104306 0 0.0231595
v 0.32447 0.27406 -0.0812023
vn -0.0104306 -0 -0.0231595
v 0.327953 0.271344 -0.0663906
vn 0.0173915 -0.0160352 0.00925035
v 0.327953 0.271344 -0.0663906
vn -0.0173915 0.0160352 -0.00925035
v 0.319115 0.252045 -0.0665132
vn 0.0173915 -0.0160352 0.00925035
v 0.32447 0.27406 -0.0812023
vn 0.0173915 -0.0160352 0.00925035
v 0.33282 0.263213 -0.083268
vn 0.0173915 -0.0160352 0.00925035
v 0.33282 0.263213 -0.083268
vn -0.0173915 0.0160352 -0.00925035
v 0.32447 0.27406 -0.0812023
vn -0.0173915 0.0160352 -0.00925035
v 0.319115 0.252045 -0.0665132
vn -0.0173915 0.0160352 -0.00925035
v 0.319115 0.252045 -0.0665132
vn 0.0144047 -0.0160352 0.0134364
v 0.319115 0.252045 -0.0665132
vn -0.0144047 0.0160352 -0.0134364
v 0.32447 0.27406 -0.0812023
vn 0.0174465 -0.0180148 0.00403042
v 0.324669 0.302919 -0.0933293
vn 0.0174465 -0.0180148 0.00403042
v 0.33492 0.289029 -0.10085
vn 0.0174465 -0.0180148 0.00403042
v 0.33492 0.289029 -0.10085
vn -0.0174465 0.0180148 -0.00403042
v 0.324669 0.302919 -0.0933293
vn -0.0174465 0.0180148 -0.00403042
v 0.32447 0.27406 -0.0812023
vn -0.0174465 0.0180148 -0.00403042
v 0.331689 0.295885 -0.0770146
vn 0.019532 0 -0.0162377
v 0.331689 0.295885 -0.0770146
vn -0.019532 0 0.0162377
v 0.331689 0.295885 -0.0770146
vn -0 -0.0254 -0
v 0.331689 0.295885 -0.0770146
vn 0 0.0254 0
v 0.322614 0.27858 -0.0624731
vn -0.0191931 0.0160352 -0.0044339
v 0.339224 0.285674 -0.082543
vn -0.0191931 0.0160352 -0.0044339
v 0.331689 0.295885 -0.0770146
vn -0.0191931 0.0160352 -0.0044339
v 0.331689 0.295885 -0.0770146
vn 0.0191931 -0.0160352 0.0044339
v 0.339224 0.285674 -0.082543
vn 0.0191931 -0.0160352 0.0044339
v 0.322614 0.27858 -0.0624731
vn 0.0191931 -0.0160352 0.0044339
v 0.316226 0.314999 -0.0816103
vn 0.0242548 0 0.00754085
v 0.316226 0.314999 -0.0816103
vn -0.0242548 0 -0.00754085
v 0.325481 0.304766 -0.0683992
vn 0.0178952 -0.0180148 -0.000622402
v 0.325481 0.304766 -0.0683992
vn -0.0178952 0.0180148 0.000622402
v 0.324918 0.33606 -0.0678323
vn 0.0253801 0 0.0010063
v 0.324918 0.33606 -0.0678323
vn -0.0253801 0 -0.0010063
v 0.33098 0.326613 -0.082951
vn 0.0171243 -0.0180148 -0.00523281
v 0.321024 0.311711 -0.057284
vn 0.0171243 -0.0180148 -0.00523281
v 0.324918 0.33606 -0.0678323
vn 0.0171243 -0.0180148 -0.00523281
v 0.324918 0.33606 -0.0678323
vn -0.0171243 0.0180148 0.00523281
v 0.321024 0.311711 -0.057284
vn -0.0171243 0.0180148 0.00523281
v 0.33098 0.326613 -0.082951
vn -0.0171243 0.0180148 0.00523281
v 0.321651 0.34223 -0.0503447
vn -0 -0.0254 -0
v 0.321651 0.34223 -0.0503447
vn 0 0.0254 0
v 0.281729 0.391147 -0.0659227
vn -0.0215423 0 0.0134569
v 0.281729 0.391147 -0.0659227
vn 0.0215423 0 -0.0134569
v 0.344728 0.22487 -0.0200449
vn -0 -0.0254 -0
v 0.344728 0.22487 -0.0200449
vn 0 0.0254 0
v 0.333869 0.263659 -0.067854
vn -0 -0.0254 -0
v 0.333869 0.263659 -0.067854
vn 0 0.0254 0
v -0.279422 -0.0454864 0.0205192
vn -0.0147272 0.0133789 0.0157885
v -0.294011 -0.091116 -0.00665658
vn -0.0147272 0.0133789 0.0157885
v -0.278946 -0.050188 -0.0149745
vn -0.0147272 0.0133789 0.0157885
v -0.278946 -0.050188 -0.0149745
vn 0.0147272 -0.0133789 -0.0157885
v -0.294011 -0.091116 -0.00665658
vn 0.0147272 -0.0133789 -0.0157885
v -0.279422 -0.0454864 0.0205192
vn 0.0147272 -0.0133789 -0.0157885
v -0.280389 -0.105077 0.0223114
vn 0 0.0254 0
v -0.280389 -0.105077 0.0223114
vn -0 -0.0254 -0
v -0.309898 -0.128305 0.0249929
vn -0.0148704 0.0130339 0.015942
v -0.309898 -0.128305 0.0249929
vn 0.0148704 -0.0130339 -0.015942
v -0.294405 -0.0872209 0.022748
vn 0 0.0254 0
v -0.294405 -0.0872209 0.022748
vn -0 -0.0254 -0
v -0.294405 -0.0872209 0.022748
vn -0.0147272 0.0133789 0.0157885
v -0.294405 -0.0872209 0.022748
vn 0.0147272 -0.0133789 -0.0157885
v -0.32436 -0.170704 0.0272061
vn -0.0145801 0.0137206 0.0156309
v -0.32436 -0.170704 0.0272061
vn 0.0145801 -0.0137206 -0.0156309
v -0.292281 -0.148762 0.0416589
vn 0 0.0254 0
v -0.309898 -0.128305 0.0249929
vn 0 0.0254 0
v -0.309898 -0.128305 0.0249929
vn -0 -0.0254 -0
v -0.292281 -0.148762 0.0416589
vn -0 -0.0254 -0
v -0.33839 -0.213652 0.0294051
vn -0.0144583 0.013995 0.0155002
v -0.33839 -0.213652 0.0294051
vn 0.0144583 -0.013995 -0.0155002
v -0.32436 -0.170704 0.0272061
vn 0 0.0254 0
v -0.32436 -0.170704 0.0272061
vn -0 -0.0254 -0
v -0.304043 -0.194195 0.0473008
vn 0 0.0254 0
v -0.304043 -0.194195 0.0473008
vn -0 -0.0254 -0
v -0.336789 -0.214453 0.0400843
vn 0 0.0254 0
v -0.34613 -0.203792 0.0296457
vn 0 0.0254 0
v 0.33547 0.239297 0.00304375
vn -0.0191931 -0.0160352 -0.0044339
v 0.33547 0.239297 0.00304375
vn 0.0191931 0.0160352 0.0044339
v 0.33547 0.239297 0.00304375
vn -0.0214766 0 -0.0135615
v 0.33547 0.239297 0.00304375
vn 0.0214766 0 0.0135615
v 0.319115 0.252045 -0.0665132
vn -0 -0.0254 -0
v 0.343026 0.228084 -0.0109357
vn -0 -0.0254 -0
v 0.343026 0.228084 -0.0109357
vn 0 0.0254 0
v 0.319115 0.252045 -0.0665132
vn 0 0.0254 0
v 0.313199 0.25973 -0.0650499
vn -0 -0.0254 -0
v 0.339869 0.233004 -0.00306096
vn -0 -0.0254 -0
v 0.339869 0.233004 -0.00306096
vn 0 0.0254 0
v 0.313199 0.25973 -0.0650499
vn 0 0.0254 0
v 0.322541 0.251915 -0.0299458
vn -0 -0.0254 -0
v 0.33547 0.239297 0.00304375
vn -0 -0.0254 -0
v 0.33547 0.239297 0.00304375
vn 0 0.0254 0
v 0.322541 0.251915 -0.0299458
vn 0 0.0254 0
v -0.262332 -0.178772 0.111288
vn 0.0115501 0.0130339 0.0184898
v -0.252651 -0.129062 0.119796
vn 0.0115501 0.0130339 0.0184898
v -0.234962 -0.150288 0.13059
vn 0.0115501 0.0130339 0.0184898
v -0.234962 -0.150288 0.13059
vn -0.0115501 -0.0130339 -0.0184898
v -0.252651 -0.129062 0.119796
vn -0.0115501 -0.0130339 -0.0184898
v -0.262332 -0.178772 0.111288
vn -0.0115501 -0.0130339 -0.0184898
v -0.246978 -0.138558 0.0999693
vn 0 0.0254 0
v -0.246978 -0.138558 0.0999693
vn -0 -0.0254 -0
v -0.234962 -0.150288 0.13059
vn 0.0114389 0.0133789 0.0183117
v -0.229021 -0.0959921 0.137665
vn 0.0114389 0.0133789 0.0183117
v -0.20767 -0.121613 0.150694
vn 0.0114389 0.0133789 0.0183117
v -0.20767 -0.121613 0.150694
vn -0.0114389 -0.0133789 -0.0183117
v -0.229021 -0.0959921 0.137665
vn -0.0114389 -0.0133789 -0.0183117
v -0.234962 -0.150288 0.13059
vn -0.0114389 -0.0133789 -0.0183117
v -0.229021 -0.0959921 0.137665
vn 0.0134569 0 0.0215423
v 0.353006 0.319722 0.0997454
vn 0.0134569 0 0.0215423
v -0.20767 -0.121613 0.150694
vn 0.0134569 0 0.0215423
v -0.20767 -0.121613 0.150694
vn -0.0134569 0 -0.0215423
v 0.353006 0.319722 0.0997454
vn -0.0134569 0 -0.0215423
v -0.229021 -0.0959921 0.137665
vn -0.0134569 0 -0.0215423
v -0.279422 -0.0454864 0.0205192
vn -0 -0.0254 -0
v -0.279422 -0.0454864 0.0205192
vn 0 0.0254 0
v 0.329814 0.338144 0.00410215
vn -0 -0.0254 -0
v 0.329814 0.338144 0.00410215
vn 0 0.0254 0
v 0.281254 0.395849 -0.030429
vn -0 -0.0254 -0
v 0.281254 0.395849 -0.030429
vn 0 0.0254 0
v 0.337904 0.32956 0.0187791
vn 0.00754085 0 -0.0242548
v 0.33315 0.306528 0.0312642
vn 0.0010063 0 -0.0253801
v 0.33315 0.306528 0.0312642
vn -0.0010063 0 0.0253801
v 0.337904 0.32956 0.0187791
vn -0.00754085 0 0.0242548
v 0.330572 0.306933 0.00638946
vn -0.00523281 -0.0180148 -0.0171243
v 0.347905 0.318142 0.0299234
vn -0.00523281 -0.0180148 -0.0171243
v 0.337904 0.32956 0.0187791
vn -0.00523281 -0.0180148 -0.0171243
v 0.337904 0.32956 0.0187791
vn 0.00523281 0.0180148 0.0171243
v 0.347905 0.318142 0.0299234
vn 0.00523281 0.0180148 0.0171243
v 0.330572 0.306933 0.00638946
vn 0.00523281 0.0180148 0.0171243
v 0.337924 0.298538 0.0145823
vn -0.00523281 -0.0180148 -0.0171243
v 0.337924 0.298538 0.0145823
vn 0.00523281 0.0180148 0.0171243
v 0.337924 0.298538 0.0145823
vn 0.00900072 0 -0.0237518
v 0.337924 0.298538 0.0145823
vn -0.00900072 0 0.0237518
v 0.337924 0.298538 0.0145823
vn -0.0104363 -0.0160352 -0.0167068
v 0.332879 0.273442 0.00599412
vn -0.0104363 -0.0160352 -0.0167068
v 0.346178 0.288633 0.019619
vn -0.0104363 -0.0160352 -0.0167068
v 0.346178 0.288633 0.019619
vn 0.0104363 0.0160352 0.0167068
v 0.332879 0.273442 0.00599412
vn 0.0104363 0.0160352 0.0167068
v 0.337924 0.298538 0.0145823
vn 0.0104363 0.0160352 0.0167068
v 0.330572 0.306933 0.00638946
vn -0 -0.0254 -0
v 0.330572 0.306933 0.00638946
vn 0 0.0254 0
v 0.344379 0.293055 0.0381159
vn -0.00948662 -0.0180148 -0.0151865
v 0.323169 0.286924 0.015923
vn -0.00948662 -0.0180148 -0.0151865
v 0.331424 0.277019 0.0209597
vn -0.00948662 -0.0180148 -0.0151865
v 0.331424 0.277019 0.0209597
vn 0.00948662 0.0180148 0.0151865
v 0.323169 0.286924 0.015923
vn 0.00948662 0.0180148 0.0151865
v 0.344379 0.293055 0.0381159
vn 0.00948662 0.0180148 0.0151865
v 0.327031 0.28046 0.00242539
vn -0 -0.0254 -0
v 0.331424 0.277019 0.0209597
vn -0 -0.0254 -0
v 0.331424 0.277019 0.0209597
vn 0 0.0254 0
v 0.327031 0.28046 0.00242539
vn 0 0.0254 0
v 0.318125 0.261828 0.00733486
vn -0.0144047 -0.0160352 -0.0134364
v 0.340018 0.266278 0.022498
vn -0.0144047 -0.0160352 -0.0134364
v 0.331424 0.277019 0.0209597
vn -0.0144047 -0.0160352 -0.0134364
v 0.331424 0.277019 0.0209597
vn 0.0144047 0.0160352 0.0134364
v 0.340018 0.266278 0.022498
vn 0.0144047 0.0160352 0.0134364
v 0.318125 0.261828 0.00733486
vn 0.0144047 0.0160352 0.0134364
v 0.324215 0.254217 0.00842405
vn -0.0118186 0 -0.0224829
v 0.344885 0.258146 0.00561995
vn -0.0172349 -0 -0.018658
v 0.338969 0.265831 0.00708331
vn -0.0118186 0 -0.0224829
v 0.338969 0.265831 0.00708331
vn 0.0118186 0 0.0224829
v 0.344885 0.258146 0.00561995
vn 0.0172349 0 0.018658
v 0.324215 0.254217 0.00842405
vn 0.0118186 0 0.0224829
v 0.332879 0.273442 0.00599412
vn -0 -0.0254 -0
v 0.332879 0.273442 0.00599412
vn 0 0.0254 0
v 0.318125 0.261828 0.00733486
vn -0.00559684 -0 -0.0247757
v 0.338969 0.265831 0.00708331
vn -0.0118186 0 -0.0224829
v 0.332879 0.273442 0.00599412
vn -0.00559684 -0 -0.0247757
v 0.332879 0.273442 0.00599412
vn 0.00559684 0 0.0247757
v 0.338969 0.265831 0.00708331
vn 0.0118186 0 0.0224829
v 0.318125 0.261828 0.00733486
vn 0.00559684 0 0.0247757
v 0.330131 0.246532 0.00696068
vn -0.0173915 -0.0160352 -0.00925035
v 0.330131 0.246532 0.00696068
vn 0.0173915 0.0160352 0.00925035
v 0.324215 0.254217 0.00842405
vn -0.0144047 -0.0160352 -0.0134364
v 0.324215 0.254217 0.00842405
vn 0.0144047 0.0160352 0.0134364
v 0.330131 0.246532 0.00696068
vn -0.0172349 -0 -0.018658
v 0.330131 0.246532 0.00696068
vn 0.0172349 0 0.018658
v -0.289545 -0.207642 0.0903675
vn 0.0113247 0.0137206 0.0181289
v -0.276487 -0.161786 0.102651
vn 0.0113247 0.0137206 0.0181289
v -0.262332 -0.178772 0.111288
vn 0.0113247 0.0137206 0.0181289
v -0.262332 -0.178772 0.111288
vn -0.0113247 -0.0137206 -0.0181289
v -0.276487 -0.161786 0.102651
vn -0.0113247 -0.0137206 -0.0181289
v -0.289545 -0.207642 0.0903675
vn -0.0113247 -0.0137206 -0.0181289
v -0.279623 -0.161447 0.0710811
vn 0 0.0254 0
v -0.279623 -0.161447 0.0710811
vn -0 -0.0254 -0
v -0.317873 -0.233772 0.0809099
vn 0 0.0254 0
v -0.316692 -0.236673 0.0687713
vn 0.01123 0.013995 0.0179774
v -0.299905 -0.19521 0.0840459
vn 0.01123 0.013995 0.0179774
v -0.289545 -0.207642 0.0903675
vn 0.01123 0.013995 0.0179774
v -0.289545 -0.207642 0.0903675
vn -0.01123 -0.013995 -0.0179774
v -0.299905 -0.19521 0.0840459
vn -0.01123 -0.013995 -0.0179774
v -0.316692 -0.236673 0.0687713
vn -0.01123 -0.013995 -0.0179774
v 0.319115 0.252045 -0.0665132
vn 0.0251047 0 0.00386199
v 0.319115 0.252045 -0.0665132
vn -0.0251047 0 -0.00386199
v 0.319115 0.252045 -0.0665132
vn 0.0251047 0 0.00386199
v 0.327953 0.271344 -0.0663906
vn 0.0172349 0 0.018658
v 0.333869 0.263659 -0.067854
vn 0.0251047 0 0.00386199
v 0.333869 0.263659 -0.067854
vn -0.0251047 0 -0.00386199
v 0.327953 0.271344 -0.0663906
vn -0.0172349 -0 -0.018658
v 0.319115 0.252045 -0.0665132
vn -0.0251047 0 -0.00386199
v 0.327953 0.271344 -0.0663906
vn -0 -0.0254 -0
v 0.327953 0.271344 -0.0663906
vn 0 0.0254 0
v 0.327953 0.271344 -0.0663906
vn -0.0191931 0.0160352 -0.0044339
v 0.327953 0.271344 -0.0663906
vn 0.0191931 -0.0160352 0.0044339
v 0.313199 0.25973 -0.0650499
vn 0.0173915 -0.0160352 0.00925035
v 0.313199 0.25973 -0.0650499
vn -0.0173915 0.0160352 -0.00925035
v 0.316934 0.284271 -0.0756738
vn 0.0174465 -0.0180148 0.00403042
v 0.316934 0.284271 -0.0756738
vn -0.0174465 0.0180148 -0.00403042
v 0.316934 0.284271 -0.0756738
vn 0.0178952 -0.0180148 -0.000622402
v 0.316226 0.314999 -0.0816103
vn 0.0178952 -0.0180148 -0.000622402
v 0.324669 0.302919 -0.0933293
vn 0.0178952 -0.0180148 -0.000622402
v 0.324669 0.302919 -0.0933293
vn -0.0178952 0.0180148 0.000622402
v 0.316226 0.314999 -0.0816103
vn -0.0178952 0.0180148 0.000622402
v 0.316934 0.284271 -0.0756738
vn -0.0178952 0.0180148 0.000622402
v 0.316934 0.284271 -0.0756738
vn 0.019532 0 -0.0162377
v 0.316934 0.284271 -0.0756738
vn -0.019532 0 0.0162377
v 0.316226 0.314999 -0.0816103
vn -0 -0.0254 -0
v 0.316226 0.314999 -0.0816103
vn 0 0.0254 0
v 0.322614 0.27858 -0.0624731
vn 0.0196867 -0.0160352 -0.000684708
v 0.325481 0.304766 -0.0683992
vn 0.0196867 -0.0160352 -0.000684708
v 0.331689 0.295885 -0.0770146
vn 0.0196867 -0.0160352 -0.000684708
v 0.331689 0.295885 -0.0770146
vn -0.0196867 0.0160352 0.000684708
v 0.325481 0.304766 -0.0683992
vn -0.0196867 0.0160352 0.000684708
v 0.322614 0.27858 -0.0624731
vn -0.0196867 0.0160352 0.000684708
v 0.325481 0.304766 -0.0683992
vn 0.0206129 0 0.0148414
v 0.325481 0.304766 -0.0683992
vn -0.0206129 -0 -0.0148414
v 0.325481 0.304766 -0.0683992
vn -0 -0.0254 -0
v 0.325481 0.304766 -0.0683992
vn 0 0.0254 0
v 0.325481 0.304766 -0.0683992
vn 0.0171243 -0.0180148 -0.00523281
v 0.325481 0.304766 -0.0683992
vn -0.0171243 0.0180148 0.00523281
v 0.310164 0.324446 -0.0664915
vn 0.0253801 0 0.0010063
v 0.310164 0.324446 -0.0664915
vn -0.0253801 0 -0.0010063
v 0.318623 0.316246 -0.0444281
vn 0.0151865 -0.0180148 -0.00948662
v 0.324918 0.33606 -0.0678323
vn 0.0151865 -0.0180148 -0.00948662
v 0.321024 0.311711 -0.057284
vn 0.0151865 -0.0180148 -0.00948662
v 0.321024 0.311711 -0.057284
vn -0.0151865 0.0180148 0.00948662
v 0.324918 0.33606 -0.0678323
vn -0.0151865 0.0180148 0.00948662
v 0.318623 0.316246 -0.0444281
vn -0.0151865 0.0180148 0.00948662
v 0.310164 0.324446 -0.0664915
vn 0.0253801 0 0.0010063
v 0.321651 0.34223 -0.0503447
vn 0.0247757 0 -0.00559684
v 0.324918 0.33606 -0.0678323
vn 0.0253801 0 0.0010063
v 0.324918 0.33606 -0.0678323
vn -0.0253801 0 -0.0010063
v 0.321651 0.34223 -0.0503447
vn -0.0247757 0 0.00559684
v 0.310164 0.324446 -0.0664915
vn -0.0253801 0 -0.0010063
v 0.321651 0.34223 -0.0503447
vn 0.0151865 -0.0180148 -0.00948662
v 0.321651 0.34223 -0.0503447
vn -0.0151865 0.0180148 0.00948662
v 0.3214 0.344702 -0.0316798
vn -0 -0.0254 -0
v 0.3214 0.344702 -0.0316798
vn 0 0.0254 0
v 0.281254 0.395849 -0.030429
vn -0.0173254 0 0.018574
v -0.278946 -0.050188 -0.0149745
vn -0.0173254 0 0.018574
v 0.281729 0.391147 -0.0659227
vn -0.0173254 0 0.018574
v 0.281729 0.391147 -0.0659227
vn 0.0173254 0 -0.018574
v -0.278946 -0.050188 -0.0149745
vn 0.0173254 0 -0.018574
v 0.281254 0.395849 -0.030429
vn 0.0173254 0 -0.018574
v -0.279422 -0.0454864 0.0205192
vn -0.0173254 0 0.018574
v -0.279422 -0.0454864 0.0205192
vn 0.0173254 0 -0.018574
v -0.290018 -0.0894164 0.0520038
vn -0.0102376 0.0130339 0.0192476
v -0.309898 -0.128305 0.0249929
vn -0.0102376 0.0130339 0.0192476
v -0.294405 -0.0872209 0.022748
vn -0.0102376 0.0130339 0.0192476
v -0.294405 -0.0872209 0.022748
vn 0.0102376 -0.0130339 -0.0192476
v -0.309898 -0.128305 0.0249929
vn 0.0102376 -0.0130339 -0.0192476
v -0.290018 -0.0894164 0.0520038
vn 0.0102376 -0.0130339 -0.0192476
v -0.276879 -0.106834 0.0457218
vn 0 0.0254 0
v -0.276879 -0.106834 0.0457218
vn -0 -0.0254 -0
v -0.274127 -0.0481362 0.0558331
vn -0.010139 0.0133789 0.0190622
v -0.294405 -0.0872209 0.022748
vn -0.010139 0.0133789 0.0190622
v -0.279422 -0.0454864 0.0205192
vn -0.010139 0.0133789 0.0190622
v -0.279422 -0.0454864 0.0205192
vn 0.010139 -0.0133789 -0.0190622
v -0.294405 -0.0872209 0.022748
vn 0.010139 -0.0133789 -0.0190622
v -0.274127 -0.0481362 0.0558331
vn 0.010139 -0.0133789 -0.0190622
v -0.306388 -0.130062 0.0484033
vn -0.0100378 0.0137206 0.0188719
v -0.32436 -0.170704 0.0272061
vn -0.0100378 0.0137206 0.0188719
v -0.309898 -0.128305 0.0249929
vn -0.0100378 0.0137206 0.0188719
v -0.309898 -0.128305 0.0249929
vn 0.0100378 -0.0137206 -0.0188719
v -0.32436 -0.170704 0.0272061
vn 0.0100378 -0.0137206 -0.0188719
v -0.306388 -0.130062 0.0484033
vn 0.0100378 -0.0137206 -0.0188719
v -0.287087 -0.153527 0.0575388
vn 0 0.0254 0
v -0.287087 -0.153527 0.0575388
vn -0 -0.0254 -0
v -0.32179 -0.17199 0.0443403
vn -0.00995385 0.013995 0.0187141
v -0.33839 -0.213652 0.0294051
vn -0.00995385 0.013995 0.0187141
v -0.32436 -0.170704 0.0272061
vn -0.00995385 0.013995 0.0187141
v -0.32436 -0.170704 0.0272061
vn 0.00995385 -0.013995 -0.0187141
v -0.33839 -0.213652 0.0294051
vn 0.00995385 -0.013995 -0.0187141
v -0.32179 -0.17199 0.0443403
vn 0.00995385 -0.013995 -0.0187141
v -0.299905 -0.19521 0.0840459
vn 0 0.0254 0
v -0.299905 -0.19521 0.0840459
vn -0 -0.0254 -0
v -0.336789 -0.214453 0.0400843
vn -0.00995385 0.013995 0.0187141
v -0.336789 -0.214453 0.0400843
vn 0.00995385 -0.013995 -0.0187141
v -0.333552 -0.217423 0.0499823
vn 0 0.0254 0
v 0.303461 0.273258 -0.0550282
vn -0 -0.0254 -0
v 0.330131 0.246532 0.00696068
vn -0 -0.0254 -0
v 0.330131 0.246532 0.00696068
vn 0 0.0254 0
v 0.303461 0.273258 -0.0550282
vn 0 0.0254 0
v 0.307859 0.266966 -0.0611323
vn -0 -0.0254 -0
v 0.307859 0.266966 -0.0611323
vn 0 0.0254 0
v 0.322677 0.251789 -0.0295282
vn -0 -0.0254 -0
v 0.322677 0.251789 -0.0295282
vn 0 0.0254 0
v -0.276487 -0.161786 0.102651
vn 0.0115501 0.0130339 0.0184898
v -0.276487 -0.161786 0.102651
vn -0.0115501 -0.0130339 -0.0184898
v -0.259584 -0.124165 0.0859206
vn 0 0.0254 0
v -0.252651 -0.129062 0.119796
vn 0 0.0254 0
v -0.252651 -0.129062 0.119796
vn -0 -0.0254 -0
v -0.259584 -0.124165 0.0859206
vn -0 -0.0254 -0
v -0.252651 -0.129062 0.119796
vn 0.0114389 0.0133789 0.0183117
v -0.252651 -0.129062 0.119796
vn -0.0114389 -0.0133789 -0.0183117
v -0.229021 -0.0959921 0.137665
vn -0 -0.0254 -0
v -0.229021 -0.0959921 0.137665
vn 0 0.0254 0
v 0.331654 0.345343 0.0867164
vn 0.0134569 0 0.0215423
v 0.331654 0.345343 0.0867164
vn -0.0134569 0 -0.0215423
v 0.324185 0.343308 -0.013109
vn -0 -0.0254 -0
v 0.324185 0.343308 -0.013109
vn 0 0.0254 0
v 0.331654 0.345343 0.0867164
vn -0 -0.0254 -0
v 0.331654 0.345343 0.0867164
vn 0 0.0254 0
v 0.329814 0.338144 0.00410215
vn 0.0135615 0 -0.0214766
v 0.32315 0.317946 0.0201198
vn 0.00754085 0 -0.0242548
v 0.32315 0.317946 0.0201198
vn -0.00754085 0 0.0242548
v 0.329814 0.338144 0.00410215
vn -0.0135615 0 0.0214766
v 0.324624 0.313243 -0.00440134
vn -0.000622402 -0.0180148 -0.0178952
v 0.337904 0.32956 0.0187791
vn -0.000622402 -0.0180148 -0.0178952
v 0.329814 0.338144 0.00410215
vn -0.000622402 -0.0180148 -0.0178952
v 0.329814 0.338144 0.00410215
vn 0.000622402 0.0180148 0.0178952
v 0.337904 0.32956 0.0187791
vn 0.000622402 0.0180148 0.0178952
v 0.324624 0.313243 -0.00440134
vn 0.000622402 0.0180148 0.0178952
v 0.330572 0.306933 0.00638946
vn -0.000622402 -0.0180148 -0.0178952
v 0.330572 0.306933 0.00638946
vn 0.000622402 0.0180148 0.0178952
v 0.306646 0.333088 -0.0303391
vn -0 -0.0254 -0
v 0.33315 0.306528 0.0312642
vn -0 -0.0254 -0
v 0.33315 0.306528 0.0312642
vn 0 0.0254 0
v 0.306646 0.333088 -0.0303391
vn 0 0.0254 0
v 0.33315 0.306528 0.0312642
vn -0.00948662 -0.0180148 -0.0151865
v 0.33315 0.306528 0.0312642
vn 0.00948662 0.0180148 0.0151865
v 0.330572 0.306933 0.00638946
vn 0.0148414 0 -0.0206129
v 0.323169 0.286924 0.015923
vn 0.00900072 0 -0.0237518
v 0.323169 0.286924 0.015923
vn -0.00900072 0 0.0237518
v 0.330572 0.306933 0.00638946
vn -0.0148414 0 0.0206129
v 0.330572 0.306933 0.00638946
vn -0.00575666 -0.0160352 -0.0188386
v 0.327031 0.28046 0.00242539
vn -0.00575666 -0.0160352 -0.0188386
v 0.337924 0.298538 0.0145823
vn -0.00575666 -0.0160352 -0.0188386
v 0.337924 0.298538 0.0145823
vn 0.00575666 0.0160352 0.0188386
v 0.327031 0.28046 0.00242539
vn 0.00575666 0.0160352 0.0188386
v 0.330572 0.306933 0.00638946
vn 0.00575666 0.0160352 0.0188386
v 0.327031 0.28046 0.00242539
vn -0.0104363 -0.0160352 -0.0167068
v 0.327031 0.28046 0.00242539
vn 0.0104363 0.0160352 0.0167068
v 0.324624 0.313243 -0.00440134
vn -0 -0.0254 -0
v 0.324624 0.313243 -0.00440134
vn 0 0.0254 0
v 0.303684 0.30645 -0.0293649
vn -0 -0.0254 -0
v 0.323169 0.286924 0.015923
vn -0 -0.0254 -0
v 0.323169 0.286924 0.015923
vn 0 0.0254 0
v 0.303684 0.30645 -0.0293649
vn 0 0.0254 0
v 0.323169 0.286924 0.015923
vn -0.0104363 -0.0160352 -0.0167068
v 0.318125 0.261828 0.00733486
vn -0.0104363 -0.0160352 -0.0167068
v 0.331424 0.277019 0.0209597
vn -0.0104363 -0.0160352 -0.0167068
v 0.331424 0.277019 0.0209597
vn 0.0104363 0.0160352 0.0167068
v 0.318125 0.261828 0.00733486
vn 0.0104363 0.0160352 0.0167068
v 0.323169 0.286924 0.015923
vn 0.0104363 0.0160352 0.0167068
v 0.321822 0.286407 -0.00337973
vn -0 -0.0254 -0
v 0.321822 0.286407 -0.00337973
vn 0 0.0254 0
v 0.324215 0.254217 0.00842405
vn -0.0118186 0 -0.0224829
v 0.324215 0.254217 0.00842405
vn 0.0118186 0 0.0224829
v 0.327031 0.28046 0.00242539
vn 0.0010063 0 -0.0253801
v 0.318125 0.261828 0.00733486
vn -0.00559684 -0 -0.0247757
v 0.332879 0.273442 0.00599412
vn -0.00559684 -0 -0.0247757
v 0.332879 0.273442 0.00599412
vn 0.00559684 0 0.0247757
v 0.318125 0.261828 0.00733486
vn 0.00559684 0 0.0247757
v 0.327031 0.28046 0.00242539
vn -0.0010063 0 0.0253801
v 0.300303 0.278179 -0.0471535
vn -0 -0.0254 -0
v 0.324215 0.254217 0.00842405
vn -0 -0.0254 -0
v 0.324215 0.254217 0.00842405
vn 0 0.0254 0
v 0.300303 0.278179 -0.0471535
vn 0 0.0254 0
v 0.298601 0.281393 -0.0380437
vn -0 -0.0254 -0
v 0.318125 0.261828 0.00733486
vn -0 -0.0254 -0
v 0.318125 0.261828 0.00733486
vn 0 0.0254 0
v 0.298601 0.281393 -0.0380437
vn 0 0.0254 0
v -0.299905 -0.19521 0.0840459
vn 0.0113247 0.0137206 0.0181289
v -0.299905 -0.19521 0.0840459
vn -0.0113247 -0.0137206 -0.0181289
v -0.276487 -0.161786 0.102651
vn 0 0.0254 0
v -0.276487 -0.161786 0.102651
vn -0 -0.0254 -0
v -0.323149 -0.228925 0.0648311
vn 0 0.0254 0
v -0.323149 -0.228925 0.0648311
vn 0.01123 0.013995 0.0179774
v -0.323149 -0.228925 0.0648311
vn -0.01123 -0.013995 -0.0179774
v 0.316934 0.284271 -0.0756738
vn -0 -0.0254 -0
v 0.316934 0.284271 -0.0756738
vn 0 0.0254 0
v 0.313199 0.25973 -0.0650499
vn 0.0172349 0 0.018658
v 0.313199 0.25973 -0.0650499
vn -0.0172349 -0 -0.018658
v 0.313199 0.25973 -0.0650499
vn 0.0172349 0 0.018658
v 0.322614 0.27858 -0.0624731
vn 0.0236723 0 -0.00920775
v 0.327953 0.271344 -0.0663906
vn 0.0172349 0 0.018658
v 0.327953 0.271344 -0.0663906
vn -0.0172349 -0 -0.018658
v 0.322614 0.27858 -0.0624731
vn -0.0236723 0 0.00920775
v 0.313199 0.25973 -0.0650499
vn -0.0172349 -0 -0.018658
v 0.322614 0.27858 -0.0624731
vn -0 -0.0254 -0
v 0.322614 0.27858 -0.0624731
vn 0 0.0254 0
v 0.313199 0.25973 -0.0650499
vn 0.0191931 -0.0160352 0.0044339
v 0.316934 0.284271 -0.0756738
vn 0.0191931 -0.0160352 0.0044339
v 0.32447 0.27406 -0.0812023
vn 0.0191931 -0.0160352 0.0044339
v 0.32447 0.27406 -0.0812023
vn -0.0191931 0.0160352 -0.0044339
v 0.316934 0.284271 -0.0756738
vn -0.0191931 0.0160352 -0.0044339
v 0.313199 0.25973 -0.0650499
vn -0.0191931 0.0160352 -0.0044339
v 0.310727 0.293152 -0.0670584
vn 0.0178952 -0.0180148 -0.000622402
v 0.310727 0.293152 -0.0670584
vn -0.0178952 0.0180148 0.000622402
v 0.307859 0.266966 -0.0611323
vn 0.0236723 0 -0.00920775
v 0.307859 0.266966 -0.0611323
vn -0.0236723 0 0.00920775
v 0.307859 0.266966 -0.0611323
vn 0.0236723 0 -0.00920775
v 0.318215 0.284872 -0.056369
vn 0.0242548 0 0.00754085
v 0.322614 0.27858 -0.0624731
vn 0.0236723 0 -0.00920775
v 0.322614 0.27858 -0.0624731
vn -0.0236723 0 0.00920775
v 0.318215 0.284872 -0.056369
vn -0.0242548 0 -0.00754085
v 0.307859 0.266966 -0.0611323
vn -0.0236723 0 0.00920775
v 0.318215 0.284872 -0.056369
vn 0.0196867 -0.0160352 -0.000684708
v 0.318215 0.284872 -0.056369
vn -0.0196867 0.0160352 0.000684708
v 0.310727 0.293152 -0.0670584
vn 0.0206129 0 0.0148414
v 0.310727 0.293152 -0.0670584
vn -0.0206129 -0 -0.0148414
v 0.307859 0.266966 -0.0611323
vn 0.0196867 -0.0160352 -0.000684708
v 0.310727 0.293152 -0.0670584
vn 0.0196867 -0.0160352 -0.000684708
v 0.316934 0.284271 -0.0756738
vn 0.0196867 -0.0160352 -0.000684708
v 0.316934 0.284271 -0.0756738
vn -0.0196867 0.0160352 0.000684708
v 0.310727 0.293152 -0.0670584
vn -0.0196867 0.0160352 0.000684708
v 0.307859 0.266966 -0.0611323
vn -0.0196867 0.0160352 0.000684708
v 0.307859 0.266966 -0.0611323
vn 0.0191931 -0.0160352 0.0044339
v 0.307859 0.266966 -0.0611323
vn -0.0191931 0.0160352 -0.0044339
v 0.321024 0.311711 -0.057284
vn -0 -0.0254 -0
v 0.321024 0.311711 -0.057284
vn 0 0.0254 0
v 0.321024 0.311711 -0.057284
vn 0.0237518 0 0.00900072
v 0.321024 0.311711 -0.057284
vn -0.0237518 0 -0.00900072
v 0.318215 0.284872 -0.056369
vn 0.0188386 -0.0160352 -0.00575666
v 0.321024 0.311711 -0.057284
vn 0.0188386 -0.0160352 -0.00575666
v 0.325481 0.304766 -0.0683992
vn 0.0188386 -0.0160352 -0.00575666
v 0.325481 0.304766 -0.0683992
vn -0.0188386 0.0160352 0.00575666
v 0.321024 0.311711 -0.057284
vn -0.0188386 0.0160352 0.00575666
v 0.318215 0.284872 -0.056369
vn -0.0188386 0.0160352 0.00575666
v 0.310164 0.324446 -0.0664915
vn -0 -0.0254 -0
v 0.310164 0.324446 -0.0664915
vn 0 0.0254 0
v 0.316226 0.314999 -0.0816103
vn 0.0171243 -0.0180148 -0.00523281
v 0.30627 0.300097 -0.0559433
vn 0.0171243 -0.0180148 -0.00523281
v 0.310164 0.324446 -0.0664915
vn 0.0171243 -0.0180148 -0.00523281
v 0.310164 0.324446 -0.0664915
vn -0.0171243 0.0180148 0.00523281
v 0.30627 0.300097 -0.0559433
vn -0.0171243 0.0180148 0.00523281
v 0.316226 0.314999 -0.0816103
vn -0.0171243 0.0180148 0.00523281
v 0.30627 0.300097 -0.0559433
vn 0.0237518 0 0.00900072
v 0.318623 0.316246 -0.0444281
vn 0.025272 0 0.00254663
v 0.318623 0.316246 -0.0444281
vn -0.025272 0 -0.00254663
v 0.30627 0.300097 -0.0559433
vn -0.0237518 0 -0.00900072
v 0.318623 0.316246 -0.0444281
vn -0 -0.0254 -0
v 0.318623 0.316246 -0.0444281
vn 0 0.0254 0
v 0.315058 0.289793 -0.0484942
vn 0.0167068 -0.0160352 -0.0104363
v 0.318623 0.316246 -0.0444281
vn 0.0167068 -0.0160352 -0.0104363
v 0.321024 0.311711 -0.057284
vn 0.0167068 -0.0160352 -0.0104363
v 0.321024 0.311711 -0.057284
vn -0.0167068 0.0160352 0.0104363
v 0.318623 0.316246 -0.0444281
vn -0.0167068 0.0160352 0.0104363
v 0.315058 0.289793 -0.0484942
vn -0.0167068 0.0160352 0.0104363
v 0.306896 0.330616 -0.0490039
vn 0.0247757 0 -0.00559684
v 0.306896 0.330616 -0.0490039
vn -0.0247757 0 0.00559684
v 0.318438 0.318064 -0.0307056
vn 0.0122137 -0.0180148 -0.0130939
v 0.321651 0.34223 -0.0503447
vn 0.0122137 -0.0180148 -0.0130939
v 0.318623 0.316246 -0.0444281
vn 0.0122137 -0.0180148 -0.0130939
v 0.318623 0.316246 -0.0444281
vn -0.0122137 0.0180148 0.0130939
v 0.321651 0.34223 -0.0503447
vn -0.0122137 0.0180148 0.0130939
v 0.318438 0.318064 -0.0307056
vn -0.0122137 0.0180148 0.0130939
v 0.306646 0.333088 -0.0303391
vn 0.0224829 0 -0.0118186
v 0.3214 0.344702 -0.0316798
vn 0.0224829 0 -0.0118186
v 0.3214 0.344702 -0.0316798
vn -0.0224829 0 0.0118186
v 0.306646 0.333088 -0.0303391
vn -0.0224829 0 0.0118186
v 0.3214 0.344702 -0.0316798
vn 0.0122137 -0.0180148 -0.0130939
v 0.3214 0.344702 -0.0316798
vn -0.0122137 0.0180148 0.0130939
v 0.281254 0.395849 -0.030429
vn -0.0119277 0 0.0224252
v -0.274127 -0.0481362 0.0558331
vn -0.0119277 0 0.0224252
v -0.279422 -0.0454864 0.0205192
vn -0.0119277 0 0.0224252
v -0.279422 -0.0454864 0.0205192
vn 0.0119277 0 -0.0224252
v -0.274127 -0.0481362 0.0558331
vn 0.0119277 0 -0.0224252
v 0.281254 0.395849 -0.030429
vn 0.0119277 0 -0.0224252
v -0.306388 -0.130062 0.0484033
vn -0.0102376 0.0130339 0.0192476
v -0.306388 -0.130062 0.0484033
vn 0.0102376 -0.0130339 -0.0192476
v -0.290018 -0.0894164 0.0520038
vn 0 0.0254 0
v -0.290018 -0.0894164 0.0520038
vn -0 -0.0254 -0
v -0.290018 -0.0894164 0.0520038
vn -0.010139 0.0133789 0.0190622
v -0.290018 -0.0894164 0.0520038
vn 0.010139 -0.0133789 -0.0190622
v -0.269783 -0.113344 0.0674176
vn 0 0.0254 0
v -0.269783 -0.113344 0.0674176
vn -0 -0.0254 -0
v -0.274127 -0.0481362 0.0558331
vn -0 -0.0254 -0
v -0.274127 -0.0481362 0.0558331
vn 0 0.0254 0
v -0.32179 -0.17199 0.0443403
vn -0.0100378 0.0137206 0.0188719
v -0.32179 -0.17199 0.0443403
vn 0.0100378 -0.0137206 -0.0188719
v -0.306388 -0.130062 0.0484033
vn 0 0.0254 0
v -0.306388 -0.130062 0.0484033
vn -0 -0.0254 -0
v -0.32179 -0.17199 0.0443403
vn 0 0.0254 0
v -0.32179 -0.17199 0.0443403
vn -0 -0.0254 -0
v -0.316597 -0.176755 0.0602203
vn -0.00477111 0.013995 0.0206527
v -0.336789 -0.214453 0.0400843
vn -0.00477111 0.013995 0.0206527
v -0.32179 -0.17199 0.0443403
vn -0.00477111 0.013995 0.0206527
v -0.32179 -0.17199 0.0443403
vn 0.00477111 -0.013995 -0.0206527
v -0.336789 -0.214453 0.0400843
vn 0.00477111 -0.013995 -0.0206527
v -0.316597 -0.176755 0.0602203
vn 0.00477111 -0.013995 -0.0206527
v -0.344044 -0.204836 0.0435531
vn 0 0.0254 0
v -0.326282 -0.223681 0.0757785
vn 0 0.0254 0
v -0.333552 -0.217423 0.0499823
vn -0.00477111 0.013995 0.0206527
v -0.333552 -0.217423 0.0499823
vn 0.00477111 -0.013995 -0.0206527
v 0.320789 0.254348 -0.0281434
vn -0 -0.0254 -0
v 0.320789 0.254348 -0.0281434
vn 0 0.0254 0
v 0.322344 0.252123 -0.0303014
vn -0 -0.0254 -0
v 0.322344 0.252123 -0.0303014
vn 0 0.0254 0
v 0.322745 0.251755 -0.0290783
vn -0 -0.0254 -0
v 0.322745 0.251755 -0.0290783
vn 0 0.0254 0
v 0.322677 0.251789 -0.0295282
vn -0.00889861 0 0.0237902
v 0.318853 0.249012 -0.0296107
vn -0.00243804 0 0.0252827
v 0.322541 0.251915 -0.0299458
vn -0.00243804 0 0.0252827
v 0.322541 0.251915 -0.0299458
vn 0.00243804 0 -0.0252827
v 0.318853 0.249012 -0.0296107
vn 0.00243804 0 -0.0252827
v 0.322677 0.251789 -0.0295282
vn 0.00889861 0 -0.0237902
v -0.276487 -0.161786 0.102651
vn 0.00637103 0.0130339 0.0208491
v -0.268405 -0.111075 0.10224
vn 0.00637103 0.0130339 0.0208491
v -0.252651 -0.129062 0.119796
vn 0.00637103 0.0130339 0.0208491
v -0.252651 -0.129062 0.119796
vn -0.00637103 -0.0130339 -0.0208491
v -0.268405 -0.111075 0.10224
vn -0.00637103 -0.0130339 -0.0208491
v -0.276487 -0.161786 0.102651
vn -0.00637103 -0.0130339 -0.0208491
v -0.252651 -0.129062 0.119796
vn 0.00630966 0.0133789 0.0206483
v -0.248038 -0.0742801 0.116472
vn 0.00630966 0.0133789 0.0206483
v -0.229021 -0.0959921 0.137665
vn 0.00630966 0.0133789 0.0206483
v -0.229021 -0.0959921 0.137665
vn -0.00630966 -0.0133789 -0.0206483
v -0.248038 -0.0742801 0.116472
vn -0.00630966 -0.0133789 -0.0206483
v -0.252651 -0.129062 0.119796
vn -0.00630966 -0.0133789 -0.0206483
v -0.248038 -0.0742801 0.116472
vn 0.00742282 0 0.0242912
v 0.331654 0.345343 0.0867164
vn 0.00742282 0 0.0242912
v -0.229021 -0.0959921 0.137665
vn 0.00742282 0 0.0242912
v -0.229021 -0.0959921 0.137665
vn -0.00742282 -0 -0.0242912
v 0.331654 0.345343 0.0867164
vn -0.00742282 -0 -0.0242912
v -0.248038 -0.0742801 0.116472
vn -0.00742282 -0 -0.0242912
v 0.324185 0.343308 -0.013109
vn 0.018658 0 -0.0172349
v 0.31506 0.32653 0.00544289
vn 0.0135615 0 -0.0214766
v 0.31506 0.32653 0.00544289
vn -0.0135615 0 0.0214766
v 0.324185 0.343308 -0.013109
vn -0.018658 0 0.0172349
v 0.324624 0.313243 -0.00440134
vn -0.00403042 0.0180148 0.0174465
v 0.324185 0.343308 -0.013109
vn -0.00403042 0.0180148 0.0174465
v 0.329814 0.338144 0.00410215
vn -0.00403042 0.0180148 0.0174465
v 0.329814 0.338144 0.00410215
vn 0.00403042 -0.0180148 -0.0174465
v 0.324185 0.343308 -0.013109
vn 0.00403042 -0.0180148 -0.0174465
v 0.324624 0.313243 -0.00440134
vn 0.00403042 -0.0180148 -0.0174465
v 0.286549 0.393199 0.00488489
vn -0 -0.0254 -0
v 0.286549 0.393199 0.00488489
vn 0 0.0254 0
v 0.30943 0.331694 -0.0117683
vn -0 -0.0254 -0
v 0.32315 0.317946 0.0201198
vn -0 -0.0254 -0
v 0.32315 0.317946 0.0201198
vn 0 0.0254 0
v 0.30943 0.331694 -0.0117683
vn 0 0.0254 0
v 0.315817 0.295318 0.0077302
vn -0.00523281 -0.0180148 -0.0171243
v 0.33315 0.306528 0.0312642
vn -0.00523281 -0.0180148 -0.0171243
v 0.32315 0.317946 0.0201198
vn -0.00523281 -0.0180148 -0.0171243
v 0.32315 0.317946 0.0201198
vn 0.00523281 0.0180148 0.0171243
v 0.33315 0.306528 0.0312642
vn 0.00523281 0.0180148 0.0171243
v 0.315817 0.295318 0.0077302
vn 0.00523281 0.0180148 0.0171243
v 0.324624 0.313243 -0.00440134
vn 0.0196707 0 -0.0160693
v 0.315817 0.295318 0.0077302
vn 0.0148414 0 -0.0206129
v 0.315817 0.295318 0.0077302
vn -0.0148414 0 0.0206129
v 0.324624 0.313243 -0.00440134
vn -0.0196707 0 0.0160693
v 0.317608 0.290878 -0.0110248
vn -0.000684708 -0.0160352 -0.0196867
v 0.330572 0.306933 0.00638946
vn -0.000684708 -0.0160352 -0.0196867
v 0.324624 0.313243 -0.00440134
vn -0.000684708 -0.0160352 -0.0196867
v 0.324624 0.313243 -0.00440134
vn 0.000684708 0.0160352 0.0196867
v 0.330572 0.306933 0.00638946
vn 0.000684708 0.0160352 0.0196867
v 0.317608 0.290878 -0.0110248
vn 0.000684708 0.0160352 0.0196867
v 0.323169 0.286924 0.015923
vn -0.00523281 -0.0180148 -0.0171243
v 0.323169 0.286924 0.015923
vn 0.00523281 0.0180148 0.0171243
v 0.321822 0.286407 -0.00337973
vn -0.00575666 -0.0160352 -0.0188386
v 0.321822 0.286407 -0.00337973
vn 0.00575666 0.0160352 0.0188386
v 0.317608 0.290878 -0.0110248
vn -0 -0.0254 -0
v 0.317608 0.290878 -0.0110248
vn 0 0.0254 0
v 0.305731 0.305426 -0.0157134
vn -0 -0.0254 -0
v 0.305731 0.305426 -0.0157134
vn 0 0.0254 0
v 0.312276 0.268846 0.00376612
vn -0.0104363 -0.0160352 -0.0167068
v 0.312276 0.268846 0.00376612
vn 0.0104363 0.0160352 0.0167068
v 0.321822 0.286407 -0.00337973
vn 0.00754085 0 -0.0242548
v 0.312276 0.268846 0.00376612
vn 0.0010063 0 -0.0253801
v 0.327031 0.28046 0.00242539
vn 0.0010063 0 -0.0253801
v 0.327031 0.28046 0.00242539
vn -0.0010063 0 0.0253801
v 0.312276 0.268846 0.00376612
vn -0.0010063 0 0.0253801
v 0.321822 0.286407 -0.00337973
vn -0.00754085 0 0.0242548
v 0.312276 0.268846 0.00376612
vn 0.0010063 0 -0.0253801
v 0.312276 0.268846 0.00376612
vn -0.0010063 0 0.0253801
v 0.298471 0.28268 -0.0283216
vn -0 -0.0254 -0
v 0.298471 0.28268 -0.0283216
vn 0 0.0254 0
v -0.299905 -0.19521 0.0840459
vn 0.00624667 0.0137206 0.0204422
v -0.289093 -0.147393 0.0886021
vn 0.00624667 0.0137206 0.0204422
v -0.276487 -0.161786 0.102651
vn 0.00624667 0.0137206 0.0204422
v -0.276487 -0.161786 0.102651
vn -0.00624667 -0.0137206 -0.0204422
v -0.289093 -0.147393 0.0886021
vn -0.00624667 -0.0137206 -0.0204422
v -0.299905 -0.19521 0.0840459
vn -0.00624667 -0.0137206 -0.0204422
v -0.328899 -0.222359 0.0584226
vn 0 0.0254 0
v -0.323149 -0.228925 0.0648311
vn 0.00619445 0.013995 0.0202713
v -0.309132 -0.184675 0.0737626
vn 0.00619445 0.013995 0.0202713
v -0.299905 -0.19521 0.0840459
vn 0.00619445 0.013995 0.0202713
v -0.299905 -0.19521 0.0840459
vn -0.00619445 -0.013995 -0.0202713
v -0.309132 -0.184675 0.0737626
vn -0.00619445 -0.013995 -0.0202713
v -0.323149 -0.228925 0.0648311
vn -0.00619445 -0.013995 -0.0202713
v 0.310727 0.293152 -0.0670584
vn -0 -0.0254 -0
v 0.310727 0.293152 -0.0670584
vn 0 0.0254 0
v 0.310727 0.293152 -0.0670584
vn 0.0171243 -0.0180148 -0.00523281
v 0.310727 0.293152 -0.0670584
vn -0.0171243 0.0180148 0.00523281
v 0.303461 0.273258 -0.0550282
vn 0.0242548 0 0.00754085
v 0.303461 0.273258 -0.0550282
vn -0.0242548 0 -0.00754085
v 0.318215 0.284872 -0.056369
vn -0 -0.0254 -0
v 0.318215 0.284872 -0.056369
vn 0 0.0254 0
v 0.303461 0.273258 -0.0550282
vn 0.0196867 -0.0160352 -0.000684708
v 0.303461 0.273258 -0.0550282
vn -0.0196867 0.0160352 0.000684708
v 0.315058 0.289793 -0.0484942
vn 0.0188386 -0.0160352 -0.00575666
v 0.315058 0.289793 -0.0484942
vn -0.0188386 0.0160352 0.00575666
v 0.303868 0.304632 -0.0430874
vn 0.0151865 -0.0180148 -0.00948662
v 0.310164 0.324446 -0.0664915
vn 0.0151865 -0.0180148 -0.00948662
v 0.30627 0.300097 -0.0559433
vn 0.0151865 -0.0180148 -0.00948662
v 0.30627 0.300097 -0.0559433
vn -0.0151865 0.0180148 0.00948662
v 0.310164 0.324446 -0.0664915
vn -0.0151865 0.0180148 0.00948662
v 0.303868 0.304632 -0.0430874
vn -0.0151865 0.0180148 0.00948662
v 0.303868 0.304632 -0.0430874
vn 0.025272 0 0.00254663
v 0.303868 0.304632 -0.0430874
vn -0.025272 0 -0.00254663
v 0.306896 0.330616 -0.0490039
vn -0 -0.0254 -0
v 0.306896 0.330616 -0.0490039
vn 0 0.0254 0
v 0.313356 0.293007 -0.0393844
vn 0.0167068 -0.0160352 -0.0104363
v 0.313356 0.293007 -0.0393844
vn -0.0167068 0.0160352 0.0104363
v 0.306896 0.330616 -0.0490039
vn 0.0151865 -0.0180148 -0.00948662
v 0.306896 0.330616 -0.0490039
vn -0.0151865 0.0180148 0.00948662
v 0.303684 0.30645 -0.0293649
vn 0.02507 0 -0.00408102
v 0.318438 0.318064 -0.0307056
vn 0.02507 0 -0.00408102
v 0.318438 0.318064 -0.0307056
vn -0.02507 0 0.00408102
v 0.303684 0.30645 -0.0293649
vn -0.02507 0 0.00408102
v 0.318438 0.318064 -0.0307056
vn -0 -0.0254 -0
v 0.318438 0.318064 -0.0307056
vn 0 0.0254 0
v 0.318623 0.316246 -0.0444281
vn 0.0134364 -0.0160352 -0.0144047
v 0.313225 0.294294 -0.0296624
vn 0.0134364 -0.0160352 -0.0144047
v 0.318438 0.318064 -0.0307056
vn 0.0134364 -0.0160352 -0.0144047
v 0.318438 0.318064 -0.0307056
vn -0.0134364 0.0160352 0.0144047
v 0.313225 0.294294 -0.0296624
vn -0.0134364 0.0160352 0.0144047
v 0.318623 0.316246 -0.0444281
vn -0.0134364 0.0160352 0.0144047
v 0.30943 0.331694 -0.0117683
vn 0.018658 0 -0.0172349
v 0.30943 0.331694 -0.0117683
vn -0.018658 0 0.0172349
v 0.320485 0.31704 -0.0170541
vn 0.00840859 -0.0180148 -0.0158089
v 0.3214 0.344702 -0.0316798
vn 0.00840859 -0.0180148 -0.0158089
v 0.318438 0.318064 -0.0307056
vn 0.00840859 -0.0180148 -0.0158089
v 0.318438 0.318064 -0.0307056
vn -0.00840859 0.0180148 0.0158089
v 0.3214 0.344702 -0.0316798
vn -0.00840859 0.0180148 0.0158089
v 0.320485 0.31704 -0.0170541
vn -0.00840859 0.0180148 0.0158089
v 0.324185 0.343308 -0.013109
vn 0.00840859 -0.0180148 -0.0158089
v 0.324185 0.343308 -0.013109
vn -0.00840859 0.0180148 0.0158089
v 0.286549 0.393199 0.00488489
vn -0.0119277 0 0.0224252
v 0.286549 0.393199 0.00488489
vn 0.0119277 0 -0.0224252
v -0.28115 -0.0975526 0.0791169
vn -0.0049071 0.0130339 0.0212414
v -0.306388 -0.130062 0.0484033
vn -0.0049071 0.0130339 0.0212414
v -0.290018 -0.0894164 0.0520038
vn -0.0049071 0.0130339 0.0212414
v -0.290018 -0.0894164 0.0520038
vn 0.0049071 -0.0130339 -0.0212414
v -0.306388 -0.130062 0.0484033
vn 0.0049071 -0.0130339 -0.0212414
v -0.28115 -0.0975526 0.0791169
vn 0.0049071 -0.0130339 -0.0212414
v -0.268405 -0.111075 0.10224
vn 0 0.0254 0
v -0.268405 -0.111075 0.10224
vn -0 -0.0254 -0
v -0.263423 -0.0579569 0.0885609
vn -0.00485986 0.0133789 0.0210368
v -0.290018 -0.0894164 0.0520038
vn -0.00485986 0.0133789 0.0210368
v -0.274127 -0.0481362 0.0558331
vn -0.00485986 0.0133789 0.0210368
v -0.274127 -0.0481362 0.0558331
vn 0.00485986 -0.0133789 -0.0210368
v -0.290018 -0.0894164 0.0520038
vn 0.00485986 -0.0133789 -0.0210368
v -0.263423 -0.0579569 0.0885609
vn 0.00485986 -0.0133789 -0.0210368
v -0.248038 -0.0742801 0.116472
vn -0 -0.0254 -0
v -0.248038 -0.0742801 0.116472
vn 0 0.0254 0
v -0.299292 -0.136572 0.0700991
vn -0.00481132 0.0137206 0.0208268
v -0.32179 -0.17199 0.0443403
vn -0.00481132 0.0137206 0.0208268
v -0.306388 -0.130062 0.0484033
vn -0.00481132 0.0137206 0.0208268
v -0.306388 -0.130062 0.0484033
vn 0.00481132 -0.0137206 -0.0208268
v -0.32179 -0.17199 0.0443403
vn 0.00481132 -0.0137206 -0.0208268
v -0.299292 -0.136572 0.0700991
vn 0.00481132 -0.0137206 -0.0208268
v -0.289093 -0.147393 0.0886021
vn 0 0.0254 0
v -0.289093 -0.147393 0.0886021
vn -0 -0.0254 -0
v -0.309132 -0.184675 0.0737626
vn 0 0.0254 0
v -0.309132 -0.184675 0.0737626
vn -0 -0.0254 -0
v -0.316597 -0.176755 0.0602203
vn -0.00481132 0.0137206 0.0208268
v -0.316597 -0.176755 0.0602203
vn 0.00481132 -0.0137206 -0.0208268
v -0.316597 -0.176755 0.0602203
vn 0 0.0254 0
v -0.316597 -0.176755 0.0602203
vn -0 -0.0254 -0
v -0.33377 -0.215131 0.0674334
vn 0 0.0254 0
v -0.309132 -0.184675 0.0737626
vn 0.000736778 0.013995 0.0211839
v -0.333552 -0.217423 0.0499823
vn 0.000736778 0.013995 0.0211839
v -0.316597 -0.176755 0.0602203
vn 0.000736778 0.013995 0.0211839
v -0.316597 -0.176755 0.0602203
vn -0.000736778 -0.013995 -0.0211839
v -0.333552 -0.217423 0.0499823
vn -0.000736778 -0.013995 -0.0211839
v -0.309132 -0.184675 0.0737626
vn -0.000736778 -0.013995 -0.0211839
v 0.320653 0.254473 -0.028561
vn -0 -0.0254 -0
v 0.320653 0.254473 -0.028561
vn 0 0.0254 0
v 0.320985 0.25414 -0.0277878
vn -0 -0.0254 -0
v 0.320985 0.25414 -0.0277878
vn 0 0.0254 0
v 0.315058 0.289793 -0.0484942
vn 0.0253801 0 0.0010063
v 0.303461 0.273258 -0.0550282
vn 0.0242548 0 0.00754085
v 0.300303 0.278179 -0.0471535
vn 0.0253801 0 0.0010063
v 0.300303 0.278179 -0.0471535
vn -0.0253801 0 -0.0010063
v 0.303461 0.273258 -0.0550282
vn -0.0242548 0 -0.00754085
v 0.315058 0.289793 -0.0484942
vn -0.0253801 0 -0.0010063
v 0.30627 0.300097 -0.0559433
vn 0.0188386 -0.0160352 -0.00575666
v 0.303461 0.273258 -0.0550282
vn 0.0188386 -0.0160352 -0.00575666
v 0.300303 0.278179 -0.0471535
vn 0.0188386 -0.0160352 -0.00575666
v 0.300303 0.278179 -0.0471535
vn -0.0188386 0.0160352 0.00575666
v 0.303461 0.273258 -0.0550282
vn -0.0188386 0.0160352 0.00575666
v 0.30627 0.300097 -0.0559433
vn -0.0188386 0.0160352 0.00575666
v 0.318657 0.24922 -0.0299663
vn 0.00418869 0 0.0250522
v 0.322344 0.252123 -0.0303014
vn 0.00418869 0 0.0250522
v 0.322344 0.252123 -0.0303014
vn -0.00418869 -0 -0.0250522
v 0.318657 0.24922 -0.0299663
vn -0.00418869 -0 -0.0250522
v 0.322738 0.251816 -0.0286252
vn -0 -0.0254 -0
v 0.322738 0.251816 -0.0286252
vn 0 0.0254 0
v 0.322745 0.251755 -0.0290783
vn -0.0147528 0 0.0206765
v 0.318989 0.248887 -0.0291931
vn -0.00889861 0 0.0237902
v 0.318989 0.248887 -0.0291931
vn 0.00889861 0 -0.0237902
v 0.322745 0.251755 -0.0290783
vn 0.0147528 0 -0.0206765
v -0.289093 -0.147393 0.0886021
vn 0.00637103 0.0130339 0.0208491
v -0.289093 -0.147393 0.0886021
vn -0.00637103 -0.0130339 -0.0208491
v -0.268405 -0.111075 0.10224
vn 0.00630966 0.0133789 0.0206483
v -0.268405 -0.111075 0.10224
vn -0.00630966 -0.0133789 -0.0206483
v 0.312638 0.367055 0.0655239
vn 0.00742282 0 0.0242912
v 0.312638 0.367055 0.0655239
vn -0.00742282 -0 -0.0242912
v 0.320485 0.31704 -0.0170541
vn -0.00403042 0.0180148 0.0174465
v 0.320485 0.31704 -0.0170541
vn 0.00403042 -0.0180148 -0.0174465
v 0.312638 0.367055 0.0655239
vn -0 -0.0254 -0
v 0.312638 0.367055 0.0655239
vn 0 0.0254 0
v 0.31506 0.32653 0.00544289
vn -0 -0.0254 -0
v 0.31506 0.32653 0.00544289
vn 0 0.0254 0
v 0.309869 0.301629 -0.0030606
vn -0.000622402 -0.0180148 -0.0178952
v 0.32315 0.317946 0.0201198
vn -0.000622402 -0.0180148 -0.0178952
v 0.31506 0.32653 0.00544289
vn -0.000622402 -0.0180148 -0.0178952
v 0.31506 0.32653 0.00544289
vn 0.000622402 0.0180148 0.0178952
v 0.32315 0.317946 0.0201198
vn 0.000622402 0.0180148 0.0178952
v 0.309869 0.301629 -0.0030606
vn 0.000622402 0.0180148 0.0178952
v 0.315817 0.295318 0.0077302
vn -0.000622402 -0.0180148 -0.0178952
v 0.315817 0.295318 0.0077302
vn 0.000622402 0.0180148 0.0178952
v 0.309869 0.301629 -0.0030606
vn 0.0196707 0 -0.0160693
v 0.309869 0.301629 -0.0030606
vn -0.0196707 0 0.0160693
v 0.321822 0.286407 -0.00337973
vn -0.000684708 -0.0160352 -0.0196867
v 0.321822 0.286407 -0.00337973
vn 0.000684708 0.0160352 0.0196867
v 0.324624 0.313243 -0.00440134
vn 0.0044339 -0.0160352 -0.0191931
v 0.314676 0.293568 -0.0199901
vn 0.0044339 -0.0160352 -0.0191931
v 0.317608 0.290878 -0.0110248
vn 0.0044339 -0.0160352 -0.0191931
v 0.317608 0.290878 -0.0110248
vn -0.0044339 0.0160352 0.0191931
v 0.314676 0.293568 -0.0199901
vn -0.0044339 0.0160352 0.0191931
v 0.324624 0.313243 -0.00440134
vn -0.0044339 0.0160352 0.0191931
v 0.320485 0.31704 -0.0170541
vn -0 -0.0254 -0
v 0.320485 0.31704 -0.0170541
vn 0 0.0254 0
v 0.306646 0.333088 -0.0303391
vn 0.00840859 -0.0180148 -0.0158089
v 0.305731 0.305426 -0.0157134
vn 0.00840859 -0.0180148 -0.0158089
v 0.30943 0.331694 -0.0117683
vn 0.00840859 -0.0180148 -0.0158089
v 0.30943 0.331694 -0.0117683
vn -0.00840859 0.0180148 0.0158089
v 0.305731 0.305426 -0.0157134
vn -0.00840859 0.0180148 0.0158089
v 0.306646 0.333088 -0.0303391
vn -0.00840859 0.0180148 0.0158089
v 0.315817 0.295318 0.0077302
vn -0 -0.0254 -0
v 0.315817 0.295318 0.0077302
vn 0 0.0254 0
v 0.315817 0.295318 0.0077302
vn -0.00575666 -0.0160352 -0.0188386
v 0.312276 0.268846 0.00376612
vn -0.00575666 -0.0160352 -0.0188386
v 0.323169 0.286924 0.015923
vn -0.00575666 -0.0160352 -0.0188386
v 0.323169 0.286924 0.015923
vn 0.00575666 0.0160352 0.0188386
v 0.312276 0.268846 0.00376612
vn 0.00575666 0.0160352 0.0188386
v 0.315817 0.295318 0.0077302
vn 0.00575666 0.0160352 0.0188386
v 0.314676 0.293568 -0.0199901
vn -0 -0.0254 -0
v 0.314676 0.293568 -0.0199901
vn 0 0.0254 0
v 0.305731 0.305426 -0.0157134
vn 0.0231595 0 -0.0104306
v 0.305731 0.305426 -0.0157134
vn -0.0231595 0 0.0104306
v 0.298471 0.28268 -0.0283216
vn 0.00925035 -0.0160352 -0.0173915
v 0.305731 0.305426 -0.0157134
vn 0.00925035 -0.0160352 -0.0173915
v 0.303684 0.30645 -0.0293649
vn 0.00925035 -0.0160352 -0.0173915
v 0.303684 0.30645 -0.0293649
vn -0.00925035 0.0160352 0.0173915
v 0.305731 0.305426 -0.0157134
vn -0.00925035 0.0160352 0.0173915
v 0.298471 0.28268 -0.0283216
vn -0.00925035 0.0160352 0.0173915
v 0.303684 0.30645 -0.0293649
vn 0.00840859 -0.0180148 -0.0158089
v 0.303684 0.30645 -0.0293649
vn -0.00840859 0.0180148 0.0158089
v 0.312276 0.268846 0.00376612
vn -0 -0.0254 -0
v 0.312276 0.268846 0.00376612
vn 0 0.0254 0
v 0.317608 0.290878 -0.0110248
vn 0.0135615 0 -0.0214766
v 0.307068 0.274793 -0.00203899
vn 0.00754085 0 -0.0242548
v 0.321822 0.286407 -0.00337973
vn 0.00754085 0 -0.0242548
v 0.321822 0.286407 -0.00337973
vn -0.00754085 0 0.0242548
v 0.307068 0.274793 -0.00203899
vn -0.00754085 0 0.0242548
v 0.317608 0.290878 -0.0110248
vn -0.0135615 0 0.0214766
v 0.307068 0.274793 -0.00203899
vn 0.00754085 0 -0.0242548
v 0.307068 0.274793 -0.00203899
vn -0.00754085 0 0.0242548
v 0.313356 0.293007 -0.0393844
vn 0.0247757 0 -0.00559684
v 0.300303 0.278179 -0.0471535
vn 0.0253801 0 0.0010063
v 0.298601 0.281393 -0.0380437
vn 0.0247757 0 -0.00559684
v 0.298601 0.281393 -0.0380437
vn -0.0247757 0 0.00559684
v 0.300303 0.278179 -0.0471535
vn -0.0253801 0 -0.0010063
v 0.313356 0.293007 -0.0393844
vn -0.0247757 0 0.00559684
v 0.303868 0.304632 -0.0430874
vn 0.0167068 -0.0160352 -0.0104363
v 0.300303 0.278179 -0.0471535
vn 0.0167068 -0.0160352 -0.0104363
v 0.298601 0.281393 -0.0380437
vn 0.0167068 -0.0160352 -0.0104363
v 0.298601 0.281393 -0.0380437
vn -0.0167068 0.0160352 0.0104363
v 0.300303 0.278179 -0.0471535
vn -0.0167068 0.0160352 0.0104363
v 0.303868 0.304632 -0.0430874
vn -0.0167068 0.0160352 0.0104363
v 0.298471 0.28268 -0.0283216
vn 0.0224829 0 -0.0118186
v 0.313356 0.293007 -0.0393844
vn 0.0247757 0 -0.00559684
v 0.298601 0.281393 -0.0380437
vn 0.0247757 0 -0.00559684
v 0.298601 0.281393 -0.0380437
vn -0.0247757 0 0.00559684
v 0.313356 0.293007 -0.0393844
vn -0.0247757 0 0.00559684
v 0.298471 0.28268 -0.0283216
vn -0.0224829 0 0.0118186
v 0.298471 0.28268 -0.0283216
vn 0.0134364 -0.0160352 -0.0144047
v 0.303868 0.304632 -0.0430874
vn 0.0134364 -0.0160352 -0.0144047
v 0.298601 0.281393 -0.0380437
vn 0.0134364 -0.0160352 -0.0144047
v 0.298601 0.281393 -0.0380437
vn -0.0134364 0.0160352 0.0144047
v 0.303868 0.304632 -0.0430874
vn -0.0134364 0.0160352 0.0144047
v 0.298471 0.28268 -0.0283216
vn -0.0134364 0.0160352 0.0144047
v -0.309132 -0.184675 0.0737626
vn 0.00624667 0.0137206 0.0204422
v -0.309132 -0.184675 0.0737626
vn -0.00624667 -0.0137206 -0.0204422
v -0.328899 -0.222359 0.0584226
vn 0.00619445 0.013995 0.0202713
v -0.328899 -0.222359 0.0584226
vn -0.00619445 -0.013995 -0.0202713
v 0.315058 0.289793 -0.0484942
vn -0 -0.0254 -0
v 0.30627 0.300097 -0.0559433
vn -0 -0.0254 -0
v 0.30627 0.300097 -0.0559433
vn 0 0.0254 0
v 0.315058 0.289793 -0.0484942
vn 0 0.0254 0
v 0.310727 0.293152 -0.0670584
vn 0.0188386 -0.0160352 -0.00575666
v 0.310727 0.293152 -0.0670584
vn -0.0188386 0.0160352 0.00575666
v 0.318215 0.284872 -0.056369
vn 0.0242548 0 0.00754085
v 0.318215 0.284872 -0.056369
vn -0.0242548 0 -0.00754085
v 0.313356 0.293007 -0.0393844
vn -0 -0.0254 -0
v 0.303868 0.304632 -0.0430874
vn -0 -0.0254 -0
v 0.303868 0.304632 -0.0430874
vn 0 0.0254 0
v 0.313356 0.293007 -0.0393844
vn 0 0.0254 0
v 0.30627 0.300097 -0.0559433
vn 0.0167068 -0.0160352 -0.0104363
v 0.30627 0.300097 -0.0559433
vn -0.0167068 0.0160352 0.0104363
v 0.315058 0.289793 -0.0484942
vn 0.0253801 0 0.0010063
v 0.315058 0.289793 -0.0484942
vn -0.0253801 0 -0.0010063
v 0.313356 0.293007 -0.0393844
vn 0.0134364 -0.0160352 -0.0144047
v 0.313356 0.293007 -0.0393844
vn -0.0134364 0.0160352 0.0144047
v 0.303684 0.30645 -0.0293649
vn 0.0122137 -0.0180148 -0.0130939
v 0.306896 0.330616 -0.0490039
vn 0.0122137 -0.0180148 -0.0130939
v 0.303868 0.304632 -0.0430874
vn 0.0122137 -0.0180148 -0.0130939
v 0.303868 0.304632 -0.0430874
vn -0.0122137 0.0180148 0.0130939
v 0.306896 0.330616 -0.0490039
vn -0.0122137 0.0180148 0.0130939
v 0.303684 0.30645 -0.0293649
vn -0.0122137 0.0180148 0.0130939
v 0.306646 0.333088 -0.0303391
vn 0.0122137 -0.0180148 -0.0130939
v 0.306646 0.333088 -0.0303391
vn -0.0122137 0.0180148 0.0130939
v 0.313225 0.294294 -0.0296624
vn 0.00925035 -0.0160352 -0.0173915
v 0.320485 0.31704 -0.0170541
vn 0.00925035 -0.0160352 -0.0173915
v 0.318438 0.318064 -0.0307056
vn 0.00925035 -0.0160352 -0.0173915
v 0.318438 0.318064 -0.0307056
vn -0.00925035 0.0160352 0.0173915
v 0.320485 0.31704 -0.0170541
vn -0.00925035 0.0160352 0.0173915
v 0.313225 0.294294 -0.0296624
vn -0.00925035 0.0160352 0.0173915
v 0.320485 0.31704 -0.0170541
vn 0.0231595 0 -0.0104306
v 0.320485 0.31704 -0.0170541
vn -0.0231595 0 0.0104306
v 0.297253 0.383378 0.0376126
vn -0.00571724 0 0.0247482
v -0.274127 -0.0481362 0.0558331
vn -0.00571724 0 0.0247482
v 0.286549 0.393199 0.00488489
vn -0.00571724 0 0.0247482
v 0.286549 0.393199 0.00488489
vn 0.00571724 0 -0.0247482
v -0.274127 -0.0481362 0.0558331
vn 0.00571724 0 -0.0247482
v 0.297253 0.383378 0.0376126
vn 0.00571724 0 -0.0247482
v -0.299292 -0.136572 0.0700991
vn -0.0049071 0.0130339 0.0212414
v -0.299292 -0.136572 0.0700991
vn 0.0049071 -0.0130339 -0.0212414
v -0.28115 -0.0975526 0.0791169
vn 0 0.0254 0
v -0.28115 -0.0975526 0.0791169
vn -0 -0.0254 -0
v -0.28115 -0.0975526 0.0791169
vn -0.00485986 0.0133789 0.0210368
v -0.28115 -0.0975526 0.0791169
vn 0.00485986 -0.0133789 -0.0210368
v -0.263423 -0.0579569 0.0885609
vn -0.00571724 0 0.0247482
v -0.263423 -0.0579569 0.0885609
vn 0.00571724 0 -0.0247482
v -0.263423 -0.0579569 0.0885609
vn -0 -0.0254 -0
v -0.263423 -0.0579569 0.0885609
vn 0 0.0254 0
v -0.299292 -0.136572 0.0700991
vn 0 0.0254 0
v -0.299292 -0.136572 0.0700991
vn -0 -0.0254 -0
v -0.289093 -0.147393 0.0886021
vn 0.000743001 0.0137206 0.0213624
v -0.316597 -0.176755 0.0602203
vn 0.000743001 0.0137206 0.0213624
v -0.299292 -0.136572 0.0700991
vn 0.000743001 0.0137206 0.0213624
v -0.299292 -0.136572 0.0700991
vn -0.000743001 -0.0137206 -0.0213624
v -0.316597 -0.176755 0.0602203
vn -0.000743001 -0.0137206 -0.0213624
v -0.289093 -0.147393 0.0886021
vn -0.000743001 -0.0137206 -0.0213624
v -0.309132 -0.184675 0.0737626
vn 0.000743001 0.0137206 0.0213624
v -0.309132 -0.184675 0.0737626
vn -0.000743001 -0.0137206 -0.0213624
v -0.339829 -0.208703 0.0564413
vn 0 0.0254 0
v -0.328899 -0.222359 0.0584226
vn 0.000736778 0.013995 0.0211839
v -0.328899 -0.222359 0.0584226
vn -0.000736778 -0.013995 -0.0211839
v 0.320585 0.254507 -0.0290109
vn -0 -0.0254 -0
v 0.320585 0.254507 -0.0290109
vn 0 0.0254 0
v 0.320653 0.254473 -0.028561
vn 0.00889861 0 -0.0237902
v 0.317101 0.251445 -0.0278083
vn 0.00243804 0 -0.0252827
v 0.320789 0.254348 -0.0281434
vn 0.00243804 0 -0.0252827
v 0.320789 0.254348 -0.0281434
vn -0.00243804 0 0.0252827
v 0.317101 0.251445 -0.0278083
vn -0.00243804 0 0.0252827
v 0.320653 0.254473 -0.028561
vn -0.00889861 0 0.0237902
v 0.321227 0.253863 -0.0275171
vn -0 -0.0254 -0
v 0.321227 0.253863 -0.0275171
vn 0 0.0254 0
v 0.317297 0.251237 -0.0274527
vn -0.00418869 -0 -0.0250522
v 0.320985 0.25414 -0.0277878
vn -0.00418869 -0 -0.0250522
v 0.320985 0.25414 -0.0277878
vn 0.00418869 0 0.0250522
v 0.317297 0.251237 -0.0274527
vn 0.00418869 0 0.0250522
v 0.322102 0.2524 -0.0305715
vn -0 -0.0254 -0
v 0.322102 0.2524 -0.0305715
vn 0 0.0254 0
v 0.318414 0.249497 -0.0302364
vn 0.01053 0 0.0231145
v 0.318414 0.249497 -0.0302364
vn -0.01053 -0 -0.0231145
v 0.322659 0.251965 -0.0282013
vn -0 -0.0254 -0
v 0.322659 0.251965 -0.0282013
vn 0 0.0254 0
v 0.322738 0.251816 -0.0286252
vn -0.0196015 0 0.0161536
v 0.319057 0.248853 -0.0287432
vn -0.0147528 0 0.0206765
v 0.319057 0.248853 -0.0287432
vn 0.0147528 0 -0.0206765
v 0.322738 0.251816 -0.0286252
vn 0.0196015 0 -0.0161536
v 0.318989 0.248887 -0.0291931
vn -0 -0.0254 -0
v 0.318657 0.24922 -0.0299663
vn -0 -0.0254 -0
v 0.318853 0.249012 -0.0296107
vn -0 -0.0254 -0
v 0.318853 0.249012 -0.0296107
vn 0 0.0254 0
v 0.318657 0.24922 -0.0299663
vn 0 0.0254 0
v 0.318989 0.248887 -0.0291931
vn 0 0.0254 0
v -0.299292 -0.136572 0.0700991
vn 0.000757784 0.0130339 0.0217877
v -0.268405 -0.111075 0.10224
vn 0.000757784 0.0130339 0.0217877
v -0.289093 -0.147393 0.0886021
vn 0.000757784 0.0130339 0.0217877
v -0.289093 -0.147393 0.0886021
vn -0.000757784 -0.0130339 -0.0217877
v -0.268405 -0.111075 0.10224
vn -0.000757784 -0.0130339 -0.0217877
v -0.299292 -0.136572 0.0700991
vn -0.000757784 -0.0130339 -0.0217877
v -0.28115 -0.0975526 0.0791169
vn 0.000750468 0.0133789 0.0215778
v -0.248038 -0.0742801 0.116472
vn 0.000750468 0.0133789 0.0215778
v -0.268405 -0.111075 0.10224
vn 0.000750468 0.0133789 0.0215778
v -0.268405 -0.111075 0.10224
vn -0.000750468 -0.0133789 -0.0215778
v -0.248038 -0.0742801 0.116472
vn -0.000750468 -0.0133789 -0.0215778
v -0.28115 -0.0975526 0.0791169
vn -0.000750468 -0.0133789 -0.0215778
v -0.263423 -0.0579569 0.0885609
vn 0.000882879 0 0.0253847
v 0.312638 0.367055 0.0655239
vn 0.000882879 0 0.0253847
v -0.248038 -0.0742801 0.116472
vn 0.000882879 0 0.0253847
v -0.248038 -0.0742801 0.116472
vn -0.000882879 -0 -0.0253847
v 0.312638 0.367055 0.0655239
vn -0.000882879 -0 -0.0253847
v -0.263423 -0.0579569 0.0885609
vn -0.000882879 -0 -0.0253847
v 0.30943 0.331694 -0.0117683
vn 0.00403042 -0.0180148 -0.0174465
v 0.309869 0.301629 -0.0030606
vn 0.00403042 -0.0180148 -0.0174465
v 0.31506 0.32653 0.00544289
vn 0.00403042 -0.0180148 -0.0174465
v 0.31506 0.32653 0.00544289
vn -0.00403042 0.0180148 0.0174465
v 0.309869 0.301629 -0.0030606
vn -0.00403042 0.0180148 0.0174465
v 0.30943 0.331694 -0.0117683
vn -0.00403042 0.0180148 0.0174465
v 0.320485 0.31704 -0.0170541
vn 0.0044339 -0.0160352 -0.0191931
v 0.320485 0.31704 -0.0170541
vn -0.0044339 0.0160352 0.0191931
v 0.297253 0.383378 0.0376126
vn -0 -0.0254 -0
v 0.297253 0.383378 0.0376126
vn 0 0.0254 0
v 0.309869 0.301629 -0.0030606
vn -0 -0.0254 -0
v 0.309869 0.301629 -0.0030606
vn 0 0.0254 0
v 0.302854 0.279264 -0.00968407
vn -0.000684708 -0.0160352 -0.0196867
v 0.315817 0.295318 0.0077302
vn -0.000684708 -0.0160352 -0.0196867
v 0.309869 0.301629 -0.0030606
vn -0.000684708 -0.0160352 -0.0196867
v 0.309869 0.301629 -0.0030606
vn 0.000684708 0.0160352 0.0196867
v 0.315817 0.295318 0.0077302
vn 0.000684708 0.0160352 0.0196867
v 0.302854 0.279264 -0.00968407
vn 0.000684708 0.0160352 0.0196867
v 0.314676 0.293568 -0.0199901
vn 0.018658 0 -0.0172349
v 0.302854 0.279264 -0.00968407
vn 0.0135615 0 -0.0214766
v 0.317608 0.290878 -0.0110248
vn 0.0135615 0 -0.0214766
v 0.317608 0.290878 -0.0110248
vn -0.0135615 0 0.0214766
v 0.302854 0.279264 -0.00968407
vn -0.0135615 0 0.0214766
v 0.314676 0.293568 -0.0199901
vn -0.018658 0 0.0172349
v 0.305731 0.305426 -0.0157134
vn 0.00403042 -0.0180148 -0.0174465
v 0.305731 0.305426 -0.0157134
vn -0.00403042 0.0180148 0.0174465
v 0.307068 0.274793 -0.00203899
vn -0.00575666 -0.0160352 -0.0188386
v 0.307068 0.274793 -0.00203899
vn 0.00575666 0.0160352 0.0188386
v 0.299921 0.281954 -0.0186494
vn 0.00925035 -0.0160352 -0.0173915
v 0.299921 0.281954 -0.0186494
vn -0.00925035 0.0160352 0.0173915
v 0.303684 0.30645 -0.0293649
vn 0.0134364 -0.0160352 -0.0144047
v 0.303684 0.30645 -0.0293649
vn -0.0134364 0.0160352 0.0144047
v 0.299921 0.281954 -0.0186494
vn -0 -0.0254 -0
v 0.299921 0.281954 -0.0186494
vn 0 0.0254 0
v 0.302854 0.279264 -0.00968407
vn 0.0135615 0 -0.0214766
v 0.302854 0.279264 -0.00968407
vn -0.0135615 0 0.0214766
v 0.307068 0.274793 -0.00203899
vn -0 -0.0254 -0
v 0.307068 0.274793 -0.00203899
vn 0 0.0254 0
v 0.313225 0.294294 -0.0296624
vn 0.0224829 0 -0.0118186
v 0.313225 0.294294 -0.0296624
vn -0.0224829 0 0.0118186
v 0.313225 0.294294 -0.0296624
vn -0 -0.0254 -0
v 0.313225 0.294294 -0.0296624
vn 0 0.0254 0
v 0.314676 0.293568 -0.0199901
vn 0.00925035 -0.0160352 -0.0173915
v 0.314676 0.293568 -0.0199901
vn -0.00925035 0.0160352 0.0173915
v -0.28115 -0.0975526 0.0791169
vn 0.000757784 0.0130339 0.0217877
v -0.28115 -0.0975526 0.0791169
vn -0.000757784 -0.0130339 -0.0217877
v -0.263423 -0.0579569 0.0885609
vn 0.000750468 0.0133789 0.0215778
v -0.263423 -0.0579569 0.0885609
vn -0.000750468 -0.0133789 -0.0215778
v 0.297253 0.383378 0.0376126
vn 0.000882879 0 0.0253847
v 0.297253 0.383378 0.0376126
vn -0.000882879 -0 -0.0253847
v 0.320591 0.254447 -0.0294634
vn -0 -0.0254 -0
v 0.320591 0.254447 -0.0294634
vn 0 0.0254 0
v 0.320585 0.254507 -0.0290109
vn 0.0147528 0 -0.0206765
v 0.316965 0.25157 -0.0282259
vn 0.00889861 0 -0.0237902
v 0.316965 0.25157 -0.0282259
vn -0.00889861 0 0.0237902
v 0.320585 0.254507 -0.0290109
vn -0.0147528 0 0.0206765
v 0.3215 0.253536 -0.0273512
vn -0 -0.0254 -0
v 0.3215 0.253536 -0.0273512
vn 0 0.0254 0
v 0.31754 0.25096 -0.027182
vn -0.01053 -0 -0.0231145
v 0.321227 0.253863 -0.0275171
vn -0.01053 -0 -0.0231145
v 0.321227 0.253863 -0.0275171
vn 0.01053 0 0.0231145
v 0.31754 0.25096 -0.027182
vn 0.01053 0 0.0231145
v 0.322102 0.2524 -0.0305715
vn 0.01053 0 0.0231145
v 0.322102 0.2524 -0.0305715
vn -0.01053 -0 -0.0231145
v 0.32183 0.252726 -0.030738
vn -0 -0.0254 -0
v 0.32183 0.252726 -0.030738
vn 0 0.0254 0
v 0.318414 0.249497 -0.0302364
vn -0 -0.0254 -0
v 0.318414 0.249497 -0.0302364
vn 0 0.0254 0
v 0.322512 0.252195 -0.0278348
vn -0 -0.0254 -0
v 0.322512 0.252195 -0.0278348
vn 0 0.0254 0
v 0.318972 0.249062 -0.0278662
vn -0.0231145 0 0.01053
v 0.322659 0.251965 -0.0282013
vn -0.0231145 0 0.01053
v 0.322659 0.251965 -0.0282013
vn 0.0231145 0 -0.01053
v 0.318972 0.249062 -0.0278662
vn 0.0231145 0 -0.01053
v 0.319051 0.248913 -0.0282901
vn -0.0196015 0 0.0161536
v 0.319051 0.248913 -0.0282901
vn 0.0196015 0 -0.0161536
v 0.319057 0.248853 -0.0287432
vn -0 -0.0254 -0
v 0.319057 0.248853 -0.0287432
vn 0 0.0254 0
v 0.299921 0.281954 -0.0186494
vn 0.0044339 -0.0160352 -0.0191931
v 0.309869 0.301629 -0.0030606
vn 0.0044339 -0.0160352 -0.0191931
v 0.305731 0.305426 -0.0157134
vn 0.0044339 -0.0160352 -0.0191931
v 0.305731 0.305426 -0.0157134
vn -0.0044339 0.0160352 0.0191931
v 0.309869 0.301629 -0.0030606
vn -0.0044339 0.0160352 0.0191931
v 0.299921 0.281954 -0.0186494
vn -0.0044339 0.0160352 0.0191931
v 0.307068 0.274793 -0.00203899
vn -0.000684708 -0.0160352 -0.0196867
v 0.307068 0.274793 -0.00203899
vn 0.000684708 0.0160352 0.0196867
v 0.302854 0.279264 -0.00968407
vn 0.0044339 -0.0160352 -0.0191931
v 0.302854 0.279264 -0.00968407
vn -0.0044339 0.0160352 0.0191931
v 0.299921 0.281954 -0.0186494
vn 0.018658 0 -0.0172349
v 0.299921 0.281954 -0.0186494
vn -0.018658 0 0.0172349
v 0.299921 0.281954 -0.0186494
vn 0.018658 0 -0.0172349
v 0.313225 0.294294 -0.0296624
vn 0.0224829 0 -0.0118186
v 0.298471 0.28268 -0.0283216
vn 0.0224829 0 -0.0118186
v 0.298471 0.28268 -0.0283216
vn -0.0224829 0 0.0118186
v 0.313225 0.294294 -0.0296624
vn -0.0224829 0 0.0118186
v 0.299921 0.281954 -0.0186494
vn -0.018658 0 0.0172349
v 0.302854 0.279264 -0.00968407
vn -0 -0.0254 -0
v 0.302854 0.279264 -0.00968407
vn 0 0.0254 0
v 0.314676 0.293568 -0.0199901
vn 0.018658 0 -0.0172349
v 0.314676 0.293568 -0.0199901
vn -0.018658 0 0.0172349
v 0.32067 0.254297 -0.0298879
vn -0 -0.0254 -0
v 0.32067 0.254297 -0.0298879
vn 0 0.0254 0
v 0.320591 0.254447 -0.0294634
vn 0.0196015 0 -0.0161536
v 0.316897 0.251604 -0.0286758
vn 0.0147528 0 -0.0206765
v 0.316897 0.251604 -0.0286758
vn -0.0147528 0 0.0206765
v 0.320591 0.254447 -0.0294634
vn -0.0196015 0 0.0161536
v 0.316965 0.25157 -0.0282259
vn -0 -0.0254 -0
v 0.317297 0.251237 -0.0274527
vn -0 -0.0254 -0
v 0.317101 0.251445 -0.0278083
vn -0 -0.0254 -0
v 0.317101 0.251445 -0.0278083
vn 0 0.0254 0
v 0.317297 0.251237 -0.0274527
vn 0 0.0254 0
v 0.316965 0.25157 -0.0282259
vn 0 0.0254 0
v 0.321783 0.253182 -0.0273001
vn -0 -0.0254 -0
v 0.321783 0.253182 -0.0273001
vn 0 0.0254 0
v 0.317812 0.250634 -0.0270161
vn -0.0161536 0 -0.0196015
v 0.3215 0.253536 -0.0273512
vn -0.0161536 0 -0.0196015
v 0.3215 0.253536 -0.0273512
vn 0.0161536 0 0.0196015
v 0.317812 0.250634 -0.0270161
vn 0.0161536 0 0.0196015
v 0.31754 0.25096 -0.027182
vn -0 -0.0254 -0
v 0.31754 0.25096 -0.027182
vn 0 0.0254 0
v 0.318142 0.249823 -0.0304029
vn 0.0161536 0 0.0196015
v 0.318142 0.249823 -0.0304029
vn -0.0161536 0 -0.0196015
v 0.32183 0.252726 -0.030738
vn 0.0161536 0 0.0196015
v 0.32183 0.252726 -0.030738
vn -0.0161536 0 -0.0196015
v 0.321546 0.253081 -0.0307891
vn -0 -0.0254 -0
v 0.321546 0.253081 -0.0307891
vn 0 0.0254 0
v 0.322307 0.252487 -0.0275507
vn -0 -0.0254 -0
v 0.322307 0.252487 -0.0275507
vn 0 0.0254 0
v 0.318824 0.249292 -0.0274997
vn -0.0250522 0 0.00418869
v 0.322512 0.252195 -0.0278348
vn -0.0250522 0 0.00418869
v 0.322512 0.252195 -0.0278348
vn 0.0250522 0 -0.00418869
v 0.318824 0.249292 -0.0274997
vn 0.0250522 0 -0.00418869
v 0.318142 0.249823 -0.0304029
vn -0 -0.0254 -0
v 0.319051 0.248913 -0.0282901
vn -0 -0.0254 -0
v 0.319051 0.248913 -0.0282901
vn 0 0.0254 0
v 0.318142 0.249823 -0.0304029
vn 0 0.0254 0
v 0.320817 0.254068 -0.0302538
vn -0 -0.0254 -0
v 0.320817 0.254068 -0.0302538
vn 0 0.0254 0
v 0.316983 0.251394 -0.0295528
vn 0.0231145 0 -0.01053
v 0.32067 0.254297 -0.0298879
vn 0.0231145 0 -0.01053
v 0.32067 0.254297 -0.0298879
vn -0.0231145 0 0.01053
v 0.316983 0.251394 -0.0295528
vn -0.0231145 0 0.01053
v 0.316903 0.251545 -0.0291283
vn 0.0196015 0 -0.0161536
v 0.316903 0.251545 -0.0291283
vn -0.0196015 0 0.0161536
v 0.316897 0.251604 -0.0286758
vn -0 -0.0254 -0
v 0.316897 0.251604 -0.0286758
vn 0 0.0254 0
v 0.322059 0.252824 -0.0273685
vn -0 -0.0254 -0
v 0.322059 0.252824 -0.0273685
vn 0 0.0254 0
v 0.321783 0.253182 -0.0273001
vn -0.0206765 0 -0.0147528
v 0.321783 0.253182 -0.0273001
vn 0.0206765 0 0.0147528
v 0.317812 0.250634 -0.0270161
vn -0 -0.0254 -0
v 0.317812 0.250634 -0.0270161
vn 0 0.0254 0
v 0.321546 0.253081 -0.0307891
vn 0.0206765 0 0.0147528
v 0.321546 0.253081 -0.0307891
vn -0.0206765 0 -0.0147528
v 0.32127 0.253439 -0.0307201
vn -0 -0.0254 -0
v 0.32127 0.253439 -0.0307201
vn 0 0.0254 0
v 0.31862 0.249584 -0.0272156
vn -0.0252827 0 -0.00243804
v 0.322307 0.252487 -0.0275507
vn -0.0252827 0 -0.00243804
v 0.322307 0.252487 -0.0275507
vn 0.0252827 0 0.00243804
v 0.31862 0.249584 -0.0272156
vn 0.0252827 0 0.00243804
v 0.317858 0.250178 -0.030454
vn -0 -0.0254 -0
v 0.318972 0.249062 -0.0278662
vn -0 -0.0254 -0
v 0.318972 0.249062 -0.0278662
vn 0 0.0254 0
v 0.317858 0.250178 -0.030454
vn 0 0.0254 0
v 0.317583 0.250536 -0.030385
vn -0 -0.0254 -0
v 0.318824 0.249292 -0.0274997
vn -0 -0.0254 -0
v 0.318824 0.249292 -0.0274997
vn 0 0.0254 0
v 0.317583 0.250536 -0.030385
vn 0 0.0254 0
v 0.321022 0.253775 -0.0305385
vn -0 -0.0254 -0
v 0.321022 0.253775 -0.0305385
vn 0 0.0254 0
v 0.317129 0.251166 -0.0299187
vn 0.0250522 0 -0.00418869
v 0.320817 0.254068 -0.0302538
vn 0.0250522 0 -0.00418869
v 0.320817 0.254068 -0.0302538
vn -0.0250522 0 0.00418869
v 0.317129 0.251166 -0.0299187
vn -0.0250522 0 0.00418869
v 0.316903 0.251545 -0.0291283
vn -0 -0.0254 -0
v 0.316903 0.251545 -0.0291283
vn 0 0.0254 0
v 0.318096 0.250279 -0.026965
vn -0.0206765 0 -0.0147528
v 0.322059 0.252824 -0.0273685
vn -0.0237902 0 -0.00889861
v 0.322059 0.252824 -0.0273685
vn 0.0237902 0 0.00889861
v 0.318096 0.250279 -0.026965
vn 0.0206765 0 0.0147528
v 0.317858 0.250178 -0.030454
vn 0.0206765 0 0.0147528
v 0.317858 0.250178 -0.030454
vn -0.0206765 0 -0.0147528
v 0.32127 0.253439 -0.0307201
vn 0.0237902 0 0.00889861
v 0.32127 0.253439 -0.0307201
vn -0.0237902 0 -0.00889861
v 0.318371 0.249921 -0.0270334
vn -0.0237902 0 -0.00889861
v 0.318371 0.249921 -0.0270334
vn 0.0237902 0 0.00889861
v 0.317334 0.250872 -0.0302034
vn -0 -0.0254 -0
v 0.31862 0.249584 -0.0272156
vn -0 -0.0254 -0
v 0.31862 0.249584 -0.0272156
vn 0 0.0254 0
v 0.317334 0.250872 -0.0302034
vn 0 0.0254 0
v 0.317334 0.250872 -0.0302034
vn 0.0252827 0 0.00243804
v 0.320817 0.254068 -0.0302538
vn 0.0250522 0 -0.00418869
v 0.321022 0.253775 -0.0305385
vn 0.0252827 0 0.00243804
v 0.321022 0.253775 -0.0305385
vn -0.0252827 0 -0.00243804
v 0.320817 0.254068 -0.0302538
vn -0.0250522 0 0.00418869
v 0.317334 0.250872 -0.0302034
vn -0.0252827 0 -0.00243804
v 0.317129 0.251166 -0.0299187
vn 0.0250522 0 -0.00418869
v 0.317129 0.251166 -0.0299187
vn -0.0250522 0 0.00418869
v 0.316983 0.251394 -0.0295528
vn -0 -0.0254 -0
v 0.318096 0.250279 -0.026965
vn -0 -0.0254 -0
v 0.318096 0.250279 -0.026965
vn 0 0.0254 0
v 0.316983 0.251394 -0.0295528
vn 0 0.0254 0
v 0.317129 0.251166 -0.0299187
vn -0 -0.0254 -0
v 0.318371 0.249921 -0.0270334
vn -0 -0.0254 -0
v 0.318371 0.249921 -0.0270334
vn 0 0.0254 0
v 0.317129 0.251166 -0.0299187
vn 0 0.0254 0
v 0.317583 0.250536 -0.030385
vn 0.0237902 0 0.00889861
v 0.317583 0.250536 -0.030385
vn -0.0237902 0 -0.00889861
v -0.292016 -0.275126 0.00723371
vn -0 -0.0254 -0
v -0.279625 -0.286905 0.041546
vn -0 -0.0254 -0
v -0.288779 -0.278096 0.0171303
vn -0 -0.0254 -0
v -0.288779 -0.278096 0.0171303
vn -0.00571724 0 0.0247482
v -0.33628 -0.309969 0.011256
vn -0.00571724 0 0.0247482
v -0.292016 -0.275126 0.00723371
vn -0.00571724 0 0.0247482
v -0.292016 -0.275126 0.00723371
vn 0.00571724 0 -0.0247482
v -0.33628 -0.309969 0.011256
vn 0.00571724 0 -0.0247482
v -0.288779 -0.278096 0.0171303
vn 0.00571724 0 -0.0247482
v -0.287177 -0.278897 0.0278095
vn -0 -0.0254 -0
v -0.288779 -0.278096 0.0171303
vn 0.0119277 0 -0.0224252
v -0.331442 -0.31374 0.0318317
vn 0.0119277 0 -0.0224252
v -0.287177 -0.278897 0.0278095
vn 0.0119277 0 -0.0224252
v -0.287177 -0.278897 0.0278095
vn -0.0119277 0 0.0224252
v -0.331442 -0.31374 0.0318317
vn -0.0119277 0 0.0224252
v -0.288779 -0.278096 0.0171303
vn -0.0119277 0 0.0224252
v -0.282073 -0.282285 0.0546425
vn -0 -0.0254 -0
v -0.287321 -0.277476 0.0385436
vn -0 -0.0254 -0
v -0.287321 -0.277476 0.0385436
vn -0.0173254 0 0.018574
v -0.331442 -0.31374 0.0318317
vn -0.0173254 0 0.018574
v -0.287177 -0.278897 0.0278095
vn -0.0173254 0 0.018574
v -0.287177 -0.278897 0.0278095
vn 0.0173254 0 -0.018574
v -0.331442 -0.31374 0.0318317
vn 0.0173254 0 -0.018574
v -0.287321 -0.277476 0.0385436
vn 0.0173254 0 -0.018574
v -0.296668 -0.27019 -0.00120721
vn -0 -0.0254 -0
v -0.307695 -0.258777 -0.0236952
vn -0 -0.0254 -0
v -0.292016 -0.275126 0.00723371
vn 0.000882879 0 0.0253847
v -0.340932 -0.305033 0.00281507
vn 0.000882879 0 0.0253847
v -0.296668 -0.27019 -0.00120721
vn 0.000882879 0 0.0253847
v -0.296668 -0.27019 -0.00120721
vn -0.000882879 -0 -0.0253847
v -0.340932 -0.305033 0.00281507
vn -0.000882879 -0 -0.0253847
v -0.292016 -0.275126 0.00723371
vn -0.000882879 -0 -0.0253847
v -0.31645 -0.247835 -0.025262
vn -0 -0.0254 -0
v -0.302419 -0.263623 -0.00761588
vn -0 -0.0254 -0
v -0.302419 -0.263623 -0.00761588
vn -0.00742282 -0 -0.0242912
v -0.340932 -0.305033 0.00281507
vn -0.00742282 -0 -0.0242912
v -0.296668 -0.27019 -0.00120721
vn -0.00742282 -0 -0.0242912
v -0.296668 -0.27019 -0.00120721
vn 0.00742282 0 0.0242912
v -0.340932 -0.305033 0.00281507
vn 0.00742282 0 0.0242912
v -0.302419 -0.263623 -0.00761588
vn 0.00742282 0 0.0242912
v -0.308876 -0.255875 -0.0115561
vn -0 -0.0254 -0
v -0.302419 -0.263623 -0.00761588
vn 0.0134569 0 0.0215423
v -0.353141 -0.290718 -0.00753386
vn 0.0134569 0 0.0215423
v -0.308876 -0.255875 -0.0115561
vn 0.0134569 0 0.0215423
v -0.308876 -0.255875 -0.0115561
vn -0.0134569 0 -0.0215423
v -0.353141 -0.290718 -0.00753386
vn -0.0134569 0 -0.0215423
v -0.302419 -0.263623 -0.00761588
vn -0.0134569 0 -0.0215423
v -0.315599 -0.247473 -0.0127594
vn -0 -0.0254 -0
v -0.353141 -0.290718 -0.00753386
vn 0.018574 0 0.0173254
v -0.315599 -0.247473 -0.0127594
vn 0.018574 0 0.0173254
v -0.308876 -0.255875 -0.0115561
vn 0.018574 0 0.0173254
v -0.308876 -0.255875 -0.0115561
vn -0.018574 0 -0.0173254
v -0.315599 -0.247473 -0.0127594
vn -0.018574 0 -0.0173254
v -0.353141 -0.290718 -0.00753386
vn -0.018574 0 -0.0173254
v -0.324956 -0.236787 -0.0231575
vn -0 -0.0254 -0
v -0.322131 -0.238989 -0.0111435
vn -0 -0.0254 -0
v -0.359864 -0.282316 -0.00873711
vn 0.0224252 0 0.0119277
v -0.322131 -0.238989 -0.0111435
vn 0.0224252 0 0.0119277
v -0.315599 -0.247473 -0.0127594
vn 0.0224252 0 0.0119277
v -0.315599 -0.247473 -0.0127594
vn -0.0224252 -0 -0.0119277
v -0.322131 -0.238989 -0.0111435
vn -0.0224252 -0 -0.0119277
v -0.359864 -0.282316 -0.00873711
vn -0.0224252 -0 -0.0119277
v -0.279438 -0.288757 0.0275689
vn -0 -0.0254 -0
v -0.333043 -0.312939 0.0211526
vn -0.00571724 0 0.0247482
v -0.333043 -0.312939 0.0211526
vn 0.00571724 0 -0.0247482
v -0.33628 -0.309969 0.011256
vn 0.000882879 0 0.0253847
v -0.33628 -0.309969 0.011256
vn -0.000882879 -0 -0.0253847
v -0.333043 -0.312939 0.0211526
vn 0.0119277 0 -0.0224252
v -0.333043 -0.312939 0.0211526
vn -0.0119277 0 0.0224252
v -0.2892 -0.273927 0.0486004
vn -0 -0.0254 -0
v -0.331585 -0.312318 0.0425659
vn -0.0173254 0 0.018574
v -0.331585 -0.312318 0.0425659
vn 0.0173254 0 -0.018574
v -0.331585 -0.312318 0.0425659
vn 0.0215423 0 -0.0134569
v -0.2892 -0.273927 0.0486004
vn 0.0215423 0 -0.0134569
v -0.287321 -0.277476 0.0385436
vn 0.0215423 0 -0.0134569
v -0.287321 -0.277476 0.0385436
vn -0.0215423 0 0.0134569
v -0.2892 -0.273927 0.0486004
vn -0.0215423 0 0.0134569
v -0.331585 -0.312318 0.0425659
vn -0.0215423 0 0.0134569
v -0.346684 -0.298466 -0.0035936
vn -0.00742282 -0 -0.0242912
v -0.346684 -0.298466 -0.0035936
vn 0.00742282 0 0.0242912
v -0.346684 -0.298466 -0.0035936
vn 0.0134569 0 0.0215423
v -0.346684 -0.298466 -0.0035936
vn -0.0134569 0 -0.0215423
v -0.359864 -0.282316 -0.00873711
vn 0.018574 0 0.0173254
v -0.359864 -0.282316 -0.00873711
vn -0.018574 0 -0.0173254
v -0.332632 -0.226385 -0.0175256
vn -0 -0.0254 -0
v -0.366395 -0.273831 -0.00712126
vn 0.0224252 0 0.0119277
v -0.366395 -0.273831 -0.00712126
vn -0.0224252 -0 -0.0119277
v -0.279438 -0.288757 0.0275689
vn 0.0173254 0 -0.018574
v -0.32389 -0.321748 0.0455683
vn 0.0173254 0 -0.018574
v -0.279625 -0.286905 0.041546
vn 0.0173254 0 -0.018574
v -0.279625 -0.286905 0.041546
vn -0.0173254 0 0.018574
v -0.32389 -0.321748 0.0455683
vn -0.0173254 0 0.018574
v -0.279438 -0.288757 0.0275689
vn -0.0173254 0 0.018574
v -0.32389 -0.321748 0.0455683
vn 0 0.0254 0
v -0.33628 -0.309969 0.011256
vn 0 0.0254 0
v -0.333043 -0.312939 0.0211526
vn 0 0.0254 0
v -0.333043 -0.312939 0.0211526
vn -0 -0.0254 -0
v -0.33628 -0.309969 0.011256
vn -0 -0.0254 -0
v -0.32389 -0.321748 0.0455683
vn -0 -0.0254 -0
v -0.340932 -0.305033 0.00281507
vn 0 0.0254 0
v -0.340932 -0.305033 0.00281507
vn -0 -0.0254 -0
v -0.35196 -0.29362 -0.019673
vn 0 0.0254 0
v -0.35196 -0.29362 -0.019673
vn -0 -0.0254 -0
v -0.32389 -0.321748 0.0455683
vn 0.0215423 0 -0.0134569
v -0.282073 -0.282285 0.0546425
vn 0.0215423 0 -0.0134569
v -0.279625 -0.286905 0.041546
vn 0.0215423 0 -0.0134569
v -0.279625 -0.286905 0.041546
vn -0.0215423 0 0.0134569
v -0.282073 -0.282285 0.0546425
vn -0.0215423 0 0.0134569
v -0.32389 -0.321748 0.0455683
vn -0.0215423 0 0.0134569
v -0.331442 -0.31374 0.0318317
vn 0 0.0254 0
v -0.331442 -0.31374 0.0318317
vn -0 -0.0254 -0
v -0.346684 -0.298466 -0.0035936
vn 0 0.0254 0
v -0.346684 -0.298466 -0.0035936
vn -0 -0.0254 -0
v -0.286612 -0.275211 0.0659641
vn -0 -0.0254 -0
v -0.326337 -0.317127 0.0586648
vn 0 0.0254 0
v -0.331585 -0.312318 0.0425659
vn 0 0.0254 0
v -0.331585 -0.312318 0.0425659
vn -0 -0.0254 -0
v -0.326337 -0.317127 0.0586648
vn -0 -0.0254 -0
v -0.353141 -0.290718 -0.00753386
vn 0 0.0254 0
v -0.353141 -0.290718 -0.00753386
vn -0 -0.0254 -0
v -0.333464 -0.30877 0.0526227
vn 0.0215423 0 -0.0134569
v -0.333464 -0.30877 0.0526227
vn -0.0215423 0 0.0134569
v -0.360715 -0.282678 -0.0212397
vn -0.018574 0 -0.0173254
v -0.307695 -0.258777 -0.0236952
vn -0.018574 0 -0.0173254
v -0.31645 -0.247835 -0.025262
vn -0.018574 0 -0.0173254
v -0.31645 -0.247835 -0.025262
vn 0.018574 0 0.0173254
v -0.307695 -0.258777 -0.0236952
vn 0.018574 0 0.0173254
v -0.360715 -0.282678 -0.0212397
vn 0.018574 0 0.0173254
v -0.299286 -0.268867 -0.0185639
vn -0 -0.0254 -0
v -0.360715 -0.282678 -0.0212397
vn 0 0.0254 0
v -0.360715 -0.282678 -0.0212397
vn -0 -0.0254 -0
v -0.36922 -0.271629 -0.0191352
vn -0.0224252 -0 -0.0119277
v -0.31645 -0.247835 -0.025262
vn -0.0224252 -0 -0.0119277
v -0.324956 -0.236787 -0.0231575
vn -0.0224252 -0 -0.0119277
v -0.324956 -0.236787 -0.0231575
vn 0.0224252 0 0.0119277
v -0.31645 -0.247835 -0.025262
vn 0.0224252 0 0.0119277
v -0.36922 -0.271629 -0.0191352
vn 0.0224252 0 0.0119277
v -0.359864 -0.282316 -0.00873711
vn 0 0.0254 0
v -0.359864 -0.282316 -0.00873711
vn -0 -0.0254 -0
v -0.328026 -0.231 -0.00681884
vn -0 -0.0254 -0
v -0.37229 -0.265843 -0.00279656
vn -0.0247482 -0 -0.00571724
v -0.322131 -0.238989 -0.0111435
vn -0.0247482 -0 -0.00571724
v -0.328026 -0.231 -0.00681884
vn -0.0247482 -0 -0.00571724
v -0.328026 -0.231 -0.00681884
vn 0.0247482 0 0.00571724
v -0.322131 -0.238989 -0.0111435
vn 0.0247482 0 0.00571724
v -0.37229 -0.265843 -0.00279656
vn 0.0247482 0 0.00571724
v -0.376896 -0.261228 -0.0135033
vn -0.0247482 -0 -0.00571724
v -0.324956 -0.236787 -0.0231575
vn -0.0247482 -0 -0.00571724
v -0.332632 -0.226385 -0.0175256
vn -0.0247482 -0 -0.00571724
v -0.332632 -0.226385 -0.0175256
vn 0.0247482 0 0.00571724
v -0.324956 -0.236787 -0.0231575
vn 0.0247482 0 0.00571724
v -0.376896 -0.261228 -0.0135033
vn 0.0247482 0 0.00571724
v -0.36922 -0.271629 -0.0191352
vn 0 0.0254 0
v -0.366395 -0.273831 -0.00712126
vn 0 0.0254 0
v -0.366395 -0.273831 -0.00712126
vn -0 -0.0254 -0
v -0.36922 -0.271629 -0.0191352
vn -0 -0.0254 -0
v -0.333464 -0.30877 0.0526227
vn 0 0.0254 0
v -0.333464 -0.30877 0.0526227
vn -0 -0.0254 -0
v -0.366395 -0.273831 -0.00712126
vn -0.0247482 -0 -0.00571724
v -0.366395 -0.273831 -0.00712126
vn 0.0247482 0 0.00571724
v -0.323703 -0.3236 0.0315912
vn 0.0173254 0 -0.018574
v -0.323703 -0.3236 0.0315912
vn -0.0173254 0 0.018574
v -0.323703 -0.3236 0.0315912
vn 0 0.0254 0
v -0.323703 -0.3236 0.0315912
vn -0 -0.0254 -0
v -0.326337 -0.317127 0.0586648
vn 0.0215423 0 -0.0134569
v -0.326337 -0.317127 0.0586648
vn -0.0215423 0 0.0134569
v -0.326337 -0.317127 0.0586648
vn 0.0242912 0 -0.00742282
v -0.286612 -0.275211 0.0659641
vn 0.0242912 0 -0.00742282
v -0.282073 -0.282285 0.0546425
vn 0.0242912 0 -0.00742282
v -0.282073 -0.282285 0.0546425
vn -0.0242912 0 0.00742282
v -0.286612 -0.275211 0.0659641
vn -0.0242912 0 0.00742282
v -0.326337 -0.317127 0.0586648
vn -0.0242912 0 0.00742282
v -0.292687 -0.268494 0.0572943
vn -0 -0.0254 -0
v -0.2892 -0.273927 0.0486004
vn -0.0242912 0 0.00742282
v -0.336951 -0.303337 0.0613166
vn -0.0242912 0 0.00742282
v -0.333464 -0.30877 0.0526227
vn -0.0242912 0 0.00742282
v -0.333464 -0.30877 0.0526227
vn 0.0242912 0 -0.00742282
v -0.336951 -0.303337 0.0613166
vn 0.0242912 0 -0.00742282
v -0.2892 -0.273927 0.0486004
vn 0.0242912 0 -0.00742282
v -0.292687 -0.268494 0.0572943
vn -0.0242912 0 0.00742282
v -0.292687 -0.268494 0.0572943
vn 0.0242912 0 -0.00742282
v -0.35196 -0.29362 -0.019673
vn -0.018574 0 -0.0173254
v -0.35196 -0.29362 -0.019673
vn 0.018574 0 0.0173254
v -0.360715 -0.282678 -0.0212397
vn -0.0224252 -0 -0.0119277
v -0.360715 -0.282678 -0.0212397
vn 0.0224252 0 0.0119277
v -0.281523 -0.287713 0.0136615
vn -0 -0.0254 -0
v -0.307695 -0.258777 -0.0236952
vn -0.0134569 0 -0.0215423
v -0.343551 -0.30371 -0.0145417
vn -0.0134569 0 -0.0215423
v -0.299286 -0.268867 -0.0185639
vn -0.0134569 0 -0.0215423
v -0.299286 -0.268867 -0.0185639
vn 0.0134569 0 0.0215423
v -0.343551 -0.30371 -0.0145417
vn 0.0134569 0 0.0215423
v -0.307695 -0.258777 -0.0236952
vn 0.0134569 0 0.0215423
v -0.36922 -0.271629 -0.0191352
vn -0.0247482 -0 -0.00571724
v -0.36922 -0.271629 -0.0191352
vn 0.0247482 0 0.00571724
v -0.338956 -0.217338 -0.00874948
vn -0 -0.0254 -0
v -0.328026 -0.231 -0.00681884
vn -0.0253847 0 0.000882879
v -0.377146 -0.258896 0.00394317
vn -0.0253847 0 0.000882879
v -0.37229 -0.265843 -0.00279656
vn -0.0253847 0 0.000882879
v -0.37229 -0.265843 -0.00279656
vn 0.0253847 0 -0.000882879
v -0.377146 -0.258896 0.00394317
vn 0.0253847 0 -0.000882879
v -0.328026 -0.231 -0.00681884
vn 0.0253847 0 -0.000882879
v -0.332632 -0.226385 -0.0175256
vn -0.0253847 0 0.000882879
v -0.38322 -0.252181 -0.00472719
vn -0.0253847 0 0.000882879
v -0.376896 -0.261228 -0.0135033
vn -0.0253847 0 0.000882879
v -0.376896 -0.261228 -0.0135033
vn 0.0253847 0 -0.000882879
v -0.38322 -0.252181 -0.00472719
vn 0.0253847 0 -0.000882879
v -0.332632 -0.226385 -0.0175256
vn 0.0253847 0 -0.000882879
v -0.376896 -0.261228 -0.0135033
vn 0 0.0254 0
v -0.376896 -0.261228 -0.0135033
vn -0 -0.0254 -0
v -0.336951 -0.303337 0.0613166
vn 0 0.0254 0
v -0.336951 -0.303337 0.0613166
vn -0 -0.0254 -0
v -0.37229 -0.265843 -0.00279656
vn 0 0.0254 0
v -0.37229 -0.265843 -0.00279656
vn -0 -0.0254 -0
v -0.281523 -0.287713 0.0136615
vn 0.0119277 0 -0.0224252
v -0.323703 -0.3236 0.0315912
vn 0.0119277 0 -0.0224252
v -0.279438 -0.288757 0.0275689
vn 0.0119277 0 -0.0224252
v -0.279438 -0.288757 0.0275689
vn -0.0119277 0 0.0224252
v -0.323703 -0.3236 0.0315912
vn -0.0119277 0 0.0224252
v -0.281523 -0.287713 0.0136615
vn -0.0119277 0 0.0224252
v -0.343551 -0.30371 -0.0145417
vn 0 0.0254 0
v -0.343551 -0.30371 -0.0145417
vn -0 -0.0254 -0
v -0.330877 -0.310053 0.0699864
vn 0.0242912 0 -0.00742282
v -0.330877 -0.310053 0.0699864
vn -0.0242912 0 0.00742282
v -0.292936 -0.266164 0.0747402
vn -0 -0.0254 -0
v -0.330877 -0.310053 0.0699864
vn 0 0.0254 0
v -0.330877 -0.310053 0.0699864
vn -0 -0.0254 -0
v -0.292687 -0.268494 0.0572943
vn -0.0253847 0 0.000882879
v -0.341807 -0.296391 0.0680563
vn -0.0253847 0 0.000882879
v -0.336951 -0.303337 0.0613166
vn -0.0253847 0 0.000882879
v -0.336951 -0.303337 0.0613166
vn 0.0253847 0 -0.000882879
v -0.341807 -0.296391 0.0680563
vn 0.0253847 0 -0.000882879
v -0.292687 -0.268494 0.0572943
vn 0.0253847 0 -0.000882879
v -0.35196 -0.29362 -0.019673
vn -0.0134569 0 -0.0215423
v -0.35196 -0.29362 -0.019673
vn 0.0134569 0 0.0215423
v -0.291798 -0.277418 -0.0102187
vn -0 -0.0254 -0
v -0.336062 -0.31226 -0.00619647
vn -0.00742282 -0 -0.0242912
v -0.299286 -0.268867 -0.0185639
vn -0.00742282 -0 -0.0242912
v -0.343551 -0.30371 -0.0145417
vn -0.00742282 -0 -0.0242912
v -0.343551 -0.30371 -0.0145417
vn 0.00742282 0 0.0242912
v -0.299286 -0.268867 -0.0185639
vn 0.00742282 0 0.0242912
v -0.336062 -0.31226 -0.00619647
vn 0.00742282 0 0.0242912
v -0.332882 -0.224054 -7.91143e-05
vn -0 -0.0254 -0
v -0.332882 -0.224054 -7.91143e-05
vn -0.0253847 0 0.000882879
v -0.332882 -0.224054 -7.91143e-05
vn 0.0253847 0 -0.000882879
v -0.338956 -0.217338 -0.00874948
vn -0.0253847 0 0.000882879
v -0.338956 -0.217338 -0.00874948
vn 0.0253847 0 -0.000882879
v -0.38322 -0.252181 -0.00472719
vn 0 0.0254 0
v -0.377146 -0.258896 0.00394317
vn 0 0.0254 0
v -0.377146 -0.258896 0.00394317
vn -0 -0.0254 -0
v -0.38322 -0.252181 -0.00472719
vn -0 -0.0254 -0
v -0.341807 -0.296391 0.0680563
vn 0 0.0254 0
v -0.341807 -0.296391 0.0680563
vn -0 -0.0254 -0
v -0.325788 -0.322556 0.0176838
vn 0.0119277 0 -0.0224252
v -0.325788 -0.322556 0.0176838
vn -0.0119277 0 0.0224252
v -0.325788 -0.322556 0.0176838
vn 0 0.0254 0
v -0.325788 -0.322556 0.0176838
vn -0 -0.0254 -0
v -0.330877 -0.310053 0.0699864
vn 0.0253847 0 -0.000882879
v -0.292936 -0.266164 0.0747402
vn 0.0253847 0 -0.000882879
v -0.286612 -0.275211 0.0659641
vn 0.0253847 0 -0.000882879
v -0.286612 -0.275211 0.0659641
vn -0.0253847 0 0.000882879
v -0.292936 -0.266164 0.0747402
vn -0.0253847 0 0.000882879
v -0.330877 -0.310053 0.0699864
vn -0.0253847 0 0.000882879
v -0.297542 -0.261548 0.064034
vn -0 -0.0254 -0
v -0.3372 -0.301007 0.0787624
vn 0 0.0254 0
v -0.3372 -0.301007 0.0787624
vn -0 -0.0254 -0
v -0.297542 -0.261548 0.064034
vn -0.0253847 0 0.000882879
v -0.297542 -0.261548 0.064034
vn 0.0253847 0 -0.000882879
v -0.285739 -0.283846 0.000773268
vn -0 -0.0254 -0
v -0.291798 -0.277418 -0.0102187
vn -0.00742282 -0 -0.0242912
v -0.291798 -0.277418 -0.0102187
vn 0.00742282 0 0.0242912
v -0.336062 -0.31226 -0.00619647
vn 0 0.0254 0
v -0.336062 -0.31226 -0.00619647
vn -0 -0.0254 -0
v -0.336368 -0.218621 0.0086142
vn -0 -0.0254 -0
v -0.377146 -0.258896 0.00394317
vn 0.0242912 0 -0.00742282
v -0.336368 -0.218621 0.0086142
vn 0.0242912 0 -0.00742282
v -0.332882 -0.224054 -7.91143e-05
vn 0.0242912 0 -0.00742282
v -0.332882 -0.224054 -7.91143e-05
vn -0.0242912 0 0.00742282
v -0.336368 -0.218621 0.0086142
vn -0.0242912 0 0.00742282
v -0.377146 -0.258896 0.00394317
vn -0.0242912 0 0.00742282
v -0.338956 -0.217338 -0.00874948
vn -0.0242912 0 0.00742282
v -0.38776 -0.245106 0.00659494
vn -0.0242912 0 0.00742282
v -0.38322 -0.252181 -0.00472719
vn -0.0242912 0 0.00742282
v -0.38322 -0.252181 -0.00472719
vn 0.0242912 0 -0.00742282
v -0.38776 -0.245106 0.00659494
vn 0.0242912 0 -0.00742282
v -0.338956 -0.217338 -0.00874948
vn 0.0242912 0 -0.00742282
v -0.380632 -0.253464 0.0126365
vn 0 0.0254 0
v -0.380632 -0.253464 0.0126365
vn -0 -0.0254 -0
v -0.347701 -0.288403 0.0723804
vn 0 0.0254 0
v -0.347701 -0.288403 0.0723804
vn -0 -0.0254 -0
v -0.285739 -0.283846 0.000773268
vn 0.00571724 0 -0.0247482
v -0.325788 -0.322556 0.0176838
vn 0.00571724 0 -0.0247482
v -0.281523 -0.287713 0.0136615
vn 0.00571724 0 -0.0247482
v -0.281523 -0.287713 0.0136615
vn -0.00571724 0 0.0247482
v -0.325788 -0.322556 0.0176838
vn -0.00571724 0 0.0247482
v -0.285739 -0.283846 0.000773268
vn -0.00571724 0 0.0247482
v -0.3372 -0.301007 0.0787624
vn 0.0253847 0 -0.000882879
v -0.3372 -0.301007 0.0787624
vn -0.0253847 0 0.000882879
v -0.303437 -0.25356 0.0683581
vn -0 -0.0254 -0
v -0.341807 -0.296391 0.0680563
vn 0.0247482 0 0.00571724
v -0.303437 -0.25356 0.0683581
vn 0.0247482 0 0.00571724
v -0.297542 -0.261548 0.064034
vn 0.0247482 0 0.00571724
v -0.297542 -0.261548 0.064034
vn -0.0247482 -0 -0.00571724
v -0.303437 -0.25356 0.0683581
vn -0.0247482 -0 -0.00571724
v -0.341807 -0.296391 0.0680563
vn -0.0247482 -0 -0.00571724
v -0.291798 -0.277418 -0.0102187
vn -0.000882879 -0 -0.0253847
v -0.330003 -0.318689 0.00479555
vn -0.000882879 -0 -0.0253847
v -0.285739 -0.283846 0.000773268
vn -0.000882879 -0 -0.0253847
v -0.285739 -0.283846 0.000773268
vn 0.000882879 0 0.0253847
v -0.330003 -0.318689 0.00479555
vn 0.000882879 0 0.0253847
v -0.291798 -0.277418 -0.0102187
vn 0.000882879 0 0.0253847
v -0.336062 -0.31226 -0.00619647
vn -0.000882879 -0 -0.0253847
v -0.336062 -0.31226 -0.00619647
vn 0.000882879 0 0.0253847
v -0.330003 -0.318689 0.00479555
vn 0 0.0254 0
v -0.330003 -0.318689 0.00479555
vn -0 -0.0254 -0
v -0.343496 -0.210263 0.00257266
vn -0 -0.0254 -0
v -0.380632 -0.253464 0.0126365
vn 0.0242912 0 -0.00742282
v -0.380632 -0.253464 0.0126365
vn -0.0242912 0 0.00742282
v -0.343496 -0.210263 0.00257266
vn -0.0242912 0 0.00742282
v -0.343496 -0.210263 0.00257266
vn 0.0242912 0 -0.00742282
v -0.38776 -0.245106 0.00659494
vn 0 0.0254 0
v -0.38776 -0.245106 0.00659494
vn -0 -0.0254 -0
v -0.347701 -0.288403 0.0723804
vn 0.0247482 0 0.00571724
v -0.347701 -0.288403 0.0723804
vn -0.0247482 -0 -0.00571724
v -0.330003 -0.318689 0.00479555
vn 0.00571724 0 -0.0247482
v -0.330003 -0.318689 0.00479555
vn -0.00571724 0 0.0247482
v -0.3372 -0.301007 0.0787624
vn 0.0247482 0 0.00571724
v -0.300612 -0.255762 0.0803721
vn 0.0247482 0 0.00571724
v -0.292936 -0.266164 0.0747402
vn 0.0247482 0 0.00571724
v -0.292936 -0.266164 0.0747402
vn -0.0247482 -0 -0.00571724
v -0.300612 -0.255762 0.0803721
vn -0.0247482 -0 -0.00571724
v -0.3372 -0.301007 0.0787624
vn -0.0247482 -0 -0.00571724
v -0.300612 -0.255762 0.0803721
vn -0 -0.0254 -0
v -0.344876 -0.290605 0.0843944
vn 0 0.0254 0
v -0.344876 -0.290605 0.0843944
vn -0 -0.0254 -0
v -0.338247 -0.215073 0.018671
vn -0 -0.0254 -0
v -0.380632 -0.253464 0.0126365
vn 0.0215423 0 -0.0134569
v -0.338247 -0.215073 0.018671
vn 0.0215423 0 -0.0134569
v -0.336368 -0.218621 0.0086142
vn 0.0215423 0 -0.0134569
v -0.336368 -0.218621 0.0086142
vn -0.0215423 0 0.0134569
v -0.338247 -0.215073 0.018671
vn -0.0215423 0 0.0134569
v -0.380632 -0.253464 0.0126365
vn -0.0215423 0 0.0134569
v -0.343496 -0.210263 0.00257266
vn -0.0215423 0 0.0134569
v -0.390207 -0.240486 0.0196908
vn -0.0215423 0 0.0134569
v -0.38776 -0.245106 0.00659494
vn -0.0215423 0 0.0134569
v -0.38776 -0.245106 0.00659494
vn 0.0215423 0 -0.0134569
v -0.390207 -0.240486 0.0196908
vn 0.0215423 0 -0.0134569
v -0.343496 -0.210263 0.00257266
vn 0.0215423 0 -0.0134569
v -0.382511 -0.249916 0.0226933
vn 0 0.0254 0
v -0.382511 -0.249916 0.0226933
vn -0 -0.0254 -0
v -0.354233 -0.279918 0.0739969
vn 0 0.0254 0
v -0.354233 -0.279918 0.0739969
vn -0 -0.0254 -0
v -0.347701 -0.288403 0.0723804
vn 0.0224252 0 0.0119277
v -0.309969 -0.245075 0.0699746
vn 0.0224252 0 0.0119277
v -0.303437 -0.25356 0.0683581
vn 0.0224252 0 0.0119277
v -0.303437 -0.25356 0.0683581
vn -0.0224252 -0 -0.0119277
v -0.309969 -0.245075 0.0699746
vn -0.0224252 -0 -0.0119277
v -0.347701 -0.288403 0.0723804
vn -0.0224252 -0 -0.0119277
v -0.344876 -0.290605 0.0843944
vn 0.0247482 0 0.00571724
v -0.344876 -0.290605 0.0843944
vn -0.0247482 -0 -0.00571724
v -0.309969 -0.245075 0.0699746
vn -0 -0.0254 -0
v -0.345942 -0.205643 0.0156686
vn -0 -0.0254 -0
v -0.382511 -0.249916 0.0226933
vn 0.0215423 0 -0.0134569
v -0.382511 -0.249916 0.0226933
vn -0.0215423 0 0.0134569
v -0.345942 -0.205643 0.0156686
vn -0.0215423 0 0.0134569
v -0.345942 -0.205643 0.0156686
vn 0.0215423 0 -0.0134569
v -0.390207 -0.240486 0.0196908
vn 0 0.0254 0
v -0.390207 -0.240486 0.0196908
vn -0 -0.0254 -0
v -0.354233 -0.279918 0.0739969
vn 0.0224252 0 0.0119277
v -0.354233 -0.279918 0.0739969
vn -0.0224252 -0 -0.0119277
v -0.344876 -0.290605 0.0843944
vn 0.0224252 0 0.0119277
v -0.309118 -0.244713 0.0824766
vn 0.0224252 0 0.0119277
v -0.300612 -0.255762 0.0803721
vn 0.0224252 0 0.0119277
v -0.300612 -0.255762 0.0803721
vn -0.0224252 -0 -0.0119277
v -0.309118 -0.244713 0.0824766
vn -0.0224252 -0 -0.0119277
v -0.344876 -0.290605 0.0843944
vn -0.0224252 -0 -0.0119277
v -0.309118 -0.244713 0.0824766
vn -0 -0.0254 -0
v -0.353382 -0.279556 0.0864989
vn 0 0.0254 0
v -0.353382 -0.279556 0.0864989
vn -0 -0.0254 -0
v -0.33839 -0.213652 0.0294051
vn -0 -0.0254 -0
v -0.33839 -0.213652 0.0294051
vn -0.0173254 0 0.018574
v -0.382511 -0.249916 0.0226933
vn -0.0173254 0 0.018574
v -0.338247 -0.215073 0.018671
vn -0.0173254 0 0.018574
v -0.338247 -0.215073 0.018671
vn 0.0173254 0 -0.018574
v -0.382511 -0.249916 0.0226933
vn 0.0173254 0 -0.018574
v -0.33839 -0.213652 0.0294051
vn 0.0173254 0 -0.018574
v -0.34613 -0.203792 0.0296457
vn -0.0173254 0 0.018574
v -0.390207 -0.240486 0.0196908
vn -0.0173254 0 0.018574
v -0.345942 -0.205643 0.0156686
vn -0.0173254 0 0.018574
v -0.345942 -0.205643 0.0156686
vn 0.0173254 0 -0.018574
v -0.390207 -0.240486 0.0196908
vn 0.0173254 0 -0.018574
v -0.34613 -0.203792 0.0296457
vn 0.0173254 0 -0.018574
v -0.382655 -0.248494 0.0334274
vn 0 0.0254 0
v -0.382655 -0.248494 0.0334274
vn -0 -0.0254 -0
v -0.360956 -0.271516 0.0727936
vn 0 0.0254 0
v -0.360956 -0.271516 0.0727936
vn -0 -0.0254 -0
v -0.309969 -0.245075 0.0699746
vn -0.018574 0 -0.0173254
v -0.360956 -0.271516 0.0727936
vn -0.018574 0 -0.0173254
v -0.354233 -0.279918 0.0739969
vn -0.018574 0 -0.0173254
v -0.354233 -0.279918 0.0739969
vn 0.018574 0 0.0173254
v -0.360956 -0.271516 0.0727936
vn 0.018574 0 0.0173254
v -0.309969 -0.245075 0.0699746
vn 0.018574 0 0.0173254
v -0.353382 -0.279556 0.0864989
vn 0.0224252 0 0.0119277
v -0.353382 -0.279556 0.0864989
vn -0.0224252 -0 -0.0119277
v -0.316692 -0.236673 0.0687713
vn -0 -0.0254 -0
v -0.336789 -0.214453 0.0400843
vn -0 -0.0254 -0
v -0.382655 -0.248494 0.0334274
vn -0.0173254 0 0.018574
v -0.382655 -0.248494 0.0334274
vn 0.0173254 0 -0.018574
v -0.390394 -0.238635 0.033668
vn -0.0173254 0 0.018574
v -0.390394 -0.238635 0.033668
vn 0.0173254 0 -0.018574
v -0.34613 -0.203792 0.0296457
vn -0 -0.0254 -0
v -0.381054 -0.249296 0.0441066
vn 0 0.0254 0
v -0.381054 -0.249296 0.0441066
vn -0 -0.0254 -0
v -0.316692 -0.236673 0.0687713
vn -0.018574 0 -0.0173254
v -0.316692 -0.236673 0.0687713
vn 0.018574 0 0.0173254
v -0.353382 -0.279556 0.0864989
vn 0.018574 0 0.0173254
v -0.317873 -0.233772 0.0809099
vn 0.018574 0 0.0173254
v -0.309118 -0.244713 0.0824766
vn 0.018574 0 0.0173254
v -0.309118 -0.244713 0.0824766
vn -0.018574 0 -0.0173254
v -0.317873 -0.233772 0.0809099
vn -0.018574 0 -0.0173254
v -0.353382 -0.279556 0.0864989
vn -0.018574 0 -0.0173254
v -0.317873 -0.233772 0.0809099
vn -0 -0.0254 -0
v -0.362137 -0.268614 0.0849321
vn 0 0.0254 0
v -0.362137 -0.268614 0.0849321
vn -0 -0.0254 -0
v -0.336789 -0.214453 0.0400843
vn -0.0119277 0 0.0224252
v -0.382655 -0.248494 0.0334274
vn -0.0119277 0 0.0224252
v -0.33839 -0.213652 0.0294051
vn -0.0119277 0 0.0224252
v -0.33839 -0.213652 0.0294051
vn 0.0119277 0 -0.0224252
v -0.382655 -0.248494 0.0334274
vn 0.0119277 0 -0.0224252
v -0.336789 -0.214453 0.0400843
vn 0.0119277 0 -0.0224252
v -0.344044 -0.204836 0.0435531
vn -0.0119277 0 0.0224252
v -0.390394 -0.238635 0.033668
vn -0.0119277 0 0.0224252
v -0.34613 -0.203792 0.0296457
vn -0.0119277 0 0.0224252
v -0.34613 -0.203792 0.0296457
vn 0.0119277 0 -0.0224252
v -0.390394 -0.238635 0.033668
vn 0.0119277 0 -0.0224252
v -0.344044 -0.204836 0.0435531
vn 0.0119277 0 -0.0224252
v -0.390394 -0.238635 0.033668
vn 0 0.0254 0
v -0.390394 -0.238635 0.033668
vn -0 -0.0254 -0
v -0.333552 -0.217423 0.0499823
vn -0 -0.0254 -0
v -0.381054 -0.249296 0.0441066
vn -0.0119277 0 0.0224252
v -0.381054 -0.249296 0.0441066
vn 0.0119277 0 -0.0224252
v -0.367414 -0.263767 0.0688534
vn 0 0.0254 0
v -0.367414 -0.263767 0.0688534
vn -0 -0.0254 -0
v -0.323149 -0.228925 0.0648311
vn -0.0134569 0 -0.0215423
v -0.360956 -0.271516 0.0727936
vn -0.0134569 0 -0.0215423
v -0.316692 -0.236673 0.0687713
vn -0.0134569 0 -0.0215423
v -0.316692 -0.236673 0.0687713
vn 0.0134569 0 0.0215423
v -0.360956 -0.271516 0.0727936
vn 0.0134569 0 0.0215423
v -0.323149 -0.228925 0.0648311
vn 0.0134569 0 0.0215423
v -0.362137 -0.268614 0.0849321
vn 0.018574 0 0.0173254
v -0.362137 -0.268614 0.0849321
vn -0.018574 0 -0.0173254
v -0.323149 -0.228925 0.0648311
vn -0 -0.0254 -0
v -0.388309 -0.239678 0.0475754
vn -0.0119277 0 0.0224252
v -0.388309 -0.239678 0.0475754
vn 0.0119277 0 -0.0224252
v -0.326282 -0.223681 0.0757785
vn -0 -0.0254 -0
v -0.344044 -0.204836 0.0435531
vn -0 -0.0254 -0
v -0.377817 -0.252265 0.0540046
vn 0 0.0254 0
v -0.377817 -0.252265 0.0540046
vn -0 -0.0254 -0
v -0.336789 -0.214453 0.0400843
vn 0.00571724 0 -0.0247482
v -0.377817 -0.252265 0.0540046
vn 0.00571724 0 -0.0247482
v -0.333552 -0.217423 0.0499823
vn 0.00571724 0 -0.0247482
v -0.333552 -0.217423 0.0499823
vn -0.00571724 0 0.0247482
v -0.377817 -0.252265 0.0540046
vn -0.00571724 0 0.0247482
v -0.336789 -0.214453 0.0400843
vn -0.00571724 0 0.0247482
v -0.381054 -0.249296 0.0441066
vn 0.00571724 0 -0.0247482
v -0.381054 -0.249296 0.0441066
vn -0.00571724 0 0.0247482
v -0.373164 -0.257202 0.0624449
vn 0 0.0254 0
v -0.373164 -0.257202 0.0624449
vn -0 -0.0254 -0
v -0.367414 -0.263767 0.0688534
vn -0.0134569 0 -0.0215423
v -0.367414 -0.263767 0.0688534
vn 0.0134569 0 0.0215423
v -0.370546 -0.258524 0.0798008
vn 0.0134569 0 0.0215423
v -0.317873 -0.233772 0.0809099
vn 0.0134569 0 0.0215423
v -0.362137 -0.268614 0.0849321
vn 0.0134569 0 0.0215423
v -0.362137 -0.268614 0.0849321
vn -0.0134569 0 -0.0215423
v -0.317873 -0.233772 0.0809099
vn -0.0134569 0 -0.0215423
v -0.370546 -0.258524 0.0798008
vn -0.0134569 0 -0.0215423
v -0.328899 -0.222359 0.0584226
vn -0 -0.0254 -0
v -0.339829 -0.208703 0.0564413
vn -0.00571724 0 0.0247482
v -0.388309 -0.239678 0.0475754
vn -0.00571724 0 0.0247482
v -0.344044 -0.204836 0.0435531
vn -0.00571724 0 0.0247482
v -0.344044 -0.204836 0.0435531
vn 0.00571724 0 -0.0247482
v -0.388309 -0.239678 0.0475754
vn 0.00571724 0 -0.0247482
v -0.339829 -0.208703 0.0564413
vn 0.00571724 0 -0.0247482
v -0.370546 -0.258524 0.0798008
vn 0 0.0254 0
v -0.388309 -0.239678 0.0475754
vn 0 0.0254 0
v -0.388309 -0.239678 0.0475754
vn -0 -0.0254 -0
v -0.370546 -0.258524 0.0798008
vn -0 -0.0254 -0
v -0.33377 -0.215131 0.0674334
vn -0 -0.0254 -0
v -0.328899 -0.222359 0.0584226
vn 0.000882879 0 0.0253847
v -0.377817 -0.252265 0.0540046
vn 0.000882879 0 0.0253847
v -0.333552 -0.217423 0.0499823
vn 0.000882879 0 0.0253847
v -0.333552 -0.217423 0.0499823
vn -0.000882879 -0 -0.0253847
v -0.377817 -0.252265 0.0540046
vn -0.000882879 -0 -0.0253847
v -0.328899 -0.222359 0.0584226
vn -0.000882879 -0 -0.0253847
v -0.373164 -0.257202 0.0624449
vn 0.00742282 0 0.0242912
v -0.323149 -0.228925 0.0648311
vn 0.00742282 0 0.0242912
v -0.367414 -0.263767 0.0688534
vn 0.00742282 0 0.0242912
v -0.367414 -0.263767 0.0688534
vn -0.00742282 -0 -0.0242912
v -0.323149 -0.228925 0.0648311
vn -0.00742282 -0 -0.0242912
v -0.373164 -0.257202 0.0624449
vn -0.00742282 -0 -0.0242912
v -0.326282 -0.223681 0.0757785
vn 0.0134569 0 0.0215423
v -0.326282 -0.223681 0.0757785
vn -0.0134569 0 -0.0215423
v -0.328899 -0.222359 0.0584226
vn 0.00742282 0 0.0242912
v -0.328899 -0.222359 0.0584226
vn -0.00742282 -0 -0.0242912
v -0.384093 -0.243546 0.0604636
vn -0.00571724 0 0.0247482
v -0.384093 -0.243546 0.0604636
vn 0.00571724 0 -0.0247482
v -0.339829 -0.208703 0.0564413
vn -0 -0.0254 -0
v -0.378035 -0.249974 0.0714556
vn 0 0.0254 0
v -0.378035 -0.249974 0.0714556
vn -0 -0.0254 -0
v -0.326282 -0.223681 0.0757785
vn 0.00742282 0 0.0242912
v -0.378035 -0.249974 0.0714556
vn 0.00742282 0 0.0242912
v -0.33377 -0.215131 0.0674334
vn 0.00742282 0 0.0242912
v -0.33377 -0.215131 0.0674334
vn -0.00742282 -0 -0.0242912
v -0.378035 -0.249974 0.0714556
vn -0.00742282 -0 -0.0242912
v -0.326282 -0.223681 0.0757785
vn -0.00742282 -0 -0.0242912
v -0.373164 -0.257202 0.0624449
vn 0.000882879 0 0.0253847
v -0.373164 -0.257202 0.0624449
vn -0.000882879 -0 -0.0253847
v -0.370546 -0.258524 0.0798008
vn 0.00742282 0 0.0242912
v -0.370546 -0.258524 0.0798008
vn -0.00742282 -0 -0.0242912
v -0.33377 -0.215131 0.0674334
vn 0.000882879 0 0.0253847
v -0.384093 -0.243546 0.0604636
vn 0.000882879 0 0.0253847
v -0.339829 -0.208703 0.0564413
vn 0.000882879 0 0.0253847
v -0.339829 -0.208703 0.0564413
vn -0.000882879 -0 -0.0253847
v -0.384093 -0.243546 0.0604636
vn -0.000882879 -0 -0.0253847
v -0.33377 -0.215131 0.0674334
vn -0.000882879 -0 -0.0253847
v -0.384093 -0.243546 0.0604636
vn 0 0.0254 0
v -0.384093 -0.243546 0.0604636
vn -0 -0.0254 -0
v -0.378035 -0.249974 0.0714556
vn 0.000882879 0 0.0253847
v -0.378035 -0.249974 0.0714556
vn -0.000882879 -0 -0.0253847
v 0.371776 0.245787 -0.069841
vn -0.0148414 0 0.0206129
v 0.379198 0.234772 -0.0835719
vn -0.00754085 0 0.0242548
v 0.393952 0.246386 -0.0849127
vn -0.00754085 0 0.0242548
v 0.393952 0.246386 -0.0849127
vn 0.00754085 0 -0.0242548
v 0.379198 0.234772 -0.0835719
vn 0.00754085 0 -0.0242548
v 0.371776 0.245787 -0.069841
vn 0.0148414 0 -0.0206129
v 0.377724 0.239475 -0.0590508
vn -0.0196707 0 0.0160693
v 0.387288 0.226189 -0.0688936
vn -0.0135615 0 0.0214766
v 0.402043 0.237803 -0.0702344
vn -0.0135615 0 0.0214766
v 0.402043 0.237803 -0.0702344
vn 0.0135615 0 -0.0214766
v 0.387288 0.226189 -0.0688936
vn 0.0135615 0 -0.0214766
v 0.377724 0.239475 -0.0590508
vn 0.0196707 0 -0.0160693
v 0.357021 0.234172 -0.0685003
vn -0.0148414 0 0.0206129
v 0.357021 0.234172 -0.0685003
vn 0.0148414 0 -0.0206129
v 0.362969 0.227861 -0.0577101
vn -0.0196707 0 0.0160693
v 0.362969 0.227861 -0.0577101
vn 0.0196707 0 -0.0160693
v 0.383909 0.234655 -0.0327459
vn -0.02507 0 0.00408102
v 0.395702 0.21963 -0.0331131
vn -0.0224829 0 0.0118186
v 0.410457 0.231244 -0.0344538
vn -0.0224829 0 0.0118186
v 0.410457 0.231244 -0.0344538
vn 0.0224829 0 -0.0118186
v 0.395702 0.21963 -0.0331131
vn 0.0224829 0 -0.0118186
v 0.383909 0.234655 -0.0327459
vn 0.02507 0 -0.00408102
v 0.381323 0.241008 -0.00616751
vn -0.0237518 0 -0.00900072
v 0.392184 0.228273 0.00303941
vn -0.0253801 0 -0.0010063
v 0.406939 0.239887 0.00169868
vn -0.0253801 0 -0.0010063
v 0.406939 0.239887 0.00169868
vn 0.0253801 0 0.0010063
v 0.392184 0.228273 0.00303941
vn 0.0253801 0 0.0010063
v 0.381323 0.241008 -0.00616751
vn 0.0237518 0 0.00900072
v 0.383725 0.236472 -0.019024
vn -0.025272 0 -0.00254663
v 0.395452 0.222103 -0.0144482
vn -0.0247757 0 0.00559684
v 0.410206 0.233717 -0.0157889
vn -0.0247757 0 0.00559684
v 0.410206 0.233717 -0.0157889
vn 0.0247757 0 -0.00559684
v 0.395452 0.222103 -0.0144482
vn 0.0247757 0 -0.00559684
v 0.383725 0.236472 -0.019024
vn 0.025272 0 0.00254663
v 0.381862 0.235679 -0.046398
vn -0.0231595 0 0.0104306
v 0.392917 0.221024 -0.0516838
vn -0.018658 0 0.0172349
v 0.407672 0.232638 -0.0530246
vn -0.018658 0 0.0172349
v 0.407672 0.232638 -0.0530246
vn 0.018658 0 -0.0172349
v 0.392917 0.221024 -0.0516838
vn 0.018658 0 -0.0172349
v 0.381862 0.235679 -0.046398
vn 0.0231595 0 -0.0104306
v 0.364424 0.25418 -0.0780336
vn -0.00900072 0 0.0237518
v 0.369198 0.24619 -0.0947163
vn -0.0010063 0 0.0253801
v 0.383952 0.257804 -0.096057
vn -0.0010063 0 0.0253801
v 0.383952 0.257804 -0.096057
vn 0.0010063 0 -0.0253801
v 0.369198 0.24619 -0.0947163
vn 0.0010063 0 -0.0253801
v 0.364424 0.25418 -0.0780336
vn 0.00900072 0 -0.0237518
v 0.351016 0.243083 -0.0573909
vn -0.00754085 0 0.0242548
v 0.351016 0.243083 -0.0573909
vn 0.00754085 0 -0.0242548
v 0.35523 0.238612 -0.0497458
vn -0.0135615 0 0.0214766
v 0.35523 0.238612 -0.0497458
vn 0.0135615 0 -0.0214766
v 0.369154 0.223041 -0.0314052
vn -0.02507 0 0.00408102
v 0.369154 0.223041 -0.0314052
vn 0.02507 0 -0.00408102
v 0.376867 0.247953 0.00494705
vn -0.0206129 -0 -0.0148414
v 0.386122 0.23772 0.0181581
vn -0.0242548 0 -0.00754085
v 0.400876 0.249334 0.0168174
vn -0.0242548 0 -0.00754085
v 0.400876 0.249334 0.0168174
vn 0.0242548 0 0.00754085
v 0.386122 0.23772 0.0181581
vn 0.0242548 0 0.00754085
v 0.376867 0.247953 0.00494705
vn 0.0206129 0 0.0148414
v 0.366568 0.229394 -0.00482677
vn -0.0237518 0 -0.00900072
v 0.366568 0.229394 -0.00482677
vn 0.0237518 0 0.00900072
v 0.368971 0.224858 -0.0176833
vn -0.025272 0 -0.00254663
v 0.368971 0.224858 -0.0176833
vn 0.025272 0 0.00254663
v 0.367108 0.224065 -0.0450573
vn -0.0231595 0 0.0104306
v 0.367108 0.224065 -0.0450573
vn 0.0231595 0 -0.0104306
v 0.358163 0.235922 -0.0407806
vn -0.018658 0 0.0172349
v 0.358163 0.235922 -0.0407806
vn 0.018658 0 -0.0172349
v 0.370659 0.256834 0.0135624
vn -0.0160693 -0 -0.0196707
v 0.377678 0.2498 0.0298778
vn -0.0214766 0 -0.0135615
v 0.392432 0.261414 0.028537
vn -0.0214766 0 -0.0135615
v 0.392432 0.261414 0.028537
vn 0.0214766 0 0.0135615
v 0.377678 0.2498 0.0298778
vn 0.0214766 0 0.0135615
v 0.370659 0.256834 0.0135624
vn 0.0160693 0 0.0196707
v 0.34967 0.242566 -0.0766929
vn -0.00900072 0 0.0237518
v 0.34967 0.242566 -0.0766929
vn 0.00900072 0 -0.0237518
v 0.35617 0.264085 -0.0830711
vn -0.00254663 0 0.025272
v 0.357969 0.259664 -0.101568
vn 0.00559684 0 0.0247757
v 0.372724 0.271278 -0.102909
vn 0.00559684 0 0.0247757
v 0.372724 0.271278 -0.102909
vn -0.00559684 -0 -0.0247757
v 0.357969 0.259664 -0.101568
vn -0.00559684 -0 -0.0247757
v 0.35617 0.264085 -0.0830711
vn 0.00254663 0 -0.025272
v 0.336262 0.231469 -0.0560502
vn -0.00754085 0 0.0242548
v 0.336262 0.231469 -0.0560502
vn 0.00754085 0 -0.0242548
v 0.340476 0.226998 -0.0484051
vn -0.0135615 0 0.0214766
v 0.340476 0.226998 -0.0484051
vn 0.0135615 0 -0.0214766
v 0.359613 0.235197 -0.0311077
vn -0.0224829 0 0.0118186
v 0.359613 0.235197 -0.0311077
vn 0.0224829 0 -0.0118186
v 0.362112 0.236338 0.00628778
vn -0.0206129 -0 -0.0148414
v 0.362112 0.236338 0.00628778
vn 0.0206129 0 0.0148414
v 0.357781 0.239698 -0.0122764
vn -0.0253801 0 -0.0010063
v 0.357781 0.239698 -0.0122764
vn 0.0253801 0 0.0010063
v 0.359482 0.236484 -0.0213857
vn -0.0247757 0 0.00559684
v 0.359482 0.236484 -0.0213857
vn 0.0247757 0 -0.00559684
v 0.343408 0.224308 -0.0394398
vn -0.018658 0 0.0172349
v 0.343408 0.224308 -0.0394398
vn 0.018658 0 -0.0172349
v 0.363123 0.267045 0.0190915
vn -0.0104306 -0 -0.0231595
v 0.367428 0.26369 0.0373977
vn -0.0172349 -0 -0.018658
v 0.382182 0.275304 0.0360569
vn -0.0172349 -0 -0.018658
v 0.382182 0.275304 0.0360569
vn 0.0172349 0 0.018658
v 0.367428 0.26369 0.0373977
vn 0.0172349 0 0.018658
v 0.363123 0.267045 0.0190915
vn 0.0104306 0 0.0231595
v 0.355904 0.24522 0.0149032
vn -0.0160693 -0 -0.0196707
v 0.355904 0.24522 0.0149032
vn 0.0160693 0 0.0196707
v 0.345808 0.24903 -0.063196
vn -0.0010063 0 0.0253801
v 0.345808 0.24903 -0.063196
vn 0.0010063 0 -0.0253801
v 0.341415 0.252471 -0.0817304
vn -0.00254663 0 0.025272
v 0.341415 0.252471 -0.0817304
vn 0.00254663 0 -0.025272
v 0.33282 0.263213 -0.083268
vn 0.025034 0 -0.00429628
v 0.361032 0.285889 -0.105001
vn 0.0251047 0 0.00386199
v 0.346278 0.274275 -0.10366
vn 0.0251047 0 0.00386199
v 0.346278 0.274275 -0.10366
vn -0.0251047 0 -0.00386199
v 0.361032 0.285889 -0.105001
vn -0.0251047 0 -0.00386199
v 0.33282 0.263213 -0.083268
vn -0.025034 0 0.00429628
v 0.347574 0.274827 -0.0846088
vn 0.025034 0 -0.00429628
v 0.347574 0.274827 -0.0846088
vn -0.025034 0 0.00429628
v 0.331053 0.237416 -0.0618553
vn -0.0010063 0 0.0253801
v 0.331053 0.237416 -0.0618553
vn 0.0010063 0 -0.0253801
v 0.344858 0.223583 -0.029767
vn -0.0224829 0 0.0118186
v 0.344858 0.223583 -0.029767
vn 0.0224829 0 -0.0118186
v 0.354623 0.244618 -0.0044017
vn -0.0242548 0 -0.00754085
v 0.354623 0.244618 -0.0044017
vn 0.0242548 0 0.00754085
v 0.343026 0.228084 -0.0109357
vn -0.0253801 0 -0.0010063
v 0.343026 0.228084 -0.0109357
vn 0.0253801 0 0.0010063
v 0.344728 0.22487 -0.0200449
vn -0.0247757 0 0.00559684
v 0.344728 0.22487 -0.0200449
vn 0.0247757 0 -0.00559684
v 0.354773 0.277892 0.0211572
vn -0.00408102 0 -0.02507
v 0.35607 0.278443 0.0402084
vn -0.0118186 0 -0.0224829
v 0.370824 0.290058 0.0388676
vn -0.0118186 0 -0.0224829
v 0.370824 0.290058 0.0388676
vn 0.0118186 0 0.0224829
v 0.35607 0.278443 0.0402084
vn 0.0118186 0 0.0224829
v 0.354773 0.277892 0.0211572
vn 0.00408102 0 0.02507
v 0.348368 0.255431 0.0204322
vn -0.0104306 -0 -0.0231595
v 0.348368 0.255431 0.0204322
vn 0.0104306 0 0.0231595
v 0.350224 0.250911 0.00170302
vn -0.0214766 0 -0.0135615
v 0.350224 0.250911 0.00170302
vn 0.0214766 0 0.0135615
v 0.339959 0.256049 -0.0667642
vn 0.00559684 0 0.0247757
v 0.339959 0.256049 -0.0667642
vn -0.00559684 -0 -0.0247757
v 0.339224 0.285674 -0.082543
vn 0.0104306 0 0.0231595
v 0.33492 0.289029 -0.10085
vn 0.0172349 0 0.018658
v 0.349675 0.300643 -0.102191
vn 0.0172349 0 0.018658
v 0.349675 0.300643 -0.102191
vn -0.0172349 -0 -0.018658
v 0.33492 0.289029 -0.10085
vn -0.0172349 -0 -0.018658
v 0.339224 0.285674 -0.082543
vn -0.0104306 -0 -0.0231595
v 0.319115 0.252045 -0.0665132
vn 0.0251047 0 0.00386199
v 0.319115 0.252045 -0.0665132
vn -0.0251047 0 -0.00386199
v 0.339869 0.233004 -0.00306096
vn -0.0242548 0 -0.00754085
v 0.339869 0.233004 -0.00306096
vn 0.0242548 0 0.00754085
v 0.346178 0.288633 0.019619
vn 0.00254663 0 -0.025272
v 0.344379 0.293055 0.0381159
vn -0.00559684 -0 -0.0247757
v 0.359133 0.304669 0.0367751
vn -0.00559684 -0 -0.0247757
v 0.359133 0.304669 0.0367751
vn 0.00559684 0 0.0247757
v 0.344379 0.293055 0.0381159
vn 0.00559684 0 0.0247757
v 0.346178 0.288633 0.019619
vn -0.00254663 0 0.025272
v 0.340018 0.266278 0.022498
vn -0.00408102 0 -0.02507
v 0.340018 0.266278 0.022498
vn 0.00408102 0 0.02507
v 0.344885 0.258146 0.00561995
vn -0.0172349 -0 -0.018658
v 0.344885 0.258146 0.00561995
vn 0.0172349 0 0.018658
v 0.338969 0.265831 0.00708331
vn -0.0118186 0 -0.0224829
v 0.338969 0.265831 0.00708331
vn 0.0118186 0 0.0224829
v 0.33547 0.239297 0.00304375
vn -0.0214766 0 -0.0135615
v 0.33547 0.239297 0.00304375
vn 0.0214766 0 0.0135615
v 0.325204 0.244435 -0.0654234
vn 0.00559684 0 0.0247757
v 0.325204 0.244435 -0.0654234
vn -0.00559684 -0 -0.0247757
v 0.32447 0.27406 -0.0812023
vn 0.0104306 0 0.0231595
v 0.32447 0.27406 -0.0812023
vn -0.0104306 -0 -0.0231595
v 0.333869 0.263659 -0.067854
vn 0.0251047 0 0.00386199
v 0.333869 0.263659 -0.067854
vn -0.0251047 0 -0.00386199
v 0.316934 0.284271 -0.0756738
vn 0.019532 0 -0.0162377
v 0.339424 0.314533 -0.09467
vn 0.0236723 0 -0.00920775
v 0.324669 0.302919 -0.0933293
vn 0.0236723 0 -0.00920775
v 0.324669 0.302919 -0.0933293
vn -0.0236723 0 0.00920775
v 0.339424 0.314533 -0.09467
vn -0.0236723 0 0.00920775
v 0.316934 0.284271 -0.0756738
vn -0.019532 0 0.0162377
v 0.331689 0.295885 -0.0770146
vn 0.019532 0 -0.0162377
v 0.331689 0.295885 -0.0770146
vn -0.019532 0 0.0162377
v 0.337924 0.298538 0.0145823
vn 0.00900072 0 -0.0237518
v 0.33315 0.306528 0.0312642
vn 0.0010063 0 -0.0253801
v 0.347905 0.318142 0.0299234
vn 0.0010063 0 -0.0253801
v 0.347905 0.318142 0.0299234
vn -0.0010063 0 0.0253801
v 0.33315 0.306528 0.0312642
vn -0.0010063 0 0.0253801
v 0.337924 0.298538 0.0145823
vn -0.00900072 0 0.0237518
v 0.331424 0.277019 0.0209597
vn 0.00254663 0 -0.025272
v 0.331424 0.277019 0.0209597
vn -0.00254663 0 0.025272
v 0.332879 0.273442 0.00599412
vn -0.00559684 -0 -0.0247757
v 0.332879 0.273442 0.00599412
vn 0.00559684 0 0.0247757
v 0.330131 0.246532 0.00696068
vn -0.0172349 -0 -0.018658
v 0.330131 0.246532 0.00696068
vn 0.0172349 0 0.018658
v 0.324215 0.254217 0.00842405
vn -0.0118186 0 -0.0224829
v 0.324215 0.254217 0.00842405
vn 0.0118186 0 0.0224829
v 0.327953 0.271344 -0.0663906
vn 0.0172349 0 0.018658
v 0.327953 0.271344 -0.0663906
vn -0.0172349 -0 -0.018658
v 0.307859 0.266966 -0.0611323
vn 0.0236723 0 -0.00920775
v 0.322614 0.27858 -0.0624731
vn 0.0236723 0 -0.00920775
v 0.322614 0.27858 -0.0624731
vn -0.0236723 0 0.00920775
v 0.307859 0.266966 -0.0611323
vn -0.0236723 0 0.00920775
v 0.325481 0.304766 -0.0683992
vn 0.0206129 0 0.0148414
v 0.316226 0.314999 -0.0816103
vn 0.0242548 0 0.00754085
v 0.33098 0.326613 -0.082951
vn 0.0242548 0 0.00754085
v 0.33098 0.326613 -0.082951
vn -0.0242548 0 -0.00754085
v 0.316226 0.314999 -0.0816103
vn -0.0242548 0 -0.00754085
v 0.325481 0.304766 -0.0683992
vn -0.0206129 -0 -0.0148414
v 0.321024 0.311711 -0.057284
vn 0.0237518 0 0.00900072
v 0.310164 0.324446 -0.0664915
vn 0.0253801 0 0.0010063
v 0.324918 0.33606 -0.0678323
vn 0.0253801 0 0.0010063
v 0.324918 0.33606 -0.0678323
vn -0.0253801 0 -0.0010063
v 0.310164 0.324446 -0.0664915
vn -0.0253801 0 -0.0010063
v 0.321024 0.311711 -0.057284
vn -0.0237518 0 -0.00900072
v 0.330572 0.306933 0.00638946
vn 0.0148414 0 -0.0206129
v 0.32315 0.317946 0.0201198
vn 0.00754085 0 -0.0242548
v 0.337904 0.32956 0.0187791
vn 0.00754085 0 -0.0242548
v 0.337904 0.32956 0.0187791
vn -0.00754085 0 0.0242548
v 0.32315 0.317946 0.0201198
vn -0.00754085 0 0.0242548
v 0.330572 0.306933 0.00638946
vn -0.0148414 0 0.0206129
v 0.323169 0.286924 0.015923
vn 0.00900072 0 -0.0237518
v 0.323169 0.286924 0.015923
vn -0.00900072 0 0.0237518
v 0.318125 0.261828 0.00733486
vn -0.00559684 -0 -0.0247757
v 0.318125 0.261828 0.00733486
vn 0.00559684 0 0.0247757
v 0.313199 0.25973 -0.0650499
vn 0.0172349 0 0.018658
v 0.313199 0.25973 -0.0650499
vn -0.0172349 -0 -0.018658
v 0.310727 0.293152 -0.0670584
vn 0.0206129 0 0.0148414
v 0.310727 0.293152 -0.0670584
vn -0.0206129 -0 -0.0148414
v 0.30627 0.300097 -0.0559433
vn 0.0237518 0 0.00900072
v 0.30627 0.300097 -0.0559433
vn -0.0237518 0 -0.00900072
v 0.318623 0.316246 -0.0444281
vn 0.025272 0 0.00254663
v 0.306896 0.330616 -0.0490039
vn 0.0247757 0 -0.00559684
v 0.321651 0.34223 -0.0503447
vn 0.0247757 0 -0.00559684
v 0.321651 0.34223 -0.0503447
vn -0.0247757 0 0.00559684
v 0.306896 0.330616 -0.0490039
vn -0.0247757 0 0.00559684
v 0.318623 0.316246 -0.0444281
vn -0.025272 0 -0.00254663
v 0.324624 0.313243 -0.00440134
vn 0.0196707 0 -0.0160693
v 0.31506 0.32653 0.00544289
vn 0.0135615 0 -0.0214766
v 0.329814 0.338144 0.00410215
vn 0.0135615 0 -0.0214766
v 0.329814 0.338144 0.00410215
vn -0.0135615 0 0.0214766
v 0.31506 0.32653 0.00544289
vn -0.0135615 0 0.0214766
v 0.324624 0.313243 -0.00440134
vn -0.0196707 0 0.0160693
v 0.315817 0.295318 0.0077302
vn 0.0148414 0 -0.0206129
v 0.315817 0.295318 0.0077302
vn -0.0148414 0 0.0206129
v 0.327031 0.28046 0.00242539
vn 0.0010063 0 -0.0253801
v 0.327031 0.28046 0.00242539
vn -0.0010063 0 0.0253801
v 0.318215 0.284872 -0.056369
vn 0.0242548 0 0.00754085
v 0.318215 0.284872 -0.056369
vn -0.0242548 0 -0.00754085
v 0.315058 0.289793 -0.0484942
vn 0.0253801 0 0.0010063
v 0.315058 0.289793 -0.0484942
vn -0.0253801 0 -0.0010063
v 0.303868 0.304632 -0.0430874
vn 0.025272 0 0.00254663
v 0.303868 0.304632 -0.0430874
vn -0.025272 0 -0.00254663
v 0.318438 0.318064 -0.0307056
vn 0.02507 0 -0.00408102
v 0.306646 0.333088 -0.0303391
vn 0.0224829 0 -0.0118186
v 0.3214 0.344702 -0.0316798
vn 0.0224829 0 -0.0118186
v 0.3214 0.344702 -0.0316798
vn -0.0224829 0 0.0118186
v 0.306646 0.333088 -0.0303391
vn -0.0224829 0 0.0118186
v 0.318438 0.318064 -0.0307056
vn -0.02507 0 0.00408102
v 0.309869 0.301629 -0.0030606
vn 0.0196707 0 -0.0160693
v 0.309869 0.301629 -0.0030606
vn -0.0196707 0 0.0160693
v 0.321822 0.286407 -0.00337973
vn 0.00754085 0 -0.0242548
v 0.321822 0.286407 -0.00337973
vn -0.00754085 0 0.0242548
v 0.317608 0.290878 -0.0110248
vn 0.0135615 0 -0.0214766
v 0.317608 0.290878 -0.0110248
vn -0.0135615 0 0.0214766
v 0.312276 0.268846 0.00376612
vn 0.0010063 0 -0.0253801
v 0.312276 0.268846 0.00376612
vn -0.0010063 0 0.0253801
v 0.303461 0.273258 -0.0550282
vn 0.0242548 0 0.00754085
v 0.303461 0.273258 -0.0550282
vn -0.0242548 0 -0.00754085
v 0.313356 0.293007 -0.0393844
vn 0.0247757 0 -0.00559684
v 0.313356 0.293007 -0.0393844
vn -0.0247757 0 0.00559684
v 0.300303 0.278179 -0.0471535
vn 0.0253801 0 0.0010063
v 0.300303 0.278179 -0.0471535
vn -0.0253801 0 -0.0010063
v 0.313225 0.294294 -0.0296624
vn 0.0224829 0 -0.0118186
v 0.303684 0.30645 -0.0293649
vn 0.02507 0 -0.00408102
v 0.303684 0.30645 -0.0293649
vn -0.02507 0 0.00408102
v 0.313225 0.294294 -0.0296624
vn -0.0224829 0 0.0118186
v 0.320485 0.31704 -0.0170541
vn 0.0231595 0 -0.0104306
v 0.30943 0.331694 -0.0117683
vn 0.018658 0 -0.0172349
v 0.324185 0.343308 -0.013109
vn 0.018658 0 -0.0172349
v 0.324185 0.343308 -0.013109
vn -0.018658 0 0.0172349
v 0.30943 0.331694 -0.0117683
vn -0.018658 0 0.0172349
v 0.320485 0.31704 -0.0170541
vn -0.0231595 0 0.0104306
v 0.307068 0.274793 -0.00203899
vn 0.00754085 0 -0.0242548
v 0.307068 0.274793 -0.00203899
vn -0.00754085 0 0.0242548
v 0.302854 0.279264 -0.00968407
vn 0.0135615 0 -0.0214766
v 0.302854 0.279264 -0.00968407
vn -0.0135615 0 0.0214766
v 0.305731 0.305426 -0.0157134
vn 0.0231595 0 -0.0104306
v 0.305731 0.305426 -0.0157134
vn -0.0231595 0 0.0104306
v 0.298471 0.28268 -0.0283216
vn 0.0224829 0 -0.0118186
v 0.298471 0.28268 -0.0283216
vn -0.0224829 0 0.0118186
v 0.298601 0.281393 -0.0380437
vn 0.0247757 0 -0.00559684
v 0.298601 0.281393 -0.0380437
vn -0.0247757 0 0.00559684
v 0.314676 0.293568 -0.0199901
vn 0.018658 0 -0.0172349
v 0.314676 0.293568 -0.0199901
vn -0.018658 0 0.0172349
v 0.299921 0.281954 -0.0186494
vn 0.018658 0 -0.0172349
v 0.299921 0.281954 -0.0186494
vn -0.018658 0 0.0172349
f 1//1 2//2 3//3
f 2//2 1//1 4//4
f 5//5 6//6 7//7
f 8//8 7//7 6//6
f 9//9 10//10 11//11
f 12//12 13//13 14//14
f 15//15 16//16 17//17
f 18//18 19//19 20//20
f 21//21 22//22 23//23
f 24//24 25//25 26//26
f 27//27 28//28 29//29
f 30//30 31//31 32//32
f 33//33 34//34 35//35
f 36//36 37//37 38//38
f 39//39 40//40 41//41
f 42//42 43//43 44//44
f 2//2 4//4 45//45
f 46//46 8//8 6//6
f 10//10 9//9 47//47
f 48//48 14//14 13//13
f 16//16 15//15 49//49
f 50//50 20//20 19//19
f 51//51 52//52 53//53
f 54//54 55//55 56//56
f 22//22 21//21 57//57
f 58//58 26//26 25//25
f 28//28 27//27 59//59
f 60//60 32//32 31//31
f 40//40 39//39 61//61
f 62//62 44//44 43//43
f 34//34 33//33 63//63
f 64//64 38//38 37//37
f 65//65 66//66 67//67
f 68//68 69//69 70//70
f 45//45 4//4 71//71
f 72//72 8//8 46//46
f 73//73 74//74 75//75
f 76//76 77//77 78//78
f 52//52 51//51 79//79
f 80//80 56//56 55//55
f 81//81 82//82 83//83
f 84//84 85//85 86//86
f 87//87 88//88 89//89
f 90//90 91//91 92//92
f 93//93 94//94 95//95
f 96//96 97//97 98//98
f 99//99 100//100 101//101
f 102//102 103//103 104//104
f 105//105 106//106 107//107
f 108//108 109//109 110//110
f 100//100 111//111 112//112
f 113//113 114//114 103//103
f 115//115 116//116 117//117
f 118//118 119//119 120//120
f 121//121 122//122 123//123
f 124//124 125//125 126//126
f 127//127 128//128 129//129
f 130//130 131//131 132//132
f 100//100 99//99 111//111
f 114//114 104//104 103//103
f 133//133 134//134 135//135
f 136//136 137//137 138//138
f 88//88 87//87 139//139
f 140//140 92//92 91//91
f 141//141 142//142 143//143
f 144//144 145//145 146//146
f 66//66 65//65 147//147
f 148//148 70//70 69//69
f 149//149 150//150 151//151
f 152//152 153//153 154//154
f 112//112 111//111 155//155
f 156//156 114//114 113//113
f 71//71 4//4 157//157
f 158//158 8//8 72//72
f 71//71 159//159 45//45
f 46//46 160//160 72//72
f 74//74 73//73 161//161
f 162//162 78//78 77//77
f 163//163 164//164 165//165
f 166//166 167//167 168//168
f 82//82 81//81 169//169
f 170//170 86//86 85//85
f 116//116 115//115 171//171
f 172//172 120//120 119//119
f 94//94 93//93 173//173
f 174//174 98//98 97//97
f 106//106 105//105 175//175
f 176//176 110//110 109//109
f 177//177 178//178 179//179
f 180//180 181//181 182//182
f 134//134 133//133 183//183
f 184//184 138//138 137//137
f 122//122 121//121 185//185
f 186//186 126//126 125//125
f 128//128 127//127 187//187
f 188//188 132//132 131//131
f 150//150 149//149 189//189
f 190//190 154//154 153//153
f 191//191 192//192 193//193
f 194//194 195//195 196//196
f 139//139 87//87 197//197
f 198//198 92//92 140//140
f 142//142 141//141 199//199
f 200//200 146//146 145//145
f 157//157 4//4 201//201
f 202//202 8//8 158//158
f 203//203 204//204 205//205
f 206//206 207//207 208//208
f 209//209 210//210 211//211
f 212//212 213//213 214//214
f 112//112 155//155 215//215
f 216//216 156//156 113//113
f 159//159 71//71 217//217
f 218//218 72//72 160//160
f 219//219 220//220 221//221
f 222//222 223//223 224//224
f 164//164 163//163 225//225
f 226//226 168//168 167//167
f 227//227 228//228 229//229
f 230//230 231//231 232//232
f 178//178 177//177 233//233
f 234//234 182//182 181//181
f 112//112 215//215 235//235
f 236//236 216//216 113//113
f 237//237 238//238 239//239
f 240//240 241//241 242//242
f 243//243 244//244 245//245
f 246//246 247//247 248//248
f 249//249 250//250 251//251
f 252//252 253//253 254//254
f 255//255 256//256 257//257
f 258//258 259//259 260//260
f 250//250 261//261 262//262
f 263//263 264//264 253//253
f 265//265 266//266 267//267
f 268//268 269//269 270//270
f 262//262 271//271 272//272
f 273//273 274//274 263//263
f 238//238 237//237 275//275
f 276//276 242//242 241//241
f 277//277 278//278 279//279
f 280//280 281//281 282//282
f 283//283 284//284 285//285
f 286//286 287//287 288//288
f 250//250 249//249 261//261
f 264//264 254//254 253//253
f 289//289 290//290 291//291
f 292//292 293//293 294//294
f 262//262 261//261 271//271
f 274//274 264//264 263//263
f 192//192 191//191 295//295
f 296//296 196//196 195//195
f 275//275 297//297 298//298
f 299//299 300//300 276//276
f 139//139 197//197 301//301
f 302//302 198//198 140//140
f 303//303 304//304 305//305
f 306//306 307//307 308//308
f 157//157 201//201 309//309
f 310//310 202//202 158//158
f 204//204 203//203 311//311
f 312//312 208//208 207//207
f 210//210 209//209 313//313
f 314//314 214//214 213//213
f 315//315 155//155 316//316
f 317//317 156//156 318//318
f 319//319 320//320 321//321
f 322//322 323//323 324//324
f 325//325 271//271 326//326
f 327//327 274//274 328//328
f 155//155 315//315 215//215
f 216//216 318//318 156//156
f 159//159 217//217 329//329
f 330//330 218//218 160//160
f 220//220 219//219 331//331
f 332//332 224//224 223//223
f 333//333 334//334 335//335
f 336//336 337//337 338//338
f 228//228 227//227 339//339
f 340//340 232//232 231//231
f 341//341 342//342 343//343
f 344//344 345//345 346//346
f 235//235 215//215 347//347
f 348//348 216//216 236//236
f 244//244 243//243 349//349
f 350//350 248//248 247//247
f 256//256 255//255 351//351
f 352//352 260//260 259//259
f 266//266 265//265 353//353
f 354//354 270//270 269//269
f 355//355 356//356 357//357
f 358//358 359//359 360//360
f 272//272 271//271 361//361
f 362//362 274//274 273//273
f 275//275 237//237 297//297
f 300//300 242//242 276//276
f 278//278 277//277 363//363
f 364//364 282//282 281//281
f 284//284 283//283 365//365
f 366//366 288//288 287//287
f 290//290 289//289 367//367
f 368//368 294//294 293//293
f 320//320 319//319 369//369
f 370//370 324//324 323//323
f 371//371 372//372 373//373
f 374//374 375//375 376//376
f 298//298 297//297 377//377
f 378//378 300//300 299//299
f 301//301 197//197 379//379
f 380//380 198//198 302//302
f 304//304 303//303 381//381
f 382//382 308//308 307//307
f 309//309 201//201 383//383
f 384//384 202//202 310//310
f 385//385 386//386 387//387
f 388//388 389//389 390//390
f 391//391 392//392 393//393
f 394//394 395//395 396//396
f 315//315 316//316 397//397
f 398//398 317//317 318//318
f 399//399 400//400 401//401
f 402//402 403//403 404//404
f 361//361 271//271 325//325
f 328//328 274//274 362//362
f 325//325 326//326 405//405
f 406//406 327//327 328//328
f 159//159 329//329 407//407
f 408//408 330//330 160//160
f 409//409 410//410 411//411
f 412//412 413//413 414//414
f 415//415 416//416 417//417
f 418//418 419//419 420//420
f 334//334 333//333 421//421
f 422//422 338//338 337//337
f 159//159 407//407 423//423
f 424//424 408//408 160//160
f 410//410 409//409 425//425
f 426//426 414//414 413//413
f 416//416 415//415 427//427
f 428//428 420//420 419//419
f 342//342 341//341 429//429
f 430//430 346//346 345//345
f 235//235 431//431 432//432
f 433//433 434//434 236//236
f 235//235 347//347 431//431
f 434//434 348//348 236//236
f 435//435 436//436 437//437
f 438//438 436//436 435//435
f 439//439 440//440 438//438
f 356//356 355//355 441//441
f 442//442 360//360 359//359
f 272//272 443//443 444//444
f 445//445 446//446 273//273
f 443//443 272//272 361//361
f 362//362 273//273 446//446
f 437//437 447//447 448//448
f 449//449 448//448 450//450
f 451//451 449//449 450//450
f 452//452 451//451 450//450
f 372//372 371//371 453//453
f 454//454 376//376 375//375
f 301//301 379//379 455//455
f 456//456 380//380 302//302
f 298//298 377//377 457//457
f 458//458 378//378 299//299
f 459//459 460//460 461//461
f 462//462 463//463 464//464
f 309//309 383//383 465//465
f 466//466 384//384 310//310
f 386//386 385//385 467//467
f 468//468 390//390 389//389
f 469//469 316//316 470//470
f 471//471 317//317 472//472
f 392//392 391//391 473//473
f 474//474 396//396 395//395
f 405//405 326//326 475//475
f 476//476 327//327 406//406
f 400//400 399//399 477//477
f 478//478 404//404 403//403
f 397//397 316//316 469//469
f 472//472 317//317 398//398
f 479//479 452//452 480//480
f 481//481 482//482 483//483
f 484//484 485//485 486//486
f 455//455 379//379 487//487
f 488//488 380//380 456//456
f 482//482 481//481 489//489
f 490//490 486//486 485//485
f 491//491 492//492 493//493
f 494//494 495//495 496//496
f 423//423 407//407 497//497
f 498//498 408//408 424//424
f 499//499 500//500 501//501
f 502//502 503//503 504//504
f 505//505 506//506 507//507
f 508//508 509//509 510//510
f 432//432 431//431 511//511
f 512//512 434//434 433//433
f 436//436 513//513 437//437
f 440//440 436//436 438//438
f 514//514 440//440 439//439
f 515//515 516//516 517//517
f 518//518 519//519 520//520
f 444//444 443//443 521//521
f 522//522 446//446 445//445
f 450//450 448//448 447//447
f 437//437 513//513 447//447
f 480//480 452//452 450//450
f 523//523 524//524 525//525
f 526//526 527//527 528//528
f 457//457 377//377 529//529
f 530//530 378//378 458//458
f 460//460 459//459 531//531
f 532//532 464//464 463//463
f 533//533 383//383 534//534
f 535//535 384//384 536//536
f 465//465 383//383 533//533
f 536//536 384//384 466//466
f 537//537 538//538 539//539
f 540//540 541//541 542//542
f 469//469 470//470 543//543
f 544//544 471//471 472//472
f 545//545 546//546 547//547
f 548//548 549//549 550//550
f 405//405 475//475 551//551
f 552//552 476//476 406//406
f 553//553 554//554 555//555
f 556//556 557//557 558//558
f 559//559 479//479 480//480
f 560//560 561//561 562//562
f 563//563 564//564 565//565
f 455//455 487//487 566//566
f 567//567 488//488 456//456
f 529//529 377//377 568//568
f 569//569 378//378 530//530
f 492//492 491//491 570//570
f 571//571 496//496 495//495
f 423//423 497//497 572//572
f 573//573 498//498 424//424
f 500//500 499//499 574//574
f 575//575 504//504 503//503
f 561//561 560//560 576//576
f 577//577 565//565 564//564
f 566//566 487//487 578//578
f 579//579 488//488 567//567
f 506//506 505//505 580//580
f 581//581 510//510 509//509
f 432//432 582//582 583//583
f 584//584 585//585 433//433
f 432//432 511//511 582//582
f 585//585 512//512 433//433
f 586//586 440//440 514//514
f 516//516 515//515 587//587
f 588//588 520//520 519//519
f 444//444 589//589 590//590
f 591//591 592//592 445//445
f 444//444 521//521 589//589
f 592//592 522//522 445//445
f 447//447 513//513 593//593
f 524//524 523//523 594//594
f 595//595 528//528 527//527
f 596//596 457//457 529//529
f 530//530 458//458 597//597
f 598//598 599//599 600//600
f 601//601 602//602 603//603
f 533//533 534//534 604//604
f 605//605 535//535 536//536
f 538//538 537//537 606//606
f 607//607 542//542 541//541
f 546//546 545//545 608//608
f 609//609 550//550 549//549
f 610//610 470//470 611//611
f 612//612 471//471 613//613
f 543//543 470//470 610//610
f 613//613 471//471 544//544
f 554//554 553//553 614//614
f 615//615 558//558 557//557
f 616//616 475//475 617//617
f 618//618 476//476 619//619
f 551//551 475//475 620//620
f 621//621 476//476 552//552
f 622//622 479//479 559//559
f 623//623 568//568 624//624
f 625//625 569//569 626//626
f 529//529 568//568 627//627
f 628//628 569//569 530//530
f 629//629 630//630 631//631
f 632//632 633//633 634//634
f 572//572 497//497 635//635
f 636//636 498//498 573//573
f 637//637 638//638 639//639
f 640//640 641//641 642//642
f 643//643 644//644 645//645
f 646//646 647//647 648//648
f 566//566 578//578 649//649
f 650//650 579//579 567//567
f 651//651 652//652 653//653
f 654//654 655//655 656//656
f 583//583 582//582 657//657
f 658//658 585//585 584//584
f 659//659 586//586 514//514
f 660//660 661//661 662//662
f 663//663 664//664 665//665
f 590//590 589//589 666//666
f 667//667 592//592 591//591
f 513//513 668//668 593//593
f 457//457 596//596 669//669
f 670//670 597//597 458//458
f 671//671 672//672 673//673
f 674//674 675//675 676//676
f 677//677 678//678 679//679
f 680//680 681//681 682//682
f 683//683 684//684 685//685
f 686//686 687//687 688//688
f 599//599 598//598 689//689
f 690//690 603//603 602//602
f 604//604 534//534 691//691
f 692//692 535//535 605//605
f 693//693 694//694 695//695
f 696//696 697//697 698//698
f 699//699 700//700 701//701
f 702//702 703//703 704//704
f 610//610 611//611 705//705
f 706//706 612//612 613//613
f 707//707 708//708 709//709
f 710//710 711//711 712//712
f 620//620 475//475 616//616
f 619//619 476//476 621//621
f 616//616 617//617 713//713
f 714//714 618//618 619//619
f 715//715 622//622 559//559
f 716//716 568//568 623//623
f 626//626 569//569 717//717
f 623//623 624//624 718//718
f 719//719 625//625 626//626
f 627//627 568//568 716//716
f 717//717 569//569 628//628
f 720//720 721//721 677//677
f 682//682 722//722 723//723
f 724//724 725//725 726//726
f 727//727 728//728 729//729
f 630//630 629//629 730//730
f 731//731 634//634 633//633
f 572//572 635//635 732//732
f 733//733 636//636 573//573
f 638//638 637//637 734//734
f 735//735 642//642 641//641
f 644//644 643//643 736//736
f 737//737 648//648 647//647
f 649//649 578//578 738//738
f 739//739 579//579 650//650
f 740//740 624//624 741//741
f 742//742 625//625 743//743
f 652//652 651//651 744//744
f 745//745 656//656 655//655
f 583//583 657//657 746//746
f 747//747 658//658 584//584
f 748//748 586//586 659//659
f 661//661 660//660 749//749
f 750//750 665//665 664//664
f 590//590 751//751 752//752
f 753//753 754//754 591//591
f 590//590 666//666 751//751
f 754//754 667//667 591//591
f 593//593 668//668 755//755
f 669//669 596//596 756//756
f 757//757 597//597 670//670
f 672//672 671//671 758//758
f 759//759 676//676 675//675
f 678//678 677//677 721//721
f 722//722 682//682 681//681
f 760//760 679//679 678//678
f 681//681 680//680 761//761
f 684//684 683//683 762//762
f 763//763 688//688 687//687
f 764//764 765//765 766//766
f 767//767 768//768 769//769
f 604//604 691//691 770//770
f 771//771 692//692 605//605
f 694//694 693//693 772//772
f 773//773 698//698 697//697
f 700//700 699//699 774//774
f 775//775 704//704 703//703
f 705//705 611//611 776//776
f 777//777 612//612 706//706
f 708//708 707//707 778//778
f 779//779 712//712 711//711
f 713//713 617//617 780//780
f 781//781 618//618 714//714
f 782//782 622//622 715//715
f 783//783 784//784 785//785
f 786//786 787//787 788//788
f 789//789 790//790 791//791
f 792//792 793//793 794//794
f 718//718 624//624 740//740
f 743//743 625//625 719//719
f 795//795 783//783 796//796
f 797//797 788//788 798//798
f 799//799 800//800 801//801
f 802//802 803//803 804//804
f 785//785 805//805 720//720
f 723//723 806//806 786//786
f 807//807 808//808 809//809
f 810//810 811//811 812//812
f 721//721 720//720 805//805
f 806//806 723//723 722//722
f 725//725 724//724 813//813
f 814//814 729//729 728//728
f 815//815 816//816 817//817
f 818//818 819//819 820//820
f 732//732 635//635 821//821
f 822//822 636//636 733//733
f 823//823 824//824 825//825
f 826//826 827//827 828//828
f 829//829 830//830 831//831
f 832//832 833//833 834//834
f 649//649 738//738 835//835
f 836//836 739//739 650//650
f 740//740 741//741 837//837
f 838//838 742//742 743//743
f 839//839 840//840 841//841
f 842//842 843//843 844//844
f 746//746 657//657 845//845
f 846//846 658//658 747//747
f 847//847 748//748 659//659
f 848//848 849//849 850//850
f 851//851 852//852 853//853
f 752//752 751//751 854//854
f 855//855 754//754 753//753
f 856//856 755//755 668//668
f 679//679 760//760 857//857
f 858//858 761//761 680//680
f 859//859 860//860 861//861
f 862//862 863//863 864//864
f 669//669 756//756 865//865
f 866//866 757//757 670//670
f 669//669 867//867 868//868
f 869//869 870//870 670//670
f 871//871 872//872 873//873
f 874//874 875//875 876//876
f 877//877 878//878 879//879
f 880//880 881//881 882//882
f 883//883 884//884 885//885
f 886//886 887//887 888//888
f 878//878 877//877 889//889
f 890//890 882//882 881//881
f 891//891 892//892 893//893
f 894//894 895//895 896//896
f 897//897 898//898 899//899
f 900//900 901//901 902//902
f 903//903 904//904 905//905
f 906//906 907//907 908//908
f 909//909 910//910 911//911
f 912//912 913//913 914//914
f 765//765 764//764 915//915
f 916//916 769//769 768//768
f 770//770 691//691 917//917
f 918//918 692//692 771//771
f 919//919 920//920 921//921
f 922//922 923//923 924//924
f 925//925 926//926 927//927
f 928//928 929//929 930//930
f 705//705 776//776 931//931
f 932//932 777//777 706//706
f 933//933 934//934 935//935
f 936//936 937//937 938//938
f 713//713 780//780 939//939
f 940//940 781//781 714//714
f 941//941 782//782 715//715
f 784//784 783//783 942//942
f 943//943 788//788 787//787
f 805//805 785//785 784//784
f 787//787 786//786 806//806
f 790//790 789//789 944//944
f 945//945 794//794 793//793
f 808//808 807//807 946//946
f 947//947 812//812 811//811
f 948//948 796//796 949//949
f 950//950 797//797 951//951
f 952//952 953//953 954//954
f 955//955 956//956 957//957
f 783//783 795//795 942//942
f 943//943 798//798 788//788
f 796//796 948//948 795//795
f 798//798 951//951 797//797
f 800//800 799//799 958//958
f 959//959 804//804 803//803
f 960//960 961//961 962//962
f 963//963 964//964 965//965
f 966//966 967//967 897//897
f 902//902 968//968 969//969
f 905//905 970//970 971//971
f 972//972 973//973 906//906
f 974//974 975//975 976//976
f 977//977 978//978 979//979
f 816//816 815//815 980//980
f 981//981 820//820 819//819
f 732//732 982//982 983//983
f 984//984 985//985 733//733
f 824//824 823//823 986//986
f 987//987 828//828 827//827
f 732//732 821//821 982//982
f 985//985 822//822 733//733
f 830//830 829//829 988//988
f 989//989 834//834 833//833
f 835//835 738//738 990//990
f 991//991 739//739 836//836
f 992//992 741//741 993//993
f 994//994 742//742 995//995
f 837//837 741//741 992//992
f 995//995 742//742 838//838
f 996//996 949//949 997//997
f 998//998 950//950 999//999
f 1000//1000 1001//1001 1002//1002
f 1003//1003 1004//1004 1005//1005
f 840//840 839//839 1006//1006
f 1007//1007 844//844 843//843
f 746//746 1008//1008 1009//1009
f 1010//1010 1011//1011 747//747
f 746//746 845//845 1008//1008
f 1011//1011 846//846 747//747
f 1012//1012 748//748 847//847
f 849//849 848//848 1013//1013
f 1014//1014 853//853 852//852
f 752//752 1015//1015 1016//1016
f 1017//1017 1018//1018 753//753
f 752//752 854//854 1015//1015
f 1018//1018 855//855 753//753
f 1019//1019 857//857 760//760
f 761//761 858//858 1020//1020
f 860//860 859//859 1021//1021
f 1022//1022 864//864 863//863
f 857//857 1019//1019 1023//1023
f 1024//1024 1020//1020 858//858
f 1025//1025 1026//1026 1027//1027
f 1028//1028 1029//1029 1030//1030
f 669//669 865//865 867//867
f 870//870 866//866 670//670
f 868//868 867//867 1031//1031
f 1032//1032 870//870 869//869
f 872//872 871//871 1033//1033
f 1034//1034 876//876 875//875
f 884//884 883//883 1035//1035
f 1036//1036 888//888 887//887
f 889//889 877//877 1037//1037
f 1038//1038 882//882 890//890
f 892//892 891//891 1039//1039
f 1040//1040 896//896 895//895
f 1041//1041 899//899 898//898
f 901//901 900//900 1042//1042
f 898//898 897//897 967//967
f 968//968 902//902 901//901
f 904//904 903//903 1043//1043
f 1044//1044 908//908 907//907
f 904//904 1037//1037 905//905
f 906//906 1038//1038 907//907
f 910//910 909//909 1045//1045
f 1046//1046 914//914 913//913
f 1047//1047 1048//1048 1049//1049
f 1050//1050 1051//1051 1052//1052
f 1053//1053 1054//1054 1055//1055
f 1056//1056 1057//1057 1058//1058
f 770//770 917//917 1059//1059
f 1060//1060 918//918 771//771
f 920//920 919//919 1061//1061
f 1062//1062 924//924 923//923
f 926//926 925//925 1063//1063
f 1064//1064 930//930 929//929
f 1065//1065 776//776 1066//1066
f 1067//1067 777//777 1068//1068
f 934//934 933//933 1069//1069
f 1070//1070 938//938 937//937
f 1071//1071 780//780 1072//1072
f 1073//1073 781//781 1074//1074
f 931//931 776//776 1065//1065
f 1068//1068 777//777 932//932
f 939//939 780//780 1071//1071
f 1074//1074 781//781 940//940
f 1075//1075 941//941 715//715
f 905//905 1037//1037 970//970
f 973//973 1038//1038 906//906
f 1076//1076 1077//1077 1078//1078
f 1079//1079 1080//1080 1081//1081
f 1082//1082 1083//1083 1084//1084
f 1085//1085 1086//1086 1087//1087
f 1088//1088 1089//1089 1090//1090
f 1091//1091 1092//1092 1093//1093
f 1094//1094 1095//1095 1096//1096
f 1097//1097 1098//1098 1099//1099
f 1100//1100 1101//1101 1102//1102
f 1103//1103 1104//1104 1105//1105
f 1090//1090 1106//1106 966//966
f 969//969 1107//1107 1091//1091
f 971//971 970//970 1094//1094
f 1099//1099 973//973 972//972
f 1108//1108 1109//1109 1110//1110
f 1111//1111 1112//1112 1113//1113
f 949//949 996//996 948//948
f 951//951 999//999 950//950
f 953//953 952//952 1114//1114
f 1115//1115 957//957 956//956
f 1094//1094 970//970 1095//1095
f 1098//1098 973//973 1099//1099
f 1116//1116 1117//1117 1118//1118
f 1119//1119 1120//1120 1121//1121
f 1122//1122 1095//1095 1123//1123
f 1124//1124 1098//1098 1125//1125
f 1126//1126 1127//1127 1128//1128
f 1129//1129 1130//1130 1131//1131
f 1096//1096 1095//1095 1122//1122
f 1125//1125 1098//1098 1097//1097
f 1132//1132 1088//1088 1133//1133
f 1134//1134 1093//1093 1135//1135
f 1136//1136 1137//1137 1138//1138
f 1139//1139 1140//1140 1141//1141
f 961//961 960//960 1142//1142
f 1143//1143 965//965 964//964
f 967//967 966//966 1106//1106
f 1107//1107 969//969 968//968
f 975//975 974//974 1144//1144
f 1145//1145 979//979 978//978
f 1109//1109 1108//1108 1146//1146
f 1147//1147 1113//1113 1112//1112
f 1148//1148 1149//1149 1150//1150
f 1151//1151 1152//1152 1153//1153
f 983//983 982//982 1154//1154
f 1155//1155 985//985 984//984
f 1156//1156 1157//1157 1158//1158
f 1159//1159 1160//1160 1161//1161
f 1162//1162 1163//1163 1164//1164
f 1165//1165 1166//1166 1167//1167
f 835//835 990//990 1168//1168
f 1169//1169 991//991 836//836
f 992//992 993//993 1170//1170
f 1171//1171 994//994 995//995
f 1172//1172 997//997 1173//1173
f 1174//1174 998//998 1175//1175
f 1176//1176 1177//1177 1178//1178
f 1179//1179 1180//1180 1181//1181
f 997//997 1172//1172 996//996
f 999//999 1175//1175 998//998
f 1001//1001 1000//1000 1182//1182
f 1183//1183 1005//1005 1004//1004
f 1184//1184 1185//1185 1186//1186
f 1187//1187 1188//1188 1189//1189
f 1009//1009 1008//1008 1190//1190
f 1191//1191 1011//1011 1010//1010
f 1192//1192 748//748 1012//1012
f 1193//1193 1194//1194 1195//1195
f 1196//1196 1197//1197 1198//1198
f 1016//1016 1015//1015 1199//1199
f 1200//1200 1018//1018 1017//1017
f 889//889 1037//1037 904//904
f 907//907 1038//1038 890//890
f 1201//1201 1202//1202 1203//1203
f 1204//1204 1205//1205 1206//1206
f 899//899 1041//1041 1207//1207
f 1208//1208 1042//1042 900//900
f 1043//1043 903//903 1209//1209
f 1210//1210 908//908 1044//1044
f 1048//1048 1047//1047 1211//1211
f 1212//1212 1052//1052 1051//1051
f 1019//1019 1213//1213 1023//1023
f 1024//1024 1214//1214 1020//1020
f 1026//1026 1025//1025 1215//1215
f 1216//1216 1030//1030 1029//1029
f 1217//1217 1218//1218 1219//1219
f 1220//1220 1221//1221 1222//1222
f 1223//1223 1224//1224 1213//1213
f 1214//1214 1225//1225 1226//1226
f 1227//1227 1228//1228 1229//1229
f 1230//1230 1231//1231 1232//1232
f 868//868 1031//1031 1233//1233
f 1234//1234 1032//1032 869//869
f 868//868 1233//1233 1235//1235
f 1236//1236 1234//1234 869//869
f 1237//1237 1238//1238 1239//1239
f 1240//1240 1241//1241 1242//1242
f 1243//1243 1244//1244 1245//1245
f 1246//1246 1247//1247 1248//1248
f 1249//1249 1250//1250 1251//1251
f 1252//1252 1253//1253 1254//1254
f 1244//1244 1243//1243 1255//1255
f 1256//1256 1248//1248 1247//1247
f 1257//1257 1258//1258 1259//1259
f 1260//1260 1261//1261 1262//1262
f 1213//1213 1019//1019 1223//1223
f 1226//1226 1020//1020 1214//1214
f 1263//1263 1264//1264 1265//1265
f 1266//1266 1267//1267 1268//1268
f 1269//1269 1270//1270 1271//1271
f 1272//1272 1273//1273 1274//1274
f 1275//1275 1276//1276 1277//1277
f 1278//1278 1279//1279 1280//1280
f 1281//1281 1282//1282 1283//1283
f 1284//1284 1285//1285 1286//1286
f 1287//1287 1275//1275 1288//1288
f 1289//1289 1280//1280 1290//1290
f 1054//1054 1053//1053 1291//1291
f 1292//1292 1058//1058 1057//1057
f 1293//1293 917//917 1294//1294
f 1295//1295 918//918 1296//1296
f 1059//1059 917//917 1293//1293
f 1296//1296 918//918 1060//1060
f 1297//1297 1298//1298 1299//1299
f 1300//1300 1301//1301 1302//1302
f 1303//1303 1304//1304 1305//1305
f 1306//1306 1307//1307 1308//1308
f 1065//1065 1066//1066 1309//1309
f 1310//1310 1067//1067 1068//1068
f 1311//1311 1312//1312 1313//1313
f 1314//1314 1315//1315 1316//1316
f 1071//1071 1072//1072 1317//1317
f 1318//1318 1073//1073 1074//1074
f 1319//1319 941//941 1075//1075
f 1077//1077 1076//1076 1320//1320
f 1321//1321 1081//1081 1080//1080
f 1083//1083 1082//1082 1322//1322
f 1323//1323 1087//1087 1086//1086
f 1106//1106 1090//1090 1089//1089
f 1092//1092 1091//1091 1107//1107
f 1089//1089 1088//1088 1324//1324
f 1325//1325 1093//1093 1092//1092
f 1101//1101 1100//1100 1326//1326
f 1327//1327 1105//1105 1104//1104
f 1328//1328 1123//1123 1329//1329
f 1330//1330 1124//1124 1331//1331
f 1332//1332 1333//1333 1334//1334
f 1335//1335 1336//1336 1337//1337
f 1122//1122 1123//1123 1328//1328
f 1331//1331 1124//1124 1125//1125
f 1338//1338 1133//1133 1339//1339
f 1340//1340 1134//1134 1341//1341
f 1342//1342 1343//1343 1344//1344
f 1345//1345 1346//1346 1347//1347
f 1117//1117 1116//1116 1348//1348
f 1349//1349 1121//1121 1120//1120
f 1127//1127 1126//1126 1350//1350
f 1351//1351 1131//1131 1130//1130
f 1133//1133 1338//1338 1132//1132
f 1135//1135 1341//1341 1134//1134
f 1088//1088 1132//1132 1324//1324
f 1325//1325 1135//1135 1093//1093
f 1137//1137 1136//1136 1352//1352
f 1353//1353 1141//1141 1140//1140
f 1343//1343 1342//1342 1354//1354
f 1355//1355 1347//1347 1346//1346
f 1356//1356 1357//1357 1358//1358
f 1359//1359 1360//1360 1361//1361
f 1362//1362 1363//1363 1364//1364
f 1365//1365 1366//1366 1367//1367
f 1277//1277 1368//1368 1369//1369
f 1370//1370 1371//1371 1278//1278
f 1372//1372 1373//1373 1374//1374
f 1375//1375 1376//1376 1377//1377
f 1369//1369 1368//1368 1378//1378
f 1379//1379 1371//1371 1370//1370
f 1149//1149 1148//1148 1380//1380
f 1381//1381 1153//1153 1152//1152
f 983//983 1154//1154 1382//1382
f 1383//1383 1155//1155 984//984
f 1157//1157 1156//1156 1384//1384
f 1385//1385 1161//1161 1160//1160
f 1163//1163 1162//1162 1386//1386
f 1387//1387 1167//1167 1166//1166
f 1168//1168 990//990 1388//1388
f 1389//1389 991//991 1169//1169
f 1390//1390 993//993 1391//1391
f 1392//1392 994//994 1393//1393
f 1170//1170 993//993 1390//1390
f 1393//1393 994//994 1171//1171
f 1394//1394 1173//1173 1395//1395
f 1396//1396 1174//1174 1397//1397
f 1398//1398 1399//1399 1400//1400
f 1401//1401 1402//1402 1403//1403
f 1173//1173 1394//1394 1172//1172
f 1175//1175 1397//1397 1174//1174
f 1177//1177 1176//1176 1404//1404
f 1405//1405 1181//1181 1180//1180
f 1399//1399 1398//1398 1406//1406
f 1407//1407 1403//1403 1402//1402
f 1408//1408 1329//1329 1409//1409
f 1410//1410 1330//1330 1411//1411
f 1412//1412 1413//1413 1414//1414
f 1415//1415 1416//1416 1417//1417
f 1328//1328 1329//1329 1418//1418
f 1418//1418 1329//1329 1408//1408
f 1419//1419 1330//1330 1331//1331
f 1411//1411 1330//1330 1419//1419
f 1420//1420 1339//1339 1421//1421
f 1422//1422 1340//1340 1423//1423
f 1424//1424 1425//1425 1426//1426
f 1427//1427 1428//1428 1429//1429
f 1185//1185 1184//1184 1430//1430
f 1431//1431 1189//1189 1188//1188
f 1009//1009 1190//1190 1432//1432
f 1433//1433 1191//1191 1010//1010
f 1434//1434 1192//1192 1012//1012
f 1194//1194 1193//1193 1435//1435
f 1436//1436 1198//1198 1197//1197
f 1016//1016 1199//1199 1437//1437
f 1438//1438 1200//1200 1017//1017
f 1202//1202 1201//1201 1439//1439
f 1440//1440 1206//1206 1205//1205
f 1441//1441 1207//1207 1041//1041
f 1042//1042 1208//1208 1442//1442
f 1043//1043 1209//1209 1443//1443
f 1444//1444 1210//1210 1044//1044
f 1445//1445 1446//1446 1447//1447
f 1448//1448 1449//1449 1450//1450
f 1207//1207 1441//1441 1451//1451
f 1452//1452 1442//1442 1208//1208
f 1446//1446 1445//1445 1453//1453
f 1454//1454 1450//1450 1449//1449
f 1218//1218 1217//1217 1455//1455
f 1456//1456 1222//1222 1221//1221
f 1224//1224 1223//1223 1457//1457
f 1458//1458 1226//1226 1225//1225
f 1228//1228 1227//1227 1459//1459
f 1460//1460 1232//1232 1231//1231
f 1457//1457 1461//1461 1224//1224
f 1225//1225 1462//1462 1458//1458
f 1463//1463 1464//1464 1465//1465
f 1466//1466 1467//1467 1468//1468
f 1235//1235 1233//1233 1469//1469
f 1470//1470 1234//1234 1236//1236
f 1238//1238 1237//1237 1471//1471
f 1472//1472 1242//1242 1241//1241
f 1250//1250 1249//1249 1473//1473
f 1474//1474 1254//1254 1253//1253
f 1258//1258 1257//1257 1475//1475
f 1476//1476 1262//1262 1261//1261
f 1255//1255 1243//1243 1477//1477
f 1478//1478 1248//1248 1256//1256
f 1479//1479 1480//1480 1481//1481
f 1482//1482 1483//1483 1484//1484
f 1282//1282 1281//1281 1485//1485
f 1486//1486 1286//1286 1285//1285
f 1264//1264 1263//1263 1487//1487
f 1488//1488 1268//1268 1267//1267
f 1270//1270 1269//1269 1489//1489
f 1490//1490 1274//1274 1273//1273
f 1276//1276 1275//1275 1287//1287
f 1290//1290 1280//1280 1279//1279
f 1276//1276 1477//1477 1277//1277
f 1278//1278 1478//1478 1279//1279
f 1491//1491 1492//1492 1493//1493
f 1494//1494 1495//1495 1496//1496
f 1287//1287 1288//1288 1497//1497
f 1498//1498 1289//1289 1290//1290
f 1357//1357 1356//1356 1499//1499
f 1500//1500 1361//1361 1360//1360
f 1501//1501 1502//1502 1503//1503
f 1504//1504 1505//1505 1506//1506
f 1293//1293 1294//1294 1507//1507
f 1508//1508 1295//1295 1296//1296
f 1298//1298 1297//1297 1509//1509
f 1510//1510 1302//1302 1301//1301
f 1304//1304 1303//1303 1511//1511
f 1512//1512 1308//1308 1307//1307
f 1309//1309 1066//1066 1513//1513
f 1514//1514 1067//1067 1310//1310
f 1312//1312 1311//1311 1515//1515
f 1516//1516 1316//1316 1315//1315
f 1517//1517 1072//1072 1518//1518
f 1519//1519 1073//1073 1520//1520
f 1317//1317 1072//1072 1517//1517
f 1520//1520 1073//1073 1318//1318
f 1521//1521 1319//1319 1075//1075
f 1277//1277 1477//1477 1368//1368
f 1371//1371 1478//1478 1278//1278
f 1522//1522 1523//1523 1524//1524
f 1525//1525 1526//1526 1527//1527
f 1528//1528 1529//1529 1530//1530
f 1531//1531 1532//1532 1533//1533
f 1534//1534 1535//1535 1536//1536
f 1537//1537 1538//1538 1539//1539
f 1378//1378 1540//1540 1541//1541
f 1542//1542 1543//1543 1379//1379
f 1333//1333 1332//1332 1544//1544
f 1545//1545 1337//1337 1336//1336
f 1339//1339 1420//1420 1338//1338
f 1341//1341 1423//1423 1340//1340
f 1425//1425 1424//1424 1546//1546
f 1547//1547 1429//1429 1428//1428
f 1378//1378 1368//1368 1540//1540
f 1543//1543 1371//1371 1379//1379
f 1548//1548 1549//1549 1550//1550
f 1551//1551 1552//1552 1553//1553
f 1554//1554 1540//1540 1555//1555
f 1556//1556 1543//1543 1557//1557
f 1558//1558 1559//1559 1560//1560
f 1561//1561 1562//1562 1563//1563
f 1541//1541 1540//1540 1554//1554
f 1557//1557 1543//1543 1542//1542
f 1564//1564 1565//1565 1566//1566
f 1567//1567 1568//1568 1569//1569
f 1570//1570 1571//1571 1572//1572
f 1573//1573 1574//1574 1575//1575
f 1554//1554 1555//1555 1576//1576
f 1577//1577 1556//1556 1557//1557
f 1529//1529 1528//1528 1578//1578
f 1579//1579 1533//1533 1532//1532
f 1363//1363 1362//1362 1580//1580
f 1581//1581 1367//1367 1366//1366
f 1373//1373 1372//1372 1582//1582
f 1583//1583 1377//1377 1376//1376
f 1584//1584 1585//1585 1586//1586
f 1587//1587 1588//1588 1589//1589
f 1382//1382 1154//1154 1590//1590
f 1591//1591 1155//1155 1383//1383
f 1592//1592 1593//1593 1594//1594
f 1595//1595 1596//1596 1597//1597
f 1598//1598 1599//1599 1600//1600
f 1601//1601 1602//1602 1603//1603
f 1168//1168 1388//1388 1604//1604
f 1605//1605 1389//1389 1169//1169
f 1390//1390 1391//1391 1606//1606
f 1607//1607 1392//1392 1393//1393
f 1608//1608 1395//1395 1609//1609
f 1610//1610 1396//1396 1611//1611
f 1612//1612 1613//1613 1614//1614
f 1615//1615 1616//1616 1617//1617
f 1395//1395 1608//1608 1394//1394
f 1397//1397 1611//1611 1396//1396
f 1613//1613 1612//1612 1618//1618
f 1619//1619 1617//1617 1616//1616
f 1620//1620 1409//1409 1621//1621
f 1622//1622 1410//1410 1623//1623
f 1624//1624 1625//1625 1626//1626
f 1627//1627 1628//1628 1629//1629
f 1408//1408 1409//1409 1620//1620
f 1623//1623 1410//1410 1411//1411
f 1630//1630 1421//1421 1631//1631
f 1632//1632 1422//1422 1633//1633
f 1634//1634 1635//1635 1636//1636
f 1637//1637 1638//1638 1639//1639
f 1640//1640 1631//1631 1641//1641
f 1642//1642 1632//1632 1643//1643
f 1644//1644 1645//1645 1646//1646
f 1647//1647 1648//1648 1649//1649
f 1413//1413 1412//1412 1650//1650
f 1651//1651 1417//1417 1416//1416
f 1625//1625 1624//1624 1652//1652
f 1653//1653 1629//1629 1628//1628
f 1421//1421 1630//1630 1420//1420
f 1423//1423 1633//1633 1422//1422
f 1635//1635 1634//1634 1654//1654
f 1655//1655 1639//1639 1638//1638
f 1656//1656 1657//1657 1658//1658
f 1659//1659 1660//1660 1661//1661
f 1432//1432 1190//1190 1662//1662
f 1663//1663 1191//1191 1433//1433
f 1664//1664 1192//1192 1434//1434
f 1665//1665 1666//1666 1667//1667
f 1668//1668 1669//1669 1670//1670
f 1437//1437 1199//1199 1671//1671
f 1672//1672 1200//1200 1438//1438
f 1255//1255 1477//1477 1276//1276
f 1279//1279 1478//1478 1256//1256
f 1480//1480 1479//1479 1673//1673
f 1674//1674 1484//1484 1483//1483
f 1043//1043 1443//1443 1675//1675
f 1676//1676 1444//1444 1044//1044
f 1492//1492 1491//1491 1677//1677
f 1678//1678 1496//1496 1495//1495
f 1441//1441 1679//1679 1451//1451
f 1452//1452 1680//1680 1442//1442
f 1681//1681 1682//1682 1683//1683
f 1684//1684 1685//1685 1686//1686
f 1675//1675 1443//1443 1687//1687
f 1688//1688 1444//1444 1676//1676
f 1689//1689 1690//1690 1691//1691
f 1692//1692 1693//1693 1694//1694
f 1695//1695 1696//1696 1679//1679
f 1680//1680 1697//1697 1698//1698
f 1675//1675 1687//1687 1699//1699
f 1700//1700 1688//1688 1676//1676
f 1701//1701 1702//1702 1703//1703
f 1704//1704 1705//1705 1706//1706
f 1679//1679 1441//1441 1695//1695
f 1698//1698 1442//1442 1680//1680
f 1461//1461 1457//1457 1707//1707
f 1708//1708 1458//1458 1462//1462
f 1464//1464 1463//1463 1709//1709
f 1710//1710 1468//1468 1467//1467
f 1707//1707 1711//1711 1461//1461
f 1462//1462 1712//1712 1708//1708
f 1713//1713 1714//1714 1715//1715
f 1716//1716 1717//1717 1718//1718
f 1235//1235 1469//1469 1719//1719
f 1720//1720 1470//1470 1236//1236
f 1235//1235 1719//1719 1721//1721
f 1722//1722 1720//1720 1236//1236
f 1723//1723 1724//1724 1725//1725
f 1726//1726 1727//1727 1728//1728
f 1729//1729 1730//1730 1731//1731
f 1732//1732 1733//1733 1734//1734
f 1730//1730 1729//1729 1735//1735
f 1736//1736 1734//1734 1733//1733
f 1735//1735 1737//1737 1738//1738
f 1739//1739 1740//1740 1736//1736
f 1741//1741 1742//1742 1743//1743
f 1744//1744 1745//1745 1746//1746
f 1287//1287 1497//1497 1747//1747
f 1748//1748 1498//1498 1290//1290
f 1502//1502 1501//1501 1749//1749
f 1750//1750 1506//1506 1505//1505
f 1507//1507 1294//1294 1751//1751
f 1752//1752 1295//1295 1508//1508
f 1753//1753 1754//1754 1755//1755
f 1756//1756 1757//1757 1758//1758
f 1759//1759 1760//1760 1761//1761
f 1762//1762 1763//1763 1764//1764
f 1309//1309 1513//1513 1765//1765
f 1766//1766 1514//1514 1310//1310
f 1767//1767 1768//1768 1769//1769
f 1770//1770 1771//1771 1772//1772
f 1517//1517 1518//1518 1773//1773
f 1774//1774 1519//1519 1520//1520
f 1775//1775 1319//1319 1521//1521
f 1523//1523 1522//1522 1776//1776
f 1777//1777 1527//1527 1526//1526
f 1535//1535 1534//1534 1778//1778
f 1779//1779 1539//1539 1538//1538
f 1576//1576 1555//1555 1780//1780
f 1781//1781 1556//1556 1577//1577
f 1782//1782 1783//1783 1784//1784
f 1785//1785 1786//1786 1787//1787
f 1788//1788 1789//1789 1790//1790
f 1791//1791 1792//1792 1793//1793
f 1576//1576 1780//1780 1794//1794
f 1795//1795 1781//1781 1577//1577
f 1549//1549 1548//1548 1796//1796
f 1797//1797 1553//1553 1552//1552
f 1559//1559 1558//1558 1798//1798
f 1799//1799 1563//1563 1562//1562
f 1783//1783 1782//1782 1800//1800
f 1801//1801 1787//1787 1786//1786
f 1571//1571 1570//1570 1802//1802
f 1803//1803 1575//1575 1574//1574
f 1565//1565 1564//1564 1804//1804
f 1805//1805 1569//1569 1568//1568
f 1789//1789 1788//1788 1806//1806
f 1807//1807 1793//1793 1792//1792
f 1735//1735 1729//1729 1737//1737
f 1740//1740 1734//1734 1736//1736
f 1585//1585 1584//1584 1808//1808
f 1809//1809 1589//1589 1588//1588
f 1382//1382 1590//1590 1810//1810
f 1811//1811 1591//1591 1383//1383
f 1593//1593 1592//1592 1812//1812
f 1813//1813 1597//1597 1596//1596
f 1599//1599 1598//1598 1814//1814
f 1815//1815 1603//1603 1602//1602
f 1604//1604 1388//1388 1816//1816
f 1817//1817 1389//1389 1605//1605
f 1818//1818 1391//1391 1819//1819
f 1820//1820 1392//1392 1821//1821
f 1606//1606 1391//1391 1822//1822
f 1823//1823 1392//1392 1607//1607
f 1824//1824 1608//1608 1609//1609
f 1610//1610 1611//1611 1825//1825
f 1826//1826 1827//1827 1828//1828
f 1829//1829 1830//1830 1831//1831
f 1827//1827 1826//1826 1832//1832
f 1833//1833 1831//1831 1830//1830
f 1834//1834 1621//1621 1835//1835
f 1836//1836 1622//1622 1837//1837
f 1838//1838 1839//1839 1840//1840
f 1841//1841 1842//1842 1843//1843
f 1620//1620 1621//1621 1844//1844
f 1845//1845 1622//1622 1623//1623
f 1846//1846 1847//1847 1848//1848
f 1849//1849 1850//1850 1851//1851
f 1852//1852 1853//1853 1854//1854
f 1855//1855 1856//1856 1857//1857
f 1839//1839 1838//1838 1858//1858
f 1859//1859 1843//1843 1842//1842
f 1631//1631 1640//1640 1630//1630
f 1633//1633 1643//1643 1632//1632
f 1645//1645 1644//1644 1860//1860
f 1861//1861 1649//1649 1648//1648
f 1847//1847 1846//1846 1862//1862
f 1863//1863 1851//1851 1850//1850
f 1853//1853 1852//1852 1864//1864
f 1865//1865 1857//1857 1856//1856
f 1866//1866 1780//1780 1867//1867
f 1868//1868 1781//1781 1869//1869
f 1870//1870 1871//1871 1872//1872
f 1873//1873 1874//1874 1875//1875
f 1876//1876 1867//1867 1877//1877
f 1878//1878 1868//1868 1879//1879
f 1880//1880 1881//1881 1882//1882
f 1883//1883 1884//1884 1885//1885
f 1794//1794 1780//1780 1866//1866
f 1869//1869 1781//1781 1795//1795
f 1886//1886 1887//1887 1888//1888
f 1889//1889 1890//1890 1891//1891
f 1657//1657 1656//1656 1892//1892
f 1893//1893 1661//1661 1660//1660
f 1432//1432 1894//1894 1895//1895
f 1896//1896 1897//1897 1433//1433
f 1432//1432 1662//1662 1894//1894
f 1897//1897 1663//1663 1433//1433
f 1898//1898 1664//1664 1434//1434
f 1666//1666 1665//1665 1899//1899
f 1900//1900 1670//1670 1669//1669
f 1437//1437 1901//1901 1902//1902
f 1903//1903 1904//1904 1438//1438
f 1437//1437 1671//1671 1905//1905
f 1906//1906 1672//1672 1438//1438
f 1907//1907 1908//1908 1909//1909
f 1910//1910 1911//1911 1912//1912
f 1682//1682 1681//1681 1913//1913
f 1914//1914 1686//1686 1685//1685
f 1690//1690 1689//1689 1915//1915
f 1916//1916 1694//1694 1693//1693
f 1675//1675 1699//1699 1917//1917
f 1918//1918 1700//1700 1676//1676
f 1696//1696 1695//1695 1919//1919
f 1920//1920 1698//1698 1697//1697
f 1702//1702 1701//1701 1921//1921
f 1922//1922 1706//1706 1705//1705
f 1923//1923 1924//1924 1925//1925
f 1926//1926 1927//1927 1928//1928
f 1742//1742 1741//1741 1929//1929
f 1930//1930 1746//1746 1745//1745
f 1931//1931 1932//1932 1933//1933
f 1934//1934 1935//1935 1936//1936
f 1919//1919 1937//1937 1696//1696
f 1697//1697 1938//1938 1920//1920
f 1917//1917 1699//1699 1939//1939
f 1940//1940 1700//1700 1918//1918
f 1941//1941 1942//1942 1943//1943
f 1944//1944 1945//1945 1946//1946
f 1711//1711 1707//1707 1947//1947
f 1948//1948 1708//1708 1712//1712
f 1714//1714 1713//1713 1949//1949
f 1950//1950 1718//1718 1717//1717
f 1947//1947 1951//1951 1711//1711
f 1712//1712 1952//1952 1948//1948
f 1953//1953 1954//1954 1955//1955
f 1956//1956 1957//1957 1958//1958
f 1721//1721 1719//1719 1959//1959
f 1960//1960 1720//1720 1722//1722
f 1724//1724 1723//1723 1961//1961
f 1962//1962 1728//1728 1727//1727
f 1738//1738 1737//1737 1963//1963
f 1964//1964 1740//1740 1739//1739
f 1747//1747 1497//1497 1965//1965
f 1966//1966 1498//1498 1748//1748
f 1967//1967 1968//1968 1969//1969
f 1970//1970 1971//1971 1972//1972
f 1507//1507 1751//1751 1973//1973
f 1974//1974 1752//1752 1508//1508
f 1754//1754 1753//1753 1975//1975
f 1976//1976 1758//1758 1757//1757
f 1973//1973 1751//1751 1977//1977
f 1978//1978 1752//1752 1974//1974
f 1968//1968 1967//1967 1979//1979
f 1980//1980 1972//1972 1971//1971
f 1760//1760 1759//1759 1981//1981
f 1982//1982 1764//1764 1763//1763
f 1983//1983 1513//1513 1984//1984
f 1985//1985 1514//1514 1986//1986
f 1765//1765 1513//1513 1983//1983
f 1986//1986 1514//1514 1766//1766
f 1768//1768 1767//1767 1987//1987
f 1988//1988 1772//1772 1771//1771
f 1902//1902 1518//1518 1989//1989
f 1990//1990 1519//1519 1903//1903
f 1773//1773 1518//1518 1991//1991
f 1992//1992 1519//1519 1774//1774
f 1993//1993 1775//1775 1521//1521
f 1994//1994 1993//1993 1521//1521
f 1871//1871 1870//1870 1995//1995
f 1996//1996 1875//1875 1874//1874
f 1887//1887 1886//1886 1997//1997
f 1998//1998 1891//1891 1890//1890
f 1999//1999 1963//1963 2000//2000
f 2001//2001 1964//1964 2002//2002
f 2003//2003 2000//2000 2004//2004
f 2005//2005 2001//2001 2006//2006
f 2007//2007 2004//2004 2008//2008
f 2009//2009 2005//2005 2010//2010
f 2011//2011 2012//2012 2013//2013
f 2014//2014 2015//2015 2016//2016
f 1810//1810 1590//1590 2017//2017
f 2018//2018 1591//1591 1811//1811
f 2019//2019 2020//2020 2021//2021
f 2022//2022 2023//2023 2024//2024
f 2025//2025 2026//2026 2027//2027
f 2028//2028 2029//2029 2030//2030
f 1604//1604 1816//1816 2031//2031
f 2032//2032 1817//1817 1605//1605
f 1818//1818 2033//2033 1391//1391
f 1392//1392 2034//2034 1821//1821
f 1818//1818 1819//1819 2035//2035
f 2036//2036 1820//1820 1821//1821
f 1822//1822 1391//1391 2033//2033
f 2034//2034 1392//1392 1823//1823
f 2037//2037 2038//2038 1824//1824
f 1825//1825 2039//2039 2040//2040
f 2041//2041 2042//2042 2043//2043
f 2044//2044 2045//2045 2046//2046
f 1608//1608 1824//1824 2038//2038
f 2039//2039 1825//1825 1611//1611
f 2042//2042 2041//2041 2047//2047
f 2048//2048 2046//2046 2045//2045
f 2049//2049 1846//1846 1848//1848
f 1849//1849 1851//1851 2050//2050
f 1844//1844 1621//1621 1834//1834
f 1837//1837 1622//1622 1845//1845
f 2051//2051 2052//2052 2053//2053
f 2054//2054 2055//2055 2056//2056
f 1834//1834 1835//1835 2057//2057
f 2058//2058 1836//1836 1837//1837
f 2059//2059 2060//2060 2061//2061
f 2062//2062 2063//2063 2064//2064
f 2065//2065 1877//1877 2066//2066
f 2067//2067 1878//1878 2068//2068
f 2069//2069 2070//2070 2071//2071
f 2072//2072 2073//2073 2074//2074
f 1866//1866 1867//1867 1876//1876
f 1879//1879 1868//1868 1869//1869
f 2075//2075 2076//2076 2077//2077
f 2078//2078 2079//2079 2080//2080
f 1876//1876 1877//1877 2081//2081
f 2082//2082 1878//1878 1879//1879
f 2083//2083 2084//2084 2085//2085
f 2086//2086 2087//2087 2088//2088
f 1881//1881 1880//1880 2089//2089
f 2090//2090 1885//1885 1884//1884
f 2070//2070 2069//2069 2091//2091
f 2092//2092 2074//2074 2073//2073
f 2076//2076 2075//2075 2093//2093
f 2094//2094 2080//2080 2079//2079
f 2095//2095 2096//2096 2097//2097
f 2098//2098 2099//2099 2100//2100
f 1895//1895 1894//1894 2101//2101
f 2102//2102 1897//1897 1896//1896
f 2103//2103 1664//1664 1898//1898
f 2104//2104 2105//2105 2106//2106
f 2107//2107 2108//2108 2109//2109
f 1437//1437 1905//1905 1901//1901
f 1904//1904 1906//1906 1438//1438
f 1902//1902 1901//1901 1991//1991
f 1992//1992 1904//1904 1903//1903
f 1908//1908 1907//1907 2110//2110
f 2111//2111 1912//1912 1911//1911
f 2112//2112 2113//2113 2114//2114
f 2115//2115 2116//2116 2117//2117
f 1747//1747 1965//1965 2118//2118
f 2119//2119 1966//1966 1748//1748
f 1942//1942 1941//1941 2120//2120
f 2121//2121 1946//1946 1945//1945
f 1924//1924 1923//1923 2122//2122
f 2123//2123 1928//1928 1927//1927
f 1738//1738 1963//1963 1999//1999
f 2002//2002 1964//1964 1739//1739
f 1932//1932 1931//1931 2124//2124
f 2125//2125 1936//1936 1935//1935
f 2126//2126 2127//2127 2128//2128
f 2129//2129 2130//2130 2131//2131
f 1937//1937 1919//1919 2132//2132
f 2133//2133 1920//1920 1938//1938
f 1917//1917 1939//1939 2134//2134
f 2135//2135 1940//1940 1918//1918
f 2136//2136 2137//2137 2138//2138
f 2139//2139 2140//2140 2141//2141
f 2132//2132 2142//2142 1937//1937
f 1938//1938 2143//2143 2133//2133
f 2134//2134 1939//1939 2144//2144
f 2145//2145 1940//1940 2135//2135
f 1954//1954 1953//1953 2146//2146
f 2147//2147 1958//1958 1957//1957
f 1951//1951 1947//1947 2148//2148
f 2149//2149 1948//1948 1952//1952
f 2150//2150 2151//2151 2152//2152
f 2153//2153 2154//2154 2155//2155
f 2156//2156 2157//2157 2158//2158
f 2159//2159 2160//2160 2161//2161
f 2151//2151 2150//2150 2162//2162
f 2163//2163 2155//2155 2154//2154
f 1721//1721 1959//1959 2164//2164
f 2165//2165 1960//1960 1722//1722
f 1721//1721 2164//2164 1818//1818
f 1821//1821 2165//2165 1722//1722
f 2166//2166 2167//2167 2168//2168
f 2169//2169 2170//2170 2171//2171
f 2167//2167 2166//2166 2172//2172
f 2173//2173 2171//2171 2170//2170
f 2174//2174 2175//2175 2176//2176
f 2177//2177 2178//2178 2179//2179
f 1973//1973 1977//1977 2180//2180
f 2181//2181 1978//1978 1974//1974
f 2182//2182 2183//2183 2184//2184
f 2185//2185 2186//2186 2187//2187
f 2188//2188 2189//2189 2190//2190
f 2191//2191 2192//2192 2193//2193
f 1983//1983 1984//1984 2194//2194
f 2195//2195 1985//1985 1986//1986
f 2196//2196 2197//2197 2198//2198
f 2199//2199 2200//2200 2201//2201
f 1902//1902 1991//1991 1518//1518
f 1519//1519 1992//1992 1903//1903
f 1902//1902 1989//1989 2202//2202
f 2203//2203 1990//1990 1903//1903
f 2197//2197 2196//2196 2204//2204
f 2205//2205 2201//2201 2200//2200
f 2206//2206 1993//1993 1994//1994
f 2207//2207 2008//2008 2208//2208
f 2209//2209 2009//2009 2210//2210
f 1999//1999 2000//2000 2003//2003
f 2006//2006 2001//2001 2002//2002
f 2003//2003 2004//2004 2211//2211
f 2212//2212 2005//2005 2006//2006
f 2211//2211 2004//2004 2007//2007
f 2010//2010 2005//2005 2212//2212
f 2007//2007 2008//2008 2213//2213
f 2214//2214 2009//2009 2010//2010
f 2012//2012 2011//2011 2215//2215
f 2216//2216 2016//2016 2015//2015
f 1810//1810 2217//2217 2218//2218
f 2219//2219 2220//2220 1811//1811
f 2020//2020 2019//2019 2221//2221
f 2222//2222 2024//2024 2023//2023
f 1810//1810 2017//2017 2217//2217
f 2220//2220 2018//2018 1811//1811
f 2031//2031 1816//1816 2223//2223
f 2224//2224 1817//1817 2032//2032
f 2026//2026 2025//2025 2225//2225
f 2226//2226 2030//2030 2029//2029
f 1818//1818 2227//2227 2033//2033
f 2034//2034 2228//2228 1821//1821
f 2035//2035 1819//1819 2229//2229
f 2230//2230 1820//1820 2036//2036
f 2231//2231 2232//2232 2037//2037
f 2040//2040 2233//2233 2234//2234
f 2235//2235 2236//2236 2237//2237
f 2238//2238 2239//2239 2240//2240
f 2038//2038 2037//2037 2232//2232
f 2233//2233 2040//2040 2039//2039
f 2236//2236 2235//2235 2241//2241
f 2242//2242 2240//2240 2239//2239
f 2243//2243 1835//1835 2244//2244
f 2245//2245 1836//1836 2246//2246
f 2060//2060 2059//2059 2247//2247
f 2248//2248 2064//2064 2063//2063
f 2249//2249 2250//2250 2049//2049
f 2050//2050 2251//2251 2252//2252
f 2253//2253 2254//2254 2255//2255
f 2256//2256 2257//2257 2258//2258
f 1846//1846 2049//2049 2250//2250
f 2251//2251 2050//2050 1851//1851
f 2052//2052 2051//2051 2259//2259
f 2260//2260 2056//2056 2055//2055
f 2057//2057 1835//1835 2261//2261
f 2262//2262 1836//1836 2058//2058
f 2263//2263 2066//2066 2264//2264
f 2265//2265 2067//2067 2266//2266
f 2267//2267 2268//2268 2269//2269
f 2270//2270 2271//2271 2272//2272
f 2081//2081 1877//1877 2065//2065
f 2068//2068 1878//1878 2082//2082
f 2065//2065 2066//2066 2273//2273
f 2274//2274 2067//2067 2068//2068
f 2084//2084 2083//2083 2275//2275
f 2276//2276 2088//2088 2087//2087
f 2277//2277 2278//2278 2279//2279
f 2280//2280 2281//2281 2282//2282
f 2283//2283 2208//2208 2284//2284
f 2285//2285 2209//2209 2286//2286
f 2287//2287 2284//2284 2288//2288
f 2289//2289 2285//2285 2290//2290
f 2096//2096 2095//2095 2291//2291
f 2292//2292 2100//2100 2099//2099
f 1895//1895 1984//1984 2293//2293
f 2294//2294 1985//1985 1896//1896
f 1895//1895 2101//2101 2194//2194
f 2195//2195 2102//2102 1896//1896
f 2295//2295 2103//2103 1898//1898
f 2105//2105 2104//2104 2296//2296
f 2297//2297 2109//2109 2108//2108
f 1747//1747 2118//2118 2298//2298
f 2299//2299 2119//2119 1748//1748
f 2113//2113 2112//2112 2300//2300
f 2301//2301 2117//2117 2116//2116
f 2302//2302 2303//2303 2304//2304
f 2305//2305 2306//2306 2307//2307
f 2298//2298 2118//2118 2308//2308
f 2309//2309 2119//2119 2299//2299
f 2310//2310 2311//2311 2312//2312
f 2313//2313 2314//2314 2315//2315
f 2127//2127 2126//2126 2316//2316
f 2317//2317 2131//2131 2130//2130
f 2303//2303 2302//2302 2318//2318
f 2319//2319 2307//2307 2306//2306
f 2320//2320 2321//2321 2322//2322
f 2323//2323 2324//2324 2325//2325
f 2137//2137 2136//2136 2326//2326
f 2327//2327 2141//2141 2140//2140
f 2142//2142 2132//2132 2328//2328
f 2329//2329 2133//2133 2143//2143
f 2330//2330 2331//2331 2332//2332
f 2333//2333 2334//2334 2335//2335
f 2311//2311 2310//2310 2336//2336
f 2337//2337 2315//2315 2314//2314
f 2134//2134 2144//2144 2338//2338
f 2339//2339 2145//2145 2135//2135
f 2328//2328 2340//2340 2142//2142
f 2143//2143 2341//2341 2329//2329
f 2342//2342 2343//2343 2344//2344
f 2345//2345 2346//2346 2347//2347
f 2134//2134 2338//2338 2348//2348
f 2349//2349 2339//2339 2135//2135
f 2350//2350 2351//2351 2352//2352
f 2353//2353 2354//2354 2355//2355
f 2356//2356 2357//2357 2340//2340
f 2341//2341 2358//2358 2359//2359
f 2348//2348 2338//2338 2360//2360
f 2361//2361 2339//2339 2349//2349
f 2362//2362 2363//2363 2364//2364
f 2365//2365 2366//2366 2367//2367
f 2157//2157 2156//2156 2368//2368
f 2369//2369 2161//2161 2160//2160
f 2370//2370 2371//2371 2372//2372
f 2373//2373 2374//2374 2375//2375
f 2157//2157 2376//2376 2377//2377
f 2378//2378 2379//2379 2160//2160
f 2371//2371 2370//2370 2380//2380
f 2381//2381 2375//2375 2374//2374
f 1818//1818 2164//2164 2227//2227
f 2228//2228 2165//2165 1821//1821
f 2382//2382 2383//2383 2384//2384
f 2385//2385 2386//2386 2387//2387
f 2175//2175 2174//2174 2388//2388
f 2389//2389 2179//2179 2178//2178
f 2218//2218 1977//1977 2390//2390
f 2391//2391 1978//1978 2219//2219
f 2183//2183 2182//2182 2392//2392
f 2393//2393 2187//2187 2186//2186
f 2180//2180 1977//1977 2394//2394
f 2395//2395 1978//1978 2181//2181
f 2031//2031 2223//2223 2396//2396
f 2397//2397 2224//2224 2032//2032
f 2189//2189 2188//2188 2398//2398
f 2399//2399 2193//2193 2192//2192
f 2293//2293 1984//1984 2400//2400
f 2401//2401 1985//1985 2294//2294
f 2194//2194 1984//1984 1895//1895
f 1896//1896 1985//1985 2195//2195
f 2202//2202 1989//1989 2402//2402
f 2403//2403 1990//1990 2203//2203
f 2404//2404 2405//2405 2406//2406
f 2407//2407 2408//2408 2409//2409
f 2410//2410 2411//2411 1994//1994
f 2405//2405 2404//2404 2412//2412
f 2413//2413 2409//2409 2408//2408
f 2103//2103 2206//2206 1994//1994
f 2207//2207 2414//2414 2008//2008
f 2009//2009 2415//2415 2210//2210
f 2207//2207 2208//2208 2283//2283
f 2286//2286 2209//2209 2210//2210
f 2416//2416 2211//2211 2007//2007
f 2010//2010 2212//2212 2417//2417
f 2213//2213 2008//2008 2418//2418
f 2419//2419 2009//2009 2214//2214
f 2420//2420 2421//2421 2422//2422
f 2423//2423 2424//2424 2425//2425
f 2426//2426 2427//2427 2428//2428
f 2429//2429 2430//2430 2431//2431
f 2218//2218 2217//2217 2394//2394
f 2395//2395 2220//2220 2219//2219
f 2432//2432 2433//2433 2434//2434
f 2435//2435 2436//2436 2437//2437
f 2438//2438 2439//2439 2440//2440
f 2441//2441 2442//2442 2443//2443
f 2444//2444 2445//2445 2231//2231
f 2234//2234 2446//2446 2447//2447
f 2448//2448 2449//2449 2450//2450
f 2451//2451 2452//2452 2453//2453
f 2035//2035 2229//2229 2454//2454
f 2455//2455 2230//2230 2036//2036
f 2232//2232 2231//2231 2445//2445
f 2446//2446 2234//2234 2233//2233
f 2456//2456 2244//2244 2457//2457
f 2458//2458 2245//2245 2459//2459
f 2460//2460 2461//2461 2462//2462
f 2463//2463 2464//2464 2465//2465
f 2466//2466 2467//2467 2249//2249
f 2252//2252 2468//2468 2469//2469
f 2470//2470 2471//2471 2472//2472
f 2473//2473 2474//2474 2475//2475
f 2243//2243 2261//2261 1835//1835
f 1836//1836 2262//2262 2246//2246
f 2243//2243 2244//2244 2456//2456
f 2459//2459 2245//2245 2246//2246
f 2461//2461 2460//2460 2476//2476
f 2477//2477 2465//2465 2464//2464
f 2250//2250 2249//2249 2467//2467
f 2468//2468 2252//2252 2251//2251
f 2254//2254 2253//2253 2478//2478
f 2479//2479 2258//2258 2257//2257
f 2263//2263 2480//2480 2066//2066
f 2067//2067 2481//2481 2266//2266
f 2263//2263 2264//2264 2482//2482
f 2483//2483 2265//2265 2266//2266
f 2268//2268 2267//2267 2484//2484
f 2485//2485 2272//2272 2271//2271
f 2273//2273 2066//2066 2480//2480
f 2481//2481 2067//2067 2274//2274
f 2486//2486 2487//2487 2488//2488
f 2489//2489 2490//2490 2491//2491
f 2278//2278 2277//2277 2492//2492
f 2493//2493 2282//2282 2281//2281
f 2283//2283 2284//2284 2287//2287
f 2290//2290 2285//2285 2286//2286
f 2287//2287 2288//2288 2494//2494
f 2495//2495 2289//2289 2290//2290
f 2496//2496 2497//2497 2498//2498
f 2499//2499 2500//2500 2501//2501
f 2502//2502 2103//2103 2295//2295
f 2503//2503 2504//2504 2505//2505
f 2506//2506 2507//2507 2508//2508
f 2298//2298 2308//2308 2509//2509
f 2510//2510 2309//2309 2299//2299
f 2351//2351 2350//2350 2511//2511
f 2512//2512 2355//2355 2354//2354
f 2321//2321 2320//2320 2513//2513
f 2514//2514 2325//2325 2324//2324
f 2509//2509 2308//2308 2515//2515
f 2516//2516 2309//2309 2510//2510
f 2331//2331 2330//2330 2517//2517
f 2518//2518 2335//2335 2334//2334
f 2340//2340 2328//2328 2356//2356
f 2359//2359 2329//2329 2341//2341
f 2343//2343 2342//2342 2519//2519
f 2520//2520 2347//2347 2346//2346
f 2521//2521 2522//2522 2523//2523
f 2524//2524 2525//2525 2526//2526
f 2357//2357 2356//2356 2527//2527
f 2528//2528 2359//2359 2358//2358
f 2348//2348 2360//2360 2529//2529
f 2530//2530 2361//2361 2349//2349
f 2363//2363 2362//2362 2531//2531
f 2532//2532 2367//2367 2366//2366
f 2522//2522 2521//2521 2533//2533
f 2534//2534 2526//2526 2525//2525
f 2376//2376 2157//2157 2368//2368
f 2369//2369 2160//2160 2379//2379
f 2357//2357 2535//2535 2536//2536
f 2537//2537 2538//2538 2358//2358
f 2529//2529 2360//2360 2539//2539
f 2540//2540 2361//2361 2530//2530
f 2541//2541 2542//2542 2543//2543
f 2544//2544 2545//2545 2546//2546
f 2547//2547 2377//2377 2376//2376
f 2379//2379 2378//2378 2548//2548
f 2549//2549 2550//2550 2551//2551
f 2552//2552 2553//2553 2554//2554
f 2377//2377 2547//2547 2444//2444
f 2447//2447 2548//2548 2378//2378
f 2550//2550 2549//2549 2555//2555
f 2556//2556 2554//2554 2553//2553
f 2383//2383 2382//2382 2557//2557
f 2558//2558 2387//2387 2386//2386
f 2559//2559 2560//2560 2561//2561
f 2562//2562 2563//2563 2564//2564
f 2218//2218 2394//2394 1977//1977
f 1978//1978 2395//2395 2219//2219
f 2218//2218 2390//2390 2565//2565
f 2566//2566 2391//2391 2219//2219
f 2567//2567 2568//2568 2569//2569
f 2570//2570 2571//2571 2572//2572
f 2396//2396 2223//2223 2573//2573
f 2574//2574 2224//2224 2397//2397
f 2575//2575 2576//2576 2577//2577
f 2578//2578 2579//2579 2580//2580
f 2293//2293 2400//2400 2581//2581
f 2582//2582 2401//2401 2294//2294
f 2202//2202 2402//2402 2583//2583
f 2584//2584 2403//2403 2203//2203
f 2576//2576 2575//2575 2585//2585
f 2586//2586 2580//2580 2579//2579
f 2583//2583 2402//2402 2587//2587
f 2588//2588 2403//2403 2584//2584
f 2411//2411 2103//2103 1994//1994
f 2589//2589 2411//2411 2410//2410
f 2590//2590 2591//2591 2592//2592
f 2593//2593 2594//2594 2595//2595
f 2206//2206 2103//2103 2502//2502
f 2207//2207 2596//2596 2414//2414
f 2415//2415 2597//2597 2210//2210
f 2598//2598 2008//2008 2414//2414
f 2415//2415 2009//2009 2599//2599
f 2600//2600 2601//2601 2602//2602
f 2603//2603 2604//2604 2605//2605
f 2606//2606 2607//2607 2608//2608
f 2609//2609 2610//2610 2611//2611
f 2211//2211 2416//2416 2207//2207
f 2210//2210 2417//2417 2212//2212
f 2422//2422 2612//2612 2613//2613
f 2614//2614 2615//2615 2423//2423
f 2418//2418 2008//2008 2616//2616
f 2617//2617 2009//2009 2419//2419
f 2618//2618 2619//2619 2420//2420
f 2425//2425 2620//2620 2621//2621
f 2421//2421 2420//2420 2619//2619
f 2620//2620 2425//2425 2424//2424
f 2612//2612 2422//2422 2421//2421
f 2424//2424 2423//2423 2615//2615
f 2427//2427 2426//2426 2622//2622
f 2623//2623 2431//2431 2430//2430
f 2433//2433 2432//2432 2624//2624
f 2625//2625 2437//2437 2436//2436
f 2439//2439 2438//2438 2626//2626
f 2627//2627 2443//2443 2442//2442
f 2445//2445 2444//2444 2547//2547
f 2548//2548 2447//2447 2446//2446
f 2449//2449 2448//2448 2628//2628
f 2629//2629 2453//2453 2452//2452
f 2454//2454 2229//2229 2630//2630
f 2631//2631 2230//2230 2455//2455
f 2456//2456 2457//2457 2632//2632
f 2633//2633 2458//2458 2459//2459
f 2634//2634 2635//2635 2636//2636
f 2637//2637 2638//2638 2639//2639
f 2635//2635 2634//2634 2640//2640
f 2641//2641 2639//2639 2638//2638
f 2467//2467 2466//2466 2642//2642
f 2643//2643 2469//2469 2468//2468
f 2471//2471 2470//2470 2644//2644
f 2645//2645 2475//2475 2474//2474
f 2646//2646 2647//2647 2648//2648
f 2649//2649 2650//2650 2651//2651
f 2243//2243 2652//2652 2261//2261
f 2262//2262 2653//2653 2246//2246
f 2654//2654 2655//2655 2656//2656
f 2657//2657 2658//2658 2659//2659
f 2482//2482 2264//2264 2660//2660
f 2661//2661 2265//2265 2483//2483
f 2662//2662 2663//2663 2664//2664
f 2665//2665 2666//2666 2667//2667
f 2263//2263 2668//2668 2480//2480
f 2481//2481 2669//2669 2266//2266
f 2670//2670 2536//2536 2535//2535
f 2538//2538 2537//2537 2671//2671
f 2672//2672 2673//2673 2674//2674
f 2675//2675 2676//2676 2677//2677
f 2655//2655 2654//2654 2678//2678
f 2679//2679 2659//2659 2658//2658
f 2494//2494 2288//2288 2680//2680
f 2681//2681 2289//2289 2495//2495
f 2682//2682 2683//2683 2684//2684
f 2685//2685 2686//2686 2687//2687
f 2487//2487 2486//2486 2688//2688
f 2689//2689 2491//2491 2490//2490
f 2690//2690 2691//2691 2692//2692
f 2693//2693 2694//2694 2695//2695
f 2696//2696 2697//2697 2698//2698
f 2699//2699 2700//2700 2701//2701
f 2702//2702 2703//2703 2704//2704
f 2705//2705 2706//2706 2707//2707
f 2708//2708 2709//2709 2710//2710
f 2711//2711 2712//2712 2713//2713
f 2497//2497 2496//2496 2714//2714
f 2715//2715 2501//2501 2500//2500
f 2504//2504 2503//2503 2716//2716
f 2717//2717 2508//2508 2507//2507
f 2509//2509 2718//2718 2719//2719
f 2720//2720 2721//2721 2510//2510
f 2607//2607 2606//2606 2722//2722
f 2723//2723 2611//2611 2610//2610
f 2601//2601 2600//2600 2724//2724
f 2725//2725 2605//2605 2604//2604
f 2509//2509 2515//2515 2718//2718
f 2721//2721 2516//2516 2510//2510
f 2719//2719 2726//2726 2727//2727
f 2728//2728 2729//2729 2720//2720
f 2697//2697 2696//2696 2730//2730
f 2731//2731 2701//2701 2700//2700
f 2535//2535 2357//2357 2527//2527
f 2528//2528 2358//2358 2538//2538
f 2719//2719 2718//2718 2726//2726
f 2729//2729 2721//2721 2720//2720
f 2691//2691 2690//2690 2732//2732
f 2733//2733 2695//2695 2694//2694
f 2542//2542 2541//2541 2734//2734
f 2735//2735 2546//2546 2545//2545
f 2736//2736 2737//2737 2738//2738
f 2739//2739 2740//2740 2741//2741
f 2529//2529 2652//2652 2243//2243
f 2246//2246 2653//2653 2530//2530
f 2737//2737 2736//2736 2742//2742
f 2743//2743 2741//2741 2740//2740
f 2529//2529 2539//2539 2652//2652
f 2653//2653 2540//2540 2530//2530
f 2744//2744 2745//2745 2746//2746
f 2747//2747 2748//2748 2749//2749
f 2536//2536 2670//2670 2750//2750
f 2751//2751 2671//2671 2537//2537
f 2752//2752 2753//2753 2754//2754
f 2755//2755 2756//2756 2757//2757
f 2560//2560 2559//2559 2758//2758
f 2759//2759 2564//2564 2563//2563
f 2565//2565 2390//2390 2760//2760
f 2761//2761 2391//2391 2566//2566
f 2568//2568 2567//2567 2762//2762
f 2763//2763 2572//2572 2571//2571
f 2753//2753 2752//2752 2764//2764
f 2765//2765 2757//2757 2756//2756
f 2396//2396 2573//2573 2766//2766
f 2767//2767 2574//2574 2397//2397
f 2581//2581 2400//2400 2768//2768
f 2769//2769 2401//2401 2582//2582
f 2770//2770 2771//2771 2772//2772
f 2773//2773 2774//2774 2775//2775
f 2771//2771 2770//2770 2776//2776
f 2777//2777 2775//2775 2774//2774
f 2778//2778 2589//2589 2410//2410
f 2591//2591 2590//2590 2779//2779
f 2780//2780 2595//2595 2594//2594
f 2207//2207 2781//2781 2596//2596
f 2597//2597 2782//2782 2210//2210
f 2783//2783 2784//2784 2785//2785
f 2786//2786 2787//2787 2788//2788
f 2789//2789 2008//2008 2598//2598
f 2599//2599 2009//2009 2790//2790
f 2785//2785 2791//2791 2792//2792
f 2793//2793 2794//2794 2786//2786
f 2207//2207 2416//2416 2795//2795
f 2796//2796 2417//2417 2210//2210
f 2797//2797 2613//2613 2612//2612
f 2615//2615 2614//2614 2798//2798
f 2616//2616 2008//2008 2799//2799
f 2800//2800 2009//2009 2617//2617
f 2801//2801 2802//2802 2618//2618
f 2621//2621 2803//2803 2804//2804
f 2619//2619 2618//2618 2802//2802
f 2803//2803 2621//2621 2620//2620
f 2805//2805 2806//2806 2807//2807
f 2808//2808 2809//2809 2810//2810
f 2811//2811 2812//2812 2813//2813
f 2814//2814 2815//2815 2816//2816
f 2817//2817 2818//2818 2819//2819
f 2820//2820 2821//2821 2822//2822
f 2823//2823 2824//2824 2825//2825
f 2826//2826 2827//2827 2828//2828
f 2829//2829 2830//2830 2831//2831
f 2832//2832 2833//2833 2834//2834
f 2750//2750 2642//2642 2466//2466
f 2469//2469 2643//2643 2751//2751
f 2647//2647 2646//2646 2835//2835
f 2836//2836 2651//2651 2650//2650
f 2454//2454 2630//2630 2837//2837
f 2838//2838 2631//2631 2455//2455
f 2482//2482 2660//2660 2839//2839
f 2840//2840 2661//2661 2483//2483
f 2841//2841 2842//2842 2843//2843
f 2844//2844 2845//2845 2846//2846
f 2847//2847 2848//2848 2849//2849
f 2850//2850 2851//2851 2852//2852
f 2830//2830 2829//2829 2853//2853
f 2854//2854 2834//2834 2833//2833
f 2663//2663 2662//2662 2855//2855
f 2856//2856 2667//2667 2666//2666
f 2727//2727 2668//2668 2263//2263
f 2266//2266 2669//2669 2728//2728
f 2673//2673 2672//2672 2857//2857
f 2858//2858 2677//2677 2676//2676
f 2709//2709 2708//2708 2859//2859
f 2860//2860 2713//2713 2712//2712
f 2494//2494 2680//2680 2861//2861
f 2862//2862 2681//2681 2495//2495
f 2683//2683 2682//2682 2863//2863
f 2864//2864 2687//2687 2686//2686
f 2861//2861 2680//2680 2865//2865
f 2866//2866 2681//2681 2862//2862
f 2703//2703 2702//2702 2867//2867
f 2868//2868 2707//2707 2706//2706
f 2727//2727 2726//2726 2869//2869
f 2870//2870 2729//2729 2728//2728
f 2745//2745 2744//2744 2871//2871
f 2872//2872 2749//2749 2748//2748
f 2642//2642 2750//2750 2670//2670
f 2671//2671 2751//2751 2643//2643
f 2812//2812 2811//2811 2873//2873
f 2874//2874 2816//2816 2815//2815
f 2818//2818 2817//2817 2875//2875
f 2876//2876 2822//2822 2821//2821
f 2824//2824 2823//2823 2877//2877
f 2878//2878 2828//2828 2827//2827
f 2207//2207 2879//2879 2781//2781
f 2782//2782 2880//2880 2210//2210
f 2881//2881 2882//2882 2783//2783
f 2788//2788 2883//2883 2884//2884
f 2784//2784 2783//2783 2882//2882
f 2883//2883 2788//2788 2787//2787
f 2791//2791 2785//2785 2784//2784
f 2787//2787 2786//2786 2794//2794
f 2885//2885 2008//2008 2789//2789
f 2790//2790 2009//2009 2886//2886
f 2792//2792 2887//2887 2888//2888
f 2889//2889 2890//2890 2793//2793
f 2887//2887 2792//2792 2791//2791
f 2794//2794 2793//2793 2890//2890
f 2613//2613 2797//2797 2891//2891
f 2892//2892 2798//2798 2614//2614
f 2207//2207 2795//2795 2893//2893
f 2894//2894 2796//2796 2210//2210
f 2806//2806 2805//2805 2895//2895
f 2896//2896 2810//2810 2809//2809
f 2799//2799 2008//2008 2897//2897
f 2898//2898 2009//2009 2800//2800
f 2899//2899 2801//2801 2900//2900
f 2901//2901 2804//2804 2902//2902
f 2802//2802 2801//2801 2903//2903
f 2904//2904 2804//2804 2803//2803
f 2895//2895 2805//2805 2905//2905
f 2906//2906 2810//2810 2896//2896
f 2907//2907 2908//2908 2909//2909
f 2910//2910 2911//2911 2912//2912
f 2842//2842 2841//2841 2913//2913
f 2914//2914 2846//2846 2845//2845
f 2908//2908 2907//2907 2915//2915
f 2916//2916 2912//2912 2911//2911
f 2848//2848 2847//2847 2917//2917
f 2918//2918 2852//2852 2851//2851
f 2727//2727 2869//2869 2668//2668
f 2669//2669 2870//2870 2728//2728
f 2919//2919 2920//2920 2921//2921
f 2922//2922 2923//2923 2924//2924
f 2861//2861 2865//2865 2925//2925
f 2926//2926 2866//2866 2862//2862
f 2920//2920 2919//2919 2927//2927
f 2928//2928 2924//2924 2923//2923
f 2207//2207 2929//2929 2879//2879
f 2880//2880 2930//2930 2210//2210
f 2931//2931 2932//2932 2881//2881
f 2884//2884 2933//2933 2934//2934
f 2882//2882 2881//2881 2932//2932
f 2933//2933 2884//2884 2883//2883
f 2935//2935 2936//2936 2937//2937
f 2938//2938 2939//2939 2940//2940
f 2941//2941 2008//2008 2885//2885
f 2886//2886 2009//2009 2942//2942
f 2888//2888 2943//2943 2944//2944
f 2945//2945 2946//2946 2889//2889
f 2943//2943 2888//2888 2887//2887
f 2890//2890 2889//2889 2946//2946
f 2935//2935 2947//2947 2936//2936
f 2939//2939 2948//2948 2940//2940
f 2949//2949 2891//2891 2797//2797
f 2798//2798 2892//2892 2950//2950
f 2891//2891 2949//2949 2951//2951
f 2952//2952 2950//2950 2892//2892
f 2207//2207 2893//2893 2953//2953
f 2954//2954 2894//2894 2210//2210
f 2897//2897 2008//2008 2955//2955
f 2956//2956 2009//2009 2898//2898
f 2957//2957 2900//2900 2958//2958
f 2959//2959 2901//2901 2960//2960
f 2801//2801 2899//2899 2903//2903
f 2904//2904 2902//2902 2804//2804
f 2900//2900 2957//2957 2899//2899
f 2902//2902 2960//2960 2901//2901
f 2961//2961 2905//2905 2962//2962
f 2963//2963 2906//2906 2964//2964
f 2895//2895 2905//2905 2961//2961
f 2964//2964 2906//2906 2896//2896
f 2207//2207 2965//2965 2929//2929
f 2930//2930 2966//2966 2210//2210
f 2967//2967 2931//2931 2968//2968
f 2969//2969 2934//2934 2970//2970
f 2932//2932 2931//2931 2971//2971
f 2972//2972 2934//2934 2933//2933
f 2973//2973 2947//2947 2935//2935
f 2940//2940 2948//2948 2974//2974
f 2975//2975 2008//2008 2941//2941
f 2942//2942 2009//2009 2976//2976
f 2943//2943 2977//2977 2944//2944
f 2945//2945 2978//2978 2946//2946
f 2973//2973 2979//2979 2947//2947
f 2948//2948 2980//2980 2974//2974
f 2949//2949 2981//2981 2951//2951
f 2952//2952 2982//2982 2950//2950
f 2207//2207 2953//2953 2983//2983
f 2984//2984 2954//2954 2210//2210
f 2955//2955 2008//2008 2975//2975
f 2976//2976 2009//2009 2956//2956
f 2985//2985 2958//2958 2986//2986
f 2987//2987 2959//2959 2988//2988
f 2958//2958 2985//2985 2957//2957
f 2960//2960 2988//2988 2959//2959
f 2989//2989 2962//2962 2990//2990
f 2991//2991 2963//2963 2992//2992
f 2993//2993 2990//2990 2994//2994
f 2995//2995 2991//2991 2996//2996
f 2961//2961 2962//2962 2989//2989
f 2992//2992 2963//2963 2964//2964
f 2207//2207 2997//2997 2965//2965
f 2966//2966 2998//2998 2210//2210
f 2999//2999 2968//2968 3000//3000
f 3001//3001 2969//2969 3002//3002
f 2931//2931 2967//2967 2971//2971
f 2972//2972 2970//2970 2934//2934
f 2968//2968 2999//2999 2967//2967
f 2970//2970 3002//3002 2969//2969
f 3003//3003 2979//2979 2973//2973
f 2974//2974 2980//2980 3004//3004
f 3005//3005 3006//3006 2977//2977
f 2978//2978 3007//3007 3008//3008
f 2977//2977 2943//2943 3005//3005
f 3008//3008 2946//2946 2978//2978
f 2981//2981 2949//2949 3009//3009
f 3010//3010 2950//2950 2982//2982
f 3009//3009 3011//3011 2981//2981
f 2982//2982 3012//3012 3010//3010
f 2207//2207 2983//2983 2997//2997
f 2998//2998 2984//2984 2210//2210
f 3013//3013 2986//2986 3006//3006
f 3007//3007 2987//2987 3014//3014
f 2986//2986 3013//3013 2985//2985
f 2988//2988 3014//3014 2987//2987
f 3015//3015 2994//2994 3016//3016
f 3017//3017 2995//2995 3018//3018
f 2989//2989 2990//2990 2993//2993
f 2996//2996 2991//2991 2992//2992
f 2993//2993 2994//2994 3015//3015
f 3018//3018 2995//2995 2996//2996
f 3019//3019 3020//3020 3021//3021
f 3022//3022 3023//3023 3024//3024
f 3020//3020 3019//3019 3025//3025
f 3026//3026 3024//3024 3023//3023
f 3027//3027 3028//3028 3003//3003
f 3004//3004 3029//3029 3030//3030
f 3031//3031 3032//3032 3027//3027
f 3030//3030 3033//3033 3034//3034
f 3003//3003 3028//3028 2979//2979
f 2980//2980 3029//3029 3004//3004
f 3006//3006 3005//3005 3013//3013
f 3014//3014 3008//3008 3007//3007
f 3011//3011 3009//3009 3035//3035
f 3036//3036 3010//3010 3012//3012
f 3035//3035 3021//3021 3011//3011
f 3012//3012 3022//3022 3036//3036
f 3031//3031 3016//3016 3032//3032
f 3033//3033 3017//3017 3034//3034
f 3015//3015 3016//3016 3031//3031
f 3034//3034 3017//3017 3018//3018
f 3021//3021 3035//3035 3019//3019
f 3024//3024 3036//3036 3022//3022
f 3027//3027 3032//3032 3028//3028
f 3029//3029 3033//3033 3030//3030
f 3037//3037 3038//3038 3039//3039
f 3040//3040 3041//3041 3042//3042
f 3043//3043 3044//3044 3045//3045
f 3039//3039 3038//3038 3046//3046
f 3047//3047 3048//3048 3049//3049
f 3050//3050 3051//3051 3052//3052
f 3046//3046 3053//3053 3054//3054
f 3055//3055 3056//3056 3057//3057
f 3058//3058 3059//3059 3060//3060
f 3061//3061 3062//3062 3037//3037
f 3063//3063 3064//3064 3065//3065
f 3066//3066 3067//3067 3068//3068
f 3069//3069 3061//3061 3070//3070
f 3071//3071 3072//3072 3073//3073
f 3074//3074 3075//3075 3076//3076
f 3069//3069 3070//3070 3077//3077
f 3078//3078 3079//3079 3080//3080
f 3081//3081 3082//3082 3083//3083
f 3069//3069 3077//3077 3084//3084
f 3085//3085 3086//3086 3087//3087
f 3088//3088 3089//3089 3090//3090
f 3091//3091 3084//3084 3092//3092
f 3093//3093 3094//3094 3095//3095
f 3096//3096 3097//3097 3098//3098
f 3037//3037 3099//3099 3038//3038
f 3041//3041 3040//3040 3100//3100
f 3101//3101 3045//3045 3044//3044
f 3064//3064 3063//3063 3102//3102
f 3103//3103 3068//3068 3067//3067
f 3046//3046 3038//3038 3053//3053
f 3048//3048 3047//3047 3104//3104
f 3105//3105 3052//3052 3051//3051
f 3054//3054 3053//3053 3106//3106
f 3056//3056 3055//3055 3107//3107
f 3108//3108 3060//3060 3059//3059
f 3109//3109 3110//3110 3111//3111
f 3112//3112 3113//3113 3114//3114
f 3062//3062 3061//3061 3069//3069
f 3062//3062 3099//3099 3037//3037
f 3072//3072 3071//3071 3115//3115
f 3116//3116 3076//3076 3075//3075
f 3079//3079 3078//3078 3117//3117
f 3118//3118 3083//3083 3082//3082
f 3069//3069 3084//3084 3091//3091
f 3086//3086 3085//3085 3119//3119
f 3120//3120 3090//3090 3089//3089
f 3091//3091 3092//3092 3121//3121
f 3094//3094 3093//3093 3122//3122
f 3123//3123 3098//3098 3097//3097
f 3124//3124 3125//3125 3126//3126
f 3127//3127 3128//3128 3129//3129
f 3130//3130 3131//3131 3132//3132
f 3133//3133 3134//3134 3135//3135
f 3136//3136 3132//3132 3131//3131
f 3134//3134 3133//3133 3137//3137
f 3138//3138 3136//3136 3131//3131
f 3134//3134 3137//3137 3139//3139
f 3140//3140 3141//3141 3142//3142
f 3143//3143 3144//3144 3145//3145
f 3130//3130 3132//3132 3146//3146
f 3147//3147 3133//3133 3135//3135
f 3132//3132 3148//3148 3146//3146
f 3147//3147 3149//3149 3133//3133
f 3106//3106 3053//3053 3150//3150
f 3151//3151 3146//3146 3152//3152
f 3153//3153 3147//3147 3154//3154
f 3146//3146 3155//3155 3152//3152
f 3153//3153 3156//3156 3147//3147
f 3110//3110 3109//3109 3157//3157
f 3158//3158 3114//3114 3113//3113
f 3159//3159 3160//3160 3161//3161
f 3162//3162 3163//3163 3164//3164
f 3165//3165 3099//3099 3062//3062
f 3136//3136 3166//3166 3148//3148
f 3149//3149 3167//3167 3137//3137
f 3132//3132 3136//3136 3148//3148
f 3149//3149 3137//3137 3133//3133
f 3148//3148 3166//3166 3155//3155
f 3156//3156 3167//3167 3149//3149
f 3146//3146 3148//3148 3155//3155
f 3156//3156 3149//3149 3147//3147
f 3168//3168 3169//3169 3170//3170
f 3171//3171 3172//3172 3173//3173
f 3155//3155 3166//3166 3174//3174
f 3175//3175 3167//3167 3156//3156
f 3152//3152 3155//3155 3174//3174
f 3175//3175 3156//3156 3153//3153
f 3121//3121 3092//3092 3176//3176
f 3177//3177 3178//3178 3179//3179
f 3180//3180 3181//3181 3182//3182
f 3183//3183 3184//3184 3185//3185
f 3186//3186 3187//3187 3188//3188
f 3174//3174 3189//3189 3190//3190
f 3191//3191 3192//3192 3175//3175
f 3193//3193 3174//3174 3190//3190
f 3191//3191 3175//3175 3194//3194
f 3178//3178 3177//3177 3195//3195
f 3196//3196 3182//3182 3181//3181
f 3125//3125 3124//3124 3197//3197
f 3198//3198 3129//3129 3128//3128
f 3199//3199 3131//3131 3130//3130
f 3135//3135 3134//3134 3200//3200
f 3136//3136 3138//3138 3166//3166
f 3167//3167 3139//3139 3137//3137
f 3199//3199 3138//3138 3131//3131
f 3134//3134 3139//3139 3200//3200
f 3141//3141 3140//3140 3201//3201
f 3202//3202 3145//3145 3144//3144
f 3130//3130 3146//3146 3151//3151
f 3154//3154 3147//3147 3135//3135
f 3203//3203 3204//3204 3205//3205
f 3206//3206 3207//3207 3208//3208
f 3106//3106 3150//3150 3209//3209
f 3151//3151 3152//3152 3193//3193
f 3194//3194 3153//3153 3154//3154
f 3152//3152 3174//3174 3193//3193
f 3194//3194 3175//3175 3153//3153
f 3210//3210 3211//3211 3212//3212
f 3213//3213 3214//3214 3215//3215
f 3211//3211 3210//3210 3216//3216
f 3217//3217 3215//3215 3214//3214
f 3160//3160 3159//3159 3218//3218
f 3219//3219 3164//3164 3163//3163
f 3169//3169 3168//3168 3220//3220
f 3221//3221 3173//3173 3172//3172
f 3165//3165 3222//3222 3099//3099
f 3223//3223 3224//3224 3225//3225
f 3226//3226 3227//3227 3228//3228
f 3184//3184 3183//3183 3229//3229
f 3230//3230 3188//3188 3187//3187
f 3174//3174 3166//3166 3189//3189
f 3192//3192 3167//3167 3175//3175
f 3121//3121 3176//3176 3231//3231
f 3232//3232 3233//3233 3234//3234
f 3235//3235 3236//3236 3237//3237
f 3238//3238 3239//3239 3240//3240
f 3241//3241 3242//3242 3243//3243
f 3190//3190 3189//3189 3244//3244
f 3245//3245 3192//3192 3191//3191
f 3193//3193 3190//3190 3246//3246
f 3247//3247 3191//3191 3194//3194
f 3190//3190 3244//3244 3248//3248
f 3249//3249 3245//3245 3191//3191
f 3246//3246 3190//3190 3248//3248
f 3249//3249 3191//3191 3247//3247
f 3250//3250 3251//3251 3252//3252
f 3253//3253 3254//3254 3255//3255
f 3199//3199 3256//3256 3138//3138
f 3139//3139 3257//3257 3200//3200
f 3204//3204 3203//3203 3258//3258
f 3259//3259 3208//3208 3207//3207
f 3209//3209 3150//3150 3260//3260
f 3151//3151 3193//3193 3261//3261
f 3262//3262 3194//3194 3154//3154
f 3261//3261 3193//3193 3246//3246
f 3247//3247 3194//3194 3262//3262
f 3263//3263 3264//3264 3265//3265
f 3266//3266 3267//3267 3268//3268
f 3224//3224 3223//3223 3269//3269
f 3270//3270 3228//3228 3227//3227
f 3271//3271 3222//3222 3165//3165
f 3272//3272 3273//3273 3274//3274
f 3275//3275 3276//3276 3277//3277
f 3231//3231 3176//3176 3278//3278
f 3233//3233 3232//3232 3279//3279
f 3280//3280 3237//3237 3236//3236
f 3239//3239 3238//3238 3281//3281
f 3282//3282 3243//3243 3242//3242
f 3248//3248 3283//3283 3284//3284
f 3285//3285 3286//3286 3249//3249
f 3287//3287 3248//3248 3284//3284
f 3285//3285 3249//3249 3288//3288
f 3248//3248 3244//3244 3283//3283
f 3286//3286 3245//3245 3249//3249
f 3246//3246 3248//3248 3287//3287
f 3288//3288 3249//3249 3247//3247
f 3251//3251 3250//3250 3289//3289
f 3290//3290 3255//3255 3254//3254
f 3291//3291 3256//3256 3199//3199
f 3200//3200 3257//3257 3292//3292
f 3293//3293 3294//3294 3295//3295
f 3296//3296 3297//3297 3298//3298
f 3209//3209 3260//3260 3299//3299
f 3261//3261 3246//3246 3300//3300
f 3301//3301 3247//3247 3262//3262
f 3264//3264 3263//3263 3302//3302
f 3303//3303 3268//3268 3267//3267
f 3300//3300 3246//3246 3287//3287
f 3288//3288 3247//3247 3301//3301
f 3222//3222 3271//3271 3304//3304
f 3273//3273 3272//3272 3305//3305
f 3306//3306 3277//3277 3276//3276
f 3291//3291 3307//3307 3256//3256
f 3257//3257 3308//3308 3292//3292
f 3231//3231 3278//3278 3309//3309
f 3310//3310 3311//3311 3312//3312
f 3313//3313 3314//3314 3315//3315
f 3316//3316 3317//3317 3318//3318
f 3319//3319 3320//3320 3321//3321
f 3284//3284 3283//3283 3322//3322
f 3323//3323 3286//3286 3285//3285
f 3287//3287 3284//3284 3324//3324
f 3325//3325 3285//3285 3288//3288
f 3326//3326 3327//3327 3328//3328
f 3329//3329 3330//3330 3331//3331
f 3294//3294 3293//3293 3332//3332
f 3333//3333 3298//3298 3297//3297
f 3299//3299 3260//3260 3334//3334
f 3335//3335 3336//3336 3337//3337
f 3338//3338 3339//3339 3340//3340
f 3300//3300 3287//3287 3324//3324
f 3325//3325 3288//3288 3301//3301
f 3341//3341 3342//3342 3343//3343
f 3344//3344 3345//3345 3346//3346
f 3342//3342 3341//3341 3347//3347
f 3348//3348 3346//3346 3345//3345
f 3307//3307 3291//3291 3349//3349
f 3350//3350 3292//3292 3308//3308
f 3231//3231 3309//3309 3351//3351
f 3311//3311 3310//3310 3352//3352
f 3353//3353 3315//3315 3314//3314
f 3317//3317 3316//3316 3354//3354
f 3355//3355 3321//3321 3320//3320
f 3322//3322 3283//3283 3356//3356
f 3357//3357 3286//3286 3323//3323
f 3324//3324 3284//3284 3322//3322
f 3323//3323 3285//3285 3325//3325
f 3336//3336 3335//3335 3358//3358
f 3359//3359 3340//3340 3339//3339
f 3327//3327 3326//3326 3360//3360
f 3361//3361 3331//3331 3330//3330
f 3362//3362 3363//3363 3364//3364
f 3365//3365 3366//3366 3367//3367
f 3334//3334 3260//3260 3368//3368
f 3300//3300 3324//3324 3369//3369
f 3370//3370 3325//3325 3301//3301
f 3351//3351 3309//3309 3371//3371
f 3372//3372 3373//3373 3374//3374
f 3375//3375 3376//3376 3377//3377
f 3378//3378 3379//3379 3380//3380
f 3381//3381 3382//3382 3383//3383
f 3322//3322 3356//3356 3384//3384
f 3385//3385 3357//3357 3323//3323
f 3324//3324 3322//3322 3386//3386
f 3387//3387 3323//3323 3325//3325
f 3388//3388 3389//3389 3390//3390
f 3391//3391 3392//3392 3393//3393
f 3363//3363 3362//3362 3394//3394
f 3395//3395 3367//3367 3366//3366
f 3334//3334 3368//3368 3396//3396
f 3369//3369 3324//3324 3386//3386
f 3387//3387 3325//3325 3370//3370
f 3351//3351 3371//3371 3397//3397
f 3373//3373 3372//3372 3398//3398
f 3399//3399 3377//3377 3376//3376
f 3379//3379 3378//3378 3400//3400
f 3401//3401 3383//3383 3382//3382
f 3384//3384 3356//3356 3402//3402
f 3403//3403 3357//3357 3385//3385
f 3386//3386 3322//3322 3384//3384
f 3385//3385 3323//3323 3387//3387
f 3389//3389 3388//3388 3404//3404
f 3405//3405 3393//3393 3392//3392
f 3406//3406 3407//3407 3408//3408
f 3409//3409 3410//3410 3411//3411
f 3396//3396 3368//3368 3412//3412
f 3369//3369 3386//3386 3413//3413
f 3414//3414 3387//3387 3370//3370
f 3397//3397 3371//3371 3415//3415
f 3416//3416 3417//3417 3418//3418
f 3419//3419 3420//3420 3421//3421
f 3422//3422 3423//3423 3424//3424
f 3425//3425 3426//3426 3427//3427
f 3384//3384 3402//3402 3428//3428
f 3429//3429 3403//3403 3385//3385
f 3386//3386 3384//3384 3430//3430
f 3431//3431 3385//3385 3387//3387
f 3432//3432 3433//3433 3434//3434
f 3435//3435 3436//3436 3437//3437
f 3407//3407 3406//3406 3438//3438
f 3439//3439 3411//3411 3410//3410
f 3396//3396 3412//3412 3440//3440
f 3413//3413 3386//3386 3430//3430
f 3431//3431 3387//3387 3414//3414
f 3397//3397 3415//3415 3441//3441
f 3417//3417 3416//3416 3442//3442
f 3443//3443 3421//3421 3420//3420
f 3423//3423 3422//3422 3444//3444
f 3445//3445 3427//3427 3426//3426
f 3397//3397 3441//3441 3446//3446
f 3428//3428 3402//3402 3447//3447
f 3448//3448 3403//3403 3429//3429
f 3430//3430 3384//3384 3428//3428
f 3429//3429 3385//3385 3431//3431
f 3433//3433 3432//3432 3449//3449
f 3450//3450 3437//3437 3436//3436
f 3451//3451 3452//3452 3453//3453
f 3454//3454 3455//3455 3456//3456
f 3440//3440 3412//3412 3457//3457
f 3413//3413 3430//3430 3458//3458
f 3459//3459 3431//3431 3414//3414
f 3460//3460 3461//3461 3462//3462
f 3463//3463 3464//3464 3465//3465
f 3466//3466 3467//3467 3468//3468
f 3469//3469 3470//3470 3471//3471
f 3447//3447 3402//3402 3472//3472
f 3473//3473 3403//3403 3448//3448
f 3446//3446 3441//3441 3474//3474
f 3461//3461 3460//3460 3475//3475
f 3476//3476 3465//3465 3464//3464
f 3477//3477 3428//3428 3447//3447
f 3448//3448 3429//3429 3478//3478
f 3430//3430 3428//3428 3477//3477
f 3478//3478 3429//3429 3431//3431
f 3479//3479 3480//3480 3481//3481
f 3482//3482 3483//3483 3484//3484
f 3452//3452 3451//3451 3485//3485
f 3486//3486 3456//3456 3455//3455
f 3440//3440 3457//3457 3487//3487
f 3458//3458 3430//3430 3477//3477
f 3478//3478 3431//3431 3459//3459
f 3467//3467 3466//3466 3488//3488
f 3489//3489 3471//3471 3470//3470
f 3446//3446 3490//3490 3491//3491
f 3447//3447 3472//3472 3492//3492
f 3493//3493 3473//3473 3448//3448
f 3494//3494 3495//3495 3496//3496
f 3497//3497 3498//3498 3499//3499
f 3446//3446 3474//3474 3457//3457
f 3495//3495 3494//3494 3500//3500
f 3501//3501 3499//3499 3498//3498
f 3477//3477 3447//3447 3502//3502
f 3503//3503 3448//3448 3478//3478
f 3480//3480 3479//3479 3504//3504
f 3505//3505 3484//3484 3483//3483
f 3506//3506 3507//3507 3508//3508
f 3509//3509 3510//3510 3511//3511
f 3487//3487 3457//3457 3512//3512
f 3458//3458 3477//3477 3502//3502
f 3503//3503 3478//3478 3459//3459
f 3513//3513 3514//3514 3515//3515
f 3516//3516 3517//3517 3518//3518
f 3519//3519 3472//3472 3520//3520
f 3521//3521 3473//3473 3522//3522
f 3446//3446 3457//3457 3490//3490
f 3491//3491 3490//3490 3523//3523
f 3492//3492 3472//3472 3458//3458
f 3459//3459 3473//3473 3493//3493
f 3502//3502 3447//3447 3492//3492
f 3493//3493 3448//3448 3503//3503
f 3524//3524 3525//3525 3526//3526
f 3527//3527 3528//3528 3529//3529
f 3512//3512 3457//3457 3474//3474
f 3530//3530 3531//3531 3532//3532
f 3533//3533 3534//3534 3535//3535
f 3507//3507 3506//3506 3536//3536
f 3537//3537 3511//3511 3510//3510
f 3458//3458 3472//3472 3519//3519
f 3522//3522 3473//3473 3459//3459
f 3531//3531 3530//3530 3538//3538
f 3539//3539 3535//3535 3534//3534
f 3458//3458 3502//3502 3492//3492
f 3493//3493 3503//3503 3459//3459
f 3514//3514 3513//3513 3540//3540
f 3541//3541 3518//3518 3517//3517
f 3491//3491 3523//3523 3542//3542
f 3519//3519 3520//3520 3543//3543
f 3544//3544 3521//3521 3522//3522
f 3545//3545 3546//3546 3547//3547
f 3548//3548 3549//3549 3550//3550
f 3525//3525 3524//3524 3551//3551
f 3552//3552 3529//3529 3528//3528
f 3546//3546 3545//3545 3553//3553
f 3554//3554 3550//3550 3549//3549
f 3555//3555 3556//3556 3557//3557
f 3558//3558 3559//3559 3560//3560
f 3543//3543 3520//3520 3561//3561
f 3562//3562 3521//3521 3544//3544
f 3556//3556 3555//3555 3563//3563
f 3564//3564 3560//3560 3559//3559
f 3565//3565 3566//3566 3567//3567
f 3568//3568 3569//3569 3570//3570
f 3571//3571 3572//3572 3573//3573
f 3574//3574 3575//3575 3576//3576
f 3566//3566 3565//3565 3577//3577
f 3578//3578 3570//3570 3569//3569
f 3572//3572 3571//3571 3579//3579
f 3580//3580 3576//3576 3575//3575
f 3581//3581 3582//3582 3583//3583
f 3584//3584 3585//3585 3586//3586
f 3587//3587 3588//3588 3589//3589
f 3590//3590 3591//3591 3592//3592
f 3593//3593 3594//3594 3595//3595
f 3596//3596 3597//3597 3598//3598
f 3599//3599 3600//3600 3601//3601
f 3602//3602 3603//3603 3604//3604
f 3605//3605 3606//3606 3607//3607
f 3608//3608 3609//3609 3610//3610
f 3611//3611 3577//3577 3565//3565
f 3570//3570 3578//3578 3612//3612
f 3613//3613 3579//3579 3571//3571
f 3576//3576 3580//3580 3614//3614
f 3582//3582 3581//3581 3615//3615
f 3616//3616 3586//3586 3585//3585
f 3617//3617 3618//3618 3619//3619
f 3620//3620 3621//3621 3622//3622
f 3588//3588 3587//3587 3623//3623
f 3624//3624 3592//3592 3591//3591
f 3594//3594 3593//3593 3625//3625
f 3626//3626 3598//3598 3597//3597
f 3600//3600 3599//3599 3627//3627
f 3628//3628 3604//3604 3603//3603
f 3629//3629 3627//3627 3599//3599
f 3604//3604 3628//3628 3630//3630
f 3631//3631 3632//3632 3633//3633
f 3634//3634 3635//3635 3636//3636
f 3606//3606 3605//3605 3637//3637
f 3638//3638 3610//3610 3609//3609
f 3639//3639 3640//3640 3641//3641
f 3642//3642 3643//3643 3644//3644
f 3577//3577 3611//3611 3645//3645
f 3646//3646 3612//3612 3578//3578
f 3579//3579 3613//3613 3647//3647
f 3648//3648 3614//3614 3580//3580
f 3649//3649 3615//3615 3581//3581
f 3586//3586 3616//3616 3650//3650
f 3618//3618 3617//3617 3651//3651
f 3652//3652 3622//3622 3621//3621
f 3653//3653 3623//3623 3587//3587
f 3592//3592 3624//3624 3654//3654
f 3655//3655 3625//3625 3593//3593
f 3598//3598 3626//3626 3656//3656
f 3627//3627 3629//3629 3657//3657
f 3658//3658 3630//3630 3628//3628
f 3659//3659 3660//3660 3661//3661
f 3662//3662 3663//3663 3664//3664
f 3632//3632 3631//3631 3665//3665
f 3666//3666 3636//3636 3635//3635
f 3667//3667 3637//3637 3605//3605
f 3610//3610 3638//3638 3668//3668
f 3640//3640 3639//3639 3669//3669
f 3670//3670 3644//3644 3643//3643
f 3671//3671 3672//3672 3673//3673
f 3674//3674 3675//3675 3676//3676
f 3672//3672 3671//3671 3677//3677
f 3678//3678 3676//3676 3675//3675
f 3637//3637 3667//3667 3679//3679
f 3680//3680 3668//3668 3638//3638
f 3615//3615 3649//3649 3681//3681
f 3682//3682 3650//3650 3616//3616
f 3683//3683 3651//3651 3617//3617
f 3622//3622 3652//3652 3684//3684
f 3623//3623 3653//3653 3685//3685
f 3686//3686 3654//3654 3624//3624
f 3625//3625 3655//3655 3687//3687
f 3688//3688 3656//3656 3626//3626
f 3689//3689 3690//3690 3691//3691
f 3692//3692 3693//3693 3694//3694
f 3660//3660 3659//3659 3695//3695
f 3696//3696 3664//3664 3663//3663
f 3697//3697 3665//3665 3631//3631
f 3636//3636 3666//3666 3698//3698
f 3699//3699 3669//3669 3639//3639
f 3644//3644 3670//3670 3700//3700
f 3701//3701 3702//3702 3703//3703
f 3704//3704 3705//3705 3706//3706
f 3707//3707 3677//3677 3671//3671
f 3676//3676 3678//3678 3708//3708
f 3651//3651 3683//3683 3709//3709
f 3710//3710 3684//3684 3652//3652
f 3711//3711 3712//3712 3713//3713
f 3714//3714 3715//3715 3716//3716
f 3690//3690 3689//3689 3717//3717
f 3718//3718 3694//3694 3693//3693
f 3719//3719 3695//3695 3659//3659
f 3664//3664 3696//3696 3720//3720
f 3721//3721 3717//3717 3689//3689
f 3694//3694 3718//3718 3722//3722
f 3665//3665 3697//3697 3723//3723
f 3724//3724 3698//3698 3666//3666
f 3669//3669 3699//3699 3725//3725
f 3726//3726 3700//3700 3670//3670
f 3702//3702 3701//3701 3727//3727
f 3728//3728 3706//3706 3705//3705
f 3677//3677 3707//3707 3729//3729
f 3730//3730 3708//3708 3678//3678
f 3731//3731 3732//3732 3733//3733
f 3734//3734 3735//3735 3736//3736
f 3732//3732 3731//3731 3737//3737
f 3738//3738 3736//3736 3735//3735
f 3739//3739 3740//3740 3741//3741
f 3742//3742 3743//3743 3744//3744
f 3712//3712 3711//3711 3745//3745
f 3746//3746 3716//3716 3715//3715
f 3747//3747 3745//3745 3711//3711
f 3716//3716 3746//3746 3748//3748
f 3695//3695 3719//3719 3749//3749
f 3750//3750 3720//3720 3696//3696
f 3717//3717 3721//3721 3751//3751
f 3752//3752 3722//3722 3718//3718
f 3753//3753 3727//3727 3701//3701
f 3706//3706 3728//3728 3754//3754
f 3737//3737 3755//3755 3756//3756
f 3757//3757 3758//3758 3738//3738
f 3755//3755 3737//3737 3731//3731
f 3736//3736 3738//3738 3758//3758
f 3759//3759 3760//3760 3761//3761
f 3762//3762 3763//3763 3764//3764
f 3765//3765 3766//3766 3767//3767
f 3768//3768 3769//3769 3770//3770
f 3771//3771 3772//3772 3773//3773
f 3774//3774 3775//3775 3776//3776
f 3740//3740 3739//3739 3777//3777
f 3778//3778 3744//3744 3743//3743
f 3745//3745 3747//3747 3779//3779
f 3780//3780 3748//3748 3746//3746
f 3727//3727 3753//3753 3781//3781
f 3782//3782 3754//3754 3728//3728
f 3760//3760 3759//3759 3783//3783
f 3784//3784 3764//3764 3763//3763
f 3766//3766 3765//3765 3785//3785
f 3786//3786 3770//3770 3769//3769
f 3787//3787 3788//3788 3789//3789
f 3790//3790 3791//3791 3792//3792
f 3793//3793 3794//3794 3795//3795
f 3796//3796 3797//3797 3798//3798
f 3772//3772 3771//3771 3799//3799
f 3800//3800 3776//3776 3775//3775
f 3801//3801 3777//3777 3739//3739
f 3744//3744 3778//3778 3802//3802
f 3803//3803 3783//3783 3759//3759
f 3764//3764 3784//3784 3804//3804
f 3805//3805 3785//3785 3765//3765
f 3770//3770 3786//3786 3806//3806
f 3788//3788 3787//3787 3807//3807
f 3808//3808 3792//3792 3791//3791
f 3809//3809 3810//3810 3811//3811
f 3812//3812 3813//3813 3814//3814
f 3794//3794 3793//3793 3815//3815
f 3816//3816 3798//3798 3797//3797
f 3817//3817 3799//3799 3771//3771
f 3776//3776 3800//3800 3818//3818
f 3819//3819 3815//3815 3793//3793
f 3798//3798 3816//3816 3820//3820
f 3777//3777 3801//3801 3821//3821
f 3822//3822 3802//3802 3778//3778
f 3783//3783 3803//3803 3823//3823
f 3824//3824 3804//3804 3784//3784
f 3825//3825 3807//3807 3787//3787
f 3792//3792 3808//3808 3826//3826
f 3785//3785 3805//3805 3827//3827
f 3828//3828 3806//3806 3786//3786
f 3829//3829 3830//3830 3809//3809
f 3814//3814 3831//3831 3832//3832
f 3810//3810 3809//3809 3830//3830
f 3831//3831 3814//3814 3813//3813
f 3833//3833 3834//3834 3835//3835
f 3836//3836 3837//3837 3838//3838
f 3799//3799 3817//3817 3839//3839
f 3840//3840 3818//3818 3800//3800
f 3815//3815 3819//3819 3841//3841
f 3842//3842 3820//3820 3816//3816
f 3834//3834 3833//3833 3843//3843
f 3844//3844 3838//3838 3837//3837
f 3830//3830 3829//3829 3845//3845
f 3846//3846 3832//3832 3831//3831
f 3807//3807 3825//3825 3847//3847
f 3848//3848 3826//3826 3808//3808
f 3849//3849 3843//3843 3833//3833
f 3838//3838 3844//3844 3850//3850
f 3843//3843 3849//3849 3851//3851
f 3852//3852 3850//3850 3844//3844
