# Created by Open3D 
# object name: 56efabe64ce30e08d7bc2c778b186f58
# number of vertices: 6336
# number of triangles: 3352
v 0.0808354 -0.267673 -0.0101526
vn 0 0 -0.0254
v 0.0485732 -0.270671 0.0526741
vn 0.00634987 0.00657578 -0.0236981
v 0.0472061 -0.270849 0.0519545
vn 0.006574 0 -0.0245345
v 0.0821775 -0.267498 -0.00938686
vn 0 0.00657578 -0.024534
v 0.0472061 -0.270849 0.0519545
vn -0.006574 0 0.0245345
v 0.0485732 -0.270671 0.0526741
vn -0.00634987 -0.00657578 0.0236981
v 0.0808354 -0.267673 -0.0101526
vn 0 -0 0.0254
v 0.0821775 -0.267498 -0.00938686
vn -0 -0.00657578 0.024534
v 0.0159646 -0.255472 0.113474
vn 0.012267 0.00657578 -0.0212471
v 0.0472061 -0.270849 0.0519545
vn 0.006574 0 -0.0245345
v 0.0485732 -0.270671 0.0526741
vn 0.00634987 0.00657578 -0.0236981
v 0.0485732 -0.270671 0.0526741
vn -0.00634987 -0.00657578 0.0236981
v 0.0472061 -0.270849 0.0519545
vn -0.006574 0 0.0245345
v 0.0159646 -0.255472 0.113474
vn -0.012267 -0.00657578 0.0212471
v 0.0458615 -0.270625 0.0512082
vn 0.00634987 -0.00657578 -0.0236981
v 0.0808354 -0.267673 -0.0101526
vn 0 0 -0.0254
v 0.0472061 -0.270849 0.0519545
vn 0.006574 0 -0.0245345
v 0.0472061 -0.270849 0.0519545
vn -0.006574 0 0.0245345
v 0.0808354 -0.267673 -0.0101526
vn 0 -0 0.0254
v 0.0458615 -0.270625 0.0512082
vn -0.00634987 0.00657578 0.0236981
v 0.11317 -0.24633 -0.0692902
vn -0.006574 0 -0.0245345
v 0.0821775 -0.267498 -0.00938686
vn 0 0.00657578 -0.024534
v 0.0808354 -0.267673 -0.0101526
vn 0 0 -0.0254
v 0.0808354 -0.267673 -0.0101526
vn 0 -0 0.0254
v 0.0821775 -0.267498 -0.00938686
vn -0 -0.00657578 0.024534
v 0.11317 -0.24633 -0.0692902
vn 0.006574 -0 0.0245345
v 0.0821775 -0.267498 -0.00938686
vn 0 0.00657578 -0.024534
v 0.0498666 -0.2701 0.0533153
vn 0.00569285 0.0127028 -0.021246
v 0.0485732 -0.270671 0.0526741
vn 0.00634987 0.00657578 -0.0236981
v 0.0485732 -0.270671 0.0526741
vn -0.00634987 -0.00657578 0.0236981
v 0.0498666 -0.2701 0.0533153
vn -0.00569285 -0.0127028 0.021246
v 0.0821775 -0.267498 -0.00938686
vn -0 -0.00657578 0.024534
v 0.014573 -0.255638 0.1128
vn 0.0127 0 -0.021997
v 0.014573 -0.255638 0.1128
vn -0.0127 0 0.021997
v 0.0485732 -0.270671 0.0526741
vn 0.00634987 0.00657578 -0.0236981
v 0.0173295 -0.254934 0.113982
vn 0.0109977 0.0127028 -0.0190486
v 0.0159646 -0.255472 0.113474
vn 0.012267 0.00657578 -0.0212471
v 0.0159646 -0.255472 0.113474
vn -0.012267 -0.00657578 0.0212471
v 0.0173295 -0.254934 0.113982
vn -0.0109977 -0.0127028 0.0190486
v 0.0485732 -0.270671 0.0526741
vn -0.00634987 -0.00657578 0.0236981
v 0.0794658 -0.267451 -0.0108528
vn 0 -0.00657578 -0.024534
v 0.0794658 -0.267451 -0.0108528
vn 0 0.00657578 0.024534
v 0.0472061 -0.270849 0.0519545
vn 0.006574 0 -0.0245345
v 0.0132528 -0.255426 0.112008
vn 0.012267 -0.00657578 -0.0212471
v 0.0458615 -0.270625 0.0512082
vn 0.00634987 -0.00657578 -0.0236981
v 0.0458615 -0.270625 0.0512082
vn -0.00634987 0.00657578 0.0236981
v 0.0132528 -0.255426 0.112008
vn -0.012267 0.00657578 0.0212471
v 0.0472061 -0.270849 0.0519545
vn -0.006574 0 0.0245345
v 0.114488 -0.24617 -0.0684807
vn -0.00634987 0.00657578 -0.0236981
v 0.114488 -0.24617 -0.0684807
vn 0.00634987 -0.00657578 0.0236981
v 0.0808354 -0.267673 -0.0101526
vn 0 0 -0.0254
v 0.111776 -0.246124 -0.0699466
vn -0.00634987 -0.00657578 -0.0236981
v 0.11317 -0.24633 -0.0692902
vn -0.006574 0 -0.0245345
v 0.11317 -0.24633 -0.0692902
vn 0.006574 -0 0.0245345
v 0.111776 -0.246124 -0.0699466
vn 0.00634987 0.00657578 0.0236981
v 0.0808354 -0.267673 -0.0101526
vn 0 -0 0.0254
v 0.0833972 -0.266934 -0.00860941
vn 0 0.0127028 -0.0219954
v 0.0833972 -0.266934 -0.00860941
vn -0 -0.0127028 0.0219954
v 0.0498666 -0.2701 0.0533153
vn 0.00569285 0.0127028 -0.021246
v 0.0498666 -0.2701 0.0533153
vn -0.00569285 -0.0127028 0.021246
v -0.0134256 -0.222935 0.168868
vn 0.0173482 0.00657578 -0.0173482
v 0.014573 -0.255638 0.1128
vn 0.0127 0 -0.021997
v 0.0159646 -0.255472 0.113474
vn 0.012267 0.00657578 -0.0212471
v 0.0159646 -0.255472 0.113474
vn -0.012267 -0.00657578 0.0212471
v 0.014573 -0.255638 0.1128
vn -0.0127 0 0.021997
v -0.0134256 -0.222935 0.168868
vn -0.0173482 -0.00657578 0.0173482
v 0.014573 -0.255638 0.1128
vn 0.0127 0 -0.021997
v 0.014573 -0.255638 0.1128
vn -0.0127 0 0.021997
v -0.0119966 -0.222469 0.169255
vn 0.0155531 0.0127028 -0.0155531
v 0.0159646 -0.255472 0.113474
vn 0.012267 0.00657578 -0.0212471
v 0.0173295 -0.254934 0.113982
vn 0.0109977 0.0127028 -0.0190486
v 0.0173295 -0.254934 0.113982
vn -0.0109977 -0.0127028 0.0190486
v 0.0159646 -0.255472 0.113474
vn -0.012267 -0.00657578 0.0212471
v -0.0119966 -0.222469 0.169255
vn -0.0155531 -0.0127028 0.0155531
v 0.0446322 -0.270011 0.0504856
vn 0.00569285 -0.0127028 -0.021246
v 0.0794658 -0.267451 -0.0108528
vn 0 -0.00657578 -0.024534
v 0.0458615 -0.270625 0.0512082
vn 0.00634987 -0.00657578 -0.0236981
v 0.0458615 -0.270625 0.0512082
vn -0.00634987 0.00657578 0.0236981
v 0.0794658 -0.267451 -0.0108528
vn 0 0.00657578 0.024534
v 0.0446322 -0.270011 0.0504856
vn -0.00569285 0.0127028 0.021246
v 0.0794658 -0.267451 -0.0108528
vn 0 -0.00657578 -0.024534
v 0.0794658 -0.267451 -0.0108528
vn 0 0.00657578 0.024534
v 0.012095 -0.254844 0.111152
vn 0.0109977 -0.0127028 -0.0190486
v 0.0458615 -0.270625 0.0512082
vn 0.00634987 -0.00657578 -0.0236981
v 0.0132528 -0.255426 0.112008
vn 0.012267 -0.00657578 -0.0212471
v 0.0132528 -0.255426 0.112008
vn -0.012267 0.00657578 0.0212471
v 0.0458615 -0.270625 0.0512082
vn -0.00634987 0.00657578 0.0236981
v 0.012095 -0.254844 0.111152
vn -0.0109977 0.0127028 0.0190486
v 0.11317 -0.24633 -0.0692902
vn -0.006574 0 -0.0245345
v 0.143302 -0.208139 -0.12058
vn -0.012267 0.00657578 -0.0212471
v 0.114488 -0.24617 -0.0684807
vn -0.00634987 0.00657578 -0.0236981
v 0.114488 -0.24617 -0.0684807
vn 0.00634987 -0.00657578 0.0236981
v 0.143302 -0.208139 -0.12058
vn 0.012267 -0.00657578 0.0212471
v 0.11317 -0.24633 -0.0692902
vn 0.006574 -0 0.0245345
v 0.114488 -0.24617 -0.0684807
vn -0.00634987 0.00657578 -0.0236981
v 0.0833972 -0.266934 -0.00860941
vn 0 0.0127028 -0.0219954
v 0.0821775 -0.267498 -0.00938686
vn 0 0.00657578 -0.024534
v 0.0821775 -0.267498 -0.00938686
vn -0 -0.00657578 0.024534
v 0.0833972 -0.266934 -0.00860941
vn -0 -0.0127028 0.0219954
v 0.114488 -0.24617 -0.0684807
vn 0.00634987 -0.00657578 0.0236981
v 0.14059 -0.208093 -0.122046
vn -0.012267 -0.00657578 -0.0212471
v 0.11317 -0.24633 -0.0692902
vn -0.006574 0 -0.0245345
v 0.111776 -0.246124 -0.0699466
vn -0.00634987 -0.00657578 -0.0236981
v 0.111776 -0.246124 -0.0699466
vn 0.00634987 0.00657578 0.0236981
v 0.11317 -0.24633 -0.0692902
vn 0.006574 -0 0.0245345
v 0.14059 -0.208093 -0.122046
vn 0.012267 0.00657578 0.0212471
v 0.0833972 -0.266934 -0.00860941
vn 0 0.0127028 -0.0219954
v 0.0510024 -0.269177 0.0538367
vn 0.00464784 0.0179631 -0.017346
v 0.0498666 -0.2701 0.0533153
vn 0.00569285 0.0127028 -0.021246
v 0.0498666 -0.2701 0.0533153
vn -0.00569285 -0.0127028 0.021246
v 0.0510024 -0.269177 0.0538367
vn -0.00464784 -0.0179631 0.017346
v 0.0833972 -0.266934 -0.00860941
vn -0 -0.0127028 0.0219954
v 0.0498666 -0.2701 0.0533153
vn 0.00569285 0.0127028 -0.021246
v 0.0185791 -0.254063 0.114291
vn 0.00897895 0.0179631 -0.015552
v 0.0173295 -0.254934 0.113982
vn 0.0109977 0.0127028 -0.0190486
v 0.0173295 -0.254934 0.113982
vn -0.0109977 -0.0127028 0.0190486
v 0.0185791 -0.254063 0.114291
vn -0.00897895 -0.0179631 0.015552
v 0.0498666 -0.2701 0.0533153
vn -0.00569285 -0.0127028 0.021246
v -0.0148392 -0.223077 0.168235
vn 0.0179605 0 -0.0179605
v -0.0148392 -0.223077 0.168235
vn -0.0179605 0 0.0179605
v -0.0134256 -0.222935 0.168868
vn 0.0173482 0.00657578 -0.0173482
v -0.0134256 -0.222935 0.168868
vn -0.0173482 -0.00657578 0.0173482
v 0.014573 -0.255638 0.1128
vn 0.0127 0 -0.021997
v -0.0161374 -0.222888 0.167402
vn 0.0173482 -0.00657578 -0.0173482
v 0.0132528 -0.255426 0.112008
vn 0.012267 -0.00657578 -0.0212471
v 0.0132528 -0.255426 0.112008
vn -0.012267 0.00657578 0.0212471
v -0.0161374 -0.222888 0.167402
vn -0.0173482 0.00657578 0.0173482
v 0.014573 -0.255638 0.1128
vn -0.0127 0 0.021997
v 0.0173295 -0.254934 0.113982
vn 0.0109977 0.0127028 -0.0190486
v -0.0106438 -0.221712 0.169369
vn 0.0126981 0.0179631 -0.0126981
v -0.0119966 -0.222469 0.169255
vn 0.0155531 0.0127028 -0.0155531
v -0.0119966 -0.222469 0.169255
vn -0.0155531 -0.0127028 0.0155531
v -0.0106438 -0.221712 0.169369
vn -0.0126981 -0.0179631 0.0126981
v 0.0173295 -0.254934 0.113982
vn -0.0109977 -0.0127028 0.0190486
v 0.0781628 -0.266845 -0.0114391
vn 0 -0.0127028 -0.0219954
v 0.0781628 -0.266845 -0.0114391
vn 0 0.0127028 0.0219954
v 0.0446322 -0.270011 0.0504856
vn 0.00569285 -0.0127028 -0.021246
v 0.0446322 -0.270011 0.0504856
vn -0.00569285 0.0127028 0.021246
v 0.0794658 -0.267451 -0.0108528
vn 0 -0.00657578 -0.024534
v 0.110402 -0.245563 -0.0704028
vn -0.00569285 -0.0127028 -0.021246
v 0.111776 -0.246124 -0.0699466
vn -0.00634987 -0.00657578 -0.0236981
v 0.111776 -0.246124 -0.0699466
vn 0.00634987 0.00657578 0.0236981
v 0.110402 -0.245563 -0.0704028
vn 0.00569285 0.0127028 0.021246
v 0.0794658 -0.267451 -0.0108528
vn 0 0.00657578 0.024534
v 0.0132528 -0.255426 0.112008
vn 0.012267 -0.00657578 -0.0212471
v -0.017231 -0.22238 0.166425
vn 0.0155531 -0.0127028 -0.0155531
v 0.012095 -0.254844 0.111152
vn 0.0109977 -0.0127028 -0.0190486
v 0.012095 -0.254844 0.111152
vn -0.0109977 0.0127028 0.0190486
v -0.017231 -0.22238 0.166425
vn -0.0155531 0.0127028 0.0155531
v 0.0132528 -0.255426 0.112008
vn -0.012267 0.00657578 0.0212471
v 0.142006 -0.20827 -0.121428
vn -0.0127 0 -0.021997
v 0.142006 -0.20827 -0.121428
vn 0.0127 -0 0.021997
v 0.144387 -0.207705 -0.119557
vn -0.0109977 0.0127028 -0.0190486
v 0.114488 -0.24617 -0.0684807
vn -0.00634987 0.00657578 -0.0236981
v 0.143302 -0.208139 -0.12058
vn -0.012267 0.00657578 -0.0212471
v 0.143302 -0.208139 -0.12058
vn 0.012267 -0.00657578 0.0212471
v 0.114488 -0.24617 -0.0684807
vn 0.00634987 -0.00657578 0.0236981
v 0.144387 -0.207705 -0.119557
vn 0.0109977 -0.0127028 0.0190486
v 0.115636 -0.245653 -0.0675731
vn -0.00569285 0.0127028 -0.021246
v 0.115636 -0.245653 -0.0675731
vn 0.00569285 -0.0127028 0.021246
v 0.142006 -0.20827 -0.121428
vn -0.0127 0 -0.021997
v 0.142006 -0.20827 -0.121428
vn 0.0127 -0 0.021997
v 0.111776 -0.246124 -0.0699466
vn -0.00634987 -0.00657578 -0.0236981
v 0.139153 -0.207616 -0.122387
vn -0.0109977 -0.0127028 -0.0190486
v 0.14059 -0.208093 -0.122046
vn -0.012267 -0.00657578 -0.0212471
v 0.14059 -0.208093 -0.122046
vn 0.012267 0.00657578 0.0212471
v 0.139153 -0.207616 -0.122387
vn 0.0109977 0.0127028 0.0190486
v 0.111776 -0.246124 -0.0699466
vn 0.00634987 0.00657578 0.0236981
v 0.0844154 -0.266023 -0.00787105
vn 0 0.0179631 -0.0179579
v 0.0844154 -0.266023 -0.00787105
vn -0 -0.0179631 0.0179579
v 0.0510024 -0.269177 0.0538367
vn 0.00464784 0.0179631 -0.017346
v 0.0510024 -0.269177 0.0538367
vn -0.00464784 -0.0179631 0.017346
v 0.0185791 -0.254063 0.114291
vn 0.00897895 0.0179631 -0.015552
v 0.0185791 -0.254063 0.114291
vn -0.00897895 -0.0179631 0.015552
v -0.0134256 -0.222935 0.168868
vn 0.0173482 0.00657578 -0.0173482
v -0.0390267 -0.175387 0.214484
vn 0.021997 0 -0.0127
v -0.0148392 -0.223077 0.168235
vn 0.0179605 0 -0.0179605
v -0.0148392 -0.223077 0.168235
vn -0.0179605 0 0.0179605
v -0.0390267 -0.175387 0.214484
vn -0.021997 0 0.0127
v -0.0134256 -0.222935 0.168868
vn -0.0173482 -0.00657578 0.0173482
v -0.0148392 -0.223077 0.168235
vn 0.0179605 0 -0.0179605
v -0.0148392 -0.223077 0.168235
vn -0.0179605 0 0.0179605
v -0.0119966 -0.222469 0.169255
vn 0.0155531 0.0127028 -0.0155531
v -0.0375946 -0.17528 0.215081
vn 0.0212471 0.00657578 -0.012267
v -0.0134256 -0.222935 0.168868
vn 0.0173482 0.00657578 -0.0173482
v -0.0134256 -0.222935 0.168868
vn -0.0173482 -0.00657578 0.0173482
v -0.0375946 -0.17528 0.215081
vn -0.0212471 -0.00657578 0.012267
v -0.0119966 -0.222469 0.169255
vn -0.0155531 -0.0127028 0.0155531
v -0.0161374 -0.222888 0.167402
vn 0.0173482 -0.00657578 -0.0173482
v -0.0161374 -0.222888 0.167402
vn -0.0173482 0.00657578 0.0173482
v -0.0106438 -0.221712 0.169369
vn 0.0126981 0.0179631 -0.0126981
v -0.0361124 -0.174918 0.215366
vn 0.0190486 0.0127028 -0.0109977
v -0.0119966 -0.222469 0.169255
vn 0.0155531 0.0127028 -0.0155531
v -0.0119966 -0.222469 0.169255
vn -0.0155531 -0.0127028 0.0155531
v -0.0361124 -0.174918 0.215366
vn -0.0190486 -0.0127028 0.0109977
v -0.0106438 -0.221712 0.169369
vn -0.0126981 -0.0179631 0.0126981
v 0.0435989 -0.26905 0.0498343
vn 0.00464784 -0.0179631 -0.017346
v 0.0781628 -0.266845 -0.0114391
vn 0 -0.0127028 -0.0219954
v 0.0446322 -0.270011 0.0504856
vn 0.00569285 -0.0127028 -0.021246
v 0.0446322 -0.270011 0.0504856
vn -0.00569285 0.0127028 0.021246
v 0.0781628 -0.266845 -0.0114391
vn 0 0.0127028 0.0219954
v 0.0435989 -0.26905 0.0498343
vn -0.00464784 0.0179631 0.017346
v 0.0781628 -0.266845 -0.0114391
vn 0 -0.0127028 -0.0219954
v 0.0781628 -0.266845 -0.0114391
vn 0 0.0127028 0.0219954
v 0.0111756 -0.253937 0.110288
vn 0.00897895 -0.0179631 -0.015552
v 0.0446322 -0.270011 0.0504856
vn 0.00569285 -0.0127028 -0.021246
v 0.012095 -0.254844 0.111152
vn 0.0109977 -0.0127028 -0.0190486
v 0.012095 -0.254844 0.111152
vn -0.0109977 0.0127028 0.0190486
v 0.0446322 -0.270011 0.0504856
vn -0.00569285 0.0127028 0.021246
v 0.0111756 -0.253937 0.110288
vn -0.00897895 0.0179631 0.015552
v 0.110402 -0.245563 -0.0704028
vn -0.00569285 -0.0127028 -0.021246
v 0.110402 -0.245563 -0.0704028
vn 0.00569285 0.0127028 0.021246
v -0.0180473 -0.221586 0.165367
vn 0.0126981 -0.0179631 -0.0126981
v 0.012095 -0.254844 0.111152
vn 0.0109977 -0.0127028 -0.0190486
v -0.017231 -0.22238 0.166425
vn 0.0155531 -0.0127028 -0.0155531
v -0.017231 -0.22238 0.166425
vn -0.0155531 0.0127028 0.0155531
v 0.012095 -0.254844 0.111152
vn -0.0109977 0.0127028 0.0190486
v -0.0180473 -0.221586 0.165367
vn -0.0126981 0.0179631 0.0126981
v 0.142006 -0.20827 -0.121428
vn -0.0127 0 -0.021997
v 0.166656 -0.155997 -0.162133
vn -0.0173482 0.00657578 -0.0173482
v 0.143302 -0.208139 -0.12058
vn -0.012267 0.00657578 -0.0212471
v 0.143302 -0.208139 -0.12058
vn 0.012267 -0.00657578 0.0212471
v 0.166656 -0.155997 -0.162133
vn 0.0173482 -0.00657578 0.0173482
v 0.142006 -0.20827 -0.121428
vn 0.0127 -0 0.021997
v 0.115636 -0.245653 -0.0675731
vn -0.00569285 0.0127028 -0.021246
v 0.115636 -0.245653 -0.0675731
vn 0.00569285 -0.0127028 0.021246
v 0.143302 -0.208139 -0.12058
vn -0.012267 0.00657578 -0.0212471
v 0.16769 -0.155678 -0.16102
vn -0.0155531 0.0127028 -0.0155531
v 0.144387 -0.207705 -0.119557
vn -0.0109977 0.0127028 -0.0190486
v 0.144387 -0.207705 -0.119557
vn 0.0109977 -0.0127028 0.0190486
v 0.16769 -0.155678 -0.16102
vn 0.0155531 -0.0127028 0.0155531
v 0.143302 -0.208139 -0.12058
vn 0.012267 -0.00657578 0.0212471
v 0.115636 -0.245653 -0.0675731
vn -0.00569285 0.0127028 -0.021246
v 0.0844154 -0.266023 -0.00787105
vn 0 0.0179631 -0.0179579
v 0.0833972 -0.266934 -0.00860941
vn 0 0.0127028 -0.0219954
v 0.0833972 -0.266934 -0.00860941
vn -0 -0.0127028 0.0219954
v 0.0844154 -0.266023 -0.00787105
vn -0 -0.0179631 0.0179579
v 0.115636 -0.245653 -0.0675731
vn 0.00569285 -0.0127028 0.021246
v 0.163944 -0.15595 -0.163599
vn -0.0173482 -0.00657578 -0.0173482
v 0.142006 -0.20827 -0.121428
vn -0.0127 0 -0.021997
v 0.14059 -0.208093 -0.122046
vn -0.012267 -0.00657578 -0.0212471
v 0.14059 -0.208093 -0.122046
vn 0.012267 0.00657578 0.0212471
v 0.142006 -0.20827 -0.121428
vn 0.0127 -0 0.021997
v 0.163944 -0.15595 -0.163599
vn 0.0173482 0.00657578 0.0173482
v 0.162456 -0.155589 -0.16385
vn -0.0155531 -0.0127028 -0.0155531
v 0.14059 -0.208093 -0.122046
vn -0.012267 -0.00657578 -0.0212471
v 0.139153 -0.207616 -0.122387
vn -0.0109977 -0.0127028 -0.0190486
v 0.139153 -0.207616 -0.122387
vn 0.0109977 0.0127028 0.0190486
v 0.14059 -0.208093 -0.122046
vn 0.012267 0.00657578 0.0212471
v 0.162456 -0.155589 -0.16385
vn 0.0155531 0.0127028 0.0155531
v 0.0851618 -0.264822 -0.00722219
vn 0 0.0219987 -0.0126972
v 0.0510024 -0.269177 0.0538367
vn 0.00464784 0.0179631 -0.017346
v 0.0844154 -0.266023 -0.00787105
vn 0 0.0179631 -0.0179579
v 0.0844154 -0.266023 -0.00787105
vn -0 -0.0179631 0.0179579
v 0.0510024 -0.269177 0.0538367
vn -0.00464784 -0.0179631 0.017346
v 0.0851618 -0.264822 -0.00722219
vn 0 -0.0219987 0.0126972
v 0.0519019 -0.267963 0.0542027
vn 0.00328628 0.0219987 -0.0122645
v 0.0185791 -0.254063 0.114291
vn 0.00897895 0.0179631 -0.015552
v 0.0510024 -0.269177 0.0538367
vn 0.00464784 0.0179631 -0.017346
v 0.0510024 -0.269177 0.0538367
vn -0.00464784 -0.0179631 0.017346
v 0.0185791 -0.254063 0.114291
vn -0.00897895 -0.0179631 0.015552
v 0.0519019 -0.267963 0.0542027
vn -0.00328628 -0.0219987 0.0122645
v 0.0196274 -0.252918 0.114379
vn 0.0063486 0.0219987 -0.0109961
v -0.0106438 -0.221712 0.169369
vn 0.0126981 0.0179631 -0.0126981
v 0.0185791 -0.254063 0.114291
vn 0.00897895 0.0179631 -0.015552
v 0.0185791 -0.254063 0.114291
vn -0.00897895 -0.0179631 0.015552
v -0.0106438 -0.221712 0.169369
vn -0.0126981 -0.0179631 0.0126981
v 0.0196274 -0.252918 0.114379
vn -0.0063486 -0.0219987 0.0109961
v -0.0375946 -0.17528 0.215081
vn 0.0212471 0.00657578 -0.012267
v -0.0375946 -0.17528 0.215081
vn -0.0212471 -0.00657578 0.012267
v -0.0403064 -0.175233 0.213615
vn 0.0212471 -0.00657578 -0.012267
v -0.0148392 -0.223077 0.168235
vn 0.0179605 0 -0.0179605
v -0.0390267 -0.175387 0.214484
vn 0.021997 0 -0.0127
v -0.0390267 -0.175387 0.214484
vn -0.021997 0 0.0127
v -0.0148392 -0.223077 0.168235
vn -0.0179605 0 0.0179605
v -0.0403064 -0.175233 0.213615
vn -0.0212471 0.00657578 0.012267
v -0.0161374 -0.222888 0.167402
vn 0.0173482 -0.00657578 -0.0173482
v -0.0161374 -0.222888 0.167402
vn -0.0173482 0.00657578 0.0173482
v -0.0361124 -0.174918 0.215366
vn 0.0190486 0.0127028 -0.0109977
v -0.0361124 -0.174918 0.215366
vn -0.0190486 -0.0127028 0.0109977
v -0.0161374 -0.222888 0.167402
vn 0.0173482 -0.00657578 -0.0173482
v -0.0413468 -0.174829 0.212536
vn 0.0190486 -0.0127028 -0.0109977
v -0.017231 -0.22238 0.166425
vn 0.0155531 -0.0127028 -0.0155531
v -0.017231 -0.22238 0.166425
vn -0.0155531 0.0127028 0.0155531
v -0.0413468 -0.174829 0.212536
vn -0.0190486 0.0127028 0.0109977
v -0.0161374 -0.222888 0.167402
vn -0.0173482 0.00657578 0.0173482
v -0.0346756 -0.174328 0.21532
vn 0.015552 0.0179631 -0.00897895
v -0.0346756 -0.174328 0.21532
vn -0.015552 -0.0179631 0.00897895
v 0.0770119 -0.265896 -0.0118734
vn 0 -0.0179631 -0.0179579
v 0.0770119 -0.265896 -0.0118734
vn 0 0.0179631 0.0179579
v 0.0435989 -0.26905 0.0498343
vn 0.00464784 -0.0179631 -0.017346
v 0.0435989 -0.26905 0.0498343
vn -0.00464784 0.0179631 0.017346
v 0.0781628 -0.266845 -0.0114391
vn 0 -0.0127028 -0.0219954
v 0.109138 -0.244689 -0.0706303
vn -0.00464784 -0.0179631 -0.017346
v 0.110402 -0.245563 -0.0704028
vn -0.00569285 -0.0127028 -0.021246
v 0.110402 -0.245563 -0.0704028
vn 0.00569285 0.0127028 0.021246
v 0.109138 -0.244689 -0.0706303
vn 0.00464784 0.0179631 0.017346
v 0.0781628 -0.266845 -0.0114391
vn 0 0.0127028 0.0219954
v 0.0111756 -0.253937 0.110288
vn 0.00897895 -0.0179631 -0.015552
v 0.0111756 -0.253937 0.110288
vn -0.00897895 0.0179631 0.015552
v 0.110402 -0.245563 -0.0704028
vn -0.00569285 -0.0127028 -0.021246
v 0.137788 -0.206874 -0.122432
vn -0.00897895 -0.0179631 -0.015552
v 0.139153 -0.207616 -0.122387
vn -0.0109977 -0.0127028 -0.0190486
v 0.139153 -0.207616 -0.122387
vn 0.0109977 0.0127028 0.0190486
v 0.137788 -0.206874 -0.122432
vn 0.00897895 0.0179631 0.015552
v 0.110402 -0.245563 -0.0704028
vn 0.00569285 0.0127028 0.021246
v -0.017231 -0.22238 0.166425
vn 0.0155531 -0.0127028 -0.0155531
v -0.0420791 -0.174201 0.211318
vn 0.015552 -0.0179631 -0.00897895
v -0.0180473 -0.221586 0.165367
vn 0.0126981 -0.0179631 -0.0126981
v -0.0180473 -0.221586 0.165367
vn -0.0126981 0.0179631 0.0126981
v -0.0420791 -0.174201 0.211318
vn -0.015552 0.0179631 0.00897895
v -0.017231 -0.22238 0.166425
vn -0.0155531 0.0127028 0.0155531
v 0.165377 -0.156089 -0.163013
vn -0.0179605 0 -0.0179605
v 0.165377 -0.156089 -0.163013
vn 0.0179605 0 0.0179605
v 0.166656 -0.155997 -0.162133
vn -0.0173482 0.00657578 -0.0173482
v 0.166656 -0.155997 -0.162133
vn 0.0173482 -0.00657578 0.0173482
v 0.145192 -0.207 -0.11843
vn -0.00897895 0.0179631 -0.015552
v 0.115636 -0.245653 -0.0675731
vn -0.00569285 0.0127028 -0.021246
v 0.144387 -0.207705 -0.119557
vn -0.0109977 0.0127028 -0.0190486
v 0.144387 -0.207705 -0.119557
vn 0.0109977 -0.0127028 0.0190486
v 0.115636 -0.245653 -0.0675731
vn 0.00569285 -0.0127028 0.021246
v 0.145192 -0.207 -0.11843
vn 0.00897895 -0.0179631 0.015552
v 0.168413 -0.155155 -0.159748
vn -0.0126981 0.0179631 -0.0126981
v 0.144387 -0.207705 -0.119557
vn -0.0109977 0.0127028 -0.0190486
v 0.16769 -0.155678 -0.16102
vn -0.0155531 0.0127028 -0.0155531
v 0.16769 -0.155678 -0.16102
vn 0.0155531 -0.0127028 0.0155531
v 0.144387 -0.207705 -0.119557
vn 0.0109977 -0.0127028 0.0190486
v 0.168413 -0.155155 -0.159748
vn 0.0126981 -0.0179631 0.0126981
v 0.116542 -0.244815 -0.066628
vn -0.00464784 0.0179631 -0.017346
v 0.116542 -0.244815 -0.066628
vn 0.00464784 -0.0179631 0.017346
v 0.165377 -0.156089 -0.163013
vn -0.0179605 0 -0.0179605
v 0.165377 -0.156089 -0.163013
vn 0.0179605 0 0.0179605
v 0.163944 -0.15595 -0.163599
vn -0.0173482 -0.00657578 -0.0173482
v 0.163944 -0.15595 -0.163599
vn 0.0173482 0.00657578 0.0173482
v 0.139153 -0.207616 -0.122387
vn -0.0109977 -0.0127028 -0.0190486
v 0.16101 -0.155029 -0.16375
vn -0.0126981 -0.0179631 -0.0126981
v 0.162456 -0.155589 -0.16385
vn -0.0155531 -0.0127028 -0.0155531
v 0.162456 -0.155589 -0.16385
vn 0.0155531 0.0127028 0.0155531
v 0.16101 -0.155029 -0.16375
vn 0.0126981 0.0179631 0.0126981
v 0.139153 -0.207616 -0.122387
vn 0.0109977 0.0127028 0.0190486
v 0.0519019 -0.267963 0.0542027
vn 0.00328628 0.0219987 -0.0122645
v 0.0519019 -0.267963 0.0542027
vn -0.00328628 -0.0219987 0.0122645
v 0.116542 -0.244815 -0.066628
vn -0.00464784 0.0179631 -0.017346
v 0.0851618 -0.264822 -0.00722219
vn 0 0.0219987 -0.0126972
v 0.0844154 -0.266023 -0.00787105
vn 0 0.0179631 -0.0179579
v 0.0844154 -0.266023 -0.00787105
vn -0 -0.0179631 0.0179579
v 0.0851618 -0.264822 -0.00722219
vn 0 -0.0219987 0.0126972
v 0.116542 -0.244815 -0.066628
vn 0.00464784 -0.0179631 0.017346
v 0.0196274 -0.252918 0.114379
vn 0.0063486 0.0219987 -0.0109961
v 0.0196274 -0.252918 0.114379
vn -0.0063486 -0.0219987 0.0109961
v -0.00946218 -0.220715 0.169206
vn 0.00897827 0.0219987 -0.00897827
v -0.00946218 -0.220715 0.169206
vn -0.00897827 -0.0219987 0.00897827
v -0.0375946 -0.17528 0.215081
vn 0.0212471 0.00657578 -0.012267
v -0.0563412 -0.115815 0.248394
vn 0.0245345 0 -0.006574
v -0.0390267 -0.175387 0.214484
vn 0.021997 0 -0.0127
v -0.0390267 -0.175387 0.214484
vn -0.021997 0 0.0127
v -0.0563412 -0.115815 0.248394
vn -0.0245345 0 0.006574
v -0.0375946 -0.17528 0.215081
vn -0.0212471 -0.00657578 0.012267
v -0.0390267 -0.175387 0.214484
vn 0.021997 0 -0.0127
v -0.0576085 -0.115707 0.247501
vn 0.0236981 -0.00657578 -0.00634987
v -0.0403064 -0.175233 0.213615
vn 0.0212471 -0.00657578 -0.012267
v -0.0403064 -0.175233 0.213615
vn -0.0212471 0.00657578 0.012267
v -0.0576085 -0.115707 0.247501
vn -0.0236981 0.00657578 0.00634987
v -0.0390267 -0.175387 0.214484
vn -0.021997 0 0.0127
v -0.0403064 -0.175233 0.213615
vn 0.0212471 -0.00657578 -0.012267
v -0.0403064 -0.175233 0.213615
vn -0.0212471 0.00657578 0.012267
v -0.0361124 -0.174918 0.215366
vn 0.0190486 0.0127028 -0.0109977
v -0.0548967 -0.115753 0.248967
vn 0.0236981 0.00657578 -0.00634987
v -0.0375946 -0.17528 0.215081
vn 0.0212471 0.00657578 -0.012267
v -0.0375946 -0.17528 0.215081
vn -0.0212471 -0.00657578 0.012267
v -0.0548967 -0.115753 0.248967
vn -0.0236981 -0.00657578 0.00634987
v -0.0361124 -0.174918 0.215366
vn -0.0190486 -0.0127028 0.0109977
v -0.0413468 -0.174829 0.212536
vn 0.0190486 -0.0127028 -0.0109977
v -0.0413468 -0.174829 0.212536
vn -0.0190486 0.0127028 0.0109977
v -0.00946218 -0.220715 0.169206
vn 0.00897827 0.0219987 -0.00897827
v -0.0346756 -0.174328 0.21532
vn 0.015552 0.0179631 -0.00897895
v -0.0106438 -0.221712 0.169369
vn 0.0126981 0.0179631 -0.0126981
v -0.0106438 -0.221712 0.169369
vn -0.0126981 -0.0179631 0.0126981
v -0.0346756 -0.174328 0.21532
vn -0.015552 -0.0179631 0.00897895
v -0.00946218 -0.220715 0.169206
vn -0.00897827 -0.0219987 0.00897827
v -0.0346756 -0.174328 0.21532
vn 0.015552 0.0179631 -0.00897895
v -0.0533757 -0.115522 0.249176
vn 0.021246 0.0127028 -0.00569285
v -0.0361124 -0.174918 0.215366
vn 0.0190486 0.0127028 -0.0109977
v -0.0361124 -0.174918 0.215366
vn -0.0190486 -0.0127028 0.0109977
v -0.0533757 -0.115522 0.249176
vn -0.021246 -0.0127028 0.00569285
v -0.0346756 -0.174328 0.21532
vn -0.015552 -0.0179631 0.00897895
v 0.0435989 -0.26905 0.0498343
vn 0.00464784 -0.0179631 -0.017346
v 0.0760924 -0.264667 -0.0121251
vn 0 -0.0219987 -0.0126972
v 0.0770119 -0.265896 -0.0118734
vn 0 -0.0179631 -0.0179579
v 0.0770119 -0.265896 -0.0118734
vn 0 0.0179631 0.0179579
v 0.0760924 -0.264667 -0.0121251
vn 0 0.0219987 0.0126972
v 0.0435989 -0.26905 0.0498343
vn -0.00464784 0.0179631 0.017346
v 0.0770119 -0.265896 -0.0118734
vn 0 -0.0179631 -0.0179579
v 0.0770119 -0.265896 -0.0118734
vn 0 0.0179631 0.0179579
v 0.0111756 -0.253937 0.110288
vn 0.00897895 -0.0179631 -0.015552
v 0.0428325 -0.267808 0.0492998
vn 0.00328628 -0.0219987 -0.0122645
v 0.0435989 -0.26905 0.0498343
vn 0.00464784 -0.0179631 -0.017346
v 0.0435989 -0.26905 0.0498343
vn -0.00464784 0.0179631 0.017346
v 0.0428325 -0.267808 0.0492998
vn -0.00328628 0.0219987 0.0122645
v 0.0111756 -0.253937 0.110288
vn -0.00897895 0.0179631 0.015552
v 0.109138 -0.244689 -0.0706303
vn -0.00464784 -0.0179631 -0.017346
v 0.109138 -0.244689 -0.0706303
vn 0.00464784 0.0179631 0.017346
v -0.0180473 -0.221586 0.165367
vn 0.0126981 -0.0179631 -0.0126981
v 0.010558 -0.252763 0.109476
vn 0.0063486 -0.0219987 -0.0109961
v 0.0111756 -0.253937 0.110288
vn 0.00897895 -0.0179631 -0.015552
v 0.0111756 -0.253937 0.110288
vn -0.00897895 0.0179631 0.015552
v 0.010558 -0.252763 0.109476
vn -0.0063486 0.0219987 0.0109961
v -0.0180473 -0.221586 0.165367
vn -0.0126981 0.0179631 0.0126981
v 0.137788 -0.206874 -0.122432
vn -0.00897895 -0.0179631 -0.015552
v 0.137788 -0.206874 -0.122432
vn 0.00897895 0.0179631 0.015552
v -0.0420791 -0.174201 0.211318
vn 0.015552 -0.0179631 -0.00897895
v -0.0185316 -0.220561 0.164304
vn 0.00897827 -0.0219987 -0.00897827
v -0.0180473 -0.221586 0.165367
vn 0.0126981 -0.0179631 -0.0126981
v -0.0180473 -0.221586 0.165367
vn -0.0126981 0.0179631 0.0126981
v -0.0185316 -0.220561 0.164304
vn -0.00897827 0.0219987 0.00897827
v -0.0420791 -0.174201 0.211318
vn -0.015552 0.0179631 0.00897895
v 0.165377 -0.156089 -0.163013
vn -0.0179605 0 -0.0179605
v 0.18296 -0.0932977 -0.190311
vn -0.0212471 0.00657578 -0.012267
v 0.166656 -0.155997 -0.162133
vn -0.0173482 0.00657578 -0.0173482
v 0.166656 -0.155997 -0.162133
vn 0.0173482 -0.00657578 0.0173482
v 0.18296 -0.0932977 -0.190311
vn 0.0212471 -0.00657578 0.012267
v 0.165377 -0.156089 -0.163013
vn 0.0179605 0 0.0179605
v 0.166656 -0.155997 -0.162133
vn -0.0173482 0.00657578 -0.0173482
v 0.183958 -0.0931162 -0.189135
vn -0.0190486 0.0127028 -0.0109977
v 0.16769 -0.155678 -0.16102
vn -0.0155531 0.0127028 -0.0155531
v 0.16769 -0.155678 -0.16102
vn 0.0155531 -0.0127028 0.0155531
v 0.183958 -0.0931162 -0.189135
vn 0.0190486 -0.0127028 0.0109977
v 0.166656 -0.155997 -0.162133
vn 0.0173482 -0.00657578 0.0173482
v 0.116542 -0.244815 -0.066628
vn -0.00464784 0.0179631 -0.017346
v 0.116542 -0.244815 -0.066628
vn 0.00464784 -0.0179631 0.017346
v 0.145192 -0.207 -0.11843
vn -0.00897895 0.0179631 -0.015552
v 0.145192 -0.207 -0.11843
vn 0.00897895 -0.0179631 0.015552
v 0.16769 -0.155678 -0.16102
vn -0.0155531 0.0127028 -0.0155531
v 0.184624 -0.0928123 -0.187764
vn -0.015552 0.0179631 -0.00897895
v 0.168413 -0.155155 -0.159748
vn -0.0126981 0.0179631 -0.0126981
v 0.168413 -0.155155 -0.159748
vn 0.0126981 -0.0179631 0.0126981
v 0.184624 -0.0928123 -0.187764
vn 0.015552 -0.0179631 0.00897895
v 0.16769 -0.155678 -0.16102
vn 0.0155531 -0.0127028 0.0155531
v 0.163944 -0.15595 -0.163599
vn -0.0173482 -0.00657578 -0.0173482
v 0.181693 -0.0933436 -0.191211
vn -0.021997 0 -0.0127
v 0.165377 -0.156089 -0.163013
vn -0.0179605 0 -0.0179605
v 0.165377 -0.156089 -0.163013
vn 0.0179605 0 0.0179605
v 0.181693 -0.0933436 -0.191211
vn 0.021997 0 0.0127
v 0.163944 -0.15595 -0.163599
vn 0.0173482 0.00657578 0.0173482
v 0.162456 -0.155589 -0.16385
vn -0.0155531 -0.0127028 -0.0155531
v 0.180248 -0.0932514 -0.191777
vn -0.0212471 -0.00657578 -0.012267
v 0.163944 -0.15595 -0.163599
vn -0.0173482 -0.00657578 -0.0173482
v 0.163944 -0.15595 -0.163599
vn 0.0173482 0.00657578 0.0173482
v 0.180248 -0.0932514 -0.191777
vn 0.0212471 0.00657578 0.012267
v 0.162456 -0.155589 -0.16385
vn 0.0155531 0.0127028 0.0155531
v 0.16101 -0.155029 -0.16375
vn -0.0126981 -0.0179631 -0.0126981
v 0.178723 -0.0930268 -0.191964
vn -0.0190486 -0.0127028 -0.0109977
v 0.162456 -0.155589 -0.16385
vn -0.0155531 -0.0127028 -0.0155531
v 0.162456 -0.155589 -0.16385
vn 0.0155531 0.0127028 0.0155531
v 0.178723 -0.0930268 -0.191964
vn 0.0190486 0.0127028 0.0109977
v 0.16101 -0.155029 -0.16375
vn 0.0126981 0.0179631 0.0126981
v 0.0855835 -0.263417 -0.00670867
vn 0 0.024535 -0.0065722
v 0.0519019 -0.267963 0.0542027
vn 0.00328628 0.0219987 -0.0122645
v 0.0851618 -0.264822 -0.00722219
vn 0 0.0219987 -0.0126972
v 0.0851618 -0.264822 -0.00722219
vn 0 -0.0219987 0.0126972
v 0.0519019 -0.267963 0.0542027
vn -0.00328628 -0.0219987 0.0122645
v 0.0855835 -0.263417 -0.00670867
vn 0 -0.024535 0.0065722
v 0.117141 -0.243713 -0.0657102
vn -0.00328628 0.0219987 -0.0122645
v 0.117141 -0.243713 -0.0657102
vn 0.00328628 -0.0219987 0.0122645
v 0.0525016 -0.266541 0.0543875
vn 0.00170101 0.024535 -0.00634825
v 0.0196274 -0.252918 0.114379
vn 0.0063486 0.0219987 -0.0109961
v 0.0519019 -0.267963 0.0542027
vn 0.00328628 0.0219987 -0.0122645
v 0.0519019 -0.267963 0.0542027
vn -0.00328628 -0.0219987 0.0122645
v 0.0196274 -0.252918 0.114379
vn -0.0063486 -0.0219987 0.0109961
v 0.0525016 -0.266541 0.0543875
vn -0.00170101 -0.024535 0.00634825
v 0.0204005 -0.251578 0.114241
vn 0.0032861 0.024535 -0.00569168
v -0.00946218 -0.220715 0.169206
vn 0.00897827 0.0219987 -0.00897827
v 0.0196274 -0.252918 0.114379
vn 0.0063486 0.0219987 -0.0109961
v 0.0196274 -0.252918 0.114379
vn -0.0063486 -0.0219987 0.0109961
v -0.00946218 -0.220715 0.169206
vn -0.00897827 -0.0219987 0.00897827
v 0.0204005 -0.251578 0.114241
vn -0.0032861 -0.024535 0.00569168
v -0.0548967 -0.115753 0.248967
vn 0.0236981 0.00657578 -0.00634987
v -0.0548967 -0.115753 0.248967
vn -0.0236981 -0.00657578 0.00634987
v -0.0563412 -0.115815 0.248394
vn 0.0245345 0 -0.006574
v -0.0563412 -0.115815 0.248394
vn -0.0245345 0 0.006574
v -0.0586101 -0.115433 0.246346
vn 0.021246 -0.0127028 -0.00569285
v -0.0403064 -0.175233 0.213615
vn 0.0212471 -0.00657578 -0.012267
v -0.0576085 -0.115707 0.247501
vn 0.0236981 -0.00657578 -0.00634987
v -0.0576085 -0.115707 0.247501
vn -0.0236981 0.00657578 0.00634987
v -0.0403064 -0.175233 0.213615
vn -0.0212471 0.00657578 0.012267
v -0.0586101 -0.115433 0.246346
vn -0.021246 0.0127028 0.00569285
v -0.0413468 -0.174829 0.212536
vn 0.0190486 -0.0127028 -0.0109977
v -0.0413468 -0.174829 0.212536
vn -0.0190486 0.0127028 0.0109977
v -0.0533757 -0.115522 0.249176
vn 0.021246 0.0127028 -0.00569285
v -0.0533757 -0.115522 0.249176
vn -0.021246 -0.0127028 0.00569285
v -0.0413468 -0.174829 0.212536
vn 0.0190486 -0.0127028 -0.0109977
v -0.0592822 -0.115014 0.24501
vn 0.017346 -0.0179631 -0.00464784
v -0.0420791 -0.174201 0.211318
vn 0.015552 -0.0179631 -0.00897895
v -0.0420791 -0.174201 0.211318
vn -0.015552 0.0179631 0.00897895
v -0.0592822 -0.115014 0.24501
vn -0.017346 0.0179631 0.00464784
v -0.0413468 -0.174829 0.212536
vn -0.0190486 0.0127028 0.0109977
v -0.0333834 -0.173549 0.214946
vn 0.0109961 0.0219987 -0.0063486
v -0.0333834 -0.173549 0.214946
vn -0.0109961 -0.0219987 0.0063486
v -0.0518787 -0.11514 0.249012
vn 0.017346 0.0179631 -0.00464784
v -0.0518787 -0.11514 0.249012
vn -0.017346 -0.0179631 0.00464784
v 0.0428325 -0.267808 0.0492998
vn 0.00328628 -0.0219987 -0.0122645
v 0.0428325 -0.267808 0.0492998
vn -0.00328628 0.0219987 0.0122645
v 0.0760924 -0.264667 -0.0121251
vn 0 -0.0219987 -0.0126972
v 0.109138 -0.244689 -0.0706303
vn -0.00464784 -0.0179631 -0.017346
v 0.0770119 -0.265896 -0.0118734
vn 0 -0.0179631 -0.0179579
v 0.0770119 -0.265896 -0.0118734
vn 0 0.0179631 0.0179579
v 0.109138 -0.244689 -0.0706303
vn 0.00464784 0.0179631 0.017346
v 0.0760924 -0.264667 -0.0121251
vn 0 0.0219987 0.0126972
v 0.010558 -0.252763 0.109476
vn 0.0063486 -0.0219987 -0.0109961
v 0.010558 -0.252763 0.109476
vn -0.0063486 0.0219987 0.0109961
v 0.108071 -0.243558 -0.0706131
vn -0.00328628 -0.0219987 -0.0122645
v 0.137788 -0.206874 -0.122432
vn -0.00897895 -0.0179631 -0.015552
v 0.109138 -0.244689 -0.0706303
vn -0.00464784 -0.0179631 -0.017346
v 0.109138 -0.244689 -0.0706303
vn 0.00464784 0.0179631 0.017346
v 0.137788 -0.206874 -0.122432
vn 0.00897895 0.0179631 0.015552
v 0.108071 -0.243558 -0.0706131
vn 0.00328628 0.0219987 0.0122645
v -0.0185316 -0.220561 0.164304
vn 0.00897827 -0.0219987 -0.00897827
v -0.0185316 -0.220561 0.164304
vn -0.00897827 0.0219987 0.00897827
v 0.13659 -0.205916 -0.122178
vn -0.0063486 -0.0219987 -0.0109961
v 0.16101 -0.155029 -0.16375
vn -0.0126981 -0.0179631 -0.0126981
v 0.137788 -0.206874 -0.122432
vn -0.00897895 -0.0179631 -0.015552
v 0.137788 -0.206874 -0.122432
vn 0.00897895 0.0179631 0.015552
v 0.16101 -0.155029 -0.16375
vn 0.0126981 0.0179631 0.0126981
v 0.13659 -0.205916 -0.122178
vn 0.0063486 0.0219987 0.0109961
v -0.0424528 -0.173394 0.210043
vn 0.0109961 -0.0219987 -0.0063486
v -0.0424528 -0.173394 0.210043
vn -0.0109961 0.0219987 0.0063486
v 0.181693 -0.0933436 -0.191211
vn -0.021997 0 -0.0127
v 0.181693 -0.0933436 -0.191211
vn 0.021997 0 0.0127
v 0.18296 -0.0932977 -0.190311
vn -0.0212471 0.00657578 -0.012267
v 0.18296 -0.0932977 -0.190311
vn 0.0212471 -0.00657578 0.012267
v 0.183958 -0.0931162 -0.189135
vn -0.0190486 0.0127028 -0.0109977
v 0.183958 -0.0931162 -0.189135
vn 0.0190486 -0.0127028 0.0109977
v 0.145192 -0.207 -0.11843
vn -0.00897895 0.0179631 -0.015552
v 0.117141 -0.243713 -0.0657102
vn -0.00328628 0.0219987 -0.0122645
v 0.116542 -0.244815 -0.066628
vn -0.00464784 0.0179631 -0.017346
v 0.116542 -0.244815 -0.066628
vn 0.00464784 -0.0179631 0.017346
v 0.117141 -0.243713 -0.0657102
vn 0.00328628 -0.0219987 0.0122645
v 0.145192 -0.207 -0.11843
vn 0.00897895 -0.0179631 0.015552
v 0.168413 -0.155155 -0.159748
vn -0.0126981 0.0179631 -0.0126981
v 0.14566 -0.206071 -0.117275
vn -0.0063486 0.0219987 -0.0109961
v 0.145192 -0.207 -0.11843
vn -0.00897895 0.0179631 -0.015552
v 0.145192 -0.207 -0.11843
vn 0.00897895 -0.0179631 0.015552
v 0.14566 -0.206071 -0.117275
vn 0.0063486 -0.0219987 0.0109961
v 0.168413 -0.155155 -0.159748
vn 0.0126981 -0.0179631 0.0126981
v 0.184624 -0.0928123 -0.187764
vn -0.015552 0.0179631 -0.00897895
v 0.168775 -0.154463 -0.158403
vn -0.00897827 0.0219987 -0.00897827
v 0.168413 -0.155155 -0.159748
vn -0.0126981 0.0179631 -0.0126981
v 0.168413 -0.155155 -0.159748
vn 0.0126981 -0.0179631 0.0126981
v 0.168775 -0.154463 -0.158403
vn 0.00897827 -0.0219987 0.00897827
v 0.184624 -0.0928123 -0.187764
vn 0.015552 -0.0179631 0.00897895
v 0.180248 -0.0932514 -0.191777
vn -0.0212471 -0.00657578 -0.012267
v 0.180248 -0.0932514 -0.191777
vn 0.0212471 0.00657578 0.012267
v 0.178723 -0.0930268 -0.191964
vn -0.0190486 -0.0127028 -0.0109977
v 0.178723 -0.0930268 -0.191964
vn 0.0190486 0.0127028 0.0109977
v 0.17722 -0.0926858 -0.191766
vn -0.015552 -0.0179631 -0.00897895
v 0.17722 -0.0926858 -0.191766
vn 0.015552 0.0179631 0.00897895
v 0.0525016 -0.266541 0.0543875
vn 0.00170101 0.024535 -0.00634825
v 0.0525016 -0.266541 0.0543875
vn -0.00170101 -0.024535 0.00634825
v 0.117141 -0.243713 -0.0657102
vn -0.00328628 0.0219987 -0.0122645
v 0.0855835 -0.263417 -0.00670867
vn 0 0.024535 -0.0065722
v 0.0851618 -0.264822 -0.00722219
vn 0 0.0219987 -0.0126972
v 0.0851618 -0.264822 -0.00722219
vn 0 -0.0219987 0.0126972
v 0.0855835 -0.263417 -0.00670867
vn 0 -0.024535 0.0065722
v 0.117141 -0.243713 -0.0657102
vn 0.00328628 -0.0219987 0.0122645
v 0.0204005 -0.251578 0.114241
vn 0.0032861 0.024535 -0.00569168
v 0.0204005 -0.251578 0.114241
vn -0.0032861 -0.024535 0.00569168
v -0.00853247 -0.219546 0.168773
vn 0.00464723 0.024535 -0.00464723
v -0.00853247 -0.219546 0.168773
vn -0.00464723 -0.024535 0.00464723
v -0.0548967 -0.115753 0.248967
vn 0.0236981 0.00657578 -0.00634987
v -0.0656016 -0.0484235 0.267653
vn 0.0254 -0 0
v -0.0563412 -0.115815 0.248394
vn 0.0245345 0 -0.006574
v -0.0563412 -0.115815 0.248394
vn -0.0245345 0 0.006574
v -0.0656016 -0.0484235 0.267653
vn -0.0254 0 0
v -0.0548967 -0.115753 0.248967
vn -0.0236981 -0.00657578 0.00634987
v -0.0563412 -0.115815 0.248394
vn 0.0245345 0 -0.006574
v -0.066862 -0.0483651 0.266745
vn 0.024534 -0.00657578 0
v -0.0576085 -0.115707 0.247501
vn 0.0236981 -0.00657578 -0.00634987
v -0.0576085 -0.115707 0.247501
vn -0.0236981 0.00657578 0.00634987
v -0.066862 -0.0483651 0.266745
vn -0.024534 0.00657578 0
v -0.0563412 -0.115815 0.248394
vn -0.0245345 0 0.006574
v -0.0576085 -0.115707 0.247501
vn 0.0236981 -0.00657578 -0.00634987
v -0.0678439 -0.0482396 0.26555
vn 0.0219954 -0.0127028 0
v -0.0586101 -0.115433 0.246346
vn 0.021246 -0.0127028 -0.00569285
v -0.0586101 -0.115433 0.246346
vn -0.021246 0.0127028 0.00569285
v -0.0678439 -0.0482396 0.26555
vn -0.0219954 0.0127028 0
v -0.0576085 -0.115707 0.247501
vn -0.0236981 0.00657578 0.00634987
v -0.0586101 -0.115433 0.246346
vn 0.021246 -0.0127028 -0.00569285
v -0.0586101 -0.115433 0.246346
vn -0.021246 0.0127028 0.00569285
v -0.0533757 -0.115522 0.249176
vn 0.021246 0.0127028 -0.00569285
v -0.0641503 -0.0484114 0.268211
vn 0.024534 0.00657578 0
v -0.0548967 -0.115753 0.248967
vn 0.0236981 0.00657578 -0.00634987
v -0.0548967 -0.115753 0.248967
vn -0.0236981 -0.00657578 0.00634987
v -0.0641503 -0.0484114 0.268211
vn -0.024534 -0.00657578 0
v -0.0533757 -0.115522 0.249176
vn -0.021246 -0.0127028 0.00569285
v -0.0592822 -0.115014 0.24501
vn 0.017346 -0.0179631 -0.00464784
v -0.0424528 -0.173394 0.210043
vn 0.0109961 -0.0219987 -0.0063486
v -0.0420791 -0.174201 0.211318
vn 0.015552 -0.0179631 -0.00897895
v -0.0420791 -0.174201 0.211318
vn -0.015552 0.0179631 0.00897895
v -0.0424528 -0.173394 0.210043
vn -0.0109961 0.0219987 0.0063486
v -0.0592822 -0.115014 0.24501
vn -0.017346 0.0179631 0.00464784
v -0.00853247 -0.219546 0.168773
vn 0.00464723 0.024535 -0.00464723
v -0.0333834 -0.173549 0.214946
vn 0.0109961 0.0219987 -0.0063486
v -0.00946218 -0.220715 0.169206
vn 0.00897827 0.0219987 -0.00897827
v -0.00946218 -0.220715 0.169206
vn -0.00897827 -0.0219987 0.00897827
v -0.0333834 -0.173549 0.214946
vn -0.0109961 -0.0219987 0.0063486
v -0.00853247 -0.219546 0.168773
vn -0.00464723 -0.024535 0.00464723
v -0.0333834 -0.173549 0.214946
vn 0.0109961 0.0219987 -0.0063486
v -0.0518787 -0.11514 0.249012
vn 0.017346 0.0179631 -0.00464784
v -0.0346756 -0.174328 0.21532
vn 0.015552 0.0179631 -0.00897895
v -0.0346756 -0.174328 0.21532
vn -0.015552 -0.0179631 0.00897895
v -0.0518787 -0.11514 0.249012
vn -0.017346 -0.0179631 0.00464784
v -0.0333834 -0.173549 0.214946
vn -0.0109961 -0.0219987 0.0063486
v -0.0518787 -0.11514 0.249012
vn 0.017346 0.0179631 -0.00464784
v -0.0626095 -0.048329 0.26838
vn 0.0219954 0.0127028 0
v -0.0533757 -0.115522 0.249176
vn 0.021246 0.0127028 -0.00569285
v -0.0533757 -0.115522 0.249176
vn -0.021246 -0.0127028 0.00569285
v -0.0626095 -0.048329 0.26838
vn -0.0219954 -0.0127028 0
v -0.0518787 -0.11514 0.249012
vn -0.017346 -0.0179631 0.00464784
v 0.0428325 -0.267808 0.0492998
vn 0.00328628 -0.0219987 -0.0122645
v 0.0754691 -0.263245 -0.0121765
vn 0 -0.024535 -0.0065722
v 0.0760924 -0.264667 -0.0121251
vn 0 -0.0219987 -0.0126972
v 0.0760924 -0.264667 -0.0121251
vn 0 0.0219987 0.0126972
v 0.0754691 -0.263245 -0.0121765
vn 0 0.024535 0.0065722
v 0.0428325 -0.267808 0.0492998
vn -0.00328628 0.0219987 0.0122645
v 0.108071 -0.243558 -0.0706131
vn -0.00328628 -0.0219987 -0.0122645
v 0.108071 -0.243558 -0.0706131
vn 0.00328628 0.0219987 0.0122645
v 0.010558 -0.252763 0.109476
vn 0.0063486 -0.0219987 -0.0109961
v 0.0423872 -0.266369 0.0489197
vn 0.00170101 -0.024535 -0.00634825
v 0.0428325 -0.267808 0.0492998
vn 0.00328628 -0.0219987 -0.0122645
v 0.0428325 -0.267808 0.0492998
vn -0.00328628 0.0219987 0.0122645
v 0.0423872 -0.266369 0.0489197
vn -0.00170101 0.024535 0.00634825
v 0.010558 -0.252763 0.109476
vn -0.0063486 0.0219987 0.0109961
v 0.13659 -0.205916 -0.122178
vn -0.0063486 -0.0219987 -0.0109961
v 0.13659 -0.205916 -0.122178
vn 0.0063486 0.0219987 0.0109961
v -0.0185316 -0.220561 0.164304
vn 0.00897827 -0.0219987 -0.00897827
v 0.0102862 -0.251405 0.108773
vn 0.0032861 -0.024535 -0.00569168
v 0.010558 -0.252763 0.109476
vn 0.0063486 -0.0219987 -0.0109961
v 0.010558 -0.252763 0.109476
vn -0.0063486 0.0219987 0.0109961
v 0.0102862 -0.251405 0.108773
vn -0.0032861 0.024535 0.00569168
v -0.0185316 -0.220561 0.164304
vn -0.00897827 0.0219987 0.00897827
v 0.159705 -0.154308 -0.163306
vn -0.00897827 -0.0219987 -0.00897827
v 0.159705 -0.154308 -0.163306
vn 0.00897827 0.0219987 0.00897827
v -0.0424528 -0.173394 0.210043
vn 0.0109961 -0.0219987 -0.0063486
v -0.0186468 -0.219374 0.163305
vn 0.00464723 -0.024535 -0.00464723
v -0.0185316 -0.220561 0.164304
vn 0.00897827 -0.0219987 -0.00897827
v -0.0185316 -0.220561 0.164304
vn -0.00897827 0.0219987 0.00897827
v -0.0186468 -0.219374 0.163305
vn -0.00464723 0.024535 0.00464723
v -0.0424528 -0.173394 0.210043
vn -0.0109961 0.0219987 0.0063486
v 0.181693 -0.0933436 -0.191211
vn -0.021997 0 -0.0127
v 0.191101 -0.0243138 -0.20319
vn -0.0236981 0.00657578 -0.00634987
v 0.18296 -0.0932977 -0.190311
vn -0.0212471 0.00657578 -0.012267
v 0.18296 -0.0932977 -0.190311
vn 0.0212471 -0.00657578 0.012267
v 0.191101 -0.0243138 -0.20319
vn 0.0236981 -0.00657578 0.00634987
v 0.181693 -0.0933436 -0.191211
vn 0.021997 0 0.0127
v 0.18296 -0.0932977 -0.190311
vn -0.0212471 0.00657578 -0.012267
v 0.192081 -0.0242843 -0.201986
vn -0.021246 0.0127028 -0.00569285
v 0.183958 -0.0931162 -0.189135
vn -0.0190486 0.0127028 -0.0109977
v 0.183958 -0.0931162 -0.189135
vn 0.0190486 -0.0127028 0.0109977
v 0.192081 -0.0242843 -0.201986
vn 0.021246 -0.0127028 0.00569285
v 0.18296 -0.0932977 -0.190311
vn 0.0212471 -0.00657578 0.012267
v 0.183958 -0.0931162 -0.189135
vn -0.0190486 0.0127028 -0.0109977
v 0.192718 -0.0242213 -0.200571
vn -0.017346 0.0179631 -0.00464784
v 0.184624 -0.0928123 -0.187764
vn -0.015552 0.0179631 -0.00897895
v 0.184624 -0.0928123 -0.187764
vn 0.015552 -0.0179631 0.00897895
v 0.192718 -0.0242213 -0.200571
vn 0.017346 -0.0179631 0.00464784
v 0.183958 -0.0931162 -0.189135
vn 0.0190486 -0.0127028 0.0109977
v 0.14566 -0.206071 -0.117275
vn -0.0063486 0.0219987 -0.0109961
v 0.14566 -0.206071 -0.117275
vn 0.0063486 -0.0219987 0.0109961
v 0.168775 -0.154463 -0.158403
vn -0.00897827 0.0219987 -0.00897827
v 0.168775 -0.154463 -0.158403
vn 0.00897827 -0.0219987 0.00897827
v 0.184911 -0.0924069 -0.186291
vn -0.0109961 0.0219987 -0.0063486
v 0.184911 -0.0924069 -0.186291
vn 0.0109961 -0.0219987 0.0063486
v 0.180248 -0.0932514 -0.191777
vn -0.0212471 -0.00657578 -0.012267
v 0.18984 -0.0243077 -0.204101
vn -0.0245345 0 -0.006574
v 0.181693 -0.0933436 -0.191211
vn -0.021997 0 -0.0127
v 0.181693 -0.0933436 -0.191211
vn 0.021997 0 0.0127
v 0.18984 -0.0243077 -0.204101
vn 0.0245345 -0 0.006574
v 0.180248 -0.0932514 -0.191777
vn 0.0212471 0.00657578 0.012267
v 0.178723 -0.0930268 -0.191964
vn -0.0190486 -0.0127028 -0.0109977
v 0.188389 -0.0242675 -0.204656
vn -0.0236981 -0.00657578 -0.00634987
v 0.180248 -0.0932514 -0.191777
vn -0.0212471 -0.00657578 -0.012267
v 0.180248 -0.0932514 -0.191777
vn 0.0212471 0.00657578 0.012267
v 0.188389 -0.0242675 -0.204656
vn 0.0236981 0.00657578 0.00634987
v 0.178723 -0.0930268 -0.191964
vn 0.0190486 0.0127028 0.0109977
v 0.159705 -0.154308 -0.163306
vn -0.00897827 -0.0219987 -0.00897827
v 0.17722 -0.0926858 -0.191766
vn -0.015552 -0.0179631 -0.00897895
v 0.16101 -0.155029 -0.16375
vn -0.0126981 -0.0179631 -0.0126981
v 0.16101 -0.155029 -0.16375
vn 0.0126981 0.0179631 0.0126981
v 0.17722 -0.0926858 -0.191766
vn 0.015552 0.0179631 0.00897895
v 0.159705 -0.154308 -0.163306
vn 0.00897827 0.0219987 0.00897827
v 0.17722 -0.0926858 -0.191766
vn -0.015552 -0.0179631 -0.00897895
v 0.186846 -0.0241949 -0.204816
vn -0.021246 -0.0127028 -0.00569285
v 0.178723 -0.0930268 -0.191964
vn -0.0190486 -0.0127028 -0.0109977
v 0.178723 -0.0930268 -0.191964
vn 0.0190486 0.0127028 0.0109977
v 0.186846 -0.0241949 -0.204816
vn 0.021246 0.0127028 0.00569285
v 0.17722 -0.0926858 -0.191766
vn 0.015552 0.0179631 0.00897895
v 0.085654 -0.261905 -0.0063645
vn 0 0.0253997 0.00011999
v 0.0525016 -0.266541 0.0543875
vn 0.00170101 0.024535 -0.00634825
v 0.0855835 -0.263417 -0.00670867
vn 0 0.024535 -0.0065722
v 0.0855835 -0.263417 -0.00670867
vn 0 -0.024535 0.0065722
v 0.0525016 -0.266541 0.0543875
vn -0.00170101 -0.024535 0.00634825
v 0.085654 -0.261905 -0.0063645
vn 0 -0.0253997 -0.00011999
v 0.117391 -0.242421 -0.0648837
vn -0.00170101 0.024535 -0.00634825
v 0.117391 -0.242421 -0.0648837
vn 0.00170101 -0.024535 0.00634825
v 0.0527634 -0.265009 0.0543785
vn -3.10642e-05 0.0253997 0.0001159
v 0.0204005 -0.251578 0.114241
vn 0.0032861 0.024535 -0.00569168
v 0.0525016 -0.266541 0.0543875
vn 0.00170101 0.024535 -0.00634825
v 0.0525016 -0.266541 0.0543875
vn -0.00170101 -0.024535 0.00634825
v 0.0204005 -0.251578 0.114241
vn -0.0032861 -0.024535 0.00569168
v 0.0527634 -0.265009 0.0543785
vn 3.10642e-05 -0.0253997 -0.0001159
v 0.0208478 -0.250134 0.113886
vn -5.99948e-05 0.0253997 0.000103911
v -0.00853247 -0.219546 0.168773
vn 0.00464723 0.024535 -0.00464723
v 0.0204005 -0.251578 0.114241
vn 0.0032861 0.024535 -0.00569168
v 0.0204005 -0.251578 0.114241
vn -0.0032861 -0.024535 0.00569168
v -0.00853247 -0.219546 0.168773
vn -0.00464723 -0.024535 0.00464723
v 0.0208478 -0.250134 0.113886
vn 5.99948e-05 -0.0253997 -0.000103911
v -0.0641503 -0.0484114 0.268211
vn 0.024534 0.00657578 0
v -0.0641503 -0.0484114 0.268211
vn -0.024534 -0.00657578 0
v -0.0656016 -0.0484235 0.267653
vn 0.0254 -0 0
v -0.0656016 -0.0484235 0.267653
vn -0.0254 0 0
v -0.066862 -0.0483651 0.266745
vn 0.024534 -0.00657578 0
v -0.066862 -0.0483651 0.266745
vn -0.024534 0.00657578 0
v -0.0684837 -0.0480558 0.264146
vn 0.0179579 -0.0179631 0
v -0.0586101 -0.115433 0.246346
vn 0.021246 -0.0127028 -0.00569285
v -0.0678439 -0.0482396 0.26555
vn 0.0219954 -0.0127028 0
v -0.0678439 -0.0482396 0.26555
vn -0.0219954 0.0127028 0
v -0.0586101 -0.115433 0.246346
vn -0.021246 0.0127028 0.00569285
v -0.0684837 -0.0480558 0.264146
vn -0.0179579 0.0179631 0
v -0.0592822 -0.115014 0.24501
vn 0.017346 -0.0179631 -0.00464784
v -0.0592822 -0.115014 0.24501
vn -0.017346 0.0179631 0.00464784
v -0.0626095 -0.048329 0.26838
vn 0.0219954 0.0127028 0
v -0.0626095 -0.048329 0.26838
vn -0.0219954 -0.0127028 0
v -0.0595772 -0.114477 0.243581
vn 0.0122645 -0.0219987 -0.00328628
v -0.0595772 -0.114477 0.243581
vn -0.0122645 0.0219987 0.00328628
v -0.0323264 -0.172633 0.214269
vn 0.00569168 0.024535 -0.0032861
v -0.0323264 -0.172633 0.214269
vn -0.00569168 -0.024535 0.0032861
v -0.0505077 -0.114632 0.248484
vn 0.0122645 0.0219987 -0.00328628
v -0.0505077 -0.114632 0.248484
vn -0.0122645 -0.0219987 0.00328628
v -0.0610803 -0.0481823 0.268149
vn 0.0179579 0.0179631 0
v -0.0610803 -0.0481823 0.268149
vn -0.0179579 -0.0179631 0
v 0.0423872 -0.266369 0.0489197
vn 0.00170101 -0.024535 -0.00634825
v 0.0423872 -0.266369 0.0489197
vn -0.00170101 0.024535 0.00634825
v 0.0754691 -0.263245 -0.0121765
vn 0 -0.024535 -0.0065722
v 0.108071 -0.243558 -0.0706131
vn -0.00328628 -0.0219987 -0.0122645
v 0.0760924 -0.264667 -0.0121251
vn 0 -0.0219987 -0.0126972
v 0.0760924 -0.264667 -0.0121251
vn 0 0.0219987 0.0126972
v 0.108071 -0.243558 -0.0706131
vn 0.00328628 0.0219987 0.0122645
v 0.0754691 -0.263245 -0.0121765
vn 0 0.024535 0.0065722
v 0.0102862 -0.251405 0.108773
vn 0.0032861 -0.024535 -0.00569168
v 0.0102862 -0.251405 0.108773
vn -0.0032861 0.024535 0.00569168
v 0.107277 -0.242248 -0.0703515
vn -0.00170101 -0.024535 -0.00634825
v 0.13659 -0.205916 -0.122178
vn -0.0063486 -0.0219987 -0.0109961
v 0.108071 -0.243558 -0.0706131
vn -0.00328628 -0.0219987 -0.0122645
v 0.108071 -0.243558 -0.0706131
vn 0.00328628 0.0219987 0.0122645
v 0.13659 -0.205916 -0.122178
vn 0.0063486 0.0219987 0.0109961
v 0.107277 -0.242248 -0.0703515
vn 0.00170101 0.024535 0.00634825
v -0.0186468 -0.219374 0.163305
vn 0.00464723 -0.024535 -0.00464723
v -0.0186468 -0.219374 0.163305
vn -0.00464723 0.024535 0.00464723
v 0.135643 -0.204809 -0.12164
vn -0.0032861 -0.024535 -0.00569168
v 0.159705 -0.154308 -0.163306
vn -0.00897827 -0.0219987 -0.00897827
v 0.13659 -0.205916 -0.122178
vn -0.0063486 -0.0219987 -0.0109961
v 0.13659 -0.205916 -0.122178
vn 0.0063486 0.0219987 0.0109961
v 0.159705 -0.154308 -0.163306
vn 0.00897827 0.0219987 0.00897827
v 0.135643 -0.204809 -0.12164
vn 0.0032861 0.024535 0.00569168
v -0.0424408 -0.172461 0.208801
vn 0.00569168 -0.024535 -0.0032861
v -0.0424408 -0.172461 0.208801
vn -0.00569168 0.024535 0.0032861
v 0.18984 -0.0243077 -0.204101
vn -0.0245345 0 -0.006574
v 0.18984 -0.0243077 -0.204101
vn 0.0245345 -0 0.006574
v 0.191101 -0.0243138 -0.20319
vn -0.0236981 0.00657578 -0.00634987
v 0.191101 -0.0243138 -0.20319
vn 0.0236981 -0.00657578 0.00634987
v 0.192081 -0.0242843 -0.201986
vn -0.021246 0.0127028 -0.00569285
v 0.192081 -0.0242843 -0.201986
vn 0.021246 -0.0127028 0.00569285
v 0.192718 -0.0242213 -0.200571
vn -0.017346 0.0179631 -0.00464784
v 0.184911 -0.0924069 -0.186291
vn -0.0109961 0.0219987 -0.0063486
v 0.184624 -0.0928123 -0.187764
vn -0.015552 0.0179631 -0.00897895
v 0.184624 -0.0928123 -0.187764
vn 0.015552 -0.0179631 0.00897895
v 0.184911 -0.0924069 -0.186291
vn 0.0109961 -0.0219987 0.0063486
v 0.192718 -0.0242213 -0.200571
vn 0.017346 -0.0179631 0.00464784
v 0.14566 -0.206071 -0.117275
vn -0.0063486 0.0219987 -0.0109961
v 0.117391 -0.242421 -0.0648837
vn -0.00170101 0.024535 -0.00634825
v 0.117141 -0.243713 -0.0657102
vn -0.00328628 0.0219987 -0.0122645
v 0.117141 -0.243713 -0.0657102
vn 0.00328628 -0.0219987 0.0122645
v 0.117391 -0.242421 -0.0648837
vn 0.00170101 -0.024535 0.00634825
v 0.14566 -0.206071 -0.117275
vn 0.0063486 -0.0219987 0.0109961
v 0.168775 -0.154463 -0.158403
vn -0.00897827 0.0219987 -0.00897827
v 0.145757 -0.204981 -0.116172
vn -0.0032861 0.024535 -0.00569168
v 0.14566 -0.206071 -0.117275
vn -0.0063486 0.0219987 -0.0109961
v 0.14566 -0.206071 -0.117275
vn 0.0063486 -0.0219987 0.0109961
v 0.145757 -0.204981 -0.116172
vn 0.0032861 -0.024535 0.00569168
v 0.168775 -0.154463 -0.158403
vn 0.00897827 -0.0219987 0.00897827
v 0.184911 -0.0924069 -0.186291
vn -0.0109961 0.0219987 -0.0063486
v 0.168748 -0.15365 -0.157078
vn -0.00464723 0.024535 -0.00464723
v 0.168775 -0.154463 -0.158403
vn -0.00897827 0.0219987 -0.00897827
v 0.168775 -0.154463 -0.158403
vn 0.00897827 -0.0219987 0.00897827
v 0.168748 -0.15365 -0.157078
vn 0.00464723 -0.024535 0.00464723
v 0.184911 -0.0924069 -0.186291
vn 0.0109961 -0.0219987 0.0063486
v 0.188389 -0.0242675 -0.204656
vn -0.0236981 -0.00657578 -0.00634987
v 0.188389 -0.0242675 -0.204656
vn 0.0236981 0.00657578 0.00634987
v 0.186846 -0.0241949 -0.204816
vn -0.021246 -0.0127028 -0.00569285
v 0.186846 -0.0241949 -0.204816
vn 0.021246 0.0127028 0.00569285
v 0.175841 -0.092252 -0.191194
vn -0.0109961 -0.0219987 -0.0063486
v 0.175841 -0.092252 -0.191194
vn 0.0109961 0.0219987 0.0063486
v 0.185315 -0.0240949 -0.204573
vn -0.017346 -0.0179631 -0.00464784
v 0.185315 -0.0240949 -0.204573
vn 0.017346 0.0179631 0.00464784
v 0.0527634 -0.265009 0.0543785
vn -3.10642e-05 0.0253997 0.0001159
v 0.0527634 -0.265009 0.0543785
vn 3.10642e-05 -0.0253997 -0.0001159
v 0.117391 -0.242421 -0.0648837
vn -0.00170101 0.024535 -0.00634825
v 0.085654 -0.261905 -0.0063645
vn 0 0.0253997 0.00011999
v 0.0855835 -0.263417 -0.00670867
vn 0 0.024535 -0.0065722
v 0.0855835 -0.263417 -0.00670867
vn 0 -0.024535 0.0065722
v 0.085654 -0.261905 -0.0063645
vn 0 -0.0253997 -0.00011999
v 0.117391 -0.242421 -0.0648837
vn 0.00170101 -0.024535 0.00634825
v 0.0208478 -0.250134 0.113886
vn -5.99948e-05 0.0253997 0.000103911
v 0.0208478 -0.250134 0.113886
vn 5.99948e-05 -0.0253997 -0.000103911
v -0.00791832 -0.218288 0.168103
vn -8.48614e-05 0.0253997 8.48614e-05
v -0.00791832 -0.218288 0.168103
vn 8.48614e-05 -0.0253997 -8.48614e-05
v -0.0641503 -0.0484114 0.268211
vn 0.024534 0.00657578 0
v -0.0661788 0.0221958 0.270952
vn 0.0245345 -0 0.006574
v -0.0656016 -0.0484235 0.267653
vn 0.0254 -0 0
v -0.0656016 -0.0484235 0.267653
vn -0.0254 0 0
v -0.0661788 0.0221958 0.270952
vn -0.0245345 0 -0.006574
v -0.0641503 -0.0484114 0.268211
vn -0.024534 -0.00657578 0
v -0.0656016 -0.0484235 0.267653
vn 0.0254 -0 0
v -0.0674389 0.0222019 0.270042
vn 0.0236981 -0.00657578 0.00634987
v -0.066862 -0.0483651 0.266745
vn 0.024534 -0.00657578 0
v -0.066862 -0.0483651 0.266745
vn -0.024534 0.00657578 0
v -0.0674389 0.0222019 0.270042
vn -0.0236981 0.00657578 -0.00634987
v -0.0656016 -0.0484235 0.267653
vn -0.0254 0 0
v -0.066862 -0.0483651 0.266745
vn 0.024534 -0.00657578 0
v -0.0684188 0.0221724 0.268838
vn 0.021246 -0.0127028 0.00569285
v -0.0678439 -0.0482396 0.26555
vn 0.0219954 -0.0127028 0
v -0.0678439 -0.0482396 0.26555
vn -0.0219954 0.0127028 0
v -0.0684188 0.0221724 0.268838
vn -0.021246 0.0127028 -0.00569285
v -0.066862 -0.0483651 0.266745
vn -0.024534 0.00657578 0
v -0.0678439 -0.0482396 0.26555
vn 0.0219954 -0.0127028 0
v -0.0690566 0.0221094 0.267422
vn 0.017346 -0.0179631 0.00464784
v -0.0684837 -0.0480558 0.264146
vn 0.0179579 -0.0179631 0
v -0.0684837 -0.0480558 0.264146
vn -0.0179579 0.0179631 0
v -0.0690566 0.0221094 0.267422
vn -0.017346 0.0179631 -0.00464784
v -0.0678439 -0.0482396 0.26555
vn -0.0219954 0.0127028 0
v -0.0684837 -0.0480558 0.264146
vn 0.0179579 -0.0179631 0
v -0.0595772 -0.114477 0.243581
vn 0.0122645 -0.0219987 -0.00328628
v -0.0592822 -0.115014 0.24501
vn 0.017346 -0.0179631 -0.00464784
v -0.0592822 -0.115014 0.24501
vn -0.017346 0.0179631 0.00464784
v -0.0595772 -0.114477 0.243581
vn -0.0122645 0.0219987 0.00328628
v -0.0684837 -0.0480558 0.264146
vn -0.0179579 0.0179631 0
v -0.0626095 -0.048329 0.26838
vn 0.0219954 0.0127028 0
v -0.0647271 0.0221556 0.271508
vn 0.0236981 0.00657578 0.00634987
v -0.0641503 -0.0484114 0.268211
vn 0.024534 0.00657578 0
v -0.0641503 -0.0484114 0.268211
vn -0.024534 -0.00657578 0
v -0.0647271 0.0221556 0.271508
vn -0.0236981 -0.00657578 -0.00634987
v -0.0626095 -0.048329 0.26838
vn -0.0219954 -0.0127028 0
v -0.0595772 -0.114477 0.243581
vn 0.0122645 -0.0219987 -0.00328628
v -0.0424408 -0.172461 0.208801
vn 0.00569168 -0.024535 -0.0032861
v -0.0424528 -0.173394 0.210043
vn 0.0109961 -0.0219987 -0.0063486
v -0.0424528 -0.173394 0.210043
vn -0.0109961 0.0219987 0.0063486
v -0.0424408 -0.172461 0.208801
vn -0.00569168 0.024535 0.0032861
v -0.0595772 -0.114477 0.243581
vn -0.0122645 0.0219987 0.00328628
v -0.00791832 -0.218288 0.168103
vn -8.48614e-05 0.0253997 8.48614e-05
v -0.0323264 -0.172633 0.214269
vn 0.00569168 0.024535 -0.0032861
v -0.00853247 -0.219546 0.168773
vn 0.00464723 0.024535 -0.00464723
v -0.00853247 -0.219546 0.168773
vn -0.00464723 -0.024535 0.00464723
v -0.0323264 -0.172633 0.214269
vn -0.00569168 -0.024535 0.0032861
v -0.00791832 -0.218288 0.168103
vn 8.48614e-05 -0.0253997 -8.48614e-05
v -0.0323264 -0.172633 0.214269
vn 0.00569168 0.024535 -0.0032861
v -0.0505077 -0.114632 0.248484
vn 0.0122645 0.0219987 -0.00328628
v -0.0333834 -0.173549 0.214946
vn 0.0109961 0.0219987 -0.0063486
v -0.0333834 -0.173549 0.214946
vn -0.0109961 -0.0219987 0.0063486
v -0.0505077 -0.114632 0.248484
vn -0.0122645 -0.0219987 0.00328628
v -0.0323264 -0.172633 0.214269
vn -0.00569168 -0.024535 0.0032861
v -0.0596667 -0.0479807 0.267532
vn 0.0126972 0.0219987 0
v -0.0518787 -0.11514 0.249012
vn 0.017346 0.0179631 -0.00464784
v -0.0505077 -0.114632 0.248484
vn 0.0122645 0.0219987 -0.00328628
v -0.0505077 -0.114632 0.248484
vn -0.0122645 -0.0219987 0.00328628
v -0.0518787 -0.11514 0.249012
vn -0.017346 -0.0179631 0.00464784
v -0.0596667 -0.0479807 0.267532
vn -0.0126972 -0.0219987 0
v -0.0610803 -0.0481823 0.268149
vn 0.0179579 0.0179631 0
v -0.0610803 -0.0481823 0.268149
vn -0.0179579 -0.0179631 0
v -0.0610803 -0.0481823 0.268149
vn 0.0179579 0.0179631 0
v -0.0631844 0.022083 0.271668
vn 0.021246 0.0127028 0.00569285
v -0.0626095 -0.048329 0.26838
vn 0.0219954 0.0127028 0
v -0.0626095 -0.048329 0.26838
vn -0.0219954 -0.0127028 0
v -0.0631844 0.022083 0.271668
vn -0.021246 -0.0127028 -0.00569285
v -0.0610803 -0.0481823 0.268149
vn -0.0179579 -0.0179631 0
v 0.0423872 -0.266369 0.0489197
vn 0.00170101 -0.024535 -0.00634825
v 0.0751826 -0.261726 -0.0120254
vn 0 -0.0254 0
v 0.0754691 -0.263245 -0.0121765
vn 0 -0.024535 -0.0065722
v 0.0754691 -0.263245 -0.0121765
vn 0 0.024535 0.0065722
v 0.0751826 -0.261726 -0.0120254
vn 0 0.0254 0
v 0.0423872 -0.266369 0.0489197
vn -0.00170101 0.024535 0.00634825
v 0.107277 -0.242248 -0.0703515
vn -0.00170101 -0.024535 -0.00634825
v 0.107277 -0.242248 -0.0703515
vn 0.00170101 0.024535 0.00634825
v 0.0102862 -0.251405 0.108773
vn 0.0032861 -0.024535 -0.00569168
v 0.0422919 -0.26483 0.0487176
vn 0 -0.0254 0
v 0.0423872 -0.266369 0.0489197
vn 0.00170101 -0.024535 -0.00634825
v 0.0423872 -0.266369 0.0489197
vn -0.00170101 0.024535 0.00634825
v 0.0422919 -0.26483 0.0487176
vn 0 0.0254 0
v 0.0102862 -0.251405 0.108773
vn -0.0032861 0.024535 0.00569168
v 0.135643 -0.204809 -0.12164
vn -0.0032861 -0.024535 -0.00569168
v 0.135643 -0.204809 -0.12164
vn 0.0032861 0.024535 0.00569168
v -0.0186468 -0.219374 0.163305
vn 0.00464723 -0.024535 -0.00464723
v 0.0103764 -0.249955 0.108225
vn 0 -0.0254 0
v 0.0102862 -0.251405 0.108773
vn 0.0032861 -0.024535 -0.00569168
v 0.0102862 -0.251405 0.108773
vn -0.0032861 0.024535 0.00569168
v 0.0103764 -0.249955 0.108225
vn 0 0.0254 0
v -0.0186468 -0.219374 0.163305
vn -0.00464723 0.024535 0.00464723
v 0.158633 -0.153477 -0.162546
vn -0.00464723 -0.024535 -0.00464723
v 0.158633 -0.153477 -0.162546
vn 0.00464723 0.024535 0.00464723
v -0.0424408 -0.172461 0.208801
vn 0.00569168 -0.024535 -0.0032861
v -0.0183898 -0.218109 0.162443
vn 0 -0.0254 0
v -0.0186468 -0.219374 0.163305
vn 0.00464723 -0.024535 -0.00464723
v -0.0186468 -0.219374 0.163305
vn -0.00464723 0.024535 0.00464723
v -0.0183898 -0.218109 0.162443
vn 0 0.0254 0
v -0.0424408 -0.172461 0.208801
vn -0.00569168 0.024535 0.0032861
v 0.18984 -0.0243077 -0.204101
vn -0.0245345 0 -0.006574
v 0.190524 0.0462531 -0.199894
vn -0.024534 0.00657578 0
v 0.191101 -0.0243138 -0.20319
vn -0.0236981 0.00657578 -0.00634987
v 0.191101 -0.0243138 -0.20319
vn 0.0236981 -0.00657578 0.00634987
v 0.190524 0.0462531 -0.199894
vn 0.024534 -0.00657578 0
v 0.18984 -0.0243077 -0.204101
vn 0.0245345 -0 0.006574
v 0.191101 -0.0243138 -0.20319
vn -0.0236981 0.00657578 -0.00634987
v 0.191506 0.0461277 -0.198698
vn -0.0219954 0.0127028 0
v 0.192081 -0.0242843 -0.201986
vn -0.021246 0.0127028 -0.00569285
v 0.192081 -0.0242843 -0.201986
vn 0.021246 -0.0127028 0.00569285
v 0.191506 0.0461277 -0.198698
vn 0.0219954 -0.0127028 0
v 0.191101 -0.0243138 -0.20319
vn 0.0236981 -0.00657578 0.00634987
v 0.192081 -0.0242843 -0.201986
vn -0.021246 0.0127028 -0.00569285
v 0.192146 0.0459439 -0.197295
vn -0.0179579 0.0179631 0
v 0.192718 -0.0242213 -0.200571
vn -0.017346 0.0179631 -0.00464784
v 0.192718 -0.0242213 -0.200571
vn 0.017346 -0.0179631 0.00464784
v 0.192146 0.0459439 -0.197295
vn 0.0179579 -0.0179631 0
v 0.192081 -0.0242843 -0.201986
vn 0.021246 -0.0127028 0.00569285
v 0.192969 -0.0241298 -0.199039
vn -0.0122645 0.0219987 -0.00328628
v 0.192969 -0.0241298 -0.199039
vn 0.0122645 -0.0219987 0.00328628
v 0.145757 -0.204981 -0.116172
vn -0.0032861 0.024535 -0.00569168
v 0.145757 -0.204981 -0.116172
vn 0.0032861 -0.024535 0.00569168
v 0.168748 -0.15365 -0.157078
vn -0.00464723 0.024535 -0.00464723
v 0.168748 -0.15365 -0.157078
vn 0.00464723 -0.024535 0.00464723
v 0.184798 -0.0919263 -0.184818
vn -0.00569168 0.024535 -0.0032861
v 0.184798 -0.0919263 -0.184818
vn 0.00569168 -0.024535 0.0032861
v 0.188389 -0.0242675 -0.204656
vn -0.0236981 -0.00657578 -0.00634987
v 0.189263 0.0463116 -0.200802
vn -0.0254 0 0
v 0.18984 -0.0243077 -0.204101
vn -0.0245345 0 -0.006574
v 0.18984 -0.0243077 -0.204101
vn 0.0245345 -0 0.006574
v 0.189263 0.0463116 -0.200802
vn 0.0254 -0 0
v 0.188389 -0.0242675 -0.204656
vn 0.0236981 0.00657578 0.00634987
v 0.186846 -0.0241949 -0.204816
vn -0.021246 -0.0127028 -0.00569285
v 0.187812 0.0462994 -0.20136
vn -0.024534 -0.00657578 0
v 0.188389 -0.0242675 -0.204656
vn -0.0236981 -0.00657578 -0.00634987
v 0.188389 -0.0242675 -0.204656
vn 0.0236981 0.00657578 0.00634987
v 0.187812 0.0462994 -0.20136
vn 0.024534 0.00657578 0
v 0.186846 -0.0241949 -0.204816
vn 0.021246 0.0127028 0.00569285
v 0.158633 -0.153477 -0.162546
vn -0.00464723 -0.024535 -0.00464723
v 0.175841 -0.092252 -0.191194
vn -0.0109961 -0.0219987 -0.0063486
v 0.159705 -0.154308 -0.163306
vn -0.00897827 -0.0219987 -0.00897827
v 0.159705 -0.154308 -0.163306
vn 0.00897827 0.0219987 0.00897827
v 0.175841 -0.092252 -0.191194
vn 0.0109961 0.0219987 0.0063486
v 0.158633 -0.153477 -0.162546
vn 0.00464723 0.024535 0.00464723
v 0.175841 -0.092252 -0.191194
vn -0.0109961 -0.0219987 -0.0063486
v 0.185315 -0.0240949 -0.204573
vn -0.017346 -0.0179631 -0.00464784
v 0.17722 -0.0926858 -0.191766
vn -0.015552 -0.0179631 -0.00897895
v 0.17722 -0.0926858 -0.191766
vn 0.015552 0.0179631 0.00897895
v 0.185315 -0.0240949 -0.204573
vn 0.017346 0.0179631 0.00464784
v 0.175841 -0.092252 -0.191194
vn 0.0109961 0.0219987 0.0063486
v 0.185315 -0.0240949 -0.204573
vn -0.017346 -0.0179631 -0.00464784
v 0.186271 0.0462171 -0.201528
vn -0.0219954 -0.0127028 0
v 0.186846 -0.0241949 -0.204816
vn -0.021246 -0.0127028 -0.00569285
v 0.186846 -0.0241949 -0.204816
vn 0.021246 0.0127028 0.00569285
v 0.186271 0.0462171 -0.201528
vn 0.0219954 0.0127028 0
v 0.185315 -0.0240949 -0.204573
vn 0.017346 0.0179631 0.00464784
v 0.0853747 -0.260488 -0.00622996
vn 0 0.0253997 0.00011999
v 0.0527634 -0.265009 0.0543785
vn -3.10642e-05 0.0253997 0.0001159
v 0.085654 -0.261905 -0.0063645
vn 0 0.0253997 0.00011999
v 0.085654 -0.261905 -0.0063645
vn 0 -0.0253997 -0.00011999
v 0.0527634 -0.265009 0.0543785
vn 3.10642e-05 -0.0253997 -0.0001159
v 0.0853747 -0.260488 -0.00622996
vn 0 -0.0253997 -0.00011999
v 0.117278 -0.241028 -0.0642024
vn 3.10642e-05 0.0253997 0.0001159
v 0.117278 -0.241028 -0.0642024
vn -3.10642e-05 -0.0253997 -0.0001159
v 0.0526627 -0.263577 0.0541831
vn -3.10642e-05 0.0253997 0.0001159
v 0.0208478 -0.250134 0.113886
vn -5.99948e-05 0.0253997 0.000103911
v 0.0527634 -0.265009 0.0543785
vn -3.10642e-05 0.0253997 0.0001159
v 0.0527634 -0.265009 0.0543785
vn 3.10642e-05 -0.0253997 -0.0001159
v 0.0208478 -0.250134 0.113886
vn 5.99948e-05 -0.0253997 -0.000103911
v 0.0526627 -0.263577 0.0541831
vn 3.10642e-05 -0.0253997 -0.0001159
v 0.0209198 -0.248779 0.113369
vn -5.99948e-05 0.0253997 0.000103911
v -0.00791832 -0.218288 0.168103
vn -8.48614e-05 0.0253997 8.48614e-05
v 0.0208478 -0.250134 0.113886
vn -5.99948e-05 0.0253997 0.000103911
v 0.0208478 -0.250134 0.113886
vn 5.99948e-05 -0.0253997 -0.000103911
v -0.00791832 -0.218288 0.168103
vn 8.48614e-05 -0.0253997 -8.48614e-05
v 0.0209198 -0.248779 0.113369
vn 5.99948e-05 -0.0253997 -0.000103911
v -0.0647271 0.0221556 0.271508
vn 0.0236981 0.00657578 0.00634987
v -0.0647271 0.0221556 0.271508
vn -0.0236981 -0.00657578 -0.00634987
v -0.0661788 0.0221958 0.270952
vn 0.0245345 -0 0.006574
v -0.0661788 0.0221958 0.270952
vn -0.0245345 0 -0.006574
v -0.0674389 0.0222019 0.270042
vn 0.0236981 -0.00657578 0.00634987
v -0.0674389 0.0222019 0.270042
vn -0.0236981 0.00657578 -0.00634987
v -0.0684188 0.0221724 0.268838
vn 0.021246 -0.0127028 0.00569285
v -0.0684188 0.0221724 0.268838
vn -0.021246 0.0127028 -0.00569285
v -0.0693067 0.0220179 0.265891
vn 0.0122645 -0.0219987 0.00328628
v -0.0684837 -0.0480558 0.264146
vn 0.0179579 -0.0179631 0
v -0.0690566 0.0221094 0.267422
vn 0.017346 -0.0179631 0.00464784
v -0.0690566 0.0221094 0.267422
vn -0.017346 0.0179631 -0.00464784
v -0.0684837 -0.0480558 0.264146
vn -0.0179579 0.0179631 0
v -0.0693067 0.0220179 0.265891
vn -0.0122645 0.0219987 -0.00328628
v -0.0687361 -0.0478258 0.262629
vn 0.0126972 -0.0219987 -0
v -0.0687361 -0.0478258 0.262629
vn -0.0126972 0.0219987 0
v -0.0631844 0.022083 0.271668
vn 0.021246 0.0127028 0.00569285
v -0.0631844 0.022083 0.271668
vn -0.021246 -0.0127028 -0.00569285
v -0.059473 -0.11386 0.242159
vn 0.00634825 -0.024535 -0.00170101
v -0.059473 -0.11386 0.242159
vn -0.00634825 0.024535 0.00170101
v -0.0315747 -0.171645 0.213336
vn -0.000103911 0.0253997 5.99948e-05
v -0.0315747 -0.171645 0.213336
vn 0.000103911 -0.0253997 -5.99948e-05
v -0.0493587 -0.114033 0.247626
vn 0.00634825 0.024535 -0.00170101
v -0.0493587 -0.114033 0.247626
vn -0.00634825 -0.024535 0.00170101
v -0.0505077 -0.114632 0.248484
vn 0.0122645 0.0219987 -0.00328628
v -0.0584685 -0.0477384 0.266572
vn 0.0065722 0.024535 0
v -0.0596667 -0.0479807 0.267532
vn 0.0126972 0.0219987 0
v -0.0596667 -0.0479807 0.267532
vn -0.0126972 -0.0219987 0
v -0.0584685 -0.0477384 0.266572
vn -0.0065722 -0.024535 0
v -0.0505077 -0.114632 0.248484
vn -0.0122645 -0.0219987 0.00328628
v -0.0602373 0.021863 0.270794
vn 0.0122645 0.0219987 0.00328628
v -0.0610803 -0.0481823 0.268149
vn 0.0179579 0.0179631 0
v -0.0596667 -0.0479807 0.267532
vn 0.0126972 0.0219987 0
v -0.0596667 -0.0479807 0.267532
vn -0.0126972 -0.0219987 0
v -0.0610803 -0.0481823 0.268149
vn -0.0179579 -0.0179631 0
v -0.0602373 0.021863 0.270794
vn -0.0122645 -0.0219987 -0.00328628
v -0.0616531 0.021983 0.271425
vn 0.017346 0.0179631 0.00464784
v -0.0616531 0.021983 0.271425
vn -0.017346 -0.0179631 -0.00464784
v 0.0422919 -0.26483 0.0487176
vn 0 -0.0254 0
v 0.0422919 -0.26483 0.0487176
vn 0 0.0254 0
v 0.0751826 -0.261726 -0.0120254
vn 0 -0.0254 0
v 0.107277 -0.242248 -0.0703515
vn -0.00170101 -0.024535 -0.00634825
v 0.0754691 -0.263245 -0.0121765
vn 0 -0.024535 -0.0065722
v 0.0754691 -0.263245 -0.0121765
vn 0 0.024535 0.0065722
v 0.107277 -0.242248 -0.0703515
vn 0.00170101 0.024535 0.00634825
v 0.0751826 -0.261726 -0.0120254
vn 0 0.0254 0
v 0.0103764 -0.249955 0.108225
vn 0 -0.0254 0
v 0.0103764 -0.249955 0.108225
vn 0 0.0254 0
v 0.106806 -0.240849 -0.0698633
vn 0 -0.0254 0
v 0.135643 -0.204809 -0.12164
vn -0.0032861 -0.024535 -0.00569168
v 0.107277 -0.242248 -0.0703515
vn -0.00170101 -0.024535 -0.00634825
v 0.107277 -0.242248 -0.0703515
vn 0.00170101 0.024535 0.00634825
v 0.135643 -0.204809 -0.12164
vn 0.0032861 0.024535 0.00569168
v 0.106806 -0.240849 -0.0698633
vn 0 0.0254 0
v -0.0183898 -0.218109 0.162443
vn 0 -0.0254 0
v -0.0183898 -0.218109 0.162443
vn 0 0.0254 0
v 0.135008 -0.203628 -0.120856
vn 0 -0.0254 0
v 0.158633 -0.153477 -0.162546
vn -0.00464723 -0.024535 -0.00464723
v 0.135643 -0.204809 -0.12164
vn -0.0032861 -0.024535 -0.00569168
v 0.135643 -0.204809 -0.12164
vn 0.0032861 0.024535 0.00569168
v 0.158633 -0.153477 -0.162546
vn 0.00464723 0.024535 0.00464723
v 0.135008 -0.203628 -0.120856
vn 0 0.0254 0
v -0.0420461 -0.171466 0.207676
vn 0 -0.0254 0
v -0.0420461 -0.171466 0.207676
vn 0 0.0254 0
v 0.189263 0.0463116 -0.200802
vn -0.0254 0 0
v 0.189263 0.0463116 -0.200802
vn 0.0254 -0 0
v 0.190524 0.0462531 -0.199894
vn -0.024534 0.00657578 0
v 0.190524 0.0462531 -0.199894
vn 0.024534 -0.00657578 0
v 0.191506 0.0461277 -0.198698
vn -0.0219954 0.0127028 0
v 0.191506 0.0461277 -0.198698
vn 0.0219954 -0.0127028 0
v 0.192146 0.0459439 -0.197295
vn -0.0179579 0.0179631 0
v 0.192969 -0.0241298 -0.199039
vn -0.0122645 0.0219987 -0.00328628
v 0.192718 -0.0242213 -0.200571
vn -0.017346 0.0179631 -0.00464784
v 0.192718 -0.0242213 -0.200571
vn 0.017346 -0.0179631 0.00464784
v 0.192969 -0.0241298 -0.199039
vn 0.0122645 -0.0219987 0.00328628
v 0.192146 0.0459439 -0.197295
vn 0.0179579 -0.0179631 0
v 0.192969 -0.0241298 -0.199039
vn -0.0122645 0.0219987 -0.00328628
v 0.184798 -0.0919263 -0.184818
vn -0.00569168 0.024535 -0.0032861
v 0.184911 -0.0924069 -0.186291
vn -0.0109961 0.0219987 -0.0063486
v 0.184911 -0.0924069 -0.186291
vn 0.0109961 -0.0219987 0.0063486
v 0.184798 -0.0919263 -0.184818
vn 0.00569168 -0.024535 0.0032861
v 0.192969 -0.0241298 -0.199039
vn 0.0122645 -0.0219987 0.00328628
v 0.145757 -0.204981 -0.116172
vn -0.0032861 0.024535 -0.00569168
v 0.117278 -0.241028 -0.0642024
vn 3.10642e-05 0.0253997 0.0001159
v 0.117391 -0.242421 -0.0648837
vn -0.00170101 0.024535 -0.00634825
v 0.117391 -0.242421 -0.0648837
vn 0.00170101 -0.024535 0.00634825
v 0.117278 -0.241028 -0.0642024
vn -3.10642e-05 -0.0253997 -0.0001159
v 0.145757 -0.204981 -0.116172
vn 0.0032861 -0.024535 0.00569168
v 0.168748 -0.15365 -0.157078
vn -0.00464723 0.024535 -0.00464723
v 0.14548 -0.203807 -0.115195
vn 5.99948e-05 0.0253997 0.000103911
v 0.145757 -0.204981 -0.116172
vn -0.0032861 0.024535 -0.00569168
v 0.145757 -0.204981 -0.116172
vn 0.0032861 -0.024535 0.00569168
v 0.14548 -0.203807 -0.115195
vn -5.99948e-05 -0.0253997 -0.000103911
v 0.168748 -0.15365 -0.157078
vn 0.00464723 -0.024535 0.00464723
v 0.184798 -0.0919263 -0.184818
vn -0.00569168 0.024535 -0.0032861
v 0.168338 -0.152772 -0.155866
vn 8.48614e-05 0.0253997 8.48614e-05
v 0.168748 -0.15365 -0.157078
vn -0.00464723 0.024535 -0.00464723
v 0.168748 -0.15365 -0.157078
vn 0.00464723 -0.024535 0.00464723
v 0.168338 -0.152772 -0.155866
vn -8.48614e-05 -0.0253997 -8.48614e-05
v 0.184798 -0.0919263 -0.184818
vn 0.00569168 -0.024535 0.0032861
v 0.187812 0.0462994 -0.20136
vn -0.024534 -0.00657578 0
v 0.187812 0.0462994 -0.20136
vn 0.024534 0.00657578 0
v 0.186271 0.0462171 -0.201528
vn -0.0219954 -0.0127028 0
v 0.186271 0.0462171 -0.201528
vn 0.0219954 0.0127028 0
v 0.174684 -0.0917536 -0.190286
vn -0.00569168 -0.024535 -0.0032861
v 0.174684 -0.0917536 -0.190286
vn 0.00569168 0.024535 0.0032861
v 0.183899 -0.0239749 -0.203942
vn -0.0122645 -0.0219987 -0.00328628
v 0.183899 -0.0239749 -0.203942
vn 0.0122645 0.0219987 0.00328628
v 0.184742 0.0460703 -0.201297
vn -0.0179579 -0.0179631 0
v 0.184742 0.0460703 -0.201297
vn 0.0179579 0.0179631 0
v 0.0526627 -0.263577 0.0541831
vn -3.10642e-05 0.0253997 0.0001159
v 0.0526627 -0.263577 0.0541831
vn 3.10642e-05 -0.0253997 -0.0001159
v 0.117278 -0.241028 -0.0642024
vn 3.10642e-05 0.0253997 0.0001159
v 0.0853747 -0.260488 -0.00622996
vn 0 0.0253997 0.00011999
v 0.085654 -0.261905 -0.0063645
vn 0 0.0253997 0.00011999
v 0.085654 -0.261905 -0.0063645
vn 0 -0.0253997 -0.00011999
v 0.0853747 -0.260488 -0.00622996
vn 0 -0.0253997 -0.00011999
v 0.117278 -0.241028 -0.0642024
vn -3.10642e-05 -0.0253997 -0.0001159
v 0.0209198 -0.248779 0.113369
vn -5.99948e-05 0.0253997 0.000103911
v 0.0209198 -0.248779 0.113369
vn 5.99948e-05 -0.0253997 -0.000103911
v -0.00769051 -0.217108 0.167292
vn -8.48614e-05 0.0253997 8.48614e-05
v -0.00769051 -0.217108 0.167292
vn 8.48614e-05 -0.0253997 -8.48614e-05
v -0.0647271 0.0221556 0.271508
vn 0.0236981 0.00657578 0.00634987
v -0.0580317 0.0912317 0.258062
vn 0.021997 0 0.0127
v -0.0661788 0.0221958 0.270952
vn 0.0245345 -0 0.006574
v -0.0661788 0.0221958 0.270952
vn -0.0245345 0 -0.006574
v -0.0580317 0.0912317 0.258062
vn -0.021997 0 -0.0127
v -0.0647271 0.0221556 0.271508
vn -0.0236981 -0.00657578 -0.00634987
v -0.0661788 0.0221958 0.270952
vn 0.0245345 -0 0.006574
v -0.0592972 0.0911862 0.257161
vn 0.0212471 -0.00657578 0.012267
v -0.0674389 0.0222019 0.270042
vn 0.0236981 -0.00657578 0.00634987
v -0.0674389 0.0222019 0.270042
vn -0.0236981 0.00657578 -0.00634987
v -0.0592972 0.0911862 0.257161
vn -0.0212471 0.00657578 -0.012267
v -0.0661788 0.0221958 0.270952
vn -0.0245345 0 -0.006574
v -0.0674389 0.0222019 0.270042
vn 0.0236981 -0.00657578 0.00634987
v -0.0602958 0.0910052 0.255986
vn 0.0190486 -0.0127028 0.0109977
v -0.0684188 0.0221724 0.268838
vn 0.021246 -0.0127028 0.00569285
v -0.0684188 0.0221724 0.268838
vn -0.021246 0.0127028 -0.00569285
v -0.0602958 0.0910052 0.255986
vn -0.0190486 0.0127028 -0.0109977
v -0.0674389 0.0222019 0.270042
vn -0.0236981 0.00657578 -0.00634987
v -0.0684188 0.0221724 0.268838
vn 0.021246 -0.0127028 0.00569285
v -0.0609618 0.0907013 0.254616
vn 0.015552 -0.0179631 0.00897895
v -0.0690566 0.0221094 0.267422
vn 0.017346 -0.0179631 0.00464784
v -0.0690566 0.0221094 0.267422
vn -0.017346 0.0179631 -0.00464784
v -0.0609618 0.0907013 0.254616
vn -0.015552 0.0179631 -0.00897895
v -0.0684188 0.0221724 0.268838
vn -0.021246 0.0127028 -0.00569285
v -0.0687361 -0.0478258 0.262629
vn 0.0126972 -0.0219987 -0
v -0.0687361 -0.0478258 0.262629
vn -0.0126972 0.0219987 0
v -0.0690566 0.0221094 0.267422
vn 0.017346 -0.0179631 0.00464784
v -0.0612489 0.0902949 0.253142
vn 0.0109961 -0.0219987 0.0063486
v -0.0693067 0.0220179 0.265891
vn 0.0122645 -0.0219987 0.00328628
v -0.0693067 0.0220179 0.265891
vn -0.0122645 0.0219987 -0.00328628
v -0.0612489 0.0902949 0.253142
vn -0.0109961 0.0219987 -0.0063486
v -0.0690566 0.0221094 0.267422
vn -0.017346 0.0179631 -0.00464784
v -0.0687361 -0.0478258 0.262629
vn 0.0126972 -0.0219987 -0
v -0.059473 -0.11386 0.242159
vn 0.00634825 -0.024535 -0.00170101
v -0.0595772 -0.114477 0.243581
vn 0.0122645 -0.0219987 -0.00328628
v -0.0595772 -0.114477 0.243581
vn -0.0122645 0.0219987 0.00328628
v -0.059473 -0.11386 0.242159
vn -0.00634825 0.024535 0.00170101
v -0.0687361 -0.0478258 0.262629
vn -0.0126972 0.0219987 0
v -0.0631844 0.022083 0.271668
vn 0.021246 0.0127028 0.00569285
v -0.0565854 0.0911398 0.258627
vn 0.0212471 0.00657578 0.012267
v -0.0647271 0.0221556 0.271508
vn 0.0236981 0.00657578 0.00634987
v -0.0647271 0.0221556 0.271508
vn -0.0236981 -0.00657578 -0.00634987
v -0.0565854 0.0911398 0.258627
vn -0.0212471 -0.00657578 -0.012267
v -0.0631844 0.022083 0.271668
vn -0.021246 -0.0127028 -0.00569285
v -0.059473 -0.11386 0.242159
vn 0.00634825 -0.024535 -0.00170101
v -0.0420461 -0.171466 0.207676
vn 0 -0.0254 0
v -0.0424408 -0.172461 0.208801
vn 0.00569168 -0.024535 -0.0032861
v -0.0424408 -0.172461 0.208801
vn -0.00569168 0.024535 0.0032861
v -0.0420461 -0.171466 0.207676
vn 0 0.0254 0
v -0.059473 -0.11386 0.242159
vn -0.00634825 0.024535 0.00170101
v -0.00769051 -0.217108 0.167292
vn -8.48614e-05 0.0253997 8.48614e-05
v -0.0315747 -0.171645 0.213336
vn -0.000103911 0.0253997 5.99948e-05
v -0.00791832 -0.218288 0.168103
vn -8.48614e-05 0.0253997 8.48614e-05
v -0.00791832 -0.218288 0.168103
vn 8.48614e-05 -0.0253997 -8.48614e-05
v -0.0315747 -0.171645 0.213336
vn 0.000103911 -0.0253997 -5.99948e-05
v -0.00769051 -0.217108 0.167292
vn 8.48614e-05 -0.0253997 -8.48614e-05
v -0.0315747 -0.171645 0.213336
vn -0.000103911 0.0253997 5.99948e-05
v -0.0493587 -0.114033 0.247626
vn 0.00634825 0.024535 -0.00170101
v -0.0323264 -0.172633 0.214269
vn 0.00569168 0.024535 -0.0032861
v -0.0323264 -0.172633 0.214269
vn -0.00569168 -0.024535 0.0032861
v -0.0493587 -0.114033 0.247626
vn -0.00634825 -0.024535 0.00170101
v -0.0315747 -0.171645 0.213336
vn 0.000103911 -0.0253997 -5.99948e-05
v -0.0493587 -0.114033 0.247626
vn 0.00634825 0.024535 -0.00170101
v -0.0493587 -0.114033 0.247626
vn -0.00634825 -0.024535 0.00170101
v -0.0590362 0.0217314 0.269817
vn 0.00634825 0.024535 0.00170101
v -0.0596667 -0.0479807 0.267532
vn 0.0126972 0.0219987 0
v -0.0584685 -0.0477384 0.266572
vn 0.0065722 0.024535 0
v -0.0584685 -0.0477384 0.266572
vn -0.0065722 -0.024535 0
v -0.0596667 -0.0479807 0.267532
vn -0.0126972 -0.0219987 0
v -0.0590362 0.0217314 0.269817
vn -0.00634825 -0.024535 -0.00170101
v -0.0616531 0.021983 0.271425
vn 0.017346 0.0179631 0.00464784
v -0.0616531 0.021983 0.271425
vn -0.017346 -0.0179631 -0.00464784
v -0.0602373 0.021863 0.270794
vn 0.0122645 0.0219987 0.00328628
v -0.0602373 0.021863 0.270794
vn -0.0122645 -0.0219987 -0.00328628
v -0.0616531 0.021983 0.271425
vn 0.017346 0.0179631 0.00464784
v -0.0550614 0.0909158 0.258816
vn 0.0190486 0.0127028 0.0109977
v -0.0631844 0.022083 0.271668
vn 0.021246 0.0127028 0.00569285
v -0.0631844 0.022083 0.271668
vn -0.021246 -0.0127028 -0.00569285
v -0.0550614 0.0909158 0.258816
vn -0.0190486 -0.0127028 -0.0109977
v -0.0616531 0.021983 0.271425
vn -0.017346 -0.0179631 -0.00464784
v 0.0422919 -0.26483 0.0487176
vn 0 -0.0254 0
v 0.0751971 -0.2614 -0.0119515
vn -0 -0.0251619 0.00346997
v 0.0751826 -0.261726 -0.0120254
vn 0 -0.0254 0
v 0.0751826 -0.261726 -0.0120254
vn 0 0.0254 0
v 0.0751971 -0.2614 -0.0119515
vn 0 0.0251619 -0.00346997
v 0.0422919 -0.26483 0.0487176
vn 0 0.0254 0
v 0.106806 -0.240849 -0.0698633
vn 0 -0.0254 0
v 0.106806 -0.240849 -0.0698633
vn 0 0.0254 0
v 0.0103764 -0.249955 0.108225
vn 0 -0.0254 0
v 0.0423479 -0.264502 0.0487149
vn -0.000898093 -0.0251619 0.00335173
v 0.0422919 -0.26483 0.0487176
vn 0 -0.0254 0
v 0.0422919 -0.26483 0.0487176
vn 0 0.0254 0
v 0.0423479 -0.264502 0.0487149
vn 0.000898093 0.0251619 -0.00335173
v 0.0103764 -0.249955 0.108225
vn 0 0.0254 0
v 0.135008 -0.203628 -0.120856
vn 0 -0.0254 0
v 0.135008 -0.203628 -0.120856
vn 0 0.0254 0
v -0.0183898 -0.218109 0.162443
vn 0 -0.0254 0
v 0.0104722 -0.249644 0.108148
vn -0.00173497 -0.0251619 0.00300507
v 0.0103764 -0.249955 0.108225
vn 0 -0.0254 0
v 0.0103764 -0.249955 0.108225
vn 0 0.0254 0
v 0.0104722 -0.249644 0.108148
vn 0.00173497 0.0251619 -0.00300507
v -0.0183898 -0.218109 0.162443
vn 0 0.0254 0
v 0.157867 -0.152593 -0.161527
vn 0 -0.0254 0
v 0.157867 -0.152593 -0.161527
vn 0 0.0254 0
v -0.0420461 -0.171466 0.207676
vn 0 -0.0254 0
v -0.0182583 -0.217838 0.162298
vn -0.00245364 -0.0251619 0.00245364
v -0.0183898 -0.218109 0.162443
vn 0 -0.0254 0
v -0.0183898 -0.218109 0.162443
vn 0 0.0254 0
v -0.0182583 -0.217838 0.162298
vn 0.00245364 0.0251619 -0.00245364
v -0.0420461 -0.171466 0.207676
vn 0 0.0254 0
v 0.189263 0.0463116 -0.200802
vn -0.0254 0 0
v 0.18127 0.113595 -0.180649
vn -0.0236981 0.00657578 0.00634987
v 0.190524 0.0462531 -0.199894
vn -0.024534 0.00657578 0
v 0.190524 0.0462531 -0.199894
vn 0.024534 -0.00657578 0
v 0.18127 0.113595 -0.180649
vn 0.0236981 -0.00657578 -0.00634987
v 0.189263 0.0463116 -0.200802
vn 0.0254 -0 0
v 0.190524 0.0462531 -0.199894
vn -0.024534 0.00657578 0
v 0.182272 0.113321 -0.179495
vn -0.021246 0.0127028 0.00569285
v 0.191506 0.0461277 -0.198698
vn -0.0219954 0.0127028 0
v 0.191506 0.0461277 -0.198698
vn 0.0219954 -0.0127028 0
v 0.182272 0.113321 -0.179495
vn 0.021246 -0.0127028 -0.00569285
v 0.190524 0.0462531 -0.199894
vn 0.024534 -0.00657578 0
v 0.191506 0.0461277 -0.198698
vn -0.0219954 0.0127028 0
v 0.182944 0.112902 -0.178158
vn -0.017346 0.0179631 0.00464784
v 0.192146 0.0459439 -0.197295
vn -0.0179579 0.0179631 0
v 0.192146 0.0459439 -0.197295
vn 0.0179579 -0.0179631 0
v 0.182944 0.112902 -0.178158
vn 0.017346 -0.0179631 -0.00464784
v 0.191506 0.0461277 -0.198698
vn 0.0219954 -0.0127028 0
v 0.192398 0.0457138 -0.195777
vn -0.0126972 0.0219987 0
v 0.192398 0.0457138 -0.195777
vn 0.0126972 -0.0219987 -0
v 0.192812 -0.0240161 -0.197498
vn -0.00634825 0.024535 -0.00170101
v 0.192812 -0.0240161 -0.197498
vn 0.00634825 -0.024535 0.00170101
v 0.14548 -0.203807 -0.115195
vn 5.99948e-05 0.0253997 0.000103911
v 0.14548 -0.203807 -0.115195
vn -5.99948e-05 -0.0253997 -0.000103911
v 0.168338 -0.152772 -0.155866
vn 8.48614e-05 0.0253997 8.48614e-05
v 0.168338 -0.152772 -0.155866
vn -8.48614e-05 -0.0253997 -8.48614e-05
v 0.184295 -0.0914045 -0.183445
vn 0.000103911 0.0253997 5.99948e-05
v 0.184295 -0.0914045 -0.183445
vn -0.000103911 -0.0253997 -5.99948e-05
v 0.187812 0.0462994 -0.20136
vn -0.024534 -0.00657578 0
v 0.180002 0.113703 -0.181543
vn -0.0245345 0 0.006574
v 0.189263 0.0463116 -0.200802
vn -0.0254 0 0
v 0.189263 0.0463116 -0.200802
vn 0.0254 -0 0
v 0.180002 0.113703 -0.181543
vn 0.0245345 0 -0.006574
v 0.187812 0.0462994 -0.20136
vn 0.024534 0.00657578 0
v 0.186271 0.0462171 -0.201528
vn -0.0219954 -0.0127028 0
v 0.178559 0.113641 -0.182115
vn -0.0236981 -0.00657578 0.00634987
v 0.187812 0.0462994 -0.20136
vn -0.024534 -0.00657578 0
v 0.187812 0.0462994 -0.20136
vn 0.024534 0.00657578 0
v 0.178559 0.113641 -0.182115
vn 0.0236981 0.00657578 -0.00634987
v 0.186271 0.0462171 -0.201528
vn 0.0219954 0.0127028 0
v 0.157867 -0.152593 -0.161527
vn 0 -0.0254 0
v 0.174684 -0.0917536 -0.190286
vn -0.00569168 -0.024535 -0.0032861
v 0.158633 -0.153477 -0.162546
vn -0.00464723 -0.024535 -0.00464723
v 0.158633 -0.153477 -0.162546
vn 0.00464723 0.024535 0.00464723
v 0.174684 -0.0917536 -0.190286
vn 0.00569168 0.024535 0.0032861
v 0.157867 -0.152593 -0.161527
vn 0 0.0254 0
v 0.174684 -0.0917536 -0.190286
vn -0.00569168 -0.024535 -0.0032861
v 0.183899 -0.0239749 -0.203942
vn -0.0122645 -0.0219987 -0.00328628
v 0.175841 -0.092252 -0.191194
vn -0.0109961 -0.0219987 -0.0063486
v 0.175841 -0.092252 -0.191194
vn 0.0109961 0.0219987 0.0063486
v 0.183899 -0.0239749 -0.203942
vn 0.0122645 0.0219987 0.00328628
v 0.174684 -0.0917536 -0.190286
vn 0.00569168 0.024535 0.0032861
v 0.183328 0.0458687 -0.20068
vn -0.0126972 -0.0219987 0
v 0.185315 -0.0240949 -0.204573
vn -0.017346 -0.0179631 -0.00464784
v 0.183899 -0.0239749 -0.203942
vn -0.0122645 -0.0219987 -0.00328628
v 0.183899 -0.0239749 -0.203942
vn 0.0122645 0.0219987 0.00328628
v 0.185315 -0.0240949 -0.204573
vn 0.017346 0.0179631 0.00464784
v 0.183328 0.0458687 -0.20068
vn 0.0126972 0.0219987 0
v 0.184742 0.0460703 -0.201297
vn -0.0179579 -0.0179631 0
v 0.184742 0.0460703 -0.201297
vn 0.0179579 0.0179631 0
v 0.184742 0.0460703 -0.201297
vn -0.0179579 -0.0179631 0
v 0.177037 0.113411 -0.182325
vn -0.021246 -0.0127028 0.00569285
v 0.186271 0.0462171 -0.201528
vn -0.0219954 -0.0127028 0
v 0.186271 0.0462171 -0.201528
vn 0.0219954 0.0127028 0
v 0.177037 0.113411 -0.182325
vn 0.021246 0.0127028 -0.00569285
v 0.184742 0.0460703 -0.201297
vn 0.0179579 0.0179631 0
v 0.0853763 -0.260437 -0.00621874
vn 0 0.0254 0
v 0.0526627 -0.263577 0.0541831
vn -3.10642e-05 0.0253997 0.0001159
v 0.0853747 -0.260488 -0.00622996
vn 0 0.0253997 0.00011999
v 0.0853747 -0.260488 -0.00622996
vn 0 -0.0253997 -0.00011999
v 0.0526627 -0.263577 0.0541831
vn 3.10642e-05 -0.0253997 -0.0001159
v 0.0853763 -0.260437 -0.00621874
vn 0 -0.0254 0
v 0.116827 -0.239727 -0.0637544
vn 3.10642e-05 0.0253997 0.0001159
v 0.116827 -0.239727 -0.0637544
vn -3.10642e-05 -0.0253997 -0.0001159
v 0.0526705 -0.263525 0.0541829
vn 0 0.0254 0
v 0.0209198 -0.248779 0.113369
vn -5.99948e-05 0.0253997 0.000103911
v 0.0526627 -0.263577 0.0541831
vn -3.10642e-05 0.0253997 0.0001159
v 0.0526627 -0.263577 0.0541831
vn 3.10642e-05 -0.0253997 -0.0001159
v 0.0209198 -0.248779 0.113369
vn 5.99948e-05 -0.0253997 -0.000103911
v 0.0526705 -0.263525 0.0541829
vn 0 -0.0254 0
v 0.0209341 -0.248731 0.113356
vn 0 0.0254 0
v -0.00769051 -0.217108 0.167292
vn -8.48614e-05 0.0253997 8.48614e-05
v 0.0209198 -0.248779 0.113369
vn -5.99948e-05 0.0253997 0.000103911
v 0.0209198 -0.248779 0.113369
vn 5.99948e-05 -0.0253997 -0.000103911
v -0.00769051 -0.217108 0.167292
vn 8.48614e-05 -0.0253997 -8.48614e-05
v 0.0209341 -0.248731 0.113356
vn 0 -0.0254 0
v -0.0565854 0.0911398 0.258627
vn 0.0212471 0.00657578 0.012267
v -0.0565854 0.0911398 0.258627
vn -0.0212471 -0.00657578 -0.012267
v -0.0580317 0.0912317 0.258062
vn 0.021997 0 0.0127
v -0.0580317 0.0912317 0.258062
vn -0.021997 0 -0.0127
v -0.0592972 0.0911862 0.257161
vn 0.0212471 -0.00657578 0.012267
v -0.0592972 0.0911862 0.257161
vn -0.0212471 0.00657578 -0.012267
v -0.0602958 0.0910052 0.255986
vn 0.0190486 -0.0127028 0.0109977
v -0.0602958 0.0910052 0.255986
vn -0.0190486 0.0127028 -0.0109977
v -0.0609618 0.0907013 0.254616
vn 0.015552 -0.0179631 0.00897895
v -0.0609618 0.0907013 0.254616
vn -0.015552 0.0179631 -0.00897895
v -0.0691505 0.0219042 0.264349
vn 0.00634825 -0.024535 0.00170101
v -0.0687361 -0.0478258 0.262629
vn 0.0126972 -0.0219987 -0
v -0.0693067 0.0220179 0.265891
vn 0.0122645 -0.0219987 0.00328628
v -0.0693067 0.0220179 0.265891
vn -0.0122645 0.0219987 -0.00328628
v -0.0687361 -0.0478258 0.262629
vn -0.0126972 0.0219987 0
v -0.0691505 0.0219042 0.264349
vn -0.00634825 0.024535 -0.00170101
v -0.0611361 0.0898144 0.251669
vn 0.00569168 -0.024535 0.0032861
v -0.0693067 0.0220179 0.265891
vn 0.0122645 -0.0219987 0.00328628
v -0.0612489 0.0902949 0.253142
vn 0.0109961 -0.0219987 0.0063486
v -0.0612489 0.0902949 0.253142
vn -0.0109961 0.0219987 -0.0063486
v -0.0693067 0.0220179 0.265891
vn -0.0122645 0.0219987 -0.00328628
v -0.0611361 0.0898144 0.251669
vn -0.00569168 0.024535 -0.0032861
v -0.0685828 -0.0475657 0.261104
vn 0.0065722 -0.024535 0
v -0.0685828 -0.0475657 0.261104
vn -0.0065722 0.024535 0
v -0.0550614 0.0909158 0.258816
vn 0.0190486 0.0127028 0.0109977
v -0.0550614 0.0909158 0.258816
vn -0.0190486 -0.0127028 -0.0109977
v -0.058979 -0.113204 0.240838
vn 0 -0.0254 0
v -0.058979 -0.113204 0.240838
vn 0 0.0254 0
v -0.0312178 -0.170717 0.212279
vn -0.000103911 0.0253997 5.99948e-05
v -0.0312178 -0.170717 0.212279
vn 0.000103911 -0.0253997 -5.99948e-05
v -0.0485075 -0.113383 0.246499
vn -0.0001159 0.0253997 3.10642e-05
v -0.0485075 -0.113383 0.246499
vn 0.0001159 -0.0253997 -3.10642e-05
v -0.0493587 -0.114033 0.247626
vn 0.00634825 0.024535 -0.00170101
v -0.0575648 -0.0474719 0.265336
vn -0.00011999 0.0253997 0
v -0.0584685 -0.0477384 0.266572
vn 0.0065722 0.024535 0
v -0.0584685 -0.0477384 0.266572
vn -0.0065722 -0.024535 0
v -0.0575648 -0.0474719 0.265336
vn 0.00011999 -0.0253997 0
v -0.0493587 -0.114033 0.247626
vn -0.00634825 -0.024535 0.00170101
v -0.0584685 -0.0477384 0.266572
vn 0.0065722 0.024535 0
v -0.058129 0.021596 0.268561
vn -0.0001159 0.0253997 -3.10642e-05
v -0.0590362 0.0217314 0.269817
vn 0.00634825 0.024535 0.00170101
v -0.0590362 0.0217314 0.269817
vn -0.00634825 -0.024535 -0.00170101
v -0.058129 0.021596 0.268561
vn 0.0001159 -0.0253997 3.10642e-05
v -0.0584685 -0.0477384 0.266572
vn -0.0065722 -0.024535 0
v -0.0521795 0.09014 0.258045
vn 0.0109961 0.0219987 0.0063486
v -0.0616531 0.021983 0.271425
vn 0.017346 0.0179631 0.00464784
v -0.0602373 0.021863 0.270794
vn 0.0122645 0.0219987 0.00328628
v -0.0602373 0.021863 0.270794
vn -0.0122645 -0.0219987 -0.00328628
v -0.0616531 0.021983 0.271425
vn -0.017346 -0.0179631 -0.00464784
v -0.0521795 0.09014 0.258045
vn -0.0109961 -0.0219987 -0.0063486
v -0.0510218 0.0896417 0.257137
vn 0.00569168 0.024535 0.0032861
v -0.0602373 0.021863 0.270794
vn 0.0122645 0.0219987 0.00328628
v -0.0590362 0.0217314 0.269817
vn 0.00634825 0.024535 0.00170101
v -0.0590362 0.0217314 0.269817
vn -0.00634825 -0.024535 -0.00170101
v -0.0602373 0.021863 0.270794
vn -0.0122645 -0.0219987 -0.00328628
v -0.0510218 0.0896417 0.257137
vn -0.00569168 -0.024535 -0.0032861
v -0.0535583 0.0905749 0.258618
vn 0.015552 0.0179631 0.00897895
v -0.0535583 0.0905749 0.258618
vn -0.015552 -0.0179631 -0.00897895
v 0.0423479 -0.264502 0.0487149
vn -0.000898093 -0.0251619 0.00335173
v 0.0423479 -0.264502 0.0487149
vn 0.000898093 0.0251619 -0.00335173
v 0.0751971 -0.2614 -0.0119515
vn -0 -0.0251619 0.00346997
v 0.106806 -0.240849 -0.0698633
vn 0 -0.0254 0
v 0.0751826 -0.261726 -0.0120254
vn 0 -0.0254 0
v 0.0751826 -0.261726 -0.0120254
vn 0 0.0254 0
v 0.106806 -0.240849 -0.0698633
vn 0 0.0254 0
v 0.0751971 -0.2614 -0.0119515
vn 0 0.0251619 -0.00346997
v 0.0104722 -0.249644 0.108148
vn -0.00173497 -0.0251619 0.00300507
v 0.0104722 -0.249644 0.108148
vn 0.00173497 0.0251619 -0.00300507
v 0.106781 -0.240552 -0.0697173
vn 0.000898093 -0.0251619 0.00335173
v 0.135008 -0.203628 -0.120856
vn 0 -0.0254 0
v 0.106806 -0.240849 -0.0698633
vn 0 -0.0254 0
v 0.106806 -0.240849 -0.0698633
vn 0 0.0254 0
v 0.135008 -0.203628 -0.120856
vn 0 0.0254 0
v 0.106781 -0.240552 -0.0697173
vn -0.000898093 0.0251619 -0.00335173
v -0.0182583 -0.217838 0.162298
vn -0.00245364 -0.0251619 0.00245364
v -0.0182583 -0.217838 0.162298
vn 0.00245364 0.0251619 -0.00245364
v 0.134948 -0.203375 -0.120645
vn 0.00173497 -0.0251619 0.00300507
v 0.157867 -0.152593 -0.161527
vn 0 -0.0254 0
v 0.135008 -0.203628 -0.120856
vn 0 -0.0254 0
v 0.135008 -0.203628 -0.120856
vn 0 0.0254 0
v 0.157867 -0.152593 -0.161527
vn 0 0.0254 0
v 0.134948 -0.203375 -0.120645
vn -0.00173497 0.0251619 -0.00300507
v -0.0418849 -0.171253 0.207475
vn -0.00300507 -0.0251619 0.00173497
v -0.0418849 -0.171253 0.207475
vn 0.00300507 0.0251619 -0.00173497
v 0.180002 0.113703 -0.181543
vn -0.0245345 0 0.006574
v 0.180002 0.113703 -0.181543
vn 0.0245345 0 -0.006574
v 0.18127 0.113595 -0.180649
vn -0.0236981 0.00657578 0.00634987
v 0.18127 0.113595 -0.180649
vn 0.0236981 -0.00657578 -0.00634987
v 0.182272 0.113321 -0.179495
vn -0.021246 0.0127028 0.00569285
v 0.182272 0.113321 -0.179495
vn 0.021246 -0.0127028 -0.00569285
v 0.183239 0.112365 -0.176729
vn -0.0122645 0.0219987 0.00328628
v 0.192146 0.0459439 -0.197295
vn -0.0179579 0.0179631 0
v 0.182944 0.112902 -0.178158
vn -0.017346 0.0179631 0.00464784
v 0.182944 0.112902 -0.178158
vn 0.017346 -0.0179631 -0.00464784
v 0.192146 0.0459439 -0.197295
vn 0.0179579 -0.0179631 0
v 0.183239 0.112365 -0.176729
vn 0.0122645 -0.0219987 -0.00328628
v 0.192398 0.0457138 -0.195777
vn -0.0126972 0.0219987 0
v 0.192398 0.0457138 -0.195777
vn 0.0126972 -0.0219987 -0
v 0.192398 0.0457138 -0.195777
vn -0.0126972 0.0219987 0
v 0.192812 -0.0240161 -0.197498
vn -0.00634825 0.024535 -0.00170101
v 0.192969 -0.0241298 -0.199039
vn -0.0122645 0.0219987 -0.00328628
v 0.192969 -0.0241298 -0.199039
vn 0.0122645 -0.0219987 0.00328628
v 0.192812 -0.0240161 -0.197498
vn 0.00634825 -0.024535 0.00170101
v 0.192398 0.0457138 -0.195777
vn 0.0126972 -0.0219987 -0
v 0.192812 -0.0240161 -0.197498
vn -0.00634825 0.024535 -0.00170101
v 0.184295 -0.0914045 -0.183445
vn 0.000103911 0.0253997 5.99948e-05
v 0.184798 -0.0919263 -0.184818
vn -0.00569168 0.024535 -0.0032861
v 0.184798 -0.0919263 -0.184818
vn 0.00569168 -0.024535 0.0032861
v 0.184295 -0.0914045 -0.183445
vn -0.000103911 -0.0253997 -5.99948e-05
v 0.192812 -0.0240161 -0.197498
vn 0.00634825 -0.024535 0.00170101
v 0.14548 -0.203807 -0.115195
vn 5.99948e-05 0.0253997 0.000103911
v 0.116827 -0.239727 -0.0637544
vn 3.10642e-05 0.0253997 0.0001159
v 0.117278 -0.241028 -0.0642024
vn 3.10642e-05 0.0253997 0.0001159
v 0.117278 -0.241028 -0.0642024
vn -3.10642e-05 -0.0253997 -0.0001159
v 0.116827 -0.239727 -0.0637544
vn -3.10642e-05 -0.0253997 -0.0001159
v 0.14548 -0.203807 -0.115195
vn -5.99948e-05 -0.0253997 -0.000103911
v 0.168338 -0.152772 -0.155866
vn 8.48614e-05 0.0253997 8.48614e-05
v 0.144876 -0.202704 -0.11447
vn 5.99948e-05 0.0253997 0.000103911
v 0.14548 -0.203807 -0.115195
vn 5.99948e-05 0.0253997 0.000103911
v 0.14548 -0.203807 -0.115195
vn -5.99948e-05 -0.0253997 -0.000103911
v 0.144876 -0.202704 -0.11447
vn -5.99948e-05 -0.0253997 -0.000103911
v 0.168338 -0.152772 -0.155866
vn -8.48614e-05 -0.0253997 -8.48614e-05
v 0.184295 -0.0914045 -0.183445
vn 0.000103911 0.0253997 5.99948e-05
v 0.167611 -0.151947 -0.154921
vn 8.48614e-05 0.0253997 8.48614e-05
v 0.168338 -0.152772 -0.155866
vn 8.48614e-05 0.0253997 8.48614e-05
v 0.168338 -0.152772 -0.155866
vn -8.48614e-05 -0.0253997 -8.48614e-05
v 0.167611 -0.151947 -0.154921
vn -8.48614e-05 -0.0253997 -8.48614e-05
v 0.184295 -0.0914045 -0.183445
vn -0.000103911 -0.0253997 -5.99948e-05
v 0.178559 0.113641 -0.182115
vn -0.0236981 -0.00657578 0.00634987
v 0.178559 0.113641 -0.182115
vn 0.0236981 0.00657578 -0.00634987
v 0.177037 0.113411 -0.182325
vn -0.021246 -0.0127028 0.00569285
v 0.177037 0.113411 -0.182325
vn 0.021246 0.0127028 -0.00569285
v 0.173824 -0.0912257 -0.189105
vn 0 -0.0254 0
v 0.173824 -0.0912257 -0.189105
vn 0 0.0254 0
v 0.182698 -0.0238433 -0.202965
vn -0.00634825 -0.024535 -0.00170101
v 0.182698 -0.0238433 -0.202965
vn 0.00634825 0.024535 0.00170101
v 0.183899 -0.0239749 -0.203942
vn -0.0122645 -0.0219987 -0.00328628
v 0.18213 0.0456265 -0.199721
vn -0.0065722 -0.024535 0
v 0.183328 0.0458687 -0.20068
vn -0.0126972 -0.0219987 0
v 0.183328 0.0458687 -0.20068
vn 0.0126972 0.0219987 0
v 0.18213 0.0456265 -0.199721
vn 0.0065722 0.024535 0
v 0.183899 -0.0239749 -0.203942
vn 0.0122645 0.0219987 0.00328628
v 0.17417 0.11252 -0.181632
vn -0.0122645 -0.0219987 0.00328628
v 0.184742 0.0460703 -0.201297
vn -0.0179579 -0.0179631 0
v 0.183328 0.0458687 -0.20068
vn -0.0126972 -0.0219987 0
v 0.183328 0.0458687 -0.20068
vn 0.0126972 0.0219987 0
v 0.184742 0.0460703 -0.201297
vn 0.0179579 0.0179631 0
v 0.17417 0.11252 -0.181632
vn 0.0122645 0.0219987 -0.00328628
v 0.175541 0.113028 -0.182161
vn -0.017346 -0.0179631 0.00464784
v 0.175541 0.113028 -0.182161
vn 0.017346 0.0179631 -0.00464784
v 0.0526705 -0.263525 0.0541829
vn 0 0.0254 0
v 0.0526705 -0.263525 0.0541829
vn 0 -0.0254 0
v 0.116827 -0.239727 -0.0637544
vn 3.10642e-05 0.0253997 0.0001159
v 0.0853763 -0.260437 -0.00621874
vn 0 0.0254 0
v 0.0853747 -0.260488 -0.00622996
vn 0 0.0253997 0.00011999
v 0.0853747 -0.260488 -0.00622996
vn 0 -0.0253997 -0.00011999
v 0.0853763 -0.260437 -0.00621874
vn 0 -0.0254 0
v 0.116827 -0.239727 -0.0637544
vn -3.10642e-05 -0.0253997 -0.0001159
v 0.0526682 -0.263471 0.0541763
vn -0.00170101 0.024535 0.00634825
v 0.0209341 -0.248731 0.113356
vn 0 0.0254 0
v 0.0526705 -0.263525 0.0541829
vn 0 0.0254 0
v 0.0526705 -0.263525 0.0541829
vn 0 -0.0254 0
v 0.0209341 -0.248731 0.113356
vn 0 -0.0254 0
v 0.0526682 -0.263471 0.0541763
vn 0.00170101 -0.024535 -0.00634825
v 0.0209341 -0.248731 0.113356
vn 0 0.0254 0
v 0.0209341 -0.248731 0.113356
vn 0 -0.0254 0
v -0.00767042 -0.217065 0.167269
vn 0 0.0254 0
v 0.0209379 -0.248682 0.113338
vn -0.0032861 0.024535 0.00569168
v -0.00766088 -0.217022 0.16724
vn -0.00464723 0.024535 0.00464723
v 0.0209341 -0.248731 0.113356
vn 0 0.0254 0
v -0.00766088 -0.217022 0.16724
vn 0.00464723 -0.024535 -0.00464723
v 0.0209379 -0.248682 0.113338
vn 0.0032861 -0.024535 -0.00569168
v -0.00767042 -0.217065 0.167269
vn 0 -0.0254 0
v 0.0209341 -0.248731 0.113356
vn 0 -0.0254 0
v 0.0206661 -0.247323 0.112635
vn -0.0063486 0.0219987 0.0109961
v -0.00766088 -0.217022 0.16724
vn -0.00464723 0.024535 0.00464723
v 0.0209379 -0.248682 0.113338
vn -0.0032861 0.024535 0.00569168
v 0.0209379 -0.248682 0.113338
vn 0.0032861 -0.024535 -0.00569168
v -0.00766088 -0.217022 0.16724
vn 0.00464723 -0.024535 -0.00464723
v 0.0206661 -0.247323 0.112635
vn 0.0063486 -0.0219987 -0.0109961
v -0.00767042 -0.217065 0.167269
vn 0 0.0254 0
v -0.00767042 -0.217065 0.167269
vn 0 -0.0254 0
v -0.0565854 0.0911398 0.258627
vn 0.0212471 0.00657578 0.012267
v -0.0417163 0.153977 0.229864
vn 0.0179605 0 0.0179605
v -0.0580317 0.0912317 0.258062
vn 0.021997 0 0.0127
v -0.0580317 0.0912317 0.258062
vn -0.021997 0 -0.0127
v -0.0417163 0.153977 0.229864
vn -0.0179605 0 -0.0179605
v -0.0565854 0.0911398 0.258627
vn -0.0212471 -0.00657578 -0.012267
v -0.0580317 0.0912317 0.258062
vn 0.021997 0 0.0127
v -0.0429944 0.153885 0.228984
vn 0.0173482 -0.00657578 0.0173482
v -0.0592972 0.0911862 0.257161
vn 0.0212471 -0.00657578 0.012267
v -0.0592972 0.0911862 0.257161
vn -0.0212471 0.00657578 -0.012267
v -0.0429944 0.153885 0.228984
vn -0.0173482 0.00657578 -0.0173482
v -0.0580317 0.0912317 0.258062
vn -0.021997 0 -0.0127
v -0.0592972 0.0911862 0.257161
vn 0.0212471 -0.00657578 0.012267
v -0.0440292 0.153567 0.227873
vn 0.0155531 -0.0127028 0.0155531
v -0.0602958 0.0910052 0.255986
vn 0.0190486 -0.0127028 0.0109977
v -0.0602958 0.0910052 0.255986
vn -0.0190486 0.0127028 -0.0109977
v -0.0440292 0.153567 0.227873
vn -0.0155531 0.0127028 -0.0155531
v -0.0592972 0.0911862 0.257161
vn -0.0212471 0.00657578 -0.012267
v -0.0602958 0.0910052 0.255986
vn 0.0190486 -0.0127028 0.0109977
v -0.0447514 0.153043 0.226599
vn 0.0126981 -0.0179631 0.0126981
v -0.0609618 0.0907013 0.254616
vn 0.015552 -0.0179631 0.00897895
v -0.0609618 0.0907013 0.254616
vn -0.015552 0.0179631 -0.00897895
v -0.0447514 0.153043 0.226599
vn -0.0126981 0.0179631 -0.0126981
v -0.0602958 0.0910052 0.255986
vn -0.0190486 0.0127028 -0.0109977
v -0.0609618 0.0907013 0.254616
vn 0.015552 -0.0179631 0.00897895
v -0.0451134 0.152352 0.225255
vn 0.00897827 -0.0219987 0.00897827
v -0.0612489 0.0902949 0.253142
vn 0.0109961 -0.0219987 0.0063486
v -0.0612489 0.0902949 0.253142
vn -0.0109961 0.0219987 -0.0063486
v -0.0451134 0.152352 0.225255
vn -0.00897827 0.0219987 -0.00897827
v -0.0609618 0.0907013 0.254616
vn -0.015552 0.0179631 -0.00897895
v -0.0685828 -0.0475657 0.261104
vn 0.0065722 -0.024535 0
v -0.0685828 -0.0475657 0.261104
vn -0.0065722 0.024535 0
v -0.0691505 0.0219042 0.264349
vn 0.00634825 -0.024535 0.00170101
v -0.0691505 0.0219042 0.264349
vn -0.00634825 0.024535 -0.00170101
v -0.0612489 0.0902949 0.253142
vn 0.0109961 -0.0219987 0.0063486
v -0.045086 0.151538 0.22393
vn 0.00464723 -0.024535 0.00464723
v -0.0611361 0.0898144 0.251669
vn 0.00569168 -0.024535 0.0032861
v -0.0611361 0.0898144 0.251669
vn -0.00569168 0.024535 -0.0032861
v -0.045086 0.151538 0.22393
vn -0.00464723 0.024535 -0.00464723
v -0.0612489 0.0902949 0.253142
vn -0.0109961 0.0219987 -0.0063486
v -0.0685828 -0.0475657 0.261104
vn 0.0065722 -0.024535 0
v -0.058979 -0.113204 0.240838
vn 0 -0.0254 0
v -0.059473 -0.11386 0.242159
vn 0.00634825 -0.024535 -0.00170101
v -0.059473 -0.11386 0.242159
vn -0.00634825 0.024535 0.00170101
v -0.058979 -0.113204 0.240838
vn 0 0.0254 0
v -0.0685828 -0.0475657 0.261104
vn -0.0065722 0.024535 0
v -0.0550614 0.0909158 0.258816
vn 0.0190486 0.0127028 0.0109977
v -0.0402826 0.153838 0.23045
vn 0.0173482 0.00657578 0.0173482
v -0.0565854 0.0911398 0.258627
vn 0.0212471 0.00657578 0.012267
v -0.0565854 0.0911398 0.258627
vn -0.0212471 -0.00657578 -0.012267
v -0.0402826 0.153838 0.23045
vn -0.0173482 -0.00657578 -0.0173482
v -0.0550614 0.0909158 0.258816
vn -0.0190486 -0.0127028 -0.0109977
v -0.058979 -0.113204 0.240838
vn 0 -0.0254 0
v -0.0418849 -0.171253 0.207475
vn -0.00300507 -0.0251619 0.00173497
v -0.0420461 -0.171466 0.207676
vn 0 -0.0254 0
v -0.0420461 -0.171466 0.207676
vn 0 0.0254 0
v -0.0418849 -0.171253 0.207475
vn 0.00300507 0.0251619 -0.00173497
v -0.058979 -0.113204 0.240838
vn 0 0.0254 0
v -0.00767042 -0.217065 0.167269
vn 0 0.0254 0
v -0.0312178 -0.170717 0.212279
vn -0.000103911 0.0253997 5.99948e-05
v -0.00769051 -0.217108 0.167292
vn -8.48614e-05 0.0253997 8.48614e-05
v -0.00769051 -0.217108 0.167292
vn 8.48614e-05 -0.0253997 -8.48614e-05
v -0.0312178 -0.170717 0.212279
vn 0.000103911 -0.0253997 -5.99948e-05
v -0.00767042 -0.217065 0.167269
vn 0 -0.0254 0
v -0.0312178 -0.170717 0.212279
vn -0.000103911 0.0253997 5.99948e-05
v -0.0485075 -0.113383 0.246499
vn -0.0001159 0.0253997 3.10642e-05
v -0.0315747 -0.171645 0.213336
vn -0.000103911 0.0253997 5.99948e-05
v -0.0315747 -0.171645 0.213336
vn 0.000103911 -0.0253997 -5.99948e-05
v -0.0485075 -0.113383 0.246499
vn 0.0001159 -0.0253997 -3.10642e-05
v -0.0312178 -0.170717 0.212279
vn 0.000103911 -0.0253997 -5.99948e-05
v -0.0485075 -0.113383 0.246499
vn -0.0001159 0.0253997 3.10642e-05
v -0.0485075 -0.113383 0.246499
vn 0.0001159 -0.0253997 -3.10642e-05
v -0.0575648 -0.0474719 0.265336
vn -0.00011999 0.0253997 0
v -0.0575648 -0.0474719 0.265336
vn 0.00011999 -0.0253997 0
v -0.050162 0.0891137 0.255957
vn -0.000103911 0.0253997 -5.99948e-05
v -0.0590362 0.0217314 0.269817
vn 0.00634825 0.024535 0.00170101
v -0.058129 0.021596 0.268561
vn -0.0001159 0.0253997 -3.10642e-05
v -0.058129 0.021596 0.268561
vn 0.0001159 -0.0253997 3.10642e-05
v -0.0590362 0.0217314 0.269817
vn -0.00634825 -0.024535 -0.00170101
v -0.050162 0.0891137 0.255957
vn 0.000103911 -0.0253997 5.99948e-05
v -0.0535583 0.0905749 0.258618
vn 0.015552 0.0179631 0.00897895
v -0.0535583 0.0905749 0.258618
vn -0.015552 -0.0179631 -0.00897895
v -0.0521795 0.09014 0.258045
vn 0.0109961 0.0219987 0.0063486
v -0.0521795 0.09014 0.258045
vn -0.0109961 -0.0219987 -0.0063486
v -0.0510218 0.0896417 0.257137
vn 0.00569168 0.024535 0.0032861
v -0.0510218 0.0896417 0.257137
vn -0.00569168 -0.024535 -0.0032861
v -0.0535583 0.0905749 0.258618
vn 0.015552 0.0179631 0.00897895
v -0.0387947 0.153478 0.230702
vn 0.0155531 0.0127028 0.0155531
v -0.0550614 0.0909158 0.258816
vn 0.0190486 0.0127028 0.0109977
v -0.0550614 0.0909158 0.258816
vn -0.0190486 -0.0127028 -0.0109977
v -0.0387947 0.153478 0.230702
vn -0.0155531 -0.0127028 -0.0155531
v -0.0535583 0.0905749 0.258618
vn -0.015552 -0.0179631 -0.00897895
v 0.0423479 -0.264502 0.0487149
vn -0.000898093 -0.0251619 0.00335173
v 0.0752603 -0.260316 -0.0116978
vn 0 -0.0253995 0.000155956
v 0.0751971 -0.2614 -0.0119515
vn -0 -0.0251619 0.00346997
v 0.0751971 -0.2614 -0.0119515
vn 0 0.0251619 -0.00346997
v 0.0752603 -0.260316 -0.0116978
vn 0 0.0253995 -0.000155956
v 0.0423479 -0.264502 0.0487149
vn 0.000898093 0.0251619 -0.00335173
v 0.106781 -0.240552 -0.0697173
vn 0.000898093 -0.0251619 0.00335173
v 0.106781 -0.240552 -0.0697173
vn -0.000898093 0.0251619 -0.00335173
v 0.0104722 -0.249644 0.108148
vn -0.00173497 -0.0251619 0.00300507
v 0.0425483 -0.263404 0.0487153
vn -4.03606e-05 -0.0253995 0.000150622
v 0.0423479 -0.264502 0.0487149
vn -0.000898093 -0.0251619 0.00335173
v 0.0423479 -0.264502 0.0487149
vn 0.000898093 0.0251619 -0.00335173
v 0.0425483 -0.263404 0.0487153
vn 4.03606e-05 0.0253995 -0.000150622
v 0.0104722 -0.249644 0.108148
vn 0.00173497 0.0251619 -0.00300507
v 0.134948 -0.203375 -0.120645
vn 0.00173497 -0.0251619 0.00300507
v 0.134948 -0.203375 -0.120645
vn -0.00173497 0.0251619 -0.00300507
v -0.0182583 -0.217838 0.162298
vn -0.00245364 -0.0251619 0.00245364
v 0.0108054 -0.248607 0.107901
vn -7.7978e-05 -0.0253995 0.000135052
v 0.0104722 -0.249644 0.108148
vn -0.00173497 -0.0251619 0.00300507
v 0.0104722 -0.249644 0.108148
vn 0.00173497 0.0251619 -0.00300507
v 0.0108054 -0.248607 0.107901
vn 7.7978e-05 0.0253995 -0.000135052
v -0.0182583 -0.217838 0.162298
vn 0.00245364 0.0251619 -0.00245364
v 0.157778 -0.152404 -0.161266
vn 0.00245364 -0.0251619 0.00245364
v 0.157778 -0.152404 -0.161266
vn -0.00245364 0.0251619 -0.00245364
v -0.0418849 -0.171253 0.207475
vn -0.00300507 -0.0251619 0.00173497
v -0.0178049 -0.216935 0.161825
vn -0.000110261 -0.0253995 0.000110261
v -0.0182583 -0.217838 0.162298
vn -0.00245364 -0.0251619 0.00245364
v -0.0182583 -0.217838 0.162298
vn 0.00245364 0.0251619 -0.00245364
v -0.0178049 -0.216935 0.161825
vn 0.000110261 0.0253995 -0.000110261
v -0.0418849 -0.171253 0.207475
vn 0.00300507 0.0251619 -0.00173497
v 0.180002 0.113703 -0.181543
vn -0.0245345 0 0.006574
v 0.163969 0.173122 -0.146765
vn -0.0212471 0.00657578 0.012267
v 0.18127 0.113595 -0.180649
vn -0.0236981 0.00657578 0.00634987
v 0.18127 0.113595 -0.180649
vn 0.0236981 -0.00657578 -0.00634987
v 0.163969 0.173122 -0.146765
vn 0.0212471 -0.00657578 -0.012267
v 0.180002 0.113703 -0.181543
vn 0.0245345 0 -0.006574
v 0.18127 0.113595 -0.180649
vn -0.0236981 0.00657578 0.00634987
v 0.165009 0.172718 -0.145685
vn -0.0190486 0.0127028 0.0109977
v 0.182272 0.113321 -0.179495
vn -0.021246 0.0127028 0.00569285
v 0.182272 0.113321 -0.179495
vn 0.021246 -0.0127028 -0.00569285
v 0.165009 0.172718 -0.145685
vn 0.0190486 -0.0127028 -0.0109977
v 0.18127 0.113595 -0.180649
vn 0.0236981 -0.00657578 -0.00634987
v 0.182272 0.113321 -0.179495
vn -0.021246 0.0127028 0.00569285
v 0.165741 0.17209 -0.144466
vn -0.015552 0.0179631 0.00897895
v 0.182944 0.112902 -0.178158
vn -0.017346 0.0179631 0.00464784
v 0.182944 0.112902 -0.178158
vn 0.017346 -0.0179631 -0.00464784
v 0.165741 0.17209 -0.144466
vn 0.015552 -0.0179631 -0.00897895
v 0.182272 0.113321 -0.179495
vn 0.021246 -0.0127028 -0.00569285
v 0.182944 0.112902 -0.178158
vn -0.017346 0.0179631 0.00464784
v 0.166115 0.171282 -0.143192
vn -0.0109961 0.0219987 0.0063486
v 0.183239 0.112365 -0.176729
vn -0.0122645 0.0219987 0.00328628
v 0.183239 0.112365 -0.176729
vn 0.0122645 -0.0219987 -0.00328628
v 0.166115 0.171282 -0.143192
vn 0.0109961 -0.0219987 -0.0063486
v 0.182944 0.112902 -0.178158
vn 0.017346 -0.0179631 -0.00464784
v 0.183135 0.111748 -0.175307
vn -0.00634825 0.024535 0.00170101
v 0.192398 0.0457138 -0.195777
vn -0.0126972 0.0219987 0
v 0.183239 0.112365 -0.176729
vn -0.0122645 0.0219987 0.00328628
v 0.183239 0.112365 -0.176729
vn 0.0122645 -0.0219987 -0.00328628
v 0.192398 0.0457138 -0.195777
vn 0.0126972 -0.0219987 -0
v 0.183135 0.111748 -0.175307
vn 0.00634825 -0.024535 -0.00170101
v 0.192245 0.0454537 -0.194253
vn -0.0065722 0.024535 0
v 0.192245 0.0454537 -0.194253
vn 0.0065722 -0.024535 0
v 0.192262 -0.0238868 -0.196049
vn 0.0001159 0.0253997 3.10642e-05
v 0.192262 -0.0238868 -0.196049
vn -0.0001159 -0.0253997 -3.10642e-05
v 0.144876 -0.202704 -0.11447
vn 5.99948e-05 0.0253997 0.000103911
v 0.144876 -0.202704 -0.11447
vn -5.99948e-05 -0.0253997 -0.000103911
v 0.167611 -0.151947 -0.154921
vn 8.48614e-05 0.0253997 8.48614e-05
v 0.167611 -0.151947 -0.154921
vn -8.48614e-05 -0.0253997 -8.48614e-05
v 0.183481 -0.0909123 -0.182349
vn 0.000103911 0.0253997 5.99948e-05
v 0.183481 -0.0909123 -0.182349
vn -0.000103911 -0.0253997 -5.99948e-05
v 0.178559 0.113641 -0.182115
vn -0.0236981 -0.00657578 0.00634987
v 0.162688 0.173275 -0.147633
vn -0.021997 0 0.0127
v 0.180002 0.113703 -0.181543
vn -0.0245345 0 0.006574
v 0.180002 0.113703 -0.181543
vn 0.0245345 0 -0.006574
v 0.162688 0.173275 -0.147633
vn 0.021997 0 -0.0127
v 0.178559 0.113641 -0.182115
vn 0.0236981 0.00657578 -0.00634987
v 0.177037 0.113411 -0.182325
vn -0.021246 -0.0127028 0.00569285
v 0.161257 0.173168 -0.148231
vn -0.0212471 -0.00657578 0.012267
v 0.178559 0.113641 -0.182115
vn -0.0236981 -0.00657578 0.00634987
v 0.178559 0.113641 -0.182115
vn 0.0236981 0.00657578 -0.00634987
v 0.161257 0.173168 -0.148231
vn 0.0212471 0.00657578 -0.012267
v 0.177037 0.113411 -0.182325
vn 0.021246 0.0127028 -0.00569285
v 0.157778 -0.152404 -0.161266
vn 0.00245364 -0.0251619 0.00245364
v 0.173824 -0.0912257 -0.189105
vn 0 -0.0254 0
v 0.157867 -0.152593 -0.161527
vn 0 -0.0254 0
v 0.157867 -0.152593 -0.161527
vn 0 0.0254 0
v 0.173824 -0.0912257 -0.189105
vn 0 0.0254 0
v 0.157778 -0.152404 -0.161266
vn -0.00245364 0.0251619 -0.00245364
v 0.173824 -0.0912257 -0.189105
vn 0 -0.0254 0
v 0.182698 -0.0238433 -0.202965
vn -0.00634825 -0.024535 -0.00170101
v 0.174684 -0.0917536 -0.190286
vn -0.00569168 -0.024535 -0.0032861
v 0.174684 -0.0917536 -0.190286
vn 0.00569168 0.024535 0.0032861
v 0.182698 -0.0238433 -0.202965
vn 0.00634825 0.024535 0.00170101
v 0.173824 -0.0912257 -0.189105
vn 0 0.0254 0
v 0.182698 -0.0238433 -0.202965
vn -0.00634825 -0.024535 -0.00170101
v 0.182698 -0.0238433 -0.202965
vn 0.00634825 0.024535 0.00170101
v 0.17302 0.111921 -0.180775
vn -0.00634825 -0.024535 0.00170101
v 0.183328 0.0458687 -0.20068
vn -0.0126972 -0.0219987 0
v 0.18213 0.0456265 -0.199721
vn -0.0065722 -0.024535 0
v 0.18213 0.0456265 -0.199721
vn 0.0065722 0.024535 0
v 0.183328 0.0458687 -0.20068
vn 0.0126972 0.0219987 0
v 0.17302 0.111921 -0.180775
vn 0.00634825 0.024535 -0.00170101
v 0.175541 0.113028 -0.182161
vn -0.017346 -0.0179631 0.00464784
v 0.175541 0.113028 -0.182161
vn 0.017346 0.0179631 -0.00464784
v 0.17417 0.11252 -0.181632
vn -0.0122645 -0.0219987 0.00328628
v 0.17417 0.11252 -0.181632
vn 0.0122645 0.0219987 -0.00328628
v 0.175541 0.113028 -0.182161
vn -0.017346 -0.0179631 0.00464784
v 0.159774 0.172807 -0.148514
vn -0.0190486 -0.0127028 0.0109977
v 0.177037 0.113411 -0.182325
vn -0.021246 -0.0127028 0.00569285
v 0.177037 0.113411 -0.182325
vn 0.021246 0.0127028 -0.00569285
v 0.159774 0.172807 -0.148514
vn 0.0190486 0.0127028 -0.0109977
v 0.175541 0.113028 -0.182161
vn 0.017346 0.0179631 -0.00464784
v 0.0853673 -0.260385 -0.00621307
vn 0 0.024535 0.0065722
v 0.0526705 -0.263525 0.0541829
vn 0 0.0254 0
v 0.0853763 -0.260437 -0.00621874
vn 0 0.0254 0
v 0.0853763 -0.260437 -0.00621874
vn 0 -0.0254 0
v 0.0526705 -0.263525 0.0541829
vn 0 -0.0254 0
v 0.0853673 -0.260385 -0.00621307
vn 0 -0.024535 -0.0065722
v 0.116823 -0.239679 -0.0637321
vn 0 0.0254 0
v 0.116823 -0.239679 -0.0637321
vn 0 -0.0254 0
v 0.0209379 -0.248682 0.113338
vn -0.0032861 0.024535 0.00569168
v 0.0209379 -0.248682 0.113338
vn 0.0032861 -0.024535 -0.00569168
v 0.052223 -0.262033 0.053796
vn -0.00328628 0.0219987 0.0122645
v 0.0209379 -0.248682 0.113338
vn -0.0032861 0.024535 0.00569168
v 0.0526682 -0.263471 0.0541763
vn -0.00170101 0.024535 0.00634825
v 0.0526682 -0.263471 0.0541763
vn 0.00170101 -0.024535 -0.00634825
v 0.0209379 -0.248682 0.113338
vn 0.0032861 -0.024535 -0.00569168
v 0.052223 -0.262033 0.053796
vn 0.00328628 -0.0219987 -0.0122645
v 0.0526682 -0.263471 0.0541763
vn -0.00170101 0.024535 0.00634825
v 0.0526682 -0.263471 0.0541763
vn 0.00170101 -0.024535 -0.00634825
v -0.00777658 -0.215835 0.166243
vn -0.00897827 0.0219987 0.00897827
v -0.00777658 -0.215835 0.166243
vn 0.00897827 -0.0219987 -0.00897827
v 0.0206661 -0.247323 0.112635
vn -0.0063486 0.0219987 0.0109961
v 0.0206661 -0.247323 0.112635
vn 0.0063486 -0.0219987 -0.0109961
v -0.00766088 -0.217022 0.16724
vn -0.00464723 0.024535 0.00464723
v -0.0311932 -0.170684 0.212247
vn 0 0.0254 0
v -0.00767042 -0.217065 0.167269
vn 0 0.0254 0
v -0.00767042 -0.217065 0.167269
vn 0 -0.0254 0
v -0.0311932 -0.170684 0.212247
vn 0 -0.0254 0
v -0.00766088 -0.217022 0.16724
vn 0.00464723 -0.024535 -0.00464723
v -0.0402826 0.153838 0.23045
vn 0.0173482 0.00657578 0.0173482
v -0.0402826 0.153838 0.23045
vn -0.0173482 -0.00657578 -0.0173482
v -0.0417163 0.153977 0.229864
vn 0.0179605 0 0.0179605
v -0.0417163 0.153977 0.229864
vn -0.0179605 0 -0.0179605
v -0.0429944 0.153885 0.228984
vn 0.0173482 -0.00657578 0.0173482
v -0.0429944 0.153885 0.228984
vn -0.0173482 0.00657578 -0.0173482
v -0.0440292 0.153567 0.227873
vn 0.0155531 -0.0127028 0.0155531
v -0.0440292 0.153567 0.227873
vn -0.0155531 0.0127028 -0.0155531
v -0.0447514 0.153043 0.226599
vn 0.0126981 -0.0179631 0.0126981
v -0.0447514 0.153043 0.226599
vn -0.0126981 0.0179631 -0.0126981
v -0.0451134 0.152352 0.225255
vn 0.00897827 -0.0219987 0.00897827
v -0.0451134 0.152352 0.225255
vn -0.00897827 0.0219987 -0.00897827
v -0.0686005 0.0217748 0.262901
vn 0 -0.0254 0
v -0.0685828 -0.0475657 0.261104
vn 0.0065722 -0.024535 0
v -0.0691505 0.0219042 0.264349
vn 0.00634825 -0.024535 0.00170101
v -0.0691505 0.0219042 0.264349
vn -0.00634825 0.024535 -0.00170101
v -0.0685828 -0.0475657 0.261104
vn -0.0065722 0.024535 0
v -0.0686005 0.0217748 0.262901
vn 0 0.0254 0
v -0.0606334 0.0892926 0.250296
vn 0 -0.0254 0
v -0.0691505 0.0219042 0.264349
vn 0.00634825 -0.024535 0.00170101
v -0.0611361 0.0898144 0.251669
vn 0.00569168 -0.024535 0.0032861
v -0.0611361 0.0898144 0.251669
vn -0.00569168 0.024535 -0.0032861
v -0.0691505 0.0219042 0.264349
vn -0.00634825 0.024535 -0.00170101
v -0.0606334 0.0892926 0.250296
vn 0 0.0254 0
v -0.0446762 0.15066 0.222717
vn 0 -0.0254 0
v -0.0611361 0.0898144 0.251669
vn 0.00569168 -0.024535 0.0032861
v -0.045086 0.151538 0.22393
vn 0.00464723 -0.024535 0.00464723
v -0.045086 0.151538 0.22393
vn -0.00464723 0.024535 -0.00464723
v -0.0611361 0.0898144 0.251669
vn -0.00569168 0.024535 -0.0032861
v -0.0446762 0.15066 0.222717
vn 0 0.0254 0
v -0.0680363 -0.0472931 0.259675
vn 0 -0.0254 0
v -0.0680363 -0.0472931 0.259675
vn 0 0.0254 0
v -0.0387947 0.153478 0.230702
vn 0.0155531 0.0127028 0.0155531
v -0.0387947 0.153478 0.230702
vn -0.0155531 -0.0127028 -0.0155531
v -0.0587975 -0.113064 0.240598
vn -0.00335173 -0.0251619 0.000898093
v -0.0587975 -0.113064 0.240598
vn 0.00335173 0.0251619 -0.000898093
v -0.0311791 -0.170651 0.212209
vn -0.00569168 0.024535 0.0032861
v -0.0311791 -0.170651 0.212209
vn 0.00569168 -0.024535 -0.0032861
v -0.00777658 -0.215835 0.166243
vn -0.00897827 0.0219987 0.00897827
v -0.0311791 -0.170651 0.212209
vn -0.00569168 0.024535 0.0032861
v -0.00766088 -0.217022 0.16724
vn -0.00464723 0.024535 0.00464723
v -0.00766088 -0.217022 0.16724
vn 0.00464723 -0.024535 -0.00464723
v -0.0311791 -0.170651 0.212209
vn 0.00569168 -0.024535 -0.0032861
v -0.00777658 -0.215835 0.166243
vn 0.00897827 -0.0219987 -0.00897827
v -0.0311932 -0.170684 0.212247
vn 0 0.0254 0
v -0.0311932 -0.170684 0.212247
vn 0 -0.0254 0
v -0.0480604 -0.112771 0.245265
vn -0.0001159 0.0253997 3.10642e-05
v -0.0480604 -0.112771 0.245265
vn 0.0001159 -0.0253997 -3.10642e-05
v -0.0485075 -0.113383 0.246499
vn -0.0001159 0.0253997 3.10642e-05
v -0.0570686 -0.0472181 0.263999
vn -0.00011999 0.0253997 0
v -0.0575648 -0.0474719 0.265336
vn -0.00011999 0.0253997 0
v -0.0575648 -0.0474719 0.265336
vn 0.00011999 -0.0253997 0
v -0.0570686 -0.0472181 0.263999
vn 0.00011999 -0.0253997 0
v -0.0485075 -0.113383 0.246499
vn 0.0001159 -0.0253997 -3.10642e-05
v -0.0575648 -0.0474719 0.265336
vn -0.00011999 0.0253997 0
v -0.0576298 0.0214751 0.267207
vn -0.0001159 0.0253997 -3.10642e-05
v -0.058129 0.021596 0.268561
vn -0.0001159 0.0253997 -3.10642e-05
v -0.058129 0.021596 0.268561
vn 0.0001159 -0.0253997 3.10642e-05
v -0.0576298 0.0214751 0.267207
vn 0.0001159 -0.0253997 3.10642e-05
v -0.0575648 -0.0474719 0.265336
vn 0.00011999 -0.0253997 0
v -0.058129 0.021596 0.268561
vn -0.0001159 0.0253997 -3.10642e-05
v -0.0497043 0.0886277 0.254668
vn -0.000103911 0.0253997 -5.99948e-05
v -0.050162 0.0891137 0.255957
vn -0.000103911 0.0253997 -5.99948e-05
v -0.050162 0.0891137 0.255957
vn 0.000103911 -0.0253997 5.99948e-05
v -0.0497043 0.0886277 0.254668
vn 0.000103911 -0.0253997 5.99948e-05
v -0.058129 0.021596 0.268561
vn 0.0001159 -0.0253997 3.10642e-05
v -0.036044 0.152197 0.230158
vn 0.00897827 0.0219987 0.00897827
v -0.0535583 0.0905749 0.258618
vn 0.015552 0.0179631 0.00897895
v -0.0521795 0.09014 0.258045
vn 0.0109961 0.0219987 0.0063486
v -0.0521795 0.09014 0.258045
vn -0.0109961 -0.0219987 -0.0063486
v -0.0535583 0.0905749 0.258618
vn -0.015552 -0.0179631 -0.00897895
v -0.036044 0.152197 0.230158
vn -0.00897827 -0.0219987 -0.00897827
v -0.0349716 0.151365 0.229398
vn 0.00464723 0.024535 0.00464723
v -0.0521795 0.09014 0.258045
vn 0.0109961 0.0219987 0.0063486
v -0.0510218 0.0896417 0.257137
vn 0.00569168 0.024535 0.0032861
v -0.0510218 0.0896417 0.257137
vn -0.00569168 -0.024535 -0.0032861
v -0.0521795 0.09014 0.258045
vn -0.0109961 -0.0219987 -0.0063486
v -0.0349716 0.151365 0.229398
vn -0.00464723 -0.024535 -0.00464723
v -0.0342048 0.150481 0.228378
vn -8.48614e-05 0.0253997 -8.48614e-05
v -0.0510218 0.0896417 0.257137
vn 0.00569168 0.024535 0.0032861
v -0.050162 0.0891137 0.255957
vn -0.000103911 0.0253997 -5.99948e-05
v -0.050162 0.0891137 0.255957
vn 0.000103911 -0.0253997 5.99948e-05
v -0.0510218 0.0896417 0.257137
vn -0.00569168 -0.024535 -0.0032861
v -0.0342048 0.150481 0.228378
vn 8.48614e-05 -0.0253997 8.48614e-05
v -0.0373479 0.152917 0.230601
vn 0.0126981 0.0179631 0.0126981
v -0.0373479 0.152917 0.230601
vn -0.0126981 -0.0179631 -0.0126981
v 0.0425483 -0.263404 0.0487153
vn -4.03606e-05 -0.0253995 0.000150622
v 0.0425483 -0.263404 0.0487153
vn 4.03606e-05 0.0253995 -0.000150622
v 0.0752603 -0.260316 -0.0116978
vn 0 -0.0253995 0.000155956
v 0.106781 -0.240552 -0.0697173
vn 0.000898093 -0.0251619 0.00335173
v 0.0751971 -0.2614 -0.0119515
vn -0 -0.0251619 0.00346997
v 0.0751971 -0.2614 -0.0119515
vn 0 0.0251619 -0.00346997
v 0.106781 -0.240552 -0.0697173
vn -0.000898093 0.0251619 -0.00335173
v 0.0752603 -0.260316 -0.0116978
vn 0 0.0253995 -0.000155956
v 0.0108054 -0.248607 0.107901
vn -7.7978e-05 -0.0253995 0.000135052
v 0.0108054 -0.248607 0.107901
vn 7.7978e-05 0.0253995 -0.000135052
v 0.106713 -0.239554 -0.0692222
vn 4.03606e-05 -0.0253995 0.000150622
v 0.134948 -0.203375 -0.120645
vn 0.00173497 -0.0251619 0.00300507
v 0.106781 -0.240552 -0.0697173
vn 0.000898093 -0.0251619 0.00335173
v 0.106781 -0.240552 -0.0697173
vn -0.000898093 0.0251619 -0.00335173
v 0.134948 -0.203375 -0.120645
vn -0.00173497 0.0251619 -0.00300507
v 0.106713 -0.239554 -0.0692222
vn -4.03606e-05 0.0253995 -0.000150622
v -0.0178049 -0.216935 0.161825
vn -0.000110261 -0.0253995 0.000110261
v -0.0178049 -0.216935 0.161825
vn 0.000110261 0.0253995 -0.000110261
v 0.134762 -0.202531 -0.119938
vn 7.7978e-05 -0.0253995 0.000135052
v 0.157778 -0.152404 -0.161266
vn 0.00245364 -0.0251619 0.00245364
v 0.134948 -0.203375 -0.120645
vn 0.00173497 -0.0251619 0.00300507
v 0.134948 -0.203375 -0.120645
vn -0.00173497 0.0251619 -0.00300507
v 0.157778 -0.152404 -0.161266
vn -0.00245364 0.0251619 -0.00245364
v 0.134762 -0.202531 -0.119938
vn -7.7978e-05 0.0253995 -0.000135052
v -0.0413321 -0.170545 0.206811
vn -0.000135052 -0.0253995 7.7978e-05
v -0.0413321 -0.170545 0.206811
vn 0.000135052 0.0253995 -7.7978e-05
v 0.162688 0.173275 -0.147633
vn -0.021997 0 0.0127
v 0.162688 0.173275 -0.147633
vn 0.021997 0 -0.0127
v 0.163969 0.173122 -0.146765
vn -0.0212471 0.00657578 0.012267
v 0.163969 0.173122 -0.146765
vn 0.0212471 -0.00657578 -0.012267
v 0.165009 0.172718 -0.145685
vn -0.0190486 0.0127028 0.0109977
v 0.165009 0.172718 -0.145685
vn 0.0190486 -0.0127028 -0.0109977
v 0.165741 0.17209 -0.144466
vn -0.015552 0.0179631 0.00897895
v 0.165741 0.17209 -0.144466
vn 0.015552 -0.0179631 -0.00897895
v 0.166103 0.170349 -0.14195
vn -0.00569168 0.024535 0.0032861
v 0.183239 0.112365 -0.176729
vn -0.0122645 0.0219987 0.00328628
v 0.166115 0.171282 -0.143192
vn -0.0109961 0.0219987 0.0063486
v 0.166115 0.171282 -0.143192
vn 0.0109961 -0.0219987 -0.0063486
v 0.183239 0.112365 -0.176729
vn 0.0122645 -0.0219987 -0.00328628
v 0.166103 0.170349 -0.14195
vn 0.00569168 -0.024535 -0.0032861
v 0.192245 0.0454537 -0.194253
vn -0.0065722 0.024535 0
v 0.192245 0.0454537 -0.194253
vn 0.0065722 -0.024535 0
v 0.183135 0.111748 -0.175307
vn -0.00634825 0.024535 0.00170101
v 0.183135 0.111748 -0.175307
vn 0.00634825 -0.024535 -0.00170101
v 0.192245 0.0454537 -0.194253
vn -0.0065722 0.024535 0
v 0.192262 -0.0238868 -0.196049
vn 0.0001159 0.0253997 3.10642e-05
v 0.192812 -0.0240161 -0.197498
vn -0.00634825 0.024535 -0.00170101
v 0.192812 -0.0240161 -0.197498
vn 0.00634825 -0.024535 0.00170101
v 0.192262 -0.0238868 -0.196049
vn -0.0001159 -0.0253997 -3.10642e-05
v 0.192245 0.0454537 -0.194253
vn 0.0065722 -0.024535 0
v 0.192262 -0.0238868 -0.196049
vn 0.0001159 0.0253997 3.10642e-05
v 0.183481 -0.0909123 -0.182349
vn 0.000103911 0.0253997 5.99948e-05
v 0.184295 -0.0914045 -0.183445
vn 0.000103911 0.0253997 5.99948e-05
v 0.184295 -0.0914045 -0.183445
vn -0.000103911 -0.0253997 -5.99948e-05
v 0.183481 -0.0909123 -0.182349
vn -0.000103911 -0.0253997 -5.99948e-05
v 0.192262 -0.0238868 -0.196049
vn -0.0001159 -0.0253997 -3.10642e-05
v 0.144876 -0.202704 -0.11447
vn 5.99948e-05 0.0253997 0.000103911
v 0.116823 -0.239679 -0.0637321
vn 0 0.0254 0
v 0.116827 -0.239727 -0.0637544
vn 3.10642e-05 0.0253997 0.0001159
v 0.116827 -0.239727 -0.0637544
vn -3.10642e-05 -0.0253997 -0.0001159
v 0.116823 -0.239679 -0.0637321
vn 0 -0.0254 0
v 0.144876 -0.202704 -0.11447
vn -5.99948e-05 -0.0253997 -0.000103911
v 0.144866 -0.202664 -0.114437
vn 0 0.0254 0
v 0.167611 -0.151947 -0.154921
vn 8.48614e-05 0.0253997 8.48614e-05
v 0.167596 -0.151917 -0.15488
vn 0 0.0254 0
v 0.144876 -0.202704 -0.11447
vn 5.99948e-05 0.0253997 0.000103911
v 0.167596 -0.151917 -0.15488
vn 0 -0.0254 0
v 0.167611 -0.151947 -0.154921
vn -8.48614e-05 -0.0253997 -8.48614e-05
v 0.144866 -0.202664 -0.114437
vn 0 -0.0254 0
v 0.144876 -0.202704 -0.11447
vn -5.99948e-05 -0.0253997 -0.000103911
v 0.183481 -0.0909123 -0.182349
vn 0.000103911 0.0253997 5.99948e-05
v 0.167596 -0.151917 -0.15488
vn 0 0.0254 0
v 0.167611 -0.151947 -0.154921
vn 8.48614e-05 0.0253997 8.48614e-05
v 0.167611 -0.151947 -0.154921
vn -8.48614e-05 -0.0253997 -8.48614e-05
v 0.167596 -0.151917 -0.15488
vn 0 -0.0254 0
v 0.183481 -0.0909123 -0.182349
vn -0.000103911 -0.0253997 -5.99948e-05
v 0.161257 0.173168 -0.148231
vn -0.0212471 -0.00657578 0.012267
v 0.161257 0.173168 -0.148231
vn 0.0212471 0.00657578 -0.012267
v 0.159774 0.172807 -0.148514
vn -0.0190486 -0.0127028 0.0109977
v 0.159774 0.172807 -0.148514
vn 0.0190486 0.0127028 -0.0109977
v 0.173715 -0.0911131 -0.18881
vn 0.00300507 -0.0251619 0.00173497
v 0.173715 -0.0911131 -0.18881
vn -0.00300507 0.0251619 -0.00173497
v 0.181791 -0.0237079 -0.20171
vn 0 -0.0254 0
v 0.181791 -0.0237079 -0.20171
vn 0 0.0254 0
v 0.182698 -0.0238433 -0.202965
vn -0.00634825 -0.024535 -0.00170101
v 0.181228 0.0453604 -0.198486
vn 0 -0.0254 0
v 0.18213 0.0456265 -0.199721
vn -0.0065722 -0.024535 0
v 0.18213 0.0456265 -0.199721
vn 0.0065722 0.024535 0
v 0.181228 0.0453604 -0.198486
vn 0 0.0254 0
v 0.182698 -0.0238433 -0.202965
vn 0.00634825 0.024535 0.00170101
v 0.18213 0.0456265 -0.199721
vn -0.0065722 -0.024535 0
v 0.172169 0.111271 -0.179648
vn 0 -0.0254 0
v 0.17302 0.111921 -0.180775
vn -0.00634825 -0.024535 0.00170101
v 0.17302 0.111921 -0.180775
vn 0.00634825 0.024535 -0.00170101
v 0.172169 0.111271 -0.179648
vn 0 0.0254 0
v 0.18213 0.0456265 -0.199721
vn 0.0065722 0.024535 0
v 0.157045 0.171437 -0.148094
vn -0.0109961 -0.0219987 0.0063486
v 0.175541 0.113028 -0.182161
vn -0.017346 -0.0179631 0.00464784
v 0.17417 0.11252 -0.181632
vn -0.0122645 -0.0219987 0.00328628
v 0.17417 0.11252 -0.181632
vn 0.0122645 0.0219987 -0.00328628
v 0.175541 0.113028 -0.182161
vn 0.017346 0.0179631 -0.00464784
v 0.157045 0.171437 -0.148094
vn 0.0109961 0.0219987 -0.0063486
v 0.155988 0.170521 -0.147417
vn -0.00569168 -0.024535 0.0032861
v 0.17417 0.11252 -0.181632
vn -0.0122645 -0.0219987 0.00328628
v 0.17302 0.111921 -0.180775
vn -0.00634825 -0.024535 0.00170101
v 0.17302 0.111921 -0.180775
vn 0.00634825 0.024535 -0.00170101
v 0.17417 0.11252 -0.181632
vn 0.0122645 0.0219987 -0.00328628
v 0.155988 0.170521 -0.147417
vn 0.00569168 0.024535 -0.0032861
v 0.158337 0.172217 -0.148469
vn -0.015552 -0.0179631 0.00897895
v 0.158337 0.172217 -0.148469
vn 0.015552 0.0179631 -0.00897895
v 0.116823 -0.239679 -0.0637321
vn 0 0.0254 0
v 0.0853673 -0.260385 -0.00621307
vn 0 0.024535 0.0065722
v 0.0853763 -0.260437 -0.00621874
vn 0 0.0254 0
v 0.0853763 -0.260437 -0.00621874
vn 0 -0.0254 0
v 0.0853673 -0.260385 -0.00621307
vn 0 -0.024535 -0.0065722
v 0.116823 -0.239679 -0.0637321
vn 0 -0.0254 0
v 0.0526682 -0.263471 0.0541763
vn -0.00170101 0.024535 0.00634825
v 0.0847441 -0.258962 -0.00626445
vn 0 0.0219987 0.0126972
v 0.052223 -0.262033 0.053796
vn -0.00328628 0.0219987 0.0122645
v 0.052223 -0.262033 0.053796
vn 0.00328628 -0.0219987 -0.0122645
v 0.0847441 -0.258962 -0.00626445
vn 0 -0.0219987 -0.0126972
v 0.0526682 -0.263471 0.0541763
vn 0.00170101 -0.024535 -0.00634825
v 0.0853673 -0.260385 -0.00621307
vn 0 0.024535 0.0065722
v 0.0853673 -0.260385 -0.00621307
vn 0 -0.024535 -0.0065722
v 0.0200479 -0.246149 0.111824
vn -0.00897895 0.0179631 0.015552
v -0.00777658 -0.215835 0.166243
vn -0.00897827 0.0219987 0.00897827
v 0.0206661 -0.247323 0.112635
vn -0.0063486 0.0219987 0.0109961
v 0.0206661 -0.247323 0.112635
vn 0.0063486 -0.0219987 -0.0109961
v -0.00777658 -0.215835 0.166243
vn 0.00897827 -0.0219987 -0.00897827
v 0.0200479 -0.246149 0.111824
vn 0.00897895 -0.0179631 -0.015552
v 0.0514566 -0.260791 0.0532613
vn -0.00464784 0.0179631 0.017346
v 0.0206661 -0.247323 0.112635
vn -0.0063486 0.0219987 0.0109961
v 0.052223 -0.262033 0.053796
vn -0.00328628 0.0219987 0.0122645
v 0.052223 -0.262033 0.053796
vn 0.00328628 -0.0219987 -0.0122645
v 0.0206661 -0.247323 0.112635
vn 0.0063486 -0.0219987 -0.0109961
v 0.0514566 -0.260791 0.0532613
vn 0.00464784 -0.0179631 -0.017346
v -0.0402826 0.153838 0.23045
vn 0.0173482 0.00657578 0.0173482
v -0.0183446 0.206158 0.188279
vn 0.0127 -0 0.021997
v -0.0417163 0.153977 0.229864
vn 0.0179605 0 0.0179605
v -0.0417163 0.153977 0.229864
vn -0.0179605 0 -0.0179605
v -0.0183446 0.206158 0.188279
vn -0.0127 0 -0.021997
v -0.0402826 0.153838 0.23045
vn -0.0173482 -0.00657578 -0.0173482
v -0.0183446 0.206158 0.188279
vn 0.0127 -0 0.021997
v -0.0429944 0.153885 0.228984
vn 0.0173482 -0.00657578 0.0173482
v -0.0417163 0.153977 0.229864
vn 0.0179605 0 0.0179605
v -0.0417163 0.153977 0.229864
vn -0.0179605 0 -0.0179605
v -0.0429944 0.153885 0.228984
vn -0.0173482 0.00657578 -0.0173482
v -0.0183446 0.206158 0.188279
vn -0.0127 0 -0.021997
v -0.0196402 0.206026 0.187431
vn 0.012267 -0.00657578 0.0212471
v -0.0440292 0.153567 0.227873
vn 0.0155531 -0.0127028 0.0155531
v -0.0429944 0.153885 0.228984
vn 0.0173482 -0.00657578 0.0173482
v -0.0429944 0.153885 0.228984
vn -0.0173482 0.00657578 -0.0173482
v -0.0440292 0.153567 0.227873
vn -0.0155531 0.0127028 -0.0155531
v -0.0196402 0.206026 0.187431
vn -0.012267 0.00657578 -0.0212471
v -0.0207257 0.205593 0.18641
vn 0.0109977 -0.0127028 0.0190486
v -0.0447514 0.153043 0.226599
vn 0.0126981 -0.0179631 0.0126981
v -0.0440292 0.153567 0.227873
vn 0.0155531 -0.0127028 0.0155531
v -0.0440292 0.153567 0.227873
vn -0.0155531 0.0127028 -0.0155531
v -0.0447514 0.153043 0.226599
vn -0.0126981 0.0179631 -0.0126981
v -0.0207257 0.205593 0.18641
vn -0.0109977 0.0127028 -0.0190486
v -0.0447514 0.153043 0.226599
vn 0.0126981 -0.0179631 0.0126981
v -0.0219979 0.203959 0.184127
vn 0.0063486 -0.0219987 0.0109961
v -0.0451134 0.152352 0.225255
vn 0.00897827 -0.0219987 0.00897827
v -0.0451134 0.152352 0.225255
vn -0.00897827 0.0219987 -0.00897827
v -0.0219979 0.203959 0.184127
vn -0.0063486 0.0219987 -0.0109961
v -0.0447514 0.153043 0.226599
vn -0.0126981 0.0179631 -0.0126981
v -0.0451134 0.152352 0.225255
vn 0.00897827 -0.0219987 0.00897827
v -0.0220953 0.20287 0.183023
vn 0.0032861 -0.024535 0.00569168
v -0.045086 0.151538 0.22393
vn 0.00464723 -0.024535 0.00464723
v -0.045086 0.151538 0.22393
vn -0.00464723 0.024535 -0.00464723
v -0.0220953 0.20287 0.183023
vn -0.0032861 0.024535 -0.00569168
v -0.0451134 0.152352 0.225255
vn -0.00897827 0.0219987 -0.00897827
v -0.0680363 -0.0472931 0.259675
vn 0 -0.0254 0
v -0.0680363 -0.0472931 0.259675
vn 0 0.0254 0
v -0.0686005 0.0217748 0.262901
vn 0 -0.0254 0
v -0.0686005 0.0217748 0.262901
vn 0 0.0254 0
v -0.0606334 0.0892926 0.250296
vn 0 -0.0254 0
v -0.0606334 0.0892926 0.250296
vn 0 0.0254 0
v -0.045086 0.151538 0.22393
vn 0.00464723 -0.024535 0.00464723
v -0.021818 0.201695 0.182046
vn 0 -0.0254 0
v -0.0446762 0.15066 0.222717
vn 0 -0.0254 0
v -0.0446762 0.15066 0.222717
vn 0 0.0254 0
v -0.021818 0.201695 0.182046
vn 0 0.0254 0
v -0.045086 0.151538 0.22393
vn -0.00464723 0.024535 -0.00464723
v -0.0680363 -0.0472931 0.259675
vn 0 -0.0254 0
v -0.0587975 -0.113064 0.240598
vn -0.00335173 -0.0251619 0.000898093
v -0.058979 -0.113204 0.240838
vn 0 -0.0254 0
v -0.058979 -0.113204 0.240838
vn 0 0.0254 0
v -0.0587975 -0.113064 0.240598
vn 0.00335173 0.0251619 -0.000898093
v -0.0680363 -0.0472931 0.259675
vn 0 0.0254 0
v -0.0387947 0.153478 0.230702
vn 0.0155531 0.0127028 0.0155531
v -0.0169284 0.205979 0.188897
vn 0.012267 0.00657578 0.0212471
v -0.0402826 0.153838 0.23045
vn 0.0173482 0.00657578 0.0173482
v -0.0402826 0.153838 0.23045
vn -0.0173482 -0.00657578 -0.0173482
v -0.0169284 0.205979 0.188897
vn -0.012267 -0.00657578 -0.0212471
v -0.0387947 0.153478 0.230702
vn -0.0155531 -0.0127028 -0.0155531
v -0.0587975 -0.113064 0.240598
vn -0.00335173 -0.0251619 0.000898093
v -0.0413321 -0.170545 0.206811
vn -0.000135052 -0.0253995 7.7978e-05
v -0.0418849 -0.171253 0.207475
vn -0.00300507 -0.0251619 0.00173497
v -0.0418849 -0.171253 0.207475
vn 0.00300507 0.0251619 -0.00173497
v -0.0413321 -0.170545 0.206811
vn 0.000135052 0.0253995 -7.7978e-05
v -0.0587975 -0.113064 0.240598
vn 0.00335173 0.0251619 -0.000898093
v -0.0311671 -0.169717 0.210967
vn -0.0109961 0.0219987 0.0063486
v -0.0311671 -0.169717 0.210967
vn 0.0109961 -0.0219987 -0.0063486
v -0.0312178 -0.170717 0.212279
vn 0.000103911 -0.0253997 -5.99948e-05
v -0.0480604 -0.112771 0.245265
vn 0.0001159 -0.0253997 -3.10642e-05
v -0.0311932 -0.170684 0.212247
vn 0 -0.0254 0
v -0.0480604 -0.112771 0.245265
vn -0.0001159 0.0253997 3.10642e-05
v -0.0311932 -0.170684 0.212247
vn 0 0.0254 0
v -0.0480321 -0.11275 0.245226
vn 0 0.0254 0
v -0.0480604 -0.112771 0.245265
vn -0.0001159 0.0253997 3.10642e-05
v -0.0480604 -0.112771 0.245265
vn 0.0001159 -0.0253997 -3.10642e-05
v -0.0570686 -0.0472181 0.263999
vn -0.00011999 0.0253997 0
v -0.0570686 -0.0472181 0.263999
vn 0.00011999 -0.0253997 0
v -0.0576298 0.0214751 0.267207
vn -0.0001159 0.0253997 -3.10642e-05
v -0.0576298 0.0214751 0.267207
vn 0.0001159 -0.0253997 3.10642e-05
v -0.0338345 0.149663 0.22724
vn -8.48614e-05 0.0253997 -8.48614e-05
v -0.050162 0.0891137 0.255957
vn -0.000103911 0.0253997 -5.99948e-05
v -0.0497043 0.0886277 0.254668
vn -0.000103911 0.0253997 -5.99948e-05
v -0.0497043 0.0886277 0.254668
vn 0.000103911 -0.0253997 5.99948e-05
v -0.050162 0.0891137 0.255957
vn 0.000103911 -0.0253997 5.99948e-05
v -0.0338345 0.149663 0.22724
vn 8.48614e-05 -0.0253997 8.48614e-05
v -0.0373479 0.152917 0.230601
vn 0.0126981 0.0179631 0.0126981
v -0.0373479 0.152917 0.230601
vn -0.0126981 -0.0179631 -0.0126981
v -0.036044 0.152197 0.230158
vn 0.00897827 0.0219987 0.00897827
v -0.036044 0.152197 0.230158
vn -0.00897827 -0.0219987 -0.00897827
v -0.0349716 0.151365 0.229398
vn 0.00464723 0.024535 0.00464723
v -0.0349716 0.151365 0.229398
vn -0.00464723 -0.024535 -0.00464723
v -0.0342048 0.150481 0.228378
vn -8.48614e-05 0.0253997 -8.48614e-05
v -0.0342048 0.150481 0.228378
vn 8.48614e-05 -0.0253997 8.48614e-05
v -0.0373479 0.152917 0.230601
vn 0.0126981 0.0179631 0.0126981
v -0.0154913 0.205504 0.189239
vn 0.0109977 0.0127028 0.0190486
v -0.0387947 0.153478 0.230702
vn 0.0155531 0.0127028 0.0155531
v -0.0387947 0.153478 0.230702
vn -0.0155531 -0.0127028 -0.0155531
v -0.0154913 0.205504 0.189239
vn -0.0109977 -0.0127028 -0.0190486
v -0.0373479 0.152917 0.230601
vn -0.0126981 -0.0179631 -0.0126981
v 0.0425483 -0.263404 0.0487153
vn -4.03606e-05 -0.0253995 0.000150622
v 0.0752497 -0.260264 -0.0116932
vn 0 -0.0254 0
v 0.0752603 -0.260316 -0.0116978
vn 0 -0.0253995 0.000155956
v 0.0752603 -0.260316 -0.0116978
vn 0 0.0253995 -0.000155956
v 0.0752497 -0.260264 -0.0116932
vn 0 0.0254 0
v 0.0425483 -0.263404 0.0487153
vn 4.03606e-05 0.0253995 -0.000150622
v 0.106713 -0.239554 -0.0692222
vn 4.03606e-05 -0.0253995 0.000150622
v 0.106713 -0.239554 -0.0692222
vn -4.03606e-05 0.0253995 -0.000150622
v 0.0108054 -0.248607 0.107901
vn -7.7978e-05 -0.0253995 0.000135052
v 0.0425438 -0.263352 0.0487084
vn 0 -0.0254 0
v 0.0425483 -0.263404 0.0487153
vn -4.03606e-05 -0.0253995 0.000150622
v 0.0425483 -0.263404 0.0487153
vn 4.03606e-05 0.0253995 -0.000150622
v 0.0425438 -0.263352 0.0487084
vn 0 0.0254 0
v 0.0108054 -0.248607 0.107901
vn 7.7978e-05 0.0253995 -0.000135052
v 0.134762 -0.202531 -0.119938
vn 7.7978e-05 -0.0253995 0.000135052
v 0.134762 -0.202531 -0.119938
vn -7.7978e-05 0.0253995 -0.000135052
v -0.0178049 -0.216935 0.161825
vn -0.000110261 -0.0253995 0.000110261
v 0.0108074 -0.248558 0.107882
vn 0 -0.0254 0
v 0.0108054 -0.248607 0.107901
vn -7.7978e-05 -0.0253995 0.000135052
v -0.0177971 -0.216892 0.161795
vn 0 0.0254 0
v -0.0178049 -0.216935 0.161825
vn 0.000110261 0.0253995 -0.000110261
v 0.0108074 -0.248558 0.107882
vn 0 0.0254 0
v 0.0108054 -0.248607 0.107901
vn 7.7978e-05 0.0253995 -0.000135052
v 0.157496 -0.151774 -0.160389
vn 0.000110261 -0.0253995 0.000110261
v 0.157496 -0.151774 -0.160389
vn -0.000110261 0.0253995 -0.000110261
v -0.0413321 -0.170545 0.206811
vn -0.000135052 -0.0253995 7.7978e-05
v -0.0177971 -0.216892 0.161795
vn 0 -0.0254 0
v -0.0178049 -0.216935 0.161825
vn -0.000110261 -0.0253995 0.000110261
v -0.0413198 -0.170511 0.206772
vn 0 0.0254 0
v -0.0413321 -0.170545 0.206811
vn 0.000135052 0.0253995 -7.7978e-05
v -0.0177971 -0.216892 0.161795
vn 0 0.0254 0
v -0.0178049 -0.216935 0.161825
vn 0.000110261 0.0253995 -0.000110261
v 0.162688 0.173275 -0.147633
vn -0.021997 0 0.0127
v 0.139799 0.220776 -0.10055
vn -0.0173482 0.00657578 0.0173482
v 0.163969 0.173122 -0.146765
vn -0.0212471 0.00657578 0.012267
v 0.163969 0.173122 -0.146765
vn 0.0212471 -0.00657578 -0.012267
v 0.139799 0.220776 -0.10055
vn 0.0173482 -0.00657578 -0.0173482
v 0.162688 0.173275 -0.147633
vn 0.021997 0 -0.0127
v 0.163969 0.173122 -0.146765
vn -0.0212471 0.00657578 0.012267
v 0.140892 0.220269 -0.0995725
vn -0.0155531 0.0127028 0.0155531
v 0.165009 0.172718 -0.145685
vn -0.0190486 0.0127028 0.0109977
v 0.165009 0.172718 -0.145685
vn 0.0190486 -0.0127028 -0.0109977
v 0.140892 0.220269 -0.0995725
vn 0.0155531 -0.0127028 -0.0155531
v 0.163969 0.173122 -0.146765
vn 0.0212471 -0.00657578 -0.012267
v 0.165009 0.172718 -0.145685
vn -0.0190486 0.0127028 0.0109977
v 0.141709 0.219474 -0.0985154
vn -0.0126981 0.0179631 0.0126981
v 0.165741 0.17209 -0.144466
vn -0.015552 0.0179631 0.00897895
v 0.165741 0.17209 -0.144466
vn 0.015552 -0.0179631 -0.00897895
v 0.141709 0.219474 -0.0985154
vn 0.0126981 -0.0179631 -0.0126981
v 0.165009 0.172718 -0.145685
vn 0.0190486 -0.0127028 -0.0109977
v 0.165741 0.17209 -0.144466
vn -0.015552 0.0179631 0.00897895
v 0.142193 0.218449 -0.0974511
vn -0.00897827 0.0219987 0.00897827
v 0.166115 0.171282 -0.143192
vn -0.0109961 0.0219987 0.0063486
v 0.166115 0.171282 -0.143192
vn 0.0109961 -0.0219987 -0.0063486
v 0.142193 0.218449 -0.0974511
vn 0.00897827 -0.0219987 -0.00897827
v 0.165741 0.17209 -0.144466
vn 0.015552 -0.0179631 -0.00897895
v 0.166115 0.171282 -0.143192
vn -0.0109961 0.0219987 0.0063486
v 0.142309 0.217262 -0.0964535
vn -0.00464723 0.024535 0.00464723
v 0.166103 0.170349 -0.14195
vn -0.00569168 0.024535 0.0032861
v 0.166103 0.170349 -0.14195
vn 0.00569168 -0.024535 -0.0032861
v 0.142309 0.217262 -0.0964535
vn 0.00464723 -0.024535 -0.00464723
v 0.166115 0.171282 -0.143192
vn 0.0109961 -0.0219987 -0.0063486
v 0.182641 0.111092 -0.173987
vn 0.0001159 0.0253997 -3.10642e-05
v 0.192245 0.0454537 -0.194253
vn -0.0065722 0.024535 0
v 0.183135 0.111748 -0.175307
vn -0.00634825 0.024535 0.00170101
v 0.183135 0.111748 -0.175307
vn 0.00634825 -0.024535 -0.00170101
v 0.192245 0.0454537 -0.194253
vn 0.0065722 -0.024535 0
v 0.182641 0.111092 -0.173987
vn -0.0001159 -0.0253997 3.10642e-05
v 0.165708 0.169354 -0.140824
vn 0.000103911 0.0253997 -5.99948e-05
v 0.183135 0.111748 -0.175307
vn -0.00634825 0.024535 0.00170101
v 0.166103 0.170349 -0.14195
vn -0.00569168 0.024535 0.0032861
v 0.166103 0.170349 -0.14195
vn 0.00569168 -0.024535 -0.0032861
v 0.183135 0.111748 -0.175307
vn 0.00634825 -0.024535 -0.00170101
v 0.165708 0.169354 -0.140824
vn -0.000103911 -0.0253997 5.99948e-05
v 0.191699 0.0451815 -0.192825
vn 0.00011999 0.0253997 0
v 0.191699 0.0451815 -0.192825
vn -0.00011999 -0.0253997 0
v 0.191406 -0.0237597 -0.194888
vn 0.0001159 0.0253997 3.10642e-05
v 0.191406 -0.0237597 -0.194888
vn -0.0001159 -0.0253997 -3.10642e-05
v 0.144866 -0.202664 -0.114437
vn 0 0.0254 0
v 0.116807 -0.23963 -0.0637145
vn 0.00170101 0.024535 0.00634825
v 0.116823 -0.239679 -0.0637321
vn 0 0.0254 0
v 0.116823 -0.239679 -0.0637321
vn 0 -0.0254 0
v 0.116807 -0.23963 -0.0637145
vn -0.00170101 -0.024535 -0.00634825
v 0.144866 -0.202664 -0.114437
vn 0 -0.0254 0
v 0.144866 -0.202664 -0.114437
vn 0 0.0254 0
v 0.144866 -0.202664 -0.114437
vn 0 -0.0254 0
v 0.144845 -0.202624 -0.11441
vn 0.0032861 0.024535 0.00569168
v 0.167596 -0.151917 -0.15488
vn 0 0.0254 0
v 0.167571 -0.151887 -0.154845
vn 0.00464723 0.024535 0.00464723
v 0.167571 -0.151887 -0.154845
vn -0.00464723 -0.024535 -0.00464723
v 0.167596 -0.151917 -0.15488
vn 0 -0.0254 0
v 0.144845 -0.202624 -0.11441
vn -0.0032861 -0.024535 -0.00569168
v 0.144866 -0.202664 -0.114437
vn 0 0.0254 0
v 0.144866 -0.202664 -0.114437
vn 0 -0.0254 0
v 0.144845 -0.202624 -0.11441
vn 0.0032861 0.024535 0.00569168
v 0.167571 -0.151887 -0.154845
vn 0.00464723 0.024535 0.00464723
v 0.183463 -0.0908947 -0.182303
vn 0 0.0254 0
v 0.183435 -0.0908769 -0.182263
vn 0.00569168 0.024535 0.0032861
v 0.167596 -0.151917 -0.15488
vn 0 0.0254 0
v 0.183435 -0.0908769 -0.182263
vn -0.00569168 -0.024535 -0.0032861
v 0.183463 -0.0908947 -0.182303
vn 0 -0.0254 0
v 0.167571 -0.151887 -0.154845
vn -0.00464723 -0.024535 -0.00464723
v 0.167596 -0.151917 -0.15488
vn 0 -0.0254 0
v 0.183463 -0.0908947 -0.182303
vn 0 0.0254 0
v 0.183463 -0.0908947 -0.182303
vn 0 -0.0254 0
v 0.183435 -0.0908769 -0.182263
vn 0.00569168 0.024535 0.0032861
v 0.166499 -0.151056 -0.154085
vn 0.00897827 0.0219987 0.00897827
v 0.167571 -0.151887 -0.154845
vn 0.00464723 0.024535 0.00464723
v 0.167571 -0.151887 -0.154845
vn -0.00464723 -0.024535 -0.00464723
v 0.166499 -0.151056 -0.154085
vn -0.00897827 -0.0219987 -0.00897827
v 0.183435 -0.0908769 -0.182263
vn -0.00569168 -0.024535 -0.0032861
v 0.161257 0.173168 -0.148231
vn -0.0212471 -0.00657578 0.012267
v 0.1385 0.220965 -0.101384
vn -0.0179605 0 0.0179605
v 0.162688 0.173275 -0.147633
vn -0.021997 0 0.0127
v 0.162688 0.173275 -0.147633
vn 0.021997 0 -0.0127
v 0.1385 0.220965 -0.101384
vn 0.0179605 0 -0.0179605
v 0.161257 0.173168 -0.148231
vn 0.0212471 0.00657578 -0.012267
v 0.159774 0.172807 -0.148514
vn -0.0190486 -0.0127028 0.0109977
v 0.137087 0.220823 -0.102016
vn -0.0173482 -0.00657578 0.0173482
v 0.161257 0.173168 -0.148231
vn -0.0212471 -0.00657578 0.012267
v 0.161257 0.173168 -0.148231
vn 0.0212471 0.00657578 -0.012267
v 0.137087 0.220823 -0.102016
vn 0.0173482 0.00657578 -0.0173482
v 0.159774 0.172807 -0.148514
vn 0.0190486 0.0127028 -0.0109977
v 0.157496 -0.151774 -0.160389
vn 0.000110261 -0.0253995 0.000110261
v 0.173715 -0.0911131 -0.18881
vn 0.00300507 -0.0251619 0.00173497
v 0.157778 -0.152404 -0.161266
vn 0.00245364 -0.0251619 0.00245364
v 0.157778 -0.152404 -0.161266
vn -0.00245364 0.0251619 -0.00245364
v 0.173715 -0.0911131 -0.18881
vn -0.00300507 0.0251619 -0.00173497
v 0.157496 -0.151774 -0.160389
vn -0.000110261 0.0253995 -0.000110261
v 0.173715 -0.0911131 -0.18881
vn 0.00300507 -0.0251619 0.00173497
v 0.181791 -0.0237079 -0.20171
vn 0 -0.0254 0
v 0.173824 -0.0912257 -0.189105
vn 0 -0.0254 0
v 0.173824 -0.0912257 -0.189105
vn 0 0.0254 0
v 0.181791 -0.0237079 -0.20171
vn 0 0.0254 0
v 0.173715 -0.0911131 -0.18881
vn -0.00300507 0.0251619 -0.00173497
v 0.181791 -0.0237079 -0.20171
vn 0 -0.0254 0
v 0.181791 -0.0237079 -0.20171
vn 0 0.0254 0
v 0.181228 0.0453604 -0.198486
vn 0 -0.0254 0
v 0.181228 0.0453604 -0.198486
vn 0 0.0254 0
v 0.155236 0.169533 -0.146485
vn 0 -0.0254 0
v 0.17302 0.111921 -0.180775
vn -0.00634825 -0.024535 0.00170101
v 0.172169 0.111271 -0.179648
vn 0 -0.0254 0
v 0.172169 0.111271 -0.179648
vn 0 0.0254 0
v 0.17302 0.111921 -0.180775
vn 0.00634825 0.024535 -0.00170101
v 0.155236 0.169533 -0.146485
vn 0 0.0254 0
v 0.158337 0.172217 -0.148469
vn -0.015552 -0.0179631 0.00897895
v 0.158337 0.172217 -0.148469
vn 0.015552 0.0179631 -0.00897895
v 0.157045 0.171437 -0.148094
vn -0.0109961 -0.0219987 0.0063486
v 0.157045 0.171437 -0.148094
vn 0.0109961 0.0219987 -0.0063486
v 0.155988 0.170521 -0.147417
vn -0.00569168 -0.024535 0.0032861
v 0.155988 0.170521 -0.147417
vn 0.00569168 0.024535 -0.0032861
v 0.158337 0.172217 -0.148469
vn -0.015552 -0.0179631 0.00897895
v 0.135658 0.220358 -0.102402
vn -0.0155531 -0.0127028 0.0155531
v 0.159774 0.172807 -0.148514
vn -0.0190486 -0.0127028 0.0109977
v 0.159774 0.172807 -0.148514
vn 0.0190486 0.0127028 -0.0109977
v 0.135658 0.220358 -0.102402
vn 0.0155531 0.0127028 -0.0155531
v 0.158337 0.172217 -0.148469
vn 0.015552 0.0179631 -0.00897895
v 0.116807 -0.23963 -0.0637145
vn 0.00170101 0.024535 0.00634825
v 0.116807 -0.23963 -0.0637145
vn -0.00170101 -0.024535 -0.00634825
v 0.0838245 -0.257733 -0.00651619
vn 0 0.0179631 0.0179579
v 0.052223 -0.262033 0.053796
vn -0.00328628 0.0219987 0.0122645
v 0.0847441 -0.258962 -0.00626445
vn 0 0.0219987 0.0126972
v 0.0847441 -0.258962 -0.00626445
vn 0 -0.0219987 -0.0126972
v 0.052223 -0.262033 0.053796
vn 0.00328628 -0.0219987 -0.0122645
v 0.0838245 -0.257733 -0.00651619
vn 0 -0.0179631 -0.0179579
v 0.116807 -0.23963 -0.0637145
vn 0.00170101 0.024535 0.00634825
v 0.0847441 -0.258962 -0.00626445
vn 0 0.0219987 0.0126972
v 0.0853673 -0.260385 -0.00621307
vn 0 0.024535 0.0065722
v 0.0853673 -0.260385 -0.00621307
vn 0 -0.024535 -0.0065722
v 0.0847441 -0.258962 -0.00626445
vn 0 -0.0219987 -0.0126972
v 0.116807 -0.23963 -0.0637145
vn -0.00170101 -0.024535 -0.00634825
v -0.00826083 -0.214811 0.165179
vn -0.0126981 0.0179631 0.0126981
v -0.00826083 -0.214811 0.165179
vn 0.0126981 -0.0179631 -0.0126981
v 0.0200479 -0.246149 0.111824
vn -0.00897895 0.0179631 0.015552
v 0.0200479 -0.246149 0.111824
vn 0.00897895 -0.0179631 -0.015552
v 0.0514566 -0.260791 0.0532613
vn -0.00464784 0.0179631 0.017346
v 0.0514566 -0.260791 0.0532613
vn 0.00464784 -0.0179631 -0.017346
v -0.0169284 0.205979 0.188897
vn 0.012267 0.00657578 0.0212471
v -0.0169284 0.205979 0.188897
vn -0.012267 -0.00657578 -0.0212471
v -0.0196402 0.206026 0.187431
vn 0.012267 -0.00657578 0.0212471
v -0.0196402 0.206026 0.187431
vn -0.012267 0.00657578 -0.0212471
v -0.0207257 0.205593 0.18641
vn 0.0109977 -0.0127028 0.0190486
v -0.0207257 0.205593 0.18641
vn -0.0109977 0.0127028 -0.0190486
v -0.0215302 0.204888 0.185282
vn 0.00897895 -0.0179631 0.015552
v -0.0215302 0.204888 0.185282
vn -0.00897895 0.0179631 -0.015552
v -0.0215302 0.204888 0.185282
vn 0.00897895 -0.0179631 0.015552
v -0.0215302 0.204888 0.185282
vn -0.00897895 0.0179631 -0.015552
v -0.0219979 0.203959 0.184127
vn 0.0063486 -0.0219987 0.0109961
v -0.0219979 0.203959 0.184127
vn -0.0063486 0.0219987 -0.0109961
v -0.0220953 0.20287 0.183023
vn 0.0032861 -0.024535 0.00569168
v -0.0220953 0.20287 0.183023
vn -0.0032861 0.024535 -0.00569168
v -0.068407 0.0217451 0.262632
vn -0.00335173 -0.0251619 -0.000898093
v -0.0680363 -0.0472931 0.259675
vn 0 -0.0254 0
v -0.0686005 0.0217748 0.262901
vn 0 -0.0254 0
v -0.0686005 0.0217748 0.262901
vn 0 0.0254 0
v -0.0680363 -0.0472931 0.259675
vn 0 0.0254 0
v -0.068407 0.0217451 0.262632
vn 0.00335173 0.0251619 0.000898093
v -0.0604489 0.0891787 0.250042
vn -0.00300507 -0.0251619 -0.00173497
v -0.0686005 0.0217748 0.262901
vn 0 -0.0254 0
v -0.0606334 0.0892926 0.250296
vn 0 -0.0254 0
v -0.0606334 0.0892926 0.250296
vn 0 0.0254 0
v -0.0686005 0.0217748 0.262901
vn 0 0.0254 0
v -0.0604489 0.0891787 0.250042
vn 0.00300507 0.0251619 0.00173497
v -0.0445119 0.15047 0.222498
vn -0.00245364 -0.0251619 -0.00245364
v -0.0606334 0.0892926 0.250296
vn 0 -0.0254 0
v -0.0446762 0.15066 0.222717
vn 0 -0.0254 0
v -0.0446762 0.15066 0.222717
vn 0 0.0254 0
v -0.0606334 0.0892926 0.250296
vn 0 0.0254 0
v -0.0445119 0.15047 0.222498
vn 0.00245364 0.0251619 0.00245364
v -0.0216819 0.201441 0.181877
vn -0.00173497 -0.0251619 -0.00300507
v -0.0446762 0.15066 0.222717
vn 0 -0.0254 0
v -0.021818 0.201695 0.182046
vn 0 -0.0254 0
v -0.021818 0.201695 0.182046
vn 0 0.0254 0
v -0.0446762 0.15066 0.222717
vn 0 0.0254 0
v -0.0216819 0.201441 0.181877
vn 0.00173497 0.0251619 0.00300507
v -0.0678432 -0.047236 0.25941
vn -0.00346997 -0.0251619 0
v -0.0678432 -0.047236 0.25941
vn 0.00346997 0.0251619 0
v -0.0154913 0.205504 0.189239
vn 0.0109977 0.0127028 0.0190486
v -0.0154913 0.205504 0.189239
vn -0.0109977 -0.0127028 -0.0190486
v -0.0581748 -0.112599 0.239797
vn -0.000150622 -0.0253995 4.03606e-05
v -0.0581748 -0.112599 0.239797
vn 0.000150622 0.0253995 -4.03606e-05
v -0.00826083 -0.214811 0.165179
vn -0.0126981 0.0179631 0.0126981
v -0.0311671 -0.169717 0.210967
vn -0.0109961 0.0219987 0.0063486
v -0.00777658 -0.215835 0.166243
vn -0.00897827 0.0219987 0.00897827
v -0.00777658 -0.215835 0.166243
vn 0.00897827 -0.0219987 -0.00897827
v -0.0311671 -0.169717 0.210967
vn 0.0109961 -0.0219987 -0.0063486
v -0.00826083 -0.214811 0.165179
vn 0.0126981 -0.0179631 -0.0126981
v -0.0311671 -0.169717 0.210967
vn -0.0109961 0.0219987 0.0063486
v -0.0480139 -0.112727 0.24518
vn -0.00634825 0.024535 0.00170101
v -0.0311791 -0.170651 0.212209
vn -0.00569168 0.024535 0.0032861
v -0.0311791 -0.170651 0.212209
vn 0.00569168 -0.024535 -0.0032861
v -0.0480139 -0.112727 0.24518
vn 0.00634825 -0.024535 -0.00170101
v -0.0311671 -0.169717 0.210967
vn 0.0109961 -0.0219987 -0.0063486
v -0.0312178 -0.170717 0.212279
vn -0.000103911 0.0253997 5.99948e-05
v -0.0480321 -0.11275 0.245226
vn 0 -0.0254 0
v -0.0480321 -0.11275 0.245226
vn 0 0.0254 0
v -0.0311791 -0.170651 0.212209
vn -0.00569168 0.024535 0.0032861
v -0.0480139 -0.112727 0.24518
vn -0.00634825 0.024535 0.00170101
v -0.0311932 -0.170684 0.212247
vn 0 0.0254 0
v -0.0480139 -0.112727 0.24518
vn 0.00634825 -0.024535 -0.00170101
v -0.0311791 -0.170651 0.212209
vn 0.00569168 -0.024535 -0.0032861
v -0.0480321 -0.11275 0.245226
vn 0 -0.0254 0
v -0.0311932 -0.170684 0.212247
vn 0 -0.0254 0
v -0.0570389 -0.0472091 0.263957
vn 0 0.0254 0
v -0.0480604 -0.112771 0.245265
vn -0.0001159 0.0253997 3.10642e-05
v -0.0480321 -0.11275 0.245226
vn 0 0.0254 0
v -0.0480321 -0.11275 0.245226
vn 0 -0.0254 0
v -0.0480604 -0.112771 0.245265
vn 0.0001159 -0.0253997 -3.10642e-05
v -0.0570389 -0.0472091 0.263957
vn 0 -0.0254 0
v -0.0570686 -0.0472181 0.263999
vn -0.00011999 0.0253997 0
v -0.0570686 -0.0472181 0.263999
vn 0.00011999 -0.0253997 0
v -0.0570686 -0.0472181 0.263999
vn -0.00011999 0.0253997 0
v -0.0575996 0.0214711 0.267164
vn 0 0.0254 0
v -0.0576298 0.0214751 0.267207
vn -0.0001159 0.0253997 -3.10642e-05
v -0.0576298 0.0214751 0.267207
vn 0.0001159 -0.0253997 3.10642e-05
v -0.0575996 0.0214711 0.267164
vn 0 -0.0254 0
v -0.0570686 -0.0472181 0.263999
vn 0.00011999 -0.0253997 0
v -0.0576298 0.0214751 0.267207
vn -0.0001159 0.0253997 -3.10642e-05
v -0.0496761 0.0886099 0.254628
vn 0 0.0254 0
v -0.0497043 0.0886277 0.254668
vn -0.000103911 0.0253997 -5.99948e-05
v -0.0497043 0.0886277 0.254668
vn -0.000103911 0.0253997 -5.99948e-05
v -0.0338092 0.149632 0.227205
vn 0 0.0254 0
v -0.0338345 0.149663 0.22724
vn -8.48614e-05 0.0253997 -8.48614e-05
v -0.0338345 0.149663 0.22724
vn 8.48614e-05 -0.0253997 8.48614e-05
v -0.0338092 0.149632 0.227205
vn 0 -0.0254 0
v -0.0497043 0.0886277 0.254668
vn 0.000103911 -0.0253997 5.99948e-05
v -0.0496761 0.0886099 0.254628
vn 0 -0.0254 0
v -0.0129285 0.203804 0.18903
vn 0.0063486 0.0219987 0.0109961
v -0.0373479 0.152917 0.230601
vn 0.0126981 0.0179631 0.0126981
v -0.036044 0.152197 0.230158
vn 0.00897827 0.0219987 0.00897827
v -0.036044 0.152197 0.230158
vn -0.00897827 -0.0219987 -0.00897827
v -0.0373479 0.152917 0.230601
vn -0.0126981 -0.0179631 -0.0126981
v -0.0129285 0.203804 0.18903
vn -0.0063486 -0.0219987 -0.0109961
v -0.0119809 0.202697 0.188491
vn 0.0032861 0.024535 0.00569168
v -0.036044 0.152197 0.230158
vn 0.00897827 0.0219987 0.00897827
v -0.0349716 0.151365 0.229398
vn 0.00464723 0.024535 0.00464723
v -0.0349716 0.151365 0.229398
vn -0.00464723 -0.024535 -0.00464723
v -0.036044 0.152197 0.230158
vn -0.00897827 -0.0219987 -0.00897827
v -0.0119809 0.202697 0.188491
vn -0.0032861 -0.024535 -0.00569168
v -0.0113465 0.201516 0.187707
vn -5.99948e-05 0.0253997 -0.000103911
v -0.0349716 0.151365 0.229398
vn 0.00464723 0.024535 0.00464723
v -0.0342048 0.150481 0.228378
vn -8.48614e-05 0.0253997 -8.48614e-05
v -0.0342048 0.150481 0.228378
vn 8.48614e-05 -0.0253997 8.48614e-05
v -0.0349716 0.151365 0.229398
vn -0.00464723 -0.024535 -0.00464723
v -0.0113465 0.201516 0.187707
vn 5.99948e-05 -0.0253997 0.000103911
v -0.0110998 0.200419 0.186789
vn -5.99948e-05 0.0253997 -0.000103911
v -0.0342048 0.150481 0.228378
vn -8.48614e-05 0.0253997 -8.48614e-05
v -0.0338345 0.149663 0.22724
vn -8.48614e-05 0.0253997 -8.48614e-05
v -0.0338345 0.149663 0.22724
vn 8.48614e-05 -0.0253997 8.48614e-05
v -0.0342048 0.150481 0.228378
vn 8.48614e-05 -0.0253997 8.48614e-05
v -0.0110998 0.200419 0.186789
vn 5.99948e-05 -0.0253997 0.000103911
v -0.0141267 0.204762 0.189285
vn 0.00897895 0.0179631 0.015552
v -0.0141267 0.204762 0.189285
vn -0.00897895 -0.0179631 -0.015552
v 0.0425438 -0.263352 0.0487084
vn 0 -0.0254 0
v 0.0425438 -0.263352 0.0487084
vn 0 0.0254 0
v 0.0752497 -0.260264 -0.0116932
vn 0 -0.0254 0
v 0.106713 -0.239554 -0.0692222
vn 4.03606e-05 -0.0253995 0.000150622
v 0.0752603 -0.260316 -0.0116978
vn 0 -0.0253995 0.000155956
v 0.0752603 -0.260316 -0.0116978
vn 0 0.0253995 -0.000155956
v 0.106713 -0.239554 -0.0692222
vn -4.03606e-05 0.0253995 -0.000150622
v 0.0752497 -0.260264 -0.0116932
vn 0 0.0254 0
v 0.0108074 -0.248558 0.107882
vn 0 0.0254 0
v 0.106696 -0.239506 -0.0692065
vn 0 -0.0254 0
v 0.134762 -0.202531 -0.119938
vn 7.7978e-05 -0.0253995 0.000135052
v 0.106713 -0.239554 -0.0692222
vn 4.03606e-05 -0.0253995 0.000150622
v 0.106713 -0.239554 -0.0692222
vn -4.03606e-05 0.0253995 -0.000150622
v 0.134762 -0.202531 -0.119938
vn -7.7978e-05 0.0253995 -0.000135052
v 0.106696 -0.239506 -0.0692065
vn 0 0.0254 0
v -0.0177971 -0.216892 0.161795
vn 0 -0.0254 0
v 0.0108074 -0.248558 0.107882
vn 0 -0.0254 0
v -0.0177752 -0.21685 0.161773
vn -0.00464723 -0.024535 0.00464723
v 0.0115966 -0.247169 0.107732
vn -0.0063486 -0.0219987 0.0109961
v 0.0108236 -0.248509 0.10787
vn -0.0032861 -0.024535 0.00569168
v 0.0108236 -0.248509 0.10787
vn 0.0032861 0.024535 -0.00569168
v 0.0115966 -0.247169 0.107732
vn 0.0063486 0.0219987 -0.0109961
v -0.0177752 -0.21685 0.161773
vn 0.00464723 0.024535 -0.00464723
v 0.0108236 -0.248509 0.10787
vn -0.0032861 -0.024535 0.00569168
v -0.0177971 -0.216892 0.161795
vn 0 -0.0254 0
v -0.0177752 -0.21685 0.161773
vn -0.00464723 -0.024535 0.00464723
v 0.0108074 -0.248558 0.107882
vn 0 -0.0254 0
v -0.0177752 -0.21685 0.161773
vn 0.00464723 0.024535 -0.00464723
v -0.0177971 -0.216892 0.161795
vn 0 0.0254 0
v 0.0108236 -0.248509 0.10787
vn 0.0032861 0.024535 -0.00569168
v 0.0108074 -0.248558 0.107882
vn 0 0.0254 0
v 0.157496 -0.151774 -0.160389
vn 0.000110261 -0.0253995 0.000110261
v 0.134739 -0.202491 -0.119912
vn 0 -0.0254 0
v 0.157469 -0.151744 -0.160355
vn 0 -0.0254 0
v 0.134762 -0.202531 -0.119938
vn 7.7978e-05 -0.0253995 0.000135052
v 0.157469 -0.151744 -0.160355
vn 0 0.0254 0
v 0.134739 -0.202491 -0.119912
vn 0 0.0254 0
v 0.157496 -0.151774 -0.160389
vn -0.000110261 0.0253995 -0.000110261
v 0.134762 -0.202531 -0.119938
vn -7.7978e-05 0.0253995 -0.000135052
v -0.0413198 -0.170511 0.206772
vn 0 -0.0254 0
v -0.0581748 -0.112599 0.239797
vn -0.000150622 -0.0253995 4.03606e-05
v -0.0413198 -0.170511 0.206772
vn 0 -0.0254 0
v -0.0413321 -0.170545 0.206811
vn -0.000135052 -0.0253995 7.7978e-05
v -0.0413321 -0.170545 0.206811
vn 0.000135052 0.0253995 -7.7978e-05
v -0.0413198 -0.170511 0.206772
vn 0 0.0254 0
v -0.0581748 -0.112599 0.239797
vn 0.000150622 0.0253995 -4.03606e-05
v -0.0412934 -0.170478 0.206741
vn -0.00569168 -0.024535 0.0032861
v -0.016846 -0.215681 0.16134
vn -0.00897827 -0.0219987 0.00897827
v -0.0177752 -0.21685 0.161773
vn -0.00464723 -0.024535 0.00464723
v -0.0177752 -0.21685 0.161773
vn 0.00464723 0.024535 -0.00464723
v -0.016846 -0.215681 0.16134
vn 0.00897827 0.0219987 -0.00897827
v -0.0412934 -0.170478 0.206741
vn 0.00569168 0.024535 -0.0032861
v -0.0177752 -0.21685 0.161773
vn -0.00464723 -0.024535 0.00464723
v -0.0413198 -0.170511 0.206772
vn 0 -0.0254 0
v -0.0412934 -0.170478 0.206741
vn -0.00569168 -0.024535 0.0032861
v -0.0177971 -0.216892 0.161795
vn 0 -0.0254 0
v -0.0412934 -0.170478 0.206741
vn 0.00569168 0.024535 -0.0032861
v -0.0413198 -0.170511 0.206772
vn 0 0.0254 0
v -0.0177752 -0.21685 0.161773
vn 0.00464723 0.024535 -0.00464723
v -0.0177971 -0.216892 0.161795
vn 0 0.0254 0
v 0.1385 0.220965 -0.101384
vn -0.0179605 0 0.0179605
v 0.1385 0.220965 -0.101384
vn 0.0179605 0 -0.0179605
v 0.139799 0.220776 -0.10055
vn -0.0173482 0.00657578 0.0173482
v 0.139799 0.220776 -0.10055
vn 0.0173482 -0.00657578 -0.0173482
v 0.140892 0.220269 -0.0995725
vn -0.0155531 0.0127028 0.0155531
v 0.140892 0.220269 -0.0995725
vn 0.0155531 -0.0127028 -0.0155531
v 0.141709 0.219474 -0.0985154
vn -0.0126981 0.0179631 0.0126981
v 0.141709 0.219474 -0.0985154
vn 0.0126981 -0.0179631 -0.0126981
v 0.142193 0.218449 -0.0974511
vn -0.00897827 0.0219987 0.00897827
v 0.142193 0.218449 -0.0974511
vn 0.00897827 -0.0219987 -0.00897827
v 0.142052 0.215997 -0.0955911
vn 8.48614e-05 0.0253997 -8.48614e-05
v 0.166103 0.170349 -0.14195
vn -0.00569168 0.024535 0.0032861
v 0.142309 0.217262 -0.0964535
vn -0.00464723 0.024535 0.00464723
v 0.142309 0.217262 -0.0964535
vn 0.00464723 -0.024535 -0.00464723
v 0.166103 0.170349 -0.14195
vn 0.00569168 -0.024535 -0.0032861
v 0.142052 0.215997 -0.0955911
vn -8.48614e-05 -0.0253997 8.48614e-05
v 0.191699 0.0451815 -0.192825
vn 0.00011999 0.0253997 0
v 0.191699 0.0451815 -0.192825
vn -0.00011999 -0.0253997 0
v 0.182641 0.111092 -0.173987
vn 0.0001159 0.0253997 -3.10642e-05
v 0.182641 0.111092 -0.173987
vn -0.0001159 -0.0253997 3.10642e-05
v 0.165708 0.169354 -0.140824
vn 0.000103911 0.0253997 -5.99948e-05
v 0.165708 0.169354 -0.140824
vn -0.000103911 -0.0253997 5.99948e-05
v 0.191699 0.0451815 -0.192825
vn 0.00011999 0.0253997 0
v 0.191406 -0.0237597 -0.194888
vn 0.0001159 0.0253997 3.10642e-05
v 0.192262 -0.0238868 -0.196049
vn 0.0001159 0.0253997 3.10642e-05
v 0.192262 -0.0238868 -0.196049
vn -0.0001159 -0.0253997 -3.10642e-05
v 0.191406 -0.0237597 -0.194888
vn -0.0001159 -0.0253997 -3.10642e-05
v 0.191699 0.0451815 -0.192825
vn -0.00011999 -0.0253997 0
v 0.183463 -0.0908947 -0.182303
vn 0 0.0254 0
v 0.191406 -0.0237597 -0.194888
vn 0.0001159 0.0253997 3.10642e-05
v 0.191386 -0.0237559 -0.194839
vn 0 0.0254 0
v 0.183481 -0.0909123 -0.182349
vn 0.000103911 0.0253997 5.99948e-05
v 0.191386 -0.0237559 -0.194839
vn 0 -0.0254 0
v 0.191406 -0.0237597 -0.194888
vn -0.0001159 -0.0253997 -3.10642e-05
v 0.183463 -0.0908947 -0.182303
vn 0 -0.0254 0
v 0.183481 -0.0909123 -0.182349
vn -0.000103911 -0.0253997 -5.99948e-05
v 0.144845 -0.202624 -0.11441
vn -0.0032861 -0.024535 -0.00569168
v 0.144845 -0.202624 -0.11441
vn 0.0032861 0.024535 0.00569168
v 0.116013 -0.238321 -0.063453
vn 0.00328628 0.0219987 0.0122645
v 0.116807 -0.23963 -0.0637145
vn 0.00170101 0.024535 0.00634825
v 0.116807 -0.23963 -0.0637145
vn -0.00170101 -0.024535 -0.00634825
v 0.116013 -0.238321 -0.063453
vn -0.00328628 -0.0219987 -0.0122645
v 0.144845 -0.202624 -0.11441
vn -0.0032861 -0.024535 -0.00569168
v 0.167571 -0.151887 -0.154845
vn 0.00464723 0.024535 0.00464723
v 0.143898 -0.201517 -0.113872
vn 0.0063486 0.0219987 0.0109961
v 0.144845 -0.202624 -0.11441
vn 0.0032861 0.024535 0.00569168
v 0.144845 -0.202624 -0.11441
vn -0.0032861 -0.024535 -0.00569168
v 0.143898 -0.201517 -0.113872
vn -0.0063486 -0.0219987 -0.0109961
v 0.167571 -0.151887 -0.154845
vn -0.00464723 -0.024535 -0.00464723
v 0.191386 -0.0237559 -0.194839
vn 0 0.0254 0
v 0.183435 -0.0908769 -0.182263
vn 0.00569168 0.024535 0.0032861
v 0.183463 -0.0908947 -0.182303
vn 0 0.0254 0
v 0.183463 -0.0908947 -0.182303
vn 0 -0.0254 0
v 0.183435 -0.0908769 -0.182263
vn -0.00569168 -0.024535 -0.0032861
v 0.191386 -0.0237559 -0.194839
vn 0 -0.0254 0
v 0.182277 -0.0903785 -0.181355
vn 0.0109961 0.0219987 0.0063486
v 0.182277 -0.0903785 -0.181355
vn -0.0109961 -0.0219987 -0.0063486
v 0.166499 -0.151056 -0.154085
vn 0.00897827 0.0219987 0.00897827
v 0.166499 -0.151056 -0.154085
vn -0.00897827 -0.0219987 -0.00897827
v 0.137087 0.220823 -0.102016
vn -0.0173482 -0.00657578 0.0173482
v 0.137087 0.220823 -0.102016
vn 0.0173482 0.00657578 -0.0173482
v 0.135658 0.220358 -0.102402
vn -0.0155531 -0.0127028 0.0155531
v 0.135658 0.220358 -0.102402
vn 0.0155531 0.0127028 -0.0155531
v 0.173366 -0.0907396 -0.187817
vn 0.000135052 -0.0253995 7.7978e-05
v 0.173366 -0.0907396 -0.187817
vn -0.000135052 0.0253995 -7.7978e-05
v 0.181673 -0.0236795 -0.201401
vn 0.00335173 -0.0251619 0.000898093
v 0.181673 -0.0236795 -0.201401
vn -0.00335173 0.0251619 -0.000898093
v 0.181791 -0.0237079 -0.20171
vn 0 -0.0254 0
v 0.181109 0.0453016 -0.198178
vn 0.00346997 -0.0251619 0
v 0.181228 0.0453604 -0.198486
vn 0 -0.0254 0
v 0.181228 0.0453604 -0.198486
vn 0 0.0254 0
v 0.181109 0.0453016 -0.198178
vn -0.00346997 0.0251619 0
v 0.181791 -0.0237079 -0.20171
vn 0 0.0254 0
v 0.181228 0.0453604 -0.198486
vn 0 -0.0254 0
v 0.172064 0.11113 -0.179366
vn 0.00335173 -0.0251619 -0.000898093
v 0.172169 0.111271 -0.179648
vn 0 -0.0254 0
v 0.172169 0.111271 -0.179648
vn 0 0.0254 0
v 0.172064 0.11113 -0.179366
vn -0.00335173 0.0251619 0.000898093
v 0.181228 0.0453604 -0.198486
vn 0 0.0254 0
v 0.172169 0.111271 -0.179648
vn 0 -0.0254 0
v 0.155151 0.169319 -0.146243
vn 0.00300507 -0.0251619 -0.00173497
v 0.155236 0.169533 -0.146485
vn 0 -0.0254 0
v 0.155236 0.169533 -0.146485
vn 0 0.0254 0
v 0.155151 0.169319 -0.146243
vn -0.00300507 0.0251619 0.00173497
v 0.172169 0.111271 -0.179648
vn 0 0.0254 0
v 0.133123 0.218604 -0.102354
vn -0.00897827 -0.0219987 0.00897827
v 0.158337 0.172217 -0.148469
vn -0.015552 -0.0179631 0.00897895
v 0.157045 0.171437 -0.148094
vn -0.0109961 -0.0219987 0.0063486
v 0.157045 0.171437 -0.148094
vn 0.0109961 0.0219987 -0.0063486
v 0.158337 0.172217 -0.148469
vn 0.015552 0.0179631 -0.00897895
v 0.133123 0.218604 -0.102354
vn 0.00897827 0.0219987 -0.00897827
v 0.132194 0.217434 -0.101921
vn -0.00464723 -0.024535 0.00464723
v 0.157045 0.171437 -0.148094
vn -0.0109961 -0.0219987 0.0063486
v 0.155988 0.170521 -0.147417
vn -0.00569168 -0.024535 0.0032861
v 0.155988 0.170521 -0.147417
vn 0.00569168 0.024535 -0.0032861
v 0.157045 0.171437 -0.148094
vn 0.0109961 0.0219987 -0.0063486
v 0.132194 0.217434 -0.101921
vn 0.00464723 0.024535 -0.00464723
v 0.13158 0.216176 -0.101252
vn 0 -0.0254 0
v 0.155988 0.170521 -0.147417
vn -0.00569168 -0.024535 0.0032861
v 0.155236 0.169533 -0.146485
vn 0 -0.0254 0
v 0.155236 0.169533 -0.146485
vn 0 0.0254 0
v 0.155988 0.170521 -0.147417
vn 0.00569168 0.024535 -0.0032861
v 0.13158 0.216176 -0.101252
vn 0 0.0254 0
v 0.134306 0.2196 -0.102518
vn -0.0126981 -0.0179631 0.0126981
v 0.134306 0.2196 -0.102518
vn 0.0126981 0.0179631 -0.0126981
v 0.116013 -0.238321 -0.063453
vn 0.00328628 0.0219987 0.0122645
v 0.0838245 -0.257733 -0.00651619
vn 0 0.0179631 0.0179579
v 0.0847441 -0.258962 -0.00626445
vn 0 0.0219987 0.0126972
v 0.0847441 -0.258962 -0.00626445
vn 0 -0.0219987 -0.0126972
v 0.0838245 -0.257733 -0.00651619
vn 0 -0.0179631 -0.0179579
v 0.116013 -0.238321 -0.063453
vn -0.00328628 -0.0219987 -0.0122645
v 0.116013 -0.238321 -0.063453
vn 0.00328628 0.0219987 0.0122645
v 0.116013 -0.238321 -0.063453
vn -0.00328628 -0.0219987 -0.0122645
v 0.0200479 -0.246149 0.111824
vn -0.00897895 0.0179631 0.015552
v -0.00907753 -0.214017 0.164122
vn -0.0155531 0.0127028 0.0155531
v -0.00826083 -0.214811 0.165179
vn -0.0126981 0.0179631 0.0126981
v -0.00826083 -0.214811 0.165179
vn 0.0126981 -0.0179631 -0.0126981
v -0.00907753 -0.214017 0.164122
vn 0.0155531 -0.0127028 -0.0155531
v 0.0200479 -0.246149 0.111824
vn 0.00897895 -0.0179631 -0.015552
v 0.0514566 -0.260791 0.0532613
vn -0.00464784 0.0179631 0.017346
v 0.0191285 -0.245242 0.11096
vn -0.0109977 0.0127028 0.0190486
v 0.0200479 -0.246149 0.111824
vn -0.00897895 0.0179631 0.015552
v 0.0200479 -0.246149 0.111824
vn 0.00897895 -0.0179631 -0.015552
v 0.0191285 -0.245242 0.11096
vn 0.0109977 -0.0127028 -0.0190486
v 0.0514566 -0.260791 0.0532613
vn 0.00464784 -0.0179631 -0.017346
v 0.0838245 -0.257733 -0.00651619
vn 0 0.0179631 0.0179579
v 0.0504232 -0.259829 0.0526104
vn -0.00569285 0.0127028 0.021246
v 0.0514566 -0.260791 0.0532613
vn -0.00464784 0.0179631 0.017346
v 0.0514566 -0.260791 0.0532613
vn 0.00464784 -0.0179631 -0.017346
v 0.0504232 -0.259829 0.0526104
vn 0.00569285 -0.0127028 -0.021246
v 0.0838245 -0.257733 -0.00651619
vn 0 -0.0179631 -0.0179579
v -0.0169284 0.205979 0.188897
vn 0.012267 0.00657578 0.0212471
v 0.0104913 0.244218 0.136141
vn 0.006574 -0 0.0245345
v -0.0183446 0.206158 0.188279
vn 0.0127 -0 0.021997
v -0.0183446 0.206158 0.188279
vn -0.0127 0 -0.021997
v 0.0104913 0.244218 0.136141
vn -0.006574 0 -0.0245345
v -0.0169284 0.205979 0.188897
vn -0.012267 -0.00657578 -0.0212471
v 0.0104913 0.244218 0.136141
vn 0.006574 -0 0.0245345
v -0.0196402 0.206026 0.187431
vn 0.012267 -0.00657578 0.0212471
v -0.0183446 0.206158 0.188279
vn 0.0127 -0 0.021997
v -0.0183446 0.206158 0.188279
vn -0.0127 0 -0.021997
v -0.0196402 0.206026 0.187431
vn -0.012267 0.00657578 -0.0212471
v 0.0104913 0.244218 0.136141
vn -0.006574 0 -0.0245345
v 0.00917397 0.244058 0.135332
vn 0.00634987 -0.00657578 0.0236981
v -0.0207257 0.205593 0.18641
vn 0.0109977 -0.0127028 0.0190486
v -0.0196402 0.206026 0.187431
vn 0.012267 -0.00657578 0.0212471
v -0.0196402 0.206026 0.187431
vn -0.012267 0.00657578 -0.0212471
v -0.0207257 0.205593 0.18641
vn -0.0109977 0.0127028 -0.0190486
v 0.00917397 0.244058 0.135332
vn -0.00634987 0.00657578 -0.0236981
v 0.00802546 0.243541 0.134425
vn 0.00569285 -0.0127028 0.021246
v -0.0215302 0.204888 0.185282
vn 0.00897895 -0.0179631 0.015552
v -0.0207257 0.205593 0.18641
vn 0.0109977 -0.0127028 0.0190486
v -0.0207257 0.205593 0.18641
vn -0.0109977 0.0127028 -0.0190486
v -0.0215302 0.204888 0.185282
vn -0.00897895 0.0179631 -0.015552
v 0.00802546 0.243541 0.134425
vn -0.00569285 0.0127028 -0.021246
v -0.0215302 0.204888 0.185282
vn 0.00897895 -0.0179631 0.015552
v 0.00652099 0.241601 0.132562
vn 0.00328628 -0.0219987 0.0122645
v -0.0219979 0.203959 0.184127
vn 0.0063486 -0.0219987 0.0109961
v -0.0219979 0.203959 0.184127
vn -0.0063486 0.0219987 -0.0109961
v 0.00652099 0.241601 0.132562
vn -0.00328628 0.0219987 -0.0122645
v -0.0215302 0.204888 0.185282
vn -0.00897895 0.0179631 -0.015552
v -0.0219979 0.203959 0.184127
vn 0.0063486 -0.0219987 0.0109961
v 0.00627042 0.240309 0.131735
vn 0.00170101 -0.024535 0.00634825
v -0.0220953 0.20287 0.183023
vn 0.0032861 -0.024535 0.00569168
v -0.0220953 0.20287 0.183023
vn -0.0032861 0.024535 -0.00569168
v 0.00627042 0.240309 0.131735
vn -0.00170101 0.024535 -0.00634825
v -0.0219979 0.203959 0.184127
vn -0.0063486 0.0219987 -0.0109961
v -0.0220953 0.20287 0.183023
vn 0.0032861 -0.024535 0.00569168
v 0.0063841 0.238916 0.131054
vn 0 -0.0254 0
v -0.021818 0.201695 0.182046
vn 0 -0.0254 0
v -0.021818 0.201695 0.182046
vn 0 0.0254 0
v 0.0063841 0.238916 0.131054
vn 0 0.0254 0
v -0.0220953 0.20287 0.183023
vn -0.0032861 0.024535 -0.00569168
v -0.0678432 -0.047236 0.25941
vn -0.00346997 -0.0251619 0
v -0.0678432 -0.047236 0.25941
vn 0.00346997 0.0251619 0
v -0.068407 0.0217451 0.262632
vn -0.00335173 -0.0251619 -0.000898093
v -0.068407 0.0217451 0.262632
vn 0.00335173 0.0251619 0.000898093
v -0.0604489 0.0891787 0.250042
vn -0.00300507 -0.0251619 -0.00173497
v -0.0604489 0.0891787 0.250042
vn 0.00300507 0.0251619 0.00173497
v -0.0445119 0.15047 0.222498
vn -0.00245364 -0.0251619 -0.00245364
v -0.0445119 0.15047 0.222498
vn 0.00245364 0.0251619 0.00245364
v -0.021818 0.201695 0.182046
vn 0 -0.0254 0
v 0.00648471 0.238618 0.130949
vn -0.000898093 -0.0251619 -0.00335173
v -0.0216819 0.201441 0.181877
vn -0.00173497 -0.0251619 -0.00300507
v -0.0216819 0.201441 0.181877
vn 0.00173497 0.0251619 0.00300507
v 0.00648471 0.238618 0.130949
vn 0.000898093 0.0251619 0.00335173
v -0.021818 0.201695 0.182046
vn 0 0.0254 0
v -0.0678432 -0.047236 0.25941
vn -0.00346997 -0.0251619 0
v -0.0581748 -0.112599 0.239797
vn -0.000150622 -0.0253995 4.03606e-05
v -0.0587975 -0.113064 0.240598
vn -0.00335173 -0.0251619 0.000898093
v -0.0587975 -0.113064 0.240598
vn 0.00335173 0.0251619 -0.000898093
v -0.0581748 -0.112599 0.239797
vn 0.000150622 0.0253995 -4.03606e-05
v -0.0678432 -0.047236 0.25941
vn 0.00346997 0.0251619 0
v -0.0154913 0.205504 0.189239
vn 0.0109977 0.0127028 0.0190486
v 0.0118857 0.244012 0.136798
vn 0.00634987 0.00657578 0.0236981
v -0.0169284 0.205979 0.188897
vn 0.012267 0.00657578 0.0212471
v -0.0169284 0.205979 0.188897
vn -0.012267 -0.00657578 -0.0212471
v 0.0118857 0.244012 0.136798
vn -0.00634987 -0.00657578 -0.0236981
v -0.0154913 0.205504 0.189239
vn -0.0109977 -0.0127028 -0.0190486
v -0.0581588 -0.112577 0.239751
vn 0 0.0254 0
v -0.0315407 -0.16891 0.209692
vn -0.015552 0.0179631 0.00897895
v -0.0315407 -0.16891 0.209692
vn 0.015552 -0.0179631 -0.00897895
v -0.0479102 -0.11211 0.243759
vn -0.0122645 0.0219987 0.00328628
v -0.0479102 -0.11211 0.243759
vn 0.0122645 -0.0219987 -0.00328628
v -0.0570192 -0.0471997 0.263908
vn -0.0065722 0.024535 0
v -0.0480321 -0.11275 0.245226
vn 0 0.0254 0
v -0.0480139 -0.112727 0.24518
vn -0.00634825 0.024535 0.00170101
v -0.0480139 -0.112727 0.24518
vn 0.00634825 -0.024535 -0.00170101
v -0.0480321 -0.11275 0.245226
vn 0 -0.0254 0
v -0.0570192 -0.0471997 0.263908
vn 0.0065722 -0.024535 0
v -0.0570389 -0.0472091 0.263957
vn 0 0.0254 0
v -0.0570389 -0.0472091 0.263957
vn 0 -0.0254 0
v -0.0570389 -0.0472091 0.263957
vn 0 0.0254 0
v -0.0570389 -0.0472091 0.263957
vn 0 -0.0254 0
v -0.0575996 0.0214711 0.267164
vn 0 0.0254 0
v -0.0575996 0.0214711 0.267164
vn 0 -0.0254 0
v -0.0576298 0.0214751 0.267207
vn 0.0001159 -0.0253997 3.10642e-05
v -0.0496761 0.0886099 0.254628
vn 0 -0.0254 0
v -0.0575996 0.0214711 0.267164
vn 0 0.0254 0
v -0.0496583 0.0885922 0.254582
vn -0.00569168 0.024535 -0.0032861
v -0.0496761 0.0886099 0.254628
vn 0 0.0254 0
v -0.0496761 0.0886099 0.254628
vn 0 -0.0254 0
v -0.0496583 0.0885922 0.254582
vn 0.00569168 -0.024535 0.0032861
v -0.0575996 0.0214711 0.267164
vn 0 -0.0254 0
v -0.0496761 0.0886099 0.254628
vn 0 0.0254 0
v -0.0337945 0.149603 0.227164
vn -0.00464723 0.024535 -0.00464723
v -0.0338092 0.149632 0.227205
vn 0 0.0254 0
v -0.0338092 0.149632 0.227205
vn 0 -0.0254 0
v -0.0337945 0.149603 0.227164
vn 0.00464723 -0.024535 0.00464723
v -0.0496761 0.0886099 0.254628
vn 0 -0.0254 0
v -0.0110691 0.20034 0.18673
vn -0.0032861 0.024535 -0.00569168
v -0.0338092 0.149632 0.227205
vn 0 0.0254 0
v -0.0337945 0.149603 0.227164
vn -0.00464723 0.024535 -0.00464723
v -0.0337945 0.149603 0.227164
vn 0.00464723 -0.024535 0.00464723
v -0.0338092 0.149632 0.227205
vn 0 -0.0254 0
v -0.0110691 0.20034 0.18673
vn 0.0032861 -0.024535 0.00569168
v -0.0110792 0.200379 0.186762
vn 0 0.0254 0
v -0.0338345 0.149663 0.22724
vn -8.48614e-05 0.0253997 -8.48614e-05
v -0.0338092 0.149632 0.227205
vn 0 0.0254 0
v -0.0338092 0.149632 0.227205
vn 0 -0.0254 0
v -0.0338345 0.149663 0.22724
vn 8.48614e-05 -0.0253997 8.48614e-05
v -0.0110792 0.200379 0.186762
vn 0 -0.0254 0
v -0.0496583 0.0885922 0.254582
vn -0.00569168 0.024535 -0.0032861
v -0.0496583 0.0885922 0.254582
vn 0.00569168 -0.024535 0.0032861
v -0.0496583 0.0885922 0.254582
vn -0.00569168 0.024535 -0.0032861
v -0.0337676 0.148789 0.22584
vn -0.00897827 0.0219987 -0.00897827
v -0.0337945 0.149603 0.227164
vn -0.00464723 0.024535 -0.00464723
v -0.0337945 0.149603 0.227164
vn 0.00464723 -0.024535 0.00464723
v -0.0337676 0.148789 0.22584
vn 0.00897827 -0.0219987 0.00897827
v -0.0496583 0.0885922 0.254582
vn 0.00569168 -0.024535 0.0032861
v -0.0496761 0.0886099 0.254628
vn 0 0.0254 0
v -0.0497043 0.0886277 0.254668
vn 0.000103911 -0.0253997 5.99948e-05
v -0.0141267 0.204762 0.189285
vn 0.00897895 0.0179631 0.015552
v -0.0141267 0.204762 0.189285
vn -0.00897895 -0.0179631 -0.015552
v -0.0129285 0.203804 0.18903
vn 0.0063486 0.0219987 0.0109961
v -0.0129285 0.203804 0.18903
vn -0.0063486 -0.0219987 -0.0109961
v -0.0119809 0.202697 0.188491
vn 0.0032861 0.024535 0.00569168
v -0.0119809 0.202697 0.188491
vn -0.0032861 -0.024535 -0.00569168
v -0.0113465 0.201516 0.187707
vn -5.99948e-05 0.0253997 -0.000103911
v -0.0113465 0.201516 0.187707
vn 5.99948e-05 -0.0253997 0.000103911
v -0.0110998 0.200419 0.186789
vn -5.99948e-05 0.0253997 -0.000103911
v -0.0110998 0.200419 0.186789
vn 5.99948e-05 -0.0253997 0.000103911
v -0.0141267 0.204762 0.189285
vn 0.00897895 0.0179631 0.015552
v 0.0132599 0.243451 0.137254
vn 0.00569285 0.0127028 0.021246
v -0.0154913 0.205504 0.189239
vn 0.0109977 0.0127028 0.0190486
v -0.0154913 0.205504 0.189239
vn -0.0109977 -0.0127028 -0.0190486
v 0.0132599 0.243451 0.137254
vn -0.00569285 -0.0127028 -0.021246
v -0.0141267 0.204762 0.189285
vn -0.00897895 -0.0179631 -0.015552
v 0.0425438 -0.263352 0.0487084
vn 0 -0.0254 0
v 0.075253 -0.260212 -0.0116809
vn 0 -0.024535 0.0065722
v 0.0752497 -0.260264 -0.0116932
vn 0 -0.0254 0
v 0.0752497 -0.260264 -0.0116932
vn 0 0.0254 0
v 0.075253 -0.260212 -0.0116809
vn 0 0.024535 -0.0065722
v 0.0425438 -0.263352 0.0487084
vn 0 0.0254 0
v 0.106696 -0.239506 -0.0692065
vn 0 -0.0254 0
v 0.106696 -0.239506 -0.0692065
vn 0 0.0254 0
v 0.106693 -0.239457 -0.0691823
vn 0.00170101 -0.024535 0.00634825
v 0.134739 -0.202491 -0.119912
vn 0 -0.0254 0
v 0.106696 -0.239506 -0.0692065
vn 0 -0.0254 0
v 0.106696 -0.239506 -0.0692065
vn 0 0.0254 0
v 0.134739 -0.202491 -0.119912
vn 0 0.0254 0
v 0.106693 -0.239457 -0.0691823
vn -0.00170101 0.024535 -0.00634825
v 0.134739 -0.202491 -0.119912
vn 0 -0.0254 0
v 0.134739 -0.202491 -0.119912
vn 0 0.0254 0
v 0.0108074 -0.248558 0.107882
vn 0 -0.0254 0
v 0.0425538 -0.263298 0.0487085
vn -0.00170101 -0.024535 0.00634825
v 0.0425438 -0.263352 0.0487084
vn 0 -0.0254 0
v 0.0425438 -0.263352 0.0487084
vn 0 0.0254 0
v 0.0425538 -0.263298 0.0487085
vn 0.00170101 0.024535 -0.00634825
v 0.0108074 -0.248558 0.107882
vn 0 0.0254 0
v -0.016846 -0.215681 0.16134
vn -0.00897827 -0.0219987 0.00897827
v -0.016846 -0.215681 0.16134
vn 0.00897827 0.0219987 -0.00897827
v 0.0431536 -0.261878 0.0488931
vn -0.00328628 -0.0219987 0.0122645
v 0.0108236 -0.248509 0.10787
vn -0.0032861 -0.024535 0.00569168
v 0.0115966 -0.247169 0.107732
vn -0.0063486 -0.0219987 0.0109961
v 0.0115966 -0.247169 0.107732
vn 0.0063486 0.0219987 -0.0109961
v 0.0108236 -0.248509 0.10787
vn 0.0032861 0.024535 -0.00569168
v 0.0431536 -0.261878 0.0488931
vn 0.00328628 0.0219987 -0.0122645
v 0.0108236 -0.248509 0.10787
vn -0.0032861 -0.024535 0.00569168
v 0.0108236 -0.248509 0.10787
vn 0.0032861 0.024535 -0.00569168
v 0.157469 -0.151744 -0.160355
vn 0 -0.0254 0
v 0.173366 -0.0907396 -0.187817
vn 0.000135052 -0.0253995 7.7978e-05
v 0.157496 -0.151774 -0.160389
vn 0.000110261 -0.0253995 0.000110261
v 0.157496 -0.151774 -0.160389
vn -0.000110261 0.0253995 -0.000110261
v 0.173366 -0.0907396 -0.187817
vn -0.000135052 0.0253995 -7.7978e-05
v 0.157469 -0.151744 -0.160355
vn 0 0.0254 0
v 0.134731 -0.202452 -0.119878
vn 0.0032861 -0.024535 0.00569168
v 0.157469 -0.151744 -0.160355
vn 0 -0.0254 0
v 0.134739 -0.202491 -0.119912
vn 0 -0.0254 0
v 0.134739 -0.202491 -0.119912
vn 0 0.0254 0
v 0.157469 -0.151744 -0.160355
vn 0 0.0254 0
v 0.134731 -0.202452 -0.119878
vn -0.0032861 0.024535 -0.00569168
v 0.134731 -0.202452 -0.119878
vn 0.0032861 -0.024535 0.00569168
v 0.134731 -0.202452 -0.119878
vn -0.0032861 0.024535 -0.00569168
v -0.0581588 -0.112577 0.239751
vn 0 -0.0254 0
v -0.0402365 -0.169562 0.206064
vn -0.0109961 -0.0219987 0.0063486
v -0.0402365 -0.169562 0.206064
vn 0.0109961 0.0219987 -0.0063486
v -0.0581588 -0.112577 0.239751
vn 0 -0.0254 0
v -0.0412934 -0.170478 0.206741
vn -0.00569168 -0.024535 0.0032861
v -0.0413198 -0.170511 0.206772
vn 0 -0.0254 0
v -0.0413198 -0.170511 0.206772
vn 0 0.0254 0
v -0.0412934 -0.170478 0.206741
vn 0.00569168 0.024535 -0.0032861
v -0.0581588 -0.112577 0.239751
vn 0 0.0254 0
v 0.109088 0.253526 -0.0459488
vn -0.0127 0 0.021997
v 0.139799 0.220776 -0.10055
vn -0.0173482 0.00657578 0.0173482
v 0.1385 0.220965 -0.101384
vn -0.0179605 0 0.0179605
v 0.1385 0.220965 -0.101384
vn 0.0179605 0 -0.0179605
v 0.139799 0.220776 -0.10055
vn 0.0173482 -0.00657578 -0.0173482
v 0.109088 0.253526 -0.0459488
vn 0.0127 0 -0.021997
v 0.110409 0.253312 -0.0451565
vn -0.012267 0.00657578 0.0212471
v 0.140892 0.220269 -0.0995725
vn -0.0155531 0.0127028 0.0155531
v 0.139799 0.220776 -0.10055
vn -0.0173482 0.00657578 0.0173482
v 0.139799 0.220776 -0.10055
vn 0.0173482 -0.00657578 -0.0173482
v 0.140892 0.220269 -0.0995725
vn 0.0155531 -0.0127028 -0.0155531
v 0.110409 0.253312 -0.0451565
vn 0.012267 -0.00657578 -0.0212471
v 0.111566 0.252732 -0.0442997
vn -0.0109977 0.0127028 0.0190486
v 0.141709 0.219474 -0.0985154
vn -0.0126981 0.0179631 0.0126981
v 0.140892 0.220269 -0.0995725
vn -0.0155531 0.0127028 0.0155531
v 0.140892 0.220269 -0.0995725
vn 0.0155531 -0.0127028 -0.0155531
v 0.141709 0.219474 -0.0985154
vn 0.0126981 -0.0179631 -0.0126981
v 0.111566 0.252732 -0.0442997
vn 0.0109977 -0.0127028 -0.0190486
v 0.141709 0.219474 -0.0985154
vn -0.0126981 0.0179631 0.0126981
v 0.113104 0.250651 -0.0426249
vn -0.0063486 0.0219987 0.0109961
v 0.142193 0.218449 -0.0974511
vn -0.00897827 0.0219987 0.00897827
v 0.142193 0.218449 -0.0974511
vn 0.00897827 -0.0219987 -0.00897827
v 0.113104 0.250651 -0.0426249
vn 0.0063486 -0.0219987 -0.0109961
v 0.141709 0.219474 -0.0985154
vn 0.0126981 -0.0179631 -0.0126981
v 0.142193 0.218449 -0.0974511
vn -0.00897827 0.0219987 0.00897827
v 0.113376 0.249293 -0.0419214
vn -0.0032861 0.024535 0.00569168
v 0.142309 0.217262 -0.0964535
vn -0.00464723 0.024535 0.00464723
v 0.142309 0.217262 -0.0964535
vn 0.00464723 -0.024535 -0.00464723
v 0.113376 0.249293 -0.0419214
vn 0.0032861 -0.024535 -0.00569168
v 0.142193 0.218449 -0.0974511
vn 0.00897827 -0.0219987 -0.00897827
v 0.142309 0.217262 -0.0964535
vn -0.00464723 0.024535 0.00464723
v 0.113285 0.247843 -0.0413735
vn 5.99948e-05 0.0253997 -0.000103911
v 0.142052 0.215997 -0.0955911
vn 8.48614e-05 0.0253997 -8.48614e-05
v 0.142052 0.215997 -0.0955911
vn -8.48614e-05 -0.0253997 8.48614e-05
v 0.113285 0.247843 -0.0413735
vn -5.99948e-05 -0.0253997 0.000103911
v 0.142309 0.217262 -0.0964535
vn 0.00464723 -0.024535 -0.00464723
v 0.181837 0.110487 -0.172946
vn 0.0001159 0.0253997 -3.10642e-05
v 0.191699 0.0451815 -0.192825
vn 0.00011999 0.0253997 0
v 0.182641 0.111092 -0.173987
vn 0.0001159 0.0253997 -3.10642e-05
v 0.182641 0.111092 -0.173987
vn -0.0001159 -0.0253997 3.10642e-05
v 0.191699 0.0451815 -0.192825
vn -0.00011999 -0.0253997 0
v 0.181837 0.110487 -0.172946
vn -0.0001159 -0.0253997 3.10642e-05
v 0.164994 0.168433 -0.139959
vn 0.000103911 0.0253997 -5.99948e-05
v 0.182641 0.111092 -0.173987
vn 0.0001159 0.0253997 -3.10642e-05
v 0.165708 0.169354 -0.140824
vn 0.000103911 0.0253997 -5.99948e-05
v 0.165708 0.169354 -0.140824
vn -0.000103911 -0.0253997 5.99948e-05
v 0.182641 0.111092 -0.173987
vn -0.0001159 -0.0253997 3.10642e-05
v 0.164994 0.168433 -0.139959
vn -0.000103911 -0.0253997 5.99948e-05
v 0.141467 0.214823 -0.0949731
vn 8.48614e-05 0.0253997 -8.48614e-05
v 0.165708 0.169354 -0.140824
vn 0.000103911 0.0253997 -5.99948e-05
v 0.142052 0.215997 -0.0955911
vn 8.48614e-05 0.0253997 -8.48614e-05
v 0.142052 0.215997 -0.0955911
vn -8.48614e-05 -0.0253997 8.48614e-05
v 0.165708 0.169354 -0.140824
vn -0.000103911 -0.0253997 5.99948e-05
v 0.141467 0.214823 -0.0949731
vn -8.48614e-05 -0.0253997 8.48614e-05
v 0.190845 0.0449334 -0.19168
vn 0.00011999 0.0253997 0
v 0.190845 0.0449334 -0.19168
vn -0.00011999 -0.0253997 0
v 0.190845 0.0449334 -0.19168
vn 0.00011999 0.0253997 0
v 0.191386 -0.0237559 -0.194839
vn 0 0.0254 0
v 0.191406 -0.0237597 -0.194888
vn 0.0001159 0.0253997 3.10642e-05
v 0.191406 -0.0237597 -0.194888
vn -0.0001159 -0.0253997 -3.10642e-05
v 0.191386 -0.0237559 -0.194839
vn 0 -0.0254 0
v 0.190845 0.0449334 -0.19168
vn -0.00011999 -0.0253997 0
v 0.191356 -0.0237512 -0.194794
vn -0.00634825 -0.024535 -0.00170101
v 0.143898 -0.201517 -0.113872
vn 0.0063486 0.0219987 0.0109961
v 0.143898 -0.201517 -0.113872
vn -0.0063486 -0.0219987 -0.0109961
v 0.191356 -0.0237512 -0.194794
vn 0.00634825 0.024535 0.00170101
v 0.191356 -0.0237512 -0.194794
vn 0.00634825 0.024535 0.00170101
v 0.182277 -0.0903785 -0.181355
vn 0.0109961 0.0219987 0.0063486
v 0.183435 -0.0908769 -0.182263
vn 0.00569168 0.024535 0.0032861
v 0.183435 -0.0908769 -0.182263
vn -0.00569168 -0.024535 -0.0032861
v 0.182277 -0.0903785 -0.181355
vn -0.0109961 -0.0219987 -0.0063486
v 0.191356 -0.0237512 -0.194794
vn -0.00634825 -0.024535 -0.00170101
v 0.182277 -0.0903785 -0.181355
vn 0.0109961 0.0219987 0.0063486
v 0.165195 -0.150336 -0.153642
vn 0.0126981 0.0179631 0.0126981
v 0.166499 -0.151056 -0.154085
vn 0.00897827 0.0219987 0.00897827
v 0.166499 -0.151056 -0.154085
vn -0.00897827 -0.0219987 -0.00897827
v 0.165195 -0.150336 -0.153642
vn -0.0126981 -0.0179631 -0.0126981
v 0.182277 -0.0903785 -0.181355
vn -0.0109961 -0.0219987 -0.0063486
v 0.166499 -0.151056 -0.154085
vn 0.00897827 0.0219987 0.00897827
v 0.1427 -0.200558 -0.113617
vn 0.00897895 0.0179631 0.015552
v 0.143898 -0.201517 -0.113872
vn 0.0063486 0.0219987 0.0109961
v 0.143898 -0.201517 -0.113872
vn -0.0063486 -0.0219987 -0.0109961
v 0.1427 -0.200558 -0.113617
vn -0.00897895 -0.0179631 -0.015552
v 0.166499 -0.151056 -0.154085
vn -0.00897827 -0.0219987 -0.00897827
v 0.137087 0.220823 -0.102016
vn -0.0173482 -0.00657578 0.0173482
v 0.109088 0.253526 -0.0459488
vn -0.0127 0 0.021997
v 0.1385 0.220965 -0.101384
vn -0.0179605 0 0.0179605
v 0.1385 0.220965 -0.101384
vn 0.0179605 0 -0.0179605
v 0.109088 0.253526 -0.0459488
vn 0.0127 0 -0.021997
v 0.137087 0.220823 -0.102016
vn 0.0173482 0.00657578 -0.0173482
v 0.135658 0.220358 -0.102402
vn -0.0155531 -0.0127028 0.0155531
v 0.107697 0.253358 -0.0466225
vn -0.012267 -0.00657578 0.0212471
v 0.137087 0.220823 -0.102016
vn -0.0173482 -0.00657578 0.0173482
v 0.137087 0.220823 -0.102016
vn 0.0173482 0.00657578 -0.0173482
v 0.107697 0.253358 -0.0466225
vn 0.012267 0.00657578 -0.0212471
v 0.135658 0.220358 -0.102402
vn 0.0155531 0.0127028 -0.0155531
v 0.173366 -0.0907396 -0.187817
vn 0.000135052 -0.0253995 7.7978e-05
v 0.181673 -0.0236795 -0.201401
vn 0.00335173 -0.0251619 0.000898093
v 0.173715 -0.0911131 -0.18881
vn 0.00300507 -0.0251619 0.00173497
v 0.173715 -0.0911131 -0.18881
vn -0.00300507 0.0251619 -0.00173497
v 0.181673 -0.0236795 -0.201401
vn -0.00335173 0.0251619 -0.000898093
v 0.173366 -0.0907396 -0.187817
vn -0.000135052 0.0253995 -7.7978e-05
v 0.181673 -0.0236795 -0.201401
vn 0.00335173 -0.0251619 0.000898093
v 0.181673 -0.0236795 -0.201401
vn -0.00335173 0.0251619 -0.000898093
v 0.181109 0.0453016 -0.198178
vn 0.00346997 -0.0251619 0
v 0.181109 0.0453016 -0.198178
vn -0.00346997 0.0251619 0
v 0.172064 0.11113 -0.179366
vn 0.00335173 -0.0251619 -0.000898093
v 0.172064 0.11113 -0.179366
vn -0.00335173 0.0251619 0.000898093
v 0.131524 0.215904 -0.101067
vn 0.00245364 -0.0251619 -0.00245364
v 0.155236 0.169533 -0.146485
vn 0 -0.0254 0
v 0.155151 0.169319 -0.146243
vn 0.00300507 -0.0251619 -0.00173497
v 0.155151 0.169319 -0.146243
vn -0.00300507 0.0251619 0.00173497
v 0.155236 0.169533 -0.146485
vn 0 0.0254 0
v 0.131524 0.215904 -0.101067
vn -0.00245364 0.0251619 0.00245364
v 0.134306 0.2196 -0.102518
vn -0.0126981 -0.0179631 0.0126981
v 0.134306 0.2196 -0.102518
vn 0.0126981 0.0179631 -0.0126981
v 0.133123 0.218604 -0.102354
vn -0.00897827 -0.0219987 0.00897827
v 0.133123 0.218604 -0.102354
vn 0.00897827 0.0219987 -0.00897827
v 0.132194 0.217434 -0.101921
vn -0.00464723 -0.024535 0.00464723
v 0.132194 0.217434 -0.101921
vn 0.00464723 0.024535 -0.00464723
v 0.13158 0.216176 -0.101252
vn 0 -0.0254 0
v 0.13158 0.216176 -0.101252
vn 0 0.0254 0
v 0.134306 0.2196 -0.102518
vn -0.0126981 -0.0179631 0.0126981
v 0.106332 0.252821 -0.0471294
vn -0.0109977 -0.0127028 0.0190486
v 0.135658 0.220358 -0.102402
vn -0.0155531 -0.0127028 0.0155531
v 0.135658 0.220358 -0.102402
vn 0.0155531 0.0127028 -0.0155531
v 0.106332 0.252821 -0.0471294
vn 0.0109977 0.0127028 -0.0190486
v 0.134306 0.2196 -0.102518
vn 0.0126981 0.0179631 -0.0126981
v 0.114946 -0.237192 -0.0634359
vn 0.00464784 0.0179631 0.017346
v 0.114946 -0.237192 -0.0634359
vn -0.00464784 -0.0179631 -0.017346
v 0.0191285 -0.245242 0.11096
vn -0.0109977 0.0127028 0.0190486
v 0.0191285 -0.245242 0.11096
vn 0.0109977 -0.0127028 -0.0190486
v -0.00907753 -0.214017 0.164122
vn -0.0155531 0.0127028 0.0155531
v -0.0315407 -0.16891 0.209692
vn -0.015552 0.0179631 0.00897895
v -0.00826083 -0.214811 0.165179
vn -0.0126981 0.0179631 0.0126981
v -0.00826083 -0.214811 0.165179
vn 0.0126981 -0.0179631 -0.0126981
v -0.0315407 -0.16891 0.209692
vn 0.015552 -0.0179631 -0.00897895
v -0.00907753 -0.214017 0.164122
vn 0.0155531 -0.0127028 -0.0155531
v 0.0504232 -0.259829 0.0526104
vn -0.00569285 0.0127028 0.021246
v 0.0504232 -0.259829 0.0526104
vn 0.00569285 -0.0127028 -0.021246
v 0.0826738 -0.256786 -0.00695059
vn 0 0.0127028 0.0219954
v 0.0826738 -0.256786 -0.00695059
vn 0 -0.0127028 -0.0219954
v 0.0118857 0.244012 0.136798
vn 0.00634987 0.00657578 0.0236981
v 0.0118857 0.244012 0.136798
vn -0.00634987 -0.00657578 -0.0236981
v 0.00917397 0.244058 0.135332
vn 0.00634987 -0.00657578 0.0236981
v 0.00917397 0.244058 0.135332
vn -0.00634987 0.00657578 -0.0236981
v 0.00802546 0.243541 0.134425
vn 0.00569285 -0.0127028 0.021246
v 0.00802546 0.243541 0.134425
vn -0.00569285 0.0127028 -0.021246
v 0.00712028 0.242703 0.133479
vn 0.00464784 -0.0179631 0.017346
v 0.00712028 0.242703 0.133479
vn -0.00464784 0.0179631 -0.017346
v 0.00712028 0.242703 0.133479
vn 0.00464784 -0.0179631 0.017346
v 0.00712028 0.242703 0.133479
vn -0.00464784 0.0179631 -0.017346
v 0.00652099 0.241601 0.132562
vn 0.00328628 -0.0219987 0.0122645
v 0.00652099 0.241601 0.132562
vn -0.00328628 0.0219987 -0.0122645
v 0.00627042 0.240309 0.131735
vn 0.00170101 -0.024535 0.00634825
v 0.00627042 0.240309 0.131735
vn -0.00170101 0.024535 -0.00634825
v 0.0063841 0.238916 0.131054
vn 0 -0.0254 0
v 0.0063841 0.238916 0.131054
vn 0 0.0254 0
v -0.0677441 0.0216478 0.261739
vn -0.000150622 -0.0253995 -4.03606e-05
v -0.0678432 -0.047236 0.25941
vn -0.00346997 -0.0251619 0
v -0.068407 0.0217451 0.262632
vn -0.00335173 -0.0251619 -0.000898093
v -0.068407 0.0217451 0.262632
vn 0.00335173 0.0251619 0.000898093
v -0.0678432 -0.047236 0.25941
vn 0.00346997 0.0251619 0
v -0.0677441 0.0216478 0.261739
vn 0.000150622 0.0253995 4.03606e-05
v -0.0598187 0.0888004 0.2492
vn -0.000135052 -0.0253995 -7.7978e-05
v -0.068407 0.0217451 0.262632
vn -0.00335173 -0.0251619 -0.000898093
v -0.0604489 0.0891787 0.250042
vn -0.00300507 -0.0251619 -0.00173497
v -0.0604489 0.0891787 0.250042
vn 0.00300507 0.0251619 0.00173497
v -0.068407 0.0217451 0.262632
vn 0.00335173 0.0251619 0.000898093
v -0.0598187 0.0888004 0.2492
vn 0.000135052 0.0253995 7.7978e-05
v -0.0439489 0.149835 0.221773
vn -0.000110261 -0.0253995 -0.000110261
v -0.0604489 0.0891787 0.250042
vn -0.00300507 -0.0251619 -0.00173497
v -0.0445119 0.15047 0.222498
vn -0.00245364 -0.0251619 -0.00245364
v -0.0445119 0.15047 0.222498
vn 0.00245364 0.0251619 0.00245364
v -0.0604489 0.0891787 0.250042
vn 0.00300507 0.0251619 0.00173497
v -0.0439489 0.149835 0.221773
vn 0.000110261 0.0253995 0.000110261
v -0.0212142 0.200592 0.181321
vn -7.7978e-05 -0.0253995 -0.000135052
v -0.0445119 0.15047 0.222498
vn -0.00245364 -0.0251619 -0.00245364
v -0.0216819 0.201441 0.181877
vn -0.00173497 -0.0251619 -0.00300507
v -0.0216819 0.201441 0.181877
vn 0.00173497 0.0251619 0.00300507
v -0.0445119 0.15047 0.222498
vn 0.00245364 0.0251619 0.00245364
v -0.0212142 0.200592 0.181321
vn 7.7978e-05 0.0253995 0.000135052
v 0.00683488 0.237615 0.130606
vn -4.03606e-05 -0.0253995 -0.000150622
v -0.0216819 0.201441 0.181877
vn -0.00173497 -0.0251619 -0.00300507
v 0.00648471 0.238618 0.130949
vn -0.000898093 -0.0251619 -0.00335173
v 0.00648471 0.238618 0.130949
vn 0.000898093 0.0251619 0.00335173
v -0.0216819 0.201441 0.181877
vn 0.00173497 0.0251619 0.00300507
v 0.00683488 0.237615 0.130606
vn 4.03606e-05 0.0253995 0.000150622
v -0.067183 -0.0470453 0.258531
vn -0.000155956 -0.0253995 0
v -0.067183 -0.0470453 0.258531
vn 0.000155956 0.0253995 0
v 0.0132599 0.243451 0.137254
vn 0.00569285 0.0127028 0.021246
v 0.0132599 0.243451 0.137254
vn -0.00569285 -0.0127028 -0.021246
v -0.067183 -0.0470453 0.258531
vn -0.000155956 -0.0253995 0
v -0.0581588 -0.112577 0.239751
vn 0 -0.0254 0
v -0.0581748 -0.112599 0.239797
vn -0.000150622 -0.0253995 4.03606e-05
v -0.0581748 -0.112599 0.239797
vn 0.000150622 0.0253995 -4.03606e-05
v -0.0581588 -0.112577 0.239751
vn 0 0.0254 0
v -0.067183 -0.0470453 0.258531
vn 0.000155956 0.0253995 0
v -0.0581282 -0.112554 0.239712
vn -0.00634825 -0.024535 0.00170101
v -0.0581282 -0.112554 0.239712
vn 0.00634825 0.024535 -0.00170101
v -0.0315407 -0.16891 0.209692
vn -0.015552 0.0179631 0.00897895
v -0.0479102 -0.11211 0.243759
vn -0.0122645 0.0219987 0.00328628
v -0.0311671 -0.169717 0.210967
vn -0.0109961 0.0219987 0.0063486
v -0.0311671 -0.169717 0.210967
vn 0.0109961 -0.0219987 -0.0063486
v -0.0479102 -0.11211 0.243759
vn 0.0122645 -0.0219987 -0.00328628
v -0.0315407 -0.16891 0.209692
vn 0.015552 -0.0179631 -0.00897895
v -0.056866 -0.0469396 0.262384
vn -0.0126972 0.0219987 0
v -0.0480139 -0.112727 0.24518
vn -0.00634825 0.024535 0.00170101
v -0.0479102 -0.11211 0.243759
vn -0.0122645 0.0219987 0.00328628
v -0.0479102 -0.11211 0.243759
vn 0.0122645 -0.0219987 -0.00328628
v -0.0480139 -0.112727 0.24518
vn 0.00634825 -0.024535 -0.00170101
v -0.056866 -0.0469396 0.262384
vn 0.0126972 -0.0219987 -0
v -0.0570192 -0.0471997 0.263908
vn -0.0065722 0.024535 0
v -0.0570192 -0.0471997 0.263908
vn 0.0065722 -0.024535 0
v -0.0575794 0.0214665 0.267114
vn -0.00634825 0.024535 -0.00170101
v -0.0570389 -0.0472091 0.263957
vn 0 0.0254 0
v -0.0570192 -0.0471997 0.263908
vn -0.0065722 0.024535 0
v -0.0570192 -0.0471997 0.263908
vn 0.0065722 -0.024535 0
v -0.0570389 -0.0472091 0.263957
vn 0 -0.0254 0
v -0.0575794 0.0214665 0.267114
vn 0.00634825 -0.024535 0.00170101
v -0.0575996 0.0214711 0.267164
vn 0 0.0254 0
v -0.0575996 0.0214711 0.267164
vn 0 -0.0254 0
v -0.0575794 0.0214665 0.267114
vn -0.00634825 0.024535 -0.00170101
v -0.0575794 0.0214665 0.267114
vn 0.00634825 -0.024535 0.00170101
v -0.0110792 0.200379 0.186762
vn 0 0.0254 0
v -0.0110792 0.200379 0.186762
vn 0 -0.0254 0
v -0.0337945 0.149603 0.227164
vn -0.00464723 0.024535 -0.00464723
v -0.0111665 0.19925 0.185626
vn -0.0063486 0.0219987 -0.0109961
v -0.0110691 0.20034 0.18673
vn -0.0032861 0.024535 -0.00569168
v -0.0110691 0.20034 0.18673
vn 0.0032861 -0.024535 0.00569168
v -0.0111665 0.19925 0.185626
vn 0.0063486 -0.0219987 0.0109961
v -0.0337945 0.149603 0.227164
vn 0.00464723 -0.024535 0.00464723
v -0.0495455 0.0881117 0.253109
vn -0.0109961 0.0219987 -0.0063486
v -0.0495455 0.0881117 0.253109
vn 0.0109961 -0.0219987 0.0063486
v -0.0337676 0.148789 0.22584
vn -0.00897827 0.0219987 -0.00897827
v -0.0337676 0.148789 0.22584
vn 0.00897827 -0.0219987 0.00897827
v 0.0155904 0.241446 0.137465
vn 0.00328628 0.0219987 0.0122645
v -0.0141267 0.204762 0.189285
vn 0.00897895 0.0179631 0.015552
v -0.0129285 0.203804 0.18903
vn 0.0063486 0.0219987 0.0109961
v -0.0129285 0.203804 0.18903
vn -0.0063486 -0.0219987 -0.0109961
v -0.0141267 0.204762 0.189285
vn -0.00897895 -0.0179631 -0.015552
v 0.0155904 0.241446 0.137465
vn -0.00328628 -0.0219987 -0.0122645
v 0.0163848 0.240137 0.137203
vn 0.00170101 0.024535 0.00634825
v -0.0129285 0.203804 0.18903
vn 0.0063486 0.0219987 0.0109961
v -0.0119809 0.202697 0.188491
vn 0.0032861 0.024535 0.00569168
v -0.0119809 0.202697 0.188491
vn -0.0032861 -0.024535 -0.00569168
v -0.0129285 0.203804 0.18903
vn -0.0063486 -0.0219987 -0.0109961
v 0.0163848 0.240137 0.137203
vn -0.00170101 -0.024535 -0.00634825
v 0.0168556 0.238737 0.136715
vn -3.10642e-05 0.0253997 -0.0001159
v -0.0119809 0.202697 0.188491
vn 0.0032861 0.024535 0.00569168
v -0.0113465 0.201516 0.187707
vn -5.99948e-05 0.0253997 -0.000103911
v -0.0113465 0.201516 0.187707
vn 5.99948e-05 -0.0253997 0.000103911
v -0.0119809 0.202697 0.188491
vn -0.0032861 -0.024535 -0.00569168
v 0.0168556 0.238737 0.136715
vn 3.10642e-05 -0.0253997 0.0001159
v 0.0169492 0.237442 0.136074
vn -3.10642e-05 0.0253997 -0.0001159
v -0.0113465 0.201516 0.187707
vn -5.99948e-05 0.0253997 -0.000103911
v -0.0110998 0.200419 0.186789
vn -5.99948e-05 0.0253997 -0.000103911
v -0.0110998 0.200419 0.186789
vn 5.99948e-05 -0.0253997 0.000103911
v -0.0113465 0.201516 0.187707
vn 5.99948e-05 -0.0253997 0.000103911
v 0.0169492 0.237442 0.136074
vn 3.10642e-05 -0.0253997 0.0001159
v 0.0169692 0.237345 0.136034
vn -0.00170101 0.024535 -0.00634825
v -0.0110792 0.200379 0.186762
vn 0 0.0254 0
v -0.0110691 0.20034 0.18673
vn -0.0032861 0.024535 -0.00569168
v -0.0110691 0.20034 0.18673
vn 0.0032861 -0.024535 0.00569168
v -0.0110792 0.200379 0.186762
vn 0 -0.0254 0
v 0.0169692 0.237345 0.136034
vn 0.00170101 -0.024535 0.00634825
v 0.0169642 0.237394 0.136057
vn 0 0.0254 0
v -0.0110998 0.200419 0.186789
vn -5.99948e-05 0.0253997 -0.000103911
v -0.0110792 0.200379 0.186762
vn 0 0.0254 0
v -0.0110792 0.200379 0.186762
vn 0 -0.0254 0
v -0.0110998 0.200419 0.186789
vn 5.99948e-05 -0.0253997 0.000103911
v 0.0169642 0.237394 0.136057
vn 0 -0.0254 0
v 0.0145238 0.242577 0.137482
vn 0.00464784 0.0179631 0.017346
v 0.0145238 0.242577 0.137482
vn -0.00464784 -0.0179631 -0.017346
v 0.0425538 -0.263298 0.0487085
vn -0.00170101 -0.024535 0.00634825
v 0.0425538 -0.263298 0.0487085
vn 0.00170101 0.024535 -0.00634825
v 0.075253 -0.260212 -0.0116809
vn 0 -0.024535 0.0065722
v 0.106696 -0.239506 -0.0692065
vn 0 -0.0254 0
v 0.0752497 -0.260264 -0.0116932
vn 0 -0.0254 0
v 0.0752497 -0.260264 -0.0116932
vn 0 0.0254 0
v 0.106696 -0.239506 -0.0692065
vn 0 0.0254 0
v 0.075253 -0.260212 -0.0116809
vn 0 0.024535 -0.0065722
v 0.106693 -0.239457 -0.0691823
vn 0.00170101 -0.024535 0.00634825
v 0.106693 -0.239457 -0.0691823
vn -0.00170101 0.024535 -0.00634825
v 0.0425538 -0.263298 0.0487085
vn -0.00170101 -0.024535 0.00634825
v 0.0425538 -0.263298 0.0487085
vn 0.00170101 0.024535 -0.00634825
v -0.016846 -0.215681 0.16134
vn -0.00897827 -0.0219987 0.00897827
v 0.0126445 -0.246023 0.107821
vn -0.00897895 -0.0179631 0.015552
v 0.0115966 -0.247169 0.107732
vn -0.0063486 -0.0219987 0.0109961
v 0.0115966 -0.247169 0.107732
vn 0.0063486 0.0219987 -0.0109961
v 0.0126445 -0.246023 0.107821
vn 0.00897895 0.0179631 -0.015552
v -0.016846 -0.215681 0.16134
vn 0.00897827 0.0219987 -0.00897827
v 0.0115966 -0.247169 0.107732
vn -0.0063486 -0.0219987 0.0109961
v 0.0440532 -0.260665 0.049259
vn -0.00464784 -0.0179631 0.017346
v 0.0431536 -0.261878 0.0488931
vn -0.00328628 -0.0219987 0.0122645
v 0.0431536 -0.261878 0.0488931
vn 0.00328628 0.0219987 -0.0122645
v 0.0440532 -0.260665 0.049259
vn 0.00464784 0.0179631 -0.017346
v 0.0115966 -0.247169 0.107732
vn 0.0063486 0.0219987 -0.0109961
v 0.173336 -0.0907218 -0.187777
vn 0 0.0254 0
v 0.134828 -0.201362 -0.118775
vn 0.0063486 -0.0219987 0.0109961
v 0.157456 -0.151715 -0.160313
vn 0.00464723 -0.024535 0.00464723
v 0.134731 -0.202452 -0.119878
vn 0.0032861 -0.024535 0.00569168
v 0.134731 -0.202452 -0.119878
vn -0.0032861 0.024535 -0.00569168
v 0.157456 -0.151715 -0.160313
vn -0.00464723 0.024535 -0.00464723
v 0.134828 -0.201362 -0.118775
vn -0.0063486 0.0219987 -0.0109961
v 0.157456 -0.151715 -0.160313
vn 0.00464723 -0.024535 0.00464723
v 0.157456 -0.151715 -0.160313
vn -0.00464723 0.024535 -0.00464723
v 0.106943 -0.238167 -0.0683559
vn 0.00328628 -0.0219987 0.0122645
v 0.134731 -0.202452 -0.119878
vn 0.0032861 -0.024535 0.00569168
v 0.106693 -0.239457 -0.0691823
vn 0.00170101 -0.024535 0.00634825
v 0.106693 -0.239457 -0.0691823
vn -0.00170101 0.024535 -0.00634825
v 0.134731 -0.202452 -0.119878
vn -0.0032861 0.024535 -0.00569168
v 0.106943 -0.238167 -0.0683559
vn -0.00328628 0.0219987 -0.0122645
v -0.0581282 -0.112554 0.239712
vn -0.00634825 -0.024535 0.00170101
v -0.0402365 -0.169562 0.206064
vn -0.0109961 -0.0219987 0.0063486
v -0.0412934 -0.170478 0.206741
vn -0.00569168 -0.024535 0.0032861
v -0.0412934 -0.170478 0.206741
vn 0.00569168 0.024535 -0.0032861
v -0.0402365 -0.169562 0.206064
vn 0.0109961 0.0219987 -0.0063486
v -0.0581282 -0.112554 0.239712
vn 0.00634825 0.024535 -0.00170101
v -0.0402365 -0.169562 0.206064
vn -0.0109961 -0.0219987 0.0063486
v -0.0165798 -0.215457 0.161304
vn -0.0109337 -0.0201512 0.0109337
v -0.016846 -0.215681 0.16134
vn -0.00897827 -0.0219987 0.00897827
v -0.016846 -0.215681 0.16134
vn 0.00897827 0.0219987 -0.00897827
v -0.0165798 -0.215457 0.161304
vn 0.0109337 0.0201512 -0.0109337
v -0.0402365 -0.169562 0.206064
vn 0.0109961 0.0219987 -0.0063486
v 0.110409 0.253312 -0.0451565
vn -0.012267 0.00657578 0.0212471
v 0.110409 0.253312 -0.0451565
vn 0.012267 -0.00657578 -0.0212471
v 0.111566 0.252732 -0.0442997
vn -0.0109977 0.0127028 0.0190486
v 0.111566 0.252732 -0.0442997
vn 0.0109977 -0.0127028 -0.0190486
v 0.112486 0.251824 -0.0434361
vn -0.00897895 0.0179631 0.015552
v 0.112486 0.251824 -0.0434361
vn 0.00897895 -0.0179631 -0.015552
v 0.112486 0.251824 -0.0434361
vn -0.00897895 0.0179631 0.015552
v 0.112486 0.251824 -0.0434361
vn 0.00897895 -0.0179631 -0.015552
v 0.113104 0.250651 -0.0426249
vn -0.0063486 0.0219987 0.0109961
v 0.113104 0.250651 -0.0426249
vn 0.0063486 -0.0219987 -0.0109961
v 0.113376 0.249293 -0.0419214
vn -0.0032861 0.024535 0.00569168
v 0.113376 0.249293 -0.0419214
vn 0.0032861 -0.024535 -0.00569168
v 0.112856 0.246495 -0.0410493
vn 5.99948e-05 0.0253997 -0.000103911
v 0.142052 0.215997 -0.0955911
vn 8.48614e-05 0.0253997 -8.48614e-05
v 0.113285 0.247843 -0.0413735
vn 5.99948e-05 0.0253997 -0.000103911
v 0.113285 0.247843 -0.0413735
vn -5.99948e-05 -0.0253997 0.000103911
v 0.142052 0.215997 -0.0955911
vn -8.48614e-05 -0.0253997 8.48614e-05
v 0.112856 0.246495 -0.0410493
vn -5.99948e-05 -0.0253997 0.000103911
v 0.190845 0.0449334 -0.19168
vn 0.00011999 0.0253997 0
v 0.190845 0.0449334 -0.19168
vn -0.00011999 -0.0253997 0
v 0.181837 0.110487 -0.172946
vn 0.0001159 0.0253997 -3.10642e-05
v 0.181837 0.110487 -0.172946
vn -0.0001159 -0.0253997 3.10642e-05
v 0.164994 0.168433 -0.139959
vn 0.000103911 0.0253997 -5.99948e-05
v 0.164994 0.168433 -0.139959
vn -0.000103911 -0.0253997 5.99948e-05
v 0.141467 0.214823 -0.0949731
vn 8.48614e-05 0.0253997 -8.48614e-05
v 0.141467 0.214823 -0.0949731
vn -8.48614e-05 -0.0253997 8.48614e-05
v 0.190826 0.0449242 -0.191632
vn 0 0.0254 0
v 0.190826 0.0449242 -0.191632
vn 0 -0.0254 0
v 0.190826 0.0449242 -0.191632
vn 0 0.0254 0
v 0.191356 -0.0237512 -0.194794
vn 0.00634825 0.024535 0.00170101
v 0.191386 -0.0237559 -0.194839
vn 0 0.0254 0
v 0.191386 -0.0237559 -0.194839
vn 0 -0.0254 0
v 0.191356 -0.0237512 -0.194794
vn -0.00634825 -0.024535 -0.00170101
v 0.190826 0.0449242 -0.191632
vn 0 -0.0254 0
v 0.143898 -0.201517 -0.113872
vn 0.0063486 0.0219987 0.0109961
v 0.114946 -0.237192 -0.0634359
vn 0.00464784 0.0179631 0.017346
v 0.116013 -0.238321 -0.063453
vn 0.00328628 0.0219987 0.0122645
v 0.116013 -0.238321 -0.063453
vn -0.00328628 -0.0219987 -0.0122645
v 0.114946 -0.237192 -0.0634359
vn -0.00464784 -0.0179631 -0.017346
v 0.143898 -0.201517 -0.113872
vn -0.0063486 -0.0219987 -0.0109961
v 0.190155 -0.0236194 -0.193818
vn 0.0122645 0.0219987 0.00328628
v 0.190155 -0.0236194 -0.193818
vn -0.0122645 -0.0219987 -0.00328628
v 0.180898 -0.0899448 -0.180781
vn 0.015552 0.0179631 0.00897895
v 0.180898 -0.0899448 -0.180781
vn -0.015552 -0.0179631 -0.00897895
v 0.165195 -0.150336 -0.153642
vn 0.0126981 0.0179631 0.0126981
v 0.165195 -0.150336 -0.153642
vn -0.0126981 -0.0179631 -0.0126981
v 0.1427 -0.200558 -0.113617
vn 0.00897895 0.0179631 0.015552
v 0.1427 -0.200558 -0.113617
vn -0.00897895 -0.0179631 -0.015552
v 0.107697 0.253358 -0.0466225
vn -0.012267 -0.00657578 0.0212471
v 0.107697 0.253358 -0.0466225
vn 0.012267 0.00657578 -0.0212471
v 0.106332 0.252821 -0.0471294
vn -0.0109977 -0.0127028 0.0190486
v 0.106332 0.252821 -0.0471294
vn 0.0109977 0.0127028 -0.0190486
v 0.181292 -0.023587 -0.200356
vn 0.000150622 -0.0253995 4.03606e-05
v 0.181292 -0.023587 -0.200356
vn -0.000150622 0.0253995 -4.03606e-05
v 0.181673 -0.0236795 -0.201401
vn 0.00335173 -0.0251619 0.000898093
v 0.18073 0.0451062 -0.197148
vn 0.000155956 -0.0253995 0
v 0.181109 0.0453016 -0.198178
vn 0.00346997 -0.0251619 0
v 0.181109 0.0453016 -0.198178
vn -0.00346997 0.0251619 0
v 0.18073 0.0451062 -0.197148
vn -0.000155956 0.0253995 0
v 0.181673 -0.0236795 -0.201401
vn -0.00335173 0.0251619 -0.000898093
v 0.181109 0.0453016 -0.198178
vn 0.00346997 -0.0251619 0
v 0.171722 0.110659 -0.178413
vn 0.000150622 -0.0253995 -4.03606e-05
v 0.172064 0.11113 -0.179366
vn 0.00335173 -0.0251619 -0.000898093
v 0.172064 0.11113 -0.179366
vn -0.00335173 0.0251619 0.000898093
v 0.171722 0.110659 -0.178413
vn -0.000150622 0.0253995 4.03606e-05
v 0.181109 0.0453016 -0.198178
vn -0.00346997 0.0251619 0
v 0.172064 0.11113 -0.179366
vn 0.00335173 -0.0251619 -0.000898093
v 0.15488 0.168606 -0.145427
vn 0.000135052 -0.0253995 -7.7978e-05
v 0.155151 0.169319 -0.146243
vn 0.00300507 -0.0251619 -0.00173497
v 0.155151 0.169319 -0.146243
vn -0.00300507 0.0251619 0.00173497
v 0.15488 0.168606 -0.145427
vn -0.000135052 0.0253995 7.7978e-05
v 0.172064 0.11113 -0.179366
vn -0.00335173 0.0251619 0.000898093
v 0.155151 0.169319 -0.146243
vn 0.00300507 -0.0251619 -0.00173497
v 0.131352 0.214996 -0.100441
vn 0.000110261 -0.0253995 -0.000110261
v 0.131524 0.215904 -0.101067
vn 0.00245364 -0.0251619 -0.00245364
v 0.131524 0.215904 -0.101067
vn -0.00245364 0.0251619 0.00245364
v 0.131352 0.214996 -0.100441
vn -0.000110261 0.0253995 0.000110261
v 0.155151 0.169319 -0.146243
vn -0.00300507 0.0251619 0.00173497
v 0.104034 0.250806 -0.0475278
vn -0.0063486 -0.0219987 0.0109961
v 0.134306 0.2196 -0.102518
vn -0.0126981 -0.0179631 0.0126981
v 0.133123 0.218604 -0.102354
vn -0.00897827 -0.0219987 0.00897827
v 0.133123 0.218604 -0.102354
vn 0.00897827 0.0219987 -0.00897827
v 0.134306 0.2196 -0.102518
vn 0.0126981 0.0179631 -0.0126981
v 0.104034 0.250806 -0.0475278
vn 0.0063486 0.0219987 -0.0109961
v 0.103261 0.249466 -0.0473892
vn -0.0032861 -0.024535 0.00569168
v 0.133123 0.218604 -0.102354
vn -0.00897827 -0.0219987 0.00897827
v 0.132194 0.217434 -0.101921
vn -0.00464723 -0.024535 0.00464723
v 0.132194 0.217434 -0.101921
vn 0.00464723 0.024535 -0.00464723
v 0.133123 0.218604 -0.102354
vn 0.00897827 0.0219987 -0.00897827
v 0.103261 0.249466 -0.0473892
vn 0.0032861 0.024535 -0.00569168
v 0.102814 0.248022 -0.0470343
vn 0 -0.0254 0
v 0.132194 0.217434 -0.101921
vn -0.00464723 -0.024535 0.00464723
v 0.13158 0.216176 -0.101252
vn 0 -0.0254 0
v 0.13158 0.216176 -0.101252
vn 0 0.0254 0
v 0.132194 0.217434 -0.101921
vn 0.00464723 0.024535 -0.00464723
v 0.102814 0.248022 -0.0470343
vn 0 0.0254 0
v 0.102794 0.247709 -0.0469165
vn 0.00173497 -0.0251619 -0.00300507
v 0.13158 0.216176 -0.101252
vn 0 -0.0254 0
v 0.131524 0.215904 -0.101067
vn 0.00245364 -0.0251619 -0.00245364
v 0.131524 0.215904 -0.101067
vn -0.00245364 0.0251619 0.00245364
v 0.13158 0.216176 -0.101252
vn 0 0.0254 0
v 0.102794 0.247709 -0.0469165
vn -0.00173497 0.0251619 0.00300507
v 0.105082 0.251951 -0.0474384
vn -0.00897895 -0.0179631 0.015552
v 0.105082 0.251951 -0.0474384
vn 0.00897895 0.0179631 -0.015552
v 0.114946 -0.237192 -0.0634359
vn 0.00464784 0.0179631 0.017346
v 0.0826738 -0.256786 -0.00695059
vn 0 0.0127028 0.0219954
v 0.0838245 -0.257733 -0.00651619
vn 0 0.0179631 0.0179579
v 0.0838245 -0.257733 -0.00651619
vn 0 -0.0179631 -0.0179579
v 0.0826738 -0.256786 -0.00695059
vn 0 -0.0127028 -0.0219954
v 0.114946 -0.237192 -0.0634359
vn -0.00464784 -0.0179631 -0.017346
v 0.0191285 -0.245242 0.11096
vn -0.0109977 0.0127028 0.0190486
v -0.0101703 -0.213508 0.163144
vn -0.0173482 0.00657578 0.0173482
v -0.00907753 -0.214017 0.164122
vn -0.0155531 0.0127028 0.0155531
v -0.00907753 -0.214017 0.164122
vn 0.0155531 -0.0127028 -0.0155531
v -0.0101703 -0.213508 0.163144
vn 0.0173482 -0.00657578 -0.0173482
v 0.0191285 -0.245242 0.11096
vn 0.0109977 -0.0127028 -0.0190486
v -0.0322726 -0.168282 0.208473
vn -0.0190486 0.0127028 0.0109977
v -0.0322726 -0.168282 0.208473
vn 0.0190486 -0.0127028 -0.0109977
v 0.0504232 -0.259829 0.0526104
vn -0.00569285 0.0127028 0.021246
v 0.0179714 -0.244663 0.110103
vn -0.012267 0.00657578 0.0212471
v 0.0191285 -0.245242 0.11096
vn -0.0109977 0.0127028 0.0190486
v 0.0191285 -0.245242 0.11096
vn 0.0109977 -0.0127028 -0.0190486
v 0.0179714 -0.244663 0.110103
vn 0.012267 -0.00657578 -0.0212471
v 0.0504232 -0.259829 0.0526104
vn 0.00569285 -0.0127028 -0.021246
v 0.0826738 -0.256786 -0.00695059
vn 0 0.0127028 0.0219954
v 0.049194 -0.259215 0.0518877
vn -0.00634987 0.00657578 0.0236981
v 0.0504232 -0.259829 0.0526104
vn -0.00569285 0.0127028 0.021246
v 0.0504232 -0.259829 0.0526104
vn 0.00569285 -0.0127028 -0.021246
v 0.049194 -0.259215 0.0518877
vn 0.00634987 -0.00657578 -0.0236981
v 0.0826738 -0.256786 -0.00695059
vn 0 -0.0127028 -0.0219954
v 0.0118857 0.244012 0.136798
vn 0.00634987 0.00657578 0.0236981
v 0.0428255 0.265561 0.0770036
vn 0 -0 0.0254
v 0.0104913 0.244218 0.136141
vn 0.006574 -0 0.0245345
v 0.0104913 0.244218 0.136141
vn -0.006574 0 -0.0245345
v 0.0428255 0.265561 0.0770036
vn 0 0 -0.0254
v 0.0118857 0.244012 0.136798
vn -0.00634987 -0.00657578 -0.0236981
v 0.0428255 0.265561 0.0770036
vn 0 -0 0.0254
v 0.00917397 0.244058 0.135332
vn 0.00634987 -0.00657578 0.0236981
v 0.0104913 0.244218 0.136141
vn 0.006574 -0 0.0245345
v 0.0104913 0.244218 0.136141
vn -0.006574 0 -0.0245345
v 0.00917397 0.244058 0.135332
vn -0.00634987 0.00657578 -0.0236981
v 0.0428255 0.265561 0.0770036
vn 0 0 -0.0254
v 0.0414843 0.265386 0.0762384
vn -0 -0.00657578 0.024534
v 0.00802546 0.243541 0.134425
vn 0.00569285 -0.0127028 0.021246
v 0.00917397 0.244058 0.135332
vn 0.00634987 -0.00657578 0.0236981
v 0.00917397 0.244058 0.135332
vn -0.00634987 0.00657578 -0.0236981
v 0.00802546 0.243541 0.134425
vn -0.00569285 0.0127028 -0.021246
v 0.0414843 0.265386 0.0762384
vn 0 0.00657578 -0.024534
v 0.0402646 0.264823 0.0754609
vn -0 -0.0127028 0.0219954
v 0.00712028 0.242703 0.133479
vn 0.00464784 -0.0179631 0.017346
v 0.00802546 0.243541 0.134425
vn 0.00569285 -0.0127028 0.021246
v 0.00802546 0.243541 0.134425
vn -0.00569285 0.0127028 -0.021246
v 0.00712028 0.242703 0.133479
vn -0.00464784 0.0179631 -0.017346
v 0.0402646 0.264823 0.0754609
vn 0 0.0127028 -0.0219954
v 0.00712028 0.242703 0.133479
vn 0.00464784 -0.0179631 0.017346
v 0.0385001 0.26271 0.0740737
vn 0 -0.0219987 0.0126972
v 0.00652099 0.241601 0.132562
vn 0.00328628 -0.0219987 0.0122645
v 0.00652099 0.241601 0.132562
vn -0.00328628 0.0219987 -0.0122645
v 0.0385001 0.26271 0.0740737
vn 0 0.0219987 -0.0126972
v 0.00712028 0.242703 0.133479
vn -0.00464784 0.0179631 -0.017346
v 0.00652099 0.241601 0.132562
vn 0.00328628 -0.0219987 0.0122645
v 0.0380783 0.261305 0.0735602
vn 0 -0.024535 0.0065722
v 0.00627042 0.240309 0.131735
vn 0.00170101 -0.024535 0.00634825
v 0.00627042 0.240309 0.131735
vn -0.00170101 0.024535 -0.00634825
v 0.0380783 0.261305 0.0735602
vn 0 0.024535 -0.0065722
v 0.00652099 0.241601 0.132562
vn -0.00328628 0.0219987 -0.0122645
v 0.00627042 0.240309 0.131735
vn 0.00170101 -0.024535 0.00634825
v 0.0380079 0.259791 0.0732157
vn 0 -0.0254 0
v 0.0063841 0.238916 0.131054
vn 0 -0.0254 0
v 0.0063841 0.238916 0.131054
vn 0 0.0254 0
v 0.0380079 0.259791 0.0732157
vn 0 0.0254 0
v 0.00627042 0.240309 0.131735
vn -0.00170101 0.024535 -0.00634825
v 0.0063841 0.238916 0.131054
vn 0 -0.0254 0
v 0.0380689 0.259466 0.073183
vn 0 -0.0251619 -0.00346997
v 0.00648471 0.238618 0.130949
vn -0.000898093 -0.0251619 -0.00335173
v 0.00648471 0.238618 0.130949
vn 0.000898093 0.0251619 0.00335173
v 0.0380689 0.259466 0.073183
vn 0 0.0251619 0.00346997
v 0.0063841 0.238916 0.131054
vn 0 0.0254 0
v -0.067183 -0.0470453 0.258531
vn -0.000155956 -0.0253995 0
v -0.067183 -0.0470453 0.258531
vn 0.000155956 0.0253995 0
v -0.0677441 0.0216478 0.261739
vn -0.000150622 -0.0253995 -4.03606e-05
v -0.0677441 0.0216478 0.261739
vn 0.000150622 0.0253995 4.03606e-05
v -0.0598187 0.0888004 0.2492
vn -0.000135052 -0.0253995 -7.7978e-05
v -0.0598187 0.0888004 0.2492
vn 0.000135052 0.0253995 7.7978e-05
v -0.0439489 0.149835 0.221773
vn -0.000110261 -0.0253995 -0.000110261
v -0.0439489 0.149835 0.221773
vn 0.000110261 0.0253995 0.000110261
v -0.0212142 0.200592 0.181321
vn -7.7978e-05 -0.0253995 -0.000135052
v -0.0212142 0.200592 0.181321
vn 7.7978e-05 0.0253995 0.000135052
v 0.00648471 0.238618 0.130949
vn -0.000898093 -0.0251619 -0.00335173
v 0.0382871 0.258377 0.0730815
vn 0 -0.0253995 -0.000155956
v 0.00683488 0.237615 0.130606
vn -4.03606e-05 -0.0253995 -0.000150622
v 0.00683488 0.237615 0.130606
vn 4.03606e-05 0.0253995 0.000150622
v 0.0382871 0.258377 0.0730815
vn 0 0.0253995 0.000155956
v 0.00648471 0.238618 0.130949
vn 0.000898093 0.0251619 0.00335173
v 0.0132599 0.243451 0.137254
vn 0.00569285 0.0127028 0.021246
v 0.044196 0.265339 0.0777043
vn 0 0.00657578 0.024534
v 0.0118857 0.244012 0.136798
vn 0.00634987 0.00657578 0.0236981
v 0.0118857 0.244012 0.136798
vn -0.00634987 -0.00657578 -0.0236981
v 0.044196 0.265339 0.0777043
vn 0 -0.00657578 -0.024534
v 0.0132599 0.243451 0.137254
vn -0.00569285 -0.0127028 -0.021246
v -0.0671656 -0.0470361 0.258482
vn 0 -0.0254 0
v -0.0671656 -0.0470361 0.258482
vn 0 0.0254 0
v -0.0671656 -0.0470361 0.258482
vn 0 -0.0254 0
v -0.0581282 -0.112554 0.239712
vn -0.00634825 -0.024535 0.00170101
v -0.0581588 -0.112577 0.239751
vn 0 -0.0254 0
v -0.0581588 -0.112577 0.239751
vn 0 0.0254 0
v -0.0581282 -0.112554 0.239712
vn 0.00634825 0.024535 -0.00170101
v -0.0671656 -0.0470361 0.258482
vn 0 0.0254 0
v -0.0482056 -0.111574 0.24233
vn -0.017346 0.0179631 0.00464784
v -0.0482056 -0.111574 0.24233
vn 0.017346 -0.0179631 -0.00464784
v -0.0479102 -0.11211 0.243759
vn -0.0122645 0.0219987 0.00328628
v -0.0571183 -0.0467096 0.260866
vn -0.0179579 0.0179631 0
v -0.056866 -0.0469396 0.262384
vn -0.0126972 0.0219987 0
v -0.056866 -0.0469396 0.262384
vn 0.0126972 -0.0219987 -0
v -0.0571183 -0.0467096 0.260866
vn 0.0179579 -0.0179631 0
v -0.0479102 -0.11211 0.243759
vn 0.0122645 -0.0219987 -0.00328628
v -0.0574237 0.0213526 0.265573
vn -0.0122645 0.0219987 -0.00328628
v -0.0570192 -0.0471997 0.263908
vn -0.0065722 0.024535 0
v -0.056866 -0.0469396 0.262384
vn -0.0126972 0.0219987 0
v -0.056866 -0.0469396 0.262384
vn 0.0126972 -0.0219987 -0
v -0.0570192 -0.0471997 0.263908
vn 0.0065722 -0.024535 0
v -0.0574237 0.0213526 0.265573
vn 0.0122645 -0.0219987 0.00328628
v -0.0575794 0.0214665 0.267114
vn -0.00634825 0.024535 -0.00170101
v -0.0575794 0.0214665 0.267114
vn 0.00634825 -0.024535 0.00170101
v -0.0575794 0.0214665 0.267114
vn -0.00634825 0.024535 -0.00170101
v -0.0495455 0.0881117 0.253109
vn -0.0109961 0.0219987 -0.0063486
v -0.0496583 0.0885922 0.254582
vn -0.00569168 0.024535 -0.0032861
v -0.0496583 0.0885922 0.254582
vn 0.00569168 -0.024535 0.0032861
v -0.0495455 0.0881117 0.253109
vn 0.0109961 -0.0219987 0.0063486
v -0.0575794 0.0214665 0.267114
vn 0.00634825 -0.024535 0.00170101
v 0.0167185 0.236055 0.135207
vn -0.00328628 0.0219987 -0.0122645
v -0.0110691 0.20034 0.18673
vn -0.0032861 0.024535 -0.00569168
v -0.0111665 0.19925 0.185626
vn -0.0063486 0.0219987 -0.0109961
v -0.0111665 0.19925 0.185626
vn 0.0063486 -0.0219987 0.0109961
v -0.0110691 0.20034 0.18673
vn 0.0032861 -0.024535 0.00569168
v 0.0167185 0.236055 0.135207
vn 0.00328628 -0.0219987 0.0122645
v -0.0495455 0.0881117 0.253109
vn -0.0109961 0.0219987 -0.0063486
v -0.0341296 0.148098 0.224496
vn -0.0126981 0.0179631 -0.0126981
v -0.0337676 0.148789 0.22584
vn -0.00897827 0.0219987 -0.00897827
v -0.0337676 0.148789 0.22584
vn 0.00897827 -0.0219987 0.00897827
v -0.0341296 0.148098 0.224496
vn 0.0126981 -0.0179631 0.0126981
v -0.0495455 0.0881117 0.253109
vn 0.0109961 -0.0219987 0.0063486
v -0.0337676 0.148789 0.22584
vn -0.00897827 0.0219987 -0.00897827
v -0.0116346 0.198321 0.184471
vn -0.00897895 0.0179631 -0.015552
v -0.0111665 0.19925 0.185626
vn -0.0063486 0.0219987 -0.0109961
v -0.0111665 0.19925 0.185626
vn 0.0063486 -0.0219987 0.0109961
v -0.0116346 0.198321 0.184471
vn 0.00897895 -0.0179631 0.015552
v -0.0337676 0.148789 0.22584
vn 0.00897827 -0.0219987 0.00897827
v 0.0145238 0.242577 0.137482
vn 0.00464784 0.0179631 0.017346
v 0.0145238 0.242577 0.137482
vn -0.00464784 -0.0179631 -0.017346
v 0.0155904 0.241446 0.137465
vn 0.00328628 0.0219987 0.0122645
v 0.0155904 0.241446 0.137465
vn -0.00328628 -0.0219987 -0.0122645
v 0.0163848 0.240137 0.137203
vn 0.00170101 0.024535 0.00634825
v 0.0163848 0.240137 0.137203
vn -0.00170101 -0.024535 -0.00634825
v 0.0168556 0.238737 0.136715
vn -3.10642e-05 0.0253997 -0.0001159
v 0.0168556 0.238737 0.136715
vn 3.10642e-05 -0.0253997 0.0001159
v 0.0169492 0.237442 0.136074
vn -3.10642e-05 0.0253997 -0.0001159
v 0.0169492 0.237442 0.136074
vn 3.10642e-05 -0.0253997 0.0001159
v 0.0169642 0.237394 0.136057
vn 0 0.0254 0
v 0.0169642 0.237394 0.136057
vn 0 -0.0254 0
v 0.0169692 0.237345 0.136034
vn -0.00170101 0.024535 -0.00634825
v 0.0169692 0.237345 0.136034
vn 0.00170101 -0.024535 0.00634825
v 0.0145238 0.242577 0.137482
vn 0.00464784 0.0179631 0.017346
v 0.0454991 0.264733 0.0782906
vn 0 0.0127028 0.0219954
v 0.0132599 0.243451 0.137254
vn 0.00569285 0.0127028 0.021246
v 0.0132599 0.243451 0.137254
vn -0.00569285 -0.0127028 -0.021246
v 0.0454991 0.264733 0.0782906
vn 0 -0.0127028 -0.0219954
v 0.0145238 0.242577 0.137482
vn -0.00464784 -0.0179631 -0.017346
v 0.0425538 -0.263298 0.0487085
vn -0.00170101 -0.024535 0.00634825
v 0.0756747 -0.258808 -0.0111674
vn 0 -0.0219987 0.0126972
v 0.075253 -0.260212 -0.0116809
vn 0 -0.024535 0.0065722
v 0.075253 -0.260212 -0.0116809
vn 0 0.024535 -0.0065722
v 0.0756747 -0.258808 -0.0111674
vn 0 0.0219987 -0.0126972
v 0.0425538 -0.263298 0.0487085
vn 0.00170101 0.024535 -0.00634825
v 0.0756747 -0.258808 -0.0111674
vn 0 -0.0219987 0.0126972
v 0.106693 -0.239457 -0.0691823
vn 0.00170101 -0.024535 0.00634825
v 0.075253 -0.260212 -0.0116809
vn 0 -0.024535 0.0065722
v 0.075253 -0.260212 -0.0116809
vn 0 0.024535 -0.0065722
v 0.106693 -0.239457 -0.0691823
vn -0.00170101 0.024535 -0.00634825
v 0.0756747 -0.258808 -0.0111674
vn 0 0.0219987 -0.0126972
v 0.0431536 -0.261878 0.0488931
vn -0.00328628 -0.0219987 0.0122645
v 0.0431536 -0.261878 0.0488931
vn 0.00328628 0.0219987 -0.0122645
v -0.0165798 -0.215457 0.161304
vn -0.0109337 -0.0201512 0.0109337
v -0.0165798 -0.215457 0.161304
vn 0.0109337 0.0201512 -0.0109337
v 0.0118334 -0.246911 0.107752
vn -0.00773128 -0.0201512 0.013391
v 0.0118334 -0.246911 0.107752
vn 0.00773128 0.0201512 -0.013391
v 0.0118334 -0.246911 0.107752
vn -0.00773128 -0.0201512 0.013391
v 0.0118334 -0.246911 0.107752
vn 0.00773128 0.0201512 -0.013391
v 0.0433569 -0.261605 0.0489757
vn -0.004002 -0.0201512 0.0149357
v 0.0433569 -0.261605 0.0489757
vn 0.004002 0.0201512 -0.0149357
v 0.173366 -0.0907396 -0.187817
vn -0.000135052 0.0253995 -7.7978e-05
v 0.181292 -0.023587 -0.200356
vn -0.000150622 0.0253995 -4.03606e-05
v 0.173336 -0.0907218 -0.187777
vn 0 0.0254 0
v 0.17332 -0.0907042 -0.18773
vn -0.00569168 0.024535 -0.0032861
v 0.157456 -0.151715 -0.160313
vn -0.00464723 0.024535 -0.00464723
v 0.173336 -0.0907218 -0.187777
vn 0 0.0254 0
v 0.173336 -0.0907218 -0.187777
vn 0 -0.0254 0
v 0.157429 -0.150901 -0.158988
vn 0.00897827 -0.0219987 0.00897827
v 0.157429 -0.150901 -0.158988
vn -0.00897827 0.0219987 -0.00897827
v 0.134828 -0.201362 -0.118775
vn 0.0063486 -0.0219987 0.0109961
v 0.134828 -0.201362 -0.118775
vn -0.0063486 0.0219987 -0.0109961
v 0.157456 -0.151715 -0.160313
vn 0.00464723 -0.024535 0.00464723
v 0.173336 -0.0907218 -0.187777
vn 0 -0.0254 0
v 0.157469 -0.151744 -0.160355
vn 0 -0.0254 0
v 0.157469 -0.151744 -0.160355
vn 0 0.0254 0
v 0.106943 -0.238167 -0.0683559
vn 0.00328628 -0.0219987 0.0122645
v 0.106943 -0.238167 -0.0683559
vn -0.00328628 0.0219987 -0.0122645
v -0.0569796 -0.111955 0.238856
vn -0.0122645 -0.0219987 0.00328628
v -0.0569796 -0.111955 0.238856
vn 0.0122645 0.0219987 -0.00328628
v -0.0156643 -0.214685 0.161177
vn -0.0126981 -0.0179631 0.0126981
v -0.0156643 -0.214685 0.161177
vn 0.0126981 0.0179631 -0.0126981
v 0.0764548 0.268737 0.0148965
vn -0.006574 0 0.0245345
v 0.110409 0.253312 -0.0451565
vn -0.012267 0.00657578 0.0212471
v 0.109088 0.253526 -0.0459488
vn -0.0127 0 0.021997
v 0.109088 0.253526 -0.0459488
vn 0.0127 0 -0.021997
v 0.110409 0.253312 -0.0451565
vn 0.012267 -0.00657578 -0.0212471
v 0.0764548 0.268737 0.0148965
vn 0.006574 0 -0.0245345
v 0.0778004 0.268513 0.0156433
vn -0.00634987 0.00657578 0.0236981
v 0.111566 0.252732 -0.0442997
vn -0.0109977 0.0127028 0.0190486
v 0.110409 0.253312 -0.0451565
vn -0.012267 0.00657578 0.0212471
v 0.110409 0.253312 -0.0451565
vn 0.012267 -0.00657578 -0.0212471
v 0.111566 0.252732 -0.0442997
vn 0.0109977 -0.0127028 -0.0190486
v 0.0778004 0.268513 0.0156433
vn 0.00634987 -0.00657578 -0.0236981
v 0.0790296 0.267899 0.0163659
vn -0.00569285 0.0127028 0.021246
v 0.112486 0.251824 -0.0434361
vn -0.00897895 0.0179631 0.015552
v 0.111566 0.252732 -0.0442997
vn -0.0109977 0.0127028 0.0190486
v 0.111566 0.252732 -0.0442997
vn 0.0109977 -0.0127028 -0.0190486
v 0.112486 0.251824 -0.0434361
vn 0.00897895 -0.0179631 -0.015552
v 0.0790296 0.267899 0.0163659
vn 0.00569285 -0.0127028 -0.021246
v 0.112486 0.251824 -0.0434361
vn -0.00897895 0.0179631 0.015552
v 0.0808293 0.265696 0.0175517
vn -0.00328628 0.0219987 0.0122645
v 0.113104 0.250651 -0.0426249
vn -0.0063486 0.0219987 0.0109961
v 0.113104 0.250651 -0.0426249
vn 0.0063486 -0.0219987 -0.0109961
v 0.0808293 0.265696 0.0175517
vn 0.00328628 -0.0219987 -0.0122645
v 0.112486 0.251824 -0.0434361
vn 0.00897895 -0.0179631 -0.015552
v 0.113104 0.250651 -0.0426249
vn -0.0063486 0.0219987 0.0109961
v 0.0812746 0.264257 0.0179318
vn -0.00170101 0.024535 0.00634825
v 0.113376 0.249293 -0.0419214
vn -0.0032861 0.024535 0.00569168
v 0.113376 0.249293 -0.0419214
vn 0.0032861 -0.024535 -0.00569168
v 0.0812746 0.264257 0.0179318
vn 0.00170101 -0.024535 -0.00634825
v 0.113104 0.250651 -0.0426249
vn 0.0063486 -0.0219987 -0.0109961
v 0.113376 0.249293 -0.0419214
vn -0.0032861 0.024535 0.00569168
v 0.0813699 0.262718 0.0181339
vn 3.10642e-05 0.0253997 -0.0001159
v 0.113285 0.247843 -0.0413735
vn 5.99948e-05 0.0253997 -0.000103911
v 0.113285 0.247843 -0.0413735
vn -5.99948e-05 -0.0253997 0.000103911
v 0.0813699 0.262718 0.0181339
vn -3.10642e-05 -0.0253997 0.0001159
v 0.113376 0.249293 -0.0419214
vn 0.0032861 -0.024535 -0.00569168
v 0.113285 0.247843 -0.0413735
vn 5.99948e-05 0.0253997 -0.000103911
v 0.0811135 0.261292 0.0181362
vn 3.10642e-05 0.0253997 -0.0001159
v 0.112856 0.246495 -0.0410493
vn 5.99948e-05 0.0253997 -0.000103911
v 0.112856 0.246495 -0.0410493
vn -5.99948e-05 -0.0253997 0.000103911
v 0.0811135 0.261292 0.0181362
vn -3.10642e-05 -0.0253997 0.0001159
v 0.113285 0.247843 -0.0413735
vn -5.99948e-05 -0.0253997 0.000103911
v 0.181819 0.110465 -0.172901
vn 0 0.0254 0
v 0.190845 0.0449334 -0.19168
vn 0.00011999 0.0253997 0
v 0.181837 0.110487 -0.172946
vn 0.0001159 0.0253997 -3.10642e-05
v 0.181837 0.110487 -0.172946
vn -0.0001159 -0.0253997 3.10642e-05
v 0.190845 0.0449334 -0.19168
vn -0.00011999 -0.0253997 0
v 0.181819 0.110465 -0.172901
vn 0 -0.0254 0
v 0.164994 0.168433 -0.139959
vn -0.000103911 -0.0253997 5.99948e-05
v 0.181837 0.110487 -0.172946
vn -0.0001159 -0.0253997 3.10642e-05
v 0.16498 0.168399 -0.139922
vn 0 -0.0254 0
v 0.141457 0.21478 -0.0949442
vn 0 0.0254 0
v 0.164994 0.168433 -0.139959
vn 0.000103911 0.0253997 -5.99948e-05
v 0.141467 0.214823 -0.0949731
vn 8.48614e-05 0.0253997 -8.48614e-05
v 0.16498 0.168399 -0.139922
vn 0 0.0254 0
v 0.141467 0.214823 -0.0949731
vn -8.48614e-05 -0.0253997 8.48614e-05
v 0.164994 0.168433 -0.139959
vn -0.000103911 -0.0253997 5.99948e-05
v 0.141457 0.21478 -0.0949442
vn 0 -0.0254 0
v 0.112853 0.246446 -0.0410312
vn 0 0.0254 0
v 0.141467 0.214823 -0.0949731
vn 8.48614e-05 0.0253997 -8.48614e-05
v 0.112856 0.246495 -0.0410493
vn 5.99948e-05 0.0253997 -0.000103911
v 0.141457 0.21478 -0.0949442
vn 0 0.0254 0
v 0.112856 0.246495 -0.0410493
vn -5.99948e-05 -0.0253997 0.000103911
v 0.141467 0.214823 -0.0949731
vn -8.48614e-05 -0.0253997 8.48614e-05
v 0.112853 0.246446 -0.0410312
vn 0 -0.0254 0
v 0.190826 0.0449242 -0.191632
vn 0 0.0254 0
v 0.190826 0.0449242 -0.191632
vn 0 -0.0254 0
v 0.190795 0.0449151 -0.191589
vn 0.0065722 0.024535 0
v 0.190795 0.0449151 -0.191589
vn -0.0065722 -0.024535 0
v 0.190795 0.0449151 -0.191589
vn 0.0065722 0.024535 0
v 0.190155 -0.0236194 -0.193818
vn 0.0122645 0.0219987 0.00328628
v 0.191356 -0.0237512 -0.194794
vn 0.00634825 0.024535 0.00170101
v 0.191356 -0.0237512 -0.194794
vn -0.00634825 -0.024535 -0.00170101
v 0.190155 -0.0236194 -0.193818
vn -0.0122645 -0.0219987 -0.00328628
v 0.190795 0.0449151 -0.191589
vn -0.0065722 -0.024535 0
v 0.190155 -0.0236194 -0.193818
vn 0.0122645 0.0219987 0.00328628
v 0.180898 -0.0899448 -0.180781
vn 0.015552 0.0179631 0.00897895
v 0.182277 -0.0903785 -0.181355
vn 0.0109961 0.0219987 0.0063486
v 0.182277 -0.0903785 -0.181355
vn -0.0109961 -0.0219987 -0.0063486
v 0.180898 -0.0899448 -0.180781
vn -0.015552 -0.0179631 -0.00897895
v 0.190155 -0.0236194 -0.193818
vn -0.0122645 -0.0219987 -0.00328628
v 0.179394 -0.0896039 -0.180583
vn 0.0190486 0.0127028 0.0109977
v 0.165195 -0.150336 -0.153642
vn 0.0126981 0.0179631 0.0126981
v 0.180898 -0.0899448 -0.180781
vn 0.015552 0.0179631 0.00897895
v 0.180898 -0.0899448 -0.180781
vn -0.015552 -0.0179631 -0.00897895
v 0.165195 -0.150336 -0.153642
vn -0.0126981 -0.0179631 -0.0126981
v 0.179394 -0.0896039 -0.180583
vn -0.0190486 -0.0127028 -0.0109977
v 0.163749 -0.149776 -0.153542
vn 0.0155531 0.0127028 0.0155531
v 0.1427 -0.200558 -0.113617
vn 0.00897895 0.0179631 0.015552
v 0.165195 -0.150336 -0.153642
vn 0.0126981 0.0179631 0.0126981
v 0.165195 -0.150336 -0.153642
vn -0.0126981 -0.0179631 -0.0126981
v 0.1427 -0.200558 -0.113617
vn -0.00897895 -0.0179631 -0.015552
v 0.163749 -0.149776 -0.153542
vn -0.0155531 -0.0127028 -0.0155531
v 0.141335 -0.199816 -0.113663
vn 0.0109977 0.0127028 0.0190486
v 0.114946 -0.237192 -0.0634359
vn 0.00464784 0.0179631 0.017346
v 0.1427 -0.200558 -0.113617
vn 0.00897895 0.0179631 0.015552
v 0.1427 -0.200558 -0.113617
vn -0.00897895 -0.0179631 -0.015552
v 0.114946 -0.237192 -0.0634359
vn -0.00464784 -0.0179631 -0.017346
v 0.141335 -0.199816 -0.113663
vn -0.0109977 -0.0127028 -0.0190486
v 0.107697 0.253358 -0.0466225
vn -0.012267 -0.00657578 0.0212471
v 0.0764548 0.268737 0.0148965
vn -0.006574 0 0.0245345
v 0.109088 0.253526 -0.0459488
vn -0.0127 0 0.021997
v 0.109088 0.253526 -0.0459488
vn 0.0127 0 -0.021997
v 0.0764548 0.268737 0.0148965
vn 0.006574 0 -0.0245345
v 0.107697 0.253358 -0.0466225
vn 0.012267 0.00657578 -0.0212471
v 0.106332 0.252821 -0.0471294
vn -0.0109977 -0.0127028 0.0190486
v 0.0750886 0.268559 0.0141774
vn -0.00634987 -0.00657578 0.0236981
v 0.107697 0.253358 -0.0466225
vn -0.012267 -0.00657578 0.0212471
v 0.107697 0.253358 -0.0466225
vn 0.012267 0.00657578 -0.0212471
v 0.0750886 0.268559 0.0141774
vn 0.00634987 0.00657578 -0.0236981
v 0.106332 0.252821 -0.0471294
vn 0.0109977 0.0127028 -0.0190486
v 0.181292 -0.023587 -0.200356
vn 0.000150622 -0.0253995 4.03606e-05
v 0.173336 -0.0907218 -0.187777
vn 0 -0.0254 0
v 0.18126 -0.023583 -0.200313
vn 0 -0.0254 0
v 0.173366 -0.0907396 -0.187817
vn 0.000135052 -0.0253995 7.7978e-05
v 0.18126 -0.023583 -0.200313
vn 0 0.0254 0
v 0.181292 -0.023587 -0.200356
vn 0.000150622 -0.0253995 4.03606e-05
v 0.181292 -0.023587 -0.200356
vn -0.000150622 0.0253995 -4.03606e-05
v 0.18073 0.0451062 -0.197148
vn 0.000155956 -0.0253995 0
v 0.18073 0.0451062 -0.197148
vn -0.000155956 0.0253995 0
v 0.171722 0.110659 -0.178413
vn 0.000150622 -0.0253995 -4.03606e-05
v 0.171722 0.110659 -0.178413
vn -0.000150622 0.0253995 4.03606e-05
v 0.15488 0.168606 -0.145427
vn 0.000135052 -0.0253995 -7.7978e-05
v 0.15488 0.168606 -0.145427
vn -0.000135052 0.0253995 7.7978e-05
v 0.102742 0.246667 -0.0465171
vn 7.7978e-05 -0.0253995 -0.000135052
v 0.131524 0.215904 -0.101067
vn 0.00245364 -0.0251619 -0.00245364
v 0.131352 0.214996 -0.100441
vn 0.000110261 -0.0253995 -0.000110261
v 0.131352 0.214996 -0.100441
vn -0.000110261 0.0253995 0.000110261
v 0.131524 0.215904 -0.101067
vn -0.00245364 0.0251619 0.00245364
v 0.102742 0.246667 -0.0465171
vn -7.7978e-05 0.0253995 0.000135052
v 0.105082 0.251951 -0.0474384
vn -0.00897895 -0.0179631 0.015552
v 0.105082 0.251951 -0.0474384
vn 0.00897895 0.0179631 -0.015552
v 0.104034 0.250806 -0.0475278
vn -0.0063486 -0.0219987 0.0109961
v 0.104034 0.250806 -0.0475278
vn 0.0063486 0.0219987 -0.0109961
v 0.103261 0.249466 -0.0473892
vn -0.0032861 -0.024535 0.00569168
v 0.103261 0.249466 -0.0473892
vn 0.0032861 0.024535 -0.00569168
v 0.102814 0.248022 -0.0470343
vn 0 -0.0254 0
v 0.102814 0.248022 -0.0470343
vn 0 0.0254 0
v 0.102794 0.247709 -0.0469165
vn 0.00173497 -0.0251619 -0.00300507
v 0.102794 0.247709 -0.0469165
vn -0.00173497 0.0251619 0.00300507
v 0.105082 0.251951 -0.0474384
vn -0.00897895 -0.0179631 0.015552
v 0.0737952 0.267988 0.0135361
vn -0.00569285 -0.0127028 0.021246
v 0.106332 0.252821 -0.0471294
vn -0.0109977 -0.0127028 0.0190486
v 0.106332 0.252821 -0.0471294
vn 0.0109977 0.0127028 -0.0190486
v 0.0737952 0.267988 0.0135361
vn 0.00569285 0.0127028 -0.021246
v 0.105082 0.251951 -0.0474384
vn 0.00897895 0.0179631 -0.015552
v 0.113682 -0.236315 -0.0636631
vn 0.00569285 0.0127028 0.021246
v 0.113682 -0.236315 -0.0636631
vn -0.00569285 -0.0127028 -0.021246
v 0.0179714 -0.244663 0.110103
vn -0.012267 0.00657578 0.0212471
v 0.0179714 -0.244663 0.110103
vn 0.012267 -0.00657578 -0.0212471
v -0.0101703 -0.213508 0.163144
vn -0.0173482 0.00657578 0.0173482
v -0.0322726 -0.168282 0.208473
vn -0.0190486 0.0127028 0.0109977
v -0.00907753 -0.214017 0.164122
vn -0.0155531 0.0127028 0.0155531
v -0.00907753 -0.214017 0.164122
vn 0.0155531 -0.0127028 -0.0155531
v -0.0322726 -0.168282 0.208473
vn 0.0190486 -0.0127028 -0.0109977
v -0.0101703 -0.213508 0.163144
vn 0.0173482 -0.00657578 -0.0173482
v -0.0322726 -0.168282 0.208473
vn -0.0190486 0.0127028 0.0109977
v -0.0482056 -0.111574 0.24233
vn -0.017346 0.0179631 0.00464784
v -0.0315407 -0.16891 0.209692
vn -0.015552 0.0179631 0.00897895
v -0.0315407 -0.16891 0.209692
vn 0.015552 -0.0179631 -0.00897895
v -0.0482056 -0.111574 0.24233
vn 0.017346 -0.0179631 -0.00464784
v -0.0322726 -0.168282 0.208473
vn 0.0190486 -0.0127028 -0.0109977
v 0.049194 -0.259215 0.0518877
vn -0.00634987 0.00657578 0.0236981
v 0.049194 -0.259215 0.0518877
vn 0.00634987 -0.00657578 -0.0236981
v 0.0813707 -0.256178 -0.00753672
vn 0 0.00657578 0.024534
v 0.0813707 -0.256178 -0.00753672
vn 0 -0.00657578 -0.024534
v 0.044196 0.265339 0.0777043
vn 0 0.00657578 0.024534
v 0.044196 0.265339 0.0777043
vn 0 -0.00657578 -0.024534
v 0.0414843 0.265386 0.0762384
vn -0 -0.00657578 0.024534
v 0.0414843 0.265386 0.0762384
vn 0 0.00657578 -0.024534
v 0.0402646 0.264823 0.0754609
vn -0 -0.0127028 0.0219954
v 0.0402646 0.264823 0.0754609
vn 0 0.0127028 -0.0219954
v 0.0392464 0.263911 0.0747225
vn -0 -0.0179631 0.0179579
v 0.0392464 0.263911 0.0747225
vn 0 0.0179631 -0.0179579
v 0.0392464 0.263911 0.0747225
vn -0 -0.0179631 0.0179579
v 0.0392464 0.263911 0.0747225
vn 0 0.0179631 -0.0179579
v 0.0385001 0.26271 0.0740737
vn 0 -0.0219987 0.0126972
v 0.0385001 0.26271 0.0740737
vn 0 0.0219987 -0.0126972
v 0.0380783 0.261305 0.0735602
vn 0 -0.024535 0.0065722
v 0.0380783 0.261305 0.0735602
vn 0 0.024535 -0.0065722
v 0.0380079 0.259791 0.0732157
vn 0 -0.0254 0
v 0.0380079 0.259791 0.0732157
vn 0 0.0254 0
v 0.0380689 0.259466 0.073183
vn 0 -0.0251619 -0.00346997
v 0.0380689 0.259466 0.073183
vn 0 0.0251619 0.00346997
v -0.0677262 0.021644 0.261689
vn 0 -0.0254 0
v -0.067183 -0.0470453 0.258531
vn -0.000155956 -0.0253995 0
v -0.0677441 0.0216478 0.261739
vn -0.000150622 -0.0253995 -4.03606e-05
v -0.0677441 0.0216478 0.261739
vn 0.000150622 0.0253995 4.03606e-05
v -0.067183 -0.0470453 0.258531
vn 0.000155956 0.0253995 0
v -0.0677262 0.021644 0.261689
vn 0 0.0254 0
v -0.0598187 0.0888004 0.2492
vn 0.000135052 0.0253995 7.7978e-05
v -0.0677441 0.0216478 0.261739
vn 0.000150622 0.0253995 4.03606e-05
v -0.0598027 0.0887828 0.249153
vn 0 0.0254 0
v -0.0439489 0.149835 0.221773
vn 0.000110261 0.0253995 0.000110261
v -0.0598187 0.0888004 0.2492
vn 0.000135052 0.0253995 7.7978e-05
v -0.0439359 0.149805 0.221731
vn 0 0.0254 0
v -0.0598027 0.0887828 0.249153
vn 0 0.0254 0
v -0.0212142 0.200592 0.181321
vn 7.7978e-05 0.0253995 0.000135052
v -0.0439489 0.149835 0.221773
vn 0.000110261 0.0253995 0.000110261
v -0.0212058 0.200552 0.181288
vn 0 0.0254 0
v -0.0439359 0.149805 0.221731
vn 0 0.0254 0
v 0.00683755 0.237567 0.130583
vn 0 -0.0254 0
v -0.0212142 0.200592 0.181321
vn -7.7978e-05 -0.0253995 -0.000135052
v 0.00683488 0.237615 0.130606
vn -4.03606e-05 -0.0253995 -0.000150622
v 0.00683488 0.237615 0.130606
vn 4.03606e-05 0.0253995 0.000150622
v -0.0212142 0.200592 0.181321
vn 7.7978e-05 0.0253995 0.000135052
v 0.00683755 0.237567 0.130583
vn 0 0.0254 0
v 0.0382837 0.258325 0.0730693
vn 0 -0.0254 0
v 0.00683488 0.237615 0.130606
vn -4.03606e-05 -0.0253995 -0.000150622
v 0.0382871 0.258377 0.0730815
vn 0 -0.0253995 -0.000155956
v 0.0382871 0.258377 0.0730815
vn 0 0.0253995 0.000155956
v 0.00683488 0.237615 0.130606
vn 4.03606e-05 0.0253995 0.000150622
v 0.0382837 0.258325 0.0730693
vn 0 0.0254 0
v 0.0454991 0.264733 0.0782906
vn 0 0.0127028 0.0219954
v 0.0454991 0.264733 0.0782906
vn 0 -0.0127028 -0.0219954
v -0.0671656 -0.0470361 0.258482
vn 0 -0.0254 0
v -0.0671656 -0.0470361 0.258482
vn 0 0.0254 0
v -0.0671336 -0.047027 0.25844
vn -0.0065722 -0.024535 0
v -0.0671336 -0.047027 0.25844
vn 0.0065722 0.024535 0
v -0.0482056 -0.111574 0.24233
vn -0.017346 0.0179631 0.00464784
v -0.0482056 -0.111574 0.24233
vn 0.017346 -0.0179631 -0.00464784
v -0.0576743 0.0212609 0.264042
vn -0.017346 0.0179631 -0.00464784
v -0.056866 -0.0469396 0.262384
vn -0.0126972 0.0219987 0
v -0.0571183 -0.0467096 0.260866
vn -0.0179579 0.0179631 0
v -0.0571183 -0.0467096 0.260866
vn 0.0179579 -0.0179631 0
v -0.056866 -0.0469396 0.262384
vn 0.0126972 -0.0219987 -0
v -0.0576743 0.0212609 0.264042
vn 0.017346 -0.0179631 0.00464784
v -0.0574237 0.0213526 0.265573
vn -0.0122645 0.0219987 -0.00328628
v -0.0574237 0.0213526 0.265573
vn 0.0122645 -0.0219987 0.00328628
v -0.0574237 0.0213526 0.265573
vn -0.0122645 0.0219987 -0.00328628
v -0.0574237 0.0213526 0.265573
vn 0.0122645 -0.0219987 0.00328628
v -0.0111665 0.19925 0.185626
vn -0.0063486 0.0219987 -0.0109961
v 0.0161192 0.234953 0.13429
vn -0.00464784 0.0179631 -0.017346
v 0.0167185 0.236055 0.135207
vn -0.00328628 0.0219987 -0.0122645
v 0.0167185 0.236055 0.135207
vn 0.00328628 -0.0219987 0.0122645
v 0.0161192 0.234953 0.13429
vn 0.00464784 -0.0179631 0.017346
v -0.0111665 0.19925 0.185626
vn 0.0063486 -0.0219987 0.0109961
v -0.0498327 0.0877063 0.251636
vn -0.015552 0.0179631 -0.00897895
v -0.0498327 0.0877063 0.251636
vn 0.015552 -0.0179631 0.00897895
v -0.0341296 0.148098 0.224496
vn -0.0126981 0.0179631 -0.0126981
v -0.0341296 0.148098 0.224496
vn 0.0126981 -0.0179631 0.0126981
v -0.0116346 0.198321 0.184471
vn -0.00897895 0.0179631 -0.015552
v -0.0116346 0.198321 0.184471
vn 0.00897895 -0.0179631 0.015552
v 0.0475695 0.262555 0.0789766
vn 0 0.0219987 0.0126972
v 0.0145238 0.242577 0.137482
vn 0.00464784 0.0179631 0.017346
v 0.0155904 0.241446 0.137465
vn 0.00328628 0.0219987 0.0122645
v 0.0155904 0.241446 0.137465
vn -0.00328628 -0.0219987 -0.0122645
v 0.0145238 0.242577 0.137482
vn -0.00464784 -0.0179631 -0.017346
v 0.0475695 0.262555 0.0789766
vn 0 -0.0219987 -0.0126972
v 0.0481927 0.261133 0.079028
vn 0 0.024535 0.0065722
v 0.0155904 0.241446 0.137465
vn 0.00328628 0.0219987 0.0122645
v 0.0163848 0.240137 0.137203
vn 0.00170101 0.024535 0.00634825
v 0.0163848 0.240137 0.137203
vn -0.00170101 -0.024535 -0.00634825
v 0.0155904 0.241446 0.137465
vn -0.00328628 -0.0219987 -0.0122645
v 0.0481927 0.261133 0.079028
vn 0 -0.024535 -0.0065722
v 0.0484794 0.259612 0.0788765
vn 0 0.0253997 -0.00011999
v 0.0163848 0.240137 0.137203
vn 0.00170101 0.024535 0.00634825
v 0.0168556 0.238737 0.136715
vn -3.10642e-05 0.0253997 -0.0001159
v 0.0168556 0.238737 0.136715
vn 3.10642e-05 -0.0253997 0.0001159
v 0.0163848 0.240137 0.137203
vn -0.00170101 -0.024535 -0.00634825
v 0.0484794 0.259612 0.0788765
vn 0 -0.0253997 0.00011999
v 0.0484015 0.258204 0.0785493
vn 0 0.0253997 -0.00011999
v 0.0168556 0.238737 0.136715
vn -3.10642e-05 0.0253997 -0.0001159
v 0.0169492 0.237442 0.136074
vn -3.10642e-05 0.0253997 -0.0001159
v 0.0169492 0.237442 0.136074
vn 3.10642e-05 -0.0253997 0.0001159
v 0.0168556 0.238737 0.136715
vn 3.10642e-05 -0.0253997 0.0001159
v 0.0484015 0.258204 0.0785493
vn 0 -0.0253997 0.00011999
v 0.0484104 0.258153 0.0785438
vn 0 0.0254 0
v 0.0169492 0.237442 0.136074
vn -3.10642e-05 0.0253997 -0.0001159
v 0.0169642 0.237394 0.136057
vn 0 0.0254 0
v 0.0169642 0.237394 0.136057
vn 0 -0.0254 0
v 0.0169492 0.237442 0.136074
vn 3.10642e-05 -0.0253997 0.0001159
v 0.0484104 0.258153 0.0785438
vn 0 -0.0254 0
v 0.0484088 0.2581 0.0785324
vn 0 0.024535 -0.0065722
v 0.0169642 0.237394 0.136057
vn 0 0.0254 0
v 0.0169692 0.237345 0.136034
vn -0.00170101 0.024535 -0.00634825
v 0.0169692 0.237345 0.136034
vn 0.00170101 -0.024535 0.00634825
v 0.0169642 0.237394 0.136057
vn 0 -0.0254 0
v 0.0484088 0.2581 0.0785324
vn 0 -0.024535 0.0065722
v 0.0479871 0.256696 0.0780189
vn 0 0.0219987 -0.0126972
v 0.0169692 0.237345 0.136034
vn -0.00170101 0.024535 -0.00634825
v 0.0167185 0.236055 0.135207
vn -0.00328628 0.0219987 -0.0122645
v 0.0167185 0.236055 0.135207
vn 0.00328628 -0.0219987 0.0122645
v 0.0169692 0.237345 0.136034
vn 0.00170101 -0.024535 0.00634825
v 0.0479871 0.256696 0.0780189
vn 0 -0.0219987 0.0126972
v 0.0466499 0.263784 0.0787249
vn 0 0.0179631 0.0179579
v 0.0466499 0.263784 0.0787249
vn 0 -0.0179631 -0.0179579
v 0.0431536 -0.261878 0.0488931
vn -0.00328628 -0.0219987 0.0122645
v 0.0764211 -0.257607 -0.0105185
vn -0 -0.0179631 0.0179579
v 0.0756747 -0.258808 -0.0111674
vn 0 -0.0219987 0.0126972
v 0.0756747 -0.258808 -0.0111674
vn 0 0.0219987 -0.0126972
v 0.0764211 -0.257607 -0.0105185
vn 0 0.0179631 -0.0179579
v 0.0431536 -0.261878 0.0488931
vn 0.00328628 0.0219987 -0.0122645
v -0.0156643 -0.214685 0.161177
vn -0.0126981 -0.0179631 0.0126981
v -0.0156643 -0.214685 0.161177
vn 0.0126981 0.0179631 -0.0126981
v 0.0126445 -0.246023 0.107821
vn -0.00897895 -0.0179631 0.015552
v 0.0126445 -0.246023 0.107821
vn 0.00897895 0.0179631 -0.015552
v 0.0433569 -0.261605 0.0489757
vn -0.004002 -0.0201512 0.0149357
v 0.0440532 -0.260665 0.049259
vn -0.00464784 -0.0179631 0.017346
v 0.0440532 -0.260665 0.049259
vn 0.00464784 0.0179631 -0.017346
v 0.0433569 -0.261605 0.0489757
vn 0.004002 0.0201512 -0.0149357
v 0.157429 -0.150901 -0.158988
vn 0.00897827 -0.0219987 0.00897827
v 0.17332 -0.0907042 -0.18773
vn 0.00569168 -0.024535 0.0032861
v 0.157456 -0.151715 -0.160313
vn 0.00464723 -0.024535 0.00464723
v 0.157456 -0.151715 -0.160313
vn -0.00464723 0.024535 -0.00464723
v 0.17332 -0.0907042 -0.18773
vn -0.00569168 0.024535 -0.0032861
v 0.157429 -0.150901 -0.158988
vn -0.00897827 0.0219987 -0.00897827
v 0.17332 -0.0907042 -0.18773
vn 0.00569168 -0.024535 0.0032861
v 0.134934 -0.201154 -0.118514
vn 0.00773128 -0.0201512 0.013391
v 0.157429 -0.150901 -0.158988
vn 0.00897827 -0.0219987 0.00897827
v 0.134828 -0.201362 -0.118775
vn 0.0063486 -0.0219987 0.0109961
v 0.134828 -0.201362 -0.118775
vn -0.0063486 0.0219987 -0.0109961
v 0.157429 -0.150901 -0.158988
vn -0.00897827 0.0219987 -0.00897827
v 0.134934 -0.201154 -0.118514
vn -0.00773128 0.0201512 -0.013391
v 0.107079 -0.237919 -0.0681488
vn 0.004002 -0.0201512 0.0149357
v 0.134828 -0.201362 -0.118775
vn 0.0063486 -0.0219987 0.0109961
v 0.106943 -0.238167 -0.0683559
vn 0.00328628 -0.0219987 0.0122645
v 0.106943 -0.238167 -0.0683559
vn -0.00328628 0.0219987 -0.0122645
v 0.134828 -0.201362 -0.118775
vn -0.0063486 0.0219987 -0.0109961
v 0.107079 -0.237919 -0.0681488
vn -0.004002 0.0201512 -0.0149357
v 0.0764211 -0.257607 -0.0105185
vn -0 -0.0179631 0.0179579
v 0.106943 -0.238167 -0.0683559
vn 0.00328628 -0.0219987 0.0122645
v 0.0756747 -0.258808 -0.0111674
vn 0 -0.0219987 0.0126972
v 0.0756747 -0.258808 -0.0111674
vn 0 0.0219987 -0.0126972
v 0.106943 -0.238167 -0.0683559
vn -0.00328628 0.0219987 -0.0122645
v 0.0764211 -0.257607 -0.0105185
vn 0 0.0179631 -0.0179579
v -0.0671336 -0.047027 0.25844
vn -0.0065722 -0.024535 0
v -0.0569796 -0.111955 0.238856
vn -0.0122645 -0.0219987 0.00328628
v -0.0581282 -0.112554 0.239712
vn -0.00634825 -0.024535 0.00170101
v -0.0581282 -0.112554 0.239712
vn 0.00634825 0.024535 -0.00170101
v -0.0569796 -0.111955 0.238856
vn 0.0122645 0.0219987 -0.00328628
v -0.0671336 -0.047027 0.25844
vn 0.0065722 0.024535 0
v -0.0569796 -0.111955 0.238856
vn -0.0122645 -0.0219987 0.00328628
v -0.0389442 -0.168783 0.20569
vn -0.015552 -0.0179631 0.00897895
v -0.0402365 -0.169562 0.206064
vn -0.0109961 -0.0219987 0.0063486
v -0.0402365 -0.169562 0.206064
vn 0.0109961 0.0219987 -0.0063486
v -0.0389442 -0.168783 0.20569
vn 0.015552 0.0179631 -0.00897895
v -0.0569796 -0.111955 0.238856
vn 0.0122645 0.0219987 -0.00328628
v -0.0399451 -0.169387 0.205981
vn -0.013391 -0.0201512 0.00773128
v -0.0399451 -0.169387 0.205981
vn 0.013391 0.0201512 -0.00773128
v 0.0778004 0.268513 0.0156433
vn -0.00634987 0.00657578 0.0236981
v 0.0778004 0.268513 0.0156433
vn 0.00634987 -0.00657578 -0.0236981
v 0.0790296 0.267899 0.0163659
vn -0.00569285 0.0127028 0.021246
v 0.0790296 0.267899 0.0163659
vn 0.00569285 -0.0127028 -0.021246
v 0.0800629 0.266938 0.0170172
vn -0.00464784 0.0179631 0.017346
v 0.0800629 0.266938 0.0170172
vn 0.00464784 -0.0179631 -0.017346
v 0.0800629 0.266938 0.0170172
vn -0.00464784 0.0179631 0.017346
v 0.0800629 0.266938 0.0170172
vn 0.00464784 -0.0179631 -0.017346
v 0.0808293 0.265696 0.0175517
vn -0.00328628 0.0219987 0.0122645
v 0.0808293 0.265696 0.0175517
vn 0.00328628 -0.0219987 -0.0122645
v 0.0812746 0.264257 0.0179318
vn -0.00170101 0.024535 0.00634825
v 0.0812746 0.264257 0.0179318
vn 0.00170101 -0.024535 -0.00634825
v 0.0813699 0.262718 0.0181339
vn 3.10642e-05 0.0253997 -0.0001159
v 0.0813699 0.262718 0.0181339
vn -3.10642e-05 -0.0253997 0.0001159
v 0.0811162 0.26124 0.0181421
vn 0 0.0254 0
v 0.112856 0.246495 -0.0410493
vn 5.99948e-05 0.0253997 -0.000103911
v 0.0811135 0.261292 0.0181362
vn 3.10642e-05 0.0253997 -0.0001159
v 0.0811135 0.261292 0.0181362
vn -3.10642e-05 -0.0253997 0.0001159
v 0.112856 0.246495 -0.0410493
vn -5.99948e-05 -0.0253997 0.000103911
v 0.0811162 0.26124 0.0181421
vn 0 -0.0254 0
v 0.181837 0.110487 -0.172946
vn 0.0001159 0.0253997 -3.10642e-05
v 0.16498 0.168399 -0.139922
vn 0 0.0254 0
v 0.181819 0.110465 -0.172901
vn 0 0.0254 0
v 0.181819 0.110465 -0.172901
vn 0 -0.0254 0
v 0.164994 0.168433 -0.139959
vn 0.000103911 0.0253997 -5.99948e-05
v 0.16498 0.168399 -0.139922
vn 0 0.0254 0
v 0.141437 0.214738 -0.094921
vn 0.00464723 0.024535 -0.00464723
v 0.164955 0.168366 -0.13989
vn 0.00569168 0.024535 -0.0032861
v 0.16498 0.168399 -0.139922
vn 0 -0.0254 0
v 0.141457 0.21478 -0.0949442
vn 0 0.0254 0
v 0.141457 0.21478 -0.0949442
vn 0 -0.0254 0
v 0.16498 0.168399 -0.139922
vn 0 -0.0254 0
v 0.141437 0.214738 -0.094921
vn -0.00464723 -0.024535 0.00464723
v 0.164955 0.168366 -0.13989
vn -0.00569168 -0.024535 0.0032861
v 0.140508 0.213569 -0.0944882
vn 0.00897827 0.0219987 -0.00897827
v 0.164955 0.168366 -0.13989
vn 0.00569168 0.024535 -0.0032861
v 0.141437 0.214738 -0.094921
vn 0.00464723 0.024535 -0.00464723
v 0.141437 0.214738 -0.094921
vn -0.00464723 -0.024535 0.00464723
v 0.164955 0.168366 -0.13989
vn -0.00569168 -0.024535 0.0032861
v 0.140508 0.213569 -0.0944882
vn -0.00897827 -0.0219987 0.00897827
v 0.141457 0.21478 -0.0949442
vn 0 -0.0254 0
v 0.164955 0.168366 -0.13989
vn 0.00569168 0.024535 -0.0032861
v 0.181819 0.110465 -0.172901
vn 0 0.0254 0
v 0.16498 0.168399 -0.139922
vn 0 0.0254 0
v 0.16498 0.168399 -0.139922
vn 0 -0.0254 0
v 0.181819 0.110465 -0.172901
vn 0 -0.0254 0
v 0.164955 0.168366 -0.13989
vn -0.00569168 -0.024535 0.0032861
v 0.112838 0.246397 -0.0410188
vn 0.0032861 0.024535 -0.00569168
v 0.141457 0.21478 -0.0949442
vn 0 0.0254 0
v 0.112853 0.246446 -0.0410312
vn 0 0.0254 0
v 0.141437 0.214738 -0.094921
vn 0.00464723 0.024535 -0.00464723
v 0.112853 0.246446 -0.0410312
vn 0 -0.0254 0
v 0.141457 0.21478 -0.0949442
vn 0 -0.0254 0
v 0.112838 0.246397 -0.0410188
vn -0.0032861 -0.024535 0.00569168
v 0.141437 0.214738 -0.094921
vn -0.00464723 -0.024535 0.00464723
v 0.112065 0.245057 -0.0408803
vn 0.0063486 0.0219987 -0.0109961
v 0.141437 0.214738 -0.094921
vn 0.00464723 0.024535 -0.00464723
v 0.112838 0.246397 -0.0410188
vn 0.0032861 0.024535 -0.00569168
v 0.112838 0.246397 -0.0410188
vn -0.0032861 -0.024535 0.00569168
v 0.141437 0.214738 -0.094921
vn -0.00464723 -0.024535 0.00464723
v 0.112065 0.245057 -0.0408803
vn -0.0063486 -0.0219987 0.0109961
v 0.112853 0.246446 -0.0410312
vn 0 -0.0254 0
v 0.18179 0.110442 -0.172861
vn 0.00634825 0.024535 -0.00170101
v 0.190826 0.0449242 -0.191632
vn 0 0.0254 0
v 0.181819 0.110465 -0.172901
vn 0 0.0254 0
v 0.181819 0.110465 -0.172901
vn 0 -0.0254 0
v 0.190826 0.0449242 -0.191632
vn 0 -0.0254 0
v 0.18179 0.110442 -0.172861
vn -0.00634825 -0.024535 0.00170101
v 0.190795 0.0449151 -0.191589
vn 0.0065722 0.024535 0
v 0.190795 0.0449151 -0.191589
vn -0.0065722 -0.024535 0
v 0.189597 0.0446728 -0.190629
vn 0.0126972 0.0219987 0
v 0.189597 0.0446728 -0.190629
vn -0.0126972 -0.0219987 0
v 0.18874 -0.0234993 -0.193188
vn 0.017346 0.0179631 0.00464784
v 0.18874 -0.0234993 -0.193188
vn -0.017346 -0.0179631 -0.00464784
v 0.163749 -0.149776 -0.153542
vn 0.0155531 0.0127028 0.0155531
v 0.163749 -0.149776 -0.153542
vn -0.0155531 -0.0127028 -0.0155531
v 0.180898 -0.0899448 -0.180781
vn 0.015552 0.0179631 0.00897895
v 0.187207 -0.0233996 -0.192944
vn 0.021246 0.0127028 0.00569285
v 0.179394 -0.0896039 -0.180583
vn 0.0190486 0.0127028 0.0109977
v 0.179394 -0.0896039 -0.180583
vn -0.0190486 -0.0127028 -0.0109977
v 0.187207 -0.0233996 -0.192944
vn -0.021246 -0.0127028 -0.00569285
v 0.180898 -0.0899448 -0.180781
vn -0.015552 -0.0179631 -0.00897895
v 0.141335 -0.199816 -0.113663
vn 0.0109977 0.0127028 0.0190486
v 0.141335 -0.199816 -0.113663
vn -0.0109977 -0.0127028 -0.0190486
v 0.113682 -0.236315 -0.0636631
vn 0.00569285 0.0127028 0.021246
v 0.113682 -0.236315 -0.0636631
vn -0.00569285 -0.0127028 -0.021246
v 0.0750886 0.268559 0.0141774
vn -0.00634987 -0.00657578 0.0236981
v 0.0750886 0.268559 0.0141774
vn 0.00634987 0.00657578 -0.0236981
v 0.0737952 0.267988 0.0135361
vn -0.00569285 -0.0127028 0.021246
v 0.0737952 0.267988 0.0135361
vn 0.00569285 0.0127028 -0.021246
v 0.173336 -0.0907218 -0.187777
vn 0 0.0254 0
v 0.18126 -0.023583 -0.200313
vn 0 0.0254 0
v 0.17332 -0.0907042 -0.18773
vn -0.00569168 0.024535 -0.0032861
v 0.180699 0.0450972 -0.197106
vn 0 -0.0254 0
v 0.181292 -0.023587 -0.200356
vn 0.000150622 -0.0253995 4.03606e-05
v 0.18126 -0.023583 -0.200313
vn 0 -0.0254 0
v 0.18126 -0.023583 -0.200313
vn 0 0.0254 0
v 0.181292 -0.023587 -0.200356
vn -0.000150622 0.0253995 -4.03606e-05
v 0.180699 0.0450972 -0.197106
vn 0 0.0254 0
v 0.17332 -0.0907042 -0.18773
vn 0.00569168 -0.024535 0.0032861
v 0.18126 -0.023583 -0.200313
vn 0 -0.0254 0
v 0.173336 -0.0907218 -0.187777
vn 0 -0.0254 0
v 0.18073 0.0451062 -0.197148
vn 0.000155956 -0.0253995 0
v 0.18073 0.0451062 -0.197148
vn -0.000155956 0.0253995 0
v 0.18073 0.0451062 -0.197148
vn 0.000155956 -0.0253995 0
v 0.171692 0.110638 -0.178375
vn 0 -0.0254 0
v 0.171722 0.110659 -0.178413
vn 0.000150622 -0.0253995 -4.03606e-05
v 0.171722 0.110659 -0.178413
vn -0.000150622 0.0253995 4.03606e-05
v 0.171692 0.110638 -0.178375
vn 0 0.0254 0
v 0.18073 0.0451062 -0.197148
vn -0.000155956 0.0253995 0
v 0.171722 0.110659 -0.178413
vn 0.000150622 -0.0253995 -4.03606e-05
v 0.154853 0.168572 -0.145396
vn 0 -0.0254 0
v 0.15488 0.168606 -0.145427
vn 0.000135052 -0.0253995 -7.7978e-05
v 0.15488 0.168606 -0.145427
vn -0.000135052 0.0253995 7.7978e-05
v 0.154853 0.168572 -0.145396
vn 0 0.0254 0
v 0.171722 0.110659 -0.178413
vn -0.000150622 0.0253995 4.03606e-05
v 0.171692 0.110638 -0.178375
vn 0 0.0254 0
v 0.15488 0.168606 -0.145427
vn 0.000135052 -0.0253995 -7.7978e-05
v 0.13133 0.214953 -0.100419
vn 0 -0.0254 0
v 0.131352 0.214996 -0.100441
vn 0.000110261 -0.0253995 -0.000110261
v 0.131352 0.214996 -0.100441
vn -0.000110261 0.0253995 0.000110261
v 0.13133 0.214953 -0.100419
vn 0 0.0254 0
v 0.15488 0.168606 -0.145427
vn -0.000135052 0.0253995 7.7978e-05
v 0.154853 0.168572 -0.145396
vn 0 0.0254 0
v 0.131352 0.214996 -0.100441
vn 0.000110261 -0.0253995 -0.000110261
v 0.102726 0.246619 -0.0465057
vn 0 -0.0254 0
v 0.102742 0.246667 -0.0465171
vn 7.7978e-05 -0.0253995 -0.000135052
v 0.102742 0.246667 -0.0465171
vn -7.7978e-05 0.0253995 0.000135052
v 0.102726 0.246619 -0.0465057
vn 0 0.0254 0
v 0.131352 0.214996 -0.100441
vn -0.000110261 0.0253995 0.000110261
v 0.13133 0.214953 -0.100419
vn 0 0.0254 0
v 0.0717599 0.265851 0.0126488
vn -0.00328628 -0.0219987 0.0122645
v 0.105082 0.251951 -0.0474384
vn -0.00897895 -0.0179631 0.015552
v 0.104034 0.250806 -0.0475278
vn -0.0063486 -0.0219987 0.0109961
v 0.104034 0.250806 -0.0475278
vn 0.0063486 0.0219987 -0.0109961
v 0.105082 0.251951 -0.0474384
vn 0.00897895 0.0179631 -0.015552
v 0.0717599 0.265851 0.0126488
vn 0.00328628 0.0219987 -0.0122645
v 0.0711602 0.264429 0.012464
vn -0.00170101 -0.024535 0.00634825
v 0.104034 0.250806 -0.0475278
vn -0.0063486 -0.0219987 0.0109961
v 0.103261 0.249466 -0.0473892
vn -0.0032861 -0.024535 0.00569168
v 0.103261 0.249466 -0.0473892
vn 0.0032861 0.024535 -0.00569168
v 0.104034 0.250806 -0.0475278
vn 0.0063486 0.0219987 -0.0109961
v 0.0711602 0.264429 0.012464
vn 0.00170101 0.024535 -0.00634825
v 0.0708984 0.262897 0.012473
vn 0 -0.0254 0
v 0.103261 0.249466 -0.0473892
vn -0.0032861 -0.024535 0.00569168
v 0.102814 0.248022 -0.0470343
vn 0 -0.0254 0
v 0.102814 0.248022 -0.0470343
vn 0 0.0254 0
v 0.103261 0.249466 -0.0473892
vn 0.0032861 0.024535 -0.00569168
v 0.0708984 0.262897 0.012473
vn 0 0.0254 0
v 0.0709181 0.262568 0.0125167
vn 0.000898093 -0.0251619 -0.00335173
v 0.102814 0.248022 -0.0470343
vn 0 -0.0254 0
v 0.102794 0.247709 -0.0469165
vn 0.00173497 -0.0251619 -0.00300507
v 0.102794 0.247709 -0.0469165
vn -0.00173497 0.0251619 0.00300507
v 0.102814 0.248022 -0.0470343
vn 0 0.0254 0
v 0.0709181 0.262568 0.0125167
vn -0.000898093 0.0251619 0.00335173
v 0.0709991 0.261465 0.0126684
vn 4.03606e-05 -0.0253995 -0.000150622
v 0.102794 0.247709 -0.0469165
vn 0.00173497 -0.0251619 -0.00300507
v 0.102742 0.246667 -0.0465171
vn 7.7978e-05 -0.0253995 -0.000135052
v 0.102742 0.246667 -0.0465171
vn -7.7978e-05 0.0253995 0.000135052
v 0.102794 0.247709 -0.0469165
vn -0.00173497 0.0251619 0.00300507
v 0.0709991 0.261465 0.0126684
vn -4.03606e-05 0.0253995 0.000150622
v 0.0726594 0.267065 0.0130148
vn -0.00464784 -0.0179631 0.017346
v 0.0726594 0.267065 0.0130148
vn 0.00464784 0.0179631 -0.017346
v 0.113682 -0.236315 -0.0636631
vn 0.00569285 0.0127028 0.021246
v 0.0813707 -0.256178 -0.00753672
vn 0 0.00657578 0.024534
v 0.0826738 -0.256786 -0.00695059
vn 0 0.0127028 0.0219954
v 0.0826738 -0.256786 -0.00695059
vn 0 -0.0127028 -0.0219954
v 0.0813707 -0.256178 -0.00753672
vn 0 -0.00657578 -0.024534
v 0.113682 -0.236315 -0.0636631
vn -0.00569285 -0.0127028 -0.021246
v 0.0179714 -0.244663 0.110103
vn -0.012267 0.00657578 0.0212471
v -0.0114694 -0.213319 0.16231
vn -0.0179605 0 0.0179605
v -0.0101703 -0.213508 0.163144
vn -0.0173482 0.00657578 0.0173482
v -0.0101703 -0.213508 0.163144
vn 0.0173482 -0.00657578 -0.0173482
v -0.0114694 -0.213319 0.16231
vn 0.0179605 0 -0.0179605
v 0.0179714 -0.244663 0.110103
vn 0.012267 -0.00657578 -0.0212471
v -0.0333135 -0.167878 0.207395
vn -0.0212471 0.00657578 0.012267
v -0.0333135 -0.167878 0.207395
vn 0.0212471 -0.00657578 -0.012267
v -0.0488768 -0.111154 0.240992
vn -0.021246 0.0127028 0.00569285
v -0.0488768 -0.111154 0.240992
vn 0.021246 -0.0127028 -0.00569285
v 0.049194 -0.259215 0.0518877
vn -0.00634987 0.00657578 0.0236981
v 0.0166502 -0.244448 0.109311
vn -0.0127 0 0.021997
v 0.0179714 -0.244663 0.110103
vn -0.012267 0.00657578 0.0212471
v 0.0179714 -0.244663 0.110103
vn 0.012267 -0.00657578 -0.0212471
v 0.0166502 -0.244448 0.109311
vn 0.0127 0 -0.021997
v 0.049194 -0.259215 0.0518877
vn 0.00634987 -0.00657578 -0.0236981
v 0.0813707 -0.256178 -0.00753672
vn 0 0.00657578 0.024534
v 0.0478484 -0.25899 0.051141
vn -0.006574 0 0.0245345
v 0.049194 -0.259215 0.0518877
vn -0.00634987 0.00657578 0.0236981
v 0.049194 -0.259215 0.0518877
vn 0.00634987 -0.00657578 -0.0236981
v 0.0478484 -0.25899 0.051141
vn 0.006574 0 -0.0245345
v 0.0813707 -0.256178 -0.00753672
vn 0 -0.00657578 -0.024534
v 0.0778004 0.268513 0.0156433
vn -0.00634987 0.00657578 0.0236981
v 0.0428255 0.265561 0.0770036
vn 0 -0 0.0254
v 0.044196 0.265339 0.0777043
vn 0 0.00657578 0.024534
v 0.044196 0.265339 0.0777043
vn 0 -0.00657578 -0.024534
v 0.0428255 0.265561 0.0770036
vn 0 0 -0.0254
v 0.0778004 0.268513 0.0156433
vn 0.00634987 -0.00657578 -0.0236981
v 0.0764548 0.268737 0.0148965
vn -0.006574 0 0.0245345
v 0.0414843 0.265386 0.0762384
vn -0 -0.00657578 0.024534
v 0.0428255 0.265561 0.0770036
vn 0 -0 0.0254
v 0.0428255 0.265561 0.0770036
vn 0 0 -0.0254
v 0.0414843 0.265386 0.0762384
vn 0 0.00657578 -0.024534
v 0.0764548 0.268737 0.0148965
vn 0.006574 0 -0.0245345
v 0.0750886 0.268559 0.0141774
vn -0.00634987 -0.00657578 0.0236981
v 0.0402646 0.264823 0.0754609
vn -0 -0.0127028 0.0219954
v 0.0414843 0.265386 0.0762384
vn -0 -0.00657578 0.024534
v 0.0414843 0.265386 0.0762384
vn 0 0.00657578 -0.024534
v 0.0402646 0.264823 0.0754609
vn 0 0.0127028 -0.0219954
v 0.0750886 0.268559 0.0141774
vn 0.00634987 0.00657578 -0.0236981
v 0.0402646 0.264823 0.0754609
vn -0 -0.0127028 0.0219954
v 0.0726594 0.267065 0.0130148
vn -0.00464784 -0.0179631 0.017346
v 0.0392464 0.263911 0.0747225
vn -0 -0.0179631 0.0179579
v 0.0392464 0.263911 0.0747225
vn 0 0.0179631 -0.0179579
v 0.0726594 0.267065 0.0130148
vn 0.00464784 0.0179631 -0.017346
v 0.0402646 0.264823 0.0754609
vn 0 0.0127028 -0.0219954
v 0.0726594 0.267065 0.0130148
vn -0.00464784 -0.0179631 0.017346
v 0.0385001 0.26271 0.0740737
vn 0 -0.0219987 0.0126972
v 0.0392464 0.263911 0.0747225
vn -0 -0.0179631 0.0179579
v 0.0392464 0.263911 0.0747225
vn 0 0.0179631 -0.0179579
v 0.0385001 0.26271 0.0740737
vn 0 0.0219987 -0.0126972
v 0.0726594 0.267065 0.0130148
vn 0.00464784 0.0179631 -0.017346
v 0.0717599 0.265851 0.0126488
vn -0.00328628 -0.0219987 0.0122645
v 0.0380783 0.261305 0.0735602
vn 0 -0.024535 0.0065722
v 0.0385001 0.26271 0.0740737
vn 0 -0.0219987 0.0126972
v 0.0385001 0.26271 0.0740737
vn 0 0.0219987 -0.0126972
v 0.0380783 0.261305 0.0735602
vn 0 0.024535 -0.0065722
v 0.0717599 0.265851 0.0126488
vn 0.00328628 0.0219987 -0.0122645
v 0.0711602 0.264429 0.012464
vn -0.00170101 -0.024535 0.00634825
v 0.0380079 0.259791 0.0732157
vn 0 -0.0254 0
v 0.0380783 0.261305 0.0735602
vn 0 -0.024535 0.0065722
v 0.0380783 0.261305 0.0735602
vn 0 0.024535 -0.0065722
v 0.0380079 0.259791 0.0732157
vn 0 0.0254 0
v 0.0711602 0.264429 0.012464
vn 0.00170101 0.024535 -0.00634825
v 0.0708984 0.262897 0.012473
vn 0 -0.0254 0
v 0.0380689 0.259466 0.073183
vn 0 -0.0251619 -0.00346997
v 0.0380079 0.259791 0.0732157
vn 0 -0.0254 0
v 0.0380079 0.259791 0.0732157
vn 0 0.0254 0
v 0.0380689 0.259466 0.073183
vn 0 0.0251619 0.00346997
v 0.0708984 0.262897 0.012473
vn 0 0.0254 0
v 0.0709181 0.262568 0.0125167
vn 0.000898093 -0.0251619 -0.00335173
v 0.0382871 0.258377 0.0730815
vn 0 -0.0253995 -0.000155956
v 0.0380689 0.259466 0.073183
vn 0 -0.0251619 -0.00346997
v 0.0380689 0.259466 0.073183
vn 0 0.0251619 0.00346997
v 0.0382871 0.258377 0.0730815
vn 0 0.0253995 0.000155956
v 0.0709181 0.262568 0.0125167
vn -0.000898093 0.0251619 0.00335173
v -0.0677441 0.0216478 0.261739
vn -0.000150622 -0.0253995 -4.03606e-05
v -0.0598027 0.0887828 0.249153
vn 0 -0.0254 0
v -0.0677262 0.021644 0.261689
vn 0 -0.0254 0
v -0.0677262 0.021644 0.261689
vn 0 0.0254 0
v -0.0598027 0.0887828 0.249153
vn 0 -0.0254 0
v -0.0439089 0.149775 0.221697
vn -0.00464723 -0.024535 -0.00464723
v -0.0597727 0.088765 0.249114
vn -0.00569168 -0.024535 -0.0032861
v -0.0598187 0.0888004 0.2492
vn -0.000135052 -0.0253995 -7.7978e-05
v -0.0439359 0.149805 0.221731
vn 0 -0.0254 0
v -0.0598027 0.0887828 0.249153
vn 0 -0.0254 0
v -0.0439489 0.149835 0.221773
vn -0.000110261 -0.0253995 -0.000110261
v -0.0212058 0.200552 0.181288
vn 0 -0.0254 0
v -0.0439359 0.149805 0.221731
vn 0 -0.0254 0
v -0.0439489 0.149835 0.221773
vn -0.000110261 -0.0253995 -0.000110261
v -0.0212058 0.200552 0.181288
vn 0 -0.0254 0
v -0.0212058 0.200552 0.181288
vn 0 0.0254 0
v -0.0212142 0.200592 0.181321
vn -7.7978e-05 -0.0253995 -0.000135052
v 0.00685482 0.237518 0.130566
vn -0.00170101 -0.024535 -0.00634825
v -0.0212058 0.200552 0.181288
vn 0 -0.0254 0
v 0.00683755 0.237567 0.130583
vn 0 -0.0254 0
v 0.00683755 0.237567 0.130583
vn 0 0.0254 0
v -0.0212058 0.200552 0.181288
vn 0 0.0254 0
v 0.00685482 0.237518 0.130566
vn 0.00170101 0.024535 0.00634825
v 0.00683755 0.237567 0.130583
vn 0 -0.0254 0
v 0.00683755 0.237567 0.130583
vn 0 0.0254 0
v 0.0709991 0.261465 0.0126684
vn 4.03606e-05 -0.0253995 -0.000150622
v 0.0382837 0.258325 0.0730693
vn 0 -0.0254 0
v 0.0382871 0.258377 0.0730815
vn 0 -0.0253995 -0.000155956
v 0.0382871 0.258377 0.0730815
vn 0 0.0253995 0.000155956
v 0.0382837 0.258325 0.0730693
vn 0 0.0254 0
v 0.0709991 0.261465 0.0126684
vn -4.03606e-05 0.0253995 0.000150622
v 0.0790296 0.267899 0.0163659
vn -0.00569285 0.0127028 0.021246
v 0.044196 0.265339 0.0777043
vn 0 0.00657578 0.024534
v 0.0454991 0.264733 0.0782906
vn 0 0.0127028 0.0219954
v 0.0454991 0.264733 0.0782906
vn 0 -0.0127028 -0.0219954
v 0.044196 0.265339 0.0777043
vn 0 -0.00657578 -0.024534
v 0.0790296 0.267899 0.0163659
vn 0.00569285 -0.0127028 -0.021246
v -0.0676938 0.0216392 0.261646
vn -0.00634825 -0.024535 -0.00170101
v -0.0671656 -0.0470361 0.258482
vn 0 -0.0254 0
v -0.0677262 0.021644 0.261689
vn 0 -0.0254 0
v -0.0677262 0.021644 0.261689
vn 0 0.0254 0
v -0.0671656 -0.0470361 0.258482
vn 0 0.0254 0
v -0.0676938 0.0216392 0.261646
vn 0.00634825 0.024535 0.00170101
v -0.0671336 -0.047027 0.25844
vn -0.0065722 -0.024535 0
v -0.0671336 -0.047027 0.25844
vn 0.0065722 0.024535 0
v -0.0488768 -0.111154 0.240992
vn -0.021246 0.0127028 0.00569285
v -0.0571183 -0.0467096 0.260866
vn -0.0179579 0.0179631 0
v -0.0482056 -0.111574 0.24233
vn -0.017346 0.0179631 0.00464784
v -0.0482056 -0.111574 0.24233
vn 0.017346 -0.0179631 -0.00464784
v -0.0571183 -0.0467096 0.260866
vn 0.0179579 -0.0179631 0
v -0.0488768 -0.111154 0.240992
vn 0.021246 -0.0127028 -0.00569285
v -0.0577587 -0.0465259 0.259464
vn -0.0219954 0.0127028 0
v -0.0576743 0.0212609 0.264042
vn -0.017346 0.0179631 -0.00464784
v -0.0571183 -0.0467096 0.260866
vn -0.0179579 0.0179631 0
v -0.0571183 -0.0467096 0.260866
vn 0.0179579 -0.0179631 0
v -0.0576743 0.0212609 0.264042
vn 0.017346 -0.0179631 0.00464784
v -0.0577587 -0.0465259 0.259464
vn 0.0219954 -0.0127028 0
v -0.0498327 0.0877063 0.251636
vn -0.015552 0.0179631 -0.00897895
v -0.0574237 0.0213526 0.265573
vn -0.0122645 0.0219987 -0.00328628
v -0.0576743 0.0212609 0.264042
vn -0.017346 0.0179631 -0.00464784
v -0.0576743 0.0212609 0.264042
vn 0.017346 -0.0179631 0.00464784
v -0.0574237 0.0213526 0.265573
vn 0.0122645 -0.0219987 0.00328628
v -0.0498327 0.0877063 0.251636
vn 0.015552 -0.0179631 0.00897895
v -0.0495455 0.0881117 0.253109
vn -0.0109961 0.0219987 -0.0063486
v -0.0495455 0.0881117 0.253109
vn 0.0109961 -0.0219987 0.0063486
v 0.0472408 0.255495 0.07737
vn 0 0.0179631 -0.0179579
v 0.0167185 0.236055 0.135207
vn -0.00328628 0.0219987 -0.0122645
v 0.0161192 0.234953 0.13429
vn -0.00464784 0.0179631 -0.017346
v 0.0161192 0.234953 0.13429
vn 0.00464784 -0.0179631 0.017346
v 0.0167185 0.236055 0.135207
vn 0.00328628 -0.0219987 0.0122645
v 0.0472408 0.255495 0.07737
vn -0 -0.0179631 0.0179579
v -0.0504982 0.0874026 0.250264
vn -0.0190486 0.0127028 -0.0109977
v -0.0341296 0.148098 0.224496
vn -0.0126981 0.0179631 -0.0126981
v -0.0498327 0.0877063 0.251636
vn -0.015552 0.0179631 -0.00897895
v -0.0498327 0.0877063 0.251636
vn 0.015552 -0.0179631 0.00897895
v -0.0341296 0.148098 0.224496
vn 0.0126981 -0.0179631 0.0126981
v -0.0504982 0.0874026 0.250264
vn 0.0190486 -0.0127028 0.0109977
v -0.0348524 0.147575 0.223224
vn -0.0155531 0.0127028 -0.0155531
v -0.0116346 0.198321 0.184471
vn -0.00897895 0.0179631 -0.015552
v -0.0341296 0.148098 0.224496
vn -0.0126981 0.0179631 -0.0126981
v -0.0341296 0.148098 0.224496
vn 0.0126981 -0.0179631 0.0126981
v -0.0116346 0.198321 0.184471
vn 0.00897895 -0.0179631 0.015552
v -0.0348524 0.147575 0.223224
vn 0.0155531 -0.0127028 0.0155531
v -0.0124391 0.197615 0.183344
vn -0.0109977 0.0127028 -0.0190486
v 0.0161192 0.234953 0.13429
vn -0.00464784 0.0179631 -0.017346
v -0.0116346 0.198321 0.184471
vn -0.00897895 0.0179631 -0.015552
v -0.0116346 0.198321 0.184471
vn 0.00897895 -0.0179631 0.015552
v 0.0161192 0.234953 0.13429
vn 0.00464784 -0.0179631 0.017346
v -0.0124391 0.197615 0.183344
vn 0.0109977 -0.0127028 0.0190486
v 0.0466499 0.263784 0.0787249
vn 0 0.0179631 0.0179579
v 0.0466499 0.263784 0.0787249
vn 0 -0.0179631 -0.0179579
v 0.0475695 0.262555 0.0789766
vn 0 0.0219987 0.0126972
v 0.0475695 0.262555 0.0789766
vn 0 -0.0219987 -0.0126972
v 0.0481927 0.261133 0.079028
vn 0 0.024535 0.0065722
v 0.0481927 0.261133 0.079028
vn 0 -0.024535 -0.0065722
v 0.0484794 0.259612 0.0788765
vn 0 0.0253997 -0.00011999
v 0.0484794 0.259612 0.0788765
vn 0 -0.0253997 0.00011999
v 0.0484015 0.258204 0.0785493
vn 0 0.0253997 -0.00011999
v 0.0484015 0.258204 0.0785493
vn 0 -0.0253997 0.00011999
v 0.0484104 0.258153 0.0785438
vn 0 0.0254 0
v 0.0484104 0.258153 0.0785438
vn 0 -0.0254 0
v 0.0484088 0.2581 0.0785324
vn 0 0.024535 -0.0065722
v 0.0484088 0.2581 0.0785324
vn 0 -0.024535 0.0065722
v 0.0479871 0.256696 0.0780189
vn 0 0.0219987 -0.0126972
v 0.0479871 0.256696 0.0780189
vn 0 -0.0219987 0.0126972
v 0.0800629 0.266938 0.0170172
vn -0.00464784 0.0179631 0.017346
v 0.0454991 0.264733 0.0782906
vn 0 0.0127028 0.0219954
v 0.0466499 0.263784 0.0787249
vn 0 0.0179631 0.0179579
v 0.0466499 0.263784 0.0787249
vn 0 -0.0179631 -0.0179579
v 0.0454991 0.264733 0.0782906
vn 0 -0.0127028 -0.0219954
v 0.0800629 0.266938 0.0170172
vn 0.00464784 -0.0179631 -0.017346
v 0.0758435 -0.258538 -0.011021
vn -0 -0.0201512 0.0154625
v 0.0758435 -0.258538 -0.011021
vn 0 0.0201512 -0.0154625
v 0.0758435 -0.258538 -0.011021
vn -0 -0.0201512 0.0154625
v 0.0758435 -0.258538 -0.011021
vn 0 0.0201512 -0.0154625
v -0.0143119 -0.213928 0.161292
vn -0.0155531 -0.0127028 0.0155531
v 0.0126445 -0.246023 0.107821
vn -0.00897895 -0.0179631 0.015552
v -0.0156643 -0.214685 0.161177
vn -0.0126981 -0.0179631 0.0126981
v -0.0156643 -0.214685 0.161177
vn 0.0126981 0.0179631 -0.0126981
v 0.0126445 -0.246023 0.107821
vn 0.00897895 0.0179631 -0.015552
v -0.0143119 -0.213928 0.161292
vn 0.0155531 0.0127028 -0.0155531
v 0.0138941 -0.245152 0.10813
vn -0.0109977 -0.0127028 0.0190486
v 0.0440532 -0.260665 0.049259
vn -0.00464784 -0.0179631 0.017346
v 0.0126445 -0.246023 0.107821
vn -0.00897895 -0.0179631 0.015552
v 0.0126445 -0.246023 0.107821
vn 0.00897895 0.0179631 -0.015552
v 0.0440532 -0.260665 0.049259
vn 0.00464784 0.0179631 -0.017346
v 0.0138941 -0.245152 0.10813
vn 0.0109977 0.0127028 -0.0190486
v 0.0451888 -0.25974 0.0497806
vn -0.00569285 -0.0127028 0.021246
v 0.0764211 -0.257607 -0.0105185
vn -0 -0.0179631 0.0179579
v 0.0440532 -0.260665 0.049259
vn -0.00464784 -0.0179631 0.017346
v 0.0440532 -0.260665 0.049259
vn 0.00464784 0.0179631 -0.017346
v 0.0764211 -0.257607 -0.0105185
vn 0 0.0179631 -0.0179579
v 0.0451888 -0.25974 0.0497806
vn 0.00569285 0.0127028 -0.021246
v 0.173207 -0.0902236 -0.186257
vn 0.0109961 -0.0219987 0.0063486
v 0.173207 -0.0902236 -0.186257
vn -0.0109961 0.0219987 -0.0063486
v 0.135296 -0.200432 -0.11762
vn 0.00897895 -0.0179631 0.015552
v 0.135296 -0.200432 -0.11762
vn -0.00897895 0.0179631 -0.015552
v 0.107543 -0.237065 -0.0674382
vn 0.00464784 -0.0179631 0.017346
v 0.134934 -0.201154 -0.118514
vn 0.00773128 -0.0201512 0.013391
v 0.134934 -0.201154 -0.118514
vn -0.00773128 0.0201512 -0.013391
v 0.107543 -0.237065 -0.0674382
vn -0.00464784 0.0179631 -0.017346
v 0.107079 -0.237919 -0.0681488
vn 0.004002 -0.0201512 0.0149357
v 0.107079 -0.237919 -0.0681488
vn -0.004002 0.0201512 -0.0149357
v -0.0659354 -0.0467847 0.257481
vn -0.0126972 -0.0219987 0
v -0.0659354 -0.0467847 0.257481
vn 0.0126972 0.0219987 0
v -0.0566704 -0.111841 0.238737
vn -0.0149357 -0.0201512 0.004002
v -0.0566704 -0.111841 0.238737
vn 0.0149357 0.0201512 -0.004002
v -0.0399451 -0.169387 0.205981
vn -0.013391 -0.0201512 0.00773128
v -0.0399451 -0.169387 0.205981
vn 0.013391 0.0201512 -0.00773128
v -0.0389442 -0.168783 0.20569
vn -0.015552 -0.0179631 0.00897895
v -0.0389442 -0.168783 0.20569
vn 0.015552 0.0179631 -0.00897895
v 0.0764548 0.268737 0.0148965
vn -0.006574 0 0.0245345
v 0.0764548 0.268737 0.0148965
vn 0.006574 0 -0.0245345
v 0.0778004 0.268513 0.0156433
vn -0.00634987 0.00657578 0.0236981
v 0.0778004 0.268513 0.0156433
vn 0.00634987 -0.00657578 -0.0236981
v 0.0790296 0.267899 0.0163659
vn -0.00569285 0.0127028 0.021246
v 0.0790296 0.267899 0.0163659
vn 0.00569285 -0.0127028 -0.021246
v 0.0800629 0.266938 0.0170172
vn -0.00464784 0.0179631 0.017346
v 0.0475695 0.262555 0.0789766
vn 0 0.0219987 0.0126972
v 0.0808293 0.265696 0.0175517
vn -0.00328628 0.0219987 0.0122645
v 0.0808293 0.265696 0.0175517
vn 0.00328628 -0.0219987 -0.0122645
v 0.0475695 0.262555 0.0789766
vn 0 -0.0219987 -0.0126972
v 0.0800629 0.266938 0.0170172
vn 0.00464784 -0.0179631 -0.017346
v 0.0808293 0.265696 0.0175517
vn -0.00328628 0.0219987 0.0122645
v 0.0481927 0.261133 0.079028
vn 0 0.024535 0.0065722
v 0.0812746 0.264257 0.0179318
vn -0.00170101 0.024535 0.00634825
v 0.0812746 0.264257 0.0179318
vn 0.00170101 -0.024535 -0.00634825
v 0.0481927 0.261133 0.079028
vn 0 -0.024535 -0.0065722
v 0.0808293 0.265696 0.0175517
vn 0.00328628 -0.0219987 -0.0122645
v 0.0812746 0.264257 0.0179318
vn -0.00170101 0.024535 0.00634825
v 0.0484794 0.259612 0.0788765
vn 0 0.0253997 -0.00011999
v 0.0813699 0.262718 0.0181339
vn 3.10642e-05 0.0253997 -0.0001159
v 0.0813699 0.262718 0.0181339
vn -3.10642e-05 -0.0253997 0.0001159
v 0.0484794 0.259612 0.0788765
vn 0 -0.0253997 0.00011999
v 0.0812746 0.264257 0.0179318
vn 0.00170101 -0.024535 -0.00634825
v 0.0813699 0.262718 0.0181339
vn 3.10642e-05 0.0253997 -0.0001159
v 0.0484015 0.258204 0.0785493
vn 0 0.0253997 -0.00011999
v 0.0811135 0.261292 0.0181362
vn 3.10642e-05 0.0253997 -0.0001159
v 0.0811135 0.261292 0.0181362
vn -3.10642e-05 -0.0253997 0.0001159
v 0.0484015 0.258204 0.0785493
vn 0 -0.0253997 0.00011999
v 0.0813699 0.262718 0.0181339
vn -3.10642e-05 -0.0253997 0.0001159
v 0.081108 0.261186 0.018143
vn 0.00170101 0.024535 -0.00634825
v 0.112853 0.246446 -0.0410312
vn 0 0.0254 0
v 0.0811162 0.26124 0.0181421
vn 0 0.0254 0
v 0.0811162 0.26124 0.0181421
vn 0 -0.0254 0
v 0.112853 0.246446 -0.0410312
vn 0 -0.0254 0
v 0.081108 0.261186 0.018143
vn -0.00170101 -0.024535 0.00634825
v 0.0811135 0.261292 0.0181362
vn 3.10642e-05 0.0253997 -0.0001159
v 0.0484104 0.258153 0.0785438
vn 0 0.0254 0
v 0.0811162 0.26124 0.0181421
vn 0 0.0254 0
v 0.0811162 0.26124 0.0181421
vn 0 -0.0254 0
v 0.0484104 0.258153 0.0785438
vn 0 -0.0254 0
v 0.0811135 0.261292 0.0181362
vn -3.10642e-05 -0.0253997 0.0001159
v 0.112853 0.246446 -0.0410312
vn 0 0.0254 0
v 0.18179 0.110442 -0.172861
vn 0.00634825 0.024535 -0.00170101
v 0.18179 0.110442 -0.172861
vn -0.00634825 -0.024535 0.00170101
v 0.163898 0.167451 -0.139213
vn 0.0109961 0.0219987 -0.0063486
v 0.163898 0.167451 -0.139213
vn -0.0109961 -0.0219987 0.0063486
v 0.140508 0.213569 -0.0944882
vn 0.00897827 0.0219987 -0.00897827
v 0.140508 0.213569 -0.0944882
vn -0.00897827 -0.0219987 0.00897827
v 0.112838 0.246397 -0.0410188
vn 0.0032861 0.024535 -0.00569168
v 0.0805082 0.259766 0.0179584
vn 0.00328628 0.0219987 -0.0122645
v 0.112065 0.245057 -0.0408803
vn 0.0063486 0.0219987 -0.0109961
v 0.112065 0.245057 -0.0408803
vn -0.0063486 -0.0219987 0.0109961
v 0.0805082 0.259766 0.0179584
vn -0.00328628 -0.0219987 0.0122645
v 0.112838 0.246397 -0.0410188
vn -0.0032861 -0.024535 0.00569168
v 0.180641 0.109843 -0.172004
vn 0.0122645 0.0219987 -0.00328628
v 0.190795 0.0449151 -0.191589
vn 0.0065722 0.024535 0
v 0.18179 0.110442 -0.172861
vn 0.00634825 0.024535 -0.00170101
v 0.18179 0.110442 -0.172861
vn -0.00634825 -0.024535 0.00170101
v 0.190795 0.0449151 -0.191589
vn -0.0065722 -0.024535 0
v 0.180641 0.109843 -0.172004
vn -0.0122645 -0.0219987 0.00328628
v 0.189597 0.0446728 -0.190629
vn 0.0126972 0.0219987 0
v 0.189597 0.0446728 -0.190629
vn -0.0126972 -0.0219987 0
v 0.189597 0.0446728 -0.190629
vn 0.0126972 0.0219987 0
v 0.18874 -0.0234993 -0.193188
vn 0.017346 0.0179631 0.00464784
v 0.190155 -0.0236194 -0.193818
vn 0.0122645 0.0219987 0.00328628
v 0.190155 -0.0236194 -0.193818
vn -0.0122645 -0.0219987 -0.00328628
v 0.18874 -0.0234993 -0.193188
vn -0.017346 -0.0179631 -0.00464784
v 0.189597 0.0446728 -0.190629
vn -0.0126972 -0.0219987 0
v 0.18874 -0.0234993 -0.193188
vn 0.017346 0.0179631 0.00464784
v 0.18874 -0.0234993 -0.193188
vn -0.017346 -0.0179631 -0.00464784
v 0.177871 -0.0893787 -0.180773
vn 0.0212471 0.00657578 0.012267
v 0.163749 -0.149776 -0.153542
vn 0.0155531 0.0127028 0.0155531
v 0.179394 -0.0896039 -0.180583
vn 0.0190486 0.0127028 0.0109977
v 0.179394 -0.0896039 -0.180583
vn -0.0190486 -0.0127028 -0.0109977
v 0.163749 -0.149776 -0.153542
vn -0.0155531 -0.0127028 -0.0155531
v 0.177871 -0.0893787 -0.180773
vn -0.0212471 -0.00657578 -0.012267
v 0.185665 -0.0233268 -0.193104
vn 0.0236981 0.00657578 0.00634987
v 0.179394 -0.0896039 -0.180583
vn 0.0190486 0.0127028 0.0109977
v 0.187207 -0.0233996 -0.192944
vn 0.021246 0.0127028 0.00569285
v 0.187207 -0.0233996 -0.192944
vn -0.021246 -0.0127028 -0.00569285
v 0.179394 -0.0896039 -0.180583
vn -0.0190486 -0.0127028 -0.0109977
v 0.185665 -0.0233268 -0.193104
vn -0.0236981 -0.00657578 -0.00634987
v 0.16226 -0.149414 -0.153792
vn 0.0173482 0.00657578 0.0173482
v 0.141335 -0.199816 -0.113663
vn 0.0109977 0.0127028 0.0190486
v 0.163749 -0.149776 -0.153542
vn 0.0155531 0.0127028 0.0155531
v 0.163749 -0.149776 -0.153542
vn -0.0155531 -0.0127028 -0.0155531
v 0.141335 -0.199816 -0.113663
vn -0.0109977 -0.0127028 -0.0190486
v 0.16226 -0.149414 -0.153792
vn -0.0173482 -0.00657578 -0.0173482
v 0.139898 -0.199342 -0.114004
vn 0.012267 0.00657578 0.0212471
v 0.113682 -0.236315 -0.0636631
vn 0.00569285 0.0127028 0.021246
v 0.141335 -0.199816 -0.113663
vn 0.0109977 0.0127028 0.0190486
v 0.141335 -0.199816 -0.113663
vn -0.0109977 -0.0127028 -0.0190486
v 0.113682 -0.236315 -0.0636631
vn -0.00569285 -0.0127028 -0.021246
v 0.139898 -0.199342 -0.114004
vn -0.012267 -0.00657578 -0.0212471
v 0.0750886 0.268559 0.0141774
vn -0.00634987 -0.00657578 0.0236981
v 0.0750886 0.268559 0.0141774
vn 0.00634987 0.00657578 -0.0236981
v 0.0737952 0.267988 0.0135361
vn -0.00569285 -0.0127028 0.021246
v 0.0737952 0.267988 0.0135361
vn 0.00569285 0.0127028 -0.021246
v 0.18126 -0.023583 -0.200313
vn 0 -0.0254 0
v 0.180681 0.0450878 -0.197057
vn 0.0065722 -0.024535 0
v 0.180699 0.0450972 -0.197106
vn 0 -0.0254 0
v 0.180699 0.0450972 -0.197106
vn 0 0.0254 0
v 0.180681 0.0450878 -0.197057
vn -0.0065722 0.024535 0
v 0.18126 -0.023583 -0.200313
vn 0 0.0254 0
v 0.181241 -0.0235784 -0.200262
vn 0.00634825 -0.024535 0.00170101
v 0.181241 -0.0235784 -0.200262
vn -0.00634825 0.024535 -0.00170101
v 0.180699 0.0450972 -0.197106
vn 0 -0.0254 0
v 0.180699 0.0450972 -0.197106
vn 0 0.0254 0
v 0.171692 0.110638 -0.178375
vn 0 -0.0254 0
v 0.154853 0.168572 -0.145396
vn 0 -0.0254 0
v 0.171692 0.110638 -0.178375
vn 0 -0.0254 0
v 0.154841 0.168539 -0.145358
vn 0.00569168 -0.024535 -0.0032861
v 0.154853 0.168572 -0.145396
vn 0 -0.0254 0
v 0.171676 0.110615 -0.178329
vn 0.00634825 -0.024535 -0.00170101
v 0.154853 0.168572 -0.145396
vn 0 0.0254 0
v 0.154841 0.168539 -0.145358
vn -0.00569168 0.024535 0.0032861
v 0.171692 0.110638 -0.178375
vn 0 0.0254 0
v 0.171676 0.110615 -0.178329
vn -0.00634825 0.024535 0.00170101
v 0.13133 0.214953 -0.100419
vn 0 -0.0254 0
v 0.154853 0.168572 -0.145396
vn 0 -0.0254 0
v 0.131323 0.21491 -0.100389
vn 0.00464723 -0.024535 -0.00464723
v 0.13133 0.214953 -0.100419
vn 0 -0.0254 0
v 0.0709896 0.261413 0.0126676
vn 0 -0.0254 0
v 0.102742 0.246667 -0.0465171
vn 7.7978e-05 -0.0253995 -0.000135052
v 0.102726 0.246619 -0.0465057
vn 0 -0.0254 0
v 0.102726 0.246619 -0.0465057
vn 0 0.0254 0
v 0.102742 0.246667 -0.0465171
vn -7.7978e-05 0.0253995 0.000135052
v 0.0709896 0.261413 0.0126676
vn 0 0.0254 0
v 0.13133 0.214953 -0.100419
vn 0 -0.0254 0
v 0.102724 0.24657 -0.0464867
vn 0.0032861 -0.024535 -0.00569168
v 0.102726 0.246619 -0.0465057
vn 0 -0.0254 0
v 0.0726594 0.267065 0.0130148
vn -0.00464784 -0.0179631 0.017346
v 0.0726594 0.267065 0.0130148
vn 0.00464784 0.0179631 -0.017346
v 0.0717599 0.265851 0.0126488
vn -0.00328628 -0.0219987 0.0122645
v 0.0717599 0.265851 0.0126488
vn 0.00328628 0.0219987 -0.0122645
v 0.0711602 0.264429 0.012464
vn -0.00170101 -0.024535 0.00634825
v 0.0711602 0.264429 0.012464
vn 0.00170101 0.024535 -0.00634825
v 0.0708984 0.262897 0.012473
vn 0 -0.0254 0
v 0.0708984 0.262897 0.012473
vn 0 0.0254 0
v 0.0709181 0.262568 0.0125167
vn 0.000898093 -0.0251619 -0.00335173
v 0.0709181 0.262568 0.0125167
vn -0.000898093 0.0251619 0.00335173
v 0.0709991 0.261465 0.0126684
vn 4.03606e-05 -0.0253995 -0.000150622
v 0.0709991 0.261465 0.0126684
vn -4.03606e-05 0.0253995 0.000150622
v 0.0737952 0.267988 0.0135361
vn -0.00569285 -0.0127028 0.021246
v 0.0737952 0.267988 0.0135361
vn 0.00569285 0.0127028 -0.021246
v 0.112308 -0.235755 -0.0641194
vn 0.00634987 0.00657578 0.0236981
v 0.112308 -0.235755 -0.0641194
vn -0.00634987 -0.00657578 -0.0236981
v 0.0166502 -0.244448 0.109311
vn -0.0127 0 0.021997
v 0.0166502 -0.244448 0.109311
vn 0.0127 0 -0.021997
v -0.0114694 -0.213319 0.16231
vn -0.0179605 0 0.0179605
v -0.0333135 -0.167878 0.207395
vn -0.0212471 0.00657578 0.012267
v -0.0101703 -0.213508 0.163144
vn -0.0173482 0.00657578 0.0173482
v -0.0101703 -0.213508 0.163144
vn 0.0173482 -0.00657578 -0.0173482
v -0.0333135 -0.167878 0.207395
vn 0.0212471 -0.00657578 -0.012267
v -0.0114694 -0.213319 0.16231
vn 0.0179605 0 -0.0179605
v -0.0333135 -0.167878 0.207395
vn -0.0212471 0.00657578 0.012267
v -0.0488768 -0.111154 0.240992
vn -0.021246 0.0127028 0.00569285
v -0.0322726 -0.168282 0.208473
vn -0.0190486 0.0127028 0.0109977
v -0.0322726 -0.168282 0.208473
vn 0.0190486 -0.0127028 -0.0109977
v -0.0488768 -0.111154 0.240992
vn 0.021246 -0.0127028 -0.00569285
v -0.0333135 -0.167878 0.207395
vn 0.0212471 -0.00657578 -0.012267
v 0.0478484 -0.25899 0.051141
vn -0.006574 0 0.0245345
v 0.0478484 -0.25899 0.051141
vn 0.006574 0 -0.0245345
v 0.0800002 -0.255956 -0.00823744
vn 0 -0 0.0254
v 0.0800002 -0.255956 -0.00823744
vn 0 0 -0.0254
v 0.0717599 0.265851 0.0126488
vn -0.00328628 -0.0219987 0.0122645
v 0.0717599 0.265851 0.0126488
vn 0.00328628 0.0219987 -0.0122645
v 0.0711602 0.264429 0.012464
vn -0.00170101 -0.024535 0.00634825
v 0.0711602 0.264429 0.012464
vn 0.00170101 0.024535 -0.00634825
v 0.0708984 0.262897 0.012473
vn 0 -0.0254 0
v 0.0708984 0.262897 0.012473
vn 0 0.0254 0
v 0.0709181 0.262568 0.0125167
vn 0.000898093 -0.0251619 -0.00335173
v 0.0709181 0.262568 0.0125167
vn -0.000898093 0.0251619 0.00335173
v 0.0709991 0.261465 0.0126684
vn 4.03606e-05 -0.0253995 -0.000150622
v 0.0709991 0.261465 0.0126684
vn -4.03606e-05 0.0253995 0.000150622
v -0.0598187 0.0888004 0.2492
vn -0.000135052 -0.0253995 -7.7978e-05
v -0.0597727 0.088765 0.249114
vn -0.00569168 -0.024535 -0.0032861
v -0.0677262 0.021644 0.261689
vn 0 -0.0254 0
v -0.0598027 0.0887828 0.249153
vn 0 -0.0254 0
v -0.0676938 0.0216392 0.261646
vn -0.00634825 -0.024535 -0.00170101
v -0.0598027 0.0887828 0.249153
vn 0 0.0254 0
v -0.0677262 0.021644 0.261689
vn 0 0.0254 0
v -0.0597727 0.088765 0.249114
vn 0.00569168 0.024535 0.0032861
v -0.0676938 0.0216392 0.261646
vn 0.00634825 0.024535 0.00170101
v -0.0439359 0.149805 0.221731
vn 0 -0.0254 0
v -0.0439359 0.149805 0.221731
vn 0 0.0254 0
v -0.0598027 0.0887828 0.249153
vn 0 0.0254 0
v -0.0439089 0.149775 0.221697
vn 0.00464723 0.024535 0.00464723
v -0.0597727 0.088765 0.249114
vn 0.00569168 0.024535 0.0032861
v -0.0211834 0.200512 0.181262
vn -0.0032861 -0.024535 -0.00569168
v -0.0439359 0.149805 0.221731
vn 0 -0.0254 0
v -0.0212058 0.200552 0.181288
vn 0 -0.0254 0
v -0.0212058 0.200552 0.181288
vn 0 0.0254 0
v -0.0439359 0.149805 0.221731
vn 0 0.0254 0
v -0.0211834 0.200512 0.181262
vn 0.0032861 0.024535 0.00569168
v 0.00764913 0.23621 0.130305
vn -0.00328628 -0.0219987 -0.0122645
v -0.0211834 0.200512 0.181262
vn -0.0032861 -0.024535 -0.00569168
v 0.00685482 0.237518 0.130566
vn -0.00170101 -0.024535 -0.00634825
v 0.00685482 0.237518 0.130566
vn 0.00170101 0.024535 0.00634825
v -0.0211834 0.200512 0.181262
vn 0.0032861 0.024535 0.00569168
v 0.00764913 0.23621 0.130305
vn 0.00328628 0.0219987 0.0122645
v -0.0211834 0.200512 0.181262
vn 0.0032861 0.024535 0.00569168
v 0.00683755 0.237567 0.130583
vn 0 -0.0254 0
v 0.0382945 0.258273 0.0730646
vn 0 -0.024535 -0.0065722
v 0.00685482 0.237518 0.130566
vn -0.00170101 -0.024535 -0.00634825
v 0.00685482 0.237518 0.130566
vn 0.00170101 0.024535 0.00634825
v 0.0382945 0.258273 0.0730646
vn 0 0.024535 0.0065722
v 0.00683755 0.237567 0.130583
vn 0 0.0254 0
v -0.0211834 0.200512 0.181262
vn -0.0032861 -0.024535 -0.00569168
v 0.0382837 0.258325 0.0730693
vn 0 -0.0254 0
v 0.0382837 0.258325 0.0730693
vn 0 0.0254 0
v 0.0709896 0.261413 0.0126676
vn 0 -0.0254 0
v 0.0709896 0.261413 0.0126676
vn 0 0.0254 0
v -0.0664931 0.0215075 0.26067
vn -0.0122645 -0.0219987 -0.00328628
v -0.0671336 -0.047027 0.25844
vn -0.0065722 -0.024535 0
v -0.0676938 0.0216392 0.261646
vn -0.00634825 -0.024535 -0.00170101
v -0.0676938 0.0216392 0.261646
vn 0.00634825 0.024535 0.00170101
v -0.0671336 -0.047027 0.25844
vn 0.0065722 0.024535 0
v -0.0664931 0.0215075 0.26067
vn 0.0122645 0.0219987 0.00328628
v -0.0577587 -0.0465259 0.259464
vn -0.0219954 0.0127028 0
v -0.0577587 -0.0465259 0.259464
vn 0.0219954 -0.0127028 0
v -0.0583111 0.0211983 0.262625
vn -0.021246 0.0127028 -0.00569285
v -0.0583111 0.0211983 0.262625
vn 0.021246 -0.0127028 0.00569285
v -0.0583111 0.0211983 0.262625
vn -0.021246 0.0127028 -0.00569285
v -0.0498327 0.0877063 0.251636
vn -0.015552 0.0179631 -0.00897895
v -0.0576743 0.0212609 0.264042
vn -0.017346 0.0179631 -0.00464784
v -0.0576743 0.0212609 0.264042
vn 0.017346 -0.0179631 0.00464784
v -0.0498327 0.0877063 0.251636
vn 0.015552 -0.0179631 0.00897895
v -0.0583111 0.0211983 0.262625
vn 0.021246 -0.0127028 0.00569285
v 0.0152141 0.234114 0.133344
vn -0.00569285 0.0127028 -0.021246
v 0.0472408 0.255495 0.07737
vn 0 0.0179631 -0.0179579
v 0.0161192 0.234953 0.13429
vn -0.00464784 0.0179631 -0.017346
v 0.0161192 0.234953 0.13429
vn 0.00464784 -0.0179631 0.017346
v 0.0472408 0.255495 0.07737
vn -0 -0.0179631 0.0179579
v 0.0152141 0.234114 0.133344
vn 0.00569285 -0.0127028 0.021246
v -0.0348524 0.147575 0.223224
vn -0.0155531 0.0127028 -0.0155531
v -0.0348524 0.147575 0.223224
vn 0.0155531 -0.0127028 0.0155531
v -0.0504982 0.0874026 0.250264
vn -0.0190486 0.0127028 -0.0109977
v -0.0504982 0.0874026 0.250264
vn 0.0190486 -0.0127028 0.0109977
v -0.0124391 0.197615 0.183344
vn -0.0109977 0.0127028 -0.0190486
v -0.0124391 0.197615 0.183344
vn 0.0109977 -0.0127028 0.0190486
v 0.0152141 0.234114 0.133344
vn -0.00569285 0.0127028 -0.021246
v 0.0152141 0.234114 0.133344
vn 0.00569285 -0.0127028 0.021246
v 0.0466499 0.263784 0.0787249
vn 0 0.0179631 0.0179579
v 0.0466499 0.263784 0.0787249
vn 0 -0.0179631 -0.0179579
v 0.0475695 0.262555 0.0789766
vn 0 0.0219987 0.0126972
v 0.0475695 0.262555 0.0789766
vn 0 -0.0219987 -0.0126972
v 0.0481927 0.261133 0.079028
vn 0 0.024535 0.0065722
v 0.0481927 0.261133 0.079028
vn 0 -0.024535 -0.0065722
v 0.0484794 0.259612 0.0788765
vn 0 0.0253997 -0.00011999
v 0.0484794 0.259612 0.0788765
vn 0 -0.0253997 0.00011999
v 0.0484015 0.258204 0.0785493
vn 0 0.0253997 -0.00011999
v 0.0484015 0.258204 0.0785493
vn 0 -0.0253997 0.00011999
v 0.0484088 0.2581 0.0785324
vn 0 0.024535 -0.0065722
v 0.0811162 0.26124 0.0181421
vn 0 0.0254 0
v 0.0484104 0.258153 0.0785438
vn 0 0.0254 0
v 0.0484104 0.258153 0.0785438
vn 0 -0.0254 0
v 0.0811162 0.26124 0.0181421
vn 0 -0.0254 0
v 0.0484088 0.2581 0.0785324
vn 0 -0.024535 0.0065722
v 0.0479871 0.256696 0.0780189
vn 0 0.0219987 -0.0126972
v 0.081108 0.261186 0.018143
vn 0.00170101 0.024535 -0.00634825
v 0.0484088 0.2581 0.0785324
vn 0 0.024535 -0.0065722
v 0.0484088 0.2581 0.0785324
vn 0 -0.024535 0.0065722
v 0.081108 0.261186 0.018143
vn -0.00170101 -0.024535 0.00634825
v 0.0479871 0.256696 0.0780189
vn 0 -0.0219987 0.0126972
v 0.0472408 0.255495 0.07737
vn 0 0.0179631 -0.0179579
v 0.0805082 0.259766 0.0179584
vn 0.00328628 0.0219987 -0.0122645
v 0.0479871 0.256696 0.0780189
vn 0 0.0219987 -0.0126972
v 0.0479871 0.256696 0.0780189
vn 0 -0.0219987 0.0126972
v 0.0805082 0.259766 0.0179584
vn -0.00328628 -0.0219987 0.0122645
v 0.0472408 0.255495 0.07737
vn -0 -0.0179631 0.0179579
v 0.0138941 -0.245152 0.10813
vn -0.0109977 -0.0127028 0.0190486
v 0.0138941 -0.245152 0.10813
vn 0.0109977 0.0127028 -0.0190486
v -0.0156643 -0.214685 0.161177
vn -0.0126981 -0.0179631 0.0126981
v -0.037507 -0.168193 0.205643
vn -0.0190486 -0.0127028 0.0109977
v -0.0143119 -0.213928 0.161292
vn -0.0155531 -0.0127028 0.0155531
v -0.0143119 -0.213928 0.161292
vn 0.0155531 0.0127028 -0.0155531
v -0.037507 -0.168193 0.205643
vn 0.0190486 0.0127028 -0.0109977
v -0.0156643 -0.214685 0.161177
vn 0.0126981 0.0179631 -0.0126981
v 0.0451888 -0.25974 0.0497806
vn -0.00569285 -0.0127028 0.021246
v 0.0451888 -0.25974 0.0497806
vn 0.00569285 0.0127028 -0.021246
v 0.0774393 -0.256696 -0.00978031
vn -0 -0.0127028 0.0219954
v 0.0774393 -0.256696 -0.00978031
vn 0 0.0127028 -0.0219954
v 0.157512 -0.150745 -0.158686
vn 0.0109337 -0.0201512 0.0109337
v 0.173207 -0.0902236 -0.186257
vn 0.0109961 -0.0219987 0.0063486
v 0.157429 -0.150901 -0.158988
vn 0.00897827 -0.0219987 0.00897827
v 0.157429 -0.150901 -0.158988
vn -0.00897827 0.0219987 -0.00897827
v 0.173207 -0.0902236 -0.186257
vn -0.0109961 0.0219987 -0.0063486
v 0.157512 -0.150745 -0.158686
vn -0.0109337 0.0201512 -0.0109337
v 0.173207 -0.0902236 -0.186257
vn 0.0109961 -0.0219987 0.0063486
v 0.181241 -0.0235784 -0.200262
vn 0.00634825 -0.024535 0.00170101
v 0.17332 -0.0907042 -0.18773
vn 0.00569168 -0.024535 0.0032861
v 0.17332 -0.0907042 -0.18773
vn -0.00569168 0.024535 -0.0032861
v 0.181241 -0.0235784 -0.200262
vn -0.00634825 0.024535 -0.00170101
v 0.173207 -0.0902236 -0.186257
vn -0.0109961 0.0219987 -0.0063486
v 0.157512 -0.150745 -0.158686
vn 0.0109337 -0.0201512 0.0109337
v 0.157512 -0.150745 -0.158686
vn -0.0109337 0.0201512 -0.0109337
v 0.135296 -0.200432 -0.11762
vn 0.00897895 -0.0179631 0.015552
v 0.135296 -0.200432 -0.11762
vn -0.00897895 0.0179631 -0.015552
v 0.107543 -0.237065 -0.0674382
vn 0.00464784 -0.0179631 0.017346
v 0.107543 -0.237065 -0.0674382
vn -0.00464784 0.0179631 -0.017346
v -0.0659354 -0.0467847 0.257481
vn -0.0126972 -0.0219987 0
v -0.0659354 -0.0467847 0.257481
vn 0.0126972 0.0219987 0
v -0.0656169 -0.0467395 0.257343
vn -0.0154625 -0.0201512 0
v -0.0569796 -0.111955 0.238856
vn -0.0122645 -0.0219987 0.00328628
v -0.0659354 -0.0467847 0.257481
vn -0.0126972 -0.0219987 0
v -0.0659354 -0.0467847 0.257481
vn 0.0126972 0.0219987 0
v -0.0569796 -0.111955 0.238856
vn 0.0122645 0.0219987 -0.00328628
v -0.0656169 -0.0467395 0.257343
vn 0.0154625 0.0201512 0
v -0.0556091 -0.111447 0.238328
vn -0.017346 -0.0179631 0.00464784
v -0.0556091 -0.111447 0.238328
vn 0.017346 0.0179631 -0.00464784
v -0.0566704 -0.111841 0.238737
vn -0.0149357 -0.0201512 0.004002
v -0.0566704 -0.111841 0.238737
vn 0.0149357 0.0201512 -0.004002
v -0.0389442 -0.168783 0.20569
vn -0.015552 -0.0179631 0.00897895
v -0.0389442 -0.168783 0.20569
vn 0.015552 0.0179631 -0.00897895
v 0.112838 0.246397 -0.0410188
vn 0.0032861 0.024535 -0.00569168
v 0.112838 0.246397 -0.0410188
vn -0.0032861 -0.024535 0.00569168
v 0.081108 0.261186 0.018143
vn 0.00170101 0.024535 -0.00634825
v 0.081108 0.261186 0.018143
vn -0.00170101 -0.024535 0.00634825
v 0.081108 0.261186 0.018143
vn 0.00170101 0.024535 -0.00634825
v 0.081108 0.261186 0.018143
vn -0.00170101 -0.024535 0.00634825
v 0.163898 0.167451 -0.139213
vn 0.0109961 0.0219987 -0.0063486
v 0.18179 0.110442 -0.172861
vn 0.00634825 0.024535 -0.00170101
v 0.164955 0.168366 -0.13989
vn 0.00569168 0.024535 -0.0032861
v 0.164955 0.168366 -0.13989
vn -0.00569168 -0.024535 0.0032861
v 0.18179 0.110442 -0.172861
vn -0.00634825 -0.024535 0.00170101
v 0.163898 0.167451 -0.139213
vn -0.0109961 -0.0219987 0.0063486
v 0.139326 0.212573 -0.0943254
vn 0.0126981 0.0179631 -0.0126981
v 0.163898 0.167451 -0.139213
vn 0.0109961 0.0219987 -0.0063486
v 0.140508 0.213569 -0.0944882
vn 0.00897827 0.0219987 -0.00897827
v 0.140508 0.213569 -0.0944882
vn -0.00897827 -0.0219987 0.00897827
v 0.163898 0.167451 -0.139213
vn -0.0109961 -0.0219987 0.0063486
v 0.139326 0.212573 -0.0943254
vn -0.0126981 -0.0179631 0.0126981
v 0.111017 0.243912 -0.0409697
vn 0.00897895 0.0179631 -0.015552
v 0.140508 0.213569 -0.0944882
vn 0.00897827 0.0219987 -0.00897827
v 0.112065 0.245057 -0.0408803
vn 0.0063486 0.0219987 -0.0109961
v 0.112065 0.245057 -0.0408803
vn -0.0063486 -0.0219987 0.0109961
v 0.140508 0.213569 -0.0944882
vn -0.00897827 -0.0219987 0.00897827
v 0.111017 0.243912 -0.0409697
vn -0.00897895 -0.0179631 0.015552
v 0.0796087 0.258553 0.0175925
vn 0.00464784 0.0179631 -0.017346
v 0.112065 0.245057 -0.0408803
vn 0.0063486 0.0219987 -0.0109961
v 0.0805082 0.259766 0.0179584
vn 0.00328628 0.0219987 -0.0122645
v 0.0805082 0.259766 0.0179584
vn -0.00328628 -0.0219987 0.0122645
v 0.112065 0.245057 -0.0408803
vn -0.0063486 -0.0219987 0.0109961
v 0.0796087 0.258553 0.0175925
vn -0.00464784 -0.0179631 0.017346
v 0.180641 0.109843 -0.172004
vn 0.0122645 0.0219987 -0.00328628
v 0.180641 0.109843 -0.172004
vn -0.0122645 -0.0219987 0.00328628
v 0.179271 0.109335 -0.171477
vn 0.017346 0.0179631 -0.00464784
v 0.189597 0.0446728 -0.190629
vn 0.0126972 0.0219987 0
v 0.180641 0.109843 -0.172004
vn 0.0122645 0.0219987 -0.00328628
v 0.180641 0.109843 -0.172004
vn -0.0122645 -0.0219987 0.00328628
v 0.189597 0.0446728 -0.190629
vn -0.0126972 -0.0219987 0
v 0.179271 0.109335 -0.171477
vn -0.017346 -0.0179631 0.00464784
v 0.188184 0.0444712 -0.190012
vn 0.0179579 0.0179631 0
v 0.188184 0.0444712 -0.190012
vn -0.0179579 -0.0179631 0
v 0.18874 -0.0234993 -0.193188
vn 0.017346 0.0179631 0.00464784
v 0.186655 0.0443246 -0.189782
vn 0.0219954 0.0127028 0
v 0.187207 -0.0233996 -0.192944
vn 0.021246 0.0127028 0.00569285
v 0.187207 -0.0233996 -0.192944
vn -0.021246 -0.0127028 -0.00569285
v 0.186655 0.0443246 -0.189782
vn -0.0219954 -0.0127028 0
v 0.18874 -0.0234993 -0.193188
vn -0.017346 -0.0179631 -0.00464784
v 0.16226 -0.149414 -0.153792
vn 0.0173482 0.00657578 0.0173482
v 0.16226 -0.149414 -0.153792
vn -0.0173482 -0.00657578 -0.0173482
v 0.177871 -0.0893787 -0.180773
vn 0.0212471 0.00657578 0.012267
v 0.177871 -0.0893787 -0.180773
vn -0.0212471 -0.00657578 -0.012267
v 0.187207 -0.0233996 -0.192944
vn 0.021246 0.0127028 0.00569285
v 0.185114 0.0442421 -0.18995
vn 0.024534 0.00657578 0
v 0.185665 -0.0233268 -0.193104
vn 0.0236981 0.00657578 0.00634987
v 0.185665 -0.0233268 -0.193104
vn -0.0236981 -0.00657578 -0.00634987
v 0.185114 0.0442421 -0.18995
vn -0.024534 -0.00657578 0
v 0.187207 -0.0233996 -0.192944
vn -0.021246 -0.0127028 -0.00569285
v 0.139898 -0.199342 -0.114004
vn 0.012267 0.00657578 0.0212471
v 0.139898 -0.199342 -0.114004
vn -0.012267 -0.00657578 -0.0212471
v 0.112308 -0.235755 -0.0641194
vn 0.00634987 0.00657578 0.0236981
v 0.112308 -0.235755 -0.0641194
vn -0.00634987 -0.00657578 -0.0236981
v 0.181241 -0.0235784 -0.200262
vn 0.00634825 -0.024535 0.00170101
v 0.181241 -0.0235784 -0.200262
vn -0.00634825 0.024535 -0.00170101
v 0.171676 0.110615 -0.178329
vn 0.00634825 -0.024535 -0.00170101
v 0.180699 0.0450972 -0.197106
vn 0 -0.0254 0
v 0.180681 0.0450878 -0.197057
vn 0.0065722 -0.024535 0
v 0.180681 0.0450878 -0.197057
vn -0.0065722 0.024535 0
v 0.180699 0.0450972 -0.197106
vn 0 0.0254 0
v 0.171676 0.110615 -0.178329
vn -0.00634825 0.024535 0.00170101
v 0.171692 0.110638 -0.178375
vn 0 -0.0254 0
v 0.171692 0.110638 -0.178375
vn 0 0.0254 0
v 0.154841 0.168539 -0.145358
vn 0.00569168 -0.024535 -0.0032861
v 0.131438 0.213724 -0.0993911
vn 0.00897827 -0.0219987 -0.00897827
v 0.131323 0.21491 -0.100389
vn 0.00464723 -0.024535 -0.00464723
v 0.131323 0.21491 -0.100389
vn -0.00464723 0.024535 0.00464723
v 0.131438 0.213724 -0.0993911
vn -0.00897827 0.0219987 0.00897827
v 0.154841 0.168539 -0.145358
vn -0.00569168 0.024535 0.0032861
v 0.154841 0.168539 -0.145358
vn 0.00569168 -0.024535 -0.0032861
v 0.13133 0.214953 -0.100419
vn 0 0.0254 0
v 0.131323 0.21491 -0.100389
vn -0.00464723 0.024535 0.00464723
v 0.154853 0.168572 -0.145396
vn 0 0.0254 0
v 0.154841 0.168539 -0.145358
vn -0.00569168 0.024535 0.0032861
v 0.171676 0.110615 -0.178329
vn 0.00634825 -0.024535 -0.00170101
v 0.154829 0.167605 -0.144116
vn 0.0109961 -0.0219987 -0.0063486
v 0.154841 0.168539 -0.145358
vn 0.00569168 -0.024535 -0.0032861
v 0.154841 0.168539 -0.145358
vn -0.00569168 0.024535 0.0032861
v 0.154829 0.167605 -0.144116
vn -0.0109961 0.0219987 0.0063486
v 0.171676 0.110615 -0.178329
vn -0.00634825 0.024535 0.00170101
v 0.131323 0.21491 -0.100389
vn 0.00464723 -0.024535 -0.00464723
v 0.102996 0.245212 -0.0457832
vn 0.0063486 -0.0219987 -0.0109961
v 0.102724 0.24657 -0.0464867
vn 0.0032861 -0.024535 -0.00569168
v 0.102724 0.24657 -0.0464867
vn -0.0032861 0.024535 0.00569168
v 0.102996 0.245212 -0.0457832
vn -0.0063486 0.0219987 0.0109961
v 0.131323 0.21491 -0.100389
vn -0.00464723 0.024535 0.00464723
v 0.131323 0.21491 -0.100389
vn 0.00464723 -0.024535 -0.00464723
v 0.102726 0.246619 -0.0465057
vn 0 0.0254 0
v 0.102724 0.24657 -0.0464867
vn -0.0032861 0.024535 0.00569168
v 0.13133 0.214953 -0.100419
vn 0 0.0254 0
v 0.131323 0.21491 -0.100389
vn -0.00464723 0.024535 0.00464723
v 0.102726 0.246619 -0.0465057
vn 0 -0.0254 0
v 0.0709936 0.261359 0.0126752
vn 0.00170101 -0.024535 -0.00634825
v 0.0709896 0.261413 0.0126676
vn 0 -0.0254 0
v 0.0709896 0.261413 0.0126676
vn 0 0.0254 0
v 0.0709936 0.261359 0.0126752
vn -0.00170101 0.024535 0.00634825
v 0.102726 0.246619 -0.0465057
vn 0 0.0254 0
v 0.112308 -0.235755 -0.0641194
vn 0.00634987 0.00657578 0.0236981
v 0.0800002 -0.255956 -0.00823744
vn 0 -0 0.0254
v 0.0813707 -0.256178 -0.00753672
vn 0 0.00657578 0.024534
v 0.0813707 -0.256178 -0.00753672
vn 0 -0.00657578 -0.024534
v 0.0800002 -0.255956 -0.00823744
vn 0 0 -0.0254
v 0.112308 -0.235755 -0.0641194
vn -0.00634987 -0.00657578 -0.0236981
v 0.0152596 -0.244617 0.108637
vn -0.012267 -0.00657578 0.0212471
v -0.0114694 -0.213319 0.16231
vn -0.0179605 0 0.0179605
v 0.0166502 -0.244448 0.109311
vn -0.0127 0 0.021997
v 0.0166502 -0.244448 0.109311
vn 0.0127 0 -0.021997
v -0.0114694 -0.213319 0.16231
vn 0.0179605 0 -0.0179605
v 0.0152596 -0.244617 0.108637
vn 0.012267 0.00657578 -0.0212471
v -0.0345936 -0.167724 0.206525
vn -0.021997 0 0.0127
v -0.0345936 -0.167724 0.206525
vn 0.021997 0 -0.0127
v -0.0498789 -0.11088 0.239839
vn -0.0236981 0.00657578 0.00634987
v -0.0498789 -0.11088 0.239839
vn 0.0236981 -0.00657578 -0.00634987
v 0.0464823 -0.259169 0.0504217
vn -0.00634987 -0.00657578 0.0236981
v 0.0166502 -0.244448 0.109311
vn -0.0127 0 0.021997
v 0.0478484 -0.25899 0.051141
vn -0.006574 0 0.0245345
v 0.0478484 -0.25899 0.051141
vn 0.006574 0 -0.0245345
v 0.0166502 -0.244448 0.109311
vn 0.0127 0 -0.021997
v 0.0464823 -0.259169 0.0504217
vn 0.00634987 0.00657578 -0.0236981
v 0.0786589 -0.256132 -0.00900269
vn -0 -0.00657578 0.024534
v 0.0478484 -0.25899 0.051141
vn -0.006574 0 0.0245345
v 0.0800002 -0.255956 -0.00823744
vn 0 -0 0.0254
v 0.0800002 -0.255956 -0.00823744
vn 0 0 -0.0254
v 0.0478484 -0.25899 0.051141
vn 0.006574 0 -0.0245345
v 0.0786589 -0.256132 -0.00900269
vn 0 0.00657578 -0.024534
v -0.0586149 0.0882666 0.248206
vn -0.0109961 -0.0219987 -0.0063486
v -0.0676938 0.0216392 0.261646
vn -0.00634825 -0.024535 -0.00170101
v -0.0597727 0.088765 0.249114
vn -0.00569168 -0.024535 -0.0032861
v -0.0597727 0.088765 0.249114
vn 0.00569168 0.024535 0.0032861
v -0.0676938 0.0216392 0.261646
vn 0.00634825 0.024535 0.00170101
v -0.0586149 0.0882666 0.248206
vn 0.0109961 0.0219987 0.0063486
v -0.042837 0.148944 0.220937
vn -0.00897827 -0.0219987 -0.00897827
v -0.0597727 0.088765 0.249114
vn -0.00569168 -0.024535 -0.0032861
v -0.0439089 0.149775 0.221697
vn -0.00464723 -0.024535 -0.00464723
v -0.0439089 0.149775 0.221697
vn 0.00464723 0.024535 0.00464723
v -0.0597727 0.088765 0.249114
vn 0.00569168 0.024535 0.0032861
v -0.042837 0.148944 0.220937
vn 0.00897827 0.0219987 0.00897827
v -0.0202359 0.199405 0.180723
vn -0.0063486 -0.0219987 -0.0109961
v -0.0439089 0.149775 0.221697
vn -0.00464723 -0.024535 -0.00464723
v -0.0211834 0.200512 0.181262
vn -0.0032861 -0.024535 -0.00569168
v -0.0211834 0.200512 0.181262
vn 0.0032861 0.024535 0.00569168
v -0.0439089 0.149775 0.221697
vn 0.00464723 0.024535 0.00464723
v -0.0202359 0.199405 0.180723
vn 0.0063486 0.0219987 0.0109961
v -0.0439089 0.149775 0.221697
vn 0.00464723 0.024535 0.00464723
v -0.0439089 0.149775 0.221697
vn -0.00464723 -0.024535 -0.00464723
v -0.0202359 0.199405 0.180723
vn -0.0063486 -0.0219987 -0.0109961
v -0.0202359 0.199405 0.180723
vn 0.0063486 0.0219987 0.0109961
v 0.00685482 0.237518 0.130566
vn -0.00170101 -0.024535 -0.00634825
v 0.0389177 0.256851 0.0731159
vn 0 -0.0219987 -0.0126972
v 0.00764913 0.23621 0.130305
vn -0.00328628 -0.0219987 -0.0122645
v 0.00764913 0.23621 0.130305
vn 0.00328628 0.0219987 0.0122645
v 0.0389177 0.256851 0.0731159
vn 0 0.0219987 0.0126972
v 0.00685482 0.237518 0.130566
vn 0.00170101 0.024535 0.00634825
v 0.0382945 0.258273 0.0730646
vn 0 -0.024535 -0.0065722
v 0.0382945 0.258273 0.0730646
vn 0 0.024535 0.0065722
v 0.0709896 0.261413 0.0126676
vn 0 -0.0254 0
v 0.0382945 0.258273 0.0730646
vn 0 -0.024535 -0.0065722
v 0.0382837 0.258325 0.0730693
vn 0 -0.0254 0
v 0.0382837 0.258325 0.0730693
vn 0 0.0254 0
v 0.0382945 0.258273 0.0730646
vn 0 0.024535 0.0065722
v 0.0709896 0.261413 0.0126676
vn 0 0.0254 0
v -0.0664931 0.0215075 0.26067
vn -0.0122645 -0.0219987 -0.00328628
v -0.0664931 0.0215075 0.26067
vn 0.0122645 0.0219987 0.00328628
v -0.0498789 -0.11088 0.239839
vn -0.0236981 0.00657578 0.00634987
v -0.0577587 -0.0465259 0.259464
vn -0.0219954 0.0127028 0
v -0.0488768 -0.111154 0.240992
vn -0.021246 0.0127028 0.00569285
v -0.0488768 -0.111154 0.240992
vn 0.021246 -0.0127028 -0.00569285
v -0.0577587 -0.0465259 0.259464
vn 0.0219954 -0.0127028 0
v -0.0498789 -0.11088 0.239839
vn 0.0236981 -0.00657578 -0.00634987
v -0.05874 -0.0464003 0.258267
vn -0.024534 0.00657578 0
v -0.0583111 0.0211983 0.262625
vn -0.021246 0.0127028 -0.00569285
v -0.0577587 -0.0465259 0.259464
vn -0.0219954 0.0127028 0
v -0.0577587 -0.0465259 0.259464
vn 0.0219954 -0.0127028 0
v -0.0583111 0.0211983 0.262625
vn 0.021246 -0.0127028 0.00569285
v -0.05874 -0.0464003 0.258267
vn 0.024534 -0.00657578 0
v 0.0462225 0.254584 0.0766318
vn 0 0.0127028 -0.0219954
v 0.0462225 0.254584 0.0766318
vn -0 -0.0127028 0.0219954
v -0.0514973 0.0872205 0.249091
vn -0.0212471 0.00657578 -0.012267
v -0.0348524 0.147575 0.223224
vn -0.0155531 0.0127028 -0.0155531
v -0.0504982 0.0874026 0.250264
vn -0.0190486 0.0127028 -0.0109977
v -0.0504982 0.0874026 0.250264
vn 0.0190486 -0.0127028 0.0109977
v -0.0348524 0.147575 0.223224
vn 0.0155531 -0.0127028 0.0155531
v -0.0514973 0.0872205 0.249091
vn 0.0212471 -0.00657578 0.012267
v -0.0592915 0.0211686 0.261422
vn -0.0236981 0.00657578 -0.00634987
v -0.0504982 0.0874026 0.250264
vn -0.0190486 0.0127028 -0.0109977
v -0.0583111 0.0211983 0.262625
vn -0.021246 0.0127028 -0.00569285
v -0.0583111 0.0211983 0.262625
vn 0.021246 -0.0127028 0.00569285
v -0.0504982 0.0874026 0.250264
vn 0.0190486 -0.0127028 0.0109977
v -0.0592915 0.0211686 0.261422
vn 0.0236981 -0.00657578 0.00634987
v -0.0358861 0.147256 0.22211
vn -0.0173482 0.00657578 -0.0173482
v -0.0124391 0.197615 0.183344
vn -0.0109977 0.0127028 -0.0190486
v -0.0348524 0.147575 0.223224
vn -0.0155531 0.0127028 -0.0155531
v -0.0348524 0.147575 0.223224
vn 0.0155531 -0.0127028 0.0155531
v -0.0124391 0.197615 0.183344
vn 0.0109977 -0.0127028 0.0190486
v -0.0358861 0.147256 0.22211
vn 0.0173482 -0.00657578 0.0173482
v -0.0135242 0.197184 0.182322
vn -0.012267 0.00657578 -0.0212471
v 0.0152141 0.234114 0.133344
vn -0.00569285 0.0127028 -0.021246
v -0.0124391 0.197615 0.183344
vn -0.0109977 0.0127028 -0.0190486
v -0.0124391 0.197615 0.183344
vn 0.0109977 -0.0127028 0.0190486
v 0.0152141 0.234114 0.133344
vn 0.00569285 -0.0127028 0.021246
v -0.0135242 0.197184 0.182322
vn 0.012267 -0.00657578 0.0212471
v 0.0805082 0.259766 0.0179584
vn 0.00328628 0.0219987 -0.0122645
v 0.0805082 0.259766 0.0179584
vn -0.00328628 -0.0219987 0.0122645
v 0.0796087 0.258553 0.0175925
vn 0.00464784 0.0179631 -0.017346
v 0.0796087 0.258553 0.0175925
vn -0.00464784 -0.0179631 0.017346
v -0.0128821 -0.213461 0.161678
vn -0.0173482 -0.00657578 0.0173482
v 0.0138941 -0.245152 0.10813
vn -0.0109977 -0.0127028 0.0190486
v -0.0143119 -0.213928 0.161292
vn -0.0155531 -0.0127028 0.0155531
v -0.0143119 -0.213928 0.161292
vn 0.0155531 0.0127028 -0.0155531
v 0.0138941 -0.245152 0.10813
vn 0.0109977 0.0127028 -0.0190486
v -0.0128821 -0.213461 0.161678
vn 0.0173482 0.00657578 -0.0173482
v -0.0360252 -0.167831 0.205929
vn -0.0212471 -0.00657578 0.012267
v -0.0143119 -0.213928 0.161292
vn -0.0155531 -0.0127028 0.0155531
v -0.037507 -0.168193 0.205643
vn -0.0190486 -0.0127028 0.0109977
v -0.037507 -0.168193 0.205643
vn 0.0190486 0.0127028 -0.0109977
v -0.0143119 -0.213928 0.161292
vn 0.0155531 0.0127028 -0.0155531
v -0.0360252 -0.167831 0.205929
vn 0.0212471 0.00657578 -0.012267
v 0.0152596 -0.244617 0.108637
vn -0.012267 -0.00657578 0.0212471
v 0.0451888 -0.25974 0.0497806
vn -0.00569285 -0.0127028 0.021246
v 0.0138941 -0.245152 0.10813
vn -0.0109977 -0.0127028 0.0190486
v 0.0138941 -0.245152 0.10813
vn 0.0109977 0.0127028 -0.0190486
v 0.0451888 -0.25974 0.0497806
vn 0.00569285 0.0127028 -0.021246
v 0.0152596 -0.244617 0.108637
vn 0.012267 0.00657578 -0.0212471
v 0.0464823 -0.259169 0.0504217
vn -0.00634987 -0.00657578 0.0236981
v 0.0774393 -0.256696 -0.00978031
vn -0 -0.0127028 0.0219954
v 0.0451888 -0.25974 0.0497806
vn -0.00569285 -0.0127028 0.021246
v 0.0451888 -0.25974 0.0497806
vn 0.00569285 0.0127028 -0.021246
v 0.0774393 -0.256696 -0.00978031
vn 0 0.0127028 -0.0219954
v 0.0464823 -0.259169 0.0504217
vn 0.00634987 0.00657578 -0.0236981
v 0.108448 -0.236226 -0.0664928
vn 0.00569285 -0.0127028 0.021246
v 0.0764211 -0.257607 -0.0105185
vn -0 -0.0179631 0.0179579
v 0.0774393 -0.256696 -0.00978031
vn -0 -0.0127028 0.0219954
v 0.0774393 -0.256696 -0.00978031
vn 0 0.0127028 -0.0219954
v 0.0764211 -0.257607 -0.0105185
vn 0 0.0179631 -0.0179579
v 0.108448 -0.236226 -0.0664928
vn -0.00569285 0.0127028 -0.021246
v 0.157791 -0.15021 -0.157645
vn 0.0126981 -0.0179631 0.0126981
v 0.157791 -0.15021 -0.157645
vn -0.0126981 0.0179631 -0.0126981
v 0.181086 -0.0234645 -0.198721
vn 0.0122645 -0.0219987 0.00328628
v 0.181086 -0.0234645 -0.198721
vn -0.0122645 0.0219987 -0.00328628
v 0.157791 -0.15021 -0.157645
vn 0.0126981 -0.0179631 0.0126981
v 0.157791 -0.15021 -0.157645
vn -0.0126981 0.0179631 -0.0126981
v 0.107543 -0.237065 -0.0674382
vn 0.00464784 -0.0179631 0.017346
v 0.136101 -0.199727 -0.116493
vn 0.0109977 -0.0127028 0.0190486
v 0.135296 -0.200432 -0.11762
vn 0.00897895 -0.0179631 0.015552
v 0.135296 -0.200432 -0.11762
vn -0.00897895 0.0179631 -0.015552
v 0.136101 -0.199727 -0.116493
vn -0.0109977 0.0127028 -0.0190486
v 0.107543 -0.237065 -0.0674382
vn -0.00464784 0.0179631 -0.017346
v 0.107543 -0.237065 -0.0674382
vn 0.00464784 -0.0179631 0.017346
v 0.107543 -0.237065 -0.0674382
vn -0.00464784 0.0179631 -0.017346
v -0.0661737 0.0214803 0.260528
vn -0.0149357 -0.0201512 -0.004002
v -0.0659354 -0.0467847 0.257481
vn -0.0126972 -0.0219987 0
v -0.0664931 0.0215075 0.26067
vn -0.0122645 -0.0219987 -0.00328628
v -0.0664931 0.0215075 0.26067
vn 0.0122645 0.0219987 0.00328628
v -0.0659354 -0.0467847 0.257481
vn 0.0126972 0.0219987 0
v -0.0661737 0.0214803 0.260528
vn 0.0149357 0.0201512 0.004002
v -0.0645218 -0.0465831 0.256864
vn -0.0179579 -0.0179631 0
v -0.0656169 -0.0467395 0.257343
vn -0.0154625 -0.0201512 0
v -0.0656169 -0.0467395 0.257343
vn 0.0154625 0.0201512 0
v -0.0645218 -0.0465831 0.256864
vn 0.0179579 0.0179631 0
v -0.0556091 -0.111447 0.238328
vn -0.017346 -0.0179631 0.00464784
v -0.0556091 -0.111447 0.238328
vn 0.017346 0.0179631 -0.00464784
v -0.0541112 -0.111065 0.238163
vn -0.021246 -0.0127028 0.00569285
v -0.0389442 -0.168783 0.20569
vn -0.015552 -0.0179631 0.00897895
v -0.0556091 -0.111447 0.238328
vn -0.017346 -0.0179631 0.00464784
v -0.0556091 -0.111447 0.238328
vn 0.017346 0.0179631 -0.00464784
v -0.0389442 -0.168783 0.20569
vn 0.015552 0.0179631 -0.00897895
v -0.0541112 -0.111065 0.238163
vn 0.021246 0.0127028 -0.00569285
v -0.037507 -0.168193 0.205643
vn -0.0190486 -0.0127028 0.0109977
v -0.037507 -0.168193 0.205643
vn 0.0190486 0.0127028 -0.0109977
v 0.162606 0.166671 -0.138838
vn 0.015552 0.0179631 -0.00897895
v 0.162606 0.166671 -0.138838
vn -0.015552 -0.0179631 0.00897895
v 0.139326 0.212573 -0.0943254
vn 0.0126981 0.0179631 -0.0126981
v 0.139326 0.212573 -0.0943254
vn -0.0126981 -0.0179631 0.0126981
v 0.111017 0.243912 -0.0409697
vn 0.00897895 0.0179631 -0.015552
v 0.111017 0.243912 -0.0409697
vn -0.00897895 -0.0179631 0.015552
v 0.162606 0.166671 -0.138838
vn 0.015552 0.0179631 -0.00897895
v 0.180641 0.109843 -0.172004
vn 0.0122645 0.0219987 -0.00328628
v 0.163898 0.167451 -0.139213
vn 0.0109961 0.0219987 -0.0063486
v 0.163898 0.167451 -0.139213
vn -0.0109961 -0.0219987 0.0063486
v 0.180641 0.109843 -0.172004
vn -0.0122645 -0.0219987 0.00328628
v 0.162606 0.166671 -0.138838
vn -0.015552 -0.0179631 0.00897895
v 0.188184 0.0444712 -0.190012
vn 0.0179579 0.0179631 0
v 0.188184 0.0444712 -0.190012
vn -0.0179579 -0.0179631 0
v 0.179271 0.109335 -0.171477
vn 0.017346 0.0179631 -0.00464784
v 0.179271 0.109335 -0.171477
vn -0.017346 -0.0179631 0.00464784
v 0.188184 0.0444712 -0.190012
vn 0.0179579 0.0179631 0
v 0.188184 0.0444712 -0.190012
vn -0.0179579 -0.0179631 0
v 0.186655 0.0443246 -0.189782
vn 0.0219954 0.0127028 0
v 0.186655 0.0443246 -0.189782
vn -0.0219954 -0.0127028 0
v 0.176424 -0.0892871 -0.181337
vn 0.021997 0 0.0127
v 0.16226 -0.149414 -0.153792
vn 0.0173482 0.00657578 0.0173482
v 0.177871 -0.0893787 -0.180773
vn 0.0212471 0.00657578 0.012267
v 0.177871 -0.0893787 -0.180773
vn -0.0212471 -0.00657578 -0.012267
v 0.16226 -0.149414 -0.153792
vn -0.0173482 -0.00657578 -0.0173482
v 0.176424 -0.0892871 -0.181337
vn -0.021997 0 -0.0127
v 0.184213 -0.0232858 -0.19366
vn 0.0245345 -0 0.006574
v 0.177871 -0.0893787 -0.180773
vn 0.0212471 0.00657578 0.012267
v 0.185665 -0.0233268 -0.193104
vn 0.0236981 0.00657578 0.00634987
v 0.185665 -0.0233268 -0.193104
vn -0.0236981 -0.00657578 -0.00634987
v 0.177871 -0.0893787 -0.180773
vn -0.0212471 -0.00657578 -0.012267
v 0.184213 -0.0232858 -0.19366
vn -0.0245345 0 -0.006574
v 0.183662 0.0442299 -0.190508
vn 0.0254 -0 0
v 0.185665 -0.0233268 -0.193104
vn 0.0236981 0.00657578 0.00634987
v 0.185114 0.0442421 -0.18995
vn 0.024534 0.00657578 0
v 0.185114 0.0442421 -0.18995
vn -0.024534 -0.00657578 0
v 0.185665 -0.0233268 -0.193104
vn -0.0236981 -0.00657578 -0.00634987
v 0.183662 0.0442299 -0.190508
vn -0.0254 0 0
v 0.160826 -0.149275 -0.154379
vn 0.0179605 0 0.0179605
v 0.139898 -0.199342 -0.114004
vn 0.012267 0.00657578 0.0212471
v 0.16226 -0.149414 -0.153792
vn 0.0173482 0.00657578 0.0173482
v 0.16226 -0.149414 -0.153792
vn -0.0173482 -0.00657578 -0.0173482
v 0.139898 -0.199342 -0.114004
vn -0.012267 -0.00657578 -0.0212471
v 0.160826 -0.149275 -0.154379
vn -0.0179605 0 -0.0179605
v 0.138481 -0.199162 -0.114622
vn 0.0127 -0 0.021997
v 0.112308 -0.235755 -0.0641194
vn 0.00634987 0.00657578 0.0236981
v 0.139898 -0.199342 -0.114004
vn 0.012267 0.00657578 0.0212471
v 0.139898 -0.199342 -0.114004
vn -0.012267 -0.00657578 -0.0212471
v 0.112308 -0.235755 -0.0641194
vn -0.00634987 -0.00657578 -0.0236981
v 0.138481 -0.199162 -0.114622
vn -0.0127 0 -0.021997
v 0.181241 -0.0235784 -0.200262
vn 0.00634825 -0.024535 0.00170101
v 0.180528 0.0448277 -0.195532
vn 0.0126972 -0.0219987 -0
v 0.180681 0.0450878 -0.197057
vn 0.0065722 -0.024535 0
v 0.180681 0.0450878 -0.197057
vn -0.0065722 0.024535 0
v 0.180528 0.0448277 -0.195532
vn -0.0126972 0.0219987 0
v 0.181241 -0.0235784 -0.200262
vn -0.00634825 0.024535 -0.00170101
v 0.180681 0.0450878 -0.197057
vn 0.0065722 -0.024535 0
v 0.171572 0.109998 -0.176907
vn 0.0122645 -0.0219987 -0.00328628
v 0.171676 0.110615 -0.178329
vn 0.00634825 -0.024535 -0.00170101
v 0.171676 0.110615 -0.178329
vn -0.00634825 0.024535 0.00170101
v 0.171572 0.109998 -0.176907
vn -0.0122645 0.0219987 0.00328628
v 0.180681 0.0450878 -0.197057
vn -0.0065722 0.024535 0
v 0.154829 0.167605 -0.144116
vn 0.0109961 -0.0219987 -0.0063486
v 0.154829 0.167605 -0.144116
vn -0.0109961 0.0219987 0.0063486
v 0.131438 0.213724 -0.0993911
vn 0.00897827 -0.0219987 -0.00897827
v 0.131438 0.213724 -0.0993911
vn -0.00897827 0.0219987 0.00897827
v 0.171572 0.109998 -0.176907
vn 0.0122645 -0.0219987 -0.00328628
v 0.171572 0.109998 -0.176907
vn -0.0122645 0.0219987 0.00328628
v 0.0714388 0.259921 0.0130555
vn 0.00328628 -0.0219987 -0.0122645
v 0.102724 0.24657 -0.0464867
vn 0.0032861 -0.024535 -0.00569168
v 0.102996 0.245212 -0.0457832
vn 0.0063486 -0.0219987 -0.0109961
v 0.102996 0.245212 -0.0457832
vn -0.0063486 0.0219987 0.0109961
v 0.102724 0.24657 -0.0464867
vn -0.0032861 0.024535 0.00569168
v 0.0714388 0.259921 0.0130555
vn -0.00328628 0.0219987 0.0122645
v 0.102724 0.24657 -0.0464867
vn 0.0032861 -0.024535 -0.00569168
v 0.102724 0.24657 -0.0464867
vn -0.0032861 0.024535 0.00569168
v 0.0709936 0.261359 0.0126752
vn 0.00170101 -0.024535 -0.00634825
v 0.0709936 0.261359 0.0126752
vn -0.00170101 0.024535 0.00634825
v 0.0709936 0.261359 0.0126752
vn 0.00170101 -0.024535 -0.00634825
v 0.0709936 0.261359 0.0126752
vn -0.00170101 0.024535 0.00634825
v 0.110913 -0.235549 -0.0647753
vn 0.006574 -0 0.0245345
v 0.110913 -0.235549 -0.0647753
vn -0.006574 0 -0.0245345
v -0.0128821 -0.213461 0.161678
vn -0.0173482 -0.00657578 0.0173482
v -0.0128821 -0.213461 0.161678
vn 0.0173482 0.00657578 -0.0173482
v 0.0152596 -0.244617 0.108637
vn -0.012267 -0.00657578 0.0212471
v 0.0152596 -0.244617 0.108637
vn 0.012267 0.00657578 -0.0212471
v -0.0128821 -0.213461 0.161678
vn -0.0173482 -0.00657578 0.0173482
v -0.0345936 -0.167724 0.206525
vn -0.021997 0 0.0127
v -0.0114694 -0.213319 0.16231
vn -0.0179605 0 0.0179605
v -0.0114694 -0.213319 0.16231
vn 0.0179605 0 -0.0179605
v -0.0345936 -0.167724 0.206525
vn 0.021997 0 -0.0127
v -0.0128821 -0.213461 0.161678
vn 0.0173482 0.00657578 -0.0173482
v -0.0345936 -0.167724 0.206525
vn -0.021997 0 0.0127
v -0.0498789 -0.11088 0.239839
vn -0.0236981 0.00657578 0.00634987
v -0.0333135 -0.167878 0.207395
vn -0.0212471 0.00657578 0.012267
v -0.0333135 -0.167878 0.207395
vn 0.0212471 -0.00657578 -0.012267
v -0.0498789 -0.11088 0.239839
vn 0.0236981 -0.00657578 -0.00634987
v -0.0345936 -0.167724 0.206525
vn 0.021997 0 -0.0127
v 0.0464823 -0.259169 0.0504217
vn -0.00634987 -0.00657578 0.0236981
v 0.0464823 -0.259169 0.0504217
vn 0.00634987 0.00657578 -0.0236981
v 0.110913 -0.235549 -0.0647753
vn 0.006574 -0 0.0245345
v 0.0786589 -0.256132 -0.00900269
vn -0 -0.00657578 0.024534
v 0.0800002 -0.255956 -0.00823744
vn 0 -0 0.0254
v 0.0800002 -0.255956 -0.00823744
vn 0 0 -0.0254
v 0.0786589 -0.256132 -0.00900269
vn 0 0.00657578 -0.024534
v 0.110913 -0.235549 -0.0647753
vn -0.006574 0 -0.0245345
v -0.0586149 0.0882666 0.248206
vn -0.0109961 -0.0219987 -0.0063486
v -0.0586149 0.0882666 0.248206
vn 0.0109961 0.0219987 0.0063486
v -0.042837 0.148944 0.220937
vn -0.00897827 -0.0219987 -0.00897827
v -0.042837 0.148944 0.220937
vn 0.00897827 0.0219987 0.00897827
v 0.00789004 0.235955 0.130301
vn -0.004002 -0.0201512 -0.0149357
v -0.0202359 0.199405 0.180723
vn -0.0063486 -0.0219987 -0.0109961
v 0.00764913 0.23621 0.130305
vn -0.00328628 -0.0219987 -0.0122645
v 0.00764913 0.23621 0.130305
vn 0.00328628 0.0219987 0.0122645
v -0.0202359 0.199405 0.180723
vn 0.0063486 0.0219987 0.0109961
v 0.00789004 0.235955 0.130301
vn 0.004002 0.0201512 0.0149357
v 0.0391254 0.256575 0.0731731
vn 0 -0.0201512 -0.0154625
v 0.00764913 0.23621 0.130305
vn -0.00328628 -0.0219987 -0.0122645
v 0.0389177 0.256851 0.0731159
vn 0 -0.0219987 -0.0126972
v 0.0389177 0.256851 0.0731159
vn 0 0.0219987 0.0126972
v 0.00764913 0.23621 0.130305
vn 0.00328628 0.0219987 0.0122645
v 0.0391254 0.256575 0.0731731
vn 0 0.0201512 0.0154625
v 0.0709936 0.261359 0.0126752
vn 0.00170101 -0.024535 -0.00634825
v 0.0389177 0.256851 0.0731159
vn 0 -0.0219987 -0.0126972
v 0.0382945 0.258273 0.0730646
vn 0 -0.024535 -0.0065722
v 0.0382945 0.258273 0.0730646
vn 0 0.024535 0.0065722
v 0.0389177 0.256851 0.0731159
vn 0 0.0219987 0.0126972
v 0.0709936 0.261359 0.0126752
vn -0.00170101 0.024535 0.00634825
v -0.058304 0.0881685 0.248078
vn -0.013391 -0.0201512 -0.00773128
v -0.0664931 0.0215075 0.26067
vn -0.0122645 -0.0219987 -0.00328628
v -0.0586149 0.0882666 0.248206
vn -0.0109961 -0.0219987 -0.0063486
v -0.0586149 0.0882666 0.248206
vn 0.0109961 0.0219987 0.0063486
v -0.0664931 0.0215075 0.26067
vn 0.0122645 0.0219987 0.00328628
v -0.058304 0.0881685 0.248078
vn 0.013391 0.0201512 0.00773128
v -0.05874 -0.0464003 0.258267
vn -0.024534 0.00657578 0
v -0.05874 -0.0464003 0.258267
vn 0.024534 -0.00657578 0
v -0.0592915 0.0211686 0.261422
vn -0.0236981 0.00657578 -0.00634987
v -0.0592915 0.0211686 0.261422
vn 0.0236981 -0.00657578 0.00634987
v 0.0140656 0.233597 0.132437
vn -0.00634987 0.00657578 -0.0236981
v 0.0462225 0.254584 0.0766318
vn 0 0.0127028 -0.0219954
v 0.0152141 0.234114 0.133344
vn -0.00569285 0.0127028 -0.021246
v 0.0152141 0.234114 0.133344
vn 0.00569285 -0.0127028 0.021246
v 0.0462225 0.254584 0.0766318
vn -0 -0.0127028 0.0219954
v 0.0140656 0.233597 0.132437
vn 0.00634987 -0.00657578 0.0236981
v 0.0784731 0.257628 0.0170709
vn 0.00569285 0.0127028 -0.021246
v 0.0472408 0.255495 0.07737
vn 0 0.0179631 -0.0179579
v 0.0462225 0.254584 0.0766318
vn 0 0.0127028 -0.0219954
v 0.0462225 0.254584 0.0766318
vn -0 -0.0127028 0.0219954
v 0.0472408 0.255495 0.07737
vn -0 -0.0179631 0.0179579
v 0.0784731 0.257628 0.0170709
vn -0.00569285 -0.0127028 0.021246
v -0.0358861 0.147256 0.22211
vn -0.0173482 0.00657578 -0.0173482
v -0.0358861 0.147256 0.22211
vn 0.0173482 -0.00657578 0.0173482
v -0.0514973 0.0872205 0.249091
vn -0.0212471 0.00657578 -0.012267
v -0.0514973 0.0872205 0.249091
vn 0.0212471 -0.00657578 0.012267
v -0.0135242 0.197184 0.182322
vn -0.012267 0.00657578 -0.0212471
v -0.0135242 0.197184 0.182322
vn 0.012267 -0.00657578 0.0212471
v 0.0140656 0.233597 0.132437
vn -0.00634987 0.00657578 -0.0236981
v 0.0140656 0.233597 0.132437
vn 0.00634987 -0.00657578 0.0236981
v 0.0796087 0.258553 0.0175925
vn 0.00464784 0.0179631 -0.017346
v 0.0796087 0.258553 0.0175925
vn -0.00464784 -0.0179631 0.017346
v 0.0152596 -0.244617 0.108637
vn -0.012267 -0.00657578 0.0212471
v 0.0152596 -0.244617 0.108637
vn 0.012267 0.00657578 -0.0212471
v -0.0128821 -0.213461 0.161678
vn -0.0173482 -0.00657578 0.0173482
v -0.0128821 -0.213461 0.161678
vn 0.0173482 0.00657578 -0.0173482
v -0.037507 -0.168193 0.205643
vn -0.0190486 -0.0127028 0.0109977
v -0.0525906 -0.110834 0.238373
vn -0.0236981 -0.00657578 0.00634987
v -0.0360252 -0.167831 0.205929
vn -0.0212471 -0.00657578 0.012267
v -0.0360252 -0.167831 0.205929
vn 0.0212471 0.00657578 -0.012267
v -0.0525906 -0.110834 0.238373
vn 0.0236981 0.00657578 -0.00634987
v -0.037507 -0.168193 0.205643
vn 0.0190486 0.0127028 -0.0109977
v 0.0464823 -0.259169 0.0504217
vn -0.00634987 -0.00657578 0.0236981
v 0.0464823 -0.259169 0.0504217
vn 0.00634987 0.00657578 -0.0236981
v 0.0786589 -0.256132 -0.00900269
vn -0 -0.00657578 0.024534
v 0.0786589 -0.256132 -0.00900269
vn 0 0.00657578 -0.024534
v 0.0774393 -0.256696 -0.00978031
vn -0 -0.0127028 0.0219954
v 0.109596 -0.235709 -0.0655854
vn 0.00634987 -0.00657578 0.0236981
v 0.108448 -0.236226 -0.0664928
vn 0.00569285 -0.0127028 0.021246
v 0.108448 -0.236226 -0.0664928
vn -0.00569285 0.0127028 -0.021246
v 0.109596 -0.235709 -0.0655854
vn -0.00634987 0.00657578 -0.0236981
v 0.0774393 -0.256696 -0.00978031
vn 0 0.0127028 -0.0219954
v 0.173273 -0.090132 -0.185926
vn 0.013391 -0.0201512 0.00773128
v 0.173273 -0.090132 -0.185926
vn -0.013391 0.0201512 -0.00773128
v 0.173273 -0.090132 -0.185926
vn 0.013391 -0.0201512 0.00773128
v 0.181086 -0.0234645 -0.198721
vn 0.0122645 -0.0219987 0.00328628
v 0.173207 -0.0902236 -0.186257
vn 0.0109961 -0.0219987 0.0063486
v 0.173207 -0.0902236 -0.186257
vn -0.0109961 0.0219987 -0.0063486
v 0.181086 -0.0234645 -0.198721
vn -0.0122645 0.0219987 -0.00328628
v 0.173273 -0.090132 -0.185926
vn -0.013391 0.0201512 -0.00773128
v 0.181086 -0.0234645 -0.198721
vn 0.0122645 -0.0219987 0.00328628
v 0.181086 -0.0234645 -0.198721
vn -0.0122645 0.0219987 -0.00328628
v 0.135296 -0.200432 -0.11762
vn 0.00897895 -0.0179631 0.015552
v 0.158514 -0.149687 -0.156372
vn 0.0155531 -0.0127028 0.0155531
v 0.157791 -0.15021 -0.157645
vn 0.0126981 -0.0179631 0.0126981
v 0.157791 -0.15021 -0.157645
vn -0.0126981 0.0179631 -0.0126981
v 0.158514 -0.149687 -0.156372
vn -0.0155531 0.0127028 -0.0155531
v 0.135296 -0.200432 -0.11762
vn -0.00897895 0.0179631 -0.015552
v 0.108448 -0.236226 -0.0664928
vn 0.00569285 -0.0127028 0.021246
v 0.108448 -0.236226 -0.0664928
vn -0.00569285 0.0127028 -0.021246
v 0.136101 -0.199727 -0.116493
vn 0.0109977 -0.0127028 0.0190486
v 0.136101 -0.199727 -0.116493
vn -0.0109977 0.0127028 -0.0190486
v -0.0650778 0.0213873 0.26004
vn -0.017346 -0.0179631 -0.00464784
v -0.0650778 0.0213873 0.26004
vn 0.017346 0.0179631 0.00464784
v -0.0650778 0.0213873 0.26004
vn -0.017346 -0.0179631 -0.00464784
v -0.0661737 0.0214803 0.260528
vn -0.0149357 -0.0201512 -0.004002
v -0.0661737 0.0214803 0.260528
vn 0.0149357 0.0201512 0.004002
v -0.0650778 0.0213873 0.26004
vn 0.017346 0.0179631 0.00464784
v -0.0645218 -0.0465831 0.256864
vn -0.0179579 -0.0179631 0
v -0.0645218 -0.0465831 0.256864
vn 0.0179579 0.0179631 0
v -0.0556091 -0.111447 0.238328
vn -0.017346 -0.0179631 0.00464784
v -0.0629931 -0.0464366 0.256634
vn -0.0219954 -0.0127028 0
v -0.0541112 -0.111065 0.238163
vn -0.021246 -0.0127028 0.00569285
v -0.0541112 -0.111065 0.238163
vn 0.021246 0.0127028 -0.00569285
v -0.0629931 -0.0464366 0.256634
vn 0.0219954 0.0127028 0
v -0.0556091 -0.111447 0.238328
vn 0.017346 0.0179631 -0.00464784
v -0.0541112 -0.111065 0.238163
vn -0.021246 -0.0127028 0.00569285
v -0.0541112 -0.111065 0.238163
vn 0.021246 0.0127028 -0.00569285
v 0.137974 0.211816 -0.0944407
vn 0.0155531 0.0127028 -0.0155531
v 0.162606 0.166671 -0.138838
vn 0.015552 0.0179631 -0.00897895
v 0.139326 0.212573 -0.0943254
vn 0.0126981 0.0179631 -0.0126981
v 0.139326 0.212573 -0.0943254
vn -0.0126981 -0.0179631 0.0126981
v 0.162606 0.166671 -0.138838
vn -0.015552 -0.0179631 0.00897895
v 0.137974 0.211816 -0.0944407
vn -0.0155531 -0.0127028 0.0155531
v 0.111017 0.243912 -0.0409697
vn 0.00897895 0.0179631 -0.015552
v 0.137974 0.211816 -0.0944407
vn 0.0155531 0.0127028 -0.0155531
v 0.139326 0.212573 -0.0943254
vn 0.0126981 0.0179631 -0.0126981
v 0.139326 0.212573 -0.0943254
vn -0.0126981 -0.0179631 0.0126981
v 0.137974 0.211816 -0.0944407
vn -0.0155531 -0.0127028 0.0155531
v 0.111017 0.243912 -0.0409697
vn -0.00897895 -0.0179631 0.015552
v 0.0796087 0.258553 0.0175925
vn 0.00464784 0.0179631 -0.017346
v 0.109768 0.24304 -0.0412789
vn 0.0109977 0.0127028 -0.0190486
v 0.111017 0.243912 -0.0409697
vn 0.00897895 0.0179631 -0.015552
v 0.111017 0.243912 -0.0409697
vn -0.00897895 -0.0179631 0.015552
v 0.109768 0.24304 -0.0412789
vn -0.0109977 -0.0127028 0.0190486
v 0.0796087 0.258553 0.0175925
vn -0.00464784 -0.0179631 0.017346
v 0.177773 0.108953 -0.171311
vn 0.021246 0.0127028 -0.00569285
v 0.188184 0.0444712 -0.190012
vn 0.0179579 0.0179631 0
v 0.179271 0.109335 -0.171477
vn 0.017346 0.0179631 -0.00464784
v 0.179271 0.109335 -0.171477
vn -0.017346 -0.0179631 0.00464784
v 0.188184 0.0444712 -0.190012
vn -0.0179579 -0.0179631 0
v 0.177773 0.108953 -0.171311
vn -0.021246 -0.0127028 0.00569285
v 0.161169 0.166081 -0.138792
vn 0.0190486 0.0127028 -0.0109977
v 0.179271 0.109335 -0.171477
vn 0.017346 0.0179631 -0.00464784
v 0.162606 0.166671 -0.138838
vn 0.015552 0.0179631 -0.00897895
v 0.162606 0.166671 -0.138838
vn -0.015552 -0.0179631 0.00897895
v 0.179271 0.109335 -0.171477
vn -0.017346 -0.0179631 0.00464784
v 0.161169 0.166081 -0.138792
vn -0.0190486 -0.0127028 0.0109977
v 0.186655 0.0443246 -0.189782
vn 0.0219954 0.0127028 0
v 0.186655 0.0443246 -0.189782
vn -0.0219954 -0.0127028 0
v 0.186655 0.0443246 -0.189782
vn 0.0219954 0.0127028 0
v 0.176252 0.108722 -0.171521
vn 0.0236981 0.00657578 -0.00634987
v 0.185114 0.0442421 -0.18995
vn 0.024534 0.00657578 0
v 0.185114 0.0442421 -0.18995
vn -0.024534 -0.00657578 0
v 0.176252 0.108722 -0.171521
vn -0.0236981 -0.00657578 0.00634987
v 0.186655 0.0443246 -0.189782
vn -0.0219954 -0.0127028 0
v 0.160826 -0.149275 -0.154379
vn 0.0179605 0 0.0179605
v 0.160826 -0.149275 -0.154379
vn -0.0179605 0 -0.0179605
v 0.176424 -0.0892871 -0.181337
vn 0.021997 0 0.0127
v 0.176424 -0.0892871 -0.181337
vn -0.021997 0 -0.0127
v 0.184213 -0.0232858 -0.19366
vn 0.0245345 -0 0.006574
v 0.184213 -0.0232858 -0.19366
vn -0.0245345 0 -0.006574
v 0.185114 0.0442421 -0.18995
vn 0.024534 0.00657578 0
v 0.174808 0.10866 -0.172093
vn 0.0245345 0 -0.006574
v 0.183662 0.0442299 -0.190508
vn 0.0254 -0 0
v 0.183662 0.0442299 -0.190508
vn -0.0254 0 0
v 0.174808 0.10866 -0.172093
vn -0.0245345 0 0.006574
v 0.185114 0.0442421 -0.18995
vn -0.024534 -0.00657578 0
v 0.138481 -0.199162 -0.114622
vn 0.0127 -0 0.021997
v 0.138481 -0.199162 -0.114622
vn -0.0127 0 -0.021997
v 0.110913 -0.235549 -0.0647753
vn 0.006574 -0 0.0245345
v 0.110913 -0.235549 -0.0647753
vn -0.006574 0 -0.0245345
v 0.180528 0.0448277 -0.195532
vn 0.0126972 -0.0219987 -0
v 0.180528 0.0448277 -0.195532
vn -0.0126972 0.0219987 0
v 0.154829 0.167605 -0.144116
vn 0.0109961 -0.0219987 -0.0063486
v 0.131548 0.213494 -0.0991513
vn 0.0109337 -0.0201512 -0.0109337
v 0.131438 0.213724 -0.0993911
vn 0.00897827 -0.0219987 -0.00897827
v 0.131438 0.213724 -0.0993911
vn -0.00897827 0.0219987 0.00897827
v 0.131548 0.213494 -0.0991513
vn -0.0109337 0.0201512 0.0109337
v 0.154829 0.167605 -0.144116
vn -0.0109961 0.0219987 0.0063486
v 0.131438 0.213724 -0.0993911
vn 0.00897827 -0.0219987 -0.00897827
v 0.103135 0.244948 -0.0455999
vn 0.00773128 -0.0201512 -0.013391
v 0.102996 0.245212 -0.0457832
vn 0.0063486 -0.0219987 -0.0109961
v 0.102996 0.245212 -0.0457832
vn -0.0063486 0.0219987 0.0109961
v 0.103135 0.244948 -0.0455999
vn -0.00773128 0.0201512 0.013391
v 0.131438 0.213724 -0.0993911
vn -0.00897827 0.0219987 0.00897827
v 0.171572 0.109998 -0.176907
vn 0.0122645 -0.0219987 -0.00328628
v 0.154914 0.167423 -0.143829
vn 0.013391 -0.0201512 -0.00773128
v 0.154829 0.167605 -0.144116
vn 0.0109961 -0.0219987 -0.0063486
v 0.154829 0.167605 -0.144116
vn -0.0109961 0.0219987 0.0063486
v 0.154914 0.167423 -0.143829
vn -0.013391 0.0201512 0.00773128
v 0.171572 0.109998 -0.176907
vn -0.0122645 0.0219987 0.00328628
v 0.102996 0.245212 -0.0457832
vn 0.0063486 -0.0219987 -0.0109961
v 0.071612 0.259641 0.0131764
vn 0.004002 -0.0201512 -0.0149357
v 0.0714388 0.259921 0.0130555
vn 0.00328628 -0.0219987 -0.0122645
v 0.0714388 0.259921 0.0130555
vn -0.00328628 0.0219987 0.0122645
v 0.071612 0.259641 0.0131764
vn -0.004002 0.0201512 0.0149357
v 0.102996 0.245212 -0.0457832
vn -0.0063486 0.0219987 0.0109961
v 0.0714388 0.259921 0.0130555
vn 0.00328628 -0.0219987 -0.0122645
v 0.0714388 0.259921 0.0130555
vn -0.00328628 0.0219987 0.0122645
v -0.0360252 -0.167831 0.205929
vn -0.0212471 -0.00657578 0.012267
v -0.0360252 -0.167831 0.205929
vn 0.0212471 0.00657578 -0.012267
v -0.0511467 -0.110771 0.238944
vn -0.0245345 0 0.006574
v -0.0511467 -0.110771 0.238944
vn 0.0245345 0 -0.006574
v 0.109596 -0.235709 -0.0655854
vn 0.00634987 -0.00657578 0.0236981
v 0.109596 -0.235709 -0.0655854
vn -0.00634987 0.00657578 -0.0236981
v -0.0425434 0.148783 0.220839
vn -0.0109337 -0.0201512 -0.0109337
v -0.0586149 0.0882666 0.248206
vn -0.0109961 -0.0219987 -0.0063486
v -0.042837 0.148944 0.220937
vn -0.00897827 -0.0219987 -0.00897827
v -0.042837 0.148944 0.220937
vn 0.00897827 0.0219987 0.00897827
v -0.0586149 0.0882666 0.248206
vn 0.0109961 0.0219987 0.0063486
v -0.0425434 0.148783 0.220839
vn 0.0109337 0.0201512 0.0109337
v -0.0199654 0.19919 0.180666
vn -0.00773128 -0.0201512 -0.013391
v -0.042837 0.148944 0.220937
vn -0.00897827 -0.0219987 -0.00897827
v -0.0202359 0.199405 0.180723
vn -0.0063486 -0.0219987 -0.0109961
v -0.0202359 0.199405 0.180723
vn 0.0063486 0.0219987 0.0109961
v -0.042837 0.148944 0.220937
vn 0.00897827 0.0219987 0.00897827
v -0.0199654 0.19919 0.180666
vn 0.00773128 0.0201512 0.013391
v 0.0087157 0.23508 0.130287
vn -0.00464784 -0.0179631 -0.017346
v 0.0087157 0.23508 0.130287
vn 0.00464784 0.0179631 0.017346
v 0.0087157 0.23508 0.130287
vn -0.00464784 -0.0179631 -0.017346
v 0.00789004 0.235955 0.130301
vn -0.004002 -0.0201512 -0.0149357
v 0.00789004 0.235955 0.130301
vn 0.004002 0.0201512 0.0149357
v 0.0087157 0.23508 0.130287
vn 0.00464784 0.0179631 0.017346
v 0.0398373 0.255621 0.0733677
vn 0 -0.0179631 -0.0179579
v 0.0398373 0.255621 0.0733677
vn 0 0.0179631 0.0179579
v 0.0714388 0.259921 0.0130555
vn 0.00328628 -0.0219987 -0.0122645
v 0.0391254 0.256575 0.0731731
vn 0 -0.0201512 -0.0154625
v 0.0389177 0.256851 0.0731159
vn 0 -0.0219987 -0.0126972
v 0.0389177 0.256851 0.0731159
vn 0 0.0219987 0.0126972
v 0.0391254 0.256575 0.0731731
vn 0 0.0201512 0.0154625
v 0.0714388 0.259921 0.0130555
vn -0.00328628 0.0219987 0.0122645
v -0.0572362 0.0878327 0.247633
vn -0.015552 -0.0179631 -0.00897895
v -0.0572362 0.0878327 0.247633
vn 0.015552 0.0179631 0.00897895
v -0.0415331 0.148225 0.220494
vn -0.0126981 -0.0179631 -0.0126981
v -0.058304 0.0881685 0.248078
vn -0.013391 -0.0201512 -0.00773128
v -0.058304 0.0881685 0.248078
vn 0.013391 0.0201512 0.00773128
v -0.0415331 0.148225 0.220494
vn 0.0126981 0.0179631 0.0126981
v -0.0511467 -0.110771 0.238944
vn -0.0245345 0 0.006574
v -0.05874 -0.0464003 0.258267
vn -0.024534 0.00657578 0
v -0.0498789 -0.11088 0.239839
vn -0.0236981 0.00657578 0.00634987
v -0.0498789 -0.11088 0.239839
vn 0.0236981 -0.00657578 -0.00634987
v -0.05874 -0.0464003 0.258267
vn 0.024534 -0.00657578 0
v -0.0511467 -0.110771 0.238944
vn 0.0245345 0 -0.006574
v -0.0600013 -0.0463418 0.257359
vn -0.0254 0 0
v -0.0592915 0.0211686 0.261422
vn -0.0236981 0.00657578 -0.00634987
v -0.05874 -0.0464003 0.258267
vn -0.024534 0.00657578 0
v -0.05874 -0.0464003 0.258267
vn 0.024534 -0.00657578 0
v -0.0592915 0.0211686 0.261422
vn 0.0236981 -0.00657578 0.00634987
v -0.0600013 -0.0463418 0.257359
vn 0.0254 -0 0
v 0.0450029 0.25402 0.0758542
vn 0 0.00657578 -0.024534
v 0.0450029 0.25402 0.0758542
vn -0 -0.00657578 0.024534
v 0.0450029 0.25402 0.0758542
vn 0 0.00657578 -0.024534
v 0.0784731 0.257628 0.0170709
vn 0.00569285 0.0127028 -0.021246
v 0.0462225 0.254584 0.0766318
vn 0 0.0127028 -0.0219954
v 0.0462225 0.254584 0.0766318
vn -0 -0.0127028 0.0219954
v 0.0784731 0.257628 0.0170709
vn -0.00569285 -0.0127028 0.021246
v 0.0450029 0.25402 0.0758542
vn -0 -0.00657578 0.024534
v -0.0527632 0.0871752 0.248188
vn -0.021997 0 -0.0127
v -0.0358861 0.147256 0.22211
vn -0.0173482 0.00657578 -0.0173482
v -0.0514973 0.0872205 0.249091
vn -0.0212471 0.00657578 -0.012267
v -0.0514973 0.0872205 0.249091
vn 0.0212471 -0.00657578 0.012267
v -0.0358861 0.147256 0.22211
vn 0.0173482 -0.00657578 0.0173482
v -0.0527632 0.0871752 0.248188
vn 0.021997 0 0.0127
v -0.060552 0.0211748 0.260511
vn -0.0245345 0 -0.006574
v -0.0514973 0.0872205 0.249091
vn -0.0212471 0.00657578 -0.012267
v -0.0592915 0.0211686 0.261422
vn -0.0236981 0.00657578 -0.00634987
v -0.0592915 0.0211686 0.261422
vn 0.0236981 -0.00657578 0.00634987
v -0.0514973 0.0872205 0.249091
vn 0.0212471 -0.00657578 0.012267
v -0.060552 0.0211748 0.260511
vn 0.0245345 -0 0.006574
v -0.0371651 0.147163 0.22123
vn -0.0179605 0 -0.0179605
v -0.0135242 0.197184 0.182322
vn -0.012267 0.00657578 -0.0212471
v -0.0358861 0.147256 0.22211
vn -0.0173482 0.00657578 -0.0173482
v -0.0358861 0.147256 0.22211
vn 0.0173482 -0.00657578 0.0173482
v -0.0135242 0.197184 0.182322
vn 0.012267 -0.00657578 0.0212471
v -0.0371651 0.147163 0.22123
vn 0.0179605 0 0.0179605
v -0.0148205 0.19705 0.181473
vn -0.0127 0 -0.021997
v 0.0140656 0.233597 0.132437
vn -0.00634987 0.00657578 -0.0236981
v -0.0135242 0.197184 0.182322
vn -0.012267 0.00657578 -0.0212471
v -0.0135242 0.197184 0.182322
vn 0.012267 -0.00657578 0.0212471
v 0.0140656 0.233597 0.132437
vn 0.00634987 -0.00657578 0.0236981
v -0.0148205 0.19705 0.181473
vn 0.0127 -0 0.021997
v 0.0784731 0.257628 0.0170709
vn 0.00569285 0.0127028 -0.021246
v 0.0784731 0.257628 0.0170709
vn -0.00569285 -0.0127028 0.021246
v -0.0511467 -0.110771 0.238944
vn -0.0245345 0 0.006574
v -0.0360252 -0.167831 0.205929
vn -0.0212471 -0.00657578 0.012267
v -0.0525906 -0.110834 0.238373
vn -0.0236981 -0.00657578 0.00634987
v -0.0525906 -0.110834 0.238373
vn 0.0236981 0.00657578 -0.00634987
v -0.0360252 -0.167831 0.205929
vn 0.0212471 0.00657578 -0.012267
v -0.0511467 -0.110771 0.238944
vn 0.0245345 0 -0.006574
v 0.0786589 -0.256132 -0.00900269
vn -0 -0.00657578 0.024534
v 0.0786589 -0.256132 -0.00900269
vn 0 0.00657578 -0.024534
v 0.137186 -0.199295 -0.11547
vn 0.012267 -0.00657578 0.0212471
v 0.108448 -0.236226 -0.0664928
vn 0.00569285 -0.0127028 0.021246
v 0.109596 -0.235709 -0.0655854
vn 0.00634987 -0.00657578 0.0236981
v 0.109596 -0.235709 -0.0655854
vn -0.00634987 0.00657578 -0.0236981
v 0.108448 -0.236226 -0.0664928
vn -0.00569285 0.0127028 -0.021246
v 0.137186 -0.199295 -0.11547
vn -0.012267 0.00657578 -0.0212471
v 0.173494 -0.0898184 -0.184783
vn 0.015552 -0.0179631 0.00897895
v 0.173494 -0.0898184 -0.184783
vn -0.015552 0.0179631 -0.00897895
v 0.173494 -0.0898184 -0.184783
vn 0.015552 -0.0179631 0.00897895
v 0.173494 -0.0898184 -0.184783
vn -0.015552 0.0179631 -0.00897895
v 0.181086 -0.0234645 -0.198721
vn 0.0122645 -0.0219987 0.00328628
v 0.180586 0.044776 -0.195191
vn 0.0154625 -0.0201512 -0
v 0.180528 0.0448277 -0.195532
vn 0.0126972 -0.0219987 -0
v 0.180528 0.0448277 -0.195532
vn -0.0126972 0.0219987 0
v 0.180586 0.044776 -0.195191
vn -0.0154625 0.0201512 0
v 0.181086 -0.0234645 -0.198721
vn -0.0122645 0.0219987 -0.00328628
v 0.158514 -0.149687 -0.156372
vn 0.0155531 -0.0127028 0.0155531
v 0.173494 -0.0898184 -0.184783
vn 0.015552 -0.0179631 0.00897895
v 0.157791 -0.15021 -0.157645
vn 0.0126981 -0.0179631 0.0126981
v 0.157791 -0.15021 -0.157645
vn -0.0126981 0.0179631 -0.0126981
v 0.173494 -0.0898184 -0.184783
vn -0.015552 0.0179631 -0.00897895
v 0.158514 -0.149687 -0.156372
vn -0.0155531 0.0127028 -0.0155531
v 0.136101 -0.199727 -0.116493
vn 0.0109977 -0.0127028 0.0190486
v 0.136101 -0.199727 -0.116493
vn -0.0109977 0.0127028 -0.0190486
v 0.136101 -0.199727 -0.116493
vn 0.0109977 -0.0127028 0.0190486
v 0.159548 -0.149368 -0.155258
vn 0.0173482 -0.00657578 0.0173482
v 0.158514 -0.149687 -0.156372
vn 0.0155531 -0.0127028 0.0155531
v 0.158514 -0.149687 -0.156372
vn -0.0155531 0.0127028 -0.0155531
v 0.159548 -0.149368 -0.155258
vn -0.0173482 0.00657578 -0.0173482
v 0.136101 -0.199727 -0.116493
vn -0.0109977 0.0127028 -0.0190486
v -0.0635455 0.0212877 0.259795
vn -0.021246 -0.0127028 -0.00569285
v -0.0645218 -0.0465831 0.256864
vn -0.0179579 -0.0179631 0
v -0.0650778 0.0213873 0.26004
vn -0.017346 -0.0179631 -0.00464784
v -0.0650778 0.0213873 0.26004
vn 0.017346 0.0179631 0.00464784
v -0.0645218 -0.0465831 0.256864
vn 0.0179579 0.0179631 0
v -0.0635455 0.0212877 0.259795
vn 0.021246 0.0127028 0.00569285
v -0.0645218 -0.0465831 0.256864
vn -0.0179579 -0.0179631 0
v -0.0645218 -0.0465831 0.256864
vn 0.0179579 0.0179631 0
v -0.0614518 -0.046354 0.256801
vn -0.024534 -0.00657578 0
v -0.0541112 -0.111065 0.238163
vn -0.021246 -0.0127028 0.00569285
v -0.0629931 -0.0464366 0.256634
vn -0.0219954 -0.0127028 0
v -0.0629931 -0.0464366 0.256634
vn 0.0219954 0.0127028 0
v -0.0541112 -0.111065 0.238163
vn 0.021246 0.0127028 -0.00569285
v -0.0614518 -0.046354 0.256801
vn 0.024534 0.00657578 0
v -0.60479 -0.0310488 -0.073795
vn 0.0253602 -0.00142207 0
v -0.556479 -0.0891723 -0.0652053
vn 0.024496 -0.00142207 -0.00656369
v -0.564304 -0.0322268 -0.0489314
vn 0.0253602 -0.00142207 0
v -0.605272 0.0279302 -0.0710409
vn 0.024496 -0.00142207 0.00656369
v -0.564304 -0.0322268 -0.0489314
vn 0.0253602 -0.00142207 0
v -0.564792 0.0274462 -0.0461443
vn 0.024496 -0.00142207 0.00656369
v -0.0525906 -0.110834 0.238373
vn -0.0236981 -0.00657578 0.00634987
v -0.0525906 -0.110834 0.238373
vn 0.0236981 0.00657578 -0.00634987
v 0.161169 0.166081 -0.138792
vn 0.0190486 0.0127028 -0.0109977
v 0.161169 0.166081 -0.138792
vn -0.0190486 -0.0127028 0.0109977
v 0.109768 0.24304 -0.0412789
vn 0.0109977 0.0127028 -0.0190486
v 0.109768 0.24304 -0.0412789
vn -0.0109977 -0.0127028 0.0190486
v 0.177773 0.108953 -0.171311
vn 0.021246 0.0127028 -0.00569285
v 0.177773 0.108953 -0.171311
vn -0.021246 -0.0127028 0.00569285
v 0.177773 0.108953 -0.171311
vn 0.021246 0.0127028 -0.00569285
v 0.177773 0.108953 -0.171311
vn -0.021246 -0.0127028 0.00569285
v 0.176252 0.108722 -0.171521
vn 0.0236981 0.00657578 -0.00634987
v 0.176252 0.108722 -0.171521
vn -0.0236981 -0.00657578 0.00634987
v 0.175159 -0.0893324 -0.182239
vn 0.0212471 -0.00657578 0.012267
v 0.160826 -0.149275 -0.154379
vn 0.0179605 0 0.0179605
v 0.176424 -0.0892871 -0.181337
vn 0.021997 0 0.0127
v 0.176424 -0.0892871 -0.181337
vn -0.021997 0 -0.0127
v 0.160826 -0.149275 -0.154379
vn -0.0179605 0 -0.0179605
v 0.175159 -0.0893324 -0.182239
vn -0.0212471 0.00657578 -0.012267
v 0.182953 -0.0232805 -0.19457
vn 0.0236981 -0.00657578 0.00634987
v 0.176424 -0.0892871 -0.181337
vn 0.021997 0 0.0127
v 0.184213 -0.0232858 -0.19366
vn 0.0245345 -0 0.006574
v 0.184213 -0.0232858 -0.19366
vn -0.0245345 0 -0.006574
v 0.176424 -0.0892871 -0.181337
vn -0.021997 0 -0.0127
v 0.182953 -0.0232805 -0.19457
vn -0.0236981 0.00657578 -0.00634987
v 0.182402 0.0442884 -0.191416
vn 0.024534 -0.00657578 0
v 0.184213 -0.0232858 -0.19366
vn 0.0245345 -0 0.006574
v 0.183662 0.0442299 -0.190508
vn 0.0254 -0 0
v 0.183662 0.0442299 -0.190508
vn -0.0254 0 0
v 0.184213 -0.0232858 -0.19366
vn -0.0245345 0 -0.006574
v 0.182402 0.0442884 -0.191416
vn -0.024534 0.00657578 0
v 0.173541 0.108769 -0.172987
vn 0.0236981 -0.00657578 -0.00634987
v 0.183662 0.0442299 -0.190508
vn 0.0254 -0 0
v 0.174808 0.10866 -0.172093
vn 0.0245345 0 -0.006574
v 0.174808 0.10866 -0.172093
vn -0.0245345 0 0.006574
v 0.183662 0.0442299 -0.190508
vn -0.0254 0 0
v 0.173541 0.108769 -0.172987
vn -0.0236981 0.00657578 0.00634987
v 0.160826 -0.149275 -0.154379
vn 0.0179605 0 0.0179605
v 0.137186 -0.199295 -0.11547
vn 0.012267 -0.00657578 0.0212471
v 0.138481 -0.199162 -0.114622
vn 0.0127 -0 0.021997
v 0.138481 -0.199162 -0.114622
vn -0.0127 0 -0.021997
v 0.137186 -0.199295 -0.11547
vn -0.012267 0.00657578 -0.0212471
v 0.160826 -0.149275 -0.154379
vn -0.0179605 0 -0.0179605
v 0.138481 -0.199162 -0.114622
vn 0.0127 -0 0.021997
v 0.109596 -0.235709 -0.0655854
vn 0.00634987 -0.00657578 0.0236981
v 0.110913 -0.235549 -0.0647753
vn 0.006574 -0 0.0245345
v 0.110913 -0.235549 -0.0647753
vn -0.006574 0 -0.0245345
v 0.109596 -0.235709 -0.0655854
vn -0.00634987 0.00657578 -0.0236981
v 0.138481 -0.199162 -0.114622
vn -0.0127 0 -0.021997
v 0.180528 0.0448277 -0.195532
vn 0.0126972 -0.0219987 -0
v 0.171639 0.109877 -0.176585
vn 0.0149357 -0.0201512 -0.004002
v 0.171572 0.109998 -0.176907
vn 0.0122645 -0.0219987 -0.00328628
v 0.171572 0.109998 -0.176907
vn -0.0122645 0.0219987 0.00328628
v 0.171639 0.109877 -0.176585
vn -0.0149357 0.0201512 0.004002
v 0.180528 0.0448277 -0.195532
vn -0.0126972 0.0219987 0
v 0.131923 0.212699 -0.0983277
vn 0.0126981 -0.0179631 -0.0126981
v 0.131923 0.212699 -0.0983277
vn -0.0126981 0.0179631 0.0126981
v 0.103614 0.244038 -0.044972
vn 0.00897895 -0.0179631 -0.015552
v 0.131548 0.213494 -0.0991513
vn 0.0109337 -0.0201512 -0.0109337
v 0.131548 0.213494 -0.0991513
vn -0.0109337 0.0201512 0.0109337
v 0.103614 0.244038 -0.044972
vn -0.00897895 0.0179631 0.015552
v 0.103614 0.244038 -0.044972
vn 0.00897895 -0.0179631 -0.015552
v 0.103135 0.244948 -0.0455999
vn 0.00773128 -0.0201512 -0.013391
v 0.103135 0.244948 -0.0455999
vn -0.00773128 0.0201512 0.013391
v 0.103614 0.244038 -0.044972
vn -0.00897895 0.0179631 0.015552
v 0.155202 0.166798 -0.14284
vn 0.015552 -0.0179631 -0.00897895
v 0.155202 0.166798 -0.14284
vn -0.015552 0.0179631 0.00897895
v 0.154914 0.167423 -0.143829
vn 0.013391 -0.0201512 -0.00773128
v 0.154914 0.167423 -0.143829
vn -0.013391 0.0201512 0.00773128
v 0.0722052 0.258679 0.0135902
vn 0.00464784 -0.0179631 -0.017346
v 0.0722052 0.258679 0.0135902
vn -0.00464784 0.0179631 0.017346
v 0.0398373 0.255621 0.0733677
vn 0 -0.0179631 -0.0179579
v 0.071612 0.259641 0.0131764
vn 0.004002 -0.0201512 -0.0149357
v 0.071612 0.259641 0.0131764
vn -0.004002 0.0201512 0.0149357
v 0.0398373 0.255621 0.0733677
vn 0 0.0179631 0.0179579
v -0.0345936 -0.167724 0.206525
vn -0.021997 0 0.0127
v -0.0345936 -0.167724 0.206525
vn 0.021997 0 -0.0127
v -0.0415331 0.148225 0.220494
vn -0.0126981 -0.0179631 -0.0126981
v -0.0425434 0.148783 0.220839
vn -0.0109337 -0.0201512 -0.0109337
v -0.0425434 0.148783 0.220839
vn 0.0109337 0.0201512 0.0109337
v -0.0415331 0.148225 0.220494
vn 0.0126981 0.0179631 0.0126981
v -0.0190381 0.198447 0.180469
vn -0.00897895 -0.0179631 -0.015552
v -0.0190381 0.198447 0.180469
vn 0.00897895 0.0179631 0.015552
v -0.0190381 0.198447 0.180469
vn -0.00897895 -0.0179631 -0.015552
v -0.0199654 0.19919 0.180666
vn -0.00773128 -0.0201512 -0.013391
v -0.0199654 0.19919 0.180666
vn 0.00773128 0.0201512 0.013391
v -0.0190381 0.198447 0.180469
vn 0.00897895 0.0179631 0.015552
v -0.0572362 0.0878327 0.247633
vn -0.015552 -0.0179631 -0.00897895
v -0.0572362 0.0878327 0.247633
vn 0.015552 0.0179631 0.00897895
v -0.0600013 -0.0463418 0.257359
vn -0.0254 0 0
v -0.0600013 -0.0463418 0.257359
vn 0.0254 -0 0
v -0.060552 0.0211748 0.260511
vn -0.0245345 0 -0.006574
v -0.060552 0.0211748 0.260511
vn 0.0245345 -0 0.006574
v 0.0127475 0.233436 0.131627
vn -0.006574 0 -0.0245345
v 0.0450029 0.25402 0.0758542
vn 0 0.00657578 -0.024534
v 0.0140656 0.233597 0.132437
vn -0.00634987 0.00657578 -0.0236981
v 0.0140656 0.233597 0.132437
vn 0.00634987 -0.00657578 0.0236981
v 0.0450029 0.25402 0.0758542
vn -0 -0.00657578 0.024534
v 0.0127475 0.233436 0.131627
vn 0.006574 -0 0.0245345
v 0.0771796 0.257057 0.0164298
vn 0.00634987 0.00657578 -0.0236981
v 0.0771796 0.257057 0.0164298
vn -0.00634987 -0.00657578 0.0236981
v -0.0371651 0.147163 0.22123
vn -0.0179605 0 -0.0179605
v -0.0371651 0.147163 0.22123
vn 0.0179605 0 0.0179605
v -0.0527632 0.0871752 0.248188
vn -0.021997 0 -0.0127
v -0.0527632 0.0871752 0.248188
vn 0.021997 0 0.0127
v -0.0148205 0.19705 0.181473
vn -0.0127 0 -0.021997
v -0.0148205 0.19705 0.181473
vn 0.0127 -0 0.021997
v 0.0127475 0.233436 0.131627
vn -0.006574 0 -0.0245345
v 0.0127475 0.233436 0.131627
vn 0.006574 -0 0.0245345
v 0.0784731 0.257628 0.0170709
vn 0.00569285 0.0127028 -0.021246
v 0.108402 0.242505 -0.0417856
vn 0.012267 0.00657578 -0.0212471
v 0.109768 0.24304 -0.0412789
vn 0.0109977 0.0127028 -0.0190486
v 0.109768 0.24304 -0.0412789
vn -0.0109977 -0.0127028 0.0190486
v 0.108402 0.242505 -0.0417856
vn -0.012267 -0.00657578 0.0212471
v 0.0784731 0.257628 0.0170709
vn -0.00569285 -0.0127028 0.021246
v -0.0525906 -0.110834 0.238373
vn -0.0236981 -0.00657578 0.00634987
v -0.0600013 -0.0463418 0.257359
vn -0.0254 0 0
v -0.0511467 -0.110771 0.238944
vn -0.0245345 0 0.006574
v -0.0511467 -0.110771 0.238944
vn 0.0245345 0 -0.006574
v -0.0600013 -0.0463418 0.257359
vn 0.0254 -0 0
v -0.0525906 -0.110834 0.238373
vn 0.0236981 0.00657578 -0.00634987
v 0.137186 -0.199295 -0.11547
vn 0.012267 -0.00657578 0.0212471
v 0.137186 -0.199295 -0.11547
vn -0.012267 0.00657578 -0.0212471
v 0.181143 -0.0234437 -0.198376
vn 0.0149357 -0.0201512 0.004002
v 0.181143 -0.0234437 -0.198376
vn -0.0149357 0.0201512 -0.004002
v 0.18078 0.0445976 -0.194015
vn 0.0179579 -0.0179631 0
v 0.18078 0.0445976 -0.194015
vn -0.0179579 0.0179631 0
v 0.18078 0.0445976 -0.194015
vn 0.0179579 -0.0179631 0
v 0.180586 0.044776 -0.195191
vn 0.0154625 -0.0201512 -0
v 0.180586 0.044776 -0.195191
vn -0.0154625 0.0201512 0
v 0.18078 0.0445976 -0.194015
vn -0.0179579 0.0179631 0
v 0.17416 -0.0895145 -0.183413
vn 0.0190486 -0.0127028 0.0109977
v 0.17416 -0.0895145 -0.183413
vn -0.0190486 0.0127028 -0.0109977
v 0.137186 -0.199295 -0.11547
vn 0.012267 -0.00657578 0.0212471
v 0.137186 -0.199295 -0.11547
vn -0.012267 0.00657578 -0.0212471
v 0.159548 -0.149368 -0.155258
vn 0.0173482 -0.00657578 0.0173482
v 0.17416 -0.0895145 -0.183413
vn 0.0190486 -0.0127028 0.0109977
v 0.158514 -0.149687 -0.156372
vn 0.0155531 -0.0127028 0.0155531
v 0.158514 -0.149687 -0.156372
vn -0.0155531 0.0127028 -0.0155531
v 0.17416 -0.0895145 -0.183413
vn -0.0190486 0.0127028 -0.0109977
v 0.159548 -0.149368 -0.155258
vn -0.0173482 0.00657578 -0.0173482
v -0.0557327 0.087492 0.247434
vn -0.0190486 -0.0127028 -0.0109977
v -0.0650778 0.0213873 0.26004
vn -0.017346 -0.0179631 -0.00464784
v -0.0572362 0.0878327 0.247633
vn -0.015552 -0.0179631 -0.00897895
v -0.0572362 0.0878327 0.247633
vn 0.015552 0.0179631 0.00897895
v -0.0650778 0.0213873 0.26004
vn 0.017346 0.0179631 0.00464784
v -0.0557327 0.087492 0.247434
vn 0.0190486 0.0127028 0.0109977
v -0.0629931 -0.0464366 0.256634
vn -0.0219954 -0.0127028 0
v -0.0629931 -0.0464366 0.256634
vn 0.0219954 0.0127028 0
v -0.0635455 0.0212877 0.259795
vn -0.021246 -0.0127028 -0.00569285
v -0.0635455 0.0212877 0.259795
vn 0.021246 0.0127028 0.00569285
v -0.0629931 -0.0464366 0.256634
vn -0.0219954 -0.0127028 0
v -0.0620033 0.0212149 0.259956
vn -0.0236981 -0.00657578 -0.00634987
v -0.0614518 -0.046354 0.256801
vn -0.024534 -0.00657578 0
v -0.0614518 -0.046354 0.256801
vn 0.024534 0.00657578 0
v -0.0620033 0.0212149 0.259956
vn 0.0236981 0.00657578 0.00634987
v -0.0629931 -0.0464366 0.256634
vn 0.0219954 0.0127028 0
v -0.597056 -0.0873317 -0.0898803
vn 0.024496 -0.00142207 -0.00656369
v -0.60479 -0.0310488 -0.073795
vn 0.0253602 -0.00142207 0
v -0.564792 0.0274462 -0.0461443
vn 0.024496 -0.00142207 0.00656369
v -0.598467 0.0855861 -0.0818058
vn 0.0219625 -0.00142207 0.0126801
v -0.605272 0.0279302 -0.0710409
vn 0.024496 -0.00142207 0.00656369
v -0.0614518 -0.046354 0.256801
vn -0.024534 -0.00657578 0
v -0.0614518 -0.046354 0.256801
vn 0.024534 0.00657578 0
v 0.136544 0.211349 -0.0948262
vn 0.0173482 0.00657578 -0.0173482
v 0.161169 0.166081 -0.138792
vn 0.0190486 0.0127028 -0.0109977
v 0.137974 0.211816 -0.0944407
vn 0.0155531 0.0127028 -0.0155531
v 0.137974 0.211816 -0.0944407
vn -0.0155531 -0.0127028 0.0155531
v 0.161169 0.166081 -0.138792
vn -0.0190486 -0.0127028 0.0109977
v 0.136544 0.211349 -0.0948262
vn -0.0173482 -0.00657578 0.0173482
v 0.109768 0.24304 -0.0412789
vn 0.0109977 0.0127028 -0.0190486
v 0.136544 0.211349 -0.0948262
vn 0.0173482 0.00657578 -0.0173482
v 0.137974 0.211816 -0.0944407
vn 0.0155531 0.0127028 -0.0155531
v 0.137974 0.211816 -0.0944407
vn -0.0155531 -0.0127028 0.0155531
v 0.136544 0.211349 -0.0948262
vn -0.0173482 -0.00657578 0.0173482
v 0.109768 0.24304 -0.0412789
vn -0.0109977 -0.0127028 0.0190486
v 0.159687 0.165719 -0.139078
vn 0.0212471 0.00657578 -0.012267
v 0.177773 0.108953 -0.171311
vn 0.021246 0.0127028 -0.00569285
v 0.161169 0.166081 -0.138792
vn 0.0190486 0.0127028 -0.0109977
v 0.161169 0.166081 -0.138792
vn -0.0190486 -0.0127028 0.0109977
v 0.177773 0.108953 -0.171311
vn -0.021246 -0.0127028 0.00569285
v 0.159687 0.165719 -0.139078
vn -0.0212471 -0.00657578 0.012267
v 0.176252 0.108722 -0.171521
vn 0.0236981 0.00657578 -0.00634987
v 0.176252 0.108722 -0.171521
vn -0.0236981 -0.00657578 0.00634987
v 0.176252 0.108722 -0.171521
vn 0.0236981 0.00657578 -0.00634987
v 0.158255 0.165612 -0.139674
vn 0.021997 0 -0.0127
v 0.174808 0.10866 -0.172093
vn 0.0245345 0 -0.006574
v 0.174808 0.10866 -0.172093
vn -0.0245345 0 0.006574
v 0.158255 0.165612 -0.139674
vn -0.021997 0 0.0127
v 0.176252 0.108722 -0.171521
vn -0.0236981 -0.00657578 0.00634987
v 0.159548 -0.149368 -0.155258
vn 0.0173482 -0.00657578 0.0173482
v 0.159548 -0.149368 -0.155258
vn -0.0173482 0.00657578 -0.0173482
v 0.175159 -0.0893324 -0.182239
vn 0.0212471 -0.00657578 0.012267
v 0.175159 -0.0893324 -0.182239
vn -0.0212471 0.00657578 -0.012267
v 0.182953 -0.0232805 -0.19457
vn 0.0236981 -0.00657578 0.00634987
v 0.182953 -0.0232805 -0.19457
vn -0.0236981 0.00657578 -0.00634987
v 0.182402 0.0442884 -0.191416
vn 0.024534 -0.00657578 0
v 0.182402 0.0442884 -0.191416
vn -0.024534 0.00657578 0
v 0.174808 0.10866 -0.172093
vn 0.0245345 0 -0.006574
v 0.156975 0.165766 -0.140544
vn 0.0212471 -0.00657578 -0.012267
v 0.173541 0.108769 -0.172987
vn 0.0236981 -0.00657578 -0.00634987
v 0.173541 0.108769 -0.172987
vn -0.0236981 0.00657578 0.00634987
v 0.156975 0.165766 -0.140544
vn -0.0212471 0.00657578 0.012267
v 0.174808 0.10866 -0.172093
vn -0.0245345 0 0.006574
v 0.159548 -0.149368 -0.155258
vn 0.0173482 -0.00657578 0.0173482
v 0.159548 -0.149368 -0.155258
vn -0.0173482 0.00657578 -0.0173482
v 0.171867 0.109462 -0.175479
vn 0.017346 -0.0179631 -0.00464784
v 0.171867 0.109462 -0.175479
vn -0.017346 0.0179631 0.00464784
v 0.171867 0.109462 -0.175479
vn 0.017346 -0.0179631 -0.00464784
v 0.171639 0.109877 -0.176585
vn 0.0149357 -0.0201512 -0.004002
v 0.171639 0.109877 -0.176585
vn -0.0149357 0.0201512 0.004002
v 0.171867 0.109462 -0.175479
vn -0.017346 0.0179631 0.00464784
v 0.131923 0.212699 -0.0983277
vn 0.0126981 -0.0179631 -0.0126981
v 0.131923 0.212699 -0.0983277
vn -0.0126981 0.0179631 0.0126981
v 0.155202 0.166798 -0.14284
vn 0.015552 -0.0179631 -0.00897895
v 0.155202 0.166798 -0.14284
vn -0.015552 0.0179631 0.00897895
v 0.0722052 0.258679 0.0135902
vn 0.00464784 -0.0179631 -0.017346
v 0.0722052 0.258679 0.0135902
vn -0.00464784 0.0179631 0.017346
v 0.0087157 0.23508 0.130287
vn -0.00464784 -0.0179631 -0.017346
v -0.0176735 0.197704 0.180514
vn -0.0109977 -0.0127028 -0.0190486
v -0.0190381 0.198447 0.180469
vn -0.00897895 -0.0179631 -0.015552
v -0.0190381 0.198447 0.180469
vn 0.00897895 0.0179631 0.015552
v -0.0176735 0.197704 0.180514
vn 0.0109977 0.0127028 0.0190486
v 0.0087157 0.23508 0.130287
vn 0.00464784 0.0179631 0.017346
v 0.0398373 0.255621 0.0733677
vn 0 -0.0179631 -0.0179579
v 0.00997972 0.234203 0.130515
vn -0.00569285 -0.0127028 -0.021246
v 0.0087157 0.23508 0.130287
vn -0.00464784 -0.0179631 -0.017346
v 0.0087157 0.23508 0.130287
vn 0.00464784 0.0179631 0.017346
v 0.00997972 0.234203 0.130515
vn 0.00569285 0.0127028 0.021246
v 0.0398373 0.255621 0.0733677
vn 0 0.0179631 0.0179579
v -0.0400868 0.147664 0.220394
vn -0.0155531 -0.0127028 -0.0155531
v -0.0572362 0.0878327 0.247633
vn -0.015552 -0.0179631 -0.00897895
v -0.0415331 0.148225 0.220494
vn -0.0126981 -0.0179631 -0.0126981
v -0.0415331 0.148225 0.220494
vn 0.0126981 0.0179631 0.0126981
v -0.0572362 0.0878327 0.247633
vn 0.015552 0.0179631 0.00897895
v -0.0400868 0.147664 0.220394
vn 0.0155531 0.0127028 0.0155531
v -0.0614518 -0.046354 0.256801
vn -0.024534 -0.00657578 0
v -0.060552 0.0211748 0.260511
vn -0.0245345 0 -0.006574
v -0.0600013 -0.0463418 0.257359
vn -0.0254 0 0
v -0.0600013 -0.0463418 0.257359
vn 0.0254 -0 0
v -0.060552 0.0211748 0.260511
vn 0.0245345 -0 0.006574
v -0.0614518 -0.046354 0.256801
vn 0.024534 0.00657578 0
v 0.0436608 0.253844 0.0750885
vn 0 0 -0.0254
v 0.0436608 0.253844 0.0750885
vn 0 -0 0.0254
v 0.0450029 0.25402 0.0758542
vn 0 0.00657578 -0.024534
v 0.0758121 0.256878 0.0157109
vn 0.006574 0 -0.0245345
v 0.0771796 0.257057 0.0164298
vn 0.00634987 0.00657578 -0.0236981
v 0.0771796 0.257057 0.0164298
vn -0.00634987 -0.00657578 0.0236981
v 0.0758121 0.256878 0.0157109
vn -0.006574 0 0.0245345
v 0.0450029 0.25402 0.0758542
vn -0 -0.00657578 0.024534
v 0.0771796 0.257057 0.0164298
vn 0.00634987 0.00657578 -0.0236981
v 0.0771796 0.257057 0.0164298
vn -0.00634987 -0.00657578 0.0236981
v -0.054209 0.0872668 0.247625
vn -0.0212471 -0.00657578 -0.012267
v -0.0371651 0.147163 0.22123
vn -0.0179605 0 -0.0179605
v -0.0527632 0.0871752 0.248188
vn -0.021997 0 -0.0127
v -0.0527632 0.0871752 0.248188
vn 0.021997 0 0.0127
v -0.0371651 0.147163 0.22123
vn 0.0179605 0 0.0179605
v -0.054209 0.0872668 0.247625
vn 0.0212471 0.00657578 0.012267
v -0.0620033 0.0212149 0.259956
vn -0.0236981 -0.00657578 -0.00634987
v -0.0527632 0.0871752 0.248188
vn -0.021997 0 -0.0127
v -0.060552 0.0211748 0.260511
vn -0.0245345 0 -0.006574
v -0.060552 0.0211748 0.260511
vn 0.0245345 -0 0.006574
v -0.0527632 0.0871752 0.248188
vn 0.021997 0 0.0127
v -0.0620033 0.0212149 0.259956
vn 0.0236981 0.00657578 0.00634987
v -0.0371651 0.147163 0.22123
vn -0.0179605 0 -0.0179605
v -0.0162359 0.19723 0.180856
vn -0.012267 -0.00657578 -0.0212471
v -0.0148205 0.19705 0.181473
vn -0.0127 0 -0.021997
v -0.0148205 0.19705 0.181473
vn 0.0127 -0 0.021997
v -0.0162359 0.19723 0.180856
vn 0.012267 0.00657578 0.0212471
v -0.0371651 0.147163 0.22123
vn 0.0179605 0 0.0179605
v -0.0148205 0.19705 0.181473
vn -0.0127 0 -0.021997
v 0.0113538 0.233643 0.130971
vn -0.00634987 -0.00657578 -0.0236981
v 0.0127475 0.233436 0.131627
vn -0.006574 0 -0.0245345
v 0.0127475 0.233436 0.131627
vn 0.006574 -0 0.0245345
v 0.0113538 0.233643 0.130971
vn 0.00634987 0.00657578 0.0236981
v -0.0148205 0.19705 0.181473
vn 0.0127 -0 0.021997
v 0.108402 0.242505 -0.0417856
vn 0.012267 0.00657578 -0.0212471
v 0.108402 0.242505 -0.0417856
vn -0.012267 -0.00657578 0.0212471
v 0.181336 -0.0233728 -0.197191
vn 0.017346 -0.0179631 0.00464784
v 0.181336 -0.0233728 -0.197191
vn -0.017346 0.0179631 -0.00464784
v 0.181336 -0.0233728 -0.197191
vn 0.017346 -0.0179631 0.00464784
v 0.181143 -0.0234437 -0.198376
vn 0.0149357 -0.0201512 0.004002
v 0.181143 -0.0234437 -0.198376
vn -0.0149357 0.0201512 -0.004002
v 0.181336 -0.0233728 -0.197191
vn -0.017346 0.0179631 -0.00464784
v 0.17416 -0.0895145 -0.183413
vn 0.0190486 -0.0127028 0.0109977
v 0.181336 -0.0233728 -0.197191
vn 0.017346 -0.0179631 0.00464784
v 0.173494 -0.0898184 -0.184783
vn 0.015552 -0.0179631 0.00897895
v 0.173494 -0.0898184 -0.184783
vn -0.015552 0.0179631 -0.00897895
v 0.181336 -0.0233728 -0.197191
vn -0.017346 0.0179631 -0.00464784
v 0.17416 -0.0895145 -0.183413
vn -0.0190486 0.0127028 -0.0109977
v 0.175159 -0.0893324 -0.182239
vn 0.0212471 -0.00657578 0.012267
v 0.175159 -0.0893324 -0.182239
vn -0.0212471 0.00657578 -0.012267
v -0.0557327 0.087492 0.247434
vn -0.0190486 -0.0127028 -0.0109977
v -0.0557327 0.087492 0.247434
vn 0.0190486 0.0127028 0.0109977
v -0.0635455 0.0212877 0.259795
vn -0.021246 -0.0127028 -0.00569285
v -0.0635455 0.0212877 0.259795
vn 0.021246 0.0127028 0.00569285
v -0.054209 0.0872668 0.247625
vn -0.0212471 -0.00657578 -0.012267
v -0.0635455 0.0212877 0.259795
vn -0.021246 -0.0127028 -0.00569285
v -0.0557327 0.087492 0.247434
vn -0.0190486 -0.0127028 -0.0109977
v -0.0557327 0.087492 0.247434
vn 0.0190486 0.0127028 0.0109977
v -0.0635455 0.0212877 0.259795
vn 0.021246 0.0127028 0.00569285
v -0.054209 0.0872668 0.247625
vn 0.0212471 0.00657578 0.012267
v -0.0620033 0.0212149 0.259956
vn -0.0236981 -0.00657578 -0.00634987
v -0.0620033 0.0212149 0.259956
vn 0.0236981 0.00657578 0.00634987
v -0.60479 -0.0310488 -0.073795
vn 0 -0.0254 0
v -0.391935 0.0480711 -0.465034
vn 0 -0.0254 0
v -0.597056 -0.0873317 -0.0898803
vn 0 -0.0254 0
v -0.597056 -0.0873317 -0.0898803
vn 0.024496 -0.00142207 -0.00656369
v -0.541849 -0.13951 -0.0938591
vn 0.0219625 -0.00142207 -0.0126801
v -0.556479 -0.0891723 -0.0652053
vn 0.024496 -0.00142207 -0.00656369
v -0.605272 0.0279302 -0.0710409
vn 0 -0.0254 0
v -0.39967 0.104354 -0.448949
vn 0 -0.0254 0
v -0.557908 0.0857807 -0.0570359
vn 0.0219625 -0.00142207 0.0126801
v -0.598467 0.0855861 -0.0818058
vn 0 -0.0254 0
v -0.41413 0.154106 -0.420628
vn 0 -0.0254 0
v 0.159687 0.165719 -0.139078
vn 0.0212471 0.00657578 -0.012267
v 0.159687 0.165719 -0.139078
vn -0.0212471 -0.00657578 0.012267
v 0.159687 0.165719 -0.139078
vn 0.0212471 0.00657578 -0.012267
v 0.159687 0.165719 -0.139078
vn -0.0212471 -0.00657578 0.012267
v 0.158255 0.165612 -0.139674
vn 0.021997 0 -0.0127
v 0.158255 0.165612 -0.139674
vn -0.021997 0 0.0127
v 0.181973 -0.0233102 -0.195773
vn 0.021246 -0.0127028 0.00569285
v 0.175159 -0.0893324 -0.182239
vn 0.0212471 -0.00657578 0.012267
v 0.182953 -0.0232805 -0.19457
vn 0.0236981 -0.00657578 0.00634987
v 0.182953 -0.0232805 -0.19457
vn -0.0236981 0.00657578 -0.00634987
v 0.175159 -0.0893324 -0.182239
vn -0.0212471 0.00657578 -0.012267
v 0.181973 -0.0233102 -0.195773
vn -0.021246 0.0127028 -0.00569285
v 0.181421 0.044414 -0.192612
vn 0.0219954 -0.0127028 0
v 0.182953 -0.0232805 -0.19457
vn 0.0236981 -0.00657578 0.00634987
v 0.182402 0.0442884 -0.191416
vn 0.024534 -0.00657578 0
v 0.182402 0.0442884 -0.191416
vn -0.024534 0.00657578 0
v 0.182953 -0.0232805 -0.19457
vn -0.0236981 0.00657578 -0.00634987
v 0.181421 0.044414 -0.192612
vn -0.0219954 0.0127028 0
v 0.172539 0.109042 -0.174141
vn 0.021246 -0.0127028 -0.00569285
v 0.182402 0.0442884 -0.191416
vn 0.024534 -0.00657578 0
v 0.173541 0.108769 -0.172987
vn 0.0236981 -0.00657578 -0.00634987
v 0.173541 0.108769 -0.172987
vn -0.0236981 0.00657578 0.00634987
v 0.182402 0.0442884 -0.191416
vn -0.024534 0.00657578 0
v 0.172539 0.109042 -0.174141
vn -0.021246 0.0127028 0.00569285
v 0.155934 0.16617 -0.141622
vn 0.0190486 -0.0127028 -0.0109977
v 0.173541 0.108769 -0.172987
vn 0.0236981 -0.00657578 -0.00634987
v 0.156975 0.165766 -0.140544
vn 0.0212471 -0.00657578 -0.012267
v 0.156975 0.165766 -0.140544
vn -0.0212471 0.00657578 0.012267
v 0.173541 0.108769 -0.172987
vn -0.0236981 0.00657578 0.00634987
v 0.155934 0.16617 -0.141622
vn -0.0190486 0.0127028 0.0109977
v 0.132739 0.211905 -0.0972705
vn 0.0155531 -0.0127028 -0.0155531
v 0.103614 0.244038 -0.044972
vn 0.00897895 -0.0179631 -0.015552
v 0.131923 0.212699 -0.0983277
vn 0.0126981 -0.0179631 -0.0126981
v 0.131923 0.212699 -0.0983277
vn -0.0126981 0.0179631 0.0126981
v 0.103614 0.244038 -0.044972
vn -0.00897895 0.0179631 0.015552
v 0.132739 0.211905 -0.0972705
vn -0.0155531 0.0127028 0.0155531
v 0.104533 0.24313 -0.0441086
vn 0.0109977 -0.0127028 -0.0190486
v 0.0722052 0.258679 0.0135902
vn 0.00464784 -0.0179631 -0.017346
v 0.103614 0.244038 -0.044972
vn 0.00897895 -0.0179631 -0.015552
v 0.103614 0.244038 -0.044972
vn -0.00897895 0.0179631 0.015552
v 0.0722052 0.258679 0.0135902
vn -0.00464784 0.0179631 0.017346
v 0.104533 0.24313 -0.0441086
vn -0.0109977 0.0127028 0.0190486
v 0.172539 0.109042 -0.174141
vn 0.021246 -0.0127028 -0.00569285
v 0.155202 0.166798 -0.14284
vn 0.015552 -0.0179631 -0.00897895
v 0.171867 0.109462 -0.175479
vn 0.017346 -0.0179631 -0.00464784
v 0.171867 0.109462 -0.175479
vn -0.017346 0.0179631 0.00464784
v 0.155202 0.166798 -0.14284
vn -0.015552 0.0179631 0.00897895
v 0.172539 0.109042 -0.174141
vn -0.021246 0.0127028 0.00569285
v 0.155934 0.16617 -0.141622
vn 0.0190486 -0.0127028 -0.0109977
v 0.131923 0.212699 -0.0983277
vn 0.0126981 -0.0179631 -0.0126981
v 0.155202 0.166798 -0.14284
vn 0.015552 -0.0179631 -0.00897895
v 0.155202 0.166798 -0.14284
vn -0.015552 0.0179631 0.00897895
v 0.131923 0.212699 -0.0983277
vn -0.0126981 0.0179631 0.0126981
v 0.155934 0.16617 -0.141622
vn -0.0190486 0.0127028 0.0109977
v 0.0722052 0.258679 0.0135902
vn 0.00464784 -0.0179631 -0.017346
v 0.0409881 0.254674 0.0738021
vn 0 -0.0127028 -0.0219954
v 0.0398373 0.255621 0.0733677
vn 0 -0.0179631 -0.0179579
v 0.0398373 0.255621 0.0733677
vn 0 0.0179631 0.0179579
v 0.0409881 0.254674 0.0738021
vn 0 0.0127028 0.0219954
v 0.0722052 0.258679 0.0135902
vn -0.00464784 0.0179631 0.017346
v -0.0190381 0.198447 0.180469
vn -0.00897895 -0.0179631 -0.015552
v -0.0400868 0.147664 0.220394
vn -0.0155531 -0.0127028 -0.0155531
v -0.0415331 0.148225 0.220494
vn -0.0126981 -0.0179631 -0.0126981
v -0.0415331 0.148225 0.220494
vn 0.0126981 0.0179631 0.0126981
v -0.0400868 0.147664 0.220394
vn 0.0155531 0.0127028 0.0155531
v -0.0190381 0.198447 0.180469
vn 0.00897895 0.0179631 0.015552
v 0.00997972 0.234203 0.130515
vn -0.00569285 -0.0127028 -0.021246
v 0.00997972 0.234203 0.130515
vn 0.00569285 0.0127028 0.021246
v -0.0176735 0.197704 0.180514
vn -0.0109977 -0.0127028 -0.0190486
v -0.0176735 0.197704 0.180514
vn 0.0109977 0.0127028 0.0190486
v 0.0409881 0.254674 0.0738021
vn 0 -0.0127028 -0.0219954
v 0.0409881 0.254674 0.0738021
vn 0 0.0127028 0.0219954
v 0.0127475 0.233436 0.131627
vn -0.006574 0 -0.0245345
v 0.0422912 0.254066 0.0743882
vn 0 -0.00657578 -0.024534
v 0.0436608 0.253844 0.0750885
vn 0 0 -0.0254
v 0.0436608 0.253844 0.0750885
vn 0 -0 0.0254
v 0.0422912 0.254066 0.0743882
vn 0 0.00657578 0.024534
v 0.0127475 0.233436 0.131627
vn 0.006574 -0 0.0245345
v 0.0436608 0.253844 0.0750885
vn 0 0 -0.0254
v 0.0436608 0.253844 0.0750885
vn 0 -0 0.0254
v 0.107011 0.242336 -0.0424599
vn 0.0127 0 -0.021997
v 0.0771796 0.257057 0.0164298
vn 0.00634987 0.00657578 -0.0236981
v 0.0758121 0.256878 0.0157109
vn 0.006574 0 -0.0245345
v 0.0758121 0.256878 0.0157109
vn -0.006574 0 0.0245345
v 0.0771796 0.257057 0.0164298
vn -0.00634987 -0.00657578 0.0236981
v 0.107011 0.242336 -0.0424599
vn -0.0127 0 0.021997
v 0.108402 0.242505 -0.0417856
vn 0.012267 0.00657578 -0.0212471
v 0.108402 0.242505 -0.0417856
vn -0.012267 -0.00657578 0.0212471
v -0.0385979 0.147302 0.220644
vn -0.0173482 -0.00657578 -0.0173482
v -0.0385979 0.147302 0.220644
vn 0.0173482 0.00657578 0.0173482
v -0.054209 0.0872668 0.247625
vn -0.0212471 -0.00657578 -0.012267
v -0.054209 0.0872668 0.247625
vn 0.0212471 0.00657578 0.012267
v -0.0385979 0.147302 0.220644
vn -0.0173482 -0.00657578 -0.0173482
v -0.0385979 0.147302 0.220644
vn 0.0173482 0.00657578 0.0173482
v -0.0162359 0.19723 0.180856
vn -0.012267 -0.00657578 -0.0212471
v -0.0162359 0.19723 0.180856
vn 0.012267 0.00657578 0.0212471
v 0.0113538 0.233643 0.130971
vn -0.00634987 -0.00657578 -0.0236981
v 0.0113538 0.233643 0.130971
vn 0.00634987 0.00657578 0.0236981
v 0.108402 0.242505 -0.0417856
vn 0.012267 0.00657578 -0.0212471
v 0.13513 0.211207 -0.0954588
vn 0.0179605 0 -0.0179605
v 0.136544 0.211349 -0.0948262
vn 0.0173482 0.00657578 -0.0173482
v 0.136544 0.211349 -0.0948262
vn -0.0173482 -0.00657578 0.0173482
v 0.13513 0.211207 -0.0954588
vn -0.0179605 0 0.0179605
v 0.108402 0.242505 -0.0417856
vn -0.012267 -0.00657578 0.0212471
v 0.181973 -0.0233102 -0.195773
vn 0.021246 -0.0127028 0.00569285
v 0.18078 0.0445976 -0.194015
vn 0.0179579 -0.0179631 0
v 0.181336 -0.0233728 -0.197191
vn 0.017346 -0.0179631 0.00464784
v 0.181336 -0.0233728 -0.197191
vn -0.017346 0.0179631 -0.00464784
v 0.18078 0.0445976 -0.194015
vn -0.0179579 0.0179631 0
v 0.181973 -0.0233102 -0.195773
vn -0.021246 0.0127028 -0.00569285
v 0.181421 0.044414 -0.192612
vn 0.0219954 -0.0127028 0
v 0.171867 0.109462 -0.175479
vn 0.017346 -0.0179631 -0.00464784
v 0.18078 0.0445976 -0.194015
vn 0.0179579 -0.0179631 0
v 0.18078 0.0445976 -0.194015
vn -0.0179579 0.0179631 0
v 0.171867 0.109462 -0.175479
vn -0.017346 0.0179631 0.00464784
v 0.181421 0.044414 -0.192612
vn -0.0219954 0.0127028 0
v 0.181973 -0.0233102 -0.195773
vn 0.021246 -0.0127028 0.00569285
v 0.181973 -0.0233102 -0.195773
vn -0.021246 0.0127028 -0.00569285
v 0.17416 -0.0895145 -0.183413
vn 0.0190486 -0.0127028 0.0109977
v 0.17416 -0.0895145 -0.183413
vn -0.0190486 0.0127028 -0.0109977
v -0.0385979 0.147302 0.220644
vn -0.0173482 -0.00657578 -0.0173482
v -0.0557327 0.087492 0.247434
vn -0.0190486 -0.0127028 -0.0109977
v -0.0400868 0.147664 0.220394
vn -0.0155531 -0.0127028 -0.0155531
v -0.0400868 0.147664 0.220394
vn 0.0155531 0.0127028 0.0155531
v -0.0557327 0.087492 0.247434
vn 0.0190486 0.0127028 0.0109977
v -0.0385979 0.147302 0.220644
vn 0.0173482 0.00657578 0.0173482
v -0.0620033 0.0212149 0.259956
vn -0.0236981 -0.00657578 -0.00634987
v -0.0620033 0.0212149 0.259956
vn 0.0236981 0.00657578 0.00634987
v -0.054209 0.0872668 0.247625
vn -0.0212471 -0.00657578 -0.012267
v -0.054209 0.0872668 0.247625
vn 0.0212471 0.00657578 0.012267
v -0.391454 -0.0109078 -0.467788
vn 0 -0.0254 0
v -0.582595 -0.137084 -0.118201
vn 0.0219625 -0.00142207 -0.0126801
v -0.557908 0.0857807 -0.0570359
vn 0.0219625 -0.00142207 0.0126801
v -0.584841 0.13799 -0.105356
vn 0.0179323 -0.00142207 0.0179323
v -0.598467 0.0855861 -0.0818058
vn 0.0219625 -0.00142207 0.0126801
v -0.434331 0.193936 -0.382003
vn 0 -0.0254 0
v 0.13513 0.211207 -0.0954588
vn 0.0179605 0 -0.0179605
v 0.159687 0.165719 -0.139078
vn 0.0212471 0.00657578 -0.012267
v 0.136544 0.211349 -0.0948262
vn 0.0173482 0.00657578 -0.0173482
v 0.136544 0.211349 -0.0948262
vn -0.0173482 -0.00657578 0.0173482
v 0.159687 0.165719 -0.139078
vn -0.0212471 -0.00657578 0.012267
v 0.13513 0.211207 -0.0954588
vn -0.0179605 0 0.0179605
v 0.158255 0.165612 -0.139674
vn 0.021997 0 -0.0127
v 0.158255 0.165612 -0.139674
vn -0.021997 0 0.0127
v 0.158255 0.165612 -0.139674
vn 0.021997 0 -0.0127
v 0.133832 0.211396 -0.0962922
vn 0.0173482 -0.00657578 -0.0173482
v 0.156975 0.165766 -0.140544
vn 0.0212471 -0.00657578 -0.012267
v 0.156975 0.165766 -0.140544
vn -0.0212471 0.00657578 0.012267
v 0.133832 0.211396 -0.0962922
vn -0.0173482 0.00657578 0.0173482
v 0.158255 0.165612 -0.139674
vn -0.021997 0 0.0127
v 0.181973 -0.0233102 -0.195773
vn 0.021246 -0.0127028 0.00569285
v 0.181973 -0.0233102 -0.195773
vn -0.021246 0.0127028 -0.00569285
v 0.181421 0.044414 -0.192612
vn 0.0219954 -0.0127028 0
v 0.181421 0.044414 -0.192612
vn -0.0219954 0.0127028 0
v 0.172539 0.109042 -0.174141
vn 0.021246 -0.0127028 -0.00569285
v 0.172539 0.109042 -0.174141
vn -0.021246 0.0127028 0.00569285
v 0.156975 0.165766 -0.140544
vn 0.0212471 -0.00657578 -0.012267
v 0.132739 0.211905 -0.0972705
vn 0.0155531 -0.0127028 -0.0155531
v 0.155934 0.16617 -0.141622
vn 0.0190486 -0.0127028 -0.0109977
v 0.155934 0.16617 -0.141622
vn -0.0190486 0.0127028 0.0109977
v 0.132739 0.211905 -0.0972705
vn -0.0155531 0.0127028 0.0155531
v 0.156975 0.165766 -0.140544
vn -0.0212471 0.00657578 0.012267
v 0.104533 0.24313 -0.0441086
vn 0.0109977 -0.0127028 -0.0190486
v 0.104533 0.24313 -0.0441086
vn -0.0109977 0.0127028 0.0190486
v 0.132739 0.211905 -0.0972705
vn 0.0155531 -0.0127028 -0.0155531
v 0.132739 0.211905 -0.0972705
vn -0.0155531 0.0127028 0.0155531
v 0.0732386 0.257717 0.0142411
vn 0.00569285 -0.0127028 -0.021246
v 0.0732386 0.257717 0.0142411
vn -0.00569285 0.0127028 0.021246
v 0.155934 0.16617 -0.141622
vn 0.0190486 -0.0127028 -0.0109977
v 0.155934 0.16617 -0.141622
vn -0.0190486 0.0127028 0.0109977
v 0.172539 0.109042 -0.174141
vn 0.021246 -0.0127028 -0.00569285
v 0.172539 0.109042 -0.174141
vn -0.021246 0.0127028 0.00569285
v 0.0732386 0.257717 0.0142411
vn 0.00569285 -0.0127028 -0.021246
v 0.0732386 0.257717 0.0142411
vn -0.00569285 0.0127028 0.021246
v 0.00997972 0.234203 0.130515
vn -0.00569285 -0.0127028 -0.021246
v -0.0162359 0.19723 0.180856
vn -0.012267 -0.00657578 -0.0212471
v -0.0176735 0.197704 0.180514
vn -0.0109977 -0.0127028 -0.0190486
v -0.0176735 0.197704 0.180514
vn 0.0109977 0.0127028 0.0190486
v -0.0162359 0.19723 0.180856
vn 0.012267 0.00657578 0.0212471
v 0.00997972 0.234203 0.130515
vn 0.00569285 0.0127028 0.021246
v -0.0176735 0.197704 0.180514
vn -0.0109977 -0.0127028 -0.0190486
v -0.0385979 0.147302 0.220644
vn -0.0173482 -0.00657578 -0.0173482
v -0.0400868 0.147664 0.220394
vn -0.0155531 -0.0127028 -0.0155531
v -0.0400868 0.147664 0.220394
vn 0.0155531 0.0127028 0.0155531
v -0.0385979 0.147302 0.220644
vn 0.0173482 0.00657578 0.0173482
v -0.0176735 0.197704 0.180514
vn 0.0109977 0.0127028 0.0190486
v 0.0409881 0.254674 0.0738021
vn 0 -0.0127028 -0.0219954
v 0.0113538 0.233643 0.130971
vn -0.00634987 -0.00657578 -0.0236981
v 0.00997972 0.234203 0.130515
vn -0.00569285 -0.0127028 -0.021246
v 0.00997972 0.234203 0.130515
vn 0.00569285 0.0127028 0.021246
v 0.0113538 0.233643 0.130971
vn 0.00634987 0.00657578 0.0236981
v 0.0409881 0.254674 0.0738021
vn 0 0.0127028 0.0219954
v 0.0744678 0.257103 0.0149638
vn 0.00634987 -0.00657578 -0.0236981
v 0.0436608 0.253844 0.0750885
vn 0 0 -0.0254
v 0.0422912 0.254066 0.0743882
vn 0 -0.00657578 -0.024534
v 0.0422912 0.254066 0.0743882
vn 0 0.00657578 0.024534
v 0.0436608 0.253844 0.0750885
vn 0 -0 0.0254
v 0.0744678 0.257103 0.0149638
vn -0.00634987 0.00657578 0.0236981
v 0.0758121 0.256878 0.0157109
vn 0.006574 0 -0.0245345
v 0.0758121 0.256878 0.0157109
vn -0.006574 0 0.0245345
v 0.0744678 0.257103 0.0149638
vn 0.00634987 -0.00657578 -0.0236981
v 0.107011 0.242336 -0.0424599
vn 0.0127 0 -0.021997
v 0.0758121 0.256878 0.0157109
vn 0.006574 0 -0.0245345
v 0.0758121 0.256878 0.0157109
vn -0.006574 0 0.0245345
v 0.107011 0.242336 -0.0424599
vn -0.0127 0 0.021997
v 0.0744678 0.257103 0.0149638
vn -0.00634987 0.00657578 0.0236981
v 0.107011 0.242336 -0.0424599
vn 0.0127 0 -0.021997
v 0.107011 0.242336 -0.0424599
vn -0.0127 0 0.021997
v -0.0162359 0.19723 0.180856
vn -0.012267 -0.00657578 -0.0212471
v -0.0162359 0.19723 0.180856
vn 0.012267 0.00657578 0.0212471
v 0.0113538 0.233643 0.130971
vn -0.00634987 -0.00657578 -0.0236981
v 0.0113538 0.233643 0.130971
vn 0.00634987 0.00657578 0.0236981
v 0.0422912 0.254066 0.0743882
vn 0 -0.00657578 -0.024534
v 0.0422912 0.254066 0.0743882
vn 0 0.00657578 0.024534
v 0.181421 0.044414 -0.192612
vn 0.0219954 -0.0127028 0
v 0.181421 0.044414 -0.192612
vn -0.0219954 0.0127028 0
v -0.356772 0.104769 -0.428497
vn -0.024496 -0.00142207 0.00656369
v -0.391935 0.0480711 -0.465034
vn -0.0253602 -0.00142207 0
v -0.39967 0.104354 -0.448949
vn -0.024496 -0.00142207 0.00656369
v -0.348946 0.0478235 -0.444771
vn -0.0253602 -0.00142207 0
v -0.391454 -0.0109078 -0.467788
vn -0.024496 -0.00142207 -0.00656369
v -0.391935 0.0480711 -0.465034
vn -0.0253602 -0.00142207 0
v -0.582595 -0.137084 -0.118201
vn 0 -0.0254 0
v -0.582595 -0.137084 -0.118201
vn 0.0219625 -0.00142207 -0.0126801
v -0.521411 -0.179808 -0.132938
vn 0.0179323 -0.00142207 -0.0179323
v -0.541849 -0.13951 -0.0938591
vn 0.0219625 -0.00142207 -0.0126801
v -0.371402 0.155106 -0.399844
vn -0.0219625 -0.00142207 0.0126801
v -0.39967 0.104354 -0.448949
vn -0.024496 -0.00142207 0.00656369
v -0.41413 0.154106 -0.420628
vn -0.0219625 -0.00142207 0.0126801
v -0.544122 0.1388 -0.0808624
vn 0.0179323 -0.00142207 0.0179323
v -0.584841 0.13799 -0.105356
vn 0 -0.0254 0
v -0.39184 0.195405 -0.360765
vn -0.0179323 -0.00142207 0.0179323
v -0.41413 0.154106 -0.420628
vn -0.0219625 -0.00142207 0.0126801
v -0.434331 0.193936 -0.382003
vn -0.0179323 -0.00142207 0.0179323
v 0.13513 0.211207 -0.0954588
vn 0.0179605 0 -0.0179605
v 0.13513 0.211207 -0.0954588
vn -0.0179605 0 0.0179605
v 0.133832 0.211396 -0.0962922
vn 0.0173482 -0.00657578 -0.0173482
v 0.133832 0.211396 -0.0962922
vn -0.0173482 0.00657578 0.0173482
v 0.133832 0.211396 -0.0962922
vn 0.0173482 -0.00657578 -0.0173482
v 0.104533 0.24313 -0.0441086
vn 0.0109977 -0.0127028 -0.0190486
v 0.132739 0.211905 -0.0972705
vn 0.0155531 -0.0127028 -0.0155531
v 0.132739 0.211905 -0.0972705
vn -0.0155531 0.0127028 0.0155531
v 0.104533 0.24313 -0.0441086
vn -0.0109977 0.0127028 0.0190486
v 0.133832 0.211396 -0.0962922
vn -0.0173482 0.00657578 0.0173482
v 0.10569 0.242551 -0.0432515
vn 0.012267 -0.00657578 -0.0212471
v 0.0732386 0.257717 0.0142411
vn 0.00569285 -0.0127028 -0.021246
v 0.104533 0.24313 -0.0441086
vn 0.0109977 -0.0127028 -0.0190486
v 0.104533 0.24313 -0.0441086
vn -0.0109977 0.0127028 0.0190486
v 0.0732386 0.257717 0.0142411
vn -0.00569285 0.0127028 0.021246
v 0.10569 0.242551 -0.0432515
vn -0.012267 0.00657578 0.0212471
v 0.0732386 0.257717 0.0142411
vn 0.00569285 -0.0127028 -0.021246
v 0.0422912 0.254066 0.0743882
vn 0 -0.00657578 -0.024534
v 0.0409881 0.254674 0.0738021
vn 0 -0.0127028 -0.0219954
v 0.0409881 0.254674 0.0738021
vn 0 0.0127028 0.0219954
v 0.0422912 0.254066 0.0743882
vn 0 0.00657578 0.024534
v 0.0732386 0.257717 0.0142411
vn -0.00569285 0.0127028 0.021246
v 0.0744678 0.257103 0.0149638
vn 0.00634987 -0.00657578 -0.0236981
v 0.0744678 0.257103 0.0149638
vn -0.00634987 0.00657578 0.0236981
v 0.10569 0.242551 -0.0432515
vn 0.012267 -0.00657578 -0.0212471
v 0.10569 0.242551 -0.0432515
vn -0.012267 0.00657578 0.0212471
v 0.10569 0.242551 -0.0432515
vn 0.012267 -0.00657578 -0.0212471
v 0.13513 0.211207 -0.0954588
vn 0.0179605 0 -0.0179605
v 0.107011 0.242336 -0.0424599
vn 0.0127 0 -0.021997
v 0.107011 0.242336 -0.0424599
vn -0.0127 0 0.021997
v 0.13513 0.211207 -0.0954588
vn -0.0179605 0 0.0179605
v 0.10569 0.242551 -0.0432515
vn -0.012267 0.00657578 0.0212471
v -0.348946 0.0478235 -0.444771
vn -0.0253602 -0.00142207 0
v -0.356772 0.104769 -0.428497
vn -0.024496 -0.00142207 0.00656369
v -0.348459 -0.0118494 -0.447559
vn -0.024496 -0.00142207 -0.00656369
v -0.398258 -0.0685638 -0.457023
vn 0 -0.0254 0
v -0.562395 -0.176913 -0.156826
vn 0.0179323 -0.00142207 -0.0179323
v -0.371402 0.155106 -0.399844
vn -0.0219625 -0.00142207 0.0126801
v -0.524373 0.182892 -0.116001
vn 0.0126801 -0.00142207 0.0219625
v -0.584841 0.13799 -0.105356
vn 0.0179323 -0.00142207 0.0179323
v -0.544122 0.1388 -0.0808624
vn 0.0179323 -0.00142207 0.0179323
v -0.458895 0.221129 -0.335705
vn 0 -0.0254 0
v -0.434331 0.193936 -0.382003
vn -0.0179323 -0.00142207 0.0179323
v -0.416693 0.222917 -0.313922
vn -0.0126801 -0.00142207 0.0219625
v -0.39184 0.195405 -0.360765
vn -0.0179323 -0.00142207 0.0179323
v 0.133832 0.211396 -0.0962922
vn 0.0173482 -0.00657578 -0.0173482
v 0.133832 0.211396 -0.0962922
vn -0.0173482 0.00657578 0.0173482
v 0.10569 0.242551 -0.0432515
vn 0.012267 -0.00657578 -0.0212471
v 0.10569 0.242551 -0.0432515
vn -0.012267 0.00657578 0.0212471
v 0.0744678 0.257103 0.0149638
vn 0.00634987 -0.00657578 -0.0236981
v 0.0744678 0.257103 0.0149638
vn -0.00634987 0.00657578 0.0236981
v -0.348459 -0.0118494 -0.447559
vn -0.024496 -0.00142207 -0.00656369
v -0.398258 -0.0685638 -0.457023
vn -0.0219625 -0.00142207 -0.0126801
v -0.391454 -0.0109078 -0.467788
vn -0.024496 -0.00142207 -0.00656369
v -0.562395 -0.176913 -0.156826
vn 0 -0.0254 0
v -0.562395 -0.176913 -0.156826
vn 0.0179323 -0.00142207 -0.0179323
v -0.496558 -0.207321 -0.179781
vn 0.0126801 -0.00142207 -0.0219625
v -0.521411 -0.179808 -0.132938
vn 0.0179323 -0.00142207 -0.0179323
v -0.565322 0.18157 -0.140086
vn 0.0126801 -0.00142207 0.0219625
v -0.565322 0.18157 -0.140086
vn 0 -0.0254 0
v -0.458895 0.221129 -0.335705
vn -0.0126801 -0.00142207 0.0219625
v -0.355343 -0.0701839 -0.436667
vn -0.0219625 -0.00142207 -0.0126801
v -0.411884 -0.120967 -0.433473
vn 0 -0.0254 0
v -0.53783 -0.204107 -0.203124
vn 0.0126801 -0.00142207 -0.0219625
v -0.500007 0.215052 -0.160057
vn 0.00656369 -0.00142207 0.024496
v -0.565322 0.18157 -0.140086
vn 0.0126801 -0.00142207 0.0219625
v -0.524373 0.182892 -0.116001
vn 0.0126801 -0.00142207 0.0219625
v -0.486149 0.233833 -0.284889
vn 0 -0.0254 0
v -0.458895 0.221129 -0.335705
vn -0.0126801 -0.00142207 0.0219625
v -0.444268 0.235771 -0.262508
vn -0.00656369 -0.00142207 0.024496
v -0.416693 0.222917 -0.313922
vn -0.0126801 -0.00142207 0.0219625
v -0.355343 -0.0701839 -0.436667
vn -0.0219625 -0.00142207 -0.0126801
v -0.411884 -0.120967 -0.433473
vn -0.0179323 -0.00142207 -0.0179323
v -0.398258 -0.0685638 -0.457023
vn -0.0219625 -0.00142207 -0.0126801
v -0.53783 -0.204107 -0.203124
vn 0 -0.0254 0
v -0.53783 -0.204107 -0.203124
vn 0.0126801 -0.00142207 -0.0219625
v -0.468983 -0.220174 -0.231194
vn 0.00656369 -0.00142207 -0.024496
v -0.496558 -0.207321 -0.179781
vn 0.0126801 -0.00142207 -0.0219625
v -0.541239 0.213356 -0.18363
vn 0.00656369 -0.00142207 0.024496
v -0.541239 0.213356 -0.18363
vn 0 -0.0254 0
v -0.486149 0.233833 -0.284889
vn -0.00656369 -0.00142207 0.024496
v -0.369129 -0.123204 -0.41284
vn -0.0179323 -0.00142207 -0.0179323
v -0.431403 -0.164547 -0.398743
vn 0 -0.0254 0
v -0.510576 -0.216811 -0.25394
vn 0.00656369 -0.00142207 -0.024496
v -0.472684 0.233088 -0.210028
vn -0 -0.00142207 0.0253602
v -0.541239 0.213356 -0.18363
vn 0.00656369 -0.00142207 0.024496
v -0.500007 0.215052 -0.160057
vn 0.00656369 -0.00142207 0.024496
v -0.514235 0.231182 -0.233019
vn 0 -0.0254 0
v -0.514235 0.231182 -0.233019
vn -0 -0.00142207 0.0253602
v -0.444268 0.235771 -0.262508
vn -0.00656369 -0.00142207 0.024496
v -0.486149 0.233833 -0.284889
vn -0.00656369 -0.00142207 0.024496
v -0.388878 -0.167295 -0.377702
vn -0.0126801 -0.00142207 -0.0219625
v -0.411884 -0.120967 -0.433473
vn -0.0179323 -0.00142207 -0.0179323
v -0.369129 -0.123204 -0.41284
vn -0.0179323 -0.00142207 -0.0179323
v -0.431403 -0.164547 -0.398743
vn -0.0126801 -0.00142207 -0.0219625
v -0.455486 -0.196333 -0.355199
vn 0 -0.0254 0
v -0.510576 -0.216811 -0.25394
vn 0 -0.0254 0
v -0.510576 -0.216811 -0.25394
vn 0.00656369 -0.00142207 -0.024496
v -0.440566 -0.217491 -0.283675
vn 0 -0.00142207 -0.0253602
v -0.468983 -0.220174 -0.231194
vn 0.00656369 -0.00142207 -0.024496
v -0.514235 0.231182 -0.233019
vn -0 -0.00142207 0.0253602
v -0.472684 0.233088 -0.210028
vn -0 -0.00142207 0.0253602
v -0.413244 -0.199456 -0.333645
vn -0.00656369 -0.00142207 -0.024496
v -0.431403 -0.164547 -0.398743
vn -0.0126801 -0.00142207 -0.0219625
v -0.388878 -0.167295 -0.377702
vn -0.0126801 -0.00142207 -0.0219625
v -0.455486 -0.196333 -0.355199
vn -0.00656369 -0.00142207 -0.024496
v -0.48249 -0.214159 -0.30581
vn 0 -0.0254 0
v -0.48249 -0.214159 -0.30581
vn 0 -0.00142207 -0.0253602
v -0.440566 -0.217491 -0.283675
vn 0 -0.00142207 -0.0253602
v -0.455486 -0.196333 -0.355199
vn -0.00656369 -0.00142207 -0.024496
v -0.413244 -0.199456 -0.333645
vn -0.00656369 -0.00142207 -0.024496
v -0.48249 -0.214159 -0.30581
vn 0 -0.00142207 -0.0253602
v -0.564304 -0.0322268 -0.0489314
vn 0.0253602 -0.00142207 0
v -0.0566704 -0.111841 0.238737
vn 0.024496 -0.00142207 -0.00656369
v -0.0656169 -0.0467395 0.257343
vn 0.0253602 -0.00142207 0
v -0.0524454 -0.112033 0.241307
vn 0.024496 -0.00142207 -0.00656369
v -0.0656169 -0.0467395 0.257343
vn -0.0253602 0.00142207 0
v -0.0566704 -0.111841 0.238737
vn -0.024496 0.00142207 0.00656369
v -0.564304 -0.0322268 -0.0489314
vn -0.0253602 0.00142207 0
v -0.0524454 -0.112033 0.241307
vn -0.024496 0.00142207 0.00656369
v -0.556479 -0.0891723 -0.0652053
vn 0.024496 -0.00142207 -0.00656369
v -0.556479 -0.0891723 -0.0652053
vn -0.024496 0.00142207 0.00656369
v -0.0656169 -0.0467395 0.257343
vn 0.0253602 -0.00142207 0
v -0.564792 0.0274462 -0.0461443
vn 0.024496 -0.00142207 0.00656369
v -0.564304 -0.0322268 -0.0489314
vn 0.0253602 -0.00142207 0
v -0.564304 -0.0322268 -0.0489314
vn -0.0253602 0.00142207 0
v -0.564792 0.0274462 -0.0461443
vn -0.024496 0.00142207 -0.00656369
v -0.0656169 -0.0467395 0.257343
vn -0.0253602 0.00142207 0
v -0.0566704 -0.111841 0.238737
vn 0.024496 -0.00142207 -0.00656369
v -0.0357022 -0.16964 0.208516
vn 0.0219625 -0.00142207 -0.0126801
v -0.0524454 -0.112033 0.241307
vn 0.024496 -0.00142207 -0.00656369
v -0.0524454 -0.112033 0.241307
vn -0.024496 0.00142207 0.00656369
v -0.0357022 -0.16964 0.208516
vn -0.0219625 0.00142207 0.0126801
v -0.0566704 -0.111841 0.238737
vn -0.024496 0.00142207 0.00656369
v -0.0614012 -0.0468622 0.259932
vn 0.0253602 -0.00142207 0
v -0.0614012 -0.0468622 0.259932
vn -0.0253602 0.00142207 0
v -0.556479 -0.0891723 -0.0652053
vn 0.024496 -0.00142207 -0.00656369
v -0.0399451 -0.169387 0.205981
vn 0.0219625 -0.00142207 -0.0126801
v -0.0399451 -0.169387 0.205981
vn -0.0219625 0.00142207 0.0126801
v -0.556479 -0.0891723 -0.0652053
vn -0.024496 0.00142207 0.00656369
v -0.0661737 0.0214803 0.260528
vn 0.024496 -0.00142207 0.00656369
v -0.0661737 0.0214803 0.260528
vn -0.024496 0.00142207 -0.00656369
v -0.0614012 -0.0468622 0.259932
vn 0.0253602 -0.00142207 0
v -0.0614012 -0.0468622 0.259932
vn -0.0253602 0.00142207 0
v -0.541849 -0.13951 -0.0938591
vn 0.0219625 -0.00142207 -0.0126801
v -0.541849 -0.13951 -0.0938591
vn -0.0219625 0.00142207 0.0126801
v -0.0661737 0.0214803 0.260528
vn 0.024496 -0.00142207 0.00656369
v -0.557908 0.0857807 -0.0570359
vn 0.0219625 -0.00142207 0.0126801
v -0.564792 0.0274462 -0.0461443
vn 0.024496 -0.00142207 0.00656369
v -0.564792 0.0274462 -0.0461443
vn -0.024496 0.00142207 -0.00656369
v -0.557908 0.0857807 -0.0570359
vn -0.0219625 0.00142207 -0.0126801
v -0.0661737 0.0214803 0.260528
vn -0.024496 0.00142207 -0.00656369
v -0.0399451 -0.169387 0.205981
vn 0.0219625 -0.00142207 -0.0126801
v -0.0123117 -0.215758 0.163791
vn 0.0179323 -0.00142207 -0.0179323
v -0.0357022 -0.16964 0.208516
vn 0.0219625 -0.00142207 -0.0126801
v -0.0357022 -0.16964 0.208516
vn -0.0219625 0.00142207 0.0126801
v -0.0123117 -0.215758 0.163791
vn -0.0179323 0.00142207 0.0179323
v -0.0399451 -0.169387 0.205981
vn -0.0219625 0.00142207 0.0126801
v -0.0619588 0.02143 0.263121
vn 0.024496 -0.00142207 0.00656369
v -0.0619588 0.02143 0.263121
vn -0.024496 0.00142207 -0.00656369
v -0.541849 -0.13951 -0.0938591
vn 0.0219625 -0.00142207 -0.0126801
v -0.0165798 -0.215457 0.161304
vn 0.0179323 -0.00142207 -0.0179323
v -0.0165798 -0.215457 0.161304
vn -0.0179323 0.00142207 0.0179323
v -0.541849 -0.13951 -0.0938591
vn -0.0219625 0.00142207 0.0126801
v -0.058304 0.0881685 0.248078
vn 0.0219625 -0.00142207 0.0126801
v -0.058304 0.0881685 0.248078
vn -0.0219625 0.00142207 -0.0126801
v -0.0619588 0.02143 0.263121
vn 0.024496 -0.00142207 0.00656369
v -0.0619588 0.02143 0.263121
vn -0.024496 0.00142207 -0.00656369
v -0.521411 -0.179808 -0.132938
vn 0.0179323 -0.00142207 -0.0179323
v -0.521411 -0.179808 -0.132938
vn -0.0179323 0.00142207 0.0179323
v -0.058304 0.0881685 0.248078
vn 0.0219625 -0.00142207 0.0126801
v -0.544122 0.1388 -0.0808624
vn 0.0179323 -0.00142207 0.0179323
v -0.557908 0.0857807 -0.0570359
vn 0.0219625 -0.00142207 0.0126801
v -0.557908 0.0857807 -0.0570359
vn -0.0219625 0.00142207 -0.0126801
v -0.544122 0.1388 -0.0808624
vn -0.0179323 0.00142207 -0.0179323
v -0.058304 0.0881685 0.248078
vn -0.0219625 0.00142207 -0.0126801
v -0.0165798 -0.215457 0.161304
vn 0.0179323 -0.00142207 -0.0179323
v 0.0161309 -0.247246 0.110183
vn 0.0126801 -0.00142207 -0.0219625
v -0.0123117 -0.215758 0.163791
vn 0.0179323 -0.00142207 -0.0179323
v -0.0123117 -0.215758 0.163791
vn -0.0179323 0.00142207 0.0179323
v 0.0161309 -0.247246 0.110183
vn -0.0126801 0.00142207 0.0219625
v -0.0165798 -0.215457 0.161304
vn -0.0179323 0.00142207 0.0179323
v -0.0540807 0.0881892 0.250657
vn 0.0219625 -0.00142207 0.0126801
v -0.0540807 0.0881892 0.250657
vn -0.0219625 0.00142207 -0.0126801
v -0.521411 -0.179808 -0.132938
vn 0.0179323 -0.00142207 -0.0179323
v -0.521411 -0.179808 -0.132938
vn -0.0179323 0.00142207 0.0179323
v -0.0425434 0.148783 0.220839
vn 0.0179323 -0.00142207 0.0179323
v -0.0425434 0.148783 0.220839
vn -0.0179323 0.00142207 -0.0179323
v -0.0540807 0.0881892 0.250657
vn 0.0219625 -0.00142207 0.0126801
v -0.0540807 0.0881892 0.250657
vn -0.0219625 0.00142207 -0.0126801
v -0.496558 -0.207321 -0.179781
vn 0.0126801 -0.00142207 -0.0219625
v -0.496558 -0.207321 -0.179781
vn -0.0126801 0.00142207 0.0219625
v -0.0425434 0.148783 0.220839
vn 0.0179323 -0.00142207 0.0179323
v -0.0157016 0.199328 0.183175
vn 0.0126801 -0.00142207 0.0219625
v -0.544122 0.1388 -0.0808624
vn 0.0179323 -0.00142207 0.0179323
v -0.544122 0.1388 -0.0808624
vn -0.0179323 0.00142207 -0.0179323
v -0.0157016 0.199328 0.183175
vn -0.0126801 0.00142207 -0.0219625
v -0.0425434 0.148783 0.220839
vn -0.0179323 0.00142207 -0.0179323
v -0.0383028 0.148866 0.223388
vn 0.0179323 -0.00142207 0.0179323
v -0.0383028 0.148866 0.223388
vn -0.0179323 0.00142207 -0.0179323
v 0.171639 0.109877 -0.176585
vn -0.024496 -0.00142207 0.00656369
v -0.348946 0.0478235 -0.444771
vn -0.0253602 -0.00142207 0
v -0.356772 0.104769 -0.428497
vn -0.024496 -0.00142207 0.00656369
v -0.356772 0.104769 -0.428497
vn 0.024496 0.00142207 -0.00656369
v -0.348946 0.0478235 -0.444771
vn 0.0253602 0.00142207 0
v 0.171639 0.109877 -0.176585
vn 0.024496 0.00142207 -0.00656369
v 0.154914 0.167423 -0.143829
vn -0.0219625 -0.00142207 0.0126801
v -0.356772 0.104769 -0.428497
vn -0.024496 -0.00142207 0.00656369
v -0.371402 0.155106 -0.399844
vn -0.0219625 -0.00142207 0.0126801
v -0.371402 0.155106 -0.399844
vn 0.0219625 0.00142207 -0.0126801
v -0.356772 0.104769 -0.428497
vn 0.024496 0.00142207 -0.00656369
v 0.154914 0.167423 -0.143829
vn 0.0219625 0.00142207 -0.0126801
v 0.180586 0.044776 -0.195191
vn -0.0253602 -0.00142207 0
v -0.348459 -0.0118494 -0.447559
vn -0.024496 -0.00142207 -0.00656369
v -0.348946 0.0478235 -0.444771
vn -0.0253602 -0.00142207 0
v -0.348946 0.0478235 -0.444771
vn 0.0253602 0.00142207 0
v -0.348459 -0.0118494 -0.447559
vn 0.024496 0.00142207 0.00656369
v 0.180586 0.044776 -0.195191
vn 0.0253602 0.00142207 0
v 0.131548 0.213494 -0.0991513
vn -0.0179323 -0.00142207 0.0179323
v -0.371402 0.155106 -0.399844
vn -0.0219625 -0.00142207 0.0126801
v -0.39184 0.195405 -0.360765
vn -0.0179323 -0.00142207 0.0179323
v -0.39184 0.195405 -0.360765
vn 0.0179323 0.00142207 -0.0179323
v -0.371402 0.155106 -0.399844
vn 0.0219625 0.00142207 -0.0126801
v 0.131548 0.213494 -0.0991513
vn 0.0179323 0.00142207 -0.0179323
v 0.0118334 -0.246911 0.107752
vn 0.0126801 -0.00142207 -0.0219625
v 0.0118334 -0.246911 0.107752
vn -0.0126801 0.00142207 0.0219625
v -0.0383028 0.148866 0.223388
vn 0.0179323 -0.00142207 0.0179323
v -0.0383028 0.148866 0.223388
vn -0.0179323 0.00142207 -0.0179323
v -0.0199654 0.19919 0.180666
vn 0.0126801 -0.00142207 0.0219625
v -0.0199654 0.19919 0.180666
vn -0.0126801 0.00142207 -0.0219625
v -0.524373 0.182892 -0.116001
vn 0.0126801 -0.00142207 0.0219625
v -0.524373 0.182892 -0.116001
vn -0.0126801 0.00142207 -0.0219625
v 0.103135 0.244948 -0.0455999
vn -0.0126801 -0.00142207 0.0219625
v -0.39184 0.195405 -0.360765
vn -0.0179323 -0.00142207 0.0179323
v -0.416693 0.222917 -0.313922
vn -0.0126801 -0.00142207 0.0219625
v -0.416693 0.222917 -0.313922
vn 0.0126801 0.00142207 -0.0219625
v -0.39184 0.195405 -0.360765
vn 0.0179323 0.00142207 -0.0179323
v 0.103135 0.244948 -0.0455999
vn 0.0126801 0.00142207 -0.0219625
v 0.180586 0.044776 -0.195191
vn -0.0253602 -0.00142207 0
v 0.180586 0.044776 -0.195191
vn 0.0253602 0.00142207 0
v 0.171639 0.109877 -0.176585
vn -0.024496 -0.00142207 0.00656369
v 0.171639 0.109877 -0.176585
vn 0.024496 0.00142207 -0.00656369
v 0.154914 0.167423 -0.143829
vn -0.0219625 -0.00142207 0.0126801
v 0.154914 0.167423 -0.143829
vn 0.0219625 0.00142207 -0.0126801
v 0.181143 -0.0234437 -0.198376
vn -0.024496 -0.00142207 -0.00656369
v 0.181143 -0.0234437 -0.198376
vn 0.024496 0.00142207 0.00656369
v 0.135973 0.213646 -0.0969399
vn -0.0179323 -0.00142207 0.0179323
v 0.131548 0.213494 -0.0991513
vn -0.0179323 -0.00142207 0.0179323
v 0.131548 0.213494 -0.0991513
vn 0.0179323 0.00142207 -0.0179323
v 0.135973 0.213646 -0.0969399
vn 0.0179323 0.00142207 -0.0179323
v 0.0476879 -0.261955 0.0513443
vn 0.00656369 -0.00142207 -0.024496
v 0.0118334 -0.246911 0.107752
vn 0.0126801 -0.00142207 -0.0219625
v -0.496558 -0.207321 -0.179781
vn 0.0126801 -0.00142207 -0.0219625
v -0.496558 -0.207321 -0.179781
vn -0.0126801 0.00142207 0.0219625
v 0.0118334 -0.246911 0.107752
vn -0.0126801 0.00142207 0.0219625
v 0.0476879 -0.261955 0.0513443
vn -0.00656369 0.00142207 0.024496
v 0.0161309 -0.247246 0.110183
vn 0.0126801 -0.00142207 -0.0219625
v 0.0161309 -0.247246 0.110183
vn -0.0126801 0.00142207 0.0219625
v 0.0121834 0.236132 0.132756
vn 0.00656369 -0.00142207 0.024496
v -0.0199654 0.19919 0.180666
vn 0.0126801 -0.00142207 0.0219625
v -0.0157016 0.199328 0.183175
vn 0.0126801 -0.00142207 0.0219625
v -0.0157016 0.199328 0.183175
vn -0.0126801 0.00142207 -0.0219625
v -0.0199654 0.19919 0.180666
vn -0.0126801 0.00142207 -0.0219625
v 0.0121834 0.236132 0.132756
vn -0.00656369 0.00142207 -0.024496
v -0.524373 0.182892 -0.116001
vn 0.0126801 -0.00142207 0.0219625
v -0.524373 0.182892 -0.116001
vn -0.0126801 0.00142207 -0.0219625
v 0.10753 0.245134 -0.043332
vn -0.0126801 -0.00142207 0.0219625
v 0.10753 0.245134 -0.043332
vn 0.0126801 0.00142207 -0.0219625
v -0.416693 0.222917 -0.313922
vn -0.0126801 -0.00142207 0.0219625
v 0.10753 0.245134 -0.043332
vn -0.0126801 -0.00142207 0.0219625
v 0.103135 0.244948 -0.0455999
vn -0.0126801 -0.00142207 0.0219625
v 0.103135 0.244948 -0.0455999
vn 0.0126801 0.00142207 -0.0219625
v 0.10753 0.245134 -0.043332
vn 0.0126801 0.00142207 -0.0219625
v -0.416693 0.222917 -0.313922
vn 0.0126801 0.00142207 -0.0219625
v 0.176106 0.109921 -0.174456
vn -0.024496 -0.00142207 0.00656369
v 0.176106 0.109921 -0.174456
vn 0.024496 0.00142207 -0.00656369
v 0.159363 0.167528 -0.141665
vn -0.0219625 -0.00142207 0.0126801
v 0.159363 0.167528 -0.141665
vn 0.0219625 0.00142207 -0.0126801
v 0.135973 0.213646 -0.0969399
vn -0.0179323 -0.00142207 0.0179323
v 0.135973 0.213646 -0.0969399
vn 0.0179323 0.00142207 -0.0179323
v 0.185062 0.0447503 -0.193081
vn -0.0253602 -0.00142207 0
v 0.185062 0.0447503 -0.193081
vn 0.0253602 0.00142207 0
v 0.181143 -0.0234437 -0.198376
vn -0.024496 -0.00142207 -0.00656369
v -0.355343 -0.0701839 -0.436667
vn -0.0219625 -0.00142207 -0.0126801
v -0.348459 -0.0118494 -0.447559
vn -0.024496 -0.00142207 -0.00656369
v -0.348459 -0.0118494 -0.447559
vn 0.024496 0.00142207 0.00656369
v -0.355343 -0.0701839 -0.436667
vn 0.0219625 0.00142207 0.0126801
v 0.181143 -0.0234437 -0.198376
vn 0.024496 0.00142207 0.00656369
v 0.0433569 -0.261605 0.0489757
vn 0.00656369 -0.00142207 -0.024496
v 0.0433569 -0.261605 0.0489757
vn -0.00656369 0.00142207 0.024496
v 0.00789004 0.235955 0.130301
vn 0.00656369 -0.00142207 0.024496
v -0.500007 0.215052 -0.160057
vn 0.00656369 -0.00142207 0.024496
v -0.500007 0.215052 -0.160057
vn -0.00656369 0.00142207 -0.024496
v 0.00789004 0.235955 0.130301
vn -0.00656369 0.00142207 -0.024496
v 0.071612 0.259641 0.0131764
vn -0.00656369 -0.00142207 0.024496
v -0.444268 0.235771 -0.262508
vn -0.00656369 -0.00142207 0.024496
v -0.444268 0.235771 -0.262508
vn 0.00656369 0.00142207 -0.024496
v 0.071612 0.259641 0.0131764
vn 0.00656369 0.00142207 -0.024496
v 0.0759731 0.259843 0.0155067
vn -0.00656369 -0.00142207 0.024496
v 0.0759731 0.259843 0.0155067
vn 0.00656369 0.00142207 -0.024496
v 0.176106 0.109921 -0.174456
vn -0.024496 -0.00142207 0.00656369
v 0.176106 0.109921 -0.174456
vn 0.024496 0.00142207 -0.00656369
v 0.185062 0.0447503 -0.193081
vn -0.0253602 -0.00142207 0
v 0.185062 0.0447503 -0.193081
vn 0.0253602 0.00142207 0
v 0.159363 0.167528 -0.141665
vn -0.0219625 -0.00142207 0.0126801
v 0.159363 0.167528 -0.141665
vn 0.0219625 0.00142207 -0.0126801
v 0.18562 -0.023542 -0.19627
vn -0.024496 -0.00142207 -0.00656369
v 0.18562 -0.023542 -0.19627
vn 0.024496 0.00142207 0.00656369
v 0.173273 -0.090132 -0.185926
vn -0.0219625 -0.00142207 -0.0126801
v 0.173273 -0.090132 -0.185926
vn 0.0219625 0.00142207 0.0126801
v -0.468983 -0.220174 -0.231194
vn 0.00656369 -0.00142207 -0.024496
v -0.468983 -0.220174 -0.231194
vn -0.00656369 0.00142207 0.024496
v 0.0433569 -0.261605 0.0489757
vn 0.00656369 -0.00142207 -0.024496
v 0.0802089 -0.258885 -0.00871615
vn 0 -0.00142207 -0.0253602
v 0.0476879 -0.261955 0.0513443
vn 0.00656369 -0.00142207 -0.024496
v 0.0476879 -0.261955 0.0513443
vn -0.00656369 0.00142207 0.024496
v 0.0802089 -0.258885 -0.00871615
vn 0 0.00142207 0.0253602
v 0.0433569 -0.261605 0.0489757
vn -0.00656369 0.00142207 0.024496
v 0.00789004 0.235955 0.130301
vn 0.00656369 -0.00142207 0.024496
v 0.043452 0.256773 0.0755672
vn -0 -0.00142207 0.0253602
v -0.500007 0.215052 -0.160057
vn 0.00656369 -0.00142207 0.024496
v -0.500007 0.215052 -0.160057
vn -0.00656369 0.00142207 -0.024496
v 0.043452 0.256773 0.0755672
vn 0 0.00142207 -0.0253602
v 0.00789004 0.235955 0.130301
vn -0.00656369 0.00142207 -0.024496
v 0.0121834 0.236132 0.132756
vn 0.00656369 -0.00142207 0.024496
v 0.0121834 0.236132 0.132756
vn -0.00656369 0.00142207 -0.024496
v -0.444268 0.235771 -0.262508
vn -0.00656369 -0.00142207 0.024496
v 0.0759731 0.259843 0.0155067
vn -0.00656369 -0.00142207 0.024496
v 0.071612 0.259641 0.0131764
vn -0.00656369 -0.00142207 0.024496
v 0.071612 0.259641 0.0131764
vn 0.00656369 0.00142207 -0.024496
v 0.0759731 0.259843 0.0155067
vn 0.00656369 0.00142207 -0.024496
v -0.444268 0.235771 -0.262508
vn 0.00656369 0.00142207 -0.024496
v 0.18562 -0.023542 -0.19627
vn -0.024496 -0.00142207 -0.00656369
v 0.18562 -0.023542 -0.19627
vn 0.024496 0.00142207 0.00656369
v 0.173273 -0.090132 -0.185926
vn -0.0219625 -0.00142207 -0.0126801
v -0.369129 -0.123204 -0.41284
vn -0.0179323 -0.00142207 -0.0179323
v -0.355343 -0.0701839 -0.436667
vn -0.0219625 -0.00142207 -0.0126801
v -0.355343 -0.0701839 -0.436667
vn 0.0219625 0.00142207 0.0126801
v -0.369129 -0.123204 -0.41284
vn 0.0179323 0.00142207 0.0179323
v 0.173273 -0.090132 -0.185926
vn 0.0219625 0.00142207 0.0126801
v -0.468983 -0.220174 -0.231194
vn 0.00656369 -0.00142207 -0.024496
v -0.468983 -0.220174 -0.231194
vn -0.00656369 0.00142207 0.024496
v -0.472684 0.233088 -0.210028
vn -0 -0.00142207 0.0253602
v 0.0391254 0.256575 0.0731731
vn -0 -0.00142207 0.0253602
v 0.0391254 0.256575 0.0731731
vn 0 0.00142207 -0.0253602
v -0.472684 0.233088 -0.210028
vn 0 0.00142207 -0.0253602
v 0.043452 0.256773 0.0755672
vn -0 -0.00142207 0.0253602
v 0.043452 0.256773 0.0755672
vn 0 0.00142207 -0.0253602
v 0.177742 -0.0903011 -0.183806
vn -0.0219625 -0.00142207 -0.0126801
v 0.177742 -0.0903011 -0.183806
vn 0.0219625 0.00142207 0.0126801
v 0.157512 -0.150745 -0.158686
vn -0.0179323 -0.00142207 -0.0179323
v 0.157512 -0.150745 -0.158686
vn 0.0179323 0.00142207 0.0179323
v -0.369129 -0.123204 -0.41284
vn -0.0179323 -0.00142207 -0.0179323
v 0.134934 -0.201154 -0.118514
vn -0.0126801 -0.00142207 -0.0219625
v -0.388878 -0.167295 -0.377702
vn -0.0126801 -0.00142207 -0.0219625
v -0.388878 -0.167295 -0.377702
vn 0.0126801 0.00142207 0.0219625
v 0.134934 -0.201154 -0.118514
vn 0.0126801 0.00142207 0.0219625
v -0.369129 -0.123204 -0.41284
vn 0.0179323 0.00142207 0.0179323
v -0.440566 -0.217491 -0.283675
vn 0 -0.00142207 -0.0253602
v -0.440566 -0.217491 -0.283675
vn 0 0.00142207 0.0253602
v -0.472684 0.233088 -0.210028
vn -0 -0.00142207 0.0253602
v 0.0391254 0.256575 0.0731731
vn -0 -0.00142207 0.0253602
v 0.0391254 0.256575 0.0731731
vn 0 0.00142207 -0.0253602
v -0.472684 0.233088 -0.210028
vn 0 0.00142207 -0.0253602
v 0.177742 -0.0903011 -0.183806
vn -0.0219625 -0.00142207 -0.0126801
v 0.177742 -0.0903011 -0.183806
vn 0.0219625 0.00142207 0.0126801
v 0.161964 -0.150978 -0.156537
vn -0.0179323 -0.00142207 -0.0179323
v 0.157512 -0.150745 -0.158686
vn -0.0179323 -0.00142207 -0.0179323
v 0.157512 -0.150745 -0.158686
vn 0.0179323 0.00142207 0.0179323
v 0.161964 -0.150978 -0.156537
vn 0.0179323 0.00142207 0.0179323
v 0.139363 -0.20144 -0.116324
vn -0.0126801 -0.00142207 -0.0219625
v 0.139363 -0.20144 -0.116324
vn 0.0126801 0.00142207 0.0219625
v 0.139363 -0.20144 -0.116324
vn -0.0126801 -0.00142207 -0.0219625
v -0.388878 -0.167295 -0.377702
vn -0.0126801 -0.00142207 -0.0219625
v 0.134934 -0.201154 -0.118514
vn -0.0126801 -0.00142207 -0.0219625
v 0.134934 -0.201154 -0.118514
vn 0.0126801 0.00142207 0.0219625
v -0.388878 -0.167295 -0.377702
vn 0.0126801 0.00142207 0.0219625
v 0.139363 -0.20144 -0.116324
vn 0.0126801 0.00142207 0.0219625
v 0.107079 -0.237919 -0.0681488
vn -0.00656369 -0.00142207 -0.024496
v -0.413244 -0.199456 -0.333645
vn -0.00656369 -0.00142207 -0.024496
v -0.413244 -0.199456 -0.333645
vn 0.00656369 0.00142207 0.024496
v 0.107079 -0.237919 -0.0681488
vn 0.00656369 0.00142207 0.024496
v 0.0758435 -0.258538 -0.011021
vn 0 -0.00142207 -0.0253602
v 0.0758435 -0.258538 -0.011021
vn 0 0.00142207 0.0253602
v 0.161964 -0.150978 -0.156537
vn -0.0179323 -0.00142207 -0.0179323
v 0.161964 -0.150978 -0.156537
vn 0.0179323 0.00142207 0.0179323
v 0.111478 -0.238244 -0.0659047
vn -0.00656369 -0.00142207 -0.024496
v 0.111478 -0.238244 -0.0659047
vn 0.00656369 0.00142207 0.024496
v 0.111478 -0.238244 -0.0659047
vn -0.00656369 -0.00142207 -0.024496
v -0.413244 -0.199456 -0.333645
vn -0.00656369 -0.00142207 -0.024496
v 0.107079 -0.237919 -0.0681488
vn -0.00656369 -0.00142207 -0.024496
v 0.107079 -0.237919 -0.0681488
vn 0.00656369 0.00142207 0.024496
v -0.413244 -0.199456 -0.333645
vn 0.00656369 0.00142207 0.024496
v 0.111478 -0.238244 -0.0659047
vn 0.00656369 0.00142207 0.024496
v 0.0758435 -0.258538 -0.011021
vn 0 -0.00142207 -0.0253602
v -0.440566 -0.217491 -0.283675
vn 0 -0.00142207 -0.0253602
v -0.440566 -0.217491 -0.283675
vn 0 0.00142207 0.0253602
v 0.0758435 -0.258538 -0.011021
vn 0 0.00142207 0.0253602
v 0.0802089 -0.258885 -0.00871615
vn 0 -0.00142207 -0.0253602
v 0.0802089 -0.258885 -0.00871615
vn 0 0.00142207 0.0253602
v -0.564304 -0.0322268 -0.0489314
vn -0.0253602 0.00142207 0
v -0.556479 -0.0891723 -0.0652053
vn -0.024496 0.00142207 0.00656369
v -0.60479 -0.0310488 -0.073795
vn -0.0253602 0.00142207 0
v -0.564792 0.0274462 -0.0461443
vn -0.024496 0.00142207 -0.00656369
v -0.605272 0.0279302 -0.0710409
vn -0.024496 0.00142207 -0.00656369
v -0.597056 -0.0873317 -0.0898803
vn -0.024496 0.00142207 0.00656369
v -0.598467 0.0855861 -0.0818058
vn -0.0219625 0.00142207 -0.0126801
v -0.597056 -0.0873317 -0.0898803
vn 0 0.0254 0
v -0.391935 0.0480711 -0.465034
vn 0 0.0254 0
v -0.60479 -0.0310488 -0.073795
vn 0 0.0254 0
v -0.541849 -0.13951 -0.0938591
vn -0.0219625 0.00142207 0.0126801
v -0.39967 0.104354 -0.448949
vn 0 0.0254 0
v -0.605272 0.0279302 -0.0710409
vn 0 0.0254 0
v -0.557908 0.0857807 -0.0570359
vn -0.0219625 0.00142207 -0.0126801
v -0.41413 0.154106 -0.420628
vn 0 0.0254 0
v -0.598467 0.0855861 -0.0818058
vn 0 0.0254 0
v -0.391454 -0.0109078 -0.467788
vn 0 0.0254 0
v -0.582595 -0.137084 -0.118201
vn -0.0219625 0.00142207 0.0126801
v -0.584841 0.13799 -0.105356
vn -0.0179323 0.00142207 -0.0179323
v -0.434331 0.193936 -0.382003
vn 0 0.0254 0
v -0.39967 0.104354 -0.448949
vn 0.024496 0.00142207 -0.00656369
v -0.391935 0.0480711 -0.465034
vn 0.0253602 0.00142207 0
v -0.356772 0.104769 -0.428497
vn 0.024496 0.00142207 -0.00656369
v -0.391454 -0.0109078 -0.467788
vn 0.024496 0.00142207 0.00656369
v -0.348946 0.0478235 -0.444771
vn 0.0253602 0.00142207 0
v -0.582595 -0.137084 -0.118201
vn 0 0.0254 0
v -0.521411 -0.179808 -0.132938
vn -0.0179323 0.00142207 0.0179323
v -0.41413 0.154106 -0.420628
vn 0.0219625 0.00142207 -0.0126801
v -0.371402 0.155106 -0.399844
vn 0.0219625 0.00142207 -0.0126801
v -0.544122 0.1388 -0.0808624
vn -0.0179323 0.00142207 -0.0179323
v -0.584841 0.13799 -0.105356
vn 0 0.0254 0
v -0.434331 0.193936 -0.382003
vn 0.0179323 0.00142207 -0.0179323
v -0.39184 0.195405 -0.360765
vn 0.0179323 0.00142207 -0.0179323
v -0.348459 -0.0118494 -0.447559
vn 0.024496 0.00142207 0.00656369
v -0.398258 -0.0685638 -0.457023
vn 0 0.0254 0
v -0.562395 -0.176913 -0.156826
vn -0.0179323 0.00142207 0.0179323
v -0.524373 0.182892 -0.116001
vn -0.0126801 0.00142207 -0.0219625
v -0.458895 0.221129 -0.335705
vn 0 0.0254 0
v -0.416693 0.222917 -0.313922
vn 0.0126801 0.00142207 -0.0219625
v -0.398258 -0.0685638 -0.457023
vn 0.0219625 0.00142207 0.0126801
v -0.562395 -0.176913 -0.156826
vn 0 0.0254 0
v -0.496558 -0.207321 -0.179781
vn -0.0126801 0.00142207 0.0219625
v -0.565322 0.18157 -0.140086
vn -0.0126801 0.00142207 -0.0219625
v -0.565322 0.18157 -0.140086
vn 0 0.0254 0
v -0.458895 0.221129 -0.335705
vn 0.0126801 0.00142207 -0.0219625
v -0.355343 -0.0701839 -0.436667
vn 0.0219625 0.00142207 0.0126801
v -0.411884 -0.120967 -0.433473
vn 0 0.0254 0
v -0.53783 -0.204107 -0.203124
vn -0.0126801 0.00142207 0.0219625
v -0.500007 0.215052 -0.160057
vn -0.00656369 0.00142207 -0.024496
v -0.486149 0.233833 -0.284889
vn 0 0.0254 0
v -0.444268 0.235771 -0.262508
vn 0.00656369 0.00142207 -0.024496
v -0.411884 -0.120967 -0.433473
vn 0.0179323 0.00142207 0.0179323
v -0.53783 -0.204107 -0.203124
vn 0 0.0254 0
v -0.468983 -0.220174 -0.231194
vn -0.00656369 0.00142207 0.024496
v -0.541239 0.213356 -0.18363
vn -0.00656369 0.00142207 -0.024496
v -0.541239 0.213356 -0.18363
vn 0 0.0254 0
v -0.486149 0.233833 -0.284889
vn 0.00656369 0.00142207 -0.024496
v -0.369129 -0.123204 -0.41284
vn 0.0179323 0.00142207 0.0179323
v -0.431403 -0.164547 -0.398743
vn 0 0.0254 0
v -0.510576 -0.216811 -0.25394
vn -0.00656369 0.00142207 0.024496
v -0.472684 0.233088 -0.210028
vn 0 0.00142207 -0.0253602
v -0.514235 0.231182 -0.233019
vn 0 0.0254 0
v -0.514235 0.231182 -0.233019
vn 0 0.00142207 -0.0253602
v -0.388878 -0.167295 -0.377702
vn 0.0126801 0.00142207 0.0219625
v -0.431403 -0.164547 -0.398743
vn 0.0126801 0.00142207 0.0219625
v -0.455486 -0.196333 -0.355199
vn 0 0.0254 0
v -0.510576 -0.216811 -0.25394
vn 0 0.0254 0
v -0.440566 -0.217491 -0.283675
vn 0 0.00142207 0.0253602
v -0.413244 -0.199456 -0.333645
vn 0.00656369 0.00142207 0.024496
v -0.455486 -0.196333 -0.355199
vn 0.00656369 0.00142207 0.024496
v -0.48249 -0.214159 -0.30581
vn 0 0.0254 0
v -0.48249 -0.214159 -0.30581
vn 0 0.00142207 0.0253602
v -0.413662 -0.196764 -0.332438
vn 0.00656372 0.00142047 0.0244961
v -0.429619 -0.162439 -0.395719
vn 0.0126801 0.00142047 0.0219626
v -0.453402 -0.19383 -0.352717
vn 0.00656372 0.00142047 0.0244961
v -0.389613 -0.165022 -0.375922
vn 0.0126801 0.00142047 0.0219626
v -0.429619 -0.162439 -0.395719
vn 0 0.0254 0
v -0.507807 -0.214053 -0.252717
vn 0 0.0254 0
v -0.453402 -0.19383 -0.352717
vn 0 0.0254 0
v -0.48007 -0.211434 -0.303942
vn 0 0.00142047 0.0253602
v -0.413662 -0.196764 -0.332438
vn 0.00656372 0.00142047 0.0244961
v -0.453402 -0.19383 -0.352717
vn 0.00656372 0.00142047 0.0244961
v -0.389613 -0.165022 -0.375922
vn 0.0126801 0.00142047 0.0219626
v -0.410342 -0.119402 -0.430018
vn 0.0179324 0.00142047 0.0179324
v -0.429619 -0.162439 -0.395719
vn 0.0126801 0.00142047 0.0219626
v -0.534722 -0.201507 -0.202533
vn 0 0.0254 0
v -0.48007 -0.211434 -0.303942
vn 0 0.0254 0
v -0.440629 -0.214567 -0.283117
vn 0 0.00142047 0.0253602
v -0.37012 -0.121504 -0.410604
vn 0.0179324 0.00142047 0.0179324
v -0.410342 -0.119402 -0.430018
vn 0 0.0254 0
v -0.534722 -0.201507 -0.202533
vn -0.0126801 0.00142047 0.0219626
v -0.468676 -0.217213 -0.231319
vn -0.00656372 0.00142047 0.0244961
v -0.507807 -0.214053 -0.252717
vn -0.00656372 0.00142047 0.0244961
v -0.507807 -0.214053 -0.252717
vn -0.00656372 0.00142047 0.0244961
v -0.440629 -0.214567 -0.283117
vn 0 0.00142047 0.0253602
v -0.48007 -0.211434 -0.303942
vn 0 0.00142047 0.0253602
v -0.37012 -0.121504 -0.410604
vn 0.0179324 0.00142047 0.0179324
v -0.396886 -0.0676496 -0.453274
vn 0.0219626 0.00142047 0.0126801
v -0.410342 -0.119402 -0.430018
vn 0.0179324 0.00142047 0.0179324
v -0.558981 -0.174652 -0.156811
vn 0 0.0254 0
v -0.495893 -0.204527 -0.180573
vn -0.0126801 0.00142047 0.0219626
v -0.468676 -0.217213 -0.231319
vn -0.00656372 0.00142047 0.0244961
v -0.356514 -0.0691731 -0.434121
vn 0.0219626 0.00142047 0.0126801
v -0.396886 -0.0676496 -0.453274
vn 0 0.0254 0
v -0.558981 -0.174652 -0.156811
vn -0.0179324 0.00142047 0.0179324
v -0.495893 -0.204527 -0.180573
vn -0.0126801 0.00142047 0.0219626
v -0.534722 -0.201507 -0.202533
vn -0.0126801 0.00142047 0.0219626
v -0.356514 -0.0691731 -0.434121
vn 0.0219626 0.00142047 0.0126801
v -0.390166 -0.0107112 -0.463905
vn 0.0244961 0.00142047 0.00656372
v -0.396886 -0.0676496 -0.453274
vn 0.0219626 0.00142047 0.0126801
v -0.57893 -0.135317 -0.118667
vn 0 0.0254 0
v -0.520423 -0.177372 -0.13434
vn -0.0179324 0.00142047 0.0179324
v -0.349719 -0.0115965 -0.44487
vn 0.0244961 0.00142047 0.00656372
v -0.390166 -0.0107112 -0.463905
vn 0 0.0254 0
v -0.540595 -0.137598 -0.0957688
vn -0.0219626 0.00142047 0.0126801
v -0.558981 -0.174652 -0.156811
vn -0.0179324 0.00142047 0.0179324
v -0.57893 -0.135317 -0.118667
vn -0.0219626 0.00142047 0.0126801
v -0.520423 -0.177372 -0.13434
vn -0.0179324 0.00142047 0.0179324
v -0.349719 -0.0115965 -0.44487
vn 0.0244961 0.00142047 0.00656372
v -0.390642 0.0475342 -0.461185
vn 0.0253602 0.00142047 0
v -0.390166 -0.0107112 -0.463905
vn 0.0244961 0.00142047 0.00656372
v -0.59321 -0.0861844 -0.0906988
vn 0 0.0254 0
v -0.57893 -0.135317 -0.118667
vn -0.0219626 0.00142047 0.0126801
v -0.555035 -0.0879141 -0.0674881
vn -0.0244961 0.00142047 0.00656372
v -0.540595 -0.137598 -0.0957688
vn -0.0219626 0.00142047 0.0126801
v -0.350199 0.0473011 -0.442121
vn 0.0253602 0.00142047 0
v -0.390642 0.0475342 -0.461185
vn 0 0.0254 0
v -0.59321 -0.0861844 -0.0906988
vn -0.0244961 0.00142047 0.00656372
v -0.350199 0.0473011 -0.442121
vn 0.0253602 0.00142047 0
v -0.39828 0.103117 -0.4453
vn 0.0244961 0.00142047 -0.00656372
v -0.390642 0.0475342 -0.461185
vn 0.0253602 0.00142047 0
v -0.600848 -0.0306013 -0.0748137
vn 0 0.0254 0
v -0.59321 -0.0861844 -0.0906988
vn -0.0244961 0.00142047 0.00656372
v -0.56276 -0.0317093 -0.0514237
vn -0.0253602 0.00142047 0
v -0.555035 -0.0879141 -0.0674881
vn -0.0244961 0.00142047 0.00656372
v -0.357924 0.103506 -0.426057
vn 0.0244961 0.00142047 -0.00656372
v -0.39828 0.103117 -0.4453
vn 0 0.0254 0
v -0.600848 -0.0306013 -0.0748137
vn -0.0253602 0.00142047 0
v -0.357924 0.103506 -0.426057
vn 0.0244961 0.00142047 -0.00656372
v -0.41256 0.152251 -0.417332
vn 0.0219626 0.00142047 -0.0126801
v -0.39828 0.103117 -0.4453
vn 0.0244961 0.00142047 -0.00656372
v -0.601324 0.0276441 -0.0720937
vn 0 0.0254 0
v -0.600848 -0.0306013 -0.0748137
vn -0.0253602 0.00142047 0
v -0.56324 0.0271883 -0.0486749
vn -0.0244961 0.00142047 -0.00656372
v -0.56276 -0.0317093 -0.0514237
vn -0.0253602 0.00142047 0
v -0.372364 0.153189 -0.397776
vn 0.0219626 0.00142047 -0.0126801
v -0.41256 0.152251 -0.417332
vn 0 0.0254 0
v -0.601324 0.0276441 -0.0720937
vn -0.0244961 0.00142047 -0.00656372
v -0.372364 0.153189 -0.397776
vn 0.0219626 0.00142047 -0.0126801
v -0.432509 0.191585 -0.379187
vn 0.0179324 0.00142047 -0.0179324
v -0.41256 0.152251 -0.417332
vn 0.0219626 0.00142047 -0.0126801
v -0.594604 0.0845835 -0.0827246
vn 0 0.0254 0
v -0.601324 0.0276441 -0.0720937
vn -0.0244961 0.00142047 -0.00656372
v -0.556445 0.0847648 -0.0594241
vn -0.0219626 0.00142047 -0.0126801
v -0.56324 0.0271883 -0.0486749
vn -0.0244961 0.00142047 -0.00656372
v -0.392536 0.192964 -0.359205
vn 0.0179324 0.00142047 -0.0179324
v -0.432509 0.191585 -0.379187
vn 0 0.0254 0
v -0.594604 0.0845835 -0.0827246
vn -0.0219626 0.00142047 -0.0126801
v -0.417066 0.220119 -0.312972
vn 0.0126801 0.00142047 -0.0219626
v -0.432509 0.191585 -0.379187
vn 0.0179324 0.00142047 -0.0179324
v -0.392536 0.192964 -0.359205
vn 0.0179324 0.00142047 -0.0179324
v -0.581148 0.136335 -0.105981
vn 0 0.0254 0
v -0.594604 0.0845835 -0.0827246
vn -0.0219626 0.00142047 -0.0126801
v -0.542839 0.137095 -0.0829407
vn -0.0179324 0.00142047 -0.0179324
v -0.556445 0.0847648 -0.0594241
vn -0.0219626 0.00142047 -0.0126801
v -0.456768 0.218439 -0.333465
vn 0.0126801 0.00142047 -0.0219626
v -0.456768 0.218439 -0.333465
vn 0 0.0254 0
v -0.581148 0.136335 -0.105981
vn -0.0179324 0.00142047 -0.0179324
v -0.444283 0.232805 -0.262226
vn 0.00656372 0.00142047 -0.0244961
v -0.456768 0.218439 -0.333465
vn 0.0126801 0.00142047 -0.0219626
v -0.417066 0.220119 -0.312972
vn 0.0126801 0.00142047 -0.0219626
v -0.561872 0.179372 -0.140279
vn 0 0.0254 0
v -0.581148 0.136335 -0.105981
vn -0.0179324 0.00142047 -0.0179324
v -0.523346 0.180614 -0.117623
vn -0.0126801 0.00142047 -0.0219626
v -0.542839 0.137095 -0.0829407
vn -0.0179324 0.00142047 -0.0179324
v -0.483683 0.230985 -0.283282
vn 0.00656372 0.00142047 -0.0244961
v -0.483683 0.230985 -0.283282
vn 0 0.0254 0
v -0.561872 0.179372 -0.140279
vn -0.0126801 0.00142047 -0.0219626
v -0.47233 0.230158 -0.210428
vn 0 0.00142047 -0.0253602
v -0.483683 0.230985 -0.283282
vn 0.00656372 0.00142047 -0.0244961
v -0.444283 0.232805 -0.262226
vn 0.00656372 0.00142047 -0.0244961
v -0.538088 0.210763 -0.183282
vn 0 0.0254 0
v -0.561872 0.179372 -0.140279
vn -0.0126801 0.00142047 -0.0219626
v -0.499297 0.212355 -0.161107
vn -0.00656372 0.00142047 -0.0244961
v -0.523346 0.180614 -0.117623
vn -0.0126801 0.00142047 -0.0219626
v -0.51142 0.228367 -0.232057
vn 0 0.00142047 -0.0253602
v -0.51142 0.228367 -0.232057
vn 0 0.0254 0
v -0.538088 0.210763 -0.183282
vn -0.00656372 0.00142047 -0.0244961
v -0.47233 0.230158 -0.210428
vn 0 0.00142047 -0.0253602
v -0.538088 0.210763 -0.183282
vn -0.00656372 0.00142047 -0.0244961
v -0.51142 0.228367 -0.232057
vn 0 0.00142047 -0.0253602
v -0.499297 0.212355 -0.161107
vn -0.00656372 0.00142047 -0.0244961
v -0.453402 -0.19383 -0.352717
vn -0.00656372 -0.00142047 -0.0244961
v -0.429619 -0.162439 -0.395719
vn -0.0126801 -0.00142047 -0.0219626
v -0.413662 -0.196764 -0.332438
vn -0.00656372 -0.00142047 -0.0244961
v -0.389613 -0.165022 -0.375922
vn -0.0126801 -0.00142047 -0.0219626
v -0.453402 -0.19383 -0.352717
vn 0 -0.0254 0
v -0.507807 -0.214053 -0.252717
vn 0 -0.0254 0
v -0.429619 -0.162439 -0.395719
vn 0 -0.0254 0
v -0.48007 -0.211434 -0.303942
vn 0 -0.00142047 -0.0253602
v -0.410342 -0.119402 -0.430018
vn -0.0179324 -0.00142047 -0.0179324
v -0.534722 -0.201507 -0.202533
vn 0 -0.0254 0
v -0.48007 -0.211434 -0.303942
vn 0 -0.0254 0
v -0.440629 -0.214567 -0.283117
vn 0 -0.00142047 -0.0253602
v -0.37012 -0.121504 -0.410604
vn -0.0179324 -0.00142047 -0.0179324
v -0.410342 -0.119402 -0.430018
vn 0 -0.0254 0
v -0.507807 -0.214053 -0.252717
vn 0.00656372 -0.00142047 -0.0244961
v -0.468676 -0.217213 -0.231319
vn 0.00656372 -0.00142047 -0.0244961
v -0.534722 -0.201507 -0.202533
vn 0.0126801 -0.00142047 -0.0219626
v -0.396886 -0.0676496 -0.453274
vn -0.0219626 -0.00142047 -0.0126801
v -0.558981 -0.174652 -0.156811
vn 0 -0.0254 0
v -0.495893 -0.204527 -0.180573
vn 0.0126801 -0.00142047 -0.0219626
v -0.356514 -0.0691731 -0.434121
vn -0.0219626 -0.00142047 -0.0126801
v -0.396886 -0.0676496 -0.453274
vn 0 -0.0254 0
v -0.558981 -0.174652 -0.156811
vn 0.0179324 -0.00142047 -0.0179324
v -0.390166 -0.0107112 -0.463905
vn -0.0244961 -0.00142047 -0.00656372
v -0.57893 -0.135317 -0.118667
vn 0 -0.0254 0
v -0.520423 -0.177372 -0.13434
vn 0.0179324 -0.00142047 -0.0179324
v -0.349719 -0.0115965 -0.44487
vn -0.0244961 -0.00142047 -0.00656372
v -0.390166 -0.0107112 -0.463905
vn 0 -0.0254 0
v -0.57893 -0.135317 -0.118667
vn 0.0219626 -0.00142047 -0.0126801
v -0.540595 -0.137598 -0.0957688
vn 0.0219626 -0.00142047 -0.0126801
v -0.390642 0.0475342 -0.461185
vn -0.0253602 -0.00142047 0
v -0.59321 -0.0861844 -0.0906988
vn 0 -0.0254 0
v -0.555035 -0.0879141 -0.0674881
vn 0.0244961 -0.00142047 -0.00656372
v -0.350199 0.0473011 -0.442121
vn -0.0253602 -0.00142047 0
v -0.390642 0.0475342 -0.461185
vn 0 -0.0254 0
v -0.59321 -0.0861844 -0.0906988
vn 0.0244961 -0.00142047 -0.00656372
v -0.39828 0.103117 -0.4453
vn -0.0244961 -0.00142047 0.00656372
v -0.600848 -0.0306013 -0.0748137
vn 0 -0.0254 0
v -0.56276 -0.0317093 -0.0514237
vn 0.0253602 -0.00142047 0
v -0.357924 0.103506 -0.426057
vn -0.0244961 -0.00142047 0.00656372
v -0.39828 0.103117 -0.4453
vn 0 -0.0254 0
v -0.600848 -0.0306013 -0.0748137
vn 0.0253602 -0.00142047 0
v -0.41256 0.152251 -0.417332
vn -0.0219626 -0.00142047 0.0126801
v -0.601324 0.0276441 -0.0720937
vn 0 -0.0254 0
v -0.56324 0.0271883 -0.0486749
vn 0.0244961 -0.00142047 0.00656372
v -0.372364 0.153189 -0.397776
vn -0.0219626 -0.00142047 0.0126801
v -0.41256 0.152251 -0.417332
vn 0 -0.0254 0
v -0.601324 0.0276441 -0.0720937
vn 0.0244961 -0.00142047 0.00656372
v -0.432509 0.191585 -0.379187
vn -0.0179324 -0.00142047 0.0179324
v -0.594604 0.0845835 -0.0827246
vn 0 -0.0254 0
v -0.556445 0.0847648 -0.0594241
vn 0.0219626 -0.00142047 0.0126801
v -0.392536 0.192964 -0.359205
vn -0.0179324 -0.00142047 0.0179324
v -0.432509 0.191585 -0.379187
vn 0 -0.0254 0
v -0.594604 0.0845835 -0.0827246
vn 0.0219626 -0.00142047 0.0126801
v -0.417066 0.220119 -0.312972
vn -0.0126801 -0.00142047 0.0219626
v -0.581148 0.136335 -0.105981
vn 0 -0.0254 0
v -0.542839 0.137095 -0.0829407
vn 0.0179324 -0.00142047 0.0179324
v -0.456768 0.218439 -0.333465
vn -0.0126801 -0.00142047 0.0219626
v -0.456768 0.218439 -0.333465
vn 0 -0.0254 0
v -0.581148 0.136335 -0.105981
vn 0.0179324 -0.00142047 0.0179324
v -0.444283 0.232805 -0.262226
vn -0.00656372 -0.00142047 0.0244961
v -0.561872 0.179372 -0.140279
vn 0 -0.0254 0
v -0.523346 0.180614 -0.117623
vn 0.0126801 -0.00142047 0.0219626
v -0.483683 0.230985 -0.283282
vn -0.00656372 -0.00142047 0.0244961
v -0.483683 0.230985 -0.283282
vn 0 -0.0254 0
v -0.561872 0.179372 -0.140279
vn 0.0126801 -0.00142047 0.0219626
v -0.47233 0.230158 -0.210428
vn -0 -0.00142047 0.0253602
v -0.538088 0.210763 -0.183282
vn 0 -0.0254 0
v -0.499297 0.212355 -0.161107
vn 0.00656372 -0.00142047 0.0244961
v -0.51142 0.228367 -0.232057
vn -0 -0.00142047 0.0253602
v -0.51142 0.228367 -0.232057
vn 0 -0.0254 0
v -0.538088 0.210763 -0.183282
vn 0.00656372 -0.00142047 0.0244961
f 1//1 2//2 3//3
f 2//2 1//1 4//4
f 5//5 6//6 7//7
f 8//8 7//7 6//6
f 9//9 10//10 11//11
f 12//12 13//13 14//14
f 15//15 16//16 17//17
f 18//18 19//19 20//20
f 21//21 22//22 23//23
f 24//24 25//25 26//26
f 27//27 28//28 29//29
f 30//30 31//31 32//32
f 10//10 9//9 33//33
f 34//34 14//14 13//13
f 35//35 36//36 37//37
f 38//38 39//39 40//40
f 16//16 15//15 41//41
f 42//42 20//20 19//19
f 43//43 44//44 45//45
f 46//46 47//47 48//48
f 22//22 21//21 49//49
f 50//50 26//26 25//25
f 51//51 52//52 53//53
f 54//54 55//55 56//56
f 28//28 27//27 57//57
f 58//58 32//32 31//31
f 36//36 35//35 59//59
f 60//60 40//40 39//39
f 61//61 62//62 63//63
f 64//64 65//65 66//66
f 44//44 43//43 67//67
f 68//68 48//48 47//47
f 69//69 70//70 71//71
f 72//72 73//73 74//74
f 75//75 76//76 77//77
f 78//78 79//79 80//80
f 52//52 51//51 81//81
f 82//82 56//56 55//55
f 83//83 84//84 85//85
f 86//86 87//87 88//88
f 89//89 90//90 91//91
f 92//92 93//93 94//94
f 95//95 96//96 97//97
f 98//98 99//99 100//100
f 101//101 102//102 103//103
f 104//104 105//105 106//106
f 107//107 108//108 109//109
f 110//110 111//111 112//112
f 113//113 114//114 115//115
f 116//116 117//117 118//118
f 62//62 61//61 119//119
f 120//120 66//66 65//65
f 70//70 69//69 121//121
f 122//122 74//74 73//73
f 123//123 124//124 125//125
f 126//126 127//127 128//128
f 129//129 130//130 131//131
f 132//132 133//133 134//134
f 76//76 75//75 135//135
f 136//136 80//80 79//79
f 84//84 83//83 137//137
f 138//138 88//88 87//87
f 139//139 140//140 141//141
f 142//142 143//143 144//144
f 145//145 146//146 147//147
f 148//148 149//149 150//150
f 90//90 89//89 151//151
f 152//152 94//94 93//93
f 153//153 154//154 155//155
f 156//156 157//157 158//158
f 96//96 95//95 159//159
f 160//160 100//100 99//99
f 102//102 101//101 161//161
f 162//162 106//106 105//105
f 163//163 164//164 165//165
f 166//166 167//167 168//168
f 108//108 107//107 169//169
f 170//170 112//112 111//111
f 114//114 113//113 171//171
f 172//172 118//118 117//117
f 130//130 129//129 173//173
f 174//174 134//134 133//133
f 175//175 176//176 177//177
f 178//178 179//179 180//180
f 124//124 123//123 181//181
f 182//182 128//128 127//127
f 183//183 184//184 185//185
f 186//186 187//187 188//188
f 146//146 145//145 189//189
f 190//190 150//150 149//149
f 191//191 192//192 193//193
f 194//194 195//195 196//196
f 197//197 198//198 199//199
f 200//200 201//201 202//202
f 140//140 139//139 203//203
f 204//204 144//144 143//143
f 205//205 206//206 207//207
f 208//208 209//209 210//210
f 164//164 163//163 211//211
f 212//212 168//168 167//167
f 213//213 214//214 215//215
f 216//216 217//217 218//218
f 219//219 220//220 221//221
f 222//222 223//223 224//224
f 154//154 153//153 225//225
f 226//226 158//158 157//157
f 227//227 228//228 229//229
f 230//230 231//231 232//232
f 233//233 234//234 235//235
f 236//236 237//237 238//238
f 239//239 240//240 241//241
f 242//242 243//243 244//244
f 245//245 246//246 247//247
f 248//248 249//249 250//250
f 251//251 252//252 253//253
f 254//254 255//255 256//256
f 257//257 258//258 259//259
f 260//260 261//261 262//262
f 263//263 264//264 265//265
f 266//266 267//267 268//268
f 176//176 175//175 269//269
f 270//270 180//180 179//179
f 271//271 272//272 273//273
f 274//274 275//275 276//276
f 272//272 271//271 277//277
f 278//278 276//276 275//275
f 184//184 183//183 279//279
f 280//280 188//188 187//187
f 281//281 282//282 283//283
f 284//284 285//285 286//286
f 192//192 191//191 287//287
f 288//288 196//196 195//195
f 198//198 197//197 289//289
f 290//290 202//202 201//201
f 206//206 205//205 291//291
f 292//292 210//210 209//209
f 293//293 294//294 295//295
f 296//296 297//297 298//298
f 214//214 213//213 299//299
f 300//300 218//218 217//217
f 301//301 302//302 303//303
f 304//304 305//305 306//306
f 307//307 308//308 309//309
f 310//310 311//311 312//312
f 220//220 219//219 313//313
f 314//314 224//224 223//223
f 228//228 227//227 315//315
f 316//316 232//232 231//231
f 317//317 318//318 319//319
f 320//320 321//321 322//322
f 323//323 324//324 325//325
f 326//326 327//327 328//328
f 234//234 233//233 329//329
f 330//330 238//238 237//237
f 240//240 239//239 331//331
f 332//332 244//244 243//243
f 246//246 245//245 333//333
f 334//334 250//250 249//249
f 335//335 336//336 337//337
f 338//338 339//339 340//340
f 252//252 251//251 341//341
f 342//342 256//256 255//255
f 343//343 344//344 345//345
f 346//346 347//347 348//348
f 258//258 257//257 349//349
f 350//350 262//262 261//261
f 264//264 263//263 351//351
f 352//352 268//268 267//267
f 353//353 354//354 355//355
f 356//356 357//357 358//358
f 359//359 360//360 361//361
f 362//362 363//363 364//364
f 282//282 281//281 365//365
f 366//366 286//286 285//285
f 367//367 368//368 369//369
f 370//370 371//371 372//372
f 308//308 307//307 373//373
f 374//374 312//312 311//311
f 375//375 376//376 377//377
f 378//378 379//379 380//380
f 381//381 382//382 383//383
f 384//384 385//385 386//386
f 387//387 388//388 389//389
f 390//390 391//391 392//392
f 294//294 293//293 393//393
f 394//394 298//298 297//297
f 395//395 396//396 397//397
f 398//398 399//399 400//400
f 302//302 301//301 401//401
f 402//402 306//306 305//305
f 403//403 404//404 405//405
f 406//406 407//407 408//408
f 336//336 335//335 409//409
f 410//410 340//340 339//339
f 411//411 412//412 413//413
f 414//414 415//415 416//416
f 417//417 418//418 419//419
f 420//420 421//421 422//422
f 423//423 424//424 425//425
f 426//426 427//427 428//428
f 318//318 317//317 429//429
f 430//430 322//322 321//321
f 324//324 323//323 431//431
f 432//432 328//328 327//327
f 433//433 434//434 435//435
f 436//436 437//437 438//438
f 439//439 440//440 441//441
f 442//442 443//443 444//444
f 445//445 446//446 447//447
f 448//448 449//449 450//450
f 451//451 452//452 453//453
f 454//454 455//455 456//456
f 457//457 458//458 459//459
f 460//460 461//461 462//462
f 344//344 343//343 463//463
f 464//464 348//348 347//347
f 465//465 466//466 467//467
f 468//468 469//469 470//470
f 471//471 472//472 473//473
f 474//474 475//475 476//476
f 354//354 353//353 477//477
f 478//478 358//358 357//357
f 360//360 359//359 479//479
f 480//480 364//364 363//363
f 481//481 482//482 483//483
f 484//484 485//485 486//486
f 482//482 481//481 487//487
f 488//488 486//486 485//485
f 368//368 367//367 489//489
f 490//490 372//372 371//371
f 491//491 492//492 493//493
f 494//494 495//495 496//496
f 376//376 375//375 497//497
f 498//498 380//380 379//379
f 382//382 381//381 499//499
f 500//500 386//386 385//385
f 388//388 387//387 501//501
f 502//502 392//392 391//391
f 503//503 504//504 505//505
f 506//506 507//507 508//508
f 396//396 395//395 509//509
f 510//510 400//400 399//399
f 511//511 512//512 513//513
f 514//514 515//515 516//516
f 404//404 403//403 517//517
f 518//518 408//408 407//407
f 519//519 520//520 521//521
f 522//522 523//523 524//524
f 412//412 411//411 525//525
f 526//526 416//416 415//415
f 418//418 417//417 527//527
f 528//528 422//422 421//421
f 424//424 423//423 529//529
f 530//530 428//428 427//427
f 434//434 433//433 531//531
f 532//532 438//438 437//437
f 533//533 534//534 535//535
f 536//536 537//537 538//538
f 539//539 540//540 541//541
f 542//542 543//543 544//544
f 545//545 546//546 547//547
f 548//548 549//549 550//550
f 440//440 439//439 551//551
f 552//552 444//444 443//443
f 446//446 445//445 553//553
f 554//554 450//450 449//449
f 452//452 451//451 555//555
f 556//556 456//456 455//455
f 458//458 457//457 557//557
f 558//558 462//462 461//461
f 559//559 560//560 561//561
f 562//562 563//563 564//564
f 466//466 465//465 565//565
f 566//566 470//470 469//469
f 472//472 471//471 567//567
f 568//568 476//476 475//475
f 569//569 570//570 571//571
f 572//572 573//573 574//574
f 575//575 576//576 577//577
f 578//578 579//579 580//580
f 581//581 582//582 583//583
f 584//584 585//585 586//586
f 492//492 491//491 587//587
f 588//588 496//496 495//495
f 589//589 590//590 591//591
f 592//592 593//593 594//594
f 595//595 596//596 597//597
f 598//598 599//599 600//600
f 601//601 602//602 603//603
f 604//604 605//605 606//606
f 607//607 608//608 609//609
f 610//610 611//611 612//612
f 613//613 614//614 615//615
f 616//616 617//617 618//618
f 619//619 620//620 621//621
f 622//622 623//623 624//624
f 504//504 503//503 625//625
f 626//626 508//508 507//507
f 627//627 628//628 629//629
f 630//630 631//631 632//632
f 512//512 511//511 633//633
f 634//634 516//516 515//515
f 635//635 636//636 637//637
f 638//638 639//639 640//640
f 520//520 519//519 641//641
f 642//642 524//524 523//523
f 643//643 644//644 645//645
f 646//646 647//647 648//648
f 649//649 650//650 651//651
f 652//652 653//653 654//654
f 655//655 656//656 657//657
f 658//658 659//659 660//660
f 661//661 662//662 663//663
f 664//664 665//665 666//666
f 534//534 533//533 667//667
f 668//668 538//538 537//537
f 540//540 539//539 669//669
f 670//670 544//544 543//543
f 546//546 545//545 671//671
f 672//672 550//550 549//549
f 673//673 674//674 675//675
f 676//676 677//677 678//678
f 679//679 680//680 681//681
f 682//682 683//683 684//684
f 685//685 686//686 687//687
f 688//688 689//689 690//690
f 691//691 692//692 693//693
f 694//694 695//695 696//696
f 697//697 698//698 699//699
f 700//700 701//701 702//702
f 560//560 559//559 703//703
f 704//704 564//564 563//563
f 705//705 706//706 707//707
f 708//708 709//709 710//710
f 711//711 712//712 713//713
f 714//714 715//715 716//716
f 570//570 569//569 717//717
f 718//718 574//574 573//573
f 576//576 575//575 719//719
f 720//720 580//580 579//579
f 582//582 581//581 721//721
f 722//722 586//586 585//585
f 723//723 724//724 725//725
f 726//726 727//727 728//728
f 724//724 723//723 729//729
f 730//730 728//728 727//727
f 590//590 589//589 731//731
f 732//732 594//594 593//593
f 596//596 595//595 733//733
f 734//734 600//600 599//599
f 602//602 601//601 735//735
f 736//736 606//606 605//605
f 608//608 607//607 737//737
f 738//738 612//612 611//611
f 614//614 613//613 739//739
f 740//740 618//618 617//617
f 620//620 619//619 741//741
f 742//742 624//624 623//623
f 743//743 744//744 745//745
f 746//746 747//747 748//748
f 628//628 627//627 749//749
f 750//750 632//632 631//631
f 751//751 752//752 753//753
f 754//754 755//755 756//756
f 636//636 635//635 757//757
f 758//758 640//640 639//639
f 759//759 760//760 761//761
f 762//762 763//763 764//764
f 644//644 643//643 765//765
f 766//766 648//648 647//647
f 650//650 649//649 767//767
f 768//768 654//654 653//653
f 656//656 655//655 769//769
f 770//770 660//660 659//659
f 662//662 661//661 771//771
f 772//772 666//666 665//665
f 773//773 774//774 775//775
f 776//776 777//777 778//778
f 779//779 780//780 781//781
f 782//782 783//783 784//784
f 785//785 786//786 787//787
f 788//788 789//789 790//790
f 791//791 792//792 793//793
f 794//794 795//795 796//796
f 674//674 673//673 797//797
f 798//798 678//678 677//677
f 680//680 679//679 799//799
f 800//800 684//684 683//683
f 686//686 685//685 801//801
f 802//802 690//690 689//689
f 692//692 691//691 803//803
f 804//804 696//696 695//695
f 698//698 697//697 805//805
f 806//806 702//702 701//701
f 807//807 808//808 809//809
f 810//810 811//811 812//812
f 706//706 705//705 813//813
f 814//814 710//710 709//709
f 712//712 711//711 815//815
f 816//816 716//716 715//715
f 817//817 818//818 819//819
f 820//820 821//821 822//822
f 823//823 824//824 825//825
f 826//826 827//827 828//828
f 829//829 830//830 831//831
f 832//832 833//833 834//834
f 835//835 836//836 837//837
f 838//838 839//839 840//840
f 841//841 842//842 843//843
f 844//844 845//845 846//846
f 847//847 848//848 849//849
f 850//850 851//851 852//852
f 853//853 854//854 855//855
f 856//856 857//857 858//858
f 859//859 860//860 861//861
f 862//862 863//863 864//864
f 865//865 866//866 867//867
f 868//868 869//869 870//870
f 871//871 872//872 873//873
f 874//874 875//875 876//876
f 872//872 871//871 877//877
f 878//878 876//876 875//875
f 879//879 880//880 881//881
f 882//882 883//883 884//884
f 885//885 886//886 887//887
f 888//888 889//889 890//890
f 744//744 743//743 891//891
f 892//892 748//748 747//747
f 893//893 894//894 895//895
f 896//896 897//897 898//898
f 752//752 751//751 899//899
f 900//900 756//756 755//755
f 901//901 902//902 903//903
f 904//904 905//905 906//906
f 760//760 759//759 907//907
f 908//908 764//764 763//763
f 909//909 910//910 911//911
f 912//912 913//913 914//914
f 915//915 916//916 917//917
f 918//918 919//919 920//920
f 921//921 922//922 923//923
f 924//924 925//925 926//926
f 927//927 928//928 929//929
f 930//930 931//931 932//932
f 774//774 773//773 933//933
f 934//934 778//778 777//777
f 780//780 779//779 935//935
f 936//936 784//784 783//783
f 786//786 785//785 937//937
f 938//938 790//790 789//789
f 792//792 791//791 939//939
f 940//940 796//796 795//795
f 941//941 942//942 943//943
f 944//944 945//945 946//946
f 947//947 948//948 949//949
f 950//950 951//951 952//952
f 953//953 954//954 955//955
f 956//956 957//957 958//958
f 959//959 960//960 961//961
f 962//962 963//963 964//964
f 965//965 966//966 967//967
f 968//968 969//969 970//970
f 971//971 972//972 973//973
f 974//974 975//975 976//976
f 808//808 807//807 977//977
f 978//978 812//812 811//811
f 979//979 980//980 981//981
f 982//982 983//983 984//984
f 985//985 986//986 987//987
f 988//988 989//989 990//990
f 818//818 817//817 991//991
f 992//992 822//822 821//821
f 824//824 823//823 993//993
f 994//994 828//828 827//827
f 830//830 829//829 995//995
f 996//996 834//834 833//833
f 836//836 835//835 997//997
f 998//998 840//840 839//839
f 999//999 1000//1000 1001//1001
f 1002//1002 1003//1003 1004//1004
f 842//842 841//841 1005//1005
f 1006//1006 846//846 845//845
f 848//848 847//847 1007//1007
f 1008//1008 852//852 851//851
f 854//854 853//853 1009//1009
f 1010//1010 858//858 857//857
f 860//860 859//859 1011//1011
f 1012//1012 864//864 863//863
f 866//866 865//865 1013//1013
f 1014//1014 870//870 869//869
f 1015//1015 1016//1016 1017//1017
f 1018//1018 1019//1019 1020//1020
f 1021//1021 1022//1022 1023//1023
f 1024//1024 1025//1025 1026//1026
f 880//880 879//879 1027//1027
f 1028//1028 884//884 883//883
f 886//886 885//885 1029//1029
f 1030//1030 890//890 889//889
f 1031//1031 1032//1032 1033//1033
f 1034//1034 1035//1035 1036//1036
f 894//894 893//893 1037//1037
f 1038//1038 898//898 897//897
f 1039//1039 1040//1040 1041//1041
f 1042//1042 1043//1043 1044//1044
f 902//902 901//901 1045//1045
f 1046//1046 906//906 905//905
f 1047//1047 1048//1048 1049//1049
f 1050//1050 1051//1051 1052//1052
f 910//910 909//909 1053//1053
f 1054//1054 914//914 913//913
f 916//916 915//915 1055//1055
f 1056//1056 920//920 919//919
f 922//922 921//921 1057//1057
f 1058//1058 926//926 925//925
f 928//928 927//927 1059//1059
f 1060//1060 932//932 931//931
f 1061//1061 1062//1062 1063//1063
f 1064//1064 1065//1065 1066//1066
f 1067//1067 1068//1068 1069//1069
f 1070//1070 1071//1071 1072//1072
f 1073//1073 1074//1074 1075//1075
f 1076//1076 1077//1077 1078//1078
f 1079//1079 1080//1080 1081//1081
f 1082//1082 1083//1083 1084//1084
f 1085//1085 1086//1086 1087//1087
f 1088//1088 1089//1089 1090//1090
f 942//942 941//941 1091//1091
f 1092//1092 946//946 945//945
f 948//948 947//947 1093//1093
f 1094//1094 952//952 951//951
f 954//954 953//953 1095//1095
f 1096//1096 958//958 957//957
f 960//960 959//959 1097//1097
f 1098//1098 964//964 963//963
f 966//966 965//965 1099//1099
f 1100//1100 970//970 969//969
f 972//972 971//971 1101//1101
f 1102//1102 976//976 975//975
f 1103//1103 1104//1104 1105//1105
f 1106//1106 1107//1107 1108//1108
f 980//980 979//979 1109//1109
f 1110//1110 984//984 983//983
f 986//986 985//985 1111//1111
f 1112//1112 990//990 989//989
f 1113//1113 1114//1114 1115//1115
f 1116//1116 1117//1117 1118//1118
f 1119//1119 1120//1120 1121//1121
f 1122//1122 1123//1123 1124//1124
f 1125//1125 1126//1126 1127//1127
f 1128//1128 1129//1129 1130//1130
f 1131//1131 1132//1132 1133//1133
f 1134//1134 1135//1135 1136//1136
f 1000//1000 999//999 1137//1137
f 1138//1138 1004//1004 1003//1003
f 1139//1139 1140//1140 1141//1141
f 1142//1142 1143//1143 1144//1144
f 1145//1145 1146//1146 1147//1147
f 1148//1148 1149//1149 1150//1150
f 1151//1151 1152//1152 1153//1153
f 1154//1154 1155//1155 1156//1156
f 1157//1157 1158//1158 1159//1159
f 1160//1160 1161//1161 1162//1162
f 1163//1163 1164//1164 1165//1165
f 1166//1166 1167//1167 1168//1168
f 1169//1169 1170//1170 1171//1171
f 1172//1172 1173//1173 1174//1174
f 1016//1016 1015//1015 1175//1175
f 1176//1176 1020//1020 1019//1019
f 1177//1177 1178//1178 1179//1179
f 1180//1180 1181//1181 1182//1182
f 1022//1022 1021//1021 1183//1183
f 1184//1184 1026//1026 1025//1025
f 1178//1178 1177//1177 1185//1185
f 1186//1186 1182//1182 1181//1181
f 1187//1187 1188//1188 1189//1189
f 1190//1190 1191//1191 1192//1192
f 1193//1193 1194//1194 1195//1195
f 1196//1196 1197//1197 1198//1198
f 1032//1032 1031//1031 1199//1199
f 1200//1200 1036//1036 1035//1035
f 1201//1201 1202//1202 1203//1203
f 1204//1204 1205//1205 1206//1206
f 1040//1040 1039//1039 1207//1207
f 1208//1208 1044//1044 1043//1043
f 1209//1209 1210//1210 1211//1211
f 1212//1212 1213//1213 1214//1214
f 1048//1048 1047//1047 1215//1215
f 1216//1216 1052//1052 1051//1051
f 1217//1217 1218//1218 1219//1219
f 1220//1220 1221//1221 1222//1222
f 1223//1223 1224//1224 1225//1225
f 1226//1226 1227//1227 1228//1228
f 1229//1229 1230//1230 1231//1231
f 1232//1232 1233//1233 1234//1234
f 1235//1235 1236//1236 1237//1237
f 1238//1238 1239//1239 1240//1240
f 1062//1062 1061//1061 1241//1241
f 1242//1242 1066//1066 1065//1065
f 1068//1068 1067//1067 1243//1243
f 1244//1244 1072//1072 1071//1071
f 1074//1074 1073//1073 1245//1245
f 1246//1246 1078//1078 1077//1077
f 1080//1080 1079//1079 1247//1247
f 1248//1248 1084//1084 1083//1083
f 1086//1086 1085//1085 1249//1249
f 1250//1250 1090//1090 1089//1089
f 1251//1251 1252//1252 1253//1253
f 1254//1254 1255//1255 1256//1256
f 1257//1257 1258//1258 1259//1259
f 1260//1260 1261//1261 1262//1262
f 1263//1263 1264//1264 1265//1265
f 1266//1266 1267//1267 1268//1268
f 1269//1269 1270//1270 1271//1271
f 1272//1272 1273//1273 1274//1274
f 1275//1275 1276//1276 1277//1277
f 1278//1278 1279//1279 1280//1280
f 1276//1276 1275//1275 1281//1281
f 1282//1282 1280//1280 1279//1279
f 1283//1283 1284//1284 1285//1285
f 1286//1286 1287//1287 1288//1288
f 1289//1289 1290//1290 1291//1291
f 1292//1292 1293//1293 1294//1294
f 1104//1104 1103//1103 1295//1295
f 1296//1296 1108//1108 1107//1107
f 1297//1297 1298//1298 1299//1299
f 1300//1300 1301//1301 1302//1302
f 1303//1303 1304//1304 1305//1305
f 1306//1306 1307//1307 1308//1308
f 1114//1114 1113//1113 1309//1309
f 1310//1310 1118//1118 1117//1117
f 1120//1120 1119//1119 1311//1311
f 1312//1312 1124//1124 1123//1123
f 1126//1126 1125//1125 1313//1313
f 1314//1314 1130//1130 1129//1129
f 1132//1132 1131//1131 1315//1315
f 1316//1316 1136//1136 1135//1135
f 1140//1140 1139//1139 1317//1317
f 1318//1318 1144//1144 1143//1143
f 1319//1319 1320//1320 1321//1321
f 1322//1322 1323//1323 1324//1324
f 1325//1325 1326//1326 1327//1327
f 1328//1328 1329//1329 1330//1330
f 1146//1146 1145//1145 1331//1331
f 1332//1332 1150//1150 1149//1149
f 1152//1152 1151//1151 1333//1333
f 1334//1334 1156//1156 1155//1155
f 1158//1158 1157//1157 1335//1335
f 1336//1336 1162//1162 1161//1161
f 1164//1164 1163//1163 1337//1337
f 1338//1338 1168//1168 1167//1167
f 1170//1170 1169//1169 1339//1339
f 1340//1340 1174//1174 1173//1173
f 1341//1341 1342//1342 1343//1343
f 1344//1344 1345//1345 1346//1346
f 1347//1347 1348//1348 1349//1349
f 1350//1350 1351//1351 1352//1352
f 1353//1353 1354//1354 1355//1355
f 1356//1356 1357//1357 1358//1358
f 1359//1359 1360//1360 1361//1361
f 1362//1362 1363//1363 1364//1364
f 1188//1188 1187//1187 1365//1365
f 1366//1366 1192//1192 1191//1191
f 1194//1194 1193//1193 1367//1367
f 1368//1368 1198//1198 1197//1197
f 1369//1369 1370//1370 1371//1371
f 1372//1372 1373//1373 1374//1374
f 1202//1202 1201//1201 1375//1375
f 1376//1376 1206//1206 1205//1205
f 1377//1377 1378//1378 1379//1379
f 1380//1380 1381//1381 1382//1382
f 1210//1210 1209//1209 1383//1383
f 1384//1384 1214//1214 1213//1213
f 1385//1385 1386//1386 1387//1387
f 1388//1388 1389//1389 1390//1390
f 1218//1218 1217//1217 1391//1391
f 1392//1392 1222//1222 1221//1221
f 1224//1224 1223//1223 1393//1393
f 1394//1394 1228//1228 1227//1227
f 1230//1230 1229//1229 1395//1395
f 1396//1396 1234//1234 1233//1233
f 1236//1236 1235//1235 1397//1397
f 1398//1398 1240//1240 1239//1239
f 1399//1399 1400//1400 1401//1401
f 1402//1402 1403//1403 1404//1404
f 1400//1400 1399//1399 1405//1405
f 1406//1406 1404//1404 1403//1403
f 1407//1407 1408//1408 1409//1409
f 1410//1410 1411//1411 1412//1412
f 1413//1413 1414//1414 1415//1415
f 1416//1416 1417//1417 1418//1418
f 1419//1419 1420//1420 1421//1421
f 1422//1422 1423//1423 1424//1424
f 1425//1425 1426//1426 1427//1427
f 1428//1428 1429//1429 1430//1430
f 1431//1431 1432//1432 1433//1433
f 1434//1434 1435//1435 1436//1436
f 1252//1252 1251//1251 1437//1437
f 1438//1438 1256//1256 1255//1255
f 1258//1258 1257//1257 1439//1439
f 1440//1440 1262//1262 1261//1261
f 1264//1264 1263//1263 1441//1441
f 1442//1442 1268//1268 1267//1267
f 1270//1270 1269//1269 1443//1443
f 1444//1444 1274//1274 1273//1273
f 1445//1445 1446//1446 1447//1447
f 1448//1448 1449//1449 1450//1450
f 1451//1451 1452//1452 1453//1453
f 1454//1454 1455//1455 1456//1456
f 1284//1284 1283//1283 1457//1457
f 1458//1458 1288//1288 1287//1287
f 1290//1290 1289//1289 1459//1459
f 1460//1460 1294//1294 1293//1293
f 1461//1461 1462//1462 1463//1463
f 1464//1464 1465//1465 1466//1466
f 1467//1467 1468//1468 1469//1469
f 1470//1470 1471//1471 1472//1472
f 1298//1298 1297//1297 1473//1473
f 1474//1474 1302//1302 1301//1301
f 1475//1475 1476//1476 1477//1477
f 1476//1476 1475//1475 1478//1478
f 1479//1479 1480//1480 1481//1481
f 1482//1482 1481//1481 1480//1480
f 1483//1483 1484//1484 1485//1485
f 1486//1486 1487//1487 1488//1488
f 1304//1304 1303//1303 1489//1489
f 1490//1490 1308//1308 1307//1307
f 1491//1491 1492//1492 1493//1493
f 1494//1494 1495//1495 1496//1496
f 1497//1497 1498//1498 1499//1499
f 1500//1500 1501//1501 1502//1502
f 1503//1503 1504//1504 1505//1505
f 1506//1506 1507//1507 1508//1508
f 1509//1509 1510//1510 1511//1511
f 1512//1512 1513//1513 1514//1514
f 1515//1515 1516//1516 1517//1517
f 1518//1518 1519//1519 1520//1520
f 1320//1320 1319//1319 1521//1521
f 1522//1522 1324//1324 1323//1323
f 1326//1326 1325//1325 1523//1523
f 1524//1524 1330//1330 1329//1329
f 1525//1525 1526//1526 1527//1527
f 1528//1528 1529//1529 1530//1530
f 1531//1531 1532//1532 1533//1533
f 1534//1534 1535//1535 1536//1536
f 1537//1537 1538//1538 1539//1539
f 1540//1540 1541//1541 1542//1542
f 1543//1543 1544//1544 1545//1545
f 1546//1546 1547//1547 1548//1548
f 1549//1549 1550//1550 1551//1551
f 1552//1552 1553//1553 1554//1554
f 1555//1555 1556//1556 1557//1557
f 1558//1558 1559//1559 1560//1560
f 1342//1342 1341//1341 1561//1561
f 1562//1562 1346//1346 1345//1345
f 1348//1348 1347//1347 1563//1563
f 1564//1564 1352//1352 1351//1351
f 1565//1565 1566//1566 1567//1567
f 1568//1568 1569//1569 1570//1570
f 1354//1354 1353//1353 1571//1571
f 1572//1572 1358//1358 1357//1357
f 1360//1360 1359//1359 1573//1573
f 1574//1574 1364//1364 1363//1363
f 1566//1566 1565//1565 1575//1575
f 1576//1576 1570//1570 1569//1569
f 1577//1577 1578//1578 1579//1579
f 1580//1580 1581//1581 1582//1582
f 1583//1583 1584//1584 1585//1585
f 1586//1586 1587//1587 1588//1588
f 1370//1370 1369//1369 1589//1589
f 1590//1590 1374//1374 1373//1373
f 1591//1591 1592//1592 1593//1593
f 1594//1594 1595//1595 1596//1596
f 1378//1378 1377//1377 1597//1597
f 1598//1598 1382//1382 1381//1381
f 1599//1599 1600//1600 1601//1601
f 1602//1602 1603//1603 1604//1604
f 1386//1386 1385//1385 1605//1605
f 1606//1606 1390//1390 1389//1389
f 1607//1607 1608//1608 1609//1609
f 1610//1610 1611//1611 1612//1612
f 1613//1613 1614//1614 1615//1615
f 1616//1616 1617//1617 1618//1618
f 1619//1619 1620//1620 1621//1621
f 1622//1622 1623//1623 1624//1624
f 1625//1625 1626//1626 1627//1627
f 1628//1628 1629//1629 1630//1630
f 1631//1631 1632//1632 1633//1633
f 1634//1634 1635//1635 1636//1636
f 1637//1637 1638//1638 1639//1639
f 1640//1640 1641//1641 1642//1642
f 1408//1408 1407//1407 1643//1643
f 1644//1644 1412//1412 1411//1411
f 1414//1414 1413//1413 1645//1645
f 1646//1646 1418//1418 1417//1417
f 1420//1420 1419//1419 1647//1647
f 1648//1648 1424//1424 1423//1423
f 1426//1426 1425//1425 1649//1649
f 1650//1650 1430//1430 1429//1429
f 1432//1432 1431//1431 1651//1651
f 1652//1652 1436//1436 1435//1435
f 1653//1653 1654//1654 1655//1655
f 1656//1656 1657//1657 1658//1658
f 1659//1659 1660//1660 1661//1661
f 1662//1662 1663//1663 1664//1664
f 1665//1665 1666//1666 1667//1667
f 1668//1668 1669//1669 1670//1670
f 1671//1671 1672//1672 1673//1673
f 1674//1674 1675//1675 1676//1676
f 1446//1446 1445//1445 1677//1677
f 1678//1678 1450//1450 1449//1449
f 1679//1679 1680//1680 1681//1681
f 1682//1682 1683//1683 1684//1684
f 1452//1452 1451//1451 1685//1685
f 1686//1686 1456//1456 1455//1455
f 1680//1680 1679//1679 1687//1687
f 1688//1688 1684//1684 1683//1683
f 1689//1689 1690//1690 1691//1691
f 1692//1692 1693//1693 1694//1694
f 1695//1695 1696//1696 1697//1697
f 1698//1698 1699//1699 1700//1700
f 1462//1462 1461//1461 1701//1701
f 1702//1702 1466//1466 1465//1465
f 1468//1468 1467//1467 1703//1703
f 1704//1704 1472//1472 1471//1471
f 1705//1705 1706//1706 1707//1707
f 1708//1708 1709//1709 1710//1710
f 1696//1696 1695//1695 1711//1711
f 1712//1712 1700//1700 1699//1699
f 1484//1484 1483//1483 1713//1713
f 1714//1714 1488//1488 1487//1487
f 1706//1706 1705//1705 1715//1715
f 1716//1716 1710//1710 1709//1709
f 1717//1717 1718//1718 1719//1719
f 1720//1720 1721//1721 1722//1722
f 1492//1492 1491//1491 1723//1723
f 1724//1724 1496//1496 1495//1495
f 1498//1498 1497//1497 1725//1725
f 1726//1726 1502//1502 1501//1501
f 1504//1504 1503//1503 1727//1727
f 1728//1728 1508//1508 1507//1507
f 1510//1510 1509//1509 1729//1729
f 1730//1730 1514//1514 1513//1513
f 1516//1516 1515//1515 1731//1731
f 1732//1732 1520//1520 1519//1519
f 1526//1526 1525//1525 1733//1733
f 1734//1734 1530//1530 1529//1529
f 1735//1735 1736//1736 1737//1737
f 1738//1738 1739//1739 1740//1740
f 1741//1741 1742//1742 1743//1743
f 1744//1744 1745//1745 1746//1746
f 1747//1747 1748//1748 1749//1749
f 1750//1750 1751//1751 1752//1752
f 1532//1532 1531//1531 1753//1753
f 1754//1754 1536//1536 1535//1535
f 1538//1538 1537//1537 1755//1755
f 1756//1756 1542//1542 1541//1541
f 1544//1544 1543//1543 1757//1757
f 1758//1758 1548//1548 1547//1547
f 1718//1718 1717//1717 1759//1759
f 1760//1760 1722//1722 1721//1721
f 1761//1761 1762//1762 1763//1763
f 1764//1764 1765//1765 1766//1766
f 1550//1550 1549//1549 1767//1767
f 1768//1768 1554//1554 1553//1553
f 1556//1556 1555//1555 1769//1769
f 1770//1770 1560//1560 1559//1559
f 1771//1771 1772//1772 1773//1773
f 1774//1774 1775//1775 1776//1776
f 1777//1777 1778//1778 1779//1779
f 1780//1780 1781//1781 1782//1782
f 1783//1783 1784//1784 1785//1785
f 1786//1786 1787//1787 1788//1788
f 1789//1789 1790//1790 1791//1791
f 1792//1792 1793//1793 1794//1794
f 1795//1795 1796//1796 1797//1797
f 1798//1798 1799//1799 1800//1800
f 1801//1801 1802//1802 1803//1803
f 1804//1804 1805//1805 1806//1806
f 1578//1578 1577//1577 1807//1807
f 1808//1808 1582//1582 1581//1581
f 1584//1584 1583//1583 1809//1809
f 1810//1810 1588//1588 1587//1587
f 1811//1811 1812//1812 1813//1813
f 1814//1814 1815//1815 1816//1816
f 1592//1592 1591//1591 1817//1817
f 1818//1818 1596//1596 1595//1595
f 1819//1819 1820//1820 1821//1821
f 1822//1822 1823//1823 1824//1824
f 1600//1600 1599//1599 1825//1825
f 1826//1826 1604//1604 1603//1603
f 1827//1827 1828//1828 1829//1829
f 1830//1830 1831//1831 1832//1832
f 1608//1608 1607//1607 1833//1833
f 1834//1834 1612//1612 1611//1611
f 1614//1614 1613//1613 1835//1835
f 1836//1836 1618//1618 1617//1617
f 1620//1620 1619//1619 1837//1837
f 1838//1838 1624//1624 1623//1623
f 1626//1626 1625//1625 1839//1839
f 1840//1840 1630//1630 1629//1629
f 1632//1632 1631//1631 1841//1841
f 1842//1842 1636//1636 1635//1635
f 1843//1843 1844//1844 1845//1845
f 1846//1846 1847//1847 1848//1848
f 1638//1638 1637//1637 1849//1849
f 1850//1850 1642//1642 1641//1641
f 1844//1844 1843//1843 1851//1851
f 1852//1852 1848//1848 1847//1847
f 1853//1853 1854//1854 1855//1855
f 1856//1856 1857//1857 1858//1858
f 1859//1859 1860//1860 1861//1861
f 1862//1862 1863//1863 1864//1864
f 1865//1865 1866//1866 1867//1867
f 1868//1868 1869//1869 1870//1870
f 1871//1871 1872//1872 1873//1873
f 1872//1872 1871//1871 1874//1874
f 1875//1875 1876//1876 1877//1877
f 1878//1878 1877//1877 1876//1876
f 1879//1879 1880//1880 1881//1881
f 1882//1882 1883//1883 1884//1884
f 1654//1654 1653//1653 1885//1885
f 1886//1886 1658//1658 1657//1657
f 1660//1660 1659//1659 1887//1887
f 1888//1888 1664//1664 1663//1663
f 1666//1666 1665//1665 1889//1889
f 1890//1890 1670//1670 1669//1669
f 1672//1672 1671//1671 1891//1891
f 1892//1892 1676//1676 1675//1675
f 1893//1893 1894//1894 1895//1895
f 1896//1896 1897//1897 1898//1898
f 1899//1899 1900//1900 1901//1901
f 1902//1902 1903//1903 1904//1904
f 1905//1905 1906//1906 1907//1907
f 1908//1908 1909//1909 1910//1910
f 1911//1911 1912//1912 1913//1913
f 1914//1914 1915//1915 1916//1916
f 1690//1690 1689//1689 1917//1917
f 1918//1918 1694//1694 1693//1693
f 1919//1919 1920//1920 1921//1921
f 1922//1922 1923//1923 1924//1924
f 1925//1925 1926//1926 1927//1927
f 1928//1928 1929//1929 1930//1930
f 1926//1926 1925//1925 1931//1931
f 1932//1932 1930//1930 1929//1929
f 1933//1933 1934//1934 1935//1935
f 1936//1936 1937//1937 1938//1938
f 1939//1939 1940//1940 1941//1941
f 1942//1942 1943//1943 1944//1944
f 1945//1945 1946//1946 1947//1947
f 1948//1948 1949//1949 1950//1950
f 1951//1951 1952//1952 1953//1953
f 1954//1954 1955//1955 1956//1956
f 1957//1957 1958//1958 1959//1959
f 1960//1960 1961//1961 1962//1962
f 1963//1963 1964//1964 1965//1965
f 1966//1966 1967//1967 1968//1968
f 1969//1969 1970//1970 1971//1971
f 1972//1972 1973//1973 1974//1974
f 1975//1975 1976//1976 1977//1977
f 1978//1978 1979//1979 1980//1980
f 1736//1736 1735//1735 1981//1981
f 1982//1982 1740//1740 1739//1739
f 1742//1742 1741//1741 1983//1983
f 1984//1984 1746//1746 1745//1745
f 1748//1748 1747//1747 1985//1985
f 1986//1986 1752//1752 1751//1751
f 1987//1987 1988//1988 1989//1989
f 1990//1990 1991//1991 1992//1992
f 1993//1993 1994//1994 1995//1995
f 1996//1996 1997//1997 1998//1998
f 1999//1999 2000//2000 2001//2001
f 2002//2002 2003//2003 2004//2004
f 2005//2005 2006//2006 2007//2007
f 2008//2008 2009//2009 2010//2010
f 1762//1762 1761//1761 2011//2011
f 2012//2012 1766//1766 1765//1765
f 2013//2013 2014//2014 2015//2015
f 2016//2016 2017//2017 2018//2018
f 1772//1772 1771//1771 2019//2019
f 2020//2020 1776//1776 1775//1775
f 1778//1778 1777//1777 2021//2021
f 2022//2022 1782//1782 1781//1781
f 1784//1784 1783//1783 2023//2023
f 2024//2024 1788//1788 1787//1787
f 2025//2025 2026//2026 2027//2027
f 2028//2028 2029//2029 2030//2030
f 1790//1790 1789//1789 2031//2031
f 2032//2032 1794//1794 1793//1793
f 1796//1796 1795//1795 2033//2033
f 2034//2034 1800//1800 1799//1799
f 1802//1802 1801//1801 2035//2035
f 2036//2036 1806//1806 1805//1805
f 2026//2026 2025//2025 2037//2037
f 2038//2038 2030//2030 2029//2029
f 2039//2039 2040//2040 2041//2041
f 2042//2042 2043//2043 2044//2044
f 2045//2045 2046//2046 2047//2047
f 2048//2048 2049//2049 2050//2050
f 1812//1812 1811//1811 2051//2051
f 2052//2052 1816//1816 1815//1815
f 2053//2053 2054//2054 2055//2055
f 2056//2056 2057//2057 2058//2058
f 1820//1820 1819//1819 2059//2059
f 2060//2060 1824//1824 1823//1823
f 2061//2061 2062//2062 2063//2063
f 2064//2064 2065//2065 2066//2066
f 2067//2067 2066//2066 2065//2065
f 1828//1828 1827//1827 2068//2068
f 2069//2069 1832//1832 1831//1831
f 2070//2070 2071//2071 2072//2072
f 2073//2073 2074//2074 2075//2075
f 2076//2076 2075//2075 2074//2074
f 2077//2077 2078//2078 2079//2079
f 2080//2080 2081//2081 2082//2082
f 2083//2083 2084//2084 2085//2085
f 2086//2086 2087//2087 2088//2088
f 2089//2089 2090//2090 2091//2091
f 2092//2092 2093//2093 2094//2094
f 2095//2095 2096//2096 2097//2097
f 2098//2098 2099//2099 2100//2100
f 2101//2101 2102//2102 2103//2103
f 2104//2104 2105//2105 2106//2106
f 2107//2107 2108//2108 2109//2109
f 2110//2110 2111//2111 2112//2112
f 2113//2113 2114//2114 2115//2115
f 2116//2116 2117//2117 2118//2118
f 1854//1854 1853//1853 2119//2119
f 2120//2120 1858//1858 1857//1857
f 1860//1860 1859//1859 2121//2121
f 2122//2122 1864//1864 1863//1863
f 2123//2123 2124//2124 2125//2125
f 2126//2126 2127//2127 2128//2128
f 1866//1866 1865//1865 2129//2129
f 2130//2130 1870//1870 1869//1869
f 2131//2131 2132//2132 2133//2133
f 2134//2134 2135//2135 2136//2136
f 2132//2132 2131//2131 2137//2137
f 2138//2138 2136//2136 2135//2135
f 2124//2124 2123//2123 2139//2139
f 2140//2140 2141//2141 2142//2142
f 2141//2141 2140//2140 2143//2143
f 2144//2144 2145//2145 2146//2146
f 2147//2147 2146//2146 2145//2145
f 1880//1880 1879//1879 2148//2148
f 2149//2149 1884//1884 1883//1883
f 2150//2150 2151//2151 2152//2152
f 2153//2153 2154//2154 2155//2155
f 2156//2156 2157//2157 2158//2158
f 2159//2159 2160//2160 2161//2161
f 2162//2162 2163//2163 2164//2164
f 2165//2165 2166//2166 2167//2167
f 2168//2168 2169//2169 2170//2170
f 2171//2171 2172//2172 2173//2173
f 2174//2174 2175//2175 2176//2176
f 2177//2177 2178//2178 2179//2179
f 1894//1894 1893//1893 2180//2180
f 2181//2181 1898//1898 1897//1897
f 1900//1900 1899//1899 2182//2182
f 2183//2183 1904//1904 1903//1903
f 2184//2184 2185//2185 2186//2186
f 2187//2187 2188//2188 2189//2189
f 1906//1906 1905//1905 2190//2190
f 2191//2191 1910//1910 1909//1909
f 1912//1912 1911//1911 2192//2192
f 2193//2193 1916//1916 1915//1915
f 2185//2185 2184//2184 2194//2194
f 2195//2195 2189//2189 2188//2188
f 2196//2196 2197//2197 2198//2198
f 2199//2199 2200//2200 2201//2201
f 1920//1920 1919//1919 2202//2202
f 2203//2203 1924//1924 1923//1923
f 2204//2204 2205//2205 2206//2206
f 2207//2207 2208//2208 2209//2209
f 2210//2210 2211//2211 2212//2212
f 2213//2213 2214//2214 2215//2215
f 1934//1934 1933//1933 2216//2216
f 2217//2217 1938//1938 1937//1937
f 1940//1940 1939//1939 2218//2218
f 2219//2219 1944//1944 1943//1943
f 2205//2205 2204//2204 2220//2220
f 2221//2221 2209//2209 2208//2208
f 1946//1946 1945//1945 2222//2222
f 2223//2223 1950//1950 1949//1949
f 1952//1952 1951//1951 2224//2224
f 2225//2225 1956//1956 1955//1955
f 1958//1958 1957//1957 2226//2226
f 2227//2227 1962//1962 1961//1961
f 1964//1964 1963//1963 2228//2228
f 2229//2229 1968//1968 1967//1967
f 1970//1970 1969//1969 2230//2230
f 2231//2231 1974//1974 1973//1973
f 1976//1976 1975//1975 2232//2232
f 2233//2233 1980//1980 1979//1979
f 1988//1988 1987//1987 2234//2234
f 2235//2235 1992//1992 1991//1991
f 2236//2236 2237//2237 2238//2238
f 2239//2239 2240//2240 2241//2241
f 2242//2242 2243//2243 2244//2244
f 2245//2245 2246//2246 2247//2247
f 2248//2248 2249//2249 2250//2250
f 2251//2251 2252//2252 2253//2253
f 2254//2254 2255//2255 2256//2256
f 2257//2257 2258//2258 2259//2259
f 1994//1994 1993//1993 2260//2260
f 2261//2261 1998//1998 1997//1997
f 2000//2000 1999//1999 2262//2262
f 2263//2263 2004//2004 2003//2003
f 2006//2006 2005//2005 2264//2264
f 2265//2265 2010//2010 2009//2009
f 2266//2266 2267//2267 2268//2268
f 2269//2269 2270//2270 2271//2271
f 2272//2272 2273//2273 2274//2274
f 2275//2275 2276//2276 2277//2277
f 2017//2017 2016//2016 2278//2278
f 2279//2279 2015//2015 2014//2014
f 2280//2280 2281//2281 2282//2282
f 2281//2281 2280//2280 2283//2283
f 2284//2284 2285//2285 2286//2286
f 2287//2287 2286//2286 2285//2285
f 2288//2288 2289//2289 2290//2290
f 2291//2291 2292//2292 2293//2293
f 2289//2289 2288//2288 2294//2294
f 2295//2295 2293//2293 2292//2292
f 2296//2296 2297//2297 2298//2298
f 2299//2299 2300//2300 2301//2301
f 2302//2302 2303//2303 2304//2304
f 2305//2305 2306//2306 2307//2307
f 2308//2308 2309//2309 2310//2310
f 2311//2311 2310//2310 2309//2309
f 2312//2312 2313//2313 2314//2314
f 2315//2315 2316//2316 2317//2317
f 2318//2318 2319//2319 2320//2320
f 2321//2321 2322//2322 2323//2323
f 2324//2324 2325//2325 2326//2326
f 2327//2327 2328//2328 2329//2329
f 2330//2330 2331//2331 2332//2332
f 2333//2333 2334//2334 2335//2335
f 2040//2040 2039//2039 2336//2336
f 2337//2337 2044//2044 2043//2043
f 2046//2046 2045//2045 2338//2338
f 2339//2339 2050//2050 2049//2049
f 2340//2340 2341//2341 2342//2342
f 2343//2343 2344//2344 2345//2345
f 2346//2346 2058//2058 2057//2057
f 2347//2347 2348//2348 2349//2349
f 2350//2350 2351//2351 2352//2352
f 2062//2062 2061//2061 2353//2353
f 2054//2054 2053//2053 2354//2354
f 2355//2355 2356//2356 2357//2357
f 2358//2358 2359//2359 2360//2360
f 2361//2361 2362//2362 2363//2363
f 2362//2362 2361//2361 2364//2364
f 2365//2365 2366//2366 2367//2367
f 2368//2368 2367//2367 2366//2366
f 2369//2369 2370//2370 2371//2371
f 2370//2370 2369//2369 2372//2372
f 2373//2373 2374//2374 2375//2375
f 2376//2376 2375//2375 2374//2374
f 2071//2071 2070//2070 2377//2377
f 2378//2378 2379//2379 2380//2380
f 2381//2381 2382//2382 2383//2383
f 2384//2384 2385//2385 2386//2386
f 2387//2387 2388//2388 2389//2389
f 2390//2390 2391//2391 2392//2392
f 2391//2391 2390//2390 2393//2393
f 2394//2394 2395//2395 2396//2396
f 2397//2397 2396//2396 2395//2395
f 2078//2078 2077//2077 2398//2398
f 2399//2399 2082//2082 2081//2081
f 2084//2084 2083//2083 2400//2400
f 2401//2401 2088//2088 2087//2087
f 2090//2090 2089//2089 2402//2402
f 2403//2403 2094//2094 2093//2093
f 2096//2096 2095//2095 2404//2404
f 2405//2405 2100//2100 2099//2099
f 2102//2102 2101//2101 2406//2406
f 2407//2407 2106//2106 2105//2105
f 2408//2408 2409//2409 2410//2410
f 2411//2411 2412//2412 2413//2413
f 2108//2108 2107//2107 2414//2414
f 2415//2415 2112//2112 2111//2111
f 2114//2114 2113//2113 2416//2416
f 2417//2417 2118//2118 2117//2117
f 2409//2409 2408//2408 2418//2418
f 2419//2419 2413//2413 2412//2412
f 2420//2420 2421//2421 2422//2422
f 2423//2423 2424//2424 2425//2425
f 2426//2426 2427//2427 2428//2428
f 2427//2427 2426//2426 2429//2429
f 2430//2430 2431//2431 2432//2432
f 2433//2433 2432//2432 2431//2431
f 2434//2434 2128//2128 2127//2127
f 2435//2435 2436//2436 2437//2437
f 2438//2438 2439//2439 2440//2440
f 2441//2441 2442//2442 2443//2443
f 2444//2444 2445//2445 2446//2446
f 2447//2447 2448//2448 2449//2449
f 2450//2450 2451//2451 2452//2452
f 2151//2151 2150//2150 2453//2453
f 2454//2454 2155//2155 2154//2154
f 2442//2442 2441//2441 2455//2455
f 2456//2456 2446//2446 2445//2445
f 2157//2157 2156//2156 2457//2457
f 2458//2458 2161//2161 2160//2160
f 2163//2163 2162//2162 2459//2459
f 2460//2460 2167//2167 2166//2166
f 2169//2169 2168//2168 2461//2461
f 2462//2462 2173//2173 2172//2172
f 2175//2175 2174//2174 2463//2463
f 2464//2464 2179//2179 2178//2178
f 2465//2465 2466//2466 2467//2467
f 2468//2468 2469//2469 2470//2470
f 2471//2471 2472//2472 2473//2473
f 2474//2474 2475//2475 2476//2476
f 2477//2477 2478//2478 2479//2479
f 2480//2480 2481//2481 2482//2482
f 2483//2483 2484//2484 2485//2485
f 2486//2486 2487//2487 2488//2488
f 2489//2489 2490//2490 2491//2491
f 2492//2492 2493//2493 2494//2494
f 2495//2495 2496//2496 2497//2497
f 2498//2498 2499//2499 2500//2500
f 2197//2197 2196//2196 2501//2501
f 2502//2502 2201//2201 2200//2200
f 2503//2503 2504//2504 2505//2505
f 2506//2506 2507//2507 2508//2508
f 2211//2211 2210//2210 2509//2509
f 2510//2510 2215//2215 2214//2214
f 2511//2511 2512//2512 2513//2513
f 2514//2514 2515//2515 2516//2516
f 2517//2517 2518//2518 2519//2519
f 2520//2520 2521//2521 2522//2522
f 2523//2523 2524//2524 2525//2525
f 2526//2526 2527//2527 2528//2528
f 2529//2529 2530//2530 2531//2531
f 2532//2532 2533//2533 2534//2534
f 2535//2535 2536//2536 2537//2537
f 2538//2538 2539//2539 2540//2540
f 2541//2541 2542//2542 2543//2543
f 2544//2544 2545//2545 2546//2546
f 2547//2547 2548//2548 2549//2549
f 2550//2550 2551//2551 2552//2552
f 2553//2553 2554//2554 2555//2555
f 2556//2556 2557//2557 2558//2558
f 2559//2559 2560//2560 2561//2561
f 2562//2562 2563//2563 2564//2564
f 2565//2565 2566//2566 2567//2567
f 2568//2568 2569//2569 2570//2570
f 2237//2237 2236//2236 2571//2571
f 2572//2572 2241//2241 2240//2240
f 2243//2243 2242//2242 2573//2573
f 2574//2574 2247//2247 2246//2246
f 2249//2249 2248//2248 2575//2575
f 2576//2576 2253//2253 2252//2252
f 2255//2255 2254//2254 2577//2577
f 2578//2578 2259//2259 2258//2258
f 2579//2579 2580//2580 2581//2581
f 2582//2582 2583//2583 2584//2584
f 2585//2585 2586//2586 2587//2587
f 2588//2588 2589//2589 2590//2590
f 2591//2591 2592//2592 2593//2593
f 2594//2594 2595//2595 2596//2596
f 2597//2597 2383//2383 2382//2382
f 2267//2267 2266//2266 2598//2598
f 2599//2599 2271//2271 2270//2270
f 2273//2273 2272//2272 2600//2600
f 2601//2601 2277//2277 2276//2276
f 2602//2602 2603//2603 2604//2604
f 2605//2605 2606//2606 2607//2607
f 2603//2603 2602//2602 2608//2608
f 2609//2609 2607//2607 2606//2606
f 2297//2297 2296//2296 2610//2610
f 2611//2611 2301//2301 2300//2300
f 2303//2303 2302//2302 2612//2612
f 2613//2613 2614//2614 2615//2615
f 2616//2616 2617//2617 2618//2618
f 2619//2619 2620//2620 2621//2621
f 2622//2622 2623//2623 2624//2624
f 2625//2625 2626//2626 2627//2627
f 2628//2628 2629//2629 2630//2630
f 2631//2631 2632//2632 2633//2633
f 2634//2634 2635//2635 2636//2636
f 2637//2637 2638//2638 2639//2639
f 2623//2623 2622//2622 2640//2640
f 2641//2641 2627//2627 2626//2626
f 2642//2642 2643//2643 2644//2644
f 2645//2645 2646//2646 2647//2647
f 2306//2306 2305//2305 2648//2648
f 2649//2649 2615//2615 2614//2614
f 2313//2313 2312//2312 2650//2650
f 2651//2651 2317//2317 2316//2316
f 2319//2319 2318//2318 2652//2652
f 2653//2653 2323//2323 2322//2322
f 2325//2325 2324//2324 2654//2654
f 2655//2655 2329//2329 2328//2328
f 2331//2331 2330//2330 2656//2656
f 2657//2657 2335//2335 2334//2334
f 2635//2635 2634//2634 2658//2658
f 2659//2659 2639//2639 2638//2638
f 2660//2660 2661//2661 2662//2662
f 2663//2663 2664//2664 2665//2665
f 2666//2666 2667//2667 2668//2668
f 2669//2669 2670//2670 2671//2671
f 2341//2341 2340//2340 2672//2672
f 2673//2673 2345//2345 2344//2344
f 2674//2674 2675//2675 2676//2676
f 2677//2677 2678//2678 2679//2679
f 2348//2348 2347//2347 2680//2680
f 2681//2681 2352//2352 2351//2351
f 2682//2682 2683//2683 2684//2684
f 2685//2685 2686//2686 2687//2687
f 2356//2356 2355//2355 2688//2688
f 2689//2689 2360//2360 2359//2359
f 2690//2690 2691//2691 2692//2692
f 2693//2693 2694//2694 2695//2695
f 2683//2683 2682//2682 2696//2696
f 2697//2697 2687//2687 2686//2686
f 2698//2698 2699//2699 2700//2700
f 2701//2701 2702//2702 2703//2703
f 2704//2704 2705//2705 2706//2706
f 2707//2707 2708//2708 2709//2709
f 2675//2675 2674//2674 2710//2710
f 2711//2711 2679//2679 2678//2678
f 2379//2379 2378//2378 2712//2712
f 2385//2385 2384//2384 2713//2713
f 2714//2714 2389//2389 2388//2388
f 2715//2715 2716//2716 2717//2717
f 2718//2718 2719//2719 2720//2720
f 2721//2721 2722//2722 2723//2723
f 2724//2724 2725//2725 2726//2726
f 2727//2727 2728//2728 2729//2729
f 2730//2730 2731//2731 2732//2732
f 2733//2733 2734//2734 2735//2735
f 2736//2736 2737//2737 2738//2738
f 2739//2739 2740//2740 2741//2741
f 2742//2742 2743//2743 2744//2744
f 2745//2745 2746//2746 2747//2747
f 2748//2748 2749//2749 2750//2750
f 2751//2751 2752//2752 2753//2753
f 2754//2754 2755//2755 2756//2756
f 2757//2757 2758//2758 2759//2759
f 2760//2760 2761//2761 2762//2762
f 2763//2763 2764//2764 2765//2765
f 2766//2766 2767//2767 2768//2768
f 2769//2769 2770//2770 2771//2771
f 2772//2772 2773//2773 2774//2774
f 2421//2421 2420//2420 2775//2775
f 2776//2776 2425//2425 2424//2424
f 2777//2777 2778//2778 2779//2779
f 2780//2780 2781//2781 2782//2782
f 2783//2783 2452//2452 2451//2451
f 2436//2436 2435//2435 2784//2784
f 2785//2785 2440//2440 2439//2439
f 2448//2448 2447//2447 2786//2786
f 2787//2787 2788//2788 2789//2789
f 2790//2790 2791//2791 2792//2792
f 2793//2793 2794//2794 2795//2795
f 2796//2796 2797//2797 2798//2798
f 2799//2799 2800//2800 2801//2801
f 2802//2802 2803//2803 2804//2804
f 2805//2805 2806//2806 2807//2807
f 2808//2808 2809//2809 2810//2810
f 2811//2811 2812//2812 2813//2813
f 2814//2814 2815//2815 2816//2816
f 2817//2817 2818//2818 2819//2819
f 2820//2820 2821//2821 2822//2822
f 2466//2466 2465//2465 2823//2823
f 2824//2824 2470//2470 2469//2469
f 2472//2472 2471//2471 2825//2825
f 2826//2826 2476//2476 2475//2475
f 2478//2478 2477//2477 2827//2827
f 2828//2828 2482//2482 2481//2481
f 2829//2829 2830//2830 2831//2831
f 2832//2832 2833//2833 2834//2834
f 2484//2484 2483//2483 2835//2835
f 2836//2836 2488//2488 2487//2487
f 2490//2490 2489//2489 2837//2837
f 2838//2838 2494//2494 2493//2493
f 2496//2496 2495//2495 2839//2839
f 2840//2840 2500//2500 2499//2499
f 2830//2830 2829//2829 2841//2841
f 2842//2842 2834//2834 2833//2833
f 2843//2843 2844//2844 2845//2845
f 2846//2846 2847//2847 2848//2848
f 2504//2504 2503//2503 2849//2849
f 2850//2850 2508//2508 2507//2507
f 2512//2512 2511//2511 2851//2851
f 2852//2852 2516//2516 2515//2515
f 2853//2853 2854//2854 2855//2855
f 2856//2856 2857//2857 2858//2858
f 2518//2518 2517//2517 2859//2859
f 2860//2860 2522//2522 2521//2521
f 2524//2524 2523//2523 2861//2861
f 2862//2862 2528//2528 2527//2527
f 2530//2530 2529//2529 2863//2863
f 2864//2864 2534//2534 2533//2533
f 2536//2536 2535//2535 2865//2865
f 2866//2866 2540//2540 2539//2539
f 2542//2542 2541//2541 2867//2867
f 2868//2868 2546//2546 2545//2545
f 2548//2548 2547//2547 2869//2869
f 2870//2870 2552//2552 2551//2551
f 2554//2554 2553//2553 2871//2871
f 2872//2872 2558//2558 2557//2557
f 2560//2560 2559//2559 2873//2873
f 2874//2874 2564//2564 2563//2563
f 2566//2566 2565//2565 2875//2875
f 2876//2876 2570//2570 2569//2569
f 2580//2580 2579//2579 2877//2877
f 2878//2878 2584//2584 2583//2583
f 2879//2879 2880//2880 2881//2881
f 2882//2882 2883//2883 2884//2884
f 2885//2885 2886//2886 2887//2887
f 2888//2888 2889//2889 2890//2890
f 2891//2891 2892//2892 2893//2893
f 2894//2894 2895//2895 2896//2896
f 2897//2897 2898//2898 2899//2899
f 2900//2900 2901//2901 2902//2902
f 2903//2903 2904//2904 2905//2905
f 2906//2906 2907//2907 2908//2908
f 2586//2586 2585//2585 2909//2909
f 2910//2910 2590//2590 2589//2589
f 2592//2592 2591//2591 2911//2911
f 2912//2912 2596//2596 2595//2595
f 2913//2913 2914//2914 2915//2915
f 2916//2916 2917//2917 2918//2918
f 2716//2716 2715//2715 2919//2919
f 2920//2920 2720//2720 2719//2719
f 2921//2921 2922//2922 2923//2923
f 2924//2924 2925//2925 2926//2926
f 2927//2927 2928//2928 2929//2929
f 2930//2930 2931//2931 2932//2932
f 2928//2928 2927//2927 2933//2933
f 2934//2934 2932//2932 2931//2931
f 2935//2935 2936//2936 2937//2937
f 2938//2938 2939//2939 2940//2940
f 2936//2936 2935//2935 2941//2941
f 2942//2942 2940//2940 2939//2939
f 2617//2617 2616//2616 2943//2943
f 2944//2944 2621//2621 2620//2620
f 2629//2629 2628//2628 2945//2945
f 2946//2946 2633//2633 2632//2632
f 2947//2947 2948//2948 2949//2949
f 2950//2950 2951//2951 2952//2952
f 2643//2643 2642//2642 2953//2953
f 2954//2954 2647//2647 2646//2646
f 2948//2948 2947//2947 2955//2955
f 2956//2956 2952//2952 2951//2951
f 2957//2957 2958//2958 2959//2959
f 2960//2960 2961//2961 2962//2962
f 2963//2963 2964//2964 2965//2965
f 2966//2966 2967//2967 2968//2968
f 2969//2969 2970//2970 2971//2971
f 2972//2972 2973//2973 2974//2974
f 2975//2975 2976//2976 2977//2977
f 2978//2978 2979//2979 2980//2980
f 2981//2981 2982//2982 2983//2983
f 2984//2984 2985//2985 2986//2986
f 2987//2987 2988//2988 2989//2989
f 2990//2990 2991//2991 2992//2992
f 2661//2661 2660//2660 2993//2993
f 2994//2994 2665//2665 2664//2664
f 2667//2667 2666//2666 2995//2995
f 2996//2996 2671//2671 2670//2670
f 2997//2997 2998//2998 2999//2999
f 3000//3000 3001//3001 3002//3002
f 2998//2998 2997//2997 3003//3003
f 3004//3004 3002//3002 3001//3001
f 2691//2691 2690//2690 3005//3005
f 3006//3006 2695//2695 2694//2694
f 3007//3007 3008//3008 3009//3009
f 3010//3010 3011//3011 3012//3012
f 3013//3013 3014//3014 3015//3015
f 3016//3016 3017//3017 3018//3018
f 3019//3019 2703//2703 2702//2702
f 3020//3020 3021//3021 3022//3022
f 3023//3023 3024//3024 3025//3025
f 2705//2705 2704//2704 3026//3026
f 3027//3027 2709//2709 2708//2708
f 3028//3028 3029//3029 3030//3030
f 3031//3031 3032//3032 3033//3033
f 3034//3034 3035//3035 3036//3036
f 3037//3037 3038//3038 3039//3039
f 3040//3040 3041//3041 3042//3042
f 3043//3043 3044//3044 3045//3045
f 2722//2722 2721//2721 3046//3046
f 3047//3047 2726//2726 2725//2725
f 2728//2728 2727//2727 3048//3048
f 3049//3049 2732//2732 2731//2731
f 2734//2734 2733//2733 3050//3050
f 3051//3051 2738//2738 2737//2737
f 2740//2740 2739//2739 3052//3052
f 3053//3053 2744//2744 2743//2743
f 2746//2746 2745//2745 3054//3054
f 3055//3055 2750//2750 2749//2749
f 2752//2752 2751//2751 3056//3056
f 3057//3057 2756//2756 2755//2755
f 3058//3058 3059//3059 3060//3060
f 3061//3061 3062//3062 3063//3063
f 2758//2758 2757//2757 3064//3064
f 3065//3065 2762//2762 2761//2761
f 2764//2764 2763//2763 3066//3066
f 3067//3067 2768//2768 2767//2767
f 2770//2770 2769//2769 3068//3068
f 3069//3069 2774//2774 2773//2773
f 3059//3059 3058//3058 3070//3070
f 3071//3071 3063//3063 3062//3062
f 2778//2778 2777//2777 3072//3072
f 3073//3073 2782//2782 2781//2781
f 3074//3074 3075//3075 3076//3076
f 3077//3077 3078//3078 3079//3079
f 3080//3080 3081//3081 3082//3082
f 3083//3083 3084//3084 3085//3085
f 2788//2788 2787//2787 3086//3086
f 3087//3087 2792//2792 2791//2791
f 2794//2794 2793//2793 3088//3088
f 3089//3089 2798//2798 2797//2797
f 2800//2800 2799//2799 3090//3090
f 3091//3091 2804//2804 2803//2803
f 3081//3081 3080//3080 3092//3092
f 3093//3093 3085//3085 3084//3084
f 2806//2806 2805//2805 3094//3094
f 3095//3095 2810//2810 2809//2809
f 2812//2812 2811//2811 3096//3096
f 3097//3097 2816//2816 2815//2815
f 2818//2818 2817//2817 3098//3098
f 3099//3099 2822//2822 2821//2821
f 3100//3100 3101//3101 3102//3102
f 3103//3103 3104//3104 3105//3105
f 3106//3106 3107//3107 3108//3108
f 3109//3109 3110//3110 3111//3111
f 3112//3112 3113//3113 3114//3114
f 3115//3115 3116//3116 3117//3117
f 3118//3118 3119//3119 3120//3120
f 3121//3121 3122//3122 3123//3123
f 3124//3124 3125//3125 3126//3126
f 3127//3127 3128//3128 3129//3129
f 3130//3130 3131//3131 3132//3132
f 3133//3133 3134//3134 3135//3135
f 3136//3136 3137//3137 3138//3138
f 3139//3139 3140//3140 3141//3141
f 3142//3142 3143//3143 3144//3144
f 3145//3145 3146//3146 3147//3147
f 2844//2844 2843//2843 3148//3148
f 3149//3149 2848//2848 2847//2847
f 3150//3150 3151//3151 3152//3152
f 3153//3153 3154//3154 3155//3155
f 3156//3156 3157//3157 3158//3158
f 3159//3159 3160//3160 3161//3161
f 2854//2854 2853//2853 3162//3162
f 3163//3163 2858//2858 2857//2857
f 3164//3164 3165//3165 3166//3166
f 3167//3167 3168//3168 3169//3169
f 3170//3170 3171//3171 3172//3172
f 3173//3173 3174//3174 3175//3175
f 3176//3176 3177//3177 3178//3178
f 3179//3179 3180//3180 3181//3181
f 3182//3182 3183//3183 3184//3184
f 3185//3185 3186//3186 3187//3187
f 3188//3188 3189//3189 3190//3190
f 3191//3191 3192//3192 3193//3193
f 3194//3194 3195//3195 3196//3196
f 3197//3197 3198//3198 3199//3199
f 3200//3200 3201//3201 3202//3202
f 3203//3203 3204//3204 3205//3205
f 3206//3206 3207//3207 3208//3208
f 3209//3209 3210//3210 3211//3211
f 3212//3212 3213//3213 3214//3214
f 3215//3215 3216//3216 3217//3217
f 3218//3218 3219//3219 3220//3220
f 3221//3221 3222//3222 3223//3223
f 2880//2880 2879//2879 3224//3224
f 3225//3225 2884//2884 2883//2883
f 2886//2886 2885//2885 3226//3226
f 3227//3227 2890//2890 2889//2889
f 2892//2892 2891//2891 3228//3228
f 3229//3229 2896//2896 2895//2895
f 2898//2898 2897//2897 3230//3230
f 3231//3231 2902//2902 2901//2901
f 2904//2904 2903//2903 3232//3232
f 3233//3233 2908//2908 2907//2907
f 3234//3234 3235//3235 3236//3236
f 3237//3237 3238//3238 3239//3239
f 3240//3240 3241//3241 3242//3242
f 3243//3243 3244//3244 3245//3245
f 2914//2914 2913//2913 3246//3246
f 3247//3247 2918//2918 2917//2917
f 3248//3248 3249//3249 3250//3250
f 3251//3251 3252//3252 3253//3253
f 2922//2922 2921//2921 3254//3254
f 3255//3255 2926//2926 2925//2925
f 3256//3256 3257//3257 3258//3258
f 3259//3259 3260//3260 3261//3261
f 3262//3262 3263//3263 3264//3264
f 3265//3265 3266//3266 3267//3267
f 3263//3263 3262//3262 3268//3268
f 3269//3269 3267//3267 3266//3266
f 3270//3270 3271//3271 3272//3272
f 3273//3273 3274//3274 3275//3275
f 3276//3276 3277//3277 3278//3278
f 3279//3279 3280//3280 3281//3281
f 3282//3282 3283//3283 3284//3284
f 3285//3285 3286//3286 3287//3287
f 3288//3288 3289//3289 3290//3290
f 3291//3291 3292//3292 3293//3293
f 2958//2958 2957//2957 3294//3294
f 3295//3295 2962//2962 2961//2961
f 2964//2964 2963//2963 3296//3296
f 3297//3297 2968//2968 2967//2967
f 2970//2970 2969//2969 3298//3298
f 3299//3299 2974//2974 2973//2973
f 2976//2976 2975//2975 3300//3300
f 3301//3301 2980//2980 2979//2979
f 2988//2988 2987//2987 3302//3302
f 3303//3303 2992//2992 2991//2991
f 2982//2982 2981//2981 3304//3304
f 3305//3305 2986//2986 2985//2985
f 3277//3277 3276//3276 3306//3306
f 3307//3307 3281//3281 3280//3280
f 3308//3308 3309//3309 3310//3310
f 3311//3311 3312//3312 3313//3313
f 3314//3314 3315//3315 3316//3316
f 3317//3317 3318//3318 3319//3319
f 3320//3320 3321//3321 3322//3322
f 3323//3323 3324//3324 3325//3325
f 3315//3315 3314//3314 3326//3326
f 3327//3327 3319//3319 3318//3318
f 3328//3328 3008//3008 3007//3007
f 3012//3012 3011//3011 3329//3329
f 3009//3009 3008//3008 3330//3330
f 3331//3331 3011//3011 3010//3010
f 3332//3332 3014//3014 3013//3013
f 3018//3018 3017//3017 3333//3333
f 3015//3015 3014//3014 3334//3334
f 3335//3335 3017//3017 3016//3016
f 3336//3336 3337//3337 3338//3338
f 3339//3339 3340//3340 3341//3341
f 2699//2699 2698//2698 3342//3342
f 3021//3021 3020//3020 3343//3343
f 3344//3344 3025//3025 3024//3024
f 3029//3029 3028//3028 3345//3345
f 3346//3346 3033//3033 3032//3032
f 3347//3347 3348//3348 3349//3349
f 3350//3350 3341//3341 3340//3340
f 3321//3321 3320//3320 3351//3351
f 3352//3352 3325//3325 3324//3324
f 3035//3035 3034//3034 3353//3353
f 3354//3354 3039//3039 3038//3038
f 3040//3040 3355//3355 3041//3041
f 3044//3044 3356//3356 3045//3045
f 3357//3357 3358//3358 3359//3359
f 3360//3360 3361//3361 3362//3362
f 3363//3363 3364//3364 3365//3365
f 3366//3366 3367//3367 3368//3368
f 3369//3369 3370//3370 3371//3371
f 3372//3372 3373//3373 3374//3374
f 3375//3375 3376//3376 3377//3377
f 3378//3378 3379//3379 3380//3380
f 3381//3381 3382//3382 3383//3383
f 3384//3384 3385//3385 3386//3386
f 3387//3387 3388//3388 3389//3389
f 3390//3390 3391//3391 3392//3392
f 3393//3393 3394//3394 3395//3395
f 3396//3396 3397//3397 3398//3398
f 3399//3399 3400//3400 3401//3401
f 3402//3402 3403//3403 3404//3404
f 3405//3405 3406//3406 3407//3407
f 3408//3408 3409//3409 3410//3410
f 3409//3409 3408//3408 3411//3411
f 3412//3412 3413//3413 3414//3414
f 3415//3415 3416//3416 3417//3417
f 3416//3416 3415//3415 3418//3418
f 3419//3419 3420//3420 3421//3421
f 3400//3400 3399//3399 3422//3422
f 3423//3423 3404//3404 3403//3403
f 3075//3075 3074//3074 3424//3424
f 3425//3425 3079//3079 3078//3078
f 3426//3426 3427//3427 3428//3428
f 3429//3429 3430//3430 3431//3431
f 3432//3432 3433//3433 3434//3434
f 3435//3435 3436//3436 3437//3437
f 3438//3438 3439//3439 3440//3440
f 3441//3441 3442//3442 3443//3443
f 3444//3444 3445//3445 3446//3446
f 3447//3447 3448//3448 3449//3449
f 3450//3450 3451//3451 3452//3452
f 3453//3453 3454//3454 3455//3455
f 3456//3456 3457//3457 3458//3458
f 3459//3459 3460//3460 3461//3461
f 3462//3462 3463//3463 3464//3464
f 3465//3465 3466//3466 3467//3467
f 3468//3468 3469//3469 3470//3470
f 3469//3469 3468//3468 3471//3471
f 3472//3472 3338//3338 3337//3337
f 3101//3101 3100//3100 3473//3473
f 3474//3474 3105//3105 3104//3104
f 3107//3107 3106//3106 3475//3475
f 3476//3476 3111//3111 3110//3110
f 3113//3113 3112//3112 3477//3477
f 3478//3478 3117//3117 3116//3116
f 3119//3119 3118//3118 3479//3479
f 3480//3480 3123//3123 3122//3122
f 3481//3481 3482//3482 3483//3483
f 3484//3484 3485//3485 3486//3486
f 3125//3125 3124//3124 3487//3487
f 3488//3488 3129//3129 3128//3128
f 3131//3131 3130//3130 3489//3489
f 3490//3490 3135//3135 3134//3134
f 3137//3137 3136//3136 3491//3491
f 3492//3492 3141//3141 3140//3140
f 3143//3143 3142//3142 3493//3493
f 3494//3494 3147//3147 3146//3146
f 3482//3482 3481//3481 3495//3495
f 3496//3496 3486//3486 3485//3485
f 3497//3497 3498//3498 3499//3499
f 3500//3500 3501//3501 3502//3502
f 3151//3151 3150//3150 3503//3503
f 3504//3504 3155//3155 3154//3154
f 3157//3157 3156//3156 3505//3505
f 3506//3506 3161//3161 3160//3160
f 3507//3507 3508//3508 3509//3509
f 3510//3510 3511//3511 3512//3512
f 3513//3513 3514//3514 3515//3515
f 3516//3516 3517//3517 3518//3518
f 3165//3165 3164//3164 3519//3519
f 3520//3520 3169//3169 3168//3168
f 3171//3171 3170//3170 3521//3521
f 3522//3522 3175//3175 3174//3174
f 3177//3177 3176//3176 3523//3523
f 3524//3524 3181//3181 3180//3180
f 3183//3183 3182//3182 3525//3525
f 3526//3526 3187//3187 3186//3186
f 3189//3189 3188//3188 3527//3527
f 3528//3528 3193//3193 3192//3192
f 3195//3195 3194//3194 3529//3529
f 3530//3530 3199//3199 3198//3198
f 3201//3201 3200//3200 3531//3531
f 3532//3532 3205//3205 3204//3204
f 3207//3207 3206//3206 3533//3533
f 3534//3534 3211//3211 3210//3210
f 3213//3213 3212//3212 3535//3535
f 3536//3536 3217//3217 3216//3216
f 3219//3219 3218//3218 3537//3537
f 3538//3538 3223//3223 3222//3222
f 3235//3235 3234//3234 3539//3539
f 3540//3540 3239//3239 3238//3238
f 3541//3541 3542//3542 3543//3543
f 3544//3544 3545//3545 3546//3546
f 3547//3547 3548//3548 3549//3549
f 3550//3550 3551//3551 3552//3552
f 3553//3553 3552//3552 3551//3551
f 3554//3554 3555//3555 3556//3556
f 3557//3557 3556//3556 3555//3555
f 3558//3558 3559//3559 3560//3560
f 3561//3561 3562//3562 3563//3563
f 3564//3564 3565//3565 3566//3566
f 3567//3567 3568//3568 3569//3569
f 3241//3241 3240//3240 3570//3570
f 3571//3571 3245//3245 3244//3244
f 3542//3542 3541//3541 3572//3572
f 3573//3573 3546//3546 3545//3545
f 3249//3249 3248//3248 3574//3574
f 3575//3575 3253//3253 3252//3252
f 3257//3257 3256//3256 3576//3576
f 3577//3577 3261//3261 3260//3260
f 3578//3578 3579//3579 3580//3580
f 3581//3581 3582//3582 3583//3583
f 3579//3579 3578//3578 3584//3584
f 3585//3585 3583//3583 3582//3582
f 3271//3271 3270//3270 3586//3586
f 3587//3587 3275//3275 3274//3274
f 3588//3588 3589//3589 3590//3590
f 3591//3591 3592//3592 3593//3593
f 3283//3283 3282//3282 3594//3594
f 3595//3595 3287//3287 3286//3286
f 3289//3289 3288//3288 3596//3596
f 3597//3597 3293//3293 3292//3292
f 3589//3589 3588//3588 3598//3598
f 3599//3599 3593//3593 3592//3592
f 3600//3600 3601//3601 3602//3602
f 3603//3603 3604//3604 3605//3605
f 3606//3606 3607//3607 3608//3608
f 3609//3609 3610//3610 3611//3611
f 3612//3612 3613//3613 3614//3614
f 3615//3615 3616//3616 3617//3617
f 3618//3618 3619//3619 3620//3620
f 3621//3621 3622//3622 3623//3623
f 3624//3624 3625//3625 3626//3626
f 3627//3627 3628//3628 3629//3629
f 3630//3630 3631//3631 3632//3632
f 3633//3633 3634//3634 3635//3635
f 3636//3636 3637//3637 3638//3638
f 3639//3639 3640//3640 3641//3641
f 3309//3309 3308//3308 3642//3642
f 3643//3643 3313//3313 3312//3312
f 3644//3644 3645//3645 3646//3646
f 3647//3647 3648//3648 3649//3649
f 3008//3008 3328//3328 3650//3650
f 3651//3651 3329//3329 3011//3011
f 3014//3014 3332//3332 3652//3652
f 3653//3653 3333//3333 3017//3017
f 3645//3645 3654//3654 3655//3655
f 3656//3656 3657//3657 3648//3648
f 3654//3654 3645//3645 3644//3644
f 3649//3649 3648//3648 3657//3657
f 3658//3658 3659//3659 3660//3660
f 3661//3661 3662//3662 3663//3663
f 3348//3348 3347//3347 3664//3664
f 3665//3665 3666//3666 3667//3667
f 3668//3668 3669//3669 3670//3670
f 3671//3671 3672//3672 3673//3673
f 3674//3674 3675//3675 3676//3676
f 3677//3677 3678//3678 3679//3679
f 3680//3680 3681//3681 3682//3682
f 3683//3683 3684//3684 3685//3685
f 3686//3686 3687//3687 3688//3688
f 3689//3689 3690//3690 3691//3691
f 3692//3692 3693//3693 3694//3694
f 3695//3695 3355//3355 3040//3040
f 3045//3045 3356//3356 3696//3696
f 3358//3358 3357//3357 3697//3697
f 3698//3698 3362//3362 3361//3361
f 3364//3364 3363//3363 3699//3699
f 3700//3700 3368//3368 3367//3367
f 3370//3370 3369//3369 3701//3701
f 3702//3702 3374//3374 3373//3373
f 3376//3376 3375//3375 3703//3703
f 3704//3704 3380//3380 3379//3379
f 3382//3382 3381//3381 3705//3705
f 3706//3706 3386//3386 3385//3385
f 3388//3388 3387//3387 3707//3707
f 3708//3708 3392//3392 3391//3391
f 3394//3394 3393//3393 3709//3709
f 3710//3710 3398//3398 3397//3397
f 3711//3711 3712//3712 3713//3713
f 3714//3714 3715//3715 3716//3716
f 3717//3717 3718//3718 3719//3719
f 3720//3720 3407//3407 3406//3406
f 3718//3718 3717//3717 3721//3721
f 3722//3722 3723//3723 3724//3724
f 3725//3725 3414//3414 3413//3413
f 3723//3723 3722//3722 3726//3726
f 3727//3727 3728//3728 3729//3729
f 3730//3730 3729//3729 3728//3728
f 3731//3731 3732//3732 3733//3733
f 3734//3734 3735//3735 3736//3736
f 3737//3737 3421//3421 3420//3420
f 3738//3738 3739//3739 3740//3740
f 3741//3741 3742//3742 3743//3743
f 3744//3744 3745//3745 3746//3746
f 3745//3745 3744//3744 3747//3747
f 3748//3748 3749//3749 3750//3750
f 3751//3751 3750//3750 3749//3749
f 3752//3752 3753//3753 3754//3754
f 3755//3755 3756//3756 3757//3757
f 3758//3758 3716//3716 3715//3715
f 3759//3759 3760//3760 3761//3761
f 3762//3762 3763//3763 3764//3764
f 3760//3760 3759//3759 3765//3765
f 3766//3766 3764//3764 3763//3763
f 3427//3427 3426//3426 3767//3767
f 3768//3768 3431//3431 3430//3430
f 3433//3433 3432//3432 3769//3769
f 3770//3770 3437//3437 3436//3436
f 3439//3439 3438//3438 3771//3771
f 3772//3772 3443//3443 3442//3442
f 3773//3773 3774//3774 3775//3775
f 3776//3776 3777//3777 3778//3778
f 3445//3445 3444//3444 3779//3779
f 3780//3780 3449//3449 3448//3448
f 3451//3451 3450//3450 3781//3781
f 3782//3782 3455//3455 3454//3454
f 3457//3457 3456//3456 3783//3783
f 3784//3784 3461//3461 3460//3460
f 3463//3463 3462//3462 3785//3785
f 3786//3786 3467//3467 3466//3466
f 3787//3787 3788//3788 3789//3789
f 3790//3790 3791//3791 3792//3792
f 3793//3793 3794//3794 3795//3795
f 3796//3796 3797//3797 3798//3798
f 3791//3791 3790//3790 3799//3799
f 3800//3800 3795//3795 3794//3794
f 3801//3801 3802//3802 3803//3803
f 3804//3804 3805//3805 3806//3806
f 3807//3807 3808//3808 3809//3809
f 3810//3810 3811//3811 3812//3812
f 3813//3813 3812//3812 3811//3811
f 3814//3814 3815//3815 3816//3816
f 3817//3817 3818//3818 3819//3819
f 3820//3820 3819//3819 3818//3818
f 3821//3821 3822//3822 3823//3823
f 3824//3824 3825//3825 3826//3826
f 3827//3827 3826//3826 3825//3825
f 3828//3828 3829//3829 3830//3830
f 3831//3831 3832//3832 3833//3833
f 3834//3834 3835//3835 3836//3836
f 3837//3837 3838//3838 3839//3839
f 3840//3840 3841//3841 3842//3842
f 3843//3843 3844//3844 3845//3845
f 3846//3846 3847//3847 3848//3848
f 3849//3849 3850//3850 3851//3851
f 3852//3852 3853//3853 3854//3854
f 3855//3855 3856//3856 3857//3857
f 3498//3498 3497//3497 3858//3858
f 3859//3859 3502//3502 3501//3501
f 3860//3860 3861//3861 3862//3862
f 3863//3863 3864//3864 3865//3865
f 3866//3866 3867//3867 3868//3868
f 3869//3869 3870//3870 3871//3871
f 3508//3508 3507//3507 3872//3872
f 3873//3873 3512//3512 3511//3511
f 3514//3514 3513//3513 3874//3874
f 3875//3875 3518//3518 3517//3517
f 3876//3876 3877//3877 3878//3878
f 3879//3879 3880//3880 3881//3881
f 3882//3882 3883//3883 3884//3884
f 3885//3885 3886//3886 3887//3887
f 3888//3888 3889//3889 3890//3890
f 3891//3891 3892//3892 3893//3893
f 3894//3894 3895//3895 3896//3896
f 3897//3897 3898//3898 3899//3899
f 3900//3900 3901//3901 3902//3902
f 3903//3903 3904//3904 3905//3905
f 3906//3906 3907//3907 3908//3908
f 3909//3909 3910//3910 3911//3911
f 3912//3912 3913//3913 3914//3914
f 3915//3915 3916//3916 3917//3917
f 3918//3918 3919//3919 3920//3920
f 3921//3921 3922//3922 3923//3923
f 3924//3924 3925//3925 3926//3926
f 3927//3927 3928//3928 3929//3929
f 3930//3930 3931//3931 3932//3932
f 3933//3933 3934//3934 3935//3935
f 3936//3936 3937//3937 3938//3938
f 3939//3939 3940//3940 3941//3941
f 3942//3942 3943//3943 3944//3944
f 3945//3945 3549//3549 3548//3548
f 3946//3946 3947//3947 3948//3948
f 3949//3949 3950//3950 3951//3951
f 3952//3952 3953//3953 3954//3954
f 3950//3950 3949//3949 3955//3955
f 3559//3559 3558//3558 3956//3956
f 3957//3957 3563//3563 3562//3562
f 3953//3953 3952//3952 3958//3958
f 3959//3959 3960//3960 3961//3961
f 3962//3962 3963//3963 3964//3964
f 3565//3565 3564//3564 3965//3965
f 3966//3966 3569//3569 3568//3568
f 3967//3967 3968//3968 3969//3969
f 3970//3970 3971//3971 3972//3972
f 3973//3973 3974//3974 3975//3975
f 3976//3976 3977//3977 3978//3978
f 3979//3979 3980//3980 3981//3981
f 3982//3982 3983//3983 3984//3984
f 3980//3980 3979//3979 3985//3985
f 3986//3986 3984//3984 3983//3983
f 3987//3987 3988//3988 3989//3989
f 3990//3990 3991//3991 3992//3992
f 3993//3993 3994//3994 3995//3995
f 3996//3996 3997//3997 3998//3998
f 3999//3999 4000//4000 4001//4001
f 4002//4002 4003//4003 4004//4004
f 4000//4000 3999//3999 4005//4005
f 4006//4006 4004//4004 4003//4003
f 4007//4007 4008//4008 4009//4009
f 4010//4010 4011//4011 4012//4012
f 4013//4013 4014//4014 4015//4015
f 4016//4016 4017//4017 4018//4018
f 4019//4019 4020//4020 4021//4021
f 4022//4022 4023//4023 4024//4024
f 4025//4025 4026//4026 4027//4027
f 4028//4028 4029//4029 4030//4030
f 3601//3601 3600//3600 4031//4031
f 4032//4032 3605//3605 3604//3604
f 3607//3607 3606//3606 4033//4033
f 4034//4034 3611//3611 3610//3610
f 3613//3613 3612//3612 4035//4035
f 4036//4036 3617//3617 3616//3616
f 3619//3619 3618//3618 4037//4037
f 4038//4038 3623//3623 3622//3622
f 3625//3625 3624//3624 4039//4039
f 4040//4040 3629//3629 3628//3628
f 3631//3631 3630//3630 4041//4041
f 4042//4042 3635//3635 3634//3634
f 3637//3637 3636//3636 4043//4043
f 4044//4044 3641//3641 3640//3640
f 4008//4008 4007//4007 4045//4045
f 4046//4046 4012//4012 4011//4011
f 4047//4047 4048//4048 4049//4049
f 4050//4050 4051//4051 4052//4052
f 3677//3677 3679//3679 4053//4053
f 4054//4054 3680//3680 3682//3682
f 3646//3646 3645//3645 4055//4055
f 4056//4056 3648//3648 3647//3647
f 4057//4057 4058//4058 4059//4059
f 4060//4060 4061//4061 4062//4062
f 4063//4063 4064//4064 4065//4065
f 4066//4066 4067//4067 4068//4068
f 4069//4069 4070//4070 4071//4071
f 4072//4072 4073//4073 4074//4074
f 3659//3659 3658//3658 4075//4075
f 4076//4076 3663//3663 3662//3662
f 4077//4077 3666//3666 3665//3665
f 3670//3670 3669//3669 4078//4078
f 4079//4079 4080//4080 3672//3672
f 3675//3675 4081//4081 4082//4082
f 4079//4079 3672//3672 3671//3671
f 3676//3676 3675//3675 4082//4082
f 3677//3677 4083//4083 3678//3678
f 3681//3681 4084//4084 3682//3682
f 3684//3684 3683//3683 4085//4085
f 4086//4086 3688//3688 3687//3687
f 4087//4087 3690//3690 3689//3689
f 3694//3694 3693//3693 4088//4088
f 3691//3691 3690//3690 4089//4089
f 4090//4090 3693//3693 3692//3692
f 3355//3355 3695//3695 4091//4091
f 4092//4092 3696//3696 3356//3356
f 3889//3889 3888//3888 4093//4093
f 4094//4094 3893//3893 3892//3892
f 3974//3974 3973//3973 4095//4095
f 4096//4096 3978//3978 3977//3977
f 4048//4048 4047//4047 4097//4097
f 4098//4098 4052//4052 4051//4051
f 4099//4099 4100//4100 4101//4101
f 4102//4102 4103//4103 4104//4104
f 4105//4105 4106//4106 4107//4107
f 4108//4108 4109//4109 4110//4110
f 4111//4111 4112//4112 4113//4113
f 4114//4114 4115//4115 4116//4116
f 4117//4117 4118//4118 4119//4119
f 4120//4120 4121//4121 4122//4122
f 4123//4123 4124//4124 4125//4125
f 4126//4126 4127//4127 4128//4128
f 4129//4129 4130//4130 4131//4131
f 4132//4132 4133//4133 4134//4134
f 3712//3712 3711//3711 4135//4135
f 3739//3739 3738//3738 4136//4136
f 4137//4137 3743//3743 3742//3742
f 3732//3732 3731//3731 4138//4138
f 4139//4139 3736//3736 3735//3735
f 3753//3753 3752//3752 4140//4140
f 4141//4141 3757//3757 3756//3756
f 4142//4142 4143//4143 4144//4144
f 4145//4145 4146//4146 4147//4147
f 4148//4148 4149//4149 4150//4150
f 4151//4151 4152//4152 4153//4153
f 4149//4149 4148//4148 4154//4154
f 4155//4155 4153//4153 4152//4152
f 4156//4156 4157//4157 4158//4158
f 4159//4159 4160//4160 4161//4161
f 3774//3774 3773//3773 4162//4162
f 4163//4163 3778//3778 3777//3777
f 4164//4164 4165//4165 4166//4166
f 4167//4167 4168//4168 4169//4169
f 4170//4170 4171//4171 4172//4172
f 4173//4173 4174//4174 4175//4175
f 4176//4176 4177//4177 4178//4178
f 4179//4179 4180//4180 4181//4181
f 4182//4182 4183//4183 4184//4184
f 4185//4185 4186//4186 4187//4187
f 3895//3895 3894//3894 4188//4188
f 4189//4189 3899//3899 3898//3898
f 3901//3901 3900//3900 4190//4190
f 4191//4191 3905//3905 3904//3904
f 4192//4192 4193//4193 4194//4194
f 4195//4195 4196//4196 4197//4197
f 3797//3797 3796//3796 4198//4198
f 4199//4199 3789//3789 3788//3788
f 3802//3802 3801//3801 4200//4200
f 4201//4201 3806//3806 3805//3805
f 3808//3808 3807//3807 4202//4202
f 3815//3815 3814//3814 4203//4203
f 4204//4204 4205//4205 4206//4206
f 4205//4205 4204//4204 4207//4207
f 4208//4208 4209//4209 4210//4210
f 4211//4211 4210//4210 4209//4209
f 3822//3822 3821//3821 4212//4212
f 4213//4213 4214//4214 4215//4215
f 4216//4216 4217//4217 4218//4218
f 4219//4219 4220//4220 4221//4221
f 4222//4222 4223//4223 4224//4224
f 3829//3829 3828//3828 4225//4225
f 4226//4226 3833//3833 3832//3832
f 3835//3835 3834//3834 4227//4227
f 4228//4228 3839//3839 3838//3838
f 3841//3841 3840//3840 4229//4229
f 4230//4230 3845//3845 3844//3844
f 3847//3847 3846//3846 4231//4231
f 4232//4232 3851//3851 3850//3850
f 3853//3853 3852//3852 4233//4233
f 4234//4234 3857//3857 3856//3856
f 4217//4217 4216//4216 4235//4235
f 4236//4236 4221//4221 4220//4220
f 3907//3907 3906//3906 4237//4237
f 4238//4238 3911//3911 3910//3910
f 3861//3861 3860//3860 4239//4239
f 4240//4240 3865//3865 3864//3864
f 3867//3867 3866//3866 4241//4241
f 4242//4242 3871//3871 3870//3870
f 4243//4243 4244//4244 4245//4245
f 4246//4246 4247//4247 4248//4248
f 4249//4249 4250//4250 4251//4251
f 4252//4252 4253//4253 4254//4254
f 3877//3877 3876//3876 4255//4255
f 4256//4256 3881//3881 3880//3880
f 3883//3883 3882//3882 4257//4257
f 4258//4258 3887//3887 3886//3886
f 3913//3913 3912//3912 4259//4259
f 4260//4260 3917//3917 3916//3916
f 3919//3919 3918//3918 4261//4261
f 4262//4262 3923//3923 3922//3922
f 3925//3925 3924//3924 4263//4263
f 4264//4264 3929//3929 3928//3928
f 3931//3931 3930//3930 4265//4265
f 4266//4266 3935//3935 3934//3934
f 3937//3937 3936//3936 4267//4267
f 4268//4268 3941//3941 3940//3940
f 3943//3943 3942//3942 4269//4269
f 4270//4270 4271//4271 4272//4272
f 4271//4271 4270//4270 4273//4273
f 4274//4274 4275//4275 4276//4276
f 4277//4277 4276//4276 4275//4275
f 3947//3947 3946//3946 4278//4278
f 4279//4279 4280//4280 4281//4281
f 4282//4282 4281//4281 4280//4280
f 4283//4283 4284//4284 4285//4285
f 4286//4286 4287//4287 4288//4288
f 4289//4289 4290//4290 4291//4291
f 4292//4292 4293//4293 4294//4294
f 4295//4295 3964//3964 3963//3963
f 4296//4296 4297//4297 4298//4298
f 4299//4299 4300//4300 4301//4301
f 3960//3960 3959//3959 4302//4302
f 4297//4297 4296//4296 4303//4303
f 4304//4304 4301//4301 4300//4300
f 3968//3968 3967//3967 4305//4305
f 4306//4306 3972//3972 3971//3971
f 4307//4307 4308//4308 4309//4309
f 4310//4310 4311//4311 4312//4312
f 3988//3988 3987//3987 4313//4313
f 4314//4314 3992//3992 3991//3991
f 3994//3994 3993//3993 4315//4315
f 4316//4316 3998//3998 3997//3997
f 4317//4317 4318//4318 4319//4319
f 4320//4320 4321//4321 4322//4322
f 4323//4323 4324//4324 4325//4325
f 4326//4326 4327//4327 4328//4328
f 4014//4014 4013//4013 4329//4329
f 4330//4330 4018//4018 4017//4017
f 4318//4318 4317//4317 4331//4331
f 4332//4332 4322//4322 4321//4321
f 4020//4020 4019//4019 4333//4333
f 4334//4334 4024//4024 4023//4023
f 4026//4026 4025//4025 4335//4335
f 4336//4336 4030//4030 4029//4029
f 4100//4100 4099//4099 4337//4337
f 4338//4338 4104//4104 4103//4103
f 4106//4106 4105//4105 4339//4339
f 4340//4340 4110//4110 4109//4109
f 4112//4112 4111//4111 4341//4341
f 4342//4342 4116//4116 4115//4115
f 4118//4118 4117//4117 4343//4343
f 4344//4344 4122//4122 4121//4121
f 4130//4130 4129//4129 4345//4345
f 4346//4346 4134//4134 4133//4133
f 4347//4347 4348//4348 4349//4349
f 4350//4350 4351//4351 4352//4352
f 4353//4353 4354//4354 4355//4355
f 4356//4356 4357//4357 4358//4358
f 4359//4359 4360//4360 4361//4361
f 4362//4362 4363//4363 4364//4364
f 4058//4058 4057//4057 4365//4365
f 4366//4366 4062//4062 4061//4061
f 4367//4367 4368//4368 4369//4369
f 4370//4370 4371//4371 4372//4372
f 4064//4064 4063//4063 4373//4373
f 4374//4374 4068//4068 4067//4067
f 4070//4070 4069//4069 4375//4375
f 4376//4376 4074//4074 4073//4073
f 4377//4377 4378//4378 4379//4379
f 4380//4380 4381//4381 4382//4382
f 4383//4383 4384//4384 4385//4385
f 4386//4386 4387//4387 4388//4388
f 4077//4077 4389//4389 3666//3666
f 3669//3669 4390//4390 4078//4078
f 4080//4080 4079//4079 4391//4391
f 4392//4392 4082//4082 4081//4081
f 4083//4083 3677//3677 4393//4393
f 4394//4394 3682//3682 4084//4084
f 4308//4308 4307//4307 4395//4395
f 4396//4396 4312//4312 4311//4311
f 4397//4397 4398//4398 4399//4399
f 4400//4400 4401//4401 4402//4402
f 3690//3690 4087//4087 4403//4403
f 4404//4404 4088//4088 3693//3693
f 4398//4398 4397//4397 4405//4405
f 4406//4406 4402//4402 4401//4401
f 4368//4368 4367//4367 4407//4407
f 4408//4408 4372//4372 4371//4371
f 4124//4124 4123//4123 4409//4409
f 4410//4410 4128//4128 4127//4127
f 4143//4143 4142//4142 4411//4411
f 4412//4412 4147//4147 4146//4146
f 4348//4348 4347//4347 4413//4413
f 4414//4414 4352//4352 4351//4351
f 4415//4415 4416//4416 4417//4417
f 4418//4418 4419//4419 4420//4420
f 4421//4421 4422//4422 4423//4423
f 4424//4424 4425//4425 4426//4426
f 4427//4427 4428//4428 4429//4429
f 4430//4430 4431//4431 4432//4432
f 4433//4433 4434//4434 4435//4435
f 4436//4436 4437//4437 4438//4438
f 4416//4416 4415//4415 4439//4439
f 4440//4440 4420//4420 4419//4419
f 4441//4441 4442//4442 4443//4443
f 4444//4444 4445//4445 4446//4446
f 4157//4157 4156//4156 4447//4447
f 4448//4448 4161//4161 4160//4160
f 4449//4449 4450//4450 4451//4451
f 4452//4452 4453//4453 4454//4454
f 4165//4165 4164//4164 4455//4455
f 4456//4456 4169//4169 4168//4168
f 4171//4171 4170//4170 4457//4457
f 4458//4458 4175//4175 4174//4174
f 4459//4459 4460//4460 4461//4461
f 4462//4462 4463//4463 4464//4464
f 4177//4177 4176//4176 4465//4465
f 4466//4466 4181//4181 4180//4180
f 4183//4183 4182//4182 4467//4467
f 4468//4468 4187//4187 4186//4186
f 4193//4193 4192//4192 4469//4469
f 4470//4470 4197//4197 4196//4196
f 4471//4471 4472//4472 4473//4473
f 4474//4474 4475//4475 4476//4476
f 4472//4472 4471//4471 4477//4477
f 4478//4478 4476//4476 4475//4475
f 4479//4479 4480//4480 4481//4481
f 4482//4482 4483//4483 4484//4484
f 4214//4214 4213//4213 4485//4485
f 4486//4486 4487//4487 4488//4488
f 4489//4489 4488//4488 4487//4487
f 4490//4490 4491//4491 4492//4492
f 4493//4493 4494//4494 4495//4495
f 4496//4496 4497//4497 4498//4498
f 4499//4499 4500//4500 4501//4501
f 4223//4223 4222//4222 4502//4502
f 4503//4503 4504//4504 4505//4505
f 4506//4506 4505//4505 4504//4504
f 4507//4507 4508//4508 4509//4509
f 4510//4510 4511//4511 4512//4512
f 4513//4513 4514//4514 4515//4515
f 4516//4516 4517//4517 4518//4518
f 4519//4519 4520//4520 4521//4521
f 4522//4522 4523//4523 4524//4524
f 4244//4244 4243//4243 4525//4525
f 4526//4526 4248//4248 4247//4247
f 4250//4250 4249//4249 4527//4527
f 4528//4528 4254//4254 4253//4253
f 4529//4529 4530//4530 4531//4531
f 4532//4532 4533//4533 4534//4534
f 4535//4535 4536//4536 4537//4537
f 4538//4538 4539//4539 4540//4540
f 4541//4541 4542//4542 4543//4543
f 4544//4544 4545//4545 4546//4546
f 4547//4547 4548//4548 4549//4549
f 4550//4550 4551//4551 4552//4552
f 4553//4553 4554//4554 4555//4555
f 4556//4556 4557//4557 4558//4558
f 4559//4559 4288//4288 4287//4287
f 4284//4284 4283//4283 4560//4560
f 4290//4290 4289//4289 4561//4561
f 4562//4562 4294//4294 4293//4293
f 4563//4563 4564//4564 4565//4565
f 4566//4566 4567//4567 4568//4568
f 4564//4564 4563//4563 4569//4569
f 4570//4570 4568//4568 4567//4567
f 4571//4571 4572//4572 4573//4573
f 4574//4574 4575//4575 4576//4576
f 4542//4542 4541//4541 4577//4577
f 4578//4578 4546//4546 4545//4545
f 4579//4579 4580//4580 4581//4581
f 4582//4582 4583//4583 4584//4584
f 4585//4585 4586//4586 4587//4587
f 4588//4588 4589//4589 4590//4590
f 4324//4324 4323//4323 4591//4591
f 4592//4592 4328//4328 4327//4327
f 4593//4593 4594//4594 4595//4595
f 4596//4596 4597//4597 4598//4598
f 4599//4599 4600//4600 4601//4601
f 4602//4602 4603//4603 4604//4604
f 4605//4605 4606//4606 4607//4607
f 4608//4608 4609//4609 4610//4610
f 4611//4611 4612//4612 4613//4613
f 4614//4614 4615//4615 4616//4616
f 4354//4354 4353//4353 4617//4617
f 4618//4618 4358//4358 4357//4357
f 4360//4360 4359//4359 4619//4619
f 4620//4620 4364//4364 4363//4363
f 4621//4621 4622//4622 4623//4623
f 4624//4624 4625//4625 4626//4626
f 4627//4627 4628//4628 4629//4629
f 4630//4630 4631//4631 4632//4632
f 4633//4633 4634//4634 4635//4635
f 4636//4636 4637//4637 4638//4638
f 4639//4639 4640//4640 4641//4641
f 4642//4642 4643//4643 4644//4644
f 4645//4645 4646//4646 4647//4647
f 4648//4648 4649//4649 4650//4650
f 4651//4651 4378//4378 4377//4377
f 4382//4382 4381//4381 4652//4652
f 4384//4384 4383//4383 4653//4653
f 4654//4654 4388//4388 4387//4387
f 4389//4389 4077//4077 4655//4655
f 4656//4656 4078//4078 4390//4390
f 4657//4657 4658//4658 4659//4659
f 4660//4660 4661//4661 4662//4662
f 4646//4646 4645//4645 4663//4663
f 4664//4664 4650//4650 4649//4649
f 4665//4665 4666//4666 4667//4667
f 4668//4668 4669//4669 4670//4670
f 4666//4666 4671//4671 4672//4672
f 4673//4673 4674//4674 4669//4669
f 4405//4405 4397//4397 4675//4675
f 4676//4676 4402//4402 4406//4406
f 4677//4677 4678//4678 4679//4679
f 4680//4680 4681//4681 4682//4682
f 4678//4678 4677//4677 4683//4683
f 4684//4684 4682//4682 4681//4681
f 4422//4422 4421//4421 4685//4685
f 4686//4686 4426//4426 4425//4425
f 4428//4428 4427//4427 4687//4687
f 4688//4688 4432//4432 4431//4431
f 4434//4434 4433//4433 4689//4689
f 4690//4690 4438//4438 4437//4437
f 4691//4691 4692//4692 4693//4693
f 4694//4694 4695//4695 4696//4696
f 4442//4442 4441//4441 4697//4697
f 4698//4698 4446//4446 4445//4445
f 4692//4692 4691//4691 4699//4699
f 4700//4700 4696//4696 4695//4695
f 4450//4450 4449//4449 4701//4701
f 4702//4702 4454//4454 4453//4453
f 4460//4460 4459//4459 4703//4703
f 4704//4704 4464//4464 4463//4463
f 4705//4705 4706//4706 4707//4707
f 4708//4708 4709//4709 4710//4710
f 4711//4711 4712//4712 4713//4713
f 4714//4714 4715//4715 4716//4716
f 4717//4717 4718//4718 4719//4719
f 4720//4720 4721//4721 4722//4722
f 4723//4723 4724//4724 4725//4725
f 4726//4726 4727//4727 4728//4728
f 4729//4729 4730//4730 4731//4731
f 4732//4732 4733//4733 4734//4734
f 4735//4735 4736//4736 4737//4737
f 4738//4738 4739//4739 4740//4740
f 4741//4741 4742//4742 4743//4743
f 4744//4744 4745//4745 4746//4746
f 4480//4480 4479//4479 4747//4747
f 4748//4748 4484//4484 4483//4483
f 4497//4497 4496//4496 4749//4749
f 4750//4750 4501//4501 4500//4500
f 4491//4491 4490//4490 4751//4751
f 4752//4752 4495//4495 4494//4494
f 4753//4753 4754//4754 4755//4755
f 4756//4756 4757//4757 4758//4758
f 4508//4508 4507//4507 4759//4759
f 4760//4760 4512//4512 4511//4511
f 4754//4754 4753//4753 4761//4761
f 4762//4762 4758//4758 4757//4757
f 4572//4572 4571//4571 4763//4763
f 4764//4764 4576//4576 4575//4575
f 4514//4514 4513//4513 4765//4765
f 4766//4766 4518//4518 4517//4517
f 4520//4520 4519//4519 4767//4767
f 4768//4768 4524//4524 4523//4523
f 4530//4530 4529//4529 4769//4769
f 4770//4770 4534//4534 4533//4533
f 4771//4771 4772//4772 4773//4773
f 4774//4774 4775//4775 4776//4776
f 4777//4777 4778//4778 4779//4779
f 4780//4780 4781//4781 4782//4782
f 4536//4536 4535//4535 4783//4783
f 4784//4784 4540//4540 4539//4539
f 4785//4785 4786//4786 4787//4787
f 4788//4788 4789//4789 4790//4790
f 4548//4548 4547//4547 4791//4791
f 4792//4792 4552//4552 4551//4551
f 4554//4554 4553//4553 4793//4793
f 4794//4794 4558//4558 4557//4557
f 4795//4795 4796//4796 4797//4797
f 4798//4798 4799//4799 4800//4800
f 4801//4801 4802//4802 4803//4803
f 4804//4804 4805//4805 4806//4806
f 4807//4807 4808//4808 4809//4809
f 4810//4810 4811//4811 4812//4812
f 4813//4813 4814//4814 4815//4815
f 4816//4816 4817//4817 4818//4818
f 4580//4580 4579//4579 4819//4819
f 4820//4820 4584//4584 4583//4583
f 4586//4586 4585//4585 4821//4821
f 4822//4822 4590//4590 4589//4589
f 4823//4823 4824//4824 4825//4825
f 4826//4826 4827//4827 4828//4828
f 4829//4829 4830//4830 4831//4831
f 4832//4832 4833//4833 4834//4834
f 4594//4594 4593//4593 4835//4835
f 4836//4836 4598//4598 4597//4597
f 4600//4600 4599//4599 4837//4837
f 4838//4838 4604//4604 4603//4603
f 4606//4606 4605//4605 4839//4839
f 4840//4840 4610//4610 4609//4609
f 4612//4612 4611//4611 4841//4841
f 4842//4842 4616//4616 4615//4615
f 4830//4830 4829//4829 4843//4843
f 4844//4844 4834//4834 4833//4833
f 4622//4622 4621//4621 4845//4845
f 4846//4846 4626//4626 4625//4625
f 4628//4628 4627//4627 4847//4847
f 4848//4848 4632//4632 4631//4631
f 4849//4849 4850//4850 4851//4851
f 4852//4852 4853//4853 4854//4854
f 4634//4634 4633//4633 4855//4855
f 4856//4856 4638//4638 4637//4637
f 4640//4640 4639//4639 4857//4857
f 4858//4858 4644//4644 4643//4643
f 4859//4859 4860//4860 4861//4861
f 4862//4862 4863//4863 4864//4864
f 4651//4651 4865//4865 4378//4378
f 4381//4381 4866//4866 4652//4652
f 4867//4867 4868//4868 4869//4869
f 4870//4870 4871//4871 4872//4872
f 4736//4736 4735//4735 4873//4873
f 4874//4874 4740//4740 4739//4739
f 4875//4875 4876//4876 4877//4877
f 4878//4878 4879//4879 4880//4880
f 4658//4658 4657//4657 4881//4881
f 4882//4882 4662//4662 4661//4661
f 4876//4876 4875//4875 4883//4883
f 4884//4884 4880//4880 4879//4879
f 4666//4666 4665//4665 4885//4885
f 4886//4886 4670//4670 4669//4669
f 4814//4814 4887//4887 4888//4888
f 4889//4889 4890//4890 4817//4817
f 4666//4666 4885//4885 4671//4671
f 4674//4674 4886//4886 4669//4669
f 4675//4675 4397//4397 4891//4891
f 4892//4892 4402//4402 4676//4676
f 4893//4893 4894//4894 4895//4895
f 4896//4896 4897//4897 4898//4898
f 4850//4850 4849//4849 4899//4899
f 4900//4900 4854//4854 4853//4853
f 4901//4901 4902//4902 4903//4903
f 4904//4904 4905//4905 4906//4906
f 4907//4907 4908//4908 4909//4909
f 4910//4910 4911//4911 4912//4912
f 4913//4913 4914//4914 4915//4915
f 4916//4916 4917//4917 4918//4918
f 4919//4919 4920//4920 4921//4921
f 4922//4922 4923//4923 4924//4924
f 4925//4925 4926//4926 4927//4927
f 4928//4928 4929//4929 4930//4930
f 4920//4920 4919//4919 4931//4931
f 4932//4932 4924//4924 4923//4923
f 4933//4933 4934//4934 4935//4935
f 4936//4936 4937//4937 4938//4938
f 4706//4706 4705//4705 4939//4939
f 4940//4940 4710//4710 4709//4709
f 4712//4712 4711//4711 4941//4941
f 4942//4942 4716//4716 4715//4715
f 4718//4718 4717//4717 4943//4943
f 4944//4944 4722//4722 4721//4721
f 4945//4945 4946//4946 4947//4947
f 4948//4948 4949//4949 4950//4950
f 4724//4724 4723//4723 4951//4951
f 4952//4952 4728//4728 4727//4727
f 4730//4730 4729//4729 4953//4953
f 4954//4954 4734//4734 4733//4733
f 4742//4742 4741//4741 4955//4955
f 4956//4956 4746//4746 4745//4745
f 4957//4957 4958//4958 4959//4959
f 4960//4960 4961//4961 4962//4962
f 4963//4963 4964//4964 4965//4965
f 4966//4966 4967//4967 4968//4968
f 4969//4969 4970//4970 4971//4971
f 4972//4972 4973//4973 4974//4974
f 4975//4975 4976//4976 4977//4977
f 4978//4978 4979//4979 4980//4980
f 4808//4808 4807//4807 4981//4981
f 4982//4982 4812//4812 4811//4811
f 4772//4772 4771//4771 4983//4983
f 4984//4984 4776//4776 4775//4775
f 4778//4778 4777//4777 4985//4985
f 4986//4986 4782//4782 4781//4781
f 4786//4786 4785//4785 4987//4987
f 4988//4988 4790//4790 4789//4789
f 4989//4989 4990//4990 4991//4991
f 4992//4992 4993//4993 4994//4994
f 4995//4995 4996//4996 4997//4997
f 4998//4998 4999//4999 5000//5000
f 4796//4796 4795//4795 5001//5001
f 5002//5002 4800//4800 4799//4799
f 4802//4802 5003//5003 5004//5004
f 5005//5005 5006//5006 4805//4805
f 4802//4802 4801//4801 5007//5007
f 5008//5008 4806//4806 4805//4805
f 5009//5009 5010//5010 5011//5011
f 5012//5012 5013//5013 5014//5014
f 4814//4814 4813//4813 5015//5015
f 5016//5016 4818//4818 4817//4817
f 4990//4990 5017//5017 5018//5018
f 5019//5019 5020//5020 4993//4993
f 5021//5021 5022//5022 5023//5023
f 5024//5024 5025//5025 5026//5026
f 5027//5027 5028//5028 5029//5029
f 5030//5030 5031//5031 5032//5032
f 4824//4824 4823//4823 5033//5033
f 5034//5034 4828//4828 4827//4827
f 5035//5035 5036//5036 5037//5037
f 5038//5038 5039//5039 5040//5040
f 5041//5041 5042//5042 5043//5043
f 5044//5044 5045//5045 5046//5046
f 5047//5047 5048//5048 5049//5049
f 5050//5050 5051//5051 5052//5052
f 5053//5053 5054//5054 5055//5055
f 5056//5056 5057//5057 5058//5058
f 5059//5059 5060//5060 5061//5061
f 5062//5062 5063//5063 5064//5064
f 4914//4914 4913//4913 5065//5065
f 5066//5066 4918//4918 4917//4917
f 5067//5067 5068//5068 5069//5069
f 5070//5070 5071//5071 5072//5072
f 4860//4860 4859//4859 5073//5073
f 5074//5074 4864//4864 4863//4863
f 5075//5075 5076//5076 5077//5077
f 5078//5078 5079//5079 5080//5080
f 4865//4865 4651//4651 5081//5081
f 5082//5082 4652//4652 4866//4866
f 5083//5083 4868//4868 4867//4867
f 4872//4872 4871//4871 5084//5084
f 5085//5085 5086//5086 5087//5087
f 5088//5088 5089//5089 5090//5090
f 5091//5091 5092//5092 5093//5093
f 5094//5094 5095//5095 5096//5096
f 5076//5076 5075//5075 5097//5097
f 5098//5098 5080//5080 5079//5079
f 5099//5099 5100//5100 5101//5101
f 5102//5102 5103//5103 5104//5104
f 4814//4814 5015//5015 4887//4887
f 4890//4890 5016//5016 4817//4817
f 5105//5105 5106//5106 5107//5107
f 5108//5108 5109//5109 5110//5110
f 4894//4894 4893//4893 5111//5111
f 5112//5112 4898//4898 4897//4897
f 5113//5113 5114//5114 5115//5115
f 5116//5116 5117//5117 5118//5118
f 5119//5119 5120//5120 5121//5121
f 5122//5122 5123//5123 5124//5124
f 5114//5114 5113//5113 5125//5125
f 5126//5126 5118//5118 5117//5117
f 4902//4902 4901//4901 5127//5127
f 5128//5128 4906//4906 4905//4905
f 4908//4908 4907//4907 5129//5129
f 5130//5130 4912//4912 4911//4911
f 4926//4926 4925//4925 5131//5131
f 5132//5132 4930//4930 4929//4929
f 4934//4934 4933//4933 5133//5133
f 5134//5134 4938//4938 4937//4937
f 4946//4946 4945//4945 5135//5135
f 5136//5136 4950//4950 4949//4949
f 5137//5137 5138//5138 5139//5139
f 5140//5140 5141//5141 5142//5142
f 5143//5143 5144//5144 5145//5145
f 5146//5146 5147//5147 5148//5148
f 5149//5149 5150//5150 5151//5151
f 5152//5152 5153//5153 5154//5154
f 5155//5155 5156//5156 5157//5157
f 5158//5158 5159//5159 5160//5160
f 5161//5161 5162//5162 5163//5163
f 5164//5164 5165//5165 5166//5166
f 5167//5167 5168//5168 5169//5169
f 5170//5170 5171//5171 5172//5172
f 5173//5173 5174//5174 5175//5175
f 5176//5176 5177//5177 5178//5178
f 4958//4958 4957//4957 5179//5179
f 5180//5180 4962//4962 4961//4961
f 5181//5181 4963//4963 5182//5182
f 5183//5183 4968//4968 5184//5184
f 4964//4964 4963//4963 5181//5181
f 5184//5184 4968//4968 4967//4967
f 5185//5185 4975//4975 5186//5186
f 5187//5187 4980//4980 5188//5188
f 4970//4970 4969//4969 5189//5189
f 5190//5190 4974//4974 4973//4973
f 5179//5179 4957//4957 5191//5191
f 5192//5192 4962//4962 5180//5180
f 4976//4976 4975//4975 5193//5193
f 5194//5194 4980//4980 4979//4979
f 5195//5195 5009//5009 5196//5196
f 5197//5197 5014//5014 5198//5198
f 5068//5068 5067//5067 5199//5199
f 5200//5200 5072//5072 5071//5071
f 4990//4990 4989//4989 5017//5017
f 5020//5020 4994//4994 4993//4993
f 4996//4996 5201//5201 5202//5202
f 5203//5203 5204//5204 4999//4999
f 4996//4996 4995//4995 5205//5205
f 5206//5206 5000//5000 4999//4999
f 4796//4796 5207//5207 5208//5208
f 5209//5209 5210//5210 4799//4799
f 4796//4796 5001//5001 5207//5207
f 5210//5210 5002//5002 4799//4799
f 4802//4802 5007//5007 5003//5003
f 5006//5006 5008//5008 4805//4805
f 5010//5010 5009//5009 5195//5195
f 5198//5198 5014//5014 5013//5013
f 5018//5018 5017//5017 5211//5211
f 5212//5212 5020//5020 5019//5019
f 5022//5022 5021//5021 5213//5213
f 5214//5214 5026//5026 5025//5025
f 5028//5028 5027//5027 5215//5215
f 5216//5216 5032//5032 5031//5031
f 5217//5217 5218//5218 5219//5219
f 5220//5220 5221//5221 5222//5222
f 5036//5036 5035//5035 5223//5223
f 5224//5224 5040//5040 5039//5039
f 5042//5042 5041//5041 5225//5225
f 5226//5226 5046//5046 5045//5045
f 5048//5048 5047//5047 5227//5227
f 5228//5228 5052//5052 5051//5051
f 5054//5054 5053//5053 5229//5229
f 5230//5230 5058//5058 5057//5057
f 5060//5060 5059//5059 5231//5231
f 5232//5232 5064//5064 5063//5063
f 5233//5233 5234//5234 5235//5235
f 5236//5236 5237//5237 5238//5238
f 5239//5239 5240//5240 5241//5241
f 5242//5242 5243//5243 5244//5244
f 5168//5168 5167//5167 5245//5245
f 5246//5246 5172//5172 5171//5171
f 5083//5083 5247//5247 4868//4868
f 4871//4871 5248//5248 5084//5084
f 5086//5086 5085//5085 5249//5249
f 5250//5250 5090//5090 5089//5089
f 5251//5251 5173//5173 5252//5252
f 5253//5253 5178//5178 5254//5254
f 5092//5092 5091//5091 5255//5255
f 5256//5256 5096//5096 5095//5095
f 5100//5100 5099//5099 5257//5257
f 5258//5258 5104//5104 5103//5103
f 5259//5259 5260//5260 5261//5261
f 5262//5262 5263//5263 5264//5264
f 5265//5265 5266//5266 5267//5267
f 5268//5268 5269//5269 5270//5270
f 5106//5106 5105//5105 5271//5271
f 5272//5272 5110//5110 5109//5109
f 5266//5266 5265//5265 5273//5273
f 5274//5274 5270//5270 5269//5269
f 5275//5275 5276//5276 5277//5277
f 5278//5278 5279//5279 5280//5280
f 5120//5120 5119//5119 5281//5281
f 5123//5123 5122//5122 5282//5282
f 5283//5283 5284//5284 5285//5285
f 5240//5240 5239//5239 5286//5286
f 5287//5287 5244//5244 5243//5243
f 5288//5288 5289//5289 5290//5290
f 5291//5291 5292//5292 5293//5293
f 5294//5294 5295//5295 5296//5296
f 5297//5297 5298//5298 5299//5299
f 5300//5300 5301//5301 5302//5302
f 5303//5303 5304//5304 5305//5305
f 5301//5301 5300//5300 5306//5306
f 5307//5307 5305//5305 5304//5304
f 5308//5308 5309//5309 5310//5310
f 5311//5311 5312//5312 5313//5313
f 5138//5138 5137//5137 5314//5314
f 5315//5315 5142//5142 5141//5141
f 5144//5144 5143//5143 5316//5316
f 5317//5317 5148//5148 5147//5147
f 5150//5150 5149//5149 5318//5318
f 5319//5319 5154//5154 5153//5153
f 5156//5156 5155//5155 5320//5320
f 5321//5321 5160//5160 5159//5159
f 5322//5322 5323//5323 5324//5324
f 5325//5325 5326//5326 5327//5327
f 5162//5162 5161//5161 5328//5328
f 5329//5329 5166//5166 5165//5165
f 5174//5174 5173//5173 5330//5330
f 5331//5331 5178//5178 5177//5177
f 5332//5332 4969//4969 5333//5333
f 5334//5334 4974//4974 5335//5335
f 5181//5181 5182//5182 5336//5336
f 5337//5337 5183//5183 5184//5184
f 5193//5193 4975//4975 5185//5185
f 5188//5188 4980//4980 5194//5194
f 5189//5189 4969//4969 5332//5332
f 5335//5335 4974//4974 5190//5190
f 5179//5179 5191//5191 5338//5338
f 5339//5339 5192//5192 5180//5180
f 5195//5195 5196//5196 5340//5340
f 5341//5341 5197//5197 5198//5198
f 4996//4996 5205//5205 5201//5201
f 5204//5204 5206//5206 4999//4999
f 5342//5342 5343//5343 5344//5344
f 5345//5345 5346//5346 5347//5347
f 5348//5348 5349//5349 5350//5350
f 5351//5351 5352//5352 5353//5353
f 5354//5354 5355//5355 5356//5356
f 5357//5357 5358//5358 5359//5359
f 5360//5360 5361//5361 5362//5362
f 5363//5363 5364//5364 5365//5365
f 5218//5218 5217//5217 5366//5366
f 5367//5367 5222//5222 5221//5221
f 5368//5368 5369//5369 5370//5370
f 5371//5371 5372//5372 5373//5373
f 5234//5234 5233//5233 5374//5374
f 5375//5375 5238//5238 5237//5237
f 5376//5376 5377//5377 5378//5378
f 5379//5379 5380//5380 5381//5381
f 5382//5382 5383//5383 5384//5384
f 5385//5385 5386//5386 5387//5387
f 5388//5388 5389//5389 5390//5390
f 5391//5391 5392//5392 5393//5393
f 5394//5394 5395//5395 5396//5396
f 5397//5397 5398//5398 5399//5399
f 5295//5295 5294//5294 5400//5400
f 5401//5401 5299//5299 5298//5298
f 5247//5247 5083//5083 5402//5402
f 5403//5403 5084//5084 5248//5248
f 5404//5404 5085//5085 5405//5405
f 5406//5406 5090//5090 5407//5407
f 5249//5249 5085//5085 5404//5404
f 5407//5407 5090//5090 5250//5250
f 5330//5330 5173//5173 5251//5251
f 5254//5254 5178//5178 5331//5331
f 5408//5408 5409//5409 5410//5410
f 5411//5411 5412//5412 5413//5413
f 5260//5260 5259//5259 5414//5414
f 5415//5415 5264//5264 5263//5263
f 5355//5355 5354//5354 5416//5416
f 5417//5417 5359//5359 5358//5358
f 5276//5276 5275//5275 5418//5418
f 5419//5419 5280//5280 5279//5279
f 5420//5420 5421//5421 5422//5422
f 5423//5423 5424//5424 5425//5425
f 5361//5361 5360//5360 5426//5426
f 5427//5427 5365//5365 5364//5364
f 5428//5428 5429//5429 5430//5430
f 5431//5431 5432//5432 5433//5433
f 5434//5434 5435//5435 5428//5428
f 5284//5284 5283//5283 5436//5436
f 5437//5437 5438//5438 5434//5434
f 5289//5289 5288//5288 5439//5439
f 5440//5440 5293//5293 5292//5292
f 5309//5309 5308//5308 5441//5441
f 5442//5442 5313//5313 5312//5312
f 5323//5323 5322//5322 5443//5443
f 5444//5444 5327//5327 5326//5326
f 5445//5445 5446//5446 5447//5447
f 5448//5448 5449//5449 5450//5450
f 5451//5451 5452//5452 5453//5453
f 5454//5454 5455//5455 5456//5456
f 5457//5457 5458//5458 5459//5459
f 5460//5460 5461//5461 5462//5462
f 5463//5463 5464//5464 5465//5465
f 5466//5466 5467//5467 5468//5468
f 5469//5469 5470//5470 5471//5471
f 5472//5472 5473//5473 5474//5474
f 5475//5475 5476//5476 5477//5477
f 5478//5478 5479//5479 5480//5480
f 5481//5481 5482//5482 5483//5483
f 5484//5484 5485//5485 5486//5486
f 5487//5487 5488//5488 5489//5489
f 5490//5490 5491//5491 5492//5492
f 5493//5493 5494//5494 5495//5495
f 5496//5496 5497//5497 5498//5498
f 5499//5499 5500//5500 5501//5501
f 5502//5502 5503//5503 5504//5504
f 5343//5343 5342//5342 5505//5505
f 5506//5506 5347//5347 5346//5346
f 5500//5500 5499//5499 5507//5507
f 5508//5508 5504//5504 5503//5503
f 5349//5349 5348//5348 5509//5509
f 5510//5510 5353//5353 5352//5352
f 5511//5511 5512//5512 5513//5513
f 5514//5514 5515//5515 5516//5516
f 5369//5369 5368//5368 5517//5517
f 5518//5518 5373//5373 5372//5372
f 5519//5519 5520//5520 5521//5521
f 5522//5522 5523//5523 5524//5524
f 5520//5520 5519//5519 5525//5525
f 5526//5526 5524//5524 5523//5523
f 5377//5377 5376//5376 5527//5527
f 5528//5528 5381//5381 5380//5380
f 5383//5383 5382//5382 5529//5529
f 5530//5530 5387//5387 5386//5386
f 5389//5389 5388//5388 5531//5531
f 5532//5532 5393//5393 5392//5392
f 5395//5395 5394//5394 5533//5533
f 5534//5534 5399//5399 5398//5398
f 5512//5512 5511//5511 5535//5535
f 5536//5536 5516//5516 5515//5515
f 5537//5537 5538//5538 5539//5539
f 5540//5540 5541//5541 5542//5542
f 5543//5543 5544//5544 5545//5545
f 5546//5546 5547//5547 5548//5548
f 5549//5549 5550//5550 5551//5551
f 5552//5552 5553//5553 5554//5554
f 5409//5409 5408//5408 5555//5555
f 5556//5556 5413//5413 5412//5412
f 5446//5446 5445//5445 5557//5557
f 5558//5558 5450//5450 5449//5449
f 5559//5559 5560//5560 5561//5561
f 5562//5562 5563//5563 5564//5564
f 5421//5421 5420//5420 5565//5565
f 5566//5566 5425//5425 5424//5424
f 5560//5560 5559//5559 5567//5567
f 5568//5568 5564//5564 5563//5563
f 5428//5428 5435//5435 5429//5429
f 5430//5430 5429//5429 5569//5569
f 5432//5432 5431//5431 5570//5570
f 5434//5434 5438//5438 5435//5435
f 5571//5571 5572//5572 5573//5573
f 5437//5437 5574//5574 5438//5438
f 5575//5575 5576//5576 5577//5577
f 5578//5578 5579//5579 5580//5580
f 5576//5576 5575//5575 5581//5581
f 5582//5582 5580//5580 5579//5579
f 5583//5583 5584//5584 5585//5585
f 5586//5586 5587//5587 5588//5588
f 5452//5452 5451//5451 5589//5589
f 5590//5590 5456//5456 5455//5455
f 5458//5458 5457//5457 5591//5591
f 5592//5592 5462//5462 5461//5461
f 5464//5464 5463//5463 5593//5593
f 5594//5594 5468//5468 5467//5467
f 5595//5595 5596//5596 5597//5597
f 5598//5598 5599//5599 5600//5600
f 5470//5470 5469//5469 5601//5601
f 5602//5602 5474//5474 5473//5473
f 5488//5488 5487//5487 5603//5603
f 5604//5604 5492//5492 5491//5491
f 5476//5476 5475//5475 5605//5605
f 5606//5606 5480//5480 5479//5479
f 5482//5482 5481//5481 5607//5607
f 5608//5608 5486//5486 5485//5485
f 5550//5550 5549//5549 5609//5609
f 5610//5610 5554//5554 5553//5553
f 5494//5494 5493//5493 5611//5611
f 5612//5612 5498//5498 5497//5497
f 5613//5613 5614//5614 5615//5615
f 5616//5616 5617//5617 5618//5618
f 5619//5619 5620//5620 5621//5621
f 5622//5622 5623//5623 5624//5624
f 5625//5625 5626//5626 5627//5627
f 5628//5628 5629//5629 5630//5630
f 5631//5631 5632//5632 5633//5633
f 5634//5634 5635//5635 5636//5636
f 5632//5632 5631//5631 5637//5637
f 5638//5638 5636//5636 5635//5635
f 5639//5639 5640//5640 5641//5641
f 5642//5642 5643//5643 5644//5644
f 5538//5538 5537//5537 5645//5645
f 5646//5646 5542//5542 5541//5541
f 5620//5620 5619//5619 5647//5647
f 5648//5648 5624//5624 5623//5623
f 5614//5614 5613//5613 5649//5649
f 5650//5650 5618//5618 5617//5617
f 5626//5626 5625//5625 5651//5651
f 5652//5652 5630//5630 5629//5629
f 5544//5544 5543//5543 5653//5653
f 5654//5654 5548//5548 5547//5547
f 5655//5655 5656//5656 5657//5657
f 5658//5658 5659//5659 5660//5660
f 5430//5430 5569//5569 5661//5661
f 5662//5662 5663//5663 5664//5664
f 5665//5665 5666//5666 5667//5667
f 5572//5572 5571//5571 5668//5668
f 5669//5669 5574//5574 5437//5437
f 5670//5670 5671//5671 5672//5672
f 5584//5584 5583//5583 5673//5673
f 5674//5674 5588//5588 5587//5587
f 5596//5596 5595//5595 5675//5675
f 5676//5676 5600//5600 5599//5599
f 5677//5677 5678//5678 5679//5679
f 5680//5680 5681//5681 5682//5682
f 5683//5683 5684//5684 5685//5685
f 5686//5686 5687//5687 5688//5688
f 5689//5689 5690//5690 5691//5691
f 5692//5692 5693//5693 5694//5694
f 5690//5690 5689//5689 5695//5695
f 5696//5696 5694//5694 5693//5693
f 5640//5640 5639//5639 5697//5697
f 5698//5698 5644//5644 5643//5643
f 5699//5699 5700//5700 5701//5701
f 5702//5702 5703//5703 5704//5704
f 5656//5656 5655//5655 5705//5705
f 5666//5666 5665//5665 5706//5706
f 5659//5659 5658//5658 5707//5707
f 5661//5661 5569//5569 5708//5708
f 5663//5663 5662//5662 5709//5709
f 5671//5671 5670//5670 5710//5710
f 5711//5711 5712//5712 5713//5713
f 5669//5669 5714//5714 5574//5574
f 5715//5715 5716//5716 5717//5717
f 5700//5700 5699//5699 5718//5718
f 5719//5719 5704//5704 5703//5703
f 5678//5678 5677//5677 5720//5720
f 5721//5721 5682//5682 5681//5681
f 5684//5684 5683//5683 5722//5722
f 5723//5723 5688//5688 5687//5687
f 5724//5724 5725//5725 5726//5726
f 5661//5661 5708//5708 5727//5727
f 5728//5728 5729//5729 5730//5730
f 5712//5712 5711//5711 5731//5731
f 5732//5732 5714//5714 5669//5669
f 5716//5716 5715//5715 5733//5733
f 5725//5725 5724//5724 5734//5734
f 5727//5727 5708//5708 5735//5735
f 5729//5729 5728//5728 5736//5736
f 5737//5737 5738//5738 5739//5739
f 5732//5732 5740//5740 5714//5714
f 5741//5741 5742//5742 5743//5743
f 5744//5744 5745//5745 5746//5746
f 5727//5727 5735//5735 5747//5747
f 5748//5748 5749//5749 5750//5750
f 5738//5738 5737//5737 5751//5751
f 5752//5752 5740//5740 5732//5732
f 5742//5742 5741//5741 5753//5753
f 5745//5745 5744//5744 5754//5754
f 5747//5747 5735//5735 5755//5755
f 5749//5749 5748//5748 5756//5756
f 5757//5757 5758//5758 5759//5759
f 5740//5740 5752//5752 5760//5760
f 5761//5761 5762//5762 5763//5763
f 5764//5764 5765//5765 5766//5766
f 5765//5765 5764//5764 5767//5767
f 5747//5747 5755//5755 5768//5768
f 5747//5747 5768//5768 5769//5769
f 5770//5770 5771//5771 5772//5772
f 5758//5758 5757//5757 5773//5773
f 5762//5762 5761//5761 5774//5774
f 5775//5775 5776//5776 5777//5777
f 5776//5776 5775//5775 5778//5778
f 5769//5769 5768//5768 5779//5779
f 5771//5771 5770//5770 5780//5780
f 5781//5781 5782//5782 5783//5783
f 5782//5782 5781//5781 5784//5784
f 6145//6145 6146//6146 6147//6147
f 6146//6146 6145//6145 6148//6148
f 6149//6149 6150//6150 6151//6151
f 6152//6152 6153//6153 6154//6154
f 6155//6155 6156//6156 6157//6157
f 6149//6149 6158//6158 6150//6150
f 6151//6151 6150//6150 6159//6159
f 6153//6153 6152//6152 6160//6160
f 6156//6156 6155//6155 6161//6161
f 6162//6162 6158//6158 6149//6149
f 6163//6163 6164//6164 6165//6165
f 6166//6166 6167//6167 6168//6168
f 6169//6169 6170//6170 6171//6171
f 6162//6162 6172//6172 6158//6158
f 6164//6164 6163//6163 6173//6173
f 6167//6167 6166//6166 6174//6174
f 6170//6170 6169//6169 6175//6175
f 6176//6176 6172//6172 6162//6162
f 6177//6177 6178//6178 6179//6179
f 6180//6180 6181//6181 6182//6182
f 6176//6176 6183//6183 6172//6172
f 6178//6178 6177//6177 6184//6184
f 6181//6181 6180//6180 6185//6185
f 6186//6186 6183//6183 6176//6176
f 6187//6187 6188//6188 6189//6189
f 6188//6188 6187//6187 6190//6190
f 6191//6191 6192//6192 6193//6193
f 6186//6186 6194//6194 6183//6183
f 6195//6195 6196//6196 6197//6197
f 6192//6192 6191//6191 6198//6198
f 6199//6199 6194//6194 6186//6186
f 6196//6196 6195//6195 6200//6200
f 6201//6201 6202//6202 6203//6203
f 6199//6199 6204//6204 6194//6194
f 6205//6205 6206//6206 6207//6207
f 6202//6202 6201//6201 6208//6208
f 6209//6209 6204//6204 6199//6199
f 6206//6206 6205//6205 6210//6210
f 6211//6211 6212//6212 6213//6213
f 6209//6209 6214//6214 6204//6204
f 6215//6215 6216//6216 6217//6217
f 6212//6212 6211//6211 6218//6218
f 6219//6219 6214//6214 6209//6209
f 6216//6216 6215//6215 6220//6220
f 6221//6221 6222//6222 6223//6223
f 6219//6219 6224//6224 6214//6214
f 6225//6225 6226//6226 6227//6227
f 6222//6222 6221//6221 6228//6228
f 6229//6229 6224//6224 6219//6219
f 6226//6226 6225//6225 6230//6230
f 6231//6231 6232//6232 6233//6233
f 6229//6229 6234//6234 6224//6224
f 6235//6235 6236//6236 6237//6237
f 6232//6232 6231//6231 6238//6238
f 6239//6239 6234//6234 6229//6229
f 6236//6236 6235//6235 6240//6240
f 6241//6241 6242//6242 6243//6243
f 6239//6239 6244//6244 6234//6234
f 6245//6245 6246//6246 6247//6247
f 6242//6242 6241//6241 6248//6248
f 6249//6249 6244//6244 6239//6239
f 6246//6246 6245//6245 6250//6250
f 6251//6251 6252//6252 6253//6253
f 6249//6249 6254//6254 6244//6244
f 6255//6255 6256//6256 6257//6257
f 6252//6252 6251//6251 6258//6258
f 6254//6254 6249//6249 6259//6259
f 6256//6256 6255//6255 6260//6260
f 6261//6261 6262//6262 6263//6263
f 6262//6262 6261//6261 6264//6264
f 5785//5785 5786//5786 5787//5787
f 5787//5787 5786//5786 5788//5788
f 5789//5789 5790//5790 5791//5791
f 5792//5792 5790//5790 5789//5789
f 5786//5786 5785//5785 5793//5793
f 5794//5794 5791//5791 5790//5790
f 5795//5795 5796//5796 5797//5797
f 5798//5798 5799//5799 5800//5800
f 5801//5801 5802//5802 5803//5803
f 5804//5804 5805//5805 5806//5806
f 5787//5787 5788//5788 5807//5807
f 5808//5808 5792//5792 5789//5789
f 5809//5809 5810//5810 5801//5801
f 5806//5806 5811//5811 5812//5812
f 5796//5796 5795//5795 5813//5813
f 5814//5814 5800//5800 5799//5799
f 5801//5801 5810//5810 5802//5802
f 5805//5805 5811//5811 5806//5806
f 5813//5813 5795//5795 5815//5815
f 5816//5816 5800//5800 5814//5814
f 5810//5810 5809//5809 5817//5817
f 5818//5818 5812//5812 5811//5811
f 5819//5819 5820//5820 5821//5821
f 5822//5822 5823//5823 5824//5824
f 5825//5825 5826//5826 5827//5827
f 5828//5828 5829//5829 5830//5830
f 5813//5813 5815//5815 5831//5831
f 5832//5832 5816//5816 5814//5814
f 5833//5833 5834//5834 5825//5825
f 5830//5830 5835//5835 5836//5836
f 5820//5820 5819//5819 5837//5837
f 5838//5838 5824//5824 5823//5823
f 5825//5825 5834//5834 5826//5826
f 5829//5829 5835//5835 5830//5830
f 5837//5837 5819//5819 5839//5839
f 5840//5840 5824//5824 5838//5838
f 5834//5834 5833//5833 5841//5841
f 5842//5842 5836//5836 5835//5835
f 5843//5843 5844//5844 5845//5845
f 5846//5846 5847//5847 5848//5848
f 5849//5849 5850//5850 5851//5851
f 5852//5852 5853//5853 5854//5854
f 5837//5837 5839//5839 5855//5855
f 5856//5856 5840//5840 5838//5838
f 5850//5850 5849//5849 5857//5857
f 5858//5858 5854//5854 5853//5853
f 5844//5844 5843//5843 5859//5859
f 5860//5860 5848//5848 5847//5847
f 5859//5859 5843//5843 5861//5861
f 5862//5862 5848//5848 5860//5860
f 5850//5850 5857//5857 5863//5863
f 5864//5864 5858//5858 5853//5853
f 5865//5865 5866//5866 5867//5867
f 5868//5868 5869//5869 5870//5870
f 5859//5859 5861//5861 5871//5871
f 5872//5872 5862//5862 5860//5860
f 5873//5873 5874//5874 5875//5875
f 5876//5876 5877//5877 5878//5878
f 5879//5879 5880//5880 5881//5881
f 5882//5882 5883//5883 5884//5884
f 5885//5885 5886//5886 5887//5887
f 5888//5888 5889//5889 5890//5890
f 5891//5891 5892//5892 5893//5893
f 5894//5894 5895//5895 5896//5896
f 5850//5850 5863//5863 5897//5897
f 5898//5898 5864//5864 5853//5853
f 5866//5866 5865//5865 5899//5899
f 5900//5900 5870//5870 5869//5869
f 5867//5867 5866//5866 5901//5901
f 5902//5902 5869//5869 5868//5868
f 5867//5867 5901//5901 5903//5903
f 5904//5904 5902//5902 5868//5868
f 5905//5905 5906//5906 5907//5907
f 5908//5908 5909//5909 5910//5910
f 5874//5874 5873//5873 5911//5911
f 5912//5912 5878//5878 5877//5877
f 5880//5880 5879//5879 5913//5913
f 5914//5914 5884//5884 5883//5883
f 5892//5892 5891//5891 5915//5915
f 5916//5916 5896//5896 5895//5895
f 5886//5886 5885//5885 5917//5917
f 5918//5918 5890//5890 5889//5889
f 5906//5906 5919//5919 5920//5920
f 5921//5921 5922//5922 5909//5909
f 5923//5923 5924//5924 5925//5925
f 5926//5926 5927//5927 5928//5928
f 5924//5924 5923//5923 5929//5929
f 5930//5930 5928//5928 5927//5927
f 5931//5931 5932//5932 5933//5933
f 5934//5934 5935//5935 5936//5936
f 5932//5932 5931//5931 5937//5937
f 5938//5938 5936//5936 5935//5935
f 5906//5906 5905//5905 5939//5939
f 5940//5940 5910//5910 5909//5909
f 5941//5941 5942//5942 5943//5943
f 5944//5944 5945//5945 5946//5946
f 5911//5911 5873//5873 5947//5947
f 5948//5948 5878//5878 5912//5912
f 5913//5913 5879//5879 5949//5949
f 5950//5950 5884//5884 5914//5914
f 5915//5915 5891//5891 5951//5951
f 5952//5952 5896//5896 5916//5916
f 5917//5917 5885//5885 5953//5953
f 5954//5954 5890//5890 5918//5918
f 5955//5955 5956//5956 5957//5957
f 5958//5958 5959//5959 5960//5960
f 5906//5906 5939//5939 5919//5919
f 5922//5922 5940//5940 5909//5909
f 5923//5923 5925//5925 5961//5961
f 5962//5962 5926//5926 5928//5928
f 5937//5937 5963//5963 5964//5964
f 5965//5965 5966//5966 5938//5938
f 5937//5937 5931//5931 5963//5963
f 5966//5966 5936//5936 5938//5938
f 5967//5967 5941//5941 5968//5968
f 5969//5969 5946//5946 5970//5970
f 5941//5941 5971//5971 5942//5942
f 5945//5945 5972//5972 5946//5946
f 5913//5913 5949//5949 5973//5973
f 5974//5974 5950//5950 5914//5914
f 5911//5911 5947//5947 5975//5975
f 5976//5976 5948//5948 5912//5912
f 5915//5915 5951//5951 5977//5977
f 5978//5978 5952//5952 5916//5916
f 5917//5917 5953//5953 5979//5979
f 5980//5980 5954//5954 5918//5918
f 5956//5956 5955//5955 5981//5981
f 5982//5982 5960//5960 5959//5959
f 5961//5961 5925//5925 5983//5983
f 5984//5984 5926//5926 5962//5962
f 5985//5985 5986//5986 5987//5987
f 5988//5988 5989//5989 5990//5990
f 5991//5991 5992//5992 5993//5993
f 5994//5994 5995//5995 5996//5996
f 5992//5992 5991//5991 5997//5997
f 5998//5998 5996//5996 5995//5995
f 5941//5941 5967//5967 5971//5971
f 5972//5972 5970//5970 5946//5946
f 5999//5999 6000//6000 6001//6001
f 6002//6002 6003//6003 6004//6004
f 5981//5981 5955//5955 6005//6005
f 6006//6006 5960//5960 5982//5982
f 6007//6007 6008//6008 6009//6009
f 6010//6010 6011//6011 6012//6012
f 5986//5986 5985//5985 6013//6013
f 6014//6014 5990//5990 5989//5989
f 6015//6015 5993//5993 6016//6016
f 6017//6017 5994//5994 6018//6018
f 5993//5993 5992//5992 6016//6016
f 6017//6017 5995//5995 5994//5994
f 5999//5999 6019//6019 6000//6000
f 6003//6003 6020//6020 6004//6004
f 5981//5981 6005//6005 6021//6021
f 6022//6022 6006//6006 5982//5982
f 6008//6008 6007//6007 6023//6023
f 6024//6024 6012//6012 6011//6011
f 6025//6025 6026//6026 6027//6027
f 6028//6028 6029//6029 6030//6030
f 5986//5986 6013//6013 6031//6031
f 6032//6032 6014//6014 5989//5989
f 6019//6019 6033//6033 6034//6034
f 6035//6035 6036//6036 6020//6020
f 6033//6033 6019//6019 5999//5999
f 6004//6004 6020//6020 6036//6036
f 6023//6023 6007//6007 6037//6037
f 6038//6038 6012//6012 6024//6024
f 6039//6039 6025//6025 6040//6040
f 6041//6041 6030//6030 6042//6042
f 6026//6026 6025//6025 6043//6043
f 6044//6044 6030//6030 6029//6029
f 6045//6045 6046//6046 6047//6047
f 6048//6048 6049//6049 6050//6050
f 6046//6046 6051//6051 6052//6052
f 6053//6053 6054//6054 6049//6049
f 5986//5986 6031//6031 6055//6055
f 6056//6056 6032//6032 5989//5989
f 6023//6023 6037//6037 6057//6057
f 6058//6058 6038//6038 6024//6024
f 6043//6043 6025//6025 6039//6039
f 6042//6042 6030//6030 6044//6044
f 6059//6059 6046//6046 6045//6045
f 6050//6050 6049//6049 6060//6060
f 6051//6051 6046//6046 6059//6059
f 6060//6060 6049//6049 6054//6054
f 6061//6061 6062//6062 6063//6063
f 6064//6064 6065//6065 6066//6066
f 6062//6062 6067//6067 6068//6068
f 6069//6069 6070//6070 6065//6065
f 6067//6067 6061//6061 6071//6071
f 6072//6072 6066//6066 6070//6070
f 6061//6061 6067//6067 6062//6062
f 6065//6065 6070//6070 6066//6066
f 6073//6073 6074//6074 6075//6075
f 6076//6076 6073//6073 6077//6077
f 6078//6078 6075//6075 6074//6074
f 6075//6075 6077//6077 6073//6073
f 6077//6077 6079//6079 6076//6076
f 6080//6080 6081//6081 6082//6082
f 6074//6074 6083//6083 6078//6078
f 6082//6082 6084//6084 6085//6085
f 6086//6086 6076//6076 6079//6079
f 6085//6085 6087//6087 6088//6088
f 6081//6081 6084//6084 6082//6082
f 6089//6089 6081//6081 6080//6080
f 6090//6090 6078//6078 6083//6083
f 6084//6084 6087//6087 6085//6085
f 6079//6079 6091//6091 6086//6086
f 6087//6087 6092//6092 6088//6088
f 6093//6093 6094//6094 6095//6095
f 6094//6094 6096//6096 6097//6097
f 6098//6098 6089//6089 6080//6080
f 6083//6083 6099//6099 6090//6090
f 6100//6100 6093//6093 6101//6101
f 6102//6102 6086//6086 6091//6091
f 6088//6088 6092//6092 6103//6103
f 6104//6104 6100//6100 6105//6105
f 6097//6097 6095//6095 6094//6094
f 6095//6095 6101//6101 6093//6093
f 6106//6106 6097//6097 6096//6096
f 6107//6107 6089//6089 6098//6098
f 6108//6108 6090//6090 6099//6099
f 6101//6101 6105//6105 6100//6100
f 6102//6102 6091//6091 6109//6109
f 6092//6092 6110//6110 6103//6103
f 6105//6105 6111//6111 6104//6104
f 6096//6096 6112//6112 6106//6106
f 6113//6113 6107//6107 6098//6098
f 6099//6099 6114//6114 6108//6108
f 6115//6115 6109//6109 6091//6091
f 6103//6103 6110//6110 6116//6116
f 6117//6117 6104//6104 6111//6111
f 6118//6118 6106//6106 6112//6112
f 6119//6119 6107//6107 6113//6113
f 6120//6120 6108//6108 6114//6114
f 6109//6109 6115//6115 6121//6121
f 6110//6110 6122//6122 6116//6116
f 6111//6111 6123//6123 6117//6117
f 6112//6112 6124//6124 6118//6118
f 6125//6125 6119//6119 6113//6113
f 6114//6114 6126//6126 6120//6120
f 6127//6127 6121//6121 6115//6115
f 6116//6116 6122//6122 6128//6128
f 6129//6129 6117//6117 6123//6123
f 6130//6130 6118//6118 6124//6124
f 6131//6131 6119//6119 6125//6125
f 6132//6132 6120//6120 6126//6126
f 6121//6121 6127//6127 6133//6133
f 6134//6134 6128//6128 6122//6122
f 6129//6129 6123//6123 6135//6135
f 6130//6130 6124//6124 6136//6136
f 6137//6137 6136//6136 6124//6124
f 6138//6138 6131//6131 6125//6125
f 6139//6139 6138//6138 6125//6125
f 6126//6126 6140//6140 6132//6132
f 6135//6135 6133//6133 6127//6127
f 6133//6133 6135//6135 6123//6123
f 6136//6136 6137//6137 6141//6141
f 6142//6142 6141//6141 6137//6137
f 6143//6143 6138//6138 6139//6139
f 6144//6144 6132//6132 6140//6140
f 6141//6141 6142//6142 6140//6140
f 6144//6144 6140//6140 6142//6142
f 6265//6265 6266//6266 6267//6267
f 6268//6268 6267//6267 6266//6266
f 6269//6269 6270//6270 6271//6271
f 6265//6265 6267//6267 6272//6272
f 6266//6266 6273//6273 6268//6268
f 6270//6270 6274//6274 6271//6271
f 6275//6275 6270//6270 6269//6269
f 6276//6276 6272//6272 6267//6267
f 6277//6277 6268//6268 6273//6273
f 6271//6271 6274//6274 6278//6278
f 6279//6279 6280//6280 6281//6281
f 6272//6272 6276//6276 6279//6279
f 6273//6273 6282//6282 6277//6277
f 6274//6274 6283//6283 6278//6278
f 6284//6284 6281//6281 6280//6280
f 6280//6280 6279//6279 6276//6276
f 6285//6285 6277//6277 6282//6282
f 6278//6278 6283//6283 6286//6286
f 6281//6281 6284//6284 6287//6287
f 6282//6282 6288//6288 6285//6285
f 6283//6283 6289//6289 6286//6286
f 6290//6290 6287//6287 6284//6284
f 6291//6291 6285//6285 6288//6288
f 6286//6286 6289//6289 6292//6292
f 6293//6293 6287//6287 6294//6294
f 6290//6290 6294//6294 6287//6287
f 6288//6288 6295//6295 6291//6291
f 6289//6289 6296//6296 6292//6292
f 6294//6294 6297//6297 6293//6293
f 6298//6298 6291//6291 6295//6295
f 6292//6292 6296//6296 6299//6299
f 6300//6300 6293//6293 6297//6297
f 6295//6295 6301//6301 6298//6298
f 6296//6296 6302//6302 6299//6299
f 6297//6297 6303//6303 6300//6300
f 6304//6304 6298//6298 6301//6301
f 6299//6299 6302//6302 6305//6305
f 6306//6306 6300//6300 6303//6303
f 6301//6301 6307//6307 6304//6304
f 6302//6302 6308//6308 6305//6305
f 6303//6303 6309//6309 6306//6306
f 6310//6310 6304//6304 6307//6307
f 6305//6305 6308//6308 6311//6311
f 6312//6312 6306//6306 6309//6309
f 6307//6307 6313//6313 6310//6310
f 6308//6308 6314//6314 6311//6311
f 6309//6309 6315//6315 6312//6312
f 6316//6316 6310//6310 6313//6313
f 6311//6311 6314//6314 6317//6317
f 6318//6318 6312//6312 6315//6315
f 6316//6316 6313//6313 6319//6319
f 6314//6314 6320//6320 6317//6317
f 6315//6315 6321//6321 6318//6318
f 6322//6322 6319//6319 6313//6313
f 6317//6317 6320//6320 6323//6323
f 6324//6324 6318//6318 6321//6321
f 6319//6319 6322//6322 6325//6325
f 6320//6320 6326//6326 6323//6323
f 6321//6321 6327//6327 6324//6324
f 6328//6328 6325//6325 6322//6322
f 6323//6323 6326//6326 6329//6329
f 6330//6330 6324//6324 6327//6327
f 6325//6325 6328//6328 6331//6331
f 6326//6326 6332//6332 6329//6329
f 6327//6327 6333//6333 6330//6330
f 6334//6334 6331//6331 6328//6328
f 6335//6335 6329//6329 6332//6332
f 6336//6336 6330//6330 6333//6333
f 6334//6334 6336//6336 6331//6331
f 6333//6333 6331//6331 6336//6336
