# Created by Open3D 
# object name: 6b8b2cb01c376064c8724d5673a063a6
# number of vertices: 2280
# number of triangles: 2020
v -0.119536 -0.053624 -0.0441389
vn 0.0246641 0 0.00606966
v -0.156777 -0.0537545 -0.0799831
vn 0.0222528 0 0.0122464
v -0.124486 -0.0390544 -0.0457256
vn 0.0222528 0 0.0122464
v -0.151827 -0.0683241 -0.0783965
vn 0.0246641 0 0.00606966
v -0.124486 -0.0390544 -0.0457256
vn -0.0222528 0 -0.0122464
v -0.156777 -0.0537545 -0.0799831
vn -0.0222528 0 -0.0122464
v -0.119536 -0.053624 -0.0441389
vn -0.0246641 0 -0.00606966
v -0.151827 -0.0683241 -0.0783965
vn -0.0246641 0 -0.00606966
v -0.158815 -0.0390613 -0.0843667
vn 0.0183249 0 0.0175885
v -0.158815 -0.0390613 -0.0843667
vn -0.0183249 0 -0.0175885
v -0.124486 -0.0390544 -0.0457256
vn 0 -0.0254 0
v -0.102432 -0.0784934 -0.0495893
vn 0 -0.0254 0
v -0.119536 -0.053624 -0.0441389
vn 0 -0.0254 0
v -0.119536 -0.053624 -0.0441389
vn 0 0.0254 0
v -0.102432 -0.0784934 -0.0495893
vn 0 0.0254 0
v -0.124486 -0.0390544 -0.0457256
vn 0 0.0254 0
v -0.112015 -0.0670757 -0.0454568
vn 0.0253947 0 -0.0005207
v -0.112015 -0.0670757 -0.0454568
vn -0.0253947 -0 0.0005207
v -0.168844 -0.0361767 -0.0761512
vn 0 -0.0254 0
v -0.156777 -0.0537545 -0.0799831
vn 0 -0.0254 0
v -0.151827 -0.0683241 -0.0783965
vn 0 -0.0254 0
v -0.151827 -0.0683241 -0.0783965
vn 0 0.0254 0
v -0.156777 -0.0537545 -0.0799831
vn 0 0.0254 0
v -0.168844 -0.0361767 -0.0761512
vn 0 0.0254 0
v -0.158881 -0.0547125 -0.0822156
vn 0.0122464 0 -0.0222528
v -0.156777 -0.0537545 -0.0799831
vn 0.0122464 0 -0.0222528
v -0.156777 -0.0537545 -0.0799831
vn -0.0122464 -0 0.0222528
v -0.158881 -0.0547125 -0.0822156
vn -0.0122464 -0 0.0222528
v -0.126524 -0.0243612 -0.0501092
vn 0.0183249 0 0.0175885
v -0.126524 -0.0243612 -0.0501092
vn -0.0183249 0 -0.0175885
v -0.158815 -0.0390613 -0.0843667
vn 0 -0.0254 0
v -0.158815 -0.0390613 -0.0843667
vn 0 0.0254 0
v -0.0914426 -0.0870998 -0.0562551
vn 0 -0.0254 0
v -0.0914426 -0.0870998 -0.0562551
vn 0 0.0254 0
v -0.112015 -0.0670757 -0.0454568
vn 0 -0.0254 0
v -0.112015 -0.0670757 -0.0454568
vn 0 0.0254 0
v -0.144305 -0.0817758 -0.0797143
vn 0.0253947 0 -0.0005207
v -0.144305 -0.0817758 -0.0797143
vn -0.0253947 -0 0.0005207
v -0.166348 -0.0541635 -0.0707857
vn 0 -0.0254 0
v -0.166348 -0.0541635 -0.0707857
vn 0 0.0254 0
v -0.153931 -0.0692821 -0.080629
vn 0.0246641 0 0.00606966
v -0.153931 -0.0692821 -0.080629
vn -0.0246641 0 -0.00606966
v -0.125514 -0.0105449 -0.0569903
vn 0.0131483 0 0.0217321
v -0.125514 -0.0105449 -0.0569903
vn -0.0131483 0 -0.0217321
v -0.126524 -0.0243612 -0.0501092
vn 0 -0.0254 0
v -0.126524 -0.0243612 -0.0501092
vn 0 0.0254 0
v -0.167607 -0.019264 -0.084575
vn 0 -0.0254 0
v -0.167607 -0.019264 -0.084575
vn 0 0.0254 0
v -0.160919 -0.0400192 -0.0865992
vn -0.0183249 0 -0.0175885
v -0.160919 -0.0400192 -0.0865992
vn 0.0183249 0 0.0175885
v -0.0914426 -0.0870998 -0.0562551
vn 0.0217321 0 -0.0131483
v -0.134723 -0.0931935 -0.0838469
vn 0.0243946 0 -0.00707558
v -0.102432 -0.0784934 -0.0495893
vn 0.0243946 0 -0.00707558
v -0.102432 -0.0784934 -0.0495893
vn -0.0243946 -0 0.00707558
v -0.134723 -0.0931935 -0.0838469
vn -0.0243946 -0 0.00707558
v -0.0914426 -0.0870998 -0.0562551
vn -0.0217321 -0 0.0131483
v -0.144305 -0.0817758 -0.0797143
vn 0 -0.0254 0
v -0.144305 -0.0817758 -0.0797143
vn 0 0.0254 0
v -0.144305 -0.0817758 -0.0797143
vn 0.0005207 0 0.0253947
v -0.144305 -0.0817758 -0.0797143
vn -0.0005207 0 -0.0253947
v -0.166348 -0.0541635 -0.0707857
vn 0.0222528 0 0.0122464
v -0.170948 -0.0371347 -0.0783836
vn 0.0183249 0 0.0175885
v -0.168844 -0.0361767 -0.0761512
vn 0.0183249 0 0.0175885
v -0.168844 -0.0361767 -0.0761512
vn -0.0183249 0 -0.0175885
v -0.170948 -0.0371347 -0.0783836
vn -0.0183249 0 -0.0175885
v -0.166348 -0.0541635 -0.0707857
vn -0.0222528 0 -0.0122464
v -0.158881 -0.0547125 -0.0822156
vn 0 0.0254 0
v -0.170948 -0.0371347 -0.0783836
vn 0 0.0254 0
v -0.153931 -0.0692821 -0.080629
vn 0 0.0254 0
v -0.153931 -0.0692821 -0.080629
vn 0 -0.0254 0
v -0.170948 -0.0371347 -0.0783836
vn 0 -0.0254 0
v -0.158881 -0.0547125 -0.0822156
vn 0 -0.0254 0
v -0.169709 -0.0596421 -0.0937038
vn 0.0222528 0 0.0122464
v -0.158881 -0.0547125 -0.0822156
vn 0.0222528 0 0.0122464
v -0.158881 -0.0547125 -0.0822156
vn -0.0222528 0 -0.0122464
v -0.169709 -0.0596421 -0.0937038
vn -0.0222528 0 -0.0122464
v -0.157804 -0.025245 -0.0912479
vn 0.0131483 0 0.0217321
v -0.157804 -0.025245 -0.0912479
vn -0.0131483 0 -0.0217321
v -0.125514 -0.0105449 -0.0569903
vn 0 -0.0254 0
v -0.0797947 -0.0923071 -0.0649999
vn 0 -0.0254 0
v -0.0797947 -0.0923071 -0.0649999
vn 0 0.0254 0
v -0.125514 -0.0105449 -0.0569903
vn 0 0.0254 0
v -0.157804 -0.025245 -0.0912479
vn 0 -0.0254 0
v -0.157804 -0.025245 -0.0912479
vn 0 0.0254 0
v -0.167607 -0.019264 -0.084575
vn 0.0131483 0 0.0217321
v -0.167607 -0.019264 -0.084575
vn -0.0131483 0 -0.0217321
v -0.159909 -0.026203 -0.0934804
vn -0.0131483 0 -0.0217321
v -0.159909 -0.026203 -0.0934804
vn 0.0131483 0 0.0217321
v -0.160919 -0.0400192 -0.0865992
vn 0 0.0254 0
v -0.160919 -0.0400192 -0.0865992
vn 0 -0.0254 0
v -0.171748 -0.0449489 -0.0980874
vn 0.0183249 0 0.0175885
v -0.171748 -0.0449489 -0.0980874
vn -0.0183249 0 -0.0175885
v -0.123733 -0.1018 -0.0905127
vn 0.0217321 0 -0.0131483
v -0.123733 -0.1018 -0.0905127
vn -0.0217321 -0 0.0131483
v -0.125899 -0.112978 -0.0836751
vn 0 -0.0254 0
v -0.125899 -0.112978 -0.0836751
vn 0 0.0254 0
v -0.14641 -0.0827338 -0.0819468
vn 0.0005207 0 0.0253947
v -0.14641 -0.0827338 -0.0819468
vn -0.0005207 0 -0.0253947
v -0.168452 -0.0551215 -0.0730182
vn 0.0222528 0 0.0122464
v -0.168452 -0.0551215 -0.0730182
vn -0.0222528 0 -0.0122464
v -0.168452 -0.0551215 -0.0730182
vn 0 0.0254 0
v -0.168452 -0.0551215 -0.0730182
vn 0 -0.0254 0
v -0.16476 -0.0742117 -0.0921171
vn 0.0246641 0 0.00606966
v -0.16476 -0.0742117 -0.0921171
vn -0.0246641 0 -0.00606966
v -0.121522 0.00145311 -0.0659009
vn 0.00707558 0 0.0243946
v -0.121522 0.00145311 -0.0659009
vn -0.00707558 0 -0.0243946
v -0.068282 -0.0937613 -0.0752276
vn 0 -0.0254 0
v -0.068282 -0.0937613 -0.0752276
vn 0 0.0254 0
v -0.0797947 -0.0923071 -0.0649999
vn 0.0175885 0 -0.0183249
v -0.0797947 -0.0923071 -0.0649999
vn -0.0175885 -0 0.0183249
v -0.162721 -0.0045762 -0.0954823
vn 0 -0.0254 0
v -0.162721 -0.0045762 -0.0954823
vn 0 0.0254 0
v -0.169711 -0.0202219 -0.0868075
vn 0.0131483 0 0.0217321
v -0.169711 -0.0202219 -0.0868075
vn -0.0131483 0 -0.0217321
v -0.159909 -0.026203 -0.0934804
vn 0 0.0254 0
v -0.169711 -0.0202219 -0.0868075
vn 0 0.0254 0
v -0.169711 -0.0202219 -0.0868075
vn 0 -0.0254 0
v -0.159909 -0.026203 -0.0934804
vn 0 -0.0254 0
v -0.123733 -0.1018 -0.0905127
vn 0 -0.0254 0
v -0.134723 -0.0931935 -0.0838469
vn 0 -0.0254 0
v -0.134723 -0.0931935 -0.0838469
vn 0 0.0254 0
v -0.123733 -0.1018 -0.0905127
vn 0 0.0254 0
v -0.125838 -0.102758 -0.0927452
vn -0.0217321 -0 0.0131483
v -0.125838 -0.102758 -0.0927452
vn 0.0217321 0 -0.0131483
v -0.136828 -0.0941515 -0.0860794
vn -0.0243946 -0 0.00707558
v -0.136828 -0.0941515 -0.0860794
vn 0.0243946 0 -0.00707558
v -0.139352 -0.102443 -0.0755146
vn 0 -0.0254 0
v -0.139352 -0.102443 -0.0755146
vn 0 0.0254 0
v -0.14641 -0.0827338 -0.0819468
vn 0 0.0254 0
v -0.14641 -0.0827338 -0.0819468
vn 0 -0.0254 0
v -0.14641 -0.0827338 -0.0819468
vn 0.0253947 0 -0.0005207
v -0.14641 -0.0827338 -0.0819468
vn -0.0253947 -0 0.0005207
v -0.16029 -0.0719982 -0.0688431
vn 0.0246641 0 0.00606966
v -0.16029 -0.0719982 -0.0688431
vn -0.0246641 0 -0.00606966
v -0.147656 -0.0990811 -0.0975675
vn 0 0.0254 0
v -0.169709 -0.0596421 -0.0937038
vn 0 0.0254 0
v -0.16476 -0.0742117 -0.0921171
vn 0 0.0254 0
v -0.16476 -0.0742117 -0.0921171
vn 0 -0.0254 0
v -0.169709 -0.0596421 -0.0937038
vn 0 -0.0254 0
v -0.147656 -0.0990811 -0.0975675
vn 0 -0.0254 0
v -0.136666 -0.107688 -0.104233
vn 0 0.0254 0
v -0.171748 -0.0449489 -0.0980874
vn 0 0.0254 0
v -0.171748 -0.0449489 -0.0980874
vn 0 -0.0254 0
v -0.136666 -0.107688 -0.104233
vn 0 -0.0254 0
v -0.155917 -0.014205 -0.102391
vn -0.00707558 0 -0.0243946
v -0.155917 -0.014205 -0.102391
vn 0.00707558 0 0.0243946
v -0.153813 -0.013247 -0.100158
vn 0.00707558 0 0.0243946
v -0.153813 -0.013247 -0.100158
vn -0.00707558 0 -0.0243946
v -0.121522 0.00145311 -0.0659009
vn 0 -0.0254 0
v -0.121522 0.00145311 -0.0659009
vn 0 0.0254 0
v -0.100573 -0.108461 -0.109485
vn 0.0122464 0 -0.0222528
v -0.068282 -0.0937613 -0.0752276
vn 0.0122464 0 -0.0222528
v -0.068282 -0.0937613 -0.0752276
vn -0.0122464 -0 0.0222528
v -0.100573 -0.108461 -0.109485
vn -0.0122464 -0 0.0222528
v -0.112085 -0.107007 -0.0992574
vn 0.0175885 0 -0.0183249
v -0.112085 -0.107007 -0.0992574
vn -0.0175885 -0 0.0183249
v -0.153813 -0.013247 -0.100158
vn 0 -0.0254 0
v -0.153813 -0.013247 -0.100158
vn 0 0.0254 0
v -0.162721 -0.0045762 -0.0954823
vn 0.00707558 0 0.0243946
v -0.162721 -0.0045762 -0.0954823
vn -0.00707558 0 -0.0243946
v -0.164826 -0.00553417 -0.0977148
vn 0 0.0254 0
v -0.164826 -0.00553417 -0.0977148
vn 0 -0.0254 0
v -0.170737 -0.0311326 -0.104969
vn 0.0131483 0 0.0217321
v -0.170737 -0.0311326 -0.104969
vn -0.0131483 0 -0.0217321
v -0.11164 -0.119353 -0.0943795
vn 0 -0.0254 0
v -0.11164 -0.119353 -0.0943795
vn 0 0.0254 0
v -0.11419 -0.107965 -0.10149
vn -0.0175885 -0 0.0183249
v -0.11419 -0.107965 -0.10149
vn 0.0175885 0 -0.0183249
v -0.125899 -0.112978 -0.0836751
vn 0.0217321 0 -0.0131483
v -0.141457 -0.103401 -0.0777471
vn 0.0243946 0 -0.00707558
v -0.139352 -0.102443 -0.0755146
vn 0.0243946 0 -0.00707558
v -0.139352 -0.102443 -0.0755146
vn -0.0243946 -0 0.00707558
v -0.141457 -0.103401 -0.0777471
vn -0.0243946 -0 0.00707558
v -0.125899 -0.112978 -0.0836751
vn -0.0217321 -0 0.0131483
v -0.16029 -0.0719982 -0.0688431
vn 0 -0.0254 0
v -0.16029 -0.0719982 -0.0688431
vn 0 0.0254 0
v -0.128003 -0.113936 -0.0859076
vn 0 0.0254 0
v -0.136828 -0.0941515 -0.0860794
vn 0 0.0254 0
v -0.136828 -0.0941515 -0.0860794
vn 0 -0.0254 0
v -0.128003 -0.113936 -0.0859076
vn 0 -0.0254 0
v -0.157238 -0.0876634 -0.093435
vn 0.0253947 0 -0.0005207
v -0.157238 -0.0876634 -0.093435
vn -0.0253947 -0 0.0005207
v -0.162394 -0.0729562 -0.0710756
vn 0.0246641 0 0.00606966
v -0.162394 -0.0729562 -0.0710756
vn -0.0246641 0 -0.00606966
v -0.157238 -0.0876634 -0.093435
vn 0 0.0254 0
v -0.157238 -0.0876634 -0.093435
vn 0 -0.0254 0
v -0.125018 -0.112895 -0.112978
vn 0 0.0254 0
v -0.125018 -0.112895 -0.112978
vn 0 -0.0254 0
v -0.155917 -0.014205 -0.102391
vn 0 0.0254 0
v -0.155917 -0.014205 -0.102391
vn 0 -0.0254 0
v -0.114823 0.0108147 -0.0762325
vn 0.0005207 0 0.0253947
v -0.114823 0.0108147 -0.0762325
vn -0.0005207 0 -0.0253947
v -0.0576888 -0.0913622 -0.086242
vn 0 -0.0254 0
v -0.0576888 -0.0913622 -0.086242
vn 0 0.0254 0
v -0.0899796 -0.106062 -0.1205
vn 0.00606966 0 -0.0246641
v -0.0899796 -0.106062 -0.1205
vn -0.00606966 -0 0.0246641
v -0.112085 -0.107007 -0.0992574
vn 0 -0.0254 0
v -0.112085 -0.107007 -0.0992574
vn 0 0.0254 0
v -0.15452 0.00688321 -0.10813
vn 0 -0.0254 0
v -0.15452 0.00688321 -0.10813
vn 0 0.0254 0
v -0.164826 -0.00553417 -0.0977148
vn 0.00707558 0 0.0243946
v -0.164826 -0.00553417 -0.0977148
vn -0.00707558 0 -0.0243946
v -0.170737 -0.0311326 -0.104969
vn 0 0.0254 0
v -0.170737 -0.0311326 -0.104969
vn 0 -0.0254 0
v -0.11164 -0.119353 -0.0943795
vn 0.0175885 0 -0.0183249
v -0.128003 -0.113936 -0.0859076
vn 0.0217321 0 -0.0131483
v -0.128003 -0.113936 -0.0859076
vn -0.0217321 -0 0.0131483
v -0.11164 -0.119353 -0.0943795
vn -0.0175885 -0 0.0183249
v -0.125838 -0.102758 -0.0927452
vn 0 0.0254 0
v -0.125838 -0.102758 -0.0927452
vn 0 -0.0254 0
v -0.147656 -0.0990811 -0.0975675
vn 0.0243946 0 -0.00707558
v -0.147656 -0.0990811 -0.0975675
vn -0.0243946 -0 0.00707558
v -0.113745 -0.120311 -0.096612
vn 0 0.0254 0
v -0.11419 -0.107965 -0.10149
vn 0 0.0254 0
v -0.11419 -0.107965 -0.10149
vn 0 -0.0254 0
v -0.113745 -0.120311 -0.096612
vn 0 -0.0254 0
v -0.136666 -0.107688 -0.104233
vn 0.0217321 0 -0.0131483
v -0.136666 -0.107688 -0.104233
vn -0.0217321 -0 0.0131483
v -0.153186 -0.089423 -0.0726888
vn 0.0253947 0 -0.0005207
v -0.153186 -0.089423 -0.0726888
vn -0.0253947 -0 0.0005207
v -0.151082 -0.0884651 -0.0704563
vn 0 -0.0254 0
v -0.151082 -0.0884651 -0.0704563
vn 0 0.0254 0
v -0.141457 -0.103401 -0.0777471
vn 0 0.0254 0
v -0.141457 -0.103401 -0.0777471
vn 0 -0.0254 0
v -0.151082 -0.0884651 -0.0704563
vn 0.0253947 0 -0.0005207
v -0.151082 -0.0884651 -0.0704563
vn -0.0253947 -0 0.0005207
v -0.162394 -0.0729562 -0.0710756
vn 0 0.0254 0
v -0.162394 -0.0729562 -0.0710756
vn 0 -0.0254 0
v -0.125018 -0.112895 -0.112978
vn 0.0175885 0 -0.0183249
v -0.125018 -0.112895 -0.112978
vn -0.0175885 -0 0.0183249
v -0.149218 -0.00484341 -0.112722
vn -0.0005207 0 -0.0253947
v -0.149218 -0.00484341 -0.112722
vn 0.0005207 0 0.0253947
v -0.156624 0.00592524 -0.110363
vn 0 0.0254 0
v -0.156624 0.00592524 -0.110363
vn 0 -0.0254 0
v -0.166746 -0.0191346 -0.113879
vn 0.00707558 0 0.0243946
v -0.166746 -0.0191346 -0.113879
vn -0.00707558 0 -0.0243946
v -0.147114 -0.00388544 -0.11049
vn 0.0005207 0 0.0253947
v -0.147114 -0.00388544 -0.11049
vn -0.0005207 0 -0.0253947
v -0.114823 0.0108147 -0.0762325
vn 0 -0.0254 0
v -0.114823 0.0108147 -0.0762325
vn 0 0.0254 0
v -0.0576888 -0.0913622 -0.086242
vn 0.00606966 0 -0.0246641
v -0.0576888 -0.0913622 -0.086242
vn -0.00606966 -0 0.0246641
v -0.100573 -0.108461 -0.109485
vn 0 -0.0254 0
v -0.0975472 -0.121132 -0.1069
vn 0 -0.0254 0
v -0.0975472 -0.121132 -0.1069
vn 0 0.0254 0
v -0.100573 -0.108461 -0.109485
vn 0 0.0254 0
v -0.0899796 -0.106062 -0.1205
vn 0 -0.0254 0
v -0.08458 -0.118195 -0.120383
vn 0 -0.0254 0
v -0.08458 -0.118195 -0.120383
vn 0 0.0254 0
v -0.0899796 -0.106062 -0.1205
vn 0 0.0254 0
v -0.102677 -0.109419 -0.111718
vn -0.0122464 -0 0.0222528
v -0.102677 -0.109419 -0.111718
vn 0.0122464 0 -0.0222528
v -0.147114 -0.00388544 -0.11049
vn 0 -0.0254 0
v -0.147114 -0.00388544 -0.11049
vn 0 0.0254 0
v -0.15452 0.00688321 -0.10813
vn 0.0005207 0 0.0253947
v -0.15452 0.00688321 -0.10813
vn -0.0005207 0 -0.0253947
v -0.113506 -0.114349 -0.123206
vn 0 0.0254 0
v -0.113506 -0.114349 -0.123206
vn 0 -0.0254 0
v -0.113745 -0.120311 -0.096612
vn 0.0175885 0 -0.0183249
v -0.113745 -0.120311 -0.096612
vn -0.0175885 -0 0.0183249
v -0.0996515 -0.12209 -0.109133
vn 0 0.0254 0
v -0.0996515 -0.12209 -0.109133
vn 0 -0.0254 0
v -0.153186 -0.089423 -0.0726888
vn 0 0.0254 0
v -0.153186 -0.089423 -0.0726888
vn 0 -0.0254 0
v -0.113506 -0.114349 -0.123206
vn 0.0122464 0 -0.0222528
v -0.113506 -0.114349 -0.123206
vn -0.0122464 -0 0.0222528
v -0.149218 -0.00484341 -0.112722
vn 0 0.0254 0
v -0.149218 -0.00484341 -0.112722
vn 0 -0.0254 0
v -0.156624 0.00592524 -0.110363
vn 0.0005207 0 0.0253947
v -0.156624 0.00592524 -0.110363
vn -0.0005207 0 -0.0253947
v -0.166746 -0.0191346 -0.113879
vn 0 0.0254 0
v -0.166746 -0.0191346 -0.113879
vn 0 -0.0254 0
v -0.105872 0.0169023 -0.0872817
vn -0.00606966 -0 0.0246641
v -0.105872 0.0169023 -0.0872817
vn 0.00606966 0 -0.0246641
v -0.0487379 -0.0852746 -0.0972913
vn 0 -0.0254 0
v -0.0487379 -0.0852746 -0.0972913
vn 0 0.0254 0
v -0.0810287 -0.0999747 -0.131549
vn -0.0005207 0 -0.0253947
v -0.0810287 -0.0999747 -0.131549
vn 0.0005207 0 0.0253947
v -0.0810287 -0.0999747 -0.131549
vn 0 -0.0254 0
v -0.0810287 -0.0999747 -0.131549
vn 0 0.0254 0
v -0.0920839 -0.10702 -0.122732
vn -0.00606966 -0 0.0246641
v -0.0920839 -0.10702 -0.122732
vn 0.00606966 0 -0.0246641
v -0.0996515 -0.12209 -0.109133
vn 0.0122464 0 -0.0222528
v -0.0975472 -0.121132 -0.1069
vn 0.0122464 0 -0.0222528
v -0.0975472 -0.121132 -0.1069
vn -0.0122464 -0 0.0222528
v -0.0996515 -0.12209 -0.109133
vn -0.0122464 -0 0.0222528
v -0.138163 0.00220218 -0.121539
vn 0 -0.0254 0
v -0.138163 0.00220218 -0.121539
vn 0 0.0254 0
v -0.102677 -0.109419 -0.111718
vn 0 0.0254 0
v -0.102677 -0.109419 -0.111718
vn 0 -0.0254 0
v -0.140267 0.00124421 -0.123772
vn 0.00606966 0 -0.0246641
v -0.140267 0.00124421 -0.123772
vn -0.00606966 -0 0.0246641
v -0.140267 0.00124421 -0.123772
vn 0 0.0254 0
v -0.140267 0.00124421 -0.123772
vn 0 -0.0254 0
v -0.160047 -0.00977305 -0.124211
vn 0.0005207 0 0.0253947
v -0.160047 -0.00977305 -0.124211
vn -0.0005207 0 -0.0253947
v -0.143563 0.0143353 -0.121656
vn -0.00606966 -0 0.0246641
v -0.143563 0.0143353 -0.121656
vn 0.00606966 0 -0.0246641
v -0.102912 -0.11195 -0.13422
vn 0 0.0254 0
v -0.102912 -0.11195 -0.13422
vn 0 -0.0254 0
v -0.138163 0.00220218 -0.121539
vn -0.00606966 -0 0.0246641
v -0.138163 0.00220218 -0.121539
vn 0.00606966 0 -0.0246641
v -0.105872 0.0169023 -0.0872817
vn 0 -0.0254 0
v -0.105872 0.0169023 -0.0872817
vn 0 0.0254 0
v -0.0487379 -0.0852746 -0.0972913
vn -0.0005207 0 -0.0253947
v -0.0487379 -0.0852746 -0.0972913
vn 0.0005207 0 0.0253947
v -0.0866843 -0.119153 -0.122615
vn 0.00606966 0 -0.0246641
v -0.08458 -0.118195 -0.120383
vn 0.00606966 0 -0.0246641
v -0.08458 -0.118195 -0.120383
vn -0.00606966 -0 0.0246641
v -0.0866843 -0.119153 -0.122615
vn -0.00606966 -0 0.0246641
v -0.0736228 -0.110743 -0.133909
vn 0 -0.0254 0
v -0.0736228 -0.110743 -0.133909
vn 0 0.0254 0
v -0.0866843 -0.119153 -0.122615
vn 0 0.0254 0
v -0.0920839 -0.10702 -0.122732
vn 0 0.0254 0
v -0.0920839 -0.10702 -0.122732
vn 0 -0.0254 0
v -0.0866843 -0.119153 -0.122615
vn 0 -0.0254 0
v -0.102912 -0.11195 -0.13422
vn 0.00606966 0 -0.0246641
v -0.102912 -0.11195 -0.13422
vn -0.00606966 -0 0.0246641
v -0.143563 0.0143353 -0.121656
vn 0 -0.0254 0
v -0.143563 0.0143353 -0.121656
vn 0 0.0254 0
v -0.145667 0.0133773 -0.123889
vn 0 0.0254 0
v -0.145667 0.0133773 -0.123889
vn 0 -0.0254 0
v -0.160047 -0.00977305 -0.124211
vn 0 0.0254 0
v -0.160047 -0.00977305 -0.124211
vn 0 -0.0254 0
v -0.145667 0.0133773 -0.123889
vn -0.00606966 -0 0.0246641
v -0.145667 0.0133773 -0.123889
vn 0.00606966 0 -0.0246641
v -0.0952792 0.0193014 -0.0982961
vn -0.0122464 -0 0.0222528
v -0.0952792 0.0193014 -0.0982961
vn 0.0122464 0 -0.0222528
v -0.0420388 -0.075913 -0.107623
vn 0 -0.0254 0
v -0.0420388 -0.075913 -0.107623
vn 0 0.0254 0
v -0.0743296 -0.0906131 -0.14188
vn -0.00707558 0 -0.0243946
v -0.0743296 -0.0906131 -0.14188
vn 0.00707558 0 0.0243946
v -0.083133 -0.100933 -0.133781
vn 0.0005207 0 0.0253947
v -0.083133 -0.100933 -0.133781
vn -0.0005207 0 -0.0253947
v -0.0757271 -0.111701 -0.136141
vn -0.0005207 0 -0.0253947
v -0.0757271 -0.111701 -0.136141
vn 0.0005207 0 0.0253947
v -0.0743296 -0.0906131 -0.14188
vn 0 -0.0254 0
v -0.0743296 -0.0906131 -0.14188
vn 0 0.0254 0
v -0.0736228 -0.110743 -0.133909
vn -0.0005207 0 -0.0253947
v -0.0736228 -0.110743 -0.133909
vn 0.0005207 0 0.0253947
v -0.083133 -0.100933 -0.133781
vn 0 0.0254 0
v -0.083133 -0.100933 -0.133781
vn 0 -0.0254 0
v -0.0939616 -0.105862 -0.145269
vn -0.0005207 0 -0.0253947
v -0.0939616 -0.105862 -0.145269
vn 0.0005207 0 0.0253947
v -0.12757 0.00460127 -0.132554
vn 0 -0.0254 0
v -0.12757 0.00460127 -0.132554
vn 0 0.0254 0
v -0.129674 0.0036433 -0.134786
vn 0.0122464 0 -0.0222528
v -0.129674 0.0036433 -0.134786
vn -0.0122464 -0 0.0222528
v -0.151096 -0.00368542 -0.13526
vn -0.00606966 -0 0.0246641
v -0.151096 -0.00368542 -0.13526
vn 0.00606966 0 -0.0246641
v -0.129674 0.0036433 -0.134786
vn 0 0.0254 0
v -0.129674 0.0036433 -0.134786
vn 0 -0.0254 0
v -0.0939616 -0.105862 -0.145269
vn 0 0.0254 0
v -0.0939616 -0.105862 -0.145269
vn 0 -0.0254 0
v -0.130595 0.0172715 -0.135139
vn -0.0122464 -0 0.0222528
v -0.130595 0.0172715 -0.135139
vn 0.0122464 0 -0.0222528
v -0.12757 0.00460127 -0.132554
vn -0.0122464 -0 0.0222528
v -0.12757 0.00460127 -0.132554
vn 0.0122464 0 -0.0222528
v -0.0952792 0.0193014 -0.0982961
vn 0 -0.0254 0
v -0.0952792 0.0193014 -0.0982961
vn 0 0.0254 0
v -0.0420388 -0.075913 -0.107623
vn -0.00707558 0 -0.0243946
v -0.0420388 -0.075913 -0.107623
vn 0.00707558 0 0.0243946
v -0.0757271 -0.111701 -0.136141
vn 0 0.0254 0
v -0.0757271 -0.111701 -0.136141
vn 0 -0.0254 0
v -0.0654213 -0.0992839 -0.146557
vn 0 -0.0254 0
v -0.0654213 -0.0992839 -0.146557
vn 0 0.0254 0
v -0.0675256 -0.100242 -0.148789
vn -0.00707558 0 -0.0243946
v -0.0675256 -0.100242 -0.148789
vn 0.00707558 0 0.0243946
v -0.130595 0.0172715 -0.135139
vn 0 -0.0254 0
v -0.130595 0.0172715 -0.135139
vn 0 0.0254 0
v -0.151096 -0.00368542 -0.13526
vn 0 0.0254 0
v -0.151096 -0.00368542 -0.13526
vn 0 -0.0254 0
v -0.1327 0.0163136 -0.137371
vn 0 0.0254 0
v -0.1327 0.0163136 -0.137371
vn 0 -0.0254 0
v -0.1327 0.0163136 -0.137371
vn -0.0122464 -0 0.0222528
v -0.1327 0.0163136 -0.137371
vn 0.0122464 0 -0.0222528
v -0.0837665 0.0178472 -0.108524
vn -0.0175885 -0 0.0183249
v -0.0837665 0.0178472 -0.108524
vn 0.0175885 0 -0.0183249
v -0.0380475 -0.063915 -0.116533
vn 0 -0.0254 0
v -0.0380475 -0.063915 -0.116533
vn 0 0.0254 0
v -0.0703383 -0.0786151 -0.150791
vn -0.0131483 0 -0.0217321
v -0.0703383 -0.0786151 -0.150791
vn 0.0131483 0 0.0217321
v -0.0764339 -0.0915711 -0.144113
vn 0.00707558 0 0.0243946
v -0.0764339 -0.0915711 -0.144113
vn -0.00707558 0 -0.0243946
v -0.0872625 -0.0965007 -0.155601
vn -0.00707558 0 -0.0243946
v -0.0872625 -0.0965007 -0.155601
vn 0.00707558 0 0.0243946
v -0.0764339 -0.0915711 -0.144113
vn 0 0.0254 0
v -0.0764339 -0.0915711 -0.144113
vn 0 -0.0254 0
v -0.0703383 -0.0786151 -0.150791
vn 0 -0.0254 0
v -0.0703383 -0.0786151 -0.150791
vn 0 0.0254 0
v -0.0654213 -0.0992839 -0.146557
vn -0.00707558 0 -0.0243946
v -0.0654213 -0.0992839 -0.146557
vn 0.00707558 0 0.0243946
v -0.0675256 -0.100242 -0.148789
vn 0 0.0254 0
v -0.0675256 -0.100242 -0.148789
vn 0 -0.0254 0
v -0.116057 0.00314709 -0.142781
vn 0 -0.0254 0
v -0.116057 0.00314709 -0.142781
vn 0 0.0254 0
v -0.118162 0.00218912 -0.145014
vn 0.0175885 0 -0.0183249
v -0.118162 0.00218912 -0.145014
vn -0.0175885 -0 0.0183249
v -0.140503 -0.00128634 -0.146274
vn -0.0122464 -0 0.0222528
v -0.140503 -0.00128634 -0.146274
vn 0.0122464 0 -0.0222528
v -0.0872625 -0.0965007 -0.155601
vn 0 0.0254 0
v -0.0872625 -0.0965007 -0.155601
vn 0 -0.0254 0
v -0.118162 0.00218912 -0.145014
vn 0 0.0254 0
v -0.118162 0.00218912 -0.145014
vn 0 -0.0254 0
v -0.116502 0.0154924 -0.147659
vn -0.0175885 -0 0.0183249
v -0.116502 0.0154924 -0.147659
vn 0.0175885 0 -0.0183249
v -0.116057 0.00314709 -0.142781
vn -0.0175885 -0 0.0183249
v -0.116057 0.00314709 -0.142781
vn 0.0175885 0 -0.0183249
v -0.0837665 0.0178472 -0.108524
vn 0 -0.0254 0
v -0.0837665 0.0178472 -0.108524
vn 0 0.0254 0
v -0.0380475 -0.063915 -0.116533
vn -0.0131483 0 -0.0217321
v -0.0380475 -0.063915 -0.116533
vn 0.0131483 0 0.0217321
v -0.0605361 -0.0845962 -0.157464
vn 0 -0.0254 0
v -0.0605361 -0.0845962 -0.157464
vn 0 0.0254 0
v -0.0626404 -0.0855541 -0.159696
vn -0.0131483 0 -0.0217321
v -0.0626404 -0.0855541 -0.159696
vn 0.0131483 0 0.0217321
v -0.0724426 -0.0795731 -0.153023
vn 0 0.0254 0
v -0.0724426 -0.0795731 -0.153023
vn 0 -0.0254 0
v -0.116502 0.0154924 -0.147659
vn 0 -0.0254 0
v -0.116502 0.0154924 -0.147659
vn 0 0.0254 0
v -0.140503 -0.00128634 -0.146274
vn 0 0.0254 0
v -0.140503 -0.00128634 -0.146274
vn 0 -0.0254 0
v -0.118607 0.0145345 -0.149892
vn 0 0.0254 0
v -0.118607 0.0145345 -0.149892
vn 0 -0.0254 0
v -0.118607 0.0145345 -0.149892
vn -0.0175885 -0 0.0183249
v -0.118607 0.0145345 -0.149892
vn 0.0175885 0 -0.0183249
v -0.104409 -0.00206019 -0.151526
vn -0.0217321 -0 0.0131483
v -0.104409 -0.00206019 -0.151526
vn 0.0217321 0 -0.0131483
v -0.037037 -0.0500988 -0.123415
vn 0 -0.0254 0
v -0.037037 -0.0500988 -0.123415
vn 0 0.0254 0
v -0.0693277 -0.0647989 -0.157672
vn -0.0183249 0 -0.0175885
v -0.0693277 -0.0647989 -0.157672
vn 0.0183249 0 0.0175885
v -0.0724426 -0.0795731 -0.153023
vn 0.0131483 0 0.0217321
v -0.0724426 -0.0795731 -0.153023
vn -0.0131483 0 -0.0217321
v -0.0832712 -0.0845027 -0.164512
vn -0.0131483 0 -0.0217321
v -0.0832712 -0.0845027 -0.164512
vn 0.0131483 0 0.0217321
v -0.0693277 -0.0647989 -0.157672
vn 0 -0.0254 0
v -0.0693277 -0.0647989 -0.157672
vn 0 0.0254 0
v -0.0605361 -0.0845962 -0.157464
vn -0.0131483 0 -0.0217321
v -0.0605361 -0.0845962 -0.157464
vn 0.0131483 0 0.0217321
v -0.0626404 -0.0855541 -0.159696
vn 0 0.0254 0
v -0.0626404 -0.0855541 -0.159696
vn 0 -0.0254 0
v -0.104409 -0.00206019 -0.151526
vn 0 -0.0254 0
v -0.104409 -0.00206019 -0.151526
vn 0 0.0254 0
v -0.12899 -0.00274052 -0.156502
vn -0.0175885 -0 0.0183249
v -0.12899 -0.00274052 -0.156502
vn 0.0175885 0 -0.0183249
v -0.0832712 -0.0845027 -0.164512
vn 0 0.0254 0
v -0.0832712 -0.0845027 -0.164512
vn 0 -0.0254 0
v -0.106514 -0.00301816 -0.153759
vn 0 0.0254 0
v -0.106514 -0.00301816 -0.153759
vn 0 -0.0254 0
v -0.104348 0.00815953 -0.160596
vn -0.0217321 -0 0.0131483
v -0.104348 0.00815953 -0.160596
vn 0.0217321 0 -0.0131483
v -0.0721186 0.0126399 -0.117269
vn -0.0217321 -0 0.0131483
v -0.0721186 0.0126399 -0.117269
vn 0.0217321 0 -0.0131483
v -0.0721186 0.0126399 -0.117269
vn 0 -0.0254 0
v -0.0721186 0.0126399 -0.117269
vn 0 0.0254 0
v -0.037037 -0.0500988 -0.123415
vn -0.0183249 0 -0.0175885
v -0.037037 -0.0500988 -0.123415
vn 0.0183249 0 0.0175885
v -0.0713661 -0.0501056 -0.162056
vn 0 -0.0254 0
v -0.0713661 -0.0501056 -0.162056
vn 0 0.0254 0
v -0.0614029 -0.0686414 -0.16812
vn -0.0183249 0 -0.0175885
v -0.0614029 -0.0686414 -0.16812
vn 0.0183249 0 0.0175885
v -0.071432 -0.0657568 -0.159905
vn 0 0.0254 0
v -0.071432 -0.0657568 -0.159905
vn 0 -0.0254 0
v -0.0822606 -0.0706865 -0.171393
vn -0.0183249 0 -0.0175885
v -0.0822606 -0.0706865 -0.171393
vn 0.0183249 0 0.0175885
v -0.0934195 -0.0106666 -0.158192
vn 0 -0.0254 0
v -0.0934195 -0.0106666 -0.158192
vn 0 0.0254 0
v -0.106514 -0.00301816 -0.153759
vn 0.0217321 0 -0.0131483
v -0.106514 -0.00301816 -0.153759
vn -0.0217321 -0 0.0131483
v -0.12899 -0.00274052 -0.156502
vn 0 0.0254 0
v -0.12899 -0.00274052 -0.156502
vn 0 -0.0254 0
v -0.117342 -0.0079478 -0.165247
vn -0.0217321 -0 0.0131483
v -0.117342 -0.0079478 -0.165247
vn 0.0217321 0 -0.0131483
v -0.0955238 -0.0116246 -0.160424
vn 0 0.0254 0
v -0.0955238 -0.0116246 -0.160424
vn 0 -0.0254 0
v -0.102244 0.0091175 -0.158364
vn -0.0217321 -0 0.0131483
v -0.102244 0.0091175 -0.158364
vn 0.0217321 0 -0.0131483
v -0.104348 0.00815953 -0.160596
vn 0 0.0254 0
v -0.104348 0.00815953 -0.160596
vn 0 -0.0254 0
v -0.0934195 -0.0106666 -0.158192
vn -0.0243946 -0 0.00707558
v -0.0934195 -0.0106666 -0.158192
vn 0.0243946 0 -0.00707558
v -0.0390754 -0.0354055 -0.127798
vn 0 -0.0254 0
v -0.0390754 -0.0354055 -0.127798
vn 0 0.0254 0
v -0.0390754 -0.0354055 -0.127798
vn -0.0222528 0 -0.0122464
v -0.0390754 -0.0354055 -0.127798
vn 0.0222528 0 0.0122464
v -0.071432 -0.0657568 -0.159905
vn 0.0183249 0 0.0175885
v -0.071432 -0.0657568 -0.159905
vn -0.0183249 0 -0.0175885
v -0.0592986 -0.0676834 -0.165888
vn 0 -0.0254 0
v -0.0592986 -0.0676834 -0.165888
vn 0 0.0254 0
v -0.0713661 -0.0501056 -0.162056
vn -0.0222528 0 -0.0122464
v -0.0713661 -0.0501056 -0.162056
vn 0.0222528 0 0.0122464
v -0.0734704 -0.0510636 -0.164288
vn 0.0222528 0 0.0122464
v -0.0734704 -0.0510636 -0.164288
vn -0.0222528 0 -0.0122464
v -0.0592986 -0.0676834 -0.165888
vn -0.0183249 0 -0.0175885
v -0.0592986 -0.0676834 -0.165888
vn 0.0183249 0 0.0175885
v -0.0614029 -0.0686414 -0.16812
vn 0 0.0254 0
v -0.0734704 -0.0510636 -0.164288
vn 0 0.0254 0
v -0.0734704 -0.0510636 -0.164288
vn 0 -0.0254 0
v -0.0614029 -0.0686414 -0.16812
vn 0 -0.0254 0
v -0.0822606 -0.0706865 -0.171393
vn 0 0.0254 0
v -0.0822606 -0.0706865 -0.171393
vn 0 -0.0254 0
v -0.102244 0.0091175 -0.158364
vn 0 -0.0254 0
v -0.102244 0.0091175 -0.158364
vn 0 0.0254 0
v -0.117342 -0.0079478 -0.165247
vn 0 0.0254 0
v -0.117342 -0.0079478 -0.165247
vn 0 -0.0254 0
v -0.0955238 -0.0116246 -0.160424
vn 0.0243946 0 -0.00707558
v -0.0955238 -0.0116246 -0.160424
vn -0.0243946 -0 0.00707558
v -0.106352 -0.0165542 -0.171913
vn -0.0243946 -0 0.00707558
v -0.106352 -0.0165542 -0.171913
vn 0.0243946 0 -0.00707558
v -0.0908947 -0.00237521 -0.168757
vn -0.0243946 -0 0.00707558
v -0.0908947 -0.00237521 -0.168757
vn 0.0243946 0 -0.00707558
v -0.0859417 -0.0230423 -0.164557
vn 0 0.0254 0
v -0.0859417 -0.0230423 -0.164557
vn 0 -0.0254 0
v -0.0611287 0.00403347 -0.123934
vn -0.0243946 -0 0.00707558
v -0.0611287 0.00403347 -0.123934
vn 0.0243946 0 -0.00707558
v -0.0611287 0.00403347 -0.123934
vn 0 -0.0254 0
v -0.0611287 0.00403347 -0.123934
vn 0 0.0254 0
v -0.0763155 -0.035536 -0.163642
vn 0 -0.0254 0
v -0.0763155 -0.035536 -0.163642
vn 0 0.0254 0
v -0.0440248 -0.0208359 -0.129385
vn -0.0246641 0 -0.00606966
v -0.0440248 -0.0208359 -0.129385
vn 0.0246641 0 0.00606966
v -0.0784198 -0.036494 -0.165875
vn 0.0246641 0 0.00606966
v -0.0784198 -0.036494 -0.165875
vn -0.0246641 0 -0.00606966
v -0.0617947 -0.0496966 -0.171253
vn -0.0222528 0 -0.0122464
v -0.0617947 -0.0496966 -0.171253
vn 0.0222528 0 0.0122464
v -0.0784198 -0.036494 -0.165875
vn 0 0.0254 0
v -0.0784198 -0.036494 -0.165875
vn 0 -0.0254 0
v -0.0838374 -0.0220843 -0.162325
vn 0 -0.0254 0
v -0.0838374 -0.0220843 -0.162325
vn 0 0.0254 0
v -0.084299 -0.0559932 -0.175776
vn 0 0.0254 0
v -0.084299 -0.0559932 -0.175776
vn 0 -0.0254 0
v -0.0838374 -0.0220843 -0.162325
vn 0.0253947 0 -0.0005207
v -0.0838374 -0.0220843 -0.162325
vn -0.0253947 -0 0.0005207
v -0.0967703 -0.0279719 -0.176045
vn -0.0253947 -0 0.0005207
v -0.0967703 -0.0279719 -0.176045
vn 0.0253947 0 -0.0005207
v -0.106352 -0.0165542 -0.171913
vn 0 0.0254 0
v -0.106352 -0.0165542 -0.171913
vn 0 -0.0254 0
v -0.0887904 -0.00141724 -0.166524
vn -0.0243946 -0 0.00707558
v -0.0887904 -0.00141724 -0.166524
vn 0.0243946 0 -0.00707558
v -0.063899 -0.0506546 -0.173486
vn 0 0.0254 0
v -0.0908947 -0.00237521 -0.168757
vn 0 0.0254 0
v -0.0908947 -0.00237521 -0.168757
vn 0 -0.0254 0
v -0.063899 -0.0506546 -0.173486
vn 0 -0.0254 0
v -0.0859417 -0.0230423 -0.164557
vn 0.0253947 0 -0.0005207
v -0.0859417 -0.0230423 -0.164557
vn -0.0253947 -0 0.0005207
v -0.0440248 -0.0208359 -0.129385
vn 0 -0.0254 0
v -0.0440248 -0.0208359 -0.129385
vn 0 0.0254 0
v -0.0617947 -0.0496966 -0.171253
vn 0 -0.0254 0
v -0.0617947 -0.0496966 -0.171253
vn 0 0.0254 0
v -0.0763155 -0.035536 -0.163642
vn -0.0246641 0 -0.00606966
v -0.0763155 -0.035536 -0.163642
vn 0.0246641 0 0.00606966
v -0.084299 -0.0559932 -0.175776
vn -0.0222528 0 -0.0122464
v -0.084299 -0.0559932 -0.175776
vn 0.0222528 0 0.0122464
v -0.063899 -0.0506546 -0.173486
vn -0.0222528 0 -0.0122464
v -0.063899 -0.0506546 -0.173486
vn 0.0222528 0 0.0122464
v -0.0892484 -0.0414236 -0.177363
vn 0 0.0254 0
v -0.0967703 -0.0279719 -0.176045
vn 0 0.0254 0
v -0.0967703 -0.0279719 -0.176045
vn 0 -0.0254 0
v -0.0892484 -0.0414236 -0.177363
vn 0 -0.0254 0
v -0.079165 -0.016353 -0.173815
vn -0.0253947 -0 0.0005207
v -0.079165 -0.016353 -0.173815
vn 0.0253947 0 -0.0005207
v -0.0887904 -0.00141724 -0.166524
vn 0 -0.0254 0
v -0.0887904 -0.00141724 -0.166524
vn 0 0.0254 0
v -0.0699572 -0.0328199 -0.175428
vn 0 0.0254 0
v -0.0699572 -0.0328199 -0.175428
vn 0 -0.0254 0
v -0.0892484 -0.0414236 -0.177363
vn -0.0246641 0 -0.00606966
v -0.0892484 -0.0414236 -0.177363
vn 0.0246641 0 0.00606966
v -0.0515467 -0.0073842 -0.128067
vn -0.0253947 -0 0.0005207
v -0.0515467 -0.0073842 -0.128067
vn 0.0253947 0 -0.0005207
v -0.0515467 -0.0073842 -0.128067
vn 0 -0.0254 0
v -0.0515467 -0.0073842 -0.128067
vn 0 0.0254 0
v -0.0678529 -0.0318619 -0.173196
vn -0.0246641 0 -0.00606966
v -0.0678529 -0.0318619 -0.173196
vn 0.0246641 0 0.00606966
v -0.0770607 -0.0153951 -0.171582
vn -0.0253947 -0 0.0005207
v -0.0770607 -0.0153951 -0.171582
vn 0.0253947 0 -0.0005207
v -0.079165 -0.016353 -0.173815
vn 0 0.0254 0
v -0.079165 -0.016353 -0.173815
vn 0 -0.0254 0
v -0.0678529 -0.0318619 -0.173196
vn 0 -0.0254 0
v -0.0678529 -0.0318619 -0.173196
vn 0 0.0254 0
v -0.0699572 -0.0328199 -0.175428
vn -0.0246641 0 -0.00606966
v -0.0699572 -0.0328199 -0.175428
vn 0.0246641 0 0.00606966
v -0.0770607 -0.0153951 -0.171582
vn 0 -0.0254 0
v -0.0770607 -0.0153951 -0.171582
vn 0 0.0254 0
v -0.247251 -0.0353318 -0.206509
vn 0.0005207 0 0.0253947
v -0.150082 0.0113675 -0.128572
vn -0.00606966 -0 0.0246641
v -0.161039 0.00391541 -0.115046
vn 0.0005207 0 0.0253947
v -0.236294 -0.0278798 -0.220035
vn -0.00606966 -0 0.0246641
v -0.161039 0.00391541 -0.115046
vn -0.0005207 0 -0.0253947
v -0.150082 0.0113675 -0.128572
vn 0.00606966 0 -0.0246641
v -0.247251 -0.0353318 -0.206509
vn -0.0005207 0 -0.0253947
v -0.236294 -0.0278798 -0.220035
vn 0.00606966 0 -0.0246641
v -0.150082 0.0113675 -0.128572
vn 0 -0.0254 0
v -0.080142 -0.113711 -0.140825
vn 0 -0.0254 0
v -0.161039 0.00391541 -0.115046
vn 0 -0.0254 0
v -0.161039 0.00391541 -0.115046
vn 0 0.0254 0
v -0.080142 -0.113711 -0.140825
vn 0 0.0254 0
v -0.150082 0.0113675 -0.128572
vn 0 0.0254 0
v -0.255452 -0.0467913 -0.193862
vn 0.00707558 0 0.0243946
v -0.255452 -0.0467913 -0.193862
vn -0.00707558 0 -0.0243946
v -0.248647 -0.0375115 -0.209107
vn 0.000478282 0.0100408 0.0233262
v -0.236294 -0.0278798 -0.220035
vn -0.00557527 0.0100408 0.0226552
v -0.247251 -0.0353318 -0.206509
vn 0.000478282 0.0100408 0.0233262
v -0.247251 -0.0353318 -0.206509
vn -0.000478282 -0.0100408 -0.0233262
v -0.236294 -0.0278798 -0.220035
vn 0.00557527 -0.0100408 -0.0226552
v -0.248647 -0.0375115 -0.209107
vn -0.000478282 -0.0100408 -0.0233262
v -0.166354 -0.152958 -0.232288
vn 0 0.0254 0
v -0.236294 -0.0278798 -0.220035
vn 0 0.0254 0
v -0.247251 -0.0353318 -0.206509
vn 0 0.0254 0
v -0.247251 -0.0353318 -0.206509
vn 0 -0.0254 0
v -0.236294 -0.0278798 -0.220035
vn 0 -0.0254 0
v -0.166354 -0.152958 -0.232288
vn 0 -0.0254 0
v -0.137115 0.0143037 -0.142055
vn -0.0122464 -0 0.0222528
v -0.137115 0.0143037 -0.142055
vn 0.0122464 0 -0.0222528
v -0.0719405 -0.102252 -0.153473
vn 0 -0.0254 0
v -0.0719405 -0.102252 -0.153473
vn 0 0.0254 0
v -0.0910992 -0.121163 -0.127299
vn 0 -0.0254 0
v -0.0910992 -0.121163 -0.127299
vn 0 0.0254 0
v -0.169241 -0.007544 -0.102399
vn 0.00707558 0 0.0243946
v -0.169241 -0.007544 -0.102399
vn -0.00707558 0 -0.0243946
v -0.256684 -0.0487428 -0.196712
vn 0.00649928 0.0100408 0.0224076
v -0.255452 -0.0467913 -0.193862
vn 0.00649928 0.0100408 0.0224076
v -0.255452 -0.0467913 -0.193862
vn -0.00649928 -0.0100408 -0.0224076
v -0.256684 -0.0487428 -0.196712
vn -0.00649928 -0.0100408 -0.0224076
v -0.177311 -0.16041 -0.218762
vn 0 0.0254 0
v -0.255452 -0.0467913 -0.193862
vn 0 0.0254 0
v -0.255452 -0.0467913 -0.193862
vn 0 -0.0254 0
v -0.177311 -0.16041 -0.218762
vn 0 -0.0254 0
v -0.237909 -0.0302085 -0.222362
vn -0.00557527 0.0100408 0.0226552
v -0.237909 -0.0302085 -0.222362
vn 0.00557527 -0.0100408 -0.0226552
v -0.158152 -0.141499 -0.244936
vn 0 0.0254 0
v -0.158152 -0.141499 -0.244936
vn 0 -0.0254 0
v -0.223326 -0.0249435 -0.233518
vn -0.0122464 -0 0.0222528
v -0.223326 -0.0249435 -0.233518
vn 0.0122464 0 -0.0222528
v -0.137115 0.0143037 -0.142055
vn 0 -0.0254 0
v -0.137115 0.0143037 -0.142055
vn 0 0.0254 0
v -0.158152 -0.141499 -0.244936
vn -0.00707558 0 -0.0243946
v -0.080142 -0.113711 -0.140825
vn -0.0005207 0 -0.0253947
v -0.0719405 -0.102252 -0.153473
vn -0.00707558 0 -0.0243946
v -0.0719405 -0.102252 -0.153473
vn 0.00707558 0 0.0243946
v -0.080142 -0.113711 -0.140825
vn 0.0005207 0 0.0253947
v -0.158152 -0.141499 -0.244936
vn 0.00707558 0 0.0243946
v -0.166354 -0.152958 -0.232288
vn -0.0005207 0 -0.0253947
v -0.0910992 -0.121163 -0.127299
vn 0.00606966 0 -0.0246641
v -0.0910992 -0.121163 -0.127299
vn -0.00606966 -0 0.0246641
v -0.166354 -0.152958 -0.232288
vn 0.0005207 0 0.0253947
v -0.169241 -0.007544 -0.102399
vn 0 -0.0254 0
v -0.169241 -0.007544 -0.102399
vn 0 0.0254 0
v -0.260338 -0.061479 -0.182954
vn 0.0131483 0 0.0217321
v -0.260338 -0.061479 -0.182954
vn -0.0131483 0 -0.0217321
v -0.261472 -0.063136 -0.186023
vn 0.0120773 0.0100408 0.019962
v -0.261472 -0.063136 -0.186023
vn -0.0120773 -0.0100408 -0.019962
v -0.190278 -0.163347 -0.205279
vn 0 0.0254 0
v -0.190278 -0.163347 -0.205279
vn 0 -0.0254 0
v -0.169368 -0.152786 -0.234369
vn 0 0.0254 0
v -0.237909 -0.0302085 -0.222362
vn 0 0.0254 0
v -0.248647 -0.0375115 -0.209107
vn 0 0.0254 0
v -0.248647 -0.0375115 -0.209107
vn 0 -0.0254 0
v -0.237909 -0.0302085 -0.222362
vn 0 -0.0254 0
v -0.169368 -0.152786 -0.234369
vn 0 -0.0254 0
v -0.223326 -0.0249435 -0.233518
vn -0.0112489 0.0100408 0.0204402
v -0.223326 -0.0249435 -0.233518
vn 0.0112489 -0.0100408 -0.0204402
v -0.180105 -0.160089 -0.221114
vn 0 0.0254 0
v -0.256684 -0.0487428 -0.196712
vn 0 0.0254 0
v -0.256684 -0.0487428 -0.196712
vn 0 -0.0254 0
v -0.180105 -0.160089 -0.221114
vn 0 -0.0254 0
v -0.223326 -0.0249435 -0.233518
vn 0 0.0254 0
v -0.223326 -0.0249435 -0.233518
vn 0 -0.0254 0
v -0.161331 -0.141555 -0.246764
vn -0.00649928 0.0100408 -0.0224076
v -0.166354 -0.152958 -0.232288
vn -0.000478282 0.0100408 -0.0233262
v -0.158152 -0.141499 -0.244936
vn -0.00649928 0.0100408 -0.0224076
v -0.158152 -0.141499 -0.244936
vn 0.00649928 -0.0100408 0.0224076
v -0.166354 -0.152958 -0.232288
vn 0.000478282 -0.0100408 0.0233262
v -0.161331 -0.141555 -0.246764
vn 0.00649928 -0.0100408 0.0224076
v -0.177311 -0.16041 -0.218762
vn 0.00606966 0 -0.0246641
v -0.177311 -0.16041 -0.218762
vn -0.00606966 -0 0.0246641
v -0.169368 -0.152786 -0.234369
vn -0.000478282 0.0100408 -0.0233262
v -0.177311 -0.16041 -0.218762
vn 0.00557527 0.0100408 -0.0226552
v -0.177311 -0.16041 -0.218762
vn -0.00557527 -0.0100408 0.0226552
v -0.169368 -0.152786 -0.234369
vn 0.000478282 -0.0100408 0.0233262
v -0.123022 0.0125246 -0.154576
vn -0.0175885 -0 0.0183249
v -0.123022 0.0125246 -0.154576
vn 0.0175885 0 -0.0183249
v -0.0670552 -0.087564 -0.16438
vn 0 -0.0254 0
v -0.0670552 -0.087564 -0.16438
vn 0 0.0254 0
v -0.153267 -0.126811 -0.255843
vn -0.0131483 0 -0.0217321
v -0.153267 -0.126811 -0.255843
vn 0.0131483 0 0.0217321
v -0.104066 -0.124099 -0.113816
vn 0 -0.0254 0
v -0.104066 -0.124099 -0.113816
vn 0 0.0254 0
v -0.174126 -0.0222318 -0.0914912
vn 0.0131483 0 0.0217321
v -0.174126 -0.0222318 -0.0914912
vn -0.0131483 0 -0.0217321
v -0.260338 -0.061479 -0.182954
vn 0.0120773 0.0100408 0.019962
v -0.260338 -0.061479 -0.182954
vn -0.0120773 -0.0100408 -0.019962
v -0.260338 -0.061479 -0.182954
vn 0 0.0254 0
v -0.260338 -0.061479 -0.182954
vn 0 -0.0254 0
v -0.192814 -0.162967 -0.207901
vn 0 0.0254 0
v -0.261472 -0.063136 -0.186023
vn 0 0.0254 0
v -0.261472 -0.063136 -0.186023
vn 0 -0.0254 0
v -0.192814 -0.162967 -0.207901
vn 0 -0.0254 0
v -0.104066 -0.124099 -0.113816
vn 0.0122464 0 -0.0222528
v -0.190278 -0.163347 -0.205279
vn 0.0122464 0 -0.0222528
v -0.190278 -0.163347 -0.205279
vn -0.0122464 -0 0.0222528
v -0.104066 -0.124099 -0.113816
vn -0.0122464 -0 0.0222528
v -0.180105 -0.160089 -0.221114
vn 0.00557527 0.0100408 -0.0226552
v -0.190278 -0.163347 -0.205279
vn 0.0112489 0.0100408 -0.0204402
v -0.190278 -0.163347 -0.205279
vn -0.0112489 -0.0100408 0.0204402
v -0.180105 -0.160089 -0.221114
vn -0.00557527 -0.0100408 0.0226552
v -0.161331 -0.141555 -0.246764
vn 0 0.0254 0
v -0.161331 -0.141555 -0.246764
vn 0 -0.0254 0
v -0.225201 -0.0273313 -0.235575
vn -0.0112489 0.0100408 0.0204402
v -0.225201 -0.0273313 -0.235575
vn 0.0112489 -0.0100408 -0.0204402
v -0.153267 -0.126811 -0.255843
vn 0 0.0254 0
v -0.153267 -0.126811 -0.255843
vn 0 -0.0254 0
v -0.156543 -0.127162 -0.257454
vn -0.0120773 0.0100408 -0.019962
v -0.156543 -0.127162 -0.257454
vn 0.0120773 -0.0100408 0.019962
v -0.209233 -0.0267226 -0.246039
vn -0.0175885 -0 0.0183249
v -0.209233 -0.0267226 -0.246039
vn 0.0175885 0 -0.0183249
v -0.123022 0.0125246 -0.154576
vn 0 -0.0254 0
v -0.123022 0.0125246 -0.154576
vn 0 0.0254 0
v -0.0670552 -0.087564 -0.16438
vn -0.0131483 0 -0.0217321
v -0.0670552 -0.087564 -0.16438
vn 0.0131483 0 0.0217321
v -0.153267 -0.126811 -0.255843
vn -0.0120773 0.0100408 -0.019962
v -0.153267 -0.126811 -0.255843
vn 0.0120773 -0.0100408 0.019962
v -0.174126 -0.0222318 -0.0914912
vn 0 -0.0254 0
v -0.174126 -0.0222318 -0.0914912
vn 0 0.0254 0
v -0.261575 -0.0783918 -0.17453
vn 0.0183249 0 0.0175885
v -0.261575 -0.0783918 -0.17453
vn -0.0183249 0 -0.0175885
v -0.262684 -0.0797109 -0.177768
vn 0.0168324 0.0100408 0.0161559
v -0.262684 -0.0797109 -0.177768
vn -0.0168324 -0.0100408 -0.0161559
v -0.204371 -0.161568 -0.192759
vn 0 0.0254 0
v -0.204371 -0.161568 -0.192759
vn 0 -0.0254 0
v -0.206625 -0.161222 -0.195631
vn 0 0.0254 0
v -0.206625 -0.161222 -0.195631
vn 0 -0.0254 0
v -0.118159 -0.12232 -0.101296
vn 0.0175885 0 -0.0183249
v -0.118159 -0.12232 -0.101296
vn -0.0175885 -0 0.0183249
v -0.192814 -0.162967 -0.207901
vn 0.0112489 0.0100408 -0.0204402
v -0.192814 -0.162967 -0.207901
vn -0.0112489 -0.0100408 0.0204402
v -0.225201 -0.0273313 -0.235575
vn 0 0.0254 0
v -0.225201 -0.0273313 -0.235575
vn 0 -0.0254 0
v -0.209233 -0.0267226 -0.246039
vn -0.0161559 0.0100408 0.0168324
v -0.209233 -0.0267226 -0.246039
vn 0.0161559 -0.0100408 -0.0168324
v -0.209233 -0.0267226 -0.246039
vn 0 0.0254 0
v -0.209233 -0.0267226 -0.246039
vn 0 -0.0254 0
v -0.156543 -0.127162 -0.257454
vn 0 0.0254 0
v -0.156543 -0.127162 -0.257454
vn 0 -0.0254 0
v -0.194975 -0.0330976 -0.256743
vn -0.0217321 -0 0.0131483
v -0.194975 -0.0330976 -0.256743
vn 0.0217321 0 -0.0131483
v -0.0658177 -0.0706512 -0.172804
vn 0 -0.0254 0
v -0.0658177 -0.0706512 -0.172804
vn 0 0.0254 0
v -0.15203 -0.109898 -0.264267
vn -0.0183249 0 -0.0175885
v -0.15203 -0.109898 -0.264267
vn 0.0183249 0 0.0175885
v -0.155331 -0.110587 -0.265709
vn -0.0168324 0.0100408 -0.0161559
v -0.155331 -0.110587 -0.265709
vn 0.0168324 -0.0100408 0.0161559
v -0.118159 -0.12232 -0.101296
vn 0 -0.0254 0
v -0.118159 -0.12232 -0.101296
vn 0 0.0254 0
v -0.175363 -0.0391445 -0.0830674
vn 0.0183249 0 0.0175885
v -0.175363 -0.0391445 -0.0830674
vn -0.0183249 0 -0.0175885
v -0.261575 -0.0783918 -0.17453
vn 0.0168324 0.0100408 0.0161559
v -0.261575 -0.0783918 -0.17453
vn -0.0168324 -0.0100408 -0.0161559
v -0.261575 -0.0783918 -0.17453
vn 0 0.0254 0
v -0.261575 -0.0783918 -0.17453
vn 0 -0.0254 0
v -0.262684 -0.0797109 -0.177768
vn 0 0.0254 0
v -0.262684 -0.0797109 -0.177768
vn 0 -0.0254 0
v -0.204371 -0.161568 -0.192759
vn 0.0175885 0 -0.0183249
v -0.204371 -0.161568 -0.192759
vn -0.0175885 -0 0.0183249
v -0.204371 -0.161568 -0.192759
vn 0.0161559 0.0100408 -0.0168324
v -0.204371 -0.161568 -0.192759
vn -0.0161559 -0.0100408 0.0168324
v -0.206625 -0.161222 -0.195631
vn 0.0161559 0.0100408 -0.0168324
v -0.206625 -0.161222 -0.195631
vn -0.0161559 -0.0100408 0.0168324
v -0.21139 -0.0290755 -0.247845
vn -0.0161559 0.0100408 0.0168324
v -0.21139 -0.0290755 -0.247845
vn 0.0161559 -0.0100408 -0.0168324
v -0.15203 -0.109898 -0.264267
vn 0 0.0254 0
v -0.15203 -0.109898 -0.264267
vn 0 -0.0254 0
v -0.21139 -0.0290755 -0.247845
vn 0 0.0254 0
v -0.21139 -0.0290755 -0.247845
vn 0 -0.0254 0
v -0.108763 0.0061497 -0.16528
vn -0.0217321 -0 0.0131483
v -0.108763 0.0061497 -0.16528
vn 0.0217321 0 -0.0131483
v -0.194975 -0.0330976 -0.256743
vn -0.019962 0.0100408 0.0120773
v -0.194975 -0.0330976 -0.256743
vn 0.019962 -0.0100408 -0.0120773
v -0.194975 -0.0330976 -0.256743
vn 0 0.0254 0
v -0.194975 -0.0330976 -0.256743
vn 0 -0.0254 0
v -0.108763 0.0061497 -0.16528
vn 0 -0.0254 0
v -0.108763 0.0061497 -0.16528
vn 0 0.0254 0
v -0.0658177 -0.0706512 -0.172804
vn -0.0183249 0 -0.0175885
v -0.0658177 -0.0706512 -0.172804
vn 0.0183249 0 0.0175885
v -0.15203 -0.109898 -0.264267
vn -0.0168324 0.0100408 -0.0161559
v -0.15203 -0.109898 -0.264267
vn 0.0168324 -0.0100408 0.0161559
v -0.155331 -0.110587 -0.265709
vn 0 0.0254 0
v -0.155331 -0.110587 -0.265709
vn 0 -0.0254 0
v -0.175363 -0.0391445 -0.0830674
vn 0 -0.0254 0
v -0.175363 -0.0391445 -0.0830674
vn 0 0.0254 0
v -0.172867 -0.0571313 -0.077702
vn 0.0222528 0 0.0122464
v -0.172867 -0.0571313 -0.077702
vn -0.0222528 0 -0.0122464
v -0.259079 -0.0963786 -0.169165
vn 0.0204402 0.0100408 0.0112489
v -0.259079 -0.0963786 -0.169165
vn -0.0204402 -0.0100408 -0.0112489
v -0.21863 -0.155193 -0.182054
vn 0 0.0254 0
v -0.21863 -0.155193 -0.182054
vn 0 -0.0254 0
v -0.220599 -0.154976 -0.185141
vn 0 0.0254 0
v -0.220599 -0.154976 -0.185141
vn 0 -0.0254 0
v -0.21863 -0.155193 -0.182054
vn 0.0217321 0 -0.0131483
v -0.21863 -0.155193 -0.182054
vn -0.0217321 -0 0.0131483
v -0.21863 -0.155193 -0.182054
vn 0.019962 0.0100408 -0.0120773
v -0.21863 -0.155193 -0.182054
vn -0.019962 -0.0100408 0.0120773
v -0.181521 -0.0436323 -0.264903
vn -0.0243946 -0 0.00707558
v -0.181521 -0.0436323 -0.264903
vn 0.0243946 0 -0.00707558
v -0.197416 -0.0353223 -0.258336
vn -0.019962 0.0100408 0.0120773
v -0.197416 -0.0353223 -0.258336
vn 0.019962 -0.0100408 -0.0120773
v -0.154526 -0.0919116 -0.269632
vn 0 0.0254 0
v -0.154526 -0.0919116 -0.269632
vn 0 -0.0254 0
v -0.0683138 -0.0526644 -0.178169
vn 0 -0.0254 0
v -0.0683138 -0.0526644 -0.178169
vn 0 0.0254 0
v -0.0683138 -0.0526644 -0.178169
vn -0.0222528 0 -0.0122464
v -0.0683138 -0.0526644 -0.178169
vn 0.0222528 0 0.0122464
v -0.154526 -0.0919116 -0.269632
vn -0.0204402 0.0100408 -0.0112489
v -0.154526 -0.0919116 -0.269632
vn 0.0204402 -0.0100408 0.0112489
v -0.197416 -0.0353223 -0.258336
vn 0 0.0254 0
v -0.197416 -0.0353223 -0.258336
vn 0 -0.0254 0
v -0.132418 -0.115945 -0.0905913
vn 0 -0.0254 0
v -0.132418 -0.115945 -0.0905913
vn 0 0.0254 0
v -0.259079 -0.0963786 -0.169165
vn 0.0222528 0 0.0122464
v -0.259079 -0.0963786 -0.169165
vn -0.0222528 0 -0.0122464
v -0.172867 -0.0571313 -0.077702
vn 0 -0.0254 0
v -0.172867 -0.0571313 -0.077702
vn 0 0.0254 0
v -0.260239 -0.0973374 -0.172509
vn 0.0204402 0.0100408 0.0112489
v -0.260239 -0.0973374 -0.172509
vn -0.0204402 -0.0100408 -0.0112489
v -0.259079 -0.0963786 -0.169165
vn 0 0.0254 0
v -0.259079 -0.0963786 -0.169165
vn 0 -0.0254 0
v -0.260239 -0.0973374 -0.172509
vn 0 0.0254 0
v -0.260239 -0.0973374 -0.172509
vn 0 -0.0254 0
v -0.220599 -0.154976 -0.185141
vn 0.019962 0.0100408 -0.0120773
v -0.220599 -0.154976 -0.185141
vn -0.019962 -0.0100408 0.0120773
v -0.132418 -0.115945 -0.0905913
vn 0.0217321 0 -0.0131483
v -0.132418 -0.115945 -0.0905913
vn -0.0217321 -0 0.0131483
v -0.0953096 -0.00438504 -0.17344
vn -0.0243946 -0 0.00707558
v -0.0953096 -0.00438504 -0.17344
vn 0.0243946 0 -0.00707558
v -0.181521 -0.0436323 -0.264903
vn -0.0224076 0.0100408 0.00649928
v -0.181521 -0.0436323 -0.264903
vn 0.0224076 -0.0100408 -0.00649928
v -0.181521 -0.0436323 -0.264903
vn 0 0.0254 0
v -0.181521 -0.0436323 -0.264903
vn 0 -0.0254 0
v -0.154526 -0.0919116 -0.269632
vn -0.0222528 0 -0.0122464
v -0.154526 -0.0919116 -0.269632
vn 0.0222528 0 0.0122464
v -0.0953096 -0.00438504 -0.17344
vn 0 -0.0254 0
v -0.0953096 -0.00438504 -0.17344
vn 0 0.0254 0
v -0.157776 -0.0929606 -0.270967
vn -0.0204402 0.0100408 -0.0112489
v -0.157776 -0.0929606 -0.270967
vn 0.0204402 -0.0100408 0.0112489
v -0.157776 -0.0929606 -0.270967
vn 0 0.0254 0
v -0.157776 -0.0929606 -0.270967
vn 0 -0.0254 0
v -0.166809 -0.074966 -0.0757594
vn 0.0246641 0 0.00606966
v -0.166809 -0.074966 -0.0757594
vn -0.0246641 0 -0.00606966
v -0.145871 -0.105411 -0.0824309
vn 0 -0.0254 0
v -0.145871 -0.105411 -0.0824309
vn 0 0.0254 0
v -0.253021 -0.114213 -0.167222
vn 0.0226552 0.0100408 0.00557527
v -0.253021 -0.114213 -0.167222
vn -0.0226552 -0.0100408 -0.00557527
v -0.232083 -0.144658 -0.173894
vn 0 0.0254 0
v -0.232083 -0.144658 -0.173894
vn 0 -0.0254 0
v -0.233782 -0.144651 -0.177144
vn 0 0.0254 0
v -0.233782 -0.144651 -0.177144
vn 0 -0.0254 0
v -0.232083 -0.144658 -0.173894
vn 0.0224076 0.0100408 -0.00649928
v -0.232083 -0.144658 -0.173894
vn -0.0224076 -0.0100408 0.00649928
v -0.232083 -0.144658 -0.173894
vn 0.0243946 0 -0.00707558
v -0.232083 -0.144658 -0.173894
vn -0.0243946 -0 0.00707558
v -0.169792 -0.0576101 -0.269962
vn -0.0253947 -0 0.0005207
v -0.169792 -0.0576101 -0.269962
vn 0.0253947 0 -0.0005207
v -0.184233 -0.0456467 -0.266332
vn -0.0224076 0.0100408 0.00649928
v -0.184233 -0.0456467 -0.266332
vn 0.0224076 -0.0100408 -0.00649928
v -0.160584 -0.074077 -0.271575
vn 0 0.0254 0
v -0.160584 -0.074077 -0.271575
vn 0 -0.0254 0
v -0.074372 -0.0348297 -0.180112
vn -0.0246641 0 -0.00606966
v -0.074372 -0.0348297 -0.180112
vn 0.0246641 0 0.00606966
v -0.074372 -0.0348297 -0.180112
vn 0 -0.0254 0
v -0.074372 -0.0348297 -0.180112
vn 0 0.0254 0
v -0.160584 -0.074077 -0.271575
vn -0.0226552 0.0100408 -0.00557527
v -0.160584 -0.074077 -0.271575
vn 0.0226552 -0.0100408 0.00557527
v -0.184233 -0.0456467 -0.266332
vn 0 0.0254 0
v -0.184233 -0.0456467 -0.266332
vn 0 -0.0254 0
v -0.253021 -0.114213 -0.167222
vn 0.0246641 0 0.00606966
v -0.253021 -0.114213 -0.167222
vn -0.0246641 0 -0.00606966
v -0.166809 -0.074966 -0.0757594
vn 0 -0.0254 0
v -0.166809 -0.074966 -0.0757594
vn 0 0.0254 0
v -0.145871 -0.105411 -0.0824309
vn 0.0243946 0 -0.00707558
v -0.145871 -0.105411 -0.0824309
vn -0.0243946 -0 0.00707558
v -0.254302 -0.114816 -0.170605
vn 0.0226552 0.0100408 0.00557527
v -0.254302 -0.114816 -0.170605
vn -0.0226552 -0.0100408 -0.00557527
v -0.253021 -0.114213 -0.167222
vn 0 0.0254 0
v -0.253021 -0.114213 -0.167222
vn 0 -0.0254 0
v -0.254302 -0.114816 -0.170605
vn 0 0.0254 0
v -0.254302 -0.114816 -0.170605
vn 0 -0.0254 0
v -0.233782 -0.144651 -0.177144
vn 0.0224076 0.0100408 -0.00649928
v -0.233782 -0.144651 -0.177144
vn -0.0224076 -0.0100408 0.00649928
v -0.0835799 -0.0183629 -0.178499
vn -0.0253947 -0 0.0005207
v -0.0835799 -0.0183629 -0.178499
vn 0.0253947 0 -0.0005207
v -0.169792 -0.0576101 -0.269962
vn -0.0233262 0.0100408 0.000478282
v -0.169792 -0.0576101 -0.269962
vn 0.0233262 -0.0100408 -0.000478282
v -0.169792 -0.0576101 -0.269962
vn 0 0.0254 0
v -0.169792 -0.0576101 -0.269962
vn 0 -0.0254 0
v -0.160584 -0.074077 -0.271575
vn -0.0246641 0 -0.00606966
v -0.160584 -0.074077 -0.271575
vn 0.0246641 0 0.00606966
v -0.0835799 -0.0183629 -0.178499
vn 0 -0.0254 0
v -0.0835799 -0.0183629 -0.178499
vn 0 0.0254 0
v -0.163713 -0.0754816 -0.272871
vn -0.0226552 0.0100408 -0.00557527
v -0.163713 -0.0754816 -0.272871
vn 0.0226552 -0.0100408 0.00557527
v -0.163713 -0.0754816 -0.272871
vn 0 0.0254 0
v -0.163713 -0.0754816 -0.272871
vn 0 -0.0254 0
v -0.157601 -0.0914329 -0.0773726
vn 0.0253947 0 -0.0005207
v -0.157601 -0.0914329 -0.0773726
vn -0.0253947 -0 0.0005207
v -0.157601 -0.0914329 -0.0773726
vn 0 -0.0254 0
v -0.157601 -0.0914329 -0.0773726
vn 0 0.0254 0
v -0.243813 -0.13068 -0.168836
vn 0.0253947 0 -0.0005207
v -0.243813 -0.13068 -0.168836
vn -0.0253947 -0 0.0005207
v -0.243813 -0.13068 -0.168836
vn 0.0233262 0.0100408 -0.000478282
v -0.243813 -0.13068 -0.168836
vn -0.0233262 -0.0100408 0.000478282
v -0.243813 -0.13068 -0.168836
vn 0 0.0254 0
v -0.243813 -0.13068 -0.168836
vn 0 -0.0254 0
v -0.245278 -0.130953 -0.172186
vn 0 0.0254 0
v -0.245278 -0.130953 -0.172186
vn 0 -0.0254 0
v -0.172737 -0.0593447 -0.27129
vn -0.0233262 0.0100408 0.000478282
v -0.172737 -0.0593447 -0.27129
vn 0.0233262 -0.0100408 -0.000478282
v -0.172737 -0.0593447 -0.27129
vn 0 0.0254 0
v -0.172737 -0.0593447 -0.27129
vn 0 -0.0254 0
v -0.245278 -0.130953 -0.172186
vn 0.0233262 0.0100408 -0.000478282
v -0.245278 -0.130953 -0.172186
vn -0.0233262 -0.0100408 0.000478282
v 0.270861 0.168403 0.459392
vn 0.024856 0 0.00522859
v 0.171696 0.159264 0.36722
vn 0.0241815 0 0.00777263
v 0.257907 0.198511 0.458683
vn 0.0241815 0 0.00777263
v 0.184649 0.129156 0.367929
vn 0.024856 0 0.00522859
v 0.257907 0.198511 0.458683
vn -0.0241815 0 -0.00777263
v 0.171696 0.159264 0.36722
vn -0.0241815 0 -0.00777263
v 0.270861 0.168403 0.459392
vn -0.024856 0 -0.00522859
v 0.184649 0.129156 0.367929
vn -0.024856 0 -0.00522859
v 0.160997 0.190092 0.364075
vn 0.0232474 0 0.0102332
v 0.160997 0.190092 0.364075
vn -0.0232474 0 -0.0102332
v 0.257907 0.198511 0.458683
vn 0.0170874 -0.0179726 0.00549239
v 0.321368 0.192343 0.458381
vn 0.017564 -0.0179726 0.00369468
v 0.270861 0.168403 0.459392
vn 0.017564 -0.0179726 0.00369468
v 0.270861 0.168403 0.459392
vn -0.017564 0.0179726 -0.00369468
v 0.321368 0.192343 0.458381
vn -0.017564 0.0179726 -0.00369468
v 0.257907 0.198511 0.458683
vn -0.0170874 0.0179726 -0.00549239
v 0.285931 0.13934 0.457658
vn 0.0252636 0 0.00262842
v 0.285931 0.13934 0.457658
vn -0.0252636 0 -0.00262842
v 0.184649 0.129156 0.367929
vn 0.0198752 0.0152531 0.00418084
v 0.167585 0.155615 0.334747
vn 0.0193359 0.0152531 0.0062151
v 0.171696 0.159264 0.36722
vn 0.0193359 0.0152531 0.0062151
v 0.171696 0.159264 0.36722
vn -0.0193359 -0.0152531 -0.0062151
v 0.167585 0.155615 0.334747
vn -0.0193359 -0.0152531 -0.0062151
v 0.184649 0.129156 0.367929
vn -0.0198752 -0.0152531 -0.00418084
v 0.247209 0.229339 0.455538
vn 0.0232474 0 0.0102332
v 0.247209 0.229339 0.455538
vn -0.0232474 0 -0.0102332
v 0.157555 0.184516 0.331799
vn 0.0185889 0.0152531 0.00818261
v 0.160997 0.190092 0.364075
vn 0.0185889 0.0152531 0.00818261
v 0.160997 0.190092 0.364075
vn -0.0185889 -0.0152531 -0.00818261
v 0.157555 0.184516 0.331799
vn -0.0185889 -0.0152531 -0.00818261
v 0.310034 0.218685 0.457761
vn 0.0170874 -0.0179726 0.00549239
v 0.310034 0.218685 0.457761
vn -0.0170874 0.0179726 -0.00549239
v 0.334555 0.166912 0.456864
vn 0.0178521 -0.0179726 0.00185732
v 0.334555 0.166912 0.456864
vn -0.0178521 0.0179726 -0.00185732
v 0.199719 0.100093 0.366195
vn 0.0252636 0 0.00262842
v 0.199719 0.100093 0.366195
vn -0.0252636 0 -0.00262842
v 0.285931 0.13934 0.457658
vn 0.0178521 -0.0179726 0.00185732
v 0.285931 0.13934 0.457658
vn -0.0178521 0.0179726 -0.00185732
v 0.179729 0.127388 0.335412
vn 0.0198752 0.0152531 0.00418084
v 0.179729 0.127388 0.335412
vn -0.0198752 -0.0152531 -0.00418084
v 0.152669 0.221312 0.358529
vn 0.0220637 0 0.0125839
v 0.152669 0.221312 0.358529
vn -0.0220637 0 -0.0125839
v 0.247209 0.229339 0.455538
vn 0.0164273 -0.0179726 0.00723113
v 0.247209 0.229339 0.455538
vn -0.0164273 0.0179726 -0.00723113
v 0.149748 0.213783 0.326599
vn 0.0176424 0.0152531 0.0100623
v 0.149748 0.213783 0.326599
vn -0.0176424 -0.0152531 -0.0100623
v 0.310034 0.218685 0.457761
vn 0 -0.0254 0
v 0.402721 0.0795896 0.430082
vn 0 -0.0254 0
v 0.321368 0.192343 0.458381
vn 0 -0.0254 0
v 0.321368 0.192343 0.458381
vn 0 0.0254 0
v 0.402721 0.0795896 0.430082
vn 0 0.0254 0
v 0.310034 0.218685 0.457761
vn 0 0.0254 0
v 0.365898 0.119876 0.447504
vn 0 -0.0254 0
v 0.334555 0.166912 0.456864
vn 0 -0.0254 0
v 0.334555 0.166912 0.456864
vn 0 0.0254 0
v 0.365898 0.119876 0.447504
vn 0 0.0254 0
v 0.302957 0.111634 0.453499
vn 0.0254 0 0
v 0.302957 0.111634 0.453499
vn -0.0254 -0 0
v 0.199719 0.100093 0.366195
vn 0.0202011 0.0152531 0.0021017
v 0.199719 0.100093 0.366195
vn -0.0202011 -0.0152531 -0.0021017
v 0.349451 0.14267 0.453225
vn 0.0179484 -0.0179726 0
v 0.349451 0.14267 0.453225
vn -0.0179484 0.0179726 0
v -0.027179 0.0331947 0.115901
vn 0.024856 0 0.00522859
v 0.167585 0.155615 0.334747
vn 0.0241815 0 0.00777263
v 0.179729 0.127388 0.335412
vn 0.024856 0 0.00522859
v 0.179729 0.127388 0.335412
vn -0.024856 0 -0.00522859
v 0.167585 0.155615 0.334747
vn -0.0241815 0 -0.00777263
v -0.027179 0.0331947 0.115901
vn -0.024856 0 -0.00522859
v -0.0393235 0.0614213 0.115236
vn 0.0241815 0 0.00777263
v 0.157555 0.184516 0.331799
vn 0.0232474 0 0.0102332
v 0.157555 0.184516 0.331799
vn -0.0232474 0 -0.0102332
v -0.0393235 0.0614213 0.115236
vn -0.0241815 0 -0.00777263
v 0.238881 0.260559 0.449992
vn 0.0220637 0 0.0125839
v 0.238881 0.260559 0.449992
vn -0.0220637 0 -0.0125839
v 0.152669 0.221312 0.358529
vn 0.0176424 0.0152531 0.0100623
v 0.152669 0.221312 0.358529
vn -0.0176424 -0.0152531 -0.0100623
v 0.300673 0.24566 0.455009
vn 0.0164273 -0.0179726 0.00723113
v 0.300673 0.24566 0.455009
vn -0.0164273 0.0179726 -0.00723113
v -0.0493531 0.0903226 0.112288
vn 0.0232474 0 0.0102332
v 0.149748 0.213783 0.326599
vn 0.0220637 0 0.0125839
v 0.149748 0.213783 0.326599
vn -0.0220637 0 -0.0125839
v -0.0493531 0.0903226 0.112288
vn -0.0232474 0 -0.0102332
v 0.300673 0.24566 0.455009
vn 0 -0.0254 0
v 0.300673 0.24566 0.455009
vn 0 0.0254 0
v 0.383719 0.0987727 0.439762
vn 0 -0.0254 0
v 0.383719 0.0987727 0.439762
vn 0 0.0254 0
v 0.349451 0.14267 0.453225
vn 0 -0.0254 0
v 0.349451 0.14267 0.453225
vn 0 0.0254 0
v 0.216745 0.0723868 0.362036
vn 0.0254 0 0
v 0.216745 0.0723868 0.362036
vn -0.0254 -0 0
v 0.302957 0.111634 0.453499
vn 0.0179484 -0.0179726 0
v 0.302957 0.111634 0.453499
vn -0.0179484 0.0179726 0
v 0.193857 0.100142 0.333786
vn 0.0202011 0.0152531 0.0021017
v 0.193857 0.100142 0.333786
vn -0.0202011 -0.0152531 -0.0021017
v -0.0130511 0.005949 0.114275
vn 0.0252636 0 0.00262842
v -0.0130511 0.005949 0.114275
vn -0.0252636 0 -0.00262842
v 0.146801 0.252587 0.35064
vn 0.0213821 0 0.0137102
v 0.146801 0.252587 0.35064
vn -0.0213821 0 -0.0137102
v 0.238881 0.260559 0.449992
vn 0.0155909 -0.0179726 0.00889221
v 0.238881 0.260559 0.449992
vn -0.0155909 0.0179726 -0.00889221
v 0.145995 0.23378 0.321556
vn 0.0171056 0.01524 0.0109681
v 0.145995 0.23378 0.321556
vn -0.0171056 -0.01524 -0.0109681
v -0.0571604 0.11959 0.107088
vn 0.0220637 0 0.0125839
v -0.0571604 0.11959 0.107088
vn -0.0220637 0 -0.0125839
v 0.422703 0.06253 0.418568
vn 0 -0.0254 0
v 0.422703 0.06253 0.418568
vn 0 0.0254 0
v 0.363839 0.0395393 0.427049
vn 0.0170874 -0.0179726 -0.00549239
v 0.383719 0.0987727 0.439762
vn 0.017564 -0.0179726 -0.00369468
v 0.402721 0.0795896 0.430082
vn 0.0170874 -0.0179726 -0.00549239
v 0.402721 0.0795896 0.430082
vn -0.0170874 0.0179726 0.00549239
v 0.383719 0.0987727 0.439762
vn -0.017564 0.0179726 0.00369468
v 0.363839 0.0395393 0.427049
vn -0.0170874 0.0179726 0.00549239
v 0.34212 0.0614642 0.438112
vn 0.017564 -0.0179726 -0.00369468
v 0.365898 0.119876 0.447504
vn 0.0178521 -0.0179726 -0.00185732
v 0.365898 0.119876 0.447504
vn -0.0178521 0.0179726 0.00185732
v 0.34212 0.0614642 0.438112
vn -0.017564 0.0179726 0.00369468
v 0.321753 0.0855816 0.446961
vn 0.0178521 -0.0179726 -0.00185732
v 0.321753 0.0855816 0.446961
vn -0.0178521 0.0179726 0.00185732
v 0.321753 0.0855816 0.446961
vn 0.0252636 0 -0.00262842
v 0.321753 0.0855816 0.446961
vn -0.0252636 -0 0.00262842
v 0.216745 0.0723868 0.362036
vn 0.0203102 0.0152531 0
v 0.216745 0.0723868 0.362036
vn -0.0203102 -0.0152531 0
v 0.193857 0.100142 0.333786
vn 0.0252636 0 0.00262842
v 0.193857 0.100142 0.333786
vn -0.0252636 0 -0.00262842
v 0.0599861 -0.0876131 0.0855791
vn 0 0.0254 0
v -0.0393235 0.0614213 0.115236
vn 0 0.0254 0
v -0.027179 0.0331947 0.115901
vn 0 0.0254 0
v -0.027179 0.0331947 0.115901
vn 0 -0.0254 0
v -0.0393235 0.0614213 0.115236
vn 0 -0.0254 0
v 0.0599861 -0.0876131 0.0855791
vn 0 -0.0254 0
v -0.0567436 0.0192636 0.111832
vn 0.0198752 -0.0152531 0.00418084
v -0.0393235 0.0614213 0.115236
vn 0.0193359 -0.0152531 0.0062151
v -0.027179 0.0331947 0.115901
vn 0.0198752 -0.0152531 0.00418084
v -0.027179 0.0331947 0.115901
vn -0.0198752 0.0152531 -0.00418084
v -0.0393235 0.0614213 0.115236
vn -0.0193359 0.0152531 -0.0062151
v -0.0567436 0.0192636 0.111832
vn -0.0198752 0.0152531 -0.00418084
v 0.0396247 -0.0670581 0.0959512
vn 0 0.0254 0
v -0.0130511 0.005949 0.114275
vn 0 0.0254 0
v -0.0130511 0.005949 0.114275
vn 0 -0.0254 0
v 0.0396247 -0.0670581 0.0959512
vn 0 -0.0254 0
v -0.0416737 -0.00979945 0.110099
vn 0.0202011 -0.0152531 0.0021017
v -0.0130511 0.005949 0.114275
vn 0.0202011 -0.0152531 0.0021017
v -0.0130511 0.005949 0.114275
vn -0.0202011 0.0152531 -0.0021017
v -0.0416737 -0.00979945 0.110099
vn -0.0202011 0.0152531 -0.0021017
v -0.0493531 0.0903226 0.112288
vn 0 0.0254 0
v -0.0493531 0.0903226 0.112288
vn 0 -0.0254 0
v -0.0696975 0.0493714 0.111123
vn 0.0193359 -0.0152531 0.0062151
v -0.0493531 0.0903226 0.112288
vn 0.0185889 -0.0152531 0.00818261
v -0.0493531 0.0903226 0.112288
vn -0.0185889 0.0152531 -0.00818261
v -0.0696975 0.0493714 0.111123
vn -0.0193359 0.0152531 -0.0062151
v 0.233012 0.291834 0.442103
vn 0.0213821 0 0.0137102
v 0.233012 0.291834 0.442103
vn -0.0213821 0 -0.0137102
v 0.146801 0.252587 0.35064
vn 0.0171056 0.01524 0.0109681
v 0.146801 0.252587 0.35064
vn -0.0171056 -0.01524 -0.0109681
v 0.293386 0.272976 0.450156
vn 0.0155909 -0.0179726 0.00889221
v 0.293386 0.272976 0.450156
vn -0.0155909 0.0179726 -0.00889221
v 0.145995 0.23378 0.321556
vn 0.0213821 0 0.0137102
v 0.145995 0.23378 0.321556
vn -0.0213821 0 -0.0137102
v 0.103621 -0.121696 0.0590743
vn 0 0.0254 0
v -0.0571604 0.11959 0.107088
vn 0 0.0254 0
v -0.0571604 0.11959 0.107088
vn 0 -0.0254 0
v 0.103621 -0.121696 0.0590743
vn 0 -0.0254 0
v -0.0803961 0.0801998 0.107979
vn 0.0185889 -0.0152531 0.00818261
v -0.0571604 0.11959 0.107088
vn 0.0176424 -0.0152531 0.0100623
v -0.0571604 0.11959 0.107088
vn -0.0176424 0.0152531 -0.0100623
v -0.0803961 0.0801998 0.107979
vn -0.0185889 0.0152531 -0.00818261
v 0.443447 0.0477786 0.405344
vn 0 -0.0254 0
v 0.443447 0.0477786 0.405344
vn 0 0.0254 0
v 0.386674 0.0200426 0.41389
vn 0.0164273 -0.0179726 -0.00723113
v 0.422703 0.06253 0.418568
vn 0.0164273 -0.0179726 -0.00723113
v 0.422703 0.06253 0.418568
vn -0.0164273 0.0179726 0.00723113
v 0.386674 0.0200426 0.41389
vn -0.0164273 0.0179726 0.00723113
v 0.235542 0.0463344 0.355498
vn 0.0252636 0 -0.00262842
v 0.235542 0.0463344 0.355498
vn -0.0252636 -0 0.00262842
v 0.209818 0.0741685 0.329887
vn 0.0203102 0.0152531 0
v 0.209818 0.0741685 0.329887
vn -0.0203102 -0.0152531 0
v 0.0029098 -0.0200249 0.110376
vn 0.0254 0 0
v 0.0029098 -0.0200249 0.110376
vn -0.0254 -0 0
v 0.0205314 -0.0444483 0.104246
vn 0 0.0254 0
v 0.0205314 -0.0444483 0.104246
vn 0 -0.0254 0
v -0.0246483 -0.0375055 0.10594
vn 0.0203102 -0.0152531 0
v -0.0246483 -0.0375055 0.10594
vn -0.0203102 0.0152531 0
v 0.0813944 -0.105891 0.073243
vn 0 0.0254 0
v 0.0813944 -0.105891 0.073243
vn 0 -0.0254 0
v 0.146801 0.252587 0.35064
vn 0 0 0.0254
v 0.281087 0.336719 0.377528
vn 0 0 0.0254
v 0.233012 0.291834 0.442103
vn 0 0 0.0254
v 0.233012 0.291834 0.442103
vn 0 0 -0.0254
v 0.281087 0.336719 0.377528
vn 0 0 -0.0254
v 0.146801 0.252587 0.35064
vn 0 0 -0.0254
v 0.233012 0.291834 0.442103
vn 0.0151194 -0.0179605 0.00969454
v 0.233012 0.291834 0.442103
vn -0.0151194 0.0179605 -0.00969454
v 0.145995 0.23378 0.321556
vn 0 0.01524 0.02032
v 0.194875 0.297471 0.286065
vn 0 0.01524 0.02032
v 0.146801 0.252587 0.35064
vn 0 0.01524 0.02032
v 0.146801 0.252587 0.35064
vn 0 -0.01524 -0.02032
v 0.194875 0.297471 0.286065
vn 0 -0.01524 -0.02032
v 0.145995 0.23378 0.321556
vn 0 -0.01524 -0.02032
v 0.293386 0.272976 0.450156
vn 0 -0.0254 0
v 0.293386 0.272976 0.450156
vn 0 0.0254 0
v -0.0609129 0.139587 0.102044
vn 0.0213821 0 0.0137102
v -0.0609129 0.139587 0.102044
vn -0.0213821 0 -0.0137102
v -0.0609129 0.139587 0.102044
vn 0 0.0254 0
v -0.0609129 0.139587 0.102044
vn 0 -0.0254 0
v -0.0887242 0.111419 0.102432
vn 0.0176424 -0.0152531 0.0100623
v -0.0887242 0.111419 0.102432
vn -0.0176424 0.0152531 -0.0100623
v 0.410384 0.00318352 0.398776
vn 0.0155909 -0.0179726 -0.00889221
v 0.443447 0.0477786 0.405344
vn 0.0155909 -0.0179726 -0.00889221
v 0.443447 0.0477786 0.405344
vn -0.0155909 0.0179726 0.00889221
v 0.410384 0.00318352 0.398776
vn -0.0155909 0.0179726 0.00889221
v 0.363839 0.0395393 0.427049
vn 0.0241815 0 -0.00777263
v 0.255909 0.022217 0.346649
vn 0.024856 0 -0.00522859
v 0.34212 0.0614642 0.438112
vn 0.024856 0 -0.00522859
v 0.34212 0.0614642 0.438112
vn -0.024856 -0 0.00522859
v 0.255909 0.022217 0.346649
vn -0.024856 -0 0.00522859
v 0.363839 0.0395393 0.427049
vn -0.0241815 -0 0.00777263
v 0.386674 0.0200426 0.41389
vn 0.0232474 0 -0.0102332
v 0.277627 0.000292092 0.335586
vn 0.0241815 0 -0.00777263
v 0.277627 0.000292092 0.335586
vn -0.0241815 -0 0.00777263
v 0.386674 0.0200426 0.41389
vn -0.0232474 -0 0.0102332
v 0.235542 0.0463344 0.355498
vn 0.0202011 0.0152531 -0.0021017
v 0.235542 0.0463344 0.355498
vn -0.0202011 -0.0152531 0.0021017
v 0.209818 0.0741685 0.329887
vn 0.0254 0 0
v 0.209818 0.0741685 0.329887
vn -0.0254 -0 0
v 0.0029098 -0.0200249 0.110376
vn 0 0.0254 0
v 0.0029098 -0.0200249 0.110376
vn 0 -0.0254 0
v 0.0029098 -0.0200249 0.110376
vn 0.0203102 -0.0152531 0
v 0.0029098 -0.0200249 0.110376
vn -0.0203102 0.0152531 0
v 0.246533 0.0271353 0.315462
vn 0.024856 0 -0.00522859
v 0.0599861 -0.0876131 0.0855791
vn 0.0241815 0 -0.00777263
v 0.0396247 -0.0670581 0.0959512
vn 0.024856 0 -0.00522859
v 0.0396247 -0.0670581 0.0959512
vn -0.024856 -0 0.00522859
v 0.0599861 -0.0876131 0.0855791
vn -0.0241815 -0 0.00777263
v 0.246533 0.0271353 0.315462
vn -0.024856 -0 0.00522859
v 0.0599861 -0.0876131 0.0855791
vn 0.0193359 -0.0152531 -0.0062151
v 0.0145155 -0.0876753 0.0905526
vn 0.0198752 -0.0152531 -0.00418084
v 0.0396247 -0.0670581 0.0959512
vn 0.0198752 -0.0152531 -0.00418084
v 0.0396247 -0.0670581 0.0959512
vn -0.0198752 0.0152531 0.00418084
v 0.0145155 -0.0876753 0.0905526
vn -0.0198752 0.0152531 0.00418084
v 0.0599861 -0.0876131 0.0855791
vn -0.0193359 0.0152531 0.0062151
v -0.0567436 0.0192636 0.111832
vn 0.024856 0 0.00522859
v -0.155909 0.0101242 0.0196602
vn 0.0241815 0 0.00777263
v -0.0696975 0.0493714 0.111123
vn 0.0241815 0 0.00777263
v -0.0696975 0.0493714 0.111123
vn -0.0241815 0 -0.00777263
v -0.155909 0.0101242 0.0196602
vn -0.0241815 0 -0.00777263
v -0.0567436 0.0192636 0.111832
vn -0.024856 0 -0.00522859
v -0.0416737 -0.00979945 0.110099
vn 0.0252636 0 0.00262842
v -0.142955 -0.0199837 0.0203695
vn 0.024856 0 0.00522859
v -0.142955 -0.0199837 0.0203695
vn -0.024856 0 -0.00522859
v -0.0416737 -0.00979945 0.110099
vn -0.0252636 0 -0.00262842
v 0.22744 0.0497451 0.323758
vn 0.0252636 0 -0.00262842
v 0.0205314 -0.0444483 0.104246
vn 0.0252636 0 -0.00262842
v 0.0205314 -0.0444483 0.104246
vn -0.0252636 -0 0.00262842
v 0.22744 0.0497451 0.323758
vn -0.0252636 -0 0.00262842
v -0.00585158 -0.0635579 0.0994014
vn 0.0202011 -0.0152531 -0.0021017
v 0.0205314 -0.0444483 0.104246
vn 0.0202011 -0.0152531 -0.0021017
v 0.0205314 -0.0444483 0.104246
vn -0.0202011 0.0152531 0.0021017
v -0.00585158 -0.0635579 0.0994014
vn -0.0202011 0.0152531 0.0021017
v -0.0246483 -0.0375055 0.10594
vn 0.0254 0 0
v -0.127886 -0.0490467 0.0186359
vn 0.0252636 0 0.00262842
v -0.127886 -0.0490467 0.0186359
vn -0.0252636 0 -0.00262842
v -0.0246483 -0.0375055 0.10594
vn -0.0254 -0 0
v 0.266894 0.00658033 0.30509
vn 0.0241815 0 -0.00777263
v 0.0813944 -0.105891 0.073243
vn 0.0232474 0 -0.0102332
v 0.0813944 -0.105891 0.073243
vn -0.0232474 -0 0.0102332
v 0.266894 0.00658033 0.30509
vn -0.0241815 -0 0.00777263
v 0.0813944 -0.105891 0.073243
vn 0.0185889 -0.0152531 -0.00818261
v 0.0362339 -0.1096 0.0794892
vn 0.0193359 -0.0152531 -0.0062151
v 0.0362339 -0.1096 0.0794892
vn -0.0193359 0.0152531 0.0062151
v 0.0813944 -0.105891 0.073243
vn -0.0185889 0.0152531 0.00818261
v -0.166608 0.0409525 0.0165159
vn 0.0232474 0 0.0102332
v -0.0803961 0.0801998 0.107979
vn 0.0232474 0 0.0102332
v -0.0803961 0.0801998 0.107979
vn -0.0232474 0 -0.0102332
v -0.166608 0.0409525 0.0165159
vn -0.0232474 0 -0.0102332
v 0.194875 0.297471 0.286065
vn 0 0 0.0254
v 0.194875 0.297471 0.286065
vn 0 0 -0.0254
v 0.317297 0.305544 0.413643
vn 0 -0.0179605 0.0179605
v 0.233012 0.291834 0.442103
vn 0 -0.0179605 0.0179605
v 0.281087 0.336719 0.377528
vn 0 -0.0179605 0.0179605
v 0.281087 0.336719 0.377528
vn 0 0.0179605 -0.0179605
v 0.233012 0.291834 0.442103
vn 0 0.0179605 -0.0179605
v 0.317297 0.305544 0.413643
vn 0 0.0179605 -0.0179605
v 0.291751 0.281693 0.447958
vn 0.0151194 -0.0179605 0.00969454
v 0.291751 0.281693 0.447958
vn -0.0151194 0.0179605 -0.00969454
v 0.182806 0.268148 0.272111
vn 0 0.01524 0.02032
v 0.182806 0.268148 0.272111
vn 0 -0.01524 -0.02032
v 0.450228 0.0438652 0.400632
vn 0 -0.0254 0
v 0.450228 0.0438652 0.400632
vn 0 0.0254 0
v -0.0609129 0.139587 0.102044
vn 0.0171056 -0.01524 0.0109681
v -0.0609129 0.139587 0.102044
vn -0.0171056 0.01524 -0.0109681
v -0.0609129 0.139587 0.102044
vn 0 0 0.0254
v 0.182806 0.268148 0.272111
vn 0 0 0.0254
v 0.145995 0.23378 0.321556
vn 0 0 0.0254
v 0.145995 0.23378 0.321556
vn 0 0 -0.0254
v 0.182806 0.268148 0.272111
vn 0 0 -0.0254
v -0.0609129 0.139587 0.102044
vn 0 0 -0.0254
v 0.119176 -0.130673 0.048265
vn 0 0.0254 0
v 0.119176 -0.130673 0.048265
vn 0 -0.0254 0
v 0.288303 -0.0116974 0.292754
vn 0.0232474 0 -0.0102332
v 0.103621 -0.121696 0.0590743
vn 0.0220637 0 -0.0125839
v 0.103621 -0.121696 0.0590743
vn -0.0220637 -0 0.0125839
v 0.288303 -0.0116974 0.292754
vn -0.0232474 -0 0.0102332
v 0.103621 -0.121696 0.0590743
vn 0.0176424 -0.0152531 -0.0100623
v 0.0590695 -0.129097 0.0663307
vn 0.0185889 -0.0152531 -0.00818261
v 0.0590695 -0.129097 0.0663307
vn -0.0185889 0.0152531 0.00818261
v 0.103621 -0.121696 0.0590743
vn -0.0176424 0.0152531 0.0100623
v -0.174936 0.0721722 0.0109694
vn 0.0220637 0 0.0125839
v -0.0887242 0.111419 0.102432
vn 0.0220637 0 0.0125839
v -0.0887242 0.111419 0.102432
vn -0.0220637 0 -0.0125839
v -0.174936 0.0721722 0.0109694
vn -0.0220637 0 -0.0125839
v 0.434712 -0.0108569 0.38187
vn 0.0151194 -0.0179605 -0.00969454
v 0.434712 -0.0108569 0.38187
vn -0.0151194 0.0179605 0.00969454
v 0.410384 0.00318352 0.398776
vn 0.0220637 0 -0.0125839
v 0.300463 -0.0192046 0.322427
vn 0.0232474 0 -0.0102332
v 0.300463 -0.0192046 0.322427
vn -0.0232474 -0 0.0102332
v 0.410384 0.00318352 0.398776
vn -0.0220637 -0 0.0125839
v 0.22744 0.0497451 0.323758
vn 0.0202011 0.0152531 -0.0021017
v 0.22744 0.0497451 0.323758
vn -0.0202011 -0.0152531 0.0021017
v -0.11086 -0.0767528 0.0144767
vn 0.0254 0 0
v -0.11086 -0.0767528 0.0144767
vn -0.0254 -0 0
v 0.219203 0.283431 0.269159
vn -0.0220637 -0 0.0125839
v 0.281087 0.336719 0.377528
vn -0.0213821 0 0.0137102
v 0.194875 0.297471 0.286065
vn -0.0213821 0 0.0137102
v 0.194875 0.297471 0.286065
vn 0.0213821 0 -0.0137102
v 0.281087 0.336719 0.377528
vn 0.0213821 0 -0.0137102
v 0.219203 0.283431 0.269159
vn 0.0220637 0 -0.0125839
v 0.291751 0.281693 0.447958
vn 0 -0.0179605 0.0179605
v 0.291751 0.281693 0.447958
vn 0 0.0179605 -0.0179605
v 0.281087 0.336719 0.377528
vn -0.0151194 -0.0179605 0.00969454
v 0.324078 0.301631 0.408931
vn -0.0155909 -0.0179726 0.00889221
v 0.317297 0.305544 0.413643
vn -0.0151194 -0.0179605 0.00969454
v 0.317297 0.305544 0.413643
vn 0.0151194 0.0179605 -0.00969454
v 0.324078 0.301631 0.408931
vn 0.0155909 0.0179726 -0.00889221
v 0.281087 0.336719 0.377528
vn 0.0151194 0.0179605 -0.00969454
v 0.291751 0.281693 0.447958
vn 0 -0.0254 0
v 0.291751 0.281693 0.447958
vn 0 0.0254 0
v 0.182806 0.268148 0.272111
vn -0.0171056 0.01524 0.0109681
v 0.219203 0.283431 0.269159
vn -0.0176424 0.0152531 0.0100623
v 0.194875 0.297471 0.286065
vn -0.0171056 0.01524 0.0109681
v 0.194875 0.297471 0.286065
vn 0.0171056 -0.01524 -0.0109681
v 0.219203 0.283431 0.269159
vn 0.0176424 -0.0152531 -0.0100623
v 0.182806 0.268148 0.272111
vn 0.0171056 -0.01524 -0.0109681
v 0.450228 0.0438652 0.400632
vn 0.0151194 -0.0179605 -0.00969454
v 0.450228 0.0438652 0.400632
vn -0.0151194 0.0179605 0.00969454
v -0.0945925 0.142695 0.0945434
vn 0.0171056 -0.01524 0.0109681
v -0.0945925 0.142695 0.0945434
vn -0.0171056 0.01524 -0.0109681
v -0.0241023 0.173955 0.0525996
vn 0 0 0.0254
v -0.0241023 0.173955 0.0525996
vn 0 0 -0.0254
v 0.155987 -0.0963053 -0.00117979
vn 0 0.0254 0
v 0.155987 -0.0963053 -0.00117979
vn 0 -0.0254 0
v 0.31053 -0.0275022 0.278585
vn 0.0220637 0 -0.0125839
v 0.119176 -0.130673 0.048265
vn 0.0213821 0 -0.0137102
v 0.119176 -0.130673 0.048265
vn -0.0213821 0 0.0137102
v 0.31053 -0.0275022 0.278585
vn -0.0220637 -0 0.0125839
v 0.119176 -0.130673 0.048265
vn 0.0171056 -0.01524 -0.0109681
v 0.0827789 -0.145956 0.0512169
vn 0.0176424 -0.0152531 -0.0100623
v 0.0827789 -0.145956 0.0512169
vn -0.0176424 0.0152531 0.0100623
v 0.119176 -0.130673 0.048265
vn -0.0171056 0.01524 0.0109681
v -0.180804 0.103447 0.00308043
vn 0.0213821 0 0.0137102
v -0.180804 0.103447 0.00308043
vn -0.0213821 0 -0.0137102
v 0.434712 -0.0108569 0.38187
vn 0.0213821 0 -0.0137102
v 0.324172 -0.0360637 0.307313
vn 0.0220637 0 -0.0125839
v 0.324172 -0.0360637 0.307313
vn -0.0220637 -0 0.0125839
v 0.434712 -0.0108569 0.38187
vn -0.0213821 0 0.0137102
v 0.266894 0.00658033 0.30509
vn 0.0193359 0.0152531 -0.0062151
v 0.255909 0.022217 0.346649
vn 0.0198752 0.0152531 -0.00418084
v 0.277627 0.000292092 0.335586
vn 0.0193359 0.0152531 -0.0062151
v 0.277627 0.000292092 0.335586
vn -0.0193359 -0.0152531 0.0062151
v 0.255909 0.022217 0.346649
vn -0.0198752 -0.0152531 0.00418084
v 0.266894 0.00658033 0.30509
vn -0.0193359 -0.0152531 0.0062151
v 0.246533 0.0271353 0.315462
vn 0.0198752 0.0152531 -0.00418084
v 0.246533 0.0271353 0.315462
vn -0.0198752 -0.0152531 0.00418084
v 0.288303 -0.0116974 0.292754
vn 0.0185889 0.0152531 -0.00818261
v 0.300463 -0.0192046 0.322427
vn 0.0185889 0.0152531 -0.00818261
v 0.300463 -0.0192046 0.322427
vn -0.0185889 -0.0152531 0.00818261
v 0.288303 -0.0116974 0.292754
vn -0.0185889 -0.0152531 0.00818261
v -0.00585158 -0.0635579 0.0994014
vn 0.0252636 0 -0.00262842
v -0.00585158 -0.0635579 0.0994014
vn -0.0252636 -0 0.00262842
v 0.0362339 -0.1096 0.0794892
vn 0.0241815 0 -0.00777263
v -0.0716964 -0.126923 -0.000910404
vn 0.024856 0 -0.00522859
v 0.0145155 -0.0876753 0.0905526
vn 0.024856 0 -0.00522859
v 0.0145155 -0.0876753 0.0905526
vn -0.024856 -0 0.00522859
v -0.0716964 -0.126923 -0.000910404
vn -0.024856 -0 0.00522859
v 0.0362339 -0.1096 0.0794892
vn -0.0241815 -0 0.00777263
v -0.0920634 -0.102805 0.00793841
vn 0.0252636 0 -0.00262842
v -0.0920634 -0.102805 0.00793841
vn -0.0252636 -0 0.00262842
v -0.144175 -0.0195923 -0.0355183
vn 0.017564 0.0179726 0.00369468
v -0.155909 0.0101242 0.0196602
vn 0.0170874 0.0179726 0.00549239
v -0.142955 -0.0199837 0.0203695
vn 0.017564 0.0179726 0.00369468
v -0.142955 -0.0199837 0.0203695
vn -0.017564 -0.0179726 -0.00369468
v -0.155909 0.0101242 0.0196602
vn -0.0170874 -0.0179726 -0.00549239
v -0.144175 -0.0195923 -0.0355183
vn -0.017564 -0.0179726 -0.00369468
v -0.155509 0.00675017 -0.0361388
vn 0.0170874 0.0179726 0.00549239
v -0.166608 0.0409525 0.0165159
vn 0.0164273 0.0179726 0.00723113
v -0.166608 0.0409525 0.0165159
vn -0.0164273 -0.0179726 -0.00723113
v -0.155509 0.00675017 -0.0361388
vn -0.0170874 -0.0179726 -0.00549239
v -0.130988 -0.0450227 -0.0370355
vn 0.0178521 0.0179726 0.00185732
v -0.127886 -0.0490467 0.0186359
vn 0.0178521 0.0179726 0.00185732
v -0.127886 -0.0490467 0.0186359
vn -0.0178521 -0.0179726 -0.00185732
v -0.130988 -0.0450227 -0.0370355
vn -0.0178521 -0.0179726 -0.00185732
v -0.116092 -0.0692644 -0.0406743
vn 0.0179484 0.0179726 0
v -0.11086 -0.0767528 0.0144767
vn 0.0179484 0.0179726 0
v -0.11086 -0.0767528 0.0144767
vn -0.0179484 -0.0179726 0
v -0.116092 -0.0692644 -0.0406743
vn -0.0179484 -0.0179726 0
v 0.0590695 -0.129097 0.0663307
vn 0.0232474 0 -0.0102332
v -0.049978 -0.148847 -0.0119738
vn 0.0241815 0 -0.00777263
v -0.049978 -0.148847 -0.0119738
vn -0.0241815 -0 0.00777263
v 0.0590695 -0.129097 0.0663307
vn -0.0232474 -0 0.0102332
v -0.16487 0.0337253 -0.0388902
vn 0.0164273 0.0179726 0.00723113
v -0.174936 0.0721722 0.0109694
vn 0.0155909 0.0179726 0.00889221
v -0.174936 0.0721722 0.0109694
vn -0.0155909 -0.0179726 -0.00889221
v -0.16487 0.0337253 -0.0388902
vn -0.0164273 -0.0179726 -0.00723113
v 0.305415 0.322678 0.360622
vn -0.0220637 -0 0.0125839
v 0.305415 0.322678 0.360622
vn 0.0220637 0 -0.0125839
v 0.317297 0.305544 0.413643
vn 0 -0.0254 0
v 0.317297 0.305544 0.413643
vn 0 0.0254 0
v 0.305415 0.322678 0.360622
vn -0.0155909 -0.0179726 0.00889221
v 0.305415 0.322678 0.360622
vn 0.0155909 0.0179726 -0.00889221
v 0.324078 0.301631 0.408931
vn 0 -0.0254 0
v 0.475775 0.0677168 0.366317
vn 0 -0.0254 0
v 0.475775 0.0677168 0.366317
vn 0 0.0254 0
v 0.324078 0.301631 0.408931
vn 0 0.0254 0
v 0.198361 0.259171 0.261301
vn -0.0176424 0.0152531 0.0100623
v 0.198361 0.259171 0.261301
vn 0.0176424 -0.0152531 -0.0100623
v 0.450228 0.0438652 0.400632
vn 0 -0.0179605 -0.0179605
v 0.482786 0.0340276 0.317295
vn 0 -0.0179605 -0.0179605
v 0.434712 -0.0108569 0.38187
vn 0 -0.0179605 -0.0179605
v 0.434712 -0.0108569 0.38187
vn 0 0.0179605 0.0179605
v 0.482786 0.0340276 0.317295
vn 0 0.0179605 0.0179605
v 0.450228 0.0438652 0.400632
vn 0 0.0179605 0.0179605
v -0.0945925 0.142695 0.0945434
vn 0.0213821 0 0.0137102
v -0.0945925 0.142695 0.0945434
vn -0.0213821 0 -0.0137102
v -0.0945925 0.142695 0.0945434
vn -0 -0.01524 0.02032
v -0.0241023 0.173955 0.0525996
vn -0 -0.01524 0.02032
v -0.0609129 0.139587 0.102044
vn -0 -0.01524 0.02032
v -0.0609129 0.139587 0.102044
vn 0 0.01524 -0.02032
v -0.0241023 0.173955 0.0525996
vn 0 0.01524 -0.02032
v -0.0945925 0.142695 0.0945434
vn 0 0.01524 -0.02032
v -0.0241023 0.173955 0.0525996
vn 0 0.0254 0
v -0.0241023 0.173955 0.0525996
vn 0 -0.0254 0
v -0.00854756 0.164977 0.0417903
vn -0.0220637 -0 0.0125839
v 0.182806 0.268148 0.272111
vn -0.0213821 0 0.0137102
v -0.0241023 0.173955 0.0525996
vn -0.0213821 0 0.0137102
v -0.0241023 0.173955 0.0525996
vn 0.0213821 0 -0.0137102
v 0.182806 0.268148 0.272111
vn 0.0213821 0 -0.0137102
v -0.00854756 0.164977 0.0417903
vn 0.0220637 0 -0.0125839
v 0.326084 -0.0364799 0.267776
vn 0 0 -0.0254
v 0.155987 -0.0963053 -0.00117979
vn 0 0 -0.0254
v 0.119176 -0.130673 0.048265
vn 0 0 -0.0254
v 0.119176 -0.130673 0.048265
vn 0 0 0.0254
v 0.155987 -0.0963053 -0.00117979
vn 0 0 0.0254
v 0.326084 -0.0364799 0.267776
vn 0 0 0.0254
v 0.155181 -0.115112 -0.0302641
vn 0 -0.01524 -0.02032
v 0.119176 -0.130673 0.048265
vn 0 -0.01524 -0.02032
v 0.155987 -0.0963053 -0.00117979
vn 0 -0.01524 -0.02032
v 0.155987 -0.0963053 -0.00117979
vn 0 0.01524 0.02032
v 0.119176 -0.130673 0.048265
vn 0 0.01524 0.02032
v 0.155181 -0.115112 -0.0302641
vn 0 0.01524 0.02032
v 0.326084 -0.0364799 0.267776
vn 0.0213821 0 -0.0137102
v 0.326084 -0.0364799 0.267776
vn -0.0213821 0 0.0137102
v 0.107107 -0.159996 0.0343106
vn 0.0171056 -0.01524 -0.0109681
v 0.107107 -0.159996 0.0343106
vn -0.0171056 0.01524 0.0109681
v 0.31053 -0.0275022 0.278585
vn 0.0176424 0.0152531 -0.0100623
v 0.31053 -0.0275022 0.278585
vn -0.0176424 -0.0152531 0.0100623
v 0.0827789 -0.145956 0.0512169
vn 0.0220637 0 -0.0125839
v -0.0271423 -0.168344 -0.0251322
vn 0.0232474 0 -0.0102332
v -0.0271423 -0.168344 -0.0251322
vn -0.0232474 -0 0.0102332
v 0.0827789 -0.145956 0.0512169
vn -0.0220637 -0 0.0125839
v -0.172157 0.0610414 -0.043743
vn 0.0155909 0.0179726 0.00889221
v -0.180804 0.103447 0.00308043
vn 0.0151194 0.0179605 0.00969454
v -0.180804 0.103447 0.00308043
vn -0.0151194 -0.0179605 -0.00969454
v -0.172157 0.0610414 -0.043743
vn -0.0155909 -0.0179726 -0.00889221
v 0.3485 -0.0501041 0.290407
vn 0.0213821 0 -0.0137102
v 0.3485 -0.0501041 0.290407
vn -0.0213821 0 0.0137102
v 0.324172 -0.0360637 0.307313
vn 0.0176424 0.0152531 -0.0100623
v 0.324172 -0.0360637 0.307313
vn -0.0176424 -0.0152531 0.0100623
v -0.0920634 -0.102805 0.00793841
vn 0.0178521 0.0179726 -0.00185732
v -0.0920634 -0.102805 0.00793841
vn -0.0178521 -0.0179726 0.00185732
v 0.242913 0.266572 0.254045
vn -0.0232474 -0 0.0102332
v 0.242913 0.266572 0.254045
vn 0.0232474 0 -0.0102332
v 0.344823 0.28688 0.395707
vn -0.0164273 -0.0179726 0.00723113
v 0.344823 0.28688 0.395707
vn 0.0164273 0.0179726 -0.00723113
v 0.474139 0.0764335 0.364119
vn 0 -0.0254 0
v 0.474139 0.0764335 0.364119
vn 0 0.0254 0
v 0.198361 0.259171 0.261301
vn -0.0220637 -0 0.0125839
v 0.198361 0.259171 0.261301
vn 0.0220637 0 -0.0125839
v 0.242913 0.266572 0.254045
vn -0.0185889 0.0152531 0.00818261
v 0.242913 0.266572 0.254045
vn 0.0185889 -0.0152531 -0.00818261
v 0.475775 0.0677168 0.366317
vn 0 -0.0179605 -0.0179605
v 0.475775 0.0677168 0.366317
vn 0 0.0179605 0.0179605
v 0.396574 -0.0052196 0.225832
vn 0 0 -0.0254
v 0.434712 -0.0108569 0.38187
vn 0 0 -0.0254
v 0.482786 0.0340276 0.317295
vn 0 0 -0.0254
v 0.482786 0.0340276 0.317295
vn 0 0 0.0254
v 0.434712 -0.0108569 0.38187
vn 0 0 0.0254
v 0.396574 -0.0052196 0.225832
vn 0 0 0.0254
v -0.180804 0.103447 0.00308043
vn 0 0 0.0254
v -0.0465178 0.187579 0.0299687
vn 0 0 0.0254
v -0.0945925 0.142695 0.0945434
vn 0 0 0.0254
v -0.0945925 0.142695 0.0945434
vn 0 0 -0.0254
v -0.0465178 0.187579 0.0299687
vn 0 0 -0.0254
v -0.180804 0.103447 0.00308043
vn 0 0 -0.0254
v -0.0465178 0.187579 0.0299687
vn -0 -0.01524 0.02032
v -0.0465178 0.187579 0.0299687
vn 0 0.01524 -0.02032
v 0.152234 -0.0763086 -0.00622343
vn 0 0.0254 0
v 0.152234 -0.0763086 -0.00622343
vn 0 -0.0254 0
v -0.00854756 0.164977 0.0417903
vn 0 0.0254 0
v -0.00854756 0.164977 0.0417903
vn 0 -0.0254 0
v -0.0241023 0.173955 0.0525996
vn -0.0171056 -0.01524 0.0109681
v -0.02219 0.173539 0.0130624
vn -0.0176424 -0.0152531 0.0100623
v -0.00854756 0.164977 0.0417903
vn -0.0176424 -0.0152531 0.0100623
v -0.00854756 0.164977 0.0417903
vn 0.0176424 0.0152531 -0.0100623
v -0.02219 0.173539 0.0130624
vn 0.0176424 0.0152531 -0.0100623
v -0.0241023 0.173955 0.0525996
vn 0.0171056 0.01524 -0.0109681
v 0.362895 -0.00211191 0.218331
vn 0 0 -0.0254
v 0.362895 -0.00211191 0.218331
vn 0 0 0.0254
v 0.107107 -0.159996 0.0343106
vn 0 -0.01524 -0.02032
v 0.107107 -0.159996 0.0343106
vn 0 0.01524 0.02032
v 0.155987 -0.0963053 -0.00117979
vn -0.0171056 -0.01524 -0.0109681
v 0.149313 -0.0838369 -0.038153
vn -0.0176424 -0.0152531 -0.0100623
v 0.155181 -0.115112 -0.0302641
vn -0.0171056 -0.01524 -0.0109681
v 0.155181 -0.115112 -0.0302641
vn 0.0171056 0.01524 0.0109681
v 0.149313 -0.0838369 -0.038153
vn 0.0176424 0.0152531 0.0100623
v 0.155987 -0.0963053 -0.00117979
vn 0.0171056 0.01524 0.0109681
v 0.326084 -0.0364799 0.267776
vn 0.0171056 0.01524 -0.0109681
v 0.326084 -0.0364799 0.267776
vn -0.0171056 -0.01524 0.0109681
v 0.107107 -0.159996 0.0343106
vn 0.0213821 0 -0.0137102
v -0.00343293 -0.185203 -0.0402461
vn 0.0220637 0 -0.0125839
v -0.00343293 -0.185203 -0.0402461
vn -0.0220637 -0 0.0125839
v 0.107107 -0.159996 0.0343106
vn -0.0213821 0 0.0137102
v -0.173793 0.0697581 -0.0459416
vn 0.0151194 0.0179605 0.00969454
v -0.173793 0.0697581 -0.0459416
vn -0.0151194 -0.0179605 -0.00969454
v 0.3485 -0.0501041 0.290407
vn 0 0 -0.0254
v 0.3485 -0.0501041 0.290407
vn 0 0 0.0254
v 0.3485 -0.0501041 0.290407
vn 0.0171056 0.01524 -0.0109681
v 0.3485 -0.0501041 0.290407
vn -0.0171056 -0.01524 0.0109681
v -0.049978 -0.148847 -0.0119738
vn 0.0170874 0.0179726 -0.00549239
v -0.0818242 -0.113162 -0.0541379
vn 0.017564 0.0179726 -0.00369468
v -0.0716964 -0.126923 -0.000910404
vn 0.017564 0.0179726 -0.00369468
v -0.0716964 -0.126923 -0.000910404
vn -0.017564 -0.0179726 0.00369468
v -0.0818242 -0.113162 -0.0541379
vn -0.017564 -0.0179726 0.00369468
v -0.049978 -0.148847 -0.0119738
vn -0.0170874 -0.0179726 0.00549239
v -0.0996455 -0.0920589 -0.0463953
vn 0.0178521 0.0179726 -0.00185732
v -0.0996455 -0.0920589 -0.0463953
vn -0.0178521 -0.0179726 0.00185732
v -0.062822 -0.132345 -0.0638175
vn 0 0.0254 0
v -0.155509 0.00675017 -0.0361388
vn 0 0.0254 0
v -0.144175 -0.0195923 -0.0355183
vn 0 0.0254 0
v -0.144175 -0.0195923 -0.0355183
vn 0 -0.0254 0
v -0.155509 0.00675017 -0.0361388
vn 0 -0.0254 0
v -0.062822 -0.132345 -0.0638175
vn 0 -0.0254 0
v -0.144175 -0.0195923 -0.0355183
vn 0.00542193 0.0247729 0.00143751
v -0.112032 -0.0359433 -0.0729329
vn 0.00542193 0.0247729 0.00143751
v -0.155509 0.00675017 -0.0361388
vn 0.00542193 0.0247729 0.00143751
v -0.155509 0.00675017 -0.0361388
vn -0.00542193 -0.0247729 -0.00143751
v -0.112032 -0.0359433 -0.0729329
vn -0.00542193 -0.0247729 -0.00143751
v -0.144175 -0.0195923 -0.0355183
vn -0.00542193 -0.0247729 -0.00143751
v -0.0818242 -0.113162 -0.0541379
vn 0 0.0254 0
v -0.130988 -0.0450227 -0.0370355
vn 0 0.0254 0
v -0.130988 -0.0450227 -0.0370355
vn 0 -0.0254 0
v -0.0818242 -0.113162 -0.0541379
vn 0 -0.0254 0
v -0.130988 -0.0450227 -0.0370355
vn 0.00597436 0.0246696 0.000936574
v -0.107589 -0.0449518 -0.0732549
vn 0.00597436 0.0246696 0.000936574
v -0.144175 -0.0195923 -0.0355183
vn 0.00597436 0.0246696 0.000936574
v -0.144175 -0.0195923 -0.0355183
vn -0.00597436 -0.0246696 -0.000936574
v -0.107589 -0.0449518 -0.0732549
vn -0.00597436 -0.0246696 -0.000936574
v -0.130988 -0.0450227 -0.0370355
vn -0.00597436 -0.0246696 -0.000936574
v -0.0428405 -0.149405 -0.0753315
vn 0 0.0254 0
v -0.16487 0.0337253 -0.0388902
vn 0 0.0254 0
v -0.16487 0.0337253 -0.0388902
vn 0 -0.0254 0
v -0.0428405 -0.149405 -0.0753315
vn 0 -0.0254 0
v -0.155509 0.00675017 -0.0361388
vn 0.00473001 0.024891 0.0017957
v -0.115728 -0.0265218 -0.0734913
vn 0.00473001 0.024891 0.0017957
v -0.16487 0.0337253 -0.0388902
vn 0.00473001 0.024891 0.0017957
v -0.16487 0.0337253 -0.0388902
vn -0.00473001 -0.024891 -0.0017957
v -0.115728 -0.0265218 -0.0734913
vn -0.00473001 -0.024891 -0.0017957
v -0.155509 0.00675017 -0.0361388
vn -0.00473001 -0.024891 -0.0017957
v -0.0996455 -0.0920589 -0.0463953
vn 0 0.0254 0
v -0.116092 -0.0692644 -0.0406743
vn 0 0.0254 0
v -0.116092 -0.0692644 -0.0406743
vn 0 -0.0254 0
v -0.0996455 -0.0920589 -0.0463953
vn 0 -0.0254 0
v -0.116092 -0.0692644 -0.0406743
vn 0.00627822 0.0246097 0.000325704
v -0.102448 -0.0534507 -0.0744541
vn 0.00627822 0.0246097 0.000325704
v -0.130988 -0.0450227 -0.0370355
vn 0.00627822 0.0246097 0.000325704
v -0.130988 -0.0450227 -0.0370355
vn -0.00627822 -0.0246097 -0.000325704
v -0.102448 -0.0534507 -0.0744541
vn -0.00627822 -0.0246097 -0.000325704
v -0.116092 -0.0692644 -0.0406743
vn -0.00627822 -0.0246097 -0.000325704
v -0.0271423 -0.168344 -0.0251322
vn 0.0164273 0.0179726 -0.00723113
v -0.062822 -0.132345 -0.0638175
vn 0.0170874 0.0179726 -0.00549239
v -0.062822 -0.132345 -0.0638175
vn -0.0170874 -0.0179726 0.00549239
v -0.0271423 -0.168344 -0.0251322
vn -0.0164273 -0.0179726 0.00723113
v -0.172157 0.0610414 -0.043743
vn 0 0.0254 0
v -0.172157 0.0610414 -0.043743
vn 0 -0.0254 0
v -0.16487 0.0337253 -0.0388902
vn 0.00400139 0.0250018 0.00201496
v -0.118639 -0.0167898 -0.0749241
vn 0.00400139 0.0250018 0.00201496
v -0.172157 0.0610414 -0.043743
vn 0.00400139 0.0250018 0.00201496
v -0.172157 0.0610414 -0.043743
vn -0.00400139 -0.0250018 -0.00201496
v -0.118639 -0.0167898 -0.0749241
vn -0.00400139 -0.0250018 -0.00201496
v -0.16487 0.0337253 -0.0388902
vn -0.00400139 -0.0250018 -0.00201496
v 0.329124 0.305819 0.345508
vn -0.0232474 -0 0.0102332
v 0.329124 0.305819 0.345508
vn 0.0232474 0 -0.0102332
v 0.329124 0.305819 0.345508
vn -0.0164273 -0.0179726 0.00723113
v 0.329124 0.305819 0.345508
vn 0.0164273 0.0179726 -0.00723113
v 0.344823 0.28688 0.395707
vn 0 -0.0254 0
v 0.344823 0.28688 0.395707
vn 0 0.0254 0
v 0.474139 0.0764335 0.364119
vn -0.0155909 -0.0179726 -0.00889221
v 0.482786 0.0340276 0.317295
vn -0.0151194 -0.0179605 -0.00969454
v 0.475775 0.0677168 0.366317
vn -0.0151194 -0.0179605 -0.00969454
v 0.475775 0.0677168 0.366317
vn 0.0151194 0.0179605 0.00969454
v 0.482786 0.0340276 0.317295
vn 0.0151194 0.0179605 0.00969454
v 0.474139 0.0764335 0.364119
vn 0.0155909 0.0179726 0.00889221
v 0.0136792 0.149172 0.0276216
vn -0.0232474 -0 0.0102332
v 0.0136792 0.149172 0.0276216
vn 0.0232474 0 -0.0102332
v 0.220588 0.243366 0.247133
vn -0.0185889 0.0152531 0.00818261
v 0.220588 0.243366 0.247133
vn 0.0185889 -0.0152531 -0.00818261
v 0.476918 0.0653027 0.309406
vn -0.0220637 0 -0.0125839
v 0.396574 -0.0052196 0.225832
vn -0.0213821 0 -0.0137102
v 0.482786 0.0340276 0.317295
vn -0.0213821 0 -0.0137102
v 0.482786 0.0340276 0.317295
vn 0.0213821 0 0.0137102
v 0.396574 -0.0052196 0.225832
vn 0.0213821 0 0.0137102
v 0.476918 0.0653027 0.309406
vn 0.0220637 0 0.0125839
v -0.13273 0.148332 -0.0614943
vn 0 0 0.0254
v -0.13273 0.148332 -0.0614943
vn 0 0 -0.0254
v -0.0465178 0.187579 0.0299687
vn -0.0171056 -0.01524 0.0109681
v -0.0465178 0.187579 0.0299687
vn 0.0171056 0.01524 -0.0109681
v 0.155987 -0.0963053 -0.00117979
vn -0.0213821 0 -0.0137102
v 0.359142 0.0178848 0.213288
vn -0.0220637 0 -0.0125839
v 0.152234 -0.0763086 -0.00622343
vn -0.0220637 0 -0.0125839
v 0.152234 -0.0763086 -0.00622343
vn 0.0220637 0 0.0125839
v 0.359142 0.0178848 0.213288
vn 0.0220637 0 0.0125839
v 0.155987 -0.0963053 -0.00117979
vn 0.0213821 0 0.0137102
v 0.152234 -0.0763086 -0.00622343
vn -0.0176424 -0.0152531 -0.0100623
v 0.152234 -0.0763086 -0.00622343
vn 0.0176424 0.0152531 0.0100623
v 0.0136792 0.149172 0.0276216
vn 0 0.0254 0
v 0.0136792 0.149172 0.0276216
vn 0 -0.0254 0
v 0.00151938 0.15668 -0.00205138
vn -0.0185889 -0.0152531 0.00818261
v 0.00151938 0.15668 -0.00205138
vn 0.0185889 0.0152531 -0.00818261
v 0.3485 -0.0501041 0.290407
vn 0 0.01524 -0.02032
v 0.362895 -0.00211191 0.218331
vn 0 0.01524 -0.02032
v 0.326084 -0.0364799 0.267776
vn 0 0.01524 -0.02032
v 0.326084 -0.0364799 0.267776
vn -0 -0.01524 0.02032
v 0.362895 -0.00211191 0.218331
vn -0 -0.01524 0.02032
v 0.3485 -0.0501041 0.290407
vn -0 -0.01524 0.02032
v 0.362895 -0.00211191 0.218331
vn -0.0213821 0 -0.0137102
v 0.362895 -0.00211191 0.218331
vn 0.0213821 0 0.0137102
v 0.155181 -0.115112 -0.0302641
vn 0 0 -0.0254
v 0.0208949 -0.199244 -0.0571524
vn 0 0 -0.0254
v 0.107107 -0.159996 0.0343106
vn 0 0 -0.0254
v 0.107107 -0.159996 0.0343106
vn 0 0 0.0254
v 0.0208949 -0.199244 -0.0571524
vn 0 0 0.0254
v 0.155181 -0.115112 -0.0302641
vn 0 0 0.0254
v 0.149313 -0.0838369 -0.038153
vn -0.0220637 0 -0.0125839
v 0.0689695 -0.154359 -0.121727
vn -0.0213821 0 -0.0137102
v 0.155181 -0.115112 -0.0302641
vn -0.0213821 0 -0.0137102
v 0.155181 -0.115112 -0.0302641
vn 0.0213821 0 0.0137102
v 0.0689695 -0.154359 -0.121727
vn 0.0213821 0 0.0137102
v 0.149313 -0.0838369 -0.038153
vn 0.0220637 0 0.0125839
v 0.0208949 -0.199244 -0.0571524
vn 0.0213821 0 -0.0137102
v 0.0208949 -0.199244 -0.0571524
vn -0.0213821 0 0.0137102
v -0.00343293 -0.185203 -0.0402461
vn 0.0155909 0.0179726 -0.00889221
v -0.0428405 -0.149405 -0.0753315
vn 0.0164273 0.0179726 -0.00723113
v -0.0428405 -0.149405 -0.0753315
vn -0.0164273 -0.0179726 0.00723113
v -0.00343293 -0.185203 -0.0402461
vn -0.0155909 -0.0179726 0.00889221
v -0.0153153 -0.16807 -0.0932672
vn 0 0.0254 0
v -0.173793 0.0697581 -0.0459416
vn 0 0.0254 0
v -0.173793 0.0697581 -0.0459416
vn 0 -0.0254 0
v -0.0153153 -0.16807 -0.0932672
vn 0 -0.0254 0
v -0.172157 0.0610414 -0.043743
vn 0.00330713 0.0250943 0.00212052
v -0.120733 -0.00684951 -0.0772158
vn 0.00330713 0.0250943 0.00212052
v -0.173793 0.0697581 -0.0459416
vn 0.00330713 0.0250943 0.00212052
v -0.173793 0.0697581 -0.0459416
vn -0.00330713 -0.0250943 -0.00212052
v -0.120733 -0.00684951 -0.0772158
vn -0.00330713 -0.0250943 -0.00212052
v -0.172157 0.0610414 -0.043743
vn -0.00330713 -0.0250943 -0.00212052
v -0.173793 0.0697581 -0.0459416
vn 0 0.0179605 0.0179605
v -0.13273 0.148332 -0.0614943
vn 0 0.0179605 0.0179605
v -0.180804 0.103447 0.00308043
vn 0 0.0179605 0.0179605
v -0.180804 0.103447 0.00308043
vn 0 -0.0179605 -0.0179605
v -0.13273 0.148332 -0.0614943
vn 0 -0.0179605 -0.0179605
v -0.173793 0.0697581 -0.0459416
vn 0 -0.0179605 -0.0179605
v 0.396574 -0.0052196 0.225832
vn 0 0.01524 -0.02032
v 0.396574 -0.0052196 0.225832
vn -0 -0.01524 0.02032
v -0.144175 -0.0195923 -0.0355183
vn 0.00578371 0.0247092 0.00107937
v -0.107589 -0.0449518 -0.0732549
vn 0.00578371 0.0247092 0.00107937
v -0.112032 -0.0359433 -0.0729329
vn 0.00578371 0.0247092 0.00107937
v -0.112032 -0.0359433 -0.0729329
vn -0.00578371 -0.0247092 -0.00107937
v -0.107589 -0.0449518 -0.0732549
vn -0.00578371 -0.0247092 -0.00107937
v -0.144175 -0.0195923 -0.0355183
vn -0.00578371 -0.0247092 -0.00107937
v -0.155509 0.00675017 -0.0361388
vn 0.00506633 0.0248382 0.00159908
v -0.112032 -0.0359433 -0.0729329
vn 0.00506633 0.0248382 0.00159908
v -0.115728 -0.0265218 -0.0734913
vn 0.00506633 0.0248382 0.00159908
v -0.115728 -0.0265218 -0.0734913
vn -0.00506633 -0.0248382 -0.00159908
v -0.112032 -0.0359433 -0.0729329
vn -0.00506633 -0.0248382 -0.00159908
v -0.155509 0.00675017 -0.0361388
vn -0.00506633 -0.0248382 -0.00159908
v -0.130988 -0.0450227 -0.0370355
vn 0.00623496 0.0246198 0.000385089
v -0.102448 -0.0534507 -0.0744541
vn 0.00623496 0.0246198 0.000385089
v -0.107589 -0.0449518 -0.0732549
vn 0.00623496 0.0246198 0.000385089
v -0.107589 -0.0449518 -0.0732549
vn -0.00623496 -0.0246198 -0.000385089
v -0.102448 -0.0534507 -0.0744541
vn -0.00623496 -0.0246198 -0.000385089
v -0.130988 -0.0450227 -0.0370355
vn -0.00623496 -0.0246198 -0.000385089
v -0.16487 0.0337253 -0.0388902
vn 0.00425597 0.0249669 0.00192349
v -0.115728 -0.0265218 -0.0734913
vn 0.00425597 0.0249669 0.00192349
v -0.118639 -0.0167898 -0.0749241
vn 0.00425597 0.0249669 0.00192349
v -0.118639 -0.0167898 -0.0749241
vn -0.00425597 -0.0249669 -0.00192349
v -0.115728 -0.0265218 -0.0734913
vn -0.00425597 -0.0249669 -0.00192349
v -0.16487 0.0337253 -0.0388902
vn -0.00425597 -0.0249669 -0.00192349
v -0.116092 -0.0692644 -0.0406743
vn 0.00627822 0.0246097 -0.000325704
v -0.0996455 -0.0920589 -0.0463953
vn 0.00627822 0.0246097 -0.000325704
v -0.102448 -0.0534507 -0.0744541
vn 0.00627822 0.0246097 -0.000325704
v -0.102448 -0.0534507 -0.0744541
vn -0.00627822 -0.0246097 0.000325704
v -0.0996455 -0.0920589 -0.0463953
vn -0.00627822 -0.0246097 0.000325704
v -0.116092 -0.0692644 -0.0406743
vn -0.00627822 -0.0246097 0.000325704
v -0.0220958 -0.164156 -0.0885553
vn 0 0.0254 0
v -0.0220958 -0.164156 -0.0885553
vn 0 -0.0254 0
v -0.172157 0.0610414 -0.043743
vn 0.00347848 0.0250741 0.00208529
v -0.118639 -0.0167898 -0.0749241
vn 0.00347848 0.0250741 0.00208529
v -0.120733 -0.00684951 -0.0772158
vn 0.00347848 0.0250741 0.00208529
v -0.120733 -0.00684951 -0.0772158
vn -0.00347848 -0.0250741 -0.00208529
v -0.118639 -0.0167898 -0.0749241
vn -0.00347848 -0.0250741 -0.00208529
v -0.172157 0.0610414 -0.043743
vn -0.00347848 -0.0250741 -0.00208529
v 0.265748 0.247075 0.240887
vn -0.0241815 -0 0.00777263
v 0.265748 0.247075 0.240887
vn 0.0241815 0 -0.00777263
v 0.364804 0.26982 0.384193
vn -0.0170874 -0.0179726 0.00549239
v 0.364804 0.26982 0.384193
vn 0.0170874 0.0179726 -0.00549239
v 0.466852 0.10375 0.359266
vn 0 -0.0254 0
v 0.466852 0.10375 0.359266
vn 0 0.0254 0
v 0.476918 0.0653027 0.309406
vn -0.0155909 -0.0179726 -0.00889221
v 0.476918 0.0653027 0.309406
vn 0.0155909 0.0179726 0.00889221
v 0.220588 0.243366 0.247133
vn -0.0232474 -0 0.0102332
v 0.220588 0.243366 0.247133
vn 0.0232474 0 -0.0102332
v 0.0136792 0.149172 0.0276216
vn -0.0185889 -0.0152531 0.00818261
v 0.0136792 0.149172 0.0276216
vn 0.0185889 0.0152531 -0.00818261
v 0.265748 0.247075 0.240887
vn -0.0193359 0.0152531 0.0062151
v 0.265748 0.247075 0.240887
vn 0.0193359 -0.0152531 -0.0062151
v 0.390706 0.0260554 0.217943
vn -0.0220637 0 -0.0125839
v 0.390706 0.0260554 0.217943
vn 0.0220637 0 0.0125839
v -0.108402 0.134291 -0.0784006
vn -0.0220637 -0 0.0125839
v -0.0465178 0.187579 0.0299687
vn -0.0213821 0 0.0137102
v -0.13273 0.148332 -0.0614943
vn -0.0213821 0 0.0137102
v -0.13273 0.148332 -0.0614943
vn 0.0213821 0 -0.0137102
v -0.0465178 0.187579 0.0299687
vn 0.0213821 0 -0.0137102
v -0.108402 0.134291 -0.0784006
vn 0.0220637 0 -0.0125839
v -0.02219 0.173539 0.0130624
vn -0.0220637 -0 0.0125839
v -0.02219 0.173539 0.0130624
vn 0.0220637 0 -0.0125839
v 0.351335 0.0471523 0.208088
vn -0.0232474 0 -0.0102332
v 0.351335 0.0471523 0.208088
vn 0.0232474 0 0.0102332
v 0.140985 -0.0526172 -0.0436996
vn -0.0185889 -0.0152531 -0.00818261
v 0.140985 -0.0526172 -0.0436996
vn 0.0185889 0.0152531 0.00818261
v 0.144427 -0.0470411 -0.0114232
vn 0 0.0254 0
v 0.144427 -0.0470411 -0.0114232
vn 0 -0.0254 0
v -0.0846925 0.117432 -0.0935144
vn -0.0232474 -0 0.0102332
v 0.00151938 0.15668 -0.00205138
vn -0.0232474 -0 0.0102332
v 0.00151938 0.15668 -0.00205138
vn 0.0232474 0 -0.0102332
v -0.0846925 0.117432 -0.0935144
vn 0.0232474 0 -0.0102332
v 0.362895 -0.00211191 0.218331
vn -0.0171056 0.01524 -0.0109681
v 0.390706 0.0260554 0.217943
vn -0.0176424 0.0152531 -0.0100623
v 0.359142 0.0178848 0.213288
vn -0.0176424 0.0152531 -0.0100623
v 0.359142 0.0178848 0.213288
vn 0.0176424 -0.0152531 0.0100623
v 0.390706 0.0260554 0.217943
vn 0.0176424 -0.0152531 0.0100623
v 0.362895 -0.00211191 0.218331
vn 0.0171056 -0.01524 0.0109681
v 0.0689695 -0.154359 -0.121727
vn 0 0 -0.0254
v 0.0689695 -0.154359 -0.121727
vn 0 0 0.0254
v 0.0631013 -0.123084 -0.129616
vn -0.0220637 0 -0.0125839
v 0.0631013 -0.123084 -0.129616
vn 0.0220637 0 0.0125839
v 0.0208949 -0.199244 -0.0571524
vn 0.0151194 0.0179605 -0.00969454
v -0.0220958 -0.164156 -0.0885553
vn 0.0155909 0.0179726 -0.00889221
v -0.0220958 -0.164156 -0.0885553
vn -0.0155909 -0.0179726 0.00889221
v 0.0208949 -0.199244 -0.0571524
vn -0.0151194 -0.0179605 0.00969454
v 0.0102315 -0.144218 -0.127582
vn 0 0.0254 0
v 0.0102315 -0.144218 -0.127582
vn 0 -0.0254 0
v -0.173793 0.0697581 -0.0459416
vn 0.0028589 0.0251441 0.00218229
v -0.120733 -0.00684951 -0.0772158
vn 0.0028589 0.0251441 0.00218229
v -0.121132 -0.00365162 -0.0782119
vn 0.0028589 0.0251441 0.00218229
v -0.121132 -0.00365162 -0.0782119
vn -0.0028589 -0.0251441 -0.00218229
v -0.120733 -0.00684951 -0.0772158
vn -0.0028589 -0.0251441 -0.00218229
v -0.173793 0.0697581 -0.0459416
vn -0.0028589 -0.0251441 -0.00218229
v -0.148246 0.0936097 -0.0802565
vn 0 0.0179605 0.0179605
v -0.148246 0.0936097 -0.0802565
vn 0 -0.0179605 -0.0179605
v 0.396574 -0.0052196 0.225832
vn -0.0171056 0.01524 -0.0109681
v 0.396574 -0.0052196 0.225832
vn 0.0171056 -0.01524 0.0109681
v -0.0818242 -0.113162 -0.0541379
vn 0.00542193 0.0247729 -0.00143751
v -0.062822 -0.132345 -0.0638175
vn 0.00542193 0.0247729 -0.00143751
v -0.0902965 -0.0685612 -0.0794236
vn 0.00542193 0.0247729 -0.00143751
v -0.0902965 -0.0685612 -0.0794236
vn -0.00542193 -0.0247729 0.00143751
v -0.062822 -0.132345 -0.0638175
vn -0.00542193 -0.0247729 0.00143751
v -0.0818242 -0.113162 -0.0541379
vn -0.00542193 -0.0247729 0.00143751
v -0.0996455 -0.0920589 -0.0463953
vn 0.00597436 0.0246696 -0.000936574
v -0.0818242 -0.113162 -0.0541379
vn 0.00597436 0.0246696 -0.000936574
v -0.0966628 -0.0613486 -0.0765178
vn 0.00597436 0.0246696 -0.000936574
v -0.0966628 -0.0613486 -0.0765178
vn -0.00597436 -0.0246696 0.000936574
v -0.0818242 -0.113162 -0.0541379
vn -0.00597436 -0.0246696 0.000936574
v -0.0996455 -0.0920589 -0.0463953
vn -0.00597436 -0.0246696 0.000936574
v -0.062822 -0.132345 -0.0638175
vn 0.00473001 0.024891 -0.0017957
v -0.0428405 -0.149405 -0.0753315
vn 0.00473001 0.024891 -0.0017957
v -0.0834172 -0.0750112 -0.0831402
vn 0.00473001 0.024891 -0.0017957
v -0.0834172 -0.0750112 -0.0831402
vn -0.00473001 -0.024891 0.0017957
v -0.0428405 -0.149405 -0.0753315
vn -0.00473001 -0.024891 0.0017957
v -0.062822 -0.132345 -0.0638175
vn -0.00473001 -0.024891 0.0017957
v -0.0902965 -0.0685612 -0.0794236
vn 0 0.0254 0
v -0.112032 -0.0359433 -0.0729329
vn 0 0.0254 0
v -0.107589 -0.0449518 -0.0732549
vn 0 0.0254 0
v -0.107589 -0.0449518 -0.0732549
vn 0 -0.0254 0
v -0.112032 -0.0359433 -0.0729329
vn 0 -0.0254 0
v -0.0902965 -0.0685612 -0.0794236
vn 0 -0.0254 0
v -0.0834172 -0.0750112 -0.0831402
vn 0 0.0254 0
v -0.115728 -0.0265218 -0.0734913
vn 0 0.0254 0
v -0.115728 -0.0265218 -0.0734913
vn 0 -0.0254 0
v -0.0834172 -0.0750112 -0.0831402
vn 0 -0.0254 0
v -0.0966628 -0.0613486 -0.0765178
vn 0 0.0254 0
v -0.102448 -0.0534507 -0.0744541
vn 0 0.0254 0
v -0.102448 -0.0534507 -0.0744541
vn 0 -0.0254 0
v -0.0966628 -0.0613486 -0.0765178
vn 0 -0.0254 0
v -0.0760995 -0.0806284 -0.0876274
vn 0 0.0254 0
v -0.118639 -0.0167898 -0.0749241
vn 0 0.0254 0
v -0.118639 -0.0167898 -0.0749241
vn 0 -0.0254 0
v -0.0760995 -0.0806284 -0.0876274
vn 0 -0.0254 0
v -0.0996455 -0.0920589 -0.0463953
vn 0.00623496 0.0246198 -0.000385089
v -0.0966628 -0.0613486 -0.0765178
vn 0.00623496 0.0246198 -0.000385089
v -0.102448 -0.0534507 -0.0744541
vn 0.00623496 0.0246198 -0.000385089
v -0.102448 -0.0534507 -0.0744541
vn -0.00623496 -0.0246198 0.000385089
v -0.0966628 -0.0613486 -0.0765178
vn -0.00623496 -0.0246198 0.000385089
v -0.0996455 -0.0920589 -0.0463953
vn -0.00623496 -0.0246198 0.000385089
v -0.0428405 -0.149405 -0.0753315
vn 0.00400139 0.0250018 -0.00201496
v -0.0220958 -0.164156 -0.0885553
vn 0.00400139 0.0250018 -0.00201496
v -0.0760995 -0.0806284 -0.0876274
vn 0.00400139 0.0250018 -0.00201496
v -0.0760995 -0.0806284 -0.0876274
vn -0.00400139 -0.0250018 0.00201496
v -0.0220958 -0.164156 -0.0885553
vn -0.00400139 -0.0250018 0.00201496
v -0.0428405 -0.149405 -0.0753315
vn -0.00400139 -0.0250018 0.00201496
v -0.120733 -0.00684951 -0.0772158
vn 0 0.0254 0
v -0.120733 -0.00684951 -0.0772158
vn 0 -0.0254 0
v 0.35196 0.286322 0.33235
vn -0.0241815 -0 0.00777263
v 0.35196 0.286322 0.33235
vn 0.0241815 0 -0.00777263
v 0.35196 0.286322 0.33235
vn -0.0170874 -0.0179726 0.00549239
v 0.35196 0.286322 0.33235
vn 0.0170874 0.0179726 -0.00549239
v 0.364804 0.26982 0.384193
vn 0 -0.0254 0
v 0.364804 0.26982 0.384193
vn 0 0.0254 0
v 0.466852 0.10375 0.359266
vn -0.0164273 -0.0179726 -0.00723113
v 0.466852 0.10375 0.359266
vn 0.0164273 0.0179726 0.00723113
v 0.0350875 0.130895 0.0152854
vn -0.0241815 -0 0.00777263
v 0.0350875 0.130895 0.0152854
vn 0.0241815 0 -0.00777263
v 0.024355 0.137183 -0.0152099
vn -0.0193359 -0.0152531 0.0062151
v 0.024355 0.137183 -0.0152099
vn 0.0193359 0.0152531 -0.0062151
v 0.241996 0.225088 0.234797
vn -0.0193359 0.0152531 0.0062151
v 0.241996 0.225088 0.234797
vn 0.0193359 -0.0152531 -0.0062151
v 0.46859 0.0965224 0.30386
vn -0.0232474 0 -0.0102332
v 0.46859 0.0965224 0.30386
vn 0.0232474 0 0.0102332
v -0.13273 0.148332 -0.0614943
vn -0.0151194 0.0179605 0.00969454
v -0.141465 0.0896963 -0.0849684
vn -0.0155909 0.0179726 0.00889221
v -0.108402 0.134291 -0.0784006
vn -0.0155909 0.0179726 0.00889221
v -0.108402 0.134291 -0.0784006
vn 0.0155909 -0.0179726 -0.00889221
v -0.141465 0.0896963 -0.0849684
vn 0.0155909 -0.0179726 -0.00889221
v -0.13273 0.148332 -0.0614943
vn 0.0151194 -0.0179605 -0.00969454
v 0.144427 -0.0470411 -0.0114232
vn -0.0232474 0 -0.0102332
v 0.144427 -0.0470411 -0.0114232
vn 0.0232474 0 0.0102332
v 0.382378 0.0572751 0.212397
vn -0.0185889 0.0152531 -0.00818261
v 0.351335 0.0471523 0.208088
vn -0.0185889 0.0152531 -0.00818261
v 0.351335 0.0471523 0.208088
vn 0.0185889 -0.0152531 0.00818261
v 0.382378 0.0572751 0.212397
vn 0.0185889 -0.0152531 0.00818261
v 0.144427 -0.0470411 -0.0114232
vn -0.0185889 -0.0152531 -0.00818261
v 0.144427 -0.0470411 -0.0114232
vn 0.0185889 0.0152531 0.00818261
v 0.140985 -0.0526172 -0.0436996
vn -0.0232474 0 -0.0102332
v 0.140985 -0.0526172 -0.0436996
vn 0.0232474 0 0.0102332
v 0.134397 -0.0181398 -0.0143711
vn 0 0.0254 0
v 0.134397 -0.0181398 -0.0143711
vn 0 -0.0254 0
v -0.0618568 0.0979356 -0.106673
vn -0.0241815 -0 0.00777263
v -0.0618568 0.0979356 -0.106673
vn 0.0241815 0 -0.00777263
v 0.0689695 -0.154359 -0.121727
vn 0 0.0179605 -0.0179605
v -0.0153153 -0.16807 -0.0932672
vn 0 0.0179605 -0.0179605
v 0.0208949 -0.199244 -0.0571524
vn 0 0.0179605 -0.0179605
v 0.0208949 -0.199244 -0.0571524
vn 0 -0.0179605 0.0179605
v -0.0153153 -0.16807 -0.0932672
vn 0 -0.0179605 0.0179605
v 0.0689695 -0.154359 -0.121727
vn 0 -0.0179605 0.0179605
v 0.00859581 -0.135501 -0.129781
vn -0.0155909 0.0179726 -0.00889221
v 0.0689695 -0.154359 -0.121727
vn -0.0151194 0.0179605 -0.00969454
v 0.0631013 -0.123084 -0.129616
vn -0.0155909 0.0179726 -0.00889221
v 0.0631013 -0.123084 -0.129616
vn 0.0155909 -0.0179726 0.00889221
v 0.0689695 -0.154359 -0.121727
vn 0.0151194 -0.0179605 0.00969454
v 0.00859581 -0.135501 -0.129781
vn 0.0155909 -0.0179726 0.00889221
v -0.0153153 -0.16807 -0.0932672
vn 0.0151194 0.0179605 -0.00969454
v -0.0153153 -0.16807 -0.0932672
vn -0.0151194 -0.0179605 0.00969454
v -0.148246 0.0936097 -0.0802565
vn 0 0.0254 0
v -0.148246 0.0936097 -0.0802565
vn 0 -0.0254 0
v 0.0102315 -0.144218 -0.127582
vn 0 0.0179605 -0.0179605
v 0.0102315 -0.144218 -0.127582
vn 0 -0.0179605 0.0179605
v -0.0552847 -0.0766605 -0.10895
vn 0 0.0252636 -0.00262882
v -0.0153153 -0.16807 -0.0932672
vn 0 0.0252636 -0.00262882
v 0.0102315 -0.144218 -0.127582
vn 0 0.0252636 -0.00262882
v 0.0102315 -0.144218 -0.127582
vn -0 -0.0252636 0.00262882
v -0.0153153 -0.16807 -0.0932672
vn -0 -0.0252636 0.00262882
v -0.0552847 -0.0766605 -0.10895
vn -0 -0.0252636 0.00262882
v -0.0220958 -0.164156 -0.0885553
vn 0.00330713 0.0250943 -0.00212052
v -0.0153153 -0.16807 -0.0932672
vn 0.00330713 0.0250943 -0.00212052
v -0.0684206 -0.0853542 -0.0928375
vn 0.00330713 0.0250943 -0.00212052
v -0.0684206 -0.0853542 -0.0928375
vn -0.00330713 -0.0250943 0.00212052
v -0.0153153 -0.16807 -0.0932672
vn -0.00330713 -0.0250943 0.00212052
v -0.0220958 -0.164156 -0.0885553
vn -0.00330713 -0.0250943 0.00212052
v -0.0658862 -0.0865585 -0.0947096
vn 0 0.0254 0
v -0.121132 -0.00365162 -0.0782119
vn 0 0.0254 0
v -0.121132 -0.00365162 -0.0782119
vn 0 -0.0254 0
v -0.0658862 -0.0865585 -0.0947096
vn 0 -0.0254 0
v -0.115831 0.0012974 -0.085332
vn 0 0.0252636 0.00262882
v -0.173793 0.0697581 -0.0459416
vn 0 0.0252636 0.00262882
v -0.121132 -0.00365162 -0.0782119
vn 0 0.0252636 0.00262882
v -0.121132 -0.00365162 -0.0782119
vn 0 -0.0252636 -0.00262882
v -0.173793 0.0697581 -0.0459416
vn 0 -0.0252636 -0.00262882
v -0.115831 0.0012974 -0.085332
vn 0 -0.0252636 -0.00262882
v -0.11053 0.00624642 -0.0924521
vn 0 0.0252636 0.00262882
v -0.148246 0.0936097 -0.0802565
vn 0 0.0252636 0.00262882
v -0.148246 0.0936097 -0.0802565
vn 0 -0.0252636 -0.00262882
v -0.11053 0.00624642 -0.0924521
vn 0 -0.0252636 -0.00262882
v -0.148246 0.0936097 -0.0802565
vn -0.0151194 0.0179605 0.00969454
v -0.148246 0.0936097 -0.0802565
vn 0.0151194 -0.0179605 -0.00969454
v -0.062822 -0.132345 -0.0638175
vn 0.00506633 0.0248382 -0.00159908
v -0.0834172 -0.0750112 -0.0831402
vn 0.00506633 0.0248382 -0.00159908
v -0.0902965 -0.0685612 -0.0794236
vn 0.00506633 0.0248382 -0.00159908
v -0.0902965 -0.0685612 -0.0794236
vn -0.00506633 -0.0248382 0.00159908
v -0.0834172 -0.0750112 -0.0831402
vn -0.00506633 -0.0248382 0.00159908
v -0.062822 -0.132345 -0.0638175
vn -0.00506633 -0.0248382 0.00159908
v -0.0818242 -0.113162 -0.0541379
vn 0.00578371 0.0247092 -0.00107937
v -0.0902965 -0.0685612 -0.0794236
vn 0.00578371 0.0247092 -0.00107937
v -0.0966628 -0.0613486 -0.0765178
vn 0.00578371 0.0247092 -0.00107937
v -0.0966628 -0.0613486 -0.0765178
vn -0.00578371 -0.0247092 0.00107937
v -0.0902965 -0.0685612 -0.0794236
vn -0.00578371 -0.0247092 0.00107937
v -0.0818242 -0.113162 -0.0541379
vn -0.00578371 -0.0247092 0.00107937
v -0.0428405 -0.149405 -0.0753315
vn 0.00425597 0.0249669 -0.00192349
v -0.0760995 -0.0806284 -0.0876274
vn 0.00425597 0.0249669 -0.00192349
v -0.0834172 -0.0750112 -0.0831402
vn 0.00425597 0.0249669 -0.00192349
v -0.0834172 -0.0750112 -0.0831402
vn -0.00425597 -0.0249669 0.00192349
v -0.0760995 -0.0806284 -0.0876274
vn -0.00425597 -0.0249669 0.00192349
v -0.0428405 -0.149405 -0.0753315
vn -0.00425597 -0.0249669 0.00192349
v -0.0220958 -0.164156 -0.0885553
vn 0.00347848 0.0250741 -0.00208529
v -0.0684206 -0.0853542 -0.0928375
vn 0.00347848 0.0250741 -0.00208529
v -0.0760995 -0.0806284 -0.0876274
vn 0.00347848 0.0250741 -0.00208529
v -0.0760995 -0.0806284 -0.0876274
vn -0.00347848 -0.0250741 0.00208529
v -0.0684206 -0.0853542 -0.0928375
vn -0.00347848 -0.0250741 0.00208529
v -0.0220958 -0.164156 -0.0885553
vn -0.00347848 -0.0250741 0.00208529
v -0.0684206 -0.0853542 -0.0928375
vn 0 0.0254 0
v -0.0684206 -0.0853542 -0.0928375
vn 0 -0.0254 0
v 0.287467 0.22515 0.229823
vn -0.024856 -0 0.00522859
v 0.287467 0.22515 0.229823
vn 0.024856 0 -0.00522859
v 0.383806 0.250637 0.374514
vn -0.017564 -0.0179726 0.00369468
v 0.383806 0.250637 0.374514
vn 0.017564 0.0179726 -0.00369468
v 0.457491 0.130725 0.356514
vn 0 -0.0254 0
v 0.457491 0.130725 0.356514
vn 0 0.0254 0
v 0.46859 0.0965224 0.30386
vn -0.0164273 -0.0179726 -0.00723113
v 0.46859 0.0965224 0.30386
vn 0.0164273 0.0179726 0.00723113
v 0.241996 0.225088 0.234797
vn -0.0241815 -0 0.00777263
v 0.241996 0.225088 0.234797
vn 0.0241815 0 -0.00777263
v 0.0350875 0.130895 0.0152854
vn 0 0.0254 0
v 0.0350875 0.130895 0.0152854
vn 0 -0.0254 0
v 0.0350875 0.130895 0.0152854
vn -0.0193359 -0.0152531 0.0062151
v 0.0350875 0.130895 0.0152854
vn 0.0193359 0.0152531 -0.0062151
v 0.024355 0.137183 -0.0152099
vn -0.0241815 -0 0.00777263
v 0.024355 0.137183 -0.0152099
vn 0.0241815 0 -0.00777263
v 0.287467 0.22515 0.229823
vn -0.0198752 0.0152531 0.00418084
v 0.287467 0.22515 0.229823
vn 0.0198752 -0.0152531 -0.00418084
v 0.382378 0.0572751 0.212397
vn -0.0232474 0 -0.0102332
v 0.382378 0.0572751 0.212397
vn 0.0232474 0 0.0102332
v -0.120721 0.0749449 -0.0981923
vn -0.0164273 0.0179726 0.00723113
v -0.120721 0.0749449 -0.0981923
vn 0.0164273 -0.0179726 -0.00723113
v -0.0846925 0.117432 -0.0935144
vn -0.0164273 0.0179726 0.00723113
v -0.0846925 0.117432 -0.0935144
vn 0.0164273 -0.0179726 -0.00723113
v 0.341306 0.0760536 0.20514
vn -0.0241815 0 -0.00777263
v 0.341306 0.0760536 0.20514
vn 0.0241815 0 0.00777263
v 0.371679 0.0881035 0.209253
vn -0.0193359 0.0152531 -0.0062151
v 0.371679 0.0881035 0.209253
vn 0.0193359 -0.0152531 0.0062151
v 0.130286 -0.0217888 -0.0468438
vn -0.0193359 -0.0152531 -0.0062151
v 0.130286 -0.0217888 -0.0468438
vn 0.0193359 0.0152531 0.0062151
v 0.0547731 -0.0918644 -0.135163
vn -0.0232474 0 -0.0102332
v 0.0547731 -0.0918644 -0.135163
vn 0.0232474 0 0.0102332
v 0.134397 -0.0181398 -0.0143711
vn -0.0241815 0 -0.00777263
v 0.134397 -0.0181398 -0.0143711
vn 0.0241815 0 0.00777263
v 0.134397 -0.0181398 -0.0143711
vn -0.0193359 -0.0152531 -0.0062151
v 0.134397 -0.0181398 -0.0143711
vn 0.0193359 0.0152531 0.0062151
v -0.100739 0.0578853 -0.109706
vn -0.0170874 0.0179726 0.00549239
v -0.0618568 0.0979356 -0.106673
vn -0.0170874 0.0179726 0.00549239
v -0.0618568 0.0979356 -0.106673
vn 0.0170874 -0.0179726 -0.00549239
v -0.100739 0.0578853 -0.109706
vn 0.0170874 -0.0179726 -0.00549239
v 0.0102315 -0.144218 -0.127582
vn -0.0151194 0.0179605 -0.00969454
v 0.0102315 -0.144218 -0.127582
vn 0.0151194 -0.0179605 0.00969454
v 0.00130871 -0.108185 -0.134634
vn -0.0164273 0.0179726 -0.00723113
v 0.00130871 -0.108185 -0.134634
vn 0.0164273 -0.0179726 0.00723113
v -0.141465 0.0896963 -0.0849684
vn 0 0.0254 0
v -0.141465 0.0896963 -0.0849684
vn 0 -0.0254 0
v -0.0605855 -0.0816095 -0.10183
vn 0 0.0252636 -0.00262882
v -0.0605855 -0.0816095 -0.10183
vn -0 -0.0252636 0.00262882
v -0.0552847 -0.0766605 -0.10895
vn -0.0028589 0.0251441 -0.00218229
v 0.0102315 -0.144218 -0.127582
vn -0.0028589 0.0251441 -0.00218229
v -0.0556837 -0.0734626 -0.109946
vn -0.0028589 0.0251441 -0.00218229
v -0.0556837 -0.0734626 -0.109946
vn 0.0028589 -0.0251441 0.00218229
v 0.0102315 -0.144218 -0.127582
vn 0.0028589 -0.0251441 0.00218229
v -0.0552847 -0.0766605 -0.10895
vn 0.0028589 -0.0251441 0.00218229
v -0.0153153 -0.16807 -0.0932672
vn 0.0028589 0.0251441 -0.00218229
v -0.0658862 -0.0865585 -0.0947096
vn 0.0028589 0.0251441 -0.00218229
v -0.0684206 -0.0853542 -0.0928375
vn 0.0028589 0.0251441 -0.00218229
v -0.0684206 -0.0853542 -0.0928375
vn -0.0028589 -0.0251441 0.00218229
v -0.0658862 -0.0865585 -0.0947096
vn -0.0028589 -0.0251441 0.00218229
v -0.0153153 -0.16807 -0.0932672
vn -0.0028589 -0.0251441 0.00218229
v -0.0605855 -0.0816095 -0.10183
vn 0 0.0254 0
v -0.0605855 -0.0816095 -0.10183
vn 0 -0.0254 0
v -0.115831 0.0012974 -0.085332
vn 0 0.0254 0
v -0.115831 0.0012974 -0.085332
vn 0 -0.0254 0
v -0.11053 0.00624642 -0.0924521
vn -0.0028589 0.0251441 0.00218229
v -0.107996 0.00504216 -0.0943242
vn -0.0028589 0.0251441 0.00218229
v -0.148246 0.0936097 -0.0802565
vn -0.0028589 0.0251441 0.00218229
v -0.148246 0.0936097 -0.0802565
vn 0.0028589 -0.0251441 -0.00218229
v -0.107996 0.00504216 -0.0943242
vn 0.0028589 -0.0251441 -0.00218229
v -0.11053 0.00624642 -0.0924521
vn 0.0028589 -0.0251441 -0.00218229
v -0.107996 0.00504216 -0.0943242
vn -0.00330713 0.0250943 0.00212052
v -0.141465 0.0896963 -0.0849684
vn -0.00330713 0.0250943 0.00212052
v -0.148246 0.0936097 -0.0802565
vn -0.00330713 0.0250943 0.00212052
v -0.148246 0.0936097 -0.0802565
vn 0.00330713 -0.0250943 -0.00212052
v -0.141465 0.0896963 -0.0849684
vn 0.00330713 -0.0250943 -0.00212052
v -0.107996 0.00504216 -0.0943242
vn 0.00330713 -0.0250943 -0.00212052
v 0.373678 0.264397 0.321286
vn -0.024856 -0 0.00522859
v 0.373678 0.264397 0.321286
vn 0.024856 0 -0.00522859
v 0.373678 0.264397 0.321286
vn -0.017564 -0.0179726 0.00369468
v 0.373678 0.264397 0.321286
vn 0.017564 0.0179726 -0.00369468
v 0.383806 0.250637 0.374514
vn 0 -0.0254 0
v 0.383806 0.250637 0.374514
vn 0 0.0254 0
v 0.457491 0.130725 0.356514
vn -0.0170874 -0.0179726 -0.00549239
v 0.457491 0.130725 0.356514
vn 0.0170874 0.0179726 0.00549239
v 0.0554489 0.11034 0.00491333
vn -0.024856 -0 0.00522859
v 0.0554489 0.11034 0.00491333
vn 0.024856 0 -0.00522859
v 0.0554489 0.11034 0.00491333
vn 0 0.0254 0
v 0.0554489 0.11034 0.00491333
vn 0 -0.0254 0
v 0.0460734 0.115258 -0.0262732
vn -0.0198752 -0.0152531 0.00418084
v 0.0460734 0.115258 -0.0262732
vn 0.0198752 0.0152531 -0.00418084
v -0.0401384 0.0760107 -0.117736
vn -0.024856 -0 0.00522859
v -0.0401384 0.0760107 -0.117736
vn 0.024856 0 -0.00522859
v 0.262357 0.204533 0.224425
vn -0.0198752 0.0152531 0.00418084
v 0.262357 0.204533 0.224425
vn 0.0198752 -0.0152531 -0.00418084
v 0.457891 0.127351 0.300716
vn -0.0241815 0 -0.00777263
v 0.457891 0.127351 0.300716
vn 0.0241815 0 0.00777263
v 0.00130871 -0.108185 -0.134634
vn 0 0.0254 0
v -0.120721 0.0749449 -0.0981923
vn 0 0.0254 0
v -0.120721 0.0749449 -0.0981923
vn 0 -0.0254 0
v 0.00130871 -0.108185 -0.134634
vn 0 -0.0254 0
v -0.100317 0.000316284 -0.0995344
vn -0.00400139 0.0250018 0.00201496
v -0.120721 0.0749449 -0.0981923
vn -0.00400139 0.0250018 0.00201496
v -0.141465 0.0896963 -0.0849684
vn -0.00400139 0.0250018 0.00201496
v -0.141465 0.0896963 -0.0849684
vn 0.00400139 -0.0250018 -0.00201496
v -0.120721 0.0749449 -0.0981923
vn 0.00400139 -0.0250018 -0.00201496
v -0.100317 0.000316284 -0.0995344
vn 0.00400139 -0.0250018 -0.00201496
v 0.341306 0.0760536 0.20514
vn -0.0193359 0.0152531 -0.0062151
v 0.341306 0.0760536 0.20514
vn 0.0193359 -0.0152531 0.0062151
v 0.371679 0.0881035 0.209253
vn -0.0241815 0 -0.00777263
v 0.371679 0.0881035 0.209253
vn 0.0241815 0 0.00777263
v 0.130286 -0.0217888 -0.0468438
vn -0.0241815 0 -0.00777263
v 0.130286 -0.0217888 -0.0468438
vn 0.0241815 0 0.00777263
v 0.0547731 -0.0918644 -0.135163
vn -0.0164273 0.0179726 -0.00723113
v 0.0547731 -0.0918644 -0.135163
vn 0.0164273 -0.0179726 0.00723113
v 0.329161 0.10428 0.204475
vn -0.024856 0 -0.00522859
v 0.329161 0.10428 0.204475
vn 0.024856 0 0.00522859
v 0.117333 0.00831903 -0.0475531
vn -0.0198752 -0.0152531 -0.00418084
v 0.117333 0.00831903 -0.0475531
vn 0.0198752 0.0152531 0.00418084
v -0.0817371 0.0387022 -0.119386
vn -0.017564 0.0179726 0.00369468
v -0.0817371 0.0387022 -0.119386
vn 0.017564 -0.0179726 -0.00369468
v 0.00859581 -0.135501 -0.129781
vn 0 0.0254 0
v 0.00859581 -0.135501 -0.129781
vn 0 -0.0254 0
v -0.0556837 -0.0734626 -0.109946
vn -0.00330713 0.0250943 -0.00212052
v 0.0102315 -0.144218 -0.127582
vn -0.00330713 0.0250943 -0.00212052
v 0.00859581 -0.135501 -0.129781
vn -0.00330713 0.0250943 -0.00212052
v 0.00859581 -0.135501 -0.129781
vn 0.00330713 -0.0250943 0.00212052
v 0.0102315 -0.144218 -0.127582
vn 0.00330713 -0.0250943 0.00212052
v -0.0556837 -0.0734626 -0.109946
vn 0.00330713 -0.0250943 0.00212052
v -0.0577776 -0.0635223 -0.112238
vn -0.00400139 0.0250018 -0.00201496
v 0.00859581 -0.135501 -0.129781
vn -0.00400139 0.0250018 -0.00201496
v 0.00130871 -0.108185 -0.134634
vn -0.00400139 0.0250018 -0.00201496
v 0.00130871 -0.108185 -0.134634
vn 0.00400139 -0.0250018 0.00201496
v 0.00859581 -0.135501 -0.129781
vn 0.00400139 -0.0250018 0.00201496
v -0.0577776 -0.0635223 -0.112238
vn 0.00400139 -0.0250018 0.00201496
v -0.0552847 -0.0766605 -0.10895
vn 0 0.0254 0
v -0.0552847 -0.0766605 -0.10895
vn 0 -0.0254 0
v -0.0658862 -0.0865585 -0.0947096
vn 0 0.0252636 -0.00262882
v -0.0658862 -0.0865585 -0.0947096
vn -0 -0.0252636 0.00262882
v -0.0556837 -0.0734626 -0.109946
vn 0 0.0254 0
v -0.107996 0.00504216 -0.0943242
vn 0 0.0254 0
v -0.107996 0.00504216 -0.0943242
vn 0 -0.0254 0
v -0.0556837 -0.0734626 -0.109946
vn 0 -0.0254 0
v -0.11053 0.00624642 -0.0924521
vn 0 0.0254 0
v -0.11053 0.00624642 -0.0924521
vn 0 -0.0254 0
v -0.107996 0.00504216 -0.0943242
vn -0.00347848 0.0250741 0.00208529
v -0.100317 0.000316284 -0.0995344
vn -0.00347848 0.0250741 0.00208529
v -0.141465 0.0896963 -0.0849684
vn -0.00347848 0.0250741 0.00208529
v -0.141465 0.0896963 -0.0849684
vn 0.00347848 -0.0250741 -0.00208529
v -0.100317 0.000316284 -0.0995344
vn 0.00347848 -0.0250741 -0.00208529
v -0.107996 0.00504216 -0.0943242
vn 0.00347848 -0.0250741 -0.00208529
v 0.307834 0.201033 0.220974
vn -0.0252636 -0 0.00262842
v 0.307834 0.201033 0.220974
vn 0.0252636 0 -0.00262842
v 0.401628 0.229534 0.366771
vn -0.0178521 -0.0179726 0.00185732
v 0.401628 0.229534 0.366771
vn 0.0178521 0.0179726 -0.00185732
v 0.446157 0.157067 0.355894
vn 0 -0.0254 0
v 0.446157 0.157067 0.355894
vn 0 0.0254 0
v 0.457891 0.127351 0.300716
vn -0.0170874 -0.0179726 -0.00549239
v 0.457891 0.127351 0.300716
vn 0.0170874 0.0179726 0.00549239
v 0.262357 0.204533 0.224425
vn -0.024856 -0 0.00522859
v 0.262357 0.204533 0.224425
vn 0.024856 0 -0.00522859
v 0.0554489 0.11034 0.00491333
vn -0.0198752 -0.0152531 0.00418084
v 0.0554489 0.11034 0.00491333
vn 0.0198752 0.0152531 -0.00418084
v 0.122253 0.0100868 -0.0150361
vn 0 0.0254 0
v 0.122253 0.0100868 -0.0150361
vn 0 -0.0254 0
v 0.0460734 0.115258 -0.0262732
vn -0.024856 -0 0.00522859
v 0.0460734 0.115258 -0.0262732
vn 0.024856 0 -0.00522859
v -0.0401384 0.0760107 -0.117736
vn -0.017564 0.0179726 0.00369468
v -0.0401384 0.0760107 -0.117736
vn 0.017564 -0.0179726 -0.00369468
v 0.307834 0.201033 0.220974
vn -0.0202011 0.0152531 0.0021017
v 0.307834 0.201033 0.220974
vn 0.0202011 -0.0152531 -0.0021017
v -0.00805245 -0.0812101 -0.137385
vn 0 0.0254 0
v -0.00805245 -0.0812101 -0.137385
vn 0 -0.0254 0
v -0.100317 0.000316284 -0.0995344
vn -0.00425597 0.0249669 0.00192349
v -0.092999 -0.00530091 -0.104022
vn -0.00425597 0.0249669 0.00192349
v -0.120721 0.0749449 -0.0981923
vn -0.00425597 0.0249669 0.00192349
v -0.120721 0.0749449 -0.0981923
vn 0.00425597 -0.0249669 -0.00192349
v -0.092999 -0.00530091 -0.104022
vn 0.00425597 -0.0249669 -0.00192349
v -0.100317 0.000316284 -0.0995344
vn 0.00425597 -0.0249669 -0.00192349
v -0.100739 0.0578853 -0.109706
vn 0 0.0254 0
v -0.100739 0.0578853 -0.109706
vn 0 -0.0254 0
v -0.092999 -0.00530091 -0.104022
vn -0.00473001 0.024891 0.0017957
v -0.100739 0.0578853 -0.109706
vn -0.00473001 0.024891 0.0017957
v -0.120721 0.0749449 -0.0981923
vn -0.00473001 0.024891 0.0017957
v -0.120721 0.0749449 -0.0981923
vn 0.00473001 -0.024891 -0.0017957
v -0.100739 0.0578853 -0.109706
vn 0.00473001 -0.024891 -0.0017957
v -0.092999 -0.00530091 -0.104022
vn 0.00473001 -0.024891 -0.0017957
v 0.358726 0.118211 0.208543
vn -0.0198752 0.0152531 -0.00418084
v 0.358726 0.118211 0.208543
vn 0.0198752 -0.0152531 0.00418084
v 0.444937 0.157459 0.300006
vn -0.024856 0 -0.00522859
v 0.444937 0.157459 0.300006
vn 0.024856 0 0.00522859
v 0.0440745 -0.0610361 -0.138307
vn -0.0241815 0 -0.00777263
v 0.0440745 -0.0610361 -0.138307
vn 0.0241815 0 0.00777263
v -0.00805245 -0.0812101 -0.137385
vn -0.0170874 0.0179726 -0.00549239
v -0.00805245 -0.0812101 -0.137385
vn 0.0170874 -0.0179726 0.00549239
v 0.122253 0.0100868 -0.0150361
vn -0.024856 0 -0.00522859
v 0.122253 0.0100868 -0.0150361
vn 0.024856 0 0.00522859
v 0.329161 0.10428 0.204475
vn -0.0198752 0.0152531 -0.00418084
v 0.329161 0.10428 0.204475
vn 0.0198752 -0.0152531 0.00418084
v 0.122253 0.0100868 -0.0150361
vn -0.0198752 -0.0152531 -0.00418084
v 0.122253 0.0100868 -0.0150361
vn 0.0198752 0.0152531 0.00418084
v 0.117333 0.00831903 -0.0475531
vn -0.024856 0 -0.00522859
v 0.117333 0.00831903 -0.0475531
vn 0.024856 0 0.00522859
v -0.0193864 -0.0548677 -0.138005
vn 0 0.0254 0
v -0.0817371 0.0387022 -0.119386
vn 0 0.0254 0
v -0.0817371 0.0387022 -0.119386
vn 0 -0.0254 0
v -0.0193864 -0.0548677 -0.138005
vn 0 -0.0254 0
v -0.0861197 -0.0117509 -0.107738
vn -0.00542193 0.0247729 0.00143751
v -0.0817371 0.0387022 -0.119386
vn -0.00542193 0.0247729 0.00143751
v -0.100739 0.0578853 -0.109706
vn -0.00542193 0.0247729 0.00143751
v -0.100739 0.0578853 -0.109706
vn 0.00542193 -0.0247729 -0.00143751
v -0.0817371 0.0387022 -0.119386
vn 0.00542193 -0.0247729 -0.00143751
v -0.0861197 -0.0117509 -0.107738
vn 0.00542193 -0.0247729 -0.00143751
v -0.0556837 -0.0734626 -0.109946
vn -0.00347848 0.0250741 -0.00208529
v 0.00859581 -0.135501 -0.129781
vn -0.00347848 0.0250741 -0.00208529
v -0.0577776 -0.0635223 -0.112238
vn -0.00347848 0.0250741 -0.00208529
v -0.0577776 -0.0635223 -0.112238
vn 0.00347848 -0.0250741 0.00208529
v 0.00859581 -0.135501 -0.129781
vn 0.00347848 -0.0250741 0.00208529
v -0.0556837 -0.0734626 -0.109946
vn 0.00347848 -0.0250741 0.00208529
v -0.0577776 -0.0635223 -0.112238
vn -0.00425597 0.0249669 -0.00192349
v 0.00130871 -0.108185 -0.134634
vn -0.00425597 0.0249669 -0.00192349
v -0.060688 -0.0537902 -0.11367
vn -0.00425597 0.0249669 -0.00192349
v -0.060688 -0.0537902 -0.11367
vn 0.00425597 -0.0249669 0.00192349
v 0.00130871 -0.108185 -0.134634
vn 0.00425597 -0.0249669 0.00192349
v -0.0577776 -0.0635223 -0.112238
vn 0.00425597 -0.0249669 0.00192349
v -0.0577776 -0.0635223 -0.112238
vn 0 0.0254 0
v -0.0577776 -0.0635223 -0.112238
vn 0 -0.0254 0
v -0.100317 0.000316284 -0.0995344
vn 0 0.0254 0
v -0.100317 0.000316284 -0.0995344
vn 0 -0.0254 0
v 0.394045 0.24028 0.312437
vn -0.0252636 -0 0.00262842
v 0.394045 0.24028 0.312437
vn 0.0252636 0 -0.00262842
v 0.394045 0.24028 0.312437
vn -0.0178521 -0.0179726 0.00185732
v 0.394045 0.24028 0.312437
vn 0.0178521 0.0179726 -0.00185732
v 0.401628 0.229534 0.366771
vn 0 -0.0254 0
v 0.401628 0.229534 0.366771
vn 0 0.0254 0
v 0.446157 0.157067 0.355894
vn -0.017564 -0.0179726 -0.00369468
v 0.446157 0.157067 0.355894
vn 0.017564 0.0179726 0.00369468
v 0.0745423 0.0877298 -0.00338187
vn -0.0252636 -0 0.00262842
v 0.0745423 0.0877298 -0.00338187
vn 0.0252636 0 -0.00262842
v 0.0664405 0.0911405 -0.035122
vn -0.0202011 -0.0152531 0.0021017
v 0.0664405 0.0911405 -0.035122
vn 0.0202011 0.0152531 -0.0021017
v 0.108125 0.0373325 -0.0134105
vn 0 0.0254 0
v 0.108125 0.0373325 -0.0134105
vn 0 -0.0254 0
v -0.0197714 0.0518933 -0.126585
vn -0.0252636 -0 0.00262842
v -0.0197714 0.0518933 -0.126585
vn 0.0252636 0 -0.00262842
v -0.0639157 0.017599 -0.127128
vn -0.0178521 0.0179726 0.00185732
v -0.0639157 0.017599 -0.127128
vn 0.0178521 -0.0179726 -0.00185732
v 0.281451 0.181923 0.216129
vn -0.0202011 0.0152531 0.0021017
v 0.281451 0.181923 0.216129
vn 0.0202011 -0.0152531 -0.0021017
v -0.060688 -0.0537902 -0.11367
vn -0.00473001 0.024891 -0.0017957
v 0.00130871 -0.108185 -0.134634
vn -0.00473001 0.024891 -0.0017957
v -0.00805245 -0.0812101 -0.137385
vn -0.00473001 0.024891 -0.0017957
v -0.00805245 -0.0812101 -0.137385
vn 0.00473001 -0.024891 0.0017957
v 0.00130871 -0.108185 -0.134634
vn 0.00473001 -0.024891 0.0017957
v -0.060688 -0.0537902 -0.11367
vn 0.00473001 -0.024891 0.0017957
v -0.060688 -0.0537902 -0.11367
vn 0 0.0254 0
v -0.092999 -0.00530091 -0.104022
vn 0 0.0254 0
v -0.092999 -0.00530091 -0.104022
vn 0 -0.0254 0
v -0.060688 -0.0537902 -0.11367
vn 0 -0.0254 0
v -0.092999 -0.00530091 -0.104022
vn -0.00506633 0.0248382 0.00159908
v -0.0861197 -0.0117509 -0.107738
vn -0.00506633 0.0248382 0.00159908
v -0.100739 0.0578853 -0.109706
vn -0.00506633 0.0248382 0.00159908
v -0.100739 0.0578853 -0.109706
vn 0.00506633 -0.0248382 -0.00159908
v -0.0861197 -0.0117509 -0.107738
vn 0.00506633 -0.0248382 -0.00159908
v -0.092999 -0.00530091 -0.104022
vn 0.00506633 -0.0248382 -0.00159908
v 0.358726 0.118211 0.208543
vn -0.024856 0 -0.00522859
v 0.358726 0.118211 0.208543
vn 0.024856 0 0.00522859
v 0.444937 0.157459 0.300006
vn -0.017564 -0.0179726 -0.00369468
v 0.444937 0.157459 0.300006
vn 0.017564 0.0179726 0.00369468
v 0.0440745 -0.0610361 -0.138307
vn -0.0170874 0.0179726 -0.00549239
v 0.0440745 -0.0610361 -0.138307
vn 0.0170874 -0.0179726 0.00549239
v 0.315033 0.131526 0.206101
vn -0.0252636 0 -0.00262842
v 0.315033 0.131526 0.206101
vn 0.0252636 0 0.00262842
v 0.343656 0.147274 0.210277
vn -0.0202011 0.0152531 -0.0021017
v 0.343656 0.147274 0.210277
vn 0.0202011 -0.0152531 0.0021017
v 0.102263 0.0373821 -0.0458195
vn -0.0202011 -0.0152531 -0.0021017
v 0.102263 0.0373821 -0.0458195
vn 0.0202011 0.0152531 0.0021017
v 0.0311207 -0.0309282 -0.139016
vn -0.024856 0 -0.00522859
v 0.0311207 -0.0309282 -0.139016
vn 0.024856 0 0.00522859
v -0.032573 -0.0294372 -0.136488
vn 0 0.0254 0
v -0.032573 -0.0294372 -0.136488
vn 0 -0.0254 0
v -0.0861197 -0.0117509 -0.107738
vn -0.00578371 0.0247092 0.00107937
v -0.0797534 -0.0189635 -0.110644
vn -0.00578371 0.0247092 0.00107937
v -0.0817371 0.0387022 -0.119386
vn -0.00578371 0.0247092 0.00107937
v -0.0817371 0.0387022 -0.119386
vn 0.00578371 -0.0247092 -0.00107937
v -0.0797534 -0.0189635 -0.110644
vn 0.00578371 -0.0247092 -0.00107937
v -0.0861197 -0.0117509 -0.107738
vn 0.00578371 -0.0247092 -0.00107937
v 0.32663 0.17498 0.214436
vn -0.0254 -0 0
v 0.32663 0.17498 0.214436
vn 0.0254 0 0
v 0.418074 0.206739 0.36105
vn -0.0179484 -0.0179726 0
v 0.418074 0.206739 0.36105
vn 0.0179484 0.0179726 0
v 0.43297 0.182498 0.357411
vn 0 -0.0254 0
v 0.43297 0.182498 0.357411
vn 0 0.0254 0
v 0.281451 0.181923 0.216129
vn -0.0252636 -0 0.00262842
v 0.281451 0.181923 0.216129
vn 0.0252636 0 -0.00262842
v 0.0745423 0.0877298 -0.00338187
vn 0 0.0254 0
v 0.0745423 0.0877298 -0.00338187
vn 0 -0.0254 0
v 0.0745423 0.0877298 -0.00338187
vn -0.0202011 -0.0152531 0.0021017
v 0.0745423 0.0877298 -0.00338187
vn 0.0202011 0.0152531 -0.0021017
v 0.0664405 0.0911405 -0.035122
vn -0.0252636 -0 0.00262842
v 0.0664405 0.0911405 -0.035122
vn 0.0252636 0 -0.00262842
v 0.108125 0.0373325 -0.0134105
vn -0.0252636 0 -0.00262842
v 0.108125 0.0373325 -0.0134105
vn 0.0252636 0 0.00262842
v 0.108125 0.0373325 -0.0134105
vn -0.0202011 -0.0152531 -0.0021017
v 0.108125 0.0373325 -0.0134105
vn 0.0202011 0.0152531 0.0021017
v -0.0197714 0.0518933 -0.126585
vn -0.0178521 0.0179726 0.00185732
v -0.0197714 0.0518933 -0.126585
vn 0.0178521 -0.0179726 -0.00185732
v -0.0639157 0.017599 -0.127128
vn 0 0.0254 0
v -0.0639157 0.017599 -0.127128
vn 0 -0.0254 0
v -0.0797534 -0.0189635 -0.110644
vn -0.00597436 0.0246696 0.000936574
v -0.0639157 0.017599 -0.127128
vn -0.00597436 0.0246696 0.000936574
v -0.0817371 0.0387022 -0.119386
vn -0.00597436 0.0246696 0.000936574
v -0.0817371 0.0387022 -0.119386
vn 0.00597436 -0.0246696 -0.000936574
v -0.0639157 0.017599 -0.127128
vn 0.00597436 -0.0246696 -0.000936574
v -0.0797534 -0.0189635 -0.110644
vn 0.00597436 -0.0246696 -0.000936574
v 0.32663 0.17498 0.214436
vn -0.0203102 0.0152531 0
v 0.32663 0.17498 0.214436
vn 0.0203102 -0.0152531 0
v -0.060688 -0.0537902 -0.11367
vn -0.00506633 0.0248382 -0.00159908
v -0.00805245 -0.0812101 -0.137385
vn -0.00506633 0.0248382 -0.00159908
v -0.0643846 -0.0443688 -0.114229
vn -0.00506633 0.0248382 -0.00159908
v -0.0643846 -0.0443688 -0.114229
vn 0.00506633 -0.0248382 0.00159908
v -0.00805245 -0.0812101 -0.137385
vn 0.00506633 -0.0248382 0.00159908
v -0.060688 -0.0537902 -0.11367
vn 0.00506633 -0.0248382 0.00159908
v -0.0643846 -0.0443688 -0.114229
vn 0 0.0254 0
v -0.0643846 -0.0443688 -0.114229
vn 0 -0.0254 0
v -0.0193864 -0.0548677 -0.138005
vn -0.017564 0.0179726 -0.00369468
v -0.0193864 -0.0548677 -0.138005
vn 0.017564 -0.0179726 0.00369468
v -0.0643846 -0.0443688 -0.114229
vn -0.00542193 0.0247729 -0.00143751
v -0.00805245 -0.0812101 -0.137385
vn -0.00542193 0.0247729 -0.00143751
v -0.0193864 -0.0548677 -0.138005
vn -0.00542193 0.0247729 -0.00143751
v -0.0193864 -0.0548677 -0.138005
vn 0.00542193 -0.0247729 0.00143751
v -0.00805245 -0.0812101 -0.137385
vn 0.00542193 -0.0247729 0.00143751
v -0.0643846 -0.0443688 -0.114229
vn 0.00542193 -0.0247729 0.00143751
v -0.0861197 -0.0117509 -0.107738
vn 0 0.0254 0
v -0.0861197 -0.0117509 -0.107738
vn 0 -0.0254 0
v 0.429868 0.186522 0.30174
vn -0.0252636 0 -0.00262842
v 0.429868 0.186522 0.30174
vn 0.0252636 0 0.00262842
v 0.43297 0.182498 0.357411
vn -0.0178521 -0.0179726 -0.00185732
v 0.43297 0.182498 0.357411
vn 0.0178521 0.0179726 0.00185732
v 0.315033 0.131526 0.206101
vn -0.0202011 0.0152531 -0.0021017
v 0.315033 0.131526 0.206101
vn 0.0202011 -0.0152531 0.0021017
v 0.343656 0.147274 0.210277
vn -0.0252636 0 -0.00262842
v 0.343656 0.147274 0.210277
vn 0.0252636 0 0.00262842
v 0.102263 0.0373821 -0.0458195
vn -0.0252636 0 -0.00262842
v 0.102263 0.0373821 -0.0458195
vn 0.0252636 0 0.00262842
v 0.0311207 -0.0309282 -0.139016
vn -0.017564 0.0179726 -0.00369468
v 0.0311207 -0.0309282 -0.139016
vn 0.017564 -0.0179726 0.00369468
v -0.032573 -0.0294372 -0.136488
vn -0.0178521 0.0179726 -0.00185732
v -0.032573 -0.0294372 -0.136488
vn 0.0178521 -0.0179726 0.00185732
v -0.0688274 -0.0353603 -0.113907
vn -0.00597436 0.0246696 -0.000936574
v -0.0193864 -0.0548677 -0.138005
vn -0.00597436 0.0246696 -0.000936574
v -0.032573 -0.0294372 -0.136488
vn -0.00597436 0.0246696 -0.000936574
v -0.032573 -0.0294372 -0.136488
vn 0.00597436 -0.0246696 0.000936574
v -0.0193864 -0.0548677 -0.138005
vn 0.00597436 -0.0246696 0.000936574
v -0.0688274 -0.0353603 -0.113907
vn 0.00597436 -0.0246696 0.000936574
v -0.0688274 -0.0353603 -0.113907
vn 0 0.0254 0
v -0.0797534 -0.0189635 -0.110644
vn 0 0.0254 0
v -0.0797534 -0.0189635 -0.110644
vn 0 -0.0254 0
v -0.0688274 -0.0353603 -0.113907
vn 0 -0.0254 0
v 0.412842 0.214228 0.305899
vn -0.0254 -0 0
v 0.412842 0.214228 0.305899
vn 0.0254 0 0
v 0.412842 0.214228 0.305899
vn -0.0179484 -0.0179726 0
v 0.412842 0.214228 0.305899
vn 0.0179484 0.0179726 0
v 0.418074 0.206739 0.36105
vn 0 -0.0254 0
v 0.418074 0.206739 0.36105
vn 0 0.0254 0
v 0.0921638 0.0633064 -0.00951151
vn -0.0254 -0 0
v 0.0921638 0.0633064 -0.00951151
vn 0.0254 0 0
v 0.0921638 0.0633064 -0.00951151
vn 0 0.0254 0
v 0.0921638 0.0633064 -0.00951151
vn 0 -0.0254 0
v 0.0852372 0.0650881 -0.0416604
vn -0.0203102 -0.0152531 0
v 0.0852372 0.0650881 -0.0416604
vn 0.0203102 0.0152531 0
v -0.00097466 0.0258409 -0.133123
vn -0.0254 -0 0
v -0.00097466 0.0258409 -0.133123
vn 0.0254 0 0
v 0.299072 0.1575 0.21
vn -0.0254 -0 0
v 0.299072 0.1575 0.21
vn 0.0254 0 0
v -0.0474693 -0.00519549 -0.132849
vn -0.0179484 0.0179726 0
v -0.0474693 -0.00519549 -0.132849
vn 0.0179484 -0.0179726 0
v -0.0474693 -0.00519549 -0.132849
vn 0 0.0254 0
v -0.0474693 -0.00519549 -0.132849
vn 0 -0.0254 0
v -0.0797534 -0.0189635 -0.110644
vn -0.00623496 0.0246198 0.000385089
v -0.0739686 -0.0268614 -0.112708
vn -0.00623496 0.0246198 0.000385089
v -0.0639157 0.017599 -0.127128
vn -0.00623496 0.0246198 0.000385089
v -0.0639157 0.017599 -0.127128
vn 0.00623496 -0.0246198 -0.000385089
v -0.0739686 -0.0268614 -0.112708
vn 0.00623496 -0.0246198 -0.000385089
v -0.0797534 -0.0189635 -0.110644
vn 0.00623496 -0.0246198 -0.000385089
v 0.299072 0.1575 0.21
vn -0.0203102 0.0152531 0
v 0.299072 0.1575 0.21
vn 0.0203102 -0.0152531 0
v -0.0643846 -0.0443688 -0.114229
vn -0.00578371 0.0247092 -0.00107937
v -0.0193864 -0.0548677 -0.138005
vn -0.00578371 0.0247092 -0.00107937
v -0.0688274 -0.0353603 -0.113907
vn -0.00578371 0.0247092 -0.00107937
v -0.0688274 -0.0353603 -0.113907
vn 0.00578371 -0.0247092 0.00107937
v -0.0193864 -0.0548677 -0.138005
vn 0.00578371 -0.0247092 0.00107937
v -0.0643846 -0.0443688 -0.114229
vn 0.00578371 -0.0247092 0.00107937
v 0.429868 0.186522 0.30174
vn -0.0178521 -0.0179726 -0.00185732
v 0.429868 0.186522 0.30174
vn 0.0178521 0.0179726 0.00185732
v 0.0160508 -0.00186519 -0.137282
vn -0.0252636 0 -0.00262842
v 0.0160508 -0.00186519 -0.137282
vn 0.0252636 0 0.00262842
v 0.0160508 -0.00186519 -0.137282
vn -0.0178521 0.0179726 -0.00185732
v 0.0160508 -0.00186519 -0.137282
vn 0.0178521 -0.0179726 0.00185732
v -0.0688274 -0.0353603 -0.113907
vn -0.00623496 0.0246198 -0.000385089
v -0.032573 -0.0294372 -0.136488
vn -0.00623496 0.0246198 -0.000385089
v -0.0739686 -0.0268614 -0.112708
vn -0.00623496 0.0246198 -0.000385089
v -0.0739686 -0.0268614 -0.112708
vn 0.00623496 -0.0246198 0.000385089
v -0.032573 -0.0294372 -0.136488
vn 0.00623496 -0.0246198 0.000385089
v -0.0688274 -0.0353603 -0.113907
vn 0.00623496 -0.0246198 0.000385089
v -0.0739686 -0.0268614 -0.112708
vn 0 0.0254 0
v -0.0739686 -0.0268614 -0.112708
vn 0 -0.0254 0
v 0.0921638 0.0633064 -0.00951151
vn -0.0203102 -0.0152531 0
v 0.0921638 0.0633064 -0.00951151
vn 0.0203102 0.0152531 0
v 0.0852372 0.0650881 -0.0416604
vn -0.0254 -0 0
v 0.0852372 0.0650881 -0.0416604
vn 0.0254 0 0
v -0.00097466 0.0258409 -0.133123
vn -0.0179484 0.0179726 0
v -0.00097466 0.0258409 -0.133123
vn 0.0179484 -0.0179726 0
v -0.0739686 -0.0268614 -0.112708
vn -0.00627822 0.0246097 0.000325704
v -0.0474693 -0.00519549 -0.132849
vn -0.00627822 0.0246097 0.000325704
v -0.0639157 0.017599 -0.127128
vn -0.00627822 0.0246097 0.000325704
v -0.0639157 0.017599 -0.127128
vn 0.00627822 -0.0246097 -0.000325704
v -0.0474693 -0.00519549 -0.132849
vn 0.00627822 -0.0246097 -0.000325704
v -0.0739686 -0.0268614 -0.112708
vn 0.00627822 -0.0246097 -0.000325704
v -0.0739686 -0.0268614 -0.112708
vn -0.00627822 0.0246097 -0.000325704
v -0.032573 -0.0294372 -0.136488
vn -0.00627822 0.0246097 -0.000325704
v -0.0474693 -0.00519549 -0.132849
vn -0.00627822 0.0246097 -0.000325704
v -0.0474693 -0.00519549 -0.132849
vn 0.00627822 -0.0246097 0.000325704
v -0.032573 -0.0294372 -0.136488
vn 0.00627822 -0.0246097 0.000325704
v -0.0739686 -0.0268614 -0.112708
vn 0.00627822 -0.0246097 0.000325704
f 1//1 2//2 3//3
f 2//2 1//1 4//4
f 5//5 6//6 7//7
f 8//8 7//7 6//6
f 9//9 3//3 2//2
f 6//6 5//5 10//10
f 11//11 12//12 13//13
f 14//14 15//15 16//16
f 17//17 4//4 1//1
f 7//7 8//8 18//18
f 19//19 20//20 21//21
f 22//22 23//23 24//24
f 4//4 25//25 26//26
f 27//27 28//28 8//8
f 3//3 9//9 29//29
f 30//30 10//10 5//5
f 19//19 31//31 20//20
f 23//23 32//32 24//24
f 10//10 25//25 26//26
f 27//27 28//28 9//9
f 11//11 33//33 12//12
f 15//15 34//34 16//16
f 13//13 12//12 35//35
f 36//36 15//15 14//14
f 4//4 17//17 37//37
f 38//38 18//18 8//8
f 19//19 21//21 39//39
f 40//40 22//22 24//24
f 25//25 4//4 41//41
f 42//42 8//8 28//28
f 9//9 43//43 29//29
f 30//30 44//44 10//10
f 45//45 33//33 11//11
f 16//16 34//34 46//46
f 47//47 31//31 19//19
f 24//24 32//32 48//48
f 25//25 10//10 49//49
f 50//50 9//9 28//28
f 51//51 52//52 53//53
f 54//54 55//55 56//56
f 53//53 37//37 17//17
f 18//18 38//38 54//54
f 39//39 21//21 57//57
f 58//58 22//22 40//40
f 59//59 41//41 4//4
f 8//8 42//42 60//60
f 61//61 62//62 63//63
f 64//64 65//65 66//66
f 67//67 68//68 69//69
f 70//70 71//71 72//72
f 41//41 73//73 74//74
f 75//75 76//76 42//42
f 43//43 9//9 77//77
f 78//78 10//10 44//44
f 79//79 80//80 45//45
f 46//46 81//81 82//82
f 45//45 80//80 33//33
f 34//34 81//81 46//46
f 47//47 83//83 31//31
f 32//32 84//84 48//48
f 62//62 85//85 63//63
f 64//64 86//86 65//65
f 10//10 87//87 49//49
f 50//50 88//88 9//9
f 89//89 68//68 67//67
f 72//72 71//71 90//90
f 74//74 91//91 50//50
f 49//49 92//92 75//75
f 52//52 51//51 93//93
f 94//94 56//56 55//55
f 37//37 53//53 52//52
f 55//55 54//54 38//38
f 39//39 57//57 95//95
f 96//96 58//58 40//40
f 41//41 59//59 97//97
f 98//98 60//60 42//42
f 62//62 61//61 99//99
f 100//100 66//66 65//65
f 69//69 68//68 101//101
f 102//102 71//71 70//70
f 73//73 41//41 103//103
f 104//104 42//42 76//76
f 91//91 74//74 73//73
f 76//76 75//75 92//92
f 87//87 10//10 78//78
f 77//77 9//9 88//88
f 77//77 105//105 43//43
f 44//44 106//106 78//78
f 79//79 107//107 80//80
f 81//81 108//108 82//82
f 109//109 93//93 51//51
f 56//56 94//94 110//110
f 111//111 83//83 47//47
f 48//48 84//84 112//112
f 85//85 62//62 113//113
f 114//114 65//65 86//86
f 115//115 116//116 89//89
f 90//90 117//117 118//118
f 91//91 88//88 50//50
f 49//49 87//87 92//92
f 89//89 116//116 68//68
f 71//71 117//117 90//90
f 119//119 95//95 120//120
f 121//121 96//96 122//122
f 55//55 123//123 94//94
f 93//93 124//124 52//52
f 120//120 95//95 57//57
f 58//58 96//96 121//121
f 59//59 125//125 55//55
f 52//52 126//126 60//60
f 39//39 95//95 127//127
f 128//128 96//96 40//40
f 125//125 59//59 97//97
f 98//98 60//60 126//126
f 69//69 101//101 129//129
f 130//130 102//102 70//70
f 131//131 103//103 41//41
f 42//42 104//104 132//132
f 133//133 99//99 61//61
f 66//66 100//100 134//134
f 135//135 136//136 137//137
f 138//138 139//139 140//140
f 141//141 142//142 136//136
f 139//139 143//143 144//144
f 78//78 145//145 87//87
f 88//88 146//146 77//77
f 105//105 77//77 147//147
f 148//148 78//78 106//106
f 149//149 107//107 79//79
f 82//82 108//108 150//150
f 151//151 109//109 152//152
f 153//153 110//110 154//154
f 93//93 109//109 155//155
f 156//156 110//110 94//94
f 111//111 157//157 83//83
f 84//84 158//158 112//112
f 113//113 159//159 85//85
f 86//86 160//160 114//114
f 115//115 161//161 116//116
f 117//117 162//162 118//118
f 88//88 91//91 163//163
f 164//164 92//92 87//87
f 119//119 165//165 95//95
f 96//96 166//166 122//122
f 123//123 55//55 125//125
f 126//126 52//52 124//124
f 167//167 94//94 123//123
f 124//124 93//93 168//168
f 169//169 170//170 171//171
f 172//172 173//173 174//174
f 39//39 127//127 175//175
f 176//176 128//128 40//40
f 177//177 178//178 129//129
f 130//130 179//179 180//180
f 126//126 181//181 131//131
f 132//132 182//182 125//125
f 129//129 101//101 177//177
f 180//180 102//102 130//130
f 103//103 131//131 181//181
f 182//182 132//132 104//104
f 99//99 133//133 183//183
f 184//184 134//134 100//100
f 141//141 136//136 135//135
f 140//140 139//139 144//144
f 135//135 137//137 185//185
f 186//186 138//138 140//140
f 187//187 142//142 141//141
f 144//144 143//143 188//188
f 145//145 78//78 148//148
f 147//147 77//77 146//146
f 189//189 161//161 115//115
f 118//118 162//162 190//190
f 163//163 146//146 88//88
f 87//87 145//145 164//164
f 147//147 191//191 105//105
f 106//106 192//192 148//148
f 149//149 193//193 107//107
f 108//108 194//194 150//150
f 109//109 151//151 155//155
f 156//156 154//154 110//110
f 152//152 195//195 151//151
f 154//154 196//196 153//153
f 197//197 165//165 119//119
f 122//122 166//166 198//198
f 94//94 167//167 156//156
f 155//155 168//168 93//93
f 199//199 157//157 111//111
f 112//112 158//158 200//200
f 159//159 113//113 201//201
f 202//202 114//114 160//160
f 187//187 203//203 142//142
f 143//143 204//204 188//188
f 205//205 206//206 169//169
f 174//174 207//207 208//208
f 177//177 209//209 178//178
f 179//179 210//210 180//180
f 124//124 211//211 126//126
f 125//125 212//212 123//123
f 213//213 214//214 209//209
f 210//210 215//215 216//216
f 168//168 217//217 124//124
f 123//123 218//218 167//167
f 170//170 169//169 206//206
f 207//207 174//174 173//173
f 219//219 171//171 170//170
f 173//173 172//172 220//220
f 175//175 127//127 221//221
f 222//222 128//128 176//176
f 181//181 126//126 211//211
f 212//212 125//125 182//182
f 177//177 101//101 223//223
f 224//224 102//102 180//180
f 225//225 183//183 133//133
f 134//134 184//184 226//226
f 223//223 101//101 227//227
f 228//228 102//102 224//224
f 211//211 124//124 217//217
f 218//218 123//123 212//212
f 217//217 168//168 229//229
f 230//230 167//167 218//218
f 148//148 231//231 145//145
f 146//146 232//232 147//147
f 189//189 233//233 161//161
f 162//162 234//234 190//190
f 146//146 163//163 235//235
f 236//236 164//164 145//145
f 191//191 147//147 237//237
f 238//238 148//148 192//192
f 239//239 193//193 149//149
f 150//150 194//194 240//240
f 195//195 152//152 241//241
f 242//242 153//153 196//196
f 243//243 244//244 197//197
f 198//198 245//245 246//246
f 167//167 154//154 156//156
f 155//155 151//151 168//168
f 247//247 248//248 243//243
f 246//246 249//249 250//250
f 251//251 196//196 154//154
f 151//151 195//195 252//252
f 197//197 244//244 165//165
f 166//166 245//245 198//198
f 199//199 253//253 157//157
f 158//158 254//254 200//200
f 201//201 255//255 159//159
f 160//160 256//256 202//202
f 257//257 203//203 187//187
f 188//188 204//204 258//258
f 206//206 205//205 259//259
f 260//260 208//208 207//207
f 213//213 209//209 177//177
f 180//180 210//210 216//216
f 261//261 214//214 213//213
f 216//216 215//215 262//262
f 171//171 219//219 225//225
f 226//226 220//220 172//172
f 223//223 227//227 263//263
f 264//264 228//228 224//224
f 183//183 225//225 219//219
f 220//220 226//226 184//184
f 168//168 265//265 229//229
f 230//230 266//266 167//167
f 231//231 148//148 238//238
f 237//237 147//147 232//232
f 267//267 233//233 189//189
f 190//190 234//234 268//268
f 235//235 232//232 146//146
f 145//145 231//231 236//236
f 255//255 201//201 269//269
f 270//270 202//202 256//256
f 257//257 271//271 203//203
f 204//204 272//272 258//258
f 237//237 273//273 191//191
f 192//192 274//274 238//238
f 239//239 275//275 193//193
f 194//194 276//276 240//240
f 241//241 277//277 195//195
f 196//196 278//278 242//242
f 243//243 248//248 244//244
f 245//245 249//249 246//246
f 154//154 167//167 251//251
f 252//252 168//168 151//151
f 279//279 248//248 247//247
f 250//250 249//249 280//280
f 196//196 251//251 281//281
f 282//282 252//252 195//195
f 283//283 205//205 284//284
f 285//285 208//208 286//286
f 199//199 287//287 253//253
f 254//254 288//288 200//200
f 205//205 283//283 259//259
f 260//260 286//286 208//208
f 261//261 289//289 214//214
f 215//215 290//290 262//262
f 265//265 168//168 252//252
f 251//251 167//167 266//266
f 238//238 291//291 231//231
f 232//232 292//292 237//237
f 293//293 233//233 267//267
f 268//268 234//234 294//294
f 232//232 235//235 295//295
f 296//296 236//236 231//231
f 269//269 297//297 255//255
f 256//256 298//298 270//270
f 299//299 271//271 257//257
f 258//258 272//272 300//300
f 273//273 237//237 301//301
f 302//302 238//238 274//274
f 303//303 275//275 239//239
f 240//240 276//276 304//304
f 277//277 241//241 305//305
f 306//306 242//242 278//278
f 281//281 278//278 196//196
f 195//195 277//277 282//282
f 307//307 284//284 308//308
f 309//309 285//285 310//310
f 279//279 311//311 248//248
f 249//249 312//312 280//280
f 313//313 314//314 289//289
f 290//290 315//315 316//316
f 317//317 252//252 282//282
f 281//281 251//251 318//318
f 284//284 307//307 283//283
f 286//286 310//310 285//285
f 319//319 287//287 199//199
f 200//200 288//288 320//320
f 291//291 238//238 302//302
f 301//301 237//237 292//292
f 313//313 289//289 261//261
f 262//262 290//290 316//316
f 252//252 317//317 265//265
f 266//266 318//318 251//251
f 295//295 292//292 232//232
f 231//231 291//291 296//296
f 293//293 321//321 233//233
f 234//234 322//322 294//294
f 299//299 323//323 271//271
f 272//272 324//324 300//300
f 297//297 269//269 325//325
f 326//326 270//270 298//298
f 301//301 327//327 273//273
f 274//274 328//328 302//302
f 303//303 329//329 275//275
f 276//276 330//330 304//304
f 305//305 331//331 277//277
f 278//278 332//332 306//306
f 278//278 281//281 333//333
f 334//334 282//282 277//277
f 308//308 335//335 307//307
f 310//310 336//336 309//309
f 337//337 311//311 279//279
f 280//280 312//312 338//338
f 335//335 308//308 339//339
f 340//340 309//309 336//336
f 313//313 341//341 314//314
f 315//315 342//342 316//316
f 282//282 343//343 317//317
f 318//318 344//344 281//281
f 319//319 345//345 287//287
f 288//288 346//346 320//320
f 302//302 347//347 291//291
f 292//292 348//348 301//301
f 292//292 295//295 349//349
f 350//350 296//296 291//291
f 351//351 321//321 293//293
f 294//294 322//322 352//352
f 353//353 323//323 299//299
f 300//300 324//324 354//354
f 325//325 355//355 297//297
f 298//298 356//356 326//326
f 327//327 301//301 357//357
f 358//358 302//302 328//328
f 359//359 329//329 303//303
f 304//304 330//330 360//360
f 331//331 305//305 361//361
f 362//362 306//306 332//332
f 333//333 332//332 278//278
f 277//277 331//331 334//334
f 343//343 282//282 334//334
f 333//333 281//281 344//344
f 363//363 341//341 313//313
f 316//316 342//342 364//364
f 337//337 365//365 311//311
f 312//312 366//366 338//338
f 339//339 367//367 335//335
f 336//336 368//368 340//340
f 369//369 345//345 319//319
f 320//320 346//346 370//370
f 347//347 302//302 358//358
f 357//357 301//301 348//348
f 349//349 348//348 292//292
f 291//291 347//347 350//350
f 353//353 371//371 323//323
f 324//324 372//372 354//354
f 351//351 373//373 321//321
f 322//322 374//374 352//352
f 355//355 325//325 375//375
f 376//376 326//326 356//356
f 357//357 377//377 327//327
f 328//328 378//378 358//358
f 359//359 379//379 329//329
f 330//330 380//380 360//360
f 361//361 381//381 331//331
f 332//332 382//382 362//362
f 332//332 333//333 383//383
f 384//384 334//334 331//331
f 334//334 385//385 343//343
f 344//344 386//386 333//333
f 363//363 387//387 341//341
f 342//342 388//388 364//364
f 389//389 365//365 337//337
f 338//338 366//366 390//390
f 367//367 339//339 391//391
f 392//392 340//340 368//368
f 393//393 387//387 363//363
f 364//364 388//388 394//394
f 369//369 395//395 345//345
f 346//346 396//396 370//370
f 358//358 397//397 347//347
f 348//348 398//398 357//357
f 348//348 349//349 399//399
f 400//400 350//350 347//347
f 401//401 371//371 353//353
f 354//354 372//372 402//402
f 403//403 373//373 351//351
f 352//352 374//374 404//404
f 375//375 405//405 355//355
f 356//356 406//406 376//376
f 377//377 357//357 407//407
f 408//408 358//358 378//378
f 409//409 379//379 359//359
f 360//360 380//380 410//410
f 381//381 361//361 411//411
f 412//412 362//362 382//382
f 383//383 382//382 332//332
f 331//331 381//381 384//384
f 385//385 334//334 384//384
f 383//383 333//333 386//386
f 389//389 413//413 365//365
f 366//366 414//414 390//390
f 391//391 415//415 367//367
f 368//368 416//416 392//392
f 393//393 417//417 387//387
f 388//388 418//418 394//394
f 419//419 395//395 369//369
f 370//370 396//396 420//420
f 397//397 358//358 408//408
f 407//407 357//357 398//398
f 399//399 398//398 348//348
f 347//347 397//397 400//400
f 401//401 421//421 371//371
f 372//372 422//422 402//402
f 403//403 423//423 373//373
f 374//374 424//424 404//404
f 405//405 375//375 425//425
f 426//426 376//376 406//406
f 427//427 377//377 407//407
f 408//408 378//378 428//428
f 409//409 429//429 379//379
f 380//380 430//430 410//410
f 411//411 431//431 381//381
f 382//382 432//432 412//412
f 382//382 383//383 433//433
f 434//434 384//384 381//381
f 384//384 435//435 385//385
f 386//386 436//436 383//383
f 437//437 413//413 389//389
f 390//390 414//414 438//438
f 415//415 391//391 439//439
f 440//440 392//392 416//416
f 441//441 417//417 393//393
f 394//394 418//418 442//442
f 435//435 384//384 434//434
f 433//433 383//383 436//436
f 419//419 443//443 395//395
f 396//396 444//444 420//420
f 428//428 397//397 408//408
f 407//407 398//398 427//427
f 398//398 399//399 445//445
f 446//446 400//400 397//397
f 447//447 421//421 401//401
f 402//402 422//422 448//448
f 449//449 423//423 403//403
f 404//404 424//424 450//450
f 451//451 405//405 425//425
f 426//426 406//406 452//452
f 377//377 427//427 453//453
f 454//454 428//428 378//378
f 455//455 429//429 409//409
f 410//410 430//430 456//456
f 431//431 411//411 457//457
f 458//458 412//412 432//432
f 433//433 432//432 382//382
f 381//381 431//431 434//434
f 459//459 413//413 437//437
f 438//438 414//414 460//460
f 439//439 461//461 415//415
f 416//416 462//462 440//440
f 441//441 463//463 417//417
f 418//418 464//464 442//442
f 434//434 465//465 435//435
f 436//436 466//466 433//433
f 419//419 467//467 443//443
f 444//444 468//468 420//420
f 397//397 428//428 469//469
f 470//470 427//427 398//398
f 447//447 471//471 421//421
f 422//422 472//472 448//448
f 473//473 398//398 445//445
f 446//446 397//397 474//474
f 475//475 423//423 449//449
f 450//450 424//424 476//476
f 398//398 473//473 470//470
f 469//469 474//474 397//397
f 405//405 451//451 477//477
f 478//478 452//452 406//406
f 475//475 479//479 423//423
f 424//424 480//480 476//476
f 481//481 453//453 427//427
f 428//428 454//454 482//482
f 455//455 483//483 429//429
f 430//430 484//484 456//456
f 485//485 431//431 457//457
f 458//458 432//432 486//486
f 432//432 433//433 487//487
f 488//488 434//434 431//431
f 459//459 489//489 413//413
f 414//414 490//490 460//460
f 431//431 485//485 491//491
f 492//492 486//486 432//432
f 432//432 493//493 492//492
f 491//491 494//494 431//431
f 461//461 439//439 495//495
f 496//496 440//440 462//462
f 497//497 498//498 441//441
f 442//442 499//499 500//500
f 441//441 498//498 463//463
f 464//464 499//499 442//442
f 465//465 434//434 488//488
f 487//487 433//433 466//466
f 501//501 471//471 447//447
f 448//448 472//472 502//502
f 503//503 467//467 419//419
f 420//420 468//468 504//504
f 482//482 469//469 428//428
f 427//427 470//470 481//481
f 501//501 505//505 471//471
f 472//472 506//506 502//502
f 469//469 482//482 507//507
f 508//508 481//481 470//470
f 470//470 509//509 508//508
f 507//507 510//510 469//469
f 509//509 470//470 473//473
f 474//474 469//469 510//510
f 511//511 477//477 451//451
f 452//452 478//478 512//512
f 479//479 475//475 513//513
f 514//514 476//476 480//480
f 453//453 481//481 515//515
f 516//516 482//482 454//454
f 517//517 483//483 455//455
f 456//456 484//484 518//518
f 493//493 432//432 487//487
f 488//488 431//431 494//494
f 519//519 489//489 459//459
f 460//460 490//490 520//520
f 521//521 491//491 485//485
f 486//486 492//492 522//522
f 523//523 492//492 493//493
f 494//494 491//491 524//524
f 525//525 461//461 495//495
f 496//496 462//462 526//526
f 497//497 527//527 498//498
f 499//499 528//528 500//500
f 494//494 465//465 488//488
f 487//487 466//466 493//493
f 467//467 503//503 529//529
f 530//530 504//504 468//468
f 531//531 505//505 501//501
f 502//502 506//506 532//532
f 533//533 507//507 482//482
f 481//481 508//508 534//534
f 535//535 508//508 509//509
f 510//510 507//507 536//536
f 531//531 537//537 505//505
f 506//506 538//538 532//532
f 477//477 511//511 539//539
f 540//540 512//512 478//478
f 541//541 542//542 479//479
f 480//480 543//543 544//544
f 507//507 533//533 545//545
f 546//546 534//534 508//508
f 508//508 535//535 546//546
f 545//545 536//536 507//507
f 541//541 479//479 513//513
f 514//514 480//480 544//544
f 534//534 515//515 481//481
f 482//482 516//516 533//533
f 517//517 547//547 483//483
f 484//484 548//548 518//518
f 519//519 549//549 489//489
f 490//490 550//550 520//520
f 491//491 521//521 551//551
f 552//552 522//522 492//492
f 492//492 523//523 552//552
f 551//551 524//524 491//491
f 524//524 553//553 494//494
f 493//493 554//554 523//523
f 461//461 525//525 555//555
f 556//556 526//526 462//462
f 541//541 527//527 497//497
f 500//500 528//528 544//544
f 465//465 494//494 553//553
f 554//554 493//493 466//466
f 503//503 549//549 529//529
f 530//530 550//550 504//504
f 537//537 557//557 558//558
f 559//559 560//560 538//538
f 557//557 537//537 531//531
f 532//532 538//538 560//560
f 561//561 539//539 511//511
f 512//512 540//540 562//562
f 563//563 549//549 503//503
f 504//504 550//550 564//564
f 565//565 542//542 541//541
f 544//544 543//543 566//566
f 552//552 545//545 533//533
f 534//534 546//546 551//551
f 567//567 546//546 535//535
f 536//536 545//545 568//568
f 541//541 513//513 527//527
f 528//528 514//514 544//544
f 515//515 534//534 569//569
f 570//570 533//533 516//516
f 547//547 517//517 571//571
f 572//572 518//518 548//548
f 529//529 549//549 519//519
f 520//520 550//550 530//530
f 569//569 551//551 521//521
f 522//522 552//552 570//570
f 545//545 552//552 523//523
f 524//524 551//551 546//546
f 553//553 524//524 567//567
f 568//568 523//523 554//554
f 573//573 555//555 525//525
f 526//526 556//556 574//574
f 539//539 561//561 575//575
f 576//576 562//562 540//540
f 542//542 565//565 577//577
f 578//578 566//566 543//543
f 563//563 579//579 549//549
f 550//550 580//580 564//564
f 555//555 573//573 581//581
f 582//582 574//574 556//556
f 551//551 569//569 534//534
f 533//533 570//570 552//552
f 546//546 567//567 524//524
f 523//523 568//568 545//545
f 581//581 575//575 561//561
f 562//562 576//576 582//582
f 579//579 563//563 583//583
f 584//584 564//564 580//580
f 575//575 581//581 573//573
f 574//574 582//582 576//576
f 921//921 922//922 923//923
f 922//922 921//921 924//924
f 925//925 926//926 927//927
f 928//928 927//927 926//926
f 929//929 923//923 922//922
f 926//926 925//925 930//930
f 931//931 932//932 933//933
f 934//934 935//935 936//936
f 937//937 924//924 921//921
f 927//927 928//928 938//938
f 939//939 940//940 941//941
f 942//942 943//943 944//944
f 923//923 929//929 945//945
f 946//946 930//930 925//925
f 941//941 947//947 948//948
f 949//949 950//950 942//942
f 932//932 931//931 951//951
f 952//952 936//936 935//935
f 953//953 933//933 932//932
f 935//935 934//934 954//954
f 924//924 937//937 955//955
f 956//956 938//938 928//928
f 933//933 953//953 957//957
f 958//958 954//954 934//934
f 940//940 939//939 959//959
f 960//960 944//944 943//943
f 947//947 941//941 940//940
f 943//943 942//942 950//950
f 961//961 945//945 929//929
f 930//930 946//946 962//962
f 963//963 951//951 931//931
f 936//936 952//952 964//964
f 965//965 948//948 947//947
f 950//950 949//949 966//966
f 967//967 968//968 969//969
f 970//970 971//971 972//972
f 969//969 973//973 974//974
f 975//975 976//976 970//970
f 977//977 955//955 937//937
f 938//938 956//956 978//978
f 979//979 959//959 939//939
f 944//944 960//960 980//980
f 981//981 957//957 953//953
f 954//954 958//958 982//982
f 983//983 984//984 985//985
f 986//986 987//987 988//988
f 989//989 990//990 984//984
f 987//987 991//991 992//992
f 945//945 961//961 993//993
f 994//994 962//962 946//946
f 948//948 965//965 995//995
f 996//996 966//966 949//949
f 951//951 963//963 997//997
f 998//998 964//964 952//952
f 999//999 1000//1000 990//990
f 991//991 1001//1001 1002//1002
f 1003//1003 968//968 967//967
f 972//972 971//971 1004//1004
f 969//969 968//968 1005//1005
f 1006//1006 971//971 970//970
f 969//969 1005//1005 973//973
f 976//976 1006//1006 970//970
f 974//974 973//973 1007//1007
f 1008//1008 976//976 975//975
f 955//955 977//977 1009//1009
f 1010//1010 978//978 956//956
f 957//957 981//981 1011//1011
f 1012//1012 982//982 958//958
f 959//959 979//979 1013//1013
f 1014//1014 980//980 960//960
f 984//984 983//983 989//989
f 992//992 988//988 987//987
f 985//985 1015//1015 983//983
f 988//988 1016//1016 986//986
f 990//990 989//989 999//999
f 1002//1002 992//992 991//991
f 1017//1017 993//993 961//961
f 962//962 994//994 1018//1018
f 1019//1019 997//997 963//963
f 964//964 998//998 1020//1020
f 1021//1021 995//995 965//965
f 966//966 996//996 1022//1022
f 1000//1000 999//999 1023//1023
f 1024//1024 1002//1002 1001//1001
f 1003//1003 1025//1025 968//968
f 971//971 1026//1026 1004//1004
f 1027//1027 1028//1028 1029//1029
f 1030//1030 1031//1031 1032//1032
f 1033//1033 1034//1034 1028//1028
f 1031//1031 1035//1035 1036//1036
f 1037//1037 981//981 1034//1034
f 1035//1035 982//982 1038//1038
f 1039//1039 1009//1009 977//977
f 978//978 1010//1010 1040//1040
f 1041//1041 1013//1013 979//979
f 980//980 1014//1014 1042//1042
f 981//981 1037//1037 1011//1011
f 1012//1012 1038//1038 982//982
f 1015//1015 985//985 1043//1043
f 1044//1044 986//986 1016//1016
f 1045//1045 1046//1046 1047//1047
f 1048//1048 1049//1049 1050//1050
f 1051//1051 1052//1052 1053//1053
f 1054//1054 1055//1055 1056//1056
f 1057//1057 1047//1047 1058//1058
f 1059//1059 1048//1048 1060//1060
f 1061//1061 1053//1053 1062//1062
f 1063//1063 1054//1054 1064//1064
f 1045//1045 1065//1065 1046//1046
f 1049//1049 1066//1066 1050//1050
f 1067//1067 1068//1068 1052//1052
f 1055//1055 1069//1069 1070//1070
f 993//993 1017//1017 1071//1071
f 1072//1072 1018//1018 994//994
f 995//995 1021//1021 1073//1073
f 1074//1074 1022//1022 996//996
f 997//997 1019//1019 1075//1075
f 1076//1076 1020//1020 998//998
f 1023//1023 1077//1077 1000//1000
f 1001//1001 1078//1078 1024//1024
f 1079//1079 1080//1080 1065//1065
f 1066//1066 1081//1081 1082//1082
f 1083//1083 1084//1084 1068//1068
f 1069//1069 1085//1085 1086//1086
f 1003//1003 1087//1087 1025//1025
f 1026//1026 1088//1088 1004//1004
f 1089//1089 1029//1029 1090//1090
f 1091//1091 1030//1030 1092//1092
f 1028//1028 1027//1027 1033//1033
f 1036//1036 1032//1032 1031//1031
f 1029//1029 1089//1089 1027//1027
f 1032//1032 1092//1092 1030//1030
f 1034//1034 1033//1033 1037//1037
f 1038//1038 1036//1036 1035//1035
f 1009//1009 1039//1039 1093//1093
f 1094//1094 1040//1040 1010//1010
f 1013//1013 1041//1041 1095//1095
f 1096//1096 1042//1042 1014//1014
f 1043//1043 1097//1097 1015//1015
f 1016//1016 1098//1098 1044//1044
f 1045//1045 1047//1047 1057//1057
f 1060//1060 1048//1048 1050//1050
f 1052//1052 1051//1051 1067//1067
f 1070//1070 1056//1056 1055//1055
f 1053//1053 1061//1061 1051//1051
f 1056//1056 1064//1064 1054//1054
f 1057//1057 1058//1058 1099//1099
f 1100//1100 1059//1059 1060//1060
f 1062//1062 1101//1101 1061//1061
f 1064//1064 1102//1102 1063//1063
f 1103//1103 1065//1065 1045//1045
f 1050//1050 1066//1066 1104//1104
f 1068//1068 1067//1067 1083//1083
f 1086//1086 1070//1070 1069//1069
f 1105//1105 1106//1106 1107//1107
f 1108//1108 1109//1109 1110//1110
f 1111//1111 1075//1075 1019//1019
f 1020//1020 1076//1076 1112//1112
f 1113//1113 1114//1114 1115//1115
f 1116//1116 1117//1117 1118//1118
f 1119//1119 1087//1087 1003//1003
f 1004//1004 1088//1088 1120//1120
f 1077//1077 1023//1023 1121//1121
f 1122//1122 1024//1024 1078//1078
f 1079//1079 1123//1123 1080//1080
f 1081//1081 1124//1124 1082//1082
f 1079//1079 1065//1065 1103//1103
f 1104//1104 1066//1066 1082//1082
f 1084//1084 1083//1083 1125//1125
f 1126//1126 1086//1086 1085//1085
f 1127//1127 1090//1090 1128//1128
f 1129//1129 1091//1091 1130//1130
f 1090//1090 1127//1127 1089//1089
f 1092//1092 1130//1130 1091//1091
f 1131//1131 1132//1132 1133//1133
f 1134//1134 1135//1135 1136//1136
f 1137//1137 1138//1138 1131//1131
f 1136//1136 1139//1139 1140//1140
f 1133//1133 1093//1093 1039//1039
f 1040//1040 1094//1094 1134//1134
f 1141//1141 1095//1095 1041//1041
f 1042//1042 1096//1096 1142//1142
f 1097//1097 1043//1043 1143//1143
f 1144//1144 1044//1044 1098//1098
f 1099//1099 1058//1058 1145//1145
f 1146//1146 1059//1059 1100//1100
f 1101//1101 1062//1062 1147//1147
f 1148//1148 1063//1063 1102//1102
f 1149//1149 1150//1150 1151//1151
f 1152//1152 1153//1153 1154//1154
f 1155//1155 1156//1156 1157//1157
f 1158//1158 1159//1159 1160//1160
f 1161//1161 1162//1162 1163//1163
f 1164//1164 1165//1165 1166//1166
f 1167//1167 1168//1168 1161//1161
f 1166//1166 1169//1169 1170//1170
f 1171//1171 1151//1151 1172//1172
f 1173//1173 1152//1152 1174//1174
f 1157//1157 1175//1175 1176//1176
f 1177//1177 1178//1178 1158//1158
f 1179//1179 1180//1180 1167//1167
f 1170//1170 1181//1181 1182//1182
f 1183//1183 1184//1184 1150//1150
f 1153//1153 1185//1185 1186//1186
f 1187//1187 1188//1188 1155//1155
f 1160//1160 1189//1189 1190//1190
f 1163//1163 1191//1191 1192//1192
f 1193//1193 1194//1194 1164//1164
f 1106//1106 1105//1105 1195//1195
f 1196//1196 1110//1110 1109//1109
f 1197//1197 1198//1198 1199//1199
f 1200//1200 1201//1201 1202//1202
f 1075//1075 1111//1111 1203//1203
f 1204//1204 1112//1112 1076//1076
f 1114//1114 1113//1113 1205//1205
f 1206//1206 1118//1118 1117//1117
f 1119//1119 1207//1207 1087//1087
f 1088//1088 1208//1208 1120//1120
f 1125//1125 1209//1209 1084//1084
f 1085//1085 1210//1210 1126//1126
f 1211//1211 1212//1212 1213//1213
f 1214//1214 1215//1215 1216//1216
f 1217//1217 1123//1123 1079//1079
f 1082//1082 1124//1124 1218//1218
f 1219//1219 1220//1220 1184//1184
f 1185//1185 1221//1221 1222//1222
f 1223//1223 1224//1224 1187//1187
f 1190//1190 1225//1225 1226//1226
f 1192//1192 1227//1227 1228//1228
f 1229//1229 1230//1230 1193//1193
f 1128//1128 1231//1231 1127//1127
f 1130//1130 1232//1232 1129//1129
f 1233//1233 1234//1234 1137//1137
f 1140//1140 1235//1235 1236//1236
f 1132//1132 1131//1131 1138//1138
f 1139//1139 1136//1136 1135//1135
f 1093//1093 1133//1133 1132//1132
f 1135//1135 1134//1134 1094//1094
f 1138//1138 1137//1137 1234//1234
f 1235//1235 1140//1140 1139//1139
f 1095//1095 1141//1141 1237//1237
f 1238//1238 1142//1142 1096//1096
f 1143//1143 1172//1172 1097//1097
f 1098//1098 1173//1173 1144//1144
f 1175//1175 1147//1147 1176//1176
f 1177//1177 1148//1148 1178//1178
f 1147//1147 1175//1175 1101//1101
f 1102//1102 1178//1178 1148//1148
f 1150//1150 1149//1149 1183//1183
f 1186//1186 1154//1154 1153//1153
f 1151//1151 1171//1171 1149//1149
f 1154//1154 1174//1174 1152//1152
f 1156//1156 1155//1155 1188//1188
f 1189//1189 1160//1160 1159//1159
f 1175//1175 1157//1157 1156//1156
f 1159//1159 1158//1158 1178//1178
f 1162//1162 1161//1161 1168//1168
f 1169//1169 1166//1166 1165//1165
f 1191//1191 1163//1163 1162//1162
f 1165//1165 1164//1164 1194//1194
f 1168//1168 1167//1167 1180//1180
f 1181//1181 1170//1170 1169//1169
f 1172//1172 1143//1143 1171//1171
f 1174//1174 1144//1144 1173//1173
f 1180//1180 1179//1179 1239//1239
f 1240//1240 1182//1182 1181//1181
f 1184//1184 1183//1183 1219//1219
f 1222//1222 1186//1186 1185//1185
f 1188//1188 1187//1187 1224//1224
f 1225//1225 1190//1190 1189//1189
f 1227//1227 1192//1192 1191//1191
f 1194//1194 1193//1193 1230//1230
f 1241//1241 1242//1242 1243//1243
f 1244//1244 1245//1245 1246//1246
f 1198//1198 1197//1197 1247//1247
f 1248//1248 1202//1202 1201//1201
f 1249//1249 1250//1250 1251//1251
f 1252//1252 1253//1253 1254//1254
f 1255//1255 1207//1207 1119//1119
f 1120//1120 1208//1208 1256//1256
f 1257//1257 1258//1258 1259//1259
f 1260//1260 1261//1261 1262//1262
f 1231//1231 1128//1128 1263//1263
f 1264//1264 1129//1129 1232//1232
f 1209//1209 1125//1125 1265//1265
f 1266//1266 1126//1126 1210//1210
f 1212//1212 1211//1211 1267//1267
f 1268//1268 1216//1216 1215//1215
f 1269//1269 1123//1123 1217//1217
f 1218//1218 1124//1124 1270//1270
f 1271//1271 1272//1272 1220//1220
f 1221//1221 1273//1273 1274//1274
f 1275//1275 1276//1276 1223//1223
f 1226//1226 1277//1277 1278//1278
f 1220//1220 1219//1219 1271//1271
f 1274//1274 1222//1222 1221//1221
f 1224//1224 1223//1223 1276//1276
f 1277//1277 1226//1226 1225//1225
f 1279//1279 1228//1228 1227//1227
f 1230//1230 1229//1229 1280//1280
f 1281//1281 1282//1282 1233//1233
f 1236//1236 1283//1283 1284//1284
f 1234//1234 1233//1233 1282//1282
f 1283//1283 1236//1236 1235//1235
f 1285//1285 1286//1286 1287//1287
f 1288//1288 1289//1289 1290//1290
f 1291//1291 1141//1141 1286//1286
f 1289//1289 1142//1142 1292//1292
f 1293//1293 1287//1287 1294//1294
f 1295//1295 1288//1288 1296//1296
f 1141//1141 1291//1291 1237//1237
f 1238//1238 1292//1292 1142//1142
f 1297//1297 1239//1239 1179//1179
f 1182//1182 1240//1240 1298//1298
f 1286//1286 1285//1285 1291//1291
f 1292//1292 1290//1290 1289//1289
f 1299//1299 1300//1300 1301//1301
f 1302//1302 1303//1303 1304//1304
f 1301//1301 1305//1305 1297//1297
f 1298//1298 1306//1306 1302//1302
f 1307//1307 1308//1308 1309//1309
f 1310//1310 1311//1311 1312//1312
f 1313//1313 1314//1314 1308//1308
f 1311//1311 1315//1315 1316//1316
f 1317//1317 1309//1309 1318//1318
f 1319//1319 1310//1310 1320//1320
f 1321//1321 1318//1318 1322//1322
f 1323//1323 1319//1319 1324//1324
f 1287//1287 1293//1293 1285//1285
f 1290//1290 1296//1296 1288//1288
f 1325//1325 1326//1326 1299//1299
f 1304//1304 1327//1327 1328//1328
f 1329//1329 1330//1330 1314//1314
f 1315//1315 1331//1331 1332//1332
f 1242//1242 1241//1241 1333//1333
f 1334//1334 1246//1246 1245//1245
f 1335//1335 1207//1207 1255//1255
f 1256//1256 1208//1208 1336//1336
f 1250//1250 1249//1249 1337//1337
f 1338//1338 1254//1254 1253//1253
f 1339//1339 1340//1340 1335//1335
f 1336//1336 1341//1341 1342//1342
f 1258//1258 1257//1257 1343//1343
f 1344//1344 1262//1262 1261//1261
f 1345//1345 1346//1346 1347//1347
f 1348//1348 1349//1349 1350//1350
f 1228//1228 1279//1279 1351//1351
f 1352//1352 1280//1280 1229//1229
f 1353//1353 1354//1354 1355//1355
f 1356//1356 1357//1357 1358//1358
f 1269//1269 1359//1359 1123//1123
f 1124//1124 1360//1360 1270//1270
f 1361//1361 1362//1362 1363//1363
f 1364//1364 1365//1365 1366//1366
f 1367//1367 1368//1368 1369//1369
f 1370//1370 1371//1371 1372//1372
f 1373//1373 1374//1374 1375//1375
f 1376//1376 1377//1377 1378//1378
f 1272//1272 1271//1271 1379//1379
f 1380//1380 1274//1274 1273//1273
f 1276//1276 1275//1275 1381//1381
f 1382//1382 1278//1278 1277//1277
f 1294//1294 1383//1383 1293//1293
f 1296//1296 1384//1384 1295//1295
f 1385//1385 1386//1386 1325//1325
f 1328//1328 1387//1387 1388//1388
f 1389//1389 1390//1390 1330//1330
f 1331//1331 1391//1391 1392//1392
f 1282//1282 1281//1281 1393//1393
f 1394//1394 1284//1284 1283//1283
f 1383//1383 1294//1294 1395//1395
f 1396//1396 1295//1295 1384//1384
f 1239//1239 1297//1297 1305//1305
f 1306//1306 1298//1298 1240//1240
f 1300//1300 1299//1299 1326//1326
f 1327//1327 1304//1304 1303//1303
f 1305//1305 1301//1301 1300//1300
f 1303//1303 1302//1302 1306//1306
f 1308//1308 1307//1307 1313//1313
f 1316//1316 1312//1312 1311//1311
f 1309//1309 1317//1317 1307//1307
f 1312//1312 1320//1320 1310//1310
f 1314//1314 1313//1313 1329//1329
f 1332//1332 1316//1316 1315//1315
f 1318//1318 1321//1321 1317//1317
f 1320//1320 1324//1324 1319//1319
f 1397//1397 1321//1321 1322//1322
f 1323//1323 1324//1324 1398//1398
f 1326//1326 1325//1325 1386//1386
f 1387//1387 1328//1328 1327//1327
f 1330//1330 1329//1329 1389//1389
f 1392//1392 1332//1332 1331//1331
f 1399//1399 1333//1333 1241//1241
f 1246//1246 1334//1334 1400//1400
f 1335//1335 1340//1340 1207//1207
f 1208//1208 1341//1341 1336//1336
f 1337//1337 1401//1401 1250//1250
f 1253//1253 1402//1402 1338//1338
f 1339//1339 1403//1403 1340//1340
f 1341//1341 1404//1404 1342//1342
f 1362//1362 1361//1361 1405//1405
f 1406//1406 1366//1366 1365//1365
f 1343//1343 1407//1407 1258//1258
f 1261//1261 1408//1408 1344//1344
f 1346//1346 1345//1345 1409//1409
f 1410//1410 1350//1350 1349//1349
f 1411//1411 1412//1412 1413//1413
f 1414//1414 1415//1415 1416//1416
f 1417//1417 1418//1418 1419//1419
f 1420//1420 1421//1421 1422//1422
f 1354//1354 1353//1353 1423//1423
f 1424//1424 1358//1358 1357//1357
f 1425//1425 1359//1359 1269//1269
f 1270//1270 1360//1360 1426//1426
f 1425//1425 1427//1427 1359//1359
f 1360//1360 1428//1428 1426//1426
f 1429//1429 1430//1430 1431//1431
f 1432//1432 1433//1433 1434//1434
f 1368//1368 1367//1367 1435//1435
f 1436//1436 1372//1372 1371//1371
f 1374//1374 1373//1373 1437//1437
f 1438//1438 1378//1378 1377//1377
f 1439//1439 1440//1440 1441//1441
f 1442//1442 1443//1443 1444//1444
f 1395//1395 1445//1445 1383//1383
f 1384//1384 1446//1446 1396//1396
f 1447//1447 1448//1448 1385//1385
f 1388//1388 1449//1449 1450//1450
f 1386//1386 1385//1385 1448//1448
f 1449//1449 1388//1388 1387//1387
f 1390//1390 1389//1389 1451//1451
f 1452//1452 1392//1392 1391//1391
f 1412//1412 1411//1411 1453//1453
f 1454//1454 1416//1416 1415//1415
f 1445//1445 1395//1395 1455//1455
f 1456//1456 1396//1396 1446//1446
f 1457//1457 1458//1458 1459//1459
f 1460//1460 1461//1461 1462//1462
f 1459//1459 1463//1463 1397//1397
f 1398//1398 1464//1464 1460//1460
f 1465//1465 1466//1466 1467//1467
f 1468//1468 1469//1469 1470//1470
f 1471//1471 1472//1472 1473//1473
f 1474//1474 1475//1475 1476//1476
f 1477//1477 1467//1467 1478//1478
f 1479//1479 1468//1468 1480//1480
f 1481//1481 1482//1482 1483//1483
f 1484//1484 1485//1485 1486//1486
f 1487//1487 1488//1488 1466//1466
f 1469//1469 1489//1489 1490//1490
f 1491//1491 1492//1492 1493//1493
f 1494//1494 1495//1495 1496//1496
f 1497//1497 1478//1478 1498//1498
f 1499//1499 1479//1479 1500//1500
f 1501//1501 1502//1502 1503//1503
f 1504//1504 1505//1505 1506//1506
f 1321//1321 1397//1397 1463//1463
f 1464//1464 1398//1398 1324//1324
f 1507//1507 1508//1508 1457//1457
f 1462//1462 1509//1509 1510//1510
f 1487//1487 1511//1511 1488//1488
f 1489//1489 1512//1512 1490//1490
f 1513//1513 1514//1514 1515//1515
f 1516//1516 1517//1517 1518//1518
f 1333//1333 1399//1399 1519//1519
f 1520//1520 1400//1400 1334//1334
f 1401//1401 1337//1337 1521//1521
f 1522//1522 1338//1338 1402//1402
f 1523//1523 1403//1403 1339//1339
f 1342//1342 1404//1404 1524//1524
f 1525//1525 1526//1526 1527//1527
f 1528//1528 1529//1529 1530//1530
f 1531//1531 1405//1405 1361//1361
f 1366//1366 1406//1406 1532//1532
f 1407//1407 1343//1343 1533//1533
f 1534//1534 1344//1344 1408//1408
f 1535//1535 1536//1536 1537//1537
f 1538//1538 1539//1539 1540//1540
f 1418//1418 1417//1417 1541//1541
f 1542//1542 1422//1422 1421//1421
f 1430//1430 1429//1429 1543//1543
f 1544//1544 1434//1434 1433//1433
f 1545//1545 1546//1546 1547//1547
f 1548//1548 1549//1549 1550//1550
f 1440//1440 1439//1439 1551//1551
f 1552//1552 1444//1444 1443//1443
f 1425//1425 1553//1553 1427//1427
f 1428//1428 1554//1554 1426//1426
f 1555//1555 1431//1431 1430//1430
f 1433//1433 1432//1432 1556//1556
f 1557//1557 1558//1558 1559//1559
f 1560//1560 1561//1561 1562//1562
f 1546//1546 1545//1545 1563//1563
f 1564//1564 1550//1550 1549//1549
f 1565//1565 1566//1566 1567//1567
f 1568//1568 1569//1569 1570//1570
f 1571//1571 1572//1572 1573//1573
f 1574//1574 1575//1575 1576//1576
f 1448//1448 1447//1447 1577//1577
f 1578//1578 1450//1450 1449//1449
f 1579//1579 1580//1580 1507//1507
f 1510//1510 1581//1581 1582//1582
f 1583//1583 1584//1584 1511//1511
f 1512//1512 1585//1585 1586//1586
f 1587//1587 1588//1588 1589//1589
f 1590//1590 1591//1591 1592//1592
f 1593//1593 1594//1594 1595//1595
f 1596//1596 1597//1597 1598//1598
f 1558//1558 1557//1557 1599//1599
f 1600//1600 1562//1562 1561//1561
f 1458//1458 1457//1457 1508//1508
f 1509//1509 1462//1462 1461//1461
f 1463//1463 1459//1459 1458//1458
f 1461//1461 1460//1460 1464//1464
f 1487//1487 1466//1466 1465//1465
f 1470//1470 1469//1469 1490//1490
f 1465//1465 1467//1467 1477//1477
f 1480//1480 1468//1468 1470//1470
f 1601//1601 1602//1602 1603//1603
f 1604//1604 1605//1605 1606//1606
f 1607//1607 1608//1608 1609//1609
f 1610//1610 1611//1611 1612//1612
f 1477//1477 1478//1478 1497//1497
f 1500//1500 1479//1479 1480//1480
f 1613//1613 1614//1614 1615//1615
f 1616//1616 1617//1617 1618//1618
f 1619//1619 1620//1620 1621//1621
f 1622//1622 1623//1623 1624//1624
f 1625//1625 1626//1626 1627//1627
f 1628//1628 1629//1629 1630//1630
f 1508//1508 1507//1507 1580//1580
f 1581//1581 1510//1510 1509//1509
f 1631//1631 1511//1511 1487//1487
f 1490//1490 1512//1512 1632//1632
f 1633//1633 1634//1634 1635//1635
f 1636//1636 1637//1637 1638//1638
f 1639//1639 1519//1519 1399//1399
f 1400//1400 1520//1520 1640//1640
f 1521//1521 1641//1641 1401//1401
f 1402//1402 1642//1642 1522//1522
f 1523//1523 1643//1643 1403//1403
f 1404//1404 1644//1644 1524//1524
f 1526//1526 1525//1525 1645//1645
f 1646//1646 1530//1530 1529//1529
f 1405//1405 1531//1531 1647//1647
f 1648//1648 1532//1532 1406//1406
f 1431//1431 1555//1555 1649//1649
f 1650//1650 1556//1556 1432//1432
f 1533//1533 1651//1651 1407//1407
f 1408//1408 1652//1652 1534//1534
f 1536//1536 1535//1535 1653//1653
f 1654//1654 1540//1540 1539//1539
f 1655//1655 1656//1656 1657//1657
f 1658//1658 1659//1659 1660//1660
f 1656//1656 1655//1655 1661//1661
f 1662//1662 1660//1660 1659//1659
f 1663//1663 1547//1547 1546//1546
f 1549//1549 1548//1548 1664//1664
f 1551//1551 1665//1665 1440//1440
f 1443//1443 1666//1666 1552//1552
f 1667//1667 1553//1553 1425//1425
f 1426//1426 1554//1554 1668//1668
f 1661//1661 1669//1669 1670//1670
f 1671//1671 1672//1672 1662//1662
f 1673//1673 1674//1674 1675//1675
f 1676//1676 1677//1677 1678//1678
f 1566//1566 1565//1565 1679//1679
f 1680//1680 1570//1570 1569//1569
f 1572//1572 1571//1571 1681//1681
f 1682//1682 1576//1576 1575//1575
f 1683//1683 1684//1684 1579//1579
f 1582//1582 1685//1685 1686//1686
f 1580//1580 1579//1579 1684//1684
f 1685//1685 1582//1582 1581//1581
f 1687//1687 1584//1584 1583//1583
f 1586//1586 1585//1585 1688//1688
f 1583//1583 1511//1511 1631//1631
f 1632//1632 1512//1512 1586//1586
f 1689//1689 1690//1690 1691//1691
f 1692//1692 1693//1693 1694//1694
f 1594//1594 1593//1593 1695//1695
f 1696//1696 1598//1598 1597//1597
f 1674//1674 1673//1673 1697//1697
f 1698//1698 1678//1678 1677//1677
f 1699//1699 1700//1700 1701//1701
f 1702//1702 1703//1703 1704//1704
f 1705//1705 1706//1706 1707//1707
f 1708//1708 1709//1709 1710//1710
f 1711//1711 1712//1712 1713//1713
f 1714//1714 1715//1715 1716//1716
f 1717//1717 1718//1718 1719//1719
f 1720//1720 1721//1721 1722//1722
f 1723//1723 1724//1724 1718//1718
f 1721//1721 1725//1725 1726//1726
f 1727//1727 1719//1719 1728//1728
f 1729//1729 1720//1720 1730//1730
f 1731//1731 1732//1732 1724//1724
f 1725//1725 1733//1733 1734//1734
f 1735//1735 1736//1736 1737//1737
f 1738//1738 1739//1739 1740//1740
f 1741//1741 1742//1742 1743//1743
f 1744//1744 1745//1745 1746//1746
f 1731//1731 1747//1747 1732//1732
f 1733//1733 1748//1748 1734//1734
f 1519//1519 1639//1639 1749//1749
f 1750//1750 1640//1640 1520//1520
f 1641//1641 1521//1521 1751//1751
f 1752//1752 1522//1522 1642//1642
f 1753//1753 1643//1643 1523//1523
f 1524//1524 1644//1644 1754//1754
f 1755//1755 1645//1645 1525//1525
f 1530//1530 1646//1646 1756//1756
f 1757//1757 1647//1647 1531//1531
f 1532//1532 1648//1648 1758//1758
f 1759//1759 1649//1649 1555//1555
f 1556//1556 1650//1650 1760//1760
f 1651//1651 1533//1533 1761//1761
f 1762//1762 1534//1534 1652//1652
f 1763//1763 1653//1653 1535//1535
f 1540//1540 1654//1654 1764//1764
f 1765//1765 1766//1766 1767//1767
f 1768//1768 1769//1769 1770//1770
f 1669//1669 1661//1661 1655//1655
f 1660//1660 1662//1662 1672//1672
f 1547//1547 1663//1663 1771//1771
f 1772//1772 1664//1664 1548//1548
f 1675//1675 1773//1773 1774//1774
f 1775//1775 1776//1776 1676//1676
f 1665//1665 1551//1551 1777//1777
f 1778//1778 1552//1552 1666//1666
f 1779//1779 1681//1681 1571//1571
f 1576//1576 1682//1682 1780//1780
f 1781//1781 1553//1553 1667//1667
f 1668//1668 1554//1554 1782//1782
f 1783//1783 1670//1670 1669//1669
f 1672//1672 1671//1671 1784//1784
f 1773//1773 1675//1675 1674//1674
f 1677//1677 1676//1676 1776//1776
f 1785//1785 1786//1786 1787//1787
f 1788//1788 1789//1789 1790//1790
f 1791//1791 1792//1792 1793//1793
f 1794//1794 1795//1795 1796//1796
f 1684//1684 1683//1683 1797//1797
f 1798//1798 1686//1686 1685//1685
f 1687//1687 1799//1799 1584//1584
f 1585//1585 1800//1800 1688//1688
f 1786//1786 1785//1785 1801//1801
f 1802//1802 1790//1790 1789//1789
f 1803//1803 1804//1804 1805//1805
f 1806//1806 1807//1807 1808//1808
f 1809//1809 1810//1810 1811//1811
f 1812//1812 1813//1813 1814//1814
f 1815//1815 1816//1816 1747//1747
f 1748//1748 1817//1817 1818//1818
f 1819//1819 1820//1820 1821//1821
f 1822//1822 1823//1823 1824//1824
f 1820//1820 1825//1825 1826//1826
f 1827//1827 1828//1828 1823//1823
f 1766//1766 1765//1765 1829//1829
f 1830//1830 1770//1770 1769//1769
f 1831//1831 1832//1832 1833//1833
f 1834//1834 1835//1835 1836//1836
f 1837//1837 1838//1838 1839//1839
f 1840//1840 1841//1841 1842//1842
f 1843//1843 1844//1844 1845//1845
f 1846//1846 1847//1847 1848//1848
f 1723//1723 1718//1718 1717//1717
f 1722//1722 1721//1721 1726//1726
f 1717//1717 1719//1719 1727//1727
f 1730//1730 1720//1720 1722//1722
f 1731//1731 1724//1724 1723//1723
f 1726//1726 1725//1725 1734//1734
f 1849//1849 1850//1850 1851//1851
f 1852//1852 1853//1853 1854//1854
f 1855//1855 1747//1747 1731//1731
f 1734//1734 1748//1748 1856//1856
f 1857//1857 1749//1749 1639//1639
f 1640//1640 1750//1750 1858//1858
f 1751//1751 1859//1859 1641//1641
f 1642//1642 1860//1860 1752//1752
f 1753//1753 1861//1861 1643//1643
f 1644//1644 1862//1862 1754//1754
f 1645//1645 1755//1755 1863//1863
f 1864//1864 1756//1756 1646//1646
f 1647//1647 1757//1757 1865//1865
f 1866//1866 1758//1758 1648//1648
f 1781//1781 1867//1867 1553//1553
f 1554//1554 1868//1868 1782//1782
f 1649//1649 1759//1759 1869//1869
f 1870//1870 1760//1760 1650//1650
f 1670//1670 1783//1783 1871//1871
f 1872//1872 1784//1784 1671//1671
f 1761//1761 1873//1873 1651//1651
f 1652//1652 1874//1874 1762//1762
f 1653//1653 1763//1763 1875//1875
f 1876//1876 1764//1764 1654//1654
f 1877//1877 1767//1767 1766//1766
f 1769//1769 1768//1768 1878//1878
f 1767//1767 1877//1877 1879//1879
f 1880//1880 1878//1878 1768//1768
f 1881//1881 1771//1771 1663//1663
f 1664//1664 1772//1772 1882//1882
f 1883//1883 1774//1774 1773//1773
f 1776//1776 1775//1775 1884//1884
f 1777//1777 1885//1885 1665//1665
f 1666//1666 1886//1886 1778//1778
f 1681//1681 1779//1779 1887//1887
f 1888//1888 1780//1780 1682//1682
f 1771//1771 1881//1881 1889//1889
f 1890//1890 1882//1882 1772//1772
f 1885//1885 1777//1777 1891//1891
f 1892//1892 1778//1778 1886//1886
f 1879//1879 1893//1893 1894//1894
f 1895//1895 1896//1896 1880//1880
f 1792//1792 1791//1791 1897//1897
f 1898//1898 1796//1796 1795//1795
f 1793//1793 1899//1899 1791//1791
f 1796//1796 1900//1900 1794//1794
f 1687//1687 1901//1901 1799//1799
f 1800//1800 1902//1902 1688//1688
f 1804//1804 1803//1803 1903//1903
f 1904//1904 1808//1808 1807//1807
f 1905//1905 1906//1906 1907//1907
f 1908//1908 1909//1909 1910//1910
f 1911//1911 1912//1912 1913//1913
f 1914//1914 1915//1915 1916//1916
f 1917//1917 1816//1816 1815//1815
f 1818//1818 1817//1817 1918//1918
f 1815//1815 1747//1747 1855//1855
f 1856//1856 1748//1748 1818//1818
f 1825//1825 1820//1820 1819//1819
f 1824//1824 1823//1823 1828//1828
f 1816//1816 1917//1917 1919//1919
f 1920//1920 1918//1918 1817//1817
f 1921//1921 1922//1922 1923//1923
f 1924//1924 1925//1925 1926//1926
f 1927//1927 1928//1928 1929//1929
f 1930//1930 1931//1931 1932//1932
f 1749//1749 1857//1857 1933//1933
f 1934//1934 1858//1858 1750//1750
f 1859//1859 1751//1751 1935//1935
f 1936//1936 1752//1752 1860//1860
f 1937//1937 1861//1861 1753//1753
f 1754//1754 1862//1862 1938//1938
f 1939//1939 1863//1863 1755//1755
f 1756//1756 1864//1864 1940//1940
f 1941//1941 1865//1865 1757//1757
f 1758//1758 1866//1866 1942//1942
f 1781//1781 1943//1943 1867//1867
f 1868//1868 1944//1944 1782//1782
f 1945//1945 1869//1869 1759//1759
f 1760//1760 1870//1870 1946//1946
f 1947//1947 1871//1871 1783//1783
f 1784//1784 1872//1872 1948//1948
f 1873//1873 1761//1761 1949//1949
f 1950//1950 1762//1762 1874//1874
f 1951//1951 1875//1875 1763//1763
f 1764//1764 1876//1876 1952//1952
f 1953//1953 1954//1954 1901//1901
f 1902//1902 1955//1955 1956//1956
f 1957//1957 1958//1958 1959//1959
f 1960//1960 1961//1961 1962//1962
f 1893//1893 1879//1879 1877//1877
f 1878//1878 1880//1880 1896//1896
f 1774//1774 1883//1883 1963//1963
f 1964//1964 1884//1884 1775//1775
f 1875//1875 1951//1951 1965//1965
f 1966//1966 1952//1952 1876//1876
f 1967//1967 1887//1887 1779//1779
f 1780//1780 1888//1888 1968//1968
f 1899//1899 1793//1793 1969//1969
f 1970//1970 1794//1794 1900//1900
f 1971//1971 1889//1889 1881//1881
f 1882//1882 1890//1890 1972//1972
f 1891//1891 1973//1973 1885//1885
f 1886//1886 1974//1974 1892//1892
f 1975//1975 1894//1894 1893//1893
f 1896//1896 1895//1895 1976//1976
f 1977//1977 1901//1901 1687//1687
f 1688//1688 1902//1902 1978//1978
f 1979//1979 1980//1980 1981//1981
f 1982//1982 1983//1983 1984//1984
f 1953//1953 1901//1901 1977//1977
f 1978//1978 1902//1902 1956//1956
f 1985//1985 1986//1986 1987//1987
f 1988//1988 1989//1989 1990//1990
f 1991//1991 1919//1919 1917//1917
f 1918//1918 1920//1920 1992//1992
f 1804//1804 1903//1903 1993//1993
f 1994//1994 1904//1904 1807//1807
f 1995//1995 1996//1996 1991//1991
f 1992//1992 1997//1997 1998//1998
f 1991//1991 1999//1999 1919//1919
f 1920//1920 2000//2000 1992//1992
f 1991//1991 1996//1996 1999//1999
f 2000//2000 1997//1997 1992//1992
f 2001//2001 2002//2002 2003//2003
f 2004//2004 2005//2005 2006//2006
f 2007//2007 1933//1933 1857//1857
f 1858//1858 1934//1934 2008//2008
f 1935//1935 2009//2009 1859//1859
f 1860//1860 2010//2010 1936//1936
f 1937//1937 2011//2011 1861//1861
f 1862//1862 2012//2012 1938//1938
f 1863//1863 1939//1939 2013//2013
f 2014//2014 1940//1940 1864//1864
f 1865//1865 1941//1941 2015//2015
f 2016//2016 1942//1942 1866//1866
f 1869//1869 1945//1945 2017//2017
f 2018//2018 1946//1946 1870//1870
f 2019//2019 1943//1943 1781//1781
f 1782//1782 1944//1944 2020//2020
f 1871//1871 1947//1947 2021//2021
f 2022//2022 1948//1948 1872//1872
f 1894//1894 1975//1975 2023//2023
f 2024//2024 1976//1976 1895//1895
f 1949//1949 2025//2025 1873//1873
f 1874//1874 2026//2026 1950//1950
f 2027//2027 1954//1954 1953//1953
f 1956//1956 1955//1955 2028//2028
f 2029//2029 2030//2030 2031//2031
f 2032//2032 2033//2033 2034//2034
f 2027//2027 2035//2035 1954//1954
f 1955//1955 2036//2036 2028//2028
f 2037//2037 2038//2038 2039//2039
f 2040//2040 2041//2041 2042//2042
f 2043//2043 1963//1963 1883//1883
f 1884//1884 1964//1964 2044//2044
f 2045//2045 1965//1965 1951//1951
f 1952//1952 1966//1966 2046//2046
f 1887//1887 1967//1967 2047//2047
f 2048//2048 1968//1968 1888//1888
f 1969//1969 2049//2049 1899//1899
f 1900//1900 2050//2050 1970//1970
f 1889//1889 1971//1971 2051//2051
f 2052//2052 1972//1972 1890//1890
f 1963//1963 2043//2043 2053//2053
f 2054//2054 2044//2044 1964//1964
f 1973//1973 1891//1891 2055//2055
f 2056//2056 1892//1892 1974//1974
f 2057//2057 2047//2047 1967//1967
f 1968//1968 2048//2048 2058//2058
f 2059//2059 2060//2060 2035//2035
f 2036//2036 2061//2061 2062//2062
f 2063//2063 2064//2064 2065//2065
f 2066//2066 2067//2067 2068//2068
f 2069//2069 2070//2070 2071//2071
f 2072//2072 2073//2073 2074//2074
f 2075//2075 2076//2076 2077//2077
f 2078//2078 2079//2079 2080//2080
f 2081//2081 1996//1996 1995//1995
f 1998//1998 1997//1997 2082//2082
f 2081//2081 2083//2083 1996//1996
f 1997//1997 2084//2084 2082//2082
f 1933//1933 2007//2007 2085//2085
f 2086//2086 2008//2008 1934//1934
f 2009//2009 1935//1935 2087//2087
f 2088//2088 1936//1936 2010//2010
f 2089//2089 2011//2011 1937//1937
f 1938//1938 2012//2012 2090//2090
f 2091//2091 2013//2013 1939//1939
f 1940//1940 2014//2014 2092//2092
f 2093//2093 2015//2015 1941//1941
f 1942//1942 2016//2016 2094//2094
f 2095//2095 2017//2017 1945//1945
f 1946//1946 2018//2018 2096//2096
f 2097//2097 1943//1943 2019//2019
f 2020//2020 1944//1944 2098//2098
f 2099//2099 2021//2021 1947//1947
f 1948//1948 2022//2022 2100//2100
f 2101//2101 2023//2023 1975//1975
f 1976//1976 2024//2024 2102//2102
f 2025//2025 1949//1949 2103//2103
f 2104//2104 1950//1950 2026//2026
f 2105//2105 2106//2106 2107//2107
f 2108//2108 2109//2109 2110//2110
f 2111//2111 2112//2112 2083//2083
f 2084//2084 2113//2113 2114//2114
f 2059//2059 2035//2035 2027//2027
f 2028//2028 2036//2036 2062//2062
f 2115//2115 2116//2116 2117//2117
f 2118//2118 2119//2119 2120//2120
f 1965//1965 2045//2045 2121//2121
f 2122//2122 2046//2046 1966//1966
f 2013//2013 2091//2091 2123//2123
f 2124//2124 2092//2092 2014//2014
f 2049//2049 1969//1969 2125//2125
f 2126//2126 1970//1970 2050//2050
f 2127//2127 2051//2051 1971//1971
f 1972//1972 2052//2052 2128//2128
f 2129//2129 2053//2053 2043//2043
f 2044//2044 2054//2054 2130//2130
f 2055//2055 2131//2131 1973//1973
f 1974//1974 2132//2132 2056//2056
f 2047//2047 2057//2057 2133//2133
f 2134//2134 2058//2058 2048//2048
f 2135//2135 2060//2060 2059//2059
f 2062//2062 2061//2061 2136//2136
f 2137//2137 2138//2138 2139//2139
f 2140//2140 2141//2141 2142//2142
f 2111//2111 2083//2083 2081//2081
f 2082//2082 2084//2084 2114//2114
f 2143//2143 2085//2085 2007//2007
f 2008//2008 2086//2086 2144//2144
f 2087//2087 2145//2145 2009//2009
f 2010//2010 2146//2146 2088//2088
f 2089//2089 2147//2147 2011//2011
f 2012//2012 2148//2148 2090//2090
f 2015//2015 2093//2093 2149//2149
f 2150//2150 2094//2094 2016//2016
f 2097//2097 2151//2151 1943//1943
f 1944//1944 2152//2152 2098//2098
f 2017//2017 2095//2095 2153//2153
f 2154//2154 2096//2096 2018//2018
f 2021//2021 2099//2099 2155//2155
f 2156//2156 2100//2100 2022//2022
f 2051//2051 2127//2127 2157//2157
f 2158//2158 2128//2128 2052//2052
f 2131//2131 2055//2055 2159//2159
f 2160//2160 2056//2056 2132//2132
f 2023//2023 2101//2101 2161//2161
f 2162//2162 2102//2102 2024//2024
f 2135//2135 2163//2163 2060//2060
f 2061//2061 2164//2164 2136//2136
f 2165//2165 2166//2166 2167//2167
f 2168//2168 2169//2169 2170//2170
f 2103//2103 2171//2171 2025//2025
f 2026//2026 2172//2172 2104//2104
f 2173//2173 2174//2174 2175//2175
f 2176//2176 2177//2177 2178//2178
f 2179//2179 2112//2112 2111//2111
f 2114//2114 2113//2113 2180//2180
f 2125//2125 2181//2181 2049//2049
f 2050//2050 2182//2182 2126//2126
f 2183//2183 2184//2184 2185//2185
f 2186//2186 2187//2187 2188//2188
f 2179//2179 2189//2189 2112//2112
f 2113//2113 2190//2190 2180//2180
f 2191//2191 2121//2121 2045//2045
f 2046//2046 2122//2122 2192//2192
f 2193//2193 2123//2123 2091//2091
f 2092//2092 2124//2124 2194//2194
f 2053//2053 2129//2129 2195//2195
f 2196//2196 2130//2130 2054//2054
f 2121//2121 2191//2191 2197//2197
f 2198//2198 2192//2192 2122//2122
f 2199//2199 2133//2133 2057//2057
f 2058//2058 2134//2134 2200//2200
f 2181//2181 2125//2125 2201//2201
f 2202//2202 2126//2126 2182//2182
f 2201//2201 2203//2203 2181//2181
f 2182//2182 2204//2204 2202//2202
f 2205//2205 2206//2206 2207//2207
f 2208//2208 2209//2209 2210//2210
f 2211//2211 2212//2212 2189//2189
f 2190//2190 2213//2213 2214//2214
f 2085//2085 2143//2143 2215//2215
f 2216//2216 2144//2144 2086//2086
f 2145//2145 2087//2087 2217//2217
f 2218//2218 2088//2088 2146//2146
f 2147//2147 2089//2089 2219//2219
f 2220//2220 2090//2090 2148//2148
f 2221//2221 2149//2149 2093//2093
f 2094//2094 2150//2150 2222//2222
f 2151//2151 2097//2097 2223//2223
f 2224//2224 2098//2098 2152//2152
f 2225//2225 2153//2153 2095//2095
f 2096//2096 2154//2154 2226//2226
f 2227//2227 2155//2155 2099//2099
f 2100//2100 2156//2156 2228//2228
f 2229//2229 2157//2157 2127//2127
f 2128//2128 2158//2158 2230//2230
f 2159//2159 2225//2225 2131//2131
f 2132//2132 2226//2226 2160//2160
f 2231//2231 2161//2161 2101//2101
f 2102//2102 2162//2162 2232//2232
f 2163//2163 2135//2135 2233//2233
f 2234//2234 2136//2136 2164//2164
f 2235//2235 2236//2236 2237//2237
f 2238//2238 2239//2239 2240//2240
f 2171//2171 2103//2103 2241//2241
f 2242//2242 2104//2104 2172//2172
f 2243//2243 2244//2244 2245//2245
f 2246//2246 2247//2247 2248//2248
f 2211//2211 2189//2189 2179//2179
f 2180//2180 2190//2190 2214//2214
f 2123//2123 2193//2193 2249//2249
f 2250//2250 2194//2194 2124//2124
f 2171//2171 2195//2195 2129//2129
f 2130//2130 2196//2196 2172//2172
f 2215//2215 2197//2197 2191//2191
f 2192//2192 2198//2198 2216//2216
f 2133//2133 2199//2199 2251//2251
f 2252//2252 2200//2200 2134//2134
f 2203//2203 2201//2201 2253//2253
f 2254//2254 2202//2202 2204//2204
f 2255//2255 2256//2256 2257//2257
f 2258//2258 2259//2259 2260//2260
f 2212//2212 2211//2211 2261//2261
f 2262//2262 2214//2214 2213//2213
f 2197//2197 2215//2215 2143//2143
f 2144//2144 2216//2216 2198//2198
f 2249//2249 2145//2145 2217//2217
f 2218//2218 2146//2146 2250//2250
f 2145//2145 2249//2249 2193//2193
f 2194//2194 2250//2250 2146//2146
f 2149//2149 2221//2221 2229//2229
f 2230//2230 2222//2222 2150//2150
f 2153//2153 2225//2225 2263//2263
f 2264//2264 2226//2226 2154//2154
f 2157//2157 2229//2229 2221//2221
f 2222//2222 2230//2230 2158//2158
f 2225//2225 2159//2159 2263//2263
f 2264//2264 2160//2160 2226//2226
f 2155//2155 2227//2227 2265//2265
f 2266//2266 2228//2228 2156//2156
f 2161//2161 2231//2231 2267//2267
f 2268//2268 2232//2232 2162//2162
f 2195//2195 2171//2171 2241//2241
f 2242//2242 2172//2172 2196//2196
f 2265//2265 2251//2251 2199//2199
f 2200//2200 2252//2252 2266//2266
f 2269//2269 2270//2270 2271//2271
f 2272//2272 2273//2273 2274//2274
f 2253//2253 2231//2231 2203//2203
f 2204//2204 2232//2232 2254//2254
f 2275//2275 2276//2276 2277//2277
f 2278//2278 2279//2279 2280//2280
f 2251//2251 2265//2265 2227//2227
f 2228//2228 2266//2266 2252//2252
f 2231//2231 2253//2253 2267//2267
f 2268//2268 2254//2254 2232//2232
f 585//585 586//586 587//587
f 586//586 585//585 588//588
f 589//589 590//590 591//591
f 592//592 591//591 590//590
f 593//593 594//594 595//595
f 596//596 597//597 598//598
f 587//587 599//599 585//585
f 591//591 600//600 589//589
f 601//601 602//602 603//603
f 604//604 605//605 606//606
f 607//607 608//608 609//609
f 610//610 611//611 612//612
f 588//588 613//613 586//586
f 590//590 614//614 592//592
f 593//593 615//615 594//594
f 597//597 616//616 598//598
f 595//595 594//594 617//617
f 618//618 597//597 596//596
f 599//599 587//587 619//619
f 620//620 589//589 600//600
f 621//621 603//603 622//622
f 623//623 604//604 624//624
f 625//625 609//609 626//626
f 627//627 610//610 628//628
f 602//602 601//601 629//629
f 630//630 606//606 605//605
f 603//603 621//621 601//601
f 606//606 624//624 604//604
f 631//631 608//608 607//607
f 612//612 611//611 632//632
f 607//607 609//609 625//625
f 628//628 610//610 612//612
f 613//613 588//588 633//633
f 634//634 592//592 614//614
f 635//635 615//615 593//593
f 598//598 616//616 636//636
f 637//637 638//638 639//639
f 640//640 641//641 642//642
f 643//643 644//644 638//638
f 641//641 645//645 646//646
f 595//595 617//617 647//647
f 648//648 618//618 596//596
f 619//619 649//649 599//599
f 600//600 650//650 620//620
f 622//622 651//651 621//621
f 624//624 652//652 623//623
f 625//625 626//626 653//653
f 654//654 627//627 628//628
f 655//655 656//656 657//657
f 658//658 659//659 660//660
f 629//629 661//661 602//602
f 605//605 662//662 630//630
f 663//663 657//657 664//664
f 665//665 658//658 666//666
f 631//631 667//667 608//608
f 611//611 668//668 632//632
f 638//638 637//637 643//643
f 646//646 642//642 641//641
f 669//669 670//670 671//671
f 672//672 673//673 674//674
f 644//644 643//643 675//675
f 676//676 646//646 645//645
f 677//677 678//678 670//670
f 673//673 679//679 680//680
f 633//633 681//681 613//613
f 614//614 682//682 634//634
f 635//635 683//683 615//615
f 616//616 684//684 636//636
f 639//639 685//685 637//637
f 642//642 686//686 640//640
f 647//647 617//617 687//687
f 688//688 618//618 648//648
f 649//649 619//619 689//689
f 690//690 620//620 650//650
f 651//651 622//622 691//691
f 692//692 623//623 652//652
f 653//653 626//626 693//693
f 694//694 627//627 654//654
f 695//695 664//664 696//696
f 697//697 665//665 698//698
f 699//699 675//675 700//700
f 701//701 676//676 702//702
f 703//703 704//704 678//678
f 679//679 705//705 706//706
f 707//707 656//656 655//655
f 660//660 659//659 708//708
f 655//655 657//657 663//663
f 666//666 658//658 660//660
f 661//661 629//629 709//709
f 710//710 630//630 662//662
f 663//663 664//664 695//695
f 698//698 665//665 666//666
f 711//711 667//667 631//631
f 632//632 668//668 712//712
f 670//670 669//669 677//677
f 680//680 674//674 673//673
f 671//671 713//713 669//669
f 674//674 714//714 672//672
f 675//675 699//699 644//644
f 645//645 702//702 676//676
f 678//678 677//677 703//703
f 706//706 680//680 679//679
f 681//681 633//633 715//715
f 716//716 634//634 682//682
f 717//717 683//683 635//635
f 636//636 684//684 718//718
f 685//685 639//639 719//719
f 720//720 640//640 686//686
f 713//713 671//671 721//721
f 722//722 672//672 714//714
f 647//647 687//687 723//723
f 724//724 688//688 648//648
f 689//689 725//725 649//649
f 650//650 726//726 690//690
f 691//691 727//727 651//651
f 652//652 728//728 692//692
f 653//653 693//693 729//729
f 730//730 694//694 654//654
f 695//695 696//696 731//731
f 732//732 697//697 698//698
f 700//700 733//733 699//699
f 702//702 734//734 701//701
f 704//704 703//703 735//735
f 736//736 706//706 705//705
f 707//707 737//737 656//656
f 659//659 738//738 708//708
f 709//709 739//739 661//661
f 662//662 740//740 710//710
f 711//711 741//741 667//667
f 668//668 742//742 712//712
f 743//743 737//737 707//707
f 708//708 738//738 744//744
f 745//745 681//681 715//715
f 716//716 682//682 746//746
f 717//717 747//747 683//683
f 684//684 748//748 718//718
f 719//719 749//749 685//685
f 686//686 750//750 720//720
f 721//721 751//751 713//713
f 714//714 752//752 722//722
f 723//723 687//687 753//753
f 754//754 688//688 724//724
f 725//725 689//689 755//755
f 756//756 690//690 726//726
f 727//727 691//691 757//757
f 758//758 692//692 728//728
f 729//729 693//693 759//759
f 760//760 694//694 730//730
f 731//731 696//696 761//761
f 762//762 697//697 732//732
f 733//733 700//700 763//763
f 764//764 701//701 734//734
f 735//735 765//765 704//704
f 705//705 766//766 736//736
f 765//765 735//735 767//767
f 768//768 736//736 766//766
f 739//739 709//709 769//769
f 770//770 710//710 740//740
f 771//771 741//741 711//711
f 712//712 742//742 772//772
f 743//743 773//773 737//737
f 738//738 774//774 744//744
f 681//681 745//745 775//775
f 776//776 746//746 682//682
f 769//769 777//777 739//739
f 740//740 778//778 770//770
f 771//771 779//779 741//741
f 742//742 780//780 772//772
f 781//781 747//747 717//717
f 718//718 748//748 782//782
f 749//749 719//719 783//783
f 784//784 720//720 750//750
f 751//751 721//721 785//785
f 786//786 722//722 752//752
f 787//787 773//773 743//743
f 744//744 774//774 788//788
f 723//723 753//753 789//789
f 790//790 754//754 724//724
f 791//791 725//725 755//755
f 756//756 726//726 792//792
f 793//793 727//727 757//757
f 758//758 728//728 794//794
f 729//729 759//759 795//795
f 796//796 760//760 730//730
f 731//731 761//761 797//797
f 798//798 762//762 732//732
f 799//799 733//733 763//763
f 764//764 734//734 800//800
f 767//767 801//801 765//765
f 766//766 802//802 768//768
f 803//803 775//775 745//745
f 746//746 776//776 804//804
f 777//777 769//769 805//805
f 806//806 770//770 778//778
f 807//807 779//779 771//771
f 772//772 780//780 808//808
f 781//781 809//809 747//747
f 748//748 810//810 782//782
f 811//811 749//749 783//783
f 784//784 750//750 812//812
f 813//813 751//751 785//785
f 786//786 752//752 814//814
f 787//787 815//815 773//773
f 774//774 816//816 788//788
f 789//789 753//753 817//817
f 818//818 754//754 790//790
f 725//725 791//791 819//819
f 820//820 792//792 726//726
f 789//789 817//817 821//821
f 822//822 818//818 790//790
f 727//727 793//793 823//823
f 824//824 794//794 728//728
f 795//795 759//759 825//825
f 826//826 760//760 796//796
f 797//797 761//761 827//827
f 828//828 762//762 798//798
f 801//801 767//767 829//829
f 830//830 768//768 802//802
f 733//733 799//799 831//831
f 832//832 800//800 734//734
f 775//775 803//803 833//833
f 834//834 804//804 776//776
f 805//805 835//835 777//777
f 778//778 836//836 806//806
f 807//807 837//837 779//779
f 780//780 838//838 808//808
f 749//749 811//811 839//839
f 840//840 812//812 750//750
f 841//841 809//809 781//781
f 782//782 810//810 842//842
f 751//751 813//813 843//843
f 844//844 814//814 752//752
f 845//845 815//815 787//787
f 788//788 816//816 846//846
f 847//847 819//819 791//791
f 792//792 820//820 848//848
f 821//821 817//817 849//849
f 850//850 818//818 822//822
f 851//851 823//823 793//793
f 794//794 824//824 852//852
f 795//795 825//825 853//853
f 854//854 826//826 796//796
f 797//797 827//827 855//855
f 856//856 828//828 798//798
f 829//829 857//857 801//801
f 802//802 858//858 830//830
f 859//859 831//831 799//799
f 800//800 832//832 860//860
f 861//861 833//833 803//803
f 804//804 834//834 862//862
f 835//835 805//805 863//863
f 864//864 806//806 836//836
f 865//865 837//837 807//807
f 808//808 838//838 866//866
f 867//867 839//839 811//811
f 812//812 840//840 868//868
f 841//841 869//869 809//809
f 810//810 870//870 842//842
f 871//871 843//843 813//813
f 814//814 844//844 872//872
f 845//845 873//873 815//815
f 816//816 874//874 846//846
f 819//819 847//847 875//875
f 876//876 848//848 820//820
f 821//821 849//849 877//877
f 878//878 850//850 822//822
f 831//831 859//859 879//879
f 880//880 860//860 832//832
f 823//823 851//851 881//881
f 882//882 852//852 824//824
f 853//853 825//825 883//883
f 884//884 826//826 854//854
f 855//855 827//827 885//885
f 886//886 828//828 856//856
f 857//857 829//829 887//887
f 888//888 830//830 858//858
f 833//833 861//861 889//889
f 890//890 862//862 834//834
f 863//863 891//891 835//835
f 836//836 892//892 864//864
f 837//837 865//865 893//893
f 894//894 866//866 838//838
f 839//839 867//867 895//895
f 896//896 868//868 840//840
f 869//869 841//841 897//897
f 898//898 842//842 870//870
f 843//843 871//871 899//899
f 900//900 872//872 844//844
f 901//901 873//873 845//845
f 846//846 874//874 902//902
f 903//903 875//875 847//847
f 848//848 876//876 904//904
f 877//877 849//849 905//905
f 906//906 850//850 878//878
f 907//907 879//879 859//859
f 860//860 880//880 908//908
f 909//909 881//881 851//851
f 852//852 882//882 910//910
f 853//853 883//883 911//911
f 912//912 884//884 854//854
f 855//855 885//885 913//913
f 914//914 886//886 856//856
f 887//887 909//909 857//857
f 858//858 910//910 888//888
f 895//895 889//889 861//861
f 862//862 890//890 896//896
f 891//891 863//863 915//915
f 916//916 864//864 892//892
f 915//915 871//871 891//891
f 892//892 872//872 916//916
f 889//889 895//895 867//867
f 868//868 896//896 890//890
f 871//871 915//915 899//899
f 900//900 916//916 872//872
f 873//873 901//901 917//917
f 918//918 902//902 874//874
f 875//875 903//903 907//907
f 908//908 904//904 876//876
f 879//879 907//907 903//903
f 904//904 908//908 880//880
f 881//881 909//909 919//919
f 920//920 910//910 882//882
f 909//909 887//887 919//919
f 920//920 888//888 910//910
