# Created by Open3D 
# object name: 6e1fe96adbb5ffba8bae2d07dadd1b5d
# number of vertices: 8180
# number of triangles: 6436
v -0.388495 -0.371953 -0.393918
vn 0.0207662 0.0117839 0.00866404
v -0.388728 -0.371959 -0.392969
vn 0.00733012 0.0165433 0.0178255
v -0.411173 -0.409467 -0.32828
vn -0.00866404 0.0117839 0.0207662
v -0.389275 -0.36926 -0.388844
vn 0.00990221 0.0230225 0.00413139
v -0.411173 -0.409467 -0.32828
vn 0.00866404 -0.0117839 -0.0207662
v -0.388728 -0.371959 -0.392969
vn -0.00733012 -0.0165433 -0.0178255
v -0.388495 -0.371953 -0.393918
vn -0.0207662 -0.0117839 -0.00866404
v -0.389275 -0.36926 -0.388844
vn -0.00990221 -0.0230225 -0.00413139
v -0.410914 -0.408656 -0.32876
vn 0.00733012 0.0165433 0.0178255
v -0.410914 -0.408656 -0.32876
vn -0.00733012 -0.0165433 -0.0178255
v -0.413901 -0.411787 -0.330548
vn -0.00978026 0 0.0234416
v -0.388495 -0.371953 -0.393918
vn 0.0207662 0.0117839 0.00866404
v -0.411173 -0.409467 -0.32828
vn -0.00866404 0.0117839 0.0207662
v -0.411173 -0.409467 -0.32828
vn 0.00866404 -0.0117839 -0.0207662
v -0.388495 -0.371953 -0.393918
vn -0.0207662 -0.0117839 -0.00866404
v -0.413901 -0.411787 -0.330548
vn 0.00978026 -0 -0.0234416
v -0.388927 -0.371362 -0.393393
vn 0.0178255 0.0165433 -0.00733012
v -0.389275 -0.36926 -0.388844
vn 0.00990221 0.0230225 0.00413139
v -0.388495 -0.371953 -0.393918
vn 0.0207662 0.0117839 0.00866404
v -0.388495 -0.371953 -0.393918
vn -0.0207662 -0.0117839 -0.00866404
v -0.389275 -0.36926 -0.388844
vn -0.00990221 -0.0230225 -0.00413139
v -0.388927 -0.371362 -0.393393
vn -0.0178255 -0.0165433 0.00733012
v -0.389361 -0.369783 -0.388869
vn 0.00733012 0.0165433 0.0178255
v -0.389361 -0.369783 -0.388869
vn -0.00733012 -0.0165433 -0.0178255
v -0.410136 -0.403767 -0.328468
vn -0.00413139 0.0230225 0.00990221
v -0.410136 -0.403767 -0.328468
vn 0.00413139 -0.0230225 -0.00990221
v -0.391223 -0.374272 -0.396186
vn 0.0234416 0 0.00978026
v -0.391223 -0.374272 -0.396186
vn -0.0234416 0 -0.00978026
v -0.467165 -0.355087 -0.316545
vn -0.0207662 0.0117839 -0.00866404
v -0.413901 -0.411787 -0.330548
vn -0.00978026 0 0.0234416
v -0.411173 -0.409467 -0.32828
vn -0.00866404 0.0117839 0.0207662
v -0.411173 -0.409467 -0.32828
vn 0.00866404 -0.0117839 -0.0207662
v -0.413901 -0.411787 -0.330548
vn 0.00978026 -0 -0.0234416
v -0.467165 -0.355087 -0.316545
vn 0.0207662 -0.0117839 0.00866404
v -0.38957 -0.369145 -0.389216
vn 0.0178255 0.0165433 -0.00733012
v -0.38957 -0.369145 -0.389216
vn -0.0178255 -0.0165433 0.00733012
v -0.443795 -0.318073 -0.381894
vn 0.0178255 0.0165433 -0.00733012
v -0.443795 -0.318073 -0.381894
vn -0.0178255 -0.0165433 0.00733012
v -0.410076 -0.404051 -0.328912
vn 0.00733012 0.0165433 0.0178255
v -0.410076 -0.404051 -0.328912
vn -0.00733012 -0.0165433 -0.0178255
v -0.410136 -0.403767 -0.328468
vn -0.00413139 0.0230225 0.00990221
v -0.411417 -0.408698 -0.328226
vn -0.0178255 0.0165433 0.00733012
v -0.411173 -0.409467 -0.32828
vn -0.00866404 0.0117839 0.0207662
v -0.411173 -0.409467 -0.32828
vn 0.00866404 -0.0117839 -0.0207662
v -0.411417 -0.408698 -0.328226
vn 0.0178255 -0.0165433 -0.00733012
v -0.410136 -0.403767 -0.328468
vn 0.00413139 -0.0230225 -0.00990221
v -0.413901 -0.411787 -0.330548
vn 0 -0.0254 0
v -0.447214 -0.319892 -0.384452
vn 0 -0.0254 0
v -0.391223 -0.374272 -0.396186
vn 0 -0.0254 0
v -0.391223 -0.374272 -0.396186
vn 0 0.0254 0
v -0.447214 -0.319892 -0.384452
vn 0 0.0254 0
v -0.413901 -0.411787 -0.330548
vn 0 0.0254 0
v -0.413901 -0.411787 -0.330548
vn -0.00458421 -0.022437 0.0109876
v -0.409754 -0.376739 -0.388938
vn 0.0109876 -0.022437 0.00458421
v -0.391223 -0.374272 -0.396186
vn 0.0109876 -0.022437 0.00458421
v -0.391223 -0.374272 -0.396186
vn -0.0109876 0.022437 -0.00458421
v -0.409754 -0.376739 -0.388938
vn -0.0109876 0.022437 -0.00458421
v -0.413901 -0.411787 -0.330548
vn 0.00458421 0.022437 -0.0109876
v -0.447214 -0.319892 -0.384452
vn 0.00978026 -0 -0.0234416
v -0.388495 -0.371953 -0.393918
vn 0.0207662 0.0117839 0.00866404
v -0.391223 -0.374272 -0.396186
vn 0.0234416 0 0.00978026
v -0.391223 -0.374272 -0.396186
vn -0.0234416 0 -0.00978026
v -0.388495 -0.371953 -0.393918
vn -0.0207662 -0.0117839 -0.00866404
v -0.447214 -0.319892 -0.384452
vn -0.00978026 0 0.0234416
v -0.469893 -0.357407 -0.318813
vn -0.0234416 0 -0.00978026
v -0.469893 -0.357407 -0.318813
vn 0.0234416 0 0.00978026
v -0.4664 -0.355296 -0.316703
vn -0.0178255 0.0165433 0.00733012
v -0.467165 -0.355087 -0.316545
vn -0.0207662 0.0117839 -0.00866404
v -0.467165 -0.355087 -0.316545
vn 0.0207662 -0.0117839 0.00866404
v -0.4664 -0.355296 -0.316703
vn 0.0178255 -0.0165433 -0.00733012
v -0.440742 -0.319444 -0.378493
vn 0.0178255 0.0165433 -0.00733012
v -0.440742 -0.319444 -0.378493
vn -0.0178255 -0.0165433 0.00733012
v -0.444486 -0.317572 -0.382184
vn 0.00866404 0.0117839 -0.0207662
v -0.444486 -0.317572 -0.382184
vn -0.00866404 -0.0117839 0.0207662
v -0.410545 -0.403903 -0.328385
vn -0.0178255 0.0165433 0.00733012
v -0.410545 -0.403903 -0.328385
vn 0.0178255 -0.0165433 -0.00733012
v -0.469893 -0.357407 -0.318813
vn 0 -0.0254 0
v -0.469893 -0.357407 -0.318813
vn 0 0.0254 0
v -0.409754 -0.376739 -0.388938
vn 0.0109876 -0.022437 0.00458421
v -0.447214 -0.319892 -0.384452
vn 0.00458421 -0.022437 -0.0109876
v -0.391223 -0.374272 -0.396186
vn 0.0109876 -0.022437 0.00458421
v -0.391223 -0.374272 -0.396186
vn -0.0109876 0.022437 -0.00458421
v -0.447214 -0.319892 -0.384452
vn -0.00458421 0.022437 0.0109876
v -0.409754 -0.376739 -0.388938
vn -0.0109876 0.022437 -0.00458421
v -0.425236 -0.402348 -0.344131
vn -0.00458421 -0.022437 0.0109876
v -0.425236 -0.402348 -0.344131
vn 0.00458421 0.022437 -0.0109876
v -0.444486 -0.317572 -0.382184
vn 0.00866404 0.0117839 -0.0207662
v -0.444486 -0.317572 -0.382184
vn -0.00866404 -0.0117839 0.0207662
v -0.467165 -0.355087 -0.316545
vn -0.0207662 0.0117839 -0.00866404
v -0.447214 -0.319892 -0.384452
vn 0.00978026 -0 -0.0234416
v -0.469893 -0.357407 -0.318813
vn -0.0234416 0 -0.00978026
v -0.469893 -0.357407 -0.318813
vn 0.0234416 0 0.00978026
v -0.447214 -0.319892 -0.384452
vn -0.00978026 0 0.0234416
v -0.467165 -0.355087 -0.316545
vn 0.0207662 -0.0117839 0.00866404
v -0.463458 -0.365225 -0.336121
vn -0.0109876 -0.022437 -0.00458421
v -0.413901 -0.411787 -0.330548
vn -0.00458421 -0.022437 0.0109876
v -0.469893 -0.357407 -0.318813
vn -0.0109876 -0.022437 -0.00458421
v -0.469893 -0.357407 -0.318813
vn 0.0109876 0.022437 0.00458421
v -0.413901 -0.411787 -0.330548
vn 0.00458421 0.022437 -0.0109876
v -0.463458 -0.365225 -0.336121
vn 0.0109876 0.022437 0.00458421
v -0.461639 -0.353745 -0.317675
vn -0.00990221 0.0230225 -0.00413139
v -0.461639 -0.353745 -0.317675
vn 0.00990221 -0.0230225 0.00413139
v -0.440778 -0.319239 -0.37805
vn 0.00413139 0.0230225 -0.00990221
v -0.440778 -0.319239 -0.37805
vn -0.00413139 -0.0230225 0.00990221
v -0.410136 -0.403767 -0.328468
vn 0.00413139 -0.0230225 -0.00990221
v -0.390245 -0.369052 -0.38789
vn 0.0191399 -0.0146647 0.00798554
v -0.389275 -0.36926 -0.388844
vn -0.00990221 -0.0230225 -0.00413139
v -0.461752 -0.354169 -0.317653
vn -0.0178255 0.0165433 0.00733012
v -0.461752 -0.354169 -0.317653
vn 0.0178255 -0.0165433 -0.00733012
v -0.447976 -0.339616 -0.380928
vn 0.00458421 -0.022437 -0.0109876
v -0.469893 -0.357407 -0.318813
vn -0.0109876 -0.022437 -0.00458421
v -0.447214 -0.319892 -0.384452
vn 0.00458421 -0.022437 -0.0109876
v -0.447214 -0.319892 -0.384452
vn -0.00458421 0.022437 0.0109876
v -0.469893 -0.357407 -0.318813
vn 0.0109876 0.022437 0.00458421
v -0.447976 -0.339616 -0.380928
vn -0.00458421 0.022437 0.0109876
v -0.447976 -0.339616 -0.380928
vn 0.00458421 -0.022437 -0.0109876
v -0.447976 -0.339616 -0.380928
vn -0.00458421 0.022437 0.0109876
v -0.425236 -0.402348 -0.344131
vn -0.00458421 -0.022437 0.0109876
v -0.425236 -0.402348 -0.344131
vn 0.00458421 0.022437 -0.0109876
v -0.409754 -0.376739 -0.388938
vn 0 0.0254 0
v -0.450571 -0.343908 -0.373418
vn 0 0.0254 0
v -0.425236 -0.402348 -0.344131
vn 0 0.0254 0
v -0.425236 -0.402348 -0.344131
vn 0 -0.0254 0
v -0.450571 -0.343908 -0.373418
vn 0 -0.0254 0
v -0.409754 -0.376739 -0.388938
vn 0 -0.0254 0
v -0.425236 -0.402348 -0.344131
vn -0.00978026 0 0.0234416
v -0.426313 -0.402565 -0.34826
vn 0.0191399 -0.0146647 0.00798554
v -0.409754 -0.376739 -0.388938
vn 0.0234416 0 0.00978026
v -0.409754 -0.376739 -0.388938
vn -0.0234416 0 -0.00978026
v -0.426313 -0.402565 -0.34826
vn -0.0191399 0.0146647 -0.00798554
v -0.425236 -0.402348 -0.344131
vn 0.00978026 -0 -0.0234416
v -0.444486 -0.317572 -0.382184
vn 0.00866404 0.0117839 -0.0207662
v -0.444486 -0.317572 -0.382184
vn -0.00866404 -0.0117839 0.0207662
v -0.450571 -0.343908 -0.373418
vn -0.00579803 -0.020316 -0.0140998
v -0.463458 -0.365225 -0.336121
vn -0.0109876 -0.022437 -0.00458421
v -0.463458 -0.365225 -0.336121
vn 0.0109876 0.022437 0.00458421
v -0.450571 -0.343908 -0.373418
vn 0.00579803 0.020316 0.0140998
v -0.466549 -0.354736 -0.317055
vn -0.00733012 0.0165433 -0.0178255
v -0.467165 -0.355087 -0.316545
vn -0.0207662 0.0117839 -0.00866404
v -0.461639 -0.353745 -0.317675
vn -0.00990221 0.0230225 -0.00413139
v -0.461639 -0.353745 -0.317675
vn 0.00990221 -0.0230225 0.00413139
v -0.467165 -0.355087 -0.316545
vn 0.0207662 -0.0117839 0.00866404
v -0.466549 -0.354736 -0.317055
vn 0.00733012 -0.0165433 0.0178255
v -0.440367 -0.320372 -0.377386
vn 0.00798554 -0.0146647 -0.0191399
v -0.440778 -0.319239 -0.37805
vn -0.00413139 -0.0230225 0.00990221
v -0.444486 -0.317572 -0.382184
vn 0.00866404 0.0117839 -0.0207662
v -0.444311 -0.317951 -0.381416
vn -0.00733012 0.0165433 -0.0178255
v -0.440778 -0.319239 -0.37805
vn 0.00413139 0.0230225 -0.00990221
v -0.440778 -0.319239 -0.37805
vn -0.00413139 -0.0230225 0.00990221
v -0.444311 -0.317951 -0.381416
vn 0.00733012 -0.0165433 0.0178255
v -0.444486 -0.317572 -0.382184
vn -0.00866404 -0.0117839 0.0207662
v -0.410547 -0.402634 -0.329132
vn -0.00798554 -0.0146647 0.0191399
v -0.447976 -0.339616 -0.380928
vn 0 0.0254 0
v -0.447976 -0.339616 -0.380928
vn 0 -0.0254 0
v -0.447778 -0.343352 -0.382994
vn 0.0191399 -0.0146647 0.00798554
v -0.447976 -0.339616 -0.380928
vn 0.00978026 -0 -0.0234416
v -0.409754 -0.376739 -0.388938
vn 0.0234416 0 0.00978026
v -0.409754 -0.376739 -0.388938
vn -0.0234416 0 -0.00978026
v -0.447976 -0.339616 -0.380928
vn -0.00978026 0 0.0234416
v -0.447778 -0.343352 -0.382994
vn -0.0191399 0.0146647 -0.00798554
v -0.463458 -0.365225 -0.336121
vn 0 0.0254 0
v -0.463458 -0.365225 -0.336121
vn 0 -0.0254 0
v -0.463458 -0.365225 -0.336121
vn -0.0234416 0 -0.00978026
v -0.463259 -0.368961 -0.338187
vn -0.00798554 -0.0146647 0.0191399
v -0.425236 -0.402348 -0.344131
vn -0.00978026 0 0.0234416
v -0.425236 -0.402348 -0.344131
vn 0.00978026 -0 -0.0234416
v -0.463259 -0.368961 -0.338187
vn 0.00798554 0.0146647 -0.0191399
v -0.463458 -0.365225 -0.336121
vn 0.0234416 0 0.00978026
v -0.444603 -0.418116 -0.363467
vn 0.0191399 0.0146647 0.00798554
v -0.444603 -0.418116 -0.363467
vn -0.0191399 -0.0146647 -0.00798554
v -0.412568 -0.379829 -0.388041
vn -0.00798554 -0.0146647 0.0191399
v -0.412568 -0.379829 -0.388041
vn 0.00798554 0.0146647 -0.0191399
v -0.447976 -0.339616 -0.380928
vn 0.00978026 -0 -0.0234416
v -0.463458 -0.365225 -0.336121
vn -0.0234416 0 -0.00978026
v -0.450571 -0.343908 -0.373418
vn -0.00966 0 -0.0234914
v -0.450571 -0.343908 -0.373418
vn 0.00966 0 0.0234914
v -0.463458 -0.365225 -0.336121
vn 0.0234416 0 0.00978026
v -0.447976 -0.339616 -0.380928
vn -0.00978026 0 0.0234416
v -0.46197 -0.353625 -0.31799
vn -0.00733012 0.0165433 -0.0178255
v -0.46197 -0.353625 -0.31799
vn 0.00733012 -0.0165433 0.0178255
v -0.461639 -0.353745 -0.317675
vn 0.00990221 -0.0230225 0.00413139
v -0.441239 -0.319332 -0.377991
vn -0.00733012 0.0165433 -0.0178255
v -0.441239 -0.319332 -0.377991
vn 0.00733012 -0.0165433 0.0178255
v -0.440367 -0.320372 -0.377386
vn -0.00798554 0.0146647 0.0191399
v -0.390957 -0.369658 -0.388482
vn -0.0191399 0.0146647 -0.00798554
v -0.390245 -0.369052 -0.38789
vn -0.0191399 0.0146647 -0.00798554
v -0.390245 -0.369052 -0.38789
vn 0.0191399 -0.0146647 0.00798554
v -0.390957 -0.369658 -0.388482
vn 0.0191399 -0.0146647 0.00798554
v -0.440367 -0.320372 -0.377386
vn 0.00798554 -0.0146647 -0.0191399
v -0.390957 -0.369658 -0.388482
vn -0.0191399 0.0146647 -0.00798554
v -0.410547 -0.402634 -0.329132
vn 0.00798554 0.0146647 -0.0191399
v -0.390245 -0.369052 -0.38789
vn -0.0191399 0.0146647 -0.00798554
v -0.390245 -0.369052 -0.38789
vn 0.0191399 -0.0146647 0.00798554
v -0.410547 -0.402634 -0.329132
vn -0.00798554 -0.0146647 0.0191399
v -0.390957 -0.369658 -0.388482
vn 0.0191399 -0.0146647 0.00798554
v -0.470156 -0.358474 -0.399369
vn 0.00938388 0.00715785 -0.0224915
v -0.470156 -0.358474 -0.399369
vn -0.00938388 -0.00715785 0.0224915
v -0.413843 -0.37631 -0.390106
vn 0.00798554 -0.0146647 -0.0191399
v -0.413843 -0.37631 -0.390106
vn -0.00798554 0.0146647 0.0191399
v -0.481549 -0.384511 -0.353394
vn -0.00798554 0.0146647 0.0191399
v -0.481549 -0.384511 -0.353394
vn 0.00798554 -0.0146647 -0.0191399
v -0.429325 -0.401919 -0.345299
vn -0.0191399 -0.0146647 -0.00798554
v -0.429325 -0.401919 -0.345299
vn 0.0191399 0.0146647 0.00798554
v -0.447416 -0.421205 -0.362572
vn -0.00938388 0.00715785 0.0224915
v -0.447416 -0.421205 -0.362572
vn 0.00938388 -0.00715785 -0.0224915
v -0.445517 -0.417227 -0.363276
vn 0.0191399 0.0146647 0.00798554
v -0.426313 -0.402565 -0.34826
vn 0.0191399 -0.0146647 0.00798554
v -0.444603 -0.418116 -0.363467
vn 0.0191399 0.0146647 0.00798554
v -0.444603 -0.418116 -0.363467
vn -0.0191399 -0.0146647 -0.00798554
v -0.426313 -0.402565 -0.34826
vn -0.0191399 0.0146647 -0.00798554
v -0.445517 -0.417227 -0.363276
vn -0.0191399 -0.0146647 -0.00798554
v -0.430858 -0.39538 -0.403248
vn -0.00798554 0.0146647 0.0191399
v -0.430858 -0.39538 -0.403248
vn 0.00798554 -0.0146647 -0.0191399
v -0.426313 -0.402565 -0.34826
vn 0.0191399 -0.0146647 0.00798554
v -0.413483 -0.378941 -0.38785
vn -0.00798554 -0.0146647 0.0191399
v -0.412568 -0.379829 -0.388041
vn -0.00798554 -0.0146647 0.0191399
v -0.412568 -0.379829 -0.388041
vn 0.00798554 0.0146647 -0.0191399
v -0.413483 -0.378941 -0.38785
vn 0.00798554 0.0146647 -0.0191399
v -0.426313 -0.402565 -0.34826
vn -0.0191399 0.0146647 -0.00798554
v -0.45079 -0.342706 -0.380032
vn -0.0191399 -0.0146647 -0.00798554
v -0.45079 -0.342706 -0.380032
vn 0.0191399 0.0146647 0.00798554
v -0.460669 -0.353953 -0.318629
vn -0.0191399 -0.0146647 -0.00798554
v -0.441079 -0.320978 -0.377977
vn -0.00798554 0.0146647 0.0191399
v -0.441079 -0.320978 -0.377977
vn 0.00798554 -0.0146647 -0.0191399
v -0.411259 -0.403239 -0.329724
vn 0.00798554 0.0146647 -0.0191399
v -0.411259 -0.403239 -0.329724
vn -0.00798554 -0.0146647 0.0191399
v -0.466068 -0.358903 -0.398201
vn 0.0191399 0.0146647 0.00798554
v -0.466068 -0.358903 -0.398201
vn -0.0191399 -0.0146647 -0.00798554
v -0.470156 -0.358474 -0.399369
vn 0.00938388 0.00715785 -0.0224915
v -0.46908 -0.358256 -0.395239
vn -0.0191399 0.0146647 -0.00798554
v -0.46908 -0.358256 -0.395239
vn 0.0191399 -0.0146647 0.00798554
v -0.470156 -0.358474 -0.399369
vn -0.00938388 -0.00715785 0.0224915
v -0.432133 -0.391861 -0.405313
vn 0.00798554 0.0146647 -0.0191399
v -0.432133 -0.391861 -0.405313
vn -0.00798554 -0.0146647 0.0191399
v -0.414214 -0.376924 -0.389033
vn 0.00798554 -0.0146647 -0.0191399
v -0.447778 -0.343352 -0.382994
vn 0.0191399 -0.0146647 0.00798554
v -0.413843 -0.37631 -0.390106
vn 0.00798554 -0.0146647 -0.0191399
v -0.413843 -0.37631 -0.390106
vn -0.00798554 0.0146647 0.0191399
v -0.447778 -0.343352 -0.382994
vn -0.0191399 0.0146647 -0.00798554
v -0.414214 -0.376924 -0.389033
vn -0.00798554 0.0146647 0.0191399
v -0.485638 -0.384083 -0.354562
vn -0.0224915 0.00715785 -0.00938388
v -0.485638 -0.384083 -0.354562
vn 0.0224915 -0.00715785 0.00938388
v -0.481549 -0.384511 -0.353394
vn -0.00798554 0.0146647 0.0191399
v -0.462889 -0.368348 -0.339259
vn -0.00798554 -0.0146647 0.0191399
v -0.463259 -0.368961 -0.338187
vn -0.00798554 -0.0146647 0.0191399
v -0.463259 -0.368961 -0.338187
vn 0.00798554 0.0146647 -0.0191399
v -0.462889 -0.368348 -0.339259
vn 0.00798554 0.0146647 -0.0191399
v -0.481549 -0.384511 -0.353394
vn 0.00798554 -0.0146647 -0.0191399
v -0.462889 -0.368348 -0.339259
vn -0.00798554 -0.0146647 0.0191399
v -0.429325 -0.401919 -0.345299
vn -0.0191399 -0.0146647 -0.00798554
v -0.463259 -0.368961 -0.338187
vn -0.00798554 -0.0146647 0.0191399
v -0.463259 -0.368961 -0.338187
vn 0.00798554 0.0146647 -0.0191399
v -0.429325 -0.401919 -0.345299
vn 0.0191399 0.0146647 0.00798554
v -0.462889 -0.368348 -0.339259
vn 0.00798554 0.0146647 -0.0191399
v -0.447416 -0.421205 -0.362572
vn -0.00938388 0.00715785 0.0224915
v -0.447416 -0.421205 -0.362572
vn 0.00938388 -0.00715785 -0.0224915
v -0.427227 -0.401676 -0.348069
vn 0.0191399 -0.0146647 0.00798554
v -0.427227 -0.401676 -0.348069
vn -0.0191399 0.0146647 -0.00798554
v -0.430858 -0.39538 -0.403248
vn -0.00798554 0.0146647 0.0191399
v -0.445517 -0.417227 -0.363276
vn 0.0191399 0.0146647 0.00798554
v -0.444603 -0.418116 -0.363467
vn 0.0191399 0.0146647 0.00798554
v -0.444603 -0.418116 -0.363467
vn -0.0191399 -0.0146647 -0.00798554
v -0.445517 -0.417227 -0.363276
vn -0.0191399 -0.0146647 -0.00798554
v -0.430858 -0.39538 -0.403248
vn 0.00798554 -0.0146647 -0.0191399
v -0.431934 -0.395596 -0.40738
vn 0.0224915 0.00715785 0.00938388
v -0.431934 -0.395596 -0.40738
vn -0.0224915 -0.00715785 -0.00938388
v -0.413483 -0.378941 -0.38785
vn -0.00798554 -0.0146647 0.0191399
v -0.430858 -0.39538 -0.403248
vn -0.00798554 0.0146647 0.0191399
v -0.412568 -0.379829 -0.388041
vn -0.00798554 -0.0146647 0.0191399
v -0.412568 -0.379829 -0.388041
vn 0.00798554 0.0146647 -0.0191399
v -0.430858 -0.39538 -0.403248
vn 0.00798554 -0.0146647 -0.0191399
v -0.413483 -0.378941 -0.38785
vn 0.00798554 0.0146647 -0.0191399
v -0.427227 -0.401676 -0.348069
vn 0.0191399 -0.0146647 0.00798554
v -0.427227 -0.401676 -0.348069
vn -0.0191399 0.0146647 -0.00798554
v -0.452516 -0.345562 -0.375035
vn -0.00432009 -0.0227184 -0.0105057
v -0.452516 -0.345562 -0.375035
vn 0.00432009 0.0227184 0.0105057
v -0.46138 -0.354558 -0.319221
vn 0.0191399 0.0146647 0.00798554
v -0.440367 -0.320372 -0.377386
vn -0.00798554 0.0146647 0.0191399
v -0.460669 -0.353953 -0.318629
vn 0.0191399 0.0146647 0.00798554
v -0.460669 -0.353953 -0.318629
vn -0.0191399 -0.0146647 -0.00798554
v -0.440367 -0.320372 -0.377386
vn 0.00798554 -0.0146647 -0.0191399
v -0.46138 -0.354558 -0.319221
vn -0.0191399 -0.0146647 -0.00798554
v -0.441079 -0.320978 -0.377977
vn -0.00798554 0.0146647 0.0191399
v -0.441079 -0.320978 -0.377977
vn 0.00798554 -0.0146647 -0.0191399
v -0.390957 -0.369658 -0.388482
vn 0.0191399 -0.0146647 0.00798554
v -0.416638 -0.346342 -0.381436
vn -0.0203441 -0.0127 0.0083658
v -0.441079 -0.320978 -0.377977
vn 0.00798554 -0.0146647 -0.0191399
v -0.411259 -0.403239 -0.329724
vn -0.00798554 -0.0146647 0.0191399
v -0.401024 -0.374018 -0.371915
vn -0.0174171 -0.0127 -0.0134356
v -0.46138 -0.354558 -0.319221
vn 0.0191399 0.0146647 0.00798554
v -0.410547 -0.402634 -0.329132
vn 0.00798554 0.0146647 -0.0191399
v -0.411259 -0.403239 -0.329724
vn 0.00798554 0.0146647 -0.0191399
v -0.411259 -0.403239 -0.329724
vn -0.00798554 -0.0146647 0.0191399
v -0.410547 -0.402634 -0.329132
vn -0.00798554 -0.0146647 0.0191399
v -0.46138 -0.354558 -0.319221
vn -0.0191399 -0.0146647 -0.00798554
v -0.460669 -0.353953 -0.318629
vn 0.0191399 0.0146647 0.00798554
v -0.460669 -0.353953 -0.318629
vn -0.0191399 -0.0146647 -0.00798554
v -0.431934 -0.395596 -0.40738
vn 0.0224915 0.00715785 0.00938388
v -0.431934 -0.395596 -0.40738
vn -0.0224915 -0.00715785 -0.00938388
v -0.447778 -0.343352 -0.382994
vn 0.0191399 -0.0146647 0.00798554
v -0.466439 -0.359515 -0.397128
vn 0.0191399 0.0146647 0.00798554
v -0.466068 -0.358903 -0.398201
vn 0.0191399 0.0146647 0.00798554
v -0.466068 -0.358903 -0.398201
vn -0.0191399 -0.0146647 -0.00798554
v -0.466439 -0.359515 -0.397128
vn -0.0191399 -0.0146647 -0.00798554
v -0.447778 -0.343352 -0.382994
vn -0.0191399 0.0146647 -0.00798554
v -0.482825 -0.380992 -0.355457
vn 0.00798554 0.0146647 -0.0191399
v -0.482825 -0.380992 -0.355457
vn -0.00798554 -0.0146647 0.0191399
v -0.432133 -0.391861 -0.405313
vn 0.00798554 0.0146647 -0.0191399
v -0.414214 -0.376924 -0.389033
vn 0.00798554 -0.0146647 -0.0191399
v -0.413843 -0.37631 -0.390106
vn 0.00798554 -0.0146647 -0.0191399
v -0.413843 -0.37631 -0.390106
vn -0.00798554 0.0146647 0.0191399
v -0.414214 -0.376924 -0.389033
vn -0.00798554 0.0146647 0.0191399
v -0.432133 -0.391861 -0.405313
vn -0.00798554 -0.0146647 0.0191399
v -0.448149 -0.343965 -0.381921
vn 0.0191399 -0.0146647 0.00798554
v -0.448149 -0.343965 -0.381921
vn -0.0191399 0.0146647 -0.00798554
v -0.485638 -0.384083 -0.354562
vn -0.0224915 0.00715785 -0.00938388
v -0.485638 -0.384083 -0.354562
vn 0.0224915 -0.00715785 0.00938388
v -0.481179 -0.383898 -0.354466
vn -0.00798554 0.0146647 0.0191399
v -0.481179 -0.383898 -0.354466
vn 0.00798554 -0.0146647 -0.0191399
v -0.428954 -0.401306 -0.346371
vn -0.0191399 -0.0146647 -0.00798554
v -0.428954 -0.401306 -0.346371
vn 0.0191399 0.0146647 0.00798554
v -0.447615 -0.417469 -0.360506
vn -0.0191399 0.0146647 -0.00798554
v -0.447615 -0.417469 -0.360506
vn 0.0191399 -0.0146647 0.00798554
v -0.427227 -0.401676 -0.348069
vn -0.0191399 0.0146647 -0.00798554
v -0.413483 -0.378941 -0.38785
vn 0.00798554 0.0146647 -0.0191399
v -0.445517 -0.417227 -0.363276
vn -0.0191399 -0.0146647 -0.00798554
v -0.431773 -0.394491 -0.403057
vn -0.00798554 0.0146647 0.0191399
v -0.431773 -0.394491 -0.403057
vn 0.00798554 -0.0146647 -0.0191399
v -0.431773 -0.394491 -0.403057
vn -0.00798554 0.0146647 0.0191399
v -0.431773 -0.394491 -0.403057
vn 0.00798554 -0.0146647 -0.0191399
v -0.468165 -0.359145 -0.395431
vn -0.0191399 0.0146647 -0.00798554
v -0.45079 -0.342706 -0.380032
vn -0.0191399 -0.0146647 -0.00798554
v -0.46908 -0.358256 -0.395239
vn -0.0191399 0.0146647 -0.00798554
v -0.46908 -0.358256 -0.395239
vn 0.0191399 -0.0146647 0.00798554
v -0.45079 -0.342706 -0.380032
vn 0.0191399 0.0146647 0.00798554
v -0.468165 -0.359145 -0.395431
vn 0.0191399 -0.0146647 0.00798554
v -0.464535 -0.365442 -0.34025
vn 0.00798554 -0.0146647 -0.0191399
v -0.464535 -0.365442 -0.34025
vn -0.00798554 0.0146647 0.0191399
v -0.45079 -0.342706 -0.380032
vn -0.0191399 -0.0146647 -0.00798554
v -0.451601 -0.34645 -0.375227
vn -0.00432009 -0.0227184 -0.0105057
v -0.452516 -0.345562 -0.375035
vn -0.00432009 -0.0227184 -0.0105057
v -0.452516 -0.345562 -0.375035
vn 0.00432009 0.0227184 0.0105057
v -0.451601 -0.34645 -0.375227
vn 0.00432009 0.0227184 0.0105057
v -0.45079 -0.342706 -0.380032
vn 0.0191399 0.0146647 0.00798554
v -0.46138 -0.354558 -0.319221
vn -0.0191399 -0.0146647 -0.00798554
v -0.441782 -0.334432 -0.363373
vn -0.00292707 -0.0127 0.0218014
v -0.410556 -0.389784 -0.344329
vn 0.00292707 -0.0127 -0.0218014
v -0.4357 -0.377874 -0.326265
vn 0.0203441 -0.0127 -0.0083658
v -0.470147 -0.359948 -0.401113
vn 0.0224098 -0.0112752 0.00397858
v -0.470156 -0.358474 -0.399369
vn 0.00938388 0.00715785 -0.0224915
v -0.431934 -0.395596 -0.40738
vn 0.0224915 0.00715785 0.00938388
v -0.431934 -0.395596 -0.40738
vn -0.0224915 -0.00715785 -0.00938388
v -0.470156 -0.358474 -0.399369
vn -0.00938388 -0.00715785 0.0224915
v -0.470147 -0.359948 -0.401113
vn -0.0224098 0.0112752 -0.00397858
v -0.448149 -0.343965 -0.381921
vn 0.0191399 -0.0146647 0.00798554
v -0.448149 -0.343965 -0.381921
vn -0.0191399 0.0146647 -0.00798554
v -0.466439 -0.359515 -0.397128
vn 0.0191399 0.0146647 0.00798554
v -0.432133 -0.391861 -0.405313
vn 0.00798554 0.0146647 -0.0191399
v -0.466068 -0.358903 -0.398201
vn 0.0191399 0.0146647 0.00798554
v -0.466068 -0.358903 -0.398201
vn -0.0191399 -0.0146647 -0.00798554
v -0.432133 -0.391861 -0.405313
vn -0.00798554 -0.0146647 0.0191399
v -0.466439 -0.359515 -0.397128
vn -0.0191399 -0.0146647 -0.00798554
v -0.482825 -0.380992 -0.355457
vn 0.00798554 0.0146647 -0.0191399
v -0.468165 -0.359145 -0.395431
vn -0.0191399 0.0146647 -0.00798554
v -0.46908 -0.358256 -0.395239
vn -0.0191399 0.0146647 -0.00798554
v -0.46908 -0.358256 -0.395239
vn 0.0191399 -0.0146647 0.00798554
v -0.468165 -0.359145 -0.395431
vn 0.0191399 -0.0146647 0.00798554
v -0.482825 -0.380992 -0.355457
vn -0.00798554 -0.0146647 0.0191399
v -0.432504 -0.392474 -0.40424
vn 0.00798554 0.0146647 -0.0191399
v -0.432504 -0.392474 -0.40424
vn -0.00798554 -0.0146647 0.0191399
v -0.448149 -0.343965 -0.381921
vn -0.0191399 0.0146647 -0.00798554
v -0.466439 -0.359515 -0.397128
vn -0.0191399 -0.0146647 -0.00798554
v -0.414214 -0.376924 -0.389033
vn -0.00798554 0.0146647 0.0191399
v -0.485638 -0.384083 -0.354562
vn -0.0224915 0.00715785 -0.00938388
v -0.486058 -0.386256 -0.35505
vn -0.0131283 -0.0112752 0.0185924
v -0.447416 -0.421205 -0.362572
vn -0.00938388 0.00715785 0.0224915
v -0.447416 -0.421205 -0.362572
vn 0.00938388 -0.00715785 -0.0224915
v -0.486058 -0.386256 -0.35505
vn 0.0131283 0.0112752 -0.0185924
v -0.485638 -0.384083 -0.354562
vn 0.0224915 -0.00715785 0.00938388
v -0.481549 -0.384511 -0.353394
vn -0.00798554 0.0146647 0.0191399
v -0.447244 -0.416857 -0.361578
vn -0.0191399 0.0146647 -0.00798554
v -0.481179 -0.383898 -0.354466
vn -0.00798554 0.0146647 0.0191399
v -0.481179 -0.383898 -0.354466
vn 0.00798554 -0.0146647 -0.0191399
v -0.447244 -0.416857 -0.361578
vn 0.0191399 -0.0146647 0.00798554
v -0.481549 -0.384511 -0.353394
vn 0.00798554 -0.0146647 -0.0191399
v -0.481179 -0.383898 -0.354466
vn 0.00798554 -0.0146647 -0.0191399
v -0.462889 -0.368348 -0.339259
vn 0.00798554 0.0146647 -0.0191399
v -0.447244 -0.416857 -0.361578
vn 0.0191399 -0.0146647 0.00798554
v -0.428954 -0.401306 -0.346371
vn 0.0191399 0.0146647 0.00798554
v -0.447244 -0.416857 -0.361578
vn -0.0191399 0.0146647 -0.00798554
v -0.429325 -0.401919 -0.345299
vn -0.0191399 -0.0146647 -0.00798554
v -0.428954 -0.401306 -0.346371
vn -0.0191399 -0.0146647 -0.00798554
v -0.428954 -0.401306 -0.346371
vn 0.0191399 0.0146647 0.00798554
v -0.429325 -0.401919 -0.345299
vn 0.0191399 0.0146647 0.00798554
v -0.447244 -0.416857 -0.361578
vn 0.0191399 -0.0146647 0.00798554
v -0.447615 -0.417469 -0.360506
vn -0.0191399 0.0146647 -0.00798554
v -0.447615 -0.417469 -0.360506
vn 0.0191399 -0.0146647 0.00798554
v -0.447416 -0.421205 -0.362572
vn -0.00938388 0.00715785 0.0224915
v -0.447627 -0.422052 -0.364651
vn 0.0185924 -0.0112752 0.0131283
v -0.431934 -0.395596 -0.40738
vn 0.0224915 0.00715785 0.00938388
v -0.431934 -0.395596 -0.40738
vn -0.0224915 -0.00715785 -0.00938388
v -0.447627 -0.422052 -0.364651
vn -0.0185924 0.0112752 -0.0131283
v -0.447416 -0.421205 -0.362572
vn 0.00938388 -0.00715785 -0.0224915
v -0.431773 -0.394491 -0.403057
vn 0.00798554 -0.0146647 -0.0191399
v -0.449875 -0.343595 -0.380224
vn -0.0191399 -0.0146647 -0.00798554
v -0.449875 -0.343595 -0.380224
vn 0.0191399 0.0146647 0.00798554
v -0.46362 -0.366331 -0.340442
vn 0.00798554 -0.0146647 -0.0191399
v -0.464535 -0.365442 -0.34025
vn 0.00798554 -0.0146647 -0.0191399
v -0.464535 -0.365442 -0.34025
vn -0.00798554 0.0146647 0.0191399
v -0.46362 -0.366331 -0.340442
vn -0.00798554 0.0146647 0.0191399
v -0.449875 -0.343595 -0.380224
vn -0.0191399 -0.0146647 -0.00798554
v -0.449875 -0.343595 -0.380224
vn 0.0191399 0.0146647 0.00798554
v -0.451313 -0.350199 -0.335787
vn 0.0174171 -0.0127 0.0134356
v -0.441782 -0.334432 -0.363373
vn 0.00292707 0.0127 -0.0218014
v -0.413198 -0.343417 -0.378576
vn 0.0229389 0.00547647 -0.0094328
v -0.416638 -0.346342 -0.381436
vn 0.0203441 0.0127 -0.0083658
v -0.416638 -0.346342 -0.381436
vn -0.0203441 -0.0127 0.0083658
v -0.413198 -0.343417 -0.378576
vn -0.0229389 -0.00547647 0.0094328
v -0.441782 -0.334432 -0.363373
vn -0.00292707 -0.0127 0.0218014
v -0.416638 -0.346342 -0.381436
vn 0.0203441 0.0127 -0.0083658
v -0.397584 -0.371093 -0.369055
vn 0.0196385 0.00547647 0.0151492
v -0.401024 -0.374018 -0.371915
vn 0.0174171 0.0127 0.0134356
v -0.401024 -0.374018 -0.371915
vn -0.0174171 -0.0127 -0.0134356
v -0.397584 -0.371093 -0.369055
vn -0.0196385 -0.00547647 -0.0151492
v -0.416638 -0.346342 -0.381436
vn -0.0203441 -0.0127 0.0083658
v -0.397584 -0.371093 -0.369055
vn 0.0196385 0.00547647 0.0151492
v -0.410556 -0.389784 -0.344329
vn -0.00292707 0.0127 0.0218014
v -0.401024 -0.374018 -0.371915
vn 0.0174171 0.0127 0.0134356
v -0.401024 -0.374018 -0.371915
vn -0.0174171 -0.0127 -0.0134356
v -0.410556 -0.389784 -0.344329
vn 0.00292707 -0.0127 -0.0218014
v -0.397584 -0.371093 -0.369055
vn -0.0196385 -0.00547647 -0.0151492
v -0.477489 -0.360319 -0.408497
vn 0.016383 0.0164924 0.0102351
v -0.477489 -0.360319 -0.408497
vn -0.016383 -0.0164924 -0.0102351
v -0.433743 -0.395305 -0.408742
vn 0.0131283 -0.0112752 -0.0185924
v -0.433743 -0.395305 -0.408742
vn -0.0131283 0.0112752 0.0185924
v -0.432504 -0.392474 -0.40424
vn 0.00798554 0.0146647 -0.0191399
v -0.432504 -0.392474 -0.40424
vn -0.00798554 -0.0146647 0.0191399
v -0.470156 -0.358474 -0.399369
vn 0.00938388 0.00715785 -0.0224915
v -0.472302 -0.359579 -0.399103
vn -0.0185924 -0.0112752 -0.0131283
v -0.485638 -0.384083 -0.354562
vn -0.0224915 0.00715785 -0.00938388
v -0.485638 -0.384083 -0.354562
vn 0.0224915 -0.00715785 0.00938388
v -0.472302 -0.359579 -0.399103
vn 0.0185924 0.0112752 0.0131283
v -0.470156 -0.358474 -0.399369
vn -0.00938388 -0.00715785 0.0224915
v -0.48191 -0.381881 -0.355649
vn 0.00798554 0.0146647 -0.0191399
v -0.48191 -0.381881 -0.355649
vn -0.00798554 -0.0146647 0.0191399
v -0.432504 -0.392474 -0.40424
vn -0.00798554 -0.0146647 0.0191399
v -0.495643 -0.390303 -0.356027
vn -0.00444362 0.0164924 0.0187994
v -0.495643 -0.390303 -0.356027
vn 0.00444362 -0.0164924 -0.0187994
v -0.449641 -0.421626 -0.362682
vn -0.0224098 -0.0112752 -0.00397858
v -0.449641 -0.421626 -0.362682
vn 0.0224098 0.0112752 0.00397858
v -0.447615 -0.417469 -0.360506
vn -0.0191399 0.0146647 -0.00798554
v -0.447615 -0.417469 -0.360506
vn 0.0191399 -0.0146647 0.00798554
v -0.46362 -0.366331 -0.340442
vn 0.00798554 -0.0146647 -0.0191399
v -0.482825 -0.380992 -0.355457
vn 0.00798554 0.0146647 -0.0191399
v -0.464535 -0.365442 -0.34025
vn 0.00798554 -0.0146647 -0.0191399
v -0.464535 -0.365442 -0.34025
vn -0.00798554 0.0146647 0.0191399
v -0.482825 -0.380992 -0.355457
vn -0.00798554 -0.0146647 0.0191399
v -0.46362 -0.366331 -0.340442
vn -0.00798554 0.0146647 0.0191399
v -0.451735 -0.431444 -0.36678
vn 0.0187994 0.0164924 0.00444362
v -0.451735 -0.431444 -0.36678
vn -0.0187994 -0.0164924 -0.00444362
v -0.432873 -0.397647 -0.407353
vn -0.00397858 -0.0112752 0.0224098
v -0.432873 -0.397647 -0.407353
vn 0.00397858 0.0112752 -0.0224098
v -0.449875 -0.343595 -0.380224
vn 0.0191399 0.0146647 0.00798554
v -0.46362 -0.366331 -0.340442
vn -0.00798554 0.0146647 0.0191399
v -0.468165 -0.359145 -0.395431
vn 0.0191399 -0.0146647 0.00798554
v -0.451601 -0.34645 -0.375227
vn 0.00432009 0.0227184 0.0105057
v -0.447873 -0.347274 -0.332927
vn -0.0196385 0.00547647 -0.0151492
v -0.441782 -0.334432 -0.363373
vn 0.00292707 0.0127 -0.0218014
v -0.451313 -0.350199 -0.335787
vn -0.0174171 0.0127 -0.0134356
v -0.451313 -0.350199 -0.335787
vn 0.0174171 -0.0127 0.0134356
v -0.441782 -0.334432 -0.363373
vn -0.00292707 -0.0127 0.0218014
v -0.447873 -0.347274 -0.332927
vn 0.0196385 -0.00547647 0.0151492
v -0.438342 -0.331508 -0.360513
vn 0.00330039 0.00547647 -0.024582
v -0.438342 -0.331508 -0.360513
vn -0.00330039 -0.00547647 0.024582
v -0.413198 -0.343417 -0.378576
vn 0.0229389 0.00547647 -0.0094328
v -0.413198 -0.343417 -0.378576
vn -0.0229389 -0.00547647 0.0094328
v -0.407116 -0.386859 -0.341469
vn -0.00330039 0.00547647 0.024582
v -0.407116 -0.386859 -0.341469
vn 0.00330039 -0.00547647 -0.024582
v -0.410556 -0.389784 -0.344329
vn -0.00292707 0.0127 0.0218014
v -0.43226 -0.37495 -0.323405
vn -0.0229389 0.00547647 0.0094328
v -0.4357 -0.377874 -0.326265
vn -0.0203441 0.0127 0.0083658
v -0.4357 -0.377874 -0.326265
vn 0.0203441 -0.0127 -0.0083658
v -0.43226 -0.37495 -0.323405
vn 0.0229389 -0.00547647 -0.0094328
v -0.410556 -0.389784 -0.344329
vn 0.00292707 -0.0127 -0.0218014
v -0.4357 -0.377874 -0.326265
vn -0.0203441 0.0127 0.0083658
v -0.447873 -0.347274 -0.332927
vn -0.0196385 0.00547647 -0.0151492
v -0.451313 -0.350199 -0.335787
vn -0.0174171 0.0127 -0.0134356
v -0.451313 -0.350199 -0.335787
vn 0.0174171 -0.0127 0.0134356
v -0.447873 -0.347274 -0.332927
vn 0.0196385 -0.00547647 0.0151492
v -0.4357 -0.377874 -0.326265
vn 0.0203441 -0.0127 -0.0083658
v -0.480365 -0.35899 -0.409637
vn 0.00938388 0.00715785 -0.0224915
v -0.480365 -0.35899 -0.409637
vn -0.00938388 -0.00715785 0.0224915
v -0.470434 -0.36031 -0.400809
vn 0.0224098 -0.0112752 0.00397858
v -0.477489 -0.360319 -0.408497
vn 0.016383 0.0164924 0.0102351
v -0.470147 -0.359948 -0.401113
vn 0.0224098 -0.0112752 0.00397858
v -0.470147 -0.359948 -0.401113
vn -0.0224098 0.0112752 -0.00397858
v -0.477489 -0.360319 -0.408497
vn -0.016383 -0.0164924 -0.0102351
v -0.470434 -0.36031 -0.400809
vn -0.0224098 0.0112752 -0.00397858
v -0.435616 -0.400987 -0.417272
vn 0.00444362 0.0164924 -0.0187994
v -0.435616 -0.400987 -0.417272
vn -0.00444362 -0.0164924 0.0187994
v -0.434031 -0.395666 -0.408438
vn 0.0131283 -0.0112752 -0.0185924
v -0.470147 -0.359948 -0.401113
vn 0.0224098 -0.0112752 0.00397858
v -0.433743 -0.395305 -0.408742
vn 0.0131283 -0.0112752 -0.0185924
v -0.433743 -0.395305 -0.408742
vn -0.0131283 0.0112752 0.0185924
v -0.470147 -0.359948 -0.401113
vn -0.0224098 0.0112752 -0.00397858
v -0.434031 -0.395666 -0.408438
vn -0.0131283 0.0112752 0.0185924
v -0.479463 -0.359941 -0.406305
vn -0.0187994 0.0164924 -0.00444362
v -0.479463 -0.359941 -0.406305
vn 0.0187994 -0.0164924 0.00444362
v -0.487001 -0.383892 -0.356562
vn 0.00397858 -0.0112752 -0.0224098
v -0.487001 -0.383892 -0.356562
vn -0.00397858 0.0112752 0.0224098
v -0.48191 -0.381881 -0.355649
vn 0.00798554 0.0146647 -0.0191399
v -0.48191 -0.381881 -0.355649
vn -0.00798554 -0.0146647 0.0191399
v -0.48191 -0.381881 -0.355649
vn -0.00798554 -0.0146647 0.0191399
v -0.498927 -0.389694 -0.355915
vn -0.0224915 0.00715785 -0.00938388
v -0.498927 -0.389694 -0.355915
vn 0.0224915 -0.00715785 0.00938388
v -0.495643 -0.390303 -0.356027
vn -0.00444362 0.0164924 0.0187994
v -0.486055 -0.386175 -0.35541
vn -0.0131283 -0.0112752 0.0185924
v -0.486058 -0.386256 -0.35505
vn -0.0131283 -0.0112752 0.0185924
v -0.486058 -0.386256 -0.35505
vn 0.0131283 0.0112752 -0.0185924
v -0.486055 -0.386175 -0.35541
vn 0.0131283 0.0112752 -0.0185924
v -0.495643 -0.390303 -0.356027
vn 0.00444362 -0.0164924 -0.0187994
v -0.486055 -0.386175 -0.35541
vn -0.0131283 -0.0112752 0.0185924
v -0.449641 -0.421626 -0.362682
vn -0.0224098 -0.0112752 -0.00397858
v -0.486058 -0.386256 -0.35505
vn -0.0131283 -0.0112752 0.0185924
v -0.486058 -0.386256 -0.35505
vn 0.0131283 0.0112752 -0.0185924
v -0.449641 -0.421626 -0.362682
vn 0.0224098 0.0112752 0.00397858
v -0.486055 -0.386175 -0.35541
vn 0.0131283 0.0112752 -0.0185924
v -0.45374 -0.431 -0.364808
vn -0.016383 0.0164924 -0.0102351
v -0.45374 -0.431 -0.364808
vn 0.016383 -0.0164924 0.0102351
v -0.4531 -0.434202 -0.365519
vn -0.00938388 0.00715785 0.0224915
v -0.4531 -0.434202 -0.365519
vn 0.00938388 -0.00715785 -0.0224915
v -0.452236 -0.431215 -0.366824
vn 0.0187994 0.0164924 0.00444362
v -0.447627 -0.422052 -0.364651
vn 0.0185924 -0.0112752 0.0131283
v -0.451735 -0.431444 -0.36678
vn 0.0187994 0.0164924 0.00444362
v -0.451735 -0.431444 -0.36678
vn -0.0187994 -0.0164924 -0.00444362
v -0.447627 -0.422052 -0.364651
vn -0.0185924 0.0112752 -0.0131283
v -0.452236 -0.431215 -0.366824
vn -0.0187994 -0.0164924 -0.00444362
v -0.434756 -0.403357 -0.415924
vn -0.0102351 0.0164924 0.016383
v -0.434756 -0.403357 -0.415924
vn 0.0102351 -0.0164924 -0.016383
v -0.447627 -0.422052 -0.364651
vn 0.0185924 -0.0112752 0.0131283
v -0.433375 -0.397419 -0.407395
vn -0.00397858 -0.0112752 0.0224098
v -0.432873 -0.397647 -0.407353
vn -0.00397858 -0.0112752 0.0224098
v -0.432873 -0.397647 -0.407353
vn 0.00397858 0.0112752 -0.0224098
v -0.433375 -0.397419 -0.407395
vn 0.00397858 0.0112752 -0.0224098
v -0.447627 -0.422052 -0.364651
vn -0.0185924 0.0112752 -0.0131283
v -0.438342 -0.331508 -0.360513
vn 0.00330039 0.00547647 -0.024582
v -0.438342 -0.331508 -0.360513
vn -0.00330039 -0.00547647 0.024582
v -0.435406 -0.331907 -0.360396
vn 0.0183904 0.0174587 0.00146541
v -0.413198 -0.343417 -0.378576
vn 0.0229389 0.00547647 -0.0094328
v -0.438342 -0.331508 -0.360513
vn 0.00330039 0.00547647 -0.024582
v -0.438342 -0.331508 -0.360513
vn -0.00330039 -0.00547647 0.024582
v -0.413198 -0.343417 -0.378576
vn -0.0229389 -0.00547647 0.0094328
v -0.435406 -0.331907 -0.360396
vn -0.0183904 -0.0174587 -0.00146541
v -0.413198 -0.343417 -0.378576
vn 0.0229389 0.00547647 -0.0094328
v -0.411439 -0.344423 -0.376471
vn 0.00792612 0.0174587 0.0166592
v -0.397584 -0.371093 -0.369055
vn 0.0196385 0.00547647 0.0151492
v -0.397584 -0.371093 -0.369055
vn -0.0196385 -0.00547647 -0.0151492
v -0.411439 -0.344423 -0.376471
vn -0.00792612 -0.0174587 -0.0166592
v -0.413198 -0.343417 -0.378576
vn -0.0229389 -0.00547647 0.0094328
v -0.397584 -0.371093 -0.369055
vn 0.0196385 0.00547647 0.0151492
v -0.397621 -0.370757 -0.366029
vn -0.0104643 0.0174587 0.0151939
v -0.407116 -0.386859 -0.341469
vn -0.00330039 0.00547647 0.024582
v -0.407116 -0.386859 -0.341469
vn 0.00330039 -0.00547647 -0.024582
v -0.397621 -0.370757 -0.366029
vn 0.0104643 -0.0174587 -0.0151939
v -0.397584 -0.371093 -0.369055
vn -0.0196385 -0.00547647 -0.0151492
v -0.407116 -0.386859 -0.341469
vn -0.00330039 0.00547647 0.024582
v -0.407116 -0.386859 -0.341469
vn 0.00330039 -0.00547647 -0.024582
v -0.43226 -0.37495 -0.323405
vn -0.0229389 0.00547647 0.0094328
v -0.43226 -0.37495 -0.323405
vn 0.0229389 -0.00547647 -0.0094328
v -0.434539 -0.403498 -0.41924
vn 0.0224915 0.00715785 0.00938388
v -0.434539 -0.403498 -0.41924
vn -0.0224915 -0.00715785 -0.00938388
v -0.480365 -0.35899 -0.409637
vn 0.00938388 0.00715785 -0.0224915
v -0.480365 -0.35899 -0.409637
vn -0.00938388 -0.00715785 0.0224915
v -0.477776 -0.360681 -0.408193
vn 0.016383 0.0164924 0.0102351
v -0.477776 -0.360681 -0.408193
vn -0.016383 -0.0164924 -0.0102351
v -0.470434 -0.36031 -0.400809
vn 0.0224098 -0.0112752 0.00397858
v -0.470434 -0.36031 -0.400809
vn -0.0224098 0.0112752 -0.00397858
v -0.435616 -0.400987 -0.417272
vn 0.00444362 0.0164924 -0.0187994
v -0.434031 -0.395666 -0.408438
vn 0.0131283 -0.0112752 -0.0185924
v -0.433743 -0.395305 -0.408742
vn 0.0131283 -0.0112752 -0.0185924
v -0.433743 -0.395305 -0.408742
vn -0.0131283 0.0112752 0.0185924
v -0.434031 -0.395666 -0.408438
vn -0.0131283 0.0112752 0.0185924
v -0.435616 -0.400987 -0.417272
vn -0.00444362 -0.0164924 0.0187994
v -0.479244 -0.360411 -0.406498
vn -0.0187994 0.0164924 -0.00444362
v -0.472302 -0.359579 -0.399103
vn -0.0185924 -0.0112752 -0.0131283
v -0.479463 -0.359941 -0.406305
vn -0.0187994 0.0164924 -0.00444362
v -0.479463 -0.359941 -0.406305
vn 0.0187994 -0.0164924 0.00444362
v -0.472302 -0.359579 -0.399103
vn 0.0185924 0.0112752 0.0131283
v -0.479244 -0.360411 -0.406498
vn 0.0187994 -0.0164924 0.00444362
v -0.496321 -0.387828 -0.357512
vn 0.0102351 0.0164924 -0.016383
v -0.496321 -0.387828 -0.357512
vn -0.0102351 -0.0164924 0.016383
v -0.472302 -0.359579 -0.399103
vn -0.0185924 -0.0112752 -0.0131283
v -0.486783 -0.384362 -0.356755
vn 0.00397858 -0.0112752 -0.0224098
v -0.487001 -0.383892 -0.356562
vn 0.00397858 -0.0112752 -0.0224098
v -0.487001 -0.383892 -0.356562
vn -0.00397858 0.0112752 0.0224098
v -0.486783 -0.384362 -0.356755
vn -0.00397858 0.0112752 0.0224098
v -0.472302 -0.359579 -0.399103
vn 0.0185924 0.0112752 0.0131283
v -0.498927 -0.389694 -0.355915
vn -0.0224915 0.00715785 -0.00938388
v -0.498927 -0.389694 -0.355915
vn 0.0224915 -0.00715785 0.00938388
v -0.4531 -0.434202 -0.365519
vn -0.00938388 0.00715785 0.0224915
v -0.4531 -0.434202 -0.365519
vn 0.00938388 -0.00715785 -0.0224915
v -0.49564 -0.390222 -0.356386
vn -0.00444362 0.0164924 0.0187994
v -0.49564 -0.390222 -0.356386
vn 0.00444362 -0.0164924 -0.0187994
v -0.449638 -0.421545 -0.363042
vn -0.0224098 -0.0112752 -0.00397858
v -0.449638 -0.421545 -0.363042
vn 0.0224098 0.0112752 0.00397858
v -0.449638 -0.421545 -0.363042
vn -0.0224098 -0.0112752 -0.00397858
v -0.45374 -0.431 -0.364808
vn -0.016383 0.0164924 -0.0102351
v -0.449641 -0.421626 -0.362682
vn -0.0224098 -0.0112752 -0.00397858
v -0.449641 -0.421626 -0.362682
vn 0.0224098 0.0112752 0.00397858
v -0.45374 -0.431 -0.364808
vn 0.016383 -0.0164924 0.0102351
v -0.449638 -0.421545 -0.363042
vn 0.0224098 0.0112752 0.00397858
v -0.448129 -0.421824 -0.364694
vn 0.0185924 -0.0112752 0.0131283
v -0.448129 -0.421824 -0.364694
vn -0.0185924 0.0112752 -0.0131283
v -0.434756 -0.403357 -0.415924
vn -0.0102351 0.0164924 0.016383
v -0.452236 -0.431215 -0.366824
vn 0.0187994 0.0164924 0.00444362
v -0.451735 -0.431444 -0.36678
vn 0.0187994 0.0164924 0.00444362
v -0.451735 -0.431444 -0.36678
vn -0.0187994 -0.0164924 -0.00444362
v -0.452236 -0.431215 -0.366824
vn -0.0187994 -0.0164924 -0.00444362
v -0.434756 -0.403357 -0.415924
vn 0.0102351 -0.0164924 -0.016383
v -0.434539 -0.403498 -0.41924
vn 0.0224915 0.00715785 0.00938388
v -0.434539 -0.403498 -0.41924
vn -0.0224915 -0.00715785 -0.00938388
v -0.432873 -0.397647 -0.407353
vn -0.00397858 -0.0112752 0.0224098
v -0.435257 -0.403128 -0.415966
vn -0.0102351 0.0164924 0.016383
v -0.434756 -0.403357 -0.415924
vn -0.0102351 0.0164924 0.016383
v -0.434756 -0.403357 -0.415924
vn 0.0102351 -0.0164924 -0.016383
v -0.435257 -0.403128 -0.415966
vn 0.0102351 -0.0164924 -0.016383
v -0.432873 -0.397647 -0.407353
vn 0.00397858 0.0112752 -0.0224098
v -0.448129 -0.421824 -0.364694
vn 0.0185924 -0.0112752 0.0131283
v -0.448129 -0.421824 -0.364694
vn -0.0185924 0.0112752 -0.0131283
v -0.433375 -0.397419 -0.407395
vn -0.00397858 -0.0112752 0.0224098
v -0.433375 -0.397419 -0.407395
vn 0.00397858 0.0112752 -0.0224098
v -0.447873 -0.347274 -0.332927
vn -0.0196385 0.00547647 -0.0151492
v -0.445335 -0.345515 -0.334149
vn 0.0104643 0.0174587 -0.0151939
v -0.438342 -0.331508 -0.360513
vn 0.00330039 0.00547647 -0.024582
v -0.438342 -0.331508 -0.360513
vn -0.00330039 -0.00547647 0.024582
v -0.445335 -0.345515 -0.334149
vn -0.0104643 -0.0174587 0.0151939
v -0.447873 -0.347274 -0.332927
vn 0.0196385 -0.00547647 0.0151492
v -0.413756 -0.342161 -0.375949
vn -0.00608608 0.0174587 -0.0174159
v -0.413756 -0.342161 -0.375949
vn 0.00608608 -0.0174587 0.0174159
v -0.411895 -0.326437 -0.339996
vn 0.00329378 0.00569666 -0.0245328
v -0.411895 -0.326437 -0.339996
vn -0.00329378 -0.00569666 0.0245328
v -0.397434 -0.335412 -0.351403
vn 0.0169417 -0.0103629 0.0158351
v -0.397434 -0.335412 -0.351403
vn -0.0169417 0.0103629 -0.0158351
v -0.397963 -0.368309 -0.368254
vn 0.0120396 0.0174587 -0.0139787
v -0.397963 -0.368309 -0.368254
vn -0.0120396 -0.0174587 0.0139787
v -0.388471 -0.349188 -0.344905
vn 0.0195992 0.00569666 0.0151189
v -0.388471 -0.349188 -0.344905
vn -0.0195992 -0.00569666 -0.0151189
v -0.405792 -0.384275 -0.342379
vn 0.0181257 0.0174587 0.00343724
v -0.405792 -0.384275 -0.342379
vn -0.0181257 -0.0174587 -0.00343724
v -0.429585 -0.374334 -0.324146
vn 0.00608608 0.0174587 0.0174159
v -0.43226 -0.37495 -0.323405
vn -0.0229389 0.00547647 0.0094328
v -0.407116 -0.386859 -0.341469
vn -0.00330039 0.00547647 0.024582
v -0.407116 -0.386859 -0.341469
vn 0.00330039 -0.00547647 -0.024582
v -0.43226 -0.37495 -0.323405
vn 0.0229389 -0.00547647 -0.0094328
v -0.429585 -0.374334 -0.324146
vn -0.00608608 -0.0174587 -0.0174159
v -0.43226 -0.37495 -0.323405
vn -0.0229389 0.00547647 0.0094328
v -0.445365 -0.348165 -0.331927
vn -0.0120396 0.0174587 0.0139787
v -0.447873 -0.347274 -0.332927
vn -0.0196385 0.00547647 -0.0151492
v -0.447873 -0.347274 -0.332927
vn 0.0196385 -0.00547647 0.0151492
v -0.445365 -0.348165 -0.331927
vn 0.0120396 -0.0174587 -0.0139787
v -0.43226 -0.37495 -0.323405
vn 0.0229389 -0.00547647 -0.0094328
v -0.480271 -0.360758 -0.410614
vn 0.0191399 -0.0146647 0.00798554
v -0.480365 -0.35899 -0.409637
vn 0.00938388 0.00715785 -0.0224915
v -0.434539 -0.403498 -0.41924
vn 0.0224915 0.00715785 0.00938388
v -0.434539 -0.403498 -0.41924
vn -0.0224915 -0.00715785 -0.00938388
v -0.480365 -0.35899 -0.409637
vn -0.00938388 -0.00715785 0.0224915
v -0.480271 -0.360758 -0.410614
vn -0.0191399 0.0146647 -0.00798554
v -0.477776 -0.360681 -0.408193
vn -0.016383 -0.0164924 -0.0102351
v -0.435904 -0.401348 -0.416969
vn -0.00444362 -0.0164924 0.0187994
v -0.470434 -0.36031 -0.400809
vn -0.0224098 0.0112752 -0.00397858
v -0.477776 -0.360681 -0.408193
vn 0.016383 0.0164924 0.0102351
v -0.435616 -0.400987 -0.417272
vn 0.00444362 0.0164924 -0.0187994
v -0.477489 -0.360319 -0.408497
vn 0.016383 0.0164924 0.0102351
v -0.477489 -0.360319 -0.408497
vn -0.016383 -0.0164924 -0.0102351
v -0.435616 -0.400987 -0.417272
vn -0.00444362 -0.0164924 0.0187994
v -0.477776 -0.360681 -0.408193
vn -0.016383 -0.0164924 -0.0102351
v -0.434031 -0.395666 -0.408438
vn -0.0131283 0.0112752 0.0185924
v -0.435904 -0.401348 -0.416969
vn 0.00444362 0.0164924 -0.0187994
v -0.435904 -0.401348 -0.416969
vn -0.00444362 -0.0164924 0.0187994
v -0.472084 -0.360049 -0.399296
vn -0.0185924 -0.0112752 -0.0131283
v -0.472084 -0.360049 -0.399296
vn 0.0185924 0.0112752 0.0131283
v -0.496321 -0.387828 -0.357512
vn 0.0102351 0.0164924 -0.016383
v -0.479244 -0.360411 -0.406498
vn -0.0187994 0.0164924 -0.00444362
v -0.479463 -0.359941 -0.406305
vn -0.0187994 0.0164924 -0.00444362
v -0.479463 -0.359941 -0.406305
vn 0.0187994 -0.0164924 0.00444362
v -0.479244 -0.360411 -0.406498
vn 0.0187994 -0.0164924 0.00444362
v -0.496321 -0.387828 -0.357512
vn -0.0102351 -0.0164924 0.016383
v -0.487001 -0.383892 -0.356562
vn 0.00397858 -0.0112752 -0.0224098
v -0.496103 -0.388298 -0.357705
vn 0.0102351 0.0164924 -0.016383
v -0.496321 -0.387828 -0.357512
vn 0.0102351 0.0164924 -0.016383
v -0.496321 -0.387828 -0.357512
vn -0.0102351 -0.0164924 0.016383
v -0.496103 -0.388298 -0.357705
vn -0.0102351 -0.0164924 0.016383
v -0.487001 -0.383892 -0.356562
vn -0.00397858 0.0112752 0.0224098
v -0.472084 -0.360049 -0.399296
vn -0.0185924 -0.0112752 -0.0131283
v -0.472084 -0.360049 -0.399296
vn 0.0185924 0.0112752 0.0131283
v -0.486783 -0.384362 -0.356755
vn 0.00397858 -0.0112752 -0.0224098
v -0.486783 -0.384362 -0.356755
vn -0.00397858 0.0112752 0.0224098
v -0.498927 -0.389694 -0.355915
vn -0.0224915 0.00715785 -0.00938388
v -0.498832 -0.391462 -0.356892
vn -0.00798554 -0.0146647 0.0191399
v -0.4531 -0.434202 -0.365519
vn -0.00938388 0.00715785 0.0224915
v -0.4531 -0.434202 -0.365519
vn 0.00938388 -0.00715785 -0.0224915
v -0.498832 -0.391462 -0.356892
vn 0.00798554 0.0146647 -0.0191399
v -0.498927 -0.389694 -0.355915
vn 0.0224915 -0.00715785 0.00938388
v -0.495643 -0.390303 -0.356027
vn -0.00444362 0.0164924 0.0187994
v -0.453738 -0.430919 -0.365167
vn -0.016383 0.0164924 -0.0102351
v -0.49564 -0.390222 -0.356386
vn -0.00444362 0.0164924 0.0187994
v -0.49564 -0.390222 -0.356386
vn 0.00444362 -0.0164924 -0.0187994
v -0.453738 -0.430919 -0.365167
vn 0.016383 -0.0164924 0.0102351
v -0.495643 -0.390303 -0.356027
vn 0.00444362 -0.0164924 -0.0187994
v -0.49564 -0.390222 -0.356386
vn 0.00444362 -0.0164924 -0.0187994
v -0.486055 -0.386175 -0.35541
vn 0.0131283 0.0112752 -0.0185924
v -0.453738 -0.430919 -0.365167
vn 0.016383 -0.0164924 0.0102351
v -0.449638 -0.421545 -0.363042
vn 0.0224098 0.0112752 0.00397858
v -0.453738 -0.430919 -0.365167
vn -0.016383 0.0164924 -0.0102351
v -0.453738 -0.430919 -0.365167
vn 0.016383 -0.0164924 0.0102351
v -0.448129 -0.421824 -0.364694
vn -0.0185924 0.0112752 -0.0131283
v -0.433375 -0.397419 -0.407395
vn 0.00397858 0.0112752 -0.0224098
v -0.452236 -0.431215 -0.366824
vn -0.0187994 -0.0164924 -0.00444362
v -0.435257 -0.403128 -0.415966
vn -0.0102351 0.0164924 0.016383
v -0.435257 -0.403128 -0.415966
vn 0.0102351 -0.0164924 -0.016383
v -0.435257 -0.403128 -0.415966
vn 0.0102351 -0.0164924 -0.016383
v -0.417374 -0.335498 -0.32414
vn -0.0195992 0.00569666 -0.0151189
v -0.417374 -0.335498 -0.32414
vn 0.0195992 -0.00569666 0.0151189
v -0.437287 -0.332203 -0.357442
vn -0.0181257 0.0174587 -0.00343724
v -0.437287 -0.332203 -0.357442
vn 0.0181257 -0.0174587 0.00343724
v -0.435406 -0.331907 -0.360396
vn 0.0183904 0.0174587 0.00146541
v -0.41391 -0.343162 -0.375503
vn -0.00608608 0.0174587 -0.0174159
v -0.413756 -0.342161 -0.375949
vn -0.00608608 0.0174587 -0.0174159
v -0.413756 -0.342161 -0.375949
vn 0.00608608 -0.0174587 0.0174159
v -0.41391 -0.343162 -0.375503
vn 0.00608608 -0.0174587 0.0174159
v -0.435406 -0.331907 -0.360396
vn -0.0183904 -0.0174587 -0.00146541
v -0.397445 -0.333282 -0.350376
vn 0.0228929 0.00569666 -0.00941391
v -0.397445 -0.333282 -0.350376
vn -0.0228929 -0.00569666 0.00941391
v -0.411939 -0.327408 -0.34219
vn 0.0221844 -0.0103629 -0.00675436
v -0.411939 -0.327408 -0.34219
vn -0.0221844 0.0103629 0.00675436
v -0.411895 -0.326437 -0.339996
vn 0.00329378 0.00569666 -0.0245328
v -0.411895 -0.326437 -0.339996
vn -0.00329378 -0.00569666 0.0245328
v -0.397445 -0.333282 -0.350376
vn 0.0228929 0.00569666 -0.00941391
v -0.397445 -0.333282 -0.350376
vn -0.0228929 -0.00569666 0.00941391
v -0.398169 -0.335656 -0.350905
vn 0.0169417 -0.0103629 0.0158351
v -0.411439 -0.344423 -0.376471
vn 0.00792612 0.0174587 0.0166592
v -0.397434 -0.335412 -0.351403
vn 0.0169417 -0.0103629 0.0158351
v -0.397434 -0.335412 -0.351403
vn -0.0169417 0.0103629 -0.0158351
v -0.411439 -0.344423 -0.376471
vn -0.00792612 -0.0174587 -0.0166592
v -0.398169 -0.335656 -0.350905
vn -0.0169417 0.0103629 -0.0158351
v -0.412175 -0.344667 -0.375973
vn 0.00792612 0.0174587 0.0166592
v -0.397963 -0.368309 -0.368254
vn 0.0120396 0.0174587 -0.0139787
v -0.411439 -0.344423 -0.376471
vn 0.00792612 0.0174587 0.0166592
v -0.411439 -0.344423 -0.376471
vn -0.00792612 -0.0174587 -0.0166592
v -0.397963 -0.368309 -0.368254
vn -0.0120396 -0.0174587 0.0139787
v -0.412175 -0.344667 -0.375973
vn -0.00792612 -0.0174587 -0.0166592
v -0.388471 -0.349188 -0.344905
vn 0.0195992 0.00569666 0.0151189
v -0.388471 -0.349188 -0.344905
vn -0.0195992 -0.00569666 -0.0151189
v -0.389559 -0.351385 -0.344673
vn -0.00524273 -0.0103629 0.0225894
v -0.389559 -0.351385 -0.344673
vn 0.00524273 0.0103629 -0.0225894
v -0.393948 -0.35825 -0.32905
vn -0.00329378 0.00569666 0.0245328
v -0.393948 -0.35825 -0.32905
vn 0.00329378 -0.00569666 -0.0245328
v -0.397621 -0.370757 -0.366029
vn -0.0104643 0.0174587 0.0151939
v -0.406618 -0.383871 -0.342434
vn 0.0181257 0.0174587 0.00343724
v -0.405792 -0.384275 -0.342379
vn 0.0181257 0.0174587 0.00343724
v -0.405792 -0.384275 -0.342379
vn -0.0181257 -0.0174587 -0.00343724
v -0.406618 -0.383871 -0.342434
vn -0.0181257 -0.0174587 -0.00343724
v -0.397621 -0.370757 -0.366029
vn 0.0104643 -0.0174587 -0.0151939
v -0.4084 -0.351405 -0.318668
vn -0.0228929 0.00569666 0.00941391
v -0.4084 -0.351405 -0.318668
vn 0.0228929 -0.00569666 -0.00941391
v -0.407791 -0.384657 -0.339803
vn -0.0183904 0.0174587 -0.00146541
v -0.407791 -0.384657 -0.339803
vn 0.0183904 -0.0174587 0.00146541
v -0.431833 -0.372152 -0.323674
vn -0.00792612 0.0174587 -0.0166592
v -0.431833 -0.372152 -0.323674
vn 0.00792612 -0.0174587 0.0166592
v -0.417374 -0.335498 -0.32414
vn -0.0195992 0.00569666 -0.0151189
v -0.417374 -0.335498 -0.32414
vn 0.0195992 -0.00569666 0.0151189
v -0.486296 -0.364032 -0.414568
vn 0.00798554 0.0146647 -0.0191399
v -0.486296 -0.364032 -0.414568
vn -0.00798554 -0.0146647 0.0191399
v -0.436474 -0.403295 -0.419793
vn 0.00798554 -0.0146647 -0.0191399
v -0.436474 -0.403295 -0.419793
vn -0.00798554 0.0146647 0.0191399
v -0.435904 -0.401348 -0.416969
vn 0.00444362 0.0164924 -0.0187994
v -0.435904 -0.401348 -0.416969
vn -0.00444362 -0.0164924 0.0187994
v -0.472084 -0.360049 -0.399296
vn 0.0185924 0.0112752 0.0131283
v -0.486783 -0.384362 -0.356755
vn -0.00397858 0.0112752 0.0224098
v -0.479244 -0.360411 -0.406498
vn 0.0187994 -0.0164924 0.00444362
v -0.496103 -0.388298 -0.357705
vn 0.0102351 0.0164924 -0.016383
v -0.496103 -0.388298 -0.357705
vn -0.0102351 -0.0164924 0.016383
v -0.496103 -0.388298 -0.357705
vn -0.0102351 -0.0164924 0.016383
v -0.480365 -0.35899 -0.409637
vn 0.00938388 0.00715785 -0.0224915
v -0.481697 -0.360452 -0.409211
vn -0.0191399 -0.0146647 -0.00798554
v -0.498927 -0.389694 -0.355915
vn -0.0224915 0.00715785 -0.00938388
v -0.498927 -0.389694 -0.355915
vn 0.0224915 -0.00715785 0.00938388
v -0.481697 -0.360452 -0.409211
vn 0.0191399 0.0146647 0.00798554
v -0.480365 -0.35899 -0.409637
vn -0.00938388 -0.00715785 0.0224915
v -0.45374 -0.431 -0.364808
vn -0.016383 0.0164924 -0.0102351
v -0.45374 -0.431 -0.364808
vn 0.016383 -0.0164924 0.0102351
v -0.502922 -0.394939 -0.360293
vn -0.00798554 0.0146647 0.0191399
v -0.502922 -0.394939 -0.360293
vn 0.00798554 -0.0146647 -0.0191399
v -0.455035 -0.433999 -0.366071
vn -0.0191399 -0.0146647 -0.00798554
v -0.455035 -0.433999 -0.366071
vn 0.0191399 0.0146647 0.00798554
v -0.4531 -0.434202 -0.365519
vn -0.00938388 0.00715785 0.0224915
v -0.45361 -0.434305 -0.367473
vn 0.0191399 -0.0146647 0.00798554
v -0.434539 -0.403498 -0.41924
vn 0.0224915 0.00715785 0.00938388
v -0.434539 -0.403498 -0.41924
vn -0.0224915 -0.00715785 -0.00938388
v -0.45361 -0.434305 -0.367473
vn -0.0191399 0.0146647 -0.00798554
v -0.4531 -0.434202 -0.365519
vn 0.00938388 -0.00715785 -0.0224915
v -0.418685 -0.335226 -0.326471
vn 0.00524273 -0.0103629 -0.0225894
v -0.418685 -0.335226 -0.326471
vn -0.00524273 0.0103629 0.0225894
v -0.445335 -0.345515 -0.334149
vn 0.0104643 0.0174587 -0.0151939
v -0.436743 -0.33329 -0.357874
vn -0.0181257 0.0174587 -0.00343724
v -0.437287 -0.332203 -0.357442
vn -0.0181257 0.0174587 -0.00343724
v -0.437287 -0.332203 -0.357442
vn 0.0181257 -0.0174587 0.00343724
v -0.436743 -0.33329 -0.357874
vn 0.0181257 -0.0174587 0.00343724
v -0.445335 -0.345515 -0.334149
vn -0.0104643 -0.0174587 0.0151939
v -0.43556 -0.332908 -0.35995
vn 0.0183904 0.0174587 0.00146541
v -0.43556 -0.332908 -0.35995
vn -0.0183904 -0.0174587 -0.00146541
v -0.399932 -0.334168 -0.350482
vn 0.000901242 -0.0103629 -0.0231723
v -0.413756 -0.342161 -0.375949
vn -0.00608608 0.0174587 -0.0174159
v -0.41391 -0.343162 -0.375503
vn -0.00608608 0.0174587 -0.0174159
v -0.41391 -0.343162 -0.375503
vn 0.00608608 -0.0174587 0.0174159
v -0.413756 -0.342161 -0.375949
vn 0.00608608 -0.0174587 0.0174159
v -0.399932 -0.334168 -0.350482
vn -0.000901242 0.0103629 0.0231723
v -0.399778 -0.333168 -0.350927
vn 0.000901242 -0.0103629 -0.0231723
v -0.399778 -0.333168 -0.350927
vn -0.000901242 0.0103629 0.0231723
v -0.412094 -0.328408 -0.341745
vn 0.0221844 -0.0103629 -0.00675436
v -0.435406 -0.331907 -0.360396
vn 0.0183904 0.0174587 0.00146541
v -0.411939 -0.327408 -0.34219
vn 0.0221844 -0.0103629 -0.00675436
v -0.411939 -0.327408 -0.34219
vn -0.0221844 0.0103629 0.00675436
v -0.435406 -0.331907 -0.360396
vn -0.0183904 -0.0174587 -0.00146541
v -0.412094 -0.328408 -0.341745
vn -0.0221844 0.0103629 0.00675436
v -0.414178 -0.327773 -0.339513
vn -0.0196172 -0.0103629 -0.0123667
v -0.414178 -0.327773 -0.339513
vn 0.0196172 0.0103629 0.0123667
v -0.412175 -0.344667 -0.375973
vn 0.00792612 0.0174587 0.0166592
v -0.412175 -0.344667 -0.375973
vn -0.00792612 -0.0174587 -0.0166592
v -0.389861 -0.348835 -0.346785
vn 0.0205184 -0.0103629 -0.0108057
v -0.398169 -0.335656 -0.350905
vn 0.0169417 -0.0103629 0.0158351
v -0.397434 -0.335412 -0.351403
vn 0.0169417 -0.0103629 0.0158351
v -0.397434 -0.335412 -0.351403
vn -0.0169417 0.0103629 -0.0158351
v -0.398169 -0.335656 -0.350905
vn -0.0169417 0.0103629 -0.0158351
v -0.389861 -0.348835 -0.346785
vn -0.0205184 0.0103629 0.0108057
v -0.398699 -0.368553 -0.367755
vn 0.0120396 0.0174587 -0.0139787
v -0.398699 -0.368553 -0.367755
vn -0.0120396 -0.0174587 0.0139787
v -0.389861 -0.348835 -0.346785
vn 0.0205184 -0.0103629 -0.0108057
v -0.389861 -0.348835 -0.346785
vn -0.0205184 0.0103629 0.0108057
v -0.394148 -0.358973 -0.331396
vn 0.0196172 -0.0103629 0.0123667
v -0.394148 -0.358973 -0.331396
vn -0.0196172 0.0103629 -0.0123667
v -0.389559 -0.351385 -0.344673
vn -0.00524273 -0.0103629 0.0225894
v -0.398447 -0.370353 -0.366085
vn -0.0104643 0.0174587 0.0151939
v -0.397621 -0.370757 -0.366029
vn -0.0104643 0.0174587 0.0151939
v -0.397621 -0.370757 -0.366029
vn 0.0104643 -0.0174587 -0.0151939
v -0.398447 -0.370353 -0.366085
vn 0.0104643 -0.0174587 -0.0151939
v -0.389559 -0.351385 -0.344673
vn 0.00524273 0.0103629 -0.0225894
v -0.393948 -0.35825 -0.32905
vn -0.00329378 0.00569666 0.0245328
v -0.393948 -0.35825 -0.32905
vn 0.00329378 -0.00569666 -0.0245328
v -0.398447 -0.370353 -0.366085
vn -0.0104643 0.0174587 0.0151939
v -0.398447 -0.370353 -0.366085
vn 0.0104643 -0.0174587 -0.0151939
v -0.406618 -0.383871 -0.342434
vn 0.0181257 0.0174587 0.00343724
v -0.394148 -0.358973 -0.331396
vn 0.0196172 -0.0103629 0.0123667
v -0.405792 -0.384275 -0.342379
vn 0.0181257 0.0174587 0.00343724
v -0.405792 -0.384275 -0.342379
vn -0.0181257 -0.0174587 -0.00343724
v -0.394148 -0.358973 -0.331396
vn -0.0196172 0.0103629 -0.0123667
v -0.406618 -0.383871 -0.342434
vn -0.0181257 -0.0174587 -0.00343724
v -0.408302 -0.353333 -0.31992
vn -0.000901242 -0.0103629 0.0231723
v -0.408302 -0.353333 -0.31992
vn 0.000901242 0.0103629 -0.0231723
v -0.4084 -0.351405 -0.318668
vn -0.0228929 0.00569666 0.00941391
v -0.410549 -0.35115 -0.319449
vn -0.0169417 -0.0103629 -0.0158351
v -0.410549 -0.35115 -0.319449
vn 0.0169417 0.0103629 0.0158351
v -0.4084 -0.351405 -0.318668
vn 0.0228929 -0.00569666 -0.00941391
v -0.407791 -0.384657 -0.339803
vn -0.0183904 0.0174587 -0.00146541
v -0.429894 -0.373873 -0.324881
vn 0.00608608 0.0174587 0.0174159
v -0.429585 -0.374334 -0.324146
vn 0.00608608 0.0174587 0.0174159
v -0.429585 -0.374334 -0.324146
vn -0.00608608 -0.0174587 -0.0174159
v -0.429894 -0.373873 -0.324881
vn -0.00608608 -0.0174587 -0.0174159
v -0.407791 -0.384657 -0.339803
vn 0.0183904 -0.0174587 0.00146541
v -0.431236 -0.372409 -0.3254
vn -0.00792612 0.0174587 -0.0166592
v -0.445365 -0.348165 -0.331927
vn -0.0120396 0.0174587 0.0139787
v -0.431833 -0.372152 -0.323674
vn -0.00792612 0.0174587 -0.0166592
v -0.431833 -0.372152 -0.323674
vn 0.00792612 -0.0174587 0.0166592
v -0.445365 -0.348165 -0.331927
vn 0.0120396 -0.0174587 -0.0139787
v -0.431236 -0.372409 -0.3254
vn 0.00792612 -0.0174587 0.0166592
v -0.41816 -0.337661 -0.32409
vn -0.0205184 -0.0103629 0.0108057
v -0.41816 -0.337661 -0.32409
vn 0.0205184 0.0103629 -0.0108057
v -0.484361 -0.364235 -0.414014
vn 0.0191399 0.0146647 0.00798554
v -0.484361 -0.364235 -0.414014
vn -0.0191399 -0.0146647 -0.00798554
v -0.486296 -0.364032 -0.414568
vn 0.00798554 0.0146647 -0.0191399
v -0.485786 -0.363929 -0.412612
vn -0.0191399 0.0146647 -0.00798554
v -0.485786 -0.363929 -0.412612
vn 0.0191399 -0.0146647 0.00798554
v -0.486296 -0.364032 -0.414568
vn -0.00798554 -0.0146647 0.0191399
v -0.440563 -0.406772 -0.423193
vn 0.00798554 0.0146647 -0.0191399
v -0.440563 -0.406772 -0.423193
vn -0.00798554 -0.0146647 0.0191399
v -0.436685 -0.403646 -0.419179
vn 0.00798554 -0.0146647 -0.0191399
v -0.480271 -0.360758 -0.410614
vn 0.0191399 -0.0146647 0.00798554
v -0.436474 -0.403295 -0.419793
vn 0.00798554 -0.0146647 -0.0191399
v -0.436474 -0.403295 -0.419793
vn -0.00798554 0.0146647 0.0191399
v -0.480271 -0.360758 -0.410614
vn -0.0191399 0.0146647 -0.00798554
v -0.436685 -0.403646 -0.419179
vn -0.00798554 0.0146647 0.0191399
v -0.499437 -0.389796 -0.357869
vn 0.00798554 -0.0146647 -0.0191399
v -0.499437 -0.389796 -0.357869
vn -0.00798554 0.0146647 0.0191399
v -0.504858 -0.394736 -0.360846
vn -0.0191399 0.0146647 -0.00798554
v -0.504858 -0.394736 -0.360846
vn 0.0191399 -0.0146647 0.00798554
v -0.502922 -0.394939 -0.360293
vn -0.00798554 0.0146647 0.0191399
v -0.498674 -0.391198 -0.357352
vn -0.00798554 -0.0146647 0.0191399
v -0.498832 -0.391462 -0.356892
vn -0.00798554 -0.0146647 0.0191399
v -0.498832 -0.391462 -0.356892
vn 0.00798554 0.0146647 -0.0191399
v -0.498674 -0.391198 -0.357352
vn 0.00798554 0.0146647 -0.0191399
v -0.502922 -0.394939 -0.360293
vn 0.00798554 -0.0146647 -0.0191399
v -0.498674 -0.391198 -0.357352
vn -0.00798554 -0.0146647 0.0191399
v -0.455035 -0.433999 -0.366071
vn -0.0191399 -0.0146647 -0.00798554
v -0.498832 -0.391462 -0.356892
vn -0.00798554 -0.0146647 0.0191399
v -0.498832 -0.391462 -0.356892
vn 0.00798554 0.0146647 -0.0191399
v -0.455035 -0.433999 -0.366071
vn 0.0191399 0.0146647 0.00798554
v -0.498674 -0.391198 -0.357352
vn 0.00798554 0.0146647 -0.0191399
v -0.459031 -0.439244 -0.37045
vn -0.00798554 0.0146647 0.0191399
v -0.459031 -0.439244 -0.37045
vn 0.00798554 -0.0146647 -0.0191399
v -0.457699 -0.437782 -0.370873
vn 0.0191399 0.0146647 0.00798554
v -0.457699 -0.437782 -0.370873
vn -0.0191399 -0.0146647 -0.00798554
v -0.43587 -0.40496 -0.418816
vn -0.00798554 -0.0146647 0.0191399
v -0.43587 -0.40496 -0.418816
vn 0.00798554 0.0146647 -0.0191399
v -0.418685 -0.335226 -0.326471
vn 0.00524273 -0.0103629 -0.0225894
v -0.444791 -0.346602 -0.334582
vn 0.0104643 0.0174587 -0.0151939
v -0.445335 -0.345515 -0.334149
vn 0.0104643 0.0174587 -0.0151939
v -0.445335 -0.345515 -0.334149
vn -0.0104643 -0.0174587 0.0151939
v -0.444791 -0.346602 -0.334582
vn -0.0104643 -0.0174587 0.0151939
v -0.418685 -0.335226 -0.326471
vn -0.00524273 0.0103629 0.0225894
v -0.444791 -0.346602 -0.334582
vn 0.0104643 0.0174587 -0.0151939
v -0.444791 -0.346602 -0.334582
vn -0.0104643 -0.0174587 0.0151939
v -0.436743 -0.33329 -0.357874
vn -0.0181257 0.0174587 -0.00343724
v -0.414178 -0.327773 -0.339513
vn -0.0196172 -0.0103629 -0.0123667
v -0.437287 -0.332203 -0.357442
vn -0.0181257 0.0174587 -0.00343724
v -0.437287 -0.332203 -0.357442
vn 0.0181257 -0.0174587 0.00343724
v -0.414178 -0.327773 -0.339513
vn 0.0196172 0.0103629 0.0123667
v -0.436743 -0.33329 -0.357874
vn 0.0181257 -0.0174587 0.00343724
v -0.43556 -0.332908 -0.35995
vn 0.0183904 0.0174587 0.00146541
v -0.43556 -0.332908 -0.35995
vn -0.0183904 -0.0174587 -0.00146541
v -0.43556 -0.332908 -0.35995
vn -0.0183904 -0.0174587 -0.00146541
v -0.41391 -0.343162 -0.375503
vn 0.00608608 -0.0174587 0.0174159
v -0.412094 -0.328408 -0.341745
vn -0.0221844 0.0103629 0.00675436
v -0.399778 -0.333168 -0.350927
vn 0.000901242 -0.0103629 -0.0231723
v -0.399778 -0.333168 -0.350927
vn -0.000901242 0.0103629 0.0231723
v -0.399932 -0.334168 -0.350482
vn -0.000901242 0.0103629 0.0231723
v 0.0769058 0.0724965 0.065005
vn 0.00337975 0.000228473 -0.0251731
v -0.397445 -0.333282 -0.350376
vn 0.0228929 0.00569666 -0.00941391
v -0.411895 -0.326437 -0.339996
vn 0.00329378 0.00569666 -0.0245328
v -0.411895 -0.326437 -0.339996
vn -0.00329378 -0.00569666 0.0245328
v -0.397445 -0.333282 -0.350376
vn -0.0228929 -0.00569666 0.00941391
v 0.0769058 0.0724965 0.065005
vn -0.00337975 -0.000228473 0.0251731
v -0.411939 -0.327408 -0.34219
vn 0.0221844 -0.0103629 -0.00675436
v -0.399932 -0.334168 -0.350482
vn 0.000901242 -0.0103629 -0.0231723
v -0.412094 -0.328408 -0.341745
vn 0.0221844 -0.0103629 -0.00675436
v -0.412094 -0.328408 -0.341745
vn -0.0221844 0.0103629 0.00675436
v -0.399932 -0.334168 -0.350482
vn -0.000901242 0.0103629 0.0231723
v -0.411939 -0.327408 -0.34219
vn -0.0221844 0.0103629 0.00675436
v -0.397445 -0.333282 -0.350376
vn 0.0228929 0.00569666 -0.00941391
v 0.083759 0.0658403 0.0635689
vn 0.0201107 0.000228473 0.0155135
v -0.388471 -0.349188 -0.344905
vn 0.0195992 0.00569666 0.0151189
v -0.388471 -0.349188 -0.344905
vn -0.0195992 -0.00569666 -0.0151189
v 0.083759 0.0658403 0.0635689
vn -0.0201107 -0.000228473 -0.0155135
v -0.397445 -0.333282 -0.350376
vn -0.0228929 -0.00569666 0.00941391
v -0.398169 -0.335656 -0.350905
vn -0.0169417 0.0103629 -0.0158351
v -0.412175 -0.344667 -0.375973
vn -0.00792612 -0.0174587 -0.0166592
v -0.390597 -0.349079 -0.346286
vn -0.0205184 0.0103629 0.0108057
v -0.390597 -0.349079 -0.346286
vn 0.0205184 -0.0103629 -0.0108057
v -0.390597 -0.349079 -0.346286
vn -0.0205184 0.0103629 0.0108057
v -0.398699 -0.368553 -0.367755
vn -0.0120396 -0.0174587 0.0139787
v -0.390597 -0.349079 -0.346286
vn 0.0205184 -0.0103629 -0.0108057
v -0.397963 -0.368309 -0.368254
vn 0.0120396 0.0174587 -0.0139787
v -0.398699 -0.368553 -0.367755
vn 0.0120396 0.0174587 -0.0139787
v -0.398699 -0.368553 -0.367755
vn -0.0120396 -0.0174587 0.0139787
v -0.397963 -0.368309 -0.368254
vn -0.0120396 -0.0174587 0.0139787
v -0.390597 -0.349079 -0.346286
vn -0.0205184 0.0103629 0.0108057
v -0.389861 -0.348835 -0.346785
vn 0.0205184 -0.0103629 -0.0108057
v -0.389861 -0.348835 -0.346785
vn -0.0205184 0.0103629 0.0108057
v -0.394148 -0.358973 -0.331396
vn 0.0196172 -0.0103629 0.0123667
v -0.390386 -0.350981 -0.344727
vn -0.00524273 -0.0103629 0.0225894
v -0.389559 -0.351385 -0.344673
vn -0.00524273 -0.0103629 0.0225894
v -0.389559 -0.351385 -0.344673
vn 0.00524273 0.0103629 -0.0225894
v -0.390386 -0.350981 -0.344727
vn 0.00524273 0.0103629 -0.0225894
v -0.394148 -0.358973 -0.331396
vn -0.0196172 0.0103629 -0.0123667
v -0.390386 -0.350981 -0.344727
vn -0.00524273 -0.0103629 0.0225894
v -0.390386 -0.350981 -0.344727
vn 0.00524273 0.0103629 -0.0225894
v -0.396046 -0.359138 -0.328725
vn -0.0221844 -0.0103629 0.00675436
v -0.396046 -0.359138 -0.328725
vn 0.0221844 0.0103629 -0.00675436
v -0.398447 -0.370353 -0.366085
vn 0.0104643 -0.0174587 -0.0151939
v -0.406618 -0.383871 -0.342434
vn -0.0181257 -0.0174587 -0.00343724
v -0.390386 -0.350981 -0.344727
vn 0.00524273 0.0103629 -0.0225894
v -0.394974 -0.358569 -0.331451
vn 0.0196172 -0.0103629 0.0123667
v -0.394974 -0.358569 -0.331451
vn -0.0196172 0.0103629 -0.0123667
v -0.429585 -0.374334 -0.324146
vn 0.00608608 0.0174587 0.0174159
v -0.408612 -0.352872 -0.320655
vn -0.000901242 -0.0103629 0.0231723
v -0.408302 -0.353333 -0.31992
vn -0.000901242 -0.0103629 0.0231723
v -0.408302 -0.353333 -0.31992
vn 0.000901242 0.0103629 -0.0231723
v -0.408612 -0.352872 -0.320655
vn 0.000901242 0.0103629 -0.0231723
v -0.429585 -0.374334 -0.324146
vn -0.00608608 -0.0174587 -0.0174159
v -0.408101 -0.384195 -0.340537
vn -0.0183904 0.0174587 -0.00146541
v -0.408101 -0.384195 -0.340537
vn 0.0183904 -0.0174587 0.00146541
v -0.429894 -0.373873 -0.324881
vn 0.00608608 0.0174587 0.0174159
v -0.429894 -0.373873 -0.324881
vn -0.00608608 -0.0174587 -0.0174159
v -0.409953 -0.351408 -0.321174
vn -0.0169417 -0.0103629 -0.0158351
v -0.431833 -0.372152 -0.323674
vn -0.00792612 0.0174587 -0.0166592
v -0.410549 -0.35115 -0.319449
vn -0.0169417 -0.0103629 -0.0158351
v -0.410549 -0.35115 -0.319449
vn 0.0169417 0.0103629 0.0158351
v -0.431833 -0.372152 -0.323674
vn 0.00792612 -0.0174587 0.0166592
v -0.409953 -0.351408 -0.321174
vn 0.0169417 0.0103629 0.0158351
v -0.444769 -0.348421 -0.333653
vn -0.0120396 0.0174587 0.0139787
v -0.444769 -0.348421 -0.333653
vn 0.0120396 -0.0174587 -0.0139787
v -0.431236 -0.372409 -0.3254
vn -0.00792612 0.0174587 -0.0166592
v -0.431236 -0.372409 -0.3254
vn 0.00792612 -0.0174587 0.0166592
v -0.445365 -0.348165 -0.331927
vn -0.0120396 0.0174587 0.0139787
v -0.417564 -0.337917 -0.325814
vn -0.0205184 -0.0103629 0.0108057
v -0.41816 -0.337661 -0.32409
vn -0.0205184 -0.0103629 0.0108057
v -0.41816 -0.337661 -0.32409
vn 0.0205184 0.0103629 -0.0108057
v -0.417564 -0.337917 -0.325814
vn 0.0205184 0.0103629 -0.0108057
v -0.445365 -0.348165 -0.331927
vn 0.0120396 -0.0174587 -0.0139787
v -0.44047 -0.408541 -0.424171
vn 0.0191399 0.0146647 0.00798554
v -0.44047 -0.408541 -0.424171
vn -0.0191399 -0.0146647 -0.00798554
v -0.480271 -0.360758 -0.410614
vn 0.0191399 -0.0146647 0.00798554
v -0.484573 -0.364585 -0.413401
vn 0.0191399 0.0146647 0.00798554
v -0.484361 -0.364235 -0.414014
vn 0.0191399 0.0146647 0.00798554
v -0.484361 -0.364235 -0.414014
vn -0.0191399 -0.0146647 -0.00798554
v -0.484573 -0.364585 -0.413401
vn -0.0191399 -0.0146647 -0.00798554
v -0.480271 -0.360758 -0.410614
vn -0.0191399 0.0146647 -0.00798554
v -0.503526 -0.393273 -0.361269
vn 0.00798554 0.0146647 -0.0191399
v -0.503526 -0.393273 -0.361269
vn -0.00798554 -0.0146647 0.0191399
v -0.440563 -0.406772 -0.423193
vn 0.00798554 0.0146647 -0.0191399
v -0.436685 -0.403646 -0.419179
vn 0.00798554 -0.0146647 -0.0191399
v -0.436474 -0.403295 -0.419793
vn 0.00798554 -0.0146647 -0.0191399
v -0.436474 -0.403295 -0.419793
vn -0.00798554 0.0146647 0.0191399
v -0.436685 -0.403646 -0.419179
vn -0.00798554 0.0146647 0.0191399
v -0.440563 -0.406772 -0.423193
vn -0.00798554 -0.0146647 0.0191399
v -0.480483 -0.361108 -0.410001
vn 0.0191399 -0.0146647 0.00798554
v -0.480483 -0.361108 -0.410001
vn -0.0191399 0.0146647 -0.00798554
v -0.485263 -0.364437 -0.412722
vn -0.0191399 0.0146647 -0.00798554
v -0.481697 -0.360452 -0.409211
vn -0.0191399 -0.0146647 -0.00798554
v -0.485786 -0.363929 -0.412612
vn -0.0191399 0.0146647 -0.00798554
v -0.485786 -0.363929 -0.412612
vn 0.0191399 -0.0146647 0.00798554
v -0.481697 -0.360452 -0.409211
vn 0.0191399 0.0146647 0.00798554
v -0.485263 -0.364437 -0.412722
vn 0.0191399 -0.0146647 0.00798554
v -0.481697 -0.360452 -0.409211
vn -0.0191399 -0.0146647 -0.00798554
v -0.498914 -0.390304 -0.357978
vn 0.00798554 -0.0146647 -0.0191399
v -0.499437 -0.389796 -0.357869
vn 0.00798554 -0.0146647 -0.0191399
v -0.499437 -0.389796 -0.357869
vn -0.00798554 0.0146647 0.0191399
v -0.498914 -0.390304 -0.357978
vn -0.00798554 0.0146647 0.0191399
v -0.481697 -0.360452 -0.409211
vn 0.0191399 0.0146647 0.00798554
v -0.504858 -0.394736 -0.360846
vn -0.0191399 0.0146647 -0.00798554
v -0.504858 -0.394736 -0.360846
vn 0.0191399 -0.0146647 0.00798554
v -0.502764 -0.394675 -0.360752
vn -0.00798554 0.0146647 0.0191399
v -0.502764 -0.394675 -0.360752
vn 0.00798554 -0.0146647 -0.0191399
v -0.454876 -0.433736 -0.366531
vn -0.0191399 -0.0146647 -0.00798554
v -0.454876 -0.433736 -0.366531
vn 0.0191399 0.0146647 0.00798554
v -0.459125 -0.437476 -0.369471
vn -0.0191399 0.0146647 -0.00798554
v -0.459125 -0.437476 -0.369471
vn 0.0191399 -0.0146647 0.00798554
v -0.459031 -0.439244 -0.37045
vn -0.00798554 0.0146647 0.0191399
v -0.459031 -0.439244 -0.37045
vn 0.00798554 -0.0146647 -0.0191399
v -0.458092 -0.4374 -0.370791
vn 0.0191399 0.0146647 0.00798554
v -0.45361 -0.434305 -0.367473
vn 0.0191399 -0.0146647 0.00798554
v -0.457699 -0.437782 -0.370873
vn 0.0191399 0.0146647 0.00798554
v -0.457699 -0.437782 -0.370873
vn -0.0191399 -0.0146647 -0.00798554
v -0.45361 -0.434305 -0.367473
vn -0.0191399 0.0146647 -0.00798554
v -0.458092 -0.4374 -0.370791
vn -0.0191399 -0.0146647 -0.00798554
v -0.43996 -0.408437 -0.422216
vn -0.00798554 0.0146647 0.0191399
v -0.43996 -0.408437 -0.422216
vn 0.00798554 -0.0146647 -0.0191399
v -0.45361 -0.434305 -0.367473
vn 0.0191399 -0.0146647 0.00798554
v -0.436262 -0.40458 -0.418734
vn -0.00798554 -0.0146647 0.0191399
v -0.43587 -0.40496 -0.418816
vn -0.00798554 -0.0146647 0.0191399
v -0.43587 -0.40496 -0.418816
vn 0.00798554 0.0146647 -0.0191399
v -0.436262 -0.40458 -0.418734
vn 0.00798554 0.0146647 -0.0191399
v -0.45361 -0.434305 -0.367473
vn -0.0191399 0.0146647 -0.00798554
v -0.414178 -0.327773 -0.339513
vn -0.0196172 -0.0103629 -0.0123667
v -0.41814 -0.336313 -0.326905
vn 0.00524273 -0.0103629 -0.0225894
v -0.418685 -0.335226 -0.326471
vn 0.00524273 -0.0103629 -0.0225894
v -0.418685 -0.335226 -0.326471
vn -0.00524273 0.0103629 0.0225894
v -0.41814 -0.336313 -0.326905
vn -0.00524273 0.0103629 0.0225894
v -0.414178 -0.327773 -0.339513
vn 0.0196172 0.0103629 0.0123667
v -0.41814 -0.336313 -0.326905
vn 0.00524273 -0.0103629 -0.0225894
v -0.41814 -0.336313 -0.326905
vn -0.00524273 0.0103629 0.0225894
v -0.444791 -0.346602 -0.334582
vn -0.0104643 -0.0174587 0.0151939
v -0.436743 -0.33329 -0.357874
vn 0.0181257 -0.0174587 0.00343724
v -0.41814 -0.336313 -0.326905
vn -0.00524273 0.0103629 0.0225894
v -0.413634 -0.32886 -0.339946
vn -0.0196172 -0.0103629 -0.0123667
v -0.413634 -0.32886 -0.339946
vn 0.0196172 0.0103629 0.0123667
v -0.399778 -0.333168 -0.350927
vn 0.000901242 -0.0103629 -0.0231723
v -0.399778 -0.333168 -0.350927
vn -0.000901242 0.0103629 0.0231723
v 0.0811336 0.0704937 0.061968
vn 0.0234904 0.000228473 -0.00965961
v 0.0811336 0.0704937 0.061968
vn -0.0234904 -0.000228473 0.00965961
v -0.411895 -0.326437 -0.339996
vn 0.00329378 0.00569666 -0.0245328
v 0.0753028 0.0698457 0.0696437
vn -0.0201107 0.000228473 -0.0155135
v 0.0769058 0.0724965 0.065005
vn 0.00337975 0.000228473 -0.0251731
v 0.0769058 0.0724965 0.065005
vn -0.00337975 -0.000228473 0.0251731
v 0.0753028 0.0698457 0.0696437
vn 0.0201107 -0.000228473 0.0155135
v -0.411895 -0.326437 -0.339996
vn -0.00329378 -0.00569666 0.0245328
v -0.417374 -0.335498 -0.32414
vn -0.0195992 0.00569666 -0.0151189
v -0.417374 -0.335498 -0.32414
vn 0.0195992 -0.00569666 0.0151189
v -0.200873 -0.167435 -0.181011
vn 0.0234876 0.000456946 -0.00965844
v -0.200873 -0.167435 -0.181011
vn -0.0234876 -0.000456946 0.00965844
v 0.083759 0.0658403 0.0635689
vn 0.0201107 0.000228473 0.0155135
v -0.393948 -0.35825 -0.32905
vn -0.00329378 0.00569666 0.0245328
v -0.388471 -0.349188 -0.344905
vn 0.0195992 0.00569666 0.0151189
v -0.388471 -0.349188 -0.344905
vn -0.0195992 -0.00569666 -0.0151189
v -0.393948 -0.35825 -0.32905
vn 0.00329378 -0.00569666 -0.0245328
v 0.083759 0.0658403 0.0635689
vn -0.0201107 -0.000228473 -0.0155135
v -0.394974 -0.358569 -0.331451
vn 0.0196172 -0.0103629 0.0123667
v -0.394974 -0.358569 -0.331451
vn -0.0196172 0.0103629 -0.0123667
v -0.396356 -0.358677 -0.329459
vn -0.0221844 -0.0103629 0.00675436
v -0.407791 -0.384657 -0.339803
vn -0.0183904 0.0174587 -0.00146541
v -0.396046 -0.359138 -0.328725
vn -0.0221844 -0.0103629 0.00675436
v -0.396046 -0.359138 -0.328725
vn 0.0221844 0.0103629 -0.00675436
v -0.407791 -0.384657 -0.339803
vn 0.0183904 -0.0174587 0.00146541
v -0.396356 -0.358677 -0.329459
vn 0.0221844 0.0103629 -0.00675436
v -0.394974 -0.358569 -0.331451
vn -0.0196172 0.0103629 -0.0123667
v -0.393948 -0.35825 -0.32905
vn -0.00329378 0.00569666 0.0245328
v 0.0779282 0.0651923 0.0712446
vn -0.0234904 0.000228473 0.00965961
v -0.4084 -0.351405 -0.318668
vn -0.0228929 0.00569666 0.00941391
v -0.4084 -0.351405 -0.318668
vn 0.0228929 -0.00569666 -0.00941391
v 0.0779282 0.0651923 0.0712446
vn 0.0234904 -0.000228473 -0.00965961
v -0.393948 -0.35825 -0.32905
vn 0.00329378 -0.00569666 -0.0245328
v -0.408612 -0.352872 -0.320655
vn -0.000901242 -0.0103629 0.0231723
v -0.396046 -0.359138 -0.328725
vn -0.0221844 -0.0103629 0.00675436
v -0.408302 -0.353333 -0.31992
vn -0.000901242 -0.0103629 0.0231723
v -0.408302 -0.353333 -0.31992
vn 0.000901242 0.0103629 -0.0231723
v -0.396046 -0.359138 -0.328725
vn 0.0221844 0.0103629 -0.00675436
v -0.408612 -0.352872 -0.320655
vn 0.000901242 0.0103629 -0.0231723
v -0.41816 -0.337661 -0.32409
vn -0.0205184 -0.0103629 0.0108057
v -0.409953 -0.351408 -0.321174
vn -0.0169417 -0.0103629 -0.0158351
v -0.410549 -0.35115 -0.319449
vn -0.0169417 -0.0103629 -0.0158351
v -0.410549 -0.35115 -0.319449
vn 0.0169417 0.0103629 0.0158351
v -0.409953 -0.351408 -0.321174
vn 0.0169417 0.0103629 0.0158351
v -0.41816 -0.337661 -0.32409
vn 0.0205184 0.0103629 -0.0108057
v -0.408101 -0.384195 -0.340537
vn -0.0183904 0.0174587 -0.00146541
v -0.408101 -0.384195 -0.340537
vn 0.0183904 -0.0174587 0.00146541
v -0.429894 -0.373873 -0.324881
vn -0.00608608 -0.0174587 -0.0174159
v -0.408612 -0.352872 -0.320655
vn 0.000901242 0.0103629 -0.0231723
v -0.408101 -0.384195 -0.340537
vn 0.0183904 -0.0174587 0.00146541
v -0.444769 -0.348421 -0.333653
vn 0.0120396 -0.0174587 -0.0139787
v -0.417564 -0.337917 -0.325814
vn 0.0205184 0.0103629 -0.0108057
v -0.431236 -0.372409 -0.3254
vn 0.00792612 -0.0174587 0.0166592
v -0.444769 -0.348421 -0.333653
vn -0.0120396 0.0174587 0.0139787
v -0.444769 -0.348421 -0.333653
vn 0.0120396 -0.0174587 -0.0139787
v -0.409953 -0.351408 -0.321174
vn 0.0169417 0.0103629 0.0158351
v -0.417564 -0.337917 -0.325814
vn -0.0205184 -0.0103629 0.0108057
v -0.417564 -0.337917 -0.325814
vn 0.0205184 0.0103629 -0.0108057
v -0.4084 -0.351405 -0.318668
vn -0.0228929 0.00569666 0.00941391
v 0.0753028 0.0698457 0.0696437
vn -0.0201107 0.000228473 -0.0155135
v -0.417374 -0.335498 -0.32414
vn -0.0195992 0.00569666 -0.0151189
v -0.417374 -0.335498 -0.32414
vn 0.0195992 -0.00569666 0.0151189
v 0.0753028 0.0698457 0.0696437
vn 0.0201107 -0.000228473 0.0155135
v -0.4084 -0.351405 -0.318668
vn 0.0228929 -0.00569666 -0.00941391
v -0.486296 -0.364032 -0.414568
vn -0.00798554 -0.0146647 0.0191399
v -0.418754 -0.413196 -0.445529
vn -0.0191399 -0.0146647 -0.00798554
v -0.44047 -0.408541 -0.424171
vn -0.0191399 -0.0146647 -0.00798554
v -0.480483 -0.361108 -0.410001
vn 0.0191399 -0.0146647 0.00798554
v -0.480483 -0.361108 -0.410001
vn -0.0191399 0.0146647 -0.00798554
v -0.484573 -0.364585 -0.413401
vn 0.0191399 0.0146647 0.00798554
v -0.440563 -0.406772 -0.423193
vn 0.00798554 0.0146647 -0.0191399
v -0.484361 -0.364235 -0.414014
vn 0.0191399 0.0146647 0.00798554
v -0.484361 -0.364235 -0.414014
vn -0.0191399 -0.0146647 -0.00798554
v -0.440563 -0.406772 -0.423193
vn -0.00798554 -0.0146647 0.0191399
v -0.484573 -0.364585 -0.413401
vn -0.0191399 -0.0146647 -0.00798554
v -0.503526 -0.393273 -0.361269
vn 0.00798554 0.0146647 -0.0191399
v -0.485263 -0.364437 -0.412722
vn -0.0191399 0.0146647 -0.00798554
v -0.485786 -0.363929 -0.412612
vn -0.0191399 0.0146647 -0.00798554
v -0.485786 -0.363929 -0.412612
vn 0.0191399 -0.0146647 0.00798554
v -0.485263 -0.364437 -0.412722
vn 0.0191399 -0.0146647 0.00798554
v -0.503526 -0.393273 -0.361269
vn -0.00798554 -0.0146647 0.0191399
v -0.44047 -0.408541 -0.424171
vn 0.0191399 0.0146647 0.00798554
v -0.44047 -0.408541 -0.424171
vn -0.0191399 -0.0146647 -0.00798554
v -0.440775 -0.407123 -0.42258
vn 0.00798554 0.0146647 -0.0191399
v -0.440775 -0.407123 -0.42258
vn -0.00798554 -0.0146647 0.0191399
v -0.480483 -0.361108 -0.410001
vn -0.0191399 0.0146647 -0.00798554
v -0.484573 -0.364585 -0.413401
vn -0.0191399 -0.0146647 -0.00798554
v -0.436685 -0.403646 -0.419179
vn -0.00798554 0.0146647 0.0191399
v -0.481174 -0.36096 -0.409322
vn -0.0191399 -0.0146647 -0.00798554
v -0.481174 -0.36096 -0.409322
vn 0.0191399 0.0146647 0.00798554
v -0.498914 -0.390304 -0.357978
vn 0.00798554 -0.0146647 -0.0191399
v -0.503526 -0.393273 -0.361269
vn 0.00798554 0.0146647 -0.0191399
v -0.499437 -0.389796 -0.357869
vn 0.00798554 -0.0146647 -0.0191399
v -0.499437 -0.389796 -0.357869
vn -0.00798554 0.0146647 0.0191399
v -0.503526 -0.393273 -0.361269
vn -0.00798554 -0.0146647 0.0191399
v -0.498914 -0.390304 -0.357978
vn -0.00798554 0.0146647 0.0191399
v -0.481174 -0.36096 -0.409322
vn -0.0191399 -0.0146647 -0.00798554
v -0.481174 -0.36096 -0.409322
vn 0.0191399 0.0146647 0.00798554
v -0.459031 -0.439244 -0.37045
vn 0.00798554 -0.0146647 -0.0191399
v -0.526573 -0.390081 -0.339488
vn 0.0191399 -0.0146647 0.00798554
v -0.504858 -0.394736 -0.360846
vn 0.0191399 -0.0146647 0.00798554
v -0.502922 -0.394939 -0.360293
vn -0.00798554 0.0146647 0.0191399
v -0.458966 -0.437213 -0.369931
vn -0.0191399 0.0146647 -0.00798554
v -0.502764 -0.394675 -0.360752
vn -0.00798554 0.0146647 0.0191399
v -0.502764 -0.394675 -0.360752
vn 0.00798554 -0.0146647 -0.0191399
v -0.458966 -0.437213 -0.369931
vn 0.0191399 -0.0146647 0.00798554
v -0.502922 -0.394939 -0.360293
vn 0.00798554 -0.0146647 -0.0191399
v -0.502764 -0.394675 -0.360752
vn 0.00798554 -0.0146647 -0.0191399
v -0.498674 -0.391198 -0.357352
vn 0.00798554 0.0146647 -0.0191399
v -0.458966 -0.437213 -0.369931
vn 0.0191399 -0.0146647 0.00798554
v -0.454876 -0.433736 -0.366531
vn 0.0191399 0.0146647 0.00798554
v -0.458966 -0.437213 -0.369931
vn -0.0191399 0.0146647 -0.00798554
v -0.455035 -0.433999 -0.366071
vn -0.0191399 -0.0146647 -0.00798554
v -0.454876 -0.433736 -0.366531
vn -0.0191399 -0.0146647 -0.00798554
v -0.454876 -0.433736 -0.366531
vn 0.0191399 0.0146647 0.00798554
v -0.455035 -0.433999 -0.366071
vn 0.0191399 0.0146647 0.00798554
v -0.458966 -0.437213 -0.369931
vn 0.0191399 -0.0146647 0.00798554
v -0.459125 -0.437476 -0.369471
vn -0.0191399 0.0146647 -0.00798554
v -0.459125 -0.437476 -0.369471
vn 0.0191399 -0.0146647 0.00798554
v -0.454002 -0.433923 -0.367391
vn 0.0191399 -0.0146647 0.00798554
v -0.454002 -0.433923 -0.367391
vn -0.0191399 0.0146647 -0.00798554
v -0.43996 -0.408437 -0.422216
vn -0.00798554 0.0146647 0.0191399
v -0.458092 -0.4374 -0.370791
vn 0.0191399 0.0146647 0.00798554
v -0.457699 -0.437782 -0.370873
vn 0.0191399 0.0146647 0.00798554
v -0.457699 -0.437782 -0.370873
vn -0.0191399 -0.0146647 -0.00798554
v -0.458092 -0.4374 -0.370791
vn -0.0191399 -0.0146647 -0.00798554
v -0.43996 -0.408437 -0.422216
vn 0.00798554 -0.0146647 -0.0191399
v -0.436262 -0.40458 -0.418734
vn -0.00798554 -0.0146647 0.0191399
v -0.43996 -0.408437 -0.422216
vn -0.00798554 0.0146647 0.0191399
v -0.43587 -0.40496 -0.418816
vn -0.00798554 -0.0146647 0.0191399
v -0.43587 -0.40496 -0.418816
vn 0.00798554 0.0146647 -0.0191399
v -0.43996 -0.408437 -0.422216
vn 0.00798554 -0.0146647 -0.0191399
v -0.436262 -0.40458 -0.418734
vn 0.00798554 0.0146647 -0.0191399
v -0.454002 -0.433923 -0.367391
vn 0.0191399 -0.0146647 0.00798554
v -0.454002 -0.433923 -0.367391
vn -0.0191399 0.0146647 -0.00798554
v -0.413634 -0.32886 -0.339946
vn -0.0196172 -0.0103629 -0.0123667
v -0.413634 -0.32886 -0.339946
vn 0.0196172 0.0103629 0.0123667
v -0.413634 -0.32886 -0.339946
vn 0.0196172 0.0103629 0.0123667
v 0.0769058 0.0724965 0.065005
vn 0.00337975 0.000228473 -0.0251731
v 0.0782207 0.072673 0.0649959
vn -0.00265429 -0.0146647 -0.0205685
v 0.0811336 0.0704937 0.061968
vn 0.0234904 0.000228473 -0.00965961
v 0.0811336 0.0704937 0.061968
vn -0.0234904 -0.000228473 0.00965961
v 0.0782207 0.072673 0.0649959
vn 0.00265429 0.0146647 0.0205685
v 0.0769058 0.0724965 0.065005
vn -0.00337975 -0.000228473 0.0251731
v -0.200873 -0.167435 -0.181011
vn 0.0234876 0.000456946 -0.00965844
v -0.200873 -0.167435 -0.181011
vn -0.0234876 -0.000456946 0.00965844
v 0.0753028 0.0698457 0.0696437
vn -0.0201107 0.000228473 -0.0155135
v 0.0761761 0.070805 0.0693651
vn -0.0191399 -0.0146647 -0.00798554
v 0.0769058 0.0724965 0.065005
vn 0.00337975 0.000228473 -0.0251731
v 0.0769058 0.0724965 0.065005
vn -0.00337975 -0.000228473 0.0251731
v 0.0761761 0.070805 0.0693651
vn 0.0191399 0.0146647 0.00798554
v 0.0753028 0.0698457 0.0696437
vn 0.0201107 -0.000228473 0.0155135
v 0.0811336 0.0704937 0.061968
vn 0.0234904 0.000228473 -0.00965961
v 0.0811336 0.0704937 0.061968
vn -0.0234904 -0.000228473 0.00965961
v 0.082156 0.0631895 0.0682076
vn -0.00337975 0.000228473 0.0251731
v 0.082156 0.0631895 0.0682076
vn 0.00337975 -0.000228473 -0.0251731
v -0.396356 -0.358677 -0.329459
vn -0.0221844 -0.0103629 0.00675436
v -0.396356 -0.358677 -0.329459
vn 0.0221844 0.0103629 -0.00675436
v 0.082156 0.0631895 0.0682076
vn -0.00337975 0.000228473 0.0251731
v 0.082156 0.0631895 0.0682076
vn 0.00337975 -0.000228473 -0.0251731
v 0.0779282 0.0651923 0.0712446
vn -0.0234904 0.000228473 0.00965961
v 0.0779282 0.0651923 0.0712446
vn 0.0234904 -0.000228473 -0.00965961
v -0.396356 -0.358677 -0.329459
vn 0.0221844 0.0103629 -0.00675436
v -0.449835 -0.464611 -0.35557
vn 0.00798554 -0.0146647 -0.0191399
v -0.495492 -0.338665 -0.429447
vn -0.00798554 -0.0146647 0.0191399
v -0.440775 -0.407123 -0.42258
vn 0.00798554 0.0146647 -0.0191399
v -0.440775 -0.407123 -0.42258
vn -0.00798554 -0.0146647 0.0191399
v -0.503003 -0.393781 -0.361378
vn 0.00798554 0.0146647 -0.0191399
v -0.503003 -0.393781 -0.361378
vn -0.00798554 -0.0146647 0.0191399
v -0.440775 -0.407123 -0.42258
vn -0.00798554 -0.0146647 0.0191399
v -0.481174 -0.36096 -0.409322
vn 0.0191399 0.0146647 0.00798554
v -0.498914 -0.390304 -0.357978
vn -0.00798554 0.0146647 0.0191399
v -0.485263 -0.364437 -0.412722
vn 0.0191399 -0.0146647 0.00798554
v -0.503003 -0.393781 -0.361378
vn 0.00798554 0.0146647 -0.0191399
v -0.503003 -0.393781 -0.361378
vn -0.00798554 -0.0146647 0.0191399
v -0.459125 -0.437476 -0.369471
vn -0.0191399 0.0146647 -0.00798554
v -0.459125 -0.437476 -0.369471
vn 0.0191399 -0.0146647 0.00798554
v -0.454002 -0.433923 -0.367391
vn -0.0191399 0.0146647 -0.00798554
v -0.436262 -0.40458 -0.418734
vn 0.00798554 0.0146647 -0.0191399
v -0.458092 -0.4374 -0.370791
vn -0.0191399 -0.0146647 -0.00798554
v -0.440351 -0.408057 -0.422134
vn -0.00798554 0.0146647 0.0191399
v -0.440351 -0.408057 -0.422134
vn 0.00798554 -0.0146647 -0.0191399
v -0.440351 -0.408057 -0.422134
vn -0.00798554 0.0146647 0.0191399
v -0.440351 -0.408057 -0.422134
vn 0.00798554 -0.0146647 -0.0191399
v 0.0806896 0.074772 0.0670486
vn -0.00265429 0.0146647 -0.0205685
v 0.0806896 0.074772 0.0670486
vn 0.00265429 -0.0146647 0.0205685
v 0.0810261 0.0713438 0.062981
vn 0.0205685 -0.0146647 -0.00265429
v 0.0810261 0.0713438 0.062981
vn -0.0205685 0.0146647 0.00265429
v 0.0786238 0.0726692 0.0724049
vn -0.0174171 0.0127 -0.0134356
v 0.0786238 0.0726692 0.0724049
vn 0.0174171 -0.0127 0.0134356
v 0.0772399 0.0725636 0.0662874
vn 0.00798554 -0.0146647 -0.0191399
v 0.0772399 0.0725636 0.0662874
vn -0.00798554 0.0146647 0.0191399
v 0.0811336 0.0704937 0.061968
vn 0.0234904 0.000228473 -0.00965961
v 0.0821789 0.0702241 0.0627394
vn 0.0164857 -0.0146647 -0.0125829
v 0.083759 0.0658403 0.0635689
vn 0.0201107 0.000228473 0.0155135
v 0.083759 0.0658403 0.0635689
vn -0.0201107 -0.000228473 -0.0155135
v 0.0821789 0.0702241 0.0627394
vn -0.0164857 0.0146647 0.0125829
v 0.0811336 0.0704937 0.061968
vn -0.0234904 -0.000228473 0.00965961
v 0.083759 0.0658403 0.0635689
vn 0.0201107 0.000228473 0.0155135
v 0.0840931 0.0659075 0.0648513
vn 0.0191399 -0.0146647 0.00798554
v 0.082156 0.0631895 0.0682076
vn -0.00337975 0.000228473 0.0251731
v 0.082156 0.0631895 0.0682076
vn 0.00337975 -0.000228473 -0.0251731
v 0.0840931 0.0659075 0.0648513
vn -0.0191399 0.0146647 -0.00798554
v 0.083759 0.0658403 0.0635689
vn -0.0201107 -0.000228473 -0.0155135
v 0.0792431 0.0653688 0.0712355
vn -0.0205685 -0.0146647 0.00265429
v 0.0779282 0.0651923 0.0712446
vn -0.0234904 0.000228473 0.00965961
v 0.082156 0.0631895 0.0682076
vn -0.00337975 0.000228473 0.0251731
v 0.082156 0.0631895 0.0682076
vn 0.00337975 -0.000228473 -0.0251731
v 0.0779282 0.0651923 0.0712446
vn 0.0234904 -0.000228473 -0.00965961
v 0.0792431 0.0653688 0.0712355
vn 0.0205685 0.0146647 -0.00265429
v 0.0763481 0.069576 0.0704151
vn -0.0125829 -0.0146647 -0.0164857
v 0.0753028 0.0698457 0.0696437
vn -0.0201107 0.000228473 -0.0155135
v 0.0779282 0.0651923 0.0712446
vn -0.0234904 0.000228473 0.00965961
v 0.0779282 0.0651923 0.0712446
vn 0.0234904 -0.000228473 -0.00965961
v 0.0753028 0.0698457 0.0696437
vn 0.0201107 -0.000228473 0.0155135
v 0.0763481 0.069576 0.0704151
vn 0.0125829 0.0146647 0.0164857
v -0.449835 -0.464611 -0.35557
vn -0.00798554 0.0146647 0.0191399
v -0.450884 -0.464822 -0.359592
vn 0.0191399 -0.0146647 0.00798554
v -0.418754 -0.413196 -0.445529
vn 0.0191399 0.0146647 0.00798554
v -0.418754 -0.413196 -0.445529
vn -0.0191399 -0.0146647 -0.00798554
v -0.450884 -0.464822 -0.359592
vn -0.0191399 0.0146647 -0.00798554
v -0.449835 -0.464611 -0.35557
vn 0.00798554 -0.0146647 -0.0191399
v -0.495297 -0.342303 -0.431459
vn 0.0191399 -0.0146647 0.00798554
v -0.495492 -0.338665 -0.429447
vn 0.00798554 0.0146647 -0.0191399
v -0.418754 -0.413196 -0.445529
vn 0.0191399 0.0146647 0.00798554
v -0.418754 -0.413196 -0.445529
vn -0.0191399 -0.0146647 -0.00798554
v -0.495492 -0.338665 -0.429447
vn -0.00798554 -0.0146647 0.0191399
v -0.495297 -0.342303 -0.431459
vn -0.0191399 0.0146647 -0.00798554
v -0.503003 -0.393781 -0.361378
vn -0.00798554 -0.0146647 0.0191399
v -0.526573 -0.390081 -0.339488
vn -0.0191399 0.0146647 -0.00798554
v -0.52638 -0.393717 -0.341499
vn -0.00798554 -0.0146647 0.0191399
v -0.449835 -0.464611 -0.35557
vn -0.00798554 0.0146647 0.0191399
v -0.449835 -0.464611 -0.35557
vn 0.00798554 -0.0146647 -0.0191399
v -0.52638 -0.393717 -0.341499
vn 0.00798554 0.0146647 -0.0191399
v -0.526573 -0.390081 -0.339488
vn 0.0191399 -0.0146647 0.00798554
v -0.440351 -0.408057 -0.422134
vn 0.00798554 -0.0146647 -0.0191399
v 0.0802268 0.07532 0.0677662
vn 0.00292707 0.0127 -0.0218014
v 0.0802268 0.07532 0.0677662
vn -0.00292707 -0.0127 0.0218014
v 0.0806896 0.074772 0.0670486
vn -0.00265429 0.0146647 -0.0205685
v 0.0673503 0.150317 -0.001327
vn -0.00265429 -0.0146647 -0.0205685
v 0.0782207 0.072673 0.0649959
vn -0.00265429 -0.0146647 -0.0205685
v 0.0782207 0.072673 0.0649959
vn 0.00265429 0.0146647 0.0205685
v 0.0673503 0.150317 -0.001327
vn 0.00265429 0.0146647 0.0205685
v 0.0806896 0.074772 0.0670486
vn 0.00265429 -0.0146647 0.0205685
v 0.0673503 0.150317 -0.001327
vn -0.00265429 -0.0146647 -0.0205685
v 0.0810261 0.0713438 0.062981
vn 0.0205685 -0.0146647 -0.00265429
v 0.0782207 0.072673 0.0649959
vn -0.00265429 -0.0146647 -0.0205685
v 0.0782207 0.072673 0.0649959
vn 0.00265429 0.0146647 0.0205685
v 0.0810261 0.0713438 0.062981
vn -0.0205685 0.0146647 0.00265429
v 0.0673503 0.150317 -0.001327
vn 0.00265429 0.0146647 0.0205685
v 0.0844546 0.0733173 0.0647292
vn 0.0203441 0.0127 -0.0083658
v 0.0844546 0.0733173 0.0647292
vn -0.0203441 -0.0127 0.0083658
v 0.0786238 0.0726692 0.0724049
vn -0.0174171 0.0127 -0.0134356
v 0.0786238 0.0726692 0.0724049
vn 0.0174171 -0.0127 0.0134356
v 0.078645 0.0729041 0.0714179
vn -0.0191399 0.0146647 -0.00798554
v 0.078645 0.0729041 0.0714179
vn 0.0191399 -0.0146647 0.00798554
v 0.0802268 0.07532 0.0677662
vn 0.00292707 0.0127 -0.0218014
v 0.0802268 0.07532 0.0677662
vn -0.00292707 -0.0127 0.0218014
v 0.0761761 0.070805 0.0693651
vn -0.0191399 -0.0146647 -0.00798554
v 0.00440373 0.143305 0.0815518
vn 0.00798554 -0.0146647 -0.0191399
v 0.0772399 0.0725636 0.0662874
vn 0.00798554 -0.0146647 -0.0191399
v 0.0772399 0.0725636 0.0662874
vn -0.00798554 0.0146647 0.0191399
v 0.00440373 0.143305 0.0815518
vn -0.00798554 0.0146647 0.0191399
v 0.0761761 0.070805 0.0693651
vn 0.0191399 0.0146647 0.00798554
v 0.0846478 0.0723232 0.0647921
vn 0.0164857 0.0146647 -0.0125829
v 0.0846478 0.0723232 0.0647921
vn -0.0164857 -0.0146647 0.0125829
v 0.0839206 0.0671363 0.0638022
vn 0.0125829 -0.0146647 0.0164857
v 0.0839206 0.0671363 0.0638022
vn -0.0125829 0.0146647 -0.0164857
v 0.08708 0.0686639 0.0663301
vn 0.0174171 0.0127 0.0134356
v 0.08708 0.0686639 0.0663301
vn -0.0174171 -0.0127 -0.0134356
v 0.0830298 0.0641491 0.0679282
vn -0.00798554 -0.0146647 0.0191399
v 0.0830298 0.0641491 0.0679282
vn 0.00798554 0.0146647 -0.0191399
v 0.0812492 0.0680158 0.0740058
vn -0.0203441 0.0127 0.0083658
v 0.0812492 0.0680158 0.0740058
vn 0.0203441 -0.0127 -0.0083658
v 0.0820485 0.0640396 0.0692205
vn 0.00265429 -0.0146647 0.0205685
v 0.0820485 0.0640396 0.0692205
vn -0.00265429 0.0146647 -0.0205685
v 0.0780903 0.0664884 0.071477
vn -0.0164857 -0.0146647 0.0125829
v 0.0780903 0.0664884 0.071477
vn 0.0164857 0.0146647 -0.0125829
v -0.456821 -0.46987 -0.364529
vn 0.0191399 0.0146647 0.00798554
v -0.456821 -0.46987 -0.364529
vn -0.0191399 -0.0146647 -0.00798554
v -0.421492 -0.416205 -0.444656
vn -0.00798554 -0.0146647 0.0191399
v -0.421492 -0.416205 -0.444656
vn 0.00798554 0.0146647 -0.0191399
v -0.495492 -0.338665 -0.429447
vn 0.00798554 0.0146647 -0.0191399
v -0.49823 -0.341674 -0.428575
vn -0.0191399 -0.0146647 -0.00798554
v -0.526573 -0.390081 -0.339488
vn -0.0191399 0.0146647 -0.00798554
v -0.526573 -0.390081 -0.339488
vn 0.0191399 -0.0146647 0.00798554
v -0.49823 -0.341674 -0.428575
vn 0.0191399 0.0146647 0.00798554
v -0.495492 -0.338665 -0.429447
vn -0.00798554 -0.0146647 0.0191399
v -0.505217 -0.346934 -0.437533
vn 0.00798554 -0.0146647 -0.0191399
v -0.505217 -0.346934 -0.437533
vn -0.00798554 0.0146647 0.0191399
v -0.422734 -0.412779 -0.446666
vn 0.00798554 -0.0146647 -0.0191399
v -0.422734 -0.412779 -0.446666
vn -0.00798554 0.0146647 0.0191399
v -0.532318 -0.398766 -0.346436
vn -0.00798554 0.0146647 0.0191399
v -0.532318 -0.398766 -0.346436
vn 0.00798554 -0.0146647 -0.0191399
v -0.453816 -0.464193 -0.356707
vn -0.0191399 -0.0146647 -0.00798554
v -0.453816 -0.464193 -0.356707
vn 0.0191399 0.0146647 0.00798554
v 0.0698192 0.152416 0.00072571
vn -0.00265429 0.0146647 -0.0205685
v 0.0698192 0.152416 0.00072571
vn 0.00265429 -0.0146647 0.0205685
v 0.0701552 0.148989 -0.00334212
vn 0.0205685 -0.0146647 -0.00265429
v 0.0701552 0.148989 -0.00334212
vn -0.0205685 0.0146647 0.00265429
v 0.083495 0.0734428 0.0650337
vn 0.0205685 0.0146647 -0.00265429
v 0.083495 0.0734428 0.0650337
vn -0.0205685 -0.0146647 0.00265429
v 0.0844546 0.0733173 0.0647292
vn 0.0203441 0.0127 -0.0083658
v 0.0844546 0.0733173 0.0647292
vn -0.0203441 -0.0127 0.0083658
v 0.078817 0.0716751 0.0724678
vn -0.0125829 0.0146647 -0.0164857
v 0.078817 0.0716751 0.0724678
vn 0.0125829 -0.0146647 0.0164857
v 0.0797088 0.0746627 0.0683401
vn 0.00798554 0.0146647 -0.0191399
v 0.0797088 0.0746627 0.0683401
vn -0.00798554 -0.0146647 0.0191399
v 0.00580939 0.143644 0.0866824
vn -0.0191399 0.0146647 -0.00798554
v 0.0761761 0.070805 0.0693651
vn -0.0191399 -0.0146647 -0.00798554
v 0.078645 0.0729041 0.0714179
vn -0.0191399 0.0146647 -0.00798554
v 0.078645 0.0729041 0.0714179
vn 0.0191399 -0.0146647 0.00798554
v 0.0761761 0.070805 0.0693651
vn 0.0191399 0.0146647 0.00798554
v 0.00580939 0.143644 0.0866824
vn 0.0191399 -0.0146647 0.00798554
v 0.00334052 0.141545 0.0846297
vn -0.0191399 -0.0146647 -0.00798554
v 0.00334052 0.141545 0.0846297
vn 0.0191399 0.0146647 0.00798554
v 0.00440373 0.143305 0.0815518
vn 0.00798554 -0.0146647 -0.0191399
v 0.0797088 0.0746627 0.0683401
vn 0.00798554 0.0146647 -0.0191399
v 0.0772399 0.0725636 0.0662874
vn 0.00798554 -0.0146647 -0.0191399
v 0.0772399 0.0725636 0.0662874
vn -0.00798554 0.0146647 0.0191399
v 0.0797088 0.0746627 0.0683401
vn -0.00798554 -0.0146647 0.0191399
v 0.00440373 0.143305 0.0815518
vn -0.00798554 0.0146647 0.0191399
v 0.0846478 0.0723232 0.0647921
vn 0.0164857 0.0146647 -0.0125829
v 0.144072 0.0771078 -0.0187406
vn 0.0164857 -0.0146647 -0.0125829
v 0.0821789 0.0702241 0.0627394
vn 0.0164857 -0.0146647 -0.0125829
v 0.0821789 0.0702241 0.0627394
vn -0.0164857 0.0146647 0.0125829
v 0.144072 0.0771078 -0.0187406
vn -0.0164857 0.0146647 0.0125829
v 0.0846478 0.0723232 0.0647921
vn -0.0164857 -0.0146647 0.0125829
v 0.0821789 0.0702241 0.0627394
vn 0.0164857 -0.0146647 -0.0125829
v 0.145814 0.0740202 -0.0176786
vn 0.0125829 -0.0146647 0.0164857
v 0.0839206 0.0671363 0.0638022
vn 0.0125829 -0.0146647 0.0164857
v 0.0839206 0.0671363 0.0638022
vn -0.0125829 0.0146647 -0.0164857
v 0.145814 0.0740202 -0.0176786
vn -0.0125829 0.0146647 -0.0164857
v 0.0821789 0.0702241 0.0627394
vn -0.0164857 0.0146647 0.0125829
v 0.08708 0.0686639 0.0663301
vn 0.0174171 0.0127 0.0134356
v 0.08708 0.0686639 0.0663301
vn -0.0174171 -0.0127 -0.0134356
v 0.0865619 0.0680065 0.066904
vn 0.0191399 0.0146647 0.00798554
v 0.0865619 0.0680065 0.066904
vn -0.0191399 -0.0146647 -0.00798554
v 0.085477 0.0660131 0.0709688
vn -0.00292707 0.0127 0.0218014
v 0.085477 0.0660131 0.0709688
vn 0.00292707 -0.0127 -0.0218014
v 0.0840931 0.0659075 0.0648513
vn 0.0191399 -0.0146647 0.00798554
v 0.156155 -0.00687308 0.0526041
vn -0.00798554 -0.0146647 0.0191399
v 0.0830298 0.0641491 0.0679282
vn -0.00798554 -0.0146647 0.0191399
v 0.0830298 0.0641491 0.0679282
vn 0.00798554 0.0146647 -0.0191399
v 0.156155 -0.00687308 0.0526041
vn 0.00798554 0.0146647 -0.0191399
v 0.0840931 0.0659075 0.0648513
vn -0.0191399 0.0146647 -0.00798554
v 0.0817119 0.0674678 0.0732882
vn -0.0205685 0.0146647 0.00265429
v 0.0817119 0.0674678 0.0732882
vn 0.0205685 -0.0146647 -0.00265429
v 0.0812492 0.0680158 0.0740058
vn -0.0203441 0.0127 0.0083658
v 0.0805591 0.0685875 0.0735298
vn -0.0164857 0.0146647 0.0125829
v 0.0805591 0.0685875 0.0735298
vn 0.0164857 -0.0146647 -0.0125829
v 0.0812492 0.0680158 0.0740058
vn 0.0203441 -0.0127 -0.0083658
v 0.0845173 0.0661386 0.0712733
vn 0.00265429 0.0146647 0.0205685
v 0.0845173 0.0661386 0.0712733
vn -0.00265429 -0.0146647 -0.0205685
v 0.0929674 -0.0139531 0.135842
vn 0.00265429 -0.0146647 0.0205685
v 0.0792431 0.0653688 0.0712355
vn -0.0205685 -0.0146647 0.00265429
v 0.0820485 0.0640396 0.0692205
vn 0.00265429 -0.0146647 0.0205685
v 0.0820485 0.0640396 0.0692205
vn -0.00265429 0.0146647 -0.0205685
v 0.0792431 0.0653688 0.0712355
vn 0.0205685 0.0146647 -0.00265429
v 0.0929674 -0.0139531 0.135842
vn -0.00265429 0.0146647 -0.0205685
v 0.0780903 0.0664884 0.071477
vn -0.0164857 -0.0146647 0.0125829
v 0.014328 0.0626781 0.152063
vn -0.0125829 -0.0146647 -0.0164857
v 0.0763481 0.069576 0.0704151
vn -0.0125829 -0.0146647 -0.0164857
v 0.0763481 0.069576 0.0704151
vn 0.0125829 0.0146647 0.0164857
v 0.014328 0.0626781 0.152063
vn 0.0125829 0.0146647 0.0164857
v 0.0780903 0.0664884 0.071477
vn 0.0164857 0.0146647 -0.0125829
v -0.459561 -0.47288 -0.363656
vn -0.00798554 -0.0146647 0.0191399
v -0.459561 -0.47288 -0.363656
vn 0.00798554 0.0146647 -0.0191399
v -0.45852 -0.46822 -0.364173
vn 0.0191399 0.0146647 0.00798554
v -0.450884 -0.464822 -0.359592
vn 0.0191399 -0.0146647 0.00798554
v -0.456821 -0.46987 -0.364529
vn 0.0191399 0.0146647 0.00798554
v -0.456821 -0.46987 -0.364529
vn -0.0191399 -0.0146647 -0.00798554
v -0.450884 -0.464822 -0.359592
vn -0.0191399 0.0146647 -0.00798554
v -0.45852 -0.46822 -0.364173
vn -0.0191399 -0.0146647 -0.00798554
v -0.42743 -0.421254 -0.449593
vn -0.00798554 0.0146647 0.0191399
v -0.42743 -0.421254 -0.449593
vn 0.00798554 -0.0146647 -0.0191399
v -0.450884 -0.464822 -0.359592
vn 0.0191399 -0.0146647 0.00798554
v -0.423192 -0.414554 -0.4443
vn -0.00798554 -0.0146647 0.0191399
v -0.421492 -0.416205 -0.444656
vn -0.00798554 -0.0146647 0.0191399
v -0.421492 -0.416205 -0.444656
vn 0.00798554 0.0146647 -0.0191399
v -0.423192 -0.414554 -0.4443
vn 0.00798554 0.0146647 -0.0191399
v -0.450884 -0.464822 -0.359592
vn -0.0191399 0.0146647 -0.00798554
v -0.504168 -0.346722 -0.433512
vn -0.0191399 0.0146647 -0.00798554
v -0.504168 -0.346722 -0.433512
vn 0.0191399 -0.0146647 0.00798554
v -0.527622 -0.390291 -0.34351
vn 0.00798554 -0.0146647 -0.0191399
v -0.527622 -0.390291 -0.34351
vn -0.00798554 0.0146647 0.0191399
v -0.501235 -0.347352 -0.436396
vn 0.0191399 0.0146647 0.00798554
v -0.501235 -0.347352 -0.436396
vn -0.0191399 -0.0146647 -0.00798554
v -0.505217 -0.346934 -0.437533
vn 0.00798554 -0.0146647 -0.0191399
v -0.505217 -0.346934 -0.437533
vn -0.00798554 0.0146647 0.0191399
v -0.428672 -0.417827 -0.451603
vn 0.00798554 0.0146647 -0.0191399
v -0.428672 -0.417827 -0.451603
vn -0.00798554 -0.0146647 0.0191399
v -0.423369 -0.41383 -0.444827
vn 0.00798554 -0.0146647 -0.0191399
v -0.495297 -0.342303 -0.431459
vn 0.0191399 -0.0146647 0.00798554
v -0.422734 -0.412779 -0.446666
vn 0.00798554 -0.0146647 -0.0191399
v -0.422734 -0.412779 -0.446666
vn -0.00798554 0.0146647 0.0191399
v -0.495297 -0.342303 -0.431459
vn -0.0191399 0.0146647 -0.00798554
v -0.423369 -0.41383 -0.444827
vn -0.00798554 0.0146647 0.0191399
v -0.536299 -0.398349 -0.347574
vn -0.0191399 -0.0146647 -0.00798554
v -0.536299 -0.398349 -0.347574
vn 0.0191399 0.0146647 0.00798554
v -0.532318 -0.398766 -0.346436
vn -0.00798554 0.0146647 0.0191399
v -0.525851 -0.392841 -0.343032
vn -0.00798554 -0.0146647 0.0191399
v -0.52638 -0.393717 -0.341499
vn -0.00798554 -0.0146647 0.0191399
v -0.52638 -0.393717 -0.341499
vn 0.00798554 0.0146647 -0.0191399
v -0.525851 -0.392841 -0.343032
vn 0.00798554 0.0146647 -0.0191399
v -0.532318 -0.398766 -0.346436
vn 0.00798554 -0.0146647 -0.0191399
v -0.525851 -0.392841 -0.343032
vn -0.00798554 -0.0146647 0.0191399
v -0.453816 -0.464193 -0.356707
vn -0.0191399 -0.0146647 -0.00798554
v -0.52638 -0.393717 -0.341499
vn -0.00798554 -0.0146647 0.0191399
v -0.52638 -0.393717 -0.341499
vn 0.00798554 0.0146647 -0.0191399
v -0.453816 -0.464193 -0.356707
vn 0.0191399 0.0146647 0.00798554
v -0.525851 -0.392841 -0.343032
vn 0.00798554 0.0146647 -0.0191399
v -0.459561 -0.47288 -0.363656
vn -0.00798554 -0.0146647 0.0191399
v -0.459561 -0.47288 -0.363656
vn 0.00798554 0.0146647 -0.0191399
v 0.0802268 0.07532 0.0677662
vn 0.00292707 0.0127 -0.0218014
v 0.084347 0.0731387 0.0650413
vn 0.0203441 0.0127 -0.0083658
v 0.0844546 0.0733173 0.0647292
vn 0.0203441 0.0127 -0.0083658
v 0.0844546 0.0733173 0.0647292
vn -0.0203441 -0.0127 0.0083658
v 0.084347 0.0731387 0.0650413
vn -0.0203441 -0.0127 0.0083658
v 0.0802268 0.07532 0.0677662
vn -0.00292707 -0.0127 0.0218014
v 0.083495 0.0734428 0.0650337
vn 0.0205685 0.0146647 -0.00265429
v 0.0698192 0.152416 0.00072571
vn -0.00265429 0.0146647 -0.0205685
v 0.0806896 0.074772 0.0670486
vn -0.00265429 0.0146647 -0.0205685
v 0.0806896 0.074772 0.0670486
vn 0.00265429 -0.0146647 0.0205685
v 0.0698192 0.152416 0.00072571
vn 0.00265429 -0.0146647 0.0205685
v 0.083495 0.0734428 0.0650337
vn -0.0205685 -0.0146647 0.00265429
v 0.072624 0.151088 -0.00128941
vn 0.0205685 0.0146647 -0.00265429
v 0.0673503 0.150317 -0.001327
vn -0.00265429 -0.0146647 -0.0205685
v 0.0698192 0.152416 0.00072571
vn -0.00265429 0.0146647 -0.0205685
v 0.0698192 0.152416 0.00072571
vn 0.00265429 -0.0146647 0.0205685
v 0.0673503 0.150317 -0.001327
vn 0.00265429 0.0146647 0.0205685
v 0.072624 0.151088 -0.00128941
vn -0.0205685 -0.0146647 0.00265429
v 0.0701552 0.148989 -0.00334212
vn 0.0205685 -0.0146647 -0.00265429
v 0.0701552 0.148989 -0.00334212
vn -0.0205685 0.0146647 0.00265429
v 0.072624 0.151088 -0.00128941
vn 0.0205685 0.0146647 -0.00265429
v 0.0810261 0.0713438 0.062981
vn 0.0205685 -0.0146647 -0.00265429
v 0.0701552 0.148989 -0.00334212
vn 0.0205685 -0.0146647 -0.00265429
v 0.0701552 0.148989 -0.00334212
vn -0.0205685 0.0146647 0.00265429
v 0.0810261 0.0713438 0.062981
vn -0.0205685 0.0146647 0.00265429
v 0.072624 0.151088 -0.00128941
vn -0.0205685 -0.0146647 0.00265429
v 0.083495 0.0734428 0.0650337
vn 0.0205685 0.0146647 -0.00265429
v 0.083495 0.0734428 0.0650337
vn -0.0205685 -0.0146647 0.00265429
v 0.0763481 0.069576 0.0704151
vn -0.0125829 -0.0146647 -0.0164857
v 0.0167969 0.0647772 0.154115
vn -0.0125829 0.0146647 -0.0164857
v 0.078817 0.0716751 0.0724678
vn -0.0125829 0.0146647 -0.0164857
v 0.078817 0.0716751 0.0724678
vn 0.0125829 -0.0146647 0.0164857
v 0.0167969 0.0647772 0.154115
vn 0.0125829 -0.0146647 0.0164857
v 0.0763481 0.069576 0.0704151
vn 0.0125829 0.0146647 0.0164857
v 0.0797088 0.0746627 0.0683401
vn 0.00798554 0.0146647 -0.0191399
v 0.00580939 0.143644 0.0866824
vn -0.0191399 0.0146647 -0.00798554
v 0.078645 0.0729041 0.0714179
vn -0.0191399 0.0146647 -0.00798554
v 0.078645 0.0729041 0.0714179
vn 0.0191399 -0.0146647 0.00798554
v 0.00580939 0.143644 0.0866824
vn 0.0191399 -0.0146647 0.00798554
v 0.0797088 0.0746627 0.0683401
vn -0.00798554 -0.0146647 0.0191399
v 0.00334052 0.141545 0.0846297
vn -0.0191399 -0.0146647 -0.00798554
v 0.00334052 0.141545 0.0846297
vn 0.0191399 0.0146647 0.00798554
v 0.00580939 0.143644 0.0866824
vn -0.0191399 0.0146647 -0.00798554
v 0.00440373 0.143305 0.0815518
vn 0.00798554 -0.0146647 -0.0191399
v 0.00334052 0.141545 0.0846297
vn -0.0191399 -0.0146647 -0.00798554
v 0.00334052 0.141545 0.0846297
vn 0.0191399 0.0146647 0.00798554
v 0.00440373 0.143305 0.0815518
vn -0.00798554 0.0146647 0.0191399
v 0.00580939 0.143644 0.0866824
vn 0.0191399 -0.0146647 0.00798554
v 0.0068726 0.145404 0.0836045
vn 0.00798554 0.0146647 -0.0191399
v 0.0068726 0.145404 0.0836045
vn -0.00798554 -0.0146647 0.0191399
v 0.146541 0.0792069 -0.0166879
vn 0.0164857 0.0146647 -0.0125829
v 0.146541 0.0792069 -0.0166879
vn -0.0164857 -0.0146647 0.0125829
v 0.144072 0.0771078 -0.0187406
vn 0.0164857 -0.0146647 -0.0125829
v 0.144072 0.0771078 -0.0187406
vn -0.0164857 0.0146647 0.0125829
v 0.148283 0.0761193 -0.0156259
vn 0.0125829 0.0146647 0.0164857
v 0.0839206 0.0671363 0.0638022
vn 0.0125829 -0.0146647 0.0164857
v 0.145814 0.0740202 -0.0176786
vn 0.0125829 -0.0146647 0.0164857
v 0.145814 0.0740202 -0.0176786
vn -0.0125829 0.0146647 -0.0164857
v 0.0839206 0.0671363 0.0638022
vn -0.0125829 0.0146647 -0.0164857
v 0.148283 0.0761193 -0.0156259
vn -0.0125829 -0.0146647 -0.0164857
v 0.0863894 0.0692354 0.0658549
vn 0.0125829 0.0146647 0.0164857
v 0.0863894 0.0692354 0.0658549
vn -0.0125829 -0.0146647 -0.0164857
v 0.0854987 0.0662481 0.0699809
vn -0.00798554 0.0146647 0.0191399
v 0.0854987 0.0662481 0.0699809
vn 0.00798554 -0.0146647 -0.0191399
v 0.159687 -0.00301462 0.0515789
vn 0.0191399 0.0146647 0.00798554
v 0.0840931 0.0659075 0.0648513
vn 0.0191399 -0.0146647 0.00798554
v 0.0865619 0.0680065 0.066904
vn 0.0191399 0.0146647 0.00798554
v 0.0865619 0.0680065 0.066904
vn -0.0191399 -0.0146647 -0.00798554
v 0.0840931 0.0659075 0.0648513
vn -0.0191399 0.0146647 -0.00798554
v 0.159687 -0.00301462 0.0515789
vn -0.0191399 -0.0146647 -0.00798554
v 0.085477 0.0660131 0.0709688
vn -0.00292707 0.0127 0.0218014
v 0.085477 0.0660131 0.0709688
vn 0.00292707 -0.0127 -0.0218014
v 0.157218 -0.00511367 0.0495262
vn 0.0191399 -0.0146647 0.00798554
v 0.157218 -0.00511367 0.0495262
vn -0.0191399 0.0146647 -0.00798554
v 0.156155 -0.00687308 0.0526041
vn -0.00798554 -0.0146647 0.0191399
v 0.0854987 0.0662481 0.0699809
vn -0.00798554 0.0146647 0.0191399
v 0.0830298 0.0641491 0.0679282
vn -0.00798554 -0.0146647 0.0191399
v 0.0830298 0.0641491 0.0679282
vn 0.00798554 0.0146647 -0.0191399
v 0.0854987 0.0662481 0.0699809
vn 0.00798554 -0.0146647 -0.0191399
v 0.156155 -0.00687308 0.0526041
vn 0.00798554 0.0146647 -0.0191399
v 0.0792431 0.0653688 0.0712355
vn -0.0205685 -0.0146647 0.00265429
v 0.0926315 -0.0105256 0.139909
vn -0.0205685 0.0146647 0.00265429
v 0.0817119 0.0674678 0.0732882
vn -0.0205685 0.0146647 0.00265429
v 0.0817119 0.0674678 0.0732882
vn 0.0205685 -0.0146647 -0.00265429
v 0.0926315 -0.0105256 0.139909
vn 0.0205685 -0.0146647 -0.00265429
v 0.0792431 0.0653688 0.0712355
vn 0.0205685 0.0146647 -0.00265429
v 0.0845173 0.0661386 0.0712733
vn 0.00265429 0.0146647 0.0205685
v 0.0929674 -0.0139531 0.135842
vn 0.00265429 -0.0146647 0.0205685
v 0.0820485 0.0640396 0.0692205
vn 0.00265429 -0.0146647 0.0205685
v 0.0820485 0.0640396 0.0692205
vn -0.00265429 0.0146647 -0.0205685
v 0.0929674 -0.0139531 0.135842
vn -0.00265429 0.0146647 -0.0205685
v 0.0845173 0.0661386 0.0712733
vn -0.00265429 -0.0146647 -0.0205685
v 0.0901626 -0.0126247 0.137857
vn -0.0205685 -0.0146647 0.00265429
v 0.0901626 -0.0126247 0.137857
vn 0.0205685 0.0146647 -0.00265429
v 0.0805591 0.0685875 0.0735298
vn -0.0164857 0.0146647 0.0125829
v 0.0160702 0.0595905 0.153125
vn -0.0164857 -0.0146647 0.0125829
v 0.0780903 0.0664884 0.071477
vn -0.0164857 -0.0146647 0.0125829
v 0.0780903 0.0664884 0.071477
vn 0.0164857 0.0146647 -0.0125829
v 0.0160702 0.0595905 0.153125
vn 0.0164857 0.0146647 -0.0125829
v 0.0805591 0.0685875 0.0735298
vn 0.0164857 -0.0146647 -0.0125829
v 0.0160702 0.0595905 0.153125
vn -0.0164857 -0.0146647 0.0125829
v 0.0160702 0.0595905 0.153125
vn 0.0164857 0.0146647 -0.0125829
v 0.014328 0.0626781 0.152063
vn -0.0125829 -0.0146647 -0.0164857
v 0.014328 0.0626781 0.152063
vn 0.0125829 0.0146647 0.0164857
v -0.452583 -0.463172 -0.359236
vn 0.0191399 -0.0146647 0.00798554
v -0.452583 -0.463172 -0.359236
vn -0.0191399 0.0146647 -0.00798554
v -0.42743 -0.421254 -0.449593
vn -0.00798554 0.0146647 0.0191399
v -0.45852 -0.46822 -0.364173
vn 0.0191399 0.0146647 0.00798554
v -0.456821 -0.46987 -0.364529
vn 0.0191399 0.0146647 0.00798554
v -0.456821 -0.46987 -0.364529
vn -0.0191399 -0.0146647 -0.00798554
v -0.45852 -0.46822 -0.364173
vn -0.0191399 -0.0146647 -0.00798554
v -0.42743 -0.421254 -0.449593
vn 0.00798554 -0.0146647 -0.0191399
v -0.428479 -0.421465 -0.453615
vn 0.0191399 -0.0146647 0.00798554
v -0.428479 -0.421465 -0.453615
vn -0.0191399 0.0146647 -0.00798554
v -0.423192 -0.414554 -0.4443
vn -0.00798554 -0.0146647 0.0191399
v -0.42743 -0.421254 -0.449593
vn -0.00798554 0.0146647 0.0191399
v -0.421492 -0.416205 -0.444656
vn -0.00798554 -0.0146647 0.0191399
v -0.421492 -0.416205 -0.444656
vn 0.00798554 0.0146647 -0.0191399
v -0.42743 -0.421254 -0.449593
vn 0.00798554 -0.0146647 -0.0191399
v -0.423192 -0.414554 -0.4443
vn 0.00798554 0.0146647 -0.0191399
v -0.452583 -0.463172 -0.359236
vn 0.0191399 -0.0146647 0.00798554
v -0.452583 -0.463172 -0.359236
vn -0.0191399 0.0146647 -0.00798554
v -0.502338 -0.348501 -0.433894
vn -0.0191399 0.0146647 -0.00798554
v -0.49823 -0.341674 -0.428575
vn -0.0191399 -0.0146647 -0.00798554
v -0.504168 -0.346722 -0.433512
vn -0.0191399 0.0146647 -0.00798554
v -0.504168 -0.346722 -0.433512
vn 0.0191399 -0.0146647 0.00798554
v -0.49823 -0.341674 -0.428575
vn 0.0191399 0.0146647 0.00798554
v -0.502338 -0.348501 -0.433894
vn 0.0191399 -0.0146647 0.00798554
v -0.53356 -0.395339 -0.348447
vn 0.00798554 0.0146647 -0.0191399
v -0.53356 -0.395339 -0.348447
vn -0.00798554 -0.0146647 0.0191399
v -0.49823 -0.341674 -0.428575
vn -0.0191399 -0.0146647 -0.00798554
v -0.525791 -0.392069 -0.343893
vn 0.00798554 -0.0146647 -0.0191399
v -0.527622 -0.390291 -0.34351
vn 0.00798554 -0.0146647 -0.0191399
v -0.527622 -0.390291 -0.34351
vn -0.00798554 0.0146647 0.0191399
v -0.525791 -0.392069 -0.343893
vn -0.00798554 0.0146647 0.0191399
v -0.49823 -0.341674 -0.428575
vn 0.0191399 0.0146647 0.00798554
v -0.428479 -0.421465 -0.453615
vn 0.0191399 -0.0146647 0.00798554
v -0.428479 -0.421465 -0.453615
vn -0.0191399 0.0146647 -0.00798554
v -0.495297 -0.342303 -0.431459
vn 0.0191399 -0.0146647 0.00798554
v -0.501871 -0.348402 -0.434557
vn 0.0191399 0.0146647 0.00798554
v -0.501235 -0.347352 -0.436396
vn 0.0191399 0.0146647 0.00798554
v -0.501235 -0.347352 -0.436396
vn -0.0191399 -0.0146647 -0.00798554
v -0.501871 -0.348402 -0.434557
vn -0.0191399 -0.0146647 -0.00798554
v -0.495297 -0.342303 -0.431459
vn -0.0191399 0.0146647 -0.00798554
v -0.428672 -0.417827 -0.451603
vn 0.00798554 0.0146647 -0.0191399
v -0.423369 -0.41383 -0.444827
vn 0.00798554 -0.0146647 -0.0191399
v -0.422734 -0.412779 -0.446666
vn 0.00798554 -0.0146647 -0.0191399
v -0.422734 -0.412779 -0.446666
vn -0.00798554 0.0146647 0.0191399
v -0.423369 -0.41383 -0.444827
vn -0.00798554 0.0146647 0.0191399
v -0.428672 -0.417827 -0.451603
vn -0.00798554 -0.0146647 0.0191399
v -0.495933 -0.343354 -0.42962
vn 0.0191399 -0.0146647 0.00798554
v -0.495933 -0.343354 -0.42962
vn -0.0191399 0.0146647 -0.00798554
v -0.536299 -0.398349 -0.347574
vn -0.0191399 -0.0146647 -0.00798554
v -0.536299 -0.398349 -0.347574
vn 0.0191399 0.0146647 0.00798554
v -0.531788 -0.39789 -0.347969
vn -0.00798554 0.0146647 0.0191399
v -0.531788 -0.39789 -0.347969
vn 0.00798554 -0.0146647 -0.0191399
v -0.453287 -0.463317 -0.358239
vn -0.0191399 -0.0146647 -0.00798554
v -0.453287 -0.463317 -0.358239
vn 0.0191399 0.0146647 0.00798554
v -0.459754 -0.469242 -0.361644
vn -0.0191399 0.0146647 -0.00798554
v -0.459754 -0.469242 -0.361644
vn 0.0191399 -0.0146647 0.00798554
v 0.0823755 0.0740729 0.0664572
vn 0.0109701 0.0179605 -0.014221
v 0.0823755 0.0740729 0.0664572
vn -0.0109701 -0.0179605 0.014221
v 0.08708 0.0686639 0.0663301
vn 0.0174171 0.0127 0.0134356
v 0.08708 0.0686639 0.0663301
vn -0.0174171 -0.0127 -0.0134356
v 0.072624 0.151088 -0.00128941
vn 0.0205685 0.0146647 -0.00265429
v 0.072624 0.151088 -0.00128941
vn -0.0205685 -0.0146647 0.00265429
v 0.0801324 0.0703645 0.0729472
vn -0.0178008 0.0179605 -0.00238993
v 0.0786238 0.0726692 0.0724049
vn -0.0174171 0.0127 -0.0134356
v 0.0812492 0.0680158 0.0740058
vn -0.0203441 0.0127 0.0083658
v 0.0812492 0.0680158 0.0740058
vn 0.0203441 -0.0127 -0.0083658
v 0.0786238 0.0726692 0.0724049
vn 0.0174171 -0.0127 0.0134356
v 0.0801324 0.0703645 0.0729472
vn 0.0178008 -0.0179605 0.00238993
v 0.0167969 0.0647772 0.154115
vn -0.0125829 0.0146647 -0.0164857
v 0.0805591 0.0685875 0.0735298
vn -0.0164857 0.0146647 0.0125829
v 0.078817 0.0716751 0.0724678
vn -0.0125829 0.0146647 -0.0164857
v 0.078817 0.0716751 0.0724678
vn 0.0125829 -0.0146647 0.0164857
v 0.0805591 0.0685875 0.0735298
vn 0.0164857 -0.0146647 -0.0125829
v 0.0167969 0.0647772 0.154115
vn 0.0125829 -0.0146647 0.0164857
v 0.0804035 0.0750069 0.067874
vn 0.00292707 0.0127 -0.0218014
v 0.0804035 0.0750069 0.067874
vn -0.00292707 -0.0127 0.0218014
v 0.0068726 0.145404 0.0836045
vn 0.00798554 0.0146647 -0.0191399
v 0.0068726 0.145404 0.0836045
vn -0.00798554 -0.0146647 0.0191399
v 0.0068726 0.145404 0.0836045
vn 0.00798554 0.0146647 -0.0191399
v 0.0068726 0.145404 0.0836045
vn -0.00798554 -0.0146647 0.0191399
v 0.0846478 0.0723232 0.0647921
vn 0.0164857 0.0146647 -0.0125829
v 0.148283 0.0761193 -0.0156259
vn 0.0125829 0.0146647 0.0164857
v 0.146541 0.0792069 -0.0166879
vn 0.0164857 0.0146647 -0.0125829
v 0.146541 0.0792069 -0.0166879
vn -0.0164857 -0.0146647 0.0125829
v 0.148283 0.0761193 -0.0156259
vn -0.0125829 -0.0146647 -0.0164857
v 0.0846478 0.0723232 0.0647921
vn -0.0164857 -0.0146647 0.0125829
v 0.148283 0.0761193 -0.0156259
vn 0.0125829 0.0146647 0.0164857
v 0.144072 0.0771078 -0.0187406
vn 0.0164857 -0.0146647 -0.0125829
v 0.146541 0.0792069 -0.0166879
vn 0.0164857 0.0146647 -0.0125829
v 0.146541 0.0792069 -0.0166879
vn -0.0164857 -0.0146647 0.0125829
v 0.144072 0.0771078 -0.0187406
vn -0.0164857 0.0146647 0.0125829
v 0.148283 0.0761193 -0.0156259
vn -0.0125829 -0.0146647 -0.0164857
v 0.145814 0.0740202 -0.0176786
vn 0.0125829 -0.0146647 0.0164857
v 0.145814 0.0740202 -0.0176786
vn -0.0125829 0.0146647 -0.0164857
v 0.0863894 0.0692354 0.0658549
vn 0.0125829 0.0146647 0.0164857
v 0.0863894 0.0692354 0.0658549
vn -0.0125829 -0.0146647 -0.0164857
v 0.0854987 0.0662481 0.0699809
vn -0.00798554 0.0146647 0.0191399
v 0.159687 -0.00301462 0.0515789
vn 0.0191399 0.0146647 0.00798554
v 0.0865619 0.0680065 0.066904
vn 0.0191399 0.0146647 0.00798554
v 0.0865619 0.0680065 0.066904
vn -0.0191399 -0.0146647 -0.00798554
v 0.159687 -0.00301462 0.0515789
vn -0.0191399 -0.0146647 -0.00798554
v 0.0854987 0.0662481 0.0699809
vn 0.00798554 -0.0146647 -0.0191399
v 0.157218 -0.00511367 0.0495262
vn 0.0191399 -0.0146647 0.00798554
v 0.157218 -0.00511367 0.0495262
vn -0.0191399 0.0146647 -0.00798554
v 0.159687 -0.00301462 0.0515789
vn 0.0191399 0.0146647 0.00798554
v 0.156155 -0.00687308 0.0526041
vn -0.00798554 -0.0146647 0.0191399
v 0.157218 -0.00511367 0.0495262
vn 0.0191399 -0.0146647 0.00798554
v 0.157218 -0.00511367 0.0495262
vn -0.0191399 0.0146647 -0.00798554
v 0.156155 -0.00687308 0.0526041
vn 0.00798554 0.0146647 -0.0191399
v 0.159687 -0.00301462 0.0515789
vn -0.0191399 -0.0146647 -0.00798554
v 0.158623 -0.00477402 0.0546568
vn -0.00798554 0.0146647 0.0191399
v 0.158623 -0.00477402 0.0546568
vn 0.00798554 -0.0146647 -0.0191399
v 0.085477 0.0660131 0.0709688
vn -0.00292707 0.0127 0.0218014
v 0.0833288 0.0672604 0.0722769
vn -0.0109701 0.0179605 0.014221
v 0.0833288 0.0672604 0.0722769
vn 0.0109701 -0.0179605 -0.014221
v 0.085477 0.0660131 0.0709688
vn 0.00292707 -0.0127 -0.0218014
v 0.0901626 -0.0126247 0.137857
vn -0.0205685 -0.0146647 0.00265429
v 0.0901626 -0.0126247 0.137857
vn 0.0205685 0.0146647 -0.00265429
v 0.0954363 -0.011854 0.137894
vn 0.00265429 0.0146647 0.0205685
v 0.0817119 0.0674678 0.0732882
vn -0.0205685 0.0146647 0.00265429
v 0.0926315 -0.0105256 0.139909
vn -0.0205685 0.0146647 0.00265429
v 0.0926315 -0.0105256 0.139909
vn 0.0205685 -0.0146647 -0.00265429
v 0.0817119 0.0674678 0.0732882
vn 0.0205685 -0.0146647 -0.00265429
v 0.0954363 -0.011854 0.137894
vn -0.00265429 -0.0146647 -0.0205685
v 0.0954363 -0.011854 0.137894
vn 0.00265429 0.0146647 0.0205685
v 0.0954363 -0.011854 0.137894
vn -0.00265429 -0.0146647 -0.0205685
v 0.0929674 -0.0139531 0.135842
vn 0.00265429 -0.0146647 0.0205685
v 0.0926315 -0.0105256 0.139909
vn -0.0205685 0.0146647 0.00265429
v 0.0901626 -0.0126247 0.137857
vn -0.0205685 -0.0146647 0.00265429
v 0.0901626 -0.0126247 0.137857
vn 0.0205685 0.0146647 -0.00265429
v 0.0926315 -0.0105256 0.139909
vn 0.0205685 -0.0146647 -0.00265429
v 0.0929674 -0.0139531 0.135842
vn -0.00265429 0.0146647 -0.0205685
v 0.018539 0.0616895 0.155177
vn -0.0164857 0.0146647 0.0125829
v 0.018539 0.0616895 0.155177
vn 0.0164857 -0.0146647 -0.0125829
v 0.0160702 0.0595905 0.153125
vn -0.0164857 -0.0146647 0.0125829
v 0.0167969 0.0647772 0.154115
vn -0.0125829 0.0146647 -0.0164857
v 0.014328 0.0626781 0.152063
vn -0.0125829 -0.0146647 -0.0164857
v 0.014328 0.0626781 0.152063
vn 0.0125829 0.0146647 0.0164857
v 0.0167969 0.0647772 0.154115
vn 0.0125829 -0.0146647 0.0164857
v 0.0160702 0.0595905 0.153125
vn 0.0164857 0.0146647 -0.0125829
v -0.452583 -0.463172 -0.359236
vn -0.0191399 0.0146647 -0.00798554
v -0.423192 -0.414554 -0.4443
vn 0.00798554 0.0146647 -0.0191399
v -0.45852 -0.46822 -0.364173
vn -0.0191399 -0.0146647 -0.00798554
v -0.42913 -0.419603 -0.449237
vn -0.00798554 0.0146647 0.0191399
v -0.42913 -0.419603 -0.449237
vn 0.00798554 -0.0146647 -0.0191399
v -0.42913 -0.419603 -0.449237
vn -0.00798554 0.0146647 0.0191399
v -0.42913 -0.419603 -0.449237
vn 0.00798554 -0.0146647 -0.0191399
v -0.4964 -0.343452 -0.428957
vn -0.0191399 -0.0146647 -0.00798554
v -0.4964 -0.343452 -0.428957
vn 0.0191399 0.0146647 0.00798554
v -0.53356 -0.395339 -0.348447
vn 0.00798554 0.0146647 -0.0191399
v -0.502338 -0.348501 -0.433894
vn -0.0191399 0.0146647 -0.00798554
v -0.504168 -0.346722 -0.433512
vn -0.0191399 0.0146647 -0.00798554
v -0.504168 -0.346722 -0.433512
vn 0.0191399 -0.0146647 0.00798554
v -0.502338 -0.348501 -0.433894
vn 0.0191399 -0.0146647 0.00798554
v -0.53356 -0.395339 -0.348447
vn -0.00798554 -0.0146647 0.0191399
v -0.525791 -0.392069 -0.343893
vn 0.00798554 -0.0146647 -0.0191399
v -0.53356 -0.395339 -0.348447
vn 0.00798554 0.0146647 -0.0191399
v -0.527622 -0.390291 -0.34351
vn 0.00798554 -0.0146647 -0.0191399
v -0.527622 -0.390291 -0.34351
vn -0.00798554 0.0146647 0.0191399
v -0.53356 -0.395339 -0.348447
vn -0.00798554 -0.0146647 0.0191399
v -0.525791 -0.392069 -0.343893
vn -0.00798554 0.0146647 0.0191399
v -0.4964 -0.343452 -0.428957
vn -0.0191399 -0.0146647 -0.00798554
v -0.4964 -0.343452 -0.428957
vn 0.0191399 0.0146647 0.00798554
v -0.459561 -0.47288 -0.363656
vn -0.00798554 -0.0146647 0.0191399
v -0.505217 -0.346934 -0.437533
vn 0.00798554 -0.0146647 -0.0191399
v -0.428479 -0.421465 -0.453615
vn 0.0191399 -0.0146647 0.00798554
v -0.428479 -0.421465 -0.453615
vn -0.0191399 0.0146647 -0.00798554
v -0.505217 -0.346934 -0.437533
vn -0.00798554 0.0146647 0.0191399
v -0.459561 -0.47288 -0.363656
vn 0.00798554 0.0146647 -0.0191399
v -0.495933 -0.343354 -0.42962
vn 0.0191399 -0.0146647 0.00798554
v -0.495933 -0.343354 -0.42962
vn -0.0191399 0.0146647 -0.00798554
v -0.501871 -0.348402 -0.434557
vn 0.0191399 0.0146647 0.00798554
v -0.428672 -0.417827 -0.451603
vn 0.00798554 0.0146647 -0.0191399
v -0.501235 -0.347352 -0.436396
vn 0.0191399 0.0146647 0.00798554
v -0.501235 -0.347352 -0.436396
vn -0.0191399 -0.0146647 -0.00798554
v -0.428672 -0.417827 -0.451603
vn -0.00798554 -0.0146647 0.0191399
v -0.501871 -0.348402 -0.434557
vn -0.0191399 -0.0146647 -0.00798554
v -0.429307 -0.418878 -0.449764
vn 0.00798554 0.0146647 -0.0191399
v -0.429307 -0.418878 -0.449764
vn -0.00798554 -0.0146647 0.0191399
v -0.495933 -0.343354 -0.42962
vn -0.0191399 0.0146647 -0.00798554
v -0.501871 -0.348402 -0.434557
vn -0.0191399 -0.0146647 -0.00798554
v -0.423369 -0.41383 -0.444827
vn -0.00798554 0.0146647 0.0191399
v -0.536299 -0.398349 -0.347574
vn -0.0191399 -0.0146647 -0.00798554
v -0.536299 -0.398349 -0.347574
vn 0.0191399 0.0146647 0.00798554
v -0.532318 -0.398766 -0.346436
vn -0.00798554 0.0146647 0.0191399
v -0.459225 -0.468366 -0.363176
vn -0.0191399 0.0146647 -0.00798554
v -0.531788 -0.39789 -0.347969
vn -0.00798554 0.0146647 0.0191399
v -0.531788 -0.39789 -0.347969
vn 0.00798554 -0.0146647 -0.0191399
v -0.459225 -0.468366 -0.363176
vn 0.0191399 -0.0146647 0.00798554
v -0.532318 -0.398766 -0.346436
vn 0.00798554 -0.0146647 -0.0191399
v -0.531788 -0.39789 -0.347969
vn 0.00798554 -0.0146647 -0.0191399
v -0.525851 -0.392841 -0.343032
vn 0.00798554 0.0146647 -0.0191399
v -0.459225 -0.468366 -0.363176
vn 0.0191399 -0.0146647 0.00798554
v -0.453287 -0.463317 -0.358239
vn 0.0191399 0.0146647 0.00798554
v -0.459225 -0.468366 -0.363176
vn -0.0191399 0.0146647 -0.00798554
v -0.453816 -0.464193 -0.356707
vn -0.0191399 -0.0146647 -0.00798554
v -0.453287 -0.463317 -0.358239
vn -0.0191399 -0.0146647 -0.00798554
v -0.453287 -0.463317 -0.358239
vn 0.0191399 0.0146647 0.00798554
v -0.453816 -0.464193 -0.356707
vn 0.0191399 0.0146647 0.00798554
v -0.459225 -0.468366 -0.363176
vn 0.0191399 -0.0146647 0.00798554
v -0.459754 -0.469242 -0.361644
vn -0.0191399 0.0146647 -0.00798554
v -0.459754 -0.469242 -0.361644
vn 0.0191399 -0.0146647 0.00798554
v 0.0823755 0.0740729 0.0664572
vn 0.0109701 0.0179605 -0.014221
v 0.0829875 0.0739182 0.0661765
vn 0.0116335 -0.0219064 -0.00547084
v 0.084347 0.0731387 0.0650413
vn 0.0203441 0.0127 -0.0083658
v 0.084347 0.0731387 0.0650413
vn -0.0203441 -0.0127 0.0083658
v 0.0829875 0.0739182 0.0661765
vn -0.0116335 0.0219064 0.00547084
v 0.0823755 0.0740729 0.0664572
vn -0.0109701 -0.0179605 0.014221
v 0.0855708 0.0709694 0.0657877
vn 0.0178008 0.0179605 0.00238993
v 0.0855708 0.0709694 0.0657877
vn -0.0178008 -0.0179605 -0.00238993
v 0.0863894 0.0692354 0.0658549
vn 0.0125829 0.0146647 0.0164857
v 0.0863894 0.0692354 0.0658549
vn -0.0125829 -0.0146647 -0.0164857
v 0.0789086 0.0725338 0.0722008
vn -0.0174171 0.0127 -0.0134356
v 0.0789086 0.0725338 0.0722008
vn 0.0174171 -0.0127 0.0134356
v 0.0813568 0.0681944 0.0736937
vn -0.0203441 0.0127 0.0083658
v 0.0813568 0.0681944 0.0736937
vn 0.0203441 -0.0127 -0.0083658
v 0.018539 0.0616895 0.155177
vn -0.0164857 0.0146647 0.0125829
v 0.018539 0.0616895 0.155177
vn 0.0164857 -0.0146647 -0.0125829
v 0.0796558 0.0737708 0.0700373
vn -0.00683065 0.0179605 -0.0166109
v 0.0796558 0.0737708 0.0700373
vn 0.00683065 -0.0179605 0.0166109
v 0.0867946 0.0687991 0.066535
vn 0.0174171 0.0127 0.0134356
v 0.0867946 0.0687991 0.066535
vn -0.0174171 -0.0127 -0.0134356
v 0.158623 -0.00477402 0.0546568
vn -0.00798554 0.0146647 0.0191399
v 0.158623 -0.00477402 0.0546568
vn 0.00798554 -0.0146647 -0.0191399
v 0.0845173 0.0661386 0.0712733
vn 0.00265429 0.0146647 0.0205685
v 0.0845173 0.0661386 0.0712733
vn -0.00265429 -0.0146647 -0.0205685
v 0.158623 -0.00477402 0.0546568
vn -0.00798554 0.0146647 0.0191399
v 0.158623 -0.00477402 0.0546568
vn 0.00798554 -0.0146647 -0.0191399
v 0.0853003 0.0663262 0.070861
vn -0.00292707 0.0127 0.0218014
v 0.0853003 0.0663262 0.070861
vn 0.00292707 -0.0127 -0.0218014
v 0.0954363 -0.011854 0.137894
vn 0.00265429 0.0146647 0.0205685
v 0.0954363 -0.011854 0.137894
vn -0.00265429 -0.0146647 -0.0205685
v 0.018539 0.0616895 0.155177
vn -0.0164857 0.0146647 0.0125829
v 0.018539 0.0616895 0.155177
vn 0.0164857 -0.0146647 -0.0125829
v -0.42913 -0.419603 -0.449237
vn 0.00798554 -0.0146647 -0.0191399
v -0.4964 -0.343452 -0.428957
vn 0.0191399 0.0146647 0.00798554
v -0.525791 -0.392069 -0.343893
vn -0.00798554 0.0146647 0.0191399
v -0.502338 -0.348501 -0.433894
vn 0.0191399 -0.0146647 0.00798554
v -0.531729 -0.397118 -0.34883
vn 0.00798554 0.0146647 -0.0191399
v -0.531729 -0.397118 -0.34883
vn -0.00798554 -0.0146647 0.0191399
v -0.531729 -0.397118 -0.34883
vn 0.00798554 0.0146647 -0.0191399
v -0.531729 -0.397118 -0.34883
vn -0.00798554 -0.0146647 0.0191399
v -0.429307 -0.418878 -0.449764
vn 0.00798554 0.0146647 -0.0191399
v -0.429307 -0.418878 -0.449764
vn -0.00798554 -0.0146647 0.0191399
v -0.429307 -0.418878 -0.449764
vn -0.00798554 -0.0146647 0.0191399
v -0.459754 -0.469242 -0.361644
vn -0.0191399 0.0146647 -0.00798554
v -0.459754 -0.469242 -0.361644
vn 0.0191399 -0.0146647 0.00798554
v 0.0804035 0.0750069 0.067874
vn 0.00292707 0.0127 -0.0218014
v 0.0819671 0.0744013 0.0669097
vn 0.00233825 -0.0219064 -0.0126413
v 0.0819671 0.0744013 0.0669097
vn -0.00233825 0.0219064 0.0126413
v 0.0804035 0.0750069 0.067874
vn -0.00292707 -0.0127 0.0218014
v 0.0824212 0.0741117 0.0664952
vn 0.0069859 -0.0226792 -0.00905605
v 0.0824212 0.0741117 0.0664952
vn -0.0069859 0.0226792 0.00905605
v 0.0836304 0.0738354 0.0659738
vn 0.0159645 -0.0196408 -0.00212993
v 0.0836304 0.0738354 0.0659738
vn -0.0159645 0.0196408 0.00212993
v 0.084347 0.0731387 0.0650413
vn 0.0203441 0.0127 -0.0083658
v 0.0853561 0.0716178 0.06568
vn 0.0121168 -0.0219064 -0.00429566
v 0.0855708 0.0709694 0.0657877
vn 0.0178008 0.0179605 0.00238993
v 0.0855708 0.0709694 0.0657877
vn -0.0178008 -0.0179605 -0.00238993
v 0.0853561 0.0716178 0.06568
vn -0.0121168 0.0219064 0.00429566
v 0.084347 0.0731387 0.0650413
vn -0.0203441 -0.0127 0.0083658
v 0.0799182 0.0710131 0.0728387
vn -0.0105547 -0.0219064 -0.00733953
v 0.0789086 0.0725338 0.0722008
vn -0.0174171 0.0127 -0.0134356
v 0.0801324 0.0703645 0.0729472
vn -0.0178008 0.0179605 -0.00238993
v 0.0801324 0.0703645 0.0729472
vn 0.0178008 -0.0179605 0.00238993
v 0.0789086 0.0725338 0.0722008
vn 0.0174171 -0.0127 0.0134356
v 0.0799182 0.0710131 0.0728387
vn 0.0105547 0.0219064 0.00733953
v 0.0801781 0.0704033 0.0729851
vn -0.0113357 -0.0226792 -0.00152193
v 0.0813568 0.0681944 0.0736937
vn -0.0203441 0.0127 0.0083658
v 0.0813568 0.0681944 0.0736937
vn 0.0203441 -0.0127 -0.0083658
v 0.0801781 0.0704033 0.0729851
vn 0.0113357 0.0226792 0.00152193
v 0.0796558 0.0737708 0.0700373
vn -0.00683065 0.0179605 -0.0166109
v 0.0797015 0.0738096 0.0700753
vn -0.00434983 -0.0226792 -0.010578
v 0.0804035 0.0750069 0.067874
vn 0.00292707 0.0127 -0.0218014
v 0.0804035 0.0750069 0.067874
vn -0.00292707 -0.0127 0.0218014
v 0.0797015 0.0738096 0.0700753
vn 0.00434983 0.0226792 0.010578
v 0.0796558 0.0737708 0.0700373
vn 0.00683065 -0.0179605 0.0166109
v 0.086048 0.0675623 0.0686977
vn 0.00683065 0.0179605 0.0166109
v 0.086048 0.0675623 0.0686977
vn -0.00683065 -0.0179605 -0.0166109
v 0.0833745 0.0672992 0.0723149
vn -0.0069859 -0.0226792 0.00905605
v 0.0833288 0.0672604 0.0722769
vn -0.0109701 0.0179605 0.014221
v 0.0853003 0.0663262 0.070861
vn -0.00292707 0.0127 0.0218014
v 0.0853003 0.0663262 0.070861
vn 0.00292707 -0.0127 -0.0218014
v 0.0833288 0.0672604 0.0722769
vn 0.0109701 -0.0179605 -0.014221
v 0.0833745 0.0672992 0.0723149
vn 0.0069859 0.0226792 -0.00905605
v 0.082921 0.0675889 0.0727286
vn -0.0116335 -0.0219064 0.00547084
v 0.0813568 0.0681944 0.0736937
vn -0.0203441 0.0127 0.0083658
v 0.0813568 0.0681944 0.0736937
vn 0.0203441 -0.0127 -0.0083658
v 0.082921 0.0675889 0.0727286
vn 0.0116335 0.0219064 -0.00547084
v -0.531729 -0.397118 -0.34883
vn -0.00798554 -0.0146647 0.0191399
v 0.0816589 0.0747696 0.0673897
vn -0.00199268 -0.0196408 -0.0159822
v 0.0816589 0.0747696 0.0673897
vn 0.00199268 0.0196408 0.0159822
v 0.0696302 0.165469 -0.0115407
vn 0.0069859 -0.0226792 -0.00905605
v 0.0829875 0.0739182 0.0661765
vn 0.0116335 -0.0219064 -0.00547084
v 0.0824212 0.0741117 0.0664952
vn 0.0069859 -0.0226792 -0.00905605
v 0.0824212 0.0741117 0.0664952
vn -0.0069859 0.0226792 0.00905605
v 0.0829875 0.0739182 0.0661765
vn -0.0116335 0.0219064 0.00547084
v 0.0696302 0.165469 -0.0115407
vn -0.0069859 0.0226792 0.00905605
v 0.070197 0.165276 -0.0118602
vn 0.0116335 -0.0219064 -0.00547084
v 0.0836304 0.0738354 0.0659738
vn 0.0159645 -0.0196408 -0.00212993
v 0.0829875 0.0739182 0.0661765
vn 0.0116335 -0.0219064 -0.00547084
v 0.0829875 0.0739182 0.0661765
vn -0.0116335 0.0219064 0.00547084
v 0.0836304 0.0738354 0.0659738
vn -0.0159645 0.0196408 0.00212993
v 0.070197 0.165276 -0.0118602
vn -0.0116335 0.0219064 0.00547084
v 0.0843042 0.0738679 0.0659019
vn 0.0196835 -0.0160366 0.000738964
v 0.0843042 0.0738679 0.0659019
vn -0.0196835 0.0160366 -0.000738964
v 0.0852289 0.0722829 0.0656388
vn 0.0128446 -0.0196408 -0.0097168
v 0.0852289 0.0722829 0.0656388
vn -0.0128446 0.0196408 0.0097168
v 0.0856165 0.0710082 0.0658256
vn 0.0113357 -0.0226792 0.00152193
v 0.0856165 0.0710082 0.0658256
vn -0.0113357 0.0226792 -0.00152193
v 0.0859897 0.0704939 0.0660673
vn 0.0105547 -0.0219064 0.00733953
v 0.0867946 0.0687991 0.066535
vn 0.0174171 0.0127 0.0134356
v 0.0867946 0.0687991 0.066535
vn -0.0174171 -0.0127 -0.0134356
v 0.0859897 0.0704939 0.0660673
vn -0.0105547 0.0219064 -0.00733953
v 0.0789086 0.0725338 0.0722008
vn -0.0174171 0.0127 -0.0134356
v 0.0795645 0.0735377 0.0706825
vn -0.00977857 -0.0219064 -0.00834562
v 0.0795645 0.0735377 0.0706825
vn 0.00977857 0.0219064 0.00834562
v 0.0789086 0.0725338 0.0722008
vn 0.0174171 -0.0127 0.0134356
v 0.0797905 0.071678 0.0727983
vn -0.00982681 -0.0196408 -0.0127607
v 0.0797905 0.071678 0.0727983
vn 0.00982681 0.0196408 0.0127607
v 0.0805524 0.0698893 0.0732251
vn -0.0121168 -0.0219064 0.00429566
v 0.0805524 0.0698893 0.0732251
vn 0.0121168 0.0219064 -0.00429566
v 0.0799518 0.0741778 0.0695622
vn 0.00107891 -0.0219064 -0.0128104
v 0.0799518 0.0741778 0.0695622
vn -0.00107891 0.0219064 0.0128104
v 0.0867946 0.0687991 0.066535
vn 0.0174171 0.0127 0.0134356
v 0.086344 0.0679693 0.0682226
vn 0.00977857 -0.0219064 0.00834562
v 0.086048 0.0675623 0.0686977
vn 0.00683065 0.0179605 0.0166109
v 0.086048 0.0675623 0.0686977
vn -0.00683065 -0.0179605 -0.0166109
v 0.086344 0.0679693 0.0682226
vn -0.00977857 0.0219064 -0.00834562
v 0.0867946 0.0687991 0.066535
vn -0.0174171 -0.0127 -0.0134356
v 0.0860937 0.0676012 0.0687357
vn 0.00434983 -0.0226792 0.010578
v 0.0853003 0.0663262 0.070861
vn -0.00292707 0.0127 0.0218014
v 0.0853003 0.0663262 0.070861
vn 0.00292707 -0.0127 -0.0218014
v 0.0860937 0.0676012 0.0687357
vn -0.00434983 0.0226792 -0.010578
v 0.0839413 0.0671058 0.0719954
vn -0.00233825 -0.0219064 0.0126413
v 0.0839413 0.0671058 0.0719954
vn 0.00233825 0.0219064 -0.0126413
v 0.0826127 0.0679562 0.0732096
vn -0.0159645 -0.0196408 0.00212993
v 0.0826127 0.0679562 0.0732096
vn 0.0159645 0.0196408 -0.00212993
v 0.0815161 0.0751888 0.0679045
vn -0.00571173 -0.0160366 -0.0188511
v 0.0815161 0.0751888 0.0679045
vn 0.00571173 0.0160366 0.0188511
v 0.0688684 0.166126 -0.010646
vn -0.00199268 -0.0196408 -0.0159822
v 0.0819671 0.0744013 0.0669097
vn 0.00233825 -0.0219064 -0.0126413
v 0.0816589 0.0747696 0.0673897
vn -0.00199268 -0.0196408 -0.0159822
v 0.0816589 0.0747696 0.0673897
vn 0.00199268 0.0196408 0.0159822
v 0.0819671 0.0744013 0.0669097
vn -0.00233825 0.0219064 0.0126413
v 0.0688684 0.166126 -0.010646
vn 0.00199268 0.0196408 0.0159822
v 0.0691767 0.165759 -0.011127
vn 0.00233825 -0.0219064 -0.0126413
v 0.0824212 0.0741117 0.0664952
vn 0.0069859 -0.0226792 -0.00905605
v 0.0819671 0.0744013 0.0669097
vn 0.00233825 -0.0219064 -0.0126413
v 0.0819671 0.0744013 0.0669097
vn -0.00233825 0.0219064 0.0126413
v 0.0824212 0.0741117 0.0664952
vn -0.0069859 0.0226792 0.00905605
v 0.0691767 0.165759 -0.011127
vn -0.00233825 0.0219064 0.0126413
v 0.070197 0.165276 -0.0118602
vn 0.0116335 -0.0219064 -0.00547084
v 0.070197 0.165276 -0.0118602
vn -0.0116335 0.0219064 0.00547084
v 0.0696302 0.165469 -0.0115407
vn 0.0069859 -0.0226792 -0.00905605
v 0.0696302 0.165469 -0.0115407
vn -0.0069859 0.0226792 0.00905605
v 0.0708399 0.165193 -0.012063
vn 0.0159645 -0.0196408 -0.00212993
v 0.0708399 0.165193 -0.012063
vn -0.0159645 0.0196408 0.00212993
v 0.0708399 0.165193 -0.012063
vn 0.0159645 -0.0196408 -0.00212993
v 0.0843042 0.0738679 0.0659019
vn 0.0196835 -0.0160366 0.000738964
v 0.0836304 0.0738354 0.0659738
vn 0.0159645 -0.0196408 -0.00212993
v 0.0836304 0.0738354 0.0659738
vn -0.0159645 0.0196408 0.00212993
v 0.0843042 0.0738679 0.0659019
vn -0.0196835 0.0160366 -0.000738964
v 0.0708399 0.165193 -0.012063
vn -0.0159645 0.0196408 0.00212993
v 0.0849651 0.0740141 0.0659647
vn 0.0225373 -0.0113396 0.00294034
v 0.0849651 0.0740141 0.0659647
vn -0.0225373 0.0113396 -0.00294034
v 0.0852407 0.0729583 0.0657057
vn 0.0134697 -0.0160366 -0.014372
v 0.0852407 0.0729583 0.0657057
vn -0.0134697 0.0160366 0.014372
v 0.0852289 0.0722829 0.0656388
vn 0.0128446 -0.0196408 -0.0097168
v 0.161444 0.08008 -0.0344871
vn 0.0121168 -0.0219064 -0.00429566
v 0.0853561 0.0716178 0.06568
vn 0.0121168 -0.0219064 -0.00429566
v 0.0853561 0.0716178 0.06568
vn -0.0121168 0.0219064 0.00429566
v 0.161444 0.08008 -0.0344871
vn -0.0121168 0.0219064 0.00429566
v 0.0852289 0.0722829 0.0656388
vn -0.0128446 0.0196408 0.0097168
v 0.0853561 0.0716178 0.06568
vn 0.0121168 -0.0219064 -0.00429566
v 0.161705 0.0794696 -0.0343413
vn 0.0113357 -0.0226792 0.00152193
v 0.0856165 0.0710082 0.0658256
vn 0.0113357 -0.0226792 0.00152193
v 0.0856165 0.0710082 0.0658256
vn -0.0113357 0.0226792 -0.00152193
v 0.161705 0.0794696 -0.0343413
vn -0.0113357 0.0226792 -0.00152193
v 0.0853561 0.0716178 0.06568
vn -0.0121168 0.0219064 0.00429566
v 0.0864521 0.0701134 0.066386
vn 0.00982681 -0.0196408 0.0127607
v 0.0864521 0.0701134 0.066386
vn -0.00982681 0.0196408 -0.0127607
v 0.0795519 0.0733815 0.0713433
vn -0.0148373 -0.0196408 -0.00626539
v 0.0795519 0.0733815 0.0713433
vn 0.0148373 0.0196408 0.00626539
v 0.0798028 0.0723536 0.0728644
vn -0.0092018 -0.0160366 -0.0174159
v 0.0798028 0.0723536 0.0728644
vn 0.0092018 0.0160366 0.0174159
v 0.0799182 0.0710131 0.0728387
vn -0.0105547 -0.0219064 -0.00733953
v 0.00686782 0.0635687 0.168797
vn -0.00982681 -0.0196408 -0.0127607
v 0.0797905 0.071678 0.0727983
vn -0.00982681 -0.0196408 -0.0127607
v 0.0797905 0.071678 0.0727983
vn 0.00982681 0.0196408 0.0127607
v 0.00686782 0.0635687 0.168797
vn 0.00982681 0.0196408 0.0127607
v 0.0799182 0.0710131 0.0728387
vn 0.0105547 0.0219064 0.00733953
v 0.0801781 0.0704033 0.0729851
vn -0.0113357 -0.0226792 -0.00152193
v 0.00699561 0.0629028 0.168839
vn -0.0105547 -0.0219064 -0.00733953
v 0.0799182 0.0710131 0.0728387
vn -0.0105547 -0.0219064 -0.00733953
v 0.0799182 0.0710131 0.0728387
vn 0.0105547 0.0219064 0.00733953
v 0.00699561 0.0629028 0.168839
vn 0.0105547 0.0219064 0.00733953
v 0.0801781 0.0704033 0.0729851
vn 0.0113357 0.0226792 0.00152193
v 0.0810148 0.0695079 0.0735448
vn -0.0128446 -0.0196408 0.0097168
v 0.0810148 0.0695079 0.0735448
vn 0.0128446 0.0196408 -0.0097168
v 0.0805524 0.0698893 0.0732251
vn -0.0121168 -0.0219064 0.00429566
v 0.00725602 0.0622932 0.168985
vn -0.0113357 -0.0226792 -0.00152193
v 0.0801781 0.0704033 0.0729851
vn -0.0113357 -0.0226792 -0.00152193
v 0.0801781 0.0704033 0.0729851
vn 0.0113357 0.0226792 0.00152193
v 0.00725602 0.0622932 0.168985
vn 0.0113357 0.0226792 0.00152193
v 0.0805524 0.0698893 0.0732251
vn 0.0121168 0.0219064 -0.00429566
v -0.00614809 0.156785 0.0886451
vn -0.00977857 -0.0219064 -0.00834562
v 0.0797015 0.0738096 0.0700753
vn -0.00434983 -0.0226792 -0.010578
v 0.0795645 0.0735377 0.0706825
vn -0.00977857 -0.0219064 -0.00834562
v 0.0795645 0.0735377 0.0706825
vn 0.00977857 0.0219064 0.00834562
v 0.0797015 0.0738096 0.0700753
vn 0.00434983 0.0226792 0.010578
v -0.00614809 0.156785 0.0886451
vn 0.00977857 0.0219064 0.00834562
v 0.080299 0.0746175 0.0691808
vn 0.00613766 -0.0196408 -0.0148906
v 0.080299 0.0746175 0.0691808
vn -0.00613766 0.0196408 0.0148906
v -0.00601107 0.157056 0.0880389
vn -0.00434983 -0.0226792 -0.010578
v 0.0799518 0.0741778 0.0695622
vn 0.00107891 -0.0219064 -0.0128104
v 0.0797015 0.0738096 0.0700753
vn -0.00434983 -0.0226792 -0.010578
v 0.0797015 0.0738096 0.0700753
vn 0.00434983 0.0226792 0.010578
v 0.0799518 0.0741778 0.0695622
vn -0.00107891 0.0219064 0.0128104
v -0.00601107 0.157056 0.0880389
vn 0.00434983 0.0226792 0.010578
v 0.0866907 0.0684099 0.067841
vn 0.0148373 -0.0196408 0.00626539
v 0.0866907 0.0684099 0.067841
vn -0.0148373 0.0196408 -0.00626539
v 0.0859567 0.0673293 0.0693429
vn -0.00107891 -0.0219064 0.0128104
v 0.0859567 0.0673293 0.0693429
vn 0.00107891 0.0219064 -0.0128104
v 0.096165 -0.0240583 0.150352
vn -0.0069859 -0.0226792 0.00905605
v 0.082921 0.0675889 0.0727286
vn -0.0116335 -0.0219064 0.00547084
v 0.0833745 0.0672992 0.0723149
vn -0.0069859 -0.0226792 0.00905605
v 0.0833745 0.0672992 0.0723149
vn 0.0069859 0.0226792 -0.00905605
v 0.082921 0.0675889 0.0727286
vn 0.0116335 0.0219064 -0.00547084
v 0.096165 -0.0240583 0.150352
vn 0.0069859 0.0226792 -0.00905605
v 0.0845842 0.0670231 0.0717927
vn 0.00199268 -0.0196408 0.0159822
v 0.0845842 0.0670231 0.0717927
vn -0.00199268 0.0196408 -0.0159822
v 0.0967318 -0.0242517 0.150032
vn -0.00233825 -0.0219064 0.0126413
v 0.0833745 0.0672992 0.0723149
vn -0.0069859 -0.0226792 0.00905605
v 0.0839413 0.0671058 0.0719954
vn -0.00233825 -0.0219064 0.0126413
v 0.0839413 0.0671058 0.0719954
vn 0.00233825 0.0219064 -0.0126413
v 0.0833745 0.0672992 0.0723149
vn 0.0069859 0.0226792 -0.00905605
v 0.0967318 -0.0242517 0.150032
vn 0.00233825 0.0219064 -0.0126413
v 0.08247 0.0683755 0.0737244
vn -0.0196835 -0.0160366 -0.000738964
v 0.08247 0.0683755 0.0737244
vn 0.0196835 0.0160366 0.000738964
v 0.0957114 -0.0237686 0.150765
vn -0.0116335 -0.0219064 0.00547084
v 0.0826127 0.0679562 0.0732096
vn -0.0159645 -0.0196408 0.00212993
v 0.082921 0.0675889 0.0727286
vn -0.0116335 -0.0219064 0.00547084
v 0.082921 0.0675889 0.0727286
vn 0.0116335 0.0219064 -0.00547084
v 0.0826127 0.0679562 0.0732096
vn 0.0159645 0.0196408 -0.00212993
v 0.0957114 -0.0237686 0.150765
vn 0.0116335 0.0219064 -0.00547084
v 0.0815496 0.0756317 0.0684187
vn -0.00856547 -0.0113396 -0.0210525
v 0.0815496 0.0756317 0.0684187
vn 0.00856547 0.0113396 0.0210525
v 0.0687257 0.166546 -0.0101323
vn -0.00571173 -0.0160366 -0.0188511
v 0.0816589 0.0747696 0.0673897
vn -0.00199268 -0.0196408 -0.0159822
v 0.0815161 0.0751888 0.0679045
vn -0.00571173 -0.0160366 -0.0188511
v 0.0815161 0.0751888 0.0679045
vn 0.00571173 0.0160366 0.0188511
v 0.0816589 0.0747696 0.0673897
vn 0.00199268 0.0196408 0.0159822
v 0.0687257 0.166546 -0.0101323
vn 0.00571173 0.0160366 0.0188511
v 0.0691767 0.165759 -0.011127
vn 0.00233825 -0.0219064 -0.0126413
v 0.0691767 0.165759 -0.011127
vn -0.00233825 0.0219064 0.0126413
v 0.0688684 0.166126 -0.010646
vn -0.00199268 -0.0196408 -0.0159822
v 0.0688684 0.166126 -0.010646
vn 0.00199268 0.0196408 0.0159822
v 0.0696302 0.165469 -0.0115407
vn 0.0069859 -0.0226792 -0.00905605
v 0.0734311 0.168025 -0.00917128
vn 0.0116335 0.0219064 -0.00547084
v 0.070197 0.165276 -0.0118602
vn 0.0116335 -0.0219064 -0.00547084
v 0.070197 0.165276 -0.0118602
vn -0.0116335 0.0219064 0.00547084
v 0.0734311 0.168025 -0.00917128
vn -0.0116335 -0.0219064 0.00547084
v 0.0696302 0.165469 -0.0115407
vn -0.0069859 0.0226792 0.00905605
v 0.0691767 0.165759 -0.011127
vn 0.00233825 -0.0219064 -0.0126413
v 0.0729782 0.168316 -0.00875705
vn 0.0069859 0.0226792 -0.00905605
v 0.0729782 0.168316 -0.00875705
vn -0.0069859 -0.0226792 0.00905605
v 0.0691767 0.165759 -0.011127
vn -0.00233825 0.0219064 0.0126413
v 0.0737394 0.167658 -0.00965228
vn 0.0159645 0.0196408 -0.00212993
v 0.0708399 0.165193 -0.012063
vn 0.0159645 -0.0196408 -0.00212993
v 0.0708399 0.165193 -0.012063
vn -0.0159645 0.0196408 0.00212993
v 0.0737394 0.167658 -0.00965228
vn -0.0159645 -0.0196408 0.00212993
v 0.0715143 0.165225 -0.0121347
vn 0.0196835 -0.0160366 0.000738964
v 0.0715143 0.165225 -0.0121347
vn -0.0196835 0.0160366 -0.000738964
v 0.0843042 0.0738679 0.0659019
vn 0.0196835 -0.0160366 0.000738964
v 0.0721747 0.165372 -0.012072
vn 0.0225373 -0.0113396 0.00294034
v 0.0849651 0.0740141 0.0659647
vn 0.0225373 -0.0113396 0.00294034
v 0.0849651 0.0740141 0.0659647
vn -0.0225373 0.0113396 -0.00294034
v 0.0721747 0.165372 -0.012072
vn -0.0225373 0.0113396 -0.00294034
v 0.0843042 0.0738679 0.0659019
vn -0.0196835 0.0160366 -0.000738964
v 0.0855655 0.0742649 0.0661598
vn 0.0243312 -0.00586981 0.0043242
v 0.0855655 0.0742649 0.0661598
vn -0.0243312 0.00586981 -0.0043242
v 0.0853929 0.0735984 0.0658754
vn 0.0139492 -0.0113396 -0.0179441
v 0.0853929 0.0735984 0.0658754
vn -0.0139492 0.0113396 0.0179441
v 0.0852407 0.0729583 0.0657057
vn 0.0134697 -0.0160366 -0.014372
v 0.161317 0.0807451 -0.0345283
vn 0.0128446 -0.0196408 -0.0097168
v 0.0852289 0.0722829 0.0656388
vn 0.0128446 -0.0196408 -0.0097168
v 0.0852289 0.0722829 0.0656388
vn -0.0128446 0.0196408 0.0097168
v 0.161317 0.0807451 -0.0345283
vn -0.0128446 0.0196408 0.0097168
v 0.0852407 0.0729583 0.0657057
vn -0.0134697 0.0160366 0.014372
v 0.161317 0.0807451 -0.0345283
vn 0.0128446 -0.0196408 -0.0097168
v 0.161317 0.0807451 -0.0345283
vn -0.0128446 0.0196408 0.0097168
v 0.161444 0.08008 -0.0344871
vn 0.0121168 -0.0219064 -0.00429566
v 0.161444 0.08008 -0.0344871
vn -0.0121168 0.0219064 0.00429566
v 0.162078 0.0789562 -0.0341006
vn 0.0105547 -0.0219064 0.00733953
v 0.0856165 0.0710082 0.0658256
vn 0.0113357 -0.0226792 0.00152193
v 0.161705 0.0794696 -0.0343413
vn 0.0113357 -0.0226792 0.00152193
v 0.161705 0.0794696 -0.0343413
vn -0.0113357 0.0226792 -0.00152193
v 0.0856165 0.0710082 0.0658256
vn -0.0113357 0.0226792 -0.00152193
v 0.162078 0.0789562 -0.0341006
vn -0.0105547 0.0219064 -0.00733953
v 0.0859897 0.0704939 0.0660673
vn 0.0105547 -0.0219064 0.00733953
v 0.0859897 0.0704939 0.0660673
vn -0.0105547 0.0219064 -0.00733953
v 0.0859897 0.0704939 0.0660673
vn 0.0105547 -0.0219064 0.00733953
v 0.16254 0.0785756 -0.0337811
vn 0.00982681 -0.0196408 0.0127607
v 0.0864521 0.0701134 0.066386
vn 0.00982681 -0.0196408 0.0127607
v 0.0864521 0.0701134 0.066386
vn -0.00982681 0.0196408 -0.0127607
v 0.16254 0.0785756 -0.0337811
vn -0.00982681 0.0196408 -0.0127607
v 0.0859897 0.0704939 0.0660673
vn -0.0105547 0.0219064 -0.00733953
v 0.0869719 0.06989 0.0667611
vn 0.0092018 -0.0160366 0.0174159
v 0.0869719 0.06989 0.0667611
vn -0.0092018 0.0160366 -0.0174159
v 0.0796631 0.0733514 0.0720121
vn -0.0191814 -0.0160366 -0.00447904
v 0.0796631 0.0733514 0.0720121
vn 0.0191814 0.0160366 0.00447904
v -0.00616067 0.156628 0.0893068
vn -0.0148373 -0.0196408 -0.00626539
v 0.0795645 0.0735377 0.0706825
vn -0.00977857 -0.0219064 -0.00834562
v 0.0795519 0.0733815 0.0713433
vn -0.0148373 -0.0196408 -0.00626539
v 0.0795519 0.0733815 0.0713433
vn 0.0148373 0.0196408 0.00626539
v 0.0795645 0.0735377 0.0706825
vn 0.00977857 0.0219064 0.00834562
v -0.00616067 0.156628 0.0893068
vn 0.0148373 0.0196408 0.00626539
v 0.079955 0.0729937 0.0730341
vn -0.0087222 -0.0113396 -0.020988
v 0.079955 0.0729937 0.0730341
vn 0.0087222 0.0113396 0.020988
v 0.0797905 0.071678 0.0727983
vn -0.00982681 -0.0196408 -0.0127607
v 0.0068802 0.0642443 0.168864
vn -0.0092018 -0.0160366 -0.0174159
v 0.0798028 0.0723536 0.0728644
vn -0.0092018 -0.0160366 -0.0174159
v 0.0798028 0.0723536 0.0728644
vn 0.0092018 0.0160366 0.0174159
v 0.0068802 0.0642443 0.168864
vn 0.0092018 0.0160366 0.0174159
v 0.0797905 0.071678 0.0727983
vn 0.00982681 0.0196408 0.0127607
v 0.00699561 0.0629028 0.168839
vn -0.0105547 -0.0219064 -0.00733953
v 0.00699561 0.0629028 0.168839
vn 0.0105547 0.0219064 0.00733953
v 0.00686782 0.0635687 0.168797
vn -0.00982681 -0.0196408 -0.0127607
v 0.00686782 0.0635687 0.168797
vn 0.00982681 0.0196408 0.0127607
v 0.00725602 0.0622932 0.168985
vn -0.0113357 -0.0226792 -0.00152193
v 0.00725602 0.0622932 0.168985
vn 0.0113357 0.0226792 0.00152193
v 0.0815335 0.0692851 0.0739206
vn -0.0134697 -0.0160366 0.014372
v 0.0815335 0.0692851 0.0739206
vn 0.0134697 0.0160366 -0.014372
v 0.0810148 0.0695079 0.0735448
vn -0.0128446 -0.0196408 0.0097168
v 0.00762973 0.061779 0.169225
vn -0.0121168 -0.0219064 0.00429566
v 0.0805524 0.0698893 0.0732251
vn -0.0121168 -0.0219064 0.00429566
v 0.0805524 0.0698893 0.0732251
vn 0.0121168 0.0219064 -0.00429566
v 0.00762973 0.061779 0.169225
vn 0.0121168 0.0219064 -0.00429566
v 0.0810148 0.0695079 0.0735448
vn 0.0128446 0.0196408 -0.0097168
v 0.00762973 0.061779 0.169225
vn -0.0121168 -0.0219064 0.00429566
v 0.00762973 0.061779 0.169225
vn 0.0121168 0.0219064 -0.00429566
v -0.00601107 0.157056 0.0880389
vn -0.00434983 -0.0226792 -0.010578
v -0.00601107 0.157056 0.0880389
vn 0.00434983 0.0226792 0.010578
v -0.00614809 0.156785 0.0886451
vn -0.00977857 -0.0219064 -0.00834562
v -0.00614809 0.156785 0.0886451
vn 0.00977857 0.0219064 0.00834562
v 0.08072 0.0750998 0.0689531
vn 0.0104817 -0.0160366 -0.016677
v 0.08072 0.0750998 0.0689531
vn -0.0104817 0.0160366 0.016677
v -0.00576132 0.157425 0.0875257
vn 0.00107891 -0.0219064 -0.0128104
v 0.080299 0.0746175 0.0691808
vn 0.00613766 -0.0196408 -0.0148906
v 0.0799518 0.0741778 0.0695622
vn 0.00107891 -0.0219064 -0.0128104
v 0.0799518 0.0741778 0.0695622
vn -0.00107891 0.0219064 0.0128104
v 0.080299 0.0746175 0.0691808
vn -0.00613766 0.0196408 0.0148906
v -0.00576132 0.157425 0.0875257
vn -0.00107891 0.0219064 0.0128104
v -0.00576132 0.157425 0.0875257
vn 0.00107891 -0.0219064 -0.0128104
v -0.00576132 0.157425 0.0875257
vn -0.00107891 0.0219064 0.0128104
v 0.0871111 0.068892 0.0676142
vn 0.0191814 -0.0160366 0.00447904
v 0.0871111 0.068892 0.0676142
vn -0.0191814 0.0160366 -0.00447904
v 0.0866907 0.0684099 0.067841
vn 0.0148373 -0.0196408 0.00626539
v 0.173878 -0.0170464 0.0498778
vn 0.00977857 -0.0219064 0.00834562
v 0.086344 0.0679693 0.0682226
vn 0.00977857 -0.0219064 0.00834562
v 0.086344 0.0679693 0.0682226
vn -0.00977857 0.0219064 -0.00834562
v 0.173878 -0.0170464 0.0498778
vn -0.00977857 0.0219064 -0.00834562
v 0.0866907 0.0684099 0.067841
vn -0.0148373 0.0196408 -0.00626539
v 0.086344 0.0679693 0.0682226
vn 0.00977857 -0.0219064 0.00834562
v 0.173628 -0.0174146 0.0503908
vn 0.00434983 -0.0226792 0.010578
v 0.0860937 0.0676012 0.0687357
vn 0.00434983 -0.0226792 0.010578
v 0.0860937 0.0676012 0.0687357
vn -0.00434983 0.0226792 -0.010578
v 0.173628 -0.0174146 0.0503908
vn -0.00434983 0.0226792 -0.010578
v 0.086344 0.0679693 0.0682226
vn -0.00977857 0.0219064 -0.00834562
v 0.0859436 0.067174 0.0700035
vn -0.00613766 -0.0196408 0.0148906
v 0.0859436 0.067174 0.0700035
vn 0.00613766 0.0196408 -0.0148906
v 0.0860937 0.0676012 0.0687357
vn 0.00434983 -0.0226792 0.010578
v 0.173491 -0.0176864 0.0509981
vn -0.00107891 -0.0219064 0.0128104
v 0.0859567 0.0673293 0.0693429
vn -0.00107891 -0.0219064 0.0128104
v 0.0859567 0.0673293 0.0693429
vn 0.00107891 0.0219064 -0.0128104
v 0.173491 -0.0176864 0.0509981
vn 0.00107891 0.0219064 -0.0128104
v 0.0860937 0.0676012 0.0687357
vn -0.00434983 0.0226792 -0.010578
v 0.0957114 -0.0237686 0.150765
vn -0.0116335 -0.0219064 0.00547084
v 0.0957114 -0.0237686 0.150765
vn 0.0116335 0.0219064 -0.00547084
v 0.096165 -0.0240583 0.150352
vn -0.0069859 -0.0226792 0.00905605
v 0.096165 -0.0240583 0.150352
vn 0.0069859 0.0226792 -0.00905605
v 0.0852581 0.0670556 0.0717208
vn 0.00571173 -0.0160366 0.0188511
v 0.0852581 0.0670556 0.0717208
vn -0.00571173 0.0160366 -0.0188511
v 0.0973747 -0.0243344 0.149829
vn 0.00199268 -0.0196408 0.0159822
v 0.0839413 0.0671058 0.0719954
vn -0.00233825 -0.0219064 0.0126413
v 0.0845842 0.0670231 0.0717927
vn 0.00199268 -0.0196408 0.0159822
v 0.0845842 0.0670231 0.0717927
vn -0.00199268 0.0196408 -0.0159822
v 0.0839413 0.0671058 0.0719954
vn 0.00233825 0.0219064 -0.0126413
v 0.0973747 -0.0243344 0.149829
vn -0.00199268 0.0196408 -0.0159822
v 0.0967318 -0.0242517 0.150032
vn -0.00233825 -0.0219064 0.0126413
v 0.0967318 -0.0242517 0.150032
vn 0.00233825 0.0219064 -0.0126413
v 0.0825034 0.0688194 0.0742375
vn -0.0225373 -0.0113396 -0.00294034
v 0.0825034 0.0688194 0.0742375
vn 0.0225373 0.0113396 0.00294034
v 0.0954026 -0.0234004 0.151246
vn -0.0159645 -0.0196408 0.00212993
v 0.08247 0.0683755 0.0737244
vn -0.0196835 -0.0160366 -0.000738964
v 0.0826127 0.0679562 0.0732096
vn -0.0159645 -0.0196408 0.00212993
v 0.0826127 0.0679562 0.0732096
vn 0.0159645 0.0196408 -0.00212993
v 0.08247 0.0683755 0.0737244
vn 0.0196835 0.0160366 0.000738964
v 0.0954026 -0.0234004 0.151246
vn 0.0159645 0.0196408 -0.00212993
v 0.0954026 -0.0234004 0.151246
vn -0.0159645 -0.0196408 0.00212993
v 0.0954026 -0.0234004 0.151246
vn 0.0159645 0.0196408 -0.00212993
v 0.081757 0.076069 0.0688955
vn -0.0103594 -0.00586981 -0.0224363
v 0.081757 0.076069 0.0688955
vn 0.0103594 0.00586981 0.0224363
v 0.0815496 0.0756317 0.0684187
vn -0.00856547 -0.0113396 -0.0210525
v 0.0687257 0.166546 -0.0101323
vn -0.00571173 -0.0160366 -0.0188511
v 0.0815161 0.0751888 0.0679045
vn -0.00571173 -0.0160366 -0.0188511
v 0.0815161 0.0751888 0.0679045
vn 0.00571173 0.0160366 0.0188511
v 0.0687257 0.166546 -0.0101323
vn 0.00571173 0.0160366 0.0188511
v 0.0815496 0.0756317 0.0684187
vn 0.00856547 0.0113396 0.0210525
v 0.0688684 0.166126 -0.010646
vn -0.00199268 -0.0196408 -0.0159822
v 0.0724108 0.168508 -0.00843809
vn 0.00233825 0.0219064 -0.0126413
v 0.0724108 0.168508 -0.00843809
vn -0.00233825 -0.0219064 0.0126413
v 0.0688684 0.166126 -0.010646
vn 0.00199268 0.0196408 0.0159822
v 0.0687257 0.166546 -0.0101323
vn -0.00571173 -0.0160366 -0.0188511
v 0.0717679 0.168591 -0.00823534
vn -0.00199268 0.0196408 -0.0159822
v 0.0717679 0.168591 -0.00823534
vn 0.00199268 -0.0196408 0.0159822
v 0.0687257 0.166546 -0.0101323
vn 0.00571173 0.0160366 0.0188511
v 0.0738821 0.167238 -0.010166
vn 0.0196835 0.0160366 0.000738964
v 0.0738821 0.167238 -0.010166
vn -0.0196835 -0.0160366 -0.000738964
v 0.0715143 0.165225 -0.0121347
vn 0.0196835 -0.0160366 0.000738964
v 0.0715143 0.165225 -0.0121347
vn -0.0196835 0.0160366 -0.000738964
v 0.0715143 0.165225 -0.0121347
vn 0.0196835 -0.0160366 0.000738964
v 0.0715143 0.165225 -0.0121347
vn -0.0196835 0.0160366 -0.000738964
v 0.0727756 0.165622 -0.0118768
vn 0.0243312 -0.00586981 0.0043242
v 0.0849651 0.0740141 0.0659647
vn 0.0225373 -0.0113396 0.00294034
v 0.0721747 0.165372 -0.012072
vn 0.0225373 -0.0113396 0.00294034
v 0.0721747 0.165372 -0.012072
vn -0.0225373 0.0113396 -0.00294034
v 0.0849651 0.0740141 0.0659647
vn -0.0225373 0.0113396 -0.00294034
v 0.0727756 0.165622 -0.0118768
vn -0.0243312 0.00586981 -0.0043242
v 0.0855655 0.0742649 0.0661598
vn 0.0243312 -0.00586981 0.0043242
v 0.0855655 0.0742649 0.0661598
vn -0.0243312 0.00586981 -0.0043242
v 0.0860667 0.0746008 0.0664711
vn 0.0234914 -0 -0.00966
v 0.0860667 0.0746008 0.0664711
vn -0.0234914 0 0.00966
v 0.0856747 0.0741593 0.0661364
vn 0.0142507 -0.00586981 -0.0201897
v 0.0856747 0.0741593 0.0661364
vn -0.0142507 0.00586981 0.0201897
v 0.0853929 0.0735984 0.0658754
vn 0.0139492 -0.0113396 -0.0179441
v 0.161329 0.0814205 -0.0344614
vn 0.0134697 -0.0160366 -0.014372
v 0.0852407 0.0729583 0.0657057
vn 0.0134697 -0.0160366 -0.014372
v 0.0852407 0.0729583 0.0657057
vn -0.0134697 0.0160366 0.014372
v 0.161329 0.0814205 -0.0344614
vn -0.0134697 0.0160366 0.014372
v 0.0853929 0.0735984 0.0658754
vn -0.0139492 0.0113396 0.0179441
v 0.161329 0.0814205 -0.0344614
vn 0.0134697 -0.0160366 -0.014372
v 0.161329 0.0814205 -0.0344614
vn -0.0134697 0.0160366 0.014372
v 0.161317 0.0807451 -0.0345283
vn 0.0128446 -0.0196408 -0.0097168
v 0.164678 0.0828297 -0.0317981
vn 0.0121168 0.0219064 -0.00429566
v 0.161444 0.08008 -0.0344871
vn 0.0121168 -0.0219064 -0.00429566
v 0.161444 0.08008 -0.0344871
vn -0.0121168 0.0219064 0.00429566
v 0.164678 0.0828297 -0.0317981
vn -0.0121168 -0.0219064 0.00429566
v 0.161317 0.0807451 -0.0345283
vn -0.0128446 0.0196408 0.0097168
v 0.165053 0.0823162 -0.0315576
vn 0.0113357 0.0226792 0.00152193
v 0.161705 0.0794696 -0.0343413
vn 0.0113357 -0.0226792 0.00152193
v 0.161705 0.0794696 -0.0343413
vn -0.0113357 0.0226792 -0.00152193
v 0.165053 0.0823162 -0.0315576
vn -0.0113357 -0.0226792 -0.00152193
v 0.165312 0.0817059 -0.0314117
vn 0.0105547 0.0219064 0.00733953
v 0.162078 0.0789562 -0.0341006
vn 0.0105547 -0.0219064 0.00733953
v 0.162078 0.0789562 -0.0341006
vn -0.0105547 0.0219064 -0.00733953
v 0.165312 0.0817059 -0.0314117
vn -0.0105547 -0.0219064 -0.00733953
v 0.162078 0.0789562 -0.0341006
vn 0.0105547 -0.0219064 0.00733953
v 0.162078 0.0789562 -0.0341006
vn -0.0105547 0.0219064 -0.00733953
v 0.16306 0.0783522 -0.0334061
vn 0.0092018 -0.0160366 0.0174159
v 0.0864521 0.0701134 0.066386
vn 0.00982681 -0.0196408 0.0127607
v 0.16254 0.0785756 -0.0337811
vn 0.00982681 -0.0196408 0.0127607
v 0.16254 0.0785756 -0.0337811
vn -0.00982681 0.0196408 -0.0127607
v 0.0864521 0.0701134 0.066386
vn -0.00982681 0.0196408 -0.0127607
v 0.16306 0.0783522 -0.0334061
vn -0.0092018 0.0160366 -0.0174159
v 0.0869719 0.06989 0.0667611
vn 0.0092018 -0.0160366 0.0174159
v 0.0869719 0.06989 0.0667611
vn -0.0092018 0.0160366 -0.0174159
v 0.087513 0.0698397 0.067169
vn 0.0087222 -0.0113396 0.020988
v 0.087513 0.0698397 0.067169
vn -0.0087222 0.0113396 -0.020988
v 0.0798913 0.0734501 0.072644
vn -0.0225147 -0.0113396 -0.00310833
v 0.0798913 0.0734501 0.072644
vn 0.0225147 0.0113396 0.00310833
v -0.00605 0.156599 0.0899755
vn -0.0191814 -0.0160366 -0.00447904
v 0.0795519 0.0733815 0.0713433
vn -0.0148373 -0.0196408 -0.00626539
v 0.0796631 0.0733514 0.0720121
vn -0.0191814 -0.0160366 -0.00447904
v 0.0796631 0.0733514 0.0720121
vn 0.0191814 0.0160366 0.00447904
v 0.0795519 0.0733815 0.0713433
vn 0.0148373 0.0196408 0.00626539
v -0.00605 0.156599 0.0899755
vn 0.0191814 0.0160366 0.00447904
v -0.00616067 0.156628 0.0893068
vn -0.0148373 -0.0196408 -0.00626539
v -0.00616067 0.156628 0.0893068
vn 0.0148373 0.0196408 0.00626539
v 0.0802369 0.0735545 0.0732951
vn -0.00842074 -0.00586981 -0.0232335
v 0.0802369 0.0735545 0.0732951
vn 0.00842074 0.00586981 0.0232335
v 0.0798028 0.0723536 0.0728644
vn -0.0092018 -0.0160366 -0.0174159
v 0.00703238 0.0648834 0.169034
vn -0.0087222 -0.0113396 -0.020988
v 0.079955 0.0729937 0.0730341
vn -0.0087222 -0.0113396 -0.020988
v 0.079955 0.0729937 0.0730341
vn 0.0087222 0.0113396 0.020988
v 0.00703238 0.0648834 0.169034
vn 0.0087222 0.0113396 0.020988
v 0.0798028 0.0723536 0.0728644
vn 0.0092018 0.0160366 0.0174159
v 0.0068802 0.0642443 0.168864
vn -0.0092018 -0.0160366 -0.0174159
v 0.0068802 0.0642443 0.168864
vn 0.0092018 0.0160366 0.0174159
v 0.0102297 0.0656524 0.171528
vn -0.0105547 0.0219064 -0.00733953
v 0.00686782 0.0635687 0.168797
vn -0.00982681 -0.0196408 -0.0127607
v 0.00699561 0.0629028 0.168839
vn -0.0105547 -0.0219064 -0.00733953
v 0.00699561 0.0629028 0.168839
vn 0.0105547 0.0219064 0.00733953
v 0.00686782 0.0635687 0.168797
vn 0.00982681 0.0196408 0.0127607
v 0.0102297 0.0656524 0.171528
vn 0.0105547 -0.0219064 0.00733953
v 0.00924802 0.0662574 0.170832
vn -0.0092018 0.0160366 -0.0174159
v 0.0068802 0.0642443 0.168864
vn -0.0092018 -0.0160366 -0.0174159
v 0.0068802 0.0642443 0.168864
vn 0.0092018 0.0160366 0.0174159
v 0.00924802 0.0662574 0.170832
vn 0.0092018 -0.0160366 0.0174159
v 0.00725602 0.0622932 0.168985
vn -0.0113357 -0.0226792 -0.00152193
v 0.00725602 0.0622932 0.168985
vn 0.0113357 0.0226792 0.00152193
v 0.0820757 0.0692351 0.0743269
vn -0.0139492 -0.0113396 0.0179441
v 0.0820757 0.0692351 0.0743269
vn 0.0139492 0.0113396 -0.0179441
v 0.0815335 0.0692851 0.0739206
vn -0.0134697 -0.0160366 0.014372
v 0.00809218 0.0613986 0.169544
vn -0.0128446 -0.0196408 0.0097168
v 0.0810148 0.0695079 0.0735448
vn -0.0128446 -0.0196408 0.0097168
v 0.0810148 0.0695079 0.0735448
vn 0.0128446 0.0196408 -0.0097168
v 0.00809218 0.0613986 0.169544
vn 0.0128446 0.0196408 -0.0097168
v 0.0815335 0.0692851 0.0739206
vn 0.0134697 0.0160366 -0.014372
v 0.00809218 0.0613986 0.169544
vn -0.0128446 -0.0196408 0.0097168
v 0.00809218 0.0613986 0.169544
vn 0.0128446 0.0196408 -0.0097168
v 0.0106041 0.0651398 0.171768
vn -0.0113357 0.0226792 -0.00152193
v 0.00762973 0.061779 0.169225
vn -0.0121168 -0.0219064 0.00429566
v 0.00762973 0.061779 0.169225
vn 0.0121168 0.0219064 -0.00429566
v 0.0106041 0.0651398 0.171768
vn 0.0113357 -0.0226792 0.00152193
v -0.00614809 0.156785 0.0886451
vn -0.00977857 -0.0219064 -0.00834562
v -0.00576132 0.157425 0.0875257
vn 0.00107891 -0.0219064 -0.0128104
v -0.00601107 0.157056 0.0880389
vn -0.00434983 -0.0226792 -0.010578
v -0.00601107 0.157056 0.0880389
vn 0.00434983 0.0226792 0.010578
v -0.00576132 0.157425 0.0875257
vn -0.00107891 0.0219064 0.0128104
v -0.00614809 0.156785 0.0886451
vn 0.00977857 0.0219064 0.00834562
v -0.00616067 0.156628 0.0893068
vn -0.0148373 -0.0196408 -0.00626539
v -0.00616067 0.156628 0.0893068
vn 0.0148373 0.0196408 0.00626539
v 0.0811856 0.0755909 0.0688981
vn 0.0138151 -0.0113396 -0.0180477
v 0.0811856 0.0755909 0.0688981
vn -0.0138151 0.0113396 0.0180477
v -0.00541406 0.157865 0.0871442
vn 0.00613766 -0.0196408 -0.0148906
v 0.08072 0.0750998 0.0689531
vn 0.0104817 -0.0160366 -0.016677
v 0.080299 0.0746175 0.0691808
vn 0.00613766 -0.0196408 -0.0148906
v 0.080299 0.0746175 0.0691808
vn -0.00613766 0.0196408 0.0148906
v 0.08072 0.0750998 0.0689531
vn -0.0104817 0.0160366 0.016677
v -0.00541406 0.157865 0.0871442
vn -0.00613766 0.0196408 0.0148906
v -0.00541406 0.157865 0.0871442
vn 0.00613766 -0.0196408 -0.0148906
v -0.00541406 0.157865 0.0871442
vn -0.00613766 0.0196408 0.0148906
v 0.0875773 0.0693834 0.0675583
vn 0.0225147 -0.0113396 0.00310833
v 0.0875773 0.0693834 0.0675583
vn -0.0225147 0.0113396 -0.00310833
v 0.0871111 0.068892 0.0676142
vn 0.0191814 -0.0160366 0.00447904
v 0.174225 -0.0166057 0.0494953
vn 0.0148373 -0.0196408 0.00626539
v 0.0866907 0.0684099 0.067841
vn 0.0148373 -0.0196408 0.00626539
v 0.0866907 0.0684099 0.067841
vn -0.0148373 0.0196408 -0.00626539
v 0.174225 -0.0166057 0.0494953
vn -0.0148373 0.0196408 -0.00626539
v 0.0871111 0.068892 0.0676142
vn -0.0191814 0.0160366 -0.00447904
v 0.174225 -0.0166057 0.0494953
vn 0.0148373 -0.0196408 0.00626539
v 0.174225 -0.0166057 0.0494953
vn -0.0148373 0.0196408 -0.00626539
v 0.173878 -0.0170464 0.0498778
vn 0.00977857 -0.0219064 0.00834562
v 0.173878 -0.0170464 0.0498778
vn -0.00977857 0.0219064 -0.00834562
v 0.173628 -0.0174146 0.0503908
vn 0.00434983 -0.0226792 0.010578
v 0.173628 -0.0174146 0.0503908
vn -0.00434983 0.0226792 -0.010578
v 0.0860548 0.0671439 0.0706723
vn -0.0104817 -0.0160366 0.016677
v 0.0860548 0.0671439 0.0706723
vn 0.0104817 0.0160366 -0.016677
v 0.0859567 0.0673293 0.0693429
vn -0.00107891 -0.0219064 0.0128104
v 0.173477 -0.0178418 0.0516586
vn -0.00613766 -0.0196408 0.0148906
v 0.0859436 0.067174 0.0700035
vn -0.00613766 -0.0196408 0.0148906
v 0.0859436 0.067174 0.0700035
vn 0.00613766 0.0196408 -0.0148906
v 0.173477 -0.0178418 0.0516586
vn 0.00613766 0.0196408 -0.0148906
v 0.0859567 0.0673293 0.0693429
vn 0.00107891 0.0219064 -0.0128104
v 0.173491 -0.0176864 0.0509981
vn -0.00107891 -0.0219064 0.0128104
v 0.173491 -0.0176864 0.0509981
vn 0.00107891 0.0219064 -0.0128104
v 0.0989455 -0.0210189 0.153454
vn -0.0116335 0.0219064 0.00547084
v 0.0957114 -0.0237686 0.150765
vn -0.0116335 -0.0219064 0.00547084
v 0.096165 -0.0240583 0.150352
vn -0.0069859 -0.0226792 0.00905605
v 0.096165 -0.0240583 0.150352
vn 0.0069859 0.0226792 -0.00905605
v 0.0957114 -0.0237686 0.150765
vn 0.0116335 0.0219064 -0.00547084
v 0.0989455 -0.0210189 0.153454
vn 0.0116335 -0.0219064 -0.00547084
v 0.099513 -0.0212118 0.153135
vn -0.0069859 0.0226792 0.00905605
v 0.0967318 -0.0242517 0.150032
vn -0.00233825 -0.0219064 0.0126413
v 0.0967318 -0.0242517 0.150032
vn 0.00233825 0.0219064 -0.0126413
v 0.099513 -0.0212118 0.153135
vn 0.0069859 -0.0226792 -0.00905605
v 0.0859184 0.0672016 0.0717844
vn 0.00856547 -0.0113396 0.0210525
v 0.0859184 0.0672016 0.0717844
vn -0.00856547 0.0113396 -0.0210525
v 0.0980485 -0.0243019 0.149758
vn 0.00571173 -0.0160366 0.0188511
v 0.0845842 0.0670231 0.0717927
vn 0.00199268 -0.0196408 0.0159822
v 0.0852581 0.0670556 0.0717208
vn 0.00571173 -0.0160366 0.0188511
v 0.0852581 0.0670556 0.0717208
vn -0.00571173 0.0160366 -0.0188511
v 0.0845842 0.0670231 0.0717927
vn -0.00199268 0.0196408 -0.0159822
v 0.0980485 -0.0243019 0.149758
vn -0.00571173 0.0160366 -0.0188511
v 0.0973747 -0.0243344 0.149829
vn 0.00199268 -0.0196408 0.0159822
v 0.0973747 -0.0243344 0.149829
vn -0.00199268 0.0196408 -0.0159822
v 0.0999659 -0.021502 0.152721
vn -0.00233825 0.0219064 0.0126413
v 0.0973747 -0.0243344 0.149829
vn 0.00199268 -0.0196408 0.0159822
v 0.0973747 -0.0243344 0.149829
vn -0.00199268 0.0196408 -0.0159822
v 0.0999659 -0.021502 0.152721
vn 0.00233825 -0.0219064 -0.0126413
v 0.0827109 0.0692557 0.0747154
vn -0.0243312 -0.00586981 -0.0043242
v 0.0827109 0.0692557 0.0747154
vn 0.0243312 0.00586981 0.0043242
v 0.08247 0.0683755 0.0737244
vn -0.0196835 -0.0160366 -0.000738964
v 0.0952939 -0.0225381 0.152274
vn -0.0225373 -0.0113396 -0.00294034
v 0.0825034 0.0688194 0.0742375
vn -0.0225373 -0.0113396 -0.00294034
v 0.0825034 0.0688194 0.0742375
vn 0.0225373 0.0113396 0.00294034
v 0.0952939 -0.0225381 0.152274
vn 0.0225373 0.0113396 0.00294034
v 0.08247 0.0683755 0.0737244
vn 0.0196835 0.0160366 0.000738964
v 0.0952599 -0.0229812 0.151761
vn -0.0196835 -0.0160366 -0.000738964
v 0.0952599 -0.0229812 0.151761
vn 0.0196835 0.0160366 0.000738964
v 0.0983021 -0.0209353 0.153657
vn -0.0159645 0.0196408 0.00212993
v 0.0954026 -0.0234004 0.151246
vn -0.0159645 -0.0196408 0.00212993
v 0.0954026 -0.0234004 0.151246
vn 0.0159645 0.0196408 -0.00212993
v 0.0983021 -0.0209353 0.153657
vn 0.0159645 -0.0196408 -0.00212993
v 0.0821232 0.076469 0.0693038
vn 0.00337988 -0 -0.0251741
v 0.0821232 0.076469 0.0693038
vn -0.00337988 0 0.0251741
v 0.081757 0.076069 0.0688955
vn -0.0103594 -0.00586981 -0.0224363
v 0.0687591 0.166989 -0.00961811
vn -0.00856547 -0.0113396 -0.0210525
v 0.0815496 0.0756317 0.0684187
vn -0.00856547 -0.0113396 -0.0210525
v 0.0815496 0.0756317 0.0684187
vn 0.00856547 0.0113396 0.0210525
v 0.0687591 0.166989 -0.00961811
vn 0.00856547 0.0113396 0.0210525
v 0.081757 0.076069 0.0688955
vn 0.0103594 0.00586981 0.0224363
v 0.0687591 0.166989 -0.00961811
vn -0.00856547 -0.0113396 -0.0210525
v 0.0687591 0.166989 -0.00961811
vn 0.00856547 0.0113396 0.0210525
v 0.0710935 0.16856 -0.00816361
vn -0.00571173 0.0160366 -0.0188511
v 0.0710935 0.16856 -0.00816361
vn 0.00571173 -0.0160366 0.0188511
v 0.0734311 0.168025 -0.00917128
vn -0.0116335 -0.0219064 0.00547084
v 0.0862216 0.0766678 0.0688655
vn -0.0116335 -0.0219064 0.00547084
v 0.0729782 0.168316 -0.00875705
vn -0.0069859 -0.0226792 0.00905605
v 0.0737394 0.167658 -0.00965228
vn -0.0159645 -0.0196408 0.00212993
v 0.0865298 0.0763005 0.0683845
vn -0.0159645 -0.0196408 0.00212993
v 0.0734311 0.168025 -0.00917128
vn -0.0116335 -0.0219064 0.00547084
v 0.0729782 0.168316 -0.00875705
vn -0.0069859 -0.0226792 0.00905605
v 0.0857692 0.0769583 0.0692789
vn -0.0069859 -0.0226792 0.00905605
v 0.0724108 0.168508 -0.00843809
vn -0.00233825 -0.0219064 0.0126413
v 0.0738821 0.167238 -0.010166
vn -0.0196835 -0.0160366 -0.000738964
v 0.086672 0.075881 0.0678706
vn -0.0196835 -0.0160366 -0.000738964
v 0.0737394 0.167658 -0.00965228
vn -0.0159645 -0.0196408 0.00212993
v 0.0738487 0.166795 -0.0106802
vn 0.0225373 0.0113396 0.00294034
v 0.0738487 0.166795 -0.0106802
vn -0.0225373 -0.0113396 -0.00294034
v 0.0721747 0.165372 -0.012072
vn 0.0225373 -0.0113396 0.00294034
v 0.0721747 0.165372 -0.012072
vn -0.0225373 0.0113396 -0.00294034
v 0.0736412 0.166358 -0.0111571
vn 0.0243312 0.00586981 0.0043242
v 0.0727756 0.165622 -0.0118768
vn 0.0243312 -0.00586981 0.0043242
v 0.0727756 0.165622 -0.0118768
vn -0.0243312 0.00586981 -0.0043242
v 0.0736412 0.166358 -0.0111571
vn -0.0243312 -0.00586981 -0.0043242
v 0.0732757 0.165958 -0.0115648
vn 0.024943 0 0.0047962
v 0.0855655 0.0742649 0.0661598
vn 0.0243312 -0.00586981 0.0043242
v 0.0727756 0.165622 -0.0118768
vn 0.0243312 -0.00586981 0.0043242
v 0.0727756 0.165622 -0.0118768
vn -0.0243312 0.00586981 -0.0043242
v 0.0855655 0.0742649 0.0661598
vn -0.0243312 0.00586981 -0.0043242
v 0.0732757 0.165958 -0.0115648
vn -0.024943 0 -0.0047962
v 0.0860667 0.0746008 0.0664711
vn 0.0234914 -0 -0.00966
v 0.0860667 0.0746008 0.0664711
vn -0.0234914 0 0.00966
v 0.0860667 0.0746008 0.0664711
vn 0.0234914 -0 -0.00966
v 0.0860667 0.0746008 0.0664711
vn -0.0234914 0 0.00966
v 0.0856747 0.0741593 0.0661364
vn 0.0142507 -0.00586981 -0.0201897
v 0.161481 0.0820606 -0.0342917
vn 0.0139492 -0.0113396 -0.0179441
v 0.0853929 0.0735984 0.0658754
vn 0.0139492 -0.0113396 -0.0179441
v 0.0853929 0.0735984 0.0658754
vn -0.0139492 0.0113396 0.0179441
v 0.161481 0.0820606 -0.0342917
vn -0.0139492 0.0113396 0.0179441
v 0.0856747 0.0741593 0.0661364
vn -0.0142507 0.00586981 0.0201897
v 0.161481 0.0820606 -0.0342917
vn 0.0139492 -0.0113396 -0.0179441
v 0.161481 0.0820606 -0.0342917
vn -0.0139492 0.0113396 0.0179441
v 0.161329 0.0814205 -0.0344614
vn 0.0134697 -0.0160366 -0.014372
v 0.164216 0.0832103 -0.0321176
vn 0.0128446 0.0196408 -0.0097168
v 0.164216 0.0832103 -0.0321176
vn -0.0128446 -0.0196408 0.0097168
v 0.161329 0.0814205 -0.0344614
vn -0.0134697 0.0160366 0.014372
v 0.16544 0.0810408 -0.0313704
vn 0.00982681 0.0196408 0.0127607
v 0.16544 0.0810408 -0.0313704
vn -0.00982681 -0.0196408 -0.0127607
v 0.16254 0.0785756 -0.0337811
vn 0.00982681 -0.0196408 0.0127607
v 0.16254 0.0785756 -0.0337811
vn -0.00982681 0.0196408 -0.0127607
v 0.165428 0.0803654 -0.0314374
vn 0.0092018 0.0160366 0.0174159
v 0.16306 0.0783522 -0.0334061
vn 0.0092018 -0.0160366 0.0174159
v 0.16306 0.0783522 -0.0334061
vn -0.0092018 0.0160366 -0.0174159
v 0.165428 0.0803654 -0.0314374
vn -0.0092018 -0.0160366 -0.0174159
v 0.163601 0.0783021 -0.0329989
vn 0.0087222 -0.0113396 0.020988
v 0.0869719 0.06989 0.0667611
vn 0.0092018 -0.0160366 0.0174159
v 0.16306 0.0783522 -0.0334061
vn 0.0092018 -0.0160366 0.0174159
v 0.16306 0.0783522 -0.0334061
vn -0.0092018 0.0160366 -0.0174159
v 0.0869719 0.06989 0.0667611
vn -0.0092018 0.0160366 -0.0174159
v 0.163601 0.0783021 -0.0329989
vn -0.0087222 0.0113396 -0.020988
v 0.087513 0.0698397 0.067169
vn 0.0087222 -0.0113396 0.020988
v 0.087513 0.0698397 0.067169
vn -0.0087222 0.0113396 -0.020988
v 0.08804 0.0699672 0.0675783
vn 0.00842074 -0.00586981 0.0232335
v 0.08804 0.0699672 0.0675783
vn -0.00842074 0.00586981 -0.0232335
v 0.080221 0.0736702 0.0731959
vn -0.0246101 -0.00586981 -0.00224666
v 0.080221 0.0736702 0.0731959
vn 0.0246101 0.00586981 0.00224666
v -0.00582127 0.156697 0.0906076
vn -0.0225147 -0.0113396 -0.00310833
v 0.0796631 0.0733514 0.0720121
vn -0.0191814 -0.0160366 -0.00447904
v 0.0798913 0.0734501 0.072644
vn -0.0225147 -0.0113396 -0.00310833
v 0.0798913 0.0734501 0.072644
vn 0.0225147 0.0113396 0.00310833
v 0.0796631 0.0733514 0.0720121
vn 0.0191814 0.0160366 0.00447904
v -0.00582127 0.156697 0.0906076
vn 0.0225147 0.0113396 0.00310833
v -0.00605 0.156599 0.0899755
vn -0.0191814 -0.0160366 -0.00447904
v -0.00605 0.156599 0.0899755
vn 0.0191814 0.0160366 0.00447904
v -0.00541406 0.157865 0.0871442
vn 0.00613766 -0.0196408 -0.0148906
v -0.00605 0.156599 0.0899755
vn -0.0191814 -0.0160366 -0.00447904
v -0.00605 0.156599 0.0899755
vn 0.0191814 0.0160366 0.00447904
v -0.00541406 0.157865 0.0871442
vn -0.00613766 0.0196408 0.0148906
v 0.0806283 0.0739959 0.0736306
vn -0.0201115 0 -0.0155141
v 0.0806283 0.0739959 0.0736306
vn 0.0201115 0 0.0155141
v 0.079955 0.0729937 0.0730341
vn -0.0087222 -0.0113396 -0.020988
v 0.00731423 0.0654443 0.169295
vn -0.00842074 -0.00586981 -0.0232335
v 0.0802369 0.0735545 0.0732951
vn -0.00842074 -0.00586981 -0.0232335
v 0.0802369 0.0735545 0.0732951
vn 0.00842074 0.00586981 0.0232335
v 0.00731423 0.0654443 0.169295
vn 0.00842074 0.00586981 0.0232335
v 0.079955 0.0729937 0.0730341
vn 0.0087222 0.0113396 0.020988
v 0.00703238 0.0648834 0.169034
vn -0.0087222 -0.0113396 -0.020988
v 0.00703238 0.0648834 0.169034
vn 0.0087222 0.0113396 0.020988
v 0.00870639 0.0663066 0.170426
vn -0.0087222 0.0113396 -0.020988
v 0.00703238 0.0648834 0.169034
vn -0.0087222 -0.0113396 -0.020988
v 0.00703238 0.0648834 0.169034
vn 0.0087222 0.0113396 0.020988
v 0.00870639 0.0663066 0.170426
vn 0.0087222 -0.0113396 0.020988
v 0.00976726 0.0660339 0.171208
vn -0.00982681 0.0196408 -0.0127607
v 0.00976726 0.0660339 0.171208
vn 0.00982681 -0.0196408 0.0127607
v 0.0826022 0.0693615 0.0747379
vn -0.0142507 -0.00586981 0.0201897
v 0.0826022 0.0693615 0.0747379
vn 0.0142507 0.00586981 -0.0201897
v 0.0820757 0.0692351 0.0743269
vn -0.0139492 -0.0113396 0.0179441
v 0.00861142 0.061175 0.16992
vn -0.0134697 -0.0160366 0.014372
v 0.0815335 0.0692851 0.0739206
vn -0.0134697 -0.0160366 0.014372
v 0.0815335 0.0692851 0.0739206
vn 0.0134697 0.0160366 -0.014372
v 0.00861142 0.061175 0.16992
vn 0.0134697 0.0160366 -0.014372
v 0.0820757 0.0692351 0.0743269
vn 0.0139492 0.0113396 -0.0179441
v 0.00861142 0.061175 0.16992
vn -0.0134697 -0.0160366 0.014372
v 0.00861142 0.061175 0.16992
vn 0.0134697 0.0160366 -0.014372
v 0.0108638 0.0645287 0.171914
vn -0.0121168 0.0219064 0.00429566
v 0.00809218 0.0613986 0.169544
vn -0.0128446 -0.0196408 0.0097168
v 0.00809218 0.0613986 0.169544
vn 0.0128446 0.0196408 -0.0097168
v 0.0108638 0.0645287 0.171914
vn 0.0121168 -0.0219064 -0.00429566
v 0.0816647 0.0760584 0.0690175
vn 0.0159105 -0.00586981 -0.0189093
v 0.0816647 0.0760584 0.0690175
vn -0.0159105 0.00586981 0.0189093
v -0.00499258 0.158347 0.0869157
vn 0.0104817 -0.0160366 -0.016677
v 0.0811856 0.0755909 0.0688981
vn 0.0138151 -0.0113396 -0.0180477
v 0.08072 0.0750998 0.0689531
vn 0.0104817 -0.0160366 -0.016677
v 0.08072 0.0750998 0.0689531
vn -0.0104817 0.0160366 0.016677
v 0.0811856 0.0755909 0.0688981
vn -0.0138151 0.0113396 0.0180477
v -0.00499258 0.158347 0.0869157
vn -0.0104817 0.0160366 0.016677
v -0.00499258 0.158347 0.0869157
vn 0.0104817 -0.0160366 -0.016677
v -0.00499258 0.158347 0.0869157
vn -0.0104817 0.0160366 0.016677
v 0.0880564 0.0698508 0.0676777
vn 0.0246101 -0.00586981 0.00224666
v 0.0880564 0.0698508 0.0676777
vn -0.0246101 0.00586981 -0.00224666
v 0.175111 -0.0156324 0.0492135
vn 0.0225147 -0.0113396 0.00310833
v 0.0871111 0.068892 0.0676142
vn 0.0191814 -0.0160366 0.00447904
v 0.0875773 0.0693834 0.0675583
vn 0.0225147 -0.0113396 0.00310833
v 0.0875773 0.0693834 0.0675583
vn -0.0225147 0.0113396 -0.00310833
v 0.0871111 0.068892 0.0676142
vn -0.0191814 0.0160366 -0.00447904
v 0.175111 -0.0156324 0.0492135
vn -0.0225147 0.0113396 -0.00310833
v 0.174646 -0.0161236 0.0492685
vn 0.0191814 -0.0160366 0.00447904
v 0.174646 -0.0161236 0.0492685
vn -0.0191814 0.0160366 -0.00447904
v 0.173491 -0.0176864 0.0509981
vn -0.00107891 -0.0219064 0.0128104
v 0.173878 -0.0170464 0.0498778
vn 0.00977857 -0.0219064 0.00834562
v 0.174225 -0.0166057 0.0494953
vn 0.0148373 -0.0196408 0.00626539
v 0.174225 -0.0166057 0.0494953
vn -0.0148373 0.0196408 -0.00626539
v 0.173878 -0.0170464 0.0498778
vn -0.00977857 0.0219064 -0.00834562
v 0.173491 -0.0176864 0.0509981
vn 0.00107891 0.0219064 -0.0128104
v 0.173628 -0.0174146 0.0503908
vn 0.00434983 -0.0226792 0.010578
v 0.173628 -0.0174146 0.0503908
vn -0.00434983 0.0226792 -0.010578
v 0.086283 0.0672426 0.0713042
vn -0.0138151 -0.0113396 0.0180477
v 0.086283 0.0672426 0.0713042
vn 0.0138151 0.0113396 -0.0180477
v 0.0859436 0.067174 0.0700035
vn -0.00613766 -0.0196408 0.0148906
v 0.173589 -0.0178719 0.0523274
vn -0.0104817 -0.0160366 0.016677
v 0.0860548 0.0671439 0.0706723
vn -0.0104817 -0.0160366 0.016677
v 0.0860548 0.0671439 0.0706723
vn 0.0104817 0.0160366 -0.016677
v 0.173589 -0.0178719 0.0523274
vn 0.0104817 0.0160366 -0.016677
v 0.0859436 0.067174 0.0700035
vn 0.00613766 0.0196408 -0.0148906
v 0.173477 -0.0178418 0.0516586
vn -0.00613766 -0.0196408 0.0148906
v 0.173477 -0.0178418 0.0516586
vn 0.00613766 0.0196408 -0.0148906
v 0.173477 -0.0178418 0.0516586
vn -0.00613766 -0.0196408 0.0148906
v 0.173477 -0.0178418 0.0516586
vn 0.00613766 0.0196408 -0.0148906
v 0.0865193 0.0674516 0.0719797
vn 0.0103594 -0.00586981 0.0224363
v 0.0865193 0.0674516 0.0719797
vn -0.0103594 0.00586981 -0.0224363
v 0.0859184 0.0672016 0.0717844
vn 0.00856547 -0.0113396 0.0210525
v 0.0980485 -0.0243019 0.149758
vn 0.00571173 -0.0160366 0.0188511
v 0.0852581 0.0670556 0.0717208
vn 0.00571173 -0.0160366 0.0188511
v 0.0852581 0.0670556 0.0717208
vn -0.00571173 0.0160366 -0.0188511
v 0.0980485 -0.0243019 0.149758
vn -0.00571173 0.0160366 -0.0188511
v 0.0859184 0.0672016 0.0717844
vn -0.00856547 0.0113396 -0.0210525
v 0.100274 -0.0218693 0.15224
vn 0.00199268 0.0196408 0.0159822
v 0.0980485 -0.0243019 0.149758
vn 0.00571173 -0.0160366 0.0188511
v 0.0980485 -0.0243019 0.149758
vn -0.00571173 0.0160366 -0.0188511
v 0.100274 -0.0218693 0.15224
vn -0.00199268 -0.0196408 -0.0159822
v 0.0830765 0.0696565 0.0751235
vn -0.0234914 0 0.00966
v 0.0830765 0.0696565 0.0751235
vn 0.0234914 -0 -0.00966
v 0.0825034 0.0688194 0.0742375
vn -0.0225373 -0.0113396 -0.00294034
v 0.0955008 -0.022101 0.152752
vn -0.0243312 -0.00586981 -0.0043242
v 0.0827109 0.0692557 0.0747154
vn -0.0243312 -0.00586981 -0.0043242
v 0.0827109 0.0692557 0.0747154
vn 0.0243312 0.00586981 0.0043242
v 0.0955008 -0.022101 0.152752
vn 0.0243312 0.00586981 0.0043242
v 0.0825034 0.0688194 0.0742375
vn 0.0225373 0.0113396 0.00294034
v 0.0952599 -0.0229812 0.151761
vn -0.0196835 -0.0160366 -0.000738964
v 0.0952599 -0.0229812 0.151761
vn 0.0196835 0.0160366 0.000738964
v 0.0952939 -0.0225381 0.152274
vn -0.0225373 -0.0113396 -0.00294034
v 0.0952939 -0.0225381 0.152274
vn 0.0225373 0.0113396 0.00294034
v 0.0976277 -0.020968 0.15373
vn -0.0196835 0.0160366 -0.000738964
v 0.0952599 -0.0229812 0.151761
vn -0.0196835 -0.0160366 -0.000738964
v 0.0952599 -0.0229812 0.151761
vn 0.0196835 0.0160366 0.000738964
v 0.0976277 -0.020968 0.15373
vn 0.0196835 -0.0160366 0.000738964
v 0.0821232 0.076469 0.0693038
vn 0.00337988 -0 -0.0251741
v 0.0821232 0.076469 0.0693038
vn -0.00337988 0 0.0251741
v 0.0821232 0.076469 0.0693038
vn 0.00337988 -0 -0.0251741
v 0.0689666 0.167426 -0.00914123
vn -0.0103594 -0.00586981 -0.0224363
v 0.081757 0.076069 0.0688955
vn -0.0103594 -0.00586981 -0.0224363
v 0.081757 0.076069 0.0688955
vn 0.0103594 0.00586981 0.0224363
v 0.0689666 0.167426 -0.00914123
vn 0.0103594 0.00586981 0.0224363
v 0.0821232 0.076469 0.0693038
vn -0.00337988 0 0.0251741
v 0.0689666 0.167426 -0.00914123
vn -0.0103594 -0.00586981 -0.0224363
v 0.0689666 0.167426 -0.00914123
vn 0.0103594 0.00586981 0.0224363
v 0.0687591 0.166989 -0.00961811
vn -0.00856547 -0.0113396 -0.0210525
v 0.0687591 0.166989 -0.00961811
vn 0.00856547 0.0113396 0.0210525
v 0.0724108 0.168508 -0.00843809
vn -0.00233825 -0.0219064 0.0126413
v 0.0852012 0.0771509 0.0695987
vn -0.00233825 -0.0219064 0.0126413
v 0.0717679 0.168591 -0.00823534
vn 0.00199268 -0.0196408 0.0159822
v 0.0717679 0.168591 -0.00823534
vn 0.00199268 -0.0196408 0.0159822
v 0.0845583 0.0772347 0.0698004
vn 0.00199268 -0.0196408 0.0159822
v 0.0710935 0.16856 -0.00816361
vn 0.00571173 -0.0160366 0.0188511
v 0.0857692 0.0769583 0.0692789
vn -0.0069859 -0.0226792 0.00905605
v 0.0862216 0.0766678 0.0688655
vn -0.0116335 -0.0219064 0.00547084
v 0.0865298 0.0763005 0.0683845
vn -0.0159645 -0.0196408 0.00212993
v 0.0852012 0.0771509 0.0695987
vn -0.00233825 -0.0219064 0.0126413
v 0.086672 0.075881 0.0678706
vn -0.0196835 -0.0160366 -0.000738964
v 0.0738821 0.167238 -0.010166
vn -0.0196835 -0.0160366 -0.000738964
v 0.0866391 0.0754374 0.0673566
vn -0.0225373 -0.0113396 -0.00294034
v 0.0738487 0.166795 -0.0106802
vn -0.0225373 -0.0113396 -0.00294034
v 0.0732757 0.165958 -0.0115648
vn 0.024943 0 0.0047962
v 0.0732757 0.165958 -0.0115648
vn -0.024943 0 -0.0047962
v 0.0732757 0.165958 -0.0115648
vn -0.024943 0 -0.0047962
v 0.0860667 0.0746008 0.0664711
vn -0.0234914 0 0.00966
v 0.0736412 0.166358 -0.0111571
vn -0.0243312 -0.00586981 -0.0043242
v 0.0860667 0.0746008 0.0664711
vn 0.0234914 -0 -0.00966
v 0.161763 0.0826207 -0.0340305
vn 0.0142507 -0.00586981 -0.0201897
v 0.0856747 0.0741593 0.0661364
vn 0.0142507 -0.00586981 -0.0201897
v 0.0856747 0.0741593 0.0661364
vn -0.0142507 0.00586981 0.0201897
v 0.161763 0.0826207 -0.0340305
vn -0.0142507 0.00586981 0.0201897
v 0.0860667 0.0746008 0.0664711
vn -0.0234914 0 0.00966
v 0.161763 0.0826207 -0.0340305
vn 0.0142507 -0.00586981 -0.0201897
v 0.161763 0.0826207 -0.0340305
vn -0.0142507 0.00586981 0.0201897
v 0.161481 0.0820606 -0.0342917
vn 0.0139492 -0.0113396 -0.0179441
v 0.163696 0.0834337 -0.0324927
vn 0.0134697 0.0160366 -0.014372
v 0.163696 0.0834337 -0.0324927
vn -0.0134697 -0.0160366 0.014372
v 0.161481 0.0820606 -0.0342917
vn -0.0139492 0.0113396 0.0179441
v 0.164216 0.0832103 -0.0321176
vn -0.0128446 -0.0196408 0.0097168
v 0.164678 0.0828297 -0.0317981
vn -0.0121168 -0.0219064 0.00429566
v 0.0881283 0.074748 0.0680495
vn -0.0128446 -0.0196408 0.0097168
v 0.164678 0.0828297 -0.0317981
vn -0.0121168 -0.0219064 0.00429566
v 0.165053 0.0823162 -0.0315576
vn -0.0113357 -0.0226792 -0.00152193
v 0.0885902 0.0743675 0.068369
vn -0.0121168 -0.0219064 0.00429566
v 0.165053 0.0823162 -0.0315576
vn -0.0113357 -0.0226792 -0.00152193
v 0.165312 0.0817059 -0.0314117
vn -0.0105547 -0.0219064 -0.00733953
v 0.0889645 0.0738548 0.0686093
vn -0.0113357 -0.0226792 -0.00152193
v 0.165312 0.0817059 -0.0314117
vn -0.0105547 -0.0219064 -0.00733953
v 0.16544 0.0810408 -0.0313704
vn -0.00982681 -0.0196408 -0.0127607
v 0.0892238 0.0732435 0.0687562
vn -0.0105547 -0.0219064 -0.00733953
v 0.165276 0.0797253 -0.0316071
vn 0.0087222 0.0113396 0.020988
v 0.165276 0.0797253 -0.0316071
vn -0.0087222 -0.0113396 -0.020988
v 0.163601 0.0783021 -0.0329989
vn 0.0087222 -0.0113396 0.020988
v 0.163601 0.0783021 -0.0329989
vn -0.0087222 0.0113396 -0.020988
v 0.164128 0.0784285 -0.0325879
vn 0.00842074 -0.00586981 0.0232335
v 0.087513 0.0698397 0.067169
vn 0.0087222 -0.0113396 0.020988
v 0.163601 0.0783021 -0.0329989
vn 0.0087222 -0.0113396 0.020988
v 0.163601 0.0783021 -0.0329989
vn -0.0087222 0.0113396 -0.020988
v 0.087513 0.0698397 0.067169
vn -0.0087222 0.0113396 -0.020988
v 0.164128 0.0784285 -0.0325879
vn -0.00842074 0.00586981 -0.0232335
v 0.08804 0.0699672 0.0675783
vn 0.00842074 -0.00586981 0.0232335
v 0.08804 0.0699672 0.0675783
vn -0.00842074 0.00586981 -0.0232335
v 0.0885143 0.0702612 0.0679649
vn 0.0201115 0 0.0155141
v 0.0885143 0.0702612 0.0679649
vn -0.0201115 0 -0.0155141
v 0.0806283 0.0739959 0.0736306
vn -0.0201115 0 -0.0155141
v 0.0806283 0.0739959 0.0736306
vn 0.0201115 0 0.0155141
v -0.00549203 0.156917 0.0911593
vn -0.0246101 -0.00586981 -0.00224666
v 0.0798913 0.0734501 0.072644
vn -0.0225147 -0.0113396 -0.00310833
v 0.080221 0.0736702 0.0731959
vn -0.0246101 -0.00586981 -0.00224666
v 0.080221 0.0736702 0.0731959
vn 0.0246101 0.00586981 0.00224666
v 0.0798913 0.0734501 0.072644
vn 0.0225147 0.0113396 0.00310833
v -0.00549203 0.156917 0.0911593
vn 0.0246101 0.00586981 0.00224666
v -0.00582127 0.156697 0.0906076
vn -0.0225147 -0.0113396 -0.00310833
v -0.00582127 0.156697 0.0906076
vn 0.0225147 0.0113396 0.00310833
v -0.00499258 0.158347 0.0869157
vn 0.0104817 -0.0160366 -0.016677
v -0.00582127 0.156697 0.0906076
vn -0.0225147 -0.0113396 -0.00310833
v -0.00582127 0.156697 0.0906076
vn 0.0225147 0.0113396 0.00310833
v -0.00499258 0.158347 0.0869157
vn -0.0104817 0.0160366 0.016677
v 0.0802369 0.0735545 0.0732951
vn -0.00842074 -0.00586981 -0.0232335
v 0.00770569 0.0658866 0.16963
vn -0.00831791 0 -0.0239994
v 0.0806283 0.0739959 0.0736306
vn -0.0201115 0 -0.0155141
v 0.0806283 0.0739959 0.0736306
vn 0.0201115 0 0.0155141
v 0.00770569 0.0658866 0.16963
vn 0.00831791 0 0.0239994
v 0.0802369 0.0735545 0.0732951
vn 0.00842074 0.00586981 0.0232335
v 0.00731423 0.0654443 0.169295
vn -0.00842074 -0.00586981 -0.0232335
v 0.00731423 0.0654443 0.169295
vn 0.00842074 0.00586981 0.0232335
v 0.00817988 0.0661802 0.170015
vn -0.00842074 0.00586981 -0.0232335
v 0.00731423 0.0654443 0.169295
vn -0.00842074 -0.00586981 -0.0232335
v 0.00731423 0.0654443 0.169295
vn 0.00842074 0.00586981 0.0232335
v 0.00817988 0.0661802 0.170015
vn 0.00842074 -0.00586981 0.0232335
v 0.0102297 0.0656524 0.171528
vn 0.0105547 -0.0219064 0.00733953
v 0.00976726 0.0660339 0.171208
vn 0.00982681 -0.0196408 0.0127607
v 0.0831524 0.0737627 0.0755276
vn 0.0105547 -0.0219064 0.00733953
v 0.00870639 0.0663066 0.170426
vn 0.0087222 -0.0113396 0.020988
v 0.081629 0.0744169 0.0744259
vn 0.0087222 -0.0113396 0.020988
v 0.00924802 0.0662574 0.170832
vn 0.0092018 -0.0160366 0.0174159
v 0.00976726 0.0660339 0.171208
vn 0.00982681 -0.0196408 0.0127607
v 0.00924802 0.0662574 0.170832
vn 0.0092018 -0.0160366 0.0174159
v 0.0826899 0.0741431 0.075209
vn 0.00982681 -0.0196408 0.0127607
v 0.0106041 0.0651398 0.171768
vn 0.0113357 -0.0226792 0.00152193
v 0.0102297 0.0656524 0.171528
vn 0.0105547 -0.0219064 0.00733953
v 0.0835262 0.0732499 0.0757688
vn 0.0113357 -0.0226792 0.00152193
v 0.0830765 0.0696565 0.0751235
vn -0.0234914 0 0.00966
v 0.0830765 0.0696565 0.0751235
vn 0.0234914 -0 -0.00966
v 0.0826022 0.0693615 0.0747379
vn -0.0142507 -0.00586981 0.0201897
v 0.00915306 0.0611248 0.170327
vn -0.0139492 -0.0113396 0.0179441
v 0.0820757 0.0692351 0.0743269
vn -0.0139492 -0.0113396 0.0179441
v 0.0820757 0.0692351 0.0743269
vn 0.0139492 0.0113396 -0.0179441
v 0.00915306 0.0611248 0.170327
vn 0.0139492 0.0113396 -0.0179441
v 0.0826022 0.0693615 0.0747379
vn 0.0142507 0.00586981 -0.0201897
v 0.00915306 0.0611248 0.170327
vn -0.0139492 -0.0113396 0.0179441
v 0.00915306 0.0611248 0.170327
vn 0.0139492 0.0113396 -0.0179441
v 0.0109916 0.0638637 0.171955
vn -0.0128446 0.0196408 0.0097168
v 0.00861142 0.061175 0.16992
vn -0.0134697 -0.0160366 0.014372
v 0.00861142 0.061175 0.16992
vn 0.0134697 0.0160366 -0.014372
v 0.0109916 0.0638637 0.171955
vn 0.0128446 -0.0196408 -0.0097168
v 0.0108638 0.0645287 0.171914
vn 0.0121168 -0.0219064 -0.00429566
v 0.0106041 0.0651398 0.171768
vn 0.0113357 -0.0226792 0.00152193
v 0.0837865 0.072639 0.0759141
vn 0.0121168 -0.0219064 -0.00429566
v -0.00452695 0.158838 0.0868607
vn 0.0138151 -0.0113396 -0.0180477
v 0.0816647 0.0760584 0.0690175
vn 0.0159105 -0.00586981 -0.0189093
v 0.0811856 0.0755909 0.0688981
vn 0.0138151 -0.0113396 -0.0180477
v 0.0811856 0.0755909 0.0688981
vn -0.0138151 0.0113396 0.0180477
v 0.0816647 0.0760584 0.0690175
vn -0.0159105 0.00586981 0.0189093
v -0.00452695 0.158838 0.0868607
vn -0.0138151 0.0113396 0.0180477
v -0.00452695 0.158838 0.0868607
vn 0.0138151 -0.0113396 -0.0180477
v -0.00452695 0.158838 0.0868607
vn -0.0138151 0.0113396 0.0180477
v 0.0885143 0.0702612 0.0679649
vn 0.0201115 0 0.0155141
v 0.0885143 0.0702612 0.0679649
vn -0.0201115 0 -0.0155141
v 0.17559 -0.015165 0.0493328
vn 0.0246101 -0.00586981 0.00224666
v 0.0875773 0.0693834 0.0675583
vn 0.0225147 -0.0113396 0.00310833
v 0.0880564 0.0698508 0.0676777
vn 0.0246101 -0.00586981 0.00224666
v 0.0880564 0.0698508 0.0676777
vn -0.0246101 0.00586981 -0.00224666
v 0.0875773 0.0693834 0.0675583
vn -0.0225147 0.0113396 -0.00310833
v 0.17559 -0.015165 0.0493328
vn -0.0246101 0.00586981 -0.00224666
v 0.174646 -0.0161236 0.0492685
vn 0.0191814 -0.0160366 0.00447904
v 0.174646 -0.0161236 0.0492685
vn -0.0191814 0.0160366 -0.00447904
v 0.175111 -0.0156324 0.0492135
vn 0.0225147 -0.0113396 0.00310833
v 0.175111 -0.0156324 0.0492135
vn -0.0225147 0.0113396 -0.00310833
v 0.174646 -0.0161236 0.0492685
vn 0.0191814 -0.0160366 0.00447904
v 0.174646 -0.0161236 0.0492685
vn -0.0191814 0.0160366 -0.00447904
v 0.0866128 0.0674626 0.0718561
vn -0.0159105 -0.00586981 0.0189093
v 0.0866128 0.0674626 0.0718561
vn 0.0159105 0.00586981 -0.0189093
v 0.173589 -0.0178719 0.0523274
vn -0.0104817 -0.0160366 0.016677
v 0.086283 0.0672426 0.0713042
vn -0.0138151 -0.0113396 0.0180477
v 0.0860548 0.0671439 0.0706723
vn -0.0104817 -0.0160366 0.016677
v 0.0860548 0.0671439 0.0706723
vn 0.0104817 0.0160366 -0.016677
v 0.086283 0.0672426 0.0713042
vn 0.0138151 0.0113396 -0.0180477
v 0.173589 -0.0178719 0.0523274
vn 0.0104817 0.0160366 -0.016677
v 0.173589 -0.0178719 0.0523274
vn -0.0104817 -0.0160366 0.016677
v 0.173589 -0.0178719 0.0523274
vn 0.0104817 0.0160366 -0.016677
v 0.0983021 -0.0209353 0.153657
vn 0.0159645 -0.0196408 -0.00212993
v 0.0855122 0.0704214 0.0756203
vn 0.0159645 -0.0196408 -0.00212993
v 0.0989455 -0.0210189 0.153454
vn 0.0116335 -0.0219064 -0.00547084
v 0.0989455 -0.0210189 0.153454
vn 0.0116335 -0.0219064 -0.00547084
v 0.0861551 0.0703386 0.0754176
vn 0.0116335 -0.0219064 -0.00547084
v 0.099513 -0.0212118 0.153135
vn 0.0069859 -0.0226792 -0.00905605
v 0.099513 -0.0212118 0.153135
vn 0.0069859 -0.0226792 -0.00905605
v 0.0867226 0.0701458 0.0750986
vn 0.0069859 -0.0226792 -0.00905605
v 0.0999659 -0.021502 0.152721
vn 0.00233825 -0.0219064 -0.0126413
v 0.08702 0.0677883 0.0722908
vn -0.00337988 0 0.0251741
v 0.08702 0.0677883 0.0722908
vn 0.00337988 -0 -0.0251741
v 0.0865193 0.0674516 0.0719797
vn 0.0103594 -0.00586981 0.0224363
v 0.0987089 -0.0241559 0.149821
vn 0.00856547 -0.0113396 0.0210525
v 0.0859184 0.0672016 0.0717844
vn 0.00856547 -0.0113396 0.0210525
v 0.0859184 0.0672016 0.0717844
vn -0.00856547 0.0113396 -0.0210525
v 0.0987089 -0.0241559 0.149821
vn -0.00856547 0.0113396 -0.0210525
v 0.0865193 0.0674516 0.0719797
vn -0.0103594 0.00586981 -0.0224363
v 0.0987089 -0.0241559 0.149821
vn 0.00856547 -0.0113396 0.0210525
v 0.0987089 -0.0241559 0.149821
vn -0.00856547 0.0113396 -0.0210525
v 0.100416 -0.0222888 0.151726
vn 0.00571173 0.0160366 0.0188511
v 0.100416 -0.0222888 0.151726
vn -0.00571173 -0.0160366 -0.0188511
v 0.0999659 -0.021502 0.152721
vn 0.00233825 -0.0219064 -0.0126413
v 0.0871754 0.0698555 0.0746844
vn 0.00233825 -0.0219064 -0.0126413
v 0.100274 -0.0218693 0.15224
vn -0.00199268 -0.0196408 -0.0159822
v 0.0827109 0.0692557 0.0747154
vn -0.0243312 -0.00586981 -0.0043242
v 0.0958675 -0.0217008 0.153159
vn -0.024943 0 -0.0047962
v 0.0830765 0.0696565 0.0751235
vn -0.0234914 0 0.00966
v 0.0830765 0.0696565 0.0751235
vn 0.0234914 -0 -0.00966
v 0.0958675 -0.0217008 0.153159
vn 0.024943 0 0.0047962
v 0.0827109 0.0692557 0.0747154
vn 0.0243312 0.00586981 0.0043242
v 0.0955008 -0.022101 0.152752
vn -0.0243312 -0.00586981 -0.0043242
v 0.0955008 -0.022101 0.152752
vn 0.0243312 0.00586981 0.0043242
v 0.0952939 -0.0225381 0.152274
vn -0.0225373 -0.0113396 -0.00294034
v 0.0952939 -0.0225381 0.152274
vn 0.0225373 0.0113396 0.00294034
v 0.0969679 -0.0211149 0.153666
vn -0.0225373 0.0113396 -0.00294034
v 0.0955008 -0.022101 0.152752
vn -0.0243312 -0.00586981 -0.0043242
v 0.0955008 -0.022101 0.152752
vn 0.0243312 0.00586981 0.0043242
v 0.0969679 -0.0211149 0.153666
vn 0.0225373 -0.0113396 0.00294034
v 0.0976277 -0.020968 0.15373
vn 0.0196835 -0.0160366 0.000738964
v 0.0848378 0.0703887 0.0756931
vn 0.0196835 -0.0160366 0.000738964
v 0.0983021 -0.0209353 0.153657
vn 0.0159645 -0.0196408 -0.00212993
v -0.00404893 0.159306 0.0869807
vn 0.0159105 -0.00586981 -0.0189093
v 0.0821232 0.076469 0.0693038
vn 0.00337988 -0 -0.0251741
v 0.0816647 0.0760584 0.0690175
vn 0.0159105 -0.00586981 -0.0189093
v 0.0816647 0.0760584 0.0690175
vn -0.0159105 0.00586981 0.0189093
v 0.0821232 0.076469 0.0693038
vn -0.00337988 0 0.0251741
v -0.00404893 0.159306 0.0869807
vn -0.0159105 0.00586981 0.0189093
v 0.0693333 0.167826 -0.00873277
vn -0.0109713 0 -0.0229083
v 0.0693333 0.167826 -0.00873277
vn 0.0109713 0 0.0229083
v 0.0689666 0.167426 -0.00914123
vn -0.0103594 -0.00586981 -0.0224363
v 0.0704331 0.168412 -0.00822627
vn -0.00856547 0.0113396 -0.0210525
v 0.0704331 0.168412 -0.00822627
vn 0.00856547 -0.0113396 0.0210525
v 0.0689666 0.167426 -0.00914123
vn 0.0103594 0.00586981 0.0224363
v 0.0845583 0.0772347 0.0698004
vn 0.00199268 -0.0196408 0.0159822
v 0.0838839 0.077202 0.0698732
vn 0.00571173 -0.0160366 0.0188511
v 0.0857692 0.0769583 0.0692789
vn 0.0069859 0.0226792 -0.00905605
v 0.0881423 0.0763655 0.0681969
vn 0.0203441 0.0127 -0.0083658
v 0.0862216 0.0766678 0.0688655
vn 0.0116335 0.0219064 -0.00547084
v 0.0862216 0.0766678 0.0688655
vn -0.0116335 -0.0219064 0.00547084
v 0.0881423 0.0763655 0.0681969
vn -0.0203441 -0.0127 0.0083658
v 0.0857692 0.0769583 0.0692789
vn -0.0069859 -0.0226792 0.00905605
v 0.0865298 0.0763005 0.0683845
vn 0.0159645 0.0196408 -0.00212993
v 0.0865298 0.0763005 0.0683845
vn -0.0159645 -0.0196408 0.00212993
v 0.086672 0.075881 0.0678706
vn 0.0196835 0.0160366 0.000738964
v 0.086672 0.075881 0.0678706
vn -0.0196835 -0.0160366 -0.000738964
v 0.0852012 0.0771509 0.0695987
vn 0.00233825 0.0219064 -0.0126413
v 0.0861708 0.0772997 0.0696128
vn 0.0109701 0.0179605 -0.014221
v 0.0861708 0.0772997 0.0696128
vn -0.0109701 -0.0179605 0.014221
v 0.0852012 0.0771509 0.0695987
vn -0.00233825 -0.0219064 0.0126413
v 0.0866391 0.0754374 0.0673566
vn 0.0225373 0.0113396 0.00294034
v 0.0866391 0.0754374 0.0673566
vn -0.0225373 -0.0113396 -0.00294034
v 0.0866391 0.0754374 0.0673566
vn -0.0225373 -0.0113396 -0.00294034
v 0.0738487 0.166795 -0.0106802
vn -0.0225373 -0.0113396 -0.00294034
v 0.0864311 0.0750009 0.0668795
vn -0.0243312 -0.00586981 -0.0043242
v 0.0736412 0.166358 -0.0111571
vn -0.0243312 -0.00586981 -0.0043242
v 0.0864311 0.0750009 0.0668795
vn -0.0243312 -0.00586981 -0.0043242
v 0.162155 0.083063 -0.033696
vn 0.0143535 0 -0.0209556
v 0.162155 0.083063 -0.033696
vn -0.0143535 0 0.0209556
v 0.161763 0.0826207 -0.0340305
vn 0.0142507 -0.00586981 -0.0201897
v 0.163155 0.0834838 -0.0328999
vn 0.0139492 0.0113396 -0.0179441
v 0.163155 0.0834838 -0.0328999
vn -0.0139492 -0.0113396 0.0179441
v 0.161763 0.0826207 -0.0340305
vn -0.0142507 0.00586981 0.0201897
v 0.163696 0.0834337 -0.0324927
vn -0.0134697 -0.0160366 0.014372
v 0.164216 0.0832103 -0.0321176
vn -0.0128446 -0.0196408 0.0097168
v 0.0876085 0.0749714 0.0676744
vn -0.0134697 -0.0160366 0.014372
v 0.0885902 0.0743675 0.068369
vn -0.0121168 -0.0219064 0.00429566
v 0.0881283 0.074748 0.0680495
vn -0.0128446 -0.0196408 0.0097168
v 0.0889645 0.0738548 0.0686093
vn -0.0113357 -0.0226792 -0.00152193
v 0.0892238 0.0732435 0.0687562
vn -0.0105547 -0.0219064 -0.00733953
v 0.0893516 0.0725786 0.0687967
vn -0.00982681 -0.0196408 -0.0127607
v 0.16544 0.0810408 -0.0313704
vn -0.00982681 -0.0196408 -0.0127607
v 0.165428 0.0803654 -0.0314374
vn -0.0092018 -0.0160366 -0.0174159
v 0.0893516 0.0725786 0.0687967
vn -0.00982681 -0.0196408 -0.0127607
v 0.165276 0.0797253 -0.0316071
vn -0.0087222 -0.0113396 -0.020988
v 0.089187 0.0712629 0.0685608
vn -0.0087222 -0.0113396 -0.020988
v 0.165428 0.0803654 -0.0314374
vn -0.0092018 -0.0160366 -0.0174159
v 0.164994 0.0791644 -0.0318681
vn 0.00842074 0.00586981 0.0232335
v 0.164994 0.0791644 -0.0318681
vn -0.00842074 -0.00586981 -0.0232335
v 0.164128 0.0784285 -0.0325879
vn 0.00842074 -0.00586981 0.0232335
v 0.164128 0.0784285 -0.0325879
vn -0.00842074 0.00586981 -0.0232335
v 0.164602 0.0787234 -0.0322023
vn 0.00831791 0 0.0239994
v 0.08804 0.0699672 0.0675783
vn 0.00842074 -0.00586981 0.0232335
v 0.164128 0.0784285 -0.0325879
vn 0.00842074 -0.00586981 0.0232335
v 0.164128 0.0784285 -0.0325879
vn -0.00842074 0.00586981 -0.0232335
v 0.08804 0.0699672 0.0675783
vn -0.00842074 0.00586981 -0.0232335
v 0.164602 0.0787234 -0.0322023
vn -0.00831791 0 -0.0239994
v 0.0885143 0.0702612 0.0679649
vn 0.0201115 0 0.0155141
v 0.0885143 0.0702612 0.0679649
vn -0.0201115 0 -0.0155141
v -0.00508474 0.157243 0.091594
vn -0.0253248 0 -0.00195277
v 0.080221 0.0736702 0.0731959
vn -0.0246101 -0.00586981 -0.00224666
v 0.0806283 0.0739959 0.0736306
vn -0.0201115 0 -0.0155141
v 0.0806283 0.0739959 0.0736306
vn 0.0201115 0 0.0155141
v 0.080221 0.0736702 0.0731959
vn 0.0246101 0.00586981 0.00224666
v -0.00508474 0.157243 0.091594
vn 0.0253248 0 0.00195277
v -0.00549203 0.156917 0.0911593
vn -0.0246101 -0.00586981 -0.00224666
v -0.00549203 0.156917 0.0911593
vn 0.0246101 0.00586981 0.00224666
v -0.00452695 0.158838 0.0868607
vn 0.0138151 -0.0113396 -0.0180477
v -0.00549203 0.156917 0.0911593
vn -0.0246101 -0.00586981 -0.00224666
v -0.00549203 0.156917 0.0911593
vn 0.0246101 0.00586981 0.00224666
v -0.00452695 0.158838 0.0868607
vn -0.0138151 0.0113396 0.0180477
v 0.00770569 0.0658866 0.16963
vn 0.00831791 0 0.0239994
v 0.0806283 0.0739959 0.0736306
vn 0.0201115 0 0.0155141
v 0.00817988 0.0661802 0.170015
vn 0.00842074 -0.00586981 0.0232335
v 0.00770569 0.0658866 0.16963
vn -0.00831791 0 -0.0239994
v 0.00770569 0.0658866 0.16963
vn 0.00831791 0 0.0239994
v 0.00817988 0.0661802 0.170015
vn 0.00842074 -0.00586981 0.0232335
v 0.0811025 0.0742905 0.0740149
vn 0.00842074 -0.00586981 0.0232335
v 0.00870639 0.0663066 0.170426
vn 0.0087222 -0.0113396 0.020988
v 0.0826899 0.0741431 0.075209
vn 0.00982681 -0.0196408 0.0127607
v 0.0831524 0.0737627 0.0755276
vn 0.0105547 -0.0219064 0.00733953
v 0.0821707 0.0743667 0.0748331
vn 0.0092018 -0.0160366 0.0174159
v 0.081629 0.0744169 0.0744259
vn 0.0087222 -0.0113396 0.020988
v 0.0821707 0.0743667 0.0748331
vn 0.0092018 -0.0160366 0.0174159
v 0.0835262 0.0732499 0.0757688
vn 0.0113357 -0.0226792 0.00152193
v 0.0830765 0.0696565 0.0751235
vn -0.0234914 0 0.00966
v 0.00967902 0.0612521 0.170738
vn -0.0142507 -0.00586981 0.0201897
v 0.0826022 0.0693615 0.0747379
vn -0.0142507 -0.00586981 0.0201897
v 0.0826022 0.0693615 0.0747379
vn 0.0142507 0.00586981 -0.0201897
v 0.00967902 0.0612521 0.170738
vn 0.0142507 0.00586981 -0.0201897
v 0.0830765 0.0696565 0.0751235
vn 0.0234914 -0 -0.00966
v 0.00967902 0.0612521 0.170738
vn -0.0142507 -0.00586981 0.0201897
v 0.00967902 0.0612521 0.170738
vn 0.0142507 0.00586981 -0.0201897
v 0.0109792 0.0631882 0.171889
vn -0.0134697 0.0160366 0.014372
v 0.00915306 0.0611248 0.170327
vn -0.0139492 -0.0113396 0.0179441
v 0.00915306 0.0611248 0.170327
vn 0.0139492 0.0113396 -0.0179441
v 0.0109792 0.0631882 0.171889
vn 0.0134697 -0.0160366 -0.014372
v 0.0109916 0.0638637 0.171955
vn 0.0128446 -0.0196408 -0.0097168
v 0.0108638 0.0645287 0.171914
vn 0.0121168 -0.0219064 -0.00429566
v 0.0839143 0.071973 0.0759555
vn 0.0128446 -0.0196408 -0.0097168
v 0.0837865 0.072639 0.0759141
vn 0.0121168 -0.0219064 -0.00429566
v -0.00404893 0.159306 0.0869807
vn 0.0159105 -0.00586981 -0.0189093
v -0.00404893 0.159306 0.0869807
vn -0.0159105 0.00586981 0.0189093
v 0.0885143 0.0702612 0.0679649
vn 0.0201115 0 0.0155141
v 0.17559 -0.015165 0.0493328
vn 0.0246101 -0.00586981 0.00224666
v 0.0880564 0.0698508 0.0676777
vn 0.0246101 -0.00586981 0.00224666
v 0.0880564 0.0698508 0.0676777
vn -0.0246101 0.00586981 -0.00224666
v 0.17559 -0.015165 0.0493328
vn -0.0246101 0.00586981 -0.00224666
v 0.0885143 0.0702612 0.0679649
vn -0.0201115 0 -0.0155141
v 0.175111 -0.0156324 0.0492135
vn 0.0225147 -0.0113396 0.00310833
v 0.175111 -0.0156324 0.0492135
vn -0.0225147 0.0113396 -0.00310833
v 0.173817 -0.0177732 0.0529593
vn -0.0138151 -0.0113396 0.0180477
v 0.17559 -0.015165 0.0493328
vn 0.0246101 -0.00586981 0.00224666
v 0.17559 -0.015165 0.0493328
vn -0.0246101 0.00586981 -0.00224666
v 0.173817 -0.0177732 0.0529593
vn 0.0138151 0.0113396 -0.0180477
v 0.08702 0.0677883 0.0722908
vn -0.00337988 0 0.0251741
v 0.08702 0.0677883 0.0722908
vn 0.00337988 -0 -0.0251741
v 0.173817 -0.0177732 0.0529593
vn -0.0138151 -0.0113396 0.0180477
v 0.0866128 0.0674626 0.0718561
vn -0.0159105 -0.00586981 0.0189093
v 0.086283 0.0672426 0.0713042
vn -0.0138151 -0.0113396 0.0180477
v 0.086283 0.0672426 0.0713042
vn 0.0138151 0.0113396 -0.0180477
v 0.0866128 0.0674626 0.0718561
vn 0.0159105 0.00586981 -0.0189093
v 0.173817 -0.0177732 0.0529593
vn 0.0138151 0.0113396 -0.0180477
v 0.173817 -0.0177732 0.0529593
vn -0.0138151 -0.0113396 0.0180477
v 0.173817 -0.0177732 0.0529593
vn 0.0138151 0.0113396 -0.0180477
v 0.0861551 0.0703386 0.0754176
vn 0.0116335 -0.0219064 -0.00547084
v 0.0855122 0.0704214 0.0756203
vn 0.0159645 -0.0196408 -0.00212993
v 0.0867226 0.0701458 0.0750986
vn 0.0069859 -0.0226792 -0.00905605
v 0.0871754 0.0698555 0.0746844
vn 0.00233825 -0.0219064 -0.0126413
v 0.08702 0.0677883 0.0722908
vn -0.00337988 0 0.0251741
v 0.0993092 -0.0239051 0.150016
vn 0.0103594 -0.00586981 0.0224363
v 0.0865193 0.0674516 0.0719797
vn 0.0103594 -0.00586981 0.0224363
v 0.0865193 0.0674516 0.0719797
vn -0.0103594 0.00586981 -0.0224363
v 0.0993092 -0.0239051 0.150016
vn -0.0103594 0.00586981 -0.0224363
v 0.08702 0.0677883 0.0722908
vn 0.00337988 -0 -0.0251741
v 0.0993092 -0.0239051 0.150016
vn 0.0103594 -0.00586981 0.0224363
v 0.0993092 -0.0239051 0.150016
vn -0.0103594 0.00586981 -0.0224363
v 0.0987089 -0.0241559 0.149821
vn 0.00856547 -0.0113396 0.0210525
v 0.0987089 -0.0241559 0.149821
vn -0.00856547 0.0113396 -0.0210525
v 0.100274 -0.0218693 0.15224
vn -0.00199268 -0.0196408 -0.0159822
v 0.0874837 0.0694882 0.0742034
vn -0.00199268 -0.0196408 -0.0159822
v 0.100416 -0.0222888 0.151726
vn -0.00571173 -0.0160366 -0.0188511
v 0.0874837 0.0694882 0.0742034
vn -0.00199268 -0.0196408 -0.0159822
v 0.0958675 -0.0217008 0.153159
vn 0.024943 0 0.0047962
v 0.0830765 0.0696565 0.0751235
vn 0.0234914 -0 -0.00966
v 0.0963665 -0.021365 0.153472
vn 0.0243312 -0.00586981 0.0043242
v 0.0963665 -0.021365 0.153472
vn -0.0243312 0.00586981 -0.0043242
v 0.0958675 -0.0217008 0.153159
vn -0.024943 0 -0.0047962
v 0.0958675 -0.0217008 0.153159
vn 0.024943 0 0.0047962
v 0.0963665 -0.021365 0.153472
vn 0.0243312 -0.00586981 0.0043242
v 0.0848378 0.0703887 0.0756931
vn 0.0196835 -0.0160366 0.000738964
v 0.0976277 -0.020968 0.15373
vn 0.0196835 -0.0160366 0.000738964
v 0.0841775 0.0702426 0.0756294
vn 0.0225373 -0.0113396 0.00294034
v -0.00358991 0.159716 0.0872672
vn 0.0166252 0 -0.0192032
v -0.00358991 0.159716 0.0872672
vn -0.0166252 0 0.0192032
v 0.0821232 0.076469 0.0693038
vn -0.00337988 0 0.0251741
v 0.0693333 0.167826 -0.00873277
vn 0.0109713 0 0.0229083
v 0.0826227 0.076805 0.0696153
vn 0.0103594 -0.00586981 0.0224363
v 0.0698322 0.168162 -0.00842149
vn -0.0103594 0.00586981 -0.0224363
v 0.0693333 0.167826 -0.00873277
vn -0.0109713 0 -0.0229083
v 0.0693333 0.167826 -0.00873277
vn 0.0109713 0 0.0229083
v 0.0698322 0.168162 -0.00842149
vn 0.0103594 -0.00586981 0.0224363
v 0.0710935 0.16856 -0.00816361
vn 0.00571173 -0.0160366 0.0188511
v 0.0838839 0.077202 0.0698732
vn 0.00571173 -0.0160366 0.0188511
v 0.0704331 0.168412 -0.00822627
vn 0.00856547 -0.0113396 0.0210525
v 0.0845583 0.0772347 0.0698004
vn -0.00199268 0.0196408 -0.0159822
v 0.0845583 0.0772347 0.0698004
vn 0.00199268 -0.0196408 0.0159822
v 0.0838839 0.077202 0.0698732
vn -0.00571173 0.0160366 -0.0188511
v 0.0841988 0.0782337 0.0710296
vn 0.00292707 0.0127 -0.0218014
v 0.0841988 0.0782337 0.0710296
vn -0.00292707 -0.0127 0.0218014
v 0.0838839 0.077202 0.0698732
vn 0.00571173 -0.0160366 0.0188511
v 0.0864311 0.0750009 0.0668795
vn 0.0243312 0.00586981 0.0043242
v 0.0864311 0.0750009 0.0668795
vn -0.0243312 -0.00586981 -0.0043242
v 0.0860667 0.0746008 0.0664711
vn -0.0234914 0 0.00966
v 0.162155 0.083063 -0.033696
vn -0.0143535 0 0.0209556
v 0.0865404 0.0748952 0.0668562
vn -0.0142507 -0.00586981 0.0201897
v 0.162629 0.0833566 -0.0333108
vn 0.0142507 0.00586981 -0.0201897
v 0.162155 0.083063 -0.033696
vn 0.0143535 0 -0.0209556
v 0.162155 0.083063 -0.033696
vn -0.0143535 0 0.0209556
v 0.162629 0.0833566 -0.0333108
vn -0.0142507 -0.00586981 0.0201897
v 0.163696 0.0834337 -0.0324927
vn -0.0134697 -0.0160366 0.014372
v 0.0876085 0.0749714 0.0676744
vn -0.0134697 -0.0160366 0.014372
v 0.163155 0.0834838 -0.0328999
vn -0.0139492 -0.0113396 0.0179441
v 0.0881283 0.074748 0.0680495
vn 0.0128446 0.0196408 -0.0097168
v 0.0893661 0.0741962 0.0689432
vn 0.0178008 0.0179605 0.00238993
v 0.0885902 0.0743675 0.068369
vn 0.0121168 0.0219064 -0.00429566
v 0.0885902 0.0743675 0.068369
vn -0.0121168 -0.0219064 0.00429566
v 0.0893661 0.0741962 0.0689432
vn -0.0178008 -0.0179605 -0.00238993
v 0.0881283 0.074748 0.0680495
vn -0.0128446 -0.0196408 0.0097168
v 0.0876085 0.0749714 0.0676744
vn 0.0134697 0.0160366 -0.014372
v 0.0881423 0.0763655 0.0681969
vn 0.0203441 0.0127 -0.0083658
v 0.0881423 0.0763655 0.0681969
vn -0.0203441 -0.0127 0.0083658
v 0.0876085 0.0749714 0.0676744
vn -0.0134697 -0.0160366 0.014372
v 0.0889645 0.0738548 0.0686093
vn 0.0113357 0.0226792 0.00152193
v 0.0889645 0.0738548 0.0686093
vn -0.0113357 -0.0226792 -0.00152193
v 0.09059 0.0720259 0.0696906
vn 0.0174171 0.0127 0.0134356
v 0.0892238 0.0732435 0.0687562
vn 0.0105547 0.0219064 0.00733953
v 0.0892238 0.0732435 0.0687562
vn -0.0105547 -0.0219064 -0.00733953
v 0.09059 0.0720259 0.0696906
vn -0.0174171 -0.0127 -0.0134356
v 0.0893516 0.0725786 0.0687967
vn 0.00982681 0.0196408 0.0127607
v 0.0893516 0.0725786 0.0687967
vn -0.00982681 -0.0196408 -0.0127607
v 0.0893397 0.0719032 0.0687297
vn -0.0092018 -0.0160366 -0.0174159
v 0.0893397 0.0719032 0.0687297
vn -0.0092018 -0.0160366 -0.0174159
v 0.089187 0.0712629 0.0685608
vn -0.0087222 -0.0113396 -0.020988
v 0.165276 0.0797253 -0.0316071
vn -0.0087222 -0.0113396 -0.020988
v 0.0889057 0.0707032 0.068298
vn -0.00842074 -0.00586981 -0.0232335
v 0.164994 0.0791644 -0.0318681
vn -0.00842074 -0.00586981 -0.0232335
v 0.164602 0.0787234 -0.0322023
vn 0.00831791 0 0.0239994
v 0.164602 0.0787234 -0.0322023
vn -0.00831791 0 -0.0239994
v 0.164602 0.0787234 -0.0322023
vn -0.00831791 0 -0.0239994
v 0.0885143 0.0702612 0.0679649
vn -0.0201115 0 -0.0155141
v 0.164994 0.0791644 -0.0318681
vn -0.00842074 -0.00586981 -0.0232335
v -0.00508474 0.157243 0.091594
vn 0.0253248 0 0.00195277
v -0.00462638 0.157653 0.091879
vn 0.0246101 -0.00586981 0.00224666
v 0.0806283 0.0739959 0.0736306
vn 0.0201115 0 0.0155141
v -0.00404893 0.159306 0.0869807
vn 0.0159105 -0.00586981 -0.0189093
v -0.00508474 0.157243 0.091594
vn -0.0253248 0 -0.00195277
v -0.00508474 0.157243 0.091594
vn 0.0253248 0 0.00195277
v -0.00404893 0.159306 0.0869807
vn -0.0159105 0.00586981 0.0189093
v 0.0811025 0.0742905 0.0740149
vn 0.00842074 -0.00586981 0.0232335
v 0.0839278 0.0735913 0.0761027
vn -0.0178008 0.0179605 -0.00238993
v 0.0826899 0.0741431 0.075209
vn -0.00982681 0.0196408 -0.0127607
v 0.0831524 0.0737627 0.0755276
vn -0.0105547 0.0219064 -0.00733953
v 0.0831524 0.0737627 0.0755276
vn 0.0105547 -0.0219064 0.00733953
v 0.0826899 0.0741431 0.075209
vn 0.00982681 -0.0196408 0.0127607
v 0.0839278 0.0735913 0.0761027
vn 0.0178008 -0.0179605 0.00238993
v 0.0835262 0.0732499 0.0757688
vn -0.0113357 0.0226792 -0.00152193
v 0.0835262 0.0732499 0.0757688
vn 0.0113357 -0.0226792 0.00152193
v 0.082704 0.0757606 0.0753564
vn -0.0174171 0.0127 -0.0134356
v 0.081629 0.0744169 0.0744259
vn -0.0087222 0.0113396 -0.020988
v 0.0821707 0.0743667 0.0748331
vn -0.0092018 0.0160366 -0.0174159
v 0.0821707 0.0743667 0.0748331
vn 0.0092018 -0.0160366 0.0174159
v 0.081629 0.0744169 0.0744259
vn 0.0087222 -0.0113396 0.020988
v 0.082704 0.0757606 0.0753564
vn 0.0174171 -0.0127 0.0134356
v 0.0811025 0.0742905 0.0740149
vn -0.00842074 0.00586981 -0.0232335
v 0.0811025 0.0742905 0.0740149
vn 0.00842074 -0.00586981 0.0232335
v 0.0837865 0.072639 0.0759141
vn -0.0121168 0.0219064 0.00429566
v 0.0837865 0.072639 0.0759141
vn 0.0121168 -0.0219064 -0.00429566
v 0.0101544 0.0615464 0.171123
vn -0.0143535 0 0.0209556
v 0.0101544 0.0615464 0.171123
vn 0.0143535 0 -0.0209556
v 0.0108271 0.0625481 0.171719
vn -0.0139492 0.0113396 0.0179441
v 0.00967902 0.0612521 0.170738
vn -0.0142507 -0.00586981 0.0201897
v 0.00967902 0.0612521 0.170738
vn 0.0142507 0.00586981 -0.0201897
v 0.0108271 0.0625481 0.171719
vn 0.0139492 -0.0113396 -0.0179441
v 0.0109792 0.0631882 0.171889
vn 0.0134697 -0.0160366 -0.014372
v 0.0109916 0.0638637 0.171955
vn 0.0128446 -0.0196408 -0.0097168
v 0.0839013 0.0712983 0.0758892
vn 0.0134697 -0.0160366 -0.014372
v 0.0839143 0.071973 0.0759555
vn 0.0128446 -0.0196408 -0.0097168
v 0.0851521 0.0714212 0.0768493
vn -0.0203441 0.0127 0.0083658
v 0.0839143 0.071973 0.0759555
vn -0.0128446 0.0196408 0.0097168
v 0.0839143 0.071973 0.0759555
vn 0.0128446 -0.0196408 -0.0097168
v 0.0851521 0.0714212 0.0768493
vn 0.0203441 -0.0127 -0.0083658
v 0.176049 -0.0147554 0.0496202
vn 0.0253248 0 0.00195277
v 0.176049 -0.0147554 0.0496202
vn -0.0253248 0 -0.00195277
v 0.174146 -0.0175534 0.0535121
vn -0.0159105 -0.00586981 0.0189093
v 0.174146 -0.0175534 0.0535121
vn 0.0159105 0.00586981 -0.0189093
v 0.174146 -0.0175534 0.0535121
vn -0.0159105 -0.00586981 0.0189093
v 0.08702 0.0677883 0.0722908
vn -0.00337988 0 0.0251741
v 0.0866128 0.0674626 0.0718561
vn -0.0159105 -0.00586981 0.0189093
v 0.0866128 0.0674626 0.0718561
vn 0.0159105 0.00586981 -0.0189093
v 0.08702 0.0677883 0.0722908
vn 0.00337988 -0 -0.0251741
v 0.174146 -0.0175534 0.0535121
vn 0.0159105 0.00586981 -0.0189093
v 0.174146 -0.0175534 0.0535121
vn -0.0159105 -0.00586981 0.0189093
v 0.174146 -0.0175534 0.0535121
vn 0.0159105 0.00586981 -0.0189093
v 0.0871242 0.0704872 0.0754325
vn -0.0109701 0.0179605 0.014221
v 0.0855122 0.0704214 0.0756203
vn -0.0159645 0.0196408 0.00212993
v 0.0861551 0.0703386 0.0754176
vn -0.0116335 0.0219064 0.00547084
v 0.0861551 0.0703386 0.0754176
vn 0.0116335 -0.0219064 -0.00547084
v 0.0855122 0.0704214 0.0756203
vn 0.0159645 -0.0196408 -0.00212993
v 0.0871242 0.0704872 0.0754325
vn 0.0109701 -0.0179605 -0.014221
v 0.0851521 0.0714212 0.0768493
vn -0.0203441 0.0127 0.0083658
v 0.0848378 0.0703887 0.0756931
vn -0.0196835 0.0160366 -0.000738964
v 0.0848378 0.0703887 0.0756931
vn 0.0196835 -0.0160366 0.000738964
v 0.0851521 0.0714212 0.0768493
vn 0.0203441 -0.0127 -0.0083658
v 0.0867226 0.0701458 0.0750986
vn -0.0069859 0.0226792 0.00905605
v 0.0867226 0.0701458 0.0750986
vn 0.0069859 -0.0226792 -0.00905605
v 0.0871754 0.0698555 0.0746844
vn -0.00233825 0.0219064 0.0126413
v 0.0871754 0.0698555 0.0746844
vn 0.00233825 -0.0219064 -0.0126413
v 0.0998105 -0.0235692 0.150328
vn 0.0109713 0 0.0229083
v 0.0998105 -0.0235692 0.150328
vn -0.0109713 0 -0.0229083
v 0.100383 -0.0227326 0.151213
vn 0.00856547 0.0113396 0.0210525
v 0.0993092 -0.0239051 0.150016
vn 0.0103594 -0.00586981 0.0224363
v 0.0993092 -0.0239051 0.150016
vn -0.0103594 0.00586981 -0.0224363
v 0.100383 -0.0227326 0.151213
vn -0.00856547 -0.0113396 -0.0210525
v 0.0876259 0.0690687 0.0736895
vn -0.00571173 -0.0160366 -0.0188511
v 0.0890957 0.069553 0.0740166
vn -0.00292707 0.0127 0.0218014
v 0.0874837 0.0694882 0.0742034
vn 0.00199268 0.0196408 0.0159822
v 0.0874837 0.0694882 0.0742034
vn -0.00199268 -0.0196408 -0.0159822
v 0.0890957 0.069553 0.0740166
vn 0.00292707 -0.0127 -0.0218014
v 0.0835766 0.0699917 0.0754352
vn 0.0243312 -0.00586981 0.0043242
v 0.0969679 -0.0211149 0.153666
vn 0.0225373 -0.0113396 0.00294034
v 0.0963665 -0.021365 0.153472
vn 0.0243312 -0.00586981 0.0043242
v 0.0835766 0.0699917 0.0754352
vn 0.0243312 -0.00586981 0.0043242
v 0.0969679 -0.0211149 0.153666
vn 0.0225373 -0.0113396 0.00294034
v 0.0841775 0.0702426 0.0756294
vn -0.0225373 0.0113396 -0.00294034
v 0.0841775 0.0702426 0.0756294
vn 0.0225373 -0.0113396 0.00294034
v -0.00358991 0.159716 0.0872672
vn 0.0166252 0 -0.0192032
v -0.00358991 0.159716 0.0872672
vn -0.0166252 0 0.0192032
v 0.0821232 0.076469 0.0693038
vn -0.00337988 0 0.0251741
v 0.0825303 0.0767943 0.0697372
vn -0.0159105 -0.00586981 0.0189093
v -0.00358991 0.159716 0.0872672
vn -0.0166252 0 0.0192032
v 0.0698322 0.168162 -0.00842149
vn 0.0103594 -0.00586981 0.0224363
v 0.0826227 0.076805 0.0696153
vn -0.0103594 0.00586981 -0.0224363
v 0.0826227 0.076805 0.0696153
vn 0.0103594 -0.00586981 0.0224363
v 0.0704331 0.168412 -0.00822627
vn 0.00856547 -0.0113396 0.0210525
v 0.0832236 0.0770549 0.0698105
vn 0.00856547 -0.0113396 0.0210525
v 0.0698322 0.168162 -0.00842149
vn 0.0103594 -0.00586981 0.0224363
v 0.0832236 0.0770549 0.0698105
vn 0.00856547 -0.0113396 0.0210525
v 0.0832236 0.0770549 0.0698105
vn -0.00856547 0.0113396 -0.0210525
v 0.0832236 0.0770549 0.0698105
vn 0.00856547 -0.0113396 0.0210525
v 0.0861708 0.0772997 0.0696128
vn 0.0109701 0.0179605 -0.014221
v 0.0879787 0.0760975 0.0686678
vn 0.0203441 0.0127 -0.0083658
v 0.0881423 0.0763655 0.0681969
vn 0.0203441 0.0127 -0.0083658
v 0.0881423 0.0763655 0.0681969
vn -0.0203441 -0.0127 0.0083658
v 0.0879787 0.0760975 0.0686678
vn -0.0203441 -0.0127 0.0083658
v 0.0861708 0.0772997 0.0696128
vn -0.0109701 -0.0179605 0.014221
v 0.0865404 0.0748952 0.0668562
vn 0.0142507 0.00586981 -0.0201897
v 0.0865404 0.0748952 0.0668562
vn -0.0142507 -0.00586981 0.0201897
v 0.162629 0.0833566 -0.0333108
vn -0.0142507 -0.00586981 0.0201897
v 0.163155 0.0834838 -0.0328999
vn -0.0139492 -0.0113396 0.0179441
v 0.0870669 0.0750216 0.0672672
vn -0.0139492 -0.0113396 0.0179441
v 0.162629 0.0833566 -0.0333108
vn -0.0142507 -0.00586981 0.0201897
v 0.0870669 0.0750216 0.0672672
vn -0.0139492 -0.0113396 0.0179441
v 0.0870669 0.0750216 0.0672672
vn 0.0139492 0.0113396 -0.0179441
v 0.0870669 0.0750216 0.0672672
vn -0.0139492 -0.0113396 0.0179441
v 0.0893397 0.0719032 0.0687297
vn 0.0092018 0.0160366 0.0174159
v 0.0893397 0.0719032 0.0687297
vn -0.0092018 -0.0160366 -0.0174159
v 0.089187 0.0712629 0.0685608
vn 0.0087222 0.0113396 0.020988
v 0.089187 0.0712629 0.0685608
vn -0.0087222 -0.0113396 -0.020988
v 0.0889057 0.0707032 0.068298
vn 0.00842074 0.00586981 0.0232335
v 0.0889057 0.0707032 0.068298
vn -0.00842074 -0.00586981 -0.0232335
v 0.0889057 0.0707032 0.068298
vn -0.00842074 -0.00586981 -0.0232335
v 0.0810867 0.0744062 0.0739156
vn 0.0246101 -0.00586981 0.00224666
v -0.00462638 0.157653 0.091879
vn -0.0246101 0.00586981 -0.00224666
v -0.00462638 0.157653 0.091879
vn 0.0246101 -0.00586981 0.00224666
v 0.0830765 0.0696565 0.0751235
vn 0.0234914 -0 -0.00966
v 0.0101544 0.0615464 0.171123
vn 0.0143535 0 -0.0209556
v 0.0834679 0.0700975 0.0754577
vn 0.0142507 -0.00586981 -0.0201897
v 0.0105447 0.061988 0.171458
vn -0.0142507 0.00586981 0.0201897
v 0.0101544 0.0615464 0.171123
vn -0.0143535 0 0.0209556
v 0.0101544 0.0615464 0.171123
vn 0.0143535 0 -0.0209556
v 0.0105447 0.061988 0.171458
vn 0.0142507 -0.00586981 -0.0201897
v 0.0109792 0.0631882 0.171889
vn 0.0134697 -0.0160366 -0.014372
v 0.0839013 0.0712983 0.0758892
vn 0.0134697 -0.0160366 -0.014372
v 0.0108271 0.0625481 0.171719
vn 0.0139492 -0.0113396 -0.0179441
v 0.0839013 0.0712983 0.0758892
vn -0.0134697 0.0160366 0.014372
v 0.0839013 0.0712983 0.0758892
vn 0.0134697 -0.0160366 -0.014372
v 0.176049 -0.0147554 0.0496202
vn -0.0253248 0 -0.00195277
v 0.176456 -0.014429 0.0500526
vn -0.0246101 -0.00586981 -0.00224666
v 0.0885143 0.0702612 0.0679649
vn -0.0201115 0 -0.0155141
v 0.176049 -0.0147554 0.0496202
vn 0.0253248 0 0.00195277
v 0.176049 -0.0147554 0.0496202
vn -0.0253248 0 -0.00195277
v 0.174554 -0.0172275 0.053946
vn -0.0166252 0 0.0192032
v 0.174554 -0.0172275 0.053946
vn 0.0166252 0 -0.0192032
v 0.08702 0.0677883 0.0722908
vn 0.00337988 -0 -0.0251741
v 0.0998105 -0.0235692 0.150328
vn -0.0109713 0 -0.0229083
v 0.087385 0.0681876 0.0726994
vn -0.0103594 -0.00586981 -0.0224363
v 0.100175 -0.0231691 0.150736
vn 0.0103594 0.00586981 0.0224363
v 0.0998105 -0.0235692 0.150328
vn 0.0109713 0 0.0229083
v 0.0998105 -0.0235692 0.150328
vn -0.0109713 0 -0.0229083
v 0.100175 -0.0231691 0.150736
vn -0.0103594 -0.00586981 -0.0224363
v 0.100416 -0.0222888 0.151726
vn -0.00571173 -0.0160366 -0.0188511
v 0.0876259 0.0690687 0.0736895
vn -0.00571173 -0.0160366 -0.0188511
v 0.100383 -0.0227326 0.151213
vn -0.00856547 -0.0113396 -0.0210525
v 0.0876259 0.0690687 0.0736895
vn 0.00571173 0.0160366 0.0188511
v 0.0876259 0.0690687 0.0736895
vn -0.00571173 -0.0160366 -0.0188511
v 0.0835766 0.0699917 0.0754352
vn -0.0243312 0.00586981 -0.0043242
v 0.0835766 0.0699917 0.0754352
vn 0.0243312 -0.00586981 0.0043242
v 0.0841775 0.0702426 0.0756294
vn 0.0225373 -0.0113396 0.00294034
v -0.00318328 0.160042 0.0877004
vn -0.0159105 -0.00586981 0.0189093
v 0.0825303 0.0767943 0.0697372
vn 0.0159105 0.00586981 -0.0189093
v 0.0841988 0.0782337 0.0710296
vn 0.00292707 0.0127 -0.0218014
v 0.0841988 0.0782337 0.0710296
vn -0.00292707 -0.0127 0.0218014
v 0.0825303 0.0767943 0.0697372
vn -0.0159105 -0.00586981 0.0189093
v 0.0826227 0.076805 0.0696153
vn 0.0103594 -0.00586981 0.0224363
v 0.0862218 0.0769299 0.0699297
vn 0.0138763 0.0113592 -0.0179883
v 0.0841988 0.0782337 0.0710296
vn 0.00292707 0.0127 -0.0218014
v 0.0841988 0.0782337 0.0710296
vn -0.00292707 -0.0127 0.0218014
v 0.0862218 0.0769299 0.0699297
vn -0.0138763 -0.0113592 0.0179883
v 0.0893661 0.0741962 0.0689432
vn 0.0178008 0.0179605 0.00238993
v 0.0893661 0.0741962 0.0689432
vn -0.0178008 -0.0179605 -0.00238993
v 0.0865404 0.0748952 0.0668562
vn -0.0142507 -0.00586981 0.0201897
v 0.0890709 0.0741633 0.0693321
vn 0.0225164 0.0113592 0.00302306
v 0.09059 0.0720259 0.0696906
vn 0.0174171 0.0127 0.0134356
v 0.09059 0.0720259 0.0696906
vn -0.0174171 -0.0127 -0.0134356
v 0.0890709 0.0741633 0.0693321
vn -0.0225164 -0.0113592 -0.00302306
v 0.082704 0.0757606 0.0753564
vn -0.0174171 0.0127 -0.0134356
v 0.0810867 0.0744062 0.0739156
vn -0.0246101 0.00586981 -0.00224666
v 0.0810867 0.0744062 0.0739156
vn 0.0246101 -0.00586981 0.00224666
v 0.082704 0.0757606 0.0753564
vn 0.0174171 -0.0127 0.0134356
v -0.00462638 0.157653 0.091879
vn 0.0246101 -0.00586981 0.00224666
v -0.00414726 0.15812 0.0919994
vn 0.0225147 -0.0113396 0.00310833
v 0.0810867 0.0744062 0.0739156
vn 0.0246101 -0.00586981 0.00224666
v -0.00318328 0.160042 0.0877004
vn 0.0159105 0.00586981 -0.0189093
v -0.00318328 0.160042 0.0877004
vn -0.0159105 -0.00586981 0.0189093
v 0.0842241 0.0736236 0.0757133
vn -0.0225164 0.0113592 -0.00302306
v 0.082704 0.0757606 0.0753564
vn -0.0174171 0.0127 -0.0134356
v 0.0839278 0.0735913 0.0761027
vn -0.0178008 0.0179605 -0.00238993
v 0.0839278 0.0735913 0.0761027
vn 0.0178008 -0.0179605 0.00238993
v 0.082704 0.0757606 0.0753564
vn 0.0174171 -0.0127 0.0134356
v 0.0842241 0.0736236 0.0757133
vn 0.0225164 -0.0113592 0.00302306
v 0.0853146 0.0716899 0.076379
vn -0.0203441 0.0127 0.0083658
v 0.0851521 0.0714212 0.0768493
vn -0.0203441 0.0127 0.0083658
v 0.0851521 0.0714212 0.0768493
vn 0.0203441 -0.0127 -0.0083658
v 0.0853146 0.0716899 0.076379
vn 0.0203441 -0.0127 -0.0083658
v 0.0105447 0.061988 0.171458
vn 0.0142507 -0.00586981 -0.0201897
v 0.0834679 0.0700975 0.0754577
vn -0.0142507 0.00586981 0.0201897
v 0.0834679 0.0700975 0.0754577
vn 0.0142507 -0.00586981 -0.0201897
v 0.0108271 0.0625481 0.171719
vn 0.0139492 -0.0113396 -0.0179441
v 0.0837497 0.0706584 0.0757187
vn 0.0139492 -0.0113396 -0.0179441
v 0.0105447 0.061988 0.171458
vn 0.0142507 -0.00586981 -0.0201897
v 0.0837497 0.0706584 0.0757187
vn 0.0139492 -0.0113396 -0.0179441
v 0.0837497 0.0706584 0.0757187
vn -0.0139492 0.0113396 0.0179441
v 0.0837497 0.0706584 0.0757187
vn 0.0139492 -0.0113396 -0.0179441
v 0.0889221 0.0705867 0.0683974
vn -0.0246101 -0.00586981 -0.00224666
v 0.174554 -0.0172275 0.053946
vn -0.0166252 0 0.0192032
v 0.176456 -0.014429 0.0500526
vn 0.0246101 0.00586981 0.00224666
v 0.176456 -0.014429 0.0500526
vn -0.0246101 -0.00586981 -0.00224666
v 0.174554 -0.0172275 0.053946
vn 0.0166252 0 -0.0192032
v 0.08702 0.0677883 0.0722908
vn 0.00337988 -0 -0.0251741
v 0.0874784 0.0681986 0.0725758
vn 0.0159105 -0.00586981 -0.0189093
v 0.174554 -0.0172275 0.053946
vn 0.0166252 0 -0.0192032
v 0.0871242 0.0704872 0.0754325
vn -0.0109701 0.0179605 0.014221
v 0.0871242 0.0704872 0.0754325
vn 0.0109701 -0.0179605 -0.014221
v 0.0890957 0.069553 0.0740166
vn -0.00292707 0.0127 0.0218014
v 0.0870721 0.0708567 0.0751173
vn -0.0138763 0.0113592 0.0179883
v 0.0870721 0.0708567 0.0751173
vn 0.0138763 -0.0113592 -0.0179883
v 0.0890957 0.069553 0.0740166
vn 0.00292707 -0.0127 -0.0218014
v 0.100175 -0.0231691 0.150736
vn -0.0103594 -0.00586981 -0.0224363
v 0.087385 0.0681876 0.0726994
vn 0.0103594 0.00586981 0.0224363
v 0.087385 0.0681876 0.0726994
vn -0.0103594 -0.00586981 -0.0224363
v 0.100383 -0.0227326 0.151213
vn -0.00856547 -0.0113396 -0.0210525
v 0.0875925 0.0686249 0.0731763
vn -0.00856547 -0.0113396 -0.0210525
v 0.100175 -0.0231691 0.150736
vn -0.0103594 -0.00586981 -0.0224363
v 0.0875925 0.0686249 0.0731763
vn -0.00856547 -0.0113396 -0.0210525
v 0.0875925 0.0686249 0.0731763
vn 0.00856547 0.0113396 0.0210525
v 0.0875925 0.0686249 0.0731763
vn -0.00856547 -0.0113396 -0.0210525
v 0.0825303 0.0767943 0.0697372
vn -0.0159105 -0.00586981 0.0189093
v 0.0828596 0.0770142 0.0702899
vn -0.0138151 -0.0113396 0.0180477
v -0.00318328 0.160042 0.0877004
vn -0.0159105 -0.00586981 0.0189093
v 0.0828596 0.0770142 0.0702899
vn 0.0138151 0.0113396 -0.0180477
v 0.0828596 0.0770142 0.0702899
vn -0.0138151 -0.0113396 0.0180477
v 0.0844648 0.0777623 0.0711916
vn 0.00292707 0.0127 -0.0218014
v 0.0844648 0.0777623 0.0711916
vn -0.00292707 -0.0127 0.0218014
v 0.0862218 0.0769299 0.0699297
vn 0.0138763 0.0113592 -0.0179883
v 0.088809 0.0768033 0.0693581
vn 0.0234914 -0 -0.00966
v 0.0879787 0.0760975 0.0686678
vn 0.0203441 0.0127 -0.0083658
v 0.0879787 0.0760975 0.0686678
vn -0.0203441 -0.0127 0.0083658
v 0.088809 0.0768033 0.0693581
vn -0.0234914 0 0.00966
v 0.0862218 0.0769299 0.0699297
vn -0.0138763 -0.0113592 0.0179883
v 0.0901619 0.0722288 0.069998
vn 0.0174171 0.0127 0.0134356
v 0.0901619 0.0722288 0.069998
vn -0.0174171 -0.0127 -0.0134356
v 0.09059 0.0720259 0.0696906
vn 0.0174171 0.0127 0.0134356
v 0.0889221 0.0705867 0.0683974
vn 0.0246101 0.00586981 0.00224666
v 0.0889221 0.0705867 0.0683974
vn -0.0246101 -0.00586981 -0.00224666
v 0.09059 0.0720259 0.0696906
vn -0.0174171 -0.0127 -0.0134356
v 0.0815653 0.0748734 0.0740358
vn -0.0225147 0.0113396 -0.00310833
v 0.0815653 0.0748734 0.0740358
vn 0.0225147 -0.0113396 0.00310833
v 0.0815653 0.0748734 0.0740358
vn 0.0225147 -0.0113396 0.00310833
v -0.00414726 0.15812 0.0919994
vn -0.0225147 0.0113396 -0.00310833
v -0.00414726 0.15812 0.0919994
vn 0.0225147 -0.0113396 0.00310833
v 0.0831325 0.075558 0.0750482
vn -0.0174171 0.0127 -0.0134356
v 0.0831325 0.075558 0.0750482
vn 0.0174171 -0.0127 0.0134356
v 0.0834679 0.0700975 0.0754577
vn 0.0142507 -0.00586981 -0.0201897
v 0.176456 -0.014429 0.0500526
vn -0.0246101 -0.00586981 -0.00224666
v 0.176785 -0.0142092 0.0506053
vn -0.0225147 -0.0113396 -0.00310833
v 0.0889221 0.0705867 0.0683974
vn -0.0246101 -0.00586981 -0.00224666
v 0.175012 -0.0168174 0.0542318
vn -0.0159105 0.00586981 0.0189093
v 0.175012 -0.0168174 0.0542318
vn 0.0159105 -0.00586981 -0.0189093
v 0.175012 -0.0168174 0.0542318
vn 0.0159105 -0.00586981 -0.0189093
v 0.0874784 0.0681986 0.0725758
vn -0.0159105 0.00586981 0.0189093
v 0.0890957 0.069553 0.0740166
vn -0.00292707 0.0127 0.0218014
v 0.0890957 0.069553 0.0740166
vn 0.00292707 -0.0127 -0.0218014
v 0.0874784 0.0681986 0.0725758
vn 0.0159105 -0.00586981 -0.0189093
v 0.0888302 0.0700246 0.0738537
vn -0.00292707 0.0127 0.0218014
v 0.0888302 0.0700246 0.0738537
vn 0.00292707 -0.0127 -0.0218014
v 0.087385 0.0681876 0.0726994
vn -0.0103594 -0.00586981 -0.0224363
v -0.00285294 0.160262 0.0882525
vn -0.0138151 -0.0113396 0.0180477
v 0.0830878 0.0771129 0.0709218
vn 0.0104817 0.0160366 -0.016677
v 0.0830878 0.0771129 0.0709218
vn -0.0104817 -0.0160366 0.016677
v 0.0834511 0.0769976 0.0731929
vn -0.00683065 0.0179605 -0.0166109
v 0.0834511 0.0769976 0.0731929
vn 0.00683065 -0.0179605 0.0166109
v 0.0844648 0.0777623 0.0711916
vn 0.00292707 0.0127 -0.0218014
v 0.087052 0.0776358 0.07062
vn 0.0155141 0 -0.0201115
v 0.087052 0.0776358 0.07062
vn -0.0155141 0 0.0201115
v 0.0844648 0.0777623 0.0711916
vn -0.00292707 -0.0127 0.0218014
v 0.086933 0.0775345 0.070521
vn 0.0155141 0 -0.0201115
v 0.086933 0.0775345 0.070521
vn -0.0155141 0 0.0201115
v 0.0886899 0.0767021 0.0692591
vn 0.0234914 -0 -0.00966
v 0.0886899 0.0767021 0.0692591
vn -0.0234914 0 0.00966
v 0.0879787 0.0760975 0.0686678
vn 0.0203441 0.0127 -0.0083658
v 0.0899011 0.0748692 0.0700223
vn 0.0251741 0 0.00337988
v 0.0890709 0.0741633 0.0693321
vn 0.0225164 0.0113592 0.00302306
v 0.0890709 0.0741633 0.0693321
vn -0.0225164 -0.0113592 -0.00302306
v 0.0899011 0.0748692 0.0700223
vn -0.0251741 0 -0.00337988
v 0.0879787 0.0760975 0.0686678
vn -0.0203441 -0.0127 0.0083658
v 0.0909922 0.0729346 0.0706883
vn 0.0201115 0 0.0155141
v 0.0901619 0.0722288 0.069998
vn 0.0174171 0.0127 0.0134356
v 0.0901619 0.0722288 0.069998
vn -0.0174171 -0.0127 -0.0134356
v 0.0909922 0.0729346 0.0706883
vn -0.0201115 0 -0.0155141
v 0.0898434 0.0707892 0.0718533
vn 0.00683065 0.0179605 0.0166109
v 0.0898434 0.0707892 0.0718533
vn -0.00683065 -0.0179605 -0.0166109
v 0.0892513 0.0708066 0.0689501
vn 0.0225147 0.0113396 0.00310833
v 0.0892513 0.0708066 0.0689501
vn -0.0225147 -0.0113396 -0.00310833
v 0.0820309 0.0753646 0.0739808
vn -0.0191814 0.0160366 -0.00447904
v 0.0820309 0.0753646 0.0739808
vn 0.0191814 -0.0160366 0.00447904
v -0.00414726 0.15812 0.0919994
vn 0.0225147 -0.0113396 0.00310833
v -0.00368218 0.158612 0.0919442
vn 0.0191814 -0.0160366 0.00447904
v 0.0815653 0.0748734 0.0740358
vn 0.0225147 -0.0113396 0.00310833
v -0.00285294 0.160262 0.0882525
vn 0.0138151 0.0113396 -0.0180477
v -0.00285294 0.160262 0.0882525
vn -0.0138151 -0.0113396 0.0180477
v 0.0837989 0.0766602 0.0731195
vn -0.00864017 0.0113592 -0.0210113
v 0.0837989 0.0766602 0.0731195
vn 0.00864017 -0.0113592 0.0210113
v 0.0842241 0.0736236 0.0757133
vn -0.0225164 0.0113592 -0.00302306
v 0.0838437 0.0761626 0.0756395
vn -0.0201115 0 -0.0155141
v 0.0831325 0.075558 0.0750482
vn -0.0174171 0.0127 -0.0134356
v 0.0831325 0.075558 0.0750482
vn 0.0174171 -0.0127 0.0134356
v 0.0838437 0.0761626 0.0756395
vn 0.0201115 0 0.0155141
v 0.0842241 0.0736236 0.0757133
vn 0.0225164 -0.0113592 0.00302306
v 0.0853146 0.0716899 0.076379
vn -0.0203441 0.0127 0.0083658
v 0.0849353 0.0742283 0.0763046
vn -0.0251741 0 -0.00337988
v 0.0849353 0.0742283 0.0763046
vn 0.0251741 0 0.00337988
v 0.0853146 0.0716899 0.076379
vn 0.0203441 -0.0127 -0.0083658
v 0.0892513 0.0708066 0.0689501
vn -0.0225147 -0.0113396 -0.00310833
v 0.176785 -0.0142092 0.0506053
vn 0.0225147 0.0113396 0.00310833
v 0.176785 -0.0142092 0.0506053
vn -0.0225147 -0.0113396 -0.00310833
v 0.0874784 0.0681986 0.0725758
vn 0.0159105 -0.00586981 -0.0189093
v 0.087957 0.0686658 0.072696
vn 0.0138151 -0.0113396 -0.0180477
v 0.175012 -0.0168174 0.0542318
vn 0.0159105 -0.00586981 -0.0189093
v 0.087957 0.0686658 0.072696
vn -0.0138151 0.0113396 0.0180477
v 0.087957 0.0686658 0.072696
vn 0.0138151 -0.0113396 -0.0180477
v 0.0870721 0.0708567 0.0751173
vn -0.0138763 0.0113592 0.0179883
v 0.0860258 0.0722946 0.0769703
vn -0.0234914 0 0.00966
v 0.0853146 0.0716899 0.076379
vn -0.0203441 0.0127 0.0083658
v 0.0853146 0.0716899 0.076379
vn 0.0203441 -0.0127 -0.0083658
v 0.0860258 0.0722946 0.0769703
vn 0.0234914 -0 -0.00966
v 0.0870721 0.0708567 0.0751173
vn 0.0138763 -0.0113592 -0.0179883
v 0.0888302 0.0700246 0.0738537
vn -0.00292707 0.0127 0.0218014
v 0.0877833 0.0714613 0.0757086
vn -0.0155141 0 0.0201115
v 0.0877833 0.0714613 0.0757086
vn 0.0155141 0 -0.0201115
v 0.0888302 0.0700246 0.0738537
vn 0.00292707 -0.0127 -0.0218014
v 0.0828596 0.0770142 0.0702899
vn -0.0138151 -0.0113396 0.0180477
v 0.0830878 0.0771129 0.0709218
vn -0.0104817 -0.0160366 0.016677
v -0.00285294 0.160262 0.0882525
vn -0.0138151 -0.0113396 0.0180477
v 0.0831985 0.0770826 0.0715915
vn 0.00613766 0.0196408 -0.0148906
v 0.0831985 0.0770826 0.0715915
vn -0.00613766 -0.0196408 0.0148906
v 0.0834511 0.0769976 0.0731929
vn -0.00683065 0.0179605 -0.0166109
v 0.0834511 0.0769976 0.0731929
vn 0.00683065 -0.0179605 0.0166109
v 0.085176 0.078367 0.0717829
vn 0.00337988 -0 -0.0251741
v 0.085176 0.078367 0.0717829
vn -0.00337988 0 0.0251741
v 0.0886899 0.0767021 0.0692591
vn 0.0234914 -0 -0.00966
v 0.088809 0.0768033 0.0693581
vn 0.0234914 -0 -0.00966
v 0.088809 0.0768033 0.0693581
vn -0.0234914 0 0.00966
v 0.0886899 0.0767021 0.0692591
vn -0.0234914 0 0.00966
v 0.0897821 0.0747679 0.0699234
vn 0.0251741 0 0.00337988
v 0.0897821 0.0747679 0.0699234
vn -0.0251741 0 -0.00337988
v 0.0908731 0.0728334 0.0705893
vn 0.0201115 0 0.0155141
v 0.0908731 0.0728334 0.0705893
vn -0.0201115 0 -0.0155141
v 0.0894961 0.0711267 0.0719259
vn 0.00864017 0.0113592 0.0210113
v 0.0894961 0.0711267 0.0719259
vn -0.00864017 -0.0113592 -0.0210113
v 0.0898434 0.0707892 0.0718533
vn 0.00683065 0.0179605 0.0166109
v 0.0898434 0.0707892 0.0718533
vn -0.00683065 -0.0179605 -0.0166109
v 0.089479 0.0709051 0.0695829
vn 0.0191814 0.0160366 0.00447904
v 0.089479 0.0709051 0.0695829
vn -0.0191814 -0.0160366 -0.00447904
v 0.0824513 0.0758467 0.073754
vn -0.0148373 0.0196408 -0.00626539
v 0.0824513 0.0758467 0.073754
vn 0.0148373 -0.0196408 0.00626539
v 0.0820309 0.0753646 0.0739808
vn 0.0191814 -0.0160366 0.00447904
v -0.00368218 0.158612 0.0919442
vn -0.0191814 0.0160366 -0.00447904
v -0.00368218 0.158612 0.0919442
vn 0.0191814 -0.0160366 0.00447904
v 0.0838437 0.0761626 0.0756395
vn -0.0201115 0 -0.0155141
v 0.0837989 0.0766602 0.0731195
vn -0.00864017 0.0113592 -0.0210113
v 0.0831325 0.075558 0.0750482
vn -0.0174171 0.0127 -0.0134356
v 0.0831325 0.075558 0.0750482
vn 0.0174171 -0.0127 0.0134356
v 0.0837989 0.0766602 0.0731195
vn 0.00864017 -0.0113592 0.0210113
v 0.0838437 0.0761626 0.0756395
vn 0.0201115 0 0.0155141
v 0.0839628 0.0762639 0.0757384
vn -0.0201115 0 -0.0155141
v 0.0839628 0.0762639 0.0757384
vn 0.0201115 0 0.0155141
v 0.0850544 0.0743295 0.0764036
vn -0.0251741 0 -0.00337988
v 0.0850544 0.0743295 0.0764036
vn 0.0251741 0 0.00337988
v 0.176785 -0.0142092 0.0506053
vn -0.0225147 -0.0113396 -0.00310833
v 0.177013 -0.0141105 0.0512372
vn -0.0191814 -0.0160366 -0.00447904
v 0.0892513 0.0708066 0.0689501
vn -0.0225147 -0.0113396 -0.00310833
v 0.175491 -0.01635 0.0543512
vn -0.0138151 0.0113396 0.0180477
v 0.175491 -0.01635 0.0543512
vn 0.0138151 -0.0113396 -0.0180477
v 0.175491 -0.01635 0.0543512
vn 0.0138151 -0.0113396 -0.0180477
v 0.0884226 0.069157 0.072641
vn -0.0104817 0.0160366 0.016677
v 0.0884226 0.069157 0.072641
vn 0.0104817 -0.0160366 -0.016677
v 0.0861449 0.0723958 0.0770693
vn -0.0234914 0 0.00966
v 0.0861449 0.0723958 0.0770693
vn 0.0234914 -0 -0.00966
v 0.0861449 0.0723958 0.0770693
vn -0.0234914 0 0.00966
v 0.0860258 0.0722946 0.0769703
vn -0.0234914 0 0.00966
v 0.0860258 0.0722946 0.0769703
vn 0.0234914 -0 -0.00966
v 0.0861449 0.0723958 0.0770693
vn 0.0234914 -0 -0.00966
v 0.0879024 0.0715626 0.0758076
vn -0.0155141 0 0.0201115
v 0.0879024 0.0715626 0.0758076
vn 0.0155141 0 -0.0201115
v -0.00262476 0.16036 0.0888844
vn -0.0104817 -0.0160366 0.016677
v 0.0831985 0.0770826 0.0715915
vn -0.00613766 -0.0196408 0.0148906
v -0.00251462 0.16033 0.0895549
vn -0.00613766 -0.0196408 0.0148906
v 0.0830878 0.0771129 0.0709218
vn -0.0104817 -0.0160366 0.016677
v 0.0831859 0.0769274 0.0722512
vn 0.00107891 0.0219064 -0.0128104
v 0.0831859 0.0769274 0.0722512
vn -0.00107891 -0.0219064 0.0128104
v 0.0830495 0.0766561 0.072859
vn -0.00434983 0.0226792 -0.010578
v 0.0830495 0.0766561 0.072859
vn 0.00434983 -0.0226792 0.010578
v 0.0845101 0.0772649 0.0737108
vn -0.00966 0 -0.0234914
v 0.0844648 0.0777623 0.0711916
vn 0.00292707 0.0127 -0.0218014
v 0.0844648 0.0777623 0.0711916
vn -0.00292707 -0.0127 0.0218014
v 0.0845101 0.0772649 0.0737108
vn 0.00966 0 0.0234914
v 0.0852951 0.0784682 0.0718819
vn 0.00337988 -0 -0.0251741
v 0.0852951 0.0784682 0.0718819
vn -0.00337988 0 0.0251741
v 0.085176 0.078367 0.0717829
vn 0.00337988 -0 -0.0251741
v 0.085176 0.078367 0.0717829
vn -0.00337988 0 0.0251741
v 0.0889274 0.076904 0.0694565
vn 0.0203441 0.0127 -0.0083658
v 0.0889274 0.076904 0.0694565
vn -0.0203441 -0.0127 0.0083658
v 0.088809 0.0768033 0.0693581
vn 0 0.0254 0
v 0.0870216 0.0778535 0.0704339
vn 0.0138763 0.0113592 -0.0179883
v 0.087052 0.0776358 0.07062
vn 0 0.0254 0
v 0.087052 0.0776358 0.07062
vn 0 -0.0254 0
v 0.0870216 0.0778535 0.0704339
vn -0.0138763 -0.0113592 0.0179883
v 0.088809 0.0768033 0.0693581
vn 0 -0.0254 0
v 0.0900195 0.0749699 0.0701208
vn 0.0225164 0.0113592 0.00302306
v 0.0900195 0.0749699 0.0701208
vn -0.0225164 -0.0113592 -0.00302306
v 0.0900751 0.0748879 0.069794
vn 0.0225164 0.0113592 0.00302306
v 0.0899011 0.0748692 0.0700223
vn 0 0.0254 0
v 0.0899011 0.0748692 0.0700223
vn 0 -0.0254 0
v 0.0900751 0.0748879 0.069794
vn -0.0225164 -0.0113592 -0.00302306
v 0.0902072 0.0717313 0.0725172
vn 0.00966 0 0.0234914
v 0.0908731 0.0728334 0.0705893
vn 0.0201115 0 0.0155141
v 0.0909922 0.0729346 0.0706883
vn 0.0201115 0 0.0155141
v 0.0909922 0.0729346 0.0706883
vn -0.0201115 0 -0.0155141
v 0.0908731 0.0728334 0.0705893
vn -0.0201115 0 -0.0155141
v 0.0902072 0.0717313 0.0725172
vn -0.00966 0 -0.0234914
v 0.0894961 0.0711267 0.0719259
vn 0.00864017 0.0113592 0.0210113
v 0.0901619 0.0722288 0.069998
vn 0.0174171 0.0127 0.0134356
v 0.0901619 0.0722288 0.069998
vn -0.0174171 -0.0127 -0.0134356
v 0.0894961 0.0711267 0.0719259
vn -0.00864017 -0.0113592 -0.0210113
v 0.0894417 0.0704477 0.0715194
vn 0.00434983 0.0226792 0.010578
v 0.0894417 0.0704477 0.0715194
vn -0.00434983 -0.0226792 -0.010578
v 0.0895902 0.070875 0.0702517
vn 0.0148373 0.0196408 0.00626539
v 0.0895902 0.070875 0.0702517
vn -0.0148373 -0.0196408 -0.00626539
v 0.089479 0.0709051 0.0695829
vn -0.0191814 -0.0160366 -0.00447904
v 0.0827986 0.0762874 0.0733715
vn -0.00977857 0.0219064 -0.00834562
v 0.0827986 0.0762874 0.0733715
vn 0.00977857 -0.0219064 0.00834562
v 0.0820309 0.0753646 0.0739808
vn 0.0191814 -0.0160366 0.00447904
v -0.00368218 0.158612 0.0919442
vn 0.0191814 -0.0160366 0.00447904
v 0.0824513 0.0758467 0.073754
vn 0.0148373 -0.0196408 0.00626539
v -0.00262476 0.16036 0.0888844
vn 0.0104817 0.0160366 -0.016677
v -0.00262476 0.16036 0.0888844
vn -0.0104817 -0.0160366 0.016677
v 0.0839628 0.0762639 0.0757384
vn -0.0201115 0 -0.0155141
v 0.0839628 0.0762639 0.0757384
vn 0.0201115 0 0.0155141
v 0.177013 -0.0141105 0.0512372
vn 0.0191814 0.0160366 0.00447904
v 0.177013 -0.0141105 0.0512372
vn -0.0191814 -0.0160366 -0.00447904
v 0.087957 0.0686658 0.072696
vn 0.0138151 -0.0113396 -0.0180477
v 0.0884226 0.069157 0.072641
vn 0.0104817 -0.0160366 -0.016677
v 0.175491 -0.01635 0.0543512
vn 0.0138151 -0.0113396 -0.0180477
v 0.088843 0.0696391 0.0724142
vn -0.00613766 0.0196408 0.0148906
v 0.088843 0.0696391 0.0724142
vn 0.00613766 -0.0196408 -0.0148906
v 0.0888302 0.0700246 0.0738537
vn -0.00292707 0.0127 0.0218014
v 0.0888302 0.0700246 0.0738537
vn 0.00292707 -0.0127 -0.0218014
v 0.0896604 0.0707305 0.074544
vn -0.00337988 0 0.0251741
v 0.0896604 0.0707305 0.074544
vn 0.00337988 -0 -0.0251741
v -0.00262476 0.16036 0.0888844
vn -0.0104817 -0.0160366 0.016677
v -0.00251462 0.16033 0.0895549
vn -0.00613766 -0.0196408 0.0148906
v 0.0831985 0.0770826 0.0715915
vn -0.00613766 -0.0196408 0.0148906
v -0.00252722 0.160175 0.0902146
vn -0.00107891 -0.0219064 0.0128104
v 0.0831859 0.0769274 0.0722512
vn -0.00107891 -0.0219064 0.0128104
v 0.0846292 0.0773661 0.0738098
vn -0.00966 0 -0.0234914
v 0.0852951 0.0784682 0.0718819
vn 0.00337988 -0 -0.0251741
v 0.0852951 0.0784682 0.0718819
vn -0.00337988 0 0.0251741
v 0.0846292 0.0773661 0.0738098
vn 0.00966 0 0.0234914
v 0.0851382 0.078746 0.0717866
vn 0.00292707 0.0127 -0.0218014
v 0.0852951 0.0784682 0.0718819
vn 0 0.0254 0
v 0.0852951 0.0784682 0.0718819
vn 0 -0.0254 0
v 0.0851382 0.078746 0.0717866
vn -0.00292707 -0.0127 0.0218014
v 0.0871705 0.0777365 0.0707184
vn 0.0138763 0.0113592 -0.0179883
v 0.0871705 0.0777365 0.0707184
vn -0.0138763 -0.0113592 0.0179883
v 0.0843047 0.0774636 0.0737547
vn -0.00864017 -0.0113592 -0.0210113
v 0.085176 0.078367 0.0717829
vn 0 -0.0254 0
v 0.0845101 0.0772649 0.0737108
vn 0 -0.0254 0
v 0.0845101 0.0772649 0.0737108
vn 0 0.0254 0
v 0.085176 0.078367 0.0717829
vn 0 0.0254 0
v 0.0843047 0.0774636 0.0737547
vn 0.00864017 0.0113592 0.0210113
v 0.0889274 0.076904 0.0694565
vn 0.0203441 0.0127 -0.0083658
v 0.0889274 0.076904 0.0694565
vn -0.0203441 -0.0127 0.0083658
v 0.0889056 0.0769613 0.0690804
vn 0.0203441 0.0127 -0.0083658
v 0.0889056 0.0769613 0.0690804
vn -0.0203441 -0.0127 0.0083658
v 0.0911106 0.0730353 0.0707867
vn 0.0174171 0.0127 0.0134356
v 0.0911106 0.0730353 0.0707867
vn -0.0174171 -0.0127 -0.0134356
v 0.0912446 0.0728145 0.0705076
vn 0.0174171 0.0127 0.0134356
v 0.0912446 0.0728145 0.0705076
vn -0.0174171 -0.0127 -0.0134356
v 0.0909922 0.0729346 0.0706883
vn 0 0.0254 0
v 0.0909922 0.0729346 0.0706883
vn 0 -0.0254 0
v 0.0908731 0.0728334 0.0705893
vn 0 -0.0254 0
v 0.0904116 0.0715323 0.0724749
vn 0.00864017 -0.0113592 0.0210113
v 0.0902072 0.0717313 0.0725172
vn 0 -0.0254 0
v 0.0902072 0.0717313 0.0725172
vn 0 0.0254 0
v 0.0904116 0.0715323 0.0724749
vn -0.00864017 0.0113592 -0.0210113
v 0.0908731 0.0728334 0.0705893
vn 0 0.0254 0
v 0.0903263 0.0718326 0.0726162
vn 0.00966 0 0.0234914
v 0.0903263 0.0718326 0.0726162
vn -0.00966 0 -0.0234914
v 0.0891908 0.070079 0.0720319
vn -0.00107891 0.0219064 0.0128104
v 0.0891908 0.070079 0.0720319
vn 0.00107891 -0.0219064 -0.0128104
v 0.0895781 0.070719 0.0709116
vn 0.00977857 0.0219064 0.00834562
v 0.0895781 0.070719 0.0709116
vn -0.00977857 -0.0219064 -0.00834562
v 0.089479 0.0709051 0.0695829
vn -0.0191814 -0.0160366 -0.00447904
v 0.177013 -0.0141105 0.0512372
vn -0.0191814 -0.0160366 -0.00447904
v 0.0895902 0.070875 0.0702517
vn -0.0148373 -0.0196408 -0.00626539
v 0.0824513 0.0758467 0.073754
vn 0.0148373 -0.0196408 0.00626539
v -0.00326123 0.159093 0.0917175
vn 0.0148373 -0.0196408 0.00626539
v 0.0827986 0.0762874 0.0733715
vn 0.00977857 -0.0219064 0.00834562
v -0.00326123 0.159093 0.0917175
vn 0.0148373 -0.0196408 0.00626539
v -0.00326123 0.159093 0.0917175
vn -0.0148373 0.0196408 -0.00626539
v -0.00326123 0.159093 0.0917175
vn 0.0148373 -0.0196408 0.00626539
v 0.0838437 0.0761626 0.0756395
vn 0 -0.0254 0
v 0.0838437 0.0761626 0.0756395
vn 0 0.0254 0
v 0.0839628 0.0762639 0.0757384
vn 0 0.0254 0
v 0.0837098 0.0763839 0.07592
vn -0.0174171 0.0127 -0.0134356
v 0.0850544 0.0743295 0.0764036
vn 0 0.0254 0
v 0.0850544 0.0743295 0.0764036
vn 0 -0.0254 0
v 0.0837098 0.0763839 0.07592
vn 0.0174171 -0.0127 0.0134356
v 0.0839628 0.0762639 0.0757384
vn 0 -0.0254 0
v 0.0840812 0.0763645 0.0758369
vn -0.0174171 0.0127 -0.0134356
v 0.0840812 0.0763645 0.0758369
vn 0.0174171 -0.0127 0.0134356
v 0.0851728 0.0744302 0.076502
vn -0.0225164 0.0113592 -0.00302306
v 0.0851728 0.0744302 0.076502
vn 0.0225164 -0.0113592 0.00302306
v 0.0848793 0.0743105 0.0766336
vn -0.0225164 0.0113592 -0.00302306
v 0.0861449 0.0723958 0.0770693
vn 0 0.0254 0
v 0.0861449 0.0723958 0.0770693
vn 0 -0.0254 0
v 0.0848793 0.0743105 0.0766336
vn 0.0225164 -0.0113592 0.00302306
v 0.175956 -0.0158588 0.0542961
vn -0.0104817 0.0160366 0.016677
v 0.175956 -0.0158588 0.0542961
vn 0.0104817 -0.0160366 -0.016677
v 0.175956 -0.0158588 0.0542961
vn 0.0104817 -0.0160366 -0.016677
v 0.088843 0.0696391 0.0724142
vn 0.00613766 -0.0196408 -0.0148906
v 0.176377 -0.0153767 0.0540693
vn 0.00613766 -0.0196408 -0.0148906
v 0.0884226 0.069157 0.072641
vn 0.0104817 -0.0160366 -0.016677
v 0.0862633 0.0724965 0.0771678
vn -0.0203441 0.0127 0.0083658
v 0.0862633 0.0724965 0.0771678
vn 0.0203441 -0.0127 -0.0083658
v 0.0879328 0.0713448 0.0759937
vn -0.0138763 0.0113592 0.0179883
v 0.0879024 0.0715626 0.0758076
vn 0 0.0254 0
v 0.0879024 0.0715626 0.0758076
vn 0 -0.0254 0
v 0.0879328 0.0713448 0.0759937
vn 0.0138763 -0.0113592 -0.0179883
v 0.0895413 0.0706292 0.074445
vn -0.00337988 0 0.0251741
v 0.0895413 0.0706292 0.074445
vn 0.00337988 -0 -0.0251741
v 0.0895413 0.0706292 0.074445
vn -0.00337988 0 0.0251741
v 0.0895413 0.0706292 0.074445
vn 0.00337988 -0 -0.0251741
v 0.0880208 0.0716632 0.075906
vn -0.0138763 0.0113592 0.0179883
v 0.0880208 0.0716632 0.075906
vn 0.0138763 -0.0113592 -0.0179883
v 0.0898162 0.0704524 0.074641
vn -0.00292707 0.0127 0.0218014
v 0.0896604 0.0707305 0.074544
vn 0 0.0254 0
v 0.0896604 0.0707305 0.074544
vn 0 -0.0254 0
v 0.0898162 0.0704524 0.074641
vn 0.00292707 -0.0127 -0.0218014
v -0.00251462 0.16033 0.0895549
vn 0.00613766 0.0196408 -0.0148906
v -0.00251462 0.16033 0.0895549
vn -0.00613766 -0.0196408 0.0148906
v -0.00291399 0.159535 0.0913341
vn -0.00977857 0.0219064 -0.00834562
v -0.00252722 0.160175 0.0902146
vn 0.00107891 0.0219064 -0.0128104
v -0.00252722 0.160175 0.0902146
vn -0.00107891 -0.0219064 0.0128104
v -0.00291399 0.159535 0.0913341
vn 0.00977857 -0.0219064 0.00834562
v -0.00252722 0.160175 0.0902146
vn -0.00107891 -0.0219064 0.0128104
v 0.0831859 0.0769274 0.0722512
vn -0.00107891 -0.0219064 0.0128104
v -0.00266304 0.159903 0.0908226
vn 0.00434983 -0.0226792 0.010578
v 0.0830495 0.0766561 0.072859
vn 0.00434983 -0.0226792 0.010578
v 0.0827986 0.0762874 0.0733715
vn 0.00977857 -0.0219064 0.00834562
v -0.00291399 0.159535 0.0913341
vn 0.00977857 -0.0219064 0.00834562
v 0.0830495 0.0766561 0.072859
vn 0.00434983 -0.0226792 0.010578
v 0.0844238 0.0775648 0.0738537
vn -0.00864017 0.0113592 -0.0210113
v 0.0846292 0.0773661 0.0738098
vn 0 0.0254 0
v 0.0846292 0.0773661 0.0738098
vn 0 -0.0254 0
v 0.0844238 0.0775648 0.0738537
vn 0.00864017 -0.0113592 0.0210113
v 0.0847476 0.0774668 0.0739082
vn -0.00864017 0.0113592 -0.0210113
v 0.0847476 0.0774668 0.0739082
vn 0.00864017 -0.0113592 0.0210113
v 0.0854135 0.0785689 0.0719804
vn 0.00292707 0.0127 -0.0218014
v 0.0854135 0.0785689 0.0719804
vn -0.00292707 -0.0127 0.0218014
v 0.0850191 0.0786447 0.0716876
vn 0.00292707 -0.0127 -0.0218014
v 0.0850191 0.0786447 0.0716876
vn -0.00292707 0.0127 0.0218014
v 0.0889274 0.076904 0.0694565
vn -0.0203441 -0.0127 0.0083658
v 0.0886019 0.0763644 0.0703999
vn 0.020975 -0.0114374 -0.00862523
v 0.0871705 0.0777365 0.0707184
vn -0.0138763 -0.0113592 0.0179883
v 0.0900195 0.0749699 0.0701208
vn -0.0225164 -0.0113592 -0.00302306
v 0.0889056 0.0769613 0.0690804
vn 0.0203441 0.0127 -0.0083658
v 0.0869025 0.0777523 0.0703349
vn 0.0138763 -0.0113592 -0.0179883
v 0.0870216 0.0778535 0.0704339
vn 0.0138763 0.0113592 -0.0179883
v 0.0870216 0.0778535 0.0704339
vn -0.0138763 -0.0113592 0.0179883
v 0.0869025 0.0777523 0.0703349
vn -0.0138763 0.0113592 0.0179883
v 0.0889056 0.0769613 0.0690804
vn -0.0203441 -0.0127 0.0083658
v 0.0850191 0.0786447 0.0716876
vn 0.00292707 -0.0127 -0.0218014
v 0.0851382 0.078746 0.0717866
vn 0.00292707 0.0127 -0.0218014
v 0.0851382 0.078746 0.0717866
vn -0.00292707 -0.0127 0.0218014
v 0.0850191 0.0786447 0.0716876
vn -0.00292707 0.0127 0.0218014
v 0.0911106 0.0730353 0.0707867
vn -0.0174171 -0.0127 -0.0134356
v 0.0892105 0.0756829 0.0703647
vn 0.0224927 -0.0114374 -0.0029026
v 0.0900751 0.0748879 0.069794
vn 0.0225164 0.0113592 0.00302306
v 0.0887865 0.07686 0.0689814
vn 0.0203441 -0.0127 -0.0083658
v 0.0889056 0.0769613 0.0690804
vn 0.0203441 0.0127 -0.0083658
v 0.0889056 0.0769613 0.0690804
vn -0.0203441 -0.0127 0.0083658
v 0.0887865 0.07686 0.0689814
vn -0.0203441 0.0127 0.0083658
v 0.0900751 0.0748879 0.069794
vn -0.0225164 -0.0113592 -0.00302306
v 0.0912446 0.0728145 0.0705076
vn 0.0174171 0.0127 0.0134356
v 0.089956 0.0747866 0.069695
vn 0.0225164 -0.0113592 0.00302306
v 0.089956 0.0747866 0.069695
vn -0.0225164 0.0113592 -0.00302306
v 0.0912446 0.0728145 0.0705076
vn -0.0174171 -0.0127 -0.0134356
v 0.0911106 0.0730353 0.0707867
vn 0.0174171 0.0127 0.0134356
v 0.0911106 0.0730353 0.0707867
vn -0.0174171 -0.0127 -0.0134356
v 0.0905307 0.0716335 0.0725739
vn 0.00864017 0.0113592 0.0210113
v 0.0905307 0.0716335 0.0725739
vn -0.00864017 -0.0113592 -0.0210113
v 0.0911255 0.0727132 0.0704086
vn 0.0174171 -0.0127 0.0134356
v 0.0911255 0.0727132 0.0704086
vn -0.0174171 0.0127 -0.0134356
v 0.0896972 0.0703511 0.074542
vn -0.00292707 -0.0127 0.0218014
v 0.0896972 0.0703511 0.074542
vn 0.00292707 0.0127 -0.0218014
v 0.0903263 0.0718326 0.0726162
vn 0 0.0254 0
v 0.0903263 0.0718326 0.0726162
vn 0 -0.0254 0
v 0.0894417 0.0704477 0.0715194
vn -0.00434983 -0.0226792 -0.010578
v 0.176976 -0.0145681 0.0531745
vn -0.00434983 -0.0226792 -0.010578
v 0.0891908 0.070079 0.0720319
vn 0.00107891 -0.0219064 -0.0128104
v 0.0895781 0.070719 0.0709116
vn -0.00977857 -0.0219064 -0.00834562
v 0.177112 -0.0142968 0.0525667
vn -0.00977857 -0.0219064 -0.00834562
v 0.0894417 0.0704477 0.0715194
vn -0.00434983 -0.0226792 -0.010578
v 0.0895902 0.070875 0.0702517
vn -0.0148373 -0.0196408 -0.00626539
v 0.177125 -0.0141406 0.051906
vn -0.0148373 -0.0196408 -0.00626539
v 0.0895781 0.070719 0.0709116
vn -0.00977857 -0.0219064 -0.00834562
v 0.177125 -0.0141406 0.051906
vn -0.0148373 -0.0196408 -0.00626539
v -0.00291399 0.159535 0.0913341
vn 0.00977857 -0.0219064 0.00834562
v 0.0835908 0.0762826 0.075821
vn -0.0174171 -0.0127 -0.0134356
v 0.0835908 0.0762826 0.075821
vn 0.0174171 0.0127 0.0134356
v 0.0840812 0.0763645 0.0758369
vn -0.0174171 0.0127 -0.0134356
v 0.0840812 0.0763645 0.0758369
vn 0.0174171 -0.0127 0.0134356
v 0.0862633 0.0724965 0.0771678
vn -0.0203441 0.0127 0.0083658
v 0.0862633 0.0724965 0.0771678
vn 0.0203441 -0.0127 -0.0083658
v 0.0860488 0.0722371 0.0773472
vn -0.0203441 0.0127 0.0083658
v 0.0860488 0.0722371 0.0773472
vn 0.0203441 -0.0127 -0.0083658
v 0.177125 -0.0141406 0.051906
vn 0.0148373 0.0196408 0.00626539
v 0.177125 -0.0141406 0.051906
vn -0.0148373 -0.0196408 -0.00626539
v 0.175956 -0.0158588 0.0542961
vn 0.0104817 -0.0160366 -0.016677
v 0.176377 -0.0153767 0.0540693
vn 0.00613766 -0.0196408 -0.0148906
v 0.088843 0.0696391 0.0724142
vn 0.00613766 -0.0196408 -0.0148906
v 0.176725 -0.0149368 0.053687
vn 0.00107891 -0.0219064 -0.0128104
v 0.0891908 0.070079 0.0720319
vn 0.00107891 -0.0219064 -0.0128104
v 0.0895413 0.0706292 0.074445
vn 0 -0.0254 0
v 0.0895413 0.0706292 0.074445
vn 0 0.0254 0
v 0.0896604 0.0707305 0.074544
vn -0.00337988 0 0.0251741
v 0.0896604 0.0707305 0.074544
vn 0.00337988 -0 -0.0251741
v 0.0897788 0.0708312 0.0746425
vn -0.00292707 0.0127 0.0218014
v 0.0897788 0.0708312 0.0746425
vn 0.00292707 -0.0127 -0.0218014
v -0.00266304 0.159903 0.0908226
vn -0.00434983 0.0226792 -0.010578
v -0.00266304 0.159903 0.0908226
vn 0.00434983 -0.0226792 0.010578
v -0.00266304 0.159903 0.0908226
vn 0.00434983 -0.0226792 0.010578
v 0.0854135 0.0785689 0.0719804
vn 0.00292707 0.0127 -0.0218014
v 0.0854135 0.0785689 0.0719804
vn -0.00292707 -0.0127 0.0218014
v 0.0850191 0.0786447 0.0716876
vn 0.00292707 -0.0127 -0.0218014
v 0.0844238 0.0775648 0.0738537
vn -0.00864017 0.0113592 -0.0210113
v 0.0851382 0.078746 0.0717866
vn 0.00292707 0.0127 -0.0218014
v 0.0851382 0.078746 0.0717866
vn -0.00292707 -0.0127 0.0218014
v 0.0844238 0.0775648 0.0738537
vn 0.00864017 -0.0113592 0.0210113
v 0.0850191 0.0786447 0.0716876
vn -0.00292707 0.0127 0.0218014
v 0.0854135 0.0785689 0.0719804
vn -0.00292707 -0.0127 0.0218014
v 0.0879251 0.0769315 0.0706339
vn 0.0180279 -0.0114374 -0.0137601
v 0.086933 0.0775345 0.070521
vn 0 -0.0254 0
v 0.086933 0.0775345 0.070521
vn 0 0.0254 0
v 0.0843047 0.0774636 0.0737547
vn -0.00864017 -0.0113592 -0.0210113
v 0.0843047 0.0774636 0.0737547
vn 0.00864017 0.0113592 0.0210113
v 0.0887865 0.07686 0.0689814
vn 0.0203441 -0.0127 -0.0083658
v 0.0887865 0.07686 0.0689814
vn -0.0203441 0.0127 0.0083658
v 0.0897092 0.0749349 0.0705297
vn 0.0224775 -0.0114374 0.00301781
v 0.0911255 0.0727132 0.0704086
vn 0.0174171 -0.0127 0.0134356
v 0.0911255 0.0727132 0.0704086
vn -0.0174171 0.0127 -0.0134356
v 0.0904447 0.0719332 0.0727146
vn 0.00864017 0.0113592 0.0210113
v 0.0904447 0.0719332 0.0727146
vn -0.00864017 -0.0113592 -0.0210113
v 0.0904116 0.0715323 0.0724749
vn 0.00864017 -0.0113592 0.0210113
v 0.0912446 0.0728145 0.0705076
vn 0.0174171 0.0127 0.0134356
v 0.0905307 0.0716335 0.0725739
vn 0.00864017 0.0113592 0.0210113
v 0.0905307 0.0716335 0.0725739
vn -0.00864017 -0.0113592 -0.0210113
v 0.0912446 0.0728145 0.0705076
vn -0.0174171 -0.0127 -0.0134356
v 0.0904116 0.0715323 0.0724749
vn -0.00864017 0.0113592 -0.0210113
v 0.0897821 0.0747679 0.0699234
vn 0 -0.0254 0
v 0.0897821 0.0747679 0.0699234
vn 0 0.0254 0
v 0.0911255 0.0727132 0.0704086
vn 0.0174171 -0.0127 0.0134356
v 0.0911255 0.0727132 0.0704086
vn -0.0174171 0.0127 -0.0134356
v 0.0896972 0.0703511 0.074542
vn -0.00292707 -0.0127 0.0218014
v 0.0896972 0.0703511 0.074542
vn 0.00292707 0.0127 -0.0218014
v 0.176725 -0.0149368 0.053687
vn 0.00107891 -0.0219064 -0.0128104
v 0.176976 -0.0145681 0.0531745
vn -0.00434983 -0.0226792 -0.010578
v 0.177112 -0.0142968 0.0525667
vn -0.00977857 -0.0219064 -0.00834562
v 0.0849353 0.0742283 0.0763046
vn 0 -0.0254 0
v 0.0849353 0.0742283 0.0763046
vn 0 0.0254 0
v 0.0837098 0.0763839 0.07592
vn -0.0174171 0.0127 -0.0134356
v 0.0835908 0.0762826 0.075821
vn -0.0174171 -0.0127 -0.0134356
v 0.0835908 0.0762826 0.075821
vn 0.0174171 0.0127 0.0134356
v 0.0837098 0.0763839 0.07592
vn 0.0174171 -0.0127 0.0134356
v 0.0837098 0.0763839 0.07592
vn -0.0174171 0.0127 -0.0134356
v 0.0847603 0.0742092 0.0765346
vn -0.0225164 -0.0113592 -0.00302306
v 0.0848793 0.0743105 0.0766336
vn -0.0225164 0.0113592 -0.00302306
v 0.0848793 0.0743105 0.0766336
vn 0.0225164 -0.0113592 0.00302306
v 0.0847603 0.0742092 0.0765346
vn 0.0225164 0.0113592 0.00302306
v 0.0837098 0.0763839 0.07592
vn 0.0174171 -0.0127 0.0134356
v 0.0851728 0.0744302 0.076502
vn 0.0225164 -0.0113592 0.00302306
v 0.0840812 0.0763645 0.0758369
vn 0.0174171 -0.0127 0.0134356
v 0.0851283 0.0752288 0.0757389
vn -0.0209305 -0.0114374 -0.0087326
v 0.0862633 0.0724965 0.0771678
vn 0.0203441 -0.0127 -0.0083658
v 0.0865899 0.0730354 0.0762238
vn -0.020975 -0.0114374 0.00862523
v 0.0859298 0.0721358 0.0772482
vn -0.0203441 -0.0127 0.0083658
v 0.0860488 0.0722371 0.0773472
vn -0.0203441 0.0127 0.0083658
v 0.0860488 0.0722371 0.0773472
vn 0.0203441 -0.0127 -0.0083658
v 0.0859298 0.0721358 0.0772482
vn 0.0203441 0.0127 -0.0083658
v 0.176377 -0.0153767 0.0540693
vn -0.00613766 0.0196408 0.0148906
v 0.176377 -0.0153767 0.0540693
vn 0.00613766 -0.0196408 -0.0148906
v 0.177112 -0.0142968 0.0525667
vn 0.00977857 0.0219064 0.00834562
v 0.176725 -0.0149368 0.053687
vn -0.00107891 0.0219064 0.0128104
v 0.176725 -0.0149368 0.053687
vn 0.00107891 -0.0219064 -0.0128104
v 0.177112 -0.0142968 0.0525667
vn -0.00977857 -0.0219064 -0.00834562
v 0.0880208 0.0716632 0.075906
vn 0.0138763 -0.0113592 -0.0179883
v 0.0879328 0.0713448 0.0759937
vn -0.0138763 0.0113592 0.0179883
v 0.0896972 0.0703511 0.074542
vn -0.00292707 -0.0127 0.0218014
v 0.0898162 0.0704524 0.074641
vn -0.00292707 0.0127 0.0218014
v 0.0898162 0.0704524 0.074641
vn 0.00292707 -0.0127 -0.0218014
v 0.0896972 0.0703511 0.074542
vn 0.00292707 0.0127 -0.0218014
v 0.0879328 0.0713448 0.0759937
vn 0.0138763 -0.0113592 -0.0179883
v 0.0860488 0.0722371 0.0773472
vn -0.0203441 0.0127 0.0083658
v 0.0878137 0.0712436 0.0758947
vn -0.0138763 -0.0113592 0.0179883
v 0.0878137 0.0712436 0.0758947
vn 0.0138763 0.0113592 -0.0179883
v 0.0860488 0.0722371 0.0773472
vn 0.0203441 -0.0127 -0.0083658
v 0.0877833 0.0714613 0.0757086
vn 0 -0.0254 0
v 0.0877833 0.0714613 0.0757086
vn 0 0.0254 0
v 0.0897788 0.0708312 0.0746425
vn -0.00292707 0.0127 0.0218014
v 0.0897788 0.0708312 0.0746425
vn 0.00292707 -0.0127 -0.0218014
v 0.0886404 0.0718177 0.0750028
vn -0.0087326 -0.0114374 0.0209305
v 0.0897788 0.0708312 0.0746425
vn 0.00292707 -0.0127 -0.0218014
v 0.0898162 0.0704524 0.074641
vn -0.00292707 0.0127 0.0218014
v 0.0898162 0.0704524 0.074641
vn 0.00292707 -0.0127 -0.0218014
v 0.0847476 0.0774668 0.0739082
vn 0.00864017 -0.0113592 0.0210113
v 0.0859483 0.0776211 0.0723063
vn 0.00301781 -0.0114374 -0.0224775
v 0.0851123 0.0771121 0.0738323
vn -0.00862523 -0.0114374 -0.020975
v 0.0872259 0.0773472 0.0710498
vn 0.0138523 -0.0114374 -0.0179572
v 0.0869025 0.0777523 0.0703349
vn 0.0138763 -0.0113592 -0.0179883
v 0.0869025 0.0777523 0.0703349
vn -0.0138763 0.0113592 0.0179883
v 0.0879251 0.0769315 0.0706339
vn -0.0180279 0.0114374 0.0137601
v 0.0880091 0.0758605 0.069907
vn -0.020975 0.0114374 0.00862523
v 0.0886019 0.0763644 0.0703999
vn -0.020975 0.0114374 0.00862523
v 0.0886019 0.0763644 0.0703999
vn 0.020975 -0.0114374 -0.00862523
v 0.0880091 0.0758605 0.069907
vn 0.020975 -0.0114374 -0.00862523
v 0.0879251 0.0769315 0.0706339
vn 0.0180279 -0.0114374 -0.0137601
v 0.0886019 0.0763644 0.0703999
vn -0.020975 0.0114374 0.00862523
v 0.0886178 0.0751789 0.0698718
vn -0.0224927 0.0114374 0.0029026
v 0.0892105 0.0756829 0.0703647
vn -0.0224927 0.0114374 0.0029026
v 0.0892105 0.0756829 0.0703647
vn 0.0224927 -0.0114374 -0.0029026
v 0.0886178 0.0751789 0.0698718
vn 0.0224927 -0.0114374 -0.0029026
v 0.0886019 0.0763644 0.0703999
vn 0.020975 -0.0114374 -0.00862523
v 0.0886899 0.0767021 0.0692591
vn 0 -0.0254 0
v 0.0887865 0.07686 0.0689814
vn 0.0203441 -0.0127 -0.0083658
v 0.0887865 0.07686 0.0689814
vn -0.0203441 0.0127 0.0083658
v 0.0886899 0.0767021 0.0692591
vn 0 0.0254 0
v 0.0892105 0.0756829 0.0703647
vn -0.0224927 0.0114374 0.0029026
v 0.0891165 0.074431 0.0700369
vn -0.0224775 0.0114374 -0.00301781
v 0.0897092 0.0749349 0.0705297
vn -0.0224775 0.0114374 -0.00301781
v 0.0897092 0.0749349 0.0705297
vn 0.0224775 -0.0114374 0.00301781
v 0.0891165 0.074431 0.0700369
vn 0.0224775 -0.0114374 0.00301781
v 0.0892105 0.0756829 0.0703647
vn 0.0224927 -0.0114374 -0.0029026
v 0.0900635 0.0741711 0.0708847
vn 0.0209305 -0.0114374 0.0087326
v 0.089956 0.0747866 0.069695
vn 0.0225164 -0.0113592 0.00302306
v 0.089956 0.0747866 0.069695
vn -0.0225164 0.0113592 -0.00302306
v 0.0904447 0.0719332 0.0727146
vn -0.00864017 -0.0113592 -0.0210113
v 0.0902497 0.0734424 0.0714059
vn 0.0179572 -0.0114374 0.0138523
v 0.176976 -0.0145681 0.0531745
vn 0.00434983 0.0226792 0.010578
v 0.176976 -0.0145681 0.0531745
vn -0.00434983 -0.0226792 -0.010578
v 0.0847603 0.0742092 0.0765346
vn -0.0225164 -0.0113592 -0.00302306
v 0.0847603 0.0742092 0.0765346
vn 0.0225164 0.0113592 0.00302306
v 0.0835908 0.0762826 0.075821
vn -0.0174171 -0.0127 -0.0134356
v 0.0835908 0.0762826 0.075821
vn 0.0174171 0.0127 0.0134356
v 0.0849416 0.0759573 0.0752185
vn -0.0179572 -0.0114374 -0.0138523
v 0.0854826 0.0744649 0.0760939
vn -0.0224775 -0.0114374 -0.00301781
v 0.0859813 0.073717 0.076259
vn -0.0224927 -0.0114374 0.0029026
v 0.0859298 0.0721358 0.0772482
vn -0.0203441 -0.0127 0.0083658
v 0.0859298 0.0721358 0.0772482
vn 0.0203441 0.0127 -0.0083658
v 0.0872667 0.0724684 0.0759897
vn -0.0180279 -0.0114374 0.0137601
v 0.0878137 0.0712436 0.0758947
vn -0.0138763 -0.0113592 0.0179883
v 0.0878137 0.0712436 0.0758947
vn 0.0138763 0.0113592 -0.0179883
v 0.0900795 0.0722878 0.0727913
vn 0.00862523 -0.0114374 0.020975
v 0.089244 0.071779 0.0743165
vn -0.00301781 -0.0114374 0.0224775
v 0.0879664 0.0720529 0.075573
vn -0.0138523 -0.0114374 0.0179572
v 0.0865508 0.077583 0.0716207
vn 0.0087326 -0.0114374 -0.0209305
v 0.0854567 0.0774611 0.0730613
vn -0.0029026 -0.0114374 -0.0224927
v 0.0849364 0.0765991 0.0745684
vn -0.0137601 -0.0114374 -0.0180279
v 0.0872259 0.0773472 0.0710498
vn -0.0138523 0.0114374 0.0179572
v 0.0873324 0.0764275 0.0701411
vn -0.0180279 0.0114374 0.0137601
v 0.0879251 0.0769315 0.0706339
vn -0.0180279 0.0114374 0.0137601
v 0.0879251 0.0769315 0.0706339
vn 0.0180279 -0.0114374 -0.0137601
v 0.0873324 0.0764275 0.0701411
vn 0.0180279 -0.0114374 -0.0137601
v 0.0872259 0.0773472 0.0710498
vn 0.0138523 -0.0114374 -0.0179572
v 0.0873324 0.0764275 0.0701411
vn -0.0180279 0.0114374 0.0137601
v 0.0873324 0.0764275 0.0701411
vn 0.0180279 -0.0114374 -0.0137601
v 0.0880091 0.0758605 0.069907
vn -0.020975 0.0114374 0.00862523
v 0.0880091 0.0758605 0.069907
vn 0.020975 -0.0114374 -0.00862523
v 0.0886178 0.0751789 0.0698718
vn -0.0224927 0.0114374 0.0029026
v 0.0886178 0.0751789 0.0698718
vn 0.0224927 -0.0114374 -0.0029026
v 0.0894708 0.0736671 0.0703919
vn -0.0209305 0.0114374 -0.0087326
v 0.0897092 0.0749349 0.0705297
vn -0.0224775 0.0114374 -0.00301781
v 0.0891165 0.074431 0.0700369
vn -0.0224775 0.0114374 -0.00301781
v 0.0891165 0.074431 0.0700369
vn 0.0224775 -0.0114374 0.00301781
v 0.0897092 0.0749349 0.0705297
vn 0.0224775 -0.0114374 0.00301781
v 0.0894708 0.0736671 0.0703919
vn 0.0209305 -0.0114374 0.0087326
v 0.0900635 0.0741711 0.0708847
vn -0.0209305 0.0114374 -0.0087326
v 0.0900635 0.0741711 0.0708847
vn 0.0209305 -0.0114374 0.0087326
v 0.0902548 0.0728006 0.0720561
vn 0.0137601 -0.0114374 0.0180279
v 0.0860258 0.0722946 0.0769703
vn 0 -0.0254 0
v 0.0860258 0.0722946 0.0769703
vn 0 0.0254 0
v 0.0859298 0.0721358 0.0772482
vn -0.0203441 -0.0127 0.0083658
v 0.0859298 0.0721358 0.0772482
vn 0.0203441 0.0127 -0.0083658
v 0.0845355 0.0747248 0.0752461
vn 0.0209305 0.0114374 0.0087326
v 0.0849416 0.0759573 0.0752185
vn 0.0179572 0.0114374 0.0138523
v 0.0851283 0.0752288 0.0757389
vn 0.0209305 0.0114374 0.0087326
v 0.0851283 0.0752288 0.0757389
vn -0.0209305 -0.0114374 -0.0087326
v 0.0849416 0.0759573 0.0752185
vn -0.0179572 -0.0114374 -0.0138523
v 0.0845355 0.0747248 0.0752461
vn -0.0209305 -0.0114374 -0.0087326
v 0.0854826 0.0744649 0.0760939
vn 0.0224775 0.0114374 0.00301781
v 0.0845355 0.0747248 0.0752461
vn 0.0209305 0.0114374 0.0087326
v 0.0851283 0.0752288 0.0757389
vn 0.0209305 0.0114374 0.0087326
v 0.0851283 0.0752288 0.0757389
vn -0.0209305 -0.0114374 -0.0087326
v 0.0845355 0.0747248 0.0752461
vn -0.0209305 -0.0114374 -0.0087326
v 0.0854826 0.0744649 0.0760939
vn -0.0224775 -0.0114374 -0.00301781
v 0.0865899 0.0730354 0.0762238
vn 0.020975 0.0114374 -0.00862523
v 0.0853885 0.073213 0.0757661
vn 0.0224927 0.0114374 -0.0029026
v 0.0859813 0.073717 0.076259
vn 0.0224927 0.0114374 -0.0029026
v 0.0859813 0.073717 0.076259
vn -0.0224927 -0.0114374 0.0029026
v 0.0853885 0.073213 0.0757661
vn -0.0224927 -0.0114374 0.0029026
v 0.0865899 0.0730354 0.0762238
vn -0.020975 -0.0114374 0.00862523
v 0.0872667 0.0724684 0.0759897
vn 0.0180279 0.0114374 -0.0137601
v 0.0859972 0.0725315 0.075731
vn 0.020975 0.0114374 -0.00862523
v 0.0865899 0.0730354 0.0762238
vn 0.020975 0.0114374 -0.00862523
v 0.0865899 0.0730354 0.0762238
vn -0.020975 -0.0114374 0.00862523
v 0.0859972 0.0725315 0.075731
vn -0.020975 -0.0114374 0.00862523
v 0.0872667 0.0724684 0.0759897
vn -0.0180279 -0.0114374 0.0137601
v 0.0897346 0.0719386 0.0735632
vn 0.0029026 -0.0114374 0.0224927
v 0.0886512 0.071275 0.0738237
vn 0.00301781 0.0114374 -0.0224775
v 0.0886404 0.0718177 0.0750028
vn 0.0087326 0.0114374 -0.0209305
v 0.089244 0.071779 0.0743165
vn 0.00301781 0.0114374 -0.0224775
v 0.089244 0.071779 0.0743165
vn -0.00301781 -0.0114374 0.0224775
v 0.0886404 0.0718177 0.0750028
vn -0.0087326 -0.0114374 0.0209305
v 0.0886512 0.071275 0.0738237
vn -0.00301781 -0.0114374 0.0224775
v 0.0886404 0.0718177 0.0750028
vn 0.0087326 0.0114374 -0.0209305
v 0.0873736 0.0715489 0.0750802
vn 0.0138523 0.0114374 -0.0179572
v 0.0879664 0.0720529 0.075573
vn 0.0138523 0.0114374 -0.0179572
v 0.0879664 0.0720529 0.075573
vn -0.0138523 -0.0114374 0.0179572
v 0.0873736 0.0715489 0.0750802
vn -0.0138523 -0.0114374 0.0179572
v 0.0886404 0.0718177 0.0750028
vn -0.0087326 -0.0114374 0.0209305
v 0.0853556 0.0771171 0.0718135
vn -0.00301781 0.0114374 0.0224775
v 0.0865508 0.077583 0.0716207
vn -0.0087326 0.0114374 0.0209305
v 0.0859483 0.0776211 0.0723063
vn -0.00301781 0.0114374 0.0224775
v 0.0859483 0.0776211 0.0723063
vn 0.00301781 -0.0114374 -0.0224775
v 0.0865508 0.077583 0.0716207
vn 0.0087326 -0.0114374 -0.0209305
v 0.0853556 0.0771171 0.0718135
vn 0.00301781 -0.0114374 -0.0224775
v 0.0848639 0.0769571 0.0725684
vn 0.0029026 0.0114374 0.0224927
v 0.0859483 0.0776211 0.0723063
vn -0.00301781 0.0114374 0.0224775
v 0.0854567 0.0774611 0.0730613
vn 0.0029026 0.0114374 0.0224927
v 0.0854567 0.0774611 0.0730613
vn -0.0029026 -0.0114374 -0.0224927
v 0.0859483 0.0776211 0.0723063
vn 0.00301781 -0.0114374 -0.0224775
v 0.0848639 0.0769571 0.0725684
vn -0.0029026 -0.0114374 -0.0224927
v 0.0845196 0.0766081 0.0733395
vn 0.00862523 0.0114374 0.020975
v 0.0854567 0.0774611 0.0730613
vn 0.0029026 0.0114374 0.0224927
v 0.0851123 0.0771121 0.0738323
vn 0.00862523 0.0114374 0.020975
v 0.0851123 0.0771121 0.0738323
vn -0.00862523 -0.0114374 -0.020975
v 0.0854567 0.0774611 0.0730613
vn -0.0029026 -0.0114374 -0.0224927
v 0.0845196 0.0766081 0.0733395
vn -0.00862523 -0.0114374 -0.020975
v 0.0843437 0.0760952 0.0740756
vn 0.0137601 0.0114374 0.0180279
v 0.0851123 0.0771121 0.0738323
vn 0.00862523 0.0114374 0.020975
v 0.0849364 0.0765991 0.0745684
vn 0.0137601 0.0114374 0.0180279
v 0.0849364 0.0765991 0.0745684
vn -0.0137601 -0.0114374 -0.0180279
v 0.0851123 0.0771121 0.0738323
vn -0.00862523 -0.0114374 -0.020975
v 0.0843437 0.0760952 0.0740756
vn -0.0137601 -0.0114374 -0.0180279
v 0.0865508 0.077583 0.0716207
vn -0.0087326 0.0114374 0.0209305
v 0.0866332 0.0768432 0.070557
vn -0.0138523 0.0114374 0.0179572
v 0.0872259 0.0773472 0.0710498
vn -0.0138523 0.0114374 0.0179572
v 0.0872259 0.0773472 0.0710498
vn 0.0138523 -0.0114374 -0.0179572
v 0.0866332 0.0768432 0.070557
vn 0.0138523 -0.0114374 -0.0179572
v 0.0865508 0.077583 0.0716207
vn 0.0087326 -0.0114374 -0.0209305
v 0.0866332 0.0768432 0.070557
vn -0.0138523 0.0114374 0.0179572
v 0.0866332 0.0768432 0.070557
vn 0.0138523 -0.0114374 -0.0179572
v 0.0880091 0.0758605 0.069907
vn 0.020975 -0.0114374 -0.00862523
v 0.0886178 0.0751789 0.0698718
vn 0.0224927 -0.0114374 -0.0029026
v 0.0873324 0.0764275 0.0701411
vn 0.0180279 -0.0114374 -0.0137601
v 0.0891165 0.074431 0.0700369
vn 0.0224775 -0.0114374 0.00301781
v 0.0878914 0.0756656 0.0702478
vn -0.020975 -0.0114374 0.00862523
v 0.0894708 0.0736671 0.0703919
vn 0.0209305 -0.0114374 0.0087326
v 0.0884293 0.0750645 0.0702155
vn -0.0224927 -0.0114374 0.0029026
v 0.0894708 0.0736671 0.0703919
vn -0.0209305 0.0114374 -0.0087326
v 0.0902497 0.0734424 0.0714059
vn -0.0179572 0.0114374 -0.0138523
v 0.0900635 0.0741711 0.0708847
vn -0.0209305 0.0114374 -0.0087326
v 0.0900635 0.0741711 0.0708847
vn 0.0209305 -0.0114374 0.0087326
v 0.0902497 0.0734424 0.0714059
vn 0.0179572 -0.0114374 0.0138523
v 0.0894708 0.0736671 0.0703919
vn 0.0209305 -0.0114374 0.0087326
v 0.0896569 0.0729384 0.0709131
vn -0.0179572 0.0114374 -0.0138523
v 0.0902548 0.0728006 0.0720561
vn -0.0137601 0.0114374 -0.0180279
v 0.0902497 0.0734424 0.0714059
vn -0.0179572 0.0114374 -0.0138523
v 0.0902497 0.0734424 0.0714059
vn 0.0179572 -0.0114374 0.0138523
v 0.0902548 0.0728006 0.0720561
vn 0.0137601 -0.0114374 0.0180279
v 0.0896569 0.0729384 0.0709131
vn 0.0179572 -0.0114374 0.0138523
v 0.0843488 0.0754533 0.0747257
vn 0.0179572 0.0114374 0.0138523
v 0.0849364 0.0765991 0.0745684
vn 0.0137601 0.0114374 0.0180279
v 0.0849416 0.0759573 0.0752185
vn 0.0179572 0.0114374 0.0138523
v 0.0849416 0.0759573 0.0752185
vn -0.0179572 -0.0114374 -0.0138523
v 0.0849364 0.0765991 0.0745684
vn -0.0137601 -0.0114374 -0.0180279
v 0.0843488 0.0754533 0.0747257
vn -0.0179572 -0.0114374 -0.0138523
v 0.0843488 0.0754533 0.0747257
vn 0.0179572 0.0114374 0.0138523
v 0.0843488 0.0754533 0.0747257
vn -0.0179572 -0.0114374 -0.0138523
v 0.0859813 0.073717 0.076259
vn 0.0224927 0.0114374 -0.0029026
v 0.0848898 0.073961 0.0756011
vn 0.0224775 0.0114374 0.00301781
v 0.0854826 0.0744649 0.0760939
vn 0.0224775 0.0114374 0.00301781
v 0.0854826 0.0744649 0.0760939
vn -0.0224775 -0.0114374 -0.00301781
v 0.0848898 0.073961 0.0756011
vn -0.0224775 -0.0114374 -0.00301781
v 0.0859813 0.073717 0.076259
vn -0.0224927 -0.0114374 0.0029026
v 0.0848898 0.073961 0.0756011
vn 0.0224775 0.0114374 0.00301781
v 0.0848898 0.073961 0.0756011
vn -0.0224775 -0.0114374 -0.00301781
v 0.0859972 0.0725315 0.075731
vn 0.020975 0.0114374 -0.00862523
v 0.0859972 0.0725315 0.075731
vn -0.020975 -0.0114374 0.00862523
v 0.0853885 0.073213 0.0757661
vn 0.0224927 0.0114374 -0.0029026
v 0.0853885 0.073213 0.0757661
vn -0.0224927 -0.0114374 0.0029026
v 0.0879664 0.0720529 0.075573
vn 0.0138523 0.0114374 -0.0179572
v 0.0866739 0.0719644 0.0754969
vn 0.0180279 0.0114374 -0.0137601
v 0.0872667 0.0724684 0.0759897
vn 0.0180279 0.0114374 -0.0137601
v 0.0872667 0.0724684 0.0759897
vn -0.0180279 -0.0114374 0.0137601
v 0.0866739 0.0719644 0.0754969
vn -0.0180279 -0.0114374 0.0137601
v 0.0879664 0.0720529 0.075573
vn -0.0138523 -0.0114374 0.0179572
v 0.0866739 0.0719644 0.0754969
vn 0.0180279 0.0114374 -0.0137601
v 0.0866739 0.0719644 0.0754969
vn -0.0180279 -0.0114374 0.0137601
v 0.0896621 0.0722966 0.0715633
vn -0.0137601 0.0114374 -0.0180279
v 0.0900795 0.0722878 0.0727913
vn -0.00862523 0.0114374 -0.020975
v 0.0902548 0.0728006 0.0720561
vn -0.0137601 0.0114374 -0.0180279
v 0.0902548 0.0728006 0.0720561
vn 0.0137601 -0.0114374 0.0180279
v 0.0900795 0.0722878 0.0727913
vn 0.00862523 -0.0114374 0.020975
v 0.0896621 0.0722966 0.0715633
vn 0.0137601 -0.0114374 0.0180279
v 0.0894867 0.0717838 0.0722985
vn -0.00862523 0.0114374 -0.020975
v 0.0897346 0.0719386 0.0735632
vn -0.0029026 0.0114374 -0.0224927
v 0.0900795 0.0722878 0.0727913
vn -0.00862523 0.0114374 -0.020975
v 0.0900795 0.0722878 0.0727913
vn 0.00862523 -0.0114374 0.020975
v 0.0897346 0.0719386 0.0735632
vn 0.0029026 -0.0114374 0.0224927
v 0.0894867 0.0717838 0.0722985
vn 0.00862523 -0.0114374 0.020975
v 0.0891418 0.0714347 0.0730704
vn -0.0029026 0.0114374 -0.0224927
v 0.089244 0.071779 0.0743165
vn 0.00301781 0.0114374 -0.0224775
v 0.0897346 0.0719386 0.0735632
vn -0.0029026 0.0114374 -0.0224927
v 0.0897346 0.0719386 0.0735632
vn 0.0029026 -0.0114374 0.0224927
v 0.089244 0.071779 0.0743165
vn -0.00301781 -0.0114374 0.0224775
v 0.0891418 0.0714347 0.0730704
vn 0.0029026 -0.0114374 0.0224927
v 0.0880477 0.0713137 0.07451
vn 0.0087326 0.0114374 -0.0209305
v 0.0880477 0.0713137 0.07451
vn -0.0087326 -0.0114374 0.0209305
v 0.0886512 0.071275 0.0738237
vn 0.00301781 0.0114374 -0.0224775
v 0.0886512 0.071275 0.0738237
vn -0.00301781 -0.0114374 0.0224775
v 0.0880477 0.0713137 0.07451
vn 0.0087326 0.0114374 -0.0209305
v 0.0880477 0.0713137 0.07451
vn -0.0087326 -0.0114374 0.0209305
v 0.0873736 0.0715489 0.0750802
vn 0.0138523 0.0114374 -0.0179572
v 0.0873736 0.0715489 0.0750802
vn -0.0138523 -0.0114374 0.0179572
v 0.085958 0.077079 0.0711278
vn -0.0087326 0.0114374 0.0209305
v 0.085958 0.077079 0.0711278
vn 0.0087326 -0.0114374 -0.0209305
v 0.0853556 0.0771171 0.0718135
vn -0.00301781 0.0114374 0.0224775
v 0.0853556 0.0771171 0.0718135
vn 0.00301781 -0.0114374 -0.0224775
v 0.0848639 0.0769571 0.0725684
vn 0.0029026 0.0114374 0.0224927
v 0.0848639 0.0769571 0.0725684
vn -0.0029026 -0.0114374 -0.0224927
v 0.0845196 0.0766081 0.0733395
vn 0.00862523 0.0114374 0.020975
v 0.0845196 0.0766081 0.0733395
vn -0.00862523 -0.0114374 -0.020975
v 0.0843437 0.0760952 0.0740756
vn 0.0137601 0.0114374 0.0180279
v 0.0843437 0.0760952 0.0740756
vn -0.0137601 -0.0114374 -0.0180279
v 0.085958 0.077079 0.0711278
vn -0.0087326 0.0114374 0.0209305
v 0.085958 0.077079 0.0711278
vn 0.0087326 -0.0114374 -0.0209305
v 0.0866332 0.0768432 0.070557
vn 0.0138523 -0.0114374 -0.0179572
v 0.0888701 0.0744032 0.0703616
vn -0.0224775 -0.0114374 -0.00301781
v 0.0896569 0.0729384 0.0709131
vn -0.0179572 0.0114374 -0.0138523
v 0.0896569 0.0729384 0.0709131
vn 0.0179572 -0.0114374 0.0138523
v 0.0896621 0.0722966 0.0715633
vn -0.0137601 0.0114374 -0.0180279
v 0.0896621 0.0722966 0.0715633
vn 0.0137601 -0.0114374 0.0180279
v 0.0845355 0.0747248 0.0752461
vn -0.0209305 -0.0114374 -0.0087326
v 0.0843488 0.0754533 0.0747257
vn -0.0179572 -0.0114374 -0.0138523
v 0.0848232 0.0746634 0.0749629
vn 0.0209305 -0.0114374 0.0087326
v 0.0848898 0.073961 0.0756011
vn -0.0224775 -0.0114374 -0.00301781
v 0.0851362 0.0739887 0.0752764
vn 0.0224775 -0.0114374 0.00301781
v 0.0859972 0.0725315 0.075731
vn -0.020975 -0.0114374 0.00862523
v 0.0853885 0.073213 0.0757661
vn -0.0224927 -0.0114374 0.0029026
v 0.0866739 0.0719644 0.0754969
vn -0.0180279 -0.0114374 0.0137601
v 0.0861143 0.0727262 0.075391
vn 0.020975 -0.0114374 -0.00862523
v 0.0894867 0.0717838 0.0722985
vn -0.00862523 0.0114374 -0.020975
v 0.0894867 0.0717838 0.0722985
vn 0.00862523 -0.0114374 0.020975
v 0.0891418 0.0714347 0.0730704
vn -0.0029026 0.0114374 -0.0224927
v 0.0891418 0.0714347 0.0730704
vn 0.0029026 -0.0114374 0.0224927
v 0.0880477 0.0713137 0.07451
vn -0.0087326 -0.0114374 0.0209305
v 0.0879256 0.07165 0.074313
vn 0.0087326 -0.0114374 -0.0209305
v 0.0886512 0.071275 0.0738237
vn -0.00301781 -0.0114374 0.0224775
v 0.0884587 0.0716159 0.0737067
vn 0.00301781 -0.0114374 -0.0224775
v 0.0891418 0.0714347 0.0730704
vn 0.0029026 -0.0114374 0.0224927
v 0.0873736 0.0715489 0.0750802
vn -0.0138523 -0.0114374 0.0179572
v 0.0873304 0.0718573 0.0748169
vn 0.0138523 -0.0114374 -0.0179572
v 0.0853556 0.0771171 0.0718135
vn 0.00301781 -0.0114374 -0.0224775
v 0.085958 0.077079 0.0711278
vn 0.0087326 -0.0114374 -0.0209305
v 0.0860796 0.0767426 0.0713257
vn -0.0087326 -0.0114374 0.0209305
v 0.0848639 0.0769571 0.0725684
vn -0.0029026 -0.0114374 -0.0224927
v 0.0855476 0.0767761 0.0719313
vn -0.00301781 -0.0114374 0.0224775
v 0.0845196 0.0766081 0.0733395
vn -0.00862523 -0.0114374 -0.020975
v 0.0851132 0.0766351 0.0725979
vn 0.0029026 -0.0114374 0.0224927
v 0.0843437 0.0760952 0.0740756
vn -0.0137601 -0.0114374 -0.0180279
v 0.0848087 0.0763273 0.0732789
vn 0.00862523 -0.0114374 0.020975
v 0.084659 0.0753064 0.0745029
vn 0.0179572 -0.0114374 0.0138523
v 0.0872934 0.0761678 0.0704536
vn -0.0180279 -0.0114374 0.0137601
v 0.0884293 0.0750645 0.0702155
vn -0.0224927 -0.0114374 0.0029026
v 0.0905635 0.076879 0.07199
vn -0.0224927 -0.0114374 0.0029026
v 0.0878914 0.0756656 0.0702478
vn -0.020975 -0.0114374 0.00862523
v 0.0888701 0.0744032 0.0703616
vn -0.0224775 -0.0114374 -0.00301781
v 0.0910043 0.0762177 0.0721361
vn -0.0224775 -0.0114374 -0.00301781
v 0.0884293 0.0750645 0.0702155
vn -0.0224927 -0.0114374 0.0029026
v 0.089183 0.0737286 0.0706751
vn -0.0209305 -0.0114374 -0.0087326
v 0.0896569 0.0729384 0.0709131
vn 0.0179572 -0.0114374 0.0138523
v 0.0896621 0.0722966 0.0715633
vn 0.0137601 -0.0114374 0.0180279
v 0.0893478 0.0730857 0.0711343
vn -0.0179572 -0.0114374 -0.0138523
v 0.085577 0.0733274 0.0754225
vn 0.0224927 -0.0114374 -0.0029026
v 0.0894867 0.0717838 0.0722985
vn 0.00862523 -0.0114374 0.020975
v 0.0893526 0.0725178 0.0717093
vn -0.0137601 -0.0114374 -0.0180279
v 0.088892 0.0717575 0.0730407
vn -0.0029026 -0.0114374 -0.0224927
v 0.0867118 0.0722248 0.075185
vn 0.0180279 -0.0114374 -0.0137601
v 0.0866759 0.0765346 0.0708211
vn -0.0138523 -0.0114374 0.0179572
v 0.0846537 0.0758742 0.0739287
vn 0.0137601 -0.0114374 0.0180279
v 0.0900256 0.0774801 0.0720223
vn -0.020975 -0.0114374 0.00862523
v 0.0905635 0.076879 0.07199
vn -0.0224927 -0.0114374 0.0029026
v 0.0878914 0.0756656 0.0702478
vn -0.020975 -0.0114374 0.00862523
v 0.0900256 0.0774801 0.0720223
vn -0.020975 -0.0114374 0.00862523
v 0.0872934 0.0761678 0.0704536
vn -0.0180279 -0.0114374 0.0137601
v 0.0910043 0.0762177 0.0721361
vn -0.0224775 -0.0114374 -0.00301781
v 0.0888701 0.0744032 0.0703616
vn -0.0224775 -0.0114374 -0.00301781
v 0.0913172 0.0755431 0.0724495
vn -0.0209305 -0.0114374 -0.0087326
v 0.089183 0.0737286 0.0706751
vn -0.0209305 -0.0114374 -0.0087326
v 0.0848232 0.0746634 0.0749629
vn 0.0209305 -0.0114374 0.0087326
v 0.084659 0.0753064 0.0745029
vn 0.0179572 -0.0114374 0.0138523
v 0.0869574 0.0764779 0.0767373
vn 0.0209305 -0.0114374 0.0087326
v 0.0848232 0.0746634 0.0749629
vn 0.0209305 -0.0114374 0.0087326
v 0.0869574 0.0764779 0.0767373
vn 0.0209305 -0.0114374 0.0087326
v 0.0851362 0.0739887 0.0752764
vn 0.0224775 -0.0114374 0.00301781
v 0.0851362 0.0739887 0.0752764
vn 0.0224775 -0.0114374 0.00301781
v 0.0872704 0.0758032 0.0770508
vn 0.0224775 -0.0114374 0.00301781
v 0.085577 0.0733274 0.0754225
vn 0.0224927 -0.0114374 -0.0029026
v 0.085577 0.0733274 0.0754225
vn 0.0224927 -0.0114374 -0.0029026
v 0.0877111 0.075142 0.0771969
vn 0.0224927 -0.0114374 -0.0029026
v 0.0861143 0.0727262 0.075391
vn 0.020975 -0.0114374 -0.00862523
v 0.0891965 0.0720653 0.0723597
vn -0.00862523 -0.0114374 -0.020975
v 0.0884587 0.0716159 0.0737067
vn 0.00301781 -0.0114374 -0.0224775
v 0.0879256 0.07165 0.074313
vn 0.0087326 -0.0114374 -0.0209305
v 0.0905929 0.0734304 0.0754811
vn 0.00301781 -0.0114374 -0.0224775
v 0.0873304 0.0718573 0.0748169
vn 0.0138523 -0.0114374 -0.0179572
v 0.0894646 0.0736718 0.0765913
vn 0.0138523 -0.0114374 -0.0179572
v 0.0879256 0.07165 0.074313
vn 0.0087326 -0.0114374 -0.0209305
v 0.088892 0.0717575 0.0730407
vn -0.0029026 -0.0114374 -0.0224927
v 0.0884587 0.0716159 0.0737067
vn 0.00301781 -0.0114374 -0.0224775
v 0.0910262 0.073572 0.0748152
vn -0.0029026 -0.0114374 -0.0224927
v 0.0867118 0.0722248 0.075185
vn 0.0180279 -0.0114374 -0.0137601
v 0.088846 0.0740393 0.0769595
vn 0.0180279 -0.0114374 -0.0137601
v 0.0873304 0.0718573 0.0748169
vn 0.0138523 -0.0114374 -0.0179572
v 0.0861143 0.0727262 0.075391
vn 0.020975 -0.0114374 -0.00862523
v 0.0882485 0.0745407 0.0771654
vn 0.020975 -0.0114374 -0.00862523
v 0.0867118 0.0722248 0.075185
vn 0.0180279 -0.0114374 -0.0137601
v 0.0866759 0.0765346 0.0708211
vn -0.0138523 -0.0114374 0.0179572
v 0.0888101 0.0783491 0.0725956
vn -0.0138523 -0.0114374 0.0179572
v 0.0860796 0.0767426 0.0713257
vn -0.0087326 -0.0114374 0.0209305
v 0.0855476 0.0767761 0.0719313
vn -0.00301781 -0.0114374 0.0224775
v 0.0860796 0.0767426 0.0713257
vn -0.0087326 -0.0114374 0.0209305
v 0.0876818 0.0785906 0.0737057
vn -0.00301781 -0.0114374 0.0224775
v 0.0851132 0.0766351 0.0725979
vn 0.0029026 -0.0114374 0.0224927
v 0.0855476 0.0767761 0.0719313
vn -0.00301781 -0.0114374 0.0224775
v 0.0872474 0.0784496 0.0743723
vn 0.0029026 -0.0114374 0.0224927
v 0.0848087 0.0763273 0.0732789
vn 0.00862523 -0.0114374 0.020975
v 0.0851132 0.0766351 0.0725979
vn 0.0029026 -0.0114374 0.0224927
v 0.0869429 0.0781418 0.0750533
vn 0.00862523 -0.0114374 0.020975
v 0.0846537 0.0758742 0.0739287
vn 0.0137601 -0.0114374 0.0180279
v 0.0848087 0.0763273 0.0732789
vn 0.00862523 -0.0114374 0.020975
v 0.0867878 0.0776887 0.0757032
vn 0.0137601 -0.0114374 0.0180279
v 0.084659 0.0753064 0.0745029
vn 0.0179572 -0.0114374 0.0138523
v 0.0846537 0.0758742 0.0739287
vn 0.0137601 -0.0114374 0.0180279
v 0.0867932 0.0771209 0.0762773
vn 0.0179572 -0.0114374 0.0138523
v 0.0872934 0.0761678 0.0704536
vn -0.0180279 -0.0114374 0.0137601
v 0.0894276 0.0779823 0.072228
vn -0.0180279 -0.0114374 0.0137601
v 0.0866759 0.0765346 0.0708211
vn -0.0138523 -0.0114374 0.0179572
v 0.0900256 0.0774801 0.0720223
vn -0.020975 -0.0114374 0.00862523
v 0.0905635 0.076879 0.07199
vn -0.0224927 -0.0114374 0.0029026
v 0.0894276 0.0779823 0.072228
vn -0.0180279 -0.0114374 0.0137601
v 0.0910043 0.0762177 0.0721361
vn -0.0224775 -0.0114374 -0.00301781
v 0.089956 0.0773641 0.0722247
vn 0.020975 -0.0114374 -0.00862523
v 0.0894276 0.0779823 0.072228
vn -0.0180279 -0.0114374 0.0137601
v 0.0913172 0.0755431 0.0724495
vn -0.0209305 -0.0114374 -0.0087326
v 0.0908561 0.0762016 0.0723308
vn 0.0224775 -0.0114374 0.00301781
v 0.089183 0.0737286 0.0706751
vn -0.0209305 -0.0114374 -0.0087326
v 0.0893478 0.0730857 0.0711343
vn -0.0179572 -0.0114374 -0.0138523
v 0.0913172 0.0755431 0.0724495
vn -0.0209305 -0.0114374 -0.0087326
v 0.0893478 0.0730857 0.0711343
vn -0.0179572 -0.0114374 -0.0138523
v 0.0893526 0.0725178 0.0717093
vn -0.0137601 -0.0114374 -0.0180279
v 0.091482 0.0749002 0.0729087
vn -0.0179572 -0.0114374 -0.0138523
v 0.0867932 0.0771209 0.0762773
vn 0.0179572 -0.0114374 0.0138523
v 0.0872704 0.0758032 0.0770508
vn 0.0224775 -0.0114374 0.00301781
v 0.0877111 0.075142 0.0771969
vn 0.0224927 -0.0114374 -0.0029026
v 0.0882485 0.0745407 0.0771654
vn 0.020975 -0.0114374 -0.00862523
v 0.0893526 0.0725178 0.0717093
vn -0.0137601 -0.0114374 -0.0180279
v 0.0891965 0.0720653 0.0723597
vn -0.00862523 -0.0114374 -0.020975
v 0.0914868 0.0743323 0.0734837
vn -0.0137601 -0.0114374 -0.0180279
v 0.0891965 0.0720653 0.0723597
vn -0.00862523 -0.0114374 -0.020975
v 0.088892 0.0717575 0.0730407
vn -0.0029026 -0.0114374 -0.0224927
v 0.0913307 0.0738798 0.0741342
vn -0.00862523 -0.0114374 -0.020975
v 0.0900598 0.0734645 0.0760874
vn 0.0087326 -0.0114374 -0.0209305
v 0.0905929 0.0734304 0.0754811
vn 0.00301781 -0.0114374 -0.0224775
v 0.0900598 0.0734645 0.0760874
vn 0.0087326 -0.0114374 -0.0209305
v 0.0894646 0.0736718 0.0765913
vn 0.0138523 -0.0114374 -0.0179572
v 0.0910262 0.073572 0.0748152
vn -0.0029026 -0.0114374 -0.0224927
v 0.088846 0.0740393 0.0769595
vn 0.0180279 -0.0114374 -0.0137601
v 0.0882138 0.0785571 0.0731001
vn -0.0087326 -0.0114374 0.0209305
v 0.0888101 0.0783491 0.0725956
vn -0.0138523 -0.0114374 0.0179572
v 0.0882138 0.0785571 0.0731001
vn -0.0087326 -0.0114374 0.0209305
v 0.0876818 0.0785906 0.0737057
vn -0.00301781 -0.0114374 0.0224775
v 0.0872474 0.0784496 0.0743723
vn 0.0029026 -0.0114374 0.0224927
v 0.0869429 0.0781418 0.0750533
vn 0.00862523 -0.0114374 0.020975
v 0.0867878 0.0776887 0.0757032
vn 0.0137601 -0.0114374 0.0180279
v 0.0888101 0.0783491 0.0725956
vn -0.0138523 -0.0114374 0.0179572
v 0.0904509 0.0768107 0.0721953
vn 0.0224927 -0.0114374 -0.0029026
v 0.0911448 0.0755799 0.0726193
vn 0.0209305 -0.0114374 0.0087326
v 0.091482 0.0749002 0.0729087
vn -0.0179572 -0.0114374 -0.0138523
v 0.0914868 0.0743323 0.0734837
vn -0.0137601 -0.0114374 -0.0180279
v 0.0869574 0.0764779 0.0767373
vn 0.0209305 -0.0114374 0.0087326
v 0.0867932 0.0771209 0.0762773
vn 0.0179572 -0.0114374 0.0138523
v 0.0871299 0.0764411 0.0765675
vn -0.0209305 -0.0114374 -0.0087326
v 0.0872704 0.0758032 0.0770508
vn 0.0224775 -0.0114374 0.00301781
v 0.087418 0.0758192 0.0768569
vn -0.0224775 -0.0114374 -0.00301781
v 0.0877111 0.075142 0.0771969
vn 0.0224927 -0.0114374 -0.0029026
v 0.0878243 0.0752105 0.0769907
vn -0.0224927 -0.0114374 0.0029026
v 0.0882485 0.0745407 0.0771654
vn 0.020975 -0.0114374 -0.00862523
v 0.088846 0.0740393 0.0769595
vn 0.0180279 -0.0114374 -0.0137601
v 0.0913307 0.0738798 0.0741342
vn -0.00862523 -0.0114374 -0.020975
v 0.0900598 0.0734645 0.0760874
vn 0.0087326 -0.0114374 -0.0209305
v 0.0899871 0.0736652 0.0759696
vn -0.0087326 -0.0114374 0.0209305
v 0.0905929 0.0734304 0.0754811
vn 0.00301781 -0.0114374 -0.0224775
v 0.0908285 0.0735075 0.0751188
vn 4.60222e-05 -0.0179605 -0.0179604
v 0.0894646 0.0736718 0.0765913
vn 0.0138523 -0.0114374 -0.0179572
v 0.0894388 0.0738572 0.0764328
vn -0.0138523 -0.0114374 0.0179572
v 0.0888695 0.074195 0.076772
vn -0.0180279 -0.0114374 0.0137601
v 0.0910262 0.073572 0.0748152
vn -0.0029026 -0.0114374 -0.0224927
v 0.0908772 0.0737645 0.0747975
vn 0.0029026 -0.0114374 0.0224927
v 0.0913307 0.0738798 0.0741342
vn -0.00862523 -0.0114374 -0.020975
v 0.0882138 0.0785571 0.0731001
vn -0.0087326 -0.0114374 0.0209305
v 0.0888358 0.0781638 0.0727541
vn 0.0138523 -0.0114374 -0.0179572
v 0.0876818 0.0785906 0.0737057
vn -0.00301781 -0.0114374 0.0224775
v 0.088287 0.0783556 0.0732181
vn 0.0087326 -0.0114374 -0.0209305
v 0.0872474 0.0784496 0.0743723
vn 0.0029026 -0.0114374 0.0224927
v 0.087797 0.0783869 0.0737754
vn 0.00301781 -0.0114374 -0.0224775
v 0.0869429 0.0781418 0.0750533
vn 0.00862523 -0.0114374 0.020975
v 0.0873974 0.0782565 0.0743894
vn -0.0029026 -0.0114374 -0.0224927
v 0.0867878 0.0776887 0.0757032
vn 0.0137601 -0.0114374 0.0180279
v 0.0871168 0.0779726 0.0750171
vn -0.00862523 -0.0114374 -0.020975
v 0.086978 0.0770333 0.0761446
vn -0.0179572 -0.0114374 -0.0138523
v 0.0904509 0.0768107 0.0721953
vn 0.0224927 -0.0114374 -0.0029026
v 0.0900956 0.0765086 0.0718999
vn 0.0224927 -0.0114374 -0.0029026
v 0.089956 0.0773641 0.0722247
vn 0.020975 -0.0114374 -0.00862523
v 0.0894052 0.077826 0.0724148
vn 0.0180279 -0.0114374 -0.0137601
v 0.0908561 0.0762016 0.0723308
vn 0.0224775 -0.0114374 0.00301781
v 0.0905008 0.0758995 0.0720354
vn 0.0224775 -0.0114374 0.00301781
v 0.0904509 0.0768107 0.0721953
vn 0.0224927 -0.0114374 -0.0029026
v 0.0911448 0.0755799 0.0726193
vn 0.0209305 -0.0114374 0.0087326
v 0.0907895 0.0752778 0.072324
vn 0.0209305 -0.0114374 0.0087326
v 0.0908561 0.0762016 0.0723308
vn 0.0224775 -0.0114374 0.00301781
v 0.091482 0.0749002 0.0729087
vn -0.0179572 -0.0114374 -0.0138523
v 0.0914868 0.0743323 0.0734837
vn -0.0137601 -0.0114374 -0.0180279
v 0.0912966 0.0749877 0.0730423
vn 0.0179572 -0.0114374 0.0138523
v 0.0883187 0.0746569 0.0769622
vn -0.020975 -0.0114374 0.00862523
v 0.0913009 0.0744655 0.073571
vn 0.0137601 -0.0114374 0.0180279
v 0.0904782 0.0736342 0.0754106
vn -0.00301781 -0.0114374 0.0224775
v 0.0908285 0.0735075 0.0751188
vn 4.60222e-05 -0.0179605 -0.0179604
v 0.0906962 0.0737055 0.0750756
vn -5.81983e-05 -0.0113592 0.0227184
v 0.0911573 0.0740482 0.0741706
vn 0.00862523 -0.0114374 0.020975
v 0.0869743 0.0775556 0.075615
vn -0.0137601 -0.0114374 -0.0180279
v 0.0896007 0.077062 0.0719293
vn 0.020975 -0.0114374 -0.00862523
v 0.0900956 0.0765086 0.0718999
vn 0.0224927 -0.0114374 -0.0029026
v 0.089956 0.0773641 0.0722247
vn 0.020975 -0.0114374 -0.00862523
v 0.0896007 0.077062 0.0719293
vn 0.020975 -0.0114374 -0.00862523
v 0.0894052 0.077826 0.0724148
vn 0.0180279 -0.0114374 -0.0137601
v 0.0905008 0.0758995 0.0720354
vn 0.0224775 -0.0114374 0.00301781
v 0.0911448 0.0755799 0.0726193
vn 0.0209305 -0.0114374 0.0087326
v 0.0912966 0.0749877 0.0730423
vn 0.0179572 -0.0114374 0.0138523
v 0.0907895 0.0752778 0.072324
vn 0.0209305 -0.0114374 0.0087326
v 0.0871299 0.0764411 0.0765675
vn -0.0209305 -0.0114374 -0.0087326
v 0.086978 0.0770333 0.0761446
vn -0.0179572 -0.0114374 -0.0138523
v 0.0867746 0.0761391 0.0762722
vn -0.0209305 -0.0114374 -0.0087326
v 0.0871299 0.0764411 0.0765675
vn -0.0209305 -0.0114374 -0.0087326
v 0.0867746 0.0761391 0.0762722
vn -0.0209305 -0.0114374 -0.0087326
v 0.087418 0.0758192 0.0768569
vn -0.0224775 -0.0114374 -0.00301781
v 0.087418 0.0758192 0.0768569
vn -0.0224775 -0.0114374 -0.00301781
v 0.0870628 0.0755171 0.0765615
vn -0.0224775 -0.0114374 -0.00301781
v 0.0878243 0.0752105 0.0769907
vn -0.0224927 -0.0114374 0.0029026
v 0.0878243 0.0752105 0.0769907
vn -0.0224927 -0.0114374 0.0029026
v 0.0874691 0.0749084 0.0766953
vn -0.0224927 -0.0114374 0.0029026
v 0.0883187 0.0746569 0.0769622
vn -0.020975 -0.0114374 0.00862523
v 0.0904782 0.0736342 0.0754106
vn -0.00301781 -0.0114374 0.0224775
v 0.0899871 0.0736652 0.0759696
vn -0.0087326 -0.0114374 0.0209305
v 0.090123 0.0733321 0.0751152
vn -0.00301781 -0.0114374 0.0224775
v 0.0894388 0.0738572 0.0764328
vn -0.0138523 -0.0114374 0.0179572
v 0.0890835 0.0735551 0.0761374
vn -0.0138523 -0.0114374 0.0179572
v 0.0899871 0.0736652 0.0759696
vn -0.0087326 -0.0114374 0.0209305
v 0.0888695 0.074195 0.076772
vn -0.0180279 -0.0114374 0.0137601
v 0.0885142 0.073893 0.0764766
vn -0.0180279 -0.0114374 0.0137601
v 0.0894388 0.0738572 0.0764328
vn -0.0138523 -0.0114374 0.0179572
v 0.0883187 0.0746569 0.0769622
vn -0.020975 -0.0114374 0.00862523
v 0.0879634 0.0743548 0.0766668
vn -0.020975 -0.0114374 0.00862523
v 0.0888695 0.074195 0.076772
vn -0.0180279 -0.0114374 0.0137601
v 0.0911573 0.0740482 0.0741706
vn 0.00862523 -0.0114374 0.020975
v 0.0908772 0.0737645 0.0747975
vn 0.0029026 -0.0114374 0.0224927
v 0.090802 0.0737461 0.0738752
vn 0.00862523 -0.0114374 0.020975
v 0.0908772 0.0737645 0.0747975
vn 0.0029026 -0.0114374 0.0224927
v 0.0906962 0.0737055 0.0750756
vn -5.81983e-05 -0.0113592 0.0227184
v 0.090522 0.0734624 0.0745021
vn 0.0029026 -0.0114374 0.0224927
v 0.0894052 0.077826 0.0724148
vn 0.0180279 -0.0114374 -0.0137601
v 0.0890499 0.0775239 0.0721195
vn 0.0180279 -0.0114374 -0.0137601
v 0.0888358 0.0781638 0.0727541
vn 0.0138523 -0.0114374 -0.0179572
v 0.0888358 0.0781638 0.0727541
vn 0.0138523 -0.0114374 -0.0179572
v 0.0884806 0.0778618 0.0724587
vn 0.0138523 -0.0114374 -0.0179572
v 0.088287 0.0783556 0.0732181
vn 0.0087326 -0.0114374 -0.0209305
v 0.087797 0.0783869 0.0737754
vn 0.00301781 -0.0114374 -0.0224775
v 0.088287 0.0783556 0.0732181
vn 0.0087326 -0.0114374 -0.0209305
v 0.0874417 0.0780849 0.07348
vn 0.00301781 -0.0114374 -0.0224775
v 0.0873974 0.0782565 0.0743894
vn -0.0029026 -0.0114374 -0.0224927
v 0.087797 0.0783869 0.0737754
vn 0.00301781 -0.0114374 -0.0224775
v 0.0870422 0.0779544 0.074094
vn -0.0029026 -0.0114374 -0.0224927
v 0.0871168 0.0779726 0.0750171
vn -0.00862523 -0.0114374 -0.020975
v 0.0873974 0.0782565 0.0743894
vn -0.0029026 -0.0114374 -0.0224927
v 0.0867616 0.0776706 0.0747218
vn -0.00862523 -0.0114374 -0.020975
v 0.0869743 0.0775556 0.075615
vn -0.0137601 -0.0114374 -0.0180279
v 0.0871168 0.0779726 0.0750171
vn -0.00862523 -0.0114374 -0.020975
v 0.086619 0.0772536 0.0753196
vn -0.0137601 -0.0114374 -0.0180279
v 0.086978 0.0770333 0.0761446
vn -0.0179572 -0.0114374 -0.0138523
v 0.0869743 0.0775556 0.075615
vn -0.0137601 -0.0114374 -0.0180279
v 0.0866228 0.0767312 0.0758492
vn -0.0179572 -0.0114374 -0.0138523
v 0.0896007 0.077062 0.0719293
vn 0.020975 -0.0114374 -0.00862523
v 0.0900956 0.0765086 0.0718999
vn 0.0224927 -0.0114374 -0.0029026
v 0.0890499 0.0775239 0.0721195
vn 0.0180279 -0.0114374 -0.0137601
v 0.0905008 0.0758995 0.0720354
vn 0.0224775 -0.0114374 0.00301781
v 0.0890499 0.0775239 0.0721195
vn 0.0180279 -0.0114374 -0.0137601
v 0.0907895 0.0752778 0.072324
vn 0.0209305 -0.0114374 0.0087326
v 0.0879317 0.0780535 0.0729227
vn 0.0087326 -0.0114374 -0.0209305
v 0.0909414 0.0746856 0.0727469
vn 0.0179572 -0.0114374 0.0138523
v 0.0912966 0.0749877 0.0730423
vn 0.0179572 -0.0114374 0.0138523
v 0.0913009 0.0744655 0.073571
vn 0.0137601 -0.0114374 0.0180279
v 0.0909414 0.0746856 0.0727469
vn 0.0179572 -0.0114374 0.0138523
v 0.0866228 0.0767312 0.0758492
vn -0.0179572 -0.0114374 -0.0138523
v 0.0870628 0.0755171 0.0765615
vn -0.0224775 -0.0114374 -0.00301781
v 0.0874691 0.0749084 0.0766953
vn -0.0224927 -0.0114374 0.0029026
v 0.0879634 0.0743548 0.0766668
vn -0.020975 -0.0114374 0.00862523
v 0.0913009 0.0744655 0.073571
vn 0.0137601 -0.0114374 0.0180279
v 0.0911573 0.0740482 0.0741706
vn 0.00862523 -0.0114374 0.020975
v 0.0909457 0.0741635 0.0732757
vn 0.0137601 -0.0114374 0.0180279
v 0.0896319 0.0733632 0.0756742
vn -0.0087326 -0.0114374 0.0209305
v 0.090123 0.0733321 0.0751152
vn -0.00301781 -0.0114374 0.0224775
v 0.0903409 0.0734034 0.0747802
vn -5.81983e-05 -0.0113592 0.0227184
v 0.0904782 0.0736342 0.0754106
vn -0.00301781 -0.0114374 0.0224775
v 0.0896319 0.0733632 0.0756742
vn -0.0087326 -0.0114374 0.0209305
v 0.0890835 0.0735551 0.0761374
vn -0.0138523 -0.0114374 0.0179572
v 0.0885142 0.073893 0.0764766
vn -0.0180279 -0.0114374 0.0137601
v 0.090522 0.0734624 0.0745021
vn 0.0029026 -0.0114374 0.0224927
v 0.090802 0.0737461 0.0738752
vn 0.00862523 -0.0114374 0.020975
v 0.0884806 0.0778618 0.0724587
vn 0.0138523 -0.0114374 -0.0179572
v 0.0879317 0.0780535 0.0729227
vn 0.0087326 -0.0114374 -0.0209305
v 0.0879317 0.0780535 0.0729227
vn 0.0087326 -0.0114374 -0.0209305
v 0.0874417 0.0780849 0.07348
vn 0.00301781 -0.0114374 -0.0224775
v 0.0870422 0.0779544 0.074094
vn -0.0029026 -0.0114374 -0.0224927
v 0.0867616 0.0776706 0.0747218
vn -0.00862523 -0.0114374 -0.020975
v 0.086619 0.0772536 0.0753196
vn -0.0137601 -0.0114374 -0.0180279
v 0.0884806 0.0778618 0.0724587
vn 0.0138523 -0.0114374 -0.0179572
v 0.0874417 0.0780849 0.07348
vn 0.00301781 -0.0114374 -0.0224775
v 0.0909414 0.0746856 0.0727469
vn 0.0179572 -0.0114374 0.0138523
v 0.0892092 0.0764146 0.0730622
vn -0.020975 -0.0114374 0.00862523
v 0.0909457 0.0741635 0.0732757
vn 0.0137601 -0.0114374 0.0180279
v 0.0867746 0.0761391 0.0762722
vn -0.0209305 -0.0114374 -0.0087326
v 0.0866228 0.0767312 0.0758492
vn -0.0179572 -0.0114374 -0.0138523
v 0.0880969 0.0752914 0.0755486
vn 0.0224927 -0.0114374 -0.0029026
v 0.0870628 0.0755171 0.0765615
vn -0.0224775 -0.0114374 -0.00301781
v 0.0896319 0.0733632 0.0756742
vn -0.0087326 -0.0114374 0.0209305
v 0.0874691 0.0749084 0.0766953
vn -0.0224927 -0.0114374 0.0029026
v 0.0885142 0.073893 0.0764766
vn -0.0180279 -0.0114374 0.0137601
v 0.0879634 0.0743548 0.0766668
vn -0.020975 -0.0114374 0.00862523
v 0.0886426 0.0747609 0.0754348
vn 0.0180279 -0.0114374 -0.0137601
v 0.090123 0.0733321 0.0751152
vn -0.00301781 -0.0114374 0.0224775
v 0.0892257 0.0744845 0.075016
vn 0.0087326 -0.0114374 -0.0209305
v 0.0903409 0.0734034 0.0747802
vn -5.81983e-05 -0.0113592 0.0227184
v 0.0890835 0.0735551 0.0761374
vn -0.0138523 -0.0114374 0.0179572
v 0.090522 0.0734624 0.0745021
vn 0.0029026 -0.0114374 0.0224927
v 0.0898357 0.0746848 0.0740776
vn -0.00862523 -0.0114374 -0.020975
v 0.090802 0.0737461 0.0738752
vn 0.00862523 -0.0114374 0.020975
v 0.0899106 0.0749025 0.0737649
vn -0.0137601 -0.0114374 -0.0180279
v 0.0909457 0.0741635 0.0732757
vn 0.0137601 -0.0114374 0.0180279
v 0.0894817 0.0744685 0.0747244
vn 0.00301781 -0.0114374 -0.0224775
v 0.0870422 0.0779544 0.074094
vn -0.0029026 -0.0114374 -0.0224927
v 0.0886245 0.0768323 0.0733384
vn -0.0138523 -0.0114374 0.0179572
v 0.0867616 0.0776706 0.0747218
vn -0.00862523 -0.0114374 -0.020975
v 0.0878741 0.0768803 0.0741918
vn 0.0029026 -0.0114374 0.0224927
v 0.086619 0.0772536 0.0753196
vn -0.0137601 -0.0114374 -0.0180279
v 0.0876535 0.0765144 0.0748312
vn 0.0137601 -0.0114374 0.0180279
v 0.0876555 0.0762423 0.0751071
vn 0.0179572 -0.0114374 0.0138523
v 0.0894673 0.0761254 0.0730475
vn -0.0224927 -0.0114374 0.0029026
v 0.0896789 0.0758079 0.0731177
vn -0.0224775 -0.0114374 -0.00301781
v 0.0878847 0.0756088 0.0754792
vn 0.0224775 -0.0114374 0.00301781
v 0.0883549 0.0750023 0.0755339
vn 0.020975 -0.0114374 -0.00862523
v 0.0889391 0.0745844 0.0752586
vn 0.0138523 -0.0114374 -0.0179572
v 0.0896895 0.0745364 0.0744051
vn -0.0029026 -0.0114374 -0.0224927
v 0.0899086 0.0751746 0.073489
vn -0.0179572 -0.0114374 -0.0138523
v 0.0889216 0.076656 0.0731613
vn -0.0180279 -0.0114374 0.0137601
v 0.0883385 0.0769313 0.0735811
vn -0.0087326 -0.0114374 0.0209305
v 0.0880829 0.0769485 0.0738708
vn -0.00301781 -0.0114374 0.0224775
v 0.0877279 0.0767319 0.0745193
vn 0.00862523 -0.0114374 0.020975
v 0.0877348 0.0759328 0.0753282
vn 0.0209305 -0.0114374 0.0087326
v 0.0892092 0.0764146 0.0730622
vn 0.020975 0.0114374 -0.00862523
v 0.0898225 0.0764275 0.0733429
vn 0.0251911 0 -0.00325083
v 0.0894673 0.0761254 0.0730475
vn 0.0224927 0.0114374 -0.0029026
v 0.0894673 0.0761254 0.0730475
vn -0.0224927 -0.0114374 0.0029026
v 0.0898225 0.0764275 0.0733429
vn -0.0251911 0 0.00325083
v 0.0892092 0.0764146 0.0730622
vn -0.020975 -0.0114374 0.00862523
v 0.0898293 0.0754841 0.0732679
vn -0.0209305 -0.0114374 -0.0087326
v 0.0880969 0.0752914 0.0755486
vn -0.0224927 0.0114374 0.0029026
v 0.08824 0.0759108 0.0757746
vn -0.0251741 0 -0.00337988
v 0.0878847 0.0756088 0.0754792
vn -0.0224775 0.0114374 -0.00301781
v 0.0878847 0.0756088 0.0754792
vn 0.0224775 -0.0114374 0.00301781
v 0.08824 0.0759108 0.0757746
vn 0.0251741 0 0.00337988
v 0.0880969 0.0752914 0.0755486
vn 0.0224927 -0.0114374 -0.0029026
v 0.0883549 0.0750023 0.0755339
vn -0.020975 0.0114374 0.00862523
v 0.0884521 0.0755935 0.075844
vn -0.0251911 0 0.00325083
v 0.0880969 0.0752914 0.0755486
vn -0.0224927 0.0114374 0.0029026
v 0.0880969 0.0752914 0.0755486
vn 0.0224927 -0.0114374 -0.0029026
v 0.0884521 0.0755935 0.075844
vn 0.0251911 0 -0.00325083
v 0.0883549 0.0750023 0.0755339
vn 0.020975 -0.0114374 -0.00862523
v 0.0889391 0.0745844 0.0752586
vn -0.0138523 0.0114374 0.0179572
v 0.0889978 0.0750629 0.0757302
vn -0.0201907 0 0.0154109
v 0.0886426 0.0747609 0.0754348
vn -0.0180279 0.0114374 0.0137601
v 0.0886426 0.0747609 0.0754348
vn 0.0180279 -0.0114374 -0.0137601
v 0.0889978 0.0750629 0.0757302
vn 0.0201907 -0 -0.0154109
v 0.0889391 0.0745844 0.0752586
vn 0.0138523 -0.0114374 -0.0179572
v 0.0886426 0.0747609 0.0754348
vn -0.0180279 0.0114374 0.0137601
v 0.0887102 0.0753043 0.0758293
vn -0.0234914 0 0.00966
v 0.0883549 0.0750023 0.0755339
vn -0.020975 0.0114374 0.00862523
v 0.0883549 0.0750023 0.0755339
vn 0.020975 -0.0114374 -0.00862523
v 0.0887102 0.0753043 0.0758293
vn 0.0234914 -0 -0.00966
v 0.0886426 0.0747609 0.0754348
vn 0.0180279 -0.0114374 -0.0137601
v 0.089837 0.0747706 0.0750198
vn -0.00337988 0 0.0251741
v 0.0892257 0.0744845 0.075016
vn -0.0087326 0.0114374 0.0209305
v 0.0894817 0.0744685 0.0747244
vn -0.00301781 0.0114374 0.0224775
v 0.0894817 0.0744685 0.0747244
vn 0.00301781 -0.0114374 -0.0224775
v 0.0892257 0.0744845 0.075016
vn 0.0087326 -0.0114374 -0.0209305
v 0.089837 0.0747706 0.0750198
vn 0.00337988 -0 -0.0251741
v 0.0892257 0.0744845 0.075016
vn -0.0087326 0.0114374 0.0209305
v 0.0892944 0.0748864 0.0755539
vn -0.0155141 0 0.0201115
v 0.0889391 0.0745844 0.0752586
vn -0.0138523 0.0114374 0.0179572
v 0.0889391 0.0745844 0.0752586
vn 0.0138523 -0.0114374 -0.0179572
v 0.0892944 0.0748864 0.0755539
vn 0.0155141 0 -0.0201115
v 0.0892257 0.0744845 0.075016
vn 0.0087326 -0.0114374 -0.0209305
v 0.0902659 0.0752045 0.0740602
vn 0.0154109 0 0.0201907
v 0.0898357 0.0746848 0.0740776
vn 0.00862523 0.0114374 0.020975
v 0.0899106 0.0749025 0.0737649
vn 0.0137601 0.0114374 0.0180279
v 0.0899106 0.0749025 0.0737649
vn -0.0137601 -0.0114374 -0.0180279
v 0.0898357 0.0746848 0.0740776
vn -0.00862523 -0.0114374 -0.020975
v 0.0902659 0.0752045 0.0740602
vn -0.0154109 0 -0.0201907
v 0.0901909 0.0749868 0.074373
vn 0.00966 0 0.0234914
v 0.0896895 0.0745364 0.0744051
vn 0.0029026 0.0114374 0.0224927
v 0.0898357 0.0746848 0.0740776
vn 0.00862523 0.0114374 0.020975
v 0.0898357 0.0746848 0.0740776
vn -0.00862523 -0.0114374 -0.020975
v 0.0896895 0.0745364 0.0744051
vn -0.0029026 -0.0114374 -0.0224927
v 0.0901909 0.0749868 0.074373
vn -0.00966 0 -0.0234914
v 0.0902639 0.0754767 0.0737844
vn 0.0201115 0 0.0155141
v 0.0899106 0.0749025 0.0737649
vn 0.0137601 0.0114374 0.0180279
v 0.0899086 0.0751746 0.073489
vn 0.0179572 0.0114374 0.0138523
v 0.0899086 0.0751746 0.073489
vn -0.0179572 -0.0114374 -0.0138523
v 0.0899106 0.0749025 0.0737649
vn -0.0137601 -0.0114374 -0.0180279
v 0.0902639 0.0754767 0.0737844
vn -0.0201115 0 -0.0155141
v 0.0900448 0.0748385 0.0747005
vn 0.00325083 0 0.0251911
v 0.0894817 0.0744685 0.0747244
vn -0.00301781 0.0114374 0.0224775
v 0.0896895 0.0745364 0.0744051
vn 0.0029026 0.0114374 0.0224927
v 0.0896895 0.0745364 0.0744051
vn -0.0029026 -0.0114374 -0.0224927
v 0.0894817 0.0744685 0.0747244
vn 0.00301781 -0.0114374 -0.0224775
v 0.0900448 0.0748385 0.0747005
vn -0.00325083 -0 -0.0251911
v 0.0886245 0.0768323 0.0733384
vn 0.0138523 0.0114374 -0.0179572
v 0.0892768 0.076958 0.0734567
vn 0.0201907 -0 -0.0154109
v 0.0889216 0.076656 0.0731613
vn 0.0180279 0.0114374 -0.0137601
v 0.0889216 0.076656 0.0731613
vn -0.0180279 -0.0114374 0.0137601
v 0.0892768 0.076958 0.0734567
vn -0.0201907 0 0.0154109
v 0.0886245 0.0768323 0.0733384
vn -0.0138523 -0.0114374 0.0179572
v 0.0883385 0.0769313 0.0735811
vn 0.0087326 0.0114374 -0.0209305
v 0.0889797 0.0771343 0.0736337
vn 0.0155141 0 -0.0201115
v 0.0886245 0.0768323 0.0733384
vn 0.0138523 0.0114374 -0.0179572
v 0.0886245 0.0768323 0.0733384
vn -0.0138523 -0.0114374 0.0179572
v 0.0889797 0.0771343 0.0736337
vn -0.0155141 0 0.0201115
v 0.0883385 0.0769313 0.0735811
vn -0.0087326 -0.0114374 0.0209305
v 0.0882293 0.0771823 0.0744872
vn -0.00325083 -0 -0.0251911
v 0.0880829 0.0769485 0.0738708
vn 0.00301781 0.0114374 -0.0224775
v 0.0878741 0.0768803 0.0741918
vn -0.0029026 0.0114374 -0.0224927
v 0.0878741 0.0768803 0.0741918
vn 0.0029026 -0.0114374 0.0224927
v 0.0880829 0.0769485 0.0738708
vn -0.00301781 -0.0114374 0.0224775
v 0.0882293 0.0771823 0.0744872
vn 0.00325083 0 0.0251911
v 0.0880832 0.077034 0.0748147
vn -0.00966 0 -0.0234914
v 0.0878741 0.0768803 0.0741918
vn -0.0029026 0.0114374 -0.0224927
v 0.0877279 0.0767319 0.0745193
vn -0.00862523 0.0114374 -0.020975
v 0.0877279 0.0767319 0.0745193
vn 0.00862523 -0.0114374 0.020975
v 0.0878741 0.0768803 0.0741918
vn 0.0029026 -0.0114374 0.0224927
v 0.0880832 0.077034 0.0748147
vn 0.00966 0 0.0234914
v 0.0880088 0.0768164 0.0751266
vn -0.0154109 0 -0.0201907
v 0.0877279 0.0767319 0.0745193
vn -0.00862523 0.0114374 -0.020975
v 0.0876535 0.0765144 0.0748312
vn -0.0137601 0.0114374 -0.0180279
v 0.0876535 0.0765144 0.0748312
vn 0.0137601 -0.0114374 0.0180279
v 0.0877279 0.0767319 0.0745193
vn 0.00862523 -0.0114374 0.020975
v 0.0880088 0.0768164 0.0751266
vn 0.0154109 0 0.0201907
v 0.0880108 0.0765443 0.0754025
vn -0.0201115 0 -0.0155141
v 0.0876535 0.0765144 0.0748312
vn -0.0137601 0.0114374 -0.0180279
v 0.0876555 0.0762423 0.0751071
vn -0.0179572 0.0114374 -0.0138523
v 0.0876555 0.0762423 0.0751071
vn 0.0179572 -0.0114374 0.0138523
v 0.0876535 0.0765144 0.0748312
vn 0.0137601 -0.0114374 0.0180279
v 0.0880108 0.0765443 0.0754025
vn 0.0201115 0 0.0155141
v 0.0880901 0.0762349 0.0756236
vn -0.0234416 0 -0.00978026
v 0.0876555 0.0762423 0.0751071
vn -0.0179572 0.0114374 -0.0138523
v 0.0877348 0.0759328 0.0753282
vn -0.0209305 0.0114374 -0.0087326
v 0.0877348 0.0759328 0.0753282
vn 0.0209305 -0.0114374 0.0087326
v 0.0876555 0.0762423 0.0751071
vn 0.0179572 -0.0114374 0.0138523
v 0.0880901 0.0762349 0.0756236
vn 0.0234416 0 0.00978026
v 0.0889216 0.076656 0.0731613
vn 0.0180279 0.0114374 -0.0137601
v 0.0895645 0.0767167 0.0733576
vn 0.0234914 -0 -0.00966
v 0.0892092 0.0764146 0.0730622
vn 0.020975 0.0114374 -0.00862523
v 0.0892092 0.0764146 0.0730622
vn -0.020975 -0.0114374 0.00862523
v 0.0895645 0.0767167 0.0733576
vn -0.0234914 0 0.00966
v 0.0889216 0.076656 0.0731613
vn -0.0180279 -0.0114374 0.0137601
v 0.0895645 0.0767167 0.0733576
vn 0.0234914 -0 -0.00966
v 0.0895645 0.0767167 0.0733576
vn -0.0234914 0 0.00966
v 0.0900342 0.07611 0.0734131
vn 0.0251741 0 0.00337988
v 0.0894673 0.0761254 0.0730475
vn 0.0224927 0.0114374 -0.0029026
v 0.0898225 0.0764275 0.0733429
vn 0.0251911 0 -0.00325083
v 0.0898225 0.0764275 0.0733429
vn -0.0251911 0 0.00325083
v 0.0894673 0.0761254 0.0730475
vn -0.0224927 -0.0114374 0.0029026
v 0.0900342 0.07611 0.0734131
vn -0.0251741 0 -0.00337988
v 0.0896789 0.0758079 0.0731177
vn 0.0224775 0.0114374 0.00301781
v 0.0896789 0.0758079 0.0731177
vn -0.0224775 -0.0114374 -0.00301781
v 0.0896789 0.0758079 0.0731177
vn 0.0224775 0.0114374 0.00301781
v 0.0901846 0.0757861 0.0735633
vn 0.0234416 0 0.00978026
v 0.0898293 0.0754841 0.0732679
vn 0.0209305 0.0114374 0.0087326
v 0.0898293 0.0754841 0.0732679
vn -0.0209305 -0.0114374 -0.0087326
v 0.0901846 0.0757861 0.0735633
vn -0.0234416 0 -0.00978026
v 0.0896789 0.0758079 0.0731177
vn -0.0224775 -0.0114374 -0.00301781
v 0.0878847 0.0756088 0.0754792
vn -0.0224775 0.0114374 -0.00301781
v 0.0880901 0.0762349 0.0756236
vn -0.0234416 0 -0.00978026
v 0.0877348 0.0759328 0.0753282
vn -0.0209305 0.0114374 -0.0087326
v 0.0877348 0.0759328 0.0753282
vn 0.0209305 -0.0114374 0.0087326
v 0.0880901 0.0762349 0.0756236
vn 0.0234416 0 0.00978026
v 0.0878847 0.0756088 0.0754792
vn 0.0224775 -0.0114374 0.00301781
v 0.0884521 0.0755935 0.075844
vn -0.0251911 0 0.00325083
v 0.0884521 0.0755935 0.075844
vn 0.0251911 0 -0.00325083
v 0.08824 0.0759108 0.0757746
vn -0.0251741 0 -0.00337988
v 0.08824 0.0759108 0.0757746
vn 0.0251741 0 0.00337988
v 0.0887102 0.0753043 0.0758293
vn -0.0234914 0 0.00966
v 0.0887102 0.0753043 0.0758293
vn 0.0234914 -0 -0.00966
v 0.0892944 0.0748864 0.0755539
vn -0.0155141 0 0.0201115
v 0.0892944 0.0748864 0.0755539
vn 0.0155141 0 -0.0201115
v 0.0889978 0.0750629 0.0757302
vn -0.0201907 0 0.0154109
v 0.0889978 0.0750629 0.0757302
vn 0.0201907 -0 -0.0154109
v 0.0895809 0.0747866 0.0753114
vn -0.00978026 0 0.0234416
v 0.0895809 0.0747866 0.0753114
vn 0.00978026 -0 -0.0234416
v 0.089837 0.0747706 0.0750198
vn -0.00337988 0 0.0251741
v 0.089837 0.0747706 0.0750198
vn 0.00337988 -0 -0.0251741
v 0.0895809 0.0747866 0.0753114
vn -0.00978026 0 0.0234416
v 0.0895809 0.0747866 0.0753114
vn 0.00978026 -0 -0.0234416
v 0.0901909 0.0749868 0.074373
vn 0.00966 0 0.0234914
v 0.0901909 0.0749868 0.074373
vn -0.00966 0 -0.0234914
v 0.0902659 0.0752045 0.0740602
vn 0.0154109 0 0.0201907
v 0.0902659 0.0752045 0.0740602
vn -0.0154109 0 -0.0201907
v 0.0900448 0.0748385 0.0747005
vn 0.00325083 0 0.0251911
v 0.0900448 0.0748385 0.0747005
vn -0.00325083 -0 -0.0251911
v 0.0901846 0.0757861 0.0735633
vn 0.0234416 0 0.00978026
v 0.0899086 0.0751746 0.073489
vn 0.0179572 0.0114374 0.0138523
v 0.0898293 0.0754841 0.0732679
vn 0.0209305 0.0114374 0.0087326
v 0.0898293 0.0754841 0.0732679
vn -0.0209305 -0.0114374 -0.0087326
v 0.0899086 0.0751746 0.073489
vn -0.0179572 -0.0114374 -0.0138523
v 0.0901846 0.0757861 0.0735633
vn -0.0234416 0 -0.00978026
v 0.0902639 0.0754767 0.0737844
vn 0.0201115 0 0.0155141
v 0.0902639 0.0754767 0.0737844
vn -0.0201115 0 -0.0155141
v 0.0889797 0.0771343 0.0736337
vn 0.0155141 0 -0.0201115
v 0.0889797 0.0771343 0.0736337
vn -0.0155141 0 0.0201115
v 0.0892768 0.076958 0.0734567
vn 0.0201907 -0 -0.0154109
v 0.0892768 0.076958 0.0734567
vn -0.0201907 0 0.0154109
v 0.0884382 0.0772506 0.0741662
vn 0.00337988 -0 -0.0251741
v 0.0883385 0.0769313 0.0735811
vn 0.0087326 0.0114374 -0.0209305
v 0.0880829 0.0769485 0.0738708
vn 0.00301781 0.0114374 -0.0224775
v 0.0880829 0.0769485 0.0738708
vn -0.00301781 -0.0114374 0.0224775
v 0.0883385 0.0769313 0.0735811
vn -0.0087326 -0.0114374 0.0209305
v 0.0884382 0.0772506 0.0741662
vn -0.00337988 0 0.0251741
v 0.0886937 0.0772334 0.0738765
vn 0.00978026 -0 -0.0234416
v 0.0886937 0.0772334 0.0738765
vn -0.00978026 0 0.0234416
v 0.0884382 0.0772506 0.0741662
vn 0.00337988 -0 -0.0251741
v 0.0884382 0.0772506 0.0741662
vn -0.00337988 0 0.0251741
v 0.0882293 0.0771823 0.0744872
vn -0.00325083 -0 -0.0251911
v 0.0882293 0.0771823 0.0744872
vn 0.00325083 0 0.0251911
v 0.0880832 0.077034 0.0748147
vn -0.00966 0 -0.0234914
v 0.0880832 0.077034 0.0748147
vn 0.00966 0 0.0234914
v 0.0880088 0.0768164 0.0751266
vn -0.0154109 0 -0.0201907
v 0.0880088 0.0768164 0.0751266
vn 0.0154109 0 0.0201907
v 0.0880108 0.0765443 0.0754025
vn -0.0201115 0 -0.0155141
v 0.0880108 0.0765443 0.0754025
vn 0.0201115 0 0.0155141
v 0.0895645 0.0767167 0.0733576
vn 0 -0.0254 0
v 0.0898225 0.0764275 0.0733429
vn 0 -0.0254 0
v 0.0892768 0.076958 0.0734567
vn 0 -0.0254 0
v 0.0900342 0.07611 0.0734131
vn 0 -0.0254 0
v 0.0889797 0.0771343 0.0736337
vn 0 -0.0254 0
v 0.0900342 0.07611 0.0734131
vn 0.0251741 0 0.00337988
v 0.0900342 0.07611 0.0734131
vn -0.0251741 0 -0.00337988
v 0.0884521 0.0755935 0.075844
vn 0 -0.0254 0
v 0.08824 0.0759108 0.0757746
vn 0 -0.0254 0
v 0.0889978 0.0750629 0.0757302
vn 0 -0.0254 0
v 0.0880901 0.0762349 0.0756236
vn 0 -0.0254 0
v 0.0886198 0.075695 0.0755385
vn -0.0224927 -0.0114374 0.0029026
v 0.0887102 0.0753043 0.0758293
vn 0 -0.0254 0
v 0.0892944 0.0748864 0.0755539
vn 0 -0.0254 0
v 0.0895809 0.0747866 0.0753114
vn 0 -0.0254 0
v 0.0894722 0.0750863 0.0751357
vn -0.0087326 -0.0114374 0.0209305
v 0.089837 0.0747706 0.0750198
vn 0 -0.0254 0
v 0.0896658 0.0750745 0.0749148
vn -0.00301781 -0.0114374 0.0224775
v 0.0900448 0.0748385 0.0747005
vn 0 -0.0254 0
v 0.0890323 0.0752952 0.0754512
vn -0.0180279 -0.0114374 0.0137601
v 0.0901909 0.0749868 0.074373
vn 0 -0.0254 0
v 0.08999 0.0754019 0.0741902
vn 0.0137601 -0.0114374 0.0180279
v 0.0902659 0.0752045 0.0740602
vn 0 -0.0254 0
v 0.0899877 0.0756079 0.0739823
vn 0.0179572 -0.0114374 0.0138523
v 0.0902639 0.0754767 0.0737844
vn 0 -0.0254 0
v 0.0898228 0.0751256 0.0746739
vn 0.0029026 -0.0114374 0.0224927
v 0.089814 0.0760859 0.0737024
vn 0.0224775 -0.0114374 0.00301781
v 0.0901846 0.0757861 0.0735633
vn 0 -0.0254 0
v 0.0886937 0.0772334 0.0738765
vn 0.00978026 -0 -0.0234416
v 0.0886937 0.0772334 0.0738765
vn -0.00978026 0 0.0234416
v 0.0894595 0.0765439 0.0736605
vn 0.020975 -0.0114374 -0.00862523
v 0.0886937 0.0772334 0.0738765
vn 0 -0.0254 0
v 0.0882293 0.0771823 0.0744872
vn 0 -0.0254 0
v 0.0884382 0.0772506 0.0741662
vn 0 -0.0254 0
v 0.0886094 0.0769466 0.0742712
vn 0.00301781 -0.0114374 -0.0224775
v 0.0880832 0.077034 0.0748147
vn 0 -0.0254 0
v 0.0884519 0.0768954 0.0745129
vn -0.0029026 -0.0114374 -0.0224927
v 0.0880088 0.0768164 0.0751266
vn 0 -0.0254 0
v 0.0883414 0.0767838 0.07476
vn -0.00862523 -0.0114374 -0.020975
v 0.0880108 0.0765443 0.0754025
vn 0 -0.0254 0
v 0.088287 0.076413 0.0752046
vn -0.0179572 -0.0114374 -0.0138523
v 0.0883466 0.07618 0.0753712
vn -0.0209305 -0.0114374 -0.0087326
v 0.0884601 0.0759348 0.0754853
vn -0.0224775 -0.0114374 -0.00301781
v 0.0888147 0.0754768 0.0755272
vn -0.020975 -0.0114374 0.00862523
v 0.0895938 0.0750786 0.0749973
vn -0.00593618 -0.0113592 0.0219292
v 0.0892563 0.0751616 0.0753183
vn -0.0138523 -0.0114374 0.0179572
v 0.0899333 0.0752372 0.0744269
vn 0.00862523 -0.0114374 0.020975
v 0.0899281 0.075841 0.0738157
vn 0.0209305 -0.0114374 0.0087326
v 0.0896544 0.0763258 0.0736492
vn 0.0224927 -0.0114374 -0.0029026
v 0.0890183 0.0768593 0.0738685
vn 0.0138523 -0.0114374 -0.0179572
v 0.0892429 0.076726 0.0737348
vn 0.0180279 -0.0114374 -0.0137601
v 0.0888019 0.0769345 0.074052
vn 0.0087326 -0.0114374 -0.0209305
v 0.0882852 0.0766193 0.0749958
vn -0.0137601 -0.0114374 -0.0180279
v 0.0886198 0.075695 0.0755385
vn 0.0224927 0.0114374 -0.0029026
v 0.0883423 0.0758347 0.0753874
vn 0.0224775 0.0114374 0.00301781
v 0.0884601 0.0759348 0.0754853
vn 0.0224775 0.0114374 0.00301781
v 0.0884601 0.0759348 0.0754853
vn -0.0224775 -0.0114374 -0.00301781
v 0.0883423 0.0758347 0.0753874
vn -0.0224775 -0.0114374 -0.00301781
v 0.0886198 0.075695 0.0755385
vn -0.0224927 -0.0114374 0.0029026
v 0.0888147 0.0754768 0.0755272
vn 0.020975 0.0114374 -0.00862523
v 0.088502 0.0755949 0.0754406
vn 0.0224927 0.0114374 -0.0029026
v 0.0886198 0.075695 0.0755385
vn 0.0224927 0.0114374 -0.0029026
v 0.0886198 0.075695 0.0755385
vn -0.0224927 -0.0114374 0.0029026
v 0.088502 0.0755949 0.0754406
vn -0.0224927 -0.0114374 0.0029026
v 0.0888147 0.0754768 0.0755272
vn -0.020975 -0.0114374 0.00862523
v 0.089476 0.0749785 0.0748994
vn 0.00593618 0.0113592 -0.0219292
v 0.0894722 0.0750863 0.0751357
vn 0.0087326 0.0114374 -0.0209305
v 0.0895938 0.0750786 0.0749973
vn 0.00593618 0.0113592 -0.0219292
v 0.0895938 0.0750786 0.0749973
vn -0.00593618 -0.0113592 0.0219292
v 0.0894722 0.0750863 0.0751357
vn -0.0087326 -0.0114374 0.0209305
v 0.089476 0.0749785 0.0748994
vn -0.00593618 -0.0113592 0.0219292
v 0.0894722 0.0750863 0.0751357
vn 0.0087326 0.0114374 -0.0209305
v 0.0891386 0.0750615 0.0752204
vn 0.0138523 0.0114374 -0.0179572
v 0.0892563 0.0751616 0.0753183
vn 0.0138523 0.0114374 -0.0179572
v 0.0892563 0.0751616 0.0753183
vn -0.0138523 -0.0114374 0.0179572
v 0.0891386 0.0750615 0.0752204
vn -0.0138523 -0.0114374 0.0179572
v 0.0894722 0.0750863 0.0751357
vn -0.0087326 -0.0114374 0.0209305
v 0.089705 0.0750254 0.074576
vn -0.0029026 0.0114374 -0.0224927
v 0.0896658 0.0750745 0.0749148
vn 0.00301781 0.0114374 -0.0224775
v 0.0898228 0.0751256 0.0746739
vn -0.0029026 0.0114374 -0.0224927
v 0.0898228 0.0751256 0.0746739
vn 0.0029026 -0.0114374 0.0224927
v 0.0896658 0.0750745 0.0749148
vn -0.00301781 -0.0114374 0.0224775
v 0.089705 0.0750254 0.074576
vn 0.0029026 -0.0114374 0.0224927
v 0.0895481 0.0749744 0.0748169
vn 0.00301781 0.0114374 -0.0224775
v 0.0896658 0.0750745 0.0749148
vn 0.00301781 0.0114374 -0.0224775
v 0.0896658 0.0750745 0.0749148
vn -0.00301781 -0.0114374 0.0224775
v 0.0895481 0.0749744 0.0748169
vn -0.00301781 -0.0114374 0.0224775
v 0.0892563 0.0751616 0.0753183
vn 0.0138523 0.0114374 -0.0179572
v 0.0889145 0.075195 0.0753533
vn 0.0180279 0.0114374 -0.0137601
v 0.0890323 0.0752952 0.0754512
vn 0.0180279 0.0114374 -0.0137601
v 0.0890323 0.0752952 0.0754512
vn -0.0180279 -0.0114374 0.0137601
v 0.0889145 0.075195 0.0753533
vn -0.0180279 -0.0114374 0.0137601
v 0.0892563 0.0751616 0.0753183
vn -0.0138523 -0.0114374 0.0179572
v 0.0890323 0.0752952 0.0754512
vn 0.0180279 0.0114374 -0.0137601
v 0.0886969 0.0753767 0.0754293
vn 0.020975 0.0114374 -0.00862523
v 0.0888147 0.0754768 0.0755272
vn 0.020975 0.0114374 -0.00862523
v 0.0888147 0.0754768 0.0755272
vn -0.020975 -0.0114374 0.00862523
v 0.0886969 0.0753767 0.0754293
vn -0.020975 -0.0114374 0.00862523
v 0.0890323 0.0752952 0.0754512
vn -0.0180279 -0.0114374 0.0137601
v 0.0898699 0.0755078 0.0738844
vn -0.0179572 0.0114374 -0.0138523
v 0.08999 0.0754019 0.0741902
vn -0.0137601 0.0114374 -0.0180279
v 0.0899877 0.0756079 0.0739823
vn -0.0179572 0.0114374 -0.0138523
v 0.0899877 0.0756079 0.0739823
vn 0.0179572 -0.0114374 0.0138523
v 0.08999 0.0754019 0.0741902
vn 0.0137601 -0.0114374 0.0180279
v 0.0898699 0.0755078 0.0738844
vn 0.0179572 -0.0114374 0.0138523
v 0.0898723 0.0753017 0.0740923
vn -0.0137601 0.0114374 -0.0180279
v 0.0899333 0.0752372 0.0744269
vn -0.00862523 0.0114374 -0.020975
v 0.08999 0.0754019 0.0741902
vn -0.0137601 0.0114374 -0.0180279
v 0.08999 0.0754019 0.0741902
vn 0.0137601 -0.0114374 0.0180279
v 0.0899333 0.0752372 0.0744269
vn 0.00862523 -0.0114374 0.020975
v 0.0898723 0.0753017 0.0740923
vn 0.0137601 -0.0114374 0.0180279
v 0.0898103 0.0757408 0.0737178
vn -0.0209305 0.0114374 -0.0087326
v 0.0899877 0.0756079 0.0739823
vn -0.0179572 0.0114374 -0.0138523
v 0.0899281 0.075841 0.0738157
vn -0.0209305 0.0114374 -0.0087326
v 0.0899281 0.075841 0.0738157
vn 0.0209305 -0.0114374 0.0087326
v 0.0899877 0.0756079 0.0739823
vn 0.0179572 -0.0114374 0.0138523
v 0.0898103 0.0757408 0.0737178
vn 0.0209305 -0.0114374 0.0087326
v 0.0898155 0.075137 0.0743289
vn -0.00862523 0.0114374 -0.020975
v 0.0898228 0.0751256 0.0746739
vn -0.0029026 0.0114374 -0.0224927
v 0.0899333 0.0752372 0.0744269
vn -0.00862523 0.0114374 -0.020975
v 0.0899333 0.0752372 0.0744269
vn 0.00862523 -0.0114374 0.020975
v 0.0898228 0.0751256 0.0746739
vn 0.0029026 -0.0114374 0.0224927
v 0.0898155 0.075137 0.0743289
vn 0.00862523 -0.0114374 0.020975
v 0.0896544 0.0763258 0.0736492
vn -0.0224927 0.0114374 0.0029026
v 0.0896963 0.0759858 0.0736044
vn -0.0224775 0.0114374 -0.00301781
v 0.089814 0.0760859 0.0737024
vn -0.0224775 0.0114374 -0.00301781
v 0.089814 0.0760859 0.0737024
vn 0.0224775 -0.0114374 0.00301781
v 0.0896963 0.0759858 0.0736044
vn 0.0224775 -0.0114374 0.00301781
v 0.0896544 0.0763258 0.0736492
vn 0.0224927 -0.0114374 -0.0029026
v 0.089814 0.0760859 0.0737024
vn -0.0224775 0.0114374 -0.00301781
v 0.0898103 0.0757408 0.0737178
vn -0.0209305 0.0114374 -0.0087326
v 0.0899281 0.075841 0.0738157
vn -0.0209305 0.0114374 -0.0087326
v 0.0899281 0.075841 0.0738157
vn 0.0209305 -0.0114374 0.0087326
v 0.0898103 0.0757408 0.0737178
vn 0.0209305 -0.0114374 0.0087326
v 0.089814 0.0760859 0.0737024
vn 0.0224775 -0.0114374 0.00301781
v 0.0892429 0.076726 0.0737348
vn -0.0180279 0.0114374 0.0137601
v 0.0893417 0.0764438 0.0735626
vn -0.020975 0.0114374 0.00862523
v 0.0894595 0.0765439 0.0736605
vn -0.020975 0.0114374 0.00862523
v 0.0894595 0.0765439 0.0736605
vn 0.020975 -0.0114374 -0.00862523
v 0.0893417 0.0764438 0.0735626
vn 0.020975 -0.0114374 -0.00862523
v 0.0892429 0.076726 0.0737348
vn 0.0180279 -0.0114374 -0.0137601
v 0.0884916 0.0768465 0.0741733
vn -0.00301781 0.0114374 0.0224775
v 0.0888019 0.0769345 0.074052
vn -0.0087326 0.0114374 0.0209305
v 0.0886094 0.0769466 0.0742712
vn -0.00301781 0.0114374 0.0224775
v 0.0886094 0.0769466 0.0742712
vn 0.00301781 -0.0114374 -0.0224775
v 0.0888019 0.0769345 0.074052
vn 0.0087326 -0.0114374 -0.0209305
v 0.0884916 0.0768465 0.0741733
vn 0.00301781 -0.0114374 -0.0224775
v 0.0883341 0.0767953 0.074415
vn 0.0029026 0.0114374 0.0224927
v 0.0886094 0.0769466 0.0742712
vn -0.00301781 0.0114374 0.0224775
v 0.0884519 0.0768954 0.0745129
vn 0.0029026 0.0114374 0.0224927
v 0.0884519 0.0768954 0.0745129
vn -0.0029026 -0.0114374 -0.0224927
v 0.0886094 0.0769466 0.0742712
vn 0.00301781 -0.0114374 -0.0224775
v 0.0883341 0.0767953 0.074415
vn -0.0029026 -0.0114374 -0.0224927
v 0.0882236 0.0766837 0.0746621
vn 0.00862523 0.0114374 0.020975
v 0.0884519 0.0768954 0.0745129
vn 0.0029026 0.0114374 0.0224927
v 0.0883414 0.0767838 0.07476
vn 0.00862523 0.0114374 0.020975
v 0.0883414 0.0767838 0.07476
vn -0.00862523 -0.0114374 -0.020975
v 0.0884519 0.0768954 0.0745129
vn -0.0029026 -0.0114374 -0.0224927
v 0.0882236 0.0766837 0.0746621
vn -0.00862523 -0.0114374 -0.020975
v 0.0881674 0.0765191 0.0748979
vn 0.0137601 0.0114374 0.0180279
v 0.0883414 0.0767838 0.07476
vn 0.00862523 0.0114374 0.020975
v 0.0882852 0.0766193 0.0749958
vn 0.0137601 0.0114374 0.0180279
v 0.0882852 0.0766193 0.0749958
vn -0.0137601 -0.0114374 -0.0180279
v 0.0883414 0.0767838 0.07476
vn -0.00862523 -0.0114374 -0.020975
v 0.0881674 0.0765191 0.0748979
vn -0.0137601 -0.0114374 -0.0180279
v 0.0881692 0.0763129 0.0751066
vn 0.0179572 0.0114374 0.0138523
v 0.0882852 0.0766193 0.0749958
vn 0.0137601 0.0114374 0.0180279
v 0.088287 0.076413 0.0752046
vn 0.0179572 0.0114374 0.0138523
v 0.088287 0.076413 0.0752046
vn -0.0179572 -0.0114374 -0.0138523
v 0.0882852 0.0766193 0.0749958
vn -0.0137601 -0.0114374 -0.0180279
v 0.0881692 0.0763129 0.0751066
vn -0.0179572 -0.0114374 -0.0138523
v 0.0882288 0.0760799 0.0752732
vn 0.0209305 0.0114374 0.0087326
v 0.088287 0.076413 0.0752046
vn 0.0179572 0.0114374 0.0138523
v 0.0883466 0.07618 0.0753712
vn 0.0209305 0.0114374 0.0087326
v 0.0883466 0.07618 0.0753712
vn -0.0209305 -0.0114374 -0.0087326
v 0.088287 0.076413 0.0752046
vn -0.0179572 -0.0114374 -0.0138523
v 0.0882288 0.0760799 0.0752732
vn -0.0209305 -0.0114374 -0.0087326
v 0.0884601 0.0759348 0.0754853
vn 0.0224775 0.0114374 0.00301781
v 0.0882288 0.0760799 0.0752732
vn 0.0209305 0.0114374 0.0087326
v 0.0883466 0.07618 0.0753712
vn 0.0209305 0.0114374 0.0087326
v 0.0883466 0.07618 0.0753712
vn -0.0209305 -0.0114374 -0.0087326
v 0.0882288 0.0760799 0.0752732
vn -0.0209305 -0.0114374 -0.0087326
v 0.0884601 0.0759348 0.0754853
vn -0.0224775 -0.0114374 -0.00301781
v 0.088502 0.0755949 0.0754406
vn 0.0224927 0.0114374 -0.0029026
v 0.088502 0.0755949 0.0754406
vn -0.0224927 -0.0114374 0.0029026
v 0.0883423 0.0758347 0.0753874
vn 0.0224775 0.0114374 0.00301781
v 0.0883423 0.0758347 0.0753874
vn -0.0224775 -0.0114374 -0.00301781
v 0.0886969 0.0753767 0.0754293
vn 0.020975 0.0114374 -0.00862523
v 0.0886969 0.0753767 0.0754293
vn -0.020975 -0.0114374 0.00862523
v 0.0893544 0.0749862 0.0750378
vn 0.0087326 0.0114374 -0.0209305
v 0.0893544 0.0749862 0.0750378
vn -0.0087326 -0.0114374 0.0209305
v 0.0893544 0.0749862 0.0750378
vn 0.0087326 0.0114374 -0.0209305
v 0.0893544 0.0749862 0.0750378
vn -0.0087326 -0.0114374 0.0209305
v 0.0891386 0.0750615 0.0752204
vn 0.0138523 0.0114374 -0.0179572
v 0.0891386 0.0750615 0.0752204
vn -0.0138523 -0.0114374 0.0179572
v 0.0895481 0.0749744 0.0748169
vn 0.00301781 0.0114374 -0.0224775
v 0.0895481 0.0749744 0.0748169
vn -0.00301781 -0.0114374 0.0224775
v 0.089705 0.0750254 0.074576
vn -0.0029026 0.0114374 -0.0224927
v 0.089705 0.0750254 0.074576
vn 0.0029026 -0.0114374 0.0224927
v 0.0889145 0.075195 0.0753533
vn 0.0180279 0.0114374 -0.0137601
v 0.0889145 0.075195 0.0753533
vn -0.0180279 -0.0114374 0.0137601
v 0.0898723 0.0753017 0.0740923
vn -0.0137601 0.0114374 -0.0180279
v 0.0898723 0.0753017 0.0740923
vn 0.0137601 -0.0114374 0.0180279
v 0.0898699 0.0755078 0.0738844
vn -0.0179572 0.0114374 -0.0138523
v 0.0898699 0.0755078 0.0738844
vn 0.0179572 -0.0114374 0.0138523
v 0.0898155 0.075137 0.0743289
vn -0.00862523 0.0114374 -0.020975
v 0.0898155 0.075137 0.0743289
vn 0.00862523 -0.0114374 0.020975
v 0.0894595 0.0765439 0.0736605
vn -0.020975 0.0114374 0.00862523
v 0.0895366 0.0762256 0.0735512
vn -0.0224927 0.0114374 0.0029026
v 0.0896544 0.0763258 0.0736492
vn -0.0224927 0.0114374 0.0029026
v 0.0896544 0.0763258 0.0736492
vn 0.0224927 -0.0114374 -0.0029026
v 0.0895366 0.0762256 0.0735512
vn 0.0224927 -0.0114374 -0.0029026
v 0.0894595 0.0765439 0.0736605
vn 0.020975 -0.0114374 -0.00862523
v 0.0895366 0.0762256 0.0735512
vn -0.0224927 0.0114374 0.0029026
v 0.0895366 0.0762256 0.0735512
vn 0.0224927 -0.0114374 -0.0029026
v 0.0896963 0.0759858 0.0736044
vn -0.0224775 0.0114374 -0.00301781
v 0.0896963 0.0759858 0.0736044
vn 0.0224775 -0.0114374 0.00301781
v 0.0890183 0.0768593 0.0738685
vn -0.0138523 0.0114374 0.0179572
v 0.0891251 0.0766258 0.0736369
vn -0.0180279 0.0114374 0.0137601
v 0.0892429 0.076726 0.0737348
vn -0.0180279 0.0114374 0.0137601
v 0.0892429 0.076726 0.0737348
vn 0.0180279 -0.0114374 -0.0137601
v 0.0891251 0.0766258 0.0736369
vn 0.0180279 -0.0114374 -0.0137601
v 0.0890183 0.0768593 0.0738685
vn 0.0138523 -0.0114374 -0.0179572
v 0.0888019 0.0769345 0.074052
vn -0.0087326 0.0114374 0.0209305
v 0.0889005 0.0767592 0.0737706
vn -0.0138523 0.0114374 0.0179572
v 0.0890183 0.0768593 0.0738685
vn -0.0138523 0.0114374 0.0179572
v 0.0890183 0.0768593 0.0738685
vn 0.0138523 -0.0114374 -0.0179572
v 0.0889005 0.0767592 0.0737706
vn 0.0138523 -0.0114374 -0.0179572
v 0.0888019 0.0769345 0.074052
vn 0.0087326 -0.0114374 -0.0209305
v 0.0891251 0.0766258 0.0736369
vn -0.0180279 0.0114374 0.0137601
v 0.0891251 0.0766258 0.0736369
vn 0.0180279 -0.0114374 -0.0137601
v 0.0893417 0.0764438 0.0735626
vn -0.020975 0.0114374 0.00862523
v 0.0893417 0.0764438 0.0735626
vn 0.020975 -0.0114374 -0.00862523
v 0.0886841 0.0768344 0.073954
vn -0.0087326 0.0114374 0.0209305
v 0.0886841 0.0768344 0.073954
vn 0.0087326 -0.0114374 -0.0209305
v 0.0884916 0.0768465 0.0741733
vn -0.00301781 0.0114374 0.0224775
v 0.0884916 0.0768465 0.0741733
vn 0.00301781 -0.0114374 -0.0224775
v 0.0883341 0.0767953 0.074415
vn 0.0029026 0.0114374 0.0224927
v 0.0883341 0.0767953 0.074415
vn -0.0029026 -0.0114374 -0.0224927
v 0.0882236 0.0766837 0.0746621
vn 0.00862523 0.0114374 0.020975
v 0.0882236 0.0766837 0.0746621
vn -0.00862523 -0.0114374 -0.020975
v 0.0881674 0.0765191 0.0748979
vn 0.0137601 0.0114374 0.0180279
v 0.0881674 0.0765191 0.0748979
vn -0.0137601 -0.0114374 -0.0180279
v 0.0881692 0.0763129 0.0751066
vn 0.0179572 0.0114374 0.0138523
v 0.0881692 0.0763129 0.0751066
vn -0.0179572 -0.0114374 -0.0138523
v 0.088502 0.0755949 0.0754406
vn -0.0224927 -0.0114374 0.0029026
v 0.0883423 0.0758347 0.0753874
vn -0.0224775 -0.0114374 -0.00301781
v 0.0891386 0.0750615 0.0752204
vn -0.0138523 -0.0114374 0.0179572
v 0.0882288 0.0760799 0.0752732
vn -0.0209305 -0.0114374 -0.0087326
v 0.0887866 0.0755263 0.0751684
vn 0.020975 -0.0114374 -0.00862523
v 0.0886969 0.0753767 0.0754293
vn -0.020975 -0.0114374 0.00862523
v 0.0889145 0.075195 0.0753533
vn -0.0180279 -0.0114374 0.0137601
v 0.0893544 0.0749862 0.0750378
vn -0.0087326 -0.0114374 0.0209305
v 0.0891052 0.0752992 0.0750174
vn 0.0138523 -0.0114374 -0.0179572
v 0.089476 0.0749785 0.0748994
vn -0.00593618 -0.0113592 0.0219292
v 0.0892606 0.0752448 0.0748861
vn 0.0087326 -0.0114374 -0.0209305
v 0.0895481 0.0749744 0.0748169
vn -0.00301781 -0.0114374 0.0224775
v 0.0894 0.0752361 0.0747275
vn 0.00301781 -0.0114374 -0.0224775
v 0.089705 0.0750254 0.074576
vn 0.0029026 -0.0114374 0.0224927
v 0.0895124 0.0752734 0.0745541
vn -0.0029026 -0.0114374 -0.0224927
v 0.0898155 0.075137 0.0743289
vn 0.00862523 -0.0114374 0.020975
v 0.0898723 0.0753017 0.0740923
vn 0.0137601 -0.0114374 0.0180279
v 0.0896321 0.0756198 0.0740558
vn -0.0179572 -0.0114374 -0.0138523
v 0.0898699 0.0755078 0.0738844
vn 0.0179572 -0.0114374 0.0138523
v 0.0893925 0.0761369 0.0738153
vn -0.0224927 -0.0114374 0.0029026
v 0.0898103 0.0757408 0.0737178
vn 0.0209305 -0.0114374 0.0087326
v 0.0896333 0.0754723 0.0742053
vn -0.0137601 -0.0114374 -0.0180279
v 0.0896963 0.0759858 0.0736044
vn 0.0224775 -0.0114374 0.00301781
v 0.0889005 0.0767592 0.0737706
vn 0.0138523 -0.0114374 -0.0179572
v 0.0895366 0.0762256 0.0735512
vn 0.0224927 -0.0114374 -0.0029026
v 0.0889005 0.0767592 0.0737706
vn -0.0138523 0.0114374 0.0179572
v 0.0889005 0.0767592 0.0737706
vn 0.0138523 -0.0114374 -0.0179572
v 0.0886841 0.0768344 0.073954
vn -0.0087326 0.0114374 0.0209305
v 0.0886841 0.0768344 0.073954
vn 0.0087326 -0.0114374 -0.0209305
v 0.0893417 0.0764438 0.0735626
vn 0.020975 -0.0114374 -0.00862523
v 0.0891251 0.0766258 0.0736369
vn 0.0180279 -0.0114374 -0.0137601
v 0.0884916 0.0768465 0.0741733
vn 0.00301781 -0.0114374 -0.0224775
v 0.0886841 0.0768344 0.073954
vn 0.0087326 -0.0114374 -0.0209305
v 0.0890957 0.0764252 0.0738774
vn -0.0180279 -0.0114374 0.0137601
v 0.0883341 0.0767953 0.074415
vn -0.0029026 -0.0114374 -0.0224927
v 0.0886391 0.0765846 0.0742636
vn -0.00301781 -0.0114374 0.0224775
v 0.0882236 0.0766837 0.0746621
vn -0.00862523 -0.0114374 -0.020975
v 0.0885261 0.0765471 0.0744378
vn 0.0029026 -0.0114374 0.0224927
v 0.0881674 0.0765191 0.0748979
vn -0.0137601 -0.0114374 -0.0180279
v 0.088447 0.0764669 0.074615
vn 0.00862523 -0.0114374 0.020975
v 0.0881692 0.0763129 0.0751066
vn -0.0179572 -0.0114374 -0.0138523
v 0.0884064 0.0762007 0.074936
vn 0.0179572 -0.0114374 0.0138523
v 0.0884503 0.0760324 0.0750554
vn 0.0209305 -0.0114374 0.0087326
v 0.0886466 0.0756838 0.0751757
vn 0.0224927 -0.0114374 -0.0029026
v 0.0889434 0.0753955 0.0751136
vn 0.0180279 -0.0114374 -0.0137601
v 0.0893548 0.0752391 0.0747787
vn 0.00593618 -0.0113592 -0.0219292
v 0.0895927 0.0753539 0.0743752
vn -0.00862523 -0.0114374 -0.020975
v 0.0895894 0.0757885 0.0739348
vn -0.0209305 -0.0114374 -0.0087326
v 0.089252 0.0762942 0.0738235
vn -0.020975 -0.0114374 0.00862523
v 0.0895073 0.0759641 0.0738539
vn -0.0224775 -0.0114374 -0.00301781
v 0.0889333 0.0765213 0.0739745
vn -0.0138523 -0.0114374 0.0179572
v 0.0887779 0.0765757 0.0741058
vn -0.0087326 -0.0114374 0.0209305
v 0.0884058 0.0763484 0.0747857
vn 0.0137601 -0.0114374 0.0180279
v 0.0885313 0.0758564 0.075138
vn 0.0224775 -0.0114374 0.00301781
v 0.0887866 0.0755263 0.0751684
vn -0.020975 0.0114374 0.00862523
v 0.0892388 0.0761872 0.075668
vn -0.0224927 0.0114374 0.0029026
v 0.0886466 0.0756838 0.0751757
vn -0.0224927 0.0114374 0.0029026
v 0.0886466 0.0756838 0.0751757
vn 0.0224927 -0.0114374 -0.0029026
v 0.0892388 0.0761872 0.075668
vn 0.0224927 -0.0114374 -0.0029026
v 0.0887866 0.0755263 0.0751684
vn 0.020975 -0.0114374 -0.00862523
v 0.0892606 0.0752448 0.0748861
vn -0.0087326 0.0114374 0.0209305
v 0.0896973 0.0758027 0.0755097
vn -0.0138523 0.0114374 0.0179572
v 0.0891052 0.0752992 0.0750174
vn -0.0138523 0.0114374 0.0179572
v 0.0891052 0.0752992 0.0750174
vn 0.0138523 -0.0114374 -0.0179572
v 0.0896973 0.0758027 0.0755097
vn 0.0138523 -0.0114374 -0.0179572
v 0.0892606 0.0752448 0.0748861
vn 0.0087326 -0.0114374 -0.0209305
v 0.0891052 0.0752992 0.0750174
vn -0.0138523 0.0114374 0.0179572
v 0.0895355 0.0758989 0.0756059
vn -0.0180279 0.0114374 0.0137601
v 0.0889434 0.0753955 0.0751136
vn -0.0180279 0.0114374 0.0137601
v 0.0889434 0.0753955 0.0751136
vn 0.0180279 -0.0114374 -0.0137601
v 0.0895355 0.0758989 0.0756059
vn 0.0180279 -0.0114374 -0.0137601
v 0.0891052 0.0752992 0.0750174
vn 0.0138523 -0.0114374 -0.0179572
v 0.0899469 0.0757425 0.075271
vn -0.00593618 0.0113592 0.0219292
v 0.0892606 0.0752448 0.0748861
vn -0.0087326 0.0114374 0.0209305
v 0.0893548 0.0752391 0.0747787
vn -0.00593618 0.0113592 0.0219292
v 0.0893548 0.0752391 0.0747787
vn 0.00593618 -0.0113592 -0.0219292
v 0.0892606 0.0752448 0.0748861
vn 0.0087326 -0.0114374 -0.0209305
v 0.0899469 0.0757425 0.075271
vn 0.00593618 -0.0113592 -0.0219292
v 0.0889434 0.0753955 0.0751136
vn -0.0180279 0.0114374 0.0137601
v 0.0893787 0.0760298 0.0756607
vn -0.020975 0.0114374 0.00862523
v 0.0887866 0.0755263 0.0751684
vn -0.020975 0.0114374 0.00862523
v 0.0887866 0.0755263 0.0751684
vn 0.020975 -0.0114374 -0.00862523
v 0.0893787 0.0760298 0.0756607
vn 0.020975 -0.0114374 -0.00862523
v 0.0889434 0.0753955 0.0751136
vn 0.0180279 -0.0114374 -0.0137601
v 0.0901045 0.0757768 0.0750464
vn 0.0029026 0.0114374 0.0224927
v 0.0894 0.0752361 0.0747275
vn -0.00301781 0.0114374 0.0224775
v 0.0895124 0.0752734 0.0745541
vn 0.0029026 0.0114374 0.0224927
v 0.0895124 0.0752734 0.0745541
vn -0.0029026 -0.0114374 -0.0224927
v 0.0894 0.0752361 0.0747275
vn 0.00301781 -0.0114374 -0.0224775
v 0.0901045 0.0757768 0.0750464
vn -0.0029026 -0.0114374 -0.0224927
v 0.0899921 0.0757395 0.0752198
vn -0.00301781 0.0114374 0.0224775
v 0.0894 0.0752361 0.0747275
vn -0.00301781 0.0114374 0.0224775
v 0.0894 0.0752361 0.0747275
vn 0.00301781 -0.0114374 -0.0224775
v 0.0899921 0.0757395 0.0752198
vn 0.00301781 -0.0114374 -0.0224775
v 0.0901848 0.0758573 0.0748675
vn 0.00862523 0.0114374 0.020975
v 0.0895124 0.0752734 0.0745541
vn 0.0029026 0.0114374 0.0224927
v 0.0895927 0.0753539 0.0743752
vn 0.00862523 0.0114374 0.020975
v 0.0895927 0.0753539 0.0743752
vn -0.00862523 -0.0114374 -0.020975
v 0.0895124 0.0752734 0.0745541
vn -0.0029026 -0.0114374 -0.0224927
v 0.0901848 0.0758573 0.0748675
vn -0.00862523 -0.0114374 -0.020975
v 0.0901815 0.0762919 0.0744271
vn 0.0209305 0.0114374 0.0087326
v 0.0896321 0.0756198 0.0740558
vn 0.0179572 0.0114374 0.0138523
v 0.0895894 0.0757885 0.0739348
vn 0.0209305 0.0114374 0.0087326
v 0.0895894 0.0757885 0.0739348
vn -0.0209305 -0.0114374 -0.0087326
v 0.0896321 0.0756198 0.0740558
vn -0.0179572 -0.0114374 -0.0138523
v 0.0901815 0.0762919 0.0744271
vn -0.0209305 -0.0114374 -0.0087326
v 0.0902242 0.0761232 0.0745481
vn 0.0179572 0.0114374 0.0138523
v 0.0896333 0.0754723 0.0742053
vn 0.0137601 0.0114374 0.0180279
v 0.0896321 0.0756198 0.0740558
vn 0.0179572 0.0114374 0.0138523
v 0.0896321 0.0756198 0.0740558
vn -0.0179572 -0.0114374 -0.0138523
v 0.0896333 0.0754723 0.0742053
vn -0.0137601 -0.0114374 -0.0180279
v 0.0902242 0.0761232 0.0745481
vn -0.0179572 -0.0114374 -0.0138523
v 0.089252 0.0762942 0.0738235
vn 0.020975 0.0114374 -0.00862523
v 0.0899846 0.0766403 0.0743076
vn 0.0224927 0.0114374 -0.0029026
v 0.0893925 0.0761369 0.0738153
vn 0.0224927 0.0114374 -0.0029026
v 0.0893925 0.0761369 0.0738153
vn -0.0224927 -0.0114374 0.0029026
v 0.0899846 0.0766403 0.0743076
vn -0.0224927 -0.0114374 0.0029026
v 0.089252 0.0762942 0.0738235
vn -0.020975 -0.0114374 0.00862523
v 0.0893925 0.0761369 0.0738153
vn 0.0224927 0.0114374 -0.0029026
v 0.0900994 0.0764675 0.0743462
vn 0.0224775 0.0114374 0.00301781
v 0.0895073 0.0759641 0.0738539
vn 0.0224775 0.0114374 0.00301781
v 0.0895073 0.0759641 0.0738539
vn -0.0224775 -0.0114374 -0.00301781
v 0.0900994 0.0764675 0.0743462
vn -0.0224775 -0.0114374 -0.00301781
v 0.0893925 0.0761369 0.0738153
vn -0.0224927 -0.0114374 0.0029026
v 0.0902254 0.0759757 0.0746976
vn 0.0137601 0.0114374 0.0180279
v 0.0895927 0.0753539 0.0743752
vn 0.00862523 0.0114374 0.020975
v 0.0896333 0.0754723 0.0742053
vn 0.0137601 0.0114374 0.0180279
v 0.0896333 0.0754723 0.0742053
vn -0.0137601 -0.0114374 -0.0180279
v 0.0895927 0.0753539 0.0743752
vn -0.00862523 -0.0114374 -0.020975
v 0.0902254 0.0759757 0.0746976
vn -0.0137601 -0.0114374 -0.0180279
v 0.0890957 0.0764252 0.0738774
vn 0.0180279 0.0114374 -0.0137601
v 0.0898441 0.0767976 0.0743158
vn 0.020975 0.0114374 -0.00862523
v 0.089252 0.0762942 0.0738235
vn 0.020975 0.0114374 -0.00862523
v 0.089252 0.0762942 0.0738235
vn -0.020975 -0.0114374 0.00862523
v 0.0898441 0.0767976 0.0743158
vn -0.020975 -0.0114374 0.00862523
v 0.0890957 0.0764252 0.0738774
vn -0.0180279 -0.0114374 0.0137601
v 0.0889333 0.0765213 0.0739745
vn 0.0138523 0.0114374 -0.0179572
v 0.0896878 0.0769286 0.0743697
vn 0.0180279 0.0114374 -0.0137601
v 0.0890957 0.0764252 0.0738774
vn 0.0180279 0.0114374 -0.0137601
v 0.0890957 0.0764252 0.0738774
vn -0.0180279 -0.0114374 0.0137601
v 0.0896878 0.0769286 0.0743697
vn -0.0180279 -0.0114374 0.0137601
v 0.0889333 0.0765213 0.0739745
vn -0.0138523 -0.0114374 0.0179572
v 0.0892312 0.077088 0.0747559
vn 0.00301781 0.0114374 -0.0224775
v 0.0887779 0.0765757 0.0741058
vn 0.0087326 0.0114374 -0.0209305
v 0.0886391 0.0765846 0.0742636
vn 0.00301781 0.0114374 -0.0224775
v 0.0886391 0.0765846 0.0742636
vn -0.00301781 -0.0114374 0.0224775
v 0.0887779 0.0765757 0.0741058
vn -0.0087326 -0.0114374 0.0209305
v 0.0892312 0.077088 0.0747559
vn -0.00301781 -0.0114374 0.0224775
v 0.0891183 0.0770506 0.0749301
vn -0.0029026 0.0114374 -0.0224927
v 0.0886391 0.0765846 0.0742636
vn 0.00301781 0.0114374 -0.0224775
v 0.0885261 0.0765471 0.0744378
vn -0.0029026 0.0114374 -0.0224927
v 0.0885261 0.0765471 0.0744378
vn 0.0029026 -0.0114374 0.0224927
v 0.0886391 0.0765846 0.0742636
vn -0.00301781 -0.0114374 0.0224775
v 0.0891183 0.0770506 0.0749301
vn 0.0029026 -0.0114374 0.0224927
v 0.0890391 0.0769704 0.0751073
vn -0.00862523 0.0114374 -0.020975
v 0.0885261 0.0765471 0.0744378
vn -0.0029026 0.0114374 -0.0224927
v 0.088447 0.0764669 0.074615
vn -0.00862523 0.0114374 -0.020975
v 0.088447 0.0764669 0.074615
vn 0.00862523 -0.0114374 0.020975
v 0.0885261 0.0765471 0.0744378
vn 0.0029026 -0.0114374 0.0224927
v 0.0890391 0.0769704 0.0751073
vn 0.00862523 -0.0114374 0.020975
v 0.0889979 0.0768518 0.075278
vn -0.0137601 0.0114374 -0.0180279
v 0.088447 0.0764669 0.074615
vn -0.00862523 0.0114374 -0.020975
v 0.0884058 0.0763484 0.0747857
vn -0.0137601 0.0114374 -0.0180279
v 0.0884058 0.0763484 0.0747857
vn 0.0137601 -0.0114374 0.0180279
v 0.088447 0.0764669 0.074615
vn 0.00862523 -0.0114374 0.020975
v 0.0889979 0.0768518 0.075278
vn 0.0137601 -0.0114374 0.0180279
v 0.0889985 0.0767041 0.0754283
vn -0.0179572 0.0114374 -0.0138523
v 0.0884058 0.0763484 0.0747857
vn -0.0137601 0.0114374 -0.0180279
v 0.0884064 0.0762007 0.074936
vn -0.0179572 0.0114374 -0.0138523
v 0.0884064 0.0762007 0.074936
vn 0.0179572 -0.0114374 0.0138523
v 0.0884058 0.0763484 0.0747857
vn 0.0137601 -0.0114374 0.0180279
v 0.0889985 0.0767041 0.0754283
vn 0.0179572 -0.0114374 0.0138523
v 0.0890424 0.0765358 0.0755477
vn -0.0209305 0.0114374 -0.0087326
v 0.0884064 0.0762007 0.074936
vn -0.0179572 0.0114374 -0.0138523
v 0.0884503 0.0760324 0.0750554
vn -0.0209305 0.0114374 -0.0087326
v 0.0884503 0.0760324 0.0750554
vn 0.0209305 -0.0114374 0.0087326
v 0.0884064 0.0762007 0.074936
vn 0.0179572 -0.0114374 0.0138523
v 0.0890424 0.0765358 0.0755477
vn 0.0209305 -0.0114374 0.0087326
v 0.0885313 0.0758564 0.075138
vn -0.0224775 0.0114374 -0.00301781
v 0.0890424 0.0765358 0.0755477
vn -0.0209305 0.0114374 -0.0087326
v 0.0884503 0.0760324 0.0750554
vn -0.0209305 0.0114374 -0.0087326
v 0.0884503 0.0760324 0.0750554
vn 0.0209305 -0.0114374 0.0087326
v 0.0890424 0.0765358 0.0755477
vn 0.0209305 -0.0114374 0.0087326
v 0.0885313 0.0758564 0.075138
vn 0.0224775 -0.0114374 0.00301781
v 0.0886466 0.0756838 0.0751757
vn -0.0224927 0.0114374 0.0029026
v 0.0891234 0.0763598 0.0756303
vn -0.0224775 0.0114374 -0.00301781
v 0.0885313 0.0758564 0.075138
vn -0.0224775 0.0114374 -0.00301781
v 0.0885313 0.0758564 0.075138
vn 0.0224775 -0.0114374 0.00301781
v 0.0891234 0.0763598 0.0756303
vn 0.0224775 -0.0114374 0.00301781
v 0.0886466 0.0756838 0.0751757
vn 0.0224927 -0.0114374 -0.0029026
v 0.0893787 0.0760298 0.0756607
vn -0.020975 0.0114374 0.00862523
v 0.0893787 0.0760298 0.0756607
vn 0.020975 -0.0114374 -0.00862523
v 0.0892388 0.0761872 0.075668
vn -0.0224927 0.0114374 0.0029026
v 0.0892388 0.0761872 0.075668
vn 0.0224927 -0.0114374 -0.0029026
v 0.0898528 0.0757483 0.0753784
vn -0.0087326 0.0114374 0.0209305
v 0.0898528 0.0757483 0.0753784
vn 0.0087326 -0.0114374 -0.0209305
v 0.0896973 0.0758027 0.0755097
vn -0.0138523 0.0114374 0.0179572
v 0.0896973 0.0758027 0.0755097
vn 0.0138523 -0.0114374 -0.0179572
v 0.0895355 0.0758989 0.0756059
vn -0.0180279 0.0114374 0.0137601
v 0.0895355 0.0758989 0.0756059
vn 0.0180279 -0.0114374 -0.0137601
v 0.0898528 0.0757483 0.0753784
vn -0.0087326 0.0114374 0.0209305
v 0.0898528 0.0757483 0.0753784
vn 0.0087326 -0.0114374 -0.0209305
v 0.0899921 0.0757395 0.0752198
vn -0.00301781 0.0114374 0.0224775
v 0.0899921 0.0757395 0.0752198
vn 0.00301781 -0.0114374 -0.0224775
v 0.0901045 0.0757768 0.0750464
vn 0.0029026 0.0114374 0.0224927
v 0.0901045 0.0757768 0.0750464
vn -0.0029026 -0.0114374 -0.0224927
v 0.0901848 0.0758573 0.0748675
vn 0.00862523 0.0114374 0.020975
v 0.0901848 0.0758573 0.0748675
vn -0.00862523 -0.0114374 -0.020975
v 0.0895073 0.0759641 0.0738539
vn 0.0224775 0.0114374 0.00301781
v 0.0901815 0.0762919 0.0744271
vn 0.0209305 0.0114374 0.0087326
v 0.0895894 0.0757885 0.0739348
vn 0.0209305 0.0114374 0.0087326
v 0.0895894 0.0757885 0.0739348
vn -0.0209305 -0.0114374 -0.0087326
v 0.0901815 0.0762919 0.0744271
vn -0.0209305 -0.0114374 -0.0087326
v 0.0895073 0.0759641 0.0738539
vn -0.0224775 -0.0114374 -0.00301781
v 0.0902242 0.0761232 0.0745481
vn 0.0179572 0.0114374 0.0138523
v 0.0902242 0.0761232 0.0745481
vn -0.0179572 -0.0114374 -0.0138523
v 0.0902254 0.0759757 0.0746976
vn 0.0137601 0.0114374 0.0180279
v 0.0902254 0.0759757 0.0746976
vn -0.0137601 -0.0114374 -0.0180279
v 0.0898441 0.0767976 0.0743158
vn 0.020975 0.0114374 -0.00862523
v 0.0898441 0.0767976 0.0743158
vn -0.020975 -0.0114374 0.00862523
v 0.0899846 0.0766403 0.0743076
vn 0.0224927 0.0114374 -0.0029026
v 0.0899846 0.0766403 0.0743076
vn -0.0224927 -0.0114374 0.0029026
v 0.0900994 0.0764675 0.0743462
vn 0.0224775 0.0114374 0.00301781
v 0.0900994 0.0764675 0.0743462
vn -0.0224775 -0.0114374 -0.00301781
v 0.0896878 0.0769286 0.0743697
vn 0.0180279 0.0114374 -0.0137601
v 0.0896878 0.0769286 0.0743697
vn -0.0180279 -0.0114374 0.0137601
v 0.0887779 0.0765757 0.0741058
vn 0.0087326 0.0114374 -0.0209305
v 0.0895255 0.0770247 0.0744668
vn 0.0138523 0.0114374 -0.0179572
v 0.0889333 0.0765213 0.0739745
vn 0.0138523 0.0114374 -0.0179572
v 0.0889333 0.0765213 0.0739745
vn -0.0138523 -0.0114374 0.0179572
v 0.0895255 0.0770247 0.0744668
vn -0.0138523 -0.0114374 0.0179572
v 0.0887779 0.0765757 0.0741058
vn -0.0087326 -0.0114374 0.0209305
v 0.0895255 0.0770247 0.0744668
vn 0.0138523 0.0114374 -0.0179572
v 0.0895255 0.0770247 0.0744668
vn -0.0138523 -0.0114374 0.0179572
v 0.08937 0.0770791 0.0745981
vn 0.0087326 0.0114374 -0.0209305
v 0.08937 0.0770791 0.0745981
vn -0.0087326 -0.0114374 0.0209305
v 0.0892312 0.077088 0.0747559
vn 0.00301781 0.0114374 -0.0224775
v 0.0892312 0.077088 0.0747559
vn -0.00301781 -0.0114374 0.0224775
v 0.0891183 0.0770506 0.0749301
vn -0.0029026 0.0114374 -0.0224927
v 0.0891183 0.0770506 0.0749301
vn 0.0029026 -0.0114374 0.0224927
v 0.0890391 0.0769704 0.0751073
vn -0.00862523 0.0114374 -0.020975
v 0.0890391 0.0769704 0.0751073
vn 0.00862523 -0.0114374 0.020975
v 0.0889979 0.0768518 0.075278
vn -0.0137601 0.0114374 -0.0180279
v 0.0889979 0.0768518 0.075278
vn 0.0137601 -0.0114374 0.0180279
v 0.0889985 0.0767041 0.0754283
vn -0.0179572 0.0114374 -0.0138523
v 0.0889985 0.0767041 0.0754283
vn 0.0179572 -0.0114374 0.0138523
v 0.0891234 0.0763598 0.0756303
vn -0.0224775 0.0114374 -0.00301781
v 0.0891234 0.0763598 0.0756303
vn 0.0224775 -0.0114374 0.00301781
v 0.0895355 0.0758989 0.0756059
vn -0.0180279 0.0114374 0.0137601
v 0.0892388 0.0761872 0.075668
vn -0.0224927 0.0114374 0.0029026
v 0.0893787 0.0760298 0.0756607
vn -0.020975 0.0114374 0.00862523
v 0.0893787 0.0760298 0.0756607
vn 0.020975 -0.0114374 -0.00862523
v 0.0892388 0.0761872 0.075668
vn 0.0224927 -0.0114374 -0.0029026
v 0.0895355 0.0758989 0.0756059
vn 0.0180279 -0.0114374 -0.0137601
v 0.089403 0.0760698 0.0755906
vn -0.0204288 0.0125401 0.00840067
v 0.0891234 0.0763598 0.0756303
vn -0.0224775 0.0114374 -0.00301781
v 0.0891234 0.0763598 0.0756303
vn 0.0224775 -0.0114374 0.00301781
v 0.089403 0.0760698 0.0755906
vn 0.0204288 -0.0125401 -0.00840067
v 0.0898528 0.0757483 0.0753784
vn -0.0087326 0.0114374 0.0209305
v 0.0896886 0.0758657 0.0754558
vn -0.0134953 0.0125292 0.0174945
v 0.0896973 0.0758027 0.0755097
vn -0.0138523 0.0114374 0.0179572
v 0.0896973 0.0758027 0.0755097
vn 0.0138523 -0.0114374 -0.0179572
v 0.0896886 0.0758657 0.0754558
vn 0.0134953 -0.0125292 -0.0174945
v 0.0898528 0.0757483 0.0753784
vn 0.0087326 -0.0114374 -0.0209305
v 0.0899469 0.0757425 0.075271
vn -0.00593618 0.0113592 0.0219292
v 0.0898272 0.0758177 0.075338
vn -0.00850772 0.0125286 0.0203915
v 0.0898272 0.0758177 0.075338
vn 0.00850772 -0.0125286 -0.0203915
v 0.0899469 0.0757425 0.075271
vn 0.00593618 -0.0113592 -0.0219292
v 0.0899921 0.0757395 0.0752198
vn -0.00301781 0.0114374 0.0224775
v 0.0899149 0.0758118 0.0752386
vn -0.00578522 0.0124478 0.0213716
v 0.0899149 0.0758118 0.0752386
vn 0.00578522 -0.0124478 -0.0213716
v 0.0899921 0.0757395 0.0752198
vn 0.00301781 -0.0114374 -0.0224775
v 0.0901045 0.0757768 0.0750464
vn 0.0029026 0.0114374 0.0224927
v 0.0899526 0.0758093 0.0751958
vn -0.0029409 0.0125314 0.0218969
v 0.0899526 0.0758093 0.0751958
vn 0.0029409 -0.0125314 -0.0218969
v 0.0901045 0.0757768 0.0750464
vn -0.0029026 -0.0114374 -0.0224927
v 0.0901848 0.0758573 0.0748675
vn 0.00862523 0.0114374 0.020975
v 0.0900538 0.0758429 0.0750398
vn 0.0028262 0.0125374 0.0219086
v 0.0900538 0.0758429 0.0750398
vn -0.0028262 -0.0125374 -0.0219086
v 0.0901848 0.0758573 0.0748675
vn -0.00862523 -0.0114374 -0.020975
v 0.0902254 0.0759757 0.0746976
vn 0.0137601 0.0114374 0.0180279
v 0.090162 0.0760206 0.0747279
vn 0.013396 0.0125566 0.017551
v 0.090162 0.0760206 0.0747279
vn -0.013396 -0.0125566 -0.017551
v 0.0902254 0.0759757 0.0746976
vn -0.0137601 -0.0114374 -0.0180279
v 0.0901815 0.0762919 0.0744271
vn 0.0209305 0.0114374 0.0087326
v 0.0901222 0.0763042 0.0744857
vn 0.0203637 0.0125815 0.00849619
v 0.0902242 0.0761232 0.0745481
vn 0.0179572 0.0114374 0.0138523
v 0.0902242 0.0761232 0.0745481
vn -0.0179572 -0.0114374 -0.0138523
v 0.0901222 0.0763042 0.0744857
vn -0.0203637 -0.0125815 -0.00849619
v 0.0901815 0.0762919 0.0744271
vn -0.0209305 -0.0114374 -0.0087326
v 0.0901605 0.076154 0.0745933
vn 0.0174766 0.0125688 0.0134816
v 0.0901605 0.076154 0.0745933
vn -0.0174766 -0.0125688 -0.0134816
v 0.0896878 0.0769286 0.0743697
vn 0.0180279 0.0114374 -0.0137601
v 0.0899846 0.0766403 0.0743076
vn 0.0224927 0.0114374 -0.0029026
v 0.0898441 0.0767976 0.0743158
vn 0.020975 0.0114374 -0.00862523
v 0.0898441 0.0767976 0.0743158
vn -0.020975 -0.0114374 0.00862523
v 0.0899846 0.0766403 0.0743076
vn -0.0224927 -0.0114374 0.0029026
v 0.0896878 0.0769286 0.0743697
vn -0.0180279 -0.0114374 0.0137601
v 0.0898193 0.0767584 0.0743857
vn 0.0203894 0.0126148 -0.00838437
v 0.0900994 0.0764675 0.0743462
vn 0.0224775 0.0114374 0.00301781
v 0.0900994 0.0764675 0.0743462
vn -0.0224775 -0.0114374 -0.00301781
v 0.0898193 0.0767584 0.0743857
vn -0.0203894 -0.0126148 0.00838437
v 0.0899456 0.0766174 0.074378
vn 0.0218701 0.0126054 -0.0028222
v 0.0899456 0.0766174 0.074378
vn -0.0218701 -0.0126054 0.0028222
v 0.08937 0.0770791 0.0745981
vn 0.0087326 0.0114374 -0.0209305
v 0.08937 0.0770791 0.0745981
vn -0.0087326 -0.0114374 0.0209305
v 0.0895255 0.0770247 0.0744668
vn 0.0138523 0.0114374 -0.0179572
v 0.0895255 0.0770247 0.0744668
vn -0.0138523 -0.0114374 0.0179572
v 0.0893955 0.0770096 0.0746385
vn 0.00848628 0.0126263 -0.0203401
v 0.08937 0.0770791 0.0745981
vn 0.0087326 0.0114374 -0.0209305
v 0.0892312 0.077088 0.0747559
vn 0.00301781 0.0114374 -0.0224775
v 0.0892312 0.077088 0.0747559
vn -0.00301781 -0.0114374 0.0224775
v 0.08937 0.0770791 0.0745981
vn -0.0087326 -0.0114374 0.0209305
v 0.0893955 0.0770096 0.0746385
vn -0.00848628 -0.0126263 0.0203401
v 0.0892702 0.077018 0.0747806
vn 0.00293288 0.0126235 -0.021845
v 0.0891183 0.0770506 0.0749301
vn -0.0029026 0.0114374 -0.0224927
v 0.0891183 0.0770506 0.0749301
vn 0.0029026 -0.0114374 0.0224927
v 0.0892702 0.077018 0.0747806
vn -0.00293288 -0.0126235 0.021845
v 0.089169 0.0769845 0.0749367
vn -0.00282141 0.0126177 -0.0218631
v 0.0890391 0.0769704 0.0751073
vn -0.00862523 0.0114374 -0.020975
v 0.0890391 0.0769704 0.0751073
vn 0.00862523 -0.0114374 0.020975
v 0.089169 0.0769845 0.0749367
vn 0.00282141 -0.0126177 0.0218631
v 0.0890978 0.0769129 0.0750955
vn -0.00838571 0.0126091 -0.0203924
v 0.0889979 0.0768518 0.075278
vn -0.0137601 0.0114374 -0.0180279
v 0.0889979 0.0768518 0.075278
vn 0.0137601 -0.0114374 0.0180279
v 0.0890978 0.0769129 0.0750955
vn 0.00838571 -0.0126091 0.0203924
v 0.0890629 0.0766735 0.0753823
vn -0.0174688 0.0125862 -0.0134754
v 0.0889985 0.0767041 0.0754283
vn -0.0179572 0.0114374 -0.0138523
v 0.0889985 0.0767041 0.0754283
vn 0.0179572 -0.0114374 0.0138523
v 0.0890629 0.0766735 0.0753823
vn 0.0174688 -0.0125862 0.0134754
v 0.0891006 0.0765231 0.0754907
vn -0.020368 0.0125734 -0.00849783
v 0.0890424 0.0765358 0.0755477
vn -0.0209305 0.0114374 -0.0087326
v 0.0890424 0.0765358 0.0755477
vn 0.0209305 -0.0114374 0.0087326
v 0.0891006 0.0765231 0.0754907
vn 0.020368 -0.0125734 0.00849783
v 0.0891749 0.0763649 0.0755631
vn -0.0218804 0.0125609 -0.00293761
v 0.0891749 0.0763649 0.0755631
vn 0.0218804 -0.0125609 0.00293761
v 0.0892777 0.0762101 0.0755977
vn -0.0219016 0.0125496 0.00282638
v 0.0892777 0.0762101 0.0755977
vn 0.0219016 -0.0125496 -0.00282638
v 0.089543 0.0759523 0.0755423
vn -0.0175616 0.0125331 0.0134042
v 0.089543 0.0759523 0.0755423
vn 0.0175616 -0.0125331 -0.0134042
v 0.0901256 0.0759146 0.0748801
vn 0.00839934 0.0125458 0.0204258
v 0.0901256 0.0759146 0.0748801
vn -0.00839934 -0.0125458 -0.0204258
v 0.0900489 0.0764628 0.0744117
vn 0.0218617 0.012594 0.00293523
v 0.0900489 0.0764628 0.0744117
vn -0.0218617 -0.012594 -0.00293523
v 0.0896793 0.0768758 0.074434
vn 0.0175215 0.0126217 -0.0133735
v 0.0896793 0.0768758 0.074434
vn -0.0175215 -0.0126217 0.0133735
v 0.0895342 0.0769617 0.0745207
vn 0.0134617 0.0126257 -0.0174509
v 0.0895342 0.0769617 0.0745207
vn -0.0134617 -0.0126257 0.0174509
v 0.0890613 0.0768069 0.0752477
vn -0.0133817 0.0125984 -0.017532
v 0.0890613 0.0768069 0.0752477
vn 0.0133817 -0.0125984 0.017532
v 0.0892777 0.0762101 0.0755977
vn 0.0219016 -0.0125496 -0.00282638
v 0.0966071 0.082333 0.0808422
vn 0.0219016 -0.0125496 -0.00282638
v 0.089403 0.0760698 0.0755906
vn 0.0204288 -0.0125401 -0.00840067
v 0.0898272 0.0758177 0.075338
vn 0.00850772 -0.0125286 -0.0203915
v 0.0896886 0.0758657 0.0754558
vn 0.0134953 -0.0125292 -0.0174945
v 0.0966244 0.0823207 0.0808338
vn 0.00850772 -0.0125286 -0.0203915
v 0.0896886 0.0758657 0.0754558
vn 0.0134953 -0.0125292 -0.0174945
v 0.089543 0.0759523 0.0755423
vn 0.0175616 -0.0125331 -0.0134042
v 0.0966196 0.0823221 0.0808382
vn 0.0134953 -0.0125292 -0.0174945
v 0.089403 0.0760698 0.0755906
vn 0.0204288 -0.0125401 -0.00840067
v 0.0966114 0.0823284 0.0808416
vn 0.0204288 -0.0125401 -0.00840067
v 0.089543 0.0759523 0.0755423
vn 0.0175616 -0.0125331 -0.0134042
v 0.0899149 0.0758118 0.0752386
vn 0.00578522 -0.0124478 -0.0213716
v 0.0898272 0.0758177 0.075338
vn 0.00850772 -0.0125286 -0.0203915
v 0.0966271 0.0823206 0.0808307
vn 0.00416293 -0.00939975 -0.0232266
v 0.0899526 0.0758093 0.0751958
vn 0.0029409 -0.0125314 -0.0218969
v 0.0900538 0.0758429 0.0750398
vn -0.0028262 -0.0125374 -0.0219086
v 0.0899526 0.0758093 0.0751958
vn 0.0029409 -0.0125314 -0.0218969
v 0.0966303 0.0823217 0.0808257
vn -0.0028262 -0.0125374 -0.0219086
v 0.0901256 0.0759146 0.0748801
vn -0.00839934 -0.0125458 -0.0204258
v 0.0900538 0.0758429 0.0750398
vn -0.0028262 -0.0125374 -0.0219086
v 0.096633 0.0823236 0.0808206
vn -0.00839934 -0.0125458 -0.0204258
v 0.0901605 0.076154 0.0745933
vn -0.0174766 -0.0125688 -0.0134816
v 0.090162 0.0760206 0.0747279
vn -0.013396 -0.0125566 -0.017551
v 0.0966345 0.0823311 0.0808111
vn -0.0174766 -0.0125688 -0.0134816
v 0.090162 0.0760206 0.0747279
vn -0.013396 -0.0125566 -0.017551
v 0.0901256 0.0759146 0.0748801
vn -0.00839934 -0.0125458 -0.0204258
v 0.096634 0.0823269 0.0808159
vn -0.013396 -0.0125566 -0.017551
v 0.0901222 0.0763042 0.0744857
vn -0.0203637 -0.0125815 -0.00849619
v 0.0966328 0.0823355 0.0808086
vn -0.0203637 -0.0125815 -0.00849619
v 0.0900489 0.0764628 0.0744117
vn -0.0218617 -0.012594 -0.00293523
v 0.0901222 0.0763042 0.0744857
vn -0.0203637 -0.0125815 -0.00849619
v 0.0901605 0.076154 0.0745933
vn -0.0174766 -0.0125688 -0.0134816
v 0.0966328 0.0823355 0.0808086
vn -0.0203637 -0.0125815 -0.00849619
v 0.0898193 0.0767584 0.0743857
vn -0.0203894 -0.0126148 0.00838437
v 0.0899456 0.0766174 0.074378
vn -0.0218701 -0.0126054 0.0028222
v 0.0966235 0.0823494 0.0808055
vn -0.0203894 -0.0126148 0.00838437
v 0.0900489 0.0764628 0.0744117
vn -0.0218617 -0.012594 -0.00293523
v 0.0966306 0.0823408 0.0808058
vn -0.0218617 -0.012594 -0.00293523
v 0.0899456 0.0766174 0.074378
vn -0.0218701 -0.0126054 0.0028222
v 0.0893955 0.0770096 0.0746385
vn -0.00848628 -0.0126263 0.0203401
v 0.0895342 0.0769617 0.0745207
vn -0.0134617 -0.0126257 0.0174509
v 0.0966106 0.0823571 0.0808133
vn -0.00848628 -0.0126263 0.0203401
v 0.0892702 0.077018 0.0747806
vn -0.00293288 -0.0126235 0.021845
v 0.0893955 0.0770096 0.0746385
vn -0.00848628 -0.0126263 0.0203401
v 0.0966068 0.0823569 0.0808181
vn -0.00293288 -0.0126235 0.021845
v 0.089169 0.0769845 0.0749367
vn 0.00282141 -0.0126177 0.0218631
v 0.0892702 0.077018 0.0747806
vn -0.00293288 -0.0126235 0.021845
v 0.0966047 0.0823562 0.0808214
vn 0.00282141 -0.0126177 0.0218631
v 0.0890978 0.0769129 0.0750955
vn 0.00838571 -0.0126091 0.0203924
v 0.089169 0.0769845 0.0749367
vn 0.00282141 -0.0126177 0.0218631
v 0.096602 0.0823543 0.0808265
vn 0.00838571 -0.0126091 0.0203924
v 0.0890613 0.0768069 0.0752477
vn 0.0133817 -0.0125984 0.017532
v 0.0890978 0.0769129 0.0750955
vn 0.00838571 -0.0126091 0.0203924
v 0.096601 0.0823509 0.0808312
vn 0.0133817 -0.0125984 0.017532
v 0.0890629 0.0766735 0.0753823
vn 0.0174688 -0.0125862 0.0134754
v 0.0890613 0.0768069 0.0752477
vn 0.0133817 -0.0125984 0.017532
v 0.096601 0.082347 0.0808352
vn 0.0174688 -0.0125862 0.0134754
v 0.0891006 0.0765231 0.0754907
vn 0.020368 -0.0125734 0.00849783
v 0.0890629 0.0766735 0.0753823
vn 0.0174688 -0.0125862 0.0134754
v 0.0966021 0.0823423 0.0808385
vn 0.020368 -0.0125734 0.00849783
v 0.0891006 0.0765231 0.0754907
vn 0.020368 -0.0125734 0.00849783
v 0.0966021 0.0823423 0.0808385
vn 0.020368 -0.0125734 0.00849783
v 0.0891749 0.0763649 0.0755631
vn 0.0218804 -0.0125609 0.00293761
v 0.0891749 0.0763649 0.0755631
vn 0.0218804 -0.0125609 0.00293761
v 0.0966043 0.0823371 0.0808413
vn 0.0218804 -0.0125609 0.00293761
v 0.0892777 0.0762101 0.0755977
vn 0.0219016 -0.0125496 -0.00282638
v 0.0966114 0.0823284 0.0808416
vn 0.0204288 -0.0125401 -0.00840067
v 0.0966071 0.082333 0.0808422
vn 0.0219016 -0.0125496 -0.00282638
v 0.0966196 0.0823221 0.0808382
vn 0.0134953 -0.0125292 -0.0174945
v 0.0966244 0.0823207 0.0808338
vn 0.00850772 -0.0125286 -0.0203915
v 0.0966158 0.0823249 0.08084
vn 0.0175616 -0.0125331 -0.0134042
v 0.0966158 0.0823249 0.08084
vn 0.0175616 -0.0125331 -0.0134042
v 0.0966271 0.0823206 0.0808307
vn 0.00416293 -0.00939975 -0.0232266
v 0.0966303 0.0823217 0.0808257
vn -0.0028262 -0.0125374 -0.0219086
v 0.096633 0.0823236 0.0808206
vn -0.00839934 -0.0125458 -0.0204258
v 0.096634 0.0823269 0.0808159
vn -0.013396 -0.0125566 -0.017551
v 0.0966345 0.0823311 0.0808111
vn -0.0174766 -0.0125688 -0.0134816
v 0.0966306 0.0823408 0.0808058
vn -0.0218617 -0.012594 -0.00293523
v 0.0966279 0.0823449 0.0808049
vn -0.0218701 -0.0126054 0.0028222
v 0.0966235 0.0823494 0.0808055
vn -0.0203894 -0.0126148 0.00838437
v 0.0966197 0.0823532 0.0808063
vn -0.0175215 -0.0126217 0.0133735
v 0.0898193 0.0767584 0.0743857
vn -0.0203894 -0.0126148 0.00838437
v 0.0896793 0.0768758 0.074434
vn -0.0175215 -0.0126217 0.0133735
v 0.0966279 0.0823449 0.0808049
vn -0.0218701 -0.0126054 0.0028222
v 0.0895342 0.0769617 0.0745207
vn -0.0134617 -0.0126257 0.0174509
v 0.0896793 0.0768758 0.074434
vn -0.0175215 -0.0126217 0.0133735
v 0.0966149 0.0823556 0.0808097
vn -0.0134617 -0.0126257 0.0174509
v 0.0966149 0.0823556 0.0808097
vn -0.0134617 -0.0126257 0.0174509
v 0.0966106 0.0823571 0.0808133
vn -0.00848628 -0.0126263 0.0203401
v 0.0966068 0.0823569 0.0808181
vn -0.00293288 -0.0126235 0.021845
v 0.0966047 0.0823562 0.0808214
vn 0.00282141 -0.0126177 0.0218631
v 0.096602 0.0823543 0.0808265
vn 0.00838571 -0.0126091 0.0203924
v 0.096601 0.0823509 0.0808312
vn 0.0133817 -0.0125984 0.017532
v 0.096601 0.082347 0.0808352
vn 0.0174688 -0.0125862 0.0134754
v 0.0966043 0.0823371 0.0808413
vn 0.0218804 -0.0125609 0.00293761
v 0.0966114 0.0823284 0.0808416
vn 0.0204288 -0.0125401 -0.00840067
v 0.0966071 0.082333 0.0808422
vn 0.0219016 -0.0125496 -0.00282638
v 0.0966158 0.0823249 0.08084
vn 0.0175616 -0.0125331 -0.0134042
v 0.0966043 0.0823371 0.0808413
vn 0.0218804 -0.0125609 0.00293761
v 0.0966196 0.0823221 0.0808382
vn 0.0134953 -0.0125292 -0.0174945
v 0.0966244 0.0823207 0.0808338
vn 0.00850772 -0.0125286 -0.0203915
v 0.0966021 0.0823423 0.0808385
vn 0.020368 -0.0125734 0.00849783
v 0.0966271 0.0823206 0.0808307
vn 0.00416293 -0.00939975 -0.0232266
v 0.096601 0.082347 0.0808352
vn 0.0174688 -0.0125862 0.0134754
v 0.0966303 0.0823217 0.0808257
vn -0.0028262 -0.0125374 -0.0219086
v 0.096601 0.0823509 0.0808312
vn 0.0133817 -0.0125984 0.017532
v 0.096633 0.0823236 0.0808206
vn -0.00839934 -0.0125458 -0.0204258
v 0.096602 0.0823543 0.0808265
vn 0.00838571 -0.0126091 0.0203924
v 0.096634 0.0823269 0.0808159
vn -0.013396 -0.0125566 -0.017551
v 0.0966047 0.0823562 0.0808214
vn 0.00282141 -0.0126177 0.0218631
v 0.0966345 0.0823311 0.0808111
vn -0.0174766 -0.0125688 -0.0134816
v 0.0966068 0.0823569 0.0808181
vn -0.00293288 -0.0126235 0.021845
v 0.0966328 0.0823355 0.0808086
vn -0.0203637 -0.0125815 -0.00849619
v 0.0966106 0.0823571 0.0808133
vn -0.00848628 -0.0126263 0.0203401
v 0.0966306 0.0823408 0.0808058
vn -0.0218617 -0.012594 -0.00293523
v 0.0966235 0.0823494 0.0808055
vn -0.0203894 -0.0126148 0.00838437
v 0.0966279 0.0823449 0.0808049
vn -0.0218701 -0.0126054 0.0028222
v 0.0966197 0.0823532 0.0808063
vn -0.0175215 -0.0126217 0.0133735
v 0.0966197 0.0823532 0.0808063
vn -0.0175215 -0.0126217 0.0133735
v 0.0966149 0.0823556 0.0808097
vn -0.0134617 -0.0126257 0.0174509
v -0.389275 -0.36926 -0.388844
vn 0.00990221 0.0230225 0.00413139
v -0.390245 -0.369052 -0.38789
vn -0.0191399 0.0146647 -0.00798554
v -0.410136 -0.403767 -0.328468
vn -0.00413139 0.0230225 0.00990221
v -0.440778 -0.319239 -0.37805
vn 0.00413139 0.0230225 -0.00990221
v -0.440367 -0.320372 -0.377386
vn -0.00798554 0.0146647 0.0191399
v -0.410547 -0.402634 -0.329132
vn 0.00798554 0.0146647 -0.0191399
v -0.461639 -0.353745 -0.317675
vn -0.00990221 0.0230225 -0.00413139
v -0.460669 -0.353953 -0.318629
vn 0.0191399 0.0146647 0.00798554
v -0.441079 -0.320978 -0.377977
vn -0.00798554 0.0146647 0.0191399
v -0.416638 -0.346342 -0.381436
vn 0.0203441 0.0127 -0.0083658
v -0.390957 -0.369658 -0.388482
vn -0.0191399 0.0146647 -0.00798554
v -0.401024 -0.374018 -0.371915
vn 0.0174171 0.0127 0.0134356
v -0.411259 -0.403239 -0.329724
vn 0.00798554 0.0146647 -0.0191399
v -0.441782 -0.334432 -0.363373
vn 0.00292707 0.0127 -0.0218014
v -0.46138 -0.354558 -0.319221
vn 0.0191399 0.0146647 0.00798554
v -0.410556 -0.389784 -0.344329
vn -0.00292707 0.0127 0.0218014
v -0.4357 -0.377874 -0.326265
vn -0.0203441 0.0127 0.0083658
v -0.451313 -0.350199 -0.335787
vn -0.0174171 0.0127 -0.0134356
v -0.44047 -0.408541 -0.424171
vn 0.0191399 0.0146647 0.00798554
v -0.418754 -0.413196 -0.445529
vn 0.0191399 0.0146647 0.00798554
v -0.486296 -0.364032 -0.414568
vn 0.00798554 0.0146647 -0.0191399
v -0.504858 -0.394736 -0.360846
vn -0.0191399 0.0146647 -0.00798554
v -0.526573 -0.390081 -0.339488
vn -0.0191399 0.0146647 -0.00798554
v -0.459031 -0.439244 -0.37045
vn -0.00798554 0.0146647 0.0191399
v -0.449835 -0.464611 -0.35557
vn -0.00798554 0.0146647 0.0191399
v -0.495492 -0.338665 -0.429447
vn 0.00798554 0.0146647 -0.0191399
v 0.0729782 0.168316 -0.00875705
vn 0.0069859 0.0226792 -0.00905605
v 0.0862216 0.0766678 0.0688655
vn 0.0116335 0.0219064 -0.00547084
v 0.0734311 0.168025 -0.00917128
vn 0.0116335 0.0219064 -0.00547084
v 0.0865298 0.0763005 0.0683845
vn 0.0159645 0.0196408 -0.00212993
v 0.0737394 0.167658 -0.00965228
vn 0.0159645 0.0196408 -0.00212993
v 0.0724108 0.168508 -0.00843809
vn 0.00233825 0.0219064 -0.0126413
v 0.0857692 0.0769583 0.0692789
vn 0.0069859 0.0226792 -0.00905605
v 0.086672 0.075881 0.0678706
vn 0.0196835 0.0160366 0.000738964
v 0.0738821 0.167238 -0.010166
vn 0.0196835 0.0160366 0.000738964
v 0.0717679 0.168591 -0.00823534
vn -0.00199268 0.0196408 -0.0159822
v 0.0852012 0.0771509 0.0695987
vn 0.00233825 0.0219064 -0.0126413
v 0.0710935 0.16856 -0.00816361
vn -0.00571173 0.0160366 -0.0188511
v 0.0845583 0.0772347 0.0698004
vn -0.00199268 0.0196408 -0.0159822
v 0.0866391 0.0754374 0.0673566
vn 0.0225373 0.0113396 0.00294034
v 0.0738487 0.166795 -0.0106802
vn 0.0225373 0.0113396 0.00294034
v 0.0736412 0.166358 -0.0111571
vn 0.0243312 0.00586981 0.0043242
v 0.0860667 0.0746008 0.0664711
vn 0.0234914 -0 -0.00966
v 0.0732757 0.165958 -0.0115648
vn 0.024943 0 0.0047962
v 0.0881283 0.074748 0.0680495
vn 0.0128446 0.0196408 -0.0097168
v 0.164678 0.0828297 -0.0317981
vn 0.0121168 0.0219064 -0.00429566
v 0.164216 0.0832103 -0.0321176
vn 0.0128446 0.0196408 -0.0097168
v 0.0885902 0.0743675 0.068369
vn 0.0121168 0.0219064 -0.00429566
v 0.165053 0.0823162 -0.0315576
vn 0.0113357 0.0226792 0.00152193
v 0.0889645 0.0738548 0.0686093
vn 0.0113357 0.0226792 0.00152193
v 0.165312 0.0817059 -0.0314117
vn 0.0105547 0.0219064 0.00733953
v 0.0892238 0.0732435 0.0687562
vn 0.0105547 0.0219064 0.00733953
v 0.16544 0.0810408 -0.0313704
vn 0.00982681 0.0196408 0.0127607
v 0.0831524 0.0737627 0.0755276
vn -0.0105547 0.0219064 -0.00733953
v 0.00976726 0.0660339 0.171208
vn -0.00982681 0.0196408 -0.0127607
v 0.0102297 0.0656524 0.171528
vn -0.0105547 0.0219064 -0.00733953
v 0.00924802 0.0662574 0.170832
vn -0.0092018 0.0160366 -0.0174159
v 0.081629 0.0744169 0.0744259
vn -0.0087222 0.0113396 -0.020988
v 0.00870639 0.0663066 0.170426
vn -0.0087222 0.0113396 -0.020988
v 0.0826899 0.0741431 0.075209
vn -0.00982681 0.0196408 -0.0127607
v 0.0835262 0.0732499 0.0757688
vn -0.0113357 0.0226792 -0.00152193
v 0.0106041 0.0651398 0.171768
vn -0.0113357 0.0226792 -0.00152193
v 0.0837865 0.072639 0.0759141
vn -0.0121168 0.0219064 0.00429566
v 0.0108638 0.0645287 0.171914
vn -0.0121168 0.0219064 0.00429566
v 0.0989455 -0.0210189 0.153454
vn -0.0116335 0.0219064 0.00547084
v 0.0855122 0.0704214 0.0756203
vn -0.0159645 0.0196408 0.00212993
v 0.0983021 -0.0209353 0.153657
vn -0.0159645 0.0196408 0.00212993
v 0.099513 -0.0212118 0.153135
vn -0.0069859 0.0226792 0.00905605
v 0.0861551 0.0703386 0.0754176
vn -0.0116335 0.0219064 0.00547084
v 0.0999659 -0.021502 0.152721
vn -0.00233825 0.0219064 0.0126413
v 0.0867226 0.0701458 0.0750986
vn -0.0069859 0.0226792 0.00905605
v 0.100274 -0.0218693 0.15224
vn 0.00199268 0.0196408 0.0159822
v 0.0871754 0.0698555 0.0746844
vn -0.00233825 0.0219064 0.0126413
v 0.0848378 0.0703887 0.0756931
vn -0.0196835 0.0160366 -0.000738964
v 0.0976277 -0.020968 0.15373
vn -0.0196835 0.0160366 -0.000738964
v 0.0838839 0.077202 0.0698732
vn -0.00571173 0.0160366 -0.0188511
v 0.0864311 0.0750009 0.0668795
vn 0.0243312 0.00586981 0.0043242
v 0.0876085 0.0749714 0.0676744
vn 0.0134697 0.0160366 -0.014372
v 0.163696 0.0834337 -0.0324927
vn 0.0134697 0.0160366 -0.014372
v 0.0893516 0.0725786 0.0687967
vn 0.00982681 0.0196408 0.0127607
v 0.165428 0.0803654 -0.0314374
vn 0.0092018 0.0160366 0.0174159
v 0.089187 0.0712629 0.0685608
vn 0.0087222 0.0113396 0.020988
v 0.165276 0.0797253 -0.0316071
vn 0.0087222 0.0113396 0.020988
v 0.00817988 0.0661802 0.170015
vn -0.00842074 0.00586981 -0.0232335
v 0.0806283 0.0739959 0.0736306
vn -0.0201115 0 -0.0155141
v 0.00770569 0.0658866 0.16963
vn -0.00831791 0 -0.0239994
v 0.0811025 0.0742905 0.0740149
vn -0.00842074 0.00586981 -0.0232335
v 0.0821707 0.0743667 0.0748331
vn -0.0092018 0.0160366 -0.0174159
v 0.0839143 0.071973 0.0759555
vn -0.0128446 0.0196408 0.0097168
v 0.0109916 0.0638637 0.171955
vn -0.0128446 0.0196408 0.0097168
v 0.100416 -0.0222888 0.151726
vn 0.00571173 0.0160366 0.0188511
v 0.0874837 0.0694882 0.0742034
vn 0.00199268 0.0196408 0.0159822
v 0.0963665 -0.021365 0.153472
vn -0.0243312 0.00586981 -0.0043242
v 0.0830765 0.0696565 0.0751235
vn -0.0234914 0 0.00966
v 0.0958675 -0.0217008 0.153159
vn -0.024943 0 -0.0047962
v 0.0841775 0.0702426 0.0756294
vn -0.0225373 0.0113396 -0.00294034
v 0.0826227 0.076805 0.0696153
vn -0.0103594 0.00586981 -0.0224363
v 0.0693333 0.167826 -0.00873277
vn -0.0109713 0 -0.0229083
v 0.0821232 0.076469 0.0693038
vn 0.00337988 -0 -0.0251741
v 0.0704331 0.168412 -0.00822627
vn -0.00856547 0.0113396 -0.0210525
v 0.0865404 0.0748952 0.0668562
vn 0.0142507 0.00586981 -0.0201897
v 0.162155 0.083063 -0.033696
vn 0.0143535 0 -0.0209556
v 0.0860667 0.0746008 0.0664711
vn 0.0234914 -0 -0.00966
v 0.163155 0.0834838 -0.0328999
vn 0.0139492 0.0113396 -0.0179441
v 0.0893397 0.0719032 0.0687297
vn 0.0092018 0.0160366 0.0174159
v 0.0889057 0.0707032 0.068298
vn 0.00842074 0.00586981 0.0232335
v 0.164994 0.0791644 -0.0318681
vn 0.00842074 0.00586981 0.0232335
v 0.0885143 0.0702612 0.0679649
vn 0.0201115 0 0.0155141
v 0.164602 0.0787234 -0.0322023
vn 0.00831791 0 0.0239994
v 0.0806283 0.0739959 0.0736306
vn -0.0201115 0 -0.0155141
v -0.00462638 0.157653 0.091879
vn -0.0246101 0.00586981 -0.00224666
v -0.00508474 0.157243 0.091594
vn -0.0253248 0 -0.00195277
v 0.0839013 0.0712983 0.0758892
vn -0.0134697 0.0160366 0.014372
v 0.0109792 0.0631882 0.171889
vn -0.0134697 0.0160366 0.014372
v 0.0876259 0.0690687 0.0736895
vn 0.00571173 0.0160366 0.0188511
v 0.0835766 0.0699917 0.0754352
vn -0.0243312 0.00586981 -0.0043242
v 0.0969679 -0.0211149 0.153666
vn -0.0225373 0.0113396 -0.00294034
v -0.00358991 0.159716 0.0872672
vn 0.0166252 0 -0.0192032
v 0.0825303 0.0767943 0.0697372
vn 0.0159105 0.00586981 -0.0189093
v 0.0821232 0.076469 0.0693038
vn 0.00337988 -0 -0.0251741
v 0.0698322 0.168162 -0.00842149
vn -0.0103594 0.00586981 -0.0224363
v 0.0832236 0.0770549 0.0698105
vn -0.00856547 0.0113396 -0.0210525
v 0.162629 0.0833566 -0.0333108
vn 0.0142507 0.00586981 -0.0201897
v 0.0870669 0.0750216 0.0672672
vn 0.0139492 0.0113396 -0.0179441
v 0.0810867 0.0744062 0.0739156
vn -0.0246101 0.00586981 -0.00224666
v 0.0834679 0.0700975 0.0754577
vn -0.0142507 0.00586981 0.0201897
v 0.0101544 0.0615464 0.171123
vn -0.0143535 0 0.0209556
v 0.0830765 0.0696565 0.0751235
vn -0.0234914 0 0.00966
v 0.0108271 0.0625481 0.171719
vn -0.0139492 0.0113396 0.0179441
v 0.0885143 0.0702612 0.0679649
vn 0.0201115 0 0.0155141
v 0.176456 -0.014429 0.0500526
vn 0.0246101 0.00586981 0.00224666
v 0.176049 -0.0147554 0.0496202
vn 0.0253248 0 0.00195277
v 0.087385 0.0681876 0.0726994
vn 0.0103594 0.00586981 0.0224363
v 0.0998105 -0.0235692 0.150328
vn 0.0109713 0 0.0229083
v 0.08702 0.0677883 0.0722908
vn -0.00337988 0 0.0251741
v 0.100383 -0.0227326 0.151213
vn 0.00856547 0.0113396 0.0210525
v -0.00318328 0.160042 0.0877004
vn 0.0159105 0.00586981 -0.0189093
v -0.00414726 0.15812 0.0919994
vn -0.0225147 0.0113396 -0.00310833
v 0.0105447 0.061988 0.171458
vn -0.0142507 0.00586981 0.0201897
v 0.0837497 0.0706584 0.0757187
vn -0.0139492 0.0113396 0.0179441
v 0.0889221 0.0705867 0.0683974
vn 0.0246101 0.00586981 0.00224666
v 0.174554 -0.0172275 0.053946
vn -0.0166252 0 0.0192032
v 0.0874784 0.0681986 0.0725758
vn -0.0159105 0.00586981 0.0189093
v 0.08702 0.0677883 0.0722908
vn -0.00337988 0 0.0251741
v 0.100175 -0.0231691 0.150736
vn 0.0103594 0.00586981 0.0224363
v 0.0875925 0.0686249 0.0731763
vn 0.00856547 0.0113396 0.0210525
v 0.0828596 0.0770142 0.0702899
vn 0.0138151 0.0113396 -0.0180477
v 0.0815653 0.0748734 0.0740358
vn -0.0225147 0.0113396 -0.00310833
v 0.176785 -0.0142092 0.0506053
vn 0.0225147 0.0113396 0.00310833
v 0.175012 -0.0168174 0.0542318
vn -0.0159105 0.00586981 0.0189093
v -0.00285294 0.160262 0.0882525
vn 0.0138151 0.0113396 -0.0180477
v -0.00368218 0.158612 0.0919442
vn -0.0191814 0.0160366 -0.00447904
v 0.0892513 0.0708066 0.0689501
vn 0.0225147 0.0113396 0.00310833
v 0.087957 0.0686658 0.072696
vn -0.0138151 0.0113396 0.0180477
v 0.0830878 0.0771129 0.0709218
vn 0.0104817 0.0160366 -0.016677
v 0.0820309 0.0753646 0.0739808
vn -0.0191814 0.0160366 -0.00447904
v 0.177013 -0.0141105 0.0512372
vn 0.0191814 0.0160366 0.00447904
v 0.175491 -0.01635 0.0543512
vn -0.0138151 0.0113396 0.0180477
v -0.00262476 0.16036 0.0888844
vn 0.0104817 0.0160366 -0.016677
v -0.00251462 0.16033 0.0895549
vn 0.00613766 0.0196408 -0.0148906
v 0.0831985 0.0770826 0.0715915
vn 0.00613766 0.0196408 -0.0148906
v 0.089479 0.0709051 0.0695829
vn 0.0191814 0.0160366 0.00447904
v 0.0824513 0.0758467 0.073754
vn -0.0148373 0.0196408 -0.00626539
v 0.0884226 0.069157 0.072641
vn -0.0104817 0.0160366 0.016677
v -0.00252722 0.160175 0.0902146
vn 0.00107891 0.0219064 -0.0128104
v 0.0831859 0.0769274 0.0722512
vn 0.00107891 0.0219064 -0.0128104
v 0.0895902 0.070875 0.0702517
vn 0.0148373 0.0196408 0.00626539
v 0.0827986 0.0762874 0.0733715
vn -0.00977857 0.0219064 -0.00834562
v -0.00326123 0.159093 0.0917175
vn -0.0148373 0.0196408 -0.00626539
v 0.175956 -0.0158588 0.0542961
vn -0.0104817 0.0160366 0.016677
v 0.176377 -0.0153767 0.0540693
vn -0.00613766 0.0196408 0.0148906
v 0.088843 0.0696391 0.0724142
vn -0.00613766 0.0196408 0.0148906
v -0.00266304 0.159903 0.0908226
vn -0.00434983 0.0226792 -0.010578
v 0.0830495 0.0766561 0.072859
vn -0.00434983 0.0226792 -0.010578
v -0.00291399 0.159535 0.0913341
vn -0.00977857 0.0219064 -0.00834562
v 0.0871705 0.0777365 0.0707184
vn 0.0138763 0.0113592 -0.0179883
v 0.0886019 0.0763644 0.0703999
vn -0.020975 0.0114374 0.00862523
v 0.0889274 0.076904 0.0694565
vn 0.0203441 0.0127 -0.0083658
v 0.0900195 0.0749699 0.0701208
vn 0.0225164 0.0113592 0.00302306
v 0.0892105 0.0756829 0.0703647
vn -0.0224927 0.0114374 0.0029026
v 0.0911106 0.0730353 0.0707867
vn 0.0174171 0.0127 0.0134356
v 0.0891908 0.070079 0.0720319
vn -0.00107891 0.0219064 0.0128104
v 0.176976 -0.0145681 0.0531745
vn 0.00434983 0.0226792 0.010578
v 0.0894417 0.0704477 0.0715194
vn 0.00434983 0.0226792 0.010578
v 0.177112 -0.0142968 0.0525667
vn 0.00977857 0.0219064 0.00834562
v 0.0895781 0.070719 0.0709116
vn 0.00977857 0.0219064 0.00834562
v 0.177125 -0.0141406 0.051906
vn 0.0148373 0.0196408 0.00626539
v 0.176725 -0.0149368 0.053687
vn -0.00107891 0.0219064 0.0128104
v 0.0879251 0.0769315 0.0706339
vn -0.0180279 0.0114374 0.0137601
v 0.0854135 0.0785689 0.0719804
vn 0.00292707 0.0127 -0.0218014
v 0.0897092 0.0749349 0.0705297
vn -0.0224775 0.0114374 -0.00301781
v 0.0851283 0.0752288 0.0757389
vn 0.0209305 0.0114374 0.0087326
v 0.0840812 0.0763645 0.0758369
vn -0.0174171 0.0127 -0.0134356
v 0.0851728 0.0744302 0.076502
vn -0.0225164 0.0113592 -0.00302306
v 0.0865899 0.0730354 0.0762238
vn 0.020975 0.0114374 -0.00862523
v 0.0862633 0.0724965 0.0771678
vn -0.0203441 0.0127 0.0083658
v 0.0880208 0.0716632 0.075906
vn -0.0138763 0.0113592 0.0179883
v 0.0897788 0.0708312 0.0746425
vn -0.00292707 0.0127 0.0218014
v 0.0886404 0.0718177 0.0750028
vn 0.0087326 0.0114374 -0.0209305
v 0.0859483 0.0776211 0.0723063
vn -0.00301781 0.0114374 0.0224775
v 0.0847476 0.0774668 0.0739082
vn -0.00864017 0.0113592 -0.0210113
v 0.0851123 0.0771121 0.0738323
vn 0.00862523 0.0114374 0.020975
v 0.0872259 0.0773472 0.0710498
vn -0.0138523 0.0114374 0.0179572
v 0.0900635 0.0741711 0.0708847
vn -0.0209305 0.0114374 -0.0087326
v 0.0902497 0.0734424 0.0714059
vn -0.0179572 0.0114374 -0.0138523
v 0.0904447 0.0719332 0.0727146
vn 0.00864017 0.0113592 0.0210113
v 0.0849416 0.0759573 0.0752185
vn 0.0179572 0.0114374 0.0138523
v 0.0854826 0.0744649 0.0760939
vn 0.0224775 0.0114374 0.00301781
v 0.0859813 0.073717 0.076259
vn 0.0224927 0.0114374 -0.0029026
v 0.0872667 0.0724684 0.0759897
vn 0.0180279 0.0114374 -0.0137601
v 0.0900795 0.0722878 0.0727913
vn -0.00862523 0.0114374 -0.020975
v 0.089244 0.071779 0.0743165
vn 0.00301781 0.0114374 -0.0224775
v 0.0879664 0.0720529 0.075573
vn 0.0138523 0.0114374 -0.0179572
v 0.0865508 0.077583 0.0716207
vn -0.0087326 0.0114374 0.0209305
v 0.0854567 0.0774611 0.0730613
vn 0.0029026 0.0114374 0.0224927
v 0.0849364 0.0765991 0.0745684
vn 0.0137601 0.0114374 0.0180279
v 0.0902548 0.0728006 0.0720561
vn -0.0137601 0.0114374 -0.0180279
v 0.0897346 0.0719386 0.0735632
vn -0.0029026 0.0114374 -0.0224927
v 0.0873324 0.0764275 0.0701411
vn -0.0180279 0.0114374 0.0137601
v 0.0886178 0.0751789 0.0698718
vn -0.0224927 0.0114374 0.0029026
v 0.0880091 0.0758605 0.069907
vn -0.020975 0.0114374 0.00862523
v 0.0878914 0.0756656 0.0702478
vn 0.020975 0.0114374 -0.00862523
v 0.0891165 0.074431 0.0700369
vn -0.0224775 0.0114374 -0.00301781
v 0.0884293 0.0750645 0.0702155
vn 0.0224927 0.0114374 -0.0029026
v 0.0894708 0.0736671 0.0703919
vn -0.0209305 0.0114374 -0.0087326
v 0.0866332 0.0768432 0.070557
vn -0.0138523 0.0114374 0.0179572
v 0.0888701 0.0744032 0.0703616
vn 0.0224775 0.0114374 0.00301781
v 0.0848232 0.0746634 0.0749629
vn -0.0209305 0.0114374 -0.0087326
v 0.0843488 0.0754533 0.0747257
vn 0.0179572 0.0114374 0.0138523
v 0.0845355 0.0747248 0.0752461
vn 0.0209305 0.0114374 0.0087326
v 0.0851362 0.0739887 0.0752764
vn -0.0224775 0.0114374 -0.00301781
v 0.0848898 0.073961 0.0756011
vn 0.0224775 0.0114374 0.00301781
v 0.0866739 0.0719644 0.0754969
vn 0.0180279 0.0114374 -0.0137601
v 0.0853885 0.073213 0.0757661
vn 0.0224927 0.0114374 -0.0029026
v 0.0859972 0.0725315 0.075731
vn 0.020975 0.0114374 -0.00862523
v 0.0861143 0.0727262 0.075391
vn -0.020975 0.0114374 0.00862523
v 0.0886512 0.071275 0.0738237
vn 0.00301781 0.0114374 -0.0224775
v 0.0879256 0.07165 0.074313
vn -0.0087326 0.0114374 0.0209305
v 0.0880477 0.0713137 0.07451
vn 0.0087326 0.0114374 -0.0209305
v 0.0891418 0.0714347 0.0730704
vn -0.0029026 0.0114374 -0.0224927
v 0.0884587 0.0716159 0.0737067
vn -0.00301781 0.0114374 0.0224775
v 0.0873304 0.0718573 0.0748169
vn -0.0138523 0.0114374 0.0179572
v 0.0873736 0.0715489 0.0750802
vn 0.0138523 0.0114374 -0.0179572
v 0.0860796 0.0767426 0.0713257
vn 0.0087326 0.0114374 -0.0209305
v 0.085958 0.077079 0.0711278
vn -0.0087326 0.0114374 0.0209305
v 0.0853556 0.0771171 0.0718135
vn -0.00301781 0.0114374 0.0224775
v 0.0855476 0.0767761 0.0719313
vn 0.00301781 0.0114374 -0.0224775
v 0.0848639 0.0769571 0.0725684
vn 0.0029026 0.0114374 0.0224927
v 0.0851132 0.0766351 0.0725979
vn -0.0029026 0.0114374 -0.0224927
v 0.0845196 0.0766081 0.0733395
vn 0.00862523 0.0114374 0.020975
v 0.0848087 0.0763273 0.0732789
vn -0.00862523 0.0114374 -0.020975
v 0.0843437 0.0760952 0.0740756
vn 0.0137601 0.0114374 0.0180279
v 0.084659 0.0753064 0.0745029
vn -0.0179572 0.0114374 -0.0138523
v 0.0872934 0.0761678 0.0704536
vn 0.0180279 0.0114374 -0.0137601
v 0.089183 0.0737286 0.0706751
vn 0.0209305 0.0114374 0.0087326
v 0.0896569 0.0729384 0.0709131
vn -0.0179572 0.0114374 -0.0138523
v 0.0893478 0.0730857 0.0711343
vn 0.0179572 0.0114374 0.0138523
v 0.0896621 0.0722966 0.0715633
vn -0.0137601 0.0114374 -0.0180279
v 0.085577 0.0733274 0.0754225
vn -0.0224927 0.0114374 0.0029026
v 0.0893526 0.0725178 0.0717093
vn 0.0137601 0.0114374 0.0180279
v 0.0894867 0.0717838 0.0722985
vn -0.00862523 0.0114374 -0.020975
v 0.088892 0.0717575 0.0730407
vn 0.0029026 0.0114374 0.0224927
v 0.0867118 0.0722248 0.075185
vn -0.0180279 0.0114374 0.0137601
v 0.0866759 0.0765346 0.0708211
vn 0.0138523 0.0114374 -0.0179572
v 0.0846537 0.0758742 0.0739287
vn -0.0137601 0.0114374 -0.0180279
v 0.0891965 0.0720653 0.0723597
vn 0.00862523 0.0114374 0.020975
v -0.445517 -0.417227 -0.363276
vn 0.0191399 0.0146647 0.00798554
v -0.413483 -0.378941 -0.38785
vn -0.00798554 -0.0146647 0.0191399
v -0.427227 -0.401676 -0.348069
vn 0.0191399 -0.0146647 0.00798554
v -0.414214 -0.376924 -0.389033
vn 0.00798554 -0.0146647 -0.0191399
v -0.466439 -0.359515 -0.397128
vn 0.0191399 0.0146647 0.00798554
v -0.448149 -0.343965 -0.381921
vn 0.0191399 -0.0146647 0.00798554
v -0.447244 -0.416857 -0.361578
vn -0.0191399 0.0146647 -0.00798554
v -0.462889 -0.368348 -0.339259
vn -0.00798554 -0.0146647 0.0191399
v -0.481179 -0.383898 -0.354466
vn -0.00798554 0.0146647 0.0191399
v -0.428954 -0.401306 -0.346371
vn -0.0191399 -0.0146647 -0.00798554
v -0.431773 -0.394491 -0.403057
vn -0.00798554 0.0146647 0.0191399
v -0.432504 -0.392474 -0.40424
vn 0.00798554 0.0146647 -0.0191399
v -0.468165 -0.359145 -0.395431
vn -0.0191399 0.0146647 -0.00798554
v -0.46362 -0.366331 -0.340442
vn 0.00798554 -0.0146647 -0.0191399
v -0.449875 -0.343595 -0.380224
vn -0.0191399 -0.0146647 -0.00798554
v -0.451601 -0.34645 -0.375227
vn -0.00432009 -0.0227184 -0.0105057
v -0.48191 -0.381881 -0.355649
vn 0.00798554 0.0146647 -0.0191399
v -0.470434 -0.36031 -0.400809
vn 0.0224098 -0.0112752 0.00397858
v -0.435904 -0.401348 -0.416969
vn 0.00444362 0.0164924 -0.0187994
v -0.477776 -0.360681 -0.408193
vn 0.016383 0.0164924 0.0102351
v -0.434031 -0.395666 -0.408438
vn 0.0131283 -0.0112752 -0.0185924
v -0.453738 -0.430919 -0.365167
vn -0.016383 0.0164924 -0.0102351
v -0.486055 -0.386175 -0.35541
vn -0.0131283 -0.0112752 0.0185924
v -0.49564 -0.390222 -0.356386
vn -0.00444362 0.0164924 0.0187994
v -0.449638 -0.421545 -0.363042
vn -0.0224098 -0.0112752 -0.00397858
v -0.452236 -0.431215 -0.366824
vn 0.0187994 0.0164924 0.00444362
v -0.433375 -0.397419 -0.407395
vn -0.00397858 -0.0112752 0.0224098
v -0.448129 -0.421824 -0.364694
vn 0.0185924 -0.0112752 0.0131283
v -0.435257 -0.403128 -0.415966
vn -0.0102351 0.0164924 0.016383
v -0.479244 -0.360411 -0.406498
vn -0.0187994 0.0164924 -0.00444362
v -0.486783 -0.384362 -0.356755
vn 0.00397858 -0.0112752 -0.0224098
v -0.472084 -0.360049 -0.399296
vn -0.0185924 -0.0112752 -0.0131283
v -0.496103 -0.388298 -0.357705
vn 0.0102351 0.0164924 -0.016383
v -0.412094 -0.328408 -0.341745
vn 0.0221844 -0.0103629 -0.00675436
v -0.41391 -0.343162 -0.375503
vn -0.00608608 0.0174587 -0.0174159
v -0.43556 -0.332908 -0.35995
vn 0.0183904 0.0174587 0.00146541
v -0.399932 -0.334168 -0.350482
vn 0.000901242 -0.0103629 -0.0231723
v -0.390597 -0.349079 -0.346286
vn 0.0205184 -0.0103629 -0.0108057
v -0.412175 -0.344667 -0.375973
vn 0.00792612 0.0174587 0.0166592
v -0.398169 -0.335656 -0.350905
vn 0.0169417 -0.0103629 0.0158351
v -0.398699 -0.368553 -0.367755
vn 0.0120396 0.0174587 -0.0139787
v -0.390386 -0.350981 -0.344727
vn -0.00524273 -0.0103629 0.0225894
v -0.406618 -0.383871 -0.342434
vn 0.0181257 0.0174587 0.00343724
v -0.398447 -0.370353 -0.366085
vn -0.0104643 0.0174587 0.0151939
v -0.41814 -0.336313 -0.326905
vn 0.00524273 -0.0103629 -0.0225894
v -0.436743 -0.33329 -0.357874
vn -0.0181257 0.0174587 -0.00343724
v -0.444791 -0.346602 -0.334582
vn 0.0104643 0.0174587 -0.0151939
v -0.394974 -0.358569 -0.331451
vn 0.0196172 -0.0103629 0.0123667
v -0.408101 -0.384195 -0.340537
vn -0.0183904 0.0174587 -0.00146541
v -0.408612 -0.352872 -0.320655
vn -0.000901242 -0.0103629 0.0231723
v -0.429894 -0.373873 -0.324881
vn 0.00608608 0.0174587 0.0174159
v -0.431236 -0.372409 -0.3254
vn -0.00792612 0.0174587 -0.0166592
v -0.417564 -0.337917 -0.325814
vn -0.0205184 -0.0103629 0.0108057
v -0.444769 -0.348421 -0.333653
vn -0.0120396 0.0174587 0.0139787
v -0.409953 -0.351408 -0.321174
vn -0.0169417 -0.0103629 -0.0158351
v -0.436685 -0.403646 -0.419179
vn 0.00798554 -0.0146647 -0.0191399
v -0.484573 -0.364585 -0.413401
vn 0.0191399 0.0146647 0.00798554
v -0.480483 -0.361108 -0.410001
vn 0.0191399 -0.0146647 0.00798554
v -0.458966 -0.437213 -0.369931
vn -0.0191399 0.0146647 -0.00798554
v -0.498674 -0.391198 -0.357352
vn -0.00798554 -0.0146647 0.0191399
v -0.502764 -0.394675 -0.360752
vn -0.00798554 0.0146647 0.0191399
v -0.454876 -0.433736 -0.366531
vn -0.0191399 -0.0146647 -0.00798554
v -0.413634 -0.32886 -0.339946
vn -0.0196172 -0.0103629 -0.0123667
v -0.396356 -0.358677 -0.329459
vn -0.0221844 -0.0103629 0.00675436
v -0.440775 -0.407123 -0.42258
vn 0.00798554 0.0146647 -0.0191399
v -0.485263 -0.364437 -0.412722
vn -0.0191399 0.0146647 -0.00798554
v -0.498914 -0.390304 -0.357978
vn 0.00798554 -0.0146647 -0.0191399
v -0.481174 -0.36096 -0.409322
vn -0.0191399 -0.0146647 -0.00798554
v -0.458092 -0.4374 -0.370791
vn 0.0191399 0.0146647 0.00798554
v -0.436262 -0.40458 -0.418734
vn -0.00798554 -0.0146647 0.0191399
v -0.454002 -0.433923 -0.367391
vn 0.0191399 -0.0146647 0.00798554
v -0.503003 -0.393781 -0.361378
vn 0.00798554 0.0146647 -0.0191399
v -0.440351 -0.408057 -0.422134
vn -0.00798554 0.0146647 0.0191399
v -0.45852 -0.46822 -0.364173
vn 0.0191399 0.0146647 0.00798554
v -0.423192 -0.414554 -0.4443
vn -0.00798554 -0.0146647 0.0191399
v -0.452583 -0.463172 -0.359236
vn 0.0191399 -0.0146647 0.00798554
v -0.423369 -0.41383 -0.444827
vn 0.00798554 -0.0146647 -0.0191399
v -0.501871 -0.348402 -0.434557
vn 0.0191399 0.0146647 0.00798554
v -0.495933 -0.343354 -0.42962
vn 0.0191399 -0.0146647 0.00798554
v -0.459225 -0.468366 -0.363176
vn -0.0191399 0.0146647 -0.00798554
v -0.525851 -0.392841 -0.343032
vn -0.00798554 -0.0146647 0.0191399
v -0.531788 -0.39789 -0.347969
vn -0.00798554 0.0146647 0.0191399
v -0.453287 -0.463317 -0.358239
vn -0.0191399 -0.0146647 -0.00798554
v -0.42913 -0.419603 -0.449237
vn -0.00798554 0.0146647 0.0191399
v -0.502338 -0.348501 -0.433894
vn -0.0191399 0.0146647 -0.00798554
v -0.525791 -0.392069 -0.343893
vn 0.00798554 -0.0146647 -0.0191399
v -0.4964 -0.343452 -0.428957
vn -0.0191399 -0.0146647 -0.00798554
v -0.429307 -0.418878 -0.449764
vn 0.00798554 0.0146647 -0.0191399
v -0.531729 -0.397118 -0.34883
vn 0.00798554 0.0146647 -0.0191399
v 0.0878914 0.0756656 0.0702478
vn 0.020975 0.0114374 -0.00862523
v 0.0905635 0.076879 0.07199
vn 0.0224927 0.0114374 -0.0029026
v 0.0884293 0.0750645 0.0702155
vn 0.0224927 0.0114374 -0.0029026
v 0.0884293 0.0750645 0.0702155
vn 0.0224927 0.0114374 -0.0029026
v 0.0910043 0.0762177 0.0721361
vn 0.0224775 0.0114374 0.00301781
v 0.0888701 0.0744032 0.0703616
vn 0.0224775 0.0114374 0.00301781
v 0.0900256 0.0774801 0.0720223
vn 0.020975 0.0114374 -0.00862523
v 0.0905635 0.076879 0.07199
vn 0.0224927 0.0114374 -0.0029026
v 0.0872934 0.0761678 0.0704536
vn 0.0180279 0.0114374 -0.0137601
v 0.0900256 0.0774801 0.0720223
vn 0.020975 0.0114374 -0.00862523
v 0.0878914 0.0756656 0.0702478
vn 0.020975 0.0114374 -0.00862523
v 0.0913172 0.0755431 0.0724495
vn 0.0209305 0.0114374 0.0087326
v 0.0888701 0.0744032 0.0703616
vn 0.0224775 0.0114374 0.00301781
v 0.0910043 0.0762177 0.0721361
vn 0.0224775 0.0114374 0.00301781
v 0.089183 0.0737286 0.0706751
vn 0.0209305 0.0114374 0.0087326
v 0.0869574 0.0764779 0.0767373
vn -0.0209305 0.0114374 -0.0087326
v 0.084659 0.0753064 0.0745029
vn -0.0179572 0.0114374 -0.0138523
v 0.0848232 0.0746634 0.0749629
vn -0.0209305 0.0114374 -0.0087326
v 0.0851362 0.0739887 0.0752764
vn -0.0224775 0.0114374 -0.00301781
v 0.0869574 0.0764779 0.0767373
vn -0.0209305 0.0114374 -0.0087326
v 0.0848232 0.0746634 0.0749629
vn -0.0209305 0.0114374 -0.0087326
v 0.085577 0.0733274 0.0754225
vn -0.0224927 0.0114374 0.0029026
v 0.0872704 0.0758032 0.0770508
vn -0.0224775 0.0114374 -0.00301781
v 0.0851362 0.0739887 0.0752764
vn -0.0224775 0.0114374 -0.00301781
v 0.0861143 0.0727262 0.075391
vn -0.020975 0.0114374 0.00862523
v 0.0877111 0.075142 0.0771969
vn -0.0224927 0.0114374 0.0029026
v 0.085577 0.0733274 0.0754225
vn -0.0224927 0.0114374 0.0029026
v 0.0905929 0.0734304 0.0754811
vn -0.00301781 0.0114374 0.0224775
v 0.0879256 0.07165 0.074313
vn -0.0087326 0.0114374 0.0209305
v 0.0884587 0.0716159 0.0737067
vn -0.00301781 0.0114374 0.0224775
v 0.0879256 0.07165 0.074313
vn -0.0087326 0.0114374 0.0209305
v 0.0894646 0.0736718 0.0765913
vn -0.0138523 0.0114374 0.0179572
v 0.0873304 0.0718573 0.0748169
vn -0.0138523 0.0114374 0.0179572
v 0.0910262 0.073572 0.0748152
vn 0.0029026 0.0114374 0.0224927
v 0.0884587 0.0716159 0.0737067
vn -0.00301781 0.0114374 0.0224775
v 0.088892 0.0717575 0.0730407
vn 0.0029026 0.0114374 0.0224927
v 0.0873304 0.0718573 0.0748169
vn -0.0138523 0.0114374 0.0179572
v 0.088846 0.0740393 0.0769595
vn -0.0180279 0.0114374 0.0137601
v 0.0867118 0.0722248 0.075185
vn -0.0180279 0.0114374 0.0137601
v 0.0867118 0.0722248 0.075185
vn -0.0180279 0.0114374 0.0137601
v 0.0882485 0.0745407 0.0771654
vn -0.020975 0.0114374 0.00862523
v 0.0861143 0.0727262 0.075391
vn -0.020975 0.0114374 0.00862523
v 0.0860796 0.0767426 0.0713257
vn 0.0087326 0.0114374 -0.0209305
v 0.0888101 0.0783491 0.0725956
vn 0.0138523 0.0114374 -0.0179572
v 0.0866759 0.0765346 0.0708211
vn 0.0138523 0.0114374 -0.0179572
v 0.0876818 0.0785906 0.0737057
vn 0.00301781 0.0114374 -0.0224775
v 0.0860796 0.0767426 0.0713257
vn 0.0087326 0.0114374 -0.0209305
v 0.0855476 0.0767761 0.0719313
vn 0.00301781 0.0114374 -0.0224775
v 0.0872474 0.0784496 0.0743723
vn -0.0029026 0.0114374 -0.0224927
v 0.0855476 0.0767761 0.0719313
vn 0.00301781 0.0114374 -0.0224775
v 0.0851132 0.0766351 0.0725979
vn -0.0029026 0.0114374 -0.0224927
v 0.0869429 0.0781418 0.0750533
vn -0.00862523 0.0114374 -0.020975
v 0.0851132 0.0766351 0.0725979
vn -0.0029026 0.0114374 -0.0224927
v 0.0848087 0.0763273 0.0732789
vn -0.00862523 0.0114374 -0.020975
v 0.0867878 0.0776887 0.0757032
vn -0.0137601 0.0114374 -0.0180279
v 0.0848087 0.0763273 0.0732789
vn -0.00862523 0.0114374 -0.020975
v 0.0846537 0.0758742 0.0739287
vn -0.0137601 0.0114374 -0.0180279
v 0.0867932 0.0771209 0.0762773
vn -0.0179572 0.0114374 -0.0138523
v 0.0846537 0.0758742 0.0739287
vn -0.0137601 0.0114374 -0.0180279
v 0.084659 0.0753064 0.0745029
vn -0.0179572 0.0114374 -0.0138523
v 0.0866759 0.0765346 0.0708211
vn 0.0138523 0.0114374 -0.0179572
v 0.0894276 0.0779823 0.072228
vn 0.0180279 0.0114374 -0.0137601
v 0.0872934 0.0761678 0.0704536
vn 0.0180279 0.0114374 -0.0137601
v 0.0894276 0.0779823 0.072228
vn 0.0180279 0.0114374 -0.0137601
v 0.0905635 0.076879 0.07199
vn 0.0224927 0.0114374 -0.0029026
v 0.0900256 0.0774801 0.0720223
vn 0.020975 0.0114374 -0.00862523
v 0.089956 0.0773641 0.0722247
vn -0.020975 0.0114374 0.00862523
v 0.0910043 0.0762177 0.0721361
vn 0.0224775 0.0114374 0.00301781
v 0.0894276 0.0779823 0.072228
vn 0.0180279 0.0114374 -0.0137601
v 0.0908561 0.0762016 0.0723308
vn -0.0224775 0.0114374 -0.00301781
v 0.0913172 0.0755431 0.0724495
vn 0.0209305 0.0114374 0.0087326
v 0.0913172 0.0755431 0.0724495
vn 0.0209305 0.0114374 0.0087326
v 0.0893478 0.0730857 0.0711343
vn 0.0179572 0.0114374 0.0138523
v 0.089183 0.0737286 0.0706751
vn 0.0209305 0.0114374 0.0087326
v 0.091482 0.0749002 0.0729087
vn 0.0179572 0.0114374 0.0138523
v 0.0893526 0.0725178 0.0717093
vn 0.0137601 0.0114374 0.0180279
v 0.0893478 0.0730857 0.0711343
vn 0.0179572 0.0114374 0.0138523
v 0.0867932 0.0771209 0.0762773
vn -0.0179572 0.0114374 -0.0138523
v 0.0872704 0.0758032 0.0770508
vn -0.0224775 0.0114374 -0.00301781
v 0.0877111 0.075142 0.0771969
vn -0.0224927 0.0114374 0.0029026
v 0.0882485 0.0745407 0.0771654
vn -0.020975 0.0114374 0.00862523
v 0.0914868 0.0743323 0.0734837
vn 0.0137601 0.0114374 0.0180279
v 0.0891965 0.0720653 0.0723597
vn 0.00862523 0.0114374 0.020975
v 0.0893526 0.0725178 0.0717093
vn 0.0137601 0.0114374 0.0180279
v 0.0913307 0.0738798 0.0741342
vn 0.00862523 0.0114374 0.020975
v 0.088892 0.0717575 0.0730407
vn 0.0029026 0.0114374 0.0224927
v 0.0891965 0.0720653 0.0723597
vn 0.00862523 0.0114374 0.020975
v 0.0900598 0.0734645 0.0760874
vn -0.0087326 0.0114374 0.0209305
v 0.0905929 0.0734304 0.0754811
vn -0.00301781 0.0114374 0.0224775
v 0.0900598 0.0734645 0.0760874
vn -0.0087326 0.0114374 0.0209305
v 0.0894646 0.0736718 0.0765913
vn -0.0138523 0.0114374 0.0179572
v 0.0910262 0.073572 0.0748152
vn 0.0029026 0.0114374 0.0224927
v 0.088846 0.0740393 0.0769595
vn -0.0180279 0.0114374 0.0137601
v 0.0882138 0.0785571 0.0731001
vn 0.0087326 0.0114374 -0.0209305
v 0.0888101 0.0783491 0.0725956
vn 0.0138523 0.0114374 -0.0179572
v 0.0882138 0.0785571 0.0731001
vn 0.0087326 0.0114374 -0.0209305
v 0.0876818 0.0785906 0.0737057
vn 0.00301781 0.0114374 -0.0224775
v 0.0872474 0.0784496 0.0743723
vn -0.0029026 0.0114374 -0.0224927
v 0.0869429 0.0781418 0.0750533
vn -0.00862523 0.0114374 -0.020975
v 0.0867878 0.0776887 0.0757032
vn -0.0137601 0.0114374 -0.0180279
v 0.0888101 0.0783491 0.0725956
vn 0.0138523 0.0114374 -0.0179572
v 0.0904509 0.0768107 0.0721953
vn -0.0224927 0.0114374 0.0029026
v 0.0911448 0.0755799 0.0726193
vn -0.0209305 0.0114374 -0.0087326
v 0.091482 0.0749002 0.0729087
vn 0.0179572 0.0114374 0.0138523
v 0.0914868 0.0743323 0.0734837
vn 0.0137601 0.0114374 0.0180279
v 0.0871299 0.0764411 0.0765675
vn 0.0209305 0.0114374 0.0087326
v 0.0867932 0.0771209 0.0762773
vn -0.0179572 0.0114374 -0.0138523
v 0.0869574 0.0764779 0.0767373
vn -0.0209305 0.0114374 -0.0087326
v 0.087418 0.0758192 0.0768569
vn 0.0224775 0.0114374 0.00301781
v 0.0872704 0.0758032 0.0770508
vn -0.0224775 0.0114374 -0.00301781
v 0.0878243 0.0752105 0.0769907
vn 0.0224927 0.0114374 -0.0029026
v 0.0877111 0.075142 0.0771969
vn -0.0224927 0.0114374 0.0029026
v 0.088846 0.0740393 0.0769595
vn -0.0180279 0.0114374 0.0137601
v 0.0882485 0.0745407 0.0771654
vn -0.020975 0.0114374 0.00862523
v 0.0913307 0.0738798 0.0741342
vn 0.00862523 0.0114374 0.020975
v 0.0905929 0.0734304 0.0754811
vn -0.00301781 0.0114374 0.0224775
v 0.0899871 0.0736652 0.0759696
vn 0.0087326 0.0114374 -0.0209305
v 0.0900598 0.0734645 0.0760874
vn -0.0087326 0.0114374 0.0209305
v 0.0908285 0.0735075 0.0751188
vn -4.60222e-05 0.0179605 0.0179604
v 0.0894388 0.0738572 0.0764328
vn 0.0138523 0.0114374 -0.0179572
v 0.0894646 0.0736718 0.0765913
vn -0.0138523 0.0114374 0.0179572
v 0.0888695 0.074195 0.076772
vn 0.0180279 0.0114374 -0.0137601
v 0.0913307 0.0738798 0.0741342
vn 0.00862523 0.0114374 0.020975
v 0.0908772 0.0737645 0.0747975
vn -0.0029026 0.0114374 -0.0224927
v 0.0910262 0.073572 0.0748152
vn 0.0029026 0.0114374 0.0224927
v 0.0888358 0.0781638 0.0727541
vn -0.0138523 0.0114374 0.0179572
v 0.0882138 0.0785571 0.0731001
vn 0.0087326 0.0114374 -0.0209305
v 0.088287 0.0783556 0.0732181
vn -0.0087326 0.0114374 0.0209305
v 0.0876818 0.0785906 0.0737057
vn 0.00301781 0.0114374 -0.0224775
v 0.087797 0.0783869 0.0737754
vn -0.00301781 0.0114374 0.0224775
v 0.0872474 0.0784496 0.0743723
vn -0.0029026 0.0114374 -0.0224927
v 0.0873974 0.0782565 0.0743894
vn 0.0029026 0.0114374 0.0224927
v 0.0869429 0.0781418 0.0750533
vn -0.00862523 0.0114374 -0.020975
v 0.0871168 0.0779726 0.0750171
vn 0.00862523 0.0114374 0.020975
v 0.0867878 0.0776887 0.0757032
vn -0.0137601 0.0114374 -0.0180279
v 0.086978 0.0770333 0.0761446
vn 0.0179572 0.0114374 0.0138523
v 0.089956 0.0773641 0.0722247
vn -0.020975 0.0114374 0.00862523
v 0.0900956 0.0765086 0.0718999
vn -0.0224927 0.0114374 0.0029026
v 0.0904509 0.0768107 0.0721953
vn -0.0224927 0.0114374 0.0029026
v 0.0894052 0.077826 0.0724148
vn -0.0180279 0.0114374 0.0137601
v 0.0904509 0.0768107 0.0721953
vn -0.0224927 0.0114374 0.0029026
v 0.0905008 0.0758995 0.0720354
vn -0.0224775 0.0114374 -0.00301781
v 0.0908561 0.0762016 0.0723308
vn -0.0224775 0.0114374 -0.00301781
v 0.0908561 0.0762016 0.0723308
vn -0.0224775 0.0114374 -0.00301781
v 0.0907895 0.0752778 0.072324
vn -0.0209305 0.0114374 -0.0087326
v 0.0911448 0.0755799 0.0726193
vn -0.0209305 0.0114374 -0.0087326
v 0.091482 0.0749002 0.0729087
vn 0.0179572 0.0114374 0.0138523
v 0.0912966 0.0749877 0.0730423
vn -0.0179572 0.0114374 -0.0138523
v 0.0914868 0.0743323 0.0734837
vn 0.0137601 0.0114374 0.0180279
v 0.0883187 0.0746569 0.0769622
vn 0.020975 0.0114374 -0.00862523
v 0.0913009 0.0744655 0.073571
vn -0.0137601 0.0114374 -0.0180279
v 0.0904782 0.0736342 0.0754106
vn 0.00301781 0.0114374 -0.0224775
v 0.0906962 0.0737055 0.0750756
vn 5.81983e-05 0.0113592 -0.0227184
v 0.0908285 0.0735075 0.0751188
vn -4.60222e-05 0.0179605 0.0179604
v 0.0911573 0.0740482 0.0741706
vn -0.00862523 0.0114374 -0.020975
v 0.0869743 0.0775556 0.075615
vn 0.0137601 0.0114374 0.0180279
v 0.0896007 0.077062 0.0719293
vn -0.020975 0.0114374 0.00862523
v 0.0900956 0.0765086 0.0718999
vn -0.0224927 0.0114374 0.0029026
v 0.0894052 0.077826 0.0724148
vn -0.0180279 0.0114374 0.0137601
v 0.0896007 0.077062 0.0719293
vn -0.020975 0.0114374 0.00862523
v 0.089956 0.0773641 0.0722247
vn -0.020975 0.0114374 0.00862523
v 0.0905008 0.0758995 0.0720354
vn -0.0224775 0.0114374 -0.00301781
v 0.0907895 0.0752778 0.072324
vn -0.0209305 0.0114374 -0.0087326
v 0.0912966 0.0749877 0.0730423
vn -0.0179572 0.0114374 -0.0138523
v 0.0911448 0.0755799 0.0726193
vn -0.0209305 0.0114374 -0.0087326
v 0.0867746 0.0761391 0.0762722
vn 0.0209305 0.0114374 0.0087326
v 0.086978 0.0770333 0.0761446
vn 0.0179572 0.0114374 0.0138523
v 0.0871299 0.0764411 0.0765675
vn 0.0209305 0.0114374 0.0087326
v 0.087418 0.0758192 0.0768569
vn 0.0224775 0.0114374 0.00301781
v 0.0867746 0.0761391 0.0762722
vn 0.0209305 0.0114374 0.0087326
v 0.0871299 0.0764411 0.0765675
vn 0.0209305 0.0114374 0.0087326
v 0.0878243 0.0752105 0.0769907
vn 0.0224927 0.0114374 -0.0029026
v 0.0870628 0.0755171 0.0765615
vn 0.0224775 0.0114374 0.00301781
v 0.087418 0.0758192 0.0768569
vn 0.0224775 0.0114374 0.00301781
v 0.0883187 0.0746569 0.0769622
vn 0.020975 0.0114374 -0.00862523
v 0.0874691 0.0749084 0.0766953
vn 0.0224927 0.0114374 -0.0029026
v 0.0878243 0.0752105 0.0769907
vn 0.0224927 0.0114374 -0.0029026
v 0.090123 0.0733321 0.0751152
vn 0.00301781 0.0114374 -0.0224775
v 0.0899871 0.0736652 0.0759696
vn 0.0087326 0.0114374 -0.0209305
v 0.0904782 0.0736342 0.0754106
vn 0.00301781 0.0114374 -0.0224775
v 0.0899871 0.0736652 0.0759696
vn 0.0087326 0.0114374 -0.0209305
v 0.0890835 0.0735551 0.0761374
vn 0.0138523 0.0114374 -0.0179572
v 0.0894388 0.0738572 0.0764328
vn 0.0138523 0.0114374 -0.0179572
v 0.0894388 0.0738572 0.0764328
vn 0.0138523 0.0114374 -0.0179572
v 0.0885142 0.073893 0.0764766
vn 0.0180279 0.0114374 -0.0137601
v 0.0888695 0.074195 0.076772
vn 0.0180279 0.0114374 -0.0137601
v 0.0888695 0.074195 0.076772
vn 0.0180279 0.0114374 -0.0137601
v 0.0879634 0.0743548 0.0766668
vn 0.020975 0.0114374 -0.00862523
v 0.0883187 0.0746569 0.0769622
vn 0.020975 0.0114374 -0.00862523
v 0.090802 0.0737461 0.0738752
vn -0.00862523 0.0114374 -0.020975
v 0.0908772 0.0737645 0.0747975
vn -0.0029026 0.0114374 -0.0224927
v 0.0911573 0.0740482 0.0741706
vn -0.00862523 0.0114374 -0.020975
v 0.090522 0.0734624 0.0745021
vn -0.0029026 0.0114374 -0.0224927
v 0.0906962 0.0737055 0.0750756
vn 5.81983e-05 0.0113592 -0.0227184
v 0.0908772 0.0737645 0.0747975
vn -0.0029026 0.0114374 -0.0224927
v 0.0888358 0.0781638 0.0727541
vn -0.0138523 0.0114374 0.0179572
v 0.0890499 0.0775239 0.0721195
vn -0.0180279 0.0114374 0.0137601
v 0.0894052 0.077826 0.0724148
vn -0.0180279 0.0114374 0.0137601
v 0.088287 0.0783556 0.0732181
vn -0.0087326 0.0114374 0.0209305
v 0.0884806 0.0778618 0.0724587
vn -0.0138523 0.0114374 0.0179572
v 0.0888358 0.0781638 0.0727541
vn -0.0138523 0.0114374 0.0179572
v 0.0874417 0.0780849 0.07348
vn -0.00301781 0.0114374 0.0224775
v 0.088287 0.0783556 0.0732181
vn -0.0087326 0.0114374 0.0209305
v 0.087797 0.0783869 0.0737754
vn -0.00301781 0.0114374 0.0224775
v 0.0870422 0.0779544 0.074094
vn 0.0029026 0.0114374 0.0224927
v 0.087797 0.0783869 0.0737754
vn -0.00301781 0.0114374 0.0224775
v 0.0873974 0.0782565 0.0743894
vn 0.0029026 0.0114374 0.0224927
v 0.0867616 0.0776706 0.0747218
vn 0.00862523 0.0114374 0.020975
v 0.0873974 0.0782565 0.0743894
vn 0.0029026 0.0114374 0.0224927
v 0.0871168 0.0779726 0.0750171
vn 0.00862523 0.0114374 0.020975
v 0.086619 0.0772536 0.0753196
vn 0.0137601 0.0114374 0.0180279
v 0.0871168 0.0779726 0.0750171
vn 0.00862523 0.0114374 0.020975
v 0.0869743 0.0775556 0.075615
vn 0.0137601 0.0114374 0.0180279
v 0.0866228 0.0767312 0.0758492
vn 0.0179572 0.0114374 0.0138523
v 0.0869743 0.0775556 0.075615
vn 0.0137601 0.0114374 0.0180279
v 0.086978 0.0770333 0.0761446
vn 0.0179572 0.0114374 0.0138523
v 0.0890499 0.0775239 0.0721195
vn -0.0180279 0.0114374 0.0137601
v 0.0900956 0.0765086 0.0718999
vn -0.0224927 0.0114374 0.0029026
v 0.0896007 0.077062 0.0719293
vn -0.020975 0.0114374 0.00862523
v 0.0905008 0.0758995 0.0720354
vn -0.0224775 0.0114374 -0.00301781
v 0.0890499 0.0775239 0.0721195
vn -0.0180279 0.0114374 0.0137601
v 0.0879317 0.0780535 0.0729227
vn -0.0087326 0.0114374 0.0209305
v 0.0907895 0.0752778 0.072324
vn -0.0209305 0.0114374 -0.0087326
v 0.0909414 0.0746856 0.0727469
vn -0.0179572 0.0114374 -0.0138523
v 0.0909414 0.0746856 0.0727469
vn -0.0179572 0.0114374 -0.0138523
v 0.0913009 0.0744655 0.073571
vn -0.0137601 0.0114374 -0.0180279
v 0.0912966 0.0749877 0.0730423
vn -0.0179572 0.0114374 -0.0138523
v 0.0866228 0.0767312 0.0758492
vn 0.0179572 0.0114374 0.0138523
v 0.0870628 0.0755171 0.0765615
vn 0.0224775 0.0114374 0.00301781
v 0.0874691 0.0749084 0.0766953
vn 0.0224927 0.0114374 -0.0029026
v 0.0879634 0.0743548 0.0766668
vn 0.020975 0.0114374 -0.00862523
v 0.0909457 0.0741635 0.0732757
vn -0.0137601 0.0114374 -0.0180279
v 0.0911573 0.0740482 0.0741706
vn -0.00862523 0.0114374 -0.020975
v 0.0913009 0.0744655 0.073571
vn -0.0137601 0.0114374 -0.0180279
v 0.0896319 0.0733632 0.0756742
vn 0.0087326 0.0114374 -0.0209305
v 0.0904782 0.0736342 0.0754106
vn 0.00301781 0.0114374 -0.0224775
v 0.0903409 0.0734034 0.0747802
vn 5.81983e-05 0.0113592 -0.0227184
v 0.090123 0.0733321 0.0751152
vn 0.00301781 0.0114374 -0.0224775
v 0.0896319 0.0733632 0.0756742
vn 0.0087326 0.0114374 -0.0209305
v 0.0890835 0.0735551 0.0761374
vn 0.0138523 0.0114374 -0.0179572
v 0.0885142 0.073893 0.0764766
vn 0.0180279 0.0114374 -0.0137601
v 0.090522 0.0734624 0.0745021
vn -0.0029026 0.0114374 -0.0224927
v 0.090802 0.0737461 0.0738752
vn -0.00862523 0.0114374 -0.020975
v 0.0884806 0.0778618 0.0724587
vn -0.0138523 0.0114374 0.0179572
v 0.0879317 0.0780535 0.0729227
vn -0.0087326 0.0114374 0.0209305
v 0.0879317 0.0780535 0.0729227
vn -0.0087326 0.0114374 0.0209305
v 0.0874417 0.0780849 0.07348
vn -0.00301781 0.0114374 0.0224775
v 0.0870422 0.0779544 0.074094
vn 0.0029026 0.0114374 0.0224927
v 0.0867616 0.0776706 0.0747218
vn 0.00862523 0.0114374 0.020975
v 0.086619 0.0772536 0.0753196
vn 0.0137601 0.0114374 0.0180279
v 0.0884806 0.0778618 0.0724587
vn -0.0138523 0.0114374 0.0179572
v 0.0874417 0.0780849 0.07348
vn -0.00301781 0.0114374 0.0224775
v 0.0892092 0.0764146 0.0730622
vn 0.020975 0.0114374 -0.00862523
v 0.0909414 0.0746856 0.0727469
vn -0.0179572 0.0114374 -0.0138523
v 0.0909457 0.0741635 0.0732757
vn -0.0137601 0.0114374 -0.0180279
v 0.0880969 0.0752914 0.0755486
vn -0.0224927 0.0114374 0.0029026
v 0.0866228 0.0767312 0.0758492
vn 0.0179572 0.0114374 0.0138523
v 0.0867746 0.0761391 0.0762722
vn 0.0209305 0.0114374 0.0087326
v 0.0896319 0.0733632 0.0756742
vn 0.0087326 0.0114374 -0.0209305
v 0.0870628 0.0755171 0.0765615
vn 0.0224775 0.0114374 0.00301781
v 0.0885142 0.073893 0.0764766
vn 0.0180279 0.0114374 -0.0137601
v 0.0874691 0.0749084 0.0766953
vn 0.0224927 0.0114374 -0.0029026
v 0.0879634 0.0743548 0.0766668
vn 0.020975 0.0114374 -0.00862523
v 0.090123 0.0733321 0.0751152
vn 0.00301781 0.0114374 -0.0224775
v 0.0886426 0.0747609 0.0754348
vn -0.0180279 0.0114374 0.0137601
v 0.0903409 0.0734034 0.0747802
vn 5.81983e-05 0.0113592 -0.0227184
v 0.0892257 0.0744845 0.075016
vn -0.0087326 0.0114374 0.0209305
v 0.0890835 0.0735551 0.0761374
vn 0.0138523 0.0114374 -0.0179572
v 0.090802 0.0737461 0.0738752
vn -0.00862523 0.0114374 -0.020975
v 0.0898357 0.0746848 0.0740776
vn 0.00862523 0.0114374 0.020975
v 0.090522 0.0734624 0.0745021
vn -0.0029026 0.0114374 -0.0224927
v 0.0909457 0.0741635 0.0732757
vn -0.0137601 0.0114374 -0.0180279
v 0.0899106 0.0749025 0.0737649
vn 0.0137601 0.0114374 0.0180279
v 0.0894817 0.0744685 0.0747244
vn -0.00301781 0.0114374 0.0224775
v 0.0886245 0.0768323 0.0733384
vn 0.0138523 0.0114374 -0.0179572
v 0.0870422 0.0779544 0.074094
vn 0.0029026 0.0114374 0.0224927
v 0.0878741 0.0768803 0.0741918
vn -0.0029026 0.0114374 -0.0224927
v 0.0867616 0.0776706 0.0747218
vn 0.00862523 0.0114374 0.020975
v 0.0876535 0.0765144 0.0748312
vn -0.0137601 0.0114374 -0.0180279
v 0.086619 0.0772536 0.0753196
vn 0.0137601 0.0114374 0.0180279
v 0.0876555 0.0762423 0.0751071
vn -0.0179572 0.0114374 -0.0138523
v 0.0894673 0.0761254 0.0730475
vn 0.0224927 0.0114374 -0.0029026
v 0.0896789 0.0758079 0.0731177
vn 0.0224775 0.0114374 0.00301781
v 0.0878847 0.0756088 0.0754792
vn -0.0224775 0.0114374 -0.00301781
v 0.0883549 0.0750023 0.0755339
vn -0.020975 0.0114374 0.00862523
v 0.0889391 0.0745844 0.0752586
vn -0.0138523 0.0114374 0.0179572
v 0.0896895 0.0745364 0.0744051
vn 0.0029026 0.0114374 0.0224927
v 0.0899086 0.0751746 0.073489
vn 0.0179572 0.0114374 0.0138523
v 0.0889216 0.076656 0.0731613
vn 0.0180279 0.0114374 -0.0137601
v 0.0883385 0.0769313 0.0735811
vn 0.0087326 0.0114374 -0.0209305
v 0.0880829 0.0769485 0.0738708
vn 0.00301781 0.0114374 -0.0224775
v 0.0877279 0.0767319 0.0745193
vn -0.00862523 0.0114374 -0.020975
v 0.0877348 0.0759328 0.0753282
vn -0.0209305 0.0114374 -0.0087326
v 0.0898293 0.0754841 0.0732679
vn 0.0209305 0.0114374 0.0087326
v 0.0892768 0.076958 0.0734567
vn 0 0.0254 0
v 0.0898225 0.0764275 0.0733429
vn 0 0.0254 0
v 0.0895645 0.0767167 0.0733576
vn 0 0.0254 0
v 0.0889797 0.0771343 0.0736337
vn 0 0.0254 0
v 0.0900342 0.07611 0.0734131
vn 0 0.0254 0
v 0.0889978 0.0750629 0.0757302
vn 0 0.0254 0
v 0.08824 0.0759108 0.0757746
vn 0 0.0254 0
v 0.0884521 0.0755935 0.075844
vn 0 0.0254 0
v 0.0886198 0.075695 0.0755385
vn 0.0224927 0.0114374 -0.0029026
v 0.0880901 0.0762349 0.0756236
vn 0 0.0254 0
v 0.0887102 0.0753043 0.0758293
vn 0 0.0254 0
v 0.0892944 0.0748864 0.0755539
vn 0 0.0254 0
v 0.089837 0.0747706 0.0750198
vn 0 0.0254 0
v 0.0894722 0.0750863 0.0751357
vn 0.0087326 0.0114374 -0.0209305
v 0.0895809 0.0747866 0.0753114
vn 0 0.0254 0
v 0.0900448 0.0748385 0.0747005
vn 0 0.0254 0
v 0.0896658 0.0750745 0.0749148
vn 0.00301781 0.0114374 -0.0224775
v 0.0890323 0.0752952 0.0754512
vn 0.0180279 0.0114374 -0.0137601
v 0.0902659 0.0752045 0.0740602
vn 0 0.0254 0
v 0.08999 0.0754019 0.0741902
vn -0.0137601 0.0114374 -0.0180279
v 0.0901909 0.0749868 0.074373
vn 0 0.0254 0
v 0.0902639 0.0754767 0.0737844
vn 0 0.0254 0
v 0.0899877 0.0756079 0.0739823
vn -0.0179572 0.0114374 -0.0138523
v 0.0898228 0.0751256 0.0746739
vn -0.0029026 0.0114374 -0.0224927
v 0.0901846 0.0757861 0.0735633
vn 0 0.0254 0
v 0.089814 0.0760859 0.0737024
vn -0.0224775 0.0114374 -0.00301781
v 0.0886937 0.0772334 0.0738765
vn 0 0.0254 0
v 0.0894595 0.0765439 0.0736605
vn -0.020975 0.0114374 0.00862523
v 0.0886094 0.0769466 0.0742712
vn -0.00301781 0.0114374 0.0224775
v 0.0884382 0.0772506 0.0741662
vn 0 0.0254 0
v 0.0882293 0.0771823 0.0744872
vn 0 0.0254 0
v 0.0884519 0.0768954 0.0745129
vn 0.0029026 0.0114374 0.0224927
v 0.0880832 0.077034 0.0748147
vn 0 0.0254 0
v 0.0883414 0.0767838 0.07476
vn 0.00862523 0.0114374 0.020975
v 0.0880088 0.0768164 0.0751266
vn 0 0.0254 0
v 0.088287 0.076413 0.0752046
vn 0.0179572 0.0114374 0.0138523
v 0.0880108 0.0765443 0.0754025
vn 0 0.0254 0
v 0.0883466 0.07618 0.0753712
vn 0.0209305 0.0114374 0.0087326
v 0.0884601 0.0759348 0.0754853
vn 0.0224775 0.0114374 0.00301781
v 0.0888147 0.0754768 0.0755272
vn 0.020975 0.0114374 -0.00862523
v 0.0895938 0.0750786 0.0749973
vn 0.00593618 0.0113592 -0.0219292
v 0.0892563 0.0751616 0.0753183
vn 0.0138523 0.0114374 -0.0179572
v 0.0899333 0.0752372 0.0744269
vn -0.00862523 0.0114374 -0.020975
v 0.0899281 0.075841 0.0738157
vn -0.0209305 0.0114374 -0.0087326
v 0.0896544 0.0763258 0.0736492
vn -0.0224927 0.0114374 0.0029026
v 0.0890183 0.0768593 0.0738685
vn -0.0138523 0.0114374 0.0179572
v 0.0892429 0.076726 0.0737348
vn -0.0180279 0.0114374 0.0137601
v 0.0888019 0.0769345 0.074052
vn -0.0087326 0.0114374 0.0209305
v 0.0882852 0.0766193 0.0749958
vn 0.0137601 0.0114374 0.0180279
v 0.0891386 0.0750615 0.0752204
vn 0.0138523 0.0114374 -0.0179572
v 0.0883423 0.0758347 0.0753874
vn 0.0224775 0.0114374 0.00301781
v 0.088502 0.0755949 0.0754406
vn 0.0224927 0.0114374 -0.0029026
v 0.0887866 0.0755263 0.0751684
vn -0.020975 0.0114374 0.00862523
v 0.0882288 0.0760799 0.0752732
vn 0.0209305 0.0114374 0.0087326
v 0.0889145 0.075195 0.0753533
vn 0.0180279 0.0114374 -0.0137601
v 0.0886969 0.0753767 0.0754293
vn 0.020975 0.0114374 -0.00862523
v 0.089476 0.0749785 0.0748994
vn 0.00593618 0.0113592 -0.0219292
v 0.0891052 0.0752992 0.0750174
vn -0.0138523 0.0114374 0.0179572
v 0.0893544 0.0749862 0.0750378
vn 0.0087326 0.0114374 -0.0209305
v 0.0895481 0.0749744 0.0748169
vn 0.00301781 0.0114374 -0.0224775
v 0.0892606 0.0752448 0.0748861
vn -0.0087326 0.0114374 0.0209305
v 0.089705 0.0750254 0.074576
vn -0.0029026 0.0114374 -0.0224927
v 0.0894 0.0752361 0.0747275
vn -0.00301781 0.0114374 0.0224775
v 0.0898155 0.075137 0.0743289
vn -0.00862523 0.0114374 -0.020975
v 0.0895124 0.0752734 0.0745541
vn 0.0029026 0.0114374 0.0224927
v 0.0898699 0.0755078 0.0738844
vn -0.0179572 0.0114374 -0.0138523
v 0.0896321 0.0756198 0.0740558
vn 0.0179572 0.0114374 0.0138523
v 0.0898723 0.0753017 0.0740923
vn -0.0137601 0.0114374 -0.0180279
v 0.0898103 0.0757408 0.0737178
vn -0.0209305 0.0114374 -0.0087326
v 0.0893925 0.0761369 0.0738153
vn 0.0224927 0.0114374 -0.0029026
v 0.0896333 0.0754723 0.0742053
vn 0.0137601 0.0114374 0.0180279
v 0.0895366 0.0762256 0.0735512
vn -0.0224927 0.0114374 0.0029026
v 0.0889005 0.0767592 0.0737706
vn -0.0138523 0.0114374 0.0179572
v 0.0896963 0.0759858 0.0736044
vn -0.0224775 0.0114374 -0.00301781
v 0.0891251 0.0766258 0.0736369
vn -0.0180279 0.0114374 0.0137601
v 0.0893417 0.0764438 0.0735626
vn -0.020975 0.0114374 0.00862523
v 0.0890957 0.0764252 0.0738774
vn 0.0180279 0.0114374 -0.0137601
v 0.0886841 0.0768344 0.073954
vn -0.0087326 0.0114374 0.0209305
v 0.0884916 0.0768465 0.0741733
vn -0.00301781 0.0114374 0.0224775
v 0.0886391 0.0765846 0.0742636
vn 0.00301781 0.0114374 -0.0224775
v 0.0883341 0.0767953 0.074415
vn 0.0029026 0.0114374 0.0224927
v 0.0885261 0.0765471 0.0744378
vn -0.0029026 0.0114374 -0.0224927
v 0.0882236 0.0766837 0.0746621
vn 0.00862523 0.0114374 0.020975
v 0.088447 0.0764669 0.074615
vn -0.00862523 0.0114374 -0.020975
v 0.0881674 0.0765191 0.0748979
vn 0.0137601 0.0114374 0.0180279
v 0.0884064 0.0762007 0.074936
vn -0.0179572 0.0114374 -0.0138523
v 0.0881692 0.0763129 0.0751066
vn 0.0179572 0.0114374 0.0138523
v 0.0884503 0.0760324 0.0750554
vn -0.0209305 0.0114374 -0.0087326
v 0.0886466 0.0756838 0.0751757
vn -0.0224927 0.0114374 0.0029026
v 0.0889434 0.0753955 0.0751136
vn -0.0180279 0.0114374 0.0137601
v 0.0893548 0.0752391 0.0747787
vn -0.00593618 0.0113592 0.0219292
v 0.0895927 0.0753539 0.0743752
vn 0.00862523 0.0114374 0.020975
v 0.0895894 0.0757885 0.0739348
vn 0.0209305 0.0114374 0.0087326
v 0.089252 0.0762942 0.0738235
vn 0.020975 0.0114374 -0.00862523
v 0.0895073 0.0759641 0.0738539
vn 0.0224775 0.0114374 0.00301781
v 0.0889333 0.0765213 0.0739745
vn 0.0138523 0.0114374 -0.0179572
v 0.0887779 0.0765757 0.0741058
vn 0.0087326 0.0114374 -0.0209305
v 0.0884058 0.0763484 0.0747857
vn -0.0137601 0.0114374 -0.0180279
v 0.0885313 0.0758564 0.075138
vn -0.0224775 0.0114374 -0.00301781
v 0.0966158 0.0823249 0.08084
vn -0.0175616 0.0125331 0.0134042
v 0.0966071 0.082333 0.0808422
vn -0.0219016 0.0125496 0.00282638
v 0.0966114 0.0823284 0.0808416
vn -0.0204288 0.0125401 0.00840067
v 0.0966196 0.0823221 0.0808382
vn -0.0134953 0.0125292 0.0174945
v 0.0966043 0.0823371 0.0808413
vn -0.0218804 0.0125609 -0.00293761
v 0.0966244 0.0823207 0.0808338
vn -0.00850772 0.0125286 0.0203915
v 0.0966271 0.0823206 0.0808307
vn -0.00416293 0.00939975 0.0232266
v 0.0966021 0.0823423 0.0808385
vn -0.020368 0.0125734 -0.00849783
v 0.0966303 0.0823217 0.0808257
vn 0.0028262 0.0125374 0.0219086
v 0.096601 0.082347 0.0808352
vn -0.0174688 0.0125862 -0.0134754
v 0.096633 0.0823236 0.0808206
vn 0.00839934 0.0125458 0.0204258
v 0.096601 0.0823509 0.0808312
vn -0.0133817 0.0125984 -0.017532
v 0.096634 0.0823269 0.0808159
vn 0.013396 0.0125566 0.017551
v 0.096602 0.0823543 0.0808265
vn -0.00838571 0.0126091 -0.0203924
v 0.0966345 0.0823311 0.0808111
vn 0.0174766 0.0125688 0.0134816
v 0.0966047 0.0823562 0.0808214
vn -0.00282141 0.0126177 -0.0218631
v 0.0966328 0.0823355 0.0808086
vn 0.0203637 0.0125815 0.00849619
v 0.0966068 0.0823569 0.0808181
vn 0.00293288 0.0126235 -0.021845
v 0.0966306 0.0823408 0.0808058
vn 0.0218617 0.012594 0.00293523
v 0.0966106 0.0823571 0.0808133
vn 0.00848628 0.0126263 -0.0203401
v 0.0966197 0.0823532 0.0808063
vn 0.0175215 0.0126217 -0.0133735
v 0.0966279 0.0823449 0.0808049
vn 0.0218701 0.0126054 -0.0028222
v 0.0966235 0.0823494 0.0808055
vn 0.0203894 0.0126148 -0.00838437
v 0.0966149 0.0823556 0.0808097
vn 0.0134617 0.0126257 -0.0174509
v 0.0895645 0.0767167 0.0733576
vn 0.0223395 -0.00785619 -0.00918632
v 0.0907525 0.077176 0.0736492
vn 0.024235 -0.00693125 -0.00312745
v 0.0898225 0.0764275 0.0733429
vn 0.0239559 -0.00785619 -0.00309143
v 0.0898225 0.0764275 0.0733429
vn -0.0239559 0.00785619 0.00309143
v 0.0907525 0.077176 0.0736492
vn -0.024235 0.00693125 0.00312745
v 0.0895645 0.0767167 0.0733576
vn -0.0223395 0.00785619 0.00918632
v 0.0900342 0.07611 0.0734131
vn 0.0239397 -0.00785619 0.00321413
v 0.0900342 0.07611 0.0734131
vn -0.0239397 0.00785619 -0.00321413
v 0.0890308 0.0761276 0.076792
vn -0.024235 -0.00693125 0.00312745
v 0.08824 0.0759108 0.0757746
vn -0.0239397 -0.00785619 -0.00321413
v 0.0884521 0.0755935 0.075844
vn -0.0239559 -0.00785619 0.00309143
v 0.0884521 0.0755935 0.075844
vn 0.0239559 0.00785619 -0.00309143
v 0.08824 0.0759108 0.0757746
vn 0.0239397 0.00785619 0.00321413
v 0.0890308 0.0761276 0.076792
vn 0.024235 0.00693125 -0.00312745
v 0.088765 0.0765261 0.0767041
vn -0.0242187 -0.00693125 -0.00325161
v 0.0880901 0.0762349 0.0756236
vn -0.0222921 -0.00785619 -0.00930068
v 0.0880901 0.0762349 0.0756236
vn 0.0222921 0.00785619 0.00930068
v 0.088765 0.0765261 0.0767041
vn 0.0242187 0.00693125 0.00325161
v 0.0893553 0.0757645 0.076773
vn -0.0225998 -0.00693125 0.00929337
v 0.0887102 0.0753043 0.0758293
vn -0.0223395 -0.00785619 0.00918632
v 0.0887102 0.0753043 0.0758293
vn 0.0223395 0.00785619 -0.00918632
v 0.0893553 0.0757645 0.076773
vn 0.0225998 0.00693125 -0.00929337
v 0.0892944 0.0748864 0.0755539
vn -0.0147534 -0.00785619 0.0191253
v 0.0897167 0.0754617 0.076648
vn -0.0194244 -0.00693125 0.014826
v 0.0889978 0.0750629 0.0757302
vn -0.0192007 -0.00785619 0.0146552
v 0.0889978 0.0750629 0.0757302
vn 0.0192007 0.00785619 -0.0146552
v 0.0897167 0.0754617 0.076648
vn 0.0194244 0.00693125 -0.014826
v 0.0892944 0.0748864 0.0755539
vn 0.0147534 0.00785619 -0.0191253
v 0.0907701 0.0750945 0.0757565
vn -0.00325161 -0.00693125 0.0242187
v 0.0895809 0.0747866 0.0753114
vn -0.00930068 -0.00785619 0.0222921
v 0.089837 0.0747706 0.0750198
vn -0.00321413 -0.00785619 0.0239397
v 0.089837 0.0747706 0.0750198
vn 0.00321413 0.00785619 -0.0239397
v 0.0895809 0.0747866 0.0753114
vn 0.00930068 0.00785619 -0.0222921
v 0.0907701 0.0750945 0.0757565
vn 0.00325161 0.00693125 -0.0242187
v 0.0910315 0.0751801 0.0753546
vn 0.00312745 -0.00693125 0.024235
v 0.0900448 0.0748385 0.0747005
vn 0.00309143 -0.00785619 0.0239559
v 0.0900448 0.0748385 0.0747005
vn -0.00309143 0.00785619 -0.0239559
v 0.0910315 0.0751801 0.0753546
vn -0.00312745 0.00693125 -0.024235
v 0.090089 0.0752404 0.0764265
vn -0.0149253 -0.00693125 0.0193482
v 0.090089 0.0752404 0.0764265
vn 0.0149253 0.00693125 -0.0193482
v 0.0913096 0.075639 0.0745508
vn 0.014826 -0.00693125 0.0194244
v 0.0901909 0.0749868 0.074373
vn 0.00918632 -0.00785619 0.0223395
v 0.0902659 0.0752045 0.0740602
vn 0.0146552 -0.00785619 0.0192007
v 0.0902659 0.0752045 0.0740602
vn -0.0146552 0.00785619 -0.0192007
v 0.0901909 0.0749868 0.074373
vn -0.00918632 0.00785619 -0.0223395
v 0.0913096 0.075639 0.0745508
vn -0.014826 0.00693125 -0.0194244
v 0.0913068 0.0759818 0.0742037
vn 0.0193482 -0.00693125 0.0149253
v 0.0902639 0.0754767 0.0737844
vn 0.0191253 -0.00785619 0.0147534
v 0.0902639 0.0754767 0.0737844
vn -0.0191253 0.00785619 -0.0147534
v 0.0913068 0.0759818 0.0742037
vn -0.0193482 0.00693125 -0.0149253
v 0.0912164 0.0753653 0.0749427
vn 0.00929337 -0.00693125 0.0225998
v 0.0912164 0.0753653 0.0749427
vn -0.00929337 0.00693125 -0.0225998
v 0.0912072 0.0763695 0.0739269
vn 0.0225519 -0.00693125 0.00940906
v 0.0901846 0.0757861 0.0735633
vn 0.0222921 -0.00785619 0.00930068
v 0.0901846 0.0757861 0.0735633
vn -0.0222921 0.00785619 -0.00930068
v 0.0912072 0.0763695 0.0739269
vn -0.0225519 0.00693125 -0.00940906
v 0.0889797 0.0771343 0.0736337
vn 0.0147534 -0.00785619 -0.0191253
v 0.0900671 0.0778421 0.0737924
vn 0.0194244 -0.00693125 -0.014826
v 0.0892768 0.076958 0.0734567
vn 0.0192007 -0.00785619 -0.0146552
v 0.0892768 0.076958 0.0734567
vn -0.0192007 0.00785619 0.0146552
v 0.0900671 0.0778421 0.0737924
vn -0.0194244 0.00693125 0.014826
v 0.0889797 0.0771343 0.0736337
vn -0.0147534 0.00785619 0.0191253
v 0.090428 0.0775391 0.0736682
vn 0.0225998 -0.00693125 -0.00929337
v 0.090428 0.0775391 0.0736682
vn -0.0225998 0.00693125 0.00929337
v 0.0886937 0.0772334 0.0738765
vn 0.00930068 -0.00785619 -0.0222921
v 0.0896937 0.078063 0.0740155
vn 0.0149253 -0.00693125 -0.0193482
v 0.0896937 0.078063 0.0740155
vn -0.0149253 0.00693125 0.0193482
v 0.0886937 0.0772334 0.0738765
vn -0.00930068 0.00785619 0.0222921
v 0.0887507 0.0781241 0.0750872
vn -0.00312745 -0.00693125 -0.024235
v 0.0884382 0.0772506 0.0741662
vn 0.00321413 -0.00785619 -0.0239397
v 0.0882293 0.0771823 0.0744872
vn -0.00309143 -0.00785619 -0.0239559
v 0.0882293 0.0771823 0.0744872
vn 0.00309143 0.00785619 0.0239559
v 0.0884382 0.0772506 0.0741662
vn -0.00321413 0.00785619 0.0239397
v 0.0887507 0.0781241 0.0750872
vn 0.00312745 0.00693125 0.024235
v 0.0885674 0.0779384 0.0754976
vn -0.00929337 -0.00693125 -0.0225998
v 0.0880832 0.077034 0.0748147
vn -0.00918632 -0.00785619 -0.0223395
v 0.0880832 0.077034 0.0748147
vn 0.00918632 0.00785619 0.0223395
v 0.0885674 0.0779384 0.0754976
vn 0.00929337 0.00693125 0.0225998
v 0.0884737 0.0776646 0.0758903
vn -0.014826 -0.00693125 -0.0194244
v 0.0880088 0.0768164 0.0751266
vn -0.0146552 -0.00785619 -0.0192007
v 0.0880088 0.0768164 0.0751266
vn 0.0146552 0.00785619 0.0192007
v 0.0884737 0.0776646 0.0758903
vn 0.014826 0.00693125 0.0194244
v 0.0884765 0.0773218 0.0762375
vn -0.0193482 -0.00693125 -0.0149253
v 0.0880108 0.0765443 0.0754025
vn -0.0191253 -0.00785619 -0.0147534
v 0.0880108 0.0765443 0.0754025
vn 0.0191253 0.00785619 0.0147534
v 0.0884765 0.0773218 0.0762375
vn 0.0193482 0.00693125 0.0149253
v 0.0885755 0.0769339 0.076515
vn -0.0225519 -0.00693125 -0.00940906
v 0.0885755 0.0769339 0.076515
vn 0.0225519 0.00693125 0.00940906
v 0.0910182 0.0767775 0.0737371
vn 0.0242187 -0.00693125 0.00325161
v 0.0910182 0.0767775 0.0737371
vn -0.0242187 0.00693125 -0.00325161
v 0.090449 0.0751149 0.0761218
vn -0.00940906 -0.00693125 0.0225519
v 0.090449 0.0751149 0.0761218
vn 0.00940906 0.00693125 -0.0225519
v 0.0890131 0.0782091 0.0746847
vn 0.00325161 -0.00693125 -0.0242187
v 0.0890131 0.0782091 0.0746847
vn -0.00325161 0.00693125 0.0242187
v 0.0893343 0.0781887 0.0743193
vn 0.00940906 -0.00693125 -0.0225519
v 0.0893343 0.0781887 0.0743193
vn -0.00940906 0.00693125 0.0225519
v 0.0916556 0.0779113 0.0740442
vn 0.0246877 -0.00505221 -0.00318588
v 0.0916556 0.0779113 0.0740442
vn -0.0246877 0.00505221 0.00318588
v 0.0896659 0.0767001 0.0776759
vn -0.0246877 -0.00505221 0.00318588
v 0.0896659 0.0767001 0.0776759
vn 0.0246877 0.00505221 -0.00318588
v 0.0900405 0.0762807 0.0776542
vn -0.023022 -0.00505221 0.00946697
v 0.0900405 0.0762807 0.0776542
vn 0.023022 0.00505221 -0.00946697
v 0.0893586 0.0771608 0.0775744
vn -0.0246711 -0.00505221 -0.00331234
v 0.0893586 0.0771608 0.0775744
vn 0.0246711 0.00505221 0.00331234
v 0.0904578 0.0759304 0.0775105
vn -0.0197873 -0.00505221 0.0151029
v 0.0904578 0.0759304 0.0775105
vn 0.0197873 0.00505221 -0.0151029
v 0.0916758 0.0755059 0.0764796
vn -0.00331234 -0.00505221 0.0246711
v 0.0916758 0.0755059 0.0764796
vn 0.00331234 0.00505221 -0.0246711
v 0.0919784 0.0756042 0.0760152
vn 0.00318588 -0.00505221 0.0246877
v 0.0919784 0.0756042 0.0760152
vn -0.00318588 0.00505221 -0.0246877
v 0.092191 0.0758195 0.0755393
vn 0.00946697 -0.00505221 0.023022
v 0.092191 0.0758195 0.0755393
vn -0.00946697 0.00505221 -0.023022
v 0.0908891 0.0756747 0.0772532
vn -0.0152041 -0.00505221 0.0197096
v 0.0908891 0.0756747 0.0772532
vn 0.0152041 0.00505221 -0.0197096
v 0.0922998 0.0761354 0.0750855
vn 0.0151029 -0.00505221 0.0197873
v 0.0922998 0.0761354 0.0750855
vn -0.0151029 0.00505221 -0.0197873
v 0.0922964 0.076531 0.0746851
vn 0.0197096 -0.00505221 0.0152041
v 0.0922964 0.076531 0.0746851
vn -0.0197096 0.00505221 -0.0152041
v 0.0921811 0.0769794 0.0743652
vn 0.0229732 -0.00505221 0.00958483
v 0.0921811 0.0769794 0.0743652
vn -0.0229732 0.00505221 -0.00958483
v 0.0919623 0.0774504 0.0741465
vn 0.0246711 -0.00505221 0.00331234
v 0.0919623 0.0774504 0.0741465
vn -0.0246711 0.00505221 -0.00331234
v 0.0908637 0.078681 0.0742096
vn 0.0197873 -0.00505221 -0.0151029
v 0.0908637 0.078681 0.0742096
vn -0.0197873 0.00505221 0.0151029
v 0.0912805 0.0783315 0.0740657
vn 0.023022 -0.00505221 -0.00946697
v 0.0912805 0.0783315 0.0740657
vn -0.023022 0.00505221 0.00946697
v 0.0904324 0.0789367 0.0744669
vn 0.0152041 -0.00505221 -0.0197096
v 0.0904324 0.0789367 0.0744669
vn -0.0152041 0.00505221 0.0197096
v 0.0893425 0.079007 0.0757058
vn -0.00318588 -0.00505221 -0.0246877
v 0.0893425 0.079007 0.0757058
vn 0.00318588 0.00505221 0.0246877
v 0.0891299 0.0787917 0.0761817
vn -0.00946697 -0.00505221 -0.023022
v 0.0891299 0.0787917 0.0761817
vn 0.00946697 0.00505221 0.023022
v 0.0890222 0.0784762 0.0766338
vn -0.0151029 -0.00505221 -0.0197873
v 0.0890222 0.0784762 0.0766338
vn 0.0151029 0.00505221 0.0197873
v 0.0890251 0.0780804 0.077035
vn -0.0197096 -0.00505221 -0.0152041
v 0.0890251 0.0780804 0.077035
vn 0.0197096 0.00505221 0.0152041
v 0.0891398 0.0776318 0.0773558
vn -0.0229732 -0.00505221 -0.00958483
v 0.0891398 0.0776318 0.0773558
vn 0.0229732 0.00505221 0.00958483
v 0.0913047 0.0755297 0.0769017
vn -0.00958483 -0.00505221 0.0229732
v 0.0913047 0.0755297 0.0769017
vn 0.00958483 0.00505221 -0.0229732
v 0.0896456 0.0791055 0.0752405
vn 0.00331234 -0.00505221 -0.0246711
v 0.0896456 0.0791055 0.0752405
vn -0.00331234 0.00505221 0.0246711
v 0.0900168 0.0790817 0.0748184
vn 0.00958483 -0.00505221 -0.0229732
v 0.0900168 0.0790817 0.0748184
vn -0.00958483 0.00505221 0.0229732
v 0.0921201 0.0790908 0.0745519
vn 0.0233107 -0.00314391 -0.00958572
v 0.0921201 0.0790908 0.0745519
vn -0.0233107 0.00314391 0.00958572
v 0.0925295 0.0786329 0.0745276
vn 0.0249974 -0.00314391 -0.00322583
v 0.0925295 0.0786329 0.0745276
vn -0.0249974 0.00314391 0.00322583
v 0.0903567 0.0773091 0.0784947
vn -0.0249974 -0.00314391 0.00322583
v 0.0903567 0.0773091 0.0784947
vn 0.0249974 0.00314391 -0.00322583
v 0.0907661 0.0768512 0.0784704
vn -0.0233107 -0.00314391 0.00958572
v 0.0907661 0.0768512 0.0784704
vn 0.0233107 0.00314391 -0.00958572
v 0.0900215 0.0778135 0.0783821
vn -0.0249805 -0.00314391 -0.00335388
v 0.0900215 0.0778135 0.0783821
vn 0.0249805 0.00314391 0.00335388
v 0.0912225 0.076469 0.0783124
vn -0.0200355 -0.00314391 0.0152924
v 0.0912225 0.076469 0.0783124
vn 0.0200355 0.00314391 -0.0152924
v 0.0925522 0.0760055 0.077187
vn -0.00335388 -0.00314391 0.0249805
v 0.0925522 0.0760055 0.077187
vn 0.00335388 0.00314391 -0.0249805
v 0.0928827 0.0761131 0.0766796
vn 0.00322583 -0.00314391 0.0249974
v 0.0928827 0.0761131 0.0766796
vn -0.00322583 0.00314391 -0.0249974
v 0.0931144 0.0763478 0.0761609
vn 0.00958572 -0.00314391 0.0233107
v 0.0931144 0.0763478 0.0761609
vn -0.00958572 0.00314391 -0.0233107
v 0.093233 0.0766929 0.0756653
vn 0.0152924 -0.00314391 0.0200355
v 0.093233 0.0766929 0.0756653
vn -0.0152924 0.00314391 -0.0200355
v 0.0916933 0.0761894 0.078032
vn -0.0153948 -0.00314391 0.0199568
v 0.0916933 0.0761894 0.078032
vn 0.0153948 0.00314391 -0.0199568
v 0.0932292 0.0771253 0.0752278
vn 0.0199568 -0.00314391 0.0153948
v 0.0932292 0.0771253 0.0752278
vn -0.0199568 0.00314391 -0.0153948
v 0.0931033 0.0776151 0.0748784
vn 0.0232613 -0.00314391 0.00970504
v 0.0931033 0.0776151 0.0748784
vn -0.0232613 0.00314391 -0.00970504
v 0.0928652 0.0781297 0.0746384
vn 0.0249805 -0.00314391 0.00335388
v 0.0928652 0.0781297 0.0746384
vn -0.0249805 0.00314391 -0.00335388
v 0.0916647 0.0794734 0.0747083
vn 0.0200355 -0.00314391 -0.0152924
v 0.0916647 0.0794734 0.0747083
vn -0.0200355 0.00314391 0.0152924
v 0.0911939 0.079753 0.0749886
vn 0.0153948 -0.00314391 -0.0199568
v 0.0911939 0.079753 0.0749886
vn -0.0153948 0.00314391 0.0199568
v 0.0900035 0.0798289 0.0763427
vn -0.00322583 -0.00314391 -0.0249974
v 0.0900035 0.0798289 0.0763427
vn 0.00322583 0.00314391 0.0249974
v 0.0897718 0.0795943 0.0768614
vn -0.00958572 -0.00314391 -0.0233107
v 0.0897718 0.0795943 0.0768614
vn 0.00958572 0.00314391 0.0233107
v 0.0896537 0.0792493 0.0773562
vn -0.0152924 -0.00314391 -0.0200355
v 0.0896537 0.0792493 0.0773562
vn 0.0152924 0.00314391 0.0200355
v 0.0896575 0.0788169 0.0777937
vn -0.0199568 -0.00314391 -0.0153948
v 0.0896575 0.0788169 0.0777937
vn 0.0199568 0.00314391 0.0153948
v 0.0897829 0.0783269 0.078144
vn -0.0232613 -0.00314391 -0.00970504
v 0.0897829 0.0783269 0.078144
vn 0.0232613 0.00314391 0.00970504
v 0.0921461 0.0760317 0.0776487
vn -0.00970504 -0.00314391 0.0232613
v 0.0921461 0.0760317 0.0776487
vn 0.00970504 0.00314391 -0.0232613
v 0.0903345 0.0799367 0.0758345
vn 0.00335388 -0.00314391 -0.0249805
v 0.0903345 0.0799367 0.0758345
vn -0.00335388 0.00314391 0.0249805
v 0.0907401 0.0799113 0.0753727
vn 0.00970504 -0.00314391 -0.0232613
v 0.0907401 0.0799113 0.0753727
vn -0.00970504 0.00314391 0.0232613
v 0.0933688 0.0793338 0.0750944
vn 0.0251622 -0.0012174 -0.00324709
v 0.0933688 0.0793338 0.0750944
vn -0.0251622 0.0012174 0.00324709
v 0.0910978 0.0779514 0.0792395
vn -0.0251622 -0.0012174 0.00324709
v 0.0910978 0.0779514 0.0792395
vn 0.0251622 0.0012174 -0.00324709
v 0.0915257 0.0774727 0.0792142
vn -0.0234644 -0.0012174 0.0096489
v 0.0915257 0.0774727 0.0792142
vn 0.0234644 0.0012174 -0.0096489
v 0.0907468 0.0784775 0.0791237
vn -0.0251452 -0.0012174 -0.00337599
v 0.0907468 0.0784775 0.0791237
vn 0.0251452 0.0012174 0.00337599
v 0.0920017 0.0770729 0.0790506
vn -0.0201675 -0.0012174 0.0153932
v 0.0920017 0.0770729 0.0790506
vn 0.0201675 0.0012174 -0.0153932
v 0.0933919 0.0765885 0.0778739
vn -0.00337599 -0.0012174 0.0251452
v 0.0933919 0.0765885 0.0778739
vn 0.00337599 0.0012174 -0.0251452
v 0.0937373 0.0767011 0.0773434
vn 0.00324709 -0.0012174 0.0251622
v 0.0937373 0.0767011 0.0773434
vn -0.00324709 0.0012174 -0.0251622
v 0.0939796 0.0769463 0.0768012
vn 0.0096489 -0.0012174 0.0234644
v 0.0939796 0.0769463 0.0768012
vn -0.0096489 0.0012174 -0.0234644
v 0.0941029 0.0773069 0.0762841
vn 0.0153932 -0.0012174 0.0201675
v 0.0941029 0.0773069 0.0762841
vn -0.0153932 0.0012174 -0.0201675
v 0.0940989 0.0777582 0.0758274
vn 0.0200884 -0.0012174 0.0154963
v 0.0940989 0.0777582 0.0758274
vn -0.0200884 0.0012174 -0.0154963
v 0.0924936 0.0767814 0.0787571
vn -0.0154963 -0.0012174 0.0200884
v 0.0924936 0.0767814 0.0787571
vn 0.0154963 0.0012174 -0.0200884
v 0.0939684 0.0782705 0.0754605
vn 0.0234146 -0.0012174 0.00976901
v 0.0939684 0.0782705 0.0754605
vn -0.0234146 0.0012174 -0.00976901
v 0.0937188 0.0788073 0.0752118
vn 0.0251452 -0.0012174 0.00337599
v 0.0937188 0.0788073 0.0752118
vn -0.0251452 0.0012174 -0.00337599
v 0.0924639 0.0802119 0.0752849
vn 0.0201675 -0.0012174 -0.0153932
v 0.0924639 0.0802119 0.0752849
vn -0.0201675 0.0012174 0.0153932
v 0.0929409 0.0798125 0.0751196
vn 0.0234644 -0.0012174 -0.0096489
v 0.0929409 0.0798125 0.0751196
vn -0.0234644 0.0012174 0.0096489
v 0.091973 0.0805038 0.0755767
vn 0.0154963 -0.0012174 -0.0200884
v 0.091973 0.0805038 0.0755767
vn -0.0154963 0.0012174 0.0200884
v 0.0907294 0.0805841 0.0769904
vn -0.00324709 -0.0012174 -0.0251622
v 0.0907294 0.0805841 0.0769904
vn 0.00324709 0.0012174 0.0251622
v 0.0904865 0.0803387 0.0775335
vn -0.0096489 -0.0012174 -0.0234644
v 0.0904865 0.0803387 0.0775335
vn 0.0096489 0.0012174 0.0234644
v 0.0903626 0.0799779 0.0780514
vn -0.0153932 -0.0012174 -0.0201675
v 0.0903626 0.0799779 0.0780514
vn 0.0153932 0.0012174 0.0201675
v 0.0903667 0.0795266 0.0785081
vn -0.0200884 -0.0012174 -0.0154963
v 0.0903667 0.0795266 0.0785081
vn 0.0200884 0.0012174 0.0154963
v 0.0904977 0.0790145 0.0788741
vn -0.0234146 -0.0012174 -0.00976901
v 0.0904977 0.0790145 0.0788741
vn 0.0234146 0.0012174 0.00976901
v 0.092968 0.0766159 0.0783558
vn -0.00976901 -0.0012174 0.0234146
v 0.092968 0.0766159 0.0783558
vn 0.00976901 0.0012174 -0.0234146
v 0.0910737 0.0806963 0.0764616
vn 0.00337599 -0.0012174 -0.0251452
v 0.0910737 0.0806963 0.0764616
vn -0.00337599 0.0012174 0.0251452
v 0.0914987 0.0806693 0.075978
vn 0.00976901 -0.0012174 -0.0234146
v 0.0914987 0.0806693 0.075978
vn -0.00976901 0.0012174 0.0234146
v 0.0941653 0.0800104 0.0757431
vn 0.0251811 0.000716178 -0.00324954
v 0.0941653 0.0800104 0.0757431
vn -0.0251811 -0.000716178 0.00324954
v 0.0918836 0.0786205 0.0799087
vn -0.0251811 0.000716178 0.00324954
v 0.0918836 0.0786205 0.0799087
vn 0.0251811 -0.000716178 -0.00324954
v 0.0923137 0.0781396 0.0798832
vn -0.023482 0.000716178 0.00965616
v 0.0923137 0.0781396 0.0798832
vn 0.023482 -0.000716178 -0.00965616
v 0.0915314 0.0791492 0.0797916
vn -0.0251641 0.000716178 -0.00337853
v 0.0915314 0.0791492 0.0797916
vn 0.0251641 -0.000716178 0.00337853
v 0.0927923 0.0777387 0.0797175
vn -0.0201827 0.000716178 0.0154047
v 0.0927923 0.0777387 0.0797175
vn 0.0201827 -0.000716178 -0.0154047
v 0.0941895 0.0772516 0.0785351
vn -0.00337853 0.000716178 0.0251641
v 0.0941895 0.0772516 0.0785351
vn 0.00337853 -0.000716178 -0.0251641
v 0.094536 0.0773645 0.0780029
vn 0.00324954 0.000716178 0.0251811
v 0.094536 0.0773645 0.0780029
vn -0.00324954 -0.000716178 -0.0251811
v 0.09478 0.0776112 0.0774572
vn 0.00965616 0.000716178 0.023482
v 0.09478 0.0776112 0.0774572
vn -0.00965616 -0.000716178 -0.023482
v 0.0949038 0.077973 0.0769383
vn 0.0154047 0.000716178 0.0201827
v 0.0949038 0.077973 0.0769383
vn -0.0154047 -0.000716178 -0.0201827
v 0.0949003 0.0784275 0.0764778
vn 0.0201035 0.000716178 0.015508
v 0.0949003 0.0784275 0.0764778
vn -0.0201035 -0.000716178 -0.015508
v 0.0947687 0.0789415 0.0761105
vn 0.0234322 0.000716178 0.00977637
v 0.0947687 0.0789415 0.0761105
vn -0.0234322 -0.000716178 -0.00977637
v 0.0932864 0.0774448 0.0794237
vn -0.015508 0.000716178 0.0201035
v 0.0932864 0.0774448 0.0794237
vn 0.015508 -0.000716178 -0.0201035
v 0.094518 0.0794819 0.0758594
vn 0.0251641 0.000716178 0.00337853
v 0.094518 0.0794819 0.0758594
vn -0.0251641 -0.000716178 -0.00337853
v 0.0932571 0.0808924 0.0759336
vn 0.0201827 0.000716178 -0.0154047
v 0.0932571 0.0808924 0.0759336
vn -0.0201827 -0.000716178 0.0154047
v 0.0937352 0.0804914 0.0757686
vn 0.023482 0.000716178 -0.00965616
v 0.0937352 0.0804914 0.0757686
vn -0.023482 -0.000716178 0.00965616
v 0.092763 0.0811863 0.0762274
vn 0.015508 0.000716178 -0.0201035
v 0.092763 0.0811863 0.0762274
vn -0.015508 -0.000716178 0.0201035
v 0.0915128 0.0812664 0.077649
vn -0.00324954 0.000716178 -0.0251811
v 0.0915128 0.0812664 0.077649
vn 0.00324954 -0.000716178 0.0251811
v 0.09127 0.0810201 0.078193
vn -0.00965616 0.000716178 -0.023482
v 0.09127 0.0810201 0.078193
vn 0.00965616 -0.000716178 0.023482
v 0.091145 0.0806579 0.0787136
vn -0.0154047 0.000716178 -0.0201827
v 0.091145 0.0806579 0.0787136
vn 0.0154047 -0.000716178 0.0201827
v 0.0911497 0.0802038 0.0791724
vn -0.0201035 0.000716178 -0.015508
v 0.0911497 0.0802038 0.0791724
vn 0.0201035 -0.000716178 0.015508
v 0.0912807 0.0796896 0.0795405
vn -0.0234322 0.000716178 -0.00977637
v 0.0912807 0.0796896 0.0795405
vn 0.0234322 -0.000716178 0.00977637
v 0.0937629 0.077279 0.0790201
vn -0.00977637 0.000716178 0.0234322
v 0.0937629 0.077279 0.0790201
vn 0.00977637 -0.000716178 -0.0234322
v 0.0918604 0.0813797 0.0771151
vn 0.00337853 0.000716178 -0.0251641
v 0.0918604 0.0813797 0.0771151
vn -0.00337853 -0.000716178 0.0251641
v 0.0922864 0.0813521 0.076631
vn 0.00977637 0.000716178 -0.0234322
v 0.0922864 0.0813521 0.076631
vn -0.00977637 -0.000716178 0.0234322
v 0.0949183 0.080659 0.0764691
vn 0.0250541 0.00264561 -0.00323316
v 0.0949183 0.080659 0.0764691
vn -0.0250541 -0.00264561 0.00323316
v 0.0952589 0.0801484 0.0765815
vn 0.0250372 0.00264561 0.00336148
v 0.0952589 0.0801484 0.0765815
vn -0.0250372 -0.00264561 -0.00336148
v 0.0923717 0.0798268 0.080383
vn -0.0250372 0.00264561 -0.00336148
v 0.0923717 0.0798268 0.080383
vn 0.0250372 -0.00264561 0.00336148
v 0.0927113 0.0793158 0.080497
vn -0.0250541 0.00264561 0.00323316
v 0.0927113 0.0793158 0.080497
vn 0.0250541 -0.00264561 -0.00323316
v 0.0931272 0.0788502 0.0804729
vn -0.0233636 0.00264561 0.00960746
v 0.0931272 0.0788502 0.0804729
vn 0.0233636 -0.00264561 -0.00960746
v 0.0921287 0.0803488 0.0801414
vn -0.0233141 0.00264561 -0.00972706
v 0.0921287 0.0803488 0.0801414
vn 0.0233141 -0.00264561 0.00972706
v 0.094068 0.0781788 0.0800279
vn -0.0154297 0.00264561 0.0200021
v 0.094068 0.0781788 0.0800279
vn 0.0154297 -0.00264561 -0.0200021
v 0.0949409 0.0779916 0.0791695
vn -0.00336148 0.00264561 0.0250372
v 0.0949409 0.0779916 0.0791695
vn 0.00336148 -0.00264561 -0.0250372
v 0.0952767 0.0781009 0.0786538
vn 0.00323316 0.00264561 0.0250541
v 0.0952767 0.0781009 0.0786538
vn -0.00323316 -0.00264561 -0.0250541
v 0.0955122 0.0783389 0.0781273
vn 0.00960746 0.00264561 0.0233636
v 0.0955122 0.0783389 0.0781273
vn -0.00960746 -0.00264561 -0.0233636
v 0.0956324 0.0786895 0.0776242
vn 0.015327 0.00264561 0.0200809
v 0.0956324 0.0786895 0.0776242
vn -0.015327 -0.00264561 -0.0200809
v 0.0956285 0.0791288 0.0771797
vn 0.0200021 0.00264561 0.0154297
v 0.0956285 0.0791288 0.0771797
vn -0.0200021 -0.00264561 -0.0154297
v 0.0955008 0.0796261 0.0768247
vn 0.0233141 0.00264561 0.00972706
v 0.0955008 0.0796261 0.0768247
vn -0.0233141 -0.00264561 -0.00972706
v 0.0945294 0.078018 0.0796374
vn -0.00972706 0.00264561 0.0233141
v 0.0945294 0.078018 0.0796374
vn 0.00972706 -0.00264561 -0.0233141
v 0.0935621 0.0817962 0.0769374
vn 0.0154297 0.00264561 -0.0200021
v 0.0935621 0.0817962 0.0769374
vn -0.0154297 -0.00264561 0.0200021
v 0.0940399 0.081513 0.0766523
vn 0.0200809 0.00264561 -0.015327
v 0.0940399 0.081513 0.0766523
vn -0.0200809 -0.00264561 0.015327
v 0.0931012 0.0819572 0.0773271
vn 0.00972706 0.00264561 -0.0233141
v 0.0931012 0.0819572 0.0773271
vn -0.00972706 -0.00264561 0.0233141
v 0.0923533 0.0818741 0.0783115
vn -0.00323316 0.00264561 -0.0250541
v 0.0923533 0.0818741 0.0783115
vn 0.00323316 -0.00264561 0.0250541
v 0.0921174 0.081636 0.0788388
vn -0.00960746 0.00264561 -0.0233636
v 0.0921174 0.081636 0.0788388
vn 0.00960746 -0.00264561 0.0233636
v 0.0919977 0.0812856 0.0793411
vn -0.015327 0.00264561 -0.0200809
v 0.0919977 0.0812856 0.0793411
vn 0.015327 -0.00264561 0.0200809
v 0.0920016 0.0808462 0.0797857
vn -0.0200021 0.00264561 -0.0154297
v 0.0920016 0.0808462 0.0797857
vn 0.0200021 -0.00264561 0.0154297
v 0.0945023 0.0811247 0.0764932
vn 0.0233636 0.00264561 -0.00960746
v 0.0945023 0.0811247 0.0764932
vn -0.0233636 -0.00264561 0.00960746
v 0.0935907 0.0784622 0.0803122
vn -0.0200809 0.00264561 0.015327
v 0.0935907 0.0784622 0.0803122
vn 0.0200809 -0.00264561 -0.015327
v 0.0926886 0.0819833 0.0777966
vn 0.00336148 0.00264561 -0.0250372
v 0.0926886 0.0819833 0.0777966
vn -0.00336148 -0.00264561 0.0250372
v 0.0956222 0.0812774 0.0772682
vn 0.0247819 0.00455971 -0.00319801
v 0.0956222 0.0812774 0.0772682
vn -0.0247819 -0.00455971 0.00319801
v 0.0959382 0.0808036 0.0773725
vn 0.0247652 0.00455971 0.00332496
v 0.0959382 0.0808036 0.0773725
vn -0.0247652 -0.00455971 -0.00332496
v 0.0961625 0.0803194 0.0775979
vn 0.0230608 0.00455971 0.00962138
v 0.0961625 0.0803194 0.0775979
vn -0.0230608 -0.00455971 -0.00962138
v 0.0932615 0.0805057 0.0808966
vn -0.0247652 0.00455971 -0.00332496
v 0.0932615 0.0805057 0.0808966
vn 0.0247652 -0.00455971 0.00332496
v 0.0930361 0.0809896 0.0806728
vn -0.0230608 0.00455971 -0.00962138
v 0.0930361 0.0809896 0.0806728
vn 0.0230608 -0.00455971 0.00962138
v 0.0935765 0.0800316 0.0810026
vn -0.0247819 0.00455971 0.00319801
v 0.0935765 0.0800316 0.0810026
vn 0.0247819 -0.00455971 -0.00319801
v 0.0939619 0.0796008 0.0809795
vn -0.0231098 0.00455971 0.00950307
v 0.0939619 0.0796008 0.0809795
vn 0.0231098 -0.00455971 -0.00950307
v 0.0948339 0.0789776 0.080568
vn -0.0152621 0.00455971 0.0197848
v 0.0948339 0.0789776 0.080568
vn 0.0152621 -0.00455971 -0.0197848
v 0.0952618 0.0788287 0.0802056
vn -0.00962138 0.00455971 0.0230608
v 0.0952618 0.0788287 0.0802056
vn 0.00962138 -0.00455971 -0.0230608
v 0.0956432 0.0788042 0.0797719
vn -0.00332496 0.00455971 0.0247652
v 0.0956432 0.0788042 0.0797719
vn 0.00332496 -0.00455971 -0.0247652
v 0.0959549 0.0789056 0.0792934
vn 0.00319801 0.00455971 0.0247819
v 0.0959549 0.0789056 0.0792934
vn -0.00319801 -0.00455971 -0.0247819
v 0.0961728 0.0791267 0.0788052
vn 0.00950307 0.00455971 0.0231098
v 0.0961728 0.0791267 0.0788052
vn -0.00950307 -0.00455971 -0.0231098
v 0.0962841 0.0794514 0.0783392
vn 0.0151605 0.00455971 0.0198627
v 0.0962841 0.0794514 0.0783392
vn -0.0151605 -0.00455971 -0.0198627
v 0.0962806 0.0798579 0.0779278
vn 0.0197848 0.00455971 0.0152621
v 0.0962806 0.0798579 0.0779278
vn -0.0197848 -0.00455971 -0.0152621
v 0.0943648 0.0823314 0.0777027
vn 0.0152621 0.00455971 -0.0197848
v 0.0943648 0.0823314 0.0777027
vn -0.0152621 -0.00455971 0.0197848
v 0.0939374 0.0824804 0.0780643
vn 0.00962138 0.00455971 -0.0230608
v 0.0939374 0.0824804 0.0780643
vn -0.00962138 -0.00455971 0.0230608
v 0.0948075 0.0820684 0.0774391
vn 0.0198627 0.00455971 -0.0151605
v 0.0948075 0.0820684 0.0774391
vn -0.0198627 -0.00455971 0.0151605
v 0.0935554 0.0825047 0.0784989
vn 0.00332496 0.00455971 -0.0247652
v 0.0935554 0.0825047 0.0784989
vn -0.00332496 -0.00455971 0.0247652
v 0.0932448 0.0824037 0.0789757
vn -0.00319801 0.00455971 -0.0247819
v 0.0932448 0.0824037 0.0789757
vn 0.00319801 -0.00455971 0.0247819
v 0.0930264 0.0821824 0.0794647
vn -0.00950307 0.00455971 -0.0231098
v 0.0930264 0.0821824 0.0794647
vn 0.00950307 -0.00455971 0.0231098
v 0.092915 0.0818577 0.0799307
vn -0.0151605 0.00455971 -0.0198627
v 0.092915 0.0818577 0.0799307
vn 0.0151605 -0.00455971 0.0198627
v 0.092918 0.081451 0.080343
vn -0.0197848 0.00455971 -0.0152621
v 0.092918 0.081451 0.080343
vn 0.0197848 -0.00455971 0.0152621
v 0.0952362 0.081709 0.0772911
vn 0.0231098 0.00455971 -0.00950307
v 0.0952362 0.081709 0.0772911
vn -0.0231098 -0.00455971 0.00950307
v 0.0943917 0.0792407 0.0808308
vn -0.0198627 0.00455971 0.0151605
v 0.0943917 0.0792407 0.0808308
vn 0.0198627 -0.00455971 -0.0151605
v 0.0959338 0.0822396 0.0781556
vn 0.022722 0.00644738 -0.00934362
v 0.0959338 0.0822396 0.0781556
vn -0.022722 -0.00644738 0.00934362
v 0.0965508 0.0814429 0.0782283
vn 0.0243496 0.00644738 0.00326918
v 0.0965508 0.0814429 0.0782283
vn -0.0243496 -0.00644738 -0.00326918
v 0.0967481 0.0810177 0.0784259
vn 0.0226738 0.00644738 0.00945992
v 0.0967481 0.0810177 0.0784259
vn -0.0226738 -0.00644738 -0.00945992
v 0.0941956 0.0811817 0.0813281
vn -0.0243496 0.00644738 -0.00326918
v 0.0941956 0.0811817 0.0813281
vn 0.0243496 -0.00644738 0.00326918
v 0.0939983 0.0816069 0.0811305
vn -0.0226738 0.00644738 -0.00945992
v 0.0939983 0.0816069 0.0811305
vn 0.0226738 -0.00644738 0.00945992
v 0.0944734 0.0807642 0.0814209
vn -0.0243661 0.00644738 0.00314437
v 0.0944734 0.0807642 0.0814209
vn 0.0243661 -0.00644738 -0.00314437
v 0.0951897 0.0800684 0.0812708
vn -0.0195294 0.00644738 0.0149061
v 0.0951897 0.0800684 0.0812708
vn 0.0195294 -0.00644738 -0.0149061
v 0.0955799 0.079837 0.0810381
vn -0.015006 0.00644738 0.0194528
v 0.0955799 0.079837 0.0810381
vn 0.015006 -0.00644738 -0.0194528
v 0.095955 0.0797065 0.0807204
vn -0.00945992 0.00644738 0.0226738
v 0.095955 0.0797065 0.0807204
vn 0.00945992 -0.00644738 -0.0226738
v 0.0962917 0.0796843 0.0803382
vn -0.00326918 0.00644738 0.0243496
v 0.0962917 0.0796843 0.0803382
vn 0.00326918 -0.00644738 -0.0243496
v 0.0965649 0.0797738 0.0799181
vn 0.00314437 0.00644738 0.0243661
v 0.0965649 0.0797738 0.0799181
vn -0.00314437 -0.00644738 -0.0243661
v 0.0967567 0.0799683 0.0794885
vn 0.00934362 0.00644738 0.022722
v 0.0967567 0.0799683 0.0794885
vn -0.00934362 -0.00644738 -0.022722
v 0.0968551 0.0802538 0.0790783
vn 0.0149061 0.00644738 0.0195294
v 0.0968551 0.0802538 0.0790783
vn -0.0149061 -0.00644738 -0.0195294
v 0.0968521 0.0806115 0.0787161
vn 0.0194528 0.00644738 0.015006
v 0.0968521 0.0806115 0.0787161
vn -0.0194528 -0.00644738 -0.015006
v 0.0951665 0.0827876 0.0785182
vn 0.015006 0.00644738 -0.0194528
v 0.0951665 0.0827876 0.0785182
vn -0.015006 -0.00644738 0.0194528
v 0.0947903 0.0829187 0.0788366
vn 0.00945992 0.00644738 -0.0226738
v 0.0947903 0.0829187 0.0788366
vn -0.00945992 -0.00644738 0.0226738
v 0.0944547 0.0829403 0.0792182
vn 0.00326918 0.00644738 -0.0243496
v 0.0944547 0.0829403 0.0792182
vn -0.00326918 -0.00644738 0.0243496
v 0.0955561 0.082556 0.0782863
vn 0.0195294 0.00644738 -0.0149061
v 0.0955561 0.082556 0.0782863
vn -0.0195294 -0.00644738 0.0149061
v 0.0941815 0.0828507 0.0796382
vn -0.00314437 0.00644738 -0.0243661
v 0.0941815 0.0828507 0.0796382
vn 0.00314437 -0.00644738 0.0243661
v 0.0939892 0.0826561 0.0800687
vn -0.00934362 0.00644738 -0.022722
v 0.0939892 0.0826561 0.0800687
vn 0.00934362 -0.00644738 0.022722
v 0.0938913 0.0823708 0.080478
vn -0.0149061 0.00644738 -0.0195294
v 0.0938913 0.0823708 0.080478
vn 0.0149061 -0.00644738 0.0195294
v 0.0938943 0.0820131 0.0808403
vn -0.0194528 0.00644738 -0.015006
v 0.0938943 0.0820131 0.0808403
vn 0.0194528 -0.00644738 0.015006
v 0.0962725 0.0818602 0.0781363
vn 0.0243661 0.00644738 -0.00314437
v 0.0962725 0.0818602 0.0781363
vn -0.0243661 -0.00644738 0.00314437
v 0.0948126 0.080385 0.0814007
vn -0.022722 0.00644738 0.00934362
v 0.0948126 0.080385 0.0814007
vn 0.022722 -0.00644738 -0.00934362
v 0.0968657 0.0824042 0.079068
vn 0.023809 0.00829767 -0.00307247
v 0.0968657 0.0824042 0.079068
vn -0.023809 -0.00829767 0.00307247
v 0.0962809 0.0829727 0.07919
vn 0.019083 0.00829767 -0.0145653
v 0.0962809 0.0829727 0.07919
vn -0.019083 -0.00829767 0.0145653
v 0.0970932 0.0820639 0.0791423
vn 0.0237929 0.00829767 0.00319443
v 0.0970932 0.0820639 0.0791423
vn -0.0237929 -0.00829767 -0.00319443
v 0.097254 0.0817166 0.079304
vn 0.0221554 0.00829767 0.00924365
v 0.097254 0.0817166 0.079304
vn -0.0221554 -0.00829767 -0.00924365
v 0.0951696 0.0818499 0.0816747
vn -0.0237929 0.00829767 -0.00319443
v 0.0951696 0.0818499 0.0816747
vn 0.0237929 -0.00829767 0.00319443
v 0.0950076 0.0821979 0.0815137
vn -0.0221554 0.00829767 -0.00924365
v 0.0950076 0.0821979 0.0815137
vn 0.0221554 -0.00829767 0.00924365
v 0.0953965 0.0815094 0.0817499
vn -0.023809 0.00829767 0.00307247
v 0.0953965 0.0815094 0.0817499
vn 0.023809 -0.00829767 -0.00307247
v 0.0956736 0.0811996 0.0817335
vn -0.0222025 0.00829767 0.00913
v 0.0956736 0.0811996 0.0817335
vn 0.0222025 -0.00829767 -0.00913
v 0.0963001 0.0807518 0.0814379
vn -0.0146629 0.00829767 0.0190081
v 0.0963001 0.0807518 0.0814379
vn 0.0146629 -0.00829767 -0.0190081
v 0.0966072 0.0806447 0.081178
vn -0.00924365 0.00829767 0.0221554
v 0.0966072 0.0806447 0.081178
vn 0.00924365 -0.00829767 -0.0221554
v 0.0968815 0.0806278 0.0808654
vn -0.00319443 0.00829767 0.0237929
v 0.0968815 0.0806278 0.0808654
vn 0.00319443 -0.00829767 -0.0237929
v 0.0971043 0.0807006 0.080523
vn 0.00307247 0.00829767 0.023809
v 0.0971043 0.0807006 0.080523
vn -0.00307247 -0.00829767 -0.023809
v 0.0972616 0.0808587 0.0801721
vn 0.00913 0.00829767 0.0222025
v 0.0972616 0.0808587 0.0801721
vn -0.00913 -0.00829767 -0.0222025
v 0.0973417 0.0810921 0.0798371
vn 0.0145653 0.00829767 0.019083
v 0.0973417 0.0810921 0.0798371
vn -0.0145653 -0.00829767 -0.019083
v 0.097339 0.081385 0.0795409
vn 0.0190081 0.00829767 0.0146629
v 0.097339 0.081385 0.0795409
vn -0.0190081 -0.00829767 -0.0146629
v 0.0959626 0.083162 0.0793792
vn 0.0146629 0.00829767 -0.0190081
v 0.0959626 0.083162 0.0793792
vn -0.0146629 -0.00829767 0.0190081
v 0.0956556 0.083269 0.079639
vn 0.00924365 0.00829767 -0.0221554
v 0.0956556 0.083269 0.079639
vn -0.00924365 -0.00829767 0.0221554
v 0.0953818 0.0832862 0.0799508
vn 0.00319443 0.00829767 -0.0237929
v 0.0953818 0.0832862 0.0799508
vn -0.00319443 -0.00829767 0.0237929
v 0.0951584 0.0832131 0.0802941
vn -0.00307247 0.00829767 -0.023809
v 0.0951584 0.0832131 0.0802941
vn 0.00307247 -0.00829767 0.023809
v 0.0950006 0.0830549 0.0806458
vn -0.00913 0.00829767 -0.0222025
v 0.0950006 0.0830549 0.0806458
vn 0.00913 -0.00829767 0.0222025
v 0.0949205 0.0828215 0.0809808
vn -0.0145653 0.00829767 -0.019083
v 0.0949205 0.0828215 0.0809808
vn 0.0145653 -0.00829767 0.019083
v 0.0949232 0.0825286 0.081277
vn -0.0190081 0.00829767 -0.0146629
v 0.0949232 0.0825286 0.081277
vn 0.0190081 -0.00829767 0.0146629
v 0.0965891 0.0827142 0.0790836
vn 0.0222025 0.00829767 -0.00913
v 0.0965891 0.0827142 0.0790836
vn -0.0222025 -0.00829767 0.00913
v 0.0959819 0.0809411 0.0816271
vn -0.019083 0.00829767 0.0145653
v 0.0959819 0.0809411 0.0816271
vn 0.019083 -0.00829767 -0.0145653
v 0.0973984 0.0829067 0.0800569
vn 0.023114 0.0100999 -0.00298278
v 0.0973984 0.0829067 0.0800569
vn -0.023114 -0.0100999 0.00298278
v 0.0975624 0.0826613 0.0801105
vn 0.0230984 0.0100999 0.00310118
v 0.0975624 0.0826613 0.0801105
vn -0.0230984 -0.0100999 -0.00310118
v 0.0969777 0.0833158 0.0801445
vn 0.0185259 0.0100999 -0.0141401
v 0.0969777 0.0833158 0.0801445
vn -0.0185259 -0.0100999 0.0141401
v 0.0967482 0.0834516 0.0802816
vn 0.0142349 0.0100999 -0.0184532
v 0.0967482 0.0834516 0.0802816
vn -0.0142349 -0.0100999 0.0184532
v 0.0976781 0.0824109 0.0802274
vn 0.0215087 0.0100999 0.00897382
v 0.0976781 0.0824109 0.0802274
vn -0.0215087 -0.0100999 -0.00897382
v 0.0961773 0.0825079 0.0819333
vn -0.0230984 0.0100999 -0.00310118
v 0.0961773 0.0825079 0.0819333
vn 0.0230984 -0.0100999 0.00310118
v 0.0960605 0.082758 0.0818181
vn -0.0215087 0.0100999 -0.00897382
v 0.0960605 0.082758 0.0818181
vn 0.0215087 -0.0100999 0.00897382
v 0.0963403 0.0822621 0.0819886
vn -0.023114 0.0100999 0.00298278
v 0.0963403 0.0822621 0.0819886
vn 0.023114 -0.0100999 -0.00298278
v 0.0965395 0.0820394 0.0819767
vn -0.0215544 0.0100999 0.00886348
v 0.0965395 0.0820394 0.0819767
vn 0.0215544 -0.0100999 -0.00886348
v 0.0969909 0.0817174 0.081763
vn -0.0142349 0.0100999 0.0184532
v 0.0969909 0.0817174 0.081763
vn 0.0142349 -0.0100999 -0.0184532
v 0.0972122 0.0816399 0.0815762
vn -0.00897382 0.0100999 0.0215087
v 0.0972122 0.0816399 0.0815762
vn 0.00897382 -0.0100999 -0.0215087
v 0.0974096 0.0816274 0.0813515
vn -0.00310118 0.0100999 0.0230984
v 0.0974096 0.0816274 0.0813515
vn 0.00310118 -0.0100999 -0.0230984
v 0.0975708 0.0816799 0.081104
vn 0.00298278 0.0100999 0.023114
v 0.0975708 0.0816799 0.081104
vn -0.00298278 -0.0100999 -0.023114
v 0.0976835 0.0817942 0.0808516
vn 0.00886348 0.0100999 0.0215544
v 0.0976835 0.0817942 0.0808516
vn -0.00886348 -0.0100999 -0.0215544
v 0.0977413 0.0819622 0.0806103
vn 0.0141401 0.0100999 0.0185259
v 0.0977413 0.0819622 0.0806103
vn -0.0141401 -0.0100999 -0.0185259
v 0.0977394 0.0821724 0.0803975
vn 0.0184532 0.0100999 0.0142349
v 0.0977394 0.0821724 0.0803975
vn -0.0184532 -0.0100999 -0.0142349
v 0.096527 0.0835291 0.0804685
vn 0.00897382 0.0100999 -0.0215087
v 0.096527 0.0835291 0.0804685
vn -0.00897382 -0.0100999 0.0215087
v 0.0963295 0.0835416 0.0806931
vn 0.00310118 0.0100999 -0.0230984
v 0.0963295 0.0835416 0.0806931
vn -0.00310118 -0.0100999 0.0230984
v 0.0961689 0.0834893 0.0809398
vn -0.00298278 0.0100999 -0.023114
v 0.0961689 0.0834893 0.0809398
vn 0.00298278 -0.0100999 0.023114
v 0.0960557 0.0833749 0.081193
vn -0.00886348 0.0100999 -0.0215544
v 0.0960557 0.0833749 0.081193
vn 0.00886348 -0.0100999 0.0215544
v 0.0959984 0.083207 0.0814335
vn -0.0141401 0.0100999 -0.0185259
v 0.0959984 0.083207 0.0814335
vn 0.0141401 -0.0100999 0.0185259
v 0.0959998 0.0829966 0.0816471
vn -0.0184532 0.0100999 -0.0142349
v 0.0959998 0.0829966 0.0816471
vn 0.0184532 -0.0100999 0.0142349
v 0.0971991 0.0831294 0.0800688
vn 0.0215544 0.0100999 -0.00886348
v 0.0971991 0.0831294 0.0800688
vn -0.0215544 -0.0100999 0.00886348
v 0.096762 0.0818534 0.0818993
vn -0.0185259 0.0100999 0.0141401
v 0.096762 0.0818534 0.0818993
vn 0.0185259 -0.0100999 -0.0141401
v 0.0978144 0.0833122 0.0809807
vn 0.01748 0.01829 -0.00225574
v 0.0978144 0.0833122 0.0809807
vn -0.01748 -0.01829 0.00225574
v 0.0979106 0.0831682 0.0810122
vn 0.0174682 0.01829 0.00234528
v 0.0979106 0.0831682 0.0810122
vn -0.0174682 -0.01829 -0.00234528
v 0.0979784 0.0830208 0.0810814
vn 0.016266 0.01829 0.00678646
v 0.0979784 0.0830208 0.0810814
vn -0.016266 -0.01829 -0.00678646
v 0.0975665 0.0835538 0.0810318
vn 0.0140102 0.01829 -0.0106935
v 0.0975665 0.0835538 0.0810318
vn -0.0140102 -0.01829 0.0106935
v 0.0974307 0.0836336 0.0811135
vn 0.0107652 0.01829 -0.0139552
v 0.0974307 0.0836336 0.0811135
vn -0.0107652 -0.01829 0.0139552
v 0.0973012 0.0836786 0.0812232
vn 0.00678646 0.01829 -0.016266
v 0.0973012 0.0836786 0.0812232
vn -0.00678646 -0.01829 0.016266
v 0.0970951 0.0830777 0.0820855
vn -0.0174682 0.01829 -0.00234528
v 0.0970951 0.0830777 0.0820855
vn 0.0174682 -0.01829 0.00234528
v 0.0970268 0.0832249 0.0820172
vn -0.016266 0.01829 -0.00678646
v 0.0970268 0.0832249 0.0820172
vn 0.016266 -0.01829 0.00678646
v 0.0971908 0.0829336 0.0821178
vn -0.01748 0.01829 0.00225574
v 0.0971908 0.0829336 0.0821178
vn 0.01748 -0.01829 -0.00225574
v 0.097309 0.0828019 0.0821104
vn -0.0163005 0.01829 0.00670302
v 0.097309 0.0828019 0.0821104
vn 0.0163005 -0.01829 -0.00670302
v 0.0975745 0.0826121 0.0819851
vn -0.0107652 0.01829 0.0139552
v 0.0975745 0.0826121 0.0819851
vn 0.0107652 -0.01829 -0.0139552
v 0.097704 0.0825671 0.0818753
vn -0.00678646 0.01829 0.016266
v 0.097704 0.0825671 0.0818753
vn 0.00678646 -0.01829 -0.016266
v 0.0978208 0.0825599 0.0817424
vn -0.00234528 0.01829 0.0174682
v 0.0978208 0.0825599 0.0817424
vn 0.00234528 -0.01829 -0.0174682
v 0.0979156 0.0825903 0.0815972
vn 0.00225574 0.01829 0.01748
v 0.0979156 0.0825903 0.0815972
vn -0.00225574 -0.01829 -0.01748
v 0.0979815 0.0826581 0.0814486
vn 0.00670302 0.01829 0.0163005
v 0.0979815 0.0826581 0.0814486
vn -0.00670302 -0.01829 -0.0163005
v 0.0980158 0.0827564 0.0813068
vn 0.0106935 0.01829 0.0140102
v 0.0980158 0.0827564 0.0813068
vn -0.0106935 -0.01829 -0.0140102
v 0.0980144 0.0828809 0.0811812
vn 0.0139552 0.01829 0.0107652
v 0.0980144 0.0828809 0.0811812
vn -0.0139552 -0.01829 -0.0107652
v 0.0971855 0.0836862 0.0813545
vn 0.00234528 0.01829 -0.0174682
v 0.0971855 0.0836862 0.0813545
vn -0.00234528 -0.01829 0.0174682
v 0.0970902 0.0836556 0.0815005
vn -0.00225574 0.01829 -0.01748
v 0.0970902 0.0836556 0.0815005
vn 0.00225574 -0.01829 0.01748
v 0.0970243 0.0835878 0.0816491
vn -0.00670302 0.01829 -0.0163005
v 0.0970243 0.0835878 0.0816491
vn 0.00670302 -0.01829 0.0163005
v 0.0969894 0.0834893 0.0817918
vn -0.0106935 0.01829 -0.0140102
v 0.0969894 0.0834893 0.0817918
vn 0.0106935 -0.01829 0.0140102
v 0.0969914 0.0833651 0.0819165
vn -0.0139552 0.01829 -0.0107652
v 0.0969914 0.0833651 0.0819165
vn 0.0139552 -0.01829 0.0107652
v 0.0976968 0.0834441 0.0809873
vn 0.0163005 0.01829 -0.00670302
v 0.0976968 0.0834441 0.0809873
vn -0.0163005 -0.01829 0.00670302
v 0.0974398 0.0826923 0.0820651
vn -0.0140102 0.01829 0.0106935
v 0.0974398 0.0826923 0.0820651
vn 0.0140102 -0.01829 -0.0106935
v 0.089403 0.0760698 0.0755906
vn -0.0204288 0.0125401 0.00840067
v 0.0966071 0.082333 0.0808422
vn -0.0219016 0.0125496 0.00282638
v 0.0892777 0.0762101 0.0755977
vn -0.0219016 0.0125496 0.00282638
v 0.0966271 0.0823206 0.0808307
vn -0.00416293 0.00939975 0.0232266
v 0.0898272 0.0758177 0.075338
vn -0.00850772 0.0125286 0.0203915
v 0.0899149 0.0758118 0.0752386
vn -0.00578522 0.0124478 0.0213716
v 0.0899526 0.0758093 0.0751958
vn -0.0029409 0.0125314 0.0218969
v 0.0966303 0.0823217 0.0808257
vn 0.0028262 0.0125374 0.0219086
v 0.0900538 0.0758429 0.0750398
vn 0.0028262 0.0125374 0.0219086
v 0.096633 0.0823236 0.0808206
vn 0.00839934 0.0125458 0.0204258
v 0.0901256 0.0759146 0.0748801
vn 0.00839934 0.0125458 0.0204258
v 0.0900489 0.0764628 0.0744117
vn 0.0218617 0.012594 0.00293523
v 0.0966328 0.0823355 0.0808086
vn 0.0203637 0.0125815 0.00849619
v 0.0901222 0.0763042 0.0744857
vn 0.0203637 0.0125815 0.00849619
v 0.0966235 0.0823494 0.0808055
vn 0.0203894 0.0126148 -0.00838437
v 0.0899456 0.0766174 0.074378
vn 0.0218701 0.0126054 -0.0028222
v 0.0898193 0.0767584 0.0743857
vn 0.0203894 0.0126148 -0.00838437
v 0.0966306 0.0823408 0.0808058
vn 0.0218617 0.012594 0.00293523
v 0.096602 0.0823543 0.0808265
vn -0.00838571 0.0126091 -0.0203924
v 0.089169 0.0769845 0.0749367
vn -0.00282141 0.0126177 -0.0218631
v 0.0890978 0.0769129 0.0750955
vn -0.00838571 0.0126091 -0.0203924
v 0.0891749 0.0763649 0.0755631
vn -0.0218804 0.0125609 -0.00293761
v 0.0966021 0.0823423 0.0808385
vn -0.020368 0.0125734 -0.00849783
v 0.0891006 0.0765231 0.0754907
vn -0.020368 0.0125734 -0.00849783
v 0.0966043 0.0823371 0.0808413
vn -0.0218804 0.0125609 -0.00293761
v 0.0966114 0.0823284 0.0808416
vn -0.0204288 0.0125401 0.00840067
v 0.0966244 0.0823207 0.0808338
vn -0.00850772 0.0125286 0.0203915
v 0.0966279 0.0823449 0.0808049
vn 0.0218701 0.0126054 -0.0028222
v 0.0966197 0.0823532 0.0808063
vn 0.0175215 0.0126217 -0.0133735
v 0.0896793 0.0768758 0.074434
vn 0.0175215 0.0126217 -0.0133735
v 0.0966149 0.0823556 0.0808097
vn 0.0134617 0.0126257 -0.0174509
v 0.0895342 0.0769617 0.0745207
vn 0.0134617 0.0126257 -0.0174509
v 0.0966047 0.0823562 0.0808214
vn -0.00282141 0.0126177 -0.0218631
v 0.0966244 0.0823207 0.0808338
vn -0.00850772 0.0125286 0.0203915
v 0.0896886 0.0758657 0.0754558
vn -0.0134953 0.0125292 0.0174945
v 0.0898272 0.0758177 0.075338
vn -0.00850772 0.0125286 0.0203915
v 0.0966196 0.0823221 0.0808382
vn -0.0134953 0.0125292 0.0174945
v 0.089543 0.0759523 0.0755423
vn -0.0175616 0.0125331 0.0134042
v 0.0966114 0.0823284 0.0808416
vn -0.0204288 0.0125401 0.00840067
v 0.089403 0.0760698 0.0755906
vn -0.0204288 0.0125401 0.00840067
v 0.0966345 0.0823311 0.0808111
vn 0.0174766 0.0125688 0.0134816
v 0.090162 0.0760206 0.0747279
vn 0.013396 0.0125566 0.017551
v 0.0901605 0.076154 0.0745933
vn 0.0174766 0.0125688 0.0134816
v 0.096634 0.0823269 0.0808159
vn 0.013396 0.0125566 0.017551
v 0.0901256 0.0759146 0.0748801
vn 0.00839934 0.0125458 0.0204258
v 0.0966328 0.0823355 0.0808086
vn 0.0203637 0.0125815 0.00849619
v 0.0901222 0.0763042 0.0744857
vn 0.0203637 0.0125815 0.00849619
v 0.0966106 0.0823571 0.0808133
vn 0.00848628 0.0126263 -0.0203401
v 0.0895342 0.0769617 0.0745207
vn 0.0134617 0.0126257 -0.0174509
v 0.0893955 0.0770096 0.0746385
vn 0.00848628 0.0126263 -0.0203401
v 0.0966068 0.0823569 0.0808181
vn 0.00293288 0.0126235 -0.021845
v 0.0892702 0.077018 0.0747806
vn 0.00293288 0.0126235 -0.021845
v 0.0966047 0.0823562 0.0808214
vn -0.00282141 0.0126177 -0.0218631
v 0.089169 0.0769845 0.0749367
vn -0.00282141 0.0126177 -0.0218631
v 0.096601 0.0823509 0.0808312
vn -0.0133817 0.0125984 -0.017532
v 0.0890978 0.0769129 0.0750955
vn -0.00838571 0.0126091 -0.0203924
v 0.0890613 0.0768069 0.0752477
vn -0.0133817 0.0125984 -0.017532
v 0.096601 0.082347 0.0808352
vn -0.0174688 0.0125862 -0.0134754
v 0.0890629 0.0766735 0.0753823
vn -0.0174688 0.0125862 -0.0134754
v 0.0966021 0.0823423 0.0808385
vn -0.020368 0.0125734 -0.00849783
v 0.0891006 0.0765231 0.0754907
vn -0.020368 0.0125734 -0.00849783
v 0.0966158 0.0823249 0.08084
vn -0.0175616 0.0125331 0.0134042
v 0.096633 0.0823236 0.0808206
vn 0.00839934 0.0125458 0.0204258
v 0.0966149 0.0823556 0.0808097
vn 0.0134617 0.0126257 -0.0174509
v 0.096602 0.0823543 0.0808265
vn -0.00838571 0.0126091 -0.0203924
v 0.127945 -0.0468674 0.145304
vn 0.00618347 0.0101617 0.0224425
v 0.112667 -0.0199038 0.11648
vn 0.0232655 0.00792356 -0.00641027
v 0.116679 -0.0170342 0.128348
vn 0.0232655 0.00792356 -0.00641027
v 0.127778 -0.0599166 0.139222
vn 0.00618347 0.0101617 0.0224425
v 0.116679 -0.0170342 0.128348
vn -0.0232655 -0.00792356 0.00641027
v 0.112667 -0.0199038 0.11648
vn -0.0232655 -0.00792356 0.00641027
v 0.127945 -0.0468674 0.145304
vn -0.00618347 -0.0101617 -0.0224425
v 0.127778 -0.0599166 0.139222
vn -0.00618347 -0.0101617 -0.0224425
v 0.0945249 -0.0113107 0.129513
vn 0.0152921 0.0042814 -0.0198237
v 0.116679 -0.0170342 0.128348
vn 0.0232655 0.00792356 -0.00641027
v 0.112667 -0.0199038 0.11648
vn 0.0232655 0.00792356 -0.00641027
v 0.112667 -0.0199038 0.11648
vn -0.0232655 -0.00792356 0.00641027
v 0.116679 -0.0170342 0.128348
vn -0.0232655 -0.00792356 0.00641027
v 0.0945249 -0.0113107 0.129513
vn -0.0152921 -0.0042814 0.0198237
v 0.116679 -0.0170342 0.128348
vn 0.0232655 0.00792356 -0.00641027
v 0.128539 -0.0463628 0.145798
vn 0.00518705 0.016243 0.018826
v 0.127945 -0.0468674 0.145304
vn 0.00618347 0.0101617 0.0224425
v 0.127945 -0.0468674 0.145304
vn -0.00618347 -0.0101617 -0.0224425
v 0.128539 -0.0463628 0.145798
vn -0.00518705 -0.016243 -0.018826
v 0.116679 -0.0170342 0.128348
vn -0.0232655 -0.00792356 0.00641027
v 0.127945 -0.0468674 0.145304
vn 0.00618347 0.0101617 0.0224425
v 0.0952611 -0.0445151 0.162582
vn -0.0152921 0.0042814 0.0198237
v 0.127778 -0.0599166 0.139222
vn 0.00618347 0.0101617 0.0224425
v 0.127778 -0.0599166 0.139222
vn -0.00618347 -0.0101617 -0.0224425
v 0.0952611 -0.0445151 0.162582
vn 0.0152921 -0.0042814 -0.0198237
v 0.127945 -0.0468674 0.145304
vn -0.00618347 -0.0101617 -0.0224425
v 0.127778 -0.0599166 0.139222
vn 0.00618347 0.0101617 0.0224425
v 0.111125 -0.0212149 0.115198
vn 0.0207593 -0.013472 -0.00571973
v 0.112667 -0.0199038 0.11648
vn 0.0232655 0.00792356 -0.00641027
v 0.112667 -0.0199038 0.11648
vn -0.0232655 -0.00792356 0.00641027
v 0.111125 -0.0212149 0.115198
vn -0.0207593 0.013472 0.00571973
v 0.127778 -0.0599166 0.139222
vn -0.00618347 -0.0101617 -0.0224425
v 0.0977211 -0.00805495 0.141967
vn 0.0152921 0.0042814 -0.0198237
v 0.0977211 -0.00805495 0.141967
vn -0.0152921 -0.0042814 0.0198237
v 0.112667 -0.0199038 0.11648
vn 0.0232655 0.00792356 -0.00641027
v 0.0929828 -0.0126218 0.128231
vn 0.0138763 -0.0113592 -0.0179883
v 0.0945249 -0.0113107 0.129513
vn 0.0152921 0.0042814 -0.0198237
v 0.0945249 -0.0113107 0.129513
vn -0.0152921 -0.0042814 0.0198237
v 0.0929828 -0.0126218 0.128231
vn -0.0138763 0.0113592 0.0179883
v 0.112667 -0.0199038 0.11648
vn -0.0232655 -0.00792356 0.00641027
v 0.117272 -0.0165297 0.128842
vn 0.0207593 0.013472 -0.00571973
v 0.117272 -0.0165297 0.128842
vn -0.0207593 -0.013472 0.00571973
v 0.101987 -0.0337868 0.164872
vn -0.0138763 0.0113592 0.0179883
v 0.127945 -0.0468674 0.145304
vn 0.00618347 0.0101617 0.0224425
v 0.128539 -0.0463628 0.145798
vn 0.00518705 0.016243 0.018826
v 0.128539 -0.0463628 0.145798
vn -0.00518705 -0.016243 -0.018826
v 0.127945 -0.0468674 0.145304
vn -0.00618347 -0.0101617 -0.0224425
v 0.101987 -0.0337868 0.164872
vn 0.0138763 -0.0113592 -0.0179883
v 0.101394 -0.0342913 0.164379
vn -0.0152921 0.0042814 0.0198237
v 0.101394 -0.0342913 0.164379
vn 0.0152921 -0.0042814 -0.0198237
v 0.0952611 -0.0445151 0.162582
vn -0.0152921 0.0042814 0.0198237
v 0.126236 -0.0612277 0.137939
vn 0.00518705 -0.016243 0.018826
v 0.127778 -0.0599166 0.139222
vn 0.00618347 0.0101617 0.0224425
v 0.127778 -0.0599166 0.139222
vn -0.00618347 -0.0101617 -0.0224425
v 0.126236 -0.0612277 0.137939
vn -0.00518705 0.016243 -0.018826
v 0.0952611 -0.0445151 0.162582
vn 0.0152921 -0.0042814 -0.0198237
v 0.126236 -0.0612277 0.137939
vn 0.00518705 -0.016243 0.018826
v 0.126236 -0.0612277 0.137939
vn -0.00518705 0.016243 -0.018826
v 0.111125 -0.0212149 0.115198
vn 0.0207593 -0.013472 -0.00571973
v 0.111125 -0.0212149 0.115198
vn -0.0207593 0.013472 0.00571973
v 0.0903349 -0.00932542 0.132523
vn 0.0152921 0.0042814 -0.0198237
v 0.0903349 -0.00932542 0.132523
vn -0.0152921 -0.0042814 0.0198237
v 0.0977211 -0.00805495 0.141967
vn 0.0152921 0.0042814 -0.0198237
v 0.117272 -0.0165297 0.128842
vn 0.0207593 0.013472 -0.00571973
v 0.116679 -0.0170342 0.128348
vn 0.0232655 0.00792356 -0.00641027
v 0.116679 -0.0170342 0.128348
vn -0.0232655 -0.00792356 0.00641027
v 0.117272 -0.0165297 0.128842
vn -0.0207593 -0.013472 0.00571973
v 0.0977211 -0.00805495 0.141967
vn -0.0152921 -0.0042814 0.0198237
v 0.0887929 -0.0106365 0.131241
vn 0.0138763 -0.0113592 -0.0179883
v 0.0887929 -0.0106365 0.131241
vn -0.0138763 0.0113592 0.0179883
v 0.117272 -0.0165297 0.128842
vn -0.0207593 -0.013472 0.00571973
v 0.128539 -0.0463628 0.145798
vn -0.00518705 -0.016243 -0.018826
v 0.0983145 -0.00755043 0.142461
vn -0.0138763 -0.0113592 0.0179883
v 0.101394 -0.0342913 0.164379
vn -0.0152921 0.0042814 0.0198237
v 0.101394 -0.0342913 0.164379
vn 0.0152921 -0.0042814 -0.0198237
v 0.101987 -0.0337868 0.164872
vn 0.0138763 -0.0113592 -0.0179883
v 0.0754369 -0.0212114 0.183946
vn 0.019526 -0.016243 0.000237836
v 0.0748435 -0.0217159 0.183453
vn -0.023277 0.0101617 -0.000283525
v 0.0748435 -0.0217159 0.183453
vn 0.023277 -0.0101617 0.000283525
v 0.093719 -0.0458262 0.1613
vn -0.0138763 -0.0113592 0.0179883
v 0.093719 -0.0458262 0.1613
vn 0.0138763 0.0113592 -0.0179883
v 0.126236 -0.0612277 0.137939
vn 0.00518705 -0.016243 0.018826
v 0.110449 -0.0219236 0.116735
vn 0 -0.0254 0
v 0.111125 -0.0212149 0.115198
vn 0.0207593 -0.013472 -0.00571973
v 0.111125 -0.0212149 0.115198
vn -0.0207593 0.013472 0.00571973
v 0.110449 -0.0219236 0.116735
vn 0 0.0254 0
v 0.126236 -0.0612277 0.137939
vn -0.00518705 0.016243 -0.018826
v 0.0929828 -0.0126218 0.128231
vn 0.0138763 -0.0113592 -0.0179883
v 0.0929828 -0.0126218 0.128231
vn -0.0138763 0.0113592 0.0179883
v 0.0787632 0.000924288 0.155587
vn 0.00029392 0.00792356 -0.0241307
v 0.0787632 0.000924288 0.155587
vn -0.00029392 -0.00792356 0.0241307
v 0.0903349 -0.00932542 0.132523
vn 0.0152921 0.0042814 -0.0198237
v 0.0903349 -0.00932542 0.132523
vn -0.0152921 -0.0042814 0.0198237
v 0.0983145 -0.00755043 0.142461
vn 0.0138763 0.0113592 -0.0179883
v 0.0983145 -0.00755043 0.142461
vn -0.0138763 -0.0113592 0.0179883
v 0.0931378 -0.0137246 0.129173
vn 0 -0.0254 0
v 0.0887929 -0.0106365 0.131241
vn 0.0138763 -0.0113592 -0.0179883
v 0.0887929 -0.0106365 0.131241
vn -0.0138763 0.0113592 0.0179883
v 0.0931378 -0.0137246 0.129173
vn 0 0.0254 0
v 0.0793566 0.00142881 0.15608
vn -0.000262259 -0.013472 0.0215313
v 0.0754369 -0.0212114 0.183946
vn -0.019526 0.016243 -0.000237836
v 0.0754369 -0.0212114 0.183946
vn 0.019526 -0.016243 0.000237836
v 0.0627448 -0.0291132 0.185941
vn -0.023277 0.0101617 -0.000283525
v 0.0627448 -0.0291132 0.185941
vn 0.023277 -0.0101617 0.000283525
v 0.0748435 -0.0217159 0.183453
vn -0.023277 0.0101617 -0.000283525
v 0.0748435 -0.0217159 0.183453
vn 0.023277 -0.0101617 0.000283525
v 0.0627448 -0.0291132 0.185941
vn -0.023277 0.0101617 -0.000283525
v 0.0627448 -0.0291132 0.185941
vn 0.023277 -0.0101617 0.000283525
v 0.0935652 -0.0447241 0.160358
vn 0 -0.0254 0
v 0.093719 -0.0458262 0.1613
vn -0.0138763 -0.0113592 0.0179883
v 0.093719 -0.0458262 0.1613
vn 0.0138763 0.0113592 -0.0179883
v 0.0935652 -0.0447241 0.160358
vn 0 0.0254 0
v 0.124613 -0.0594297 0.138053
vn 0 -0.0254 0
v 0.124613 -0.0594297 0.138053
vn 0 0.0254 0
v 0.068002 0.00125182 0.148567
vn 0.00029392 0.00792356 -0.0241307
v 0.068002 0.00125182 0.148567
vn -0.00029392 -0.00792356 0.0241307
v 0.0787632 0.000924288 0.155587
vn 0.00029392 0.00792356 -0.0241307
v 0.0787632 0.000924288 0.155587
vn -0.00029392 -0.00792356 0.0241307
v 0.06646 -5.92635e-05 0.147285
vn 0.000262259 -0.013472 -0.0215313
v 0.06646 -5.92635e-05 0.147285
vn -0.000262259 0.013472 0.0215313
v 0.0889472 -0.0117394 0.132183
vn 0 -0.0254 0
v 0.0889472 -0.0117394 0.132183
vn 0 0.0254 0
v 0.0793566 0.00142881 0.15608
vn 0.000262259 0.013472 -0.0215313
v 0.0793566 0.00142881 0.15608
vn -0.000262259 -0.013472 0.0215313
v 0.0787632 0.000924288 0.155587
vn 0.00029392 0.00792356 -0.0241307
v 0.0754369 -0.0212114 0.183946
vn -0.019526 0.016243 -0.000237836
v 0.0793566 0.00142881 0.15608
vn 0.000262259 0.013472 -0.0215313
v 0.0793566 0.00142881 0.15608
vn -0.000262259 -0.013472 0.0215313
v 0.0754369 -0.0212114 0.183946
vn 0.019526 -0.016243 0.000237836
v 0.0787632 0.000924288 0.155587
vn -0.00029392 -0.00792356 0.0241307
v 0.0748435 -0.0217159 0.183453
vn -0.023277 0.0101617 -0.000283525
v 0.068002 0.00125182 0.148567
vn 0.00029392 0.00792356 -0.0241307
v 0.0627448 -0.0291132 0.185941
vn -0.023277 0.0101617 -0.000283525
v 0.0627448 -0.0291132 0.185941
vn 0.023277 -0.0101617 0.000283525
v 0.068002 0.00125182 0.148567
vn -0.00029392 -0.00792356 0.0241307
v 0.0748435 -0.0217159 0.183453
vn 0.023277 -0.0101617 0.000283525
v 0.0748435 -0.0217159 0.183453
vn -0.023277 0.0101617 -0.000283525
v 0.0748435 -0.0217159 0.183453
vn 0.023277 -0.0101617 0.000283525
v 0.0612027 -0.0304243 0.184659
vn -0.019526 -0.016243 -0.000237836
v 0.0612027 -0.0304243 0.184659
vn 0.019526 0.016243 0.000237836
v 0.0625167 -0.0300187 0.182664
vn 0 -0.0254 0
v 0.0625167 -0.0300187 0.182664
vn 0 0.0254 0
v 0.124613 -0.0594297 0.138053
vn -0.00674694 0 -0.0244875
v 0.111992 -0.0206125 0.118017
vn -0.0207593 -0.013472 0.00571973
v 0.110449 -0.0219236 0.116735
vn -0.0244875 0 0.00674694
v 0.110449 -0.0219236 0.116735
vn 0.0244875 0 -0.00674694
v 0.111992 -0.0206125 0.118017
vn 0.0207593 0.013472 -0.00571973
v 0.124613 -0.0594297 0.138053
vn 0.00674694 0 0.0244875
v 0.110449 -0.0219236 0.116735
vn -0.0244875 0 0.00674694
v 0.0946799 -0.0124135 0.130455
vn -0.0138763 -0.0113592 0.0179883
v 0.0931378 -0.0137246 0.129173
vn -0.0155141 0 0.0201115
v 0.0931378 -0.0137246 0.129173
vn 0.0155141 0 -0.0201115
v 0.0946799 -0.0124135 0.130455
vn 0.0138763 0.0113592 -0.0179883
v 0.110449 -0.0219236 0.116735
vn 0.0244875 0 -0.00674694
v 0.068002 0.00125182 0.148567
vn 0.00029392 0.00792356 -0.0241307
v 0.068002 0.00125182 0.148567
vn -0.00029392 -0.00792356 0.0241307
v 0.0787632 0.000924288 0.155587
vn 0.00029392 0.00792356 -0.0241307
v 0.0787632 0.000924288 0.155587
vn -0.00029392 -0.00792356 0.0241307
v 0.06646 -5.92635e-05 0.147285
vn 0.000262259 -0.013472 -0.0215313
v 0.06646 -5.92635e-05 0.147285
vn -0.000262259 0.013472 0.0215313
v 0.0904893 -0.0104283 0.133465
vn -0.0138763 -0.0113592 0.0179883
v 0.0889472 -0.0117394 0.132183
vn -0.0155141 0 0.0201115
v 0.0889472 -0.0117394 0.132183
vn 0.0155141 0 -0.0201115
v 0.0904893 -0.0104283 0.133465
vn 0.0138763 0.0113592 -0.0179883
v 0.06646 -5.92635e-05 0.147285
vn 0.000262259 -0.013472 -0.0215313
v 0.0627448 -0.0291132 0.185941
vn -0.023277 0.0101617 -0.000283525
v 0.068002 0.00125182 0.148567
vn 0.00029392 0.00792356 -0.0241307
v 0.068002 0.00125182 0.148567
vn -0.00029392 -0.00792356 0.0241307
v 0.0627448 -0.0291132 0.185941
vn 0.023277 -0.0101617 0.000283525
v 0.06646 -5.92635e-05 0.147285
vn -0.000262259 0.013472 0.0215313
v 0.0612027 -0.0304243 0.184659
vn -0.019526 -0.016243 -0.000237836
v 0.0612027 -0.0304243 0.184659
vn 0.019526 0.016243 0.000237836
v 0.0612027 -0.0304243 0.184659
vn -0.019526 -0.016243 -0.000237836
v 0.0612027 -0.0304243 0.184659
vn 0.019526 0.016243 0.000237836
v 0.0935652 -0.0447241 0.160358
vn 0.0155141 0 -0.0201115
v 0.126155 -0.0581186 0.139335
vn -0.00518705 -0.016243 -0.018826
v 0.124613 -0.0594297 0.138053
vn -0.00674694 0 -0.0244875
v 0.124613 -0.0594297 0.138053
vn 0.00674694 0 0.0244875
v 0.126155 -0.0581186 0.139335
vn 0.00518705 0.016243 0.018826
v 0.0935652 -0.0447241 0.160358
vn -0.0155141 0 0.0201115
v 0.0625167 -0.0300187 0.182664
vn 0.0253981 0 0.000309361
v 0.0951072 -0.043413 0.16164
vn 0.0138763 -0.0113592 -0.0179883
v 0.0951072 -0.043413 0.16164
vn -0.0138763 0.0113592 0.0179883
v 0.0625167 -0.0300187 0.182664
vn -0.0253981 0 -0.000309361
v 0.126155 -0.0581186 0.139335
vn -0.00518705 -0.016243 -0.018826
v 0.126155 -0.0581186 0.139335
vn 0.00518705 0.016243 0.018826
v 0.111992 -0.0206125 0.118017
vn -0.0207593 -0.013472 0.00571973
v 0.111992 -0.0206125 0.118017
vn 0.0207593 0.013472 -0.00571973
v 0.0740367 -0.00467691 0.142894
vn 0 -0.0254 0
v 0.0740367 -0.00467691 0.142894
vn 0 0.0254 0
v 0.0740367 -0.00467691 0.142894
vn -0.0155141 0 0.0201115
v 0.0740367 -0.00467691 0.142894
vn 0.0155141 0 -0.0201115
v 0.0674455 -0.00155512 0.147629
vn 0 -0.0254 0
v 0.0674455 -0.00155512 0.147629
vn 0 0.0254 0
v 0.0640588 -0.0287076 0.183946
vn 0.019526 -0.016243 0.000237836
v 0.0640588 -0.0287076 0.183946
vn -0.019526 0.016243 -0.000237836
v 0.0689876 -0.000244033 0.148911
vn -0.000262259 -0.013472 0.0215313
v 0.0625167 -0.0300187 0.182664
vn 0.0253981 0 0.000309361
v 0.0674455 -0.00155512 0.147629
vn -0.000309361 0 0.0253981
v 0.0674455 -0.00155512 0.147629
vn 0.000309361 -0 -0.0253981
v 0.0625167 -0.0300187 0.182664
vn -0.0253981 0 -0.000309361
v 0.0689876 -0.000244033 0.148911
vn 0.000262259 0.013472 -0.0215313
v 0.111992 -0.0206125 0.118017
vn 0.0207593 0.013472 -0.00571973
v 0.0946799 -0.0124135 0.130455
vn 0.0138763 0.0113592 -0.0179883
v 0.126155 -0.0581186 0.139335
vn 0.00518705 0.016243 0.018826
v 0.0904893 -0.0104283 0.133465
vn 0.0138763 0.0113592 -0.0179883
v 0.0720808 -0.00375053 0.144299
vn 0 -0.0254 0
v 0.0720808 -0.00375053 0.144299
vn 0 0.0254 0
v 0.0720808 -0.00375053 0.144299
vn -0.0155141 0 0.0201115
v 0.0720808 -0.00375053 0.144299
vn 0.0155141 0 -0.0201115
v 0.0951072 -0.043413 0.16164
vn -0.0138763 0.0113592 0.0179883
v 0.0689876 -0.000244033 0.148911
vn 0.000262259 0.013472 -0.0215313
v 0.0689876 -0.000244033 0.148911
vn -0.000262259 -0.013472 0.0215313
v 0.0674455 -0.00155512 0.147629
vn -0.000309361 0 0.0253981
v 0.0674455 -0.00155512 0.147629
vn 0.000309361 -0 -0.0253981
v 0.0689876 -0.000244033 0.148911
vn 0.000262259 0.013472 -0.0215313
v 0.0640588 -0.0287076 0.183946
vn 0.019526 -0.016243 0.000237836
v 0.0640588 -0.0287076 0.183946
vn -0.019526 0.016243 -0.000237836
v 0.0640588 -0.0287076 0.183946
vn -0.019526 0.016243 -0.000237836
v 0.0983145 -0.00755043 0.142461
vn 0.0138763 0.0113592 -0.0179883
v 0.128539 -0.0463628 0.145798
vn 0.00518705 0.016243 0.018826
v 0.117272 -0.0165297 0.128842
vn 0.0207593 0.013472 -0.00571973
v 0.0754369 -0.0212114 0.183946
vn -0.019526 0.016243 -0.000237836
v 0.101987 -0.0337868 0.164872
vn -0.0138763 0.0113592 0.0179883
v 0.0793566 0.00142881 0.15608
vn 0.000262259 0.013472 -0.0215313
v 0.124613 -0.0594297 0.138053
vn 0 -0.0254 0
v 0.0931378 -0.0137246 0.129173
vn 0 -0.0254 0
v 0.110449 -0.0219236 0.116735
vn 0 -0.0254 0
v 0.110449 -0.0219236 0.116735
vn 0 0.0254 0
v 0.0931378 -0.0137246 0.129173
vn 0 0.0254 0
v 0.124613 -0.0594297 0.138053
vn 0 0.0254 0
v 0.0889472 -0.0117394 0.132183
vn 0 -0.0254 0
v 0.0889472 -0.0117394 0.132183
vn 0 0.0254 0
v 0.0674455 -0.00155512 0.147629
vn 0 -0.0254 0
v 0.0935652 -0.0447241 0.160358
vn 0 -0.0254 0
v 0.0935652 -0.0447241 0.160358
vn 0 0.0254 0
v 0.0674455 -0.00155512 0.147629
vn 0 0.0254 0
v 0.0625167 -0.0300187 0.182664
vn 0 -0.0254 0
v 0.0625167 -0.0300187 0.182664
vn 0 0.0254 0
v 0.0740367 -0.00467691 0.142894
vn 0 -0.0254 0
v 0.0740367 -0.00467691 0.142894
vn 0 0.0254 0
v 0.0720808 -0.00375053 0.144299
vn 0 -0.0254 0
v 0.0720808 -0.00375053 0.144299
vn 0 0.0254 0
v 0.126155 -0.0581186 0.139335
vn -0.00518705 -0.016243 -0.018826
v 0.0946799 -0.0124135 0.130455
vn -0.0138763 -0.0113592 0.0179883
v 0.111992 -0.0206125 0.118017
vn -0.0207593 -0.013472 0.00571973
v 0.0904893 -0.0104283 0.133465
vn -0.0138763 -0.0113592 0.0179883
v 0.0689876 -0.000244033 0.148911
vn -0.000262259 -0.013472 0.0215313
v 0.0951072 -0.043413 0.16164
vn 0.0138763 -0.0113592 -0.0179883
v 0.0640588 -0.0287076 0.183946
vn 0.019526 -0.016243 0.000237836
v 0.0941293 0.145783 -0.0110239
vn -0.000295855 0.00742597 0.0242884
v 0.0755022 0.155391 0.0032772
vn -0.0138763 0.0113592 0.0179883
v 0.0749088 0.154887 0.00278382
vn -0.01532 0.00400571 0.0198598
v 0.0947228 0.146287 -0.0105305
vn -0.000262259 0.013472 0.0215313
v 0.0749088 0.154887 0.00278382
vn 0.01532 -0.00400571 -0.0198598
v 0.0755022 0.155391 0.0032772
vn 0.0138763 -0.0113592 -0.0179883
v 0.0941293 0.145783 -0.0110239
vn 0.000295855 -0.00742597 -0.0242884
v 0.0947228 0.146287 -0.0105305
vn 0.000262259 -0.013472 -0.0215313
v 0.0562811 0.164495 0.0170857
vn -0.0207593 0.013472 0.00571973
v 0.0562811 0.164495 0.0170857
vn 0.0207593 -0.013472 -0.00571973
v 0.0749088 0.154887 0.00278382
vn -0.01532 0.00400571 0.0198598
v 0.0687269 0.145012 0.000688861
vn -0.01532 0.00400571 0.0198598
v 0.0941293 0.145783 -0.0110239
vn -0.000295855 0.00742597 0.0242884
v 0.0941293 0.145783 -0.0110239
vn 0.000295855 -0.00742597 -0.0242884
v 0.0687269 0.145012 0.000688861
vn 0.01532 -0.00400571 -0.0198598
v 0.0749088 0.154887 0.00278382
vn 0.01532 -0.00400571 -0.0198598
v 0.0941293 0.145783 -0.0110239
vn -0.000295855 0.00742597 0.0242884
v 0.0987469 0.16953 -0.0391377
vn 0.019526 0.016243 0.000237836
v 0.0947228 0.146287 -0.0105305
vn -0.000262259 0.013472 0.0215313
v 0.0947228 0.146287 -0.0105305
vn 0.000262259 -0.013472 -0.0215313
v 0.0987469 0.16953 -0.0391377
vn -0.019526 -0.016243 -0.000237836
v 0.0941293 0.145783 -0.0110239
vn 0.000295855 -0.00742597 -0.0242884
v 0.0755022 0.155391 0.0032772
vn 0.0138763 -0.0113592 -0.0179883
v 0.0447154 0.195121 -0.000321566
vn 0.00518705 -0.016243 0.018826
v 0.0947228 0.146287 -0.0105305
vn 0.000262259 -0.013472 -0.0215313
v 0.0556877 0.163991 0.0165923
vn -0.0234176 0.00742597 0.00645215
v 0.0556877 0.163991 0.0165923
vn 0.0234176 -0.00742597 -0.00645215
v 0.0562811 0.164495 0.0170857
vn 0.0207593 -0.013472 -0.00571973
v 0.0556877 0.163991 0.0165923
vn -0.0234176 0.00742597 0.00645215
v 0.0556877 0.163991 0.0165923
vn 0.0234176 -0.00742597 -0.00645215
v 0.0910598 0.134434 -0.0153546
vn -0.000295855 0.00742597 0.0242884
v 0.0910598 0.134434 -0.0153546
vn 0.000295855 -0.00742597 -0.0242884
v 0.0981535 0.169025 -0.0396311
vn 0.0235288 0.00956412 0.00028659
v 0.0981535 0.169025 -0.0396311
vn -0.0235288 -0.00956412 -0.00028659
v 0.0987469 0.16953 -0.0391377
vn -0.019526 -0.016243 -0.000237836
v 0.0717312 0.182326 -0.0197296
vn -0.0138763 -0.0113592 0.0179883
v 0.0447154 0.195121 -0.000321566
vn -0.00518705 0.016243 -0.018826
v 0.0556877 0.163991 0.0165923
vn -0.0234176 0.00742597 0.00645215
v 0.0562811 0.164495 0.0170857
vn -0.0207593 0.013472 0.00571973
v 0.0562811 0.164495 0.0170857
vn 0.0207593 -0.013472 -0.00571973
v 0.0556877 0.163991 0.0165923
vn 0.0234176 -0.00742597 -0.00645215
v 0.0447154 0.195121 -0.000321566
vn 0.00518705 -0.016243 0.018826
v 0.046394 0.15559 0.0167334
vn -0.0234176 0.00742597 0.00645215
v 0.046394 0.15559 0.0167334
vn 0.0234176 -0.00742597 -0.00645215
v 0.0687269 0.145012 0.000688861
vn -0.01532 0.00400571 0.0198598
v 0.0895177 0.133123 -0.0166368
vn -0.000262259 -0.013472 0.0215313
v 0.0910598 0.134434 -0.0153546
vn -0.000295855 0.00742597 0.0242884
v 0.0910598 0.134434 -0.0153546
vn 0.000295855 -0.00742597 -0.0242884
v 0.0895177 0.133123 -0.0166368
vn 0.000262259 0.013472 -0.0215313
v 0.0687269 0.145012 0.000688861
vn 0.01532 -0.00400571 -0.0198598
v 0.0910598 0.134434 -0.0153546
vn -0.000295855 0.00742597 0.0242884
v 0.0981535 0.169025 -0.0396311
vn 0.0235288 0.00956412 0.00028659
v 0.0941293 0.145783 -0.0110239
vn -0.000295855 0.00742597 0.0242884
v 0.0941293 0.145783 -0.0110239
vn 0.000295855 -0.00742597 -0.0242884
v 0.0981535 0.169025 -0.0396311
vn -0.0235288 -0.00956412 -0.00028659
v 0.0910598 0.134434 -0.0153546
vn 0.000295855 -0.00742597 -0.0242884
v 0.0711378 0.181821 -0.020223
vn 0.01532 0.00400571 -0.0198598
v 0.0987469 0.16953 -0.0391377
vn 0.019526 0.016243 0.000237836
v 0.0981535 0.169025 -0.0396311
vn 0.0235288 0.00956412 0.00028659
v 0.0981535 0.169025 -0.0396311
vn -0.0235288 -0.00956412 -0.00028659
v 0.0987469 0.16953 -0.0391377
vn -0.019526 -0.016243 -0.000237836
v 0.0711378 0.181821 -0.020223
vn -0.01532 -0.00400571 0.0198598
v 0.0717312 0.182326 -0.0197296
vn 0.0138763 0.0113592 -0.0179883
v 0.0717312 0.182326 -0.0197296
vn -0.0138763 -0.0113592 0.0179883
v 0.044122 0.194617 -0.000814948
vn -0.00625039 0.00956412 -0.0226853
v 0.0447154 0.195121 -0.000321566
vn -0.00518705 0.016243 -0.018826
v 0.0447154 0.195121 -0.000321566
vn 0.00518705 -0.016243 0.018826
v 0.044122 0.194617 -0.000814948
vn 0.00625039 -0.00956412 0.0226853
v 0.044122 0.194617 -0.000814948
vn -0.00625039 0.00956412 -0.0226853
v 0.044122 0.194617 -0.000814948
vn 0.00625039 -0.00956412 0.0226853
v 0.0556877 0.163991 0.0165923
vn -0.0234176 0.00742597 0.00645215
v 0.0409661 0.169964 0.00856308
vn -0.0233297 0.00400571 -0.00921085
v 0.046394 0.15559 0.0167334
vn -0.0234176 0.00742597 0.00645215
v 0.046394 0.15559 0.0167334
vn 0.0234176 -0.00742597 -0.00645215
v 0.0409661 0.169964 0.00856308
vn 0.0233297 -0.00400571 0.00921085
v 0.0556877 0.163991 0.0165923
vn 0.0234176 -0.00742597 -0.00645215
v 0.046394 0.15559 0.0167334
vn -0.0234176 0.00742597 0.00645215
v 0.0671848 0.143701 -0.000593277
vn -0.0138763 -0.0113592 0.0179883
v 0.0671848 0.143701 -0.000593277
vn 0.0138763 0.0113592 -0.0179883
v 0.046394 0.15559 0.0167334
vn 0.0234176 -0.00742597 -0.00645215
v 0.0895177 0.133123 -0.0166368
vn -0.000262259 -0.013472 0.0215313
v 0.0963176 0.164799 -0.0527293
vn 0.0235288 0.00956412 0.00028659
v 0.0910598 0.134434 -0.0153546
vn -0.000295855 0.00742597 0.0242884
v 0.0910598 0.134434 -0.0153546
vn 0.000295855 -0.00742597 -0.0242884
v 0.0963176 0.164799 -0.0527293
vn -0.0235288 -0.00956412 -0.00028659
v 0.0895177 0.133123 -0.0166368
vn 0.000262259 0.013472 -0.0215313
v 0.0963176 0.164799 -0.0527293
vn 0.0235288 0.00956412 0.00028659
v 0.0963176 0.164799 -0.0527293
vn -0.0235288 -0.00956412 -0.00028659
v 0.0963176 0.164799 -0.0527293
vn 0.0235288 0.00956412 0.00028659
v 0.0711378 0.181821 -0.020223
vn 0.01532 0.00400571 -0.0198598
v 0.0981535 0.169025 -0.0396311
vn 0.0235288 0.00956412 0.00028659
v 0.0981535 0.169025 -0.0396311
vn -0.0235288 -0.00956412 -0.00028659
v 0.0711378 0.181821 -0.020223
vn -0.01532 -0.00400571 0.0198598
v 0.0963176 0.164799 -0.0527293
vn -0.0235288 -0.00956412 -0.00028659
v 0.044122 0.194617 -0.000814948
vn -0.00625039 0.00956412 -0.0226853
v 0.0388387 0.175596 0.00536271
vn -0.0233297 0.00400571 -0.00921085
v 0.0388387 0.175596 0.00536271
vn 0.0233297 -0.00400571 0.00921085
v 0.044122 0.194617 -0.000814948
vn 0.00625039 -0.00956412 0.0226853
v 0.0409661 0.169964 0.00856308
vn -0.0233297 0.00400571 -0.00921085
v 0.0448519 0.154279 0.0154512
vn -0.0207593 -0.013472 0.00571973
v 0.046394 0.15559 0.0167334
vn -0.0234176 0.00742597 0.00645215
v 0.046394 0.15559 0.0167334
vn 0.0234176 -0.00742597 -0.00645215
v 0.0448519 0.154279 0.0154512
vn 0.0207593 0.013472 -0.00571973
v 0.0409661 0.169964 0.00856308
vn 0.0233297 -0.00400571 0.00921085
v 0.0448519 0.154279 0.0154512
vn -0.0207593 -0.013472 0.00571973
v 0.0448519 0.154279 0.0154512
vn 0.0207593 0.013472 -0.00571973
v 0.0670836 0.144425 -0.00121179
vn 0 -0.0254 0
v 0.0895177 0.133123 -0.0166368
vn -0.000262259 -0.013472 0.0215313
v 0.0671848 0.143701 -0.000593277
vn -0.0138763 -0.0113592 0.0179883
v 0.0671848 0.143701 -0.000593277
vn 0.0138763 0.0113592 -0.0179883
v 0.0895177 0.133123 -0.0166368
vn 0.000262259 0.013472 -0.0215313
v 0.0670836 0.144425 -0.00121179
vn 0 0.0254 0
v 0.0947755 0.163488 -0.0540114
vn 0.019526 -0.016243 0.000237836
v 0.0947755 0.163488 -0.0540114
vn -0.019526 0.016243 -0.000237836
v 0.0638002 0.180201 -0.0293687
vn 0.01532 0.00400571 -0.0198598
v 0.0638002 0.180201 -0.0293687
vn -0.01532 -0.00400571 0.0198598
v 0.044122 0.194617 -0.000814948
vn -0.00625039 0.00956412 -0.0226853
v 0.044122 0.194617 -0.000814948
vn 0.00625039 -0.00956412 0.0226853
v 0.0312834 0.195603 -0.00600895
vn -0.00625039 0.00956412 -0.0226853
v 0.0312834 0.195603 -0.00600895
vn 0.00625039 -0.00956412 0.0226853
v 0.0388387 0.175596 0.00536271
vn -0.0233297 0.00400571 -0.00921085
v 0.039424 0.168653 0.00728094
vn -0.0211311 -0.0113592 -0.00834284
v 0.039424 0.168653 0.00728094
vn 0.0211311 0.0113592 0.00834284
v 0.0388387 0.175596 0.00536271
vn 0.0233297 -0.00400571 0.00921085
v 0.0452965 0.154745 0.0144398
vn 0 -0.0254 0
v 0.0448519 0.154279 0.0154512
vn -0.0207593 -0.013472 0.00571973
v 0.0448519 0.154279 0.0154512
vn 0.0207593 0.013472 -0.00571973
v 0.0452965 0.154745 0.0144398
vn 0 0.0254 0
v 0.0888707 0.134106 -0.0168633
vn 0 -0.0254 0
v 0.0888707 0.134106 -0.0168633
vn 0 0.0254 0
v 0.0939109 0.163222 -0.0526989
vn 0 -0.0254 0
v 0.0947755 0.163488 -0.0540114
vn 0.019526 -0.016243 0.000237836
v 0.0947755 0.163488 -0.0540114
vn -0.019526 0.016243 -0.000237836
v 0.0939109 0.163222 -0.0526989
vn 0 0.0254 0
v 0.0622581 0.17889 -0.0306508
vn 0.0138763 -0.0113592 -0.0179883
v 0.0963176 0.164799 -0.0527293
vn 0.0235288 0.00956412 0.00028659
v 0.0947755 0.163488 -0.0540114
vn 0.019526 -0.016243 0.000237836
v 0.0947755 0.163488 -0.0540114
vn -0.019526 0.016243 -0.000237836
v 0.0963176 0.164799 -0.0527293
vn -0.0235288 -0.00956412 -0.00028659
v 0.0622581 0.17889 -0.0306508
vn -0.0138763 0.0113592 0.0179883
v 0.0638002 0.180201 -0.0293687
vn 0.01532 0.00400571 -0.0198598
v 0.0638002 0.180201 -0.0293687
vn -0.01532 -0.00400571 0.0198598
v 0.0312834 0.195603 -0.00600895
vn -0.00625039 0.00956412 -0.0226853
v 0.0312834 0.195603 -0.00600895
vn 0.00625039 -0.00956412 0.0226853
v 0.0312834 0.195603 -0.00600895
vn -0.00625039 0.00956412 -0.0226853
v 0.0372966 0.174285 0.00408058
vn -0.0211311 -0.0113592 -0.00834284
v 0.0372966 0.174285 0.00408058
vn 0.0211311 0.0113592 0.00834284
v 0.0312834 0.195603 -0.00600895
vn 0.00625039 -0.00956412 0.0226853
v 0.039424 0.168653 0.00728094
vn -0.0211311 -0.0113592 -0.00834284
v 0.039424 0.168653 0.00728094
vn 0.0211311 0.0113592 0.00834284
v 0.0670836 0.144425 -0.00121179
vn 0.0155141 0 -0.0201115
v 0.0904127 0.135417 -0.0155812
vn 0.000262259 -0.013472 -0.0215313
v 0.0888707 0.134106 -0.0168633
vn 0.000309361 -0 -0.0253981
v 0.0888707 0.134106 -0.0168633
vn -0.000309361 0 0.0253981
v 0.0904127 0.135417 -0.0155812
vn -0.000262259 0.013472 0.0215313
v 0.0670836 0.144425 -0.00121179
vn -0.0155141 0 0.0201115
v 0.0452965 0.154745 0.0144398
vn 0.0244875 0 -0.00674694
v 0.0686257 0.145736 7.03453e-05
vn 0.0138763 -0.0113592 -0.0179883
v 0.0686257 0.145736 7.03453e-05
vn -0.0138763 0.0113592 0.0179883
v 0.0452965 0.154745 0.0144398
vn -0.0244875 0 0.00674694
v 0.0622581 0.17889 -0.0306508
vn 0.0138763 -0.0113592 -0.0179883
v 0.0622581 0.17889 -0.0306508
vn -0.0138763 0.0113592 0.0179883
v 0.0297413 0.194292 -0.00729109
vn -0.00518705 -0.016243 -0.018826
v 0.0297413 0.194292 -0.00729109
vn 0.00518705 0.016243 0.018826
v 0.0312834 0.195603 -0.00600895
vn -0.00625039 0.00956412 -0.0226853
v 0.0312834 0.195603 -0.00600895
vn 0.00625039 -0.00956412 0.0226853
v 0.0297413 0.194292 -0.00729109
vn -0.00518705 -0.016243 -0.018826
v 0.0297413 0.194292 -0.00729109
vn 0.00518705 0.016243 0.018826
v 0.0372966 0.174285 0.00408058
vn -0.0211311 -0.0113592 -0.00834284
v 0.0400931 0.168524 0.00660804
vn 0 -0.0254 0
v 0.0400931 0.168524 0.00660804
vn 0 0.0254 0
v 0.0372966 0.174285 0.00408058
vn 0.0211311 0.0113592 0.00834284
v 0.0904127 0.135417 -0.0155812
vn 0.000262259 -0.013472 -0.0215313
v 0.0939109 0.163222 -0.0526989
vn -0.0253981 0 -0.000309361
v 0.0888707 0.134106 -0.0168633
vn 0.000309361 -0 -0.0253981
v 0.0888707 0.134106 -0.0168633
vn -0.000309361 0 0.0253981
v 0.0939109 0.163222 -0.0526989
vn 0.0253981 0 0.000309361
v 0.0904127 0.135417 -0.0155812
vn -0.000262259 0.013472 0.0215313
v 0.0400931 0.168524 0.00660804
vn 0.0236253 0 0.00932755
v 0.0468386 0.156056 0.0157219
vn 0.0207593 -0.013472 -0.00571973
v 0.0452965 0.154745 0.0144398
vn 0.0244875 0 -0.00674694
v 0.0452965 0.154745 0.0144398
vn -0.0244875 0 0.00674694
v 0.0468386 0.156056 0.0157219
vn -0.0207593 0.013472 0.00571973
v 0.0400931 0.168524 0.00660804
vn -0.0236253 0 -0.00932755
v 0.0468386 0.156056 0.0157219
vn 0.0207593 -0.013472 -0.00571973
v 0.0468386 0.156056 0.0157219
vn -0.0207593 0.013472 0.00571973
v 0.0623599 0.178165 -0.0300321
vn 0 -0.0254 0
v 0.0623599 0.178165 -0.0300321
vn 0 0.0254 0
v 0.0297413 0.194292 -0.00729109
vn -0.00518705 -0.016243 -0.018826
v 0.0297413 0.194292 -0.00729109
vn 0.00518705 0.016243 0.018826
v 0.0308082 0.193109 -0.00736556
vn 0 -0.0254 0
v 0.0308082 0.193109 -0.00736556
vn 0 0.0254 0
v 0.0379668 0.174155 0.00340703
vn 0 -0.0254 0
v 0.0379668 0.174155 0.00340703
vn 0 0.0254 0
v 0.0939109 0.163222 -0.0526989
vn -0.0253981 0 -0.000309361
v 0.0639019 0.179476 -0.02875
vn -0.0138763 -0.0113592 0.0179883
v 0.0623599 0.178165 -0.0300321
vn -0.0155141 0 0.0201115
v 0.0623599 0.178165 -0.0300321
vn 0.0155141 0 -0.0201115
v 0.0639019 0.179476 -0.02875
vn 0.0138763 0.0113592 -0.0179883
v 0.0939109 0.163222 -0.0526989
vn 0.0253981 0 0.000309361
v 0.095453 0.164533 -0.0514168
vn -0.019526 -0.016243 -0.000237836
v 0.095453 0.164533 -0.0514168
vn 0.019526 0.016243 0.000237836
v 0.0308082 0.193109 -0.00736556
vn 0.00674694 0 0.0244875
v 0.0395088 0.175466 0.00468917
vn 0.0211311 -0.0113592 0.00834284
v 0.0379668 0.174155 0.00340703
vn 0.0236253 0 0.00932755
v 0.0379668 0.174155 0.00340703
vn -0.0236253 0 -0.00932755
v 0.0395088 0.175466 0.00468917
vn -0.0211311 0.0113592 -0.00834284
v 0.0308082 0.193109 -0.00736556
vn -0.00674694 0 -0.0244875
v 0.0416351 0.169835 0.00789017
vn 0.0211311 -0.0113592 0.00834284
v 0.0416351 0.169835 0.00789017
vn -0.0211311 0.0113592 -0.00834284
v 0.0686257 0.145736 7.03453e-05
vn -0.0138763 0.0113592 0.0179883
v 0.0904127 0.135417 -0.0155812
vn -0.000262259 0.013472 0.0215313
v 0.0395088 0.175466 0.00468917
vn -0.0211311 0.0113592 -0.00834284
v 0.0468386 0.156056 0.0157219
vn -0.0207593 0.013472 0.00571973
v 0.0416351 0.169835 0.00789017
vn -0.0211311 0.0113592 -0.00834284
v 0.0606834 0.178959 -0.028828
vn 0 -0.0254 0
v 0.0606834 0.178959 -0.028828
vn 0 0.0254 0
v 0.0578888 0.180283 -0.0268205
vn 0 -0.0254 0
v 0.0578888 0.180283 -0.0268205
vn 0 0.0254 0
v 0.0606834 0.178959 -0.028828
vn -0.0155141 0 0.0201115
v 0.0606834 0.178959 -0.028828
vn 0.0155141 0 -0.0201115
v 0.095453 0.164533 -0.0514168
vn -0.019526 -0.016243 -0.000237836
v 0.095453 0.164533 -0.0514168
vn 0.019526 0.016243 0.000237836
v 0.095453 0.164533 -0.0514168
vn 0.019526 0.016243 0.000237836
v 0.0639019 0.179476 -0.02875
vn 0.0138763 0.0113592 -0.0179883
v 0.0578888 0.180283 -0.0268205
vn -0.0155141 0 0.0201115
v 0.0323503 0.194421 -0.00608343
vn 0.00518705 -0.016243 0.018826
v 0.0308082 0.193109 -0.00736556
vn 0.00674694 0 0.0244875
v 0.0308082 0.193109 -0.00736556
vn -0.00674694 0 -0.0244875
v 0.0323503 0.194421 -0.00608343
vn -0.00518705 0.016243 -0.018826
v 0.0578888 0.180283 -0.0268205
vn 0.0155141 0 -0.0201115
v 0.0323503 0.194421 -0.00608343
vn 0.00518705 -0.016243 0.018826
v 0.0323503 0.194421 -0.00608343
vn -0.00518705 0.016243 -0.018826
v 0.0323503 0.194421 -0.00608343
vn -0.00518705 0.016243 -0.018826
v 0.0947228 0.146287 -0.0105305
vn -0.000262259 0.013472 0.0215313
v 0.0447154 0.195121 -0.000321566
vn -0.00518705 0.016243 -0.018826
v 0.0755022 0.155391 0.0032772
vn -0.0138763 0.0113592 0.0179883
v 0.0562811 0.164495 0.0170857
vn -0.0207593 0.013472 0.00571973
v 0.0717312 0.182326 -0.0197296
vn 0.0138763 0.0113592 -0.0179883
v 0.0987469 0.16953 -0.0391377
vn 0.019526 0.016243 0.000237836
v 0.0379668 0.174155 0.00340703
vn 0 -0.0254 0
v 0.0888707 0.134106 -0.0168633
vn 0 -0.0254 0
v 0.0670836 0.144425 -0.00121179
vn 0 -0.0254 0
v 0.0670836 0.144425 -0.00121179
vn 0 0.0254 0
v 0.0888707 0.134106 -0.0168633
vn 0 0.0254 0
v 0.0379668 0.174155 0.00340703
vn 0 0.0254 0
v 0.0400931 0.168524 0.00660804
vn 0 -0.0254 0
v 0.0452965 0.154745 0.0144398
vn 0 -0.0254 0
v 0.0452965 0.154745 0.0144398
vn 0 0.0254 0
v 0.0400931 0.168524 0.00660804
vn 0 0.0254 0
v 0.0623599 0.178165 -0.0300321
vn 0 -0.0254 0
v 0.0939109 0.163222 -0.0526989
vn 0 -0.0254 0
v 0.0939109 0.163222 -0.0526989
vn 0 0.0254 0
v 0.0623599 0.178165 -0.0300321
vn 0 0.0254 0
v 0.0308082 0.193109 -0.00736556
vn 0 -0.0254 0
v 0.0308082 0.193109 -0.00736556
vn 0 0.0254 0
v 0.0606834 0.178959 -0.028828
vn 0 -0.0254 0
v 0.0606834 0.178959 -0.028828
vn 0 0.0254 0
v 0.0578888 0.180283 -0.0268205
vn 0 -0.0254 0
v 0.0578888 0.180283 -0.0268205
vn 0 0.0254 0
v 0.0395088 0.175466 0.00468917
vn 0.0211311 -0.0113592 0.00834284
v 0.0904127 0.135417 -0.0155812
vn 0.000262259 -0.013472 -0.0215313
v 0.0686257 0.145736 7.03453e-05
vn 0.0138763 -0.0113592 -0.0179883
v 0.0416351 0.169835 0.00789017
vn 0.0211311 -0.0113592 0.00834284
v 0.0468386 0.156056 0.0157219
vn 0.0207593 -0.013472 -0.00571973
v 0.0639019 0.179476 -0.02875
vn -0.0138763 -0.0113592 0.0179883
v 0.095453 0.164533 -0.0514168
vn -0.019526 -0.016243 -0.000237836
v 0.0323503 0.194421 -0.00608343
vn 0.00518705 -0.016243 0.018826
v 0.156234 -0.0121662 0.0775189
vn -0.0185155 0.013472 -0.0109928
v 0.162843 -0.000759337 0.0561831
vn -0.00952442 0.00424066 -0.0231617
v 0.155641 -0.0126707 0.0770255
vn -0.0207714 0.00785015 -0.0123321
v 0.163436 -0.000254815 0.0566765
vn -0.00864017 0.0113592 -0.0210113
v 0.155641 -0.0126707 0.0770255
vn 0.0207714 -0.00785015 0.0123321
v 0.162843 -0.000759337 0.0561831
vn 0.00952442 -0.00424066 0.0231617
v 0.156234 -0.0121662 0.0775189
vn 0.0185155 -0.013472 0.0109928
v 0.163436 -0.000254815 0.0566765
vn 0.00864017 -0.0113592 0.0210113
v 0.170043 0.0111527 0.0353414
vn 0.00608736 0.00785015 -0.0233769
v 0.155641 -0.0126707 0.0770255
vn -0.0207714 0.00785015 -0.0123321
v 0.162843 -0.000759337 0.0561831
vn -0.00952442 0.00424066 -0.0231617
v 0.162843 -0.000759337 0.0561831
vn 0.00952442 -0.00424066 0.0231617
v 0.155641 -0.0126707 0.0770255
vn 0.0207714 -0.00785015 0.0123321
v 0.170043 0.0111527 0.0353414
vn -0.00608736 -0.00785015 0.0233769
v 0.158857 -0.0169132 0.0774948
vn -0.0248946 0.00424066 0.00272689
v 0.156234 -0.0121662 0.0775189
vn -0.0185155 0.013472 -0.0109928
v 0.155641 -0.0126707 0.0770255
vn -0.0207714 0.00785015 -0.0123321
v 0.155641 -0.0126707 0.0770255
vn 0.0207714 -0.00785015 0.0123321
v 0.156234 -0.0121662 0.0775189
vn 0.0185155 -0.013472 0.0109928
v 0.158857 -0.0169132 0.0774948
vn 0.0248946 -0.00424066 -0.00272689
v 0.156234 -0.0121662 0.0775189
vn 0.0185155 -0.013472 0.0109928
v 0.163436 -0.000254815 0.0566765
vn 0.00864017 -0.0113592 0.0210113
v 0.178059 -0.0409501 0.0807034
vn 0.00996899 -0.016243 -0.0167911
v 0.170043 0.0111527 0.0353414
vn 0.00608736 0.00785015 -0.0233769
v 0.170043 0.0111527 0.0353414
vn -0.00608736 -0.00785015 0.0233769
v 0.160398 0.0115282 0.0269312
vn 0.00608736 0.00785015 -0.0233769
v 0.160398 0.0115282 0.0269312
vn -0.00608736 -0.00785015 0.0233769
v 0.159451 -0.0164087 0.0779881
vn -0.0225834 0.0113592 0.00247373
v 0.159451 -0.0164087 0.0779881
vn 0.0225834 -0.0113592 -0.00247373
v 0.155641 -0.0126707 0.0770255
vn -0.0207714 0.00785015 -0.0123321
v 0.172621 -0.0549294 0.0801876
vn -0.0119035 0.010074 0.0200494
v 0.158857 -0.0169132 0.0774948
vn -0.0248946 0.00424066 0.00272689
v 0.158857 -0.0169132 0.0774948
vn 0.0248946 -0.00424066 -0.00272689
v 0.172621 -0.0549294 0.0801876
vn 0.0119035 -0.010074 -0.0200494
v 0.155641 -0.0126707 0.0770255
vn 0.0207714 -0.00785015 0.0123321
v 0.18815 -0.0242579 0.0514977
vn -0.00864017 -0.0113592 -0.0210113
v 0.159451 -0.0164087 0.0779881
vn 0.0225834 -0.0113592 -0.00247373
v 0.170637 0.0116572 0.0358348
vn 0.00542623 0.013472 -0.020838
v 0.170637 0.0116572 0.0358348
vn -0.00542623 -0.013472 0.020838
v 0.151932 -0.0024758 0.0514334
vn -0.00952442 0.00424066 -0.0231617
v 0.151932 -0.0024758 0.0514334
vn 0.00952442 -0.00424066 0.0231617
v 0.170043 0.0111527 0.0353414
vn 0.00608736 0.00785015 -0.0233769
v 0.197273 -0.0141517 0.00884009
vn 0.0225643 0.010074 0.00587577
v 0.160398 0.0115282 0.0269312
vn 0.00608736 0.00785015 -0.0233769
v 0.160398 0.0115282 0.0269312
vn -0.00608736 -0.00785015 0.0233769
v 0.197273 -0.0141517 0.00884009
vn -0.0225643 -0.010074 -0.00587577
v 0.170043 0.0111527 0.0353414
vn -0.00608736 -0.00785015 0.0233769
v 0.177465 -0.0414546 0.08021
vn -0.0119035 0.010074 0.0200494
v 0.177465 -0.0414546 0.08021
vn 0.0119035 -0.010074 -0.0200494
v 0.143466 -0.0164789 0.0759345
vn -0.0207714 0.00785015 -0.0123321
v 0.143466 -0.0164789 0.0759345
vn 0.0207714 -0.00785015 0.0123321
v 0.177465 -0.0414546 0.08021
vn -0.0119035 0.010074 0.0200494
v 0.177465 -0.0414546 0.08021
vn 0.0119035 -0.010074 -0.0200494
v 0.170637 0.0116572 0.0358348
vn -0.00542623 -0.013472 0.020838
v 0.177465 -0.0414546 0.08021
vn -0.0119035 0.010074 0.0200494
v 0.18815 -0.0242579 0.0514977
vn 0.00864017 0.0113592 0.0210113
v 0.178059 -0.0409501 0.0807034
vn -0.00996899 0.016243 0.0167911
v 0.178059 -0.0409501 0.0807034
vn 0.00996899 -0.016243 -0.0167911
v 0.18815 -0.0242579 0.0514977
vn -0.00864017 -0.0113592 -0.0210113
v 0.177465 -0.0414546 0.08021
vn 0.0119035 -0.010074 -0.0200494
v 0.178059 -0.0409501 0.0807034
vn -0.00996899 0.016243 0.0167911
v 0.178059 -0.0409501 0.0807034
vn 0.00996899 -0.016243 -0.0167911
v 0.198241 -0.00756656 0.0222922
vn 0.0188973 0.016243 0.0049209
v 0.170043 0.0111527 0.0353414
vn 0.00608736 0.00785015 -0.0233769
v 0.170637 0.0116572 0.0358348
vn 0.00542623 0.013472 -0.020838
v 0.170637 0.0116572 0.0358348
vn -0.00542623 -0.013472 0.020838
v 0.170043 0.0111527 0.0353414
vn -0.00608736 -0.00785015 0.0233769
v 0.198241 -0.00756656 0.0222922
vn -0.0188973 -0.016243 -0.0049209
v 0.149606 -0.00632372 0.0581662
vn -0.00952442 0.00424066 -0.0231617
v 0.149606 -0.00632372 0.0581662
vn 0.00952442 -0.00424066 0.0231617
v 0.158856 0.0102172 0.025649
vn 0.00542623 -0.013472 -0.020838
v 0.151932 -0.0024758 0.0514334
vn -0.00952442 0.00424066 -0.0231617
v 0.160398 0.0115282 0.0269312
vn 0.00608736 0.00785015 -0.0233769
v 0.160398 0.0115282 0.0269312
vn -0.00608736 -0.00785015 0.0233769
v 0.151932 -0.0024758 0.0514334
vn 0.00952442 -0.00424066 0.0231617
v 0.158856 0.0102172 0.025649
vn -0.00542623 0.013472 0.020838
v 0.197647 -0.00807108 0.0217988
vn 0.0225643 0.010074 0.00587577
v 0.197647 -0.00807108 0.0217988
vn -0.0225643 -0.010074 -0.00587577
v 0.197273 -0.0141517 0.00884009
vn 0.0225643 0.010074 0.00587577
v 0.158856 0.0102172 0.025649
vn 0.00542623 -0.013472 -0.020838
v 0.160398 0.0115282 0.0269312
vn 0.00608736 0.00785015 -0.0233769
v 0.160398 0.0115282 0.0269312
vn -0.00608736 -0.00785015 0.0233769
v 0.158856 0.0102172 0.025649
vn -0.00542623 0.013472 0.020838
v 0.197273 -0.0141517 0.00884009
vn -0.0225643 -0.010074 -0.00587577
v 0.147699 -0.00947683 0.0636834
vn -0.00952442 0.00424066 -0.0231617
v 0.143466 -0.0164789 0.0759345
vn -0.0207714 0.00785015 -0.0123321
v 0.143466 -0.0164789 0.0759345
vn 0.0207714 -0.00785015 0.0123321
v 0.147699 -0.00947683 0.0636834
vn 0.00952442 -0.00424066 0.0231617
v 0.143466 -0.0164789 0.0759345
vn -0.0207714 0.00785015 -0.0123321
v 0.171079 -0.0562405 0.0789055
vn -0.00996899 -0.016243 0.0167911
v 0.172621 -0.0549294 0.0801876
vn -0.0119035 0.010074 0.0200494
v 0.172621 -0.0549294 0.0801876
vn 0.0119035 -0.010074 -0.0200494
v 0.171079 -0.0562405 0.0789055
vn 0.00996899 0.016243 -0.0167911
v 0.143466 -0.0164789 0.0759345
vn 0.0207714 -0.00785015 0.0123321
v 0.172621 -0.0549294 0.0801876
vn -0.0119035 0.010074 0.0200494
v 0.197647 -0.00807108 0.0217988
vn 0.0225643 0.010074 0.00587577
v 0.177465 -0.0414546 0.08021
vn -0.0119035 0.010074 0.0200494
v 0.177465 -0.0414546 0.08021
vn 0.0119035 -0.010074 -0.0200494
v 0.197647 -0.00807108 0.0217988
vn -0.0225643 -0.010074 -0.00587577
v 0.172621 -0.0549294 0.0801876
vn 0.0119035 -0.010074 -0.0200494
v 0.198241 -0.00756656 0.0222922
vn -0.0188973 -0.016243 -0.0049209
v 0.187556 -0.0247625 0.0510043
vn 0.00952442 0.00424066 0.0231617
v 0.187556 -0.0247625 0.0510043
vn -0.00952442 -0.00424066 -0.0231617
v 0.197647 -0.00807108 0.0217988
vn 0.0225643 0.010074 0.00587577
v 0.197647 -0.00807108 0.0217988
vn -0.0225643 -0.010074 -0.00587577
v 0.15039 -0.00378689 0.0501512
vn -0.00864017 -0.0113592 -0.0210113
v 0.149606 -0.00632372 0.0581662
vn -0.00952442 0.00424066 -0.0231617
v 0.149606 -0.00632372 0.0581662
vn 0.00952442 -0.00424066 0.0231617
v 0.15039 -0.00378689 0.0501512
vn 0.00864017 0.0113592 0.0210113
v 0.184947 -0.0345404 0.0445134
vn 0.00952442 0.00424066 0.0231617
v 0.197273 -0.0141517 0.00884009
vn 0.0225643 0.010074 0.00587577
v 0.197273 -0.0141517 0.00884009
vn -0.0225643 -0.010074 -0.00587577
v 0.184947 -0.0345404 0.0445134
vn -0.00952442 -0.00424066 -0.0231617
v 0.19573 -0.0154627 0.00755795
vn 0.0188973 -0.016243 0.0049209
v 0.19573 -0.0154627 0.00755795
vn -0.0188973 0.016243 -0.0049209
v 0.146157 -0.0107879 0.0624013
vn -0.00864017 -0.0113592 -0.0210113
v 0.143466 -0.0164789 0.0759345
vn -0.0207714 0.00785015 -0.0123321
v 0.147699 -0.00947683 0.0636834
vn -0.00952442 0.00424066 -0.0231617
v 0.147699 -0.00947683 0.0636834
vn 0.00952442 -0.00424066 0.0231617
v 0.143466 -0.0164789 0.0759345
vn 0.0207714 -0.00785015 0.0123321
v 0.146157 -0.0107879 0.0624013
vn 0.00864017 0.0113592 0.0210113
v 0.141924 -0.0177899 0.0746524
vn -0.0185155 -0.013472 -0.0109928
v 0.141924 -0.0177899 0.0746524
vn 0.0185155 0.013472 0.0109928
v 0.171079 -0.0562405 0.0789055
vn -0.00996899 -0.016243 0.0167911
v 0.184947 -0.0345404 0.0445134
vn 0.00952442 0.00424066 0.0231617
v 0.172621 -0.0549294 0.0801876
vn -0.0119035 0.010074 0.0200494
v 0.172621 -0.0549294 0.0801876
vn 0.0119035 -0.010074 -0.0200494
v 0.184947 -0.0345404 0.0445134
vn -0.00952442 -0.00424066 -0.0231617
v 0.171079 -0.0562405 0.0789055
vn 0.00996899 0.016243 -0.0167911
v 0.187556 -0.0247625 0.0510043
vn 0.00952442 0.00424066 0.0231617
v 0.187556 -0.0247625 0.0510043
vn -0.00952442 -0.00424066 -0.0231617
v 0.198241 -0.00756656 0.0222922
vn 0.0188973 0.016243 0.0049209
v 0.198241 -0.00756656 0.0222922
vn -0.0188973 -0.016243 -0.0049209
v 0.197647 -0.00807108 0.0217988
vn 0.0225643 0.010074 0.00587577
v 0.197647 -0.00807108 0.0217988
vn -0.0225643 -0.010074 -0.00587577
v 0.148064 -0.00763481 0.0568841
vn -0.00864017 -0.0113592 -0.0210113
v 0.148064 -0.00763481 0.0568841
vn 0.00864017 0.0113592 0.0210113
v 0.158856 0.0102172 0.025649
vn 0.00542623 -0.013472 -0.020838
v 0.159398 0.00906504 0.0261747
vn 0 -0.0254 0
v 0.15039 -0.00378689 0.0501512
vn -0.00864017 -0.0113592 -0.0210113
v 0.15039 -0.00378689 0.0501512
vn 0.00864017 0.0113592 0.0210113
v 0.159398 0.00906504 0.0261747
vn 0 0.0254 0
v 0.158856 0.0102172 0.025649
vn -0.00542623 0.013472 0.020838
v 0.183405 -0.0358515 0.0432313
vn 0.00864017 -0.0113592 0.0210113
v 0.197273 -0.0141517 0.00884009
vn 0.0225643 0.010074 0.00587577
v 0.197273 -0.0141517 0.00884009
vn -0.0225643 -0.010074 -0.00587577
v 0.183405 -0.0358515 0.0432313
vn -0.00864017 0.0113592 -0.0210113
v 0.19573 -0.0154627 0.00755795
vn 0.0188973 -0.016243 0.0049209
v 0.19573 -0.0154627 0.00755795
vn -0.0188973 0.016243 -0.0049209
v 0.194529 -0.0154003 0.00893859
vn 0 -0.0254 0
v 0.19573 -0.0154627 0.00755795
vn 0.0188973 -0.016243 0.0049209
v 0.19573 -0.0154627 0.00755795
vn -0.0188973 0.016243 -0.0049209
v 0.194529 -0.0154003 0.00893859
vn 0 0.0254 0
v 0.141924 -0.0177899 0.0746524
vn -0.0185155 -0.013472 -0.0109928
v 0.141924 -0.0177899 0.0746524
vn 0.0185155 0.013472 0.0109928
v 0.141924 -0.0177899 0.0746524
vn -0.0185155 -0.013472 -0.0109928
v 0.170718 -0.0547864 0.0778528
vn 0 -0.0254 0
v 0.171079 -0.0562405 0.0789055
vn -0.00996899 -0.016243 0.0167911
v 0.171079 -0.0562405 0.0789055
vn 0.00996899 0.016243 -0.0167911
v 0.170718 -0.0547864 0.0778528
vn 0 0.0254 0
v 0.141924 -0.0177899 0.0746524
vn 0.0185155 0.013472 0.0109928
v 0.148844 -0.00839328 0.056721
vn 0 -0.0254 0
v 0.148064 -0.00763481 0.0568841
vn -0.00864017 -0.0113592 -0.0210113
v 0.148064 -0.00763481 0.0568841
vn 0.00864017 0.0113592 0.0210113
v 0.148844 -0.00839328 0.056721
vn 0 0.0254 0
v 0.163414 0.00626775 0.0242044
vn 0 -0.0254 0
v 0.163414 0.00626775 0.0242044
vn 0 0.0254 0
v 0.151171 -0.00454518 0.0499873
vn 0 -0.0254 0
v 0.151171 -0.00454518 0.0499873
vn 0 0.0254 0
v 0.183405 -0.0358515 0.0432313
vn 0.00864017 -0.0113592 0.0210113
v 0.183405 -0.0358515 0.0432313
vn -0.00864017 0.0113592 -0.0210113
v 0.1658 0.00460734 0.0230338
vn 0 -0.0254 0
v 0.1658 0.00460734 0.0230338
vn 0 0.0254 0
v 0.146157 -0.0107879 0.0624013
vn -0.00864017 -0.0113592 -0.0210113
v 0.142943 -0.0181546 0.0737997
vn 0 -0.0254 0
v 0.142943 -0.0181546 0.0737997
vn 0 0.0254 0
v 0.146157 -0.0107879 0.0624013
vn 0.00864017 0.0113592 0.0210113
v 0.146938 -0.0115462 0.0622373
vn 0 -0.0254 0
v 0.146938 -0.0115462 0.0622373
vn 0 0.0254 0
v 0.182624 -0.0350932 0.0433953
vn 0 -0.0254 0
v 0.182624 -0.0350932 0.0433953
vn 0 0.0254 0
v 0.163414 0.00626775 0.0242044
vn -0.0198906 0 0.0157964
v 0.16094 0.0103761 0.0274568
vn -0.00542623 -0.013472 0.020838
v 0.159398 0.00906504 0.0261747
vn -0.00640074 0 0.0245803
v 0.159398 0.00906504 0.0261747
vn 0.00640074 -0 -0.0245803
v 0.16094 0.0103761 0.0274568
vn 0.00542623 0.013472 -0.020838
v 0.163414 0.00626775 0.0242044
vn 0.0198906 -0 -0.0157964
v 0.16094 0.0103761 0.0274568
vn -0.00542623 -0.013472 0.020838
v 0.151171 -0.00454518 0.0499873
vn 0.00966 0 0.0234914
v 0.159398 0.00906504 0.0261747
vn -0.00640074 0 0.0245803
v 0.159398 0.00906504 0.0261747
vn 0.00640074 -0 -0.0245803
v 0.151171 -0.00454518 0.0499873
vn -0.00966 0 -0.0234914
v 0.16094 0.0103761 0.0274568
vn 0.00542623 0.013472 -0.020838
v 0.196072 -0.0140892 0.0102207
vn -0.0188973 -0.016243 -0.0049209
v 0.1658 0.00460734 0.0230338
vn -0.0198906 0 0.0157964
v 0.194529 -0.0154003 0.00893859
vn -0.0245803 0 -0.00640074
v 0.194529 -0.0154003 0.00893859
vn 0.0245803 0 0.00640074
v 0.1658 0.00460734 0.0230338
vn 0.0198906 -0 -0.0157964
v 0.196072 -0.0140892 0.0102207
vn 0.0188973 0.016243 0.0049209
v 0.142943 -0.0181546 0.0737997
vn 0.0218407 0 0.012967
v 0.17226 -0.0534753 0.0791349
vn 0.00996899 -0.016243 -0.0167911
v 0.170718 -0.0547864 0.0778528
vn 0.012967 0 -0.0218407
v 0.170718 -0.0547864 0.0778528
vn -0.012967 0 0.0218407
v 0.17226 -0.0534753 0.0791349
vn -0.00996899 0.016243 0.0167911
v 0.142943 -0.0181546 0.0737997
vn -0.0218407 0 -0.012967
v 0.17226 -0.0534753 0.0791349
vn 0.00996899 -0.016243 -0.0167911
v 0.182624 -0.0350932 0.0433953
vn -0.00966 0 -0.0234914
v 0.170718 -0.0547864 0.0778528
vn 0.012967 0 -0.0218407
v 0.170718 -0.0547864 0.0778528
vn -0.012967 0 0.0218407
v 0.182624 -0.0350932 0.0433953
vn 0.00966 0 0.0234914
v 0.17226 -0.0534753 0.0791349
vn -0.00996899 0.016243 0.0167911
v 0.152713 -0.00323409 0.0512694
vn 0.00864017 -0.0113592 0.0210113
v 0.148844 -0.00839328 0.056721
vn 0.00966 0 0.0234914
v 0.148844 -0.00839328 0.056721
vn -0.00966 0 -0.0234914
v 0.152713 -0.00323409 0.0512694
vn -0.00864017 0.0113592 -0.0210113
v 0.150386 -0.00708219 0.0580031
vn 0.00864017 -0.0113592 0.0210113
v 0.146938 -0.0115462 0.0622373
vn 0.00966 0 0.0234914
v 0.146938 -0.0115462 0.0622373
vn -0.00966 0 -0.0234914
v 0.150386 -0.00708219 0.0580031
vn -0.00864017 0.0113592 -0.0210113
v 0.184166 -0.0337821 0.0446774
vn -0.00864017 -0.0113592 -0.0210113
v 0.194529 -0.0154003 0.00893859
vn -0.0245803 0 -0.00640074
v 0.194529 -0.0154003 0.00893859
vn 0.0245803 0 0.00640074
v 0.184166 -0.0337821 0.0446774
vn 0.00864017 0.0113592 0.0210113
v 0.196072 -0.0140892 0.0102207
vn -0.0188973 -0.016243 -0.0049209
v 0.196072 -0.0140892 0.0102207
vn 0.0188973 0.016243 0.0049209
v 0.14848 -0.0102351 0.0635195
vn 0.00864017 -0.0113592 0.0210113
v 0.142943 -0.0181546 0.0737997
vn 0.0218407 0 0.012967
v 0.142943 -0.0181546 0.0737997
vn -0.0218407 0 -0.012967
v 0.14848 -0.0102351 0.0635195
vn -0.00864017 0.0113592 -0.0210113
v 0.144485 -0.0168435 0.0750818
vn 0.0185155 -0.013472 0.0109928
v 0.144485 -0.0168435 0.0750818
vn -0.0185155 0.013472 -0.0109928
v 0.196072 -0.0140892 0.0102207
vn 0.0188973 0.016243 0.0049209
v 0.16094 0.0103761 0.0274568
vn 0.00542623 0.013472 -0.020838
v 0.184166 -0.0337821 0.0446774
vn 0.00864017 0.0113592 0.0210113
v 0.152713 -0.00323409 0.0512694
vn -0.00864017 0.0113592 -0.0210113
v 0.144485 -0.0168435 0.0750818
vn 0.0185155 -0.013472 0.0109928
v 0.144485 -0.0168435 0.0750818
vn -0.0185155 0.013472 -0.0109928
v 0.144485 -0.0168435 0.0750818
vn -0.0185155 0.013472 -0.0109928
v 0.17226 -0.0534753 0.0791349
vn -0.00996899 0.016243 0.0167911
v 0.14848 -0.0102351 0.0635195
vn -0.00864017 0.0113592 -0.0210113
v 0.150386 -0.00708219 0.0580031
vn -0.00864017 0.0113592 -0.0210113
v 0.178059 -0.0409501 0.0807034
vn -0.00996899 0.016243 0.0167911
v 0.163436 -0.000254815 0.0566765
vn -0.00864017 0.0113592 -0.0210113
v 0.156234 -0.0121662 0.0775189
vn -0.0185155 0.013472 -0.0109928
v 0.18815 -0.0242579 0.0514977
vn 0.00864017 0.0113592 0.0210113
v 0.159451 -0.0164087 0.0779881
vn -0.0225834 0.0113592 0.00247373
v 0.170637 0.0116572 0.0358348
vn 0.00542623 0.013472 -0.020838
v 0.198241 -0.00756656 0.0222922
vn 0.0188973 0.016243 0.0049209
v 0.163414 0.00626775 0.0242044
vn 0 -0.0254 0
v 0.182624 -0.0350932 0.0433953
vn 0 -0.0254 0
v 0.159398 0.00906504 0.0261747
vn 0 -0.0254 0
v 0.159398 0.00906504 0.0261747
vn 0 0.0254 0
v 0.182624 -0.0350932 0.0433953
vn 0 0.0254 0
v 0.163414 0.00626775 0.0242044
vn 0 0.0254 0
v 0.151171 -0.00454518 0.0499873
vn 0 -0.0254 0
v 0.151171 -0.00454518 0.0499873
vn 0 0.0254 0
v 0.1658 0.00460734 0.0230338
vn 0 -0.0254 0
v 0.194529 -0.0154003 0.00893859
vn 0 -0.0254 0
v 0.194529 -0.0154003 0.00893859
vn 0 0.0254 0
v 0.1658 0.00460734 0.0230338
vn 0 0.0254 0
v 0.146938 -0.0115462 0.0622373
vn 0 -0.0254 0
v 0.170718 -0.0547864 0.0778528
vn 0 -0.0254 0
v 0.142943 -0.0181546 0.0737997
vn 0 -0.0254 0
v 0.142943 -0.0181546 0.0737997
vn 0 0.0254 0
v 0.170718 -0.0547864 0.0778528
vn 0 0.0254 0
v 0.146938 -0.0115462 0.0622373
vn 0 0.0254 0
v 0.148844 -0.00839328 0.056721
vn 0 -0.0254 0
v 0.148844 -0.00839328 0.056721
vn 0 0.0254 0
v 0.184166 -0.0337821 0.0446774
vn -0.00864017 -0.0113592 -0.0210113
v 0.16094 0.0103761 0.0274568
vn -0.00542623 -0.013472 0.020838
v 0.196072 -0.0140892 0.0102207
vn -0.0188973 -0.016243 -0.0049209
v 0.152713 -0.00323409 0.0512694
vn 0.00864017 -0.0113592 0.0210113
v 0.14848 -0.0102351 0.0635195
vn 0.00864017 -0.0113592 0.0210113
v 0.17226 -0.0534753 0.0791349
vn 0.00996899 -0.016243 -0.0167911
v 0.144485 -0.0168435 0.0750818
vn 0.0185155 -0.013472 0.0109928
v 0.150386 -0.00708219 0.0580031
vn 0.00864017 -0.0113592 0.0210113
v 0.0173174 0.159716 0.0671126
vn 0.020891 0.0074086 0.0124031
v 0.00712927 0.138162 0.0817801
vn 0.0095397 0.00399611 0.0231988
v 0.0155944 0.152165 0.0572787
vn 0.020891 0.0074086 0.0124031
v 0.000146874 0.126611 0.10199
vn 0.0095397 0.00399611 0.0231988
v 0.0155944 0.152165 0.0572787
vn -0.020891 -0.0074086 -0.0124031
v 0.00712927 0.138162 0.0817801
vn -0.0095397 -0.00399611 -0.0231988
v 0.0173174 0.159716 0.0671126
vn -0.020891 -0.0074086 -0.0124031
v 0.000146874 0.126611 0.10199
vn -0.0095397 -0.00399611 -0.0231988
v 0.0055872 0.136851 0.0804979
vn 0.00864017 -0.0113592 0.0210113
v 0.0155944 0.152165 0.0572787
vn 0.020891 0.0074086 0.0124031
v 0.00712927 0.138162 0.0817801
vn 0.0095397 0.00399611 0.0231988
v 0.00712927 0.138162 0.0817801
vn -0.0095397 -0.00399611 -0.0231988
v 0.0155944 0.152165 0.0572787
vn -0.020891 -0.0074086 -0.0124031
v 0.0055872 0.136851 0.0804979
vn -0.00864017 0.0113592 -0.0210113
v 0.0155944 0.152165 0.0572787
vn 0.020891 0.0074086 0.0124031
v -0.005018 0.189173 0.0638542
vn 0.012017 0.00954311 -0.0202406
v 0.0173174 0.159716 0.0671126
vn 0.020891 0.0074086 0.0124031
v 0.0173174 0.159716 0.0671126
vn -0.020891 -0.0074086 -0.0124031
v -0.005018 0.189173 0.0638542
vn -0.012017 -0.00954311 0.0202406
v 0.0155944 0.152165 0.0572787
vn -0.020891 -0.0074086 -0.0124031
v -0.00133637 0.124159 0.106281
vn -0.00612241 0.0074086 0.0235115
v -0.00133637 0.124159 0.106281
vn 0.00612241 -0.0074086 -0.0235115
v -0.0013952 0.1253 0.100708
vn 0.00864017 -0.0113592 0.0210113
v 0.000146874 0.126611 0.10199
vn 0.0095397 0.00399611 0.0231988
v 0.000146874 0.126611 0.10199
vn -0.0095397 -0.00399611 -0.0231988
v -0.0013952 0.1253 0.100708
vn -0.00864017 0.0113592 -0.0210113
v 0.0140523 0.150854 0.0559966
vn 0.0185155 -0.013472 0.0109928
v 0.0140523 0.150854 0.0559966
vn -0.0185155 0.013472 -0.0109928
v -0.0135594 0.190615 0.053025
vn 0.012017 0.00954311 -0.0202406
v -0.0135594 0.190615 0.053025
vn -0.012017 -0.00954311 0.0202406
v -0.005018 0.189173 0.0638542
vn 0.012017 0.00954311 -0.0202406
v 0.0179108 0.160221 0.067606
vn 0.0185155 0.013472 0.0109928
v 0.0173174 0.159716 0.0671126
vn 0.020891 0.0074086 0.0124031
v 0.0173174 0.159716 0.0671126
vn -0.020891 -0.0074086 -0.0124031
v 0.0179108 0.160221 0.067606
vn -0.0185155 -0.013472 -0.0109928
v -0.005018 0.189173 0.0638542
vn -0.012017 -0.00954311 0.0202406
v 0.00273896 0.135601 0.109307
vn -0.00612241 0.0074086 0.0235115
v 0.00273896 0.135601 0.109307
vn 0.00612241 -0.0074086 -0.0235115
v -0.00287844 0.122847 0.104999
vn -0.00542623 -0.013472 0.020838
v -0.00133637 0.124159 0.106281
vn -0.00612241 0.0074086 0.0235115
v -0.00133637 0.124159 0.106281
vn 0.00612241 -0.0074086 -0.0235115
v -0.00287844 0.122847 0.104999
vn 0.00542623 0.013472 -0.020838
v 0.0130544 0.151211 0.0568322
vn 0 -0.0254 0
v 0.0140523 0.150854 0.0559966
vn 0.0185155 -0.013472 0.0109928
v 0.0055872 0.136851 0.0804979
vn 0.00864017 -0.0113592 0.0210113
v 0.0055872 0.136851 0.0804979
vn -0.00864017 0.0113592 -0.0210113
v 0.0140523 0.150854 0.0559966
vn -0.0185155 0.013472 -0.0109928
v 0.0130544 0.151211 0.0568322
vn 0 0.0254 0
v -0.0151015 0.189304 0.0517428
vn 0.00996899 -0.016243 -0.0167911
v 0.0155944 0.152165 0.0572787
vn 0.020891 0.0074086 0.0124031
v 0.0140523 0.150854 0.0559966
vn 0.0185155 -0.013472 0.0109928
v 0.0140523 0.150854 0.0559966
vn -0.0185155 0.013472 -0.0109928
v 0.0155944 0.152165 0.0572787
vn -0.020891 -0.0074086 -0.0124031
v -0.0151015 0.189304 0.0517428
vn -0.00996899 0.016243 0.0167911
v 0.00482247 0.137593 0.0806582
vn 0 -0.0254 0
v -0.0013952 0.1253 0.100708
vn 0.00864017 -0.0113592 0.0210113
v -0.0013952 0.1253 0.100708
vn -0.00864017 0.0113592 -0.0210113
v 0.00482247 0.137593 0.0806582
vn 0 0.0254 0
v -0.0135594 0.190615 0.053025
vn 0.012017 0.00954311 -0.0202406
v -0.0135594 0.190615 0.053025
vn -0.012017 -0.00954311 0.0202406
v -0.0135594 0.190615 0.053025
vn 0.012017 0.00954311 -0.0202406
v -0.0255109 0.155274 0.123166
vn -0.0227794 0.00954311 -0.0059318
v -0.005018 0.189173 0.0638542
vn 0.012017 0.00954311 -0.0202406
v -0.005018 0.189173 0.0638542
vn -0.012017 -0.00954311 0.0202406
v -0.0255109 0.155274 0.123166
vn 0.0227794 -0.00954311 0.0059318
v -0.0135594 0.190615 0.053025
vn -0.012017 -0.00954311 0.0202406
v -0.00442459 0.189678 0.0643475
vn 0.00996899 0.016243 -0.0167911
v -0.00442459 0.189678 0.0643475
vn -0.00996899 -0.016243 0.0167911
v 0.0179108 0.160221 0.067606
vn 0.0185155 0.013472 0.0109928
v 0.0100285 0.147658 0.0882097
vn 0.0095397 0.00399611 0.0231988
v 0.0173174 0.159716 0.0671126
vn 0.020891 0.0074086 0.0124031
v 0.0173174 0.159716 0.0671126
vn -0.020891 -0.0074086 -0.0124031
v 0.0100285 0.147658 0.0882097
vn -0.0095397 -0.00399611 -0.0231988
v 0.0179108 0.160221 0.067606
vn -0.0185155 -0.013472 -0.0109928
v 0.0100285 0.147658 0.0882097
vn 0.0095397 0.00399611 0.0231988
v 0.0100285 0.147658 0.0882097
vn -0.0095397 -0.00399611 -0.0231988
v -0.0255109 0.155274 0.123166
vn -0.0227794 0.00954311 -0.0059318
v -0.00133637 0.124159 0.106281
vn -0.00612241 0.0074086 0.0235115
v 0.00273896 0.135601 0.109307
vn -0.00612241 0.0074086 0.0235115
v 0.00273896 0.135601 0.109307
vn 0.00612241 -0.0074086 -0.0235115
v -0.00133637 0.124159 0.106281
vn 0.00612241 -0.0074086 -0.0235115
v -0.0255109 0.155274 0.123166
vn 0.0227794 -0.00954311 0.0059318
v -0.0382113 0.149838 0.124372
vn -0.0227794 0.00954311 -0.0059318
v -0.00287844 0.122847 0.104999
vn -0.00542623 -0.013472 0.020838
v -0.00133637 0.124159 0.106281
vn -0.00612241 0.0074086 0.0235115
v -0.00133637 0.124159 0.106281
vn 0.00612241 -0.0074086 -0.0235115
v -0.00287844 0.122847 0.104999
vn 0.00542623 0.013472 -0.020838
v -0.0382113 0.149838 0.124372
vn 0.0227794 -0.00954311 0.0059318
v -0.00216047 0.126043 0.100868
vn 0 -0.0254 0
v -0.00287844 0.122847 0.104999
vn -0.00542623 -0.013472 0.020838
v -0.00287844 0.122847 0.104999
vn 0.00542623 0.013472 -0.020838
v -0.00216047 0.126043 0.100868
vn 0 0.0254 0
v -0.0147483 0.187879 0.052776
vn 0 -0.0254 0
v -0.0147483 0.187879 0.052776
vn 0 0.0254 0
v -0.0151015 0.189304 0.0517428
vn 0.00996899 -0.016243 -0.0167911
v -0.0151015 0.189304 0.0517428
vn -0.00996899 0.016243 0.0167911
v -0.000731062 0.128408 0.0967306
vn 0 -0.0254 0
v -0.000731062 0.128408 0.0967306
vn 0 0.0254 0
v -0.0151015 0.189304 0.0517428
vn 0.00996899 -0.016243 -0.0167911
v -0.0258853 0.170226 0.0886991
vn -0.0095397 0.00399611 -0.0231988
v -0.0135594 0.190615 0.053025
vn 0.012017 0.00954311 -0.0202406
v -0.0135594 0.190615 0.053025
vn -0.012017 -0.00954311 0.0202406
v -0.0258853 0.170226 0.0886991
vn 0.0095397 -0.00399611 0.0231988
v -0.0151015 0.189304 0.0517428
vn -0.00996899 0.016243 0.0167911
v -0.0258853 0.170226 0.0886991
vn -0.0095397 0.00399611 -0.0231988
v -0.0258853 0.170226 0.0886991
vn 0.0095397 -0.00399611 0.0231988
v -0.0152645 0.172224 0.0935103
vn -0.0095397 0.00399611 -0.0231988
v -0.0152645 0.172224 0.0935103
vn 0.0095397 -0.00399611 0.0231988
v -0.005018 0.189173 0.0638542
vn 0.012017 0.00954311 -0.0202406
v -0.014671 0.172728 0.0940037
vn -0.00864017 0.0113592 -0.0210113
v -0.00442459 0.189678 0.0643475
vn 0.00996899 0.016243 -0.0167911
v -0.00442459 0.189678 0.0643475
vn -0.00996899 -0.016243 0.0167911
v -0.014671 0.172728 0.0940037
vn 0.00864017 -0.0113592 0.0210113
v -0.005018 0.189173 0.0638542
vn -0.012017 -0.00954311 0.0202406
v -0.00442459 0.189678 0.0643475
vn -0.00996899 -0.016243 0.0167911
v 0.0179108 0.160221 0.067606
vn -0.0185155 -0.013472 -0.0109928
v -0.014671 0.172728 0.0940037
vn 0.00864017 -0.0113592 0.0210113
v 0.0106219 0.148163 0.0887031
vn 0.00864017 0.0113592 0.0210113
v 0.0106219 0.148163 0.0887031
vn -0.00864017 -0.0113592 -0.0210113
v 0.00273896 0.135601 0.109307
vn -0.00612241 0.0074086 0.0235115
v 0.00273896 0.135601 0.109307
vn 0.00612241 -0.0074086 -0.0235115
v -0.0382113 0.149838 0.124372
vn -0.0227794 0.00954311 -0.0059318
v -0.0382113 0.149838 0.124372
vn 0.0227794 -0.00954311 0.0059318
v 0.00273896 0.135601 0.109307
vn -0.00612241 0.0074086 0.0235115
v -0.0249175 0.155778 0.12366
vn -0.0188973 0.016243 -0.0049209
v -0.0255109 0.155274 0.123166
vn -0.0227794 0.00954311 -0.0059318
v -0.0255109 0.155274 0.123166
vn 0.0227794 -0.00954311 0.0059318
v -0.0249175 0.155778 0.12366
vn 0.0188973 -0.016243 0.0049209
v 0.00273896 0.135601 0.109307
vn 0.00612241 -0.0074086 -0.0235115
v -0.0397534 0.148527 0.12309
vn -0.0188973 -0.016243 -0.0049209
v -0.0397534 0.148527 0.12309
vn 0.0188973 0.016243 0.0049209
v -0.00341048 0.123976 0.104485
vn 0 -0.0254 0
v -0.00341048 0.123976 0.104485
vn 0 0.0254 0
v 0.0130544 0.151211 0.0568322
vn -0.0218407 0 -0.012967
v -0.0132062 0.18919 0.0540581
vn -0.00996899 -0.016243 0.0167911
v -0.0147483 0.187879 0.052776
vn -0.012967 0 0.0218407
v -0.0147483 0.187879 0.052776
vn 0.012967 0 -0.0218407
v -0.0132062 0.18919 0.0540581
vn 0.00996899 0.016243 -0.0167911
v 0.0130544 0.151211 0.0568322
vn 0.0218407 0 0.012967
v 0.00636455 0.138904 0.0819403
vn -0.00864017 -0.0113592 -0.0210113
v 0.0130544 0.151211 0.0568322
vn -0.0218407 0 -0.012967
v 0.00482247 0.137593 0.0806582
vn -0.00966 0 -0.0234914
v 0.00482247 0.137593 0.0806582
vn 0.00966 0 0.0234914
v 0.0130544 0.151211 0.0568322
vn 0.0218407 0 0.012967
v 0.00636455 0.138904 0.0819403
vn 0.00864017 0.0113592 0.0210113
v -0.0274274 0.168915 0.087417
vn -0.00864017 -0.0113592 -0.0210113
v -0.0274274 0.168915 0.087417
vn 0.00864017 0.0113592 0.0210113
v -0.000731062 0.128408 0.0967306
vn -0.00966 0 -0.0234914
v -0.000618393 0.127354 0.10215
vn -0.00864017 -0.0113592 -0.0210113
v -0.000618393 0.127354 0.10215
vn 0.00864017 0.0113592 0.0210113
v -0.000731062 0.128408 0.0967306
vn 0.00966 0 0.0234914
v -0.0274274 0.168915 0.087417
vn -0.00864017 -0.0113592 -0.0210113
v -0.0274274 0.168915 0.087417
vn 0.00864017 0.0113592 0.0210113
v -0.0382113 0.149838 0.124372
vn -0.0227794 0.00954311 -0.0059318
v -0.0382113 0.149838 0.124372
vn 0.0227794 -0.00954311 0.0059318
v -0.0249175 0.155778 0.12366
vn -0.0188973 0.016243 -0.0049209
v -0.0152645 0.172224 0.0935103
vn -0.0095397 0.00399611 -0.0231988
v -0.0255109 0.155274 0.123166
vn -0.0227794 0.00954311 -0.0059318
v -0.0255109 0.155274 0.123166
vn 0.0227794 -0.00954311 0.0059318
v -0.0152645 0.172224 0.0935103
vn 0.0095397 -0.00399611 0.0231988
v -0.0249175 0.155778 0.12366
vn 0.0188973 -0.016243 0.0049209
v 0.0106219 0.148163 0.0887031
vn -0.00864017 -0.0113592 -0.0210113
v 0.00333236 0.136105 0.1098
vn -0.00542623 0.013472 0.020838
v 0.00333236 0.136105 0.1098
vn 0.00542623 -0.013472 -0.020838
v 0.00333236 0.136105 0.1098
vn -0.00542623 0.013472 0.020838
v 0.00333236 0.136105 0.1098
vn 0.00542623 -0.013472 -0.020838
v -0.0382113 0.149838 0.124372
vn -0.0227794 0.00954311 -0.0059318
v -0.0397534 0.148527 0.12309
vn -0.0188973 -0.016243 -0.0049209
v -0.0397534 0.148527 0.12309
vn 0.0188973 0.016243 0.0049209
v -0.0382113 0.149838 0.124372
vn 0.0227794 -0.00954311 0.0059318
v -0.038576 0.148465 0.121738
vn 0 -0.0254 0
v -0.0397534 0.148527 0.12309
vn -0.0188973 -0.016243 -0.0049209
v -0.0397534 0.148527 0.12309
vn 0.0188973 0.016243 0.0049209
v -0.038576 0.148465 0.121738
vn 0 0.0254 0
v -0.00216047 0.126043 0.100868
vn -0.00966 0 -0.0234914
v -0.00216047 0.126043 0.100868
vn 0.00966 0 0.0234914
v -0.00186841 0.125287 0.105767
vn 0.00542623 -0.013472 -0.020838
v -0.00341048 0.123976 0.104485
vn 0.00640074 -0 -0.0245803
v -0.00341048 0.123976 0.104485
vn -0.00640074 0 0.0245803
v -0.00186841 0.125287 0.105767
vn -0.00542623 0.013472 0.020838
v -0.0266621 0.168172 0.0872569
vn 0 -0.0254 0
v -0.0266621 0.168172 0.0872569
vn 0 0.0254 0
v -0.0132062 0.18919 0.0540581
vn -0.00996899 -0.016243 0.0167911
v -0.0266621 0.168172 0.0872569
vn 0.00966 0 0.0234914
v -0.0147483 0.187879 0.052776
vn -0.012967 0 0.0218407
v -0.0147483 0.187879 0.052776
vn 0.012967 0 -0.0218407
v -0.0266621 0.168172 0.0872569
vn -0.00966 0 -0.0234914
v -0.0132062 0.18919 0.0540581
vn 0.00996899 0.016243 -0.0167911
v 0.0145964 0.152522 0.0581143
vn -0.0185155 -0.013472 -0.0109928
v 0.0145964 0.152522 0.0581143
vn 0.0185155 0.013472 0.0109928
v 0.0145964 0.152522 0.0581143
vn -0.0185155 -0.013472 -0.0109928
v 0.0145964 0.152522 0.0581143
vn 0.0185155 0.013472 0.0109928
v -0.0249175 0.155778 0.12366
vn 0.0188973 -0.016243 0.0049209
v 0.00333236 0.136105 0.1098
vn 0.00542623 -0.013472 -0.020838
v -0.038576 0.148465 0.121738
vn 0.0245803 0 0.00640074
v -0.00186841 0.125287 0.105767
vn 0.00542623 -0.013472 -0.020838
v -0.00341048 0.123976 0.104485
vn 0.00640074 -0 -0.0245803
v -0.00341048 0.123976 0.104485
vn -0.00640074 0 0.0245803
v -0.00186841 0.125287 0.105767
vn -0.00542623 0.013472 0.020838
v -0.038576 0.148465 0.121738
vn -0.0245803 0 -0.00640074
v -0.0251201 0.169483 0.088539
vn 0.00864017 -0.0113592 0.0210113
v -0.0251201 0.169483 0.088539
vn -0.00864017 0.0113592 -0.0210113
v -0.0132062 0.18919 0.0540581
vn 0.00996899 0.016243 -0.0167911
v -0.0251201 0.169483 0.088539
vn -0.00864017 0.0113592 -0.0210113
v 0.0145964 0.152522 0.0581143
vn 0.0185155 0.013472 0.0109928
v 0.00636455 0.138904 0.0819403
vn 0.00864017 0.0113592 0.0210113
v -0.000618393 0.127354 0.10215
vn 0.00864017 0.0113592 0.0210113
v -0.038576 0.148465 0.121738
vn 0.0245803 0 0.00640074
v -0.038576 0.148465 0.121738
vn -0.0245803 0 -0.00640074
v -0.00186841 0.125287 0.105767
vn -0.00542623 0.013472 0.020838
v -0.0370339 0.149776 0.12302
vn -0.0188973 0.016243 -0.0049209
v -0.0370339 0.149776 0.12302
vn 0.0188973 -0.016243 0.0049209
v -0.0370339 0.149776 0.12302
vn -0.0188973 0.016243 -0.0049209
v -0.0370339 0.149776 0.12302
vn 0.0188973 -0.016243 0.0049209
v -0.0370339 0.149776 0.12302
vn -0.0188973 0.016243 -0.0049209
v -0.014671 0.172728 0.0940037
vn -0.00864017 0.0113592 -0.0210113
v 0.0179108 0.160221 0.067606
vn 0.0185155 0.013472 0.0109928
v -0.00442459 0.189678 0.0643475
vn 0.00996899 0.016243 -0.0167911
v 0.0106219 0.148163 0.0887031
vn 0.00864017 0.0113592 0.0210113
v -0.0249175 0.155778 0.12366
vn -0.0188973 0.016243 -0.0049209
v 0.00333236 0.136105 0.1098
vn -0.00542623 0.013472 0.020838
v 0.0130544 0.151211 0.0568322
vn 0 -0.0254 0
v -0.0266621 0.168172 0.0872569
vn 0 -0.0254 0
v -0.0147483 0.187879 0.052776
vn 0 -0.0254 0
v -0.0147483 0.187879 0.052776
vn 0 0.0254 0
v -0.0266621 0.168172 0.0872569
vn 0 0.0254 0
v 0.0130544 0.151211 0.0568322
vn 0 0.0254 0
v 0.00482247 0.137593 0.0806582
vn 0 -0.0254 0
v 0.00482247 0.137593 0.0806582
vn 0 0.0254 0
v -0.000731062 0.128408 0.0967306
vn 0 -0.0254 0
v -0.000731062 0.128408 0.0967306
vn 0 0.0254 0
v -0.038576 0.148465 0.121738
vn 0 -0.0254 0
v -0.00216047 0.126043 0.100868
vn 0 -0.0254 0
v -0.00216047 0.126043 0.100868
vn 0 0.0254 0
v -0.038576 0.148465 0.121738
vn 0 0.0254 0
v -0.00341048 0.123976 0.104485
vn 0 -0.0254 0
v -0.00341048 0.123976 0.104485
vn 0 0.0254 0
v 0.0145964 0.152522 0.0581143
vn -0.0185155 -0.013472 -0.0109928
v -0.0251201 0.169483 0.088539
vn 0.00864017 -0.0113592 0.0210113
v -0.0132062 0.18919 0.0540581
vn -0.00996899 -0.016243 0.0167911
v 0.00636455 0.138904 0.0819403
vn -0.00864017 -0.0113592 -0.0210113
v -0.000618393 0.127354 0.10215
vn -0.00864017 -0.0113592 -0.0210113
v -0.0370339 0.149776 0.12302
vn 0.0188973 -0.016243 0.0049209
v -0.00186841 0.125287 0.105767
vn 0.00542623 -0.013472 -0.020838
v 0.0332646 0.0452577 0.164975
vn 0.0172791 0.00750555 0.017037
v 0.0194986 0.0283095 0.179235
vn 0.00368698 0.0040497 0.0248025
v 0.0318008 0.036411 0.156155
vn 0.0172791 0.00750555 0.017037
v 0.0171803 0.0267825 0.183585
vn 0.00368698 0.0040497 0.0248025
v 0.0318008 0.036411 0.156155
vn -0.0172791 -0.00750555 -0.017037
v 0.0194986 0.0283095 0.179235
vn -0.00368698 -0.0040497 -0.0248025
v 0.0332646 0.0452577 0.164975
vn -0.0172791 -0.00750555 -0.017037
v 0.0171803 0.0267825 0.183585
vn -0.00368698 -0.0040497 -0.0248025
v 0.0179566 0.0269984 0.177953
vn 0.00334048 -0.0113592 0.0224715
v 0.0318008 0.036411 0.156155
vn 0.0172791 0.00750555 0.017037
v 0.0194986 0.0283095 0.179235
vn 0.00368698 0.0040497 0.0248025
v 0.0194986 0.0283095 0.179235
vn -0.00368698 -0.0040497 -0.0248025
v 0.0318008 0.036411 0.156155
vn -0.0172791 -0.00750555 -0.017037
v 0.0179566 0.0269984 0.177953
vn -0.00334048 0.0113592 -0.0224715
v 0.0179336 0.0609923 0.147697
vn 0.0248521 0.0040497 0.00333664
v 0.0332646 0.0452577 0.164975
vn 0.0172791 0.00750555 0.017037
v 0.0318008 0.036411 0.156155
vn 0.0172791 0.00750555 0.017037
v 0.0318008 0.036411 0.156155
vn -0.0172791 -0.00750555 -0.017037
v 0.0332646 0.0452577 0.164975
vn -0.0172791 -0.00750555 -0.017037
v 0.0179336 0.0609923 0.147697
vn -0.0248521 -0.0040497 -0.00333664
v 0.0100365 0.0220779 0.196988
vn -0.0164932 0.0096602 0.0167276
v 0.0100365 0.0220779 0.196988
vn 0.0164932 -0.0096602 -0.0167276
v 0.0156382 0.0254714 0.182303
vn 0.00334048 -0.0113592 0.0224715
v 0.0171803 0.0267825 0.183585
vn 0.00368698 0.0040497 0.0248025
v 0.0171803 0.0267825 0.183585
vn -0.00368698 -0.0040497 -0.0248025
v 0.0156382 0.0254714 0.182303
vn -0.00334048 0.0113592 -0.0224715
v 0.0302588 0.0350999 0.154873
vn 0.0153331 -0.013472 0.0151182
v 0.0302588 0.0350999 0.154873
vn -0.0153331 0.013472 -0.0151182
v 0.0213552 0.0663682 0.157712
vn 0.0248521 0.0040497 0.00333664
v 0.0213552 0.0663682 0.157712
vn -0.0248521 -0.0040497 -0.00333664
v 0.0318008 0.036411 0.156155
vn 0.0172791 0.00750555 0.017037
v 0.0163915 0.0596812 0.146415
vn 0.0225164 -0.0113592 0.00302306
v 0.0179336 0.0609923 0.147697
vn 0.0248521 0.0040497 0.00333664
v 0.0179336 0.0609923 0.147697
vn -0.0248521 -0.0040497 -0.00333664
v 0.0163915 0.0596812 0.146415
vn -0.0225164 0.0113592 -0.00302306
v 0.0318008 0.036411 0.156155
vn -0.0172791 -0.00750555 -0.017037
v 0.0166726 0.0343322 0.196103
vn -0.0164932 0.0096602 0.0167276
v 0.0166726 0.0343322 0.196103
vn 0.0164932 -0.0096602 -0.0167276
v 0.00849447 0.0207669 0.195706
vn -0.0137103 -0.016243 0.0139051
v 0.0100365 0.0220779 0.196988
vn -0.0164932 0.0096602 0.0167276
v 0.0100365 0.0220779 0.196988
vn 0.0164932 -0.0096602 -0.0167276
v 0.00849447 0.0207669 0.195706
vn 0.0137103 0.016243 -0.0139051
v 0.0290136 0.0358292 0.155624
vn 0 -0.0254 0
v 0.0302588 0.0350999 0.154873
vn 0.0153331 -0.013472 0.0151182
v 0.0179566 0.0269984 0.177953
vn 0.00334048 -0.0113592 0.0224715
v 0.0179566 0.0269984 0.177953
vn -0.00334048 0.0113592 -0.0224715
v 0.0302588 0.0350999 0.154873
vn -0.0153331 0.013472 -0.0151182
v 0.0290136 0.0358292 0.155624
vn 0 0.0254 0
v 0.0302588 0.0350999 0.154873
vn 0.0153331 -0.013472 0.0151182
v 0.0302588 0.0350999 0.154873
vn -0.0153331 0.013472 -0.0151182
v 0.0148328 0.0264904 0.18223
vn 0 -0.0254 0
v 0.0156382 0.0254714 0.182303
vn 0.00334048 -0.0113592 0.0224715
v 0.0156382 0.0254714 0.182303
vn -0.00334048 0.0113592 -0.0224715
v 0.0148328 0.0264904 0.18223
vn 0 0.0254 0
v 0.00944513 0.0874786 0.15045
vn 0.021161 0.00750555 -0.011876
v 0.00944513 0.0874786 0.15045
vn -0.021161 -0.00750555 0.011876
v 0.0213552 0.0663682 0.157712
vn 0.0248521 0.0040497 0.00333664
v 0.033858 0.0457623 0.165469
vn 0.0153331 0.013472 0.0151182
v 0.0332646 0.0452577 0.164975
vn 0.0172791 0.00750555 0.017037
v 0.0332646 0.0452577 0.164975
vn -0.0172791 -0.00750555 -0.017037
v 0.033858 0.0457623 0.165469
vn -0.0153331 -0.013472 -0.0151182
v 0.0213552 0.0663682 0.157712
vn -0.0248521 -0.0040497 -0.00333664
v 0.00252425 0.0842625 0.137957
vn 0.0187778 -0.013472 -0.0105385
v 0.00252425 0.0842625 0.137957
vn -0.0187778 0.013472 0.0105385
v 0.033858 0.0457623 0.165469
vn 0.0153331 0.013472 0.0151182
v 0.0166726 0.0343322 0.196103
vn -0.0164932 0.0096602 0.0167276
v 0.0332646 0.0452577 0.164975
vn 0.0172791 0.00750555 0.017037
v 0.0332646 0.0452577 0.164975
vn -0.0172791 -0.00750555 -0.017037
v 0.0166726 0.0343322 0.196103
vn 0.0164932 -0.0096602 -0.0167276
v 0.033858 0.0457623 0.165469
vn -0.0153331 -0.013472 -0.0151182
v -5.69363e-05 0.0639869 0.1859
vn -0.0248521 0.0040497 -0.00333664
v 0.0100365 0.0220779 0.196988
vn -0.0164932 0.0096602 0.0167276
v 0.0166726 0.0343322 0.196103
vn -0.0164932 0.0096602 0.0167276
v 0.0166726 0.0343322 0.196103
vn 0.0164932 -0.0096602 -0.0167276
v 0.0100365 0.0220779 0.196988
vn 0.0164932 -0.0096602 -0.0167276
v -5.69363e-05 0.0639869 0.1859
vn 0.0248521 -0.0040497 0.00333664
v -0.0101544 0.0578686 0.184674
vn -0.0248521 0.0040497 -0.00333664
v 0.00849447 0.0207669 0.195706
vn -0.0137103 -0.016243 0.0139051
v 0.0100365 0.0220779 0.196988
vn -0.0164932 0.0096602 0.0167276
v 0.0100365 0.0220779 0.196988
vn 0.0164932 -0.0096602 -0.0167276
v 0.00849447 0.0207669 0.195706
vn 0.0137103 0.016243 -0.0139051
v -0.0101544 0.0578686 0.184674
vn 0.0248521 -0.0040497 0.00333664
v 0.00846531 0.022297 0.194176
vn 0 -0.0254 0
v 0.00849447 0.0207669 0.195706
vn -0.0137103 -0.016243 0.0139051
v 0.00849447 0.0207669 0.195706
vn 0.0137103 0.016243 -0.0139051
v 0.00846531 0.022297 0.194176
vn 0 0.0254 0
v 0.0156066 0.0595939 0.147448
vn 0 -0.0254 0
v 0.0156066 0.0595939 0.147448
vn 0 0.0254 0
v 0.0171511 0.0280164 0.177881
vn 0 -0.0254 0
v 0.0171511 0.0280164 0.177881
vn 0 0.0254 0
v 0.0163915 0.0596812 0.146415
vn 0.0225164 -0.0113592 0.00302306
v 0.0163915 0.0596812 0.146415
vn -0.0225164 0.0113592 -0.00302306
v 0.00406632 0.0855736 0.139239
vn 0.021161 0.00750555 -0.011876
v 0.00406632 0.0855736 0.139239
vn -0.021161 -0.00750555 0.011876
v 0.00944513 0.0874786 0.15045
vn 0.021161 0.00750555 -0.011876
v 0.0219486 0.0668728 0.158205
vn 0.0225164 0.0113592 0.00302306
v 0.0219486 0.0668728 0.158205
vn -0.0225164 -0.0113592 -0.00302306
v 0.00944513 0.0874786 0.15045
vn -0.021161 -0.00750555 0.011876
v 0.00406632 0.0855736 0.139239
vn 0.021161 0.00750555 -0.011876
v 0.00406632 0.0855736 0.139239
vn -0.021161 -0.00750555 0.011876
v 0.00219905 0.0833593 0.139272
vn 0 -0.0254 0
v 0.00252425 0.0842625 0.137957
vn 0.0187778 -0.013472 -0.0105385
v 0.00252425 0.0842625 0.137957
vn -0.0187778 0.013472 0.0105385
v 0.00219905 0.0833593 0.139272
vn 0 0.0254 0
v 0.017266 0.0348367 0.196597
vn -0.0137103 0.016243 0.0139051
v 0.017266 0.0348367 0.196597
vn 0.0137103 -0.016243 -0.0139051
v -0.0101544 0.0578686 0.184674
vn -0.0248521 0.0040497 -0.00333664
v -0.0101544 0.0578686 0.184674
vn 0.0248521 -0.0040497 0.00333664
v 0.0166726 0.0343322 0.196103
vn -0.0164932 0.0096602 0.0167276
v 0.000536472 0.0644914 0.186394
vn -0.0225164 0.0113592 -0.00302306
v -5.69363e-05 0.0639869 0.1859
vn -0.0248521 0.0040497 -0.00333664
v -5.69363e-05 0.0639869 0.1859
vn 0.0248521 -0.0040497 0.00333664
v 0.000536472 0.0644914 0.186394
vn 0.0225164 -0.0113592 0.00302306
v 0.0166726 0.0343322 0.196103
vn 0.0164932 -0.0096602 -0.0167276
v -0.0116964 0.0565575 0.183392
vn -0.0225164 -0.0113592 -0.00302306
v -0.0116964 0.0565575 0.183392
vn 0.0225164 0.0113592 0.00302306
v -0.0116964 0.0565575 0.183392
vn -0.0225164 -0.0113592 -0.00302306
v -0.0116964 0.0565575 0.183392
vn 0.0225164 0.0113592 0.00302306
v 0.0290136 0.0358292 0.155624
vn -0.0180868 0 -0.0178333
v 0.0171487 0.060905 0.14873
vn -0.0225164 -0.0113592 -0.00302306
v 0.0156066 0.0595939 0.147448
vn -0.0251741 0 -0.00337988
v 0.0156066 0.0595939 0.147448
vn 0.0251741 0 0.00337988
v 0.0171487 0.060905 0.14873
vn 0.0225164 0.0113592 0.00302306
v 0.0290136 0.0358292 0.155624
vn 0.0180868 0 0.0178333
v 0.0186932 0.0293275 0.179163
vn -0.00334048 -0.0113592 -0.0224715
v 0.0290136 0.0358292 0.155624
vn -0.0180868 0 -0.0178333
v 0.0171511 0.0280164 0.177881
vn -0.00373477 0 -0.0251239
v 0.0171511 0.0280164 0.177881
vn 0.00373477 0 0.0251239
v 0.0290136 0.0358292 0.155624
vn 0.0180868 0 0.0178333
v 0.0186932 0.0293275 0.179163
vn 0.00334048 0.0113592 0.0224715
v 0.0163748 0.0278015 0.183512
vn -0.00334048 -0.0113592 -0.0224715
v 0.0148328 0.0264904 0.18223
vn -0.00373477 0 -0.0251239
v 0.0148328 0.0264904 0.18223
vn 0.00373477 0 0.0251239
v 0.0163748 0.0278015 0.183512
vn 0.00334048 0.0113592 0.0224715
v 0.0100074 0.0236081 0.195459
vn 0.0137103 -0.016243 -0.0139051
v 0.00846531 0.022297 0.194176
vn 0.0178333 0 -0.0180868
v 0.00846531 0.022297 0.194176
vn -0.0178333 0 0.0180868
v 0.0100074 0.0236081 0.195459
vn -0.0137103 0.016243 0.0139051
v 0.00406632 0.0855736 0.139239
vn 0.021161 0.00750555 -0.011876
v -0.016787 0.0936425 0.175697
vn -0.011497 0.0096602 -0.0204856
v 0.00944513 0.0874786 0.15045
vn 0.021161 0.00750555 -0.011876
v 0.00944513 0.0874786 0.15045
vn -0.021161 -0.00750555 0.011876
v -0.016787 0.0936425 0.175697
vn 0.011497 -0.0096602 0.0204856
v 0.00406632 0.0855736 0.139239
vn -0.021161 -0.00750555 0.011876
v 0.0100385 0.0879831 0.150943
vn 0.0187778 0.013472 -0.0105385
v 0.0100385 0.0879831 0.150943
vn -0.0187778 -0.013472 0.0105385
v 0.033858 0.0457623 0.165469
vn -0.0153331 -0.013472 -0.0151182
v -0.0161936 0.094147 0.17619
vn 0.00955705 -0.016243 0.017029
v 0.0219486 0.0668728 0.158205
vn -0.0225164 -0.0113592 -0.00302306
v -0.0318879 0.092348 0.171078
vn -0.00955705 -0.016243 -0.017029
v 0.00406632 0.0855736 0.139239
vn 0.021161 0.00750555 -0.011876
v 0.00252425 0.0842625 0.137957
vn 0.0187778 -0.013472 -0.0105385
v 0.00252425 0.0842625 0.137957
vn -0.0187778 0.013472 0.0105385
v 0.00406632 0.0855736 0.139239
vn -0.021161 -0.00750555 0.011876
v -0.0318879 0.092348 0.171078
vn 0.00955705 0.016243 0.017029
v -0.0318879 0.092348 0.171078
vn -0.00955705 -0.016243 -0.017029
v -0.0318879 0.092348 0.171078
vn 0.00955705 0.016243 0.017029
v 0.017266 0.0348367 0.196597
vn 0.0137103 -0.016243 -0.0139051
v 0.017266 0.0348367 0.196597
vn -0.0137103 0.016243 0.0139051
v 0.017266 0.0348367 0.196597
vn 0.0137103 -0.016243 -0.0139051
v -0.016787 0.0936425 0.175697
vn -0.011497 0.0096602 -0.0204856
v -0.016787 0.0936425 0.175697
vn 0.011497 -0.0096602 0.0204856
v -0.0161936 0.094147 0.17619
vn -0.00955705 0.016243 -0.017029
v -0.0161936 0.094147 0.17619
vn 0.00955705 -0.016243 0.017029
v -0.0303458 0.0936591 0.17236
vn -0.011497 0.0096602 -0.0204856
v -0.0303458 0.0936591 0.17236
vn 0.011497 -0.0096602 0.0204856
v -0.0109121 0.0566447 0.182359
vn 0 -0.0254 0
v -0.0109121 0.0566447 0.182359
vn 0 0.0254 0
v 0.0305557 0.0371403 0.156907
vn -0.0153331 -0.013472 -0.0151182
v 0.0305557 0.0371403 0.156907
vn 0.0153331 0.013472 0.0151182
v 0.00374113 0.0846704 0.140554
vn -0.0187778 -0.013472 0.0105385
v 0.00374113 0.0846704 0.140554
vn 0.0187778 0.013472 -0.0105385
v 0.0305557 0.0371403 0.156907
vn -0.0153331 -0.013472 -0.0151182
v 0.0305557 0.0371403 0.156907
vn 0.0153331 0.013472 0.0151182
v 0.00219905 0.0833593 0.139272
vn -0.0221501 0 0.0124311
v 0.00219905 0.0833593 0.139272
vn 0.0221501 -0 -0.0124311
v -0.0109121 0.0566447 0.182359
vn 0.0251741 0 0.00337988
v 0.0100074 0.0236081 0.195459
vn 0.0137103 -0.016243 -0.0139051
v 0.00846531 0.022297 0.194176
vn 0.0178333 0 -0.0180868
v 0.00846531 0.022297 0.194176
vn -0.0178333 0 0.0180868
v 0.0100074 0.0236081 0.195459
vn -0.0137103 0.016243 0.0139051
v -0.0109121 0.0566447 0.182359
vn -0.0251741 0 -0.00337988
v -0.0303458 0.0936591 0.17236
vn -0.011497 0.0096602 -0.0204856
v -0.0303458 0.0936591 0.17236
vn 0.011497 -0.0096602 0.0204856
v -0.016787 0.0936425 0.175697
vn -0.011497 0.0096602 -0.0204856
v 0.0100385 0.0879831 0.150943
vn 0.0187778 0.013472 -0.0105385
v 0.00944513 0.0874786 0.15045
vn 0.021161 0.00750555 -0.011876
v 0.00944513 0.0874786 0.15045
vn -0.021161 -0.00750555 0.011876
v 0.0100385 0.0879831 0.150943
vn -0.0187778 -0.013472 0.0105385
v -0.016787 0.0936425 0.175697
vn 0.011497 -0.0096602 0.0204856
v 0.0100385 0.0879831 0.150943
vn -0.0187778 -0.013472 0.0105385
v -0.0303458 0.0936591 0.17236
vn -0.011497 0.0096602 -0.0204856
v -0.0303458 0.0936591 0.17236
vn 0.011497 -0.0096602 0.0204856
v -0.0266611 0.0901398 0.16705
vn 0 -0.0254 0
v -0.0266611 0.0901398 0.16705
vn 0 0.0254 0
v 0.000536472 0.0644914 0.186394
vn 0.0225164 -0.0113592 0.00302306
v -0.0303458 0.0936591 0.17236
vn -0.011497 0.0096602 -0.0204856
v -0.0303458 0.0936591 0.17236
vn 0.011497 -0.0096602 0.0204856
v -0.016787 0.0936425 0.175697
vn -0.011497 0.0096602 -0.0204856
v -0.016787 0.0936425 0.175697
vn 0.011497 -0.0096602 0.0204856
v -0.0318879 0.092348 0.171078
vn -0.00955705 -0.016243 -0.017029
v -0.0318879 0.092348 0.171078
vn 0.00955705 0.016243 0.017029
v 0.0305557 0.0371403 0.156907
vn 0.0153331 0.013472 0.0151182
v 0.0171487 0.060905 0.14873
vn 0.0225164 0.0113592 0.00302306
v -0.0287474 0.0923034 0.171824
vn -0.00955705 0.016243 -0.017029
v 0.00374113 0.0846704 0.140554
vn 0.0187778 0.013472 -0.0105385
v 0.00374113 0.0846704 0.140554
vn -0.0187778 -0.013472 0.0105385
v -0.0266611 0.0901398 0.16705
vn -0.0102293 0 0.0232491
v 0.00219905 0.0833593 0.139272
vn -0.0221501 0 0.0124311
v 0.00219905 0.0833593 0.139272
vn 0.0221501 -0 -0.0124311
v -0.0266611 0.0901398 0.16705
vn 0.0102293 -0 -0.0232491
v 0.00374113 0.0846704 0.140554
vn 0.0187778 0.013472 -0.0105385
v -0.0279708 0.090448 0.16831
vn 0 -0.0254 0
v -0.0279708 0.090448 0.16831
vn 0 0.0254 0
v -0.0279708 0.090448 0.16831
vn -0.0102293 0 0.0232491
v -0.0279708 0.090448 0.16831
vn 0.0102293 -0 -0.0232491
v 0.0186932 0.0293275 0.179163
vn 0.00334048 0.0113592 0.0224715
v 0.0163748 0.0278015 0.183512
vn 0.00334048 0.0113592 0.0224715
v -0.00937 0.0579558 0.183641
vn -0.0225164 0.0113592 -0.00302306
v -0.0302895 0.0909923 0.170542
vn 0 -0.0254 0
v -0.0302895 0.0909923 0.170542
vn 0 0.0254 0
v -0.0287474 0.0923034 0.171824
vn 0.00955705 -0.016243 0.017029
v -0.0302895 0.0909923 0.170542
vn 0.0124311 0 0.0221501
v -0.0302895 0.0909923 0.170542
vn -0.0124311 0 -0.0221501
v -0.0287474 0.0923034 0.171824
vn -0.00955705 0.016243 -0.017029
v -0.0302895 0.0909923 0.170542
vn 0.0124311 0 0.0221501
v -0.00937 0.0579558 0.183641
vn 0.0225164 -0.0113592 0.00302306
v -0.00937 0.0579558 0.183641
vn -0.0225164 0.0113592 -0.00302306
v -0.0302895 0.0909923 0.170542
vn -0.0124311 0 -0.0221501
v 0.0100074 0.0236081 0.195459
vn -0.0137103 0.016243 0.0139051
v -0.0161936 0.094147 0.17619
vn -0.00955705 0.016243 -0.017029
v -0.0161936 0.094147 0.17619
vn 0.00955705 -0.016243 0.017029
v -0.0287474 0.0923034 0.171824
vn 0.00955705 -0.016243 0.017029
v -0.0287474 0.0923034 0.171824
vn -0.00955705 0.016243 -0.017029
v -0.0266611 0.0901398 0.16705
vn 0 -0.0254 0
v 0.0156066 0.0595939 0.147448
vn 0 -0.0254 0
v 0.0290136 0.0358292 0.155624
vn 0 -0.0254 0
v 0.0290136 0.0358292 0.155624
vn 0 0.0254 0
v 0.0156066 0.0595939 0.147448
vn 0 0.0254 0
v -0.0266611 0.0901398 0.16705
vn 0 0.0254 0
v -0.0279708 0.090448 0.16831
vn 0 -0.0254 0
v 0.0171511 0.0280164 0.177881
vn 0 -0.0254 0
v 0.0171511 0.0280164 0.177881
vn 0 0.0254 0
v -0.0279708 0.090448 0.16831
vn 0 0.0254 0
v -0.0109121 0.0566447 0.182359
vn 0 -0.0254 0
v 0.0148328 0.0264904 0.18223
vn 0 -0.0254 0
v 0.0148328 0.0264904 0.18223
vn 0 0.0254 0
v -0.0109121 0.0566447 0.182359
vn 0 0.0254 0
v 0.00846531 0.022297 0.194176
vn 0 -0.0254 0
v 0.00846531 0.022297 0.194176
vn 0 0.0254 0
v 0.00219905 0.0833593 0.139272
vn 0 -0.0254 0
v 0.00219905 0.0833593 0.139272
vn 0 0.0254 0
v -0.0302895 0.0909923 0.170542
vn 0 -0.0254 0
v -0.0302895 0.0909923 0.170542
vn 0 0.0254 0
v 0.0219486 0.0668728 0.158205
vn 0.0225164 0.0113592 0.00302306
v -0.0161936 0.094147 0.17619
vn -0.00955705 0.016243 -0.017029
v 0.033858 0.0457623 0.165469
vn 0.0153331 0.013472 0.0151182
v 0.017266 0.0348367 0.196597
vn -0.0137103 0.016243 0.0139051
v 0.0100385 0.0879831 0.150943
vn 0.0187778 0.013472 -0.0105385
v 0.000536472 0.0644914 0.186394
vn -0.0225164 0.0113592 -0.00302306
v -0.0287474 0.0923034 0.171824
vn 0.00955705 -0.016243 0.017029
v 0.0171487 0.060905 0.14873
vn -0.0225164 -0.0113592 -0.00302306
v 0.0305557 0.0371403 0.156907
vn -0.0153331 -0.013472 -0.0151182
v 0.00374113 0.0846704 0.140554
vn -0.0187778 -0.013472 0.0105385
v 0.0186932 0.0293275 0.179163
vn -0.00334048 -0.0113592 -0.0224715
v -0.00937 0.0579558 0.183641
vn 0.0225164 -0.0113592 0.00302306
v 0.0163748 0.0278015 0.183512
vn -0.00334048 -0.0113592 -0.0224715
v 0.0100074 0.0236081 0.195459
vn 0.0137103 -0.016243 -0.0139051
v 0.139115 0.10204 -0.0203996
vn -0.0173295 0.00727263 -0.0170867
v 0.131152 0.101838 -0.0302432
vn -0.00368999 0.00392102 -0.0248228
v 0.12726 0.0992748 -0.0229413
vn -0.0173295 0.00727263 -0.0170867
v 0.134713 0.104183 -0.0369237
vn -0.00368999 0.00392102 -0.0248228
v 0.12726 0.0992748 -0.0229413
vn 0.0173295 -0.00727263 0.0170867
v 0.131152 0.101838 -0.0302432
vn 0.00368999 -0.00392102 0.0248228
v 0.139115 0.10204 -0.0203996
vn 0.0173295 -0.00727263 0.0170867
v 0.134713 0.104183 -0.0369237
vn 0.00368999 -0.00392102 0.0248228
v 0.12961 0.100527 -0.0315254
vn -0.00334048 -0.0113592 -0.0224715
v 0.12726 0.0992748 -0.0229413
vn -0.0173295 0.00727263 -0.0170867
v 0.131152 0.101838 -0.0302432
vn -0.00368999 0.00392102 -0.0248228
v 0.131152 0.101838 -0.0302432
vn 0.00368999 -0.00392102 0.0248228
v 0.12726 0.0992748 -0.0229413
vn 0.0173295 -0.00727263 0.0170867
v 0.12961 0.100527 -0.0315254
vn 0.00334048 0.0113592 0.0224715
v 0.141128 0.0746937 -0.0144845
vn -0.0248724 0.00392102 -0.00333938
v 0.139115 0.10204 -0.0203996
vn -0.0173295 0.00727263 -0.0170867
v 0.12726 0.0992748 -0.0229413
vn -0.0173295 0.00727263 -0.0170867
v 0.12726 0.0992748 -0.0229413
vn 0.0173295 -0.00727263 0.0170867
v 0.139115 0.10204 -0.0203996
vn 0.0173295 -0.00727263 0.0170867
v 0.141128 0.0746937 -0.0144845
vn 0.0248724 -0.00392102 0.00333938
v 0.149025 0.113608 -0.0637756
vn 0.0165732 0.00937844 -0.0168087
v 0.149025 0.113608 -0.0637756
vn -0.0165732 -0.00937844 0.0168087
v 0.133171 0.102872 -0.0382059
vn -0.00334048 -0.0113592 -0.0224715
v 0.134713 0.104183 -0.0369237
vn -0.00368999 0.00392102 -0.0248228
v 0.134713 0.104183 -0.0369237
vn 0.00368999 -0.00392102 0.0248228
v 0.133171 0.102872 -0.0382059
vn 0.00334048 0.0113592 0.0224715
v 0.125718 0.0979637 -0.0242235
vn -0.0153331 -0.013472 -0.0151182
v 0.125718 0.0979637 -0.0242235
vn 0.0153331 0.013472 0.0151182
v 0.151099 0.080798 -0.0130912
vn -0.0248724 0.00392102 -0.00333938
v 0.151099 0.080798 -0.0130912
vn 0.0248724 -0.00392102 0.00333938
v 0.12726 0.0992748 -0.0229413
vn -0.0173295 0.00727263 -0.0170867
v 0.139586 0.0733826 -0.0157666
vn -0.0225164 -0.0113592 -0.00302306
v 0.141128 0.0746937 -0.0144845
vn -0.0248724 0.00392102 -0.00333938
v 0.141128 0.0746937 -0.0144845
vn 0.0248724 -0.00392102 0.00333938
v 0.139586 0.0733826 -0.0157666
vn 0.0225164 0.0113592 0.00302306
v 0.12726 0.0992748 -0.0229413
vn 0.0173295 -0.00727263 0.0170867
v 0.155903 0.113096 -0.0518971
vn 0.0165732 0.00937844 -0.0168087
v 0.155903 0.113096 -0.0518971
vn -0.0165732 -0.00937844 0.0168087
v 0.147483 0.112297 -0.0650577
vn 0.0137103 -0.016243 -0.0139051
v 0.149025 0.113608 -0.0637756
vn 0.0165732 0.00937844 -0.0168087
v 0.149025 0.113608 -0.0637756
vn -0.0165732 -0.00937844 0.0168087
v 0.147483 0.112297 -0.0650577
vn -0.0137103 0.016243 0.0139051
v 0.12961 0.100527 -0.0315254
vn -0.00334048 -0.0113592 -0.0224715
v 0.130098 0.0999104 -0.0314819
vn 0 -0.0254 0
v 0.125718 0.0979637 -0.0242235
vn -0.0153331 -0.013472 -0.0151182
v 0.125718 0.0979637 -0.0242235
vn 0.0153331 0.013472 0.0151182
v 0.130098 0.0999104 -0.0314819
vn 0 0.0254 0
v 0.12961 0.100527 -0.0315254
vn 0.00334048 0.0113592 0.0224715
v 0.125718 0.0979637 -0.0242235
vn -0.0153331 -0.013472 -0.0151182
v 0.125718 0.0979637 -0.0242235
vn 0.0153331 0.013472 0.0151182
v 0.133171 0.102872 -0.0382059
vn -0.00334048 -0.0113592 -0.0224715
v 0.133658 0.102256 -0.0381617
vn 0 -0.0254 0
v 0.133658 0.102256 -0.0381617
vn 0 0.0254 0
v 0.133171 0.102872 -0.0382059
vn 0.00334048 0.0113592 0.0224715
v 0.154995 0.0501124 -0.00602683
vn -0.0212227 0.00727263 0.0119107
v 0.154995 0.0501124 -0.00602683
vn 0.0212227 -0.00727263 -0.0119107
v 0.151099 0.080798 -0.0130912
vn -0.0248724 0.00392102 -0.00333938
v 0.139709 0.102544 -0.0199063
vn -0.0153331 0.013472 -0.0151182
v 0.139115 0.10204 -0.0203996
vn -0.0173295 0.00727263 -0.0170867
v 0.139115 0.10204 -0.0203996
vn 0.0173295 -0.00727263 0.0170867
v 0.139709 0.102544 -0.0199063
vn 0.0153331 -0.013472 0.0151182
v 0.151099 0.080798 -0.0130912
vn 0.0248724 -0.00392102 0.00333938
v 0.153453 0.0488013 -0.00730897
vn -0.0187778 -0.013472 0.0105385
v 0.153453 0.0488013 -0.00730897
vn 0.0187778 0.013472 -0.0105385
v 0.139709 0.102544 -0.0199063
vn -0.0153331 0.013472 -0.0151182
v 0.155903 0.113096 -0.0518971
vn 0.0165732 0.00937844 -0.0168087
v 0.139115 0.10204 -0.0203996
vn -0.0173295 0.00727263 -0.0170867
v 0.139115 0.10204 -0.0203996
vn 0.0173295 -0.00727263 0.0170867
v 0.155903 0.113096 -0.0518971
vn -0.0165732 -0.00937844 0.0168087
v 0.139709 0.102544 -0.0199063
vn 0.0153331 -0.013472 0.0151182
v 0.155903 0.113096 -0.0518971
vn 0.0165732 0.00937844 -0.0168087
v 0.169217 0.0778176 -0.051462
vn 0.0248724 0.00392102 0.00333938
v 0.149025 0.113608 -0.0637756
vn 0.0165732 0.00937844 -0.0168087
v 0.149025 0.113608 -0.0637756
vn -0.0165732 -0.00937844 0.0168087
v 0.169217 0.0778176 -0.051462
vn -0.0248724 -0.00392102 -0.00333938
v 0.155903 0.113096 -0.0518971
vn -0.0165732 -0.00937844 0.0168087
v 0.169217 0.0778176 -0.051462
vn 0.0248724 0.00392102 0.00333938
v 0.147483 0.112297 -0.0650577
vn 0.0137103 -0.016243 -0.0139051
v 0.149025 0.113608 -0.0637756
vn 0.0165732 0.00937844 -0.0168087
v 0.149025 0.113608 -0.0637756
vn -0.0165732 -0.00937844 0.0168087
v 0.147483 0.112297 -0.0650577
vn -0.0137103 0.016243 0.0139051
v 0.169217 0.0778176 -0.051462
vn -0.0248724 -0.00392102 -0.00333938
v 0.147501 0.111371 -0.0641323
vn 0 -0.0254 0
v 0.147483 0.112297 -0.0650577
vn 0.0137103 -0.016243 -0.0139051
v 0.147483 0.112297 -0.0650577
vn -0.0137103 0.016243 0.0139051
v 0.147501 0.111371 -0.0641323
vn 0 0.0254 0
v 0.126472 0.097523 -0.0246787
vn 0 -0.0254 0
v 0.126472 0.097523 -0.0246787
vn 0 0.0254 0
v 0.140061 0.073435 -0.016391
vn 0 -0.0254 0
v 0.139586 0.0733826 -0.0157666
vn -0.0225164 -0.0113592 -0.00302306
v 0.139586 0.0733826 -0.0157666
vn 0.0225164 0.0113592 0.00302306
v 0.140061 0.073435 -0.016391
vn 0 0.0254 0
v 0.154995 0.0501124 -0.00602683
vn -0.0212227 0.00727263 0.0119107
v 0.154995 0.0501124 -0.00602683
vn 0.0212227 -0.00727263 -0.0119107
v 0.163083 0.0595553 -0.00578265
vn -0.0212227 0.00727263 0.0119107
v 0.163083 0.0595553 -0.00578265
vn 0.0212227 -0.00727263 -0.0119107
v 0.151692 0.0813025 -0.0125979
vn -0.0225164 0.0113592 -0.00302306
v 0.151692 0.0813025 -0.0125979
vn 0.0225164 -0.0113592 0.00302306
v 0.15365 0.0493481 -0.00810437
vn 0 -0.0254 0
v 0.153453 0.0488013 -0.00730897
vn -0.0187778 -0.013472 0.0105385
v 0.153453 0.0488013 -0.00730897
vn 0.0187778 0.013472 -0.0105385
v 0.15365 0.0493481 -0.00810437
vn 0 0.0254 0
v 0.156497 0.113601 -0.0514037
vn 0.0137103 0.016243 -0.0139051
v 0.156497 0.113601 -0.0514037
vn -0.0137103 -0.016243 0.0139051
v 0.172765 0.0832076 -0.0416138
vn 0.0248724 0.00392102 0.00333938
v 0.172765 0.0832076 -0.0416138
vn -0.0248724 -0.00392102 -0.00333938
v 0.167675 0.0765065 -0.0527441
vn 0.0225164 -0.0113592 0.00302306
v 0.167675 0.0765065 -0.0527441
vn -0.0225164 0.0113592 -0.00302306
v 0.167675 0.0765065 -0.0527441
vn 0.0225164 -0.0113592 0.00302306
v 0.167675 0.0765065 -0.0527441
vn -0.0225164 0.0113592 -0.00302306
v 0.1352 0.103567 -0.0368796
vn 0.00334048 -0.0113592 0.0224715
v 0.130098 0.0999104 -0.0314819
vn 0.00373477 0 0.0251239
v 0.133658 0.102256 -0.0381617
vn 0.00373477 0 0.0251239
v 0.133658 0.102256 -0.0381617
vn -0.00373477 0 -0.0251239
v 0.130098 0.0999104 -0.0314819
vn -0.00373477 0 -0.0251239
v 0.1352 0.103567 -0.0368796
vn -0.00334048 0.0113592 -0.0224715
v 0.13164 0.101221 -0.0301997
vn 0.00334048 -0.0113592 0.0224715
v 0.126472 0.097523 -0.0246787
vn 0.0180868 0 0.0178333
v 0.126472 0.097523 -0.0246787
vn -0.0180868 0 -0.0178333
v 0.13164 0.101221 -0.0301997
vn -0.00334048 0.0113592 -0.0224715
v 0.149043 0.112683 -0.0628502
vn -0.0137103 -0.016243 0.0139051
v 0.147501 0.111371 -0.0641323
vn -0.0178333 0 0.0180868
v 0.147501 0.111371 -0.0641323
vn 0.0178333 0 -0.0180868
v 0.149043 0.112683 -0.0628502
vn 0.0137103 0.016243 -0.0139051
v 0.187866 0.0407158 -0.0404297
vn 0.00955705 -0.016243 0.017029
v 0.154995 0.0501124 -0.00602683
vn -0.0212227 0.00727263 0.0119107
v 0.153453 0.0488013 -0.00730897
vn -0.0187778 -0.013472 0.0105385
v 0.153453 0.0488013 -0.00730897
vn 0.0187778 0.013472 -0.0105385
v 0.154995 0.0501124 -0.00602683
vn 0.0212227 -0.00727263 -0.0119107
v 0.187866 0.0407158 -0.0404297
vn -0.00955705 0.016243 -0.017029
v 0.154995 0.0501124 -0.00602683
vn -0.0212227 0.00727263 0.0119107
v 0.180233 0.0555265 -0.0222898
vn -0.0101067 0.00392102 0.0229704
v 0.163083 0.0595553 -0.00578265
vn -0.0212227 0.00727263 0.0119107
v 0.163083 0.0595553 -0.00578265
vn 0.0212227 -0.00727263 -0.0119107
v 0.180233 0.0555265 -0.0222898
vn 0.0101067 -0.00392102 -0.0229704
v 0.154995 0.0501124 -0.00602683
vn 0.0212227 -0.00727263 -0.0119107
v 0.163083 0.0595553 -0.00578265
vn -0.0212227 0.00727263 0.0119107
v 0.163083 0.0595553 -0.00578265
vn 0.0212227 -0.00727263 -0.0119107
v 0.151692 0.0813025 -0.0125979
vn 0.0225164 -0.0113592 0.00302306
v 0.139709 0.102544 -0.0199063
vn 0.0153331 -0.013472 0.0151182
v 0.180826 0.056031 -0.0217964
vn 0.00914938 -0.0113592 -0.0207946
v 0.186899 0.0415355 -0.0401052
vn 0 -0.0254 0
v 0.186899 0.0415355 -0.0401052
vn 0 0.0254 0
v 0.156497 0.113601 -0.0514037
vn -0.0137103 -0.016243 0.0139051
v 0.173358 0.0837121 -0.0411204
vn -0.0225164 -0.0113592 -0.00302306
v 0.173358 0.0837121 -0.0411204
vn 0.0225164 0.0113592 0.00302306
v 0.155903 0.113096 -0.0518971
vn 0.0165732 0.00937844 -0.0168087
v 0.156497 0.113601 -0.0514037
vn 0.0137103 0.016243 -0.0139051
v 0.156497 0.113601 -0.0514037
vn -0.0137103 -0.016243 0.0139051
v 0.155903 0.113096 -0.0518971
vn -0.0165732 -0.00937844 0.0168087
v 0.173358 0.0837121 -0.0411204
vn -0.0225164 -0.0113592 -0.00302306
v 0.172765 0.0832076 -0.0416138
vn 0.0248724 0.00392102 0.00333938
v 0.172765 0.0832076 -0.0416138
vn -0.0248724 -0.00392102 -0.00333938
v 0.189627 0.0533189 -0.0313304
vn 0.0115527 0.00937844 0.0205849
v 0.189627 0.0533189 -0.0313304
vn -0.0115527 -0.00937844 -0.0205849
v 0.189408 0.0420269 -0.0391475
vn 0.0115527 0.00937844 0.0205849
v 0.189408 0.0420269 -0.0391475
vn -0.0115527 -0.00937844 -0.0205849
v 0.167199 0.0764539 -0.0521189
vn 0 -0.0254 0
v 0.167199 0.0764539 -0.0521189
vn 0 0.0254 0
v 0.128014 0.0988341 -0.0233966
vn 0.0153331 -0.013472 0.0151182
v 0.128014 0.0988341 -0.0233966
vn -0.0153331 0.013472 -0.0151182
v 0.126472 0.097523 -0.0246787
vn 0.0180868 0 0.0178333
v 0.141603 0.0747461 -0.0151089
vn 0.0225164 -0.0113592 0.00302306
v 0.140061 0.073435 -0.016391
vn 0.0251741 0 0.00337988
v 0.140061 0.073435 -0.016391
vn -0.0251741 0 -0.00337988
v 0.141603 0.0747461 -0.0151089
vn -0.0225164 0.0113592 -0.00302306
v 0.126472 0.097523 -0.0246787
vn -0.0180868 0 -0.0178333
v 0.155192 0.0506592 -0.00682223
vn 0.0187778 -0.013472 -0.0105385
v 0.15365 0.0493481 -0.00810437
vn 0.0221501 -0 -0.0124311
v 0.15365 0.0493481 -0.00810437
vn -0.0221501 0 0.0124311
v 0.155192 0.0506592 -0.00682223
vn -0.0187778 0.013472 0.0105385
v 0.167199 0.0764539 -0.0521189
vn -0.0251741 0 -0.00337988
v 0.149043 0.112683 -0.0628502
vn -0.0137103 -0.016243 0.0139051
v 0.147501 0.111371 -0.0641323
vn -0.0178333 0 0.0180868
v 0.147501 0.111371 -0.0641323
vn 0.0178333 0 -0.0180868
v 0.149043 0.112683 -0.0628502
vn 0.0137103 0.016243 -0.0139051
v 0.167199 0.0764539 -0.0521189
vn 0.0251741 0 0.00337988
v 0.189408 0.0420269 -0.0391475
vn 0.0115527 0.00937844 0.0205849
v 0.189408 0.0420269 -0.0391475
vn -0.0115527 -0.00937844 -0.0205849
v 0.187866 0.0407158 -0.0404297
vn 0.00955705 -0.016243 0.017029
v 0.187866 0.0407158 -0.0404297
vn -0.00955705 0.016243 -0.017029
v 0.189408 0.0420269 -0.0391475
vn 0.0115527 0.00937844 0.0205849
v 0.189408 0.0420269 -0.0391475
vn -0.0115527 -0.00937844 -0.0205849
v 0.180233 0.0555265 -0.0222898
vn -0.0101067 0.00392102 0.0229704
v 0.163676 0.0600599 -0.00528927
vn -0.0187778 0.013472 0.0105385
v 0.163083 0.0595553 -0.00578265
vn -0.0212227 0.00727263 0.0119107
v 0.163083 0.0595553 -0.00578265
vn 0.0212227 -0.00727263 -0.0119107
v 0.163676 0.0600599 -0.00528927
vn 0.0187778 -0.013472 -0.0105385
v 0.180233 0.0555265 -0.0222898
vn 0.0101067 -0.00392102 -0.0229704
v 0.163676 0.0600599 -0.00528927
vn -0.0187778 0.013472 0.0105385
v 0.163676 0.0600599 -0.00528927
vn 0.0187778 -0.013472 -0.0105385
v 0.19022 0.0538234 -0.0308371
vn -0.00955705 -0.016243 -0.017029
v 0.163676 0.0600599 -0.00528927
vn 0.0187778 -0.013472 -0.0105385
v 0.15365 0.0493481 -0.00810437
vn 0.0221501 -0 -0.0124311
v 0.188441 0.0428466 -0.0388231
vn -0.00955705 -0.016243 -0.017029
v 0.186899 0.0415355 -0.0401052
vn -0.0124311 0 -0.0221501
v 0.186899 0.0415355 -0.0401052
vn 0.0124311 0 0.0221501
v 0.188441 0.0428466 -0.0388231
vn 0.00955705 0.016243 0.017029
v 0.15365 0.0493481 -0.00810437
vn -0.0221501 0 0.0124311
v 0.19022 0.0538234 -0.0308371
vn 0.00955705 0.016243 0.017029
v 0.19022 0.0538234 -0.0308371
vn -0.00955705 -0.016243 -0.017029
v 0.189627 0.0533189 -0.0313304
vn 0.0115527 0.00937844 0.0205849
v 0.189627 0.0533189 -0.0313304
vn -0.0115527 -0.00937844 -0.0205849
v 0.189408 0.0420269 -0.0391475
vn 0.0115527 0.00937844 0.0205849
v 0.189408 0.0420269 -0.0391475
vn -0.0115527 -0.00937844 -0.0205849
v 0.187866 0.0407158 -0.0404297
vn 0.00955705 -0.016243 0.017029
v 0.187866 0.0407158 -0.0404297
vn -0.00955705 0.016243 -0.017029
v 0.179372 0.0548761 -0.0446945
vn 0 -0.0254 0
v 0.179372 0.0548761 -0.0446945
vn 0 0.0254 0
v 0.179372 0.0548761 -0.0446945
vn -0.0251741 0 -0.00337988
v 0.168742 0.077765 -0.0508367
vn -0.0225164 -0.0113592 -0.00302306
v 0.168742 0.077765 -0.0508367
vn 0.0225164 0.0113592 0.00302306
v 0.179372 0.0548761 -0.0446945
vn 0.0251741 0 0.00337988
v 0.17998 0.0538004 -0.0443249
vn 0 -0.0254 0
v 0.17998 0.0538004 -0.0443249
vn 0 0.0254 0
v 0.188441 0.0428466 -0.0388231
vn -0.00955705 -0.016243 -0.017029
v 0.17998 0.0538004 -0.0443249
vn -0.0251741 0 -0.00337988
v 0.17998 0.0538004 -0.0443249
vn 0.0251741 0 0.00337988
v 0.188441 0.0428466 -0.0388231
vn 0.00955705 0.016243 0.017029
v 0.13164 0.101221 -0.0301997
vn -0.00334048 0.0113592 -0.0224715
v 0.188441 0.0428466 -0.0388231
vn 0.00955705 0.016243 0.017029
v 0.1352 0.103567 -0.0368796
vn -0.00334048 0.0113592 -0.0224715
v 0.149043 0.112683 -0.0628502
vn 0.0137103 0.016243 -0.0139051
v 0.168742 0.077765 -0.0508367
vn 0.0225164 0.0113592 0.00302306
v 0.186899 0.0415355 -0.0401052
vn -0.0124311 0 -0.0221501
v 0.186899 0.0415355 -0.0401052
vn 0.0124311 0 0.0221501
v 0.128014 0.0988341 -0.0233966
vn -0.0153331 0.013472 -0.0151182
v 0.128014 0.0988341 -0.0233966
vn 0.0153331 -0.013472 0.0151182
v 0.128014 0.0988341 -0.0233966
vn -0.0153331 0.013472 -0.0151182
v 0.155192 0.0506592 -0.00682223
vn 0.0187778 -0.013472 -0.0105385
v 0.155192 0.0506592 -0.00682223
vn -0.0187778 0.013472 0.0105385
v 0.189627 0.0533189 -0.0313304
vn 0.0115527 0.00937844 0.0205849
v 0.189627 0.0533189 -0.0313304
vn -0.0115527 -0.00937844 -0.0205849
v 0.180826 0.056031 -0.0217964
vn -0.00914938 0.0113592 0.0207946
v 0.180826 0.056031 -0.0217964
vn 0.00914938 -0.0113592 -0.0207946
v 0.189627 0.0533189 -0.0313304
vn 0.0115527 0.00937844 0.0205849
v 0.19022 0.0538234 -0.0308371
vn 0.00955705 0.016243 0.017029
v 0.19022 0.0538234 -0.0308371
vn -0.00955705 -0.016243 -0.017029
v 0.189627 0.0533189 -0.0313304
vn -0.0115527 -0.00937844 -0.0205849
v 0.155192 0.0506592 -0.00682223
vn -0.0187778 0.013472 0.0105385
v 0.141603 0.0747461 -0.0151089
vn -0.0225164 0.0113592 -0.00302306
v 0.133658 0.102256 -0.0381617
vn 0 -0.0254 0
v 0.179372 0.0548761 -0.0446945
vn 0 -0.0254 0
v 0.130098 0.0999104 -0.0314819
vn 0 -0.0254 0
v 0.130098 0.0999104 -0.0314819
vn 0 0.0254 0
v 0.179372 0.0548761 -0.0446945
vn 0 0.0254 0
v 0.133658 0.102256 -0.0381617
vn 0 0.0254 0
v 0.186899 0.0415355 -0.0401052
vn 0 -0.0254 0
v 0.126472 0.097523 -0.0246787
vn 0 -0.0254 0
v 0.126472 0.097523 -0.0246787
vn 0 0.0254 0
v 0.186899 0.0415355 -0.0401052
vn 0 0.0254 0
v 0.167199 0.0764539 -0.0521189
vn 0 -0.0254 0
v 0.147501 0.111371 -0.0641323
vn 0 -0.0254 0
v 0.147501 0.111371 -0.0641323
vn 0 0.0254 0
v 0.167199 0.0764539 -0.0521189
vn 0 0.0254 0
v 0.17998 0.0538004 -0.0443249
vn 0 -0.0254 0
v 0.17998 0.0538004 -0.0443249
vn 0 0.0254 0
v 0.15365 0.0493481 -0.00810437
vn 0 -0.0254 0
v 0.15365 0.0493481 -0.00810437
vn 0 0.0254 0
v 0.140061 0.073435 -0.016391
vn 0 -0.0254 0
v 0.140061 0.073435 -0.016391
vn 0 0.0254 0
v 0.180826 0.056031 -0.0217964
vn -0.00914938 0.0113592 0.0207946
v 0.139709 0.102544 -0.0199063
vn -0.0153331 0.013472 -0.0151182
v 0.151692 0.0813025 -0.0125979
vn -0.0225164 0.0113592 -0.00302306
v 0.173358 0.0837121 -0.0411204
vn 0.0225164 0.0113592 0.00302306
v 0.156497 0.113601 -0.0514037
vn 0.0137103 0.016243 -0.0139051
v 0.19022 0.0538234 -0.0308371
vn 0.00955705 0.016243 0.017029
v 0.163676 0.0600599 -0.00528927
vn -0.0187778 0.013472 0.0105385
v 0.1352 0.103567 -0.0368796
vn 0.00334048 -0.0113592 0.0224715
v 0.188441 0.0428466 -0.0388231
vn -0.00955705 -0.016243 -0.017029
v 0.13164 0.101221 -0.0301997
vn 0.00334048 -0.0113592 0.0224715
v 0.168742 0.077765 -0.0508367
vn -0.0225164 -0.0113592 -0.00302306
v 0.149043 0.112683 -0.0628502
vn -0.0137103 -0.016243 0.0139051
v 0.128014 0.0988341 -0.0233966
vn 0.0153331 -0.013472 0.0151182
v 0.155192 0.0506592 -0.00682223
vn 0.0187778 -0.013472 -0.0105385
v 0.141603 0.0747461 -0.0151089
vn 0.0225164 -0.0113592 0.00302306
f 1//1 2//2 3//3
f 2//2 1//1 4//4
f 5//5 6//6 7//7
f 8//8 7//7 6//6
f 9//9 3//3 2//2
f 6//6 5//5 10//10
f 11//11 12//12 13//13
f 14//14 15//15 16//16
f 17//17 18//18 19//19
f 20//20 21//21 22//22
f 2//2 4//4 23//23
f 24//24 8//8 6//6
f 3//3 9//9 25//25
f 26//26 10//10 5//5
f 23//23 9//9 2//2
f 6//6 10//10 24//24
f 12//12 11//11 27//27
f 28//28 16//16 15//15
f 29//29 30//30 31//31
f 32//32 33//33 34//34
f 35//35 18//18 17//17
f 22//22 21//21 36//36
f 19//19 37//37 17//17
f 22//22 38//38 20//20
f 23//23 4//4 39//39
f 40//40 8//8 24//24
f 25//25 9//9 39//39
f 40//40 10//10 26//26
f 41//41 42//42 43//43
f 44//44 45//45 46//46
f 9//9 23//23 39//39
f 40//40 24//24 10//10
f 47//47 48//48 49//49
f 50//50 51//51 52//52
f 53//53 54//54 55//55
f 56//56 57//57 58//58
f 59//59 60//60 61//61
f 62//62 63//63 64//64
f 30//30 29//29 65//65
f 66//66 34//34 33//33
f 43//43 67//67 68//68
f 69//69 70//70 44//44
f 71//71 18//18 35//35
f 36//36 21//21 72//72
f 17//17 71//71 35//35
f 36//36 72//72 22//22
f 37//37 19//19 73//73
f 74//74 20//20 38//38
f 71//71 17//17 37//37
f 38//38 22//22 72//72
f 25//25 39//39 4//4
f 8//8 40//40 26//26
f 41//41 75//75 42//42
f 45//45 76//76 46//46
f 67//67 43//43 42//42
f 45//45 44//44 70//70
f 48//48 47//47 77//77
f 78//78 52//52 51//51
f 79//79 80//80 81//81
f 82//82 83//83 84//84
f 54//54 53//53 85//85
f 86//86 58//58 57//57
f 60//60 59//59 87//87
f 88//88 64//64 63//63
f 89//89 90//90 91//91
f 92//92 93//93 94//94
f 95//95 96//96 97//97
f 98//98 99//99 100//100
f 67//67 101//101 68//68
f 69//69 102//102 70//70
f 71//71 103//103 18//18
f 21//21 104//104 72//72
f 103//103 37//37 73//73
f 74//74 38//38 104//104
f 37//37 103//103 71//71
f 72//72 104//104 38//38
f 105//105 106//106 107//107
f 41//41 108//108 75//75
f 76//76 109//109 46//46
f 108//108 42//42 75//75
f 76//76 45//45 109//109
f 42//42 108//108 67//67
f 70//70 109//109 45//45
f 110//110 111//111 112//112
f 113//113 114//114 115//115
f 80//80 79//79 116//116
f 117//117 84//84 83//83
f 96//96 95//95 118//118
f 119//119 100//100 99//99
f 120//120 121//121 122//122
f 123//123 124//124 125//125
f 126//126 127//127 128//128
f 129//129 130//130 131//131
f 90//90 89//89 132//132
f 133//133 94//94 93//93
f 111//111 134//134 135//135
f 136//136 137//137 114//114
f 101//101 67//67 108//108
f 109//109 70//70 102//102
f 138//138 139//139 140//140
f 141//141 142//142 143//143
f 107//107 144//144 145//145
f 146//146 147//147 148//148
f 149//149 150//150 151//151
f 144//144 107//107 106//106
f 152//152 106//106 105//105
f 101//101 108//108 41//41
f 46//46 109//109 102//102
f 111//111 110//110 134//134
f 137//137 115//115 114//114
f 121//121 120//120 153//153
f 154//154 125//125 124//124
f 155//155 156//156 157//157
f 158//158 159//159 160//160
f 122//122 121//121 161//161
f 162//162 124//124 123//123
f 163//163 164//164 165//165
f 166//166 167//167 168//168
f 126//126 169//169 127//127
f 130//130 170//170 131//131
f 171//171 128//128 127//127
f 130//130 129//129 172//172
f 139//139 138//138 146//146
f 151//151 143//143 142//142
f 173//173 174//174 175//175
f 176//176 177//177 178//178
f 138//138 140//140 179//179
f 180//180 141//141 143//143
f 181//181 145//145 144//144
f 147//147 146//146 138//138
f 143//143 151//151 150//150
f 148//148 147//147 182//182
f 183//183 150//150 149//149
f 184//184 185//185 186//186
f 187//187 188//188 189//189
f 190//190 191//191 192//192
f 193//193 194//194 195//195
f 181//181 152//152 105//105
f 156//156 155//155 196//196
f 197//197 160//160 159//159
f 155//155 157//157 198//198
f 199//199 158//158 160//160
f 164//164 163//163 200//200
f 201//201 168//168 167//167
f 165//165 164//164 202//202
f 203//203 167//167 166//166
f 204//204 169//169 126//126
f 131//131 170//170 205//205
f 206//206 207//207 208//208
f 209//209 210//210 211//211
f 212//212 128//128 171//171
f 172//172 129//129 213//213
f 214//214 215//215 216//216
f 217//217 218//218 219//219
f 173//173 220//220 174//174
f 177//177 221//221 178//178
f 148//148 179//179 140//140
f 141//141 180//180 149//149
f 179//179 147//147 138//138
f 143//143 150//150 180//180
f 222//222 181//181 144//144
f 147//147 179//179 182//182
f 183//183 180//180 150//150
f 148//148 182//182 179//179
f 180//180 183//183 149//149
f 185//185 184//184 223//223
f 224//224 189//189 188//188
f 191//191 190//190 225//225
f 226//226 195//195 194//194
f 152//152 181//181 222//222
f 227//227 196//196 155//155
f 160//160 197//197 228//228
f 229//229 230//230 173//173
f 178//178 231//231 232//232
f 198//198 157//157 233//233
f 234//234 158//158 199//199
f 235//235 236//236 237//237
f 238//238 239//239 240//240
f 241//241 200//200 163//163
f 168//168 201//201 242//242
f 243//243 244//244 245//245
f 246//246 247//247 248//248
f 249//249 250//250 251//251
f 252//252 253//253 254//254
f 165//165 202//202 255//255
f 256//256 203//203 166//166
f 169//169 204//204 212//212
f 213//213 205//205 170//170
f 207//207 206//206 257//257
f 258//258 211//211 210//210
f 259//259 260//260 261//261
f 262//262 263//263 264//264
f 212//212 265//265 128//128
f 129//129 266//266 213//213
f 267//267 268//268 269//269
f 270//270 271//271 272//272
f 215//215 214//214 273//273
f 274//274 219//219 218//218
f 173//173 230//230 220//220
f 221//221 231//231 178//178
f 275//275 174//174 220//220
f 221//221 177//177 276//276
f 277//277 278//278 279//279
f 280//280 281//281 282//282
f 278//278 277//277 283//283
f 284//284 282//282 281//281
f 285//285 286//286 287//287
f 288//288 289//289 285//285
f 290//290 291//291 292//292
f 293//293 294//294 295//295
f 291//291 290//290 296//296
f 297//297 295//295 294//294
f 196//196 227//227 298//298
f 299//299 228//228 197//197
f 300//300 301//301 302//302
f 303//303 304//304 305//305
f 230//230 229//229 306//306
f 307//307 232//232 231//231
f 298//298 233//233 157//157
f 158//158 234//234 299//299
f 308//308 309//309 310//310
f 311//311 312//312 313//313
f 236//236 235//235 314//314
f 315//315 240//240 239//239
f 200//200 241//241 255//255
f 256//256 242//242 201//201
f 306//306 316//316 174//174
f 177//177 317//317 307//307
f 244//244 243//243 318//318
f 319//319 248//248 247//247
f 250//250 249//249 320//320
f 321//321 254//254 253//253
f 322//322 255//255 202//202
f 203//203 256//256 323//323
f 265//265 212//212 204//204
f 205//205 213//213 266//266
f 324//324 325//325 326//326
f 260//260 259//259 327//327
f 328//328 264//264 263//263
f 268//268 267//267 329//329
f 330//330 272//272 271//271
f 331//331 332//332 333//333
f 334//334 335//335 336//336
f 337//337 174//174 275//275
f 276//276 177//177 338//338
f 339//339 340//340 341//341
f 342//342 343//343 344//344
f 345//345 287//287 346//346
f 346//346 287//287 286//286
f 286//286 285//285 289//289
f 347//347 289//289 288//288
f 345//345 348//348 288//288
f 298//298 227//227 233//233
f 234//234 228//228 299//299
f 349//349 350//350 351//351
f 352//352 353//353 354//354
f 301//301 300//300 355//355
f 356//356 305//305 304//304
f 357//357 358//358 359//359
f 360//360 361//361 362//362
f 316//316 306//306 229//229
f 232//232 307//307 317//317
f 363//363 364//364 365//365
f 366//366 367//367 368//368
f 309//309 308//308 369//369
f 370//370 313//313 312//312
f 371//371 372//372 373//373
f 374//374 375//375 376//376
f 377//377 378//378 379//379
f 200//200 255//255 322//322
f 323//323 256//256 201//201
f 306//306 174//174 337//337
f 338//338 177//177 307//307
f 380//380 381//381 382//382
f 383//383 384//384 385//385
f 386//386 387//387 388//388
f 389//389 388//388 387//387
f 390//390 391//391 392//392
f 393//393 394//394 395//395
f 391//391 390//390 396//396
f 397//397 395//395 394//394
f 398//398 399//399 400//400
f 401//401 402//402 403//403
f 404//404 326//326 325//325
f 332//332 331//331 405//405
f 406//406 336//336 335//335
f 341//341 407//407 408//408
f 409//409 410//410 342//342
f 340//340 339//339 411//411
f 412//412 344//344 343//343
f 407//407 341//341 340//340
f 343//343 342//342 410//410
f 413//413 345//345 346//346
f 414//414 415//415 416//416
f 417//417 418//418 419//419
f 420//420 421//421 422//422
f 423//423 424//424 425//425
f 426//426 427//427 428//428
f 429//429 430//430 431//431
f 348//348 347//347 288//288
f 348//348 345//345 413//413
f 432//432 350//350 349//349
f 354//354 353//353 433//433
f 349//349 351//351 434//434
f 435//435 352//352 354//354
f 358//358 357//357 436//436
f 437//437 362//362 361//361
f 438//438 439//439 440//440
f 441//441 442//442 443//443
f 364//364 363//363 444//444
f 445//445 368//368 367//367
f 446//446 373//373 372//372
f 374//374 447//447 375//375
f 378//378 448//448 379//379
f 376//376 375//375 449//449
f 450//450 378//378 377//377
f 381//381 380//380 451//451
f 452//452 385//385 384//384
f 453//453 454//454 455//455
f 456//456 457//457 458//458
f 398//398 459//459 399//399
f 402//402 460//460 403//403
f 461//461 400//400 399//399
f 402//402 401//401 462//462
f 463//463 464//464 465//465
f 466//466 464//464 463//463
f 467//467 468//468 469//469
f 470//470 471//471 472//472
f 415//415 414//414 473//473
f 474//474 419//419 418//418
f 421//421 420//420 475//475
f 476//476 425//425 424//424
f 427//427 426//426 477//477
f 478//478 431//431 430//430
f 479//479 480//480 481//481
f 482//482 483//483 484//484
f 485//485 486//486 487//487
f 488//488 489//489 490//490
f 350//350 432//432 491//491
f 492//492 433//433 353//353
f 493//493 494//494 495//495
f 496//496 497//497 498//498
f 434//434 351//351 499//499
f 500//500 352//352 435//435
f 501//501 502//502 503//503
f 504//504 505//505 506//506
f 438//438 507//507 439//439
f 442//442 508//508 443//443
f 509//509 440//440 439//439
f 442//442 441//441 510//510
f 454//454 453//453 511//511
f 512//512 458//458 457//457
f 513//513 465//465 464//464
f 447//447 374//374 514//514
f 515//515 379//379 448//448
f 516//516 517//517 518//518
f 519//519 520//520 521//521
f 522//522 523//523 524//524
f 525//525 526//526 527//527
f 376//376 449//449 528//528
f 529//529 450//450 377//377
f 530//530 459//459 398//398
f 403//403 460//460 531//531
f 532//532 533//533 534//534
f 535//535 536//536 537//537
f 538//538 400//400 461//461
f 462//462 401//401 539//539
f 540//540 541//541 542//542
f 543//543 544//544 545//545
f 468//468 467//467 546//546
f 547//547 472//472 471//471
f 548//548 549//549 550//550
f 551//551 552//552 553//553
f 554//554 555//555 556//556
f 557//557 558//558 559//559
f 560//560 561//561 562//562
f 563//563 564//564 565//565
f 480//480 479//479 566//566
f 567//567 484//484 483//483
f 486//486 485//485 568//568
f 569//569 490//490 489//489
f 432//432 570//570 491//491
f 492//492 571//571 433//433
f 572//572 507//507 438//438
f 443//443 508//508 573//573
f 494//494 493//493 574//574
f 575//575 498//498 497//497
f 502//502 501//501 576//576
f 577//577 506//506 505//505
f 499//499 351//351 570//570
f 571//571 352//352 500//500
f 578//578 579//579 580//580
f 581//581 582//582 583//583
f 584//584 585//585 586//586
f 587//587 588//588 589//589
f 590//590 440//440 509//509
f 510//510 441//441 591//591
f 592//592 593//593 594//594
f 595//595 596//596 597//597
f 590//590 598//598 440//440
f 441//441 599//599 591//591
f 600//600 447//447 514//514
f 515//515 448//448 601//601
f 517//517 516//516 602//602
f 603//603 521//521 520//520
f 523//523 522//522 604//604
f 605//605 527//527 526//526
f 606//606 607//607 608//608
f 609//609 610//610 611//611
f 376//376 528//528 600//600
f 601//601 529//529 377//377
f 459//459 530//530 538//538
f 539//539 531//531 460//460
f 533//533 532//532 612//612
f 613//613 537//537 536//536
f 614//614 615//615 616//616
f 617//617 618//618 619//619
f 538//538 620//620 400//400
f 401//401 621//621 539//539
f 622//622 623//623 624//624
f 625//625 626//626 627//627
f 541//541 540//540 628//628
f 629//629 545//545 544//544
f 623//623 622//622 630//630
f 631//631 627//627 626//626
f 632//632 633//633 634//634
f 635//635 636//636 637//637
f 549//549 548//548 638//638
f 639//639 553//553 552//552
f 640//640 548//548 550//550
f 551//551 553//553 641//641
f 555//555 554//554 642//642
f 643//643 559//559 558//558
f 556//556 555//555 644//644
f 645//645 558//558 557//557
f 561//561 560//560 646//646
f 647//647 565//565 564//564
f 648//648 562//562 561//561
f 564//564 563//563 649//649
f 650//650 651//651 652//652
f 653//653 654//654 655//655
f 656//656 657//657 658//658
f 659//659 660//660 661//661
f 570//570 432//432 499//499
f 500//500 433//433 571//571
f 662//662 663//663 664//664
f 665//665 666//666 667//667
f 507//507 572//572 590//590
f 591//591 573//573 508//508
f 668//668 669//669 670//670
f 671//671 672//672 673//673
f 674//674 675//675 676//676
f 677//677 670//670 669//669
f 579//579 578//578 678//678
f 679//679 583//583 582//582
f 585//585 584//584 680//680
f 681//681 589//589 588//588
f 682//682 683//683 684//684
f 685//685 686//686 687//687
f 688//688 689//689 690//690
f 691//691 692//692 693//693
f 593//593 592//592 694//694
f 695//695 597//597 596//596
f 689//689 688//688 696//696
f 697//697 693//693 692//692
f 598//598 590//590 572//572
f 573//573 591//591 599//599
f 447//447 600//600 528//528
f 529//529 601//601 448//448
f 698//698 699//699 700//700
f 701//701 702//702 703//703
f 704//704 705//705 706//706
f 707//707 708//708 709//709
f 710//710 711//711 712//712
f 713//713 712//712 711//711
f 607//607 606//606 714//714
f 715//715 611//611 610//610
f 620//620 538//538 530//530
f 531//531 539//539 621//621
f 716//716 717//717 718//718
f 615//615 614//614 719//719
f 720//720 619//619 618//618
f 721//721 718//718 717//717
f 633//633 632//632 722//722
f 723//723 637//637 636//636
f 724//724 634//634 633//633
f 636//636 635//635 725//725
f 726//726 727//727 728//728
f 729//729 730//730 731//731
f 549//549 638//638 732//732
f 733//733 639//639 552//552
f 548//548 640//640 734//734
f 735//735 641//641 553//553
f 634//634 724//724 736//736
f 737//737 725//725 635//635
f 738//738 642//642 554//554
f 559//559 643//643 739//739
f 740//740 741//741 742//742
f 743//743 744//744 745//745
f 746//746 747//747 748//748
f 749//749 750//750 751//751
f 644//644 752//752 556//556
f 557//557 753//753 645//645
f 561//561 646//646 754//754
f 755//755 647//647 564//564
f 562//562 648//648 756//756
f 757//757 649//649 563//563
f 758//758 759//759 760//760
f 761//761 762//762 763//763
f 651//651 650//650 764//764
f 765//765 655//655 654//654
f 650//650 652//652 766//766
f 767//767 653//653 655//655
f 657//657 656//656 768//768
f 769//769 661//661 660//660
f 657//657 770//770 658//658
f 659//659 771//771 660//660
f 663//663 662//662 772//772
f 773//773 667//667 666//666
f 662//662 664//664 774//774
f 775//775 665//665 667//667
f 672//672 671//671 776//776
f 777//777 676//676 675//675
f 778//778 779//779 780//780
f 683//683 682//682 781//781
f 782//782 687//687 686//686
f 783//783 780//780 779//779
f 784//784 785//785 786//786
f 787//787 788//788 789//789
f 705//705 704//704 790//790
f 791//791 709//709 708//708
f 699//699 698//698 792//792
f 793//793 703//703 702//702
f 700//700 699//699 794//794
f 795//795 702//702 701//701
f 796//796 797//797 798//798
f 799//799 800//800 801//801
f 633//633 722//722 802//802
f 803//803 723//723 636//636
f 804//804 805//805 806//806
f 807//807 808//808 809//809
f 727//727 726//726 810//810
f 811//811 731//731 730//730
f 812//812 813//813 814//814
f 815//815 816//816 817//817
f 818//818 732//732 638//638
f 639//639 733//733 819//819
f 734//734 640//640 732//732
f 733//733 641//641 735//735
f 820//820 821//821 822//822
f 823//823 824//824 825//825
f 736//736 724//724 826//826
f 827//827 725//725 737//737
f 642//642 738//738 752//752
f 753//753 739//739 643//643
f 741//741 740//740 828//828
f 829//829 745//745 744//744
f 830//830 831//831 832//832
f 833//833 834//834 835//835
f 747//747 746//746 836//836
f 837//837 751//751 750//750
f 838//838 752//752 644//644
f 645//645 753//753 839//839
f 754//754 646//646 840//840
f 841//841 647//647 755//755
f 842//842 843//843 844//844
f 845//845 846//846 847//847
f 756//756 648//648 840//840
f 841//841 649//649 757//757
f 848//848 766//766 652//652
f 653//653 767//767 849//849
f 759//759 758//758 850//850
f 851//851 763//763 762//762
f 852//852 853//853 854//854
f 855//855 856//856 857//857
f 858//858 764//764 650//650
f 655//655 765//765 859//859
f 860//860 861//861 656//656
f 661//661 862//862 863//863
f 864//864 865//865 866//866
f 867//867 868//868 869//869
f 768//768 656//656 861//861
f 862//862 661//661 769//769
f 870//870 871//871 872//872
f 873//873 874//874 875//875
f 770//770 657//657 876//876
f 877//877 660//660 771//771
f 878//878 772//772 662//662
f 667//667 773//773 879//879
f 880//880 881//881 784//784
f 789//789 882//882 883//883
f 774//774 664//664 884//884
f 885//885 665//665 775//775
f 886//886 887//887 888//888
f 889//889 890//890 891//891
f 784//784 881//881 785//785
f 788//788 882//882 789//789
f 892//892 786//786 785//785
f 788//788 787//787 893//893
f 894//894 792//792 698//698
f 703//703 793//793 895//895
f 896//896 897//897 898//898
f 899//899 900//900 901//901
f 902//902 903//903 904//904
f 905//905 906//906 907//907
f 700//700 794//794 908//908
f 909//909 795//795 701//701
f 796//796 910//910 797//797
f 800//800 911//911 801//801
f 912//912 798//798 797//797
f 800//800 799//799 913//913
f 802//802 722//722 826//826
f 827//827 723//723 803//803
f 914//914 915//915 916//916
f 917//917 918//918 919//919
f 805//805 804//804 920//920
f 921//921 809//809 808//808
f 922//922 923//923 924//924
f 925//925 926//926 927//927
f 821//821 820//820 928//928
f 929//929 825//825 824//824
f 930//930 931//931 932//932
f 813//813 812//812 933//933
f 934//934 817//817 816//816
f 935//935 932//932 931//931
f 734//734 732//732 818//818
f 819//819 733//733 735//735
f 936//936 937//937 938//938
f 939//939 940//940 941//941
f 942//942 943//943 944//944
f 945//945 946//946 947//947
f 736//736 826//826 722//722
f 723//723 827//827 737//737
f 948//948 949//949 950//950
f 951//951 952//952 953//953
f 642//642 752//752 838//838
f 839//839 753//753 643//643
f 954//954 955//955 956//956
f 831//831 830//830 957//957
f 958//958 835//835 834//834
f 959//959 956//956 955//955
f 960//960 961//961 962//962
f 963//963 964//964 965//965
f 961//961 960//960 966//966
f 967//967 965//965 964//964
f 756//756 840//840 646//646
f 647//647 841//841 757//757
f 968//968 969//969 970//970
f 971//971 972//972 973//973
f 843//843 842//842 974//974
f 975//975 847//847 846//846
f 848//848 976//976 766//766
f 767//767 977//977 849//849
f 978//978 979//979 980//980
f 853//853 852//852 981//981
f 982//982 857//857 856//856
f 764//764 858//858 848//848
f 849//849 859//859 765//765
f 983//983 984//984 985//985
f 986//986 987//987 988//988
f 860//860 876//876 861//861
f 862//862 877//877 863//863
f 865//865 864//864 989//989
f 990//990 869//869 868//868
f 984//984 983//983 991//991
f 992//992 988//988 987//987
f 993//993 994//994 995//995
f 996//996 997//997 998//998
f 871//871 870//870 999//999
f 1000//1000 875//875 874//874
f 994//994 993//993 1001//1001
f 1002//1002 998//998 997//997
f 1003//1003 1004//1004 1005//1005
f 1006//1006 1007//1007 1008//1008
f 770//770 876//876 860//860
f 863//863 877//877 771//771
f 772//772 878//878 1009//1009
f 1010//1010 879//879 773//773
f 1011//1011 1012//1012 1013//1013
f 1014//1014 1015//1015 1016//1016
f 881//881 880//880 1017//1017
f 1018//1018 883//883 882//882
f 1009//1009 884//884 664//664
f 665//665 885//885 1010//1010
f 1019//1019 1020//1020 1021//1021
f 1022//1022 1023//1023 1024//1024
f 887//887 886//886 1025//1025
f 1026//1026 891//891 890//890
f 1027//1027 1028//1028 1029//1029
f 1030//1030 1031//1031 1032//1032
f 1017//1017 786//786 892//892
f 893//893 787//787 1018//1018
f 1033//1033 1034//1034 1035//1035
f 1036//1036 1037//1037 1038//1038
f 792//792 894//894 908//908
f 909//909 895//895 793//793
f 1017//1017 1039//1039 786//786
f 787//787 1040//1040 1018//1018
f 897//897 896//896 1041//1041
f 1042//1042 901//901 900//900
f 903//903 902//902 1043//1043
f 1044//1044 907//907 906//906
f 1045//1045 908//908 794//794
f 795//795 909//909 1046//1046
f 1047//1047 910//910 796//796
f 801//801 911//911 1048//1048
f 1049//1049 1050//1050 1051//1051
f 1052//1052 1053//1053 1054//1054
f 1055//1055 798//798 912//912
f 913//913 799//799 1056//1056
f 1057//1057 1058//1058 1059//1059
f 1060//1060 1061//1061 1062//1062
f 1063//1063 1064//1064 1065//1065
f 1066//1066 1067//1067 1068//1068
f 915//915 914//914 1069//1069
f 1070//1070 919//919 918//918
f 1071//1071 1072//1072 1073//1073
f 923//923 922//922 1074//1074
f 1075//1075 927//927 926//926
f 943//943 942//942 1076//1076
f 1077//1077 947//947 946//946
f 937//937 936//936 1078//1078
f 1079//1079 941//941 940//940
f 1080//1080 1081//1081 1082//1082
f 1083//1083 1084//1084 1085//1085
f 1081//1081 1080//1080 1086//1086
f 1087//1087 1085//1085 1084//1084
f 1088//1088 949//949 948//948
f 953//953 952//952 1089//1089
f 1090//1090 1091//1091 1092//1092
f 1093//1093 1094//1094 1095//1095
f 969//969 968//968 1096//1096
f 1097//1097 973//973 972//972
f 848//848 858//858 976//976
f 977//977 859//859 849//849
f 1098//1098 1099//1099 1100//1100
f 1101//1101 1102//1102 1103//1103
f 1104//1104 980//980 979//979
f 1105//1105 1106//1106 1107//1107
f 1108//1108 1109//1109 1110//1110
f 1111//1111 1112//1112 1113//1113
f 1114//1114 1115//1115 1116//1116
f 1117//1117 1118//1118 1119//1119
f 1120//1120 1121//1121 1122//1122
f 1099//1099 1098//1098 1123//1123
f 1124//1124 1103//1103 1102//1102
f 1125//1125 1126//1126 1127//1127
f 1128//1128 1129//1129 1130//1130
f 1004//1004 1003//1003 1131//1131
f 1132//1132 1008//1008 1007//1007
f 1133//1133 1130//1130 1129//1129
f 1118//1118 1117//1117 1134//1134
f 1135//1135 1122//1122 1121//1121
f 1136//1136 1137//1137 1138//1138
f 1139//1139 1140//1140 1141//1141
f 1009//1009 878//878 884//884
f 885//885 879//879 1010//1010
f 1142//1142 1143//1143 1144//1144
f 1012//1012 1011//1011 1145//1145
f 1146//1146 1016//1016 1015//1015
f 1147//1147 1148//1148 1149//1149
f 1150//1150 1151//1151 1152//1152
f 1039//1039 1017//1017 880//880
f 883//883 1018//1018 1040//1040
f 1153//1153 1154//1154 1155//1155
f 1156//1156 1157//1157 1158//1158
f 1055//1055 1159//1159 798//798
f 799//799 1160//1160 1056//1056
f 1020//1020 1019//1019 1161//1161
f 1162//1162 1024//1024 1023//1023
f 1163//1163 1164//1164 1165//1165
f 1028//1028 1027//1027 1166//1166
f 1167//1167 1032//1032 1031//1031
f 1168//1168 1169//1169 1170//1170
f 1171//1171 1172//1172 1173//1173
f 1034//1034 1033//1033 1174//1174
f 1175//1175 1038//1038 1037//1037
f 1176//1176 1177//1177 1178//1178
f 792//792 908//908 1045//1045
f 1046//1046 909//909 793//793
f 1179//1179 1180//1180 1181//1181
f 1182//1182 1183//1183 1184//1184
f 1185//1185 1186//1186 1187//1187
f 1188//1188 1187//1187 1186//1186
f 1189//1189 1190//1190 1191//1191
f 1192//1192 1193//1193 1194//1194
f 1190//1190 1189//1189 1195//1195
f 1196//1196 1194//1194 1193//1193
f 910//910 1047//1047 1055//1055
f 1056//1056 1048//1048 911//911
f 1050//1050 1049//1049 1197//1197
f 1198//1198 1054//1054 1053//1053
f 1199//1199 1200//1200 1201//1201
f 1202//1202 1203//1203 1204//1204
f 1205//1205 1206//1206 1207//1207
f 1208//1208 1209//1209 1210//1210
f 1058//1058 1057//1057 1211//1211
f 1212//1212 1062//1062 1061//1061
f 1064//1064 1063//1063 1213//1213
f 1214//1214 1068//1068 1067//1067
f 1215//1215 1073//1073 1072//1072
f 1216//1216 1217//1217 1218//1218
f 1219//1219 1220//1220 1221//1221
f 937//937 1078//1078 1222//1222
f 1223//1223 1079//1079 940//940
f 1224//1224 1225//1225 1226//1226
f 1227//1227 1228//1228 1229//1229
f 949//949 1088//1088 1230//1230
f 1231//1231 1089//1089 952//952
f 1091//1091 1090//1090 1232//1232
f 1233//1233 1095//1095 1094//1094
f 1112//1112 1111//1111 1234//1234
f 1235//1235 1116//1116 1115//1115
f 1106//1106 1105//1105 1236//1236
f 1237//1237 1110//1110 1109//1109
f 1137//1137 1136//1136 1238//1238
f 1239//1239 1141//1141 1140//1140
f 1240//1240 1127//1127 1126//1126
f 1241//1241 1144//1144 1143//1143
f 1143//1143 1142//1142 1242//1242
f 1148//1148 1147//1147 1243//1243
f 1244//1244 1152//1152 1151//1151
f 1178//1178 1177//1177 1142//1142
f 1154//1154 1153//1153 1245//1245
f 1246//1246 1158//1158 1157//1157
f 1159//1159 1055//1055 1047//1047
f 1048//1048 1056//1056 1160//1160
f 1247//1247 1165//1165 1164//1164
f 1248//1248 1249//1249 1250//1250
f 1169//1169 1168//1168 1251//1251
f 1252//1252 1173//1173 1172//1172
f 1177//1177 1176//1176 1241//1241
f 1180//1180 1179//1179 1253//1253
f 1254//1254 1184//1184 1183//1183
f 1255//1255 1256//1256 1257//1257
f 1200//1200 1199//1199 1258//1258
f 1259//1259 1204//1204 1203//1203
f 1206//1206 1205//1205 1260//1260
f 1261//1261 1210//1210 1209//1209
f 1217//1217 1216//1216 1262//1262
f 1263//1263 1221//1221 1220//1220
f 1218//1218 1217//1217 1264//1264
f 1265//1265 1220//1220 1219//1219
f 1225//1225 1224//1224 1266//1266
f 1267//1267 1229//1229 1228//1228
f 1268//1268 1226//1226 1225//1225
f 1228//1228 1227//1227 1269//1269
f 1270//1270 1271//1271 1272//1272
f 1273//1273 1274//1274 1275//1275
f 1276//1276 1277//1277 1278//1278
f 1279//1279 1280//1280 1281//1281
f 1282//1282 1283//1283 1284//1284
f 1285//1285 1286//1286 1287//1287
f 1288//1288 1289//1289 1290//1290
f 1291//1291 1292//1292 1293//1293
f 1176//1176 1144//1144 1241//1241
f 1294//1294 1295//1295 1296//1296
f 1297//1297 1298//1298 1299//1299
f 1177//1177 1242//1242 1142//1142
f 1300//1300 1301//1301 1302//1302
f 1303//1303 1304//1304 1305//1305
f 1306//1306 1250//1250 1249//1249
f 1307//1307 1308//1308 1309//1309
f 1310//1310 1311//1311 1312//1312
f 1313//1313 1257//1257 1256//1256
f 1314//1314 1262//1262 1216//1216
f 1221//1221 1263//1263 1315//1315
f 1316//1316 1317//1317 1318//1318
f 1319//1319 1320//1320 1321//1321
f 1322//1322 1323//1323 1324//1324
f 1325//1325 1326//1326 1327//1327
f 1218//1218 1264//1264 1328//1328
f 1329//1329 1265//1265 1219//1219
f 1289//1289 1288//1288 1330//1330
f 1331//1331 1293//1293 1292//1292
f 1225//1225 1266//1266 1332//1332
f 1333//1333 1267//1267 1228//1228
f 1226//1226 1268//1268 1334//1334
f 1335//1335 1269//1269 1227//1227
f 1336//1336 1337//1337 1338//1338
f 1339//1339 1340//1340 1341//1341
f 1271//1271 1270//1270 1342//1342
f 1343//1343 1275//1275 1274//1274
f 1272//1272 1271//1271 1344//1344
f 1345//1345 1274//1274 1273//1273
f 1277//1277 1276//1276 1346//1346
f 1347//1347 1281//1281 1280//1280
f 1348//1348 1278//1278 1277//1277
f 1280//1280 1279//1279 1349//1349
f 1283//1283 1282//1282 1350//1350
f 1351//1351 1287//1287 1286//1286
f 1282//1282 1284//1284 1352//1352
f 1353//1353 1285//1285 1287//1287
f 1288//1288 1290//1290 1354//1354
f 1355//1355 1291//1291 1293//1293
f 1294//1294 1356//1356 1295//1295
f 1298//1298 1357//1357 1299//1299
f 1358//1358 1296//1296 1295//1295
f 1298//1298 1297//1297 1359//1359
f 1360//1360 1361//1361 1362//1362
f 1363//1363 1364//1364 1365//1365
f 1301//1301 1300//1300 1366//1366
f 1367//1367 1305//1305 1304//1304
f 1300//1300 1302//1302 1368//1368
f 1369//1369 1303//1303 1305//1305
f 1308//1308 1307//1307 1370//1370
f 1371//1371 1312//1312 1311//1311
f 1309//1309 1308//1308 1372//1372
f 1373//1373 1311//1311 1310//1310
f 1262//1262 1314//1314 1328//1328
f 1329//1329 1315//1315 1263//1263
f 1317//1317 1316//1316 1374//1374
f 1375//1375 1321//1321 1320//1320
f 1323//1323 1322//1322 1376//1376
f 1377//1377 1327//1327 1326//1326
f 1378//1378 1328//1328 1264//1264
f 1265//1265 1329//1329 1379//1379
f 1380//1380 1342//1342 1270//1270
f 1275//1275 1343//1343 1381//1381
f 1382//1382 1330//1330 1288//1288
f 1293//1293 1331//1331 1383//1383
f 1332//1332 1266//1266 1384//1384
f 1385//1385 1267//1267 1333//1333
f 1386//1386 1387//1387 1388//1388
f 1389//1389 1390//1390 1391//1391
f 1334//1334 1268//1268 1384//1384
f 1385//1385 1269//1269 1335//1335
f 1337//1337 1336//1336 1392//1392
f 1393//1393 1341//1341 1340//1340
f 1394//1394 1395//1395 1396//1396
f 1397//1397 1398//1398 1399//1399
f 1400//1400 1401//1401 1402//1402
f 1403//1403 1404//1404 1405//1405
f 1406//1406 1407//1407 1408//1408
f 1409//1409 1410//1410 1411//1411
f 1272//1272 1344//1344 1412//1412
f 1413//1413 1345//1345 1273//1273
f 1277//1277 1346//1346 1414//1414
f 1415//1415 1347//1347 1280//1280
f 1278//1278 1348//1348 1416//1416
f 1417//1417 1349//1349 1279//1279
f 1418//1418 1419//1419 1420//1420
f 1421//1421 1422//1422 1423//1423
f 1424//1424 1350//1350 1282//1282
f 1287//1287 1351//1351 1425//1425
f 1426//1426 1427//1427 1290//1290
f 1291//1291 1428//1428 1429//1429
f 1352//1352 1284//1284 1430//1430
f 1431//1431 1285//1285 1353//1353
f 1432//1432 1433//1433 1434//1434
f 1435//1435 1436//1436 1437//1437
f 1354//1354 1290//1290 1427//1427
f 1428//1428 1291//1291 1355//1355
f 1438//1438 1439//1439 1440//1440
f 1441//1441 1442//1442 1443//1443
f 1444//1444 1356//1356 1294//1294
f 1299//1299 1357//1357 1445//1445
f 1446//1446 1447//1447 1448//1448
f 1449//1449 1450//1450 1451//1451
f 1452//1452 1296//1296 1358//1358
f 1359//1359 1297//1297 1453//1453
f 1454//1454 1455//1455 1456//1456
f 1457//1457 1458//1458 1459//1459
f 1360//1360 1460//1460 1361//1361
f 1364//1364 1461//1461 1365//1365
f 1462//1462 1362//1362 1361//1361
f 1364//1364 1363//1363 1463//1463
f 1464//1464 1366//1366 1300//1300
f 1305//1305 1367//1367 1465//1465
f 1466//1466 1460//1460 1360//1360
f 1365//1365 1461//1461 1467//1467
f 1368//1368 1302//1302 1468//1468
f 1469//1469 1303//1303 1369//1369
f 1470//1470 1471//1471 1472//1472
f 1473//1473 1474//1474 1475//1475
f 1476//1476 1370//1370 1307//1307
f 1312//1312 1371//1371 1477//1477
f 1478//1478 1479//1479 1480//1480
f 1481//1481 1482//1482 1483//1483
f 1484//1484 1485//1485 1486//1486
f 1487//1487 1488//1488 1489//1489
f 1309//1309 1372//1372 1490//1490
f 1491//1491 1373//1373 1310//1310
f 1492//1492 1493//1493 1494//1494
f 1495//1495 1496//1496 1497//1497
f 1262//1262 1328//1328 1378//1378
f 1379//1379 1329//1329 1263//1263
f 1498//1498 1499//1499 1500//1500
f 1501//1501 1502//1502 1503//1503
f 1504//1504 1505//1505 1506//1506
f 1507//1507 1508//1508 1509//1509
f 1505//1505 1504//1504 1510//1510
f 1511//1511 1509//1509 1508//1508
f 1512//1512 1513//1513 1514//1514
f 1515//1515 1516//1516 1517//1517
f 1513//1513 1512//1512 1518//1518
f 1519//1519 1517//1517 1516//1516
f 1342//1342 1380//1380 1412//1412
f 1413//1413 1381//1381 1343//1343
f 1330//1330 1382//1382 1426//1426
f 1429//1429 1383//1383 1331//1331
f 1520//1520 1521//1521 1522//1522
f 1523//1523 1524//1524 1525//1525
f 1334//1334 1384//1384 1266//1266
f 1267//1267 1385//1385 1335//1335
f 1526//1526 1527//1527 1528//1528
f 1529//1529 1530//1530 1531//1531
f 1387//1387 1386//1386 1532//1532
f 1533//1533 1391//1391 1390//1390
f 1534//1534 1535//1535 1536//1536
f 1537//1537 1538//1538 1539//1539
f 1395//1395 1394//1394 1540//1540
f 1541//1541 1399//1399 1398//1398
f 1401//1401 1400//1400 1542//1542
f 1543//1543 1405//1405 1404//1404
f 1407//1407 1406//1406 1544//1544
f 1545//1545 1411//1411 1410//1410
f 1546//1546 1547//1547 1548//1548
f 1549//1549 1550//1550 1551//1551
f 1552//1552 1412//1412 1344//1344
f 1345//1345 1413//1413 1553//1553
f 1414//1414 1346//1346 1554//1554
f 1555//1555 1347//1347 1415//1415
f 1556//1556 1557//1557 1558//1558
f 1559//1559 1560//1560 1561//1561
f 1416//1416 1348//1348 1554//1554
f 1555//1555 1349//1349 1417//1417
f 1562//1562 1430//1430 1284//1284
f 1285//1285 1431//1431 1563//1563
f 1419//1419 1418//1418 1564//1564
f 1565//1565 1423//1423 1422//1422
f 1566//1566 1567//1567 1568//1568
f 1569//1569 1570//1570 1571//1571
f 1350//1350 1424//1424 1562//1562
f 1563//1563 1425//1425 1351//1351
f 1572//1572 1573//1573 1574//1574
f 1575//1575 1576//1576 1577//1577
f 1426//1426 1382//1382 1427//1427
f 1428//1428 1383//1383 1429//1429
f 1578//1578 1579//1579 1580//1580
f 1581//1581 1582//1582 1583//1583
f 1433//1433 1432//1432 1584//1584
f 1585//1585 1437//1437 1436//1436
f 1586//1586 1587//1587 1588//1588
f 1589//1589 1590//1590 1591//1591
f 1439//1439 1438//1438 1592//1592
f 1593//1593 1443//1443 1442//1442
f 1521//1521 1520//1520 1594//1594
f 1595//1595 1525//1525 1524//1524
f 1356//1356 1444//1444 1452//1452
f 1453//1453 1445//1445 1357//1357
f 1447//1447 1446//1446 1596//1596
f 1597//1597 1451//1451 1450//1450
f 1598//1598 1599//1599 1600//1600
f 1601//1601 1602//1602 1603//1603
f 1452//1452 1604//1604 1296//1296
f 1297//1297 1605//1605 1453//1453
f 1606//1606 1607//1607 1608//1608
f 1609//1609 1610//1610 1611//1611
f 1455//1455 1454//1454 1612//1612
f 1613//1613 1459//1459 1458//1458
f 1614//1614 1615//1615 1616//1616
f 1617//1617 1618//1618 1619//1619
f 1620//1620 1362//1362 1462//1462
f 1463//1463 1363//1363 1621//1621
f 1622//1622 1623//1623 1624//1624
f 1625//1625 1626//1626 1627//1627
f 1366//1366 1464//1464 1628//1628
f 1629//1629 1465//1465 1367//1367
f 1630//1630 1631//1631 1632//1632
f 1633//1633 1634//1634 1635//1635
f 1460//1460 1466//1466 1620//1620
f 1621//1621 1467//1467 1461//1461
f 1628//1628 1468//1468 1302//1302
f 1303//1303 1469//1469 1629//1629
f 1636//1636 1637//1637 1638//1638
f 1639//1639 1640//1640 1641//1641
f 1471//1471 1470//1470 1642//1642
f 1643//1643 1475//1475 1474//1474
f 1370//1370 1476//1476 1490//1490
f 1491//1491 1477//1477 1371//1371
f 1620//1620 1644//1644 1362//1362
f 1363//1363 1645//1645 1621//1621
f 1479//1479 1478//1478 1646//1646
f 1647//1647 1483//1483 1482//1482
f 1485//1485 1484//1484 1648//1648
f 1649//1649 1489//1489 1488//1488
f 1650//1650 1490//1490 1372//1372
f 1373//1373 1491//1491 1651//1651
f 1493//1493 1492//1492 1652//1652
f 1653//1653 1497//1497 1496//1496
f 1493//1493 1654//1654 1494//1494
f 1495//1495 1655//1655 1496//1496
f 1499//1499 1498//1498 1656//1656
f 1657//1657 1503//1503 1502//1502
f 1342//1342 1412//1412 1552//1552
f 1553//1553 1413//1413 1343//1343
f 1658//1658 1659//1659 1660//1660
f 1661//1661 1662//1662 1663//1663
f 1664//1664 1665//1665 1666//1666
f 1667//1667 1668//1668 1669//1669
f 1670//1670 1492//1492 1659//1659
f 1662//1662 1497//1497 1671//1671
f 1527//1527 1526//1526 1672//1672
f 1673//1673 1531//1531 1530//1530
f 1535//1535 1534//1534 1674//1674
f 1675//1675 1539//1539 1538//1538
f 1676//1676 1677//1677 1678//1678
f 1679//1679 1680//1680 1681//1681
f 1682//1682 1683//1683 1684//1684
f 1685//1685 1686//1686 1687//1687
f 1683//1683 1682//1682 1688//1688
f 1689//1689 1687//1687 1686//1686
f 1547//1547 1546//1546 1690//1690
f 1691//1691 1551//1551 1550//1550
f 1416//1416 1554//1554 1346//1346
f 1347//1347 1555//1555 1417//1417
f 1692//1692 1693//1693 1694//1694
f 1695//1695 1696//1696 1697//1697
f 1557//1557 1556//1556 1698//1698
f 1699//1699 1561//1561 1560//1560
f 1562//1562 1424//1424 1430//1430
f 1431//1431 1425//1425 1563//1563
f 1700//1700 1701//1701 1702//1702
f 1703//1703 1704//1704 1705//1705
f 1567//1567 1566//1566 1706//1706
f 1707//1707 1571//1571 1570//1570
f 1708//1708 1709//1709 1660//1660
f 1661//1661 1710//1710 1711//1711
f 1573//1573 1572//1572 1712//1712
f 1713//1713 1577//1577 1576//1576
f 1714//1714 1715//1715 1716//1716
f 1717//1717 1718//1718 1719//1719
f 1579//1579 1578//1578 1720//1720
f 1721//1721 1583//1583 1582//1582
f 1722//1722 1723//1723 1724//1724
f 1725//1725 1726//1726 1727//1727
f 1587//1587 1586//1586 1728//1728
f 1729//1729 1591//1591 1590//1590
f 1730//1730 1731//1731 1732//1732
f 1733//1733 1734//1734 1735//1735
f 1604//1604 1452//1452 1444//1444
f 1445//1445 1453//1453 1605//1605
f 1736//1736 1737//1737 1738//1738
f 1599//1599 1598//1598 1739//1739
f 1740//1740 1603//1603 1602//1602
f 1607//1607 1606//1606 1741//1741
f 1742//1742 1611//1611 1610//1610
f 1615//1615 1614//1614 1743//1743
f 1744//1744 1619//1619 1618//1618
f 1745//1745 1746//1746 1747//1747
f 1748//1748 1749//1749 1750//1750
f 1751//1751 1752//1752 1753//1753
f 1754//1754 1755//1755 1756//1756
f 1623//1623 1622//1622 1757//1757
f 1758//1758 1627//1627 1626//1626
f 1628//1628 1464//1464 1468//1468
f 1469//1469 1465//1465 1629//1629
f 1759//1759 1760//1760 1761//1761
f 1762//1762 1763//1763 1764//1764
f 1631//1631 1630//1630 1765//1765
f 1766//1766 1635//1635 1634//1634
f 1767//1767 1768//1768 1769//1769
f 1770//1770 1771//1771 1772//1772
f 1644//1644 1620//1620 1466//1466
f 1467//1467 1621//1621 1645//1645
f 1637//1637 1636//1636 1773//1773
f 1774//1774 1641//1641 1640//1640
f 1775//1775 1776//1776 1777//1777
f 1760//1760 1759//1759 1778//1778
f 1779//1779 1764//1764 1763//1763
f 1370//1370 1490//1490 1650//1650
f 1651//1651 1491//1491 1371//1371
f 1780//1780 1781//1781 1782//1782
f 1783//1783 1784//1784 1785//1785
f 1786//1786 1787//1787 1788//1788
f 1789//1789 1788//1788 1787//1787
f 1790//1790 1791//1791 1792//1792
f 1793//1793 1794//1794 1795//1795
f 1791//1791 1790//1790 1796//1796
f 1797//1797 1795//1795 1794//1794
f 1652//1652 1492//1492 1670//1670
f 1671//1671 1497//1497 1653//1653
f 1798//1798 1799//1799 1800//1800
f 1801//1801 1802//1802 1803//1803
f 1654//1654 1493//1493 1804//1804
f 1805//1805 1496//1496 1655//1655
f 1677//1677 1676//1676 1806//1806
f 1807//1807 1681//1681 1680//1680
f 1808//1808 1659//1659 1658//1658
f 1663//1663 1662//1662 1809//1809
f 1658//1658 1660//1660 1810//1810
f 1811//1811 1661//1661 1663//1663
f 1665//1665 1664//1664 1812//1812
f 1813//1813 1669//1669 1668//1668
f 1670//1670 1659//1659 1814//1814
f 1815//1815 1662//1662 1671//1671
f 1654//1654 1816//1816 1708//1708
f 1711//1711 1817//1817 1655//1655
f 1693//1693 1692//1692 1818//1818
f 1819//1819 1697//1697 1696//1696
f 1715//1715 1714//1714 1820//1820
f 1821//1821 1719//1719 1718//1718
f 1701//1701 1700//1700 1822//1822
f 1823//1823 1705//1705 1704//1704
f 1708//1708 1824//1824 1709//1709
f 1710//1710 1825//1825 1711//1711
f 1660//1660 1709//1709 1810//1810
f 1811//1811 1710//1710 1661//1661
f 1723//1723 1722//1722 1826//1826
f 1827//1827 1727//1727 1726//1726
f 1731//1731 1730//1730 1828//1828
f 1829//1829 1735//1735 1734//1734
f 1830//1830 1738//1738 1737//1737
f 1831//1831 1832//1832 1833//1833
f 1746//1746 1745//1745 1834//1834
f 1835//1835 1750//1750 1749//1749
f 1752//1752 1751//1751 1836//1836
f 1837//1837 1756//1756 1755//1755
f 1768//1768 1767//1767 1838//1838
f 1839//1839 1772//1772 1771//1771
f 1840//1840 1777//1777 1776//1776
f 1781//1781 1780//1780 1841//1841
f 1842//1842 1785//1785 1784//1784
f 1843//1843 1844//1844 1798//1798
f 1803//1803 1845//1845 1846//1846
f 1798//1798 1847//1847 1799//1799
f 1802//1802 1848//1848 1803//1803
f 1800//1800 1799//1799 1849//1849
f 1850//1850 1802//1802 1801//1801
f 1851//1851 1852//1852 1853//1853
f 1854//1854 1855//1855 1856//1856
f 1654//1654 1804//1804 1816//1816
f 1817//1817 1805//1805 1655//1655
f 1814//1814 1659//1659 1808//1808
f 1809//1809 1662//1662 1815//1815
f 1857//1857 1858//1858 1859//1859
f 1860//1860 1861//1861 1862//1862
f 1863//1863 1859//1859 1864//1864
f 1865//1865 1860//1860 1866//1866
f 1867//1867 1868//1868 1869//1869
f 1870//1870 1871//1871 1872//1872
f 1708//1708 1816//1816 1873//1873
f 1874//1874 1817//1817 1711//1711
f 1708//1708 1873//1873 1824//1824
f 1825//1825 1874//1874 1711//1711
f 1875//1875 1876//1876 1877//1877
f 1878//1878 1879//1879 1880//1880
f 1881//1881 1882//1882 1876//1876
f 1879//1879 1883//1883 1884//1884
f 1885//1885 1833//1833 1832//1832
f 1844//1844 1843//1843 1886//1886
f 1887//1887 1846//1846 1845//1845
f 1798//1798 1844//1844 1847//1847
f 1848//1848 1845//1845 1803//1803
f 1888//1888 1889//1889 1890//1890
f 1891//1891 1892//1892 1893//1893
f 1894//1894 1895//1895 1896//1896
f 1897//1897 1898//1898 1899//1899
f 1800//1800 1849//1849 1900//1900
f 1901//1901 1850//1850 1801//1801
f 1851//1851 1902//1902 1852//1852
f 1855//1855 1903//1903 1856//1856
f 1853//1853 1852//1852 1904//1904
f 1905//1905 1855//1855 1854//1854
f 1853//1853 1906//1906 1907//1907
f 1908//1908 1909//1909 1854//1854
f 1910//1910 1911//1911 1867//1867
f 1872//1872 1912//1912 1913//1913
f 1914//1914 1858//1858 1857//1857
f 1862//1862 1861//1861 1915//1915
f 1857//1857 1859//1859 1863//1863
f 1866//1866 1860//1860 1862//1862
f 1863//1863 1864//1864 1916//1916
f 1917//1917 1865//1865 1866//1866
f 1867//1867 1911//1911 1868//1868
f 1871//1871 1912//1912 1872//1872
f 1918//1918 1869//1869 1868//1868
f 1871//1871 1870//1870 1919//1919
f 1920//1920 1921//1921 1922//1922
f 1923//1923 1924//1924 1925//1925
f 1922//1922 1926//1926 1927//1927
f 1928//1928 1929//1929 1923//1923
f 1881//1881 1876//1876 1875//1875
f 1880//1880 1879//1879 1884//1884
f 1875//1875 1877//1877 1930//1930
f 1931//1931 1878//1878 1880//1880
f 1932//1932 1882//1882 1881//1881
f 1884//1884 1883//1883 1933//1933
f 1886//1886 1843//1843 1934//1934
f 1935//1935 1846//1846 1887//1887
f 1936//1936 1937//1937 1938//1938
f 1939//1939 1940//1940 1941//1941
f 1942//1942 1943//1943 1944//1944
f 1945//1945 1946//1946 1947//1947
f 1889//1889 1888//1888 1948//1948
f 1949//1949 1893//1893 1892//1892
f 1943//1943 1942//1942 1950//1950
f 1951//1951 1947//1947 1946//1946
f 1895//1895 1894//1894 1952//1952
f 1953//1953 1899//1899 1898//1898
f 1954//1954 1955//1955 1956//1956
f 1957//1957 1958//1958 1959//1959
f 1800//1800 1900//1900 1960//1960
f 1961//1961 1901//1901 1801//1801
f 1851//1851 1962//1962 1902//1902
f 1903//1903 1963//1963 1856//1856
f 1964//1964 1965//1965 1966//1966
f 1967//1967 1968//1968 1969//1969
f 1970//1970 1971//1971 1972//1972
f 1973//1973 1974//1974 1975//1975
f 1853//1853 1904//1904 1906//1906
f 1909//1909 1905//1905 1854//1854
f 1907//1907 1906//1906 1976//1976
f 1977//1977 1909//1909 1908//1908
f 1911//1911 1910//1910 1978//1978
f 1979//1979 1913//1913 1912//1912
f 1980//1980 1858//1858 1914//1914
f 1915//1915 1861//1861 1981//1981
f 1982//1982 1983//1983 1984//1984
f 1985//1985 1986//1986 1987//1987
f 1988//1988 1989//1989 1990//1990
f 1991//1991 1992//1992 1993//1993
f 1916//1916 1864//1864 1994//1994
f 1995//1995 1865//1865 1917//1917
f 1996//1996 1997//1997 1998//1998
f 1999//1999 2000//2000 2001//2001
f 2002//2002 2003//2003 2004//2004
f 2005//2005 2006//2006 2007//2007
f 2008//2008 1869//1869 1918//1918
f 1919//1919 1870//1870 2009//2009
f 2010//2010 2011//2011 2012//2012
f 2013//2013 2014//2014 2015//2015
f 1921//1921 1920//1920 2016//2016
f 2017//2017 1925//1925 1924//1924
f 1922//1922 1921//1921 1926//1926
f 1929//1929 1924//1924 1923//1923
f 2018//2018 1927//1927 1926//1926
f 1929//1929 1928//1928 2019//2019
f 2020//2020 2021//2021 2022//2022
f 2023//2023 2024//2024 2025//2025
f 1930//1930 1877//1877 2026//2026
f 2027//2027 1878//1878 1931//1931
f 2028//2028 2029//2029 2030//2030
f 2031//2031 2032//2032 2033//2033
f 2034//2034 1882//1882 1932//1932
f 1933//1933 1883//1883 2035//2035
f 2036//2036 2037//2037 2038//2038
f 2039//2039 2040//2040 2041//2041
f 1934//1934 1843//1843 2042//2042
f 2043//2043 1846//1846 1935//1935
f 2044//2044 2045//2045 2046//2046
f 2047//2047 2048//2048 2049//2049
f 1937//1937 1936//1936 2050//2050
f 2051//2051 1941//1941 1940//1940
f 2045//2045 2044//2044 2052//2052
f 2053//2053 2049//2049 2048//2048
f 2054//2054 2055//2055 2056//2056
f 2057//2057 2058//2058 2059//2059
f 2060//2060 2061//2061 2054//2054
f 2059//2059 2062//2062 2063//2063
f 2056//2056 2064//2064 2065//2065
f 2066//2066 2067//2067 2057//2057
f 1955//1955 1954//1954 2068//2068
f 2069//2069 1959//1959 1958//1958
f 2070//2070 2071//2071 2072//2072
f 2073//2073 2074//2074 2075//2075
f 1800//1800 1960//1960 2076//2076
f 2077//2077 1961//1961 1801//1801
f 1851//1851 2078//2078 1962//1962
f 1963//1963 2079//2079 1856//1856
f 2080//2080 2081//2081 2082//2082
f 2083//2083 2084//2084 2085//2085
f 1965//1965 1964//1964 2086//2086
f 2087//2087 1969//1969 1968//1968
f 1971//1971 1970//1970 2088//2088
f 2089//2089 1975//1975 1974//1974
f 2090//2090 2091//2091 2092//2092
f 2093//2093 2094//2094 2095//2095
f 2091//2091 2090//2090 2096//2096
f 2097//2097 2095//2095 2094//2094
f 2098//2098 2099//2099 2100//2100
f 2101//2101 2102//2102 2103//2103
f 1907//1907 1976//1976 2104//2104
f 2105//2105 1977//1977 1908//1908
f 1978//1978 1910//1910 2106//2106
f 2107//2107 1913//1913 1979//1979
f 2108//2108 2109//2109 2110//2110
f 2111//2111 2112//2112 2113//2113
f 2114//2114 1858//1858 1980//1980
f 1981//1981 1861//1861 2115//2115
f 2116//2116 2117//2117 2118//2118
f 2119//2119 2120//2120 2121//2121
f 1983//1983 1982//1982 2122//2122
f 2123//2123 1987//1987 1986//1986
f 2117//2117 2116//2116 2124//2124
f 2125//2125 2121//2121 2120//2120
f 1989//1989 1988//1988 2126//2126
f 2127//2127 1993//1993 1992//1992
f 1994//1994 1864//1864 2128//2128
f 2129//2129 1865//1865 1995//1995
f 2130//2130 2131//2131 2132//2132
f 2133//2133 2134//2134 2135//2135
f 1997//1997 1996//1996 2136//2136
f 2137//2137 2001//2001 2000//2000
f 2003//2003 2002//2002 2138//2138
f 2139//2139 2007//2007 2006//2006
f 2109//2109 2108//2108 2140//2140
f 2141//2141 2113//2113 2112//2112
f 2142//2142 1869//1869 2008//2008
f 2009//2009 1870//1870 2143//2143
f 2144//2144 2145//2145 2146//2146
f 2147//2147 2148//2148 2149//2149
f 2011//2011 2010//2010 2150//2150
f 2151//2151 2015//2015 2014//2014
f 2016//2016 1920//1920 2152//2152
f 2153//2153 1925//1925 2017//2017
f 2154//2154 2155//2155 2156//2156
f 2157//2157 2158//2158 2159//2159
f 2160//2160 2161//2161 2162//2162
f 2163//2163 2164//2164 2165//2165
f 2166//2166 1927//1927 2018//2018
f 2019//2019 1928//1928 2167//2167
f 2168//2168 2169//2169 2170//2170
f 2171//2171 2172//2172 2173//2173
f 2021//2021 2020//2020 2174//2174
f 2175//2175 2025//2025 2024//2024
f 2029//2029 2028//2028 2176//2176
f 2177//2177 2033//2033 2032//2032
f 2026//2026 1877//1877 2178//2178
f 2179//2179 1878//1878 2027//2027
f 2180//2180 2181//2181 2182//2182
f 2183//2183 2184//2184 2185//2185
f 2181//2181 2180//2180 2186//2186
f 2187//2187 2185//2185 2184//2184
f 2188//2188 1882//1882 2034//2034
f 2035//2035 1883//1883 2189//2189
f 2190//2190 2191//2191 2192//2192
f 2193//2193 2194//2194 2195//2195
f 2037//2037 2036//2036 2196//2196
f 2197//2197 2041//2041 2040//2040
f 2042//2042 1843//1843 2198//2198
f 2199//2199 1846//1846 2043//2043
f 2200//2200 2201//2201 2202//2202
f 2203//2203 2204//2204 2205//2205
f 2206//2206 2207//2207 2060//2060
f 2063//2063 2208//2208 2209//2209
f 2210//2210 2211//2211 2206//2206
f 2209//2209 2212//2212 2213//2213
f 2054//2054 2061//2061 2055//2055
f 2058//2058 2062//2062 2059//2059
f 2056//2056 2055//2055 2064//2064
f 2067//2067 2058//2058 2057//2057
f 2060//2060 2207//2207 2061//2061
f 2062//2062 2208//2208 2063//2063
f 2065//2065 2064//2064 2214//2214
f 2215//2215 2067//2067 2066//2066
f 2065//2065 2214//2214 2216//2216
f 2217//2217 2215//2215 2066//2066
f 2071//2071 2070//2070 2218//2218
f 2219//2219 2075//2075 2074//2074
f 2220//2220 2221//2221 2222//2222
f 2223//2223 2224//2224 2225//2225
f 2221//2221 2220//2220 2226//2226
f 2227//2227 2225//2225 2224//2224
f 1800//1800 2076//2076 2228//2228
f 2229//2229 2077//2077 1801//1801
f 1851//1851 2230//2230 2078//2078
f 2079//2079 2231//2231 1856//1856
f 2232//2232 2233//2233 2234//2234
f 2235//2235 2236//2236 2237//2237
f 2081//2081 2080//2080 2238//2238
f 2239//2239 2085//2085 2084//2084
f 2240//2240 2241//2241 2242//2242
f 2243//2243 2244//2244 2245//2245
f 2242//2242 2246//2246 2247//2247
f 2248//2248 2249//2249 2243//2243
f 2247//2247 2250//2250 2251//2251
f 2252//2252 2253//2253 2248//2248
f 2099//2099 2098//2098 2254//2254
f 2255//2255 2103//2103 2102//2102
f 2256//2256 2257//2257 2258//2258
f 2259//2259 2260//2260 2261//2261
f 2257//2257 2256//2256 2262//2262
f 2263//2263 2261//2261 2260//2260
f 1907//1907 2104//2104 2264//2264
f 2265//2265 2105//2105 1908//1908
f 2106//2106 1910//1910 2266//2266
f 2267//2267 1913//1913 2107//2107
f 2268//2268 2269//2269 2270//2270
f 2271//2271 2272//2272 2273//2273
f 2269//2269 2268//2268 2274//2274
f 2275//2275 2273//2273 2272//2272
f 2276//2276 1858//1858 2114//2114
f 2115//2115 1861//1861 2277//2277
f 2278//2278 2279//2279 2280//2280
f 2281//2281 2282//2282 2283//2283
f 2279//2279 2278//2278 2284//2284
f 2285//2285 2283//2283 2282//2282
f 2286//2286 2287//2287 2288//2288
f 2289//2289 2290//2290 2291//2291
f 2292//2292 2293//2293 2287//2287
f 2290//2290 2294//2294 2295//2295
f 2286//2286 2288//2288 2296//2296
f 2297//2297 2289//2289 2291//2291
f 2128//2128 1864//1864 2298//2298
f 2299//2299 1865//1865 2129//2129
f 2300//2300 2301//2301 2302//2302
f 2303//2303 2304//2304 2305//2305
f 2131//2131 2130//2130 2306//2306
f 2307//2307 2135//2135 2134//2134
f 2308//2308 2296//2296 2309//2309
f 2310//2310 2297//2297 2311//2311
f 2312//2312 2313//2313 2314//2314
f 2315//2315 2316//2316 2317//2317
f 2313//2313 2312//2312 2318//2318
f 2319//2319 2317//2317 2316//2316
f 2320//2320 1869//1869 2142//2142
f 2143//2143 1870//1870 2321//2321
f 2322//2322 2323//2323 2324//2324
f 2325//2325 2326//2326 2327//2327
f 2145//2145 2144//2144 2328//2328
f 2329//2329 2149//2149 2148//2148
f 2152//2152 1920//1920 2330//2330
f 2331//2331 1925//1925 2153//2153
f 2332//2332 2333//2333 2334//2334
f 2335//2335 2336//2336 2337//2337
f 2155//2155 2154//2154 2338//2338
f 2339//2339 2159//2159 2158//2158
f 2161//2161 2160//2160 2340//2340
f 2341//2341 2165//2165 2164//2164
f 2169//2169 2168//2168 2342//2342
f 2343//2343 2173//2173 2172//2172
f 2344//2344 1927//1927 2166//2166
f 2167//2167 1928//1928 2345//2345
f 2346//2346 2347//2347 2348//2348
f 2349//2349 2350//2350 2351//2351
f 2347//2347 2346//2346 2352//2352
f 2353//2353 2351//2351 2350//2350
f 2354//2354 2355//2355 2356//2356
f 2357//2357 2358//2358 2359//2359
f 2360//2360 2356//2356 2361//2361
f 2362//2362 2357//2357 2363//2363
f 2178//2178 1877//1877 2364//2364
f 2365//2365 1878//1878 2179//2179
f 2366//2366 2367//2367 2368//2368
f 2369//2369 2370//2370 2371//2371
f 2367//2367 2366//2366 2372//2372
f 2373//2373 2371//2371 2370//2370
f 2374//2374 2361//2361 2375//2375
f 2376//2376 2362//2362 2377//2377
f 2378//2378 1882//1882 2188//2188
f 2189//2189 1883//1883 2379//2379
f 2380//2380 2381//2381 2382//2382
f 2383//2383 2384//2384 2385//2385
f 2191//2191 2190//2190 2386//2386
f 2387//2387 2195//2195 2194//2194
f 2388//2388 2389//2389 2355//2355
f 2358//2358 2390//2390 2391//2391
f 2198//2198 1843//1843 2392//2392
f 2393//2393 1846//1846 2199//2199
f 2394//2394 2395//2395 2396//2396
f 2397//2397 2398//2398 2399//2399
f 2201//2201 2200//2200 2400//2400
f 2401//2401 2205//2205 2204//2204
f 2206//2206 2211//2211 2207//2207
f 2208//2208 2212//2212 2209//2209
f 2210//2210 2402//2402 2211//2211
f 2212//2212 2403//2403 2213//2213
f 2404//2404 2405//2405 2406//2406
f 2407//2407 2408//2408 2409//2409
f 2410//2410 2411//2411 2412//2412
f 2413//2413 2414//2414 2415//2415
f 2216//2216 2214//2214 2416//2416
f 2417//2417 2215//2215 2217//2217
f 2216//2216 2416//2416 2418//2418
f 2419//2419 2417//2417 2217//2217
f 2418//2418 2420//2420 2421//2421
f 2422//2422 2423//2423 2419//2419
f 2424//2424 2425//2425 2426//2426
f 2427//2427 2428//2428 2429//2429
f 2425//2425 2424//2424 2430//2430
f 2431//2431 2429//2429 2428//2428
f 2230//2230 1851//1851 2432//2432
f 2433//2433 1856//1856 2231//2231
f 2434//2434 2435//2435 2436//2436
f 2437//2437 2438//2438 2439//2439
f 2233//2233 2232//2232 2440//2440
f 2441//2441 2237//2237 2236//2236
f 2442//2442 2443//2443 2240//2240
f 2245//2245 2444//2444 2445//2445
f 2240//2240 2443//2443 2241//2241
f 2244//2244 2444//2444 2245//2245
f 2242//2242 2241//2241 2246//2246
f 2249//2249 2244//2244 2243//2243
f 2247//2247 2246//2246 2250//2250
f 2253//2253 2249//2249 2248//2248
f 2251//2251 2250//2250 2446//2446
f 2447//2447 2253//2253 2252//2252
f 2251//2251 2446//2446 2448//2448
f 2449//2449 2447//2447 2252//2252
f 2448//2448 2450//2450 2451//2451
f 2452//2452 2453//2453 2449//2449
f 2454//2454 2455//2455 2456//2456
f 2457//2457 2458//2458 2459//2459
f 2455//2455 2454//2454 2460//2460
f 2461//2461 2459//2459 2458//2458
f 1907//1907 2264//2264 2462//2462
f 2463//2463 2265//2265 1908//1908
f 2266//2266 1910//1910 2464//2464
f 2465//2465 1913//1913 2267//2267
f 2466//2466 2467//2467 2468//2468
f 2469//2469 2470//2470 2471//2471
f 2467//2467 2466//2466 2472//2472
f 2473//2473 2471//2471 2470//2470
f 2474//2474 2318//2318 2475//2475
f 2476//2476 2319//2319 2477//2477
f 1858//1858 2276//2276 2478//2478
f 2479//2479 2277//2277 1861//1861
f 2480//2480 2481//2481 2482//2482
f 2483//2483 2484//2484 2485//2485
f 2481//2481 2480//2480 2486//2486
f 2487//2487 2485//2485 2484//2484
f 2488//2488 2489//2489 2293//2293
f 2294//2294 2490//2490 2491//2491
f 2492//2492 2287//2287 2286//2286
f 2291//2291 2290//2290 2493//2493
f 2488//2488 2293//2293 2292//2292
f 2295//2295 2294//2294 2491//2491
f 2292//2292 2287//2287 2492//2492
f 2493//2493 2290//2290 2295//2295
f 2286//2286 2296//2296 2308//2308
f 2311//2311 2297//2297 2291//2291
f 2298//2298 1864//1864 2494//2494
f 2495//2495 1865//1865 2299//2299
f 2496//2496 2497//2497 2498//2498
f 2499//2499 2500//2500 2501//2501
f 2301//2301 2300//2300 2502//2502
f 2503//2503 2305//2305 2304//2304
f 2504//2504 2309//2309 2505//2505
f 2506//2506 2310//2310 2507//2507
f 2308//2308 2309//2309 2504//2504
f 2507//2507 2310//2310 2311//2311
f 2313//2313 2318//2318 2474//2474
f 2477//2477 2319//2319 2316//2316
f 2508//2508 1869//1869 2320//2320
f 2321//2321 1870//1870 2509//2509
f 2510//2510 2511//2511 2512//2512
f 2513//2513 2514//2514 2515//2515
f 2323//2323 2322//2322 2516//2516
f 2517//2517 2327//2327 2326//2326
f 2330//2330 1920//1920 2518//2518
f 2519//2519 1925//1925 2331//2331
f 2520//2520 2521//2521 2522//2522
f 2523//2523 2524//2524 2525//2525
f 2333//2333 2332//2332 2526//2526
f 2527//2527 2337//2337 2336//2336
f 2528//2528 2529//2529 2530//2530
f 2531//2531 2532//2532 2533//2533
f 2529//2529 2528//2528 2534//2534
f 2535//2535 2533//2533 2532//2532
f 2536//2536 1927//1927 2344//2344
f 2345//2345 1928//1928 2537//2537
f 2538//2538 2539//2539 2540//2540
f 2541//2541 2542//2542 2543//2543
f 2539//2539 2538//2538 2544//2544
f 2545//2545 2543//2543 2542//2542
f 2528//2528 2530//2530 2546//2546
f 2547//2547 2531//2531 2533//2533
f 2388//2388 2355//2355 2354//2354
f 2359//2359 2358//2358 2391//2391
f 2354//2354 2356//2356 2360//2360
f 2363//2363 2357//2357 2359//2359
f 2360//2360 2361//2361 2374//2374
f 2377//2377 2362//2362 2363//2363
f 2364//2364 1877//1877 2548//2548
f 2549//2549 1878//1878 2365//2365
f 2550//2550 2551//2551 2552//2552
f 2553//2553 2554//2554 2555//2555
f 2556//2556 2375//2375 2557//2557
f 2558//2558 2376//2376 2559//2559
f 2374//2374 2375//2375 2556//2556
f 2559//2559 2376//2376 2377//2377
f 1882//1882 2378//2378 2560//2560
f 2561//2561 2379//2379 1883//1883
f 2562//2562 2563//2563 2564//2564
f 2565//2565 2566//2566 2567//2567
f 2381//2381 2380//2380 2568//2568
f 2569//2569 2385//2385 2384//2384
f 2563//2563 2562//2562 2570//2570
f 2571//2571 2567//2567 2566//2566
f 2572//2572 2573//2573 2389//2389
f 2390//2390 2574//2574 2575//2575
f 2572//2572 2389//2389 2388//2388
f 2391//2391 2390//2390 2575//2575
f 1869//1869 2508//2508 2576//2576
f 2577//2577 2509//2509 1870//1870
f 2578//2578 2579//2579 2580//2580
f 2581//2581 2582//2582 2583//2583
f 2395//2395 2394//2394 2584//2584
f 2585//2585 2399//2399 2398//2398
f 2586//2586 2402//2402 2210//2210
f 2213//2213 2403//2403 2587//2587
f 2588//2588 2589//2589 2590//2590
f 2591//2591 2592//2592 2593//2593
f 2594//2594 2406//2406 2405//2405
f 2595//2595 2409//2409 2408//2408
f 2596//2596 2415//2415 2414//2414
f 2597//2597 2412//2412 2411//2411
f 2598//2598 2599//2599 2600//2600
f 2601//2601 2600//2600 2599//2599
f 2418//2418 2416//2416 2420//2420
f 2423//2423 2417//2417 2419//2419
f 2421//2421 2420//2420 2602//2602
f 2603//2603 2423//2423 2422//2422
f 2604//2604 2605//2605 2606//2606
f 2607//2607 2608//2608 2609//2609
f 2610//2610 2611//2611 2612//2612
f 2435//2435 2434//2434 2613//2613
f 2614//2614 2439//2439 2438//2438
f 2615//2615 2616//2616 2442//2442
f 2445//2445 2617//2617 2618//2618
f 2442//2442 2616//2616 2443//2443
f 2444//2444 2617//2617 2445//2445
f 2619//2619 2620//2620 2621//2621
f 2622//2622 2623//2623 2624//2624
f 2625//2625 2626//2626 2627//2627
f 2628//2628 2629//2629 2630//2630
f 2448//2448 2446//2446 2450//2450
f 2453//2453 2447//2447 2449//2449
f 2451//2451 2450//2450 2631//2631
f 2632//2632 2453//2453 2452//2452
f 2451//2451 2631//2631 2633//2633
f 2634//2634 2632//2632 2452//2452
f 2635//2635 2636//2636 2637//2637
f 2638//2638 2639//2639 2640//2640
f 2636//2636 2635//2635 2641//2641
f 2642//2642 2640//2640 2639//2639
f 1907//1907 2462//2462 2643//2643
f 2644//2644 2463//2463 1908//1908
f 2464//2464 1910//1910 2645//2645
f 2646//2646 1913//1913 2465//2465
f 2647//2647 2648//2648 2649//2649
f 2650//2650 2651//2651 2652//2652
f 2648//2648 2647//2647 2653//2653
f 2654//2654 2652//2652 2651//2651
f 2655//2655 2475//2475 2656//2656
f 2657//2657 2476//2476 2658//2658
f 2474//2474 2475//2475 2655//2655
f 2658//2658 2476//2476 2477//2477
f 2659//2659 2660//2660 2661//2661
f 2662//2662 2663//2663 2664//2664
f 2660//2660 2659//2659 2665//2665
f 2666//2666 2664//2664 2663//2663
f 2667//2667 2668//2668 2489//2489
f 2490//2490 2669//2669 2670//2670
f 2667//2667 2489//2489 2488//2488
f 2491//2491 2490//2490 2670//2670
f 2671//2671 2672//2672 2673//2673
f 2674//2674 2675//2675 2676//2676
f 2677//2677 2678//2678 2679//2679
f 2680//2680 2681//2681 2682//2682
f 2494//2494 1864//1864 2683//2683
f 2684//2684 1865//1865 2495//2495
f 2685//2685 2686//2686 2687//2687
f 2688//2688 2689//2689 2690//2690
f 2497//2497 2496//2496 2691//2691
f 2692//2692 2501//2501 2500//2500
f 2693//2693 2505//2505 2694//2694
f 2695//2695 2506//2506 2696//2696
f 2504//2504 2505//2505 2693//2693
f 2696//2696 2506//2506 2507//2507
f 2697//2697 2698//2698 2699//2699
f 2700//2700 2701//2701 2702//2702
f 2703//2703 2704//2704 2705//2705
f 2511//2511 2510//2510 2706//2706
f 2707//2707 2515//2515 2514//2514
f 2518//2518 1920//1920 2708//2708
f 2709//2709 1925//1925 2519//2519
f 2710//2710 2711//2711 2712//2712
f 2713//2713 2714//2714 2715//2715
f 2521//2521 2520//2520 2716//2716
f 2717//2717 2525//2525 2524//2524
f 2711//2711 2710//2710 2718//2718
f 2719//2719 2715//2715 2714//2714
f 2546//2546 2530//2530 2720//2720
f 2721//2721 2531//2531 2547//2547
f 2722//2722 1927//1927 2536//2536
f 2537//2537 1928//1928 2723//2723
f 2724//2724 2725//2725 2726//2726
f 2727//2727 2728//2728 2729//2729
f 2546//2546 2720//2720 2730//2730
f 2731//2731 2721//2721 2547//2547
f 2732//2732 2733//2733 2734//2734
f 2735//2735 2736//2736 2737//2737
f 2738//2738 2739//2739 2740//2740
f 2548//2548 1877//1877 2741//2741
f 2742//2742 1878//1878 2549//2549
f 2743//2743 2744//2744 2745//2745
f 2746//2746 2747//2747 2748//2748
f 2551//2551 2550//2550 2749//2749
f 2750//2750 2555//2555 2554//2554
f 2556//2556 2557//2557 2751//2751
f 2752//2752 2558//2558 2559//2559
f 2753//2753 2754//2754 2755//2755
f 2756//2756 2757//2757 2758//2758
f 2759//2759 2760//2760 2761//2761
f 2757//2757 2756//2756 2762//2762
f 2763//2763 2761//2761 2760//2760
f 2572//2572 2764//2764 2573//2573
f 2574//2574 2765//2765 2575//2575
f 2766//2766 2767//2767 2764//2764
f 2765//2765 2768//2768 2769//2769
f 2770//2770 2771//2771 2772//2772
f 2773//2773 2774//2774 2775//2775
f 2776//2776 2777//2777 2778//2778
f 2579//2579 2578//2578 2779//2779
f 2780//2780 2583//2583 2582//2582
f 2781//2781 2782//2782 2586//2586
f 2587//2587 2783//2783 2784//2784
f 2586//2586 2782//2782 2402//2402
f 2403//2403 2783//2783 2587//2587
f 2785//2785 2590//2590 2589//2589
f 2786//2786 2593//2593 2592//2592
f 2787//2787 2788//2788 2789//2789
f 2790//2790 2791//2791 2792//2792
f 2789//2789 2788//2788 2793//2793
f 2794//2794 2791//2791 2790//2790
f 2793//2793 2788//2788 2795//2795
f 2796//2796 2791//2791 2794//2794
f 2797//2797 2798//2798 2787//2787
f 2792//2792 2799//2799 2800//2800
f 2795//2795 2788//2788 2801//2801
f 2802//2802 2791//2791 2796//2796
f 2803//2803 2804//2804 2805//2805
f 2806//2806 2805//2805 2804//2804
f 2807//2807 2606//2606 2605//2605
f 2608//2608 2607//2607 2808//2808
f 2809//2809 2612//2612 2611//2611
f 2810//2810 2811//2811 2615//2615
f 2618//2618 2812//2812 2813//2813
f 2615//2615 2811//2811 2616//2616
f 2617//2617 2812//2812 2618//2618
f 2814//2814 2815//2815 2816//2816
f 2817//2817 2621//2621 2620//2620
f 2818//2818 2816//2816 2815//2815
f 2819//2819 2624//2624 2623//2623
f 2820//2820 2627//2627 2626//2626
f 2821//2821 2630//2630 2629//2629
f 2822//2822 2823//2823 2824//2824
f 2825//2825 2826//2826 2827//2827
f 2633//2633 2631//2631 2828//2828
f 2829//2829 2632//2632 2634//2634
f 2633//2633 2828//2828 2830//2830
f 2831//2831 2829//2829 2634//2634
f 2832//2832 2833//2833 2834//2834
f 2835//2835 2836//2836 2837//2837
f 2833//2833 2832//2832 2838//2838
f 2839//2839 2837//2837 2836//2836
f 2840//2840 2841//2841 2842//2842
f 2843//2843 2844//2844 2845//2845
f 2841//2841 2840//2840 2846//2846
f 2847//2847 2845//2845 2844//2844
f 2848//2848 2656//2656 2849//2849
f 2850//2850 2657//2657 2851//2851
f 2655//2655 2656//2656 2848//2848
f 2851//2851 2657//2657 2658//2658
f 2852//2852 2853//2853 2854//2854
f 2668//2668 2667//2667 2855//2855
f 2856//2856 2670//2670 2669//2669
f 2857//2857 2858//2858 2859//2859
f 2860//2860 2673//2673 2672//2672
f 2861//2861 2682//2682 2681//2681
f 2862//2862 2676//2676 2675//2675
f 2863//2863 2859//2859 2858//2858
f 2864//2864 2679//2679 2678//2678
f 2865//2865 2699//2699 2698//2698
f 2866//2866 2867//2867 2868//2868
f 2869//2869 2870//2870 2871//2871
f 2686//2686 2685//2685 2872//2872
f 2873//2873 2690//2690 2689//2689
f 2874//2874 2694//2694 2875//2875
f 2876//2876 2695//2695 2877//2877
f 2693//2693 2694//2694 2874//2874
f 2877//2877 2695//2695 2696//2696
f 2878//2878 2879//2879 2880//2880
f 2881//2881 2880//2880 2879//2879
f 2701//2701 2700//2700 2882//2882
f 2883//2883 2705//2705 2704//2704
f 2884//2884 2885//2885 2886//2886
f 2887//2887 2888//2888 2889//2889
f 2730//2730 2720//2720 2890//2890
f 2891//2891 2721//2721 2731//2731
f 2892//2892 2890//2890 2893//2893
f 2894//2894 2891//2891 2895//2895
f 1927//1927 2722//2722 2896//2896
f 2897//2897 2723//2723 1928//1928
f 2898//2898 2899//2899 2900//2900
f 2901//2901 2902//2902 2903//2903
f 2725//2725 2724//2724 2904//2904
f 2905//2905 2729//2729 2728//2728
f 2906//2906 2734//2734 2733//2733
f 2907//2907 2772//2772 2771//2771
f 2908//2908 2737//2737 2736//2736
f 2909//2909 2740//2740 2739//2739
f 2910//2910 2911//2911 2912//2912
f 2913//2913 2914//2914 2915//2915
f 2744//2744 2743//2743 2916//2916
f 2917//2917 2748//2748 2747//2747
f 2751//2751 2557//2557 2918//2918
f 2919//2919 2558//2558 2752//2752
f 2920//2920 2921//2921 2922//2922
f 2923//2923 2755//2755 2754//2754
f 2924//2924 2925//2925 2926//2926
f 2767//2767 2927//2927 2928//2928
f 2929//2929 2930//2930 2768//2768
f 2766//2766 2764//2764 2572//2572
f 2575//2575 2765//2765 2769//2769
f 2927//2927 2767//2767 2766//2766
f 2769//2769 2768//2768 2930//2930
f 2931//2931 2932//2932 2933//2933
f 2774//2774 2773//2773 2934//2934
f 2935//2935 2778//2778 2777//2777
f 2936//2936 2937//2937 2938//2938
f 2939//2939 2781//2781 2940//2940
f 2941//2941 2784//2784 2942//2942
f 2781//2781 2939//2939 2782//2782
f 2783//2783 2942//2942 2784//2784
f 2943//2943 2944//2944 2945//2945
f 2946//2946 2798//2798 2797//2797
f 2800//2800 2799//2799 2947//2947
f 2948//2948 2949//2949 2946//2946
f 2947//2947 2950//2950 2951//2951
f 2787//2787 2798//2798 2788//2788
f 2791//2791 2799//2799 2792//2792
f 2801//2801 2788//2788 2952//2952
f 2953//2953 2791//2791 2802//2802
f 2952//2952 2788//2788 2228//2228
f 2229//2229 2791//2791 2953//2953
f 2954//2954 2955//2955 2956//2956
f 2957//2957 2810//2810 2958//2958
f 2959//2959 2813//2813 2960//2960
f 2810//2810 2957//2957 2811//2811
f 2812//2812 2960//2960 2813//2813
f 2961//2961 2962//2962 2963//2963
f 2964//2964 2965//2965 2966//2966
f 2967//2967 2968//2968 2969//2969
f 2970//2970 2971//2971 2964//2964
f 2969//2969 2972//2972 2973//2973
f 2966//2966 2965//2965 2974//2974
f 2975//2975 2968//2968 2967//2967
f 2974//2974 2976//2976 2977//2977
f 2978//2978 2979//2979 2975//2975
f 2977//2977 2976//2976 2980//2980
f 2981//2981 2979//2979 2978//2978
f 2982//2982 2824//2824 2823//2823
f 2983//2983 2827//2827 2826//2826
f 2984//2984 2985//2985 2986//2986
f 2987//2987 2986//2986 2985//2985
f 2830//2830 2828//2828 2988//2988
f 2989//2989 2829//2829 2831//2831
f 2990//2990 2991//2991 2992//2992
f 2993//2993 2994//2994 2995//2995
f 2996//2996 2849//2849 2997//2997
f 2998//2998 2850//2850 2999//2999
f 2848//2848 2849//2849 2996//2996
f 2999//2999 2850//2850 2851//2851
f 3000//3000 2854//2854 2853//2853
f 3001//3001 3002//3002 3003//3003
f 3004//3004 3005//3005 3006//3006
f 3001//3001 3003//3003 3007//3007
f 3008//3008 3004//3004 3006//3006
f 3009//3009 3010//3010 3011//3011
f 3012//3012 3013//3013 3014//3014
f 3009//3009 3015//3015 3010//3010
f 3013//3013 3016//3016 3014//3014
f 3009//3009 3011//3011 3002//3002
f 3005//3005 3012//3012 3014//3014
f 3001//3001 3007//3007 3017//3017
f 3018//3018 3008//3008 3006//3006
f 2867//2867 2866//2866 3019//3019
f 3020//3020 2871//2871 2870//2870
f 3021//3021 2875//2875 3022//3022
f 3023//3023 2876//2876 3024//3024
f 2874//2874 2875//2875 3021//3021
f 3024//3024 2876//2876 2877//2877
f 3025//3025 3026//3026 3027//3027
f 3028//3028 3027//3027 3026//3026
f 3029//3029 3017//3017 3030//3030
f 3031//3031 3018//3018 3032//3032
f 2885//2885 2884//2884 3033//3033
f 3034//3034 2889//2889 2888//2888
f 2730//2730 2890//2890 2892//2892
f 2895//2895 2891//2891 2731//2731
f 2892//2892 2893//2893 3035//3035
f 3036//3036 2894//2894 2895//2895
f 3037//3037 3038//3038 3039//3039
f 3040//3040 3041//3041 3042//3042
f 2899//2899 2898//2898 3043//3043
f 3044//3044 2903//2903 2902//2902
f 3045//3045 3046//3046 3047//3047
f 3048//3048 3049//3049 3050//3050
f 3051//3051 3052//3052 3046//3046
f 3049//3049 3053//3053 3054//3054
f 3045//3045 3047//3047 3055//3055
f 3056//3056 3048//3048 3050//3050
f 3045//3045 3055//3055 3057//3057
f 3058//3058 3056//3056 3050//3050
f 2911//2911 2910//2910 3059//3059
f 3060//3060 2915//2915 2914//2914
f 3061//3061 2918//2918 3062//3062
f 3063//3063 2919//2919 3064//3064
f 2751//2751 2918//2918 3061//3061
f 3064//3064 2919//2919 2752//2752
f 3065//3065 2922//2922 2921//2921
f 3066//3066 3057//3057 3067//3067
f 3068//3068 3058//3058 3069//3069
f 3070//3070 2926//2926 2925//2925
f 3071//3071 2933//2933 2932//2932
f 3072//3072 3073//3073 3074//3074
f 3051//3051 3075//3075 3052//3052
f 3053//3053 3076//3076 3054//3054
f 2996//2996 2997//2997 3077//3077
f 3078//3078 2998//2998 2999//2999
f 3079//3079 3080//3080 3081//3081
f 3082//3082 2938//2938 2937//2937
f 2949//2949 3083//3083 2392//2392
f 2393//2393 3084//3084 2950//2950
f 3085//3085 3086//3086 3087//3087
f 3088//3088 2945//2945 2944//2944
f 2946//2946 2949//2949 2798//2798
f 2799//2799 2950//2950 2947//2947
f 3089//3089 2949//2949 2948//2948
f 2951//2951 2950//2950 3090//3090
f 3091//3091 3092//3092 3093//3093
f 3094//3094 3095//3095 3096//3096
f 2971//2971 3097//3097 2432//2432
f 2433//2433 3098//3098 2972//2972
f 3099//3099 2956//2956 2955//2955
f 3100//3100 3101//3101 3102//3102
f 3103//3103 2963//2963 2962//2962
f 2964//2964 2971//2971 2965//2965
f 2968//2968 2972//2972 2969//2969
f 3104//3104 2971//2971 2970//2970
f 2973//2973 2972//2972 3105//3105
f 2974//2974 2965//2965 2976//2976
f 2979//2979 2968//2968 2975//2975
f 2980//2980 2976//2976 3106//3106
f 3107//3107 2979//2979 2981//2981
f 3106//3106 2976//2976 3108//3108
f 3109//3109 2979//2979 3107//3107
f 3108//3108 2976//2976 3110//3110
f 3111//3111 2979//2979 3109//3109
f 3112//3112 2992//2992 2991//2991
f 3113//3113 2995//2995 2994//2994
f 3077//3077 2997//2997 3114//3114
f 3115//3115 2998//2998 3078//3078
f 3015//3015 3009//3009 2478//2478
f 2479//2479 3014//3014 3016//3016
f 3009//3009 3002//3002 3001//3001
f 3006//3006 3005//3005 3014//3014
f 3001//3001 3017//3017 3029//3029
f 3032//3032 3018//3018 3006//3006
f 3116//3116 3117//3117 3118//3118
f 3119//3119 3022//3022 3120//3120
f 3121//3121 3023//3023 3122//3122
f 3021//3021 3022//3022 3119//3119
f 3122//3122 3023//3023 3024//3024
f 3123//3123 3124//3124 3125//3125
f 3029//3029 3030//3030 3126//3126
f 3127//3127 3031//3031 3032//3032
f 3128//3128 3129//3129 3130//3130
f 3035//3035 2893//2893 3131//3131
f 3132//3132 2894//2894 3036//3036
f 3038//3038 3037//3037 3133//3133
f 3134//3134 3042//3042 3041//3041
f 3051//3051 3046//3046 3045//3045
f 3050//3050 3049//3049 3054//3054
f 3045//3045 3057//3057 3066//3066
f 3069//3069 3058//3058 3050//3050
f 3135//3135 3136//3136 3137//3137
f 3138//3138 3062//3062 3139//3139
f 3140//3140 3063//3063 3141//3141
f 3061//3061 3062//3062 3138//3138
f 3141//3141 3063//3063 3064//3064
f 3142//3142 3143//3143 3144//3144
f 3066//3066 3067//3067 3145//3145
f 3146//3146 3068//3068 3069//3069
f 3147//3147 3051//3051 2560//2560
f 2561//2561 3054//3054 3148//3148
f 3149//3149 3074//3074 3073//3073
f 3051//3051 3147//3147 3075//3075
f 3076//3076 3148//3148 3054//3054
f 3150//3150 3081//3081 3080//3080
f 3151//3151 3152//3152 2576//2576
f 2577//2577 3153//3153 3154//3154
f 3155//3155 3087//3087 3086//3086
f 3083//3083 2949//2949 3089//3089
f 3090//3090 2950//2950 3084//3084
f 3156//3156 3091//3091 3157//3157
f 3158//3158 3096//3096 3159//3159
f 3092//3092 3091//3091 3156//3156
f 3159//3159 3096//3096 3095//3095
f 3092//3092 3160//3160 3093//3093
f 3094//3094 3161//3161 3095//3095
f 3097//3097 2971//2971 3104//3104
f 3105//3105 2972//2972 3098//3098
f 3162//3162 3102//3102 3101//3101
f 3160//3160 3163//3163 3164//3164
f 3165//3165 3166//3166 3161//3161
f 3110//3110 2976//2976 2643//2643
f 2644//2644 2979//2979 3111//3111
f 3167//3167 3168//3168 2645//2645
f 2646//2646 3169//3169 3170//3170
f 3171//3171 3172//3172 3173//3173
f 3077//3077 3114//3114 3174//3174
f 3175//3175 3115//3115 3078//3078
f 3176//3176 3177//3177 3178//3178
f 3179//3179 3180//3180 3181//3181
f 3182//3182 3178//3178 3183//3183
f 3184//3184 3179//3179 3185//3185
f 3186//3186 3118//3118 3117//3117
f 3029//3029 3187//3187 2683//2683
f 2684//2684 3188//3188 3032//3032
f 3189//3189 3190//3190 3191//3191
f 3192//3192 3125//3125 3124//3124
f 3029//3029 3126//3126 3193//3193
f 3194//3194 3127//3127 3032//3032
f 3195//3195 3130//3130 3129//3129
f 3196//3196 3131//3131 3197//3197
f 3198//3198 3132//3132 3199//3199
f 3035//3035 3131//3131 3196//3196
f 3199//3199 3132//3132 3036//3036
f 3200//3200 3201//3201 3202//3202
f 3203//3203 3182//3182 3183//3183
f 3184//3184 3185//3185 3204//3204
f 3205//3205 3206//3206 3203//3203
f 3204//3204 3207//3207 3208//3208
f 3209//3209 3137//3137 3136//3136
f 3066//3066 3210//3210 2741//2741
f 2742//2742 3211//3211 3069//3069
f 3212//3212 3213//3213 3214//3214
f 3215//3215 3144//3144 3143//3143
f 3066//3066 3145//3145 3216//3216
f 3217//3217 3146//3146 3069//3069
f 3218//3218 3219//3219 3220//3220
f 3152//3152 3151//3151 3221//3221
f 3222//3222 3154//3154 3153//3153
f 3156//3156 3157//3157 3223//3223
f 3224//3224 3158//3158 3159//3159
f 3225//3225 3226//3226 3227//3227
f 3228//3228 3229//3229 3230//3230
f 3160//3160 3092//3092 3163//3163
f 3166//3166 3095//3095 3161//3161
f 3164//3164 3163//3163 3231//3231
f 3232//3232 3166//3166 3165//3165
f 3233//3233 3234//3234 2708//2708
f 2709//2709 3235//3235 3236//3236
f 3168//3168 3167//3167 3237//3237
f 3238//3238 3170//3170 3169//3169
f 3239//3239 3173//3173 3172//3172
f 3174//3174 3114//3114 3240//3240
f 3241//3241 3115//3115 3175//3175
f 3242//3242 3177//3177 3176//3176
f 3181//3181 3180//3180 3243//3243
f 3176//3176 3178//3178 3182//3182
f 3185//3185 3179//3179 3181//3181
f 3244//3244 3191//3191 3190//3190
f 3029//3029 3193//3193 3187//3187
f 3188//3188 3194//3194 3032//3032
f 3245//3245 3246//3246 3247//3247
f 3196//3196 3197//3197 3248//3248
f 3249//3249 3198//3198 3199//3199
f 3250//3250 3202//3202 3201//3201
f 3251//3251 3252//3252 2896//2896
f 2897//2897 3253//3253 3254//3254
f 3203//3203 3206//3206 3182//3182
f 3185//3185 3207//3207 3204//3204
f 3205//3205 3255//3255 3206//3206
f 3207//3207 3256//3256 3208//3208
f 3257//3257 3214//3214 3213//3213
f 3066//3066 3216//3216 3210//3210
f 3211//3211 3217//3217 3069//3069
f 3258//3258 3220//3220 3219//3219
f 3152//3152 3221//3221 3259//3259
f 3260//3260 3222//3222 3153//3153
f 3223//3223 3157//3157 3261//3261
f 3262//3262 3158//3158 3224//3224
f 3263//3263 3264//3264 3225//3225
f 3230//3230 3265//3265 3266//3266
f 3267//3267 3226//3226 3225//3225
f 3230//3230 3229//3229 3268//3268
f 3227//3227 3226//3226 3269//3269
f 3270//3270 3229//3229 3228//3228
f 3271//3271 3272//3272 3273//3273
f 3274//3274 3275//3275 3276//3276
f 3273//3273 3277//3277 3278//3278
f 3279//3279 3280//3280 3274//3274
f 3164//3164 3231//3231 3281//3281
f 3282//3282 3232//3232 3165//3165
f 3234//3234 3233//3233 3283//3283
f 3284//3284 3236//3236 3235//3235
f 3237//3237 3167//3167 3285//3285
f 3286//3286 3170//3170 3238//3238
f 3287//3287 3288//3288 3289//3289
f 3174//3174 3240//3240 3290//3290
f 3291//3291 3241//3241 3175//3175
f 3292//3292 3177//3177 3242//3242
f 3243//3243 3180//3180 3293//3293
f 3294//3294 3295//3295 3296//3296
f 3297//3297 3298//3298 3299//3299
f 3300//3300 3301//3301 3294//3294
f 3299//3299 3302//3302 3303//3303
f 3304//3304 3247//3247 3246//3246
f 3248//3248 3197//3197 3305//3305
f 3306//3306 3198//3198 3249//3249
f 3307//3307 3308//3308 3309//3309
f 3252//3252 3251//3251 3310//3310
f 3311//3311 3254//3254 3253//3253
f 3312//3312 3313//3313 3314//3314
f 3315//3315 3316//3316 3317//3317
f 3281//3281 3255//3255 3205//3205
f 3208//3208 3256//3256 3282//3282
f 3318//3318 3319//3319 3312//3312
f 3317//3317 3320//3320 3321//3321
f 3322//3322 3323//3323 3324//3324
f 3152//3152 3259//3259 3325//3325
f 3326//3326 3260//3260 3153//3153
f 3152//3152 3167//3167 3327//3327
f 3328//3328 3170//3170 3153//3153
f 3223//3223 3261//3261 3292//3292
f 3293//3293 3262//3262 3224//3224
f 3329//3329 3264//3264 3263//3263
f 3266//3266 3265//3265 3330//3330
f 3225//3225 3264//3264 3267//3267
f 3268//3268 3265//3265 3230//3230
f 3226//3226 3267//3267 3264//3264
f 3265//3265 3268//3268 3229//3229
f 3272//3272 3331//3331 3332//3332
f 3333//3333 3334//3334 3275//3275
f 3331//3331 3272//3272 3271//3271
f 3276//3276 3275//3275 3334//3334
f 3273//3273 3272//3272 3335//3335
f 3336//3336 3275//3275 3274//3274
f 3335//3335 3277//3277 3273//3273
f 3274//3274 3280//3280 3336//3336
f 3278//3278 3277//3277 3337//3337
f 3338//3338 3280//3280 3279//3279
f 3281//3281 3231//3231 3339//3339
f 3340//3340 3232//3232 3282//3282
f 3252//3252 3233//3233 3341//3341
f 3342//3342 3236//3236 3253//3253
f 3283//3283 3233//3233 3343//3343
f 3344//3344 3236//3236 3284//3284
f 3285//3285 3167//3167 3345//3345
f 3346//3346 3170//3170 3286//3286
f 3347//3347 3289//3289 3288//3288
f 3290//3290 3240//3240 3348//3348
f 3349//3349 3241//3241 3291//3291
f 3292//3292 3261//3261 3177//3177
f 3180//3180 3262//3262 3293//3293
f 3350//3350 3351//3351 3352//3352
f 3353//3353 3354//3354 3355//3355
f 3295//3295 3294//3294 3356//3356
f 3357//3357 3299//3299 3298//3298
f 3301//3301 3300//3300 3358//3358
f 3359//3359 3303//3303 3302//3302
f 3358//3358 3294//3294 3301//3301
f 3302//3302 3299//3299 3359//3359
f 3360//3360 3361//3361 3362//3362
f 3248//3248 3305//3305 3363//3363
f 3364//3364 3306//3306 3249//3249
f 3365//3365 3309//3309 3308//3308
f 3252//3252 3310//3310 3366//3366
f 3367//3367 3311//3311 3253//3253
f 3313//3313 3312//3312 3368//3368
f 3369//3369 3317//3317 3316//3316
f 3370//3370 3300//3300 3371//3371
f 3372//3372 3303//3303 3373//3373
f 3281//3281 3339//3339 3255//3255
f 3256//3256 3340//3340 3282//3282
f 3319//3319 3318//3318 3374//3374
f 3375//3375 3321//3321 3320//3320
f 3374//3374 3312//3312 3319//3319
f 3320//3320 3317//3317 3375//3375
f 3376//3376 3324//3324 3323//3323
f 3377//3377 3378//3378 3379//3379
f 3152//3152 3325//3325 3380//3380
f 3381//3381 3326//3326 3153//3153
f 3152//3152 3382//3382 3167//3167
f 3170//3170 3383//3383 3153//3153
f 3384//3384 3385//3385 3351//3351
f 3354//3354 3386//3386 3387//3387
f 3264//3264 3329//3329 3388//3388
f 3389//3389 3330//3330 3265//3265
f 3385//3385 3384//3384 3390//3390
f 3391//3391 3387//3387 3386//3386
f 3264//3264 3392//3392 3226//3226
f 3229//3229 3393//3393 3265//3265
f 3394//3394 3395//3395 3396//3396
f 3397//3397 3398//3398 3399//3399
f 3332//3332 3400//3400 3272//3272
f 3275//3275 3401//3401 3333//3333
f 3402//3402 3394//3394 3403//3403
f 3404//3404 3399//3399 3405//3405
f 3277//3277 3335//3335 3272//3272
f 3275//3275 3336//3336 3280//3280
f 3406//3406 3407//3407 3408//3408
f 3409//3409 3410//3410 3411//3411
f 3407//3407 3412//3412 3413//3413
f 3414//3414 3415//3415 3410//3410
f 3252//3252 3416//3416 3233//3233
f 3236//3236 3417//3417 3253//3253
f 3343//3343 3233//3233 3418//3418
f 3419//3419 3236//3236 3344//3344
f 3420//3420 3362//3362 3361//3361
f 3345//3345 3167//3167 3421//3421
f 3422//3422 3170//3170 3346//3346
f 3423//3423 3424//3424 3425//3425
f 3290//3290 3348//3348 3426//3426
f 3427//3427 3349//3349 3291//3291
f 3351//3351 3350//3350 3384//3384
f 3387//3387 3355//3355 3354//3354
f 3356//3356 3294//3294 3358//3358
f 3359//3359 3299//3299 3357//3357
f 3384//3384 3350//3350 3428//3428
f 3429//3429 3355//3355 3387//3387
f 3358//3358 3300//3300 3370//3370
f 3373//3373 3303//3303 3359//3359
f 3363//3363 3305//3305 3430//3430
f 3431//3431 3306//3306 3364//3364
f 3432//3432 3433//3433 3434//3434
f 3252//3252 3366//3366 3435//3435
f 3436//3436 3367//3367 3253//3253
f 3368//3368 3312//3312 3374//3374
f 3375//3375 3317//3317 3369//3369
f 3406//3406 3437//3437 3412//3412
f 3415//3415 3438//3438 3411//3411
f 3374//3374 3318//3318 3439//3439
f 3440//3440 3321//3321 3375//3375
f 3441//3441 3379//3379 3378//3378
f 3442//3442 3443//3443 3444//3444
f 3445//3445 3444//3444 3443//3443
f 3152//3152 3380//3380 3382//3382
f 3383//3383 3381//3381 3153//3153
f 3421//3421 3167//3167 3382//3382
f 3383//3383 3170//3170 3422//3422
f 3390//3390 3446//3446 3447//3447
f 3448//3448 3449//3449 3391//3391
f 3396//3396 3450//3450 3451//3451
f 3452//3452 3453//3453 3397//3397
f 3388//3388 3454//3454 3264//3264
f 3265//3265 3455//3455 3389//3389
f 3390//3390 3384//3384 3446//3446
f 3449//3449 3387//3387 3391//3391
f 3456//3456 3457//3457 3458//3458
f 3459//3459 3460//3460 3461//3461
f 3392//3392 3264//3264 3454//3454
f 3455//3455 3265//3265 3393//3393
f 3400//3400 3332//3332 3462//3462
f 3463//3463 3333//3333 3401//3401
f 3395//3395 3394//3394 3464//3464
f 3465//3465 3399//3399 3398//3398
f 3396//3396 3395//3395 3450//3450
f 3453//3453 3398//3398 3397//3397
f 3466//3466 3272//3272 3400//3400
f 3401//3401 3275//3275 3467//3467
f 3394//3394 3402//3402 3464//3464
f 3465//3465 3405//3405 3399//3399
f 3402//3402 3403//3403 3468//3468
f 3469//3469 3404//3404 3405//3405
f 3272//3272 3466//3466 3277//3277
f 3280//3280 3467//3467 3275//3275
f 3468//3468 3403//3403 3470//3470
f 3471//3471 3404//3404 3469//3469
f 3472//3472 3473//3473 3474//3474
f 3475//3475 3476//3476 3477//3477
f 3412//3412 3407//3407 3406//3406
f 3411//3411 3410//3410 3415//3415
f 3406//3406 3408//3408 3478//3478
f 3479//3479 3409//3409 3411//3411
f 3252//3252 3480//3480 3416//3416
f 3417//3417 3481//3481 3253//3253
f 3482//3482 3233//3233 3416//3416
f 3417//3417 3236//3236 3483//3483
f 3418//3418 3233//3233 3482//3482
f 3483//3483 3236//3236 3419//3419
f 3484//3484 3485//3485 3486//3486
f 3487//3487 3488//3488 3489//3489
f 3490//3490 3425//3425 3424//3424
f 3426//3426 3348//3348 3491//3491
f 3492//3492 3349//3349 3427//3427
f 3456//3456 3458//3458 3493//3493
f 3494//3494 3459//3459 3461//3461
f 3495//3495 3496//3496 3497//3497
f 3498//3498 3499//3499 3500//3500
f 3358//3358 3501//3501 3356//3356
f 3357//3357 3502//3502 3359//3359
f 3384//3384 3428//3428 3446//3446
f 3449//3449 3429//3429 3387//3387
f 3370//3370 3503//3503 3358//3358
f 3359//3359 3504//3504 3373//3373
f 3497//3497 3505//3505 3506//3506
f 3507//3507 3508//3508 3498//3498
f 3363//3363 3430//3430 3509//3509
f 3510//3510 3431//3431 3364//3364
f 3511//3511 3434//3434 3433//3433
f 3512//3512 3513//3513 3514//3514
f 3252//3252 3435//3435 3480//3480
f 3481//3481 3436//3436 3253//3253
f 3374//3374 3515//3515 3368//3368
f 3369//3369 3516//3516 3375//3375
f 3517//3517 3518//3518 3506//3506
f 3507//3507 3519//3519 3520//3520
f 3437//3437 3406//3406 3521//3521
f 3522//3522 3411//3411 3438//3438
f 3439//3439 3318//3318 3523//3523
f 3524//3524 3321//3321 3440//3440
f 3439//3439 3525//3525 3374//3374
f 3375//3375 3526//3526 3440//3440
f 3527//3527 3528//3528 3518//3518
f 3519//3519 3529//3529 3530//3530
f 3426//3426 3491//3491 3531//3531
f 3532//3532 3492//3492 3427//3427
f 3531//3531 3533//3533 3534//3534
f 3535//3535 3536//3536 3532//3532
f 3537//3537 3538//3538 3539//3539
f 3540//3540 3539//3539 3538//3538
f 3541//3541 3542//3542 3543//3543
f 3451//3451 3544//3544 3545//3545
f 3546//3546 3547//3547 3452//3452
f 3548//3548 3447//3447 3446//3446
f 3449//3449 3448//3448 3549//3549
f 3451//3451 3450//3450 3544//3544
f 3547//3547 3453//3453 3452//3452
f 3454//3454 3388//3388 3550//3550
f 3551//3551 3389//3389 3455//3455
f 3552//3552 3457//3457 3456//3456
f 3461//3461 3460//3460 3553//3553
f 3554//3554 3555//3555 3556//3556
f 3554//3554 3557//3557 3555//3555
f 3558//3558 3559//3559 3560//3560
f 3561//3561 3562//3562 3563//3563
f 3560//3560 3564//3564 3565//3565
f 3566//3566 3567//3567 3561//3561
f 3568//3568 3569//3569 3557//3557
f 3570//3570 3571//3571 3572//3572
f 3573//3573 3574//3574 3575//3575
f 3576//3576 3577//3577 3570//3570
f 3575//3575 3578//3578 3579//3579
f 3580//3580 3478//3478 3408//3408
f 3409//3409 3479//3479 3581//3581
f 3468//3468 3470//3470 3582//3582
f 3583//3583 3471//3471 3469//3469
f 3472//3472 3584//3584 3473//3473
f 3476//3476 3585//3585 3477//3477
f 3474//3474 3473//3473 3586//3586
f 3587//3587 3476//3476 3475//3475
f 3582//3582 3470//3470 3588//3588
f 3589//3589 3471//3471 3583//3583
f 3521//3521 3406//3406 3478//3478
f 3479//3479 3411//3411 3522//3522
f 3590//3590 3591//3591 3592//3592
f 3593//3593 3594//3594 3595//3595
f 3596//3596 3597//3597 3598//3598
f 3599//3599 3486//3486 3485//3485
f 3600//3600 3489//3489 3488//3488
f 3456//3456 3493//3493 3601//3601
f 3602//3602 3494//3494 3461//3461
f 3545//3545 3496//3496 3495//3495
f 3500//3500 3499//3499 3546//3546
f 3497//3497 3496//3496 3505//3505
f 3508//3508 3499//3499 3498//3498
f 3501//3501 3358//3358 3503//3503
f 3504//3504 3359//3359 3502//3502
f 3603//3603 3446//3446 3428//3428
f 3429//3429 3449//3449 3604//3604
f 3503//3503 3370//3370 3605//3605
f 3606//3606 3373//3373 3504//3504
f 3506//3506 3505//3505 3607//3607
f 3608//3608 3508//3508 3507//3507
f 3509//3509 3430//3430 3609//3609
f 3610//3610 3431//3431 3510//3510
f 3611//3611 3514//3514 3513//3513
f 3612//3612 3613//3613 3614//3614
f 3615//3615 3614//3614 3613//3613
f 3515//3515 3374//3374 3525//3525
f 3526//3526 3375//3375 3516//3516
f 3527//3527 3518//3518 3517//3517
f 3520//3520 3519//3519 3530//3530
f 3517//3517 3506//3506 3607//3607
f 3608//3608 3507//3507 3520//3520
f 3474//3474 3586//3586 3616//3616
f 3617//3617 3587//3587 3475//3475
f 3521//3521 3478//3478 3618//3618
f 3619//3619 3479//3479 3522//3522
f 3525//3525 3439//3439 3620//3620
f 3621//3621 3440//3440 3526//3526
f 3582//3582 3528//3528 3527//3527
f 3530//3530 3529//3529 3583//3583
f 3531//3531 3491//3491 3533//3533
f 3536//3536 3492//3492 3532//3532
f 3534//3534 3533//3533 3622//3622
f 3623//3623 3536//3536 3535//3535
f 3624//3624 3543//3543 3542//3542
f 3545//3545 3544//3544 3496//3496
f 3499//3499 3547//3547 3546//3546
f 3447//3447 3548//3548 3625//3625
f 3626//3626 3549//3549 3448//3448
f 3446//3446 3603//3603 3548//3548
f 3549//3549 3604//3604 3449//3449
f 3627//3627 3628//3628 3629//3629
f 3630//3630 3631//3631 3632//3632
f 3633//3633 3556//3556 3634//3634
f 3552//3552 3635//3635 3457//3457
f 3460//3460 3636//3636 3553//3553
f 3628//3628 3627//3627 3637//3637
f 3638//3638 3632//3632 3631//3631
f 3634//3634 3556//3556 3555//3555
f 3569//3569 3555//3555 3557//3557
f 3559//3559 3558//3558 3639//3639
f 3640//3640 3563//3563 3562//3562
f 3564//3564 3560//3560 3559//3559
f 3562//3562 3561//3561 3567//3567
f 3641//3641 3569//3569 3568//3568
f 3571//3571 3570//3570 3577//3577
f 3578//3578 3575//3575 3574//3574
f 3577//3577 3576//3576 3642//3642
f 3643//3643 3579//3579 3578//3578
f 3478//3478 3580//3580 3644//3644
f 3645//3645 3581//3581 3479//3479
f 3646//3646 3647//3647 3648//3648
f 3649//3649 3650//3650 3651//3651
f 3652//3652 3584//3584 3472//3472
f 3477//3477 3585//3585 3653//3653
f 3647//3647 3646//3646 3654//3654
f 3655//3655 3651//3651 3650//3650
f 3648//3648 3656//3656 3646//3646
f 3651//3651 3657//3657 3649//3649
f 3582//3582 3588//3588 3528//3528
f 3529//3529 3589//3589 3583//3583
f 3658//3658 3592//3592 3591//3591
f 3659//3659 3595//3595 3594//3594
f 3660//3660 3598//3598 3597//3597
f 3601//3601 3493//3493 3661//3661
f 3662//3662 3494//3494 3602//3602
f 3663//3663 3637//3637 3664//3664
f 3665//3665 3638//3638 3666//3666
f 3667//3667 3668//3668 3669//3669
f 3670//3670 3671//3671 3672//3672
f 3673//3673 3674//3674 3675//3675
f 3676//3676 3673//3673 3677//3677
f 3669//3669 3678//3678 3679//3679
f 3680//3680 3681//3681 3670//3670
f 3509//3509 3609//3609 3682//3682
f 3683//3683 3610//3610 3510//3510
f 3682//3682 3684//3684 3685//3685
f 3686//3686 3687//3687 3683//3683
f 3676//3676 3677//3677 3688//3688
f 3689//3689 3690//3690 3691//3691
f 3692//3692 3693//3693 3694//3694
f 3695//3695 3696//3696 3689//3689
f 3694//3694 3697//3697 3698//3698
f 3616//3616 3586//3586 3699//3699
f 3700//3700 3587//3587 3617//3617
f 3644//3644 3618//3618 3478//3478
f 3479//3479 3619//3619 3645//3645
f 3618//3618 3644//3644 3701//3701
f 3702//3702 3645//3645 3619//3619
f 3688//3688 3703//3703 3704//3704
f 3656//3656 3648//3648 3705//3705
f 3706//3706 3649//3649 3657//3657
f 3637//3637 3663//3663 3628//3628
f 3631//3631 3666//3666 3638//3638
f 3707//3707 3633//3633 3708//3708
f 3674//3674 3707//3707 3709//3709
f 3710//3710 3633//3633 3634//3634
f 3711//3711 3635//3635 3552//3552
f 3553//3553 3636//3636 3712//3712
f 3713//3713 3714//3714 3715//3715
f 3716//3716 3717//3717 3718//3718
f 3719//3719 3720//3720 3721//3721
f 3722//3722 3723//3723 3724//3724
f 3725//3725 3711//3711 3726//3726
f 3727//3727 3712//3712 3728//3728
f 3729//3729 3730//3730 3731//3731
f 3732//3732 3733//3733 3734//3734
f 3735//3735 3641//3641 3568//3568
f 3736//3736 3725//3725 3726//3726
f 3727//3727 3728//3728 3737//3737
f 3652//3652 3736//3736 3584//3584
f 3585//3585 3737//3737 3653//3653
f 3738//3738 3739//3739 3568//3568
f 3685//3685 3684//3684 3740//3740
f 3741//3741 3687//3687 3686//3686
f 3682//3682 3609//3609 3684//3684
f 3687//3687 3610//3610 3683//3683
f 3601//3601 3661//3661 3742//3742
f 3743//3743 3662//3662 3602//3602
f 3668//3668 3667//3667 3744//3744
f 3745//3745 3672//3672 3671//3671
f 3678//3678 3669//3669 3668//3668
f 3671//3671 3670//3670 3681//3681
f 3675//3675 3674//3674 3746//3746
f 3747//3747 3673//3673 3675//3675
f 3677//3677 3673//3673 3748//3748
f 3696//3696 3695//3695 3749//3749
f 3750//3750 3698//3698 3697//3697
f 3677//3677 3751//3751 3688//3688
f 3690//3690 3689//3689 3696//3696
f 3697//3697 3694//3694 3693//3693
f 3699//3699 3586//3586 3752//3752
f 3753//3753 3587//3587 3700//3700
f 3704//3704 3754//3754 3738//3738
f 3703//3703 3755//3755 3704//3704
f 3756//3756 3703//3703 3688//3688
f 3708//3708 3633//3633 3757//3757
f 3758//3758 3707//3707 3708//3708
f 3709//3709 3707//3707 3758//3758
f 3759//3759 3674//3674 3709//3709
f 3757//3757 3633//3633 3710//3710
f 3760//3760 3761//3761 3762//3762
f 3763//3763 3764//3764 3765//3765
f 3711//3711 3725//3725 3635//3635
f 3636//3636 3728//3728 3712//3712
f 3714//3714 3713//3713 3766//3766
f 3767//3767 3718//3718 3717//3717
f 3720//3720 3719//3719 3768//3768
f 3769//3769 3724//3724 3723//3723
f 3730//3730 3729//3729 3770//3770
f 3771//3771 3734//3734 3733//3733
f 3772//3772 3773//3773 3774//3774
f 3775//3775 3776//3776 3777//3777
f 3773//3773 3772//3772 3778//3778
f 3779//3779 3777//3777 3776//3776
f 3739//3739 3735//3735 3568//3568
f 3725//3725 3736//3736 3652//3652
f 3653//3653 3737//3737 3728//3728
f 3780//3780 3739//3739 3738//3738
f 3742//3742 3661//3661 3781//3781
f 3782//3782 3662//3662 3743//3743
f 3742//3742 3781//3781 3783//3783
f 3784//3784 3782//3782 3743//3743
f 3746//3746 3674//3674 3759//3759
f 3785//3785 3786//3786 3787//3787
f 3788//3788 3789//3789 3790//3790
f 3748//3748 3673//3673 3747//3747
f 3791//3791 3792//3792 3793//3793
f 3794//3794 3795//3795 3796//3796
f 3797//3797 3798//3798 3799//3799
f 3800//3800 3801//3801 3802//3802
f 3781//3781 3752//3752 3783//3783
f 3784//3784 3753//3753 3782//3782
f 3751//3751 3756//3756 3688//3688
f 3803//3803 3804//3804 3805//3805
f 3806//3806 3807//3807 3808//3808
f 3699//3699 3752//3752 3781//3781
f 3782//3782 3753//3753 3700//3700
f 3754//3754 3780//3780 3738//3738
f 3809//3809 3754//3754 3704//3704
f 3755//3755 3809//3809 3704//3704
f 3810//3810 3811//3811 3812//3812
f 3813//3813 3814//3814 3815//3815
f 3816//3816 3817//3817 3818//3818
f 3819//3819 3820//3820 3821//3821
f 3822//3822 3823//3823 3824//3824
f 3825//3825 3826//3826 3827//3827
f 3828//3828 3829//3829 3830//3830
f 3831//3831 3832//3832 3833//3833
f 3834//3834 3835//3835 3836//3836
f 3837//3837 3838//3838 3839//3839
f 3840//3840 3841//3841 3842//3842
f 3843//3843 3844//3844 3845//3845
f 3846//3846 3847//3847 3848//3848
f 3849//3849 3850//3850 3851//3851
f 3761//3761 3760//3760 3852//3852
f 3853//3853 3765//3765 3764//3764
f 3854//3854 3855//3855 3856//3856
f 3855//3855 3857//3857 3858//3858
f 3859//3859 3860//3860 3857//3857
f 3861//3861 3862//3862 3863//3863
f 3864//3864 3865//3865 3866//3866
f 3867//3867 3868//3868 3869//3869
f 3870//3870 3871//3871 3872//3872
f 3873//3873 3874//3874 3875//3875
f 3876//3876 3877//3877 3878//3878
f 3786//3786 3785//3785 3879//3879
f 3880//3880 3790//3790 3789//3789
f 3881//3881 3882//3882 3883//3883
f 3884//3884 3885//3885 3886//3886
f 3792//3792 3791//3791 3887//3887
f 3888//3888 3796//3796 3795//3795
f 3798//3798 3797//3797 3889//3889
f 3890//3890 3802//3802 3801//3801
f 3882//3882 3881//3881 3891//3891
f 3892//3892 3886//3886 3885//3885
f 3893//3893 3894//3894 3895//3895
f 3896//3896 3897//3897 3898//3898
f 3804//3804 3803//3803 3899//3899
f 3900//3900 3808//3808 3807//3807
f 3901//3901 3902//3902 3903//3903
f 3904//3904 3905//3905 3906//3906
f 3907//3907 3908//3908 3909//3909
f 3910//3910 3911//3911 3912//3912
f 3913//3913 3914//3914 3915//3915
f 3916//3916 3917//3917 3918//3918
f 3811//3811 3810//3810 3919//3919
f 3920//3920 3815//3815 3814//3814
f 3914//3914 3913//3913 3921//3921
f 3922//3922 3918//3918 3917//3917
f 3817//3817 3816//3816 3923//3923
f 3924//3924 3821//3821 3820//3820
f 3894//3894 3893//3893 3925//3925
f 3926//3926 3898//3898 3897//3897
f 3823//3823 3822//3822 3927//3927
f 3928//3928 3827//3827 3826//3826
f 3829//3829 3828//3828 3929//3929
f 3930//3930 3833//3833 3832//3832
f 3835//3835 3834//3834 3931//3931
f 3932//3932 3839//3839 3838//3838
f 3841//3841 3840//3840 3933//3933
f 3934//3934 3845//3845 3844//3844
f 3874//3874 3873//3873 3935//3935
f 3936//3936 3878//3878 3877//3877
f 3847//3847 3846//3846 3937//3937
f 3938//3938 3851//3851 3850//3850
f 3939//3939 3856//3856 3855//3855
f 3860//3860 3858//3858 3857//3857
f 3858//3858 3939//3939 3855//3855
f 3940//3940 3860//3860 3859//3859
f 3862//3862 3861//3861 3941//3941
f 3942//3942 3866//3866 3865//3865
f 3868//3868 3867//3867 3943//3943
f 3944//3944 3872//3872 3871//3871
f 3945//3945 3946//3946 3947//3947
f 3948//3948 3945//3945 3949//3949
f 3950//3950 3951//3951 3952//3952
f 3951//3951 3948//3948 3953//3953
f 3902//3902 3901//3901 3954//3954
f 3955//3955 3906//3906 3905//3905
f 3908//3908 3907//3907 3956//3956
f 3957//3957 3912//3912 3911//3911
f 3958//3958 3959//3959 3960//3960
f 3960//3960 3961//3961 3962//3962
f 3963//3963 3964//3964 3958//3958
f 3952//3952 3953//3953 3963//3963
f 3965//3965 3966//3966 3967//3967
f 3968//3968 3965//3965 3969//3969
f 3970//3970 3968//3968 3971//3971
f 3972//3972 3970//3970 3973//3973
f 3946//3946 3972//3972 3974//3974
f 3966//3966 3939//3939 3975//3975
f 3976//3976 3977//3977 3978//3978
f 3975//3975 3939//3939 3858//3858
f 3979//3979 3980//3980 3981//3981
f 3982//3982 3940//3940 3859//3859
f 3983//3983 3982//3982 3859//3859
f 3984//3984 3985//3985 3983//3983
f 3947//3947 3946//3946 3974//3974
f 3949//3949 3945//3945 3947//3947
f 3986//3986 3948//3948 3949//3949
f 3951//3951 3953//3953 3952//3952
f 3953//3953 3948//3948 3986//3986
f 3987//3987 3988//3988 3984//3984
f 3962//3962 3989//3989 3987//3987
f 3959//3959 3961//3961 3960//3960
f 3964//3964 3959//3959 3958//3958
f 3961//3961 3989//3989 3962//3962
f 3990//3990 3964//3964 3963//3963
f 3953//3953 3990//3990 3963//3963
f 3967//3967 3966//3966 3991//3991
f 3969//3969 3965//3965 3967//3967
f 3971//3971 3968//3968 3969//3969
f 3973//3973 3970//3970 3971//3971
f 3992//3992 3972//3972 3973//3973
f 3974//3974 3972//3972 3992//3992
f 3991//3991 3966//3966 3975//3975
f 3993//3993 3978//3978 3977//3977
f 3994//3994 3981//3981 3980//3980
f 3995//3995 3996//3996 3997//3997
f 3998//3998 3999//3999 4000//4000
f 4001//4001 4000//4000 3999//3999
f 3985//3985 3982//3982 3983//3983
f 3988//3988 3985//3985 3984//3984
f 4002//4002 4003//4003 4004//4004
f 4005//4005 4006//4006 4007//4007
f 4008//4008 4009//4009 4010//4010
f 4011//4011 4012//4012 4013//4013
f 4014//4014 3988//3988 3987//3987
f 3989//3989 4014//4014 3987//3987
f 4015//4015 4016//4016 4017//4017
f 4018//4018 4019//4019 4020//4020
f 4021//4021 4022//4022 4023//4023
f 4024//4024 4025//4025 4026//4026
f 4027//4027 4028//4028 4029//4029
f 4030//4030 4031//4031 4032//4032
f 4033//4033 4034//4034 4035//4035
f 4036//4036 4037//4037 4038//4038
f 4039//4039 4040//4040 4041//4041
f 4042//4042 4043//4043 4044//4044
f 4045//4045 4046//4046 4047//4047
f 4048//4048 4049//4049 4050//4050
f 4051//4051 4052//4052 4053//4053
f 4052//4052 4054//4054 4055//4055
f 4056//4056 3997//3997 3996//3996
f 4057//4057 4058//4058 4054//4054
f 4059//4059 4060//4060 4061//4061
f 4062//4062 4063//4063 4064//4064
f 4065//4065 4004//4004 4003//4003
f 4066//4066 4007//4007 4006//4006
f 4067//4067 4010//4010 4009//4009
f 4068//4068 4013//4013 4012//4012
f 4069//4069 4070//4070 4071//4071
f 4072//4072 4073//4073 4074//4074
f 4075//4075 4017//4017 4016//4016
f 4076//4076 4023//4023 4022//4022
f 4077//4077 4020//4020 4019//4019
f 4078//4078 4026//4026 4025//4025
f 4079//4079 4074//4074 4073//4073
f 4080//4080 4029//4029 4028//4028
f 4081//4081 4032//4032 4031//4031
f 4082//4082 4050//4050 4049//4049
f 4083//4083 4035//4035 4034//4034
f 4084//4084 4038//4038 4037//4037
f 4085//4085 4041//4041 4040//4040
f 4086//4086 4044//4044 4043//4043
f 4087//4087 4047//4047 4046//4046
f 4088//4088 4053//4053 4052//4052
f 4089//4089 4055//4055 4054//4054
f 4055//4055 4088//4088 4052//4052
f 4058//4058 4089//4089 4054//4054
f 4090//4090 4058//4058 4057//4057
f 4091//4091 4061//4061 4060//4060
f 4092//4092 4064//4064 4063//4063
f 4093//4093 4094//4094 4095//4095
f 4096//4096 4093//4093 4097//4097
f 4098//4098 4096//4096 4099//4099
f 4100//4100 4098//4098 4101//4101
f 4102//4102 4071//4071 4070//4070
f 4103//4103 4104//4104 4105//4105
f 4106//4106 4023//4023 4076//4076
f 4107//4107 4108//4108 4103//4103
f 4101//4101 4109//4109 4107//4107
f 4110//4110 4111//4111 4112//4112
f 4113//4113 4088//4088 4114//4114
f 4115//4115 4113//4113 4116//4116
f 4117//4117 4115//4115 4118//4118
f 4119//4119 4117//4117 4120//4120
f 4121//4121 4119//4119 4122//4122
f 4094//4094 4121//4121 4123//4123
f 4124//4124 4125//4125 4126//4126
f 4127//4127 4088//4088 4055//4055
f 4128//4128 4129//4129 4130//4130
f 4131//4131 4132//4132 4133//4133
f 4134//4134 4090//4090 4057//4057
f 4135//4135 4136//4136 4134//4134
f 4095//4095 4094//4094 4123//4123
f 4097//4097 4093//4093 4095//4095
f 4099//4099 4096//4096 4097//4097
f 4137//4137 4098//4098 4099//4099
f 4098//4098 4137//4137 4101//4101
f 4112//4112 4138//4138 4135//4135
f 4104//4104 4139//4139 4105//4105
f 4108//4108 4104//4104 4103//4103
f 4140//4140 4141//4141 4110//4110
f 4105//4105 4139//4139 4140//4140
f 4109//4109 4108//4108 4107//4107
f 4137//4137 4109//4109 4101//4101
f 4111//4111 4142//4142 4112//4112
f 4141//4141 4111//4111 4110//4110
f 4114//4114 4088//4088 4127//4127
f 4116//4116 4113//4113 4114//4114
f 4118//4118 4115//4115 4116//4116
f 4120//4120 4117//4117 4118//4118
f 4122//4122 4119//4119 4120//4120
f 4143//4143 4121//4121 4122//4122
f 4123//4123 4121//4121 4143//4143
f 4144//4144 4126//4126 4125//4125
f 4145//4145 4130//4130 4129//4129
f 4146//4146 4147//4147 4148//4148
f 4149//4149 4133//4133 4132//4132
f 4150//4150 4151//4151 4152//4152
f 4136//4136 4090//4090 4134//4134
f 4138//4138 4136//4136 4135//4135
f 4153//4153 4154//4154 4155//4155
f 4156//4156 4157//4157 4158//4158
f 4159//4159 4160//4160 4161//4161
f 4162//4162 4163//4163 4164//4164
f 4142//4142 4138//4138 4112//4112
f 4165//4165 4166//4166 4167//4167
f 4168//4168 4169//4169 4170//4170
f 4139//4139 4141//4141 4140//4140
f 4171//4171 4172//4172 4173//4173
f 4174//4174 4175//4175 4176//4176
f 4177//4177 4178//4178 4179//4179
f 4180//4180 4181//4181 4182//4182
f 4183//4183 4184//4184 4185//4185
f 4186//4186 4187//4187 4188//4188
f 4189//4189 4190//4190 4191//4191
f 4192//4192 4193//4193 4194//4194
f 4195//4195 4196//4196 4197//4197
f 4198//4198 4199//4199 4200//4200
f 4201//4201 4202//4202 4203//4203
f 4204//4204 4205//4205 4206//4206
f 4207//4207 4206//4206 4205//4205
f 4208//4208 4148//4148 4147//4147
f 4209//4209 4210//4210 4207//4207
f 4211//4211 4152//4152 4151//4151
f 4212//4212 4213//4213 4214//4214
f 4215//4215 4155//4155 4154//4154
f 4216//4216 4158//4158 4157//4157
f 4217//4217 4161//4161 4160//4160
f 4218//4218 4164//4164 4163//4163
f 4219//4219 4220//4220 4221//4221
f 4222//4222 4167//4167 4166//4166
f 4223//4223 4224//4224 4225//4225
f 4226//4226 4170//4170 4169//4169
f 4227//4227 4173//4173 4172//4172
f 4181//4181 4225//4225 4224//4224
f 4228//4228 4176//4176 4175//4175
f 4229//4229 4179//4179 4178//4178
f 4230//4230 4221//4221 4220//4220
f 4224//4224 4182//4182 4181//4181
f 4231//4231 4185//4185 4184//4184
f 4232//4232 4188//4188 4187//4187
f 4233//4233 4191//4191 4190//4190
f 4234//4234 4194//4194 4193//4193
f 4235//4235 4197//4197 4196//4196
f 4236//4236 4200//4200 4199//4199
f 4237//4237 4203//4203 4202//4202
f 4238//4238 4206//4206 4207//4207
f 4210//4210 4238//4238 4207//4207
f 4239//4239 4210//4210 4209//4209
f 4209//4209 4240//4240 4241//4241
f 4242//4242 4214//4214 4213//4213
f 4243//4243 4244//4244 4245//4245
f 4246//4246 4243//4243 4247//4247
f 4248//4248 4246//4246 4249//4249
f 4250//4250 4248//4248 4249//4249
f 4247//4247 4251//4251 4252//4252
f 4252//4252 4253//4253 4254//4254
f 4255//4255 4246//4246 4247//4247
f 4249//4249 4246//4246 4255//4255
f 4256//4256 4257//4257 4258//4258
f 4258//4258 4259//4259 4260//4260
f 4254//4254 4261//4261 4256//4256
f 4262//4262 4239//4239 4263//4263
f 4264//4264 4262//4262 4265//4265
f 4266//4266 4264//4264 4267//4267
f 4244//4244 4266//4266 4268//4268
f 4241//4241 4239//4239 4209//4209
f 4269//4269 4241//4241 4240//4240
f 4260//4260 4270//4270 4240//4240
f 4245//4245 4244//4244 4271//4271
f 4272//4272 4243//4243 4245//4245
f 4243//4243 4272//4272 4247//4247
f 4251//4251 4273//4273 4252//4252
f 4272//4272 4251//4251 4247//4247
f 4253//4253 4261//4261 4254//4254
f 4273//4273 4253//4253 4252//4252
f 4257//4257 4259//4259 4258//4258
f 4274//4274 4257//4257 4256//4256
f 4259//4259 4275//4275 4260//4260
f 4261//4261 4274//4274 4256//4256
f 4263//4263 4239//4239 4276//4276
f 4277//4277 4262//4262 4263//4263
f 4265//4265 4262//4262 4278//4278
f 4279//4279 4264//4264 4265//4265
f 4267//4267 4264//4264 4279//4279
f 4268//4268 4266//4266 4267//4267
f 4280//4280 4244//4244 4268//4268
f 4276//4276 4239//4239 4241//4241
f 4281//4281 4282//4282 4283//4283
f 4284//4284 4285//4285 4286//4286
f 4270//4270 4269//4269 4240//4240
f 4287//4287 4270//4270 4260//4260
f 4271//4271 4244//4244 4280//4280
f 4288//4288 4289//4289 4290//4290
f 4291//4291 4292//4292 4293//4293
f 4294//4294 4295//4295 4296//4296
f 4297//4297 4298//4298 4299//4299
f 4300//4300 4301//4301 4302//4302
f 4303//4303 4304//4304 4305//4305
f 4306//4306 4307//4307 4308//4308
f 4309//4309 4310//4310 4311//4311
f 4312//4312 4313//4313 4314//4314
f 4315//4315 4316//4316 4317//4317
f 4318//4318 4319//4319 4320//4320
f 4321//4321 4322//4322 4323//4323
f 4324//4324 4325//4325 4326//4326
f 4327//4327 4328//4328 4329//4329
f 4330//4330 4331//4331 4332//4332
f 4333//4333 4334//4334 4335//4335
f 4275//4275 4287//4287 4260//4260
f 4336//4336 4337//4337 4338//4338
f 4339//4339 4340//4340 4341//4341
f 4342//4342 4343//4343 4344//4344
f 4345//4345 4346//4346 4347//4347
f 4348//4348 4349//4349 4350//4350
f 4351//4351 4352//4352 4353//4353
f 4278//4278 4262//4262 4277//4277
f 4354//4354 4355//4355 4356//4356
f 4357//4357 4358//4358 4359//4359
f 4360//4360 4361//4361 4362//4362
f 4363//4363 4364//4364 4365//4365
f 4366//4366 4367//4367 4368//4368
f 4369//4369 4370//4370 4371//4371
f 4372//4372 4373//4373 4374//4374
f 4375//4375 4376//4376 4377//4377
f 4378//4378 4379//4379 4380//4380
f 4381//4381 4382//4382 4383//4383
f 4384//4384 4385//4385 4386//4386
f 4387//4387 4388//4388 4389//4389
f 4390//4390 4391//4391 4392//4392
f 4393//4393 4394//4394 4395//4395
f 4282//4282 4281//4281 4396//4396
f 4397//4397 4286//4286 4285//4285
f 4398//4398 4399//4399 4400//4400
f 4401//4401 4402//4402 4403//4403
f 4399//4399 4398//4398 4404//4404
f 4405//4405 4403//4403 4402//4402
f 4406//4406 4407//4407 4408//4408
f 4409//4409 4410//4410 4411//4411
f 4412//4412 4413//4413 4414//4414
f 4415//4415 4416//4416 4417//4417
f 4289//4289 4288//4288 4418//4418
f 4419//4419 4293//4293 4292//4292
f 4413//4413 4412//4412 4420//4420
f 4421//4421 4417//4417 4416//4416
f 4295//4295 4294//4294 4422//4422
f 4423//4423 4299//4299 4298//4298
f 4301//4301 4300//4300 4424//4424
f 4425//4425 4305//4305 4304//4304
f 4307//4307 4306//4306 4426//4426
f 4427//4427 4311//4311 4310//4310
f 4313//4313 4312//4312 4428//4428
f 4429//4429 4317//4317 4316//4316
f 4343//4343 4342//4342 4430//4430
f 4431//4431 4347//4347 4346//4346
f 4319//4319 4318//4318 4432//4432
f 4433//4433 4323//4323 4322//4322
f 4325//4325 4324//4324 4434//4434
f 4435//4435 4329//4329 4328//4328
f 4337//4337 4336//4336 4436//4436
f 4437//4437 4341//4341 4340//4340
f 4331//4331 4330//4330 4438//4438
f 4439//4439 4335//4335 4334//4334
f 4440//4440 4441//4441 4442//4442
f 4443//4443 4444//4444 4445//4445
f 4441//4441 4440//4440 4446//4446
f 4447//4447 4445//4445 4444//4444
f 4349//4349 4348//4348 4448//4448
f 4449//4449 4353//4353 4352//4352
f 4391//4391 4390//4390 4450//4450
f 4451//4451 4395//4395 4394//4394
f 4452//4452 4453//4453 4454//4454
f 4455//4455 4456//4456 4457//4457
f 4355//4355 4354//4354 4458//4458
f 4459//4459 4359//4359 4358//4358
f 4361//4361 4360//4360 4460//4460
f 4461//4461 4365//4365 4364//4364
f 4367//4367 4366//4366 4462//4462
f 4463//4463 4371//4371 4370//4370
f 4373//4373 4372//4372 4464//4464
f 4465//4465 4377//4377 4376//4376
f 4379//4379 4378//4378 4466//4466
f 4467//4467 4383//4383 4382//4382
f 4385//4385 4384//4384 4468//4468
f 4469//4469 4389//4389 4388//4388
f 4470//4470 4471//4471 4472//4472
f 4473//4473 4474//4474 4471//4471
f 4407//4407 4406//4406 4475//4475
f 4476//4476 4411//4411 4410//4410
f 4477//4477 4478//4478 4479//4479
f 4478//4478 4480//4480 4481//4481
f 4482//4482 4477//4477 4479//4479
f 4479//4479 4478//4478 4483//4483
f 4484//4484 4485//4485 4486//4486
f 4486//4486 4487//4487 4488//4488
f 4483//4483 4489//4489 4484//4484
f 4490//4490 4491//4491 4492//4492
f 4492//4492 4493//4493 4494//4494
f 4488//4488 4495//4495 4490//4490
f 4494//4494 4496//4496 4497//4497
f 4474//4474 4472//4472 4471//4471
f 4453//4453 4452//4452 4498//4498
f 4499//4499 4457//4457 4456//4456
f 4474//4474 4500//4500 4501//4501
f 4502//4502 4503//4503 4504//4504
f 4505//4505 4502//4502 4506//4506
f 4507//4507 4505//4505 4508//4508
f 4509//4509 4507//4507 4510//4510
f 4480//4480 4509//4509 4511//4511
f 4497//4497 4474//4474 4473//4473
f 4481//4481 4480//4480 4512//4512
f 4513//4513 4478//4478 4481//4481
f 4483//4483 4478//4478 4513//4513
f 4485//4485 4514//4514 4486//4486
f 4515//4515 4485//4485 4484//4484
f 4487//4487 4495//4495 4488//4488
f 4514//4514 4487//4487 4486//4486
f 4489//4489 4515//4515 4484//4484
f 4513//4513 4489//4489 4483//4483
f 4491//4491 4493//4493 4492//4492
f 4516//4516 4491//4491 4490//4490
f 4493//4493 4517//4517 4494//4494
f 4495//4495 4516//4516 4490//4490
f 4496//4496 4518//4518 4497//4497
f 4517//4517 4496//4496 4494//4494
f 4503//4503 4501//4501 4519//4519
f 4520//4520 4501//4501 4500//4500
f 4500//4500 4474//4474 4497//4497
f 4504//4504 4503//4503 4521//4521
f 4506//4506 4502//4502 4504//4504
f 4508//4508 4505//4505 4506//4506
f 4522//4522 4507//4507 4508//4508
f 4510//4510 4507//4507 4522//4522
f 4511//4511 4509//4509 4510//4510
f 4512//4512 4480//4480 4511//4511
f 4523//4523 4524//4524 4525//4525
f 4526//4526 4527//4527 4528//4528
f 4529//4529 4530//4530 4531//4531
f 4532//4532 4533//4533 4534//4534
f 4535//4535 4536//4536 4537//4537
f 4538//4538 4539//4539 4540//4540
f 4541//4541 4542//4542 4543//4543
f 4544//4544 4545//4545 4546//4546
f 4547//4547 4548//4548 4549//4549
f 4550//4550 4551//4551 4552//4552
f 4553//4553 4537//4537 4554//4554
f 4555//4555 4538//4538 4556//4556
f 4557//4557 4558//4558 4559//4559
f 4560//4560 4561//4561 4562//4562
f 4563//4563 4564//4564 4565//4565
f 4566//4566 4567//4567 4568//4568
f 4569//4569 4570//4570 4571//4571
f 4572//4572 4573//4573 4574//4574
f 4575//4575 4576//4576 4577//4577
f 4578//4578 4579//4579 4580//4580
f 4581//4581 4582//4582 4583//4583
f 4584//4584 4585//4585 4586//4586
f 4587//4587 4588//4588 4589//4589
f 4590//4590 4591//4591 4592//4592
f 4518//4518 4500//4500 4497//4497
f 4593//4593 4594//4594 4595//4595
f 4596//4596 4597//4597 4598//4598
f 4599//4599 4600//4600 4601//4601
f 4602//4602 4603//4603 4604//4604
f 4519//4519 4501//4501 4520//4520
f 4521//4521 4503//4503 4519//4519
f 4605//4605 4606//4606 4607//4607
f 4608//4608 4609//4609 4610//4610
f 4611//4611 4612//4612 4613//4613
f 4614//4614 4615//4615 4616//4616
f 4617//4617 4618//4618 4619//4619
f 4620//4620 4621//4621 4622//4622
f 4623//4623 4624//4624 4625//4625
f 4626//4626 4627//4627 4628//4628
f 4629//4629 4630//4630 4631//4631
f 4632//4632 4633//4633 4634//4634
f 4635//4635 4636//4636 4637//4637
f 4638//4638 4639//4639 4640//4640
f 4641//4641 4642//4642 4643//4643
f 4644//4644 4645//4645 4646//4646
f 4647//4647 4648//4648 4649//4649
f 4650//4650 4651//4651 4652//4652
f 4524//4524 4523//4523 4653//4653
f 4654//4654 4528//4528 4527//4527
f 4648//4648 4647//4647 4655//4655
f 4656//4656 4652//4652 4651//4651
f 4530//4530 4529//4529 4657//4657
f 4658//4658 4534//4534 4533//4533
f 4536//4536 4535//4535 4659//4659
f 4660//4660 4540//4540 4539//4539
f 4537//4537 4553//4553 4535//4535
f 4540//4540 4556//4556 4538//4538
f 4542//4542 4541//4541 4661//4661
f 4662//4662 4546//4546 4545//4545
f 4558//4558 4557//4557 4663//4663
f 4664//4664 4562//4562 4561//4561
f 4548//4548 4547//4547 4665//4665
f 4666//4666 4552//4552 4551//4551
f 4588//4588 4587//4587 4667//4667
f 4668//4668 4592//4592 4591//4591
f 4564//4564 4563//4563 4669//4669
f 4670//4670 4568//4568 4567//4567
f 4570//4570 4569//4569 4671//4671
f 4672//4672 4574//4574 4573//4573
f 4582//4582 4581//4581 4673//4673
f 4674//4674 4586//4586 4585//4585
f 4576//4576 4575//4575 4675//4675
f 4676//4676 4580//4580 4579//4579
f 4677//4677 4678//4678 4679//4679
f 4680//4680 4681//4681 4682//4682
f 4594//4594 4593//4593 4683//4683
f 4684//4684 4598//4598 4597//4597
f 4600//4600 4599//4599 4685//4685
f 4686//4686 4604//4604 4603//4603
f 4687//4687 4688//4688 4689//4689
f 4690//4690 4691//4691 4692//4692
f 4693//4693 4694//4694 4695//4695
f 4696//4696 4697//4697 4698//4698
f 4606//4606 4605//4605 4699//4699
f 4700//4700 4610//4610 4609//4609
f 4678//4678 4677//4677 4701//4701
f 4702//4702 4682//4682 4681//4681
f 4612//4612 4611//4611 4703//4703
f 4704//4704 4616//4616 4615//4615
f 4618//4618 4617//4617 4705//4705
f 4706//4706 4622//4622 4621//4621
f 4624//4624 4623//4623 4707//4707
f 4708//4708 4628//4628 4627//4627
f 4630//4630 4629//4629 4709//4709
f 4710//4710 4634//4634 4633//4633
f 4636//4636 4635//4635 4711//4711
f 4712//4712 4640//4640 4639//4639
f 4642//4642 4641//4641 4713//4713
f 4714//4714 4646//4646 4645//4645
f 4715//4715 4716//4716 4717//4717
f 4716//4716 4718//4718 4719//4719
f 4720//4720 4715//4715 4721//4721
f 4722//4722 4723//4723 4724//4724
f 4724//4724 4725//4725 4726//4726
f 4717//4717 4719//4719 4722//4722
f 4721//4721 4715//4715 4717//4717
f 4726//4726 4727//4727 4728//4728
f 4728//4728 4729//4729 4730//4730
f 4731//4731 4732//4732 4733//4733
f 4733//4733 4734//4734 4735//4735
f 4730//4730 4736//4736 4731//4731
f 4737//4737 4738//4738 4739//4739
f 4735//4735 4738//4738 4737//4737
f 4688//4688 4687//4687 4740//4740
f 4741//4741 4692//4692 4691//4691
f 4694//4694 4693//4693 4742//4742
f 4743//4743 4698//4698 4697//4697
f 4744//4744 4739//4739 4745//4745
f 4746//4746 4747//4747 4748//4748
f 4749//4749 4746//4746 4750//4750
f 4751//4751 4749//4749 4752//4752
f 4753//4753 4751//4751 4754//4754
f 4755//4755 4753//4753 4756//4756
f 4718//4718 4755//4755 4757//4757
f 4716//4716 4719//4719 4717//4717
f 4719//4719 4718//4718 4758//4758
f 4723//4723 4725//4725 4724//4724
f 4759//4759 4723//4723 4722//4722
f 4725//4725 4760//4760 4726//4726
f 4719//4719 4759//4759 4722//4722
f 4727//4727 4729//4729 4728//4728
f 4760//4760 4727//4727 4726//4726
f 4729//4729 4761//4761 4730//4730
f 4732//4732 4762//4762 4733//4733
f 4736//4736 4732//4732 4731//4731
f 4734//4734 4763//4763 4735//4735
f 4764//4764 4734//4734 4733//4733
f 4761//4761 4736//4736 4730//4730
f 4738//4738 4745//4745 4739//4739
f 4763//4763 4738//4738 4735//4735
f 4738//4738 4763//4763 4747//4747
f 4748//4748 4747//4747 4763//4763
f 4765//4765 4746//4746 4748//4748
f 4750//4750 4746//4746 4766//4766
f 4752//4752 4749//4749 4750//4750
f 4754//4754 4751//4751 4752//4752
f 4767//4767 4753//4753 4754//4754
f 4756//4756 4753//4753 4767//4767
f 4757//4757 4755//4755 4756//4756
f 4768//4768 4718//4718 4757//4757
f 4758//4758 4718//4718 4768//4768
f 4769//4769 4770//4770 4771//4771
f 4772//4772 4773//4773 4774//4774
f 4775//4775 4776//4776 4777//4777
f 4778//4778 4779//4779 4780//4780
f 4781//4781 4782//4782 4783//4783
f 4784//4784 4785//4785 4786//4786
f 4787//4787 4788//4788 4789//4789
f 4790//4790 4791//4791 4792//4792
f 4793//4793 4794//4794 4795//4795
f 4796//4796 4797//4797 4798//4798
f 4799//4799 4800//4800 4801//4801
f 4802//4802 4803//4803 4804//4804
f 4805//4805 4789//4789 4806//4806
f 4807//4807 4790//4790 4808//4808
f 4809//4809 4810//4810 4811//4811
f 4812//4812 4813//4813 4814//4814
f 4762//4762 4764//4764 4733//4733
f 4815//4815 4816//4816 4817//4817
f 4818//4818 4819//4819 4820//4820
f 4821//4821 4822//4822 4823//4823
f 4824//4824 4825//4825 4826//4826
f 4827//4827 4828//4828 4829//4829
f 4830//4830 4831//4831 4832//4832
f 4833//4833 4834//4834 4835//4835
f 4836//4836 4837//4837 4838//4838
f 4839//4839 4840//4840 4841//4841
f 4842//4842 4843//4843 4844//4844
f 4845//4845 4846//4846 4847//4847
f 4848//4848 4849//4849 4850//4850
f 4766//4766 4746//4746 4765//4765
f 4851//4851 4852//4852 4853//4853
f 4854//4854 4855//4855 4856//4856
f 4857//4857 4858//4858 4859//4859
f 4860//4860 4861//4861 4862//4862
f 4863//4863 4864//4864 4865//4865
f 4866//4866 4867//4867 4868//4868
f 4869//4869 4870//4870 4871//4871
f 4872//4872 4873//4873 4874//4874
f 4875//4875 4876//4876 4877//4877
f 4878//4878 4879//4879 4880//4880
f 4881//4881 4882//4882 4883//4883
f 4884//4884 4885//4885 4886//4886
f 4887//4887 4888//4888 4889//4889
f 4890//4890 4891//4891 4892//4892
f 4893//4893 4894//4894 4895//4895
f 4896//4896 4897//4897 4898//4898
f 4899//4899 4900//4900 4901//4901
f 4902//4902 4903//4903 4904//4904
f 4770//4770 4769//4769 4905//4905
f 4906//4906 4774//4774 4773//4773
f 4900//4900 4899//4899 4907//4907
f 4908//4908 4904//4904 4903//4903
f 4776//4776 4775//4775 4909//4909
f 4910//4910 4780//4780 4779//4779
f 4782//4782 4781//4781 4911//4911
f 4912//4912 4786//4786 4785//4785
f 4794//4794 4793//4793 4913//4913
f 4914//4914 4798//4798 4797//4797
f 4788//4788 4787//4787 4915//4915
f 4916//4916 4792//4792 4791//4791
f 4789//4789 4805//4805 4787//4787
f 4792//4792 4808//4808 4790//4790
f 4800//4800 4799//4799 4917//4917
f 4918//4918 4804//4804 4803//4803
f 4810//4810 4809//4809 4919//4919
f 4920//4920 4814//4814 4813//4813
f 4840//4840 4839//4839 4921//4921
f 4922//4922 4844//4844 4843//4843
f 4923//4923 4924//4924 4925//4925
f 4926//4926 4927//4927 4928//4928
f 4816//4816 4815//4815 4929//4929
f 4930//4930 4820//4820 4819//4819
f 4822//4822 4821//4821 4931//4931
f 4932//4932 4826//4826 4825//4825
f 4828//4828 4827//4827 4933//4933
f 4934//4934 4832//4832 4831//4831
f 4834//4834 4833//4833 4935//4935
f 4936//4936 4838//4838 4837//4837
f 4924//4924 4923//4923 4937//4937
f 4938//4938 4928//4928 4927//4927
f 4846//4846 4845//4845 4939//4939
f 4940//4940 4850//4850 4849//4849
f 4941//4941 4942//4942 4943//4943
f 4944//4944 4945//4945 4946//4946
f 4852//4852 4851//4851 4947//4947
f 4948//4948 4856//4856 4855//4855
f 4858//4858 4857//4857 4949//4949
f 4950//4950 4862//4862 4861//4861
f 4864//4864 4863//4863 4951//4951
f 4952//4952 4868//4868 4867//4867
f 4870//4870 4869//4869 4953//4953
f 4954//4954 4874//4874 4873//4873
f 4876//4876 4875//4875 4955//4955
f 4956//4956 4880//4880 4879//4879
f 4882//4882 4881//4881 4957//4957
f 4958//4958 4886//4886 4885//4885
f 4888//4888 4887//4887 4959//4959
f 4960//4960 4892//4892 4891//4891
f 4894//4894 4893//4893 4961//4961
f 4962//4962 4898//4898 4897//4897
f 4963//4963 4964//4964 4965//4965
f 4966//4966 4967//4967 4968//4968
f 4969//4969 4970//4970 4964//4964
f 4967//4967 4971//4971 4972//4972
f 4973//4973 4974//4974 4975//4975
f 4976//4976 4977//4977 4978//4978
f 4975//4975 4969//4969 4963//4963
f 4968//4968 4972//4972 4976//4976
f 4979//4979 4980//4980 4973//4973
f 4978//4978 4981//4981 4982//4982
f 4983//4983 4984//4984 4979//4979
f 4982//4982 4985//4985 4986//4986
f 4987//4987 4988//4988 4983//4983
f 4986//4986 4989//4989 4990//4990
f 4991//4991 4992//4992 4987//4987
f 4990//4990 4993//4993 4994//4994
f 4995//4995 4996//4996 4991//4991
f 4994//4994 4997//4997 4998//4998
f 4999//4999 5000//5000 5001//5001
f 5002//5002 5003//5003 5004//5004
f 5001//5001 5005//5005 4995//4995
f 4998//4998 5006//5006 5002//5002
f 5007//5007 5008//5008 5009//5009
f 5010//5010 5011//5011 5012//5012
f 5013//5013 5014//5014 5008//5008
f 5011//5011 5015//5015 5016//5016
f 5014//5014 5017//5017 4999//4999
f 5004//5004 5018//5018 5015//5015
f 4942//4942 4941//4941 5019//5019
f 5020//5020 4946//4946 4945//4945
f 5008//5008 5007//5007 5021//5021
f 5022//5022 5012//5012 5011//5011
f 5023//5023 5024//5024 5025//5025
f 5026//5026 5027//5027 5028//5028
f 5029//5029 5025//5025 5030//5030
f 5031//5031 5026//5026 5032//5032
f 5033//5033 5030//5030 5034//5034
f 5035//5035 5031//5031 5036//5036
f 5037//5037 5034//5034 5038//5038
f 5039//5039 5035//5035 5040//5040
f 5041//5041 5038//5038 5042//5042
f 5043//5043 5039//5039 5044//5044
f 5045//5045 5042//5042 5046//5046
f 5047//5047 5043//5043 5048//5048
f 5049//5049 5046//5046 4970//4970
f 4971//4971 5047//5047 5050//5050
f 4963//4963 4969//4969 4964//4964
f 4967//4967 4972//4972 4968//4968
f 5051//5051 4970//4970 4969//4969
f 4972//4972 4971//4971 5052//5052
f 4973//4973 4980//4980 4974//4974
f 4977//4977 4981//4981 4978//4978
f 4975//4975 4974//4974 5053//5053
f 5054//5054 4977//4977 4976//4976
f 4975//4975 5053//5053 4969//4969
f 4972//4972 5054//5054 4976//4976
f 4979//4979 4984//4984 4980//4980
f 4981//4981 4985//4985 4982//4982
f 4983//4983 4988//4988 4984//4984
f 4985//4985 4989//4989 4986//4986
f 4987//4987 4992//4992 4988//4988
f 4989//4989 4993//4993 4990//4990
f 4991//4991 5055//5055 4992//4992
f 4993//4993 5056//5056 4994//4994
f 4995//4995 5005//5005 4996//4996
f 4997//4997 5006//5006 4998//4998
f 4991//4991 4996//4996 5055//5055
f 5056//5056 4997//4997 4994//4994
f 4999//4999 5057//5057 5000//5000
f 5003//5003 5058//5058 5004//5004
f 5001//5001 5000//5000 5005//5005
f 5006//5006 5003//5003 5002//5002
f 5014//5014 5013//5013 5017//5017
f 5018//5018 5016//5016 5015//5015
f 5008//5008 5021//5021 5013//5013
f 5016//5016 5022//5022 5011//5011
f 4999//4999 5017//5017 5057//5057
f 5058//5058 5018//5018 5004//5004
f 5059//5059 5021//5021 5024//5024
f 5027//5027 5022//5022 5060//5060
f 5061//5061 5024//5024 5023//5023
f 5028//5028 5027//5027 5062//5062
f 5023//5023 5025//5025 5029//5029
f 5032//5032 5026//5026 5028//5028
f 5029//5029 5030//5030 5033//5033
f 5036//5036 5031//5031 5032//5032
f 5033//5033 5034//5034 5037//5037
f 5040//5040 5035//5035 5036//5036
f 5037//5037 5038//5038 5063//5063
f 5064//5064 5039//5039 5040//5040
f 5063//5063 5038//5038 5041//5041
f 5044//5044 5039//5039 5064//5064
f 5041//5041 5042//5042 5045//5045
f 5048//5048 5043//5043 5044//5044
f 5045//5045 5046//5046 5049//5049
f 5050//5050 5047//5047 5048//5048
f 5049//5049 4970//4970 5051//5051
f 5052//5052 4971//4971 5050//5050
f 5065//5065 5066//5066 5067//5067
f 5068//5068 5069//5069 5070//5070
f 5071//5071 5072//5072 5073//5073
f 5074//5074 5075//5075 5076//5076
f 5077//5077 5078//5078 5079//5079
f 5080//5080 5077//5077 5079//5079
f 5081//5081 5082//5082 5083//5083
f 5084//5084 5085//5085 5086//5086
f 5087//5087 5088//5088 5089//5089
f 5090//5090 5091//5091 5092//5092
f 5093//5093 5094//5094 5095//5095
f 5096//5096 5097//5097 5098//5098
f 5099//5099 5100//5100 5101//5101
f 5013//5013 5021//5021 5059//5059
f 5060//5060 5022//5022 5016//5016
f 5102//5102 5103//5103 5104//5104
f 5059//5059 5024//5024 5061//5061
f 5062//5062 5027//5027 5060//5060
f 5105//5105 5106//5106 5107//5107
f 5108//5108 5109//5109 5110//5110
f 5111//5111 5112//5112 5113//5113
f 5114//5114 5115//5115 5116//5116
f 5117//5117 5118//5118 5119//5119
f 5120//5120 5121//5121 5122//5122
f 5123//5123 5124//5124 5125//5125
f 5126//5126 5127//5127 5128//5128
f 5129//5129 5130//5130 5131//5131
f 5132//5132 5067//5067 5066//5066
f 5133//5133 5131//5131 5130//5130
f 5134//5134 5070//5070 5069//5069
f 5135//5135 5079//5079 5078//5078
f 5136//5136 5073//5073 5072//5072
f 5137//5137 5076//5076 5075//5075
f 5138//5138 5083//5083 5082//5082
f 5139//5139 5086//5086 5085//5085
f 5140//5140 5092//5092 5091//5091
f 5141//5141 5089//5089 5088//5088
f 5142//5142 5098//5098 5097//5097
f 5143//5143 5095//5095 5094//5094
f 5144//5144 5101//5101 5100//5100
f 5145//5145 5146//5146 5147//5147
f 5148//5148 5147//5147 5146//5146
f 5149//5149 5104//5104 5103//5103
f 5150//5150 5151//5151 5152//5152
f 5153//5153 5107//5107 5106//5106
f 5154//5154 5110//5110 5109//5109
f 5155//5155 5113//5113 5112//5112
f 5156//5156 5116//5116 5115//5115
f 5157//5157 5119//5119 5118//5118
f 5158//5158 5122//5122 5121//5121
f 5159//5159 5125//5125 5124//5124
f 5160//5160 5128//5128 5127//5127
f 5161//5161 5162//5162 5163//5163
f 5162//5162 5164//5164 5165//5165
f 5165//5165 5164//5164 5166//5166
f 5166//5166 5167//5167 5168//5168
f 5163//5163 5162//5162 5165//5165
f 5168//5168 5169//5169 5170//5170
f 5170//5170 5171//5171 5172//5172
f 5172//5172 5173//5173 5174//5174
f 5174//5174 5175//5175 5176//5176
f 5176//5176 5177//5177 5178//5178
f 5178//5178 5179//5179 5180//5180
f 5181//5181 5182//5182 5183//5183
f 5184//5184 5152//5152 5151//5151
f 5180//5180 5185//5185 5182//5182
f 5179//5179 5185//5185 5180//5180
f 5177//5177 5179//5179 5178//5178
f 5175//5175 5177//5177 5176//5176
f 5173//5173 5175//5175 5174//5174
f 5171//5171 5173//5173 5172//5172
f 5169//5169 5171//5171 5170//5170
f 5167//5167 5169//5169 5168//5168
f 5164//5164 5167//5167 5166//5166
f 5185//5185 5183//5183 5182//5182
f 6599//6599 6600//6600 6601//6601
f 6600//6600 6599//6599 6602//6602
f 6603//6603 6604//6604 6605//6605
f 6606//6606 6605//6605 6604//6604
f 6607//6607 6608//6608 6609//6609
f 6610//6610 6611//6611 6612//6612
f 6613//6613 6614//6614 6615//6615
f 6616//6616 6617//6617 6618//6618
f 6619//6619 6620//6620 6621//6621
f 6622//6622 6623//6623 6624//6624
f 6625//6625 6626//6626 6627//6627
f 6628//6628 6629//6629 6630//6630
f 6607//6607 6631//6631 6608//6608
f 6611//6611 6632//6632 6612//6612
f 6633//6633 6634//6634 6635//6635
f 6636//6636 6637//6637 6638//6638
f 6614//6614 6613//6613 6639//6639
f 6640//6640 6618//6618 6617//6617
f 6641//6641 6642//6642 6643//6643
f 6644//6644 6645//6645 6646//6646
f 6647//6647 6620//6620 6619//6619
f 6624//6624 6623//6623 6648//6648
f 6649//6649 6650//6650 6651//6651
f 6652//6652 6653//6653 6654//6654
f 6626//6626 6625//6625 6655//6655
f 6656//6656 6630//6630 6629//6629
f 6634//6634 6633//6633 6657//6657
f 6658//6658 6638//6638 6637//6637
f 6659//6659 6631//6631 6607//6607
f 6612//6612 6632//6632 6660//6660
f 6661//6661 6662//6662 6663//6663
f 6664//6664 6665//6665 6666//6666
f 6667//6667 6635//6635 6634//6634
f 6637//6637 6636//6636 6668//6668
f 6669//6669 6670//6670 6671//6671
f 6642//6642 6641//6641 6672//6672
f 6673//6673 6646//6646 6645//6645
f 6674//6674 6675//6675 6670//6670
f 6676//6676 6620//6620 6647//6647
f 6648//6648 6623//6623 6677//6677
f 6650//6650 6649//6649 6678//6678
f 6679//6679 6654//6654 6653//6653
f 6680//6680 6681//6681 6682//6682
f 6683//6683 6684//6684 6685//6685
f 6681//6681 6686//6686 6682//6682
f 6683//6683 6687//6687 6684//6684
f 6659//6659 6688//6688 6631//6631
f 6632//6632 6689//6689 6660//6660
f 6635//6635 6667//6667 6690//6690
f 6691//6691 6668//6668 6636//6636
f 6662//6662 6661//6661 6692//6692
f 6693//6693 6666//6666 6665//6665
f 6686//6686 6694//6694 6695//6695
f 6696//6696 6697//6697 6687//6687
f 6698//6698 6671//6671 6670//6670
f 6699//6699 6672//6672 6641//6641
f 6646//6646 6673//6673 6700//6700
f 6675//6675 6698//6698 6670//6670
f 6620//6620 6676//6676 6701//6701
f 6702//6702 6677//6677 6623//6623
f 6672//6672 6699//6699 6703//6703
f 6704//6704 6700//6700 6673//6673
f 6705//6705 6678//6678 6649//6649
f 6654//6654 6679//6679 6706//6706
f 6707//6707 6680//6680 6708//6708
f 6709//6709 6685//6685 6710//6710
f 6681//6681 6680//6680 6711//6711
f 6712//6712 6685//6685 6684//6684
f 6686//6686 6681//6681 6694//6694
f 6697//6697 6684//6684 6687//6687
f 6688//6688 6659//6659 6713//6713
f 6714//6714 6660//6660 6689//6689
f 6715//6715 6692//6692 6661//6661
f 6666//6666 6693//6693 6716//6716
f 6717//6717 6690//6690 6667//6667
f 6668//6668 6691//6691 6718//6718
f 6695//6695 6694//6694 6719//6719
f 6720//6720 6697//6697 6696//6696
f 6692//6692 6715//6715 6721//6721
f 6722//6722 6716//6716 6693//6693
f 6723//6723 6724//6724 6725//6725
f 6726//6726 6727//6727 6728//6728
f 6729//6729 6730//6730 6731//6731
f 6732//6732 6733//6733 6734//6734
f 6724//6724 6723//6723 6735//6735
f 6736//6736 6728//6728 6727//6727
f 6678//6678 6705//6705 6737//6737
f 6738//6738 6706//6706 6679//6679
f 6711//6711 6680//6680 6707//6707
f 6710//6710 6685//6685 6712//6712
f 6707//6707 6708//6708 6739//6739
f 6740//6740 6709//6709 6710//6710
f 6741//6741 6742//6742 6743//6743
f 6744//6744 6745//6745 6746//6746
f 6747//6747 6748//6748 6749//6749
f 6750//6750 6751//6751 6752//6752
f 6690//6690 6717//6717 6753//6753
f 6754//6754 6718//6718 6691//6691
f 6730//6730 6729//6729 6755//6755
f 6756//6756 6734//6734 6733//6733
f 6695//6695 6719//6719 6757//6757
f 6758//6758 6720//6720 6696//6696
f 6749//6749 6759//6759 6760//6760
f 6761//6761 6762//6762 6750//6750
f 6763//6763 6764//6764 6765//6765
f 6766//6766 6767//6767 6768//6768
f 6764//6764 6763//6763 6769//6769
f 6770//6770 6768//6768 6767//6767
f 6739//6739 6708//6708 6771//6771
f 6772//6772 6709//6709 6740//6740
f 6773//6773 6774//6774 6775//6775
f 6776//6776 6777//6777 6778//6778
f 6779//6779 6780//6780 6773//6773
f 6778//6778 6781//6781 6782//6782
f 6742//6742 6741//6741 6783//6783
f 6784//6784 6746//6746 6745//6745
f 6748//6748 6747//6747 6785//6785
f 6786//6786 6752//6752 6751//6751
f 6759//6759 6749//6749 6748//6748
f 6751//6751 6750//6750 6762//6762
f 6757//6757 6719//6719 6787//6787
f 6788//6788 6720//6720 6758//6758
f 6759//6759 6789//6789 6760//6760
f 6761//6761 6790//6790 6762//6762
f 6757//6757 6791//6791 6771//6771
f 6772//6772 6792//6792 6758//6758
f 6771//6771 6791//6791 6739//6739
f 6740//6740 6792//6792 6772//6772
f 6774//6774 6773//6773 6780//6780
f 6781//6781 6778//6778 6777//6777
f 6780//6780 6779//6779 6793//6793
f 6794//6794 6782//6782 6781//6781
f 6795//6795 6796//6796 6797//6797
f 6798//6798 6799//6799 6800//6800
f 6801//6801 6802//6802 6803//6803
f 6804//6804 6803//6803 6802//6802
f 6757//6757 6787//6787 6805//6805
f 6806//6806 6788//6788 6758//6758
f 6759//6759 6807//6807 6789//6789
f 6790//6790 6808//6808 6762//6762
f 6757//6757 6805//6805 6791//6791
f 6792//6792 6806//6806 6758//6758
f 6809//6809 6803//6803 6810//6810
f 6807//6807 6811//6811 6812//6812
f 6813//6813 6814//6814 6808//6808
f 6796//6796 6795//6795 6815//6815
f 6816//6816 6800//6800 6799//6799
f 6817//6817 6809//6809 6810//6810
f 6810//6810 6803//6803 6804//6804
f 6811//6811 6807//6807 6759//6759
f 6762//6762 6808//6808 6814//6814
f 6849//6849 6850//6850 6851//6851
f 6850//6850 6849//6849 6852//6852
f 6853//6853 6854//6854 6855//6855
f 6856//6856 6855//6855 6854//6854
f 6857//6857 6851//6851 6850//6850
f 6854//6854 6853//6853 6858//6858
f 6859//6859 6860//6860 6861//6861
f 6862//6862 6863//6863 6864//6864
f 6865//6865 6866//6866 6867//6867
f 6868//6868 6869//6869 6870//6870
f 6871//6871 6872//6872 6873//6873
f 6851//6851 6857//6857 6874//6874
f 6875//6875 6858//6858 6853//6853
f 6876//6876 6872//6872 6871//6871
f 6877//6877 6860//6860 6859//6859
f 6864//6864 6863//6863 6878//6878
f 6861//6861 6860//6860 6879//6879
f 6880//6880 6863//6863 6862//6862
f 6866//6866 6865//6865 6881//6881
f 6882//6882 6870//6870 6869//6869
f 6883//6883 6873//6873 6884//6884
f 6872//6872 6884//6884 6873//6873
f 6885//6885 6886//6886 6887//6887
f 6888//6888 6889//6889 6890//6890
f 6860//6860 6877//6877 6891//6891
f 6892//6892 6878//6878 6863//6863
f 6893//6893 6894//6894 6895//6895
f 6896//6896 6897//6897 6898//6898
f 6899//6899 6900//6900 6901//6901
f 6902//6902 6903//6903 6904//6904
f 6905//6905 6906//6906 6907//6907
f 6908//6908 6909//6909 6910//6910
f 6906//6906 6905//6905 6911//6911
f 6912//6912 6910//6910 6909//6909
f 6911//6911 6913//6913 6914//6914
f 6915//6915 6916//6916 6912//6912
f 6886//6886 6885//6885 6917//6917
f 6918//6918 6890//6890 6889//6889
f 6919//6919 6920//6920 6921//6921
f 6922//6922 6923//6923 6924//6924
f 6925//6925 6926//6926 6893//6893
f 6898//6898 6927//6927 6928//6928
f 6894//6894 6893//6893 6926//6926
f 6927//6927 6898//6898 6897//6897
f 6929//6929 6930//6930 6931//6931
f 6932//6932 6933//6933 6934//6934
f 6900//6900 6899//6899 6935//6935
f 6936//6936 6904//6904 6903//6903
f 6937//6937 6938//6938 6939//6939
f 6940//6940 6941//6941 6942//6942
f 6913//6913 6911//6911 6905//6905
f 6910//6910 6912//6912 6916//6916
f 6943//6943 6944//6944 6919//6919
f 6924//6924 6945//6945 6946//6946
f 6919//6919 6944//6944 6920//6920
f 6923//6923 6945//6945 6924//6924
f 6947//6947 6948//6948 6949//6949
f 6950//6950 6951//6951 6952//6952
f 6926//6926 6925//6925 6953//6953
f 6954//6954 6928//6928 6927//6927
f 6955//6955 6956//6956 6957//6957
f 6958//6958 6959//6959 6960//6960
f 6930//6930 6929//6929 6961//6961
f 6962//6962 6934//6934 6933//6933
f 6963//6963 6938//6938 6937//6937
f 6942//6942 6941//6941 6964//6964
f 6963//6963 6965//6965 6938//6938
f 6941//6941 6966//6966 6964//6964
f 6944//6944 6943//6943 6967//6967
f 6968//6968 6946//6946 6945//6945
f 6969//6969 6970//6970 6947//6947
f 6952//6952 6971//6971 6972//6972
f 6948//6948 6947//6947 6970//6970
f 6971//6971 6952//6952 6951//6951
f 6973//6973 6957//6957 6974//6974
f 6975//6975 6958//6958 6976//6976
f 6977//6977 6956//6956 6955//6955
f 6960//6960 6959//6959 6978//6978
f 6955//6955 6957//6957 6973//6973
f 6976//6976 6958//6958 6960//6960
f 6956//6956 6979//6979 6980//6980
f 6981//6981 6982//6982 6959//6959
f 6983//6983 6984//6984 6985//6985
f 6986//6986 6987//6987 6988//6988
f 6984//6984 6983//6983 6989//6989
f 6990//6990 6988//6988 6987//6987
f 6965//6965 6963//6963 6991//6991
f 6992//6992 6964//6964 6966//6966
f 6993//6993 6994//6994 6969//6969
f 6972//6972 6995//6995 6996//6996
f 6970//6970 6969//6969 6994//6994
f 6995//6995 6972//6972 6971//6971
f 6997//6997 6973//6973 6974//6974
f 6975//6975 6976//6976 6998//6998
f 6979//6979 6956//6956 6977//6977
f 6978//6978 6959//6959 6982//6982
f 6999//6999 7000//7000 7001//7001
f 7002//7002 7003//7003 7004//7004
f 7005//7005 7006//7006 6999//6999
f 7004//7004 7007//7007 7008//7008
f 6979//6979 7009//7009 6980//6980
f 6981//6981 7010//7010 6982//6982
f 7011//7011 6989//6989 6983//6983
f 6988//6988 6990//6990 7012//7012
f 6989//6989 7011//7011 7013//7013
f 7014//7014 7012//7012 6990//6990
f 6994//6994 6993//6993 7015//7015
f 7016//7016 6996//6996 6995//6995
f 7017//7017 7018//7018 6997//6997
f 6998//6998 7019//7019 7020//7020
f 6997//6997 7018//7018 6973//6973
f 6976//6976 7019//7019 6998//6998
f 7021//7021 7022//7022 7023//7023
f 7024//7024 7025//7025 7026//7026
f 7000//7000 6999//6999 7006//7006
f 7007//7007 7004//7004 7003//7003
f 7027//7027 7028//7028 7029//7029
f 7030//7030 7031//7031 7032//7032
f 7006//7006 7005//7005 7033//7033
f 7034//7034 7008//7008 7007//7007
f 7009//7009 6979//6979 7035//7035
f 7036//7036 6982//6982 7010//7010
f 7009//7009 7035//7035 7037//7037
f 7038//7038 7036//7036 7010//7010
f 7037//7037 7039//7039 7017//7017
f 7020//7020 7040//7040 7038//7038
f 7017//7017 7041//7041 7018//7018
f 7019//7019 7042//7042 7020//7020
f 7043//7043 7044//7044 7045//7045
f 7046//7046 7047//7047 7048//7048
f 7022//7022 7021//7021 7049//7049
f 7050//7050 7026//7026 7025//7025
f 7051//7051 7052//7052 7053//7053
f 7054//7054 7055//7055 7056//7056
f 7017//7017 7039//7039 7041//7041
f 7042//7042 7040//7040 7020//7020
f 7053//7053 7057//7057 7027//7027
f 7032//7032 7058//7058 7054//7054
f 7059//7059 7060//7060 7061//7061
f 7028//7028 7027//7027 7057//7057
f 7058//7058 7032//7032 7031//7031
f 7062//7062 7059//7059 7063//7063
f 7037//7037 7035//7035 7064//7064
f 7065//7065 7036//7036 7038//7038
f 7037//7037 7066//7066 7039//7039
f 7040//7040 7067//7067 7038//7038
f 7044//7044 7068//7068 7045//7045
f 7046//7046 7069//7069 7047//7047
f 7044//7044 7043//7043 7070//7070
f 7071//7071 7048//7048 7047//7047
f 7072//7072 7073//7073 7060//7060
f 7074//7074 7075//7075 7076//7076
f 7077//7077 7078//7078 7079//7079
f 7052//7052 7051//7051 7080//7080
f 7081//7081 7056//7056 7055//7055
f 7057//7057 7053//7053 7052//7052
f 7055//7055 7054//7054 7058//7058
f 7061//7061 7060//7060 7082//7082
f 7063//7063 7059//7059 7061//7061
f 7037//7037 7064//7064 7066//7066
f 7067//7067 7065//7065 7038//7038
f 7044//7044 7074//7074 7068//7068
f 7069//7069 7079//7079 7047//7047
f 7082//7082 7060//7060 7073//7073
f 7075//7075 7074//7074 7044//7044
f 7047//7047 7079//7079 7078//7078
f 7117//7117 7118//7118 7119//7119
f 7118//7118 7117//7117 7120//7120
f 7121//7121 7122//7122 7123//7123
f 7124//7124 7123//7123 7122//7122
f 7125//7125 7126//7126 7127//7127
f 7128//7128 7129//7129 7130//7130
f 7131//7131 7132//7132 7133//7133
f 7134//7134 7135//7135 7136//7136
f 7137//7137 7138//7138 7139//7139
f 7120//7120 7140//7140 7118//7118
f 7122//7122 7141//7141 7124//7124
f 7142//7142 7126//7126 7125//7125
f 7130//7130 7129//7129 7143//7143
f 7132//7132 7131//7131 7144//7144
f 7145//7145 7136//7136 7135//7135
f 7146//7146 7147//7147 7148//7148
f 7149//7149 7150//7150 7151//7151
f 7139//7139 7138//7138 7152//7152
f 7153//7153 7137//7137 7139//7139
f 7140//7140 7120//7120 7154//7154
f 7155//7155 7124//7124 7141//7141
f 7156//7156 7126//7126 7142//7142
f 7143//7143 7129//7129 7157//7157
f 7158//7158 7159//7159 7160//7160
f 7161//7161 7162//7162 7163//7163
f 7164//7164 7144//7144 7131//7131
f 7136//7136 7145//7145 7165//7165
f 7147//7147 7146//7146 7166//7166
f 7167//7167 7151//7151 7150//7150
f 7148//7148 7147//7147 7168//7168
f 7169//7169 7150//7150 7149//7149
f 7138//7138 7170//7170 7152//7152
f 7171//7171 7172//7172 7173//7173
f 7174//7174 7175//7175 7176//7176
f 7144//7144 7164//7164 7177//7177
f 7178//7178 7165//7165 7145//7145
f 7179//7179 7180//7180 7181//7181
f 7182//7182 7183//7183 7184//7184
f 7185//7185 7126//7126 7156//7156
f 7157//7157 7129//7129 7186//7186
f 7187//7187 7188//7188 7189//7189
f 7190//7190 7191//7191 7192//7192
f 7159//7159 7158//7158 7193//7193
f 7194//7194 7163//7163 7162//7162
f 7195//7195 7196//7196 7197//7197
f 7198//7198 7199//7199 7200//7200
f 7126//7126 7201//7201 7202//7202
f 7203//7203 7204//7204 7129//7129
f 7205//7205 7206//7206 7207//7207
f 7208//7208 7209//7209 7210//7210
f 7211//7211 7212//7212 7213//7213
f 7214//7214 7215//7215 7216//7216
f 7217//7217 7152//7152 7170//7170
f 7172//7172 7171//7171 7218//7218
f 7219//7219 7176//7176 7175//7175
f 7180//7180 7179//7179 7220//7220
f 7221//7221 7184//7184 7183//7183
f 7201//7201 7126//7126 7185//7185
f 7186//7186 7129//7129 7204//7204
f 7222//7222 7223//7223 7188//7188
f 7191//7191 7224//7224 7225//7225
f 7188//7188 7187//7187 7222//7222
f 7225//7225 7192//7192 7191//7191
f 7212//7212 7226//7226 7227//7227
f 7228//7228 7229//7229 7215//7215
f 7196//7196 7195//7195 7230//7230
f 7231//7231 7200//7200 7199//7199
f 7232//7232 7233//7233 7234//7234
f 7235//7235 7236//7236 7237//7237
f 7206//7206 7205//7205 7238//7238
f 7239//7239 7210//7210 7209//7209
f 7240//7240 7241//7241 7242//7242
f 7243//7243 7244//7244 7245//7245
f 7226//7226 7212//7212 7211//7211
f 7216//7216 7215//7215 7229//7229
f 7213//7213 7212//7212 7246//7246
f 7247//7247 7215//7215 7214//7214
f 7218//7218 7248//7248 7172//7172
f 7175//7175 7249//7249 7219//7219
f 7248//7248 7218//7218 7250//7250
f 7251//7251 7219//7219 7249//7249
f 7252//7252 7234//7234 7223//7223
f 7224//7224 7235//7235 7253//7253
f 7223//7223 7222//7222 7252//7252
f 7253//7253 7225//7225 7224//7224
f 7254//7254 7255//7255 7256//7256
f 7257//7257 7258//7258 7259//7259
f 7260//7260 7261//7261 7241//7241
f 7244//7244 7262//7262 7263//7263
f 7261//7261 7260//7260 7264//7264
f 7265//7265 7263//7263 7262//7262
f 7266//7266 7254//7254 7267//7267
f 7268//7268 7259//7259 7269//7269
f 7233//7233 7232//7232 7270//7270
f 7271//7271 7237//7237 7236//7236
f 7234//7234 7252//7252 7232//7232
f 7237//7237 7253//7253 7235//7235
f 7272//7272 7273//7273 7274//7274
f 7275//7275 7276//7276 7277//7277
f 7241//7241 7240//7240 7260//7260
f 7263//7263 7245//7245 7244//7244
f 7256//7256 7278//7278 7279//7279
f 7280//7280 7281//7281 7257//7257
f 7254//7254 7282//7282 7255//7255
f 7258//7258 7283//7283 7259//7259
f 7256//7256 7255//7255 7284//7284
f 7285//7285 7258//7258 7257//7257
f 7286//7286 7266//7266 7267//7267
f 7268//7268 7269//7269 7287//7287
f 7254//7254 7266//7266 7288//7288
f 7289//7289 7269//7269 7259//7259
f 7290//7290 7291//7291 7272//7272
f 7277//7277 7292//7292 7293//7293
f 7279//7279 7294//7294 7290//7290
f 7293//7293 7295//7295 7280//7280
f 7272//7272 7291//7291 7273//7273
f 7276//7276 7292//7292 7277//7277
f 7296//7296 7274//7274 7273//7273
f 7276//7276 7275//7275 7297//7297
f 7296//7296 7286//7286 7274//7274
f 7275//7275 7287//7287 7297//7297
f 7256//7256 7284//7284 7278//7278
f 7281//7281 7285//7285 7257//7257
f 7279//7279 7278//7278 7294//7294
f 7295//7295 7281//7281 7280//7280
f 7254//7254 7288//7288 7282//7282
f 7283//7283 7289//7289 7259//7259
f 7298//7298 7299//7299 7300//7300
f 7301//7301 7302//7302 7303//7303
f 7304//7304 7305//7305 7306//7306
f 7307//7307 7308//7308 7309//7309
f 7266//7266 7286//7286 7296//7296
f 7297//7297 7287//7287 7269//7269
f 7310//7310 7311//7311 7312//7312
f 7313//7313 7314//7314 7315//7315
f 7290//7290 7294//7294 7291//7291
f 7292//7292 7295//7295 7293//7293
f 7316//7316 7317//7317 7318//7318
f 7319//7319 7320//7320 7321//7321
f 7322//7322 7323//7323 7324//7324
f 7325//7325 7326//7326 7327//7327
f 7328//7328 7329//7329 7305//7305
f 7308//7308 7330//7330 7331//7331
f 7332//7332 7333//7333 7329//7329
f 7330//7330 7334//7334 7335//7335
f 7310//7310 7298//7298 7311//7311
f 7314//7314 7303//7303 7315//7315
f 7299//7299 7298//7298 7310//7310
f 7315//7315 7303//7303 7302//7302
f 7305//7305 7304//7304 7328//7328
f 7331//7331 7309//7309 7308//7308
f 7336//7336 7337//7337 7323//7323
f 7326//7326 7338//7338 7339//7339
f 7337//7337 7336//7336 7340//7340
f 7341//7341 7339//7339 7338//7338
f 7342//7342 7343//7343 7333//7333
f 7334//7334 7344//7344 7345//7345
f 7317//7317 7316//7316 7346//7346
f 7347//7347 7321//7321 7320//7320
f 7323//7323 7322//7322 7336//7336
f 7339//7339 7327//7327 7326//7326
f 7329//7329 7328//7328 7332//7332
f 7335//7335 7331//7331 7330//7330
f 7333//7333 7332//7332 7342//7342
f 7345//7345 7335//7335 7334//7334
f 7348//7348 7349//7349 7350//7350
f 7351//7351 7350//7350 7349//7349
f 7343//7343 7342//7342 7352//7352
f 7353//7353 7345//7345 7344//7344
f 7354//7354 7355//7355 7356//7356
f 7355//7355 7350//7350 7351//7351
f 7357//7357 7355//7355 7351//7351
f 7356//7356 7355//7355 7357//7357
f 7393//7393 7394//7394 7395//7395
f 7394//7394 7393//7393 7396//7396
f 7397//7397 7398//7398 7399//7399
f 7400//7400 7399//7399 7398//7398
f 7401//7401 7402//7402 7403//7403
f 7404//7404 7405//7405 7406//7406
f 7407//7407 7408//7408 7409//7409
f 7410//7410 7411//7411 7412//7412
f 7396//7396 7393//7393 7413//7413
f 7414//7414 7399//7399 7400//7400
f 7415//7415 7403//7403 7416//7416
f 7417//7417 7404//7404 7418//7418
f 7402//7402 7401//7401 7419//7419
f 7420//7420 7406//7406 7405//7405
f 7403//7403 7415//7415 7401//7401
f 7406//7406 7418//7418 7404//7404
f 7408//7408 7407//7407 7421//7421
f 7422//7422 7412//7412 7411//7411
f 7423//7423 7424//7424 7425//7425
f 7426//7426 7427//7427 7428//7428
f 7413//7413 7393//7393 7429//7429
f 7430//7430 7399//7399 7414//7414
f 7431//7431 7416//7416 7432//7432
f 7433//7433 7417//7417 7434//7434
f 7416//7416 7431//7431 7415//7415
f 7418//7418 7434//7434 7417//7417
f 7435//7435 7436//7436 7437//7437
f 7438//7438 7439//7439 7440//7440
f 7441//7441 7442//7442 7443//7443
f 7444//7444 7445//7445 7446//7446
f 7447//7447 7437//7437 7448//7448
f 7449//7449 7438//7438 7450//7450
f 7442//7442 7441//7441 7451//7451
f 7452//7452 7446//7446 7445//7445
f 7453//7453 7454//7454 7455//7455
f 7456//7456 7457//7457 7458//7458
f 7424//7424 7423//7423 7459//7459
f 7460//7460 7428//7428 7427//7427
f 7461//7461 7462//7462 7463//7463
f 7464//7464 7465//7465 7466//7466
f 7429//7429 7393//7393 7467//7467
f 7468//7468 7399//7399 7430//7430
f 7469//7469 7470//7470 7471//7471
f 7472//7472 7473//7473 7474//7474
f 7475//7475 7476//7476 7477//7477
f 7478//7478 7479//7479 7480//7480
f 7481//7481 7448//7448 7482//7482
f 7483//7483 7449//7449 7484//7484
f 7485//7485 7436//7436 7435//7435
f 7440//7440 7439//7439 7486//7486
f 7435//7435 7437//7437 7447//7447
f 7450//7450 7438//7438 7440//7440
f 7436//7436 7485//7485 7487//7487
f 7488//7488 7486//7486 7439//7439
f 7447//7447 7448//7448 7489//7489
f 7490//7490 7449//7449 7450//7450
f 7491//7491 7492//7492 7493//7493
f 7494//7494 7495//7495 7496//7496
f 7497//7497 7454//7454 7453//7453
f 7458//7458 7457//7457 7498//7498
f 7455//7455 7454//7454 7499//7499
f 7500//7500 7457//7457 7456//7456
f 7501//7501 7502//7502 7503//7503
f 7504//7504 7505//7505 7506//7506
f 7507//7507 7508//7508 7509//7509
f 7462//7462 7461//7461 7510//7510
f 7511//7511 7466//7466 7465//7465
f 7510//7510 7512//7512 7462//7462
f 7465//7465 7513//7513 7511//7511
f 7470//7470 7469//7469 7514//7514
f 7515//7515 7474//7474 7473//7473
f 7516//7516 7517//7517 7518//7518
f 7519//7519 7520//7520 7521//7521
f 7476//7476 7475//7475 7522//7522
f 7523//7523 7480//7480 7479//7479
f 7489//7489 7448//7448 7481//7481
f 7484//7484 7449//7449 7490//7490
f 7481//7481 7482//7482 7524//7524
f 7525//7525 7483//7483 7484//7484
f 7526//7526 7527//7527 7528//7528
f 7529//7529 7530//7530 7531//7531
f 7532//7532 7533//7533 7534//7534
f 7535//7535 7536//7536 7537//7537
f 7485//7485 7538//7538 7487//7487
f 7488//7488 7539//7539 7486//7486
f 7540//7540 7541//7541 7534//7534
f 7535//7535 7542//7542 7543//7543
f 7492//7492 7491//7491 7544//7544
f 7545//7545 7496//7496 7495//7495
f 7454//7454 7497//7497 7546//7546
f 7547//7547 7498//7498 7457//7457
f 7548//7548 7549//7549 7550//7550
f 7551//7551 7552//7552 7553//7553
f 7502//7502 7501//7501 7549//7549
f 7552//7552 7506//7506 7505//7505
f 7554//7554 7509//7509 7508//7508
f 7512//7512 7510//7510 7555//7555
f 7556//7556 7511//7511 7513//7513
f 7517//7517 7516//7516 7557//7557
f 7558//7558 7521//7521 7520//7520
f 7559//7559 7544//7544 7560//7560
f 7561//7561 7545//7545 7562//7562
f 7563//7563 7482//7482 7564//7564
f 7565//7565 7483//7483 7566//7566
f 7541//7541 7540//7540 7567//7567
f 7568//7568 7543//7543 7542//7542
f 7524//7524 7482//7482 7563//7563
f 7566//7566 7483//7483 7525//7525
f 7569//7569 7567//7567 7570//7570
f 7571//7571 7568//7568 7572//7572
f 7538//7538 7485//7485 7573//7573
f 7574//7574 7486//7486 7539//7539
f 7575//7575 7576//7576 7577//7577
f 7578//7578 7579//7579 7580//7580
f 7527//7527 7526//7526 7581//7581
f 7582//7582 7531//7531 7530//7530
f 7533//7533 7532//7532 7583//7583
f 7584//7584 7537//7537 7536//7536
f 7534//7534 7541//7541 7532//7532
f 7537//7537 7542//7542 7535//7535
f 7544//7544 7559//7559 7492//7492
f 7495//7495 7562//7562 7545//7545
f 7549//7549 7548//7548 7502//7502
f 7505//7505 7553//7553 7552//7552
f 7585//7585 7509//7509 7554//7554
f 7586//7586 7585//7585 7554//7554
f 7538//7538 7563//7563 7564//7564
f 7565//7565 7566//7566 7539//7539
f 7567//7567 7569//7569 7541//7541
f 7542//7542 7572//7572 7568//7568
f 7587//7587 7588//7588 7589//7589
f 7590//7590 7591//7591 7592//7592
f 7538//7538 7573//7573 7563//7563
f 7566//7566 7574//7574 7539//7539
f 7576//7576 7575//7575 7593//7593
f 7594//7594 7580//7580 7579//7579
f 7595//7595 7596//7596 7597//7597
f 7598//7598 7597//7597 7596//7596
f 7599//7599 7598//7598 7596//7596
f 7593//7593 7600//7600 7576//7576
f 7579//7579 7601//7601 7594//7594
f 7602//7602 7599//7599 7603//7603
f 7588//7588 7587//7587 7604//7604
f 7605//7605 7592//7592 7591//7591
f 7603//7603 7599//7599 7596//7596
f 7600//7600 7593//7593 7606//7606
f 7607//7607 7594//7594 7601//7601
f 7637//7637 7638//7638 7639//7639
f 7638//7638 7637//7637 7640//7640
f 7641//7641 7642//7642 7643//7643
f 7644//7644 7643//7643 7642//7642
f 7645//7645 7646//7646 7647//7647
f 7648//7648 7649//7649 7650//7650
f 7651//7651 7652//7652 7653//7653
f 7654//7654 7655//7655 7656//7656
f 7640//7640 7637//7637 7657//7657
f 7658//7658 7643//7643 7644//7644
f 7659//7659 7647//7647 7660//7660
f 7661//7661 7648//7648 7662//7662
f 7646//7646 7645//7645 7663//7663
f 7664//7664 7650//7650 7649//7649
f 7647//7647 7659//7659 7645//7645
f 7650//7650 7662//7662 7648//7648
f 7651//7651 7665//7665 7652//7652
f 7655//7655 7666//7666 7656//7656
f 7667//7667 7668//7668 7669//7669
f 7670//7670 7671//7671 7672//7672
f 7657//7657 7637//7637 7673//7673
f 7674//7674 7643//7643 7658//7658
f 7675//7675 7660//7660 7676//7676
f 7677//7677 7661//7661 7678//7678
f 7660//7660 7675//7675 7659//7659
f 7662//7662 7678//7678 7661//7661
f 7679//7679 7680//7680 7681//7681
f 7682//7682 7683//7683 7684//7684
f 7668//7668 7667//7667 7685//7685
f 7686//7686 7672//7672 7671//7671
f 7687//7687 7681//7681 7688//7688
f 7689//7689 7682//7682 7690//7690
f 7651//7651 7691//7691 7665//7665
f 7666//7666 7692//7692 7656//7656
f 7693//7693 7694//7694 7695//7695
f 7696//7696 7697//7697 7698//7698
f 7699//7699 7669//7669 7668//7668
f 7671//7671 7670//7670 7700//7700
f 7701//7701 7702//7702 7703//7703
f 7704//7704 7705//7705 7706//7706
f 7707//7707 7708//7708 7709//7709
f 7710//7710 7711//7711 7712//7712
f 7713//7713 7714//7714 7715//7715
f 7716//7716 7717//7717 7718//7718
f 7719//7719 7688//7688 7720//7720
f 7721//7721 7689//7689 7722//7722
f 7723//7723 7680//7680 7679//7679
f 7684//7684 7683//7683 7724//7724
f 7679//7679 7681//7681 7725//7725
f 7726//7726 7682//7682 7684//7684
f 7723//7723 7727//7727 7680//7680
f 7683//7683 7728//7728 7724//7724
f 7725//7725 7681//7681 7687//7687
f 7690//7690 7682//7682 7726//7726
f 7687//7687 7688//7688 7719//7719
f 7722//7722 7689//7689 7690//7690
f 7691//7691 7651//7651 7729//7729
f 7730//7730 7656//7656 7692//7692
f 7731//7731 7732//7732 7693//7693
f 7698//7698 7733//7733 7734//7734
f 7694//7694 7693//7693 7732//7732
f 7733//7733 7698//7698 7697//7697
f 7669//7669 7699//7699 7735//7735
f 7736//7736 7700//7700 7670//7670
f 7727//7727 7737//7737 7738//7738
f 7739//7739 7740//7740 7728//7728
f 7702//7702 7701//7701 7741//7741
f 7742//7742 7706//7706 7705//7705
f 7707//7707 7743//7743 7708//7708
f 7711//7711 7744//7744 7712//7712
f 7745//7745 7746//7746 7747//7747
f 7748//7748 7749//7749 7750//7750
f 7714//7714 7713//7713 7751//7751
f 7752//7752 7718//7718 7717//7717
f 7753//7753 7719//7719 7720//7720
f 7721//7721 7722//7722 7754//7754
f 7755//7755 7756//7756 7757//7757
f 7758//7758 7759//7759 7760//7760
f 7761//7761 7762//7762 7763//7763
f 7764//7764 7765//7765 7766//7766
f 7737//7737 7727//7727 7723//7723
f 7724//7724 7728//7728 7740//7740
f 7767//7767 7763//7763 7768//7768
f 7769//7769 7764//7764 7770//7770
f 7771//7771 7768//7768 7772//7772
f 7773//7773 7769//7769 7774//7774
f 7775//7775 7776//7776 7777//7777
f 7778//7778 7779//7779 7780//7780
f 7732//7732 7731//7731 7781//7781
f 7782//7782 7734//7734 7733//7733
f 7783//7783 7784//7784 7785//7785
f 7786//7786 7787//7787 7788//7788
f 7789//7789 7790//7790 7791//7791
f 7737//7737 7792//7792 7738//7738
f 7739//7739 7793//7793 7740//7740
f 7794//7794 7784//7784 7783//7783
f 7746//7746 7745//7745 7795//7795
f 7796//7796 7750//7750 7749//7749
f 7797//7797 7743//7743 7707//7707
f 7712//7712 7744//7744 7798//7798
f 7799//7799 7747//7747 7746//7746
f 7749//7749 7748//7748 7800//7800
f 7801//7801 7751//7751 7713//7713
f 7718//7718 7752//7752 7802//7802
f 7753//7753 7803//7803 7719//7719
f 7722//7722 7804//7804 7754//7754
f 7756//7756 7755//7755 7805//7805
f 7806//7806 7760//7760 7759//7759
f 7807//7807 7757//7757 7756//7756
f 7759//7759 7758//7758 7808//7808
f 7762//7762 7761//7761 7809//7809
f 7810//7810 7766//7766 7765//7765
f 7763//7763 7767//7767 7761//7761
f 7766//7766 7770//7770 7764//7764
f 7757//7757 7807//7807 7811//7811
f 7812//7812 7808//7808 7758//7758
f 7768//7768 7771//7771 7767//7767
f 7770//7770 7774//7774 7769//7769
f 7813//7813 7814//7814 7815//7815
f 7816//7816 7817//7817 7818//7818
f 7776//7776 7775//7775 7819//7819
f 7820//7820 7780//7780 7779//7779
f 7821//7821 7822//7822 7823//7823
f 7824//7824 7825//7825 7826//7826
f 7827//7827 7785//7785 7784//7784
f 7787//7787 7786//7786 7828//7828
f 7829//7829 7791//7791 7790//7790
f 7792//7792 7737//7737 7830//7830
f 7831//7831 7740//7740 7793//7793
f 7832//7832 7784//7784 7794//7794
f 7743//7743 7797//7797 7833//7833
f 7834//7834 7798//7798 7744//7744
f 7747//7747 7799//7799 7835//7835
f 7836//7836 7800//7800 7748//7748
f 7751//7751 7801//7801 7837//7837
f 7838//7838 7802//7802 7752//7752
f 7792//7792 7803//7803 7753//7753
f 7754//7754 7804//7804 7793//7793
f 7839//7839 7840//7840 7841//7841
f 7842//7842 7841//7841 7840//7840
f 7843//7843 7844//7844 7845//7845
f 7846//7846 7847//7847 7848//7848
f 7792//7792 7830//7830 7849//7849
f 7850//7850 7831//7831 7793//7793
f 7843//7843 7851//7851 7844//7844
f 7847//7847 7852//7852 7848//7848
f 7853//7853 7839//7839 7841//7841
f 7854//7854 7853//7853 7855//7855
f 7792//7792 7849//7849 7856//7856
f 7857//7857 7850//7850 7793//7793
f 7851//7851 7858//7858 7859//7859
f 7860//7860 7861//7861 7852//7852
f 7792//7792 7856//7856 7803//7803
f 7804//7804 7857//7857 7793//7793
f 7862//7862 7863//7863 7813//7813
f 7818//7818 7864//7864 7865//7865
f 7866//7866 7854//7854 7855//7855
f 7814//7814 7813//7813 7863//7863
f 7864//7864 7818//7818 7817//7817
f 7822//7822 7821//7821 7867//7867
f 7868//7868 7826//7826 7825//7825
f 7858//7858 7851//7851 7843//7843
f 7848//7848 7852//7852 7861//7861
f 7855//7855 7853//7853 7841//7841
f 7863//7863 7862//7862 7869//7869
f 7870//7870 7865//7865 7864//7864
f 7905//7905 7906//7906 7907//7907
f 7906//7906 7905//7905 7908//7908
f 7909//7909 7910//7910 7911//7911
f 7912//7912 7911//7911 7910//7910
f 7913//7913 7914//7914 7915//7915
f 7916//7916 7917//7917 7918//7918
f 7919//7919 7920//7920 7921//7921
f 7922//7922 7923//7923 7924//7924
f 7908//7908 7905//7905 7925//7925
f 7926//7926 7911//7911 7912//7912
f 7927//7927 7915//7915 7928//7928
f 7929//7929 7916//7916 7930//7930
f 7914//7914 7913//7913 7931//7931
f 7932//7932 7918//7918 7917//7917
f 7915//7915 7927//7927 7913//7913
f 7918//7918 7930//7930 7916//7916
f 7920//7920 7919//7919 7933//7933
f 7934//7934 7924//7924 7923//7923
f 7935//7935 7936//7936 7937//7937
f 7938//7938 7939//7939 7940//7940
f 7925//7925 7905//7905 7941//7941
f 7942//7942 7911//7911 7926//7926
f 7943//7943 7928//7928 7944//7944
f 7945//7945 7929//7929 7946//7946
f 7928//7928 7943//7943 7927//7927
f 7930//7930 7946//7946 7929//7929
f 7947//7947 7948//7948 7949//7949
f 7950//7950 7951//7951 7952//7952
f 7936//7936 7935//7935 7953//7953
f 7954//7954 7940//7940 7939//7939
f 7955//7955 7956//7956 7947//7947
f 7952//7952 7957//7957 7958//7958
f 7933//7933 7919//7919 7959//7959
f 7960//7960 7924//7924 7934//7934
f 7961//7961 7962//7962 7963//7963
f 7964//7964 7965//7965 7966//7966
f 7967//7967 7937//7937 7936//7936
f 7939//7939 7938//7938 7968//7968
f 7969//7969 7970//7970 7971//7971
f 7972//7972 7973//7973 7974//7974
f 7975//7975 7976//7976 7977//7977
f 7978//7978 7979//7979 7980//7980
f 7981//7981 7982//7982 7983//7983
f 7984//7984 7985//7985 7986//7986
f 7987//7987 7955//7955 7988//7988
f 7989//7989 7958//7958 7990//7990
f 7947//7947 7956//7956 7948//7948
f 7951//7951 7957//7957 7952//7952
f 7949//7949 7948//7948 7991//7991
f 7992//7992 7951//7951 7950//7950
f 7949//7949 7993//7993 7994//7994
f 7995//7995 7996//7996 7950//7950
f 7955//7955 7987//7987 7956//7956
f 7957//7957 7990//7990 7958//7958
f 7937//7937 7967//7967 7997//7997
f 7998//7998 7968//7968 7938//7938
f 7933//7933 7959//7959 7999//7999
f 8000//8000 7960//7960 7934//7934
f 7962//7962 7961//7961 8001//8001
f 8002//8002 7966//7966 7965//7965
f 7994//7994 8003//8003 8004//8004
f 8005//8005 8006//8006 7995//7995
f 7970//7970 7969//7969 8007//8007
f 8008//8008 7974//7974 7973//7973
f 7976//7976 7975//7975 8009//8009
f 8010//8010 7980//7980 7979//7979
f 7982//7982 7981//7981 8011//8011
f 8012//8012 7986//7986 7985//7985
f 8013//8013 7987//7987 7988//7988
f 7989//7989 7990//7990 8014//8014
f 8015//8015 8016//8016 8017//8017
f 8018//8018 8019//8019 8020//8020
f 8021//8021 8022//8022 8016//8016
f 8019//8019 8023//8023 8024//8024
f 7949//7949 7991//7991 7993//7993
f 7996//7996 7992//7992 7950//7950
f 7994//7994 7993//7993 8003//8003
f 8006//8006 7996//7996 7995//7995
f 8025//8025 8017//8017 8026//8026
f 8027//8027 8018//8018 8028//8028
f 8029//8029 8030//8030 8031//8031
f 8032//8032 8033//8033 8034//8034
f 8035//8035 8036//8036 8037//8037
f 8038//8038 8039//8039 8040//8040
f 8041//8041 8001//8001 7961//7961
f 7966//7966 8002//8002 8042//8042
f 8043//8043 8044//8044 8045//8045
f 8046//8046 8004//8004 8003//8003
f 8006//8006 8005//8005 8047//8047
f 8048//8048 8049//8049 8044//8044
f 8050//8050 8051//8051 8052//8052
f 8053//8053 8054//8054 8055//8055
f 8051//8051 8050//8050 8056//8056
f 8057//8057 8055//8055 8054//8054
f 7976//7976 8009//8009 8058//8058
f 8059//8059 8010//8010 7979//7979
f 8060//8060 8011//8011 7981//7981
f 7986//7986 8012//8012 8061//8061
f 7987//7987 8013//8013 8062//8062
f 8063//8063 8014//8014 7990//7990
f 8016//8016 8015//8015 8021//8021
f 8024//8024 8020//8020 8019//8019
f 8017//8017 8025//8025 8015//8015
f 8020//8020 8028//8028 8018//8018
f 8022//8022 8021//8021 8064//8064
f 8065//8065 8024//8024 8023//8023
f 8066//8066 8067//8067 8068//8068
f 8069//8069 8070//8070 8071//8071
f 8068//8068 8072//8072 8073//8073
f 8074//8074 8075//8075 8069//8069
f 8076//8076 8077//8077 8078//8078
f 8079//8079 8080//8080 8081//8081
f 8030//8030 8029//8029 8082//8082
f 8083//8083 8034//8034 8033//8033
f 8046//8046 8084//8084 8004//8004
f 8005//8005 8085//8085 8047//8047
f 8036//8036 8035//8035 8086//8086
f 8087//8087 8040//8040 8039//8039
f 8088//8088 8089//8089 8090//8090
f 8091//8091 8092//8092 8093//8093
f 8001//8001 8041//8041 8094//8094
f 8095//8095 8042//8042 8002//8002
f 8045//8045 8044//8044 8096//8096
f 8097//8097 8043//8043 8045//8045
f 8098//8098 8099//8099 8100//8100
f 8101//8101 8102//8102 8103//8103
f 8096//8096 8044//8044 8049//8049
f 8104//8104 8056//8056 8050//8050
f 8055//8055 8057//8057 8105//8105
f 8056//8056 8104//8104 8106//8106
f 8107//8107 8105//8105 8057//8057
f 7976//7976 8058//8058 8108//8108
f 8109//8109 8059//8059 7979//7979
f 8011//8011 8060//8060 8110//8110
f 8111//8111 8061//8061 8012//8012
f 8062//8062 8013//8013 8084//8084
f 8085//8085 8014//8014 8063//8063
f 8062//8062 8084//8084 8112//8112
f 8113//8113 8085//8085 8063//8063
f 8114//8114 8115//8115 8076//8076
f 8081//8081 8116//8116 8117//8117
f 8112//8112 8084//8084 8118//8118
f 8119//8119 8085//8085 8113//8113
f 8120//8120 8114//8114 8121//8121
f 8122//8122 8117//8117 8123//8123
f 8124//8124 8125//8125 8126//8126
f 8127//8127 8126//8126 8128//8128
f 8118//8118 8084//8084 8046//8046
f 8047//8047 8085//8085 8119//8119
f 8120//8120 8121//8121 8129//8129
f 8130//8130 8122//8122 8123//8123
f 8131//8131 8125//8125 8124//8124
f 8067//8067 8066//8066 8132//8132
f 8133//8133 8071//8071 8070//8070
f 8072//8072 8068//8068 8067//8067
f 8070//8070 8069//8069 8075//8075
f 8099//8099 8098//8098 8134//8134
f 8135//8135 8103//8103 8102//8102
f 8077//8077 8076//8076 8115//8115
f 8116//8116 8081//8081 8080//8080
f 8036//8036 8086//8086 8136//8136
f 8137//8137 8087//8087 8039//8039
f 8089//8089 8088//8088 8138//8138
f 8139//8139 8093//8093 8092//8092
f 8138//8138 8140//8140 8141//8141
f 8142//8142 8143//8143 8139//8139
f 8115//8115 8114//8114 8120//8120
f 8123//8123 8117//8117 8116//8116
f 8125//8125 8128//8128 8126//8126
f 8144//8144 8125//8125 8131//8131
f 8145//8145 8144//8144 8131//8131
f 8140//8140 8138//8138 8088//8088
f 8093//8093 8139//8139 8143//8143
f 5186//5186 5187//5187 5188//5188
f 5189//5189 5190//5190 5186//5186
f 5187//5187 5186//5186 5190//5190
f 5188//5188 5187//5187 5191//5191
f 5190//5190 5189//5189 5192//5192
f 5188//5188 5191//5191 5192//5192
f 5190//5190 5192//5192 5193//5193
f 5193//5193 5192//5192 5191//5191
f 5194//5194 5195//5195 5196//5196
f 5196//5196 5197//5197 5198//5198
f 5199//5199 5194//5194 5200//5200
f 5195//5195 5194//5194 5199//5199
f 5197//5197 5196//5196 5195//5195
f 5198//5198 5197//5197 5201//5201
f 5198//5198 5202//5202 5200//5200
f 5199//5199 5200//5200 5203//5203
f 5198//5198 5201//5201 5202//5202
f 5203//5203 5200//5200 5202//5202
f 5204//5204 5205//5205 5206//5206
f 5207//5207 5208//5208 5209//5209
f 5205//5205 5204//5204 5210//5210
f 5211//5211 5206//5206 5205//5205
f 5206//5206 5208//5208 5207//5207
f 5210//5210 5209//5209 5208//5208
f 5210//5210 5204//5204 5209//5209
f 5206//5206 5211//5211 5208//5208
f 5212//5212 5213//5213 5214//5214
f 5214//5214 5215//5215 5216//5216
f 5217//5217 5218//5218 5212//5212
f 5216//5216 5219//5219 5220//5220
f 5221//5221 5222//5222 5217//5217
f 5223//5223 5224//5224 5221//5221
f 5213//5213 5212//5212 5218//5218
f 5215//5215 5214//5214 5213//5213
f 5219//5219 5216//5216 5215//5215
f 5218//5218 5217//5217 5222//5222
f 5225//5225 5220//5220 5219//5219
f 5220//5220 5225//5225 5226//5226
f 5227//5227 5228//5228 5229//5229
f 5230//5230 5231//5231 5232//5232
f 5233//5233 5234//5234 5231//5231
f 5235//5235 5236//5236 5234//5234
f 5237//5237 5238//5238 5236//5236
f 5239//5239 5240//5240 5241//5241
f 5242//5242 5243//5243 5244//5244
f 5245//5245 5242//5242 5240//5240
f 5246//5246 5241//5241 5247//5247
f 5248//5248 5247//5247 5249//5249
f 5250//5250 5251//5251 5252//5252
f 5253//5253 5254//5254 5250//5250
f 5255//5255 5256//5256 5253//5253
f 5257//5257 5258//5258 5255//5255
f 5252//5252 5259//5259 5260//5260
f 5222//5222 5221//5221 5224//5224
f 5224//5224 5223//5223 5261//5261
f 5262//5262 5226//5226 5225//5225
f 5226//5226 5262//5262 5227//5227
f 5228//5228 5227//5227 5262//5262
f 5263//5263 5232//5232 5264//5264
f 5231//5231 5230//5230 5233//5233
f 5232//5232 5263//5263 5230//5230
f 5234//5234 5233//5233 5235//5235
f 5236//5236 5235//5235 5237//5237
f 5238//5238 5237//5237 5265//5265
f 5265//5265 5266//5266 5238//5238
f 5266//5266 5267//5267 5268//5268
f 5269//5269 5270//5270 5271//5271
f 5244//5244 5272//5272 5269//5269
f 5240//5240 5239//5239 5245//5245
f 5241//5241 5246//5246 5239//5239
f 5243//5243 5242//5242 5273//5273
f 5272//5272 5244//5244 5243//5243
f 5242//5242 5245//5245 5273//5273
f 5247//5247 5248//5248 5246//5246
f 5274//5274 5249//5249 5275//5275
f 5249//5249 5274//5274 5248//5248
f 5251//5251 5250//5250 5254//5254
f 5259//5259 5252//5252 5251//5251
f 5254//5254 5253//5253 5256//5256
f 5256//5256 5255//5255 5258//5258
f 5276//5276 5277//5277 5257//5257
f 5258//5258 5257//5257 5277//5277
f 5278//5278 5279//5279 5280//5280
f 5281//5281 5260//5260 5259//5259
f 5282//5282 5283//5283 5284//5284
f 5285//5285 5261//5261 5223//5223
f 5286//5286 5287//5287 5288//5288
f 5289//5289 5263//5263 5264//5264
f 5266//5266 5265//5265 5290//5290
f 5267//5267 5266//5266 5290//5290
f 5291//5291 5268//5268 5267//5267
f 5268//5268 5291//5291 5292//5292
f 5292//5292 5293//5293 5294//5294
f 5295//5295 5296//5296 5297//5297
f 5270//5270 5269//5269 5272//5272
f 5298//5298 5275//5275 5299//5299
f 5275//5275 5298//5298 5274//5274
f 5277//5277 5276//5276 5300//5300
f 5279//5279 5278//5278 5301//5301
f 5260//5260 5281//5281 5302//5302
f 5302//5302 5301//5301 5278//5278
f 5303//5303 5304//5304 5305//5305
f 5283//5283 5282//5282 5306//5306
f 5306//5306 5307//5307 5285//5285
f 5261//5261 5285//5285 5307//5307
f 5287//5287 5286//5286 5308//5308
f 5308//5308 5309//5309 5289//5289
f 5263//5263 5289//5289 5309//5309
f 5293//5293 5292//5292 5291//5291
f 5296//5296 5295//5295 5310//5310
f 5311//5311 5312//5312 5313//5313
f 5314//5314 5298//5298 5299//5299
f 5315//5315 5316//5316 5317//5317
f 5318//5318 5319//5319 5320//5320
f 5321//5321 5300//5300 5276//5276
f 5301//5301 5302//5302 5281//5281
f 5304//5304 5303//5303 5322//5322
f 5307//5307 5306//5306 5282//5282
f 5309//5309 5308//5308 5286//5286
f 5310//5310 5323//5323 5296//5296
f 5312//5312 5311//5311 5324//5324
f 5324//5324 5325//5325 5314//5314
f 5298//5298 5314//5314 5325//5325
f 5316//5316 5315//5315 5326//5326
f 5327//5327 5328//5328 5329//5329
f 5319//5319 5318//5318 5330//5330
f 5330//5330 5331//5331 5321//5321
f 5300//5300 5321//5321 5331//5331
f 5322//5322 5332//5332 5304//5304
f 5323//5323 5310//5310 5333//5333
f 5325//5325 5324//5324 5311//5311
f 5326//5326 5334//5334 5316//5316
f 5328//5328 5327//5327 5335//5335
f 5331//5331 5330//5330 5318//5318
f 5332//5332 5322//5322 5336//5336
f 5333//5333 5337//5337 5323//5323
f 5334//5334 5326//5326 5338//5338
f 5335//5335 5339//5339 5328//5328
f 5336//5336 5340//5340 5332//5332
f 5337//5337 5333//5333 5341//5341
f 5338//5338 5342//5342 5334//5334
f 5339//5339 5335//5335 5343//5343
f 5340//5340 5336//5336 5344//5344
f 5340//5340 5345//5345 5346//5346
f 5342//5342 5338//5338 5347//5347
f 5348//5348 5337//5337 5341//5341
f 5343//5343 5349//5349 5339//5339
f 5345//5345 5340//5340 5344//5344
f 5350//5350 5346//5346 5345//5345
f 5346//5346 5350//5350 5351//5351
f 5352//5352 5342//5342 5347//5347
f 5353//5353 5354//5354 5348//5348
f 5337//5337 5348//5348 5354//5354
f 5349//5349 5343//5343 5355//5355
f 5349//5349 5356//5356 5357//5357
f 5358//5358 5351//5351 5350//5350
f 5351//5351 5358//5358 5359//5359
f 5359//5359 5360//5360 5353//5353
f 5361//5361 5362//5362 5363//5363
f 5362//5362 5364//5364 5363//5363
f 5364//5364 5365//5365 5366//5366
f 5367//5367 5368//5368 5369//5369
f 5369//5369 5370//5370 5371//5371
f 5371//5371 5372//5372 5352//5352
f 5342//5342 5352//5352 5372//5372
f 5354//5354 5353//5353 5360//5360
f 5356//5356 5349//5349 5355//5355
f 5373//5373 5357//5357 5356//5356
f 5357//5357 5373//5373 5367//5367
f 5360//5360 5359//5359 5358//5358
f 5374//5374 5361//5361 5375//5375
f 5362//5362 5361//5361 5374//5374
f 5364//5364 5362//5362 5365//5365
f 5366//5366 5365//5365 5376//5376
f 5368//5368 5367//5367 5373//5373
f 5370//5370 5369//5369 5368//5368
f 5372//5372 5371//5371 5370//5370
f 5377//5377 5378//5378 5379//5379
f 5380//5380 5379//5379 5381//5381
f 5382//5382 5380//5380 5381//5381
f 5383//5383 5384//5384 5382//5382
f 5385//5385 5375//5375 5386//5386
f 5387//5387 5386//5386 5378//5378
f 5374//5374 5375//5375 5388//5388
f 5366//5366 5376//5376 5389//5389
f 5366//5366 5390//5390 5391//5391
f 5392//5392 5378//5378 5377//5377
f 5377//5377 5379//5379 5393//5393
f 5394//5394 5379//5379 5380//5380
f 5382//5382 5395//5395 5380//5380
f 5391//5391 5396//5396 5383//5383
f 5383//5383 5397//5397 5384//5384
f 5382//5382 5384//5384 5398//5398
f 5399//5399 5375//5375 5385//5385
f 5385//5385 5386//5386 5400//5400
f 5400//5400 5386//5386 5387//5387
f 5387//5387 5378//5378 5401//5401
f 5388//5388 5375//5375 5399//5399
f 5366//5366 5389//5389 5390//5390
f 5391//5391 5390//5390 5402//5402
f 5401//5401 5378//5378 5392//5392
f 5393//5393 5379//5379 5394//5394
f 5382//5382 5398//5398 5395//5395
f 5391//5391 5402//5402 5396//5396
f 5383//5383 5396//5396 5403//5403
f 5383//5383 5403//5403 5397//5397
f 5404//5404 5405//5405 5406//5406
f 5407//5407 5408//5408 5405//5405
f 5408//5408 5409//5409 5410//5410
f 5405//5405 5404//5404 5411//5411
f 5408//5408 5407//5407 5409//5409
f 5405//5405 5411//5411 5407//5407
f 5410//5410 5409//5409 5412//5412
f 5413//5413 5414//5414 5415//5415
f 5416//5416 5415//5415 5417//5417
f 5418//5418 5419//5419 5420//5420
f 5421//5421 5417//5417 5419//5419
f 5422//5422 5423//5423 5424//5424
f 5425//5425 5426//5426 5422//5422
f 5424//5424 5427//5427 5428//5428
f 5428//5428 5421//5421 5418//5418
f 5429//5429 5430//5430 5431//5431
f 5432//5432 5431//5431 5433//5433
f 5434//5434 5433//5433 5435//5435
f 5436//5436 5435//5435 5437//5437
f 5438//5438 5437//5437 5414//5414
f 5439//5439 5411//5411 5430//5430
f 5407//5407 5411//5411 5439//5439
f 5410//5410 5412//5412 5440//5440
f 5410//5410 5440//5440 5441//5441
f 5441//5441 5442//5442 5443//5443
f 5438//5438 5414//5414 5413//5413
f 5413//5413 5415//5415 5416//5416
f 5416//5416 5417//5417 5444//5444
f 5418//5418 5421//5421 5419//5419
f 5444//5444 5417//5417 5421//5421
f 5443//5443 5445//5445 5446//5446
f 5446//5446 5447//5447 5425//5425
f 5422//5422 5426//5426 5423//5423
f 5424//5424 5423//5423 5427//5427
f 5425//5425 5447//5447 5426//5426
f 5428//5428 5427//5427 5448//5448
f 5428//5428 5448//5448 5421//5421
f 5449//5449 5430//5430 5429//5429
f 5429//5429 5431//5431 5432//5432
f 5432//5432 5433//5433 5434//5434
f 5434//5434 5435//5435 5436//5436
f 5436//5436 5437//5437 5450//5450
f 5450//5450 5437//5437 5438//5438
f 5439//5439 5430//5430 5449//5449
f 5441//5441 5440//5440 5442//5442
f 5443//5443 5442//5442 5445//5445
f 5446//5446 5445//5445 5451//5451
f 5446//5446 5451//5451 5447//5447
f 6818//6818 6819//6819 6820//6820
f 6819//6819 6821//6821 6822//6822
f 6819//6819 6818//6818 6823//6823
f 6819//6819 6823//6823 6821//6821
f 7083//7083 7084//7084 7085//7085
f 7085//7085 7084//7084 7086//7086
f 7087//7087 7083//7083 7088//7088
f 7083//7083 7087//7087 7084//7084
f 7358//7358 7359//7359 7360//7360
f 7361//7361 7359//7359 7358//7358
f 7358//7358 7360//7360 7362//7362
f 7361//7361 7363//7363 7359//7359
f 7363//7363 7361//7361 7364//7364
f 7608//7608 7609//7609 7610//7610
f 7609//7609 7608//7608 7611//7611
f 7611//7611 7608//7608 7612//7612
f 7611//7611 7612//7612 7613//7613
f 7891//7891 7892//7892 7893//7893
f 7893//7893 7892//7892 7894//7894
f 7892//7892 7891//7891 7895//7895
f 7894//7894 7892//7892 7896//7896
f 8166//8166 8167//8167 8168//8168
f 8167//8167 8169//8169 8170//8170
f 8171//8171 8167//8167 8166//8166
f 8166//8166 8168//8168 8172//8172
f 8169//8169 8167//8167 8171//8171
f 5452//5452 5453//5453 5454//5454
f 5455//5455 5456//5456 5457//5457
f 5458//5458 5459//5459 5460//5460
f 5459//5459 5458//5458 5461//5461
f 5453//5453 5452//5452 5462//5462
f 5456//5456 5455//5455 5463//5463
f 5464//5464 5465//5465 5466//5466
f 5466//5466 5465//5465 5467//5467
f 5465//5465 5464//5464 5468//5468
f 5469//5469 5470//5470 5471//5471
f 5470//5470 5469//5469 5472//5472
f 5473//5473 5474//5474 5475//5475
f 5474//5474 5473//5473 5476//5476
f 5477//5477 5478//5478 5479//5479
f 5478//5478 5477//5477 5480//5480
f 5481//5481 5482//5482 5483//5483
f 5482//5482 5481//5481 5484//5484
f 5485//5485 5486//5486 5487//5487
f 5486//5486 5485//5485 5488//5488
f 5489//5489 5490//5490 5491//5491
f 5490//5490 5489//5489 5492//5492
f 5493//5493 5494//5494 5495//5495
f 5496//5496 5497//5497 5498//5498
f 5494//5494 5493//5493 5499//5499
f 5500//5500 5501//5501 5502//5502
f 5503//5503 5504//5504 5505//5505
f 5504//5504 5503//5503 5506//5506
f 5507//5507 5508//5508 5509//5509
f 5510//5510 5511//5511 5512//5512
f 5511//5511 5510//5510 5513//5513
f 5497//5497 5496//5496 5514//5514
f 5501//5501 5500//5500 5515//5515
f 5508//5508 5507//5507 5516//5516
f 5517//5517 5518//5518 5519//5519
f 5520//5520 5521//5521 5522//5522
f 5518//5518 5517//5517 5523//5523
f 5521//5521 5520//5520 5524//5524
f 5525//5525 5526//5526 5527//5527
f 5528//5528 5529//5529 5530//5530
f 5531//5531 5532//5532 5533//5533
f 5532//5532 5531//5531 5534//5534
f 5526//5526 5525//5525 5535//5535
f 5536//5536 5537//5537 5538//5538
f 5529//5529 5528//5528 5539//5539
f 5537//5537 5536//5536 5540//5540
f 5541//5541 5542//5542 5543//5543
f 5544//5544 5545//5545 5546//5546
f 5542//5542 5541//5541 5547//5547
f 5545//5545 5544//5544 5548//5548
f 5549//5549 5550//5550 5551//5551
f 5552//5552 5553//5553 5554//5554
f 5553//5553 5552//5552 5555//5555
f 5556//5556 5557//5557 5558//5558
f 5559//5559 5560//5560 5561//5561
f 5562//5562 5563//5563 5564//5564
f 5565//5565 5566//5566 5567//5567
f 5568//5568 5569//5569 5570//5570
f 5571//5571 5572//5572 5573//5573
f 5574//5574 5575//5575 5576//5576
f 5577//5577 5578//5578 5579//5579
f 5580//5580 5581//5581 5582//5582
f 5583//5583 5584//5584 5585//5585
f 5586//5586 5587//5587 5588//5588
f 5589//5589 5590//5590 5591//5591
f 5592//5592 5593//5593 5594//5594
f 5595//5595 5596//5596 5597//5597
f 5598//5598 5599//5599 5600//5600
f 5601//5601 5602//5602 5603//5603
f 5604//5604 5605//5605 5606//5606
f 5607//5607 5608//5608 5605//5605
f 5550//5550 5549//5549 5609//5609
f 5608//5608 5610//5610 5611//5611
f 5612//5612 5613//5613 5614//5614
f 5615//5615 5616//5616 5617//5617
f 5557//5557 5556//5556 5618//5618
f 5560//5560 5559//5559 5619//5619
f 5563//5563 5562//5562 5620//5620
f 5566//5566 5565//5565 5621//5621
f 5622//5622 5623//5623 5624//5624
f 5625//5625 5626//5626 5627//5627
f 5569//5569 5568//5568 5628//5628
f 5575//5575 5574//5574 5629//5629
f 5572//5572 5571//5571 5630//5630
f 5578//5578 5577//5577 5631//5631
f 5626//5626 5625//5625 5632//5632
f 5581//5581 5580//5580 5633//5633
f 5584//5584 5583//5583 5634//5634
f 5602//5602 5601//5601 5635//5635
f 5587//5587 5586//5586 5636//5636
f 5590//5590 5589//5589 5637//5637
f 5593//5593 5592//5592 5638//5638
f 5596//5596 5595//5595 5639//5639
f 5599//5599 5598//5598 5640//5640
f 5605//5605 5604//5604 5641//5641
f 5608//5608 5607//5607 5642//5642
f 5605//5605 5641//5641 5607//5607
f 5608//5608 5642//5642 5610//5610
f 5611//5611 5610//5610 5643//5643
f 5613//5613 5612//5612 5644//5644
f 5616//5616 5615//5615 5645//5645
f 5646//5646 5647//5647 5648//5648
f 5649//5649 5648//5648 5650//5650
f 5651//5651 5650//5650 5652//5652
f 5653//5653 5652//5652 5654//5654
f 5623//5623 5622//5622 5655//5655
f 5656//5656 5657//5657 5658//5658
f 5629//5629 5574//5574 5659//5659
f 5658//5658 5660//5660 5661//5661
f 5661//5661 5662//5662 5653//5653
f 5663//5663 5664//5664 5665//5665
f 5666//5666 5641//5641 5667//5667
f 5668//5668 5667//5667 5669//5669
f 5670//5670 5669//5669 5671//5671
f 5672//5672 5671//5671 5673//5673
f 5674//5674 5673//5673 5675//5675
f 5676//5676 5675//5675 5647//5647
f 5677//5677 5678//5678 5679//5679
f 5607//5607 5641//5641 5680//5680
f 5681//5681 5682//5682 5683//5683
f 5684//5684 5685//5685 5686//5686
f 5611//5611 5643//5643 5687//5687
f 5687//5687 5688//5688 5689//5689
f 5676//5676 5647//5647 5646//5646
f 5646//5646 5648//5648 5649//5649
f 5649//5649 5650//5650 5651//5651
f 5651//5651 5652//5652 5690//5690
f 5653//5653 5690//5690 5652//5652
f 5689//5689 5691//5691 5663//5663
f 5656//5656 5692//5692 5657//5657
f 5658//5658 5657//5657 5660//5660
f 5665//5665 5693//5693 5694//5694
f 5694//5694 5692//5692 5656//5656
f 5661//5661 5660//5660 5662//5662
f 5653//5653 5662//5662 5690//5690
f 5663//5663 5695//5695 5664//5664
f 5665//5665 5664//5664 5693//5693
f 5680//5680 5641//5641 5666//5666
f 5666//5666 5667//5667 5668//5668
f 5668//5668 5669//5669 5670//5670
f 5670//5670 5671//5671 5672//5672
f 5672//5672 5673//5673 5674//5674
f 5674//5674 5675//5675 5696//5696
f 5696//5696 5675//5675 5676//5676
f 5678//5678 5677//5677 5697//5697
f 5682//5682 5681//5681 5698//5698
f 5699//5699 5700//5700 5701//5701
f 5685//5685 5684//5684 5702//5702
f 5703//5703 5704//5704 5705//5705
f 5687//5687 5643//5643 5688//5688
f 5689//5689 5688//5688 5691//5691
f 5706//5706 5707//5707 5708//5708
f 5709//5709 5710//5710 5711//5711
f 5712//5712 5713//5713 5714//5714
f 5715//5715 5716//5716 5717//5717
f 5663//5663 5691//5691 5695//5695
f 5718//5718 5719//5719 5720//5720
f 5721//5721 5722//5722 5723//5723
f 5694//5694 5693//5693 5692//5692
f 5724//5724 5725//5725 5726//5726
f 5727//5727 5728//5728 5729//5729
f 5730//5730 5731//5731 5732//5732
f 5733//5733 5734//5734 5735//5735
f 5736//5736 5737//5737 5738//5738
f 5739//5739 5740//5740 5741//5741
f 5742//5742 5743//5743 5744//5744
f 5745//5745 5746//5746 5747//5747
f 5748//5748 5749//5749 5750//5750
f 5751//5751 5752//5752 5753//5753
f 5754//5754 5755//5755 5756//5756
f 5757//5757 5758//5758 5759//5759
f 5758//5758 5757//5757 5760//5760
f 5700//5700 5699//5699 5761//5761
f 5760//5760 5762//5762 5763//5763
f 5704//5704 5703//5703 5764//5764
f 5765//5765 5766//5766 5767//5767
f 5707//5707 5706//5706 5768//5768
f 5710//5710 5709//5709 5769//5769
f 5713//5713 5712//5712 5770//5770
f 5716//5716 5715//5715 5771//5771
f 5772//5772 5773//5773 5774//5774
f 5719//5719 5718//5718 5775//5775
f 5776//5776 5777//5777 5778//5778
f 5722//5722 5721//5721 5779//5779
f 5725//5725 5724//5724 5780//5780
f 5777//5777 5776//5776 5734//5734
f 5728//5728 5727//5727 5781//5781
f 5731//5731 5730//5730 5782//5782
f 5773//5773 5772//5772 5783//5783
f 5734//5734 5733//5733 5777//5777
f 5737//5737 5736//5736 5784//5784
f 5740//5740 5739//5739 5785//5785
f 5743//5743 5742//5742 5786//5786
f 5746//5746 5745//5745 5787//5787
f 5749//5749 5748//5748 5788//5788
f 5752//5752 5751//5751 5789//5789
f 5755//5755 5754//5754 5790//5790
f 5760//5760 5757//5757 5791//5791
f 5760//5760 5791//5791 5762//5762
f 5763//5763 5762//5762 5792//5792
f 5793//5793 5794//5794 5763//5763
f 5766//5766 5765//5765 5795//5795
f 5796//5796 5797//5797 5798//5798
f 5799//5799 5798//5798 5800//5800
f 5801//5801 5800//5800 5802//5802
f 5801//5801 5802//5802 5803//5803
f 5804//5804 5805//5805 5799//5799
f 5806//5806 5807//5807 5804//5804
f 5799//5799 5800//5800 5808//5808
f 5808//5808 5800//5800 5801//5801
f 5809//5809 5810//5810 5811//5811
f 5812//5812 5813//5813 5809//5809
f 5811//5811 5814//5814 5806//5806
f 5815//5815 5792//5792 5816//5816
f 5817//5817 5816//5816 5818//5818
f 5819//5819 5818//5818 5820//5820
f 5821//5821 5820//5820 5797//5797
f 5763//5763 5792//5792 5793//5793
f 5794//5794 5793//5793 5822//5822
f 5794//5794 5823//5823 5812//5812
f 5824//5824 5797//5797 5796//5796
f 5796//5796 5798//5798 5825//5825
f 5799//5799 5825//5825 5798//5798
f 5804//5804 5826//5826 5805//5805
f 5799//5799 5805//5805 5825//5825
f 5806//5806 5814//5814 5807//5807
f 5804//5804 5807//5807 5826//5826
f 5809//5809 5813//5813 5810//5810
f 5811//5811 5810//5810 5827//5827
f 5812//5812 5828//5828 5813//5813
f 5811//5811 5827//5827 5814//5814
f 5829//5829 5792//5792 5815//5815
f 5815//5815 5816//5816 5830//5830
f 5831//5831 5816//5816 5817//5817
f 5817//5817 5818//5818 5832//5832
f 5832//5832 5818//5818 5819//5819
f 5819//5819 5820//5820 5821//5821
f 5821//5821 5797//5797 5833//5833
f 5793//5793 5792//5792 5829//5829
f 5794//5794 5822//5822 5823//5823
f 5812//5812 5823//5823 5834//5834
f 5833//5833 5797//5797 5824//5824
f 5812//5812 5834//5834 5828//5828
f 5830//5830 5816//5816 5831//5831
f 5835//5835 5836//5836 5837//5837
f 5836//5836 5838//5838 5839//5839
f 5840//5840 5841//5841 5842//5842
f 5843//5843 5844//5844 5841//5841
f 5840//5840 5842//5842 5845//5845
f 5846//5846 5841//5841 5840//5840
f 5847//5847 5848//5848 5849//5849
f 5850//5850 5851//5851 5847//5847
f 5849//5849 5852//5852 5846//5846
f 5853//5853 5854//5854 5855//5855
f 5856//5856 5857//5857 5853//5853
f 5855//5855 5858//5858 5850//5850
f 5859//5859 5860//5860 5856//5856
f 5836//5836 5835//5835 5838//5838
f 5861//5861 5862//5862 5838//5838
f 5863//5863 5864//5864 5865//5865
f 5866//5866 5865//5865 5867//5867
f 5868//5868 5867//5867 5869//5869
f 5870//5870 5869//5869 5871//5871
f 5872//5872 5871//5871 5844//5844
f 5839//5839 5838//5838 5859//5859
f 5873//5873 5844//5844 5843//5843
f 5843//5843 5841//5841 5874//5874
f 5874//5874 5841//5841 5846//5846
f 5847//5847 5875//5875 5848//5848
f 5849//5849 5848//5848 5876//5876
f 5850//5850 5858//5858 5851//5851
f 5847//5847 5851//5851 5875//5875
f 5849//5849 5876//5876 5852//5852
f 5846//5846 5852//5852 5874//5874
f 5853//5853 5857//5857 5854//5854
f 5855//5855 5854//5854 5877//5877
f 5856//5856 5878//5878 5857//5857
f 5855//5855 5877//5877 5858//5858
f 5859//5859 5879//5879 5860//5860
f 5856//5856 5860//5860 5878//5878
f 5880//5880 5861//5861 5864//5864
f 5862//5862 5861//5861 5881//5881
f 5859//5859 5838//5838 5862//5862
f 5882//5882 5864//5864 5863//5863
f 5863//5863 5865//5865 5866//5866
f 5866//5866 5867//5867 5868//5868
f 5868//5868 5869//5869 5883//5883
f 5883//5883 5869//5869 5870//5870
f 5870//5870 5871//5871 5872//5872
f 5872//5872 5844//5844 5873//5873
f 5859//5859 5862//5862 5879//5879
f 5881//5881 5861//5861 5880//5880
f 5880//5880 5864//5864 5882//5882
f 5884//5884 5885//5885 5886//5886
f 5887//5887 5888//5888 5885//5885
f 5889//5889 5886//5886 5890//5890
f 5891//5891 5892//5892 5893//5893
f 5894//5894 5895//5895 5891//5891
f 5893//5893 5887//5887 5884//5884
f 5884//5884 5886//5886 5889//5889
f 5896//5896 5897//5897 5894//5894
f 5898//5898 5899//5899 5896//5896
f 5900//5900 5901//5901 5902//5902
f 5903//5903 5904//5904 5900//5900
f 5902//5902 5905//5905 5898//5898
f 5906//5906 5907//5907 5908//5908
f 5908//5908 5907//5907 5903//5903
f 5909//5909 5906//5906 5910//5910
f 5911//5911 5912//5912 5913//5913
f 5914//5914 5913//5913 5915//5915
f 5916//5916 5915//5915 5917//5917
f 5918//5918 5917//5917 5919//5919
f 5920//5920 5919//5919 5921//5921
f 5922//5922 5921//5921 5888//5888
f 5884//5884 5887//5887 5885//5885
f 5923//5923 5888//5888 5887//5887
f 5891//5891 5895//5895 5892//5892
f 5893//5893 5892//5892 5924//5924
f 5894//5894 5925//5925 5895//5895
f 5893//5893 5924//5924 5887//5887
f 5896//5896 5899//5899 5897//5897
f 5894//5894 5897//5897 5925//5925
f 5898//5898 5926//5926 5899//5899
f 5900//5900 5927//5927 5901//5901
f 5902//5902 5901//5901 5905//5905
f 5903//5903 5928//5928 5904//5904
f 5900//5900 5904//5904 5929//5929
f 5898//5898 5905//5905 5926//5926
f 5906//5906 5909//5909 5907//5907
f 5903//5903 5907//5907 5928//5928
f 5912//5912 5928//5928 5907//5907
f 5928//5928 5912//5912 5911//5911
f 5911//5911 5913//5913 5930//5930
f 5931//5931 5913//5913 5914//5914
f 5914//5914 5915//5915 5916//5916
f 5916//5916 5917//5917 5918//5918
f 5918//5918 5919//5919 5932//5932
f 5932//5932 5919//5919 5920//5920
f 5920//5920 5921//5921 5922//5922
f 5922//5922 5888//5888 5933//5933
f 5933//5933 5888//5888 5923//5923
f 5900//5900 5929//5929 5927//5927
f 5930//5930 5913//5913 5931//5931
f 5934//5934 5935//5935 5936//5936
f 5937//5937 5938//5938 5935//5935
f 5939//5939 5938//5938 5937//5937
f 5940//5940 5941//5941 5939//5939
f 5937//5937 5935//5935 5934//5934
f 5942//5942 5943//5943 5940//5940
f 5944//5944 5945//5945 5942//5942
f 5946//5946 5947//5947 5944//5944
f 5948//5948 5949//5949 5946//5946
f 5950//5950 5951//5951 5948//5948
f 5952//5952 5953//5953 5950//5950
f 5954//5954 5955//5955 5956//5956
f 5955//5955 5957//5957 5952//5952
f 5952//5952 5957//5957 5953//5953
f 5950//5950 5953//5953 5951//5951
f 5948//5948 5951//5951 5949//5949
f 5946//5946 5949//5949 5947//5947
f 5944//5944 5947//5947 5945//5945
f 5942//5942 5945//5945 5943//5943
f 5940//5940 5943//5943 5941//5941
f 5939//5939 5941//5941 5938//5938
f 5955//5955 5954//5954 5957//5957
f 5958//5958 5959//5959 5960//5960
f 5961//5961 5962//5962 5963//5963
f 5959//5959 5964//5964 5960//5960
f 5961//5961 5965//5965 5962//5962
f 5966//5966 5967//5967 5968//5968
f 5969//5969 5970//5970 5971//5971
f 5972//5972 5973//5973 5967//5967
f 5970//5970 5974//5974 5975//5975
f 5976//5976 5968//5968 5977//5977
f 5978//5978 5969//5969 5979//5979
f 5980//5980 5981//5981 5982//5982
f 5983//5983 5984//5984 5985//5985
f 5982//5982 5976//5976 5977//5977
f 5978//5978 5979//5979 5983//5983
f 5986//5986 5987//5987 5988//5988
f 5989//5989 5990//5990 5991//5991
f 5992//5992 5988//5988 5993//5993
f 5994//5994 5989//5989 5995//5995
f 5987//5987 5996//5996 5980//5980
f 5985//5985 5997//5997 5990//5990
f 5998//5998 5999//5999 6000//6000
f 6001//6001 6002//6002 6003//6003
f 6004//6004 6000//6000 6005//6005
f 6006//6006 6001//6001 6007//6007
f 6008//6008 5993//5993 5999//5999
f 6002//6002 5994//5994 6009//6009
f 6010//6010 6005//6005 6011//6011
f 6012//6012 6006//6006 6013//6013
f 6014//6014 6015//6015 6016//6016
f 6017//6017 6018//6018 6019//6019
f 6016//6016 6020//6020 5958//5958
f 5963//5963 6021//6021 6017//6017
f 6022//6022 6023//6023 6014//6014
f 6019//6019 6024//6024 6025//6025
f 6026//6026 6027//6027 6028//6028
f 6029//6029 6030//6030 6031//6031
f 6032//6032 6028//6028 6033//6033
f 6034//6034 6029//6029 6035//6035
f 6036//6036 6033//6033 6037//6037
f 6038//6038 6034//6034 6039//6039
f 6040//6040 6037//6037 6041//6041
f 6042//6042 6038//6038 6043//6043
f 6044//6044 6041//6041 5973//5973
f 5974//5974 6042//6042 6045//6045
f 5959//5959 5958//5958 6020//6020
f 6021//6021 5963//5963 5962//5962
f 5964//5964 5959//5959 6046//6046
f 6047//6047 5962//5962 5965//5965
f 6046//6046 6011//6011 5964//5964
f 5965//5965 6012//6012 6047//6047
f 5967//5967 5966//5966 5972//5972
f 5975//5975 5971//5971 5970//5970
f 5968//5968 5976//5976 5966//5966
f 5971//5971 5979//5979 5969//5969
f 5973//5973 5972//5972 6044//6044
f 6045//6045 5975//5975 5974//5974
f 5981//5981 5980//5980 5996//5996
f 5997//5997 5985//5985 5984//5984
f 5976//5976 5982//5982 5981//5981
f 5984//5984 5983//5983 5979//5979
f 5987//5987 5986//5986 6048//6048
f 6049//6049 5991//5991 5990//5990
f 5988//5988 5992//5992 5986//5986
f 5991//5991 5995//5995 5989//5989
f 5993//5993 6008//6008 5992//5992
f 5995//5995 6009//6009 5994//5994
f 5996//5996 5987//5987 6048//6048
f 6049//6049 5990//5990 5997//5997
f 5999//5999 5998//5998 6008//6008
f 6009//6009 6003//6003 6002//6002
f 6000//6000 6004//6004 5998//5998
f 6003//6003 6007//6007 6001//6001
f 6005//6005 6010//6010 6004//6004
f 6007//6007 6013//6013 6006//6006
f 6011//6011 6046//6046 6010//6010
f 6013//6013 6047//6047 6012//6012
f 6015//6015 6014//6014 6023//6023
f 6024//6024 6019//6019 6018//6018
f 6020//6020 6016//6016 6015//6015
f 6018//6018 6017//6017 6021//6021
f 6050//6050 6022//6022 6027//6027
f 6030//6030 6025//6025 6051//6051
f 6023//6023 6022//6022 6052//6052
f 6053//6053 6025//6025 6024//6024
f 6027//6027 6026//6026 6050//6050
f 6051//6051 6031//6031 6030//6030
f 6028//6028 6032//6032 6026//6026
f 6031//6031 6035//6035 6029//6029
f 6033//6033 6036//6036 6032//6032
f 6035//6035 6039//6039 6034//6034
f 6037//6037 6040//6040 6036//6036
f 6039//6039 6043//6043 6038//6038
f 6041//6041 6044//6044 6040//6040
f 6043//6043 6045//6045 6042//6042
f 6020//6020 6054//6054 5959//5959
f 5962//5962 6055//6055 6021//6021
f 6054//6054 6046//6046 5959//5959
f 5962//5962 6047//6047 6055//6055
f 6056//6056 5972//5972 5966//5966
f 5971//5971 5975//5975 6057//6057
f 6058//6058 5966//5966 5976//5976
f 5979//5979 5971//5971 6059//6059
f 6060//6060 6044//6044 5972//5972
f 5975//5975 6045//6045 6061//6061
f 5996//5996 6062//6062 5981//5981
f 5984//5984 6063//6063 5997//5997
f 5981//5981 6058//6058 5976//5976
f 5979//5979 6059//6059 5984//5984
f 6064//6064 6048//6048 5986//5986
f 5991//5991 6049//6049 6065//6065
f 6066//6066 5986//5986 5992//5992
f 5995//5995 5991//5991 6067//6067
f 6068//6068 5992//5992 6008//6008
f 6009//6009 5995//5995 6069//6069
f 6048//6048 6070//6070 5996//5996
f 5997//5997 6071//6071 6049//6049
f 6072//6072 6008//6008 5998//5998
f 6003//6003 6009//6009 6073//6073
f 6074//6074 5998//5998 6004//6004
f 6007//6007 6003//6003 6075//6075
f 6076//6076 6004//6004 6010//6010
f 6013//6013 6007//6007 6077//6077
f 6078//6078 6010//6010 6046//6046
f 6047//6047 6013//6013 6079//6079
f 6023//6023 6080//6080 6015//6015
f 6018//6018 6081//6081 6024//6024
f 6015//6015 6082//6082 6020//6020
f 6021//6021 6083//6083 6018//6018
f 6022//6022 6050//6050 6052//6052
f 6053//6053 6051//6051 6025//6025
f 6052//6052 6084//6084 6023//6023
f 6024//6024 6085//6085 6053//6053
f 6086//6086 6050//6050 6026//6026
f 6031//6031 6051//6051 6087//6087
f 6088//6088 6026//6026 6032//6032
f 6035//6035 6031//6031 6089//6089
f 6090//6090 6032//6032 6036//6036
f 6039//6039 6035//6035 6091//6091
f 6092//6092 6036//6036 6040//6040
f 6043//6043 6039//6039 6093//6093
f 6094//6094 6040//6040 6044//6044
f 6045//6045 6043//6043 6095//6095
f 6054//6054 6020//6020 6082//6082
f 6083//6083 6021//6021 6055//6055
f 6046//6046 6054//6054 6078//6078
f 6079//6079 6055//6055 6047//6047
f 5972//5972 6056//6056 6060//6060
f 6061//6061 6057//6057 5975//5975
f 5966//5966 6058//6058 6056//6056
f 6057//6057 6059//6059 5971//5971
f 6044//6044 6060//6060 6094//6094
f 6095//6095 6061//6061 6045//6045
f 6062//6062 5996//5996 6070//6070
f 6071//6071 5997//5997 6063//6063
f 6058//6058 5981//5981 6062//6062
f 6063//6063 5984//5984 6059//6059
f 6048//6048 6064//6064 6096//6096
f 6097//6097 6065//6065 6049//6049
f 5986//5986 6066//6066 6064//6064
f 6065//6065 6067//6067 5991//5991
f 5992//5992 6068//6068 6066//6066
f 6067//6067 6069//6069 5995//5995
f 6008//6008 6072//6072 6068//6068
f 6069//6069 6073//6073 6009//6009
f 6070//6070 6048//6048 6096//6096
f 6097//6097 6049//6049 6071//6071
f 5998//5998 6074//6074 6072//6072
f 6073//6073 6075//6075 6003//6003
f 6004//6004 6076//6076 6074//6074
f 6075//6075 6077//6077 6007//6007
f 6010//6010 6078//6078 6076//6076
f 6077//6077 6079//6079 6013//6013
f 6080//6080 6023//6023 6084//6084
f 6085//6085 6024//6024 6081//6081
f 6082//6082 6015//6015 6080//6080
f 6081//6081 6018//6018 6083//6083
f 6098//6098 6052//6052 6050//6050
f 6051//6051 6053//6053 6099//6099
f 6084//6084 6052//6052 6100//6100
f 6101//6101 6053//6053 6085//6085
f 6050//6050 6086//6086 6098//6098
f 6099//6099 6087//6087 6051//6051
f 6026//6026 6088//6088 6086//6086
f 6087//6087 6089//6089 6031//6031
f 6032//6032 6090//6090 6088//6088
f 6089//6089 6091//6091 6035//6035
f 6036//6036 6092//6092 6090//6090
f 6091//6091 6093//6093 6039//6039
f 6040//6040 6094//6094 6092//6092
f 6093//6093 6095//6095 6043//6043
f 6102//6102 6054//6054 6082//6082
f 6083//6083 6055//6055 6103//6103
f 6104//6104 6078//6078 6054//6054
f 6055//6055 6079//6079 6105//6105
f 6106//6106 6060//6060 6056//6056
f 6057//6057 6061//6061 6107//6107
f 6108//6108 6056//6056 6058//6058
f 6059//6059 6057//6057 6109//6109
f 6110//6110 6094//6094 6060//6060
f 6061//6061 6095//6095 6111//6111
f 6070//6070 6112//6112 6062//6062
f 6063//6063 6113//6113 6071//6071
f 6062//6062 6108//6108 6058//6058
f 6059//6059 6109//6109 6063//6063
f 6114//6114 6096//6096 6064//6064
f 6065//6065 6097//6097 6115//6115
f 6116//6116 6064//6064 6066//6066
f 6067//6067 6065//6065 6117//6117
f 6118//6118 6066//6066 6068//6068
f 6069//6069 6067//6067 6119//6119
f 6120//6120 6068//6068 6072//6072
f 6073//6073 6069//6069 6121//6121
f 6096//6096 6122//6122 6070//6070
f 6071//6071 6123//6123 6097//6097
f 6124//6124 6072//6072 6074//6074
f 6075//6075 6073//6073 6125//6125
f 6126//6126 6074//6074 6076//6076
f 6077//6077 6075//6075 6127//6127
f 6128//6128 6076//6076 6078//6078
f 6079//6079 6077//6077 6129//6129
f 6084//6084 6130//6130 6080//6080
f 6081//6081 6131//6131 6085//6085
f 6080//6080 6102//6102 6082//6082
f 6083//6083 6103//6103 6081//6081
f 6052//6052 6098//6098 6100//6100
f 6101//6101 6099//6099 6053//6053
f 6100//6100 6132//6132 6084//6084
f 6085//6085 6133//6133 6101//6101
f 6134//6134 6098//6098 6086//6086
f 6087//6087 6099//6099 6135//6135
f 6136//6136 6086//6086 6088//6088
f 6089//6089 6087//6087 6137//6137
f 6138//6138 6088//6088 6090//6090
f 6091//6091 6089//6089 6139//6139
f 6140//6140 6090//6090 6092//6092
f 6093//6093 6091//6091 6141//6141
f 6142//6142 6092//6092 6094//6094
f 6095//6095 6093//6093 6143//6143
f 6054//6054 6102//6102 6104//6104
f 6105//6105 6103//6103 6055//6055
f 6078//6078 6104//6104 6128//6128
f 6129//6129 6105//6105 6079//6079
f 6060//6060 6106//6106 6110//6110
f 6111//6111 6107//6107 6061//6061
f 6056//6056 6108//6108 6106//6106
f 6107//6107 6109//6109 6057//6057
f 6094//6094 6110//6110 6142//6142
f 6143//6143 6111//6111 6095//6095
f 6112//6112 6070//6070 6122//6122
f 6123//6123 6071//6071 6113//6113
f 6108//6108 6062//6062 6112//6112
f 6113//6113 6063//6063 6109//6109
f 6096//6096 6114//6114 6144//6144
f 6145//6145 6115//6115 6097//6097
f 6064//6064 6116//6116 6114//6114
f 6115//6115 6117//6117 6065//6065
f 6066//6066 6118//6118 6116//6116
f 6117//6117 6119//6119 6067//6067
f 6068//6068 6120//6120 6118//6118
f 6119//6119 6121//6121 6069//6069
f 6072//6072 6124//6124 6120//6120
f 6121//6121 6125//6125 6073//6073
f 6122//6122 6096//6096 6144//6144
f 6145//6145 6097//6097 6123//6123
f 6074//6074 6126//6126 6124//6124
f 6125//6125 6127//6127 6075//6075
f 6076//6076 6128//6128 6126//6126
f 6127//6127 6129//6129 6077//6077
f 6130//6130 6084//6084 6132//6132
f 6133//6133 6085//6085 6131//6131
f 6102//6102 6080//6080 6130//6130
f 6131//6131 6081//6081 6103//6103
f 6146//6146 6100//6100 6098//6098
f 6099//6099 6101//6101 6147//6147
f 6132//6132 6100//6100 6148//6148
f 6149//6149 6101//6101 6133//6133
f 6098//6098 6134//6134 6146//6146
f 6147//6147 6135//6135 6099//6099
f 6086//6086 6136//6136 6134//6134
f 6135//6135 6137//6137 6087//6087
f 6088//6088 6138//6138 6136//6136
f 6137//6137 6139//6139 6089//6089
f 6090//6090 6140//6140 6138//6138
f 6139//6139 6141//6141 6091//6091
f 6092//6092 6142//6142 6140//6140
f 6141//6141 6143//6143 6093//6093
f 6102//6102 6150//6150 6104//6104
f 6105//6105 6151//6151 6103//6103
f 6150//6150 6128//6128 6104//6104
f 6105//6105 6129//6129 6151//6151
f 6152//6152 6110//6110 6106//6106
f 6107//6107 6111//6111 6153//6153
f 6154//6154 6106//6106 6108//6108
f 6109//6109 6107//6107 6155//6155
f 6156//6156 6142//6142 6110//6110
f 6111//6111 6143//6143 6157//6157
f 6122//6122 6158//6158 6112//6112
f 6113//6113 6159//6159 6123//6123
f 6158//6158 6108//6108 6112//6112
f 6113//6113 6109//6109 6159//6159
f 6160//6160 6144//6144 6114//6114
f 6115//6115 6145//6145 6161//6161
f 6162//6162 6114//6114 6116//6116
f 6117//6117 6115//6115 6163//6163
f 6164//6164 6116//6116 6118//6118
f 6119//6119 6117//6117 6165//6165
f 6166//6166 6118//6118 6120//6120
f 6121//6121 6119//6119 6167//6167
f 6168//6168 6120//6120 6124//6124
f 6125//6125 6121//6121 6169//6169
f 6144//6144 6170//6170 6122//6122
f 6123//6123 6171//6171 6145//6145
f 6172//6172 6124//6124 6126//6126
f 6127//6127 6125//6125 6173//6173
f 6174//6174 6126//6126 6128//6128
f 6129//6129 6127//6127 6175//6175
f 6132//6132 6176//6176 6130//6130
f 6131//6131 6177//6177 6133//6133
f 6130//6130 6178//6178 6102//6102
f 6103//6103 6179//6179 6131//6131
f 6100//6100 6146//6146 6148//6148
f 6149//6149 6147//6147 6101//6101
f 6148//6148 6180//6180 6132//6132
f 6133//6133 6181//6181 6149//6149
f 6182//6182 6146//6146 6134//6134
f 6135//6135 6147//6147 6183//6183
f 6184//6184 6134//6134 6136//6136
f 6137//6137 6135//6135 6185//6185
f 6186//6186 6136//6136 6138//6138
f 6139//6139 6137//6137 6187//6187
f 6188//6188 6138//6138 6140//6140
f 6141//6141 6139//6139 6189//6189
f 6190//6190 6140//6140 6142//6142
f 6143//6143 6141//6141 6191//6191
f 6150//6150 6102//6102 6178//6178
f 6179//6179 6103//6103 6151//6151
f 6128//6128 6150//6150 6174//6174
f 6175//6175 6151//6151 6129//6129
f 6110//6110 6152//6152 6156//6156
f 6157//6157 6153//6153 6111//6111
f 6106//6106 6154//6154 6152//6152
f 6153//6153 6155//6155 6107//6107
f 6108//6108 6158//6158 6154//6154
f 6155//6155 6159//6159 6109//6109
f 6142//6142 6156//6156 6190//6190
f 6191//6191 6157//6157 6143//6143
f 6158//6158 6122//6122 6170//6170
f 6171//6171 6123//6123 6159//6159
f 6144//6144 6160//6160 6192//6192
f 6193//6193 6161//6161 6145//6145
f 6114//6114 6162//6162 6160//6160
f 6161//6161 6163//6163 6115//6115
f 6116//6116 6164//6164 6162//6162
f 6163//6163 6165//6165 6117//6117
f 6118//6118 6166//6166 6164//6164
f 6165//6165 6167//6167 6119//6119
f 6120//6120 6168//6168 6166//6166
f 6167//6167 6169//6169 6121//6121
f 6124//6124 6172//6172 6168//6168
f 6169//6169 6173//6173 6125//6125
f 6170//6170 6144//6144 6192//6192
f 6193//6193 6145//6145 6171//6171
f 6126//6126 6174//6174 6172//6172
f 6173//6173 6175//6175 6127//6127
f 6176//6176 6132//6132 6180//6180
f 6181//6181 6133//6133 6177//6177
f 6178//6178 6130//6130 6176//6176
f 6177//6177 6131//6131 6179//6179
f 6194//6194 6148//6148 6146//6146
f 6147//6147 6149//6149 6195//6195
f 6180//6180 6148//6148 6196//6196
f 6197//6197 6149//6149 6181//6181
f 6146//6146 6182//6182 6194//6194
f 6195//6195 6183//6183 6147//6147
f 6134//6134 6184//6184 6182//6182
f 6183//6183 6185//6185 6135//6135
f 6136//6136 6186//6186 6184//6184
f 6185//6185 6187//6187 6137//6137
f 6138//6138 6188//6188 6186//6186
f 6187//6187 6189//6189 6139//6139
f 6140//6140 6190//6190 6188//6188
f 6189//6189 6191//6191 6141//6141
f 6178//6178 6198//6198 6150//6150
f 6151//6151 6199//6199 6179//6179
f 6198//6198 6174//6174 6150//6150
f 6151//6151 6175//6175 6199//6199
f 6200//6200 6156//6156 6152//6152
f 6153//6153 6157//6157 6201//6201
f 6202//6202 6152//6152 6154//6154
f 6155//6155 6153//6153 6203//6203
f 6158//6158 6202//6202 6154//6154
f 6155//6155 6203//6203 6159//6159
f 6204//6204 6190//6190 6156//6156
f 6157//6157 6191//6191 6205//6205
f 6170//6170 6206//6206 6158//6158
f 6159//6159 6207//6207 6171//6171
f 6208//6208 6192//6192 6160//6160
f 6161//6161 6193//6193 6209//6209
f 6210//6210 6160//6160 6162//6162
f 6163//6163 6161//6161 6211//6211
f 6212//6212 6162//6162 6164//6164
f 6165//6165 6163//6163 6213//6213
f 6214//6214 6164//6164 6166//6166
f 6167//6167 6165//6165 6215//6215
f 6216//6216 6166//6166 6168//6168
f 6169//6169 6167//6167 6217//6217
f 6218//6218 6168//6168 6172//6172
f 6173//6173 6169//6169 6219//6219
f 6192//6192 6220//6220 6170//6170
f 6171//6171 6221//6221 6193//6193
f 6222//6222 6172//6172 6174//6174
f 6175//6175 6173//6173 6223//6223
f 6180//6180 6224//6224 6176//6176
f 6177//6177 6225//6225 6181//6181
f 6176//6176 6226//6226 6178//6178
f 6179//6179 6227//6227 6177//6177
f 6148//6148 6194//6194 6196//6196
f 6197//6197 6195//6195 6149//6149
f 6196//6196 6228//6228 6180//6180
f 6181//6181 6229//6229 6197//6197
f 6230//6230 6194//6194 6182//6182
f 6183//6183 6195//6195 6231//6231
f 6232//6232 6182//6182 6184//6184
f 6185//6185 6183//6183 6233//6233
f 6234//6234 6184//6184 6186//6186
f 6187//6187 6185//6185 6235//6235
f 6236//6236 6186//6186 6188//6188
f 6189//6189 6187//6187 6237//6237
f 6238//6238 6188//6188 6190//6190
f 6191//6191 6189//6189 6239//6239
f 6198//6198 6178//6178 6226//6226
f 6227//6227 6179//6179 6199//6199
f 6174//6174 6198//6198 6222//6222
f 6223//6223 6199//6199 6175//6175
f 6156//6156 6200//6200 6204//6204
f 6205//6205 6201//6201 6157//6157
f 6152//6152 6202//6202 6200//6200
f 6201//6201 6203//6203 6153//6153
f 6202//6202 6158//6158 6206//6206
f 6207//6207 6159//6159 6203//6203
f 6190//6190 6204//6204 6238//6238
f 6239//6239 6205//6205 6191//6191
f 6206//6206 6170//6170 6220//6220
f 6221//6221 6171//6171 6207//6207
f 6192//6192 6208//6208 6240//6240
f 6241//6241 6209//6209 6193//6193
f 6160//6160 6210//6210 6208//6208
f 6209//6209 6211//6211 6161//6161
f 6162//6162 6212//6212 6210//6210
f 6211//6211 6213//6213 6163//6163
f 6164//6164 6214//6214 6212//6212
f 6213//6213 6215//6215 6165//6165
f 6166//6166 6216//6216 6214//6214
f 6215//6215 6217//6217 6167//6167
f 6168//6168 6218//6218 6216//6216
f 6217//6217 6219//6219 6169//6169
f 6172//6172 6222//6222 6218//6218
f 6219//6219 6223//6223 6173//6173
f 6220//6220 6192//6192 6240//6240
f 6241//6241 6193//6193 6221//6221
f 6224//6224 6180//6180 6228//6228
f 6229//6229 6181//6181 6225//6225
f 6226//6226 6176//6176 6224//6224
f 6225//6225 6177//6177 6227//6227
f 6242//6242 6196//6196 6194//6194
f 6195//6195 6197//6197 6243//6243
f 6228//6228 6196//6196 6244//6244
f 6245//6245 6197//6197 6229//6229
f 6194//6194 6230//6230 6242//6242
f 6243//6243 6231//6231 6195//6195
f 6182//6182 6232//6232 6230//6230
f 6231//6231 6233//6233 6183//6183
f 6184//6184 6234//6234 6232//6232
f 6233//6233 6235//6235 6185//6185
f 6186//6186 6236//6236 6234//6234
f 6235//6235 6237//6237 6187//6187
f 6188//6188 6238//6238 6236//6236
f 6237//6237 6239//6239 6189//6189
f 6226//6226 6246//6246 6198//6198
f 6199//6199 6247//6247 6227//6227
f 6198//6198 6248//6248 6222//6222
f 6223//6223 6249//6249 6199//6199
f 6200//6200 6250//6250 6204//6204
f 6205//6205 6251//6251 6201//6201
f 6202//6202 6252//6252 6200//6200
f 6201//6201 6253//6253 6203//6203
f 6206//6206 6254//6254 6202//6202
f 6203//6203 6255//6255 6207//6207
f 6204//6204 6256//6256 6238//6238
f 6239//6239 6257//6257 6205//6205
f 6258//6258 6206//6206 6220//6220
f 6221//6221 6207//6207 6259//6259
f 6260//6260 6240//6240 6208//6208
f 6209//6209 6241//6241 6261//6261
f 6262//6262 6208//6208 6210//6210
f 6211//6211 6209//6209 6263//6263
f 6264//6264 6210//6210 6212//6212
f 6213//6213 6211//6211 6265//6265
f 6266//6266 6212//6212 6214//6214
f 6215//6215 6213//6213 6267//6267
f 6268//6268 6214//6214 6216//6216
f 6217//6217 6215//6215 6269//6269
f 6270//6270 6216//6216 6218//6218
f 6219//6219 6217//6217 6271//6271
f 6222//6222 6270//6270 6218//6218
f 6219//6219 6271//6271 6223//6223
f 6272//6272 6220//6220 6240//6240
f 6241//6241 6221//6221 6273//6273
f 6274//6274 6224//6224 6228//6228
f 6229//6229 6225//6225 6275//6275
f 6276//6276 6226//6226 6224//6224
f 6225//6225 6227//6227 6277//6277
f 6196//6196 6242//6242 6244//6244
f 6245//6245 6243//6243 6197//6197
f 6278//6278 6228//6228 6244//6244
f 6245//6245 6229//6229 6279//6279
f 6280//6280 6242//6242 6230//6230
f 6231//6231 6243//6243 6281//6281
f 6282//6282 6230//6230 6232//6232
f 6233//6233 6231//6231 6283//6283
f 6284//6284 6232//6232 6234//6234
f 6235//6235 6233//6233 6285//6285
f 6286//6286 6234//6234 6236//6236
f 6237//6237 6235//6235 6287//6287
f 6256//6256 6236//6236 6238//6238
f 6239//6239 6237//6237 6257//6257
f 6246//6246 6226//6226 6288//6288
f 6289//6289 6227//6227 6247//6247
f 6248//6248 6198//6198 6246//6246
f 6247//6247 6199//6199 6249//6249
f 6270//6270 6222//6222 6248//6248
f 6249//6249 6223//6223 6271//6271
f 6250//6250 6200//6200 6252//6252
f 6253//6253 6201//6201 6251//6251
f 6256//6256 6204//6204 6250//6250
f 6251//6251 6205//6205 6257//6257
f 6252//6252 6202//6202 6254//6254
f 6255//6255 6203//6203 6253//6253
f 6254//6254 6206//6206 6290//6290
f 6291//6291 6207//6207 6255//6255
f 6206//6206 6258//6258 6290//6290
f 6291//6291 6259//6259 6207//6207
f 6220//6220 6272//6272 6258//6258
f 6259//6259 6273//6273 6221//6221
f 6240//6240 6260//6260 6272//6272
f 6273//6273 6261//6261 6241//6241
f 6208//6208 6262//6262 6260//6260
f 6261//6261 6263//6263 6209//6209
f 6210//6210 6264//6264 6262//6262
f 6263//6263 6265//6265 6211//6211
f 6212//6212 6266//6266 6264//6264
f 6265//6265 6267//6267 6213//6213
f 6214//6214 6268//6268 6266//6266
f 6267//6267 6269//6269 6215//6215
f 6216//6216 6270//6270 6268//6268
f 6269//6269 6271//6271 6217//6217
f 6224//6224 6274//6274 6276//6276
f 6277//6277 6275//6275 6225//6225
f 6228//6228 6278//6278 6274//6274
f 6275//6275 6279//6279 6229//6229
f 6226//6226 6276//6276 6288//6288
f 6289//6289 6277//6277 6227//6227
f 6292//6292 6244//6244 6242//6242
f 6243//6243 6245//6245 6293//6293
f 6244//6244 6292//6292 6278//6278
f 6279//6279 6293//6293 6245//6245
f 6242//6242 6280//6280 6292//6292
f 6293//6293 6281//6281 6243//6243
f 6230//6230 6282//6282 6280//6280
f 6281//6281 6283//6283 6231//6231
f 6232//6232 6284//6284 6282//6282
f 6283//6283 6285//6285 6233//6233
f 6234//6234 6286//6286 6284//6284
f 6285//6285 6287//6287 6235//6235
f 6236//6236 6256//6256 6286//6286
f 6287//6287 6257//6257 6237//6237
f 6288//6288 6294//6294 6246//6246
f 6247//6247 6295//6295 6289//6289
f 6246//6246 6296//6296 6248//6248
f 6249//6249 6297//6297 6247//6247
f 6248//6248 6298//6298 6270//6270
f 6271//6271 6299//6299 6249//6249
f 6252//6252 6300//6300 6250//6250
f 6251//6251 6301//6301 6253//6253
f 6250//6250 6302//6302 6256//6256
f 6257//6257 6303//6303 6251//6251
f 6254//6254 6304//6304 6252//6252
f 6253//6253 6305//6305 6255//6255
f 6290//6290 6306//6306 6254//6254
f 6255//6255 6307//6307 6291//6291
f 6308//6308 6290//6290 6258//6258
f 6259//6259 6291//6291 6309//6309
f 6310//6310 6258//6258 6272//6272
f 6273//6273 6259//6259 6311//6311
f 6312//6312 6272//6272 6260//6260
f 6261//6261 6273//6273 6313//6313
f 6314//6314 6260//6260 6262//6262
f 6263//6263 6261//6261 6315//6315
f 6316//6316 6262//6262 6264//6264
f 6265//6265 6263//6263 6317//6317
f 6318//6318 6264//6264 6266//6266
f 6267//6267 6265//6265 6319//6319
f 6320//6320 6266//6266 6268//6268
f 6269//6269 6267//6267 6321//6321
f 6298//6298 6268//6268 6270//6270
f 6271//6271 6269//6269 6299//6299
f 6322//6322 6276//6276 6274//6274
f 6275//6275 6277//6277 6323//6323
f 6324//6324 6274//6274 6278//6278
f 6279//6279 6275//6275 6325//6325
f 6326//6326 6288//6288 6276//6276
f 6277//6277 6289//6289 6327//6327
f 6328//6328 6278//6278 6292//6292
f 6293//6293 6279//6279 6329//6329
f 6330//6330 6292//6292 6280//6280
f 6281//6281 6293//6293 6331//6331
f 6332//6332 6280//6280 6282//6282
f 6283//6283 6281//6281 6333//6333
f 6334//6334 6282//6282 6284//6284
f 6285//6285 6283//6283 6335//6335
f 6336//6336 6284//6284 6286//6286
f 6287//6287 6285//6285 6337//6337
f 6302//6302 6286//6286 6256//6256
f 6257//6257 6287//6287 6303//6303
f 6294//6294 6288//6288 6338//6338
f 6339//6339 6289//6289 6295//6295
f 6296//6296 6246//6246 6294//6294
f 6295//6295 6247//6247 6297//6297
f 6298//6298 6248//6248 6296//6296
f 6297//6297 6249//6249 6299//6299
f 6300//6300 6252//6252 6304//6304
f 6305//6305 6253//6253 6301//6301
f 6302//6302 6250//6250 6300//6300
f 6301//6301 6251//6251 6303//6303
f 6304//6304 6254//6254 6306//6306
f 6307//6307 6255//6255 6305//6305
f 6306//6306 6290//6290 6340//6340
f 6341//6341 6291//6291 6307//6307
f 6290//6290 6308//6308 6340//6340
f 6341//6341 6309//6309 6291//6291
f 6258//6258 6310//6310 6308//6308
f 6309//6309 6311//6311 6259//6259
f 6272//6272 6312//6312 6310//6310
f 6311//6311 6313//6313 6273//6273
f 6260//6260 6314//6314 6312//6312
f 6313//6313 6315//6315 6261//6261
f 6262//6262 6316//6316 6314//6314
f 6315//6315 6317//6317 6263//6263
f 6264//6264 6318//6318 6316//6316
f 6317//6317 6319//6319 6265//6265
f 6266//6266 6320//6320 6318//6318
f 6319//6319 6321//6321 6267//6267
f 6268//6268 6298//6298 6320//6320
f 6321//6321 6299//6299 6269//6269
f 6276//6276 6322//6322 6326//6326
f 6327//6327 6323//6323 6277//6277
f 6274//6274 6324//6324 6322//6322
f 6323//6323 6325//6325 6275//6275
f 6278//6278 6328//6328 6324//6324
f 6325//6325 6329//6329 6279//6279
f 6288//6288 6326//6326 6338//6338
f 6339//6339 6327//6327 6289//6289
f 6292//6292 6330//6330 6328//6328
f 6329//6329 6331//6331 6293//6293
f 6280//6280 6332//6332 6330//6330
f 6331//6331 6333//6333 6281//6281
f 6282//6282 6334//6334 6332//6332
f 6333//6333 6335//6335 6283//6283
f 6284//6284 6336//6336 6334//6334
f 6335//6335 6337//6337 6285//6285
f 6286//6286 6302//6302 6336//6336
f 6337//6337 6303//6303 6287//6287
f 6342//6342 6294//6294 6338//6338
f 6339//6339 6295//6295 6343//6343
f 6294//6294 6344//6344 6296//6296
f 6297//6297 6345//6345 6295//6295
f 6296//6296 6346//6346 6298//6298
f 6299//6299 6347//6347 6297//6297
f 6304//6304 6348//6348 6300//6300
f 6301//6301 6349//6349 6305//6305
f 6300//6300 6350//6350 6302//6302
f 6303//6303 6351//6351 6301//6301
f 6306//6306 6352//6352 6304//6304
f 6305//6305 6353//6353 6307//6307
f 6354//6354 6306//6306 6340//6340
f 6341//6341 6307//6307 6355//6355
f 6356//6356 6340//6340 6308//6308
f 6309//6309 6341//6341 6357//6357
f 6358//6358 6308//6308 6310//6310
f 6311//6311 6309//6309 6359//6359
f 6360//6360 6310//6310 6312//6312
f 6313//6313 6311//6311 6361//6361
f 6362//6362 6312//6312 6314//6314
f 6315//6315 6313//6313 6363//6363
f 6364//6364 6314//6314 6316//6316
f 6317//6317 6315//6315 6365//6365
f 6366//6366 6316//6316 6318//6318
f 6319//6319 6317//6317 6367//6367
f 6368//6368 6318//6318 6320//6320
f 6321//6321 6319//6319 6369//6369
f 6346//6346 6320//6320 6298//6298
f 6299//6299 6321//6321 6347//6347
f 6370//6370 6326//6326 6322//6322
f 6323//6323 6327//6327 6371//6371
f 6372//6372 6322//6322 6324//6324
f 6325//6325 6323//6323 6373//6373
f 6374//6374 6324//6324 6328//6328
f 6329//6329 6325//6325 6375//6375
f 6376//6376 6338//6338 6326//6326
f 6327//6327 6339//6339 6377//6377
f 6378//6378 6328//6328 6330//6330
f 6331//6331 6329//6329 6379//6379
f 6380//6380 6330//6330 6332//6332
f 6333//6333 6331//6331 6381//6381
f 6382//6382 6332//6332 6334//6334
f 6335//6335 6333//6333 6383//6383
f 6384//6384 6334//6334 6336//6336
f 6337//6337 6335//6335 6385//6385
f 6350//6350 6336//6336 6302//6302
f 6303//6303 6337//6337 6351//6351
f 6294//6294 6342//6342 6386//6386
f 6387//6387 6343//6343 6295//6295
f 6338//6338 6376//6376 6342//6342
f 6343//6343 6377//6377 6339//6339
f 6344//6344 6294//6294 6386//6386
f 6387//6387 6295//6295 6345//6345
f 6346//6346 6296//6296 6344//6344
f 6345//6345 6297//6297 6347//6347
f 6348//6348 6304//6304 6352//6352
f 6353//6353 6305//6305 6349//6349
f 6350//6350 6300//6300 6348//6348
f 6349//6349 6301//6301 6351//6351
f 6352//6352 6306//6306 6388//6388
f 6389//6389 6307//6307 6353//6353
f 6306//6306 6354//6354 6388//6388
f 6389//6389 6355//6355 6307//6307
f 6340//6340 6356//6356 6354//6354
f 6355//6355 6357//6357 6341//6341
f 6308//6308 6358//6358 6356//6356
f 6357//6357 6359//6359 6309//6309
f 6310//6310 6360//6360 6358//6358
f 6359//6359 6361//6361 6311//6311
f 6312//6312 6362//6362 6360//6360
f 6361//6361 6363//6363 6313//6313
f 6314//6314 6364//6364 6362//6362
f 6363//6363 6365//6365 6315//6315
f 6316//6316 6366//6366 6364//6364
f 6365//6365 6367//6367 6317//6317
f 6318//6318 6368//6368 6366//6366
f 6367//6367 6369//6369 6319//6319
f 6320//6320 6346//6346 6368//6368
f 6369//6369 6347//6347 6321//6321
f 6326//6326 6370//6370 6376//6376
f 6377//6377 6371//6371 6327//6327
f 6322//6322 6372//6372 6370//6370
f 6371//6371 6373//6373 6323//6323
f 6324//6324 6374//6374 6372//6372
f 6373//6373 6375//6375 6325//6325
f 6328//6328 6378//6378 6374//6374
f 6375//6375 6379//6379 6329//6329
f 6330//6330 6380//6380 6378//6378
f 6379//6379 6381//6381 6331//6331
f 6332//6332 6382//6382 6380//6380
f 6381//6381 6383//6383 6333//6333
f 6334//6334 6384//6384 6382//6382
f 6383//6383 6385//6385 6335//6335
f 6336//6336 6350//6350 6384//6384
f 6385//6385 6351//6351 6337//6337
f 6342//6342 6390//6390 6386//6386
f 6387//6387 6391//6391 6343//6343
f 6392//6392 6342//6342 6376//6376
f 6377//6377 6343//6343 6393//6393
f 6386//6386 6394//6394 6344//6344
f 6345//6345 6395//6395 6387//6387
f 6344//6344 6396//6396 6346//6346
f 6347//6347 6397//6397 6345//6345
f 6352//6352 6398//6398 6348//6348
f 6349//6349 6399//6399 6353//6353
f 6348//6348 6400//6400 6350//6350
f 6351//6351 6401//6401 6349//6349
f 6388//6388 6402//6402 6352//6352
f 6353//6353 6403//6403 6389//6389
f 6354//6354 6404//6404 6388//6388
f 6389//6389 6405//6405 6355//6355
f 6406//6406 6354//6354 6356//6356
f 6357//6357 6355//6355 6407//6407
f 6408//6408 6356//6356 6358//6358
f 6359//6359 6357//6357 6409//6409
f 6410//6410 6358//6358 6360//6360
f 6361//6361 6359//6359 6411//6411
f 6412//6412 6360//6360 6362//6362
f 6363//6363 6361//6361 6413//6413
f 6414//6414 6362//6362 6364//6364
f 6365//6365 6363//6363 6415//6415
f 6416//6416 6364//6364 6366//6366
f 6367//6367 6365//6365 6417//6417
f 6418//6418 6366//6366 6368//6368
f 6369//6369 6367//6367 6419//6419
f 6396//6396 6368//6368 6346//6346
f 6347//6347 6369//6369 6397//6397
f 6420//6420 6376//6376 6370//6370
f 6371//6371 6377//6377 6421//6421
f 6422//6422 6370//6370 6372//6372
f 6373//6373 6371//6371 6423//6423
f 6424//6424 6372//6372 6374//6374
f 6375//6375 6373//6373 6425//6425
f 6426//6426 6374//6374 6378//6378
f 6379//6379 6375//6375 6427//6427
f 6428//6428 6378//6378 6380//6380
f 6381//6381 6379//6379 6429//6429
f 6430//6430 6380//6380 6382//6382
f 6383//6383 6381//6381 6431//6431
f 6432//6432 6382//6382 6384//6384
f 6385//6385 6383//6383 6433//6433
f 6400//6400 6384//6384 6350//6350
f 6351//6351 6385//6385 6401//6401
f 6390//6390 6342//6342 6434//6434
f 6435//6435 6343//6343 6391//6391
f 6394//6394 6386//6386 6390//6390
f 6391//6391 6387//6387 6395//6395
f 6342//6342 6392//6392 6434//6434
f 6435//6435 6393//6393 6343//6343
f 6376//6376 6420//6420 6392//6392
f 6393//6393 6421//6421 6377//6377
f 6396//6396 6344//6344 6394//6394
f 6395//6395 6345//6345 6397//6397
f 6398//6398 6352//6352 6402//6402
f 6403//6403 6353//6353 6399//6399
f 6400//6400 6348//6348 6398//6398
f 6399//6399 6349//6349 6401//6401
f 6402//6402 6388//6388 6404//6404
f 6405//6405 6389//6389 6403//6403
f 6404//6404 6354//6354 6436//6436
f 6437//6437 6355//6355 6405//6405
f 6354//6354 6406//6406 6436//6436
f 6437//6437 6407//6407 6355//6355
f 6356//6356 6408//6408 6406//6406
f 6407//6407 6409//6409 6357//6357
f 6358//6358 6410//6410 6408//6408
f 6409//6409 6411//6411 6359//6359
f 6360//6360 6412//6412 6410//6410
f 6411//6411 6413//6413 6361//6361
f 6362//6362 6414//6414 6412//6412
f 6413//6413 6415//6415 6363//6363
f 6364//6364 6416//6416 6414//6414
f 6415//6415 6417//6417 6365//6365
f 6366//6366 6418//6418 6416//6416
f 6417//6417 6419//6419 6367//6367
f 6368//6368 6396//6396 6418//6418
f 6419//6419 6397//6397 6369//6369
f 6370//6370 6422//6422 6420//6420
f 6421//6421 6423//6423 6371//6371
f 6372//6372 6424//6424 6422//6422
f 6423//6423 6425//6425 6373//6373
f 6374//6374 6426//6426 6424//6424
f 6425//6425 6427//6427 6375//6375
f 6378//6378 6428//6428 6426//6426
f 6427//6427 6429//6429 6379//6379
f 6380//6380 6430//6430 6428//6428
f 6429//6429 6431//6431 6381//6381
f 6382//6382 6432//6432 6430//6430
f 6431//6431 6433//6433 6383//6383
f 6384//6384 6400//6400 6432//6432
f 6433//6433 6401//6401 6385//6385
f 6434//6434 6438//6438 6390//6390
f 6391//6391 6439//6439 6435//6435
f 6390//6390 6440//6440 6394//6394
f 6395//6395 6441//6441 6391//6391
f 6442//6442 6434//6434 6392//6392
f 6393//6393 6435//6435 6443//6443
f 6444//6444 6392//6392 6420//6420
f 6421//6421 6393//6393 6445//6445
f 6394//6394 6446//6446 6396//6396
f 6397//6397 6447//6447 6395//6395
f 6402//6402 6448//6448 6398//6398
f 6399//6399 6449//6449 6403//6403
f 6398//6398 6450//6450 6400//6400
f 6401//6401 6451//6451 6399//6399
f 6404//6404 6452//6452 6402//6402
f 6403//6403 6453//6453 6405//6405
f 6436//6436 6454//6454 6404//6404
f 6405//6405 6455//6455 6437//6437
f 6456//6456 6436//6436 6406//6406
f 6407//6407 6437//6437 6457//6457
f 6458//6458 6406//6406 6408//6408
f 6409//6409 6407//6407 6459//6459
f 6460//6460 6408//6408 6410//6410
f 6411//6411 6409//6409 6461//6461
f 6462//6462 6410//6410 6412//6412
f 6413//6413 6411//6411 6463//6463
f 6464//6464 6412//6412 6414//6414
f 6415//6415 6413//6413 6465//6465
f 6466//6466 6414//6414 6416//6416
f 6417//6417 6415//6415 6467//6467
f 6468//6468 6416//6416 6418//6418
f 6419//6419 6417//6417 6469//6469
f 6446//6446 6418//6418 6396//6396
f 6397//6397 6419//6419 6447//6447
f 6470//6470 6420//6420 6422//6422
f 6423//6423 6421//6421 6471//6471
f 6472//6472 6422//6422 6424//6424
f 6425//6425 6423//6423 6473//6473
f 6474//6474 6424//6424 6426//6426
f 6427//6427 6425//6425 6475//6475
f 6476//6476 6426//6426 6428//6428
f 6429//6429 6427//6427 6477//6477
f 6478//6478 6428//6428 6430//6430
f 6431//6431 6429//6429 6479//6479
f 6480//6480 6430//6430 6432//6432
f 6433//6433 6431//6431 6481//6481
f 6450//6450 6432//6432 6400//6400
f 6401//6401 6433//6433 6451//6451
f 6438//6438 6434//6434 6482//6482
f 6483//6483 6435//6435 6439//6439
f 6440//6440 6390//6390 6438//6438
f 6439//6439 6391//6391 6441//6441
f 6446//6446 6394//6394 6440//6440
f 6441//6441 6395//6395 6447//6447
f 6434//6434 6442//6442 6482//6482
f 6483//6483 6443//6443 6435//6435
f 6392//6392 6444//6444 6442//6442
f 6443//6443 6445//6445 6393//6393
f 6420//6420 6470//6470 6444//6444
f 6445//6445 6471//6471 6421//6421
f 6448//6448 6402//6402 6452//6452
f 6453//6453 6403//6403 6449//6449
f 6450//6450 6398//6398 6448//6448
f 6449//6449 6399//6399 6451//6451
f 6452//6452 6404//6404 6454//6454
f 6455//6455 6405//6405 6453//6453
f 6454//6454 6436//6436 6484//6484
f 6485//6485 6437//6437 6455//6455
f 6436//6436 6456//6456 6484//6484
f 6485//6485 6457//6457 6437//6437
f 6406//6406 6458//6458 6456//6456
f 6457//6457 6459//6459 6407//6407
f 6408//6408 6460//6460 6458//6458
f 6459//6459 6461//6461 6409//6409
f 6410//6410 6462//6462 6460//6460
f 6461//6461 6463//6463 6411//6411
f 6412//6412 6464//6464 6462//6462
f 6463//6463 6465//6465 6413//6413
f 6414//6414 6466//6466 6464//6464
f 6465//6465 6467//6467 6415//6415
f 6416//6416 6468//6468 6466//6466
f 6467//6467 6469//6469 6417//6417
f 6418//6418 6446//6446 6468//6468
f 6469//6469 6447//6447 6419//6419
f 6422//6422 6472//6472 6470//6470
f 6471//6471 6473//6473 6423//6423
f 6424//6424 6474//6474 6472//6472
f 6473//6473 6475//6475 6425//6425
f 6426//6426 6476//6476 6474//6474
f 6475//6475 6477//6477 6427//6427
f 6428//6428 6478//6478 6476//6476
f 6477//6477 6479//6479 6429//6429
f 6430//6430 6480//6480 6478//6478
f 6479//6479 6481//6481 6431//6431
f 6432//6432 6450//6450 6480//6480
f 6481//6481 6451//6451 6433//6433
f 6482//6482 6486//6486 6438//6438
f 6439//6439 6487//6487 6483//6483
f 6438//6438 6488//6488 6440//6440
f 6441//6441 6489//6489 6439//6439
f 6440//6440 6490//6490 6446//6446
f 6447//6447 6491//6491 6441//6441
f 6492//6492 6482//6482 6442//6442
f 6443//6443 6483//6483 6493//6493
f 6494//6494 6442//6442 6444//6444
f 6445//6445 6443//6443 6495//6495
f 6496//6496 6444//6444 6470//6470
f 6471//6471 6445//6445 6497//6497
f 6452//6452 6498//6498 6448//6448
f 6449//6449 6499//6499 6453//6453
f 6448//6448 6500//6500 6450//6450
f 6451//6451 6501//6501 6449//6449
f 6454//6454 6502//6502 6452//6452
f 6453//6453 6503//6503 6455//6455
f 6484//6484 6504//6504 6454//6454
f 6455//6455 6505//6505 6485//6485
f 6506//6506 6484//6484 6456//6456
f 6457//6457 6485//6485 6507//6507
f 6508//6508 6456//6456 6458//6458
f 6459//6459 6457//6457 6509//6509
f 6510//6510 6458//6458 6460//6460
f 6461//6461 6459//6459 6511//6511
f 6512//6512 6460//6460 6462//6462
f 6463//6463 6461//6461 6513//6513
f 6514//6514 6462//6462 6464//6464
f 6465//6465 6463//6463 6515//6515
f 6516//6516 6464//6464 6466//6466
f 6467//6467 6465//6465 6517//6517
f 6518//6518 6466//6466 6468//6468
f 6469//6469 6467//6467 6519//6519
f 6490//6490 6468//6468 6446//6446
f 6447//6447 6469//6469 6491//6491
f 6520//6520 6470//6470 6472//6472
f 6473//6473 6471//6471 6521//6521
f 6522//6522 6472//6472 6474//6474
f 6475//6475 6473//6473 6523//6523
f 6524//6524 6474//6474 6476//6476
f 6477//6477 6475//6475 6525//6525
f 6526//6526 6476//6476 6478//6478
f 6479//6479 6477//6477 6527//6527
f 6528//6528 6478//6478 6480//6480
f 6481//6481 6479//6479 6529//6529
f 6500//6500 6480//6480 6450//6450
f 6451//6451 6481//6481 6501//6501
f 6486//6486 6482//6482 6530//6530
f 6531//6531 6483//6483 6487//6487
f 6488//6488 6438//6438 6486//6486
f 6487//6487 6439//6439 6489//6489
f 6490//6490 6440//6440 6488//6488
f 6489//6489 6441//6441 6491//6491
f 6482//6482 6492//6492 6530//6530
f 6531//6531 6493//6493 6483//6483
f 6442//6442 6494//6494 6492//6492
f 6493//6493 6495//6495 6443//6443
f 6444//6444 6496//6496 6494//6494
f 6495//6495 6497//6497 6445//6445
f 6470//6470 6520//6520 6496//6496
f 6497//6497 6521//6521 6471//6471
f 6498//6498 6452//6452 6502//6502
f 6503//6503 6453//6453 6499//6499
f 6500//6500 6448//6448 6498//6498
f 6499//6499 6449//6449 6501//6501
f 6502//6502 6454//6454 6504//6504
f 6505//6505 6455//6455 6503//6503
f 6504//6504 6484//6484 6532//6532
f 6533//6533 6485//6485 6505//6505
f 6484//6484 6506//6506 6532//6532
f 6533//6533 6507//6507 6485//6485
f 6456//6456 6508//6508 6506//6506
f 6507//6507 6509//6509 6457//6457
f 6458//6458 6510//6510 6508//6508
f 6509//6509 6511//6511 6459//6459
f 6460//6460 6512//6512 6510//6510
f 6511//6511 6513//6513 6461//6461
f 6462//6462 6514//6514 6512//6512
f 6513//6513 6515//6515 6463//6463
f 6464//6464 6516//6516 6514//6514
f 6515//6515 6517//6517 6465//6465
f 6466//6466 6518//6518 6516//6516
f 6517//6517 6519//6519 6467//6467
f 6468//6468 6490//6490 6518//6518
f 6519//6519 6491//6491 6469//6469
f 6472//6472 6522//6522 6520//6520
f 6521//6521 6523//6523 6473//6473
f 6474//6474 6524//6524 6522//6522
f 6523//6523 6525//6525 6475//6475
f 6476//6476 6526//6526 6524//6524
f 6525//6525 6527//6527 6477//6477
f 6478//6478 6528//6528 6526//6526
f 6527//6527 6529//6529 6479//6479
f 6480//6480 6500//6500 6528//6528
f 6529//6529 6501//6501 6481//6481
f 6492//6492 6486//6486 6530//6530
f 6531//6531 6487//6487 6493//6493
f 6486//6486 6494//6494 6488//6488
f 6489//6489 6495//6495 6487//6487
f 6488//6488 6494//6494 6490//6490
f 6491//6491 6495//6495 6489//6489
f 6486//6486 6492//6492 6494//6494
f 6495//6495 6493//6493 6487//6487
f 6490//6490 6494//6494 6496//6496
f 6497//6497 6495//6495 6491//6491
f 6490//6490 6496//6496 6520//6520
f 6521//6521 6497//6497 6491//6491
f 6506//6506 6498//6498 6502//6502
f 6503//6503 6499//6499 6507//6507
f 6506//6506 6500//6500 6498//6498
f 6499//6499 6501//6501 6507//6507
f 6532//6532 6502//6502 6504//6504
f 6505//6505 6503//6503 6533//6533
f 6506//6506 6502//6502 6532//6532
f 6533//6533 6503//6503 6507//6507
f 6508//6508 6500//6500 6506//6506
f 6507//6507 6501//6501 6509//6509
f 6510//6510 6500//6500 6508//6508
f 6509//6509 6501//6501 6511//6511
f 6512//6512 6528//6528 6510//6510
f 6511//6511 6529//6529 6513//6513
f 6514//6514 6526//6526 6512//6512
f 6513//6513 6527//6527 6515//6515
f 6516//6516 6524//6524 6514//6514
f 6515//6515 6525//6525 6517//6517
f 6518//6518 6520//6520 6516//6516
f 6517//6517 6521//6521 6519//6519
f 6490//6490 6520//6520 6518//6518
f 6519//6519 6521//6521 6491//6491
f 6516//6516 6520//6520 6522//6522
f 6523//6523 6521//6521 6517//6517
f 6516//6516 6522//6522 6524//6524
f 6525//6525 6523//6523 6517//6517
f 6514//6514 6524//6524 6526//6526
f 6527//6527 6525//6525 6515//6515
f 6512//6512 6526//6526 6528//6528
f 6529//6529 6527//6527 6513//6513
f 6510//6510 6528//6528 6500//6500
f 6501//6501 6529//6529 6511//6511
f 6534//6534 6535//6535 6536//6536
f 6537//6537 6538//6538 6539//6539
f 6537//6537 6539//6539 6540//6540
f 6541//6541 6540//6540 6542//6542
f 6543//6543 6542//6542 6544//6544
f 6545//6545 6546//6546 6547//6547
f 6548//6548 6549//6549 6550//6550
f 6549//6549 6551//6551 6545//6545
f 6552//6552 6553//6553 6554//6554
f 6555//6555 6556//6556 6557//6557
f 6536//6536 6558//6558 6555//6555
f 6535//6535 6534//6534 6559//6559
f 6558//6558 6536//6536 6535//6535
f 6538//6538 6537//6537 6560//6560
f 6540//6540 6541//6541 6537//6537
f 6542//6542 6543//6543 6541//6541
f 6546//6546 6545//6545 6551//6551
f 6549//6549 6548//6548 6561//6561
f 6550//6550 6562//6562 6548//6548
f 6562//6562 6550//6550 6563//6563
f 6551//6551 6549//6549 6561//6561
f 6564//6564 6563//6563 6565//6565
f 6553//6553 6552//6552 6566//6566
f 6556//6556 6555//6555 6558//6558
f 6563//6563 6564//6564 6562//6562
f 6567//6567 6568//6568 6569//6569
f 6570//6570 6571//6571 6568//6568
f 6571//6571 6572//6572 6573//6573
f 6574//6574 6575//6575 6576//6576
f 6577//6577 6578//6578 6575//6575
f 6579//6579 6576//6576 6580//6580
f 6581//6581 6582//6582 6583//6583
f 6584//6584 6583//6583 6585//6585
f 6586//6586 6585//6585 6587//6587
f 6588//6588 6589//6589 6590//6590
f 6591//6591 6590//6590 6592//6592
f 6593//6593 6592//6592 6594//6594
f 6568//6568 6567//6567 6570//6570
f 6571//6571 6570//6570 6595//6595
f 6572//6572 6571//6571 6595//6595
f 6578//6578 6577//6577 6596//6596
f 6575//6575 6574//6574 6577//6577
f 6576//6576 6579//6579 6574//6574
f 6582//6582 6581//6581 6597//6597
f 6583//6583 6584//6584 6581//6581
f 6585//6585 6586//6586 6584//6584
f 6589//6589 6588//6588 6598//6598
f 6590//6590 6591//6591 6588//6588
f 6592//6592 6593//6593 6591//6591
f 6824//6824 6825//6825 6826//6826
f 6827//6827 6828//6828 6829//6829
f 6825//6825 6824//6824 6830//6830
f 6831//6831 6829//6829 6828//6828
f 6832//6832 6824//6824 6833//6833
f 6834//6834 6829//6829 6835//6835
f 6832//6832 6833//6833 6836//6836
f 6837//6837 6834//6834 6835//6835
f 6830//6830 6824//6824 6838//6838
f 6839//6839 6829//6829 6831//6831
f 6840//6840 6824//6824 6832//6832
f 6835//6835 6829//6829 6841//6841
f 6838//6838 6824//6824 6840//6840
f 6841//6841 6829//6829 6839//6839
f 7089//7089 7090//7090 7091//7091
f 7092//7092 7093//7093 7094//7094
f 7095//7095 7091//7091 7096//7096
f 7097//7097 7092//7092 7098//7098
f 7090//7090 7099//7099 7100//7100
f 7101//7101 7102//7102 7093//7093
f 7103//7103 7090//7090 7089//7089
f 7094//7094 7093//7093 7104//7104
f 7089//7089 7091//7091 7095//7095
f 7098//7098 7092//7092 7094//7094
f 7099//7099 7090//7090 7105//7105
f 7106//7106 7093//7093 7102//7102
f 7107//7107 7090//7090 7103//7103
f 7104//7104 7093//7093 7108//7108
f 7105//7105 7090//7090 7107//7107
f 7108//7108 7093//7093 7106//7106
f 7365//7365 7366//7366 7367//7367
f 7368//7368 7369//7369 7370//7370
f 7367//7367 7366//7366 7371//7371
f 7372//7372 7369//7369 7368//7368
f 7366//7366 7373//7373 7374//7374
f 7375//7375 7376//7376 7369//7369
f 7377//7377 7378//7378 7379//7379
f 7380//7380 7381//7381 7382//7382
f 7371//7371 7366//7366 7378//7378
f 7381//7381 7369//7369 7372//7372
f 7371//7371 7378//7378 7383//7383
f 7384//7384 7381//7381 7372//7372
f 7383//7383 7378//7378 7377//7377
f 7382//7382 7381//7381 7384//7384
f 7373//7373 7366//7366 7365//7365
f 7370//7370 7369//7369 7376//7376
f 7614//7614 7615//7615 7616//7616
f 7617//7617 7618//7618 7619//7619
f 7615//7615 7614//7614 7620//7620
f 7621//7621 7619//7619 7618//7618
f 7615//7615 7620//7620 7622//7622
f 7623//7623 7621//7621 7618//7618
f 7624//7624 7622//7622 7625//7625
f 7626//7626 7623//7623 7627//7627
f 7624//7624 7625//7625 7628//7628
f 7629//7629 7626//7626 7627//7627
f 7615//7615 7622//7622 7624//7624
f 7627//7627 7623//7623 7618//7618
f 7871//7871 7872//7872 7873//7873
f 7874//7874 7875//7875 7876//7876
f 7877//7877 7873//7873 7878//7878
f 7879//7879 7874//7874 7880//7880
f 7881//7881 7878//7878 7882//7882
f 7883//7883 7879//7879 7884//7884
f 7881//7881 7882//7882 7885//7885
f 7886//7886 7883//7883 7884//7884
f 7872//7872 7871//7871 7887//7887
f 7888//7888 7876//7876 7875//7875
f 7871//7871 7873//7873 7877//7877
f 7880//7880 7874//7874 7876//7876
f 7877//7877 7878//7878 7889//7889
f 7890//7890 7879//7879 7880//7880
f 7889//7889 7878//7878 7881//7881
f 7884//7884 7879//7879 7890//7890
f 8146//8146 8147//8147 8148//8148
f 8149//8149 8150//8150 8151//8151
f 8148//8148 8152//8152 8153//8153
f 8154//8154 8155//8155 8149//8149
f 8156//8156 8146//8146 8157//8157
f 8158//8158 8151//8151 8159//8159
f 8146//8146 8156//8156 8147//8147
f 8150//8150 8159//8159 8151//8151
f 8148//8148 8147//8147 8160//8160
f 8161//8161 8150//8150 8149//8149
f 8148//8148 8160//8160 8152//8152
f 8155//8155 8161//8161 8149//8149
f 8153//8153 8152//8152 8162//8162
f 8163//8163 8155//8155 8154//8154
f 8153//8153 8162//8162 8164//8164
f 8165//8165 8163//8163 8154//8154
f 6842//6842 6843//6843 6844//6844
f 6843//6843 6842//6842 6845//6845
f 6846//6846 6842//6842 6847//6847
f 6846//6846 6847//6847 6848//6848
f 6845//6845 6842//6842 6846//6846
f 7109//7109 7110//7110 7111//7111
f 7112//7112 7111//7111 7113//7113
f 7110//7110 7114//7114 7115//7115
f 7116//7116 7110//7110 7109//7109
f 7109//7109 7111//7111 7112//7112
f 7114//7114 7110//7110 7116//7116
f 7385//7385 7386//7386 7387//7387
f 7386//7386 7385//7385 7388//7388
f 7389//7389 7390//7390 7391//7391
f 7388//7388 7385//7385 7390//7390
f 7388//7388 7390//7390 7392//7392
f 7392//7392 7390//7390 7389//7389
f 7630//7630 7631//7631 7632//7632
f 7631//7631 7630//7630 7633//7633
f 7631//7631 7633//7633 7634//7634
f 7635//7635 7634//7634 7636//7636
f 7631//7631 7634//7634 7635//7635
f 7897//7897 7898//7898 7899//7899
f 7898//7898 7897//7897 7900//7900
f 7897//7897 7899//7899 7901//7901
f 7902//7902 7901//7901 7903//7903
f 7902//7902 7903//7903 7904//7904
f 7897//7897 7901//7901 7902//7902
f 8173//8173 8174//8174 8175//8175
f 8176//8176 8173//8173 8177//8177
f 8175//8175 8174//8174 8178//8178
f 8173//8173 8176//8176 8174//8174
f 8178//8178 8174//8174 8179//8179
f 8178//8178 8179//8179 8180//8180
