# Created by Open3D 
# object name: 8adc0ce79962ac2021072d05c97a5e0a
# number of vertices: 5232
# number of triangles: 7480
v -0.369436 -0.294477 -0.209303
vn 0.000868052 0 -0.000496473
v -0.343251 -0.31963 -0.197166
vn 0.000966971 0 -0.000254887
v -0.34991 -0.3244 -0.198327
vn 0.000966971 0 -0.000254887
v -0.362777 -0.289707 -0.208143
vn 0.000868052 0 -0.000496473
v -0.34991 -0.3244 -0.198327
vn -0.000966971 -0 0.000254887
v -0.343251 -0.31963 -0.197166
vn -0.000966971 -0 0.000254887
v -0.369436 -0.294477 -0.209303
vn -0.000868052 -0 0.000496473
v -0.362777 -0.289707 -0.208143
vn -0.000868052 -0 0.000496473
v -0.327115 -0.346955 -0.177417
vn 0.000999992 0 4.068e-06
v -0.327115 -0.346955 -0.177417
vn -0.000999992 0 -4.068e-06
v -0.366755 -0.294775 -0.223464
vn 0 0.001 0
v -0.369436 -0.294477 -0.209303
vn 0 0.001 0
v -0.34991 -0.3244 -0.198327
vn 0 0.001 0
v -0.34991 -0.3244 -0.198327
vn -0 -0.001 0
v -0.369436 -0.294477 -0.209303
vn -0 -0.001 0
v -0.366755 -0.294775 -0.223464
vn -0 -0.001 0
v -0.391021 -0.263997 -0.210758
vn 0.000709978 0 -0.000704224
v -0.391021 -0.263997 -0.210758
vn -0.000709978 -0 0.000704224
v -0.362777 -0.289707 -0.208143
vn 0 0.001 0
v -0.315468 -0.369821 -0.15024
vn 0 0.001 0
v -0.343251 -0.31963 -0.197166
vn 0 0.001 0
v -0.343251 -0.31963 -0.197166
vn -0 -0.001 0
v -0.315468 -0.369821 -0.15024
vn -0 -0.001 0
v -0.362777 -0.289707 -0.208143
vn -0 -0.001 0
v -0.333774 -0.351725 -0.178577
vn 0.000999992 0 4.068e-06
v -0.333774 -0.351725 -0.178577
vn -0.000999992 0 -4.068e-06
v -0.327115 -0.346955 -0.177417
vn 0 0.001 0
v -0.327115 -0.346955 -0.177417
vn -0 -0.001 0
v -0.390535 -0.261235 -0.224899
vn 0 0.001 0
v -0.390535 -0.261235 -0.224899
vn -0 -0.001 0
v -0.345217 -0.327736 -0.211542
vn 0 0.001 0
v -0.345217 -0.327736 -0.211542
vn -0 -0.001 0
v -0.384362 -0.259226 -0.209597
vn 0.000709978 0 -0.000704224
v -0.384362 -0.259226 -0.209597
vn -0.000709978 -0 0.000704224
v -0.391021 -0.263997 -0.210758
vn 0 0.001 0
v -0.391021 -0.263997 -0.210758
vn -0 -0.001 0
v -0.309105 -0.386669 -0.117487
vn 0 0.001 0
v -0.309105 -0.386669 -0.117487
vn -0 -0.001 0
v -0.315468 -0.369821 -0.15024
vn 0.000964865 0 0.000262747
v -0.315468 -0.369821 -0.15024
vn -0.000964865 0 -0.000262747
v -0.333774 -0.351725 -0.178577
vn 0 0.001 0
v -0.333774 -0.351725 -0.178577
vn -0 -0.001 0
v -0.366755 -0.294775 -0.223464
vn -0.000113039 0.000991445 6.5263e-05
v -0.38997 -0.260425 -0.228238
vn -9.2296e-05 0.000991445 9.2296e-05
v -0.390535 -0.261235 -0.224899
vn -9.2296e-05 0.000991445 9.2296e-05
v -0.390535 -0.261235 -0.224899
vn 9.2296e-05 -0.000991445 -9.2296e-05
v -0.38997 -0.260425 -0.228238
vn 9.2296e-05 -0.000991445 -9.2296e-05
v -0.366755 -0.294775 -0.223464
vn 0.000113039 -0.000991445 -6.5263e-05
v -0.345217 -0.327736 -0.211542
vn -0.000126079 0.000991445 3.3783e-05
v -0.365669 -0.294699 -0.22677
vn -0.000113039 0.000991445 6.5263e-05
v -0.365669 -0.294699 -0.22677
vn 0.000113039 -0.000991445 -6.5263e-05
v -0.345217 -0.327736 -0.211542
vn 0.000126079 -0.000991445 -3.3783e-05
v -0.406536 -0.230265 -0.201432
vn 0.000503519 0 -0.000863984
v -0.406536 -0.230265 -0.201432
vn -0.000503519 -0 0.000863984
v -0.384362 -0.259226 -0.209597
vn 0 0.001 0
v -0.384362 -0.259226 -0.209597
vn -0 -0.001 0
v -0.414937 -0.229403 -0.21575
vn 0 0.001 0
v -0.414937 -0.229403 -0.21575
vn -0 -0.001 0
v -0.309105 -0.386669 -0.117487
vn 0.000863984 0 0.000503519
v -0.322127 -0.374592 -0.151401
vn 0.000964865 0 0.000262747
v -0.322127 -0.374592 -0.151401
vn -0.000964865 0 -0.000262747
v -0.309105 -0.386669 -0.117487
vn -0.000863984 0 -0.000503519
v -0.314485 -0.38313 -0.160146
vn 0 0.001 0
v -0.314485 -0.38313 -0.160146
vn -0 -0.001 0
v -0.414906 -0.227896 -0.218888
vn -6.5263e-05 0.000991445 0.000113039
v -0.414906 -0.227896 -0.218888
vn 6.5263e-05 -0.000991445 -0.000113039
v -0.343659 -0.328382 -0.214587
vn -0.000126079 0.000991445 3.3783e-05
v -0.343659 -0.328382 -0.214587
vn 0.000126079 -0.000991445 -3.3783e-05
v -0.413194 -0.235036 -0.202592
vn 0.000503519 0 -0.000863984
v -0.413194 -0.235036 -0.202592
vn -0.000503519 -0 0.000863984
v -0.406536 -0.230265 -0.201432
vn 0 0.001 0
v -0.308458 -0.396352 -0.0813914
vn 0 0.001 0
v -0.308458 -0.396352 -0.0813914
vn -0 -0.001 0
v -0.406536 -0.230265 -0.201432
vn -0 -0.001 0
v -0.413194 -0.235036 -0.202592
vn 0 0.001 0
v -0.413194 -0.235036 -0.202592
vn -0 -0.001 0
v -0.414937 -0.229403 -0.21575
vn -6.5263e-05 0.000991445 0.000113039
v -0.414937 -0.229403 -0.21575
vn 6.5263e-05 -0.000991445 -0.000113039
v -0.315763 -0.39144 -0.118647
vn 0.000863984 0 0.000503519
v -0.315763 -0.39144 -0.118647
vn -0.000863984 0 -0.000503519
v -0.322127 -0.374592 -0.151401
vn 0 0.001 0
v -0.322127 -0.374592 -0.151401
vn -0 -0.001 0
v -0.327389 -0.357872 -0.189944
vn 0 0.001 0
v -0.327389 -0.357872 -0.189944
vn -0 -0.001 0
v -0.365669 -0.294699 -0.22677
vn -0.000278375 0.00094693 0.00016072
v -0.389423 -0.259838 -0.229786
vn -0.000227292 0.00094693 0.000227292
v -0.38997 -0.260425 -0.228238
vn -0.000227292 0.00094693 0.000227292
v -0.38997 -0.260425 -0.228238
vn 0.000227292 -0.00094693 -0.000227292
v -0.389423 -0.259838 -0.229786
vn 0.000227292 -0.00094693 -0.000227292
v -0.365669 -0.294699 -0.22677
vn 0.000278375 -0.00094693 -0.00016072
v -0.414615 -0.226976 -0.220341
vn -0.00016072 0.00094693 0.000278375
v -0.414906 -0.227896 -0.218888
vn -0.00016072 0.00094693 0.000278375
v -0.414906 -0.227896 -0.218888
vn 0.00016072 -0.00094693 -0.000278375
v -0.414615 -0.226976 -0.220341
vn 0.00016072 -0.00094693 -0.000278375
v -0.327389 -0.357872 -0.189944
vn -0.000130526 0.000991445 0
v -0.327389 -0.357872 -0.189944
vn 0.000130526 -0.000991445 0
v -0.343659 -0.328382 -0.214587
vn -0.000310487 0.00094693 8.3195e-05
v -0.364873 -0.294464 -0.228305
vn -0.000278375 0.00094693 0.00016072
v -0.364873 -0.294464 -0.228305
vn 0.000278375 -0.00094693 -0.00016072
v -0.343659 -0.328382 -0.214587
vn 0.000310487 -0.00094693 -8.3195e-05
v -0.427786 -0.204797 -0.184201
vn 0.000262747 0 -0.000964865
v -0.427786 -0.204797 -0.184201
vn -0.000262747 -0 0.000964865
v -0.313572 -0.398209 -0.0444114
vn 0 0.001 0
v -0.313572 -0.398209 -0.0444114
vn -0 -0.001 0
v -0.308458 -0.396352 -0.0813914
vn 0.000704224 0 0.000709978
v -0.308458 -0.396352 -0.0813914
vn -0.000704224 0 -0.000709978
v -0.438297 -0.201447 -0.196639
vn 0 0.001 0
v -0.438297 -0.201447 -0.196639
vn -0 -0.001 0
v -0.438779 -0.199327 -0.199358
vn -3.3783e-05 0.000991445 0.000126079
v -0.438779 -0.199327 -0.199358
vn 3.3783e-05 -0.000991445 -0.000126079
v -0.315763 -0.39144 -0.118647
vn 0 0.001 0
v -0.307386 -0.401788 -0.124174
vn 0 0.001 0
v -0.307386 -0.401788 -0.124174
vn -0 -0.001 0
v -0.315763 -0.39144 -0.118647
vn -0 -0.001 0
v -0.312254 -0.38499 -0.162065
vn -0.000126079 0.000991445 -3.3783e-05
v -0.314485 -0.38313 -0.160146
vn -0.000126079 0.000991445 -3.3783e-05
v -0.314485 -0.38313 -0.160146
vn 0.000126079 -0.000991445 3.3783e-05
v -0.312254 -0.38499 -0.162065
vn 0.000126079 -0.000991445 3.3783e-05
v -0.438732 -0.198115 -0.200611
vn -8.3195e-05 0.00094693 0.000310487
v -0.438732 -0.198115 -0.200611
vn 8.3195e-05 -0.00094693 -0.000310487
v -0.32544 -0.359178 -0.192517
vn -0.000130526 0.000991445 0
v -0.32544 -0.359178 -0.192517
vn 0.000130526 -0.000991445 0
v -0.342637 -0.328493 -0.215996
vn -0.000310487 0.00094693 8.3195e-05
v -0.342637 -0.328493 -0.215996
vn 0.000310487 -0.00094693 -8.3195e-05
v -0.434445 -0.209567 -0.185362
vn 0.000262747 0 -0.000964865
v -0.434445 -0.209567 -0.185362
vn -0.000262747 -0 0.000964865
v -0.427786 -0.204797 -0.184201
vn 0 0.001 0
v -0.427786 -0.204797 -0.184201
vn -0 -0.001 0
v -0.32023 -0.40298 -0.0455718
vn 0.000496473 0 0.000868052
v -0.313572 -0.398209 -0.0444114
vn 0.000496473 0 0.000868052
v -0.313572 -0.398209 -0.0444114
vn -0.000496473 0 -0.000868052
v -0.32023 -0.40298 -0.0455718
vn -0.000496473 0 -0.000868052
v -0.315116 -0.401122 -0.0825518
vn 0.000704224 0 0.000709978
v -0.315116 -0.401122 -0.0825518
vn -0.000704224 0 -0.000709978
v -0.434445 -0.209567 -0.185362
vn 0 0.001 0
v -0.434445 -0.209567 -0.185362
vn -0 -0.001 0
v -0.438297 -0.201447 -0.196639
vn -3.3783e-05 0.000991445 0.000126079
v -0.438297 -0.201447 -0.196639
vn 3.3783e-05 -0.000991445 -0.000126079
v -0.438779 -0.199327 -0.199358
vn -8.3195e-05 0.00094693 0.000310487
v -0.438779 -0.199327 -0.199358
vn 8.3195e-05 -0.00094693 -0.000310487
v -0.306575 -0.412575 -0.0844813
vn 0 0.001 0
v -0.306575 -0.412575 -0.0844813
vn -0 -0.001 0
v -0.305 -0.404056 -0.125305
vn -0.000113039 0.000991445 -6.5263e-05
v -0.307386 -0.401788 -0.124174
vn -0.000113039 0.000991445 -6.5263e-05
v -0.307386 -0.401788 -0.124174
vn 0.000113039 -0.000991445 6.5263e-05
v -0.305 -0.404056 -0.125305
vn 0.000113039 -0.000991445 6.5263e-05
v -0.364873 -0.294464 -0.228305
vn -0.000383033 0.000896873 0.000221144
v -0.388711 -0.259145 -0.23122
vn -0.000312745 0.000896873 0.000312745
v -0.389423 -0.259838 -0.229786
vn -0.000312745 0.000896873 0.000312745
v -0.389423 -0.259838 -0.229786
vn 0.000312745 -0.000896873 -0.000312745
v -0.388711 -0.259145 -0.23122
vn 0.000312745 -0.000896873 -0.000312745
v -0.364873 -0.294464 -0.228305
vn 0.000383033 -0.000896873 -0.000221144
v -0.414145 -0.225966 -0.221684
vn -0.000221144 0.000896873 0.000383033
v -0.414615 -0.226976 -0.220341
vn -0.000221144 0.000896873 0.000383033
v -0.414615 -0.226976 -0.220341
vn 0.000221144 -0.000896873 -0.000383033
v -0.414145 -0.225966 -0.221684
vn 0.000221144 -0.000896873 -0.000383033
v -0.438495 -0.196826 -0.201764
vn -0.000114473 0.000896873 0.000427218
v -0.438732 -0.198115 -0.200611
vn -0.000114473 0.000896873 0.000427218
v -0.438732 -0.198115 -0.200611
vn 0.000114473 -0.000896873 -0.000427218
v -0.438495 -0.196826 -0.201764
vn 0.000114473 -0.000896873 -0.000427218
v -0.32544 -0.359178 -0.192517
vn -0.000321439 0.00094693 0
v -0.32544 -0.359178 -0.192517
vn 0.000321439 -0.00094693 0
v -0.342637 -0.328493 -0.215996
vn -0.000427218 0.000896873 0.000114473
v -0.363925 -0.294104 -0.229724
vn -0.000383033 0.000896873 0.000221144
v -0.363925 -0.294104 -0.229724
vn 0.000383033 -0.000896873 -0.000221144
v -0.342637 -0.328493 -0.215996
vn 0.000427218 -0.000896873 -0.000114473
v -0.446666 -0.184556 -0.159082
vn 4.068e-06 0 -0.000999992
v -0.446666 -0.184556 -0.159082
vn -4.068e-06 -0 0.000999992
v -0.324098 -0.392114 -0.00906801
vn 0 0.001 0
v -0.324098 -0.392114 -0.00906801
vn -0 -0.001 0
v -0.330757 -0.396884 -0.0102284
vn 0.000254887 0 0.000966971
v -0.330757 -0.396884 -0.0102284
vn -0.000254887 0 -0.000966971
v -0.315116 -0.401122 -0.0825518
vn 0 0.001 0
v -0.315116 -0.401122 -0.0825518
vn -0 -0.001 0
v -0.453324 -0.189327 -0.160242
vn 0 0.001 0
v -0.453324 -0.189327 -0.160242
vn -0 -0.001 0
v -0.459959 -0.176667 -0.17098
vn 0 0.000991445 0.000130526
v -0.459959 -0.176667 -0.17098
vn 0 -0.000991445 -0.000130526
v -0.46013 -0.175222 -0.171942
vn 0 0.00094693 0.000321439
v -0.46013 -0.175222 -0.171942
vn 0 -0.00094693 -0.000321439
v -0.304171 -0.415079 -0.0847447
vn -9.2296e-05 0.000991445 -9.2296e-05
v -0.306575 -0.412575 -0.0844813
vn -9.2296e-05 0.000991445 -9.2296e-05
v -0.306575 -0.412575 -0.0844813
vn 9.2296e-05 -0.000991445 9.2296e-05
v -0.304171 -0.415079 -0.0847447
vn 9.2296e-05 -0.000991445 9.2296e-05
v -0.31091 -0.385681 -0.162936
vn -0.000310487 0.00094693 -8.3195e-05
v -0.312254 -0.38499 -0.162065
vn -0.000310487 0.00094693 -8.3195e-05
v -0.312254 -0.38499 -0.162065
vn 0.000310487 -0.00094693 8.3195e-05
v -0.31091 -0.385681 -0.162936
vn 0.000310487 -0.00094693 8.3195e-05
v -0.303581 -0.404943 -0.125799
vn -0.000278375 0.00094693 -0.00016072
v -0.305 -0.404056 -0.125305
vn -0.000278375 0.00094693 -0.00016072
v -0.305 -0.404056 -0.125305
vn 0.000278375 -0.00094693 0.00016072
v -0.303581 -0.404943 -0.125799
vn 0.000278375 -0.00094693 0.00016072
v -0.460098 -0.173715 -0.172819
vn 0 0.000896873 0.000442289
v -0.460098 -0.173715 -0.172819
vn 0 -0.000896873 -0.000442289
v -0.324232 -0.359605 -0.193699
vn -0.000321439 0.00094693 0
v -0.324232 -0.359605 -0.193699
vn 0.000321439 -0.00094693 0
v -0.341475 -0.328459 -0.217297
vn -0.000427218 0.000896873 0.000114473
v -0.341475 -0.328459 -0.217297
vn 0.000427218 -0.000896873 -0.000114473
v -0.453324 -0.189327 -0.160242
vn 4.068e-06 0 -0.000999992
v -0.453324 -0.189327 -0.160242
vn -4.068e-06 -0 0.000999992
v -0.446666 -0.184556 -0.159082
vn 0 0.001 0
v -0.446666 -0.184556 -0.159082
vn -0 -0.001 0
v -0.324098 -0.392114 -0.00906801
vn 0.000254887 0 0.000966971
v -0.324098 -0.392114 -0.00906801
vn -0.000254887 0 -0.000966971
v -0.32023 -0.40298 -0.0455718
vn 0 0.001 0
v -0.312107 -0.414755 -0.043774
vn 0 0.001 0
v -0.312107 -0.414755 -0.043774
vn -0 -0.001 0
v -0.32023 -0.40298 -0.0455718
vn -0 -0.001 0
v -0.330757 -0.396884 -0.0102284
vn 0 0.001 0
v -0.323605 -0.40818 -0.00482532
vn 0 0.001 0
v -0.323605 -0.40818 -0.00482532
vn -0 -0.001 0
v -0.330757 -0.396884 -0.0102284
vn -0 -0.001 0
v -0.459025 -0.179272 -0.16887
vn 0 0.001 0
v -0.459025 -0.179272 -0.16887
vn -0 -0.001 0
v -0.459025 -0.179272 -0.16887
vn 0 0.000991445 0.000130526
v -0.459025 -0.179272 -0.16887
vn 0 -0.000991445 -0.000130526
v -0.459959 -0.176667 -0.17098
vn 0 0.00094693 0.000321439
v -0.459959 -0.176667 -0.17098
vn 0 -0.00094693 -0.000321439
v -0.46013 -0.175222 -0.171942
vn 0 0.000896873 0.000442289
v -0.46013 -0.175222 -0.171942
vn 0 -0.000896873 -0.000442289
v -0.309824 -0.417307 -0.0431454
vn -6.5263e-05 0.000991445 -0.000113039
v -0.309824 -0.417307 -0.0431454
vn 6.5263e-05 -0.000991445 0.000113039
v -0.302744 -0.416079 -0.0848215
vn -0.000227292 0.00094693 -0.000227292
v -0.304171 -0.415079 -0.0847447
vn -0.000227292 0.00094693 -0.000227292
v -0.304171 -0.415079 -0.0847447
vn 0.000227292 -0.00094693 0.000227292
v -0.302744 -0.416079 -0.0848215
vn 0.000227292 -0.00094693 0.000227292
v -0.363925 -0.294104 -0.229724
vn -0.000481138 0.00083147 0.000277785
v -0.387847 -0.258356 -0.232513
vn -0.000392847 0.00083147 0.000392847
v -0.388711 -0.259145 -0.23122
vn -0.000392847 0.00083147 0.000392847
v -0.388711 -0.259145 -0.23122
vn 0.000392847 -0.00083147 -0.000392847
v -0.387847 -0.258356 -0.232513
vn 0.000392847 -0.00083147 -0.000392847
v -0.363925 -0.294104 -0.229724
vn 0.000481138 -0.00083147 -0.000277785
v -0.413506 -0.224883 -0.222893
vn -0.000277785 0.00083147 0.000481138
v -0.414145 -0.225966 -0.221684
vn -0.000277785 0.00083147 0.000481138
v -0.414145 -0.225966 -0.221684
vn 0.000277785 -0.00083147 -0.000481138
v -0.413506 -0.224883 -0.222893
vn 0.000277785 -0.00083147 -0.000481138
v -0.43807 -0.195488 -0.202798
vn -0.000143792 0.00083147 0.00053664
v -0.438495 -0.196826 -0.201764
vn -0.000143792 0.00083147 0.00053664
v -0.438495 -0.196826 -0.201764
vn 0.000143792 -0.00083147 -0.00053664
v -0.43807 -0.195488 -0.202798
vn 0.000143792 -0.00083147 -0.00053664
v -0.459865 -0.17217 -0.173598
vn 0 0.00083147 0.00055557
v -0.460098 -0.173715 -0.172819
vn 0 0.00083147 0.00055557
v -0.460098 -0.173715 -0.172819
vn 0 -0.00083147 -0.00055557
v -0.459865 -0.17217 -0.173598
vn 0 -0.00083147 -0.00055557
v -0.324232 -0.359605 -0.193699
vn -0.000442289 0.000896873 0
v -0.324232 -0.359605 -0.193699
vn 0.000442289 -0.000896873 0
v -0.341475 -0.328459 -0.217297
vn -0.00053664 0.00083147 0.000143792
v -0.362842 -0.293623 -0.231005
vn -0.000481138 0.00083147 0.000277785
v -0.362842 -0.293623 -0.231005
vn 0.000481138 -0.00083147 -0.000277785
v -0.341475 -0.328459 -0.217297
vn 0.00053664 -0.00083147 -0.000143792
v -0.461887 -0.170925 -0.127783
vn -0.000254887 0 -0.000966971
v -0.461887 -0.170925 -0.127783
vn 0.000254887 0 0.000966971
v -0.33932 -0.378482 0.0222296
vn 0 0.001 0
v -0.33932 -0.378482 0.0222296
vn -0 -0.001 0
v -0.345978 -0.383252 0.0210692
vn -4.068e-06 -0 0.000999992
v -0.345978 -0.383252 0.0210692
vn 4.068e-06 0 -0.000999992
v -0.340286 -0.393299 0.0297112
vn 0 0.001 0
v -0.340286 -0.393299 0.0297112
vn -0 -0.001 0
v -0.312107 -0.414755 -0.043774
vn -6.5263e-05 0.000991445 -0.000113039
v -0.312107 -0.414755 -0.043774
vn 6.5263e-05 -0.000991445 0.000113039
v -0.468546 -0.175695 -0.128943
vn 0 0.001 0
v -0.468546 -0.175695 -0.128943
vn -0 -0.001 0
v -0.475706 -0.164391 -0.134333
vn 3.3783e-05 0.000991445 0.000126079
v -0.475706 -0.164391 -0.134333
vn -3.3783e-05 -0.000991445 -0.000126079
v -0.477006 -0.161459 -0.135688
vn 8.3195e-05 0.00094693 0.000310487
v -0.477006 -0.161459 -0.135688
vn -8.3195e-05 -0.00094693 -0.000310487
v -0.477351 -0.159859 -0.136288
vn 0.000114473 0.000896873 0.000427218
v -0.477351 -0.159859 -0.136288
vn -0.000114473 -0.000896873 -0.000427218
v -0.308455 -0.41833 -0.0427967
vn -0.00016072 0.00094693 -0.000278375
v -0.309824 -0.417307 -0.0431454
vn -0.00016072 0.00094693 -0.000278375
v -0.309824 -0.417307 -0.0431454
vn 0.00016072 -0.00094693 0.000278375
v -0.308455 -0.41833 -0.0427967
vn 0.00016072 -0.00094693 0.000278375
v -0.309443 -0.386197 -0.163726
vn -0.000427218 0.000896873 -0.000114473
v -0.31091 -0.385681 -0.162936
vn -0.000427218 0.000896873 -0.000114473
v -0.31091 -0.385681 -0.162936
vn 0.000427218 -0.000896873 0.000114473
v -0.309443 -0.386197 -0.163726
vn 0.000427218 -0.000896873 0.000114473
v -0.302044 -0.405644 -0.126233
vn -0.000383033 0.000896873 -0.000221144
v -0.303581 -0.404943 -0.125799
vn -0.000383033 0.000896873 -0.000221144
v -0.303581 -0.404943 -0.125799
vn 0.000383033 -0.000896873 0.000221144
v -0.302044 -0.405644 -0.126233
vn 0.000383033 -0.000896873 0.000221144
v -0.301198 -0.416887 -0.0848619
vn -0.000312745 0.000896873 -0.000312745
v -0.302744 -0.416079 -0.0848215
vn -0.000312745 0.000896873 -0.000312745
v -0.302744 -0.416079 -0.0848215
vn 0.000312745 -0.000896873 0.000312745
v -0.301198 -0.416887 -0.0848619
vn 0.000312745 -0.000896873 0.000312745
v -0.477485 -0.158203 -0.136823
vn 0.000143792 0.00083147 0.00053664
v -0.477485 -0.158203 -0.136823
vn -0.000143792 -0.00083147 -0.00053664
v -0.322893 -0.359871 -0.194786
vn -0.000442289 0.000896873 0
v -0.322893 -0.359871 -0.194786
vn 0.000442289 -0.000896873 0
v -0.340194 -0.328282 -0.218468
vn -0.00053664 0.00083147 0.000143792
v -0.340194 -0.328282 -0.218468
vn 0.00053664 -0.00083147 -0.000143792
v -0.468546 -0.175695 -0.128943
vn -0.000254887 0 -0.000966971
v -0.468546 -0.175695 -0.128943
vn 0.000254887 0 0.000966971
v -0.461887 -0.170925 -0.127783
vn 0 0.001 0
v -0.461887 -0.170925 -0.127783
vn -0 -0.001 0
v -0.33932 -0.378482 0.0222296
vn -4.068e-06 -0 0.000999992
v -0.33932 -0.378482 0.0222296
vn 4.068e-06 0 -0.000999992
v -0.345978 -0.383252 0.0210692
vn 0 0.001 0
v -0.345978 -0.383252 0.0210692
vn -0 -0.001 0
v -0.321574 -0.410588 -0.00334312
vn -3.3783e-05 0.000991445 -0.000126079
v -0.323605 -0.40818 -0.00482532
vn -3.3783e-05 0.000991445 -0.000126079
v -0.323605 -0.40818 -0.00482532
vn 3.3783e-05 -0.000991445 0.000126079
v -0.321574 -0.410588 -0.00334312
vn 3.3783e-05 -0.000991445 0.000126079
v -0.340286 -0.393299 0.0297112
vn 0 0.000991445 -0.000130526
v -0.340286 -0.393299 0.0297112
vn 0 -0.000991445 0.000130526
v -0.475706 -0.164391 -0.134333
vn 0 0.001 0
v -0.475706 -0.164391 -0.134333
vn -0 -0.001 0
v -0.477006 -0.161459 -0.135688
vn 3.3783e-05 0.000991445 0.000126079
v -0.477006 -0.161459 -0.135688
vn -3.3783e-05 -0.000991445 -0.000126079
v -0.477351 -0.159859 -0.136288
vn 8.3195e-05 0.00094693 0.000310487
v -0.477351 -0.159859 -0.136288
vn -8.3195e-05 -0.00094693 -0.000310487
v -0.477485 -0.158203 -0.136823
vn 0.000114473 0.000896873 0.000427218
v -0.477485 -0.158203 -0.136823
vn -0.000114473 -0.000896873 -0.000427218
v -0.320325 -0.411543 -0.00258576
vn -8.3195e-05 0.00094693 -0.000310487
v -0.320325 -0.411543 -0.00258576
vn 8.3195e-05 -0.00094693 0.000310487
v -0.306964 -0.41916 -0.0424319
vn -0.000221144 0.000896873 -0.000383033
v -0.308455 -0.41833 -0.0427967
vn -0.000221144 0.000896873 -0.000383033
v -0.308455 -0.41833 -0.0427967
vn 0.000221144 -0.000896873 0.000383033
v -0.306964 -0.41916 -0.0424319
vn 0.000221144 -0.000896873 0.000383033
v -0.362842 -0.293623 -0.231005
vn -0.00057101 0.00075184 0.000329673
v -0.386846 -0.257484 -0.233645
vn -0.000466228 0.00075184 0.000466228
v -0.387847 -0.258356 -0.232513
vn -0.000466228 0.00075184 0.000466228
v -0.387847 -0.258356 -0.232513
vn 0.000466228 -0.00075184 -0.000466228
v -0.386846 -0.257484 -0.233645
vn 0.000466228 -0.00075184 -0.000466228
v -0.362842 -0.293623 -0.231005
vn 0.00057101 -0.00075184 -0.000329673
v -0.412708 -0.223747 -0.223949
vn -0.000329673 0.00075184 0.00057101
v -0.413506 -0.224883 -0.222893
vn -0.000329673 0.00075184 0.00057101
v -0.413506 -0.224883 -0.222893
vn 0.000329673 -0.00075184 -0.00057101
v -0.412708 -0.223747 -0.223949
vn 0.000329673 -0.00075184 -0.00057101
v -0.437466 -0.194118 -0.203694
vn -0.000170651 0.00075184 0.000636879
v -0.43807 -0.195488 -0.202798
vn -0.000170651 0.00075184 0.000636879
v -0.43807 -0.195488 -0.202798
vn 0.000170651 -0.00075184 -0.000636879
v -0.437466 -0.194118 -0.203694
vn 0.000170651 -0.00075184 -0.000636879
v -0.459433 -0.170617 -0.174262
vn 0 0.00075184 0.000659346
v -0.459865 -0.17217 -0.173598
vn 0 0.00075184 0.000659346
v -0.459865 -0.17217 -0.173598
vn 0 -0.00075184 -0.000659346
v -0.459433 -0.170617 -0.174262
vn 0 -0.00075184 -0.000659346
v -0.477405 -0.156523 -0.137282
vn 0.000143792 0.00083147 0.00053664
v -0.477405 -0.156523 -0.137282
vn -0.000143792 -0.00083147 -0.00053664
v -0.322893 -0.359871 -0.194786
vn -0.00055557 0.00083147 0
v -0.322893 -0.359871 -0.194786
vn 0.00055557 -0.00083147 0
v -0.340194 -0.328282 -0.218468
vn -0.000636879 0.00075184 0.000170651
v -0.361642 -0.293031 -0.232124
vn -0.00057101 0.00075184 0.000329673
v -0.361642 -0.293031 -0.232124
vn 0.00057101 -0.00075184 -0.000329673
v -0.340194 -0.328282 -0.218468
vn 0.000636879 -0.00075184 -0.000170651
v -0.472414 -0.164829 -0.0924406
vn -0.000496473 0 -0.000868052
v -0.472414 -0.164829 -0.0924406
vn 0.000496473 0 0.000868052
v -0.358199 -0.358242 0.0473501
vn 0 0.001 0
v -0.358199 -0.358242 0.0473501
vn -0 -0.001 0
v -0.364857 -0.363013 0.0461897
vn -0.000262747 -0 0.000964865
v -0.364857 -0.363013 0.0461897
vn 0.000262747 0 -0.000964865
v -0.364857 -0.363013 0.0461897
vn 0 0.001 0
v -0.364857 -0.363013 0.0461897
vn -0 -0.001 0
v -0.338621 -0.395381 0.0319498
vn 0 0.000991445 -0.000130526
v -0.338621 -0.395381 0.0319498
vn 0 -0.000991445 0.000130526
v -0.321574 -0.410588 -0.00334312
vn -8.3195e-05 0.00094693 -0.000310487
v -0.321574 -0.410588 -0.00334312
vn 8.3195e-05 -0.00094693 0.000310487
v -0.479072 -0.169599 -0.093601
vn 0 0.001 0
v -0.479072 -0.169599 -0.093601
vn -0 -0.001 0
v -0.487204 -0.157817 -0.0953844
vn 6.5263e-05 0.000991445 0.000113039
v -0.487204 -0.157817 -0.0953844
vn -6.5263e-05 -0.000991445 -0.000113039
v -0.488756 -0.154741 -0.0958856
vn 0.00016072 0.00094693 0.000278375
v -0.488756 -0.154741 -0.0958856
vn -0.00016072 -0.00094693 -0.000278375
v -0.489222 -0.153071 -0.0960777
vn 0.000221144 0.000896873 0.000383033
v -0.489222 -0.153071 -0.0960777
vn -0.000221144 -0.000896873 -0.000383033
v -0.318949 -0.412307 -0.00183405
vn -0.000114473 0.000896873 -0.000427218
v -0.320325 -0.411543 -0.00258576
vn -0.000114473 0.000896873 -0.000427218
v -0.320325 -0.411543 -0.00258576
vn 0.000114473 -0.000896873 0.000427218
v -0.318949 -0.412307 -0.00183405
vn 0.000114473 -0.000896873 0.000427218
v -0.30788 -0.386529 -0.164424
vn -0.00053664 0.00083147 -0.000143792
v -0.309443 -0.386197 -0.163726
vn -0.00053664 0.00083147 -0.000143792
v -0.309443 -0.386197 -0.163726
vn 0.00053664 -0.00083147 0.000143792
v -0.30788 -0.386529 -0.164424
vn 0.00053664 -0.00083147 0.000143792
v -0.300414 -0.406149 -0.126599
vn -0.000481138 0.00083147 -0.000277785
v -0.302044 -0.405644 -0.126233
vn -0.000481138 0.00083147 -0.000277785
v -0.302044 -0.405644 -0.126233
vn 0.000481138 -0.00083147 0.000277785
v -0.300414 -0.406149 -0.126599
vn 0.000481138 -0.00083147 0.000277785
v -0.299562 -0.417491 -0.0848624
vn -0.000392847 0.00083147 -0.000392847
v -0.301198 -0.416887 -0.0848619
vn -0.000392847 0.00083147 -0.000392847
v -0.301198 -0.416887 -0.0848619
vn 0.000392847 -0.00083147 0.000392847
v -0.299562 -0.417491 -0.0848624
vn 0.000392847 -0.00083147 0.000392847
v -0.305379 -0.419783 -0.0420584
vn -0.000277785 0.00083147 -0.000481138
v -0.306964 -0.41916 -0.0424319
vn -0.000277785 0.00083147 -0.000481138
v -0.306964 -0.41916 -0.0424319
vn 0.000277785 -0.00083147 0.000481138
v -0.305379 -0.419783 -0.0420584
vn 0.000277785 -0.00083147 0.000481138
v -0.477405 -0.156523 -0.137282
vn 0.000170651 0.00075184 0.000636879
v -0.477405 -0.156523 -0.137282
vn -0.000170651 -0.00075184 -0.000636879
v -0.48947 -0.15135 -0.0962258
vn 0.000277785 0.00083147 0.000481138
v -0.48947 -0.15135 -0.0962258
vn -0.000277785 -0.00083147 -0.000481138
v -0.321447 -0.359971 -0.195759
vn -0.00055557 0.00083147 0
v -0.321447 -0.359971 -0.195759
vn 0.00055557 -0.00083147 0
v -0.338816 -0.327963 -0.219488
vn -0.000636879 0.00075184 0.000170651
v -0.338816 -0.327963 -0.219488
vn 0.000636879 -0.00075184 -0.000170651
v -0.479072 -0.169599 -0.093601
vn -0.000496473 0 -0.000868052
v -0.479072 -0.169599 -0.093601
vn 0.000496473 0 0.000868052
v -0.472414 -0.164829 -0.0924406
vn 0 0.001 0
v -0.472414 -0.164829 -0.0924406
vn -0 -0.001 0
v -0.358199 -0.358242 0.0473501
vn -0.000262747 -0 0.000964865
v -0.358199 -0.358242 0.0473501
vn 0.000262747 0 -0.000964865
v -0.361014 -0.371124 0.057481
vn 0 0.001 0
v -0.361014 -0.371124 0.057481
vn -0 -0.001 0
v -0.361014 -0.371124 0.057481
vn 3.3783e-05 0.000991445 -0.000126079
v -0.361014 -0.371124 0.057481
vn -3.3783e-05 -0.000991445 0.000126079
v -0.338621 -0.395381 0.0319498
vn 0 0.00094693 -0.000321439
v -0.338621 -0.395381 0.0319498
vn 0 -0.00094693 0.000321439
v -0.487204 -0.157817 -0.0953844
vn 0 0.001 0
v -0.487204 -0.157817 -0.0953844
vn -0 -0.001 0
v -0.488756 -0.154741 -0.0958856
vn 6.5263e-05 0.000991445 0.000113039
v -0.488756 -0.154741 -0.0958856
vn -6.5263e-05 -0.000991445 -0.000113039
v -0.489222 -0.153071 -0.0960777
vn 0.00016072 0.00094693 0.000278375
v -0.489222 -0.153071 -0.0960777
vn -0.00016072 -0.00094693 -0.000278375
v -0.48947 -0.15135 -0.0962258
vn 0.000221144 0.000896873 0.000383033
v -0.48947 -0.15135 -0.0962258
vn -0.000221144 -0.000896873 -0.000383033
v -0.336336 -0.396796 0.034163
vn 0 0.000896873 -0.000442289
v -0.336336 -0.396796 0.034163
vn 0 -0.000896873 0.000442289
v -0.317469 -0.41287 -0.00110261
vn -0.000143792 0.00083147 -0.00053664
v -0.318949 -0.412307 -0.00183405
vn -0.000143792 0.00083147 -0.00053664
v -0.318949 -0.412307 -0.00183405
vn 0.000143792 -0.00083147 0.00053664
v -0.317469 -0.41287 -0.00110261
vn 0.000143792 -0.00083147 0.00053664
v -0.361642 -0.293031 -0.232124
vn -0.000651112 0.000659346 0.00037592
v -0.385724 -0.256545 -0.234595
vn -0.000531631 0.000659346 0.000531631
v -0.386846 -0.257484 -0.233645
vn -0.000531631 0.000659346 0.000531631
v -0.386846 -0.257484 -0.233645
vn 0.000531631 -0.000659346 -0.000531631
v -0.385724 -0.256545 -0.234595
vn 0.000531631 -0.000659346 -0.000531631
v -0.361642 -0.293031 -0.232124
vn 0.000651112 -0.000659346 -0.00037592
v -0.411764 -0.222576 -0.224831
vn -0.00037592 0.000659346 0.000651112
v -0.412708 -0.223747 -0.223949
vn -0.00037592 0.000659346 0.000651112
v -0.412708 -0.223747 -0.223949
vn 0.00037592 -0.000659346 -0.000651112
v -0.411764 -0.222576 -0.224831
vn 0.00037592 -0.000659346 -0.000651112
v -0.437466 -0.194118 -0.203694
vn -0.00019459 0.000659346 0.000726221
v -0.437466 -0.194118 -0.203694
vn 0.00019459 -0.000659346 -0.000726221
v -0.436693 -0.192743 -0.204437
vn -0.00019459 0.000659346 0.000726221
v -0.459433 -0.170617 -0.174262
vn 0 0.000659346 0.00075184
v -0.459433 -0.170617 -0.174262
vn 0 -0.000659346 -0.00075184
v -0.436693 -0.192743 -0.204437
vn 0.00019459 -0.000659346 -0.000726221
v -0.477112 -0.154845 -0.13766
vn 0.000170651 0.00075184 0.000636879
v -0.477112 -0.154845 -0.13766
vn -0.000170651 -0.00075184 -0.000636879
v -0.489496 -0.149609 -0.0963267
vn 0.000277785 0.00083147 0.000481138
v -0.489496 -0.149609 -0.0963267
vn -0.000277785 -0.00083147 -0.000481138
v -0.321447 -0.359971 -0.195759
vn -0.000659346 0.00075184 0
v -0.321447 -0.359971 -0.195759
vn 0.000659346 -0.00075184 0
v -0.337363 -0.32751 -0.22034
vn -0.000726221 0.000659346 0.00019459
v -0.338816 -0.327963 -0.219488
vn -0.000726221 0.000659346 0.00019459
v -0.338816 -0.327963 -0.219488
vn 0.000726221 -0.000659346 -0.00019459
v -0.337363 -0.32751 -0.22034
vn 0.000726221 -0.000659346 -0.00019459
v -0.477528 -0.166686 -0.0554606
vn -0.000704224 0 -0.000709978
v -0.477528 -0.166686 -0.0554606
vn 0.000704224 0 0.000709978
v -0.37945 -0.332773 0.0645805
vn 0 0.001 0
v -0.37945 -0.332773 0.0645805
vn -0 -0.001 0
v -0.386109 -0.337543 0.0634201
vn -0.000503519 -0 0.000863984
v -0.386109 -0.337543 0.0634201
vn 0.000503519 0 -0.000863984
v -0.386109 -0.337543 0.0634201
vn 0 0.001 0
v -0.386109 -0.337543 0.0634201
vn -0 -0.001 0
v -0.359802 -0.37272 0.0603273
vn 3.3783e-05 0.000991445 -0.000126079
v -0.359802 -0.37272 0.0603273
vn -3.3783e-05 -0.000991445 0.000126079
v -0.337547 -0.396179 0.0330694
vn 0 0.00094693 -0.000321439
v -0.337547 -0.396179 0.0330694
vn 0 -0.00094693 0.000321439
v -0.484186 -0.171457 -0.056621
vn 0 0.001 0
v -0.484186 -0.171457 -0.056621
vn -0 -0.001 0
v -0.492736 -0.159997 -0.0546763
vn 9.2296e-05 0.000991445 9.2296e-05
v -0.492736 -0.159997 -0.0546763
vn -9.2296e-05 -0.000991445 -9.2296e-05
v -0.494409 -0.156969 -0.054287
vn 0.000227292 0.00094693 0.000227292
v -0.494409 -0.156969 -0.054287
vn -0.000227292 -0.00094693 -0.000227292
v -0.494934 -0.155321 -0.0540513
vn 0.000312745 0.000896873 0.000312745
v -0.494934 -0.155321 -0.0540513
vn -0.000312745 -0.000896873 -0.000312745
v -0.337547 -0.396179 0.0330694
vn 0 0.000896873 -0.000442289
v -0.337547 -0.396179 0.0330694
vn 0 -0.000896873 0.000442289
v -0.336336 -0.396796 0.034163
vn 0 0.00083147 -0.00055557
v -0.336336 -0.396796 0.034163
vn 0 -0.00083147 0.00055557
v -0.306245 -0.386672 -0.165016
vn -0.000636879 0.00075184 -0.000170651
v -0.30788 -0.386529 -0.164424
vn -0.000636879 0.00075184 -0.000170651
v -0.30788 -0.386529 -0.164424
vn 0.000636879 -0.00075184 0.000170651
v -0.306245 -0.386672 -0.165016
vn 0.000636879 -0.00075184 0.000170651
v -0.298721 -0.406447 -0.126893
vn -0.00057101 0.00075184 -0.000329673
v -0.300414 -0.406149 -0.126599
vn -0.00057101 0.00075184 -0.000329673
v -0.300414 -0.406149 -0.126599
vn 0.00057101 -0.00075184 0.000329673
v -0.298721 -0.406447 -0.126893
vn 0.00057101 -0.00075184 0.000329673
v -0.297861 -0.417879 -0.0848258
vn -0.000466228 0.00075184 -0.000466228
v -0.299562 -0.417491 -0.0848624
vn -0.000466228 0.00075184 -0.000466228
v -0.299562 -0.417491 -0.0848624
vn 0.000466228 -0.00075184 0.000466228
v -0.297861 -0.417879 -0.0848258
vn 0.000466228 -0.00075184 0.000466228
v -0.303724 -0.42019 -0.0416824
vn -0.000329673 0.00075184 -0.00057101
v -0.305379 -0.419783 -0.0420584
vn -0.000329673 0.00075184 -0.00057101
v -0.305379 -0.419783 -0.0420584
vn 0.000329673 -0.00075184 0.00057101
v -0.303724 -0.42019 -0.0416824
vn 0.000329673 -0.00075184 0.00057101
v -0.315911 -0.413222 -0.000401968
vn -0.000170651 0.00075184 -0.000636879
v -0.317469 -0.41287 -0.00110261
vn -0.000170651 0.00075184 -0.000636879
v -0.317469 -0.41287 -0.00110261
vn 0.000170651 -0.00075184 0.000636879
v -0.315911 -0.413222 -0.000401968
vn 0.000170651 -0.00075184 0.000636879
v -0.360347 -0.292336 -0.233063
vn -0.000651112 0.000659346 0.00037592
v -0.360347 -0.292336 -0.233063
vn 0.000651112 -0.000659346 -0.00037592
v -0.458812 -0.169079 -0.174804
vn 0 0.000659346 0.00075184
v -0.458812 -0.169079 -0.174804
vn 0 -0.000659346 -0.00075184
v -0.477112 -0.154845 -0.13766
vn 0.00019459 0.000659346 0.000726221
v -0.477112 -0.154845 -0.13766
vn -0.00019459 -0.000659346 -0.000726221
v -0.489496 -0.149609 -0.0963267
vn 0.000329673 0.00075184 0.00057101
v -0.489496 -0.149609 -0.0963267
vn -0.000329673 -0.00075184 -0.00057101
v -0.495236 -0.153623 -0.0537951
vn 0.000392847 0.00083147 0.000392847
v -0.495236 -0.153623 -0.0537951
vn -0.000392847 -0.00083147 -0.000392847
v -0.31992 -0.359903 -0.196599
vn -0.000659346 0.00075184 0
v -0.31992 -0.359903 -0.196599
vn 0.000659346 -0.00075184 0
v -0.31992 -0.359903 -0.196599
vn -0.00075184 0.000659346 0
v -0.31992 -0.359903 -0.196599
vn 0.00075184 -0.000659346 0
v -0.484186 -0.171457 -0.056621
vn -0.000704224 0 -0.000709978
v -0.484186 -0.171457 -0.056621
vn 0.000704224 0 0.000709978
v -0.477528 -0.166686 -0.0554606
vn 0 0.001 0
v -0.477528 -0.166686 -0.0554606
vn -0 -0.001 0
v -0.37945 -0.332773 0.0645805
vn -0.000503519 -0 0.000863984
v -0.37945 -0.332773 0.0645805
vn 0.000503519 0 -0.000863984
v -0.384373 -0.343169 0.0765913
vn 0 0.001 0
v -0.384373 -0.343169 0.0765913
vn -0 -0.001 0
v -0.384373 -0.343169 0.0765913
vn 6.5263e-05 0.000991445 -0.000113039
v -0.384373 -0.343169 0.0765913
vn -6.5263e-05 -0.000991445 0.000113039
v -0.359802 -0.37272 0.0603273
vn 8.3195e-05 0.00094693 -0.000310487
v -0.359802 -0.37272 0.0603273
vn -8.3195e-05 -0.00094693 0.000310487
v -0.492736 -0.159997 -0.0546763
vn 0 0.001 0
v -0.492736 -0.159997 -0.0546763
vn -0 -0.001 0
v -0.494409 -0.156969 -0.054287
vn 9.2296e-05 0.000991445 9.2296e-05
v -0.494409 -0.156969 -0.054287
vn -9.2296e-05 -0.000991445 -9.2296e-05
v -0.494934 -0.155321 -0.0540513
vn 0.000227292 0.00094693 0.000227292
v -0.494934 -0.155321 -0.0540513
vn -0.000227292 -0.00094693 -0.000227292
v -0.495236 -0.153623 -0.0537951
vn 0.000312745 0.000896873 0.000312745
v -0.495236 -0.153623 -0.0537951
vn -0.000312745 -0.000896873 -0.000312745
v -0.358945 -0.373287 0.0617377
vn 0.000114473 0.000896873 -0.000427218
v -0.358945 -0.373287 0.0617377
vn -0.000114473 -0.000896873 0.000427218
v -0.33501 -0.397222 0.0352125
vn 0 0.00083147 -0.00055557
v -0.33501 -0.397222 0.0352125
vn 0 -0.00083147 0.00055557
v -0.33501 -0.397222 0.0352125
vn 0 0.00075184 -0.000659346
v -0.33501 -0.397222 0.0352125
vn -0 -0.00075184 0.000659346
v -0.358977 -0.291552 -0.233806
vn -0.000720074 0.00055557 0.000415735
v -0.385724 -0.256545 -0.234595
vn -0.000587938 0.00055557 0.000587938
v -0.360347 -0.292336 -0.233063
vn -0.000720074 0.00055557 0.000415735
v -0.360347 -0.292336 -0.233063
vn 0.000720074 -0.00055557 -0.000415735
v -0.385724 -0.256545 -0.234595
vn 0.000587938 -0.00055557 -0.000587938
v -0.358977 -0.291552 -0.233806
vn 0.000720074 -0.00055557 -0.000415735
v -0.3845 -0.255554 -0.235347
vn -0.000587938 0.00055557 0.000587938
v -0.411764 -0.222576 -0.224831
vn -0.000415735 0.00055557 0.000720074
v -0.411764 -0.222576 -0.224831
vn 0.000415735 -0.00055557 -0.000720074
v -0.3845 -0.255554 -0.235347
vn 0.000587938 -0.00055557 -0.000587938
v -0.41069 -0.221389 -0.225526
vn -0.000415735 0.00055557 0.000720074
v -0.436693 -0.192743 -0.204437
vn -0.0002152 0.00055557 0.000803138
v -0.436693 -0.192743 -0.204437
vn 0.0002152 -0.00055557 -0.000803138
v -0.41069 -0.221389 -0.225526
vn 0.000415735 -0.00055557 -0.000720074
v -0.435762 -0.191385 -0.205015
vn -0.0002152 0.00055557 0.000803138
v -0.458812 -0.169079 -0.174804
vn 0 0.00055557 0.00083147
v -0.458812 -0.169079 -0.174804
vn 0 -0.00055557 -0.00083147
v -0.435762 -0.191385 -0.205015
vn 0.0002152 -0.00055557 -0.000803138
v -0.476612 -0.153199 -0.137948
vn 0.00019459 0.000659346 0.000726221
v -0.476612 -0.153199 -0.137948
vn -0.00019459 -0.000659346 -0.000726221
v -0.489299 -0.147877 -0.0963809
vn 0.000329673 0.00075184 0.00057101
v -0.489299 -0.147877 -0.0963809
vn -0.000329673 -0.00075184 -0.00057101
v -0.495313 -0.151902 -0.0535221
vn 0.000392847 0.00083147 0.000392847
v -0.495313 -0.151902 -0.0535221
vn -0.000392847 -0.00083147 -0.000392847
v -0.335861 -0.326928 -0.22101
vn -0.000803138 0.00055557 0.0002152
v -0.337363 -0.32751 -0.22034
vn -0.000803138 0.00055557 0.0002152
v -0.337363 -0.32751 -0.22034
vn 0.000803138 -0.00055557 -0.0002152
v -0.335861 -0.326928 -0.22101
vn 0.000803138 -0.00055557 -0.0002152
v -0.318338 -0.35967 -0.197293
vn -0.00075184 0.000659346 0
v -0.318338 -0.35967 -0.197293
vn 0.00075184 -0.000659346 0
v -0.48354 -0.181139 -0.0205246
vn -0.000863984 0 -0.000503519
v -0.48354 -0.181139 -0.0205246
vn 0.000863984 0 0.000503519
v -0.401623 -0.303811 0.0727463
vn 0 0.001 0
v -0.401623 -0.303811 0.0727463
vn -0 -0.001 0
v -0.408282 -0.308582 0.0715859
vn -0.000709978 -0 0.000704224
v -0.408282 -0.308582 0.0715859
vn 0.000709978 0 -0.000704224
v -0.408282 -0.308582 0.0715859
vn 0 0.001 0
v -0.408282 -0.308582 0.0715859
vn -0 -0.001 0
v -0.383674 -0.344152 0.0798564
vn 6.5263e-05 0.000991445 -0.000113039
v -0.383674 -0.344152 0.0798564
vn -6.5263e-05 -0.000991445 0.000113039
v -0.358945 -0.373287 0.0617377
vn 8.3195e-05 0.00094693 -0.000310487
v -0.358945 -0.373287 0.0617377
vn -8.3195e-05 -0.00094693 0.000310487
v -0.48354 -0.181139 -0.0205246
vn 0 0.001 0
v -0.48354 -0.181139 -0.0205246
vn -0 -0.001 0
v -0.491925 -0.170783 -0.0149846
vn 0.000113039 0.000991445 6.5263e-05
v -0.491925 -0.170783 -0.0149846
vn -0.000113039 -0.000991445 -6.5263e-05
v -0.493581 -0.167992 -0.0137255
vn 0.000278375 0.00094693 0.00016072
v -0.493581 -0.167992 -0.0137255
vn -0.000278375 -0.00094693 -0.00016072
v -0.494096 -0.166458 -0.013075
vn 0.000383033 0.000896873 0.000221144
v -0.494096 -0.166458 -0.013075
vn -0.000383033 -0.000896873 -0.000221144
v -0.35794 -0.373684 0.0631073
vn 0.000114473 0.000896873 -0.000427218
v -0.35794 -0.373684 0.0631073
vn -0.000114473 -0.000896873 0.000427218
v -0.35794 -0.373684 0.0631073
vn 0.000143792 0.00083147 -0.00053664
v -0.35794 -0.373684 0.0631073
vn -0.000143792 -0.00083147 0.00053664
v -0.306245 -0.386672 -0.165016
vn -0.000726221 0.000659346 -0.00019459
v -0.306245 -0.386672 -0.165016
vn 0.000726221 -0.000659346 0.00019459
v -0.298721 -0.406447 -0.126893
vn -0.000651112 0.000659346 -0.00037592
v -0.304568 -0.386623 -0.165493
vn -0.000726221 0.000659346 -0.00019459
v -0.304568 -0.386623 -0.165493
vn 0.000726221 -0.000659346 0.00019459
v -0.298721 -0.406447 -0.126893
vn 0.000651112 -0.000659346 0.00037592
v -0.296127 -0.418045 -0.08475
vn -0.000531631 0.000659346 -0.000531631
v -0.297861 -0.417879 -0.0848258
vn -0.000531631 0.000659346 -0.000531631
v -0.297861 -0.417879 -0.0848258
vn 0.000531631 -0.000659346 0.000531631
v -0.296127 -0.418045 -0.08475
vn 0.000531631 -0.000659346 0.000531631
v -0.30203 -0.420371 -0.0413102
vn -0.00037592 0.000659346 -0.000651112
v -0.303724 -0.42019 -0.0416824
vn -0.00037592 0.000659346 -0.000651112
v -0.303724 -0.42019 -0.0416824
vn 0.00037592 -0.000659346 0.000651112
v -0.30203 -0.420371 -0.0413102
vn 0.00037592 -0.000659346 0.000651112
v -0.314301 -0.413355 0.000254299
vn -0.00019459 0.000659346 -0.000726221
v -0.315911 -0.413222 -0.000401968
vn -0.00019459 0.000659346 -0.000726221
v -0.315911 -0.413222 -0.000401968
vn 0.00019459 -0.000659346 0.000726221
v -0.314301 -0.413355 0.000254299
vn 0.00019459 -0.000659346 0.000726221
v -0.333591 -0.397449 0.0361998
vn 0 0.00075184 -0.000659346
v -0.333591 -0.397449 0.0361998
vn -0 -0.00075184 0.000659346
v -0.458008 -0.167585 -0.17521
vn 0 0.00055557 0.00083147
v -0.458008 -0.167585 -0.17521
vn 0 -0.00055557 -0.00083147
v -0.476612 -0.153199 -0.137948
vn 0.0002152 0.00055557 0.000803138
v -0.476612 -0.153199 -0.137948
vn -0.0002152 -0.00055557 -0.000803138
v -0.489299 -0.147877 -0.0963809
vn 0.00037592 0.000659346 0.000651112
v -0.489299 -0.147877 -0.0963809
vn -0.00037592 -0.000659346 -0.000651112
v -0.495313 -0.151902 -0.0535221
vn 0.000466228 0.00075184 0.000466228
v -0.495313 -0.151902 -0.0535221
vn -0.000466228 -0.00075184 -0.000466228
v -0.494391 -0.164866 -0.0124245
vn 0.000481138 0.00083147 0.000277785
v -0.494391 -0.164866 -0.0124245
vn -0.000481138 -0.00083147 -0.000277785
v -0.318338 -0.35967 -0.197293
vn -0.00083147 0.00055557 0
v -0.318338 -0.35967 -0.197293
vn 0.00083147 -0.00055557 0
v -0.476881 -0.176369 -0.0193642
vn -0.000863984 0 -0.000503519
v -0.476881 -0.176369 -0.0193642
vn 0.000863984 0 0.000503519
v -0.476881 -0.176369 -0.0193642
vn 0 0.001 0
v -0.476881 -0.176369 -0.0193642
vn -0 -0.001 0
v -0.401623 -0.303811 0.0727463
vn -0.000709978 -0 0.000704224
v -0.401623 -0.303811 0.0727463
vn 0.000709978 0 -0.000704224
v -0.408776 -0.311336 0.0857414
vn 0 0.001 0
v -0.408776 -0.311336 0.0857414
vn -0 -0.001 0
v -0.408776 -0.311336 0.0857414
vn 9.2296e-05 0.000991445 -9.2296e-05
v -0.408776 -0.311336 0.0857414
vn -9.2296e-05 -0.000991445 9.2296e-05
v -0.383674 -0.344152 0.0798564
vn 0.00016072 0.00094693 -0.000278375
v -0.383674 -0.344152 0.0798564
vn -0.00016072 -0.00094693 0.000278375
v -0.491925 -0.170783 -0.0149846
vn 0 0.001 0
v -0.491925 -0.170783 -0.0149846
vn -0 -0.001 0
v -0.493581 -0.167992 -0.0137255
vn 0.000113039 0.000991445 6.5263e-05
v -0.493581 -0.167992 -0.0137255
vn -0.000113039 -0.000991445 -6.5263e-05
v -0.494096 -0.166458 -0.013075
vn 0.000278375 0.00094693 0.00016072
v -0.494096 -0.166458 -0.013075
vn -0.000278375 -0.00094693 -0.00016072
v -0.494391 -0.164866 -0.0124245
vn 0.000383033 0.000896873 0.000221144
v -0.494391 -0.164866 -0.0124245
vn -0.000383033 -0.000896873 -0.000221144
v -0.383062 -0.344425 0.081467
vn 0.000221144 0.000896873 -0.000383033
v -0.383062 -0.344425 0.081467
vn -0.000221144 -0.000896873 0.000383033
v -0.356805 -0.373905 0.0644131
vn 0.000143792 0.00083147 -0.00053664
v -0.356805 -0.373905 0.0644131
vn -0.000143792 -0.00083147 0.00053664
v -0.296992 -0.406534 -0.127107
vn -0.000651112 0.000659346 -0.00037592
v -0.296992 -0.406534 -0.127107
vn 0.000651112 -0.000659346 0.00037592
v -0.332102 -0.397474 0.0371089
vn 0 0.000659346 -0.00075184
v -0.332102 -0.397474 0.0371089
vn -0 -0.000659346 0.00075184
v -0.356805 -0.373905 0.0644131
vn 0.000170651 0.00075184 -0.000636879
v -0.356805 -0.373905 0.0644131
vn -0.000170651 -0.00075184 0.000636879
v -0.333591 -0.397449 0.0361998
vn 0 0.000659346 -0.00075184
v -0.333591 -0.397449 0.0361998
vn -0 -0.000659346 0.00075184
v -0.357557 -0.290692 -0.23434
vn -0.000776715 0.000442289 0.000448436
v -0.3845 -0.255554 -0.235347
vn -0.000634185 0.000442289 0.000634185
v -0.358977 -0.291552 -0.233806
vn -0.000776715 0.000442289 0.000448436
v -0.358977 -0.291552 -0.233806
vn 0.000776715 -0.000442289 -0.000448436
v -0.3845 -0.255554 -0.235347
vn 0.000634185 -0.000442289 -0.000634185
v -0.357557 -0.290692 -0.23434
vn 0.000776715 -0.000442289 -0.000448436
v -0.334335 -0.326229 -0.221485
vn -0.000866313 0.000442289 0.000232128
v -0.335861 -0.326928 -0.22101
vn -0.000866313 0.000442289 0.000232128
v -0.335861 -0.326928 -0.22101
vn 0.000866313 -0.000442289 -0.000232128
v -0.334335 -0.326229 -0.221485
vn 0.000866313 -0.000442289 -0.000232128
v -0.383197 -0.25453 -0.235887
vn -0.000634185 0.000442289 0.000634185
v -0.41069 -0.221389 -0.225526
vn -0.000448436 0.000442289 0.000776715
v -0.41069 -0.221389 -0.225526
vn 0.000448436 -0.000442289 -0.000776715
v -0.383197 -0.25453 -0.235887
vn 0.000634185 -0.000442289 -0.000634185
v -0.409506 -0.220209 -0.226023
vn -0.000448436 0.000442289 0.000776715
v -0.435762 -0.191385 -0.205015
vn -0.000232128 0.000442289 0.000866313
v -0.435762 -0.191385 -0.205015
vn 0.000232128 -0.000442289 -0.000866313
v -0.409506 -0.220209 -0.226023
vn 0.000448436 -0.000442289 -0.000776715
v -0.434693 -0.190067 -0.205418
vn -0.000232128 0.000442289 0.000866313
v -0.458008 -0.167585 -0.17521
vn 0 0.000442289 0.000896873
v -0.458008 -0.167585 -0.17521
vn 0 -0.000442289 -0.000896873
v -0.434693 -0.190067 -0.205418
vn 0.000232128 -0.000442289 -0.000866313
v -0.475912 -0.151613 -0.138143
vn 0.0002152 0.00055557 0.000803138
v -0.475912 -0.151613 -0.138143
vn -0.0002152 -0.00055557 -0.000803138
v -0.488883 -0.146183 -0.0963846
vn 0.00037592 0.000659346 0.000651112
v -0.488883 -0.146183 -0.0963846
vn -0.00037592 -0.000659346 -0.000651112
v -0.495162 -0.150187 -0.0532367
vn 0.000466228 0.00075184 0.000466228
v -0.495162 -0.150187 -0.0532367
vn -0.000466228 -0.00075184 -0.000466228
v -0.49446 -0.163244 -0.011786
vn 0.000481138 0.00083147 0.000277785
v -0.49446 -0.163244 -0.011786
vn -0.000481138 -0.00083147 -0.000277785
v -0.316726 -0.359273 -0.19783
vn -0.00083147 0.00055557 0
v -0.316726 -0.359273 -0.19783
vn 0.00083147 -0.00055557 0
v -0.477176 -0.197987 0.0122286
vn -0.000964865 0 -0.000262747
v -0.477176 -0.197987 0.0122286
vn 0.000964865 0 0.000262747
v -0.423208 -0.273331 0.0712915
vn 0 0.001 0
v -0.423208 -0.273331 0.0712915
vn -0 -0.001 0
v -0.423208 -0.273331 0.0712915
vn -0.000868052 -0 0.000496473
v -0.423208 -0.273331 0.0712915
vn 0.000868052 0 -0.000496473
v -0.429867 -0.278101 0.0701311
vn 0 0.001 0
v -0.429867 -0.278101 0.0701311
vn -0 -0.001 0
v -0.40861 -0.311623 0.089206
vn 9.2296e-05 0.000991445 -9.2296e-05
v -0.40861 -0.311623 0.089206
vn -9.2296e-05 -0.000991445 9.2296e-05
v -0.383062 -0.344425 0.081467
vn 0.00016072 0.00094693 -0.000278375
v -0.383062 -0.344425 0.081467
vn -0.00016072 -0.00094693 0.000278375
v -0.477176 -0.197987 0.0122286
vn 0 0.001 0
v -0.477176 -0.197987 0.0122286
vn -0 -0.001 0
v -0.484826 -0.189441 0.0209865
vn 0.000126079 0.000991445 3.3783e-05
v -0.484826 -0.189441 0.0209865
vn -0.000126079 -0.000991445 -3.3783e-05
v -0.486326 -0.187059 0.023034
vn 0.000310487 0.00094693 8.3195e-05
v -0.486326 -0.187059 0.023034
vn -0.000310487 -0.00094693 -8.3195e-05
v -0.486767 -0.18572 0.024062
vn 0.000427218 0.000896873 0.000114473
v -0.486767 -0.18572 0.024062
vn -0.000427218 -0.000896873 -0.000114473
v -0.382289 -0.344545 0.0830263
vn 0.000221144 0.000896873 -0.000383033
v -0.382289 -0.344545 0.0830263
vn -0.000221144 -0.000896873 0.000383033
v -0.382289 -0.344545 0.0830263
vn 0.000277785 0.00083147 -0.000481138
v -0.382289 -0.344545 0.0830263
vn -0.000277785 -0.00083147 0.000481138
v -0.304568 -0.386623 -0.165493
vn -0.000803138 0.00055557 -0.0002152
v -0.304568 -0.386623 -0.165493
vn 0.000803138 -0.00055557 0.0002152
v -0.296992 -0.406534 -0.127107
vn -0.000720074 0.00055557 -0.000415735
v -0.302877 -0.386382 -0.165847
vn -0.000803138 0.00055557 -0.0002152
v -0.302877 -0.386382 -0.165847
vn 0.000803138 -0.00055557 0.0002152
v -0.296992 -0.406534 -0.127107
vn 0.000720074 -0.00055557 0.000415735
v -0.296127 -0.418045 -0.08475
vn -0.000587938 0.00055557 -0.000587938
v -0.295257 -0.406407 -0.127239
vn -0.000720074 0.00055557 -0.000415735
v -0.295257 -0.406407 -0.127239
vn 0.000720074 -0.00055557 0.000415735
v -0.296127 -0.418045 -0.08475
vn 0.000587938 -0.00055557 0.000587938
v -0.300324 -0.420324 -0.0409477
vn -0.000415735 0.00055557 -0.000720074
v -0.30203 -0.420371 -0.0413102
vn -0.000415735 0.00055557 -0.000720074
v -0.30203 -0.420371 -0.0413102
vn 0.000415735 -0.00055557 0.000720074
v -0.300324 -0.420324 -0.0409477
vn 0.000415735 -0.00055557 0.000720074
v -0.312665 -0.413268 0.000855837
vn -0.0002152 0.00055557 -0.000803138
v -0.314301 -0.413355 0.000254299
vn -0.0002152 0.00055557 -0.000803138
v -0.314301 -0.413355 0.000254299
vn 0.0002152 -0.00055557 0.000803138
v -0.312665 -0.413268 0.000855837
vn 0.0002152 -0.00055557 0.000803138
v -0.330569 -0.397296 0.0379229
vn 0 0.00055557 -0.00083147
v -0.332102 -0.397474 0.0371089
vn 0 0.00055557 -0.00083147
v -0.332102 -0.397474 0.0371089
vn 0 -0.00055557 0.00083147
v -0.330569 -0.397296 0.0379229
vn 0 -0.00055557 0.00083147
v -0.355557 -0.373949 0.0656316
vn 0.000170651 0.00075184 -0.000636879
v -0.355557 -0.373949 0.0656316
vn -0.000170651 -0.00075184 0.000636879
v -0.35422 -0.373812 0.0667431
vn 0.00019459 0.000659346 -0.000726221
v -0.35422 -0.373812 0.0667431
vn -0.00019459 -0.000659346 0.000726221
v -0.316726 -0.359273 -0.19783
vn -0.000896873 0.000442289 0
v -0.316726 -0.359273 -0.19783
vn 0.000896873 -0.000442289 0
v -0.45704 -0.166159 -0.175477
vn 0 0.000442289 0.000896873
v -0.45704 -0.166159 -0.175477
vn 0 -0.000442289 -0.000896873
v -0.475912 -0.151613 -0.138143
vn 0.000232128 0.000442289 0.000866313
v -0.475912 -0.151613 -0.138143
vn -0.000232128 -0.000442289 -0.000866313
v -0.488883 -0.146183 -0.0963846
vn 0.000415735 0.00055557 0.000720074
v -0.488883 -0.146183 -0.0963846
vn -0.000415735 -0.00055557 -0.000720074
v -0.495162 -0.150187 -0.0532367
vn 0.000531631 0.000659346 0.000531631
v -0.495162 -0.150187 -0.0532367
vn -0.000531631 -0.000659346 -0.000531631
v -0.49446 -0.163244 -0.011786
vn 0.00057101 0.00075184 0.000329673
v -0.49446 -0.163244 -0.011786
vn -0.00057101 -0.00075184 -0.000329673
v -0.486991 -0.184313 0.0250692
vn 0.00053664 0.00083147 0.000143792
v -0.486991 -0.184313 0.0250692
vn -0.00053664 -0.00083147 -0.000143792
v -0.470518 -0.193217 0.013389
vn -0.000964865 0 -0.000262747
v -0.470518 -0.193217 0.013389
vn 0.000964865 0 0.000262747
v -0.470518 -0.193217 0.013389
vn 0 0.001 0
v -0.470518 -0.193217 0.013389
vn -0 -0.001 0
v -0.429867 -0.278101 0.0701311
vn -0.000868052 -0 0.000496473
v -0.429867 -0.278101 0.0701311
vn 0.000868052 0 -0.000496473
v -0.432556 -0.277796 0.0843054
vn 0 0.001 0
v -0.432556 -0.277796 0.0843054
vn -0 -0.001 0
v -0.432556 -0.277796 0.0843054
vn 0.000113039 0.000991445 -6.5263e-05
v -0.432556 -0.277796 0.0843054
vn -0.000113039 -0.000991445 6.5263e-05
v -0.40861 -0.311623 0.089206
vn 0.000227292 0.00094693 -0.000227292
v -0.40861 -0.311623 0.089206
vn -0.000227292 -0.00094693 0.000227292
v -0.465529 -0.220854 0.0394054
vn 0 0.001 0
v -0.465529 -0.220854 0.0394054
vn -0 -0.001 0
v -0.486326 -0.187059 0.023034
vn 0.000126079 0.000991445 3.3783e-05
v -0.486326 -0.187059 0.023034
vn -0.000126079 -0.000991445 -3.3783e-05
v -0.484826 -0.189441 0.0209865
vn 0 0.001 0
v -0.454094 -0.244835 0.0723828
vn 0 0.001 0
v -0.454094 -0.244835 0.0723828
vn -0 -0.001 0
v -0.484826 -0.189441 0.0209865
vn -0 -0.001 0
v -0.486767 -0.18572 0.024062
vn 0.000310487 0.00094693 8.3195e-05
v -0.486767 -0.18572 0.024062
vn -0.000310487 -0.00094693 -8.3195e-05
v -0.486991 -0.184313 0.0250692
vn 0.000427218 0.000896873 0.000114473
v -0.486991 -0.184313 0.0250692
vn -0.000427218 -0.000896873 -0.000114473
v -0.408254 -0.311561 0.0909135
vn 0.000312745 0.000896873 -0.000312745
v -0.408254 -0.311561 0.0909135
vn -0.000312745 -0.000896873 0.000312745
v -0.381369 -0.344509 0.084508
vn 0.000277785 0.00083147 -0.000481138
v -0.381369 -0.344509 0.084508
vn -0.000277785 -0.00083147 0.000481138
v -0.294386 -0.417985 -0.0846389
vn -0.000587938 0.00055557 -0.000587938
v -0.294386 -0.417985 -0.0846389
vn 0.000587938 -0.00055557 0.000587938
v -0.352815 -0.373496 0.0677281
vn 0.0002152 0.00055557 -0.000803138
v -0.352815 -0.373496 0.0677281
vn -0.0002152 -0.00055557 0.000803138
v -0.381369 -0.344509 0.084508
vn 0.000329673 0.00075184 -0.00057101
v -0.381369 -0.344509 0.084508
vn -0.000329673 -0.00075184 0.00057101
v -0.355557 -0.373949 0.0656316
vn 0.00019459 0.000659346 -0.000726221
v -0.355557 -0.373949 0.0656316
vn -0.00019459 -0.000659346 0.000726221
v -0.35422 -0.373812 0.0667431
vn 0.0002152 0.00055557 -0.000803138
v -0.35422 -0.373812 0.0667431
vn -0.0002152 -0.00055557 0.000803138
v -0.356111 -0.289769 -0.234656
vn -0.000820066 0.000321439 0.000473465
v -0.383197 -0.25453 -0.235887
vn -0.000669581 0.000321439 0.000669581
v -0.357557 -0.290692 -0.23434
vn -0.000820066 0.000321439 0.000473465
v -0.357557 -0.290692 -0.23434
vn 0.000820066 -0.000321439 -0.000473465
v -0.383197 -0.25453 -0.235887
vn 0.000669581 -0.000321439 -0.000669581
v -0.356111 -0.289769 -0.234656
vn 0.000820066 -0.000321439 -0.000473465
v -0.332812 -0.325424 -0.221759
vn -0.000914664 0.000321439 0.000245084
v -0.334335 -0.326229 -0.221485
vn -0.000914664 0.000321439 0.000245084
v -0.334335 -0.326229 -0.221485
vn 0.000914664 -0.000321439 -0.000245084
v -0.332812 -0.325424 -0.221759
vn 0.000914664 -0.000321439 -0.000245084
v -0.315113 -0.358722 -0.1982
vn -0.000896873 0.000442289 0
v -0.315113 -0.358722 -0.1982
vn 0.000896873 -0.000442289 0
v -0.381835 -0.253488 -0.236208
vn -0.000669581 0.000321439 0.000669581
v -0.409506 -0.220209 -0.226023
vn -0.000473465 0.000321439 0.000820066
v -0.409506 -0.220209 -0.226023
vn 0.000473465 -0.000321439 -0.000820066
v -0.381835 -0.253488 -0.236208
vn 0.000669581 -0.000321439 -0.000669581
v -0.408231 -0.219053 -0.226311
vn -0.000473465 0.000321439 0.000820066
v -0.434693 -0.190067 -0.205418
vn -0.000245084 0.000321439 0.000914664
v -0.434693 -0.190067 -0.205418
vn 0.000245084 -0.000321439 -0.000914664
v -0.408231 -0.219053 -0.226311
vn 0.000473465 -0.000321439 -0.000820066
v -0.433501 -0.188813 -0.205638
vn -0.000245084 0.000321439 0.000914664
v -0.45704 -0.166159 -0.175477
vn 0 0.000321439 0.00094693
v -0.45704 -0.166159 -0.175477
vn 0 -0.000321439 -0.00094693
v -0.433501 -0.188813 -0.205638
vn 0.000245084 -0.000321439 -0.000914664
v -0.475026 -0.150114 -0.138242
vn 0.000232128 0.000442289 0.000866313
v -0.475026 -0.150114 -0.138242
vn -0.000232128 -0.000442289 -0.000866313
v -0.488253 -0.144556 -0.09634
vn 0.000415735 0.00055557 0.000720074
v -0.488253 -0.144556 -0.09634
vn -0.000415735 -0.00055557 -0.000720074
v -0.494786 -0.14851 -0.0529441
vn 0.000531631 0.000659346 0.000531631
v -0.494786 -0.14851 -0.0529441
vn -0.000531631 -0.000659346 -0.000531631
v -0.494302 -0.16162 -0.0111704
vn 0.00057101 0.00075184 0.000329673
v -0.494302 -0.16162 -0.0111704
vn -0.00057101 -0.00075184 -0.000329673
v -0.486995 -0.182863 0.0260389
vn 0.00053664 0.00083147 0.000143792
v -0.486995 -0.182863 0.0260389
vn -0.00053664 -0.00083147 -0.000143792
v -0.465529 -0.220854 0.0394054
vn -0.000999992 0 -4.068e-06
v -0.465529 -0.220854 0.0394054
vn 0.000999992 0 4.068e-06
v -0.442734 -0.243409 0.0603156
vn 0 0.001 0
v -0.442734 -0.243409 0.0603156
vn -0 -0.001 0
v -0.442734 -0.243409 0.0603156
vn -0.000966971 -0 0.000254887
v -0.442734 -0.243409 0.0603156
vn 0.000966971 0 -0.000254887
v -0.449393 -0.248179 0.0591552
vn 0 0.001 0
v -0.449393 -0.248179 0.0591552
vn -0 -0.001 0
v -0.432911 -0.277348 0.0877395
vn 0.000113039 0.000991445 -6.5263e-05
v -0.432911 -0.277348 0.0877395
vn -0.000113039 -0.000991445 6.5263e-05
v -0.408254 -0.311561 0.0909135
vn 0.000227292 0.00094693 -0.000227292
v -0.408254 -0.311561 0.0909135
vn -0.000227292 -0.00094693 0.000227292
v -0.471922 -0.214699 0.0507865
vn 0.000130526 0.000991445 0
v -0.471922 -0.214699 0.0507865
vn -0.000130526 -0.000991445 0
v -0.471922 -0.214699 0.0507865
vn 0 0.001 0
v -0.471922 -0.214699 0.0507865
vn -0 -0.001 0
v -0.47314 -0.212869 0.0534867
vn 0.000321439 0.00094693 0
v -0.47314 -0.212869 0.0534867
vn -0.000321439 -0.00094693 -0
v -0.473446 -0.211795 0.0548272
vn 0.000442289 0.000896873 0
v -0.473446 -0.211795 0.0548272
vn -0.000442289 -0.000896873 0
v -0.407724 -0.311365 0.0925634
vn 0.000312745 0.000896873 -0.000312745
v -0.407724 -0.311365 0.0925634
vn -0.000312745 -0.000896873 0.000312745
v -0.407724 -0.311365 0.0925634
vn 0.000392847 0.00083147 -0.000392847
v -0.407724 -0.311365 0.0925634
vn -0.000392847 -0.00083147 0.000392847
v -0.302877 -0.386382 -0.165847
vn -0.000866313 0.000442289 -0.000232128
v -0.302877 -0.386382 -0.165847
vn 0.000866313 -0.000442289 0.000232128
v -0.295257 -0.406407 -0.127239
vn -0.000776715 0.000442289 -0.000448436
v -0.301201 -0.385954 -0.166071
vn -0.000866313 0.000442289 -0.000232128
v -0.301201 -0.385954 -0.166071
vn 0.000866313 -0.000442289 0.000232128
v -0.295257 -0.406407 -0.127239
vn 0.000776715 -0.000442289 0.000448436
v -0.294386 -0.417985 -0.0846389
vn -0.000634185 0.000442289 -0.000634185
v -0.293547 -0.40607 -0.127287
vn -0.000776715 0.000442289 -0.000448436
v -0.293547 -0.40607 -0.127287
vn 0.000776715 -0.000442289 0.000448436
v -0.294386 -0.417985 -0.0846389
vn 0.000634185 -0.000442289 0.000634185
v -0.298637 -0.420052 -0.0406017
vn -0.000448436 0.000442289 -0.000776715
v -0.300324 -0.420324 -0.0409477
vn -0.000448436 0.000442289 -0.000776715
v -0.300324 -0.420324 -0.0409477
vn 0.000448436 -0.000442289 0.000776715
v -0.298637 -0.420052 -0.0406017
vn 0.000448436 -0.000442289 0.000776715
v -0.311034 -0.412963 0.0013926
vn -0.000232128 0.000442289 -0.000866313
v -0.312665 -0.413268 0.000855837
vn -0.000232128 0.000442289 -0.000866313
v -0.312665 -0.413268 0.000855837
vn 0.000232128 -0.000442289 0.000866313
v -0.311034 -0.412963 0.0013926
vn 0.000232128 -0.000442289 0.000866313
v -0.32902 -0.396917 0.0386281
vn 0 0.000442289 -0.000896873
v -0.330569 -0.397296 0.0379229
vn 0 0.000442289 -0.000896873
v -0.330569 -0.397296 0.0379229
vn -0 -0.000442289 0.000896873
v -0.32902 -0.396917 0.0386281
vn -0 -0.000442289 0.000896873
v -0.351367 -0.37301 0.0685688
vn 0.000232128 0.000442289 -0.000866313
v -0.352815 -0.373496 0.0677281
vn 0.000232128 0.000442289 -0.000866313
v -0.352815 -0.373496 0.0677281
vn -0.000232128 -0.000442289 0.000866313
v -0.351367 -0.37301 0.0685688
vn -0.000232128 -0.000442289 0.000866313
v -0.380316 -0.34432 0.0858853
vn 0.000329673 0.00075184 -0.00057101
v -0.380316 -0.34432 0.0858853
vn -0.000329673 -0.00075184 0.00057101
v -0.379149 -0.343978 0.0871367
vn 0.00037592 0.000659346 -0.000651112
v -0.379149 -0.343978 0.0871367
vn -0.00037592 -0.000659346 0.000651112
v -0.377887 -0.343491 0.0882385
vn 0.000415735 0.00055557 -0.000720074
v -0.377887 -0.343491 0.0882385
vn -0.000415735 -0.00055557 0.000720074
v -0.315113 -0.358722 -0.1982
vn -0.00094693 0.000321439 0
v -0.315113 -0.358722 -0.1982
vn 0.00094693 -0.000321439 0
v -0.455922 -0.164826 -0.175599
vn 0 0.000321439 0.00094693
v -0.455922 -0.164826 -0.175599
vn 0 -0.000321439 -0.00094693
v -0.475026 -0.150114 -0.138242
vn 0.000245084 0.000321439 0.000914664
v -0.475026 -0.150114 -0.138242
vn -0.000245084 -0.000321439 -0.000914664
v -0.488253 -0.144556 -0.09634
vn 0.000448436 0.000442289 0.000776715
v -0.488253 -0.144556 -0.09634
vn -0.000448436 -0.000442289 -0.000776715
v -0.494786 -0.14851 -0.0529441
vn 0.000587938 0.00055557 0.000587938
v -0.494786 -0.14851 -0.0529441
vn -0.000587938 -0.00055557 -0.000587938
v -0.494302 -0.16162 -0.0111704
vn 0.000651112 0.000659346 0.00037592
v -0.494302 -0.16162 -0.0111704
vn -0.000651112 -0.000659346 -0.00037592
v -0.486995 -0.182863 0.0260389
vn 0.000636879 0.00075184 0.000170651
v -0.486995 -0.182863 0.0260389
vn -0.000636879 -0.00075184 -0.000170651
v -0.473542 -0.21064 0.05613
vn 0.00055557 0.00083147 0
v -0.473542 -0.21064 0.05613
vn -0.00055557 -0.00083147 0
v -0.458871 -0.216083 0.0405658
vn -0.000999992 0 -4.068e-06
v -0.458871 -0.216083 0.0405658
vn 0.000999992 0 4.068e-06
v -0.458871 -0.216083 0.0405658
vn 0 0.001 0
v -0.458871 -0.216083 0.0405658
vn -0 -0.001 0
v -0.449393 -0.248179 0.0591552
vn -0.000966971 -0 0.000254887
v -0.449393 -0.248179 0.0591552
vn 0.000966971 0 -0.000254887
v -0.454094 -0.244835 0.0723828
vn 0.000126079 0.000991445 -3.3783e-05
v -0.454094 -0.244835 0.0723828
vn -0.000126079 -0.000991445 3.3783e-05
v -0.432911 -0.277348 0.0877395
vn 0.000278375 0.00094693 -0.00016072
v -0.432911 -0.277348 0.0877395
vn -0.000278375 -0.00094693 0.00016072
v -0.47314 -0.212869 0.0534867
vn 0.000130526 0.000991445 0
v -0.47314 -0.212869 0.0534867
vn -0.000130526 -0.000991445 0
v -0.454921 -0.243666 0.0755562
vn 0.000126079 0.000991445 -3.3783e-05
v -0.454921 -0.243666 0.0755562
vn -0.000126079 -0.000991445 3.3783e-05
v -0.473446 -0.211795 0.0548272
vn 0.000321439 0.00094693 0
v -0.473446 -0.211795 0.0548272
vn -0.000321439 -0.00094693 -0
v -0.473542 -0.21064 0.05613
vn 0.000442289 0.000896873 0
v -0.473542 -0.21064 0.05613
vn -0.000442289 -0.000896873 0
v -0.432804 -0.276936 0.0894308
vn 0.000383033 0.000896873 -0.000221144
v -0.432804 -0.276936 0.0894308
vn -0.000383033 -0.000896873 0.000221144
v -0.407027 -0.311037 0.0941286
vn 0.000392847 0.00083147 -0.000392847
v -0.407027 -0.311037 0.0941286
vn -0.000392847 -0.00083147 0.000392847
v -0.292672 -0.417701 -0.0844924
vn -0.000634185 0.000442289 -0.000634185
v -0.292672 -0.417701 -0.0844924
vn 0.000634185 -0.000442289 0.000634185
v -0.376554 -0.342868 0.0891742
vn 0.000448436 0.000442289 -0.000776715
v -0.376554 -0.342868 0.0891742
vn -0.000448436 -0.000442289 0.000776715
v -0.407027 -0.311037 0.0941286
vn 0.000466228 0.00075184 -0.000466228
v -0.407027 -0.311037 0.0941286
vn -0.000466228 -0.00075184 0.000466228
v -0.380316 -0.34432 0.0858853
vn 0.00037592 0.000659346 -0.000651112
v -0.380316 -0.34432 0.0858853
vn -0.00037592 -0.000659346 0.000651112
v -0.379149 -0.343978 0.0871367
vn 0.000415735 0.00055557 -0.000720074
v -0.379149 -0.343978 0.0871367
vn -0.000415735 -0.00055557 0.000720074
v -0.377887 -0.343491 0.0882385
vn 0.000448436 0.000442289 -0.000776715
v -0.377887 -0.343491 0.0882385
vn -0.000448436 -0.000442289 0.000776715
v -0.353238 -0.287803 -0.234615
vn -0.000858616 0.000130526 0.000495722
v -0.381835 -0.253488 -0.236208
vn -0.000701057 0.000130526 0.000701057
v -0.356111 -0.289769 -0.234656
vn -0.000858616 0.000130526 0.000495722
v -0.356111 -0.289769 -0.234656
vn 0.000858616 -0.000130526 -0.000495722
v -0.381835 -0.253488 -0.236208
vn 0.000701057 -0.000130526 -0.000701057
v -0.353238 -0.287803 -0.234615
vn 0.000858616 -0.000130526 -0.000495722
v -0.329877 -0.323553 -0.221684
vn -0.000957662 0.000130526 0.000256605
v -0.332812 -0.325424 -0.221759
vn -0.000957662 0.000130526 0.000256605
v -0.332812 -0.325424 -0.221759
vn 0.000957662 -0.000130526 -0.000256605
v -0.329877 -0.323553 -0.221684
vn 0.000957662 -0.000130526 -0.000256605
v -0.313526 -0.358024 -0.198397
vn -0.00094693 0.000321439 0
v -0.313526 -0.358024 -0.198397
vn 0.00094693 -0.000321439 0
v -0.37903 -0.251425 -0.236172
vn -0.000701057 0.000130526 0.000701057
v -0.408231 -0.219053 -0.226311
vn -0.000495722 0.000130526 0.000858616
v -0.408231 -0.219053 -0.226311
vn 0.000495722 -0.000130526 -0.000858616
v -0.37903 -0.251425 -0.236172
vn 0.000701057 -0.000130526 -0.000701057
v -0.405496 -0.2169 -0.226248
vn -0.000495722 0.000130526 0.000858616
v -0.433501 -0.188813 -0.205638
vn -0.000256605 0.000130526 0.000957662
v -0.433501 -0.188813 -0.205638
vn 0.000256605 -0.000130526 -0.000957662
v -0.405496 -0.2169 -0.226248
vn 0.000495722 -0.000130526 -0.000858616
v -0.430834 -0.186577 -0.20552
vn -0.000256605 0.000130526 0.000957662
v -0.455922 -0.164826 -0.175599
vn 0 0.000130526 0.000991445
v -0.455922 -0.164826 -0.175599
vn 0 -0.000130526 -0.000991445
v -0.430834 -0.186577 -0.20552
vn 0.000256605 -0.000130526 -0.000957662
v -0.473966 -0.148728 -0.13824
vn 0.000245084 0.000321439 0.000914664
v -0.473966 -0.148728 -0.13824
vn -0.000245084 -0.000321439 -0.000914664
v -0.487423 -0.143026 -0.0962467
vn 0.000448436 0.000442289 0.000776715
v -0.487423 -0.143026 -0.0962467
vn -0.000448436 -0.000442289 -0.000776715
v -0.494191 -0.146896 -0.0526496
vn 0.000587938 0.00055557 0.000587938
v -0.494191 -0.146896 -0.0526496
vn -0.000587938 -0.00055557 -0.000587938
v -0.49392 -0.160021 -0.010588
vn 0.000651112 0.000659346 0.00037592
v -0.49392 -0.160021 -0.010588
vn -0.000651112 -0.000659346 -0.00037592
v -0.486779 -0.181394 0.0269537
vn 0.000636879 0.00075184 0.000170651
v -0.486779 -0.181394 0.0269537
vn -0.000636879 -0.00075184 -0.000170651
v -0.473427 -0.209422 0.0573734
vn 0.00055557 0.00083147 0
v -0.473427 -0.209422 0.0573734
vn -0.00055557 -0.00083147 0
v -0.432804 -0.276936 0.0894308
vn 0.000278375 0.00094693 -0.00016072
v -0.432804 -0.276936 0.0894308
vn -0.000278375 -0.00094693 0.00016072
v -0.45504 -0.242907 0.0771229
vn 0.000310487 0.00094693 -8.3195e-05
v -0.45504 -0.242907 0.0771229
vn -0.000310487 -0.00094693 8.3195e-05
v -0.454959 -0.242051 0.0786404
vn 0.000427218 0.000896873 -0.000114473
v -0.454959 -0.242051 0.0786404
vn -0.000427218 -0.000896873 0.000114473
v -0.43251 -0.276407 0.0910667
vn 0.000383033 0.000896873 -0.000221144
v -0.43251 -0.276407 0.0910667
vn -0.000383033 -0.000896873 0.000221144
v -0.43251 -0.276407 0.0910667
vn 0.000481138 0.00083147 -0.000277785
v -0.43251 -0.276407 0.0910667
vn -0.000481138 -0.00083147 0.000277785
v -0.301201 -0.385954 -0.166071
vn -0.000914664 0.000321439 -0.000245084
v -0.301201 -0.385954 -0.166071
vn 0.000914664 -0.000321439 0.000245084
v -0.293547 -0.40607 -0.127287
vn -0.000820066 0.000321439 -0.000473465
v -0.299568 -0.385346 -0.166162
vn -0.000914664 0.000321439 -0.000245084
v -0.299568 -0.385346 -0.166162
vn 0.000914664 -0.000321439 0.000245084
v -0.293547 -0.40607 -0.127287
vn 0.000820066 -0.000321439 0.000473465
v -0.292672 -0.417701 -0.0844924
vn -0.000669581 0.000321439 -0.000669581
v -0.291889 -0.405529 -0.12725
vn -0.000820066 0.000321439 -0.000473465
v -0.291889 -0.405529 -0.12725
vn 0.000820066 -0.000321439 0.000473465
v -0.292672 -0.417701 -0.0844924
vn 0.000669581 -0.000321439 0.000669581
v -0.296996 -0.419556 -0.0402782
vn -0.000473465 0.000321439 -0.000820066
v -0.298637 -0.420052 -0.0406017
vn -0.000473465 0.000321439 -0.000820066
v -0.298637 -0.420052 -0.0406017
vn 0.000473465 -0.000321439 0.000820066
v -0.296996 -0.419556 -0.0402782
vn 0.000473465 -0.000321439 0.000820066
v -0.309434 -0.412444 0.00185367
vn -0.000245084 0.000321439 -0.000914664
v -0.311034 -0.412963 0.0013926
vn -0.000245084 0.000321439 -0.000914664
v -0.311034 -0.412963 0.0013926
vn 0.000245084 -0.000321439 0.000914664
v -0.309434 -0.412444 0.00185367
vn 0.000245084 -0.000321439 0.000914664
v -0.327479 -0.396346 0.0392133
vn 0 0.000321439 -0.00094693
v -0.32902 -0.396917 0.0386281
vn 0 0.000321439 -0.00094693
v -0.32902 -0.396917 0.0386281
vn -0 -0.000321439 0.00094693
v -0.327479 -0.396346 0.0392133
vn -0 -0.000321439 0.00094693
v -0.3499 -0.372359 0.0692522
vn 0.000245084 0.000321439 -0.000914664
v -0.351367 -0.37301 0.0685688
vn 0.000245084 0.000321439 -0.000914664
v -0.351367 -0.37301 0.0685688
vn -0.000245084 -0.000321439 0.000914664
v -0.3499 -0.372359 0.0692522
vn -0.000245084 -0.000321439 0.000914664
v -0.37517 -0.342118 0.0899253
vn 0.000473465 0.000321439 -0.000820066
v -0.376554 -0.342868 0.0891742
vn 0.000473465 0.000321439 -0.000820066
v -0.376554 -0.342868 0.0891742
vn -0.000473465 -0.000321439 0.000820066
v -0.37517 -0.342118 0.0899253
vn -0.000473465 -0.000321439 0.000820066
v -0.406178 -0.310582 0.0955827
vn 0.000466228 0.00075184 -0.000466228
v -0.406178 -0.310582 0.0955827
vn -0.000466228 -0.00075184 0.000466228
v -0.406178 -0.310582 0.0955827
vn 0.000531631 0.000659346 -0.000531631
v -0.406178 -0.310582 0.0955827
vn -0.000531631 -0.000659346 0.000531631
v -0.404077 -0.309327 0.0980587
vn 0.000587938 0.00055557 -0.000587938
v -0.404077 -0.309327 0.0980587
vn -0.000587938 -0.00055557 0.000587938
v -0.402863 -0.308547 0.0990385
vn 0.000634185 0.000442289 -0.000634185
v -0.402863 -0.308547 0.0990385
vn -0.000634185 -0.000442289 0.000634185
v -0.313526 -0.358024 -0.198397
vn -0.000991445 0.000130526 0
v -0.313526 -0.358024 -0.198397
vn 0.000991445 -0.000130526 0
v -0.453315 -0.162527 -0.175401
vn 0 0.000130526 0.000991445
v -0.453315 -0.162527 -0.175401
vn 0 -0.000130526 -0.000991445
v -0.473966 -0.148728 -0.13824
vn 0.000256605 0.000130526 0.000957662
v -0.473966 -0.148728 -0.13824
vn -0.000256605 -0.000130526 -0.000957662
v -0.487423 -0.143026 -0.0962467
vn 0.000473465 0.000321439 0.000820066
v -0.487423 -0.143026 -0.0962467
vn -0.000473465 -0.000321439 -0.000820066
v -0.494191 -0.146896 -0.0526496
vn 0.000634185 0.000442289 0.000634185
v -0.494191 -0.146896 -0.0526496
vn -0.000634185 -0.000442289 -0.000634185
v -0.49332 -0.158474 -0.0100479
vn 0.000720074 0.00055557 0.000415735
v -0.49332 -0.158474 -0.0100479
vn -0.000720074 -0.00055557 -0.000415735
v -0.49392 -0.160021 -0.010588
vn 0.000720074 0.00055557 0.000415735
v -0.49392 -0.160021 -0.010588
vn -0.000720074 -0.00055557 -0.000415735
v -0.486345 -0.179931 0.0277991
vn 0.000726221 0.000659346 0.00019459
v -0.486345 -0.179931 0.0277991
vn -0.000726221 -0.000659346 -0.00019459
v -0.486779 -0.181394 0.0269537
vn 0.000726221 0.000659346 0.00019459
v -0.486779 -0.181394 0.0269537
vn -0.000726221 -0.000659346 -0.00019459
v -0.473427 -0.209422 0.0573734
vn 0.000659346 0.00075184 0
v -0.473427 -0.209422 0.0573734
vn -0.000659346 -0.00075184 0
v -0.454681 -0.24111 0.0800826
vn 0.00053664 0.00083147 -0.000143792
v -0.454681 -0.24111 0.0800826
vn -0.00053664 -0.00083147 0.000143792
v -0.454921 -0.243666 0.0755562
vn 0.000310487 0.00094693 -8.3195e-05
v -0.454921 -0.243666 0.0755562
vn -0.000310487 -0.00094693 8.3195e-05
v -0.45504 -0.242907 0.0771229
vn 0.000427218 0.000896873 -0.000114473
v -0.45504 -0.242907 0.0771229
vn -0.000427218 -0.000896873 0.000114473
v -0.454959 -0.242051 0.0786404
vn 0.00053664 0.00083147 -0.000143792
v -0.454959 -0.242051 0.0786404
vn -0.00053664 -0.00083147 0.000143792
v -0.432032 -0.27577 0.0926194
vn 0.000481138 0.00083147 -0.000277785
v -0.432032 -0.27577 0.0926194
vn -0.000481138 -0.00083147 0.000277785
v -0.291011 -0.417197 -0.084313
vn -0.000669581 0.000321439 -0.000669581
v -0.291011 -0.417197 -0.084313
vn 0.000669581 -0.000321439 0.000669581
v -0.401566 -0.307684 0.0998228
vn 0.000669581 0.000321439 -0.000669581
v -0.401566 -0.307684 0.0998228
vn -0.000669581 -0.000321439 0.000669581
v -0.432032 -0.27577 0.0926194
vn 0.00057101 0.00075184 -0.000329673
v -0.432032 -0.27577 0.0926194
vn -0.00057101 -0.00075184 0.000329673
v -0.405189 -0.310009 0.0969004
vn 0.000531631 0.000659346 -0.000531631
v -0.405189 -0.310009 0.0969004
vn -0.000531631 -0.000659346 0.000531631
v -0.405189 -0.310009 0.0969004
vn 0.000587938 0.00055557 -0.000587938
v -0.405189 -0.310009 0.0969004
vn -0.000587938 -0.00055557 0.000587938
v -0.404077 -0.309327 0.0980587
vn 0.000634185 0.000442289 -0.000634185
v -0.404077 -0.309327 0.0980587
vn -0.000634185 -0.000442289 0.000634185
v -0.402863 -0.308547 0.0990385
vn 0.000669581 0.000321439 -0.000669581
v -0.402863 -0.308547 0.0990385
vn -0.000669581 -0.000321439 0.000669581
v -0.353238 -0.287803 -0.234615
vn -0.000866025 0 0.0005
v -0.370206 -0.245103 -0.234635
vn -0.000707107 0 0.000707107
v -0.37903 -0.251425 -0.236172
vn -0.000707107 0 0.000707107
v -0.37903 -0.251425 -0.236172
vn 0.000707107 0 -0.000707107
v -0.370206 -0.245103 -0.234635
vn 0.000707107 0 -0.000707107
v -0.353238 -0.287803 -0.234615
vn 0.000866025 0 -0.0005
v -0.329877 -0.323553 -0.221684
vn -0.000965926 0 0.000258819
v -0.344414 -0.281481 -0.233078
vn -0.000866025 0 0.0005
v -0.344414 -0.281481 -0.233078
vn 0.000866025 0 -0.0005
v -0.329877 -0.323553 -0.221684
vn 0.000965926 0 -0.000258819
v -0.31054 -0.35624 -0.198259
vn -0.000991445 0.000130526 0
v -0.31054 -0.35624 -0.198259
vn 0.000991445 -0.000130526 0
v -0.405496 -0.2169 -0.226248
vn -0.0005 0 0.000866025
v -0.405496 -0.2169 -0.226248
vn 0.0005 0 -0.000866025
v -0.396673 -0.210578 -0.224711
vn -0.0005 0 0.000866025
v -0.430834 -0.186577 -0.20552
vn -0.000258819 0 0.000965926
v -0.430834 -0.186577 -0.20552
vn 0.000258819 0 -0.000965926
v -0.396673 -0.210578 -0.224711
vn 0.0005 0 -0.000866025
v -0.42201 -0.180255 -0.203982
vn -0.000258819 0 0.000965926
v -0.453315 -0.162527 -0.175401
vn 0 0 0.001
v -0.453315 -0.162527 -0.175401
vn 0 0 -0.001
v -0.42201 -0.180255 -0.203982
vn 0.000258819 0 -0.000965926
v -0.471408 -0.146386 -0.137942
vn 0.000256605 0.000130526 0.000957662
v -0.471408 -0.146386 -0.137942
vn -0.000256605 -0.000130526 -0.000957662
v -0.486405 -0.141616 -0.0961073
vn 0.000473465 0.000321439 0.000820066
v -0.486405 -0.141616 -0.0961073
vn -0.000473465 -0.000321439 -0.000820066
v -0.493388 -0.145376 -0.0523566
vn 0.000634185 0.000442289 0.000634185
v -0.493388 -0.145376 -0.0523566
vn -0.000634185 -0.000442289 -0.000634185
v -0.492513 -0.157006 -0.0095615
vn 0.000776715 0.000442289 0.000448436
v -0.49332 -0.158474 -0.0100479
vn 0.000776715 0.000442289 0.000448436
v -0.49332 -0.158474 -0.0100479
vn -0.000776715 -0.000442289 -0.000448436
v -0.492513 -0.157006 -0.0095615
vn -0.000776715 -0.000442289 -0.000448436
v -0.485701 -0.178499 0.0285593
vn 0.000803138 0.00055557 0.0002152
v -0.485701 -0.178499 0.0285593
vn -0.000803138 -0.00055557 -0.0002152
v -0.486345 -0.179931 0.0277991
vn 0.000803138 0.00055557 0.0002152
v -0.486345 -0.179931 0.0277991
vn -0.000803138 -0.00055557 -0.0002152
v -0.472575 -0.206885 0.0595991
vn 0.00075184 0.000659346 0
v -0.472575 -0.206885 0.0595991
vn -0.00075184 -0.000659346 0
v -0.473103 -0.208163 0.0585368
vn 0.000659346 0.00075184 0
v -0.473103 -0.208163 0.0585368
vn -0.000659346 -0.00075184 0
v -0.454208 -0.240103 0.0814259
vn 0.000636879 0.00075184 -0.000170651
v -0.454681 -0.24111 0.0800826
vn 0.000636879 0.00075184 -0.000170651
v -0.454681 -0.24111 0.0800826
vn -0.000636879 -0.00075184 0.000170651
v -0.454208 -0.240103 0.0814259
vn -0.000636879 -0.00075184 0.000170651
v -0.299568 -0.385346 -0.166162
vn -0.000957662 0.000130526 -0.000256605
v -0.299568 -0.385346 -0.166162
vn 0.000957662 -0.000130526 0.000256605
v -0.291889 -0.405529 -0.12725
vn -0.000858616 0.000130526 -0.000495722
v -0.296544 -0.383635 -0.165938
vn -0.000957662 0.000130526 -0.000256605
v -0.296544 -0.383635 -0.165938
vn 0.000957662 -0.000130526 0.000256605
v -0.291889 -0.405529 -0.12725
vn 0.000858616 -0.000130526 0.000495722
v -0.291011 -0.417197 -0.084313
vn -0.000701057 0.000130526 -0.000701057
v -0.288845 -0.403871 -0.126923
vn -0.000858616 0.000130526 -0.000495722
v -0.288845 -0.403871 -0.126923
vn 0.000858616 -0.000130526 0.000495722
v -0.291011 -0.417197 -0.084313
vn 0.000701057 -0.000130526 0.000701057
v -0.293965 -0.417935 -0.0397206
vn -0.000495722 0.000130526 -0.000858616
v -0.296996 -0.419556 -0.0402782
vn -0.000495722 0.000130526 -0.000858616
v -0.296996 -0.419556 -0.0402782
vn 0.000495722 -0.000130526 0.000858616
v -0.293965 -0.417935 -0.0397206
vn 0.000495722 -0.000130526 0.000858616
v -0.306436 -0.410805 0.00252572
vn -0.000256605 0.000130526 -0.000957662
v -0.309434 -0.412444 0.00185367
vn -0.000256605 0.000130526 -0.000957662
v -0.309434 -0.412444 0.00185367
vn 0.000256605 -0.000130526 0.000957662
v -0.306436 -0.410805 0.00252572
vn 0.000256605 -0.000130526 0.000957662
v -0.324529 -0.394663 0.0399835
vn 0 0.000130526 -0.000991445
v -0.327479 -0.396346 0.0392133
vn 0 0.000130526 -0.000991445
v -0.327479 -0.396346 0.0392133
vn 0 -0.000130526 0.000991445
v -0.324529 -0.394663 0.0399835
vn 0 -0.000130526 0.000991445
v -0.34701 -0.370613 0.0701037
vn 0.000256605 0.000130526 -0.000957662
v -0.3499 -0.372359 0.0692522
vn 0.000256605 0.000130526 -0.000957662
v -0.3499 -0.372359 0.0692522
vn -0.000256605 -0.000130526 0.000957662
v -0.34701 -0.370613 0.0701037
vn -0.000256605 -0.000130526 0.000957662
v -0.372347 -0.340291 0.0908305
vn 0.000495722 0.000130526 -0.000858616
v -0.37517 -0.342118 0.0899253
vn 0.000495722 0.000130526 -0.000858616
v -0.37517 -0.342118 0.0899253
vn -0.000495722 -0.000130526 0.000858616
v -0.372347 -0.340291 0.0908305
vn -0.000495722 -0.000130526 0.000858616
v -0.398814 -0.305765 0.100754
vn 0.000701057 0.000130526 -0.000701057
v -0.401566 -0.307684 0.0998228
vn 0.000701057 0.000130526 -0.000701057
v -0.401566 -0.307684 0.0998228
vn -0.000701057 -0.000130526 0.000701057
v -0.398814 -0.305765 0.100754
vn -0.000701057 -0.000130526 0.000701057
v -0.431381 -0.275036 0.094061
vn 0.00057101 0.00075184 -0.000329673
v -0.431381 -0.275036 0.094061
vn -0.00057101 -0.00075184 0.000329673
v -0.431381 -0.275036 0.094061
vn 0.000651112 0.000659346 -0.00037592
v -0.431381 -0.275036 0.094061
vn -0.000651112 -0.000659346 0.00037592
v -0.4296 -0.273329 0.0965186
vn 0.000720074 0.00055557 -0.000415735
v -0.4296 -0.273329 0.0965186
vn -0.000720074 -0.00055557 0.000415735
v -0.428503 -0.272385 0.0974907
vn 0.000776715 0.000442289 -0.000448436
v -0.428503 -0.272385 0.0974907
vn -0.000776715 -0.000442289 0.000448436
v -0.42729 -0.271403 0.0982699
vn 0.000820066 0.000321439 -0.000473465
v -0.42729 -0.271403 0.0982699
vn -0.000820066 -0.000321439 0.000473465
v -0.321053 -0.317231 -0.220147
vn -0.000965926 0 0.000258819
v -0.321053 -0.317231 -0.220147
vn 0.000965926 0 -0.000258819
v -0.31054 -0.35624 -0.198259
vn -0.001 0 0
v -0.31054 -0.35624 -0.198259
vn 0.001 0 0
v -0.444491 -0.156205 -0.173863
vn 0 0 0.001
v -0.444491 -0.156205 -0.173863
vn 0 0 -0.001
v -0.471408 -0.146386 -0.137942
vn 0.000258819 0 0.000965926
v -0.471408 -0.146386 -0.137942
vn -0.000258819 0 -0.000965926
v -0.486405 -0.141616 -0.0961073
vn 0.000495722 0.000130526 0.000858616
v -0.486405 -0.141616 -0.0961073
vn -0.000495722 -0.000130526 -0.000858616
v -0.493388 -0.145376 -0.0523566
vn 0.000669581 0.000321439 0.000669581
v -0.493388 -0.145376 -0.0523566
vn -0.000669581 -0.000321439 -0.000669581
v -0.484859 -0.177123 0.0292217
vn 0.000866313 0.000442289 0.000232128
v -0.484859 -0.177123 0.0292217
vn -0.000866313 -0.000442289 -0.000232128
v -0.485701 -0.178499 0.0285593
vn 0.000866313 0.000442289 0.000232128
v -0.485701 -0.178499 0.0285593
vn -0.000866313 -0.000442289 -0.000232128
v -0.471852 -0.205608 0.0605427
vn 0.00083147 0.00055557 0
v -0.471852 -0.205608 0.0605427
vn -0.00083147 -0.00055557 0
v -0.473103 -0.208163 0.0585368
vn 0.00075184 0.000659346 0
v -0.473103 -0.208163 0.0585368
vn -0.00075184 -0.000659346 0
v -0.472575 -0.206885 0.0595991
vn 0.00083147 0.00055557 0
v -0.472575 -0.206885 0.0595991
vn -0.00083147 -0.00055557 0
v -0.287965 -0.415571 -0.0838725
vn -0.000701057 0.000130526 -0.000701057
v -0.287965 -0.415571 -0.0838725
vn 0.000701057 -0.000130526 0.000701057
v -0.424607 -0.269387 0.0991981
vn 0.000858616 0.000130526 -0.000495722
v -0.424607 -0.269387 0.0991981
vn -0.000858616 -0.000130526 0.000495722
v -0.430566 -0.274218 0.0953679
vn 0.000651112 0.000659346 -0.00037592
v -0.430566 -0.274218 0.0953679
vn -0.000651112 -0.000659346 0.00037592
v -0.430566 -0.274218 0.0953679
vn 0.000720074 0.00055557 -0.000415735
v -0.430566 -0.274218 0.0953679
vn -0.000720074 -0.00055557 0.000415735
v -0.4296 -0.273329 0.0965186
vn 0.000776715 0.000442289 -0.000448436
v -0.4296 -0.273329 0.0965186
vn -0.000776715 -0.000442289 0.000448436
v -0.428503 -0.272385 0.0974907
vn 0.000820066 0.000321439 -0.000473465
v -0.428503 -0.272385 0.0974907
vn -0.000820066 -0.000321439 0.000473465
v -0.42729 -0.271403 0.0982699
vn 0.000858616 0.000130526 -0.000495722
v -0.42729 -0.271403 0.0982699
vn -0.000858616 -0.000130526 0.000495722
v -0.344414 -0.281481 -0.233078
vn -0.000536367 0.00078512 0.000309672
v -0.369103 -0.244126 -0.236028
vn -0.000481955 0.000731737 0.000481955
v -0.370206 -0.245103 -0.234635
vn -0.000437942 0.00078512 0.000437942
v -0.370206 -0.245103 -0.234635
vn 0.000437942 -0.00078512 -0.000437942
v -0.369103 -0.244126 -0.236028
vn 0.000481955 -0.000731737 -0.000481955
v -0.344414 -0.281481 -0.233078
vn 0.000536367 -0.00078512 -0.000309672
v -0.321053 -0.317231 -0.220147
vn -0.00059824 0.00078512 0.000160298
v -0.343071 -0.280842 -0.234456
vn -0.000590272 0.000731737 0.000340793
v -0.343071 -0.280842 -0.234456
vn 0.000590272 -0.000731737 -0.000340793
v -0.321053 -0.317231 -0.220147
vn 0.00059824 -0.00078512 -0.000160298
v -0.301716 -0.349918 -0.196722
vn -0.001 0 0
v -0.301716 -0.349918 -0.196722
vn 0.001 0 0
v -0.395816 -0.209278 -0.226011
vn -0.000340793 0.000731737 0.000590272
v -0.396673 -0.210578 -0.224711
vn -0.000309672 0.00078512 0.000536367
v -0.396673 -0.210578 -0.224711
vn 0.000309672 -0.00078512 -0.000536367
v -0.395816 -0.209278 -0.226011
vn 0.000340793 -0.000731737 -0.000590272
v -0.42139 -0.178674 -0.20509
vn -0.000176408 0.000731737 0.000658362
v -0.42201 -0.180255 -0.203982
vn -0.000160298 0.00078512 0.00059824
v -0.42201 -0.180255 -0.203982
vn 0.000160298 -0.00078512 -0.00059824
v -0.42139 -0.178674 -0.20509
vn 0.000176408 -0.000731737 -0.000658362
v -0.44408 -0.154399 -0.17469
vn 0 0.000731737 0.000681587
v -0.444491 -0.156205 -0.173863
vn 0 0.00078512 0.000619343
v -0.444491 -0.156205 -0.173863
vn 0 -0.00078512 -0.000619343
v -0.44408 -0.154399 -0.17469
vn 0 -0.000731737 -0.000681587
v -0.462584 -0.140064 -0.136405
vn 0.000258819 0 0.000965926
v -0.462584 -0.140064 -0.136405
vn -0.000258819 0 -0.000965926
v -0.483879 -0.139255 -0.0956973
vn 0.000495722 0.000130526 0.000858616
v -0.483879 -0.139255 -0.0956973
vn -0.000495722 -0.000130526 -0.000858616
v -0.492389 -0.143974 -0.0520725
vn 0.000669581 0.000321439 0.000669581
v -0.492389 -0.143974 -0.0520725
vn -0.000669581 -0.000321439 -0.000669581
v -0.491512 -0.155642 -0.00913639
vn 0.000820066 0.000321439 0.000473465
v -0.492513 -0.157006 -0.0095615
vn 0.000820066 0.000321439 0.000473465
v -0.492513 -0.157006 -0.0095615
vn -0.000820066 -0.000321439 -0.000473465
v -0.491512 -0.155642 -0.00913639
vn -0.000820066 -0.000321439 -0.000473465
v -0.483833 -0.175825 0.0297761
vn 0.000914664 0.000321439 0.000245084
v -0.484859 -0.177123 0.0292217
vn 0.000914664 0.000321439 0.000245084
v -0.484859 -0.177123 0.0292217
vn -0.000914664 -0.000321439 -0.000245084
v -0.483833 -0.175825 0.0297761
vn -0.000914664 -0.000321439 -0.000245084
v -0.470947 -0.204355 0.0613517
vn 0.000896873 0.000442289 0
v -0.470947 -0.204355 0.0613517
vn -0.000896873 -0.000442289 0
v -0.471852 -0.205608 0.0605427
vn 0.000896873 0.000442289 0
v -0.471852 -0.205608 0.0605427
vn -0.000896873 -0.000442289 0
v -0.454208 -0.240103 0.0814259
vn 0.000726221 0.000659346 -0.00019459
v -0.454208 -0.240103 0.0814259
vn -0.000726221 -0.000659346 0.00019459
v -0.45355 -0.239044 0.0826461
vn 0.000803138 0.00055557 -0.0002152
v -0.45355 -0.239044 0.0826461
vn -0.000803138 -0.00055557 0.0002152
v -0.45355 -0.239044 0.0826461
vn 0.000726221 0.000659346 -0.00019459
v -0.45355 -0.239044 0.0826461
vn -0.000726221 -0.000659346 0.00019459
v -0.296544 -0.383635 -0.165938
vn -0.000965926 0 -0.000258819
v -0.296544 -0.383635 -0.165938
vn 0.000965926 0 0.000258819
v -0.288845 -0.403871 -0.126923
vn -0.000866025 0 -0.0005
v -0.287721 -0.377313 -0.164401
vn -0.000965926 0 -0.000258819
v -0.287721 -0.377313 -0.164401
vn 0.000965926 0 0.000258819
v -0.288845 -0.403871 -0.126923
vn 0.000866025 0 0.0005
v -0.287965 -0.415571 -0.0838725
vn -0.000707107 0 -0.000707107
v -0.280021 -0.397549 -0.125385
vn -0.000866025 0 -0.0005
v -0.280021 -0.397549 -0.125385
vn 0.000866025 0 0.0005
v -0.287965 -0.415571 -0.0838725
vn 0.000707107 0 0.000707107
v -0.285141 -0.411614 -0.0381828
vn -0.0005 0 -0.000866025
v -0.293965 -0.417935 -0.0397206
vn -0.0005 0 -0.000866025
v -0.293965 -0.417935 -0.0397206
vn 0.0005 0 0.000866025
v -0.285141 -0.411614 -0.0381828
vn 0.0005 0 0.000866025
v -0.297613 -0.404483 0.00406344
vn -0.000258819 0 -0.000965926
v -0.306436 -0.410805 0.00252572
vn -0.000258819 0 -0.000965926
v -0.306436 -0.410805 0.00252572
vn 0.000258819 0 0.000965926
v -0.297613 -0.404483 0.00406344
vn 0.000258819 0 0.000965926
v -0.315706 -0.388341 0.0415212
vn 0 0 -0.001
v -0.324529 -0.394663 0.0399835
vn 0 0 -0.001
v -0.324529 -0.394663 0.0399835
vn 0 0 0.001
v -0.315706 -0.388341 0.0415212
vn 0 0 0.001
v -0.338186 -0.364292 0.0716414
vn 0.000258819 0 -0.000965926
v -0.34701 -0.370613 0.0701037
vn 0.000258819 0 -0.000965926
v -0.34701 -0.370613 0.0701037
vn -0.000258819 0 0.000965926
v -0.338186 -0.364292 0.0716414
vn -0.000258819 0 0.000965926
v -0.363524 -0.333969 0.0923683
vn 0.0005 0 -0.000866025
v -0.372347 -0.340291 0.0908305
vn 0.0005 0 -0.000866025
v -0.372347 -0.340291 0.0908305
vn -0.0005 0 0.000866025
v -0.363524 -0.333969 0.0923683
vn -0.0005 0 0.000866025
v -0.38999 -0.299443 0.102292
vn 0.000707107 0 -0.000707107
v -0.398814 -0.305765 0.100754
vn 0.000707107 0 -0.000707107
v -0.398814 -0.305765 0.100754
vn -0.000707107 0 0.000707107
v -0.38999 -0.299443 0.102292
vn -0.000707107 0 0.000707107
v -0.424607 -0.269387 0.0991981
vn 0.000866025 0 -0.0005
v -0.424607 -0.269387 0.0991981
vn -0.000866025 0 0.0005
v -0.452717 -0.237952 0.083722
vn 0.000803138 0.00055557 -0.0002152
v -0.452717 -0.237952 0.083722
vn -0.000803138 -0.00055557 0.0002152
v -0.451725 -0.236848 0.0846364
vn 0.000866313 0.000442289 -0.000232128
v -0.451725 -0.236848 0.0846364
vn -0.000866313 -0.000442289 0.000232128
v -0.450589 -0.235747 0.0853735
vn 0.000914664 0.000321439 -0.000245084
v -0.450589 -0.235747 0.0853735
vn -0.000914664 -0.000321439 0.000245084
v -0.447967 -0.233637 0.0862673
vn 0.000957662 0.000130526 -0.000256605
v -0.447967 -0.233637 0.0862673
vn -0.000957662 -0.000130526 0.000256605
v -0.319492 -0.316926 -0.221405
vn -0.000658362 0.000731737 0.000176408
v -0.319492 -0.316926 -0.221405
vn 0.000658362 -0.000731737 -0.000176408
v -0.301716 -0.349918 -0.196722
vn -0.000619343 0.00078512 0
v -0.301716 -0.349918 -0.196722
vn 0.000619343 -0.00078512 0
v -0.462584 -0.140064 -0.136405
vn 0.000160298 0.00078512 0.00059824
v -0.462584 -0.140064 -0.136405
vn -0.000160298 -0.00078512 -0.00059824
v -0.483879 -0.139255 -0.0956973
vn 0.0005 0 0.000866025
v -0.483879 -0.139255 -0.0956973
vn -0.0005 0 -0.000866025
v -0.492389 -0.143974 -0.0520725
vn 0.000701057 0.000130526 0.000701057
v -0.492389 -0.143974 -0.0520725
vn -0.000701057 -0.000130526 -0.000701057
v -0.469874 -0.203148 0.0620111
vn 0.00094693 0.000321439 0
v -0.469874 -0.203148 0.0620111
vn -0.00094693 -0.000321439 0
v -0.470947 -0.204355 0.0613517
vn 0.00094693 0.000321439 0
v -0.470947 -0.204355 0.0613517
vn -0.00094693 -0.000321439 0
v -0.452717 -0.237952 0.083722
vn 0.000866313 0.000442289 -0.000232128
v -0.452717 -0.237952 0.083722
vn -0.000866313 -0.000442289 0.000232128
v -0.279141 -0.409249 -0.0823348
vn -0.000707107 0 -0.000707107
v -0.279141 -0.409249 -0.0823348
vn 0.000707107 0 0.000707107
v -0.415783 -0.263065 0.100736
vn 0.000866025 0 -0.0005
v -0.415783 -0.263065 0.100736
vn -0.000866025 0 0.0005
v -0.451725 -0.236848 0.0846364
vn 0.000914664 0.000321439 -0.000245084
v -0.451725 -0.236848 0.0846364
vn -0.000914664 -0.000321439 0.000245084
v -0.450589 -0.235747 0.0853735
vn 0.000957662 0.000130526 -0.000256605
v -0.450589 -0.235747 0.0853735
vn -0.000957662 -0.000130526 0.000256605
v -0.447967 -0.233637 0.0862673
vn 0.000965926 0 -0.000258819
v -0.447967 -0.233637 0.0862673
vn -0.000965926 0 0.000258819
v -0.367817 -0.243044 -0.237164
vn -0.000560035 0.000610509 0.000560035
v -0.367817 -0.243044 -0.237164
vn 0.000560035 -0.000610509 -0.000560035
v -0.394742 -0.20792 -0.227068
vn -0.000396005 0.000610509 0.0006859
v -0.394742 -0.20792 -0.227068
vn 0.000396005 -0.000610509 -0.0006859
v -0.317813 -0.31642 -0.222424
vn -0.000765022 0.000610509 0.000204987
v -0.317813 -0.31642 -0.222424
vn 0.000765022 -0.000610509 -0.000204987
v -0.299975 -0.349917 -0.197761
vn -0.000681587 0.000731737 0
v -0.299975 -0.349917 -0.197761
vn 0.000681587 -0.000731737 0
v -0.420518 -0.177073 -0.205982
vn -0.000204987 0.000610509 0.000765022
v -0.420518 -0.177073 -0.205982
vn 0.000204987 -0.000610509 -0.000765022
v -0.462341 -0.138108 -0.136883
vn 0.000176408 0.000731737 0.000658362
v -0.462341 -0.138108 -0.136883
vn -0.000176408 -0.000731737 -0.000658362
v -0.475055 -0.132933 -0.0941596
vn 0.0005 0 0.000866025
v -0.475055 -0.132933 -0.0941596
vn -0.0005 0 -0.000866025
v -0.489879 -0.14162 -0.0515454
vn 0.000701057 0.000130526 0.000701057
v -0.489879 -0.14162 -0.0515454
vn -0.000701057 -0.000130526 -0.000701057
v -0.489 -0.153319 -0.00849428
vn 0.000858616 0.000130526 0.000495722
v -0.491512 -0.155642 -0.00913639
vn 0.000858616 0.000130526 0.000495722
v -0.491512 -0.155642 -0.00913639
vn -0.000858616 -0.000130526 -0.000495722
v -0.489 -0.153319 -0.00849428
vn -0.000858616 -0.000130526 -0.000495722
v -0.4813 -0.173555 0.0305212
vn 0.000957662 0.000130526 0.000256605
v -0.483833 -0.175825 0.0297761
vn 0.000957662 0.000130526 0.000256605
v -0.483833 -0.175825 0.0297761
vn -0.000957662 -0.000130526 -0.000256605
v -0.4813 -0.173555 0.0305212
vn -0.000957662 -0.000130526 -0.000256605
v -0.467304 -0.200951 0.0628428
vn 0.000991445 0.000130526 0
v -0.469874 -0.203148 0.0620111
vn 0.000991445 0.000130526 0
v -0.469874 -0.203148 0.0620111
vn -0.000991445 -0.000130526 0
v -0.467304 -0.200951 0.0628428
vn -0.000991445 -0.000130526 0
v -0.285849 -0.377567 -0.16514
vn -0.000658362 0.000731737 -0.000176408
v -0.287721 -0.377313 -0.164401
vn -0.00059824 0.00078512 -0.000160298
v -0.287721 -0.377313 -0.164401
vn 0.00059824 -0.00078512 0.000160298
v -0.285849 -0.377567 -0.16514
vn 0.000658362 -0.000731737 0.000176408
v -0.278078 -0.397992 -0.125761
vn -0.000590272 0.000731737 -0.000340793
v -0.280021 -0.397549 -0.125385
vn -0.000536367 0.00078512 -0.000309672
v -0.280021 -0.397549 -0.125385
vn 0.000536367 -0.00078512 0.000309672
v -0.278078 -0.397992 -0.125761
vn 0.000590272 -0.000731737 0.000340793
v -0.277189 -0.409801 -0.0823092
vn -0.000481955 0.000731737 -0.000481955
v -0.279141 -0.409249 -0.0823348
vn -0.000437942 0.00078512 -0.000437942
v -0.279141 -0.409249 -0.0823348
vn 0.000437942 -0.00078512 0.000437942
v -0.277189 -0.409801 -0.0823092
vn 0.000481955 -0.000731737 0.000481955
v -0.283246 -0.412187 -0.0377458
vn -0.000340793 0.000731737 -0.000590272
v -0.285141 -0.411614 -0.0381828
vn -0.000309672 0.00078512 -0.000536367
v -0.285141 -0.411614 -0.0381828
vn 0.000309672 -0.00078512 0.000536367
v -0.283246 -0.412187 -0.0377458
vn 0.000340793 -0.000731737 0.000590272
v -0.295833 -0.40499 0.00489396
vn -0.000176408 0.000731737 -0.000658362
v -0.297613 -0.404483 0.00406344
vn -0.000160298 0.00078512 -0.00059824
v -0.297613 -0.404483 0.00406344
vn 0.000160298 -0.00078512 0.00059824
v -0.295833 -0.40499 0.00489396
vn 0.000176408 -0.000731737 0.000658362
v -0.315706 -0.388341 0.0415212
vn 0 0.00078512 -0.000619343
v -0.315706 -0.388341 0.0415212
vn -0 -0.00078512 0.000619343
v -0.338186 -0.364292 0.0716414
vn 0.000160298 0.00078512 -0.00059824
v -0.314095 -0.388699 0.0427011
vn 0 0.000731737 -0.000681587
v -0.314095 -0.388699 0.0427011
vn 0 -0.000731737 0.000681587
v -0.338186 -0.364292 0.0716414
vn -0.000160298 -0.00078512 0.00059824
v -0.363524 -0.333969 0.0923683
vn 0.000309672 0.00078512 -0.000536367
v -0.336785 -0.364424 0.0731013
vn 0.000176408 0.000731737 -0.000658362
v -0.336785 -0.364424 0.0731013
vn -0.000176408 -0.000731737 0.000658362
v -0.363524 -0.333969 0.0923683
vn -0.000309672 -0.00078512 0.000536367
v -0.38999 -0.299443 0.102292
vn 0.000437942 0.00078512 -0.000437942
v -0.362358 -0.33382 0.0940212
vn 0.000340793 0.000731737 -0.000590272
v -0.362358 -0.33382 0.0940212
vn -0.000340793 -0.000731737 0.000590272
v -0.38999 -0.299443 0.102292
vn -0.000437942 -0.00078512 0.000437942
v -0.415783 -0.263065 0.100736
vn 0.000536367 0.00078512 -0.000309672
v -0.389071 -0.298972 0.104038
vn 0.000481955 0.000731737 -0.000481955
v -0.389071 -0.298972 0.104038
vn -0.000481955 -0.000731737 0.000481955
v -0.415783 -0.263065 0.100736
vn -0.000536367 -0.00078512 0.000309672
v -0.439144 -0.227315 0.087805
vn 0.000965926 0 -0.000258819
v -0.439144 -0.227315 0.087805
vn -0.000965926 0 0.000258819
v -0.341578 -0.280051 -0.23558
vn -0.0006859 0.000610509 0.000396005
v -0.341578 -0.280051 -0.23558
vn 0.0006859 -0.000610509 -0.000396005
v -0.443387 -0.152607 -0.17534
vn 0 0.000610509 0.000792009
v -0.443387 -0.152607 -0.17534
vn 0 -0.000610509 -0.000792009
v -0.475055 -0.132933 -0.0941596
vn 0.000309672 0.00078512 0.000536367
v -0.475055 -0.132933 -0.0941596
vn -0.000309672 -0.00078512 -0.000536367
v -0.489879 -0.14162 -0.0515454
vn 0.000707107 0 0.000707107
v -0.489879 -0.14162 -0.0515454
vn -0.000707107 0 -0.000707107
v -0.415105 -0.262255 0.102467
vn 0.000590272 0.000731737 -0.000340793
v -0.415105 -0.262255 0.102467
vn -0.000590272 -0.000731737 0.000340793
v -0.467304 -0.200951 0.0628428
vn 0.001 0 0
v -0.467304 -0.200951 0.0628428
vn -0.001 0 0
v -0.439144 -0.227315 0.087805
vn 0.00059824 0.00078512 -0.000160298
v -0.439144 -0.227315 0.087805
vn -0.00059824 -0.00078512 0.000160298
v -0.339978 -0.279129 -0.236417
vn -0.000763088 0.00047286 0.000440569
v -0.339978 -0.279129 -0.236417
vn 0.000763088 -0.00047286 -0.000440569
v -0.366384 -0.241887 -0.23801
vn -0.000623058 0.00047286 0.000623058
v -0.366384 -0.241887 -0.23801
vn 0.000623058 -0.00047286 -0.000623058
v -0.316063 -0.315728 -0.223178
vn -0.000851114 0.00047286 0.000228055
v -0.316063 -0.315728 -0.223178
vn 0.000851114 -0.00047286 -0.000228055
v -0.298141 -0.349672 -0.198594
vn -0.000792009 0.000610509 0
v -0.298141 -0.349672 -0.198594
vn 0.000792009 -0.000610509 0
v -0.393479 -0.206541 -0.227852
vn -0.000440569 0.00047286 0.000763088
v -0.393479 -0.206541 -0.227852
vn 0.000440569 -0.00047286 -0.000763088
v -0.419418 -0.175499 -0.206631
vn -0.000228055 0.00047286 0.000851114
v -0.419418 -0.175499 -0.206631
vn 0.000228055 -0.00047286 -0.000851114
v -0.461794 -0.136186 -0.137234
vn 0.000204987 0.000610509 0.000765022
v -0.461794 -0.136186 -0.137234
vn -0.000204987 -0.000610509 -0.000765022
v -0.474929 -0.130911 -0.0942443
vn 0.000340793 0.000731737 0.000590272
v -0.474929 -0.130911 -0.0942443
vn -0.000340793 -0.000731737 -0.000590272
v -0.481056 -0.135298 -0.0500077
vn 0.000707107 0 0.000707107
v -0.481056 -0.135298 -0.0500077
vn -0.000707107 0 -0.000707107
v -0.480176 -0.146997 -0.00695656
vn 0.000866025 0 0.0005
v -0.489 -0.153319 -0.00849428
vn 0.000866025 0 0.0005
v -0.489 -0.153319 -0.00849428
vn -0.000866025 0 -0.0005
v -0.480176 -0.146997 -0.00695656
vn -0.000866025 0 -0.0005
v -0.472476 -0.167233 0.0320589
vn 0.000965926 0 0.000258819
v -0.4813 -0.173555 0.0305212
vn 0.000965926 0 0.000258819
v -0.4813 -0.173555 0.0305212
vn -0.000965926 0 -0.000258819
v -0.472476 -0.167233 0.0320589
vn -0.000965926 0 -0.000258819
v -0.458481 -0.194629 0.0643806
vn 0.001 0 0
v -0.458481 -0.194629 0.0643806
vn -0.001 0 0
v -0.283904 -0.377541 -0.165714
vn -0.000765022 0.000610509 -0.000204987
v -0.283904 -0.377541 -0.165714
vn 0.000765022 -0.000610509 0.000204987
v -0.275175 -0.410031 -0.082228
vn -0.000560035 0.000610509 -0.000560035
v -0.275175 -0.410031 -0.082228
vn 0.000560035 -0.000610509 0.000560035
v -0.28128 -0.412436 -0.0373117
vn -0.000396005 0.000610509 -0.0006859
v -0.28128 -0.412436 -0.0373117
vn 0.000396005 -0.000610509 0.0006859
v -0.293967 -0.405182 0.005665
vn -0.000204987 0.000610509 -0.000765022
v -0.293967 -0.405182 0.005665
vn 0.000204987 -0.000610509 0.000765022
v -0.312373 -0.388761 0.0437715
vn 0 0.000610509 -0.000792009
v -0.312373 -0.388761 0.0437715
vn 0 -0.000610509 0.000792009
v -0.335243 -0.364294 0.0744131
vn 0.000204987 0.000610509 -0.000765022
v -0.335243 -0.364294 0.0744131
vn -0.000204987 -0.000610509 0.000765022
v -0.361019 -0.333448 0.0954986
vn 0.000396005 0.000610509 -0.0006859
v -0.361019 -0.333448 0.0954986
vn -0.000396005 -0.000610509 0.0006859
v -0.387943 -0.298324 0.105595
vn 0.000560035 0.000610509 -0.000560035
v -0.387943 -0.298324 0.105595
vn -0.000560035 -0.000610509 0.000560035
v -0.438683 -0.226172 0.0894155
vn 0.000658362 0.000731737 -0.000176408
v -0.438683 -0.226172 0.0894155
vn -0.000658362 -0.000731737 0.000176408
v -0.442433 -0.150877 -0.175796
vn 0 0.00047286 0.000881138
v -0.442433 -0.150877 -0.175796
vn 0 -0.00047286 -0.000881138
v -0.481056 -0.135298 -0.0500077
vn 0.000437942 0.00078512 0.000437942
v -0.481056 -0.135298 -0.0500077
vn -0.000437942 -0.00078512 -0.000437942
v -0.276071 -0.398128 -0.126024
vn -0.0006859 0.000610509 -0.000396005
v -0.276071 -0.398128 -0.126024
vn 0.0006859 -0.000610509 0.000396005
v -0.414183 -0.261317 0.104011
vn 0.0006859 0.000610509 -0.000396005
v -0.414183 -0.261317 0.104011
vn -0.0006859 -0.000610509 0.000396005
v -0.458481 -0.194629 0.0643806
vn 0.000619343 0.00078512 0
v -0.458481 -0.194629 0.0643806
vn -0.000619343 -0.00078512 0
v -0.437948 -0.224948 0.0908557
vn 0.000765022 0.000610509 -0.000204987
v -0.437948 -0.224948 0.0908557
vn -0.000765022 -0.000610509 0.000204987
v -0.338312 -0.2781 -0.236946
vn -0.000819756 0.00032249 0.000473286
v -0.338312 -0.2781 -0.236946
vn 0.000819756 -0.00032249 -0.000473286
v -0.314286 -0.314868 -0.223646
vn -0.000914319 0.00032249 0.000244991
v -0.314286 -0.314868 -0.223646
vn 0.000914319 -0.00032249 -0.000244991
v -0.364839 -0.240686 -0.238547
vn -0.000669328 0.00032249 0.000669328
v -0.364839 -0.240686 -0.238547
vn 0.000669328 -0.00032249 -0.000669328
v -0.296266 -0.349191 -0.199197
vn -0.000881138 0.00047286 0
v -0.296266 -0.349191 -0.199197
vn 0.000881138 -0.00047286 0
v -0.39206 -0.205176 -0.22834
vn -0.000473286 0.00032249 0.000819756
v -0.39206 -0.205176 -0.22834
vn 0.000473286 -0.00032249 -0.000819756
v -0.41812 -0.17399 -0.207022
vn -0.000244991 0.00032249 0.000914319
v -0.41812 -0.17399 -0.207022
vn 0.000244991 -0.00032249 -0.000914319
v -0.460955 -0.134352 -0.137448
vn 0.000228055 0.00047286 0.000851114
v -0.460955 -0.134352 -0.137448
vn -0.000228055 -0.00047286 -0.000851114
v -0.47448 -0.128932 -0.0942576
vn 0.000396005 0.000610509 0.0006859
v -0.47448 -0.128932 -0.0942576
vn -0.000396005 -0.000610509 -0.0006859
v -0.480985 -0.133297 -0.0496809
vn 0.000481955 0.000731737 0.000481955
v -0.480985 -0.133297 -0.0496809
vn -0.000481955 -0.000731737 -0.000481955
v -0.480176 -0.146997 -0.00695656
vn 0.000536367 0.00078512 0.000309672
v -0.480176 -0.146997 -0.00695656
vn -0.000536367 -0.00078512 -0.000309672
v -0.480097 -0.145106 -0.00622865
vn 0.000590272 0.000731737 0.000340793
v -0.472476 -0.167233 0.0320589
vn 0.00059824 0.00078512 0.000160298
v -0.472476 -0.167233 0.0320589
vn -0.00059824 -0.00078512 -0.000160298
v -0.480097 -0.145106 -0.00622865
vn -0.000590272 -0.000731737 -0.000340793
v -0.472326 -0.165531 0.0331502
vn 0.000658362 0.000731737 0.000176408
v -0.472326 -0.165531 0.0331502
vn -0.000658362 -0.000731737 -0.000176408
v -0.281939 -0.377237 -0.166108
vn -0.000851114 0.00047286 -0.000228055
v -0.281939 -0.377237 -0.166108
vn 0.000851114 -0.00047286 0.000228055
v -0.274056 -0.397954 -0.126166
vn -0.000763088 0.00047286 -0.000440569
v -0.274056 -0.397954 -0.126166
vn 0.000763088 -0.00047286 0.000440569
v -0.279297 -0.412353 -0.0368921
vn -0.000440569 0.00047286 -0.000763088
v -0.279297 -0.412353 -0.0368921
vn 0.000440569 -0.00047286 0.000763088
v -0.292065 -0.405052 0.00635643
vn -0.000228055 0.00047286 -0.000851114
v -0.292065 -0.405052 0.00635643
vn 0.000228055 -0.00047286 0.000851114
v -0.310588 -0.388528 0.0447045
vn 0 0.00047286 -0.000881138
v -0.310588 -0.388528 0.0447045
vn 0 -0.00047286 0.000881138
v -0.333603 -0.363906 0.0755399
vn 0.000228055 0.00047286 -0.000851114
v -0.333603 -0.363906 0.0755399
vn -0.000228055 -0.00047286 0.000851114
v -0.359542 -0.332864 0.0967599
vn 0.000440569 0.00047286 -0.000763088
v -0.359542 -0.332864 0.0967599
vn -0.000440569 -0.00047286 0.000763088
v -0.386638 -0.297518 0.10692
vn 0.000623058 0.00047286 -0.000623058
v -0.386638 -0.297518 0.10692
vn -0.000623058 -0.00047286 0.000623058
v -0.413043 -0.260276 0.105326
vn 0.000763088 0.00047286 -0.000440569
v -0.413043 -0.260276 0.105326
vn -0.000763088 -0.00047286 0.000440569
v -0.4582 -0.193182 0.0657727
vn 0.000681587 0.000731737 0
v -0.4582 -0.193182 0.0657727
vn -0.000681587 -0.000731737 0
v -0.457619 -0.191696 0.0670264
vn 0.000792009 0.000610509 0
v -0.457619 -0.191696 0.0670264
vn -0.000792009 -0.000610509 -0
v -0.441241 -0.149254 -0.176045
vn 0 0.00032249 0.000946573
v -0.441241 -0.149254 -0.176045
vn 0 -0.00032249 -0.000946573
v -0.273155 -0.409932 -0.0820927
vn -0.000623058 0.00047286 -0.000623058
v -0.273155 -0.409932 -0.0820927
vn 0.000623058 -0.00047286 0.000623058
v -0.436958 -0.223677 0.0920881
vn 0.000851114 0.00047286 -0.000228055
v -0.436958 -0.223677 0.0920881
vn -0.000851114 -0.00047286 0.000228055
v -0.456754 -0.190214 0.0681068
vn 0.000881138 0.00047286 0
v -0.456754 -0.190214 0.0681068
vn -0.000881138 -0.00047286 0
v -0.336626 -0.276993 -0.237152
vn -0.00085438 0.000163444 0.000493276
v -0.336626 -0.276993 -0.237152
vn 0.00085438 -0.000163444 -0.000493276
v -0.312532 -0.313864 -0.223816
vn -0.000952937 0.000163444 0.000255339
v -0.312532 -0.313864 -0.223816
vn 0.000952937 -0.000163444 -0.000255339
v -0.294398 -0.348486 -0.199554
vn -0.000946573 0.00032249 0
v -0.294398 -0.348486 -0.199554
vn 0.000946573 -0.00032249 0
v -0.363228 -0.239473 -0.238759
vn -0.000697598 0.000163444 0.000697598
v -0.363228 -0.239473 -0.238759
vn 0.000697598 -0.000163444 -0.000697598
v -0.390525 -0.203863 -0.228524
vn -0.000493276 0.000163444 0.00085438
v -0.390525 -0.203863 -0.228524
vn 0.000493276 -0.000163444 -0.00085438
v -0.416658 -0.17259 -0.207145
vn -0.000255339 0.000163444 0.000952937
v -0.416658 -0.17259 -0.207145
vn 0.000255339 -0.000163444 -0.000952937
v -0.459849 -0.132654 -0.13752
vn 0.000244991 0.00032249 0.000914319
v -0.459849 -0.132654 -0.13752
vn -0.000244991 -0.00032249 -0.000914319
v -0.473723 -0.127052 -0.0941997
vn 0.000440569 0.00047286 0.000763088
v -0.473723 -0.127052 -0.0941997
vn -0.000440569 -0.00047286 -0.000763088
v -0.480585 -0.131338 -0.0493414
vn 0.000560035 0.000610509 0.000560035
v -0.480585 -0.131338 -0.0493414
vn -0.000560035 -0.000610509 -0.000560035
v -0.471857 -0.163827 0.0341456
vn 0.000765022 0.000610509 0.000204987
v -0.471857 -0.163827 0.0341456
vn -0.000765022 -0.000610509 -0.000204987
v -0.280004 -0.376662 -0.166313
vn -0.000914319 0.00032249 -0.000244991
v -0.280004 -0.376662 -0.166313
vn 0.000914319 -0.00032249 0.000244991
v -0.272085 -0.397475 -0.126186
vn -0.000819756 0.00032249 -0.000473286
v -0.272085 -0.397475 -0.126186
vn 0.000819756 -0.00032249 0.000473286
v -0.277351 -0.41194 -0.0364982
vn -0.000473286 0.00032249 -0.000819756
v -0.277351 -0.41194 -0.0364982
vn 0.000473286 -0.00032249 0.000819756
v -0.290178 -0.404606 0.00695039
vn -0.000244991 0.00032249 -0.000914319
v -0.290178 -0.404606 0.00695039
vn 0.000244991 -0.00032249 0.000914319
v -0.308786 -0.388005 0.0454757
vn 0 0.00032249 -0.000946573
v -0.308786 -0.388005 0.0454757
vn 0 -0.00032249 0.000946573
v -0.331907 -0.363269 0.0764531
vn 0.000244991 0.00032249 -0.000914319
v -0.331907 -0.363269 0.0764531
vn -0.000244991 -0.00032249 0.000914319
v -0.357966 -0.332084 0.0977718
vn 0.000473286 0.00032249 -0.000819756
v -0.357966 -0.332084 0.0977718
vn -0.000473286 -0.00032249 0.000819756
v -0.385187 -0.296574 0.107979
vn 0.000669328 0.00032249 -0.000669328
v -0.385187 -0.296574 0.107979
vn -0.000669328 -0.00032249 0.000669328
v -0.411714 -0.25916 0.106377
vn 0.000819756 0.00032249 -0.000473286
v -0.411714 -0.25916 0.106377
vn -0.000819756 -0.00032249 0.000473286
v -0.435741 -0.222391 0.0930772
vn 0.000914319 0.00032249 -0.000244991
v -0.435741 -0.222391 0.0930772
vn -0.000914319 -0.00032249 0.000244991
v -0.439844 -0.147785 -0.17608
vn 0 0.000163444 0.000986553
v -0.439844 -0.147785 -0.17608
vn 0 -0.000163444 -0.000986553
v -0.47969 -0.143239 -0.00554502
vn 0.0006859 0.000610509 0.000396005
v -0.47969 -0.143239 -0.00554502
vn -0.0006859 -0.000610509 -0.000396005
v -0.27118 -0.409508 -0.0819084
vn -0.000669328 0.00032249 -0.000669328
v -0.27118 -0.409508 -0.0819084
vn 0.000669328 -0.00032249 0.000669328
v -0.455628 -0.188774 0.0689856
vn 0.000946573 0.00032249 0
v -0.455628 -0.188774 0.0689856
vn -0.000946573 -0.00032249 0
v -0.471082 -0.162168 0.0350182
vn 0.000851114 0.00047286 0.000228055
v -0.471082 -0.162168 0.0350182
vn -0.000851114 -0.00047286 -0.000228055
v -0.334965 -0.275836 -0.237032
vn -0.000866025 0 0.0005
v -0.334965 -0.275836 -0.237032
vn 0.000866025 0 -0.0005
v -0.310848 -0.312742 -0.223682
vn -0.000965926 0 0.000258819
v -0.310848 -0.312742 -0.223682
vn 0.000965926 0 -0.000258819
v -0.292588 -0.347577 -0.199656
vn -0.000986553 0.000163444 0
v -0.292588 -0.347577 -0.199656
vn 0.000986553 -0.000163444 0
v -0.361591 -0.238281 -0.238639
vn -0.000707107 0 0.000707107
v -0.361591 -0.238281 -0.238639
vn 0.000707107 0 -0.000707107
v -0.388914 -0.202639 -0.228394
vn -0.0005 0 0.000866025
v -0.388914 -0.202639 -0.228394
vn 0.0005 0 -0.000866025
v -0.415072 -0.171335 -0.206996
vn -0.000258819 0 0.000965926
v -0.415072 -0.171335 -0.206996
vn 0.000258819 0 -0.000965926
v -0.458504 -0.131137 -0.137447
vn 0.000255339 0.000163444 0.000952937
v -0.458504 -0.131137 -0.137447
vn -0.000255339 -0.000163444 -0.000952937
v -0.472675 -0.12532 -0.0940705
vn 0.000473286 0.00032249 0.000819756
v -0.472675 -0.12532 -0.0940705
vn -0.000473286 -0.00032249 -0.000819756
v -0.479866 -0.129473 -0.0489977
vn 0.000623058 0.00047286 0.000623058
v -0.479866 -0.129473 -0.0489977
vn -0.000623058 -0.00047286 -0.000623058
v -0.478965 -0.14145 -0.00492481
vn 0.000763088 0.00047286 0.000440569
v -0.478965 -0.14145 -0.00492481
vn -0.000763088 -0.00047286 -0.000440569
v -0.278154 -0.375831 -0.166321
vn -0.000952937 0.000163444 -0.000255339
v -0.278154 -0.375831 -0.166321
vn 0.000952937 -0.000163444 0.000255339
v -0.270212 -0.396703 -0.126081
vn -0.00085438 0.000163444 -0.000493276
v -0.270212 -0.396703 -0.126081
vn 0.00085438 -0.000163444 0.000493276
v -0.275493 -0.411209 -0.0361412
vn -0.000493276 0.000163444 -0.00085438
v -0.275493 -0.411209 -0.0361412
vn 0.000493276 -0.000163444 0.00085438
v -0.288356 -0.403853 0.00742906
vn -0.000255339 0.000163444 -0.000952937
v -0.288356 -0.403853 0.00742906
vn 0.000255339 -0.000163444 0.000952937
v -0.307017 -0.387206 0.0460629
vn 0 0.000163444 -0.000986553
v -0.307017 -0.387206 0.0460629
vn 0 -0.000163444 0.000986553
v -0.330203 -0.362401 0.0771273
vn 0.000255339 0.000163444 -0.000952937
v -0.330203 -0.362401 0.0771273
vn -0.000255339 -0.000163444 0.000952937
v -0.356335 -0.331128 0.098506
vn 0.000493276 0.000163444 -0.00085438
v -0.356335 -0.331128 0.098506
vn -0.000493276 -0.000163444 0.00085438
v -0.383632 -0.295518 0.108741
vn 0.000697598 0.000163444 -0.000697598
v -0.383632 -0.295518 0.108741
vn -0.000697598 -0.000163444 0.000697598
v -0.410234 -0.257999 0.107135
vn 0.00085438 0.000163444 -0.000493276
v -0.410234 -0.257999 0.107135
vn -0.00085438 -0.000163444 0.000493276
v -0.434328 -0.221127 0.093798
vn 0.000952937 0.000163444 -0.000255339
v -0.434328 -0.221127 0.093798
vn -0.000952937 -0.000163444 0.000255339
v -0.454272 -0.187415 0.0696396
vn 0.000986553 0.000163444 0
v -0.454272 -0.187415 0.0696396
vn -0.000986553 -0.000163444 0
v -0.43828 -0.146507 -0.175902
vn 0 0 0.001
v -0.43828 -0.146507 -0.175902
vn 0 0 -0.001
v -0.269304 -0.40877 -0.0816799
vn -0.000697598 0.000163444 -0.000697598
v -0.269304 -0.40877 -0.0816799
vn 0.000697598 -0.000163444 0.000697598
v -0.470023 -0.160598 0.0357433
vn 0.000914319 0.00032249 0.000244991
v -0.470023 -0.160598 0.0357433
vn -0.000914319 -0.00032249 -0.000244991
v -0.468706 -0.15916 0.0363029
vn 0.000952937 0.000163444 0.000255339
v -0.468706 -0.15916 0.0363029
vn -0.000952937 -0.000163444 -0.000255339
v -0.359974 -0.237142 -0.238192
vn -0.000697598 -0.000163444 0.000697598
v -0.359974 -0.237142 -0.238192
vn 0.000697598 0.000163444 -0.000697598
v -0.333372 -0.274662 -0.236585
vn -0.00085438 -0.000163444 0.000493276
v -0.333372 -0.274662 -0.236585
vn 0.00085438 0.000163444 -0.000493276
v -0.290885 -0.346487 -0.1995
vn -0.001 0 0
v -0.290885 -0.346487 -0.1995
vn 0.001 0 0
v -0.387272 -0.201532 -0.227957
vn -0.000493276 -0.000163444 0.00085438
v -0.387272 -0.201532 -0.227957
vn 0.000493276 0.000163444 -0.00085438
v -0.413404 -0.170259 -0.206578
vn -0.000255339 -0.000163444 0.000952937
v -0.413404 -0.170259 -0.206578
vn 0.000255339 0.000163444 -0.000952937
v -0.456958 -0.129843 -0.137232
vn 0.000258819 0 0.000965926
v -0.456958 -0.129843 -0.137232
vn -0.000258819 0 -0.000965926
v -0.471367 -0.123782 -0.0938763
vn 0.000493276 0.000163444 0.00085438
v -0.471367 -0.123782 -0.0938763
vn -0.000493276 -0.000163444 -0.00085438
v -0.478847 -0.127752 -0.0486603
vn 0.000669328 0.00032249 0.000669328
v -0.478847 -0.127752 -0.0486603
vn -0.000669328 -0.00032249 -0.000669328
v -0.477942 -0.139784 -0.00438367
vn 0.000819756 0.00032249 0.000473286
v -0.477942 -0.139784 -0.00438367
vn -0.000819756 -0.00032249 -0.000473286
v -0.276437 -0.374768 -0.166133
vn -0.000965926 0 -0.000258819
v -0.276437 -0.374768 -0.166133
vn 0.000965926 0 0.000258819
v -0.268488 -0.395659 -0.125855
vn -0.000866025 0 -0.0005
v -0.268488 -0.395659 -0.125855
vn 0.000866025 0 0.0005
v -0.273774 -0.410179 -0.0358312
vn -0.0005 0 -0.000866025
v -0.273774 -0.410179 -0.0358312
vn 0.0005 0 0.000866025
v -0.286649 -0.402817 0.00778113
vn -0.000258819 0 -0.000965926
v -0.286649 -0.402817 0.00778113
vn 0.000258819 0 0.000965926
v -0.305328 -0.386154 0.0464509
vn 0 0 -0.001
v -0.305328 -0.386154 0.0464509
vn 0 0 0.001
v -0.328535 -0.361325 0.0775451
vn 0.000258819 0 -0.000965926
v -0.328535 -0.361325 0.0775451
vn -0.000258819 0 0.000965926
v -0.354692 -0.330023 0.0989436
vn 0.0005 0 -0.000866025
v -0.354692 -0.330023 0.0989436
vn -0.0005 0 0.000866025
v -0.382015 -0.294379 0.109189
vn 0.000707107 0 -0.000707107
v -0.382015 -0.294379 0.109189
vn -0.000707107 0 0.000707107
v -0.408643 -0.256825 0.107581
vn 0.000866025 0 -0.0005
v -0.408643 -0.256825 0.107581
vn -0.000866025 0 0.0005
v -0.432759 -0.219918 0.0942316
vn 0.000965926 0 -0.000258819
v -0.432759 -0.219918 0.0942316
vn -0.000965926 0 0.000258819
v -0.452722 -0.186174 0.0700499
vn 0.001 0 0
v -0.452722 -0.186174 0.0700499
vn -0.001 0 0
v -0.309279 -0.311533 -0.223249
vn -0.000952937 -0.000163444 0.000255339
v -0.309279 -0.311533 -0.223249
vn 0.000952937 0.000163444 -0.000255339
v -0.436591 -0.145454 -0.175513
vn 0 -0.000163444 0.000986553
v -0.436591 -0.145454 -0.175513
vn 0 0.000163444 -0.000986553
v -0.26758 -0.407738 -0.0814115
vn -0.000707107 0 -0.000707107
v -0.26758 -0.407738 -0.0814115
vn 0.000707107 0 0.000707107
v -0.46717 -0.157892 0.0366823
vn 0.000965926 0 0.000258819
v -0.46717 -0.157892 0.0366823
vn -0.000965926 0 -0.000258819
v -0.35842 -0.236087 -0.237429
vn -0.000669328 -0.00032249 0.000669328
v -0.35842 -0.236087 -0.237429
vn 0.000669328 0.00032249 -0.000669328
v -0.331893 -0.2735 -0.235828
vn -0.000819756 -0.00032249 0.000473286
v -0.331893 -0.2735 -0.235828
vn 0.000819756 0.00032249 -0.000473286
v -0.289335 -0.345246 -0.19909
vn -0.000986553 -0.000163444 0
v -0.289335 -0.345246 -0.19909
vn 0.000986553 0.000163444 0
v -0.2749 -0.3735 -0.165754
vn -0.000952937 -0.000163444 -0.000255339
v -0.2749 -0.3735 -0.165754
vn 0.000952937 0.000163444 0.000255339
v -0.385641 -0.200577 -0.227222
vn -0.000473286 -0.00032249 0.000819756
v -0.385641 -0.200577 -0.227222
vn 0.000473286 0.00032249 -0.000819756
v -0.4117 -0.169391 -0.205904
vn -0.000244991 -0.00032249 0.000914319
v -0.4117 -0.169391 -0.205904
vn 0.000244991 0.00032249 -0.000914319
v -0.455251 -0.128807 -0.13688
vn 0.000255339 -0.000163444 0.000952937
v -0.455251 -0.128807 -0.13688
vn -0.000255339 0.000163444 -0.000952937
v -0.469832 -0.122482 -0.0936195
vn 0.0005 0 0.000866025
v -0.469832 -0.122482 -0.0936195
vn -0.0005 0 -0.000866025
v -0.477556 -0.126221 -0.0483383
vn 0.000697598 0.000163444 0.000697598
v -0.477556 -0.126221 -0.0483383
vn -0.000697598 -0.000163444 -0.000697598
v -0.476648 -0.138289 -0.00393587
vn 0.00085438 0.000163444 0.000493276
v -0.476648 -0.138289 -0.00393587
vn -0.00085438 -0.000163444 -0.000493276
v -0.266959 -0.394372 -0.125514
vn -0.00085438 -0.000163444 -0.000493276
v -0.266959 -0.394372 -0.125514
vn 0.00085438 0.000163444 0.000493276
v -0.266051 -0.406439 -0.081113
vn -0.000697598 -0.000163444 -0.000697598
v -0.266051 -0.406439 -0.081113
vn 0.000697598 0.000163444 0.000697598
v -0.27224 -0.408878 -0.0355743
vn -0.000493276 -0.000163444 -0.00085438
v -0.27224 -0.408878 -0.0355743
vn 0.000493276 0.000163444 0.00085438
v -0.285103 -0.401523 0.00799601
vn -0.000255339 -0.000163444 -0.000952937
v -0.285103 -0.401523 0.00799601
vn 0.000255339 0.000163444 0.000952937
v -0.303763 -0.384875 0.0466298
vn 0 -0.000163444 -0.000986553
v -0.303763 -0.384875 0.0466298
vn 0 0.000163444 0.000986553
v -0.32695 -0.36007 0.0776942
vn 0.000255339 -0.000163444 -0.000952937
v -0.32695 -0.36007 0.0776942
vn -0.000255339 0.000163444 0.000952937
v -0.353082 -0.328797 0.099073
vn 0.000493276 -0.000163444 -0.00085438
v -0.353082 -0.328797 0.099073
vn -0.000493276 0.000163444 0.00085438
v -0.380379 -0.293187 0.109308
vn 0.000697598 -0.000163444 -0.000697598
v -0.380379 -0.293187 0.109308
vn -0.000697598 0.000163444 0.000697598
v -0.406981 -0.255668 0.107702
vn 0.00085438 -0.000163444 -0.000493276
v -0.406981 -0.255668 0.107702
vn -0.00085438 0.000163444 0.000493276
v -0.431075 -0.218796 0.094365
vn 0.000952937 -0.000163444 -0.000255339
v -0.431075 -0.218796 0.094365
vn -0.000952937 0.000163444 0.000255339
v -0.465453 -0.156829 0.0368699
vn 0.000952937 -0.000163444 0.000255339
v -0.465453 -0.156829 0.0368699
vn -0.000952937 0.000163444 -0.000255339
v -0.307867 -0.310269 -0.222528
vn -0.000914319 -0.00032249 0.000244991
v -0.307867 -0.310269 -0.222528
vn 0.000914319 0.00032249 -0.000244991
v -0.434821 -0.144655 -0.174926
vn 0 -0.00032249 0.000946573
v -0.434821 -0.144655 -0.174926
vn 0 0.00032249 -0.000946573
v -0.451019 -0.185084 0.0702065
vn 0.000986553 -0.000163444 0
v -0.451019 -0.185084 0.0702065
vn -0.000986553 0.000163444 0
v -0.475119 -0.137001 -0.00359533
vn 0.000866025 0 0.0005
v -0.475119 -0.137001 -0.00359533
vn -0.000866025 0 -0.0005
v -0.473395 -0.135958 -0.00336892
vn 0.00085438 -0.000163444 0.000493276
v -0.473395 -0.135958 -0.00336892
vn -0.00085438 0.000163444 -0.000493276
v -0.35697 -0.235142 -0.23637
vn -0.000623058 -0.00047286 0.000623058
v -0.35697 -0.235142 -0.23637
vn 0.000623058 0.00047286 -0.000623058
v -0.330565 -0.272384 -0.234776
vn -0.000763088 -0.00047286 0.000440569
v -0.330565 -0.272384 -0.234776
vn 0.000763088 0.00047286 -0.000440569
v -0.273585 -0.372062 -0.165194
vn -0.000914319 -0.00032249 -0.000244991
v -0.273585 -0.372062 -0.165194
vn 0.000914319 0.00032249 0.000244991
v -0.287979 -0.343887 -0.198436
vn -0.000946573 -0.00032249 0
v -0.287979 -0.343887 -0.198436
vn 0.000946573 0.00032249 0
v -0.265665 -0.392876 -0.125067
vn -0.000819756 -0.00032249 -0.000473286
v -0.265665 -0.392876 -0.125067
vn 0.000819756 0.00032249 0.000473286
v -0.384065 -0.199796 -0.226211
vn -0.000440569 -0.00047286 0.000763088
v -0.384065 -0.199796 -0.226211
vn 0.000440569 0.00047286 -0.000763088
v -0.410004 -0.168754 -0.20499
vn -0.000228055 -0.00047286 0.000851114
v -0.410004 -0.168754 -0.20499
vn 0.000228055 0.00047286 -0.000851114
v -0.453429 -0.128054 -0.136401
vn 0.000244991 -0.00032249 0.000914319
v -0.453429 -0.128054 -0.136401
vn -0.000244991 0.00032249 -0.000914319
v -0.468114 -0.121451 -0.0933093
vn 0.000493276 -0.000163444 0.00085438
v -0.468114 -0.121451 -0.0933093
vn -0.000493276 0.000163444 -0.00085438
v -0.476027 -0.124923 -0.0480385
vn 0.000707107 0 0.000707107
v -0.476027 -0.124923 -0.0480385
vn -0.000707107 0 -0.000707107
v -0.26476 -0.404909 -0.0807897
vn -0.000669328 -0.00032249 -0.000669328
v -0.26476 -0.404909 -0.0807897
vn 0.000669328 0.00032249 0.000669328
v -0.270932 -0.407341 -0.0353794
vn -0.000473286 -0.00032249 -0.000819756
v -0.270932 -0.407341 -0.0353794
vn 0.000473286 0.00032249 0.000819756
v -0.283758 -0.400006 0.00806914
vn -0.000244991 -0.00032249 -0.000914319
v -0.283758 -0.400006 0.00806914
vn 0.000244991 0.00032249 0.000914319
v -0.302366 -0.383406 0.0465945
vn 0 -0.00032249 -0.000946573
v -0.302366 -0.383406 0.0465945
vn 0 0.00032249 0.000946573
v -0.325488 -0.35867 0.0775718
vn 0.000244991 -0.00032249 -0.000914319
v -0.325488 -0.35867 0.0775718
vn -0.000244991 0.00032249 0.000914319
v -0.351547 -0.327484 0.0988905
vn 0.000473286 -0.00032249 -0.000819756
v -0.351547 -0.327484 0.0988905
vn -0.000473286 0.00032249 0.000819756
v -0.378768 -0.291975 0.109097
vn 0.000669328 -0.00032249 -0.000669328
v -0.378768 -0.291975 0.109097
vn -0.000669328 0.00032249 0.000669328
v -0.405295 -0.254561 0.107496
vn 0.000819756 -0.00032249 -0.000473286
v -0.405295 -0.254561 0.107496
vn -0.000819756 0.00032249 0.000473286
v -0.429321 -0.217792 0.0941959
vn 0.000914319 -0.00032249 -0.000244991
v -0.429321 -0.217792 0.0941959
vn -0.000914319 0.00032249 0.000244991
v -0.449209 -0.184174 0.0701044
vn 0.000946573 -0.00032249 0
v -0.449209 -0.184174 0.0701044
vn -0.000946573 0.00032249 0
v -0.471523 -0.135185 -0.00326492
vn 0.000819756 -0.00032249 0.000473286
v -0.471523 -0.135185 -0.00326492
vn -0.000819756 0.00032249 -0.000473286
v -0.306649 -0.308984 -0.221537
vn -0.000851114 -0.00047286 0.000228055
v -0.306649 -0.308984 -0.221537
vn 0.000851114 0.00047286 -0.000228055
v -0.433019 -0.144132 -0.174155
vn 0 -0.00047286 0.000881138
v -0.433019 -0.144132 -0.174155
vn 0 0.00047286 -0.000881138
v -0.474302 -0.123891 -0.0477714
vn 0.000697598 -0.000163444 0.000697598
v -0.474302 -0.123891 -0.0477714
vn -0.000697598 0.000163444 -0.000697598
v -0.463603 -0.155998 0.0368621
vn 0.000914319 -0.00032249 0.000244991
v -0.463603 -0.155998 0.0368621
vn -0.000914319 0.00032249 -0.000244991
v -0.472427 -0.123152 -0.0475415
vn 0.000669328 -0.00032249 0.000669328
v -0.472427 -0.123152 -0.0475415
vn -0.000669328 0.00032249 -0.000669328
v -0.355663 -0.234336 -0.235046
vn -0.000560035 -0.000610509 0.000560035
v -0.355663 -0.234336 -0.235046
vn 0.000560035 0.000610509 -0.000560035
v -0.329424 -0.271343 -0.233461
vn -0.0006859 -0.000610509 0.000396005
v -0.329424 -0.271343 -0.233461
vn 0.0006859 0.000610509 -0.000396005
v -0.272525 -0.370492 -0.164467
vn -0.000851114 -0.00047286 -0.000228055
v -0.272525 -0.370492 -0.164467
vn 0.000851114 0.00047286 0.000228055
v -0.264642 -0.39121 -0.124526
vn -0.000763088 -0.00047286 -0.000440569
v -0.264642 -0.39121 -0.124526
vn 0.000763088 0.00047286 0.000440569
v -0.286853 -0.342447 -0.197557
vn -0.000881138 -0.00047286 0
v -0.286853 -0.342447 -0.197557
vn 0.000881138 0.00047286 0
v -0.263742 -0.403187 -0.0804521
vn -0.000623058 -0.00047286 -0.000623058
v -0.263742 -0.403187 -0.0804521
vn 0.000623058 0.00047286 0.000623058
v -0.382587 -0.199212 -0.22495
vn -0.000396005 -0.000610509 0.0006859
v -0.382587 -0.199212 -0.22495
vn 0.000396005 0.000610509 -0.0006859
v -0.408364 -0.168365 -0.203864
vn -0.000204987 -0.000610509 0.000765022
v -0.408364 -0.168365 -0.203864
vn 0.000204987 0.000610509 -0.000765022
v -0.451542 -0.127608 -0.135807
vn 0.000228055 -0.00047286 0.000851114
v -0.451542 -0.127608 -0.135807
vn -0.000228055 0.00047286 -0.000851114
v -0.466256 -0.120721 -0.0929518
vn 0.000473286 -0.00032249 0.000819756
v -0.466256 -0.120721 -0.0929518
vn -0.000473286 0.00032249 -0.000819756
v -0.269884 -0.405609 -0.0352516
vn -0.000440569 -0.00047286 -0.000763088
v -0.269884 -0.405609 -0.0352516
vn 0.000440569 0.00047286 0.000763088
v -0.282652 -0.398308 0.00799696
vn -0.000228055 -0.00047286 -0.000851114
v -0.282652 -0.398308 0.00799696
vn 0.000228055 0.00047286 0.000851114
v -0.301175 -0.381783 0.046345
vn 0 -0.00047286 -0.000881138
v -0.301175 -0.381783 0.046345
vn 0 0.00047286 0.000881138
v -0.324189 -0.357161 0.0771804
vn 0.000228055 -0.00047286 -0.000851114
v -0.324189 -0.357161 0.0771804
vn -0.000228055 0.00047286 0.000851114
v -0.350128 -0.32612 0.0984005
vn 0.000440569 -0.00047286 -0.000763088
v -0.350128 -0.32612 0.0984005
vn -0.000440569 0.00047286 0.000763088
v -0.377224 -0.290773 0.10856
vn 0.000623058 -0.00047286 -0.000623058
v -0.377224 -0.290773 0.10856
vn -0.000623058 0.00047286 0.000623058
v -0.403629 -0.253531 0.106966
vn 0.000763088 -0.00047286 -0.000440569
v -0.403629 -0.253531 0.106966
vn -0.000763088 0.00047286 0.000440569
v -0.427545 -0.216932 0.0937286
vn 0.000851114 -0.00047286 -0.000228055
v -0.427545 -0.216932 0.0937286
vn -0.000851114 0.00047286 0.000228055
v -0.447341 -0.183469 0.0697474
vn 0.000881138 -0.00047286 0
v -0.447341 -0.183469 0.0697474
vn -0.000881138 0.00047286 0
v -0.469552 -0.134706 -0.00328427
vn 0.000763088 -0.00047286 0.000440569
v -0.469552 -0.134706 -0.00328427
vn -0.000763088 0.00047286 -0.000440569
v -0.470453 -0.122728 -0.0473571
vn 0.000623058 -0.00047286 0.000623058
v -0.470453 -0.122728 -0.0473571
vn -0.000623058 0.00047286 -0.000623058
v -0.305659 -0.307712 -0.220306
vn -0.000765022 -0.000610509 0.000204987
v -0.305659 -0.307712 -0.220306
vn 0.000765022 0.000610509 -0.000204987
v -0.431233 -0.143899 -0.173222
vn 0 -0.000610509 0.000792009
v -0.431233 -0.143899 -0.173222
vn 0 0.000610509 -0.000792009
v -0.461669 -0.155423 0.0366588
vn 0.000851114 -0.00047286 0.000228055
v -0.461669 -0.155423 0.0366588
vn -0.000851114 0.00047286 -0.000228055
v -0.464309 -0.120307 -0.0925592
vn 0.000440569 -0.00047286 0.000763088
v -0.464309 -0.120307 -0.0925592
vn -0.000440569 0.00047286 -0.000763088
v -0.328503 -0.270405 -0.231917
vn -0.000590272 -0.000731737 0.000340793
v -0.328503 -0.270405 -0.231917
vn 0.000590272 0.000731737 -0.000340793
v -0.27175 -0.368833 -0.163596
vn -0.000765022 -0.000610509 -0.000204987
v -0.27175 -0.368833 -0.163596
vn 0.000765022 0.000610509 0.000204987
v -0.263917 -0.38942 -0.123905
vn -0.0006859 -0.000610509 -0.000396005
v -0.263917 -0.38942 -0.123905
vn 0.0006859 0.000610509 0.000396005
v -0.263021 -0.401322 -0.0801098
vn -0.000560035 -0.000610509 -0.000560035
v -0.263021 -0.401322 -0.0801098
vn 0.000560035 0.000610509 0.000560035
v -0.285987 -0.340964 -0.196476
vn -0.000792009 -0.000610509 -0
v -0.285987 -0.340964 -0.196476
vn 0.000792009 0.000610509 0
v -0.354535 -0.233688 -0.233489
vn -0.000481955 -0.000731737 0.000481955
v -0.354535 -0.233688 -0.233489
vn 0.000481955 0.000731737 -0.000481955
v -0.269126 -0.403728 -0.0351936
vn -0.000396005 -0.000610509 -0.0006859
v -0.269126 -0.403728 -0.0351936
vn 0.000396005 0.000610509 0.0006859
v -0.381249 -0.198841 -0.223473
vn -0.000340793 -0.000731737 0.000590272
v -0.381249 -0.198841 -0.223473
vn 0.000340793 0.000731737 -0.000590272
v -0.406822 -0.168236 -0.202551
vn -0.000176408 -0.000731737 0.000658362
v -0.406822 -0.168236 -0.202551
vn 0.000176408 0.000731737 -0.000658362
v -0.44964 -0.127478 -0.135115
vn 0.000204987 -0.000610509 0.000765022
v -0.44964 -0.127478 -0.135115
vn -0.000204987 0.000610509 -0.000765022
v -0.281813 -0.396474 0.00778314
vn -0.000204987 -0.000610509 -0.000765022
v -0.281813 -0.396474 0.00778314
vn 0.000204987 0.000610509 0.000765022
v -0.300219 -0.380053 0.0458896
vn 0 -0.000610509 -0.000792009
v -0.300219 -0.380053 0.0458896
vn 0 0.000610509 0.000792009
v -0.323089 -0.355586 0.0765312
vn 0.000204987 -0.000610509 -0.000765022
v -0.323089 -0.355586 0.0765312
vn -0.000204987 0.000610509 0.000765022
v -0.348864 -0.32474 0.0976168
vn 0.000396005 -0.000610509 -0.0006859
v -0.348864 -0.32474 0.0976168
vn -0.000396005 0.000610509 0.0006859
v -0.375789 -0.289616 0.107713
vn 0.000560035 -0.000610509 -0.000560035
v -0.375789 -0.289616 0.107713
vn -0.000560035 0.000610509 0.000560035
v -0.402028 -0.252609 0.106129
vn 0.0006859 -0.000610509 -0.000396005
v -0.402028 -0.252609 0.106129
vn -0.0006859 0.000610509 0.000396005
v -0.425794 -0.216239 0.0929739
vn 0.000765022 -0.000610509 -0.000204987
v -0.425794 -0.216239 0.0929739
vn -0.000765022 0.000610509 0.000204987
v -0.445465 -0.182988 0.0691445
vn 0.000792009 -0.000610509 0
v -0.445465 -0.182988 0.0691445
vn -0.000792009 0.000610509 0
v -0.467536 -0.134531 -0.00342688
vn 0.0006859 -0.000610509 0.000396005
v -0.467536 -0.134531 -0.00342688
vn -0.0006859 0.000610509 -0.000396005
v -0.468431 -0.122629 -0.0472232
vn 0.000560035 -0.000610509 0.000560035
v -0.468431 -0.122629 -0.0472232
vn -0.000560035 0.000610509 -0.000560035
v -0.462326 -0.120224 -0.0921395
vn 0.000396005 -0.000610509 0.0006859
v -0.462326 -0.120224 -0.0921395
vn -0.000396005 0.000610509 -0.0006859
v -0.304924 -0.306488 -0.218866
vn -0.000658362 -0.000731737 0.000176408
v -0.304924 -0.306488 -0.218866
vn 0.000658362 0.000731737 -0.000176408
v -0.429512 -0.143962 -0.172151
vn 0 -0.000731737 0.000681587
v -0.429512 -0.143962 -0.172151
vn 0 0.000731737 -0.000681587
v -0.459702 -0.155119 0.0362638
vn 0.000765022 -0.000610509 0.000204987
v -0.459702 -0.155119 0.0362638
vn -0.000765022 0.000610509 -0.000204987
v -0.327824 -0.269595 -0.230186
vn -0.000536367 -0.00078512 0.000309672
v -0.327824 -0.269595 -0.230186
vn 0.000536367 0.00078512 -0.000309672
v -0.304463 -0.305345 -0.217256
vn -0.00059824 -0.00078512 0.000160298
v -0.304463 -0.305345 -0.217256
vn 0.00059824 0.00078512 -0.000160298
v -0.271281 -0.36713 -0.162601
vn -0.000658362 -0.000731737 -0.000176408
v -0.271281 -0.36713 -0.162601
vn 0.000658362 0.000731737 0.000176408
v -0.26351 -0.387555 -0.123222
vn -0.000590272 -0.000731737 -0.000340793
v -0.26351 -0.387555 -0.123222
vn 0.000590272 0.000731737 0.000340793
v -0.262622 -0.399363 -0.0797704
vn -0.000481955 -0.000731737 -0.000481955
v -0.262622 -0.399363 -0.0797704
vn 0.000481955 0.000731737 0.000481955
v -0.285407 -0.339479 -0.195223
vn -0.000681587 -0.000731737 0
v -0.285407 -0.339479 -0.195223
vn 0.000681587 0.000731737 0
v -0.353617 -0.233217 -0.231743
vn -0.000437942 -0.00078512 0.000437942
v -0.353617 -0.233217 -0.231743
vn 0.000437942 0.00078512 -0.000437942
v -0.281266 -0.394553 0.00743275
vn -0.000176408 -0.000731737 -0.000658362
v -0.281266 -0.394553 0.00743275
vn 0.000176408 0.000731737 0.000658362
v -0.380083 -0.198691 -0.22182
vn -0.000309672 -0.00078512 0.000536367
v -0.380083 -0.198691 -0.22182
vn 0.000309672 0.00078512 -0.000536367
v -0.427902 -0.144319 -0.170972
vn -0 -0.00078512 0.000619343
v -0.427902 -0.144319 -0.170972
vn 0 0.00078512 -0.000619343
v -0.447774 -0.12767 -0.134344
vn 0.000176408 -0.000731737 0.000658362
v -0.447774 -0.12767 -0.134344
vn -0.000176408 0.000731737 -0.000658362
v -0.299527 -0.378261 0.0452398
vn 0 -0.000731737 -0.000681587
v -0.299527 -0.378261 0.0452398
vn 0 0.000731737 0.000681587
v -0.322217 -0.353987 0.0756401
vn 0.000176408 -0.000731737 -0.000658362
v -0.322217 -0.353987 0.0756401
vn -0.000176408 0.000731737 0.000658362
v -0.34779 -0.323382 0.09656
vn 0.000340793 -0.000731737 -0.000590272
v -0.34779 -0.323382 0.09656
vn -0.000340793 0.000731737 0.000590272
v -0.374504 -0.288535 0.106577
vn 0.000481955 -0.000731737 -0.000481955
v -0.374504 -0.288535 0.106577
vn -0.000481955 0.000731737 0.000481955
v -0.400537 -0.251818 0.105006
vn 0.000590272 -0.000731737 -0.000340793
v -0.400537 -0.251818 0.105006
vn -0.000590272 0.000731737 0.000340793
v -0.424115 -0.215735 0.0919543
vn 0.000658362 -0.000731737 -0.000176408
v -0.424115 -0.215735 0.0919543
vn -0.000658362 0.000731737 0.000176408
v -0.443632 -0.182744 0.0683115
vn 0.000681587 -0.000731737 0
v -0.443632 -0.182744 0.0683115
vn -0.000681587 0.000731737 0
v -0.46553 -0.134668 -0.00368986
vn 0.000590272 -0.000731737 0.000340793
v -0.46553 -0.134668 -0.00368986
vn -0.000590272 0.000731737 -0.000340793
v -0.466417 -0.12286 -0.0471421
vn 0.000481955 -0.000731737 0.000481955
v -0.466417 -0.12286 -0.0471421
vn -0.000481955 0.000731737 -0.000481955
v -0.285126 -0.338032 -0.193831
vn -0.000619343 -0.00078512 0
v -0.285126 -0.338032 -0.193831
vn 0.000619343 0.00078512 0
v -0.268678 -0.40175 -0.035207
vn -0.000340793 -0.000731737 -0.000590272
v -0.268678 -0.40175 -0.035207
vn 0.000340793 0.000731737 0.000590272
v -0.405421 -0.168369 -0.201091
vn -0.000160298 -0.00078512 0.00059824
v -0.405421 -0.168369 -0.201091
vn 0.000160298 0.00078512 -0.00059824
v -0.445994 -0.128178 -0.133513
vn 0.000160298 -0.00078512 0.00059824
v -0.445994 -0.128178 -0.133513
vn -0.000160298 0.00078512 -0.00059824
v -0.457758 -0.155093 0.035689
vn 0.000658362 -0.000731737 0.000176408
v -0.457758 -0.155093 0.035689
vn -0.000658362 0.000731737 -0.000176408
v -0.460361 -0.120473 -0.0917055
vn 0.000340793 -0.000731737 0.000590272
v -0.460361 -0.120473 -0.0917055
vn -0.000340793 0.000731737 -0.000590272
v -0.327824 -0.269595 -0.230186
vn -0.000866025 0 0.0005
v 0.10865 0.0979882 -0.151182
vn -0.000707107 0 0.000707107
v -0.353617 -0.233217 -0.231743
vn -0.000707107 0 0.000707107
v -0.304463 -0.305345 -0.217256
vn -0.000965926 0 0.000258819
v 0.134443 0.0616108 -0.149625
vn -0.000866025 0 0.0005
v -0.285126 -0.338032 -0.193831
vn -0.001 0 0
v 0.157804 0.0258606 -0.136695
vn -0.000965926 0 0.000258819
v -0.271131 -0.365427 -0.16151
vn -0.00059824 -0.00078512 -0.000160298
v -0.271131 -0.365427 -0.16151
vn 0.00059824 0.00078512 0.000160298
v -0.263431 -0.385663 -0.122494
vn -0.000536367 -0.00078512 -0.000309672
v -0.263431 -0.385663 -0.122494
vn 0.000536367 0.00078512 0.000309672
v -0.262551 -0.397363 -0.0794436
vn -0.000437942 -0.00078512 -0.000437942
v -0.262551 -0.397363 -0.0794436
vn 0.000437942 0.00078512 0.000437942
v -0.380083 -0.198691 -0.22182
vn -0.0005 0 0.000866025
v -0.268552 -0.399727 -0.0352917
vn -0.000309672 -0.00078512 -0.000536367
v -0.268552 -0.399727 -0.0352917
vn 0.000309672 0.00078512 0.000536367
v -0.281023 -0.392597 0.00695457
vn -0.000160298 -0.00078512 -0.00059824
v -0.281023 -0.392597 0.00695457
vn 0.000160298 0.00078512 0.00059824
v 0.0821839 0.132514 -0.141259
vn -0.0005 0 0.000866025
v -0.405421 -0.168369 -0.201091
vn -0.000258819 0 0.000965926
v 0.0568462 0.162836 -0.12053
vn -0.000258819 0 0.000965926
v -0.427902 -0.144319 -0.170972
vn 0 0 0.001
v 0.0343654 0.186887 -0.0904108
vn 0 0 0.001
v -0.445994 -0.128178 -0.133513
vn 0.000258819 0 0.000965926
v -0.458466 -0.121047 -0.0912685
vn 0.000309672 -0.00078512 0.000536367
v -0.458466 -0.121047 -0.0912685
vn -0.000309672 0.00078512 -0.000536367
v -0.321597 -0.352405 0.0745325
vn 0.000160298 -0.00078512 -0.00059824
v -0.321597 -0.352405 0.0745325
vn -0.000160298 0.00078512 0.00059824
v -0.346934 -0.322083 0.0952594
vn 0.000309672 -0.00078512 -0.000536367
v -0.346934 -0.322083 0.0952594
vn -0.000309672 0.00078512 0.000536367
v -0.373401 -0.287557 0.105183
vn 0.000437942 -0.00078512 -0.000437942
v -0.373401 -0.287557 0.105183
vn -0.000437942 0.00078512 0.000437942
v -0.399193 -0.251179 0.103627
vn 0.000536367 -0.00078512 -0.000309672
v -0.399193 -0.251179 0.103627
vn -0.000536367 0.00078512 0.000309672
v -0.422554 -0.215429 0.0906962
vn 0.00059824 -0.00078512 -0.000160298
v -0.422554 -0.215429 0.0906962
vn -0.00059824 0.00078512 0.000160298
v -0.441891 -0.182743 0.0672717
vn 0.000619343 -0.00078512 0
v -0.441891 -0.182743 0.0672717
vn -0.000619343 0.00078512 0
v -0.455887 -0.155347 0.0349501
vn 0.00059824 -0.00078512 0.000160298
v -0.455887 -0.155347 0.0349501
vn -0.00059824 0.00078512 -0.000160298
v -0.463586 -0.135111 -0.00406543
vn 0.000536367 -0.00078512 0.000309672
v -0.463586 -0.135111 -0.00406543
vn -0.000536367 0.00078512 -0.000309672
v -0.464466 -0.123412 -0.0471166
vn 0.000437942 -0.00078512 0.000437942
v -0.464466 -0.123412 -0.0471166
vn -0.000437942 0.00078512 -0.000437942
v 0.177141 -0.00682633 -0.11327
vn -0.001 0 0
v -0.299116 -0.376455 0.0444123
vn 0 -0.00078512 -0.000619343
v -0.299116 -0.376455 0.0444123
vn 0 0.00078512 0.000619343
v 0.0162727 0.203028 -0.0529524
vn 0.000258819 0 0.000965926
v -0.458466 -0.121047 -0.0912685
vn 0.0005 0 0.000866025
v 0.135252 0.0620682 -0.150091
vn -0.0007347 0.000529422 0.000424179
v 0.10865 0.0979882 -0.151182
vn -0.000578082 0.000575883 0.000578082
v 0.134443 0.0616108 -0.149625
vn -0.000708003 0.000575883 0.000408766
v 0.134443 0.0616108 -0.149625
vn 0.000708003 -0.000575883 -0.000408766
v 0.10865 0.0979882 -0.151182
vn 0.000578082 -0.000575883 -0.000578082
v 0.135252 0.0620682 -0.150091
vn 0.0007347 -0.000529422 -0.000424179
v 0.158695 0.0261928 -0.137114
vn -0.000819452 0.000529422 0.000219571
v 0.157804 0.0258606 -0.136695
vn -0.000789675 0.000575883 0.000211593
v 0.157804 0.0258606 -0.136695
vn 0.000789675 -0.000575883 -0.000211593
v 0.158695 0.0261928 -0.137114
vn 0.000819452 -0.000529422 -0.000219571
v -0.271131 -0.365427 -0.16151
vn -0.000965926 0 -0.000258819
v 0.177141 -0.00682633 -0.11327
vn -0.000817532 0.000575883 0
v 0.177141 -0.00682633 -0.11327
vn 0.000817532 -0.000575883 0
v -0.263431 -0.385663 -0.122494
vn -0.000866025 0 -0.0005
v 0.191136 -0.0342214 -0.0809485
vn -0.000965926 0 -0.000258819
v -0.262551 -0.397363 -0.0794436
vn -0.000707107 0 -0.000707107
v 0.198836 -0.0544579 -0.041933
vn -0.000866025 0 -0.0005
v 0.193715 -0.068522 0.0452693
vn -0.0005 0 -0.000866025
v -0.268552 -0.399727 -0.0352917
vn -0.0005 0 -0.000866025
v 0.109369 0.0985735 -0.151653
vn -0.00059988 0.000529422 0.00059988
v 0.0821839 0.132514 -0.141259
vn -0.000408766 0.000575883 0.000708003
v 0.0821839 0.132514 -0.141259
vn 0.000408766 -0.000575883 -0.000708003
v 0.109369 0.0985735 -0.151653
vn 0.00059988 -0.000529422 -0.00059988
v 0.181244 -0.0613915 0.0875156
vn -0.000258819 0 -0.000965926
v -0.281023 -0.392597 0.00695457
vn -0.000258819 0 -0.000965926
v 0.163151 -0.0452499 0.124973
vn 0 0 -0.001
v -0.299116 -0.376455 0.0444123
vn 0 0 -0.001
v 0.0828096 0.133221 -0.141695
vn -0.000424179 0.000529422 0.0007347
v 0.0568462 0.162836 -0.12053
vn -0.000211593 0.000575883 0.000789675
v 0.0568462 0.162836 -0.12053
vn 0.000211593 -0.000575883 -0.000789675
v 0.0828096 0.133221 -0.141695
vn 0.000424179 -0.000529422 -0.0007347
v 0.0573837 0.163648 -0.120894
vn -0.000219571 0.000529422 0.000819452
v 0.0343654 0.186887 -0.0904108
vn 0 0.000575883 0.000817532
v 0.0343654 0.186887 -0.0904108
vn 0 -0.000575883 -0.000817532
v 0.0573837 0.163648 -0.120894
vn 0.000219571 -0.000529422 -0.000819452
v 0.0348243 0.187783 -0.0906683
vn 0 0.000529422 0.000848359
v 0.0162727 0.203028 -0.0529524
vn 0.000211593 0.000575883 0.000789675
v 0.0162727 0.203028 -0.0529524
vn -0.000211593 -0.000575883 -0.000789675
v 0.0348243 0.187783 -0.0906683
vn 0 -0.000529422 -0.000848359
v 0.00380154 0.210158 -0.0107075
vn 0.0005 0 0.000866025
v 0.140671 -0.0212 0.155094
vn 0.000258819 0 -0.000965926
v -0.321597 -0.352405 0.0745325
vn 0.000258819 0 -0.000965926
v 0.115333 0.00912244 0.17582
vn 0.0005 0 -0.000866025
v -0.346934 -0.322083 0.0952594
vn 0.0005 0 -0.000866025
v 0.0888665 0.0436482 0.185744
vn 0.000707107 0 -0.000707107
v -0.373401 -0.287557 0.105183
vn 0.000707107 0 -0.000707107
v -0.399193 -0.251179 0.103627
vn 0.000866025 0 -0.0005
v -0.422554 -0.215429 0.0906962
vn 0.000965926 0 -0.000258819
v 0.0630737 0.0800261 0.184188
vn 0.000866025 0 -0.0005
v -0.441891 -0.182743 0.0672717
vn 0.001 0 0
v 0.0397128 0.115776 0.171257
vn 0.000965926 0 -0.000258819
v -0.455887 -0.155347 0.0349501
vn 0.000965926 0 0.000258819
v 0.0203761 0.148463 0.147833
vn 0.001 0 0
v -0.463586 -0.135111 -0.00406543
vn 0.000866025 0 0.0005
v 0.00638033 0.175858 0.115511
vn 0.000965926 0 0.000258819
v -0.464466 -0.123412 -0.0471166
vn 0.000707107 0 0.000707107
v -0.00131933 0.196095 0.0764956
vn 0.000866025 0 0.0005
v 0.178099 -0.00660781 -0.113607
vn -0.000848359 0.000529422 0
v 0.178099 -0.00660781 -0.113607
vn 0.000848359 -0.000529422 0
v 0.199716 -0.0661575 0.00111735
vn -0.000707107 0 -0.000707107
v 0.016668 0.203981 -0.0530789
vn 0.000219571 0.000529422 0.000819452
v 0.016668 0.203981 -0.0530789
vn -0.000219571 -0.000529422 -0.000819452
v 0.00380154 0.210158 -0.0107075
vn 0.000408766 0.000575883 0.000708003
v 0.00380154 0.210158 -0.0107075
vn -0.000408766 -0.000575883 -0.000708003
v -0.00219885 0.207794 0.0334444
vn 0.000707107 0 0.000707107
v 0.136089 0.0625665 -0.150451
vn -0.000781185 0.000431664 0.000451017
v 0.136089 0.0625665 -0.150451
vn 0.000781185 -0.000431664 -0.000451017
v 0.1596 0.0265864 -0.137437
vn -0.000871298 0.000431664 0.000233464
v 0.1596 0.0265864 -0.137437
vn 0.000871298 -0.000431664 -0.000233464
v 0.191136 -0.0342214 -0.0809485
vn -0.000789675 0.000575883 -0.000211593
v 0.191136 -0.0342214 -0.0809485
vn 0.000789675 -0.000575883 0.000211593
v 0.198836 -0.0544579 -0.041933
vn -0.000708003 0.000575883 -0.000408766
v 0.192144 -0.0340991 -0.0811731
vn -0.000819452 0.000529422 -0.000219571
v 0.192144 -0.0340991 -0.0811731
vn 0.000819452 -0.000529422 0.000219571
v 0.198836 -0.0544579 -0.041933
vn 0.000708003 -0.000575883 0.000408766
v 0.199716 -0.0661575 0.00111735
vn -0.000578082 0.000575883 -0.000578082
v 0.199871 -0.0544065 -0.0420218
vn -0.0007347 0.000529422 -0.000424179
v 0.199871 -0.0544065 -0.0420218
vn 0.0007347 -0.000529422 0.000424179
v 0.199716 -0.0661575 0.00111735
vn 0.000578082 -0.000575883 0.000578082
v 0.194732 -0.0685201 0.0454871
vn -0.000424179 0.000529422 -0.0007347
v 0.193715 -0.068522 0.0452693
vn -0.000408766 0.000575883 -0.000708003
v 0.193715 -0.068522 0.0452693
vn 0.000408766 -0.000575883 0.000708003
v 0.194732 -0.0685201 0.0454871
vn 0.000424179 -0.000529422 0.0007347
v 0.182217 -0.0613636 0.08788
vn -0.000219571 0.000529422 -0.000819452
v 0.181244 -0.0613915 0.0875156
vn -0.000211593 0.000575883 -0.000789675
v 0.181244 -0.0613915 0.0875156
vn 0.000211593 -0.000575883 0.000789675
v 0.182217 -0.0613636 0.08788
vn 0.000219571 -0.000529422 0.000819452
v 0.11013 0.0991776 -0.152017
vn -0.000637835 0.000431664 0.000637835
v 0.11013 0.0991776 -0.152017
vn 0.000637835 -0.000431664 -0.000637835
v 0.164061 -0.0451665 0.12547
vn 0 0.000529422 -0.000848359
v 0.163151 -0.0452499 0.124973
vn 0 0.000575883 -0.000817532
v 0.163151 -0.0452499 0.124973
vn 0 -0.000575883 0.000817532
v 0.164061 -0.0451665 0.12547
vn -0 -0.000529422 0.000848359
v 0.141501 -0.0210312 0.155695
vn 0.000219571 0.000529422 -0.000819452
v 0.140671 -0.0212 0.155094
vn 0.000211593 0.000575883 -0.000789675
v 0.140671 -0.0212 0.155094
vn -0.000211593 -0.000575883 0.000789675
v 0.141501 -0.0210312 0.155695
vn -0.000219571 -0.000529422 0.000819452
v 0.0834939 0.133925 -0.14203
vn -0.000451017 0.000431664 0.000781185
v 0.0834939 0.133925 -0.14203
vn 0.000451017 -0.000431664 -0.000781185
v 0.0579938 0.164442 -0.12117
vn -0.000233464 0.000431664 0.000871298
v 0.0579938 0.164442 -0.12117
vn 0.000233464 -0.000431664 -0.000871298
v 0.0353679 0.188648 -0.0908563
vn 0 0.000431664 0.000902035
v 0.0353679 0.188648 -0.0908563
vn 0 -0.000431664 -0.000902035
v 0.00415303 0.211137 -0.0106869
vn 0.000424179 0.000529422 0.0007347
v 0.00415303 0.211137 -0.0106869
vn -0.000424179 -0.000529422 -0.0007347
v 0.116076 0.00939599 0.176495
vn 0.000424179 0.000529422 -0.0007347
v 0.115333 0.00912244 0.17582
vn 0.000408766 0.000575883 -0.000708003
v 0.115333 0.00912244 0.17582
vn -0.000408766 -0.000575883 0.000708003
v 0.116076 0.00939599 0.176495
vn -0.000424179 -0.000529422 0.0007347
v 0.0895155 0.0440437 0.186454
vn 0.00059988 0.000529422 -0.00059988
v 0.0888665 0.0436482 0.185744
vn 0.000578082 0.000575883 -0.000578082
v 0.0888665 0.0436482 0.185744
vn -0.000578082 -0.000575883 0.000578082
v 0.0895155 0.0440437 0.186454
vn -0.00059988 -0.000529422 0.00059988
v 0.0636329 0.0805485 0.184891
vn 0.0007347 0.000529422 -0.000424179
v 0.0630737 0.0800261 0.184188
vn 0.000708003 0.000575883 -0.000408766
v 0.0630737 0.0800261 0.184188
vn -0.000708003 -0.000575883 0.000408766
v 0.0636329 0.0805485 0.184891
vn -0.0007347 -0.000529422 0.000424179
v 0.0401903 0.116424 0.171916
vn 0.000819452 0.000529422 -0.000219571
v 0.0397128 0.115776 0.171257
vn 0.000789675 0.000575883 -0.000211593
v 0.0397128 0.115776 0.171257
vn -0.000789675 -0.000575883 0.000211593
v 0.0401903 0.116424 0.171916
vn -0.000819452 -0.000529422 0.000219571
v 0.020786 0.149224 0.148409
vn 0.000848359 0.000529422 0
v 0.0203761 0.148463 0.147833
vn 0.000817532 0.000575883 0
v 0.0203761 0.148463 0.147833
vn -0.000817532 -0.000575883 0
v 0.020786 0.149224 0.148409
vn -0.000848359 -0.000529422 0
v 0.00638033 0.175858 0.115511
vn 0.000789675 0.000575883 0.000211593
v 0.00638033 0.175858 0.115511
vn -0.000789675 -0.000575883 -0.000211593
v -0.00131933 0.196095 0.0764956
vn 0.000708003 0.000575883 0.000408766
v 0.00674138 0.176716 0.115975
vn 0.000819452 0.000529422 0.000219571
v 0.00674138 0.176716 0.115975
vn -0.000819452 -0.000529422 -0.000219571
v -0.00131933 0.196095 0.0764956
vn -0.000708003 -0.000575883 -0.000408766
v -0.00219885 0.207794 0.0334444
vn 0.000578082 0.000575883 0.000578082
v -0.000985388 0.197023 0.076822
vn 0.0007347 0.000529422 0.000424179
v -0.000985388 0.197023 0.076822
vn -0.0007347 -0.000529422 -0.000424179
v -0.00219885 0.207794 0.0334444
vn -0.000578082 -0.000575883 -0.000578082
v 0.179061 -0.00631018 -0.113861
vn -0.000902035 0.000431664 0
v 0.179061 -0.00631018 -0.113861
vn 0.000902035 -0.000431664 0
v 0.200753 -0.0661467 0.00118
vn -0.00059988 0.000529422 -0.00059988
v 0.200753 -0.0661467 0.00118
vn 0.00059988 -0.000529422 0.00059988
v 0.0171593 0.204892 -0.0531571
vn 0.000233464 0.000431664 0.000871298
v 0.0171593 0.204892 -0.0531571
vn -0.000233464 -0.000431664 -0.000871298
v -0.00186852 0.208764 0.033621
vn 0.00059988 0.000529422 0.00059988
v -0.00186852 0.208764 0.033621
vn -0.00059988 -0.000529422 -0.00059988
v 0.136945 0.0630993 -0.150703
vn -0.000817954 0.000328536 0.000472246
v 0.136945 0.0630993 -0.150703
vn 0.000817954 -0.000328536 -0.000472246
v 0.16051 0.0270363 -0.137658
vn -0.000912309 0.000328536 0.000244452
v 0.16051 0.0270363 -0.137658
vn 0.000912309 -0.000328536 -0.000244452
v 0.193146 -0.0338813 -0.0813331
vn -0.000871298 0.000431664 -0.000233464
v 0.193146 -0.0338813 -0.0813331
vn 0.000871298 -0.000431664 0.000233464
v 0.200895 -0.0542478 -0.0420666
vn -0.000781185 0.000431664 -0.000451017
v 0.200895 -0.0542478 -0.0420666
vn 0.000781185 -0.000431664 0.000451017
v 0.195742 -0.0684029 0.0456966
vn -0.000451017 0.000431664 -0.000781185
v 0.195742 -0.0684029 0.0456966
vn 0.000451017 -0.000431664 0.000781185
v 0.183191 -0.0612259 0.0882126
vn -0.000233464 0.000431664 -0.000871298
v 0.183191 -0.0612259 0.0882126
vn 0.000233464 -0.000431664 0.000871298
v 0.164982 -0.0449812 0.125913
vn 0 0.000431664 -0.000902035
v 0.164982 -0.0449812 0.125913
vn -0 -0.000431664 0.000902035
v 0.110927 0.0997947 -0.152273
vn -0.000667856 0.000328536 0.000667856
v 0.110927 0.0997947 -0.152273
vn 0.000667856 -0.000328536 -0.000667856
v 0.142356 -0.0207758 0.156225
vn 0.000233464 0.000431664 -0.000871298
v 0.142356 -0.0207758 0.156225
vn -0.000233464 -0.000431664 0.000871298
v 0.116856 0.00974028 0.177086
vn 0.000451017 0.000431664 -0.000781185
v 0.116856 0.00974028 0.177086
vn -0.000451017 -0.000431664 0.000781185
v 0.084229 0.134622 -0.142263
vn -0.000472246 0.000328536 0.000817954
v 0.084229 0.134622 -0.142263
vn 0.000472246 -0.000328536 -0.000817954
v 0.0586701 0.165209 -0.121353
vn -0.000244452 0.000328536 0.000912309
v 0.0586701 0.165209 -0.121353
vn 0.000244452 -0.000328536 -0.000912309
v 0.0359926 0.18947 -0.0909704
vn 0 0.000328536 0.000944491
v 0.0359926 0.18947 -0.0909704
vn 0 -0.000328536 -0.000944491
v 0.00460805 0.212068 -0.0106405
vn 0.000451017 0.000431664 0.000781185
v 0.00460805 0.212068 -0.0106405
vn -0.000451017 -0.000431664 -0.000781185
v 0.0902194 0.0444885 0.187074
vn 0.000637835 0.000431664 -0.000637835
v 0.0902194 0.0444885 0.187074
vn -0.000637835 -0.000431664 0.000637835
v 0.0642609 0.0811002 0.185507
vn 0.000781185 0.000431664 -0.000451017
v 0.0642609 0.0811002 0.185507
vn -0.000781185 -0.000431664 0.000451017
v 0.0407498 0.11708 0.172493
vn 0.000871298 0.000431664 -0.000233464
v 0.0407498 0.11708 0.172493
vn -0.000871298 -0.000431664 0.000233464
v 0.0212891 0.149976 0.148918
vn 0.000902035 0.000431664 0
v 0.0212891 0.149976 0.148918
vn -0.000902035 -0.000431664 0
v 0.00720333 0.177548 0.116389
vn 0.000871298 0.000431664 0.000233464
v 0.00720333 0.177548 0.116389
vn -0.000871298 -0.000431664 -0.000233464
v -0.000545717 0.197914 0.0771229
vn 0.000781185 0.000431664 0.000451017
v -0.000545717 0.197914 0.0771229
vn -0.000781185 -0.000431664 -0.000451017
v 0.180016 -0.00593589 -0.114029
vn -0.000944491 0.000328536 0
v 0.180016 -0.00593589 -0.114029
vn 0.000944491 -0.000328536 0
v 0.201781 -0.0660227 0.00126107
vn -0.000637835 0.000431664 -0.000637835
v 0.201781 -0.0660227 0.00126107
vn 0.000637835 -0.000431664 0.000637835
v 0.0177416 0.205752 -0.0531843
vn 0.000244452 0.000328536 0.000912309
v 0.0177416 0.205752 -0.0531843
vn -0.000244452 -0.000328536 -0.000912309
v -0.00143097 0.209689 0.0337958
vn 0.000637835 0.000431664 0.000637835
v -0.00143097 0.209689 0.0337958
vn -0.000637835 -0.000431664 -0.000637835
v 0.137809 0.0636592 -0.150841
vn -0.000844549 0.000221321 0.0004876
v 0.137809 0.0636592 -0.150841
vn 0.000844549 -0.000221321 -0.0004876
v 0.161413 0.0275373 -0.137776
vn -0.000941972 0.000221321 0.000252401
v 0.161413 0.0275373 -0.137776
vn 0.000941972 -0.000221321 -0.000252401
v 0.194133 -0.0335699 -0.0814258
vn -0.000912309 0.000328536 -0.000244452
v 0.194133 -0.0335699 -0.0814258
vn 0.000912309 -0.000328536 0.000244452
v 0.201901 -0.0539838 -0.042069
vn -0.000817954 0.000328536 -0.000472246
v 0.201901 -0.0539838 -0.042069
vn 0.000817954 -0.000328536 0.000472246
v 0.196735 -0.0681709 0.0458957
vn -0.000472246 0.000328536 -0.000817954
v 0.196735 -0.0681709 0.0458957
vn 0.000472246 -0.000328536 0.000817954
v 0.184155 -0.0609774 0.0885102
vn -0.000244452 0.000328536 -0.000912309
v 0.184155 -0.0609774 0.0885102
vn 0.000244452 -0.000328536 0.000912309
v 0.165904 -0.0446953 0.126296
vn 0 0.000328536 -0.000944491
v 0.165904 -0.0446953 0.126296
vn 0 -0.000328536 0.000944491
v 0.143226 -0.0204343 0.156679
vn 0.000244452 0.000328536 -0.000912309
v 0.143226 -0.0204343 0.156679
vn -0.000244452 -0.000328536 0.000912309
v 0.111747 0.100416 -0.152416
vn -0.000689571 0.000221321 0.000689571
v 0.111747 0.100416 -0.152416
vn 0.000689571 -0.000221321 -0.000689571
v 0.117668 0.0101522 0.177588
vn 0.000472246 0.000328536 -0.000817954
v 0.117668 0.0101522 0.177588
vn -0.000472246 -0.000328536 0.000817954
v 0.09097 0.0449797 0.187599
vn 0.000667856 0.000328536 -0.000667856
v 0.09097 0.0449797 0.187599
vn -0.000667856 -0.000328536 0.000667856
v 0.0850047 0.135302 -0.142387
vn -0.0004876 0.000221321 0.000844549
v 0.0850047 0.135302 -0.142387
vn 0.0004876 -0.000221321 -0.000844549
v 0.0594041 0.165939 -0.121444
vn -0.000252401 0.000221321 0.000941972
v 0.0594041 0.165939 -0.121444
vn 0.000252401 -0.000221321 -0.000941972
v 0.0366889 0.190241 -0.0910105
vn 0 0.000221321 0.000975201
v 0.0366889 0.190241 -0.0910105
vn 0 -0.000221321 -0.000975201
v 0.0051615 0.212946 -0.0105706
vn 0.000472246 0.000328536 0.000817954
v 0.0051615 0.212946 -0.0105706
vn -0.000472246 -0.000328536 -0.000817954
v 0.0649522 0.0816753 0.186028
vn 0.000817954 0.000328536 -0.000472246
v 0.0649522 0.0816753 0.186028
vn -0.000817954 -0.000328536 0.000472246
v 0.041387 0.117738 0.172983
vn 0.000912309 0.000328536 -0.000244452
v 0.041387 0.117738 0.172983
vn -0.000912309 -0.000328536 0.000244452
v 0.021881 0.15071 0.149355
vn 0.000944491 0.000328536 0
v 0.021881 0.15071 0.149355
vn -0.000944491 -0.000328536 0
v 0.00776365 0.178345 0.116751
vn 0.000912309 0.000328536 0.000244452
v 0.00776365 0.178345 0.116751
vn -0.000912309 -0.000328536 -0.000244452
v -3.67726e-06 0.198758 0.0773941
vn 0.000817954 0.000328536 0.000472246
v -3.67726e-06 0.198758 0.0773941
vn -0.000817954 -0.000328536 -0.000472246
v 0.180951 -0.00548972 -0.114107
vn -0.000975201 0.000221321 0
v 0.180951 -0.00548972 -0.114107
vn 0.000975201 -0.000221321 0
v 0.202788 -0.0657858 0.00135841
vn -0.000667856 0.000328536 -0.000667856
v 0.202788 -0.0657858 0.00135841
vn 0.000667856 -0.000328536 0.000667856
v 0.0184078 0.20655 -0.0531616
vn 0.000252401 0.000221321 0.000941972
v 0.0184078 0.20655 -0.0531616
vn -0.000252401 -0.000221321 -0.000941972
v -0.000891388 0.21056 0.0339681
vn 0.000667856 0.000328536 0.000667856
v -0.000891388 0.21056 0.0339681
vn -0.000667856 -0.000328536 -0.000667856
v 0.138669 0.0642411 -0.150866
vn -0.000860639 0.000111353 0.00049689
v 0.138669 0.0642411 -0.150866
vn 0.000860639 -0.000111353 -0.00049689
v 0.162296 0.0280825 -0.137788
vn -0.000959919 0.000111353 0.000257209
v 0.162296 0.0280825 -0.137788
vn 0.000959919 -0.000111353 -0.000257209
v 0.195092 -0.0331695 -0.0814498
vn -0.000941972 0.000221321 -0.000252401
v 0.195092 -0.0331695 -0.0814498
vn 0.000941972 -0.000221321 0.000252401
v 0.202872 -0.0536175 -0.0420282
vn -0.000844549 0.000221321 -0.0004876
v 0.202872 -0.0536175 -0.0420282
vn 0.000844549 -0.000221321 0.0004876
v 0.197698 -0.0678277 0.0460836
vn -0.0004876 0.000221321 -0.000844549
v 0.197698 -0.0678277 0.0460836
vn 0.0004876 -0.000221321 0.000844549
v 0.185097 -0.0606224 0.0887677
vn -0.000252401 0.000221321 -0.000941972
v 0.185097 -0.0606224 0.0887677
vn 0.000252401 -0.000221321 0.000941972
v 0.166816 -0.0443134 0.126617
vn 0 0.000221321 -0.000975201
v 0.166816 -0.0443134 0.126617
vn 0 -0.000221321 0.000975201
v 0.1441 -0.020012 0.15705
vn 0.000252401 0.000221321 -0.000941972
v 0.1441 -0.020012 0.15705
vn -0.000252401 -0.000221321 0.000941972
v 0.118499 0.0106253 0.177994
vn 0.0004876 0.000221321 -0.000844549
v 0.118499 0.0106253 0.177994
vn -0.0004876 -0.000221321 0.000844549
v 0.112582 0.101034 -0.152442
vn -0.000702709 0.000111353 0.000702709
v 0.112582 0.101034 -0.152442
vn 0.000702709 -0.000111353 -0.000702709
v 0.0917575 0.0455104 0.188021
vn 0.000689571 0.000221321 -0.000689571
v 0.0917575 0.0455104 0.188021
vn -0.000689571 -0.000221321 0.000689571
v 0.0656963 0.0822669 0.186447
vn 0.000844549 0.000221321 -0.0004876
v 0.0656963 0.0822669 0.186447
vn -0.000844549 -0.000221321 0.0004876
v 0.0858122 0.135955 -0.142405
vn -0.00049689 0.000111353 0.000860639
v 0.0858122 0.135955 -0.142405
vn 0.00049689 -0.000111353 -0.000860639
v 0.060186 0.166623 -0.12144
vn -0.000257209 0.000111353 0.000959919
v 0.060186 0.166623 -0.12144
vn 0.000257209 -0.000111353 -0.000959919
v 0.0374479 0.190949 -0.0909759
vn 0 0.000111353 0.000993781
v 0.0374479 0.190949 -0.0909759
vn 0 -0.000111353 -0.000993781
v 0.00580609 0.213755 -0.0104767
vn 0.0004876 0.000221321 0.000844549
v 0.00580609 0.213755 -0.0104767
vn -0.0004876 -0.000221321 -0.000844549
v 0.0420919 0.11839 0.173382
vn 0.000941972 0.000221321 -0.000252401
v 0.0420919 0.11839 0.173382
vn -0.000941972 -0.000221321 0.000252401
v 0.0225539 0.151416 0.149714
vn 0.000975201 0.000221321 0
v 0.0225539 0.151416 0.149714
vn -0.000975201 -0.000221321 0
v 0.0084128 0.179097 0.117056
vn 0.000941972 0.000221321 0.000252401
v 0.0084128 0.179097 0.117056
vn -0.000941972 -0.000221321 -0.000252401
v 0.000633152 0.199544 0.0776342
vn 0.000844549 0.000221321 0.0004876
v 0.000633152 0.199544 0.0776342
vn -0.000844549 -0.000221321 -0.0004876
v 0.181855 -0.00497781 -0.114096
vn -0.000993781 0.000111353 0
v 0.181855 -0.00497781 -0.114096
vn 0.000993781 -0.000111353 0
v 0.203761 -0.0654391 0.00147076
vn -0.000689571 0.000221321 -0.000689571
v 0.203761 -0.0654391 0.00147076
vn 0.000689571 -0.000221321 0.000689571
v 0.0191488 0.207274 -0.0530895
vn 0.000257209 0.000111353 0.000959919
v 0.0191488 0.207274 -0.0530895
vn -0.000257209 -0.000111353 -0.000959919
v -0.000256444 0.211366 0.0341346
vn 0.000689571 0.000221321 0.000689571
v -0.000256444 0.211366 0.0341346
vn -0.000689571 -0.000221321 -0.000689571
v 0.139517 0.0648362 -0.150778
vn -0.000866025 0 0.0005
v 0.139517 0.0648362 -0.150778
vn 0.000866025 0 -0.0005
v 0.163152 0.0286658 -0.137694
vn -0.000965926 0 0.000258819
v 0.163152 0.0286658 -0.137694
vn 0.000965926 0 -0.000258819
v 0.196009 -0.0326854 -0.0814054
vn -0.000959919 0.000111353 -0.000257209
v 0.196009 -0.0326854 -0.0814054
vn 0.000959919 -0.000111353 0.000257209
v 0.203797 -0.0531531 -0.0419442
vn -0.000860639 0.000111353 -0.00049689
v 0.203797 -0.0531531 -0.0419442
vn 0.000860639 -0.000111353 0.00049689
v 0.198619 -0.0673786 0.0462553
vn -0.00049689 0.000111353 -0.000860639
v 0.198619 -0.0673786 0.0462553
vn 0.00049689 -0.000111353 0.000860639
v 0.186005 -0.0601664 0.0889828
vn -0.000257209 0.000111353 -0.000959919
v 0.186005 -0.0601664 0.0889828
vn 0.000257209 -0.000111353 0.000959919
v 0.167705 -0.0438404 0.126869
vn 0 0.000111353 -0.000993781
v 0.167705 -0.0438404 0.126869
vn -0 -0.000111353 0.000993781
v 0.144968 -0.0195156 0.157333
vn 0.000257209 0.000111353 -0.000959919
v 0.144968 -0.0195156 0.157333
vn -0.000257209 -0.000111353 0.000959919
v 0.119341 0.011153 0.178298
vn 0.00049689 0.000111353 -0.000860639
v 0.119341 0.011153 0.178298
vn -0.00049689 -0.000111353 0.000860639
v 0.0925717 0.0460734 0.188335
vn 0.000702709 0.000111353 -0.000702709
v 0.0925717 0.0460734 0.188335
vn -0.000702709 -0.000111353 0.000702709
v 0.11342 0.101643 -0.152353
vn -0.000707107 0 0.000707107
v 0.11342 0.101643 -0.152353
vn 0.000707107 0 -0.000707107
v 0.0664841 0.0828672 0.18676
vn 0.000860639 0.000111353 -0.00049689
v 0.0664841 0.0828672 0.18676
vn -0.000860639 -0.000111353 0.00049689
v 0.0428564 0.119026 0.173681
vn 0.000959919 0.000111353 -0.000257209
v 0.0428564 0.119026 0.173681
vn -0.000959919 -0.000111353 0.000257209
v 0.0866421 0.136575 -0.142313
vn -0.0005 0 0.000866025
v 0.0866421 0.136575 -0.142313
vn 0.0005 0 -0.000866025
v 0.0610072 0.167252 -0.121341
vn -0.000258819 0 0.000965926
v 0.0610072 0.167252 -0.121341
vn 0.000258819 0 -0.000965926
v 0.0382615 0.191587 -0.0908668
vn 0 0 0.001
v 0.0382615 0.191587 -0.0908668
vn 0 0 -0.001
v 0.0065343 0.214487 -0.0103619
vn 0.00049689 0.000111353 0.000860639
v 0.0065343 0.214487 -0.0103619
vn -0.00049689 -0.000111353 -0.000860639
v 0.0232987 0.152085 0.14999
vn 0.000993781 0.000111353 0
v 0.0232987 0.152085 0.14999
vn -0.000993781 -0.000111353 0
v 0.00914343 0.179794 0.117299
vn 0.000959919 0.000111353 0.000257209
v 0.00914343 0.179794 0.117299
vn -0.000959919 -0.000111353 -0.000257209
v 0.00135575 0.200261 0.0778376
vn 0.000860639 0.000111353 0.00049689
v 0.00135575 0.200261 0.0778376
vn -0.000860639 -0.000111353 -0.00049689
v 0.182717 -0.00440558 -0.113994
vn -0.001 0 0
v 0.182717 -0.00440558 -0.113994
vn 0.001 0 0
v 0.204688 -0.0649869 0.00159808
vn -0.000702709 0.000111353 -0.000702709
v 0.204688 -0.0649869 0.00159808
vn 0.000702709 -0.000111353 0.000702709
v 0.0199558 0.207917 -0.052967
vn 0.000258819 0 0.000965926
v 0.0199558 0.207917 -0.052967
vn -0.000258819 0 -0.000965926
v 0.000465813 0.212095 0.0342945
vn 0.000702709 0.000111353 0.000702709
v 0.000465813 0.212095 0.0342945
vn -0.000702709 -0.000111353 -0.000702709
v 0.114252 0.102231 -0.152151
vn -0.000702709 -0.000111353 0.000702709
v 0.114252 0.102231 -0.152151
vn 0.000702709 0.000111353 -0.000702709
v 0.140339 0.0654376 -0.150575
vn -0.000860639 -0.000111353 0.00049689
v 0.140339 0.0654376 -0.150575
vn 0.000860639 0.000111353 -0.00049689
v 0.163966 0.0292791 -0.137497
vn -0.000959919 -0.000111353 0.000257209
v 0.163966 0.0292791 -0.137497
vn 0.000959919 0.000111353 -0.000257209
v 0.196876 -0.0321224 -0.0812931
vn -0.000965926 0 -0.000258819
v 0.196876 -0.0321224 -0.0812931
vn 0.000965926 0 0.000258819
v 0.204667 -0.0525981 -0.0418187
vn -0.000866025 0 -0.0005
v 0.204667 -0.0525981 -0.0418187
vn 0.000866025 0 0.0005
v 0.199486 -0.0668272 0.0464102
vn -0.0005 0 -0.000866025
v 0.199486 -0.0668272 0.0464102
vn 0.0005 0 0.000866025
v 0.186868 -0.0596127 0.0891522
vn -0.000258819 0 -0.000965926
v 0.186868 -0.0596127 0.0891522
vn 0.000258819 0 0.000965926
v 0.168562 -0.0432812 0.127051
vn 0 0 -0.001
v 0.168562 -0.0432812 0.127051
vn 0 0 0.001
v 0.145817 -0.0189478 0.157526
vn 0.000258819 0 -0.000965926
v 0.145817 -0.0189478 0.157526
vn -0.000258819 0 0.000965926
v 0.120182 0.0117308 0.178497
vn 0.0005 0 -0.000866025
v 0.120182 0.0117308 0.178497
vn -0.0005 0 0.000866025
v 0.0934038 0.0466628 0.188537
vn 0.000707107 0 -0.000707107
v 0.0934038 0.0466628 0.188537
vn -0.000707107 0 0.000707107
v 0.0673079 0.0834681 0.186963
vn 0.000866025 0 -0.0005
v 0.0673079 0.0834681 0.186963
vn -0.000866025 0 0.0005
v 0.0436719 0.11964 0.173879
vn 0.000965926 0 -0.000258819
v 0.0436719 0.11964 0.173879
vn -0.000965926 0 0.000258819
v 0.0241075 0.15271 0.15018
vn 0.001 0 0
v 0.0241075 0.15271 0.15018
vn -0.001 0 0
v 0.0874823 0.137152 -0.142114
vn -0.00049689 -0.000111353 0.000860639
v 0.0874823 0.137152 -0.142114
vn 0.00049689 0.000111353 -0.000860639
v 0.0618561 0.167819 -0.121149
vn -0.000257209 -0.000111353 0.000959919
v 0.0618561 0.167819 -0.121149
vn 0.000257209 0.000111353 -0.000959919
v 0.0391179 0.192145 -0.0906848
vn -0 -0.000111353 0.000993781
v 0.0391179 0.192145 -0.0906848
vn 0 0.000111353 -0.000993781
v 0.0073376 0.215133 -0.0102257
vn 0.0005 0 0.000866025
v 0.0073376 0.215133 -0.0102257
vn -0.0005 0 -0.000866025
v 0.00994754 0.180428 0.117478
vn 0.000965926 0 0.000258819
v 0.00994754 0.180428 0.117478
vn -0.000965926 0 -0.000258819
v 0.00215734 0.200902 0.0780031
vn 0.000866025 0 0.0005
v 0.00215734 0.200902 0.0780031
vn -0.000866025 0 -0.0005
v 0.183525 -0.00378124 -0.113805
vn -0.000993781 -0.000111353 0
v 0.183525 -0.00378124 -0.113805
vn 0.000993781 0.000111353 0
v 0.205557 -0.0644343 0.00173896
vn -0.000707107 0 -0.000707107
v 0.205557 -0.0644343 0.00173896
vn 0.000707107 0 0.000707107
v 0.0208189 0.20847 -0.0527985
vn 0.000257209 -0.000111353 0.000959919
v 0.0208189 0.20847 -0.0527985
vn -0.000257209 0.000111353 -0.000959919
v 0.001267 0.21274 0.0344456
vn 0.000707107 0 0.000707107
v 0.001267 0.21274 0.0344456
vn -0.000707107 0 -0.000707107
v 0.115066 0.102794 -0.151837
vn -0.000689571 -0.000221321 0.000689571
v 0.115066 0.102794 -0.151837
vn 0.000689571 0.000221321 -0.000689571
v 0.141127 0.0660368 -0.150263
vn -0.000844549 -0.000221321 0.0004876
v 0.141127 0.0660368 -0.150263
vn 0.000844549 0.000221321 -0.0004876
v 0.19768 -0.0314888 -0.0811144
vn -0.000959919 -0.000111353 -0.000257209
v 0.19768 -0.0314888 -0.0811144
vn 0.000959919 0.000111353 0.000257209
v 0.164731 0.0299149 -0.137197
vn -0.000941972 -0.000221321 0.000252401
v 0.164731 0.0299149 -0.137197
vn 0.000941972 0.000221321 -0.000252401
v 0.205467 -0.0519565 -0.0416532
vn -0.000860639 -0.000111353 -0.00049689
v 0.205467 -0.0519565 -0.0416532
vn 0.000860639 0.000111353 0.00049689
v 0.206358 -0.0637903 0.00188913
vn -0.000702709 -0.000111353 -0.000702709
v 0.206358 -0.0637903 0.00188913
vn 0.000702709 0.000111353 0.000702709
v 0.200289 -0.066182 0.0465463
vn -0.00049689 -0.000111353 -0.000860639
v 0.200289 -0.066182 0.0465463
vn 0.00049689 0.000111353 0.000860639
v 0.187675 -0.0589698 0.0892738
vn -0.000257209 -0.000111353 -0.000959919
v 0.187675 -0.0589698 0.0892738
vn 0.000257209 0.000111353 0.000959919
v 0.169375 -0.0426438 0.12716
vn 0 -0.000111353 -0.000993781
v 0.169375 -0.0426438 0.12716
vn 0 0.000111353 0.000993781
v 0.146638 -0.018319 0.157624
vn 0.000257209 -0.000111353 -0.000959919
v 0.146638 -0.018319 0.157624
vn -0.000257209 0.000111353 0.000959919
v 0.121011 0.0123495 0.178589
vn 0.00049689 -0.000111353 -0.000860639
v 0.121011 0.0123495 0.178589
vn -0.00049689 0.000111353 0.000860639
v 0.0942417 0.04727 0.188626
vn 0.000702709 -0.000111353 -0.000702709
v 0.0942417 0.04727 0.188626
vn -0.000702709 0.000111353 0.000702709
v 0.0681542 0.0840637 0.187051
vn 0.000860639 -0.000111353 -0.00049689
v 0.0681542 0.0840637 0.187051
vn -0.000860639 0.000111353 0.00049689
v 0.0445265 0.120222 0.173972
vn 0.000959919 -0.000111353 -0.000257209
v 0.0445265 0.120222 0.173972
vn -0.000959919 0.000111353 0.000257209
v 0.0249688 0.153282 0.150281
vn 0.000993781 -0.000111353 0
v 0.0249688 0.153282 0.150281
vn -0.000993781 0.000111353 0
v 0.0883231 0.13768 -0.141809
vn -0.0004876 -0.000221321 0.000844549
v 0.0883231 0.13768 -0.141809
vn 0.0004876 0.000221321 -0.000844549
v 0.0627225 0.168317 -0.120865
vn -0.000252401 -0.000221321 0.000941972
v 0.0627225 0.168317 -0.120865
vn 0.000252401 0.000221321 -0.000941972
v 0.0400073 0.192618 -0.0904322
vn 0 -0.000221321 0.000975201
v 0.0400073 0.192618 -0.0904322
vn 0 0.000221321 -0.000975201
v 0.00820437 0.215683 -0.0100709
vn 0.00049689 -0.000111353 0.000860639
v 0.00820437 0.215683 -0.0100709
vn -0.00049689 0.000111353 -0.000860639
v 0.00302582 0.201458 0.0781287
vn 0.000860639 -0.000111353 0.00049689
v 0.00302582 0.201458 0.0781287
vn -0.000860639 0.000111353 -0.00049689
v 0.00213588 0.213291 0.0345856
vn 0.000702709 -0.000111353 0.000702709
v 0.00213588 0.213291 0.0345856
vn -0.000702709 0.000111353 -0.000702709
v 0.19841 -0.0307919 -0.0808715
vn -0.000941972 -0.000221321 -0.000252401
v 0.19841 -0.0307919 -0.0808715
vn 0.000941972 0.000221321 0.000252401
v 0.184269 -0.00311214 -0.113529
vn -0.000975201 -0.000221321 0
v 0.184269 -0.00311214 -0.113529
vn 0.000975201 0.000221321 0
v 0.0108135 0.18099 0.11759
vn 0.000959919 -0.000111353 0.000257209
v 0.0108135 0.18099 0.11759
vn -0.000959919 0.000111353 -0.000257209
v 0.0217262 0.208927 -0.0525832
vn 0.000252401 -0.000221321 0.000941972
v 0.0217262 0.208927 -0.0525832
vn -0.000252401 0.000221321 -0.000941972
v 0.115854 0.103325 -0.151414
vn -0.000667856 -0.000328536 0.000667856
v 0.115854 0.103325 -0.151414
vn 0.000667856 0.000328536 -0.000667856
v 0.141872 0.0666296 -0.149844
vn -0.000817954 -0.000328536 0.000472246
v 0.141872 0.0666296 -0.149844
vn 0.000817954 0.000328536 -0.000472246
v 0.206191 -0.0512399 -0.0414499
vn -0.000844549 -0.000221321 -0.0004876
v 0.206191 -0.0512399 -0.0414499
vn 0.000844549 0.000221321 0.0004876
v 0.165437 0.0305666 -0.1368
vn -0.000912309 -0.000328536 0.000244452
v 0.165437 0.0305666 -0.1368
vn 0.000912309 0.000328536 -0.000244452
v 0.20708 -0.0630615 0.00204907
vn -0.000689571 -0.000221321 -0.000689571
v 0.20708 -0.0630615 0.00204907
vn 0.000689571 0.000221321 0.000689571
v 0.201016 -0.0654502 0.0466619
vn -0.0004876 -0.000221321 -0.000844549
v 0.201016 -0.0654502 0.0466619
vn 0.0004876 0.000221321 0.000844549
v 0.188415 -0.0582448 0.089346
vn -0.000252401 -0.000221321 -0.000941972
v 0.188415 -0.0582448 0.089346
vn 0.000252401 0.000221321 0.000941972
v 0.170134 -0.0419358 0.127195
vn 0 -0.000221321 -0.000975201
v 0.170134 -0.0419358 0.127195
vn 0 0.000221321 0.000975201
v 0.147419 -0.0176344 0.157628
vn 0.000252401 -0.000221321 -0.000941972
v 0.147419 -0.0176344 0.157628
vn -0.000252401 0.000221321 0.000941972
v 0.121818 0.0130028 0.178573
vn 0.0004876 -0.000221321 -0.000844549
v 0.121818 0.0130028 0.178573
vn -0.0004876 0.000221321 0.000844549
v 0.0950759 0.0478879 0.188599
vn 0.000689571 -0.000221321 -0.000689571
v 0.0950759 0.0478879 0.188599
vn -0.000689571 0.000221321 0.000689571
v 0.0690148 0.0846445 0.187026
vn 0.000844549 -0.000221321 -0.0004876
v 0.0690148 0.0846445 0.187026
vn -0.000844549 0.000221321 0.0004876
v 0.0454103 0.120768 0.17396
vn 0.000941972 -0.000221321 -0.000252401
v 0.0454103 0.120768 0.17396
vn -0.000941972 0.000221321 0.000252401
v 0.0258723 0.153794 0.150292
vn 0.000975201 -0.000221321 0
v 0.0258723 0.153794 0.150292
vn -0.000975201 0.000221321 0
v 0.0891563 0.138153 -0.141404
vn -0.000472246 -0.000328536 0.000817954
v 0.0891563 0.138153 -0.141404
vn 0.000472246 0.000328536 -0.000817954
v 0.0635974 0.16874 -0.120495
vn -0.000244452 -0.000328536 0.000912309
v 0.0635974 0.16874 -0.120495
vn 0.000244452 0.000328536 -0.000912309
v 0.0409199 0.193001 -0.0901117
vn 0 -0.000328536 0.000944491
v 0.0409199 0.193001 -0.0901117
vn 0 0.000328536 -0.000944491
v 0.0091245 0.216133 -0.0098984
vn 0.0004876 -0.000221321 0.000844549
v 0.0091245 0.216133 -0.0098984
vn -0.0004876 0.000221321 -0.000844549
v 0.00395156 0.201921 0.0782125
vn 0.000844549 -0.000221321 0.0004876
v 0.00395156 0.201921 0.0782125
vn -0.000844549 0.000221321 -0.0004876
v 0.00306196 0.213743 0.0347129
vn 0.000689571 -0.000221321 0.000689571
v 0.00306196 0.213743 0.0347129
vn -0.000689571 0.000221321 -0.000689571
v 0.199061 -0.0300396 -0.0805671
vn -0.000912309 -0.000328536 -0.000244452
v 0.199061 -0.0300396 -0.0805671
vn 0.000912309 0.000328536 0.000244452
v 0.206828 -0.0504535 -0.0412103
vn -0.000817954 -0.000328536 -0.000472246
v 0.206828 -0.0504535 -0.0412103
vn 0.000817954 0.000328536 0.000472246
v 0.184943 -0.00240557 -0.11317
vn -0.000944491 -0.000328536 0
v 0.184943 -0.00240557 -0.11317
vn 0.000944491 0.000328536 0
v 0.0117312 0.181474 0.117634
vn 0.000941972 -0.000221321 0.000252401
v 0.0117312 0.181474 0.117634
vn -0.000941972 0.000221321 -0.000252401
v 0.0226689 0.209283 -0.0523256
vn 0.000244452 -0.000328536 0.000912309
v 0.0226689 0.209283 -0.0523256
vn -0.000244452 0.000328536 -0.000912309
v 0.116604 0.103816 -0.150889
vn -0.000637835 -0.000431664 0.000637835
v 0.116604 0.103816 -0.150889
vn 0.000637835 0.000431664 -0.000637835
v 0.142562 0.0672046 -0.149323
vn -0.000781185 -0.000431664 0.000451017
v 0.142562 0.0672046 -0.149323
vn 0.000781185 0.000431664 -0.000451017
v 0.207716 -0.0622555 0.00221712
vn -0.000667856 -0.000328536 -0.000667856
v 0.207716 -0.0622555 0.00221712
vn 0.000667856 0.000328536 0.000667856
v 0.166073 0.0312245 -0.136309
vn -0.000871298 -0.000431664 0.000233464
v 0.166073 0.0312245 -0.136309
vn 0.000871298 0.000431664 -0.000233464
v 0.201663 -0.0646406 0.0467544
vn -0.000472246 -0.000328536 -0.000817954
v 0.201663 -0.0646406 0.0467544
vn 0.000472246 0.000328536 0.000817954
v 0.189082 -0.0574471 0.0893689
vn -0.000244452 -0.000328536 -0.000912309
v 0.189082 -0.0574471 0.0893689
vn 0.000244452 0.000328536 0.000912309
v 0.170831 -0.041165 0.127155
vn 0 -0.000328536 -0.000944491
v 0.170831 -0.041165 0.127155
vn 0 0.000328536 0.000944491
v 0.148154 -0.016904 0.157538
vn 0.000244452 -0.000328536 -0.000912309
v 0.148154 -0.016904 0.157538
vn -0.000244452 0.000328536 0.000912309
v 0.122595 0.0136825 0.178447
vn 0.000472246 -0.000328536 -0.000817954
v 0.122595 0.0136825 0.178447
vn -0.000472246 0.000328536 0.000817954
v 0.0958973 0.04851 0.188458
vn 0.000667856 -0.000328536 -0.000667856
v 0.0958973 0.04851 0.188458
vn -0.000667856 0.000328536 0.000667856
v 0.0698795 0.0852056 0.186887
vn 0.000817954 -0.000328536 -0.000472246
v 0.0698795 0.0852056 0.186887
vn -0.000817954 0.000328536 0.000472246
v 0.0463143 0.121269 0.173842
vn 0.000912309 -0.000328536 -0.000244452
v 0.0463143 0.121269 0.173842
vn -0.000912309 0.000328536 0.000244452
v 0.0268083 0.154241 0.150214
vn 0.000944491 -0.000328536 0
v 0.0268083 0.154241 0.150214
vn -0.000944491 0.000328536 0
v 0.0899673 0.138563 -0.140902
vn -0.000451017 -0.000431664 0.000781185
v 0.0899673 0.138563 -0.140902
vn 0.000451017 0.000431664 -0.000781185
v 0.0644672 0.16908 -0.120042
vn -0.000233464 -0.000431664 0.000871298
v 0.0644672 0.16908 -0.120042
vn 0.000233464 0.000431664 -0.000871298
v 0.0418414 0.193286 -0.0897282
vn -0 -0.000431664 0.000902035
v 0.0418414 0.193286 -0.0897282
vn 0 0.000431664 -0.000902035
v 0.0100888 0.216476 -0.00971187
vn 0.000472246 -0.000328536 0.000817954
v 0.0100888 0.216476 -0.00971187
vn -0.000472246 0.000328536 -0.000817954
v 0.00492364 0.202289 0.0782528
vn 0.000817954 -0.000328536 0.000472246
v 0.00492364 0.202289 0.0782528
vn -0.000817954 0.000328536 -0.000472246
v 0.00403593 0.214091 0.0348268
vn 0.000667856 -0.000328536 0.000667856
v 0.00403593 0.214091 0.0348268
vn -0.000667856 0.000328536 -0.000667856
v 0.19962 -0.0292432 -0.0802049
vn -0.000871298 -0.000431664 -0.000233464
v 0.19962 -0.0292432 -0.0802049
vn 0.000871298 0.000431664 0.000233464
v 0.207369 -0.0496097 -0.0409385
vn -0.000781185 -0.000431664 -0.000451017
v 0.207369 -0.0496097 -0.0409385
vn 0.000781185 0.000431664 0.000451017
v 0.208254 -0.0613846 0.00238921
vn -0.000637835 -0.000431664 -0.000637835
v 0.208254 -0.0613846 0.00238921
vn 0.000637835 0.000431664 0.000637835
v 0.185534 -0.00167209 -0.112733
vn -0.000902035 -0.000431664 0
v 0.185534 -0.00167209 -0.112733
vn 0.000902035 0.000431664 0
v 0.012691 0.181875 0.11761
vn 0.000912309 -0.000328536 0.000244452
v 0.012691 0.181875 0.11761
vn -0.000912309 0.000328536 -0.000244452
v 0.0236327 0.20953 -0.0520289
vn 0.000233464 -0.000431664 0.000871298
v 0.0236327 0.20953 -0.0520289
vn -0.000233464 0.000431664 -0.000871298
v 0.117308 0.104262 -0.150269
vn -0.00059988 -0.000529422 0.00059988
v 0.117308 0.104262 -0.150269
vn 0.00059988 0.000529422 -0.00059988
v 0.143191 0.0677564 -0.148707
vn -0.0007347 -0.000529422 0.000424179
v 0.143191 0.0677564 -0.148707
vn 0.0007347 0.000529422 -0.000424179
v 0.202216 -0.0637648 0.0468248
vn -0.000451017 -0.000431664 -0.000781185
v 0.202216 -0.0637648 0.0468248
vn 0.000451017 0.000431664 0.000781185
v 0.166634 0.031881 -0.13573
vn -0.000819452 -0.000529422 0.000219571
v 0.166634 0.031881 -0.13573
vn 0.000819452 0.000529422 -0.000219571
v 0.189664 -0.0565878 0.0893408
vn -0.000233464 -0.000431664 -0.000871298
v 0.189664 -0.0565878 0.0893408
vn 0.000233464 0.000431664 0.000871298
v 0.171455 -0.0403432 0.127041
vn 0 -0.000431664 -0.000902035
v 0.171455 -0.0403432 0.127041
vn 0 0.000431664 0.000902035
v 0.14883 -0.0161378 0.157353
vn 0.000233464 -0.000431664 -0.000871298
v 0.14883 -0.0161378 0.157353
vn -0.000233464 0.000431664 0.000871298
v 0.12333 0.0143784 0.178215
vn 0.000451017 -0.000431664 -0.000781185
v 0.12333 0.0143784 0.178215
vn -0.000451017 0.000431664 0.000781185
v 0.0966929 0.0491265 0.188202
vn 0.000637835 -0.000431664 -0.000637835
v 0.0966929 0.0491265 0.188202
vn -0.000637835 0.000431664 0.000637835
v 0.0707344 0.0857383 0.186635
vn 0.000781185 -0.000431664 -0.000451017
v 0.0707344 0.0857383 0.186635
vn -0.000781185 0.000431664 0.000451017
v 0.0472233 0.121718 0.173621
vn 0.000871298 -0.000431664 -0.000233464
v 0.0472233 0.121718 0.173621
vn -0.000871298 0.000431664 0.000233464
v 0.0277625 0.154614 0.150046
vn 0.000902035 -0.000431664 0
v 0.0277625 0.154614 0.150046
vn -0.000902035 0.000431664 0
v 0.0907487 0.138909 -0.140311
vn -0.000424179 -0.000529422 0.0007347
v 0.0907487 0.138909 -0.140311
vn 0.000424179 0.000529422 -0.0007347
v 0.0653228 0.169337 -0.11951
vn -0.000219571 -0.000529422 0.000819452
v 0.0653228 0.169337 -0.11951
vn 0.000219571 0.000529422 -0.000819452
v 0.0427633 0.193471 -0.0892848
vn -0 -0.000529422 0.000848359
v 0.0427633 0.193471 -0.0892848
vn 0 0.000529422 -0.000848359
v 0.0110815 0.216707 -0.00951234
vn 0.000451017 -0.000431664 0.000781185
v 0.0110815 0.216707 -0.00951234
vn -0.000451017 0.000431664 -0.000781185
v 0.00592771 0.202553 0.078251
vn 0.000781185 -0.000431664 0.000451017
v 0.00592771 0.202553 0.078251
vn -0.000781185 0.000431664 -0.000451017
v 0.00504246 0.214327 0.034924
vn 0.000637835 -0.000431664 0.000637835
v 0.00504246 0.214327 0.034924
vn -0.000637835 0.000431664 -0.000637835
v 0.200083 -0.0284109 -0.0797895
vn -0.000819452 -0.000529422 -0.000219571
v 0.200083 -0.0284109 -0.0797895
vn 0.000819452 0.000529422 0.000219571
v 0.20781 -0.0487183 -0.0406382
vn -0.0007347 -0.000529422 -0.000424179
v 0.20781 -0.0487183 -0.0406382
vn 0.0007347 0.000529422 0.000424179
v 0.208692 -0.0604585 0.00256357
vn -0.00059988 -0.000529422 -0.00059988
v 0.208692 -0.0604585 0.00256357
vn 0.00059988 0.000529422 0.00059988
v 0.202671 -0.0628319 0.0468707
vn -0.000424179 -0.000529422 -0.0007347
v 0.202671 -0.0628319 0.0468707
vn 0.000424179 0.000529422 0.0007347
v 0.186038 -0.000919624 -0.112223
vn -0.000848359 -0.000529422 0
v 0.186038 -0.000919624 -0.112223
vn 0.000848359 0.000529422 0
v 0.0136768 0.182186 0.117518
vn 0.000871298 -0.000431664 0.000233464
v 0.0136768 0.182186 0.117518
vn -0.000871298 0.000431664 -0.000233464
v 0.0246071 0.209669 -0.0516954
vn 0.000219571 -0.000529422 0.000819452
v 0.0246071 0.209669 -0.0516954
vn -0.000219571 0.000529422 -0.000819452
v 0.117957 0.104656 -0.149561
vn -0.000578082 -0.000575883 0.000578082
v 0.117957 0.104656 -0.149561
vn 0.000578082 0.000575883 -0.000578082
v 0.143749 0.0682787 -0.148004
vn -0.000708003 -0.000575883 0.000408766
v 0.143749 0.0682787 -0.148004
vn 0.000708003 0.000575883 -0.000408766
v 0.190156 -0.0556754 0.0892635
vn -0.000219571 -0.000529422 -0.000819452
v 0.190156 -0.0556754 0.0892635
vn 0.000219571 0.000529422 0.000819452
v 0.16711 0.0325285 -0.135073
vn -0.000789675 -0.000575883 0.000211593
v 0.16711 0.0325285 -0.135073
vn 0.000789675 0.000575883 -0.000211593
v 0.172 -0.0394783 0.126854
vn 0 -0.000529422 -0.000848359
v 0.172 -0.0394783 0.126854
vn 0 0.000529422 0.000848359
v 0.14944 -0.015343 0.157078
vn 0.000219571 -0.000529422 -0.000819452
v 0.14944 -0.015343 0.157078
vn -0.000219571 0.000529422 0.000819452
v 0.124015 0.0150842 0.177879
vn 0.000424179 -0.000529422 -0.0007347
v 0.124015 0.0150842 0.177879
vn -0.000424179 0.000529422 0.0007347
v 0.0974546 0.0497319 0.187837
vn 0.00059988 -0.000529422 -0.00059988
v 0.0974546 0.0497319 0.187837
vn -0.00059988 0.000529422 0.00059988
v 0.071572 0.0862367 0.186275
vn 0.0007347 -0.000529422 -0.000424179
v 0.071572 0.0862367 0.186275
vn -0.0007347 0.000529422 0.000424179
v 0.0481294 0.122112 0.173299
vn 0.000819452 -0.000529422 -0.000219571
v 0.0481294 0.122112 0.173299
vn -0.000819452 0.000529422 0.000219571
v 0.028725 0.154913 0.149792
vn 0.000848359 -0.000529422 0
v 0.028725 0.154913 0.149792
vn -0.000848359 0.000529422 0
v 0.0914904 0.139182 -0.139637
vn -0.000408766 -0.000575883 0.000708003
v 0.0914904 0.139182 -0.139637
vn 0.000408766 0.000575883 -0.000708003
v 0.0661528 0.169504 -0.118908
vn -0.000211593 -0.000575883 0.000789675
v 0.0661528 0.169504 -0.118908
vn 0.000211593 0.000575883 -0.000789675
v 0.0436719 0.193555 -0.0887889
vn 0 -0.000575883 0.000817532
v 0.0436719 0.193555 -0.0887889
vn 0 0.000575883 -0.000817532
v 0.0120921 0.216825 -0.00930333
vn 0.000424179 -0.000529422 0.0007347
v 0.0120921 0.216825 -0.00930333
vn -0.000424179 0.000529422 -0.0007347
v 0.00695367 0.202711 0.0782056
vn 0.0007347 -0.000529422 0.000424179
v 0.00695367 0.202711 0.0782056
vn -0.0007347 0.000529422 -0.000424179
v 0.00607054 0.214452 0.0350046
vn 0.00059988 -0.000529422 0.00059988
v 0.00607054 0.214452 0.0350046
vn -0.00059988 0.000529422 -0.00059988
v 0.200443 -0.0275535 -0.0793266
vn -0.000789675 -0.000575883 -0.000211593
v 0.200443 -0.0275535 -0.0793266
vn 0.000789675 0.000575883 0.000211593
v 0.208142 -0.0477899 -0.0403111
vn -0.000708003 -0.000575883 -0.000408766
v 0.208142 -0.0477899 -0.0403111
vn 0.000708003 0.000575883 0.000408766
v 0.209022 -0.0594895 0.00273923
vn -0.000578082 -0.000575883 -0.000578082
v 0.209022 -0.0594895 0.00273923
vn 0.000578082 0.000575883 0.000578082
v 0.203022 -0.061854 0.0468912
vn -0.000408766 -0.000575883 -0.000708003
v 0.203022 -0.061854 0.0468912
vn 0.000408766 0.000575883 0.000708003
v 0.190551 -0.0547236 0.0891375
vn -0.000211593 -0.000575883 -0.000789675
v 0.190551 -0.0547236 0.0891375
vn 0.000211593 0.000575883 0.000789675
v 0.186447 -0.00015839 -0.111648
vn -0.000817532 -0.000575883 0
v 0.186447 -0.00015839 -0.111648
vn 0.000817532 0.000575883 0
v 0.0146804 0.182404 0.117358
vn 0.000819452 -0.000529422 0.000219571
v 0.0146804 0.182404 0.117358
vn -0.000819452 0.000529422 -0.000219571
v 0.0255792 0.209696 -0.0513305
vn 0.000211593 -0.000575883 0.000789675
v 0.0255792 0.209696 -0.0513305
vn -0.000211593 0.000575883 -0.000789675
v 0.145206 0.0691991 -0.148366
vn -0.000821742 0.00031568 0.000474433
v 0.117957 0.104656 -0.149561
vn -0.000663437 0.000345982 0.000663437
v 0.143749 0.0682787 -0.148004
vn -0.000812541 0.000345982 0.000469121
v 0.143749 0.0682787 -0.148004
vn 0.000812541 -0.000345982 -0.000469121
v 0.117957 0.104656 -0.149561
vn 0.000663437 -0.000345982 -0.000663437
v 0.145206 0.0691991 -0.148366
vn 0.000821742 -0.00031568 -0.000474433
v 0.16865 0.0333207 -0.135389
vn -0.000916534 0.00031568 0.000245585
v 0.16711 0.0325285 -0.135073
vn -0.000906272 0.000345982 0.000242835
v 0.16711 0.0325285 -0.135073
vn 0.000906272 -0.000345982 -0.000242835
v 0.16865 0.0333207 -0.135389
vn 0.000916534 -0.00031568 -0.000245585
v 0.172458 -0.0385819 0.126595
vn 0 -0.000575883 -0.000817532
v 0.172458 -0.0385819 0.126595
vn 0 0.000575883 0.000817532
v 0.186447 -0.00015839 -0.111648
vn -0.000938241 0.000345982 0
v 0.186447 -0.00015839 -0.111648
vn 0.000938241 -0.000345982 0
v 0.149977 -0.014532 0.156715
vn 0.000211593 -0.000575883 -0.000789675
v 0.149977 -0.014532 0.156715
vn -0.000211593 0.000575883 0.000789675
v 0.12464 0.0157904 0.177442
vn 0.000408766 -0.000575883 -0.000708003
v 0.12464 0.0157904 0.177442
vn -0.000408766 0.000575883 0.000708003
v 0.098173 0.0503161 0.187366
vn 0.000578082 -0.000575883 -0.000578082
v 0.098173 0.0503161 0.187366
vn -0.000578082 0.000575883 0.000578082
v 0.0723802 0.086694 0.18581
vn 0.000708003 -0.000575883 -0.000408766
v 0.0723802 0.086694 0.18581
vn -0.000708003 0.000575883 0.000408766
v 0.119322 0.105706 -0.14993
vn -0.000670949 0.00031568 0.000670949
v 0.0914904 0.139182 -0.139637
vn -0.000469121 0.000345982 0.000812541
v 0.0914904 0.139182 -0.139637
vn 0.000469121 -0.000345982 -0.000812541
v 0.119322 0.105706 -0.14993
vn 0.000670949 -0.00031568 -0.000670949
v 0.0490194 0.122444 0.172879
vn 0.000789675 -0.000575883 -0.000211593
v 0.0490194 0.122444 0.172879
vn -0.000789675 0.000575883 0.000211593
v 0.0296826 0.15513 0.149455
vn 0.000817532 -0.000575883 0
v 0.0296826 0.15513 0.149455
vn -0.000817532 0.000575883 0
v 0.0927605 0.140355 -0.13997
vn -0.000474433 0.00031568 0.000821742
v 0.0661528 0.169504 -0.118908
vn -0.000242835 0.000345982 0.000906272
v 0.0661528 0.169504 -0.118908
vn 0.000242835 -0.000345982 -0.000906272
v 0.0927605 0.140355 -0.13997
vn 0.000474433 -0.00031568 -0.000821742
v 0.0673333 0.170784 -0.119168
vn -0.000245585 0.00031568 0.000916534
v 0.0436719 0.193555 -0.0887889
vn 0 0.000345982 0.000938241
v 0.0436719 0.193555 -0.0887889
vn 0 -0.000345982 -0.000938241
v 0.0673333 0.170784 -0.119168
vn 0.000245585 -0.00031568 -0.000916534
v 0.0447721 0.194921 -0.0889409
vn 0 0.00031568 0.000948866
v 0.0255792 0.209696 -0.0513305
vn 0.000242835 0.000345982 0.000906272
v 0.0255792 0.209696 -0.0513305
vn -0.000242835 -0.000345982 -0.000906272
v 0.0447721 0.194921 -0.0889409
vn 0 -0.00031568 -0.000948866
v 0.0131081 0.216826 -0.00908561
vn 0.000408766 -0.000575883 0.000708003
v 0.0131081 0.216826 -0.00908561
vn -0.000408766 0.000575883 -0.000708003
v 0.00798718 0.202763 0.0781174
vn 0.000708003 -0.000575883 0.000408766
v 0.00798718 0.202763 0.0781174
vn -0.000708003 0.000575883 -0.000408766
v 0.00710766 0.214462 0.0350663
vn 0.000578082 -0.000575883 0.000578082
v 0.00710766 0.214462 0.0350663
vn -0.000578082 0.000575883 -0.000578082
v 0.200443 -0.0275535 -0.0793266
vn -0.000906272 0.000345982 -0.000242835
v 0.188056 0.000517608 -0.111881
vn -0.000948866 0.00031568 0
v 0.188056 0.000517608 -0.111881
vn 0.000948866 -0.00031568 0
v 0.200443 -0.0275535 -0.0793266
vn 0.000906272 -0.000345982 0.000242835
v 0.208142 -0.0477899 -0.0403111
vn -0.000812541 0.000345982 -0.000469121
v 0.202101 -0.0269746 -0.0794451
vn -0.000916534 0.00031568 -0.000245585
v 0.202101 -0.0269746 -0.0794451
vn 0.000916534 -0.00031568 0.000245585
v 0.208142 -0.0477899 -0.0403111
vn 0.000812541 -0.000345982 0.000469121
v 0.209022 -0.0594895 0.00273923
vn -0.000663437 0.000345982 -0.000663437
v 0.209828 -0.0472838 -0.0402898
vn -0.000821742 0.00031568 -0.000474433
v 0.209828 -0.0472838 -0.0402898
vn 0.000821742 -0.00031568 0.000474433
v 0.209022 -0.0594895 0.00273923
vn 0.000663437 -0.000345982 0.000663437
v 0.20469 -0.061398 0.0472234
vn -0.000474433 0.00031568 -0.000821742
v 0.203022 -0.061854 0.0468912
vn -0.000469121 0.000345982 -0.000812541
v 0.203022 -0.061854 0.0468912
vn 0.000469121 -0.000345982 0.000812541
v 0.20469 -0.061398 0.0472234
vn 0.000474433 -0.00031568 0.000821742
v 0.192174 -0.054242 0.089619
vn -0.000245585 0.00031568 -0.000916534
v 0.190551 -0.0547236 0.0891375
vn -0.000242835 0.000345982 -0.000906272
v 0.190551 -0.0547236 0.0891375
vn 0.000242835 -0.000345982 0.000906272
v 0.192174 -0.054242 0.089619
vn 0.000245585 -0.00031568 0.000916534
v 0.174017 -0.0380429 0.127211
vn 0 0.00031568 -0.000948866
v 0.172458 -0.0385819 0.126595
vn 0 0.000345982 -0.000938241
v 0.172458 -0.0385819 0.126595
vn 0 -0.000345982 0.000938241
v 0.174017 -0.0380429 0.127211
vn 0 -0.00031568 0.000948866
v 0.0156868 0.182526 0.117133
vn 0.000789675 -0.000575883 0.000211593
v 0.0156868 0.182526 0.117133
vn -0.000789675 0.000575883 -0.000211593
v 0.0266149 0.211119 -0.0513486
vn 0.000245585 0.00031568 0.000916534
v 0.0266149 0.211119 -0.0513486
vn -0.000245585 -0.00031568 -0.000916534
v 0.0131081 0.216826 -0.00908561
vn 0.000469121 0.000345982 0.000812541
v 0.0131081 0.216826 -0.00908561
vn -0.000469121 -0.000345982 -0.000812541
v 0.14667 0.0701446 -0.148619
vn -0.000837596 0.000254121 0.000483586
v 0.14667 0.0701446 -0.148619
vn 0.000837596 -0.000254121 -0.000483586
v 0.170182 0.0341621 -0.135605
vn -0.000934217 0.000254121 0.000250323
v 0.170182 0.0341621 -0.135605
vn 0.000934217 -0.000254121 -0.000250323
v 0.151456 -0.0139069 0.157438
vn 0.000245585 0.00031568 -0.000916534
v 0.149977 -0.014532 0.156715
vn 0.000242835 0.000345982 -0.000906272
v 0.149977 -0.014532 0.156715
vn -0.000242835 -0.000345982 0.000906272
v 0.151456 -0.0139069 0.157438
vn -0.000245585 -0.00031568 0.000916534
v 0.210712 -0.0590253 0.00291331
vn -0.000670949 0.00031568 -0.000670949
v 0.210712 -0.0590253 0.00291331
vn 0.000670949 -0.00031568 0.000670949
v 0.126028 0.016523 0.17824
vn 0.000474433 0.00031568 -0.000821742
v 0.12464 0.0157904 0.177442
vn 0.000469121 0.000345982 -0.000812541
v 0.12464 0.0157904 0.177442
vn -0.000469121 -0.000345982 0.000812541
v 0.126028 0.016523 0.17824
vn -0.000474433 -0.00031568 0.000821742
v 0.0994673 0.0511719 0.188199
vn 0.000670949 0.00031568 -0.000670949
v 0.098173 0.0503161 0.187366
vn 0.000663437 0.000345982 -0.000663437
v 0.098173 0.0503161 0.187366
vn -0.000663437 -0.000345982 0.000663437
v 0.0994673 0.0511719 0.188199
vn -0.000670949 -0.00031568 0.000670949
v 0.0735826 0.0876794 0.186637
vn 0.000821742 0.00031568 -0.000474433
v 0.0723802 0.086694 0.18581
vn 0.000812541 0.000345982 -0.000469121
v 0.0723802 0.086694 0.18581
vn -0.000812541 -0.000345982 0.000469121
v 0.0735826 0.0876794 0.186637
vn -0.000821742 -0.00031568 0.000474433
v 0.0501385 0.123557 0.173659
vn 0.000916534 0.00031568 -0.000245585
v 0.0490194 0.122444 0.172879
vn 0.000906272 0.000345982 -0.000242835
v 0.0490194 0.122444 0.172879
vn -0.000906272 -0.000345982 0.000242835
v 0.0501385 0.123557 0.173659
vn -0.000916534 -0.00031568 0.000245585
v 0.120709 0.106759 -0.150186
vn -0.000683894 0.000254121 0.000683894
v 0.120709 0.106759 -0.150186
vn 0.000683894 -0.000254121 -0.000683894
v 0.0307329 0.15636 0.150151
vn 0.000948866 0.00031568 0
v 0.0296826 0.15513 0.149455
vn 0.000938241 0.000345982 0
v 0.0296826 0.15513 0.149455
vn -0.000938241 -0.000345982 0
v 0.0307329 0.15636 0.150151
vn -0.000948866 -0.00031568 0
v 0.0156868 0.182526 0.117133
vn 0.000906272 0.000345982 0.000242835
v 0.0156868 0.182526 0.117133
vn -0.000906272 -0.000345982 -0.000242835
v 0.0940707 0.141509 -0.140198
vn -0.000483586 0.000254121 0.000837596
v 0.0940707 0.141509 -0.140198
vn 0.000483586 -0.000254121 -0.000837596
v 0.0685688 0.172028 -0.119336
vn -0.000250323 0.000254121 0.000934217
v 0.0685688 0.172028 -0.119336
vn 0.000250323 -0.000254121 -0.000934217
v 0.0459416 0.196235 -0.0890204
vn 0 0.000254121 0.000967172
v 0.0459416 0.196235 -0.0890204
vn 0 -0.000254121 -0.000967172
v 0.0140989 0.218276 -0.00895361
vn 0.000474433 0.00031568 0.000821742
v 0.0140989 0.218276 -0.00895361
vn -0.000474433 -0.00031568 -0.000821742
v 0.00798718 0.202763 0.0781174
vn 0.000812541 0.000345982 0.000469121
v 0.0166877 0.183853 0.117715
vn 0.000916534 0.00031568 0.000245585
v 0.0166877 0.183853 0.117715
vn -0.000916534 -0.00031568 -0.000245585
v 0.00798718 0.202763 0.0781174
vn -0.000812541 -0.000345982 -0.000469121
v 0.00710766 0.214462 0.0350663
vn 0.000663437 0.000345982 0.000663437
v 0.00895976 0.204162 0.0785603
vn 0.000821742 0.00031568 0.000474433
v 0.00895976 0.204162 0.0785603
vn -0.000821742 -0.00031568 -0.000474433
v 0.00710766 0.214462 0.0350663
vn -0.000663437 -0.000345982 -0.000663437
v 0.189645 0.00126298 -0.112028
vn -0.000967172 0.000254121 0
v 0.189645 0.00126298 -0.112028
vn 0.000967172 -0.000254121 0
v 0.203731 -0.0263097 -0.0794969
vn -0.000934217 0.000254121 -0.000250323
v 0.203731 -0.0263097 -0.0794969
vn 0.000934217 -0.000254121 0.000250323
v 0.211481 -0.0466785 -0.0402271
vn -0.000837596 0.000254121 -0.000483586
v 0.211481 -0.0466785 -0.0402271
vn 0.000837596 -0.000254121 0.000483586
v 0.206327 -0.060834 0.0475425
vn -0.000483586 0.000254121 -0.000837596
v 0.206327 -0.060834 0.0475425
vn 0.000483586 -0.000254121 0.000837596
v 0.193775 -0.0536563 0.0900614
vn -0.000250323 0.000254121 -0.000934217
v 0.193775 -0.0536563 0.0900614
vn 0.000250323 -0.000254121 0.000934217
v 0.175565 -0.037411 0.127764
vn 0 0.000254121 -0.000967172
v 0.175565 -0.037411 0.127764
vn 0 -0.000254121 0.000967172
v 0.152937 -0.0132031 0.158079
vn 0.000250323 0.000254121 -0.000934217
v 0.152937 -0.0132031 0.158079
vn -0.000250323 -0.000254121 0.000934217
v 0.0277311 0.212481 -0.0513181
vn 0.000250323 0.000254121 0.000934217
v 0.0277311 0.212481 -0.0513181
vn -0.000250323 -0.000254121 -0.000934217
v 0.00807725 0.215903 0.0353557
vn 0.000670949 0.00031568 0.000670949
v 0.00807725 0.215903 0.0353557
vn -0.000670949 -0.00031568 -0.000670949
v 0.148133 0.0711128 -0.148762
vn -0.000849995 0.000191514 0.000490745
v 0.148133 0.0711128 -0.148762
vn 0.000849995 -0.000191514 -0.000490745
v 0.171699 0.0350487 -0.135718
vn -0.000948046 0.000191514 0.000254028
v 0.171699 0.0350487 -0.135718
vn 0.000948046 -0.000191514 -0.000254028
v 0.127436 0.0173151 0.178942
vn 0.000483586 0.000254121 -0.000837596
v 0.127436 0.0173151 0.178942
vn -0.000483586 -0.000254121 0.000837596
v 0.212367 -0.0584538 0.00310336
vn -0.000683894 0.000254121 -0.000683894
v 0.212367 -0.0584538 0.00310336
vn 0.000683894 -0.000254121 0.000683894
v 0.100797 0.0520655 0.18893
vn 0.000683894 0.000254121 -0.000683894
v 0.100797 0.0520655 0.18893
vn -0.000683894 -0.000254121 0.000683894
v 0.0748367 0.0886795 0.187363
vn 0.000837596 0.000254121 -0.000483586
v 0.0748367 0.0886795 0.187363
vn -0.000837596 -0.000254121 0.000483586
v 0.0513236 0.124663 0.174348
vn 0.000934217 0.000254121 -0.000250323
v 0.0513236 0.124663 0.174348
vn -0.000934217 -0.000254121 0.000250323
v 0.0318613 0.157561 0.150772
vn 0.000967172 0.000254121 0
v 0.0318613 0.157561 0.150772
vn -0.000967172 -0.000254121 0
v 0.122113 0.107811 -0.150333
vn -0.000694018 0.000191514 0.000694018
v 0.122113 0.107811 -0.150333
vn 0.000694018 -0.000191514 -0.000694018
v 0.0954132 0.142641 -0.140322
vn -0.000490745 0.000191514 0.000849995
v 0.0954132 0.142641 -0.140322
vn 0.000490745 -0.000191514 -0.000849995
v 0.0698535 0.173229 -0.119411
vn -0.000254028 0.000191514 0.000948046
v 0.0698535 0.173229 -0.119411
vn 0.000254028 -0.000191514 -0.000948046
v 0.0471747 0.197492 -0.0890273
vn 0 0.000191514 0.00098149
v 0.0471747 0.197492 -0.0890273
vn 0 -0.000191514 -0.00098149
v 0.0151789 0.219658 -0.00879858
vn 0.000483586 0.000254121 0.000837596
v 0.0151789 0.219658 -0.00879858
vn -0.000483586 -0.000254121 -0.000837596
v 0.0177749 0.185135 0.11824
vn 0.000934217 0.000254121 0.000250323
v 0.0177749 0.185135 0.11824
vn -0.000934217 -0.000254121 -0.000250323
v 0.0100252 0.205503 0.078971
vn 0.000837596 0.000254121 0.000483586
v 0.0100252 0.205503 0.078971
vn -0.000837596 -0.000254121 -0.000483586
v 0.191206 0.00207401 -0.112087
vn -0.00098149 0.000191514 0
v 0.191206 0.00207401 -0.112087
vn 0.00098149 -0.000191514 0
v 0.205324 -0.0255616 -0.0794814
vn -0.000948046 0.000191514 -0.000254028
v 0.205324 -0.0255616 -0.0794814
vn 0.000948046 -0.000191514 0.000254028
v 0.213092 -0.0459764 -0.0401226
vn -0.000849995 0.000191514 -0.000490745
v 0.213092 -0.0459764 -0.0401226
vn 0.000849995 -0.000191514 0.000490745
v 0.207926 -0.0601644 0.0478477
vn -0.000490745 0.000191514 -0.000849995
v 0.207926 -0.0601644 0.0478477
vn 0.000490745 -0.000191514 0.000849995
v 0.195345 -0.0529707 0.0904643
vn -0.000254028 0.000191514 -0.000948046
v 0.195345 -0.0529707 0.0904643
vn 0.000254028 -0.000191514 0.000948046
v 0.177093 -0.0366877 0.128252
vn 0 0.000191514 -0.00098149
v 0.177093 -0.0366877 0.128252
vn -0 -0.000191514 0.00098149
v 0.154415 -0.0124257 0.158637
vn 0.000254028 0.000191514 -0.000948046
v 0.154415 -0.0124257 0.158637
vn -0.000254028 -0.000191514 0.000948046
v 0.128855 0.0181628 0.179547
vn 0.000490745 0.000191514 -0.000849995
v 0.128855 0.0181628 0.179547
vn -0.000490745 -0.000191514 0.000849995
v 0.0289232 0.213774 -0.051239
vn 0.000254028 0.000191514 0.000948046
v 0.0289232 0.213774 -0.051239
vn -0.000254028 -0.000191514 -0.000948046
v 0.00913969 0.217278 0.0356405
vn 0.000683894 0.000254121 0.000683894
v 0.00913969 0.217278 0.0356405
vn -0.000683894 -0.000254121 -0.000683894
v 0.149588 0.0720995 -0.148794
vn -0.000858889 0.000128116 0.00049588
v 0.149588 0.0720995 -0.148794
vn 0.000858889 -0.000128116 -0.00049588
v 0.173193 0.0359758 -0.135728
vn -0.000957966 0.000128116 0.000256686
v 0.173193 0.0359758 -0.135728
vn 0.000957966 -0.000128116 -0.000256686
v 0.102155 0.0529925 0.189558
vn 0.000694018 0.000191514 -0.000694018
v 0.102155 0.0529925 0.189558
vn -0.000694018 -0.000191514 0.000694018
v 0.21398 -0.0577793 0.00330688
vn -0.000694018 0.000191514 -0.000694018
v 0.21398 -0.0577793 0.00330688
vn 0.000694018 -0.000191514 0.000694018
v 0.0761357 0.0896904 0.187987
vn 0.000849995 0.000191514 -0.000490745
v 0.0761357 0.0896904 0.187987
vn -0.000849995 -0.000191514 0.000490745
v 0.0525694 0.125755 0.174942
vn 0.000948046 0.000191514 -0.000254028
v 0.0525694 0.125755 0.174942
vn -0.000948046 -0.000191514 0.000254028
v 0.0330627 0.158729 0.151312
vn 0.00098149 0.000191514 0
v 0.0330627 0.158729 0.151312
vn -0.00098149 -0.000191514 0
v 0.123527 0.108857 -0.150367
vn -0.00070128 0.000128116 0.00070128
v 0.123527 0.108857 -0.150367
vn 0.00070128 -0.000128116 -0.00070128
v 0.0967836 0.143743 -0.140339
vn -0.00049588 0.000128116 0.000858889
v 0.0967836 0.143743 -0.140339
vn 0.00049588 -0.000128116 -0.000858889
v 0.0711817 0.174382 -0.119395
vn -0.000256686 0.000128116 0.000957966
v 0.0711817 0.174382 -0.119395
vn 0.000256686 -0.000128116 -0.000957966
v 0.048466 0.198683 -0.0889609
vn 0 0.000128116 0.000991759
v 0.048466 0.198683 -0.0889609
vn 0 -0.000128116 -0.000991759
v 0.0163417 0.220968 -0.00862302
vn 0.000490745 0.000191514 0.000849995
v 0.0163417 0.220968 -0.00862302
vn -0.000490745 -0.000191514 -0.000849995
v 0.0189438 0.186366 0.118706
vn 0.000948046 0.000191514 0.000254028
v 0.0189438 0.186366 0.118706
vn -0.000948046 -0.000191514 -0.000254028
v 0.0111765 0.20678 0.0793479
vn 0.000849995 0.000191514 0.000490745
v 0.0111765 0.20678 0.0793479
vn -0.000849995 -0.000191514 -0.000490745
v 0.192732 0.00294745 -0.112058
vn -0.000991759 0.000128116 0
v 0.192732 0.00294745 -0.112058
vn 0.000991759 -0.000128116 0
v 0.206874 -0.0247337 -0.0793996
vn -0.000957966 0.000128116 -0.000256686
v 0.206874 -0.0247337 -0.0793996
vn 0.000957966 -0.000128116 0.000256686
v 0.214654 -0.0451819 -0.0399766
vn -0.000858889 0.000128116 -0.00049588
v 0.214654 -0.0451819 -0.0399766
vn 0.000858889 -0.000128116 0.00049588
v 0.20948 -0.0593931 0.0481372
vn -0.00049588 0.000128116 -0.000858889
v 0.20948 -0.0593931 0.0481372
vn 0.00049588 -0.000128116 0.000858889
v 0.196878 -0.0521868 0.0908228
vn -0.000256686 0.000128116 -0.000957966
v 0.196878 -0.0521868 0.0908228
vn 0.000256686 -0.000128116 0.000957966
v 0.178597 -0.0358774 0.128673
vn 0 0.000128116 -0.000991759
v 0.178597 -0.0358774 0.128673
vn -0 -0.000128116 0.000991759
v 0.155881 -0.0115755 0.159107
vn 0.000256686 0.000128116 -0.000957966
v 0.155881 -0.0115755 0.159107
vn -0.000256686 -0.000128116 0.000957966
v 0.130279 0.0190622 0.180052
vn 0.00049588 0.000128116 -0.000858889
v 0.130279 0.0190622 0.180052
vn -0.00049588 -0.000128116 0.000858889
v 0.103536 0.0539491 0.190078
vn 0.00070128 0.000128116 -0.00070128
v 0.103536 0.0539491 0.190078
vn -0.00070128 -0.000128116 0.00070128
v 0.0301844 0.214993 -0.0511112
vn 0.000256686 0.000128116 0.000957966
v 0.0301844 0.214993 -0.0511112
vn -0.000256686 -0.000128116 -0.000957966
v 0.0102886 0.218583 0.0359184
vn 0.000694018 0.000191514 0.000694018
v 0.0102886 0.218583 0.0359184
vn -0.000694018 -0.000191514 -0.000694018
v 0.151037 0.0731024 -0.148713
vn -0.000864239 6.4191e-05 0.000498969
v 0.151037 0.0731024 -0.148713
vn 0.000864239 -6.4191e-05 -0.000498969
v 0.174665 0.0369431 -0.135634
vn -0.000963934 6.4191e-05 0.000258285
v 0.174665 0.0369431 -0.135634
vn 0.000963934 -6.4191e-05 -0.000258285
v 0.0774742 0.0907066 0.188506
vn 0.000858889 0.000128116 -0.00049588
v 0.0774742 0.0907066 0.188506
vn -0.000858889 -0.000128116 0.00049588
v 0.215543 -0.0570031 0.00352313
vn -0.00070128 0.000128116 -0.00070128
v 0.215543 -0.0570031 0.00352313
vn 0.00070128 -0.000128116 0.00070128
v 0.0538694 0.12683 0.17544
vn 0.000957966 0.000128116 -0.000256686
v 0.0538694 0.12683 0.17544
vn -0.000957966 -0.000128116 0.000256686
v 0.0343306 0.159858 0.151771
vn 0.000991759 0.000128116 0
v 0.0343306 0.159858 0.151771
vn -0.000991759 -0.000128116 0
v 0.124949 0.109897 -0.150287
vn -0.000705648 6.4191e-05 0.000705648
v 0.124949 0.109897 -0.150287
vn 0.000705648 -6.4191e-05 -0.000705648
v 0.09818 0.144818 -0.14025
vn -0.000498969 6.4191e-05 0.000864239
v 0.09818 0.144818 -0.14025
vn 0.000498969 -6.4191e-05 -0.000864239
v 0.0725534 0.175486 -0.119286
vn -0.000258285 6.4191e-05 0.000963934
v 0.0725534 0.175486 -0.119286
vn 0.000258285 -6.4191e-05 -0.000963934
v 0.0498153 0.199812 -0.0888217
vn 0 6.4191e-05 0.000997938
v 0.0498153 0.199812 -0.0888217
vn 0 -6.4191e-05 -0.000997938
v 0.0175827 0.222198 -0.00842494
vn 0.00049588 0.000128116 0.000858889
v 0.0175827 0.222198 -0.00842494
vn -0.00049588 -0.000128116 -0.000858889
v 0.0201888 0.18754 0.119111
vn 0.000957966 0.000128116 0.000256686
v 0.0201888 0.18754 0.119111
vn -0.000957966 -0.000128116 -0.000256686
v 0.0124084 0.207988 0.0796883
vn 0.000858889 0.000128116 0.00049588
v 0.0124084 0.207988 0.0796883
vn -0.000858889 -0.000128116 -0.00049588
v 0.194223 0.00388329 -0.111941
vn -0.000997938 6.4191e-05 0
v 0.194223 0.00388329 -0.111941
vn 0.000997938 -6.4191e-05 0
v 0.208379 -0.0238254 -0.0792509
vn -0.000963934 6.4191e-05 -0.000258285
v 0.208379 -0.0238254 -0.0792509
vn 0.000963934 -6.4191e-05 0.000258285
v 0.216167 -0.0442938 -0.039789
vn -0.000864239 6.4191e-05 -0.000498969
v 0.216167 -0.0442938 -0.039789
vn 0.000864239 -6.4191e-05 0.000498969
v 0.210987 -0.0585177 0.0484114
vn -0.000498969 6.4191e-05 -0.000864239
v 0.210987 -0.0585177 0.0484114
vn 0.000498969 -6.4191e-05 0.000864239
v 0.198373 -0.0513055 0.0911389
vn -0.000258285 6.4191e-05 -0.000963934
v 0.198373 -0.0513055 0.0911389
vn 0.000258285 -6.4191e-05 0.000963934
v 0.180074 -0.0349802 0.129026
vn 0 6.4191e-05 -0.000997938
v 0.180074 -0.0349802 0.129026
vn -0 -6.4191e-05 0.000997938
v 0.157336 -0.0106543 0.15949
vn 0.000258285 6.4191e-05 -0.000963934
v 0.157336 -0.0106543 0.15949
vn -0.000258285 -6.4191e-05 0.000963934
v 0.131709 0.0200143 0.180455
vn 0.000498969 6.4191e-05 -0.000864239
v 0.131709 0.0200143 0.180455
vn -0.000498969 -6.4191e-05 0.000864239
v 0.104939 0.0549352 0.190492
vn 0.000705648 6.4191e-05 -0.000705648
v 0.104939 0.0549352 0.190492
vn -0.000705648 -6.4191e-05 0.000705648
v 0.0788526 0.0917278 0.188917
vn 0.000864239 6.4191e-05 -0.000498969
v 0.0788526 0.0917278 0.188917
vn -0.000864239 -6.4191e-05 0.000498969
v 0.0315158 0.216137 -0.0509346
vn 0.000258285 6.4191e-05 0.000963934
v 0.0315158 0.216137 -0.0509346
vn -0.000258285 -6.4191e-05 -0.000963934
v 0.0115201 0.219809 0.0361878
vn 0.00070128 0.000128116 0.00070128
v 0.0115201 0.219809 0.0361878
vn -0.00070128 -0.000128116 -0.00070128
v 0.152463 0.0741123 -0.148522
vn -0.000866025 0 0.0005
v 0.152463 0.0741123 -0.148522
vn 0.000866025 0 -0.0005
v 0.176099 0.037942 -0.135438
vn -0.000965926 0 0.000258819
v 0.176099 0.037942 -0.135438
vn 0.000965926 0 -0.000258819
v 0.0552245 0.127887 0.175838
vn 0.000963934 6.4191e-05 -0.000258285
v 0.0552245 0.127887 0.175838
vn -0.000963934 -6.4191e-05 0.000258285
v 0.217056 -0.056126 0.00375415
vn -0.000705648 6.4191e-05 -0.000705648
v 0.217056 -0.056126 0.00375415
vn 0.000705648 -6.4191e-05 0.000705648
v 0.0356664 0.160947 0.152146
vn 0.000997938 6.4191e-05 0
v 0.0356664 0.160947 0.152146
vn -0.000997938 -6.4191e-05 0
v 0.126367 0.110919 -0.150096
vn -0.000707107 0 0.000707107
v 0.126367 0.110919 -0.150096
vn 0.000707107 0 -0.000707107
v 0.099589 0.145851 -0.140056
vn -0.0005 0 0.000866025
v 0.099589 0.145851 -0.140056
vn 0.0005 0 -0.000866025
v 0.0739541 0.176529 -0.119085
vn -0.000258819 0 0.000965926
v 0.0739541 0.176529 -0.119085
vn 0.000258819 0 -0.000965926
v 0.0512083 0.200863 -0.0886105
vn 0 0 0.001
v 0.0512083 0.200863 -0.0886105
vn 0 0 -0.001
v 0.0189016 0.22335 -0.00820633
vn 0.000498969 6.4191e-05 0.000864239
v 0.0189016 0.22335 -0.00820633
vn -0.000498969 -6.4191e-05 -0.000864239
v 0.0215111 0.188656 0.119455
vn 0.000963934 6.4191e-05 0.000258285
v 0.0215111 0.188656 0.119455
vn -0.000963934 -6.4191e-05 -0.000258285
v 0.0137231 0.209124 0.0799932
vn 0.000864239 6.4191e-05 0.000498969
v 0.0137231 0.209124 0.0799932
vn -0.000864239 -6.4191e-05 -0.000498969
v 0.195663 0.00487059 -0.111738
vn -0.001 0 0
v 0.195663 0.00487059 -0.111738
vn 0.001 0 0
v 0.209823 -0.0228463 -0.0790368
vn -0.000965926 0 -0.000258819
v 0.209823 -0.0228463 -0.0790368
vn 0.000965926 0 0.000258819
v 0.217614 -0.0433219 -0.0395624
vn -0.000866025 0 -0.0005
v 0.217614 -0.0433219 -0.0395624
vn 0.000866025 0 0.0005
v 0.212433 -0.057551 0.0486665
vn -0.0005 0 -0.000866025
v 0.212433 -0.057551 0.0486665
vn 0.0005 0 0.000866025
v 0.199815 -0.0503365 0.0914085
vn -0.000258819 0 -0.000965926
v 0.199815 -0.0503365 0.0914085
vn 0.000258819 0 0.000965926
v 0.181509 -0.034005 0.129308
vn 0 0 -0.001
v 0.181509 -0.034005 0.129308
vn 0 0 0.001
v 0.158764 -0.00967161 0.159782
vn 0.000258819 0 -0.000965926
v 0.158764 -0.00967161 0.159782
vn -0.000258819 0 0.000965926
v 0.133128 0.0210069 0.180754
vn 0.0005 0 -0.000866025
v 0.133128 0.0210069 0.180754
vn -0.0005 0 0.000866025
v 0.106351 0.055939 0.190794
vn 0.000707107 0 -0.000707107
v 0.106351 0.055939 0.190794
vn -0.000707107 0 0.000707107
v 0.0802548 0.0927442 0.189219
vn 0.000866025 0 -0.0005
v 0.0802548 0.0927442 0.189219
vn -0.000866025 0 0.0005
v 0.0566187 0.128916 0.176135
vn 0.000965926 0 -0.000258819
v 0.0566187 0.128916 0.176135
vn -0.000965926 0 0.000258819
v 0.0329027 0.217194 -0.0507107
vn 0.000258819 0 0.000965926
v 0.0329027 0.217194 -0.0507107
vn -0.000258819 0 -0.000965926
v 0.0128327 0.220958 0.0364509
vn 0.000705648 6.4191e-05 0.000705648
v 0.0128327 0.220958 0.0364509
vn -0.000705648 -6.4191e-05 -0.000705648
v 0.127782 0.111926 -0.149794
vn -0.000705648 -6.4191e-05 0.000705648
v 0.127782 0.111926 -0.149794
vn 0.000705648 6.4191e-05 -0.000705648
v 0.15387 0.0751317 -0.14822
vn -0.000864239 -6.4191e-05 0.000498969
v 0.15387 0.0751317 -0.14822
vn 0.000864239 6.4191e-05 -0.000498969
v 0.0370544 0.161986 0.152436
vn 0.001 0 0
v 0.0370544 0.161986 0.152436
vn -0.001 0 0
v 0.218504 -0.0551582 0.00399525
vn -0.000707107 0 -0.000707107
v 0.218504 -0.0551582 0.00399525
vn 0.000707107 0 0.000707107
v 0.177498 0.0389724 -0.13514
vn -0.000963934 -6.4191e-05 0.000258285
v 0.177498 0.0389724 -0.13514
vn 0.000963934 6.4191e-05 -0.000258285
v 0.0228944 0.189704 0.119734
vn 0.000965926 0 0.000258819
v 0.0228944 0.189704 0.119734
vn -0.000965926 0 -0.000258819
v 0.101012 0.146847 -0.139756
vn -0.000498969 -6.4191e-05 0.000864239
v 0.101012 0.146847 -0.139756
vn 0.000498969 6.4191e-05 -0.000864239
v 0.0753857 0.177515 -0.118792
vn -0.000258285 -6.4191e-05 0.000963934
v 0.0753857 0.177515 -0.118792
vn 0.000258285 6.4191e-05 -0.000963934
v 0.0526476 0.201841 -0.0883281
vn -0 -6.4191e-05 0.000997938
v 0.0526476 0.201841 -0.0883281
vn 0 6.4191e-05 -0.000997938
v 0.0202845 0.224409 -0.00796937
vn 0.0005 0 0.000866025
v 0.0202845 0.224409 -0.00796937
vn -0.0005 0 -0.000866025
v 0.0151042 0.210178 0.0802594
vn 0.000866025 0 0.0005
v 0.0151042 0.210178 0.0802594
vn -0.000866025 0 -0.0005
v 0.211211 -0.0217961 -0.0787573
vn -0.000963934 -6.4191e-05 -0.000258285
v 0.211211 -0.0217961 -0.0787573
vn 0.000963934 6.4191e-05 0.000258285
v 0.218999 -0.0422645 -0.0392955
vn -0.000864239 -6.4191e-05 -0.000498969
v 0.218999 -0.0422645 -0.0392955
vn 0.000864239 6.4191e-05 0.000498969
v 0.219888 -0.0540967 0.00424774
vn -0.000705648 -6.4191e-05 -0.000705648
v 0.219888 -0.0540967 0.00424774
vn 0.000705648 6.4191e-05 0.000705648
v 0.213819 -0.0564885 0.0489049
vn -0.000498969 -6.4191e-05 -0.000864239
v 0.213819 -0.0564885 0.0489049
vn 0.000498969 6.4191e-05 0.000864239
v 0.201206 -0.0492763 0.0916325
vn -0.000258285 -6.4191e-05 -0.000963934
v 0.201206 -0.0492763 0.0916325
vn 0.000258285 6.4191e-05 0.000963934
v 0.182906 -0.0329509 0.12952
vn 0 -6.4191e-05 -0.000997938
v 0.182906 -0.0329509 0.12952
vn 0 6.4191e-05 0.000997938
v 0.160168 -0.00862499 0.159983
vn 0.000258285 -6.4191e-05 -0.000963934
v 0.160168 -0.00862499 0.159983
vn -0.000258285 6.4191e-05 0.000963934
v 0.134541 0.0220436 0.180948
vn 0.000498969 -6.4191e-05 -0.000864239
v 0.134541 0.0220436 0.180948
vn -0.000498969 6.4191e-05 0.000864239
v 0.107772 0.0569645 0.190986
vn 0.000705648 -6.4191e-05 -0.000705648
v 0.107772 0.0569645 0.190986
vn -0.000705648 6.4191e-05 0.000705648
v 0.0816849 0.0937571 0.189411
vn 0.000864239 -6.4191e-05 -0.000498969
v 0.0816849 0.0937571 0.189411
vn -0.000864239 6.4191e-05 0.000498969
v 0.0580568 0.129916 0.176332
vn 0.000963934 -6.4191e-05 -0.000258285
v 0.0580568 0.129916 0.176332
vn -0.000963934 6.4191e-05 0.000258285
v 0.197055 0.00591256 -0.111447
vn -0.000997938 -6.4191e-05 0
v 0.197055 0.00591256 -0.111447
vn 0.000997938 6.4191e-05 0
v 0.0343481 0.218166 -0.050441
vn 0.000258285 -6.4191e-05 0.000963934
v 0.0343481 0.218166 -0.050441
vn -0.000258285 6.4191e-05 -0.000963934
v 0.0142139 0.222016 0.0367019
vn 0.000707107 0 0.000707107
v 0.0142139 0.222016 0.0367019
vn -0.000707107 0 -0.000707107
v 0.129181 0.112908 -0.149382
vn -0.00070128 -0.000128116 0.00070128
v 0.129181 0.112908 -0.149382
vn 0.00070128 0.000128116 -0.00070128
v 0.155242 0.0761506 -0.147809
vn -0.000858889 -0.000128116 0.00049588
v 0.155242 0.0761506 -0.147809
vn 0.000858889 0.000128116 -0.00049588
v 0.0384987 0.162977 0.15264
vn 0.000997938 -6.4191e-05 0
v 0.0384987 0.162977 0.15264
vn -0.000997938 6.4191e-05 0
v 0.178847 0.0400269 -0.134743
vn -0.000957966 -0.000128116 0.000256686
v 0.178847 0.0400269 -0.134743
vn 0.000957966 0.000128116 -0.000256686
v 0.102438 0.147794 -0.139354
vn -0.00049588 -0.000128116 0.000858889
v 0.102438 0.147794 -0.139354
vn 0.00049588 0.000128116 -0.000858889
v 0.0768358 0.178433 -0.11841
vn -0.000256686 -0.000128116 0.000957966
v 0.0768358 0.178433 -0.11841
vn 0.000256686 0.000128116 -0.000957966
v 0.0541201 0.202735 -0.0879755
vn -0 -0.000128116 0.000991759
v 0.0541201 0.202735 -0.0879755
vn 0 0.000128116 -0.000991759
v 0.0217339 0.225379 -0.00771274
vn 0.000498969 -6.4191e-05 0.000864239
v 0.0217339 0.225379 -0.00771274
vn -0.000498969 6.4191e-05 -0.000864239
v 0.0165554 0.211153 0.0804868
vn 0.000864239 -6.4191e-05 0.000498969
v 0.0165554 0.211153 0.0804868
vn -0.000864239 6.4191e-05 -0.000498969
v 0.015665 0.222987 0.0369445
vn 0.000705648 -6.4191e-05 0.000705648
v 0.015665 0.222987 0.0369445
vn -0.000705648 6.4191e-05 -0.000705648
v 0.0243434 0.190685 0.119949
vn 0.000963934 -6.4191e-05 0.000258285
v 0.0243434 0.190685 0.119949
vn -0.000963934 6.4191e-05 -0.000258285
v 0.212528 -0.0206826 -0.0784143
vn -0.000957966 -0.000128116 -0.000256686
v 0.212528 -0.0206826 -0.0784143
vn 0.000957966 0.000128116 0.000256686
v 0.220308 -0.0411309 -0.0389913
vn -0.000858889 -0.000128116 -0.00049588
v 0.220308 -0.0411309 -0.0389913
vn 0.000858889 0.000128116 0.00049588
v 0.221197 -0.052952 0.00450849
vn -0.00070128 -0.000128116 -0.00070128
v 0.221197 -0.052952 0.00450849
vn 0.00070128 0.000128116 0.00070128
v 0.215134 -0.055342 0.0491226
vn -0.00049588 -0.000128116 -0.000858889
v 0.215134 -0.055342 0.0491226
vn 0.00049588 0.000128116 0.000858889
v 0.202532 -0.0481357 0.0918082
vn -0.000256686 -0.000128116 -0.000957966
v 0.202532 -0.0481357 0.0918082
vn 0.000256686 0.000128116 0.000957966
v 0.184251 -0.0318263 0.129658
vn 0 -0.000128116 -0.000991759
v 0.184251 -0.0318263 0.129658
vn 0 0.000128116 0.000991759
v 0.161535 -0.00752445 0.160092
vn 0.000256686 -0.000128116 -0.000957966
v 0.161535 -0.00752445 0.160092
vn -0.000256686 0.000128116 0.000957966
v 0.135933 0.0231132 0.181037
vn 0.00049588 -0.000128116 -0.000858889
v 0.135933 0.0231132 0.181037
vn -0.00049588 0.000128116 0.000858889
v 0.10919 0.0580002 0.191063
vn 0.00070128 -0.000128116 -0.00070128
v 0.10919 0.0580002 0.191063
vn -0.00070128 0.000128116 0.00070128
v 0.0831283 0.0947576 0.189491
vn 0.000858889 -0.000128116 -0.00049588
v 0.0831283 0.0947576 0.189491
vn -0.000858889 0.000128116 0.00049588
v 0.0595235 0.130881 0.176425
vn 0.000957966 -0.000128116 -0.000256686
v 0.0595235 0.130881 0.176425
vn -0.000957966 0.000128116 0.000256686
v 0.198386 0.00699849 -0.111073
vn -0.000991759 -0.000128116 0
v 0.198386 0.00699849 -0.111073
vn 0.000991759 0.000128116 0
v 0.0358385 0.219044 -0.0501258
vn 0.000256686 -0.000128116 0.000957966
v 0.0358385 0.219044 -0.0501258
vn -0.000256686 0.000128116 -0.000957966
v 0.130563 0.113865 -0.14886
vn -0.000694018 -0.000191514 0.000694018
v 0.130563 0.113865 -0.14886
vn 0.000694018 0.000191514 -0.000694018
v 0.156583 0.0771672 -0.147289
vn -0.000849995 -0.000191514 0.000490745
v 0.156583 0.0771672 -0.147289
vn 0.000849995 0.000191514 -0.000490745
v 0.0399847 0.163909 0.152756
vn 0.000991759 -0.000128116 0
v 0.0399847 0.163909 0.152756
vn -0.000991759 0.000128116 0
v 0.180149 0.0411031 -0.134245
vn -0.000948046 -0.000191514 0.000254028
v 0.180149 0.0411031 -0.134245
vn 0.000948046 0.000191514 -0.000254028
v 0.103863 0.148696 -0.138849
vn -0.000490745 -0.000191514 0.000849995
v 0.103863 0.148696 -0.138849
vn 0.000490745 0.000191514 -0.000849995
v 0.0783036 0.179283 -0.117939
vn -0.000254028 -0.000191514 0.000948046
v 0.0783036 0.179283 -0.117939
vn 0.000254028 0.000191514 -0.000948046
v 0.0556248 0.203546 -0.0875547
vn -0 -0.000191514 0.00098149
v 0.0556248 0.203546 -0.0875547
vn 0 0.000191514 -0.00098149
v 0.0232368 0.22625 -0.00743958
vn 0.00049588 -0.000128116 0.000858889
v 0.0232368 0.22625 -0.00743958
vn -0.00049588 0.000128116 -0.000858889
v 0.0180625 0.212039 0.0806737
vn 0.000858889 -0.000128116 0.00049588
v 0.0180625 0.212039 0.0806737
vn -0.000858889 0.000128116 -0.00049588
v 0.0171742 0.22386 0.0371731
vn 0.00070128 -0.000128116 0.00070128
v 0.0171742 0.22386 0.0371731
vn -0.00070128 0.000128116 -0.00070128
v 0.0258429 0.191591 0.120097
vn 0.000957966 -0.000128116 0.000256686
v 0.0258429 0.191591 0.120097
vn -0.000957966 0.000128116 -0.000256686
v 0.213774 -0.0195072 -0.0780087
vn -0.000948046 -0.000191514 -0.000254028
v 0.213774 -0.0195072 -0.0780087
vn 0.000948046 0.000191514 0.000254028
v 0.221542 -0.0399221 -0.03865
vn -0.000849995 -0.000191514 -0.000490745
v 0.221542 -0.0399221 -0.03865
vn 0.000849995 0.000191514 0.000490745
v 0.22243 -0.051725 0.00477952
vn -0.000694018 -0.000191514 -0.000694018
v 0.22243 -0.051725 0.00477952
vn 0.000694018 0.000191514 0.000694018
v 0.216377 -0.05411 0.0493203
vn -0.000490745 -0.000191514 -0.000849995
v 0.216377 -0.05411 0.0493203
vn 0.000490745 0.000191514 0.000849995
v 0.203795 -0.0469163 0.091937
vn -0.000254028 -0.000191514 -0.000948046
v 0.203795 -0.0469163 0.091937
vn 0.000254028 0.000191514 0.000948046
v 0.185544 -0.0306333 0.129725
vn 0 -0.000191514 -0.00098149
v 0.185544 -0.0306333 0.129725
vn 0 0.000191514 0.00098149
v 0.162865 -0.00637135 0.160109
vn 0.000254028 -0.000191514 -0.000948046
v 0.162865 -0.00637135 0.160109
vn -0.000254028 0.000191514 0.000948046
v 0.137305 0.0242171 0.181019
vn 0.000490745 -0.000191514 -0.000849995
v 0.137305 0.0242171 0.181019
vn -0.000490745 0.000191514 0.000849995
v 0.110605 0.0590469 0.191031
vn 0.000694018 -0.000191514 -0.000694018
v 0.110605 0.0590469 0.191031
vn -0.000694018 0.000191514 0.000694018
v 0.0845859 0.0957448 0.18946
vn 0.000849995 -0.000191514 -0.000490745
v 0.0845859 0.0957448 0.18946
vn -0.000849995 0.000191514 0.000490745
v 0.0610195 0.13181 0.176415
vn 0.000948046 -0.000191514 -0.000254028
v 0.0610195 0.13181 0.176415
vn -0.000948046 0.000191514 0.000254028
v 0.199656 0.00812837 -0.110615
vn -0.00098149 -0.000191514 0
v 0.199656 0.00812837 -0.110615
vn 0.00098149 0.000191514 0
v 0.0373733 0.219828 -0.0497664
vn 0.000254028 -0.000191514 0.000948046
v 0.0373733 0.219828 -0.0497664
vn -0.000254028 0.000191514 -0.000948046
v 0.131923 0.114793 -0.148232
vn -0.000683894 -0.000254121 0.000683894
v 0.131923 0.114793 -0.148232
vn 0.000683894 0.000254121 -0.000683894
v 0.157884 0.0781793 -0.146665
vn -0.000837596 -0.000254121 0.000483586
v 0.157884 0.0781793 -0.146665
vn 0.000837596 0.000254121 -0.000483586
v 0.0415128 0.164783 0.152784
vn 0.00098149 -0.000191514 0
v 0.0415128 0.164783 0.152784
vn -0.00098149 0.000191514 0
v 0.181396 0.0421967 -0.13365
vn -0.000934217 -0.000254121 0.000250323
v 0.181396 0.0421967 -0.13365
vn 0.000934217 0.000254121 -0.000250323
v 0.105285 0.149544 -0.138244
vn -0.000483586 -0.000254121 0.000837596
v 0.105285 0.149544 -0.138244
vn 0.000483586 0.000254121 -0.000837596
v 0.0797828 0.180063 -0.117382
vn -0.000250323 -0.000254121 0.000934217
v 0.0797828 0.180063 -0.117382
vn 0.000250323 0.000254121 -0.000934217
v 0.0571556 0.20427 -0.0870661
vn 0 -0.000254121 0.000967172
v 0.0571556 0.20427 -0.0870661
vn 0 0.000254121 -0.000967172
v 0.0247918 0.227023 -0.00715039
vn 0.000490745 -0.000191514 0.000849995
v 0.0247918 0.227023 -0.00715039
vn -0.000490745 0.000191514 -0.000849995
v 0.0196267 0.212834 0.0808205
vn 0.000849995 -0.000191514 0.000490745
v 0.0196267 0.212834 0.0808205
vn -0.000849995 0.000191514 -0.000490745
v 0.0187388 0.224637 0.0373911
vn 0.000694018 -0.000191514 0.000694018
v 0.0187388 0.224637 0.0373911
vn -0.000694018 0.000191514 -0.000694018
v 0.0273939 0.19242 0.120179
vn 0.000948046 -0.000191514 0.000254028
v 0.0273939 0.19242 0.120179
vn -0.000948046 0.000191514 -0.000254028
v 0.214945 -0.0182751 -0.0775426
vn -0.000934217 -0.000254121 -0.000250323
v 0.214945 -0.0182751 -0.0775426
vn 0.000934217 0.000254121 0.000250323
v 0.222695 -0.0386438 -0.0382728
vn -0.000837596 -0.000254121 -0.000483586
v 0.222695 -0.0386438 -0.0382728
vn 0.000837596 0.000254121 0.000483586
v 0.223581 -0.0504192 0.00505767
vn -0.000683894 -0.000254121 -0.000683894
v 0.223581 -0.0504192 0.00505767
vn 0.000683894 0.000254121 0.000683894
v 0.217541 -0.0527994 0.0494968
vn -0.000483586 -0.000254121 -0.000837596
v 0.217541 -0.0527994 0.0494968
vn 0.000483586 0.000254121 0.000837596
v 0.204989 -0.0456217 0.0920157
vn -0.000250323 -0.000254121 -0.000934217
v 0.204989 -0.0456217 0.0920157
vn 0.000250323 0.000254121 0.000934217
v 0.186779 -0.0293764 0.129719
vn 0 -0.000254121 -0.000967172
v 0.186779 -0.0293764 0.129719
vn 0 0.000254121 0.000967172
v 0.164151 -0.00516849 0.160034
vn 0.000250323 -0.000254121 -0.000934217
v 0.164151 -0.00516849 0.160034
vn -0.000250323 0.000254121 0.000934217
v 0.13865 0.0253497 0.180896
vn 0.000483586 -0.000254121 -0.000837596
v 0.13865 0.0253497 0.180896
vn -0.000483586 0.000254121 0.000837596
v 0.112011 0.0601001 0.190884
vn 0.000683894 -0.000254121 -0.000683894
v 0.112011 0.0601001 0.190884
vn -0.000683894 0.000254121 0.000683894
v 0.0860507 0.0967141 0.189318
vn 0.000837596 -0.000254121 -0.000483586
v 0.0860507 0.0967141 0.189318
vn -0.000837596 0.000254121 0.000483586
v 0.0625377 0.132697 0.176302
vn 0.000934217 -0.000254121 -0.000250323
v 0.0625377 0.132697 0.176302
vn -0.000934217 0.000254121 0.000250323
v 0.200859 0.0092976 -0.110073
vn -0.000967172 -0.000254121 0
v 0.200859 0.0092976 -0.110073
vn 0.000967172 0.000254121 0
v 0.0389451 0.220516 -0.0493638
vn 0.000250323 -0.000254121 0.000934217
v 0.0389451 0.220516 -0.0493638
vn -0.000250323 0.000254121 -0.000934217
v 0.133251 0.115686 -0.147502
vn -0.000670949 -0.00031568 0.000670949
v 0.133251 0.115686 -0.147502
vn 0.000670949 0.00031568 -0.000670949
v 0.159135 0.0791794 -0.145939
vn -0.000821742 -0.00031568 0.000474433
v 0.159135 0.0791794 -0.145939
vn 0.000821742 0.00031568 -0.000474433
v 0.0430753 0.165596 0.152726
vn 0.000967172 -0.000254121 0
v 0.0430753 0.165596 0.152726
vn -0.000967172 0.000254121 0
v 0.18258 0.043301 -0.132961
vn -0.000916534 -0.00031568 0.000245585
v 0.18258 0.043301 -0.132961
vn 0.000916534 0.00031568 -0.000245585
v 0.10669 0.150335 -0.137542
vn -0.000474433 -0.00031568 0.000821742
v 0.10669 0.150335 -0.137542
vn 0.000474433 0.00031568 -0.000821742
v 0.0812629 0.180765 -0.11674
vn -0.000245585 -0.00031568 0.000916534
v 0.0812629 0.180765 -0.11674
vn 0.000245585 0.00031568 -0.000916534
v 0.0587017 0.204901 -0.0865133
vn 0 -0.00031568 0.000948866
v 0.0587017 0.204901 -0.0865133
vn 0 0.00031568 -0.000948866
v 0.0263929 0.227693 -0.00684427
vn 0.000483586 -0.000254121 0.000837596
v 0.0263929 0.227693 -0.00684427
vn -0.000483586 0.000254121 -0.000837596
v 0.0212392 0.213537 0.0809253
vn 0.000837596 -0.000254121 0.000483586
v 0.0212392 0.213537 0.0809253
vn -0.000837596 0.000254121 -0.000483586
v 0.0203537 0.225313 0.0375948
vn 0.000683894 -0.000254121 0.000683894
v 0.0203537 0.225313 0.0375948
vn -0.000683894 0.000254121 -0.000683894
v 0.0289889 0.193169 0.120194
vn 0.000934217 -0.000254121 0.000250323
v 0.0289889 0.193169 0.120194
vn -0.000934217 0.000254121 -0.000250323
v 0.216031 -0.0169943 -0.0770175
vn -0.000916534 -0.00031568 -0.000245585
v 0.216031 -0.0169943 -0.0770175
vn 0.000916534 0.00031568 0.000245585
v 0.223758 -0.0373035 -0.0378622
vn -0.000821742 -0.00031568 -0.000474433
v 0.223758 -0.0373035 -0.0378622
vn 0.000821742 0.00031568 0.000474433
v 0.224641 -0.0490451 0.00534087
vn -0.000670949 -0.00031568 -0.000670949
v 0.224641 -0.0490451 0.00534087
vn 0.000670949 0.00031568 0.000670949
v 0.218619 -0.0514178 0.0496509
vn -0.000474433 -0.00031568 -0.000821742
v 0.218619 -0.0514178 0.0496509
vn 0.000474433 0.00031568 0.000821742
v 0.206104 -0.0442617 0.0920465
vn -0.000245585 -0.00031568 -0.000916534
v 0.206104 -0.0442617 0.0920465
vn 0.000245585 0.00031568 0.000916534
v 0.187946 -0.0280626 0.129638
vn 0 -0.00031568 -0.000948866
v 0.187946 -0.0280626 0.129638
vn 0 0.00031568 0.000948866
v 0.165385 -0.00392662 0.159866
vn 0.000245585 -0.00031568 -0.000916534
v 0.165385 -0.00392662 0.159866
vn -0.000245585 0.00031568 0.000916534
v 0.139958 0.0265033 0.180667
vn 0.000474433 -0.00031568 -0.000821742
v 0.139958 0.0265033 0.180667
vn -0.000474433 0.00031568 0.000821742
v 0.113397 0.0611522 0.190626
vn 0.000670949 -0.00031568 -0.000670949
v 0.113397 0.0611522 0.190626
vn -0.000670949 0.00031568 0.000670949
v 0.0875122 0.0976597 0.189065
vn 0.000821742 -0.00031568 -0.000474433
v 0.0875122 0.0976597 0.189065
vn -0.000821742 0.00031568 0.000474433
v 0.0640681 0.133538 0.176086
vn 0.000916534 -0.00031568 -0.000245585
v 0.0640681 0.133538 0.176086
vn -0.000916534 0.00031568 0.000245585
v 0.201986 0.0104979 -0.109453
vn -0.000948866 -0.00031568 0
v 0.201986 0.0104979 -0.109453
vn 0.000948866 0.00031568 0
v 0.0405444 0.2211 -0.048921
vn 0.000245585 -0.00031568 0.000916534
v 0.0405444 0.2211 -0.048921
vn -0.000245585 0.00031568 -0.000916534
v 0.134548 0.116543 -0.146669
vn -0.000663437 -0.000345982 0.000663437
v 0.134548 0.116543 -0.146669
vn 0.000663437 0.000345982 -0.000663437
v 0.160341 0.080166 -0.145112
vn -0.000812541 -0.000345982 0.000469121
v 0.160341 0.080166 -0.145112
vn 0.000812541 0.000345982 -0.000469121
v 0.0446625 0.16634 0.152579
vn 0.000948866 -0.00031568 0
v 0.0446625 0.16634 0.152579
vn -0.000948866 0.00031568 0
v 0.183701 0.0444158 -0.132181
vn -0.000906272 -0.000345982 0.000242835
v 0.183701 0.0444158 -0.132181
vn 0.000906272 0.000345982 -0.000242835
v 0.108082 0.151069 -0.136745
vn -0.000469121 -0.000345982 0.000812541
v 0.108082 0.151069 -0.136745
vn 0.000469121 0.000345982 -0.000812541
v 0.082744 0.181391 -0.116017
vn -0.000242835 -0.000345982 0.000906272
v 0.082744 0.181391 -0.116017
vn 0.000242835 0.000345982 -0.000906272
v 0.0602632 0.205442 -0.0858975
vn 0 -0.000345982 0.000938241
v 0.0602632 0.205442 -0.0858975
vn 0 0.000345982 -0.000938241
v 0.0280285 0.228256 -0.00652605
vn 0.000474433 -0.00031568 0.000821742
v 0.0280285 0.228256 -0.00652605
vn -0.000474433 0.00031568 -0.000821742
v 0.0228894 0.214143 0.0809878
vn 0.000821742 -0.00031568 0.000474433
v 0.0228894 0.214143 0.0809878
vn -0.000821742 0.00031568 -0.000474433
v 0.0220068 0.225883 0.0377832
vn 0.000670949 -0.00031568 0.000670949
v 0.0220068 0.225883 0.0377832
vn -0.000670949 0.00031568 -0.000670949
v 0.0306173 0.193833 0.120142
vn 0.000916534 -0.00031568 0.000245585
v 0.0306173 0.193833 0.120142
vn -0.000916534 0.00031568 -0.000245585
v 0.217034 -0.0156662 -0.0764352
vn -0.000906272 -0.000345982 -0.000242835
v 0.217034 -0.0156662 -0.0764352
vn 0.000906272 0.000345982 0.000242835
v 0.224734 -0.0359027 -0.0374197
vn -0.000812541 -0.000345982 -0.000469121
v 0.224734 -0.0359027 -0.0374197
vn 0.000812541 0.000345982 0.000469121
v 0.225613 -0.0476022 0.00563064
vn -0.000663437 -0.000345982 -0.000663437
v 0.225613 -0.0476022 0.00563064
vn 0.000663437 0.000345982 0.000663437
v 0.219613 -0.0499668 0.0497826
vn -0.000469121 -0.000345982 -0.000812541
v 0.219613 -0.0499668 0.0497826
vn 0.000469121 0.000345982 0.000812541
v 0.207142 -0.0428363 0.0920289
vn -0.000242835 -0.000345982 -0.000906272
v 0.207142 -0.0428363 0.0920289
vn 0.000242835 0.000345982 0.000906272
v 0.189049 -0.0266947 0.129487
vn 0 -0.000345982 -0.000938241
v 0.189049 -0.0266947 0.129487
vn 0 0.000345982 0.000938241
v 0.166568 -0.00264474 0.159607
vn 0.000242835 -0.000345982 -0.000906272
v 0.166568 -0.00264474 0.159607
vn -0.000242835 0.000345982 0.000906272
v 0.141231 0.0276777 0.180334
vn 0.000469121 -0.000345982 -0.000812541
v 0.141231 0.0276777 0.180334
vn -0.000469121 0.000345982 0.000812541
v 0.114764 0.0622034 0.190258
vn 0.000663437 -0.000345982 -0.000663437
v 0.114764 0.0622034 0.190258
vn -0.000663437 0.000345982 0.000663437
v 0.0889714 0.0985813 0.188701
vn 0.000812541 -0.000345982 -0.000469121
v 0.0889714 0.0985813 0.188701
vn -0.000812541 0.000345982 0.000469121
v 0.0656106 0.134332 0.17577
vn 0.000906272 -0.000345982 -0.000242835
v 0.0656106 0.134332 0.17577
vn -0.000906272 0.000345982 0.000242835
v 0.203038 0.0117289 -0.108756
vn -0.000938241 -0.000345982 0
v 0.203038 0.0117289 -0.108756
vn 0.000938241 0.000345982 0
v 0.0421704 0.221583 -0.0484391
vn 0.000242835 -0.000345982 0.000906272
v 0.0421704 0.221583 -0.0484391
vn -0.000242835 0.000345982 -0.000906272
v 0.0462738 0.167018 0.152346
vn 0.000938241 -0.000345982 0
v 0.0462738 0.167018 0.152346
vn -0.000938241 0.000345982 0
v 0.0296993 0.228714 -0.0061942
vn 0.000469121 -0.000345982 0.000812541
v 0.0296993 0.228714 -0.0061942
vn -0.000469121 0.000345982 -0.000812541
v 0.0245784 0.21465 0.0810089
vn 0.000812541 -0.000345982 0.000469121
v 0.0245784 0.21465 0.0810089
vn -0.000812541 0.000345982 -0.000469121
v 0.0236989 0.226349 0.0379577
vn 0.000663437 -0.000345982 0.000663437
v 0.0236989 0.226349 0.0379577
vn -0.000663437 0.000345982 -0.000663437
v 0.0322781 0.194414 0.120024
vn 0.000906272 -0.000345982 0.000242835
v 0.0322781 0.194414 0.120024
vn -0.000906272 0.000345982 -0.000242835
v 0.25181 0.163876 -0.0386946
vn -0.000670866 0.000632391 0.000387324
v 0.246236 0.186829 -0.044692
vn -0.00054776 0.000632391 0.00054776
v 0.239496 0.181242 -0.0394377
vn -0.00054776 0.000632391 0.00054776
v 0.239496 0.181242 -0.0394377
vn 0.00054776 -0.000632391 -0.00054776
v 0.246236 0.186829 -0.044692
vn 0.00054776 -0.000632391 -0.00054776
v 0.25181 0.163876 -0.0386946
vn 0.000670866 -0.000632391 -0.000387324
v 0.271558 0.149671 -0.0372288
vn -0.000748253 0.000632391 0.000200494
v 0.262962 0.146809 -0.0325216
vn -0.000748253 0.000632391 0.000200494
v 0.262962 0.146809 -0.0325216
vn 0.000748253 -0.000632391 -0.000200494
v 0.271558 0.149671 -0.0372288
vn 0.000748253 -0.000632391 -0.000200494
v 0.272193 0.131204 -0.0213383
vn -0.000774649 0.000632391 0
v 0.272193 0.131204 -0.0213383
vn 0.000774649 -0.000632391 0
v 0.232601 0.204616 -0.0395798
vn -0.000387324 0.000632391 0.000670866
v 0.226862 0.197724 -0.0347004
vn -0.000387324 0.000632391 0.000670866
v 0.226862 0.197724 -0.0347004
vn 0.000387324 -0.000632391 -0.000670866
v 0.232601 0.204616 -0.0395798
vn 0.000387324 -0.000632391 -0.000670866
v 0.214766 0.212199 -0.0248053
vn -0.000200494 0.000632391 0.000748253
v 0.214766 0.212199 -0.0248053
vn 0.000200494 -0.000632391 -0.000748253
v 0.219548 0.220236 -0.0289018
vn -0.000200494 0.000632391 0.000748253
v 0.204034 0.223681 -0.0104258
vn 0 0.000632391 0.000774649
v 0.204034 0.223681 -0.0104258
vn 0 -0.000632391 -0.000774649
v 0.219548 0.220236 -0.0289018
vn 0.000200494 -0.000632391 -0.000748253
v 0.207967 0.232627 -0.0133846
vn 0 0.000632391 0.000774649
v 0.195397 0.231387 0.00745612
vn 0.000200494 0.000632391 0.000748253
v 0.195397 0.231387 0.00745612
vn -0.000200494 -0.000632391 -0.000748253
v 0.207967 0.232627 -0.0133846
vn 0 -0.000632391 -0.000774649
v 0.198646 0.240942 0.00591214
vn 0.000200494 0.000632391 0.000748253
v 0.189443 0.234791 0.0276235
vn 0.000387324 0.000632391 0.000670866
v 0.189443 0.234791 0.0276235
vn -0.000387324 -0.000632391 -0.000670866
v 0.198646 0.240942 0.00591214
vn -0.000200494 -0.000632391 -0.000748253
v 0.259524 0.168088 -0.0438901
vn -0.000670866 0.000632391 0.000387324
v 0.259524 0.168088 -0.0438901
vn 0.000670866 -0.000632391 -0.000387324
v 0.28152 0.132832 -0.0251607
vn -0.000774649 0.000632391 0
v 0.28152 0.132832 -0.0251607
vn 0.000774649 -0.000632391 0
v 0.278875 0.118126 -0.00590898
vn -0.000748253 0.000632391 -0.000200494
v 0.278875 0.118126 -0.00590898
vn 0.000748253 -0.000632391 0.000200494
v 0.282551 0.108465 0.0127167
vn -0.000670866 0.000632391 -0.000387324
v 0.28873 0.118719 -0.00851052
vn -0.000748253 0.000632391 -0.000200494
v 0.28873 0.118719 -0.00851052
vn 0.000748253 -0.000632391 0.000200494
v 0.282551 0.108465 0.0127167
vn 0.000670866 -0.000632391 0.000387324
v 0.29315 0.102267 0.0337674
vn -0.00054776 0.000632391 -0.00054776
v 0.28297 0.10288 0.0332693
vn -0.00054776 0.000632391 -0.00054776
v 0.28297 0.10288 0.0332693
vn 0.00054776 -0.000632391 0.00054776
v 0.29315 0.102267 0.0337674
vn 0.00054776 -0.000632391 0.00054776
v 0.290059 0.101049 0.0565134
vn -0.000387324 0.000632391 -0.000670866
v 0.280106 0.101751 0.0543463
vn -0.000387324 0.000632391 -0.000670866
v 0.280106 0.101751 0.0543463
vn 0.000387324 -0.000632391 0.000670866
v 0.290059 0.101049 0.0565134
vn 0.000387324 -0.000632391 0.000670866
v 0.283634 0.104722 0.0782764
vn -0.000200494 0.000632391 -0.000748253
v 0.274152 0.105155 0.0745137
vn -0.000200494 0.000632391 -0.000748253
v 0.274152 0.105155 0.0745137
vn 0.000200494 -0.000632391 0.000748253
v 0.283634 0.104722 0.0782764
vn 0.000200494 -0.000632391 0.000748253
v 0.274313 0.113037 0.0975746
vn 0 0.000632391 -0.000774649
v 0.265515 0.112862 0.0923963
vn 0 0.000632391 -0.000774649
v 0.265515 0.112862 0.0923963
vn 0 -0.000632391 0.000774649
v 0.274313 0.113037 0.0975746
vn 0 -0.000632391 0.000774649
v 0.262732 0.125427 0.11309
vn 0.000200494 0.000632391 -0.000748253
v 0.254783 0.124343 0.106775
vn 0.000200494 0.000632391 -0.000748253
v 0.254783 0.124343 0.106775
vn -0.000200494 -0.000632391 0.000748253
v 0.262732 0.125427 0.11309
vn -0.000200494 -0.000632391 0.000748253
v 0.249679 0.141048 0.123769
vn 0.000387324 0.000632391 -0.000670866
v 0.242687 0.138818 0.11667
vn 0.000387324 0.000632391 -0.000670866
v 0.242687 0.138818 0.11667
vn -0.000387324 -0.000632391 0.000670866
v 0.249679 0.141048 0.123769
vn -0.000387324 -0.000632391 0.000670866
v 0.230052 0.1553 0.121408
vn 0.00054776 0.000632391 -0.00054776
v 0.230052 0.1553 0.121408
vn -0.00054776 -0.000632391 0.00054776
v 0.217739 0.172667 0.120665
vn 0.000670866 0.000632391 -0.000387324
v 0.236044 0.158835 0.128881
vn 0.00054776 0.000632391 -0.00054776
v 0.236044 0.158835 0.128881
vn -0.00054776 -0.000632391 0.00054776
v 0.217739 0.172667 0.120665
vn -0.000670866 -0.000632391 0.000387324
v 0.210722 0.195993 0.121417
vn 0.000748253 0.000632391 -0.000200494
v 0.206587 0.189733 0.114491
vn 0.000748253 0.000632391 -0.000200494
v 0.206587 0.189733 0.114491
vn -0.000748253 -0.000632391 0.000200494
v 0.210722 0.195993 0.121417
vn -0.000748253 -0.000632391 0.000200494
v 0.20076 0.212832 0.109351
vn 0.000774649 0.000632391 0
v 0.197355 0.205338 0.10331
vn 0.000774649 0.000632391 0
v 0.197355 0.205338 0.10331
vn -0.000774649 -0.000632391 0
v 0.20076 0.212832 0.109351
vn -0.000774649 -0.000632391 0
v 0.192221 0.244616 0.0276759
vn 0.000387324 0.000632391 0.000670866
v 0.192221 0.244616 0.0276759
vn -0.000387324 -0.000632391 -0.000670866
v 0.186578 0.233662 0.0487013
vn 0.00054776 0.000632391 0.00054776
v 0.186578 0.233662 0.0487013
vn -0.00054776 -0.000632391 -0.00054776
v 0.259524 0.168088 -0.0438901
vn 2.2923e-05 0.00099965 -1.3235e-05
v 0.246357 0.187316 -0.0480658
vn 1.8717e-05 0.00099965 -1.8717e-05
v 0.246236 0.186829 -0.044692
vn 1.8717e-05 0.00099965 -1.8717e-05
v 0.246236 0.186829 -0.044692
vn -1.8717e-05 -0.00099965 1.8717e-05
v 0.246357 0.187316 -0.0480658
vn -1.8717e-05 -0.00099965 1.8717e-05
v 0.259524 0.168088 -0.0438901
vn -2.2923e-05 -0.00099965 1.3235e-05
v 0.232194 0.205792 -0.0427559
vn 1.3235e-05 0.00099965 -2.2923e-05
v 0.232601 0.204616 -0.0395798
vn 1.3235e-05 0.00099965 -2.2923e-05
v 0.232601 0.204616 -0.0395798
vn -1.3235e-05 -0.00099965 2.2923e-05
v 0.232194 0.205792 -0.0427559
vn -1.3235e-05 -0.00099965 2.2923e-05
v 0.271558 0.149671 -0.0372288
vn 2.5568e-05 0.00099965 -6.851e-06
v 0.260159 0.16785 -0.0472332
vn 2.2923e-05 0.00099965 -1.3235e-05
v 0.260159 0.16785 -0.0472332
vn -2.2923e-05 -0.00099965 1.3235e-05
v 0.271558 0.149671 -0.0372288
vn -2.5568e-05 -0.00099965 6.851e-06
v 0.28152 0.132832 -0.0251607
vn 2.647e-05 0.00099965 0
v 0.27266 0.148719 -0.0403137
vn 2.5568e-05 0.00099965 -6.851e-06
v 0.27266 0.148719 -0.0403137
vn -2.5568e-05 -0.00099965 6.851e-06
v 0.28152 0.132832 -0.0251607
vn -2.647e-05 -0.00099965 -0
v 0.190674 0.218416 0.0878788
vn 0.000748253 0.000632391 0.000200494
v 0.190674 0.218416 0.0878788
vn -0.000748253 -0.000632391 -0.000200494
v 0.292697 0.108294 0.0115888
vn -0.000670866 0.000632391 -0.000387324
v 0.292697 0.108294 0.0115888
vn 0.000670866 -0.000632391 0.000387324
v 0.222756 0.177576 0.128079
vn 0.000670866 0.000632391 -0.000387324
v 0.222756 0.177576 0.128079
vn -0.000670866 -0.000632391 0.000387324
v 0.218635 0.222018 -0.0316642
vn 6.851e-06 0.00099965 -2.5568e-05
v 0.219548 0.220236 -0.0289018
vn 6.851e-06 0.00099965 -2.5568e-05
v 0.219548 0.220236 -0.0289018
vn -6.851e-06 -0.00099965 2.5568e-05
v 0.218635 0.222018 -0.0316642
vn -6.851e-06 -0.00099965 2.5568e-05
v 0.206606 0.234887 -0.0155464
vn 0 0.00099965 -2.647e-05
v 0.207967 0.232627 -0.0133846
vn 0 0.00099965 -2.647e-05
v 0.207967 0.232627 -0.0133846
vn 0 -0.00099965 2.647e-05
v 0.206606 0.234887 -0.0155464
vn 0 -0.00099965 2.647e-05
v 0.198646 0.240942 0.00591214
vn -6.851e-06 0.00099965 -2.5568e-05
v 0.198646 0.240942 0.00591214
vn 6.851e-06 -0.00099965 2.5568e-05
v 0.196924 0.243525 0.00449785
vn -6.851e-06 0.00099965 -2.5568e-05
v 0.192221 0.244616 0.0276759
vn -1.3235e-05 0.00099965 -2.2923e-05
v 0.192221 0.244616 0.0276759
vn 1.3235e-05 -0.00099965 2.2923e-05
v 0.196924 0.243525 0.00449785
vn 6.851e-06 -0.00099965 2.5568e-05
v 0.18913 0.243397 0.0504219
vn 0.00054776 0.000632391 0.00054776
v 0.18913 0.243397 0.0504219
vn -0.00054776 -0.000632391 -0.00054776
v 0.186998 0.228077 0.0692539
vn 0.000670866 0.000632391 0.000387324
v 0.186998 0.228077 0.0692539
vn -0.000670866 -0.000632391 -0.000387324
v 0.19355 0.226945 0.0926991
vn 0.000748253 0.000632391 0.000200494
v 0.19355 0.226945 0.0926991
vn -0.000748253 -0.000632391 -0.000200494
v 0.283007 0.131228 -0.0277785
vn 2.647e-05 0.00099965 0
v 0.283007 0.131228 -0.0277785
vn -2.647e-05 -0.00099965 -0
v 0.290497 0.116568 -0.0104834
vn 2.5568e-05 0.00099965 6.851e-06
v 0.28873 0.118719 -0.00851052
vn 2.5568e-05 0.00099965 6.851e-06
v 0.28873 0.118719 -0.00851052
vn -2.5568e-05 -0.00099965 -6.851e-06
v 0.290497 0.116568 -0.0104834
vn -2.5568e-05 -0.00099965 -6.851e-06
v 0.294617 0.10574 0.0103943
vn 2.2923e-05 0.00099965 1.3235e-05
v 0.292697 0.108294 0.0115888
vn 2.2923e-05 0.00099965 1.3235e-05
v 0.292697 0.108294 0.0115888
vn -2.2923e-05 -0.00099965 -1.3235e-05
v 0.294617 0.10574 0.0103943
vn -2.2923e-05 -0.00099965 -1.3235e-05
v 0.295087 0.0994791 0.0334323
vn 1.8717e-05 0.00099965 1.8717e-05
v 0.29315 0.102267 0.0337674
vn 1.8717e-05 0.00099965 1.8717e-05
v 0.29315 0.102267 0.0337674
vn -1.8717e-05 -0.00099965 -1.8717e-05
v 0.295087 0.0994791 0.0334323
vn -1.8717e-05 -0.00099965 -1.8717e-05
v 0.291876 0.098214 0.0570584
vn 1.3235e-05 0.00099965 2.2923e-05
v 0.290059 0.101049 0.0565134
vn 1.3235e-05 0.00099965 2.2923e-05
v 0.290059 0.101049 0.0565134
vn -1.3235e-05 -0.00099965 -2.2923e-05
v 0.291876 0.098214 0.0570584
vn -1.3235e-05 -0.00099965 -2.2923e-05
v 0.285203 0.10203 0.0796648
vn 6.851e-06 0.00099965 2.5568e-05
v 0.283634 0.104722 0.0782764
vn 6.851e-06 0.00099965 2.5568e-05
v 0.283634 0.104722 0.0782764
vn -6.851e-06 -0.00099965 -2.5568e-05
v 0.285203 0.10203 0.0796648
vn -6.851e-06 -0.00099965 -2.5568e-05
v 0.274313 0.113037 0.0975746
vn 0 0.00099965 2.647e-05
v 0.274313 0.113037 0.0975746
vn 0 -0.00099965 -2.647e-05
v 0.262732 0.125427 0.11309
vn -6.851e-06 0.00099965 2.5568e-05
v 0.275521 0.110667 0.0997091
vn 0 0.00099965 2.647e-05
v 0.275521 0.110667 0.0997091
vn 0 -0.00099965 -2.647e-05
v 0.262732 0.125427 0.11309
vn 6.851e-06 -0.00099965 -2.5568e-05
v 0.249679 0.141048 0.123769
vn -1.3235e-05 0.00099965 2.2923e-05
v 0.263491 0.123537 0.115827
vn -6.851e-06 0.00099965 2.5568e-05
v 0.263491 0.123537 0.115827
vn 6.851e-06 -0.00099965 -2.5568e-05
v 0.249679 0.141048 0.123769
vn 1.3235e-05 -0.00099965 -2.2923e-05
v 0.236044 0.158835 0.128881
vn -1.8717e-05 0.00099965 1.8717e-05
v 0.249933 0.139763 0.126919
vn -1.3235e-05 0.00099965 2.2923e-05
v 0.249933 0.139763 0.126919
vn 1.3235e-05 -0.00099965 -2.2923e-05
v 0.236044 0.158835 0.128881
vn 1.8717e-05 -0.00099965 -1.8717e-05
v 0.222756 0.177576 0.128079
vn -2.2923e-05 0.00099965 1.3235e-05
v 0.23577 0.158238 0.132229
vn -1.8717e-05 0.00099965 1.8717e-05
v 0.23577 0.158238 0.132229
vn 1.8717e-05 -0.00099965 -1.8717e-05
v 0.222756 0.177576 0.128079
vn 2.2923e-05 -0.00099965 -1.3235e-05
v 0.210722 0.195993 0.121417
vn -2.5568e-05 0.00099965 6.851e-06
v 0.221968 0.177705 0.131396
vn -2.2923e-05 0.00099965 1.3235e-05
v 0.221968 0.177705 0.131396
vn 2.2923e-05 -0.00099965 -1.3235e-05
v 0.210722 0.195993 0.121417
vn 2.5568e-05 -0.00099965 -6.851e-06
v 0.20076 0.212832 0.109351
vn -2.647e-05 0.00099965 0
v 0.209467 0.196835 0.124476
vn -2.5568e-05 0.00099965 6.851e-06
v 0.209467 0.196835 0.124476
vn 2.5568e-05 -0.00099965 -6.851e-06
v 0.20076 0.212832 0.109351
vn 2.647e-05 -0.00099965 0
v 0.19025 0.247341 0.0271043
vn -1.3235e-05 0.00099965 -2.2923e-05
v 0.19025 0.247341 0.0271043
vn 1.3235e-05 -0.00099965 2.2923e-05
v 0.18913 0.243397 0.0504219
vn -1.8717e-05 0.00099965 -1.8717e-05
v 0.18913 0.243397 0.0504219
vn 1.8717e-05 -0.00099965 1.8717e-05
v 0.189584 0.23737 0.0725997
vn 0.000670866 0.000632391 0.000387324
v 0.189584 0.23737 0.0725997
vn -0.000670866 -0.000632391 -0.000387324
v 0.260159 0.16785 -0.0472332
vn -0.000300071 0.000938053 0.000173246
v 0.247121 0.188115 -0.0500674
vn -0.000245007 0.000938053 0.000245007
v 0.246357 0.187316 -0.0480658
vn -0.000245007 0.000938053 0.000245007
v 0.246357 0.187316 -0.0480658
vn 0.000245007 -0.000938053 -0.000245007
v 0.247121 0.188115 -0.0500674
vn 0.000245007 -0.000938053 -0.000245007
v 0.260159 0.16785 -0.0472332
vn 0.000300071 -0.000938053 -0.000173246
v 0.232626 0.207024 -0.0446325
vn -0.000173246 0.000938053 0.000300071
v 0.232194 0.205792 -0.0427559
vn -0.000173246 0.000938053 0.000300071
v 0.232194 0.205792 -0.0427559
vn 0.000173246 -0.000938053 -0.000300071
v 0.232626 0.207024 -0.0446325
vn 0.000173246 -0.000938053 -0.000300071
v 0.21875 0.22363 -0.0332808
vn -8.9679e-05 0.000938053 0.000334686
v 0.218635 0.222018 -0.0316642
vn -8.9679e-05 0.000938053 0.000334686
v 0.218635 0.222018 -0.0316642
vn 8.9679e-05 -0.000938053 -0.000334686
v 0.21875 0.22363 -0.0332808
vn 8.9679e-05 -0.000938053 -0.000334686
v 0.27266 0.148719 -0.0403137
vn -0.000334686 0.000938053 8.9679e-05
v 0.261246 0.168193 -0.0492146
vn -0.000300071 0.000938053 0.000173246
v 0.261246 0.168193 -0.0492146
vn 0.000300071 -0.000938053 -0.000173246
v 0.27266 0.148719 -0.0403137
vn 0.000334686 -0.000938053 -8.9679e-05
v 0.283007 0.131228 -0.0277785
vn -0.000346492 0.000938053 0
v 0.27404 0.148614 -0.0421329
vn -0.000334686 0.000938053 8.9679e-05
v 0.27404 0.148614 -0.0421329
vn 0.000334686 -0.000938053 -8.9679e-05
v 0.283007 0.131228 -0.0277785
vn 0.000346492 -0.000938053 0
v 0.191631 0.228985 0.0946459
vn -2.5568e-05 0.00099965 -6.851e-06
v 0.19355 0.226945 0.0926991
vn -2.5568e-05 0.00099965 -6.851e-06
v 0.19355 0.226945 0.0926991
vn 2.5568e-05 -0.00099965 6.851e-06
v 0.191631 0.228985 0.0946459
vn 2.5568e-05 -0.00099965 6.851e-06
v 0.19912 0.214325 0.111941
vn -2.647e-05 0.00099965 0
v 0.19912 0.214325 0.111941
vn 2.647e-05 -0.00099965 0
v 0.206438 0.236802 -0.0167857
vn 0 0.000938053 0.000346492
v 0.206606 0.234887 -0.0155464
vn 0 0.000938053 0.000346492
v 0.206606 0.234887 -0.0155464
vn 0 -0.000938053 -0.000346492
v 0.206438 0.236802 -0.0167857
vn 0 -0.000938053 -0.000346492
v 0.196924 0.243525 0.00449785
vn 8.9679e-05 0.000938053 0.000334686
v 0.196924 0.243525 0.00449785
vn -8.9679e-05 -0.000938053 -0.000334686
v 0.196529 0.245641 0.00372906
vn 8.9679e-05 0.000938053 0.000334686
v 0.19025 0.247341 0.0271043
vn 0.000173246 0.000938053 0.000300071
v 0.19025 0.247341 0.0271043
vn -0.000173246 -0.000938053 -0.000300071
v 0.196529 0.245641 0.00372906
vn -8.9679e-05 -0.000938053 -0.000334686
v 0.18704 0.246075 0.050731
vn -1.8717e-05 0.00099965 -1.8717e-05
v 0.18704 0.246075 0.050731
vn 1.8717e-05 -0.00099965 1.8717e-05
v 0.189584 0.23737 0.0725997
vn -2.2923e-05 0.00099965 -1.3235e-05
v 0.189584 0.23737 0.0725997
vn 2.2923e-05 -0.00099965 1.3235e-05
v 0.18751 0.239815 0.0737684
vn -2.2923e-05 0.00099965 -1.3235e-05
v 0.18751 0.239815 0.0737684
vn 2.2923e-05 -0.00099965 1.3235e-05
v 0.292295 0.11571 -0.0116033
vn -0.000334686 0.000938053 -8.9679e-05
v 0.290497 0.116568 -0.0104834
vn -0.000334686 0.000938053 -8.9679e-05
v 0.290497 0.116568 -0.0104834
vn 0.000334686 -0.000938053 8.9679e-05
v 0.292295 0.11571 -0.0116033
vn 0.000334686 -0.000938053 8.9679e-05
v 0.28463 0.130713 -0.0293046
vn -0.000346492 0.000938053 0
v 0.28463 0.130713 -0.0293046
vn 0.000346492 -0.000938053 0
v 0.296511 0.104627 0.00976362
vn -0.000300071 0.000938053 -0.000173246
v 0.294617 0.10574 0.0103943
vn -0.000300071 0.000938053 -0.000173246
v 0.294617 0.10574 0.0103943
vn 0.000300071 -0.000938053 0.000173246
v 0.296511 0.104627 0.00976362
vn 0.000300071 -0.000938053 0.000173246
v 0.296993 0.0982201 0.0333404
vn -0.000245007 0.000938053 -0.000245007
v 0.295087 0.0994791 0.0334323
vn -0.000245007 0.000938053 -0.000245007
v 0.295087 0.0994791 0.0334323
vn 0.000245007 -0.000938053 0.000245007
v 0.296993 0.0982201 0.0333404
vn 0.000245007 -0.000938053 0.000245007
v 0.293707 0.0969245 0.0575211
vn -0.000173246 0.000938053 -0.000300071
v 0.291876 0.098214 0.0570584
vn -0.000173246 0.000938053 -0.000300071
v 0.291876 0.098214 0.0570584
vn 0.000173246 -0.000938053 0.000300071
v 0.293707 0.0969245 0.0575211
vn 0.000173246 -0.000938053 0.000300071
v 0.286877 0.10083 0.0806566
vn -8.9679e-05 0.000938053 -0.000334686
v 0.285203 0.10203 0.0796648
vn -8.9679e-05 0.000938053 -0.000334686
v 0.285203 0.10203 0.0796648
vn 8.9679e-05 -0.000938053 0.000334686
v 0.286877 0.10083 0.0806566
vn 8.9679e-05 -0.000938053 0.000334686
v 0.275521 0.110667 0.0997091
vn 0 0.000938053 -0.000346492
v 0.275521 0.110667 0.0997091
vn 0 -0.000938053 0.000346492
v 0.263491 0.123537 0.115827
vn 8.9679e-05 0.000938053 -0.000334686
v 0.276969 0.10967 0.101171
vn 0 0.000938053 -0.000346492
v 0.276969 0.10967 0.101171
vn 0 -0.000938053 0.000346492
v 0.263491 0.123537 0.115827
vn -8.9679e-05 -0.000938053 0.000334686
v 0.249933 0.139763 0.126919
vn 0.000173246 0.000938053 -0.000300071
v 0.264657 0.122842 0.117666
vn 8.9679e-05 0.000938053 -0.000334686
v 0.264657 0.122842 0.117666
vn -8.9679e-05 -0.000938053 0.000334686
v 0.249933 0.139763 0.126919
vn -0.000173246 -0.000938053 0.000300071
v 0.23577 0.158238 0.132229
vn 0.000245007 0.000938053 -0.000245007
v 0.250781 0.139447 0.129019
vn 0.000173246 0.000938053 -0.000300071
v 0.250781 0.139447 0.129019
vn -0.000173246 -0.000938053 0.000300071
v 0.23577 0.158238 0.132229
vn -0.000245007 -0.000938053 0.000245007
v 0.221968 0.177705 0.131396
vn 0.000300071 0.000938053 -0.000173246
v 0.236286 0.158356 0.134453
vn 0.000245007 0.000938053 -0.000245007
v 0.236286 0.158356 0.134453
vn -0.000245007 -0.000938053 0.000245007
v 0.221968 0.177705 0.131396
vn -0.000300071 -0.000938053 0.000173246
v 0.209467 0.196835 0.124476
vn 0.000334686 0.000938053 -8.9679e-05
v 0.22216 0.178279 0.1336
vn 0.000300071 0.000938053 -0.000173246
v 0.22216 0.178279 0.1336
vn -0.000300071 -0.000938053 0.000173246
v 0.209467 0.196835 0.124476
vn -0.000334686 -0.000938053 8.9679e-05
v 0.19912 0.214325 0.111941
vn 0.000346492 0.000938053 0
v 0.209367 0.197857 0.126518
vn 0.000334686 0.000938053 -8.9679e-05
v 0.209367 0.197857 0.126518
vn -0.000334686 -0.000938053 8.9679e-05
v 0.19912 0.214325 0.111941
vn -0.000346492 -0.000938053 0
v 0.189699 0.249546 0.0268652
vn 0.000173246 0.000938053 0.000300071
v 0.189699 0.249546 0.0268652
vn -0.000173246 -0.000938053 -0.000300071
v 0.18704 0.246075 0.050731
vn 0.000245007 0.000938053 0.000245007
v 0.18704 0.246075 0.050731
vn -0.000245007 -0.000938053 -0.000245007
v 0.261246 0.168193 -0.0492146
vn -0.000476058 0.000835359 0.000274852
v 0.247683 0.188631 -0.0509218
vn -0.0003887 0.000835359 0.0003887
v 0.247121 0.188115 -0.0500674
vn -0.0003887 0.000835359 0.0003887
v 0.247121 0.188115 -0.0500674
vn 0.0003887 -0.000835359 -0.0003887
v 0.247683 0.188631 -0.0509218
vn 0.0003887 -0.000835359 -0.0003887
v 0.261246 0.168193 -0.0492146
vn 0.000476058 -0.000835359 -0.000274852
v 0.23304 0.207733 -0.0454322
vn -0.000274852 0.000835359 0.000476058
v 0.232626 0.207024 -0.0446325
vn -0.000274852 0.000835359 0.000476058
v 0.232626 0.207024 -0.0446325
vn 0.000274852 -0.000835359 -0.000476058
v 0.23304 0.207733 -0.0454322
vn 0.000274852 -0.000835359 -0.000476058
v 0.219023 0.224508 -0.033964
vn -0.000142274 0.000835359 0.000530974
v 0.21875 0.22363 -0.0332808
vn -0.000142274 0.000835359 0.000530974
v 0.21875 0.22363 -0.0332808
vn 0.000142274 -0.000835359 -0.000530974
v 0.219023 0.224508 -0.033964
vn 0.000142274 -0.000835359 -0.000530974
v 0.206584 0.237815 -0.0173003
vn 0 0.000835359 0.000549705
v 0.206438 0.236802 -0.0167857
vn 0 0.000835359 0.000549705
v 0.206438 0.236802 -0.0167857
vn 0 -0.000835359 -0.000549705
v 0.206584 0.237815 -0.0173003
vn 0 -0.000835359 -0.000549705
v 0.27404 0.148614 -0.0421329
vn -0.000530974 0.000835359 0.000142274
v 0.261953 0.168505 -0.0500612
vn -0.000476058 0.000835359 0.000274852
v 0.261953 0.168505 -0.0500612
vn 0.000476058 -0.000835359 -0.000274852
v 0.27404 0.148614 -0.0421329
vn 0.000530974 -0.000835359 -0.000142274
v 0.28463 0.130713 -0.0293046
vn -0.000549705 0.000835359 0
v 0.274878 0.148726 -0.0429065
vn -0.000530974 0.000835359 0.000142274
v 0.274878 0.148726 -0.0429065
vn 0.000530974 -0.000835359 -0.000142274
v 0.28463 0.130713 -0.0293046
vn 0.000549705 -0.000835359 0
v 0.191112 0.230761 0.0959888
vn 0.000334686 0.000938053 8.9679e-05
v 0.191631 0.228985 0.0946459
vn 0.000334686 0.000938053 8.9679e-05
v 0.191631 0.228985 0.0946459
vn -0.000334686 -0.000938053 -8.9679e-05
v 0.191112 0.230761 0.0959888
vn -0.000334686 -0.000938053 -8.9679e-05
v 0.186895 0.241844 0.0746221
vn 0.000300071 0.000938053 0.000173246
v 0.18751 0.239815 0.0737684
vn 0.000300071 0.000938053 0.000173246
v 0.18751 0.239815 0.0737684
vn -0.000300071 -0.000938053 -0.000173246
v 0.186895 0.241844 0.0746221
vn -0.000300071 -0.000938053 -0.000173246
v 0.198777 0.215758 0.11369
vn 0.000346492 0.000938053 0
v 0.198777 0.215758 0.11369
vn -0.000346492 -0.000938053 0
v 0.196529 0.245641 0.00372906
vn 0.000142274 0.000835359 0.000530974
v 0.196529 0.245641 0.00372906
vn -0.000142274 -0.000835359 -0.000530974
v 0.196575 0.246745 0.00342468
vn 0.000142274 0.000835359 0.000530974
v 0.189699 0.249546 0.0268652
vn 0.000274852 0.000835359 0.000476058
v 0.189699 0.249546 0.0268652
vn -0.000274852 -0.000835359 -0.000476058
v 0.196575 0.246745 0.00342468
vn -0.000142274 -0.000835359 -0.000530974
v 0.186413 0.248251 0.0510453
vn 0.000245007 0.000938053 0.000245007
v 0.186413 0.248251 0.0510453
vn -0.000245007 -0.000938053 -0.000245007
v 0.293319 0.115485 -0.012065
vn -0.000530974 0.000835359 -0.000142274
v 0.292295 0.11571 -0.0116033
vn -0.000530974 0.000835359 -0.000142274
v 0.292295 0.11571 -0.0116033
vn 0.000530974 -0.000835359 0.000142274
v 0.293319 0.115485 -0.012065
vn 0.000530974 -0.000835359 0.000142274
v 0.297579 0.104289 0.0095206
vn -0.000476058 0.000835359 -0.000274852
v 0.296511 0.104627 0.00976362
vn -0.000476058 0.000835359 -0.000274852
v 0.296511 0.104627 0.00976362
vn 0.000476058 -0.000835359 0.000274852
v 0.297579 0.104289 0.0095206
vn 0.000476058 -0.000835359 0.000274852
v 0.285576 0.130641 -0.0299471
vn -0.000549705 0.000835359 0
v 0.285576 0.130641 -0.0299471
vn 0.000549705 -0.000835359 0
v 0.298066 0.097816 0.0333396
vn -0.0003887 0.000835359 -0.0003887
v 0.296993 0.0982201 0.0333404
vn -0.0003887 0.000835359 -0.0003887
v 0.296993 0.0982201 0.0333404
vn 0.0003887 -0.000835359 0.0003887
v 0.298066 0.097816 0.0333396
vn 0.0003887 -0.000835359 0.0003887
v 0.294746 0.0965077 0.0577667
vn -0.000274852 0.000835359 -0.000476058
v 0.293707 0.0969245 0.0575211
vn -0.000274852 0.000835359 -0.000476058
v 0.293707 0.0969245 0.0575211
vn 0.000274852 -0.000835359 0.000476058
v 0.294746 0.0965077 0.0577667
vn 0.000274852 -0.000835359 0.000476058
v 0.287846 0.100453 0.0811384
vn -0.000142274 0.000835359 -0.000530974
v 0.286877 0.10083 0.0806566
vn -0.000142274 0.000835359 -0.000530974
v 0.286877 0.10083 0.0806566
vn 0.000142274 -0.000835359 0.000530974
v 0.287846 0.100453 0.0811384
vn 0.000142274 -0.000835359 0.000530974
v 0.276969 0.10967 0.101171
vn 0 0.000835359 -0.000549705
v 0.276969 0.10967 0.101171
vn 0 -0.000835359 0.000549705
v 0.264657 0.122842 0.117666
vn 0.000142274 0.000835359 -0.000530974
v 0.277836 0.109383 0.101863
vn 0 0.000835359 -0.000549705
v 0.277836 0.109383 0.101863
vn 0 -0.000835359 0.000549705
v 0.264657 0.122842 0.117666
vn -0.000142274 -0.000835359 0.000530974
v 0.250781 0.139447 0.129019
vn 0.000274852 0.000835359 -0.000476058
v 0.265398 0.12269 0.118527
vn 0.000142274 0.000835359 -0.000530974
v 0.265398 0.12269 0.118527
vn -0.000142274 -0.000835359 0.000530974
v 0.250781 0.139447 0.129019
vn -0.000274852 -0.000835359 0.000476058
v 0.236286 0.158356 0.134453
vn 0.0003887 0.000835359 -0.0003887
v 0.251381 0.139465 0.129995
vn 0.000274852 0.000835359 -0.000476058
v 0.251381 0.139465 0.129995
vn -0.000274852 -0.000835359 0.000476058
v 0.236286 0.158356 0.134453
vn -0.0003887 -0.000835359 0.0003887
v 0.22216 0.178279 0.1336
vn 0.000476058 0.000835359 -0.000274852
v 0.236738 0.158567 0.135486
vn 0.0003887 0.000835359 -0.0003887
v 0.236738 0.158567 0.135486
vn -0.0003887 -0.000835359 0.0003887
v 0.22216 0.178279 0.1336
vn -0.000476058 -0.000835359 0.000274852
v 0.209367 0.197857 0.126518
vn 0.000530974 0.000835359 -0.000142274
v 0.222468 0.178693 0.134624
vn 0.000476058 0.000835359 -0.000274852
v 0.222468 0.178693 0.134624
vn -0.000476058 -0.000835359 0.000274852
v 0.209367 0.197857 0.126518
vn -0.000530974 -0.000835359 0.000142274
v 0.198777 0.215758 0.11369
vn 0.000549705 0.000835359 0
v 0.209543 0.198472 0.127469
vn 0.000530974 0.000835359 -0.000142274
v 0.209543 0.198472 0.127469
vn -0.000530974 -0.000835359 0.000142274
v 0.198777 0.215758 0.11369
vn -0.000549705 -0.000835359 -0
v 0.189675 0.25069 0.0267957
vn 0.000274852 0.000835359 0.000476058
v 0.189675 0.25069 0.0267957
vn -0.000274852 -0.000835359 -0.000476058
v 0.186413 0.248251 0.0510453
vn 0.0003887 0.000835359 0.0003887
v 0.186413 0.248251 0.0510453
vn -0.0003887 -0.000835359 -0.0003887
v 0.261953 0.168505 -0.0500612
vn -0.000580187 0.000742413 0.000334971
v 0.248352 0.189211 -0.0516529
vn -0.000473721 0.000742413 0.000473721
v 0.247683 0.188631 -0.0509218
vn -0.000473721 0.000742413 0.000473721
v 0.247683 0.188631 -0.0509218
vn 0.000473721 -0.000742413 -0.000473721
v 0.248352 0.189211 -0.0516529
vn 0.000473721 -0.000742413 -0.000473721
v 0.261953 0.168505 -0.0500612
vn 0.000580187 -0.000742413 -0.000334971
v 0.233578 0.208484 -0.0461133
vn -0.000334971 0.000742413 0.000580187
v 0.23304 0.207733 -0.0454322
vn -0.000334971 0.000742413 0.000580187
v 0.23304 0.207733 -0.0454322
vn 0.000334971 -0.000742413 -0.000580187
v 0.233578 0.208484 -0.0461133
vn 0.000334971 -0.000742413 -0.000580187
v 0.219433 0.225411 -0.0345426
vn -0.000173394 0.000742413 0.000647115
v 0.219023 0.224508 -0.033964
vn -0.000173394 0.000742413 0.000647115
v 0.219023 0.224508 -0.033964
vn 0.000173394 -0.000742413 -0.000647115
v 0.219433 0.225411 -0.0345426
vn 0.000173394 -0.000742413 -0.000647115
v 0.206884 0.238837 -0.0177285
vn 0 0.000742413 0.000669943
v 0.206584 0.237815 -0.0173003
vn 0 0.000742413 0.000669943
v 0.206584 0.237815 -0.0173003
vn 0 -0.000742413 -0.000669943
v 0.206884 0.238837 -0.0177285
vn 0 -0.000742413 -0.000669943
v 0.274878 0.148726 -0.0429065
vn -0.000647115 0.000742413 0.000173394
v 0.262751 0.168903 -0.0507839
vn -0.000580187 0.000742413 0.000334971
v 0.262751 0.168903 -0.0507839
vn 0.000580187 -0.000742413 -0.000334971
v 0.274878 0.148726 -0.0429065
vn 0.000647115 -0.000742413 -0.000173394
v 0.285576 0.130641 -0.0299471
vn -0.000669943 0.000742413 0
v 0.275791 0.148946 -0.043565
vn -0.000647115 0.000742413 0.000173394
v 0.275791 0.148946 -0.043565
vn 0.000647115 -0.000742413 -0.000173394
v 0.285576 0.130641 -0.0299471
vn 0.000669943 -0.000742413 0
v 0.191102 0.231713 0.0966274
vn 0.000530974 0.000835359 0.000142274
v 0.191112 0.230761 0.0959888
vn 0.000530974 0.000835359 0.000142274
v 0.191112 0.230761 0.0959888
vn -0.000530974 -0.000835359 -0.000142274
v 0.191102 0.231713 0.0966274
vn -0.000530974 -0.000835359 -0.000142274
v 0.186842 0.242909 0.0750418
vn 0.000476058 0.000835359 0.000274852
v 0.186895 0.241844 0.0746221
vn 0.000476058 0.000835359 0.000274852
v 0.186895 0.241844 0.0746221
vn -0.000476058 -0.000835359 -0.000274852
v 0.186842 0.242909 0.0750418
vn -0.000476058 -0.000835359 -0.000274852
v 0.186355 0.249382 0.0512242
vn 0.0003887 0.000835359 0.0003887
v 0.186355 0.249382 0.0512242
vn -0.0003887 -0.000835359 -0.0003887
v 0.198845 0.216556 0.114509
vn 0.000549705 0.000835359 0
v 0.198845 0.216556 0.114509
vn -0.000549705 -0.000835359 -0
v 0.196575 0.246745 0.00342468
vn 0.000173394 0.000742413 0.000647115
v 0.196575 0.246745 0.00342468
vn -0.000173394 -0.000742413 -0.000647115
v 0.196783 0.247847 0.00318218
vn 0.000173394 0.000742413 0.000647115
v 0.189675 0.25069 0.0267957
vn 0.000334971 0.000742413 0.000580187
v 0.189675 0.25069 0.0267957
vn -0.000334971 -0.000742413 -0.000580187
v 0.196783 0.247847 0.00318218
vn -0.000173394 -0.000742413 -0.000647115
v 0.294398 0.115407 -0.0124462
vn -0.000647115 0.000742413 -0.000173394
v 0.293319 0.115485 -0.012065
vn -0.000647115 0.000742413 -0.000173394
v 0.293319 0.115485 -0.012065
vn 0.000647115 -0.000742413 0.000173394
v 0.294398 0.115407 -0.0124462
vn 0.000647115 -0.000742413 0.000173394
v 0.298697 0.10411 0.00933347
vn -0.000580187 0.000742413 -0.000334971
v 0.297579 0.104289 0.0095206
vn -0.000580187 0.000742413 -0.000334971
v 0.297579 0.104289 0.0095206
vn 0.000580187 -0.000742413 0.000334971
v 0.298697 0.10411 0.00933347
vn 0.000580187 -0.000742413 0.000334971
v 0.299188 0.0975784 0.0333665
vn -0.000473721 0.000742413 -0.000473721
v 0.298066 0.097816 0.0333396
vn -0.000473721 0.000742413 -0.000473721
v 0.298066 0.097816 0.0333396
vn 0.000473721 -0.000742413 0.000473721
v 0.299188 0.0975784 0.0333665
vn 0.000473721 -0.000742413 0.000473721
v 0.286586 0.130699 -0.0304891
vn -0.000669943 0.000742413 0
v 0.286586 0.130699 -0.0304891
vn 0.000669943 -0.000742413 0
v 0.295838 0.0962585 0.058013
vn -0.000334971 0.000742413 -0.000580187
v 0.294746 0.0965077 0.0577667
vn -0.000334971 0.000742413 -0.000580187
v 0.294746 0.0965077 0.0577667
vn 0.000334971 -0.000742413 0.000580187
v 0.295838 0.0962585 0.058013
vn 0.000334971 -0.000742413 0.000580187
v 0.288877 0.100239 0.0815962
vn -0.000173394 0.000742413 -0.000647115
v 0.287846 0.100453 0.0811384
vn -0.000173394 0.000742413 -0.000647115
v 0.287846 0.100453 0.0811384
vn 0.000173394 -0.000742413 0.000647115
v 0.288877 0.100239 0.0815962
vn 0.000173394 -0.000742413 0.000647115
v 0.277836 0.109383 0.101863
vn 0 0.000742413 -0.000669943
v 0.277836 0.109383 0.101863
vn 0 -0.000742413 0.000669943
v 0.265398 0.12269 0.118527
vn 0.000173394 0.000742413 -0.000647115
v 0.278776 0.109249 0.102507
vn 0 0.000742413 -0.000669943
v 0.278776 0.109249 0.102507
vn 0 -0.000742413 0.000669943
v 0.265398 0.12269 0.118527
vn -0.000173394 -0.000742413 0.000647115
v 0.251381 0.139465 0.129995
vn 0.000334971 0.000742413 -0.000580187
v 0.266227 0.122675 0.119321
vn 0.000173394 0.000742413 -0.000647115
v 0.266227 0.122675 0.119321
vn -0.000173394 -0.000742413 0.000647115
v 0.251381 0.139465 0.129995
vn -0.000334971 -0.000742413 0.000580187
v 0.236738 0.158567 0.135486
vn 0.000473721 0.000742413 -0.000473721
v 0.252082 0.139603 0.130892
vn 0.000334971 0.000742413 -0.000580187
v 0.252082 0.139603 0.130892
vn -0.000334971 -0.000742413 0.000580187
v 0.236738 0.158567 0.135486
vn -0.000473721 -0.000742413 0.000473721
v 0.222468 0.178693 0.134624
vn 0.000580187 0.000742413 -0.000334971
v 0.237308 0.158876 0.136431
vn 0.000473721 0.000742413 -0.000473721
v 0.237308 0.158876 0.136431
vn -0.000473721 -0.000742413 0.000473721
v 0.222468 0.178693 0.134624
vn -0.000580187 -0.000742413 0.000334971
v 0.209543 0.198472 0.127469
vn 0.000647115 0.000742413 -0.000173394
v 0.22291 0.179183 0.135562
vn 0.000580187 0.000742413 -0.000334971
v 0.22291 0.179183 0.135562
vn -0.000580187 -0.000742413 0.000334971
v 0.209543 0.198472 0.127469
vn -0.000647115 -0.000742413 0.000173394
v 0.198845 0.216556 0.114509
vn 0.000669943 0.000742413 0
v 0.209869 0.19914 0.128343
vn 0.000647115 0.000742413 -0.000173394
v 0.209869 0.19914 0.128343
vn -0.000647115 -0.000742413 0.000173394
v 0.198845 0.216556 0.114509
vn -0.000669943 -0.000742413 0
v 0.189822 0.251828 0.0267654
vn 0.000334971 0.000742413 0.000580187
v 0.189822 0.251828 0.0267654
vn -0.000334971 -0.000742413 -0.000580187
v 0.186355 0.249382 0.0512242
vn 0.000473721 0.000742413 0.000473721
v 0.186355 0.249382 0.0512242
vn -0.000473721 -0.000742413 -0.000473721
v 0.262751 0.168903 -0.0507839
vn -0.000670916 0.00063232 0.000387354
v 0.249107 0.189836 -0.0522432
vn -0.000547801 0.00063232 0.000547801
v 0.248352 0.189211 -0.0516529
vn -0.000547801 0.00063232 0.000547801
v 0.248352 0.189211 -0.0516529
vn 0.000547801 -0.00063232 -0.000547801
v 0.249107 0.189836 -0.0522432
vn 0.000547801 -0.00063232 -0.000547801
v 0.262751 0.168903 -0.0507839
vn 0.000670916 -0.00063232 -0.000387354
v 0.23422 0.209255 -0.0466607
vn -0.000387354 0.00063232 0.000670916
v 0.233578 0.208484 -0.0461133
vn -0.000387354 0.00063232 0.000670916
v 0.233578 0.208484 -0.0461133
vn 0.000387354 -0.00063232 -0.000670916
v 0.23422 0.209255 -0.0466607
vn 0.000387354 -0.00063232 -0.000670916
v 0.219433 0.225411 -0.0345426
vn -0.000200509 0.00063232 0.00074831
v 0.219433 0.225411 -0.0345426
vn 0.000200509 -0.00063232 -0.00074831
v 0.219968 0.226311 -0.0350017
vn -0.000200509 0.00063232 0.00074831
v 0.206884 0.238837 -0.0177285
vn 0 0.00063232 0.000774708
v 0.206884 0.238837 -0.0177285
vn 0 -0.00063232 -0.000774708
v 0.219968 0.226311 -0.0350017
vn 0.000200509 -0.00063232 -0.00074831
v 0.276754 0.149266 -0.0440939
vn -0.00074831 0.00063232 0.000200509
v 0.275791 0.148946 -0.043565
vn -0.00074831 0.00063232 0.000200509
v 0.275791 0.148946 -0.043565
vn 0.00074831 -0.00063232 -0.000200509
v 0.276754 0.149266 -0.0440939
vn 0.00074831 -0.00063232 -0.000200509
v 0.286586 0.130699 -0.0304891
vn -0.000774708 0.00063232 0
v 0.286586 0.130699 -0.0304891
vn 0.000774708 -0.00063232 0
v 0.191262 0.23268 0.0972246
vn 0.000647115 0.000742413 0.000173394
v 0.191102 0.231713 0.0966274
vn 0.000647115 0.000742413 0.000173394
v 0.191102 0.231713 0.0966274
vn -0.000647115 -0.000742413 -0.000173394
v 0.191262 0.23268 0.0972246
vn -0.000647115 -0.000742413 -0.000173394
v 0.186964 0.243976 0.0754442
vn 0.000580187 0.000742413 0.000334971
v 0.186842 0.242909 0.0750418
vn 0.000580187 0.000742413 0.000334971
v 0.186842 0.242909 0.0750418
vn -0.000580187 -0.000742413 -0.000334971
v 0.186964 0.243976 0.0754442
vn -0.000580187 -0.000742413 -0.000334971
v 0.186472 0.250508 0.0514119
vn 0.000473721 0.000742413 0.000473721
v 0.186472 0.250508 0.0514119
vn -0.000473721 -0.000742413 -0.000473721
v 0.199075 0.217386 0.115267
vn 0.000669943 0.000742413 0
v 0.199075 0.217386 0.115267
vn -0.000669943 -0.000742413 0
v 0.207323 0.239839 -0.0180605
vn 0 0.00063232 0.000774708
v 0.196783 0.247847 0.00318218
vn 0.000200509 0.00063232 0.00074831
v 0.196783 0.247847 0.00318218
vn -0.000200509 -0.00063232 -0.00074831
v 0.207323 0.239839 -0.0180605
vn 0 -0.00063232 -0.000774708
v 0.197147 0.248917 0.00300874
vn 0.000200509 0.00063232 0.00074831
v 0.189822 0.251828 0.0267654
vn 0.000387354 0.00063232 0.000670916
v 0.189822 0.251828 0.0267654
vn -0.000387354 -0.00063232 -0.000670916
v 0.197147 0.248917 0.00300874
vn -0.000200509 -0.00063232 -0.00074831
v 0.263614 0.169374 -0.0513667
vn -0.000670916 0.00063232 0.000387354
v 0.263614 0.169374 -0.0513667
vn 0.000670916 -0.00063232 -0.000387354
v 0.294398 0.115407 -0.0124462
vn -0.00074831 0.00063232 -0.000200509
v 0.287631 0.13088 -0.0309179
vn -0.000774708 0.00063232 0
v 0.287631 0.13088 -0.0309179
vn 0.000774708 -0.00063232 0
v 0.294398 0.115407 -0.0124462
vn 0.00074831 -0.00063232 0.000200509
v 0.298697 0.10411 0.00933347
vn -0.000670916 0.00063232 -0.000387354
v 0.295502 0.115471 -0.0127383
vn -0.00074831 0.00063232 -0.000200509
v 0.295502 0.115471 -0.0127383
vn 0.00074831 -0.00063232 0.000200509
v 0.298697 0.10411 0.00933347
vn 0.000670916 -0.00063232 0.000387354
v 0.300328 0.0975081 0.0334214
vn -0.000547801 0.00063232 -0.000547801
v 0.299188 0.0975784 0.0333665
vn -0.000547801 0.00063232 -0.000547801
v 0.299188 0.0975784 0.0333665
vn 0.000547801 -0.00063232 0.000547801
v 0.300328 0.0975081 0.0334214
vn 0.000547801 -0.00063232 0.000547801
v 0.296953 0.0961779 0.0582564
vn -0.000387354 0.00063232 -0.000670916
v 0.295838 0.0962585 0.058013
vn -0.000387354 0.00063232 -0.000670916
v 0.295838 0.0962585 0.058013
vn 0.000387354 -0.00063232 0.000670916
v 0.296953 0.0961779 0.0582564
vn 0.000387354 -0.00063232 0.000670916
v 0.289938 0.10019 0.0820179
vn -0.000200509 0.00063232 -0.00074831
v 0.288877 0.100239 0.0815962
vn -0.000200509 0.00063232 -0.00074831
v 0.288877 0.100239 0.0815962
vn 0.000200509 -0.00063232 0.00074831
v 0.289938 0.10019 0.0820179
vn 0.000200509 -0.00063232 0.00074831
v 0.279762 0.109268 0.103087
vn 0 0.00063232 -0.000774708
v 0.278776 0.109249 0.102507
vn 0 0.00063232 -0.000774708
v 0.278776 0.109249 0.102507
vn -0 -0.00063232 0.000774708
v 0.279762 0.109268 0.103087
vn -0 -0.00063232 0.000774708
v 0.267117 0.122796 0.120028
vn 0.000200509 0.00063232 -0.00074831
v 0.266227 0.122675 0.119321
vn 0.000200509 0.00063232 -0.00074831
v 0.266227 0.122675 0.119321
vn -0.000200509 -0.00063232 0.00074831
v 0.267117 0.122796 0.120028
vn -0.000200509 -0.00063232 0.00074831
v 0.252865 0.139851 0.131688
vn 0.000387354 0.00063232 -0.000670916
v 0.252082 0.139603 0.130892
vn 0.000387354 0.00063232 -0.000670916
v 0.252082 0.139603 0.130892
vn -0.000387354 -0.00063232 0.000670916
v 0.252865 0.139851 0.131688
vn -0.000387354 -0.00063232 0.000670916
v 0.237308 0.158876 0.136431
vn 0.000547801 0.00063232 -0.000547801
v 0.237308 0.158876 0.136431
vn -0.000547801 -0.00063232 0.000547801
v 0.22291 0.179183 0.135562
vn 0.000670916 0.00063232 -0.000387354
v 0.237979 0.159271 0.137269
vn 0.000547801 0.00063232 -0.000547801
v 0.237979 0.159271 0.137269
vn -0.000547801 -0.00063232 0.000547801
v 0.22291 0.179183 0.135562
vn -0.000670916 -0.00063232 0.000387354
v 0.210331 0.199841 0.12912
vn 0.00074831 0.00063232 -0.000200509
v 0.209869 0.19914 0.128343
vn 0.00074831 0.00063232 -0.000200509
v 0.209869 0.19914 0.128343
vn -0.00074831 -0.00063232 0.000200509
v 0.210331 0.199841 0.12912
vn -0.00074831 -0.00063232 0.000200509
v 0.199455 0.218226 0.115944
vn 0.000774708 0.00063232 0
v 0.199075 0.217386 0.115267
vn 0.000774708 0.00063232 0
v 0.199075 0.217386 0.115267
vn -0.000774708 -0.00063232 -0
v 0.199455 0.218226 0.115944
vn -0.000774708 -0.00063232 -0
v 0.190132 0.252928 0.026771
vn 0.000387354 0.00063232 0.000670916
v 0.190132 0.252928 0.026771
vn -0.000387354 -0.00063232 -0.000670916
v 0.186472 0.250508 0.0514119
vn 0.000547801 0.00063232 0.000547801
v 0.186472 0.250508 0.0514119
vn -0.000547801 -0.00063232 -0.000547801
v 0.264529 0.169911 -0.0517967
vn -0.00074615 0.000507622 0.00043079
v 0.249107 0.189836 -0.0522432
vn -0.000609229 0.000507622 0.000609229
v 0.263614 0.169374 -0.0513667
vn -0.00074615 0.000507622 0.00043079
v 0.263614 0.169374 -0.0513667
vn 0.00074615 -0.000507622 -0.00043079
v 0.249107 0.189836 -0.0522432
vn 0.000609229 -0.000507622 -0.000609229
v 0.264529 0.169911 -0.0517967
vn 0.00074615 -0.000507622 -0.00043079
v 0.249934 0.190497 -0.0526778
vn -0.000609229 0.000507622 0.000609229
v 0.23422 0.209255 -0.0466607
vn -0.00043079 0.000507622 0.00074615
v 0.23422 0.209255 -0.0466607
vn 0.00043079 -0.000507622 -0.00074615
v 0.249934 0.190497 -0.0526778
vn 0.000609229 -0.000507622 -0.000609229
v 0.234957 0.210034 -0.0470622
vn -0.00043079 0.000507622 0.00074615
v 0.219968 0.226311 -0.0350017
vn -0.000222993 0.000507622 0.000832222
v 0.219968 0.226311 -0.0350017
vn 0.000222993 -0.000507622 -0.000832222
v 0.234957 0.210034 -0.0470622
vn 0.00043079 -0.000507622 -0.00074615
v 0.220619 0.227193 -0.0353328
vn -0.000222993 0.000507622 0.000832222
v 0.207323 0.239839 -0.0180605
vn 0 0.000507622 0.00086158
v 0.207323 0.239839 -0.0180605
vn 0 -0.000507622 -0.00086158
v 0.220619 0.227193 -0.0353328
vn 0.000222993 -0.000507622 -0.000832222
v 0.277749 0.149681 -0.0444794
vn -0.000832222 0.000507622 0.000222993
v 0.276754 0.149266 -0.0440939
vn -0.000832222 0.000507622 0.000222993
v 0.276754 0.149266 -0.0440939
vn 0.000832222 -0.000507622 -0.000222993
v 0.277749 0.149681 -0.0444794
vn 0.000832222 -0.000507622 -0.000222993
v 0.299833 0.104089 0.00920679
vn -0.000670916 0.00063232 -0.000387354
v 0.299833 0.104089 0.00920679
vn 0.000670916 -0.00063232 0.000387354
v 0.287631 0.13088 -0.0309179
vn -0.00086158 0.000507622 0
v 0.287631 0.13088 -0.0309179
vn 0.00086158 -0.000507622 0
v 0.191262 0.23268 0.0972246
vn 0.00074831 0.00063232 0.000200509
v 0.191262 0.23268 0.0972246
vn -0.00074831 -0.00063232 -0.000200509
v 0.186964 0.243976 0.0754442
vn 0.000670916 0.00063232 0.000387354
v 0.191583 0.233635 0.0977642
vn 0.00074831 0.00063232 0.000200509
v 0.191583 0.233635 0.0977642
vn -0.00074831 -0.00063232 -0.000200509
v 0.186964 0.243976 0.0754442
vn -0.000670916 -0.00063232 -0.000387354
v 0.186757 0.251598 0.0516045
vn 0.000547801 0.00063232 0.000547801
v 0.186757 0.251598 0.0516045
vn -0.000547801 -0.00063232 -0.000547801
v 0.223471 0.179733 0.136393
vn 0.000670916 0.00063232 -0.000387354
v 0.223471 0.179733 0.136393
vn -0.000670916 -0.00063232 0.000387354
v 0.207897 0.240803 -0.0182889
vn 0 0.000507622 0.00086158
v 0.197147 0.248917 0.00300874
vn 0.000222993 0.000507622 0.000832222
v 0.197147 0.248917 0.00300874
vn -0.000222993 -0.000507622 -0.000832222
v 0.207897 0.240803 -0.0182889
vn 0 -0.000507622 -0.00086158
v 0.197659 0.249936 0.00290828
vn 0.000222993 0.000507622 0.000832222
v 0.190132 0.252928 0.026771
vn 0.00043079 0.000507622 0.00074615
v 0.190132 0.252928 0.026771
vn -0.00043079 -0.000507622 -0.00074615
v 0.197659 0.249936 0.00290828
vn -0.000222993 -0.000507622 -0.000832222
v 0.295502 0.115471 -0.0127383
vn -0.000832222 0.000507622 -0.000222993
v 0.288691 0.131185 -0.0312234
vn -0.00086158 0.000507622 0
v 0.288691 0.131185 -0.0312234
vn 0.00086158 -0.000507622 0
v 0.295502 0.115471 -0.0127383
vn 0.000832222 -0.000507622 0.000222993
v 0.299833 0.104089 0.00920679
vn -0.00074615 0.000507622 -0.00043079
v 0.29661 0.115683 -0.0129347
vn -0.000832222 0.000507622 -0.000222993
v 0.29661 0.115683 -0.0129347
vn 0.000832222 -0.000507622 0.000222993
v 0.299833 0.104089 0.00920679
vn 0.00074615 -0.000507622 0.00043079
v 0.300328 0.0975081 0.0334214
vn -0.000609229 0.000507622 -0.000609229
v 0.300967 0.104231 0.00914349
vn -0.00074615 0.000507622 -0.00043079
v 0.300967 0.104231 0.00914349
vn 0.00074615 -0.000507622 0.00043079
v 0.300328 0.0975081 0.0334214
vn 0.000609229 -0.000507622 0.000609229
v 0.29807 0.0962721 0.0584899
vn -0.00043079 0.000507622 -0.00074615
v 0.296953 0.0961779 0.0582564
vn -0.00043079 0.000507622 -0.00074615
v 0.296953 0.0961779 0.0582564
vn 0.00043079 -0.000507622 0.00074615
v 0.29807 0.0962721 0.0584899
vn 0.00043079 -0.000507622 0.00074615
v 0.291013 0.100308 0.082395
vn -0.000222993 0.000507622 -0.000832222
v 0.289938 0.10019 0.0820179
vn -0.000222993 0.000507622 -0.000832222
v 0.289938 0.10019 0.0820179
vn 0.000222993 -0.000507622 0.000832222
v 0.291013 0.100308 0.082395
vn 0.000222993 -0.000507622 0.000832222
v 0.187252 0.245018 0.0758199
vn 0.000670916 0.00063232 0.000387354
v 0.187252 0.245018 0.0758199
vn -0.000670916 -0.00063232 -0.000387354
v 0.280774 0.109442 0.103592
vn 0 0.000507622 -0.00086158
v 0.279762 0.109268 0.103087
vn 0 0.000507622 -0.00086158
v 0.279762 0.109268 0.103087
vn -0 -0.000507622 0.00086158
v 0.280774 0.109442 0.103592
vn -0 -0.000507622 0.00086158
v 0.268053 0.123052 0.120636
vn 0.000222993 0.000507622 -0.000832222
v 0.267117 0.122796 0.120028
vn 0.000222993 0.000507622 -0.000832222
v 0.267117 0.122796 0.120028
vn -0.000222993 -0.000507622 0.000832222
v 0.268053 0.123052 0.120636
vn -0.000222993 -0.000507622 0.000832222
v 0.253715 0.140209 0.132366
vn 0.00043079 0.000507622 -0.00074615
v 0.252865 0.139851 0.131688
vn 0.00043079 0.000507622 -0.00074615
v 0.252865 0.139851 0.131688
vn -0.00043079 -0.000507622 0.00074615
v 0.253715 0.140209 0.132366
vn -0.00043079 -0.000507622 0.00074615
v 0.238739 0.159747 0.13798
vn 0.000609229 0.000507622 -0.000609229
v 0.237979 0.159271 0.137269
vn 0.000609229 0.000507622 -0.000609229
v 0.237979 0.159271 0.137269
vn -0.000609229 -0.000507622 0.000609229
v 0.238739 0.159747 0.13798
vn -0.000609229 -0.000507622 0.000609229
v 0.224143 0.180333 0.1371
vn 0.00074615 0.000507622 -0.00043079
v 0.223471 0.179733 0.136393
vn 0.00074615 0.000507622 -0.00043079
v 0.223471 0.179733 0.136393
vn -0.00074615 -0.000507622 0.00043079
v 0.224143 0.180333 0.1371
vn -0.00074615 -0.000507622 0.00043079
v 0.210924 0.200563 0.129782
vn 0.000832222 0.000507622 -0.000222993
v 0.210331 0.199841 0.12912
vn 0.000832222 0.000507622 -0.000222993
v 0.210331 0.199841 0.12912
vn -0.000832222 -0.000507622 0.000222993
v 0.210924 0.200563 0.129782
vn -0.000832222 -0.000507622 0.000222993
v 0.199982 0.219059 0.116527
vn 0.00086158 0.000507622 0
v 0.199455 0.218226 0.115944
vn 0.00086158 0.000507622 0
v 0.199455 0.218226 0.115944
vn -0.00086158 -0.000507622 0
v 0.199982 0.219059 0.116527
vn -0.00086158 -0.000507622 0
v 0.190602 0.253971 0.026814
vn 0.00043079 0.000507622 0.00074615
v 0.190602 0.253971 0.026814
vn -0.00043079 -0.000507622 -0.00074615
v 0.186757 0.251598 0.0516045
vn 0.000609229 0.000507622 0.000609229
v 0.186757 0.251598 0.0516045
vn -0.000609229 -0.000507622 -0.000609229
v 0.265474 0.170501 -0.0520637
vn -0.00080415 0.000371201 0.000464276
v 0.249934 0.190497 -0.0526778
vn -0.000656586 0.000371201 0.000656586
v 0.264529 0.169911 -0.0517967
vn -0.00080415 0.000371201 0.000464276
v 0.264529 0.169911 -0.0517967
vn 0.00080415 -0.000371201 -0.000464276
v 0.249934 0.190497 -0.0526778
vn 0.000656586 -0.000371201 -0.000656586
v 0.265474 0.170501 -0.0520637
vn 0.00080415 -0.000371201 -0.000464276
v 0.278751 0.150182 -0.0447135
vn -0.000896913 0.000371201 0.000240327
v 0.277749 0.149681 -0.0444794
vn -0.000896913 0.000371201 0.000240327
v 0.277749 0.149681 -0.0444794
vn 0.000896913 -0.000371201 -0.000240327
v 0.278751 0.150182 -0.0447135
vn 0.000896913 -0.000371201 -0.000240327
v 0.250814 0.191177 -0.0529482
vn -0.000656586 0.000371201 0.000656586
v 0.234957 0.210034 -0.0470622
vn -0.000464276 0.000371201 0.00080415
v 0.234957 0.210034 -0.0470622
vn 0.000464276 -0.000371201 -0.00080415
v 0.250814 0.191177 -0.0529482
vn 0.000656586 -0.000371201 -0.000656586
v 0.235771 0.210801 -0.0473082
vn -0.000464276 0.000371201 0.00080415
v 0.220619 0.227193 -0.0353328
vn -0.000240327 0.000371201 0.000896913
v 0.220619 0.227193 -0.0353328
vn 0.000240327 -0.000371201 -0.000896913
v 0.235771 0.210801 -0.0473082
vn 0.000464276 -0.000371201 -0.00080415
v 0.22137 0.228035 -0.0355267
vn -0.000240327 0.000371201 0.000896913
v 0.207897 0.240803 -0.0182889
vn 0 0.000371201 0.000928553
v 0.207897 0.240803 -0.0182889
vn 0 -0.000371201 -0.000928553
v 0.22137 0.228035 -0.0355267
vn 0.000240327 -0.000371201 -0.000896913
v 0.301465 0.0976108 0.0335047
vn -0.000609229 0.000507622 -0.000609229
v 0.301465 0.0976108 0.0335047
vn 0.000609229 -0.000507622 0.000609229
v 0.288691 0.131185 -0.0312234
vn -0.000928553 0.000371201 0
v 0.288691 0.131185 -0.0312234
vn 0.000928553 -0.000371201 0
v 0.191583 0.233635 0.0977642
vn 0.000832222 0.000507622 0.000222993
v 0.191583 0.233635 0.0977642
vn -0.000832222 -0.000507622 -0.000222993
v 0.187252 0.245018 0.0758199
vn 0.00074615 0.000507622 0.00043079
v 0.192062 0.234561 0.0982372
vn 0.000832222 0.000507622 0.000222993
v 0.192062 0.234561 0.0982372
vn -0.000832222 -0.000507622 -0.000222993
v 0.187252 0.245018 0.0758199
vn -0.00074615 -0.000507622 -0.00043079
v 0.187704 0.246013 0.0761598
vn 0.00074615 0.000507622 0.00043079
v 0.187704 0.246013 0.0761598
vn -0.00074615 -0.000507622 -0.00043079
v 0.208593 0.241704 -0.0184076
vn 0 0.000371201 0.000928553
v 0.197659 0.249936 0.00290828
vn 0.000240327 0.000371201 0.000896913
v 0.197659 0.249936 0.00290828
vn -0.000240327 -0.000371201 -0.000896913
v 0.208593 0.241704 -0.0184076
vn 0 -0.000371201 -0.000928553
v 0.19831 0.250878 0.00288245
vn 0.000240327 0.000371201 0.000896913
v 0.190602 0.253971 0.026814
vn 0.000464276 0.000371201 0.00080415
v 0.190602 0.253971 0.026814
vn -0.000464276 -0.000371201 -0.00080415
v 0.19831 0.250878 0.00288245
vn -0.000240327 -0.000371201 -0.000896913
v 0.187207 0.252633 0.0517978
vn 0.000609229 0.000507622 0.000609229
v 0.187207 0.252633 0.0517978
vn -0.000609229 -0.000507622 -0.000609229
v 0.29661 0.115683 -0.0129347
vn -0.000896913 0.000371201 -0.000240327
v 0.289741 0.131604 -0.0313997
vn -0.000928553 0.000371201 0
v 0.289741 0.131604 -0.0313997
vn 0.000928553 -0.000371201 0
v 0.29661 0.115683 -0.0129347
vn 0.000896913 -0.000371201 0.000240327
v 0.300967 0.104231 0.00914349
vn -0.00080415 0.000371201 -0.000464276
v 0.297696 0.116034 -0.0130296
vn -0.000896913 0.000371201 -0.000240327
v 0.297696 0.116034 -0.0130296
vn 0.000896913 -0.000371201 0.000240327
v 0.300967 0.104231 0.00914349
vn 0.00080415 -0.000371201 0.000464276
v 0.301465 0.0976108 0.0335047
vn -0.000656586 0.000371201 -0.000656586
v 0.302072 0.104532 0.00914495
vn -0.00080415 0.000371201 -0.000464276
v 0.302072 0.104532 0.00914495
vn 0.00080415 -0.000371201 0.000464276
v 0.301465 0.0976108 0.0335047
vn 0.000656586 -0.000371201 0.000656586
v 0.299162 0.0965384 0.0587082
vn -0.000464276 0.000371201 -0.00080415
v 0.29807 0.0962721 0.0584899
vn -0.000464276 0.000371201 -0.00080415
v 0.29807 0.0962721 0.0584899
vn 0.000464276 -0.000371201 0.00080415
v 0.299162 0.0965384 0.0587082
vn 0.000464276 -0.000371201 0.00080415
v 0.292073 0.100592 0.082719
vn -0.000240327 0.000371201 -0.000896913
v 0.291013 0.100308 0.082395
vn -0.000240327 0.000371201 -0.000896913
v 0.291013 0.100308 0.082395
vn 0.000240327 -0.000371201 0.000896913
v 0.292073 0.100592 0.082719
vn 0.000240327 -0.000371201 0.000896913
v 0.28179 0.109765 0.10401
vn 0 0.000371201 -0.000928553
v 0.280774 0.109442 0.103592
vn 0 0.000371201 -0.000928553
v 0.280774 0.109442 0.103592
vn 0 -0.000371201 0.000928553
v 0.28179 0.109765 0.10401
vn 0 -0.000371201 0.000928553
v 0.269013 0.123435 0.121128
vn 0.000240327 0.000371201 -0.000896913
v 0.268053 0.123052 0.120636
vn 0.000240327 0.000371201 -0.000896913
v 0.268053 0.123052 0.120636
vn -0.000240327 -0.000371201 0.000896913
v 0.269013 0.123435 0.121128
vn -0.000240327 -0.000371201 0.000896913
v 0.254612 0.140669 0.132909
vn 0.000464276 0.000371201 -0.00080415
v 0.253715 0.140209 0.132366
vn 0.000464276 0.000371201 -0.00080415
v 0.253715 0.140209 0.132366
vn -0.000464276 -0.000371201 0.00080415
v 0.254612 0.140669 0.132909
vn -0.000464276 -0.000371201 0.00080415
v 0.239569 0.160292 0.138549
vn 0.000656586 0.000371201 -0.000656586
v 0.238739 0.159747 0.13798
vn 0.000656586 0.000371201 -0.000656586
v 0.238739 0.159747 0.13798
vn -0.000656586 -0.000371201 0.000656586
v 0.239569 0.160292 0.138549
vn -0.000656586 -0.000371201 0.000656586
v 0.22491 0.180968 0.137664
vn 0.00080415 0.000371201 -0.000464276
v 0.224143 0.180333 0.1371
vn 0.00080415 0.000371201 -0.000464276
v 0.224143 0.180333 0.1371
vn -0.00080415 -0.000371201 0.000464276
v 0.22491 0.180968 0.137664
vn -0.00080415 -0.000371201 0.000464276
v 0.211633 0.201287 0.130315
vn 0.000896913 0.000371201 -0.000240327
v 0.210924 0.200563 0.129782
vn 0.000896913 0.000371201 -0.000240327
v 0.210924 0.200563 0.129782
vn -0.000896913 -0.000371201 0.000240327
v 0.211633 0.201287 0.130315
vn -0.000896913 -0.000371201 0.000240327
v 0.200642 0.219865 0.117002
vn 0.000928553 0.000371201 0
v 0.199982 0.219059 0.116527
vn 0.000928553 0.000371201 0
v 0.199982 0.219059 0.116527
vn -0.000928553 -0.000371201 0
v 0.200642 0.219865 0.117002
vn -0.000928553 -0.000371201 0
v 0.191221 0.254931 0.0268925
vn 0.000464276 0.000371201 0.00080415
v 0.191221 0.254931 0.0268925
vn -0.000464276 -0.000371201 -0.00080415
v 0.187207 0.252633 0.0517978
vn 0.000656586 0.000371201 0.000656586
v 0.187207 0.252633 0.0517978
vn -0.000656586 -0.000371201 -0.000656586
v 0.267364 0.171786 -0.0520842
vn -0.000856024 0.000151535 0.000494226
v 0.250814 0.191177 -0.0529482
vn -0.000698941 0.000151535 0.000698941
v 0.265474 0.170501 -0.0520637
vn -0.000856024 0.000151535 0.000494226
v 0.265474 0.170501 -0.0520637
vn 0.000856024 -0.000151535 -0.000494226
v 0.250814 0.191177 -0.0529482
vn 0.000698941 -0.000151535 -0.000698941
v 0.267364 0.171786 -0.0520842
vn 0.000856024 -0.000151535 -0.000494226
v 0.280689 0.151394 -0.0447085
vn -0.000954771 0.000151535 0.00025583
v 0.278751 0.150182 -0.0447135
vn -0.000954771 0.000151535 0.00025583
v 0.278751 0.150182 -0.0447135
vn 0.000954771 -0.000151535 -0.00025583
v 0.280689 0.151394 -0.0447085
vn 0.000954771 -0.000151535 -0.00025583
v 0.252652 0.192535 -0.0529728
vn -0.000698941 0.000151535 0.000698941
v 0.235771 0.210801 -0.0473082
vn -0.000494226 0.000151535 0.000856024
v 0.235771 0.210801 -0.0473082
vn 0.000494226 -0.000151535 -0.000856024
v 0.252652 0.192535 -0.0529728
vn 0.000698941 -0.000151535 -0.000698941
v 0.237556 0.212229 -0.0473125
vn -0.000494226 0.000151535 0.000856024
v 0.22137 0.228035 -0.0355267
vn -0.00025583 0.000151535 0.000954771
v 0.22137 0.228035 -0.0355267
vn 0.00025583 -0.000151535 -0.000954771
v 0.237556 0.212229 -0.0473125
vn 0.000494226 -0.000151535 -0.000856024
v 0.223103 0.229524 -0.0354896
vn -0.00025583 0.000151535 0.000954771
v 0.208593 0.241704 -0.0184076
vn 0 0.000151535 0.000988452
v 0.208593 0.241704 -0.0184076
vn 0 -0.000151535 -0.000988452
v 0.223103 0.229524 -0.0354896
vn 0.00025583 -0.000151535 -0.000954771
v 0.302572 0.0978827 0.0336136
vn -0.000656586 0.000371201 -0.000656586
v 0.302572 0.0978827 0.0336136
vn 0.000656586 -0.000371201 0.000656586
v 0.289741 0.131604 -0.0313997
vn -0.000988452 0.000151535 0
v 0.289741 0.131604 -0.0313997
vn 0.000988452 -0.000151535 0
v 0.192062 0.234561 0.0982372
vn 0.000896913 0.000371201 0.000240327
v 0.192062 0.234561 0.0982372
vn -0.000896913 -0.000371201 -0.000240327
v 0.187704 0.246013 0.0761598
vn 0.00080415 0.000371201 0.000464276
v 0.192688 0.235435 0.098631
vn 0.000896913 0.000371201 0.000240327
v 0.192688 0.235435 0.098631
vn -0.000896913 -0.000371201 -0.000240327
v 0.187704 0.246013 0.0761598
vn -0.00080415 -0.000371201 -0.000464276
v 0.188311 0.246938 0.0764558
vn 0.00080415 0.000371201 0.000464276
v 0.188311 0.246938 0.0764558
vn -0.00080415 -0.000371201 -0.000464276
v 0.21028 0.243242 -0.0183093
vn 0 0.000151535 0.000988452
v 0.19831 0.250878 0.00288245
vn 0.00025583 0.000151535 0.000954771
v 0.19831 0.250878 0.00288245
vn -0.00025583 -0.000151535 -0.000954771
v 0.21028 0.243242 -0.0183093
vn 0 -0.000151535 -0.000988452
v 0.199961 0.252449 0.00305622
vn 0.00025583 0.000151535 0.000954771
v 0.191221 0.254931 0.0268925
vn 0.000494226 0.000151535 0.000856024
v 0.191221 0.254931 0.0268925
vn -0.000494226 -0.000151535 -0.000856024
v 0.199961 0.252449 0.00305622
vn -0.00025583 -0.000151535 -0.000954771
v 0.187811 0.253587 0.0519871
vn 0.000656586 0.000371201 0.000656586
v 0.187811 0.253587 0.0519871
vn -0.000656586 -0.000371201 -0.000656586
v 0.297696 0.116034 -0.0130296
vn -0.000954771 0.000151535 -0.00025583
v 0.291718 0.13275 -0.0313471
vn -0.000988452 0.000151535 0
v 0.291718 0.13275 -0.0313471
vn 0.000988452 -0.000151535 0
v 0.297696 0.116034 -0.0130296
vn 0.000954771 -0.000151535 0.00025583
v 0.302072 0.104532 0.00914495
vn -0.000856024 0.000151535 -0.000494226
v 0.299701 0.117124 -0.0129118
vn -0.000954771 0.000151535 -0.00025583
v 0.299701 0.117124 -0.0129118
vn 0.000954771 -0.000151535 0.00025583
v 0.302072 0.104532 0.00914495
vn 0.000856024 -0.000151535 0.000494226
v 0.302572 0.0978827 0.0336136
vn -0.000698941 0.000151535 -0.000698941
v 0.304093 0.105581 0.00934244
vn -0.000856024 0.000151535 -0.000494226
v 0.304093 0.105581 0.00934244
vn 0.000856024 -0.000151535 0.000494226
v 0.302572 0.0978827 0.0336136
vn 0.000698941 -0.000151535 0.000698941
v 0.301173 0.0975588 0.059082
vn -0.000494226 0.000151535 -0.000856024
v 0.299162 0.0965384 0.0587082
vn -0.000494226 0.000151535 -0.000856024
v 0.299162 0.0965384 0.0587082
vn 0.000494226 -0.000151535 0.000856024
v 0.301173 0.0975588 0.059082
vn 0.000494226 -0.000151535 0.000856024
v 0.294059 0.101626 0.0831782
vn -0.00025583 0.000151535 -0.000954771
v 0.292073 0.100592 0.082719
vn -0.00025583 0.000151535 -0.000954771
v 0.292073 0.100592 0.082719
vn 0.00025583 -0.000151535 0.000954771
v 0.294059 0.101626 0.0831782
vn 0.00025583 -0.000151535 0.000954771
v 0.283739 0.110833 0.104545
vn 0 0.000151535 -0.000988452
v 0.28179 0.109765 0.10401
vn 0 0.000151535 -0.000988452
v 0.28179 0.109765 0.10401
vn 0 -0.000151535 0.000988452
v 0.283739 0.110833 0.104545
vn 0 -0.000151535 0.000988452
v 0.270916 0.124551 0.121724
vn 0.00025583 0.000151535 -0.000954771
v 0.269013 0.123435 0.121128
vn 0.00025583 0.000151535 -0.000954771
v 0.269013 0.123435 0.121128
vn -0.00025583 -0.000151535 0.000954771
v 0.270916 0.124551 0.121724
vn -0.00025583 -0.000151535 0.000954771
v 0.256464 0.141846 0.133547
vn 0.000494226 0.000151535 -0.000856024
v 0.254612 0.140669 0.132909
vn 0.000494226 0.000151535 -0.000856024
v 0.254612 0.140669 0.132909
vn -0.000494226 -0.000151535 0.000856024
v 0.256464 0.141846 0.133547
vn -0.000494226 -0.000151535 0.000856024
v 0.241368 0.16154 0.139207
vn 0.000698941 0.000151535 -0.000698941
v 0.239569 0.160292 0.138549
vn 0.000698941 0.000151535 -0.000698941
v 0.239569 0.160292 0.138549
vn -0.000698941 -0.000151535 0.000698941
v 0.241368 0.16154 0.139207
vn -0.000698941 -0.000151535 0.000698941
v 0.226656 0.18229 0.138319
vn 0.000856024 0.000151535 -0.000494226
v 0.22491 0.180968 0.137664
vn 0.000856024 0.000151535 -0.000494226
v 0.22491 0.180968 0.137664
vn -0.000856024 -0.000151535 0.000494226
v 0.226656 0.18229 0.138319
vn -0.000856024 -0.000151535 0.000494226
v 0.213331 0.202681 0.130944
vn 0.000954771 0.000151535 -0.00025583
v 0.211633 0.201287 0.130315
vn 0.000954771 0.000151535 -0.00025583
v 0.211633 0.201287 0.130315
vn -0.000954771 -0.000151535 0.00025583
v 0.213331 0.202681 0.130944
vn -0.000954771 -0.000151535 0.00025583
v 0.202301 0.221325 0.117583
vn 0.000988452 0.000151535 0
v 0.200642 0.219865 0.117002
vn 0.000988452 0.000151535 0
v 0.200642 0.219865 0.117002
vn -0.000988452 -0.000151535 0
v 0.202301 0.221325 0.117583
vn -0.000988452 -0.000151535 0
v 0.192847 0.256516 0.0271525
vn 0.000494226 0.000151535 0.000856024
v 0.192847 0.256516 0.0271525
vn -0.000494226 -0.000151535 -0.000856024
v 0.187811 0.253587 0.0519871
vn 0.000698941 0.000151535 0.000698941
v 0.187811 0.253587 0.0519871
vn -0.000698941 -0.000151535 -0.000698941
v 0.291031 0.188743 -0.0479596
vn -0.000866025 0 0.0005
v 0.252652 0.192535 -0.0529728
vn -0.000707107 0 0.000707107
v 0.267364 0.171786 -0.0520842
vn -0.000866025 0 0.0005
v 0.267364 0.171786 -0.0520842
vn 0.000866025 0 -0.0005
v 0.252652 0.192535 -0.0529728
vn 0.000707107 0 -0.000707107
v 0.291031 0.188743 -0.0479596
vn 0.000866025 0 -0.0005
v 0.304356 0.168351 -0.0405838
vn -0.000965926 0 0.000258819
v 0.280689 0.151394 -0.0447085
vn -0.000965926 0 0.000258819
v 0.280689 0.151394 -0.0447085
vn 0.000965926 0 -0.000258819
v 0.304356 0.168351 -0.0405838
vn 0.000965926 0 -0.000258819
v 0.27632 0.209492 -0.0488482
vn -0.000707107 0 0.000707107
v 0.237556 0.212229 -0.0473125
vn -0.0005 0 0.000866025
v 0.237556 0.212229 -0.0473125
vn 0.0005 0 -0.000866025
v 0.27632 0.209492 -0.0488482
vn 0.000707107 0 -0.000707107
v 0.261223 0.229186 -0.0431879
vn -0.0005 0 0.000866025
v 0.223103 0.229524 -0.0354896
vn -0.000258819 0 0.000965926
v 0.223103 0.229524 -0.0354896
vn 0.000258819 0 -0.000965926
v 0.261223 0.229186 -0.0431879
vn 0.0005 0 -0.000866025
v 0.246771 0.246481 -0.031365
vn -0.000258819 0 0.000965926
v 0.21028 0.243242 -0.0183093
vn 0 0 0.001
v 0.21028 0.243242 -0.0183093
vn 0 0 -0.001
v 0.246771 0.246481 -0.031365
vn 0.000258819 0 -0.000965926
v 0.304595 0.0989077 0.0338977
vn -0.000698941 0.000151535 -0.000698941
v 0.304595 0.0989077 0.0338977
vn 0.000698941 -0.000151535 0.000698941
v 0.291718 0.13275 -0.0313471
vn -0.001 0 0
v 0.318672 0.178608 -0.0380889
vn -0.000965409 -3.272e-05 0.00025868
v 0.318672 0.178608 -0.0380889
vn 0.000965409 3.272e-05 -0.00025868
v 0.291718 0.13275 -0.0313471
vn 0.001 0 0
v 0.192688 0.235435 0.098631
vn 0.000954771 0.000151535 0.00025583
v 0.192688 0.235435 0.098631
vn -0.000954771 -0.000151535 -0.00025583
v 0.188311 0.246938 0.0764558
vn 0.000856024 0.000151535 0.000494226
v 0.194318 0.236951 0.099147
vn 0.000954771 0.000151535 0.00025583
v 0.194318 0.236951 0.099147
vn -0.000954771 -0.000151535 -0.00025583
v 0.188311 0.246938 0.0764558
vn -0.000856024 -0.000151535 -0.000494226
v 0.189926 0.248494 0.0768928
vn 0.000856024 0.000151535 0.000494226
v 0.189926 0.248494 0.0768928
vn -0.000856024 -0.000151535 -0.000494226
v 0.233948 0.2602 -0.0141847
vn 0 0 0.001
v 0.199961 0.252449 0.00305622
vn 0.000258819 0 0.000965926
v 0.199961 0.252449 0.00305622
vn -0.000258819 0 -0.000965926
v 0.233948 0.2602 -0.0141847
vn 0 0 -0.001
v 0.223628 0.269406 0.00718084
vn 0.000258819 0 0.000965926
v 0.192847 0.256516 0.0271525
vn 0.0005 0 0.000866025
v 0.192847 0.256516 0.0271525
vn -0.0005 0 -0.000866025
v 0.223628 0.269406 0.00718084
vn -0.000258819 0 -0.000965926
v 0.189425 0.255167 0.0523368
vn 0.000698941 0.000151535 0.000698941
v 0.189425 0.255167 0.0523368
vn -0.000698941 -0.000151535 -0.000698941
v 0.290636 0.219749 -0.0463533
vn -0.000706728 -3.272e-05 0.000706728
v 0.290636 0.219749 -0.0463533
vn 0.000706728 3.272e-05 -0.000706728
v 0.305347 0.199 -0.0454647
vn -0.000865562 -3.272e-05 0.000499732
v 0.305347 0.199 -0.0454647
vn 0.000865562 3.272e-05 -0.000499732
v 0.299701 0.117124 -0.0129118
vn -0.000965926 0 -0.000258819
v 0.329702 0.159964 -0.0247276
vn -0.000999465 -3.272e-05 0
v 0.329702 0.159964 -0.0247276
vn 0.000999465 3.272e-05 0
v 0.299701 0.117124 -0.0129118
vn 0.000965926 0 0.000258819
v 0.304093 0.105581 0.00934244
vn -0.000866025 0 -0.0005
v 0.337684 0.144339 -0.00629227
vn -0.000965409 -3.272e-05 -0.00025868
v 0.337684 0.144339 -0.00629227
vn 0.000965409 3.272e-05 0.00025868
v 0.304093 0.105581 0.00934244
vn 0.000866025 0 0.0005
v 0.304595 0.0989077 0.0338977
vn -0.000707107 0 -0.000707107
v 0.342076 0.132796 0.0159619
vn -0.000865562 -3.272e-05 -0.000499732
v 0.342076 0.132796 0.0159619
vn 0.000865562 3.272e-05 0.000499732
v 0.304595 0.0989077 0.0338977
vn 0.000707107 0 0.000707107
v 0.32484 0.114516 0.0632066
vn -0.0005 0 -0.000866025
v 0.301173 0.0975588 0.059082
vn -0.0005 0 -0.000866025
v 0.301173 0.0975588 0.059082
vn 0.0005 0 0.000866025
v 0.32484 0.114516 0.0632066
vn 0.0005 0 0.000866025
v 0.317727 0.118583 0.0873028
vn -0.000258819 0 -0.000965926
v 0.294059 0.101626 0.0831782
vn -0.000258819 0 -0.000965926
v 0.294059 0.101626 0.0831782
vn 0.000258819 0 0.000965926
v 0.317727 0.118583 0.0873028
vn 0.000258819 0 0.000965926
v 0.307406 0.12779 0.108669
vn 0 0 -0.001
v 0.283739 0.110833 0.104545
vn 0 0 -0.001
v 0.283739 0.110833 0.104545
vn 0 0 0.001
v 0.307406 0.12779 0.108669
vn 0 0 0.001
v 0.294584 0.141508 0.125849
vn 0.000258819 0 -0.000965926
v 0.270916 0.124551 0.121724
vn 0.000258819 0 -0.000965926
v 0.270916 0.124551 0.121724
vn -0.000258819 0 0.000965926
v 0.294584 0.141508 0.125849
vn -0.000258819 0 0.000965926
v 0.280132 0.158804 0.137672
vn 0.0005 0 -0.000866025
v 0.256464 0.141846 0.133547
vn 0.0005 0 -0.000866025
v 0.256464 0.141846 0.133547
vn -0.0005 0 0.000866025
v 0.280132 0.158804 0.137672
vn -0.0005 0 0.000866025
v 0.315386 0.149707 -0.0272225
vn -0.001 0 0
v 0.315386 0.149707 -0.0272225
vn 0.001 0 0
v 0.265035 0.178497 0.143332
vn 0.000707107 0 -0.000707107
v 0.241368 0.16154 0.139207
vn 0.000707107 0 -0.000707107
v 0.241368 0.16154 0.139207
vn -0.000707107 0 0.000707107
v 0.265035 0.178497 0.143332
vn -0.000707107 0 0.000707107
v 0.279351 0.188754 0.145827
vn 0.000706728 -3.272e-05 -0.000706728
v 0.226656 0.18229 0.138319
vn 0.000866025 0 -0.0005
v 0.226656 0.18229 0.138319
vn -0.000866025 0 0.0005
v 0.279351 0.188754 0.145827
vn -0.000706728 3.272e-05 0.000706728
v 0.213331 0.202681 0.130944
vn 0.000965926 0 -0.000258819
v 0.250323 0.199247 0.142444
vn 0.000866025 0 -0.0005
v 0.250323 0.199247 0.142444
vn -0.000866025 0 0.0005
v 0.213331 0.202681 0.130944
vn -0.000965926 0 0.000258819
v 0.251314 0.229896 0.137563
vn 0.000965409 -3.272e-05 -0.00025868
v 0.202301 0.221325 0.117583
vn 0.001 0 0
v 0.202301 0.221325 0.117583
vn -0.001 0 0
v 0.251314 0.229896 0.137563
vn -0.000965409 3.272e-05 0.00025868
v 0.216515 0.273473 0.0312771
vn 0.0005 0 0.000866025
v 0.216515 0.273473 0.0312771
vn -0.0005 0 -0.000866025
v 0.189425 0.255167 0.0523368
vn 0.000707107 0 0.000707107
v 0.189425 0.255167 0.0523368
vn -0.000707107 0 -0.000707107
v 0.275539 0.239443 -0.040693
vn -0.000499732 -3.272e-05 0.000865562
v 0.275539 0.239443 -0.040693
vn 0.000499732 3.272e-05 -0.000865562
v 0.261087 0.256738 -0.0288701
vn -0.00025868 -3.272e-05 0.000965409
v 0.261087 0.256738 -0.0288701
vn 0.00025868 3.272e-05 -0.000965409
v 0.323368 0.134082 -0.00878715
vn -0.000965926 0 -0.000258819
v 0.323368 0.134082 -0.00878715
vn 0.000965926 0 0.000258819
v 0.32776 0.122539 0.0134671
vn -0.000866025 0 -0.0005
v 0.32776 0.122539 0.0134671
vn 0.000866025 0 0.0005
v 0.342578 0.126122 0.0405172
vn -0.000706728 -3.272e-05 -0.000706728
v 0.342578 0.126122 0.0405172
vn 0.000706728 3.272e-05 0.000706728
v 0.328263 0.115865 0.0380223
vn -0.000707107 0 -0.000707107
v 0.328263 0.115865 0.0380223
vn 0.000707107 0 0.000707107
v 0.194318 0.236951 0.099147
vn 0.000965926 0 0.000258819
v 0.225969 0.238282 0.121708
vn 0.001 0 0
v 0.225969 0.238282 0.121708
vn -0.001 0 0
v 0.194318 0.236951 0.099147
vn -0.000965926 0 -0.000258819
v 0.189926 0.248494 0.0768928
vn 0.000866025 0 0.0005
v 0.217986 0.253908 0.103272
vn 0.000965926 0 0.000258819
v 0.217986 0.253908 0.103272
vn -0.000965926 0 -0.000258819
v 0.189926 0.248494 0.0768928
vn -0.000866025 0 -0.0005
v 0.213594 0.265451 0.0810174
vn 0.000866025 0 0.0005
v 0.213594 0.265451 0.0810174
vn -0.000866025 0 -0.0005
v 0.264639 0.209504 0.144939
vn 0.000865562 -3.272e-05 -0.000499732
v 0.264639 0.209504 0.144939
vn -0.000865562 3.272e-05 0.000499732
v 0.236998 0.219639 0.135068
vn 0.000965926 0 -0.000258819
v 0.236998 0.219639 0.135068
vn -0.000965926 0 0.000258819
v 0.240285 0.248539 0.124202
vn 0.000999465 -3.272e-05 0
v 0.240285 0.248539 0.124202
vn -0.000999465 3.272e-05 0
v 0.248264 0.270457 -0.0116898
vn 0 -3.272e-05 0.000999465
v 0.248264 0.270457 -0.0116898
vn 0 3.272e-05 -0.000999465
v 0.237944 0.279663 0.00967573
vn 0.00025868 -3.272e-05 0.000965409
v 0.237944 0.279663 0.00967573
vn -0.00025868 3.272e-05 -0.000965409
v 0.213092 0.272125 0.0564614
vn 0.000707107 0 0.000707107
v 0.213092 0.272125 0.0564614
vn -0.000707107 0 -0.000707107
v 0.292297 0.220924 -0.0459279
vn -0.000701057 -0.000130536 0.000701057
v 0.292297 0.220924 -0.0459279
vn 0.000701057 0.000130536 -0.000701057
v 0.306988 0.200203 -0.0450416
vn -0.000858615 -0.000130536 0.000495722
v 0.306988 0.200203 -0.0450416
vn 0.000858615 0.000130536 -0.000495722
v 0.344167 0.127427 0.0408217
vn -0.000701057 -0.000130536 -0.000701057
v 0.344167 0.127427 0.0408217
vn 0.000701057 0.000130536 0.000701057
v 0.339156 0.124773 0.0657015
vn -0.000499732 -3.272e-05 -0.000865562
v 0.339156 0.124773 0.0657015
vn 0.000499732 3.272e-05 0.000865562
v 0.332042 0.128841 0.0897977
vn -0.00025868 -3.272e-05 -0.000965409
v 0.332042 0.128841 0.0897977
vn 0.00025868 3.272e-05 0.000965409
v 0.321722 0.138047 0.111164
vn 0 -3.272e-05 -0.000999465
v 0.321722 0.138047 0.111164
vn 0 3.272e-05 0.000999465
v 0.3089 0.151765 0.128344
vn 0.00025868 -3.272e-05 -0.000965409
v 0.3089 0.151765 0.128344
vn -0.00025868 3.272e-05 0.000965409
v 0.294447 0.169061 0.140166
vn 0.000499732 -3.272e-05 -0.000865562
v 0.294447 0.169061 0.140166
vn -0.000499732 3.272e-05 0.000865562
v 0.320294 0.17984 -0.0376759
vn -0.000957661 -0.000130536 0.000256604
v 0.320294 0.17984 -0.0376759
vn 0.000957661 0.000130536 -0.000256604
v 0.232302 0.264166 0.105766
vn 0.000965409 -3.272e-05 0.00025868
v 0.232302 0.264166 0.105766
vn -0.000965409 3.272e-05 -0.00025868
v 0.227408 0.282382 0.0589563
vn 0.000706728 -3.272e-05 0.000706728
v 0.227408 0.282382 0.0589563
vn -0.000706728 3.272e-05 -0.000706728
v 0.22791 0.275708 0.0835123
vn 0.000865562 -3.272e-05 0.000499732
v 0.22791 0.275708 0.0835123
vn -0.000865562 3.272e-05 -0.000499732
v 0.281028 0.189972 0.145984
vn 0.000701057 -0.000130536 -0.000701057
v 0.281028 0.189972 0.145984
vn -0.000701057 0.000130536 0.000701057
v 0.253031 0.231056 0.137731
vn 0.000957661 -0.000130536 -0.000256604
v 0.253031 0.231056 0.137731
vn -0.000957661 0.000130536 0.000256604
v 0.230831 0.283731 0.033772
vn 0.000499732 -3.272e-05 0.000865562
v 0.230831 0.283731 0.033772
vn -0.000499732 3.272e-05 -0.000865562
v 0.277222 0.24059 -0.0402758
vn -0.000495722 -0.000130536 0.000858615
v 0.277222 0.24059 -0.0402758
vn 0.000495722 0.000130536 -0.000858615
v 0.262789 0.257861 -0.0284685
vn -0.000256604 -0.000130536 0.000957661
v 0.262789 0.257861 -0.0284685
vn 0.000256604 0.000130536 -0.000957661
v 0.33928 0.145618 -0.00592336
vn -0.000957661 -0.000130536 -0.000256604
v 0.33928 0.145618 -0.00592336
vn 0.000957661 0.000130536 0.000256604
v 0.343666 0.134091 0.0162994
vn -0.000858615 -0.000130536 -0.000495722
v 0.343666 0.134091 0.0162994
vn 0.000858615 0.000130536 0.000495722
v 0.34075 0.12608 0.06597
vn -0.000495722 -0.000130536 -0.000858615
v 0.34075 0.12608 0.06597
vn 0.000495722 0.000130536 0.000858615
v 0.331309 0.161222 -0.0243328
vn -0.000991444 -0.000130536 0
v 0.331309 0.161222 -0.0243328
vn 0.000991444 0.000130536 0
v 0.266337 0.210693 0.145097
vn 0.000858615 -0.000130536 -0.000495722
v 0.266337 0.210693 0.145097
vn -0.000858615 0.000130536 0.000495722
v 0.242016 0.249674 0.124389
vn 0.000991444 -0.000130536 0
v 0.242016 0.249674 0.124389
vn -0.000991444 0.000130536 0
v 0.249985 0.27156 -0.0113126
vn 0 -0.000130536 0.000991444
v 0.249985 0.27156 -0.0113126
vn 0 0.000130536 -0.000991444
v 0.239679 0.280754 0.0100231
vn 0.000256604 -0.000130536 0.000957661
v 0.239679 0.280754 0.0100231
vn -0.000256604 0.000130536 -0.000957661
v 0.293913 0.222034 -0.0452429
vn -0.000683009 -0.000258837 0.000683009
v 0.293913 0.222034 -0.0452429
vn 0.000683009 0.000258837 -0.000683009
v 0.308543 0.2014 -0.0443591
vn -0.000836512 -0.000258837 0.000482961
v 0.308543 0.2014 -0.0443591
vn 0.000836512 0.000258837 -0.000482961
v 0.345567 0.128927 0.041145
vn -0.000683009 -0.000258837 -0.000683009
v 0.345567 0.128927 0.041145
vn 0.000683009 0.000258837 0.000683009
v 0.342164 0.127585 0.0661896
vn -0.000482961 -0.000258837 -0.000836512
v 0.342164 0.127585 0.0661896
vn 0.000482961 0.000258837 0.000836512
v 0.333645 0.130143 0.090033
vn -0.000256604 -0.000130536 -0.000957661
v 0.333645 0.130143 0.090033
vn 0.000256604 0.000130536 0.000957661
v 0.32334 0.139336 0.111369
vn 0 -0.000130536 -0.000991444
v 0.32334 0.139336 0.111369
vn 0 0.000130536 0.000991444
v 0.310535 0.153035 0.128525
vn 0.000256604 -0.000130536 -0.000957661
v 0.310535 0.153035 0.128525
vn -0.000256604 0.000130536 0.000957661
v 0.296103 0.170306 0.140331
vn 0.000495722 -0.000130536 -0.000858615
v 0.296103 0.170306 0.140331
vn -0.000495722 0.000130536 0.000858615
v 0.321794 0.181122 -0.0370247
vn -0.000933008 -0.000258837 0.000249999
v 0.321794 0.181122 -0.0370247
vn 0.000933008 0.000258837 -0.000249999
v 0.229659 0.276805 0.0837559
vn 0.000858615 -0.000130536 0.000495722
v 0.229659 0.276805 0.0837559
vn -0.000858615 0.000130536 -0.000495722
v 0.229158 0.283469 0.0592343
vn 0.000701057 -0.000130536 0.000701057
v 0.229158 0.283469 0.0592343
vn -0.000701057 0.000130536 -0.000701057
v 0.282691 0.191211 0.14587
vn 0.000683009 -0.000258837 -0.000683009
v 0.282691 0.191211 0.14587
vn -0.000683009 0.000258837 0.000683009
v 0.25481 0.232123 0.137651
vn 0.000933008 -0.000258837 -0.000249999
v 0.25481 0.232123 0.137651
vn -0.000933008 0.000258837 0.000249999
v 0.268061 0.211846 0.144987
vn 0.000836512 -0.000258837 -0.000482961
v 0.268061 0.211846 0.144987
vn -0.000836512 0.000258837 0.000482961
v 0.232575 0.284816 0.0340853
vn 0.000495722 -0.000130536 0.000858615
v 0.232575 0.284816 0.0340853
vn -0.000495722 0.000130536 -0.000858615
v 0.2789 0.241618 -0.0396139
vn -0.000482961 -0.000258837 0.000836512
v 0.2789 0.241618 -0.0396139
vn 0.000482961 0.000258837 -0.000836512
v 0.264529 0.258817 -0.0278564
vn -0.000249999 -0.000258837 0.000933008
v 0.264529 0.258817 -0.0278564
vn 0.000249999 0.000258837 -0.000933008
v 0.340701 0.147042 -0.00540439
vn -0.000933008 -0.000258837 -0.000249999
v 0.340701 0.147042 -0.00540439
vn 0.000933008 0.000258837 0.000249999
v 0.345068 0.135564 0.016726
vn -0.000836512 -0.000258837 -0.000482961
v 0.345068 0.135564 0.016726
vn 0.000836512 0.000258837 0.000482961
v 0.33509 0.131631 0.0901511
vn -0.000249999 -0.000258837 -0.000933008
v 0.33509 0.131631 0.0901511
vn 0.000249999 0.000258837 0.000933008
v 0.332762 0.162581 -0.0237377
vn -0.000965921 -0.000258837 0
v 0.332762 0.162581 -0.0237377
vn 0.000965921 0.000258837 0
v 0.234045 0.265278 0.105979
vn 0.000957661 -0.000130536 0.000256604
v 0.234045 0.265278 0.105979
vn -0.000957661 0.000130536 -0.000256604
v 0.243842 0.250664 0.124365
vn 0.000965921 -0.000258837 0
v 0.243842 0.250664 0.124365
vn -0.000965921 0.000258837 0
v 0.251777 0.272459 -0.0107717
vn 0 -0.000258837 0.000965921
v 0.251777 0.272459 -0.0107717
vn 0 0.000258837 -0.000965921
v 0.241514 0.281614 0.0104756
vn 0.000249999 -0.000258837 0.000933008
v 0.241514 0.281614 0.0104756
vn -0.000249999 0.000258837 -0.000933008
v 0.295461 0.223065 -0.044307
vn -0.000653274 -0.000382707 0.000653274
v 0.295461 0.223065 -0.044307
vn 0.000653274 0.000382707 -0.000653274
v 0.30999 0.202573 -0.0434298
vn -0.000800095 -0.000382707 0.000461935
v 0.30999 0.202573 -0.0434298
vn 0.000800095 0.000382707 -0.000461935
v 0.346759 0.1306 0.0414849
vn -0.000653274 -0.000382707 -0.000653274
v 0.346759 0.1306 0.0414849
vn 0.000653274 0.000382707 0.000653274
v 0.34338 0.129267 0.0663565
vn -0.000461935 -0.000382707 -0.000800095
v 0.34338 0.129267 0.0663565
vn 0.000461935 0.000382707 0.000800095
v 0.336354 0.133285 0.0901543
vn -0.000239115 -0.000382707 -0.00089239
v 0.336354 0.133285 0.0901543
vn 0.000239115 0.000382707 0.00089239
v 0.324827 0.140786 0.111399
vn 0 -0.000258837 -0.000965921
v 0.324827 0.140786 0.111399
vn 0 0.000258837 0.000965921
v 0.312075 0.154428 0.128483
vn 0.000249999 -0.000258837 -0.000933008
v 0.312075 0.154428 0.128483
vn -0.000249999 0.000258837 0.000933008
v 0.297703 0.171627 0.140241
vn 0.000482961 -0.000258837 -0.000836512
v 0.297703 0.171627 0.140241
vn -0.000482961 0.000258837 0.000836512
v 0.32315 0.182434 -0.0361464
vn -0.00089239 -0.000382707 0.000239115
v 0.32315 0.182434 -0.0361464
vn 0.00089239 0.000382707 -0.000239115
v 0.231536 0.277682 0.0839014
vn 0.000836512 -0.000258837 0.000482961
v 0.231536 0.277682 0.0839014
vn -0.000836512 0.000258837 -0.000482961
v 0.231037 0.284318 0.0594817
vn 0.000683009 -0.000258837 0.000683009
v 0.231037 0.284318 0.0594817
vn -0.000683009 0.000258837 -0.000683009
v 0.23444 0.28566 0.0344379
vn 0.000482961 -0.000258837 0.000836512
v 0.23444 0.28566 0.0344379
vn -0.000482961 0.000258837 -0.000836512
v 0.284317 0.192455 0.145488
vn 0.000653274 -0.000382707 -0.000653274
v 0.284317 0.192455 0.145488
vn -0.000653274 0.000382707 0.000653274
v 0.256628 0.233085 0.137326
vn 0.00089239 -0.000382707 -0.000239115
v 0.256628 0.233085 0.137326
vn -0.00089239 0.000382707 0.000239115
v 0.269788 0.212947 0.14461
vn 0.000800095 -0.000382707 -0.000461935
v 0.269788 0.212947 0.14461
vn -0.000800095 0.000382707 0.000461935
v 0.280553 0.242513 -0.0387168
vn -0.000461935 -0.000382707 0.000800095
v 0.280553 0.242513 -0.0387168
vn 0.000461935 0.000382707 -0.000800095
v 0.266279 0.259595 -0.0270405
vn -0.000239115 -0.000382707 0.00089239
v 0.266279 0.259595 -0.0270405
vn 0.000239115 0.000382707 -0.00089239
v 0.341927 0.14859 -0.00474414
vn -0.00089239 -0.000382707 -0.000239115
v 0.341927 0.14859 -0.00474414
vn 0.00089239 0.000382707 0.000239115
v 0.346264 0.137191 0.0172344
vn -0.000800095 -0.000382707 -0.000461935
v 0.346264 0.137191 0.0172344
vn 0.000800095 0.000382707 0.000461935
v 0.326162 0.142378 0.111254
vn 0 -0.000382707 -0.00092387
v 0.326162 0.142378 0.111254
vn 0 0.000382707 0.00092387
v 0.334043 0.164022 -0.0229502
vn -0.00092387 -0.000382707 -0
v 0.334043 0.164022 -0.0229502
vn 0.00092387 0.000382707 0
v 0.235904 0.266203 0.106031
vn 0.000933008 -0.000258837 0.000249999
v 0.235904 0.266203 0.106031
vn -0.000933008 0.000258837 -0.000249999
v 0.245736 0.251498 0.124131
vn 0.00092387 -0.000382707 0
v 0.245736 0.251498 0.124131
vn -0.00092387 0.000382707 0
v 0.253616 0.273142 -0.0100736
vn 0 -0.000382707 0.00092387
v 0.253616 0.273142 -0.0100736
vn 0 0.000382707 -0.00092387
v 0.243424 0.282235 0.0110264
vn 0.000239115 -0.000382707 0.00089239
v 0.243424 0.282235 0.0110264
vn -0.000239115 0.000382707 -0.00089239
v 0.296909 0.223994 -0.0431394
vn -0.000612361 -0.000500027 0.000612361
v 0.296909 0.223994 -0.0431394
vn 0.000612361 0.000500027 -0.000612361
v 0.3113 0.203698 -0.0422704
vn -0.000749986 -0.000500027 0.000433005
v 0.3113 0.203698 -0.0422704
vn 0.000749986 0.000500027 -0.000433005
v 0.347717 0.132412 0.0418334
vn -0.000612361 -0.000500027 -0.000612361
v 0.347717 0.132412 0.0418334
vn 0.000612361 0.000500027 0.000612361
v 0.34437 0.131092 0.0664679
vn -0.000433005 -0.000500027 -0.000749986
v 0.34437 0.131092 0.0664679
vn 0.000433005 0.000500027 0.000749986
v 0.337411 0.135071 0.0900381
vn -0.00022414 -0.000500027 -0.000836501
v 0.337411 0.135071 0.0900381
vn 0.00022414 0.000500027 0.000836501
v 0.327317 0.144077 0.110937
vn 0 -0.000500027 -0.00086601
v 0.327317 0.144077 0.110937
vn 0 0.000500027 0.00086601
v 0.313499 0.155925 0.128221
vn 0.000239115 -0.000382707 -0.00089239
v 0.313499 0.155925 0.128221
vn -0.000239115 0.000382707 0.00089239
v 0.299226 0.173005 0.139897
vn 0.000461935 -0.000382707 -0.000800095
v 0.299226 0.173005 0.139897
vn -0.000461935 0.000382707 0.000800095
v 0.324333 0.183752 -0.0350559
vn -0.000836501 -0.000500027 0.00022414
v 0.324333 0.183752 -0.0350559
vn 0.000836501 0.000500027 -0.00022414
v 0.233514 0.278329 0.0839462
vn 0.000800095 -0.000382707 0.000461935
v 0.233514 0.278329 0.0839462
vn -0.000800095 0.000382707 -0.000461935
v 0.233019 0.28492 0.0596958
vn 0.000653274 -0.000382707 0.000653274
v 0.233019 0.28492 0.0596958
vn -0.000653274 0.000382707 -0.000653274
v 0.236399 0.286251 0.0348241
vn 0.000461935 -0.000382707 0.000800095
v 0.236399 0.286251 0.0348241
vn -0.000461935 0.000382707 -0.000800095
v 0.285871 0.193676 0.144843
vn 0.000612361 -0.000500027 -0.000612361
v 0.285871 0.193676 0.144843
vn -0.000612361 0.000500027 0.000612361
v 0.258447 0.233919 0.13676
vn 0.000836501 -0.000500027 -0.00022414
v 0.258447 0.233919 0.13676
vn -0.000836501 0.000500027 0.00022414
v 0.27148 0.213973 0.143974
vn 0.000749986 -0.000500027 -0.000433005
v 0.27148 0.213973 0.143974
vn -0.000749986 0.000500027 0.000433005
v 0.282143 0.243257 -0.0376023
vn -0.000433005 -0.000500027 0.000749986
v 0.282143 0.243257 -0.0376023
vn 0.000433005 0.000500027 -0.000749986
v 0.268006 0.260175 -0.026037
vn -0.00022414 -0.000500027 0.000836501
v 0.268006 0.260175 -0.026037
vn 0.00022414 0.000500027 -0.000836501
v 0.34293 0.15023 -0.0039535
vn -0.000836501 -0.000500027 -0.00022414
v 0.34293 0.15023 -0.0039535
vn 0.000836501 0.000500027 0.00022414
v 0.347226 0.13894 0.0178142
vn -0.000749986 -0.000500027 -0.000433005
v 0.347226 0.13894 0.0178142
vn 0.000749986 0.000500027 0.000433005
v 0.314774 0.157495 0.127742
vn 0.00022414 -0.000500027 -0.000836501
v 0.314774 0.157495 0.127742
vn -0.00022414 0.000500027 0.000836501
v 0.335122 0.165515 -0.0219859
vn -0.00086601 -0.000500027 0
v 0.335122 0.165515 -0.0219859
vn 0.00086601 0.000500027 0
v 0.237852 0.26693 0.105924
vn 0.00089239 -0.000382707 0.000239115
v 0.237852 0.26693 0.105924
vn -0.00089239 0.000382707 -0.000239115
v 0.247658 0.252155 0.12369
vn 0.00086601 -0.000500027 0
v 0.247658 0.252155 0.12369
vn -0.00086601 0.000500027 0
v 0.255463 0.273594 -0.009233
vn 0 -0.000500027 0.00086601
v 0.255463 0.273594 -0.009233
vn 0 0.000500027 -0.00086601
v 0.245369 0.282599 0.0116663
vn 0.00022414 -0.000500027 0.000836501
v 0.245369 0.282599 0.0116663
vn -0.00022414 0.000500027 -0.000836501
v 0.298231 0.224805 -0.0417587
vn -0.00056097 -0.00060879 0.00056097
v 0.298231 0.224805 -0.0417587
vn 0.00056097 0.00060879 -0.00056097
v 0.312447 0.204755 -0.0409012
vn -0.000687045 -0.00060879 0.000396666
v 0.312447 0.204755 -0.0409012
vn 0.000687045 0.00060879 -0.000396666
v 0.348424 0.134332 0.0421853
vn -0.00056097 -0.00060879 -0.00056097
v 0.348424 0.134332 0.0421853
vn 0.00056097 0.00060879 0.00056097
v 0.345116 0.133029 0.0665206
vn -0.000396666 -0.00060879 -0.000687045
v 0.345116 0.133029 0.0665206
vn 0.000396666 0.00060879 0.000687045
v 0.338242 0.13696 0.0898047
vn -0.000205329 -0.00060879 -0.0007663
v 0.338242 0.13696 0.0898047
vn 0.000205329 0.00060879 0.0007663
v 0.32827 0.145856 0.110451
vn 0 -0.00060879 -0.000793332
v 0.32827 0.145856 0.110451
vn 0 0.00060879 0.000793332
v 0.315879 0.159113 0.127051
vn 0.000205329 -0.00060879 -0.0007663
v 0.315879 0.159113 0.127051
vn -0.000205329 0.00060879 0.0007663
v 0.300638 0.174413 0.139307
vn 0.000433005 -0.000500027 -0.000749986
v 0.300638 0.174413 0.139307
vn -0.000433005 0.000500027 0.000749986
v 0.325322 0.185051 -0.0337731
vn -0.0007663 -0.00060879 0.000205329
v 0.325322 0.185051 -0.0337731
vn 0.0007663 0.00060879 -0.000205329
v 0.235554 0.278731 0.0838897
vn 0.000749986 -0.000500027 0.000433005
v 0.235554 0.278731 0.0838897
vn -0.000749986 0.000500027 -0.000433005
v 0.235063 0.285258 0.0598697
vn 0.000612361 -0.000500027 0.000612361
v 0.235063 0.285258 0.0598697
vn -0.000612361 0.000500027 -0.000612361
v 0.238411 0.286578 0.0352366
vn 0.000433005 -0.000500027 0.000749986
v 0.238411 0.286578 0.0352366
vn -0.000433005 0.000500027 -0.000749986
v 0.287326 0.194854 0.143947
vn 0.00056097 -0.00060879 -0.00056097
v 0.287326 0.194854 0.143947
vn -0.00056097 0.00060879 0.00056097
v 0.260234 0.23461 0.135961
vn 0.0007663 -0.00060879 -0.000205329
v 0.260234 0.23461 0.135961
vn -0.0007663 0.00060879 0.000205329
v 0.27311 0.214905 0.143088
vn 0.000687045 -0.00060879 -0.000396666
v 0.27311 0.214905 0.143088
vn -0.000687045 0.00060879 0.000396666
v 0.283643 0.243835 -0.0362888
vn -0.000396666 -0.00060879 0.000687045
v 0.283643 0.243835 -0.0362888
vn 0.000396666 0.00060879 -0.000687045
v 0.269678 0.260548 -0.0248636
vn -0.000205329 -0.00060879 0.0007663
v 0.269678 0.260548 -0.0248636
vn 0.000205329 0.00060879 -0.0007663
v 0.343694 0.151935 -0.00304755
vn -0.0007663 -0.00060879 -0.000205329
v 0.343694 0.151935 -0.00304755
vn 0.0007663 0.00060879 0.000205329
v 0.347939 0.140781 0.0184564
vn -0.000687045 -0.00060879 -0.000396666
v 0.347939 0.140781 0.0184564
vn 0.000687045 0.00060879 0.000396666
v 0.301914 0.175825 0.138477
vn 0.000396666 -0.00060879 -0.000687045
v 0.301914 0.175825 0.138477
vn -0.000396666 0.00060879 0.000687045
v 0.335981 0.167034 -0.0208618
vn -0.000793332 -0.00060879 0
v 0.335981 0.167034 -0.0208618
vn 0.000793332 0.00060879 0
v 0.23985 0.26744 0.105657
vn 0.000836501 -0.000500027 0.00022414
v 0.23985 0.26744 0.105657
vn -0.000836501 0.000500027 -0.00022414
v 0.249576 0.252625 0.12305
vn 0.000793332 -0.00060879 0
v 0.249576 0.252625 0.12305
vn -0.000793332 0.00060879 0
v 0.257287 0.273804 -0.00826334
vn 0 -0.00060879 0.000793332
v 0.257287 0.273804 -0.00826334
vn 0 0.00060879 -0.000793332
v 0.247315 0.2827 0.0123831
vn 0.000205329 -0.00060879 0.0007663
v 0.247315 0.2827 0.0123831
vn -0.000205329 0.00060879 -0.0007663
v 0.31342 0.205731 -0.0393421
vn -0.00061235 -0.000707133 0.00035354
v 0.31342 0.205731 -0.0393421
vn 0.00061235 0.000707133 -0.00035354
v 0.348395 0.142689 0.0191511
vn -0.00061235 -0.000707133 -0.00035354
v 0.348395 0.142689 0.0191511
vn 0.00061235 0.000707133 0.00035354
v 0.348873 0.136334 0.0425345
vn -0.000499982 -0.000707133 -0.000499982
v 0.348873 0.136334 0.0425345
vn 0.000499982 0.000707133 0.000499982
v 0.33884 0.138923 0.0894604
vn -0.000183006 -0.000707133 -0.000682988
v 0.33884 0.138923 0.0894604
vn 0.000183006 0.000707133 0.000682988
v 0.329013 0.14769 0.109807
vn 0 -0.000707133 -0.000707081
v 0.329013 0.14769 0.109807
vn 0 0.000707133 0.000707081
v 0.316803 0.160753 0.126166
vn 0.000183006 -0.000707133 -0.000682988
v 0.316803 0.160753 0.126166
vn -0.000183006 0.000707133 0.000682988
v 0.303041 0.177222 0.137425
vn 0.00035354 -0.000707133 -0.00061235
v 0.303041 0.177222 0.137425
vn -0.00035354 0.000707133 0.00061235
v 0.326109 0.186313 -0.0323187
vn -0.000682988 -0.000707133 0.000183006
v 0.326109 0.186313 -0.0323187
vn 0.000682988 0.000707133 -0.000183006
v 0.237618 0.278879 0.0837306
vn 0.000687045 -0.00060879 0.000396666
v 0.237618 0.278879 0.0837306
vn -0.000687045 0.00060879 -0.000396666
v 0.237133 0.285327 0.0600031
vn 0.00056097 -0.00060879 0.00056097
v 0.237133 0.285327 0.0600031
vn -0.00056097 0.00060879 -0.00056097
v 0.240441 0.286631 0.0356671
vn 0.000396666 -0.00060879 0.000687045
v 0.240441 0.286631 0.0356671
vn -0.000396666 0.00060879 -0.000687045
v 0.274656 0.215734 0.141969
vn 0.00061235 -0.000707133 -0.00035354
v 0.274656 0.215734 0.141969
vn -0.00061235 0.000707133 0.00035354
v 0.261967 0.235152 0.134946
vn 0.000682988 -0.000707133 -0.000183006
v 0.261967 0.235152 0.134946
vn -0.000682988 0.000707133 0.000183006
v 0.299411 0.22549 -0.0401878
vn -0.000499982 -0.000707133 0.000499982
v 0.299411 0.22549 -0.0401878
vn 0.000499982 0.000707133 -0.000499982
v 0.285035 0.244243 -0.0347983
vn -0.00035354 -0.000707133 0.00061235
v 0.285035 0.244243 -0.0347983
vn 0.00035354 0.000707133 -0.00061235
v 0.271274 0.260712 -0.0235395
vn -0.000183006 -0.000707133 0.000682988
v 0.271274 0.260712 -0.0235395
vn 0.000183006 0.000707133 -0.000682988
v 0.344213 0.15368 -0.00204045
vn -0.000682988 -0.000707133 -0.000183006
v 0.344213 0.15368 -0.00204045
vn 0.000682988 0.000707133 0.000183006
v 0.345614 0.135049 0.0665155
vn -0.00035354 -0.000707133 -0.00061235
v 0.345614 0.135049 0.0665155
vn 0.00035354 0.000707133 0.00061235
v 0.288665 0.195975 0.142815
vn 0.000499982 -0.000707133 -0.000499982
v 0.288665 0.195975 0.142815
vn -0.000499982 0.000707133 0.000499982
v 0.336612 0.16856 -0.0195951
vn -0.000707081 -0.000707133 0
v 0.336612 0.16856 -0.0195951
vn 0.000707081 0.000707133 0
v 0.241862 0.267725 0.105235
vn 0.0007663 -0.00060879 0.000205329
v 0.241862 0.267725 0.105235
vn -0.0007663 0.00060879 -0.000205329
v 0.251465 0.252905 0.122223
vn 0.000707081 -0.000707133 0
v 0.251465 0.252905 0.122223
vn -0.000707081 0.000707133 0
v 0.259063 0.273776 -0.00718003
vn 0 -0.000707133 0.000707081
v 0.259063 0.273776 -0.00718003
vn 0 0.000707133 -0.000707081
v 0.249236 0.282542 0.0131656
vn 0.000183006 -0.000707133 0.000682988
v 0.249236 0.282542 0.0131656
vn -0.000183006 0.000707133 -0.000682988
v 0.314195 0.206604 -0.0376233
vn -0.000527178 -0.000793375 0.000304367
v 0.314195 0.206604 -0.0376233
vn 0.000527178 0.000793375 -0.000304367
v 0.32667 0.187513 -0.0307184
vn -0.000587991 -0.000793375 0.000157552
v 0.32667 0.187513 -0.0307184
vn 0.000587991 0.000793375 -0.000157552
v 0.348581 0.144623 0.019885
vn -0.000527178 -0.000793375 -0.000304367
v 0.348581 0.144623 0.019885
vn 0.000527178 0.000793375 0.000304367
v 0.349051 0.138376 0.0428735
vn -0.000430439 -0.000793375 -0.000430439
v 0.349051 0.138376 0.0428735
vn 0.000430439 0.000793375 0.000430439
v 0.345847 0.137113 0.0664516
vn -0.000304367 -0.000793375 -0.000527178
v 0.345847 0.137113 0.0664516
vn 0.000304367 0.000793375 0.000527178
v 0.339187 0.14092 0.0890109
vn -0.000157552 -0.000793375 -0.000587991
v 0.339187 0.14092 0.0890109
vn 0.000157552 0.000793375 0.000587991
v 0.317521 0.162383 0.125098
vn 0.000157552 -0.000793375 -0.000587991
v 0.317521 0.162383 0.125098
vn -0.000157552 0.000793375 0.000587991
v 0.30399 0.178575 0.136167
vn 0.000304367 -0.000793375 -0.000527178
v 0.30399 0.178575 0.136167
vn -0.000304367 0.000793375 0.000527178
v 0.289856 0.197013 0.141466
vn 0.000430439 -0.000793375 -0.000430439
v 0.289856 0.197013 0.141466
vn -0.000430439 0.000793375 0.000430439
v 0.336996 0.170059 -0.0182094
vn -0.000608733 -0.000793375 0
v 0.336996 0.170059 -0.0182094
vn 0.000608733 0.000793375 0
v 0.239681 0.278776 0.0834757
vn 0.00061235 -0.000707133 0.00035354
v 0.239681 0.278776 0.0834757
vn -0.00061235 0.000707133 -0.00035354
v 0.239203 0.285131 0.0600923
vn 0.000499982 -0.000707133 0.000499982
v 0.239203 0.285131 0.0600923
vn -0.000499982 0.000707133 -0.000499982
v 0.276084 0.216438 0.140635
vn 0.000527178 -0.000793375 -0.000304367
v 0.276084 0.216438 0.140635
vn -0.000527178 0.000793375 0.000304367
v 0.253283 0.252984 0.121221
vn 0.000608733 -0.000793375 0
v 0.253283 0.252984 0.121221
vn -0.000608733 0.000793375 0
v 0.263609 0.235529 0.13373
vn 0.000587991 -0.000793375 -0.000157552
v 0.263609 0.235529 0.13373
vn -0.000587991 0.000793375 0.000157552
v 0.242462 0.286416 0.0361113
vn 0.00035354 -0.000707133 0.00061235
v 0.242462 0.286416 0.0361113
vn -0.00035354 0.000707133 -0.00061235
v 0.300422 0.22603 -0.0384551
vn -0.000430439 -0.000793375 0.000430439
v 0.300422 0.22603 -0.0384551
vn 0.000430439 0.000793375 -0.000430439
v 0.286288 0.244467 -0.0331554
vn -0.000304367 -0.000793375 0.000527178
v 0.286288 0.244467 -0.0331554
vn 0.000304367 0.000793375 -0.000527178
v 0.260753 0.273502 -0.00600274
vn 0 -0.000793375 0.000608733
v 0.260753 0.273502 -0.00600274
vn 0 0.000793375 -0.000608733
v 0.34447 0.155429 -0.000949799
vn -0.000587991 -0.000793375 -0.000157552
v 0.34447 0.155429 -0.000949799
vn 0.000587991 0.000793375 0.000157552
v 0.329525 0.14954 0.109014
vn 0 -0.000793375 -0.000608733
v 0.329525 0.14954 0.109014
vn 0 0.000793375 0.000608733
v 0.243863 0.267785 0.104667
vn 0.000682988 -0.000707133 0.000183006
v 0.243863 0.267785 0.104667
vn -0.000682988 0.000707133 -0.000183006
v 0.251091 0.282122 0.0140003
vn 0.000157552 -0.000793375 0.000587991
v 0.251091 0.282122 0.0140003
vn -0.000157552 0.000793375 -0.000587991
v 0.244432 0.28593 0.0365596
vn 0.000304367 -0.000793375 0.000527178
v 0.244432 0.28593 0.0365596
vn -0.000304367 0.000793375 -0.000527178
v 0.314766 0.207365 -0.0357731
vn -0.000432989 -0.000866041 0.000249986
v 0.314766 0.207365 -0.0357731
vn 0.000432989 0.000866041 -0.000249986
v 0.327004 0.188636 -0.0289988
vn -0.000482936 -0.000866041 0.000129402
v 0.327004 0.188636 -0.0289988
vn 0.000482936 0.000866041 -0.000129402
v 0.337135 0.171512 -0.0167264
vn -0.000499972 -0.000866041 0
v 0.337135 0.171512 -0.0167264
vn 0.000499972 0.000866041 0
v 0.272758 0.260659 -0.0220869
vn -0.000157552 -0.000793375 0.000587991
v 0.272758 0.260659 -0.0220869
vn 0.000157552 0.000793375 -0.000587991
v 0.348501 0.146558 0.0206459
vn -0.000432989 -0.000866041 -0.000249986
v 0.348501 0.146558 0.0206459
vn 0.000432989 0.000866041 0.000249986
v 0.344467 0.15716 0.000205885
vn -0.000482936 -0.000866041 -0.000129402
v 0.344467 0.15716 0.000205885
vn 0.000482936 0.000866041 0.000129402
v 0.348962 0.140429 0.0432001
vn -0.000353534 -0.000866041 -0.000353534
v 0.348962 0.140429 0.0432001
vn 0.000353534 0.000866041 0.000353534
v 0.345819 0.139189 0.0663307
vn -0.000249986 -0.000866041 -0.000432989
v 0.345819 0.139189 0.0663307
vn 0.000249986 0.000866041 0.000432989
v 0.339285 0.142926 0.0884619
vn -0.000129402 -0.000866041 -0.000482936
v 0.339285 0.142926 0.0884619
vn 0.000129402 0.000866041 0.000482936
v 0.318028 0.163982 0.123866
vn 0.000129402 -0.000866041 -0.000482936
v 0.318028 0.163982 0.123866
vn -0.000129402 0.000866041 0.000482936
v 0.304755 0.179867 0.134725
vn 0.000249986 -0.000866041 -0.000432989
v 0.304755 0.179867 0.134725
vn -0.000249986 0.000866041 0.000432989
v 0.290889 0.197955 0.139924
vn 0.000353534 -0.000866041 -0.000353534
v 0.290889 0.197955 0.139924
vn -0.000353534 0.000866041 0.000353534
v 0.277376 0.217013 0.139109
vn 0.000432989 -0.000866041 -0.000249986
v 0.277376 0.217013 0.139109
vn -0.000432989 0.000866041 0.000249986
v 0.245809 0.267613 0.103961
vn 0.000587991 -0.000793375 0.000157552
v 0.245809 0.267613 0.103961
vn -0.000587991 0.000793375 -0.000157552
v 0.241697 0.278419 0.0831262
vn 0.000527178 -0.000793375 0.000304367
v 0.241697 0.278419 0.0831262
vn -0.000527178 0.000793375 -0.000304367
v 0.241227 0.284667 0.0601371
vn 0.000430439 -0.000793375 0.000430439
v 0.241227 0.284667 0.0601371
vn -0.000430439 0.000793375 -0.000430439
v 0.265138 0.235742 0.132333
vn 0.000482936 -0.000866041 -0.000129402
v 0.265138 0.235742 0.132333
vn -0.000482936 0.000866041 0.000129402
v 0.255007 0.252866 0.120062
vn 0.000499972 -0.000866041 0
v 0.255007 0.252866 0.120062
vn -0.000499972 0.000866041 0
v 0.301253 0.226424 -0.0365886
vn -0.000353534 -0.000866041 0.000353534
v 0.301253 0.226424 -0.0365886
vn 0.000353534 0.000866041 -0.000353534
v 0.287388 0.244511 -0.0313905
vn -0.000249986 -0.000866041 0.000432989
v 0.287388 0.244511 -0.0313905
vn 0.000249986 0.000866041 -0.000432989
v 0.262336 0.272996 -0.00475096
vn 0 -0.000866041 0.000499972
v 0.262336 0.272996 -0.00475096
vn 0 0.000866041 -0.000499972
v 0.252858 0.281452 0.0148727
vn 0.000129402 -0.000866041 0.000482936
v 0.252858 0.281452 0.0148727
vn -0.000129402 0.000866041 -0.000482936
v 0.329806 0.151382 0.108087
vn 0 -0.000866041 -0.000499972
v 0.329806 0.151382 0.108087
vn 0 0.000866041 0.000499972
v 0.246324 0.285189 0.037004
vn 0.000249986 -0.000866041 0.000432989
v 0.246324 0.285189 0.037004
vn -0.000249986 0.000866041 -0.000432989
v 0.24318 0.28395 0.0601353
vn 0.000353534 -0.000866041 0.000353534
v 0.24318 0.28395 0.0601353
vn -0.000353534 0.000866041 -0.000353534
v 0.31512 0.207998 -0.0338223
vn -0.000331393 -0.00092389 0.00019133
v 0.31512 0.207998 -0.0338223
vn 0.000331393 0.00092389 -0.00019133
v 0.327103 0.189658 -0.0271894
vn -0.00036962 -0.00092389 9.904e-05
v 0.327103 0.189658 -0.0271894
vn 0.00036962 0.00092389 -9.904e-05
v 0.337023 0.172891 -0.0151733
vn -0.000382659 -0.00092389 0
v 0.337023 0.172891 -0.0151733
vn 0.000382659 0.00092389 0
v 0.274114 0.260396 -0.0205309
vn -0.000129402 -0.000866041 0.000482936
v 0.274114 0.260396 -0.0205309
vn 0.000129402 0.000866041 -0.000482936
v 0.348152 0.148457 0.0214216
vn -0.000331393 -0.00092389 -0.00019133
v 0.348152 0.148457 0.0214216
vn 0.000331393 0.00092389 0.00019133
v 0.344202 0.158838 0.0014066
vn -0.00036962 -0.00092389 -9.904e-05
v 0.344202 0.158838 0.0014066
vn 0.00036962 0.00092389 9.904e-05
v 0.348603 0.142456 0.0435052
vn -0.000270581 -0.00092389 -0.000270581
v 0.348603 0.142456 0.0435052
vn 0.000270581 0.00092389 0.000270581
v 0.345525 0.141242 0.0661553
vn -0.00019133 -0.00092389 -0.000331393
v 0.345525 0.141242 0.0661553
vn 0.00019133 0.00092389 0.000331393
v 0.339128 0.144901 0.0878256
vn -9.904e-05 -0.00092389 -0.00036962
v 0.339128 0.144901 0.0878256
vn 9.904e-05 0.00092389 0.00036962
v 0.318314 0.165518 0.122492
vn 9.904e-05 -0.00092389 -0.00036962
v 0.318314 0.165518 0.122492
vn -9.904e-05 0.00092389 0.00036962
v 0.305317 0.181072 0.133125
vn 0.00019133 -0.00092389 -0.000331393
v 0.305317 0.181072 0.133125
vn -0.00019133 0.00092389 0.000331393
v 0.291739 0.198784 0.138216
vn 0.000270581 -0.00092389 -0.000270581
v 0.291739 0.198784 0.138216
vn -0.000270581 0.00092389 0.000270581
v 0.278509 0.217445 0.137417
vn 0.000331393 -0.00092389 -0.00019133
v 0.278509 0.217445 0.137417
vn -0.000331393 0.00092389 0.00019133
v 0.266524 0.235785 0.130784
vn 0.00036962 -0.00092389 -9.904e-05
v 0.266524 0.235785 0.130784
vn -0.00036962 0.00092389 9.904e-05
v 0.247676 0.267218 0.103129
vn 0.000482936 -0.000866041 0.000129402
v 0.247676 0.267218 0.103129
vn -0.000482936 0.000866041 -0.000129402
v 0.243641 0.27782 0.0826896
vn 0.000432989 -0.000866041 0.000249986
v 0.243641 0.27782 0.0826896
vn -0.000432989 0.000866041 -0.000249986
v 0.256606 0.252551 0.118767
vn 0.000382659 -0.00092389 0
v 0.256606 0.252551 0.118767
vn -0.000382659 0.00092389 0
v 0.301889 0.226659 -0.0346215
vn -0.000270581 -0.00092389 0.000270581
v 0.301889 0.226659 -0.0346215
vn 0.000270581 0.00092389 -0.000270581
v 0.288311 0.244371 -0.0295309
vn -0.00019133 -0.00092389 0.000331393
v 0.288311 0.244371 -0.0295309
vn 0.00019133 0.00092389 -0.000331393
v 0.263781 0.272263 -0.00344709
vn 0 -0.00092389 0.000382659
v 0.263781 0.272263 -0.00344709
vn 0 0.00092389 -0.000382659
v 0.2545 0.280543 0.0157688
vn 9.904e-05 -0.00092389 0.00036962
v 0.2545 0.280543 0.0157688
vn -9.904e-05 0.00092389 -0.00036962
v 0.248103 0.284201 0.0374391
vn 0.00019133 -0.00092389 0.000331393
v 0.248103 0.284201 0.0374391
vn -0.00019133 0.00092389 -0.000331393
v 0.329846 0.15318 0.107041
vn 0 -0.00092389 -0.000382659
v 0.329846 0.15318 0.107041
vn 0 0.00092389 0.000382659
v 0.245025 0.282987 0.0600891
vn 0.000270581 -0.00092389 0.000270581
v 0.245025 0.282987 0.0600891
vn -0.000270581 0.00092389 -0.000270581
v 0.245476 0.276985 0.0821734
vn 0.000331393 -0.00092389 0.00019133
v 0.245476 0.276985 0.0821734
vn -0.000331393 0.00092389 -0.00019133
v 0.315246 0.208489 -0.0318064
vn -0.000224128 -0.000965931 0.000129401
v 0.315246 0.208489 -0.0318064
vn 0.000224128 0.000965931 -0.000129401
v 0.326961 0.190562 -0.0253223
vn -0.000249983 -0.000965931 6.6983e-05
v 0.326961 0.190562 -0.0253223
vn 0.000249983 0.000965931 -6.6983e-05
v 0.336657 0.174171 -0.0135749
vn -0.000258801 -0.000965931 -0
v 0.336657 0.174171 -0.0135749
vn 0.000258801 0.000965931 0
v 0.275314 0.259925 -0.0188978
vn -9.904e-05 -0.00092389 0.00036962
v 0.275314 0.259925 -0.0188978
vn 9.904e-05 0.00092389 -0.00036962
v 0.347537 0.150286 0.022197
vn -0.000224128 -0.000965931 -0.000129401
v 0.347537 0.150286 0.022197
vn 0.000224128 0.000965931 0.000129401
v 0.343676 0.160433 0.00263232
vn -0.000249983 -0.000965931 -6.6983e-05
v 0.343676 0.160433 0.00263232
vn 0.000249983 0.000965931 6.6983e-05
v 0.347978 0.144418 0.0437851
vn -0.000183 -0.000965931 -0.000183
v 0.347978 0.144418 0.0437851
vn 0.000183 0.000965931 0.000183
v 0.344969 0.143233 0.0659257
vn -0.000129401 -0.000965931 -0.000224128
v 0.344969 0.143233 0.0659257
vn 0.000129401 0.000965931 0.000224128
v 0.338715 0.146809 0.0871104
vn -6.6983e-05 -0.000965931 -0.000249983
v 0.338715 0.146809 0.0871104
vn 6.6983e-05 0.000965931 0.000249983
v 0.318369 0.166963 0.120998
vn 6.6983e-05 -0.000965931 -0.000249983
v 0.318369 0.166963 0.120998
vn -6.6983e-05 0.000965931 0.000249983
v 0.305663 0.182169 0.131393
vn 0.000129401 -0.000965931 -0.000224128
v 0.305663 0.182169 0.131393
vn -0.000129401 0.000965931 0.000224128
v 0.292391 0.199482 0.136369
vn 0.000183 -0.000965931 -0.000183
v 0.292391 0.199482 0.136369
vn -0.000183 0.000965931 0.000183
v 0.279457 0.217724 0.135588
vn 0.000224128 -0.000965931 -0.000129401
v 0.279457 0.217724 0.135588
vn -0.000224128 0.000965931 0.000129401
v 0.267743 0.235651 0.129103
vn 0.000249983 -0.000965931 -6.6983e-05
v 0.267743 0.235651 0.129103
vn -0.000249983 0.000965931 6.6983e-05
v 0.258046 0.252042 0.117357
vn 0.000258801 -0.000965931 0
v 0.258046 0.252042 0.117357
vn -0.000258801 0.000965931 0
v 0.249426 0.266605 0.102188
vn 0.00036962 -0.00092389 9.904e-05
v 0.249426 0.266605 0.102188
vn -0.00036962 0.00092389 -9.904e-05
v 0.302312 0.226731 -0.0325876
vn -0.000183 -0.000965931 0.000183
v 0.302312 0.226731 -0.0325876
vn 0.000183 0.000965931 -0.000183
v 0.28904 0.244045 -0.0276108
vn -0.000129401 -0.000965931 0.000224128
v 0.28904 0.244045 -0.0276108
vn 0.000129401 0.000965931 -0.000224128
v 0.265061 0.271311 -0.00211282
vn 0 -0.000965931 0.000258801
v 0.265061 0.271311 -0.00211282
vn 0 0.000965931 -0.000258801
v 0.255988 0.279404 0.0166713
vn 6.6983e-05 -0.000965931 0.000249983
v 0.255988 0.279404 0.0166713
vn -6.6983e-05 0.000965931 -0.000249983
v 0.249734 0.282981 0.0378561
vn 0.000129401 -0.000965931 0.000224128
v 0.249734 0.282981 0.0378561
vn -0.000129401 0.000965931 -0.000224128
v 0.246726 0.281795 0.0599959
vn 0.000183 -0.000965931 0.000183
v 0.246726 0.281795 0.0599959
vn -0.000183 0.000965931 -0.000183
v 0.329642 0.154903 0.105895
vn 0 -0.000965931 -0.000258801
v 0.329642 0.154903 0.105895
vn 0 0.000965931 0.000258801
v 0.247167 0.275928 0.0815848
vn 0.000224128 -0.000965931 0.000129401
v 0.247167 0.275928 0.0815848
vn -0.000224128 0.000965931 -0.000129401
v 0.251028 0.26578 0.101149
vn 0.000249983 -0.000965931 6.6983e-05
v 0.251028 0.26578 0.101149
vn -0.000249983 0.000965931 -6.6983e-05
v 0.315143 0.20883 -0.0297587
vn -0.000113031 -0.000991446 6.5258e-05
v 0.315143 0.20883 -0.0297587
vn 0.000113031 0.000991446 -6.5258e-05
v 0.326579 0.19133 -0.0234288
vn -0.000126069 -0.000991446 3.378e-05
v 0.326579 0.19133 -0.0234288
vn 0.000126069 0.000991446 -3.378e-05
v 0.336045 0.175328 -0.0119613
vn -0.000130517 -0.000991446 0
v 0.336045 0.175328 -0.0119613
vn 0.000130517 0.000991446 0
v 0.276334 0.25925 -0.0172162
vn -6.6983e-05 -0.000965931 0.000249983
v 0.276334 0.25925 -0.0172162
vn 6.6983e-05 0.000965931 -0.000249983
v 0.346666 0.152011 0.02296
vn -0.000113031 -0.000991446 -6.5258e-05
v 0.346666 0.152011 0.02296
vn 0.000113031 0.000991446 6.5258e-05
v 0.342896 0.161918 0.00386056
vn -0.000126069 -0.000991446 -3.378e-05
v 0.342896 0.161918 0.00386056
vn 0.000126069 0.000991446 3.378e-05
v 0.347096 0.146284 0.0440342
vn -9.2289e-05 -0.000991446 -9.2289e-05
v 0.347096 0.146284 0.0440342
vn 9.2289e-05 0.000991446 9.2289e-05
v 0.344159 0.145127 0.0656483
vn -6.5258e-05 -0.000991446 -0.000113031
v 0.344159 0.145127 0.0656483
vn 6.5258e-05 0.000991446 0.000113031
v 0.338054 0.148617 0.0863286
vn -3.378e-05 -0.000991446 -0.000126069
v 0.338054 0.148617 0.0863286
vn 3.378e-05 0.000991446 0.000126069
v 0.318192 0.168292 0.11941
vn 3.378e-05 -0.000991446 -0.000126069
v 0.318192 0.168292 0.11941
vn -3.378e-05 0.000991446 0.000126069
v 0.305788 0.183136 0.129557
vn 6.5258e-05 -0.000991446 -0.000113031
v 0.305788 0.183136 0.129557
vn -6.5258e-05 0.000991446 0.000113031
v 0.292832 0.200037 0.134415
vn 9.2289e-05 -0.000991446 -9.2289e-05
v 0.292832 0.200037 0.134415
vn -9.2289e-05 0.000991446 9.2289e-05
v 0.280206 0.217845 0.133654
vn 0.000113031 -0.000991446 -6.5258e-05
v 0.280206 0.217845 0.133654
vn -0.000113031 0.000991446 6.5258e-05
v 0.26877 0.235346 0.127323
vn 0.000126069 -0.000991446 -3.378e-05
v 0.26877 0.235346 0.127323
vn -0.000126069 0.000991446 3.378e-05
v 0.259304 0.251347 0.115856
vn 0.000130517 -0.000991446 0
v 0.259304 0.251347 0.115856
vn -0.000130517 0.000991446 0
v 0.302517 0.226638 -0.0305214
vn -9.2289e-05 -0.000991446 9.2289e-05
v 0.302517 0.226638 -0.0305214
vn 9.2289e-05 0.000991446 -9.2289e-05
v 0.289561 0.24354 -0.0256628
vn -6.5258e-05 -0.000991446 0.000113031
v 0.289561 0.24354 -0.0256628
vn 6.5258e-05 0.000991446 -0.000113031
v 0.266152 0.270157 -0.00077128
vn 0 -0.000991446 0.000130517
v 0.266152 0.270157 -0.00077128
vn 0 0.000991446 -0.000130517
v 0.257295 0.278058 0.0175655
vn 3.378e-05 -0.000991446 0.000126069
v 0.257295 0.278058 0.0175655
vn -3.378e-05 0.000991446 -0.000126069
v 0.25119 0.281549 0.0382459
vn 6.5258e-05 -0.000991446 0.000113031
v 0.25119 0.281549 0.0382459
vn -6.5258e-05 0.000991446 -0.000113031
v 0.248253 0.280392 0.0598593
vn 9.2289e-05 -0.000991446 9.2289e-05
v 0.248253 0.280392 0.0598593
vn -9.2289e-05 0.000991446 -9.2289e-05
v 0.248683 0.274664 0.0809348
vn 0.000113031 -0.000991446 6.5258e-05
v 0.248683 0.274664 0.0809348
vn -0.000113031 0.000991446 -6.5258e-05
v 0.329197 0.156518 0.104666
vn 0 -0.000991446 -0.000130517
v 0.329197 0.156518 0.104666
vn 0 0.000991446 0.000130517
v 0.252453 0.264758 0.100034
vn 0.000126069 -0.000991446 3.378e-05
v 0.252453 0.264758 0.100034
vn -0.000126069 0.000991446 -3.378e-05
v 0.314823 0.209023 -0.0277132
vn -3.7778e-05 -0.000999048 2.1811e-05
v 0.314823 0.209023 -0.0277132
vn 3.7778e-05 0.000999048 -2.1811e-05
v 0.325975 0.191956 -0.0215402
vn -4.2136e-05 -0.000999048 1.129e-05
v 0.325975 0.191956 -0.0215402
vn 4.2136e-05 0.000999048 -1.129e-05
v 0.335206 0.176352 -0.0103568
vn -4.3622e-05 -0.000999048 -0
v 0.335206 0.176352 -0.0103568
vn 4.3622e-05 0.000999048 0
v 0.277157 0.258383 -0.0155163
vn -3.378e-05 -0.000991446 0.000126069
v 0.277157 0.258383 -0.0155163
vn 3.378e-05 0.000991446 -0.000126069
v 0.345563 0.153613 0.0236982
vn -3.7778e-05 -0.000999048 -2.1811e-05
v 0.345563 0.153613 0.0236982
vn 3.7778e-05 0.000999048 2.1811e-05
v 0.341887 0.163274 0.00507248
vn -4.2136e-05 -0.000999048 -1.129e-05
v 0.341887 0.163274 0.00507248
vn 4.2136e-05 0.000999048 1.129e-05
v 0.345983 0.148028 0.0442508
vn -3.0846e-05 -0.000999048 -3.0846e-05
v 0.345983 0.148028 0.0442508
vn 3.0846e-05 0.000999048 3.0846e-05
v 0.343119 0.146899 0.0653278
vn -2.1811e-05 -0.000999048 -3.7778e-05
v 0.343119 0.146899 0.0653278
vn 2.1811e-05 0.000999048 3.7778e-05
v 0.337165 0.150303 0.0854952
vn -1.129e-05 -0.000999048 -4.2136e-05
v 0.337165 0.150303 0.0854952
vn 1.129e-05 0.000999048 4.2136e-05
v 0.317796 0.16949 0.117757
vn 1.129e-05 -0.000999048 -4.2136e-05
v 0.317796 0.16949 0.117757
vn -1.129e-05 0.000999048 4.2136e-05
v 0.3057 0.183965 0.127652
vn 2.1811e-05 -0.000999048 -3.7778e-05
v 0.3057 0.183965 0.127652
vn -2.1811e-05 0.000999048 3.7778e-05
v 0.293065 0.200448 0.13239
vn 3.0846e-05 -0.000999048 -3.0846e-05
v 0.293065 0.200448 0.13239
vn -3.0846e-05 0.000999048 3.0846e-05
v 0.280751 0.217814 0.131647
vn 3.7778e-05 -0.000999048 -2.1811e-05
v 0.280751 0.217814 0.131647
vn -3.7778e-05 0.000999048 2.1811e-05
v 0.2696 0.234881 0.125473
vn 4.2136e-05 -0.000999048 -1.129e-05
v 0.2696 0.234881 0.125473
vn -4.2136e-05 0.000999048 1.129e-05
v 0.260368 0.250485 0.114291
vn 4.3622e-05 -0.000999048 0
v 0.260368 0.250485 0.114291
vn -4.3622e-05 0.000999048 0
v 0.302509 0.22639 -0.0284563
vn -3.0846e-05 -0.000999048 3.0846e-05
v 0.302509 0.22639 -0.0284563
vn 3.0846e-05 0.000999048 -3.0846e-05
v 0.289875 0.242871 -0.0237189
vn -2.1811e-05 -0.000999048 3.7778e-05
v 0.289875 0.242871 -0.0237189
vn 2.1811e-05 0.000999048 -3.7778e-05
v 0.267047 0.268828 0.000555707
vn 0 -0.000999048 4.3622e-05
v 0.267047 0.268828 0.000555707
vn 0 0.000999048 -4.3622e-05
v 0.258409 0.276534 0.0184376
vn 1.129e-05 -0.000999048 4.2136e-05
v 0.258409 0.276534 0.0184376
vn -1.129e-05 0.000999048 -4.2136e-05
v 0.252456 0.279938 0.038605
vn 2.1811e-05 -0.000999048 3.7778e-05
v 0.252456 0.279938 0.038605
vn -2.1811e-05 0.000999048 -3.7778e-05
v 0.249591 0.27881 0.0596828
vn 3.0846e-05 -0.000999048 3.0846e-05
v 0.249591 0.27881 0.0596828
vn -3.0846e-05 0.000999048 -3.0846e-05
v 0.250011 0.273225 0.0802353
vn 3.7778e-05 -0.000999048 2.1811e-05
v 0.250011 0.273225 0.0802353
vn -3.7778e-05 0.000999048 -2.1811e-05
v 0.253687 0.263563 0.0988603
vn 4.2136e-05 -0.000999048 1.129e-05
v 0.253687 0.263563 0.0988603
vn -4.2136e-05 0.000999048 -1.129e-05
v 0.328527 0.158009 0.103378
vn 0 -0.000999048 -4.3622e-05
v 0.328527 0.158009 0.103378
vn 0 0.000999048 4.3622e-05
v 0.313348 0.209964 -0.0231201
vn -0 -0.001 0
v 0.313348 0.209964 -0.0231201
vn 0 0.001 0
v 0.323958 0.193726 -0.017247
vn -0 -0.001 0
v 0.323958 0.193726 -0.017247
vn 0 0.001 0
v 0.277779 0.257347 -0.0138238
vn -1.129e-05 -0.000999048 4.2136e-05
v 0.277779 0.257347 -0.0138238
vn 1.129e-05 0.000999048 -4.2136e-05
v 0.342596 0.157245 0.025795
vn -0 -0.001 0
v 0.342596 0.157245 0.025795
vn 0 0.001 0
v 0.339098 0.166437 0.0080734
vn -0 -0.001 0
v 0.339098 0.166437 0.0080734
vn 0 0.001 0
v 0.342995 0.151931 0.0453491
vn -0 -0.001 0
v 0.342995 0.151931 0.0453491
vn 0 0.001 0
v 0.34027 0.150857 0.0654042
vn -0 -0.001 0
v 0.34027 0.150857 0.0654042
vn 0 0.001 0
v 0.334605 0.154096 0.084592
vn -0 -0.001 0
v 0.334605 0.154096 0.084592
vn 0 0.001 0
v 0.326387 0.161427 0.101607
vn -0 -0.001 0
v 0.326387 0.161427 0.101607
vn 0 0.001 0
v 0.304667 0.186124 0.124702
vn -0 -0.001 0
v 0.304667 0.186124 0.124702
vn 0 0.001 0
v 0.292646 0.201806 0.129209
vn -0 -0.001 0
v 0.292646 0.201806 0.129209
vn 0 0.001 0
v 0.280931 0.218329 0.128502
vn -0 -0.001 0
v 0.280931 0.218329 0.128502
vn 0 0.001 0
v 0.27032 0.234568 0.122629
vn -0 -0.001 0
v 0.27032 0.234568 0.122629
vn 0 0.001 0
v 0.301632 0.226488 -0.0238278
vn -0 -0.001 0
v 0.301632 0.226488 -0.0238278
vn 0 0.001 0
v 0.332741 0.17888 -0.00660701
vn -0 -0.001 0
v 0.332741 0.17888 -0.00660701
vn 0 0.001 0
v 0.289611 0.24217 -0.0193191
vn -0 -0.001 0
v 0.289611 0.24217 -0.0193191
vn 0 0.001 0
v 0.278102 0.255942 -0.00990465
vn -0 -0.001 0
v 0.278102 0.255942 -0.00990465
vn 0 0.001 0
v 0.267891 0.266867 0.00377569
vn -0 -0.001 0
v 0.267891 0.266867 0.00377569
vn 0 0.001 0
v 0.254008 0.277437 0.0399787
vn -0 -0.001 0
v 0.254008 0.277437 0.0399787
vn 0 0.001 0
v 0.251283 0.276363 0.0600325
vn -0 -0.001 0
v 0.251283 0.276363 0.0600325
vn 0 0.001 0
v 0.251683 0.271049 0.0795873
vn -0 -0.001 0
v 0.251683 0.271049 0.0795873
vn 0 0.001 0
v 0.25518 0.261857 0.0973082
vn -0 -0.001 0
v 0.25518 0.261857 0.0973082
vn 0 0.001 0
v 0.316176 0.172351 0.115287
vn -0 -0.001 0
v 0.316176 0.172351 0.115287
vn 0 0.001 0
v 0.261537 0.249414 0.111989
vn -0 -0.001 0
v 0.261537 0.249414 0.111989
vn 0 0.001 0
v 0.259673 0.274198 0.0207902
vn -0 -0.001 0
v 0.259673 0.274198 0.0207902
vn 0 0.001 0
v -0.353617 -0.233217 -0.231743
vn 0.000707107 0 -0.000707107
v 0.10865 0.0979882 -0.151182
vn 0.000707107 0 -0.000707107
v -0.327824 -0.269595 -0.230186
vn 0.000866025 0 -0.0005
v -0.327824 -0.269595 -0.230186
vn 0.000866025 0 -0.0005
v 0.134443 0.0616108 -0.149625
vn 0.000866025 0 -0.0005
v -0.304463 -0.305345 -0.217256
vn 0.000965926 0 -0.000258819
v -0.304463 -0.305345 -0.217256
vn 0.000965926 0 -0.000258819
v 0.157804 0.0258606 -0.136695
vn 0.000965926 0 -0.000258819
v -0.285126 -0.338032 -0.193831
vn 0.001 0 0
v -0.353617 -0.233217 -0.231743
vn 0.000707107 0 -0.000707107
v -0.380083 -0.198691 -0.22182
vn 0.0005 0 -0.000866025
v 0.10865 0.0979882 -0.151182
vn 0.000707107 0 -0.000707107
v -0.380083 -0.198691 -0.22182
vn 0.0005 0 -0.000866025
v -0.405421 -0.168369 -0.201091
vn 0.000258819 0 -0.000965926
v 0.0821839 0.132514 -0.141259
vn 0.0005 0 -0.000866025
v -0.405421 -0.168369 -0.201091
vn 0.000258819 0 -0.000965926
v -0.427902 -0.144319 -0.170972
vn 0 0 -0.001
v 0.0568462 0.162836 -0.12053
vn 0.000258819 0 -0.000965926
v -0.427902 -0.144319 -0.170972
vn 0 0 -0.001
v -0.445994 -0.128178 -0.133513
vn -0.000258819 0 -0.000965926
v 0.0343654 0.186887 -0.0904108
vn 0 0 -0.001
v 0.134443 0.0616108 -0.149625
vn 0.000866025 0 -0.0005
v 0.157804 0.0258606 -0.136695
vn 0.000965926 0 -0.000258819
v 0.177141 -0.00682633 -0.11327
vn 0.001 0 0
v 0.0821839 0.132514 -0.141259
vn 0.0005 0 -0.000866025
v 0.0568462 0.162836 -0.12053
vn 0.000258819 0 -0.000965926
v 0.0343654 0.186887 -0.0904108
vn 0 0 -0.001
v 0.0162727 0.203028 -0.0529524
vn -0.000258819 0 -0.000965926
v -0.445994 -0.128178 -0.133513
vn -0.000258819 0 -0.000965926
v -0.458466 -0.121047 -0.0912685
vn -0.0005 0 -0.000866025
v 0.0162727 0.203028 -0.0529524
vn -0.000258819 0 -0.000965926
v -0.285126 -0.338032 -0.193831
vn 0.001 0 0
v 0.177141 -0.00682633 -0.11327
vn 0.001 0 0
v -0.271131 -0.365427 -0.16151
vn 0.000965926 0 0.000258819
v -0.271131 -0.365427 -0.16151
vn 0.000965926 0 0.000258819
v 0.191136 -0.0342214 -0.0809485
vn 0.000965926 0 0.000258819
v -0.263431 -0.385663 -0.122494
vn 0.000866025 0 0.0005
v -0.263431 -0.385663 -0.122494
vn 0.000866025 0 0.0005
v 0.198836 -0.0544579 -0.041933
vn 0.000866025 0 0.0005
v -0.262551 -0.397363 -0.0794436
vn 0.000707107 0 0.000707107
v -0.268552 -0.399727 -0.0352917
vn 0.0005 0 0.000866025
v -0.262551 -0.397363 -0.0794436
vn 0.000707107 0 0.000707107
v 0.193715 -0.068522 0.0452693
vn 0.0005 0 0.000866025
v -0.281023 -0.392597 0.00695457
vn 0.000258819 0 0.000965926
v -0.268552 -0.399727 -0.0352917
vn 0.0005 0 0.000866025
v 0.181244 -0.0613915 0.0875156
vn 0.000258819 0 0.000965926
v -0.299116 -0.376455 0.0444123
vn 0 0 0.001
v -0.281023 -0.392597 0.00695457
vn 0.000258819 0 0.000965926
v 0.163151 -0.0452499 0.124973
vn 0 0 0.001
v 0.00380154 0.210158 -0.0107075
vn -0.0005 0 -0.000866025
v -0.321597 -0.352405 0.0745325
vn -0.000258819 0 0.000965926
v -0.299116 -0.376455 0.0444123
vn 0 0 0.001
v 0.140671 -0.0212 0.155094
vn -0.000258819 0 0.000965926
v -0.346934 -0.322083 0.0952594
vn -0.0005 0 0.000866025
v -0.321597 -0.352405 0.0745325
vn -0.000258819 0 0.000965926
v 0.115333 0.00912244 0.17582
vn -0.0005 0 0.000866025
v -0.373401 -0.287557 0.105183
vn -0.000707107 0 0.000707107
v -0.346934 -0.322083 0.0952594
vn -0.0005 0 0.000866025
v 0.0888665 0.0436482 0.185744
vn -0.000707107 0 0.000707107
v -0.373401 -0.287557 0.105183
vn -0.000707107 0 0.000707107
v 0.0888665 0.0436482 0.185744
vn -0.000707107 0 0.000707107
v -0.399193 -0.251179 0.103627
vn -0.000866025 0 0.0005
v -0.399193 -0.251179 0.103627
vn -0.000866025 0 0.0005
v 0.0630737 0.0800261 0.184188
vn -0.000866025 0 0.0005
v -0.422554 -0.215429 0.0906962
vn -0.000965926 0 0.000258819
v -0.422554 -0.215429 0.0906962
vn -0.000965926 0 0.000258819
v 0.0397128 0.115776 0.171257
vn -0.000965926 0 0.000258819
v -0.441891 -0.182743 0.0672717
vn -0.001 0 0
v -0.441891 -0.182743 0.0672717
vn -0.001 0 0
v 0.0203761 0.148463 0.147833
vn -0.001 0 0
v -0.455887 -0.155347 0.0349501
vn -0.000965926 0 -0.000258819
v -0.455887 -0.155347 0.0349501
vn -0.000965926 0 -0.000258819
v 0.00638033 0.175858 0.115511
vn -0.000965926 0 -0.000258819
v -0.463586 -0.135111 -0.00406543
vn -0.000866025 0 -0.0005
v -0.463586 -0.135111 -0.00406543
vn -0.000866025 0 -0.0005
v -0.00131933 0.196095 0.0764956
vn -0.000866025 0 -0.0005
v -0.464466 -0.123412 -0.0471166
vn -0.000707107 0 -0.000707107
v -0.458466 -0.121047 -0.0912685
vn -0.0005 0 -0.000866025
v -0.464466 -0.123412 -0.0471166
vn -0.000707107 0 -0.000707107
v 0.00380154 0.210158 -0.0107075
vn -0.0005 0 -0.000866025
v 0.191136 -0.0342214 -0.0809485
vn 0.000965926 0 0.000258819
v 0.198836 -0.0544579 -0.041933
vn 0.000866025 0 0.0005
v 0.199716 -0.0661575 0.00111735
vn 0.000707107 0 0.000707107
v 0.199716 -0.0661575 0.00111735
vn 0.000707107 0 0.000707107
v 0.193715 -0.068522 0.0452693
vn 0.0005 0 0.000866025
v 0.181244 -0.0613915 0.0875156
vn 0.000258819 0 0.000965926
v 0.163151 -0.0452499 0.124973
vn 0 0 0.001
v 0.140671 -0.0212 0.155094
vn -0.000258819 0 0.000965926
v 0.115333 0.00912244 0.17582
vn -0.0005 0 0.000866025
v 0.0630737 0.0800261 0.184188
vn -0.000866025 0 0.0005
v 0.0397128 0.115776 0.171257
vn -0.000965926 0 0.000258819
v 0.0203761 0.148463 0.147833
vn -0.001 0 0
v 0.00638033 0.175858 0.115511
vn -0.000965926 0 -0.000258819
v -0.00131933 0.196095 0.0764956
vn -0.000866025 0 -0.0005
v -0.00219885 0.207794 0.0334444
vn -0.000707107 0 -0.000707107
v -0.00219885 0.207794 0.0334444
vn -0.000707107 0 -0.000707107
v 0.160341 0.080166 -0.145112
vn -0.000761526 -0.000476204 0.000439667
v 0.199183 0.157536 -0.0903489
vn -0.000621784 -0.000476204 0.000621784
v 0.134548 0.116543 -0.146669
vn -0.000621784 -0.000476204 0.000621784
v 0.134548 0.116543 -0.146669
vn 0.000621784 0.000476204 -0.000621784
v 0.199183 0.157536 -0.0903489
vn 0.000621784 0.000476204 -0.000621784
v 0.160341 0.080166 -0.145112
vn 0.000761526 0.000476204 -0.000439667
v 0.183701 0.0444158 -0.132181
vn -0.000849372 -0.000476204 0.000227589
v 0.218147 0.130789 -0.0892042
vn -0.000761526 -0.000476204 0.000439667
v 0.218147 0.130789 -0.0892042
vn 0.000761526 0.000476204 -0.000439667
v 0.183701 0.0444158 -0.132181
vn 0.000849372 0.000476204 -0.000227589
v 0.203038 0.0117289 -0.108756
vn -0.000879335 -0.000476204 0
v 0.235323 0.104504 -0.0796967
vn -0.000849372 -0.000476204 0.000227589
v 0.235323 0.104504 -0.0796967
vn 0.000849372 0.000476204 -0.000227589
v 0.203038 0.0117289 -0.108756
vn 0.000879335 0.000476204 0
v 0.108082 0.151069 -0.136745
vn -0.000439667 -0.000476204 0.000761526
v 0.108082 0.151069 -0.136745
vn 0.000439667 0.000476204 -0.000761526
v 0.179723 0.182922 -0.0830525
vn -0.000439667 -0.000476204 0.000761526
v 0.082744 0.181391 -0.116017
vn -0.000227589 -0.000476204 0.000849372
v 0.082744 0.181391 -0.116017
vn 0.000227589 0.000476204 -0.000849372
v 0.179723 0.182922 -0.0830525
vn 0.000439667 0.000476204 -0.000761526
v 0.161093 0.205216 -0.0678117
vn -0.000227589 -0.000476204 0.000849372
v 0.0602632 0.205442 -0.0858975
vn 0 -0.000476204 0.000879335
v 0.0602632 0.205442 -0.0858975
vn 0 0.000476204 -0.000879335
v 0.161093 0.205216 -0.0678117
vn 0.000227589 0.000476204 -0.000849372
v 0.144564 0.2229 -0.0456666
vn 0 -0.000476204 0.000879335
v 0.0421704 0.221583 -0.0484391
vn 0.000227589 -0.000476204 0.000849372
v 0.0421704 0.221583 -0.0484391
vn -0.000227589 0.000476204 -0.000849372
v 0.144564 0.2229 -0.0456666
vn 0 0.000476204 -0.000879335
v 0.259831 0.0603282 -0.0387089
vn -0.000849372 -0.000476204 -0.000227589
v 0.217034 -0.0156662 -0.0764352
vn -0.000849372 -0.000476204 -0.000227589
v 0.217034 -0.0156662 -0.0764352
vn 0.000849372 0.000476204 0.000227589
v 0.259831 0.0603282 -0.0387089
vn 0.000849372 0.000476204 0.000227589
v 0.265492 0.0454492 -0.0100228
vn -0.000761526 -0.000476204 -0.000439667
v 0.224734 -0.0359027 -0.0374197
vn -0.000761526 -0.000476204 -0.000439667
v 0.224734 -0.0359027 -0.0374197
vn 0.000761526 0.000476204 0.000439667
v 0.265492 0.0454492 -0.0100228
vn 0.000761526 0.000476204 0.000439667
v 0.266139 0.0368465 0.021631
vn -0.000621784 -0.000476204 -0.000621784
v 0.225613 -0.0476022 0.00563064
vn -0.000621784 -0.000476204 -0.000621784
v 0.225613 -0.0476022 0.00563064
vn 0.000621784 0.000476204 0.000621784
v 0.266139 0.0368465 0.021631
vn 0.000621784 0.000476204 0.000621784
v 0.261727 0.0351085 0.0540935
vn -0.000439667 -0.000476204 -0.000761526
v 0.219613 -0.0499668 0.0497826
vn -0.000439667 -0.000476204 -0.000761526
v 0.219613 -0.0499668 0.0497826
vn 0.000439667 0.000476204 0.000761526
v 0.261727 0.0351085 0.0540935
vn 0.000439667 0.000476204 0.000761526
v 0.252558 0.0403512 0.0851554
vn -0.000227589 -0.000476204 -0.000849372
v 0.207142 -0.0428363 0.0920289
vn -0.000227589 -0.000476204 -0.000849372
v 0.207142 -0.0428363 0.0920289
vn 0.000227589 0.000476204 0.000849372
v 0.252558 0.0403512 0.0851554
vn 0.000227589 0.000476204 0.000849372
v 0.239255 0.052219 0.112697
vn 0 -0.000476204 -0.000879335
v 0.189049 -0.0266947 0.129487
vn 0 -0.000476204 -0.000879335
v 0.189049 -0.0266947 0.129487
vn 0 0.000476204 0.000879335
v 0.239255 0.052219 0.112697
vn 0 0.000476204 0.000879335
v 0.222726 0.0699023 0.134842
vn 0.000227589 -0.000476204 -0.000849372
v 0.166568 -0.00264474 0.159607
vn 0.000227589 -0.000476204 -0.000849372
v 0.166568 -0.00264474 0.159607
vn -0.000227589 0.000476204 0.000849372
v 0.222726 0.0699023 0.134842
vn -0.000227589 0.000476204 0.000849372
v 0.204096 0.0921969 0.150082
vn 0.000439667 -0.000476204 -0.000761526
v 0.141231 0.0276777 0.180334
vn 0.000439667 -0.000476204 -0.000761526
v 0.141231 0.0276777 0.180334
vn -0.000439667 0.000476204 0.000761526
v 0.204096 0.0921969 0.150082
vn -0.000439667 0.000476204 0.000761526
v 0.184636 0.117582 0.15738
vn 0.000621784 -0.000476204 -0.000621784
v 0.114764 0.0622034 0.190258
vn 0.000621784 -0.000476204 -0.000621784
v 0.114764 0.0622034 0.190258
vn -0.000621784 0.000476204 0.000621784
v 0.184636 0.117582 0.15738
vn -0.000621784 0.000476204 0.000621784
v 0.0889714 0.0985813 0.188701
vn 0.000761526 -0.000476204 -0.000439667
v 0.0889714 0.0985813 0.188701
vn -0.000761526 0.000476204 0.000439667
v 0.0656106 0.134332 0.17577
vn 0.000849372 -0.000476204 -0.000227589
v 0.165672 0.144329 0.156234
vn 0.000761526 -0.000476204 -0.000439667
v 0.165672 0.144329 0.156234
vn -0.000761526 0.000476204 0.000439667
v 0.0656106 0.134332 0.17577
vn -0.000849372 0.000476204 0.000227589
v 0.0462738 0.167018 0.152346
vn 0.000879335 -0.000476204 0
v 0.148496 0.170615 0.146727
vn 0.000849372 -0.000476204 -0.000227589
v 0.148496 0.170615 0.146727
vn -0.000849372 0.000476204 0.000227589
v 0.0462738 0.167018 0.152346
vn -0.000879335 0.000476204 0
v 0.249541 0.0804707 -0.062473
vn -0.000879335 -0.000476204 0
v 0.249541 0.0804707 -0.062473
vn 0.000879335 0.000476204 0
v 0.131261 0.234767 -0.0181246
vn 0.000227589 -0.000476204 0.000849372
v 0.131261 0.234767 -0.0181246
vn -0.000227589 0.000476204 -0.000849372
v 0.0296993 0.228714 -0.0061942
vn 0.000439667 -0.000476204 0.000761526
v 0.0296993 0.228714 -0.0061942
vn -0.000439667 0.000476204 -0.000761526
v 0.231578 0.14938 -0.0422205
vn -0.000465819 -0.00084302 0.000268941
v 0.199183 0.157536 -0.0903489
vn -0.00038034 -0.00084302 0.00038034
v 0.218147 0.130789 -0.0892042
vn -0.000465819 -0.00084302 0.000268941
v 0.218147 0.130789 -0.0892042
vn 0.000465819 0.00084302 -0.000268941
v 0.199183 0.157536 -0.0903489
vn 0.00038034 0.00084302 -0.00038034
v 0.231578 0.14938 -0.0422205
vn 0.000465819 0.00084302 -0.000268941
v 0.242731 0.132313 -0.0360474
vn -0.000519554 -0.00084302 0.000139214
v 0.235323 0.104504 -0.0796967
vn -0.000519554 -0.00084302 0.000139214
v 0.235323 0.104504 -0.0796967
vn 0.000519554 0.00084302 -0.000139214
v 0.242731 0.132313 -0.0360474
vn 0.000519554 0.00084302 -0.000139214
v 0.0322781 0.194414 0.120024
vn 0.000849372 -0.000476204 0.000227589
v 0.134279 0.194648 0.129504
vn 0.000879335 -0.000476204 0
v 0.134279 0.194648 0.129504
vn -0.000879335 0.000476204 0
v 0.0322781 0.194414 0.120024
vn -0.000849372 0.000476204 -0.000227589
v 0.251962 0.116709 -0.0248641
vn -0.000537882 -0.00084302 0
v 0.249541 0.0804707 -0.062473
vn -0.000537882 -0.00084302 0
v 0.249541 0.0804707 -0.062473
vn 0.000537882 0.00084302 0
v 0.251962 0.116709 -0.0248641
vn 0.000537882 0.00084302 0
v 0.219265 0.166747 -0.0429635
vn -0.00038034 -0.00084302 0.00038034
v 0.179723 0.182922 -0.0830525
vn -0.000268941 -0.00084302 0.000465819
v 0.179723 0.182922 -0.0830525
vn 0.000268941 0.00084302 -0.000465819
v 0.219265 0.166747 -0.0429635
vn 0.00038034 0.00084302 -0.00038034
v 0.20663 0.183229 -0.0382262
vn -0.000268941 -0.00084302 0.000465819
v 0.161093 0.205216 -0.0678117
vn -0.000139214 -0.00084302 0.000519554
v 0.161093 0.205216 -0.0678117
vn 0.000139214 0.00084302 -0.000519554
v 0.20663 0.183229 -0.0382262
vn 0.000268941 0.00084302 -0.000465819
v 0.183802 0.209186 -0.0139516
vn 0 -0.00084302 0.000537882
v 0.144564 0.2229 -0.0456666
vn 0 -0.00084302 0.000537882
v 0.144564 0.2229 -0.0456666
vn 0 0.00084302 -0.000537882
v 0.183802 0.209186 -0.0139516
vn 0 0.00084302 -0.000537882
v 0.175165 0.216891 0.00393028
vn 0.000139214 -0.00084302 0.000519554
v 0.131261 0.234767 -0.0181246
vn 0.000139214 -0.00084302 0.000519554
v 0.131261 0.234767 -0.0181246
vn -0.000139214 0.00084302 -0.000519554
v 0.175165 0.216891 0.00393028
vn -0.000139214 0.00084302 -0.000519554
v 0.122092 0.24001 0.012936
vn 0.000439667 -0.000476204 0.000761526
v 0.122092 0.24001 0.012936
vn -0.000439667 0.000476204 -0.000761526
v 0.118327 0.229669 0.0770522
vn 0.000761526 -0.000476204 0.000439667
v 0.0245784 0.21465 0.0810089
vn 0.000761526 -0.000476204 0.000439667
v 0.0245784 0.21465 0.0810089
vn -0.000761526 0.000476204 -0.000439667
v 0.118327 0.229669 0.0770522
vn -0.000761526 0.000476204 -0.000439667
v 0.11768 0.238272 0.0453998
vn 0.000621784 -0.000476204 0.000621784
v 0.0236989 0.226349 0.0379577
vn 0.000621784 -0.000476204 0.000621784
v 0.0236989 0.226349 0.0379577
vn -0.000621784 0.000476204 -0.000621784
v 0.11768 0.238272 0.0453998
vn -0.000621784 0.000476204 -0.000621784
v 0.123988 0.214791 0.105739
vn 0.000849372 -0.000476204 0.000227589
v 0.123988 0.214791 0.105739
vn -0.000849372 0.000476204 -0.000227589
v 0.259831 0.0603282 -0.0387089
vn -0.000519554 -0.00084302 -0.000139214
v 0.259831 0.0603282 -0.0387089
vn 0.000519554 0.00084302 0.000139214
v 0.265492 0.0454492 -0.0100228
vn -0.000465819 -0.00084302 -0.000268941
v 0.258643 0.103631 -0.00943481
vn -0.000519554 -0.00084302 -0.000139214
v 0.258643 0.103631 -0.00943481
vn 0.000519554 0.00084302 0.000139214
v 0.265492 0.0454492 -0.0100228
vn 0.000465819 0.00084302 0.000268941
v 0.266139 0.0368465 0.021631
vn -0.00038034 -0.00084302 -0.00038034
v 0.262319 0.0939699 0.00919091
vn -0.000465819 -0.00084302 -0.000268941
v 0.262319 0.0939699 0.00919091
vn 0.000465819 0.00084302 0.000268941
v 0.266139 0.0368465 0.021631
vn 0.00038034 0.00084302 0.00038034
v 0.261727 0.0351085 0.0540935
vn -0.000268941 -0.00084302 -0.000465819
v 0.262739 0.0883846 0.0297435
vn -0.00038034 -0.00084302 -0.00038034
v 0.262739 0.0883846 0.0297435
vn 0.00038034 0.00084302 0.00038034
v 0.261727 0.0351085 0.0540935
vn 0.000268941 0.00084302 0.000465819
v 0.252558 0.0403512 0.0851554
vn -0.000139214 -0.00084302 -0.000519554
v 0.259874 0.0872558 0.0508205
vn -0.000268941 -0.00084302 -0.000465819
v 0.259874 0.0872558 0.0508205
vn 0.000268941 0.00084302 0.000465819
v 0.252558 0.0403512 0.0851554
vn 0.000139214 0.00084302 0.000519554
v 0.239255 0.052219 0.112697
vn 0 -0.00084302 -0.000537882
v 0.253921 0.0906599 0.0709879
vn -0.000139214 -0.00084302 -0.000519554
v 0.253921 0.0906599 0.0709879
vn 0.000139214 0.00084302 0.000519554
v 0.239255 0.052219 0.112697
vn 0 0.00084302 0.000537882
v 0.234551 0.109847 0.103249
vn 0.000139214 -0.00084302 -0.000519554
v 0.222726 0.0699023 0.134842
vn 0.000139214 -0.00084302 -0.000519554
v 0.222726 0.0699023 0.134842
vn -0.000139214 0.00084302 0.000519554
v 0.234551 0.109847 0.103249
vn -0.000139214 0.00084302 0.000519554
v 0.222455 0.124323 0.113144
vn 0.000268941 -0.00084302 -0.000465819
v 0.204096 0.0921969 0.150082
vn 0.000268941 -0.00084302 -0.000465819
v 0.204096 0.0921969 0.150082
vn -0.000268941 0.00084302 0.000465819
v 0.222455 0.124323 0.113144
vn -0.000268941 0.00084302 0.000465819
v 0.209821 0.140805 0.117882
vn 0.00038034 -0.00084302 -0.00038034
v 0.184636 0.117582 0.15738
vn 0.00038034 -0.00084302 -0.00038034
v 0.184636 0.117582 0.15738
vn -0.00038034 0.00084302 0.00038034
v 0.209821 0.140805 0.117882
vn -0.00038034 0.00084302 0.00038034
v 0.197507 0.158172 0.117139
vn 0.000465819 -0.00084302 -0.000268941
v 0.165672 0.144329 0.156234
vn 0.000465819 -0.00084302 -0.000268941
v 0.165672 0.144329 0.156234
vn -0.000465819 0.00084302 0.000268941
v 0.197507 0.158172 0.117139
vn -0.000465819 0.00084302 0.000268941
v 0.186355 0.175238 0.110966
vn 0.000519554 -0.00084302 -0.000139214
v 0.148496 0.170615 0.146727
vn 0.000519554 -0.00084302 -0.000139214
v 0.148496 0.170615 0.146727
vn -0.000519554 0.00084302 0.000139214
v 0.186355 0.175238 0.110966
vn -0.000519554 0.00084302 0.000139214
v 0.177124 0.190842 0.0997837
vn 0.000537882 -0.00084302 0
v 0.134279 0.194648 0.129504
vn 0.000537882 -0.00084302 0
v 0.134279 0.194648 0.129504
vn -0.000537882 0.00084302 0
v 0.177124 0.190842 0.0997837
vn -0.000537882 0.00084302 0
v 0.194535 0.197704 -0.0283311
vn -0.000139214 -0.00084302 0.000519554
v 0.194535 0.197704 -0.0283311
vn 0.000139214 0.00084302 -0.000519554
v 0.169211 0.220295 0.0240977
vn 0.000268941 -0.00084302 0.000465819
v 0.169211 0.220295 0.0240977
vn -0.000268941 0.00084302 -0.000465819
v 0.122092 0.24001 0.012936
vn 0.000268941 -0.00084302 0.000465819
v 0.122092 0.24001 0.012936
vn -0.000268941 0.00084302 -0.000465819
v 0.231578 0.14938 -0.0422205
vn -0.000866025 0 0.0005
v 0.239496 0.181242 -0.0394377
vn -0.000707107 0 0.000707107
v 0.219265 0.166747 -0.0429635
vn -0.000707107 0 0.000707107
v 0.219265 0.166747 -0.0429635
vn 0.000707107 0 -0.000707107
v 0.239496 0.181242 -0.0394377
vn 0.000707107 0 -0.000707107
v 0.231578 0.14938 -0.0422205
vn 0.000866025 0 -0.0005
v 0.242731 0.132313 -0.0360474
vn -0.000965926 0 0.000258819
v 0.25181 0.163876 -0.0386946
vn -0.000866025 0 0.0005
v 0.25181 0.163876 -0.0386946
vn 0.000866025 0 -0.0005
v 0.242731 0.132313 -0.0360474
vn 0.000965926 0 -0.000258819
v 0.251962 0.116709 -0.0248641
vn -0.001 0 0
v 0.262962 0.146809 -0.0325216
vn -0.000965926 0 0.000258819
v 0.262962 0.146809 -0.0325216
vn 0.000965926 0 -0.000258819
v 0.251962 0.116709 -0.0248641
vn 0.001 0 0
v 0.123988 0.214791 0.105739
vn 0.000519554 -0.00084302 0.000139214
v 0.123988 0.214791 0.105739
vn -0.000519554 0.00084302 -0.000139214
v 0.245283 0.098366 0.0888705
vn 0 -0.00084302 -0.000537882
v 0.245283 0.098366 0.0888705
vn 0 0.00084302 0.000537882
v 0.20663 0.183229 -0.0382262
vn -0.0005 0 0.000866025
v 0.20663 0.183229 -0.0382262
vn 0.0005 0 -0.000866025
v 0.226862 0.197724 -0.0347004
vn -0.0005 0 0.000866025
v 0.194535 0.197704 -0.0283311
vn -0.000258819 0 0.000965926
v 0.194535 0.197704 -0.0283311
vn 0.000258819 0 -0.000965926
v 0.226862 0.197724 -0.0347004
vn 0.0005 0 -0.000866025
v 0.214766 0.212199 -0.0248053
vn -0.000258819 0 0.000965926
v 0.183802 0.209186 -0.0139516
vn 0 0 0.001
v 0.183802 0.209186 -0.0139516
vn 0 0 -0.001
v 0.214766 0.212199 -0.0248053
vn 0.000258819 0 -0.000965926
v 0.204034 0.223681 -0.0104258
vn 0 0 0.001
v 0.175165 0.216891 0.00393028
vn 0.000258819 0 0.000965926
v 0.175165 0.216891 0.00393028
vn -0.000258819 0 -0.000965926
v 0.204034 0.223681 -0.0104258
vn 0 0 -0.001
v 0.195397 0.231387 0.00745612
vn 0.000258819 0 0.000965926
v 0.169211 0.220295 0.0240977
vn 0.0005 0 0.000866025
v 0.169211 0.220295 0.0240977
vn -0.0005 0 -0.000866025
v 0.195397 0.231387 0.00745612
vn -0.000258819 0 -0.000965926
v 0.166347 0.219167 0.0451755
vn 0.00038034 -0.00084302 0.00038034
v 0.166347 0.219167 0.0451755
vn -0.00038034 0.00084302 -0.00038034
v 0.118327 0.229669 0.0770522
vn 0.000465819 -0.00084302 0.000268941
v 0.170443 0.203921 0.084353
vn 0.000519554 -0.00084302 0.000139214
v 0.170443 0.203921 0.084353
vn -0.000519554 0.00084302 -0.000139214
v 0.118327 0.229669 0.0770522
vn -0.000465819 0.00084302 -0.000268941
v 0.11768 0.238272 0.0453998
vn 0.00038034 -0.00084302 0.00038034
v 0.166766 0.213582 0.065728
vn 0.000465819 -0.00084302 0.000268941
v 0.166766 0.213582 0.065728
vn -0.000465819 0.00084302 -0.000268941
v 0.11768 0.238272 0.0453998
vn -0.00038034 0.00084302 -0.00038034
v 0.272193 0.131204 -0.0213383
vn -0.001 0 0
v 0.272193 0.131204 -0.0213383
vn 0.001 0 0
v 0.258643 0.103631 -0.00943481
vn -0.000965926 0 -0.000258819
v 0.258643 0.103631 -0.00943481
vn 0.000965926 0 0.000258819
v 0.262319 0.0939699 0.00919091
vn -0.000866025 0 -0.0005
v 0.278875 0.118126 -0.00590898
vn -0.000965926 0 -0.000258819
v 0.278875 0.118126 -0.00590898
vn 0.000965926 0 0.000258819
v 0.262319 0.0939699 0.00919091
vn 0.000866025 0 0.0005
v 0.262739 0.0883846 0.0297435
vn -0.000707107 0 -0.000707107
v 0.282551 0.108465 0.0127167
vn -0.000866025 0 -0.0005
v 0.282551 0.108465 0.0127167
vn 0.000866025 0 0.0005
v 0.262739 0.0883846 0.0297435
vn 0.000707107 0 0.000707107
v 0.280106 0.101751 0.0543463
vn -0.0005 0 -0.000866025
v 0.259874 0.0872558 0.0508205
vn -0.0005 0 -0.000866025
v 0.259874 0.0872558 0.0508205
vn 0.0005 0 0.000866025
v 0.280106 0.101751 0.0543463
vn 0.0005 0 0.000866025
v 0.274152 0.105155 0.0745137
vn -0.000258819 0 -0.000965926
v 0.253921 0.0906599 0.0709879
vn -0.000258819 0 -0.000965926
v 0.253921 0.0906599 0.0709879
vn 0.000258819 0 0.000965926
v 0.274152 0.105155 0.0745137
vn 0.000258819 0 0.000965926
v 0.265515 0.112862 0.0923963
vn 0 0 -0.001
v 0.245283 0.098366 0.0888705
vn 0 0 -0.001
v 0.245283 0.098366 0.0888705
vn 0 0 0.001
v 0.265515 0.112862 0.0923963
vn 0 0 0.001
v 0.254783 0.124343 0.106775
vn 0.000258819 0 -0.000965926
v 0.234551 0.109847 0.103249
vn 0.000258819 0 -0.000965926
v 0.234551 0.109847 0.103249
vn -0.000258819 0 0.000965926
v 0.254783 0.124343 0.106775
vn -0.000258819 0 0.000965926
v 0.242687 0.138818 0.11667
vn 0.0005 0 -0.000866025
v 0.222455 0.124323 0.113144
vn 0.0005 0 -0.000866025
v 0.222455 0.124323 0.113144
vn -0.0005 0 0.000866025
v 0.242687 0.138818 0.11667
vn -0.0005 0 0.000866025
v 0.230052 0.1553 0.121408
vn 0.000707107 0 -0.000707107
v 0.209821 0.140805 0.117882
vn 0.000707107 0 -0.000707107
v 0.209821 0.140805 0.117882
vn -0.000707107 0 0.000707107
v 0.230052 0.1553 0.121408
vn -0.000707107 0 0.000707107
v 0.197507 0.158172 0.117139
vn 0.000866025 0 -0.0005
v 0.197507 0.158172 0.117139
vn -0.000866025 0 0.0005
v 0.186355 0.175238 0.110966
vn 0.000965926 0 -0.000258819
v 0.217739 0.172667 0.120665
vn 0.000866025 0 -0.0005
v 0.217739 0.172667 0.120665
vn -0.000866025 0 0.0005
v 0.186355 0.175238 0.110966
vn -0.000965926 0 0.000258819
v 0.177124 0.190842 0.0997837
vn 0.001 0 0
v 0.206587 0.189733 0.114491
vn 0.000965926 0 -0.000258819
v 0.206587 0.189733 0.114491
vn -0.000965926 0 0.000258819
v 0.177124 0.190842 0.0997837
vn -0.001 0 0
v 0.189443 0.234791 0.0276235
vn 0.0005 0 0.000866025
v 0.189443 0.234791 0.0276235
vn -0.0005 0 -0.000866025
v 0.166347 0.219167 0.0451755
vn 0.000707107 0 0.000707107
v 0.166347 0.219167 0.0451755
vn -0.000707107 0 -0.000707107
v 0.170443 0.203921 0.084353
vn 0.000965926 0 0.000258819
v 0.197355 0.205338 0.10331
vn 0.001 0 0
v 0.197355 0.205338 0.10331
vn -0.001 0 0
v 0.170443 0.203921 0.084353
vn -0.000965926 0 -0.000258819
v 0.28297 0.10288 0.0332693
vn -0.000707107 0 -0.000707107
v 0.28297 0.10288 0.0332693
vn 0.000707107 0 0.000707107
v 0.186578 0.233662 0.0487013
vn 0.000707107 0 0.000707107
v 0.186578 0.233662 0.0487013
vn -0.000707107 0 -0.000707107
v 0.166766 0.213582 0.065728
vn 0.000866025 0 0.0005
v 0.190674 0.218416 0.0878788
vn 0.000965926 0 0.000258819
v 0.190674 0.218416 0.0878788
vn -0.000965926 0 -0.000258819
v 0.166766 0.213582 0.065728
vn -0.000866025 0 -0.0005
v 0.186998 0.228077 0.0692539
vn 0.000866025 0 0.0005
v 0.186998 0.228077 0.0692539
vn -0.000866025 0 -0.0005
f 1//1 2//2 3//3
f 2//2 1//1 4//4
f 5//5 6//6 7//7
f 8//8 7//7 6//6
f 9//9 3//3 2//2
f 6//6 5//5 10//10
f 11//11 12//12 13//13
f 14//14 15//15 16//16
f 17//17 4//4 1//1
f 7//7 8//8 18//18
f 19//19 20//20 21//21
f 22//22 23//23 24//24
f 3//3 9//9 25//25
f 26//26 10//10 5//5
f 21//21 20//20 27//27
f 28//28 23//23 22//22
f 29//29 12//12 11//11
f 16//16 15//15 30//30
f 11//11 13//13 31//31
f 32//32 14//14 16//16
f 4//4 17//17 33//33
f 34//34 18//18 8//8
f 29//29 35//35 12//12
f 15//15 36//36 30//30
f 19//19 37//37 20//20
f 23//23 38//38 24//24
f 39//39 25//25 9//9
f 10//10 26//26 40//40
f 31//31 13//13 41//41
f 42//42 14//14 32//32
f 43//43 44//44 45//45
f 46//46 47//47 48//48
f 49//49 50//50 43//43
f 48//48 51//51 52//52
f 17//17 53//53 33//33
f 34//34 54//54 18//18
f 55//55 37//37 19//19
f 24//24 38//38 56//56
f 57//57 35//35 29//29
f 30//30 36//36 58//58
f 59//59 60//60 39//39
f 40//40 61//61 62//62
f 25//25 39//39 60//60
f 61//61 40//40 26//26
f 41//41 63//63 31//31
f 32//32 64//64 42//42
f 44//44 43//43 50//50
f 51//51 48//48 47//47
f 65//65 45//45 44//44
f 47//47 46//46 66//66
f 50//50 49//49 67//67
f 68//68 52//52 51//51
f 53//53 17//17 69//69
f 70//70 18//18 54//54
f 71//71 72//72 55//55
f 56//56 73//73 74//74
f 55//55 72//72 37//37
f 38//38 73//73 56//56
f 57//57 75//75 35//35
f 36//36 76//76 58//58
f 45//45 65//65 77//77
f 78//78 66//66 46//46
f 60//60 59//59 79//79
f 80//80 62//62 61//61
f 81//81 63//63 41//41
f 42//42 64//64 82//82
f 31//31 63//63 83//83
f 84//84 64//64 32//32
f 85//85 86//86 87//87
f 88//88 89//89 90//90
f 87//87 91//91 92//92
f 93//93 94//94 88//88
f 95//95 67//67 49//49
f 52//52 68//68 96//96
f 97//97 98//98 85//85
f 90//90 99//99 100//100
f 69//69 101//101 53//53
f 54//54 102//102 70//70
f 71//71 103//103 72//72
f 73//73 104//104 74//74
f 105//105 79//79 59//59
f 62//62 80//80 106//106
f 107//107 75//75 57//57
f 58//58 76//76 108//108
f 109//109 77//77 65//65
f 66//66 78//78 110//110
f 111//111 112//112 81//81
f 82//82 113//113 114//114
f 81//81 112//112 63//63
f 64//64 113//113 82//82
f 115//115 95//95 116//116
f 117//117 96//96 118//118
f 86//86 85//85 98//98
f 99//99 90//90 89//89
f 91//91 87//87 86//86
f 89//89 88//88 94//94
f 119//119 92//92 91//91
f 94//94 93//93 120//120
f 67//67 95//95 121//121
f 122//122 96//96 68//68
f 98//98 97//97 123//123
f 124//124 100//100 99//99
f 101//101 69//69 125//125
f 126//126 70//70 102//102
f 127//127 103//103 71//71
f 74//74 104//104 128//128
f 129//129 105//105 130//130
f 131//131 106//106 132//132
f 79//79 105//105 133//133
f 134//134 106//106 80//80
f 107//107 135//135 75//75
f 76//76 136//136 108//108
f 77//77 109//109 137//137
f 138//138 110//110 78//78
f 92//92 119//119 139//139
f 140//140 120//120 93//93
f 111//111 141//141 112//112
f 113//113 142//142 114//114
f 143//143 116//116 144//144
f 145//145 117//117 146//146
f 95//95 115//115 121//121
f 122//122 118//118 96//96
f 116//116 143//143 115//115
f 118//118 146//146 117//117
f 147//147 148//148 149//149
f 150//150 151//151 152//152
f 149//149 153//153 154//154
f 155//155 156//156 150//150
f 154//154 157//157 158//158
f 159//159 160//160 155//155
f 161//161 123//123 97//97
f 100//100 124//124 162//162
f 163//163 164//164 147//147
f 152//152 165//165 166//166
f 125//125 167//167 101//101
f 102//102 168//168 126//126
f 127//127 169//169 103//103
f 104//104 170//170 128//128
f 105//105 129//129 133//133
f 134//134 132//132 106//106
f 130//130 171//171 129//129
f 132//132 172//172 131//131
f 173//173 141//141 111//111
f 114//114 142//142 174//174
f 107//107 175//175 135//135
f 136//136 176//176 108//108
f 177//177 137//137 109//109
f 110//110 138//138 178//178
f 179//179 139//139 119//119
f 120//120 140//140 180//180
f 181//181 144//144 182//182
f 183//183 145//145 184//184
f 144//144 181//181 143//143
f 146//146 184//184 145//145
f 185//185 161//161 186//186
f 187//187 162//162 188//188
f 189//189 186//186 190//190
f 191//191 187//187 192//192
f 148//148 147//147 164//164
f 165//165 152//152 151//151
f 153//153 149//149 148//148
f 151//151 150//150 156//156
f 157//157 154//154 153//153
f 156//156 155//155 160//160
f 193//193 158//158 157//157
f 160//160 159//159 194//194
f 123//123 161//161 195//195
f 196//196 162//162 124//124
f 164//164 163//163 197//197
f 198//198 166//166 165//165
f 167//167 125//125 199//199
f 200//200 126//126 168//168
f 201//201 169//169 127//127
f 128//128 170//170 202//202
f 171//171 130//130 203//203
f 204//204 131//131 172//172
f 205//205 206//206 173//173
f 174//174 207//207 208//208
f 209//209 210//210 205//205
f 208//208 211//211 212//212
f 173//173 206//206 141//141
f 142//142 207//207 174//174
f 213//213 175//175 107//107
f 108//108 176//176 214//214
f 137//137 177//177 215//215
f 216//216 178//178 138//138
f 139//139 179//179 217//217
f 218//218 180//180 140//140
f 158//158 193//193 219//219
f 220//220 194//194 159//159
f 182//182 221//221 181//181
f 184//184 222//222 183//183
f 223//223 190//190 224//224
f 225//225 191//191 226//226
f 161//161 185//185 195//195
f 196//196 188//188 162//162
f 186//186 189//189 185//185
f 188//188 192//192 187//187
f 190//190 223//223 189//189
f 192//192 226//226 191//191
f 227//227 228//228 229//229
f 230//230 231//231 232//232
f 229//229 233//233 234//234
f 235//235 236//236 230//230
f 234//234 237//237 238//238
f 239//239 240//240 235//235
f 238//238 241//241 242//242
f 243//243 244//244 239//239
f 245//245 197//197 163//163
f 166//166 198//198 246//246
f 247//247 248//248 227//227
f 232//232 249//249 250//250
f 199//199 251//251 167//167
f 168//168 252//252 200//200
f 201//201 253//253 169//169
f 170//170 254//254 202//202
f 203//203 255//255 171//171
f 172//172 256//256 204//204
f 205//205 210//210 206//206
f 207//207 211//211 208//208
f 209//209 257//257 210//210
f 211//211 258//258 212//212
f 221//221 182//182 259//259
f 260//260 183//183 222//222
f 213//213 261//261 175//175
f 176//176 262//262 214//214
f 177//177 263//263 215//215
f 216//216 264//264 178//178
f 179//179 265//265 217//217
f 218//218 266//266 180//180
f 193//193 267//267 219//219
f 220//220 268//268 194//194
f 269//269 224//224 270//270
f 271//271 225//225 272//272
f 224//224 269//269 223//223
f 226//226 272//272 225//225
f 273//273 245//245 274//274
f 275//275 246//246 276//276
f 277//277 274//274 278//278
f 279//279 275//275 280//280
f 281//281 278//278 282//282
f 283//283 279//279 284//284
f 228//228 227//227 248//248
f 249//249 232//232 231//231
f 233//233 229//229 228//228
f 231//231 230//230 236//236
f 237//237 234//234 233//233
f 236//236 235//235 240//240
f 241//241 238//238 237//237
f 240//240 239//239 244//244
f 241//241 285//285 242//242
f 243//243 286//286 244//244
f 197//197 245//245 287//287
f 288//288 246//246 198//198
f 248//248 247//247 289//289
f 290//290 250//250 249//249
f 251//251 199//199 291//291
f 292//292 200//200 252//252
f 293//293 253//253 201//201
f 202//202 254//254 294//294
f 255//255 203//203 295//295
f 296//296 204//204 256//256
f 297//297 257//257 209//209
f 212//212 258//258 298//298
f 299//299 259//259 300//300
f 301//301 260//260 302//302
f 303//303 299//299 300//300
f 301//301 302//302 304//304
f 259//259 299//299 221//221
f 222//222 302//302 260//260
f 305//305 261//261 213//213
f 214//214 262//262 306//306
f 263//263 177//177 307//307
f 308//308 178//178 264//264
f 265//265 179//179 309//309
f 310//310 180//180 266//266
f 267//267 193//193 311//311
f 312//312 194//194 268//268
f 270//270 313//313 269//269
f 272//272 314//314 271//271
f 315//315 282//282 316//316
f 317//317 283//283 318//318
f 245//245 273//273 287//287
f 288//288 276//276 246//246
f 274//274 277//277 273//273
f 276//276 280//280 275//275
f 278//278 281//281 277//277
f 280//280 284//284 279//279
f 282//282 315//315 281//281
f 284//284 318//318 283//283
f 319//319 320//320 321//321
f 322//322 323//323 324//324
f 321//321 325//325 326//326
f 327//327 328//328 322//322
f 326//326 329//329 330//330
f 331//331 332//332 327//327
f 330//330 333//333 334//334
f 335//335 336//336 331//331
f 285//285 241//241 337//337
f 338//338 244//244 286//286
f 339//339 289//289 247//247
f 250//250 290//290 340//340
f 341//341 342//342 319//319
f 324//324 343//343 344//344
f 291//291 345//345 251//251
f 252//252 346//346 292//292
f 293//293 347//347 253//253
f 254//254 348//348 294//294
f 295//295 349//349 255//255
f 256//256 350//350 296//296
f 351//351 257//257 297//297
f 298//298 258//258 352//352
f 299//299 303//303 353//353
f 354//354 304//304 302//302
f 313//313 270//270 355//355
f 356//356 271//271 314//314
f 305//305 357//357 261//261
f 262//262 358//358 306//306
f 307//307 359//359 263//263
f 264//264 360//360 308//308
f 309//309 361//361 265//265
f 266//266 362//362 310//310
f 311//311 363//363 267//267
f 268//268 364//364 312//312
f 365//365 316//316 366//366
f 367//367 317//317 368//368
f 316//316 365//365 315//315
f 318//318 368//368 317//317
f 369//369 339//339 370//370
f 371//371 340//340 372//372
f 373//373 370//370 374//374
f 375//375 371//371 376//376
f 377//377 374//374 378//378
f 379//379 375//375 380//380
f 381//381 378//378 382//382
f 383//383 379//379 384//384
f 320//320 319//319 342//342
f 343//343 324//324 323//323
f 325//325 321//321 320//320
f 323//323 322//322 328//328
f 329//329 326//326 325//325
f 328//328 327//327 332//332
f 333//333 330//330 329//329
f 332//332 331//331 336//336
f 333//333 385//385 334//334
f 335//335 386//386 336//336
f 337//337 387//387 285//285
f 286//286 388//388 338//338
f 289//289 339//339 389//389
f 390//390 340//340 290//290
f 342//342 341//341 391//391
f 392//392 344//344 343//343
f 345//345 291//291 393//393
f 394//394 292//292 346//346
f 395//395 347//347 293//293
f 294//294 348//348 396//396
f 349//349 295//295 397//397
f 398//398 296//296 350//350
f 351//351 399//399 257//257
f 258//258 400//400 352//352
f 401//401 353//353 303//303
f 304//304 354//354 402//402
f 403//403 313//313 355//355
f 356//356 314//314 404//404
f 405//405 357//357 305//305
f 306//306 358//358 406//406
f 359//359 307//307 407//407
f 408//408 308//308 360//360
f 361//361 309//309 409//409
f 410//410 310//310 362//362
f 363//363 311//311 411//411
f 412//412 312//312 364//364
f 366//366 413//413 365//365
f 368//368 414//414 367//367
f 415//415 382//382 416//416
f 417//417 383//383 418//418
f 339//339 369//369 389//389
f 390//390 372//372 340//340
f 370//370 373//373 369//369
f 372//372 376//376 371//371
f 374//374 377//377 373//373
f 376//376 380//380 375//375
f 378//378 381//381 377//377
f 380//380 384//384 379//379
f 382//382 415//415 381//381
f 384//384 418//418 383//383
f 419//419 420//420 421//421
f 422//422 423//423 424//424
f 421//421 425//425 426//426
f 427//427 428//428 422//422
f 425//425 429//429 426//426
f 427//427 430//430 428//428
f 431//431 432//432 429//429
f 430//430 433//433 434//434
f 385//385 333//333 435//435
f 436//436 336//336 386//386
f 387//387 337//337 437//437
f 438//438 338//338 388//388
f 439//439 391//391 341//341
f 344//344 392//392 440//440
f 441//441 419//419 442//442
f 443//443 424//424 444//444
f 393//393 445//445 345//345
f 346//346 446//446 394//394
f 395//395 447//447 347//347
f 348//348 448//448 396//396
f 397//397 449//449 349//349
f 350//350 450//450 398//398
f 451//451 399//399 351//351
f 352//352 400//400 452//452
f 353//353 401//401 453//453
f 454//454 402//402 354//354
f 313//313 403//403 455//455
f 456//456 404//404 314//314
f 405//405 457//457 357//357
f 358//358 458//458 406//406
f 407//407 459//459 359//359
f 360//360 460//460 408//408
f 409//409 461//461 361//361
f 362//362 462//462 410//410
f 411//411 463//463 363//363
f 364//364 464//464 412//412
f 413//413 366//366 465//465
f 466//466 367//367 414//414
f 467//467 415//415 416//416
f 417//417 418//418 468//468
f 469//469 439//439 470//470
f 471//471 440//440 472//472
f 473//473 470//470 474//474
f 475//475 471//471 476//476
f 477//477 474//474 478//478
f 479//479 475//475 480//480
f 481//481 478//478 482//482
f 483//483 479//479 484//484
f 485//485 482//482 486//486
f 487//487 483//483 488//488
f 420//420 419//419 489//489
f 490//490 424//424 423//423
f 425//425 421//421 420//420
f 423//423 422//422 428//428
f 429//429 425//425 431//431
f 434//434 428//428 430//430
f 432//432 431//431 491//491
f 492//492 434//434 433//433
f 491//491 493//493 432//432
f 433//433 494//494 492//492
f 435//435 495//495 385//385
f 386//386 496//496 436//436
f 437//437 497//497 387//387
f 388//388 498//498 438//438
f 391//391 439//439 499//499
f 500//500 440//440 392//392
f 419//419 441//441 489//489
f 490//490 444//444 424//424
f 501//501 441//441 442//442
f 443//443 444//444 502//502
f 445//445 393//393 503//503
f 504//504 394//394 446//446
f 505//505 447//447 395//395
f 396//396 448//448 506//506
f 449//449 397//397 507//507
f 508//508 398//398 450//450
f 451//451 509//509 399//399
f 400//400 510//510 452//452
f 511//511 453//453 401//401
f 402//402 454//454 512//512
f 513//513 455//455 403//403
f 404//404 456//456 514//514
f 515//515 457//457 405//405
f 406//406 458//458 516//516
f 459//459 407//407 517//517
f 518//518 408//408 460//460
f 461//461 409//409 519//519
f 520//520 410//410 462//462
f 463//463 411//411 521//521
f 522//522 412//412 464//464
f 523//523 413//413 465//465
f 466//466 414//414 524//524
f 415//415 467//467 525//525
f 526//526 468//468 418//418
f 439//439 469//469 499//499
f 500//500 472//472 440//440
f 470//470 473//473 469//469
f 472//472 476//476 471//471
f 474//474 477//477 473//473
f 476//476 480//480 475//475
f 478//478 481//481 477//477
f 480//480 484//484 479//479
f 482//482 485//485 481//481
f 484//484 488//488 483//483
f 527//527 485//485 486//486
f 487//487 488//488 528//528
f 529//529 530//530 531//531
f 532//532 533//533 534//534
f 535//535 536//536 530//530
f 533//533 537//537 538//538
f 539//539 540//540 536//536
f 537//537 541//541 542//542
f 543//543 544//544 540//540
f 541//541 545//545 546//546
f 493//493 491//491 547//547
f 548//548 492//492 494//494
f 495//495 435//435 549//549
f 550//550 436//436 496//496
f 497//497 437//437 551//551
f 552//552 438//438 498//498
f 553//553 531//531 554//554
f 555//555 532//532 556//556
f 441//441 501//501 557//557
f 558//558 502//502 444//444
f 559//559 445//445 503//503
f 504//504 446//446 560//560
f 505//505 561//561 447//447
f 448//448 562//562 506//506
f 507//507 563//563 449//449
f 450//450 564//564 508//508
f 565//565 509//509 451//451
f 452//452 510//510 566//566
f 453//453 511//511 567//567
f 568//568 512//512 454//454
f 455//455 513//513 569//569
f 570//570 514//514 456//456
f 515//515 571//571 457//457
f 458//458 572//572 516//516
f 517//517 573//573 459//459
f 460//460 574//574 518//518
f 519//519 575//575 461//461
f 462//462 576//576 520//520
f 521//521 577//577 463//463
f 464//464 578//578 522//522
f 413//413 523//523 579//579
f 580//580 524//524 414//414
f 581//581 525//525 467//467
f 468//468 526//526 582//582
f 583//583 557//557 501//501
f 502//502 558//558 584//584
f 585//585 586//586 583//583
f 584//584 587//587 588//588
f 589//589 585//585 590//590
f 591//591 588//588 592//592
f 593//593 590//590 594//594
f 595//595 591//591 596//596
f 597//597 594//594 598//598
f 599//599 595//595 600//600
f 485//485 527//527 601//601
f 602//602 528//528 488//488
f 530//530 529//529 535//535
f 538//538 534//534 533//533
f 531//531 553//553 529//529
f 534//534 556//556 532//532
f 536//536 535//535 539//539
f 542//542 538//538 537//537
f 540//540 539//539 543//543
f 546//546 542//542 541//541
f 544//544 543//543 603//603
f 604//604 546//546 545//545
f 603//603 605//605 544//544
f 545//545 606//606 604//604
f 547//547 607//607 493//493
f 494//494 608//608 548//548
f 549//549 609//609 495//495
f 496//496 610//610 550//550
f 551//551 611//611 497//497
f 498//498 612//612 552//552
f 613//613 553//553 554//554
f 555//555 556//556 614//614
f 445//445 559//559 615//615
f 616//616 560//560 446//446
f 617//617 561//561 505//505
f 506//506 562//562 618//618
f 563//563 507//507 619//619
f 620//620 508//508 564//564
f 565//565 621//621 509//509
f 510//510 622//622 566//566
f 623//623 567//567 511//511
f 512//512 568//568 624//624
f 625//625 569//569 513//513
f 514//514 570//570 626//626
f 627//627 571//571 515//515
f 516//516 572//572 628//628
f 573//573 517//517 629//629
f 630//630 518//518 574//574
f 575//575 519//519 631//631
f 632//632 520//520 576//576
f 577//577 521//521 633//633
f 634//634 522//522 578//578
f 635//635 579//579 523//523
f 524//524 580//580 636//636
f 525//525 581//581 637//637
f 638//638 582//582 526//526
f 557//557 583//583 586//586
f 587//587 584//584 558//558
f 586//586 585//585 639//639
f 640//640 588//588 587//587
f 585//585 589//589 639//639
f 640//640 592//592 588//588
f 590//590 593//593 589//589
f 592//592 596//596 591//591
f 594//594 597//597 593//593
f 596//596 600//600 595//595
f 598//598 641//641 597//597
f 600//600 642//642 599//599
f 643//643 601//601 527//527
f 528//528 602//602 644//644
f 641//641 598//598 645//645
f 646//646 599//599 642//642
f 647//647 648//648 649//649
f 650//650 651//651 652//652
f 653//653 649//649 654//654
f 655//655 650//650 656//656
f 657//657 658//658 648//648
f 651//651 659//659 660//660
f 661//661 662//662 658//658
f 659//659 663//663 664//664
f 665//665 666//666 662//662
f 663//663 667//667 668//668
f 605//605 603//603 669//669
f 670//670 604//604 606//606
f 607//607 547//547 671//671
f 672//672 548//548 608//608
f 609//609 549//549 673//673
f 674//674 550//550 610//610
f 611//611 551//551 675//675
f 676//676 552//552 612//612
f 553//553 613//613 677//677
f 678//678 614//614 556//556
f 679//679 615//615 559//559
f 560//560 616//616 680//680
f 617//617 681//681 561//561
f 562//562 682//682 618//618
f 683//683 563//563 619//619
f 620//620 564//564 684//684
f 685//685 621//621 565//565
f 566//566 622//622 686//686
f 567//567 623//623 687//687
f 688//688 624//624 568//568
f 569//569 625//625 689//689
f 690//690 626//626 570//570
f 627//627 691//691 571//571
f 572//572 692//692 628//628
f 629//629 693//693 573//573
f 574//574 694//694 630//630
f 631//631 695//695 575//575
f 576//576 696//696 632//632
f 633//633 697//697 577//577
f 578//578 698//698 634//634
f 579//579 635//635 699//699
f 700//700 636//636 580//580
f 701//701 637//637 581//581
f 582//582 638//638 702//702
f 703//703 677//677 613//613
f 614//614 678//678 704//704
f 705//705 706//706 703//703
f 704//704 707//707 708//708
f 709//709 710//710 705//705
f 708//708 711//711 712//712
f 713//713 709//709 714//714
f 715//715 712//712 716//716
f 717//717 714//714 718//718
f 719//719 715//715 720//720
f 721//721 718//718 722//722
f 723//723 719//719 724//724
f 601//601 643//643 725//725
f 726//726 644//644 602//602
f 645//645 727//727 641//641
f 642//642 728//728 646//646
f 648//648 647//647 657//657
f 660//660 652//652 651//651
f 649//649 653//653 647//647
f 652//652 656//656 650//650
f 729//729 653//653 654//654
f 655//655 656//656 730//730
f 658//658 657//657 661//661
f 664//664 660//660 659//659
f 662//662 661//661 665//665
f 668//668 664//664 663//663
f 666//666 665//665 731//731
f 732//732 668//668 667//667
f 731//731 733//733 666//666
f 667//667 734//734 732//732
f 669//669 735//735 605//605
f 606//606 736//736 670//670
f 671//671 737//737 607//607
f 608//608 738//738 672//672
f 673//673 739//739 609//609
f 610//610 740//740 674//674
f 675//675 741//741 611//611
f 612//612 742//742 676//676
f 615//615 679//679 743//743
f 744//744 680//680 616//616
f 745//745 681//681 617//617
f 618//618 682//682 746//746
f 563//563 683//683 747//747
f 748//748 684//684 564//564
f 685//685 749//749 621//621
f 622//622 750//750 686//686
f 751//751 687//687 623//623
f 624//624 688//688 752//752
f 753//753 689//689 625//625
f 626//626 690//690 754//754
f 627//627 755//755 691//691
f 692//692 756//756 628//628
f 693//693 629//629 757//757
f 758//758 630//630 694//694
f 759//759 760//760 627//627
f 628//628 761//761 762//762
f 695//695 631//631 763//763
f 764//764 632//632 696//696
f 697//697 633//633 765//765
f 766//766 634//634 698//698
f 767//767 699//699 635//635
f 636//636 700//700 768//768
f 637//637 701//701 769//769
f 770//770 702//702 638//638
f 677//677 703//703 706//706
f 707//707 704//704 678//678
f 706//706 705//705 710//710
f 711//711 708//708 707//707
f 710//710 709//709 771//771
f 772//772 712//712 711//711
f 709//709 713//713 771//771
f 772//772 716//716 712//712
f 714//714 717//717 713//713
f 716//716 720//720 715//715
f 718//718 721//721 717//717
f 720//720 724//724 719//719
f 722//722 773//773 721//721
f 724//724 774//774 723//723
f 775//775 725//725 643//643
f 644//644 726//726 776//776
f 727//727 645//645 777//777
f 778//778 646//646 728//728
f 773//773 722//722 779//779
f 780//780 723//723 774//774
f 781//781 782//782 783//783
f 784//784 785//785 786//786
f 787//787 783//783 788//788
f 789//789 784//784 790//790
f 653//653 729//729 791//791
f 792//792 730//730 656//656
f 793//793 794//794 782//782
f 785//785 795//795 796//796
f 797//797 798//798 794//794
f 795//795 799//799 800//800
f 801//801 802//802 798//798
f 799//799 803//803 804//804
f 733//733 731//731 805//805
f 806//806 732//732 734//734
f 735//735 669//669 807//807
f 808//808 670//670 736//736
f 737//737 671//671 809//809
f 810//810 672//672 738//738
f 739//739 673//673 811//811
f 812//812 674//674 740//740
f 741//741 675//675 813//813
f 814//814 676//676 742//742
f 815//815 743//743 679//679
f 680//680 744//744 816//816
f 745//745 817//817 681//681
f 682//682 818//818 746//746
f 819//819 747//747 683//683
f 684//684 748//748 820//820
f 821//821 749//749 685//685
f 686//686 750//750 822//822
f 687//687 751//751 823//823
f 824//824 752//752 688//688
f 689//689 753//753 825//825
f 826//826 754//754 690//690
f 627//627 760//760 755//755
f 756//756 761//761 628//628
f 757//757 827//827 693//693
f 694//694 828//828 758//758
f 760//760 759//759 829//829
f 830//830 762//762 761//761
f 763//763 831//831 695//695
f 696//696 832//832 764//764
f 765//765 833//833 697//697
f 698//698 834//834 766//766
f 699//699 767//767 835//835
f 836//836 768//768 700//700
f 837//837 769//769 701//701
f 702//702 770//770 838//838
f 839//839 791//791 729//729
f 730//730 792//792 840//840
f 841//841 842//842 839//839
f 840//840 843//843 844//844
f 845//845 846//846 841//841
f 844//844 847//847 848//848
f 849//849 845//845 850//850
f 851//851 848//848 852//852
f 853//853 850//850 854//854
f 855//855 851//851 856//856
f 857//857 854//854 858//858
f 859//859 855//855 860//860
f 861//861 858//858 862//862
f 863//863 859//859 864//864
f 725//725 775//775 865//865
f 866//866 776//776 726//726
f 777//777 867//867 727//727
f 728//728 868//868 778//778
f 779//779 869//869 773//773
f 774//774 870//870 780//780
f 782//782 781//781 793//793
f 796//796 786//786 785//785
f 783//783 787//787 781//781
f 786//786 790//790 784//784
f 871//871 787//787 788//788
f 789//789 790//790 872//872
f 794//794 793//793 797//797
f 800//800 796//796 795//795
f 798//798 797//797 801//801
f 804//804 800//800 799//799
f 802//802 801//801 873//873
f 874//874 804//804 803//803
f 873//873 875//875 802//802
f 803//803 876//876 874//874
f 805//805 877//877 733//733
f 734//734 878//878 806//806
f 807//807 879//879 735//735
f 736//736 880//880 808//808
f 809//809 881//881 737//737
f 738//738 882//882 810//810
f 811//811 883//883 739//739
f 740//740 884//884 812//812
f 813//813 885//885 741//741
f 742//742 886//886 814//814
f 743//743 815//815 887//887
f 888//888 816//816 744//744
f 817//817 745//745 889//889
f 890//890 746//746 818//818
f 747//747 819//819 891//891
f 892//892 820//820 748//748
f 755//755 749//749 821//821
f 822//822 750//750 756//756
f 893//893 823//823 751//751
f 752//752 824//824 894//894
f 895//895 825//825 753//753
f 754//754 826//826 896//896
f 749//749 755//755 760//760
f 761//761 756//756 750//750
f 827//827 757//757 897//897
f 898//898 758//758 828//828
f 827//827 899//899 893//893
f 894//894 900//900 828//828
f 831//831 763//763 901//901
f 902//902 764//764 832//832
f 833//833 765//765 903//903
f 904//904 766//766 834//834
f 905//905 835//835 767//767
f 768//768 836//836 906//906
f 769//769 837//837 907//907
f 908//908 838//838 770//770
f 791//791 839//839 842//842
f 843//843 840//840 792//792
f 842//842 841//841 846//846
f 847//847 844//844 843//843
f 846//846 845//845 909//909
f 910//910 848//848 847//847
f 845//845 849//849 909//909
f 910//910 852//852 848//848
f 850//850 853//853 849//849
f 852//852 856//856 851//851
f 854//854 857//857 853//853
f 856//856 860//860 855//855
f 858//858 861//861 857//857
f 860//860 864//864 859//859
f 862//862 911//911 861//861
f 864//864 912//912 863//863
f 913//913 865//865 775//775
f 776//776 866//866 914//914
f 867//867 777//777 915//915
f 916//916 778//778 868//868
f 869//869 779//779 917//917
f 918//918 780//780 870//870
f 911//911 862//862 919//919
f 920//920 863//863 912//912
f 921//921 922//922 923//923
f 924//924 925//925 926//926
f 927//927 923//923 928//928
f 929//929 924//924 930//930
f 787//787 871//871 931//931
f 932//932 872//872 790//790
f 933//933 934//934 922//922
f 925//925 935//935 936//936
f 937//937 938//938 934//934
f 935//935 939//939 940//940
f 941//941 942//942 938//938
f 939//939 943//943 944//944
f 875//875 873//873 945//945
f 946//946 874//874 876//876
f 877//877 805//805 947//947
f 948//948 806//806 878//878
f 879//879 807//807 949//949
f 950//950 808//808 880//880
f 881//881 809//809 951//951
f 952//952 810//810 882//882
f 883//883 811//811 953//953
f 954//954 812//812 884//884
f 885//885 813//813 955//955
f 956//956 814//814 886//886
f 891//891 887//887 815//815
f 816//816 888//888 892//892
f 887//887 891//891 819//819
f 820//820 892//892 888//888
f 823//823 893//893 899//899
f 900//900 894//894 824//824
f 825//825 895//895 957//957
f 958//958 896//896 826//826
f 899//899 827//827 897//897
f 898//898 828//828 900//900
f 959//959 831//831 901//901
f 902//902 832//832 960//960
f 961//961 833//833 903//903
f 904//904 834//834 962//962
f 835//835 905//905 963//963
f 964//964 906//906 836//836
f 965//965 907//907 837//837
f 838//838 908//908 966//966
f 967//967 931//931 871//871
f 872//872 932//932 968//968
f 969//969 970//970 967//967
f 968//968 971//971 972//972
f 973//973 974//974 969//969
f 972//972 975//975 976//976
f 977//977 973//973 978//978
f 979//979 976//976 980//980
f 981//981 978//978 982//982
f 983//983 979//979 984//984
f 985//985 982//982 986//986
f 987//987 983//983 988//988
f 989//989 986//986 990//990
f 991//991 987//987 992//992
f 993//993 990//990 994//994
f 995//995 991//991 996//996
f 865//865 913//913 997//997
f 998//998 914//914 866//866
f 999//999 867//867 915//915
f 916//916 868//868 1000//1000
f 917//917 1001//1001 869//869
f 870//870 1002//1002 918//918
f 919//919 1003//1003 911//911
f 912//912 1004//1004 920//920
f 922//922 921//921 933//933
f 936//936 926//926 925//925
f 923//923 927//927 921//921
f 926//926 930//930 924//924
f 1005//1005 927//927 928//928
f 929//929 930//930 1006//1006
f 934//934 933//933 937//937
f 940//940 936//936 935//935
f 938//938 937//937 941//941
f 944//944 940//940 939//939
f 942//942 941//941 1007//1007
f 1008//1008 944//944 943//943
f 1007//1007 1009//1009 942//942
f 943//943 1010//1010 1008//1008
f 945//945 1011//1011 875//875
f 876//876 1012//1012 946//946
f 947//947 1013//1013 877//877
f 878//878 1014//1014 948//948
f 1015//1015 879//879 949//949
f 950//950 880//880 1016//1016
f 879//879 1015//1015 1017//1017
f 1018//1018 1016//1016 880//880
f 1019//1019 881//881 951//951
f 952//952 882//882 1020//1020
f 881//881 1019//1019 1021//1021
f 1022//1022 1020//1020 882//882
f 953//953 1023//1023 883//883
f 884//884 1024//1024 954//954
f 1025//1025 885//885 955//955
f 956//956 886//886 1026//1026
f 1027//1027 957//957 895//895
f 896//896 958//958 1028//1028
f 831//831 959//959 1027//1027
f 1028//1028 960//960 832//832
f 833//833 961//961 1029//1029
f 1030//1030 962//962 834//834
f 885//885 1025//1025 1031//1031
f 1032//1032 1026//1026 886//886
f 1029//1029 963//963 905//905
f 906//906 964//964 1030//1030
f 907//907 965//965 1033//1033
f 1034//1034 966//966 908//908
f 931//931 967//967 970//970
f 971//971 968//968 932//932
f 970//970 969//969 974//974
f 975//975 972//972 971//971
f 974//974 973//973 1035//1035
f 1036//1036 976//976 975//975
f 973//973 977//977 1035//1035
f 1036//1036 980//980 976//976
f 978//978 981//981 977//977
f 980//980 984//984 979//979
f 982//982 985//985 981//981
f 984//984 988//988 983//983
f 986//986 989//989 985//985
f 988//988 992//992 987//987
f 990//990 993//993 989//989
f 992//992 996//996 991//991
f 994//994 1037//1037 993//993
f 996//996 1038//1038 995//995
f 1039//1039 997//997 913//913
f 914//914 998//998 1040//1040
f 867//867 999//999 1041//1041
f 1042//1042 1000//1000 868//868
f 1001//1001 917//917 1043//1043
f 1044//1044 918//918 1002//1002
f 1003//1003 919//919 1045//1045
f 1046//1046 920//920 1004//1004
f 1037//1037 994//994 1047//1047
f 1048//1048 995//995 1038//1038
f 1049//1049 1050//1050 1051//1051
f 1052//1052 1053//1053 1054//1054
f 1055//1055 1056//1056 1049//1049
f 1054//1054 1057//1057 1058//1058
f 927//927 1005//1005 1059//1059
f 1060//1060 1006//1006 930//930
f 1050//1050 1061//1061 1051//1051
f 1052//1052 1062//1062 1053//1053
f 1063//1063 1064//1064 1061//1061
f 1062//1062 1065//1065 1066//1066
f 1067//1067 1068//1068 1064//1064
f 1065//1065 1069//1069 1070//1070
f 1009//1009 1007//1007 1071//1071
f 1072//1072 1008//1008 1010//1010
f 1011//1011 945//945 1073//1073
f 1074//1074 946//946 1012//1012
f 1013//1013 947//947 1075//1075
f 1076//1076 948//948 1014//1014
f 1013//1013 1077//1077 1078//1078
f 1079//1079 1080//1080 1014//1014
f 1081//1081 1017//1017 1015//1015
f 1016//1016 1018//1018 1082//1082
f 1017//1017 1081//1081 1083//1083
f 1084//1084 1082//1082 1018//1018
f 1085//1085 1021//1021 1019//1019
f 1020//1020 1022//1022 1086//1086
f 1023//1023 953//953 1087//1087
f 1088//1088 954//954 1024//1024
f 1023//1023 1089//1089 1090//1090
f 1091//1091 1092//1092 1024//1024
f 957//957 1027//1027 959//959
f 960//960 1028//1028 958//958
f 963//963 1029//1029 961//961
f 962//962 1030//1030 964//964
f 1033//1033 1031//1031 1025//1025
f 1026//1026 1032//1032 1034//1034
f 1031//1031 1033//1033 965//965
f 966//966 1034//1034 1032//1032
f 1093//1093 1059//1059 1005//1005
f 1006//1006 1060//1060 1094//1094
f 1095//1095 1096//1096 1093//1093
f 1094//1094 1097//1097 1098//1098
f 1099//1099 1100//1100 1095//1095
f 1098//1098 1101//1101 1102//1102
f 1103//1103 1099//1099 1104//1104
f 1105//1105 1102//1102 1106//1106
f 1107//1107 1104//1104 1108//1108
f 1109//1109 1105//1105 1110//1110
f 1111//1111 1108//1108 1112//1112
f 1113//1113 1109//1109 1114//1114
f 1115//1115 1112//1112 1116//1116
f 1117//1117 1113//1113 1118//1118
f 1119//1119 1116//1116 1120//1120
f 1121//1121 1117//1117 1122//1122
f 1123//1123 1120//1120 1124//1124
f 1125//1125 1121//1121 1126//1126
f 997//997 1039//1039 1127//1127
f 1128//1128 1040//1040 998//998
f 1129//1129 1041//1041 999//999
f 1000//1000 1042//1042 1130//1130
f 1043//1043 1131//1131 1001//1001
f 1002//1002 1132//1132 1044//1044
f 1045//1045 1133//1133 1003//1003
f 1004//1004 1134//1134 1046//1046
f 1047//1047 1135//1135 1037//1037
f 1038//1038 1136//1136 1048//1048
f 1050//1050 1049//1049 1056//1056
f 1057//1057 1054//1054 1053//1053
f 1056//1056 1055//1055 1137//1137
f 1138//1138 1058//1058 1057//1057
f 1139//1139 1137//1137 1055//1055
f 1058//1058 1138//1138 1140//1140
f 1061//1061 1050//1050 1063//1063
f 1066//1066 1053//1053 1062//1062
f 1064//1064 1063//1063 1067//1067
f 1070//1070 1066//1066 1065//1065
f 1068//1068 1067//1067 1141//1141
f 1142//1142 1070//1070 1069//1069
f 1141//1141 1143//1143 1068//1068
f 1069//1069 1144//1144 1142//1142
f 1071//1071 1145//1145 1009//1009
f 1010//1010 1146//1146 1072//1072
f 1073//1073 1147//1147 1011//1011
f 1012//1012 1148//1148 1074//1074
f 1077//1077 1013//1013 1075//1075
f 1076//1076 1014//1014 1080//1080
f 1149//1149 1078//1078 1077//1077
f 1080//1080 1079//1079 1150//1150
f 1078//1078 1149//1149 1151//1151
f 1152//1152 1150//1150 1079//1079
f 1153//1153 1083//1083 1081//1081
f 1082//1082 1084//1084 1154//1154
f 1021//1021 1085//1085 1155//1155
f 1156//1156 1086//1086 1022//1022
f 1083//1083 1153//1153 1157//1157
f 1158//1158 1154//1154 1084//1084
f 1089//1089 1023//1023 1087//1087
f 1088//1088 1024//1024 1092//1092
f 1127//1127 1090//1090 1089//1089
f 1092//1092 1091//1091 1128//1128
f 1090//1090 1127//1127 1039//1039
f 1040//1040 1128//1128 1091//1091
f 1059//1059 1093//1093 1096//1096
f 1097//1097 1094//1094 1060//1060
f 1096//1096 1095//1095 1100//1100
f 1101//1101 1098//1098 1097//1097
f 1100//1100 1099//1099 1159//1159
f 1160//1160 1102//1102 1101//1101
f 1099//1099 1103//1103 1159//1159
f 1160//1160 1106//1106 1102//1102
f 1104//1104 1107//1107 1103//1103
f 1106//1106 1110//1110 1105//1105
f 1108//1108 1111//1111 1107//1107
f 1110//1110 1114//1114 1109//1109
f 1112//1112 1115//1115 1111//1111
f 1114//1114 1118//1118 1113//1113
f 1116//1116 1119//1119 1115//1115
f 1118//1118 1122//1122 1117//1117
f 1120//1120 1123//1123 1119//1119
f 1122//1122 1126//1126 1121//1121
f 1124//1124 1161//1161 1123//1123
f 1126//1126 1162//1162 1125//1125
f 1041//1041 1129//1129 1163//1163
f 1164//1164 1130//1130 1042//1042
f 1131//1131 1043//1043 1165//1165
f 1166//1166 1044//1044 1132//1132
f 1133//1133 1045//1045 1167//1167
f 1168//1168 1046//1046 1134//1134
f 1135//1135 1047//1047 1169//1169
f 1170//1170 1048//1048 1136//1136
f 1161//1161 1124//1124 1171//1171
f 1172//1172 1125//1125 1162//1162
f 1173//1173 1174//1174 1175//1175
f 1176//1176 1177//1177 1178//1178
f 1179//1179 1180//1180 1173//1173
f 1178//1178 1181//1181 1182//1182
f 1137//1137 1139//1139 1183//1183
f 1184//1184 1140//1140 1138//1138
f 1175//1175 1185//1185 1186//1186
f 1187//1187 1188//1188 1176//1176
f 1186//1186 1189//1189 1190//1190
f 1191//1191 1192//1192 1187//1187
f 1190//1190 1193//1193 1194//1194
f 1195//1195 1196//1196 1191//1191
f 1143//1143 1141//1141 1197//1197
f 1198//1198 1142//1142 1144//1144
f 1145//1145 1071//1071 1199//1199
f 1200//1200 1072//1072 1146//1146
f 1147//1147 1073//1073 1201//1201
f 1202//1202 1074//1074 1148//1148
f 1147//1147 1203//1203 1204//1204
f 1205//1205 1206//1206 1148//1148
f 1204//1204 1207//1207 1208//1208
f 1209//1209 1210//1210 1205//1205
f 1211//1211 1151//1151 1149//1149
f 1150//1150 1152//1152 1212//1212
f 1151//1151 1211//1211 1213//1213
f 1214//1214 1212//1212 1152//1152
f 1085//1085 1215//1215 1155//1155
f 1156//1156 1216//1216 1086//1086
f 1153//1153 1217//1217 1157//1157
f 1158//1158 1218//1218 1154//1154
f 1219//1219 1129//1129 1215//1215
f 1216//1216 1130//1130 1220//1220
f 1221//1221 1183//1183 1139//1139
f 1140//1140 1184//1184 1222//1222
f 1223//1223 1224//1224 1221//1221
f 1222//1222 1225//1225 1226//1226
f 1227//1227 1228//1228 1223//1223
f 1226//1226 1229//1229 1230//1230
f 1231//1231 1227//1227 1232//1232
f 1233//1233 1230//1230 1234//1234
f 1235//1235 1232//1232 1236//1236
f 1237//1237 1233//1233 1238//1238
f 1239//1239 1236//1236 1240//1240
f 1241//1241 1237//1237 1242//1242
f 1243//1243 1240//1240 1244//1244
f 1245//1245 1241//1241 1246//1246
f 1247//1247 1244//1244 1248//1248
f 1249//1249 1245//1245 1250//1250
f 1251//1251 1248//1248 1252//1252
f 1253//1253 1249//1249 1254//1254
f 1255//1255 1251//1251 1252//1252
f 1253//1253 1254//1254 1256//1256
f 1129//1129 1219//1219 1163//1163
f 1164//1164 1220//1220 1130//1130
f 1165//1165 1257//1257 1131//1131
f 1132//1132 1258//1258 1166//1166
f 1167//1167 1259//1259 1133//1133
f 1134//1134 1260//1260 1168//1168
f 1169//1169 1261//1261 1135//1135
f 1136//1136 1262//1262 1170//1170
f 1171//1171 1263//1263 1161//1161
f 1162//1162 1264//1264 1172//1172
f 1174//1174 1173//1173 1180//1180
f 1181//1181 1178//1178 1177//1177
f 1185//1185 1175//1175 1174//1174
f 1177//1177 1176//1176 1188//1188
f 1180//1180 1179//1179 1265//1265
f 1266//1266 1182//1182 1181//1181
f 1267//1267 1265//1265 1179//1179
f 1182//1182 1266//1266 1268//1268
f 1189//1189 1186//1186 1185//1185
f 1188//1188 1187//1187 1192//1192
f 1193//1193 1190//1190 1189//1189
f 1192//1192 1191//1191 1196//1196
f 1193//1193 1269//1269 1194//1194
f 1195//1195 1270//1270 1196//1196
f 1197//1197 1271//1271 1143//1143
f 1144//1144 1272//1272 1198//1198
f 1199//1199 1273//1273 1145//1145
f 1146//1146 1274//1274 1200//1200
f 1203//1203 1147//1147 1201//1201
f 1202//1202 1148//1148 1206//1206
f 1207//1207 1204//1204 1203//1203
f 1206//1206 1205//1205 1210//1210
f 1275//1275 1208//1208 1207//1207
f 1210//1210 1209//1209 1276//1276
f 1208//1208 1275//1275 1277//1277
f 1278//1278 1276//1276 1209//1209
f 1211//1211 1279//1279 1213//1213
f 1214//1214 1280//1280 1212//1212
f 1215//1215 1085//1085 1219//1219
f 1220//1220 1086//1086 1216//1216
f 1217//1217 1153//1153 1257//1257
f 1258//1258 1154//1154 1218//1218
f 1183//1183 1221//1221 1224//1224
f 1225//1225 1222//1222 1184//1184
f 1224//1224 1223//1223 1228//1228
f 1229//1229 1226//1226 1225//1225
f 1228//1228 1227//1227 1281//1281
f 1282//1282 1230//1230 1229//1229
f 1227//1227 1231//1231 1281//1281
f 1282//1282 1234//1234 1230//1230
f 1232//1232 1235//1235 1231//1231
f 1234//1234 1238//1238 1233//1233
f 1236//1236 1239//1239 1235//1235
f 1238//1238 1242//1242 1237//1237
f 1240//1240 1243//1243 1239//1239
f 1242//1242 1246//1246 1241//1241
f 1244//1244 1247//1247 1243//1243
f 1246//1246 1250//1250 1245//1245
f 1248//1248 1251//1251 1247//1247
f 1250//1250 1254//1254 1249//1249
f 1251//1251 1255//1255 1283//1283
f 1284//1284 1256//1256 1254//1254
f 1257//1257 1165//1165 1217//1217
f 1218//1218 1166//1166 1258//1258
f 1259//1259 1167//1167 1279//1279
f 1280//1280 1168//1168 1260//1260
f 1261//1261 1169//1169 1285//1285
f 1286//1286 1170//1170 1262//1262
f 1263//1263 1171//1171 1287//1287
f 1288//1288 1172//1172 1264//1264
f 1289//1289 1283//1283 1255//1255
f 1256//1256 1284//1284 1290//1290
f 1180//1180 1291//1291 1174//1174
f 1177//1177 1292//1292 1181//1181
f 1174//1174 1293//1293 1185//1185
f 1188//1188 1294//1294 1177//1177
f 1295//1295 1180//1180 1265//1265
f 1266//1266 1181//1181 1296//1296
f 1265//1265 1267//1267 1297//1297
f 1298//1298 1268//1268 1266//1266
f 1293//1293 1189//1189 1185//1185
f 1188//1188 1192//1192 1294//1294
f 1299//1299 1193//1193 1189//1189
f 1192//1192 1196//1196 1300//1300
f 1269//1269 1193//1193 1301//1301
f 1302//1302 1196//1196 1270//1270
f 1271//1271 1197//1197 1303//1303
f 1304//1304 1198//1198 1272//1272
f 1273//1273 1199//1199 1305//1305
f 1306//1306 1200//1200 1274//1274
f 1273//1273 1307//1307 1308//1308
f 1309//1309 1310//1310 1274//1274
f 1308//1308 1311//1311 1312//1312
f 1313//1313 1314//1314 1309//1309
f 1312//1312 1315//1315 1316//1316
f 1317//1317 1318//1318 1313//1313
f 1275//1275 1285//1285 1277//1277
f 1278//1278 1286//1286 1276//1276
f 1279//1279 1211//1211 1259//1259
f 1260//1260 1212//1212 1280//1280
f 1319//1319 1267//1267 1320//1320
f 1321//1321 1268//1268 1322//1322
f 1323//1323 1320//1320 1324//1324
f 1325//1325 1321//1321 1326//1326
f 1327//1327 1324//1324 1328//1328
f 1329//1329 1325//1325 1330//1330
f 1331//1331 1328//1328 1332//1332
f 1333//1333 1329//1329 1334//1334
f 1335//1335 1332//1332 1336//1336
f 1337//1337 1333//1333 1338//1338
f 1339//1339 1335//1335 1336//1336
f 1337//1337 1338//1338 1340//1340
f 1341//1341 1342//1342 1339//1339
f 1340//1340 1343//1343 1344//1344
f 1345//1345 1346//1346 1341//1341
f 1344//1344 1347//1347 1348//1348
f 1349//1349 1350//1350 1345//1345
f 1348//1348 1351//1351 1352//1352
f 1353//1353 1354//1354 1349//1349
f 1352//1352 1355//1355 1356//1356
f 1285//1285 1275//1275 1261//1261
f 1262//1262 1276//1276 1286//1286
f 1287//1287 1315//1315 1263//1263
f 1264//1264 1318//1318 1288//1288
f 1283//1283 1289//1289 1357//1357
f 1358//1358 1290//1290 1284//1284
f 1291//1291 1180//1180 1359//1359
f 1360//1360 1181//1181 1292//1292
f 1293//1293 1174//1174 1291//1291
f 1292//1292 1177//1177 1294//1294
f 1180//1180 1295//1295 1359//1359
f 1360//1360 1296//1296 1181//1181
f 1297//1297 1295//1295 1265//1265
f 1266//1266 1296//1296 1298//1298
f 1267//1267 1319//1319 1297//1297
f 1298//1298 1322//1322 1268//1268
f 1189//1189 1293//1293 1299//1299
f 1300//1300 1294//1294 1192//1192
f 1193//1193 1299//1299 1361//1361
f 1362//1362 1300//1300 1196//1196
f 1361//1361 1301//1301 1193//1193
f 1196//1196 1302//1302 1362//1362
f 1301//1301 1363//1363 1269//1269
f 1270//1270 1364//1364 1302//1302
f 1303//1303 1365//1365 1271//1271
f 1272//1272 1366//1366 1304//1304
f 1307//1307 1273//1273 1305//1305
f 1306//1306 1274//1274 1310//1310
f 1311//1311 1308//1308 1307//1307
f 1310//1310 1309//1309 1314//1314
f 1315//1315 1312//1312 1311//1311
f 1314//1314 1313//1313 1318//1318
f 1315//1315 1287//1287 1316//1316
f 1317//1317 1288//1288 1318//1318
f 1320//1320 1323//1323 1319//1319
f 1322//1322 1326//1326 1321//1321
f 1324//1324 1327//1327 1323//1323
f 1326//1326 1330//1330 1325//1325
f 1328//1328 1331//1331 1327//1327
f 1330//1330 1334//1334 1329//1329
f 1332//1332 1335//1335 1331//1331
f 1334//1334 1338//1338 1333//1333
f 1335//1335 1339//1339 1342//1342
f 1343//1343 1340//1340 1338//1338
f 1342//1342 1341//1341 1346//1346
f 1347//1347 1344//1344 1343//1343
f 1346//1346 1345//1345 1350//1350
f 1351//1351 1348//1348 1347//1347
f 1350//1350 1349//1349 1354//1354
f 1355//1355 1352//1352 1351//1351
f 1354//1354 1353//1353 1367//1367
f 1368//1368 1356//1356 1355//1355
f 1369//1369 1357//1357 1289//1289
f 1290//1290 1358//1358 1370//1370
f 1371//1371 1367//1367 1353//1353
f 1356//1356 1368//1368 1372//1372
f 1373//1373 1291//1291 1359//1359
f 1360//1360 1292//1292 1374//1374
f 1375//1375 1293//1293 1291//1291
f 1292//1292 1294//1294 1376//1376
f 1377//1377 1359//1359 1295//1295
f 1296//1296 1360//1360 1378//1378
f 1295//1295 1297//1297 1379//1379
f 1380//1380 1298//1298 1296//1296
f 1319//1319 1379//1379 1297//1297
f 1298//1298 1380//1380 1322//1322
f 1381//1381 1299//1299 1293//1293
f 1294//1294 1300//1300 1382//1382
f 1383//1383 1361//1361 1299//1299
f 1300//1300 1362//1362 1384//1384
f 1301//1301 1361//1361 1385//1385
f 1386//1386 1362//1362 1302//1302
f 1363//1363 1301//1301 1387//1387
f 1388//1388 1302//1302 1364//1364
f 1365//1365 1303//1303 1389//1389
f 1390//1390 1304//1304 1366//1366
f 1365//1365 1391//1391 1392//1392
f 1393//1393 1394//1394 1366//1366
f 1392//1392 1395//1395 1396//1396
f 1397//1397 1398//1398 1393//1393
f 1396//1396 1399//1399 1369//1369
f 1370//1370 1400//1400 1397//1397
f 1323//1323 1401//1401 1319//1319
f 1322//1322 1402//1402 1326//1326
f 1403//1403 1323//1323 1327//1327
f 1330//1330 1326//1326 1404//1404
f 1405//1405 1327//1327 1331//1331
f 1334//1334 1330//1330 1406//1406
f 1407//1407 1331//1331 1335//1335
f 1338//1338 1334//1334 1408//1408
f 1409//1409 1335//1335 1342//1342
f 1343//1343 1338//1338 1410//1410
f 1411//1411 1342//1342 1346//1346
f 1347//1347 1343//1343 1412//1412
f 1413//1413 1346//1346 1350//1350
f 1351//1351 1347//1347 1414//1414
f 1354//1354 1413//1413 1350//1350
f 1351//1351 1414//1414 1355//1355
f 1367//1367 1415//1415 1354//1354
f 1355//1355 1416//1416 1368//1368
f 1357//1357 1369//1369 1399//1399
f 1400//1400 1370//1370 1358//1358
f 1367//1367 1371//1371 1417//1417
f 1418//1418 1372//1372 1368//1368
f 1291//1291 1373//1373 1375//1375
f 1376//1376 1374//1374 1292//1292
f 1359//1359 1377//1377 1373//1373
f 1374//1374 1378//1378 1360//1360
f 1293//1293 1375//1375 1381//1381
f 1382//1382 1376//1376 1294//1294
f 1379//1379 1377//1377 1295//1295
f 1296//1296 1378//1378 1380//1380
f 1379//1379 1319//1319 1401//1401
f 1402//1402 1322//1322 1380//1380
f 1299//1299 1381//1381 1383//1383
f 1384//1384 1382//1382 1300//1300
f 1361//1361 1383//1383 1419//1419
f 1420//1420 1384//1384 1362//1362
f 1419//1419 1385//1385 1361//1361
f 1362//1362 1386//1386 1420//1420
f 1385//1385 1387//1387 1301//1301
f 1302//1302 1388//1388 1386//1386
f 1387//1387 1421//1421 1363//1363
f 1364//1364 1422//1422 1388//1388
f 1391//1391 1365//1365 1389//1389
f 1390//1390 1366//1366 1394//1394
f 1395//1395 1392//1392 1391//1391
f 1394//1394 1393//1393 1398//1398
f 1399//1399 1396//1396 1395//1395
f 1398//1398 1397//1397 1400//1400
f 1401//1401 1323//1323 1423//1423
f 1424//1424 1326//1326 1402//1402
f 1323//1323 1403//1403 1423//1423
f 1424//1424 1404//1404 1326//1326
f 1327//1327 1405//1405 1403//1403
f 1404//1404 1406//1406 1330//1330
f 1331//1331 1407//1407 1405//1405
f 1406//1406 1408//1408 1334//1334
f 1335//1335 1409//1409 1407//1407
f 1408//1408 1410//1410 1338//1338
f 1342//1342 1411//1411 1409//1409
f 1410//1410 1412//1412 1343//1343
f 1346//1346 1413//1413 1411//1411
f 1412//1412 1414//1414 1347//1347
f 1413//1413 1354//1354 1415//1415
f 1416//1416 1355//1355 1414//1414
f 1415//1415 1367//1367 1425//1425
f 1426//1426 1368//1368 1416//1416
f 1427//1427 1417//1417 1371//1371
f 1372//1372 1418//1418 1428//1428
f 1429//1429 1367//1367 1417//1417
f 1418//1418 1368//1368 1430//1430
f 1431//1431 1375//1375 1373//1373
f 1374//1374 1376//1376 1432//1432
f 1433//1433 1373//1373 1377//1377
f 1378//1378 1374//1374 1434//1434
f 1435//1435 1381//1381 1375//1375
f 1376//1376 1382//1382 1436//1436
f 1377//1377 1379//1379 1437//1437
f 1438//1438 1380//1380 1378//1378
f 1401//1401 1437//1437 1379//1379
f 1380//1380 1438//1438 1402//1402
f 1439//1439 1383//1383 1381//1381
f 1382//1382 1384//1384 1440//1440
f 1441//1441 1419//1419 1383//1383
f 1384//1384 1420//1420 1442//1442
f 1385//1385 1419//1419 1443//1443
f 1444//1444 1420//1420 1386//1386
f 1387//1387 1385//1385 1445//1445
f 1446//1446 1386//1386 1388//1388
f 1421//1421 1387//1387 1447//1447
f 1448//1448 1388//1388 1422//1422
f 1447//1447 1449//1449 1421//1421
f 1422//1422 1450//1450 1448//1448
f 1451//1451 1452//1452 1449//1449
f 1450//1450 1453//1453 1454//1454
f 1455//1455 1427//1427 1452//1452
f 1453//1453 1428//1428 1456//1456
f 1423//1423 1457//1457 1401//1401
f 1402//1402 1458//1458 1424//1424
f 1403//1403 1459//1459 1423//1423
f 1424//1424 1460//1460 1404//1404
f 1461//1461 1403//1403 1405//1405
f 1406//1406 1404//1404 1462//1462
f 1463//1463 1405//1405 1407//1407
f 1408//1408 1406//1406 1464//1464
f 1465//1465 1407//1407 1409//1409
f 1410//1410 1408//1408 1466//1466
f 1467//1467 1409//1409 1411//1411
f 1412//1412 1410//1410 1468//1468
f 1469//1469 1411//1411 1413//1413
f 1414//1414 1412//1412 1470//1470
f 1471//1471 1413//1413 1415//1415
f 1416//1416 1414//1414 1472//1472
f 1367//1367 1429//1429 1425//1425
f 1426//1426 1430//1430 1368//1368
f 1473//1473 1415//1415 1425//1425
f 1426//1426 1416//1416 1474//1474
f 1417//1417 1427//1427 1475//1475
f 1476//1476 1428//1428 1418//1418
f 1417//1417 1477//1477 1429//1429
f 1430//1430 1478//1478 1418//1418
f 1375//1375 1431//1431 1435//1435
f 1436//1436 1432//1432 1376//1376
f 1373//1373 1433//1433 1431//1431
f 1432//1432 1434//1434 1374//1374
f 1437//1437 1433//1433 1377//1377
f 1378//1378 1434//1434 1438//1438
f 1381//1381 1435//1435 1439//1439
f 1440//1440 1436//1436 1382//1382
f 1437//1437 1401//1401 1457//1457
f 1458//1458 1402//1402 1438//1438
f 1383//1383 1439//1439 1441//1441
f 1442//1442 1440//1440 1384//1384
f 1419//1419 1441//1441 1479//1479
f 1480//1480 1442//1442 1420//1420
f 1479//1479 1443//1443 1419//1419
f 1420//1420 1444//1444 1480//1480
f 1443//1443 1445//1445 1385//1385
f 1386//1386 1446//1446 1444//1444
f 1445//1445 1447//1447 1387//1387
f 1388//1388 1448//1448 1446//1446
f 1449//1449 1447//1447 1451//1451
f 1454//1454 1448//1448 1450//1450
f 1452//1452 1451//1451 1455//1455
f 1456//1456 1454//1454 1453//1453
f 1427//1427 1455//1455 1475//1475
f 1476//1476 1456//1456 1428//1428
f 1457//1457 1423//1423 1459//1459
f 1460//1460 1424//1424 1458//1458
f 1459//1459 1403//1403 1481//1481
f 1482//1482 1404//1404 1460//1460
f 1403//1403 1461//1461 1481//1481
f 1482//1482 1462//1462 1404//1404
f 1405//1405 1463//1463 1461//1461
f 1462//1462 1464//1464 1406//1406
f 1407//1407 1465//1465 1463//1463
f 1464//1464 1466//1466 1408//1408
f 1409//1409 1467//1467 1465//1465
f 1466//1466 1468//1468 1410//1410
f 1411//1411 1469//1469 1467//1467
f 1468//1468 1470//1470 1412//1412
f 1413//1413 1471//1471 1469//1469
f 1470//1470 1472//1472 1414//1414
f 1415//1415 1473//1473 1471//1471
f 1472//1472 1474//1474 1416//1416
f 1483//1483 1425//1425 1429//1429
f 1430//1430 1426//1426 1484//1484
f 1425//1425 1483//1483 1473//1473
f 1474//1474 1484//1484 1426//1426
f 1477//1477 1417//1417 1475//1475
f 1476//1476 1418//1418 1478//1478
f 1485//1485 1429//1429 1477//1477
f 1478//1478 1430//1430 1486//1486
f 1487//1487 1435//1435 1431//1431
f 1432//1432 1436//1436 1488//1488
f 1489//1489 1431//1431 1433//1433
f 1434//1434 1432//1432 1490//1490
f 1433//1433 1437//1437 1491//1491
f 1492//1492 1438//1438 1434//1434
f 1493//1493 1439//1439 1435//1435
f 1436//1436 1440//1440 1494//1494
f 1457//1457 1491//1491 1437//1437
f 1438//1438 1492//1492 1458//1458
f 1495//1495 1441//1441 1439//1439
f 1440//1440 1442//1442 1496//1496
f 1497//1497 1479//1479 1441//1441
f 1442//1442 1480//1480 1498//1498
f 1443//1443 1479//1479 1499//1499
f 1500//1500 1480//1480 1444//1444
f 1445//1445 1443//1443 1501//1501
f 1502//1502 1444//1444 1446//1446
f 1447//1447 1445//1445 1503//1503
f 1504//1504 1446//1446 1448//1448
f 1503//1503 1451//1451 1447//1447
f 1448//1448 1454//1454 1504//1504
f 1451//1451 1505//1505 1455//1455
f 1456//1456 1506//1506 1454//1454
f 1455//1455 1477//1477 1475//1475
f 1476//1476 1478//1478 1456//1456
f 1459//1459 1507//1507 1457//1457
f 1458//1458 1508//1508 1460//1460
f 1481//1481 1509//1509 1459//1459
f 1460//1460 1510//1510 1482//1482
f 1511//1511 1481//1481 1461//1461
f 1462//1462 1482//1482 1512//1512
f 1513//1513 1461//1461 1463//1463
f 1464//1464 1462//1462 1514//1514
f 1515//1515 1463//1463 1465//1465
f 1466//1466 1464//1464 1516//1516
f 1517//1517 1465//1465 1467//1467
f 1468//1468 1466//1466 1518//1518
f 1519//1519 1467//1467 1469//1469
f 1470//1470 1468//1468 1520//1520
f 1521//1521 1469//1469 1471//1471
f 1472//1472 1470//1470 1522//1522
f 1523//1523 1471//1471 1473//1473
f 1474//1474 1472//1472 1524//1524
f 1429//1429 1485//1485 1483//1483
f 1484//1484 1486//1486 1430//1430
f 1525//1525 1473//1473 1483//1483
f 1484//1484 1474//1474 1526//1526
f 1505//1505 1485//1485 1477//1477
f 1478//1478 1486//1486 1506//1506
f 1435//1435 1487//1487 1493//1493
f 1494//1494 1488//1488 1436//1436
f 1431//1431 1489//1489 1487//1487
f 1488//1488 1490//1490 1432//1432
f 1491//1491 1489//1489 1433//1433
f 1434//1434 1490//1490 1492//1492
f 1439//1439 1493//1493 1495//1495
f 1496//1496 1494//1494 1440//1440
f 1491//1491 1457//1457 1507//1507
f 1508//1508 1458//1458 1492//1492
f 1441//1441 1495//1495 1497//1497
f 1498//1498 1496//1496 1442//1442
f 1479//1479 1497//1497 1527//1527
f 1528//1528 1498//1498 1480//1480
f 1527//1527 1499//1499 1479//1479
f 1480//1480 1500//1500 1528//1528
f 1499//1499 1501//1501 1443//1443
f 1444//1444 1502//1502 1500//1500
f 1501//1501 1503//1503 1445//1445
f 1446//1446 1504//1504 1502//1502
f 1451//1451 1503//1503 1529//1529
f 1530//1530 1504//1504 1454//1454
f 1505//1505 1451//1451 1529//1529
f 1530//1530 1454//1454 1506//1506
f 1477//1477 1455//1455 1505//1505
f 1506//1506 1456//1456 1478//1478
f 1507//1507 1459//1459 1509//1509
f 1510//1510 1460//1460 1508//1508
f 1509//1509 1481//1481 1531//1531
f 1532//1532 1482//1482 1510//1510
f 1481//1481 1511//1511 1531//1531
f 1532//1532 1512//1512 1482//1482
f 1461//1461 1513//1513 1511//1511
f 1512//1512 1514//1514 1462//1462
f 1463//1463 1515//1515 1513//1513
f 1514//1514 1516//1516 1464//1464
f 1465//1465 1517//1517 1515//1515
f 1516//1516 1518//1518 1466//1466
f 1467//1467 1519//1519 1517//1517
f 1518//1518 1520//1520 1468//1468
f 1469//1469 1521//1521 1519//1519
f 1520//1520 1522//1522 1470//1470
f 1471//1471 1523//1523 1521//1521
f 1522//1522 1524//1524 1472//1472
f 1473//1473 1525//1525 1523//1523
f 1524//1524 1526//1526 1474//1474
f 1533//1533 1483//1483 1485//1485
f 1486//1486 1484//1484 1534//1534
f 1483//1483 1533//1533 1525//1525
f 1526//1526 1534//1534 1484//1484
f 1485//1485 1505//1505 1535//1535
f 1536//1536 1506//1506 1486//1486
f 1537//1537 1493//1493 1487//1487
f 1488//1488 1494//1494 1538//1538
f 1539//1539 1487//1487 1489//1489
f 1490//1490 1488//1488 1540//1540
f 1489//1489 1491//1491 1541//1541
f 1542//1542 1492//1492 1490//1490
f 1543//1543 1495//1495 1493//1493
f 1494//1494 1496//1496 1544//1544
f 1507//1507 1541//1541 1491//1491
f 1492//1492 1542//1542 1508//1508
f 1545//1545 1497//1497 1495//1495
f 1496//1496 1498//1498 1546//1546
f 1547//1547 1527//1527 1497//1497
f 1498//1498 1528//1528 1548//1548
f 1499//1499 1527//1527 1549//1549
f 1550//1550 1528//1528 1500//1500
f 1501//1501 1499//1499 1551//1551
f 1552//1552 1500//1500 1502//1502
f 1503//1503 1501//1501 1553//1553
f 1554//1554 1502//1502 1504//1504
f 1503//1503 1555//1555 1529//1529
f 1530//1530 1556//1556 1504//1504
f 1529//1529 1535//1535 1505//1505
f 1506//1506 1536//1536 1530//1530
f 1509//1509 1557//1557 1507//1507
f 1508//1508 1558//1558 1510//1510
f 1531//1531 1559//1559 1509//1509
f 1510//1510 1560//1560 1532//1532
f 1561//1561 1531//1531 1511//1511
f 1512//1512 1532//1532 1562//1562
f 1563//1563 1511//1511 1513//1513
f 1514//1514 1512//1512 1564//1564
f 1565//1565 1513//1513 1515//1515
f 1516//1516 1514//1514 1566//1566
f 1567//1567 1515//1515 1517//1517
f 1518//1518 1516//1516 1568//1568
f 1569//1569 1517//1517 1519//1519
f 1520//1520 1518//1518 1570//1570
f 1571//1571 1519//1519 1521//1521
f 1522//1522 1520//1520 1572//1572
f 1573//1573 1521//1521 1523//1523
f 1524//1524 1522//1522 1574//1574
f 1575//1575 1523//1523 1525//1525
f 1526//1526 1524//1524 1576//1576
f 1535//1535 1533//1533 1485//1485
f 1486//1486 1534//1534 1536//1536
f 1577//1577 1525//1525 1533//1533
f 1534//1534 1526//1526 1578//1578
f 1493//1493 1537//1537 1543//1543
f 1544//1544 1538//1538 1494//1494
f 1487//1487 1539//1539 1537//1537
f 1538//1538 1540//1540 1488//1488
f 1541//1541 1539//1539 1489//1489
f 1490//1490 1540//1540 1542//1542
f 1495//1495 1543//1543 1545//1545
f 1546//1546 1544//1544 1496//1496
f 1541//1541 1507//1507 1557//1557
f 1558//1558 1508//1508 1542//1542
f 1497//1497 1545//1545 1547//1547
f 1548//1548 1546//1546 1498//1498
f 1527//1527 1547//1547 1579//1579
f 1580//1580 1548//1548 1528//1528
f 1579//1579 1549//1549 1527//1527
f 1528//1528 1550//1550 1580//1580
f 1549//1549 1551//1551 1499//1499
f 1500//1500 1552//1552 1550//1550
f 1551//1551 1553//1553 1501//1501
f 1502//1502 1554//1554 1552//1552
f 1555//1555 1503//1503 1553//1553
f 1554//1554 1504//1504 1556//1556
f 1535//1535 1529//1529 1555//1555
f 1556//1556 1530//1530 1536//1536
f 1557//1557 1509//1509 1559//1559
f 1560//1560 1510//1510 1558//1558
f 1559//1559 1531//1531 1581//1581
f 1582//1582 1532//1532 1560//1560
f 1531//1531 1561//1561 1581//1581
f 1582//1582 1562//1562 1532//1532
f 1511//1511 1563//1563 1561//1561
f 1562//1562 1564//1564 1512//1512
f 1513//1513 1565//1565 1563//1563
f 1564//1564 1566//1566 1514//1514
f 1515//1515 1567//1567 1565//1565
f 1566//1566 1568//1568 1516//1516
f 1517//1517 1569//1569 1567//1567
f 1568//1568 1570//1570 1518//1518
f 1519//1519 1571//1571 1569//1569
f 1570//1570 1572//1572 1520//1520
f 1521//1521 1573//1573 1571//1571
f 1572//1572 1574//1574 1522//1522
f 1523//1523 1575//1575 1573//1573
f 1574//1574 1576//1576 1524//1524
f 1525//1525 1577//1577 1575//1575
f 1576//1576 1578//1578 1526//1526
f 1533//1533 1535//1535 1583//1583
f 1584//1584 1536//1536 1534//1534
f 1533//1533 1585//1585 1577//1577
f 1578//1578 1586//1586 1534//1534
f 1537//1537 1587//1587 1543//1543
f 1544//1544 1588//1588 1538//1538
f 1539//1539 1589//1589 1537//1537
f 1538//1538 1590//1590 1540//1540
f 1539//1539 1541//1541 1591//1591
f 1592//1592 1542//1542 1540//1540
f 1587//1587 1545//1545 1543//1543
f 1544//1544 1546//1546 1588//1588
f 1557//1557 1591//1591 1541//1541
f 1542//1542 1592//1592 1558//1558
f 1593//1593 1547//1547 1545//1545
f 1546//1546 1548//1548 1594//1594
f 1595//1595 1579//1579 1547//1547
f 1548//1548 1580//1580 1596//1596
f 1549//1549 1579//1579 1597//1597
f 1598//1598 1580//1580 1550//1550
f 1551//1551 1549//1549 1599//1599
f 1600//1600 1550//1550 1552//1552
f 1553//1553 1551//1551 1601//1601
f 1602//1602 1552//1552 1554//1554
f 1553//1553 1603//1603 1555//1555
f 1556//1556 1604//1604 1554//1554
f 1555//1555 1583//1583 1535//1535
f 1536//1536 1584//1584 1556//1556
f 1559//1559 1605//1605 1557//1557
f 1558//1558 1606//1606 1560//1560
f 1581//1581 1607//1607 1559//1559
f 1560//1560 1608//1608 1582//1582
f 1609//1609 1581//1581 1561//1561
f 1562//1562 1582//1582 1610//1610
f 1611//1611 1561//1561 1563//1563
f 1564//1564 1562//1562 1612//1612
f 1613//1613 1563//1563 1565//1565
f 1566//1566 1564//1564 1614//1614
f 1615//1615 1565//1565 1567//1567
f 1568//1568 1566//1566 1616//1616
f 1617//1617 1567//1567 1569//1569
f 1570//1570 1568//1568 1618//1618
f 1619//1619 1569//1569 1571//1571
f 1572//1572 1570//1570 1620//1620
f 1621//1621 1571//1571 1573//1573
f 1574//1574 1572//1572 1622//1622
f 1623//1623 1573//1573 1575//1575
f 1576//1576 1574//1574 1624//1624
f 1625//1625 1575//1575 1577//1577
f 1578//1578 1576//1576 1626//1626
f 1585//1585 1533//1533 1583//1583
f 1584//1584 1534//1534 1586//1586
f 1585//1585 1625//1625 1577//1577
f 1578//1578 1626//1626 1586//1586
f 1587//1587 1537//1537 1589//1589
f 1590//1590 1538//1538 1588//1588
f 1589//1589 1539//1539 1627//1627
f 1628//1628 1540//1540 1590//1590
f 1591//1591 1627//1627 1539//1539
f 1540//1540 1628//1628 1592//1592
f 1545//1545 1587//1587 1593//1593
f 1594//1594 1588//1588 1546//1546
f 1591//1591 1557//1557 1605//1605
f 1606//1606 1558//1558 1592//1592
f 1547//1547 1593//1593 1595//1595
f 1596//1596 1594//1594 1548//1548
f 1579//1579 1595//1595 1629//1629
f 1630//1630 1596//1596 1580//1580
f 1629//1629 1597//1597 1579//1579
f 1580//1580 1598//1598 1630//1630
f 1597//1597 1599//1599 1549//1549
f 1550//1550 1600//1600 1598//1598
f 1599//1599 1601//1601 1551//1551
f 1552//1552 1602//1602 1600//1600
f 1603//1603 1553//1553 1601//1601
f 1602//1602 1554//1554 1604//1604
f 1583//1583 1555//1555 1603//1603
f 1604//1604 1556//1556 1584//1584
f 1605//1605 1559//1559 1607//1607
f 1608//1608 1560//1560 1606//1606
f 1607//1607 1581//1581 1631//1631
f 1632//1632 1582//1582 1608//1608
f 1581//1581 1609//1609 1631//1631
f 1632//1632 1610//1610 1582//1582
f 1561//1561 1611//1611 1609//1609
f 1610//1610 1612//1612 1562//1562
f 1563//1563 1613//1613 1611//1611
f 1612//1612 1614//1614 1564//1564
f 1565//1565 1615//1615 1613//1613
f 1614//1614 1616//1616 1566//1566
f 1567//1567 1617//1617 1615//1615
f 1616//1616 1618//1618 1568//1568
f 1569//1569 1619//1619 1617//1617
f 1618//1618 1620//1620 1570//1570
f 1571//1571 1621//1621 1619//1619
f 1620//1620 1622//1622 1572//1572
f 1573//1573 1623//1623 1621//1621
f 1622//1622 1624//1624 1574//1574
f 1575//1575 1625//1625 1623//1623
f 1624//1624 1626//1626 1576//1576
f 1603//1603 1585//1585 1583//1583
f 1584//1584 1586//1586 1604//1604
f 1625//1625 1585//1585 1633//1633
f 1634//1634 1586//1586 1626//1626
f 1589//1589 1635//1635 1587//1587
f 1588//1588 1636//1636 1590//1590
f 1627//1627 1637//1637 1589//1589
f 1590//1590 1638//1638 1628//1628
f 1627//1627 1591//1591 1639//1639
f 1640//1640 1592//1592 1628//1628
f 1635//1635 1593//1593 1587//1587
f 1588//1588 1594//1594 1636//1636
f 1641//1641 1591//1591 1605//1605
f 1606//1606 1592//1592 1642//1642
f 1643//1643 1595//1595 1593//1593
f 1594//1594 1596//1596 1644//1644
f 1645//1645 1629//1629 1595//1595
f 1596//1596 1630//1630 1646//1646
f 1597//1597 1629//1629 1647//1647
f 1648//1648 1630//1630 1598//1598
f 1599//1599 1597//1597 1649//1649
f 1650//1650 1598//1598 1600//1600
f 1601//1601 1599//1599 1651//1651
f 1652//1652 1600//1600 1602//1602
f 1601//1601 1653//1653 1603//1603
f 1604//1604 1654//1654 1602//1602
f 1655//1655 1605//1605 1607//1607
f 1608//1608 1606//1606 1656//1656
f 1657//1657 1607//1607 1631//1631
f 1632//1632 1608//1608 1658//1658
f 1659//1659 1631//1631 1609//1609
f 1610//1610 1632//1632 1660//1660
f 1661//1661 1609//1609 1611//1611
f 1612//1612 1610//1610 1662//1662
f 1663//1663 1611//1611 1613//1613
f 1614//1614 1612//1612 1664//1664
f 1665//1665 1613//1613 1615//1615
f 1616//1616 1614//1614 1666//1666
f 1667//1667 1615//1615 1617//1617
f 1618//1618 1616//1616 1668//1668
f 1669//1669 1617//1617 1619//1619
f 1620//1620 1618//1618 1670//1670
f 1621//1621 1669//1669 1619//1619
f 1620//1620 1670//1670 1622//1622
f 1623//1623 1671//1671 1621//1621
f 1622//1622 1672//1672 1624//1624
f 1625//1625 1673//1673 1623//1623
f 1624//1624 1674//1674 1626//1626
f 1585//1585 1603//1603 1653//1653
f 1654//1654 1604//1604 1586//1586
f 1653//1653 1633//1633 1585//1585
f 1586//1586 1634//1634 1654//1654
f 1675//1675 1625//1625 1633//1633
f 1634//1634 1626//1626 1676//1676
f 1635//1635 1589//1589 1637//1637
f 1638//1638 1590//1590 1636//1636
f 1637//1637 1627//1627 1677//1677
f 1678//1678 1628//1628 1638//1638
f 1591//1591 1641//1641 1639//1639
f 1640//1640 1642//1642 1592//1592
f 1639//1639 1677//1677 1627//1627
f 1628//1628 1678//1678 1640//1640
f 1593//1593 1635//1635 1643//1643
f 1644//1644 1636//1636 1594//1594
f 1605//1605 1655//1655 1641//1641
f 1642//1642 1656//1656 1606//1606
f 1595//1595 1643//1643 1645//1645
f 1646//1646 1644//1644 1596//1596
f 1629//1629 1645//1645 1679//1679
f 1680//1680 1646//1646 1630//1630
f 1679//1679 1647//1647 1629//1629
f 1630//1630 1648//1648 1680//1680
f 1647//1647 1649//1649 1597//1597
f 1598//1598 1650//1650 1648//1648
f 1649//1649 1651//1651 1599//1599
f 1600//1600 1652//1652 1650//1650
f 1653//1653 1601//1601 1651//1651
f 1652//1652 1602//1602 1654//1654
f 1607//1607 1657//1657 1655//1655
f 1656//1656 1658//1658 1608//1608
f 1631//1631 1659//1659 1657//1657
f 1658//1658 1660//1660 1632//1632
f 1609//1609 1661//1661 1659//1659
f 1660//1660 1662//1662 1610//1610
f 1611//1611 1663//1663 1661//1661
f 1662//1662 1664//1664 1612//1612
f 1613//1613 1665//1665 1663//1663
f 1664//1664 1666//1666 1614//1614
f 1615//1615 1667//1667 1665//1665
f 1666//1666 1668//1668 1616//1616
f 1617//1617 1669//1669 1667//1667
f 1668//1668 1670//1670 1618//1618
f 1669//1669 1621//1621 1671//1671
f 1672//1672 1622//1622 1670//1670
f 1671//1671 1623//1623 1673//1673
f 1674//1674 1624//1624 1672//1672
f 1673//1673 1625//1625 1681//1681
f 1682//1682 1626//1626 1674//1674
f 1633//1633 1653//1653 1683//1683
f 1684//1684 1654//1654 1634//1634
f 1625//1625 1675//1675 1681//1681
f 1682//1682 1676//1676 1626//1626
f 1633//1633 1685//1685 1675//1675
f 1676//1676 1686//1686 1634//1634
f 1637//1637 1687//1687 1635//1635
f 1636//1636 1688//1688 1638//1638
f 1677//1677 1689//1689 1637//1637
f 1638//1638 1690//1690 1678//1678
f 1691//1691 1639//1639 1641//1641
f 1642//1642 1640//1640 1692//1692
f 1677//1677 1639//1639 1693//1693
f 1694//1694 1640//1640 1678//1678
f 1687//1687 1643//1643 1635//1635
f 1636//1636 1644//1644 1688//1688
f 1695//1695 1641//1641 1655//1655
f 1656//1656 1642//1642 1696//1696
f 1697//1697 1645//1645 1643//1643
f 1644//1644 1646//1646 1698//1698
f 1699//1699 1679//1679 1645//1645
f 1646//1646 1680//1680 1700//1700
f 1647//1647 1679//1679 1701//1701
f 1702//1702 1680//1680 1648//1648
f 1649//1649 1647//1647 1703//1703
f 1704//1704 1648//1648 1650//1650
f 1651//1651 1649//1649 1705//1705
f 1706//1706 1650//1650 1652//1652
f 1651//1651 1683//1683 1653//1653
f 1654//1654 1684//1684 1652//1652
f 1707//1707 1655//1655 1657//1657
f 1658//1658 1656//1656 1708//1708
f 1709//1709 1657//1657 1659//1659
f 1660//1660 1658//1658 1710//1710
f 1711//1711 1659//1659 1661//1661
f 1662//1662 1660//1660 1712//1712
f 1713//1713 1661//1661 1663//1663
f 1664//1664 1662//1662 1714//1714
f 1715//1715 1663//1663 1665//1665
f 1666//1666 1664//1664 1716//1716
f 1717//1717 1665//1665 1667//1667
f 1668//1668 1666//1666 1718//1718
f 1719//1719 1667//1667 1669//1669
f 1670//1670 1668//1668 1720//1720
f 1671//1671 1719//1719 1669//1669
f 1670//1670 1720//1720 1672//1672
f 1673//1673 1721//1721 1671//1671
f 1672//1672 1722//1722 1674//1674
f 1681//1681 1723//1723 1673//1673
f 1674//1674 1724//1724 1682//1682
f 1685//1685 1633//1633 1683//1683
f 1684//1684 1634//1634 1686//1686
f 1675//1675 1725//1725 1681//1681
f 1682//1682 1726//1726 1676//1676
f 1727//1727 1675//1675 1685//1685
f 1686//1686 1676//1676 1728//1728
f 1687//1687 1637//1637 1689//1689
f 1690//1690 1638//1638 1688//1688
f 1689//1689 1677//1677 1729//1729
f 1730//1730 1678//1678 1690//1690
f 1639//1639 1691//1691 1693//1693
f 1694//1694 1692//1692 1640//1640
f 1641//1641 1695//1695 1691//1691
f 1692//1692 1696//1696 1642//1642
f 1693//1693 1729//1729 1677//1677
f 1678//1678 1730//1730 1694//1694
f 1643//1643 1687//1687 1697//1697
f 1698//1698 1688//1688 1644//1644
f 1655//1655 1707//1707 1695//1695
f 1696//1696 1708//1708 1656//1656
f 1645//1645 1697//1697 1699//1699
f 1700//1700 1698//1698 1646//1646
f 1679//1679 1699//1699 1731//1731
f 1732//1732 1700//1700 1680//1680
f 1731//1731 1701//1701 1679//1679
f 1680//1680 1702//1702 1732//1732
f 1701//1701 1703//1703 1647//1647
f 1648//1648 1704//1704 1702//1702
f 1703//1703 1705//1705 1649//1649
f 1650//1650 1706//1706 1704//1704
f 1683//1683 1651//1651 1705//1705
f 1706//1706 1652//1652 1684//1684
f 1657//1657 1709//1709 1707//1707
f 1708//1708 1710//1710 1658//1658
f 1659//1659 1711//1711 1709//1709
f 1710//1710 1712//1712 1660//1660
f 1661//1661 1713//1713 1711//1711
f 1712//1712 1714//1714 1662//1662
f 1663//1663 1715//1715 1713//1713
f 1714//1714 1716//1716 1664//1664
f 1665//1665 1717//1717 1715//1715
f 1716//1716 1718//1718 1666//1666
f 1667//1667 1719//1719 1717//1717
f 1718//1718 1720//1720 1668//1668
f 1719//1719 1671//1671 1721//1721
f 1722//1722 1672//1672 1720//1720
f 1721//1721 1673//1673 1723//1723
f 1724//1724 1674//1674 1722//1722
f 1723//1723 1681//1681 1725//1725
f 1726//1726 1682//1682 1724//1724
f 1683//1683 1733//1733 1685//1685
f 1686//1686 1734//1734 1684//1684
f 1725//1725 1675//1675 1735//1735
f 1736//1736 1676//1676 1726//1726
f 1675//1675 1727//1727 1735//1735
f 1736//1736 1728//1728 1676//1676
f 1685//1685 1737//1737 1727//1727
f 1728//1728 1738//1738 1686//1686
f 1689//1689 1739//1739 1687//1687
f 1688//1688 1740//1740 1690//1690
f 1729//1729 1741//1741 1689//1689
f 1690//1690 1742//1742 1730//1730
f 1743//1743 1693//1693 1691//1691
f 1692//1692 1694//1694 1744//1744
f 1745//1745 1691//1691 1695//1695
f 1696//1696 1692//1692 1746//1746
f 1729//1729 1693//1693 1747//1747
f 1748//1748 1694//1694 1730//1730
f 1739//1739 1697//1697 1687//1687
f 1688//1688 1698//1698 1740//1740
f 1749//1749 1695//1695 1707//1707
f 1708//1708 1696//1696 1750//1750
f 1751//1751 1699//1699 1697//1697
f 1698//1698 1700//1700 1752//1752
f 1753//1753 1731//1731 1699//1699
f 1700//1700 1732//1732 1754//1754
f 1701//1701 1731//1731 1755//1755
f 1756//1756 1732//1732 1702//1702
f 1703//1703 1701//1701 1757//1757
f 1758//1758 1702//1702 1704//1704
f 1705//1705 1703//1703 1733//1733
f 1734//1734 1704//1704 1706//1706
f 1733//1733 1683//1683 1705//1705
f 1706//1706 1684//1684 1734//1734
f 1759//1759 1707//1707 1709//1709
f 1710//1710 1708//1708 1760//1760
f 1761//1761 1709//1709 1711//1711
f 1712//1712 1710//1710 1762//1762
f 1763//1763 1711//1711 1713//1713
f 1714//1714 1712//1712 1764//1764
f 1765//1765 1713//1713 1715//1715
f 1716//1716 1714//1714 1766//1766
f 1767//1767 1715//1715 1717//1717
f 1718//1718 1716//1716 1768//1768
f 1769//1769 1717//1717 1719//1719
f 1720//1720 1718//1718 1770//1770
f 1721//1721 1769//1769 1719//1719
f 1720//1720 1770//1770 1722//1722
f 1723//1723 1771//1771 1721//1721
f 1722//1722 1772//1772 1724//1724
f 1725//1725 1773//1773 1723//1723
f 1724//1724 1774//1774 1726//1726
f 1737//1737 1685//1685 1733//1733
f 1734//1734 1686//1686 1738//1738
f 1735//1735 1775//1775 1725//1725
f 1726//1726 1776//1776 1736//1736
f 1777//1777 1735//1735 1727//1727
f 1728//1728 1736//1736 1778//1778
f 1779//1779 1727//1727 1737//1737
f 1738//1738 1728//1728 1780//1780
f 1739//1739 1689//1689 1741//1741
f 1742//1742 1690//1690 1740//1740
f 1741//1741 1729//1729 1781//1781
f 1782//1782 1730//1730 1742//1742
f 1693//1693 1743//1743 1747//1747
f 1748//1748 1744//1744 1694//1694
f 1691//1691 1745//1745 1743//1743
f 1744//1744 1746//1746 1692//1692
f 1695//1695 1749//1749 1745//1745
f 1746//1746 1750//1750 1696//1696
f 1747//1747 1781//1781 1729//1729
f 1730//1730 1782//1782 1748//1748
f 1697//1697 1739//1739 1751//1751
f 1752//1752 1740//1740 1698//1698
f 1707//1707 1759//1759 1749//1749
f 1750//1750 1760//1760 1708//1708
f 1699//1699 1751//1751 1753//1753
f 1754//1754 1752//1752 1700//1700
f 1731//1731 1753//1753 1783//1783
f 1784//1784 1754//1754 1732//1732
f 1783//1783 1755//1755 1731//1731
f 1732//1732 1756//1756 1784//1784
f 1755//1755 1757//1757 1701//1701
f 1702//1702 1758//1758 1756//1756
f 1757//1757 1733//1733 1703//1703
f 1704//1704 1734//1734 1758//1758
f 1709//1709 1761//1761 1759//1759
f 1760//1760 1762//1762 1710//1710
f 1711//1711 1763//1763 1761//1761
f 1762//1762 1764//1764 1712//1712
f 1713//1713 1765//1765 1763//1763
f 1764//1764 1766//1766 1714//1714
f 1715//1715 1767//1767 1765//1765
f 1766//1766 1768//1768 1716//1716
f 1717//1717 1769//1769 1767//1767
f 1768//1768 1770//1770 1718//1718
f 1769//1769 1721//1721 1771//1771
f 1772//1772 1722//1722 1770//1770
f 1771//1771 1723//1723 1773//1773
f 1774//1774 1724//1724 1772//1772
f 1773//1773 1725//1725 1775//1775
f 1776//1776 1726//1726 1774//1774
f 1733//1733 1757//1757 1737//1737
f 1738//1738 1758//1758 1734//1734
f 1775//1775 1735//1735 1785//1785
f 1786//1786 1736//1736 1776//1776
f 1735//1735 1777//1777 1785//1785
f 1786//1786 1778//1778 1736//1736
f 1727//1727 1779//1779 1777//1777
f 1778//1778 1780//1780 1728//1728
f 1737//1737 1787//1787 1779//1779
f 1780//1780 1788//1788 1738//1738
f 1789//1789 1739//1739 1741//1741
f 1742//1742 1740//1740 1790//1790
f 1781//1781 1789//1789 1741//1741
f 1742//1742 1790//1790 1782//1782
f 1791//1791 1747//1747 1743//1743
f 1744//1744 1748//1748 1792//1792
f 1793//1793 1743//1743 1745//1745
f 1746//1746 1744//1744 1794//1794
f 1795//1795 1745//1745 1749//1749
f 1750//1750 1746//1746 1796//1796
f 1781//1781 1747//1747 1797//1797
f 1798//1798 1748//1748 1782//1782
f 1799//1799 1751//1751 1739//1739
f 1740//1740 1752//1752 1800//1800
f 1801//1801 1749//1749 1759//1759
f 1760//1760 1750//1750 1802//1802
f 1803//1803 1753//1753 1751//1751
f 1752//1752 1754//1754 1804//1804
f 1805//1805 1783//1783 1753//1753
f 1754//1754 1784//1784 1806//1806
f 1755//1755 1783//1783 1807//1807
f 1808//1808 1784//1784 1756//1756
f 1757//1757 1755//1755 1787//1787
f 1788//1788 1756//1756 1758//1758
f 1809//1809 1759//1759 1761//1761
f 1762//1762 1760//1760 1810//1810
f 1811//1811 1761//1761 1763//1763
f 1764//1764 1762//1762 1812//1812
f 1813//1813 1763//1763 1765//1765
f 1766//1766 1764//1764 1814//1814
f 1815//1815 1765//1765 1767//1767
f 1768//1768 1766//1766 1816//1816
f 1817//1817 1767//1767 1769//1769
f 1770//1770 1768//1768 1818//1818
f 1771//1771 1817//1817 1769//1769
f 1770//1770 1818//1818 1772//1772
f 1773//1773 1819//1819 1771//1771
f 1772//1772 1820//1820 1774//1774
f 1775//1775 1821//1821 1773//1773
f 1774//1774 1822//1822 1776//1776
f 1787//1787 1737//1737 1757//1757
f 1758//1758 1738//1738 1788//1788
f 1785//1785 1823//1823 1775//1775
f 1776//1776 1824//1824 1786//1786
f 1825//1825 1785//1785 1777//1777
f 1778//1778 1786//1786 1826//1826
f 1827//1827 1777//1777 1779//1779
f 1780//1780 1778//1778 1828//1828
f 1829//1829 1779//1779 1787//1787
f 1788//1788 1780//1780 1830//1830
f 1739//1739 1789//1789 1799//1799
f 1800//1800 1790//1790 1740//1740
f 1789//1789 1781//1781 1831//1831
f 1832//1832 1782//1782 1790//1790
f 1747//1747 1791//1791 1797//1797
f 1798//1798 1792//1792 1748//1748
f 1743//1743 1793//1793 1791//1791
f 1792//1792 1794//1794 1744//1744
f 1745//1745 1795//1795 1793//1793
f 1794//1794 1796//1796 1746//1746
f 1749//1749 1801//1801 1795//1795
f 1796//1796 1802//1802 1750//1750
f 1797//1797 1831//1831 1781//1781
f 1782//1782 1832//1832 1798//1798
f 1751//1751 1799//1799 1803//1803
f 1804//1804 1800//1800 1752//1752
f 1759//1759 1809//1809 1801//1801
f 1802//1802 1810//1810 1760//1760
f 1753//1753 1803//1803 1805//1805
f 1806//1806 1804//1804 1754//1754
f 1783//1783 1805//1805 1833//1833
f 1834//1834 1806//1806 1784//1784
f 1833//1833 1807//1807 1783//1783
f 1784//1784 1808//1808 1834//1834
f 1807//1807 1787//1787 1755//1755
f 1756//1756 1788//1788 1808//1808
f 1761//1761 1811//1811 1809//1809
f 1810//1810 1812//1812 1762//1762
f 1763//1763 1813//1813 1811//1811
f 1812//1812 1814//1814 1764//1764
f 1765//1765 1815//1815 1813//1813
f 1814//1814 1816//1816 1766//1766
f 1767//1767 1817//1817 1815//1815
f 1816//1816 1818//1818 1768//1768
f 1817//1817 1771//1771 1819//1819
f 1820//1820 1772//1772 1818//1818
f 1819//1819 1773//1773 1821//1821
f 1822//1822 1774//1774 1820//1820
f 1821//1821 1775//1775 1823//1823
f 1824//1824 1776//1776 1822//1822
f 1823//1823 1785//1785 1835//1835
f 1836//1836 1786//1786 1824//1824
f 1785//1785 1825//1825 1835//1835
f 1836//1836 1826//1826 1786//1786
f 1777//1777 1827//1827 1825//1825
f 1826//1826 1828//1828 1778//1778
f 1779//1779 1829//1829 1827//1827
f 1828//1828 1830//1830 1780//1780
f 1787//1787 1807//1807 1829//1829
f 1830//1830 1808//1808 1788//1788
f 1837//1837 1799//1799 1789//1789
f 1790//1790 1800//1800 1838//1838
f 1839//1839 1789//1789 1831//1831
f 1832//1832 1790//1790 1840//1840
f 1841//1841 1797//1797 1791//1791
f 1792//1792 1798//1798 1842//1842
f 1843//1843 1791//1791 1793//1793
f 1794//1794 1792//1792 1844//1844
f 1795//1795 1843//1843 1793//1793
f 1794//1794 1844//1844 1796//1796
f 1801//1801 1845//1845 1795//1795
f 1796//1796 1846//1846 1802//1802
f 1831//1831 1797//1797 1847//1847
f 1848//1848 1798//1798 1832//1832
f 1849//1849 1803//1803 1799//1799
f 1800//1800 1804//1804 1850//1850
f 1851//1851 1801//1801 1809//1809
f 1810//1810 1802//1802 1852//1852
f 1853//1853 1805//1805 1803//1803
f 1804//1804 1806//1806 1854//1854
f 1805//1805 1855//1855 1833//1833
f 1834//1834 1856//1856 1806//1806
f 1807//1807 1833//1833 1857//1857
f 1858//1858 1834//1834 1808//1808
f 1859//1859 1809//1809 1811//1811
f 1812//1812 1810//1810 1860//1860
f 1861//1861 1811//1811 1813//1813
f 1814//1814 1812//1812 1862//1862
f 1863//1863 1813//1813 1815//1815
f 1816//1816 1814//1814 1864//1864
f 1865//1865 1815//1815 1817//1817
f 1818//1818 1816//1816 1866//1866
f 1867//1867 1817//1817 1819//1819
f 1820//1820 1818//1818 1868//1868
f 1821//1821 1867//1867 1819//1819
f 1820//1820 1868//1868 1822//1822
f 1823//1823 1869//1869 1821//1821
f 1822//1822 1870//1870 1824//1824
f 1835//1835 1871//1871 1823//1823
f 1824//1824 1872//1872 1836//1836
f 1873//1873 1835//1835 1825//1825
f 1826//1826 1836//1836 1874//1874
f 1827//1827 1873//1873 1825//1825
f 1826//1826 1874//1874 1828//1828
f 1829//1829 1875//1875 1827//1827
f 1828//1828 1876//1876 1830//1830
f 1857//1857 1829//1829 1807//1807
f 1808//1808 1830//1830 1858//1858
f 1799//1799 1837//1837 1849//1849
f 1850//1850 1838//1838 1800//1800
f 1789//1789 1839//1839 1837//1837
f 1838//1838 1840//1840 1790//1790
f 1831//1831 1877//1877 1839//1839
f 1840//1840 1878//1878 1832//1832
f 1797//1797 1841//1841 1847//1847
f 1848//1848 1842//1842 1798//1798
f 1791//1791 1843//1843 1841//1841
f 1842//1842 1844//1844 1792//1792
f 1843//1843 1795//1795 1845//1845
f 1846//1846 1796//1796 1844//1844
f 1845//1845 1801//1801 1879//1879
f 1880//1880 1802//1802 1846//1846
f 1877//1877 1831//1831 1847//1847
f 1848//1848 1832//1832 1878//1878
f 1803//1803 1849//1849 1853//1853
f 1854//1854 1850//1850 1804//1804
f 1801//1801 1851//1851 1879//1879
f 1880//1880 1852//1852 1802//1802
f 1809//1809 1859//1859 1851//1851
f 1852//1852 1860//1860 1810//1810
f 1805//1805 1853//1853 1881//1881
f 1882//1882 1854//1854 1806//1806
f 1855//1855 1805//1805 1881//1881
f 1882//1882 1806//1806 1856//1856
f 1883//1883 1833//1833 1855//1855
f 1856//1856 1834//1834 1884//1884
f 1833//1833 1883//1883 1857//1857
f 1858//1858 1884//1884 1834//1834
f 1811//1811 1861//1861 1859//1859
f 1860//1860 1862//1862 1812//1812
f 1813//1813 1863//1863 1861//1861
f 1862//1862 1864//1864 1814//1814
f 1815//1815 1865//1865 1863//1863
f 1864//1864 1866//1866 1816//1816
f 1817//1817 1867//1867 1865//1865
f 1866//1866 1868//1868 1818//1818
f 1867//1867 1821//1821 1869//1869
f 1870//1870 1822//1822 1868//1868
f 1869//1869 1823//1823 1871//1871
f 1872//1872 1824//1824 1870//1870
f 1871//1871 1835//1835 1885//1885
f 1886//1886 1836//1836 1872//1872
f 1835//1835 1873//1873 1885//1885
f 1886//1886 1874//1874 1836//1836
f 1873//1873 1827//1827 1875//1875
f 1876//1876 1828//1828 1874//1874
f 1875//1875 1829//1829 1887//1887
f 1888//1888 1830//1830 1876//1876
f 1829//1829 1857//1857 1887//1887
f 1888//1888 1858//1858 1830//1830
f 1889//1889 1890//1890 1891//1891
f 1892//1892 1893//1893 1889//1889
f 1894//1894 1895//1895 1892//1892
f 1841//1841 1877//1877 1847//1847
f 1848//1848 1878//1878 1842//1842
f 1843//1843 1896//1896 1841//1841
f 1842//1842 1897//1897 1844//1844
f 1845//1845 1898//1898 1843//1843
f 1844//1844 1899//1899 1846//1846
f 1879//1879 1900//1900 1845//1845
f 1846//1846 1901//1901 1880//1880
f 1890//1890 1902//1902 1891//1891
f 1851//1851 1903//1903 1879//1879
f 1880//1880 1904//1904 1852//1852
f 1859//1859 1905//1905 1851//1851
f 1852//1852 1906//1906 1860//1860
f 1907//1907 1908//1908 1902//1902
f 1909//1909 1910//1910 1908//1908
f 1911//1911 1912//1912 1910//1910
f 1913//1913 1857//1857 1883//1883
f 1884//1884 1858//1858 1914//1914
f 1915//1915 1859//1859 1861//1861
f 1862//1862 1860//1860 1916//1916
f 1917//1917 1861//1861 1863//1863
f 1864//1864 1862//1862 1918//1918
f 1919//1919 1863//1863 1865//1865
f 1866//1866 1864//1864 1920//1920
f 1921//1921 1865//1865 1867//1867
f 1868//1868 1866//1866 1922//1922
f 1923//1923 1867//1867 1869//1869
f 1870//1870 1868//1868 1924//1924
f 1925//1925 1869//1869 1871//1871
f 1872//1872 1870//1870 1926//1926
f 1885//1885 1925//1925 1871//1871
f 1872//1872 1926//1926 1886//1886
f 1873//1873 1927//1927 1885//1885
f 1886//1886 1928//1928 1874//1874
f 1875//1875 1929//1929 1873//1873
f 1874//1874 1930//1930 1876//1876
f 1887//1887 1931//1931 1875//1875
f 1876//1876 1932//1932 1888//1888
f 1857//1857 1913//1913 1887//1887
f 1888//1888 1914//1914 1858//1858
f 1890//1890 1889//1889 1893//1893
f 1893//1893 1892//1892 1895//1895
f 1895//1895 1894//1894 1933//1933
f 1877//1877 1841//1841 1896//1896
f 1897//1897 1842//1842 1878//1878
f 1896//1896 1843//1843 1898//1898
f 1899//1899 1844//1844 1897//1897
f 1898//1898 1845//1845 1900//1900
f 1901//1901 1846//1846 1899//1899
f 1900//1900 1879//1879 1903//1903
f 1904//1904 1880//1880 1901//1901
f 1902//1902 1890//1890 1907//1907
f 1903//1903 1851//1851 1905//1905
f 1906//1906 1852//1852 1904//1904
f 1905//1905 1859//1859 1934//1934
f 1935//1935 1860//1860 1906//1906
f 1908//1908 1907//1907 1909//1909
f 1910//1910 1909//1909 1911//1911
f 1912//1912 1911//1911 1936//1936
f 1936//1936 1937//1937 1912//1912
f 1859//1859 1915//1915 1934//1934
f 1935//1935 1916//1916 1860//1860
f 1861//1861 1917//1917 1915//1915
f 1916//1916 1918//1918 1862//1862
f 1863//1863 1919//1919 1917//1917
f 1918//1918 1920//1920 1864//1864
f 1865//1865 1921//1921 1919//1919
f 1920//1920 1922//1922 1866//1866
f 1867//1867 1923//1923 1921//1921
f 1922//1922 1924//1924 1868//1868
f 1869//1869 1925//1925 1923//1923
f 1924//1924 1926//1926 1870//1870
f 1925//1925 1885//1885 1927//1927
f 1928//1928 1886//1886 1926//1926
f 1927//1927 1873//1873 1929//1929
f 1930//1930 1874//1874 1928//1928
f 1929//1929 1875//1875 1931//1931
f 1932//1932 1876//1876 1930//1930
f 1931//1931 1887//1887 1913//1913
f 1914//1914 1888//1888 1932//1932
f 1938//1938 1939//1939 1940//1940
f 1941//1941 1942//1942 1943//1943
f 1944//1944 1940//1940 1945//1945
f 1946//1946 1941//1941 1947//1947
f 1948//1948 1933//1933 1894//1894
f 1949//1949 1944//1944 1945//1945
f 1946//1946 1947//1947 1950//1950
f 1951//1951 1952//1952 1948//1948
f 1953//1953 1954//1954 1951//1951
f 1955//1955 1953//1953 1956//1956
f 1957//1957 1958//1958 1939//1939
f 1942//1942 1959//1959 1960//1960
f 1961//1961 1956//1956 1962//1962
f 1963//1963 1962//1962 1964//1964
f 1965//1965 1966//1966 1958//1958
f 1959//1959 1967//1967 1968//1968
f 1969//1969 1970//1970 1966//1966
f 1967//1967 1971//1971 1972//1972
f 1973//1973 1974//1974 1970//1970
f 1971//1971 1975//1975 1976//1976
f 1937//1937 1936//1936 1977//1977
f 1978//1978 1964//1964 1979//1979
f 1980//1980 1979//1979 1981//1981
f 1982//1982 1981//1981 1983//1983
f 1984//1984 1982//1982 1983//1983
f 1985//1985 1986//1986 1984//1984
f 1987//1987 1988//1988 1985//1985
f 1989//1989 1990//1990 1987//1987
f 1991//1991 1992//1992 1989//1989
f 1993//1993 1994//1994 1991//1991
f 1977//1977 1993//1993 1937//1937
f 1939//1939 1938//1938 1957//1957
f 1960//1960 1943//1943 1942//1942
f 1940//1940 1944//1944 1938//1938
f 1943//1943 1947//1947 1941//1941
f 1933//1933 1948//1948 1952//1952
f 1944//1944 1949//1949 1995//1995
f 1996//1996 1950//1950 1947//1947
f 1952//1952 1951//1951 1954//1954
f 1954//1954 1953//1953 1997//1997
f 1953//1953 1955//1955 1997//1997
f 1956//1956 1961//1961 1955//1955
f 1958//1958 1957//1957 1965//1965
f 1968//1968 1960//1960 1959//1959
f 1962//1962 1963//1963 1961//1961
f 1964//1964 1978//1978 1963//1963
f 1966//1966 1965//1965 1969//1969
f 1972//1972 1968//1968 1967//1967
f 1970//1970 1969//1969 1973//1973
f 1976//1976 1972//1972 1971//1971
f 1974//1974 1973//1973 1998//1998
f 1999//1999 1976//1976 1975//1975
f 1998//1998 2000//2000 1974//1974
f 1975//1975 2001//2001 1999//1999
f 1979//1979 1980//1980 1978//1978
f 1981//1981 1982//1982 1980//1980
f 1982//1982 1984//1984 1986//1986
f 1986//1986 1985//1985 1988//1988
f 1988//1988 1987//1987 1990//1990
f 1990//1990 1989//1989 1992//1992
f 1992//1992 1991//1991 1994//1994
f 1994//1994 1993//1993 2002//2002
f 1993//1993 1977//1977 2002//2002
f 2003//2003 1957//1957 1938//1938
f 1943//1943 1960//1960 2004//2004
f 2005//2005 1938//1938 1944//1944
f 1947//1947 1943//1943 2006//2006
f 2007//2007 1995//1995 1949//1949
f 1950//1950 1996//1996 2008//2008
f 1995//1995 2005//2005 1944//1944
f 1947//1947 2006//2006 1996//1996
f 2009//2009 2010//2010 2007//2007
f 2008//2008 2011//2011 2012//2012
f 2013//2013 2014//2014 2009//2009
f 2012//2012 2015//2015 2016//2016
f 2017//2017 2013//2013 2018//2018
f 2019//2019 2016//2016 2020//2020
f 2021//2021 2018//2018 2022//2022
f 2023//2023 2019//2019 2024//2024
f 2025//2025 1965//1965 1957//1957
f 1960//1960 1968//1968 2026//2026
f 2027//2027 2022//2022 2028//2028
f 2029//2029 2023//2023 2030//2030
f 2031//2031 2028//2028 2032//2032
f 2033//2033 2029//2029 2034//2034
f 2035//2035 1969//1969 1965//1965
f 1968//1968 1972//1972 2036//2036
f 2037//2037 1973//1973 1969//1969
f 1972//1972 1976//1976 2038//2038
f 2039//2039 1998//1998 1973//1973
f 1976//1976 1999//1999 2040//2040
f 2000//2000 1998//1998 2041//2041
f 2042//2042 1999//1999 2001//2001
f 2043//2043 2032//2032 2044//2044
f 2045//2045 2033//2033 2046//2046
f 2047//2047 2044//2044 2048//2048
f 2049//2049 2045//2045 2050//2050
f 2051//2051 2048//2048 2052//2052
f 2053//2053 2049//2049 2054//2054
f 2055//2055 2052//2052 2056//2056
f 2057//2057 2053//2053 2058//2058
f 2059//2059 2056//2056 2060//2060
f 2061//2061 2057//2057 2062//2062
f 2063//2063 2059//2059 2060//2060
f 2061//2061 2062//2062 2064//2064
f 2065//2065 2066//2066 2063//2063
f 2064//2064 2067//2067 2068//2068
f 2069//2069 2070//2070 2065//2065
f 2068//2068 2071//2071 2072//2072
f 2041//2041 2069//2069 2000//2000
f 2001//2001 2072//2072 2042//2042
f 1957//1957 2003//2003 2025//2025
f 2026//2026 2004//2004 1960//1960
f 1938//1938 2005//2005 2003//2003
f 2004//2004 2006//2006 1943//1943
f 1995//1995 2007//2007 2010//2010
f 2011//2011 2008//2008 1996//1996
f 2005//2005 1995//1995 2073//2073
f 2074//2074 1996//1996 2006//2006
f 2010//2010 2009//2009 2014//2014
f 2015//2015 2012//2012 2011//2011
f 2014//2014 2013//2013 2075//2075
f 2076//2076 2016//2016 2015//2015
f 2013//2013 2017//2017 2075//2075
f 2076//2076 2020//2020 2016//2016
f 2018//2018 2021//2021 2017//2017
f 2020//2020 2024//2024 2019//2019
f 2022//2022 2027//2027 2021//2021
f 2024//2024 2030//2030 2023//2023
f 1965//1965 2025//2025 2035//2035
f 2036//2036 2026//2026 1968//1968
f 2028//2028 2031//2031 2027//2027
f 2030//2030 2034//2034 2029//2029
f 2032//2032 2043//2043 2031//2031
f 2034//2034 2046//2046 2033//2033
f 1969//1969 2035//2035 2037//2037
f 2038//2038 2036//2036 1972//1972
f 1973//1973 2037//2037 2039//2039
f 2040//2040 2038//2038 1976//1976
f 1998//1998 2039//2039 2077//2077
f 2078//2078 2040//2040 1999//1999
f 2077//2077 2041//2041 1998//1998
f 1999//1999 2042//2042 2078//2078
f 2044//2044 2047//2047 2043//2043
f 2046//2046 2050//2050 2045//2045
f 2048//2048 2051//2051 2047//2047
f 2050//2050 2054//2054 2049//2049
f 2052//2052 2055//2055 2051//2051
f 2054//2054 2058//2058 2053//2053
f 2056//2056 2059//2059 2055//2055
f 2058//2058 2062//2062 2057//2057
f 2059//2059 2063//2063 2066//2066
f 2067//2067 2064//2064 2062//2062
f 2066//2066 2065//2065 2070//2070
f 2071//2071 2068//2068 2067//2067
f 2070//2070 2069//2069 2079//2079
f 2080//2080 2072//2072 2071//2071
f 2069//2069 2041//2041 2079//2079
f 2080//2080 2042//2042 2072//2072
f 2081//2081 2025//2025 2003//2003
f 2004//2004 2026//2026 2082//2082
f 2083//2083 2003//2003 2005//2005
f 2006//2006 2004//2004 2084//2084
f 2010//2010 2073//2073 1995//1995
f 1996//1996 2074//2074 2011//2011
f 2073//2073 2083//2083 2005//2005
f 2006//2006 2084//2084 2074//2074
f 2014//2014 2085//2085 2010//2010
f 2011//2011 2086//2086 2015//2015
f 2075//2075 2087//2087 2014//2014
f 2015//2015 2088//2088 2076//2076
f 2089//2089 2075//2075 2017//2017
f 2020//2020 2076//2076 2090//2090
f 2091//2091 2017//2017 2021//2021
f 2024//2024 2020//2020 2092//2092
f 2093//2093 2021//2021 2027//2027
f 2030//2030 2024//2024 2094//2094
f 2095//2095 2035//2035 2025//2025
f 2026//2026 2036//2036 2096//2096
f 2097//2097 2027//2027 2031//2031
f 2034//2034 2030//2030 2098//2098
f 2099//2099 2031//2031 2043//2043
f 2046//2046 2034//2034 2100//2100
f 2101//2101 2037//2037 2035//2035
f 2036//2036 2038//2038 2102//2102
f 2103//2103 2039//2039 2037//2037
f 2038//2038 2040//2040 2104//2104
f 2105//2105 2077//2077 2039//2039
f 2040//2040 2078//2078 2106//2106
f 2041//2041 2077//2077 2107//2107
f 2108//2108 2078//2078 2042//2042
f 2109//2109 2043//2043 2047//2047
f 2050//2050 2046//2046 2110//2110
f 2111//2111 2047//2047 2051//2051
f 2054//2054 2050//2050 2112//2112
f 2113//2113 2051//2051 2055//2055
f 2058//2058 2054//2054 2114//2114
f 2115//2115 2055//2055 2059//2059
f 2062//2062 2058//2058 2116//2116
f 2066//2066 2115//2115 2059//2059
f 2062//2062 2116//2116 2067//2067
f 2070//2070 2117//2117 2066//2066
f 2067//2067 2118//2118 2071//2071
f 2079//2079 2119//2119 2070//2070
f 2071//2071 2120//2120 2080//2080
f 2107//2107 2079//2079 2041//2041
f 2042//2042 2080//2080 2108//2108
f 2025//2025 2081//2081 2095//2095
f 2096//2096 2082//2082 2026//2026
f 2003//2003 2083//2083 2081//2081
f 2082//2082 2084//2084 2004//2004
f 2073//2073 2010//2010 2085//2085
f 2086//2086 2011//2011 2074//2074
f 2083//2083 2073//2073 2121//2121
f 2122//2122 2074//2074 2084//2084
f 2085//2085 2014//2014 2087//2087
f 2088//2088 2015//2015 2086//2086
f 2087//2087 2075//2075 2123//2123
f 2124//2124 2076//2076 2088//2088
f 2075//2075 2089//2089 2123//2123
f 2124//2124 2090//2090 2076//2076
f 2017//2017 2091//2091 2089//2089
f 2090//2090 2092//2092 2020//2020
f 2021//2021 2093//2093 2091//2091
f 2092//2092 2094//2094 2024//2024
f 2027//2027 2097//2097 2093//2093
f 2094//2094 2098//2098 2030//2030
f 2035//2035 2095//2095 2101//2101
f 2102//2102 2096//2096 2036//2036
f 2031//2031 2099//2099 2097//2097
f 2098//2098 2100//2100 2034//2034
f 2043//2043 2109//2109 2099//2099
f 2100//2100 2110//2110 2046//2046
f 2037//2037 2101//2101 2103//2103
f 2104//2104 2102//2102 2038//2038
f 2039//2039 2103//2103 2105//2105
f 2106//2106 2104//2104 2040//2040
f 2077//2077 2105//2105 2125//2125
f 2126//2126 2106//2106 2078//2078
f 2125//2125 2107//2107 2077//2077
f 2078//2078 2108//2108 2126//2126
f 2047//2047 2111//2111 2109//2109
f 2110//2110 2112//2112 2050//2050
f 2051//2051 2113//2113 2111//2111
f 2112//2112 2114//2114 2054//2054
f 2055//2055 2115//2115 2113//2113
f 2114//2114 2116//2116 2058//2058
f 2115//2115 2066//2066 2117//2117
f 2118//2118 2067//2067 2116//2116
f 2117//2117 2070//2070 2119//2119
f 2120//2120 2071//2071 2118//2118
f 2119//2119 2079//2079 2127//2127
f 2128//2128 2080//2080 2120//2120
f 2079//2079 2107//2107 2127//2127
f 2128//2128 2108//2108 2080//2080
f 2129//2129 2095//2095 2081//2081
f 2082//2082 2096//2096 2130//2130
f 2131//2131 2081//2081 2083//2083
f 2084//2084 2082//2082 2132//2132
f 2085//2085 2121//2121 2073//2073
f 2074//2074 2122//2122 2086//2086
f 2121//2121 2131//2131 2083//2083
f 2084//2084 2132//2132 2122//2122
f 2087//2087 2133//2133 2085//2085
f 2086//2086 2134//2134 2088//2088
f 2123//2123 2135//2135 2087//2087
f 2088//2088 2136//2136 2124//2124
f 2137//2137 2123//2123 2089//2089
f 2090//2090 2124//2124 2138//2138
f 2139//2139 2089//2089 2091//2091
f 2092//2092 2090//2090 2140//2140
f 2141//2141 2091//2091 2093//2093
f 2094//2094 2092//2092 2142//2142
f 2143//2143 2093//2093 2097//2097
f 2098//2098 2094//2094 2144//2144
f 2145//2145 2101//2101 2095//2095
f 2096//2096 2102//2102 2146//2146
f 2147//2147 2097//2097 2099//2099
f 2100//2100 2098//2098 2148//2148
f 2149//2149 2099//2099 2109//2109
f 2110//2110 2100//2100 2150//2150
f 2151//2151 2103//2103 2101//2101
f 2102//2102 2104//2104 2152//2152
f 2153//2153 2105//2105 2103//2103
f 2104//2104 2106//2106 2154//2154
f 2155//2155 2125//2125 2105//2105
f 2106//2106 2126//2126 2156//2156
f 2107//2107 2125//2125 2157//2157
f 2158//2158 2126//2126 2108//2108
f 2159//2159 2109//2109 2111//2111
f 2112//2112 2110//2110 2160//2160
f 2161//2161 2111//2111 2113//2113
f 2114//2114 2112//2112 2162//2162
f 2163//2163 2113//2113 2115//2115
f 2116//2116 2114//2114 2164//2164
f 2117//2117 2163//2163 2115//2115
f 2116//2116 2164//2164 2118//2118
f 2119//2119 2165//2165 2117//2117
f 2118//2118 2166//2166 2120//2120
f 2127//2127 2167//2167 2119//2119
f 2120//2120 2168//2168 2128//2128
f 2157//2157 2127//2127 2107//2107
f 2108//2108 2128//2128 2158//2158
f 2095//2095 2129//2129 2145//2145
f 2146//2146 2130//2130 2096//2096
f 2081//2081 2131//2131 2129//2129
f 2130//2130 2132//2132 2082//2082
f 2121//2121 2085//2085 2133//2133
f 2134//2134 2086//2086 2122//2122
f 2131//2131 2121//2121 2169//2169
f 2170//2170 2122//2122 2132//2132
f 2133//2133 2087//2087 2135//2135
f 2136//2136 2088//2088 2134//2134
f 2135//2135 2123//2123 2171//2171
f 2172//2172 2124//2124 2136//2136
f 2123//2123 2137//2137 2171//2171
f 2172//2172 2138//2138 2124//2124
f 2089//2089 2139//2139 2137//2137
f 2138//2138 2140//2140 2090//2090
f 2091//2091 2141//2141 2139//2139
f 2140//2140 2142//2142 2092//2092
f 2093//2093 2143//2143 2141//2141
f 2142//2142 2144//2144 2094//2094
f 2097//2097 2147//2147 2143//2143
f 2144//2144 2148//2148 2098//2098
f 2101//2101 2145//2145 2151//2151
f 2152//2152 2146//2146 2102//2102
f 2099//2099 2149//2149 2147//2147
f 2148//2148 2150//2150 2100//2100
f 2109//2109 2159//2159 2149//2149
f 2150//2150 2160//2160 2110//2110
f 2103//2103 2151//2151 2153//2153
f 2154//2154 2152//2152 2104//2104
f 2105//2105 2153//2153 2155//2155
f 2156//2156 2154//2154 2106//2106
f 2125//2125 2155//2155 2173//2173
f 2174//2174 2156//2156 2126//2126
f 2173//2173 2157//2157 2125//2125
f 2126//2126 2158//2158 2174//2174
f 2111//2111 2161//2161 2159//2159
f 2160//2160 2162//2162 2112//2112
f 2113//2113 2163//2163 2161//2161
f 2162//2162 2164//2164 2114//2114
f 2163//2163 2117//2117 2165//2165
f 2166//2166 2118//2118 2164//2164
f 2165//2165 2119//2119 2167//2167
f 2168//2168 2120//2120 2166//2166
f 2167//2167 2127//2127 2175//2175
f 2176//2176 2128//2128 2168//2168
f 2127//2127 2157//2157 2175//2175
f 2176//2176 2158//2158 2128//2128
f 2177//2177 2145//2145 2129//2129
f 2130//2130 2146//2146 2178//2178
f 2179//2179 2129//2129 2131//2131
f 2132//2132 2130//2130 2180//2180
f 2133//2133 2169//2169 2121//2121
f 2122//2122 2170//2170 2134//2134
f 2169//2169 2179//2179 2131//2131
f 2132//2132 2180//2180 2170//2170
f 2135//2135 2181//2181 2133//2133
f 2134//2134 2182//2182 2136//2136
f 2171//2171 2183//2183 2135//2135
f 2136//2136 2184//2184 2172//2172
f 2185//2185 2171//2171 2137//2137
f 2138//2138 2172//2172 2186//2186
f 2187//2187 2137//2137 2139//2139
f 2140//2140 2138//2138 2188//2188
f 2189//2189 2139//2139 2141//2141
f 2142//2142 2140//2140 2190//2190
f 2191//2191 2141//2141 2143//2143
f 2144//2144 2142//2142 2192//2192
f 2193//2193 2143//2143 2147//2147
f 2148//2148 2144//2144 2194//2194
f 2195//2195 2151//2151 2145//2145
f 2146//2146 2152//2152 2196//2196
f 2197//2197 2147//2147 2149//2149
f 2150//2150 2148//2148 2198//2198
f 2199//2199 2149//2149 2159//2159
f 2160//2160 2150//2150 2200//2200
f 2201//2201 2153//2153 2151//2151
f 2152//2152 2154//2154 2202//2202
f 2203//2203 2155//2155 2153//2153
f 2154//2154 2156//2156 2204//2204
f 2205//2205 2173//2173 2155//2155
f 2156//2156 2174//2174 2206//2206
f 2157//2157 2173//2173 2207//2207
f 2208//2208 2174//2174 2158//2158
f 2209//2209 2159//2159 2161//2161
f 2162//2162 2160//2160 2210//2210
f 2211//2211 2161//2161 2163//2163
f 2164//2164 2162//2162 2212//2212
f 2165//2165 2211//2211 2163//2163
f 2164//2164 2212//2212 2166//2166
f 2167//2167 2213//2213 2165//2165
f 2166//2166 2214//2214 2168//2168
f 2175//2175 2215//2215 2167//2167
f 2168//2168 2216//2216 2176//2176
f 2207//2207 2175//2175 2157//2157
f 2158//2158 2176//2176 2208//2208
f 2145//2145 2177//2177 2195//2195
f 2196//2196 2178//2178 2146//2146
f 2129//2129 2179//2179 2177//2177
f 2178//2178 2180//2180 2130//2130
f 2169//2169 2133//2133 2181//2181
f 2182//2182 2134//2134 2170//2170
f 2179//2179 2169//2169 2217//2217
f 2218//2218 2170//2170 2180//2180
f 2181//2181 2135//2135 2183//2183
f 2184//2184 2136//2136 2182//2182
f 2183//2183 2171//2171 2219//2219
f 2220//2220 2172//2172 2184//2184
f 2171//2171 2185//2185 2219//2219
f 2220//2220 2186//2186 2172//2172
f 2137//2137 2187//2187 2185//2185
f 2186//2186 2188//2188 2138//2138
f 2139//2139 2189//2189 2187//2187
f 2188//2188 2190//2190 2140//2140
f 2141//2141 2191//2191 2189//2189
f 2190//2190 2192//2192 2142//2142
f 2143//2143 2193//2193 2191//2191
f 2192//2192 2194//2194 2144//2144
f 2147//2147 2197//2197 2193//2193
f 2194//2194 2198//2198 2148//2148
f 2151//2151 2195//2195 2201//2201
f 2202//2202 2196//2196 2152//2152
f 2149//2149 2199//2199 2197//2197
f 2198//2198 2200//2200 2150//2150
f 2159//2159 2209//2209 2199//2199
f 2200//2200 2210//2210 2160//2160
f 2153//2153 2201//2201 2203//2203
f 2204//2204 2202//2202 2154//2154
f 2155//2155 2203//2203 2205//2205
f 2206//2206 2204//2204 2156//2156
f 2173//2173 2205//2205 2221//2221
f 2222//2222 2206//2206 2174//2174
f 2221//2221 2207//2207 2173//2173
f 2174//2174 2208//2208 2222//2222
f 2161//2161 2211//2211 2209//2209
f 2210//2210 2212//2212 2162//2162
f 2211//2211 2165//2165 2213//2213
f 2214//2214 2166//2166 2212//2212
f 2213//2213 2167//2167 2215//2215
f 2216//2216 2168//2168 2214//2214
f 2215//2215 2175//2175 2223//2223
f 2224//2224 2176//2176 2216//2216
f 2175//2175 2207//2207 2223//2223
f 2224//2224 2208//2208 2176//2176
f 2225//2225 2195//2195 2177//2177
f 2178//2178 2196//2196 2226//2226
f 2227//2227 2177//2177 2179//2179
f 2180//2180 2178//2178 2228//2228
f 2181//2181 2217//2217 2169//2169
f 2170//2170 2218//2218 2182//2182
f 2217//2217 2227//2227 2179//2179
f 2180//2180 2228//2228 2218//2218
f 2183//2183 2229//2229 2181//2181
f 2182//2182 2230//2230 2184//2184
f 2219//2219 2231//2231 2183//2183
f 2184//2184 2232//2232 2220//2220
f 2233//2233 2219//2219 2185//2185
f 2186//2186 2220//2220 2234//2234
f 2235//2235 2185//2185 2187//2187
f 2188//2188 2186//2186 2236//2236
f 2237//2237 2187//2187 2189//2189
f 2190//2190 2188//2188 2238//2238
f 2239//2239 2189//2189 2191//2191
f 2192//2192 2190//2190 2240//2240
f 2241//2241 2191//2191 2193//2193
f 2194//2194 2192//2192 2242//2242
f 2243//2243 2193//2193 2197//2197
f 2198//2198 2194//2194 2244//2244
f 2245//2245 2201//2201 2195//2195
f 2196//2196 2202//2202 2246//2246
f 2247//2247 2197//2197 2199//2199
f 2200//2200 2198//2198 2248//2248
f 2249//2249 2199//2199 2209//2209
f 2210//2210 2200//2200 2250//2250
f 2251//2251 2203//2203 2201//2201
f 2202//2202 2204//2204 2252//2252
f 2253//2253 2205//2205 2203//2203
f 2204//2204 2206//2206 2254//2254
f 2255//2255 2221//2221 2205//2205
f 2206//2206 2222//2222 2256//2256
f 2207//2207 2221//2221 2257//2257
f 2258//2258 2222//2222 2208//2208
f 2259//2259 2209//2209 2211//2211
f 2212//2212 2210//2210 2260//2260
f 2213//2213 2259//2259 2211//2211
f 2212//2212 2260//2260 2214//2214
f 2215//2215 2261//2261 2213//2213
f 2214//2214 2262//2262 2216//2216
f 2223//2223 2263//2263 2215//2215
f 2216//2216 2264//2264 2224//2224
f 2257//2257 2223//2223 2207//2207
f 2208//2208 2224//2224 2258//2258
f 2195//2195 2225//2225 2245//2245
f 2246//2246 2226//2226 2196//2196
f 2177//2177 2227//2227 2225//2225
f 2226//2226 2228//2228 2178//2178
f 2217//2217 2181//2181 2229//2229
f 2230//2230 2182//2182 2218//2218
f 2227//2227 2217//2217 2265//2265
f 2266//2266 2218//2218 2228//2228
f 2229//2229 2183//2183 2231//2231
f 2232//2232 2184//2184 2230//2230
f 2231//2231 2219//2219 2267//2267
f 2268//2268 2220//2220 2232//2232
f 2219//2219 2233//2233 2267//2267
f 2268//2268 2234//2234 2220//2220
f 2185//2185 2235//2235 2233//2233
f 2234//2234 2236//2236 2186//2186
f 2187//2187 2237//2237 2235//2235
f 2236//2236 2238//2238 2188//2188
f 2189//2189 2239//2239 2237//2237
f 2238//2238 2240//2240 2190//2190
f 2191//2191 2241//2241 2239//2239
f 2240//2240 2242//2242 2192//2192
f 2193//2193 2243//2243 2241//2241
f 2242//2242 2244//2244 2194//2194
f 2197//2197 2247//2247 2243//2243
f 2244//2244 2248//2248 2198//2198
f 2201//2201 2245//2245 2251//2251
f 2252//2252 2246//2246 2202//2202
f 2199//2199 2249//2249 2247//2247
f 2248//2248 2250//2250 2200//2200
f 2209//2209 2259//2259 2249//2249
f 2250//2250 2260//2260 2210//2210
f 2203//2203 2251//2251 2253//2253
f 2254//2254 2252//2252 2204//2204
f 2205//2205 2253//2253 2255//2255
f 2256//2256 2254//2254 2206//2206
f 2221//2221 2255//2255 2269//2269
f 2270//2270 2256//2256 2222//2222
f 2269//2269 2257//2257 2221//2221
f 2222//2222 2258//2258 2270//2270
f 2259//2259 2213//2213 2261//2261
f 2262//2262 2214//2214 2260//2260
f 2261//2261 2215//2215 2263//2263
f 2264//2264 2216//2216 2262//2262
f 2263//2263 2223//2223 2271//2271
f 2272//2272 2224//2224 2264//2264
f 2223//2223 2257//2257 2271//2271
f 2272//2272 2258//2258 2224//2224
f 2225//2225 2273//2273 2245//2245
f 2246//2246 2274//2274 2226//2226
f 2227//2227 2275//2275 2225//2225
f 2226//2226 2276//2276 2228//2228
f 2229//2229 2265//2265 2217//2217
f 2218//2218 2266//2266 2230//2230
f 2265//2265 2277//2277 2227//2227
f 2228//2228 2278//2278 2266//2266
f 2231//2231 2279//2279 2229//2229
f 2230//2230 2280//2280 2232//2232
f 2267//2267 2281//2281 2231//2231
f 2232//2232 2282//2282 2268//2268
f 2283//2283 2267//2267 2233//2233
f 2234//2234 2268//2268 2284//2284
f 2285//2285 2233//2233 2235//2235
f 2236//2236 2234//2234 2286//2286
f 2287//2287 2235//2235 2237//2237
f 2238//2238 2236//2236 2288//2288
f 2289//2289 2237//2237 2239//2239
f 2240//2240 2238//2238 2290//2290
f 2291//2291 2239//2239 2241//2241
f 2242//2242 2240//2240 2292//2292
f 2293//2293 2241//2241 2243//2243
f 2244//2244 2242//2242 2294//2294
f 2295//2295 2243//2243 2247//2247
f 2248//2248 2244//2244 2296//2296
f 2273//2273 2251//2251 2245//2245
f 2246//2246 2252//2252 2274//2274
f 2297//2297 2247//2247 2249//2249
f 2250//2250 2248//2248 2298//2298
f 2299//2299 2249//2249 2259//2259
f 2260//2260 2250//2250 2300//2300
f 2301//2301 2253//2253 2251//2251
f 2252//2252 2254//2254 2302//2302
f 2303//2303 2255//2255 2253//2253
f 2254//2254 2256//2256 2304//2304
f 2305//2305 2269//2269 2255//2255
f 2256//2256 2270//2270 2306//2306
f 2257//2257 2269//2269 2307//2307
f 2308//2308 2270//2270 2258//2258
f 2309//2309 2259//2259 2261//2261
f 2262//2262 2260//2260 2310//2310
f 2263//2263 2309//2309 2261//2261
f 2262//2262 2310//2310 2264//2264
f 2271//2271 2311//2311 2263//2263
f 2264//2264 2312//2312 2272//2272
f 2307//2307 2271//2271 2257//2257
f 2258//2258 2272//2272 2308//2308
f 2273//2273 2225//2225 2275//2275
f 2276//2276 2226//2226 2274//2274
f 2275//2275 2227//2227 2277//2277
f 2278//2278 2228//2228 2276//2276
f 2265//2265 2229//2229 2279//2279
f 2280//2280 2230//2230 2266//2266
f 2277//2277 2265//2265 2313//2313
f 2314//2314 2266//2266 2278//2278
f 2279//2279 2231//2231 2281//2281
f 2282//2282 2232//2232 2280//2280
f 2281//2281 2267//2267 2315//2315
f 2316//2316 2268//2268 2282//2282
f 2267//2267 2283//2283 2315//2315
f 2316//2316 2284//2284 2268//2268
f 2233//2233 2285//2285 2283//2283
f 2284//2284 2286//2286 2234//2234
f 2235//2235 2287//2287 2285//2285
f 2286//2286 2288//2288 2236//2236
f 2237//2237 2289//2289 2287//2287
f 2288//2288 2290//2290 2238//2238
f 2239//2239 2291//2291 2289//2289
f 2290//2290 2292//2292 2240//2240
f 2241//2241 2293//2293 2291//2291
f 2292//2292 2294//2294 2242//2242
f 2243//2243 2295//2295 2293//2293
f 2294//2294 2296//2296 2244//2244
f 2247//2247 2297//2297 2295//2295
f 2296//2296 2298//2298 2248//2248
f 2251//2251 2273//2273 2301//2301
f 2302//2302 2274//2274 2252//2252
f 2249//2249 2299//2299 2297//2297
f 2298//2298 2300//2300 2250//2250
f 2259//2259 2309//2309 2299//2299
f 2300//2300 2310//2310 2260//2260
f 2253//2253 2301//2301 2303//2303
f 2304//2304 2302//2302 2254//2254
f 2255//2255 2303//2303 2305//2305
f 2306//2306 2304//2304 2256//2256
f 2269//2269 2305//2305 2317//2317
f 2318//2318 2306//2306 2270//2270
f 2317//2317 2307//2307 2269//2269
f 2270//2270 2308//2308 2318//2318
f 2309//2309 2263//2263 2311//2311
f 2312//2312 2264//2264 2310//2310
f 2311//2311 2271//2271 2319//2319
f 2320//2320 2272//2272 2312//2312
f 2271//2271 2307//2307 2319//2319
f 2320//2320 2308//2308 2272//2272
f 2275//2275 2321//2321 2273//2273
f 2274//2274 2322//2322 2276//2276
f 2277//2277 2323//2323 2275//2275
f 2276//2276 2324//2324 2278//2278
f 2325//2325 2265//2265 2279//2279
f 2280//2280 2266//2266 2326//2326
f 2265//2265 2325//2325 2313//2313
f 2314//2314 2326//2326 2266//2266
f 2313//2313 2327//2327 2277//2277
f 2278//2278 2328//2328 2314//2314
f 2329//2329 2279//2279 2281//2281
f 2282//2282 2280//2280 2330//2330
f 2331//2331 2281//2281 2315//2315
f 2316//2316 2282//2282 2332//2332
f 2333//2333 2315//2315 2283//2283
f 2284//2284 2316//2316 2334//2334
f 2335//2335 2283//2283 2285//2285
f 2286//2286 2284//2284 2336//2336
f 2337//2337 2285//2285 2287//2287
f 2288//2288 2286//2286 2338//2338
f 2339//2339 2287//2287 2289//2289
f 2290//2290 2288//2288 2340//2340
f 2341//2341 2289//2289 2291//2291
f 2292//2292 2290//2290 2342//2342
f 2343//2343 2291//2291 2293//2293
f 2294//2294 2292//2292 2344//2344
f 2295//2295 2343//2343 2293//2293
f 2294//2294 2344//2344 2296//2296
f 2297//2297 2345//2345 2295//2295
f 2296//2296 2346//2346 2298//2298
f 2321//2321 2301//2301 2273//2273
f 2274//2274 2302//2302 2322//2322
f 2299//2299 2347//2347 2297//2297
f 2298//2298 2348//2348 2300//2300
f 2309//2309 2349//2349 2299//2299
f 2300//2300 2350//2350 2310//2310
f 2351//2351 2303//2303 2301//2301
f 2302//2302 2304//2304 2352//2352
f 2353//2353 2305//2305 2303//2303
f 2304//2304 2306//2306 2354//2354
f 2355//2355 2317//2317 2305//2305
f 2306//2306 2318//2318 2356//2356
f 2307//2307 2317//2317 2357//2357
f 2358//2358 2318//2318 2308//2308
f 2359//2359 2309//2309 2311//2311
f 2312//2312 2310//2310 2360//2360
f 2361//2361 2311//2311 2319//2319
f 2320//2320 2312//2312 2362//2362
f 2357//2357 2319//2319 2307//2307
f 2308//2308 2320//2320 2358//2358
f 2321//2321 2275//2275 2323//2323
f 2324//2324 2276//2276 2322//2322
f 2323//2323 2277//2277 2327//2327
f 2328//2328 2278//2278 2324//2324
f 2279//2279 2329//2329 2325//2325
f 2326//2326 2330//2330 2280//2280
f 2363//2363 2313//2313 2325//2325
f 2326//2326 2314//2314 2364//2364
f 2327//2327 2313//2313 2365//2365
f 2366//2366 2314//2314 2328//2328
f 2281//2281 2331//2331 2329//2329
f 2330//2330 2332//2332 2282//2282
f 2315//2315 2333//2333 2331//2331
f 2332//2332 2334//2334 2316//2316
f 2283//2283 2335//2335 2333//2333
f 2334//2334 2336//2336 2284//2284
f 2285//2285 2337//2337 2335//2335
f 2336//2336 2338//2338 2286//2286
f 2287//2287 2339//2339 2337//2337
f 2338//2338 2340//2340 2288//2288
f 2289//2289 2341//2341 2339//2339
f 2340//2340 2342//2342 2290//2290
f 2291//2291 2343//2343 2341//2341
f 2342//2342 2344//2344 2292//2292
f 2343//2343 2295//2295 2345//2345
f 2346//2346 2296//2296 2344//2344
f 2345//2345 2297//2297 2347//2347
f 2348//2348 2298//2298 2346//2346
f 2301//2301 2321//2321 2351//2351
f 2352//2352 2322//2322 2302//2302
f 2347//2347 2299//2299 2349//2349
f 2350//2350 2300//2300 2348//2348
f 2349//2349 2309//2309 2367//2367
f 2368//2368 2310//2310 2350//2350
f 2303//2303 2351//2351 2353//2353
f 2354//2354 2352//2352 2304//2304
f 2305//2305 2353//2353 2355//2355
f 2356//2356 2354//2354 2306//2306
f 2317//2317 2355//2355 2369//2369
f 2370//2370 2356//2356 2318//2318
f 2369//2369 2357//2357 2317//2317
f 2318//2318 2358//2358 2370//2370
f 2309//2309 2359//2359 2367//2367
f 2368//2368 2360//2360 2310//2310
f 2311//2311 2361//2361 2359//2359
f 2360//2360 2362//2362 2312//2312
f 2319//2319 2357//2357 2361//2361
f 2362//2362 2358//2358 2320//2320
f 2323//2323 2371//2371 2321//2321
f 2322//2322 2372//2372 2324//2324
f 2327//2327 2373//2373 2323//2323
f 2324//2324 2374//2374 2328//2328
f 2375//2375 2325//2325 2329//2329
f 2330//2330 2326//2326 2376//2376
f 2313//2313 2363//2363 2365//2365
f 2366//2366 2364//2364 2314//2314
f 2325//2325 2375//2375 2363//2363
f 2364//2364 2376//2376 2326//2326
f 2365//2365 2377//2377 2327//2327
f 2328//2328 2378//2378 2366//2366
f 2379//2379 2329//2329 2331//2331
f 2332//2332 2330//2330 2380//2380
f 2381//2381 2331//2331 2333//2333
f 2334//2334 2332//2332 2382//2382
f 2383//2383 2333//2333 2335//2335
f 2336//2336 2334//2334 2384//2384
f 2385//2385 2335//2335 2337//2337
f 2338//2338 2336//2336 2386//2386
f 2387//2387 2337//2337 2339//2339
f 2340//2340 2338//2338 2388//2388
f 2389//2389 2339//2339 2341//2341
f 2342//2342 2340//2340 2390//2390
f 2391//2391 2341//2341 2343//2343
f 2344//2344 2342//2342 2392//2392
f 2345//2345 2391//2391 2343//2343
f 2344//2344 2392//2392 2346//2346
f 2347//2347 2393//2393 2345//2345
f 2346//2346 2394//2394 2348//2348
f 2371//2371 2351//2351 2321//2321
f 2322//2322 2352//2352 2372//2372
f 2349//2349 2395//2395 2347//2347
f 2348//2348 2396//2396 2350//2350
f 2367//2367 2397//2397 2349//2349
f 2350//2350 2398//2398 2368//2368
f 2399//2399 2353//2353 2351//2351
f 2352//2352 2354//2354 2400//2400
f 2401//2401 2355//2355 2353//2353
f 2354//2354 2356//2356 2402//2402
f 2403//2403 2369//2369 2355//2355
f 2356//2356 2370//2370 2404//2404
f 2357//2357 2369//2369 2405//2405
f 2406//2406 2370//2370 2358//2358
f 2407//2407 2367//2367 2359//2359
f 2360//2360 2368//2368 2408//2408
f 2409//2409 2359//2359 2361//2361
f 2362//2362 2360//2360 2410//2410
f 2405//2405 2361//2361 2357//2357
f 2358//2358 2362//2362 2406//2406
f 2371//2371 2323//2323 2373//2373
f 2374//2374 2324//2324 2372//2372
f 2373//2373 2327//2327 2377//2377
f 2378//2378 2328//2328 2374//2374
f 2329//2329 2379//2379 2375//2375
f 2376//2376 2380//2380 2330//2330
f 2411//2411 2365//2365 2363//2363
f 2364//2364 2366//2366 2412//2412
f 2413//2413 2363//2363 2375//2375
f 2376//2376 2364//2364 2414//2414
f 2377//2377 2365//2365 2415//2415
f 2416//2416 2366//2366 2378//2378
f 2331//2331 2381//2381 2379//2379
f 2380//2380 2382//2382 2332//2332
f 2333//2333 2383//2383 2381//2381
f 2382//2382 2384//2384 2334//2334
f 2335//2335 2385//2385 2383//2383
f 2384//2384 2386//2386 2336//2336
f 2337//2337 2387//2387 2385//2385
f 2386//2386 2388//2388 2338//2338
f 2339//2339 2389//2389 2387//2387
f 2388//2388 2390//2390 2340//2340
f 2341//2341 2391//2391 2389//2389
f 2390//2390 2392//2392 2342//2342
f 2391//2391 2345//2345 2393//2393
f 2394//2394 2346//2346 2392//2392
f 2393//2393 2347//2347 2395//2395
f 2396//2396 2348//2348 2394//2394
f 2351//2351 2371//2371 2399//2399
f 2400//2400 2372//2372 2352//2352
f 2395//2395 2349//2349 2397//2397
f 2398//2398 2350//2350 2396//2396
f 2397//2397 2367//2367 2417//2417
f 2418//2418 2368//2368 2398//2398
f 2353//2353 2399//2399 2401//2401
f 2402//2402 2400//2400 2354//2354
f 2355//2355 2401//2401 2403//2403
f 2404//2404 2402//2402 2356//2356
f 2369//2369 2403//2403 2419//2419
f 2420//2420 2404//2404 2370//2370
f 2419//2419 2405//2405 2369//2369
f 2370//2370 2406//2406 2420//2420
f 2367//2367 2407//2407 2417//2417
f 2418//2418 2408//2408 2368//2368
f 2359//2359 2409//2409 2407//2407
f 2408//2408 2410//2410 2360//2360
f 2361//2361 2405//2405 2409//2409
f 2410//2410 2406//2406 2362//2362
f 2373//2373 2421//2421 2371//2371
f 2372//2372 2422//2422 2374//2374
f 2377//2377 2423//2423 2373//2373
f 2374//2374 2424//2424 2378//2378
f 2425//2425 2375//2375 2379//2379
f 2380//2380 2376//2376 2426//2426
f 2365//2365 2411//2411 2415//2415
f 2416//2416 2412//2412 2366//2366
f 2363//2363 2413//2413 2411//2411
f 2412//2412 2414//2414 2364//2364
f 2375//2375 2425//2425 2413//2413
f 2414//2414 2426//2426 2376//2376
f 2415//2415 2427//2427 2377//2377
f 2378//2378 2428//2428 2416//2416
f 2429//2429 2379//2379 2381//2381
f 2382//2382 2380//2380 2430//2430
f 2431//2431 2381//2381 2383//2383
f 2384//2384 2382//2382 2432//2432
f 2433//2433 2383//2383 2385//2385
f 2386//2386 2384//2384 2434//2434
f 2435//2435 2385//2385 2387//2387
f 2388//2388 2386//2386 2436//2436
f 2437//2437 2387//2387 2389//2389
f 2390//2390 2388//2388 2438//2438
f 2439//2439 2389//2389 2391//2391
f 2392//2392 2390//2390 2440//2440
f 2393//2393 2439//2439 2391//2391
f 2392//2392 2440//2440 2394//2394
f 2395//2395 2441//2441 2393//2393
f 2394//2394 2442//2442 2396//2396
f 2421//2421 2399//2399 2371//2371
f 2372//2372 2400//2400 2422//2422
f 2397//2397 2443//2443 2395//2395
f 2396//2396 2444//2444 2398//2398
f 2417//2417 2445//2445 2397//2397
f 2398//2398 2446//2446 2418//2418
f 2447//2447 2401//2401 2399//2399
f 2400//2400 2402//2402 2448//2448
f 2449//2449 2403//2403 2401//2401
f 2402//2402 2404//2404 2450//2450
f 2451//2451 2419//2419 2403//2403
f 2404//2404 2420//2420 2452//2452
f 2405//2405 2419//2419 2453//2453
f 2454//2454 2420//2420 2406//2406
f 2455//2455 2417//2417 2407//2407
f 2408//2408 2418//2418 2456//2456
f 2457//2457 2407//2407 2409//2409
f 2410//2410 2408//2408 2458//2458
f 2453//2453 2409//2409 2405//2405
f 2406//2406 2410//2410 2454//2454
f 2421//2421 2373//2373 2423//2423
f 2424//2424 2374//2374 2422//2422
f 2423//2423 2377//2377 2427//2427
f 2428//2428 2378//2378 2424//2424
f 2379//2379 2429//2429 2425//2425
f 2426//2426 2430//2430 2380//2380
f 2459//2459 2415//2415 2411//2411
f 2412//2412 2416//2416 2460//2460
f 2461//2461 2411//2411 2413//2413
f 2414//2414 2412//2412 2462//2462
f 2463//2463 2413//2413 2425//2425
f 2426//2426 2414//2414 2464//2464
f 2427//2427 2415//2415 2465//2465
f 2466//2466 2416//2416 2428//2428
f 2381//2381 2431//2431 2429//2429
f 2430//2430 2432//2432 2382//2382
f 2383//2383 2433//2433 2431//2431
f 2432//2432 2434//2434 2384//2384
f 2385//2385 2435//2435 2433//2433
f 2434//2434 2436//2436 2386//2386
f 2387//2387 2437//2437 2435//2435
f 2436//2436 2438//2438 2388//2388
f 2389//2389 2439//2439 2437//2437
f 2438//2438 2440//2440 2390//2390
f 2439//2439 2393//2393 2441//2441
f 2442//2442 2394//2394 2440//2440
f 2441//2441 2395//2395 2443//2443
f 2444//2444 2396//2396 2442//2442
f 2399//2399 2421//2421 2447//2447
f 2448//2448 2422//2422 2400//2400
f 2443//2443 2397//2397 2445//2445
f 2446//2446 2398//2398 2444//2444
f 2445//2445 2417//2417 2467//2467
f 2468//2468 2418//2418 2446//2446
f 2401//2401 2447//2447 2449//2449
f 2450//2450 2448//2448 2402//2402
f 2403//2403 2449//2449 2451//2451
f 2452//2452 2450//2450 2404//2404
f 2419//2419 2451//2451 2469//2469
f 2470//2470 2452//2452 2420//2420
f 2469//2469 2453//2453 2419//2419
f 2420//2420 2454//2454 2470//2470
f 2417//2417 2455//2455 2467//2467
f 2468//2468 2456//2456 2418//2418
f 2407//2407 2457//2457 2455//2455
f 2456//2456 2458//2458 2408//2408
f 2409//2409 2453//2453 2457//2457
f 2458//2458 2454//2454 2410//2410
f 2423//2423 2471//2471 2421//2421
f 2422//2422 2472//2472 2424//2424
f 2427//2427 2473//2473 2423//2423
f 2424//2424 2474//2474 2428//2428
f 2475//2475 2425//2425 2429//2429
f 2430//2430 2426//2426 2476//2476
f 2415//2415 2459//2459 2465//2465
f 2466//2466 2460//2460 2416//2416
f 2411//2411 2461//2461 2459//2459
f 2460//2460 2462//2462 2412//2412
f 2413//2413 2463//2463 2461//2461
f 2462//2462 2464//2464 2414//2414
f 2425//2425 2475//2475 2463//2463
f 2464//2464 2476//2476 2426//2426
f 2465//2465 2477//2477 2427//2427
f 2428//2428 2478//2478 2466//2466
f 2479//2479 2429//2429 2431//2431
f 2432//2432 2430//2430 2480//2480
f 2481//2481 2431//2431 2433//2433
f 2434//2434 2432//2432 2482//2482
f 2483//2483 2433//2433 2435//2435
f 2436//2436 2434//2434 2484//2484
f 2485//2485 2435//2435 2437//2437
f 2438//2438 2436//2436 2486//2486
f 2487//2487 2437//2437 2439//2439
f 2440//2440 2438//2438 2488//2488
f 2441//2441 2487//2487 2439//2439
f 2440//2440 2488//2488 2442//2442
f 2443//2443 2489//2489 2441//2441
f 2442//2442 2490//2490 2444//2444
f 2471//2471 2447//2447 2421//2421
f 2422//2422 2448//2448 2472//2472
f 2445//2445 2491//2491 2443//2443
f 2444//2444 2492//2492 2446//2446
f 2467//2467 2493//2493 2445//2445
f 2446//2446 2494//2494 2468//2468
f 2495//2495 2449//2449 2447//2447
f 2448//2448 2450//2450 2496//2496
f 2497//2497 2451//2451 2449//2449
f 2450//2450 2452//2452 2498//2498
f 2499//2499 2469//2469 2451//2451
f 2452//2452 2470//2470 2500//2500
f 2453//2453 2469//2469 2501//2501
f 2502//2502 2470//2470 2454//2454
f 2503//2503 2467//2467 2455//2455
f 2456//2456 2468//2468 2504//2504
f 2505//2505 2455//2455 2457//2457
f 2458//2458 2456//2456 2506//2506
f 2501//2501 2457//2457 2453//2453
f 2454//2454 2458//2458 2502//2502
f 2471//2471 2423//2423 2473//2473
f 2474//2474 2424//2424 2472//2472
f 2473//2473 2427//2427 2477//2477
f 2478//2478 2428//2428 2474//2474
f 2429//2429 2479//2479 2475//2475
f 2476//2476 2480//2480 2430//2430
f 2507//2507 2465//2465 2459//2459
f 2460//2460 2466//2466 2508//2508
f 2509//2509 2459//2459 2461//2461
f 2462//2462 2460//2460 2510//2510
f 2511//2511 2461//2461 2463//2463
f 2464//2464 2462//2462 2512//2512
f 2513//2513 2463//2463 2475//2475
f 2476//2476 2464//2464 2514//2514
f 2477//2477 2465//2465 2515//2515
f 2516//2516 2466//2466 2478//2478
f 2431//2431 2481//2481 2479//2479
f 2480//2480 2482//2482 2432//2432
f 2433//2433 2483//2483 2481//2481
f 2482//2482 2484//2484 2434//2434
f 2435//2435 2485//2485 2483//2483
f 2484//2484 2486//2486 2436//2436
f 2437//2437 2487//2487 2485//2485
f 2486//2486 2488//2488 2438//2438
f 2487//2487 2441//2441 2489//2489
f 2490//2490 2442//2442 2488//2488
f 2489//2489 2443//2443 2491//2491
f 2492//2492 2444//2444 2490//2490
f 2447//2447 2471//2471 2495//2495
f 2496//2496 2472//2472 2448//2448
f 2491//2491 2445//2445 2493//2493
f 2494//2494 2446//2446 2492//2492
f 2493//2493 2467//2467 2517//2517
f 2518//2518 2468//2468 2494//2494
f 2449//2449 2495//2495 2497//2497
f 2498//2498 2496//2496 2450//2450
f 2451//2451 2497//2497 2499//2499
f 2500//2500 2498//2498 2452//2452
f 2469//2469 2499//2499 2519//2519
f 2520//2520 2500//2500 2470//2470
f 2519//2519 2501//2501 2469//2469
f 2470//2470 2502//2502 2520//2520
f 2467//2467 2503//2503 2517//2517
f 2518//2518 2504//2504 2468//2468
f 2455//2455 2505//2505 2503//2503
f 2504//2504 2506//2506 2456//2456
f 2457//2457 2501//2501 2505//2505
f 2506//2506 2502//2502 2458//2458
f 2473//2473 2521//2521 2471//2471
f 2472//2472 2522//2522 2474//2474
f 2477//2477 2523//2523 2473//2473
f 2474//2474 2524//2524 2478//2478
f 2525//2525 2475//2475 2479//2479
f 2480//2480 2476//2476 2526//2526
f 2465//2465 2507//2507 2515//2515
f 2516//2516 2508//2508 2466//2466
f 2459//2459 2509//2509 2507//2507
f 2508//2508 2510//2510 2460//2460
f 2461//2461 2511//2511 2509//2509
f 2510//2510 2512//2512 2462//2462
f 2463//2463 2513//2513 2511//2511
f 2512//2512 2514//2514 2464//2464
f 2475//2475 2525//2525 2513//2513
f 2514//2514 2526//2526 2476//2476
f 2515//2515 2527//2527 2477//2477
f 2478//2478 2528//2528 2516//2516
f 2529//2529 2479//2479 2481//2481
f 2482//2482 2480//2480 2530//2530
f 2531//2531 2481//2481 2483//2483
f 2484//2484 2482//2482 2532//2532
f 2533//2533 2483//2483 2485//2485
f 2486//2486 2484//2484 2534//2534
f 2535//2535 2485//2485 2487//2487
f 2488//2488 2486//2486 2536//2536
f 2489//2489 2535//2535 2487//2487
f 2488//2488 2536//2536 2490//2490
f 2491//2491 2537//2537 2489//2489
f 2490//2490 2538//2538 2492//2492
f 2521//2521 2495//2495 2471//2471
f 2472//2472 2496//2496 2522//2522
f 2493//2493 2539//2539 2491//2491
f 2492//2492 2540//2540 2494//2494
f 2517//2517 2541//2541 2493//2493
f 2494//2494 2542//2542 2518//2518
f 2543//2543 2497//2497 2495//2495
f 2496//2496 2498//2498 2544//2544
f 2545//2545 2499//2499 2497//2497
f 2498//2498 2500//2500 2546//2546
f 2547//2547 2519//2519 2499//2499
f 2500//2500 2520//2520 2548//2548
f 2501//2501 2519//2519 2549//2549
f 2550//2550 2520//2520 2502//2502
f 2551//2551 2517//2517 2503//2503
f 2504//2504 2518//2518 2552//2552
f 2553//2553 2503//2503 2505//2505
f 2506//2506 2504//2504 2554//2554
f 2549//2549 2505//2505 2501//2501
f 2502//2502 2506//2506 2550//2550
f 2521//2521 2473//2473 2523//2523
f 2524//2524 2474//2474 2522//2522
f 2523//2523 2477//2477 2527//2527
f 2528//2528 2478//2478 2524//2524
f 2479//2479 2529//2529 2525//2525
f 2526//2526 2530//2530 2480//2480
f 2555//2555 2515//2515 2507//2507
f 2508//2508 2516//2516 2556//2556
f 2557//2557 2507//2507 2509//2509
f 2510//2510 2508//2508 2558//2558
f 2559//2559 2509//2509 2511//2511
f 2512//2512 2510//2510 2560//2560
f 2561//2561 2511//2511 2513//2513
f 2514//2514 2512//2512 2562//2562
f 2563//2563 2513//2513 2525//2525
f 2526//2526 2514//2514 2564//2564
f 2527//2527 2515//2515 2565//2565
f 2566//2566 2516//2516 2528//2528
f 2481//2481 2531//2531 2529//2529
f 2530//2530 2532//2532 2482//2482
f 2483//2483 2533//2533 2531//2531
f 2532//2532 2534//2534 2484//2484
f 2485//2485 2535//2535 2533//2533
f 2534//2534 2536//2536 2486//2486
f 2535//2535 2489//2489 2537//2537
f 2538//2538 2490//2490 2536//2536
f 2537//2537 2491//2491 2539//2539
f 2540//2540 2492//2492 2538//2538
f 2495//2495 2521//2521 2543//2543
f 2544//2544 2522//2522 2496//2496
f 2539//2539 2493//2493 2541//2541
f 2542//2542 2494//2494 2540//2540
f 2541//2541 2517//2517 2567//2567
f 2568//2568 2518//2518 2542//2542
f 2497//2497 2543//2543 2545//2545
f 2546//2546 2544//2544 2498//2498
f 2499//2499 2545//2545 2547//2547
f 2548//2548 2546//2546 2500//2500
f 2519//2519 2547//2547 2569//2569
f 2570//2570 2548//2548 2520//2520
f 2569//2569 2549//2549 2519//2519
f 2520//2520 2550//2550 2570//2570
f 2517//2517 2551//2551 2567//2567
f 2568//2568 2552//2552 2518//2518
f 2503//2503 2553//2553 2551//2551
f 2552//2552 2554//2554 2504//2504
f 2505//2505 2549//2549 2553//2553
f 2554//2554 2550//2550 2506//2506
f 2571//2571 2572//2572 2573//2573
f 2574//2574 2575//2575 2576//2576
f 2577//2577 2573//2573 2578//2578
f 2579//2579 2574//2574 2580//2580
f 2581//2581 2525//2525 2529//2529
f 2530//2530 2526//2526 2582//2582
f 2515//2515 2555//2555 2565//2565
f 2566//2566 2556//2556 2516//2516
f 2507//2507 2557//2557 2555//2555
f 2556//2556 2558//2558 2508//2508
f 2509//2509 2559//2559 2557//2557
f 2558//2558 2560//2560 2510//2510
f 2511//2511 2561//2561 2559//2559
f 2560//2560 2562//2562 2512//2512
f 2513//2513 2563//2563 2561//2561
f 2562//2562 2564//2564 2514//2514
f 2525//2525 2581//2581 2563//2563
f 2564//2564 2582//2582 2526//2526
f 2583//2583 2577//2577 2578//2578
f 2579//2579 2580//2580 2584//2584
f 2585//2585 2529//2529 2531//2531
f 2532//2532 2530//2530 2586//2586
f 2587//2587 2531//2531 2533//2533
f 2534//2534 2532//2532 2588//2588
f 2589//2589 2533//2533 2535//2535
f 2536//2536 2534//2534 2590//2590
f 2537//2537 2589//2589 2535//2535
f 2536//2536 2590//2590 2538//2538
f 2539//2539 2591//2591 2537//2537
f 2538//2538 2592//2592 2540//2540
f 2593//2593 2594//2594 2572//2572
f 2575//2575 2595//2595 2596//2596
f 2541//2541 2597//2597 2539//2539
f 2540//2540 2598//2598 2542//2542
f 2567//2567 2599//2599 2541//2541
f 2542//2542 2600//2600 2568//2568
f 2601//2601 2602//2602 2594//2594
f 2595//2595 2603//2603 2604//2604
f 2605//2605 2606//2606 2602//2602
f 2603//2603 2607//2607 2608//2608
f 2609//2609 2610//2610 2606//2606
f 2607//2607 2611//2611 2612//2612
f 2549//2549 2569//2569 2613//2613
f 2614//2614 2570//2570 2550//2550
f 2615//2615 2567//2567 2551//2551
f 2552//2552 2568//2568 2616//2616
f 2617//2617 2551//2551 2553//2553
f 2554//2554 2552//2552 2618//2618
f 2613//2613 2553//2553 2549//2549
f 2550//2550 2554//2554 2614//2614
f 2572//2572 2571//2571 2593//2593
f 2596//2596 2576//2576 2575//2575
f 2573//2573 2577//2577 2571//2571
f 2576//2576 2580//2580 2574//2574
f 2529//2529 2585//2585 2581//2581
f 2582//2582 2586//2586 2530//2530
f 2619//2619 2620//2620 2583//2583
f 2584//2584 2621//2621 2622//2622
f 2623//2623 2624//2624 2619//2619
f 2622//2622 2625//2625 2626//2626
f 2627//2627 2628//2628 2623//2623
f 2626//2626 2629//2629 2630//2630
f 2631//2631 2627//2627 2632//2632
f 2633//2633 2630//2630 2634//2634
f 2635//2635 2632//2632 2636//2636
f 2637//2637 2633//2633 2638//2638
f 2639//2639 2636//2636 2640//2640
f 2641//2641 2637//2637 2642//2642
f 2577//2577 2583//2583 2620//2620
f 2621//2621 2584//2584 2580//2580
f 2531//2531 2587//2587 2585//2585
f 2586//2586 2588//2588 2532//2532
f 2533//2533 2589//2589 2587//2587
f 2588//2588 2590//2590 2534//2534
f 2589//2589 2537//2537 2591//2591
f 2592//2592 2538//2538 2590//2590
f 2591//2591 2539//2539 2597//2597
f 2598//2598 2540//2540 2592//2592
f 2594//2594 2593//2593 2601//2601
f 2604//2604 2596//2596 2595//2595
f 2597//2597 2541//2541 2599//2599
f 2600//2600 2542//2542 2598//2598
f 2599//2599 2567//2567 2643//2643
f 2644//2644 2568//2568 2600//2600
f 2602//2602 2601//2601 2605//2605
f 2608//2608 2604//2604 2603//2603
f 2606//2606 2605//2605 2609//2609
f 2612//2612 2608//2608 2607//2607
f 2610//2610 2609//2609 2645//2645
f 2646//2646 2612//2612 2611//2611
f 2645//2645 2647//2647 2610//2610
f 2611//2611 2648//2648 2646//2646
f 2567//2567 2615//2615 2643//2643
f 2644//2644 2616//2616 2568//2568
f 2551//2551 2617//2617 2615//2615
f 2616//2616 2618//2618 2552//2552
f 2553//2553 2613//2613 2617//2617
f 2618//2618 2614//2614 2554//2554
f 2649//2649 2593//2593 2571//2571
f 2576//2576 2596//2596 2650//2650
f 2651//2651 2571//2571 2577//2577
f 2580//2580 2576//2576 2652//2652
f 2653//2653 2640//2640 2654//2654
f 2655//2655 2641//2641 2656//2656
f 2620//2620 2619//2619 2624//2624
f 2625//2625 2622//2622 2621//2621
f 2624//2624 2623//2623 2628//2628
f 2629//2629 2626//2626 2625//2625
f 2628//2628 2627//2627 2657//2657
f 2658//2658 2630//2630 2629//2629
f 2627//2627 2631//2631 2657//2657
f 2658//2658 2634//2634 2630//2630
f 2632//2632 2635//2635 2631//2631
f 2634//2634 2638//2638 2633//2633
f 2636//2636 2639//2639 2635//2635
f 2638//2638 2642//2642 2637//2637
f 2640//2640 2653//2653 2639//2639
f 2642//2642 2656//2656 2641//2641
f 2620//2620 2651//2651 2577//2577
f 2580//2580 2652//2652 2621//2621
f 2659//2659 2654//2654 2660//2660
f 2661//2661 2655//2655 2662//2662
f 2663//2663 2660//2660 2664//2664
f 2665//2665 2661//2661 2666//2666
f 2667//2667 2664//2664 2668//2668
f 2669//2669 2665//2665 2670//2670
f 2671//2671 2668//2668 2672//2672
f 2673//2673 2669//2669 2674//2674
f 2675//2675 2601//2601 2593//2593
f 2596//2596 2604//2604 2676//2676
f 2677//2677 2672//2672 2678//2678
f 2679//2679 2673//2673 2680//2680
f 2681//2681 2677//2677 2678//2678
f 2679//2679 2680//2680 2682//2682
f 2683//2683 2605//2605 2601//2601
f 2604//2604 2608//2608 2684//2684
f 2685//2685 2609//2609 2605//2605
f 2608//2608 2612//2612 2686//2686
f 2687//2687 2645//2645 2609//2609
f 2612//2612 2646//2646 2688//2688
f 2647//2647 2645//2645 2689//2689
f 2690//2690 2646//2646 2648//2648
f 2691//2691 2692//2692 2681//2681
f 2682//2682 2693//2693 2694//2694
f 2695//2695 2696//2696 2691//2691
f 2694//2694 2697//2697 2698//2698
f 2689//2689 2695//2695 2647//2647
f 2648//2648 2698//2698 2690//2690
f 2593//2593 2649//2649 2675//2675
f 2676//2676 2650//2650 2596//2596
f 2571//2571 2651//2651 2649//2649
f 2650//2650 2652//2652 2576//2576
f 2654//2654 2659//2659 2653//2653
f 2656//2656 2662//2662 2655//2655
f 2624//2624 2699//2699 2620//2620
f 2621//2621 2700//2700 2625//2625
f 2628//2628 2701//2701 2624//2624
f 2625//2625 2702//2702 2629//2629
f 2657//2657 2703//2703 2628//2628
f 2629//2629 2704//2704 2658//2658
f 2705//2705 2657//2657 2631//2631
f 2634//2634 2658//2658 2706//2706
f 2707//2707 2631//2631 2635//2635
f 2638//2638 2634//2634 2708//2708
f 2709//2709 2635//2635 2639//2639
f 2642//2642 2638//2638 2710//2710
f 2711//2711 2639//2639 2653//2653
f 2656//2656 2642//2642 2712//2712
f 2651//2651 2620//2620 2699//2699
f 2700//2700 2621//2621 2652//2652
f 2660//2660 2663//2663 2659//2659
f 2662//2662 2666//2666 2661//2661
f 2664//2664 2667//2667 2663//2663
f 2666//2666 2670//2670 2665//2665
f 2668//2668 2671//2671 2667//2667
f 2670//2670 2674//2674 2669//2669
f 2672//2672 2677//2677 2671//2671
f 2674//2674 2680//2680 2673//2673
f 2601//2601 2675//2675 2683//2683
f 2684//2684 2676//2676 2604//2604
f 2677//2677 2681//2681 2692//2692
f 2693//2693 2682//2682 2680//2680
f 2605//2605 2683//2683 2685//2685
f 2686//2686 2684//2684 2608//2608
f 2609//2609 2685//2685 2687//2687
f 2688//2688 2686//2686 2612//2612
f 2645//2645 2687//2687 2713//2713
f 2714//2714 2688//2688 2646//2646
f 2713//2713 2689//2689 2645//2645
f 2646//2646 2690//2690 2714//2714
f 2692//2692 2691//2691 2696//2696
f 2697//2697 2694//2694 2693//2693
f 2696//2696 2695//2695 2715//2715
f 2716//2716 2698//2698 2697//2697
f 2695//2695 2689//2689 2715//2715
f 2716//2716 2690//2690 2698//2698
f 2717//2717 2675//2675 2649//2649
f 2650//2650 2676//2676 2718//2718
f 2719//2719 2649//2649 2651//2651
f 2652//2652 2650//2650 2720//2720
f 2721//2721 2653//2653 2659//2659
f 2662//2662 2656//2656 2722//2722
f 2699//2699 2624//2624 2701//2701
f 2702//2702 2625//2625 2700//2700
f 2701//2701 2628//2628 2703//2703
f 2704//2704 2629//2629 2702//2702
f 2703//2703 2657//2657 2723//2723
f 2724//2724 2658//2658 2704//2704
f 2657//2657 2705//2705 2723//2723
f 2724//2724 2706//2706 2658//2658
f 2631//2631 2707//2707 2705//2705
f 2706//2706 2708//2708 2634//2634
f 2635//2635 2709//2709 2707//2707
f 2708//2708 2710//2710 2638//2638
f 2639//2639 2711//2711 2709//2709
f 2710//2710 2712//2712 2642//2642
f 2653//2653 2721//2721 2711//2711
f 2712//2712 2722//2722 2656//2656
f 2699//2699 2719//2719 2651//2651
f 2652//2652 2720//2720 2700//2700
f 2725//2725 2659//2659 2663//2663
f 2666//2666 2662//2662 2726//2726
f 2727//2727 2663//2663 2667//2667
f 2670//2670 2666//2666 2728//2728
f 2729//2729 2667//2667 2671//2671
f 2674//2674 2670//2670 2730//2730
f 2731//2731 2671//2671 2677//2677
f 2680//2680 2674//2674 2732//2732
f 2733//2733 2683//2683 2675//2675
f 2676//2676 2684//2684 2734//2734
f 2692//2692 2731//2731 2677//2677
f 2680//2680 2732//2732 2693//2693
f 2735//2735 2685//2685 2683//2683
f 2684//2684 2686//2686 2736//2736
f 2737//2737 2687//2687 2685//2685
f 2686//2686 2688//2688 2738//2738
f 2739//2739 2713//2713 2687//2687
f 2688//2688 2714//2714 2740//2740
f 2689//2689 2713//2713 2741//2741
f 2742//2742 2714//2714 2690//2690
f 2696//2696 2743//2743 2692//2692
f 2693//2693 2744//2744 2697//2697
f 2715//2715 2745//2745 2696//2696
f 2697//2697 2746//2746 2716//2716
f 2741//2741 2715//2715 2689//2689
f 2690//2690 2716//2716 2742//2742
f 2675//2675 2717//2717 2733//2733
f 2734//2734 2718//2718 2676//2676
f 2649//2649 2719//2719 2717//2717
f 2718//2718 2720//2720 2650//2650
f 2659//2659 2725//2725 2721//2721
f 2722//2722 2726//2726 2662//2662
f 2701//2701 2747//2747 2699//2699
f 2700//2700 2748//2748 2702//2702
f 2703//2703 2749//2749 2701//2701
f 2702//2702 2750//2750 2704//2704
f 2723//2723 2751//2751 2703//2703
f 2704//2704 2752//2752 2724//2724
f 2753//2753 2723//2723 2705//2705
f 2706//2706 2724//2724 2754//2754
f 2755//2755 2705//2705 2707//2707
f 2708//2708 2706//2706 2756//2756
f 2757//2757 2707//2707 2709//2709
f 2710//2710 2708//2708 2758//2758
f 2759//2759 2709//2709 2711//2711
f 2712//2712 2710//2710 2760//2760
f 2761//2761 2711//2711 2721//2721
f 2722//2722 2712//2712 2762//2762
f 2719//2719 2699//2699 2747//2747
f 2748//2748 2700//2700 2720//2720
f 2663//2663 2727//2727 2725//2725
f 2726//2726 2728//2728 2666//2666
f 2667//2667 2729//2729 2727//2727
f 2728//2728 2730//2730 2670//2670
f 2671//2671 2731//2731 2729//2729
f 2730//2730 2732//2732 2674//2674
f 2683//2683 2733//2733 2735//2735
f 2736//2736 2734//2734 2684//2684
f 2731//2731 2692//2692 2743//2743
f 2744//2744 2693//2693 2732//2732
f 2685//2685 2735//2735 2737//2737
f 2738//2738 2736//2736 2686//2686
f 2687//2687 2737//2737 2739//2739
f 2740//2740 2738//2738 2688//2688
f 2713//2713 2739//2739 2763//2763
f 2764//2764 2740//2740 2714//2714
f 2763//2763 2741//2741 2713//2713
f 2714//2714 2742//2742 2764//2764
f 2743//2743 2696//2696 2745//2745
f 2746//2746 2697//2697 2744//2744
f 2745//2745 2715//2715 2765//2765
f 2766//2766 2716//2716 2746//2746
f 2715//2715 2741//2741 2765//2765
f 2766//2766 2742//2742 2716//2716
f 2767//2767 2733//2733 2717//2717
f 2718//2718 2734//2734 2768//2768
f 2769//2769 2717//2717 2719//2719
f 2720//2720 2718//2718 2770//2770
f 2771//2771 2721//2721 2725//2725
f 2726//2726 2722//2722 2772//2772
f 2747//2747 2701//2701 2749//2749
f 2750//2750 2702//2702 2748//2748
f 2749//2749 2703//2703 2751//2751
f 2752//2752 2704//2704 2750//2750
f 2751//2751 2723//2723 2773//2773
f 2774//2774 2724//2724 2752//2752
f 2723//2723 2753//2753 2773//2773
f 2774//2774 2754//2754 2724//2724
f 2705//2705 2755//2755 2753//2753
f 2754//2754 2756//2756 2706//2706
f 2707//2707 2757//2757 2755//2755
f 2756//2756 2758//2758 2708//2708
f 2709//2709 2759//2759 2757//2757
f 2758//2758 2760//2760 2710//2710
f 2711//2711 2761//2761 2759//2759
f 2760//2760 2762//2762 2712//2712
f 2721//2721 2771//2771 2761//2761
f 2762//2762 2772//2772 2722//2722
f 2747//2747 2769//2769 2719//2719
f 2720//2720 2770//2770 2748//2748
f 2775//2775 2725//2725 2727//2727
f 2728//2728 2726//2726 2776//2776
f 2777//2777 2727//2727 2729//2729
f 2730//2730 2728//2728 2778//2778
f 2779//2779 2729//2729 2731//2731
f 2732//2732 2730//2730 2780//2780
f 2781//2781 2735//2735 2733//2733
f 2734//2734 2736//2736 2782//2782
f 2743//2743 2779//2779 2731//2731
f 2732//2732 2780//2780 2744//2744
f 2783//2783 2737//2737 2735//2735
f 2736//2736 2738//2738 2784//2784
f 2785//2785 2739//2739 2737//2737
f 2738//2738 2740//2740 2786//2786
f 2787//2787 2763//2763 2739//2739
f 2740//2740 2764//2764 2788//2788
f 2741//2741 2763//2763 2789//2789
f 2790//2790 2764//2764 2742//2742
f 2745//2745 2791//2791 2743//2743
f 2744//2744 2792//2792 2746//2746
f 2765//2765 2793//2793 2745//2745
f 2746//2746 2794//2794 2766//2766
f 2789//2789 2765//2765 2741//2741
f 2742//2742 2766//2766 2790//2790
f 2733//2733 2767//2767 2781//2781
f 2782//2782 2768//2768 2734//2734
f 2717//2717 2769//2769 2767//2767
f 2768//2768 2770//2770 2718//2718
f 2725//2725 2775//2775 2771//2771
f 2772//2772 2776//2776 2726//2726
f 2749//2749 2795//2795 2747//2747
f 2748//2748 2796//2796 2750//2750
f 2751//2751 2797//2797 2749//2749
f 2750//2750 2798//2798 2752//2752
f 2773//2773 2799//2799 2751//2751
f 2752//2752 2800//2800 2774//2774
f 2801//2801 2773//2773 2753//2753
f 2754//2754 2774//2774 2802//2802
f 2803//2803 2753//2753 2755//2755
f 2756//2756 2754//2754 2804//2804
f 2805//2805 2755//2755 2757//2757
f 2758//2758 2756//2756 2806//2806
f 2807//2807 2757//2757 2759//2759
f 2760//2760 2758//2758 2808//2808
f 2809//2809 2759//2759 2761//2761
f 2762//2762 2760//2760 2810//2810
f 2811//2811 2761//2761 2771//2771
f 2772//2772 2762//2762 2812//2812
f 2769//2769 2747//2747 2795//2795
f 2796//2796 2748//2748 2770//2770
f 2727//2727 2777//2777 2775//2775
f 2776//2776 2778//2778 2728//2728
f 2729//2729 2779//2779 2777//2777
f 2778//2778 2780//2780 2730//2730
f 2735//2735 2781//2781 2783//2783
f 2784//2784 2782//2782 2736//2736
f 2779//2779 2743//2743 2791//2791
f 2792//2792 2744//2744 2780//2780
f 2737//2737 2783//2783 2785//2785
f 2786//2786 2784//2784 2738//2738
f 2739//2739 2785//2785 2787//2787
f 2788//2788 2786//2786 2740//2740
f 2763//2763 2787//2787 2813//2813
f 2814//2814 2788//2788 2764//2764
f 2813//2813 2789//2789 2763//2763
f 2764//2764 2790//2790 2814//2814
f 2791//2791 2745//2745 2793//2793
f 2794//2794 2746//2746 2792//2792
f 2793//2793 2765//2765 2815//2815
f 2816//2816 2766//2766 2794//2794
f 2765//2765 2789//2789 2815//2815
f 2816//2816 2790//2790 2766//2766
f 2817//2817 2781//2781 2767//2767
f 2768//2768 2782//2782 2818//2818
f 2819//2819 2767//2767 2769//2769
f 2770//2770 2768//2768 2820//2820
f 2821//2821 2771//2771 2775//2775
f 2776//2776 2772//2772 2822//2822
f 2795//2795 2749//2749 2797//2797
f 2798//2798 2750//2750 2796//2796
f 2797//2797 2751//2751 2799//2799
f 2800//2800 2752//2752 2798//2798
f 2799//2799 2773//2773 2823//2823
f 2824//2824 2774//2774 2800//2800
f 2773//2773 2801//2801 2823//2823
f 2824//2824 2802//2802 2774//2774
f 2753//2753 2803//2803 2801//2801
f 2802//2802 2804//2804 2754//2754
f 2755//2755 2805//2805 2803//2803
f 2804//2804 2806//2806 2756//2756
f 2757//2757 2807//2807 2805//2805
f 2806//2806 2808//2808 2758//2758
f 2759//2759 2809//2809 2807//2807
f 2808//2808 2810//2810 2760//2760
f 2761//2761 2811//2811 2809//2809
f 2810//2810 2812//2812 2762//2762
f 2771//2771 2821//2821 2811//2811
f 2812//2812 2822//2822 2772//2772
f 2795//2795 2819//2819 2769//2769
f 2770//2770 2820//2820 2796//2796
f 2825//2825 2775//2775 2777//2777
f 2778//2778 2776//2776 2826//2826
f 2827//2827 2777//2777 2779//2779
f 2780//2780 2778//2778 2828//2828
f 2829//2829 2783//2783 2781//2781
f 2782//2782 2784//2784 2830//2830
f 2791//2791 2827//2827 2779//2779
f 2780//2780 2828//2828 2792//2792
f 2831//2831 2785//2785 2783//2783
f 2784//2784 2786//2786 2832//2832
f 2833//2833 2787//2787 2785//2785
f 2786//2786 2788//2788 2834//2834
f 2835//2835 2813//2813 2787//2787
f 2788//2788 2814//2814 2836//2836
f 2789//2789 2813//2813 2837//2837
f 2838//2838 2814//2814 2790//2790
f 2793//2793 2839//2839 2791//2791
f 2792//2792 2840//2840 2794//2794
f 2815//2815 2841//2841 2793//2793
f 2794//2794 2842//2842 2816//2816
f 2837//2837 2815//2815 2789//2789
f 2790//2790 2816//2816 2838//2838
f 2781//2781 2817//2817 2829//2829
f 2830//2830 2818//2818 2782//2782
f 2767//2767 2819//2819 2817//2817
f 2818//2818 2820//2820 2768//2768
f 2775//2775 2825//2825 2821//2821
f 2822//2822 2826//2826 2776//2776
f 2797//2797 2843//2843 2795//2795
f 2796//2796 2844//2844 2798//2798
f 2799//2799 2845//2845 2797//2797
f 2798//2798 2846//2846 2800//2800
f 2823//2823 2847//2847 2799//2799
f 2800//2800 2848//2848 2824//2824
f 2849//2849 2823//2823 2801//2801
f 2802//2802 2824//2824 2850//2850
f 2851//2851 2801//2801 2803//2803
f 2804//2804 2802//2802 2852//2852
f 2853//2853 2803//2803 2805//2805
f 2806//2806 2804//2804 2854//2854
f 2855//2855 2805//2805 2807//2807
f 2808//2808 2806//2806 2856//2856
f 2857//2857 2807//2807 2809//2809
f 2810//2810 2808//2808 2858//2858
f 2859//2859 2809//2809 2811//2811
f 2812//2812 2810//2810 2860//2860
f 2861//2861 2811//2811 2821//2821
f 2822//2822 2812//2812 2862//2862
f 2819//2819 2795//2795 2843//2843
f 2844//2844 2796//2796 2820//2820
f 2777//2777 2827//2827 2825//2825
f 2826//2826 2828//2828 2778//2778
f 2783//2783 2829//2829 2831//2831
f 2832//2832 2830//2830 2784//2784
f 2827//2827 2791//2791 2839//2839
f 2840//2840 2792//2792 2828//2828
f 2785//2785 2831//2831 2833//2833
f 2834//2834 2832//2832 2786//2786
f 2787//2787 2833//2833 2835//2835
f 2836//2836 2834//2834 2788//2788
f 2813//2813 2835//2835 2863//2863
f 2864//2864 2836//2836 2814//2814
f 2863//2863 2837//2837 2813//2813
f 2814//2814 2838//2838 2864//2864
f 2839//2839 2793//2793 2841//2841
f 2842//2842 2794//2794 2840//2840
f 2841//2841 2815//2815 2865//2865
f 2866//2866 2816//2816 2842//2842
f 2815//2815 2837//2837 2865//2865
f 2866//2866 2838//2838 2816//2816
f 2867//2867 2829//2829 2817//2817
f 2818//2818 2830//2830 2868//2868
f 2869//2869 2817//2817 2819//2819
f 2820//2820 2818//2818 2870//2870
f 2871//2871 2821//2821 2825//2825
f 2826//2826 2822//2822 2872//2872
f 2843//2843 2797//2797 2845//2845
f 2846//2846 2798//2798 2844//2844
f 2845//2845 2799//2799 2847//2847
f 2848//2848 2800//2800 2846//2846
f 2847//2847 2823//2823 2873//2873
f 2874//2874 2824//2824 2848//2848
f 2823//2823 2849//2849 2873//2873
f 2874//2874 2850//2850 2824//2824
f 2801//2801 2851//2851 2849//2849
f 2850//2850 2852//2852 2802//2802
f 2803//2803 2853//2853 2851//2851
f 2852//2852 2854//2854 2804//2804
f 2805//2805 2855//2855 2853//2853
f 2854//2854 2856//2856 2806//2806
f 2807//2807 2857//2857 2855//2855
f 2856//2856 2858//2858 2808//2808
f 2809//2809 2859//2859 2857//2857
f 2858//2858 2860//2860 2810//2810
f 2811//2811 2861//2861 2859//2859
f 2860//2860 2862//2862 2812//2812
f 2821//2821 2871//2871 2861//2861
f 2862//2862 2872//2872 2822//2822
f 2843//2843 2869//2869 2819//2819
f 2820//2820 2870//2870 2844//2844
f 2875//2875 2825//2825 2827//2827
f 2828//2828 2826//2826 2876//2876
f 2877//2877 2831//2831 2829//2829
f 2830//2830 2832//2832 2878//2878
f 2839//2839 2875//2875 2827//2827
f 2828//2828 2876//2876 2840//2840
f 2879//2879 2833//2833 2831//2831
f 2832//2832 2834//2834 2880//2880
f 2881//2881 2835//2835 2833//2833
f 2834//2834 2836//2836 2882//2882
f 2883//2883 2863//2863 2835//2835
f 2836//2836 2864//2864 2884//2884
f 2837//2837 2863//2863 2885//2885
f 2886//2886 2864//2864 2838//2838
f 2841//2841 2887//2887 2839//2839
f 2840//2840 2888//2888 2842//2842
f 2865//2865 2889//2889 2841//2841
f 2842//2842 2890//2890 2866//2866
f 2885//2885 2865//2865 2837//2837
f 2838//2838 2866//2866 2886//2886
f 2829//2829 2867//2867 2877//2877
f 2878//2878 2868//2868 2830//2830
f 2817//2817 2869//2869 2867//2867
f 2868//2868 2870//2870 2818//2818
f 2825//2825 2875//2875 2871//2871
f 2872//2872 2876//2876 2826//2826
f 2845//2845 2891//2891 2843//2843
f 2844//2844 2892//2892 2846//2846
f 2847//2847 2893//2893 2845//2845
f 2846//2846 2894//2894 2848//2848
f 2873//2873 2895//2895 2847//2847
f 2848//2848 2896//2896 2874//2874
f 2897//2897 2873//2873 2849//2849
f 2850//2850 2874//2874 2898//2898
f 2899//2899 2849//2849 2851//2851
f 2852//2852 2850//2850 2900//2900
f 2901//2901 2851//2851 2853//2853
f 2854//2854 2852//2852 2902//2902
f 2903//2903 2853//2853 2855//2855
f 2856//2856 2854//2854 2904//2904
f 2905//2905 2855//2855 2857//2857
f 2858//2858 2856//2856 2906//2906
f 2907//2907 2857//2857 2859//2859
f 2860//2860 2858//2858 2908//2908
f 2909//2909 2859//2859 2861//2861
f 2862//2862 2860//2860 2910//2910
f 2911//2911 2861//2861 2871//2871
f 2872//2872 2862//2862 2912//2912
f 2869//2869 2843//2843 2891//2891
f 2892//2892 2844//2844 2870//2870
f 2831//2831 2877//2877 2879//2879
f 2880//2880 2878//2878 2832//2832
f 2875//2875 2839//2839 2887//2887
f 2888//2888 2840//2840 2876//2876
f 2833//2833 2879//2879 2881//2881
f 2882//2882 2880//2880 2834//2834
f 2835//2835 2881//2881 2883//2883
f 2884//2884 2882//2882 2836//2836
f 2863//2863 2883//2883 2913//2913
f 2914//2914 2884//2884 2864//2864
f 2913//2913 2885//2885 2863//2863
f 2864//2864 2886//2886 2914//2914
f 2887//2887 2841//2841 2889//2889
f 2890//2890 2842//2842 2888//2888
f 2889//2889 2865//2865 2915//2915
f 2916//2916 2866//2866 2890//2890
f 2865//2865 2885//2885 2915//2915
f 2916//2916 2886//2886 2866//2866
f 2867//2867 2917//2917 2877//2877
f 2878//2878 2918//2918 2868//2868
f 2869//2869 2919//2919 2867//2867
f 2868//2868 2920//2920 2870//2870
f 2921//2921 2871//2871 2875//2875
f 2876//2876 2872//2872 2922//2922
f 2891//2891 2845//2845 2893//2893
f 2894//2894 2846//2846 2892//2892
f 2893//2893 2847//2847 2895//2895
f 2896//2896 2848//2848 2894//2894
f 2895//2895 2873//2873 2923//2923
f 2924//2924 2874//2874 2896//2896
f 2873//2873 2897//2897 2923//2923
f 2924//2924 2898//2898 2874//2874
f 2849//2849 2899//2899 2897//2897
f 2898//2898 2900//2900 2850//2850
f 2851//2851 2901//2901 2899//2899
f 2900//2900 2902//2902 2852//2852
f 2853//2853 2903//2903 2901//2901
f 2902//2902 2904//2904 2854//2854
f 2855//2855 2905//2905 2903//2903
f 2904//2904 2906//2906 2856//2856
f 2857//2857 2907//2907 2905//2905
f 2906//2906 2908//2908 2858//2858
f 2859//2859 2909//2909 2907//2907
f 2908//2908 2910//2910 2860//2860
f 2861//2861 2911//2911 2909//2909
f 2910//2910 2912//2912 2862//2862
f 2871//2871 2921//2921 2911//2911
f 2912//2912 2922//2922 2872//2872
f 2891//2891 2925//2925 2869//2869
f 2870//2870 2926//2926 2892//2892
f 2917//2917 2879//2879 2877//2877
f 2878//2878 2880//2880 2918//2918
f 2927//2927 2875//2875 2887//2887
f 2888//2888 2876//2876 2928//2928
f 2929//2929 2881//2881 2879//2879
f 2880//2880 2882//2882 2930//2930
f 2931//2931 2883//2883 2881//2881
f 2882//2882 2884//2884 2932//2932
f 2933//2933 2913//2913 2883//2883
f 2884//2884 2914//2914 2934//2934
f 2885//2885 2913//2913 2935//2935
f 2936//2936 2914//2914 2886//2886
f 2889//2889 2927//2927 2887//2887
f 2888//2888 2928//2928 2890//2890
f 2915//2915 2937//2937 2889//2889
f 2890//2890 2938//2938 2916//2916
f 2935//2935 2915//2915 2885//2885
f 2886//2886 2916//2916 2936//2936
f 2917//2917 2867//2867 2919//2919
f 2920//2920 2868//2868 2918//2918
f 2919//2919 2869//2869 2925//2925
f 2926//2926 2870//2870 2920//2920
f 2875//2875 2927//2927 2921//2921
f 2922//2922 2928//2928 2876//2876
f 2939//2939 2891//2891 2893//2893
f 2894//2894 2892//2892 2940//2940
f 2941//2941 2893//2893 2895//2895
f 2896//2896 2894//2894 2942//2942
f 2943//2943 2895//2895 2923//2923
f 2924//2924 2896//2896 2944//2944
f 2945//2945 2923//2923 2897//2897
f 2898//2898 2924//2924 2946//2946
f 2947//2947 2897//2897 2899//2899
f 2900//2900 2898//2898 2948//2948
f 2949//2949 2899//2899 2901//2901
f 2902//2902 2900//2900 2950//2950
f 2951//2951 2901//2901 2903//2903
f 2904//2904 2902//2902 2952//2952
f 2953//2953 2903//2903 2905//2905
f 2906//2906 2904//2904 2954//2954
f 2955//2955 2905//2905 2907//2907
f 2908//2908 2906//2906 2956//2956
f 2909//2909 2955//2955 2907//2907
f 2908//2908 2956//2956 2910//2910
f 2911//2911 2957//2957 2909//2909
f 2910//2910 2958//2958 2912//2912
f 2921//2921 2959//2959 2911//2911
f 2912//2912 2960//2960 2922//2922
f 2925//2925 2891//2891 2961//2961
f 2962//2962 2892//2892 2926//2926
f 2879//2879 2917//2917 2929//2929
f 2930//2930 2918//2918 2880//2880
f 2881//2881 2929//2929 2931//2931
f 2932//2932 2930//2930 2882//2882
f 2883//2883 2931//2931 2933//2933
f 2934//2934 2932//2932 2884//2884
f 2913//2913 2933//2933 2963//2963
f 2964//2964 2934//2934 2914//2914
f 2963//2963 2935//2935 2913//2913
f 2914//2914 2936//2936 2964//2964
f 2927//2927 2889//2889 2937//2937
f 2938//2938 2890//2890 2928//2928
f 2937//2937 2915//2915 2965//2965
f 2966//2966 2916//2916 2938//2938
f 2915//2915 2935//2935 2965//2965
f 2966//2966 2936//2936 2916//2916
f 2919//2919 2967//2967 2917//2917
f 2918//2918 2968//2968 2920//2920
f 2925//2925 2969//2969 2919//2919
f 2920//2920 2970//2970 2926//2926
f 2927//2927 2971//2971 2921//2921
f 2922//2922 2972//2972 2928//2928
f 2891//2891 2939//2939 2961//2961
f 2962//2962 2940//2940 2892//2892
f 2893//2893 2941//2941 2939//2939
f 2940//2940 2942//2942 2894//2894
f 2895//2895 2943//2943 2941//2941
f 2942//2942 2944//2944 2896//2896
f 2923//2923 2945//2945 2943//2943
f 2944//2944 2946//2946 2924//2924
f 2897//2897 2947//2947 2945//2945
f 2946//2946 2948//2948 2898//2898
f 2899//2899 2949//2949 2947//2947
f 2948//2948 2950//2950 2900//2900
f 2901//2901 2951//2951 2949//2949
f 2950//2950 2952//2952 2902//2902
f 2903//2903 2953//2953 2951//2951
f 2952//2952 2954//2954 2904//2904
f 2905//2905 2955//2955 2953//2953
f 2954//2954 2956//2956 2906//2906
f 2955//2955 2909//2909 2957//2957
f 2958//2958 2910//2910 2956//2956
f 2957//2957 2911//2911 2959//2959
f 2960//2960 2912//2912 2958//2958
f 2959//2959 2921//2921 2971//2971
f 2972//2972 2922//2922 2960//2960
f 2961//2961 2973//2973 2925//2925
f 2926//2926 2974//2974 2962//2962
f 2967//2967 2929//2929 2917//2917
f 2918//2918 2930//2930 2968//2968
f 2975//2975 2931//2931 2929//2929
f 2930//2930 2932//2932 2976//2976
f 2977//2977 2933//2933 2931//2931
f 2932//2932 2934//2934 2978//2978
f 2979//2979 2963//2963 2933//2933
f 2934//2934 2964//2964 2980//2980
f 2935//2935 2963//2963 2981//2981
f 2982//2982 2964//2964 2936//2936
f 2983//2983 2927//2927 2937//2937
f 2938//2938 2928//2928 2984//2984
f 2985//2985 2937//2937 2965//2965
f 2966//2966 2938//2938 2986//2986
f 2981//2981 2965//2965 2935//2935
f 2936//2936 2966//2966 2982//2982
f 2967//2967 2919//2919 2969//2969
f 2970//2970 2920//2920 2968//2968
f 2969//2969 2925//2925 2973//2973
f 2974//2974 2926//2926 2970//2970
f 2971//2971 2927//2927 2987//2987
f 2988//2988 2928//2928 2972//2972
f 2989//2989 2961//2961 2939//2939
f 2940//2940 2962//2962 2990//2990
f 2991//2991 2939//2939 2941//2941
f 2942//2942 2940//2940 2992//2992
f 2993//2993 2941//2941 2943//2943
f 2944//2944 2942//2942 2994//2994
f 2995//2995 2943//2943 2945//2945
f 2946//2946 2944//2944 2996//2996
f 2997//2997 2945//2945 2947//2947
f 2948//2948 2946//2946 2998//2998
f 2999//2999 2947//2947 2949//2949
f 2950//2950 2948//2948 3000//3000
f 3001//3001 2949//2949 2951//2951
f 2952//2952 2950//2950 3002//3002
f 3003//3003 2951//2951 2953//2953
f 2954//2954 2952//2952 3004//3004
f 3005//3005 2953//2953 2955//2955
f 2956//2956 2954//2954 3006//3006
f 2957//2957 3005//3005 2955//2955
f 2956//2956 3006//3006 2958//2958
f 2959//2959 3007//3007 2957//2957
f 2958//2958 3008//3008 2960//2960
f 2971//2971 3009//3009 2959//2959
f 2960//2960 3010//3010 2972//2972
f 2973//2973 2961//2961 3011//3011
f 3012//3012 2962//2962 2974//2974
f 2929//2929 2967//2967 2975//2975
f 2976//2976 2968//2968 2930//2930
f 2931//2931 2975//2975 2977//2977
f 2978//2978 2976//2976 2932//2932
f 2933//2933 2977//2977 2979//2979
f 2980//2980 2978//2978 2934//2934
f 2963//2963 2979//2979 3013//3013
f 3014//3014 2980//2980 2964//2964
f 3013//3013 2981//2981 2963//2963
f 2964//2964 2982//2982 3014//3014
f 2927//2927 2983//2983 2987//2987
f 2988//2988 2984//2984 2928//2928
f 2937//2937 2985//2985 2983//2983
f 2984//2984 2986//2986 2938//2938
f 2965//2965 2981//2981 2985//2985
f 2986//2986 2982//2982 2966//2966
f 2969//2969 3015//3015 2967//2967
f 2968//2968 3016//3016 2970//2970
f 2973//2973 3017//3017 2969//2969
f 2970//2970 3018//3018 2974//2974
f 2987//2987 3019//3019 2971//2971
f 2972//2972 3020//3020 2988//2988
f 2961//2961 2989//2989 3011//3011
f 3012//3012 2990//2990 2962//2962
f 2939//2939 2991//2991 2989//2989
f 2990//2990 2992//2992 2940//2940
f 2941//2941 2993//2993 2991//2991
f 2992//2992 2994//2994 2942//2942
f 2943//2943 2995//2995 2993//2993
f 2994//2994 2996//2996 2944//2944
f 2945//2945 2997//2997 2995//2995
f 2996//2996 2998//2998 2946//2946
f 2947//2947 2999//2999 2997//2997
f 2998//2998 3000//3000 2948//2948
f 2949//2949 3001//3001 2999//2999
f 3000//3000 3002//3002 2950//2950
f 2951//2951 3003//3003 3001//3001
f 3002//3002 3004//3004 2952//2952
f 2953//2953 3005//3005 3003//3003
f 3004//3004 3006//3006 2954//2954
f 3005//3005 2957//2957 3007//3007
f 3008//3008 2958//2958 3006//3006
f 3007//3007 2959//2959 3009//3009
f 3010//3010 2960//2960 3008//3008
f 3009//3009 2971//2971 3019//3019
f 3020//3020 2972//2972 3010//3010
f 3011//3011 3021//3021 2973//2973
f 2974//2974 3022//3022 3012//3012
f 3015//3015 2975//2975 2967//2967
f 2968//2968 2976//2976 3016//3016
f 3023//3023 2977//2977 2975//2975
f 2976//2976 2978//2978 3024//3024
f 3025//3025 2979//2979 2977//2977
f 2978//2978 2980//2980 3026//3026
f 3027//3027 3013//3013 2979//2979
f 2980//2980 3014//3014 3028//3028
f 2981//2981 3013//3013 3029//3029
f 3030//3030 3014//3014 2982//2982
f 3031//3031 2987//2987 2983//2983
f 2984//2984 2988//2988 3032//3032
f 3033//3033 2983//2983 2985//2985
f 2986//2986 2984//2984 3034//3034
f 3029//3029 2985//2985 2981//2981
f 2982//2982 2986//2986 3030//3030
f 3015//3015 2969//2969 3017//3017
f 3018//3018 2970//2970 3016//3016
f 3017//3017 2973//2973 3021//3021
f 3022//3022 2974//2974 3018//3018
f 3019//3019 2987//2987 3035//3035
f 3036//3036 2988//2988 3020//3020
f 3037//3037 3011//3011 2989//2989
f 2990//2990 3012//3012 3038//3038
f 3039//3039 2989//2989 2991//2991
f 2992//2992 2990//2990 3040//3040
f 3041//3041 2991//2991 2993//2993
f 2994//2994 2992//2992 3042//3042
f 3043//3043 2993//2993 2995//2995
f 2996//2996 2994//2994 3044//3044
f 3045//3045 2995//2995 2997//2997
f 2998//2998 2996//2996 3046//3046
f 3047//3047 2997//2997 2999//2999
f 3000//3000 2998//2998 3048//3048
f 3049//3049 2999//2999 3001//3001
f 3002//3002 3000//3000 3050//3050
f 3051//3051 3001//3001 3003//3003
f 3004//3004 3002//3002 3052//3052
f 3053//3053 3003//3003 3005//3005
f 3006//3006 3004//3004 3054//3054
f 3007//3007 3053//3053 3005//3005
f 3006//3006 3054//3054 3008//3008
f 3009//3009 3055//3055 3007//3007
f 3008//3008 3056//3056 3010//3010
f 3019//3019 3057//3057 3009//3009
f 3010//3010 3058//3058 3020//3020
f 3021//3021 3011//3011 3059//3059
f 3060//3060 3012//3012 3022//3022
f 2975//2975 3015//3015 3023//3023
f 3024//3024 3016//3016 2976//2976
f 2977//2977 3023//3023 3025//3025
f 3026//3026 3024//3024 2978//2978
f 2979//2979 3025//3025 3027//3027
f 3028//3028 3026//3026 2980//2980
f 3013//3013 3027//3027 3061//3061
f 3062//3062 3028//3028 3014//3014
f 3061//3061 3029//3029 3013//3013
f 3014//3014 3030//3030 3062//3062
f 2987//2987 3031//3031 3035//3035
f 3036//3036 3032//3032 2988//2988
f 2983//2983 3033//3033 3031//3031
f 3032//3032 3034//3034 2984//2984
f 2985//2985 3029//3029 3033//3033
f 3034//3034 3030//3030 2986//2986
f 3017//3017 3063//3063 3015//3015
f 3016//3016 3064//3064 3018//3018
f 3021//3021 3065//3065 3017//3017
f 3018//3018 3066//3066 3022//3022
f 3035//3035 3067//3067 3019//3019
f 3020//3020 3068//3068 3036//3036
f 3011//3011 3037//3037 3059//3059
f 3060//3060 3038//3038 3012//3012
f 2989//2989 3039//3039 3037//3037
f 3038//3038 3040//3040 2990//2990
f 2991//2991 3041//3041 3039//3039
f 3040//3040 3042//3042 2992//2992
f 2993//2993 3043//3043 3041//3041
f 3042//3042 3044//3044 2994//2994
f 2995//2995 3045//3045 3043//3043
f 3044//3044 3046//3046 2996//2996
f 2997//2997 3047//3047 3045//3045
f 3046//3046 3048//3048 2998//2998
f 2999//2999 3049//3049 3047//3047
f 3048//3048 3050//3050 3000//3000
f 3001//3001 3051//3051 3049//3049
f 3050//3050 3052//3052 3002//3002
f 3003//3003 3053//3053 3051//3051
f 3052//3052 3054//3054 3004//3004
f 3053//3053 3007//3007 3055//3055
f 3056//3056 3008//3008 3054//3054
f 3055//3055 3009//3009 3057//3057
f 3058//3058 3010//3010 3056//3056
f 3057//3057 3019//3019 3067//3067
f 3068//3068 3020//3020 3058//3058
f 3059//3059 3069//3069 3021//3021
f 3022//3022 3070//3070 3060//3060
f 3063//3063 3023//3023 3015//3015
f 3016//3016 3024//3024 3064//3064
f 3071//3071 3025//3025 3023//3023
f 3024//3024 3026//3026 3072//3072
f 3073//3073 3027//3027 3025//3025
f 3026//3026 3028//3028 3074//3074
f 3075//3075 3061//3061 3027//3027
f 3028//3028 3062//3062 3076//3076
f 3029//3029 3061//3061 3077//3077
f 3078//3078 3062//3062 3030//3030
f 3079//3079 3035//3035 3031//3031
f 3032//3032 3036//3036 3080//3080
f 3081//3081 3031//3031 3033//3033
f 3034//3034 3032//3032 3082//3082
f 3077//3077 3033//3033 3029//3029
f 3030//3030 3034//3034 3078//3078
f 3063//3063 3017//3017 3065//3065
f 3066//3066 3018//3018 3064//3064
f 3065//3065 3021//3021 3069//3069
f 3070//3070 3022//3022 3066//3066
f 3067//3067 3035//3035 3083//3083
f 3084//3084 3036//3036 3068//3068
f 3085//3085 3059//3059 3037//3037
f 3038//3038 3060//3060 3086//3086
f 3087//3087 3037//3037 3039//3039
f 3040//3040 3038//3038 3088//3088
f 3089//3089 3039//3039 3041//3041
f 3042//3042 3040//3040 3090//3090
f 3091//3091 3041//3041 3043//3043
f 3044//3044 3042//3042 3092//3092
f 3093//3093 3043//3043 3045//3045
f 3046//3046 3044//3044 3094//3094
f 3095//3095 3045//3045 3047//3047
f 3048//3048 3046//3046 3096//3096
f 3097//3097 3047//3047 3049//3049
f 3050//3050 3048//3048 3098//3098
f 3099//3099 3049//3049 3051//3051
f 3052//3052 3050//3050 3100//3100
f 3101//3101 3051//3051 3053//3053
f 3054//3054 3052//3052 3102//3102
f 3055//3055 3101//3101 3053//3053
f 3054//3054 3102//3102 3056//3056
f 3057//3057 3103//3103 3055//3055
f 3056//3056 3104//3104 3058//3058
f 3067//3067 3105//3105 3057//3057
f 3058//3058 3106//3106 3068//3068
f 3069//3069 3059//3059 3107//3107
f 3108//3108 3060//3060 3070//3070
f 3023//3023 3063//3063 3071//3071
f 3072//3072 3064//3064 3024//3024
f 3025//3025 3071//3071 3073//3073
f 3074//3074 3072//3072 3026//3026
f 3027//3027 3073//3073 3075//3075
f 3076//3076 3074//3074 3028//3028
f 3061//3061 3075//3075 3109//3109
f 3110//3110 3076//3076 3062//3062
f 3109//3109 3077//3077 3061//3061
f 3062//3062 3078//3078 3110//3110
f 3035//3035 3079//3079 3083//3083
f 3084//3084 3080//3080 3036//3036
f 3031//3031 3081//3081 3079//3079
f 3080//3080 3082//3082 3032//3032
f 3033//3033 3077//3077 3081//3081
f 3082//3082 3078//3078 3034//3034
f 3065//3065 3111//3111 3063//3063
f 3064//3064 3112//3112 3066//3066
f 3069//3069 3113//3113 3065//3065
f 3066//3066 3114//3114 3070//3070
f 3083//3083 3115//3115 3067//3067
f 3068//3068 3116//3116 3084//3084
f 3059//3059 3085//3085 3107//3107
f 3108//3108 3086//3086 3060//3060
f 3037//3037 3087//3087 3085//3085
f 3086//3086 3088//3088 3038//3038
f 3039//3039 3089//3089 3087//3087
f 3088//3088 3090//3090 3040//3040
f 3041//3041 3091//3091 3089//3089
f 3090//3090 3092//3092 3042//3042
f 3043//3043 3093//3093 3091//3091
f 3092//3092 3094//3094 3044//3044
f 3045//3045 3095//3095 3093//3093
f 3094//3094 3096//3096 3046//3046
f 3047//3047 3097//3097 3095//3095
f 3096//3096 3098//3098 3048//3048
f 3049//3049 3099//3099 3097//3097
f 3098//3098 3100//3100 3050//3050
f 3051//3051 3101//3101 3099//3099
f 3100//3100 3102//3102 3052//3052
f 3101//3101 3055//3055 3103//3103
f 3104//3104 3056//3056 3102//3102
f 3103//3103 3057//3057 3105//3105
f 3106//3106 3058//3058 3104//3104
f 3105//3105 3067//3067 3115//3115
f 3116//3116 3068//3068 3106//3106
f 3107//3107 3117//3117 3069//3069
f 3070//3070 3118//3118 3108//3108
f 3111//3111 3071//3071 3063//3063
f 3064//3064 3072//3072 3112//3112
f 3119//3119 3073//3073 3071//3071
f 3072//3072 3074//3074 3120//3120
f 3121//3121 3075//3075 3073//3073
f 3074//3074 3076//3076 3122//3122
f 3123//3123 3109//3109 3075//3075
f 3076//3076 3110//3110 3124//3124
f 3077//3077 3109//3109 3125//3125
f 3126//3126 3110//3110 3078//3078
f 3127//3127 3083//3083 3079//3079
f 3080//3080 3084//3084 3128//3128
f 3129//3129 3079//3079 3081//3081
f 3082//3082 3080//3080 3130//3130
f 3125//3125 3081//3081 3077//3077
f 3078//3078 3082//3082 3126//3126
f 3111//3111 3065//3065 3113//3113
f 3114//3114 3066//3066 3112//3112
f 3113//3113 3069//3069 3117//3117
f 3118//3118 3070//3070 3114//3114
f 3115//3115 3083//3083 3131//3131
f 3132//3132 3084//3084 3116//3116
f 3133//3133 3107//3107 3085//3085
f 3086//3086 3108//3108 3134//3134
f 3135//3135 3085//3085 3087//3087
f 3088//3088 3086//3086 3136//3136
f 3137//3137 3087//3087 3089//3089
f 3090//3090 3088//3088 3138//3138
f 3139//3139 3089//3089 3091//3091
f 3092//3092 3090//3090 3140//3140
f 3141//3141 3091//3091 3093//3093
f 3094//3094 3092//3092 3142//3142
f 3143//3143 3093//3093 3095//3095
f 3096//3096 3094//3094 3144//3144
f 3145//3145 3095//3095 3097//3097
f 3098//3098 3096//3096 3146//3146
f 3147//3147 3097//3097 3099//3099
f 3100//3100 3098//3098 3148//3148
f 3149//3149 3099//3099 3101//3101
f 3102//3102 3100//3100 3150//3150
f 3103//3103 3149//3149 3101//3101
f 3102//3102 3150//3150 3104//3104
f 3105//3105 3151//3151 3103//3103
f 3104//3104 3152//3152 3106//3106
f 3115//3115 3153//3153 3105//3105
f 3106//3106 3154//3154 3116//3116
f 3117//3117 3107//3107 3155//3155
f 3156//3156 3108//3108 3118//3118
f 3071//3071 3111//3111 3119//3119
f 3120//3120 3112//3112 3072//3072
f 3073//3073 3119//3119 3121//3121
f 3122//3122 3120//3120 3074//3074
f 3075//3075 3121//3121 3123//3123
f 3124//3124 3122//3122 3076//3076
f 3109//3109 3123//3123 3157//3157
f 3158//3158 3124//3124 3110//3110
f 3157//3157 3125//3125 3109//3109
f 3110//3110 3126//3126 3158//3158
f 3083//3083 3127//3127 3131//3131
f 3132//3132 3128//3128 3084//3084
f 3079//3079 3129//3129 3127//3127
f 3128//3128 3130//3130 3080//3080
f 3081//3081 3125//3125 3129//3129
f 3130//3130 3126//3126 3082//3082
f 3113//3113 3159//3159 3111//3111
f 3112//3112 3160//3160 3114//3114
f 3117//3117 3161//3161 3113//3113
f 3114//3114 3162//3162 3118//3118
f 3131//3131 3163//3163 3115//3115
f 3116//3116 3164//3164 3132//3132
f 3107//3107 3133//3133 3155//3155
f 3156//3156 3134//3134 3108//3108
f 3085//3085 3135//3135 3133//3133
f 3134//3134 3136//3136 3086//3086
f 3087//3087 3137//3137 3135//3135
f 3136//3136 3138//3138 3088//3088
f 3089//3089 3139//3139 3137//3137
f 3138//3138 3140//3140 3090//3090
f 3091//3091 3141//3141 3139//3139
f 3140//3140 3142//3142 3092//3092
f 3093//3093 3143//3143 3141//3141
f 3142//3142 3144//3144 3094//3094
f 3095//3095 3145//3145 3143//3143
f 3144//3144 3146//3146 3096//3096
f 3097//3097 3147//3147 3145//3145
f 3146//3146 3148//3148 3098//3098
f 3099//3099 3149//3149 3147//3147
f 3148//3148 3150//3150 3100//3100
f 3149//3149 3103//3103 3151//3151
f 3152//3152 3104//3104 3150//3150
f 3151//3151 3105//3105 3153//3153
f 3154//3154 3106//3106 3152//3152
f 3153//3153 3115//3115 3163//3163
f 3164//3164 3116//3116 3154//3154
f 3155//3155 3165//3165 3117//3117
f 3118//3118 3166//3166 3156//3156
f 3159//3159 3119//3119 3111//3111
f 3112//3112 3120//3120 3160//3160
f 3167//3167 3121//3121 3119//3119
f 3120//3120 3122//3122 3168//3168
f 3169//3169 3123//3123 3121//3121
f 3122//3122 3124//3124 3170//3170
f 3171//3171 3157//3157 3123//3123
f 3124//3124 3158//3158 3172//3172
f 3125//3125 3157//3157 3173//3173
f 3174//3174 3158//3158 3126//3126
f 3175//3175 3131//3131 3127//3127
f 3128//3128 3132//3132 3176//3176
f 3177//3177 3127//3127 3129//3129
f 3130//3130 3128//3128 3178//3178
f 3173//3173 3129//3129 3125//3125
f 3126//3126 3130//3130 3174//3174
f 3159//3159 3113//3113 3161//3161
f 3162//3162 3114//3114 3160//3160
f 3161//3161 3117//3117 3165//3165
f 3166//3166 3118//3118 3162//3162
f 3163//3163 3131//3131 3179//3179
f 3180//3180 3132//3132 3164//3164
f 3181//3181 3155//3155 3133//3133
f 3134//3134 3156//3156 3182//3182
f 3183//3183 3133//3133 3135//3135
f 3136//3136 3134//3134 3184//3184
f 3185//3185 3135//3135 3137//3137
f 3138//3138 3136//3136 3186//3186
f 3187//3187 3137//3137 3139//3139
f 3140//3140 3138//3138 3188//3188
f 3189//3189 3139//3139 3141//3141
f 3142//3142 3140//3140 3190//3190
f 3191//3191 3141//3141 3143//3143
f 3144//3144 3142//3142 3192//3192
f 3193//3193 3143//3143 3145//3145
f 3146//3146 3144//3144 3194//3194
f 3195//3195 3145//3145 3147//3147
f 3148//3148 3146//3146 3196//3196
f 3197//3197 3147//3147 3149//3149
f 3150//3150 3148//3148 3198//3198
f 3151//3151 3197//3197 3149//3149
f 3150//3150 3198//3198 3152//3152
f 3153//3153 3199//3199 3151//3151
f 3152//3152 3200//3200 3154//3154
f 3163//3163 3201//3201 3153//3153
f 3154//3154 3202//3202 3164//3164
f 3165//3165 3155//3155 3203//3203
f 3204//3204 3156//3156 3166//3166
f 3119//3119 3159//3159 3167//3167
f 3168//3168 3160//3160 3120//3120
f 3121//3121 3167//3167 3169//3169
f 3170//3170 3168//3168 3122//3122
f 3123//3123 3169//3169 3171//3171
f 3172//3172 3170//3170 3124//3124
f 3157//3157 3171//3171 3205//3205
f 3206//3206 3172//3172 3158//3158
f 3205//3205 3173//3173 3157//3157
f 3158//3158 3174//3174 3206//3206
f 3131//3131 3175//3175 3179//3179
f 3180//3180 3176//3176 3132//3132
f 3127//3127 3177//3177 3175//3175
f 3176//3176 3178//3178 3128//3128
f 3129//3129 3173//3173 3177//3177
f 3178//3178 3174//3174 3130//3130
f 3179//3179 3207//3207 3163//3163
f 3164//3164 3208//3208 3180//3180
f 3155//3155 3181//3181 3203//3203
f 3204//3204 3182//3182 3156//3156
f 3133//3133 3183//3183 3181//3181
f 3182//3182 3184//3184 3134//3134
f 3135//3135 3185//3185 3183//3183
f 3184//3184 3186//3186 3136//3136
f 3137//3137 3187//3187 3185//3185
f 3186//3186 3188//3188 3138//3138
f 3139//3139 3189//3189 3187//3187
f 3188//3188 3190//3190 3140//3140
f 3141//3141 3191//3191 3189//3189
f 3190//3190 3192//3192 3142//3142
f 3143//3143 3193//3193 3191//3191
f 3192//3192 3194//3194 3144//3144
f 3145//3145 3195//3195 3193//3193
f 3194//3194 3196//3196 3146//3146
f 3147//3147 3197//3197 3195//3195
f 3196//3196 3198//3198 3148//3148
f 3197//3197 3151//3151 3199//3199
f 3200//3200 3152//3152 3198//3198
f 3199//3199 3153//3153 3201//3201
f 3202//3202 3154//3154 3200//3200
f 3201//3201 3163//3163 3207//3207
f 3208//3208 3164//3164 3202//3202
f 3173//3173 3205//3205 3209//3209
f 3210//3210 3206//3206 3174//3174
f 3211//3211 3179//3179 3175//3175
f 3176//3176 3180//3180 3212//3212
f 3213//3213 3175//3175 3177//3177
f 3178//3178 3176//3176 3214//3214
f 3209//3209 3177//3177 3173//3173
f 3174//3174 3178//3178 3210//3210
f 3207//3207 3179//3179 3215//3215
f 3216//3216 3180//3180 3208//3208
f 3179//3179 3211//3211 3215//3215
f 3216//3216 3212//3212 3180//3180
f 3175//3175 3213//3213 3211//3211
f 3212//3212 3214//3214 3176//3176
f 3177//3177 3209//3209 3213//3213
f 3214//3214 3210//3210 3178//3178
f 3217//3217 3218//3218 3219//3219
f 3220//3220 3221//3221 3222//3222
f 3223//3223 3217//3217 3224//3224
f 3225//3225 3222//3222 3226//3226
f 3227//3227 3223//3223 3224//3224
f 3225//3225 3226//3226 3228//3228
f 3219//3219 3229//3229 3230//3230
f 3231//3231 3232//3232 3220//3220
f 3229//3229 3233//3233 3230//3230
f 3231//3231 3234//3234 3232//3232
f 3235//3235 3236//3236 3233//3233
f 3234//3234 3237//3237 3238//3238
f 3239//3239 3240//3240 3236//3236
f 3237//3237 3241//3241 3242//3242
f 3243//3243 3244//3244 3240//3240
f 3241//3241 3245//3245 3246//3246
f 3218//3218 3217//3217 3247//3247
f 3248//3248 3222//3222 3221//3221
f 3229//3229 3219//3219 3218//3218
f 3221//3221 3220//3220 3232//3232
f 3217//3217 3223//3223 3247//3247
f 3248//3248 3226//3226 3222//3222
f 3223//3223 3227//3227 3249//3249
f 3250//3250 3228//3228 3226//3226
f 3251//3251 3249//3249 3227//3227
f 3228//3228 3250//3250 3252//3252
f 3253//3253 3254//3254 3251//3251
f 3252//3252 3255//3255 3256//3256
f 3257//3257 3253//3253 3258//3258
f 3259//3259 3256//3256 3260//3260
f 3261//3261 3258//3258 3262//3262
f 3263//3263 3259//3259 3264//3264
f 3265//3265 3262//3262 3266//3266
f 3267//3267 3263//3263 3268//3268
f 3269//3269 3266//3266 3270//3270
f 3271//3271 3267//3267 3272//3272
f 3273//3273 3270//3270 3274//3274
f 3275//3275 3271//3271 3276//3276
f 3277//3277 3274//3274 3278//3278
f 3279//3279 3275//3275 3280//3280
f 3281//3281 3277//3277 3278//3278
f 3279//3279 3280//3280 3282//3282
f 3283//3283 3284//3284 3281//3281
f 3282//3282 3285//3285 3286//3286
f 3287//3287 3283//3283 3288//3288
f 3289//3289 3286//3286 3290//3290
f 3291//3291 3288//3288 3292//3292
f 3293//3293 3289//3289 3294//3294
f 3233//3233 3229//3229 3235//3235
f 3238//3238 3232//3232 3234//3234
f 3236//3236 3235//3235 3239//3239
f 3242//3242 3238//3238 3237//3237
f 3240//3240 3239//3239 3243//3243
f 3246//3246 3242//3242 3241//3241
f 3244//3244 3243//3243 3295//3295
f 3296//3296 3246//3246 3245//3245
f 3295//3295 3297//3297 3244//3244
f 3245//3245 3298//3298 3296//3296
f 3299//3299 3300//3300 3301//3301
f 3302//3302 3303//3303 3304//3304
f 3301//3301 3305//3305 3306//3306
f 3307//3307 3308//3308 3302//3302
f 3309//3309 3310//3310 3299//3299
f 3304//3304 3311//3311 3312//3312
f 3313//3313 3314//3314 3309//3309
f 3312//3312 3315//3315 3316//3316
f 3317//3317 3291//3291 3292//3292
f 3293//3293 3294//3294 3318//3318
f 3249//3249 3251//3251 3254//3254
f 3255//3255 3252//3252 3250//3250
f 3254//3254 3253//3253 3319//3319
f 3320//3320 3256//3256 3255//3255
f 3253//3253 3257//3257 3319//3319
f 3320//3320 3260//3260 3256//3256
f 3258//3258 3261//3261 3257//3257
f 3260//3260 3264//3264 3259//3259
f 3262//3262 3265//3265 3261//3261
f 3264//3264 3268//3268 3263//3263
f 3266//3266 3269//3269 3265//3265
f 3268//3268 3272//3272 3267//3267
f 3270//3270 3273//3273 3269//3269
f 3272//3272 3276//3276 3271//3271
f 3274//3274 3277//3277 3273//3273
f 3276//3276 3280//3280 3275//3275
f 3277//3277 3281//3281 3284//3284
f 3285//3285 3282//3282 3280//3280
f 3284//3284 3283//3283 3321//3321
f 3322//3322 3286//3286 3285//3285
f 3283//3283 3287//3287 3321//3321
f 3322//3322 3290//3290 3286//3286
f 3288//3288 3291//3291 3287//3287
f 3290//3290 3294//3294 3289//3289
f 3306//3306 3323//3323 3324//3324
f 3325//3325 3326//3326 3307//3307
f 3324//3324 3327//3327 3328//3328
f 3329//3329 3330//3330 3325//3325
f 3327//3327 3331//3331 3328//3328
f 3329//3329 3332//3332 3330//3330
f 3333//3333 3334//3334 3331//3331
f 3332//3332 3335//3335 3336//3336
f 3297//3297 3295//3295 3337//3337
f 3338//3338 3296//3296 3298//3298
f 3337//3337 3339//3339 3297//3297
f 3298//3298 3340//3340 3338//3338
f 3339//3339 3341//3341 3317//3317
f 3318//3318 3342//3342 3340//3340
f 3300//3300 3299//3299 3310//3310
f 3311//3311 3304//3304 3303//3303
f 3305//3305 3301//3301 3300//3300
f 3303//3303 3302//3302 3308//3308
f 3323//3323 3306//3306 3305//3305
f 3308//3308 3307//3307 3326//3326
f 3310//3310 3309//3309 3314//3314
f 3315//3315 3312//3312 3311//3311
f 3314//3314 3313//3313 3343//3343
f 3344//3344 3316//3316 3315//3315
f 3291//3291 3317//3317 3341//3341
f 3342//3342 3318//3318 3294//3294
f 3345//3345 3313//3313 3346//3346
f 3347//3347 3316//3316 3348//3348
f 3349//3349 3346//3346 3350//3350
f 3351//3351 3347//3347 3352//3352
f 3353//3353 3350//3350 3354//3354
f 3355//3355 3351//3351 3356//3356
f 3357//3357 3354//3354 3358//3358
f 3359//3359 3355//3355 3360//3360
f 3361//3361 3358//3358 3362//3362
f 3363//3363 3359//3359 3364//3364
f 3365//3365 3361//3361 3362//3362
f 3363//3363 3364//3364 3366//3366
f 3367//3367 3368//3368 3365//3365
f 3366//3366 3369//3369 3370//3370
f 3371//3371 3372//3372 3367//3367
f 3370//3370 3373//3373 3374//3374
f 3375//3375 3376//3376 3371//3371
f 3374//3374 3377//3377 3378//3378
f 3379//3379 3380//3380 3375//3375
f 3378//3378 3381//3381 3382//3382
f 3383//3383 3384//3384 3379//3379
f 3382//3382 3385//3385 3386//3386
f 3387//3387 3388//3388 3383//3383
f 3386//3386 3389//3389 3390//3390
f 3327//3327 3324//3324 3323//3323
f 3326//3326 3325//3325 3330//3330
f 3331//3331 3327//3327 3333//3333
f 3336//3336 3330//3330 3332//3332
f 3334//3334 3333//3333 3391//3391
f 3392//3392 3336//3336 3335//3335
f 3391//3391 3393//3393 3334//3334
f 3335//3335 3394//3394 3392//3392
f 3339//3339 3337//3337 3395//3395
f 3396//3396 3338//3338 3340//3340
f 3341//3341 3339//3339 3395//3395
f 3396//3396 3340//3340 3342//3342
f 3397//3397 3398//3398 3399//3399
f 3400//3400 3401//3401 3402//3402
f 3399//3399 3403//3403 3404//3404
f 3405//3405 3406//3406 3400//3400
f 3404//3404 3407//3407 3408//3408
f 3409//3409 3410//3410 3405//3405
f 3411//3411 3412//3412 3397//3397
f 3402//3402 3413//3413 3414//3414
f 3313//3313 3345//3345 3343//3343
f 3344//3344 3348//3348 3316//3316
f 3415//3415 3416//3416 3411//3411
f 3414//3414 3417//3417 3418//3418
f 3419//3419 3387//3387 3420//3420
f 3421//3421 3390//3390 3422//3422
f 3346//3346 3349//3349 3345//3345
f 3348//3348 3352//3352 3347//3347
f 3350//3350 3353//3353 3349//3349
f 3352//3352 3356//3356 3351//3351
f 3354//3354 3357//3357 3353//3353
f 3356//3356 3360//3360 3355//3355
f 3358//3358 3361//3361 3357//3357
f 3360//3360 3364//3364 3359//3359
f 3361//3361 3365//3365 3368//3368
f 3369//3369 3366//3366 3364//3364
f 3368//3368 3367//3367 3372//3372
f 3373//3373 3370//3370 3369//3369
f 3372//3372 3371//3371 3376//3376
f 3377//3377 3374//3374 3373//3373
f 3376//3376 3375//3375 3380//3380
f 3381//3381 3378//3378 3377//3377
f 3380//3380 3379//3379 3384//3384
f 3385//3385 3382//3382 3381//3381
f 3384//3384 3383//3383 3388//3388
f 3389//3389 3386//3386 3385//3385
f 3388//3388 3387//3387 3423//3423
f 3424//3424 3390//3390 3389//3389
f 3408//3408 3425//3425 3426//3426
f 3427//3427 3428//3428 3409//3409
f 3425//3425 3429//3429 3426//3426
f 3427//3427 3430//3430 3428//3428
f 3431//3431 3432//3432 3429//3429
f 3430//3430 3433//3433 3434//3434
f 3393//3393 3391//3391 3435//3435
f 3436//3436 3392//3392 3394//3394
f 3435//3435 3437//3437 3393//3393
f 3394//3394 3438//3438 3436//3436
f 3439//3439 3420//3420 3437//3437
f 3438//3438 3421//3421 3440//3440
f 3398//3398 3397//3397 3412//3412
f 3413//3413 3402//3402 3401//3401
f 3403//3403 3399//3399 3398//3398
f 3401//3401 3400//3400 3406//3406
f 3407//3407 3404//3404 3403//3403
f 3406//3406 3405//3405 3410//3410
f 3425//3425 3408//3408 3407//3407
f 3410//3410 3409//3409 3428//3428
f 3412//3412 3411//3411 3416//3416
f 3417//3417 3414//3414 3413//3413
f 3441//3441 3415//3415 3442//3442
f 3443//3443 3418//3418 3444//3444
f 3416//3416 3415//3415 3445//3445
f 3446//3446 3418//3418 3417//3417
f 3387//3387 3419//3419 3423//3423
f 3424//3424 3422//3422 3390//3390
f 3420//3420 3439//3439 3419//3419
f 3422//3422 3440//3440 3421//3421
f 3447//3447 3442//3442 3448//3448
f 3449//3449 3443//3443 3450//3450
f 3451//3451 3448//3448 3452//3452
f 3453//3453 3449//3449 3454//3454
f 3455//3455 3452//3452 3456//3456
f 3457//3457 3453//3453 3458//3458
f 3459//3459 3456//3456 3460//3460
f 3461//3461 3457//3457 3462//3462
f 3463//3463 3459//3459 3460//3460
f 3461//3461 3462//3462 3464//3464
f 3465//3465 3466//3466 3463//3463
f 3464//3464 3467//3467 3468//3468
f 3469//3469 3470//3470 3465//3465
f 3468//3468 3471//3471 3472//3472
f 3473//3473 3474//3474 3469//3469
f 3472//3472 3475//3475 3476//3476
f 3477//3477 3478//3478 3473//3473
f 3476//3476 3479//3479 3480//3480
f 3481//3481 3482//3482 3477//3477
f 3480//3480 3483//3483 3484//3484
f 3485//3485 3486//3486 3481//3481
f 3484//3484 3487//3487 3488//3488
f 3429//3429 3425//3425 3431//3431
f 3434//3434 3428//3428 3430//3430
f 3432//3432 3431//3431 3489//3489
f 3490//3490 3434//3434 3433//3433
f 3489//3489 3491//3491 3432//3432
f 3433//3433 3492//3492 3490//3490
f 3437//3437 3435//3435 3439//3439
f 3440//3440 3436//3436 3438//3438
f 3493//3493 3494//3494 3495//3495
f 3496//3496 3497//3497 3498//3498
f 3495//3495 3499//3499 3500//3500
f 3501//3501 3502//3502 3496//3496
f 3500//3500 3503//3503 3504//3504
f 3505//3505 3506//3506 3501//3501
f 3504//3504 3507//3507 3508//3508
f 3509//3509 3510//3510 3505//3505
f 3511//3511 3512//3512 3493//3493
f 3498//3498 3513//3513 3514//3514
f 3415//3415 3441//3441 3445//3445
f 3446//3446 3444//3444 3418//3418
f 3442//3442 3447//3447 3441//3441
f 3444//3444 3450//3450 3443//3443
f 3515//3515 3516//3516 3511//3511
f 3514//3514 3517//3517 3518//3518
f 3519//3519 3485//3485 3520//3520
f 3521//3521 3488//3488 3522//3522
f 3523//3523 3520//3520 3524//3524
f 3525//3525 3521//3521 3526//3526
f 3448//3448 3451//3451 3447//3447
f 3450//3450 3454//3454 3449//3449
f 3452//3452 3455//3455 3451//3451
f 3454//3454 3458//3458 3453//3453
f 3456//3456 3459//3459 3455//3455
f 3458//3458 3462//3462 3457//3457
f 3459//3459 3463//3463 3466//3466
f 3467//3467 3464//3464 3462//3462
f 3466//3466 3465//3465 3470//3470
f 3471//3471 3468//3468 3467//3467
f 3470//3470 3469//3469 3474//3474
f 3475//3475 3472//3472 3471//3471
f 3474//3474 3473//3473 3478//3478
f 3479//3479 3476//3476 3475//3475
f 3478//3478 3477//3477 3482//3482
f 3483//3483 3480//3480 3479//3479
f 3482//3482 3481//3481 3486//3486
f 3487//3487 3484//3484 3483//3483
f 3486//3486 3485//3485 3527//3527
f 3528//3528 3488//3488 3487//3487
f 3507//3507 3529//3529 3508//3508
f 3509//3509 3530//3530 3510//3510
f 3531//3531 3532//3532 3529//3529
f 3530//3530 3533//3533 3534//3534
f 3491//3491 3489//3489 3535//3535
f 3536//3536 3490//3490 3492//3492
f 3535//3535 3524//3524 3491//3491
f 3492//3492 3525//3525 3536//3536
f 3494//3494 3493//3493 3512//3512
f 3513//3513 3498//3498 3497//3497
f 3499//3499 3495//3495 3494//3494
f 3497//3497 3496//3496 3502//3502
f 3503//3503 3500//3500 3499//3499
f 3502//3502 3501//3501 3506//3506
f 3507//3507 3504//3504 3503//3503
f 3506//3506 3505//3505 3510//3510
f 3512//3512 3511//3511 3516//3516
f 3517//3517 3514//3514 3513//3513
f 3537//3537 3515//3515 3538//3538
f 3539//3539 3518//3518 3540//3540
f 3541//3541 3538//3538 3542//3542
f 3543//3543 3539//3539 3544//3544
f 3516//3516 3515//3515 3545//3545
f 3546//3546 3518//3518 3517//3517
f 3485//3485 3519//3519 3527//3527
f 3528//3528 3522//3522 3488//3488
f 3520//3520 3523//3523 3519//3519
f 3522//3522 3526//3526 3521//3521
f 3524//3524 3535//3535 3523//3523
f 3526//3526 3536//3536 3525//3525
f 3547//3547 3542//3542 3548//3548
f 3549//3549 3543//3543 3550//3550
f 3551//3551 3548//3548 3552//3552
f 3553//3553 3549//3549 3554//3554
f 3555//3555 3552//3552 3556//3556
f 3557//3557 3553//3553 3558//3558
f 3559//3559 3555//3555 3556//3556
f 3557//3557 3558//3558 3560//3560
f 3561//3561 3562//3562 3559//3559
f 3560//3560 3563//3563 3564//3564
f 3565//3565 3566//3566 3561//3561
f 3564//3564 3567//3567 3568//3568
f 3569//3569 3570//3570 3565//3565
f 3568//3568 3571//3571 3572//3572
f 3573//3573 3574//3574 3569//3569
f 3572//3572 3575//3575 3576//3576
f 3577//3577 3578//3578 3573//3573
f 3576//3576 3579//3579 3580//3580
f 3581//3581 3582//3582 3577//3577
f 3580//3580 3583//3583 3584//3584
f 3529//3529 3507//3507 3531//3531
f 3534//3534 3510//3510 3530//3530
f 3532//3532 3531//3531 3585//3585
f 3586//3586 3534//3534 3533//3533
f 3585//3585 3587//3587 3532//3532
f 3533//3533 3588//3588 3586//3586
f 3589//3589 3590//3590 3591//3591
f 3592//3592 3593//3593 3594//3594
f 3591//3591 3595//3595 3596//3596
f 3597//3597 3598//3598 3592//3592
f 3596//3596 3599//3599 3600//3600
f 3601//3601 3602//3602 3597//3597
f 3600//3600 3603//3603 3604//3604
f 3605//3605 3606//3606 3601//3601
f 3607//3607 3608//3608 3589//3589
f 3594//3594 3609//3609 3610//3610
f 3515//3515 3537//3537 3545//3545
f 3546//3546 3540//3540 3518//3518
f 3538//3538 3541//3541 3537//3537
f 3540//3540 3544//3544 3539//3539
f 3542//3542 3547//3547 3541//3541
f 3544//3544 3550//3550 3543//3543
f 3611//3611 3612//3612 3607//3607
f 3610//3610 3613//3613 3614//3614
f 3615//3615 3581//3581 3616//3616
f 3617//3617 3584//3584 3618//3618
f 3619//3619 3616//3616 3620//3620
f 3621//3621 3617//3617 3622//3622
f 3623//3623 3620//3620 3587//3587
f 3588//3588 3621//3621 3624//3624
f 3548//3548 3551//3551 3547//3547
f 3550//3550 3554//3554 3549//3549
f 3552//3552 3555//3555 3551//3551
f 3554//3554 3558//3558 3553//3553
f 3555//3555 3559//3559 3562//3562
f 3563//3563 3560//3560 3558//3558
f 3562//3562 3561//3561 3566//3566
f 3567//3567 3564//3564 3563//3563
f 3566//3566 3565//3565 3570//3570
f 3571//3571 3568//3568 3567//3567
f 3570//3570 3569//3569 3574//3574
f 3575//3575 3572//3572 3571//3571
f 3574//3574 3573//3573 3578//3578
f 3579//3579 3576//3576 3575//3575
f 3578//3578 3577//3577 3582//3582
f 3583//3583 3580//3580 3579//3579
f 3582//3582 3581//3581 3625//3625
f 3626//3626 3584//3584 3583//3583
f 3603//3603 3627//3627 3604//3604
f 3605//3605 3628//3628 3606//3606
f 3629//3629 3630//3630 3627//3627
f 3628//3628 3631//3631 3632//3632
f 3587//3587 3585//3585 3623//3623
f 3624//3624 3586//3586 3588//3588
f 3590//3590 3589//3589 3608//3608
f 3609//3609 3594//3594 3593//3593
f 3595//3595 3591//3591 3590//3590
f 3593//3593 3592//3592 3598//3598
f 3599//3599 3596//3596 3595//3595
f 3598//3598 3597//3597 3602//3602
f 3603//3603 3600//3600 3599//3599
f 3602//3602 3601//3601 3606//3606
f 3608//3608 3607//3607 3612//3612
f 3613//3613 3610//3610 3609//3609
f 3633//3633 3611//3611 3634//3634
f 3635//3635 3614//3614 3636//3636
f 3637//3637 3634//3634 3638//3638
f 3639//3639 3635//3635 3640//3640
f 3641//3641 3638//3638 3642//3642
f 3643//3643 3639//3639 3644//3644
f 3612//3612 3611//3611 3645//3645
f 3646//3646 3614//3614 3613//3613
f 3581//3581 3615//3615 3625//3625
f 3626//3626 3618//3618 3584//3584
f 3616//3616 3619//3619 3615//3615
f 3618//3618 3622//3622 3617//3617
f 3620//3620 3623//3623 3619//3619
f 3622//3622 3624//3624 3621//3621
f 3647//3647 3642//3642 3648//3648
f 3649//3649 3643//3643 3650//3650
f 3651//3651 3648//3648 3652//3652
f 3653//3653 3649//3649 3654//3654
f 3655//3655 3651//3651 3652//3652
f 3653//3653 3654//3654 3656//3656
f 3657//3657 3658//3658 3655//3655
f 3656//3656 3659//3659 3660//3660
f 3661//3661 3662//3662 3657//3657
f 3660//3660 3663//3663 3664//3664
f 3665//3665 3666//3666 3661//3661
f 3664//3664 3667//3667 3668//3668
f 3669//3669 3670//3670 3665//3665
f 3668//3668 3671//3671 3672//3672
f 3673//3673 3674//3674 3669//3669
f 3672//3672 3675//3675 3676//3676
f 3677//3677 3678//3678 3673//3673
f 3676//3676 3679//3679 3680//3680
f 3627//3627 3603//3603 3629//3629
f 3632//3632 3606//3606 3628//3628
f 3630//3630 3629//3629 3681//3681
f 3682//3682 3632//3632 3631//3631
f 3681//3681 3683//3683 3630//3630
f 3631//3631 3684//3684 3682//3682
f 3685//3685 3686//3686 3687//3687
f 3688//3688 3689//3689 3690//3690
f 3687//3687 3691//3691 3692//3692
f 3693//3693 3694//3694 3688//3688
f 3691//3691 3695//3695 3692//3692
f 3693//3693 3696//3696 3694//3694
f 3697//3697 3698//3698 3695//3695
f 3696//3696 3699//3699 3700//3700
f 3701//3701 3685//3685 3702//3702
f 3703//3703 3690//3690 3704//3704
f 3611//3611 3633//3633 3645//3645
f 3646//3646 3636//3636 3614//3614
f 3634//3634 3637//3637 3633//3633
f 3636//3636 3640//3640 3635//3635
f 3638//3638 3641//3641 3637//3637
f 3640//3640 3644//3644 3639//3639
f 3642//3642 3647//3647 3641//3641
f 3644//3644 3650//3650 3643//3643
f 3705//3705 3701//3701 3702//3702
f 3703//3703 3704//3704 3706//3706
f 3707//3707 3677//3677 3708//3708
f 3709//3709 3680//3680 3710//3710
f 3711//3711 3708//3708 3712//3712
f 3713//3713 3709//3709 3714//3714
f 3715//3715 3712//3712 3683//3683
f 3684//3684 3713//3713 3716//3716
f 3648//3648 3651//3651 3647//3647
f 3650//3650 3654//3654 3649//3649
f 3651//3651 3655//3655 3658//3658
f 3659//3659 3656//3656 3654//3654
f 3658//3658 3657//3657 3662//3662
f 3663//3663 3660//3660 3659//3659
f 3662//3662 3661//3661 3666//3666
f 3667//3667 3664//3664 3663//3663
f 3666//3666 3665//3665 3670//3670
f 3671//3671 3668//3668 3667//3667
f 3670//3670 3669//3669 3674//3674
f 3675//3675 3672//3672 3671//3671
f 3674//3674 3673//3673 3678//3678
f 3679//3679 3676//3676 3675//3675
f 3678//3678 3677//3677 3717//3717
f 3718//3718 3680//3680 3679//3679
f 3719//3719 3720//3720 3698//3698
f 3699//3699 3721//3721 3722//3722
f 3723//3723 3724//3724 3720//3720
f 3721//3721 3725//3725 3726//3726
f 3683//3683 3681//3681 3715//3715
f 3716//3716 3682//3682 3684//3684
f 3686//3686 3685//3685 3727//3727
f 3728//3728 3690//3690 3689//3689
f 3691//3691 3687//3687 3686//3686
f 3689//3689 3688//3688 3694//3694
f 3695//3695 3691//3691 3697//3697
f 3700//3700 3694//3694 3696//3696
f 3698//3698 3697//3697 3719//3719
f 3722//3722 3700//3700 3699//3699
f 3685//3685 3701//3701 3727//3727
f 3728//3728 3704//3704 3690//3690
f 3729//3729 3730//3730 3705//3705
f 3706//3706 3731//3731 3732//3732
f 3733//3733 3734//3734 3729//3729
f 3732//3732 3735//3735 3736//3736
f 3737//3737 3733//3733 3738//3738
f 3739//3739 3736//3736 3740//3740
f 3741//3741 3738//3738 3742//3742
f 3743//3743 3739//3739 3744//3744
f 3701//3701 3705//3705 3730//3730
f 3731//3731 3706//3706 3704//3704
f 3677//3677 3707//3707 3717//3717
f 3718//3718 3710//3710 3680//3680
f 3708//3708 3711//3711 3707//3707
f 3710//3710 3714//3714 3709//3709
f 3712//3712 3715//3715 3711//3711
f 3714//3714 3716//3716 3713//3713
f 3745//3745 3742//3742 3746//3746
f 3747//3747 3743//3743 3748//3748
f 3749//3749 3746//3746 3750//3750
f 3751//3751 3747//3747 3752//3752
f 3753//3753 3750//3750 3754//3754
f 3755//3755 3751//3751 3756//3756
f 3757//3757 3754//3754 3758//3758
f 3759//3759 3755//3755 3760//3760
f 3761//3761 3757//3757 3758//3758
f 3759//3759 3760//3760 3762//3762
f 3763//3763 3764//3764 3761//3761
f 3762//3762 3765//3765 3766//3766
f 3767//3767 3763//3763 3768//3768
f 3769//3769 3766//3766 3770//3770
f 3771//3771 3768//3768 3772//3772
f 3773//3773 3769//3769 3774//3774
f 3720//3720 3719//3719 3723//3723
f 3726//3726 3722//3722 3721//3721
f 3724//3724 3723//3723 3775//3775
f 3776//3776 3726//3726 3725//3725
f 3775//3775 3777//3777 3724//3724
f 3725//3725 3778//3778 3776//3776
f 3779//3779 3780//3780 3781//3781
f 3782//3782 3783//3783 3784//3784
f 3785//3785 3786//3786 3780//3780
f 3783//3783 3787//3787 3788//3788
f 3789//3789 3790//3790 3786//3786
f 3787//3787 3791//3791 3792//3792
f 3793//3793 3794//3794 3790//3790
f 3791//3791 3795//3795 3796//3796
f 3797//3797 3781//3781 3798//3798
f 3799//3799 3782//3782 3800//3800
f 3730//3730 3729//3729 3734//3734
f 3735//3735 3732//3732 3731//3731
f 3734//3734 3733//3733 3801//3801
f 3802//3802 3736//3736 3735//3735
f 3733//3733 3737//3737 3801//3801
f 3802//3802 3740//3740 3736//3736
f 3738//3738 3741//3741 3737//3737
f 3740//3740 3744//3744 3739//3739
f 3742//3742 3745//3745 3741//3741
f 3744//3744 3748//3748 3743//3743
f 3803//3803 3797//3797 3798//3798
f 3799//3799 3800//3800 3804//3804
f 3805//3805 3771//3771 3772//3772
f 3773//3773 3774//3774 3806//3806
f 3807//3807 3808//3808 3805//3805
f 3806//3806 3809//3809 3810//3810
f 3811//3811 3807//3807 3777//3777
f 3778//3778 3810//3810 3812//3812
f 3746//3746 3749//3749 3745//3745
f 3748//3748 3752//3752 3747//3747
f 3750//3750 3753//3753 3749//3749
f 3752//3752 3756//3756 3751//3751
f 3754//3754 3757//3757 3753//3753
f 3756//3756 3760//3760 3755//3755
f 3757//3757 3761//3761 3764//3764
f 3765//3765 3762//3762 3760//3760
f 3764//3764 3763//3763 3813//3813
f 3814//3814 3766//3766 3765//3765
f 3763//3763 3767//3767 3813//3813
f 3814//3814 3770//3770 3766//3766
f 3768//3768 3771//3771 3767//3767
f 3770//3770 3774//3774 3769//3769
f 3815//3815 3816//3816 3794//3794
f 3795//3795 3817//3817 3818//3818
f 3819//3819 3820//3820 3816//3816
f 3817//3817 3821//3821 3822//3822
f 3777//3777 3775//3775 3811//3811
f 3812//3812 3776//3776 3778//3778
f 3780//3780 3779//3779 3785//3785
f 3788//3788 3784//3784 3783//3783
f 3781//3781 3797//3797 3779//3779
f 3784//3784 3800//3800 3782//3782
f 3786//3786 3785//3785 3789//3789
f 3792//3792 3788//3788 3787//3787
f 3790//3790 3789//3789 3793//3793
f 3796//3796 3792//3792 3791//3791
f 3794//3794 3793//3793 3815//3815
f 3818//3818 3796//3796 3795//3795
f 3823//3823 3824//3824 3803//3803
f 3804//3804 3825//3825 3826//3826
f 3827//3827 3828//3828 3823//3823
f 3826//3826 3829//3829 3830//3830
f 3831//3831 3832//3832 3827//3827
f 3830//3830 3833//3833 3834//3834
f 3835//3835 3831//3831 3836//3836
f 3837//3837 3834//3834 3838//3838
f 3839//3839 3836//3836 3840//3840
f 3841//3841 3837//3837 3842//3842
f 3797//3797 3803//3803 3824//3824
f 3825//3825 3804//3804 3800//3800
f 3771//3771 3805//3805 3808//3808
f 3809//3809 3806//3806 3774//3774
f 3808//3808 3807//3807 3843//3843
f 3844//3844 3810//3810 3809//3809
f 3807//3807 3811//3811 3843//3843
f 3844//3844 3812//3812 3810//3810
f 3845//3845 3840//3840 3846//3846
f 3847//3847 3841//3841 3848//3848
f 3849//3849 3846//3846 3850//3850
f 3851//3851 3847//3847 3852//3852
f 3853//3853 3850//3850 3854//3854
f 3855//3855 3851//3851 3856//3856
f 3857//3857 3854//3854 3858//3858
f 3859//3859 3855//3855 3860//3860
f 3861//3861 3858//3858 3862//3862
f 3863//3863 3859//3859 3864//3864
f 3865//3865 3862//3862 3866//3866
f 3867//3867 3863//3863 3868//3868
f 3869//3869 3866//3866 3870//3870
f 3871//3871 3867//3867 3872//3872
f 3816//3816 3815//3815 3819//3819
f 3822//3822 3818//3818 3817//3817
f 3820//3820 3819//3819 3873//3873
f 3874//3874 3822//3822 3821//3821
f 3873//3873 3875//3875 3820//3820
f 3821//3821 3876//3876 3874//3874
f 3877//3877 3878//3878 3879//3879
f 3880//3880 3881//3881 3882//3882
f 3883//3883 3879//3879 3884//3884
f 3885//3885 3880//3880 3886//3886
f 3887//3887 3888//3888 3878//3878
f 3881//3881 3889//3889 3890//3890
f 3891//3891 3892//3892 3888//3888
f 3889//3889 3893//3893 3894//3894
f 3895//3895 3896//3896 3892//3892
f 3893//3893 3897//3897 3898//3898
f 3824//3824 3823//3823 3828//3828
f 3829//3829 3826//3826 3825//3825
f 3828//3828 3827//3827 3832//3832
f 3833//3833 3830//3830 3829//3829
f 3832//3832 3831//3831 3899//3899
f 3900//3900 3834//3834 3833//3833
f 3831//3831 3835//3835 3899//3899
f 3900//3900 3838//3838 3834//3834
f 3836//3836 3839//3839 3835//3835
f 3838//3838 3842//3842 3837//3837
f 3840//3840 3845//3845 3839//3839
f 3842//3842 3848//3848 3841//3841
f 3901//3901 3883//3883 3884//3884
f 3885//3885 3886//3886 3902//3902
f 3903//3903 3869//3869 3870//3870
f 3871//3871 3872//3872 3904//3904
f 3905//3905 3906//3906 3903//3903
f 3904//3904 3907//3907 3908//3908
f 3875//3875 3909//3909 3905//3905
f 3908//3908 3910//3910 3876//3876
f 3846//3846 3849//3849 3845//3845
f 3848//3848 3852//3852 3847//3847
f 3850//3850 3853//3853 3849//3849
f 3852//3852 3856//3856 3851//3851
f 3854//3854 3857//3857 3853//3853
f 3856//3856 3860//3860 3855//3855
f 3858//3858 3861//3861 3857//3857
f 3860//3860 3864//3864 3859//3859
f 3862//3862 3865//3865 3861//3861
f 3864//3864 3868//3868 3863//3863
f 3866//3866 3869//3869 3865//3865
f 3868//3868 3872//3872 3867//3867
f 3911//3911 3912//3912 3896//3896
f 3897//3897 3913//3913 3914//3914
f 3915//3915 3916//3916 3912//3912
f 3913//3913 3917//3917 3918//3918
f 3875//3875 3873//3873 3919//3919
f 3920//3920 3874//3874 3876//3876
f 3878//3878 3877//3877 3887//3887
f 3890//3890 3882//3882 3881//3881
f 3879//3879 3883//3883 3877//3877
f 3882//3882 3886//3886 3880//3880
f 3888//3888 3887//3887 3891//3891
f 3894//3894 3890//3890 3889//3889
f 3892//3892 3891//3891 3895//3895
f 3898//3898 3894//3894 3893//3893
f 3896//3896 3895//3895 3911//3911
f 3914//3914 3898//3898 3897//3897
f 3921//3921 3922//3922 3901//3901
f 3902//3902 3923//3923 3924//3924
f 3925//3925 3926//3926 3921//3921
f 3924//3924 3927//3927 3928//3928
f 3929//3929 3930//3930 3925//3925
f 3928//3928 3931//3931 3932//3932
f 3933//3933 3929//3929 3934//3934
f 3935//3935 3932//3932 3936//3936
f 3937//3937 3934//3934 3938//3938
f 3939//3939 3935//3935 3940//3940
f 3941//3941 3938//3938 3942//3942
f 3943//3943 3939//3939 3944//3944
f 3883//3883 3901//3901 3922//3922
f 3923//3923 3902//3902 3886//3886
f 3869//3869 3903//3903 3906//3906
f 3907//3907 3904//3904 3872//3872
f 3906//3906 3905//3905 3909//3909
f 3910//3910 3908//3908 3907//3907
f 3909//3909 3875//3875 3919//3919
f 3920//3920 3876//3876 3910//3910
f 3945//3945 3942//3942 3946//3946
f 3947//3947 3943//3943 3948//3948
f 3949//3949 3946//3946 3950//3950
f 3951//3951 3947//3947 3952//3952
f 3953//3953 3950//3950 3954//3954
f 3955//3955 3951//3951 3956//3956
f 3957//3957 3954//3954 3958//3958
f 3959//3959 3955//3955 3960//3960
f 3961//3961 3958//3958 3962//3962
f 3963//3963 3959//3959 3964//3964
f 3965//3965 3962//3962 3966//3966
f 3967//3967 3963//3963 3968//3968
f 3912//3912 3911//3911 3915//3915
f 3918//3918 3914//3914 3913//3913
f 3916//3916 3915//3915 3969//3969
f 3970//3970 3918//3918 3917//3917
f 3969//3969 3971//3971 3916//3916
f 3917//3917 3972//3972 3970//3970
f 3973//3973 3974//3974 3975//3975
f 3976//3976 3977//3977 3978//3978
f 3979//3979 3975//3975 3980//3980
f 3981//3981 3976//3976 3982//3982
f 3983//3983 3984//3984 3974//3974
f 3977//3977 3985//3985 3986//3986
f 3987//3987 3988//3988 3984//3984
f 3985//3985 3989//3989 3990//3990
f 3991//3991 3992//3992 3988//3988
f 3989//3989 3993//3993 3994//3994
f 3922//3922 3921//3921 3926//3926
f 3927//3927 3924//3924 3923//3923
f 3926//3926 3925//3925 3930//3930
f 3931//3931 3928//3928 3927//3927
f 3930//3930 3929//3929 3995//3995
f 3996//3996 3932//3932 3931//3931
f 3929//3929 3933//3933 3995//3995
f 3996//3996 3936//3936 3932//3932
f 3934//3934 3937//3937 3933//3933
f 3936//3936 3940//3940 3935//3935
f 3938//3938 3941//3941 3937//3937
f 3940//3940 3944//3944 3939//3939
f 3942//3942 3945//3945 3941//3941
f 3944//3944 3948//3948 3943//3943
f 3997//3997 3979//3979 3980//3980
f 3981//3981 3982//3982 3998//3998
f 3999//3999 3965//3965 3966//3966
f 3967//3967 3968//3968 4000//4000
f 4001//4001 4002//4002 3999//3999
f 4000//4000 4003//4003 4004//4004
f 3971//3971 4005//4005 4001//4001
f 4004//4004 4006//4006 3972//3972
f 3946//3946 3949//3949 3945//3945
f 3948//3948 3952//3952 3947//3947
f 3950//3950 3953//3953 3949//3949
f 3952//3952 3956//3956 3951//3951
f 3954//3954 3957//3957 3953//3953
f 3956//3956 3960//3960 3955//3955
f 3958//3958 3961//3961 3957//3957
f 3960//3960 3964//3964 3959//3959
f 3962//3962 3965//3965 3961//3961
f 3964//3964 3968//3968 3963//3963
f 4007//4007 4008//4008 3992//3992
f 3993//3993 4009//4009 4010//4010
f 4011//4011 4012//4012 4008//4008
f 4009//4009 4013//4013 4014//4014
f 3971//3971 3969//3969 4015//4015
f 4016//4016 3970//3970 3972//3972
f 3974//3974 3973//3973 3983//3983
f 3986//3986 3978//3978 3977//3977
f 3975//3975 3979//3979 3973//3973
f 3978//3978 3982//3982 3976//3976
f 3984//3984 3983//3983 3987//3987
f 3990//3990 3986//3986 3985//3985
f 3988//3988 3987//3987 3991//3991
f 3994//3994 3990//3990 3989//3989
f 3992//3992 3991//3991 4007//4007
f 4010//4010 3994//3994 3993//3993
f 4017//4017 4018//4018 3997//3997
f 3998//3998 4019//4019 4020//4020
f 4021//4021 4022//4022 4017//4017
f 4020//4020 4023//4023 4024//4024
f 4025//4025 4026//4026 4021//4021
f 4024//4024 4027//4027 4028//4028
f 4029//4029 4025//4025 4030//4030
f 4031//4031 4028//4028 4032//4032
f 4033//4033 4030//4030 4034//4034
f 4035//4035 4031//4031 4036//4036
f 4037//4037 4034//4034 4038//4038
f 4039//4039 4035//4035 4040//4040
f 4041//4041 4038//4038 4042//4042
f 4043//4043 4039//4039 4044//4044
f 3979//3979 3997//3997 4018//4018
f 4019//4019 3998//3998 3982//3982
f 3965//3965 3999//3999 4002//4002
f 4003//4003 4000//4000 3968//3968
f 4002//4002 4001//4001 4005//4005
f 4006//4006 4004//4004 4003//4003
f 4005//4005 3971//3971 4015//4015
f 4016//4016 3972//3972 4006//4006
f 4045//4045 4042//4042 4046//4046
f 4047//4047 4043//4043 4048//4048
f 4049//4049 4046//4046 4050//4050
f 4051//4051 4047//4047 4052//4052
f 4053//4053 4050//4050 4054//4054
f 4055//4055 4051//4051 4056//4056
f 4057//4057 4054//4054 4058//4058
f 4059//4059 4055//4055 4060//4060
f 4061//4061 4058//4058 4062//4062
f 4063//4063 4059//4059 4064//4064
f 4008//4008 4007//4007 4011//4011
f 4014//4014 4010//4010 4009//4009
f 4012//4012 4011//4011 4065//4065
f 4066//4066 4014//4014 4013//4013
f 4065//4065 4067//4067 4012//4012
f 4013//4013 4068//4068 4066//4066
f 4069//4069 4070//4070 4071//4071
f 4072//4072 4073//4073 4074//4074
f 4075//4075 4071//4071 4076//4076
f 4077//4077 4072//4072 4078//4078
f 4079//4079 4080//4080 4070//4070
f 4073//4073 4081//4081 4082//4082
f 4083//4083 4084//4084 4080//4080
f 4081//4081 4085//4085 4086//4086
f 4087//4087 4088//4088 4084//4084
f 4085//4085 4089//4089 4090//4090
f 4018//4018 4017//4017 4022//4022
f 4023//4023 4020//4020 4019//4019
f 4022//4022 4021//4021 4026//4026
f 4027//4027 4024//4024 4023//4023
f 4026//4026 4025//4025 4091//4091
f 4092//4092 4028//4028 4027//4027
f 4025//4025 4029//4029 4091//4091
f 4092//4092 4032//4032 4028//4028
f 4030//4030 4033//4033 4029//4029
f 4032//4032 4036//4036 4031//4031
f 4034//4034 4037//4037 4033//4033
f 4036//4036 4040//4040 4035//4035
f 4038//4038 4041//4041 4037//4037
f 4040//4040 4044//4044 4039//4039
f 4042//4042 4045//4045 4041//4041
f 4044//4044 4048//4048 4043//4043
f 4093//4093 4094//4094 4076//4076
f 4077//4077 4095//4095 4096//4096
f 4097//4097 4061//4061 4062//4062
f 4063//4063 4064//4064 4098//4098
f 4099//4099 4100//4100 4097//4097
f 4098//4098 4101//4101 4102//4102
f 4067//4067 4103//4103 4099//4099
f 4102//4102 4104//4104 4068//4068
f 4046//4046 4049//4049 4045//4045
f 4048//4048 4052//4052 4047//4047
f 4050//4050 4053//4053 4049//4049
f 4052//4052 4056//4056 4051//4051
f 4054//4054 4057//4057 4053//4053
f 4056//4056 4060//4060 4055//4055
f 4058//4058 4061//4061 4057//4057
f 4060//4060 4064//4064 4059//4059
f 4105//4105 4106//4106 4088//4088
f 4089//4089 4107//4107 4108//4108
f 4109//4109 4110//4110 4106//4106
f 4107//4107 4111//4111 4112//4112
f 4067//4067 4065//4065 4113//4113
f 4114//4114 4066//4066 4068//4068
f 4070//4070 4069//4069 4115//4115
f 4116//4116 4074//4074 4073//4073
f 4071//4071 4117//4117 4069//4069
f 4074//4074 4118//4118 4072//4072
f 4071//4071 4075//4075 4117//4117
f 4118//4118 4078//4078 4072//4072
f 4076//4076 4094//4094 4075//4075
f 4078//4078 4095//4095 4077//4077
f 4080//4080 4079//4079 4083//4083
f 4086//4086 4082//4082 4081//4081
f 4070//4070 4115//4115 4079//4079
f 4082//4082 4116//4116 4073//4073
f 4084//4084 4083//4083 4087//4087
f 4090//4090 4086//4086 4085//4085
f 4088//4088 4087//4087 4105//4105
f 4108//4108 4090//4090 4089//4089
f 4119//4119 4120//4120 4093//4093
f 4096//4096 4121//4121 4122//4122
f 4123//4123 4124//4124 4119//4119
f 4122//4122 4125//4125 4126//4126
f 4127//4127 4128//4128 4123//4123
f 4126//4126 4129//4129 4130//4130
f 4131//4131 4127//4127 4132//4132
f 4133//4133 4130//4130 4134//4134
f 4135//4135 4132//4132 4136//4136
f 4137//4137 4133//4133 4138//4138
f 4139//4139 4136//4136 4140//4140
f 4141//4141 4137//4137 4142//4142
f 4143//4143 4140//4140 4144//4144
f 4145//4145 4141//4141 4146//4146
f 4147//4147 4144//4144 4148//4148
f 4149//4149 4145//4145 4150//4150
f 4151//4151 4094//4094 4093//4093
f 4096//4096 4095//4095 4152//4152
f 4061//4061 4097//4097 4100//4100
f 4101//4101 4098//4098 4064//4064
f 4100//4100 4099//4099 4103//4103
f 4104//4104 4102//4102 4101//4101
f 4103//4103 4067//4067 4113//4113
f 4114//4114 4068//4068 4104//4104
f 4153//4153 4148//4148 4154//4154
f 4155//4155 4149//4149 4156//4156
f 4157//4157 4154//4154 4158//4158
f 4159//4159 4155//4155 4160//4160
f 4161//4161 4162//4162 4158//4158
f 4159//4159 4163//4163 4164//4164
f 4165//4165 4161//4161 4166//4166
f 4167//4167 4164//4164 4168//4168
f 4106//4106 4105//4105 4109//4109
f 4112//4112 4108//4108 4107//4107
f 4110//4110 4109//4109 4169//4169
f 4170//4170 4112//4112 4111//4111
f 4169//4169 4171//4171 4110//4110
f 4111//4111 4172//4172 4170//4170
f 4115//4115 4069//4069 4117//4117
f 4118//4118 4074//4074 4116//4116
f 4117//4117 4075//4075 4094//4094
f 4095//4095 4078//4078 4118//4118
f 4083//4083 4079//4079 4115//4115
f 4116//4116 4082//4082 4086//4086
f 4087//4087 4083//4083 4173//4173
f 4174//4174 4086//4086 4090//4090
f 4105//4105 4087//4087 4175//4175
f 4176//4176 4090//4090 4108//4108
f 4177//4177 4120//4120 4119//4119
f 4122//4122 4121//4121 4178//4178
f 4093//4093 4120//4120 4151//4151
f 4152//4152 4121//4121 4096//4096
f 4179//4179 4124//4124 4123//4123
f 4126//4126 4125//4125 4180//4180
f 4119//4119 4124//4124 4177//4177
f 4178//4178 4125//4125 4122//4122
f 4127//4127 4181//4181 4128//4128
f 4129//4129 4182//4182 4130//4130
f 4123//4123 4128//4128 4179//4179
f 4180//4180 4129//4129 4126//4126
f 4127//4127 4131//4131 4183//4183
f 4184//4184 4134//4134 4130//4130
f 4132//4132 4135//4135 4131//4131
f 4134//4134 4138//4138 4133//4133
f 4136//4136 4139//4139 4135//4135
f 4138//4138 4142//4142 4137//4137
f 4140//4140 4143//4143 4139//4139
f 4142//4142 4146//4146 4141//4141
f 4144//4144 4147//4147 4143//4143
f 4146//4146 4150//4150 4145//4145
f 4148//4148 4153//4153 4147//4147
f 4150//4150 4156//4156 4149//4149
f 4094//4094 4151//4151 4120//4120
f 4121//4121 4152//4152 4095//4095
f 4185//4185 4186//4186 4166//4166
f 4167//4167 4187//4187 4188//4188
f 4189//4189 4190//4190 4185//4185
f 4188//4188 4191//4191 4192//4192
f 4171//4171 4193//4193 4189//4189
f 4192//4192 4194//4194 4172//4172
f 4154//4154 4157//4157 4153//4153
f 4156//4156 4160//4160 4155//4155
f 4157//4157 4158//4158 4195//4195
f 4196//4196 4159//4159 4160//4160
f 4162//4162 4161//4161 4195//4195
f 4196//4196 4164//4164 4163//4163
f 4195//4195 4158//4158 4162//4162
f 4163//4163 4159//4159 4196//4196
f 4161//4161 4165//4165 4197//4197
f 4198//4198 4168//4168 4164//4164
f 4165//4165 4166//4166 4199//4199
f 4200//4200 4167//4167 4168//4168
f 4109//4109 4105//4105 4201//4201
f 4202//4202 4108//4108 4112//4112
f 4169//4169 4109//4109 4203//4203
f 4204//4204 4112//4112 4170//4170
f 4171//4171 4169//4169 4205//4205
f 4206//4206 4170//4170 4172//4172
f 4117//4117 4207//4207 4115//4115
f 4116//4116 4208//4208 4118//4118
f 4094//4094 4209//4209 4117//4117
f 4118//4118 4210//4210 4095//4095
f 4083//4083 4115//4115 4173//4173
f 4174//4174 4116//4116 4086//4086
f 4087//4087 4173//4173 4175//4175
f 4176//4176 4174//4174 4090//4090
f 4105//4105 4175//4175 4201//4201
f 4202//4202 4176//4176 4108//4108
f 4120//4120 4177//4177 4124//4124
f 4125//4125 4178//4178 4121//4121
f 4124//4124 4179//4179 4128//4128
f 4129//4129 4180//4180 4125//4125
f 4181//4181 4127//4127 4183//4183
f 4184//4184 4130//4130 4182//4182
f 4211//4211 4128//4128 4181//4181
f 4182//4182 4129//4129 4212//4212
f 4183//4183 4131//4131 4213//4213
f 4214//4214 4134//4134 4184//4184
f 4131//4131 4135//4135 4215//4215
f 4216//4216 4138//4138 4134//4134
f 4135//4135 4139//4139 4217//4217
f 4218//4218 4142//4142 4138//4138
f 4139//4139 4143//4143 4219//4219
f 4220//4220 4146//4146 4142//4142
f 4143//4143 4147//4147 4221//4221
f 4222//4222 4150//4150 4146//4146
f 4147//4147 4153//4153 4157//4157
f 4160//4160 4156//4156 4150//4150
f 4120//4120 4223//4223 4094//4094
f 4095//4095 4224//4224 4121//4121
f 4186//4186 4185//4185 4199//4199
f 4200//4200 4188//4188 4187//4187
f 4199//4199 4166//4166 4186//4186
f 4187//4187 4167//4167 4200//4200
f 4190//4190 4189//4189 4225//4225
f 4226//4226 4192//4192 4191//4191
f 4225//4225 4185//4185 4190//4190
f 4191//4191 4188//4188 4226//4226
f 4227//4227 4193//4193 4171//4171
f 4172//4172 4194//4194 4228//4228
f 4229//4229 4189//4189 4193//4193
f 4194//4194 4192//4192 4230//4230
f 4195//4195 4231//4231 4157//4157
f 4160//4160 4232//4232 4196//4196
f 4195//4195 4161//4161 4197//4197
f 4198//4198 4164//4164 4196//4196
f 4165//4165 4195//4195 4197//4197
f 4198//4198 4196//4196 4168//4168
f 4199//4199 4233//4233 4165//4165
f 4168//4168 4234//4234 4200//4200
f 4109//4109 4201//4201 4203//4203
f 4204//4204 4202//4202 4112//4112
f 4169//4169 4203//4203 4235//4235
f 4236//4236 4204//4204 4170//4170
f 4205//4205 4169//4169 4235//4235
f 4236//4236 4170//4170 4206//4206
f 4227//4227 4171//4171 4205//4205
f 4206//4206 4172//4172 4228//4228
f 4207//4207 4117//4117 4209//4209
f 4210//4210 4118//4118 4208//4208
f 4207//4207 4173//4173 4115//4115
f 4116//4116 4174//4174 4208//4208
f 4209//4209 4094//4094 4223//4223
f 4224//4224 4095//4095 4210//4210
f 4237//4237 4175//4175 4173//4173
f 4174//4174 4176//4176 4238//4238
f 4239//4239 4201//4201 4175//4175
f 4176//4176 4202//4202 4240//4240
f 4241//4241 4120//4120 4124//4124
f 4125//4125 4121//4121 4242//4242
f 4243//4243 4124//4124 4128//4128
f 4129//4129 4125//4125 4244//4244
f 4183//4183 4213//4213 4181//4181
f 4182//4182 4214//4214 4184//4184
f 4128//4128 4211//4211 4243//4243
f 4244//4244 4212//4212 4129//4129
f 4181//4181 4245//4245 4211//4211
f 4212//4212 4246//4246 4182//4182
f 4131//4131 4215//4215 4213//4213
f 4214//4214 4216//4216 4134//4134
f 4135//4135 4217//4217 4215//4215
f 4216//4216 4218//4218 4138//4138
f 4139//4139 4219//4219 4217//4217
f 4218//4218 4220//4220 4142//4142
f 4143//4143 4221//4221 4219//4219
f 4220//4220 4222//4222 4146//4146
f 4147//4147 4157//4157 4221//4221
f 4222//4222 4160//4160 4150//4150
f 4223//4223 4120//4120 4247//4247
f 4248//4248 4121//4121 4224//4224
f 4199//4199 4185//4185 4225//4225
f 4226//4226 4188//4188 4200//4200
f 4225//4225 4189//4189 4229//4229
f 4230//4230 4192//4192 4226//4226
f 4193//4193 4227//4227 4229//4229
f 4230//4230 4228//4228 4194//4194
f 4231//4231 4195//4195 4249//4249
f 4250//4250 4196//4196 4232//4232
f 4231//4231 4221//4221 4157//4157
f 4160//4160 4222//4222 4232//4232
f 4165//4165 4249//4249 4195//4195
f 4196//4196 4250//4250 4168//4168
f 4233//4233 4199//4199 4251//4251
f 4252//4252 4200//4200 4234//4234
f 4249//4249 4165//4165 4233//4233
f 4234//4234 4168//4168 4250//4250
f 4253//4253 4203//4203 4201//4201
f 4202//4202 4204//4204 4254//4254
f 4255//4255 4235//4235 4203//4203
f 4204//4204 4236//4236 4256//4256
f 4205//4205 4235//4235 4227//4227
f 4228//4228 4236//4236 4206//4206
f 4209//4209 4257//4257 4207//4207
f 4208//4208 4258//4258 4210//4210
f 4173//4173 4207//4207 4237//4237
f 4238//4238 4208//4208 4174//4174
f 4223//4223 4259//4259 4209//4209
f 4210//4210 4260//4260 4224//4224
f 4175//4175 4237//4237 4239//4239
f 4240//4240 4238//4238 4176//4176
f 4201//4201 4239//4239 4253//4253
f 4254//4254 4240//4240 4202//4202
f 4120//4120 4241//4241 4247//4247
f 4248//4248 4242//4242 4121//4121
f 4124//4124 4243//4243 4241//4241
f 4242//4242 4244//4244 4125//4125
f 4245//4245 4181//4181 4213//4213
f 4214//4214 4182//4182 4246//4246
f 4261//4261 4243//4243 4211//4211
f 4212//4212 4244//4244 4262//4262
f 4263//4263 4211//4211 4245//4245
f 4246//4246 4212//4212 4264//4264
f 4265//4265 4213//4213 4215//4215
f 4216//4216 4214//4214 4266//4266
f 4267//4267 4215//4215 4217//4217
f 4218//4218 4216//4216 4268//4268
f 4269//4269 4217//4217 4219//4219
f 4220//4220 4218//4218 4270//4270
f 4271//4271 4219//4219 4221//4221
f 4222//4222 4220//4220 4272//4272
f 4247//4247 4273//4273 4223//4223
f 4224//4224 4274//4274 4248//4248
f 4225//4225 4251//4251 4199//4199
f 4200//4200 4252//4252 4226//4226
f 4275//4275 4225//4225 4229//4229
f 4230//4230 4226//4226 4276//4276
f 4277//4277 4229//4229 4227//4227
f 4228//4228 4230//4230 4278//4278
f 4249//4249 4279//4279 4231//4231
f 4232//4232 4280//4280 4250//4250
f 4221//4221 4231//4231 4271//4271
f 4272//4272 4232//4232 4222//4222
f 4251//4251 4281//4281 4233//4233
f 4234//4234 4282//4282 4252//4252
f 4233//4233 4283//4283 4249//4249
f 4250//4250 4284//4284 4234//4234
f 4203//4203 4253//4253 4255//4255
f 4256//4256 4254//4254 4204//4204
f 4235//4235 4255//4255 4285//4285
f 4286//4286 4256//4256 4236//4236
f 4285//4285 4227//4227 4235//4235
f 4236//4236 4228//4228 4286//4286
f 4257//4257 4209//4209 4259//4259
f 4260//4260 4210//4210 4258//4258
f 4257//4257 4237//4237 4207//4207
f 4208//4208 4238//4238 4258//4258
f 4259//4259 4223//4223 4273//4273
f 4274//4274 4224//4224 4260//4260
f 4287//4287 4239//4239 4237//4237
f 4238//4238 4240//4240 4288//4288
f 4289//4289 4253//4253 4239//4239
f 4240//4240 4254//4254 4290//4290
f 4291//4291 4247//4247 4241//4241
f 4242//4242 4248//4248 4292//4292
f 4293//4293 4241//4241 4243//4243
f 4244//4244 4242//4242 4294//4294
f 4213//4213 4265//4265 4245//4245
f 4246//4246 4266//4266 4214//4214
f 4243//4243 4261//4261 4293//4293
f 4294//4294 4262//4262 4244//4244
f 4211//4211 4263//4263 4261//4261
f 4262//4262 4264//4264 4212//4212
f 4245//4245 4295//4295 4263//4263
f 4264//4264 4296//4296 4246//4246
f 4215//4215 4267//4267 4265//4265
f 4266//4266 4268//4268 4216//4216
f 4217//4217 4269//4269 4267//4267
f 4268//4268 4270//4270 4218//4218
f 4219//4219 4271//4271 4269//4269
f 4270//4270 4272//4272 4220//4220
f 4273//4273 4247//4247 4297//4297
f 4298//4298 4248//4248 4274//4274
f 4251//4251 4225//4225 4299//4299
f 4300//4300 4226//4226 4252//4252
f 4225//4225 4275//4275 4299//4299
f 4300//4300 4276//4276 4226//4226
f 4229//4229 4277//4277 4275//4275
f 4276//4276 4278//4278 4230//4230
f 4227//4227 4285//4285 4277//4277
f 4278//4278 4286//4286 4228//4228
f 4279//4279 4249//4249 4283//4283
f 4284//4284 4250//4250 4280//4280
f 4279//4279 4271//4271 4231//4231
f 4232//4232 4272//4272 4280//4280
f 4281//4281 4251//4251 4301//4301
f 4302//4302 4252//4252 4282//4282
f 4283//4283 4233//4233 4281//4281
f 4282//4282 4234//4234 4284//4284
f 4303//4303 4255//4255 4253//4253
f 4254//4254 4256//4256 4304//4304
f 4305//4305 4285//4285 4255//4255
f 4256//4256 4286//4286 4306//4306
f 4259//4259 4307//4307 4257//4257
f 4258//4258 4308//4308 4260//4260
f 4237//4237 4257//4257 4287//4287
f 4288//4288 4258//4258 4238//4238
f 4273//4273 4309//4309 4259//4259
f 4260//4260 4310//4310 4274//4274
f 4239//4239 4287//4287 4289//4289
f 4290//4290 4288//4288 4240//4240
f 4253//4253 4289//4289 4303//4303
f 4304//4304 4290//4290 4254//4254
f 4247//4247 4291//4291 4297//4297
f 4298//4298 4292//4292 4248//4248
f 4241//4241 4293//4293 4291//4291
f 4292//4292 4294//4294 4242//4242
f 4295//4295 4245//4245 4265//4265
f 4266//4266 4246//4246 4296//4296
f 4311//4311 4293//4293 4261//4261
f 4262//4262 4294//4294 4312//4312
f 4313//4313 4261//4261 4263//4263
f 4264//4264 4262//4262 4314//4314
f 4315//4315 4263//4263 4295//4295
f 4296//4296 4264//4264 4316//4316
f 4317//4317 4265//4265 4267//4267
f 4268//4268 4266//4266 4318//4318
f 4319//4319 4267//4267 4269//4269
f 4270//4270 4268//4268 4320//4320
f 4321//4321 4269//4269 4271//4271
f 4272//4272 4270//4270 4322//4322
f 4297//4297 4323//4323 4273//4273
f 4274//4274 4324//4324 4298//4298
f 4299//4299 4301//4301 4251//4251
f 4252//4252 4302//4302 4300//4300
f 4325//4325 4299//4299 4275//4275
f 4276//4276 4300//4300 4326//4326
f 4327//4327 4275//4275 4277//4277
f 4278//4278 4276//4276 4328//4328
f 4329//4329 4277//4277 4285//4285
f 4286//4286 4278//4278 4330//4330
f 4283//4283 4331//4331 4279//4279
f 4280//4280 4332//4332 4284//4284
f 4271//4271 4279//4279 4321//4321
f 4322//4322 4280//4280 4272//4272
f 4301//4301 4333//4333 4281//4281
f 4282//4282 4334//4334 4302//4302
f 4281//4281 4335//4335 4283//4283
f 4284//4284 4336//4336 4282//4282
f 4255//4255 4303//4303 4305//4305
f 4306//4306 4304//4304 4256//4256
f 4285//4285 4305//4305 4329//4329
f 4330//4330 4306//4306 4286//4286
f 4307//4307 4259//4259 4309//4309
f 4310//4310 4260//4260 4308//4308
f 4307//4307 4287//4287 4257//4257
f 4258//4258 4288//4288 4308//4308
f 4309//4309 4273//4273 4323//4323
f 4324//4324 4274//4274 4310//4310
f 4337//4337 4289//4289 4287//4287
f 4288//4288 4290//4290 4338//4338
f 4339//4339 4303//4303 4289//4289
f 4290//4290 4304//4304 4340//4340
f 4341//4341 4297//4297 4291//4291
f 4292//4292 4298//4298 4342//4342
f 4343//4343 4291//4291 4293//4293
f 4294//4294 4292//4292 4344//4344
f 4265//4265 4317//4317 4295//4295
f 4296//4296 4318//4318 4266//4266
f 4293//4293 4311//4311 4343//4343
f 4344//4344 4312//4312 4294//4294
f 4261//4261 4313//4313 4311//4311
f 4312//4312 4314//4314 4262//4262
f 4263//4263 4315//4315 4313//4313
f 4314//4314 4316//4316 4264//4264
f 4295//4295 4345//4345 4315//4315
f 4316//4316 4346//4346 4296//4296
f 4267//4267 4319//4319 4317//4317
f 4318//4318 4320//4320 4268//4268
f 4269//4269 4321//4321 4319//4319
f 4320//4320 4322//4322 4270//4270
f 4323//4323 4297//4297 4347//4347
f 4348//4348 4298//4298 4324//4324
f 4301//4301 4299//4299 4349//4349
f 4350//4350 4300//4300 4302//4302
f 4299//4299 4325//4325 4349//4349
f 4350//4350 4326//4326 4300//4300
f 4275//4275 4327//4327 4325//4325
f 4326//4326 4328//4328 4276//4276
f 4277//4277 4329//4329 4327//4327
f 4328//4328 4330//4330 4278//4278
f 4331//4331 4283//4283 4335//4335
f 4336//4336 4284//4284 4332//4332
f 4331//4331 4321//4321 4279//4279
f 4280//4280 4322//4322 4332//4332
f 4333//4333 4301//4301 4351//4351
f 4352//4352 4302//4302 4334//4334
f 4335//4335 4281//4281 4333//4333
f 4334//4334 4282//4282 4336//4336
f 4353//4353 4305//4305 4303//4303
f 4304//4304 4306//4306 4354//4354
f 4355//4355 4329//4329 4305//4305
f 4306//4306 4330//4330 4356//4356
f 4309//4309 4357//4357 4307//4307
f 4308//4308 4358//4358 4310//4310
f 4287//4287 4307//4307 4337//4337
f 4338//4338 4308//4308 4288//4288
f 4323//4323 4359//4359 4309//4309
f 4310//4310 4360//4360 4324//4324
f 4289//4289 4337//4337 4339//4339
f 4340//4340 4338//4338 4290//4290
f 4303//4303 4339//4339 4353//4353
f 4354//4354 4340//4340 4304//4304
f 4297//4297 4341//4341 4347//4347
f 4348//4348 4342//4342 4298//4298
f 4291//4291 4343//4343 4341//4341
f 4342//4342 4344//4344 4292//4292
f 4345//4345 4295//4295 4317//4317
f 4318//4318 4296//4296 4346//4346
f 4361//4361 4343//4343 4311//4311
f 4312//4312 4344//4344 4362//4362
f 4363//4363 4311//4311 4313//4313
f 4314//4314 4312//4312 4364//4364
f 4365//4365 4313//4313 4315//4315
f 4316//4316 4314//4314 4366//4366
f 4367//4367 4315//4315 4345//4345
f 4346//4346 4316//4316 4368//4368
f 4369//4369 4317//4317 4319//4319
f 4320//4320 4318//4318 4370//4370
f 4371//4371 4319//4319 4321//4321
f 4322//4322 4320//4320 4372//4372
f 4347//4347 4373//4373 4323//4323
f 4324//4324 4374//4374 4348//4348
f 4349//4349 4351//4351 4301//4301
f 4302//4302 4352//4352 4350//4350
f 4375//4375 4349//4349 4325//4325
f 4326//4326 4350//4350 4376//4376
f 4377//4377 4325//4325 4327//4327
f 4328//4328 4326//4326 4378//4378
f 4379//4379 4327//4327 4329//4329
f 4330//4330 4328//4328 4380//4380
f 4335//4335 4381//4381 4331//4331
f 4332//4332 4382//4382 4336//4336
f 4321//4321 4331//4331 4371//4371
f 4372//4372 4332//4332 4322//4322
f 4351//4351 4383//4383 4333//4333
f 4334//4334 4384//4384 4352//4352
f 4333//4333 4385//4385 4335//4335
f 4336//4336 4386//4386 4334//4334
f 4305//4305 4353//4353 4355//4355
f 4356//4356 4354//4354 4306//4306
f 4329//4329 4355//4355 4379//4379
f 4380//4380 4356//4356 4330//4330
f 4357//4357 4309//4309 4359//4359
f 4360//4360 4310//4310 4358//4358
f 4357//4357 4337//4337 4307//4307
f 4308//4308 4338//4338 4358//4358
f 4359//4359 4323//4323 4373//4373
f 4374//4374 4324//4324 4360//4360
f 4387//4387 4339//4339 4337//4337
f 4338//4338 4340//4340 4388//4388
f 4389//4389 4353//4353 4339//4339
f 4340//4340 4354//4354 4390//4390
f 4391//4391 4347//4347 4341//4341
f 4342//4342 4348//4348 4392//4392
f 4393//4393 4341//4341 4343//4343
f 4344//4344 4342//4342 4394//4394
f 4317//4317 4369//4369 4345//4345
f 4346//4346 4370//4370 4318//4318
f 4343//4343 4361//4361 4393//4393
f 4394//4394 4362//4362 4344//4344
f 4311//4311 4363//4363 4361//4361
f 4362//4362 4364//4364 4312//4312
f 4313//4313 4365//4365 4363//4363
f 4364//4364 4366//4366 4314//4314
f 4315//4315 4367//4367 4365//4365
f 4366//4366 4368//4368 4316//4316
f 4345//4345 4395//4395 4367//4367
f 4368//4368 4396//4396 4346//4346
f 4319//4319 4371//4371 4369//4369
f 4370//4370 4372//4372 4320//4320
f 4373//4373 4347//4347 4397//4397
f 4398//4398 4348//4348 4374//4374
f 4351//4351 4349//4349 4399//4399
f 4400//4400 4350//4350 4352//4352
f 4349//4349 4375//4375 4399//4399
f 4400//4400 4376//4376 4350//4350
f 4325//4325 4377//4377 4375//4375
f 4376//4376 4378//4378 4326//4326
f 4327//4327 4379//4379 4377//4377
f 4378//4378 4380//4380 4328//4328
f 4381//4381 4335//4335 4385//4385
f 4386//4386 4336//4336 4382//4382
f 4381//4381 4371//4371 4331//4331
f 4332//4332 4372//4372 4382//4382
f 4383//4383 4351//4351 4401//4401
f 4402//4402 4352//4352 4384//4384
f 4385//4385 4333//4333 4383//4383
f 4384//4384 4334//4334 4386//4386
f 4403//4403 4355//4355 4353//4353
f 4354//4354 4356//4356 4404//4404
f 4405//4405 4379//4379 4355//4355
f 4356//4356 4380//4380 4406//4406
f 4359//4359 4407//4407 4357//4357
f 4358//4358 4408//4408 4360//4360
f 4337//4337 4357//4357 4387//4387
f 4388//4388 4358//4358 4338//4338
f 4373//4373 4409//4409 4359//4359
f 4360//4360 4410//4410 4374//4374
f 4339//4339 4387//4387 4389//4389
f 4390//4390 4388//4388 4340//4340
f 4353//4353 4389//4389 4403//4403
f 4404//4404 4390//4390 4354//4354
f 4347//4347 4391//4391 4397//4397
f 4398//4398 4392//4392 4348//4348
f 4341//4341 4393//4393 4391//4391
f 4392//4392 4394//4394 4342//4342
f 4395//4395 4345//4345 4369//4369
f 4370//4370 4346//4346 4396//4396
f 4411//4411 4393//4393 4361//4361
f 4362//4362 4394//4394 4412//4412
f 4413//4413 4361//4361 4363//4363
f 4364//4364 4362//4362 4414//4414
f 4415//4415 4363//4363 4365//4365
f 4366//4366 4364//4364 4416//4416
f 4417//4417 4365//4365 4367//4367
f 4368//4368 4366//4366 4418//4418
f 4419//4419 4367//4367 4395//4395
f 4396//4396 4368//4368 4420//4420
f 4421//4421 4369//4369 4371//4371
f 4372//4372 4370//4370 4422//4422
f 4397//4397 4423//4423 4373//4373
f 4374//4374 4424//4424 4398//4398
f 4399//4399 4401//4401 4351//4351
f 4352//4352 4402//4402 4400//4400
f 4425//4425 4399//4399 4375//4375
f 4376//4376 4400//4400 4426//4426
f 4427//4427 4375//4375 4377//4377
f 4378//4378 4376//4376 4428//4428
f 4429//4429 4377//4377 4379//4379
f 4380//4380 4378//4378 4430//4430
f 4385//4385 4431//4431 4381//4381
f 4382//4382 4432//4432 4386//4386
f 4371//4371 4381//4381 4421//4421
f 4422//4422 4382//4382 4372//4372
f 4401//4401 4433//4433 4383//4383
f 4384//4384 4434//4434 4402//4402
f 4383//4383 4435//4435 4385//4385
f 4386//4386 4436//4436 4384//4384
f 4355//4355 4403//4403 4405//4405
f 4406//4406 4404//4404 4356//4356
f 4379//4379 4405//4405 4429//4429
f 4430//4430 4406//4406 4380//4380
f 4407//4407 4359//4359 4409//4409
f 4410//4410 4360//4360 4408//4408
f 4407//4407 4387//4387 4357//4357
f 4358//4358 4388//4388 4408//4408
f 4409//4409 4373//4373 4423//4423
f 4424//4424 4374//4374 4410//4410
f 4437//4437 4389//4389 4387//4387
f 4388//4388 4390//4390 4438//4438
f 4439//4439 4403//4403 4389//4389
f 4390//4390 4404//4404 4440//4440
f 4441//4441 4397//4397 4391//4391
f 4392//4392 4398//4398 4442//4442
f 4443//4443 4391//4391 4393//4393
f 4394//4394 4392//4392 4444//4444
f 4369//4369 4421//4421 4395//4395
f 4396//4396 4422//4422 4370//4370
f 4393//4393 4411//4411 4443//4443
f 4444//4444 4412//4412 4394//4394
f 4361//4361 4413//4413 4411//4411
f 4412//4412 4414//4414 4362//4362
f 4363//4363 4415//4415 4413//4413
f 4414//4414 4416//4416 4364//4364
f 4365//4365 4417//4417 4415//4415
f 4416//4416 4418//4418 4366//4366
f 4367//4367 4419//4419 4417//4417
f 4418//4418 4420//4420 4368//4368
f 4395//4395 4445//4445 4419//4419
f 4420//4420 4446//4446 4396//4396
f 4423//4423 4397//4397 4447//4447
f 4448//4448 4398//4398 4424//4424
f 4401//4401 4399//4399 4449//4449
f 4450//4450 4400//4400 4402//4402
f 4399//4399 4425//4425 4449//4449
f 4450//4450 4426//4426 4400//4400
f 4375//4375 4427//4427 4425//4425
f 4426//4426 4428//4428 4376//4376
f 4377//4377 4429//4429 4427//4427
f 4428//4428 4430//4430 4378//4378
f 4431//4431 4385//4385 4435//4435
f 4436//4436 4386//4386 4432//4432
f 4431//4431 4421//4421 4381//4381
f 4382//4382 4422//4422 4432//4432
f 4433//4433 4401//4401 4451//4451
f 4452//4452 4402//4402 4434//4434
f 4435//4435 4383//4383 4433//4433
f 4434//4434 4384//4384 4436//4436
f 4453//4453 4405//4405 4403//4403
f 4404//4404 4406//4406 4454//4454
f 4455//4455 4429//4429 4405//4405
f 4406//4406 4430//4430 4456//4456
f 4457//4457 4407//4407 4409//4409
f 4410//4410 4408//4408 4458//4458
f 4387//4387 4407//4407 4437//4437
f 4438//4438 4408//4408 4388//4388
f 4423//4423 4457//4457 4409//4409
f 4410//4410 4458//4458 4424//4424
f 4389//4389 4437//4437 4439//4439
f 4440//4440 4438//4438 4390//4390
f 4403//4403 4439//4439 4453//4453
f 4454//4454 4440//4440 4404//4404
f 4397//4397 4441//4441 4447//4447
f 4448//4448 4442//4442 4398//4398
f 4391//4391 4443//4443 4441//4441
f 4442//4442 4444//4444 4392//4392
f 4445//4445 4395//4395 4421//4421
f 4422//4422 4396//4396 4446//4446
f 4411//4411 4459//4459 4443//4443
f 4444//4444 4460//4460 4412//4412
f 4413//4413 4461//4461 4411//4411
f 4412//4412 4462//4462 4414//4414
f 4463//4463 4413//4413 4415//4415
f 4416//4416 4414//4414 4464//4464
f 4465//4465 4415//4415 4417//4417
f 4418//4418 4416//4416 4466//4466
f 4467//4467 4417//4417 4419//4419
f 4420//4420 4418//4418 4468//4468
f 4469//4469 4419//4419 4445//4445
f 4446//4446 4420//4420 4470//4470
f 4447//4447 4471//4471 4423//4423
f 4424//4424 4472//4472 4448//4448
f 4449//4449 4451//4451 4401//4401
f 4402//4402 4452//4452 4450//4450
f 4473//4473 4449//4449 4425//4425
f 4426//4426 4450//4450 4474//4474
f 4475//4475 4425//4425 4427//4427
f 4428//4428 4426//4426 4476//4476
f 4477//4477 4427//4427 4429//4429
f 4430//4430 4428//4428 4478//4478
f 4479//4479 4431//4431 4435//4435
f 4436//4436 4432//4432 4480//4480
f 4421//4421 4431//4431 4445//4445
f 4446//4446 4432//4432 4422//4422
f 4451//4451 4481//4481 4433//4433
f 4434//4434 4482//4482 4452//4452
f 4433//4433 4479//4479 4435//4435
f 4436//4436 4480//4480 4434//4434
f 4405//4405 4453//4453 4455//4455
f 4456//4456 4454//4454 4406//4406
f 4429//4429 4455//4455 4477//4477
f 4478//4478 4456//4456 4430//4430
f 4407//4407 4457//4457 4483//4483
f 4484//4484 4458//4458 4408//4408
f 4483//4483 4437//4437 4407//4407
f 4408//4408 4438//4438 4484//4484
f 4457//4457 4423//4423 4471//4471
f 4472//4472 4424//4424 4458//4458
f 4485//4485 4439//4439 4437//4437
f 4438//4438 4440//4440 4486//4486
f 4487//4487 4453//4453 4439//4439
f 4440//4440 4454//4454 4488//4488
f 4489//4489 4447//4447 4441//4441
f 4442//4442 4448//4448 4490//4490
f 4459//4459 4441//4441 4443//4443
f 4444//4444 4442//4442 4460//4460
f 4459//4459 4411//4411 4461//4461
f 4462//4462 4412//4412 4460//4460
f 4461//4461 4413//4413 4491//4491
f 4492//4492 4414//4414 4462//4462
f 4413//4413 4463//4463 4491//4491
f 4492//4492 4464//4464 4414//4414
f 4415//4415 4465//4465 4463//4463
f 4464//4464 4466//4466 4416//4416
f 4417//4417 4467//4467 4465//4465
f 4466//4466 4468//4468 4418//4418
f 4419//4419 4469//4469 4467//4467
f 4468//4468 4470//4470 4420//4420
f 4445//4445 4493//4493 4469//4469
f 4470//4470 4494//4494 4446//4446
f 4471//4471 4447//4447 4495//4495
f 4496//4496 4448//4448 4472//4472
f 4451//4451 4449//4449 4497//4497
f 4498//4498 4450//4450 4452//4452
f 4449//4449 4473//4473 4497//4497
f 4498//4498 4474//4474 4450//4450
f 4425//4425 4475//4475 4473//4473
f 4474//4474 4476//4476 4426//4426
f 4427//4427 4477//4477 4475//4475
f 4476//4476 4478//4478 4428//4428
f 4431//4431 4479//4479 4493//4493
f 4494//4494 4480//4480 4432//4432
f 4493//4493 4445//4445 4431//4431
f 4432//4432 4446//4446 4494//4494
f 4481//4481 4451//4451 4499//4499
f 4500//4500 4452//4452 4482//4482
f 4479//4479 4433//4433 4481//4481
f 4482//4482 4434//4434 4480//4480
f 4501//4501 4455//4455 4453//4453
f 4454//4454 4456//4456 4502//4502
f 4503//4503 4477//4477 4455//4455
f 4456//4456 4478//4478 4504//4504
f 4505//4505 4483//4483 4457//4457
f 4458//4458 4484//4484 4506//4506
f 4437//4437 4483//4483 4485//4485
f 4486//4486 4484//4484 4438//4438
f 4507//4507 4457//4457 4471//4471
f 4472//4472 4458//4458 4508//4508
f 4439//4439 4485//4485 4487//4487
f 4488//4488 4486//4486 4440//4440
f 4453//4453 4487//4487 4501//4501
f 4502//4502 4488//4488 4454//4454
f 4447//4447 4489//4489 4495//4495
f 4496//4496 4490//4490 4448//4448
f 4441//4441 4459//4459 4489//4489
f 4490//4490 4460//4460 4442//4442
f 4461//4461 4509//4509 4459//4459
f 4460//4460 4510//4510 4462//4462
f 4491//4491 4511//4511 4461//4461
f 4462//4462 4512//4512 4492//4492
f 4463//4463 4513//4513 4491//4491
f 4492//4492 4514//4514 4464//4464
f 4465//4465 4515//4515 4463//4463
f 4464//4464 4516//4516 4466//4466
f 4517//4517 4465//4465 4467//4467
f 4468//4468 4466//4466 4518//4518
f 4519//4519 4467//4467 4469//4469
f 4470//4470 4468//4468 4520//4520
f 4521//4521 4469//4469 4493//4493
f 4494//4494 4470//4470 4522//4522
f 4523//4523 4471//4471 4495//4495
f 4496//4496 4472//4472 4524//4524
f 4497//4497 4499//4499 4451//4451
f 4452//4452 4500//4500 4498//4498
f 4525//4525 4497//4497 4473//4473
f 4474//4474 4498//4498 4526//4526
f 4475//4475 4525//4525 4473//4473
f 4474//4474 4526//4526 4476//4476
f 4477//4477 4527//4527 4475//4475
f 4476//4476 4528//4528 4478//4478
f 4529//4529 4493//4493 4479//4479
f 4480//4480 4494//4494 4530//4530
f 4531//4531 4481//4481 4499//4499
f 4500//4500 4482//4482 4532//4532
f 4533//4533 4479//4479 4481//4481
f 4482//4482 4480//4480 4534//4534
f 4455//4455 4501//4501 4503//4503
f 4504//4504 4502//4502 4456//4456
f 4477//4477 4503//4503 4535//4535
f 4536//4536 4504//4504 4478//4478
f 4483//4483 4505//4505 4537//4537
f 4538//4538 4506//4506 4484//4484
f 4457//4457 4507//4507 4505//4505
f 4506//4506 4508//4508 4458//4458
f 4537//4537 4485//4485 4483//4483
f 4484//4484 4486//4486 4538//4538
f 4471//4471 4523//4523 4507//4507
f 4508//4508 4524//4524 4472//4472
f 4539//4539 4487//4487 4485//4485
f 4486//4486 4488//4488 4540//4540
f 4487//4487 4541//4541 4501//4501
f 4502//4502 4542//4542 4488//4488
f 4489//4489 4523//4523 4495//4495
f 4496//4496 4524//4524 4490//4490
f 4459//4459 4543//4543 4489//4489
f 4490//4490 4544//4544 4460//4460
f 4509//4509 4461//4461 4511//4511
f 4512//4512 4462//4462 4510//4510
f 4543//4543 4459//4459 4509//4509
f 4510//4510 4460//4460 4544//4544
f 4511//4511 4491//4491 4513//4513
f 4514//4514 4492//4492 4512//4512
f 4513//4513 4463//4463 4515//4515
f 4516//4516 4464//4464 4514//4514
f 4515//4515 4465//4465 4545//4545
f 4546//4546 4466//4466 4516//4516
f 4465//4465 4517//4517 4545//4545
f 4546//4546 4518//4518 4466//4466
f 4467//4467 4519//4519 4517//4517
f 4518//4518 4520//4520 4468//4468
f 4469//4469 4521//4521 4519//4519
f 4520//4520 4522//4522 4470//4470
f 4493//4493 4529//4529 4521//4521
f 4522//4522 4530//4530 4494//4494
f 4499//4499 4497//4497 4547//4547
f 4548//4548 4498//4498 4500//4500
f 4497//4497 4525//4525 4547//4547
f 4548//4548 4526//4526 4498//4498
f 4525//4525 4475//4475 4527//4527
f 4528//4528 4476//4476 4526//4526
f 4527//4527 4477//4477 4535//4535
f 4536//4536 4478//4478 4528//4528
f 4479//4479 4533//4533 4529//4529
f 4530//4530 4534//4534 4480//4480
f 4481//4481 4531//4531 4533//4533
f 4534//4534 4532//4532 4482//4482
f 4547//4547 4531//4531 4499//4499
f 4500//4500 4532//4532 4548//4548
f 4501//4501 4549//4549 4503//4503
f 4504//4504 4550//4550 4502//4502
f 4503//4503 4551//4551 4535//4535
f 4536//4536 4552//4552 4504//4504
f 4553//4553 4537//4537 4505//4505
f 4506//4506 4538//4538 4554//4554
f 4555//4555 4505//4505 4507//4507
f 4508//4508 4506//4506 4556//4556
f 4485//4485 4537//4537 4539//4539
f 4540//4540 4538//4538 4486//4486
f 4557//4557 4507//4507 4523//4523
f 4524//4524 4508//4508 4558//4558
f 4487//4487 4539//4539 4559//4559
f 4560//4560 4540//4540 4488//4488
f 4541//4541 4487//4487 4559//4559
f 4560//4560 4488//4488 4542//4542
f 4549//4549 4501//4501 4541//4541
f 4542//4542 4502//4502 4550//4550
f 4523//4523 4489//4489 4543//4543
f 4544//4544 4490//4490 4524//4524
f 4511//4511 4561//4561 4509//4509
f 4510//4510 4562//4562 4512//4512
f 4509//4509 4563//4563 4543//4543
f 4544//4544 4564//4564 4510//4510
f 4513//4513 4565//4565 4511//4511
f 4512//4512 4566//4566 4514//4514
f 4515//4515 4567//4567 4513//4513
f 4514//4514 4568//4568 4516//4516
f 4545//4545 4569//4569 4515//4515
f 4516//4516 4570//4570 4546//4546
f 4571//4571 4545//4545 4517//4517
f 4518//4518 4546//4546 4572//4572
f 4573//4573 4517//4517 4519//4519
f 4520//4520 4518//4518 4574//4574
f 4575//4575 4519//4519 4521//4521
f 4522//4522 4520//4520 4576//4576
f 4577//4577 4521//4521 4529//4529
f 4530//4530 4522//4522 4578//4578
f 4525//4525 4579//4579 4547//4547
f 4548//4548 4580//4580 4526//4526
f 4527//4527 4581//4581 4525//4525
f 4526//4526 4582//4582 4528//4528
f 4535//4535 4583//4583 4527//4527
f 4528//4528 4584//4584 4536//4536
f 4585//4585 4529//4529 4533//4533
f 4534//4534 4530//4530 4586//4586
f 4587//4587 4533//4533 4531//4531
f 4532//4532 4534//4534 4588//4588
f 4531//4531 4547//4547 4579//4579
f 4580//4580 4548//4548 4532//4532
f 4551//4551 4503//4503 4549//4549
f 4550//4550 4504//4504 4552//4552
f 4583//4583 4535//4535 4551//4551
f 4552//4552 4536//4536 4584//4584
f 4537//4537 4553//4553 4589//4589
f 4590//4590 4554//4554 4538//4538
f 4505//4505 4555//4555 4553//4553
f 4554//4554 4556//4556 4506//4506
f 4507//4507 4557//4557 4555//4555
f 4556//4556 4558//4558 4508//4508
f 4589//4589 4539//4539 4537//4537
f 4538//4538 4540//4540 4590//4590
f 4543//4543 4557//4557 4523//4523
f 4524//4524 4558//4558 4544//4544
f 4591//4591 4559//4559 4539//4539
f 4540//4540 4560//4560 4592//4592
f 4559//4559 4593//4593 4541//4541
f 4542//4542 4594//4594 4560//4560
f 4541//4541 4595//4595 4549//4549
f 4550//4550 4596//4596 4542//4542
f 4561//4561 4511//4511 4565//4565
f 4566//4566 4512//4512 4562//4562
f 4563//4563 4509//4509 4561//4561
f 4562//4562 4510//4510 4564//4564
f 4557//4557 4543//4543 4563//4563
f 4564//4564 4544//4544 4558//4558
f 4565//4565 4513//4513 4567//4567
f 4568//4568 4514//4514 4566//4566
f 4567//4567 4515//4515 4569//4569
f 4570//4570 4516//4516 4568//4568
f 4569//4569 4545//4545 4597//4597
f 4598//4598 4546//4546 4570//4570
f 4545//4545 4571//4571 4597//4597
f 4598//4598 4572//4572 4546//4546
f 4517//4517 4573//4573 4571//4571
f 4572//4572 4574//4574 4518//4518
f 4519//4519 4575//4575 4573//4573
f 4574//4574 4576//4576 4520//4520
f 4521//4521 4577//4577 4575//4575
f 4576//4576 4578//4578 4522//4522
f 4529//4529 4585//4585 4577//4577
f 4578//4578 4586//4586 4530//4530
f 4579//4579 4525//4525 4581//4581
f 4582//4582 4526//4526 4580//4580
f 4581//4581 4527//4527 4583//4583
f 4584//4584 4528//4528 4582//4582
f 4533//4533 4587//4587 4585//4585
f 4586//4586 4588//4588 4534//4534
f 4579//4579 4587//4587 4531//4531
f 4532//4532 4588//4588 4580//4580
f 4549//4549 4599//4599 4551//4551
f 4552//4552 4600//4600 4550//4550
f 4551//4551 4601//4601 4583//4583
f 4584//4584 4602//4602 4552//4552
f 4603//4603 4589//4589 4553//4553
f 4554//4554 4590//4590 4604//4604
f 4605//4605 4553//4553 4555//4555
f 4556//4556 4554//4554 4606//4606
f 4607//4607 4555//4555 4557//4557
f 4558//4558 4556//4556 4608//4608
f 4539//4539 4589//4589 4591//4591
f 4592//4592 4590//4590 4540//4540
f 4559//4559 4591//4591 4609//4609
f 4610//4610 4592//4592 4560//4560
f 4593//4593 4559//4559 4609//4609
f 4610//4610 4560//4560 4594//4594
f 4595//4595 4541//4541 4593//4593
f 4594//4594 4542//4542 4596//4596
f 4599//4599 4549//4549 4595//4595
f 4596//4596 4550//4550 4600//4600
f 4565//4565 4611//4611 4561//4561
f 4562//4562 4612//4612 4566//4566
f 4561//4561 4613//4613 4563//4563
f 4564//4564 4614//4614 4562//4562
f 4563//4563 4607//4607 4557//4557
f 4558//4558 4608//4608 4564//4564
f 4567//4567 4615//4615 4565//4565
f 4566//4566 4616//4616 4568//4568
f 4569//4569 4617//4617 4567//4567
f 4568//4568 4618//4618 4570//4570
f 4597//4597 4619//4619 4569//4569
f 4570//4570 4620//4620 4598//4598
f 4621//4621 4597//4597 4571//4571
f 4572//4572 4598//4598 4622//4622
f 4623//4623 4571//4571 4573//4573
f 4574//4574 4572//4572 4624//4624
f 4625//4625 4573//4573 4575//4575
f 4576//4576 4574//4574 4626//4626
f 4627//4627 4575//4575 4577//4577
f 4578//4578 4576//4576 4628//4628
f 4629//4629 4577//4577 4585//4585
f 4586//4586 4578//4578 4630//4630
f 4581//4581 4631//4631 4579//4579
f 4580//4580 4632//4632 4582//4582
f 4583//4583 4633//4633 4581//4581
f 4582//4582 4634//4634 4584//4584
f 4635//4635 4585//4585 4587//4587
f 4588//4588 4586//4586 4636//4636
f 4587//4587 4579//4579 4631//4631
f 4632//4632 4580//4580 4588//4588
f 4601//4601 4551//4551 4599//4599
f 4600//4600 4552//4552 4602//4602
f 4633//4633 4583//4583 4601//4601
f 4602//4602 4584//4584 4634//4634
f 4589//4589 4603//4603 4637//4637
f 4638//4638 4604//4604 4590//4590
f 4553//4553 4605//4605 4603//4603
f 4604//4604 4606//4606 4554//4554
f 4555//4555 4607//4607 4605//4605
f 4606//4606 4608//4608 4556//4556
f 4637//4637 4591//4591 4589//4589
f 4590//4590 4592//4592 4638//4638
f 4639//4639 4609//4609 4591//4591
f 4592//4592 4610//4610 4640//4640
f 4609//4609 4641//4641 4593//4593
f 4594//4594 4642//4642 4610//4610
f 4593//4593 4643//4643 4595//4595
f 4596//4596 4644//4644 4594//4594
f 4595//4595 4645//4645 4599//4599
f 4600//4600 4646//4646 4596//4596
f 4611//4611 4565//4565 4615//4615
f 4616//4616 4566//4566 4612//4612
f 4613//4613 4561//4561 4611//4611
f 4612//4612 4562//4562 4614//4614
f 4607//4607 4563//4563 4613//4613
f 4614//4614 4564//4564 4608//4608
f 4615//4615 4567//4567 4617//4617
f 4618//4618 4568//4568 4616//4616
f 4617//4617 4569//4569 4619//4619
f 4620//4620 4570//4570 4618//4618
f 4619//4619 4597//4597 4647//4647
f 4648//4648 4598//4598 4620//4620
f 4597//4597 4621//4621 4647//4647
f 4648//4648 4622//4622 4598//4598
f 4571//4571 4623//4623 4621//4621
f 4622//4622 4624//4624 4572//4572
f 4573//4573 4625//4625 4623//4623
f 4624//4624 4626//4626 4574//4574
f 4575//4575 4627//4627 4625//4625
f 4626//4626 4628//4628 4576//4576
f 4577//4577 4629//4629 4627//4627
f 4628//4628 4630//4630 4578//4578
f 4585//4585 4635//4635 4629//4629
f 4630//4630 4636//4636 4586//4586
f 4631//4631 4581//4581 4633//4633
f 4634//4634 4582//4582 4632//4632
f 4631//4631 4635//4635 4587//4587
f 4588//4588 4636//4636 4632//4632
f 4599//4599 4649//4649 4601//4601
f 4602//4602 4650//4650 4600//4600
f 4601//4601 4651//4651 4633//4633
f 4634//4634 4652//4652 4602//4602
f 4653//4653 4637//4637 4603//4603
f 4604//4604 4638//4638 4654//4654
f 4655//4655 4603//4603 4605//4605
f 4606//4606 4604//4604 4656//4656
f 4657//4657 4605//4605 4607//4607
f 4608//4608 4606//4606 4658//4658
f 4591//4591 4637//4637 4639//4639
f 4640//4640 4638//4638 4592//4592
f 4609//4609 4639//4639 4659//4659
f 4660//4660 4640//4640 4610//4610
f 4641//4641 4609//4609 4659//4659
f 4660//4660 4610//4610 4642//4642
f 4643//4643 4593//4593 4641//4641
f 4642//4642 4594//4594 4644//4644
f 4645//4645 4595//4595 4643//4643
f 4644//4644 4596//4596 4646//4646
f 4649//4649 4599//4599 4645//4645
f 4646//4646 4600//4600 4650//4650
f 4615//4615 4661//4661 4611//4611
f 4612//4612 4662//4662 4616//4616
f 4611//4611 4663//4663 4613//4613
f 4614//4614 4664//4664 4612//4612
f 4613//4613 4657//4657 4607//4607
f 4608//4608 4658//4658 4614//4614
f 4617//4617 4665//4665 4615//4615
f 4616//4616 4666//4666 4618//4618
f 4619//4619 4667//4667 4617//4617
f 4618//4618 4668//4668 4620//4620
f 4647//4647 4669//4669 4619//4619
f 4620//4620 4670//4670 4648//4648
f 4671//4671 4647//4647 4621//4621
f 4622//4622 4648//4648 4672//4672
f 4673//4673 4621//4621 4623//4623
f 4624//4624 4622//4622 4674//4674
f 4675//4675 4623//4623 4625//4625
f 4626//4626 4624//4624 4676//4676
f 4677//4677 4625//4625 4627//4627
f 4628//4628 4626//4626 4678//4678
f 4679//4679 4627//4627 4629//4629
f 4630//4630 4628//4628 4680//4680
f 4681//4681 4629//4629 4635//4635
f 4636//4636 4630//4630 4682//4682
f 4633//4633 4683//4683 4631//4631
f 4632//4632 4684//4684 4634//4634
f 4635//4635 4631//4631 4683//4683
f 4684//4684 4632//4632 4636//4636
f 4651//4651 4601//4601 4649//4649
f 4650//4650 4602//4602 4652//4652
f 4683//4683 4633//4633 4651//4651
f 4652//4652 4634//4634 4684//4684
f 4637//4637 4653//4653 4685//4685
f 4686//4686 4654//4654 4638//4638
f 4603//4603 4655//4655 4653//4653
f 4654//4654 4656//4656 4604//4604
f 4605//4605 4657//4657 4655//4655
f 4656//4656 4658//4658 4606//4606
f 4685//4685 4639//4639 4637//4637
f 4638//4638 4640//4640 4686//4686
f 4687//4687 4659//4659 4639//4639
f 4640//4640 4660//4660 4688//4688
f 4659//4659 4689//4689 4641//4641
f 4642//4642 4690//4690 4660//4660
f 4641//4641 4691//4691 4643//4643
f 4644//4644 4692//4692 4642//4642
f 4643//4643 4693//4693 4645//4645
f 4646//4646 4694//4694 4644//4644
f 4645//4645 4695//4695 4649//4649
f 4650//4650 4696//4696 4646//4646
f 4661//4661 4615//4615 4665//4665
f 4666//4666 4616//4616 4662//4662
f 4663//4663 4611//4611 4661//4661
f 4662//4662 4612//4612 4664//4664
f 4657//4657 4613//4613 4663//4663
f 4664//4664 4614//4614 4658//4658
f 4665//4665 4617//4617 4667//4667
f 4668//4668 4618//4618 4666//4666
f 4667//4667 4619//4619 4669//4669
f 4670//4670 4620//4620 4668//4668
f 4669//4669 4647//4647 4697//4697
f 4698//4698 4648//4648 4670//4670
f 4647//4647 4671//4671 4697//4697
f 4698//4698 4672//4672 4648//4648
f 4621//4621 4673//4673 4671//4671
f 4672//4672 4674//4674 4622//4622
f 4623//4623 4675//4675 4673//4673
f 4674//4674 4676//4676 4624//4624
f 4625//4625 4677//4677 4675//4675
f 4676//4676 4678//4678 4626//4626
f 4627//4627 4679//4679 4677//4677
f 4678//4678 4680//4680 4628//4628
f 4629//4629 4681//4681 4679//4679
f 4680//4680 4682//4682 4630//4630
f 4683//4683 4681//4681 4635//4635
f 4636//4636 4682//4682 4684//4684
f 4649//4649 4699//4699 4651//4651
f 4652//4652 4700//4700 4650//4650
f 4651//4651 4701//4701 4683//4683
f 4684//4684 4702//4702 4652//4652
f 4703//4703 4685//4685 4653//4653
f 4654//4654 4686//4686 4704//4704
f 4705//4705 4653//4653 4655//4655
f 4656//4656 4654//4654 4706//4706
f 4707//4707 4655//4655 4657//4657
f 4658//4658 4656//4656 4708//4708
f 4639//4639 4685//4685 4687//4687
f 4688//4688 4686//4686 4640//4640
f 4659//4659 4687//4687 4709//4709
f 4710//4710 4688//4688 4660//4660
f 4689//4689 4659//4659 4709//4709
f 4710//4710 4660//4660 4690//4690
f 4691//4691 4641//4641 4689//4689
f 4690//4690 4642//4642 4692//4692
f 4693//4693 4643//4643 4691//4691
f 4692//4692 4644//4644 4694//4694
f 4695//4695 4645//4645 4693//4693
f 4694//4694 4646//4646 4696//4696
f 4699//4699 4649//4649 4695//4695
f 4696//4696 4650//4650 4700//4700
f 4665//4665 4711//4711 4661//4661
f 4662//4662 4712//4712 4666//4666
f 4661//4661 4713//4713 4663//4663
f 4664//4664 4714//4714 4662//4662
f 4663//4663 4707//4707 4657//4657
f 4658//4658 4708//4708 4664//4664
f 4667//4667 4715//4715 4665//4665
f 4666//4666 4716//4716 4668//4668
f 4669//4669 4717//4717 4667//4667
f 4668//4668 4718//4718 4670//4670
f 4697//4697 4719//4719 4669//4669
f 4670//4670 4720//4720 4698//4698
f 4721//4721 4697//4697 4671//4671
f 4672//4672 4698//4698 4722//4722
f 4723//4723 4671//4671 4673//4673
f 4674//4674 4672//4672 4724//4724
f 4725//4725 4673//4673 4675//4675
f 4676//4676 4674//4674 4726//4726
f 4727//4727 4675//4675 4677//4677
f 4678//4678 4676//4676 4728//4728
f 4729//4729 4677//4677 4679//4679
f 4680//4680 4678//4678 4730//4730
f 4731//4731 4679//4679 4681//4681
f 4682//4682 4680//4680 4732//4732
f 4681//4681 4683//4683 4701//4701
f 4702//4702 4684//4684 4682//4682
f 4701//4701 4651//4651 4699//4699
f 4700//4700 4652//4652 4702//4702
f 4685//4685 4703//4703 4733//4733
f 4734//4734 4704//4704 4686//4686
f 4653//4653 4705//4705 4703//4703
f 4704//4704 4706//4706 4654//4654
f 4655//4655 4707//4707 4705//4705
f 4706//4706 4708//4708 4656//4656
f 4733//4733 4687//4687 4685//4685
f 4686//4686 4688//4688 4734//4734
f 4735//4735 4709//4709 4687//4687
f 4688//4688 4710//4710 4736//4736
f 4709//4709 4737//4737 4689//4689
f 4690//4690 4738//4738 4710//4710
f 4689//4689 4739//4739 4691//4691
f 4692//4692 4740//4740 4690//4690
f 4691//4691 4741//4741 4693//4693
f 4694//4694 4742//4742 4692//4692
f 4693//4693 4743//4743 4695//4695
f 4696//4696 4744//4744 4694//4694
f 4695//4695 4745//4745 4699//4699
f 4700//4700 4746//4746 4696//4696
f 4711//4711 4665//4665 4715//4715
f 4716//4716 4666//4666 4712//4712
f 4713//4713 4661//4661 4711//4711
f 4712//4712 4662//4662 4714//4714
f 4707//4707 4663//4663 4713//4713
f 4714//4714 4664//4664 4708//4708
f 4715//4715 4667//4667 4717//4717
f 4718//4718 4668//4668 4716//4716
f 4717//4717 4669//4669 4719//4719
f 4720//4720 4670//4670 4718//4718
f 4719//4719 4697//4697 4747//4747
f 4748//4748 4698//4698 4720//4720
f 4697//4697 4721//4721 4747//4747
f 4748//4748 4722//4722 4698//4698
f 4671//4671 4723//4723 4721//4721
f 4722//4722 4724//4724 4672//4672
f 4673//4673 4725//4725 4723//4723
f 4724//4724 4726//4726 4674//4674
f 4675//4675 4727//4727 4725//4725
f 4726//4726 4728//4728 4676//4676
f 4677//4677 4729//4729 4727//4727
f 4728//4728 4730//4730 4678//4678
f 4679//4679 4731//4731 4729//4729
f 4730//4730 4732//4732 4680//4680
f 4701//4701 4731//4731 4681//4681
f 4682//4682 4732//4732 4702//4702
f 4699//4699 4749//4749 4701//4701
f 4702//4702 4750//4750 4700//4700
f 4751//4751 4733//4733 4703//4703
f 4704//4704 4734//4734 4752//4752
f 4753//4753 4703//4703 4705//4705
f 4706//4706 4704//4704 4754//4754
f 4755//4755 4705//4705 4707//4707
f 4708//4708 4706//4706 4756//4756
f 4687//4687 4733//4733 4735//4735
f 4736//4736 4734//4734 4688//4688
f 4709//4709 4735//4735 4757//4757
f 4758//4758 4736//4736 4710//4710
f 4737//4737 4709//4709 4757//4757
f 4758//4758 4710//4710 4738//4738
f 4739//4739 4689//4689 4737//4737
f 4738//4738 4690//4690 4740//4740
f 4741//4741 4691//4691 4739//4739
f 4740//4740 4692//4692 4742//4742
f 4743//4743 4693//4693 4741//4741
f 4742//4742 4694//4694 4744//4744
f 4745//4745 4695//4695 4743//4743
f 4744//4744 4696//4696 4746//4746
f 4749//4749 4699//4699 4745//4745
f 4746//4746 4700//4700 4750//4750
f 4715//4715 4759//4759 4711//4711
f 4712//4712 4760//4760 4716//4716
f 4711//4711 4761//4761 4713//4713
f 4714//4714 4762//4762 4712//4712
f 4713//4713 4755//4755 4707//4707
f 4708//4708 4756//4756 4714//4714
f 4717//4717 4763//4763 4715//4715
f 4716//4716 4764//4764 4718//4718
f 4719//4719 4765//4765 4717//4717
f 4718//4718 4766//4766 4720//4720
f 4747//4747 4767//4767 4719//4719
f 4720//4720 4768//4768 4748//4748
f 4769//4769 4747//4747 4721//4721
f 4722//4722 4748//4748 4770//4770
f 4771//4771 4721//4721 4723//4723
f 4724//4724 4722//4722 4772//4772
f 4773//4773 4723//4723 4725//4725
f 4726//4726 4724//4724 4774//4774
f 4775//4775 4725//4725 4727//4727
f 4728//4728 4726//4726 4776//4776
f 4777//4777 4727//4727 4729//4729
f 4730//4730 4728//4728 4778//4778
f 4779//4779 4729//4729 4731//4731
f 4732//4732 4730//4730 4780//4780
f 4731//4731 4701//4701 4749//4749
f 4750//4750 4702//4702 4732//4732
f 4733//4733 4751//4751 4781//4781
f 4782//4782 4752//4752 4734//4734
f 4703//4703 4753//4753 4751//4751
f 4752//4752 4754//4754 4704//4704
f 4705//4705 4755//4755 4753//4753
f 4754//4754 4756//4756 4706//4706
f 4781//4781 4735//4735 4733//4733
f 4734//4734 4736//4736 4782//4782
f 4783//4783 4757//4757 4735//4735
f 4736//4736 4758//4758 4784//4784
f 4757//4757 4785//4785 4737//4737
f 4738//4738 4786//4786 4758//4758
f 4737//4737 4787//4787 4739//4739
f 4740//4740 4788//4788 4738//4738
f 4739//4739 4789//4789 4741//4741
f 4742//4742 4790//4790 4740//4740
f 4741//4741 4791//4791 4743//4743
f 4744//4744 4792//4792 4742//4742
f 4743//4743 4793//4793 4745//4745
f 4746//4746 4794//4794 4744//4744
f 4745//4745 4795//4795 4749//4749
f 4750//4750 4796//4796 4746//4746
f 4759//4759 4715//4715 4763//4763
f 4764//4764 4716//4716 4760//4760
f 4761//4761 4711//4711 4759//4759
f 4760//4760 4712//4712 4762//4762
f 4755//4755 4713//4713 4761//4761
f 4762//4762 4714//4714 4756//4756
f 4763//4763 4717//4717 4765//4765
f 4766//4766 4718//4718 4764//4764
f 4765//4765 4719//4719 4767//4767
f 4768//4768 4720//4720 4766//4766
f 4767//4767 4747//4747 4797//4797
f 4798//4798 4748//4748 4768//4768
f 4747//4747 4769//4769 4797//4797
f 4798//4798 4770//4770 4748//4748
f 4721//4721 4771//4771 4769//4769
f 4770//4770 4772//4772 4722//4722
f 4723//4723 4773//4773 4771//4771
f 4772//4772 4774//4774 4724//4724
f 4725//4725 4775//4775 4773//4773
f 4774//4774 4776//4776 4726//4726
f 4727//4727 4777//4777 4775//4775
f 4776//4776 4778//4778 4728//4728
f 4729//4729 4779//4779 4777//4777
f 4778//4778 4780//4780 4730//4730
f 4749//4749 4779//4779 4731//4731
f 4732//4732 4780//4780 4750//4750
f 4799//4799 4781//4781 4751//4751
f 4752//4752 4782//4782 4800//4800
f 4801//4801 4751//4751 4753//4753
f 4754//4754 4752//4752 4802//4802
f 4761//4761 4753//4753 4755//4755
f 4756//4756 4754//4754 4762//4762
f 4735//4735 4781//4781 4783//4783
f 4784//4784 4782//4782 4736//4736
f 4757//4757 4783//4783 4803//4803
f 4804//4804 4784//4784 4758//4758
f 4785//4785 4757//4757 4803//4803
f 4804//4804 4758//4758 4786//4786
f 4787//4787 4737//4737 4785//4785
f 4786//4786 4738//4738 4788//4788
f 4789//4789 4739//4739 4787//4787
f 4788//4788 4740//4740 4790//4790
f 4791//4791 4741//4741 4789//4789
f 4790//4790 4742//4742 4792//4792
f 4793//4793 4743//4743 4791//4791
f 4792//4792 4744//4744 4794//4794
f 4795//4795 4745//4745 4793//4793
f 4794//4794 4746//4746 4796//4796
f 4779//4779 4749//4749 4795//4795
f 4796//4796 4750//4750 4780//4780
f 4763//4763 4805//4805 4759//4759
f 4760//4760 4806//4806 4764//4764
f 4759//4759 4807//4807 4761//4761
f 4762//4762 4808//4808 4760//4760
f 4765//4765 4809//4809 4763//4763
f 4764//4764 4810//4810 4766//4766
f 4767//4767 4811//4811 4765//4765
f 4766//4766 4812//4812 4768//4768
f 4797//4797 4813//4813 4767//4767
f 4768//4768 4814//4814 4798//4798
f 4769//4769 4815//4815 4797//4797
f 4798//4798 4816//4816 4770//4770
f 4771//4771 4817//4817 4769//4769
f 4770//4770 4818//4818 4772//4772
f 4773//4773 4819//4819 4771//4771
f 4772//4772 4820//4820 4774//4774
f 4775//4775 4821//4821 4773//4773
f 4774//4774 4822//4822 4776//4776
f 4777//4777 4823//4823 4775//4775
f 4776//4776 4824//4824 4778//4778
f 4795//4795 4777//4777 4779//4779
f 4780//4780 4778//4778 4796//4796
f 4825//4825 4781//4781 4799//4799
f 4800//4800 4782//4782 4826//4826
f 4799//4799 4751//4751 4801//4801
f 4802//4802 4752//4752 4800//4800
f 4801//4801 4753//4753 4827//4827
f 4828//4828 4754//4754 4802//4802
f 4761//4761 4827//4827 4753//4753
f 4754//4754 4828//4828 4762//4762
f 4825//4825 4783//4783 4781//4781
f 4782//4782 4784//4784 4826//4826
f 4829//4829 4803//4803 4783//4783
f 4784//4784 4804//4804 4830//4830
f 4831//4831 4785//4785 4803//4803
f 4804//4804 4786//4786 4832//4832
f 4833//4833 4787//4787 4785//4785
f 4786//4786 4788//4788 4834//4834
f 4835//4835 4789//4789 4787//4787
f 4788//4788 4790//4790 4836//4836
f 4837//4837 4791//4791 4789//4789
f 4790//4790 4792//4792 4838//4838
f 4839//4839 4793//4793 4791//4791
f 4792//4792 4794//4794 4840//4840
f 4841//4841 4795//4795 4793//4793
f 4794//4794 4796//4796 4842//4842
f 4763//4763 4809//4809 4805//4805
f 4806//4806 4810//4810 4764//4764
f 4759//4759 4805//4805 4807//4807
f 4808//4808 4806//4806 4760//4760
f 4761//4761 4807//4807 4827//4827
f 4828//4828 4808//4808 4762//4762
f 4765//4765 4811//4811 4809//4809
f 4810//4810 4812//4812 4766//4766
f 4767//4767 4813//4813 4811//4811
f 4812//4812 4814//4814 4768//4768
f 4797//4797 4815//4815 4813//4813
f 4814//4814 4816//4816 4798//4798
f 4769//4769 4843//4843 4815//4815
f 4816//4816 4844//4844 4770//4770
f 4771//4771 4819//4819 4817//4817
f 4818//4818 4820//4820 4772//4772
f 4769//4769 4817//4817 4843//4843
f 4844//4844 4818//4818 4770//4770
f 4773//4773 4821//4821 4819//4819
f 4820//4820 4822//4822 4774//4774
f 4775//4775 4823//4823 4821//4821
f 4822//4822 4824//4824 4776//4776
f 4777//4777 4845//4845 4823//4823
f 4824//4824 4846//4846 4778//4778
f 4777//4777 4795//4795 4845//4845
f 4846//4846 4796//4796 4778//4778
f 4805//4805 4825//4825 4799//4799
f 4800//4800 4826//4826 4806//4806
f 4807//4807 4799//4799 4801//4801
f 4802//4802 4800//4800 4808//4808
f 4807//4807 4801//4801 4827//4827
f 4828//4828 4802//4802 4808//4808
f 4829//4829 4783//4783 4825//4825
f 4826//4826 4784//4784 4830//4830
f 4831//4831 4803//4803 4829//4829
f 4830//4830 4804//4804 4832//4832
f 4833//4833 4785//4785 4831//4831
f 4832//4832 4786//4786 4834//4834
f 4847//4847 4787//4787 4833//4833
f 4834//4834 4788//4788 4848//4848
f 4837//4837 4789//4789 4835//4835
f 4836//4836 4790//4790 4838//4838
f 4835//4835 4787//4787 4847//4847
f 4848//4848 4788//4788 4836//4836
f 4839//4839 4791//4791 4837//4837
f 4838//4838 4792//4792 4840//4840
f 4841//4841 4793//4793 4839//4839
f 4840//4840 4794//4794 4842//4842
f 4795//4795 4841//4841 4845//4845
f 4846//4846 4842//4842 4796//4796
f 4809//4809 4825//4825 4805//4805
f 4806//4806 4826//4826 4810//4810
f 4805//4805 4799//4799 4807//4807
f 4808//4808 4800//4800 4806//4806
f 4811//4811 4829//4829 4809//4809
f 4810//4810 4830//4830 4812//4812
f 4813//4813 4831//4831 4811//4811
f 4812//4812 4832//4832 4814//4814
f 4815//4815 4831//4831 4813//4813
f 4814//4814 4832//4832 4816//4816
f 4843//4843 4847//4847 4815//4815
f 4816//4816 4848//4848 4844//4844
f 4819//4819 4837//4837 4817//4817
f 4818//4818 4838//4838 4820//4820
f 4817//4817 4835//4835 4843//4843
f 4844//4844 4836//4836 4818//4818
f 4821//4821 4839//4839 4819//4819
f 4820//4820 4840//4840 4822//4822
f 4823//4823 4841//4841 4821//4821
f 4822//4822 4842//4842 4824//4824
f 4841//4841 4823//4823 4845//4845
f 4846//4846 4824//4824 4842//4842
f 4809//4809 4829//4829 4825//4825
f 4826//4826 4830//4830 4810//4810
f 4811//4811 4831//4831 4829//4829
f 4830//4830 4832//4832 4812//4812
f 4815//4815 4833//4833 4831//4831
f 4832//4832 4834//4834 4816//4816
f 4815//4815 4847//4847 4833//4833
f 4834//4834 4848//4848 4816//4816
f 4817//4817 4837//4837 4835//4835
f 4836//4836 4838//4838 4818//4818
f 4843//4843 4835//4835 4847//4847
f 4848//4848 4836//4836 4844//4844
f 4819//4819 4839//4839 4837//4837
f 4838//4838 4840//4840 4820//4820
f 4821//4821 4841//4841 4839//4839
f 4840//4840 4842//4842 4822//4822
f 4849//4849 4850//4850 4851//4851
f 4852//4852 4853//4853 4854//4854
f 4855//4855 4856//4856 4857//4857
f 4858//4858 4859//4859 4860//4860
f 4861//4861 4862//4862 4863//4863
f 4864//4864 4865//4865 4866//4866
f 4867//4867 4868//4868 4869//4869
f 4870//4870 4851//4851 4850//4850
f 4871//4871 4854//4854 4853//4853
f 4872//4872 4857//4857 4856//4856
f 4873//4873 4860//4860 4859//4859
f 4874//4874 4863//4863 4862//4862
f 4875//4875 4866//4866 4865//4865
f 4876//4876 4869//4869 4868//4868
f 4877//4877 4878//4878 4879//4879
f 4880//4880 4881//4881 4882//4882
f 4883//4883 4884//4884 4885//4885
f 4886//4886 4887//4887 4888//4888
f 4889//4889 4890//4890 4891//4891
f 4892//4892 4893//4893 4894//4894
f 4895//4895 4896//4896 4897//4897
f 4898//4898 4879//4879 4878//4878
f 4899//4899 4900//4900 4901//4901
f 4902//4902 4903//4903 4904//4904
f 4905//4905 4906//4906 4907//4907
f 4908//4908 4909//4909 4910//4910
f 4911//4911 4912//4912 4913//4913
f 4914//4914 4915//4915 4916//4916
f 4917//4917 4918//4918 4919//4919
f 4920//4920 4921//4921 4922//4922
f 4923//4923 4924//4924 4925//4925
f 4926//4926 4927//4927 4928//4928
f 4929//4929 4882//4882 4881//4881
f 4930//4930 4885//4885 4884//4884
f 4931//4931 4888//4888 4887//4887
f 4932//4932 4891//4891 4890//4890
f 4933//4933 4894//4894 4893//4893
f 4934//4934 4897//4897 4896//4896
f 4935//4935 4901//4901 4900//4900
f 4936//4936 4904//4904 4903//4903
f 4937//4937 4907//4907 4906//4906
f 4938//4938 4910//4910 4909//4909
f 4939//4939 4913//4913 4912//4912
f 4940//4940 4916//4916 4915//4915
f 4941//4941 4919//4919 4918//4918
f 4942//4942 4922//4922 4921//4921
f 4943//4943 4925//4925 4924//4924
f 4944//4944 4928//4928 4927//4927
f 4945//4945 4946//4946 4947//4947
f 4948//4948 4949//4949 4950//4950
f 4951//4951 4952//4952 4945//4945
f 4950//4950 4953//4953 4954//4954
f 4955//4955 4956//4956 4951//4951
f 4954//4954 4957//4957 4958//4958
f 4946//4946 4959//4959 4947//4947
f 4948//4948 4960//4960 4949//4949
f 4961//4961 4962//4962 4959//4959
f 4960//4960 4963//4963 4964//4964
f 4965//4965 4966//4966 4962//4962
f 4963//4963 4967//4967 4968//4968
f 4969//4969 4970//4970 4966//4966
f 4967//4967 4971//4971 4972//4972
f 4946//4946 4945//4945 4952//4952
f 4953//4953 4950//4950 4949//4949
f 4952//4952 4951//4951 4956//4956
f 4957//4957 4954//4954 4953//4953
f 4973//4973 4955//4955 4974//4974
f 4975//4975 4958//4958 4976//4976
f 4977//4977 4974//4974 4978//4978
f 4979//4979 4975//4975 4980//4980
f 4981//4981 4978//4978 4982//4982
f 4983//4983 4979//4979 4984//4984
f 4985//4985 4982//4982 4986//4986
f 4987//4987 4983//4983 4988//4988
f 4989//4989 4986//4986 4990//4990
f 4991//4991 4987//4987 4992//4992
f 4993//4993 4990//4990 4994//4994
f 4995//4995 4991//4991 4996//4996
f 4997//4997 4994//4994 4998//4998
f 4999//4999 4995//4995 5000//5000
f 5001//5001 4998//4998 5002//5002
f 5003//5003 4999//4999 5004//5004
f 5005//5005 5002//5002 5006//5006
f 5007//5007 5003//5003 5008//5008
f 5009//5009 5005//5005 5006//5006
f 5007//5007 5008//5008 5010//5010
f 5011//5011 5012//5012 5009//5009
f 5010//5010 5013//5013 5014//5014
f 5015//5015 5016//5016 5011//5011
f 5014//5014 5017//5017 5018//5018
f 4956//4956 4955//4955 5019//5019
f 5020//5020 4958//4958 4957//4957
f 4959//4959 4946//4946 4961//4961
f 4964//4964 4949//4949 4960//4960
f 4962//4962 4961//4961 4965//4965
f 4968//4968 4964//4964 4963//4963
f 4966//4966 4965//4965 4969//4969
f 4972//4972 4968//4968 4967//4967
f 4970//4970 4969//4969 5021//5021
f 5022//5022 4972//4972 4971//4971
f 5021//5021 5023//5023 4970//4970
f 4971//4971 5024//5024 5022//5022
f 5025//5025 5026//5026 5027//5027
f 5028//5028 5029//5029 5030//5030
f 5031//5031 5027//5027 5032//5032
f 5033//5033 5028//5028 5034//5034
f 5035//5035 5036//5036 5015//5015
f 5018//5018 5037//5037 5038//5038
f 4955//4955 4973//4973 5019//5019
f 5020//5020 4976//4976 4958//4958
f 4974//4974 4977//4977 4973//4973
f 4976//4976 4980//4980 4975//4975
f 4978//4978 4981//4981 4977//4977
f 4980//4980 4984//4984 4979//4979
f 4982//4982 4985//4985 4981//4981
f 4984//4984 4988//4988 4983//4983
f 4986//4986 4989//4989 4985//4985
f 4988//4988 4992//4992 4987//4987
f 4990//4990 4993//4993 4989//4989
f 4992//4992 4996//4996 4991//4991
f 4994//4994 4997//4997 4993//4993
f 4996//4996 5000//5000 4995//4995
f 4998//4998 5001//5001 4997//4997
f 5000//5000 5004//5004 4999//4999
f 5002//5002 5005//5005 5001//5001
f 5004//5004 5008//5008 5003//5003
f 5005//5005 5009//5009 5012//5012
f 5013//5013 5010//5010 5008//5008
f 5012//5012 5011//5011 5016//5016
f 5017//5017 5014//5014 5013//5013
f 5016//5016 5015//5015 5036//5036
f 5037//5037 5018//5018 5017//5017
f 5039//5039 5032//5032 5040//5040
f 5041//5041 5033//5033 5042//5042
f 5043//5043 5044//5044 5026//5026
f 5029//5029 5045//5045 5046//5046
f 5047//5047 5048//5048 5044//5044
f 5045//5045 5049//5049 5050//5050
f 5048//5048 5051//5051 5052//5052
f 5053//5053 5054//5054 5049//5049
f 5052//5052 5055//5055 5056//5056
f 5057//5057 5058//5058 5053//5053
f 5023//5023 5021//5021 5059//5059
f 5060//5060 5022//5022 5024//5024
f 5061//5061 5035//5035 5062//5062
f 5063//5063 5038//5038 5064//5064
f 5065//5065 5062//5062 5066//5066
f 5067//5067 5063//5063 5068//5068
f 5059//5059 5066//5066 5023//5023
f 5024//5024 5067//5067 5060//5060
f 5026//5026 5025//5025 5043//5043
f 5046//5046 5030//5030 5029//5029
f 5027//5027 5031//5031 5025//5025
f 5030//5030 5034//5034 5028//5028
f 5032//5032 5039//5039 5031//5031
f 5034//5034 5042//5042 5033//5033
f 5036//5036 5035//5035 5069//5069
f 5070//5070 5038//5038 5037//5037
f 5071//5071 5039//5039 5040//5040
f 5041//5041 5042//5042 5072//5072
f 5073//5073 5074//5074 5071//5071
f 5072//5072 5075//5075 5076//5076
f 5077//5077 5078//5078 5073//5073
f 5076//5076 5079//5079 5080//5080
f 5081//5081 5082//5082 5077//5077
f 5080//5080 5083//5083 5084//5084
f 5085//5085 5086//5086 5081//5081
f 5084//5084 5087//5087 5088//5088
f 5089//5089 5090//5090 5085//5085
f 5088//5088 5091//5091 5092//5092
f 5093//5093 5089//5089 5094//5094
f 5095//5095 5092//5092 5096//5096
f 5097//5097 5094//5094 5098//5098
f 5099//5099 5095//5095 5100//5100
f 5101//5101 5098//5098 5102//5102
f 5103//5103 5099//5099 5104//5104
f 5105//5105 5102//5102 5106//5106
f 5107//5107 5103//5103 5108//5108
f 5109//5109 5106//5106 5110//5110
f 5111//5111 5107//5107 5112//5112
f 5113//5113 5110//5110 5114//5114
f 5115//5115 5111//5111 5116//5116
f 5044//5044 5043//5043 5047//5047
f 5050//5050 5046//5046 5045//5045
f 5048//5048 5047//5047 5117//5117
f 5118//5118 5050//5050 5049//5049
f 5051//5051 5048//5048 5117//5117
f 5118//5118 5049//5049 5054//5054
f 5055//5055 5052//5052 5051//5051
f 5054//5054 5053//5053 5058//5058
f 5119//5119 5056//5056 5055//5055
f 5058//5058 5057//5057 5120//5120
f 5056//5056 5119//5119 5121//5121
f 5122//5122 5120//5120 5057//5057
f 5035//5035 5061//5061 5069//5069
f 5070//5070 5064//5064 5038//5038
f 5062//5062 5065//5065 5061//5061
f 5064//5064 5068//5068 5063//5063
f 5066//5066 5059//5059 5065//5065
f 5068//5068 5060//5060 5067//5067
f 5123//5123 5124//5124 5125//5125
f 5126//5126 5127//5127 5128//5128
f 5129//5129 5130//5130 5123//5123
f 5128//5128 5131//5131 5132//5132
f 5133//5133 5134//5134 5129//5129
f 5132//5132 5135//5135 5136//5136
f 5137//5137 5113//5113 5114//5114
f 5115//5115 5116//5116 5138//5138
f 5039//5039 5071//5071 5074//5074
f 5075//5075 5072//5072 5042//5042
f 5074//5074 5073//5073 5078//5078
f 5079//5079 5076//5076 5075//5075
f 5078//5078 5077//5077 5082//5082
f 5083//5083 5080//5080 5079//5079
f 5082//5082 5081//5081 5086//5086
f 5087//5087 5084//5084 5083//5083
f 5086//5086 5085//5085 5090//5090
f 5091//5091 5088//5088 5087//5087
f 5090//5090 5089//5089 5139//5139
f 5140//5140 5092//5092 5091//5091
f 5089//5089 5093//5093 5139//5139
f 5140//5140 5096//5096 5092//5092
f 5094//5094 5097//5097 5093//5093
f 5096//5096 5100//5100 5095//5095
f 5098//5098 5101//5101 5097//5097
f 5100//5100 5104//5104 5099//5099
f 5102//5102 5105//5105 5101//5101
f 5104//5104 5108//5108 5103//5103
f 5106//5106 5109//5109 5105//5105
f 5108//5108 5112//5112 5107//5107
f 5110//5110 5113//5113 5109//5109
f 5112//5112 5116//5116 5111//5111
f 5124//5124 5141//5141 5125//5125
f 5126//5126 5142//5142 5127//5127
f 5143//5143 5144//5144 5141//5141
f 5142//5142 5145//5145 5146//5146
f 5147//5147 5148//5148 5144//5144
f 5145//5145 5149//5149 5150//5150
f 5151//5151 5152//5152 5148//5148
f 5149//5149 5153//5153 5154//5154
f 5155//5155 5156//5156 5152//5152
f 5153//5153 5157//5157 5158//5158
f 5159//5159 5121//5121 5119//5119
f 5120//5120 5122//5122 5160//5160
f 5161//5161 5162//5162 5137//5137
f 5138//5138 5163//5163 5164//5164
f 5165//5165 5166//5166 5161//5161
f 5164//5164 5167//5167 5168//5168
f 5121//5121 5159//5159 5165//5165
f 5168//5168 5160//5160 5122//5122
f 5124//5124 5123//5123 5130//5130
f 5131//5131 5128//5128 5127//5127
f 5130//5130 5129//5129 5134//5134
f 5135//5135 5132//5132 5131//5131
f 5134//5134 5133//5133 5169//5169
f 5170//5170 5136//5136 5135//5135
f 5113//5113 5137//5137 5162//5162
f 5163//5163 5138//5138 5116//5116
f 5171//5171 5169//5169 5133//5133
f 5136//5136 5170//5170 5172//5172
f 5173//5173 5174//5174 5171//5171
f 5172//5172 5175//5175 5176//5176
f 5177//5177 5178//5178 5173//5173
f 5176//5176 5179//5179 5180//5180
f 5181//5181 5177//5177 5182//5182
f 5183//5183 5180//5180 5184//5184
f 5185//5185 5182//5182 5186//5186
f 5187//5187 5183//5183 5188//5188
f 5189//5189 5186//5186 5190//5190
f 5191//5191 5187//5187 5192//5192
f 5193//5193 5190//5190 5194//5194
f 5195//5195 5191//5191 5196//5196
f 5197//5197 5194//5194 5198//5198
f 5199//5199 5195//5195 5200//5200
f 5201//5201 5198//5198 5202//5202
f 5203//5203 5199//5199 5204//5204
f 5205//5205 5201//5201 5202//5202
f 5203//5203 5204//5204 5206//5206
f 5207//5207 5208//5208 5205//5205
f 5206//5206 5209//5209 5210//5210
f 5211//5211 5212//5212 5207//5207
f 5210//5210 5213//5213 5214//5214
f 5141//5141 5124//5124 5143//5143
f 5146//5146 5127//5127 5142//5142
f 5144//5144 5143//5143 5147//5147
f 5150//5150 5146//5146 5145//5145
f 5148//5148 5147//5147 5151//5151
f 5154//5154 5150//5150 5149//5149
f 5152//5152 5151//5151 5155//5155
f 5158//5158 5154//5154 5153//5153
f 5156//5156 5155//5155 5215//5215
f 5216//5216 5158//5158 5157//5157
f 5215//5215 5217//5217 5156//5156
f 5157//5157 5218//5218 5216//5216
f 5162//5162 5161//5161 5166//5166
f 5167//5167 5164//5164 5163//5163
f 5166//5166 5165//5165 5159//5159
f 5160//5160 5168//5168 5167//5167
f 5219//5219 5220//5220 5211//5211
f 5214//5214 5221//5221 5222//5222
f 5169//5169 5171//5171 5174//5174
f 5175//5175 5172//5172 5170//5170
f 5174//5174 5173//5173 5178//5178
f 5179//5179 5176//5176 5175//5175
f 5178//5178 5177//5177 5223//5223
f 5224//5224 5180//5180 5179//5179
f 5177//5177 5181//5181 5223//5223
f 5224//5224 5184//5184 5180//5180
f 5182//5182 5185//5185 5181//5181
f 5184//5184 5188//5188 5183//5183
f 5186//5186 5189//5189 5185//5185
f 5188//5188 5192//5192 5187//5187
f 5190//5190 5193//5193 5189//5189
f 5192//5192 5196//5196 5191//5191
f 5194//5194 5197//5197 5193//5193
f 5196//5196 5200//5200 5195//5195
f 5198//5198 5201//5201 5197//5197
f 5200//5200 5204//5204 5199//5199
f 5201//5201 5205//5205 5208//5208
f 5209//5209 5206//5206 5204//5204
f 5208//5208 5207//5207 5212//5212
f 5213//5213 5210//5210 5209//5209
f 5212//5212 5211//5211 5220//5220
f 5221//5221 5214//5214 5213//5213
f 5217//5217 5215//5215 5225//5225
f 5226//5226 5216//5216 5218//5218
f 5227//5227 5228//5228 5219//5219
f 5222//5222 5229//5229 5230//5230
f 5217//5217 5231//5231 5227//5227
f 5230//5230 5232//5232 5218//5218
f 5220//5220 5219//5219 5228//5228
f 5229//5229 5222//5222 5221//5221
f 5231//5231 5217//5217 5225//5225
f 5226//5226 5218//5218 5232//5232
f 5228//5228 5227//5227 5231//5231
f 5232//5232 5230//5230 5229//5229
