# Created by Open3D 
# object name: 941271c5d9b192eaccd8f9b9403fd602
# number of vertices: 2944
# number of triangles: 2970
v -0.0272662 0.461302 -0.027626
vn -0.707107 0 0.707107
v -0.0294594 0.489712 -0.0257142
vn -0.793353 0 0.608761
v -0.0278429 0.489673 -0.0283842
vn -0.707107 0 0.707107
v -0.0288827 0.461341 -0.0249561
vn -0.793353 0 0.608761
v -0.0233431 0.489649 -0.0327099
vn -0.5 0 0.866025
v -0.0310728 0.48975 -0.0230436
vn -0.866025 0 0.5
v -0.0258568 0.391967 -0.0257732
vn -0.707107 0 0.707107
v -0.0298216 0.489591 -0.0299665
vn -0.674978 0.29784 0.675052
v -0.0406692 0.563317 -0.0548084
vn -0.47766 0.295289 0.827433
v -0.0248426 0.489564 -0.0347501
vn -0.47766 0.295289 0.827433
v -0.0278429 0.489673 -0.0283842
vn 0 1 0
v -0.0298216 0.489591 -0.0299665
vn 0 1 0
v -0.0233431 0.489649 -0.0327099
vn 0 1 0
v -0.0248426 0.489564 -0.0347501
vn 0 1 0
v -0.0304961 0.461379 -0.0222855
vn -0.866025 0 0.5
v -0.0328084 0.489875 -0.0170473
vn -0.965926 0 0.258819
v -0.0274733 0.392006 -0.0231032
vn -0.793353 0 0.608761
v -0.0475746 0.46113 -0.0186155
vn 0 -1 0
v -0.0304961 0.461379 -0.0222855
vn 0 -1 0
v -0.0447104 0.460924 -0.0285027
vn 0 -1 0
v -0.0288827 0.461341 -0.0249561
vn 0 -1 0
v -0.0272662 0.461302 -0.027626
vn 0 -1 0
v -0.0227664 0.461278 -0.0319517
vn 0 -1 0
v -0.0213571 0.391943 -0.0300989
vn -0.5 0 0.866025
v -0.050027 0.563367 -0.0458152
vn -0.674978 0.29784 0.675052
v -0.0293057 0.563381 -0.0610726
vn -0.247424 0.292907 0.923573
v -0.0333927 0.489676 -0.0240568
vn -0.826006 0.300384 0.476953
v -0.0316066 0.489633 -0.0270112
vn -0.757604 0.296802 0.58133
v -0.0178736 0.48968 -0.0357238
vn 0 1 0
v -0.0322317 0.461504 -0.0162891
vn -0.965926 0 0.258819
v -0.0328084 0.489875 -0.0170473
vn 0 1 0
v -0.0353143 0.489814 -0.0174272
vn 0 1 0
v -0.0310728 0.48975 -0.0230436
vn 0 1 0
v -0.0333927 0.489676 -0.0240568
vn 0 1 0
v -0.0603517 0.563787 -0.0222486
vn -0.920583 0.302749 0.246717
v -0.0353143 0.489814 -0.0174272
vn -0.920583 0.302749 0.246717
v -0.0274733 0.392006 -0.0231032
vn 0 1 0
v -0.043301 0.391589 -0.0266498
vn 0 1 0
v -0.0258568 0.391967 -0.0257732
vn 0 1 0
v -0.0322317 0.461504 -0.0162891
vn 0 -1 0
v -0.043301 0.391589 -0.0266498
vn -0.866025 0 0.5
v -0.0475746 0.46113 -0.0186155
vn -0.965926 0 0.258819
v -0.0447104 0.460924 -0.0285027
vn -0.866025 0 0.5
v -0.0420474 0.46086 -0.0329078
vn 0 -1 0
v -0.0227664 0.461278 -0.0319517
vn -0.5 0 0.866025
v -0.0213571 0.391943 -0.0300989
vn 0 1 0
v -0.0249969 0.34966 -0.0246426
vn -0.707107 0 0.707107
v -0.0567416 0.563528 -0.0347104
vn -0.826006 0.300384 0.476953
v -0.050027 0.563367 -0.0458152
vn -0.707107 0 0.707107
v -0.0408464 0.572037 -0.0550415
vn -0.5 0 0.866025
v -0.0406692 0.563317 -0.0548084
vn -0.5 0 0.866025
v -0.0187969 0.489598 -0.0380828
vn -0.247424 0.292907 0.923573
v -0.029483 0.572101 -0.0613057
vn -0.258819 0 0.965926
v -0.0293057 0.563381 -0.0610726
vn -0.258819 0 0.965926
v -0.0294594 0.489712 -0.0257142
vn 0 1 0
v -0.0316066 0.489633 -0.0270112
vn 0 1 0
v -0.0187969 0.489598 -0.0380828
vn 0 1 0
v -0.0178736 0.48968 -0.0357238
vn -0.258819 0 0.965926
v -0.0290868 0.392044 -0.0204326
vn -0.866025 0 0.5
v -0.0329353 0.490039 -0.0108072
vn -1 0 0
v -0.0354513 0.489996 -0.0105261
vn 0 1 0
v -0.0606123 0.564129 -0.00927678
vn -0.952424 0.304775 3.8e-05
v -0.0290868 0.392044 -0.0204326
vn 0 1 0
v -0.0461652 0.391795 -0.0167627
vn 0 1 0
v -0.0477804 0.461401 -0.00832628
vn 0 -1 0
v -0.0461652 0.391795 -0.0167627
vn -0.965926 0 0.258819
v -0.0406381 0.391526 -0.031055
vn -0.793353 0 0.608761
v -0.0172969 0.461309 -0.0349656
vn 0 -1 0
v -0.0420474 0.46086 -0.0329078
vn -0.793353 0 0.608761
v -0.0406381 0.391526 -0.031055
vn 0 1 0
v -0.0204971 0.349636 -0.0289683
vn -0.5 0 0.866025
v -0.0569189 0.572248 -0.0349434
vn -0.866025 0 0.5
v -0.0567416 0.563528 -0.0347104
vn -0.866025 0 0.5
v -0.0502043 0.572087 -0.0460483
vn -0.707107 0 0.707107
v -0.0167062 0.563554 -0.0641829
vn 3.6e-05 0.290857 0.956767
v -0.0168834 0.572274 -0.064416
vn 0 0 1
v -0.0118138 0.489763 -0.0372204
vn 0 1 0
v -0.0308223 0.392169 -0.0144363
vn -0.965926 0 0.258819
v -0.0323586 0.461668 -0.010049
vn -1 0 0
v -0.0329353 0.490039 -0.0108072
vn 0 1 0
v -0.0354513 0.489996 -0.0105261
vn -0.952424 0.304775 3.8e-05
v -0.0605289 0.572507 -0.0224816
vn -0.965926 0 0.258819
v -0.0603517 0.563787 -0.0222486
vn -0.965926 0 0.258819
v -0.0607896 0.572849 -0.00950981
vn -1 0 0
v -0.0606123 0.564129 -0.00927678
vn -1 0 0
v -0.0266134 0.349698 -0.0219727
vn -0.793353 0 0.608761
v -0.0308223 0.392169 -0.0144363
vn 0 1 0
v -0.0323586 0.461668 -0.010049
vn 0 -1 0
v -0.0477804 0.461401 -0.00832628
vn -1 0 0
v -0.0112371 0.461392 -0.0364623
vn 0 -1 0
v -0.0379771 0.391462 -0.0354599
vn -0.707107 0 0.707107
v -0.0158875 0.391974 -0.0331128
vn -0.258819 0 0.965926
v -0.0158875 0.391974 -0.0331128
vn 0 1 0
v -0.0131829 0.34983 -0.0272628
vn 0 1 0
v -0.0249969 0.34966 -0.0246426
vn 0 1 0
v -0.0204971 0.349636 -0.0289683
vn 0 1 0
v -0.0174919 0.349806 -0.0248865
vn 0 1 0
v -0.0266134 0.349698 -0.0219727
vn 0 1 0
v -0.0282268 0.349737 -0.0193021
vn -0.866025 0 0.5
v -0.0502043 0.572087 -0.0460483
vn 0 -1 0
v 0.00855191 0.572894 -0.0605597
vn 0 -1 0
v -0.0408464 0.572037 -0.0550415
vn 0 -1 0
v -0.00391183 0.572544 -0.0641622
vn 0 -1 0
v -0.029483 0.572101 -0.0613057
vn 0 -1 0
v -0.0120936 0.48969 -0.0397368
vn 3.6e-05 0.290857 0.956767
v -0.0167062 0.563554 -0.0641829
vn 0 0 1
v -0.0168834 0.572274 -0.064416
vn 0 -1 0
v -0.0118138 0.489763 -0.0372204
vn 0 0 1
v -0.0172969 0.461309 -0.0349656
vn -0.258819 0 0.965926
v -0.00519253 0.489834 -0.0396025
vn 0 1 0
v -0.0314407 0.490232 -0.00474923
vn -0.965926 -0 -0.258819
v -0.0314407 0.490232 -0.00474923
vn 0 1 0
v -0.0575086 0.564528 0.00331716
vn -0.919497 0.306328 -0.246351
v -0.0576859 0.573248 0.00308413
vn -0.965926 -0 -0.258819
v -0.0309493 0.392333 -0.00819619
vn 0 1 0
v -0.0308641 0.461861 -0.00399107
vn 0 -1 0
v -0.0463711 0.392066 -0.00647344
vn -1 0 0
v -0.0393864 0.460797 -0.0373128
vn 0 -1 0
v -0.0393864 0.460797 -0.0373128
vn -0.707107 0 0.707107
v -0.00982775 0.392057 -0.0346094
vn 0 1 0
v -0.0379771 0.391462 -0.0354599
vn 0 1 0
v -0.0150276 0.349666 -0.0319822
vn -0.258819 0 0.965926
v -0.00840754 0.349896 -0.028441
vn 0 1 0
v -0.0210396 0.349825 -0.0214799
vn 0 1 0
v -0.0299624 0.349862 -0.0133057
vn -0.965926 0 0.258819
v -0.0282268 0.349737 -0.0193021
vn 0 1 0
v -0.0569189 0.572248 -0.0349434
vn 0 -1 0
v 0.0196557 0.573299 -0.0538522
vn 0 -1 0
v -0.0605289 0.572507 -0.0224816
vn 0 -1 0
v 0.0286421 0.573731 -0.0445013
vn 0 -1 0
v -0.00373458 0.563824 -0.0639292
vn 0.247778 0.289281 0.92462
v -0.0120936 0.48969 -0.0397368
vn 0 1 0
v -0.00391183 0.572544 -0.0641622
vn 0.258819 0 0.965926
v -0.00557393 0.489893 -0.0370977
vn 0.258819 0 0.965926
v -0.0112371 0.461392 -0.0364623
vn 0 0 1
v -0.0309493 0.392333 -0.00819619
vn -1 0 0
v -0.0308641 0.461861 -0.00399107
vn -0.965926 -0 -0.258819
v -0.0338018 0.490208 -0.00382568
vn 0 1 0
v -0.0338018 0.490208 -0.00382568
vn -0.919497 0.306328 -0.246351
v -0.0575086 0.564528 0.00331716
vn -0.965926 -0 -0.258819
v -0.0607896 0.572849 -0.00950981
vn 0 -1 0
v 0.0349012 0.574162 -0.033142
vn 0 -1 0
v -0.0576859 0.573248 0.00308413
vn 0 -1 0
v 0.0380081 0.574562 -0.0205463
vn 0 -1 0
v -0.0463711 0.392066 -0.00647344
vn 0 1 0
v -0.0453194 0.461718 0.00166402
vn 0 -1 0
v -0.0453194 0.461718 0.00166402
vn -0.965926 -0 -0.258819
v 0.0160316 0.461758 -0.0435034
vn 0 -1 0
v -0.0319624 0.460757 -0.0444445
vn -0.5 0 0.866025
v 0.0174409 0.392423 -0.0416506
vn 0 1 0
v -0.00982775 0.392057 -0.0346094
vn 0 0 1
v 0.00326652 0.350048 -0.0316229
vn 0 1 0
v -0.0150276 0.349666 -0.0319822
vn 0 1 0
v -0.0131829 0.34983 -0.0272628
vn -0.258819 0 0.965926
v -0.00956745 -0.0400493 -0.0144684
vn -0.5 0 0.866025
v -0.0174919 0.349806 -0.0248865
vn -0.5 0 0.866025
v -0.00840754 0.349896 -0.028441
vn 0 0 1
v -0.00525836 -0.0400253 -0.0168447
vn -0.258819 0 0.965926
v -0.0223106 0.349855 -0.0193756
vn 0 1 0
v -0.0131151 -0.0400304 -0.0110618
vn -0.707107 0 0.707107
v -0.0210396 0.349825 -0.0214799
vn -0.707107 0 0.707107
v -0.0235816 0.349886 -0.0172713
vn 0 1 0
v -0.0299624 0.349862 -0.0133057
vn 0 1 0
v 0.0196557 0.573299 -0.0538522
vn 0.707107 0 0.707107
v 0.00872916 0.564174 -0.0603266
vn 0.5 0 0.866025
v 0.00855191 0.572894 -0.0605597
vn 0.5 0 0.866025
v -0.00373458 0.563824 -0.0639292
vn 0.258819 0 0.965926
v -0.00519253 0.489834 -0.0396025
vn 0.247778 0.289281 0.92462
v 0.00143798 0.49002 -0.0376859
vn 0 1 0
v -0.00557393 0.489893 -0.0370977
vn 0 1 0
v -0.0284307 0.490439 0.000714992
vn -0.866025 -0 -0.5
v -0.0284307 0.490439 0.000714992
vn 0 1 0
v -0.0512493 0.564959 0.0146785
vn -0.824127 0.307302 -0.475794
v -0.0514266 0.573679 0.0144455
vn -0.866025 -0 -0.5
v 0.0377443 0.574903 -0.00757622
vn 0 -1 0
v -0.0294547 0.392526 -0.00213823
vn 0 1 0
v -0.0300893 0.350026 -0.00706561
vn -1 0 0
v -0.027854 0.462068 0.00147315
vn 0 -1 0
v -0.0294547 0.392526 -0.00213823
vn -0.965926 -0 -0.258819
v -0.04391 0.392383 0.00351686
vn -0.965926 -0 -0.258819
v -0.00499723 0.461522 -0.0363396
vn 0 -1 0
v -0.0319624 0.460757 -0.0444445
vn 0 -1 0
v -0.030553 0.391422 -0.0425916
vn -0.5 0 0.866025
v -0.00358788 0.392187 -0.0344867
vn 0 1 0
v -0.030553 0.391422 -0.0425916
vn 0 1 0
v -0.00896778 0.34975 -0.0334788
vn 0 0 1
v -0.00272791 0.34988 -0.0333562
vn 0 1 0
v -0.00349059 0.349998 -0.0283455
vn 0 1 0
v -0.000483044 -0.0399597 -0.0180229
vn 0 0 1
v -0.0223106 0.349855 -0.0193756
vn -0.793353 0 0.608761
v -0.0249523 0.349984 -0.0125448
vn 0 1 0
v 0.0288194 0.565011 -0.0442683
vn 0.866025 0 0.5
v 0.0286421 0.573731 -0.0445013
vn 0.866025 0 0.5
v 0.0350785 0.565442 -0.0329089
vn 0.965926 0 0.258819
v 0.0349012 0.574162 -0.033142
vn 0.965926 0 0.258819
v 0.019833 0.564579 -0.0536192
vn 0.707107 0 0.707107
v 0.00143798 0.49002 -0.0376859
vn 0.478783 0.288289 0.82925
v 0.000420507 0.490061 -0.0353645
vn 0.5 0 0.866025
v -0.00499723 0.461522 -0.0363396
vn 0.258819 0 0.965926
v -0.00358788 0.392187 -0.0344867
vn 0.258819 0 0.965926
v -0.027854 0.462068 0.00147315
vn -0.866025 -0 -0.5
v -0.0304709 0.490437 0.00221724
vn 0 1 0
v -0.0304709 0.490437 0.00221724
vn -0.824127 0.307302 -0.475794
v -0.0512493 0.564959 0.0146785
vn -0.866025 -0 -0.5
v -0.0514266 0.573679 0.0144455
vn 0 -1 0
v 0.0381854 0.565842 -0.0203133
vn 1 0 0
v 0.0380081 0.574562 -0.0205463
vn 1 0 0
v 0.0379215 0.566183 -0.00734319
vn 0.965926 0 -0.258819
v 0.0377443 0.574903 -0.00757622
vn 0.965926 0 -0.258819
v -0.04391 0.392383 0.00351686
vn 0 1 0
v -0.0250504 0.350114 -0.0076285
vn 0 1 0
v -0.0300893 0.350026 -0.00706561
vn 0 1 0
v -0.0235299 0.462276 0.00597185
vn 0 -1 0
v -0.0403537 0.46206 0.0106745
vn -0.866025 -0 -0.5
v 0.000997198 0.46169 -0.0346063
vn 0 -1 0
v 0.00722303 0.461437 -0.0488218
vn 0 -1 0
v -0.0229449 0.460808 -0.0494147
vn -0.258819 0 0.965926
v 0.00240655 0.392355 -0.0327535
vn 0 1 0
v 0.00863238 0.392102 -0.046969
vn 0 1 0
v -0.00896778 0.34975 -0.0334788
vn 0 1 0
v -0.00272791 0.34988 -0.0333562
vn 0.258819 0 0.965926
v 0.00240655 0.392355 -0.0327535
vn 0.5 0 0.866025
v 0.00326652 0.350048 -0.0316229
vn 0.5 0 0.866025
v 0.00915729 -0.0397246 -0.0165601
vn 0 1 0
v -0.00956745 -0.0400493 -0.0144684
vn 0 1 0
v -0.00525836 -0.0400253 -0.0168447
vn 0 1 0
v -0.0131151 -0.0400304 -0.0110618
vn 0 1 0
v 0.0086091 0.350243 -0.0283967
vn 0 1 0
v -0.00349059 0.349998 -0.0283455
vn 0.258819 0 0.965926
v 0.00443391 -0.0398572 -0.0179274
vn 0 1 0
v -0.000483044 -0.0399597 -0.0180229
vn 0 1 0
v -0.0143861 -0.04 -0.00895746
vn -0.793353 0 0.608761
v -0.0235816 0.349886 -0.0172713
vn -0.866025 0 0.5
v -0.0156571 -0.0399696 -0.00685316
vn -0.866025 0 0.5
v -0.0249523 0.349984 -0.0125448
vn -0.965926 0 0.258819
v 0.00734367 0.490235 -0.0341182
vn 0.677157 0.287951 0.677157
v 0.00872916 0.564174 -0.0603266
vn 0.478783 0.288289 0.82925
v 0.019833 0.564579 -0.0536192
vn 0.677157 0.287951 0.677157
v 0.00734367 0.490235 -0.0341182
vn 0 1 0
v 0.000420507 0.490061 -0.0353645
vn 0 1 0
v -0.0241066 0.490647 0.00521369
vn -0.707107 -0 -0.707107
v -0.0241066 0.490647 0.00521369
vn 0 1 0
v -0.0422599 0.565392 0.0240291
vn -0.672815 0.307634 -0.672815
v -0.0424372 0.574112 0.023796
vn -0.707107 -0 -0.707107
v 0.0341345 0.575163 0.00488761
vn 0 -1 0
v 0.0343117 0.566443 0.00512064
vn 0.866025 0 -0.5
v -0.0264447 0.392733 0.00332599
vn 0 1 0
v -0.0285947 0.350218 -0.00100766
vn -0.965926 -0 -0.258819
v -0.0238748 0.350265 -0.00285553
vn 0 1 0
v -0.0403537 0.46206 0.0106745
vn 0 -1 0
v -0.0235299 0.462276 0.00597185
vn -0.707107 -0 -0.707107
v -0.0264447 0.392733 0.00332599
vn -0.866025 -0 -0.5
v -0.0389443 0.392725 0.0125273
vn -0.866025 -0 -0.5
v 0.0231633 0.462101 -0.0360847
vn 0 -1 0
v 0.0160316 0.461758 -0.0435034
vn 0.707107 0 0.707107
v 0.00863238 0.392102 -0.046969
vn 0.5 0 0.866025
v 0.00722303 0.461437 -0.0488218
vn 0.5 0 0.866025
v -0.00266207 0.461159 -0.0516804
vn 0 -1 0
v -0.0215355 0.391473 -0.0475618
vn -0.258819 0 0.965926
v -0.0229449 0.460808 -0.0494147
vn 0 -1 0
v 0.0245727 0.392766 -0.0342319
vn 0 1 0
v -0.00125271 0.391824 -0.0498276
vn 0 1 0
v 0.0174409 0.392423 -0.0416506
vn 0.707107 0 0.707107
v 0.00774913 0.39255 -0.0295272
vn 0.707107 0 0.707107
v 0.0133653 -0.0395712 -0.0140198
vn 0 1 0
v 0.00123279 0.350131 -0.0269782
vn 0 1 0
v 0.0086091 0.350243 -0.0283967
vn 0.707107 0 0.707107
v 0.00443391 -0.0398572 -0.0179274
vn 0.258819 0 0.965926
v -0.0170278 -0.0398712 -0.00212665
vn -0.965926 0 0.258819
v -0.0250504 0.350114 -0.0076285
vn -1 0 0
v 0.0154553 0.490694 -0.0230985
vn 0.92462 0.289281 0.247778
v 0.0288194 0.565011 -0.0442683
vn 0.82925 0.288289 0.478783
v 0.0350785 0.565442 -0.0329089
vn 0.92462 0.289281 0.247778
v 0.0171079 0.490907 -0.0163974
vn 0.956767 0.290857 3.6e-05
v 0.0381854 0.565842 -0.0203133
vn 0.956767 0.290857 3.6e-05
v 0.0121254 0.490465 -0.0291416
vn 0.82925 0.288289 0.478783
v 0.00576308 0.490256 -0.0321382
vn 0 1 0
v 0.00576308 0.490256 -0.0321382
vn 0.707107 0 0.707107
v 0.000997198 0.46169 -0.0346063
vn 0.5 0 0.866025
v -0.0256895 0.490667 0.0071909
vn -0.672815 0.307634 -0.672815
v -0.0422599 0.565392 0.0240291
vn -0.707107 -0 -0.707107
v -0.0424372 0.574112 0.023796
vn 0 -1 0
v 0.0341345 0.575163 0.00488761
vn 0.866025 0 -0.5
v 0.0150472 0.491227 -0.00286751
vn 0.827433 0.295289 -0.47766
v 0.0379215 0.566183 -0.00734319
vn 0.923573 0.292907 -0.247424
v 0.0343117 0.566443 0.00512064
vn 0.827433 0.295289 -0.47766
v -0.0221205 0.392941 0.00782469
vn 0 1 0
v -0.0285947 0.350218 -0.00100766
vn 0 1 0
v -0.0171259 -0.0397418 0.00278961
vn -1 0 0
v -0.0238748 0.350265 -0.00285553
vn -0.965926 -0 -0.258819
v -0.0181903 0.462471 0.00919843
vn 0 -1 0
v -0.0167809 0.393136 0.0110513
vn -0.5 -0 -0.866025
v -0.0221205 0.392941 0.00782469
vn -0.707107 -0 -0.707107
v -0.0389443 0.392725 0.0125273
vn 0 1 0
v -0.0332249 0.462403 0.0180935
vn -0.707107 -0 -0.707107
v 0.00633977 0.461885 -0.0313801
vn 0 -1 0
v 0.0245727 0.392766 -0.0342319
vn 0.866025 0 0.5
v 0.0231633 0.462101 -0.0360847
vn 0.866025 0 0.5
v -0.00125271 0.391824 -0.0498276
vn 0.258819 0 0.965926
v -0.00266207 0.461159 -0.0516804
vn 0.258819 0 0.965926
v -0.0129517 0.460945 -0.0518808
vn 0 0 1
v -0.0215355 0.391473 -0.0475618
vn 0 1 0
v -0.0129517 0.460945 -0.0518808
vn 0 -1 0
v 0.00774913 0.39255 -0.0295272
vn 0 1 0
v 0.00123279 0.350131 -0.0269782
vn 0.5 0 0.866025
v 0.00915729 -0.0397246 -0.0165601
vn 0.5 0 0.866025
v -0.0143861 -0.04 -0.00895746
vn 0 1 0
v 0.00544075 0.350284 -0.0244379
vn 0.707107 0 0.707107
v 0.0133653 -0.0395712 -0.0140198
vn 0.707107 0 0.707107
v 0.00544075 0.350284 -0.0244379
vn 0 1 0
v 0.012933 0.350451 -0.0239
vn 0.866025 0 0.5
v -0.0156571 -0.0399696 -0.00685316
vn 0 1 0
v 0.0191448 -0.0392439 -0.00616743
vn 0 1 0
v -0.0170278 -0.0398712 -0.00212665
vn 0 1 0
v 0.0169679 0.491089 -0.00949707
vn 0.923573 0.292907 -0.247424
v 0.0121254 0.490465 -0.0291416
vn 0 1 0
v 0.010087 0.490464 -0.0276415
vn 0 1 0
v 0.0106637 0.462093 -0.0268834
vn 0.866025 0 0.5
v 0.010087 0.490464 -0.0276415
vn 0.866025 0 0.5
v -0.018767 0.490842 0.00844027
vn 0 1 0
v -0.0256895 0.490667 0.0071909
vn 0 1 0
v -0.0311563 0.565797 0.0307345
vn -0.475794 0.307302 -0.824127
v -0.0311563 0.565797 0.0307345
vn -0.5 -0 -0.866025
v 0.0274228 0.575323 0.0159921
vn 0 -1 0
v 0.0276001 0.566603 0.0162251
vn 0.707107 0 -0.707107
v 0.0114758 0.491312 0.00303922
vn 0.675052 0.29784 -0.674978
v -0.0255847 0.350426 0.00445656
vn -0.866025 -0 -0.5
v -0.0214997 0.350428 0.00144952
vn 0 1 0
v -0.0159503 -0.0395904 0.00756258
vn -0.965926 -0 -0.258819
v -0.0121929 0.462639 0.0109313
vn 0 -1 0
v -0.018767 0.490842 0.00844027
vn -0.5 -0 -0.866025
v -0.0167809 0.393136 0.0110513
vn 0 1 0
v -0.0318156 0.393068 0.0199464
vn -0.707107 -0 -0.707107
v -0.00595302 0.462769 0.011054
vn 0 -1 0
v -0.0332249 0.462403 0.0180935
vn 0 -1 0
v 0.0106637 0.462093 -0.0268834
vn 0 -1 0
v 0.0295356 0.393108 -0.0252191
vn 0.965926 0 0.258819
v -0.0115424 0.39161 -0.0500279
vn 0 0 1
v -0.0115424 0.39161 -0.0500279
vn 0 1 0
v 0.0120731 0.392758 -0.0250305
vn 0 1 0
v 0.00633977 0.461885 -0.0313801
vn 0.707107 0 0.707107
v 0.0167724 -0.0394072 -0.0104758
vn 0.866025 0 0.5
v 0.012933 0.350451 -0.0239
vn 0 1 0
v 0.0120731 0.392758 -0.0250305
vn 0.866025 0 0.5
v 0.0167724 -0.0394072 -0.0104758
vn 0 1 0
v 0.0203235 -0.0390924 -0.00139381
vn 0 1 0
v -0.0171259 -0.0397418 0.00278961
vn 0 1 0
v 0.0136739 0.4623 -0.0214172
vn 0.965926 0 0.258819
v 0.0130972 0.490671 -0.0221753
vn 0.965926 0 0.258819
v 0.0154553 0.490694 -0.0230985
vn 0 1 0
v 0.0130972 0.490671 -0.0221753
vn 0 1 0
v 0.0171079 0.490907 -0.0163974
vn 0 1 0
v 0.0145919 0.490863 -0.0161164
vn 0 1 0
v -0.0197818 0.490883 0.0107584
vn -0.475794 0.307302 -0.824127
v -0.0313336 0.574517 0.0305015
vn -0.5 -0 -0.866025
v -0.0313336 0.574517 0.0305015
vn 0 -1 0
v 0.0274228 0.575323 0.0159921
vn 0.707107 0 -0.707107
v 0.0276001 0.566603 0.0162251
vn 0.675052 0.29784 -0.674978
v 0.0150472 0.491227 -0.00286751
vn 0 1 0
v 0.0127291 0.491152 -0.00388291
vn 0 1 0
v 0.0169679 0.491089 -0.00949707
vn 0 1 0
v 0.0144649 0.491028 -0.00987727
vn 0 1 0
v 0.0133058 0.462781 -0.00312475
vn 0.866025 0 -0.5
v 0.0144649 0.491028 -0.00987727
vn 0.965926 0 -0.258819
v 0.0127291 0.491152 -0.00388291
vn 0.866025 0 -0.5
v -0.0212606 0.350634 0.00895526
vn -0.707107 -0 -0.707107
v -0.0255847 0.350426 0.00445656
vn 0 1 0
v -0.0214997 0.350428 0.00144952
vn -0.866025 -0 -0.5
v -0.0159503 -0.0395904 0.00756258
vn 0 1 0
v -0.015921 0.350828 0.0121818
vn -0.5 -0 -0.866025
v -0.0181903 0.462471 0.00919843
vn -0.5 -0 -0.866025
v -0.0107835 0.393304 0.0127842
vn 0 1 0
v -0.00454367 0.393434 0.0129068
vn 0 1 0
v -0.0318156 0.393068 0.0199464
vn 0 1 0
v -0.023007 0.393389 0.0252648
vn -0.5 -0 -0.866025
v 0.02752 0.463237 0.00309243
vn 0 -1 0
v 0.0281263 0.462443 -0.0270719
vn 0 -1 0
v 0.0281263 0.462443 -0.0270719
vn 0.965926 0 0.258819
v 0.0295356 0.393108 -0.0252191
vn 0 1 0
v 0.00884789 0.350448 -0.0208939
vn 0.866025 0 0.5
v 0.00884789 0.350448 -0.0208939
vn 0 1 0
v 0.0159433 0.350658 -0.0184338
vn 0.965926 0 0.258819
v 0.0112203 0.350611 -0.0165855
vn 0.965926 0 0.258819
v 0.0203235 -0.0390924 -0.00139381
vn 1 0 0
v 0.0191448 -0.0392439 -0.00616743
vn 0.965926 0 0.258819
v 0.0151686 0.462492 -0.0153582
vn 1 0 0
v 0.0145919 0.490863 -0.0161164
vn 1 0 0
v 0.0150833 0.392965 -0.0195643
vn 0.965926 0 0.258819
v 0.0136739 0.4623 -0.0214172
vn 0 -1 0
v -0.0127696 0.49101 0.0101732
vn 0 1 0
v -0.0197818 0.490883 0.0107584
vn 0 1 0
v -0.0186956 0.566146 0.0343374
vn -0.246351 0.306328 -0.919497
v -0.0186956 0.566146 0.0343374
vn -0.258819 0 -0.965926
v 0.0180648 0.575373 0.0249833
vn 0 -1 0
v 0.0180648 0.575373 0.0249833
vn 0.5 0 -0.866025
v 0.018242 0.566653 0.0252163
vn 0.476953 0.300384 -0.826006
v 0.00949936 0.49123 0.00145962
vn 0 1 0
v 0.0150415 0.462657 -0.00911911
vn 0.965926 0 -0.258819
v 0.0100761 0.462859 0.00221778
vn 0.707107 0 -0.707107
v -0.0138863 0.350746 0.00753706
vn 0 1 0
v -0.0212606 0.350634 0.00895526
vn 0 1 0
v -0.0180954 0.350592 0.00499488
vn 0 1 0
v -0.0135752 -0.039427 0.0118676
vn -0.866025 -0 -0.5
v 0.0202223 -0.0389631 0.00352179
vn 0 1 0
v -0.00992357 0.350997 0.0139147
vn -0.258819 0 -0.965926
v -0.0107835 0.393304 0.0127842
vn -0.258819 0 -0.965926
v 0.0289294 0.393902 0.00494527
vn 0 1 0
v -0.0244164 0.462724 0.0234119
vn -0.5 -0 -0.866025
v 0.0236025 0.394029 0.0137557
vn 0 1 0
v -0.023007 0.393389 0.0252648
vn 0 1 0
v 0.0221931 0.463364 0.0119029
vn 0 -1 0
v 0.000106769 0.462852 0.00955735
vn 0 -1 0
v 0.0319998 0.393425 -0.0152281
vn 1 0 0
v 0.0150833 0.392965 -0.0195643
vn 0 1 0
v 0.0159433 0.350658 -0.0184338
vn 0 1 0
v 0.012399 0.350763 -0.0118119
vn 1 0 0
v 0.0151686 0.462492 -0.0153582
vn 0 -1 0
v 0.0305904 0.46276 -0.017081
vn 0 -1 0
v 0.016578 0.393158 -0.0135054
vn 1 0 0
v -0.0127696 0.49101 0.0101732
vn -0.258819 0 -0.965926
v -0.0131522 0.491069 0.0126761
vn -0.246351 0.306328 -0.919497
v -0.0188728 0.574866 0.0341044
vn -0.258819 0 -0.965926
v -0.0188728 0.574866 0.0341044
vn 0 -1 0
v 0.018242 0.566653 0.0252163
vn 0.5 0 -0.866025
v 0.00649879 0.491339 0.00782259
vn 0.476953 0.300384 -0.826006
v 0.00949936 0.49123 0.00145962
vn 0.707107 0 -0.707107
v 0.0114758 0.491312 0.00303922
vn 0 1 0
v 0.0133058 0.462781 -0.00312475
vn 0 -1 0
v 0.0303815 0.463031 -0.0067924
vn 0 -1 0
v 0.0150415 0.462657 -0.00911911
vn 0 -1 0
v 0.0147151 0.393447 -0.00127191
vn 0.866025 0 -0.5
v 0.0114854 0.393524 0.00407062
vn 0.707107 0 -0.707107
v 0.0100761 0.462859 0.00221778
vn 0 -1 0
v -0.0091611 0.350878 0.00890214
vn 0 1 0
v 0.00784266 0.351241 0.00952724
vn 0 1 0
v -0.015921 0.350828 0.0121818
vn 0 1 0
v 0.0188542 -0.0388647 0.00824499
vn 0 1 0
v -0.0135752 -0.039427 0.0118676
vn 0 1 0
v -0.0180954 0.350592 0.00499488
vn -0.707107 -0 -0.707107
v 0.0202223 -0.0389631 0.00352179
vn 0.965926 0 -0.258819
v 0.00237609 0.35121 0.0125408
vn 0 1 0
v -0.00992357 0.350997 0.0139147
vn 0 1 0
v -0.0036837 0.351127 0.0140374
vn -0 -0 -1
v -0.00454367 0.393434 0.0129068
vn -0 -0 -1
v -0.0121929 0.462639 0.0109313
vn -0.258819 0 -0.965926
v 0.00151612 0.393517 0.0114102
vn 0 1 0
v -0.0131189 0.393666 0.028123
vn -0.258819 0 -0.965926
v -0.0244164 0.462724 0.0234119
vn 0 -1 0
v 0.0161784 0.394068 0.0208874
vn 0 1 0
v 0.0236025 0.394029 0.0137557
vn 0.707107 0 -0.707107
v 0.02752 0.463237 0.00309243
vn 0.866025 0 -0.5
v 0.0221931 0.463364 0.0119029
vn 0.707107 0 -0.707107
v 0.00557333 0.462883 0.00654383
vn 0 -1 0
v 0.0305904 0.46276 -0.017081
vn 1 0 0
v 0.0319998 0.393425 -0.0152281
vn 0 1 0
v 0.0112203 0.350611 -0.0165855
vn 0 1 0
v 0.017438 0.35085 -0.0123748
vn 1 0 0
v 0.017438 0.35085 -0.0123748
vn 0 1 0
v 0.012399 0.350763 -0.0118119
vn 0 1 0
v 0.0164509 0.393322 -0.00726627
vn 0.965926 0 -0.258819
v 0.016578 0.393158 -0.0135054
vn 0 1 0
v 0.000452157 0.491305 0.0111564
vn 0 1 0
v -0.00652971 0.49114 0.0102959
vn 0 1 0
v -0.00652971 0.49114 0.0102959
vn -0 -0 -1
v -0.0131522 0.491069 0.0126761
vn 0 1 0
v -0.00572174 0.566417 0.0345929
vn 3.8e-05 0.304775 -0.952424
v -0.00572174 0.566417 0.0345929
vn -0 -0 -1
v 0.00669831 0.57531 0.0312479
vn 0 -1 0
v 0.00669831 0.57531 0.0312479
vn 0.258819 0 -0.965926
v 0.00687557 0.56659 0.0314809
vn 0.246717 0.302749 -0.920583
v 0.00649879 0.491339 0.00782259
vn 0 1 0
v 0.00499664 0.491254 0.00578567
vn 0 1 0
v -0.00424393 0.350981 0.00899958
vn 0 1 0
v -0.0138863 0.350746 0.00753706
vn -0.5 -0 -0.866025
v -0.00123661 -0.0389771 0.0193203
vn -0.258819 0 -0.965926
v -0.0091611 0.350878 0.00890214
vn -0.258819 0 -0.965926
v -0.00596175 -0.0391096 0.0179552
vn -0.5 -0 -0.866025
v 0.0163094 -0.0388039 0.0124549
vn 0 1 0
v -0.0101709 -0.0392631 0.015413
vn -0.707107 -0 -0.707107
v 0.0122978 0.350892 -0.00689632
vn 0.965926 0 -0.258819
v 0.0188542 -0.0388647 0.00824499
vn 0.866025 0 -0.5
v -0.0036837 0.351127 0.0140374
vn 0 1 0
v 0.00237609 0.35121 0.0125408
vn 0.258819 0 -0.965926
v 0.0289294 0.393902 0.00494527
vn 0.866025 0 -0.5
v 0.00151612 0.393517 0.0114102
vn 0.258819 0 -0.965926
v -0.00595302 0.462769 0.011054
vn -0 -0 -1
v 0.00698269 0.393548 0.00839667
vn 0 1 0
v -0.0145283 0.463001 0.0262702
vn -0.258819 0 -0.965926
v 0.00716388 0.394018 0.0258573
vn 0 1 0
v -0.0131189 0.393666 0.028123
vn 0 1 0
v 0.0147691 0.463403 0.0190346
vn 0 -1 0
v 0.0147691 0.463403 0.0190346
vn 0.5 0 -0.866025
v 0.0161784 0.394068 0.0208874
vn 0.5 0 -0.866025
v 0.0317908 0.393696 -0.00493956
vn 0.965926 0 -0.258819
v 0.0122978 0.350892 -0.00689632
vn 0 1 0
v 0.0164509 0.393322 -0.00726627
vn 0 1 0
v 0.0173109 0.351014 -0.0061357
vn 0.965926 0 -0.258819
v -0.00624987 0.491213 0.0128123
vn 0 1 0
v -0.00624987 0.491213 0.0128123
vn 3.8e-05 0.304775 -0.952424
v 0.000452157 0.491305 0.0111564
vn 0.246717 0.302749 -0.920583
v -0.00589899 0.575137 0.0343599
vn -0 -0 -1
v -0.00589899 0.575137 0.0343599
vn 0 -1 0
v 0.00687557 0.56659 0.0314809
vn 0.258819 0 -0.965926
v -0.000469922 0.491223 0.00879919
vn 0 1 0
v 0.00499664 0.491254 0.00578567
vn 0.5 0 -0.866025
v 0.0303815 0.463031 -0.0067924
vn 0.965926 0 -0.258819
v 0.0317908 0.393696 -0.00493956
vn 0 1 0
v 0.0114854 0.393524 0.00407062
vn 0 1 0
v 0.0147151 0.393447 -0.00127191
vn 0 1 0
v 0.0123454 0.351217 0.00520119
vn 0.707107 0 -0.707107
v 0.0155751 0.351139 -0.000141335
vn 0.866025 0 -0.5
v 0.00368056 -0.0388745 0.0194177
vn -0 -0 -1
v -0.00424393 0.350981 0.00899958
vn -0 -0 -1
v 0.00784266 0.351241 0.00952724
vn 0.5 0 -0.866025
v 0.0123454 0.351217 0.00520119
vn 0 1 0
v -0.0101709 -0.0392631 0.015413
vn 0 1 0
v 0.0109297 0.350991 -0.00217312
vn 0.866025 0 -0.5
v 0.0163094 -0.0388039 0.0124549
vn 0.707107 0 -0.707107
v 0.00698269 0.393548 0.00839667
vn 0.5 0 -0.866025
v 0.000106769 0.462852 0.00955735
vn 0.258819 0 -0.965926
v -0.00282893 0.393881 0.0283264
vn -0 -0 -1
v -0.0145283 0.463001 0.0262702
vn 0 -1 0
v -0.00282893 0.393881 0.0283264
vn 0 1 0
v 0.00575453 0.463353 0.0240044
vn 0.258819 0 -0.965926
v 0.00716388 0.394018 0.0258573
vn 0.258819 0 -0.965926
v 0.0173109 0.351014 -0.0061357
vn 0 1 0
v -0.000469922 0.491223 0.00879919
vn 0.258819 0 -0.965926
v 0.00557333 0.462883 0.00654383
vn 0.5 0 -0.866025
v 0.00845566 -0.038809 0.0182375
vn 0.258819 0 -0.965926
v 0.00845566 -0.038809 0.0182375
vn 0 1 0
v -0.00123661 -0.0389771 0.0193203
vn 0 1 0
v -0.00596175 -0.0391096 0.0179552
vn 0 1 0
v 0.00368056 -0.0388745 0.0194177
vn 0 1 0
v 0.000531161 0.351046 0.00781943
vn 0 1 0
v 0.0083849 0.351051 0.0020368
vn 0.707107 0 -0.707107
v 0.0109297 0.350991 -0.00217312
vn 0 1 0
v -0.00423828 0.463216 0.0264735
vn -0 -0 -1
v 0.00575453 0.463353 0.0240044
vn 0 -1 0
v 0.0155751 0.351139 -0.000141335
vn 0 1 0
v 0.00483848 0.35107 0.00544535
vn 0 1 0
v 0.000531161 0.351046 0.00781943
vn 0.258819 0 -0.965926
v 0.012763 -0.0387849 0.0158635
vn 0 1 0
v 0.0083849 0.351051 0.0020368
vn 0 1 0
v 0.00483848 0.35107 0.00544535
vn 0.5 0 -0.866025
v -0.00423828 0.463216 0.0264735
vn 0 -1 0
v 0.012763 -0.0387849 0.0158635
vn 0.5 0 -0.866025
v -0.0278429 0.489673 -0.0283842
vn 0.707107 0 -0.707107
v -0.0294594 0.489712 -0.0257142
vn 0.793353 0 -0.608761
v -0.0272662 0.461302 -0.027626
vn 0.707107 0 -0.707107
v -0.0288827 0.461341 -0.0249561
vn 0.793353 0 -0.608761
v -0.0258568 0.391967 -0.0257732
vn 0.707107 0 -0.707107
v -0.0272662 0.461302 -0.027626
vn 0 1 0
v -0.0288827 0.461341 -0.0249561
vn 0 1 0
v -0.0447104 0.460924 -0.0285027
vn 0 1 0
v -0.0233431 0.489649 -0.0327099
vn 0.5 0 -0.866025
v -0.0248426 0.489564 -0.0347501
vn 0.47766 -0.295289 -0.827433
v -0.0406692 0.563317 -0.0548084
vn 0.47766 -0.295289 -0.827433
v -0.0298216 0.489591 -0.0299665
vn 0.674978 -0.29784 -0.675052
v -0.0248426 0.489564 -0.0347501
vn 0 -1 0
v -0.0298216 0.489591 -0.0299665
vn 0 -1 0
v -0.0233431 0.489649 -0.0327099
vn 0 -1 0
v -0.0310728 0.48975 -0.0230436
vn 0.866025 0 -0.5
v -0.0328084 0.489875 -0.0170473
vn 0.965926 0 -0.258819
v -0.0304961 0.461379 -0.0222855
vn 0.866025 0 -0.5
v -0.0274733 0.392006 -0.0231032
vn 0.793353 0 -0.608761
v -0.0304961 0.461379 -0.0222855
vn 0 1 0
v -0.0475746 0.46113 -0.0186155
vn 0 1 0
v -0.0227664 0.461278 -0.0319517
vn 0 1 0
v -0.0213571 0.391943 -0.0300989
vn 0.5 0 -0.866025
v -0.050027 0.563367 -0.0458152
vn 0.674978 -0.29784 -0.675052
v -0.0293057 0.563381 -0.0610726
vn 0.247424 -0.292907 -0.923573
v -0.0278429 0.489673 -0.0283842
vn 0 -1 0
v -0.0316066 0.489633 -0.0270112
vn 0 -1 0
v -0.0294594 0.489712 -0.0257142
vn 0 -1 0
v -0.0178736 0.48968 -0.0357238
vn 0 -1 0
v -0.0322317 0.461504 -0.0162891
vn 0.965926 0 -0.258819
v -0.0310728 0.48975 -0.0230436
vn 0 -1 0
v -0.0353143 0.489814 -0.0174272
vn 0 -1 0
v -0.0328084 0.489875 -0.0170473
vn 0 -1 0
v -0.0333927 0.489676 -0.0240568
vn 0 -1 0
v -0.0353143 0.489814 -0.0174272
vn 0.920583 -0.302749 -0.246717
v -0.0333927 0.489676 -0.0240568
vn 0.826006 -0.300384 -0.476953
v -0.0603517 0.563787 -0.0222486
vn 0.920583 -0.302749 -0.246717
v -0.0322317 0.461504 -0.0162891
vn 0 1 0
v -0.0447104 0.460924 -0.0285027
vn 0.866025 0 -0.5
v -0.0475746 0.46113 -0.0186155
vn 0.965926 0 -0.258819
v -0.043301 0.391589 -0.0266498
vn 0.866025 0 -0.5
v -0.0420474 0.46086 -0.0329078
vn 0 1 0
v -0.0227664 0.461278 -0.0319517
vn 0.5 0 -0.866025
v -0.0213571 0.391943 -0.0300989
vn 0 -1 0
v -0.043301 0.391589 -0.0266498
vn 0 -1 0
v -0.0258568 0.391967 -0.0257732
vn 0 -1 0
v -0.0249969 0.34966 -0.0246426
vn 0.707107 0 -0.707107
v -0.0567416 0.563528 -0.0347104
vn 0.826006 -0.300384 -0.476953
v -0.0406692 0.563317 -0.0548084
vn 0.5 0 -0.866025
v -0.0408464 0.572037 -0.0550415
vn 0.5 0 -0.866025
v -0.050027 0.563367 -0.0458152
vn 0.707107 0 -0.707107
v -0.0187969 0.489598 -0.0380828
vn 0.247424 -0.292907 -0.923573
v -0.0293057 0.563381 -0.0610726
vn 0.258819 0 -0.965926
v -0.029483 0.572101 -0.0613057
vn 0.258819 0 -0.965926
v -0.0316066 0.489633 -0.0270112
vn 0.757604 -0.296802 -0.58133
v -0.0187969 0.489598 -0.0380828
vn 0 -1 0
v -0.0178736 0.48968 -0.0357238
vn 0.258819 0 -0.965926
v -0.0290868 0.392044 -0.0204326
vn 0.866025 0 -0.5
v -0.0329353 0.490039 -0.0108072
vn 1 0 0
v -0.0354513 0.489996 -0.0105261
vn 0 -1 0
v -0.0606123 0.564129 -0.00927678
vn 0.952424 -0.304775 -3.8e-05
v -0.0461652 0.391795 -0.0167627
vn 0 -1 0
v -0.0290868 0.392044 -0.0204326
vn 0 -1 0
v -0.0274733 0.392006 -0.0231032
vn 0 -1 0
v -0.0477804 0.461401 -0.00832628
vn 0 1 0
v -0.0461652 0.391795 -0.0167627
vn 0.965926 0 -0.258819
v -0.0406381 0.391526 -0.031055
vn 0.793353 0 -0.608761
v -0.0172969 0.461309 -0.0349656
vn 0 1 0
v -0.0420474 0.46086 -0.0329078
vn 0.793353 0 -0.608761
v -0.0406381 0.391526 -0.031055
vn 0 -1 0
v -0.0204971 0.349636 -0.0289683
vn 0.5 0 -0.866025
v -0.0266134 0.349698 -0.0219727
vn 0.793353 0 -0.608761
v -0.0567416 0.563528 -0.0347104
vn 0.866025 0 -0.5
v -0.0569189 0.572248 -0.0349434
vn 0.866025 0 -0.5
v -0.0502043 0.572087 -0.0460483
vn 0.707107 0 -0.707107
v -0.0167062 0.563554 -0.0641829
vn -3.6e-05 -0.290857 -0.956767
v -0.0168834 0.572274 -0.064416
vn -0 -0 -1
v -0.0118138 0.489763 -0.0372204
vn 0 -1 0
v -0.0308223 0.392169 -0.0144363
vn 0.965926 0 -0.258819
v -0.0323586 0.461668 -0.010049
vn 1 0 0
v -0.0329353 0.490039 -0.0108072
vn 0 -1 0
v -0.0354513 0.489996 -0.0105261
vn 0.952424 -0.304775 -3.8e-05
v -0.0603517 0.563787 -0.0222486
vn 0.965926 0 -0.258819
v -0.0605289 0.572507 -0.0224816
vn 0.965926 0 -0.258819
v -0.0606123 0.564129 -0.00927678
vn 1 0 0
v -0.0607896 0.572849 -0.00950981
vn 1 0 0
v -0.0308223 0.392169 -0.0144363
vn 0 -1 0
v -0.0323586 0.461668 -0.010049
vn 0 1 0
v -0.0477804 0.461401 -0.00832628
vn 1 0 0
v -0.0112371 0.461392 -0.0364623
vn 0 1 0
v -0.0379771 0.391462 -0.0354599
vn 0.707107 0 -0.707107
v -0.0158875 0.391974 -0.0331128
vn 0.258819 0 -0.965926
v -0.0158875 0.391974 -0.0331128
vn 0 -1 0
v -0.0204971 0.349636 -0.0289683
vn 0 -1 0
v -0.0249969 0.34966 -0.0246426
vn 0 -1 0
v -0.0131829 0.34983 -0.0272628
vn 0 -1 0
v -0.0266134 0.349698 -0.0219727
vn 0 -1 0
v -0.0174919 0.349806 -0.0248865
vn 0 -1 0
v -0.0282268 0.349737 -0.0193021
vn 0.866025 0 -0.5
v -0.0408464 0.572037 -0.0550415
vn 0 1 0
v 0.00855191 0.572894 -0.0605597
vn 0 1 0
v -0.0502043 0.572087 -0.0460483
vn 0 1 0
v -0.029483 0.572101 -0.0613057
vn 0 1 0
v -0.00391183 0.572544 -0.0641622
vn 0 1 0
v -0.0120936 0.48969 -0.0397368
vn -3.6e-05 -0.290857 -0.956767
v -0.0167062 0.563554 -0.0641829
vn -0 -0 -1
v -0.0168834 0.572274 -0.064416
vn 0 1 0
v -0.0172969 0.461309 -0.0349656
vn 0.258819 0 -0.965926
v -0.0118138 0.489763 -0.0372204
vn -0 -0 -1
v -0.00519253 0.489834 -0.0396025
vn 0 -1 0
v -0.0314407 0.490232 -0.00474923
vn 0.965926 0 0.258819
v -0.0314407 0.490232 -0.00474923
vn 0 -1 0
v -0.0575086 0.564528 0.00331716
vn 0.919497 -0.306328 0.246351
v -0.0576859 0.573248 0.00308413
vn 0.965926 0 0.258819
v -0.0309493 0.392333 -0.00819619
vn 0 -1 0
v -0.0308641 0.461861 -0.00399107
vn 0 1 0
v -0.0463711 0.392066 -0.00647344
vn 1 0 0
v -0.0393864 0.460797 -0.0373128
vn 0 1 0
v -0.0393864 0.460797 -0.0373128
vn 0.707107 0 -0.707107
v -0.0379771 0.391462 -0.0354599
vn 0 -1 0
v -0.00982775 0.392057 -0.0346094
vn 0 -1 0
v -0.0150276 0.349666 -0.0319822
vn 0.258819 0 -0.965926
v -0.00840754 0.349896 -0.028441
vn 0 -1 0
v -0.0210396 0.349825 -0.0214799
vn 0 -1 0
v -0.0299624 0.349862 -0.0133057
vn 0.965926 0 -0.258819
v -0.0282268 0.349737 -0.0193021
vn 0 -1 0
v 0.0196557 0.573299 -0.0538522
vn 0 1 0
v -0.0569189 0.572248 -0.0349434
vn 0 1 0
v 0.0286421 0.573731 -0.0445013
vn 0 1 0
v -0.0605289 0.572507 -0.0224816
vn 0 1 0
v -0.00373458 0.563824 -0.0639292
vn -0.247778 -0.289281 -0.92462
v -0.0120936 0.48969 -0.0397368
vn 0 -1 0
v -0.00391183 0.572544 -0.0641622
vn -0.258819 0 -0.965926
v -0.00557393 0.489893 -0.0370977
vn 0 -1 0
v -0.0309493 0.392333 -0.00819619
vn 1 0 0
v -0.0308641 0.461861 -0.00399107
vn 0.965926 0 0.258819
v -0.0338018 0.490208 -0.00382568
vn 0 -1 0
v -0.0338018 0.490208 -0.00382568
vn 0.919497 -0.306328 0.246351
v -0.0575086 0.564528 0.00331716
vn 0.965926 0 0.258819
v 0.0349012 0.574162 -0.033142
vn 0 1 0
v -0.0607896 0.572849 -0.00950981
vn 0 1 0
v 0.0380081 0.574562 -0.0205463
vn 0 1 0
v -0.0576859 0.573248 0.00308413
vn 0 1 0
v -0.0463711 0.392066 -0.00647344
vn 0 -1 0
v -0.0453194 0.461718 0.00166402
vn 0 1 0
v -0.0453194 0.461718 0.00166402
vn 0.965926 0 0.258819
v 0.0160316 0.461758 -0.0435034
vn 0 1 0
v -0.0319624 0.460757 -0.0444445
vn 0.5 0 -0.866025
v 0.0174409 0.392423 -0.0416506
vn 0 -1 0
v -0.00982775 0.392057 -0.0346094
vn -0 -0 -1
v -0.0150276 0.349666 -0.0319822
vn 0 -1 0
v 0.00326652 0.350048 -0.0316229
vn 0 -1 0
v -0.0174919 0.349806 -0.0248865
vn 0.5 0 -0.866025
v -0.00956745 -0.0400493 -0.0144684
vn 0.5 0 -0.866025
v -0.0131829 0.34983 -0.0272628
vn 0.258819 0 -0.965926
v -0.00525836 -0.0400253 -0.0168447
vn 0.258819 0 -0.965926
v -0.00840754 0.349896 -0.028441
vn -0 -0 -1
v -0.0223106 0.349855 -0.0193756
vn 0 -1 0
v -0.0210396 0.349825 -0.0214799
vn 0.707107 0 -0.707107
v -0.0131151 -0.0400304 -0.0110618
vn 0.707107 0 -0.707107
v -0.0299624 0.349862 -0.0133057
vn 0 -1 0
v -0.0235816 0.349886 -0.0172713
vn 0 -1 0
v 0.00855191 0.572894 -0.0605597
vn -0.5 -0 -0.866025
v 0.00872916 0.564174 -0.0603266
vn -0.5 -0 -0.866025
v 0.0196557 0.573299 -0.0538522
vn -0.707107 -0 -0.707107
v -0.00373458 0.563824 -0.0639292
vn -0.258819 0 -0.965926
v -0.00519253 0.489834 -0.0396025
vn -0.247778 -0.289281 -0.92462
v 0.00143798 0.49002 -0.0376859
vn 0 -1 0
v -0.0112371 0.461392 -0.0364623
vn -0 -0 -1
v -0.00557393 0.489893 -0.0370977
vn -0.258819 0 -0.965926
v -0.0284307 0.490439 0.000714992
vn 0.866025 0 0.5
v -0.0284307 0.490439 0.000714992
vn 0 -1 0
v -0.0512493 0.564959 0.0146785
vn 0.824127 -0.307302 0.475794
v -0.0514266 0.573679 0.0144455
vn 0.866025 0 0.5
v 0.0377443 0.574903 -0.00757622
vn 0 1 0
v -0.0294547 0.392526 -0.00213823
vn 0 -1 0
v -0.0300893 0.350026 -0.00706561
vn 1 0 0
v -0.027854 0.462068 0.00147315
vn 0 1 0
v -0.0294547 0.392526 -0.00213823
vn 0.965926 0 0.258819
v -0.04391 0.392383 0.00351686
vn 0.965926 0 0.258819
v -0.00499723 0.461522 -0.0363396
vn 0 1 0
v -0.0319624 0.460757 -0.0444445
vn 0 1 0
v -0.030553 0.391422 -0.0425916
vn 0.5 0 -0.866025
v -0.00358788 0.392187 -0.0344867
vn 0 -1 0
v -0.030553 0.391422 -0.0425916
vn 0 -1 0
v -0.00896778 0.34975 -0.0334788
vn -0 -0 -1
v -0.00272791 0.34988 -0.0333562
vn 0 -1 0
v -0.00349059 0.349998 -0.0283455
vn 0 -1 0
v -0.000483044 -0.0399597 -0.0180229
vn -0 -0 -1
v -0.0249523 0.349984 -0.0125448
vn 0 -1 0
v 0.0286421 0.573731 -0.0445013
vn -0.866025 -0 -0.5
v 0.0288194 0.565011 -0.0442683
vn -0.866025 -0 -0.5
v 0.0349012 0.574162 -0.033142
vn -0.965926 -0 -0.258819
v 0.0350785 0.565442 -0.0329089
vn -0.965926 -0 -0.258819
v 0.019833 0.564579 -0.0536192
vn -0.707107 -0 -0.707107
v 0.00143798 0.49002 -0.0376859
vn -0.478783 -0.288289 -0.82925
v 0.000420507 0.490061 -0.0353645
vn 0 -1 0
v -0.00358788 0.392187 -0.0344867
vn -0.258819 0 -0.965926
v -0.027854 0.462068 0.00147315
vn 0.866025 0 0.5
v -0.0304709 0.490437 0.00221724
vn 0 -1 0
v -0.0304709 0.490437 0.00221724
vn 0.824127 -0.307302 0.475794
v -0.0512493 0.564959 0.0146785
vn 0.866025 0 0.5
v -0.0514266 0.573679 0.0144455
vn 0 1 0
v 0.0380081 0.574562 -0.0205463
vn -1 0 0
v 0.0381854 0.565842 -0.0203133
vn -1 0 0
v 0.0377443 0.574903 -0.00757622
vn -0.965926 0 0.258819
v 0.0379215 0.566183 -0.00734319
vn -0.965926 0 0.258819
v -0.04391 0.392383 0.00351686
vn 0 -1 0
v -0.0300893 0.350026 -0.00706561
vn 0 -1 0
v -0.0250504 0.350114 -0.0076285
vn 0 -1 0
v -0.0235299 0.462276 0.00597185
vn 0 1 0
v -0.0403537 0.46206 0.0106745
vn 0.866025 0 0.5
v 0.000997198 0.46169 -0.0346063
vn 0 1 0
v 0.00722303 0.461437 -0.0488218
vn 0 1 0
v -0.0229449 0.460808 -0.0494147
vn 0.258819 0 -0.965926
v 0.00240655 0.392355 -0.0327535
vn 0 -1 0
v 0.00863238 0.392102 -0.046969
vn 0 -1 0
v -0.00896778 0.34975 -0.0334788
vn 0 -1 0
v 0.00326652 0.350048 -0.0316229
vn -0.5 -0 -0.866025
v 0.00240655 0.392355 -0.0327535
vn -0.5 -0 -0.866025
v -0.00272791 0.34988 -0.0333562
vn -0.258819 0 -0.965926
v -0.00525836 -0.0400253 -0.0168447
vn 0 -1 0
v -0.00956745 -0.0400493 -0.0144684
vn 0 -1 0
v 0.00915729 -0.0397246 -0.0165601
vn 0 -1 0
v -0.0131151 -0.0400304 -0.0110618
vn 0 -1 0
v 0.0086091 0.350243 -0.0283967
vn 0 -1 0
v -0.00349059 0.349998 -0.0283455
vn -0.258819 0 -0.965926
v -0.000483044 -0.0399597 -0.0180229
vn 0 -1 0
v 0.00443391 -0.0398572 -0.0179274
vn 0 -1 0
v -0.0223106 0.349855 -0.0193756
vn 0.793353 0 -0.608761
v -0.0235816 0.349886 -0.0172713
vn 0.866025 0 -0.5
v -0.0249523 0.349984 -0.0125448
vn 0.965926 0 -0.258819
v -0.0156571 -0.0399696 -0.00685316
vn 0.866025 0 -0.5
v 0.019833 0.564579 -0.0536192
vn -0.677157 -0.287951 -0.677157
v 0.00872916 0.564174 -0.0603266
vn -0.478783 -0.288289 -0.82925
v 0.00734367 0.490235 -0.0341182
vn -0.677157 -0.287951 -0.677157
v 0.00734367 0.490235 -0.0341182
vn 0 -1 0
v -0.00499723 0.461522 -0.0363396
vn -0.258819 0 -0.965926
v 0.000420507 0.490061 -0.0353645
vn -0.5 -0 -0.866025
v -0.0241066 0.490647 0.00521369
vn 0.707107 0 0.707107
v -0.0241066 0.490647 0.00521369
vn 0 -1 0
v -0.0422599 0.565392 0.0240291
vn 0.672815 -0.307634 0.672815
v -0.0424372 0.574112 0.023796
vn 0.707107 0 0.707107
v 0.0341345 0.575163 0.00488761
vn 0 1 0
v 0.0343117 0.566443 0.00512064
vn -0.866025 0 0.5
v -0.0264447 0.392733 0.00332599
vn 0 -1 0
v -0.0285947 0.350218 -0.00100766
vn 0.965926 0 0.258819
v -0.0238748 0.350265 -0.00285553
vn 0 -1 0
v -0.0403537 0.46206 0.0106745
vn 0 1 0
v -0.0235299 0.462276 0.00597185
vn 0.707107 0 0.707107
v -0.0264447 0.392733 0.00332599
vn 0.866025 0 0.5
v -0.0389443 0.392725 0.0125273
vn 0.866025 0 0.5
v 0.0231633 0.462101 -0.0360847
vn 0 1 0
v 0.00722303 0.461437 -0.0488218
vn -0.5 -0 -0.866025
v 0.00863238 0.392102 -0.046969
vn -0.5 -0 -0.866025
v 0.0160316 0.461758 -0.0435034
vn -0.707107 -0 -0.707107
v -0.00266207 0.461159 -0.0516804
vn 0 1 0
v -0.0215355 0.391473 -0.0475618
vn 0.258819 0 -0.965926
v -0.0229449 0.460808 -0.0494147
vn 0 1 0
v 0.0245727 0.392766 -0.0342319
vn 0 -1 0
v -0.00125271 0.391824 -0.0498276
vn 0 -1 0
v 0.0174409 0.392423 -0.0416506
vn -0.707107 -0 -0.707107
v 0.00774913 0.39255 -0.0295272
vn -0.707107 -0 -0.707107
v 0.0133653 -0.0395712 -0.0140198
vn 0 -1 0
v 0.00123279 0.350131 -0.0269782
vn 0 -1 0
v 0.0086091 0.350243 -0.0283967
vn -0.707107 -0 -0.707107
v 0.00443391 -0.0398572 -0.0179274
vn -0.258819 0 -0.965926
v -0.0143861 -0.04 -0.00895746
vn 0.793353 0 -0.608761
v -0.0250504 0.350114 -0.0076285
vn 1 0 0
v -0.0170278 -0.0398712 -0.00212665
vn 0.965926 0 -0.258819
v 0.0350785 0.565442 -0.0329089
vn -0.92462 -0.289281 -0.247778
v 0.0288194 0.565011 -0.0442683
vn -0.82925 -0.288289 -0.478783
v 0.0154553 0.490694 -0.0230985
vn -0.92462 -0.289281 -0.247778
v 0.0381854 0.565842 -0.0203133
vn -0.956767 -0.290857 -3.6e-05
v 0.0171079 0.490907 -0.0163974
vn -0.956767 -0.290857 -3.6e-05
v 0.0121254 0.490465 -0.0291416
vn -0.82925 -0.288289 -0.478783
v 0.00576308 0.490256 -0.0321382
vn 0 -1 0
v 0.000997198 0.46169 -0.0346063
vn -0.5 -0 -0.866025
v 0.00576308 0.490256 -0.0321382
vn -0.707107 -0 -0.707107
v -0.0256895 0.490667 0.0071909
vn 0 -1 0
v -0.0256895 0.490667 0.0071909
vn 0.672815 -0.307634 0.672815
v -0.0422599 0.565392 0.0240291
vn 0.707107 0 0.707107
v -0.0424372 0.574112 0.023796
vn 0 1 0
v 0.0341345 0.575163 0.00488761
vn -0.866025 0 0.5
v 0.0343117 0.566443 0.00512064
vn -0.827433 -0.295289 0.47766
v 0.0379215 0.566183 -0.00734319
vn -0.923573 -0.292907 0.247424
v 0.0150472 0.491227 -0.00286751
vn -0.827433 -0.295289 0.47766
v -0.0221205 0.392941 0.00782469
vn 0 -1 0
v -0.0285947 0.350218 -0.00100766
vn 0 -1 0
v -0.0238748 0.350265 -0.00285553
vn 0.965926 0 0.258819
v -0.0171259 -0.0397418 0.00278961
vn 1 0 0
v -0.0181903 0.462471 0.00919843
vn 0 1 0
v -0.0167809 0.393136 0.0110513
vn 0.5 0 0.866025
v -0.0221205 0.392941 0.00782469
vn 0.707107 0 0.707107
v -0.0389443 0.392725 0.0125273
vn 0 -1 0
v -0.0332249 0.462403 0.0180935
vn 0.707107 0 0.707107
v 0.00633977 0.461885 -0.0313801
vn 0 1 0
v 0.0231633 0.462101 -0.0360847
vn -0.866025 -0 -0.5
v 0.0245727 0.392766 -0.0342319
vn -0.866025 -0 -0.5
v -0.00125271 0.391824 -0.0498276
vn -0.258819 0 -0.965926
v -0.00266207 0.461159 -0.0516804
vn -0.258819 0 -0.965926
v -0.0129517 0.460945 -0.0518808
vn -0 -0 -1
v -0.0215355 0.391473 -0.0475618
vn 0 -1 0
v -0.0129517 0.460945 -0.0518808
vn 0 1 0
v 0.00774913 0.39255 -0.0295272
vn 0 -1 0
v 0.00915729 -0.0397246 -0.0165601
vn -0.5 -0 -0.866025
v 0.00123279 0.350131 -0.0269782
vn -0.5 -0 -0.866025
v -0.0143861 -0.04 -0.00895746
vn 0 -1 0
v 0.0133653 -0.0395712 -0.0140198
vn -0.707107 -0 -0.707107
v 0.00544075 0.350284 -0.0244379
vn -0.707107 -0 -0.707107
v 0.00544075 0.350284 -0.0244379
vn 0 -1 0
v 0.012933 0.350451 -0.0239
vn -0.866025 -0 -0.5
v -0.0156571 -0.0399696 -0.00685316
vn 0 -1 0
v -0.0170278 -0.0398712 -0.00212665
vn 0 -1 0
v 0.0191448 -0.0392439 -0.00616743
vn 0 -1 0
v 0.0169679 0.491089 -0.00949707
vn -0.923573 -0.292907 0.247424
v 0.010087 0.490464 -0.0276415
vn 0 -1 0
v 0.0121254 0.490465 -0.0291416
vn 0 -1 0
v 0.010087 0.490464 -0.0276415
vn -0.866025 -0 -0.5
v 0.0106637 0.462093 -0.0268834
vn -0.866025 -0 -0.5
v -0.018767 0.490842 0.00844027
vn 0 -1 0
v -0.0311563 0.565797 0.0307345
vn 0.475794 -0.307302 0.824127
v -0.0311563 0.565797 0.0307345
vn 0.5 0 0.866025
v 0.0274228 0.575323 0.0159921
vn 0 1 0
v 0.0276001 0.566603 0.0162251
vn -0.707107 0 0.707107
v 0.0114758 0.491312 0.00303922
vn -0.675052 -0.29784 0.674978
v -0.0255847 0.350426 0.00445656
vn 0.866025 0 0.5
v -0.0214997 0.350428 0.00144952
vn 0 -1 0
v -0.0159503 -0.0395904 0.00756258
vn 0.965926 0 0.258819
v -0.0121929 0.462639 0.0109313
vn 0 1 0
v -0.018767 0.490842 0.00844027
vn 0.5 0 0.866025
v -0.0167809 0.393136 0.0110513
vn 0 -1 0
v -0.0318156 0.393068 0.0199464
vn 0.707107 0 0.707107
v -0.0332249 0.462403 0.0180935
vn 0 1 0
v -0.00595302 0.462769 0.011054
vn 0 1 0
v 0.0106637 0.462093 -0.0268834
vn 0 1 0
v 0.0295356 0.393108 -0.0252191
vn -0.965926 -0 -0.258819
v -0.0115424 0.39161 -0.0500279
vn -0 -0 -1
v -0.0115424 0.39161 -0.0500279
vn 0 -1 0
v 0.0120731 0.392758 -0.0250305
vn 0 -1 0
v 0.00633977 0.461885 -0.0313801
vn -0.707107 -0 -0.707107
v 0.0167724 -0.0394072 -0.0104758
vn 0 -1 0
v 0.0167724 -0.0394072 -0.0104758
vn -0.866025 -0 -0.5
v 0.012933 0.350451 -0.0239
vn 0 -1 0
v 0.0120731 0.392758 -0.0250305
vn -0.866025 -0 -0.5
v -0.0171259 -0.0397418 0.00278961
vn 0 -1 0
v 0.0203235 -0.0390924 -0.00139381
vn 0 -1 0
v 0.0130972 0.490671 -0.0221753
vn -0.965926 -0 -0.258819
v 0.0136739 0.4623 -0.0214172
vn -0.965926 -0 -0.258819
v 0.0130972 0.490671 -0.0221753
vn 0 -1 0
v 0.0154553 0.490694 -0.0230985
vn 0 -1 0
v 0.0145919 0.490863 -0.0161164
vn 0 -1 0
v 0.0171079 0.490907 -0.0163974
vn 0 -1 0
v -0.0197818 0.490883 0.0107584
vn 0 -1 0
v -0.0197818 0.490883 0.0107584
vn 0.475794 -0.307302 0.824127
v -0.0313336 0.574517 0.0305015
vn 0.5 0 0.866025
v -0.0313336 0.574517 0.0305015
vn 0 1 0
v 0.0274228 0.575323 0.0159921
vn -0.707107 0 0.707107
v 0.0276001 0.566603 0.0162251
vn -0.675052 -0.29784 0.674978
v 0.0169679 0.491089 -0.00949707
vn 0 -1 0
v 0.0127291 0.491152 -0.00388291
vn 0 -1 0
v 0.0150472 0.491227 -0.00286751
vn 0 -1 0
v 0.0144649 0.491028 -0.00987727
vn 0 -1 0
v 0.0127291 0.491152 -0.00388291
vn -0.866025 0 0.5
v 0.0144649 0.491028 -0.00987727
vn -0.965926 0 0.258819
v 0.0133058 0.462781 -0.00312475
vn -0.866025 0 0.5
v -0.0212606 0.350634 0.00895526
vn 0.707107 0 0.707107
v -0.0255847 0.350426 0.00445656
vn 0 -1 0
v -0.0214997 0.350428 0.00144952
vn 0.866025 0 0.5
v -0.0159503 -0.0395904 0.00756258
vn 0 -1 0
v -0.015921 0.350828 0.0121818
vn 0.5 0 0.866025
v -0.0181903 0.462471 0.00919843
vn 0.5 0 0.866025
v -0.0107835 0.393304 0.0127842
vn 0 -1 0
v -0.0318156 0.393068 0.0199464
vn 0 -1 0
v -0.00454367 0.393434 0.0129068
vn 0 -1 0
v -0.023007 0.393389 0.0252648
vn 0.5 0 0.866025
v 0.02752 0.463237 0.00309243
vn 0 1 0
v 0.0281263 0.462443 -0.0270719
vn 0 1 0
v 0.0281263 0.462443 -0.0270719
vn -0.965926 -0 -0.258819
v 0.0295356 0.393108 -0.0252191
vn 0 -1 0
v 0.00884789 0.350448 -0.0208939
vn -0.866025 -0 -0.5
v 0.00884789 0.350448 -0.0208939
vn 0 -1 0
v 0.0159433 0.350658 -0.0184338
vn -0.965926 -0 -0.258819
v 0.0191448 -0.0392439 -0.00616743
vn -0.965926 -0 -0.258819
v 0.0203235 -0.0390924 -0.00139381
vn -1 0 0
v 0.0112203 0.350611 -0.0165855
vn -0.965926 -0 -0.258819
v 0.0151686 0.462492 -0.0153582
vn -1 0 0
v 0.0145919 0.490863 -0.0161164
vn -1 0 0
v 0.0150833 0.392965 -0.0195643
vn -0.965926 -0 -0.258819
v 0.0136739 0.4623 -0.0214172
vn 0 1 0
v -0.0127696 0.49101 0.0101732
vn 0 -1 0
v -0.0186956 0.566146 0.0343374
vn 0.246351 -0.306328 0.919497
v -0.0186956 0.566146 0.0343374
vn 0.258819 0 0.965926
v 0.0180648 0.575373 0.0249833
vn 0 1 0
v 0.0180648 0.575373 0.0249833
vn -0.5 0 0.866025
v 0.018242 0.566653 0.0252163
vn -0.476953 -0.300384 0.826006
v 0.00949936 0.49123 0.00145962
vn 0 -1 0
v 0.0150415 0.462657 -0.00911911
vn -0.965926 0 0.258819
v 0.0100761 0.462859 0.00221778
vn -0.707107 0 0.707107
v -0.0212606 0.350634 0.00895526
vn 0 -1 0
v -0.0138863 0.350746 0.00753706
vn 0 -1 0
v -0.0180954 0.350592 0.00499488
vn 0 -1 0
v -0.0135752 -0.039427 0.0118676
vn 0.866025 0 0.5
v 0.0202223 -0.0389631 0.00352179
vn 0 -1 0
v -0.00992357 0.350997 0.0139147
vn 0.258819 0 0.965926
v -0.0107835 0.393304 0.0127842
vn 0.258819 0 0.965926
v 0.0289294 0.393902 0.00494527
vn 0 -1 0
v -0.0244164 0.462724 0.0234119
vn 0.5 0 0.866025
v -0.023007 0.393389 0.0252648
vn 0 -1 0
v 0.0236025 0.394029 0.0137557
vn 0 -1 0
v 0.0221931 0.463364 0.0119029
vn 0 1 0
v 0.000106769 0.462852 0.00955735
vn 0 1 0
v 0.0319998 0.393425 -0.0152281
vn -1 0 0
v 0.0150833 0.392965 -0.0195643
vn 0 -1 0
v 0.0159433 0.350658 -0.0184338
vn 0 -1 0
v 0.012399 0.350763 -0.0118119
vn -1 0 0
v 0.0305904 0.46276 -0.017081
vn 0 1 0
v 0.0151686 0.462492 -0.0153582
vn 0 1 0
v 0.016578 0.393158 -0.0135054
vn -1 0 0
v -0.0131522 0.491069 0.0126761
vn 0 -1 0
v 0.000452157 0.491305 0.0111564
vn 0 -1 0
v -0.00652971 0.49114 0.0102959
vn 0 -1 0
v -0.0127696 0.49101 0.0101732
vn 0.258819 0 0.965926
v -0.0131522 0.491069 0.0126761
vn 0.246351 -0.306328 0.919497
v -0.0188728 0.574866 0.0341044
vn 0.258819 0 0.965926
v -0.0188728 0.574866 0.0341044
vn 0 1 0
v 0.018242 0.566653 0.0252163
vn -0.5 0 0.866025
v 0.00649879 0.491339 0.00782259
vn -0.476953 -0.300384 0.826006
v 0.00949936 0.49123 0.00145962
vn -0.707107 0 0.707107
v 0.0114758 0.491312 0.00303922
vn 0 -1 0
v 0.0150415 0.462657 -0.00911911
vn 0 1 0
v 0.0303815 0.463031 -0.0067924
vn 0 1 0
v 0.0133058 0.462781 -0.00312475
vn 0 1 0
v 0.0147151 0.393447 -0.00127191
vn -0.866025 0 0.5
v 0.0114854 0.393524 0.00407062
vn -0.707107 0 0.707107
v 0.0100761 0.462859 0.00221778
vn 0 1 0
v -0.0091611 0.350878 0.00890214
vn 0 -1 0
v -0.015921 0.350828 0.0121818
vn 0 -1 0
v 0.00784266 0.351241 0.00952724
vn 0 -1 0
v -0.0135752 -0.039427 0.0118676
vn 0 -1 0
v 0.0188542 -0.0388647 0.00824499
vn 0 -1 0
v -0.0180954 0.350592 0.00499488
vn 0.707107 0 0.707107
v 0.0202223 -0.0389631 0.00352179
vn -0.965926 0 0.258819
v -0.00992357 0.350997 0.0139147
vn 0 -1 0
v 0.00237609 0.35121 0.0125408
vn 0 -1 0
v -0.00454367 0.393434 0.0129068
vn 0 0 1
v -0.0036837 0.351127 0.0140374
vn 0 0 1
v -0.0121929 0.462639 0.0109313
vn 0.258819 0 0.965926
v 0.00151612 0.393517 0.0114102
vn 0 -1 0
v -0.0131189 0.393666 0.028123
vn 0.258819 0 0.965926
v -0.0244164 0.462724 0.0234119
vn 0 1 0
v 0.0161784 0.394068 0.0208874
vn 0 -1 0
v 0.0221931 0.463364 0.0119029
vn -0.707107 0 0.707107
v 0.02752 0.463237 0.00309243
vn -0.866025 0 0.5
v 0.0236025 0.394029 0.0137557
vn -0.707107 0 0.707107
v 0.00557333 0.462883 0.00654383
vn 0 1 0
v 0.0305904 0.46276 -0.017081
vn -1 0 0
v 0.0319998 0.393425 -0.0152281
vn 0 -1 0
v 0.0112203 0.350611 -0.0165855
vn 0 -1 0
v 0.017438 0.35085 -0.0123748
vn -1 0 0
v 0.012399 0.350763 -0.0118119
vn 0 -1 0
v 0.017438 0.35085 -0.0123748
vn 0 -1 0
v 0.0164509 0.393322 -0.00726627
vn -0.965926 0 0.258819
v 0.016578 0.393158 -0.0135054
vn 0 -1 0
v -0.00624987 0.491213 0.0128123
vn 0 -1 0
v -0.00652971 0.49114 0.0102959
vn 0 0 1
v -0.00572174 0.566417 0.0345929
vn -3.8e-05 -0.304775 0.952424
v -0.00572174 0.566417 0.0345929
vn 0 0 1
v 0.00669831 0.57531 0.0312479
vn 0 1 0
v 0.00669831 0.57531 0.0312479
vn -0.258819 0 0.965926
v 0.00687557 0.56659 0.0314809
vn -0.246717 -0.302749 0.920583
v 0.00499664 0.491254 0.00578567
vn 0 -1 0
v 0.00649879 0.491339 0.00782259
vn 0 -1 0
v -0.00424393 0.350981 0.00899958
vn 0 -1 0
v -0.0091611 0.350878 0.00890214
vn 0.258819 0 0.965926
v -0.00123661 -0.0389771 0.0193203
vn 0.258819 0 0.965926
v -0.0138863 0.350746 0.00753706
vn 0.5 0 0.866025
v 0.0163094 -0.0388039 0.0124549
vn 0 -1 0
v -0.0101709 -0.0392631 0.015413
vn 0.707107 0 0.707107
v 0.0188542 -0.0388647 0.00824499
vn -0.866025 0 0.5
v 0.0122978 0.350892 -0.00689632
vn -0.965926 0 0.258819
v -0.0036837 0.351127 0.0140374
vn 0 -1 0
v 0.00237609 0.35121 0.0125408
vn -0.258819 0 0.965926
v 0.0289294 0.393902 0.00494527
vn -0.866025 0 0.5
v 0.00151612 0.393517 0.0114102
vn -0.258819 0 0.965926
v -0.00595302 0.462769 0.011054
vn 0 0 1
v 0.00698269 0.393548 0.00839667
vn 0 -1 0
v -0.0145283 0.463001 0.0262702
vn 0.258819 0 0.965926
v -0.0131189 0.393666 0.028123
vn 0 -1 0
v 0.00716388 0.394018 0.0258573
vn 0 -1 0
v 0.0147691 0.463403 0.0190346
vn 0 1 0
v 0.0161784 0.394068 0.0208874
vn -0.5 0 0.866025
v 0.0147691 0.463403 0.0190346
vn -0.5 0 0.866025
v 0.0317908 0.393696 -0.00493956
vn -0.965926 0 0.258819
v 0.0122978 0.350892 -0.00689632
vn 0 -1 0
v 0.0164509 0.393322 -0.00726627
vn 0 -1 0
v 0.0173109 0.351014 -0.0061357
vn -0.965926 0 0.258819
v -0.00624987 0.491213 0.0128123
vn -3.8e-05 -0.304775 0.952424
v -0.00589899 0.575137 0.0343599
vn 0 0 1
v -0.00589899 0.575137 0.0343599
vn 0 1 0
v 0.00687557 0.56659 0.0314809
vn -0.258819 0 0.965926
v 0.000452157 0.491305 0.0111564
vn -0.246717 -0.302749 0.920583
v -0.000469922 0.491223 0.00879919
vn 0 -1 0
v 0.00499664 0.491254 0.00578567
vn -0.5 0 0.866025
v 0.0303815 0.463031 -0.0067924
vn -0.965926 0 0.258819
v 0.0147151 0.393447 -0.00127191
vn 0 -1 0
v 0.0114854 0.393524 0.00407062
vn 0 -1 0
v 0.0317908 0.393696 -0.00493956
vn 0 -1 0
v 0.0123454 0.351217 0.00520119
vn -0.707107 0 0.707107
v 0.0155751 0.351139 -0.000141335
vn -0.866025 0 0.5
v -0.00424393 0.350981 0.00899958
vn 0 0 1
v 0.00368056 -0.0388745 0.0194177
vn 0 0 1
v -0.00596175 -0.0391096 0.0179552
vn 0.5 0 0.866025
v 0.0123454 0.351217 0.00520119
vn 0 -1 0
v -0.0101709 -0.0392631 0.015413
vn 0 -1 0
v 0.0163094 -0.0388039 0.0124549
vn -0.707107 0 0.707107
v 0.0109297 0.350991 -0.00217312
vn -0.866025 0 0.5
v 0.00784266 0.351241 0.00952724
vn -0.5 0 0.866025
v 0.000106769 0.462852 0.00955735
vn -0.258819 0 0.965926
v 0.00698269 0.393548 0.00839667
vn -0.5 0 0.866025
v -0.00282893 0.393881 0.0283264
vn 0 0 1
v -0.0145283 0.463001 0.0262702
vn 0 1 0
v -0.00282893 0.393881 0.0283264
vn 0 -1 0
v 0.00716388 0.394018 0.0258573
vn -0.258819 0 0.965926
v 0.00575453 0.463353 0.0240044
vn -0.258819 0 0.965926
v 0.0173109 0.351014 -0.0061357
vn 0 -1 0
v -0.000469922 0.491223 0.00879919
vn -0.258819 0 0.965926
v 0.00557333 0.462883 0.00654383
vn -0.5 0 0.866025
v 0.00845566 -0.038809 0.0182375
vn -0.258819 0 0.965926
v -0.00596175 -0.0391096 0.0179552
vn 0 -1 0
v -0.00123661 -0.0389771 0.0193203
vn 0 -1 0
v 0.00845566 -0.038809 0.0182375
vn 0 -1 0
v 0.00368056 -0.0388745 0.0194177
vn 0 -1 0
v 0.000531161 0.351046 0.00781943
vn 0 -1 0
v 0.0083849 0.351051 0.0020368
vn -0.707107 0 0.707107
v 0.0109297 0.350991 -0.00217312
vn 0 -1 0
v -0.00423828 0.463216 0.0264735
vn 0 0 1
v 0.00575453 0.463353 0.0240044
vn 0 1 0
v 0.0155751 0.351139 -0.000141335
vn 0 -1 0
v 0.00483848 0.35107 0.00544535
vn 0 -1 0
v 0.000531161 0.351046 0.00781943
vn -0.258819 0 0.965926
v 0.012763 -0.0387849 0.0158635
vn 0 -1 0
v 0.0083849 0.351051 0.0020368
vn 0 -1 0
v 0.00483848 0.35107 0.00544535
vn -0.5 0 0.866025
v -0.00423828 0.463216 0.0264735
vn 0 1 0
v 0.012763 -0.0387849 0.0158635
vn -0.5 0 0.866025
v -0.000237673 -0.398455 0.0558888
vn 0 1 0
v 0.0118829 -0.398192 0.0565052
vn 0 1 0
v 0.011893 -0.398187 0.0566589
vn 0 1 0
v -0.000207431 -0.398458 0.0557355
vn 0 1 0
v 0.011893 -0.398187 0.0566589
vn 0 -1 0
v 0.0118829 -0.398192 0.0565052
vn 0 -1 0
v -0.000237673 -0.398455 0.0558888
vn 0 -1 0
v -0.000207431 -0.398458 0.0557355
vn 0 -1 0
v 0.0119157 -0.399305 0.0566888
vn 0 -1 0
v -0.00021496 -0.399572 0.0559186
vn 0 -1 0
v -0.000837223 -0.3995 0.0590709
vn 0 -1 0
v -0.000859935 -0.398383 0.0590411
vn 0 1 0
v 0.011893 -0.398187 0.0566589
vn 0.043799 0 0.99904
v -0.00021496 -0.399572 0.0559186
vn 0.300877 0 0.953663
v -0.000237673 -0.398455 0.0558888
vn 0.300877 0 0.953663
v 0.0119157 -0.399305 0.0566888
vn 0.043799 0 0.99904
v -0.000237673 -0.398455 0.0558888
vn -0.300877 -0 -0.953663
v -0.00021496 -0.399572 0.0559186
vn -0.300877 -0 -0.953663
v 0.011893 -0.398187 0.0566589
vn -0.043799 -0 -0.99904
v 0.0119157 -0.399305 0.0566888
vn -0.043799 -0 -0.99904
v 0.0237611 -0.398014 0.0541182
vn 0 1 0
v 0.0119157 -0.399305 0.0566888
vn 0.014057 -0.948184 0.317411
v 0.00792096 -0.415669 0.0122709
vn -0.026743 -0.949962 0.311218
v -0.00021496 -0.399572 0.0559186
vn 0.096252 -0.947561 0.304736
v 0.0238093 -0.398009 0.0542626
vn 0 1 0
v 0.0238093 -0.398009 0.0542626
vn 0 -1 0
v 0.0238093 -0.398009 0.0542626
vn -0.216264 0 0.976335
v 0.0238093 -0.398009 0.0542626
vn 0.216264 0 -0.976335
v -0.0117548 -0.398792 0.0520055
vn 0 1 0
v -0.0117548 -0.398792 0.0520055
vn 0 -1 0
v -0.0117321 -0.39991 0.0520354
vn 0.537451 0 0.843295
v -0.0117321 -0.39991 0.0520354
vn -0.537451 -0 -0.843295
v -0.0131499 -0.399862 0.0549185
vn 0 -1 0
v -0.0131726 -0.398744 0.0548886
vn 0 1 0
v 0.0248704 -0.399024 0.0573337
vn 0 -1 0
v 0.0248477 -0.397907 0.0573039
vn 0 1 0
v 0.0346182 -0.397937 0.0487373
vn 0 1 0
v 0.0237611 -0.398014 0.0541182
vn 0 -1 0
v 0.0238321 -0.399127 0.0542925
vn 0 -1 0
v 0.0238321 -0.399127 0.0542925
vn -0.216264 0 0.976335
v 0.0238321 -0.399127 0.0542925
vn 0.216264 0 -0.976335
v 0.0238321 -0.399127 0.0542925
vn -0.068003 -0.949005 0.307841
v -0.0117321 -0.39991 0.0520354
vn 0.172421 -0.947169 0.270448
v 0.0078238 -0.415672 0.0122566
vn 0.199914 -0.950463 0.238021
v -0.0116859 -0.398795 0.0518651
vn 0 1 0
v -0.0116859 -0.398795 0.0518651
vn 0 -1 0
v -0.0117321 -0.39991 0.0520354
vn 0 -1 0
v -0.0117548 -0.398792 0.0520055
vn 0.537451 0 0.843295
v -0.0117548 -0.398792 0.0520055
vn -0.537451 -0 -0.843295
v -0.0131499 -0.399862 0.0549185
vn 0.537451 0 0.843295
v -0.0131726 -0.398744 0.0548886
vn 0.537451 0 0.843295
v -0.000837223 -0.3995 0.0590709
vn 0.300877 0 0.953663
v -0.000859935 -0.398383 0.0590411
vn 0.300877 0 0.953663
v 0.0121293 -0.399215 0.0598946
vn 0 -1 0
v 0.0121066 -0.398097 0.0598647
vn 0 1 0
v 0.00812393 -0.213263 0.0515633
vn 0 -1 0
v 0.0200021 -0.213085 0.0491763
vn 0 -1 0
v -0.00396644 -0.213529 0.0507937
vn 0 -1 0
v 0.00811885 -0.212514 0.0516972
vn 0 -1 0
v 0.0204652 -0.212293 0.0505624
vn 0 -1 0
v 0.0200352 -0.212336 0.0493009
vn 0 -1 0
v -0.0161163 -0.213099 0.0482389
vn 0.537451 0 0.843295
v -0.0161896 -0.209496 0.0481426
vn 0.537451 0 0.843295
v -0.00426997 -0.212752 0.0522332
vn 0.300877 0 0.953663
v -0.0154449 -0.213866 0.0469232
vn 0 -1 0
v 0.0308592 -0.213008 0.0437954
vn 0 -1 0
v -0.0161163 -0.213099 0.0482389
vn 0 -1 0
v -0.00426997 -0.212752 0.0522332
vn 0 -1 0
v -0.00401181 -0.212781 0.050927
vn 0 -1 0
v -0.0155289 -0.213119 0.0470438
vn 0 -1 0
v 0.0347049 -0.397932 0.0488654
vn 0 1 0
v 0.0347049 -0.397932 0.0488654
vn 0 -1 0
v 0.0346182 -0.397937 0.0487373
vn 0 -1 0
v 0.0347276 -0.399049 0.0488953
vn 0 -1 0
v 0.0365174 -0.398942 0.0515649
vn 0 -1 0
v 0.0364947 -0.397824 0.051535
vn 0 1 0
v 0.0347049 -0.397932 0.0488654
vn -0.461589 0 0.887094
v 0.0347276 -0.399049 0.0488953
vn -0.461589 0 0.887094
v 0.0347049 -0.397932 0.0488654
vn 0.461589 0 -0.887094
v 0.0347276 -0.399049 0.0488953
vn 0.461589 0 -0.887094
v 0.0347276 -0.399049 0.0488953
vn -0.144014 -0.94996 0.277193
v -0.0170035 -0.400111 0.0485266
vn 0.208045 -0.946197 0.247847
v 0.0078238 -0.415672 0.0122566
vn 0 1 0
v 0.00798224 -0.41567 0.0122158
vn 0 1 0
v 0.00792096 -0.415669 0.0122709
vn 0 1 0
v 0.00778571 -0.415674 0.0122035
vn 0 1 0
v 0.00798841 -0.415672 0.0121356
vn 0 1 0
v 0.00778879 -0.415676 0.0121227
vn 0 1 0
v 0.00793332 -0.415674 0.0120744
vn 0 1 0
v 0.00785018 -0.415676 0.0120686
vn 0 1 0
v 0.00792096 -0.415669 0.0122709
vn 0 -1 0
v 0.00798224 -0.41567 0.0122158
vn 0 -1 0
v 0.0078238 -0.415672 0.0122566
vn 0 -1 0
v 0.00778571 -0.415674 0.0122035
vn 0 -1 0
v 0.00798841 -0.415672 0.0121356
vn 0 -1 0
v 0.00778879 -0.415676 0.0121227
vn 0 -1 0
v 0.00793332 -0.415674 0.0120744
vn 0 -1 0
v 0.00785018 -0.415676 0.0120686
vn 0 -1 0
v 0.00778879 -0.415676 0.0121227
vn 0.202537 -0.954321 -0.219661
v 0.00785018 -0.415676 0.0120686
vn -0.012125 -0.95664 -0.291022
v -0.0171239 -0.402169 -0.02842
vn 0.14109 -0.952259 -0.270733
v 0.00798841 -0.415672 0.0121356
vn -0.29162 -0.956439 0.013473
v 0.00798224 -0.41567 0.0122158
vn -0.20175 -0.954016 0.2217
v 0.0544835 -0.399441 0.01923
vn -0.289338 -0.952847 0.091465
v 0.00793332 -0.415674 0.0120744
vn -0.212784 -0.957472 -0.19486
v 0.029334 -0.401309 -0.0315579
vn -0.159973 -0.954656 -0.25108
v 0.00778571 -0.415674 0.0122035
vn 0.306676 -0.951729 -0.012682
v -0.0352691 -0.401103 0.0252912
vn 0.311481 -0.947736 0.069112
v -0.0368806 -0.401778 0.00124746
vn 0.299808 -0.949319 -0.094389
v 0.0528728 -0.400116 -0.00481589
vn -0.292124 -0.954196 -0.064599
v -0.0218716 -0.399178 0.0452723
vn 0 1 0
v -0.0218716 -0.399178 0.0452723
vn 0 -1 0
v -0.0170035 -0.400111 0.0485266
vn 0.642925 0 0.765929
v -0.0170035 -0.400111 0.0485266
vn -0.642925 -0 -0.765929
v -0.0185557 -0.400068 0.0513221
vn 0 -1 0
v -0.0185784 -0.39895 0.0512923
vn 0 1 0
v 0.0437149 -0.397966 0.0407338
vn 0 1 0
v -0.0185784 -0.39895 0.0512923
vn 0.642925 0 0.765929
v 0.0121293 -0.399215 0.0598946
vn 0.043799 0 0.99904
v 0.0121066 -0.398097 0.0598647
vn 0.043799 0 0.99904
v 0.0248704 -0.399024 0.0573337
vn -0.216264 0 0.976335
v 0.0248477 -0.397907 0.0573039
vn -0.216264 0 0.976335
v 0.00820617 -0.212477 0.0530252
vn 0 -1 0
v -0.0043432 -0.209149 0.052137
vn 0.300877 0 0.953663
v 0.00820617 -0.212477 0.0530252
vn 0.043799 0 0.99904
v 0.0316715 -0.212214 0.0450108
vn 0 -1 0
v -0.0265953 -0.209893 0.0412174
vn 0.737399 0 0.675458
v 0.0399559 -0.213037 0.035792
vn 0 -1 0
v -0.0265221 -0.213496 0.0413136
vn 0 -1 0
v 0.0438318 -0.397961 0.0408354
vn 0 1 0
v 0.0438318 -0.397961 0.0408354
vn 0 -1 0
v 0.0438318 -0.397961 0.0408354
vn -0.675458 0 0.737399
v 0.0438318 -0.397961 0.0408354
vn 0.675458 0 -0.737399
v 0.0462745 -0.398973 0.0429777
vn 0 -1 0
v 0.0462518 -0.397855 0.0429478
vn 0 1 0
v 0.0438545 -0.399078 0.0408653
vn -0.208799 -0.950951 0.228244
v 0.0365174 -0.398942 0.0515649
vn -0.461589 0 0.887094
v 0.0364947 -0.397824 0.051535
vn -0.461589 0 0.887094
v 0.0309307 -0.212259 0.0439037
vn 0 -1 0
v -0.0167278 -0.398987 0.0485107
vn 0 1 0
v -0.0167278 -0.398987 0.0485107
vn 0 -1 0
v -0.0170035 -0.400111 0.0485266
vn 0 -1 0
v -0.0218489 -0.400295 0.0453021
vn 0.737399 0 0.675458
v -0.0177358 -0.400139 0.0480381
vn 0.642925 0 0.765929
v -0.0173977 -0.400126 0.0482649
vn 0.642925 0 0.765929
v -0.0177358 -0.400139 0.0480381
vn -0.642925 -0 -0.765929
v -0.0218489 -0.400295 0.0453021
vn -0.737399 -0 -0.675458
v -0.0173977 -0.400126 0.0482649
vn -0.642925 -0 -0.765929
v -0.0173977 -0.400126 0.0482649
vn 0.208045 -0.946197 0.247847
v -0.0177358 -0.400139 0.0480381
vn 0.208045 -0.946197 0.247847
v -0.0218489 -0.400295 0.0453021
vn 0.236717 -0.94707 0.216848
v -0.0262506 -0.40214 -0.020388
vn 0.208403 -0.951285 -0.22721
v -0.00623138 -0.402092 -0.0338169
vn 0.065603 -0.953115 -0.295413
v 0.050593 -0.399212 0.0307445
vn -0.258186 -0.951938 0.164783
v 0.0552602 -0.399749 0.0070997
vn -0.300768 -0.953604 0.013326
v 0.0394528 -0.400923 -0.0248248
vn -0.21936 -0.95473 -0.200926
v 0.0178188 -0.401647 -0.0354413
vn -0.089778 -0.954355 -0.284863
v -0.0376563 -0.40147 0.0133776
vn 0.316672 -0.948436 -0.013722
v -0.0298771 -0.400702 0.0361812
vn 0.284222 -0.947271 0.147969
v -0.0329895 -0.402007 -0.0102701
vn 0.262692 -0.950286 -0.167183
v 0.047481 -0.400516 -0.0157039
vn -0.264327 -0.954584 -0.137478
v -0.0218716 -0.399178 0.0452723
vn 0.737399 0 0.675458
v -0.0218716 -0.399178 0.0452723
vn -0.737399 -0 -0.675458
v -0.0185557 -0.400068 0.0513221
vn 0.642925 0 0.765929
v -0.0265221 -0.213496 0.0413136
vn 0.737399 0 0.675458
v -0.0255278 -0.21425 0.0402143
vn 0 -1 0
v -0.0256457 -0.213505 0.0403105
vn 0 -1 0
v 0.0437149 -0.397966 0.0407338
vn 0 -1 0
v 0.0438545 -0.399078 0.0408653
vn 0 -1 0
v 0.0438545 -0.399078 0.0408653
vn -0.675458 0 0.737399
v 0.0438545 -0.399078 0.0408653
vn 0.675458 0 -0.737399
v 0.00813293 -0.208874 0.0529289
vn 0.043799 0 0.99904
v 0.0204652 -0.212293 0.0505624
vn -0.216264 0 0.976335
v 0.020392 -0.20869 0.0504661
vn -0.216264 0 0.976335
v 0.0316715 -0.212214 0.0450108
vn -0.461589 0 0.887094
v -0.0161896 -0.209496 0.0481426
vn 0 1 0
v 0.0315983 -0.208611 0.0449145
vn 0 1 0
v -0.0043432 -0.209149 0.052137
vn 0 1 0
v -0.0265953 -0.209893 0.0412174
vn 0 1 0
v 0.0409872 -0.208641 0.036653
vn 0 1 0
v 0.0400577 -0.212288 0.0358737
vn 0 -1 0
v 0.0410605 -0.212244 0.0367493
vn 0 -1 0
v 0.0462745 -0.398973 0.0429777
vn -0.675458 0 0.737399
v 0.0462518 -0.397855 0.0429478
vn -0.675458 0 0.737399
v -0.0174514 -0.399014 0.0480293
vn 0 1 0
v -0.0217688 -0.399179 0.0451562
vn 0 1 0
v -0.0174514 -0.399014 0.0480293
vn 0 -1 0
v -0.0217688 -0.399179 0.0451562
vn 0 -1 0
v -0.0218489 -0.400295 0.0453021
vn 0 -1 0
v -0.0239648 -0.400274 0.0477241
vn 0 -1 0
v -0.0177358 -0.400139 0.0480381
vn 0 -1 0
v -0.0192796 -0.400095 0.0508377
vn 0 -1 0
v -0.0173977 -0.400126 0.0482649
vn 0 -1 0
v -0.0261564 -0.401018 -0.0203162
vn 0 1 0
v -0.0262733 -0.401023 -0.0204178
vn 0 1 0
v -0.0170601 -0.401047 -0.0283227
vn 0 1 0
v -0.0171466 -0.401052 -0.0284498
vn 0 1 0
v -0.0170601 -0.401047 -0.0283227
vn 0 -1 0
v -0.0262733 -0.401023 -0.0204178
vn 0 -1 0
v -0.0261564 -0.401018 -0.0203162
vn 0 -1 0
v -0.0171466 -0.401052 -0.0284498
vn 0 -1 0
v -0.0171239 -0.402169 -0.02842
vn 0 -1 0
v -0.0286708 -0.402246 -0.0225024
vn 0 -1 0
v -0.0262506 -0.40214 -0.020388
vn 0 -1 0
v -0.0171239 -0.402169 -0.02842
vn 0.461589 0 -0.887094
v -0.0262733 -0.401023 -0.0204178
vn 0.675458 0 -0.737399
v -0.0262506 -0.40214 -0.020388
vn 0.675458 0 -0.737399
v -0.0171466 -0.401052 -0.0284498
vn 0.461589 0 -0.887094
v -0.0262506 -0.40214 -0.020388
vn -0.675458 0 0.737399
v -0.0262733 -0.401023 -0.0204178
vn -0.675458 0 0.737399
v -0.0171239 -0.402169 -0.02842
vn -0.461589 0 0.887094
v -0.0171466 -0.401052 -0.0284498
vn -0.461589 0 0.887094
v 0.0292441 -0.400189 -0.0314495
vn 0 1 0
v -0.0189135 -0.402277 -0.0310876
vn 0 -1 0
v -0.0286935 -0.401129 -0.0225322
vn 0 1 0
v -0.0189362 -0.40116 -0.0311174
vn 0 1 0
v -0.00620263 -0.40097 -0.0337006
vn 0 1 0
v -0.00625409 -0.400975 -0.0338467
vn 0 1 0
v -0.00620263 -0.40097 -0.0337006
vn 0 -1 0
v -0.00625409 -0.400975 -0.0338467
vn 0 -1 0
v -0.00623138 -0.402092 -0.0338169
vn 0 -1 0
v -0.00623138 -0.402092 -0.0338169
vn 0.216264 0 -0.976335
v -0.00625409 -0.400975 -0.0338467
vn 0.216264 0 -0.976335
v -0.00623138 -0.402092 -0.0338169
vn -0.216264 0 0.976335
v -0.00625409 -0.400975 -0.0338467
vn -0.216264 0 0.976335
v 0.0177657 -0.400526 -0.0353199
vn 0 1 0
v 0.00568818 -0.401914 -0.0362115
vn -0.013023 -0.953823 -0.300088
v 0.0505703 -0.398095 0.0307146
vn 0 1 0
v 0.0504331 -0.398099 0.0306475
vn 0 1 0
v 0.0544608 -0.398323 0.0192001
vn 0 1 0
v 0.0543105 -0.398327 0.0191696
vn 0 1 0
v 0.0544608 -0.398323 0.0192001
vn 0 -1 0
v 0.0504331 -0.398099 0.0306475
vn 0 -1 0
v 0.0505703 -0.398095 0.0307146
vn 0 -1 0
v 0.0543105 -0.398327 0.0191696
vn 0 -1 0
v 0.0544835 -0.399441 0.01923
vn 0 -1 0
v 0.050593 -0.399212 0.0307445
vn 0 -1 0
v 0.0576359 -0.39936 0.0198504
vn 0 -1 0
v 0.0576132 -0.398242 0.0198205
vn 0 1 0
v 0.0544835 -0.399441 0.01923
vn -0.953663 0 0.300877
v 0.0505703 -0.398095 0.0307146
vn -0.843295 0 0.537451
v 0.0544608 -0.398323 0.0192001
vn -0.953663 0 0.300877
v 0.050593 -0.399212 0.0307445
vn -0.843295 0 0.537451
v 0.0544608 -0.398323 0.0192001
vn 0.953663 0 -0.300877
v 0.0505703 -0.398095 0.0307146
vn 0.843295 0 -0.537451
v 0.0544835 -0.399441 0.01923
vn 0.953663 0 -0.300877
v 0.050593 -0.399212 0.0307445
vn 0.843295 0 -0.537451
v -0.0297716 -0.399585 0.0360646
vn 0 1 0
v 0.0552375 -0.398631 0.00706984
vn 0 1 0
v 0.0550837 -0.398634 0.00707998
vn 0 1 0
v 0.0552375 -0.398631 0.00706984
vn 0 -1 0
v 0.0550837 -0.398634 0.00707998
vn 0 -1 0
v 0.0552602 -0.399749 0.0070997
vn 0 -1 0
v 0.0584676 -0.399689 0.00688423
vn 0 -1 0
v 0.0584449 -0.398572 0.00685438
vn 0 1 0
v 0.0552602 -0.399749 0.0070997
vn -0.99904 0 0.043799
v 0.0552375 -0.398631 0.00706984
vn -0.99904 0 0.043799
v 0.0552375 -0.398631 0.00706984
vn 0.99904 0 -0.043799
v 0.0552602 -0.399749 0.0070997
vn 0.99904 0 -0.043799
v -0.0351445 -0.399984 0.0252117
vn 0 1 0
v 0.029334 -0.401309 -0.0315579
vn 0 -1 0
v 0.0394528 -0.400923 -0.0248248
vn 0 -1 0
v 0.0415657 -0.400945 -0.0272465
vn 0 -1 0
v 0.0307534 -0.401357 -0.0344442
vn 0 -1 0
v 0.0293113 -0.400192 -0.0315877
vn 0 1 0
v 0.041543 -0.399828 -0.0272763
vn 0 1 0
v 0.03943 -0.399806 -0.0248547
vn 0 1 0
v 0.0307307 -0.40024 -0.034474
vn 0 1 0
v 0.0394528 -0.400923 -0.0248248
vn -0.737399 -0 -0.675458
v 0.0293113 -0.400192 -0.0315877
vn -0.537451 -0 -0.843295
v 0.029334 -0.401309 -0.0315579
vn -0.537451 -0 -0.843295
v 0.03943 -0.399806 -0.0248547
vn -0.737399 -0 -0.675458
v 0.029334 -0.401309 -0.0315579
vn 0.537451 0 0.843295
v 0.0293113 -0.400192 -0.0315877
vn 0.537451 0 0.843295
v 0.0394528 -0.400923 -0.0248248
vn 0.737399 0 0.675458
v 0.03943 -0.399806 -0.0248547
vn 0.737399 0 0.675458
v 0.039327 -0.399805 -0.0247406
vn 0 1 0
v 0.0292441 -0.400189 -0.0314495
vn 0 -1 0
v 0.039327 -0.399805 -0.0247406
vn 0 -1 0
v 0.03943 -0.399806 -0.0248547
vn 0 -1 0
v 0.0293113 -0.400192 -0.0315877
vn 0 -1 0
v 0.0177961 -0.400529 -0.0354712
vn 0 1 0
v 0.0177657 -0.400526 -0.0353199
vn 0 -1 0
v 0.0177961 -0.400529 -0.0354712
vn 0 -1 0
v 0.0178188 -0.401647 -0.0354413
vn 0 -1 0
v 0.0177961 -0.400529 -0.0354712
vn -0.300877 -0 -0.953663
v 0.0178188 -0.401647 -0.0354413
vn -0.300877 -0 -0.953663
v 0.0178188 -0.401647 -0.0354413
vn 0.300877 0 0.953663
v 0.0177961 -0.400529 -0.0354712
vn 0.300877 0 0.953663
v -0.0352918 -0.399986 0.0252613
vn 0 1 0
v -0.0376791 -0.400352 0.0133477
vn 0 1 0
v -0.0375256 -0.40035 0.0133346
vn 0 1 0
v -0.0376791 -0.400352 0.0133477
vn 0 -1 0
v -0.0352918 -0.399986 0.0252613
vn 0 -1 0
v -0.0351445 -0.399984 0.0252117
vn 0 -1 0
v -0.0375256 -0.40035 0.0133346
vn 0 -1 0
v -0.0376563 -0.40147 0.0133776
vn 0 -1 0
v -0.0408637 -0.401529 0.0135931
vn 0 -1 0
v -0.0352691 -0.401103 0.0252912
vn 0 -1 0
v -0.0408864 -0.400412 0.0135632
vn 0 1 0
v -0.0352691 -0.401103 0.0252912
vn 0.976335 0 0.216264
v -0.0376791 -0.400352 0.0133477
vn 0.99904 0 -0.043799
v -0.0352918 -0.399986 0.0252613
vn 0.976335 0 0.216264
v -0.0376563 -0.40147 0.0133776
vn 0.99904 0 -0.043799
v -0.0352918 -0.399986 0.0252613
vn -0.976335 -0 -0.216264
v -0.0376791 -0.400352 0.0133477
vn -0.99904 0 0.043799
v -0.0352691 -0.401103 0.0252912
vn -0.976335 -0 -0.216264
v -0.0376563 -0.40147 0.0133776
vn -0.99904 0 0.043799
v 0.00915076 -0.399337 0.0157435
vn 0 1 0
v -0.0298998 -0.399585 0.0361513
vn 0 1 0
v -0.0298998 -0.399585 0.0361513
vn 0 -1 0
v -0.0297716 -0.399585 0.0360646
vn 0 -1 0
v -0.0383094 -0.401137 0.0263309
vn 0 -1 0
v -0.0298771 -0.400702 0.0361812
vn 0 -1 0
v -0.0383321 -0.40002 0.026301
vn 0 1 0
v -0.0298771 -0.400702 0.0361812
vn 0.887094 0 0.461589
v -0.0298998 -0.399585 0.0361513
vn 0.887094 0 0.461589
v -0.0298998 -0.399585 0.0361513
vn -0.887094 -0 -0.461589
v -0.0298771 -0.400702 0.0361812
vn -0.887094 -0 -0.461589
v -0.036752 -0.400657 0.00124797
vn 0 1 0
v -0.0369033 -0.400661 0.0012176
vn 0 1 0
v -0.036752 -0.400657 0.00124797
vn 0 -1 0
v -0.0369033 -0.400661 0.0012176
vn 0 -1 0
v -0.0368806 -0.401778 0.00124746
vn 0 -1 0
v -0.0369033 -0.400661 0.0012176
vn 0.953663 0 -0.300877
v -0.0368806 -0.401778 0.00124746
vn 0.953663 0 -0.300877
v -0.0369033 -0.400661 0.0012176
vn -0.953663 0 0.300877
v -0.0368806 -0.401778 0.00124746
vn -0.953663 0 0.300877
v 0.00379769 -0.399659 0.00776395
vn 0 1 0
v -0.0328746 -0.400885 -0.0102299
vn 0 1 0
v -0.0330122 -0.40089 -0.0103
vn 0 1 0
v -0.0328746 -0.400885 -0.0102299
vn 0 -1 0
v -0.0330122 -0.40089 -0.0103
vn 0 -1 0
v -0.0329895 -0.402007 -0.0102701
vn 0 -1 0
v -0.040032 -0.401859 0.00062689
vn 0 -1 0
v -0.0400547 -0.400741 0.00059703
vn 0 1 0
v -0.0330122 -0.40089 -0.0103
vn 0.843295 0 -0.537451
v -0.0329895 -0.402007 -0.0102701
vn 0.843295 0 -0.537451
v -0.0330122 -0.40089 -0.0103
vn -0.843295 0 0.537451
v -0.0329895 -0.402007 -0.0102701
vn -0.843295 0 0.537451
v 0.0473278 -0.399399 -0.0156497
vn 0 1 0
v 0.0528501 -0.398998 -0.00484575
vn 0 1 0
v 0.0527029 -0.399 -0.0047941
vn 0 1 0
v 0.0528501 -0.398998 -0.00484575
vn 0 -1 0
v 0.0527029 -0.399 -0.0047941
vn 0 -1 0
v 0.0528728 -0.400116 -0.00481589
vn 0 -1 0
v 0.0559133 -0.400082 -0.00585356
vn 0 -1 0
v 0.0558906 -0.398964 -0.00588342
vn 0 1 0
v 0.0528728 -0.400116 -0.00481589
vn -0.976335 -0 -0.216264
v 0.0528501 -0.398998 -0.00484575
vn -0.976335 -0 -0.216264
v 0.0528501 -0.398998 -0.00484575
vn 0.976335 0 0.216264
v 0.0528728 -0.400116 -0.00481589
vn 0.976335 0 0.216264
v 0.0142236 -0.399353 0.0112793
vn 0 1 0
v 0.0474583 -0.399399 -0.0157337
vn 0 1 0
v 0.0473278 -0.399399 -0.0156497
vn 0 -1 0
v 0.0474583 -0.399399 -0.0157337
vn 0 -1 0
v 0.047481 -0.400516 -0.0157039
vn 0 -1 0
v 0.047481 -0.400516 -0.0157039
vn -0.887094 -0 -0.461589
v 0.0474583 -0.399399 -0.0157337
vn -0.887094 -0 -0.461589
v 0.0474583 -0.399399 -0.0157337
vn 0.887094 0 0.461589
v 0.047481 -0.400516 -0.0157039
vn 0.887094 0 0.461589
v -0.0193023 -0.398978 0.0508079
vn 0 1 0
v -0.0239875 -0.399156 0.0476943
vn 0 1 0
v -0.0192796 -0.400095 0.0508377
vn 0.642925 0 0.765929
v -0.0193023 -0.398978 0.0508079
vn 0.642925 0 0.765929
v -0.0239875 -0.399156 0.0476943
vn 0.737399 0 0.675458
v -0.0347796 -0.213914 0.0319306
vn 0.887094 0 0.461589
v 0.0466741 -0.21317 0.0257056
vn 0 -1 0
v -0.0347796 -0.213914 0.0319306
vn 0 -1 0
v 0.0534788 -0.399115 0.0321601
vn 0 -1 0
v 0.0534561 -0.397998 0.0321303
vn 0 1 0
v 0.0534561 -0.397998 0.0321303
vn -0.843295 0 0.537451
v 0.00813293 -0.208874 0.0529289
vn 0 1 0
v 0.020392 -0.20869 0.0504661
vn 0 1 0
v 0.0315983 -0.208611 0.0449145
vn -0.461589 0 0.887094
v 0.0479189 -0.208778 0.0262431
vn 0 1 0
v 0.0410605 -0.212244 0.0367493
vn -0.675458 0 0.737399
v 0.0479922 -0.212381 0.0263394
vn 0 -1 0
v -0.0325461 -0.400709 0.0379719
vn 0 -1 0
v -0.0325688 -0.399591 0.0379421
vn 0 1 0
v -0.0239648 -0.400274 0.0477241
vn 0.737399 0 0.675458
v -0.0358751 -0.402103 -0.0116848
vn 0 -1 0
v -0.0358978 -0.400986 -0.0117147
vn 0 1 0
v -0.0286935 -0.401129 -0.0225322
vn 0.675458 0 -0.737399
v -0.0286708 -0.402246 -0.0225024
vn 0.675458 0 -0.737399
v -0.0189362 -0.40116 -0.0311174
vn 0.461589 0 -0.887094
v -0.0358978 -0.400986 -0.0117147
vn 0.843295 0 -0.537451
v -0.0189135 -0.402277 -0.0310876
vn 0.461589 0 -0.887094
v 0.00567454 -0.400792 -0.0360875
vn 0 1 0
v 0.00567454 -0.400792 -0.0360875
vn 0 -1 0
v 0.00568818 -0.401914 -0.0362115
vn -0.043799 -0 -0.99904
v 0.00568818 -0.401914 -0.0362115
vn 0.043799 0 0.99904
v -0.00726689 -0.402195 -0.0368594
vn 0 -1 0
v -0.0072896 -0.401077 -0.0368893
vn 0 1 0
v 0.00566547 -0.400797 -0.0362414
vn 0 -1 0
v 0.00568818 -0.401914 -0.0362115
vn 0 -1 0
v 0.00566547 -0.400797 -0.0362414
vn 0 1 0
v 0.00566547 -0.400797 -0.0362414
vn -0.043799 -0 -0.99904
v 0.00566547 -0.400797 -0.0362414
vn 0.043799 0 0.99904
v 0.0307307 -0.40024 -0.034474
vn -0.537451 -0 -0.843295
v 0.0307534 -0.401357 -0.0344442
vn -0.537451 -0 -0.843295
v 0.041543 -0.399828 -0.0272763
vn -0.737399 -0 -0.675458
v 0.0415657 -0.400945 -0.0272465
vn -0.737399 -0 -0.675458
v 0.05015 -0.40051 -0.0174946
vn 0 -1 0
v 0.0501273 -0.399393 -0.0175245
vn 0 1 0
v 0.05015 -0.40051 -0.0174946
vn -0.887094 -0 -0.461589
v 0.0184411 -0.401718 -0.0385936
vn 0 -1 0
v 0.0184184 -0.400601 -0.0386235
vn 0 1 0
v 0.00770307 -0.399368 0.0156527
vn 0 1 0
v 0.00333451 -0.399631 0.00913531
vn 0 1 0
v 0.00460105 -0.399674 0.00655677
vn 0 1 0
v 0.00568984 -0.399678 0.00560032
vn 0 1 0
v 0.0137608 -0.399325 0.0126536
vn 0 1 0
v 0.0143174 -0.399389 0.00983354
vn 0 1 0
v 0.0140316 -0.399433 0.00841308
vn 0 1 0
v 0.00840737 -0.399648 0.00467114
vn 0 1 0
v -0.0335306 -0.214656 0.0311227
vn 0 -1 0
v -0.033674 -0.213912 0.0311896
vn 0 -1 0
v -0.0348529 -0.210311 0.0318343
vn 0.887094 0 0.461589
v 0.0467962 -0.212421 0.0257529
vn 0 -1 0
v 0.0534788 -0.399115 0.0321601
vn -0.843295 0 0.537451
v 0.0409872 -0.208641 0.036653
vn -0.675458 0 0.737399
v 0.0479189 -0.208778 0.0262431
vn -0.843295 0 0.537451
v -0.0348529 -0.210311 0.0318343
vn 0 1 0
v 0.0479922 -0.212381 0.0263394
vn -0.843295 0 0.537451
v -0.0325688 -0.399591 0.0379421
vn 0.887094 0 0.461589
v -0.0325461 -0.400709 0.0379719
vn 0.887094 0 0.461589
v -0.0358751 -0.402103 -0.0116848
vn 0.843295 0 -0.537451
v -0.010458 -0.215344 -0.040068
vn 0.216264 0 -0.976335
v -0.0105313 -0.211741 -0.0401643
vn 0.216264 0 -0.976335
v -0.0216634 -0.215423 -0.0345165
vn 0.461589 0 -0.887094
v -0.00996163 -0.216041 -0.0386424
vn 0 -1 0
v -0.0208191 -0.216118 -0.0332645
vn 0 -1 0
v 0.0140067 -0.215597 -0.0402618
vn 0 -1 0
v -0.0100282 -0.215301 -0.0388085
vn 0 -1 0
v -0.0216634 -0.215423 -0.0345165
vn 0 -1 0
v -0.0209208 -0.215379 -0.0334116
vn 0 -1 0
v -0.010458 -0.215344 -0.040068
vn 0 -1 0
v -0.0217366 -0.21182 -0.0346127
vn 0.461589 0 -0.887094
v -0.0310503 -0.215393 -0.0262553
vn 0.675458 0 -0.737399
v -0.0299154 -0.216089 -0.0252581
vn 0 -1 0
v 0.0254851 -0.21526 -0.0363913
vn 0 -1 0
v -0.0310503 -0.215393 -0.0262553
vn 0 -1 0
v -0.0300475 -0.21535 -0.0253796
vn 0 -1 0
v -0.0366336 -0.215956 -0.0151717
vn 0 -1 0
v 0.035568 -0.214876 -0.0296825
vn 0 -1 0
v -0.0379823 -0.215256 -0.0158483
vn 0 -1 0
v -0.0367863 -0.215216 -0.0152618
vn 0 -1 0
v -0.0072896 -0.401077 -0.0368893
vn 0.216264 0 -0.976335
v -0.00726689 -0.402195 -0.0368594
vn 0.216264 0 -0.976335
v 0.00180379 -0.21516 -0.0425331
vn -0.043799 -0 -0.99904
v 0.00173056 -0.211558 -0.0426294
vn -0.043799 -0 -0.99904
v 0.00189133 -0.215123 -0.0412031
vn 0 -1 0
v 0.00180379 -0.21516 -0.0425331
vn 0 -1 0
v 0.0576132 -0.398242 0.0198205
vn -0.953663 0 0.300877
v 0.0576359 -0.39936 0.0198504
vn -0.953663 0 0.300877
v 0.0584449 -0.398572 0.00685438
vn -0.99904 0 0.043799
v 0.0584676 -0.399689 0.00688423
vn -0.99904 0 0.043799
v 0.0505515 -0.213398 0.0142277
vn 0 -1 0
v 0.0519938 -0.212616 0.0144946
vn 0 -1 0
v 0.0506866 -0.21265 0.0142383
vn 0 -1 0
v 0.0513247 -0.213706 0.00213812
vn 0 -1 0
v 0.00770719 -0.214298 0.0131409
vn 0 -1 0
v 0.0527943 -0.212933 0.00201774
vn 0 -1 0
v 0.0514634 -0.212958 0.00210809
vn 0 -1 0
v 0.0558906 -0.398964 -0.00588342
vn -0.976335 -0 -0.216264
v 0.0559133 -0.400082 -0.00585356
vn -0.976335 -0 -0.216264
v 0.0503359 -0.213311 -0.0102379
vn -0.976335 -0 -0.216264
v 0.0527943 -0.212933 0.00201774
vn -0.99904 0 0.043799
v 0.0502627 -0.209708 -0.0103342
vn -0.976335 -0 -0.216264
v 0.0503359 -0.213311 -0.0102379
vn 0 -1 0
v 0.0489439 -0.214071 -0.00973596
vn 0 -1 0
v 0.0133233 -0.214409 0.00470552
vn 0 -1 0
v 0.0490759 -0.213325 -0.0098075
vn 0 -1 0
v 0.0105699 -0.399315 0.0154602
vn 0 1 0
v 0.0118684 -0.399306 0.0148153
vn 0 1 0
v 0.0184411 -0.401718 -0.0385936
vn -0.300877 -0 -0.953663
v 0.0501273 -0.399393 -0.0175245
vn -0.887094 -0 -0.461589
v 0.0435688 -0.214471 -0.0205916
vn 0 -1 0
v 0.0356559 -0.214133 -0.0298165
vn 0 -1 0
v 0.0436841 -0.213726 -0.0206955
vn 0 -1 0
v 0.0447895 -0.213723 -0.0214395
vn 0 -1 0
v 0.0365309 -0.214142 -0.0308224
vn 0 -1 0
v 0.0255371 -0.214518 -0.0365495
vn 0 -1 0
v 0.014022 -0.214856 -0.040433
vn 0 -1 0
v 0.0261265 -0.214538 -0.0377448
vn 0 -1 0
v 0.0142801 -0.214886 -0.0417392
vn 0 -1 0
v 0.0184184 -0.400601 -0.0386235
vn -0.300877 -0 -0.953663
v 0.00191553 -0.215863 -0.0410293
vn 0 -1 0
v -0.0408864 -0.400412 0.0135632
vn 0.99904 0 -0.043799
v -0.0383321 -0.40002 0.026301
vn 0.976335 0 0.216264
v -0.0408637 -0.401529 0.0135931
vn 0.99904 0 -0.043799
v -0.0383094 -0.401137 0.0263309
vn 0.976335 0 0.216264
v -0.0412846 -0.215421 0.00839276
vn 0 -1 0
v -0.0389035 -0.215055 0.0202698
vn 0 -1 0
v 0.00340856 -0.214378 0.013431
vn 0 -1 0
v -0.0427844 -0.214704 0.00847434
vn 0 -1 0
v -0.0403259 -0.214326 0.02073
vn 0 -1 0
v -0.039066 -0.214312 0.0202996
vn 0 -1 0
v -0.0414532 -0.214679 0.00838599
vn 0 -1 0
v -0.040511 -0.215728 -0.00369388
vn 0 -1 0
v -0.00314666 -0.214772 0.00366071
vn 0 -1 0
v -0.0406774 -0.214987 -0.00374415
vn 0 -1 0
v -0.0419836 -0.215021 -0.00400057
vn 0 -1 0
v 0.00633088 -0.399409 0.0151915
vn 0 1 0
v 0.00770307 -0.399368 0.0156527
vn 0.300877 0 0.953663
v 0.00411931 -0.223061 0.0109412
vn 0.300877 0 0.953663
v 0.00915076 -0.399337 0.0157435
vn 0.043799 0 0.99904
v 0.00633088 -0.399409 0.0151915
vn 0.537451 0 0.843295
v 0.00274712 -0.223101 0.01048
vn 0.537451 0 0.843295
v -0.0400547 -0.400741 0.00059703
vn 0.953663 0 -0.300877
v -0.040032 -0.401859 0.00062689
vn 0.953663 0 -0.300877
v 0.00379769 -0.399659 0.00776395
vn 0.843295 0 -0.537451
v 0.00460105 -0.399674 0.00655677
vn 0.675458 0 -0.737399
v 0.000213928 -0.223351 0.00305248
vn 0.843295 0 -0.537451
v 0.00333451 -0.399631 0.00913531
vn 0.953663 0 -0.300877
v -0.00024925 -0.223324 0.00442384
vn 0.953663 0 -0.300877
v 0.00568984 -0.399678 0.00560032
vn 0.461589 0 -0.887094
v 0.00210607 -0.22337 0.000888851
vn 0.461589 0 -0.887094
v 0.00698654 -0.399669 0.0049576
vn 0 1 0
v -0.0419836 -0.215021 -0.00400057
vn 0.953663 0 -0.300877
v -0.0379823 -0.215256 -0.0158483
vn 0.843295 0 -0.537451
v -0.0420568 -0.211418 -0.00409685
vn 0.953663 0 -0.300877
v 0.0447895 -0.213723 -0.0214395
vn -0.887094 -0 -0.461589
v 0.0447163 -0.21012 -0.0215358
vn -0.887094 -0 -0.461589
v 0.0129572 -0.399309 0.0138588
vn 0 1 0
v 0.0142236 -0.399353 0.0112793
vn -0.953663 0 0.300877
v 0.0137608 -0.399325 0.0126536
vn -0.843295 0 0.537451
v 0.0106399 -0.223045 0.00656782
vn -0.953663 0 0.300877
v 0.0129572 -0.399309 0.0138588
vn -0.675458 0 0.737399
v 0.010177 -0.223018 0.00794215
vn -0.843295 0 0.537451
v 0.0133903 -0.399481 0.00711482
vn 0 1 0
v 0.0140316 -0.399433 0.00841308
vn -0.976335 -0 -0.216264
v 0.0143174 -0.399389 0.00983354
vn -0.99904 0 0.043799
v 0.0104479 -0.223126 0.00370161
vn -0.976335 -0 -0.216264
v 0.0107336 -0.223082 0.00512207
vn -0.99904 0 0.043799
v 0.00985307 -0.399616 0.0047621
vn 0 1 0
v -0.0403259 -0.214326 0.02073
vn 0.976335 0 0.216264
v 0.0519205 -0.209013 0.0143984
vn 0 1 0
v 0.0519205 -0.209013 0.0143984
vn -0.953663 0 0.300877
v -0.0311235 -0.21179 -0.0263515
vn 0.675458 0 -0.737399
v -0.0380556 -0.211653 -0.0159446
vn 0.843295 0 -0.537451
v 0.00545183 -0.400887 -0.0394471
vn -0.043799 -0 -0.99904
v 0.0142069 -0.211283 -0.0418354
vn -0.300877 -0 -0.953663
v 0.00547454 -0.402004 -0.0394173
vn 0 -1 0
v 0.00545183 -0.400887 -0.0394471
vn 0 1 0
v 0.0519938 -0.212616 0.0144946
vn -0.953663 0 0.300877
v 0.00557677 -0.21433 0.013569
vn 0 -1 0
v 0.00965319 -0.214284 0.0121762
vn 0 -1 0
v 0.0112863 -0.21429 0.0107406
vn 0 -1 0
v 0.0527211 -0.209331 0.00192146
vn -0.99904 0 0.043799
v 0.0131841 -0.214354 0.00687349
vn 0 -1 0
v 0.0124905 -0.214313 0.0089314
vn 0 -1 0
v 0.00556699 -0.223029 0.011032
vn 0.043799 0 0.99904
v 0.0105699 -0.399315 0.0154602
vn -0.216264 0 0.976335
v 0.00698617 -0.223008 0.0107487
vn -0.216264 0 0.976335
v 0.0118684 -0.399306 0.0148153
vn -0.461589 0 0.887094
v 0.0365309 -0.214142 -0.0308224
vn -0.737399 -0 -0.675458
v 0.0364577 -0.210539 -0.0309187
vn -0.737399 -0 -0.675458
v 0.00547454 -0.402004 -0.0394173
vn -0.043799 -0 -0.99904
v 0.0142801 -0.214886 -0.0417392
vn -0.300877 -0 -0.953663
v -0.0427844 -0.214704 0.00847434
vn 0.99904 0 -0.043799
v -0.0403992 -0.210723 0.0206337
vn 0.976335 0 0.216264
v -0.00328584 -0.214717 0.00582868
vn 0 -1 0
v -0.0428576 -0.211101 0.00837806
vn 0.99904 0 -0.043799
v 0.00512693 -0.399455 0.0143885
vn 0 1 0
v 0.00416784 -0.399503 0.0132998
vn 0 1 0
v 0.00154316 -0.223147 0.00967707
vn 0.737399 0 0.675458
v 0.0035255 -0.399551 0.0120016
vn 0 1 0
v 0.00324077 -0.399595 0.0105811
vn 0 1 0
v 0.00324077 -0.399595 0.0105811
vn 0.99904 0 -0.043799
v -0.000342996 -0.223287 0.00586959
vn 0.99904 0 -0.043799
v 0.00101729 -0.223367 0.00184529
vn 0.675458 0 -0.737399
v 0.00340278 -0.223361 0.000246126
vn 0.216264 0 -0.976335
v 0.00698654 -0.399669 0.0049576
vn 0.216264 0 -0.976335
v 0.00482361 -0.22334 -4.03301e-05
vn -0.043799 -0 -0.99904
v 0.00446346 -0.214796 -0.00303714
vn 0 -1 0
v 0.00828464 -0.222998 0.0101038
vn -0.461589 0 0.887094
v 0.00937342 -0.223002 0.00914736
vn -0.675458 0 0.737399
v 0.0124315 -0.399529 0.00602904
vn 0 1 0
v 0.00980652 -0.223173 0.00240335
vn -0.887094 -0 -0.461589
v 0.00764282 -0.223268 0.000514759
vn -0.537451 -0 -0.843295
v 0.0112266 -0.399575 0.00522623
vn -0.537451 -0 -0.843295
v 0.00884777 -0.223222 0.00131756
vn -0.737399 -0 -0.675458
v 0.0124315 -0.399529 0.00602904
vn -0.737399 -0 -0.675458
v 0.0133903 -0.399481 0.00711482
vn -0.887094 -0 -0.461589
v 0.00840737 -0.399648 0.00467114
vn -0.043799 -0 -0.99904
v 0.0112266 -0.399575 0.00522623
vn 0 1 0
v 0.00985307 -0.399616 0.0047621
vn -0.300877 -0 -0.953663
v 0.0062693 -0.223308 5.06295e-05
vn -0.300877 -0 -0.953663
v -0.0403992 -0.210723 0.0206337
vn 0 1 0
v -0.0105313 -0.211741 -0.0401643
vn 0 1 0
v 0.0142069 -0.211283 -0.0418354
vn 0 1 0
v -0.0217366 -0.21182 -0.0346127
vn 0 1 0
v 0.00173056 -0.211558 -0.0426294
vn 0 1 0
v 0.0260533 -0.210935 -0.0378411
vn 0 1 0
v -0.0311235 -0.21179 -0.0263515
vn 0 1 0
v 0.00770719 -0.214298 0.0131409
vn -0.216264 0 0.976335
v 0.00788243 -0.222919 0.0133713
vn -0.216264 0 0.976335
v 0.00557677 -0.21433 0.013569
vn 0.043799 0 0.99904
v 0.00575201 -0.222951 0.0137994
vn 0.043799 0 0.99904
v 0.00340856 -0.214378 0.013431
vn 0.300877 0 0.953663
v 0.00965319 -0.214284 0.0121762
vn -0.461589 0 0.887094
v 0.00982843 -0.222906 0.0124066
vn -0.461589 0 0.887094
v 0.0112863 -0.21429 0.0107406
vn -0.675458 0 0.737399
v 0.0114615 -0.222911 0.010971
vn -0.675458 0 0.737399
v 0.0502627 -0.209708 -0.0103342
vn 0 1 0
v 0.0527211 -0.209331 0.00192146
vn 0 1 0
v 0.0105469 -0.210072 0.00625449
vn 0 1 0
v 0.0447163 -0.21012 -0.0215358
vn 0 1 0
v -0.0420568 -0.211418 -0.00409685
vn 0 1 0
v 0.0131841 -0.214354 0.00687349
vn -0.953663 0 0.300877
v 0.0133233 -0.214409 0.00470552
vn -0.99904 0 0.043799
v 0.0133594 -0.222975 0.00710387
vn -0.953663 0 0.300877
v 0.0124905 -0.214313 0.0089314
vn -0.843295 0 0.537451
v 0.0126657 -0.222935 0.00916178
vn -0.843295 0 0.537451
v 0.0128963 -0.214475 0.00257566
vn 0 -1 0
v 0.0261265 -0.214538 -0.0377448
vn -0.537451 -0 -0.843295
v 0.0260533 -0.210935 -0.0378411
vn -0.537451 -0 -0.843295
v 0.00134872 -0.214438 0.0127388
vn 0 -1 0
v 0.0035838 -0.222999 0.0136614
vn 0.300877 0 0.953663
v 0.00134872 -0.214438 0.0127388
vn 0.537451 0 0.843295
v -0.00314666 -0.214772 0.00366071
vn 0.953663 0 -0.300877
v -0.00328584 -0.214717 0.00582868
vn 0.99904 0 -0.043799
v -0.00297142 -0.223393 0.0038911
vn 0.953663 0 -0.300877
v -0.00245023 -0.214813 0.00160048
vn 0 -1 0
v -0.00245023 -0.214813 0.00160048
vn 0.843295 0 -0.537451
v -0.00227499 -0.223434 0.00183086
vn 0.843295 0 -0.537451
v 0.00512693 -0.399455 0.0143885
vn 0.737399 0 0.675458
v 0.00416784 -0.399503 0.0132998
vn 0.887094 0 0.461589
v 0.00556699 -0.223029 0.011032
vn 0 -1 0
v 0.00411931 -0.223061 0.0109412
vn 0 -1 0
v -0.00028285 -0.223128 0.0117659
vn 0 -1 0
v 0.00698617 -0.223008 0.0107487
vn 0 -1 0
v 0.0114615 -0.222911 0.010971
vn 0 -1 0
v 0.00274712 -0.223101 0.01048
vn 0 -1 0
v -0.00171982 -0.223201 0.0101341
vn 0 -1 0
v 0.00154316 -0.223147 0.00967707
vn 0 -1 0
v 0.0035255 -0.399551 0.0120016
vn 0.976335 0 0.216264
v 0.000584076 -0.223195 0.00858831
vn 0.887094 0 0.461589
v -5.82627e-05 -0.223243 0.00729016
vn 0.976335 0 0.216264
v -0.00024925 -0.223324 0.00442384
vn 0 -1 0
v -0.0031106 -0.223338 0.00605906
vn 0 -1 0
v -0.000342996 -0.223287 0.00586959
vn 0 -1 0
v 0.000213928 -0.223351 0.00305248
vn 0 -1 0
v -0.00297142 -0.223393 0.0038911
vn 0 -1 0
v 0.00101729 -0.223367 0.00184529
vn 0 -1 0
v -0.00227499 -0.223434 0.00183086
vn 0 -1 0
v 0.00210607 -0.22337 0.000888851
vn 0 -1 0
v 0.00340278 -0.223361 0.000246126
vn 0 -1 0
v -0.00107056 -0.223458 2.36684e-05
vn 0 -1 0
v 0.00482361 -0.22334 -4.03301e-05
vn 0 -1 0
v -0.0380556 -0.211653 -0.0159446
vn 0 1 0
v -0.000206139 -0.210387 0.00262885
vn 0 1 0
v -0.0428576 -0.211101 0.00837806
vn 0 1 0
v 0.0364577 -0.210539 -0.0309187
vn 0 1 0
v 0.00233304 -0.214828 -0.00260905
vn 0 -1 0
v 0.00663167 -0.214749 -0.00289915
vn 0 -1 0
v 0.00868875 -0.214688 -0.00220461
vn 0 -1 0
v 0.010177 -0.223018 0.00794215
vn 0 -1 0
v 0.00937342 -0.223002 0.00914736
vn 0 -1 0
v 0.0133594 -0.222975 0.00710387
vn 0 -1 0
v 0.0106399 -0.223045 0.00656782
vn 0 -1 0
v 0.0107336 -0.223082 0.00512207
vn 0 -1 0
v 0.0134986 -0.223031 0.00493591
vn 0 -1 0
v 0.0104479 -0.223126 0.00370161
vn 0 -1 0
v 0.0130716 -0.223096 0.00280604
vn 0 -1 0
v 0.0126657 -0.222935 0.00916178
vn 0 -1 0
v 0.00980652 -0.223173 0.00240335
vn 0 -1 0
v 0.00884777 -0.223222 0.00131756
vn 0 -1 0
v 0.0121076 -0.223168 0.000858874
vn 0 -1 0
v 0.0062693 -0.223308 5.06295e-05
vn 0 -1 0
v 0.00764282 -0.223268 0.000514759
vn 0 -1 0
v 0.0106738 -0.22324 -0.000771291
vn 0 -1 0
v 0.0100696 -0.210044 0.00767067
vn 0 1 0
v 0.00454773 -0.210376 -0.000560532
vn 0 1 0
v 0.0134986 -0.223031 0.00493591
vn -0.99904 0 0.043799
v 0.0119323 -0.214547 0.00062849
vn 0 -1 0
v 0.0104985 -0.214619 -0.00100167
vn 0 -1 0
v 0.0128963 -0.214475 0.00257566
vn -0.976335 -0 -0.216264
v 0.0119323 -0.214547 0.00062849
vn -0.887094 -0 -0.461589
v 0.0130716 -0.223096 0.00280604
vn -0.976335 -0 -0.216264
v 0.00828464 -0.222998 0.0101038
vn 0 -1 0
v 0.00152396 -0.223059 0.0129692
vn 0.537451 0 0.843295
v -0.00045809 -0.214507 0.0115355
vn 0.737399 0 0.675458
v 0.00531565 -0.210055 0.0108591
vn 0 1 0
v -0.00285587 -0.214651 0.00795821
vn 0 -1 0
v -0.0031106 -0.223338 0.00605906
vn 0.99904 0 -0.043799
v -0.0012458 -0.214837 -0.000206715
vn 0 -1 0
v -0.00107056 -0.223458 2.36684e-05
vn 0.675458 0 -0.737399
v -0.00028285 -0.223128 0.0117659
vn 0.737399 0 0.675458
v -0.00171982 -0.223201 0.0101341
vn 0.887094 0 0.461589
v -0.00268063 -0.223273 0.00818859
vn 0 -1 0
v 0.000584076 -0.223195 0.00858831
vn 0 -1 0
v -5.82627e-05 -0.223243 0.00729016
vn 0 -1 0
v -0.000683557 -0.210359 0.00404404
vn 0 1 0
v 0.000623385 -0.210404 0.00138555
vn 0 1 0
v 0.00174396 -0.210407 0.000398397
vn 0 1 0
v 0.00308273 -0.210398 -0.000264114
vn 0 1 0
v 0.000387044 -0.214842 -0.00164436
vn 0 -1 0
v 0.00233304 -0.214828 -0.00260905
vn 0.216264 0 -0.976335
v 0.00250828 -0.223449 -0.00237867
vn 0.216264 0 -0.976335
v 0.00446346 -0.214796 -0.00303714
vn -0.043799 -0 -0.99904
v 0.0046387 -0.223418 -0.00280675
vn -0.043799 -0 -0.99904
v 0.00663167 -0.214749 -0.00289915
vn -0.300877 -0 -0.953663
v 0.0121076 -0.223168 0.000858874
vn -0.887094 -0 -0.461589
v 0.00886399 -0.223309 -0.00197423
vn 0 -1 0
v 0.00575201 -0.222951 0.0137994
vn 0 -1 0
v 0.00788243 -0.222919 0.0133713
vn 0 -1 0
v 0.0035838 -0.222999 0.0136614
vn 0 -1 0
v 0.00982843 -0.222906 0.0124066
vn 0 -1 0
v 0.00152396 -0.223059 0.0129692
vn 0 -1 0
v 0.00924032 -0.210027 0.00891596
vn 0 1 0
v 0.00811974 -0.210024 0.00990311
vn 0 1 0
v 0.0106438 -0.21011 0.00476414
vn 0 -1 0
v -0.000485607 -0.210276 0.00700011
vn 0 -1 0
v 0.0105469 -0.210072 0.00625449
vn 0 -1 0
v 0.0105469 -0.210072 0.00625449
vn -0.940465 -0.165798 0.296708
v 0.0100696 -0.210044 0.00767067
vn -0.831574 -0.166154 0.529978
v 0.0166885 -0.167335 0.00657955
vn -0.940465 -0.165798 0.296708
v 0.0106438 -0.21011 0.00476414
vn -0.985314 -0.165201 0.04319
v 0.0169004 -0.16742 0.00326589
vn -0.985314 -0.165201 0.04319
v 0.0106438 -0.21011 0.00476414
vn 0 1 0
v 0.000176278 -0.210227 0.00833832
vn 0 1 0
v -0.000485607 -0.210276 0.00700011
vn 0 1 0
v 0.000176278 -0.210227 0.00833832
vn 0 -1 0
v 0.0100696 -0.210044 0.00767067
vn 0 -1 0
v 0.00603925 -0.210343 -0.000464633
vn 0 1 0
v 0.0074545 -0.210302 1.2939e-05
vn 0 1 0
v -0.00045809 -0.214507 0.0115355
vn 0 -1 0
v -0.00189506 -0.21458 0.00990372
vn 0 -1 0
v 0.00382248 -0.210088 0.0107664
vn 0 1 0
v 0.00240822 -0.21013 0.0102887
vn 0 1 0
v -0.00285587 -0.214651 0.00795821
vn 0.976335 0 0.216264
v -0.00268063 -0.223273 0.00818859
vn 0.976335 0 0.216264
v -0.0012458 -0.214837 -0.000206715
vn 0.675458 0 -0.737399
v 0.000387044 -0.214842 -0.00164436
vn 0.461589 0 -0.887094
v 0.000562284 -0.223463 -0.00141398
vn 0.461589 0 -0.887094
v 0.000562284 -0.223463 -0.00141398
vn 0 -1 0
v -0.00189506 -0.21458 0.00990372
vn 0.887094 0 0.461589
v -0.00078028 -0.210321 0.00553539
vn 0 1 0
v 0.0096871 -0.210204 0.00196021
vn 0 1 0
v -0.000683557 -0.210359 0.00404404
vn 0.941575 -0.158704 -0.297069
v -0.000206139 -0.210387 0.00262885
vn 0.832654 -0.158346 -0.530673
v -0.00827895 -0.167974 0.00166619
vn 0.941575 -0.158704 -0.297069
v 0.00174396 -0.210407 0.000398397
vn 0 -1 0
v 0.000623385 -0.210404 0.00138555
vn 0 -1 0
v 0.0074545 -0.210302 1.2939e-05
vn 0 -1 0
v 0.00308273 -0.210398 -0.000264114
vn 0 -1 0
v 0.00603925 -0.210343 -0.000464633
vn 0 -1 0
v 0.00174396 -0.210407 0.000398397
vn 0.455762 -0.158437 -0.875888
v -0.00287865 -0.168081 -0.00643935
vn 0.455762 -0.158437 -0.875888
v 0.000623385 -0.210404 0.00138555
vn 0.666946 -0.158255 -0.728106
v -0.00721538 -0.168037 -0.00148009
vn 0.832654 -0.158346 -0.530673
v 0.00454773 -0.210376 -0.000560532
vn -0.04323 -0.159551 -0.986243
v 0.00335421 -0.168011 -0.00856889
vn -0.04323 -0.159551 -0.986243
v 0.00308273 -0.210398 -0.000264114
vn 0.213523 -0.158879 -0.963932
v 9.80847e-05 -0.16806 -0.00791447
vn 0.213523 -0.158879 -0.963932
v 0.00680691 -0.22337 -0.00266877
vn -0.300877 -0 -0.953663
v 0.00868875 -0.214688 -0.00220461
vn -0.537451 -0 -0.843295
v 0.0104985 -0.214619 -0.00100167
vn -0.737399 -0 -0.675458
v 0.0106738 -0.22324 -0.000771291
vn -0.737399 -0 -0.675458
v 0.00886399 -0.223309 -0.00197423
vn -0.537451 -0 -0.843295
v 0.00680691 -0.22337 -0.00266877
vn 0 -1 0
v 0.00250828 -0.223449 -0.00237867
vn 0 -1 0
v 0.0046387 -0.223418 -0.00280675
vn 0 -1 0
v 0.00678097 -0.210033 0.0105656
vn 0 1 0
v 0.00116418 -0.210177 0.00946007
vn 0 1 0
v 0.00924032 -0.210027 0.00891596
vn 0 -1 0
v 0.00240822 -0.21013 0.0102887
vn 0 -1 0
v 0.00811974 -0.210024 0.00990311
vn 0 -1 0
v 0.00116418 -0.210177 0.00946007
vn 0 -1 0
v 0.00924032 -0.210027 0.00891596
vn -0.666058 -0.166245 0.727138
v 0.015626 -0.167273 0.00972671
vn -0.831574 -0.166154 0.529978
v 0.0103481 -0.210155 0.00329953
vn 0 1 0
v -0.00078028 -0.210321 0.00553539
vn 0 -1 0
v 0.0103481 -0.210155 0.00329953
vn 0 -1 0
v 0.0162485 -0.16752 8.5127e-06
vn -0.963048 -0.164402 -0.213331
v 0.00454773 -0.210376 -0.000560532
vn 0 -1 0
v 0.00869953 -0.210254 0.000841441
vn 0 1 0
v 0.00603925 -0.210343 -0.000464633
vn -0.296972 -0.160407 -0.941317
v 0.0074545 -0.210302 1.2939e-05
vn -0.530397 -0.161389 -0.832246
v 0.00666826 -0.167938 -0.00835875
vn -0.296972 -0.160407 -0.941317
v 0.00382248 -0.210088 0.0107664
vn 0.296808 -0.164099 0.940732
v 0.00240822 -0.21013 0.0102887
vn 0.530262 -0.163119 0.831994
v 0.00174037 -0.167371 0.0166056
vn 0.296808 -0.164099 0.940732
v 0.00531565 -0.210055 0.0108591
vn 0.043207 -0.164953 0.985355
v 0.00505663 -0.167298 0.0168175
vn 0.043207 -0.164953 0.985355
v 0.00531565 -0.210055 0.0108591
vn 0 -1 0
v 0.00678097 -0.210033 0.0105656
vn 0 -1 0
v 0.00382248 -0.210088 0.0107664
vn 0 -1 0
v -0.000683557 -0.210359 0.00404404
vn 0 -1 0
v -0.00078028 -0.210321 0.00553539
vn 0.986282 -0.159303 -0.043247
v -0.00848992 -0.16789 0.00497974
vn 0.986282 -0.159303 -0.043247
v -0.000485607 -0.210276 0.00700011
vn 0.963742 -0.160104 0.213465
v -0.00783795 -0.16779 0.00823712
vn 0.963742 -0.160104 0.213465
v 0.0096871 -0.210204 0.00196021
vn 0 -1 0
v -0.000206139 -0.210387 0.00262885
vn 0 -1 0
v 0.00869953 -0.210254 0.000841441
vn 0 -1 0
v -0.00537208 -0.168073 -0.00424577
vn 0.666946 -0.158255 -0.728106
v 0.00678097 -0.210033 0.0105656
vn -0.213271 -0.165623 0.962852
v 0.00831275 -0.16725 0.0161631
vn -0.213271 -0.165623 0.962852
v 0.00811974 -0.210024 0.00990311
vn -0.455177 -0.166064 0.874778
v 0.0112895 -0.167229 0.014688
vn -0.455177 -0.166064 0.874778
v 0.0137827 -0.167237 0.0124924
vn -0.666058 -0.166245 0.727138
v 0.000176278 -0.210227 0.00833832
vn 0.875519 -0.161051 0.455554
v -0.00636423 -0.16768 0.0112126
vn 0.875519 -0.161051 0.455554
v 0.0103481 -0.210155 0.00329953
vn -0.963048 -0.164402 -0.213331
v 0.0166885 -0.167335 0.00657955
vn 0 1 0
v 0.015626 -0.167273 0.00972671
vn 0 1 0
v -0.00636423 -0.16768 0.0112126
vn 0 1 0
v 0.0169004 -0.16742 0.00326589
vn 0 1 0
v -0.00783795 -0.16779 0.00823712
vn 0 1 0
v 0.0147747 -0.167629 -0.00296698
vn -0.875158 -0.163457 -0.45539
v 0.0096871 -0.210204 0.00196021
vn -0.875158 -0.163457 -0.45539
v 0.00869953 -0.210254 0.000841441
vn -0.727599 -0.162429 -0.666496
v 0.0125792 -0.167741 -0.0054585
vn -0.727599 -0.162429 -0.666496
v 0.0098173 -0.167846 -0.00729837
vn -0.530397 -0.161389 -0.832246
v 0.00116418 -0.210177 0.00946007
vn 0.727656 -0.162079 0.666518
v -0.00140679 -0.167464 0.015544
vn 0.530262 -0.163119 0.831994
v -0.00417156 -0.167569 0.0137055
vn 0.727656 -0.162079 0.666518
v -0.00721538 -0.168037 -0.00148009
vn 0 1 0
v 0.0147747 -0.167629 -0.00296698
vn 0 1 0
v -0.00827895 -0.167974 0.00166619
vn 0 1 0
v 0.0162485 -0.16752 8.5127e-06
vn 0 1 0
v -0.00848992 -0.16789 0.00497974
vn 0 1 0
v -0.00287865 -0.168081 -0.00643935
vn 0 1 0
v 0.0098173 -0.167846 -0.00729837
vn 0 1 0
v -0.00537208 -0.168073 -0.00424577
vn 0 1 0
v 9.80847e-05 -0.16806 -0.00791447
vn 0 1 0
v 0.00666826 -0.167938 -0.00835875
vn 0 1 0
v 0.0125792 -0.167741 -0.0054585
vn 0 1 0
v 0.00335421 -0.168011 -0.00856889
vn 0 1 0
v 0.0137827 -0.167237 0.0124924
vn 0 1 0
v 0.0112895 -0.167229 0.014688
vn 0 1 0
v -0.00140679 -0.167464 0.015544
vn 0 1 0
v -0.00417156 -0.167569 0.0137055
vn 0 1 0
v 0.00174037 -0.167371 0.0166056
vn 0 1 0
v 0.00505663 -0.167298 0.0168175
vn 0 1 0
v 0.00831275 -0.16725 0.0161631
vn 0 1 0
v -0.000837223 -0.3995 0.0590709
vn 0 1 0
v -0.00021496 -0.399572 0.0559186
vn 0 1 0
v 0.0119157 -0.399305 0.0566888
vn 0 1 0
v -0.000237673 -0.398455 0.0558888
vn 0 -1 0
v -0.000859935 -0.398383 0.0590411
vn 0 -1 0
v 0.011893 -0.398187 0.0566589
vn 0 -1 0
v 0.0118829 -0.398192 0.0565052
vn 0 -1 0
v 0.0237611 -0.398014 0.0541182
vn 0 -1 0
v -0.000207431 -0.398458 0.0557355
vn 0 -1 0
v -0.00021496 -0.399572 0.0559186
vn -0.096252 0.947561 -0.304736
v 0.00792096 -0.415669 0.0122709
vn 0.026743 0.949962 -0.311218
v 0.0119157 -0.399305 0.0566888
vn -0.014057 0.948184 -0.317411
v -0.0131499 -0.399862 0.0549185
vn 0 1 0
v -0.0131726 -0.398744 0.0548886
vn 0 -1 0
v 0.0248704 -0.399024 0.0573337
vn 0 1 0
v 0.0248477 -0.397907 0.0573039
vn 0 -1 0
v 0.0346182 -0.397937 0.0487373
vn 0 -1 0
v 0.0238321 -0.399127 0.0542925
vn 0 1 0
v 0.0238093 -0.398009 0.0542626
vn 0 -1 0
v 0.0238321 -0.399127 0.0542925
vn 0.068003 0.949005 -0.307841
v 0.0078238 -0.415672 0.0122566
vn -0.199914 0.950463 -0.238021
v -0.0117321 -0.39991 0.0520354
vn -0.172421 0.947169 -0.270448
v -0.0117321 -0.39991 0.0520354
vn 0 1 0
v -0.0117548 -0.398792 0.0520055
vn 0 -1 0
v -0.0116859 -0.398795 0.0518651
vn 0 -1 0
v -0.000837223 -0.3995 0.0590709
vn -0.300877 -0 -0.953663
v -0.0131726 -0.398744 0.0548886
vn -0.537451 -0 -0.843295
v -0.0131499 -0.399862 0.0549185
vn -0.537451 -0 -0.843295
v -0.000859935 -0.398383 0.0590411
vn -0.300877 -0 -0.953663
v 0.0121293 -0.399215 0.0598946
vn 0 1 0
v 0.0121066 -0.398097 0.0598647
vn 0 -1 0
v -0.00396644 -0.213529 0.0507937
vn 0 1 0
v 0.0200021 -0.213085 0.0491763
vn 0 1 0
v 0.00812393 -0.213263 0.0515633
vn 0 1 0
v 0.00811885 -0.212514 0.0516972
vn 0 1 0
v 0.00820617 -0.212477 0.0530252
vn 0 1 0
v -0.00426997 -0.212752 0.0522332
vn 0 1 0
v 0.0200352 -0.212336 0.0493009
vn 0 1 0
v 0.0204652 -0.212293 0.0505624
vn 0 1 0
v -0.00426997 -0.212752 0.0522332
vn -0.300877 -0 -0.953663
v -0.0161896 -0.209496 0.0481426
vn -0.537451 -0 -0.843295
v -0.0161163 -0.213099 0.0482389
vn -0.537451 -0 -0.843295
v 0.0308592 -0.213008 0.0437954
vn 0 1 0
v -0.0154449 -0.213866 0.0469232
vn 0 1 0
v -0.00401181 -0.212781 0.050927
vn 0 1 0
v -0.0161163 -0.213099 0.0482389
vn 0 1 0
v -0.0155289 -0.213119 0.0470438
vn 0 1 0
v 0.0365174 -0.398942 0.0515649
vn 0 1 0
v 0.0347276 -0.399049 0.0488953
vn 0 1 0
v 0.0364947 -0.397824 0.051535
vn 0 -1 0
v 0.0347049 -0.397932 0.0488654
vn 0 -1 0
v 0.0347276 -0.399049 0.0488953
vn 0.144014 0.94996 -0.277193
v -0.0170035 -0.400111 0.0485266
vn -0.208045 0.946197 -0.247847
v -0.0171239 -0.402169 -0.02842
vn -0.14109 0.952259 0.270733
v 0.00785018 -0.415676 0.0120686
vn 0.012125 0.95664 0.291022
v 0.00778879 -0.415676 0.0121227
vn -0.202537 0.954321 0.219661
v 0.0544835 -0.399441 0.01923
vn 0.289338 0.952847 -0.091465
v 0.00798224 -0.41567 0.0122158
vn 0.20175 0.954016 -0.2217
v 0.00798841 -0.415672 0.0121356
vn 0.29162 0.956439 -0.013473
v 0.029334 -0.401309 -0.0315579
vn 0.159973 0.954656 0.25108
v 0.00793332 -0.415674 0.0120744
vn 0.212784 0.957472 0.19486
v -0.0352691 -0.401103 0.0252912
vn -0.311481 0.947736 -0.069112
v 0.00778571 -0.415674 0.0122035
vn -0.306676 0.951729 0.012682
v -0.0368806 -0.401778 0.00124746
vn -0.299808 0.949319 0.094389
v 0.0528728 -0.400116 -0.00481589
vn 0.292124 0.954196 0.064599
v -0.0185557 -0.400068 0.0513221
vn 0 1 0
v -0.0185784 -0.39895 0.0512923
vn 0 -1 0
v 0.0437149 -0.397966 0.0407338
vn 0 -1 0
v -0.0185784 -0.39895 0.0512923
vn -0.642925 -0 -0.765929
v 0.0121293 -0.399215 0.0598946
vn -0.043799 -0 -0.99904
v 0.0248704 -0.399024 0.0573337
vn 0.216264 0 -0.976335
v 0.0121066 -0.398097 0.0598647
vn -0.043799 -0 -0.99904
v 0.0248477 -0.397907 0.0573039
vn 0.216264 0 -0.976335
v 0.00820617 -0.212477 0.0530252
vn -0.043799 -0 -0.99904
v -0.0043432 -0.209149 0.052137
vn -0.300877 -0 -0.953663
v 0.0316715 -0.212214 0.0450108
vn 0 1 0
v -0.0265953 -0.209893 0.0412174
vn -0.737399 -0 -0.675458
v 0.0399559 -0.213037 0.035792
vn 0 1 0
v -0.0265221 -0.213496 0.0413136
vn 0 1 0
v 0.0462745 -0.398973 0.0429777
vn 0 1 0
v 0.0462518 -0.397855 0.0429478
vn 0 -1 0
v 0.0438545 -0.399078 0.0408653
vn 0.208799 0.950951 -0.228244
v 0.0365174 -0.398942 0.0515649
vn 0.461589 0 -0.887094
v 0.0364947 -0.397824 0.051535
vn 0.461589 0 -0.887094
v 0.0309307 -0.212259 0.0439037
vn 0 1 0
v -0.0170035 -0.400111 0.0485266
vn 0 1 0
v -0.0167278 -0.398987 0.0485107
vn 0 -1 0
v -0.0173977 -0.400126 0.0482649
vn -0.208045 0.946197 -0.247847
v -0.0177358 -0.400139 0.0480381
vn -0.208045 0.946197 -0.247847
v -0.0218489 -0.400295 0.0453021
vn -0.236717 0.94707 -0.216848
v -0.0262506 -0.40214 -0.020388
vn -0.208403 0.951285 0.22721
v -0.00623138 -0.402092 -0.0338169
vn -0.065603 0.953115 0.295413
v 0.050593 -0.399212 0.0307445
vn 0.258186 0.951938 -0.164783
v 0.0552602 -0.399749 0.0070997
vn 0.300768 0.953604 -0.013326
v 0.0394528 -0.400923 -0.0248248
vn 0.21936 0.95473 0.200926
v 0.0178188 -0.401647 -0.0354413
vn 0.089778 0.954355 0.284863
v -0.0376563 -0.40147 0.0133776
vn -0.316672 0.948436 0.013722
v -0.0298771 -0.400702 0.0361812
vn -0.284222 0.947271 -0.147969
v -0.0329895 -0.402007 -0.0102701
vn -0.262692 0.950286 0.167183
v 0.047481 -0.400516 -0.0157039
vn 0.264327 0.954584 0.137478
v -0.0218716 -0.399178 0.0452723
vn 0 -1 0
v -0.0185557 -0.400068 0.0513221
vn -0.642925 -0 -0.765929
v -0.0265221 -0.213496 0.0413136
vn -0.737399 -0 -0.675458
v -0.0255278 -0.21425 0.0402143
vn 0 1 0
v -0.0256457 -0.213505 0.0403105
vn 0 1 0
v 0.0438318 -0.397961 0.0408354
vn 0 -1 0
v 0.0438545 -0.399078 0.0408653
vn 0 1 0
v 0.0204652 -0.212293 0.0505624
vn 0.216264 0 -0.976335
v 0.00813293 -0.208874 0.0529289
vn -0.043799 -0 -0.99904
v 0.0316715 -0.212214 0.0450108
vn 0.461589 0 -0.887094
v 0.020392 -0.20869 0.0504661
vn 0.216264 0 -0.976335
v -0.0043432 -0.209149 0.052137
vn 0 -1 0
v 0.0315983 -0.208611 0.0449145
vn 0 -1 0
v -0.0161896 -0.209496 0.0481426
vn 0 -1 0
v 0.0409872 -0.208641 0.036653
vn 0 -1 0
v -0.0265953 -0.209893 0.0412174
vn 0 -1 0
v 0.0410605 -0.212244 0.0367493
vn 0 1 0
v 0.0400577 -0.212288 0.0358737
vn 0 1 0
v 0.0462745 -0.398973 0.0429777
vn 0.675458 0 -0.737399
v 0.0462518 -0.397855 0.0429478
vn 0.675458 0 -0.737399
v -0.0177358 -0.400139 0.0480381
vn 0 1 0
v -0.0239648 -0.400274 0.0477241
vn 0 1 0
v -0.0218489 -0.400295 0.0453021
vn 0 1 0
v -0.0217688 -0.399179 0.0451562
vn 0 -1 0
v -0.0174514 -0.399014 0.0480293
vn 0 -1 0
v -0.0192796 -0.400095 0.0508377
vn 0 1 0
v -0.0173977 -0.400126 0.0482649
vn 0 1 0
v -0.0286935 -0.401129 -0.0225322
vn 0 -1 0
v -0.0262733 -0.401023 -0.0204178
vn 0 -1 0
v -0.0171466 -0.401052 -0.0284498
vn 0 -1 0
v -0.0262506 -0.40214 -0.020388
vn 0 1 0
v -0.0286708 -0.402246 -0.0225024
vn 0 1 0
v -0.0171239 -0.402169 -0.02842
vn 0 1 0
v -0.0189135 -0.402277 -0.0310876
vn 0 1 0
v -0.0189362 -0.40116 -0.0311174
vn 0 -1 0
v -0.0170601 -0.401047 -0.0283227
vn 0 -1 0
v -0.0261564 -0.401018 -0.0203162
vn 0 -1 0
v 0.0292441 -0.400189 -0.0314495
vn 0 -1 0
v -0.00623138 -0.402092 -0.0338169
vn 0 1 0
v -0.00625409 -0.400975 -0.0338467
vn 0 -1 0
v -0.00620263 -0.40097 -0.0337006
vn 0 -1 0
v 0.0177657 -0.400526 -0.0353199
vn 0 -1 0
v 0.00568818 -0.401914 -0.0362115
vn 0.013023 0.953823 0.300088
v 0.0576359 -0.39936 0.0198504
vn 0 1 0
v 0.050593 -0.399212 0.0307445
vn 0 1 0
v 0.0544835 -0.399441 0.01923
vn 0 1 0
v 0.0505703 -0.398095 0.0307146
vn 0 -1 0
v 0.0576132 -0.398242 0.0198205
vn 0 -1 0
v 0.0544608 -0.398323 0.0192001
vn 0 -1 0
v 0.0543105 -0.398327 0.0191696
vn 0 -1 0
v -0.0297716 -0.399585 0.0360646
vn 0 -1 0
v 0.0504331 -0.398099 0.0306475
vn 0 -1 0
v 0.0584676 -0.399689 0.00688423
vn 0 1 0
v 0.0552602 -0.399749 0.0070997
vn 0 1 0
v 0.0584449 -0.398572 0.00685438
vn 0 -1 0
v 0.0552375 -0.398631 0.00706984
vn 0 -1 0
v 0.0550837 -0.398634 0.00707998
vn 0 -1 0
v -0.0351445 -0.399984 0.0252117
vn 0 -1 0
v 0.0415657 -0.400945 -0.0272465
vn 0 1 0
v 0.029334 -0.401309 -0.0315579
vn 0 1 0
v 0.0307534 -0.401357 -0.0344442
vn 0 1 0
v 0.03943 -0.399806 -0.0248547
vn 0 -1 0
v 0.041543 -0.399828 -0.0272763
vn 0 -1 0
v 0.0293113 -0.400192 -0.0315877
vn 0 -1 0
v 0.0307307 -0.40024 -0.034474
vn 0 -1 0
v 0.0394528 -0.400923 -0.0248248
vn 0 1 0
v 0.039327 -0.399805 -0.0247406
vn 0 -1 0
v 0.0178188 -0.401647 -0.0354413
vn 0 1 0
v 0.0177961 -0.400529 -0.0354712
vn 0 -1 0
v -0.0352691 -0.401103 0.0252912
vn 0 1 0
v -0.0408637 -0.401529 0.0135931
vn 0 1 0
v -0.0376563 -0.40147 0.0133776
vn 0 1 0
v -0.0408864 -0.400412 0.0135632
vn 0 -1 0
v -0.0352918 -0.399986 0.0252613
vn 0 -1 0
v -0.0376791 -0.400352 0.0133477
vn 0 -1 0
v 0.00915076 -0.399337 0.0157435
vn 0 -1 0
v -0.0375256 -0.40035 0.0133346
vn 0 -1 0
v -0.0298771 -0.400702 0.0361812
vn 0 1 0
v -0.0383094 -0.401137 0.0263309
vn 0 1 0
v -0.0383321 -0.40002 0.026301
vn 0 -1 0
v -0.0298998 -0.399585 0.0361513
vn 0 -1 0
v -0.0368806 -0.401778 0.00124746
vn 0 1 0
v -0.0369033 -0.400661 0.0012176
vn 0 -1 0
v -0.036752 -0.400657 0.00124797
vn 0 -1 0
v 0.00379769 -0.399659 0.00776395
vn 0 -1 0
v -0.040032 -0.401859 0.00062689
vn 0 1 0
v -0.0329895 -0.402007 -0.0102701
vn 0 1 0
v -0.0400547 -0.400741 0.00059703
vn 0 -1 0
v -0.0330122 -0.40089 -0.0103
vn 0 -1 0
v -0.0328746 -0.400885 -0.0102299
vn 0 -1 0
v 0.0473278 -0.399399 -0.0156497
vn 0 -1 0
v 0.0559133 -0.400082 -0.00585356
vn 0 1 0
v 0.0528728 -0.400116 -0.00481589
vn 0 1 0
v 0.0558906 -0.398964 -0.00588342
vn 0 -1 0
v 0.0528501 -0.398998 -0.00484575
vn 0 -1 0
v 0.0527029 -0.399 -0.0047941
vn 0 -1 0
v 0.0142236 -0.399353 0.0112793
vn 0 -1 0
v 0.047481 -0.400516 -0.0157039
vn 0 1 0
v 0.0474583 -0.399399 -0.0157337
vn 0 -1 0
v -0.0193023 -0.398978 0.0508079
vn 0 -1 0
v -0.0239875 -0.399156 0.0476943
vn 0 -1 0
v -0.0193023 -0.398978 0.0508079
vn -0.642925 -0 -0.765929
v -0.0192796 -0.400095 0.0508377
vn -0.642925 -0 -0.765929
v -0.0239875 -0.399156 0.0476943
vn -0.737399 -0 -0.675458
v -0.0347796 -0.213914 0.0319306
vn -0.887094 -0 -0.461589
v 0.0466741 -0.21317 0.0257056
vn 0 1 0
v -0.0347796 -0.213914 0.0319306
vn 0 1 0
v 0.0534788 -0.399115 0.0321601
vn 0 1 0
v 0.0534561 -0.397998 0.0321303
vn 0 -1 0
v 0.0534561 -0.397998 0.0321303
vn 0.843295 0 -0.537451
v 0.020392 -0.20869 0.0504661
vn 0 -1 0
v 0.00813293 -0.208874 0.0529289
vn 0 -1 0
v 0.0315983 -0.208611 0.0449145
vn 0.461589 0 -0.887094
v 0.0479189 -0.208778 0.0262431
vn 0 -1 0
v 0.0410605 -0.212244 0.0367493
vn 0.675458 0 -0.737399
v 0.0479922 -0.212381 0.0263394
vn 0 1 0
v -0.0325461 -0.400709 0.0379719
vn 0 1 0
v -0.0325688 -0.399591 0.0379421
vn 0 -1 0
v -0.0239648 -0.400274 0.0477241
vn -0.737399 -0 -0.675458
v -0.0358751 -0.402103 -0.0116848
vn 0 1 0
v -0.0358978 -0.400986 -0.0117147
vn 0 -1 0
v -0.0189362 -0.40116 -0.0311174
vn -0.461589 0 0.887094
v -0.0286708 -0.402246 -0.0225024
vn -0.675458 0 0.737399
v -0.0286935 -0.401129 -0.0225322
vn -0.675458 0 0.737399
v -0.0358978 -0.400986 -0.0117147
vn -0.843295 0 0.537451
v -0.0189135 -0.402277 -0.0310876
vn -0.461589 0 0.887094
v -0.00726689 -0.402195 -0.0368594
vn 0 1 0
v -0.0072896 -0.401077 -0.0368893
vn 0 -1 0
v 0.00567454 -0.400792 -0.0360875
vn 0 -1 0
v 0.00568818 -0.401914 -0.0362115
vn 0 1 0
v 0.00566547 -0.400797 -0.0362414
vn 0 -1 0
v 0.041543 -0.399828 -0.0272763
vn 0.737399 0 0.675458
v 0.0307534 -0.401357 -0.0344442
vn 0.537451 0 0.843295
v 0.0307307 -0.40024 -0.034474
vn 0.537451 0 0.843295
v 0.0415657 -0.400945 -0.0272465
vn 0.737399 0 0.675458
v 0.0501273 -0.399393 -0.0175245
vn 0 -1 0
v 0.05015 -0.40051 -0.0174946
vn 0.887094 0 0.461589
v 0.05015 -0.40051 -0.0174946
vn 0 1 0
v 0.0184411 -0.401718 -0.0385936
vn 0 1 0
v 0.0184184 -0.400601 -0.0386235
vn 0 -1 0
v 0.00770307 -0.399368 0.0156527
vn 0 -1 0
v 0.00333451 -0.399631 0.00913531
vn 0 -1 0
v 0.00460105 -0.399674 0.00655677
vn 0 -1 0
v 0.0137608 -0.399325 0.0126536
vn 0 -1 0
v 0.0143174 -0.399389 0.00983354
vn 0 -1 0
v 0.00840737 -0.399648 0.00467114
vn 0 -1 0
v -0.0335306 -0.214656 0.0311227
vn 0 1 0
v -0.033674 -0.213912 0.0311896
vn 0 1 0
v -0.0348529 -0.210311 0.0318343
vn -0.887094 -0 -0.461589
v 0.0467962 -0.212421 0.0257529
vn 0 1 0
v 0.0534788 -0.399115 0.0321601
vn 0.843295 0 -0.537451
v 0.0409872 -0.208641 0.036653
vn 0.675458 0 -0.737399
v 0.0479189 -0.208778 0.0262431
vn 0.843295 0 -0.537451
v -0.0348529 -0.210311 0.0318343
vn 0 -1 0
v 0.0479922 -0.212381 0.0263394
vn 0.843295 0 -0.537451
v -0.0325461 -0.400709 0.0379719
vn -0.887094 -0 -0.461589
v -0.0325688 -0.399591 0.0379421
vn -0.887094 -0 -0.461589
v -0.0358751 -0.402103 -0.0116848
vn -0.843295 0 0.537451
v -0.0216634 -0.215423 -0.0345165
vn -0.461589 0 0.887094
v -0.0105313 -0.211741 -0.0401643
vn -0.216264 0 0.976335
v -0.010458 -0.215344 -0.040068
vn -0.216264 0 0.976335
v 0.0140067 -0.215597 -0.0402618
vn 0 1 0
v -0.0208191 -0.216118 -0.0332645
vn 0 1 0
v -0.00996163 -0.216041 -0.0386424
vn 0 1 0
v -0.0209208 -0.215379 -0.0334116
vn 0 1 0
v -0.0216634 -0.215423 -0.0345165
vn 0 1 0
v -0.0100282 -0.215301 -0.0388085
vn 0 1 0
v -0.010458 -0.215344 -0.040068
vn 0 1 0
v -0.0310503 -0.215393 -0.0262553
vn -0.675458 0 0.737399
v -0.0217366 -0.21182 -0.0346127
vn -0.461589 0 0.887094
v 0.0254851 -0.21526 -0.0363913
vn 0 1 0
v -0.0299154 -0.216089 -0.0252581
vn 0 1 0
v -0.0300475 -0.21535 -0.0253796
vn 0 1 0
v -0.0310503 -0.215393 -0.0262553
vn 0 1 0
v 0.035568 -0.214876 -0.0296825
vn 0 1 0
v -0.0366336 -0.215956 -0.0151717
vn 0 1 0
v -0.0367863 -0.215216 -0.0152618
vn 0 1 0
v -0.0379823 -0.215256 -0.0158483
vn 0 1 0
v -0.0072896 -0.401077 -0.0368893
vn -0.216264 0 0.976335
v -0.00726689 -0.402195 -0.0368594
vn -0.216264 0 0.976335
v 0.00173056 -0.211558 -0.0426294
vn 0.043799 0 0.99904
v 0.00180379 -0.21516 -0.0425331
vn 0.043799 0 0.99904
v 0.00191553 -0.215863 -0.0410293
vn 0 1 0
v 0.00189133 -0.215123 -0.0412031
vn 0 1 0
v 0.00180379 -0.21516 -0.0425331
vn 0 1 0
v 0.0576132 -0.398242 0.0198205
vn 0.953663 0 -0.300877
v 0.0576359 -0.39936 0.0198504
vn 0.953663 0 -0.300877
v 0.0584449 -0.398572 0.00685438
vn 0.99904 0 -0.043799
v 0.0584676 -0.399689 0.00688423
vn 0.99904 0 -0.043799
v 0.0519938 -0.212616 0.0144946
vn 0 1 0
v 0.0506866 -0.21265 0.0142383
vn 0 1 0
v 0.0505515 -0.213398 0.0142277
vn 0 1 0
v 0.00770719 -0.214298 0.0131409
vn 0 1 0
v 0.0513247 -0.213706 0.00213812
vn 0 1 0
v 0.0527943 -0.212933 0.00201774
vn 0 1 0
v 0.0514634 -0.212958 0.00210809
vn 0 1 0
v 0.0558906 -0.398964 -0.00588342
vn 0.976335 0 0.216264
v 0.0559133 -0.400082 -0.00585356
vn 0.976335 0 0.216264
v 0.0502627 -0.209708 -0.0103342
vn 0.976335 0 0.216264
v 0.0527943 -0.212933 0.00201774
vn 0.99904 0 -0.043799
v 0.0503359 -0.213311 -0.0102379
vn 0.976335 0 0.216264
v 0.0133233 -0.214409 0.00470552
vn 0 1 0
v 0.0489439 -0.214071 -0.00973596
vn 0 1 0
v 0.0503359 -0.213311 -0.0102379
vn 0 1 0
v 0.0490759 -0.213325 -0.0098075
vn 0 1 0
v 0.0105699 -0.399315 0.0154602
vn 0 -1 0
v 0.0118684 -0.399306 0.0148153
vn 0 -1 0
v 0.0184411 -0.401718 -0.0385936
vn 0.300877 0 0.953663
v 0.0501273 -0.399393 -0.0175245
vn 0.887094 0 0.461589
v 0.0435688 -0.214471 -0.0205916
vn 0 1 0
v 0.0447895 -0.213723 -0.0214395
vn 0 1 0
v 0.0436841 -0.213726 -0.0206955
vn 0 1 0
v 0.0356559 -0.214133 -0.0298165
vn 0 1 0
v 0.0365309 -0.214142 -0.0308224
vn 0 1 0
v 0.0255371 -0.214518 -0.0365495
vn 0 1 0
v 0.0261265 -0.214538 -0.0377448
vn 0 1 0
v 0.014022 -0.214856 -0.040433
vn 0 1 0
v 0.0184184 -0.400601 -0.0386235
vn 0.300877 0 0.953663
v 0.0142801 -0.214886 -0.0417392
vn 0 1 0
v -0.0408637 -0.401529 0.0135931
vn -0.99904 0 0.043799
v -0.0383321 -0.40002 0.026301
vn -0.976335 -0 -0.216264
v -0.0408864 -0.400412 0.0135632
vn -0.99904 0 0.043799
v -0.0383094 -0.401137 0.0263309
vn -0.976335 -0 -0.216264
v 0.00340856 -0.214378 0.013431
vn 0 1 0
v -0.0389035 -0.215055 0.0202698
vn 0 1 0
v -0.0412846 -0.215421 0.00839276
vn 0 1 0
v -0.039066 -0.214312 0.0202996
vn 0 1 0
v -0.0427844 -0.214704 0.00847434
vn 0 1 0
v -0.0414532 -0.214679 0.00838599
vn 0 1 0
v -0.0403259 -0.214326 0.02073
vn 0 1 0
v -0.00314666 -0.214772 0.00366071
vn 0 1 0
v -0.040511 -0.215728 -0.00369388
vn 0 1 0
v -0.0406774 -0.214987 -0.00374415
vn 0 1 0
v -0.0419836 -0.215021 -0.00400057
vn 0 1 0
v 0.00633088 -0.399409 0.0151915
vn 0 -1 0
v -0.040032 -0.401859 0.00062689
vn -0.953663 0 0.300877
v -0.0400547 -0.400741 0.00059703
vn -0.953663 0 0.300877
v 0.00324077 -0.399595 0.0105811
vn 0 -1 0
v 0.0035255 -0.399551 0.0120016
vn 0 -1 0
v 0.00568984 -0.399678 0.00560032
vn 0 -1 0
v -0.0420568 -0.211418 -0.00409685
vn -0.953663 0 0.300877
v -0.0379823 -0.215256 -0.0158483
vn -0.843295 0 0.537451
v -0.0419836 -0.215021 -0.00400057
vn -0.953663 0 0.300877
v 0.0447163 -0.21012 -0.0215358
vn 0.887094 0 0.461589
v 0.0447895 -0.213723 -0.0214395
vn 0.887094 0 0.461589
v 0.0129572 -0.399309 0.0138588
vn 0 -1 0
v 0.0140316 -0.399433 0.00841308
vn 0 -1 0
v 0.00698654 -0.399669 0.0049576
vn 0 -1 0
v -0.0403259 -0.214326 0.02073
vn -0.976335 -0 -0.216264
v 0.0519205 -0.209013 0.0143984
vn 0 -1 0
v 0.0519205 -0.209013 0.0143984
vn 0.953663 0 -0.300877
v -0.0311235 -0.21179 -0.0263515
vn -0.675458 0 0.737399
v -0.0380556 -0.211653 -0.0159446
vn -0.843295 0 0.537451
v 0.00545183 -0.400887 -0.0394471
vn 0.043799 0 0.99904
v 0.0142069 -0.211283 -0.0418354
vn 0.300877 0 0.953663
v 0.00547454 -0.402004 -0.0394173
vn 0 1 0
v 0.00545183 -0.400887 -0.0394471
vn 0 -1 0
v 0.0519938 -0.212616 0.0144946
vn 0.953663 0 -0.300877
v 0.00557677 -0.21433 0.013569
vn 0 1 0
v 0.00965319 -0.214284 0.0121762
vn 0 1 0
v 0.0112863 -0.21429 0.0107406
vn 0 1 0
v 0.0527211 -0.209331 0.00192146
vn 0.99904 0 -0.043799
v 0.0131841 -0.214354 0.00687349
vn 0 1 0
v 0.0128963 -0.214475 0.00257566
vn 0 1 0
v 0.0364577 -0.210539 -0.0309187
vn 0.737399 0 0.675458
v 0.0365309 -0.214142 -0.0308224
vn 0.737399 0 0.675458
v 0.00547454 -0.402004 -0.0394173
vn 0.043799 0 0.99904
v 0.0142801 -0.214886 -0.0417392
vn 0.300877 0 0.953663
v 0.00134872 -0.214438 0.0127388
vn 0 1 0
v -0.0403992 -0.210723 0.0206337
vn -0.976335 -0 -0.216264
v -0.0427844 -0.214704 0.00847434
vn -0.99904 0 0.043799
v -0.00245023 -0.214813 0.00160048
vn 0 1 0
v -0.0428576 -0.211101 0.00837806
vn -0.99904 0 0.043799
v 0.00512693 -0.399455 0.0143885
vn 0 -1 0
v 0.00416784 -0.399503 0.0132998
vn 0 -1 0
v 0.00446346 -0.214796 -0.00303714
vn 0 1 0
v 0.0133903 -0.399481 0.00711482
vn 0 -1 0
v 0.00985307 -0.399616 0.0047621
vn 0 -1 0
v 0.0112266 -0.399575 0.00522623
vn 0 -1 0
v -0.0403992 -0.210723 0.0206337
vn 0 -1 0
v -0.0217366 -0.21182 -0.0346127
vn 0 -1 0
v 0.0142069 -0.211283 -0.0418354
vn 0 -1 0
v -0.0105313 -0.211741 -0.0401643
vn 0 -1 0
v 0.00173056 -0.211558 -0.0426294
vn 0 -1 0
v -0.0311235 -0.21179 -0.0263515
vn 0 -1 0
v 0.0260533 -0.210935 -0.0378411
vn 0 -1 0
v 0.0124905 -0.214313 0.0089314
vn 0 1 0
v 0.0105469 -0.210072 0.00625449
vn 0 -1 0
v 0.0527211 -0.209331 0.00192146
vn 0 -1 0
v 0.0502627 -0.209708 -0.0103342
vn 0 -1 0
v -0.0420568 -0.211418 -0.00409685
vn 0 -1 0
v 0.0447163 -0.21012 -0.0215358
vn 0 -1 0
v 0.0119323 -0.214547 0.00062849
vn 0 1 0
v 0.0261265 -0.214538 -0.0377448
vn 0.537451 0 0.843295
v 0.0260533 -0.210935 -0.0378411
vn 0.537451 0 0.843295
v -0.00328584 -0.214717 0.00582868
vn 0 1 0
v -0.0012458 -0.214837 -0.000206715
vn 0 1 0
v -0.0380556 -0.211653 -0.0159446
vn 0 -1 0
v -0.0428576 -0.211101 0.00837806
vn 0 -1 0
v -0.000206139 -0.210387 0.00262885
vn 0 -1 0
v 0.0364577 -0.210539 -0.0309187
vn 0 -1 0
v 0.00868875 -0.214688 -0.00220461
vn 0 1 0
v 0.00663167 -0.214749 -0.00289915
vn 0 1 0
v 0.0124315 -0.399529 0.00602904
vn 0 -1 0
v 0.0100696 -0.210044 0.00767067
vn 0 -1 0
v 0.0106438 -0.21011 0.00476414
vn 0 -1 0
v 0.00454773 -0.210376 -0.000560532
vn 0 -1 0
v 0.0104985 -0.214619 -0.00100167
vn 0 1 0
v -0.00045809 -0.214507 0.0115355
vn 0 1 0
v 0.00531565 -0.210055 0.0108591
vn 0 -1 0
v -0.00285587 -0.214651 0.00795821
vn 0 1 0
v 0.000387044 -0.214842 -0.00164436
vn 0 1 0
v -0.000683557 -0.210359 0.00404404
vn 0 -1 0
v 0.000623385 -0.210404 0.00138555
vn 0 -1 0
v 0.00174396 -0.210407 0.000398397
vn 0 -1 0
v 0.00308273 -0.210398 -0.000264114
vn 0 -1 0
v 0.00233304 -0.214828 -0.00260905
vn 0 1 0
v 0.0169004 -0.16742 0.00326589
vn 0.985314 0.165201 -0.04319
v 0.0105469 -0.210072 0.00625449
vn 0.940465 0.165798 -0.296708
v 0.0106438 -0.21011 0.00476414
vn 0.985314 0.165201 -0.04319
v 0.0166885 -0.167335 0.00657955
vn 0.940465 0.165798 -0.296708
v 0.0100696 -0.210044 0.00767067
vn 0.831574 0.166154 -0.529978
v -0.00189506 -0.21458 0.00990372
vn 0 1 0
v 0.00382248 -0.210088 0.0107664
vn 0 -1 0
v 0.00240822 -0.21013 0.0102887
vn 0 -1 0
v -0.00078028 -0.210321 0.00553539
vn 0 -1 0
v -0.00827895 -0.167974 0.00166619
vn -0.941575 0.158704 0.297069
v -0.000206139 -0.210387 0.00262885
vn -0.832654 0.158346 0.530673
v -0.000683557 -0.210359 0.00404404
vn -0.941575 0.158704 0.297069
v 0.000623385 -0.210404 0.00138555
vn -0.666946 0.158255 0.728106
v -0.00287865 -0.168081 -0.00643935
vn -0.455762 0.158437 0.875888
v 0.00174396 -0.210407 0.000398397
vn -0.455762 0.158437 0.875888
v 9.80847e-05 -0.16806 -0.00791447
vn -0.213523 0.158879 0.963932
v 0.00308273 -0.210398 -0.000264114
vn -0.213523 0.158879 0.963932
v -0.00721538 -0.168037 -0.00148009
vn -0.832654 0.158346 0.530673
v 0.00678097 -0.210033 0.0105656
vn 0 -1 0
v 0.00811974 -0.210024 0.00990311
vn 0 -1 0
v 0.00924032 -0.210027 0.00891596
vn 0 -1 0
v 0.00924032 -0.210027 0.00891596
vn 0.666058 0.166245 -0.727138
v 0.0112895 -0.167229 0.014688
vn 0.455177 0.166064 -0.874778
v 0.00811974 -0.210024 0.00990311
vn 0.455177 0.166064 -0.874778
v 0.015626 -0.167273 0.00972671
vn 0.831574 0.166154 -0.529978
v 0.0162485 -0.16752 8.5127e-06
vn 0.963048 0.164402 0.213331
v 0.0103481 -0.210155 0.00329953
vn 0 -1 0
v 0.0096871 -0.210204 0.00196021
vn 0 -1 0
v 0.00335421 -0.168011 -0.00856889
vn 0.04323 0.159551 0.986243
v 0.00454773 -0.210376 -0.000560532
vn 0.04323 0.159551 0.986243
v 0.0074545 -0.210302 1.2939e-05
vn 0 -1 0
v 0.00603925 -0.210343 -0.000464633
vn 0 -1 0
v 0.00666826 -0.167938 -0.00835875
vn 0.296972 0.160407 0.941317
v 0.0074545 -0.210302 1.2939e-05
vn 0.530397 0.161389 0.832246
v 0.00603925 -0.210343 -0.000464633
vn 0.296972 0.160407 0.941317
v 0.00174037 -0.167371 0.0166056
vn -0.296808 0.164099 -0.940732
v 0.00240822 -0.21013 0.0102887
vn -0.530262 0.163119 -0.831994
v 0.00382248 -0.210088 0.0107664
vn -0.296808 0.164099 -0.940732
v 0.00505663 -0.167298 0.0168175
vn -0.043207 0.164953 -0.985355
v 0.00531565 -0.210055 0.0108591
vn -0.043207 0.164953 -0.985355
v 0.00116418 -0.210177 0.00946007
vn 0 -1 0
v 0.000176278 -0.210227 0.00833832
vn 0 -1 0
v -0.000485607 -0.210276 0.00700011
vn 0 -1 0
v -0.00848992 -0.16789 0.00497974
vn -0.986282 0.159303 0.043247
v -0.00078028 -0.210321 0.00553539
vn -0.986282 0.159303 0.043247
v -0.00636423 -0.16768 0.0112126
vn -0.875519 0.161051 -0.455554
v -0.000485607 -0.210276 0.00700011
vn -0.963742 0.160104 -0.213465
v 0.000176278 -0.210227 0.00833832
vn -0.875519 0.161051 -0.455554
v -0.00783795 -0.16779 0.00823712
vn -0.963742 0.160104 -0.213465
v -0.00537208 -0.168073 -0.00424577
vn -0.666946 0.158255 0.728106
v 0.00831275 -0.16725 0.0161631
vn 0.213271 0.165623 -0.962852
v 0.00678097 -0.210033 0.0105656
vn 0.213271 0.165623 -0.962852
v 0.0137827 -0.167237 0.0124924
vn 0.666058 0.166245 -0.727138
v 0.0103481 -0.210155 0.00329953
vn 0.963048 0.164402 0.213331
v -0.00636423 -0.16768 0.0112126
vn 0 -1 0
v 0.015626 -0.167273 0.00972671
vn 0 -1 0
v 0.0166885 -0.167335 0.00657955
vn 0 -1 0
v -0.00783795 -0.16779 0.00823712
vn 0 -1 0
v 0.0169004 -0.16742 0.00326589
vn 0 -1 0
v 0.0147747 -0.167629 -0.00296698
vn 0.875158 0.163457 0.45539
v 0.00869953 -0.210254 0.000841441
vn 0 -1 0
v 0.0125792 -0.167741 -0.0054585
vn 0.727599 0.162429 0.666496
v 0.0096871 -0.210204 0.00196021
vn 0.875158 0.163457 0.45539
v 0.00869953 -0.210254 0.000841441
vn 0.727599 0.162429 0.666496
v 0.0098173 -0.167846 -0.00729837
vn 0.530397 0.161389 0.832246
v -0.00140679 -0.167464 0.015544
vn -0.530262 0.163119 -0.831994
v 0.00116418 -0.210177 0.00946007
vn -0.727656 0.162079 -0.666518
v -0.00417156 -0.167569 0.0137055
vn -0.727656 0.162079 -0.666518
v -0.00827895 -0.167974 0.00166619
vn 0 -1 0
v 0.0147747 -0.167629 -0.00296698
vn 0 -1 0
v -0.00721538 -0.168037 -0.00148009
vn 0 -1 0
v -0.00848992 -0.16789 0.00497974
vn 0 -1 0
v 0.0162485 -0.16752 8.5127e-06
vn 0 -1 0
v -0.00537208 -0.168073 -0.00424577
vn 0 -1 0
v 0.0098173 -0.167846 -0.00729837
vn 0 -1 0
v -0.00287865 -0.168081 -0.00643935
vn 0 -1 0
v 0.00666826 -0.167938 -0.00835875
vn 0 -1 0
v 9.80847e-05 -0.16806 -0.00791447
vn 0 -1 0
v 0.0125792 -0.167741 -0.0054585
vn 0 -1 0
v 0.00335421 -0.168011 -0.00856889
vn 0 -1 0
v -0.00140679 -0.167464 0.015544
vn 0 -1 0
v 0.0112895 -0.167229 0.014688
vn 0 -1 0
v 0.0137827 -0.167237 0.0124924
vn 0 -1 0
v -0.00417156 -0.167569 0.0137055
vn 0 -1 0
v 0.00174037 -0.167371 0.0166056
vn 0 -1 0
v 0.00831275 -0.16725 0.0161631
vn 0 -1 0
v 0.00505663 -0.167298 0.0168175
vn 0 -1 0
v -0.000207431 -0.398458 0.0557355
vn 0.300877 0 0.953663
v 0.00812393 -0.213263 0.0515633
vn 0.043799 0 0.99904
v 0.0118829 -0.398192 0.0565052
vn 0.043799 0 0.99904
v 0.0118829 -0.398192 0.0565052
vn -0.043799 -0 -0.99904
v 0.00812393 -0.213263 0.0515633
vn -0.043799 -0 -0.99904
v -0.000207431 -0.398458 0.0557355
vn -0.300877 -0 -0.953663
v -0.00396644 -0.213529 0.0507937
vn 0.300877 0 0.953663
v -0.00396644 -0.213529 0.0507937
vn -0.300877 -0 -0.953663
v 0.0200021 -0.213085 0.0491763
vn -0.216264 0 0.976335
v 0.0118829 -0.398192 0.0565052
vn 0.043799 0 0.99904
v 0.00812393 -0.213263 0.0515633
vn 0.043799 0 0.99904
v 0.00812393 -0.213263 0.0515633
vn -0.043799 -0 -0.99904
v 0.0118829 -0.398192 0.0565052
vn -0.043799 -0 -0.99904
v 0.0200021 -0.213085 0.0491763
vn 0.216264 0 -0.976335
v -0.0116859 -0.398795 0.0518651
vn 0.537451 0 0.843295
v -0.00396644 -0.213529 0.0507937
vn 0.300877 0 0.953663
v -0.000207431 -0.398458 0.0557355
vn 0.300877 0 0.953663
v -0.000207431 -0.398458 0.0557355
vn -0.300877 -0 -0.953663
v -0.00396644 -0.213529 0.0507937
vn -0.300877 -0 -0.953663
v -0.0116859 -0.398795 0.0518651
vn -0.537451 -0 -0.843295
v 0.0237611 -0.398014 0.0541182
vn -0.216264 0 0.976335
v 0.0237611 -0.398014 0.0541182
vn 0.216264 0 -0.976335
v -0.0154449 -0.213866 0.0469232
vn 0.537451 0 0.843295
v -0.0154449 -0.213866 0.0469232
vn -0.537451 -0 -0.843295
v 0.0237611 -0.398014 0.0541182
vn -0.216264 0 0.976335
v 0.0308592 -0.213008 0.0437954
vn -0.461589 0 0.887094
v 0.0346182 -0.397937 0.0487373
vn -0.461589 0 0.887094
v 0.0346182 -0.397937 0.0487373
vn 0.461589 0 -0.887094
v 0.0308592 -0.213008 0.0437954
vn 0.461589 0 -0.887094
v 0.0237611 -0.398014 0.0541182
vn 0.216264 0 -0.976335
v 0.0200021 -0.213085 0.0491763
vn -0.216264 0 0.976335
v 0.0200021 -0.213085 0.0491763
vn 0.216264 0 -0.976335
v -0.0167278 -0.398987 0.0485107
vn 0.642925 0 0.765929
v -0.0154449 -0.213866 0.0469232
vn 0.537451 0 0.843295
v -0.0116859 -0.398795 0.0518651
vn 0.537451 0 0.843295
v -0.0116859 -0.398795 0.0518651
vn -0.537451 -0 -0.843295
v -0.0154449 -0.213866 0.0469232
vn -0.537451 -0 -0.843295
v -0.0167278 -0.398987 0.0485107
vn -0.642925 -0 -0.765929
v 0.0399559 -0.213037 0.035792
vn -0.675458 0 0.737399
v 0.0346182 -0.397937 0.0487373
vn -0.461589 0 0.887094
v 0.0308592 -0.213008 0.0437954
vn -0.461589 0 0.887094
v 0.0308592 -0.213008 0.0437954
vn 0.461589 0 -0.887094
v 0.0346182 -0.397937 0.0487373
vn 0.461589 0 -0.887094
v 0.0399559 -0.213037 0.035792
vn 0.675458 0 -0.737399
v -0.0217688 -0.399179 0.0451562
vn 0.737399 0 0.675458
v -0.0255278 -0.21425 0.0402143
vn 0.737399 0 0.675458
v -0.0255278 -0.21425 0.0402143
vn -0.737399 -0 -0.675458
v -0.0217688 -0.399179 0.0451562
vn -0.737399 -0 -0.675458
v -0.0174514 -0.399014 0.0480293
vn 0.642925 0 0.765929
v -0.0174514 -0.399014 0.0480293
vn -0.642925 -0 -0.765929
v 0.0437149 -0.397966 0.0407338
vn -0.675458 0 0.737399
v 0.0437149 -0.397966 0.0407338
vn 0.675458 0 -0.737399
v -0.0170601 -0.401047 -0.0283227
vn 0.461589 0 -0.887094
v -0.0299154 -0.216089 -0.0252581
vn 0.675458 0 -0.737399
v -0.0261564 -0.401018 -0.0203162
vn 0.675458 0 -0.737399
v -0.0261564 -0.401018 -0.0203162
vn -0.675458 0 0.737399
v -0.0299154 -0.216089 -0.0252581
vn -0.675458 0 0.737399
v -0.0170601 -0.401047 -0.0283227
vn -0.461589 0 0.887094
v -0.00620263 -0.40097 -0.0337006
vn 0.216264 0 -0.976335
v -0.0208191 -0.216118 -0.0332645
vn 0.461589 0 -0.887094
v -0.0170601 -0.401047 -0.0283227
vn 0.461589 0 -0.887094
v -0.0170601 -0.401047 -0.0283227
vn -0.461589 0 0.887094
v -0.0208191 -0.216118 -0.0332645
vn -0.461589 0 0.887094
v -0.00620263 -0.40097 -0.0337006
vn -0.216264 0 0.976335
v 0.0466741 -0.21317 0.0257056
vn -0.843295 0 0.537451
v 0.0543105 -0.398327 0.0191696
vn -0.953663 0 0.300877
v 0.0504331 -0.398099 0.0306475
vn -0.843295 0 0.537451
v 0.0504331 -0.398099 0.0306475
vn 0.843295 0 -0.537451
v 0.0543105 -0.398327 0.0191696
vn 0.953663 0 -0.300877
v 0.0466741 -0.21317 0.0257056
vn 0.843295 0 -0.537451
v 0.0505515 -0.213398 0.0142277
vn -0.953663 0 0.300877
v 0.0550837 -0.398634 0.00707998
vn -0.99904 0 0.043799
v 0.0543105 -0.398327 0.0191696
vn -0.953663 0 0.300877
v 0.0543105 -0.398327 0.0191696
vn 0.953663 0 -0.300877
v 0.0550837 -0.398634 0.00707998
vn 0.99904 0 -0.043799
v 0.0505515 -0.213398 0.0142277
vn 0.953663 0 -0.300877
v 0.039327 -0.399805 -0.0247406
vn -0.737399 -0 -0.675458
v 0.0254851 -0.21526 -0.0363913
vn -0.537451 -0 -0.843295
v 0.0292441 -0.400189 -0.0314495
vn -0.537451 -0 -0.843295
v 0.0292441 -0.400189 -0.0314495
vn 0.537451 0 0.843295
v 0.0254851 -0.21526 -0.0363913
vn 0.537451 0 0.843295
v 0.039327 -0.399805 -0.0247406
vn 0.737399 0 0.675458
v 0.0292441 -0.400189 -0.0314495
vn -0.537451 -0 -0.843295
v 0.0140067 -0.215597 -0.0402618
vn -0.300877 -0 -0.953663
v 0.0177657 -0.400526 -0.0353199
vn -0.300877 -0 -0.953663
v 0.0177657 -0.400526 -0.0353199
vn 0.300877 0 0.953663
v 0.0140067 -0.215597 -0.0402618
vn 0.300877 0 0.953663
v 0.0292441 -0.400189 -0.0314495
vn 0.537451 0 0.843295
v -0.0412846 -0.215421 0.00839276
vn 0.99904 0 -0.043799
v -0.0351445 -0.399984 0.0252117
vn 0.976335 0 0.216264
v -0.0375256 -0.40035 0.0133346
vn 0.99904 0 -0.043799
v -0.0375256 -0.40035 0.0133346
vn -0.99904 0 0.043799
v -0.0351445 -0.399984 0.0252117
vn -0.976335 -0 -0.216264
v -0.0412846 -0.215421 0.00839276
vn -0.99904 0 0.043799
v -0.0389035 -0.215055 0.0202698
vn 0.976335 0 0.216264
v -0.0297716 -0.399585 0.0360646
vn 0.887094 0 0.461589
v -0.0351445 -0.399984 0.0252117
vn 0.976335 0 0.216264
v -0.0351445 -0.399984 0.0252117
vn -0.976335 -0 -0.216264
v -0.0297716 -0.399585 0.0360646
vn -0.887094 -0 -0.461589
v -0.0389035 -0.215055 0.0202698
vn -0.976335 -0 -0.216264
v -0.040511 -0.215728 -0.00369388
vn 0.953663 0 -0.300877
v -0.0375256 -0.40035 0.0133346
vn 0.99904 0 -0.043799
v -0.036752 -0.400657 0.00124797
vn 0.953663 0 -0.300877
v -0.036752 -0.400657 0.00124797
vn -0.953663 0 0.300877
v -0.0375256 -0.40035 0.0133346
vn -0.99904 0 0.043799
v -0.040511 -0.215728 -0.00369388
vn -0.953663 0 0.300877
v -0.0366336 -0.215956 -0.0151717
vn 0.843295 0 -0.537451
v -0.036752 -0.400657 0.00124797
vn 0.953663 0 -0.300877
v -0.0328746 -0.400885 -0.0102299
vn 0.843295 0 -0.537451
v -0.0328746 -0.400885 -0.0102299
vn -0.843295 0 0.537451
v -0.036752 -0.400657 0.00124797
vn -0.953663 0 0.300877
v -0.0366336 -0.215956 -0.0151717
vn -0.843295 0 0.537451
v 0.0513247 -0.213706 0.00213812
vn -0.99904 0 0.043799
v 0.0527029 -0.399 -0.0047941
vn -0.976335 -0 -0.216264
v 0.0550837 -0.398634 0.00707998
vn -0.99904 0 0.043799
v 0.0550837 -0.398634 0.00707998
vn 0.99904 0 -0.043799
v 0.0527029 -0.399 -0.0047941
vn 0.976335 0 0.216264
v 0.0513247 -0.213706 0.00213812
vn 0.99904 0 -0.043799
v 0.0489439 -0.214071 -0.00973596
vn -0.976335 -0 -0.216264
v 0.0473278 -0.399399 -0.0156497
vn -0.887094 -0 -0.461589
v 0.0527029 -0.399 -0.0047941
vn -0.976335 -0 -0.216264
v 0.0527029 -0.399 -0.0047941
vn 0.976335 0 0.216264
v 0.0473278 -0.399399 -0.0156497
vn 0.887094 0 0.461589
v 0.0489439 -0.214071 -0.00973596
vn 0.976335 0 0.216264
v -0.0217688 -0.399179 0.0451562
vn 0.737399 0 0.675458
v -0.0335306 -0.214656 0.0311227
vn 0.887094 0 0.461589
v -0.0255278 -0.21425 0.0402143
vn 0.737399 0 0.675458
v -0.0255278 -0.21425 0.0402143
vn -0.737399 -0 -0.675458
v -0.0335306 -0.214656 0.0311227
vn -0.887094 -0 -0.461589
v -0.0217688 -0.399179 0.0451562
vn -0.737399 -0 -0.675458
v 0.0399559 -0.213037 0.035792
vn -0.675458 0 0.737399
v 0.0504331 -0.398099 0.0306475
vn -0.843295 0 0.537451
v 0.0437149 -0.397966 0.0407338
vn -0.675458 0 0.737399
v 0.0437149 -0.397966 0.0407338
vn 0.675458 0 -0.737399
v 0.0504331 -0.398099 0.0306475
vn 0.843295 0 -0.537451
v 0.0399559 -0.213037 0.035792
vn 0.675458 0 -0.737399
v -0.0297716 -0.399585 0.0360646
vn 0.887094 0 0.461589
v -0.0297716 -0.399585 0.0360646
vn -0.887094 -0 -0.461589
v -0.0299154 -0.216089 -0.0252581
vn 0.675458 0 -0.737399
v -0.0328746 -0.400885 -0.0102299
vn 0.843295 0 -0.537451
v -0.0261564 -0.401018 -0.0203162
vn 0.675458 0 -0.737399
v -0.0261564 -0.401018 -0.0203162
vn -0.675458 0 0.737399
v -0.0328746 -0.400885 -0.0102299
vn -0.843295 0 0.537451
v -0.0299154 -0.216089 -0.0252581
vn -0.675458 0 0.737399
v -0.0208191 -0.216118 -0.0332645
vn 0.461589 0 -0.887094
v -0.0208191 -0.216118 -0.0332645
vn -0.461589 0 0.887094
v 0.00567454 -0.400792 -0.0360875
vn -0.043799 -0 -0.99904
v -0.00996163 -0.216041 -0.0386424
vn 0.216264 0 -0.976335
v -0.00620263 -0.40097 -0.0337006
vn 0.216264 0 -0.976335
v -0.00620263 -0.40097 -0.0337006
vn -0.216264 0 0.976335
v -0.00996163 -0.216041 -0.0386424
vn -0.216264 0 0.976335
v 0.00567454 -0.400792 -0.0360875
vn 0.043799 0 0.99904
v -0.00996163 -0.216041 -0.0386424
vn 0.216264 0 -0.976335
v -0.00996163 -0.216041 -0.0386424
vn -0.216264 0 0.976335
v 0.0505515 -0.213398 0.0142277
vn -0.953663 0 0.300877
v 0.0505515 -0.213398 0.0142277
vn 0.953663 0 -0.300877
v 0.0466741 -0.21317 0.0257056
vn -0.843295 0 0.537451
v 0.0466741 -0.21317 0.0257056
vn 0.843295 0 -0.537451
v 0.0513247 -0.213706 0.00213812
vn -0.99904 0 0.043799
v 0.0513247 -0.213706 0.00213812
vn 0.99904 0 -0.043799
v 0.039327 -0.399805 -0.0247406
vn -0.737399 -0 -0.675458
v 0.0435688 -0.214471 -0.0205916
vn -0.887094 -0 -0.461589
v 0.035568 -0.214876 -0.0296825
vn -0.737399 -0 -0.675458
v 0.035568 -0.214876 -0.0296825
vn 0.737399 0 0.675458
v 0.0435688 -0.214471 -0.0205916
vn 0.887094 0 0.461589
v 0.039327 -0.399805 -0.0247406
vn 0.737399 0 0.675458
v 0.035568 -0.214876 -0.0296825
vn -0.737399 -0 -0.675458
v 0.035568 -0.214876 -0.0296825
vn 0.737399 0 0.675458
v 0.0254851 -0.21526 -0.0363913
vn -0.537451 -0 -0.843295
v 0.0254851 -0.21526 -0.0363913
vn 0.537451 0 0.843295
v 0.0473278 -0.399399 -0.0156497
vn -0.887094 -0 -0.461589
v 0.0473278 -0.399399 -0.0156497
vn 0.887094 0 0.461589
v 0.00567454 -0.400792 -0.0360875
vn 0.043799 0 0.99904
v 0.00191553 -0.215863 -0.0410293
vn 0.043799 0 0.99904
v 0.0177657 -0.400526 -0.0353199
vn 0.300877 0 0.953663
v 0.00191553 -0.215863 -0.0410293
vn -0.043799 -0 -0.99904
v 0.0177657 -0.400526 -0.0353199
vn -0.300877 -0 -0.953663
v 0.0140067 -0.215597 -0.0402618
vn -0.300877 -0 -0.953663
v 0.0140067 -0.215597 -0.0402618
vn 0.300877 0 0.953663
v -0.0389035 -0.215055 0.0202698
vn 0.976335 0 0.216264
v -0.0389035 -0.215055 0.0202698
vn -0.976335 -0 -0.216264
v -0.0412846 -0.215421 0.00839276
vn 0.99904 0 -0.043799
v -0.0412846 -0.215421 0.00839276
vn -0.99904 0 0.043799
v -0.0335306 -0.214656 0.0311227
vn 0.887094 0 0.461589
v -0.0335306 -0.214656 0.0311227
vn -0.887094 -0 -0.461589
v -0.040511 -0.215728 -0.00369388
vn 0.953663 0 -0.300877
v -0.040511 -0.215728 -0.00369388
vn -0.953663 0 0.300877
v -0.0366336 -0.215956 -0.0151717
vn 0.843295 0 -0.537451
v -0.0366336 -0.215956 -0.0151717
vn -0.843295 0 0.537451
v 0.0489439 -0.214071 -0.00973596
vn -0.976335 -0 -0.216264
v 0.0489439 -0.214071 -0.00973596
vn 0.976335 0 0.216264
v 0.0435688 -0.214471 -0.0205916
vn -0.887094 -0 -0.461589
v 0.0435688 -0.214471 -0.0205916
vn 0.887094 0 0.461589
v 0.00191553 -0.215863 -0.0410293
vn -0.043799 -0 -0.99904
v 0.00191553 -0.215863 -0.0410293
vn 0.043799 0 0.99904
v 0.00567454 -0.400792 -0.0360875
vn -0.043799 -0 -0.99904
v 0.011893 -0.398187 0.0566589
vn -0.043799 -0 -0.99904
v -0.00401181 -0.212781 0.050927
vn -0.300877 -0 -0.953663
v -0.000237673 -0.398455 0.0558888
vn -0.300877 -0 -0.953663
v -0.000237673 -0.398455 0.0558888
vn 0.300877 0 0.953663
v -0.00401181 -0.212781 0.050927
vn 0.300877 0 0.953663
v 0.011893 -0.398187 0.0566589
vn 0.043799 0 0.99904
v 0.00811885 -0.212514 0.0516972
vn -0.043799 -0 -0.99904
v 0.00811885 -0.212514 0.0516972
vn 0.043799 0 0.99904
v 0.0238093 -0.398009 0.0542626
vn 0.216264 0 -0.976335
v 0.0238093 -0.398009 0.0542626
vn -0.216264 0 0.976335
v -0.0155289 -0.213119 0.0470438
vn -0.537451 -0 -0.843295
v -0.0155289 -0.213119 0.0470438
vn 0.537451 0 0.843295
v -0.0117548 -0.398792 0.0520055
vn -0.537451 -0 -0.843295
v -0.0117548 -0.398792 0.0520055
vn 0.537451 0 0.843295
v 0.0200352 -0.212336 0.0493009
vn 0.216264 0 -0.976335
v 0.0200352 -0.212336 0.0493009
vn -0.216264 0 0.976335
v 0.0347049 -0.397932 0.0488654
vn 0.461589 0 -0.887094
v 0.0347049 -0.397932 0.0488654
vn -0.461589 0 0.887094
v -0.0256457 -0.213505 0.0403105
vn -0.737399 -0 -0.675458
v -0.0256457 -0.213505 0.0403105
vn 0.737399 0 0.675458
v 0.0309307 -0.212259 0.0439037
vn 0.461589 0 -0.887094
v 0.0309307 -0.212259 0.0439037
vn -0.461589 0 0.887094
v 0.0438318 -0.397961 0.0408354
vn 0.675458 0 -0.737399
v 0.0438318 -0.397961 0.0408354
vn -0.675458 0 0.737399
v -0.0218716 -0.399178 0.0452723
vn -0.737399 -0 -0.675458
v -0.0218716 -0.399178 0.0452723
vn 0.737399 0 0.675458
v 0.0400577 -0.212288 0.0358737
vn 0.675458 0 -0.737399
v 0.0400577 -0.212288 0.0358737
vn -0.675458 0 0.737399
v -0.0171466 -0.401052 -0.0284498
vn 0.461589 0 -0.887094
v -0.0209208 -0.215379 -0.0334116
vn 0.461589 0 -0.887094
v -0.0262733 -0.401023 -0.0204178
vn 0.675458 0 -0.737399
v -0.0262733 -0.401023 -0.0204178
vn -0.675458 0 0.737399
v -0.0209208 -0.215379 -0.0334116
vn -0.461589 0 0.887094
v -0.0171466 -0.401052 -0.0284498
vn -0.461589 0 0.887094
v -0.0100282 -0.215301 -0.0388085
vn -0.216264 0 0.976335
v -0.00625409 -0.400975 -0.0338467
vn -0.216264 0 0.976335
v -0.00625409 -0.400975 -0.0338467
vn 0.216264 0 -0.976335
v -0.0100282 -0.215301 -0.0388085
vn 0.216264 0 -0.976335
v 0.0506866 -0.21265 0.0142383
vn 0.953663 0 -0.300877
v 0.0505703 -0.398095 0.0307146
vn 0.843295 0 -0.537451
v 0.0544608 -0.398323 0.0192001
vn 0.953663 0 -0.300877
v 0.0544608 -0.398323 0.0192001
vn -0.953663 0 0.300877
v 0.0505703 -0.398095 0.0307146
vn -0.843295 0 0.537451
v 0.0506866 -0.21265 0.0142383
vn -0.953663 0 0.300877
v 0.0514634 -0.212958 0.00210809
vn 0.99904 0 -0.043799
v 0.0552375 -0.398631 0.00706984
vn 0.99904 0 -0.043799
v 0.0552375 -0.398631 0.00706984
vn -0.99904 0 0.043799
v 0.0514634 -0.212958 0.00210809
vn -0.99904 0 0.043799
v 0.03943 -0.399806 -0.0248547
vn -0.737399 -0 -0.675458
v 0.0356559 -0.214133 -0.0298165
vn -0.737399 -0 -0.675458
v 0.0293113 -0.400192 -0.0315877
vn -0.537451 -0 -0.843295
v 0.0293113 -0.400192 -0.0315877
vn 0.537451 0 0.843295
v 0.0356559 -0.214133 -0.0298165
vn 0.737399 0 0.675458
v 0.03943 -0.399806 -0.0248547
vn 0.737399 0 0.675458
v 0.0177961 -0.400529 -0.0354712
vn 0.300877 0 0.953663
v 0.0255371 -0.214518 -0.0365495
vn 0.537451 0 0.843295
v 0.0255371 -0.214518 -0.0365495
vn -0.537451 -0 -0.843295
v 0.0177961 -0.400529 -0.0354712
vn -0.300877 -0 -0.953663
v -0.039066 -0.214312 0.0202996
vn -0.976335 -0 -0.216264
v -0.0376791 -0.400352 0.0133477
vn -0.99904 0 0.043799
v -0.0352918 -0.399986 0.0252613
vn -0.976335 -0 -0.216264
v -0.0352918 -0.399986 0.0252613
vn 0.976335 0 0.216264
v -0.0376791 -0.400352 0.0133477
vn 0.99904 0 -0.043799
v -0.039066 -0.214312 0.0202996
vn 0.976335 0 0.216264
v -0.033674 -0.213912 0.0311896
vn -0.887094 -0 -0.461589
v -0.0298998 -0.399585 0.0361513
vn -0.887094 -0 -0.461589
v -0.0298998 -0.399585 0.0361513
vn 0.887094 0 0.461589
v -0.033674 -0.213912 0.0311896
vn 0.887094 0 0.461589
v -0.0414532 -0.214679 0.00838599
vn -0.99904 0 0.043799
v -0.0369033 -0.400661 0.0012176
vn -0.953663 0 0.300877
v -0.0369033 -0.400661 0.0012176
vn 0.953663 0 -0.300877
v -0.0414532 -0.214679 0.00838599
vn 0.99904 0 -0.043799
v -0.0406774 -0.214987 -0.00374415
vn -0.953663 0 0.300877
v -0.0330122 -0.40089 -0.0103
vn -0.843295 0 0.537451
v -0.0330122 -0.40089 -0.0103
vn 0.843295 0 -0.537451
v -0.0406774 -0.214987 -0.00374415
vn 0.953663 0 -0.300877
v 0.0490759 -0.213325 -0.0098075
vn 0.976335 0 0.216264
v 0.0528501 -0.398998 -0.00484575
vn 0.976335 0 0.216264
v 0.0528501 -0.398998 -0.00484575
vn -0.976335 -0 -0.216264
v 0.0490759 -0.213325 -0.0098075
vn -0.976335 -0 -0.216264
v 0.0436841 -0.213726 -0.0206955
vn 0.887094 0 0.461589
v 0.0474583 -0.399399 -0.0157337
vn 0.887094 0 0.461589
v 0.0474583 -0.399399 -0.0157337
vn -0.887094 -0 -0.461589
v 0.0436841 -0.213726 -0.0206955
vn -0.887094 -0 -0.461589
v 0.0467962 -0.212421 0.0257529
vn 0.843295 0 -0.537451
v 0.0467962 -0.212421 0.0257529
vn -0.843295 0 0.537451
v -0.0367863 -0.215216 -0.0152618
vn -0.843295 0 0.537451
v -0.0367863 -0.215216 -0.0152618
vn 0.843295 0 -0.537451
v -0.0300475 -0.21535 -0.0253796
vn -0.675458 0 0.737399
v -0.0300475 -0.21535 -0.0253796
vn 0.675458 0 -0.737399
v 0.00189133 -0.215123 -0.0412031
vn 0.043799 0 0.99904
v 0.00189133 -0.215123 -0.0412031
vn -0.043799 -0 -0.99904
v 0.00566547 -0.400797 -0.0362414
vn 0.043799 0 0.99904
v 0.00566547 -0.400797 -0.0362414
vn -0.043799 -0 -0.99904
v 0.014022 -0.214856 -0.040433
vn 0.300877 0 0.953663
v 0.014022 -0.214856 -0.040433
vn -0.300877 -0 -0.953663
v 0.00915076 -0.399337 0.0157435
vn -0.043799 -0 -0.99904
v 0.00411931 -0.223061 0.0109412
vn -0.300877 -0 -0.953663
v 0.00770307 -0.399368 0.0156527
vn -0.300877 -0 -0.953663
v 0.000213928 -0.223351 0.00305248
vn -0.843295 0 0.537451
v 0.00460105 -0.399674 0.00655677
vn -0.675458 0 0.737399
v 0.00379769 -0.399659 0.00776395
vn -0.843295 0 0.537451
v -0.00024925 -0.223324 0.00442384
vn -0.953663 0 0.300877
v 0.00333451 -0.399631 0.00913531
vn -0.953663 0 0.300877
v 0.00210607 -0.22337 0.000888851
vn -0.461589 0 0.887094
v 0.00568984 -0.399678 0.00560032
vn -0.461589 0 0.887094
v 0.00340278 -0.223361 0.000246126
vn -0.216264 0 0.976335
v 0.00698654 -0.399669 0.0049576
vn -0.216264 0 0.976335
v 0.0106399 -0.223045 0.00656782
vn 0.953663 0 -0.300877
v 0.0137608 -0.399325 0.0126536
vn 0.843295 0 -0.537451
v 0.0142236 -0.399353 0.0112793
vn 0.953663 0 -0.300877
v 0.0107336 -0.223082 0.00512207
vn 0.99904 0 -0.043799
v 0.0143174 -0.399389 0.00983354
vn 0.99904 0 -0.043799
v 0.00980652 -0.223173 0.00240335
vn 0.887094 0 0.461589
v 0.0140316 -0.399433 0.00841308
vn 0.976335 0 0.216264
v 0.0133903 -0.399481 0.00711482
vn 0.887094 0 0.461589
v 0.0105699 -0.399315 0.0154602
vn 0.216264 0 -0.976335
v 0.00556699 -0.223029 0.011032
vn -0.043799 -0 -0.99904
v 0.0118684 -0.399306 0.0148153
vn 0.461589 0 -0.887094
v 0.00698617 -0.223008 0.0107487
vn 0.216264 0 -0.976335
v 0.00274712 -0.223101 0.01048
vn -0.537451 -0 -0.843295
v 0.00633088 -0.399409 0.0151915
vn -0.537451 -0 -0.843295
v 0.00154316 -0.223147 0.00967707
vn -0.737399 -0 -0.675458
v 0.00512693 -0.399455 0.0143885
vn -0.737399 -0 -0.675458
v -0.000342996 -0.223287 0.00586959
vn -0.99904 0 0.043799
v 0.00324077 -0.399595 0.0105811
vn -0.99904 0 0.043799
v 0.00101729 -0.223367 0.00184529
vn -0.675458 0 0.737399
v 0.00482361 -0.22334 -4.03301e-05
vn 0.043799 0 0.99904
v 0.010177 -0.223018 0.00794215
vn 0.843295 0 -0.537451
v 0.0129572 -0.399309 0.0138588
vn 0.675458 0 -0.737399
v 0.00828464 -0.222998 0.0101038
vn 0.461589 0 -0.887094
v 0.00937342 -0.223002 0.00914736
vn 0.675458 0 -0.737399
v 0.0104479 -0.223126 0.00370161
vn 0.976335 0 0.216264
v 0.0112266 -0.399575 0.00522623
vn 0.537451 0 0.843295
v 0.00884777 -0.223222 0.00131756
vn 0.737399 0 0.675458
v 0.0124315 -0.399529 0.00602904
vn 0.737399 0 0.675458
v 0.00840737 -0.399648 0.00467114
vn 0.043799 0 0.99904
v 0.0062693 -0.223308 5.06295e-05
vn 0.300877 0 0.953663
v 0.00985307 -0.399616 0.0047621
vn 0.300877 0 0.953663
v 0.00416784 -0.399503 0.0132998
vn -0.887094 -0 -0.461589
v 0.000584076 -0.223195 0.00858831
vn -0.887094 -0 -0.461589
v 0.0035255 -0.399551 0.0120016
vn -0.976335 -0 -0.216264
v -5.82627e-05 -0.223243 0.00729016
vn -0.976335 -0 -0.216264
v 0.00764282 -0.223268 0.000514759
vn 0.537451 0 0.843295
v 0.00557677 -0.21433 0.013569
vn -0.043799 -0 -0.99904
v 0.00788243 -0.222919 0.0133713
vn 0.216264 0 -0.976335
v 0.00770719 -0.214298 0.0131409
vn 0.216264 0 -0.976335
v 0.00982843 -0.222906 0.0124066
vn 0.461589 0 -0.887094
v 0.00965319 -0.214284 0.0121762
vn 0.461589 0 -0.887094
v 0.0114615 -0.222911 0.010971
vn 0.675458 0 -0.737399
v 0.0124905 -0.214313 0.0089314
vn 0.843295 0 -0.537451
v 0.0112863 -0.21429 0.0107406
vn 0.675458 0 -0.737399
v 0.0126657 -0.222935 0.00916178
vn 0.843295 0 -0.537451
v 0.0131841 -0.214354 0.00687349
vn 0.953663 0 -0.300877
v 0.0133594 -0.222975 0.00710387
vn 0.953663 0 -0.300877
v 0.0133233 -0.214409 0.00470552
vn 0.99904 0 -0.043799
v 0.0134986 -0.223031 0.00493591
vn 0.99904 0 -0.043799
v 0.0128963 -0.214475 0.00257566
vn 0.976335 0 0.216264
v 0.00340856 -0.214378 0.013431
vn -0.300877 -0 -0.953663
v 0.00575201 -0.222951 0.0137994
vn -0.043799 -0 -0.99904
v 0.00134872 -0.214438 0.0127388
vn -0.537451 -0 -0.843295
v 0.0035838 -0.222999 0.0136614
vn -0.300877 -0 -0.953663
v -0.00297142 -0.223393 0.0038911
vn -0.953663 0 0.300877
v -0.00328584 -0.214717 0.00582868
vn -0.99904 0 0.043799
v -0.00314666 -0.214772 0.00366071
vn -0.953663 0 0.300877
v -0.00227499 -0.223434 0.00183086
vn -0.843295 0 0.537451
v -0.00245023 -0.214813 0.00160048
vn -0.843295 0 0.537451
v 0.0114615 -0.222911 0.010971
vn 0 1 0
v 0.00556699 -0.223029 0.011032
vn 0 1 0
v 0.00698617 -0.223008 0.0107487
vn 0 1 0
v 0.0126657 -0.222935 0.00916178
vn 0 1 0
v 0.00828464 -0.222998 0.0101038
vn 0 1 0
v 0.00274712 -0.223101 0.01048
vn 0 1 0
v -0.00171982 -0.223201 0.0101341
vn 0 1 0
v 0.00154316 -0.223147 0.00967707
vn 0 1 0
v -0.00024925 -0.223324 0.00442384
vn 0 1 0
v -0.00297142 -0.223393 0.0038911
vn 0 1 0
v 0.000213928 -0.223351 0.00305248
vn 0 1 0
v -0.00227499 -0.223434 0.00183086
vn 0 1 0
v 0.00101729 -0.223367 0.00184529
vn 0 1 0
v 0.00210607 -0.22337 0.000888851
vn 0 1 0
v -0.00107056 -0.223458 2.36684e-05
vn 0 1 0
v 0.00340278 -0.223361 0.000246126
vn 0 1 0
v 0.00482361 -0.22334 -4.03301e-05
vn 0 1 0
v 0.0133594 -0.222975 0.00710387
vn 0 1 0
v 0.010177 -0.223018 0.00794215
vn 0 1 0
v 0.0106399 -0.223045 0.00656782
vn 0 1 0
v 0.00937342 -0.223002 0.00914736
vn 0 1 0
v 0.0121076 -0.223168 0.000858874
vn 0 1 0
v 0.00884777 -0.223222 0.00131756
vn 0 1 0
v 0.00764282 -0.223268 0.000514759
vn 0 1 0
v 0.0106738 -0.22324 -0.000771291
vn 0 1 0
v 0.0062693 -0.223308 5.06295e-05
vn 0 1 0
v 0.0130716 -0.223096 0.00280604
vn 0.976335 0 0.216264
v 0.0119323 -0.214547 0.00062849
vn 0.887094 0 0.461589
v -0.00028285 -0.223128 0.0117659
vn 0 1 0
v 0.00411931 -0.223061 0.0109412
vn 0 1 0
v 0.00152396 -0.223059 0.0129692
vn -0.537451 -0 -0.843295
v -0.00045809 -0.214507 0.0115355
vn -0.737399 -0 -0.675458
v -0.00028285 -0.223128 0.0117659
vn -0.737399 -0 -0.675458
v -0.0031106 -0.223338 0.00605906
vn -0.99904 0 0.043799
v -0.00107056 -0.223458 2.36684e-05
vn -0.675458 0 0.737399
v -0.0012458 -0.214837 -0.000206715
vn -0.675458 0 0.737399
v -0.00268063 -0.223273 0.00818859
vn 0 1 0
v -0.00171982 -0.223201 0.0101341
vn -0.887094 -0 -0.461589
v 0.000584076 -0.223195 0.00858831
vn 0 1 0
v -5.82627e-05 -0.223243 0.00729016
vn 0 1 0
v -0.0031106 -0.223338 0.00605906
vn 0 1 0
v -0.000342996 -0.223287 0.00586959
vn 0 1 0
v 0.00233304 -0.214828 -0.00260905
vn -0.216264 0 0.976335
v 0.000562284 -0.223463 -0.00141398
vn -0.461589 0 0.887094
v 0.000387044 -0.214842 -0.00164436
vn -0.461589 0 0.887094
v 0.00446346 -0.214796 -0.00303714
vn 0.043799 0 0.99904
v 0.00250828 -0.223449 -0.00237867
vn -0.216264 0 0.976335
v 0.0121076 -0.223168 0.000858874
vn 0.887094 0 0.461589
v 0.0104985 -0.214619 -0.00100167
vn 0.737399 0 0.675458
v 0.00663167 -0.214749 -0.00289915
vn 0.300877 0 0.953663
v 0.0046387 -0.223418 -0.00280675
vn 0.043799 0 0.99904
v 0.00868875 -0.214688 -0.00220461
vn 0.537451 0 0.843295
v 0.00680691 -0.22337 -0.00266877
vn 0.300877 0 0.953663
v 0.0134986 -0.223031 0.00493591
vn 0 1 0
v 0.0107336 -0.223082 0.00512207
vn 0 1 0
v 0.0130716 -0.223096 0.00280604
vn 0 1 0
v 0.0104479 -0.223126 0.00370161
vn 0 1 0
v 0.00980652 -0.223173 0.00240335
vn 0 1 0
v 0.00886399 -0.223309 -0.00197423
vn 0.537451 0 0.843295
v 0.0106738 -0.22324 -0.000771291
vn 0.737399 0 0.675458
v 0.00788243 -0.222919 0.0133713
vn 0 1 0
v 0.0035838 -0.222999 0.0136614
vn 0 1 0
v 0.00982843 -0.222906 0.0124066
vn 0 1 0
v 0.00575201 -0.222951 0.0137994
vn 0 1 0
v 0.00152396 -0.223059 0.0129692
vn 0 1 0
v -0.00285587 -0.214651 0.00795821
vn -0.976335 -0 -0.216264
v 0.00886399 -0.223309 -0.00197423
vn 0 1 0
v 0.000562284 -0.223463 -0.00141398
vn 0 1 0
v -0.00189506 -0.21458 0.00990372
vn -0.887094 -0 -0.461589
v -0.00268063 -0.223273 0.00818859
vn -0.976335 -0 -0.216264
v 0.00680691 -0.22337 -0.00266877
vn 0 1 0
v 0.00250828 -0.223449 -0.00237867
vn 0 1 0
v 0.0046387 -0.223418 -0.00280675
vn 0 1 0
v -0.0084914 -0.168197 -0.00652246
vn -0.959574 0 0.281457
v -0.0140214 -0.0374953 0.00631701
vn -0.959574 0 0.281457
v -0.0111405 -0.0378729 -0.0100051
vn -0.959574 0 0.281457
v -0.0113724 -0.16782 0.00979968
vn -0.959574 0 0.281457
v -0.0140214 -0.0374953 0.00631701
vn 0 -1 0
v 0.0171319 -0.0371654 -0.0050355
vn 0 -1 0
v -0.0111405 -0.0378729 -0.0100051
vn 0 -1 0
v 0.00443504 -0.037708 -0.0156828
vn -0.236038 0 0.971744
v -0.0084914 -0.168197 -0.00652246
vn -0.236038 0 0.971744
v -0.0111405 -0.0378729 -0.0100051
vn -0.236038 0 0.971744
v 0.019781 -0.16749 -0.00155283
vn 0 1 0
v -0.0113724 -0.16782 0.00979968
vn 0 1 0
v -0.0084914 -0.168197 -0.00652246
vn 0 1 0
v -0.0113724 -0.16782 0.00979968
vn -0.723536 0 -0.690287
v -0.00132258 -0.0369526 0.0169641
vn -0.723536 0 -0.690287
v -0.0140214 -0.0374953 0.00631701
vn -0.723536 0 -0.690287
v 0.0142532 -0.0367877 0.0112884
vn 0 -1 0
v 0.00443504 -0.037708 -0.0156828
vn 0 -1 0
v 0.00708412 -0.168033 -0.0122001
vn -0.236038 0 0.971744
v 0.0169022 -0.167112 0.0147711
vn 0 1 0
v 0.00708412 -0.168033 -0.0122001
vn 0 1 0
v 0.0013265 -0.167277 0.0204467
vn -0.723536 0 -0.690287
v -0.00132258 -0.0369526 0.0169641
vn 0 -1 0
v 0.0169022 -0.167112 0.0147711
vn 0.959574 0 -0.281457
v 0.0171319 -0.0371654 -0.0050355
vn 0.959574 0 -0.281457
v 0.0142532 -0.0367877 0.0112884
vn 0.959574 0 -0.281457
v 0.019781 -0.16749 -0.00155283
vn 0.723536 0 0.690287
v 0.00443504 -0.037708 -0.0156828
vn 0.723536 0 0.690287
v 0.0171319 -0.0371654 -0.0050355
vn 0.723536 0 0.690287
v 0.00708412 -0.168033 -0.0122001
vn 0.723536 0 0.690287
v 0.0013265 -0.167277 0.0204467
vn 0 1 0
v 0.019781 -0.16749 -0.00155283
vn 0.959574 0 -0.281457
v 0.0169022 -0.167112 0.0147711
vn 0.236038 0 -0.971744
v -0.00132258 -0.0369526 0.0169641
vn 0.236038 0 -0.971744
v 0.0013265 -0.167277 0.0204467
vn 0.236038 0 -0.971744
v 0.0142532 -0.0367877 0.0112884
vn 0.236038 0 -0.971744
v -0.0111405 -0.0378729 -0.0100051
vn 0.959574 0 -0.281457
v -0.0140214 -0.0374953 0.00631701
vn 0.959574 0 -0.281457
v -0.0084914 -0.168197 -0.00652246
vn 0.959574 0 -0.281457
v -0.0113724 -0.16782 0.00979968
vn 0.959574 0 -0.281457
v -0.0111405 -0.0378729 -0.0100051
vn 0 1 0
v 0.0171319 -0.0371654 -0.0050355
vn 0 1 0
v -0.0140214 -0.0374953 0.00631701
vn 0 1 0
v -0.0111405 -0.0378729 -0.0100051
vn 0.236038 0 -0.971744
v -0.0084914 -0.168197 -0.00652246
vn 0.236038 0 -0.971744
v 0.00443504 -0.037708 -0.0156828
vn 0.236038 0 -0.971744
v -0.0084914 -0.168197 -0.00652246
vn 0 -1 0
v -0.0113724 -0.16782 0.00979968
vn 0 -1 0
v 0.019781 -0.16749 -0.00155283
vn 0 -1 0
v -0.0140214 -0.0374953 0.00631701
vn 0.723536 0 0.690287
v -0.00132258 -0.0369526 0.0169641
vn 0.723536 0 0.690287
v -0.0113724 -0.16782 0.00979968
vn 0.723536 0 0.690287
v 0.0142532 -0.0367877 0.0112884
vn 0 1 0
v 0.00443504 -0.037708 -0.0156828
vn 0 1 0
v 0.00708412 -0.168033 -0.0122001
vn 0.236038 0 -0.971744
v 0.0169022 -0.167112 0.0147711
vn 0 -1 0
v 0.00708412 -0.168033 -0.0122001
vn 0 -1 0
v 0.0013265 -0.167277 0.0204467
vn 0.723536 0 0.690287
v -0.00132258 -0.0369526 0.0169641
vn 0 1 0
v 0.0142532 -0.0367877 0.0112884
vn -0.959574 0 0.281457
v 0.0171319 -0.0371654 -0.0050355
vn -0.959574 0 0.281457
v 0.0169022 -0.167112 0.0147711
vn -0.959574 0 0.281457
v 0.0171319 -0.0371654 -0.0050355
vn -0.723536 0 -0.690287
v 0.00443504 -0.037708 -0.0156828
vn -0.723536 0 -0.690287
v 0.019781 -0.16749 -0.00155283
vn -0.723536 0 -0.690287
v 0.00708412 -0.168033 -0.0122001
vn -0.723536 0 -0.690287
v 0.0013265 -0.167277 0.0204467
vn 0 -1 0
v 0.019781 -0.16749 -0.00155283
vn -0.959574 0 0.281457
v 0.0013265 -0.167277 0.0204467
vn -0.236038 0 0.971744
v -0.00132258 -0.0369526 0.0169641
vn -0.236038 0 0.971744
v 0.0169022 -0.167112 0.0147711
vn -0.236038 0 0.971744
v 0.0142532 -0.0367877 0.0112884
vn -0.236038 0 0.971744
f 1//1 2//2 3//3
f 2//2 1//1 4//4
f 5//5 1//1 3//3
f 4//4 6//6 2//2
f 4//4 1//1 7//7
f 1//1 5//5 7//7
f 8//8 9//9 10//10
f 11//11 12//12 13//13
f 13//13 12//12 14//14
f 15//15 16//16 6//6
f 6//6 4//4 15//15
f 4//4 7//7 17//17
f 18//18 19//19 20//20
f 20//20 19//19 21//21
f 20//20 21//21 22//22
f 20//20 22//22 23//23
f 7//7 5//5 24//24
f 9//9 8//8 25//25
f 26//26 10//10 9//9
f 27//27 8//8 28//28
f 13//13 14//14 29//29
f 16//16 15//15 30//30
f 31//31 32//32 33//33
f 33//33 32//32 34//34
f 35//35 27//27 36//36
f 15//15 4//4 17//17
f 37//37 38//38 39//39
f 18//18 40//40 19//19
f 41//41 42//42 43//43
f 20//20 23//23 44//44
f 24//24 5//5 45//45
f 39//39 38//38 46//46
f 24//24 47//47 7//7
f 8//8 48//48 25//25
f 49//49 50//50 51//51
f 10//10 26//26 52//52
f 51//51 53//53 54//54
f 55//55 34//34 56//56
f 55//55 56//56 11//11
f 11//11 56//56 12//12
f 48//48 8//8 27//27
f 29//29 14//14 57//57
f 58//58 45//45 5//5
f 30//30 15//15 59//59
f 30//30 60//60 16//16
f 31//31 61//61 32//32
f 33//33 34//34 55//55
f 27//27 35//35 48//48
f 36//36 62//62 35//35
f 15//15 17//17 59//59
f 63//63 64//64 38//38
f 63//63 38//38 37//37
f 65//65 40//40 18//18
f 42//42 41//41 66//66
f 43//43 67//67 41//41
f 44//44 23//23 68//68
f 67//67 43//43 69//69
f 45//45 58//58 24//24
f 46//46 38//38 70//70
f 47//47 24//24 71//71
f 47//47 17//17 7//7
f 72//72 49//49 73//73
f 50//50 49//49 74//74
f 53//53 51//51 50//50
f 75//75 52//52 26//26
f 76//76 54//54 53//53
f 29//29 57//57 77//77
f 30//30 59//59 78//78
f 60//60 30//30 79//79
f 80//80 61//61 31//31
f 62//62 36//36 81//81
f 82//82 73//73 83//83
f 84//84 83//83 85//85
f 86//86 59//59 17//17
f 87//87 64//64 63//63
f 65//65 88//88 40//40
f 66//66 89//89 42//42
f 44//44 68//68 90//90
f 69//69 91//91 67//67
f 24//24 58//58 92//92
f 46//46 70//70 93//93
f 92//92 71//71 24//24
f 94//94 95//95 96//96
f 17//17 47//47 86//86
f 97//97 98//98 95//95
f 99//99 78//78 59//59
f 59//59 86//86 99//99
f 49//49 72//72 74//74
f 73//73 82//82 72//72
f 100//100 101//101 102//102
f 102//102 103//103 104//104
f 52//52 75//75 105//105
f 54//54 76//76 106//106
f 104//104 103//103 107//107
f 108//108 109//109 58//58
f 110//110 77//77 57//57
f 79//79 30//30 78//78
f 79//79 111//111 60//60
f 112//112 61//61 80//80
f 81//81 113//113 62//62
f 83//83 84//84 82//82
f 85//85 114//114 84//84
f 115//115 64//64 87//87
f 65//65 116//116 88//88
f 89//89 66//66 117//117
f 44//44 90//90 118//118
f 91//91 69//69 119//119
f 120//120 70//70 121//121
f 92//92 58//58 109//109
f 93//93 70//70 120//120
f 71//71 92//92 122//122
f 97//97 95//95 94//94
f 94//94 96//96 123//123
f 124//124 98//98 97//97
f 78//78 99//99 125//125
f 124//124 126//126 98//98
f 127//127 128//128 100//100
f 129//129 130//130 127//127
f 100//100 128//128 101//101
f 102//102 101//101 103//103
f 131//131 105//105 75//75
f 110//110 57//57 132//132
f 133//133 106//106 76//76
f 109//109 108//108 92//92
f 134//134 135//135 108//108
f 79//79 78//78 136//136
f 111//111 79//79 137//137
f 112//112 138//138 61//61
f 113//113 81//81 139//139
f 114//114 85//85 140//140
f 141//141 142//142 129//129
f 143//143 144//144 141//141
f 115//115 145//145 64//64
f 125//125 136//136 78//78
f 146//146 116//116 65//65
f 137//137 79//79 136//136
f 117//117 147//147 89//89
f 90//90 148//148 118//118
f 149//149 91//91 119//119
f 150//150 120//120 121//121
f 92//92 108//108 151//151
f 151//151 122//122 92//92
f 152//152 96//96 153//153
f 154//154 155//155 156//156
f 152//152 123//123 96//96
f 157//157 158//158 154//154
f 159//159 126//126 124//124
f 156//156 160//160 161//161
f 162//162 163//163 126//126
f 127//127 130//130 128//128
f 129//129 142//142 130//130
f 164//164 165//165 166//166
f 166//166 167//167 133//133
f 105//105 131//131 168//168
f 106//106 133//133 167//167
f 169//169 170//170 110//110
f 110//110 170//170 77//77
f 135//135 134//134 151//151
f 151//151 108//108 135//135
f 137//137 171//171 111//111
f 172//172 138//138 112//112
f 139//139 173//173 113//113
f 140//140 174//174 114//114
f 141//141 144//144 142//142
f 143//143 175//175 144//144
f 176//176 145//145 115//115
f 136//136 125//125 177//177
f 146//146 178//178 116//116
f 137//137 136//136 179//179
f 147//147 117//117 180//180
f 181//181 148//148 90//90
f 118//118 148//148 182//182
f 91//91 149//149 183//183
f 150//150 184//184 120//120
f 150//150 121//121 185//185
f 122//122 151//151 186//186
f 152//152 153//153 187//187
f 155//155 154//154 158//158
f 160//160 156//156 155//155
f 152//152 188//188 123//123
f 158//158 157//157 189//189
f 160//160 190//190 161//161
f 191//191 163//163 162//162
f 162//162 126//126 159//159
f 192//192 164//164 193//193
f 194//194 193//193 195//195
f 165//165 164//164 196//196
f 167//167 166//166 165//165
f 131//131 197//197 168//168
f 198//198 199//199 134//134
f 151//151 134//134 200//200
f 171//171 137//137 201//201
f 172//172 202//202 138//138
f 173//173 139//139 203//203
f 174//174 140//140 204//204
f 205//205 175//175 143//143
f 206//206 195//195 207//207
f 208//208 207//207 209//209
f 176//176 210//210 145//145
f 177//177 179//179 136//136
f 211//211 212//212 163//163
f 146//146 213//213 178//178
f 201//201 137//137 179//179
f 180//180 214//214 147//147
f 215//215 148//148 181//181
f 182//182 148//148 216//216
f 217//217 183//183 149//149
f 150//150 218//218 184//184
f 200//200 186//186 151//151
f 150//150 185//185 219//219
f 187//187 153//153 220//220
f 221//221 222//222 223//223
f 224//224 225//225 226//226
f 224//224 227//227 225//225
f 228//228 188//188 152//152
f 229//229 189//189 157//157
f 230//230 226//226 231//231
f 232//232 233//233 190//190
f 211//211 163//163 191//191
f 234//234 235//235 233//233
f 164//164 192//192 196//196
f 193//193 194//194 192//192
f 195//195 206//206 194//194
f 236//236 237//237 238//238
f 197//197 131//131 237//237
f 239//239 240//240 169//169
f 169//169 240//240 170//170
f 199//199 198//198 200//200
f 200//200 134//134 199//199
f 201//201 241//241 171//171
f 242//242 202//202 172//172
f 203//203 243//243 173//173
f 204//204 244//244 174//174
f 205//205 245//245 175//175
f 207//207 208//208 206//206
f 209//209 246//246 208//208
f 247//247 210//210 176//176
f 179//179 177//177 248//248
f 249//249 212//212 211//211
f 250//250 213//213 146//146
f 241//241 201//201 251//251
f 251//251 201//201 252//252
f 201//201 179//179 252//252
f 214//214 180//180 253//253
f 215//215 254//254 148//148
f 255//255 256//256 257//257
f 182//182 216//216 258//258
f 183//183 217//217 259//259
f 182//182 258//258 260//260
f 261//261 218//218 150//150
f 222//222 221//221 200//200
f 186//186 200//200 221//221
f 219//219 185//185 262//262
f 256//256 255//255 263//263
f 264//264 223//223 222//222
f 224//224 226//226 230//230
f 265//265 227//227 224//224
f 228//228 266//266 188//188
f 223//223 264//264 267//267
f 189//189 229//229 268//268
f 190//190 160//160 232//232
f 269//269 270//270 235//235
f 235//235 234//234 269//269
f 233//233 232//232 234//234
f 271//271 272//272 273//273
f 274//274 273//273 275//275
f 237//237 236//236 197//197
f 238//238 276//276 236//236
f 239//239 277//277 240//240
f 278//278 279//279 198//198
f 200//200 198//198 222//222
f 243//243 203//203 280//280
f 244//244 204//204 281//281
f 282//282 245//245 205//205
f 246//246 209//209 283//283
f 284//284 285//285 286//286
f 287//287 210//210 247//247
f 248//248 252//252 179//179
f 249//249 288//288 212//212
f 289//289 290//290 270//270
f 250//250 291//291 213//213
f 251//251 292//292 241//241
f 251//251 252//252 293//293
f 287//287 294//294 210//210
f 253//253 295//295 214//214
f 296//296 254//254 215//215
f 297//297 255//255 298//298
f 299//299 257//257 256//256
f 257//257 299//299 300//300
f 301//301 259//259 217//217
f 262//262 185//185 302//302
f 260//260 258//258 303//303
f 261//261 304//304 218//218
f 255//255 297//297 263//263
f 222//222 278//278 264//264
f 268//268 305//305 306//306
f 265//265 307//307 227//227
f 306//306 308//308 309//309
f 228//228 310//310 266//266
f 305//305 268//268 229//229
f 264//264 311//311 267//267
f 265//265 312//312 307//307
f 270//270 269//269 289//289
f 313//313 314//314 312//312
f 272//272 271//271 276//276
f 273//273 274//274 271//271
f 275//275 315//315 274//274
f 276//276 238//238 272//272
f 316//316 317//317 277//277
f 316//316 277//277 239//239
f 318//318 278//278 319//319
f 279//279 278//278 222//222
f 222//222 198//198 279//279
f 320//320 321//321 242//242
f 242//242 321//321 202//202
f 280//280 322//322 243//243
f 323//323 244//244 281//281
f 282//282 324//324 245//245
f 283//283 325//325 246//246
f 285//285 284//284 315//315
f 286//286 326//326 284//284
f 327//327 293//293 252//252
f 252//252 248//248 327//327
f 328//328 288//288 249//249
f 290//290 289//289 329//329
f 250//250 330//330 291//291
f 292//292 251//251 293//293
f 241//241 292//292 331//331
f 332//332 294//294 287//287
f 295//295 253//253 333//333
f 334//334 250//250 335//335
f 336//336 254//254 296//296
f 298//298 337//337 297//297
f 338//338 300//300 299//299
f 259//259 301//301 338//338
f 262//262 302//302 339//339
f 300//300 338//338 301//301
f 261//261 340//340 304//304
f 264//264 278//278 341//341
f 308//308 306//306 305//305
f 308//308 342//342 309//309
f 343//343 310//310 228//228
f 311//311 264//264 344//344
f 345//345 312//312 265//265
f 346//346 347//347 314//314
f 346//346 314//314 313//313
f 313//313 312//312 345//345
f 348//348 319//319 349//349
f 350//350 351//351 317//317
f 350//350 317//317 316//316
f 352//352 353//353 351//351
f 352//352 351//351 350//350
f 315//315 275//275 285//285
f 278//278 318//318 341//341
f 319//319 348//348 318//318
f 322//322 280//280 354//354
f 244//244 323//323 355//355
f 356//356 324//324 282//282
f 325//325 283//283 357//357
f 326//326 286//286 358//358
f 359//359 360//360 361//361
f 361//361 360//360 362//362
f 363//363 364//364 365//365
f 293//293 327//327 366//366
f 328//328 367//367 288//288
f 329//329 368//368 290//290
f 346//346 369//369 347//347
f 250//250 334//334 330//330
f 293//293 370//370 292//292
f 331//331 292//292 371//371
f 372//372 294//294 332//332
f 294//294 373//373 374//374
f 375//375 295//295 333//333
f 335//335 376//376 334//334
f 336//336 377//377 254//254
f 341//341 318//318 344//344
f 337//337 298//298 378//378
f 379//379 340//340 261//261
f 341//341 344//344 264//264
f 342//342 308//308 380//380
f 343//343 381//381 310//310
f 344//344 382//382 311//311
f 383//383 384//384 385//385
f 380//380 385//385 342//342
f 349//349 386//386 348//348
f 352//352 362//362 353//353
f 386//386 349//349 387//387
f 318//318 348//348 388//388
f 389//389 377//377 336//336
f 390//390 391//391 320//320
f 320//320 391//391 321//321
f 354//354 392//392 322//322
f 393//393 355//355 323//323
f 356//356 394//394 324//324
f 395//395 325//325 357//357
f 396//396 326//326 358//358
f 359//359 397//397 360//360
f 361//361 362//362 352//352
f 364//364 363//363 398//398
f 365//365 399//399 363//363
f 400//400 401//401 367//367
f 370//370 293//293 366//366
f 402//402 367//367 328//328
f 368//368 329//329 403//403
f 404//404 369//369 346//346
f 405//405 292//292 370//370
f 406//406 371//371 292//292
f 371//371 406//406 331//331
f 373//373 294//294 372//372
f 292//292 405//405 406//406
f 407//407 374//374 373//373
f 295//295 375//375 408//408
f 409//409 410//410 374//374
f 335//335 411//411 376//376
f 334//334 376//376 412//412
f 318//318 388//388 344//344
f 378//378 413//413 337//337
f 379//379 414//414 340//340
f 415//415 381//381 343//343
f 382//382 344//344 388//388
f 384//384 383//383 416//416
f 385//385 380//380 383//383
f 417//417 418//418 389//389
f 348//348 386//386 419//419
f 398//398 387//387 364//364
f 387//387 398//398 386//386
f 348//348 419//419 388//388
f 389//389 418//418 377//377
f 331//331 406//406 420//420
f 392//392 354//354 421//421
f 355//355 393//393 422//422
f 423//423 394//394 356//356
f 325//325 395//395 424//424
f 326//326 396//396 425//425
f 399//399 365//365 426//426
f 427//427 397//397 359//359
f 428//428 429//429 430//430
f 398//398 363//363 431//431
f 363//363 399//399 432//432
f 433//433 429//429 428//428
f 434//434 401//401 400//400
f 400//400 367//367 402//402
f 435//435 436//436 401//401
f 437//437 438//438 369//369
f 403//403 439//439 368//368
f 437//437 369//369 404//404
f 416//416 440//440 384//384
f 441//441 442//442 436//436
f 406//406 443//443 444//444
f 444//444 445//445 406//406
f 443//443 406//406 405//405
f 409//409 374//374 407//407
f 407//407 373//373 446//446
f 447//447 408//408 375//375
f 448//448 411//411 335//335
f 449//449 410//410 409//409
f 450//450 451//451 452//452
f 412//412 376//376 453//453
f 413//413 378//378 454//454
f 455//455 414//414 379//379
f 415//415 456//456 381//381
f 388//388 457//457 382//382
f 458//458 459//459 456//456
f 430//430 418//418 417//417
f 386//386 460//460 419//419
f 386//386 398//398 460//460
f 455//455 461//461 414//414
f 457//457 388//388 419//419
f 462//462 391//391 463//463
f 463//463 391//391 390//390
f 420//420 444//444 464//464
f 420//420 406//406 445//445
f 462//462 465//465 391//391
f 421//421 466//466 392//392
f 467//467 422//422 393//393
f 423//423 468//468 394//394
f 469//469 424//424 395//395
f 470//470 425//425 396//396
f 471//471 472//472 427//427
f 427//427 472//472 397//397
f 426//426 432//432 399//399
f 430//430 429//429 418//418
f 363//363 432//432 431//431
f 398//398 431//431 460//460
f 433//433 376//376 429//429
f 473//473 401//401 434//434
f 474//474 475//475 476//476
f 439//439 477//477 474//474
f 441//441 436//436 435//435
f 435//435 401//401 473//473
f 478//478 438//438 437//437
f 439//439 403//403 479//479
f 480//480 481//481 440//440
f 440//440 416//416 480//480
f 442//442 441//441 482//482
f 483//483 444//444 443//443
f 445//445 444//444 420//420
f 451//451 450//450 484//484
f 444//444 483//483 485//485
f 485//485 486//486 444//444
f 407//407 446//446 487//487
f 408//408 447//447 488//488
f 489//489 490//490 410//410
f 448//448 491//491 411//411
f 489//489 410//410 449//449
f 450//450 492//492 493//493
f 492//492 450//450 452//452
f 453//453 376//376 433//433
f 454//454 494//494 413//413
f 458//458 456//456 415//415
f 458//458 495//495 459//459
f 455//455 496//496 461//461
f 497//497 419//419 460//460
f 419//419 497//497 457//457
f 465//465 462//462 498//498
f 470//470 499//499 500//500
f 466//466 421//421 499//499
f 463//463 471//471 462//462
f 464//464 444//444 486//486
f 422//422 467//467 501//501
f 468//468 423//423 502//502
f 424//424 469//469 503//503
f 425//425 470//470 500//500
f 471//471 504//504 472//472
f 505//505 432//432 426//426
f 494//494 454//454 506//506
f 507//507 508//508 509//509
f 510//510 431//431 432//432
f 507//507 509//509 496//496
f 511//511 460//460 431//431
f 484//484 506//506 451//451
f 476//476 512//512 513//513
f 475//475 474//474 477//477
f 512//512 476//476 475//475
f 477//477 439//439 479//479
f 514//514 485//485 483//483
f 473//473 515//515 435//435
f 478//478 516//516 438//438
f 517//517 518//518 481//481
f 481//481 480//480 517//517
f 486//486 485//485 464//464
f 519//519 520//520 485//485
f 407//407 487//487 508//508
f 485//485 514//514 519//519
f 521//521 488//488 447//447
f 522//522 491//491 448//448
f 490//490 489//489 523//523
f 493//493 524//524 525//525
f 524//524 493//493 492//492
f 507//507 496//496 455//455
f 526//526 495//495 458//458
f 460//460 511//511 497//497
f 499//499 470//470 466//466
f 471//471 463//463 504//504
f 503//503 501//501 467//467
f 501//501 503//503 469//469
f 527//527 519//519 505//505
f 528//528 432//432 505//505
f 506//506 484//484 494//494
f 407//407 508//508 507//507
f 431//431 510//510 511//511
f 519//519 510//510 432//432
f 529//529 513//513 512//512
f 530//530 531//531 532//532
f 531//531 530//530 533//533
f 478//478 532//532 516//516
f 515//515 473//473 534//534
f 510//510 519//519 514//514
f 518//518 517//517 535//535
f 526//526 536//536 495//495
f 464//464 485//485 527//527
f 520//520 519//519 527//527
f 527//527 485//485 520//520
f 432//432 528//528 519//519
f 488//488 521//521 537//537
f 522//522 538//538 491//491
f 525//525 537//537 521//521
f 537//537 525//525 524//524
f 539//539 536//536 526//526
f 505//505 519//519 528//528
f 515//515 540//540 539//539
f 513//513 529//529 541//541
f 530//530 532//532 542//542
f 542//542 532//532 478//478
f 515//515 534//534 540//540
f 539//539 543//543 536//536
f 544//544 518//518 535//535
f 538//538 522//522 545//545
f 539//539 540//540 543//543
f 546//546 541//541 529//529
f 518//518 544//544 546//546
f 541//541 546//546 544//544
f 1933//1933 1934//1934 1935//1935
f 1936//1936 1937//1937 1938//1938
f 1939//1939 1940//1940 1941//1941
f 1942//1942 1943//1943 1944//1944
f 1934//1934 1933//1933 1945//1945
f 1937//1937 1936//1936 1946//1946
f 1947//1947 1933//1933 1935//1935
f 1937//1937 1948//1948 1938//1938
f 1949//1949 1941//1941 1940//1940
f 1947//1947 1935//1935 1950//1950
f 1938//1938 1948//1948 1951//1951
f 1943//1943 1952//1952 1944//1944
f 1953//1953 1942//1942 1954//1954
f 1943//1943 1942//1942 1953//1953
f 1934//1934 1945//1945 1955//1955
f 1946//1946 1936//1936 1956//1956
f 1957//1957 1941//1941 1949//1949
f 1958//1958 1959//1959 1960//1960
f 1959//1959 1958//1958 1961//1961
f 1933//1933 1947//1947 1962//1962
f 1948//1948 1937//1937 1963//1963
f 1964//1964 1965//1965 1966//1966
f 1967//1967 1968//1968 1969//1969
f 1970//1970 1971//1971 1967//1967
f 1972//1972 1973//1973 1974//1974
f 1975//1975 1964//1964 1976//1976
f 1977//1977 1969//1969 1978//1978
f 1977//1977 1978//1978 1979//1979
f 1980//1980 1950//1950 1981//1981
f 1951//1951 1982//1982 1983//1983
f 1943//1943 1984//1984 1952//1952
f 1947//1947 1950//1950 1980//1980
f 1951//1951 1948//1948 1982//1982
f 1953//1953 1954//1954 1985//1985
f 1986//1986 1987//1987 1988//1988
f 1989//1989 1990//1990 1991//1991
f 1987//1987 1992//1992 1993//1993
f 1953//1953 1994//1994 1995//1995
f 1996//1996 1988//1988 1995//1995
f 1984//1984 1943//1943 1990//1990
f 1993//1993 1997//1997 1991//1991
f 1955//1955 1945//1945 1998//1998
f 1946//1946 1956//1956 1999//1999
f 2000//2000 1957//1957 1949//1949
f 2001//2001 1960//1960 1959//1959
f 2002//2002 1961//1961 1958//1958
f 2003//2003 2004//2004 2002//2002
f 2004//2004 2003//2003 2005//2005
f 1961//1961 2002//2002 2004//2004
f 1965//1965 1964//1964 1975//1975
f 1968//1968 1967//1967 1971//1971
f 2006//2006 2007//2007 1972//1972
f 1971//1971 1970//1970 2008//2008
f 1973//1973 1972//1972 2007//2007
f 2009//2009 1974//1974 1973//1973
f 1975//1975 1976//1976 2010//2010
f 1967//1967 1969//1969 1977//1977
f 1979//1979 1978//1978 2011//2011
f 1980//1980 1981//1981 2012//2012
f 1983//1983 1982//1982 2013//2013
f 1990//1990 2014//2014 1984//1984
f 2015//2015 2005//2005 2003//2003
f 2005//2005 2015//2015 2016//2016
f 2008//2008 1970//1970 2017//2017
f 1955//1955 1998//1998 2018//2018
f 2019//2019 1957//1957 2000//2000
f 1953//1953 1985//1985 2020//2020
f 1953//1953 2020//2020 2021//2021
f 1953//1953 2021//2021 2022//2022
f 1986//1986 1988//1988 2023//2023
f 1987//1987 1986//1986 2024//2024
f 1990//1990 1989//1989 2025//2025
f 1991//1991 2026//2026 1989//1989
f 1992//1992 2027//2027 1993//1993
f 1992//1992 1987//1987 2028//2028
f 2029//2029 1995//1995 1994//1994
f 1994//1994 1953//1953 2030//2030
f 1996//1996 1995//1995 2029//2029
f 1988//1988 1996//1996 2031//2031
f 1997//1997 2026//2026 1991//1991
f 1997//1997 1993//1993 2032//2032
f 1999//1999 1956//1956 2033//2033
f 1960//1960 2001//2001 2034//2034
f 1974//1974 2009//2009 2035//2035
f 2010//2010 1976//1976 2036//2036
f 1979//1979 2011//2011 2037//2037
f 1983//1983 2013//2013 2038//2038
f 2012//2012 1981//1981 2039//2039
f 2040//2040 2041//2041 2006//2006
f 2007//2007 2006//2006 2041//2041
f 2042//2042 2043//2043 2040//2040
f 2044//2044 2045//2045 2046//2046
f 2046//2046 2047//2047 2048//2048
f 2008//2008 2017//2017 2049//2049
f 2049//2049 2017//2017 2050//2050
f 2051//2051 2016//2016 2015//2015
f 2016//2016 2051//2051 2052//2052
f 1990//1990 2025//2025 2014//2014
f 2053//2053 2054//2054 2055//2055
f 2056//2056 2057//2057 2000//2000
f 2018//2018 1998//1998 2058//2058
f 2018//2018 2058//2058 2054//2054
f 2018//2018 2054//2054 2059//2059
f 2059//2059 2054//2054 2053//2053
f 2057//2057 2019//2019 2000//2000
f 1953//1953 2022//2022 2030//2030
f 2023//2023 1988//1988 2031//2031
f 2060//2060 2061//2061 2062//2062
f 2063//2063 2064//2064 2065//2065
f 2065//2065 2064//2064 2066//2066
f 2060//2060 2062//2062 2067//2067
f 2068//2068 2069//2069 2070//2070
f 2065//2065 2066//2066 2071//2071
f 2067//2067 2062//2062 2072//2072
f 2073//2073 2068//2068 2074//2074
f 2075//2075 1987//1987 2024//2024
f 2076//2076 2077//2077 2078//2078
f 2079//2079 2080//2080 2081//2081
f 2082//2082 2083//2083 2084//2084
f 2085//2085 2078//2078 2086//2086
f 2081//2081 2087//2087 2088//2088
f 2089//2089 2090//2090 2082//2082
f 2091//2091 2092//2092 2093//2093
f 2094//2094 2095//2095 2096//2096
f 2096//2096 2095//2095 2097//2097
f 2027//2027 2032//2032 1993//1993
f 2091//2091 2098//2098 2092//2092
f 2070//2070 2069//2069 2099//2099
f 2075//2075 2028//2028 1987//1987
f 2093//2093 2092//2092 2100//2100
f 2096//2096 2097//2097 2101//2101
f 2074//2074 2068//2068 2070//2070
f 2102//2102 2103//2103 2104//2104
f 2105//2105 2106//2106 2107//2107
f 2090//2090 2108//2108 2109//2109
f 2110//2110 2111//2111 2102//2102
f 2112//2112 2113//2113 2106//2106
f 2090//2090 2083//2083 2082//2082
f 2104//2104 2103//2103 2114//2114
f 2105//2105 2107//2107 2115//2115
f 2116//2116 2109//2109 2117//2117
f 2114//2114 2118//2118 2119//2119
f 2120//2120 2115//2115 2121//2121
f 2122//2122 2116//2116 2123//2123
f 2124//2124 2086//2086 2125//2125
f 2088//2088 2126//2126 2127//2127
f 2128//2128 2129//2129 2089//2089
f 2124//2124 2125//2125 2130//2130
f 2127//2127 2126//2126 2131//2131
f 2123//2123 2116//2116 2128//2128
f 1999//1999 2033//2033 2132//2132
f 2132//2132 2033//2033 2133//2133
f 2034//2034 2134//2134 2135//2135
f 2134//2134 2034//2034 2001//2001
f 2136//2136 2135//2135 2134//2134
f 2009//2009 2137//2137 2035//2035
f 2010//2010 2036//2036 2138//2138
f 2037//2037 2011//2011 2139//2139
f 2012//2012 2039//2039 2140//2140
f 2038//2038 2013//2013 2141//2141
f 2051//2051 2142//2142 2052//2052
f 2041//2041 2040//2040 2043//2043
f 2143//2143 2044//2044 2144//2144
f 2043//2043 2042//2042 2145//2145
f 2044//2044 2143//2143 2045//2045
f 2046//2046 2045//2045 2047//2047
f 2048//2048 2047//2047 2146//2146
f 2147//2147 2145//2145 2042//2042
f 2049//2049 2050//2050 2148//2148
f 2140//2140 2039//2039 2077//2077
f 2038//2038 2141//2141 2079//2079
f 2084//2084 2056//2056 2000//2000
f 2055//2055 2054//2054 2149//2149
f 2133//2133 2033//2033 2150//2150
f 2135//2135 2136//2136 2151//2151
f 2055//2055 2149//2149 2110//2110
f 2150//2150 2033//2033 2113//2113
f 2083//2083 2056//2056 2084//2084
f 2119//2119 2152//2152 2063//2063
f 2153//2153 2121//2121 2061//2061
f 2069//2069 2122//2122 2099//2099
f 2063//2063 2152//2152 2064//2064
f 2154//2154 2155//2155 2156//2156
f 2153//2153 2061//2061 2060//2060
f 2155//2155 2157//2157 2156//2156
f 2155//2155 2154//2154 2158//2158
f 2071//2071 2066//2066 2159//2159
f 2067//2067 2072//2072 2160//2160
f 2161//2161 2073//2073 2074//2074
f 2071//2071 2159//2159 2162//2162
f 2160//2160 2072//2072 2163//2163
f 2140//2140 2077//2077 2076//2076
f 2079//2079 2141//2141 2080//2080
f 2076//2076 2078//2078 2085//2085
f 2081//2081 2080//2080 2087//2087
f 2085//2085 2086//2086 2124//2124
f 2088//2088 2087//2087 2126//2126
f 2108//2108 2090//2090 2089//2089
f 2164//2164 2165//2165 2166//2166
f 2165//2165 2164//2164 2167//2167
f 2094//2094 2168//2168 2095//2095
f 2164//2164 2169//2169 2167//2167
f 2170//2170 2130//2130 2098//2098
f 2131//2131 2168//2168 2094//2094
f 2099//2099 2122//2122 2123//2123
f 2170//2170 2098//2098 2091//2091
f 2171//2171 2100//2100 2162//2162
f 2101//2101 2172//2172 2163//2163
f 2093//2093 2100//2100 2171//2171
f 2101//2101 2097//2097 2172//2172
f 2102//2102 2111//2111 2103//2103
f 2112//2112 2106//2106 2105//2105
f 2173//2173 2109//2109 2108//2108
f 2110//2110 2149//2149 2111//2111
f 2150//2150 2113//2113 2112//2112
f 2114//2114 2103//2103 2118//2118
f 2105//2105 2115//2115 2120//2120
f 2117//2117 2109//2109 2174//2174
f 2175//2175 2116//2116 2117//2117
f 2119//2119 2118//2118 2152//2152
f 2120//2120 2121//2121 2153//2153
f 2129//2129 2176//2176 2089//2089
f 2177//2177 2129//2129 2128//2128
f 2124//2124 2130//2130 2170//2170
f 2131//2131 2126//2126 2168//2168
f 2128//2128 2116//2116 2178//2178
f 2138//2138 2036//2036 2179//2179
f 2037//2037 2139//2139 2180//2180
f 2137//2137 2009//2009 2181//2181
f 2148//2148 2050//2050 2182//2182
f 2142//2142 2051//2051 2183//2183
f 2145//2145 2147//2147 2184//2184
f 2147//2147 2185//2185 2184//2184
f 2048//2048 2146//2146 2186//2186
f 2185//2185 2147//2147 2187//2187
f 2188//2188 2136//2136 2189//2189
f 2136//2136 2188//2188 2151//2151
f 2157//2157 2155//2155 2190//2190
f 2191//2191 2192//2192 2193//2193
f 2194//2194 2195//2195 2196//2196
f 2197//2197 2198//2198 2199//2199
f 2199//2199 2198//2198 2200//2200
f 2201//2201 2202//2202 2191//2191
f 2203//2203 2204//2204 2195//2195
f 2205//2205 2206//2206 2197//2197
f 2197//2197 2206//2206 2198//2198
f 2207//2207 2208//2208 2204//2204
f 2209//2209 2210//2210 2205//2205
f 2205//2205 2210//2210 2206//2206
f 2211//2211 2158//2158 2154//2154
f 2158//2158 2211//2211 2212//2212
f 2193//2193 2213//2213 2214//2214
f 2194//2194 2196//2196 2215//2215
f 2199//2199 2200//2200 2216//2216
f 2217//2217 2216//2216 2200//2200
f 2162//2162 2159//2159 2171//2171
f 2160//2160 2163//2163 2172//2172
f 2183//2183 2218//2218 2142//2142
f 2218//2218 2183//2183 2219//2219
f 2219//2219 2220//2220 2218//2218
f 2220//2220 2219//2219 2221//2221
f 2148//2148 2182//2182 2222//2222
f 2222//2222 2182//2182 2223//2223
f 2224//2224 2225//2225 2226//2226
f 2222//2222 2223//2223 2227//2227
f 2227//2227 2223//2223 2228//2228
f 2221//2221 2229//2229 2220//2220
f 2229//2229 2221//2221 2230//2230
f 2231//2231 2232//2232 2233//2233
f 2226//2226 2234//2234 2235//2235
f 2227//2227 2228//2228 2236//2236
f 2236//2236 2228//2228 2237//2237
f 2238//2238 2108//2108 2089//2089
f 2239//2239 2238//2238 2089//2089
f 2240//2240 2166//2166 2165//2165
f 2169//2169 2164//2164 2241//2241
f 2242//2242 2208//2208 2207//2207
f 2243//2243 2244//2244 2245//2245
f 2243//2243 2245//2245 2246//2246
f 2207//2207 2204//2204 2203//2203
f 2246//2246 2245//2245 2247//2247
f 2203//2203 2195//2195 2194//2194
f 2248//2248 2247//2247 2249//2249
f 2166//2166 2240//2240 2250//2250
f 2251//2251 2249//2249 2216//2216
f 2252//2252 2253//2253 2254//2254
f 2253//2253 2252//2252 2255//2255
f 2256//2256 2257//2257 2258//2258
f 2259//2259 2260//2260 2261//2261
f 2224//2224 2179//2179 2257//2257
f 2180//2180 2139//2139 2262//2262
f 2180//2180 2262//2262 2259//2259
f 2263//2263 2258//2258 2264//2264
f 2261//2261 2260//2260 2265//2265
f 2265//2265 2260//2260 2266//2266
f 2267//2267 2109//2109 2173//2173
f 2255//2255 2189//2189 2253//2253
f 2189//2189 2255//2255 2188//2188
f 2268//2268 2254//2254 2269//2269
f 2254//2254 2268//2268 2252//2252
f 2242//2242 2264//2264 2208//2208
f 2265//2265 2266//2266 2209//2209
f 2209//2209 2266//2266 2210//2210
f 2270//2270 2109//2109 2271//2271
f 2174//2174 2109//2109 2270//2270
f 2272//2272 2116//2116 2175//2175
f 2190//2190 2269//2269 2157//2157
f 2269//2269 2190//2190 2268//2268
f 2273//2273 2274//2274 2275//2275
f 2276//2276 2233//2233 2277//2277
f 2235//2235 2264//2264 2242//2242
f 2236//2236 2237//2237 2244//2244
f 2236//2236 2244//2244 2243//2243
f 2278//2278 2239//2239 2089//2089
f 2176//2176 2278//2278 2089//2089
f 2279//2279 2177//2177 2128//2128
f 2230//2230 2241//2241 2229//2229
f 2241//2241 2230//2230 2169//2169
f 2280//2280 2116//2116 2272//2272
f 2178//2178 2116//2116 2280//2280
f 2138//2138 2179//2179 2224//2224
f 2181//2181 2281//2281 2137//2137
f 2186//2186 2146//2146 2282//2282
f 2187//2187 2283//2283 2185//2185
f 2192//2192 2191//2191 2202//2202
f 2213//2213 2193//2193 2192//2192
f 2202//2202 2201//2201 2284//2284
f 2285//2285 2201//2201 2274//2274
f 2286//2286 2212//2212 2211//2211
f 2287//2287 2214//2214 2213//2213
f 2251//2251 2216//2216 2217//2217
f 2171//2171 2159//2159 2288//2288
f 2160//2160 2172//2172 2289//2289
f 2283//2283 2187//2187 2290//2290
f 2224//2224 2291//2291 2225//2225
f 2226//2226 2225//2225 2292//2292
f 2226//2226 2292//2292 2293//2293
f 2294//2294 2290//2290 2232//2232
f 2232//2232 2231//2231 2294//2294
f 2233//2233 2276//2276 2231//2231
f 2226//2226 2295//2295 2234//2234
f 2235//2235 2234//2234 2296//2296
f 2297//2297 2277//2277 2298//2298
f 2246//2246 2247//2247 2248//2248
f 2248//2248 2249//2249 2251//2251
f 2299//2299 2250//2250 2240//2240
f 2214//2214 2287//2287 2300//2300
f 2257//2257 2256//2256 2291//2291
f 2224//2224 2257//2257 2291//2291
f 2256//2256 2258//2258 2301//2301
f 2302//2302 2303//2303 2281//2281
f 2259//2259 2262//2262 2260//2260
f 2263//2263 2264//2264 2304//2304
f 2305//2305 2275//2275 2303//2303
f 2306//2306 2109//2109 2267//2267
f 2307//2307 2109//2109 2306//2306
f 2271//2271 2109//2109 2307//2307
f 2274//2274 2273//2273 2285//2285
f 2275//2275 2305//2305 2273//2273
f 2277//2277 2297//2297 2276//2276
f 2308//2308 2264//2264 2235//2235
f 2309//2309 2279//2279 2128//2128
f 2310//2310 2311//2311 2128//2128
f 2178//2178 2310//2310 2128//2128
f 2281//2281 2181//2181 2302//2302
f 2186//2186 2282//2282 2312//2312
f 2313//2313 2314//2314 2315//2315
f 2315//2315 2314//2314 2316//2316
f 2201//2201 2285//2285 2284//2284
f 2317//2317 2318//2318 2313//2313
f 2212//2212 2286//2286 2299//2299
f 2250//2250 2299//2299 2286//2286
f 2290//2290 2294//2294 2283//2283
f 2226//2226 2293//2293 2319//2319
f 2226//2226 2319//2319 2295//2295
f 2320//2320 2321//2321 2322//2322
f 2323//2323 2322//2322 2324//2324
f 2235//2235 2296//2296 2325//2325
f 2326//2326 2297//2297 2298//2298
f 2300//2300 2327//2327 2326//2326
f 2327//2327 2300//2300 2287//2287
f 2303//2303 2302//2302 2305//2305
f 2328//2328 2258//2258 2263//2263
f 2304//2304 2264//2264 2329//2329
f 2323//2323 2324//2324 2330//2330
f 2331//2331 2332//2332 2323//2323
f 2330//2330 2324//2324 2333//2333
f 2235//2235 2334//2334 2335//2335
f 2235//2235 2335//2335 2308//2308
f 2336//2336 2309//2309 2128//2128
f 2311//2311 2336//2336 2128//2128
f 2312//2312 2282//2282 2321//2321
f 2313//2313 2318//2318 2314//2314
f 2330//2330 2333//2333 2317//2317
f 2317//2317 2333//2333 2318//2318
f 2337//2337 2321//2321 2320//2320
f 2320//2320 2322//2322 2338//2338
f 2323//2323 2339//2339 2322//2322
f 2235//2235 2325//2325 2340//2340
f 2297//2297 2326//2326 2327//2327
f 2301//2301 2258//2258 2341//2341
f 2342//2342 2331//2331 2312//2312
f 2343//2343 2258//2258 2328//2328
f 2329//2329 2264//2264 2344//2344
f 2331//2331 2345//2345 2332//2332
f 2323//2323 2332//2332 2346//2346
f 2323//2323 2346//2346 2347//2347
f 2323//2323 2347//2347 2348//2348
f 2349//2349 2264//2264 2308//2308
f 2235//2235 2340//2340 2334//2334
f 2312//2312 2321//2321 2342//2342
f 2350//2350 2351//2351 2352//2352
f 2353//2353 2354//2354 2351//2351
f 2323//2323 2348//2348 2339//2339
f 2341//2341 2258//2258 2355//2355
f 2331//2331 2342//2342 2356//2356
f 2331//2331 2356//2356 2357//2357
f 2344//2344 2264//2264 2349//2349
f 2331//2331 2358//2358 2345//2345
f 2359//2359 2360//2360 2361//2361
f 2362//2362 2363//2363 2364//2364
f 2364//2364 2365//2365 2366//2366
f 2367//2367 2362//2362 2360//2360
f 2342//2342 2321//2321 2368//2368
f 2368//2368 2321//2321 2369//2369
f 2369//2369 2321//2321 2370//2370
f 2370//2370 2321//2321 2337//2337
f 2371//2371 2372//2372 2373//2373
f 2374//2374 2371//2371 2354//2354
f 2354//2354 2353//2353 2374//2374
f 2351//2351 2350//2350 2353//2353
f 2352//2352 2375//2375 2350//2350
f 2338//2338 2322//2322 2376//2376
f 2376//2376 2322//2322 2377//2377
f 2366//2366 2378//2378 2379//2379
f 2380//2380 2322//2322 2381//2381
f 2381//2381 2322//2322 2339//2339
f 2382//2382 2383//2383 2384//2384
f 2378//2378 2384//2384 2379//2379
f 2355//2355 2258//2258 2343//2343
f 2385//2385 2386//2386 2387//2387
f 2388//2388 2387//2387 2389//2389
f 2331//2331 2390//2390 2391//2391
f 2331//2331 2391//2391 2392//2392
f 2331//2331 2357//2357 2390//2390
f 2393//2393 2361//2361 2394//2394
f 2331//2331 2392//2392 2358//2358
f 2395//2395 2396//2396 2397//2397
f 2398//2398 2394//2394 2396//2396
f 2360//2360 2359//2359 2367//2367
f 2361//2361 2393//2393 2359//2359
f 2363//2363 2362//2362 2399//2399
f 2365//2365 2364//2364 2363//2363
f 2362//2362 2367//2367 2399//2399
f 2378//2378 2366//2366 2365//2365
f 2400//2400 2389//2389 2401//2401
f 2373//2373 2400//2400 2401//2401
f 2372//2372 2371//2371 2402//2402
f 2371//2371 2374//2374 2402//2402
f 2375//2375 2352//2352 2403//2403
f 2404//2404 2405//2405 2406//2406
f 2407//2407 2406//2406 2408//2408
f 2403//2403 2409//2409 2375//2375
f 2377//2377 2322//2322 2410//2410
f 2410//2410 2322//2322 2380//2380
f 2411//2411 2412//2412 2413//2413
f 2414//2414 2413//2413 2383//2383
f 2415//2415 2416//2416 2386//2386
f 2417//2417 2397//2397 2416//2416
f 2383//2383 2382//2382 2414//2414
f 2384//2384 2378//2378 2382//2382
f 2386//2386 2385//2385 2415//2415
f 2387//2387 2388//2388 2385//2385
f 2389//2389 2400//2400 2388//2388
f 2394//2394 2398//2398 2393//2393
f 2396//2396 2395//2395 2398//2398
f 2397//2397 2417//2417 2395//2395
f 2409//2409 2403//2403 2412//2412
f 2418//2418 2419//2419 2420//2420
f 2421//2421 2422//2422 2418//2418
f 2423//2423 2424//2424 2425//2425
f 2425//2425 2426//2426 2427//2427
f 2420//2420 2428//2428 2423//2423
f 2427//2427 2426//2426 2429//2429
f 2400//2400 2373//2373 2372//2372
f 2430//2430 2431//2431 2432//2432
f 2433//2433 2432//2432 2405//2405
f 2433//2433 2405//2405 2404//2404
f 2404//2404 2406//2406 2407//2407
f 2407//2407 2408//2408 2421//2421
f 2418//2418 2422//2422 2419//2419
f 2412//2412 2411//2411 2409//2409
f 2413//2413 2414//2414 2411//2411
f 2416//2416 2415//2415 2417//2417
f 2425//2425 2424//2424 2426//2426
f 2434//2434 2431//2431 2430//2430
f 2435//2435 2434//2434 2436//2436
f 2420//2420 2419//2419 2428//2428
f 2421//2421 2408//2408 2422//2422
f 2423//2423 2428//2428 2424//2424
f 2434//2434 2435//2435 2431//2431
f 2430//2430 2432//2432 2433//2433
f 2873//2873 2874//2874 2875//2875
f 2874//2874 2873//2873 2876//2876
f 2877//2877 2878//2878 2879//2879
f 2880//2880 2881//2881 2882//2882
f 2883//2883 2884//2884 2885//2885
f 2886//2886 2887//2887 2888//2888
f 2877//2877 2889//2889 2878//2878
f 2879//2879 2878//2878 2890//2890
f 2881//2881 2880//2880 2891//2891
f 2892//2892 2884//2884 2883//2883
f 2883//2883 2885//2885 2893//2893
f 2887//2887 2886//2886 2894//2894
f 2889//2889 2877//2877 2895//2895
f 2896//2896 2897//2897 2898//2898
f 2899//2899 2900//2900 2901//2901
f 2900//2900 2899//2899 2902//2902
f 2884//2884 2892//2892 2903//2903
f 2897//2897 2896//2896 2904//2904
f 2905//2905 2906//2906 2907//2907
f 2906//2906 2905//2905 2908//2908
f 547//547 548//548 549//549
f 550//550 549//549 548//548
f 551//551 549//549 550//550
f 552//552 553//553 554//554
f 547//547 549//549 555//555
f 551//551 555//555 549//549
f 556//556 557//557 558//558
f 559//559 560//560 561//561
f 562//562 563//563 564//564
f 548//548 562//562 550//550
f 564//564 550//550 562//562
f 565//565 551//551 550//550
f 554//554 566//566 567//567
f 553//553 566//566 554//554
f 568//568 552//552 554//554
f 569//569 555//555 551//551
f 570//570 558//558 557//557
f 557//557 556//556 571//571
f 572//572 573//573 574//574
f 560//560 573//573 572//572
f 561//561 560//560 572//572
f 575//575 559//559 561//561
f 576//576 564//564 563//563
f 577//577 578//578 579//579
f 580//580 578//578 577//577
f 581//581 582//582 583//583
f 565//565 550//550 564//564
f 566//566 584//584 567//567
f 585//585 586//586 587//587
f 588//588 568//568 554//554
f 589//589 555//555 569//569
f 590//590 591//591 592//592
f 551//551 593//593 569//569
f 570//570 594//594 558//558
f 595//595 596//596 597//597
f 598//598 571//571 556//556
f 599//599 600//600 595//595
f 573//573 580//580 574//574
f 582//582 558//558 594//594
f 601//601 558//558 582//582
f 602//602 559//559 575//575
f 555//555 589//589 603//603
f 604//604 564//564 576//576
f 563//563 605//605 576//576
f 578//578 606//606 579//579
f 574//574 580//580 577//577
f 594//594 583//583 582//582
f 583//583 607//607 581//581
f 604//604 565//565 564//564
f 591//591 608//608 609//609
f 610//610 591//591 609//609
f 592//592 591//591 610//610
f 567//567 584//584 611//611
f 612//612 587//587 586//586
f 587//587 613//613 585//585
f 614//614 568//568 588//588
f 615//615 585//585 613//613
f 569//569 603//603 589//589
f 616//616 591//591 590//590
f 617//617 569//569 593//593
f 551//551 565//565 593//593
f 618//618 593//593 565//565
f 619//619 597//597 620//620
f 621//621 597//597 596//596
f 596//596 595//595 600//600
f 571//571 598//598 622//622
f 600//600 599//599 623//623
f 624//624 602//602 575//575
f 625//625 604//604 576//576
f 626//626 576//576 605//605
f 579//579 606//606 627//627
f 628//628 581//581 607//607
f 629//629 619//619 630//630
f 631//631 629//629 632//632
f 565//565 604//604 618//618
f 609//609 608//608 633//633
f 584//584 634//634 611//611
f 586//586 635//635 612//612
f 636//636 614//614 588//588
f 613//613 637//637 615//615
f 638//638 603//603 569//569
f 639//639 616//616 590//590
f 569//569 617//617 638//638
f 640//640 641//641 642//642
f 641//641 643//643 644//644
f 604//604 625//625 645//645
f 645//645 618//618 604//604
f 621//621 620//620 597//597
f 620//620 630//630 619//619
f 646//646 647//647 648//648
f 649//649 650//650 646//646
f 651//651 622//622 598//598
f 652//652 623//623 599//599
f 653//653 650//650 649//649
f 603//603 654//654 655//655
f 602//602 624//624 656//656
f 625//625 576//576 626//626
f 605//605 657//657 626//626
f 627//627 606//606 658//658
f 607//607 659//659 628//628
f 630//630 632//632 629//629
f 632//632 660//660 631//631
f 633//633 608//608 661//661
f 634//634 662//662 611//611
f 663//663 612//612 635//635
f 664//664 636//636 588//588
f 665//665 615//615 637//637
f 666//666 616//616 667//667
f 654//654 603//603 638//638
f 667//667 616//616 639//639
f 668//668 638//638 617//617
f 642//642 641//641 644//644
f 669//669 640//640 642//642
f 644//644 643//643 670//670
f 671//671 645//645 625//625
f 643//643 672//672 670//670
f 648//648 673//673 674//674
f 674//674 675//675 676//676
f 647//647 673//673 648//648
f 650//650 647//647 646//646
f 622//622 651//651 677//677
f 678//678 602//602 656//656
f 623//623 652//652 679//679
f 638//638 655//655 654//654
f 624//624 680//680 656//656
f 681//681 625//625 626//626
f 682//682 626//626 657//657
f 606//606 683//683 658//658
f 684//684 628//628 659//659
f 685//685 631//631 660//660
f 676//676 686//686 687//687
f 687//687 688//688 689//689
f 608//608 690//690 661//661
f 625//625 681//681 671//671
f 611//611 662//662 691//691
f 681//681 626//626 682//682
f 635//635 692//692 663//663
f 664//664 693//693 636//636
f 665//665 637//637 694//694
f 666//666 667//667 695//695
f 696//696 655//655 638//638
f 638//638 668//668 696//696
f 697//697 640//640 698//698
f 699//699 700//700 701//701
f 640//640 669//669 698//698
f 701//701 702//702 703//703
f 670//670 672//672 704//704
f 705//705 706//706 699//699
f 672//672 707//707 708//708
f 673//673 675//675 674//674
f 675//675 686//686 676//676
f 709//709 710//710 711//711
f 679//679 712//712 709//709
f 713//713 677//677 651//651
f 712//712 679//679 652//652
f 656//656 680//680 714//714
f 655//655 715//715 716//716
f 696//696 716//716 715//715
f 715//715 655//655 696//696
f 657//657 717//717 682//682
f 658//658 683//683 718//718
f 659//659 719//719 684//684
f 660//660 720//720 685//685
f 686//686 688//688 687//687
f 688//688 721//721 689//689
f 661//661 690//690 722//722
f 723//723 671//671 681//681
f 662//662 724//724 691//691
f 725//725 681//681 682//682
f 726//726 663//663 692//692
f 636//636 693//693 727//727
f 728//728 693//693 664//664
f 729//729 694//694 637//637
f 667//667 730//730 695//695
f 731//731 666//666 695//695
f 732//732 696//696 668//668
f 733//733 697//697 698//698
f 702//702 701//701 700//700
f 700//700 699//699 706//706
f 669//669 734//734 698//698
f 735//735 703//703 702//702
f 704//704 672//672 708//708
f 708//708 707//707 736//736
f 737//737 711//711 738//738
f 739//739 737//737 740//740
f 741//741 711//711 710//710
f 710//710 709//709 712//712
f 713//713 742//742 677//677
f 680//680 743//743 714//714
f 744//744 716//716 696//696
f 745//745 682//682 717//717
f 683//683 746//746 718//718
f 747//747 684//684 719//719
f 748//748 685//685 720//720
f 689//689 721//721 749//749
f 750//750 739//739 751//751
f 752//752 750//750 753//753
f 690//690 754//754 722//722
f 681//681 725//725 723//723
f 707//707 755//755 756//756
f 724//724 757//757 691//691
f 725//725 682//682 745//745
f 692//692 758//758 726//726
f 727//727 693//693 759//759
f 760//760 693//693 728//728
f 694//694 729//729 761//761
f 730//730 762//762 695//695
f 696//696 732//732 744//744
f 763//763 731//731 695//695
f 764//764 697//697 733//733
f 765//765 766//766 767//767
f 768//768 769//769 770//770
f 769//769 771//771 770//770
f 698//698 734//734 772//772
f 703//703 735//735 773//773
f 774//774 768//768 775//775
f 705//705 776//776 706//706
f 736//736 707//707 756//756
f 777//777 778//778 779//779
f 741//741 738//738 711//711
f 738//738 740//740 737//737
f 740//740 751//751 739//739
f 780//780 781//781 782//782
f 781//781 677//677 742//742
f 714//714 743//743 783//783
f 716//716 784//784 785//785
f 744//744 785//785 784//784
f 784//784 716//716 744//744
f 717//717 786//786 745//745
f 718//718 746//746 787//787
f 719//719 788//788 747//747
f 720//720 789//789 748//748
f 721//721 790//790 749//749
f 751//751 753//753 750//750
f 753//753 791//791 752//752
f 722//722 754//754 792//792
f 793//793 723//723 725//725
f 756//756 755//755 794//794
f 691//691 757//757 795//795
f 796//796 745//745 786//786
f 797//797 745//745 796//796
f 797//797 725//725 745//745
f 798//798 726//726 758//758
f 693//693 799//799 759//759
f 800//800 801//801 802//802
f 803//803 760//760 728//728
f 804//804 761//761 729//729
f 805//805 803//803 728//728
f 695//695 762//762 806//806
f 744//744 767//767 766//766
f 767//767 744//744 732//732
f 807//807 731//731 763//763
f 808//808 802//802 801//801
f 766//766 765//765 809//809
f 775//775 768//768 770//770
f 770//770 771//771 810//810
f 734//734 811//811 772//772
f 812//812 809//809 765//765
f 813//813 773//773 735//735
f 814//814 706//706 776//776
f 776//776 777//777 814//814
f 779//779 814//814 777//777
f 778//778 815//815 816//816
f 816//816 779//779 778//778
f 817//817 818//818 819//819
f 820//820 817//817 821//821
f 742//742 782//782 781//781
f 782//782 822//822 780//780
f 743//743 823//823 783//783
f 785//785 824//824 825//825
f 766//766 785//785 744//744
f 746//746 826//826 787//787
f 827//827 747//747 788//788
f 828//828 748//748 789//789
f 749//749 790//790 829//829
f 830//830 752//752 791//791
f 831//831 832//832 833//833
f 792//792 754//754 834//834
f 725//725 797//797 793//793
f 755//755 835//835 794//794
f 815//815 836//836 837//837
f 757//757 838//838 795//795
f 786//786 839//839 796//796
f 840//840 797//797 796//796
f 754//754 841//841 834//834
f 758//758 842//842 798//798
f 759//759 799//799 843//843
f 844//844 802//802 845//845
f 801//801 800//800 846//846
f 847//847 846//846 800//800
f 761//761 804//804 848//848
f 849//849 731//731 807//807
f 850//850 803//803 805//805
f 762//762 851//851 806//806
f 808//808 845//845 802//802
f 809//809 825//825 766//766
f 852//852 853//853 813//813
f 771//771 854//854 810//810
f 855//855 856//856 852//852
f 811//811 857//857 772//772
f 773//773 813//813 853//853
f 812//812 858//858 809//809
f 854//854 859//859 810//810
f 837//837 816//816 815//815
f 859//859 860//860 861//861
f 822//822 819//819 818//818
f 819//819 821//821 817//817
f 821//821 862//862 820//820
f 818//818 780//780 822//822
f 823//823 863//863 864//864
f 783//783 823//823 864//864
f 865//865 825//825 866//866
f 766//766 825//825 824//824
f 824//824 785//785 766//766
f 787//787 826//826 867//867
f 788//788 868//868 827//827
f 828//828 789//789 869//869
f 790//790 870//870 829//829
f 791//791 871//871 830//830
f 862//862 833//833 832//832
f 833//833 872//872 831//831
f 797//797 840//840 873//873
f 873//873 793//793 797//797
f 794//794 835//835 874//874
f 875//875 837//837 836//836
f 838//838 876//876 795//795
f 840//840 796//796 839//839
f 877//877 839//839 786//786
f 834//834 841//841 878//878
f 879//879 798//798 842//842
f 880//880 795//795 881//881
f 843//843 799//799 882//882
f 845//845 883//883 844//844
f 846//846 847//847 884//884
f 884//884 848//848 804//804
f 885//885 849//849 807//807
f 848//848 884//884 847//847
f 851//851 886//886 806//806
f 887//887 825//825 809//809
f 853//853 852//852 856//856
f 810//810 859//859 888//888
f 855//855 889//889 856//856
f 772//772 857//857 890//890
f 891//891 809//809 858//858
f 860//860 892//892 893//893
f 861//861 860//860 893//893
f 888//888 859//859 861//861
f 894//894 865//865 895//895
f 863//863 896//896 897//897
f 864//864 863//863 897//897
f 896//896 898//898 899//899
f 897//897 896//896 899//899
f 832//832 820//820 862//862
f 887//887 866//866 825//825
f 866//866 895//895 865//865
f 826//826 900//900 867//867
f 901//901 827//827 868//868
f 902//902 869//869 789//789
f 829//829 870//870 903//903
f 904//904 830//830 871//871
f 905//905 831//831 872//872
f 906//906 907//907 908//908
f 909//909 907//907 906//906
f 910//910 911//911 912//912
f 913//913 873//873 840//840
f 835//835 914//914 874//874
f 836//836 915//915 875//875
f 892//892 916//916 893//893
f 876//876 881//881 795//795
f 839//839 917//917 840//840
f 918//918 839//839 877//877
f 878//878 841//841 919//919
f 920//920 921//921 841//841
f 879//879 842//842 922//922
f 881//881 923//923 880//880
f 799//799 924//924 882//882
f 891//891 866//866 887//887
f 925//925 844//844 883//883
f 806//806 886//886 926//926
f 809//809 891//891 887//887
f 927//927 856//856 889//889
f 857//857 928//928 890//890
f 858//858 929//929 891//891
f 930//930 931//931 932//932
f 889//889 930//930 927//927
f 895//895 933//933 894//894
f 898//898 909//909 899//899
f 934//934 894//894 933//933
f 935//935 895//895 866//866
f 882//882 924//924 936//936
f 867//867 900//900 937//937
f 868//868 938//938 901//901
f 869//869 902//902 939//939
f 870//870 940//940 903//903
f 904//904 871//871 941//941
f 905//905 872//872 942//942
f 907//907 943//943 908//908
f 899//899 909//909 906//906
f 944//944 912//912 911//911
f 912//912 945//945 910//910
f 914//914 946//946 947//947
f 913//913 840//840 917//917
f 874//874 914//914 948//948
f 949//949 875//875 915//915
f 893//893 916//916 950//950
f 917//917 839//839 951//951
f 839//839 918//918 952//952
f 877//877 952//952 918//918
f 919//919 841//841 921//921
f 952//952 951//951 839//839
f 921//921 920//920 953//953
f 954//954 922//922 842//842
f 920//920 955//955 956//956
f 923//923 957//957 880//880
f 958//958 923//923 881//881
f 891//891 935//935 866//866
f 883//883 959//959 925//925
f 886//886 960//960 926//926
f 890//890 928//928 961//961
f 935//935 891//891 929//929
f 962//962 932//932 931//931
f 932//932 927//927 930//930
f 936//936 963//963 964//964
f 965//965 933//933 895//895
f 911//911 934//934 944//944
f 933//933 944//944 934//934
f 935//935 965//965 895//895
f 924//924 963//963 936//936
f 900//900 966//966 967//967
f 937//937 900//900 968//968
f 969//969 952//952 877//877
f 970//970 901//901 938//938
f 971//971 939//939 902//902
f 903//903 940//940 972//972
f 973//973 941//941 871//871
f 974//974 942//942 872//872
f 975//975 910//910 945//945
f 908//908 943//943 976//976
f 977//977 978//978 979//979
f 980//980 912//912 944//944
f 981//981 945//945 912//912
f 979//979 978//978 982//982
f 947//947 946//946 983//983
f 948//948 914//914 947//947
f 946//946 984//984 985//985
f 916//916 986//986 987//987
f 915//915 988//988 949//949
f 950//950 916//916 987//987
f 931//931 989//989 962//962
f 984//984 990//990 991//991
f 992//992 993//993 952//952
f 952//952 994//994 992//992
f 951//951 952//952 993//993
f 953//953 920//920 956//956
f 995//995 921//921 953//953
f 922//922 954//954 996//996
f 880//880 957//957 997//997
f 956//956 955//955 998//998
f 999//999 1000//1000 1001//1001
f 1002//1002 923//923 958//958
f 1003//1003 925//925 959//959
f 926//926 960//960 1004//1004
f 928//928 1005//1005 961//961
f 929//929 1006//1006 935//935
f 1005//1005 1007//1007 1008//1008
f 964//964 963//963 977//977
f 965//965 1009//1009 933//933
f 1009//1009 944//944 933//933
f 960//960 1010//1010 1004//1004
f 965//965 935//935 1006//1006
f 1011//1011 967//967 966//966
f 968//968 900//900 967//967
f 1012//1012 992//992 969//969
f 994//994 952//952 969//969
f 938//938 1013//1013 970//970
f 939//939 971//971 1014//1014
f 940//940 1015//1015 972//972
f 941//941 973//973 1016//1016
f 942//942 974//974 1017//1017
f 976//976 1018//1018 1019//1019
f 943//943 1018//1018 976//976
f 945//945 981//981 975//975
f 963//963 978//978 977//977
f 980//980 981//981 912//912
f 1009//1009 980//980 944//944
f 978//978 923//923 982//982
f 983//983 946//946 1020//1020
f 1021//1021 1022//1022 1023//1023
f 985//985 984//984 991//991
f 1020//1020 946//946 985//985
f 987//987 986//986 1024//1024
f 1025//1025 949//949 988//988
f 989//989 1026//1026 1027//1027
f 1027//1027 962//962 989//989
f 1028//1028 991//991 990//990
f 993//993 992//992 1029//1029
f 969//969 992//992 994//994
f 1030//1030 1001//1001 1000//1000
f 1031//1031 1029//1029 992//992
f 992//992 1032//1032 1031//1031
f 1033//1033 995//995 953//953
f 1034//1034 996//996 954//954
f 955//955 1035//1035 1036//1036
f 957//957 1037//1037 997//997
f 998//998 955//955 1036//1036
f 1038//1038 1039//1039 1001//1001
f 999//999 1001//1001 1039//1039
f 982//982 923//923 1002//1002
f 959//959 1040//1040 1003//1003
f 961//961 1005//1005 1008//1008
f 1007//1007 1041//1041 1008//1008
f 1010//1010 1042//1042 1004//1004
f 1009//1009 965//965 1043//1043
f 1006//1006 1043//1043 965//965
f 1044//1044 970//970 1013//1013
f 967//967 1019//1019 968//968
f 1032//1032 992//992 1012//1012
f 1045//1045 1014//1014 971//971
f 1046//1046 972//972 1015//1015
f 1047//1047 1016//1016 973//973
f 1048//1048 1017//1017 974//974
f 1018//1018 1049//1049 1019//1019
f 975//975 981//981 1050//1050
f 1051//1051 1003//1003 1040//1040
f 1052//1052 1053//1053 1054//1054
f 981//981 980//980 1055//1055
f 1042//1042 1052//1052 1054//1054
f 980//980 1009//1009 1056//1056
f 1000//1000 1051//1051 1030//1030
f 1057//1057 1058//1058 1021//1021
f 1059//1059 1023//1023 1022//1022
f 1022//1022 1021//1021 1058//1058
f 1025//1025 988//988 1059//1059
f 1023//1023 1059//1059 988//988
f 985//985 1060//1060 1020//1020
f 986//986 1061//1061 1024//1024
f 1026//1026 1062//1062 1063//1063
f 1063//1063 1027//1027 1026//1026
f 1029//1029 1031//1031 1064//1064
f 1012//1012 1031//1031 1032//1032
f 1031//1031 1065//1065 1066//1066
f 1053//1053 1033//1033 953//953
f 1066//1066 1064//1064 1031//1031
f 996//996 1034//1034 1067//1067
f 997//997 1037//1037 1068//1068
f 1069//1069 1036//1036 1035//1035
f 1070//1070 1071//1071 1038//1038
f 1039//1039 1038//1038 1071//1071
f 1004//1004 1042//1042 1054//1054
f 1008//1008 1041//1041 1072//1072
f 1043//1043 1056//1056 1009//1009
f 1013//1013 1017//1017 1044//1044
f 1048//1048 1044//1044 1017//1017
f 1049//1049 968//968 1019//1019
f 1014//1014 1045//1045 1047//1047
f 1016//1016 1047//1047 1045//1045
f 1050//1050 1066//1066 1073//1073
f 1050//1050 981//981 1074//1074
f 1040//1040 1030//1030 1051//1051
f 1054//1054 1053//1053 953//953
f 1056//1056 1055//1055 980//980
f 981//981 1055//1055 1066//1066
f 1058//1058 1057//1057 1075//1075
f 1076//1076 1077//1077 1078//1078
f 1079//1079 1078//1078 1077//1077
f 1061//1061 1076//1076 1024//1024
f 1080//1080 1020//1020 1060//1060
f 1064//1064 1066//1066 1055//1055
f 1081//1081 1063//1063 1062//1062
f 1041//1041 1082//1082 1072//1072
f 1073//1073 1031//1031 1012//1012
f 1073//1073 1066//1066 1065//1065
f 1065//1065 1031//1031 1073//1073
f 1066//1066 1074//1074 981//981
f 1083//1083 1067//1067 1034//1034
f 1037//1037 1084//1084 1068//1068
f 1067//1067 1083//1083 1070//1070
f 1071//1071 1070//1070 1083//1083
f 1072//1072 1082//1082 1085//1085
f 1074//1074 1066//1066 1050//1050
f 1085//1085 1086//1086 1060//1060
f 1087//1087 1075//1075 1057//1057
f 1088//1088 1076//1076 1078//1078
f 1024//1024 1076//1076 1088//1088
f 1086//1086 1080//1080 1060//1060
f 1082//1082 1089//1089 1085//1085
f 1081//1081 1062//1062 1090//1090
f 1091//1091 1068//1068 1084//1084
f 1089//1089 1086//1086 1085//1085
f 1075//1075 1087//1087 1092//1092
f 1092//1092 1090//1090 1062//1062
f 1090//1090 1092//1092 1087//1087
f 1093//1093 1094//1094 1095//1095
f 1094//1094 1093//1093 1096//1096
f 1097//1097 1098//1098 1099//1099
f 1100//1100 1099//1099 1098//1098
f 1101//1101 1102//1102 1103//1103
f 1095//1095 1104//1104 1093//1093
f 1105//1105 1106//1106 1107//1107
f 1106//1106 1105//1105 1108//1108
f 1109//1109 1110//1110 1111//1111
f 1112//1112 1111//1111 1110//1110
f 1096//1096 1113//1113 1094//1094
f 1114//1114 1115//1115 1116//1116
f 1094//1094 1117//1117 1095//1095
f 1097//1097 1118//1118 1098//1098
f 1119//1119 1108//1108 1105//1105
f 1111//1111 1112//1112 1120//1120
f 1096//1096 1093//1093 1121//1121
f 1122//1122 1099//1099 1100//1100
f 1123//1123 1107//1107 1106//1106
f 1110//1110 1109//1109 1124//1124
f 1125//1125 1103//1103 1102//1102
f 1126//1126 1093//1093 1104//1104
f 1101//1101 1103//1103 1127//1127
f 1095//1095 1128//1128 1104//1104
f 1113//1113 1096//1096 1129//1129
f 1117//1117 1094//1094 1113//1113
f 1130//1130 1098//1098 1118//1118
f 1131//1131 1101//1101 1127//1127
f 1117//1117 1128//1128 1095//1095
f 1108//1108 1119//1119 1132//1132
f 1133//1133 1120//1120 1112//1112
f 1114//1114 1134//1134 1115//1115
f 1135//1135 1116//1116 1136//1136
f 1136//1136 1116//1116 1115//1115
f 1096//1096 1121//1121 1137//1137
f 1138//1138 1122//1122 1100//1100
f 1139//1139 1125//1125 1102//1102
f 1121//1121 1093//1093 1126//1126
f 1107//1107 1123//1123 1140//1140
f 1141//1141 1124//1124 1109//1109
f 1129//1129 1096//1096 1137//1137
f 1142//1142 1143//1143 1144//1144
f 1145//1145 1144//1144 1143//1143
f 1146//1146 1127//1127 1103//1103
f 1147//1147 1104//1104 1128//1128
f 1148//1148 1149//1149 1150//1150
f 1151//1151 1152//1152 1153//1153
f 1154//1154 1155//1155 1156//1156
f 1157//1157 1150//1150 1158//1158
f 1159//1159 1160//1160 1161//1161
f 1162//1162 1159//1159 1161//1161
f 1117//1117 1113//1113 1163//1163
f 1163//1163 1113//1113 1129//1129
f 1164//1164 1130//1130 1118//1118
f 1165//1165 1130//1130 1164//1164
f 1166//1166 1131//1131 1167//1167
f 1163//1163 1168//1168 1117//1117
f 1169//1169 1132//1132 1119//1119
f 1132//1132 1169//1169 1170//1170
f 1120//1120 1133//1133 1171//1171
f 1172//1172 1171//1171 1133//1133
f 1134//1134 1173//1173 1115//1115
f 1167//1167 1131//1131 1127//1127
f 1168//1168 1128//1128 1117//1117
f 1174//1174 1135//1135 1136//1136
f 1175//1175 1176//1176 1177//1177
f 1176//1176 1175//1175 1178//1178
f 1176//1176 1178//1178 1179//1179
f 1179//1179 1178//1178 1180//1180
f 1179//1179 1180//1180 1181//1181
f 1181//1181 1180//1180 1182//1182
f 1183//1183 1184//1184 1185//1185
f 1186//1186 1185//1185 1184//1184
f 1187//1187 1186//1186 1184//1184
f 1188//1188 1186//1186 1187//1187
f 1189//1189 1188//1188 1187//1187
f 1190//1190 1188//1188 1189//1189
f 1191//1191 1192//1192 1193//1193
f 1194//1194 1195//1195 1196//1196
f 1197//1197 1198//1198 1192//1192
f 1199//1199 1200//1200 1136//1136
f 1199//1199 1191//1191 1201//1201
f 1195//1195 1115//1115 1173//1173
f 1194//1194 1202//1202 1197//1197
f 1137//1137 1121//1121 1203//1203
f 1204//1204 1122//1122 1138//1138
f 1205//1205 1140//1140 1123//1123
f 1124//1124 1141//1141 1206//1206
f 1207//1207 1125//1125 1139//1139
f 1208//1208 1121//1121 1126//1126
f 1129//1129 1137//1137 1209//1209
f 1143//1143 1142//1142 1210//1210
f 1144//1144 1145//1145 1211//1211
f 1211//1211 1212//1212 1213//1213
f 1214//1214 1213//1213 1212//1212
f 1212//1212 1211//1211 1145//1145
f 1158//1158 1150//1150 1149//1149
f 1152//1152 1151//1151 1215//1215
f 1160//1160 1215//1215 1151//1151
f 1156//1156 1216//1216 1217//1217
f 1218//1218 1153//1153 1152//1152
f 1216//1216 1156//1156 1155//1155
f 1155//1155 1154//1154 1219//1219
f 1220//1220 1157//1157 1158//1158
f 1161//1161 1160//1160 1151//1151
f 1221//1221 1159//1159 1162//1162
f 1163//1163 1129//1129 1222//1222
f 1223//1223 1165//1165 1164//1164
f 1224//1224 1170//1170 1169//1169
f 1171//1171 1172//1172 1225//1225
f 1226//1226 1166//1166 1167//1167
f 1227//1227 1168//1168 1163//1163
f 1173//1173 1228//1228 1195//1195
f 1213//1213 1214//1214 1229//1229
f 1230//1230 1229//1229 1214//1214
f 1231//1231 1153//1153 1218//1218
f 1137//1137 1203//1203 1232//1232
f 1233//1233 1204//1204 1138//1138
f 1234//1234 1207//1207 1139//1139
f 1235//1235 1140//1140 1236//1236
f 1236//1236 1140//1140 1237//1237
f 1237//1237 1140//1140 1205//1205
f 1238//1238 1141//1141 1239//1239
f 1240//1240 1141//1141 1238//1238
f 1206//1206 1141//1141 1240//1240
f 1209//1209 1137//1137 1232//1232
f 1241//1241 1174//1174 1136//1136
f 1242//1242 1241//1241 1136//1136
f 1243//1243 1242//1242 1136//1136
f 1244//1244 1191//1191 1193//1193
f 1245//1245 1193//1193 1192//1192
f 1246//1246 1196//1196 1195//1195
f 1196//1196 1247//1247 1194//1194
f 1197//1197 1248//1248 1198//1198
f 1249//1249 1192//1192 1198//1198
f 1200//1200 1199//1199 1250//1250
f 1251//1251 1136//1136 1200//1200
f 1250//1250 1199//1199 1201//1201
f 1252//1252 1201//1201 1191//1191
f 1194//1194 1247//1247 1202//1202
f 1253//1253 1197//1197 1202//1202
f 1203//1203 1121//1121 1208//1208
f 1140//1140 1235//1235 1254//1254
f 1255//1255 1239//1239 1141//1141
f 1256//1256 1210//1210 1142//1142
f 1257//1257 1219//1219 1154//1154
f 1258//1258 1157//1157 1220//1220
f 1259//1259 1221//1221 1162//1162
f 1222//1222 1129//1129 1209//1209
f 1260//1260 1165//1165 1223//1223
f 1261//1261 1166//1166 1226//1226
f 1170//1170 1224//1224 1262//1262
f 1263//1263 1225//1225 1172//1172
f 1222//1222 1227//1227 1163//1163
f 1217//1217 1264//1264 1265//1265
f 1264//1264 1217//1217 1216//1216
f 1265//1265 1266//1266 1267//1267
f 1268//1268 1269//1269 1270//1270
f 1271//1271 1272//1272 1268//1268
f 1273//1273 1231//1231 1274//1274
f 1229//1229 1230//1230 1275//1275
f 1276//1276 1275//1275 1230//1230
f 1228//1228 1246//1246 1195//1195
f 1274//1274 1231//1231 1218//1218
f 1232//1232 1203//1203 1277//1277
f 1277//1277 1203//1203 1278//1278
f 1279//1279 1204//1204 1233//1233
f 1280//1280 1204//1204 1279//1279
f 1281//1281 1282//1282 1283//1283
f 1209//1209 1277//1277 1278//1278
f 1284//1284 1207//1207 1234//1234
f 1282//1282 1284//1284 1234//1234
f 1285//1285 1282//1282 1234//1234
f 1283//1283 1282//1282 1285//1285
f 1209//1209 1232//1232 1277//1277
f 1251//1251 1243//1243 1136//1136
f 1252//1252 1191//1191 1244//1244
f 1286//1286 1287//1287 1288//1288
f 1288//1288 1287//1287 1289//1289
f 1290//1290 1291//1291 1292//1292
f 1293//1293 1291//1291 1290//1290
f 1294//1294 1295//1295 1296//1296
f 1297//1297 1298//1298 1299//1299
f 1298//1298 1297//1297 1300//1300
f 1301//1301 1302//1302 1303//1303
f 1304//1304 1303//1303 1302//1302
f 1305//1305 1286//1286 1288//1288
f 1306//1306 1295//1295 1294//1294
f 1289//1289 1287//1287 1307//1307
f 1308//1308 1289//1289 1307//1307
f 1288//1288 1289//1289 1309//1309
f 1309//1309 1289//1289 1310//1310
f 1311//1311 1293//1293 1290//1290
f 1312//1312 1293//1293 1311//1311
f 1313//1313 1306//1306 1294//1294
f 1310//1310 1289//1289 1308//1308
f 1314//1314 1300//1300 1297//1297
f 1300//1300 1314//1314 1315//1315
f 1303//1303 1304//1304 1316//1316
f 1317//1317 1316//1316 1304//1304
f 1318//1318 1288//1288 1309//1309
f 1245//1245 1192//1192 1319//1319
f 1320//1320 1321//1321 1322//1322
f 1322//1322 1321//1321 1323//1323
f 1324//1324 1325//1325 1326//1326
f 1327//1327 1325//1325 1324//1324
f 1328//1328 1329//1329 1330//1330
f 1322//1322 1331//1331 1320//1320
f 1332//1332 1333//1333 1334//1334
f 1333//1333 1332//1332 1335//1335
f 1336//1336 1337//1337 1338//1338
f 1339//1339 1338//1338 1337//1337
f 1321//1321 1340//1340 1323//1323
f 1322//1322 1323//1323 1341//1341
f 1341//1341 1323//1323 1342//1342
f 1343//1343 1327//1327 1324//1324
f 1344//1344 1327//1327 1343//1343
f 1345//1345 1328//1328 1346//1346
f 1341//1341 1347//1347 1322//1322
f 1348//1348 1334//1334 1349//1349
f 1334//1334 1348//1348 1332//1332
f 1350//1350 1336//1336 1351//1351
f 1338//1338 1351//1351 1336//1336
f 1323//1323 1352//1352 1342//1342
f 1353//1353 1354//1354 1355//1355
f 1356//1356 1353//1353 1355//1355
f 1357//1357 1358//1358 1359//1359
f 1360//1360 1358//1358 1357//1357
f 1361//1361 1362//1362 1363//1363
f 1362//1362 1361//1361 1364//1364
f 1365//1365 1366//1366 1367//1367
f 1368//1368 1367//1367 1366//1366
f 1369//1369 1286//1286 1305//1305
f 1197//1197 1253//1253 1248//1248
f 1359//1359 1369//1369 1305//1305
f 1359//1359 1305//1305 1357//1357
f 1370//1370 1371//1371 1372//1372
f 1373//1373 1370//1370 1372//1372
f 1192//1192 1249//1249 1319//1319
f 1357//1357 1305//1305 1318//1318
f 1357//1357 1318//1318 1374//1374
f 1375//1375 1370//1370 1373//1373
f 1376//1376 1375//1375 1373//1373
f 1377//1377 1353//1353 1356//1356
f 1374//1374 1360//1360 1357//1357
f 1363//1363 1378//1378 1379//1379
f 1378//1378 1363//1363 1362//1362
f 1380//1380 1381//1381 1365//1365
f 1366//1366 1365//1365 1381//1381
f 1305//1305 1288//1288 1318//1318
f 1352//1352 1382//1382 1383//1383
f 1352//1352 1383//1383 1384//1384
f 1385//1385 1386//1386 1387//1387
f 1388//1388 1385//1385 1387//1387
f 1389//1389 1390//1390 1391//1391
f 1383//1383 1382//1382 1392//1392
f 1393//1393 1394//1394 1395//1395
f 1394//1394 1393//1393 1396//1396
f 1397//1397 1398//1398 1399//1399
f 1400//1400 1399//1399 1398//1398
f 1384//1384 1401//1401 1352//1352
f 1340//1340 1402//1402 1382//1382
f 1340//1340 1382//1382 1352//1352
f 1386//1386 1403//1403 1404//1404
f 1387//1387 1386//1386 1404//1404
f 1391//1391 1405//1405 1406//1406
f 1382//1382 1402//1402 1407//1407
f 1408//1408 1395//1395 1409//1409
f 1395//1395 1408//1408 1393//1393
f 1410//1410 1397//1397 1411//1411
f 1399//1399 1411//1411 1397//1397
f 1323//1323 1340//1340 1352//1352
f 1384//1384 1383//1383 1412//1412
f 1412//1412 1383//1383 1413//1413
f 1414//1414 1385//1385 1388//1388
f 1415//1415 1385//1385 1414//1414
f 1416//1416 1390//1390 1389//1389
f 1413//1413 1383//1383 1392//1392
f 1396//1396 1417//1417 1394//1394
f 1417//1417 1396//1396 1418//1418
f 1398//1398 1419//1419 1400//1400
f 1420//1420 1400//1400 1419//1419
f 1421//1421 1384//1384 1412//1412
f 1412//1412 1413//1413 1422//1422
f 1422//1422 1413//1413 1423//1423
f 1424//1424 1415//1415 1414//1414
f 1425//1425 1415//1415 1424//1424
f 1426//1426 1427//1427 1416//1416
f 1423//1423 1413//1413 1428//1428
f 1418//1418 1429//1429 1417//1417
f 1429//1429 1418//1418 1430//1430
f 1419//1419 1431//1431 1420//1420
f 1432//1432 1420//1420 1431//1431
f 1433//1433 1412//1412 1422//1422
f 1341//1341 1342//1342 1434//1434
f 1434//1434 1342//1342 1435//1435
f 1436//1436 1344//1344 1343//1343
f 1437//1437 1344//1344 1436//1436
f 1438//1438 1345//1345 1439//1439
f 1434//1434 1440//1440 1341//1341
f 1441//1441 1349//1349 1442//1442
f 1349//1349 1441//1441 1348//1348
f 1443//1443 1350//1350 1444//1444
f 1351//1351 1444//1444 1350//1350
f 1342//1342 1445//1445 1435//1435
f 1434//1434 1435//1435 1433//1433
f 1434//1434 1433//1433 1446//1446
f 1447//1447 1437//1437 1436//1436
f 1448//1448 1447//1447 1436//1436
f 1449//1449 1438//1438 1439//1439
f 1446//1446 1440//1440 1434//1434
f 1450//1450 1442//1442 1451//1451
f 1442//1442 1450//1450 1441//1441
f 1452//1452 1443//1443 1453//1453
f 1444//1444 1453//1453 1443//1443
f 1435//1435 1412//1412 1433//1433
f 1454//1454 1203//1203 1208//1208
f 1455//1455 1203//1203 1454//1454
f 1278//1278 1203//1203 1402//1402
f 1403//1403 1204//1204 1280//1280
f 1235//1235 1409//1409 1254//1254
f 1255//1255 1410//1410 1239//1239
f 1456//1456 1457//1457 1256//1256
f 1210//1210 1256//1256 1457//1457
f 1457//1457 1456//1456 1458//1458
f 1257//1257 1459//1459 1219//1219
f 1460//1460 1258//1258 1220//1220
f 1461//1461 1221//1221 1259//1259
f 1222//1222 1209//1209 1320//1320
f 1326//1326 1260//1260 1223//1223
f 1462//1462 1261//1261 1226//1226
f 1463//1463 1227//1227 1222//1222
f 1224//1224 1335//1335 1262//1262
f 1263//1263 1339//1339 1225//1225
f 1276//1276 1464//1464 1275//1275
f 1266//1266 1265//1265 1264//1264
f 1465//1465 1270//1270 1466//1466
f 1467//1467 1267//1267 1266//1266
f 1269//1269 1466//1466 1270//1270
f 1272//1272 1269//1269 1268//1268
f 1468//1468 1272//1272 1271//1271
f 1267//1267 1467//1467 1469//1469
f 1470//1470 1273//1273 1274//1274
f 1320//1320 1209//1209 1321//1321
f 1325//1325 1260//1260 1326//1326
f 1329//1329 1261//1261 1462//1462
f 1320//1320 1463//1463 1222//1222
f 1335//1335 1224//1224 1333//1333
f 1337//1337 1225//1225 1339//1339
f 1209//1209 1278//1278 1321//1321
f 1471//1471 1282//1282 1281//1281
f 1472//1472 1203//1203 1455//1455
f 1473//1473 1458//1458 1456//1456
f 1278//1278 1402//1402 1340//1340
f 1404//1404 1403//1403 1280//1280
f 1406//1406 1471//1471 1281//1281
f 1402//1402 1203//1203 1472//1472
f 1409//1409 1235//1235 1408//1408
f 1411//1411 1239//1239 1410//1410
f 1321//1321 1278//1278 1340//1340
f 1422//1422 1423//1423 1286//1286
f 1286//1286 1423//1423 1287//1287
f 1292//1292 1425//1425 1424//1424
f 1291//1291 1425//1425 1292//1292
f 1296//1296 1474//1474 1426//1426
f 1287//1287 1423//1423 1475//1475
f 1430//1430 1298//1298 1429//1429
f 1298//1298 1430//1430 1299//1299
f 1431//1431 1302//1302 1432//1432
f 1301//1301 1432//1432 1302//1302
f 1369//1369 1422//1422 1286//1286
f 1295//1295 1474//1474 1296//1296
f 1476//1476 1477//1477 1478//1478
f 1307//1307 1287//1287 1475//1475
f 1476//1476 1479//1479 1477//1477
f 1480//1480 1478//1478 1477//1477
f 1309//1309 1310//1310 1481//1481
f 1482//1482 1312//1312 1311//1311
f 1483//1483 1315//1315 1314//1314
f 1316//1316 1317//1317 1484//1484
f 1485//1485 1306//1306 1313//1313
f 1486//1486 1310//1310 1308//1308
f 1318//1318 1309//1309 1481//1481
f 1487//1487 1312//1312 1482//1482
f 1488//1488 1485//1485 1313//1313
f 1489//1489 1310//1310 1486//1486
f 1315//1315 1483//1483 1490//1490
f 1491//1491 1484//1484 1317//1317
f 1330//1330 1329//1329 1462//1462
f 1331//1331 1463//1463 1320//1320
f 1346//1346 1328//1328 1330//1330
f 1347//1347 1331//1331 1322//1322
f 1439//1439 1345//1345 1346//1346
f 1440//1440 1347//1347 1341//1341
f 1342//1342 1352//1352 1401//1401
f 1492//1492 1493//1493 1494//1494
f 1495//1495 1494//1494 1493//1493
f 1355//1355 1354//1354 1496//1496
f 1358//1358 1497//1497 1359//1359
f 1495//1495 1498//1498 1494//1494
f 1361//1361 1451//1451 1364//1364
f 1368//1368 1452//1452 1367//1367
f 1446//1446 1433//1433 1369//1369
f 1446//1446 1369//1369 1359//1359
f 1371//1371 1447//1447 1448//1448
f 1372//1372 1371//1371 1448//1448
f 1354//1354 1449//1449 1496//1496
f 1359//1359 1497//1497 1446//1446
f 1451//1451 1361//1361 1450//1450
f 1453//1453 1367//1367 1452//1452
f 1433//1433 1422//1422 1369//1369
f 1374//1374 1481//1481 1489//1489
f 1482//1482 1375//1375 1376//1376
f 1487//1487 1482//1482 1376//1376
f 1488//1488 1377//1377 1499//1499
f 1489//1489 1500//1500 1374//1374
f 1379//1379 1490//1490 1483//1483
f 1490//1490 1379//1379 1378//1378
f 1484//1484 1491//1491 1380//1380
f 1381//1381 1380//1380 1491//1491
f 1374//1374 1318//1318 1481//1481
f 1499//1499 1377//1377 1356//1356
f 1500//1500 1360//1360 1374//1374
f 1390//1390 1405//1405 1391//1391
f 1392//1392 1382//1382 1407//1407
f 1401//1401 1384//1384 1501//1501
f 1405//1405 1471//1471 1406//1406
f 1407//1407 1402//1402 1472//1472
f 1427//1427 1390//1390 1416//1416
f 1428//1428 1413//1413 1392//1392
f 1502//1502 1384//1384 1421//1421
f 1421//1421 1412//1412 1503//1503
f 1503//1503 1412//1412 1504//1504
f 1474//1474 1427//1427 1426//1426
f 1475//1475 1423//1423 1428//1428
f 1342//1342 1505//1505 1445//1445
f 1435//1435 1445//1445 1506//1506
f 1435//1435 1506//1506 1507//1507
f 1496//1496 1449//1449 1439//1439
f 1497//1497 1440//1440 1446//1446
f 1508//1508 1412//1412 1435//1435
f 1509//1509 1258//1258 1460//1460
f 1510//1510 1461//1461 1259//1259
f 1511//1511 1219//1219 1459//1459
f 1512//1512 1273//1273 1470//1470
f 1513//1513 1275//1275 1464//1464
f 1514//1514 1469//1469 1467//1467
f 1514//1514 1515//1515 1469//1469
f 1516//1516 1468//1468 1271//1271
f 1517//1517 1469//1469 1515//1515
f 1518//1518 1458//1458 1519//1519
f 1473//1473 1519//1519 1458//1458
f 1520//1520 1477//1477 1479//1479
f 1521//1521 1522//1522 1523//1523
f 1524//1524 1525//1525 1526//1526
f 1527//1527 1528//1528 1529//1529
f 1530//1530 1528//1528 1527//1527
f 1523//1523 1531//1531 1532//1532
f 1525//1525 1533//1533 1534//1534
f 1529//1529 1535//1535 1536//1536
f 1528//1528 1535//1535 1529//1529
f 1533//1533 1537//1537 1538//1538
f 1536//1536 1539//1539 1540//1540
f 1535//1535 1539//1539 1536//1536
f 1478//1478 1480//1480 1541//1541
f 1481//1481 1310//1310 1489//1489
f 1542//1542 1541//1541 1480//1480
f 1543//1543 1544//1544 1521//1521
f 1545//1545 1530//1530 1527//1527
f 1530//1530 1545//1545 1546//1546
f 1499//1499 1485//1485 1488//1488
f 1500//1500 1489//1489 1486//1486
f 1464//1464 1547//1547 1513//1513
f 1548//1548 1513//1513 1547//1547
f 1547//1547 1549//1549 1548//1548
f 1550//1550 1548//1548 1549//1549
f 1551//1551 1509//1509 1460//1460
f 1552//1552 1512//1512 1470//1470
f 1553//1553 1512//1512 1552//1552
f 1554//1554 1555//1555 1551//1551
f 1556//1556 1553//1553 1552//1552
f 1557//1557 1553//1553 1556//1556
f 1549//1549 1558//1558 1550//1550
f 1559//1559 1550//1550 1558//1558
f 1560//1560 1561//1561 1562//1562
f 1563//1563 1557//1557 1556//1556
f 1564//1564 1565//1565 1554//1554
f 1566//1566 1557//1557 1563//1563
f 1342//1342 1401//1401 1567//1567
f 1342//1342 1567//1567 1568//1568
f 1493//1493 1492//1492 1569//1569
f 1570//1570 1494//1494 1498//1498
f 1538//1538 1537//1537 1571//1571
f 1572//1572 1573//1573 1574//1574
f 1575//1575 1572//1572 1574//1574
f 1534//1534 1533//1533 1538//1538
f 1576//1576 1572//1572 1575//1575
f 1526//1526 1525//1525 1534//1534
f 1577//1577 1576//1576 1578//1578
f 1579//1579 1577//1577 1578//1578
f 1580//1580 1569//1569 1492//1492
f 1581//1581 1524//1524 1526//1526
f 1582//1582 1583//1583 1584//1584
f 1585//1585 1584//1584 1583//1583
f 1586//1586 1587//1587 1588//1588
f 1589//1589 1590//1590 1591//1591
f 1592//1592 1589//1589 1591//1591
f 1587//1587 1509//1509 1551//1551
f 1590//1590 1461//1461 1510//1510
f 1591//1591 1590//1590 1510//1510
f 1593//1593 1586//1586 1594//1594
f 1595//1595 1589//1589 1592//1592
f 1596//1596 1589//1589 1595//1595
f 1501//1501 1384//1384 1597//1597
f 1598//1598 1599//1599 1600//1600
f 1601//1601 1602//1602 1598//1598
f 1583//1583 1518//1518 1585//1585
f 1519//1519 1585//1585 1518//1518
f 1603//1603 1582//1582 1604//1604
f 1584//1584 1604//1604 1582//1582
f 1537//1537 1593//1593 1571//1571
f 1540//1540 1596//1596 1595//1595
f 1539//1539 1596//1596 1540//1540
f 1605//1605 1606//1606 1607//1607
f 1608//1608 1605//1605 1609//1609
f 1610//1610 1611//1611 1606//1606
f 1504//1504 1412//1412 1612//1612
f 1479//1479 1603//1603 1520//1520
f 1604//1604 1520//1520 1603//1603
f 1613//1613 1614//1614 1615//1615
f 1616//1616 1560//1560 1617//1617
f 1571//1571 1593//1593 1564//1564
f 1573//1573 1566//1566 1563//1563
f 1574//1574 1573//1573 1563//1563
f 1342//1342 1618//1618 1505//1505
f 1619//1619 1620//1620 1621//1621
f 1620//1620 1622//1622 1623//1623
f 1435//1435 1507//1507 1624//1624
f 1625//1625 1626//1626 1627//1627
f 1626//1626 1619//1619 1628//1628
f 1558//1558 1570//1570 1559//1559
f 1498//1498 1559//1559 1570//1570
f 1612//1612 1412//1412 1508//1508
f 1435//1435 1629//1629 1508//1508
f 1459//1459 1630//1630 1511//1511
f 1631//1631 1468//1468 1516//1516
f 1515//1515 1632//1632 1517//1517
f 1531//1531 1523//1523 1522//1522
f 1522//1522 1521//1521 1544//1544
f 1633//1633 1532//1532 1531//1531
f 1614//1614 1532//1532 1634//1634
f 1541//1541 1542//1542 1635//1635
f 1544//1544 1543//1543 1636//1636
f 1546//1546 1545//1545 1579//1579
f 1637//1637 1485//1485 1499//1499
f 1638//1638 1500//1500 1486//1486
f 1545//1545 1577//1577 1579//1579
f 1639//1639 1517//1517 1632//1632
f 1640//1640 1587//1587 1551//1551
f 1555//1555 1640//1640 1551//1551
f 1641//1641 1555//1555 1554//1554
f 1642//1642 1641//1641 1554//1554
f 1561//1561 1639//1639 1643//1643
f 1643//1643 1562//1562 1561//1561
f 1562//1562 1617//1617 1560//1560
f 1644//1644 1645//1645 1554//1554
f 1565//1565 1644//1644 1554//1554
f 1600//1600 1646//1646 1647//1647
f 1647//1647 1648//1648 1649//1649
f 1342//1342 1568//1568 1618//1618
f 1650//1650 1616//1616 1651//1651
f 1578//1578 1576//1576 1575//1575
f 1569//1569 1580//1580 1652//1652
f 1653//1653 1636//1636 1543//1543
f 1640//1640 1588//1588 1587//1587
f 1630//1630 1654//1654 1655//1655
f 1594//1594 1586//1586 1656//1656
f 1654//1654 1613//1613 1657//1657
f 1597//1597 1384//1384 1658//1658
f 1658//1658 1384//1384 1659//1659
f 1599//1599 1598//1598 1602//1602
f 1602//1602 1601//1601 1660//1660
f 1661//1661 1384//1384 1662//1662
f 1662//1662 1384//1384 1502//1502
f 1663//1663 1608//1608 1664//1664
f 1665//1665 1607//1607 1606//1606
f 1607//1607 1609//1609 1605//1605
f 1665//1665 1606//1606 1611//1611
f 1609//1609 1664//1664 1608//1608
f 1611//1611 1610//1610 1666//1666
f 1667//1667 1666//1666 1610//1610
f 1666//1666 1667//1667 1668//1668
f 1634//1634 1615//1615 1614//1614
f 1615//1615 1657//1657 1613//1613
f 1617//1617 1651//1651 1616//1616
f 1564//1564 1593//1593 1669//1669
f 1649//1649 1670//1670 1622//1622
f 1623//1623 1621//1621 1620//1620
f 1621//1621 1628//1628 1619//1619
f 1671//1671 1623//1623 1622//1622
f 1671//1671 1622//1622 1670//1670
f 1628//1628 1627//1627 1626//1626
f 1435//1435 1624//1624 1672//1672
f 1627//1627 1673//1673 1625//1625
f 1674//1674 1675//1675 1676//1676
f 1677//1677 1676//1676 1675//1675
f 1673//1673 1676//1676 1678//1678
f 1677//1677 1678//1678 1676//1676
f 1678//1678 1625//1625 1673//1673
f 1679//1679 1668//1668 1667//1667
f 1435//1435 1680//1680 1629//1629
f 1681//1681 1682//1682 1679//1679
f 1655//1655 1511//1511 1630//1630
f 1683//1683 1631//1631 1516//1516
f 1684//1684 1685//1685 1686//1686
f 1687//1687 1685//1685 1684//1684
f 1633//1633 1634//1634 1532//1532
f 1686//1686 1688//1688 1689//1689
f 1652//1652 1635//1635 1542//1542
f 1635//1635 1652//1652 1580//1580
f 1632//1632 1643//1643 1639//1639
f 1690//1690 1691//1691 1692//1692
f 1692//1692 1693//1693 1694//1694
f 1695//1695 1696//1696 1690//1690
f 1697//1697 1698//1698 1695//1695
f 1645//1645 1642//1642 1554//1554
f 1699//1699 1700//1700 1701//1701
f 1702//1702 1699//1699 1703//1703
f 1704//1704 1705//1705 1706//1706
f 1697//1697 1707//1707 1698//1698
f 1707//1707 1704//1704 1708//1708
f 1709//1709 1565//1565 1564//1564
f 1648//1648 1647//1647 1646//1646
f 1646//1646 1600//1600 1599//1599
f 1670//1670 1649//1649 1648//1648
f 1650//1650 1651//1651 1710//1710
f 1710//1710 1711//1711 1653//1653
f 1636//1636 1653//1653 1711//1711
f 1712//1712 1586//1586 1588//1588
f 1694//1694 1713//1713 1714//1714
f 1657//1657 1655//1655 1654//1654
f 1715//1715 1716//1716 1717//1717
f 1718//1718 1593//1593 1594//1594
f 1719//1719 1715//1715 1720//1720
f 1721//1721 1660//1660 1601//1601
f 1659//1659 1384//1384 1661//1661
f 1721//1721 1722//1722 1660//1660
f 1723//1723 1724//1724 1725//1725
f 1726//1726 1723//1723 1727//1727
f 1728//1728 1729//1729 1724//1724
f 1729//1729 1725//1725 1724//1724
f 1730//1730 1729//1729 1728//1728
f 1722//1722 1731//1731 1732//1732
f 1664//1664 1733//1733 1663//1663
f 1734//1734 1735//1735 1736//1736
f 1737//1737 1738//1738 1734//1734
f 1739//1739 1740//1740 1737//1737
f 1741//1741 1740//1740 1739//1739
f 1742//1742 1743//1743 1741//1741
f 1744//1744 1743//1743 1742//1742
f 1745//1745 1702//1702 1703//1703
f 1703//1703 1746//1746 1747//1747
f 1748//1748 1702//1702 1745//1745
f 1669//1669 1593//1593 1749//1749
f 1750//1750 1751//1751 1564//1564
f 1669//1669 1750//1750 1564//1564
f 1752//1752 1753//1753 1754//1754
f 1755//1755 1752//1752 1754//1754
f 1756//1756 1755//1755 1757//1757
f 1758//1758 1756//1756 1759//1759
f 1760//1760 1726//1726 1727//1727
f 1754//1754 1753//1753 1760//1760
f 1761//1761 1758//1758 1759//1759
f 1762//1762 1761//1761 1763//1763
f 1435//1435 1672//1672 1680//1680
f 1675//1675 1674//1674 1681//1681
f 1764//1764 1765//1765 1766//1766
f 1682//1682 1681//1681 1674//1674
f 1765//1765 1762//1762 1763//1763
f 1668//1668 1679//1679 1682//1682
f 1700//1700 1631//1631 1683//1683
f 1685//1685 1688//1688 1686//1686
f 1689//1689 1748//1748 1745//1745
f 1688//1688 1748//1748 1689//1689
f 1693//1693 1692//1692 1691//1691
f 1691//1691 1690//1690 1696//1696
f 1696//1696 1695//1695 1698//1698
f 1708//1708 1698//1698 1707//1707
f 1701//1701 1700//1700 1767//1767
f 1699//1699 1768//1768 1703//1703
f 1769//1769 1706//1706 1705//1705
f 1706//1706 1708//1708 1704//1704
f 1770//1770 1709//1709 1564//1564
f 1771//1771 1770//1770 1564//1564
f 1772//1772 1773//1773 1774//1774
f 1705//1705 1772//1772 1769//1769
f 1774//1774 1769//1769 1772//1772
f 1775//1775 1726//1726 1760//1760
f 1711//1711 1710//1710 1651//1651
f 1713//1713 1694//1694 1693//1693
f 1776//1776 1714//1714 1713//1713
f 1714//1714 1776//1776 1777//1777
f 1683//1683 1747//1747 1778//1778
f 1656//1656 1586//1586 1779//1779
f 1780//1780 1717//1717 1716//1716
f 1781//1781 1593//1593 1718//1718
f 1717//1717 1720//1720 1715//1715
f 1720//1720 1782//1782 1719//1719
f 1732//1732 1660//1660 1722//1722
f 1723//1723 1725//1725 1727//1727
f 1753//1753 1775//1775 1760//1760
f 1783//1783 1784//1784 1777//1777
f 1785//1785 1729//1729 1730//1730
f 1786//1786 1785//1785 1730//1730
f 1733//1733 1732//1732 1731//1731
f 1731//1731 1663//1663 1733//1733
f 1736//1736 1735//1735 1787//1787
f 1738//1738 1735//1735 1734//1734
f 1740//1740 1738//1738 1737//1737
f 1743//1743 1740//1740 1741//1741
f 1766//1766 1743//1743 1744//1744
f 1746//1746 1788//1788 1747//1747
f 1789//1789 1746//1746 1703//1703
f 1790//1790 1789//1789 1703//1703
f 1791//1791 1790//1790 1703//1703
f 1749//1749 1593//1593 1792//1792
f 1793//1793 1794//1794 1795//1795
f 1795//1795 1796//1796 1797//1797
f 1751//1751 1771//1771 1564//1564
f 1757//1757 1755//1755 1754//1754
f 1759//1759 1756//1756 1757//1757
f 1763//1763 1761//1761 1759//1759
f 1766//1766 1765//1765 1763//1763
f 1798//1798 1774//1774 1773//1773
f 1799//1799 1743//1743 1766//1766
f 1744//1744 1764//1764 1766//1766
f 1778//1778 1700//1700 1683//1683
f 1800//1800 1801//1801 1802//1802
f 1803//1803 1802//1802 1801//1801
f 1804//1804 1802//1802 1803//1803
f 1727//1727 1804//1804 1803//1803
f 1805//1805 1700//1700 1806//1806
f 1767//1767 1700//1700 1805//1805
f 1807//1807 1808//1808 1809//1809
f 1810//1810 1811//1811 1812//1812
f 1813//1813 1810//1810 1814//1814
f 1815//1815 1699//1699 1701//1701
f 1767//1767 1816//1816 1701//1701
f 1701//1701 1817//1817 1815//1815
f 1809//1809 1818//1818 1819//1819
f 1768//1768 1791//1791 1703//1703
f 1820//1820 1699//1699 1821//1821
f 1768//1768 1699//1699 1820//1820
f 1822//1822 1586//1586 1712//1712
f 1823//1823 1586//1586 1822//1822
f 1783//1783 1777//1777 1776//1776
f 1725//1725 1804//1804 1727//1727
f 1824//1824 1778//1778 1747//1747
f 1825//1825 1824//1824 1747//1747
f 1779//1779 1586//1586 1823//1823
f 1716//1716 1826//1826 1780//1780
f 1827//1827 1780//1780 1826//1826
f 1792//1792 1593//1593 1781//1781
f 1828//1828 1782//1782 1829//1829
f 1829//1829 1830//1830 1793//1793
f 1828//1828 1719//1719 1782//1782
f 1831//1831 1743//1743 1799//1799
f 1830//1830 1829//1829 1782//1782
f 1832//1832 1777//1777 1784//1784
f 1784//1784 1827//1827 1832//1832
f 1787//1787 1785//1785 1786//1786
f 1735//1735 1785//1785 1787//1787
f 1833//1833 1817//1817 1747//1747
f 1788//1788 1833//1833 1747//1747
f 1834//1834 1788//1788 1746//1746
f 1835//1835 1836//1836 1837//1837
f 1838//1838 1839//1839 1840//1840
f 1841//1841 1838//1838 1842//1842
f 1843//1843 1844//1844 1845//1845
f 1836//1836 1845//1845 1846//1846
f 1820//1820 1790//1790 1791//1791
f 1820//1820 1791//1791 1768//1768
f 1847//1847 1848//1848 1849//1849
f 1849//1849 1850//1850 1843//1843
f 1794//1794 1793//1793 1830//1830
f 1796//1796 1795//1795 1794//1794
f 1851//1851 1797//1797 1796//1796
f 1797//1797 1851//1851 1852//1852
f 1773//1773 1853//1853 1798//1798
f 1854//1854 1798//1798 1853//1853
f 1855//1855 1852//1852 1851//1851
f 1852//1852 1855//1855 1853//1853
f 1856//1856 1831//1831 1799//1799
f 1857//1857 1831//1831 1856//1856
f 1858//1858 1857//1857 1856//1856
f 1806//1806 1700//1700 1859//1859
f 1805//1805 1860//1860 1767//1767
f 1861//1861 1862//1862 1863//1863
f 1819//1819 1864//1864 1861//1861
f 1811//1811 1865//1865 1866//1866
f 1701//1701 1816//1816 1817//1817
f 1815//1815 1817//1817 1833//1833
f 1808//1808 1818//1818 1809//1809
f 1815//1815 1833//1833 1867//1867
f 1868//1868 1808//1808 1807//1807
f 1869//1869 1868//1868 1807//1807
f 1866//1866 1812//1812 1811//1811
f 1812//1812 1814//1814 1810//1810
f 1814//1814 1870//1870 1813//1813
f 1867//1867 1699//1699 1815//1815
f 1767//1767 1860//1860 1816//1816
f 1818//1818 1864//1864 1819//1819
f 1842//1842 1838//1838 1840//1840
f 1871//1871 1841//1841 1842//1842
f 1821//1821 1699//1699 1872//1872
f 1873//1873 1874//1874 1875//1875
f 1847//1847 1873//1873 1848//1848
f 1876//1876 1877//1877 1878//1878
f 1879//1879 1876//1876 1880//1880
f 1881//1881 1882//1882 1883//1883
f 1862//1862 1883//1883 1863//1863
f 1859//1859 1700//1700 1778//1778
f 1860//1860 1825//1825 1747//1747
f 1816//1816 1860//1860 1747//1747
f 1817//1817 1816//1816 1747//1747
f 1826//1826 1832//1832 1827//1827
f 1867//1867 1833//1833 1788//1788
f 1884//1884 1868//1868 1869//1869
f 1885//1885 1835//1835 1886//1886
f 1887//1887 1885//1885 1888//1888
f 1889//1889 1884//1884 1869//1869
f 1890//1890 1884//1884 1889//1889
f 1834//1834 1746//1746 1872//1872
f 1846//1846 1837//1837 1836//1836
f 1837//1837 1886//1886 1835//1835
f 1821//1821 1789//1789 1790//1790
f 1891//1891 1890//1890 1889//1889
f 1839//1839 1890//1890 1891//1891
f 1840//1840 1839//1839 1891//1891
f 1821//1821 1790//1790 1820//1820
f 1892//1892 1845//1845 1844//1844
f 1844//1844 1843//1843 1850//1850
f 1892//1892 1846//1846 1845//1845
f 1850//1850 1849//1849 1848//1848
f 1854//1854 1853//1853 1855//1855
f 1863//1863 1883//1883 1882//1882
f 1893//1893 1879//1879 1894//1894
f 1859//1859 1824//1824 1806//1806
f 1806//1806 1825//1825 1805//1805
f 1893//1893 1894//1894 1895//1895
f 1895//1895 1896//1896 1865//1865
f 1805//1805 1825//1825 1860//1860
f 1864//1864 1862//1862 1861//1861
f 1897//1897 1865//1865 1896//1896
f 1897//1897 1866//1866 1865//1865
f 1898//1898 1887//1887 1899//1899
f 1900//1900 1813//1813 1870//1870
f 1867//1867 1788//1788 1834//1834
f 1901//1901 1902//1902 1903//1903
f 1904//1904 1901//1901 1905//1905
f 1870//1870 1906//1906 1900//1900
f 1872//1872 1789//1789 1821//1821
f 1907//1907 1900//1900 1906//1906
f 1872//1872 1699//1699 1834//1834
f 1908//1908 1907//1907 1909//1909
f 1874//1874 1908//1908 1910//1910
f 1877//1877 1911//1911 1912//1912
f 1911//1911 1898//1898 1913//1913
f 1910//1910 1875//1875 1874//1874
f 1875//1875 1848//1848 1873//1873
f 1912//1912 1878//1878 1877//1877
f 1878//1878 1880//1880 1876//1876
f 1880//1880 1894//1894 1879//1879
f 1824//1824 1859//1859 1778//1778
f 1806//1806 1824//1824 1825//1825
f 1886//1886 1888//1888 1885//1885
f 1888//1888 1899//1899 1887//1887
f 1899//1899 1913//1913 1898//1898
f 1872//1872 1746//1746 1789//1789
f 1834//1834 1699//1699 1867//1867
f 1914//1914 1915//1915 1916//1916
f 1916//1916 1917//1917 1918//1918
f 1919//1919 1920//1920 1921//1921
f 1922//1922 1923//1923 1919//1919
f 1921//1921 1924//1924 1914//1914
f 1925//1925 1923//1923 1922//1922
f 1896//1896 1895//1895 1894//1894
f 1926//1926 1927//1927 1928//1928
f 1902//1902 1926//1926 1929//1929
f 1903//1903 1902//1902 1929//1929
f 1905//1905 1901//1901 1903//1903
f 1918//1918 1904//1904 1905//1905
f 1915//1915 1917//1917 1916//1916
f 1906//1906 1909//1909 1907//1907
f 1909//1909 1910//1910 1908//1908
f 1913//1913 1912//1912 1911//1911
f 1923//1923 1920//1920 1919//1919
f 1928//1928 1927//1927 1930//1930
f 1931//1931 1930//1930 1932//1932
f 1924//1924 1915//1915 1914//1914
f 1917//1917 1904//1904 1918//1918
f 1920//1920 1924//1924 1921//1921
f 1927//1927 1932//1932 1930//1930
f 1929//1929 1926//1926 1928//1928
f 2909//2909 2910//2910 2911//2911
f 2912//2912 2911//2911 2910//2910
f 2913//2913 2914//2914 2915//2915
f 2916//2916 2917//2917 2918//2918
f 2919//2919 2920//2920 2921//2921
f 2922//2922 2923//2923 2924//2924
f 2914//2914 2925//2925 2915//2915
f 2926//2926 2914//2914 2913//2913
f 2927//2927 2918//2918 2917//2917
f 2921//2921 2920//2920 2928//2928
f 2929//2929 2919//2919 2921//2921
f 2930//2930 2924//2924 2923//2923
f 2931//2931 2915//2915 2925//2925
f 2932//2932 2933//2933 2934//2934
f 2935//2935 2936//2936 2937//2937
f 2938//2938 2937//2937 2936//2936
f 2939//2939 2928//2928 2920//2920
f 2940//2940 2934//2934 2933//2933
f 2941//2941 2942//2942 2943//2943
f 2944//2944 2943//2943 2942//2942
f 2437//2437 2438//2438 2439//2439
f 2440//2440 2441//2441 2442//2442
f 2438//2438 2437//2437 2443//2443
f 2444//2444 2442//2442 2441//2441
f 2445//2445 2446//2446 2447//2447
f 2448//2448 2449//2449 2450//2450
f 2451//2451 2452//2452 2453//2453
f 2454//2454 2455//2455 2456//2456
f 2446//2446 2445//2445 2457//2457
f 2458//2458 2450//2450 2449//2449
f 2452//2452 2451//2451 2459//2459
f 2460//2460 2456//2456 2455//2455
f 2461//2461 2462//2462 2463//2463
f 2464//2464 2465//2465 2466//2466
f 2462//2462 2461//2461 2467//2467
f 2468//2468 2466//2466 2465//2465
f 2469//2469 2470//2470 2471//2471
f 2472//2472 2473//2473 2474//2474
f 2475//2475 2476//2476 2477//2477
f 2478//2478 2479//2479 2480//2480
f 2470//2470 2481//2481 2482//2482
f 2483//2483 2484//2484 2473//2473
f 2485//2485 2470//2470 2469//2469
f 2486//2486 2473//2473 2484//2484
f 2474//2474 2473//2473 2486//2486
f 2476//2476 2475//2475 2487//2487
f 2488//2488 2480//2480 2479//2479
f 2481//2481 2470//2470 2485//2485
f 2489//2489 2490//2490 2491//2491
f 2492//2492 2493//2493 2494//2494
f 2495//2495 2496//2496 2497//2497
f 2498//2498 2499//2499 2500//2500
f 2501//2501 2502//2502 2503//2503
f 2504//2504 2505//2505 2506//2506
f 2507//2507 2508//2508 2509//2509
f 2510//2510 2511//2511 2512//2512
f 2513//2513 2514//2514 2515//2515
f 2516//2516 2517//2517 2518//2518
f 2519//2519 2520//2520 2521//2521
f 2522//2522 2523//2523 2524//2524
f 2525//2525 2526//2526 2527//2527
f 2528//2528 2529//2529 2530//2530
f 2531//2531 2532//2532 2533//2533
f 2534//2534 2535//2535 2536//2536
f 2537//2537 2538//2538 2539//2539
f 2540//2540 2541//2541 2542//2542
f 2543//2543 2544//2544 2545//2545
f 2546//2546 2547//2547 2548//2548
f 2549//2549 2550//2550 2551//2551
f 2552//2552 2553//2553 2554//2554
f 2555//2555 2556//2556 2557//2557
f 2558//2558 2559//2559 2560//2560
f 2561//2561 2562//2562 2563//2563
f 2564//2564 2565//2565 2566//2566
f 2567//2567 2568//2568 2569//2569
f 2570//2570 2571//2571 2572//2572
f 2562//2562 2561//2561 2573//2573
f 2574//2574 2566//2566 2565//2565
f 2575//2575 2576//2576 2577//2577
f 2578//2578 2579//2579 2580//2580
f 2490//2490 2489//2489 2581//2581
f 2582//2582 2494//2494 2493//2493
f 2583//2583 2584//2584 2585//2585
f 2586//2586 2587//2587 2588//2588
f 2496//2496 2495//2495 2589//2589
f 2590//2590 2500//2500 2499//2499
f 2502//2502 2501//2501 2591//2591
f 2592//2592 2506//2506 2505//2505
f 2568//2568 2567//2567 2593//2593
f 2594//2594 2572//2572 2571//2571
f 2508//2508 2507//2507 2595//2595
f 2596//2596 2512//2512 2511//2511
f 2597//2597 2598//2598 2599//2599
f 2600//2600 2601//2601 2602//2602
f 2514//2514 2513//2513 2603//2603
f 2604//2604 2518//2518 2517//2517
f 2520//2520 2519//2519 2605//2605
f 2606//2606 2524//2524 2523//2523
f 2598//2598 2597//2597 2607//2607
f 2608//2608 2602//2602 2601//2601
f 2609//2609 2610//2610 2611//2611
f 2612//2612 2613//2613 2614//2614
f 2615//2615 2611//2611 2610//2610
f 2526//2526 2525//2525 2616//2616
f 2617//2617 2530//2530 2529//2529
f 2538//2538 2537//2537 2618//2618
f 2619//2619 2542//2542 2541//2541
f 2532//2532 2531//2531 2620//2620
f 2621//2621 2536//2536 2535//2535
f 2544//2544 2543//2543 2622//2622
f 2623//2623 2548//2548 2547//2547
f 2576//2576 2575//2575 2624//2624
f 2625//2625 2580//2580 2579//2579
f 2550//2550 2549//2549 2626//2626
f 2627//2627 2554//2554 2553//2553
f 2556//2556 2555//2555 2628//2628
f 2629//2629 2560//2560 2559//2559
f 2584//2584 2583//2583 2630//2630
f 2631//2631 2588//2588 2587//2587
f 2613//2613 2612//2612 2632//2632
f 2633//2633 2634//2634 2635//2635
f 2636//2636 2637//2637 2638//2638
f 2634//2634 2633//2633 2639//2639
f 2640//2640 2638//2638 2637//2637
f 2641//2641 2639//2639 2633//2633
f 2638//2638 2640//2640 2642//2642
f 2643//2643 2635//2635 2634//2634
f 2637//2637 2636//2636 2644//2644
f 2635//2635 2643//2643 2645//2645
f 2646//2646 2644//2644 2636//2636
f 2639//2639 2641//2641 2647//2647
f 2648//2648 2642//2642 2640//2640
f 2649//2649 2647//2647 2641//2641
f 2642//2642 2648//2648 2650//2650
f 2651//2651 2645//2645 2643//2643
f 2644//2644 2646//2646 2652//2652
f 2647//2647 2649//2649 2653//2653
f 2654//2654 2650//2650 2648//2648
f 2655//2655 2653//2653 2649//2649
f 2650//2650 2654//2654 2656//2656
f 2645//2645 2651//2651 2657//2657
f 2658//2658 2652//2652 2646//2646
f 2653//2653 2655//2655 2659//2659
f 2660//2660 2656//2656 2654//2654
f 2661//2661 2662//2662 2663//2663
f 2664//2664 2665//2665 2666//2666
f 2666//2666 2667//2667 2668//2668
f 2669//2669 2670//2670 2661//2661
f 2671//2671 2672//2672 2673//2673
f 2674//2674 2675//2675 2676//2676
f 2677//2677 2673//2673 2678//2678
f 2679//2679 2674//2674 2680//2680
f 2681//2681 2682//2682 2683//2683
f 2684//2684 2685//2685 2686//2686
f 2687//2687 2688//2688 2684//2684
f 2683//2683 2689//2689 2690//2690
f 2691//2691 2692//2692 2693//2693
f 2694//2694 2695//2695 2696//2696
f 2697//2697 2693//2693 2698//2698
f 2699//2699 2694//2694 2700//2700
f 2701//2701 2702//2702 2692//2692
f 2695//2695 2703//2703 2704//2704
f 2705//2705 2706//2706 2702//2702
f 2703//2703 2707//2707 2708//2708
f 2709//2709 2678//2678 2710//2710
f 2711//2711 2679//2679 2712//2712
f 2713//2713 2710//2710 2714//2714
f 2715//2715 2711//2711 2716//2716
f 2651//2651 2698//2698 2657//2657
f 2658//2658 2699//2699 2652//2652
f 2655//2655 2717//2717 2659//2659
f 2660//2660 2718//2718 2656//2656
f 2717//2717 2655//2655 2672//2672
f 2675//2675 2656//2656 2718//2718
f 2719//2719 2664//2664 2706//2706
f 2707//2707 2663//2663 2720//2720
f 2667//2667 2666//2666 2665//2665
f 2662//2662 2661//2661 2670//2670
f 2665//2665 2664//2664 2721//2721
f 2722//2722 2663//2663 2662//2662
f 2664//2664 2719//2719 2721//2721
f 2722//2722 2720//2720 2663//2663
f 2723//2723 2668//2668 2667//2667
f 2670//2670 2669//2669 2724//2724
f 2668//2668 2723//2723 2725//2725
f 2726//2726 2724//2724 2669//2669
f 2672//2672 2671//2671 2717//2717
f 2718//2718 2676//2676 2675//2675
f 2673//2673 2677//2677 2671//2671
f 2676//2676 2680//2680 2674//2674
f 2678//2678 2709//2709 2677//2677
f 2680//2680 2712//2712 2679//2679
f 2685//2685 2714//2714 2686//2686
f 2681//2681 2715//2715 2682//2682
f 2685//2685 2684//2684 2688//2688
f 2689//2689 2683//2683 2682//2682
f 2725//2725 2727//2727 2687//2687
f 2690//2690 2728//2728 2726//2726
f 2688//2688 2687//2687 2727//2727
f 2728//2728 2690//2690 2689//2689
f 2692//2692 2691//2691 2701//2701
f 2704//2704 2696//2696 2695//2695
f 2693//2693 2697//2697 2691//2691
f 2696//2696 2700//2700 2694//2694
f 2698//2698 2651//2651 2697//2697
f 2700//2700 2652//2652 2699//2699
f 2702//2702 2701//2701 2705//2705
f 2708//2708 2704//2704 2703//2703
f 2706//2706 2705//2705 2719//2719
f 2720//2720 2708//2708 2707//2707
f 2710//2710 2713//2713 2709//2709
f 2712//2712 2716//2716 2711//2711
f 2714//2714 2685//2685 2713//2713
f 2716//2716 2682//2682 2715//2715
f 2727//2727 2725//2725 2723//2723
f 2724//2724 2726//2726 2728//2728
f 2729//2729 2730//2730 2731//2731
f 2732//2732 2733//2733 2734//2734
f 2735//2735 2734//2734 2736//2736
f 2733//2733 2737//2737 2738//2738
f 2738//2738 2739//2739 2740//2740
f 2741//2741 2742//2742 2743//2743
f 2744//2744 2743//2743 2745//2745
f 2746//2746 2747//2747 2748//2748
f 2749//2749 2750//2750 2729//2729
f 2751//2751 2752//2752 2749//2749
f 2730//2730 2729//2729 2750//2750
f 2753//2753 2731//2731 2730//2730
f 2731//2731 2753//2753 2754//2754
f 2754//2754 2755//2755 2756//2756
f 2757//2757 2736//2736 2758//2758
f 2733//2733 2732//2732 2759//2759
f 2734//2734 2735//2735 2732//2732
f 2737//2737 2733//2733 2759//2759
f 2736//2736 2757//2757 2735//2735
f 2739//2739 2738//2738 2737//2737
f 2760//2760 2740//2740 2739//2739
f 2761//2761 2762//2762 2742//2742
f 2762//2762 2763//2763 2751//2751
f 2742//2742 2741//2741 2761//2761
f 2743//2743 2744//2744 2741//2741
f 2762//2762 2761//2761 2764//2764
f 2763//2763 2762//2762 2764//2764
f 2747//2747 2746//2746 2765//2765
f 2766//2766 2767//2767 2768//2768
f 2748//2748 2767//2767 2746//2746
f 2767//2767 2748//2748 2768//2768
f 2745//2745 2765//2765 2744//2744
f 2765//2765 2745//2745 2747//2747
f 2740//2740 2760//2760 2769//2769
f 2769//2769 2770//2770 2771//2771
f 2750//2750 2749//2749 2752//2752
f 2752//2752 2751//2751 2763//2763
f 2755//2755 2772//2772 2756//2756
f 2755//2755 2754//2754 2753//2753
f 2773//2773 2774//2774 2772//2772
f 2758//2758 2775//2775 2757//2757
f 2767//2767 2766//2766 2776//2776
f 2776//2776 2771//2771 2770//2770
f 2771//2771 2776//2776 2766//2766
f 2770//2770 2769//2769 2760//2760
f 2772//2772 2755//2755 2773//2773
f 2774//2774 2773//2773 2775//2775
f 2775//2775 2758//2758 2774//2774
f 2777//2777 2778//2778 2779//2779
f 2779//2779 2780//2780 2781//2781
f 2782//2782 2783//2783 2784//2784
f 2781//2781 2782//2782 2784//2784
f 2785//2785 2786//2786 2783//2783
f 2787//2787 2788//2788 2786//2786
f 2789//2789 2790//2790 2788//2788
f 2791//2791 2792//2792 2777//2777
f 2793//2793 2794//2794 2791//2791
f 2795//2795 2796//2796 2797//2797
f 2798//2798 2797//2797 2799//2799
f 2800//2800 2801//2801 2802//2802
f 2803//2803 2802//2802 2804//2804
f 2805//2805 2806//2806 2807//2807
f 2808//2808 2809//2809 2810//2810
f 2810//2810 2811//2811 2812//2812
f 2812//2812 2811//2811 2813//2813
f 2813//2813 2814//2814 2815//2815
f 2815//2815 2814//2814 2816//2816
f 2817//2817 2818//2818 2819//2819
f 2817//2817 2820//2820 2818//2818
f 2783//2783 2782//2782 2785//2785
f 2821//2821 2822//2822 2823//2823
f 2824//2824 2823//2823 2825//2825
f 2778//2778 2777//2777 2792//2792
f 2780//2780 2779//2779 2778//2778
f 2792//2792 2791//2791 2794//2794
f 2782//2782 2781//2781 2780//2780
f 2788//2788 2787//2787 2789//2789
f 2786//2786 2785//2785 2787//2787
f 2826//2826 2827//2827 2790//2790
f 2790//2790 2789//2789 2826//2826
f 2828//2828 2829//2829 2801//2801
f 2829//2829 2806//2806 2805//2805
f 2794//2794 2793//2793 2830//2830
f 2830//2830 2831//2831 2832//2832
f 2796//2796 2795//2795 2833//2833
f 2797//2797 2798//2798 2795//2795
f 2834//2834 2799//2799 2835//2835
f 2799//2799 2834//2834 2798//2798
f 2800//2800 2828//2828 2801//2801
f 2800//2800 2802//2802 2803//2803
f 2803//2803 2804//2804 2820//2820
f 2829//2829 2828//2828 2806//2806
f 2807//2807 2806//2806 2836//2836
f 2831//2831 2837//2837 2832//2832
f 2807//2807 2836//2836 2838//2838
f 2839//2839 2840//2840 2841//2841
f 2841//2841 2840//2840 2808//2808
f 2808//2808 2840//2840 2809//2809
f 2810//2810 2809//2809 2811//2811
f 2813//2813 2811//2811 2814//2814
f 2816//2816 2814//2814 2824//2824
f 2842//2842 2843//2843 2844//2844
f 2845//2845 2846//2846 2842//2842
f 2847//2847 2848//2848 2827//2827
f 2849//2849 2850//2850 2845//2845
f 2851//2851 2852//2852 2849//2849
f 2817//2817 2819//2819 2853//2853
f 2853//2853 2819//2819 2854//2854
f 2853//2853 2854//2854 2855//2855
f 2855//2855 2854//2854 2856//2856
f 2855//2855 2856//2856 2857//2857
f 2855//2855 2857//2857 2821//2821
f 2803//2803 2820//2820 2817//2817
f 2821//2821 2857//2857 2822//2822
f 2821//2821 2823//2823 2824//2824
f 2858//2858 2848//2848 2859//2859
f 2824//2824 2825//2825 2816//2816
f 2860//2860 2861//2861 2862//2862
f 2861//2861 2860//2860 2863//2863
f 2862//2862 2861//2861 2864//2864
f 2862//2862 2864//2864 2800//2800
f 2827//2827 2826//2826 2847//2847
f 2831//2831 2830//2830 2793//2793
f 2800//2800 2864//2864 2828//2828
f 2833//2833 2865//2865 2796//2796
f 2866//2866 2814//2814 2867//2867
f 2844//2844 2834//2834 2835//2835
f 2834//2834 2844//2844 2843//2843
f 2837//2837 2831//2831 2868//2868
f 2868//2868 2869//2869 2837//2837
f 2838//2838 2836//2836 2839//2839
f 2839//2839 2836//2836 2840//2840
f 2824//2824 2814//2814 2866//2866
f 2866//2866 2867//2867 2870//2870
f 2846//2846 2845//2845 2850//2850
f 2843//2843 2842//2842 2846//2846
f 2850//2850 2849//2849 2852//2852
f 2848//2848 2847//2847 2859//2859
f 2852//2852 2851//2851 2858//2858
f 2848//2848 2858//2858 2851//2851
f 2870//2870 2867//2867 2871//2871
f 2870//2870 2871//2871 2872//2872
f 2869//2869 2868//2868 2865//2865
f 2865//2865 2833//2833 2869//2869
