# Created by Open3D 
# object name: d3a3d52234e722825208aab875b932bc
# number of vertices: 5556
# number of triangles: 6928
v -0.00992675 0.0731598 0.0809143
vn -0.00738849 0.00558909 -0.00376462
v -0.0173568 0.0764833 0.0807847
vn -0.00809318 0.00573213 -0.00128184
v -0.0125941 0.0735178 0.0842109
vn -0.00730096 0.00573213 -0.00372003
v -0.0152352 0.0764643 0.077096
vn -0.0081902 0.00558909 -0.00129719
v -0.0125941 0.0735178 0.0842109
vn 0.00730096 -0.00573213 0.00372003
v -0.0173568 0.0764833 0.0807847
vn 0.00809318 -0.00573213 0.00128184
v -0.00992675 0.0731598 0.0809143
vn 0.00738849 -0.00558909 0.00376462
v -0.0152352 0.0764643 0.077096
vn 0.0081902 -0.00558909 0.00129719
v -0.0194994 0.0764326 0.0844613
vn -0.00799372 0.00587345 -0.00126608
v -0.0125941 0.0735178 0.0842109
vn -0.00730096 0.00573213 -0.00372003
v -0.0173568 0.0764833 0.0807847
vn -0.00809318 0.00573213 -0.00128184
v -0.0173568 0.0764833 0.0807847
vn 0.00809318 -0.00573213 0.00128184
v -0.0125941 0.0735178 0.0842109
vn 0.00730096 -0.00573213 0.00372003
v -0.0194994 0.0764326 0.0844613
vn 0.00799372 -0.00587345 0.00126608
v -0.00937299 0.0692511 0.0880336
vn -0.00579407 0.00573213 -0.00579407
v -0.00992675 0.0731598 0.0809143
vn -0.00738849 0.00558909 -0.00376462
v -0.0125941 0.0735178 0.0842109
vn -0.00730096 0.00573213 -0.00372003
v -0.0125941 0.0735178 0.0842109
vn 0.00730096 -0.00573213 0.00372003
v -0.00992675 0.0731598 0.0809143
vn 0.00738849 -0.00558909 0.00376462
v -0.00937299 0.0692511 0.0880336
vn 0.00579407 -0.00573213 0.00579407
v -0.00729507 0.0727395 0.0775974
vn -0.00747378 0.00544437 -0.00380808
v -0.0152352 0.0764643 0.077096
vn -0.0081902 0.00558909 -0.00129719
v -0.00992675 0.0731598 0.0809143
vn -0.00738849 0.00558909 -0.00376462
v -0.00992675 0.0731598 0.0809143
vn 0.00738849 -0.00558909 0.00376462
v -0.0152352 0.0764643 0.077096
vn 0.0081902 -0.00558909 0.00129719
v -0.00729507 0.0727395 0.0775974
vn 0.00747378 -0.00544437 0.00380808
v -0.0152352 0.0764643 0.077096
vn -0.0081902 0.00558909 -0.00129719
v -0.0231939 0.0778553 0.0780921
vn -0.00809318 0.00573213 0.00128184
v -0.0173568 0.0764833 0.0807847
vn -0.00809318 0.00573213 -0.00128184
v -0.0173568 0.0764833 0.0807847
vn 0.00809318 -0.00573213 0.00128184
v -0.0231939 0.0778553 0.0780921
vn 0.00809318 -0.00573213 -0.00128184
v -0.0152352 0.0764643 0.077096
vn 0.0081902 -0.00558909 0.00129719
v -0.0152965 0.0738158 0.0874847
vn -0.00721124 0.00587345 -0.00367431
v -0.0152965 0.0738158 0.0874847
vn 0.00721124 -0.00587345 0.00367431
v -0.0173568 0.0764833 0.0807847
vn -0.00809318 0.00573213 -0.00128184
v -0.02465 0.0776432 0.0820853
vn -0.00799372 0.00587345 0.00126608
v -0.0194994 0.0764326 0.0844613
vn -0.00799372 0.00587345 -0.00126608
v -0.0194994 0.0764326 0.0844613
vn 0.00799372 -0.00587345 0.00126608
v -0.02465 0.0776432 0.0820853
vn 0.00799372 -0.00587345 -0.00126608
v -0.0173568 0.0764833 0.0807847
vn 0.00809318 -0.00573213 0.00128184
v -0.00633554 0.0684027 0.0851763
vn -0.00586353 0.00558909 -0.00586353
v -0.00633554 0.0684027 0.0851763
vn 0.00586353 -0.00558909 0.00586353
v -0.0125941 0.0735178 0.0842109
vn -0.00730096 0.00573213 -0.00372003
v -0.0124541 0.0700506 0.0908581
vn -0.00572288 0.00587345 -0.00572288
v -0.00937299 0.0692511 0.0880336
vn -0.00579407 0.00573213 -0.00579407
v -0.00937299 0.0692511 0.0880336
vn 0.00579407 -0.00573213 0.00579407
v -0.0124541 0.0700506 0.0908581
vn 0.00572288 -0.00587345 0.00572288
v -0.0125941 0.0735178 0.0842109
vn 0.00730096 -0.00573213 0.00372003
v -0.013136 0.0763755 0.0733962
vn -0.00828475 0.00544437 -0.00131218
v -0.013136 0.0763755 0.0733962
vn 0.00828475 -0.00544437 0.00131218
v -0.00633554 0.0684027 0.0851763
vn -0.00586353 0.00558909 -0.00586353
v -0.00729507 0.0727395 0.0775974
vn -0.00747378 0.00544437 -0.00380808
v -0.00992675 0.0731598 0.0809143
vn -0.00738849 0.00558909 -0.00376462
v -0.00992675 0.0731598 0.0809143
vn 0.00738849 -0.00558909 0.00376462
v -0.00729507 0.0727395 0.0775974
vn 0.00747378 -0.00544437 0.00380808
v -0.00633554 0.0684027 0.0851763
vn 0.00586353 -0.00558909 0.00586353
v -0.0217419 0.0779936 0.0740945
vn -0.0081902 0.00558909 0.00129719
v -0.0217419 0.0779936 0.0740945
vn 0.0081902 -0.00558909 -0.00129719
v -0.0231939 0.0778553 0.0780921
vn -0.00809318 0.00573213 0.00128184
v -0.0231939 0.0778553 0.0780921
vn 0.00809318 -0.00573213 -0.00128184
v -0.0216629 0.0763122 0.0881235
vn -0.00789186 0.006013 -0.00124995
v -0.0152965 0.0738158 0.0874847
vn -0.00721124 0.00587345 -0.00367431
v -0.0194994 0.0764326 0.0844613
vn -0.00799372 0.00587345 -0.00126608
v -0.0194994 0.0764326 0.0844613
vn 0.00799372 -0.00587345 0.00126608
v -0.0152965 0.0738158 0.0874847
vn 0.00721124 -0.00587345 0.00367431
v -0.0216629 0.0763122 0.0881235
vn 0.00789186 -0.006013 0.00124995
v -0.0152965 0.0738158 0.0874847
vn -0.00721124 0.00587345 -0.00367431
v -0.0152965 0.0738158 0.0874847
vn 0.00721124 -0.00587345 0.00367431
v -0.02465 0.0776432 0.0820853
vn -0.00799372 0.00587345 0.00126608
v -0.0216629 0.0763122 0.0881235
vn -0.00789186 0.006013 -0.00124995
v -0.0194994 0.0764326 0.0844613
vn -0.00799372 0.00587345 -0.00126608
v -0.0194994 0.0764326 0.0844613
vn 0.00799372 -0.00587345 0.00126608
v -0.0216629 0.0763122 0.0881235
vn 0.00789186 -0.006013 0.00124995
v -0.02465 0.0776432 0.0820853
vn 0.00799372 -0.00587345 -0.00126608
v -0.00800743 0.0640986 0.0918805
vn -0.00372003 0.00573213 -0.00730096
v -0.00633554 0.0684027 0.0851763
vn -0.00586353 0.00558909 -0.00586353
v -0.00937299 0.0692511 0.0880336
vn -0.00579407 0.00573213 -0.00579407
v -0.00937299 0.0692511 0.0880336
vn 0.00579407 -0.00573213 0.00579407
v -0.00633554 0.0684027 0.0851763
vn 0.00586353 -0.00558909 0.00586353
v -0.00800743 0.0640986 0.0918805
vn 0.00372003 -0.00573213 0.00730096
v -0.0112493 0.0655028 0.0942533
vn -0.00367431 0.00587345 -0.00721124
v -0.00937299 0.0692511 0.0880336
vn -0.00579407 0.00573213 -0.00579407
v -0.0124541 0.0700506 0.0908581
vn -0.00572288 0.00587345 -0.00572288
v -0.0124541 0.0700506 0.0908581
vn 0.00572288 -0.00587345 0.00572288
v -0.00937299 0.0692511 0.0880336
vn 0.00579407 -0.00573213 0.00579407
v -0.0112493 0.0655028 0.0942533
vn 0.00367431 -0.00587345 0.00721124
v -0.00469876 0.0722598 0.0742586
vn -0.00755682 0.005298 -0.00385039
v -0.013136 0.0763755 0.0733962
vn -0.00828475 0.00544437 -0.00131218
v -0.00729507 0.0727395 0.0775974
vn -0.00747378 0.00544437 -0.00380808
v -0.00729507 0.0727395 0.0775974
vn 0.00747378 -0.00544437 0.00380808
v -0.013136 0.0763755 0.0733962
vn 0.00828475 -0.00544437 0.00131218
v -0.00469876 0.0722598 0.0742586
vn 0.00755682 -0.005298 0.00385039
v -0.013136 0.0763755 0.0733962
vn -0.00828475 0.00544437 -0.00131218
v -0.0217419 0.0779936 0.0740945
vn -0.0081902 0.00558909 0.00129719
v -0.0152352 0.0764643 0.077096
vn -0.0081902 0.00558909 -0.00129719
v -0.0152352 0.0764643 0.077096
vn 0.0081902 -0.00558909 0.00129719
v -0.0217419 0.0779936 0.0740945
vn 0.0081902 -0.00558909 -0.00129719
v -0.013136 0.0763755 0.0733962
vn 0.00828475 -0.00544437 0.00131218
v -0.00334379 0.0675063 0.0822863
vn -0.00593123 0.00544437 -0.00593123
v -0.00334379 0.0675063 0.0822863
vn 0.00593123 -0.00544437 0.00593123
v -0.0217419 0.0779936 0.0740945
vn -0.0081902 0.00558909 0.00129719
v -0.0295344 0.0774994 0.0763964
vn -0.00730096 0.00573213 0.00372003
v -0.0231939 0.0778553 0.0780921
vn -0.00809318 0.00573213 0.00128184
v -0.0231939 0.0778553 0.0780921
vn 0.00809318 -0.00573213 -0.00128184
v -0.0295344 0.0774994 0.0763964
vn 0.00730096 -0.00573213 -0.00372003
v -0.0217419 0.0779936 0.0740945
vn 0.0081902 -0.00558909 -0.00129719
v -0.0231939 0.0778553 0.0780921
vn -0.00809318 0.00573213 0.00128184
v -0.0302459 0.0773295 0.0805886
vn -0.00721124 0.00587345 0.00367431
v -0.02465 0.0776432 0.0820853
vn -0.00799372 0.00587345 0.00126608
v -0.02465 0.0776432 0.0820853
vn 0.00799372 -0.00587345 -0.00126608
v -0.0302459 0.0773295 0.0805886
vn 0.00721124 -0.00587345 -0.00367431
v -0.0231939 0.0778553 0.0780921
vn 0.00809318 -0.00573213 -0.00128184
v -0.018034 0.0740519 0.0907345
vn -0.00711936 0.006013 -0.00362749
v -0.018034 0.0740519 0.0907345
vn 0.00711936 -0.006013 0.00362749
v -0.0152965 0.0738158 0.0874847
vn -0.00721124 0.00587345 -0.00367431
v -0.0155784 0.0708001 0.0936481
vn -0.00564995 0.006013 -0.00564995
v -0.0124541 0.0700506 0.0908581
vn -0.00572288 0.00587345 -0.00572288
v -0.0124541 0.0700506 0.0908581
vn 0.00572288 -0.00587345 0.00572288
v -0.0155784 0.0708001 0.0936481
vn 0.00564995 -0.006013 0.00564995
v -0.0152965 0.0738158 0.0874847
vn 0.00721124 -0.00587345 0.00367431
v -0.0261111 0.0773577 0.0860715
vn -0.00789186 0.006013 0.00124995
v -0.0261111 0.0773577 0.0860715
vn 0.00789186 -0.006013 -0.00124995
v -0.00481404 0.0626602 0.0894636
vn -0.00376462 0.00558909 -0.00738849
v -0.00481404 0.0626602 0.0894636
vn 0.00376462 -0.00558909 0.00738849
v -0.00800743 0.0640986 0.0918805
vn -0.00372003 0.00573213 -0.00730096
v -0.00800743 0.0640986 0.0918805
vn 0.00372003 -0.00573213 0.00730096
v -0.0124541 0.0700506 0.0908581
vn -0.00572288 0.00587345 -0.00572288
v -0.0145381 0.0668742 0.0965792
vn -0.00362749 0.006013 -0.00711936
v -0.0112493 0.0655028 0.0942533
vn -0.00367431 0.00587345 -0.00721124
v -0.0112493 0.0655028 0.0942533
vn 0.00367431 -0.00587345 0.00721124
v -0.0145381 0.0668742 0.0965792
vn 0.00362749 -0.006013 0.00711936
v -0.0124541 0.0700506 0.0908581
vn 0.00572288 -0.00587345 0.00572288
v -0.0110581 0.0762175 0.0696851
vn -0.00837681 0.005298 -0.00132676
v -0.0110581 0.0762175 0.0696851
vn 0.00837681 -0.005298 0.00132676
v -0.00334379 0.0675063 0.0822863
vn -0.00593123 0.00544437 -0.00593123
v -0.00469876 0.0722598 0.0742586
vn -0.00755682 0.005298 -0.00385039
v -0.00729507 0.0727395 0.0775974
vn -0.00747378 0.00544437 -0.00380808
v -0.00729507 0.0727395 0.0775974
vn 0.00747378 -0.00544437 0.00380808
v -0.00469876 0.0722598 0.0742586
vn 0.00755682 -0.005298 0.00385039
v -0.00334379 0.0675063 0.0822863
vn 0.00593123 -0.00544437 0.00593123
v -0.0202946 0.078058 0.070094
vn -0.00828475 0.00544437 0.00131218
v -0.0202946 0.078058 0.070094
vn 0.00828475 -0.00544437 -0.00131218
v -0.00481404 0.0626602 0.0894636
vn -0.00376462 0.00558909 -0.00738849
v -0.00334379 0.0675063 0.0822863
vn -0.00593123 0.00544437 -0.00593123
v -0.00633554 0.0684027 0.0851763
vn -0.00586353 0.00558909 -0.00586353
v -0.00633554 0.0684027 0.0851763
vn 0.00586353 -0.00558909 0.00586353
v -0.00334379 0.0675063 0.0822863
vn 0.00593123 -0.00544437 0.00593123
v -0.00481404 0.0626602 0.0894636
vn 0.00376462 -0.00558909 0.00738849
v -0.0288092 0.0775978 0.0722039
vn -0.00738849 0.00558909 0.00376462
v -0.0288092 0.0775978 0.0722039
vn 0.00738849 -0.00558909 -0.00376462
v -0.0295344 0.0774994 0.0763964
vn -0.00730096 0.00573213 0.00372003
v -0.0295344 0.0774994 0.0763964
vn 0.00730096 -0.00573213 -0.00372003
v -0.0309435 0.0770861 0.0847794
vn -0.00711936 0.006013 0.00362749
v -0.02465 0.0776432 0.0820853
vn -0.00799372 0.00587345 0.00126608
v -0.0302459 0.0773295 0.0805886
vn -0.00721124 0.00587345 0.00367431
v -0.0302459 0.0773295 0.0805886
vn 0.00721124 -0.00587345 -0.00367431
v -0.02465 0.0776432 0.0820853
vn 0.00799372 -0.00587345 -0.00126608
v -0.0309435 0.0770861 0.0847794
vn 0.00711936 -0.006013 -0.00362749
v -0.0238466 0.0761217 0.0917715
vn -0.00778763 0.00615073 -0.00123344
v -0.018034 0.0740519 0.0907345
vn -0.00711936 0.006013 -0.00362749
v -0.0216629 0.0763122 0.0881235
vn -0.00789186 0.006013 -0.00124995
v -0.0216629 0.0763122 0.0881235
vn 0.00789186 -0.006013 0.00124995
v -0.018034 0.0740519 0.0907345
vn 0.00711936 -0.006013 0.00362749
v -0.0238466 0.0761217 0.0917715
vn 0.00778763 -0.00615073 0.00123344
v -0.018034 0.0740519 0.0907345
vn -0.00711936 0.006013 -0.00362749
v -0.018034 0.0740519 0.0907345
vn 0.00711936 -0.006013 0.00362749
v -0.0155784 0.0708001 0.0936481
vn -0.00564995 0.006013 -0.00564995
v -0.0155784 0.0708001 0.0936481
vn 0.00564995 -0.006013 0.00564995
v -0.0261111 0.0773577 0.0860715
vn -0.00789186 0.006013 0.00124995
v -0.0261111 0.0773577 0.0860715
vn 0.00789186 -0.006013 -0.00124995
v -0.0261111 0.0773577 0.0860715
vn -0.00789186 0.006013 0.00124995
v -0.0238466 0.0761217 0.0917715
vn -0.00778763 0.00615073 -0.00123344
v -0.0216629 0.0763122 0.0881235
vn -0.00789186 0.006013 -0.00124995
v -0.0216629 0.0763122 0.0881235
vn 0.00789186 -0.006013 0.00124995
v -0.0238466 0.0761217 0.0917715
vn 0.00778763 -0.00615073 0.00123344
v -0.0261111 0.0773577 0.0860715
vn 0.00789186 -0.006013 -0.00124995
v -0.0086321 0.0585662 0.0953737
vn -0.00128184 0.00573213 -0.00809318
v -0.00481404 0.0626602 0.0894636
vn -0.00376462 0.00558909 -0.00738849
v -0.00800743 0.0640986 0.0918805
vn -0.00372003 0.00573213 -0.00730096
v -0.00800743 0.0640986 0.0918805
vn 0.00372003 -0.00573213 0.00730096
v -0.00481404 0.0626602 0.0894636
vn 0.00376462 -0.00558909 0.00738849
v -0.0086321 0.0585662 0.0953737
vn 0.00128184 -0.00573213 0.00809318
v -0.0118003 0.0606218 0.0973353
vn -0.00126608 0.00587345 -0.00799372
v -0.00800743 0.0640986 0.0918805
vn -0.00372003 0.00573213 -0.00730096
v -0.0112493 0.0655028 0.0942533
vn -0.00367431 0.00587345 -0.00721124
v -0.0112493 0.0655028 0.0942533
vn 0.00367431 -0.00587345 0.00721124
v -0.00800743 0.0640986 0.0918805
vn 0.00372003 -0.00573213 0.00730096
v -0.0118003 0.0606218 0.0973353
vn 0.00126608 -0.00587345 0.00799372
v -0.0150144 0.0626571 0.0992419
vn -0.00124995 0.006013 -0.00789186
v -0.0112493 0.0655028 0.0942533
vn -0.00367431 0.00587345 -0.00721124
v -0.0145381 0.0668742 0.0965792
vn -0.00362749 0.006013 -0.00711936
v -0.0145381 0.0668742 0.0965792
vn 0.00362749 -0.006013 0.00711936
v -0.0112493 0.0655028 0.0942533
vn 0.00367431 -0.00587345 0.00721124
v -0.0150144 0.0626571 0.0992419
vn 0.00124995 -0.006013 0.00789186
v -0.00214138 0.0717184 0.0709018
vn -0.0076376 0.00515004 -0.00389155
v -0.0110581 0.0762175 0.0696851
vn -0.00837681 0.005298 -0.00132676
v -0.00469876 0.0722598 0.0742586
vn -0.00755682 0.005298 -0.00385039
v -0.00469876 0.0722598 0.0742586
vn 0.00755682 -0.005298 0.00385039
v -0.0110581 0.0762175 0.0696851
vn 0.00837681 -0.005298 0.00132676
v -0.00214138 0.0717184 0.0709018
vn 0.0076376 -0.00515004 0.00389155
v -0.0110581 0.0762175 0.0696851
vn -0.00837681 0.005298 -0.00132676
v -0.0202946 0.078058 0.070094
vn -0.00828475 0.00544437 0.00131218
v -0.013136 0.0763755 0.0733962
vn -0.00828475 0.00544437 -0.00131218
v -0.013136 0.0763755 0.0733962
vn 0.00828475 -0.00544437 0.00131218
v -0.0202946 0.078058 0.070094
vn 0.00828475 -0.00544437 -0.00131218
v -0.0110581 0.0762175 0.0696851
vn 0.00837681 -0.005298 0.00132676
v -0.000398114 0.066561 0.0793638
vn -0.00599714 0.005298 -0.00599714
v -0.000398114 0.066561 0.0793638
vn 0.00599714 -0.005298 0.00599714
v -0.0202946 0.078058 0.070094
vn -0.00828475 0.00544437 0.00131218
v -0.0288092 0.0775978 0.0722039
vn -0.00738849 0.00558909 0.00376462
v -0.0217419 0.0779936 0.0740945
vn -0.0081902 0.00558909 0.00129719
v -0.0217419 0.0779936 0.0740945
vn 0.0081902 -0.00558909 -0.00129719
v -0.0288092 0.0775978 0.0722039
vn 0.00738849 -0.00558909 -0.00376462
v -0.0202946 0.078058 0.070094
vn 0.00828475 -0.00544437 -0.00131218
v -0.0016694 0.0611882 0.0870034
vn -0.00380808 0.00544437 -0.00747378
v -0.0016694 0.0611882 0.0870034
vn 0.00380808 -0.00544437 0.00747378
v -0.0288092 0.0775978 0.0722039
vn -0.00738849 0.00558909 0.00376462
v -0.0357577 0.0754525 0.0758625
vn -0.00579407 0.00573213 0.00579407
v -0.0295344 0.0774994 0.0763964
vn -0.00730096 0.00573213 0.00372003
v -0.0295344 0.0774994 0.0763964
vn 0.00730096 -0.00573213 -0.00372003
v -0.0357577 0.0754525 0.0758625
vn 0.00579407 -0.00573213 -0.00579407
v -0.0288092 0.0775978 0.0722039
vn 0.00738849 -0.00558909 -0.00376462
v -0.0295344 0.0774994 0.0763964
vn -0.00730096 0.00573213 0.00372003
v -0.0357377 0.0755231 0.0801175
vn -0.00572288 0.00587345 0.00572288
v -0.0302459 0.0773295 0.0805886
vn -0.00721124 0.00587345 0.00367431
v -0.0302459 0.0773295 0.0805886
vn 0.00721124 -0.00587345 -0.00367431
v -0.0357377 0.0755231 0.0801175
vn 0.00572288 -0.00587345 -0.00572288
v -0.0295344 0.0774994 0.0763964
vn 0.00730096 -0.00573213 -0.00372003
v -0.0302459 0.0773295 0.0805886
vn -0.00721124 0.00587345 0.00367431
v -0.0356855 0.075526 0.0843729
vn -0.00564995 0.006013 0.00564995
v -0.0309435 0.0770861 0.0847794
vn -0.00711936 0.006013 0.00362749
v -0.0309435 0.0770861 0.0847794
vn 0.00711936 -0.006013 -0.00362749
v -0.0356855 0.075526 0.0843729
vn 0.00564995 -0.006013 -0.00564995
v -0.0302459 0.0773295 0.0805886
vn 0.00721124 -0.00587345 -0.00367431
v -0.0208036 0.0742281 0.0939599
vn -0.00702532 0.00615073 -0.00357957
v -0.0208036 0.0742281 0.0939599
vn 0.00702532 -0.00615073 0.00357957
v -0.018034 0.0740519 0.0907345
vn -0.00711936 0.006013 -0.00362749
v -0.0187455 0.0715004 0.0964034
vn -0.00557532 0.00615073 -0.00557532
v -0.0155784 0.0708001 0.0936481
vn -0.00564995 0.006013 -0.00564995
v -0.0155784 0.0708001 0.0936481
vn 0.00564995 -0.006013 0.00564995
v -0.0187455 0.0715004 0.0964034
vn 0.00557532 -0.00615073 0.00557532
v -0.018034 0.0740519 0.0907345
vn 0.00711936 -0.006013 0.00362749
v -0.0155784 0.0708001 0.0936481
vn -0.00564995 0.006013 -0.00564995
v -0.017873 0.06821 0.0988602
vn -0.00357957 0.00615073 -0.00702532
v -0.0145381 0.0668742 0.0965792
vn -0.00362749 0.006013 -0.00711936
v -0.0145381 0.0668742 0.0965792
vn 0.00362749 -0.006013 0.00711936
v -0.017873 0.06821 0.0988602
vn 0.00357957 -0.00615073 0.00702532
v -0.0155784 0.0708001 0.0936481
vn 0.00564995 -0.006013 0.00564995
v -0.0316262 0.0767718 0.0889675
vn -0.00702532 0.00615073 0.00357957
v -0.0261111 0.0773577 0.0860715
vn -0.00789186 0.006013 0.00124995
v -0.0309435 0.0770861 0.0847794
vn -0.00711936 0.006013 0.00362749
v -0.0309435 0.0770861 0.0847794
vn 0.00711936 -0.006013 -0.00362749
v -0.0261111 0.0773577 0.0860715
vn 0.00789186 -0.006013 -0.00124995
v -0.0316262 0.0767718 0.0889675
vn 0.00702532 -0.00615073 -0.00357957
v -0.0275755 0.0769981 0.0900514
vn -0.00778763 0.00615073 0.00123344
v -0.0275755 0.0769981 0.0900514
vn 0.00778763 -0.00615073 -0.00123344
v -0.00550943 0.0564931 0.0933579
vn -0.00129719 0.00558909 -0.0081902
v -0.00550943 0.0564931 0.0933579
vn 0.00129719 -0.00558909 0.0081902
v -0.0086321 0.0585662 0.0953737
vn -0.00128184 0.00573213 -0.00809318
v -0.0086321 0.0585662 0.0953737
vn 0.00128184 -0.00573213 0.00809318
v -0.0118003 0.0606218 0.0973353
vn -0.00126608 0.00587345 -0.00799372
v -0.0118003 0.0606218 0.0973353
vn 0.00126608 -0.00587345 0.00799372
v -0.0145381 0.0668742 0.0965792
vn -0.00362749 0.006013 -0.00711936
v -0.0182719 0.064675 0.101092
vn -0.00123344 0.00615073 -0.00778763
v -0.0150144 0.0626571 0.0992419
vn -0.00124995 0.006013 -0.00789186
v -0.0150144 0.0626571 0.0992419
vn 0.00124995 -0.006013 0.00789186
v -0.0182719 0.064675 0.101092
vn 0.00123344 -0.00615073 0.00778763
v -0.0145381 0.0668742 0.0965792
vn 0.00362749 -0.006013 0.00711936
v -0.00900385 0.0759906 0.0659656
vn -0.00846634 0.00515004 -0.00134094
v -0.00900385 0.0759906 0.0659656
vn 0.00846634 -0.00515004 0.00134094
v -0.000398114 0.066561 0.0793638
vn -0.00599714 0.005298 -0.00599714
v -0.00214138 0.0717184 0.0709018
vn -0.0076376 0.00515004 -0.00389155
v -0.00469876 0.0722598 0.0742586
vn -0.00755682 0.005298 -0.00385039
v -0.00469876 0.0722598 0.0742586
vn 0.00755682 -0.005298 0.00385039
v -0.00214138 0.0717184 0.0709018
vn 0.0076376 -0.00515004 0.00389155
v -0.000398114 0.066561 0.0793638
vn 0.00599714 -0.005298 0.00599714
v -0.0188516 0.0780493 0.06609
vn -0.00837681 0.005298 0.00132676
v -0.0188516 0.0780493 0.06609
vn 0.00837681 -0.005298 -0.00132676
v -0.0016694 0.0611882 0.0870034
vn -0.00380808 0.00544437 -0.00747378
v -0.000398114 0.066561 0.0793638
vn -0.00599714 0.005298 -0.00599714
v -0.00334379 0.0675063 0.0822863
vn -0.00593123 0.00544437 -0.00593123
v -0.00334379 0.0675063 0.0822863
vn 0.00593123 -0.00544437 0.00593123
v -0.000398114 0.066561 0.0793638
vn 0.00599714 -0.005298 0.00599714
v -0.0016694 0.0611882 0.0870034
vn 0.00380808 -0.00544437 0.00747378
v -0.0280709 0.0776226 0.0680137
vn -0.00747378 0.00544437 0.00380808
v -0.0280709 0.0776226 0.0680137
vn 0.00747378 -0.00544437 -0.00380808
v -0.00550943 0.0564931 0.0933579
vn -0.00129719 0.00558909 -0.0081902
v -0.0016694 0.0611882 0.0870034
vn -0.00380808 0.00544437 -0.00747378
v -0.00481404 0.0626602 0.0894636
vn -0.00376462 0.00558909 -0.00738849
v -0.00481404 0.0626602 0.0894636
vn 0.00376462 -0.00558909 0.00738849
v -0.0016694 0.0611882 0.0870034
vn 0.00380808 -0.00544437 0.00747378
v -0.00550943 0.0564931 0.0933579
vn 0.00129719 -0.00558909 0.0081902
v -0.0357458 0.0753151 0.0716096
vn -0.00586353 0.00558909 0.00586353
v -0.0357458 0.0753151 0.0716096
vn 0.00586353 -0.00558909 -0.00586353
v -0.0357577 0.0754525 0.0758625
vn -0.00579407 0.00573213 0.00579407
v -0.0357577 0.0754525 0.0758625
vn 0.00579407 -0.00573213 -0.00579407
v -0.0357377 0.0755231 0.0801175
vn -0.00572288 0.00587345 0.00572288
v -0.0357377 0.0755231 0.0801175
vn 0.00572288 -0.00587345 -0.00572288
v -0.0356024 0.0754623 0.0886274
vn -0.00557532 0.00615073 0.00557532
v -0.0309435 0.0770861 0.0847794
vn -0.00711936 0.006013 0.00362749
v -0.0356855 0.075526 0.0843729
vn -0.00564995 0.006013 0.00564995
v -0.0356855 0.075526 0.0843729
vn 0.00564995 -0.006013 -0.00564995
v -0.0309435 0.0770861 0.0847794
vn 0.00711936 -0.006013 -0.00362749
v -0.0356024 0.0754623 0.0886274
vn 0.00557532 -0.00615073 -0.00557532
v -0.0260493 0.0758624 0.0954039
vn -0.00768104 0.00628662 -0.00121656
v -0.0208036 0.0742281 0.0939599
vn -0.00702532 0.00615073 -0.00357957
v -0.0238466 0.0761217 0.0917715
vn -0.00778763 0.00615073 -0.00123344
v -0.0238466 0.0761217 0.0917715
vn 0.00778763 -0.00615073 0.00123344
v -0.0208036 0.0742281 0.0939599
vn 0.00702532 -0.00615073 0.00357957
v -0.0260493 0.0758624 0.0954039
vn 0.00768104 -0.00628662 0.00121656
v -0.0208036 0.0742281 0.0939599
vn -0.00702532 0.00615073 -0.00357957
v -0.0208036 0.0742281 0.0939599
vn 0.00702532 -0.00615073 0.00357957
v -0.0187455 0.0715004 0.0964034
vn -0.00557532 0.00615073 -0.00557532
v -0.0187455 0.0715004 0.0964034
vn 0.00557532 -0.00615073 0.00557532
v -0.017873 0.06821 0.0988602
vn -0.00357957 0.00615073 -0.00702532
v -0.017873 0.06821 0.0988602
vn 0.00357957 -0.00615073 0.00702532
v -0.0275755 0.0769981 0.0900514
vn -0.00778763 0.00615073 0.00123344
v -0.0275755 0.0769981 0.0900514
vn 0.00778763 -0.00615073 -0.00123344
v -0.0316262 0.0767718 0.0889675
vn -0.00702532 0.00615073 0.00357957
v -0.0316262 0.0767718 0.0889675
vn 0.00702532 -0.00615073 -0.00357957
v -0.0275755 0.0769981 0.0900514
vn -0.00778763 0.00615073 0.00123344
v -0.0260493 0.0758624 0.0954039
vn -0.00768104 0.00628662 -0.00121656
v -0.0238466 0.0761217 0.0917715
vn -0.00778763 0.00615073 -0.00123344
v -0.0238466 0.0761217 0.0917715
vn 0.00778763 -0.00615073 0.00123344
v -0.0260493 0.0758624 0.0954039
vn 0.00768104 -0.00628662 0.00121656
v -0.0275755 0.0769981 0.0900514
vn 0.00778763 -0.00615073 -0.00123344
v -0.0111859 0.0531938 0.0981725
vn 0.00128184 0.00573213 -0.00809318
v -0.00550943 0.0564931 0.0933579
vn -0.00129719 0.00558909 -0.0081902
v -0.0086321 0.0585662 0.0953737
vn -0.00128184 0.00573213 -0.00809318
v -0.0086321 0.0585662 0.0953737
vn 0.00128184 -0.00573213 0.00809318
v -0.00550943 0.0564931 0.0933579
vn 0.00129719 -0.00558909 0.0081902
v -0.0111859 0.0531938 0.0981725
vn -0.00128184 -0.00573213 0.00809318
v -0.0140538 0.0558811 0.099805
vn 0.00126608 0.00587345 -0.00799372
v -0.0086321 0.0585662 0.0953737
vn -0.00128184 0.00573213 -0.00809318
v -0.0118003 0.0606218 0.0973353
vn -0.00126608 0.00587345 -0.00799372
v -0.0118003 0.0606218 0.0973353
vn 0.00126608 -0.00587345 0.00799372
v -0.0086321 0.0585662 0.0953737
vn 0.00128184 -0.00573213 0.00809318
v -0.0140538 0.0558811 0.099805
vn -0.00126608 -0.00587345 0.00799372
v -0.0150144 0.0626571 0.0992419
vn -0.00124995 0.006013 -0.00789186
v -0.0140538 0.0558811 0.099805
vn 0.00126608 0.00587345 -0.00799372
v -0.0118003 0.0606218 0.0973353
vn -0.00126608 0.00587345 -0.00799372
v -0.0118003 0.0606218 0.0973353
vn 0.00126608 -0.00587345 0.00799372
v -0.0140538 0.0558811 0.099805
vn -0.00126608 -0.00587345 0.00799372
v -0.0150144 0.0626571 0.0992419
vn 0.00124995 -0.006013 0.00789186
v -0.0182719 0.064675 0.101092
vn -0.00123344 0.00615073 -0.00778763
v -0.0169598 0.0585644 0.101374
vn 0.00124995 0.006013 -0.00789186
v -0.0150144 0.0626571 0.0992419
vn -0.00124995 0.006013 -0.00789186
v -0.0150144 0.0626571 0.0992419
vn 0.00124995 -0.006013 0.00789186
v -0.0169598 0.0585644 0.101374
vn -0.00124995 -0.006013 0.00789186
v -0.0182719 0.064675 0.101092
vn 0.00123344 -0.00615073 0.00778763
v 0.000378961 0.071116 0.067526
vn -0.00767712 0.00507547 -0.00391169
v -0.00900385 0.0759906 0.0659656
vn -0.00846634 0.00515004 -0.00134094
v -0.00214138 0.0717184 0.0709018
vn -0.0076376 0.00515004 -0.00389155
v -0.00214138 0.0717184 0.0709018
vn 0.0076376 -0.00515004 0.00389155
v -0.00900385 0.0759906 0.0659656
vn 0.00846634 -0.00515004 0.00134094
v 0.000378961 0.071116 0.067526
vn 0.00767712 -0.00507547 0.00391169
v -0.00900385 0.0759906 0.0659656
vn -0.00846634 0.00515004 -0.00134094
v -0.0188516 0.0780493 0.06609
vn -0.00837681 0.005298 0.00132676
v -0.0110581 0.0762175 0.0696851
vn -0.00837681 0.005298 -0.00132676
v -0.0110581 0.0762175 0.0696851
vn 0.00837681 -0.005298 0.00132676
v -0.0188516 0.0780493 0.06609
vn 0.00837681 -0.005298 -0.00132676
v -0.00900385 0.0759906 0.0659656
vn 0.00846634 -0.00515004 0.00134094
v 0.00250112 0.0655695 0.076411
vn -0.00606123 0.00515004 -0.00606123
v 0.00250112 0.0655695 0.076411
vn 0.00606123 -0.00515004 0.00606123
v -0.0188516 0.0780493 0.06609
vn -0.00837681 0.005298 0.00132676
v -0.0280709 0.0776226 0.0680137
vn -0.00747378 0.00544437 0.00380808
v -0.0202946 0.078058 0.070094
vn -0.00828475 0.00544437 0.00131218
v -0.0202946 0.078058 0.070094
vn 0.00828475 -0.00544437 -0.00131218
v -0.0280709 0.0776226 0.0680137
vn 0.00747378 -0.00544437 -0.00380808
v -0.0188516 0.0780493 0.06609
vn 0.00837681 -0.005298 -0.00132676
v 0.00142522 0.059682 0.0844999
vn -0.00385039 0.005298 -0.00755682
v 0.00142522 0.059682 0.0844999
vn 0.00385039 -0.005298 0.00755682
v -0.0280709 0.0776226 0.0680137
vn -0.00747378 0.00544437 0.00380808
v -0.0357458 0.0753151 0.0716096
vn -0.00586353 0.00558909 0.00586353
v -0.0288092 0.0775978 0.0722039
vn -0.00738849 0.00558909 0.00376462
v -0.0288092 0.0775978 0.0722039
vn 0.00738849 -0.00558909 -0.00376462
v -0.0357458 0.0753151 0.0716096
vn 0.00586353 -0.00558909 -0.00586353
v -0.0280709 0.0776226 0.0680137
vn 0.00747378 -0.00544437 -0.00380808
v -0.00243563 0.0544027 0.0912879
vn -0.00131218 0.00544437 -0.00828475
v -0.00243563 0.0544027 0.0912879
vn 0.00131218 -0.00544437 0.00828475
v -0.0357458 0.0753151 0.0716096
vn -0.00586353 0.00558909 0.00586353
v -0.041254 0.0719128 0.076544
vn -0.00372003 0.00573213 0.00730096
v -0.0357577 0.0754525 0.0758625
vn -0.00579407 0.00573213 0.00579407
v -0.0357577 0.0754525 0.0758625
vn 0.00579407 -0.00573213 -0.00579407
v -0.041254 0.0719128 0.076544
vn 0.00372003 -0.00573213 -0.00730096
v -0.0357458 0.0753151 0.0716096
vn 0.00586353 -0.00558909 -0.00586353
v -0.0357577 0.0754525 0.0758625
vn -0.00579407 0.00573213 0.00579407
v -0.0405885 0.0723986 0.0807193
vn -0.00367431 0.00587345 0.00721124
v -0.0357377 0.0755231 0.0801175
vn -0.00572288 0.00587345 0.00572288
v -0.0357377 0.0755231 0.0801175
vn 0.00572288 -0.00587345 -0.00572288
v -0.0405885 0.0723986 0.0807193
vn 0.00367431 -0.00587345 -0.00721124
v -0.0357577 0.0754525 0.0758625
vn 0.00579407 -0.00573213 -0.00579407
v -0.0357377 0.0755231 0.0801175
vn -0.00572288 0.00587345 0.00572288
v -0.039874 0.0728291 0.0848919
vn -0.00362749 0.006013 0.00711936
v -0.0356855 0.075526 0.0843729
vn -0.00564995 0.006013 0.00564995
v -0.0356855 0.075526 0.0843729
vn 0.00564995 -0.006013 -0.00564995
v -0.039874 0.0728291 0.0848919
vn 0.00362749 -0.006013 -0.00711936
v -0.0357377 0.0755231 0.0801175
vn 0.00572288 -0.00587345 -0.00572288
v -0.0356855 0.075526 0.0843729
vn -0.00564995 0.006013 0.00564995
v -0.0391133 0.0732022 0.0890622
vn -0.00357957 0.00615073 0.00702532
v -0.0356024 0.0754623 0.0886274
vn -0.00557532 0.00615073 0.00557532
v -0.0356024 0.0754623 0.0886274
vn 0.00557532 -0.00615073 -0.00557532
v -0.0391133 0.0732022 0.0890622
vn 0.00357957 -0.00615073 -0.00702532
v -0.0356855 0.075526 0.0843729
vn 0.00564995 -0.006013 -0.00564995
v -0.0236061 0.0743415 0.0971613
vn -0.00692917 0.00628662 -0.00353058
v -0.0236061 0.0743415 0.0971613
vn 0.00692917 -0.00628662 0.00353058
v -0.0208036 0.0742281 0.0939599
vn -0.00702532 0.00615073 -0.00357957
v -0.021954 0.0721534 0.0991217
vn -0.00549902 0.00628662 -0.00549902
v -0.0187455 0.0715004 0.0964034
vn -0.00557532 0.00615073 -0.00557532
v -0.0187455 0.0715004 0.0964034
vn 0.00557532 -0.00615073 0.00557532
v -0.021954 0.0721534 0.0991217
vn 0.00549902 -0.00628662 0.00549902
v -0.0208036 0.0742281 0.0939599
vn 0.00702532 -0.00615073 0.00357957
v -0.0187455 0.0715004 0.0964034
vn -0.00557532 0.00615073 -0.00557532
v -0.0212536 0.0695103 0.101095
vn -0.00353058 0.00628662 -0.00692917
v -0.017873 0.06821 0.0988602
vn -0.00357957 0.00615073 -0.00702532
v -0.017873 0.06821 0.0988602
vn 0.00357957 -0.00615073 0.00702532
v -0.0212536 0.0695103 0.101095
vn 0.00353058 -0.00628662 0.00692917
v -0.0187455 0.0715004 0.0964034
vn 0.00557532 -0.00615073 0.00557532
v -0.017873 0.06821 0.0988602
vn -0.00357957 0.00615073 -0.00702532
v -0.0215737 0.0666728 0.102887
vn -0.00121656 0.00628662 -0.00768104
v -0.0182719 0.064675 0.101092
vn -0.00123344 0.00615073 -0.00778763
v -0.0182719 0.064675 0.101092
vn 0.00123344 -0.00615073 0.00778763
v -0.0215737 0.0666728 0.102887
vn 0.00121656 -0.00628662 0.00768104
v -0.017873 0.06821 0.0988602
vn 0.00357957 -0.00615073 0.00702532
v -0.0322948 0.0763836 0.0931533
vn -0.00692917 0.00628662 0.00353058
v -0.0275755 0.0769981 0.0900514
vn -0.00778763 0.00615073 0.00123344
v -0.0316262 0.0767718 0.0889675
vn -0.00702532 0.00615073 0.00357957
v -0.0316262 0.0767718 0.0889675
vn 0.00702532 -0.00615073 -0.00357957
v -0.0275755 0.0769981 0.0900514
vn 0.00778763 -0.00615073 -0.00123344
v -0.0322948 0.0763836 0.0931533
vn 0.00692917 -0.00628662 -0.00353058
v -0.0354869 0.0753341 0.0928791
vn -0.00549902 0.00628662 0.00549902
v -0.0316262 0.0767718 0.0889675
vn -0.00702532 0.00615073 0.00357957
v -0.0356024 0.0754623 0.0886274
vn -0.00557532 0.00615073 0.00557532
v -0.0356024 0.0754623 0.0886274
vn 0.00557532 -0.00615073 -0.00557532
v -0.0316262 0.0767718 0.0889675
vn 0.00702532 -0.00615073 -0.00357957
v -0.0354869 0.0753341 0.0928791
vn 0.00549902 -0.00628662 -0.00549902
v -0.0290429 0.076566 0.094023
vn -0.00768104 0.00628662 0.00121656
v -0.0290429 0.076566 0.094023
vn 0.00768104 -0.00628662 -0.00121656
v -0.0083557 0.0505053 0.0964772
vn 0.00129719 0.00558909 -0.0081902
v -0.0083557 0.0505053 0.0964772
vn -0.00129719 -0.00558909 0.0081902
v -0.0111859 0.0531938 0.0981725
vn 0.00128184 0.00573213 -0.00809318
v -0.0111859 0.0531938 0.0981725
vn -0.00128184 -0.00573213 0.00809318
v -0.0169598 0.0585644 0.101374
vn 0.00124995 0.006013 -0.00789186
v -0.0169598 0.0585644 0.101374
vn -0.00124995 -0.006013 0.00789186
v -0.0199034 0.0612427 0.10288
vn 0.00123344 0.00615073 -0.00778763
v -0.0199034 0.0612427 0.10288
vn -0.00123344 -0.00615073 0.00778763
v -0.00697333 0.0756932 0.0622374
vn -0.00851016 0.00507547 -0.00134787
v -0.00697333 0.0756932 0.0622374
vn 0.00851016 -0.00507547 0.00134787
v 0.00250112 0.0655695 0.076411
vn -0.00606123 0.00515004 -0.00606123
v 0.000378961 0.071116 0.067526
vn -0.00767712 0.00507547 -0.00391169
v -0.00214138 0.0717184 0.0709018
vn -0.0076376 0.00515004 -0.00389155
v -0.00214138 0.0717184 0.0709018
vn 0.0076376 -0.00515004 0.00389155
v 0.000378961 0.071116 0.067526
vn 0.00767712 -0.00507547 0.00391169
v 0.00250112 0.0655695 0.076411
vn 0.00606123 -0.00515004 0.00606123
v -0.0174154 0.0779676 0.0620854
vn -0.00846634 0.00515004 0.00134094
v -0.0174154 0.0779676 0.0620854
vn 0.00846634 -0.00515004 -0.00134094
v 0.00142522 0.059682 0.0844999
vn -0.00385039 0.005298 -0.00755682
v 0.00250112 0.0655695 0.076411
vn -0.00606123 0.00515004 -0.00606123
v -0.000398114 0.066561 0.0793638
vn -0.00599714 0.005298 -0.00599714
v -0.000398114 0.066561 0.0793638
vn 0.00599714 -0.005298 0.00599714
v 0.00250112 0.0655695 0.076411
vn 0.00606123 -0.00515004 0.00606123
v 0.00142522 0.059682 0.0844999
vn 0.00385039 -0.005298 0.00755682
v -0.0273172 0.077576 0.0638248
vn -0.00755682 0.005298 0.00385039
v -0.0273172 0.077576 0.0638248
vn 0.00755682 -0.005298 -0.00385039
v -0.00243563 0.0544027 0.0912879
vn -0.00131218 0.00544437 -0.00828475
v 0.00142522 0.059682 0.0844999
vn -0.00385039 0.005298 -0.00755682
v -0.0016694 0.0611882 0.0870034
vn -0.00380808 0.00544437 -0.00747378
v -0.0016694 0.0611882 0.0870034
vn 0.00380808 -0.00544437 0.00747378
v 0.00142522 0.059682 0.0844999
vn 0.00385039 -0.005298 0.00755682
v -0.00243563 0.0544027 0.0912879
vn 0.00131218 -0.00544437 0.00828475
v -0.0357023 0.0751117 0.0673595
vn -0.00593123 0.00544437 0.00593123
v -0.0357023 0.0751117 0.0673595
vn 0.00593123 -0.00544437 -0.00593123
v -0.0083557 0.0505053 0.0964772
vn 0.00129719 0.00558909 -0.0081902
v -0.00243563 0.0544027 0.0912879
vn -0.00131218 0.00544437 -0.00828475
v -0.00550943 0.0564931 0.0933579
vn -0.00129719 0.00558909 -0.0081902
v -0.00550943 0.0564931 0.0933579
vn 0.00129719 -0.00558909 0.0081902
v -0.00243563 0.0544027 0.0912879
vn 0.00131218 -0.00544437 0.00828475
v -0.0083557 0.0505053 0.0964772
vn -0.00129719 -0.00558909 0.0081902
v -0.041873 0.0713704 0.0723685
vn -0.00376462 0.00558909 0.00738849
v -0.041873 0.0713704 0.0723685
vn 0.00376462 -0.00558909 -0.00738849
v -0.041254 0.0719128 0.076544
vn -0.00372003 0.00573213 0.00730096
v -0.041254 0.0719128 0.076544
vn 0.00372003 -0.00573213 -0.00730096
v -0.0405885 0.0723986 0.0807193
vn -0.00367431 0.00587345 0.00721124
v -0.0405885 0.0723986 0.0807193
vn 0.00367431 -0.00587345 -0.00721124
v -0.039874 0.0728291 0.0848919
vn -0.00362749 0.006013 0.00711936
v -0.039874 0.0728291 0.0848919
vn 0.00362749 -0.006013 -0.00711936
v -0.0383058 0.0735182 0.093229
vn -0.00353058 0.00628662 0.00692917
v -0.0356024 0.0754623 0.0886274
vn -0.00557532 0.00615073 0.00557532
v -0.0391133 0.0732022 0.0890622
vn -0.00357957 0.00615073 0.00702532
v -0.0391133 0.0732022 0.0890622
vn 0.00357957 -0.00615073 -0.00702532
v -0.0356024 0.0754623 0.0886274
vn 0.00557532 -0.00615073 -0.00557532
v -0.0383058 0.0735182 0.093229
vn 0.00353058 -0.00628662 -0.00692917
v -0.0282691 0.0755332 0.0990181
vn -0.00762688 0.00635385 -0.00120798
v -0.0236061 0.0743415 0.0971613
vn -0.00692917 0.00628662 -0.00353058
v -0.0260493 0.0758624 0.0954039
vn -0.00768104 0.00628662 -0.00121656
v -0.0260493 0.0758624 0.0954039
vn 0.00768104 -0.00628662 0.00121656
v -0.0236061 0.0743415 0.0971613
vn 0.00692917 -0.00628662 0.00353058
v -0.0282691 0.0755332 0.0990181
vn 0.00762688 -0.00635385 0.00120798
v -0.0236061 0.0743415 0.0971613
vn -0.00692917 0.00628662 -0.00353058
v -0.0236061 0.0743415 0.0971613
vn 0.00692917 -0.00628662 0.00353058
v -0.021954 0.0721534 0.0991217
vn -0.00549902 0.00628662 -0.00549902
v -0.021954 0.0721534 0.0991217
vn 0.00549902 -0.00628662 0.00549902
v -0.0212536 0.0695103 0.101095
vn -0.00353058 0.00628662 -0.00692917
v -0.0212536 0.0695103 0.101095
vn 0.00353058 -0.00628662 0.00692917
v -0.0215737 0.0666728 0.102887
vn -0.00121656 0.00628662 -0.00768104
v -0.0199034 0.0612427 0.10288
vn 0.00123344 0.00615073 -0.00778763
v -0.0182719 0.064675 0.101092
vn -0.00123344 0.00615073 -0.00778763
v -0.0182719 0.064675 0.101092
vn 0.00123344 -0.00615073 0.00778763
v -0.0199034 0.0612427 0.10288
vn -0.00123344 -0.00615073 0.00778763
v -0.0215737 0.0666728 0.102887
vn 0.00121656 -0.00628662 0.00768104
v -0.0290429 0.076566 0.094023
vn -0.00768104 0.00628662 0.00121656
v -0.0290429 0.076566 0.094023
vn 0.00768104 -0.00628662 -0.00121656
v -0.0322948 0.0763836 0.0931533
vn -0.00692917 0.00628662 0.00353058
v -0.0322948 0.0763836 0.0931533
vn 0.00692917 -0.00628662 -0.00353058
v -0.0354869 0.0753341 0.0928791
vn -0.00549902 0.00628662 0.00549902
v -0.0354869 0.0753341 0.0928791
vn 0.00549902 -0.00628662 -0.00549902
v -0.0290429 0.076566 0.094023
vn -0.00768104 0.00628662 0.00121656
v -0.0282691 0.0755332 0.0990181
vn -0.00762688 0.00635385 -0.00120798
v -0.0260493 0.0758624 0.0954039
vn -0.00768104 0.00628662 -0.00121656
v -0.0260493 0.0758624 0.0954039
vn 0.00768104 -0.00628662 0.00121656
v -0.0282691 0.0755332 0.0990181
vn 0.00762688 -0.00635385 0.00120798
v -0.0290429 0.076566 0.094023
vn 0.00768104 -0.00628662 -0.00121656
v -0.0111859 0.0531938 0.0981725
vn 0.00128184 0.00573213 -0.00809318
v -0.0130743 0.0452828 0.0985163
vn 0.00376462 0.00558909 -0.00738849
v -0.0083557 0.0505053 0.0964772
vn 0.00129719 0.00558909 -0.0081902
v -0.0083557 0.0505053 0.0964772
vn -0.00129719 -0.00558909 0.0081902
v -0.0130743 0.0452828 0.0985163
vn -0.00376462 -0.00558909 0.00738849
v -0.0111859 0.0531938 0.0981725
vn -0.00128184 -0.00573213 0.00809318
v -0.0140538 0.0558811 0.099805
vn 0.00126608 0.00587345 -0.00799372
v -0.0154178 0.0485093 0.100002
vn 0.00372003 0.00573213 -0.00730096
v -0.0111859 0.0531938 0.0981725
vn 0.00128184 0.00573213 -0.00809318
v -0.0111859 0.0531938 0.0981725
vn -0.00128184 -0.00573213 0.00809318
v -0.0154178 0.0485093 0.100002
vn -0.00372003 -0.00573213 0.00730096
v -0.0140538 0.0558811 0.099805
vn -0.00126608 -0.00587345 0.00799372
v -0.0169598 0.0585644 0.101374
vn 0.00124995 0.006013 -0.00789186
v -0.0177879 0.0517473 0.101419
vn 0.00367431 0.00587345 -0.00721124
v -0.0140538 0.0558811 0.099805
vn 0.00126608 0.00587345 -0.00799372
v -0.0140538 0.0558811 0.099805
vn -0.00126608 -0.00587345 0.00799372
v -0.0177879 0.0517473 0.101419
vn -0.00367431 -0.00587345 0.00721124
v -0.0169598 0.0585644 0.101374
vn -0.00124995 -0.006013 0.00789186
v -0.0199034 0.0612427 0.10288
vn 0.00123344 0.00615073 -0.00778763
v -0.0201852 0.0549943 0.102768
vn 0.00362749 0.006013 -0.00711936
v -0.0169598 0.0585644 0.101374
vn 0.00124995 0.006013 -0.00789186
v -0.0169598 0.0585644 0.101374
vn -0.00124995 -0.006013 0.00789186
v -0.0201852 0.0549943 0.102768
vn -0.00362749 -0.006013 0.00711936
v -0.0199034 0.0612427 0.10288
vn -0.00123344 -0.00615073 0.00778763
v -0.00192103 0.0691727 0.0681189
vn -0 -0.01 0
v -0.00697333 0.0756932 0.0622374
vn -0 -0.01 0
v 0.000378961 0.071116 0.067526
vn -0 -0.01 0
v 0.000378961 0.071116 0.067526
vn 0 0.01 0
v -0.00697333 0.0756932 0.0622374
vn 0 0.01 0
v -0.00192103 0.0691727 0.0681189
vn 0 0.01 0
v -0.00697333 0.0756932 0.0622374
vn -0.00851016 0.00507547 -0.00134787
v -0.0174154 0.0779676 0.0620854
vn -0.00846634 0.00515004 0.00134094
v -0.00900385 0.0759906 0.0659656
vn -0.00846634 0.00515004 -0.00134094
v -0.00900385 0.0759906 0.0659656
vn 0.00846634 -0.00515004 0.00134094
v -0.0174154 0.0779676 0.0620854
vn 0.00846634 -0.00515004 -0.00134094
v -0.00697333 0.0756932 0.0622374
vn 0.00851016 -0.00507547 0.00134787
v 0.00535301 0.0645285 0.0734283
vn -0.0060926 0.00507547 -0.0060926
v 0.00535301 0.0645285 0.0734283
vn 0.0060926 -0.00507547 0.0060926
v -0.0174154 0.0779676 0.0620854
vn -0.00846634 0.00515004 0.00134094
v -0.0273172 0.077576 0.0638248
vn -0.00755682 0.005298 0.00385039
v -0.0188516 0.0780493 0.06609
vn -0.00837681 0.005298 0.00132676
v -0.0188516 0.0780493 0.06609
vn 0.00837681 -0.005298 -0.00132676
v -0.0273172 0.077576 0.0638248
vn 0.00755682 -0.005298 -0.00385039
v -0.0174154 0.0779676 0.0620854
vn 0.00846634 -0.00515004 -0.00134094
v 0.00446896 0.0581449 0.0819543
vn -0.00389155 0.00515004 -0.0076376
v 0.00446896 0.0581449 0.0819543
vn 0.00389155 -0.00515004 0.0076376
v -0.0273172 0.077576 0.0638248
vn -0.00755682 0.005298 0.00385039
v -0.0357023 0.0751117 0.0673595
vn -0.00593123 0.00544437 0.00593123
v -0.0280709 0.0776226 0.0680137
vn -0.00747378 0.00544437 0.00380808
v -0.0280709 0.0776226 0.0680137
vn 0.00747378 -0.00544437 -0.00380808
v -0.0357023 0.0751117 0.0673595
vn 0.00593123 -0.00544437 -0.00593123
v -0.0273172 0.077576 0.0638248
vn 0.00755682 -0.005298 -0.00385039
v 0.000591479 0.0522954 0.089164
vn -0.00132676 0.005298 -0.00837681
v 0.000591479 0.0522954 0.089164
vn 0.00132676 -0.005298 0.00837681
v -0.0357023 0.0751117 0.0673595
vn -0.00593123 0.00544437 0.00593123
v -0.041873 0.0713704 0.0723685
vn -0.00376462 0.00558909 0.00738849
v -0.0357458 0.0753151 0.0716096
vn -0.00586353 0.00558909 0.00586353
v -0.0357458 0.0753151 0.0716096
vn 0.00586353 -0.00558909 -0.00586353
v -0.041873 0.0713704 0.0723685
vn 0.00376462 -0.00558909 -0.00738849
v -0.0357023 0.0751117 0.0673595
vn 0.00593123 -0.00544437 -0.00593123
v -0.00556742 0.0478142 0.0947201
vn 0.00131218 0.00544437 -0.00828475
v -0.00556742 0.0478142 0.0947201
vn -0.00131218 -0.00544437 0.00828475
v -0.041873 0.0713704 0.0723685
vn -0.00376462 0.00558909 0.00738849
v -0.0454868 0.0672284 0.0783729
vn -0.00128184 0.00573213 0.00809318
v -0.041254 0.0719128 0.076544
vn -0.00372003 0.00573213 0.00730096
v -0.041254 0.0719128 0.076544
vn 0.00372003 -0.00573213 -0.00730096
v -0.0454868 0.0672284 0.0783729
vn 0.00128184 -0.00573213 -0.00809318
v -0.041873 0.0713704 0.0723685
vn 0.00376462 -0.00558909 -0.00738849
v -0.041254 0.0719128 0.076544
vn -0.00372003 0.00573213 0.00730096
v -0.0443223 0.0682656 0.0823331
vn -0.00126608 0.00587345 0.00799372
v -0.0405885 0.0723986 0.0807193
vn -0.00367431 0.00587345 0.00721124
v -0.0405885 0.0723986 0.0807193
vn 0.00367431 -0.00587345 -0.00721124
v -0.0443223 0.0682656 0.0823331
vn 0.00126608 -0.00587345 -0.00799372
v -0.041254 0.0719128 0.076544
vn 0.00372003 -0.00573213 -0.00730096
v -0.0405885 0.0723986 0.0807193
vn -0.00367431 0.00587345 0.00721124
v -0.0430997 0.0692581 0.0862864
vn -0.00124995 0.006013 0.00789186
v -0.039874 0.0728291 0.0848919
vn -0.00362749 0.006013 0.00711936
v -0.039874 0.0728291 0.0848919
vn 0.00362749 -0.006013 -0.00711936
v -0.0430997 0.0692581 0.0862864
vn 0.00124995 -0.006013 -0.00789186
v -0.0405885 0.0723986 0.0807193
vn 0.00367431 -0.00587345 -0.00721124
v -0.039874 0.0728291 0.0848919
vn -0.00362749 0.006013 0.00711936
v -0.0418175 0.0702091 0.0902308
vn -0.00123344 0.00615073 0.00778763
v -0.0391133 0.0732022 0.0890622
vn -0.00357957 0.00615073 0.00702532
v -0.0391133 0.0732022 0.0890622
vn 0.00357957 -0.00615073 -0.00702532
v -0.0418175 0.0702091 0.0902308
vn 0.00123344 -0.00615073 -0.00778763
v -0.039874 0.0728291 0.0848919
vn 0.00362749 -0.006013 -0.00711936
v -0.0391133 0.0732022 0.0890622
vn -0.00357957 0.00615073 0.00702532
v -0.0404766 0.0711157 0.094167
vn -0.00121656 0.00628662 0.00768104
v -0.0383058 0.0735182 0.093229
vn -0.00353058 0.00628662 0.00692917
v -0.0383058 0.0735182 0.093229
vn 0.00353058 -0.00628662 -0.00692917
v -0.0404766 0.0711157 0.094167
vn 0.00121656 -0.00628662 -0.00768104
v -0.0391133 0.0732022 0.0890622
vn 0.00357957 -0.00615073 -0.00702532
v -0.0264403 0.0743938 0.100334
vn -0.00688032 0.00635385 -0.00350569
v -0.0264403 0.0743938 0.100334
vn 0.00688032 -0.00635385 0.00350569
v -0.0236061 0.0743415 0.0971613
vn -0.00692917 0.00628662 -0.00353058
v -0.0252025 0.0727546 0.101803
vn -0.00546025 0.00635385 -0.00546025
v -0.021954 0.0721534 0.0991217
vn -0.00549902 0.00628662 -0.00549902
v -0.021954 0.0721534 0.0991217
vn 0.00549902 -0.00628662 0.00549902
v -0.0252025 0.0727546 0.101803
vn 0.00546025 -0.00635385 0.00546025
v -0.0236061 0.0743415 0.0971613
vn 0.00692917 -0.00628662 0.00353058
v -0.021954 0.0721534 0.0991217
vn -0.00549902 0.00628662 -0.00549902
v -0.0246774 0.0707751 0.103281
vn -0.00350569 0.00635385 -0.00688032
v -0.0212536 0.0695103 0.101095
vn -0.00353058 0.00628662 -0.00692917
v -0.0212536 0.0695103 0.101095
vn 0.00353058 -0.00628662 0.00692917
v -0.0246774 0.0707751 0.103281
vn 0.00350569 -0.00635385 0.00688032
v -0.021954 0.0721534 0.0991217
vn 0.00549902 -0.00628662 0.00549902
v -0.0212536 0.0695103 0.101095
vn -0.00353058 0.00628662 -0.00692917
v -0.0249178 0.0686493 0.104623
vn -0.00120798 0.00635385 -0.00762688
v -0.0215737 0.0666728 0.102887
vn -0.00121656 0.00628662 -0.00768104
v -0.0215737 0.0666728 0.102887
vn 0.00121656 -0.00628662 0.00768104
v -0.0249178 0.0686493 0.104623
vn 0.00120798 -0.00635385 0.00762688
v -0.0212536 0.0695103 0.101095
vn 0.00353058 -0.00628662 0.00692917
v -0.0228836 0.0639171 0.104322
vn 0.00121656 0.00628662 -0.00768104
v -0.0228836 0.0639171 0.104322
vn -0.00121656 -0.00628662 0.00768104
v -0.0329488 0.0759235 0.0973318
vn -0.00688032 0.00635385 0.00350569
v -0.0290429 0.076566 0.094023
vn -0.00768104 0.00628662 0.00121656
v -0.0322948 0.0763836 0.0931533
vn -0.00692917 0.00628662 0.00353058
v -0.0322948 0.0763836 0.0931533
vn 0.00692917 -0.00628662 -0.00353058
v -0.0290429 0.076566 0.094023
vn 0.00768104 -0.00628662 -0.00121656
v -0.0329488 0.0759235 0.0973318
vn 0.00688032 -0.00635385 -0.00350569
v -0.0353395 0.0751372 0.0971267
vn -0.00546025 0.00635385 0.00546025
v -0.0322948 0.0763836 0.0931533
vn -0.00692917 0.00628662 0.00353058
v -0.0354869 0.0753341 0.0928791
vn -0.00549902 0.00628662 0.00549902
v -0.0354869 0.0753341 0.0928791
vn 0.00549902 -0.00628662 -0.00549902
v -0.0322948 0.0763836 0.0931533
vn 0.00692917 -0.00628662 -0.00353058
v -0.0353395 0.0751372 0.0971267
vn 0.00546025 -0.00635385 -0.00546025
v -0.037451 0.0737774 0.0973886
vn -0.00350569 0.00635385 0.00688032
v -0.0354869 0.0753341 0.0928791
vn -0.00549902 0.00628662 0.00549902
v -0.0383058 0.0735182 0.093229
vn -0.00353058 0.00628662 0.00692917
v -0.0383058 0.0735182 0.093229
vn 0.00353058 -0.00628662 -0.00692917
v -0.0354869 0.0753341 0.0928791
vn 0.00549902 -0.00628662 -0.00549902
v -0.037451 0.0737774 0.0973886
vn 0.00350569 -0.00635385 -0.00688032
v -0.0305123 0.0760604 0.0979833
vn -0.00762688 0.00635385 0.00120798
v -0.0305123 0.0760604 0.0979833
vn 0.00762688 -0.00635385 -0.00120798
v -0.0154178 0.0485093 0.100002
vn 0.00372003 0.00573213 -0.00730096
v -0.0154178 0.0485093 0.100002
vn -0.00372003 -0.00573213 0.00730096
v -0.0107575 0.0420693 0.0969633
vn 0.00380808 0.00544437 -0.00747378
v -0.0083557 0.0505053 0.0964772
vn 0.00129719 0.00558909 -0.0081902
v -0.0130743 0.0452828 0.0985163
vn 0.00376462 0.00558909 -0.00738849
v -0.0130743 0.0452828 0.0985163
vn -0.00376462 -0.00558909 0.00738849
v -0.0083557 0.0505053 0.0964772
vn -0.00129719 -0.00558909 0.0081902
v -0.0107575 0.0420693 0.0969633
vn -0.00380808 -0.00544437 0.00747378
v -0.0177879 0.0517473 0.101419
vn 0.00367431 0.00587345 -0.00721124
v -0.0177879 0.0517473 0.101419
vn -0.00367431 -0.00587345 0.00721124
v -0.0201852 0.0549943 0.102768
vn 0.00362749 0.006013 -0.00711936
v -0.0201852 0.0549943 0.102768
vn -0.00362749 -0.006013 0.00711936
v -0.0226076 0.0582497 0.104049
vn 0.00357957 0.00615073 -0.00702532
v -0.0226076 0.0582497 0.104049
vn -0.00357957 -0.00615073 0.00702532
v -0.0085783 0.0733158 0.0633312
vn -0 -0.01 0
v -0.0085783 0.0733158 0.0633312
vn 0 0.01 0
v 0.00258171 0.0632075 0.0734632
vn -0 -0.01 0
v 0.00258171 0.0632075 0.0734632
vn 0 0.01 0
v -0.0159852 0.0778114 0.0580803
vn -0.00851016 0.00507547 0.00134787
v -0.0159852 0.0778114 0.0580803
vn 0.00851016 -0.00507547 -0.00134787
v 0.00446896 0.0581449 0.0819543
vn -0.00389155 0.00515004 -0.0076376
v 0.00535301 0.0645285 0.0734283
vn -0.0060926 0.00507547 -0.0060926
v 0.00250112 0.0655695 0.076411
vn -0.00606123 0.00515004 -0.00606123
v 0.00250112 0.0655695 0.076411
vn 0.00606123 -0.00515004 0.00606123
v 0.00535301 0.0645285 0.0734283
vn 0.0060926 -0.00507547 0.0060926
v 0.00446896 0.0581449 0.0819543
vn 0.00389155 -0.00515004 0.0076376
v 0.00746002 0.0565743 0.0793667
vn -0 -0.01 0
v 0.00535301 0.0645285 0.0734283
vn -0 -0.01 0
v 0.00535301 0.0645285 0.0734283
vn 0 0.01 0
v 0.00746002 0.0565743 0.0793667
vn 0 0.01 0
v -0.0265528 0.077456 0.059641
vn -0.0076376 0.00515004 0.00389155
v -0.0265528 0.077456 0.059641
vn 0.0076376 -0.00515004 -0.00389155
v 0.000591479 0.0522954 0.089164
vn -0.00132676 0.005298 -0.00837681
v 0.00446896 0.0581449 0.0819543
vn -0.00389155 0.00515004 -0.0076376
v 0.00142522 0.059682 0.0844999
vn -0.00385039 0.005298 -0.00755682
v 0.00142522 0.059682 0.0844999
vn 0.00385039 -0.005298 0.00755682
v 0.00446896 0.0581449 0.0819543
vn 0.00389155 -0.00515004 0.0076376
v 0.000591479 0.0522954 0.089164
vn 0.00132676 -0.005298 0.00837681
v -0.0356277 0.0748413 0.0631126
vn -0.00599714 0.005298 0.00599714
v -0.0356277 0.0748413 0.0631126
vn 0.00599714 -0.005298 -0.00599714
v -0.00556742 0.0478142 0.0947201
vn 0.00131218 0.00544437 -0.00828475
v 0.000591479 0.0522954 0.089164
vn -0.00132676 0.005298 -0.00837681
v -0.00243563 0.0544027 0.0912879
vn -0.00131218 0.00544437 -0.00828475
v -0.00243563 0.0544027 0.0912879
vn 0.00131218 -0.00544437 0.00828475
v 0.000591479 0.0522954 0.089164
vn 0.00132676 -0.005298 0.00837681
v -0.00556742 0.0478142 0.0947201
vn -0.00131218 -0.00544437 0.00828475
v -0.0424439 0.0707717 0.0681943
vn -0.00380808 0.00544437 0.00747378
v -0.0424439 0.0707717 0.0681943
vn 0.00380808 -0.00544437 -0.00747378
v -0.00556742 0.0478142 0.0947201
vn 0.00131218 0.00544437 -0.00828475
v -0.00556742 0.0478142 0.0947201
vn -0.00131218 -0.00544437 0.00828475
v -0.0465904 0.0661486 0.0744075
vn -0.00129719 0.00558909 0.0081902
v -0.0465904 0.0661486 0.0744075
vn 0.00129719 -0.00558909 -0.0081902
v -0.0454868 0.0672284 0.0783729
vn -0.00128184 0.00573213 0.00809318
v -0.0454868 0.0672284 0.0783729
vn 0.00128184 -0.00573213 -0.00809318
v -0.0443223 0.0682656 0.0823331
vn -0.00126608 0.00587345 0.00799372
v -0.0443223 0.0682656 0.0823331
vn 0.00126608 -0.00587345 -0.00799372
v -0.0430997 0.0692581 0.0862864
vn -0.00124995 0.006013 0.00789186
v -0.0430997 0.0692581 0.0862864
vn 0.00124995 -0.006013 -0.00789186
v -0.0418175 0.0702091 0.0902308
vn -0.00123344 0.00615073 0.00778763
v -0.0418175 0.0702091 0.0902308
vn 0.00123344 -0.00615073 -0.00778763
v -0.0390768 0.0719772 0.0980916
vn -0.00120798 0.00635385 0.00762688
v -0.0383058 0.0735182 0.093229
vn -0.00353058 0.00628662 0.00692917
v -0.0404766 0.0711157 0.094167
vn -0.00121656 0.00628662 0.00768104
v -0.0404766 0.0711157 0.094167
vn 0.00121656 -0.00628662 -0.00768104
v -0.0383058 0.0735182 0.093229
vn 0.00353058 -0.00628662 -0.00692917
v -0.0390768 0.0719772 0.0980916
vn 0.00120798 -0.00635385 -0.00762688
v -0.0282691 0.0755332 0.0990181
vn 0 0.01 0
v -0.0246774 0.0707751 0.103281
vn 0 0.01 0
v -0.0264403 0.0743938 0.100334
vn 0 0.01 0
v -0.0264403 0.0743938 0.100334
vn -0 -0.01 0
v -0.0246774 0.0707751 0.103281
vn -0 -0.01 0
v -0.0282691 0.0755332 0.0990181
vn -0 -0.01 0
v -0.0264403 0.0743938 0.100334
vn -0.00688032 0.00635385 -0.00350569
v -0.0264403 0.0743938 0.100334
vn 0.00688032 -0.00635385 0.00350569
v -0.0252025 0.0727546 0.101803
vn -0.00546025 0.00635385 -0.00546025
v -0.0252025 0.0727546 0.101803
vn 0.00546025 -0.00635385 0.00546025
v -0.0246774 0.0707751 0.103281
vn -0.00350569 0.00635385 -0.00688032
v -0.0246774 0.0707751 0.103281
vn 0.00350569 -0.00635385 0.00688032
v -0.0249178 0.0686493 0.104623
vn -0.00120798 0.00635385 -0.00762688
v -0.0228836 0.0639171 0.104322
vn 0.00121656 0.00628662 -0.00768104
v -0.0215737 0.0666728 0.102887
vn -0.00121656 0.00628662 -0.00768104
v -0.0215737 0.0666728 0.102887
vn 0.00121656 -0.00628662 0.00768104
v -0.0228836 0.0639171 0.104322
vn -0.00121656 -0.00628662 0.00768104
v -0.0249178 0.0686493 0.104623
vn 0.00120798 -0.00635385 0.00762688
v -0.0228836 0.0639171 0.104322
vn 0.00121656 0.00628662 -0.00768104
v -0.0226076 0.0582497 0.104049
vn 0.00357957 0.00615073 -0.00702532
v -0.0199034 0.0612427 0.10288
vn 0.00123344 0.00615073 -0.00778763
v -0.0199034 0.0612427 0.10288
vn -0.00123344 -0.00615073 0.00778763
v -0.0226076 0.0582497 0.104049
vn -0.00357957 -0.00615073 0.00702532
v -0.0228836 0.0639171 0.104322
vn -0.00121656 -0.00628662 0.00768104
v -0.0305123 0.0760604 0.0979833
vn -0.00762688 0.00635385 0.00120798
v -0.0305123 0.0760604 0.0979833
vn 0.00762688 -0.00635385 -0.00120798
v -0.0329488 0.0759235 0.0973318
vn -0.00688032 0.00635385 0.00350569
v -0.0329488 0.0759235 0.0973318
vn 0.00688032 -0.00635385 -0.00350569
v -0.0353395 0.0751372 0.0971267
vn -0.00546025 0.00635385 0.00546025
v -0.0353395 0.0751372 0.0971267
vn 0.00546025 -0.00635385 -0.00546025
v -0.037451 0.0737774 0.0973886
vn -0.00350569 0.00635385 0.00688032
v -0.037451 0.0737774 0.0973886
vn 0.00350569 -0.00635385 -0.00688032
v -0.0305123 0.0760604 0.0979833
vn 0 0.01 0
v -0.0291223 0.0742701 0.0995991
vn 0 0.01 0
v -0.0291223 0.0742701 0.0995991
vn -0 -0.01 0
v -0.0305123 0.0760604 0.0979833
vn -0 -0.01 0
v -0.0154178 0.0485093 0.100002
vn 0.00372003 0.00573213 -0.00730096
v -0.0192007 0.0413379 0.0992756
vn 0.00586353 0.00558909 -0.00586353
v -0.0130743 0.0452828 0.0985163
vn 0.00376462 0.00558909 -0.00738849
v -0.0130743 0.0452828 0.0985163
vn -0.00376462 -0.00558909 0.00738849
v -0.0192007 0.0413379 0.0992756
vn -0.00586353 -0.00558909 0.00586353
v -0.0154178 0.0485093 0.100002
vn -0.00372003 -0.00573213 0.00730096
v -0.0130743 0.0452828 0.0985163
vn 0.00376462 0.00558909 -0.00738849
v -0.0174986 0.0377283 0.097799
vn 0.00593123 0.00544437 -0.00593123
v -0.0107575 0.0420693 0.0969633
vn 0.00380808 0.00544437 -0.00747378
v -0.0107575 0.0420693 0.0969633
vn -0.00380808 -0.00544437 0.00747378
v -0.0174986 0.0377283 0.097799
vn -0.00593123 -0.00544437 0.00593123
v -0.0130743 0.0452828 0.0985163
vn -0.00376462 -0.00558909 0.00738849
v -0.0177879 0.0517473 0.101419
vn 0.00367431 0.00587345 -0.00721124
v -0.0209146 0.0449706 0.100682
vn 0.00579407 0.00573213 -0.00579407
v -0.0154178 0.0485093 0.100002
vn 0.00372003 0.00573213 -0.00730096
v -0.0154178 0.0485093 0.100002
vn -0.00372003 -0.00573213 0.00730096
v -0.0209146 0.0449706 0.100682
vn -0.00579407 -0.00573213 0.00579407
v -0.0177879 0.0517473 0.101419
vn -0.00367431 -0.00587345 0.00721124
v -0.0201852 0.0549943 0.102768
vn 0.00362749 0.006013 -0.00711936
v -0.0226396 0.048623 0.102021
vn 0.00572288 0.00587345 -0.00572288
v -0.0177879 0.0517473 0.101419
vn 0.00367431 0.00587345 -0.00721124
v -0.0177879 0.0517473 0.101419
vn -0.00367431 -0.00587345 0.00721124
v -0.0226396 0.048623 0.102021
vn -0.00572288 -0.00587345 0.00572288
v -0.0201852 0.0549943 0.102768
vn -0.00362749 -0.006013 0.00711936
v -0.0226076 0.0582497 0.104049
vn 0.00357957 0.00615073 -0.00702532
v -0.024374 0.0522965 0.103287
vn 0.00564995 0.006013 -0.00564995
v -0.0201852 0.0549943 0.102768
vn 0.00362749 0.006013 -0.00711936
v -0.0201852 0.0549943 0.102768
vn -0.00362749 -0.006013 0.00711936
v -0.024374 0.0522965 0.103287
vn -0.00564995 -0.006013 0.00564995
v -0.0226076 0.0582497 0.104049
vn -0.00357957 -0.00615073 0.00702532
v -0.0159852 0.0778114 0.0580803
vn -0 -0.01 0
v -0.0159852 0.0778114 0.0580803
vn 0 0.01 0
v -0.0085783 0.0733158 0.0633312
vn 0.00987688 -0 0.00156435
v 0.041296 -0.0356342 -0.100299
vn 0.00987688 -0 0.00156435
v -0.00192103 0.0691727 0.0681189
vn 0.00891007 -0 0.00453991
v -0.00192103 0.0691727 0.0681189
vn 0.00891007 -0 0.00453991
v 0.0479533 -0.0397773 -0.095511
vn 0.00891007 -0 0.00453991
v 0.00258171 0.0632075 0.0734632
vn 0.00707107 0 0.00707107
v -0.0159852 0.0778114 0.0580803
vn -0.00851016 0.00507547 0.00134787
v -0.0265528 0.077456 0.059641
vn -0.0076376 0.00515004 0.00389155
v -0.0174154 0.0779676 0.0620854
vn -0.00846634 0.00515004 0.00134094
v -0.0174154 0.0779676 0.0620854
vn 0.00846634 -0.00515004 -0.00134094
v -0.0265528 0.077456 0.059641
vn 0.0076376 -0.00515004 -0.00389155
v -0.0159852 0.0778114 0.0580803
vn 0.00851016 -0.00507547 -0.00134787
v 0.00746002 0.0565743 0.0793667
vn -0.00391169 0.00507547 -0.00767712
v 0.00746002 0.0565743 0.0793667
vn 0.00391169 -0.00507547 0.00767712
v -0.0265528 0.077456 0.059641
vn -0.0076376 0.00515004 0.00389155
v -0.0356277 0.0748413 0.0631126
vn -0.00599714 0.005298 0.00599714
v -0.0273172 0.077576 0.0638248
vn -0.00755682 0.005298 0.00385039
v -0.0273172 0.077576 0.0638248
vn 0.00755682 -0.005298 -0.00385039
v -0.0356277 0.0748413 0.0631126
vn 0.00599714 -0.005298 -0.00599714
v -0.0265528 0.077456 0.059641
vn 0.0076376 -0.00515004 -0.00389155
v 0.00356899 0.0501725 0.0869883
vn -0.00134094 0.00515004 -0.00846634
v 0.00356899 0.0501725 0.0869883
vn 0.00134094 -0.00515004 0.00846634
v -0.0356277 0.0748413 0.0631126
vn -0.00599714 0.005298 0.00599714
v -0.0424439 0.0707717 0.0681943
vn -0.00380808 0.00544437 0.00747378
v -0.0357023 0.0751117 0.0673595
vn -0.00593123 0.00544437 0.00593123
v -0.0357023 0.0751117 0.0673595
vn 0.00593123 -0.00544437 -0.00593123
v -0.0424439 0.0707717 0.0681943
vn 0.00380808 -0.00544437 -0.00747378
v -0.0356277 0.0748413 0.0631126
vn 0.00599714 -0.005298 -0.00599714
v -0.00281806 0.0451226 0.0929006
vn 0.00132676 0.005298 -0.00837681
v -0.00281806 0.0451226 0.0929006
vn -0.00132676 -0.005298 0.00837681
v -0.0424439 0.0707717 0.0681943
vn -0.00380808 0.00544437 0.00747378
v -0.0465904 0.0661486 0.0744075
vn -0.00129719 0.00558909 0.0081902
v -0.041873 0.0713704 0.0723685
vn -0.00376462 0.00558909 0.00738849
v -0.041873 0.0713704 0.0723685
vn 0.00376462 -0.00558909 -0.00738849
v -0.0465904 0.0661486 0.0744075
vn 0.00129719 -0.00558909 -0.0081902
v -0.0424439 0.0707717 0.0681943
vn 0.00380808 -0.00544437 -0.00747378
v -0.00846894 0.0388673 0.0953432
vn 0.00385039 0.005298 -0.00755682
v -0.00556742 0.0478142 0.0947201
vn 0.00131218 0.00544437 -0.00828475
v -0.0107575 0.0420693 0.0969633
vn 0.00380808 0.00544437 -0.00747378
v -0.0107575 0.0420693 0.0969633
vn -0.00380808 -0.00544437 0.00747378
v -0.00556742 0.0478142 0.0947201
vn -0.00131218 -0.00544437 0.00828475
v -0.00846894 0.0388673 0.0953432
vn -0.00385039 -0.005298 0.00755682
v -0.0465904 0.0661486 0.0744075
vn -0.00129719 0.00558909 0.0081902
v -0.0480406 0.061856 0.0811716
vn 0.00128184 0.00573213 0.00809318
v -0.0454868 0.0672284 0.0783729
vn -0.00128184 0.00573213 0.00809318
v -0.0454868 0.0672284 0.0783729
vn 0.00128184 -0.00573213 -0.00809318
v -0.0480406 0.061856 0.0811716
vn -0.00128184 -0.00573213 -0.00809318
v -0.0465904 0.0661486 0.0744075
vn 0.00129719 -0.00558909 -0.0081902
v -0.0454868 0.0672284 0.0783729
vn -0.00128184 0.00573213 0.00809318
v -0.0465758 0.0635249 0.0848028
vn 0.00126608 0.00587345 0.00799372
v -0.0443223 0.0682656 0.0823331
vn -0.00126608 0.00587345 0.00799372
v -0.0443223 0.0682656 0.0823331
vn 0.00126608 -0.00587345 -0.00799372
v -0.0465758 0.0635249 0.0848028
vn -0.00126608 -0.00587345 -0.00799372
v -0.0454868 0.0672284 0.0783729
vn 0.00128184 -0.00573213 -0.00809318
v -0.0443223 0.0682656 0.0823331
vn -0.00126608 0.00587345 0.00799372
v -0.0450451 0.0651655 0.0884184
vn 0.00124995 0.006013 0.00789186
v -0.0430997 0.0692581 0.0862864
vn -0.00124995 0.006013 0.00789186
v -0.0430997 0.0692581 0.0862864
vn 0.00124995 -0.006013 -0.00789186
v -0.0450451 0.0651655 0.0884184
vn -0.00124995 -0.006013 -0.00789186
v -0.0443223 0.0682656 0.0823331
vn 0.00126608 -0.00587345 -0.00799372
v -0.0430997 0.0692581 0.0862864
vn -0.00124995 0.006013 0.00789186
v -0.043449 0.0667768 0.0920189
vn 0.00123344 0.00615073 0.00778763
v -0.0418175 0.0702091 0.0902308
vn -0.00123344 0.00615073 0.00778763
v -0.0418175 0.0702091 0.0902308
vn 0.00123344 -0.00615073 -0.00778763
v -0.043449 0.0667768 0.0920189
vn -0.00123344 -0.00615073 -0.00778763
v -0.0430997 0.0692581 0.0862864
vn 0.00124995 -0.006013 -0.00789186
v -0.0418175 0.0702091 0.0902308
vn -0.00123344 0.00615073 0.00778763
v -0.0417865 0.06836 0.0956026
vn 0.00121656 0.00628662 0.00768104
v -0.0404766 0.0711157 0.094167
vn -0.00121656 0.00628662 0.00768104
v -0.0404766 0.0711157 0.094167
vn 0.00121656 -0.00628662 -0.00768104
v -0.0417865 0.06836 0.0956026
vn -0.00121656 -0.00628662 -0.00768104
v -0.0418175 0.0702091 0.0902308
vn 0.00123344 -0.00615073 -0.00778763
v -0.0404766 0.0711157 0.094167
vn -0.00121656 0.00628662 0.00768104
v -0.040058 0.0699129 0.099167
vn 0.00120798 0.00635385 0.00762688
v -0.0390768 0.0719772 0.0980916
vn -0.00120798 0.00635385 0.00762688
v -0.0390768 0.0719772 0.0980916
vn 0.00120798 -0.00635385 -0.00762688
v -0.040058 0.0699129 0.099167
vn -0.00120798 -0.00635385 -0.00762688
v -0.0404766 0.0711157 0.094167
vn 0.00121656 -0.00628662 -0.00768104
v -0.0249178 0.0686493 0.104623
vn 0 0.01 0
v -0.0249178 0.0686493 0.104623
vn -0 -0.01 0
v -0.0252025 0.0727546 0.101803
vn 0 0.01 0
v -0.0252025 0.0727546 0.101803
vn -0 -0.01 0
v -0.0258991 0.066585 0.105698
vn 0.00120798 0.00635385 -0.00762688
v -0.0258991 0.066585 0.105698
vn -0.00120798 -0.00635385 0.00762688
v -0.0250543 0.0615146 0.10526
vn 0.00353058 0.00628662 -0.00692917
v -0.0250543 0.0615146 0.10526
vn -0.00353058 -0.00628662 0.00692917
v -0.0329488 0.0759235 0.0973318
vn 0 0.01 0
v -0.0309117 0.0746907 0.0987736
vn 0 0.01 0
v -0.0309117 0.0746907 0.0987736
vn -0 -0.01 0
v -0.0329488 0.0759235 0.0973318
vn -0 -0.01 0
v -0.0353395 0.0751372 0.0971267
vn 0 0.01 0
v -0.0328556 0.0745806 0.0982544
vn 0 0.01 0
v -0.0328556 0.0745806 0.0982544
vn -0 -0.01 0
v -0.0353395 0.0751372 0.0971267
vn -0 -0.01 0
v -0.037451 0.0737774 0.0973886
vn 0 0.01 0
v -0.0364485 0.0728685 0.0982992
vn 0 0.01 0
v -0.0364485 0.0728685 0.0982992
vn -0 -0.01 0
v -0.037451 0.0737774 0.0973886
vn -0 -0.01 0
v -0.0390768 0.0719772 0.0980916
vn 0 0.01 0
v -0.0377456 0.0714317 0.0988606
vn 0 0.01 0
v -0.0377456 0.0714317 0.0988606
vn -0 -0.01 0
v -0.0390768 0.0719772 0.0980916
vn -0 -0.01 0
v -0.0276623 0.07336 0.10065
vn 0 0.01 0
v -0.0276623 0.07336 0.10065
vn -0 -0.01 0
v -0.0209146 0.0449706 0.100682
vn 0.00579407 0.00573213 -0.00579407
v -0.0209146 0.0449706 0.100682
vn -0.00579407 -0.00573213 0.00579407
v -0.0192007 0.0413379 0.0992756
vn 0.00586353 0.00558909 -0.00586353
v -0.0192007 0.0413379 0.0992756
vn -0.00586353 -0.00558909 0.00586353
v -0.0158084 0.0341419 0.0962525
vn 0.00599714 0.005298 -0.00599714
v -0.0107575 0.0420693 0.0969633
vn 0.00380808 0.00544437 -0.00747378
v -0.0174986 0.0377283 0.097799
vn 0.00593123 0.00544437 -0.00593123
v -0.0174986 0.0377283 0.097799
vn -0.00593123 -0.00544437 0.00593123
v -0.0107575 0.0420693 0.0969633
vn -0.00380808 -0.00544437 0.00747378
v -0.0158084 0.0341419 0.0962525
vn -0.00599714 -0.005298 0.00599714
v -0.0226396 0.048623 0.102021
vn 0.00572288 0.00587345 -0.00572288
v -0.0226396 0.048623 0.102021
vn -0.00572288 -0.00587345 0.00572288
v -0.024374 0.0522965 0.103287
vn 0.00564995 0.006013 -0.00564995
v -0.024374 0.0522965 0.103287
vn -0.00564995 -0.006013 0.00564995
v -0.0261185 0.0559895 0.104484
vn 0.00557532 0.00615073 -0.00557532
v -0.0261185 0.0559895 0.104484
vn -0.00557532 -0.00615073 0.00557532
v -0.0167368 0.0752333 0.0595677
vn -0 -0.01 0
v -0.0167368 0.0752333 0.0595677
vn 0 0.01 0
v 0.0479533 -0.0397773 -0.095511
vn 0.00891007 -0 0.00453991
v -0.0085783 0.0733158 0.0633312
vn 0.00987688 -0 0.00156435
v -0.0167368 0.0752333 0.0595677
vn 0.00987688 -0 -0.00156435
v 0.041296 -0.0356342 -0.100299
vn 0.00987688 -0 0.00156435
v 0.00449009 0.0560068 0.0788393
vn -0 -0.01 0
v 0.00449009 0.0560068 0.0788393
vn 0 0.01 0
v 0.052456 -0.0457425 -0.0901667
vn 0.00707107 0 0.00707107
v -0.0257739 0.0772629 0.0554619
vn -0.00767712 0.00507547 0.00391169
v -0.0257739 0.0772629 0.0554619
vn 0.00767712 -0.00507547 -0.00391169
v 0.00356899 0.0501725 0.0869883
vn -0.00134094 0.00515004 -0.00846634
v 0.00746002 0.0565743 0.0793667
vn -0.00391169 0.00507547 -0.00767712
v 0.00446896 0.0581449 0.0819543
vn -0.00389155 0.00515004 -0.0076376
v 0.00446896 0.0581449 0.0819543
vn 0.00389155 -0.00515004 0.0076376
v 0.00746002 0.0565743 0.0793667
vn 0.00391169 -0.00507547 0.00767712
v 0.00356899 0.0501725 0.0869883
vn 0.00134094 -0.00515004 0.00846634
v -0.0355205 0.0745059 0.0588719
vn -0.00606123 0.00515004 0.00606123
v -0.0355205 0.0745059 0.0588719
vn 0.00606123 -0.00515004 -0.00606123
v 0.000591479 0.0522954 0.089164
vn -0.00132676 0.005298 -0.00837681
v -0.000110533 0.0424317 0.0910208
vn 0.00134094 0.00515004 -0.00846634
v 0.00356899 0.0501725 0.0869883
vn -0.00134094 0.00515004 -0.00846634
v 0.00356899 0.0501725 0.0869883
vn 0.00134094 -0.00515004 0.00846634
v -0.000110533 0.0424317 0.0910208
vn -0.00134094 -0.00515004 0.00846634
v 0.000591479 0.0522954 0.089164
vn 0.00132676 -0.005298 0.00837681
v -0.0429663 0.0701156 0.0640223
vn -0.00385039 0.005298 0.00755682
v -0.0429663 0.0701156 0.0640223
vn 0.00385039 -0.005298 -0.00755682
v -0.00281806 0.0451226 0.0929006
vn 0.00132676 0.005298 -0.00837681
v -0.00281806 0.0451226 0.0929006
vn -0.00132676 -0.005298 0.00837681
v -0.00281806 0.0451226 0.0929006
vn 0.00132676 0.005298 -0.00837681
v -0.00281806 0.0451226 0.0929006
vn -0.00132676 -0.005298 0.00837681
v -0.0476344 0.065026 0.0704379
vn -0.00131218 0.00544437 0.00828475
v -0.0476344 0.065026 0.0704379
vn 0.00131218 -0.00544437 -0.00828475
v -0.00846894 0.0388673 0.0953432
vn 0.00385039 0.005298 -0.00755682
v -0.00846894 0.0388673 0.0953432
vn -0.00385039 -0.005298 0.00755682
v -0.0494366 0.0601608 0.0775268
vn 0.00129719 0.00558909 0.0081902
v -0.0494366 0.0601608 0.0775268
vn -0.00129719 -0.00558909 -0.0081902
v -0.0480406 0.061856 0.0811716
vn 0.00128184 0.00573213 0.00809318
v -0.0480406 0.061856 0.0811716
vn -0.00128184 -0.00573213 -0.00809318
v -0.0465758 0.0635249 0.0848028
vn 0.00126608 0.00587345 0.00799372
v -0.0465758 0.0635249 0.0848028
vn -0.00126608 -0.00587345 -0.00799372
v -0.0450451 0.0651655 0.0884184
vn 0.00124995 0.006013 0.00789186
v -0.0450451 0.0651655 0.0884184
vn -0.00124995 -0.006013 -0.00789186
v -0.043449 0.0667768 0.0920189
vn 0.00123344 0.00615073 0.00778763
v -0.043449 0.0667768 0.0920189
vn -0.00123344 -0.00615073 -0.00778763
v -0.0417865 0.06836 0.0956026
vn 0.00121656 0.00628662 0.00768104
v -0.0417865 0.06836 0.0956026
vn -0.00121656 -0.00628662 -0.00768104
v -0.040058 0.0699129 0.099167
vn 0 0.01 0
v -0.0387199 0.0680902 0.100788
vn 0 0.01 0
v -0.0387199 0.0680902 0.100788
vn -0 -0.01 0
v -0.040058 0.0699129 0.099167
vn -0 -0.01 0
v -0.0266747 0.0720522 0.101822
vn 0 0.01 0
v -0.0266747 0.0720522 0.101822
vn -0 -0.01 0
v -0.0264479 0.0687764 0.104072
vn 0 0.01 0
v -0.0258991 0.066585 0.105698
vn 0 0.01 0
v -0.0258991 0.066585 0.105698
vn -0 -0.01 0
v -0.0264479 0.0687764 0.104072
vn -0 -0.01 0
v -0.0258991 0.066585 0.105698
vn 0.00120798 0.00635385 -0.00762688
v -0.0250543 0.0615146 0.10526
vn 0.00353058 0.00628662 -0.00692917
v -0.0228836 0.0639171 0.104322
vn 0.00121656 0.00628662 -0.00768104
v -0.0228836 0.0639171 0.104322
vn -0.00121656 -0.00628662 0.00768104
v -0.0250543 0.0615146 0.10526
vn -0.00353058 -0.00628662 0.00692917
v -0.0258991 0.066585 0.105698
vn -0.00120798 -0.00635385 0.00762688
v -0.0250543 0.0615146 0.10526
vn 0.00353058 0.00628662 -0.00692917
v -0.0261185 0.0559895 0.104484
vn 0.00557532 0.00615073 -0.00557532
v -0.0226076 0.0582497 0.104049
vn 0.00357957 0.00615073 -0.00702532
v -0.0226076 0.0582497 0.104049
vn -0.00357957 -0.00615073 0.00702532
v -0.0261185 0.0559895 0.104484
vn -0.00557532 -0.00615073 0.00557532
v -0.0250543 0.0615146 0.10526
vn -0.00353058 -0.00628662 0.00692917
v -0.034763 0.0739533 0.0980907
vn 0 0.01 0
v -0.034763 0.0739533 0.0980907
vn -0 -0.01 0
v -0.038528 0.0697859 0.099718
vn 0 0.01 0
v -0.038528 0.0697859 0.099718
vn -0 -0.01 0
v -0.0342552 0.0797805 0.10923
vn -0.00978904 0.00133068 0.00155043
v -0.0291223 0.0742701 0.0995991
vn -0.00978904 0.00133068 -0.00155043
v -0.0309117 0.0746907 0.0987736
vn -0.00978904 0.00133068 0.00155043
v -0.0309117 0.0746907 0.0987736
vn 0.00978904 -0.00133068 -0.00155043
v -0.0291223 0.0742701 0.0995991
vn 0.00978904 -0.00133068 0.00155043
v -0.0342552 0.0797805 0.10923
vn 0.00978904 -0.00133068 -0.00155043
v -0.0329134 0.0794651 0.109849
vn -0.00978904 0.00133068 -0.00155043
v -0.0276623 0.07336 0.10065
vn -0.00883083 0.00133068 -0.00449953
v -0.0291223 0.0742701 0.0995991
vn -0.00978904 0.00133068 -0.00155043
v -0.0291223 0.0742701 0.0995991
vn 0.00978904 -0.00133068 0.00155043
v -0.0276623 0.07336 0.10065
vn 0.00883083 -0.00133068 0.00449953
v -0.0329134 0.0794651 0.109849
vn 0.00978904 -0.00133068 0.00155043
v -0.0209146 0.0449706 0.100682
vn 0.00579407 0.00573213 -0.00579407
v -0.0261381 0.0390555 0.0986808
vn 0.00738849 0.00558909 -0.00376462
v -0.0192007 0.0413379 0.0992756
vn 0.00586353 0.00558909 -0.00586353
v -0.0192007 0.0413379 0.0992756
vn -0.00586353 -0.00558909 0.00586353
v -0.0261381 0.0390555 0.0986808
vn -0.00738849 -0.00558909 0.00376462
v -0.0209146 0.0449706 0.100682
vn -0.00579407 -0.00573213 0.00579407
v -0.0192007 0.0413379 0.0992756
vn 0.00586353 0.00558909 -0.00586353
v -0.025131 0.0352176 0.0971443
vn 0.00747378 0.00544437 -0.00380808
v -0.0174986 0.0377283 0.097799
vn 0.00593123 0.00544437 -0.00593123
v -0.0174986 0.0377283 0.097799
vn -0.00593123 -0.00544437 0.00593123
v -0.025131 0.0352176 0.0971443
vn -0.00747378 -0.00544437 0.00380808
v -0.0192007 0.0413379 0.0992756
vn -0.00586353 -0.00558909 0.00586353
v -0.0174986 0.0377283 0.097799
vn 0.00593123 0.00544437 -0.00593123
v -0.0241176 0.0314077 0.0955403
vn 0.00755682 0.005298 -0.00385039
v -0.0158084 0.0341419 0.0962525
vn 0.00599714 0.005298 -0.00599714
v -0.0158084 0.0341419 0.0962525
vn -0.00599714 -0.005298 0.00599714
v -0.0241176 0.0314077 0.0955403
vn -0.00755682 -0.005298 0.00385039
v -0.0174986 0.0377283 0.097799
vn -0.00593123 -0.00544437 0.00593123
v -0.0226396 0.048623 0.102021
vn 0.00572288 0.00587345 -0.00572288
v -0.0271374 0.0429227 0.100149
vn 0.00730096 0.00573213 -0.00372003
v -0.0209146 0.0449706 0.100682
vn 0.00579407 0.00573213 -0.00579407
v -0.0209146 0.0449706 0.100682
vn -0.00579407 -0.00573213 0.00579407
v -0.0271374 0.0429227 0.100149
vn -0.00730096 -0.00573213 0.00372003
v -0.0226396 0.048623 0.102021
vn -0.00572288 -0.00587345 0.00572288
v -0.024374 0.0522965 0.103287
vn 0.00564995 0.006013 -0.00564995
v -0.0281306 0.0468165 0.10155
vn 0.00721124 0.00587345 -0.00367431
v -0.0226396 0.048623 0.102021
vn 0.00572288 0.00587345 -0.00572288
v -0.0226396 0.048623 0.102021
vn -0.00572288 -0.00587345 0.00572288
v -0.0281306 0.0468165 0.10155
vn -0.00721124 -0.00587345 0.00367431
v -0.024374 0.0522965 0.103287
vn -0.00564995 -0.006013 0.00564995
v -0.0261185 0.0559895 0.104484
vn 0.00557532 0.00615073 -0.00557532
v -0.0291169 0.0507366 0.102881
vn 0.00711936 0.006013 -0.00362749
v -0.024374 0.0522965 0.103287
vn 0.00564995 0.006013 -0.00564995
v -0.024374 0.0522965 0.103287
vn -0.00564995 -0.006013 0.00564995
v -0.0291169 0.0507366 0.102881
vn -0.00711936 -0.006013 0.00362749
v -0.0261185 0.0559895 0.104484
vn -0.00557532 -0.00615073 0.00557532
v -0.0257739 0.0772629 0.0554619
vn -0 -0.01 0
v -0.0257739 0.0772629 0.0554619
vn 0 0.01 0
v 0.0479533 -0.0397773 -0.095511
vn -0 -0.01 0
v 0.041296 -0.0356342 -0.100299
vn -0 -0.01 0
v 0.0422729 -0.0341876 -0.100964
vn -0 -0.01 0
v 0.0331375 -0.0337167 -0.104062
vn 0.00987688 -0 -0.00156435
v 0.00649587 0.0480327 0.0847601
vn -0 -0.01 0
v 0.00649587 0.0480327 0.0847601
vn 0 0.01 0
v 0.00258171 0.0632075 0.0734632
vn 0.00707107 0 0.00707107
v 0.052456 -0.0457425 -0.0901667
vn 0.00707107 0 0.00707107
v 0.00449009 0.0560068 0.0788393
vn 0.00453991 0 0.00891007
v 0.052456 -0.0457425 -0.0901667
vn -0 -0.01 0
v 0.0493527 -0.0385944 -0.095872
vn -0 -0.01 0
v -0.0257739 0.0772629 0.0554619
vn -0.00767712 0.00507547 0.00391169
v -0.0355205 0.0745059 0.0588719
vn -0.00606123 0.00515004 0.00606123
v -0.0265528 0.077456 0.059641
vn -0.0076376 0.00515004 0.00389155
v -0.0265528 0.077456 0.059641
vn 0.0076376 -0.00515004 -0.00389155
v -0.0355205 0.0745059 0.0588719
vn 0.00606123 -0.00515004 -0.00606123
v -0.0257739 0.0772629 0.0554619
vn 0.00767712 -0.00507547 -0.00391169
v 0.00649587 0.0480327 0.0847601
vn -0.00134787 0.00507547 -0.00851016
v 0.00649587 0.0480327 0.0847601
vn 0.00134787 -0.00507547 0.00851016
v -0.0355205 0.0745059 0.0588719
vn -0.00606123 0.00515004 0.00606123
v -0.0429663 0.0701156 0.0640223
vn -0.00385039 0.005298 0.00755682
v -0.0356277 0.0748413 0.0631126
vn -0.00599714 0.005298 0.00599714
v -0.0356277 0.0748413 0.0631126
vn 0.00599714 -0.005298 -0.00599714
v -0.0429663 0.0701156 0.0640223
vn 0.00385039 -0.005298 -0.00755682
v -0.0355205 0.0745059 0.0588719
vn 0.00606123 -0.00515004 -0.00606123
v -0.000110533 0.0424317 0.0910208
vn 0.00134094 0.00515004 -0.00846634
v 0.00649587 0.0480327 0.0847601
vn -0.00134787 0.00507547 -0.00851016
v 0.00356899 0.0501725 0.0869883
vn -0.00134094 0.00515004 -0.00846634
v 0.00356899 0.0501725 0.0869883
vn 0.00134094 -0.00515004 0.00846634
v 0.00649587 0.0480327 0.0847601
vn 0.00134787 -0.00507547 0.00851016
v -0.000110533 0.0424317 0.0910208
vn -0.00134094 -0.00515004 0.00846634
v -0.0429663 0.0701156 0.0640223
vn -0.00385039 0.005298 0.00755682
v -0.0476344 0.065026 0.0704379
vn -0.00131218 0.00544437 0.00828475
v -0.0424439 0.0707717 0.0681943
vn -0.00380808 0.00544437 0.00747378
v -0.0424439 0.0707717 0.0681943
vn 0.00380808 -0.00544437 -0.00747378
v -0.0476344 0.065026 0.0704379
vn 0.00131218 -0.00544437 -0.00828475
v -0.0429663 0.0701156 0.0640223
vn 0.00385039 -0.005298 -0.00755682
v -0.0062095 0.0356803 0.0936572
vn 0.00389155 0.00515004 -0.0076376
v -0.00281806 0.0451226 0.0929006
vn 0.00132676 0.005298 -0.00837681
v -0.00846894 0.0388673 0.0953432
vn 0.00385039 0.005298 -0.00755682
v -0.00846894 0.0388673 0.0953432
vn -0.00385039 -0.005298 0.00755682
v -0.00281806 0.0451226 0.0929006
vn -0.00132676 -0.005298 0.00837681
v -0.0062095 0.0356803 0.0936572
vn -0.00389155 -0.00515004 0.0076376
v -0.000110533 0.0424317 0.0910208
vn 0.00134094 0.00515004 -0.00846634
v -0.000110533 0.0424317 0.0910208
vn -0.00134094 -0.00515004 0.00846634
v -0.0476344 0.065026 0.0704379
vn -0.00131218 0.00544437 0.00828475
v -0.0494366 0.0601608 0.0775268
vn 0.00129719 0.00558909 0.0081902
v -0.0465904 0.0661486 0.0744075
vn -0.00129719 0.00558909 0.0081902
v -0.0465904 0.0661486 0.0744075
vn 0.00129719 -0.00558909 -0.0081902
v -0.0494366 0.0601608 0.0775268
vn -0.00129719 -0.00558909 -0.0081902
v -0.0476344 0.065026 0.0704379
vn 0.00131218 -0.00544437 -0.00828475
v -0.0141313 0.0305793 0.094639
vn 0.00606123 0.00515004 -0.00606123
v -0.00846894 0.0388673 0.0953432
vn 0.00385039 0.005298 -0.00755682
v -0.0158084 0.0341419 0.0962525
vn 0.00599714 0.005298 -0.00599714
v -0.0158084 0.0341419 0.0962525
vn -0.00599714 -0.005298 0.00599714
v -0.00846894 0.0388673 0.0953432
vn -0.00385039 -0.005298 0.00755682
v -0.0141313 0.0305793 0.094639
vn -0.00606123 -0.00515004 0.00606123
v -0.0501333 0.053993 0.0814212
vn 0.00376462 0.00558909 0.00738849
v -0.0480406 0.061856 0.0811716
vn 0.00128184 0.00573213 0.00809318
v -0.0494366 0.0601608 0.0775268
vn 0.00129719 0.00558909 0.0081902
v -0.0494366 0.0601608 0.0775268
vn -0.00129719 -0.00558909 -0.0081902
v -0.0480406 0.061856 0.0811716
vn -0.00128184 -0.00573213 -0.00809318
v -0.0501333 0.053993 0.0814212
vn -0.00376462 -0.00558909 -0.00738849
v -0.0486643 0.0563235 0.0846652
vn 0.00372003 0.00573213 0.00730096
v -0.0465758 0.0635249 0.0848028
vn 0.00126608 0.00587345 0.00799372
v -0.0480406 0.061856 0.0811716
vn 0.00128184 0.00573213 0.00809318
v -0.0480406 0.061856 0.0811716
vn -0.00128184 -0.00573213 -0.00809318
v -0.0465758 0.0635249 0.0848028
vn -0.00126608 -0.00587345 -0.00799372
v -0.0486643 0.0563235 0.0846652
vn -0.00372003 -0.00573213 -0.00730096
v -0.0471271 0.0586431 0.0878852
vn 0.00367431 0.00587345 0.00721124
v -0.0450451 0.0651655 0.0884184
vn 0.00124995 0.006013 0.00789186
v -0.0465758 0.0635249 0.0848028
vn 0.00126608 0.00587345 0.00799372
v -0.0465758 0.0635249 0.0848028
vn -0.00126608 -0.00587345 -0.00799372
v -0.0450451 0.0651655 0.0884184
vn -0.00124995 -0.006013 -0.00789186
v -0.0471271 0.0586431 0.0878852
vn -0.00367431 -0.00587345 -0.00721124
v -0.0455211 0.0609491 0.0910807
vn 0.00362749 0.006013 0.00711936
v -0.043449 0.0667768 0.0920189
vn 0.00123344 0.00615073 0.00778763
v -0.0450451 0.0651655 0.0884184
vn 0.00124995 0.006013 0.00789186
v -0.0450451 0.0651655 0.0884184
vn -0.00124995 -0.006013 -0.00789186
v -0.043449 0.0667768 0.0920189
vn -0.00123344 -0.00615073 -0.00778763
v -0.0455211 0.0609491 0.0910807
vn -0.00362749 -0.006013 -0.00711936
v -0.0438479 0.0632419 0.094251
vn 0.00357957 0.00615073 0.00702532
v -0.0417865 0.06836 0.0956026
vn 0.00121656 0.00628662 0.00768104
v -0.043449 0.0667768 0.0920189
vn 0.00123344 0.00615073 0.00778763
v -0.043449 0.0667768 0.0920189
vn -0.00123344 -0.00615073 -0.00778763
v -0.0417865 0.06836 0.0956026
vn -0.00121656 -0.00628662 -0.00768104
v -0.0438479 0.0632419 0.094251
vn -0.00357957 -0.00615073 -0.00702532
v -0.0421066 0.0655225 0.0973943
vn 0.00353058 0.00628662 0.00692917
v -0.040058 0.0699129 0.099167
vn 0.00120798 0.00635385 0.00762688
v -0.0417865 0.06836 0.0956026
vn 0.00121656 0.00628662 0.00768104
v -0.0417865 0.06836 0.0956026
vn -0.00121656 -0.00628662 -0.00768104
v -0.040058 0.0699129 0.099167
vn -0.00120798 -0.00635385 -0.00762688
v -0.0421066 0.0655225 0.0973943
vn -0.00353058 -0.00628662 -0.00692917
v -0.0383011 0.06651 0.101968
vn 0 0.01 0
v -0.0383011 0.06651 0.101968
vn -0 -0.01 0
v -0.0262565 0.070473 0.103001
vn 0 0.01 0
v -0.0262565 0.070473 0.103001
vn -0 -0.01 0
v -0.0272303 0.0671305 0.10493
vn 0 0.01 0
v -0.0272303 0.0671305 0.10493
vn -0 -0.01 0
v -0.0275244 0.0647857 0.106401
vn 0.00350569 0.00635385 -0.00688032
v -0.0275244 0.0647857 0.106401
vn -0.00350569 -0.00635385 0.00688032
v -0.0278742 0.0596989 0.10561
vn 0.00549902 0.00628662 -0.00549902
v -0.0278742 0.0596989 0.10561
vn -0.00549902 -0.00628662 0.00549902
v -0.0357127 0.0796988 0.10884
vn -0.00883083 0.00133068 0.00449953
v -0.0309117 0.0746907 0.0987736
vn -0.00978904 0.00133068 0.00155043
v -0.0328556 0.0745806 0.0982544
vn -0.00883083 0.00133068 0.00449953
v -0.0328556 0.0745806 0.0982544
vn 0.00883083 -0.00133068 -0.00449953
v -0.0309117 0.0746907 0.0987736
vn 0.00978904 -0.00133068 -0.00155043
v -0.0357127 0.0796988 0.10884
vn 0.00883083 -0.00133068 -0.00449953
v -0.0371437 0.0792284 0.108717
vn -0.00700818 0.00133068 0.00700818
v -0.0328556 0.0745806 0.0982544
vn -0.00883083 0.00133068 0.00449953
v -0.034763 0.0739533 0.0980907
vn -0.00700818 0.00133068 0.00700818
v -0.034763 0.0739533 0.0980907
vn 0.00700818 -0.00133068 -0.00700818
v -0.0328556 0.0745806 0.0982544
vn 0.00883083 -0.00133068 -0.00449953
v -0.0371437 0.0792284 0.108717
vn 0.00700818 -0.00133068 -0.00700818
v -0.0393804 0.0773374 0.109295
vn -0.00155043 0.00133068 0.00978904
v -0.0364485 0.0728685 0.0982992
vn -0.00449953 0.00133068 0.00883083
v -0.0377456 0.0714317 0.0988606
vn -0.00155043 0.00133068 0.00978904
v -0.0377456 0.0714317 0.0988606
vn 0.00155043 -0.00133068 -0.00978904
v -0.0364485 0.0728685 0.0982992
vn 0.00449953 -0.00133068 -0.00883083
v -0.0393804 0.0773374 0.109295
vn 0.00155043 -0.00133068 -0.00978904
v -0.0384074 0.0784143 0.108874
vn -0.00449953 0.00133068 0.00883083
v -0.034763 0.0739533 0.0980907
vn -0.00700818 0.00133068 0.00700818
v -0.0364485 0.0728685 0.0982992
vn -0.00449953 0.00133068 0.00883083
v -0.0364485 0.0728685 0.0982992
vn 0.00449953 -0.00133068 -0.00883083
v -0.034763 0.0739533 0.0980907
vn 0.00700818 -0.00133068 -0.00700818
v -0.0384074 0.0784143 0.108874
vn 0.00449953 -0.00133068 -0.00883083
v -0.0399673 0.0761026 0.109938
vn 0.00155043 0.00133068 0.00978904
v -0.0377456 0.0714317 0.0988606
vn -0.00155043 0.00133068 0.00978904
v -0.038528 0.0697859 0.099718
vn 0.00155043 0.00133068 0.00978904
v -0.038528 0.0697859 0.099718
vn -0.00155043 -0.00133068 -0.00978904
v -0.0377456 0.0714317 0.0988606
vn 0.00155043 -0.00133068 -0.00978904
v -0.0399673 0.0761026 0.109938
vn -0.00155043 -0.00133068 -0.00978904
v -0.0329134 0.0794651 0.109849
vn -0.00978904 0.00133068 -0.00155043
v -0.0329134 0.0794651 0.109849
vn 0.00978904 -0.00133068 0.00155043
v -0.0342552 0.0797805 0.10923
vn -0.00978904 0.00133068 0.00155043
v -0.0342552 0.0797805 0.10923
vn 0.00978904 -0.00133068 -0.00155043
v -0.0318178 0.0787833 0.110637
vn -0.00883083 0.00133068 -0.00449953
v -0.0318178 0.0787833 0.110637
vn 0.00883083 -0.00133068 0.00449953
v -0.0276623 0.07336 0.10065
vn -0.00883083 0.00133068 -0.00449953
v -0.0310775 0.0778026 0.111516
vn -0.00700818 0.00133068 -0.00700818
v -0.0266747 0.0720522 0.101822
vn -0.00700818 0.00133068 -0.00700818
v -0.0266747 0.0720522 0.101822
vn 0.00700818 -0.00133068 0.00700818
v -0.0310775 0.0778026 0.111516
vn 0.00700818 -0.00133068 0.00700818
v -0.0276623 0.07336 0.10065
vn 0.00883083 -0.00133068 0.00449953
v -0.0271374 0.0429227 0.100149
vn 0.00730096 0.00573213 -0.00372003
v -0.0271374 0.0429227 0.100149
vn -0.00730096 -0.00573213 0.00372003
v -0.0261381 0.0390555 0.0986808
vn 0.00738849 0.00558909 -0.00376462
v -0.0261381 0.0390555 0.0986808
vn -0.00738849 -0.00558909 0.00376462
v -0.025131 0.0352176 0.0971443
vn 0.00747378 0.00544437 -0.00380808
v -0.025131 0.0352176 0.0971443
vn -0.00747378 -0.00544437 0.00380808
v -0.023099 0.0276293 0.0938699
vn 0.0076376 0.00515004 -0.00389155
v -0.0158084 0.0341419 0.0962525
vn 0.00599714 0.005298 -0.00599714
v -0.0241176 0.0314077 0.0955403
vn 0.00755682 0.005298 -0.00385039
v -0.0241176 0.0314077 0.0955403
vn -0.00755682 -0.005298 0.00385039
v -0.0158084 0.0341419 0.0962525
vn -0.00599714 -0.005298 0.00599714
v -0.023099 0.0276293 0.0938699
vn -0.0076376 -0.00515004 0.00389155
v -0.0281306 0.0468165 0.10155
vn 0.00721124 0.00587345 -0.00367431
v -0.0281306 0.0468165 0.10155
vn -0.00721124 -0.00587345 0.00367431
v -0.0291169 0.0507366 0.102881
vn 0.00711936 0.006013 -0.00362749
v -0.0291169 0.0507366 0.102881
vn -0.00711936 -0.006013 0.00362749
v -0.0300952 0.054681 0.104143
vn 0.00702532 0.00615073 -0.00357957
v -0.0300952 0.054681 0.104143
vn -0.00702532 -0.00615073 0.00357957
v -0.0255989 0.0747379 0.0571964
vn -0 -0.01 0
v -0.0255989 0.0747379 0.0571964
vn 0 0.01 0
v 0.0335949 -0.0321479 -0.104967
vn -0 -0.01 0
v 0.0331375 -0.0337167 -0.104062
vn -0 -0.01 0
v -0.0167368 0.0752333 0.0595677
vn 0.00987688 -0 -0.00156435
v -0.0255989 0.0747379 0.0571964
vn 0.00891007 -0 -0.00453991
v 0.0331375 -0.0337167 -0.104062
vn 0.00987688 -0 -0.00156435
v 0.00361686 0.0482733 0.0837224
vn -0 -0.01 0
v 0.00361686 0.0482733 0.0837224
vn 0 0.01 0
v 0.0543644 -0.0529432 -0.0847906
vn 0.00453991 0 0.00891007
v 0.0561715 -0.0525975 -0.08447
vn -0 -0.01 0
v -0.0353816 0.0741026 0.0546377
vn -0.0060926 0.00507547 0.0060926
v -0.0353816 0.0741026 0.0546377
vn 0.0060926 -0.00507547 -0.0060926
v -0.043441 0.0694055 0.0598537
vn -0.00389155 0.00515004 0.0076376
v -0.043441 0.0694055 0.0598537
vn 0.00389155 -0.00515004 -0.0076376
v 0.00255413 0.0397404 0.0890799
vn 0.00134787 0.00507547 -0.00851016
v 0.00255413 0.0397404 0.0890799
vn -0.00134787 -0.00507547 0.00851016
v -0.0486168 0.0638611 0.0664645
vn -0.00132676 0.005298 0.00837681
v -0.0486168 0.0638611 0.0664645
vn 0.00132676 -0.005298 -0.00837681
v -0.0062095 0.0356803 0.0936572
vn 0.00389155 0.00515004 -0.0076376
v -0.0062095 0.0356803 0.0936572
vn -0.00389155 -0.00515004 0.0076376
v -0.00398022 0.0325071 0.0919044
vn 0.00391169 0.00507547 -0.00767712
v -0.000110533 0.0424317 0.0910208
vn 0.00134094 0.00515004 -0.00846634
v -0.0062095 0.0356803 0.0936572
vn 0.00389155 0.00515004 -0.0076376
v -0.0062095 0.0356803 0.0936572
vn -0.00389155 -0.00515004 0.0076376
v -0.000110533 0.0424317 0.0910208
vn -0.00134094 -0.00515004 0.00846634
v -0.00398022 0.0325071 0.0919044
vn -0.00391169 -0.00507547 0.00767712
v -0.0507662 0.0584376 0.0738702
vn 0.00131218 0.00544437 0.00828475
v -0.0507662 0.0584376 0.0738702
vn -0.00131218 -0.00544437 -0.00828475
v -0.0141313 0.0305793 0.094639
vn 0.00606123 0.00515004 -0.00606123
v -0.0141313 0.0305793 0.094639
vn -0.00606123 -0.00515004 0.00606123
v -0.0486643 0.0563235 0.0846652
vn 0.00372003 0.00573213 0.00730096
v -0.0486643 0.0563235 0.0846652
vn -0.00372003 -0.00573213 -0.00730096
v -0.0494366 0.0601608 0.0775268
vn 0.00129719 0.00558909 0.0081902
v -0.051532 0.0516528 0.0781542
vn 0.00380808 0.00544437 0.00747378
v -0.0501333 0.053993 0.0814212
vn 0.00376462 0.00558909 0.00738849
v -0.0501333 0.053993 0.0814212
vn -0.00376462 -0.00558909 -0.00738849
v -0.051532 0.0516528 0.0781542
vn -0.00380808 -0.00544437 -0.00747378
v -0.0494366 0.0601608 0.0775268
vn -0.00129719 -0.00558909 -0.0081902
v -0.0471271 0.0586431 0.0878852
vn 0.00367431 0.00587345 0.00721124
v -0.0471271 0.0586431 0.0878852
vn -0.00367431 -0.00587345 -0.00721124
v -0.0455211 0.0609491 0.0910807
vn 0.00362749 0.006013 0.00711936
v -0.0455211 0.0609491 0.0910807
vn -0.00362749 -0.006013 -0.00711936
v -0.0438479 0.0632419 0.094251
vn 0.00357957 0.00615073 0.00702532
v -0.0438479 0.0632419 0.094251
vn -0.00357957 -0.00615073 -0.00702532
v -0.0421066 0.0655225 0.0973943
vn 0.00353058 0.00628662 0.00692917
v -0.0421066 0.0655225 0.0973943
vn -0.00353058 -0.00628662 -0.00692917
v -0.0402981 0.0677879 0.100509
vn 0.00350569 0.00635385 0.00688032
v -0.0402981 0.0677879 0.100509
vn -0.00350569 -0.00635385 -0.00688032
v -0.0367063 0.0630298 0.104772
vn 0 0.01 0
v -0.0367063 0.0630298 0.104772
vn -0 -0.01 0
v -0.0383011 0.06651 0.101968
vn 0.00700818 0.00133068 0.00700818
v -0.0401112 0.0748299 0.110742
vn 0.00449953 0.00133068 0.00883083
v -0.0387199 0.0680902 0.100788
vn 0.00449953 0.00133068 0.00883083
v -0.0387199 0.0680902 0.100788
vn -0.00449953 -0.00133068 -0.00883083
v -0.0401112 0.0748299 0.110742
vn -0.00449953 -0.00133068 -0.00883083
v -0.0383011 0.06651 0.101968
vn -0.00700818 -0.00133068 -0.00700818
v -0.0387199 0.0680902 0.100788
vn 0.00449953 0.00133068 0.00883083
v -0.0399673 0.0761026 0.109938
vn 0.00155043 0.00133068 0.00978904
v -0.038528 0.0697859 0.099718
vn 0.00155043 0.00133068 0.00978904
v -0.038528 0.0697859 0.099718
vn -0.00155043 -0.00133068 -0.00978904
v -0.0399673 0.0761026 0.109938
vn -0.00155043 -0.00133068 -0.00978904
v -0.0387199 0.0680902 0.100788
vn -0.00449953 -0.00133068 -0.00883083
v -0.0266747 0.0720522 0.101822
vn -0.00700818 0.00133068 -0.00700818
v -0.0307631 0.0766176 0.112401
vn -0.00449953 0.00133068 -0.00883083
v -0.0262565 0.070473 0.103001
vn -0.00449953 0.00133068 -0.00883083
v -0.0262565 0.070473 0.103001
vn 0.00449953 -0.00133068 0.00883083
v -0.0307631 0.0766176 0.112401
vn 0.00449953 -0.00133068 0.00883083
v -0.0266747 0.0720522 0.101822
vn 0.00700818 -0.00133068 0.00700818
v -0.0275244 0.0647857 0.106401
vn 0 0.01 0
v -0.0275244 0.0647857 0.106401
vn -0 -0.01 0
v -0.0309066 0.0753458 0.113204
vn -0.00155043 0.00133068 -0.00978904
v -0.0272303 0.0671305 0.10493
vn 0.00155043 0.00133068 -0.00978904
v -0.0264479 0.0687764 0.104072
vn -0.00155043 0.00133068 -0.00978904
v -0.0264479 0.0687764 0.104072
vn 0.00155043 -0.00133068 0.00978904
v -0.0272303 0.0671305 0.10493
vn -0.00155043 -0.00133068 0.00978904
v -0.0309066 0.0753458 0.113204
vn 0.00155043 -0.00133068 0.00978904
v -0.0262565 0.070473 0.103001
vn -0.00449953 0.00133068 -0.00883083
v -0.0309066 0.0753458 0.113204
vn -0.00155043 0.00133068 -0.00978904
v -0.0264479 0.0687764 0.104072
vn -0.00155043 0.00133068 -0.00978904
v -0.0264479 0.0687764 0.104072
vn 0.00155043 -0.00133068 0.00978904
v -0.0309066 0.0753458 0.113204
vn 0.00155043 -0.00133068 0.00978904
v -0.0262565 0.070473 0.103001
vn 0.00449953 -0.00133068 0.00883083
v -0.0275244 0.0647857 0.106401
vn 0.00350569 0.00635385 -0.00688032
v -0.0278742 0.0596989 0.10561
vn 0.00549902 0.00628662 -0.00549902
v -0.0250543 0.0615146 0.10526
vn 0.00353058 0.00628662 -0.00692917
v -0.0250543 0.0615146 0.10526
vn -0.00353058 -0.00628662 0.00692917
v -0.0278742 0.0596989 0.10561
vn -0.00549902 -0.00628662 0.00549902
v -0.0275244 0.0647857 0.106401
vn -0.00350569 -0.00635385 0.00688032
v -0.0278742 0.0596989 0.10561
vn 0.00549902 0.00628662 -0.00549902
v -0.0300952 0.054681 0.104143
vn 0.00702532 0.00615073 -0.00357957
v -0.0261185 0.0559895 0.104484
vn 0.00557532 0.00615073 -0.00557532
v -0.0261185 0.0559895 0.104484
vn -0.00557532 -0.00615073 0.00557532
v -0.0300952 0.054681 0.104143
vn -0.00702532 -0.00615073 0.00357957
v -0.0278742 0.0596989 0.10561
vn -0.00549902 -0.00628662 0.00549902
v -0.0357127 0.0796988 0.10884
vn -0.00883083 0.00133068 0.00449953
v -0.0357127 0.0796988 0.10884
vn 0.00883083 -0.00133068 -0.00449953
v -0.0371437 0.0792284 0.108717
vn -0.00700818 0.00133068 0.00700818
v -0.0371437 0.0792284 0.108717
vn 0.00700818 -0.00133068 -0.00700818
v -0.0384074 0.0784143 0.108874
vn -0.00449953 0.00133068 0.00883083
v -0.0384074 0.0784143 0.108874
vn 0.00449953 -0.00133068 -0.00883083
v -0.0393804 0.0773374 0.109295
vn -0.00155043 0.00133068 0.00978904
v -0.0393804 0.0773374 0.109295
vn 0.00155043 -0.00133068 -0.00978904
v -0.0342552 0.0797805 0.10923
vn 0 0.01 0
v -0.0309066 0.0753458 0.113204
vn 0 0.01 0
v -0.0329134 0.0794651 0.109849
vn 0 0.01 0
v -0.0329134 0.0794651 0.109849
vn -0 -0.01 0
v -0.0309066 0.0753458 0.113204
vn -0 -0.01 0
v -0.0342552 0.0797805 0.10923
vn -0 -0.01 0
v -0.0357127 0.0796988 0.10884
vn 0 0.01 0
v -0.0340998 0.0768549 0.111226
vn 0 0.01 0
v -0.0340998 0.0768549 0.111226
vn -0 -0.01 0
v -0.0357127 0.0796988 0.10884
vn -0 -0.01 0
v -0.0307631 0.0766176 0.112401
vn 0 0.01 0
v -0.0318178 0.0787833 0.110637
vn 0 0.01 0
v -0.0318178 0.0787833 0.110637
vn -0 -0.01 0
v -0.0307631 0.0766176 0.112401
vn -0 -0.01 0
v -0.0318178 0.0787833 0.110637
vn -0.00883083 0.00133068 -0.00449953
v -0.0318178 0.0787833 0.110637
vn 0.00883083 -0.00133068 0.00449953
v -0.0310775 0.0778026 0.111516
vn -0.00700818 0.00133068 -0.00700818
v -0.0310775 0.0778026 0.111516
vn 0.00700818 -0.00133068 0.00700818
v -0.0271374 0.0429227 0.100149
vn 0.00730096 0.00573213 -0.00372003
v -0.0332055 0.0386596 0.0967902
vn 0.0081902 0.00558909 -0.00129719
v -0.0261381 0.0390555 0.0986808
vn 0.00738849 0.00558909 -0.00376462
v -0.0261381 0.0390555 0.0986808
vn -0.00738849 -0.00558909 0.00376462
v -0.0332055 0.0386596 0.0967902
vn -0.0081902 -0.00558909 0.00129719
v -0.0271374 0.0429227 0.100149
vn -0.00730096 -0.00573213 0.00372003
v -0.0261381 0.0390555 0.0986808
vn 0.00738849 0.00558909 -0.00376462
v -0.0329073 0.0347822 0.0950641
vn 0.00828475 0.00544437 -0.00131218
v -0.025131 0.0352176 0.0971443
vn 0.00747378 0.00544437 -0.00380808
v -0.025131 0.0352176 0.0971443
vn -0.00747378 -0.00544437 0.00380808
v -0.0329073 0.0347822 0.0950641
vn -0.00828475 -0.00544437 0.00131218
v -0.0261381 0.0390555 0.0986808
vn -0.00738849 -0.00558909 0.00376462
v -0.025131 0.0352176 0.0971443
vn 0.00747378 0.00544437 -0.00380808
v -0.0325837 0.0309336 0.0932756
vn 0.00837681 0.005298 -0.00132676
v -0.0241176 0.0314077 0.0955403
vn 0.00755682 0.005298 -0.00385039
v -0.0241176 0.0314077 0.0955403
vn -0.00755682 -0.005298 0.00385039
v -0.0325837 0.0309336 0.0932756
vn -0.00837681 -0.005298 0.00132676
v -0.025131 0.0352176 0.0971443
vn -0.00747378 -0.00544437 0.00380808
v -0.0241176 0.0314077 0.0955403
vn 0.00755682 0.005298 -0.00385039
v -0.0322355 0.0271174 0.0914259
vn 0.00846634 0.00515004 -0.00134094
v -0.023099 0.0276293 0.0938699
vn 0.0076376 0.00515004 -0.00389155
v -0.023099 0.0276293 0.0938699
vn -0.0076376 -0.00515004 0.00389155
v -0.0322355 0.0271174 0.0914259
vn -0.00846634 -0.00515004 0.00134094
v -0.0241176 0.0314077 0.0955403
vn -0.00755682 -0.005298 0.00385039
v -0.0281306 0.0468165 0.10155
vn 0.00721124 0.00587345 -0.00367431
v -0.0334784 0.0425678 0.0984529
vn 0.00809318 0.00573213 -0.00128184
v -0.0271374 0.0429227 0.100149
vn 0.00730096 0.00573213 -0.00372003
v -0.0271374 0.0429227 0.100149
vn -0.00730096 -0.00573213 0.00372003
v -0.0334784 0.0425678 0.0984529
vn -0.00809318 -0.00573213 0.00128184
v -0.0281306 0.0468165 0.10155
vn -0.00721124 -0.00587345 0.00367431
v -0.0291169 0.0507366 0.102881
vn 0.00711936 0.006013 -0.00362749
v -0.0337261 0.0465035 0.100053
vn 0.00799372 0.00587345 -0.00126608
v -0.0281306 0.0468165 0.10155
vn 0.00721124 0.00587345 -0.00367431
v -0.0281306 0.0468165 0.10155
vn -0.00721124 -0.00587345 0.00367431
v -0.0337261 0.0465035 0.100053
vn -0.00799372 -0.00587345 0.00126608
v -0.0291169 0.0507366 0.102881
vn -0.00711936 -0.006013 0.00362749
v -0.0300952 0.054681 0.104143
vn 0.00702532 0.00615073 -0.00357957
v -0.0339489 0.0504659 0.101588
vn 0.00789186 0.006013 -0.00124995
v -0.0291169 0.0507366 0.102881
vn 0.00711936 0.006013 -0.00362749
v -0.0291169 0.0507366 0.102881
vn -0.00711936 -0.006013 0.00362749
v -0.0339489 0.0504659 0.101588
vn -0.00789186 -0.006013 0.00124995
v -0.0300952 0.054681 0.104143
vn -0.00702532 -0.00615073 0.00357957
v -0.034297 0.0718753 0.0564513
vn -0 -0.01 0
v -0.034297 0.0718753 0.0564513
vn 0 0.01 0
v 0.0422729 -0.0341876 -0.100964
vn -0.00987688 0 -0.00156435
v 0.0335949 -0.0321479 -0.104967
vn -0.00987688 0 0.00156435
v -0.00760139 0.0747624 0.0626658
vn -0.00987688 0 -0.00156435
v 0.0422729 -0.0341876 -0.100964
vn -0.00987688 0 -0.00156435
v -0.00760139 0.0747624 0.0626658
vn -0.00987688 0 -0.00156435
v 0.0493527 -0.0385944 -0.095872
vn -0.00891007 0 -0.00453991
v 0.0241687 -0.0326753 -0.107489
vn -0 -0.01 0
v 0.0242753 -0.0342121 -0.106433
vn 0.00891007 -0 -0.00453991
v 0.00255413 0.0397404 0.0890799
vn -0 -0.01 0
v 0.00255413 0.0397404 0.0890799
vn 0 0.01 0
v 0.00449009 0.0560068 0.0788393
vn 0.00453991 0 0.00891007
v 0.0543644 -0.0529432 -0.0847906
vn 0.00453991 0 0.00891007
v 0.00361686 0.0482733 0.0837224
vn 0.00156435 0 0.00987688
v 0.0543644 -0.0529432 -0.0847906
vn -0 -0.01 0
v 0.0541423 -0.0449387 -0.090188
vn -0 -0.01 0
v -0.0353816 0.0741026 0.0546377
vn -0 -0.01 0
v -0.0353816 0.0741026 0.0546377
vn 0 0.01 0
v -0.0353816 0.0741026 0.0546377
vn -0.0060926 0.00507547 0.0060926
v -0.043441 0.0694055 0.0598537
vn -0.00389155 0.00515004 0.0076376
v -0.0355205 0.0745059 0.0588719
vn -0.00606123 0.00515004 0.00606123
v -0.0355205 0.0745059 0.0588719
vn 0.00606123 -0.00515004 -0.00606123
v -0.043441 0.0694055 0.0598537
vn 0.00389155 -0.00515004 -0.0076376
v -0.0353816 0.0741026 0.0546377
vn 0.0060926 -0.00507547 -0.0060926
v -0.043441 0.0694055 0.0598537
vn -0.00389155 0.00515004 0.0076376
v -0.0486168 0.0638611 0.0664645
vn -0.00132676 0.005298 0.00837681
v -0.0429663 0.0701156 0.0640223
vn -0.00385039 0.005298 0.00755682
v -0.0429663 0.0701156 0.0640223
vn 0.00385039 -0.005298 -0.00755682
v -0.0486168 0.0638611 0.0664645
vn 0.00132676 -0.005298 -0.00837681
v -0.043441 0.0694055 0.0598537
vn 0.00389155 -0.00515004 -0.0076376
v 0.00255413 0.0397404 0.0890799
vn 0.00134787 0.00507547 -0.00851016
v 0.00255413 0.0397404 0.0890799
vn -0.00134787 -0.00507547 0.00851016
v -0.0486168 0.0638611 0.0664645
vn -0.00132676 0.005298 0.00837681
v -0.0507662 0.0584376 0.0738702
vn 0.00131218 0.00544437 0.00828475
v -0.0476344 0.065026 0.0704379
vn -0.00131218 0.00544437 0.00828475
v -0.0476344 0.065026 0.0704379
vn 0.00131218 -0.00544437 -0.00828475
v -0.0507662 0.0584376 0.0738702
vn -0.00131218 -0.00544437 -0.00828475
v -0.0486168 0.0638611 0.0664645
vn 0.00132676 -0.005298 -0.00837681
v -0.0124654 0.0270434 0.0929561
vn 0.0060926 0.00507547 -0.0060926
v -0.0062095 0.0356803 0.0936572
vn 0.00389155 0.00515004 -0.0076376
v -0.0141313 0.0305793 0.094639
vn 0.00606123 0.00515004 -0.00606123
v -0.0141313 0.0305793 0.094639
vn -0.00606123 -0.00515004 0.00606123
v -0.0062095 0.0356803 0.0936572
vn -0.00389155 -0.00515004 0.0076376
v -0.0124654 0.0270434 0.0929561
vn -0.0060926 -0.00507547 0.0060926
v -0.00398022 0.0325071 0.0919044
vn 0.00391169 0.00507547 -0.00767712
v -0.00398022 0.0325071 0.0919044
vn -0.00391169 -0.00507547 0.00767712
v -0.0507662 0.0584376 0.0738702
vn 0.00131218 0.00544437 0.00828475
v -0.0507662 0.0584376 0.0738702
vn -0.00131218 -0.00544437 -0.00828475
v -0.0220734 0.0238823 0.0921323
vn 0.00767712 0.00507547 -0.00391169
v -0.0141313 0.0305793 0.094639
vn 0.00606123 0.00515004 -0.00606123
v -0.023099 0.0276293 0.0938699
vn 0.0076376 0.00515004 -0.00389155
v -0.023099 0.0276293 0.0938699
vn -0.0076376 -0.00515004 0.00389155
v -0.0141313 0.0305793 0.094639
vn -0.00606123 -0.00515004 0.00606123
v -0.0220734 0.0238823 0.0921323
vn -0.00767712 -0.00507547 0.00391169
v -0.0486109 0.0482504 0.0857088
vn 0.00586353 0.00558909 0.00586353
v -0.0486643 0.0563235 0.0846652
vn 0.00372003 0.00573213 0.00730096
v -0.0501333 0.053993 0.0814212
vn 0.00376462 0.00558909 0.00738849
v -0.0501333 0.053993 0.0814212
vn -0.00376462 -0.00558909 -0.00738849
v -0.0486643 0.0563235 0.0846652
vn -0.00372003 -0.00573213 -0.00730096
v -0.0486109 0.0482504 0.0857088
vn -0.00586353 -0.00558909 -0.00586353
v -0.0498572 0.0453338 0.0828722
vn 0.00593123 0.00544437 0.00593123
v -0.0501333 0.053993 0.0814212
vn 0.00376462 0.00558909 0.00738849
v -0.051532 0.0516528 0.0781542
vn 0.00380808 0.00544437 0.00747378
v -0.051532 0.0516528 0.0781542
vn -0.00380808 -0.00544437 -0.00747378
v -0.0501333 0.053993 0.0814212
vn -0.00376462 -0.00558909 -0.00738849
v -0.0498572 0.0453338 0.0828722
vn -0.00593123 -0.00544437 -0.00593123
v -0.0486643 0.0563235 0.0846652
vn 0.00372003 0.00573213 0.00730096
v -0.0459232 0.0540955 0.0912801
vn 0.00572288 0.00587345 0.00572288
v -0.0471271 0.0586431 0.0878852
vn 0.00367431 0.00587345 0.00721124
v -0.0471271 0.0586431 0.0878852
vn -0.00367431 -0.00587345 -0.00721124
v -0.0459232 0.0540955 0.0912801
vn -0.00572288 -0.00587345 -0.00572288
v -0.0486643 0.0563235 0.0846652
vn -0.00372003 -0.00573213 -0.00730096
v -0.0459232 0.0540955 0.0912801
vn 0.00572288 0.00587345 0.00572288
v -0.0455211 0.0609491 0.0910807
vn 0.00362749 0.006013 0.00711936
v -0.0471271 0.0586431 0.0878852
vn 0.00367431 0.00587345 0.00721124
v -0.0471271 0.0586431 0.0878852
vn -0.00367431 -0.00587345 -0.00721124
v -0.0455211 0.0609491 0.0910807
vn -0.00362749 -0.006013 -0.00711936
v -0.0459232 0.0540955 0.0912801
vn -0.00572288 -0.00587345 -0.00572288
v -0.0444811 0.0570224 0.0940122
vn 0.00564995 0.006013 0.00564995
v -0.0438479 0.0632419 0.094251
vn 0.00357957 0.00615073 0.00702532
v -0.0455211 0.0609491 0.0910807
vn 0.00362749 0.006013 0.00711936
v -0.0455211 0.0609491 0.0910807
vn -0.00362749 -0.006013 -0.00711936
v -0.0438479 0.0632419 0.094251
vn -0.00357957 -0.00615073 -0.00702532
v -0.0444811 0.0570224 0.0940122
vn -0.00564995 -0.006013 -0.00564995
v -0.0429754 0.0599515 0.0967078
vn 0.00557532 0.00615073 0.00557532
v -0.0421066 0.0655225 0.0973943
vn 0.00353058 0.00628662 0.00692917
v -0.0438479 0.0632419 0.094251
vn 0.00357957 0.00615073 0.00702532
v -0.0438479 0.0632419 0.094251
vn -0.00357957 -0.00615073 -0.00702532
v -0.0421066 0.0655225 0.0973943
vn -0.00353058 -0.00628662 -0.00692917
v -0.0429754 0.0599515 0.0967078
vn -0.00557532 -0.00615073 -0.00557532
v -0.0414071 0.0628796 0.0993672
vn 0.00549902 0.00628662 0.00549902
v -0.0402981 0.0677879 0.100509
vn 0.00350569 0.00635385 0.00688032
v -0.0421066 0.0655225 0.0973943
vn 0.00353058 0.00628662 0.00692917
v -0.0421066 0.0655225 0.0973943
vn -0.00353058 -0.00628662 -0.00692917
v -0.0402981 0.0677879 0.100509
vn -0.00350569 -0.00635385 -0.00688032
v -0.0414071 0.0628796 0.0993672
vn -0.00549902 -0.00628662 -0.00549902
v -0.0402981 0.0677879 0.100509
vn 0 0.01 0
v -0.0385364 0.0641686 0.103456
vn 0 0.01 0
v -0.0385364 0.0641686 0.103456
vn -0 -0.01 0
v -0.0402981 0.0677879 0.100509
vn -0 -0.01 0
v -0.0373136 0.0652022 0.10314
vn 0 0.01 0
v -0.0373136 0.0652022 0.10314
vn -0 -0.01 0
v -0.0397977 0.0736451 0.111626
vn 0.00700818 0.00133068 0.00700818
v -0.0397977 0.0736451 0.111626
vn -0.00700818 -0.00133068 -0.00700818
v -0.0401112 0.0748299 0.110742
vn 0.00449953 0.00133068 0.00883083
v -0.0401112 0.0748299 0.110742
vn -0.00449953 -0.00133068 -0.00883083
v -0.0307631 0.0766176 0.112401
vn -0.00449953 0.00133068 -0.00883083
v -0.0307631 0.0766176 0.112401
vn 0.00449953 -0.00133068 0.00883083
v -0.0285278 0.0656947 0.10549
vn 0 0.01 0
v -0.0285278 0.0656947 0.10549
vn -0 -0.01 0
v -0.0314936 0.0741109 0.113847
vn 0.00155043 0.00133068 -0.00978904
v -0.0314936 0.0741109 0.113847
vn -0.00155043 -0.00133068 0.00978904
v -0.0296368 0.063426 0.106663
vn 0.00546025 0.00635385 -0.00546025
v -0.0296368 0.063426 0.106663
vn -0.00546025 -0.00635385 0.00546025
v -0.0310654 0.0586492 0.105336
vn 0.00692917 0.00628662 -0.00353058
v -0.0310654 0.0586492 0.105336
vn -0.00692917 -0.00628662 0.00353058
v -0.0371437 0.0792284 0.108717
vn 0 0.01 0
v -0.0355385 0.077193 0.110562
vn 0 0.01 0
v -0.0355385 0.077193 0.110562
vn -0 -0.01 0
v -0.0371437 0.0792284 0.108717
vn -0 -0.01 0
v -0.0384074 0.0784143 0.108874
vn 0 0.01 0
v -0.0371112 0.0758637 0.110968
vn 0 0.01 0
v -0.0371112 0.0758637 0.110968
vn -0 -0.01 0
v -0.0384074 0.0784143 0.108874
vn -0 -0.01 0
v -0.0370481 0.0749558 0.111591
vn 0 0.01 0
v -0.0393804 0.0773374 0.109295
vn 0 0.01 0
v -0.0393804 0.0773374 0.109295
vn -0 -0.01 0
v -0.0370481 0.0749558 0.111591
vn -0 -0.01 0
v -0.0399673 0.0761026 0.109938
vn 0 0.01 0
v -0.0379619 0.0719826 0.113293
vn 0 0.01 0
v -0.0379619 0.0719826 0.113293
vn -0 -0.01 0
v -0.0399673 0.0761026 0.109938
vn -0 -0.01 0
v -0.0314936 0.0741109 0.113847
vn 0 0.01 0
v -0.0314936 0.0741109 0.113847
vn -0 -0.01 0
v -0.0345046 0.0771063 0.110935
vn 0 0.01 0
v -0.0345046 0.0771063 0.110935
vn -0 -0.01 0
v -0.0338262 0.0764917 0.111551
vn 0 0.01 0
v -0.0338262 0.0764917 0.111551
vn -0 -0.01 0
v -0.0310775 0.0778026 0.111516
vn 0 0.01 0
v -0.0310775 0.0778026 0.111516
vn -0 -0.01 0
v -0.0334784 0.0425678 0.0984529
vn 0.00809318 0.00573213 -0.00128184
v -0.0334784 0.0425678 0.0984529
vn -0.00809318 -0.00573213 0.00128184
v -0.0332055 0.0386596 0.0967902
vn 0.0081902 0.00558909 -0.00129719
v -0.0332055 0.0386596 0.0967902
vn -0.0081902 -0.00558909 0.00129719
v -0.0329073 0.0347822 0.0950641
vn 0.00828475 0.00544437 -0.00131218
v -0.0329073 0.0347822 0.0950641
vn -0.00828475 -0.00544437 0.00131218
v -0.0325837 0.0309336 0.0932756
vn 0.00837681 0.005298 -0.00132676
v -0.0325837 0.0309336 0.0932756
vn -0.00837681 -0.005298 0.00132676
v -0.0318622 0.0233338 0.0895139
vn 0.00851016 0.00507547 -0.00134787
v -0.023099 0.0276293 0.0938699
vn 0.0076376 0.00515004 -0.00389155
v -0.0322355 0.0271174 0.0914259
vn 0.00846634 0.00515004 -0.00134094
v -0.0322355 0.0271174 0.0914259
vn -0.00846634 -0.00515004 0.00134094
v -0.023099 0.0276293 0.0938699
vn -0.0076376 -0.00515004 0.00389155
v -0.0318622 0.0233338 0.0895139
vn -0.00851016 -0.00507547 0.00134787
v -0.0337261 0.0465035 0.100053
vn 0.00799372 0.00587345 -0.00126608
v -0.0337261 0.0465035 0.100053
vn -0.00799372 -0.00587345 0.00126608
v -0.0339489 0.0504659 0.101588
vn 0.00789186 0.006013 -0.00124995
v -0.0339489 0.0504659 0.101588
vn -0.00789186 -0.006013 0.00124995
v -0.0341459 0.0544547 0.103059
vn 0.00778763 0.00615073 -0.00123344
v -0.0341459 0.0544547 0.103059
vn -0.00778763 -0.00615073 0.00123344
v -0.0255989 0.0747379 0.0571964
vn 0.00891007 -0 -0.00453991
v -0.034297 0.0718753 0.0564513
vn 0.00707107 0 -0.00707107
v 0.0242753 -0.0342121 -0.106433
vn 0.00891007 -0 -0.00453991
v -0.0162794 0.0768021 0.0586627
vn -0.00987688 0 0.00156435
v -0.000521567 0.0703556 0.0677579
vn -0.00891007 0 -0.00453991
v 0.0242753 -0.0342121 -0.106433
vn -0 -0.01 0
v 0.0335949 -0.0321479 -0.104967
vn -0.00987688 0 0.00156435
v 0.0241687 -0.0326753 -0.107489
vn -0.00891007 0 0.00453991
v -0.0162794 0.0768021 0.0586627
vn -0.00987688 0 0.00156435
v 4.76587e-05 0.0407647 0.087634
vn -0 -0.01 0
v 4.76587e-05 0.0407647 0.087634
vn 0 0.01 0
v 0.0534911 -0.0606767 -0.0799076
vn 0.00156435 0 0.00987688
v 0.055243 -0.0608231 -0.0792761
vn -0 -0.01 0
v 0.0541423 -0.0449387 -0.090188
vn -0.00707107 0 -0.00707107
v 0.00426798 0.0640113 0.073442
vn -0.00707107 0 -0.00707107
v 0.0561715 -0.0525975 -0.08447
vn -0.00453991 0 -0.00891007
v 0.0493527 -0.0385944 -0.095872
vn -0.00891007 0 -0.00453991
v -0.000521567 0.0703556 0.0677579
vn -0.00891007 0 -0.00453991
v 0.0541423 -0.0449387 -0.090188
vn -0.00707107 0 -0.00707107
v -0.0419795 0.0669288 0.0574032
vn -0 -0.01 0
v -0.0419795 0.0669288 0.0574032
vn 0 0.01 0
v -0.043868 0.0686383 0.0556894
vn -0.00391169 0.00507547 0.00767712
v -0.043868 0.0686383 0.0556894
vn 0.00391169 -0.00507547 -0.00767712
v -0.0495396 0.0626549 0.0624896
vn -0.00134094 0.00515004 0.00846634
v -0.0495396 0.0626549 0.0624896
vn 0.00134094 -0.00515004 -0.00846634
v -0.00398022 0.0325071 0.0919044
vn -0 -0.01 0
v -0.00398022 0.0325071 0.0919044
vn 0 0.01 0
v -0.0520264 0.0566884 0.0702011
vn 0.00132676 0.005298 0.00837681
v -0.0520264 0.0566884 0.0702011
vn -0.00132676 -0.005298 -0.00837681
v -0.0124654 0.0270434 0.0929561
vn 0.0060926 0.00507547 -0.0060926
v -0.0124654 0.0270434 0.0929561
vn -0.0060926 -0.00507547 0.0060926
v -0.0124654 0.0270434 0.0929561
vn -0 -0.01 0
v -0.0135504 0.0292699 0.0911429
vn -0 -0.01 0
v -0.0135504 0.0292699 0.0911429
vn 0 0.01 0
v -0.0124654 0.0270434 0.0929561
vn 0 0.01 0
v -0.0507662 0.0584376 0.0738702
vn 0.00131218 0.00544437 0.00828475
v -0.0528605 0.049301 0.0748656
vn 0.00385039 0.005298 0.00755682
v -0.051532 0.0516528 0.0781542
vn 0.00380808 0.00544437 0.00747378
v -0.051532 0.0516528 0.0781542
vn -0.00380808 -0.00544437 -0.00747378
v -0.0528605 0.049301 0.0748656
vn -0.00385039 -0.005298 -0.00755682
v -0.0507662 0.0584376 0.0738702
vn -0.00131218 -0.00544437 -0.00828475
v -0.0220734 0.0238823 0.0921323
vn 0.00767712 0.00507547 -0.00391169
v -0.0220734 0.0238823 0.0921323
vn -0.00767712 -0.00507547 0.00391169
v -0.0472993 0.051172 0.0885113
vn 0.00579407 0.00573213 0.00579407
v -0.0472993 0.051172 0.0885113
vn -0.00579407 -0.00573213 -0.00579407
v -0.0486109 0.0482504 0.0857088
vn 0.00586353 0.00558909 0.00586353
v -0.0486109 0.0482504 0.0857088
vn -0.00586353 -0.00558909 -0.00586353
v -0.051532 0.0516528 0.0781542
vn 0.00380808 0.00544437 0.00747378
v -0.051038 0.0424221 0.0800013
vn 0.00599714 0.005298 0.00599714
v -0.0498572 0.0453338 0.0828722
vn 0.00593123 0.00544437 0.00593123
v -0.0498572 0.0453338 0.0828722
vn -0.00593123 -0.00544437 -0.00593123
v -0.051038 0.0424221 0.0800013
vn -0.00599714 -0.005298 -0.00599714
v -0.051532 0.0516528 0.0781542
vn -0.00380808 -0.00544437 -0.00747378
v -0.0472993 0.051172 0.0885113
vn 0.00579407 0.00573213 0.00579407
v -0.0472993 0.051172 0.0885113
vn -0.00579407 -0.00573213 -0.00579407
v -0.0444811 0.0570224 0.0940122
vn 0.00564995 0.006013 0.00564995
v -0.0444811 0.0570224 0.0940122
vn -0.00564995 -0.006013 -0.00564995
v -0.0429754 0.0599515 0.0967078
vn 0.00557532 0.00615073 0.00557532
v -0.0429754 0.0599515 0.0967078
vn -0.00557532 -0.00615073 -0.00557532
v -0.0414071 0.0628796 0.0993672
vn 0.00549902 0.00628662 0.00549902
v -0.0414071 0.0628796 0.0993672
vn -0.00549902 -0.00628662 -0.00549902
v -0.0397738 0.0658086 0.101986
vn 0.00546025 0.00635385 0.00546025
v -0.0397738 0.0658086 0.101986
vn -0.00546025 -0.00635385 -0.00546025
v -0.0397738 0.0658086 0.101986
vn 0 0.01 0
v -0.0397738 0.0658086 0.101986
vn -0 -0.01 0
v -0.039754 0.0606913 0.101328
vn 0.00692917 0.00628662 0.00353058
v -0.0367063 0.0630298 0.104772
vn 0.00762688 0.00635385 0.00120798
v -0.0385364 0.0641686 0.103456
vn 0.00688032 0.00635385 0.00350569
v -0.0385364 0.0641686 0.103456
vn -0.00688032 -0.00635385 -0.00350569
v -0.0367063 0.0630298 0.104772
vn -0.00762688 -0.00635385 -0.00120798
v -0.039754 0.0606913 0.101328
vn -0.00692917 -0.00628662 -0.00353058
v -0.0344631 0.0625026 0.105806
vn 0 0.01 0
v -0.0344631 0.0625026 0.105806
vn -0 -0.01 0
v -0.0390562 0.072665 0.112505
vn 0.00883083 0.00133068 0.00449953
v -0.0383011 0.06651 0.101968
vn 0.00700818 0.00133068 0.00700818
v -0.0373136 0.0652022 0.10314
vn 0.00883083 0.00133068 0.00449953
v -0.0373136 0.0652022 0.10314
vn -0.00883083 -0.00133068 -0.00449953
v -0.0383011 0.06651 0.101968
vn -0.00700818 -0.00133068 -0.00700818
v -0.0390562 0.072665 0.112505
vn -0.00883083 -0.00133068 -0.00449953
v -0.0397977 0.0736451 0.111626
vn 0.00700818 0.00133068 0.00700818
v -0.0397977 0.0736451 0.111626
vn -0.00700818 -0.00133068 -0.00700818
v -0.0390562 0.072665 0.112505
vn 0 0.01 0
v -0.0401112 0.0748299 0.110742
vn 0 0.01 0
v -0.0397977 0.0736451 0.111626
vn 0 0.01 0
v -0.0397977 0.0736451 0.111626
vn -0 -0.01 0
v -0.0401112 0.0748299 0.110742
vn -0 -0.01 0
v -0.0390562 0.072665 0.112505
vn -0 -0.01 0
v -0.0302128 0.064609 0.105699
vn 0 0.01 0
v -0.0302128 0.064609 0.105699
vn -0 -0.01 0
v -0.0314936 0.0741109 0.113847
vn 0.00155043 0.00133068 -0.00978904
v -0.0285278 0.0656947 0.10549
vn 0.00449953 0.00133068 -0.00883083
v -0.0272303 0.0671305 0.10493
vn 0.00155043 0.00133068 -0.00978904
v -0.0272303 0.0671305 0.10493
vn -0.00155043 -0.00133068 0.00978904
v -0.0285278 0.0656947 0.10549
vn -0.00449953 -0.00133068 0.00883083
v -0.0314936 0.0741109 0.113847
vn -0.00155043 -0.00133068 0.00978904
v -0.0296368 0.063426 0.106663
vn 0 0.01 0
v -0.0296368 0.063426 0.106663
vn -0 -0.01 0
v -0.0296368 0.063426 0.106663
vn 0.00546025 0.00635385 -0.00546025
v -0.0310654 0.0586492 0.105336
vn 0.00692917 0.00628662 -0.00353058
v -0.0278742 0.0596989 0.10561
vn 0.00549902 0.00628662 -0.00549902
v -0.0278742 0.0596989 0.10561
vn -0.00549902 -0.00628662 0.00549902
v -0.0310654 0.0586492 0.105336
vn -0.00692917 -0.00628662 0.00353058
v -0.0296368 0.063426 0.106663
vn -0.00546025 -0.00635385 0.00546025
v -0.0310654 0.0586492 0.105336
vn 0.00692917 0.00628662 -0.00353058
v -0.0341459 0.0544547 0.103059
vn 0.00778763 0.00615073 -0.00123344
v -0.0300952 0.054681 0.104143
vn 0.00702532 0.00615073 -0.00357957
v -0.0300952 0.054681 0.104143
vn -0.00702532 -0.00615073 0.00357957
v -0.0341459 0.0544547 0.103059
vn -0.00778763 -0.00615073 0.00123344
v -0.0310654 0.0586492 0.105336
vn -0.00692917 -0.00628662 0.00353058
v -0.0360677 0.0770185 0.110517
vn 0 0.01 0
v -0.0360677 0.0770185 0.110517
vn -0 -0.01 0
v -0.0350001 0.0772227 0.110706
vn 0 0.01 0
v -0.0350001 0.0772227 0.110706
vn -0 -0.01 0
v -0.0371647 0.0753939 0.111264
vn 0 0.01 0
v -0.0371647 0.0753939 0.111264
vn -0 -0.01 0
v -0.0368944 0.0763197 0.11073
vn 0 0.01 0
v -0.0368944 0.0763197 0.11073
vn -0 -0.01 0
v -0.0351613 0.0717495 0.114301
vn 0 0.01 0
v -0.0351613 0.0717495 0.114301
vn -0 -0.01 0
v -0.0366201 0.0716672 0.113912
vn 0 0.01 0
v -0.0366201 0.0716672 0.113912
vn -0 -0.01 0
v -0.0345046 0.0771063 0.110935
vn -0.00987688 0 -0.00156435
v -0.198386 0.435736 0.650222
vn -0.00891007 0 -0.00453991
v -0.0340998 0.0768549 0.111226
vn -0.00891007 0 -0.00453991
v -0.0340998 0.0768549 0.111226
vn 0.00891007 -0 0.00453991
v -0.198386 0.435736 0.650222
vn 0.00891007 -0 0.00453991
v -0.0345046 0.0771063 0.110935
vn 0.00987688 -0 0.00156435
v -0.0340998 0.0768549 0.111226
vn -0.00891007 0 -0.00453991
v -0.198112 0.435373 0.650547
vn -0.00707107 0 -0.00707107
v -0.0338262 0.0764917 0.111551
vn -0.00707107 0 -0.00707107
v -0.0338262 0.0764917 0.111551
vn 0.00707107 0 0.00707107
v -0.198112 0.435373 0.650547
vn 0.00707107 0 0.00707107
v -0.0340998 0.0768549 0.111226
vn 0.00891007 -0 0.00453991
v -0.0334784 0.0425678 0.0984529
vn 0.00809318 0.00573213 -0.00128184
v -0.0397122 0.040189 0.0937887
vn 0.0081902 0.00558909 0.00129719
v -0.0332055 0.0386596 0.0967902
vn 0.0081902 0.00558909 -0.00129719
v -0.0332055 0.0386596 0.0967902
vn -0.0081902 -0.00558909 0.00129719
v -0.0397122 0.040189 0.0937887
vn -0.0081902 -0.00558909 -0.00129719
v -0.0334784 0.0425678 0.0984529
vn -0.00809318 -0.00573213 0.00128184
v -0.0332055 0.0386596 0.0967902
vn 0.0081902 0.00558909 -0.00129719
v -0.0400658 0.0364647 0.0917619
vn 0.00828475 0.00544437 0.00131218
v -0.0329073 0.0347822 0.0950641
vn 0.00828475 0.00544437 -0.00131218
v -0.0329073 0.0347822 0.0950641
vn -0.00828475 -0.00544437 0.00131218
v -0.0400658 0.0364647 0.0917619
vn -0.00828475 -0.00544437 -0.00131218
v -0.0332055 0.0386596 0.0967902
vn -0.0081902 -0.00558909 0.00129719
v -0.0329073 0.0347822 0.0950641
vn 0.00828475 0.00544437 -0.00131218
v -0.0403771 0.0327654 0.0896805
vn 0.00837681 0.005298 0.00132676
v -0.0325837 0.0309336 0.0932756
vn 0.00837681 0.005298 -0.00132676
v -0.0325837 0.0309336 0.0932756
vn -0.00837681 -0.005298 0.00132676
v -0.0403771 0.0327654 0.0896805
vn -0.00837681 -0.005298 -0.00132676
v -0.0329073 0.0347822 0.0950641
vn -0.00828475 -0.00544437 0.00131218
v -0.0325837 0.0309336 0.0932756
vn 0.00837681 0.005298 -0.00132676
v -0.0406471 0.0290945 0.0875457
vn 0.00846634 0.00515004 0.00134094
v -0.0322355 0.0271174 0.0914259
vn 0.00846634 0.00515004 -0.00134094
v -0.0322355 0.0271174 0.0914259
vn -0.00846634 -0.00515004 0.00134094
v -0.0406471 0.0290945 0.0875457
vn -0.00846634 -0.00515004 -0.00134094
v -0.0325837 0.0309336 0.0932756
vn -0.00837681 -0.005298 0.00132676
v -0.0322355 0.0271174 0.0914259
vn 0.00846634 0.00515004 -0.00134094
v -0.040874 0.025452 0.0853568
vn 0.00851016 0.00507547 0.00134787
v -0.0318622 0.0233338 0.0895139
vn 0.00851016 0.00507547 -0.00134787
v -0.0318622 0.0233338 0.0895139
vn -0.00851016 -0.00507547 0.00134787
v -0.040874 0.025452 0.0853568
vn -0.00851016 -0.00507547 -0.00134787
v -0.0322355 0.0271174 0.0914259
vn -0.00846634 -0.00515004 0.00134094
v -0.0337261 0.0465035 0.100053
vn 0.00799372 0.00587345 -0.00126608
v -0.0393155 0.0439398 0.0957602
vn 0.00809318 0.00573213 0.00128184
v -0.0334784 0.0425678 0.0984529
vn 0.00809318 0.00573213 -0.00128184
v -0.0334784 0.0425678 0.0984529
vn -0.00809318 -0.00573213 0.00128184
v -0.0393155 0.0439398 0.0957602
vn -0.00809318 -0.00573213 -0.00128184
v -0.0337261 0.0465035 0.100053
vn -0.00799372 -0.00587345 0.00126608
v -0.0383971 0.0515114 0.0995361
vn 0.00789186 0.006013 0.00124995
v -0.0337261 0.0465035 0.100053
vn 0.00799372 0.00587345 -0.00126608
v -0.0339489 0.0504659 0.101588
vn 0.00789186 0.006013 -0.00124995
v -0.0339489 0.0504659 0.101588
vn -0.00789186 -0.006013 0.00124995
v -0.0337261 0.0465035 0.100053
vn -0.00799372 -0.00587345 0.00126608
v -0.0383971 0.0515114 0.0995361
vn -0.00789186 -0.006013 -0.00124995
v -0.0378748 0.0553311 0.101339
vn 0.00778763 0.00615073 0.00123344
v -0.0339489 0.0504659 0.101588
vn 0.00789186 0.006013 -0.00124995
v -0.0341459 0.0544547 0.103059
vn 0.00778763 0.00615073 -0.00123344
v -0.0341459 0.0544547 0.103059
vn -0.00778763 -0.00615073 0.00123344
v -0.0339489 0.0504659 0.101588
vn -0.00789186 -0.006013 0.00124995
v -0.0378748 0.0553311 0.101339
vn -0.00778763 -0.00615073 -0.00123344
v 0.0155773 -0.0370747 -0.107179
vn 0.00707107 0 -0.00707107
v 0.0149174 -0.0357194 -0.108282
vn -0 -0.01 0
v -0.0257056 0.0762747 0.0561407
vn -0.00891007 0 0.00453991
v 0.00361686 0.0482733 0.0837224
vn 0.00156435 0 0.00987688
v 0.0534911 -0.0606767 -0.0799076
vn 0.00156435 0 0.00987688
v 4.76587e-05 0.0407647 0.087634
vn -0.00156435 0 0.00987688
v 0.0534911 -0.0606767 -0.0799076
vn -0 -0.01 0
v 0.0561715 -0.0525975 -0.08447
vn -0.00453991 0 -0.00891007
v 0.00629721 0.0563525 0.07916
vn -0.00453991 0 -0.00891007
v 0.055243 -0.0608231 -0.0792761
vn -0.00156435 0 -0.00987688
v 0.00629721 0.0563525 0.07916
vn -0.00453991 0 -0.00891007
v 0.00426798 0.0640113 0.073442
vn -0.00707107 0 -0.00707107
v -0.043868 0.0686383 0.0556894
vn -0 -0.01 0
v -0.043868 0.0686383 0.0556894
vn 0 0.01 0
v -0.034297 0.0718753 0.0564513
vn 0.00707107 0 -0.00707107
v -0.0419795 0.0669288 0.0574032
vn 0.00453991 0 -0.00891007
v 0.0155773 -0.0370747 -0.107179
vn 0.00707107 0 -0.00707107
v -0.043868 0.0686383 0.0556894
vn -0.00391169 0.00507547 0.00767712
v -0.0495396 0.0626549 0.0624896
vn -0.00134094 0.00515004 0.00846634
v -0.043441 0.0694055 0.0598537
vn -0.00389155 0.00515004 0.0076376
v -0.043441 0.0694055 0.0598537
vn 0.00389155 -0.00515004 -0.0076376
v -0.0495396 0.0626549 0.0624896
vn 0.00134094 -0.00515004 -0.00846634
v -0.043868 0.0686383 0.0556894
vn 0.00391169 -0.00507547 -0.00767712
v -0.0495396 0.0626549 0.0624896
vn -0.00134094 0.00515004 0.00846634
v -0.0520264 0.0566884 0.0702011
vn 0.00132676 0.005298 0.00837681
v -0.0486168 0.0638611 0.0664645
vn -0.00132676 0.005298 0.00837681
v -0.0486168 0.0638611 0.0664645
vn 0.00132676 -0.005298 -0.00837681
v -0.0520264 0.0566884 0.0702011
vn -0.00132676 -0.005298 -0.00837681
v -0.0495396 0.0626549 0.0624896
vn 0.00134094 -0.00515004 -0.00846634
v -0.00586789 0.0342164 0.090191
vn -0 -0.01 0
v -0.00586789 0.0342164 0.090191
vn 0 0.01 0
v -0.0520264 0.0566884 0.0702011
vn 0.00132676 0.005298 0.00837681
v -0.0520264 0.0566884 0.0702011
vn -0.00132676 -0.005298 -0.00837681
v -0.0220734 0.0238823 0.0921323
vn -0 -0.01 0
v -0.0222493 0.0264075 0.0903973
vn -0 -0.01 0
v -0.0222493 0.0264075 0.0903973
vn 0 0.01 0
v -0.0220734 0.0238823 0.0921323
vn 0 0.01 0
v -0.0528605 0.049301 0.0748656
vn 0.00385039 0.005298 0.00755682
v -0.0528605 0.049301 0.0748656
vn -0.00385039 -0.005298 -0.00755682
v -0.0318622 0.0233338 0.0895139
vn -0 -0.01 0
v -0.0311115 0.0259121 0.088026
vn -0 -0.01 0
v -0.0311115 0.0259121 0.088026
vn 0 0.01 0
v -0.0318622 0.0233338 0.0895139
vn 0 0.01 0
v -0.0486109 0.0482504 0.0857088
vn 0.00586353 0.00558909 0.00586353
v -0.0440777 0.0469043 0.0923349
vn 0.00730096 0.00573213 0.00372003
v -0.0472993 0.051172 0.0885113
vn 0.00579407 0.00573213 0.00579407
v -0.0472993 0.051172 0.0885113
vn -0.00579407 -0.00573213 -0.00579407
v -0.0440777 0.0469043 0.0923349
vn -0.00730096 -0.00573213 -0.00372003
v -0.0486109 0.0482504 0.0857088
vn -0.00586353 -0.00558909 -0.00586353
v -0.0498572 0.0453338 0.0828722
vn 0.00593123 0.00544437 0.00593123
v -0.0450206 0.0434935 0.0899704
vn 0.00738849 0.00558909 0.00376462
v -0.0486109 0.0482504 0.0857088
vn 0.00586353 0.00558909 0.00586353
v -0.0486109 0.0482504 0.0857088
vn -0.00586353 -0.00558909 -0.00586353
v -0.0450206 0.0434935 0.0899704
vn -0.00738849 -0.00558909 -0.00376462
v -0.0498572 0.0453338 0.0828722
vn -0.00593123 -0.00544437 -0.00593123
v -0.051038 0.0424221 0.0800013
vn 0.00599714 0.005298 0.00599714
v -0.0459068 0.0401007 0.0875606
vn 0.00747378 0.00544437 0.00380808
v -0.0498572 0.0453338 0.0828722
vn 0.00593123 0.00544437 0.00593123
v -0.0498572 0.0453338 0.0828722
vn -0.00593123 -0.00544437 -0.00593123
v -0.0459068 0.0401007 0.0875606
vn -0.00747378 -0.00544437 -0.00380808
v -0.051038 0.0424221 0.0800013
vn -0.00599714 -0.005298 -0.00599714
v -0.0472993 0.051172 0.0885113
vn 0.00579407 0.00573213 0.00579407
v -0.0430799 0.0503301 0.0946539
vn 0.00721124 0.00587345 0.00367431
v -0.0459232 0.0540955 0.0912801
vn 0.00572288 0.00587345 0.00572288
v -0.0459232 0.0540955 0.0912801
vn -0.00572288 -0.00587345 -0.00572288
v -0.0430799 0.0503301 0.0946539
vn -0.00721124 -0.00587345 -0.00367431
v -0.0472993 0.051172 0.0885113
vn -0.00579407 -0.00573213 -0.00579407
v -0.0459232 0.0540955 0.0912801
vn 0.00572288 0.00587345 0.00572288
v -0.0420264 0.0537708 0.0969255
vn 0.00711936 0.006013 0.00362749
v -0.0444811 0.0570224 0.0940122
vn 0.00564995 0.006013 0.00564995
v -0.0444811 0.0570224 0.0940122
vn -0.00564995 -0.006013 -0.00564995
v -0.0420264 0.0537708 0.0969255
vn -0.00711936 -0.006013 -0.00362749
v -0.0459232 0.0540955 0.0912801
vn -0.00572288 -0.00587345 -0.00572288
v -0.0444811 0.0570224 0.0940122
vn 0.00564995 0.006013 0.00564995
v -0.0409178 0.0572247 0.0991505
vn 0.00702532 0.00615073 0.00357957
v -0.0429754 0.0599515 0.0967078
vn 0.00557532 0.00615073 0.00557532
v -0.0429754 0.0599515 0.0967078
vn -0.00557532 -0.00615073 -0.00557532
v -0.0409178 0.0572247 0.0991505
vn -0.00702532 -0.00615073 -0.00357957
v -0.0444811 0.0570224 0.0940122
vn -0.00564995 -0.006013 -0.00564995
v -0.0429754 0.0599515 0.0967078
vn 0.00557532 0.00615073 0.00557532
v -0.039754 0.0606913 0.101328
vn 0.00692917 0.00628662 0.00353058
v -0.0414071 0.0628796 0.0993672
vn 0.00549902 0.00628662 0.00549902
v -0.0414071 0.0628796 0.0993672
vn -0.00549902 -0.00628662 -0.00549902
v -0.039754 0.0606913 0.101328
vn -0.00692917 -0.00628662 -0.00353058
v -0.0429754 0.0599515 0.0967078
vn -0.00557532 -0.00615073 -0.00557532
v -0.0414071 0.0628796 0.0993672
vn 0.00549902 0.00628662 0.00549902
v -0.0385364 0.0641686 0.103456
vn 0.00688032 0.00635385 0.00350569
v -0.0397738 0.0658086 0.101986
vn 0.00546025 0.00635385 0.00546025
v -0.0397738 0.0658086 0.101986
vn -0.00546025 -0.00635385 -0.00546025
v -0.0385364 0.0641686 0.103456
vn -0.00688032 -0.00635385 -0.00350569
v -0.0414071 0.0628796 0.0993672
vn -0.00549902 -0.00628662 -0.00549902
v -0.0373117 0.0591706 0.103085
vn 0.00768104 0.00628662 0.00121656
v -0.0373117 0.0591706 0.103085
vn -0.00768104 -0.00628662 -0.00121656
v -0.039754 0.0606913 0.101328
vn 0.00692917 0.00628662 0.00353058
v -0.039754 0.0606913 0.101328
vn -0.00692917 -0.00628662 -0.00353058
v -0.0367063 0.0630298 0.104772
vn 0.00762688 0.00635385 0.00120798
v -0.0343181 0.058467 0.104466
vn 0.00768104 0.00628662 -0.00121656
v -0.0344631 0.0625026 0.105806
vn 0.00762688 0.00635385 -0.00120798
v -0.0344631 0.0625026 0.105806
vn -0.00762688 -0.00635385 0.00120798
v -0.0343181 0.058467 0.104466
vn -0.00768104 -0.00628662 0.00121656
v -0.0367063 0.0630298 0.104772
vn -0.00762688 -0.00635385 -0.00120798
v -0.0358541 0.0642932 0.10419
vn 0 0.01 0
v -0.0358541 0.0642932 0.10419
vn -0 -0.01 0
v -0.0373136 0.0652022 0.10314
vn 0.00883083 0.00133068 0.00449953
v -0.0379619 0.0719826 0.113293
vn 0.00978904 0.00133068 0.00155043
v -0.0390562 0.072665 0.112505
vn 0.00883083 0.00133068 0.00449953
v -0.0390562 0.072665 0.112505
vn -0.00883083 -0.00133068 -0.00449953
v -0.0379619 0.0719826 0.113293
vn -0.00978904 -0.00133068 -0.00155043
v -0.0373136 0.0652022 0.10314
vn -0.00883083 -0.00133068 -0.00449953
v -0.0324669 0.0730332 0.114268
vn 0.00449953 0.00133068 -0.00883083
v -0.0302128 0.064609 0.105699
vn 0.00700818 0.00133068 -0.00700818
v -0.0285278 0.0656947 0.10549
vn 0.00449953 0.00133068 -0.00883083
v -0.0285278 0.0656947 0.10549
vn -0.00449953 -0.00133068 0.00883083
v -0.0302128 0.064609 0.105699
vn -0.00700818 -0.00133068 0.00700818
v -0.0324669 0.0730332 0.114268
vn -0.00449953 -0.00133068 0.00883083
v -0.0324669 0.0730332 0.114268
vn 0.00449953 0.00133068 -0.00883083
v -0.0324669 0.0730332 0.114268
vn -0.00449953 -0.00133068 0.00883083
v -0.0321203 0.0639816 0.105536
vn 0 0.01 0
v -0.0321203 0.0639816 0.105536
vn -0 -0.01 0
v -0.032028 0.0626389 0.106458
vn 0.00688032 0.00635385 -0.00350569
v -0.032028 0.0626389 0.106458
vn -0.00688032 -0.00635385 0.00350569
v -0.0343181 0.058467 0.104466
vn 0.00768104 0.00628662 -0.00121656
v -0.0343181 0.058467 0.104466
vn -0.00768104 -0.00628662 0.00121656
v -0.0365354 0.0767178 0.110575
vn 0 0.01 0
v -0.0365354 0.0767178 0.110575
vn -0 -0.01 0
v -0.200353 0.4359 0.649514
vn -0.00707107 0 0.00707107
v -0.0355385 0.077193 0.110562
vn -0.00891007 0 0.00453991
v -0.0360677 0.0770185 0.110517
vn -0.00707107 0 0.00707107
v -0.0360677 0.0770185 0.110517
vn 0.00707107 0 -0.00707107
v -0.0355385 0.077193 0.110562
vn 0.00891007 -0 -0.00453991
v -0.200353 0.4359 0.649514
vn 0.00707107 0 -0.00707107
v -0.199824 0.436074 0.649559
vn -0.00891007 0 0.00453991
v -0.0350001 0.0772227 0.110706
vn -0.00987688 0 0.00156435
v -0.0355385 0.077193 0.110562
vn -0.00891007 0 0.00453991
v -0.0355385 0.077193 0.110562
vn 0.00891007 -0 -0.00453991
v -0.0350001 0.0772227 0.110706
vn 0.00987688 -0 -0.00156435
v -0.199824 0.436074 0.649559
vn 0.00891007 -0 -0.00453991
v -0.0371647 0.0753939 0.111264
vn 0.00453991 0 0.00891007
v -0.201397 0.434745 0.649964
vn 0.00156435 0 0.00987688
v -0.0371112 0.0758637 0.110968
vn 0.00156435 0 0.00987688
v -0.0371112 0.0758637 0.110968
vn -0.00156435 0 -0.00987688
v -0.201397 0.434745 0.649964
vn -0.00156435 0 -0.00987688
v -0.0371647 0.0753939 0.111264
vn -0.00453991 0 -0.00891007
v -0.0371112 0.0758637 0.110968
vn 0.00156435 0 0.00987688
v -0.20118 0.435201 0.649727
vn -0.00156435 0 0.00987688
v -0.0368944 0.0763197 0.11073
vn -0.00156435 0 0.00987688
v -0.0368944 0.0763197 0.11073
vn 0.00156435 0 -0.00987688
v -0.20118 0.435201 0.649727
vn 0.00156435 0 -0.00987688
v -0.0371112 0.0758637 0.110968
vn -0.00156435 0 -0.00987688
v -0.0370481 0.0749558 0.111591
vn 0.00707107 0 0.00707107
v -0.201451 0.434275 0.650261
vn 0.00453991 0 0.00891007
v -0.0371647 0.0753939 0.111264
vn 0.00453991 0 0.00891007
v -0.0371647 0.0753939 0.111264
vn -0.00453991 0 -0.00891007
v -0.201451 0.434275 0.650261
vn -0.00453991 0 -0.00891007
v -0.0370481 0.0749558 0.111591
vn -0.00707107 0 -0.00707107
v -0.0367754 0.0745928 0.111916
vn 0 0.01 0
v -0.0367754 0.0745928 0.111916
vn -0 -0.01 0
v -0.0358541 0.0642932 0.10419
vn 0.00978904 0.00133068 0.00155043
v -0.0366201 0.0716672 0.113912
vn 0.00978904 0.00133068 -0.00155043
v -0.0379619 0.0719826 0.113293
vn 0.00978904 0.00133068 0.00155043
v -0.0379619 0.0719826 0.113293
vn -0.00978904 -0.00133068 -0.00155043
v -0.0366201 0.0716672 0.113912
vn -0.00978904 -0.00133068 0.00155043
v -0.0358541 0.0642932 0.10419
vn -0.00978904 -0.00133068 -0.00155043
v -0.0337105 0.0760538 0.111878
vn 0 0.01 0
v -0.0337105 0.0760538 0.111878
vn -0 -0.01 0
v -0.199286 0.436104 0.649703
vn -0.00987688 0 0.00156435
v -0.0345046 0.0771063 0.110935
vn -0.00987688 0 -0.00156435
v -0.0350001 0.0772227 0.110706
vn -0.00987688 0 0.00156435
v -0.0350001 0.0772227 0.110706
vn 0.00987688 -0 -0.00156435
v -0.0345046 0.0771063 0.110935
vn 0.00987688 -0 0.00156435
v -0.199286 0.436104 0.649703
vn 0.00987688 -0 -0.00156435
v -0.19879 0.435987 0.649931
vn -0.00987688 0 -0.00156435
v -0.19879 0.435987 0.649931
vn 0.00987688 -0 0.00156435
v -0.198386 0.435736 0.650222
vn -0.00891007 0 -0.00453991
v -0.198386 0.435736 0.650222
vn 0.00891007 -0 0.00453991
v -0.197996 0.434935 0.650874
vn -0.00453991 0 -0.00891007
v -0.0338262 0.0764917 0.111551
vn -0.00707107 0 -0.00707107
v -0.198112 0.435373 0.650547
vn -0.00707107 0 -0.00707107
v -0.198112 0.435373 0.650547
vn 0.00707107 0 0.00707107
v -0.0338262 0.0764917 0.111551
vn 0.00707107 0 0.00707107
v -0.197996 0.434935 0.650874
vn 0.00453991 0 0.00891007
v -0.0393155 0.0439398 0.0957602
vn 0.00809318 0.00573213 0.00128184
v -0.0393155 0.0439398 0.0957602
vn -0.00809318 -0.00573213 -0.00128184
v -0.0397122 0.040189 0.0937887
vn 0.0081902 0.00558909 0.00129719
v -0.0397122 0.040189 0.0937887
vn -0.0081902 -0.00558909 -0.00129719
v -0.0400658 0.0364647 0.0917619
vn 0.00828475 0.00544437 0.00131218
v -0.0400658 0.0364647 0.0917619
vn -0.00828475 -0.00544437 -0.00131218
v -0.0403771 0.0327654 0.0896805
vn 0.00837681 0.005298 0.00132676
v -0.0403771 0.0327654 0.0896805
vn -0.00837681 -0.005298 -0.00132676
v -0.0406471 0.0290945 0.0875457
vn 0.00846634 0.00515004 0.00134094
v -0.0406471 0.0290945 0.0875457
vn -0.00846634 -0.00515004 -0.00134094
v -0.040874 0.025452 0.0853568
vn -0 -0.01 0
v -0.03927 0.0278296 0.0842626
vn -0 -0.01 0
v -0.03927 0.0278296 0.0842626
vn 0 0.01 0
v -0.040874 0.025452 0.0853568
vn 0 0.01 0
v -0.0388767 0.0477141 0.0976768
vn 0.00799372 0.00587345 0.00126608
v -0.0388767 0.0477141 0.0976768
vn -0.00799372 -0.00587345 -0.00126608
v -0.0388767 0.0477141 0.0976768
vn 0.00799372 0.00587345 0.00126608
v -0.0388767 0.0477141 0.0976768
vn -0.00799372 -0.00587345 -0.00126608
v -0.0383971 0.0515114 0.0995361
vn 0.00789186 0.006013 0.00124995
v -0.0383971 0.0515114 0.0995361
vn -0.00789186 -0.006013 -0.00124995
v -0.0341459 0.0544547 0.103059
vn 0.00778763 0.00615073 -0.00123344
v -0.0373117 0.0591706 0.103085
vn 0.00768104 0.00628662 0.00121656
v -0.0378748 0.0553311 0.101339
vn 0.00778763 0.00615073 0.00123344
v -0.0378748 0.0553311 0.101339
vn -0.00778763 -0.00615073 -0.00123344
v -0.0373117 0.0591706 0.103085
vn -0.00768104 -0.00628662 -0.00121656
v -0.0341459 0.0544547 0.103059
vn -0.00778763 -0.00615073 0.00123344
v 0.0155773 -0.0370747 -0.107179
vn -0 -0.01 0
v 0.0241687 -0.0326753 -0.107489
vn -0.00891007 0 0.00453991
v 0.0149174 -0.0357194 -0.108282
vn -0.00707107 0 0.00707107
v -0.0257056 0.0762747 0.0561407
vn -0.00891007 0 0.00453991
v 0.0499219 -0.0681853 -0.075996
vn -0.00156435 0 0.00987688
v 0.051447 -0.068809 -0.0751159
vn -0 -0.01 0
v 0.00536873 0.0481269 0.0843538
vn -0.00156435 0 -0.00987688
v -0.0478959 0.0603807 0.0599598
vn -0 -0.01 0
v -0.0478959 0.0603807 0.0599598
vn 0 0.01 0
v 0.00789481 -0.0420212 -0.106227
vn 0.00453991 0 -0.00891007
v -0.0504011 0.0614056 0.0585138
vn -0.00134787 0.00507547 0.00851016
v -0.0504011 0.0614056 0.0585138
vn 0.00134787 -0.00507547 -0.00851016
v -0.0532191 0.0549142 0.0665221
vn 0.00134094 0.00515004 0.00846634
v -0.0532191 0.0549142 0.0665221
vn -0.00134094 -0.00515004 -0.00846634
v -0.00586789 0.0342164 0.090191
vn -0.00453991 0 0.00891007
v 4.76587e-05 0.0407647 0.087634
vn -0.00156435 0 0.00987688
v 0.0440064 -0.0747336 -0.073439
vn -0.00453991 0 0.00891007
v -0.0520264 0.0566884 0.0702011
vn 0.00132676 0.005298 0.00837681
v -0.0541195 0.0469409 0.0715566
vn 0.00389155 0.00515004 0.0076376
v -0.0528605 0.049301 0.0748656
vn 0.00385039 0.005298 0.00755682
v -0.0528605 0.049301 0.0748656
vn -0.00385039 -0.005298 -0.00755682
v -0.0541195 0.0469409 0.0715566
vn -0.00389155 -0.00515004 -0.0076376
v -0.0520264 0.0566884 0.0702011
vn -0.00132676 -0.005298 -0.00837681
v -0.0222493 0.0264075 0.0903973
vn -0.00891007 0 0.00453991
v -0.0135504 0.0292699 0.0911429
vn -0.00707107 0 0.00707107
v 0.027625 -0.0825425 -0.0732326
vn -0.00891007 0 0.00453991
v -0.0135504 0.0292699 0.0911429
vn -0.00707107 0 0.00707107
v -0.00586789 0.0342164 0.090191
vn -0.00453991 0 0.00891007
v 0.0363239 -0.0796801 -0.072487
vn -0.00707107 0 0.00707107
v -0.0528605 0.049301 0.0748656
vn 0.00385039 0.005298 0.00755682
v -0.0521529 0.0395158 0.0770999
vn 0.00606123 0.00515004 0.00606123
v -0.051038 0.0424221 0.0800013
vn 0.00599714 0.005298 0.00599714
v -0.051038 0.0424221 0.0800013
vn -0.00599714 -0.005298 -0.00599714
v -0.0521529 0.0395158 0.0770999
vn -0.00606123 -0.00515004 -0.00606123
v -0.0528605 0.049301 0.0748656
vn -0.00385039 -0.005298 -0.00755682
v -0.0450206 0.0434935 0.0899704
vn 0.00738849 0.00558909 0.00376462
v -0.0450206 0.0434935 0.0899704
vn -0.00738849 -0.00558909 -0.00376462
v -0.0440777 0.0469043 0.0923349
vn 0.00730096 0.00573213 0.00372003
v -0.0440777 0.0469043 0.0923349
vn -0.00730096 -0.00573213 -0.00372003
v -0.0459068 0.0401007 0.0875606
vn 0.00747378 0.00544437 0.00380808
v -0.0459068 0.0401007 0.0875606
vn -0.00747378 -0.00544437 -0.00380808
v -0.0467361 0.0367239 0.0851065
vn 0.00755682 0.005298 0.00385039
v -0.0467361 0.0367239 0.0851065
vn -0.00755682 -0.005298 -0.00385039
v -0.0430799 0.0503301 0.0946539
vn 0.00721124 0.00587345 0.00367431
v -0.0430799 0.0503301 0.0946539
vn -0.00721124 -0.00587345 -0.00367431
v -0.0420264 0.0537708 0.0969255
vn 0.00711936 0.006013 0.00362749
v -0.0420264 0.0537708 0.0969255
vn -0.00711936 -0.006013 -0.00362749
v -0.0409178 0.0572247 0.0991505
vn 0.00702532 0.00615073 0.00357957
v -0.0409178 0.0572247 0.0991505
vn -0.00702532 -0.00615073 -0.00357957
v -0.0409178 0.0572247 0.0991505
vn 0.00702532 0.00615073 0.00357957
v -0.0373117 0.0591706 0.103085
vn 0.00768104 0.00628662 0.00121656
v -0.039754 0.0606913 0.101328
vn 0.00692917 0.00628662 0.00353058
v -0.039754 0.0606913 0.101328
vn -0.00692917 -0.00628662 -0.00353058
v -0.0373117 0.0591706 0.103085
vn -0.00768104 -0.00628662 -0.00121656
v -0.0409178 0.0572247 0.0991505
vn -0.00702532 -0.00615073 -0.00357957
v -0.0373117 0.0591706 0.103085
vn 0.00768104 0.00628662 0.00121656
v -0.0373117 0.0591706 0.103085
vn -0.00768104 -0.00628662 -0.00121656
v -0.0343181 0.058467 0.104466
vn 0.00768104 0.00628662 -0.00121656
v -0.032028 0.0626389 0.106458
vn 0.00688032 0.00635385 -0.00350569
v -0.0344631 0.0625026 0.105806
vn 0.00762688 0.00635385 -0.00120798
v -0.0344631 0.0625026 0.105806
vn -0.00762688 -0.00635385 0.00120798
v -0.032028 0.0626389 0.106458
vn -0.00688032 -0.00635385 0.00350569
v -0.0343181 0.058467 0.104466
vn -0.00768104 -0.00628662 0.00121656
v -0.0340647 0.0638726 0.105016
vn 0 0.01 0
v -0.0340647 0.0638726 0.105016
vn -0 -0.01 0
v -0.0358541 0.0642932 0.10419
vn 0.00978904 0.00133068 0.00155043
v -0.0358541 0.0642932 0.10419
vn -0.00978904 -0.00133068 -0.00155043
v -0.0337315 0.0722193 0.114424
vn 0.00700818 0.00133068 -0.00700818
v -0.0337315 0.0722193 0.114424
vn -0.00700818 -0.00133068 0.00700818
v -0.0324669 0.0730332 0.114268
vn 0 0.01 0
v -0.0324669 0.0730332 0.114268
vn -0 -0.01 0
v -0.032028 0.0626389 0.106458
vn 0 0.01 0
v -0.032028 0.0626389 0.106458
vn -0 -0.01 0
v -0.0337315 0.0722193 0.114424
vn 0.00700818 0.00133068 -0.00700818
v -0.0321203 0.0639816 0.105536
vn 0.00883083 0.00133068 -0.00449953
v -0.0302128 0.064609 0.105699
vn 0.00700818 0.00133068 -0.00700818
v -0.0302128 0.064609 0.105699
vn -0.00700818 -0.00133068 0.00700818
v -0.0321203 0.0639816 0.105536
vn -0.00883083 -0.00133068 0.00449953
v -0.0337315 0.0722193 0.114424
vn -0.00700818 -0.00133068 0.00700818
v -0.0310654 0.0586492 0.105336
vn 0.00692917 0.00628662 -0.00353058
v -0.0310654 0.0586492 0.105336
vn -0.00692917 -0.00628662 0.00353058
v -0.0343181 0.058467 0.104466
vn 0.00768104 0.00628662 -0.00121656
v -0.0343181 0.058467 0.104466
vn -0.00768104 -0.00628662 0.00121656
v -0.200821 0.435599 0.649571
vn -0.00453991 0 0.00891007
v -0.0360677 0.0770185 0.110517
vn -0.00707107 0 0.00707107
v -0.0365354 0.0767178 0.110575
vn -0.00453991 0 0.00891007
v -0.0365354 0.0767178 0.110575
vn 0.00453991 0 -0.00891007
v -0.0360677 0.0770185 0.110517
vn 0.00707107 0 -0.00707107
v -0.200821 0.435599 0.649571
vn 0.00453991 0 -0.00891007
v -0.199824 0.436074 0.649559
vn -0.00891007 0 0.00453991
v -0.199824 0.436074 0.649559
vn 0.00891007 -0 -0.00453991
v -0.200353 0.4359 0.649514
vn -0.00707107 0 0.00707107
v -0.200353 0.4359 0.649514
vn 0.00707107 0 -0.00707107
v -0.199286 0.436104 0.649703
vn -0.00987688 0 0.00156435
v -0.199286 0.436104 0.649703
vn 0.00987688 -0 -0.00156435
v -0.201451 0.434275 0.650261
vn 0.00453991 0 0.00891007
v -0.201451 0.434275 0.650261
vn -0.00453991 0 -0.00891007
v -0.201397 0.434745 0.649964
vn 0.00156435 0 0.00987688
v -0.201397 0.434745 0.649964
vn -0.00156435 0 -0.00987688
v -0.20118 0.435201 0.649727
vn -0.00156435 0 0.00987688
v -0.0365354 0.0767178 0.110575
vn -0.00453991 0 0.00891007
v -0.0368944 0.0763197 0.11073
vn -0.00156435 0 0.00987688
v -0.0368944 0.0763197 0.11073
vn 0.00156435 0 -0.00987688
v -0.0365354 0.0767178 0.110575
vn 0.00453991 0 -0.00891007
v -0.20118 0.435201 0.649727
vn 0.00156435 0 -0.00987688
v -0.201334 0.433837 0.650588
vn 0.00707107 0 0.00707107
v -0.201334 0.433837 0.650588
vn -0.00707107 0 -0.00707107
v -0.0340647 0.0638726 0.105016
vn 0.00978904 0.00133068 -0.00155043
v -0.0351613 0.0717495 0.114301
vn 0.00883083 0.00133068 -0.00449953
v -0.0366201 0.0716672 0.113912
vn 0.00978904 0.00133068 -0.00155043
v -0.0366201 0.0716672 0.113912
vn -0.00978904 -0.00133068 0.00155043
v -0.0351613 0.0717495 0.114301
vn -0.00883083 -0.00133068 0.00449953
v -0.0340647 0.0638726 0.105016
vn -0.00978904 -0.00133068 0.00155043
v -0.0363698 0.0743412 0.112207
vn 0 0.01 0
v -0.0363698 0.0743412 0.112207
vn -0 -0.01 0
v -0.0367754 0.0745928 0.111916
vn 0.00891007 -0 0.00453991
v -0.201334 0.433837 0.650588
vn 0.00707107 0 0.00707107
v -0.0370481 0.0749558 0.111591
vn 0.00707107 0 0.00707107
v -0.0370481 0.0749558 0.111591
vn -0.00707107 0 -0.00707107
v -0.201334 0.433837 0.650588
vn -0.00707107 0 -0.00707107
v -0.0367754 0.0745928 0.111916
vn -0.00891007 0 -0.00453991
v -0.0340647 0.0638726 0.105016
vn 0.00978904 0.00133068 -0.00155043
v -0.0340647 0.0638726 0.105016
vn -0.00978904 -0.00133068 0.00155043
v -0.0337105 0.0760538 0.111878
vn -0.00453991 0 -0.00891007
v -0.0337105 0.0760538 0.111878
vn 0.00453991 0 0.00891007
v -0.19879 0.435987 0.649931
vn -0.00987688 0 -0.00156435
v -0.19879 0.435987 0.649931
vn 0.00987688 -0 0.00156435
v -0.19879 0.435987 0.649931
vn 0 0.01 0
v -0.197996 0.434935 0.650874
vn 0 0.01 0
v -0.198386 0.435736 0.650222
vn 0 0.01 0
v -0.198386 0.435736 0.650222
vn -0 -0.01 0
v -0.197996 0.434935 0.650874
vn -0 -0.01 0
v -0.19879 0.435987 0.649931
vn -0 -0.01 0
v -0.198112 0.435373 0.650547
vn 0 0.01 0
v -0.198112 0.435373 0.650547
vn -0 -0.01 0
v -0.0393155 0.0439398 0.0957602
vn 0.00809318 0.00573213 0.00128184
v -0.0450206 0.0434935 0.0899704
vn 0.00738849 0.00558909 0.00376462
v -0.0397122 0.040189 0.0937887
vn 0.0081902 0.00558909 0.00129719
v -0.0397122 0.040189 0.0937887
vn -0.0081902 -0.00558909 -0.00129719
v -0.0450206 0.0434935 0.0899704
vn -0.00738849 -0.00558909 -0.00376462
v -0.0393155 0.0439398 0.0957602
vn -0.00809318 -0.00573213 -0.00128184
v -0.0397122 0.040189 0.0937887
vn 0.0081902 0.00558909 0.00129719
v -0.0459068 0.0401007 0.0875606
vn 0.00747378 0.00544437 0.00380808
v -0.0400658 0.0364647 0.0917619
vn 0.00828475 0.00544437 0.00131218
v -0.0400658 0.0364647 0.0917619
vn -0.00828475 -0.00544437 -0.00131218
v -0.0459068 0.0401007 0.0875606
vn -0.00747378 -0.00544437 -0.00380808
v -0.0397122 0.040189 0.0937887
vn -0.0081902 -0.00558909 -0.00129719
v -0.0400658 0.0364647 0.0917619
vn 0.00828475 0.00544437 0.00131218
v -0.0467361 0.0367239 0.0851065
vn 0.00755682 0.005298 0.00385039
v -0.0403771 0.0327654 0.0896805
vn 0.00837681 0.005298 0.00132676
v -0.0403771 0.0327654 0.0896805
vn -0.00837681 -0.005298 -0.00132676
v -0.0467361 0.0367239 0.0851065
vn -0.00755682 -0.005298 -0.00385039
v -0.0400658 0.0364647 0.0917619
vn -0.00828475 -0.00544437 -0.00131218
v -0.0403771 0.0327654 0.0896805
vn 0.00837681 0.005298 0.00132676
v -0.0475104 0.0333668 0.0826091
vn 0.0076376 0.00515004 0.00389155
v -0.0406471 0.0290945 0.0875457
vn 0.00846634 0.00515004 0.00134094
v -0.0406471 0.0290945 0.0875457
vn -0.00846634 -0.00515004 -0.00134094
v -0.0475104 0.0333668 0.0826091
vn -0.0076376 -0.00515004 -0.00389155
v -0.0403771 0.0327654 0.0896805
vn -0.00837681 -0.005298 -0.00132676
v -0.0406471 0.0290945 0.0875457
vn 0.00846634 0.00515004 0.00134094
v -0.0482263 0.0300291 0.0800681
vn 0.00767712 0.00507547 0.00391169
v -0.040874 0.025452 0.0853568
vn 0.00851016 0.00507547 0.00134787
v -0.040874 0.025452 0.0853568
vn -0.00851016 -0.00507547 -0.00134787
v -0.0482263 0.0300291 0.0800681
vn -0.00767712 -0.00507547 -0.00391169
v -0.0406471 0.0290945 0.0875457
vn -0.00846634 -0.00515004 -0.00134094
v -0.0459272 0.0319727 0.0794748
vn -0 -0.01 0
v -0.0459272 0.0319727 0.0794748
vn 0 0.01 0
v -0.0388767 0.0477141 0.0976768
vn 0.00799372 0.00587345 0.00126608
v -0.0440777 0.0469043 0.0923349
vn 0.00730096 0.00573213 0.00372003
v -0.0393155 0.0439398 0.0957602
vn 0.00809318 0.00573213 0.00128184
v -0.0393155 0.0439398 0.0957602
vn -0.00809318 -0.00573213 -0.00128184
v -0.0440777 0.0469043 0.0923349
vn -0.00730096 -0.00573213 -0.00372003
v -0.0388767 0.0477141 0.0976768
vn -0.00799372 -0.00587345 -0.00126608
v -0.0383971 0.0515114 0.0995361
vn 0.00789186 0.006013 0.00124995
v -0.0430799 0.0503301 0.0946539
vn 0.00721124 0.00587345 0.00367431
v -0.0388767 0.0477141 0.0976768
vn 0.00799372 0.00587345 0.00126608
v -0.0388767 0.0477141 0.0976768
vn -0.00799372 -0.00587345 -0.00126608
v -0.0430799 0.0503301 0.0946539
vn -0.00721124 -0.00587345 -0.00367431
v -0.0383971 0.0515114 0.0995361
vn -0.00789186 -0.006013 -0.00124995
v -0.0378748 0.0553311 0.101339
vn 0.00778763 0.00615073 0.00123344
v -0.0420264 0.0537708 0.0969255
vn 0.00711936 0.006013 0.00362749
v -0.0383971 0.0515114 0.0995361
vn 0.00789186 0.006013 0.00124995
v -0.0383971 0.0515114 0.0995361
vn -0.00789186 -0.006013 -0.00124995
v -0.0420264 0.0537708 0.0969255
vn -0.00711936 -0.006013 -0.00362749
v -0.0378748 0.0553311 0.101339
vn -0.00778763 -0.00615073 -0.00123344
v -0.0378748 0.0553311 0.101339
vn 0.00778763 0.00615073 0.00123344
v -0.0378748 0.0553311 0.101339
vn -0.00778763 -0.00615073 -0.00123344
v 0.00789481 -0.0420212 -0.106227
vn -0 -0.01 0
v -0.0349569 0.0732306 0.0553478
vn -0.00707107 0 0.00707107
v 0.0499219 -0.0681853 -0.075996
vn -0.00156435 0 0.00987688
v 0.0499219 -0.0681853 -0.075996
vn -0 -0.01 0
v 0.055243 -0.0608231 -0.0792761
vn -0.00156435 0 -0.00987688
v 0.00536873 0.0481269 0.0843538
vn -0.00156435 0 -0.00987688
v 0.051447 -0.068809 -0.0751159
vn 0.00156435 0 -0.00987688
v -0.0504011 0.0614056 0.0585138
vn -0 -0.01 0
v -0.0504011 0.0614056 0.0585138
vn 0 0.01 0
v -0.0419795 0.0669288 0.0574032
vn 0.00453991 0 -0.00891007
v -0.0478959 0.0603807 0.0599598
vn 0.00156435 0 -0.00987688
v 0.00789481 -0.0420212 -0.106227
vn 0.00453991 0 -0.00891007
v -0.0504011 0.0614056 0.0585138
vn -0.00134787 0.00507547 0.00851016
v -0.0532191 0.0549142 0.0665221
vn 0.00134094 0.00515004 0.00846634
v -0.0495396 0.0626549 0.0624896
vn -0.00134094 0.00515004 0.00846634
v -0.0495396 0.0626549 0.0624896
vn 0.00134094 -0.00515004 -0.00846634
v -0.0532191 0.0549142 0.0665221
vn -0.00134094 -0.00515004 -0.00846634
v -0.0504011 0.0614056 0.0585138
vn 0.00134787 -0.00507547 -0.00851016
v -0.0532191 0.0549142 0.0665221
vn 0.00134094 0.00515004 0.00846634
v -0.0532191 0.0549142 0.0665221
vn -0.00134094 -0.00515004 -0.00846634
v 0.0440064 -0.0747336 -0.073439
vn -0.00453991 0 0.00891007
v -0.0541195 0.0469409 0.0715566
vn 0.00389155 0.00515004 0.0076376
v -0.0541195 0.0469409 0.0715566
vn -0.00389155 -0.00515004 -0.0076376
v -0.0311115 0.0259121 0.088026
vn -0.00987688 0 0.00156435
v -0.0222493 0.0264075 0.0903973
vn -0.00891007 0 0.00453991
v 0.0187628 -0.083038 -0.0756039
vn -0.00987688 0 0.00156435
v 0.0363239 -0.0796801 -0.072487
vn -0.00707107 0 0.00707107
v 0.027625 -0.0825425 -0.0732326
vn -0.00891007 0 0.00453991
v -0.0521529 0.0395158 0.0770999
vn 0.00606123 0.00515004 0.00606123
v -0.0467361 0.0367239 0.0851065
vn 0.00755682 0.005298 0.00385039
v -0.051038 0.0424221 0.0800013
vn 0.00599714 0.005298 0.00599714
v -0.051038 0.0424221 0.0800013
vn -0.00599714 -0.005298 -0.00599714
v -0.0467361 0.0367239 0.0851065
vn -0.00755682 -0.005298 -0.00385039
v -0.0521529 0.0395158 0.0770999
vn -0.00606123 -0.00515004 -0.00606123
v -0.03927 0.0278296 0.0842626
vn -0.00987688 0 -0.00156435
v -0.0311115 0.0259121 0.088026
vn -0.00987688 0 0.00156435
v 0.0106043 -0.0811204 -0.0793674
vn -0.00987688 0 -0.00156435
v -0.0440777 0.0469043 0.0923349
vn 0.00730096 0.00573213 0.00372003
v -0.0440777 0.0469043 0.0923349
vn -0.00730096 -0.00573213 -0.00372003
v -0.0430799 0.0503301 0.0946539
vn 0.00721124 0.00587345 0.00367431
v -0.0430799 0.0503301 0.0946539
vn -0.00721124 -0.00587345 -0.00367431
v -0.0450206 0.0434935 0.0899704
vn 0.00738849 0.00558909 0.00376462
v -0.0450206 0.0434935 0.0899704
vn -0.00738849 -0.00558909 -0.00376462
v -0.0459068 0.0401007 0.0875606
vn 0.00747378 0.00544437 0.00380808
v -0.0459068 0.0401007 0.0875606
vn -0.00747378 -0.00544437 -0.00380808
v -0.0420264 0.0537708 0.0969255
vn 0.00711936 0.006013 0.00362749
v -0.0420264 0.0537708 0.0969255
vn -0.00711936 -0.006013 -0.00362749
v -0.0409178 0.0572247 0.0991505
vn 0.00702532 0.00615073 0.00357957
v -0.0409178 0.0572247 0.0991505
vn -0.00702532 -0.00615073 -0.00357957
v -0.0343398 0.0747299 0.112567
vn 0 0.01 0
v -0.0337315 0.0722193 0.114424
vn 0 0.01 0
v -0.0337315 0.0722193 0.114424
vn -0 -0.01 0
v -0.0343398 0.0747299 0.112567
vn -0 -0.01 0
v -0.0337632 0.0755838 0.112175
vn 0 0.01 0
v -0.0337632 0.0755838 0.112175
vn -0 -0.01 0
v -0.0351613 0.0717495 0.114301
vn 0.00883083 0.00133068 -0.00449953
v -0.0351613 0.0717495 0.114301
vn -0.00883083 -0.00133068 0.00449953
v -0.200821 0.435599 0.649571
vn -0.00453991 0 0.00891007
v -0.200821 0.435599 0.649571
vn 0.00453991 0 -0.00891007
v -0.200353 0.4359 0.649514
vn 0 0.01 0
v -0.198626 0.433611 0.651564
vn 0 0.01 0
v -0.199824 0.436074 0.649559
vn 0 0.01 0
v -0.199824 0.436074 0.649559
vn -0 -0.01 0
v -0.198626 0.433611 0.651564
vn -0 -0.01 0
v -0.200353 0.4359 0.649514
vn -0 -0.01 0
v -0.200821 0.435599 0.649571
vn 0 0.01 0
v -0.199622 0.433136 0.651577
vn 0 0.01 0
v -0.199622 0.433136 0.651577
vn -0 -0.01 0
v -0.200821 0.435599 0.649571
vn -0 -0.01 0
v -0.199286 0.436104 0.649703
vn 0 0.01 0
v -0.199286 0.436104 0.649703
vn -0 -0.01 0
v -0.201451 0.434275 0.650261
vn 0 0.01 0
v -0.200656 0.433222 0.651204
vn 0 0.01 0
v -0.201397 0.434745 0.649964
vn 0 0.01 0
v -0.201397 0.434745 0.649964
vn -0 -0.01 0
v -0.200656 0.433222 0.651204
vn -0 -0.01 0
v -0.201451 0.434275 0.650261
vn -0 -0.01 0
v -0.20118 0.435201 0.649727
vn 0 0.01 0
v -0.20118 0.435201 0.649727
vn -0 -0.01 0
v -0.201061 0.433474 0.650913
vn 0 0.01 0
v -0.201334 0.433837 0.650588
vn 0 0.01 0
v -0.201334 0.433837 0.650588
vn -0 -0.01 0
v -0.201061 0.433474 0.650913
vn -0 -0.01 0
v -0.0321203 0.0639816 0.105536
vn 0.00883083 0.00133068 -0.00449953
v -0.0321203 0.0639816 0.105536
vn -0.00883083 -0.00133068 0.00449953
v -0.0363698 0.0743412 0.112207
vn 0.00987688 -0 0.00156435
v -0.201061 0.433474 0.650913
vn 0.00891007 -0 0.00453991
v -0.0367754 0.0745928 0.111916
vn 0.00891007 -0 0.00453991
v -0.0367754 0.0745928 0.111916
vn -0.00891007 0 -0.00453991
v -0.201061 0.433474 0.650913
vn -0.00891007 0 -0.00453991
v -0.0363698 0.0743412 0.112207
vn -0.00987688 0 -0.00156435
v -0.201061 0.433474 0.650913
vn 0.00891007 -0 0.00453991
v -0.201061 0.433474 0.650913
vn -0.00891007 0 -0.00453991
v -0.198049 0.434465 0.651171
vn -0.00156435 0 -0.00987688
v -0.0337105 0.0760538 0.111878
vn -0.00453991 0 -0.00891007
v -0.197996 0.434935 0.650874
vn -0.00453991 0 -0.00891007
v -0.197996 0.434935 0.650874
vn 0.00453991 0 0.00891007
v -0.0337105 0.0760538 0.111878
vn 0.00453991 0 0.00891007
v -0.198049 0.434465 0.651171
vn 0.00156435 0 0.00987688
v -0.198049 0.434465 0.651171
vn 0 0.01 0
v -0.198049 0.434465 0.651171
vn -0 -0.01 0
v -0.0467361 0.0367239 0.0851065
vn 0.00755682 0.005298 0.00385039
v -0.0467361 0.0367239 0.0851065
vn -0.00755682 -0.005298 -0.00385039
v -0.0475104 0.0333668 0.0826091
vn 0.0076376 0.00515004 0.00389155
v -0.0475104 0.0333668 0.0826091
vn -0.0076376 -0.00515004 -0.00389155
v -0.0482263 0.0300291 0.0800681
vn -0 -0.01 0
v -0.0482263 0.0300291 0.0800681
vn 0 0.01 0
v -0.03927 0.0278296 0.0842626
vn -0.00987688 0 -0.00156435
v 0.0106043 -0.0811204 -0.0793674
vn -0.00987688 0 -0.00156435
v -0.0459272 0.0319727 0.0794748
vn -0.00891007 0 -0.00453991
v 0.00674563 -0.0409807 -0.10727
vn -0 -0.01 0
v 0.0149174 -0.0357194 -0.108282
vn -0.00707107 0 0.00707107
v 0.00674563 -0.0409807 -0.10727
vn -0.00453991 0 0.00891007
v -0.0349569 0.0732306 0.0553478
vn -0.00707107 0 0.00707107
v 0.0451551 -0.0757731 -0.0723967
vn -0 -0.01 0
v 0.0440064 -0.0747336 -0.073439
vn -0 -0.01 0
v 0.00157267 0.040141 0.0885141
vn 0.00156435 0 -0.00987688
v -0.0514651 0.0528721 0.0638714
vn -0 -0.01 0
v -0.0514651 0.0528721 0.0638714
vn 0 0.01 0
v 0.00197837 -0.0485693 -0.10367
vn 0.00156435 0 -0.00987688
v -0.0543428 0.0531133 0.0628337
vn 0.00134787 0.00507547 0.00851016
v -0.0543428 0.0531133 0.0628337
vn -0.00134787 -0.00507547 -0.00851016
v -0.0532191 0.0549142 0.0665221
vn 0.00134094 0.00515004 0.00846634
v -0.0553083 0.0445711 0.0682271
vn 0.00391169 0.00507547 0.00767712
v -0.0541195 0.0469409 0.0715566
vn 0.00389155 0.00515004 0.0076376
v -0.0541195 0.0469409 0.0715566
vn -0.00389155 -0.00515004 -0.0076376
v -0.0553083 0.0445711 0.0682271
vn -0.00391169 -0.00507547 -0.00767712
v -0.0532191 0.0549142 0.0665221
vn -0.00134094 -0.00515004 -0.00846634
v 0.0363239 -0.0796801 -0.072487
vn -0 -0.01 0
v -0.0553083 0.0445711 0.0682271
vn 0.00391169 0.00507547 0.00767712
v -0.0521529 0.0395158 0.0770999
vn 0.00606123 0.00515004 0.00606123
v -0.0541195 0.0469409 0.0715566
vn 0.00389155 0.00515004 0.0076376
v -0.0541195 0.0469409 0.0715566
vn -0.00389155 -0.00515004 -0.0076376
v -0.0521529 0.0395158 0.0770999
vn -0.00606123 -0.00515004 -0.00606123
v -0.0553083 0.0445711 0.0682271
vn -0.00391169 -0.00507547 -0.00767712
v 0.0187628 -0.083038 -0.0756039
vn -0.00987688 0 0.00156435
v 0.0369842 -0.0810346 -0.0713839
vn -0 -0.01 0
v 0.027625 -0.0825425 -0.0732326
vn -0 -0.01 0
v 0.027732 -0.0840785 -0.0721772
vn -0 -0.01 0
v 0.0187628 -0.083038 -0.0756039
vn -0 -0.01 0
v -0.0475104 0.0333668 0.0826091
vn 0.0076376 0.00515004 0.00389155
v -0.0475104 0.0333668 0.0826091
vn -0.0076376 -0.00515004 -0.00389155
v -0.0348067 0.074429 0.112625
vn 0 0.01 0
v -0.0348067 0.074429 0.112625
vn -0 -0.01 0
v -0.0339799 0.0751278 0.112412
vn 0 0.01 0
v -0.0339799 0.0751278 0.112412
vn -0 -0.01 0
v -0.0337632 0.0755838 0.112175
vn -0.00156435 0 -0.00987688
v -0.0337632 0.0755838 0.112175
vn 0.00156435 0 0.00987688
v -0.199092 0.43331 0.651622
vn 0 0.01 0
v -0.199092 0.43331 0.651622
vn -0 -0.01 0
v -0.198266 0.434009 0.651409
vn 0 0.01 0
v -0.198266 0.434009 0.651409
vn -0 -0.01 0
v -0.20016 0.433106 0.651433
vn 0 0.01 0
v -0.20016 0.433106 0.651433
vn -0 -0.01 0
v -0.0358743 0.0742248 0.112436
vn 0 0.01 0
v -0.0358743 0.0742248 0.112436
vn -0 -0.01 0
v -0.200656 0.433222 0.651204
vn 0.00987688 -0 0.00156435
v -0.200656 0.433222 0.651204
vn -0.00987688 0 -0.00156435
v -0.0475104 0.0333668 0.0826091
vn 0.0076376 0.00515004 0.00389155
v -0.0532 0.0366175 0.0741654
vn 0.0060926 0.00507547 0.0060926
v -0.0482263 0.0300291 0.0800681
vn 0.00767712 0.00507547 0.00391169
v -0.0482263 0.0300291 0.0800681
vn -0.00767712 -0.00507547 -0.00391169
v -0.0532 0.0366175 0.0741654
vn -0.0060926 -0.00507547 -0.0060926
v -0.0475104 0.0333668 0.0826091
vn -0.0076376 -0.00515004 -0.00389155
v -0.0504291 0.0379377 0.074131
vn -0 -0.01 0
v -0.0504291 0.0379377 0.074131
vn 0 0.01 0
v 0.00394706 -0.0769773 -0.0841551
vn -0.00891007 0 -0.00453991
v 0.00197837 -0.0485693 -0.10367
vn -0 -0.01 0
v -0.0431287 0.0679693 0.0563601
vn -0.00453991 0 0.00891007
v 0.0451551 -0.0757731 -0.0723967
vn 0.00453991 0 -0.00891007
v 0.051447 -0.068809 -0.0751159
vn 0.00156435 0 -0.00987688
v -0.00471921 0.0331769 0.0912332
vn 0.00453991 0 -0.00891007
v 0.00157267 0.040141 0.0885141
vn 0.00156435 0 -0.00987688
v -0.0543428 0.0531133 0.0628337
vn -0 -0.01 0
v -0.0543428 0.0531133 0.0628337
vn 0 0.01 0
v -0.0478959 0.0603807 0.0599598
vn 0.00156435 0 -0.00987688
v -0.0514651 0.0528721 0.0638714
vn -0.00156435 0 -0.00987688
v 0.00197837 -0.0485693 -0.10367
vn 0.00156435 0 -0.00987688
v -0.0543428 0.0531133 0.0628337
vn 0.00134787 0.00507547 0.00851016
v -0.0543428 0.0531133 0.0628337
vn -0.00134787 -0.00507547 -0.00851016
v -0.0532 0.0366175 0.0741654
vn 0.0060926 0.00507547 0.0060926
v -0.0532 0.0366175 0.0741654
vn -0.0060926 -0.00507547 -0.0060926
v 0.0183063 -0.0846069 -0.0746984
vn -0 -0.01 0
v 0.0106043 -0.0811204 -0.0793674
vn -0 -0.01 0
v -0.0521529 0.0395158 0.0770999
vn 0.00606123 0.00515004 0.00606123
v -0.0521529 0.0395158 0.0770999
vn -0.00606123 -0.00515004 -0.00606123
v -0.0353359 0.0742545 0.11258
vn 0 0.01 0
v -0.0353359 0.0742545 0.11258
vn -0 -0.01 0
v -0.198626 0.433611 0.651564
vn 0.00453991 0 -0.00891007
v -0.0348067 0.074429 0.112625
vn 0.00707107 0 -0.00707107
v -0.0343398 0.0747299 0.112567
vn 0.00453991 0 -0.00891007
v -0.0343398 0.0747299 0.112567
vn -0.00453991 0 0.00891007
v -0.0348067 0.074429 0.112625
vn -0.00707107 0 0.00707107
v -0.198626 0.433611 0.651564
vn -0.00453991 0 0.00891007
v -0.198266 0.434009 0.651409
vn 0.00156435 0 -0.00987688
v -0.0343398 0.0747299 0.112567
vn 0.00453991 0 -0.00891007
v -0.0339799 0.0751278 0.112412
vn 0.00156435 0 -0.00987688
v -0.0339799 0.0751278 0.112412
vn -0.00156435 0 0.00987688
v -0.0343398 0.0747299 0.112567
vn -0.00453991 0 0.00891007
v -0.198266 0.434009 0.651409
vn -0.00156435 0 0.00987688
v -0.0337632 0.0755838 0.112175
vn -0.00156435 0 -0.00987688
v -0.198266 0.434009 0.651409
vn 0.00156435 0 -0.00987688
v -0.0339799 0.0751278 0.112412
vn 0.00156435 0 -0.00987688
v -0.0339799 0.0751278 0.112412
vn -0.00156435 0 0.00987688
v -0.198266 0.434009 0.651409
vn -0.00156435 0 0.00987688
v -0.0337632 0.0755838 0.112175
vn 0.00156435 0 0.00987688
v -0.198049 0.434465 0.651171
vn -0.00156435 0 -0.00987688
v -0.198049 0.434465 0.651171
vn 0.00156435 0 0.00987688
v -0.199092 0.43331 0.651622
vn 0.00707107 0 -0.00707107
v -0.199092 0.43331 0.651622
vn -0.00707107 0 0.00707107
v -0.0353359 0.0742545 0.11258
vn 0.00891007 -0 -0.00453991
v -0.199092 0.43331 0.651622
vn 0.00707107 0 -0.00707107
v -0.199622 0.433136 0.651577
vn 0.00891007 -0 -0.00453991
v -0.199622 0.433136 0.651577
vn -0.00891007 0 0.00453991
v -0.199092 0.43331 0.651622
vn -0.00707107 0 0.00707107
v -0.0353359 0.0742545 0.11258
vn -0.00891007 0 0.00453991
v -0.198626 0.433611 0.651564
vn 0.00453991 0 -0.00891007
v -0.198626 0.433611 0.651564
vn -0.00453991 0 0.00891007
v -0.200656 0.433222 0.651204
vn 0.00987688 -0 0.00156435
v -0.0358743 0.0742248 0.112436
vn 0.00987688 -0 -0.00156435
v -0.20016 0.433106 0.651433
vn 0.00987688 -0 -0.00156435
v -0.20016 0.433106 0.651433
vn -0.00987688 0 0.00156435
v -0.0358743 0.0742248 0.112436
vn -0.00987688 0 0.00156435
v -0.200656 0.433222 0.651204
vn -0.00987688 0 -0.00156435
v -0.0363698 0.0743412 0.112207
vn 0.00987688 -0 0.00156435
v -0.0363698 0.0743412 0.112207
vn -0.00987688 0 -0.00156435
v -0.0553083 0.0445711 0.0682271
vn -0 -0.01 0
v -0.0532 0.0366175 0.0741654
vn -0 -0.01 0
v -0.0532 0.0366175 0.0741654
vn 0 0.01 0
v -0.0553083 0.0445711 0.0682271
vn 0 0.01 0
v -0.0459272 0.0319727 0.0794748
vn -0.00891007 0 -0.00453991
v 0.00394706 -0.0769773 -0.0841551
vn -0.00891007 0 -0.00453991
v -0.0504291 0.0379377 0.074131
vn -0.00707107 0 -0.00707107
v 0.00962831 -0.0825672 -0.0787015
vn -0 -0.01 0
v 0.00394706 -0.0769773 -0.0841551
vn -0 -0.01 0
v 0.000454249 -0.0479458 -0.10455
vn -0 -0.01 0
v 0.00674563 -0.0409807 -0.10727
vn -0.00453991 0 0.00891007
v 0.000454249 -0.0479458 -0.10455
vn -0.00156435 0 0.00987688
v -0.0431287 0.0679693 0.0563601
vn -0.00453991 0 0.00891007
v -0.00471921 0.0331769 0.0912332
vn 0.00453991 0 -0.00891007
v -0.01289 0.0279154 0.092246
vn 0.00707107 0 -0.00707107
v 0.0451551 -0.0757731 -0.0723967
vn 0.00453991 0 -0.00891007
v -0.0523375 0.0451384 0.0687548
vn -0 -0.01 0
v -0.0523375 0.0451384 0.0687548
vn 0 0.01 0
v -0.00159083 -0.0560779 -0.0997585
vn -0.00156435 0 -0.00987688
v 0.0369842 -0.0810346 -0.0713839
vn 0.00707107 0 -0.00707107
v 0.027732 -0.0840785 -0.0721772
vn 0.00891007 -0 -0.00453991
v 0.0369842 -0.0810346 -0.0713839
vn 0.00707107 0 -0.00707107
v -0.0221423 0.0248715 0.0914527
vn 0.00891007 -0 -0.00453991
v 0.0183063 -0.0846069 -0.0746984
vn 0.00987688 -0 -0.00156435
v 0.027732 -0.0840785 -0.0721772
vn 0.00891007 -0 -0.00453991
v -0.031568 0.0243431 0.0889315
vn 0.00987688 -0 -0.00156435
v -0.0348067 0.074429 0.112625
vn 0.00707107 0 -0.00707107
v -0.0348067 0.074429 0.112625
vn -0.00707107 0 0.00707107
v -0.0358743 0.0742248 0.112436
vn 0.00987688 -0 -0.00156435
v -0.199622 0.433136 0.651577
vn 0.00891007 -0 -0.00453991
v -0.20016 0.433106 0.651433
vn 0.00987688 -0 -0.00156435
v -0.20016 0.433106 0.651433
vn -0.00987688 0 0.00156435
v -0.199622 0.433136 0.651577
vn -0.00891007 0 0.00453991
v -0.0358743 0.0742248 0.112436
vn -0.00987688 0 0.00156435
v -0.0353359 0.0742545 0.11258
vn 0.00891007 -0 -0.00453991
v -0.0353359 0.0742545 0.11258
vn -0.00891007 0 0.00453991
v -0.000554792 -0.0710123 -0.089499
vn -0.00707107 0 -0.00707107
v 0.00254799 -0.0781594 -0.0837945
vn -0 -0.01 0
v -0.00159083 -0.0560779 -0.0997585
vn -0 -0.01 0
v -0.04942 0.0610042 0.0590801
vn -0.00156435 0 0.00987688
v -0.0523375 0.0451384 0.0687548
vn -0.00453991 0 -0.00891007
v -0.00246317 -0.0638116 -0.0948751
vn -0.00453991 0 -0.00891007
v -0.0514651 0.0528721 0.0638714
vn -0.00156435 0 -0.00987688
v -0.00159083 -0.0560779 -0.0997585
vn -0.00156435 0 -0.00987688
v -0.01289 0.0279154 0.092246
vn 0.00707107 0 -0.00707107
v 0.00962831 -0.0825672 -0.0787015
vn 0.00987688 -0 0.00156435
v 0.0183063 -0.0846069 -0.0746984
vn 0.00987688 -0 -0.00156435
v -0.040246 0.0263828 0.0849284
vn 0.00987688 -0 0.00156435
v -0.0221423 0.0248715 0.0914527
vn 0.00891007 -0 -0.00453991
v -0.031568 0.0243431 0.0889315
vn 0.00987688 -0 -0.00156435
v -0.0504291 0.0379377 0.074131
vn -0.00707107 0 -0.00707107
v -0.000554792 -0.0710123 -0.089499
vn -0.00707107 0 -0.00707107
v -0.0523375 0.0451384 0.0687548
vn -0.00453991 0 -0.00891007
v -0.000554792 -0.0710123 -0.089499
vn -0 -0.01 0
v 0.00962831 -0.0825672 -0.0787015
vn 0.00987688 -0 0.00156435
v -0.040246 0.0263828 0.0849284
vn 0.00987688 -0 0.00156435
v 0.00254799 -0.0781594 -0.0837945
vn 0.00891007 -0 0.00453991
v -0.00334181 -0.0559317 -0.10039
vn -0 -0.01 0
v 0.000454249 -0.0479458 -0.10455
vn -0.00156435 0 0.00987688
v -0.00334181 -0.0559317 -0.10039
vn 0.00156435 0 0.00987688
v -0.04942 0.0610042 0.0590801
vn -0.00156435 0 0.00987688
v -0.00246317 -0.0638116 -0.0948751
vn -0.00453991 0 -0.00891007
v -0.00246317 -0.0638116 -0.0948751
vn -0 -0.01 0
v -0.00427079 -0.0641563 -0.0951966
vn -0 -0.01 0
v -0.0473263 0.0307906 0.0798354
vn 0.00891007 -0 0.00453991
v -0.0532161 0.0530183 0.0632403
vn 0.00156435 0 0.00987688
v -0.00224067 -0.0718153 -0.0894782
vn -0 -0.01 0
v 0.00254799 -0.0781594 -0.0837945
vn 0.00891007 -0 0.00453991
v -0.0473263 0.0307906 0.0798354
vn 0.00891007 -0 0.00453991
v -0.00224067 -0.0718153 -0.0894782
vn 0.00707107 0 0.00707107
v -0.0532161 0.0530183 0.0632403
vn 0.00156435 0 0.00987688
v -0.00334181 -0.0559317 -0.10039
vn 0.00156435 0 0.00987688
v -0.0541451 0.0447938 0.0684334
vn 0.00453991 0 0.00891007
v -0.00427079 -0.0641563 -0.0951966
vn 0.00453991 0 0.00891007
v -0.00224067 -0.0718153 -0.0894782
vn 0.00707107 0 0.00707107
v -0.052115 0.0371347 0.0741518
vn 0.00707107 0 0.00707107
v -0.00427079 -0.0641563 -0.0951966
vn 0.00453991 0 0.00891007
v -0.052115 0.0371347 0.0741518
vn 0.00707107 0 0.00707107
v -0.0541451 0.0447938 0.0684334
vn 0.00453991 0 0.00891007
v -0.00192103 0.0691727 0.0681189
vn -0.00891007 0 -0.00453991
v 0.041296 -0.0356342 -0.100299
vn -0.00987688 0 -0.00156435
v -0.0085783 0.0733158 0.0633312
vn -0.00987688 0 -0.00156435
v 0.00258171 0.0632075 0.0734632
vn -0.00707107 0 -0.00707107
v 0.0479533 -0.0397773 -0.095511
vn -0.00891007 0 -0.00453991
v -0.0167368 0.0752333 0.0595677
vn -0.00987688 0 0.00156435
v 0.052456 -0.0457425 -0.0901667
vn -0.00707107 0 -0.00707107
v 0.0422729 -0.0341876 -0.100964
vn 0 0.01 0
v 0.041296 -0.0356342 -0.100299
vn 0 0.01 0
v 0.0479533 -0.0397773 -0.095511
vn 0 0.01 0
v 0.0331375 -0.0337167 -0.104062
vn -0.00987688 0 0.00156435
v 0.00449009 0.0560068 0.0788393
vn -0.00453991 0 -0.00891007
v 0.0493527 -0.0385944 -0.095872
vn 0 0.01 0
v 0.052456 -0.0457425 -0.0901667
vn 0 0.01 0
v 0.0335949 -0.0321479 -0.104967
vn 0 0.01 0
v 0.0331375 -0.0337167 -0.104062
vn 0 0.01 0
v -0.0255989 0.0747379 0.0571964
vn -0.00891007 0 0.00453991
v 0.0543644 -0.0529432 -0.0847906
vn -0.00453991 0 -0.00891007
v 0.0561715 -0.0525975 -0.08447
vn 0 0.01 0
v -0.00760139 0.0747624 0.0626658
vn 0.00987688 -0 0.00156435
v 0.0335949 -0.0321479 -0.104967
vn 0.00987688 -0 -0.00156435
v 0.0422729 -0.0341876 -0.100964
vn 0.00987688 -0 0.00156435
v 0.0493527 -0.0385944 -0.095872
vn 0.00891007 -0 0.00453991
v 0.0241687 -0.0326753 -0.107489
vn 0 0.01 0
v 0.0242753 -0.0342121 -0.106433
vn -0.00891007 0 0.00453991
v 0.00361686 0.0482733 0.0837224
vn -0.00156435 0 -0.00987688
v 0.0543644 -0.0529432 -0.0847906
vn 0 0.01 0
v 0.0541423 -0.0449387 -0.090188
vn 0 0.01 0
v -0.034297 0.0718753 0.0564513
vn -0.00707107 0 0.00707107
v -0.0162794 0.0768021 0.0586627
vn 0.00987688 -0 -0.00156435
v -0.000521567 0.0703556 0.0677579
vn 0.00891007 -0 0.00453991
v 0.0242753 -0.0342121 -0.106433
vn 0 0.01 0
v 0.0241687 -0.0326753 -0.107489
vn 0.00891007 -0 -0.00453991
v 0.0534911 -0.0606767 -0.0799076
vn -0.00156435 0 -0.00987688
v 0.055243 -0.0608231 -0.0792761
vn 0 0.01 0
v 0.0561715 -0.0525975 -0.08447
vn 0.00453991 0 0.00891007
v 0.00426798 0.0640113 0.073442
vn 0.00707107 0 0.00707107
v 0.0541423 -0.0449387 -0.090188
vn 0.00707107 0 0.00707107
v 0.0155773 -0.0370747 -0.107179
vn -0.00707107 0 0.00707107
v 0.0149174 -0.0357194 -0.108282
vn 0 0.01 0
v -0.0257056 0.0762747 0.0561407
vn 0.00891007 -0 -0.00453991
v 4.76587e-05 0.0407647 0.087634
vn 0.00156435 0 -0.00987688
v 0.0534911 -0.0606767 -0.0799076
vn 0 0.01 0
v 0.055243 -0.0608231 -0.0792761
vn 0.00156435 0 0.00987688
v 0.00629721 0.0563525 0.07916
vn 0.00453991 0 0.00891007
v -0.0419795 0.0669288 0.0574032
vn -0.00453991 0 0.00891007
v 0.0155773 -0.0370747 -0.107179
vn 0 0.01 0
v 0.0149174 -0.0357194 -0.108282
vn 0.00707107 0 -0.00707107
v 0.0499219 -0.0681853 -0.075996
vn 0.00156435 0 -0.00987688
v 0.051447 -0.068809 -0.0751159
vn 0 0.01 0
v 0.00536873 0.0481269 0.0843538
vn 0.00156435 0 0.00987688
v 0.00789481 -0.0420212 -0.106227
vn -0.00453991 0 0.00891007
v 0.0440064 -0.0747336 -0.073439
vn 0.00453991 0 -0.00891007
v -0.00586789 0.0342164 0.090191
vn 0.00453991 0 -0.00891007
v 0.027625 -0.0825425 -0.0732326
vn 0.00891007 -0 -0.00453991
v -0.0135504 0.0292699 0.0911429
vn 0.00707107 0 -0.00707107
v -0.0222493 0.0264075 0.0903973
vn 0.00891007 -0 -0.00453991
v 0.0363239 -0.0796801 -0.072487
vn 0.00707107 0 -0.00707107
v 0.00789481 -0.0420212 -0.106227
vn 0 0.01 0
v -0.0349569 0.0732306 0.0553478
vn 0.00707107 0 -0.00707107
v 0.0499219 -0.0681853 -0.075996
vn 0 0.01 0
v 0.051447 -0.068809 -0.0751159
vn -0.00156435 0 0.00987688
v -0.0478959 0.0603807 0.0599598
vn -0.00156435 0 0.00987688
v 0.0187628 -0.083038 -0.0756039
vn 0.00987688 -0 -0.00156435
v -0.0311115 0.0259121 0.088026
vn 0.00987688 -0 -0.00156435
v 0.0106043 -0.0811204 -0.0793674
vn 0.00987688 -0 0.00156435
v -0.03927 0.0278296 0.0842626
vn 0.00987688 -0 0.00156435
v -0.0459272 0.0319727 0.0794748
vn 0.00891007 -0 0.00453991
v 0.00674563 -0.0409807 -0.10727
vn 0 0.01 0
v 0.00674563 -0.0409807 -0.10727
vn 0.00453991 0 -0.00891007
v 0.0440064 -0.0747336 -0.073439
vn 0 0.01 0
v 0.0451551 -0.0757731 -0.0723967
vn 0 0.01 0
v 0.00157267 0.040141 0.0885141
vn -0.00156435 0 0.00987688
v 0.00197837 -0.0485693 -0.10367
vn -0.00156435 0 0.00987688
v 0.0363239 -0.0796801 -0.072487
vn 0 0.01 0
v 0.027625 -0.0825425 -0.0732326
vn 0 0.01 0
v 0.0369842 -0.0810346 -0.0713839
vn 0 0.01 0
v 0.0187628 -0.083038 -0.0756039
vn 0 0.01 0
v 0.027732 -0.0840785 -0.0721772
vn 0 0.01 0
v 0.00394706 -0.0769773 -0.0841551
vn 0.00891007 -0 0.00453991
v 0.00197837 -0.0485693 -0.10367
vn 0 0.01 0
v -0.0431287 0.0679693 0.0563601
vn 0.00453991 0 -0.00891007
v -0.00471921 0.0331769 0.0912332
vn -0.00453991 0 0.00891007
v 0.0451551 -0.0757731 -0.0723967
vn -0.00453991 0 0.00891007
v -0.0514651 0.0528721 0.0638714
vn 0.00156435 0 0.00987688
v 0.0106043 -0.0811204 -0.0793674
vn 0 0.01 0
v 0.0183063 -0.0846069 -0.0746984
vn 0 0.01 0
v -0.0504291 0.0379377 0.074131
vn 0.00707107 0 0.00707107
v 0.00394706 -0.0769773 -0.0841551
vn 0 0.01 0
v 0.00962831 -0.0825672 -0.0787015
vn 0 0.01 0
v 0.000454249 -0.0479458 -0.10455
vn 0 0.01 0
v 0.000454249 -0.0479458 -0.10455
vn 0.00156435 0 -0.00987688
v -0.01289 0.0279154 0.092246
vn -0.00707107 0 0.00707107
v -0.00159083 -0.0560779 -0.0997585
vn 0.00156435 0 0.00987688
v 0.0369842 -0.0810346 -0.0713839
vn -0.00707107 0 0.00707107
v -0.0221423 0.0248715 0.0914527
vn -0.00891007 0 0.00453991
v 0.027732 -0.0840785 -0.0721772
vn -0.00891007 0 0.00453991
v -0.031568 0.0243431 0.0889315
vn -0.00987688 0 0.00156435
v 0.0183063 -0.0846069 -0.0746984
vn -0.00987688 0 0.00156435
v -0.000554792 -0.0710123 -0.089499
vn 0.00707107 0 0.00707107
v 0.00254799 -0.0781594 -0.0837945
vn 0 0.01 0
v -0.00159083 -0.0560779 -0.0997585
vn 0 0.01 0
v -0.04942 0.0610042 0.0590801
vn 0.00156435 0 -0.00987688
v -0.00246317 -0.0638116 -0.0948751
vn 0.00453991 0 0.00891007
v -0.0523375 0.0451384 0.0687548
vn 0.00453991 0 0.00891007
v -0.040246 0.0263828 0.0849284
vn -0.00987688 0 -0.00156435
v 0.00962831 -0.0825672 -0.0787015
vn -0.00987688 0 -0.00156435
v -0.000554792 -0.0710123 -0.089499
vn 0 0.01 0
v 0.00254799 -0.0781594 -0.0837945
vn -0.00891007 0 -0.00453991
v -0.00334181 -0.0559317 -0.10039
vn 0 0.01 0
v -0.00334181 -0.0559317 -0.10039
vn -0.00156435 0 -0.00987688
v -0.00246317 -0.0638116 -0.0948751
vn 0 0.01 0
v -0.00427079 -0.0641563 -0.0951966
vn 0 0.01 0
v -0.0473263 0.0307906 0.0798354
vn -0.00891007 0 -0.00453991
v -0.0532161 0.0530183 0.0632403
vn -0.00156435 0 -0.00987688
v -0.00224067 -0.0718153 -0.0894782
vn 0 0.01 0
v -0.00224067 -0.0718153 -0.0894782
vn -0.00707107 0 -0.00707107
v -0.0541451 0.0447938 0.0684334
vn -0.00453991 0 -0.00891007
v -0.00427079 -0.0641563 -0.0951966
vn -0.00453991 0 -0.00891007
v -0.052115 0.0371347 0.0741518
vn -0.00707107 0 -0.00707107
v 0.0458186 0.0131857 0.0442287
vn -0.001481 0.00322058 -0.00935065
v 0.0347113 0.0109399 0.0578452
vn 0.000490322 0.00349641 -0.009356
v 0.0416545 0.00309853 0.0496758
vn 0.000495477 0.00322058 -0.00945422
v 0.038558 0.0202558 0.0528149
vn -0.00146561 0.00349641 -0.00925349
v 0.0416545 0.00309853 0.0496758
vn -0.000495477 -0.00322058 0.00945422
v 0.0347113 0.0109399 0.0578452
vn -0.000490322 -0.00349641 0.009356
v 0.0458186 0.0131857 0.0442287
vn 0.001481 -0.00322058 0.00935065
v 0.038558 0.0202558 0.0528149
vn 0.00146561 -0.00349641 0.00925349
v 0.0352803 -0.0063483 0.054023
vn 0.00245029 0.00322058 -0.00914462
v 0.0352803 -0.0063483 0.054023
vn -0.00245029 -0.00322058 0.00914462
v 0.0527656 0.00607704 0.0354163
vn -0.00149511 0.00294199 -0.00943977
v 0.0527656 0.00607704 0.0354163
vn 0.00149511 -0.00294199 0.00943977
v 0.0475928 0.0234729 0.0379199
vn -0.00339274 0.00322058 -0.0088384
v 0.0475928 0.0234729 0.0379199
vn 0.00339274 -0.00322058 0.0088384
v 0.0274865 0.0187995 0.0657481
vn 0.000484764 0.00376924 -0.00924975
v 0.0274865 0.0187995 0.0657481
vn -0.000484764 -0.00376924 0.00924975
v 0.0288245 0.00221528 0.0618601
vn 0.00242483 0.00349641 -0.0090496
v 0.0288245 0.00221528 0.0618601
vn -0.00242483 -0.00349641 0.0090496
v 0.0414879 -0.0148276 0.0458979
vn 0.00247365 0.00294199 -0.00923178
v 0.0414879 -0.0148276 0.0458979
vn -0.00247365 -0.00294199 0.00923178
v 0.0483094 -0.00471821 0.0412459
vn 0.000500193 0.00294199 -0.00954434
v 0.0483094 -0.00471821 0.0412459
vn -0.000500193 -0.00294199 0.00954434
v 0.0546635 0.0170856 0.028665
vn -0.00342508 0.00294199 -0.00892264
v 0.0546635 0.0170856 0.028665
vn 0.00342508 -0.00294199 0.00892264
v 0.0401954 0.0297566 0.046988
vn -0.00335749 0.00349641 -0.00874656
v 0.0401954 0.0297566 0.046988
vn 0.00335749 -0.00349641 0.00874656
v 0.0309882 0.0272816 0.0611678
vn -0.00144896 0.00376924 -0.00914841
v 0.0309882 0.0272816 0.0611678
vn 0.00144896 -0.00376924 0.00914841
v 0.0295783 -0.012111 0.056122
vn 0.00339466 0.00320475 -0.0088434
v 0.0295783 -0.012111 0.056122
vn -0.00339466 -0.00320475 0.0088434
v 0.0354937 -0.020885 0.0481041
vn 0.0034267 0.00292726 -0.00892686
v 0.0354937 -0.020885 0.0481041
vn -0.0034267 -0.00292726 0.00892686
v 0.059392 -0.00106497 0.026386
vn -0.00150795 0.00266087 -0.00952081
v 0.059392 -0.00106497 0.026386
vn 0.00150795 -0.00266087 0.00952081
v 0.0614023 0.0105995 0.0192321
vn -0.00345449 0.00266087 -0.00899923
v 0.0614023 0.0105995 0.0192321
vn 0.00345449 -0.00266087 0.00899923
v 0.0468966 0.0335104 0.0310244
vn -0.00515621 0.00322058 -0.00793986
v 0.0468966 0.0335104 0.0310244
vn 0.00515621 -0.00322058 0.00793986
v 0.0539188 0.0278268 0.0212862
vn -0.00520536 0.00294199 -0.00801554
v 0.0539188 0.0278268 0.0212862
vn 0.00520536 -0.00294199 0.00801554
v 0.0199857 0.0266722 0.0733772
vn 0.000478775 0.00403884 -0.00913557
v 0.0199857 0.0266722 0.0733772
vn -0.000478775 -0.00403884 0.00913557
v 0.0221273 0.0108567 0.0694033
vn 0.0023973 0.00376924 -0.00894683
v 0.0221273 0.0108567 0.0694033
vn -0.0023973 -0.00376924 0.00894683
v 0.0269749 -0.0147425 0.0570806
vn 0.00429801 0.00322058 -0.00843534
v 0.0269749 -0.0147425 0.0570806
vn -0.00429801 -0.00322058 0.00843534
v 0.047441 -0.0232159 0.0374922
vn 0.00249488 0.00266087 -0.00931103
v 0.047441 -0.0232159 0.0374922
vn -0.00249488 -0.00266087 0.00931103
v 0.0325994 -0.0238107 0.0491699
vn 0.00433899 0.00294199 -0.00851574
v 0.0325994 -0.0238107 0.0491699
vn -0.00433899 -0.00294199 0.00851574
v 0.0546695 -0.0125036 0.0325628
vn 0.000504492 0.00266087 -0.00962628
v 0.0546695 -0.0125036 0.0325628
vn -0.000504492 -0.00266087 0.00962628
v 0.0606137 0.0219815 0.0114133
vn -0.00525004 0.00266087 -0.00808435
v 0.0606137 0.0219815 0.0114133
vn 0.00525004 -0.00266087 0.00808435
v 0.0395525 0.0390256 0.0406205
vn -0.00510264 0.00349641 -0.00785737
v 0.0395525 0.0390256 0.0406205
vn 0.00510264 -0.00349641 0.00785737
v 0.0324795 0.035931 0.0558633
vn -0.00331936 0.00376924 -0.00864723
v 0.0324795 0.035931 0.0558633
vn 0.00331936 -0.00376924 0.00864723
v 0.0231173 0.0342573 0.0692813
vn -0.00143108 0.00403884 -0.00903547
v 0.0231173 0.0342573 0.0692813
vn 0.00143108 -0.00403884 0.00903547
v 0.0234405 -0.00322512 0.0638414
vn 0.00335973 0.00347958 -0.00875241
v 0.0234405 -0.00322512 0.0638414
vn -0.00335973 -0.00347958 0.00875241
v 0.0211544 -0.00553601 0.0646833
vn 0.00425336 0.00349641 -0.00834769
v 0.0211544 -0.00553601 0.0646833
vn -0.00425336 -0.00349641 0.00834769
v 0.0411832 -0.0295412 0.0397964
vn 0.00345582 0.00264732 -0.00900272
v 0.0411832 -0.0295412 0.0397964
vn -0.00345582 -0.00264732 0.00900272
v 0.0380236 -0.0327343 0.0409594
vn 0.00437623 0.00266087 -0.00858885
v 0.0380236 -0.0327343 0.0409594
vn -0.00437623 -0.00266087 0.00858885
v 0.0656924 -0.00823195 0.0171465
vn -0.00151949 0.00237748 -0.00959368
v 0.0656924 -0.00823195 0.0171465
vn 0.00151949 -0.00237748 0.00959368
v 0.0678042 0.00402195 0.00963111
vn -0.00348092 0.00237748 -0.00906811
v 0.0678042 0.00402195 0.00963111
vn 0.00348092 -0.00237748 0.00906811
v 0.0669752 0.0159795 0.00141675
vn -0.00529023 0.00237748 -0.00814623
v 0.0669752 0.0159795 0.00141675
vn 0.00529023 -0.00237748 0.00814623
v 0.0437622 0.042859 0.0238445
vn -0.00669432 0.00322058 -0.00669432
v 0.0437622 0.042859 0.0238445
vn 0.00669432 -0.00322058 0.00669432
v 0.0505649 0.0378312 0.0136027
vn -0.00675813 0.00294199 -0.00675813
v 0.0505649 0.0378312 0.0136027
vn 0.00675813 -0.00294199 0.00675813
v 0.0570593 0.0325818 0.00327195
vn -0.00681615 0.00266087 -0.00681615
v 0.0570593 0.0325818 0.00327195
vn 0.00681615 -0.00266087 0.00681615
v 0.0122146 0.034549 0.0807254
vn 0.000472376 0.00430497 -0.00901355
v 0.0122146 0.034549 0.0807254
vn -0.000472376 -0.00430497 0.00901355
v 0.0151926 0.0195693 0.0766456
vn 0.0023677 0.00403884 -0.00883639
v 0.0151926 0.0195693 0.0766456
vn -0.0023677 -0.00403884 0.00883639
v 0.017102 -0.0217153 0.0587141
vn 0.0059579 0.00322058 -0.0073574
v 0.017102 -0.0217153 0.0587141
vn -0.0059579 -0.00322058 0.0073574
v 0.0220338 -0.031273 0.0509182
vn 0.0060147 0.00294199 -0.00742753
v 0.0220338 -0.031273 0.0509182
vn -0.0060147 -0.00294199 0.00742753
v 0.0531366 -0.0315036 0.0288145
vn 0.00251398 0.00237748 -0.0093823
v 0.0531366 -0.0315036 0.0288145
vn -0.00251398 -0.00237748 0.0093823
v 0.0268282 -0.0406409 0.0428115
vn 0.00606633 0.00266087 -0.00749129
v 0.0268282 -0.0406409 0.0428115
vn -0.00606633 -0.00266087 0.00749129
v 0.06073 -0.0202501 0.023636
vn 0.000508353 0.00237748 -0.00969996
v 0.06073 -0.0202501 0.023636
vn -0.000508353 -0.00237748 0.00969996
v 0.0632418 0.0271169 -0.00713684
vn -0.00686832 0.00237748 -0.00686832
v 0.0632418 0.0271169 -0.00713684
vn 0.00686832 -0.00237748 0.00686832
v 0.0366582 0.0476601 0.0339892
vn -0.00662477 0.00349641 -0.00662477
v 0.0366582 0.0476601 0.0339892
vn 0.00662477 -0.00349641 0.00662477
v 0.0318949 0.0443714 0.0500653
vn -0.00504469 0.00376924 -0.00776814
v 0.0318949 0.0443714 0.0500653
vn 0.00504469 -0.00376924 0.00776814
v 0.0244505 0.0419926 0.0645373
vn -0.00327839 0.00403884 -0.00854049
v 0.0244505 0.0419926 0.0645373
vn 0.00327839 -0.00403884 0.00854049
v 0.014951 0.0411759 0.077147
vn -0.00141196 0.00430497 -0.00891479
v 0.014951 0.0411759 0.077147
vn 0.00141196 -0.00430497 0.00891479
v 0.0170867 0.00576261 0.0712587
vn 0.00332195 0.0037515 -0.00865395
v 0.0170867 0.00576261 0.0712587
vn -0.00332195 -0.0037515 0.00865395
v 0.0151437 0.00379987 0.0719733
vn 0.00420506 0.00376924 -0.0082529
v 0.0151437 0.00379987 0.0719733
vn -0.00420506 -0.00376924 0.0082529
v 0.012036 -0.0119766 0.0661924
vn 0.005896 0.00349641 -0.00728095
v 0.012036 -0.0119766 0.0661924
vn -0.005896 -0.00349641 0.00728095
v 0.0466403 -0.038069 0.0312059
vn 0.003482 0.00236518 -0.00907091
v 0.0466403 -0.038069 0.0312059
vn -0.003482 -0.00236518 0.00907091
v 0.043243 -0.0415024 0.0324565
vn 0.00440973 0.00237748 -0.00865459
v 0.043243 -0.0415024 0.0324565
vn -0.00440973 -0.00237748 0.00865459
v 0.0314809 -0.0498101 0.0344029
vn 0.00611276 0.00237748 -0.00754863
v 0.0314809 -0.0498101 0.0344029
vn -0.00611276 -0.00237748 0.00754863
v 0.0716599 -0.0154207 0.0077047
vn -0.00152973 0.00209204 -0.00965833
v 0.0716599 -0.0154207 0.0077047
vn 0.00152973 -0.00209204 0.00965833
v 0.0738621 -0.00264202 -0.000132489
vn -0.00350439 0.00209204 -0.00912922
v 0.0738621 -0.00264202 -0.000132489
vn 0.00350439 -0.00209204 0.00912922
v 0.0729984 0.00982606 -0.0086974
vn -0.00532587 0.00209204 -0.00820112
v 0.0729984 0.00982606 -0.0086974
vn 0.00532587 -0.00209204 0.00820112
v 0.0691051 0.021439 -0.0176164
vn -0.0069146 0.00209204 -0.0069146
v 0.0691051 0.021439 -0.0176164
vn 0.0069146 -0.00209204 0.0069146
v 0.0316381 0.0552805 0.0273851
vn -0.00785737 0.00349641 -0.00510264
v 0.0316381 0.0552805 0.0273851
vn 0.00785737 -0.00349641 0.00510264
v 0.0447475 0.0466611 0.00595027
vn -0.00801554 0.00294199 -0.00520536
v 0.0447475 0.0466611 0.00595027
vn 0.00801554 -0.00294199 0.00520536
v 0.0508953 0.0419392 -0.00483734
vn -0.00808435 0.00266087 -0.00525004
v 0.0508953 0.0419392 -0.00483734
vn 0.00808435 -0.00266087 0.00525004
v 0.0567652 0.0369467 -0.0156559
vn -0.00814623 0.00237748 -0.00529023
v 0.0567652 0.0369467 -0.0156559
vn 0.00814623 -0.00237748 0.00529023
v 0.00418045 0.0424244 0.0877885
vn 0.000469031 0.00443666 -0.00894964
v 0.00418045 0.0424244 0.0877885
vn -0.000469031 -0.00443666 0.00894964
v 0.00802755 0.0283431 0.0835813
vn 0.00233608 0.00430497 -0.00871836
v 0.00802755 0.0283431 0.0835813
vn -0.00233608 -0.00430497 0.00871836
v 0.00609252 -0.0269628 0.0588523
vn 0.0073574 0.00322058 -0.0059579
v 0.00609252 -0.0269628 0.0588523
vn -0.0073574 -0.00322058 0.0059579
v 0.0102517 -0.0368895 0.0510666
vn 0.00742753 0.00294199 -0.0060147
v 0.0102517 -0.0368895 0.0510666
vn -0.00742753 -0.00294199 0.0060147
v 0.0143439 -0.0465921 0.0429688
vn 0.00749129 0.00266087 -0.00606633
v 0.0143439 -0.0465921 0.0429688
vn -0.00749129 -0.00266087 0.00606633
v 0.058569 -0.039685 0.0198706
vn 0.00253092 0.00209204 -0.00944552
v 0.058569 -0.039685 0.0198706
vn -0.00253092 -0.00209204 0.00944552
v 0.0183648 -0.0560624 0.0345681
vn 0.00754863 0.00237748 -0.00611276
v 0.0183648 -0.0560624 0.0345681
vn -0.00754863 -0.00237748 0.00611276
v 0.0664867 -0.0279508 0.0144708
vn 0.000511783 0.00209204 -0.00976532
v 0.0664867 -0.0279508 0.0144708
vn -0.000511783 -0.00209204 0.00976532
v 0.0383259 0.0511096 0.0166939
vn -0.00793986 0.00322058 -0.00515621
v 0.0383259 0.0511096 0.0166939
vn 0.00793986 -0.00322058 0.00515621
v 0.0292595 0.0522317 0.0440283
vn -0.00654953 0.00376924 -0.00654953
v 0.0292595 0.0522317 0.0440283
vn 0.00654953 -0.00376924 0.00654953
v 0.0239272 0.0495401 0.0593525
vn -0.00498241 0.00403884 -0.00767224
v 0.0239272 0.0495401 0.0593525
vn 0.00498241 -0.00403884 0.00767224
v 0.0161159 0.0479341 0.0730023
vn -0.0032346 0.00430497 -0.00842642
v 0.0161159 0.0479341 0.0730023
vn 0.0032346 -0.00430497 0.00842642
v 0.00649587 0.0480327 0.0847601
vn -0.00140196 0.00443666 -0.00885158
v 0.00649587 0.0480327 0.0847601
vn 0.00140196 -0.00443666 0.00885158
v 0.0105204 0.0148475 0.0783655
vn 0.00328131 0.0040203 -0.00854811
v 0.0105204 0.0148475 0.0783655
vn -0.00328131 -0.0040203 0.00854811
v 0.00894722 0.0132575 0.0789446
vn 0.00415315 0.00403884 -0.00815102
v 0.00894722 0.0132575 0.0789446
vn -0.00415315 -0.00403884 0.00815102
v 0.00684283 -0.00206333 0.0733471
vn 0.00582904 0.00376924 -0.00719827
v 0.00684283 -0.00206333 0.0733471
vn -0.00582904 -0.00376924 0.00719827
v 0.00186866 -0.0168233 0.0663205
vn 0.00728095 0.00349641 -0.005896
v 0.00186866 -0.0168233 0.0663205
vn -0.00728095 -0.00349641 0.005896
v 0.0518606 -0.046464 0.0223395
vn 0.00350521 0.00208108 -0.00913141
v 0.0518606 -0.046464 0.0223395
vn -0.00350521 -0.00208108 0.00913141
v 0.0482521 -0.0501112 0.0236681
vn 0.00443945 0.00209204 -0.00871291
v 0.0482521 -0.0501112 0.0236681
vn -0.00443945 -0.00209204 0.00871291
v 0.0359878 -0.0587733 0.0256974
vn 0.00615395 0.00209204 -0.00759949
v 0.0359878 -0.0587733 0.0256974
vn -0.00615395 -0.00209204 0.00759949
v 0.0223113 -0.0652927 0.0258697
vn 0.00759949 0.00209204 -0.00615395
v 0.0223113 -0.0652927 0.0258697
vn -0.00759949 -0.00209204 0.00615395
v 0.0772915 -0.0226216 -0.00193301
vn -0.00153866 0.00180481 -0.00971469
v 0.0772915 -0.0226216 -0.00193301
vn 0.00153866 -0.00180481 0.00971469
v 0.0795731 -0.0093873 -0.0100494
vn -0.00352484 0.00180481 -0.0091825
v 0.0795731 -0.0093873 -0.0100494
vn 0.00352484 -0.00180481 0.0091825
v 0.0786781 0.00352603 -0.0189203
vn -0.00535696 0.00180481 -0.00824898
v 0.0786781 0.00352603 -0.0189203
vn 0.00535696 -0.00180481 0.00824898
v 0.0746455 0.0155542 -0.0281581
vn -0.00695495 0.00180481 -0.00695495
v 0.0746455 0.0155542 -0.0281581
vn 0.00695495 -0.00180481 0.00695495
v 0.0623523 0.0316889 -0.0264993
vn -0.00820112 0.00209204 -0.00532587
v 0.0623523 0.0316889 -0.0264993
vn 0.00820112 -0.00209204 0.00532587
v 0.0247114 0.0615547 0.0210963
vn -0.00874656 0.00349641 -0.00335749
v 0.0247114 0.0615547 0.0210963
vn 0.00874656 -0.00349641 0.00335749
v 0.024689 0.0591696 0.0380158
vn -0.00776814 0.00376924 -0.00504469
v 0.024689 0.0591696 0.0380158
vn 0.00776814 -0.00376924 0.00504469
v 0.0308259 0.0579038 0.00988419
vn -0.0088384 0.00322058 -0.00339274
v 0.0308259 0.0579038 0.00988419
vn 0.0088384 -0.00322058 0.00339274
v 0.0367206 0.0539316 -0.00133723
vn -0.00892264 0.00294199 -0.00342508
v 0.0367206 0.0539316 -0.00133723
vn 0.00892264 -0.00294199 0.00342508
v 0.0423911 0.0496427 -0.0125586
vn -0.00899923 0.00266087 -0.00345449
v 0.0423911 0.0496427 -0.0125586
vn 0.00899923 -0.00266087 0.00345449
v 0.00504798 0.0481541 0.0842379
vn 0 0.01 0
v 0.00418045 0.0424244 0.0877885
vn 0 0.01 0
v 0.00649587 0.0480327 0.0847601
vn 0 0.01 0
v 0.00649587 0.0480327 0.0847601
vn -0 -0.01 0
v 0.00418045 0.0424244 0.0877885
vn -0 -0.01 0
v 0.00504798 0.0481541 0.0842379
vn -0 -0.01 0
v 0.000637088 0.0371738 0.0902046
vn 0.00231952 0.00443666 -0.00865655
v 0.000637088 0.0371738 0.0902046
vn -0.00231952 -0.00443666 0.00865655
v -0.00557312 -0.0302572 0.0574902
vn 0.00843534 0.00322058 -0.00429801
v -0.00557312 -0.0302572 0.0574902
vn -0.00843534 -0.00322058 0.00429801
v -0.00223134 -0.0404142 0.0496087
vn 0.00851574 0.00294199 -0.00433899
v -0.00223134 -0.0404142 0.0496087
vn -0.00851574 -0.00294199 0.00433899
v 0.00111633 -0.050327 0.0414239
vn 0.00858885 0.00266087 -0.00437623
v 0.00111633 -0.050327 0.0414239
vn -0.00858885 -0.00266087 0.00437623
v 0.00446914 -0.0599856 0.0329449
vn 0.00865459 0.00237748 -0.00440973
v 0.00446914 -0.0599856 0.0329449
vn -0.00865459 -0.00237748 0.00440973
v 0.0637329 -0.0477535 0.010668
vn 0.00254569 0.00180481 -0.00950064
v 0.0637329 -0.0477535 0.010668
vn -0.00254569 -0.00180481 0.00950064
v 0.00782133 -0.0693842 0.0241774
vn 0.00871291 0.00209204 -0.00443945
v 0.00782133 -0.0693842 0.0241774
vn -0.00871291 -0.00209204 0.00443945
v 0.0719338 -0.0355998 0.00507532
vn 0.000514767 0.00180481 -0.0098223
v 0.0719338 -0.0355998 0.00507532
vn -0.000514767 -0.00180481 0.0098223
v 0.0676519 0.0261697 -0.0373579
vn -0.00824898 0.00180481 -0.00535696
v 0.0676519 0.0261697 -0.0373579
vn 0.00824898 -0.00180481 0.00535696
v 0.0478304 0.0450402 -0.0237681
vn -0.00906811 0.00237748 -0.00348092
v 0.0478304 0.0450402 -0.0237681
vn 0.00906811 -0.00237748 0.00348092
v 0.0183823 0.0648811 0.0322906
vn -0.00864723 0.00376924 -0.00331936
v 0.0183823 0.0648811 0.0322906
vn 0.00864723 -0.00376924 0.00331936
v 0.0215709 0.0565689 0.0539542
vn -0.00646868 0.00403884 -0.00646868
v 0.0215709 0.0565689 0.0539542
vn 0.00646868 -0.00403884 0.00646868
v 0.0156584 0.0545276 0.0684727
vn -0.00491587 0.00430497 -0.00756977
v 0.0156584 0.0545276 0.0684727
vn 0.00491587 -0.00430497 0.00756977
v 0.00748179 0.0537519 0.0812526
vn -0.00321166 0.00443666 -0.00836667
v 0.00748179 0.0537519 0.0812526
vn 0.00321166 -0.00443666 0.00836667
v 0.00284294 0.0428133 0.0871219
vn 0 0.01 0
v 0.00284294 0.0428133 0.0871219
vn -0 -0.01 0
v 0.00598729 0.0536007 0.0808977
vn 0 0.01 0
v 0.00598729 0.0536007 0.0808977
vn -0 -0.01 0
v 0.000637088 0.0371738 0.0902046
vn 0 0.01 0
v 0.000637088 0.0371738 0.0902046
vn -0 -0.01 0
v 0.00375061 0.0240207 0.0851556
vn 0.00323788 0.00428573 -0.00843496
v 0.00375061 0.0240207 0.0851556
vn -0.00323788 -0.00428573 0.00843496
v 0.00257138 0.0228297 0.0855892
vn 0.00409768 0.00430497 -0.00804215
v 0.00257138 0.0228297 0.0855892
vn -0.00409768 -0.00430497 0.00804215
v 0.00152377 0.00801485 0.0801727
vn 0.00575709 0.00403884 -0.00710941
v 0.00152377 0.00801485 0.0801727
vn -0.00575709 -0.00403884 0.00710941
v -0.00241401 -0.00647535 0.0734633
vn 0.00719827 0.00376924 -0.00582904
v -0.00241401 -0.00647535 0.0734633
vn -0.00719827 -0.00376924 0.00582904
v -0.00890391 -0.0198652 0.0650624
vn 0.00834769 0.00349641 -0.00425336
v -0.00890391 -0.0198652 0.0650624
vn -0.00834769 -0.00349641 0.00425336
v 0.0568414 -0.0547184 0.0132049
vn 0.00352546 0.00179524 -0.00918414
v 0.0568414 -0.0547184 0.0132049
vn -0.00352546 -0.00179524 0.00918414
v 0.0530472 -0.0585528 0.0146015
vn 0.00446536 0.00180481 -0.00876375
v 0.0530472 -0.0585528 0.0146015
vn -0.00446536 -0.00180481 0.00876375
v 0.0403449 -0.0675235 0.0167028
vn 0.00618986 0.00180481 -0.00764384
v 0.0403449 -0.0675235 0.0167028
vn -0.00618986 -0.00180481 0.00764384
v 0.0261804 -0.0742762 0.0168816
vn 0.00764384 0.00180481 -0.00618986
v 0.0261804 -0.0742762 0.0168816
vn -0.00764384 -0.00180481 0.00618986
v 0.0111735 -0.0785142 0.0151294
vn 0.00876375 0.00180481 -0.00446536
v 0.0111735 -0.0785142 0.0151294
vn -0.00876375 -0.00180481 0.00446536
v 0.0825811 -0.0298315 -0.0117544
vn -0.00154627 0.00151603 -0.00976272
v 0.0825811 -0.0298315 -0.0117544
vn 0.00154627 -0.00151603 0.00976272
v 0.0849298 -0.0162069 -0.0201103
vn -0.00354226 0.00151603 -0.00922789
v 0.0849298 -0.0162069 -0.0201103
vn 0.00354226 -0.00151603 0.00922789
v 0.0840089 -0.00291404 -0.0292417
vn -0.00538344 0.00151603 -0.00828977
v 0.0840089 -0.00291404 -0.0292417
vn 0.00538344 -0.00151603 0.00828977
v 0.0798575 0.00946642 -0.0387504
vn -0.00698933 0.00151603 -0.00698933
v 0.0798575 0.00946642 -0.0387504
vn 0.00698933 -0.00151603 0.00698933
v 0.0726581 0.0203946 -0.0482211
vn -0.00828977 0.00151603 -0.00538344
v 0.0726581 0.0203946 -0.0482211
vn 0.00828977 -0.00151603 0.00538344
v 0.0530356 0.0401275 -0.0349577
vn -0.00912922 0.00209204 -0.00350439
v 0.0530356 0.0401275 -0.0349577
vn 0.00912922 -0.00209204 0.00350439
v 0.0161822 0.0662086 0.0153979
vn -0.00925349 0.00349641 -0.00146561
v 0.0161822 0.0662086 0.0153979
vn 0.00925349 -0.00349641 0.00146561
v 0.0106167 0.0691184 0.0271023
vn -0.00914841 0.00376924 -0.00144896
v 0.0106167 0.0691184 0.0271023
vn 0.00914841 -0.00376924 0.00144896
v 0.0118432 0.0678815 0.043457
vn -0.00854049 0.00403884 -0.00327839
v 0.0118432 0.0678815 0.043457
vn 0.00854049 -0.00403884 0.00327839
v 0.0174831 0.0627737 0.0485769
vn -0.00767224 0.00403884 -0.00498241
v 0.0174831 0.0627737 0.0485769
vn 0.00767224 -0.00403884 0.00498241
v 0.0215903 0.0629427 0.00371408
vn -0.00935065 0.00322058 -0.001481
v 0.0215903 0.0629427 0.00371408
vn 0.00935065 -0.00322058 0.001481
v 0.0268368 0.0593246 -0.00794062
vn -0.00943977 0.00294199 -0.00149511
v 0.0268368 0.0593246 -0.00794062
vn 0.00943977 -0.00294199 0.00149511
v 0.0319172 0.055356 -0.0195552
vn -0.00952081 0.00266087 -0.00150795
v 0.0319172 0.055356 -0.0195552
vn 0.00952081 -0.00266087 0.00150795
v 0.00748179 0.0537519 0.0812526
vn 0 0.01 0
v 0.00748179 0.0537519 0.0812526
vn -0 -0.01 0
v 0.0139257 0.0409545 0.0762445
vn 0.00141196 -0.00430497 0.00891479
v 0.00284294 0.0428133 0.0871219
vn -0.000469031 -0.00443666 0.00894964
v 0.00504798 0.0481541 0.0842379
vn 0.00140196 -0.00443666 0.00885158
v 0.00504798 0.0481541 0.0842379
vn -0.00140196 0.00443666 -0.00885158
v 0.00284294 0.0428133 0.0871219
vn 0.000469031 0.00443666 -0.00894964
v 0.0139257 0.0409545 0.0762445
vn -0.00141196 0.00430497 -0.00891479
v 0.0150527 0.0474917 0.0722353
vn 0.0032346 -0.00430497 0.00842642
v 0.00598729 0.0536007 0.0808977
vn 0.00321166 -0.00443666 0.00836667
v 0.00598729 0.0536007 0.0808977
vn -0.00321166 0.00443666 -0.00836667
v 0.0150527 0.0474917 0.0722353
vn -0.0032346 0.00430497 -0.00842642
v -0.000531988 0.037811 0.0894239
vn 0 0.01 0
v -0.000531988 0.037811 0.0894239
vn -0 -0.01 0
v -0.0173832 -0.0314525 0.0546863
vn 0.00914462 0.00322058 -0.00245029
v -0.0173832 -0.0314525 0.0546863
vn -0.00914462 -0.00322058 0.00245029
v -0.0148703 -0.0416937 0.0466082
vn 0.00923178 0.00294199 -0.00247365
v -0.0148703 -0.0416937 0.0466082
vn -0.00923178 -0.00294199 0.00247365
v -0.0122753 -0.0516821 0.0382444
vn 0.00931103 0.00266087 -0.00249488
v -0.0122753 -0.0516821 0.0382444
vn -0.00931103 -0.00266087 0.00249488
v -0.00960118 -0.0614101 0.0296048
vn 0.0093823 0.00237748 -0.00251398
v -0.00960118 -0.0614101 0.0296048
vn -0.0093823 -0.00237748 0.00251398
v -0.00684852 -0.0708695 0.020695
vn 0.00944552 0.00209204 -0.00253092
v -0.00684852 -0.0708695 0.020695
vn -0.00944552 -0.00209204 0.00253092
v 0.0686232 -0.0557018 0.00121647
vn 0.00255827 0.00151603 -0.00954761
v 0.0686232 -0.0557018 0.00121647
vn -0.00255827 -0.00151603 0.00954761
v -0.00402116 -0.0800506 0.011521
vn 0.00950064 0.00180481 -0.00254569
v -0.00402116 -0.0800506 0.011521
vn -0.00950064 -0.00180481 0.00254569
v 0.0770652 -0.0431904 -0.00454085
vn 0.000517312 0.00151603 -0.00987086
v 0.0770652 -0.0431904 -0.00454085
vn -0.000517312 -0.00151603 0.00987086
v 0.0580026 0.0349099 -0.0461185
vn -0.0091825 0.00180481 -0.00352484
v 0.0580026 0.0349099 -0.0461185
vn 0.0091825 -0.00180481 0.00352484
v 0.0368277 0.0510432 -0.0311187
vn -0.00959368 0.00237748 -0.00151949
v 0.0368277 0.0510432 -0.0311187
vn 0.00959368 -0.00237748 0.00151949
v 0.00489913 0.0716704 0.0388176
vn -0.00903547 0.00403884 -0.00143108
v 0.00489913 0.0716704 0.0388176
vn 0.00903547 -0.00403884 0.00143108
v 0.0135998 0.0606688 0.0637562
vn -0.00638229 0.00430497 -0.00638229
v 0.0135998 0.0606688 0.0637562
vn 0.00638229 -0.00430497 0.00638229
v 0.00709548 0.059332 0.0774194
vn -0.00488101 0.00443666 -0.0075161
v 0.00709548 0.059332 0.0774194
vn 0.00488101 -0.00443666 0.0075161
v 0.00561838 0.0589142 0.0772474
vn 0 0.01 0
v 0.00561838 0.0589142 0.0772474
vn -0 -0.01 0
v 0.00377673 0.0418976 0.0863008
vn -0.000469031 -0.00443666 0.00894964
v 0.00377673 0.0418976 0.0863008
vn 0.000469031 0.00443666 -0.00894964
v 0.0060311 0.0473567 0.0833531
vn 0.00140196 -0.00443666 0.00885158
v 0.0060311 0.0473567 0.0833531
vn -0.00140196 0.00443666 -0.00885158
v 0.00699027 0.0529241 0.0799386
vn 0.00321166 -0.00443666 0.00836667
v 0.00699027 0.0529241 0.0799386
vn -0.00321166 0.00443666 -0.00836667
v -0.00322022 0.0332752 0.0916247
vn 0 0.01 0
v -0.00322022 0.0332752 0.0916247
vn -0 -0.01 0
v -0.000531988 0.037811 0.0894239
vn -0.00231952 -0.00443666 0.00865655
v -0.000531988 0.037811 0.0894239
vn 0.00231952 0.00443666 -0.00865655
v -0.00398022 0.0325071 0.0919044
vn 0.00406862 0.00443666 -0.00798513
v -0.00398022 0.0325071 0.0919044
vn -0.00406862 -0.00443666 0.00798513
v -0.00391451 0.0182488 0.0866624
vn 0.00568019 0.00430497 -0.00701446
v -0.00391451 0.0182488 0.0866624
vn -0.00568019 -0.00430497 0.00701446
v -0.00675437 0.00406874 0.080277
vn 0.00710941 0.00403884 -0.00575709
v -0.00675437 0.00406874 0.080277
vn -0.00710941 -0.00403884 0.00575709
v -0.0122224 -0.00924595 0.0723184
vn 0.0082529 0.00376924 -0.00420506
v -0.0122224 -0.00924595 0.0723184
vn -0.0082529 -0.00376924 0.00420506
v -0.0198104 -0.0209685 0.0624727
vn 0.0090496 0.00349641 -0.00242483
v -0.0198104 -0.0209685 0.0624727
vn -0.0090496 -0.00349641 0.00242483
v 0.0615754 -0.0628253 0.00381133
vn 0.0035427 0.00150792 -0.00922906
v 0.0615754 -0.0628253 0.00381133
vn -0.0035427 -0.00150792 0.00922906
v 0.0576243 -0.0668172 0.00526501
vn 0.00448743 0.00151603 -0.00880708
v 0.0576243 -0.0668172 0.00526501
vn -0.00448743 -0.00151603 0.00880708
v 0.0445497 -0.076052 0.00742867
vn 0.00622047 0.00151603 -0.00768163
v 0.0445497 -0.076052 0.00742867
vn -0.00622047 -0.00151603 0.00768163
v 0.0299681 -0.0830028 0.00761235
vn 0.00768163 0.00151603 -0.00622047
v 0.0299681 -0.0830028 0.00761235
vn -0.00768163 -0.00151603 0.00622047
v 0.0145205 -0.0873644 0.00580796
vn 0.00880708 0.00151603 -0.00448743
v 0.0145205 -0.0873644 0.00580796
vn -0.00880708 -0.00151603 0.00448743
v -0.0011213 -0.0889483 0.00209501
vn 0.00954761 0.00151603 -0.00255827
v -0.0011213 -0.0889483 0.00209501
vn -0.00954761 -0.00151603 0.00255827
v 0.0875256 -0.0370417 -0.0217552
vn -0.00155254 0.00122596 -0.00980237
v 0.0875256 -0.0370417 -0.0217552
vn 0.00155254 -0.00122596 0.00980237
v 0.0899285 -0.0230974 -0.0303074
vn -0.00355664 0.00122596 -0.00926538
v 0.0899285 -0.0230974 -0.0303074
vn 0.00355664 -0.00122596 0.00926538
v 0.0889861 -0.00949055 -0.0396545
vn -0.00540531 0.00122596 -0.00832344
v 0.0889861 -0.00949055 -0.0396545
vn 0.00540531 -0.00122596 0.00832344
v 0.0847373 0.00318169 -0.0493871
vn -0.00701773 0.00122596 -0.00701773
v 0.0847373 0.00318169 -0.0493871
vn 0.00701773 -0.00122596 0.00701773
v 0.0773683 0.0143678 -0.0590812
vn -0.00832344 0.00122596 -0.00540531
v 0.0773683 0.0143678 -0.0590812
vn 0.00832344 -0.00122596 0.00540531
v 0.062725 0.0293914 -0.057239
vn -0.00922789 0.00151603 -0.00354226
v 0.062725 0.0293914 -0.057239
vn 0.00922789 -0.00151603 0.00354226
v 0.0415626 0.0463874 -0.0426227
vn -0.00965833 0.00209204 -0.00152973
v 0.0415626 0.0463874 -0.0426227
vn 0.00965833 -0.00209204 0.00152973
v 0.0064214 0.0690379 0.010539
vn -0.009356 0.00349641 0.000490322
v 0.0064214 0.0690379 0.010539
vn 0.009356 -0.00349641 -0.000490322
v 0.0017296 0.0716942 0.0226785
vn -0.00924975 0.00376924 0.000484764
v 0.0017296 0.0716942 0.0226785
vn 0.00924975 -0.00376924 -0.000484764
v -0.003048 0.0739744 0.0348613
vn -0.00913557 0.00403884 0.000478775
v -0.003048 0.0739744 0.0348613
vn 0.00913557 -0.00403884 -0.000478775
v 0.00510121 0.0705523 0.0545851
vn -0.00842642 0.00430497 -0.0032346
v 0.00510121 0.0705523 0.0545851
vn 0.00842642 -0.00430497 0.0032346
v -0.000965692 0.0738625 0.0505319
vn -0.00891479 0.00430497 -0.00141196
v -0.000965692 0.0738625 0.0505319
vn 0.00891479 -0.00430497 0.00141196
v 0.0100286 0.0660889 0.0590588
vn -0.00756977 0.00430497 -0.00491587
v 0.0100286 0.0660889 0.0590588
vn 0.00756977 -0.00430497 0.00491587
v 0.0110208 0.0660066 -0.00154748
vn -0.00945422 0.00322058 0.000495477
v 0.0110208 0.0660066 -0.00154748
vn 0.00945422 -0.00322058 -0.000495477
v 0.0155265 0.0626034 -0.0135712
vn -0.00954434 0.00294199 0.000500193
v 0.0155265 0.0626034 -0.0135712
vn 0.00954434 -0.00294199 -0.000500193
v 0.00709548 0.059332 0.0774194
vn 0 0.01 0
v 0.00709548 0.059332 0.0774194
vn -0 -0.01 0
v 0.0199327 0.0588306 -0.0255215
vn -0.00962628 0.00266087 0.000504492
v 0.0199327 0.0588306 -0.0255215
vn 0.00962628 -0.00266087 -0.000504492
v 0.0146108 0.0538707 0.0678532
vn 0.00491587 -0.00430497 0.00756977
v 0.00561838 0.0589142 0.0772474
vn 0.00488101 -0.00443666 0.0075161
v 0.00561838 0.0589142 0.0772474
vn -0.00488101 0.00443666 -0.0075161
v 0.0146108 0.0538707 0.0678532
vn -0.00491587 0.00430497 -0.00756977
v 0.0112791 0.0345436 0.0797064
vn -0.000472376 -0.00430497 0.00901355
v 0.0112791 0.0345436 0.0797064
vn 0.000472376 0.00430497 -0.00901355
v -0.00428002 0.034024 0.0908031
vn 0 0.01 0
v -0.00428002 0.034024 0.0908031
vn -0 -0.01 0
v -0.00322022 0.0332752 0.0916247
vn 0.00321512 0.00441711 -0.00837569
v -0.00322022 0.0332752 0.0916247
vn -0.00321512 -0.00441711 0.00837569
v 0.000327098 0.0367839 0.0886543
vn -0.00231952 -0.00443666 0.00865655
v 0.000327098 0.0367839 0.0886543
vn 0.00231952 0.00443666 -0.00865655
v -0.0288227 -0.0304973 0.0505636
vn 0.00945422 0.00322058 -0.000495477
v -0.0288227 -0.0304973 0.0505636
vn -0.00945422 -0.00322058 0.000495477
v -0.0271131 -0.0406714 0.042196
vn 0.00954434 0.00294199 -0.000500193
v -0.0271131 -0.0406714 0.042196
vn -0.00954434 -0.00294199 0.000500193
v -0.0252475 -0.0505992 0.0335694
vn 0.00962628 0.00266087 -0.000504492
v -0.0252475 -0.0505992 0.0335694
vn -0.00962628 -0.00266087 0.000504492
v -0.0232294 -0.0602721 0.0246932
vn 0.00969996 0.00237748 -0.000508353
v -0.0232294 -0.0602721 0.0246932
vn -0.00969996 -0.00237748 0.000508353
v -0.0210588 -0.0696828 0.0155736
vn 0.00976532 0.00209204 -0.000511783
v -0.0210588 -0.0696828 0.0155736
vn -0.00976532 -0.00209204 0.000511783
v -0.018739 -0.0788227 0.00621748
vn 0.0098223 0.00180481 -0.000514767
v -0.018739 -0.0788227 0.00621748
vn -0.0098223 -0.00180481 0.000514767
v 0.0732394 -0.0635217 -0.00847846
vn 0.00256867 0.00122596 -0.00958639
v 0.0732394 -0.0635217 -0.00847846
vn -0.00256867 -0.00122596 0.00958639
v -0.0162704 -0.0876827 -0.00336514
vn 0.00987086 0.00151603 -0.000517312
v -0.0162704 -0.0876827 -0.00336514
vn -0.00987086 -0.00151603 0.000517312
v 0.0818794 -0.0507162 -0.0143713
vn 0.000519412 0.00122596 -0.00991096
v 0.0818794 -0.0507162 -0.0143713
vn -0.000519412 -0.00122596 0.00991096
v 0.0461192 0.0413925 -0.0540568
vn -0.00971469 0.00180481 -0.00153866
v 0.0461192 0.0413925 -0.0540568
vn 0.00971469 -0.00180481 0.00153866
v 0.0242366 0.0546931 -0.0373867
vn -0.00969996 0.00237748 0.000508353
v 0.0242366 0.0546931 -0.0373867
vn 0.00969996 -0.00237748 -0.000508353
v -0.00790906 0.0758751 0.0470755
vn -0.00901355 0.00430497 0.000472376
v -0.00790906 0.0758751 0.0470755
vn 0.00901355 -0.00430497 -0.000472376
v 0.00535301 0.0645285 0.0734283
vn -0.00633703 0.00443666 -0.00633703
v 0.00535301 0.0645285 0.0734283
vn 0.00633703 -0.00443666 0.00633703
v 0.00395906 0.063864 0.0734459
vn 0 0.01 0
v 0.00395906 0.063864 0.0734459
vn -0 -0.01 0
v 0.00661375 0.0583565 0.0762067
vn 0.00488101 -0.00443666 0.0075161
v 0.00661375 0.0583565 0.0762067
vn -0.00488101 0.00443666 -0.0075161
v 0.022067 0.0340563 0.0684022
vn 0.00143108 -0.00403884 0.00903547
v 0.022067 0.0340563 0.0684022
vn -0.00143108 0.00403884 -0.00903547
v 0.023362 0.041568 0.0637954
vn 0.00327839 -0.00403884 0.00854049
v 0.023362 0.041568 0.0637954
vn -0.00327839 0.00403884 -0.00854049
v 0.0228544 0.0488973 0.0587606
vn 0.00498241 -0.00403884 0.00767224
v 0.0228544 0.0488973 0.0587606
vn -0.00498241 0.00403884 -0.00767224
v -0.00398022 0.0325071 0.0919044
vn 0 0.01 0
v -0.00398022 0.0325071 0.0919044
vn -0 -0.01 0
v -0.00492897 0.033367 0.0910427
vn -0.00406862 -0.00443666 0.00798513
v -0.00428002 0.034024 0.0908031
vn -0.00321512 -0.00441711 0.00837569
v -0.00428002 0.034024 0.0908031
vn 0.00321512 0.00441711 -0.00837569
v -0.00492897 0.033367 0.0910427
vn 0.00406862 0.00443666 -0.00798513
v -0.00946895 0.0286304 0.0928127
vn 0.00563992 0.00443666 -0.00696473
v -0.00946895 0.0286304 0.0928127
vn -0.00563992 -0.00443666 0.00696473
v -0.0111472 0.0148011 0.0867535
vn 0.00701446 0.00430497 -0.00568019
v -0.0111472 0.0148011 0.0867535
vn -0.00701446 -0.00430497 0.00568019
v -0.015526 0.00159139 0.0792529
vn 0.00815102 0.00403884 -0.00415315
v -0.015526 0.00159139 0.0792529
vn -0.00815102 -0.00403884 0.00415315
v -0.0221522 -0.0102509 0.069961
vn 0.00894683 0.00376924 -0.0023973
v -0.0221522 -0.0102509 0.069961
vn -0.00894683 -0.00376924 0.0023973
v -0.0303757 -0.020087 0.0586655
vn 0.009356 0.00349641 -0.000490322
v -0.0303757 -0.020087 0.0586655
vn -0.009356 -0.00349641 0.000490322
v 0.0660607 -0.0707771 -0.00583566
vn 0.00355694 0.00121934 -0.00926615
v 0.0660607 -0.0707771 -0.00583566
vn -0.00355694 -0.00121934 0.00926615
v 0.0619801 -0.0749003 -0.00433406
vn 0.00450566 0.00122596 -0.00884285
v 0.0619801 -0.0749003 -0.00433406
vn -0.00450566 -0.00122596 0.00884285
v 0.0485968 -0.0843523 -0.0021198
vn 0.00624573 0.00122596 -0.00771284
v 0.0485968 -0.0843523 -0.0021198
vn -0.00624573 -0.00122596 0.00771284
v 0.0336728 -0.0914671 -0.00193138
vn 0.00771284 0.00122596 -0.00624573
v 0.0336728 -0.0914671 -0.00193138
vn -0.00771284 -0.00122596 0.00624573
v 0.0178602 -0.0959318 -0.0037783
vn 0.00884285 0.00122596 -0.00450566
v 0.0178602 -0.0959318 -0.0037783
vn -0.00884285 -0.00122596 0.00450566
v 0.00185069 -0.097552 -0.00757921
vn 0.00958639 0.00122596 -0.00256867
v 0.00185069 -0.097552 -0.00757921
vn -0.00958639 -0.00122596 0.00256867
v -0.0136569 -0.0962575 -0.0131678
vn 0.00991096 0.00122596 -0.000519412
v -0.0136569 -0.0962575 -0.0131678
vn -0.00991096 -0.00122596 0.000519412
v 0.0921183 -0.0442481 -0.0319241
vn -0.00155749 0.00093483 -0.00983363
v 0.0921183 -0.0442481 -0.0319241
vn 0.00155749 -0.00093483 0.00983363
v 0.0945659 -0.0300499 -0.0406317
vn -0.00356799 0.00093483 -0.00929492
v 0.0945659 -0.0300499 -0.0406317
vn 0.00356799 -0.00093483 0.00929492
v 0.093606 -0.0161973 -0.0501477
vn -0.00542254 0.00093483 -0.00834998
v 0.093606 -0.0161973 -0.0501477
vn 0.00542254 -0.00093483 0.00834998
v 0.0892803 -0.00329441 -0.0600574
vn -0.0070401 0.00093483 -0.0070401
v 0.0892803 -0.00329441 -0.0600574
vn 0.0070401 -0.00093483 0.0070401
v 0.0817774 0.00809396 -0.069927
vn -0.00834998 0.00093483 -0.00542254
v 0.0817774 0.00809396 -0.069927
vn 0.00834998 -0.00093483 0.00542254
v 0.0672015 0.0235768 -0.0683117
vn -0.00926538 0.00122596 -0.00355664
v 0.0672015 0.0235768 -0.0683117
vn 0.00926538 -0.00122596 0.00355664
v 0.0504931 0.0360649 -0.0654108
vn -0.00976272 0.00151603 -0.00154627
v 0.0504931 0.0360649 -0.0654108
vn 0.00976272 -0.00151603 0.00154627
v 0.0284346 0.0501934 -0.0491583
vn -0.00976532 0.00209204 0.000511783
v 0.0284346 0.0501934 -0.0491583
vn 0.00976532 -0.00209204 -0.000511783
v -0.00414384 0.0699194 0.0067318
vn -0.0090496 0.00349641 0.00242483
v -0.00414384 0.0699194 0.0067318
vn 0.0090496 -0.00349641 -0.00242483
v -0.0078885 0.0724975 0.0192121
vn -0.00894683 0.00376924 0.0023973
v -0.0078885 0.0724975 0.0192121
vn 0.00894683 -0.00376924 -0.0023973
v -0.0116502 0.0746925 0.0317612
vn -0.00883639 0.00403884 0.0023677
v -0.0116502 0.0746925 0.0317612
vn 0.00883639 -0.00403884 -0.0023677
v -0.0154238 0.0765029 0.044367
vn -0.00871836 0.00430497 0.00233608
v -0.0154238 0.0765029 0.044367
vn 0.00871836 -0.00430497 -0.00233608
v -0.00183928 0.0728921 0.0656674
vn -0.00836667 0.00443666 -0.00321166
v -0.00183928 0.0728921 0.0656674
vn 0.00836667 -0.00443666 0.00321166
v -0.00697333 0.0756932 0.0622374
vn -0.00885158 0.00443666 -0.00140196
v -0.00697333 0.0756932 0.0622374
vn 0.00885158 -0.00443666 0.00140196
v -0.0128493 0.0773968 0.0593121
vn -0.00894964 0.00443666 0.000469031
v -0.0128493 0.0773968 0.0593121
vn 0.00894964 -0.00443666 -0.000469031
v 0.00233059 0.0691156 0.0694529
vn -0.0075161 0.00443666 -0.00488101
v 0.00233059 0.0691156 0.0694529
vn 0.0075161 -0.00443666 0.00488101
v 0.00233059 0.0691156 0.0694529
vn 0 0.01 0
v 0.00535301 0.0645285 0.0734283
vn 0 0.01 0
v 0.00535301 0.0645285 0.0734283
vn -0 -0.01 0
v 0.00233059 0.0691156 0.0694529
vn -0 -0.01 0
v -0.000418609 0.0669618 -0.00567023
vn -0.00914462 0.00322058 0.00245029
v -0.000418609 0.0669618 -0.00567023
vn 0.00914462 -0.00322058 -0.00245029
v 0.00328456 0.0636255 -0.017983
vn -0.00923178 0.00294199 0.00247365
v 0.00328456 0.0636255 -0.017983
vn 0.00923178 -0.00294199 -0.00247365
v 0.0126181 0.059812 0.06329
vn 0.00638229 -0.00430497 0.00638229
v 0.00395906 0.063864 0.0734459
vn 0.00633703 -0.00443666 0.00633703
v 0.00395906 0.063864 0.0734459
vn -0.00633703 0.00443666 -0.00633703
v 0.0126181 0.059812 0.06329
vn -0.00638229 0.00430497 -0.00638229
v 0.00696142 0.0599133 -0.030196
vn -0.00931103 0.00266087 0.00249488
v 0.00696142 0.0599133 -0.030196
vn 0.00931103 -0.00266087 -0.00249488
v 0.0190254 0.0266899 0.0723799
vn -0.000478775 -0.00403884 0.00913557
v 0.0190254 0.0266899 0.0723799
vn 0.000478775 0.00403884 -0.00913557
v 0.00722786 0.0285401 0.0824689
vn -0.00233608 -0.00430497 0.00871836
v 0.00722786 0.0285401 0.0824689
vn 0.00233608 0.00430497 -0.00871836
v 0.020565 0.0557242 0.0535172
vn 0.00646868 -0.00403884 0.00646868
v 0.020565 0.0557242 0.0535172
vn -0.00646868 0.00403884 -0.00646868
v -0.00492897 0.033367 0.0910427
vn 0 0.01 0
v -0.00492897 0.033367 0.0910427
vn -0 -0.01 0
v -0.00416772 0.032242 0.0903084
vn -0.00406862 -0.00443666 0.00798513
v -0.00416772 0.032242 0.0903084
vn 0.00406862 0.00443666 -0.00798513
v -0.00946895 0.0286304 0.0928127
vn 0 0.01 0
v -0.00946895 0.0286304 0.0928127
vn -0 -0.01 0
v -0.0393908 -0.0274329 0.045302
vn 0.00935065 0.00322058 0.001481
v -0.0393908 -0.0274329 0.045302
vn -0.00935065 -0.00322058 -0.001481
v -0.0384234 -0.0373925 0.0365654
vn 0.00943977 0.00294199 0.00149511
v -0.0384234 -0.0373925 0.0365654
vn -0.00943977 -0.00294199 -0.00149511
v -0.0372319 -0.0471247 0.0276031
vn 0.00952081 0.00266087 0.00150795
v -0.0372319 -0.0471247 0.0276031
vn -0.00952081 -0.00266087 -0.00150795
v -0.0358193 -0.0566216 0.0184252
vn 0.00959368 0.00237748 0.00151949
v -0.0358193 -0.0566216 0.0184252
vn -0.00959368 -0.00237748 -0.00151949
v -0.0341877 -0.0658766 0.00903758
vn 0.00965833 0.00209204 0.00152973
v -0.0341877 -0.0658766 0.00903758
vn -0.00965833 -0.00209204 -0.00152973
v -0.0323362 -0.07488 -0.00055209
vn 0.00971469 0.00180481 0.00153866
v -0.0323362 -0.07488 -0.00055209
vn -0.00971469 -0.00180481 -0.00153866
v -0.0302681 -0.083625 -0.0103333
vn 0.00976272 0.00151603 0.00154627
v -0.0302681 -0.083625 -0.0103333
vn -0.00976272 -0.00151603 -0.00154627
v 0.077573 -0.0712087 -0.0184062
vn 0.00257686 0.00093483 -0.00961696
v 0.077573 -0.0712087 -0.0184062
vn -0.00257686 -0.00093483 0.00961696
v -0.0279843 -0.0921042 -0.0203002
vn 0.00980237 0.00122596 0.00155254
v -0.0279843 -0.0921042 -0.0203002
vn -0.00980237 -0.00122596 -0.00155254
v 0.0863702 -0.0581703 -0.0244062
vn 0.000521074 0.00093483 -0.00994256
v 0.0863702 -0.0581703 -0.0244062
vn -0.000521074 -0.00093483 0.00994256
v 0.032522 0.0453351 -0.0608264
vn -0.0098223 0.00180481 0.000514767
v 0.032522 0.0453351 -0.0608264
vn 0.0098223 -0.00180481 -0.000514767
v 0.0106084 0.0558311 -0.0422983
vn -0.0093823 0.00237748 0.00251398
v 0.0106084 0.0558311 -0.0422983
vn 0.0093823 -0.00237748 -0.00251398
v -0.0192083 0.0779284 0.05702
vn -0.00865655 0.00443666 0.00231952
v -0.0192083 0.0779284 0.05702
vn 0.00865655 -0.00443666 -0.00231952
v 0.00108068 0.0682328 0.0696597
vn 0 0.01 0
v 0.00108068 0.0682328 0.0696597
vn -0 -0.01 0
v 0.00491724 0.0634151 0.0723215
vn 0.00633703 -0.00443666 0.00633703
v 0.00491724 0.0634151 0.0723215
vn -0.00633703 0.00443666 -0.00633703
v 0.0299144 0.0271025 0.060314
vn 0.00144896 -0.00376924 0.00914841
v 0.0299144 0.0271025 0.060314
vn -0.00144896 0.00376924 -0.00914841
v 0.0313663 0.0355258 0.0551481
vn 0.00331936 -0.00376924 0.00864723
v 0.0313663 0.0355258 0.0551481
vn -0.00331936 0.00376924 -0.00864723
v 0.0307969 0.0437446 0.0495021
vn 0.00504469 -0.00376924 0.00776814
v 0.0307969 0.0437446 0.0495021
vn -0.00504469 0.00376924 -0.00776814
v 0.0282308 0.0513997 0.043623
vn 0.00654953 -0.00376924 0.00654953
v 0.0282308 0.0513997 0.043623
vn -0.00654953 0.00376924 -0.00654953
v -0.010157 0.0296752 0.0919073
vn -0.00563992 -0.00443666 0.00696473
v -0.010157 0.0296752 0.0919073
vn 0.00563992 0.00443666 -0.00696473
v -0.010157 0.0296752 0.0919073
vn 0 0.01 0
v -0.010157 0.0296752 0.0919073
vn -0 -0.01 0
v -0.0155885 0.0257133 0.0928898
vn 0.00696473 0.00443666 -0.00563992
v -0.0155885 0.0257133 0.0928898
vn -0.00696473 -0.00443666 0.00563992
v -0.0188101 0.0126373 0.0858586
vn 0.00804215 0.00430497 -0.00409768
v -0.0188101 0.0126373 0.0858586
vn -0.00804215 -0.00430497 0.00409768
v -0.0244059 0.000693086 0.0771444
vn 0.00883639 0.00403884 -0.0023677
v -0.0244059 0.000693086 0.0771444
vn -0.00883639 -0.00403884 0.0023677
v -0.0317711 -0.00944738 0.0664941
vn 0.00924975 0.00376924 -0.000484764
v -0.0317711 -0.00944738 0.0664941
vn -0.00924975 -0.00376924 0.000484764
v -0.0401361 -0.017257 0.0538062
vn 0.00925349 0.00349641 0.00146561
v -0.0401361 -0.017257 0.0538062
vn -0.00925349 -0.00349641 -0.00146561
v 0.0702924 -0.0785664 -0.0157264
vn 0.00356815 0.00092975 -0.00929536
v 0.0702924 -0.0785664 -0.0157264
vn -0.00356815 -0.00092975 0.00929536
v 0.0661103 -0.082793 -0.0141869
vn 0.00452002 0.00093483 -0.00887105
v 0.0661103 -0.082793 -0.0141869
vn -0.00452002 -0.00093483 0.00887105
v 0.0524831 -0.0924175 -0.0119321
vn 0.00626564 0.00093483 -0.00773743
v 0.0524831 -0.0924175 -0.0119321
vn -0.00626564 -0.00093483 0.00773743
v 0.0372889 -0.0996605 -0.0117407
vn 0.00773743 0.00093483 -0.00626564
v 0.0372889 -0.0996605 -0.0117407
vn -0.00773743 -0.00093483 0.00626564
v 0.0211888 -0.104207 -0.013621
vn 0.00887105 0.00093483 -0.00452002
v 0.0211888 -0.104207 -0.013621
vn -0.00887105 -0.00093483 0.00452002
v 0.00488867 -0.105857 -0.0174907
vn 0.00961696 0.00093483 -0.00257686
v 0.00488867 -0.105857 -0.0174907
vn -0.00961696 -0.00093483 0.00257686
v -0.0109001 -0.104539 -0.0231805
vn 0.00994256 0.00093483 -0.000521074
v -0.0109001 -0.104539 -0.0231805
vn -0.00994256 -0.00093483 0.000521074
v -0.0254863 -0.100309 -0.0304426
vn 0.00983363 0.00093483 0.00155749
v -0.0254863 -0.100309 -0.0304426
vn -0.00983363 -0.00093483 -0.00155749
v 0.0963575 -0.0514437 -0.0422537
vn -0.00156111 0.0006429 -0.00985645
v 0.0963575 -0.0514437 -0.0422537
vn 0.00156111 -0.0006429 0.00985645
v 0.0988373 -0.0370614 -0.0510741
vn -0.00357627 0.0006429 -0.00931649
v 0.0988373 -0.0370614 -0.0510741
vn 0.00357627 -0.0006429 0.00931649
v 0.0978648 -0.0230278 -0.0607145
vn -0.00543512 0.0006429 -0.00836936
v 0.0978648 -0.0230278 -0.0607145
vn 0.00543512 -0.0006429 0.00836936
v 0.0934826 -0.00995711 -0.0707531
vn -0.00705644 0.0006429 -0.00705644
v 0.0934826 -0.00995711 -0.0707531
vn 0.00705644 -0.0006429 0.00705644
v 0.0714258 0.0174708 -0.0793256
vn -0.00929492 0.00093483 -0.00356799
v 0.0714258 0.0174708 -0.0793256
vn 0.00929492 -0.00093483 0.00356799
v 0.0546807 0.0304072 -0.0766759
vn -0.00980237 0.00122596 -0.00155254
v 0.0546807 0.0304072 -0.0766759
vn 0.00980237 -0.00122596 0.00155254
v 0.0364963 0.0401224 -0.0723786
vn -0.00987086 0.00151603 0.000517312
v 0.0364963 0.0401224 -0.0723786
vn 0.00987086 -0.00151603 -0.000517312
v 0.0142243 0.0513801 -0.0542797
vn -0.00944552 0.00209204 0.00253092
v 0.0142243 0.0513801 -0.0542797
vn 0.00944552 -0.00209204 -0.00253092
v -0.0150503 0.068816 0.00414217
vn -0.00834769 0.00349641 0.00425336
v -0.0150503 0.068816 0.00414217
vn 0.00834769 -0.00349641 -0.00425336
v -0.0178182 0.0714925 0.0168546
vn -0.0082529 0.00376924 0.00420506
v -0.0178182 0.0714925 0.0168546
vn 0.0082529 -0.00376924 -0.00420506
v -0.0205302 0.0737942 0.0296527
vn -0.00815102 0.00403884 0.00415315
v -0.0205302 0.0737942 0.0296527
vn 0.00815102 -0.00403884 -0.00415315
v -0.0231825 0.0757182 0.0425246
vn -0.00804215 0.00430497 0.00409768
v -0.0231825 0.0757182 0.0425246
vn 0.00804215 -0.00430497 -0.00409768
v -0.0257739 0.0772629 0.0554619
vn -0.00798513 0.00443666 0.00406862
v -0.0257739 0.0772629 0.0554619
vn 0.00798513 -0.00443666 -0.00406862
v -0.00183928 0.0728921 0.0656674
vn 0 0.01 0
v -0.00183928 0.0728921 0.0656674
vn -0 -0.01 0
v -0.00697333 0.0756932 0.0622374
vn 0 0.01 0
v -0.00289015 0.0718299 0.0660543
vn 0 0.01 0
v -0.00289015 0.0718299 0.0660543
vn -0 -0.01 0
v -0.00697333 0.0756932 0.0622374
vn -0 -0.01 0
v -0.0128493 0.0773968 0.0593121
vn 0 0.01 0
v -0.00778064 0.0744975 0.0627875
vn 0 0.01 0
v -0.00778064 0.0744975 0.0627875
vn -0 -0.01 0
v -0.0128493 0.0773968 0.0593121
vn -0 -0.01 0
v -0.0192083 0.0779284 0.05702
vn 0 0.01 0
v -0.0133763 0.0761198 0.0600018
vn 0 0.01 0
v -0.0133763 0.0761198 0.0600018
vn -0 -0.01 0
v -0.0192083 0.0779284 0.05702
vn -0 -0.01 0
v -0.0122287 0.0657664 -0.00847405
vn -0.00843534 0.00322058 0.00429801
v -0.0122287 0.0657664 -0.00847405
vn 0.00843534 -0.00322058 -0.00429801
v -0.00935437 0.0623461 -0.0209835
vn -0.00851574 0.00294199 0.00433899
v -0.00935437 0.0623461 -0.0209835
vn 0.00851574 -0.00294199 -0.00433899
v 0.00108068 0.0682328 0.0696597
vn 0.0075161 -0.00443666 0.00488101
v 0.00108068 0.0682328 0.0696597
vn -0.0075161 0.00443666 -0.00488101
v -0.00643111 0.0585583 -0.0333759
vn -0.00858885 0.00266087 0.00437623
v -0.00643111 0.0585583 -0.0333759
vn 0.00858885 -0.00266087 -0.00437623
v 0.00916345 0.0650558 0.0587455
vn 0.00756977 -0.00430497 0.00491587
v 0.00916345 0.0650558 0.0587455
vn -0.00756977 0.00430497 -0.00491587
v 0.0265043 0.0188424 0.0647745
vn -0.000484764 -0.00376924 0.00924975
v 0.0265043 0.0188424 0.0647745
vn 0.000484764 0.00376924 -0.00924975
v 0.014371 0.0197915 0.0755544
vn -0.0023677 -0.00403884 0.00883639
v 0.014371 0.0197915 0.0755544
vn 0.0023677 0.00403884 -0.00883639
v 0.00303967 0.0243069 0.0840109
vn -0.00323788 -0.00428573 0.00843496
v 0.00303967 0.0243069 0.0840109
vn 0.00323788 0.00428573 -0.00843496
v 0.0237796 0.0581569 0.0377672
vn 0.00776814 -0.00376924 0.00504469
v 0.0237796 0.0581569 0.0377672
vn -0.00776814 0.00376924 -0.00504469
v -0.00951077 0.0284682 0.0911925
vn -0.00563992 -0.00443666 0.00696473
v -0.00951077 0.0284682 0.0911925
vn 0.00563992 0.00443666 -0.00696473
v -0.0159859 0.026896 0.0919811
vn 0 0.01 0
v -0.0159859 0.026896 0.0919811
vn -0 -0.01 0
v -0.0155885 0.0257133 0.0928898
vn 0 0.01 0
v -0.0155885 0.0257133 0.0928898
vn -0 -0.01 0
v -0.0486278 -0.0223945 0.0391319
vn 0.0088384 0.00322058 0.00339274
v -0.0486278 -0.0223945 0.0391319
vn -0.0088384 -0.00322058 -0.00339274
v -0.0483072 -0.0319995 0.029962
vn 0.00892264 0.00294199 0.00342508
v -0.0483072 -0.0319995 0.029962
vn -0.00892264 -0.00294199 -0.00342508
v -0.0477046 -0.0414107 0.0206065
vn 0.00899923 0.00266087 0.00345449
v -0.0477046 -0.0414107 0.0206065
vn -0.00899923 -0.00266087 -0.00345449
v -0.0468232 -0.0506192 0.0110746
vn 0.00906811 0.00237748 0.00348092
v -0.0468232 -0.0506192 0.0110746
vn -0.00906811 -0.00237748 -0.00348092
v -0.0456607 -0.0596168 0.00137266
vn 0.00912922 0.00209204 0.00350439
v -0.0456607 -0.0596168 0.00137266
vn -0.00912922 -0.00209204 -0.00350439
v -0.0442188 -0.0683977 -0.00849003
vn 0.0091825 0.00180481 0.00352484
v -0.0442188 -0.0683977 -0.00849003
vn -0.0091825 -0.00180481 -0.00352484
v -0.0425001 -0.0769515 -0.0185051
vn 0.00922789 0.00151603 0.00354226
v -0.0425001 -0.0769515 -0.0185051
vn -0.00922789 -0.00151603 -0.00354226
v -0.0405037 -0.0852732 -0.0286644
vn 0.00926538 0.00122596 0.00355664
v -0.0405037 -0.0852732 -0.0286644
vn -0.00926538 -0.00122596 -0.00355664
v 0.0816228 -0.078755 -0.0285601
vn 0.00258283 0.0006429 -0.00963928
v 0.0816228 -0.078755 -0.0285601
vn -0.00258283 -0.0006429 0.00963928
v -0.0382347 -0.0933553 -0.0389584
vn 0.00929492 0.00093483 0.00356799
v -0.0382347 -0.0933553 -0.0389584
vn -0.00929492 -0.00093483 -0.00356799
v 0.090535 -0.0655474 -0.0346377
vn 0.000522276 0.0006429 -0.00996563
v 0.090535 -0.0655474 -0.0346377
vn -0.000522276 -0.0006429 0.00996563
v 0.0858823 0.00157952 -0.0807511
vn -0.00836936 0.0006429 -0.00543512
v 0.0858823 0.00157952 -0.0807511
vn 0.00836936 -0.0006429 0.00543512
v 0.0178049 0.0465646 -0.0661308
vn -0.00950064 0.00180481 0.00254569
v 0.0178049 0.0465646 -0.0661308
vn 0.00950064 -0.00180481 -0.00254569
v -0.00346066 0.0544072 -0.0456384
vn -0.00865459 0.00237748 0.00440973
v -0.00346066 0.0544072 -0.0456384
vn 0.00865459 -0.00237748 -0.00440973
v -0.0257739 0.0772629 0.0554619
vn 0 0.01 0
v -0.0194322 0.0766264 0.0578186
vn 0 0.01 0
v -0.0194322 0.0766264 0.0578186
vn -0 -0.01 0
v -0.0257739 0.0772629 0.0554619
vn -0 -0.01 0
v 0.0165962 0.0617493 0.0482958
vn 0.00767224 -0.00403884 0.00498241
v 0.0165962 0.0617493 0.0482958
vn -0.00767224 0.00403884 -0.00498241
v 0.0374606 0.0200973 0.0519861
vn 0.00146561 -0.00349641 0.00925349
v 0.0374606 0.0200973 0.0519861
vn -0.00146561 0.00349641 -0.00925349
v 0.0390596 0.02937 0.0462994
vn 0.00335749 -0.00349641 0.00874656
v 0.0390596 0.02937 0.0462994
vn -0.00335749 0.00349641 -0.00874656
v 0.00194957 0.0232057 0.0844118
vn -0.00409768 -0.00430497 0.00804215
v 0.00194957 0.0232057 0.0844118
vn 0.00409768 0.00430497 -0.00804215
v 0.0384324 0.0384164 0.0400848
vn 0.00510264 -0.00349641 0.00785737
v 0.0384324 0.0384164 0.0400848
vn -0.00510264 0.00349641 -0.00785737
v 0.0356075 0.0468419 0.0336139
vn 0.00662477 -0.00349641 0.00662477
v 0.0356075 0.0468419 0.0336139
vn -0.00662477 0.00349641 -0.00662477
v -0.0159859 0.026896 0.0919811
vn -0.00696473 -0.00443666 0.00563992
v -0.0159859 0.026896 0.0919811
vn 0.00696473 0.00443666 -0.00563992
v -0.0221618 0.0251523 0.0912598
vn 0 0.01 0
v -0.0221618 0.0251523 0.0912598
vn -0 -0.01 0
v -0.0220734 0.0238823 0.0921323
vn 0.00798513 0.00443666 -0.00406862
v -0.0220734 0.0238823 0.0921323
vn -0.00798513 -0.00443666 0.00406862
v -0.0265683 0.0118515 0.0840171
vn 0.00871836 0.00430497 -0.00233608
v -0.0265683 0.0118515 0.0840171
vn -0.00871836 -0.00430497 0.00233608
v -0.0330072 0.00141098 0.0740447
vn 0.00913557 0.00403884 -0.000478775
v -0.0330072 0.00141098 0.0740447
vn -0.00913557 -0.00403884 0.000478775
v -0.0406574 -0.00687182 0.0620707
vn 0.00914841 0.00376924 0.00144896
v -0.0406574 -0.00687182 0.0620707
vn -0.00914841 -0.00376924 -0.00144896
v -0.0486661 -0.0126028 0.0481074
vn 0.00874656 0.00349641 0.00335749
v -0.0486661 -0.0126028 0.0481074
vn -0.00874656 -0.00349641 -0.00335749
v 0.0742676 -0.0861887 -0.0258524
vn 0.00357635 0.00063939 -0.0093167
v 0.0742676 -0.0861887 -0.0258524
vn -0.00357635 -0.00063939 0.0093167
v 0.0700109 -0.0904913 -0.024285
vn 0.00453051 0.0006429 -0.00889163
v 0.0700109 -0.0904913 -0.024285
vn -0.00453051 -0.0006429 0.00889163
v 0.0562073 -0.10024 -0.0220015
vn 0.00628018 0.0006429 -0.00775538
v 0.0562073 -0.10024 -0.0220015
vn -0.00628018 -0.0006429 0.00775538
v 0.0408139 -0.107578 -0.0218076
vn 0.00775538 0.0006429 -0.00628018
v 0.0408139 -0.107578 -0.0218076
vn -0.00775538 -0.0006429 0.00628018
v 0.0245051 -0.112183 -0.0237122
vn 0.00889163 0.0006429 -0.00453051
v 0.0245051 -0.112183 -0.0237122
vn -0.00889163 -0.0006429 0.00453051
v 0.00799261 -0.113854 -0.0276326
vn 0.00963928 0.0006429 -0.00258283
v 0.00799261 -0.113854 -0.0276326
vn -0.00963928 -0.0006429 0.00258283
v -0.00800113 -0.112519 -0.0333965
vn 0.00996563 0.0006429 -0.000522276
v -0.00800113 -0.112519 -0.0333965
vn -0.00996563 -0.0006429 0.000522276
v -0.0227776 -0.108234 -0.040753
vn 0.00985645 0.0006429 0.00156111
v -0.0227776 -0.108234 -0.040753
vn -0.00985645 -0.0006429 -0.00156111
v -0.0356908 -0.101189 -0.0493799
vn 0.00931649 0.0006429 0.00357627
v -0.0356908 -0.101189 -0.0493799
vn -0.00931649 -0.0006429 -0.00357627
v 0.100239 -0.0586227 -0.0527344
vn -0.00156339 0.00035042 -0.00987081
v 0.100239 -0.0586227 -0.0527344
vn 0.00156339 -0.00035042 0.00987081
v 0.102739 -0.0441233 -0.0616266
vn -0.00358147 0.00035042 -0.00933007
v 0.102739 -0.0441233 -0.0616266
vn 0.00358147 -0.00035042 0.00933007
v 0.101758 -0.0299768 -0.0713448
vn -0.00544305 0.00035042 -0.00838156
v 0.101758 -0.0299768 -0.0713448
vn 0.00544305 -0.00035042 0.00838156
v 0.0973404 -0.0167998 -0.0814649
vn -0.00706673 0.00035042 -0.00706673
v 0.0973404 -0.0167998 -0.0814649
vn 0.00706673 -0.00035042 0.00706673
v 0.0896785 -0.00517052 -0.0915434
vn -0.00838156 0.00035042 -0.00544305
v 0.0896785 -0.00517052 -0.0915434
vn 0.00838156 -0.00035042 0.00544305
v 0.075396 0.011078 -0.0902717
vn -0.00931649 0.0006429 -0.00357627
v 0.075396 0.011078 -0.0902717
vn 0.00931649 -0.0006429 0.00357627
v 0.0586783 0.0244245 -0.0878409
vn -0.00983363 0.00093483 -0.00155749
v 0.0586783 0.0244245 -0.0878409
vn 0.00983363 -0.00093483 0.00155749
v 0.0403543 0.0345603 -0.0838079
vn -0.00991096 0.00122596 0.000519412
v 0.0403543 0.0345603 -0.0838079
vn 0.00991096 -0.00122596 -0.000519412
v 0.0213463 0.0413883 -0.0778391
vn -0.00954761 0.00151603 0.00255827
v 0.0213463 0.0413883 -0.0778391
vn 0.00954761 -0.00151603 -0.00255827
v -0.000446398 0.049895 -0.0577625
vn -0.00871291 0.00209204 0.00443945
v -0.000446398 0.049895 -0.0577625
vn 0.00871291 -0.00209204 -0.00443945
v -0.0258229 0.0657742 0.00288406
vn -0.00728095 0.00349641 0.005896
v -0.0258229 0.0657742 0.00288406
vn 0.00728095 -0.00349641 -0.005896
v -0.0276263 0.0687227 0.0157094
vn -0.00719827 0.00376924 0.00582904
v -0.0276263 0.0687227 0.0157094
vn 0.00719827 -0.00376924 -0.00582904
v -0.0293009 0.0713166 0.028629
vn -0.00710941 0.00403884 0.00575709
v -0.0293009 0.0713166 0.028629
vn 0.00710941 -0.00403884 -0.00575709
v -0.0308458 0.0735536 0.0416301
vn -0.00701446 0.00430497 0.00568019
v -0.0308458 0.0735536 0.0416301
vn 0.00701446 -0.00430497 -0.00568019
v -0.0322584 0.0754328 0.054704
vn -0.00696473 0.00443666 0.00563992
v -0.0322584 0.0754328 0.054704
vn 0.00696473 -0.00443666 -0.00563992
v -0.0256856 0.0759929 0.0563344
vn 0 0.01 0
v -0.0256856 0.0759929 0.0563344
vn -0 -0.01 0
v -0.00289015 0.0718299 0.0660543
vn 0.00836667 -0.00443666 0.00321166
v 0.00197564 0.0678814 0.068451
vn 0.0075161 -0.00443666 0.00488101
v 0.00197564 0.0678814 0.068451
vn -0.0075161 0.00443666 -0.00488101
v -0.00289015 0.0718299 0.0660543
vn -0.00836667 0.00443666 -0.00321166
v -0.00778064 0.0744975 0.0627875
vn 0.00885158 -0.00443666 0.00140196
v -0.00208361 0.0715583 0.0647656
vn 0.00836667 -0.00443666 0.00321166
v -0.00208361 0.0715583 0.0647656
vn -0.00836667 0.00443666 -0.00321166
v -0.00778064 0.0744975 0.0627875
vn -0.00885158 0.00443666 -0.00140196
v -0.0133763 0.0761198 0.0600018
vn 0.00894964 -0.00443666 -0.000469031
v -0.00708229 0.0742849 0.0614265
vn 0.00885158 -0.00443666 0.00140196
v -0.00708229 0.0742849 0.0614265
vn -0.00885158 0.00443666 -0.00140196
v -0.0133763 0.0761198 0.0600018
vn -0.00894964 0.00443666 0.000469031
v -0.0189936 0.0764594 0.0563481
vn 0.00865655 -0.00443666 -0.00231952
v -0.0194322 0.0766264 0.0578186
vn 0.00865655 -0.00443666 -0.00231952
v -0.0194322 0.0766264 0.0578186
vn -0.00865655 0.00443666 0.00231952
v -0.0189936 0.0764594 0.0563481
vn -0.00865655 0.00443666 0.00231952
v -0.0238931 0.0624727 -0.00983623
vn -0.0073574 0.00322058 0.0059579
v -0.0238931 0.0624727 -0.00983623
vn 0.0073574 -0.00322058 -0.0059579
v -0.0218374 0.0588213 -0.0224414
vn -0.00742753 0.00294199 0.0060147
v -0.0218374 0.0588213 -0.0224414
vn 0.00742753 -0.00294199 -0.0060147
v -0.0196578 0.0548232 -0.0349204
vn -0.00749129 0.00266087 0.00606633
v -0.0196578 0.0548232 -0.0349204
vn 0.00749129 -0.00266087 -0.00606633
v 0.00439762 0.069373 0.0544184
vn 0.00842642 -0.00430497 0.0032346
v 0.00439762 0.069373 0.0544184
vn -0.00842642 0.00430497 -0.0032346
v 0.0337076 0.0110056 0.0568957
vn -0.000490322 -0.00349641 0.009356
v 0.0337076 0.0110056 0.0568957
vn 0.000490322 0.00349641 -0.009356
v 0.0212841 0.0111067 0.068334
vn -0.0023973 -0.00376924 0.00894683
v 0.0212841 0.0111067 0.068334
vn 0.0023973 0.00376924 -0.00894683
v 0.00978965 0.015161 0.0772412
vn -0.00328131 -0.0040203 0.00854811
v 0.00978965 0.015161 0.0772412
vn 0.00328131 0.0040203 -0.00854811
v 0.0111192 0.0667098 0.0433236
vn 0.00854049 -0.00403884 0.00327839
v 0.0111192 0.0667098 0.0433236
vn -0.00854049 0.00403884 -0.00327839
v 0.0307075 0.0542787 0.0271686
vn 0.00785737 -0.00349641 0.00510264
v 0.0307075 0.0542787 0.0271686
vn -0.00785737 0.00349641 -0.00510264
v -0.00432554 0.0187734 0.0854504
vn -0.00568019 -0.00430497 0.00701446
v -0.00432554 0.0187734 0.0854504
vn 0.00568019 0.00430497 -0.00701446
v -0.0154695 0.0256278 0.0912676
vn -0.00696473 -0.00443666 0.00563992
v -0.0154695 0.0256278 0.0912676
vn 0.00696473 0.00443666 -0.00563992
v -0.0220734 0.0238823 0.0921323
vn 0 0.01 0
v -0.0220734 0.0238823 0.0921323
vn -0 -0.01 0
v -0.0221618 0.0251523 0.0912598
vn -0.00798513 -0.00443666 0.00406862
v -0.0221618 0.0251523 0.0912598
vn 0.00798513 0.00443666 -0.00406862
v -0.0561277 -0.0156004 0.0323222
vn 0.00793986 0.00322058 0.00515621
v -0.0561277 -0.0156004 0.0323222
vn -0.00793986 -0.00322058 -0.00515621
v -0.0563332 -0.0247292 0.0226749
vn 0.00801554 0.00294199 0.00520536
v -0.0563332 -0.0247292 0.0226749
vn -0.00801554 -0.00294199 -0.00520536
v -0.0562097 -0.0337071 0.0128848
vn 0.00808435 0.00266087 0.00525004
v -0.0562097 -0.0337071 0.0128848
vn -0.00808435 -0.00266087 -0.00525004
v -0.055758 -0.0425257 0.00296233
vn 0.00814623 0.00237748 0.00529023
v -0.055758 -0.0425257 0.00296233
vn -0.00814623 -0.00237748 -0.00529023
v -0.0549774 -0.0511782 -0.00708577
vn 0.00820112 0.00209204 0.00532587
v -0.0549774 -0.0511782 -0.00708577
vn -0.00820112 -0.00209204 -0.00532587
v -0.053868 -0.0596575 -0.0172506
vn 0.00824898 0.00180481 0.00535696
v -0.053868 -0.0596575 -0.0172506
vn -0.00824898 -0.00180481 -0.00535696
v -0.0524331 -0.0679547 -0.027523
vn 0.00828977 0.00151603 0.00538344
v -0.0524331 -0.0679547 -0.027523
vn -0.00828977 -0.00151603 -0.00538344
v -0.0506715 -0.076064 -0.0378953
vn 0.00832344 0.00122596 0.00540531
v -0.0506715 -0.076064 -0.0378953
vn -0.00832344 -0.00122596 -0.00540531
v -0.048585 -0.0839778 -0.048357
vn 0.00834998 0.00093483 0.00542254
v -0.048585 -0.0839778 -0.048357
vn -0.00834998 -0.00093483 -0.00542254
v 0.0853846 -0.0861547 -0.0389303
vn 0.0025866 0.00035042 -0.00965333
v 0.0853846 -0.0861547 -0.0389303
vn -0.0025866 -0.00035042 0.00965333
v -0.0461772 -0.0916906 -0.0589005
vn 0.00836936 0.0006429 0.00543512
v -0.0461772 -0.0916906 -0.0589005
vn -0.00836936 -0.0006429 -0.00543512
v 0.0943696 -0.0728398 -0.0450572
vn 0.000523033 0.00035042 -0.00998016
v 0.0943696 -0.0728398 -0.0450572
vn -0.000523033 -0.00035042 0.00998016
v 0.00261036 0.0450264 -0.0697379
vn -0.00876375 0.00180481 0.00446536
v 0.00261036 0.0450264 -0.0697379
vn 0.00876375 -0.00180481 -0.00446536
v -0.0173567 0.0504832 -0.0472612
vn -0.00754863 0.00237748 0.00611276
v -0.0173567 0.0504832 -0.0472612
vn 0.00754863 -0.00237748 -0.00611276
v -0.0322584 0.0754328 0.054704
vn 0 0.01 0
v -0.0322584 0.0754328 0.054704
vn -0 -0.01 0
v -0.0253844 0.0758129 0.0548307
vn 0.00798513 -0.00443666 -0.00406862
v -0.0256856 0.0759929 0.0563344
vn 0.00798513 -0.00443666 -0.00406862
v -0.0256856 0.0759929 0.0563344
vn -0.00798513 0.00443666 0.00406862
v -0.0253844 0.0758129 0.0548307
vn -0.00798513 0.00443666 0.00406862
v -0.0014724 0.0725761 0.0504965
vn 0.00891479 -0.00430497 0.00141196
v -0.0014724 0.0725761 0.0504965
vn -0.00891479 0.00430497 -0.00141196
v -0.0128019 0.0759436 0.0585788
vn 0.00894964 -0.00443666 -0.000469031
v -0.0128019 0.0759436 0.0585788
vn -0.00894964 0.00443666 0.000469031
v 0.0446995 0.0130486 0.043426
vn 0.001481 -0.00322058 0.00935065
v 0.0446995 0.0130486 0.043426
vn -0.001481 0.00322058 -0.00935065
v 0.0464329 0.0231047 0.0372587
vn 0.00339274 -0.00322058 0.0088384
v 0.0464329 0.0231047 0.0372587
vn -0.00339274 0.00322058 -0.0088384
v 0.00830634 0.0136626 0.0777867
vn -0.00415315 -0.00403884 0.00815102
v 0.00830634 0.0136626 0.0777867
vn 0.00415315 0.00403884 -0.00815102
v 0.0457529 0.0329167 0.0305184
vn 0.00515621 -0.00322058 0.00793986
v 0.0457529 0.0329167 0.0305184
vn -0.00515621 0.00322058 -0.00793986
v 0.0426895 0.0420551 0.0235
vn 0.00669432 -0.00322058 0.00669432
v 0.0426895 0.0420551 0.0235
vn -0.00669432 0.00322058 -0.00669432
v 0.0176382 0.0637196 0.0321914
vn 0.00864723 -0.00376924 0.00331936
v 0.0176382 0.0637196 0.0321914
vn -0.00864723 0.00376924 -0.00331936
v -0.0284143 0.0245204 0.0897747
vn 0 0.01 0
v -0.0284143 0.0245204 0.0897747
vn -0 -0.01 0
v -0.0217822 0.0238454 0.0905302
vn -0.00798513 -0.00443666 0.00406862
v -0.0217822 0.0238454 0.0905302
vn 0.00798513 0.00443666 -0.00406862
v -0.0286391 0.0232168 0.0905742
vn 0.00865655 0.00443666 -0.00231952
v -0.0286391 0.0232168 0.0905742
vn -0.00865655 -0.00443666 0.00231952
v -0.0340831 0.0124794 0.0813085
vn 0.00901355 0.00430497 -0.000472376
v -0.0340831 0.0124794 0.0813085
vn -0.00901355 -0.00430497 0.000472376
v -0.0409544 0.00371494 0.0700884
vn 0.00903547 0.00403884 0.00143108
v -0.0409544 0.00371494 0.0700884
vn -0.00903547 -0.00403884 -0.00143108
v -0.048423 -0.00263449 0.0568824
vn 0.00864723 0.00376924 0.00331936
v -0.048423 -0.00263449 0.0568824
vn -0.00864723 -0.00376924 -0.00331936
v -0.0555932 -0.00632943 0.041819
vn 0.00785737 0.00349641 0.00510264
v -0.0555932 -0.00632943 0.041819
vn -0.00785737 -0.00349641 -0.00510264
v 0.0779832 -0.0936357 -0.0362051
vn 0.0035815 0.0003485 -0.00933014
v 0.0779832 -0.0936357 -0.0362051
vn -0.0035815 -0.0003485 0.00933014
v 0.0736794 -0.0979854 -0.0346208
vn 0.00453711 0.00035042 -0.00890459
v 0.0736794 -0.0979854 -0.0346208
vn -0.00453711 -0.00035042 0.00890459
v 0.0597638 -0.107814 -0.0323182
vn 0.00628934 0.00035042 -0.00776668
v 0.0597638 -0.107814 -0.0323182
vn -0.00628934 -0.00035042 0.00776668
v 0.0442466 -0.115211 -0.0321227
vn 0.00776668 0.00035042 -0.00628934
v 0.0442466 -0.115211 -0.0321227
vn -0.00776668 -0.00035042 0.00628934
v 0.027806 -0.119852 -0.0340433
vn 0.00890459 0.00035042 -0.00453711
v 0.027806 -0.119852 -0.0340433
vn -0.00890459 -0.00035042 0.00453711
v 0.0111592 -0.121538 -0.0379949
vn 0.00965333 0.00035042 -0.0025866
v 0.0111592 -0.121538 -0.0379949
vn -0.00965333 -0.00035042 0.0025866
v -0.00496349 -0.120192 -0.0438055
vn 0.00998016 0.00035042 -0.000523033
v -0.00496349 -0.120192 -0.0438055
vn -0.00998016 -0.00035042 0.000523033
v -0.0198598 -0.115873 -0.0512215
vn 0.00987081 0.00035042 0.00156339
v -0.0198598 -0.115873 -0.0512215
vn -0.00987081 -0.00035042 -0.00156339
v -0.0328784 -0.108771 -0.0599182
vn 0.00933007 0.00035042 0.00358147
v -0.0328784 -0.108771 -0.0599182
vn -0.00933007 -0.00035042 -0.00358147
v -0.0434486 -0.0991954 -0.0695157
vn 0.00838156 0.00035042 0.00544305
v -0.0434486 -0.0991954 -0.0695157
vn -0.00838156 -0.00035042 -0.00544305
v 0.10376 -0.0657775 -0.0633573
vn -0.00156433 5.763e-05 -0.00987672
v 0.10376 -0.0657775 -0.0633573
vn 0.00156433 -5.763e-05 0.00987672
v 0.106267 -0.0512308 -0.0722786
vn -0.00358362 5.763e-05 -0.00933565
v 0.106267 -0.0512308 -0.0722786
vn 0.00358362 -5.763e-05 0.00933565
v 0.105282 -0.0370381 -0.0820288
vn -0.0054463 5.763e-05 -0.00838656
v 0.105282 -0.0370381 -0.0820288
vn 0.0054463 -5.763e-05 0.00838656
v 0.100851 -0.0238178 -0.092182
vn -0.00707095 5.763e-05 -0.00707095
v 0.100851 -0.0238178 -0.092182
vn 0.00707095 -5.763e-05 0.00707095
v 0.0931639 -0.0121499 -0.102294
vn -0.00838656 5.763e-05 -0.0054463
v 0.0931639 -0.0121499 -0.102294
vn 0.00838656 -5.763e-05 0.0054463
v 0.0791074 0.00440512 -0.101141
vn -0.00933007 0.00035042 -0.00358147
v 0.0791074 0.00440512 -0.101141
vn 0.00933007 -0.00035042 0.00358147
v 0.0624828 0.0181233 -0.0988986
vn -0.00985645 0.0006429 -0.00156111
v 0.0624828 0.0181233 -0.0988986
vn 0.00985645 -0.0006429 0.00156111
v 0.0440911 0.0286543 -0.0951035
vn -0.00994256 0.00093483 0.000521074
v 0.0440911 0.0286543 -0.0951035
vn 0.00994256 -0.00093483 -0.000521074
v 0.0248471 0.0358556 -0.0893969
vn -0.00958639 0.00122596 0.00256867
v 0.0248471 0.0358556 -0.0893969
vn 0.00958639 -0.00122596 -0.00256867
v 0.00570537 0.0398041 -0.0815517
vn -0.00880708 0.00151603 0.00448743
v 0.00570537 0.0398041 -0.0815517
vn 0.00880708 -0.00151603 -0.00448743
v -0.0149364 0.0458035 -0.0594548
vn -0.00759949 0.00209204 0.00615395
v -0.0149364 0.0458035 -0.0594548
vn 0.00759949 -0.00209204 -0.00615395
v -0.0359912 0.0609277 0.00301173
vn -0.005896 0.00349641 0.00728095
v -0.0359912 0.0609277 0.00301173
vn 0.005896 -0.00349641 -0.00728095
v -0.0368835 0.0643099 0.015826
vn -0.00582904 0.00376924 0.00719827
v -0.0368835 0.0643099 0.015826
vn 0.00582904 -0.00376924 -0.00719827
v -0.0375799 0.0673707 0.0287329
vn -0.00575709 0.00403884 0.00710941
v -0.0375799 0.0673707 0.0287329
vn 0.00575709 -0.00403884 -0.00710941
v -0.0380781 0.0701067 0.0417208
vn -0.00568019 0.00430497 0.00701446
v -0.0380781 0.0701067 0.0417208
vn 0.00568019 -0.00430497 -0.00701446
v -0.0383793 0.072515 0.0547811
vn -0.00563992 0.00443666 0.00696473
v -0.0383793 0.072515 0.0547811
vn 0.00563992 -0.00443666 -0.00696473
v -0.0318614 0.0742492 0.055613
vn 0 0.01 0
v -0.0318614 0.0742492 0.055613
vn -0 -0.01 0
v -0.0316972 0.0740304 0.0540934
vn 0.00696473 -0.00443666 -0.00563992
v -0.0316972 0.0740304 0.0540934
vn -0.00696473 0.00443666 0.00563992
v -0.0154595 0.0751295 0.0445331
vn 0.00871836 -0.00430497 -0.00233608
v -0.0154595 0.0751295 0.0445331
vn -0.00871836 0.00430497 0.00233608
v -0.022965 0.0743706 0.0427507
vn 0.00804215 -0.00430497 -0.00409768
v -0.022965 0.0743706 0.0427507
vn -0.00804215 0.00430497 0.00409768
v -0.034903 0.0572244 -0.00969755
vn -0.0059579 0.00322058 0.0073574
v -0.034903 0.0572244 -0.00969755
vn 0.0059579 -0.00322058 -0.0073574
v -0.0336195 0.0532049 -0.022293
vn -0.0060147 0.00294199 0.00742753
v -0.0336195 0.0532049 -0.022293
vn 0.0060147 -0.00294199 -0.00742753
v -0.0321421 0.0488721 -0.0347632
vn -0.00606633 0.00266087 0.00749129
v -0.0321421 0.0488721 -0.0347632
vn 0.00606633 -0.00266087 -0.00749129
v 0.0406282 0.00318773 0.0487508
vn -0.000495477 -0.00322058 0.00945422
v 0.0406282 0.00318773 0.0487508
vn 0.000495477 0.00322058 -0.00945422
v 0.0279622 0.00249118 0.0608137
vn -0.00242483 -0.00349641 0.0090496
v 0.0279622 0.00249118 0.0608137
vn 0.00242483 0.00349641 -0.0090496
v 0.0163347 0.00610479 0.0701559
vn -0.00332195 -0.0037515 0.00865395
v 0.0163347 0.00610479 0.0701559
vn 0.00332195 0.0037515 -0.00865395
v 0.00437518 0.07039 0.0388176
vn 0.00903547 -0.00403884 0.00143108
v 0.00437518 0.07039 0.0388176
vn -0.00903547 0.00403884 -0.00143108
v 0.0239479 0.0604019 0.0210313
vn 0.00874656 -0.00349641 0.00335749
v 0.0239479 0.0604019 0.0210313
vn -0.00874656 0.00349641 -0.00335749
v 0.0373759 0.0501215 0.0165095
vn 0.00793986 -0.00322058 0.00515621
v 0.0373759 0.0501215 0.0165095
vn -0.00793986 0.00322058 -0.00515621
v 0.00109662 0.00857045 0.0789797
vn -0.00575709 -0.00403884 0.00710941
v 0.00109662 0.00857045 0.0789797
vn 0.00575709 0.00403884 -0.00710941
v -0.0113221 0.0154382 0.0855385
vn -0.00701446 -0.00430497 0.00568019
v -0.0113221 0.0154382 0.0855385
vn 0.00701446 0.00430497 -0.00568019
v -0.0286391 0.0232168 0.0905742
vn 0 0.01 0
v -0.0286391 0.0232168 0.0905742
vn -0 -0.01 0
v -0.0284143 0.0245204 0.0897747
vn -0.00865655 -0.00443666 0.00231952
v -0.0284143 0.0245204 0.0897747
vn 0.00865655 0.00443666 -0.00231952
v -0.0615637 -0.00734889 0.0251712
vn 0.00669432 0.00322058 0.00669432
v -0.0615637 -0.00734889 0.0251712
vn -0.00669432 -0.00322058 -0.00669432
v -0.0621506 -0.0158993 0.0150225
vn 0.00675813 0.00294199 0.00675813
v -0.0621506 -0.0158993 0.0150225
vn -0.00675813 -0.00294199 -0.00675813
v -0.0623741 -0.0243504 0.00477597
vn 0.00681615 0.00266087 0.00681615
v -0.0623741 -0.0243504 0.00477597
vn -0.00681615 -0.00266087 -0.00681615
v -0.0622337 -0.0326961 -0.00555629
vn 0.00686832 0.00237748 0.00686832
v -0.0622337 -0.0326961 -0.00555629
vn -0.00686832 -0.00237748 -0.00686832
v -0.0617293 -0.0409285 -0.0159683
vn 0.0069146 0.00209204 0.0069146
v -0.0617293 -0.0409285 -0.0159683
vn -0.0069146 -0.00209204 -0.0069146
v -0.0608621 -0.049041 -0.0264512
vn 0.00695495 0.00180481 0.00695495
v -0.0608621 -0.049041 -0.0264512
vn -0.00695495 -0.00180481 -0.00695495
v -0.0596316 -0.0570267 -0.0369933
vn 0.00698933 0.00151603 0.00698933
v -0.0596316 -0.0570267 -0.0369933
vn -0.00698933 -0.00151603 -0.00698933
v -0.0580396 -0.0648781 -0.047589
vn 0.00701773 0.00122596 0.00701773
v -0.0580396 -0.0648781 -0.047589
vn -0.00701773 -0.00122596 -0.00701773
v -0.0560883 -0.0725903 -0.0582262
vn 0.0070401 0.00093483 0.0070401
v -0.0560883 -0.0725903 -0.0582262
vn -0.0070401 -0.00093483 -0.0070401
v -0.0537778 -0.0801548 -0.0688981
vn 0.00705644 0.0006429 0.00705644
v -0.0537778 -0.0801548 -0.0688981
vn -0.00705644 -0.0006429 -0.00705644
v 0.0888559 -0.0934006 -0.0495076
vn 0.00258815 5.763e-05 -0.0096591
v 0.0888559 -0.0934006 -0.0495076
vn -0.00258815 -5.763e-05 0.0096591
v -0.0511105 -0.0875662 -0.0795941
vn 0.00706673 0.00035042 0.00706673
v -0.0511105 -0.0875662 -0.0795941
vn -0.00706673 -0.00035042 -0.00706673
v 0.0978697 -0.0800416 -0.0556551
vn 0.000523351 5.763e-05 -0.00998612
v 0.0978697 -0.0800416 -0.0556551
vn -0.000523351 -5.763e-05 0.00998612
v -0.0123974 0.0407886 -0.0714906
vn -0.00764384 0.00180481 0.00618986
v -0.0123974 0.0407886 -0.0714906
vn 0.00764384 -0.00180481 -0.00618986
v -0.0304724 0.0442317 -0.0470964
vn -0.00611276 0.00237748 0.00754863
v -0.0304724 0.0442317 -0.0470964
vn 0.00611276 -0.00237748 -0.00754863
v -0.0383793 0.072515 0.0547811
vn 0 0.01 0
v -0.0376912 0.0714702 0.0556865
vn 0 0.01 0
v -0.0376912 0.0714702 0.0556865
vn -0 -0.01 0
v -0.0383793 0.072515 0.0547811
vn -0 -0.01 0
v -0.0318614 0.0742492 0.055613
vn 0.00696473 -0.00443666 -0.00563992
v -0.0318614 0.0742492 0.055613
vn -0.00696473 0.00443666 0.00563992
v -0.0303783 0.0722772 0.041885
vn 0.00701446 -0.00430497 -0.00568019
v -0.0303783 0.0722772 0.041885
vn -0.00701446 0.00430497 0.00568019
v -0.00818943 0.0745228 0.0471529
vn 0.00901355 -0.00430497 -0.000472376
v -0.00818943 0.0745228 0.0471529
vn -0.00901355 0.00430497 0.000472376
v 0.0516254 0.00596183 0.0346411
vn 0.00149511 -0.00294199 0.00943977
v 0.0516254 0.00596183 0.0346411
vn -0.00149511 0.00294199 -0.00943977
v 0.0534823 0.0167366 0.0280329
vn 0.00342508 -0.00294199 0.00892264
v 0.0534823 0.0167366 0.0280329
vn -0.00342508 0.00294199 -0.00892264
v 0.0144838 0.00423398 0.0708374
vn -0.00420506 -0.00376924 0.0082529
v 0.0144838 0.00423398 0.0708374
vn 0.00420506 0.00376924 -0.0082529
v 0.0527543 0.0272513 0.02081
vn 0.00520536 -0.00294199 0.00801554
v 0.0527543 0.0272513 0.02081
vn -0.00520536 0.00294199 -0.00801554
v 0.0494702 0.037043 0.0132894
vn 0.00675813 -0.00294199 0.00675813
v 0.0494702 0.037043 0.0132894
vn -0.00675813 0.00294199 -0.00675813
v 0.0100746 0.0678459 0.0271386
vn 0.00914841 -0.00376924 0.00144896
v 0.0100746 0.0678459 0.0271386
vn -0.00914841 0.00376924 -0.00144896
v -0.034471 0.0250254 0.0875924
vn 0 0.01 0
v -0.034471 0.0250254 0.0875924
vn -0 -0.01 0
v -0.028174 0.023199 0.0890124
vn -0.00865655 -0.00443666 0.00231952
v -0.028174 0.023199 0.0890124
vn 0.00865655 0.00443666 -0.00231952
v -0.0187353 0.0133448 0.0846728
vn -0.00804215 -0.00430497 0.00409768
v -0.0187353 0.0133448 0.0846728
vn 0.00804215 0.00430497 -0.00409768
v -0.034999 0.0237486 0.0882816
vn 0.00894964 0.00443666 -0.000469031
v -0.034999 0.0237486 0.0882816
vn -0.00894964 -0.00443666 0.000469031
v -0.0410264 0.014492 0.0778522
vn 0.00891479 0.00430497 0.00141196
v -0.0410264 0.014492 0.0778522
vn -0.00891479 -0.00430497 -0.00141196
v -0.0478993 0.0075041 0.0654487
vn 0.00854049 0.00403884 0.00327839
v -0.0478993 0.0075041 0.0654487
vn -0.00854049 -0.00403884 -0.00327839
v -0.0547292 0.0030778 0.0511569
vn 0.00776814 0.00376924 0.00504469
v -0.0547292 0.0030778 0.0511569
vn -0.00776814 -0.00376924 -0.00504469
v -0.0606133 0.00129102 0.0352149
vn 0.00662477 0.00349641 0.00662477
v -0.0606133 0.00129102 0.0352149
vn -0.00662477 -0.00349641 -0.00662477
v 0.0814342 -0.100901 -0.0467755
vn 0.00358362 5.732e-05 -0.00933565
v 0.0814342 -0.100901 -0.0467755
vn -0.00358362 -5.732e-05 0.00933565
v 0.0771114 -0.10527 -0.0451841
vn 0.00453983 5.763e-05 -0.00890992
v 0.0771114 -0.10527 -0.0451841
vn -0.00453983 -5.763e-05 0.00890992
v 0.06315 -0.115131 -0.0428742
vn 0.00629309 5.763e-05 -0.00777133
v 0.06315 -0.115131 -0.0428742
vn -0.00629309 -5.763e-05 0.00777133
v 0.0475818 -0.122552 -0.0426781
vn 0.00777133 5.763e-05 -0.00629309
v 0.0475818 -0.122552 -0.0426781
vn -0.00777133 -5.763e-05 0.00629309
v 0.031087 -0.12721 -0.0446044
vn 0.00890992 5.763e-05 -0.00453983
v 0.031087 -0.12721 -0.0446044
vn -0.00890992 -5.763e-05 0.00453983
v 0.0143853 -0.128901 -0.0485691
vn 0.0096591 5.763e-05 -0.00258815
v 0.0143853 -0.128901 -0.0485691
vn -0.0096591 -5.763e-05 0.00258815
v -0.00179058 -0.12755 -0.0543989
vn 0.00998612 5.763e-05 -0.000523351
v -0.00179058 -0.12755 -0.0543989
vn -0.00998612 -5.763e-05 0.000523351
v -0.0167364 -0.123217 -0.0618395
vn 0.00987672 5.763e-05 0.00156433
v -0.0167364 -0.123217 -0.0618395
vn -0.00987672 -5.763e-05 -0.00156433
v -0.0297967 -0.116091 -0.0705651
vn 0.00933565 5.763e-05 0.00358362
v -0.0297967 -0.116091 -0.0705651
vn -0.00933565 -5.763e-05 -0.00358362
v -0.0404025 -0.106484 -0.0801941
vn 0.00838656 5.763e-05 0.0054463
v -0.0404025 -0.106484 -0.0801941
vn -0.00838656 -5.763e-05 -0.0054463
v -0.0480894 -0.0948162 -0.0903059
vn 0.00707095 5.763e-05 0.00707095
v -0.0480894 -0.0948162 -0.0903059
vn -0.00707095 -5.763e-05 -0.00707095
v 0.101035 -0.0871479 -0.0664224
vn 0.000523209 -0.0002352 -0.00998353
v 0.101035 -0.0871479 -0.0664224
vn -0.000523209 0.0002352 0.00998353
v 0.106915 -0.0729042 -0.074114
vn -0.00156391 -0.0002352 -0.00987415
v 0.106915 -0.0729042 -0.074114
vn 0.00156391 0.0002352 0.00987415
v 0.10942 -0.0583778 -0.0830227
vn -0.00358269 -0.0002352 -0.00933322
v 0.10942 -0.0583778 -0.0830227
vn 0.00358269 0.0002352 0.00933322
v 0.108436 -0.0442045 -0.0927594
vn -0.00544489 -0.0002352 -0.00838438
v 0.108436 -0.0442045 -0.0927594
vn 0.00544489 0.0002352 0.00838438
v 0.0963342 -0.0193529 -0.112995
vn -0.00838438 -0.0002352 -0.00544489
v 0.0963342 -0.0193529 -0.112995
vn 0.00838438 0.0002352 0.00544489
v 0.0825585 -0.00254259 -0.111923
vn -0.00933565 5.763e-05 -0.00358362
v 0.0825585 -0.00254259 -0.111923
vn 0.00933565 -5.763e-05 0.00358362
v 0.0660901 0.0115076 -0.109838
vn -0.00987081 0.00035042 -0.00156339
v 0.0660901 0.0115076 -0.109838
vn 0.00987081 -0.00035042 0.00156339
v 0.0477059 0.0224068 -0.106255
vn -0.00996563 0.0006429 0.000522276
v 0.0477059 0.0224068 -0.106255
vn 0.00996563 -0.0006429 -0.000522276
v 0.0283028 0.029973 -0.100794
vn -0.00961696 0.00093483 0.00257686
v 0.0283028 0.029973 -0.100794
vn 0.00961696 -0.00093483 -0.00257686
v 0.00883718 0.0342346 -0.0931974
vn -0.00884285 0.00122596 0.00450566
v 0.00883718 0.0342346 -0.0931974
vn 0.00884285 -0.00122596 -0.00450566
v -0.00974316 0.0354428 -0.0833565
vn -0.00768163 0.00151603 0.00622047
v -0.00974316 0.0354428 -0.0833565
vn 0.00768163 -0.00151603 -0.00622047
v -0.028612 0.0392838 -0.0592821
vn -0.00615395 0.00209204 0.00759949
v -0.028612 0.0392838 -0.0592821
vn 0.00615395 -0.00209204 -0.00759949
v -0.0451091 0.0544879 0.00452039
vn -0.00425336 0.00349641 0.00834769
v -0.0451091 0.0544879 0.00452039
vn 0.00425336 -0.00349641 -0.00834769
v -0.0451853 0.0584469 0.0171994
vn -0.00420506 0.00376924 0.0082529
v -0.0451853 0.0584469 0.0171994
vn 0.00420506 -0.00376924 -0.0082529
v -0.0450034 0.0621281 0.029961
vn -0.00415315 0.00403884 0.00815102
v -0.0450034 0.0621281 0.029961
vn 0.00415315 -0.00403884 -0.00815102
v -0.044564 0.0655258 0.042794
vn -0.00409768 0.00430497 0.00804215
v -0.044564 0.0655258 0.042794
vn 0.00409768 -0.00430497 -0.00804215
v -0.043868 0.0686383 0.0556894
vn -0.00406862 0.00443666 0.00798513
v -0.043868 0.0686383 0.0556894
vn 0.00406862 -0.00443666 -0.00798513
v -0.0429184 0.0677782 0.0565515
vn 0 0.01 0
v -0.0429184 0.0677782 0.0565515
vn -0 -0.01 0
v -0.0376559 0.07119 0.0541684
vn 0.00563992 -0.00443666 -0.00696473
v -0.0376912 0.0714702 0.0556865
vn 0.00563992 -0.00443666 -0.00696473
v -0.0376912 0.0714702 0.0556865
vn -0.00563992 0.00443666 0.00696473
v -0.0376559 0.07119 0.0541684
vn -0.00563992 0.00443666 0.00696473
v -0.0373748 0.068942 0.0419731
vn 0.00568019 -0.00430497 -0.00701446
v -0.0373748 0.068942 0.0419731
vn -0.00568019 0.00430497 0.00701446
v -0.0116962 0.0733251 0.0319648
vn 0.00883639 -0.00403884 -0.0023677
v -0.0116962 0.0733251 0.0319648
vn -0.00883639 0.00403884 0.0023677
v -0.0203206 0.0724513 0.0299179
vn 0.00815102 -0.00403884 -0.00415315
v -0.0203206 0.0724513 0.0299179
vn -0.00815102 0.00403884 0.00415315
v -0.0288388 0.0700461 0.028923
vn 0.00710941 -0.00403884 -0.00575709
v -0.0288388 0.0700461 0.028923
vn -0.00710941 0.00403884 0.00575709
v -0.0447758 0.0502515 -0.00806407
vn -0.00429801 0.00322058 0.00843534
v -0.0447758 0.0502515 -0.00806407
vn 0.00429801 -0.00322058 -0.00843534
v -0.0441851 0.0457426 -0.0205447
vn -0.00433899 0.00294199 0.00851574
v -0.0441851 0.0457426 -0.0205447
vn 0.00433899 -0.00294199 -0.00851574
v -0.0433375 0.0409654 -0.032911
vn -0.00437623 0.00266087 0.00858885
v -0.0433375 0.0409654 -0.032911
vn 0.00437623 -0.00266087 -0.00858885
v 0.0472628 -0.00460555 0.0403475
vn -0.000500193 -0.00294199 0.00954434
v 0.0472628 -0.00460555 0.0403475
vn 0.000500193 0.00294199 -0.00954434
v 0.0343974 -0.00604661 0.0530002
vn -0.00245029 -0.00322058 0.00914462
v 0.0343974 -0.00604661 0.0530002
vn 0.00245029 0.00322058 -0.00914462
v 0.0226703 -0.00285729 0.0627619
vn -0.00335973 -0.00347958 0.00875241
v 0.0226703 -0.00285729 0.0627619
vn 0.00335973 0.00347958 -0.00875241
v -0.00334294 0.0726274 0.0349754
vn 0.00913557 -0.00403884 -0.000478775
v -0.00334294 0.0726274 0.0349754
vn -0.00913557 0.00403884 0.000478775
v 0.0156229 0.0649433 0.01547
vn 0.00925349 -0.00349641 0.00146561
v 0.0156229 0.0649433 0.01547
vn -0.00925349 0.00349641 -0.00146561
v 0.030044 0.0567626 0.00985289
vn 0.0088384 -0.00322058 0.00339274
v 0.030044 0.0567626 0.00985289
vn -0.0088384 0.00322058 -0.00339274
v 0.0437765 0.0456867 0.00579868
vn 0.00801554 -0.00294199 0.00520536
v 0.0437765 0.0456867 0.00579868
vn -0.00801554 0.00294199 -0.00520536
v 0.00639995 -0.00147583 0.0721752
vn -0.00582904 -0.00376924 0.00719827
v 0.00639995 -0.00147583 0.0721752
vn 0.00582904 0.00376924 -0.00719827
v -0.00694243 0.00473894 0.0790806
vn -0.00710941 -0.00403884 0.00575709
v -0.00694243 0.00473894 0.0790806
vn 0.00710941 0.00403884 -0.00575709
v -0.034999 0.0237486 0.0882816
vn 0 0.01 0
v -0.034999 0.0237486 0.0882816
vn -0 -0.01 0
v -0.034471 0.0250254 0.0875924
vn -0.00894964 -0.00443666 0.000469031
v -0.034471 0.0250254 0.0875924
vn 0.00894964 0.00443666 -0.000469031
v -0.0635077 0.00992543 0.0285836
vn 0.00510264 0.00349641 0.00785737
v -0.0635077 0.00992543 0.0285836
vn -0.00510264 -0.00349641 -0.00785737
v -0.0646981 0.00199971 0.0179913
vn 0.00515621 0.00322058 0.00793986
v -0.0646981 0.00199971 0.0179913
vn -0.00515621 -0.00322058 -0.00793986
v -0.0655054 -0.00589474 0.00733865
vn 0.00520536 0.00294199 0.00801554
v -0.0655054 -0.00589474 0.00733865
vn -0.00520536 -0.00294199 -0.00801554
v -0.0659284 -0.0137502 -0.00336535
vn 0.00525004 0.00266087 0.00808435
v -0.0659284 -0.0137502 -0.00336535
vn -0.00525004 -0.00266087 -0.00808435
v -0.0659671 -0.0215587 -0.0141099
vn 0.00529023 0.00237748 0.00814623
v -0.0659671 -0.0215587 -0.0141099
vn -0.00529023 -0.00237748 -0.00814623
v -0.0656226 -0.0293155 -0.0248873
vn 0.00532587 0.00209204 0.00820112
v -0.0656226 -0.0293155 -0.0248873
vn -0.00532587 -0.00209204 -0.00820112
v -0.0648942 -0.0370138 -0.0356883
vn 0.00535696 0.00180481 0.00824898
v -0.0648942 -0.0370138 -0.0356883
vn -0.00535696 -0.00180481 -0.00824898
v -0.0637831 -0.0446462 -0.046502
vn 0.00538344 0.00151603 0.00828977
v -0.0637831 -0.0446462 -0.046502
vn -0.00538344 -0.00151603 -0.00828977
v -0.060414 -0.0596873 -0.0681359
vn 0.00542254 0.00093483 0.00834998
v -0.060414 -0.0596873 -0.0681359
vn -0.00542254 -0.00093483 -0.00834998
v -0.05816 -0.0670841 -0.0789366
vn 0.00543512 0.0006429 0.00836936
v -0.05816 -0.0670841 -0.0789366
vn -0.00543512 -0.0006429 -0.00836936
v 0.0920332 -0.100487 -0.0602843
vn 0.00258747 -0.0002352 -0.00965659
v 0.0920332 -0.100487 -0.0602843
vn -0.00258747 0.0002352 0.00965659
v -0.055528 -0.0743891 -0.0897143
vn 0.00544305 0.00035042 0.00838156
v -0.055528 -0.0743891 -0.0897143
vn -0.00544305 -0.00035042 -0.00838156
v 0.104011 -0.0310037 -0.102898
vn -0.00706911 -0.0002352 -0.00706911
v 0.104011 -0.0310037 -0.102898
vn 0.00706911 0.0002352 0.00706911
v 0.0857441 -0.00975913 -0.122611
vn -0.00933322 -0.0002352 -0.00358269
v 0.0857441 -0.00975913 -0.122611
vn 0.00933322 0.0002352 0.00358269
v -0.0265615 0.0340367 -0.0713122
vn -0.00618986 0.00180481 0.00764384
v -0.0265615 0.0340367 -0.0713122
vn 0.00618986 -0.00180481 -0.00764384
v -0.0422346 0.035924 -0.04515
vn -0.00440973 0.00237748 0.00865459
v -0.0422346 0.035924 -0.04515
vn 0.00440973 -0.00237748 -0.00865459
v -0.043868 0.0686383 0.0556894
vn 0 0.01 0
v -0.043868 0.0686383 0.0556894
vn -0 -0.01 0
v -0.0429986 0.067417 0.0550521
vn 0.00406862 -0.00443666 -0.00798513
v -0.0429184 0.0677782 0.0565515
vn 0.00406862 -0.00443666 -0.00798513
v -0.0429184 0.0677782 0.0565515
vn -0.00406862 0.00443666 0.00798513
v -0.0429986 0.067417 0.0550521
vn -0.00406862 0.00443666 0.00798513
v -0.0368778 0.0662146 0.0290239
vn 0.00575709 -0.00403884 -0.00710941
v -0.0368778 0.0662146 0.0290239
vn -0.00575709 0.00403884 0.00710941
v 0.0582317 -0.00115857 0.0256386
vn 0.00150795 -0.00266087 0.00952081
v 0.0582317 -0.00115857 0.0256386
vn -0.00150795 0.00266087 -0.00952081
v 0.0602015 0.0102711 0.0186287
vn 0.00345449 -0.00266087 0.00899923
v 0.0602015 0.0102711 0.0186287
vn -0.00345449 0.00266087 -0.00899923
v 0.0204761 -0.00507442 0.0635693
vn -0.00425336 -0.00349641 0.00834769
v 0.0204761 -0.00507442 0.0635693
vn 0.00425336 0.00349641 -0.00834769
v 0.0594289 0.0214231 0.0109679
vn 0.00525004 -0.00266087 0.00808435
v 0.0594289 0.0214231 0.0109679
vn -0.00525004 0.00266087 -0.00808435
v 0.0559461 0.0318103 0.00299021
vn 0.00681615 -0.00266087 0.00681615
v 0.0559461 0.0318103 0.00299021
vn -0.00681615 0.00266087 -0.00681615
v 0.00142037 0.0703551 0.0228301
vn 0.00924975 -0.00376924 -0.000484764
v 0.00142037 0.0703551 0.0228301
vn -0.00924975 0.00376924 0.000484764
v -0.0400676 0.0266479 0.0848062
vn 0 0.01 0
v -0.0400676 0.0266479 0.0848062
vn -0 -0.01 0
v -0.0343657 0.0237148 0.0867817
vn -0.00894964 -0.00443666 0.000469031
v -0.0343657 0.0237148 0.0867817
vn 0.00894964 0.00443666 -0.000469031
v -0.02624 0.0125857 0.0828909
vn -0.00871836 -0.00430497 0.00233608
v -0.02624 0.0125857 0.0828909
vn 0.00871836 0.00430497 -0.00233608
v -0.0154597 0.00233355 0.0780861
vn -0.00815102 -0.00403884 0.00415315
v -0.0154597 0.00233355 0.0780861
vn 0.00815102 0.00403884 -0.00415315
v -0.040874 0.025452 0.0853568
vn 0.00885158 0.00443666 0.00140196
v -0.040874 0.025452 0.0853568
vn -0.00885158 -0.00443666 -0.00140196
v -0.0470942 0.0178024 0.0737985
vn 0.00842642 0.00430497 0.0032346
v -0.0470942 0.0178024 0.0737985
vn -0.00842642 -0.00430497 -0.0032346
v -0.0535393 0.0126119 0.0603287
vn 0.00767224 0.00403884 0.00498241
v -0.0535393 0.0126119 0.0603287
vn -0.00767224 -0.00403884 -0.00498241
v -0.0592998 0.0100157 0.0451443
vn 0.00654953 0.00376924 0.00654953
v -0.0592998 0.0100157 0.0451443
vn -0.00654953 -0.00376924 -0.00654953
v -0.0619348 0.0178768 0.0391069
vn 0.00504469 0.00376924 0.00776814
v -0.0619348 0.0178768 0.0391069
vn -0.00504469 -0.00376924 -0.00776814
v -0.0622896 -0.0522065 -0.0573216
vn 0.00540531 0.00122596 0.00832344
v -0.0622896 -0.0522065 -0.0573216
vn -0.00540531 -0.00122596 -0.00832344
v 0.0846202 -0.10798 -0.0575548
vn 0.0035827 -0.00023391 -0.00933325
v 0.0846202 -0.10798 -0.0575548
vn -0.0035827 0.00023391 0.00933325
v 0.0803057 -0.11234 -0.055967
vn 0.00453864 -0.0002352 -0.0089076
v 0.0803057 -0.11234 -0.055967
vn -0.00453864 0.0002352 0.0089076
v 0.0663645 -0.122187 -0.0536598
vn 0.00629146 -0.0002352 -0.00776931
v 0.0663645 -0.122187 -0.0536598
vn -0.00629146 0.0002352 0.00776931
v 0.0508179 -0.129598 -0.053464
vn 0.00776931 -0.0002352 -0.00629146
v 0.0508179 -0.129598 -0.053464
vn -0.00776931 0.0002352 0.00629146
v 0.0343463 -0.134248 -0.055388
vn 0.0089076 -0.0002352 -0.00453864
v 0.0343463 -0.134248 -0.055388
vn -0.0089076 0.0002352 0.00453864
v 0.0176695 -0.135937 -0.0593468
vn 0.00965659 -0.0002352 -0.00258747
v 0.0176695 -0.135937 -0.0593468
vn -0.00965659 0.0002352 0.00258747
v 0.00151641 -0.134588 -0.0651684
vn 0.00998353 -0.0002352 -0.000523209
v 0.00151641 -0.134588 -0.0651684
vn -0.00998353 0.0002352 0.000523209
v -0.0134075 -0.130261 -0.0725984
vn 0.00987415 -0.0002352 0.00156391
v -0.0134075 -0.130261 -0.0725984
vn -0.00987415 0.0002352 -0.00156391
v -0.0264502 -0.123145 -0.0813116
vn 0.00933322 -0.0002352 0.00358269
v -0.0264502 -0.123145 -0.0813116
vn -0.00933322 0.0002352 -0.00358269
v -0.0370407 -0.113552 -0.0909269
vn 0.00838438 -0.0002352 0.00544489
v -0.0370407 -0.113552 -0.0909269
vn -0.00838438 0.0002352 -0.00544489
v -0.0525218 -0.0815957 -0.10046
vn 0.0054463 5.763e-05 0.00838656
v -0.0525218 -0.0815957 -0.10046
vn -0.0054463 -5.763e-05 -0.00838656
v 0.103859 -0.0941513 -0.0773495
vn 0.00052263 -0.00052783 -0.00997238
v 0.103859 -0.0941513 -0.0773495
vn -0.00052263 0.00052783 0.00997238
v 0.0949134 -0.107409 -0.0712488
vn 0.00258458 -0.00052783 -0.00964579
v 0.0949134 -0.107409 -0.0712488
vn -0.00258458 0.00052783 0.00964579
v 0.109704 -0.0799947 -0.084994
vn -0.00156216 -0.00052783 -0.00986311
v 0.109704 -0.0799947 -0.084994
vn 0.00156216 0.00052783 0.00986311
v 0.112192 -0.0655579 -0.0938482
vn -0.00357868 -0.00052783 -0.00932279
v 0.112192 -0.0655579 -0.0938482
vn 0.00357868 0.00052783 0.00932279
v 0.111216 -0.0514716 -0.103525
vn -0.0054388 -0.00052783 -0.00837502
v 0.111216 -0.0514716 -0.103525
vn 0.0054388 0.00052783 0.00837502
v 0.0991884 -0.026772 -0.123636
vn -0.00837502 -0.00052783 -0.0054388
v 0.0991884 -0.026772 -0.123636
vn 0.00837502 0.00052783 0.0054388
v 0.0886636 -0.0172382 -0.133192
vn -0.00932279 -0.00052783 -0.00357868
v 0.0886636 -0.0172382 -0.133192
vn 0.00932279 0.00052783 0.00357868
v 0.0727019 -0.00264447 -0.131323
vn -0.00987415 -0.0002352 -0.00156391
v 0.0727019 -0.00264447 -0.131323
vn 0.00987415 0.0002352 0.00156391
v 0.0694969 0.00458301 -0.120649
vn -0.00987672 5.763e-05 -0.00156433
v 0.0694969 0.00458301 -0.120649
vn 0.00987672 -5.763e-05 0.00156433
v 0.0511934 0.0158256 -0.117254
vn -0.00998016 0.00035042 0.000523033
v 0.0511934 0.0158256 -0.117254
vn 0.00998016 -0.00035042 -0.000523033
v 0.0317113 0.0237422 -0.112019
vn -0.00963928 0.0006429 0.00258283
v 0.0317113 0.0237422 -0.112019
vn 0.00963928 -0.0006429 -0.00258283
v 0.0120027 0.028323 -0.104663
vn -0.00887105 0.00093483 0.00452002
v 0.0120027 0.028323 -0.104663
vn 0.00887105 -0.00093483 -0.00452002
v -0.00697544 0.0297699 -0.0950443
vn -0.00771284 0.00122596 0.00624573
v -0.00697544 0.0297699 -0.0950443
vn 0.00771284 -0.00122596 -0.00624573
v -0.0243234 0.0284925 -0.0831728
vn -0.00622047 0.00151603 0.00768163
v -0.0243234 0.0284925 -0.0831728
vn 0.00622047 -0.00151603 -0.00768163
v -0.0408759 0.0306226 -0.0572532
vn -0.00443945 0.00209204 0.00871291
v -0.0408759 0.0306226 -0.0572532
vn 0.00443945 -0.00209204 -0.00871291
v -0.0527796 0.0467358 0.00734402
vn -0.00242483 0.00349641 0.0090496
v -0.0527796 0.0467358 0.00734402
vn 0.00242483 -0.00349641 -0.0090496
v -0.052168 0.0513899 0.0197698
vn -0.0023973 0.00376924 0.00894683
v -0.052168 0.0513899 0.0197698
vn 0.0023973 -0.00376924 -0.00894683
v -0.0512479 0.0558161 0.0322604
vn -0.0023677 0.00403884 0.00883639
v -0.0512479 0.0558161 0.0322604
vn 0.0023677 -0.00403884 -0.00883639
v -0.0500193 0.0600122 0.0448023
vn -0.00233608 0.00430497 0.00871836
v -0.0500193 0.0600122 0.0448023
vn 0.00233608 -0.00430497 -0.00871836
v -0.048485 0.0639725 0.0573888
vn -0.00231952 0.00443666 0.00865655
v -0.048485 0.0639725 0.0573888
vn 0.00231952 -0.00443666 -0.00865655
v -0.0473154 0.0633342 0.0581703
vn 0 0.01 0
v -0.0473154 0.0633342 0.0581703
vn -0 -0.01 0
v -0.0474938 0.0628743 0.0567067
vn 0.00231952 -0.00443666 -0.00865655
v -0.0474938 0.0628743 0.0567067
vn -0.00231952 0.00443666 0.00865655
v -0.0436499 0.0645097 0.0430117
vn 0.00409768 -0.00430497 -0.00804215
v -0.0436499 0.0645097 0.0430117
vn -0.00409768 0.00430497 0.00804215
v -0.0440875 0.0611224 0.0302169
vn 0.00415315 -0.00403884 -0.00815102
v -0.0440875 0.0611224 0.0302169
vn -0.00415315 0.00403884 0.00815102
v -0.00794646 0.0711366 0.0194548
vn 0.00894683 -0.00376924 -0.0023973
v -0.00794646 0.0711366 0.0194548
vn -0.00894683 0.00376924 0.0023973
v -0.0176173 0.0701571 0.0171593
vn 0.0082529 -0.00376924 -0.00420506
v -0.0176173 0.0701571 0.0171593
vn -0.0082529 0.00376924 0.00420506
v -0.0271693 0.0674607 0.0160432
vn 0.00719827 -0.00376924 -0.00582904
v -0.0271693 0.0674607 0.0160432
vn -0.00719827 0.00376924 0.00582904
v -0.0361844 0.0631626 0.0161572
vn 0.00582904 -0.00376924 -0.00719827
v -0.0361844 0.0631626 0.0161572
vn -0.00582904 0.00376924 0.00719827
v -0.0530813 0.0418574 -0.00500644
vn -0.00245029 0.00322058 0.00914462
v -0.0530813 0.0418574 -0.00500644
vn 0.00245029 -0.00322058 -0.00914462
v -0.0530728 0.0367611 -0.0172736
vn -0.00247365 0.00294199 0.00923178
v -0.0530728 0.0367611 -0.0172736
vn 0.00247365 -0.00294199 -0.00923178
v -0.0527554 0.0314481 -0.0294447
vn -0.00249488 0.00266087 0.00931103
v -0.0527554 0.0314481 -0.0294447
vn 0.00249488 -0.00266087 -0.00931103
v 0.0536039 -0.0123668 0.0316908
vn -0.000504492 -0.00266087 0.00962628
v 0.0536039 -0.0123668 0.0316908
vn 0.000504492 0.00266087 -0.00962628
v 0.0405855 -0.0145008 0.0449008
vn -0.00247365 -0.00294199 0.00923178
v 0.0405855 -0.0145008 0.0449008
vn 0.00247365 0.00294199 -0.00923178
v 0.0287886 -0.0117149 0.0550648
vn -0.00339466 -0.00320475 0.0088434
v 0.0287886 -0.0117149 0.0550648
vn 0.00339466 0.00320475 -0.0088434
v 0.00609775 0.0677054 0.0107277
vn 0.009356 -0.00349641 -0.000490322
v 0.00609775 0.0677054 0.0107277
vn -0.009356 0.00349641 0.000490322
v 0.0210152 0.0616884 0.00382116
vn 0.00935065 -0.00322058 0.001481
v 0.0210152 0.0616884 0.00382116
vn -0.00935065 0.00322058 -0.001481
v 0.0359204 0.0528035 -0.00133442
vn 0.00892264 -0.00294199 0.00342508
v 0.0359204 0.0528035 -0.00133442
vn -0.00892264 0.00294199 -0.00342508
v 0.0499064 0.0409786 -0.00495526
vn 0.00808435 -0.00266087 0.00525004
v 0.0499064 0.0409786 -0.00495526
vn -0.00808435 0.00266087 -0.00525004
v 0.0115782 -0.0113588 0.0650416
vn -0.005896 -0.00349641 0.00728095
v 0.0115782 -0.0113588 0.0650416
vn 0.005896 0.00349641 -0.00728095
v -0.00261602 -0.00577366 0.0722888
vn -0.00719827 -0.00376924 0.00582904
v -0.00261602 -0.00577366 0.0722888
vn 0.00719827 0.00376924 -0.00582904
v -0.040874 0.025452 0.0853568
vn 0 0.01 0
v -0.040874 0.025452 0.0853568
vn -0 -0.01 0
v -0.0400853 0.0253735 0.083934
vn -0.00885158 -0.00443666 -0.00140196
v -0.0400676 0.0266479 0.0848062
vn -0.00885158 -0.00443666 -0.00140196
v -0.0400676 0.0266479 0.0848062
vn 0.00885158 0.00443666 0.00140196
v -0.0400853 0.0253735 0.083934
vn 0.00885158 0.00443666 0.00140196
v -0.0402276 0.0151401 0.0769266
vn -0.00891479 -0.00430497 -0.00141196
v -0.0402276 0.0151401 0.0769266
vn 0.00891479 0.00430497 0.00141196
v -0.0641501 0.0191953 0.0222157
vn 0.00335749 0.00349641 0.00874656
v -0.0641501 0.0191953 0.0222157
vn -0.00335749 -0.00349641 -0.00874656
v -0.0625201 0.0263156 0.0333097
vn 0.00331936 0.00376924 0.00864723
v -0.0625201 0.0263156 0.0333097
vn -0.00331936 -0.00376924 -0.00864723
v -0.0653933 0.012037 0.0110962
vn 0.00339274 0.00322058 0.0088384
v -0.0653933 0.012037 0.0110962
vn -0.00339274 -0.00322058 -0.0088384
v -0.0662492 0.00484623 -3.97479e-05
vn 0.00342508 0.00294199 0.00892264
v -0.0662492 0.00484623 -3.97479e-05
vn -0.00342508 -0.00294199 -0.00892264
v -0.0667171 -0.00236818 -0.0111842
vn 0.00345449 0.00266087 0.00899923
v -0.0667171 -0.00236818 -0.0111842
vn -0.00345449 -0.00266087 -0.00899923
v -0.0667961 -0.00960115 -0.0223243
vn 0.00348092 0.00237748 0.00906811
v -0.0667961 -0.00960115 -0.0223243
vn -0.00348092 -0.00237748 -0.00906811
v -0.0664872 -0.0168472 -0.0334526
vn 0.00350439 0.00209204 0.00912922
v -0.0664872 -0.0168472 -0.0334526
vn -0.00350439 -0.00209204 -0.00912922
v -0.0657892 -0.0241005 -0.0445592
vn 0.00352484 0.00180481 0.0091825
v -0.0657892 -0.0241005 -0.0445592
vn -0.00352484 -0.00180481 -0.0091825
v -0.0647044 -0.0313524 -0.0556343
vn 0.00354226 0.00151603 0.00922789
v -0.0647044 -0.0313524 -0.0556343
vn -0.00354226 -0.00151603 -0.00922789
v -0.063232 -0.0385997 -0.0666687
vn 0.00355664 0.00122596 0.00926538
v -0.063232 -0.0385997 -0.0666687
vn -0.00355664 -0.00122596 -0.00926538
v -0.0613739 -0.0458348 -0.0776519
vn 0.00356799 0.00093483 0.00929492
v -0.0613739 -0.0458348 -0.0776519
vn -0.00356799 -0.00093483 -0.00929492
v -0.0591325 -0.0530505 -0.0885771
vn 0.00357627 0.0006429 0.00931649
v -0.0591325 -0.0530505 -0.0885771
vn -0.00357627 -0.0006429 -0.00931649
v -0.044717 -0.101901 -0.101024
vn 0.00706911 -0.0002352 0.00706911
v -0.044717 -0.101901 -0.101024
vn -0.00706911 0.0002352 -0.00706911
v -0.0565091 -0.0602426 -0.0994325
vn 0.00358147 0.00035042 0.00933007
v -0.0565091 -0.0602426 -0.0994325
vn -0.00358147 -0.00035042 -0.00933007
v 0.0875362 -0.114864 -0.0685336
vn 0.00357874 -0.00052494 -0.00932293
v 0.0875362 -0.114864 -0.0685336
vn -0.00357874 0.00052494 0.00932293
v 0.106817 -0.0383526 -0.113601
vn -0.00706121 -0.00052783 -0.00706121
v 0.106817 -0.0383526 -0.113601
vn 0.00706121 0.00052783 0.00706121
v 0.0757016 -0.0101668 -0.141852
vn -0.00986311 -0.00052783 -0.00156216
v 0.0757016 -0.0101668 -0.141852
vn 0.00986311 0.00052783 0.00156216
v -0.0392633 0.025065 -0.06921
vn -0.00446536 0.00180481 0.00876375
v -0.0392633 0.025065 -0.06921
vn 0.00446536 -0.00180481 -0.00876375
v -0.0521281 0.0259252 -0.0415081
vn -0.00251398 0.00237748 0.0093823
v -0.0521281 0.0259252 -0.0415081
vn 0.00251398 -0.00237748 -0.0093823
v -0.048485 0.0639725 0.0573888
vn 0 0.01 0
v -0.048485 0.0639725 0.0573888
vn -0 -0.01 0
v -0.0473154 0.0633342 0.0581703
vn 0.00231952 -0.00443666 -0.00865655
v -0.0473154 0.0633342 0.0581703
vn -0.00231952 0.00443666 0.00865655
v -0.0489278 0.0591761 0.0449542
vn 0.00233608 -0.00430497 -0.00871836
v -0.0489278 0.0591761 0.0449542
vn -0.00233608 0.00430497 0.00871836
v -0.0442691 0.057453 0.0174946
vn 0.00420506 -0.00376924 -0.0082529
v -0.0442691 0.057453 0.0174946
vn -0.00420506 0.00376924 0.0082529
v 0.064512 -0.00830394 0.0164269
vn 0.00151949 -0.00237748 0.00959368
v 0.064512 -0.00830394 0.0164269
vn -0.00151949 0.00237748 -0.00959368
v 0.0665837 0.00371407 0.00905634
vn 0.00348092 -0.00237748 0.00906811
v 0.0665837 0.00371407 0.00905634
vn -0.00348092 0.00237748 -0.00906811
v 0.0262785 -0.014252 0.055989
vn -0.00429801 -0.00322058 0.00843534
v 0.0262785 -0.014252 0.055989
vn 0.00429801 0.00322058 -0.00843534
v 0.0657709 0.0154397 0.00100126
vn 0.00529023 -0.00237748 0.00814623
v 0.0657709 0.0154397 0.00100126
vn -0.00529023 0.00237748 -0.00814623
v 0.0621088 0.0263615 -0.00738699
vn 0.00686832 -0.00237748 0.00686832
v 0.0621088 0.0263615 -0.00738699
vn -0.00686832 0.00237748 -0.00686832
v -0.00421279 0.0685661 0.00701196
vn 0.0090496 -0.00349641 -0.00242483
v -0.00421279 0.0685661 0.00701196
vn -0.0090496 0.00349641 0.00242483
v -0.0449572 0.0293153 0.0815399
vn 0 0.01 0
v -0.0449572 0.0293153 0.0815399
vn -0 -0.01 0
v -0.0460971 0.0183422 0.0730056
vn -0.00842642 -0.00430497 -0.0032346
v -0.0460971 0.0183422 0.0730056
vn 0.00842642 0.00430497 0.0032346
v -0.033511 0.0131926 0.0802706
vn -0.00901355 -0.00430497 0.000472376
v -0.033511 0.0131926 0.0802706
vn 0.00901355 0.00430497 -0.000472376
v -0.0240837 0.00146051 0.0760388
vn -0.00883639 -0.00403884 0.0023677
v -0.0240837 0.00146051 0.0760388
vn 0.00883639 0.00403884 -0.0023677
v -0.0121671 -0.00847027 0.0711731
vn -0.0082529 -0.00376924 0.00420506
v -0.0121671 -0.00847027 0.0711731
vn 0.0082529 0.00376924 -0.00420506
v -0.046009 0.0282533 0.0819264
vn 0.00836667 0.00443666 0.00321166
v -0.046009 0.0282533 0.0819264
vn -0.00836667 -0.00443666 -0.00321166
v -0.0520207 0.0222655 0.0693252
vn 0.00756977 0.00430497 0.00491587
v -0.0520207 0.0222655 0.0693252
vn -0.00756977 -0.00430497 -0.00491587
v -0.0576258 0.0188173 0.0549514
vn 0.00646868 0.00403884 0.00646868
v -0.0576258 0.0188173 0.0549514
vn -0.00646868 -0.00403884 -0.00646868
v -0.0599834 0.0258455 0.0495531
vn 0.00498241 0.00403884 0.00767224
v -0.0599834 0.0258455 0.0495531
vn -0.00498241 -0.00403884 -0.00767224
v -0.0605054 0.0333936 0.0443683
vn 0.00327839 0.00403884 0.00854049
v -0.0605054 0.0333936 0.0443683
vn -0.00327839 -0.00403884 -0.00854049
v 0.0832576 -0.119188 -0.0669588
vn 0.00453358 -0.00052783 -0.00889764
v 0.0832576 -0.119188 -0.0669588
vn -0.00453358 0.00052783 0.00889764
v 0.0694025 -0.128974 -0.0646658
vn 0.00628443 -0.00052783 -0.00776063
v 0.0694025 -0.128974 -0.0646658
vn -0.00628443 0.00052783 0.00776063
v 0.0539517 -0.136339 -0.0644712
vn 0.00776063 -0.00052783 -0.00628443
v 0.0539517 -0.136339 -0.0644712
vn -0.00776063 0.00052783 0.00628443
v 0.0375817 -0.140961 -0.0663835
vn 0.00889764 -0.00052783 -0.00453358
v 0.0375817 -0.140961 -0.0663835
vn -0.00889764 0.00052783 0.00453358
v 0.0210075 -0.142639 -0.0703178
vn 0.00964579 -0.00052783 -0.00258458
v 0.0210075 -0.142639 -0.0703178
vn -0.00964579 0.00052783 0.00258458
v 0.00495342 -0.141298 -0.0761041
vn 0.00997238 -0.00052783 -0.00052263
v 0.00495342 -0.141298 -0.0761041
vn -0.00997238 0.00052783 0.00052263
v -0.00987913 -0.136999 -0.0834877
vn 0.00986311 -0.00052783 0.00156216
v -0.00987913 -0.136999 -0.0834877
vn -0.00986311 0.00052783 -0.00156216
v -0.0228412 -0.129928 -0.0921468
vn 0.00932279 -0.00052783 0.00357868
v -0.0228412 -0.129928 -0.0921468
vn -0.00932279 0.00052783 -0.00357868
v -0.0333665 -0.120393 -0.101704
vn 0.00837502 -0.00052783 0.0054388
v -0.0333665 -0.120393 -0.101704
vn -0.00837502 0.00052783 -0.0054388
v -0.0535057 -0.0674031 -0.110209
vn 0.00358362 5.763e-05 0.00933565
v -0.0535057 -0.0674031 -0.110209
vn -0.00358362 -5.763e-05 -0.00933565
v -0.0491429 -0.0887005 -0.111163
vn 0.00544489 -0.0002352 0.00838438
v -0.0491429 -0.0887005 -0.111163
vn -0.00544489 0.0002352 -0.00838438
v 0.106343 -0.101046 -0.0884284
vn 0.000521597 -0.00082 -0.00995266
v 0.106343 -0.101046 -0.0884284
vn -0.000521597 0.00082 0.00995266
v 0.0974945 -0.114158 -0.0823946
vn 0.00257948 -0.00082 -0.00962673
v 0.0974945 -0.114158 -0.0823946
vn -0.00257948 0.00082 0.00962673
v 0.112123 -0.0870439 -0.0959896
vn -0.00155907 -0.00082 -0.00984362
v 0.112123 -0.0870439 -0.0959896
vn 0.00155907 0.00082 0.00984362
v 0.114585 -0.0727654 -0.104746
vn -0.00357161 -0.00082 -0.00930437
v 0.114585 -0.0727654 -0.104746
vn 0.00357161 0.00082 0.00930437
v 0.113618 -0.0588332 -0.114317
vn -0.00542804 -0.00082 -0.00835846
v 0.113618 -0.0588332 -0.114317
vn 0.00542804 0.00082 0.00835846
v 0.109268 -0.0458573 -0.124283
vn -0.00704725 -0.00082 -0.00704725
v 0.109268 -0.0458573 -0.124283
vn 0.00704725 0.00082 0.00704725
v 0.0913129 -0.0249739 -0.143661
vn -0.00930437 -0.00082 -0.00357161
v 0.0913129 -0.0249739 -0.143661
vn 0.00930437 0.00082 0.00357161
v 0.0784921 -0.0179793 -0.152226
vn -0.00984362 -0.00082 -0.00155907
v 0.0784921 -0.0179793 -0.152226
vn 0.00984362 0.00082 0.00155907
v 0.057778 0.0016827 -0.138753
vn -0.00998353 -0.0002352 0.000523209
v 0.057778 0.0016827 -0.138753
vn 0.00998353 0.0002352 -0.000523209
v 0.0608694 -0.0058667 -0.149236
vn -0.00997238 -0.00052783 0.00052263
v 0.0608694 -0.0058667 -0.149236
vn 0.00997238 0.00052783 -0.00052263
v 0.054552 0.008916 -0.128089
vn -0.00998612 5.763e-05 0.000523351
v 0.054552 0.008916 -0.128089
vn 0.00998612 -5.763e-05 -0.000523351
v 0.0350698 0.0171722 -0.123065
vn -0.00965333 0.00035042 0.0025866
v 0.0350698 0.0171722 -0.123065
vn 0.00965333 -0.00035042 -0.0025866
v 0.0151989 0.0220712 -0.115939
vn -0.00889163 0.0006429 0.00453051
v 0.0151989 0.0220712 -0.115939
vn 0.00889163 -0.0006429 -0.00453051
v -0.00409651 0.0237766 -0.106543
vn -0.00773743 0.00093483 0.00626564
v -0.00409651 0.0237766 -0.106543
vn 0.00773743 -0.00093483 -0.00626564
v -0.0219 0.0226561 -0.0948568
vn -0.00624573 0.00122596 0.00771284
v -0.0219 0.0226561 -0.0948568
vn 0.00624573 -0.00122596 -0.00771284
v -0.0373993 0.0192571 -0.0810091
vn -0.00448743 0.00151603 0.00880708
v -0.0373993 0.0192571 -0.0810091
vn 0.00448743 -0.00151603 -0.00880708
v -0.0511932 0.0201955 -0.0534552
vn -0.00253092 0.00209204 0.00944552
v -0.0511932 0.0201955 -0.0534552
vn 0.00253092 -0.00209204 -0.00944552
v -0.0586664 0.0380112 0.0113589
vn -0.000490322 0.00349641 0.009356
v -0.0586664 0.0380112 0.0113589
vn 0.000490322 -0.00349641 -0.009356
v -0.0575271 0.043447 0.0234249
vn -0.000484764 0.00376924 0.00924975
v -0.0575271 0.043447 0.0234249
vn 0.000484764 -0.00376924 -0.00924975
v -0.0560409 0.0487132 0.0355288
vn -0.000478775 0.00403884 0.00913557
v -0.0560409 0.0487132 0.0355288
vn 0.000478775 -0.00403884 -0.00913557
v -0.0542076 0.0538057 0.0476583
vn -0.000472376 0.00430497 0.00901355
v -0.0542076 0.0538057 0.0476583
vn 0.000472376 -0.00430497 -0.00901355
v -0.0520278 0.0587208 0.0598057
vn -0.000469031 0.00443666 0.00894964
v -0.0520278 0.0587208 0.0598057
vn 0.000469031 -0.00443666 -0.00894964
v -0.0506899 0.0583327 0.0604718
vn 0 0.01 0
v -0.0506899 0.0583327 0.0604718
vn -0 -0.01 0
v -0.0509443 0.0577608 0.0590597
vn 0.000469031 -0.00443666 -0.00894964
v -0.0509443 0.0577608 0.0590597
vn -0.000469031 0.00443666 0.00894964
v -0.0529782 0.0531724 0.0477171
vn 0.000472376 -0.00430497 -0.00901355
v -0.0529782 0.0531724 0.0477171
vn -0.000472376 0.00430497 0.00901355
v -0.0501522 0.0549935 0.0324492
vn 0.0023677 -0.00403884 -0.00883639
v -0.0501522 0.0549935 0.0324492
vn -0.0023677 0.00403884 0.00883639
v -0.0510694 0.0505803 0.019998
vn 0.0023973 -0.00376924 -0.00894683
v -0.0510694 0.0505803 0.019998
vn -0.0023973 0.00376924 0.00894683
v -0.0148578 0.0674894 0.00448427
vn 0.00834769 -0.00349641 -0.00425336
v -0.0148578 0.0674894 0.00448427
vn -0.00834769 0.00349641 0.00425336
v -0.0253717 0.0645203 0.00325656
vn 0.00728095 -0.00349641 -0.005896
v -0.0253717 0.0645203 0.00325656
vn -0.00728095 0.00349641 0.005896
v -0.0352944 0.0597896 0.00338198
vn 0.005896 -0.00349641 -0.00728095
v -0.0352944 0.0597896 0.00338198
vn -0.005896 0.00349641 0.00728095
v -0.0441932 0.0535055 0.00485379
vn 0.00425336 -0.00349641 -0.00834769
v -0.0441932 0.0535055 0.00485379
vn -0.00425336 0.00349641 0.00834769
v -0.0594555 0.0324105 -0.0006593
vn -0.000495477 0.00322058 0.00945422
v -0.0594555 0.0324105 -0.0006593
vn 0.000495477 -0.00322058 -0.00945422
v -0.0598947 0.0266509 -0.0126211
vn -0.000500193 0.00294199 0.00954434
v -0.0598947 0.0266509 -0.0126211
vn 0.000500193 -0.00294199 -0.00954434
v -0.0599834 0.0207347 -0.0245144
vn -0.000504492 0.00266087 0.00962628
v -0.0599834 0.0207347 -0.0245144
vn 0.000504492 -0.00266087 -0.00962628
v 0.0596467 -0.0200887 0.0227906
vn -0.000508353 -0.00237748 0.00969996
v 0.0596467 -0.0200887 0.0227906
vn 0.000508353 0.00237748 -0.00969996
v 0.0465217 -0.0228629 0.0365207
vn -0.00249488 -0.00266087 0.00931103
v 0.0465217 -0.0228629 0.0365207
vn 0.00249488 0.00266087 -0.00931103
v 0.0346867 -0.0204616 0.0470717
vn -0.0034267 -0.00292726 0.00892686
v 0.0346867 -0.0204616 0.0470717
vn 0.0034267 0.00292726 -0.00892686
v -0.00049968 0.0656168 -0.00535222
vn 0.00914462 -0.00322058 -0.00245029
v -0.00049968 0.0656168 -0.00535222
vn -0.00914462 0.00322058 0.00245029
v 0.0106837 0.0646837 -0.00132219
vn 0.00945422 -0.00322058 -0.000495477
v 0.0106837 0.0646837 -0.00132219
vn -0.00945422 0.00322058 0.000495477
v 0.0262453 0.058081 -0.00779736
vn 0.00943977 -0.00294199 0.00149511
v 0.0262453 0.058081 -0.00779736
vn -0.00943977 0.00294199 -0.00149511
v 0.0415735 0.0485273 -0.0125213
vn 0.00899923 -0.00266087 0.00345449
v 0.0415735 0.0485273 -0.0125213
vn -0.00899923 0.00266087 -0.00345449
v 0.0557583 0.0360017 -0.0157414
vn 0.00814623 -0.00237748 0.00529023
v 0.0557583 0.0360017 -0.0157414
vn -0.00814623 0.00237748 -0.00529023
v 0.0166273 -0.021068 0.0575856
vn -0.0059579 -0.00322058 0.0073574
v 0.0166273 -0.021068 0.0575856
vn 0.0059579 0.00322058 -0.0073574
v 0.00165461 -0.0160892 0.0651666
vn -0.00728095 -0.00349641 0.005896
v 0.00165461 -0.0160892 0.0651666
vn 0.00728095 0.00349641 -0.005896
v -0.046009 0.0282533 0.0819264
vn 0 0.01 0
v -0.046009 0.0282533 0.0819264
vn -0 -0.01 0
v -0.0449572 0.0293153 0.0815399
vn -0.00836667 -0.00443666 -0.00321166
v -0.0449572 0.0293153 0.0815399
vn 0.00836667 0.00443666 0.00321166
v -0.0401555 0.00439485 0.0691864
vn -0.00903547 -0.00403884 -0.00143108
v -0.0401555 0.00439485 0.0691864
vn 0.00903547 0.00403884 0.00143108
v -0.0625123 0.0286951 0.0163896
vn 0.00146561 0.00349641 0.00925349
v -0.0625123 0.0286951 0.0163896
vn -0.00146561 -0.00349641 -0.00925349
v -0.0610298 0.0349652 0.0280048
vn 0.00144896 0.00376924 0.00914841
v -0.0610298 0.0349652 0.0280048
vn -0.00144896 -0.00376924 -0.00914841
v -0.0591726 0.0411281 0.0396247
vn 0.00143108 0.00403884 0.00903547
v -0.0591726 0.0411281 0.0396247
vn -0.00143108 -0.00403884 -0.00903547
v -0.0636204 0.0223236 0.00478743
vn 0.001481 0.00322058 0.00935065
v -0.0636204 0.0223236 0.00478743
vn -0.001481 -0.00322058 -0.00935065
v -0.0643518 0.0158559 -0.00679197
vn 0.00149511 0.00294199 0.00943977
v -0.0643518 0.0158559 -0.00679197
vn -0.00149511 -0.00294199 -0.00943977
v -0.0647064 0.00929712 -0.0183385
vn 0.00150795 0.00266087 0.00952081
v -0.0647064 0.00929712 -0.0183385
vn -0.00150795 -0.00266087 -0.00952081
v -0.0646835 0.00265438 -0.0298405
vn 0.00151949 0.00237748 0.00959368
v -0.0646835 0.00265438 -0.0298405
vn -0.00151949 -0.00237748 -0.00959368
v -0.0642841 -0.00406878 -0.0412894
vn 0.00152973 0.00209204 0.00965833
v -0.0642841 -0.00406878 -0.0412894
vn -0.00152973 -0.00209204 -0.00965833
v -0.0635081 -0.0108652 -0.0526764
vn 0.00153866 0.00180481 0.00971469
v -0.0635081 -0.0108652 -0.0526764
vn -0.00153866 -0.00180481 -0.00971469
v -0.0623562 -0.0177286 -0.0639897
vn 0.00154627 0.00151603 0.00976272
v -0.0623562 -0.0177286 -0.0639897
vn -0.00154627 -0.00151603 -0.00976272
v -0.0608282 -0.0246555 -0.0752205
vn 0.00155254 0.00122596 0.00980237
v -0.0608282 -0.0246555 -0.0752205
vn -0.00155254 -0.00122596 -0.00980237
v -0.0589268 -0.0316355 -0.0863604
vn 0.00155749 0.00093483 0.00983363
v -0.0589268 -0.0316355 -0.0863604
vn -0.00155749 -0.00093483 -0.00983363
v -0.0566536 -0.0386679 -0.0973979
vn 0.00156111 0.0006429 0.00985645
v -0.0566536 -0.0386679 -0.0973979
vn -0.00156111 -0.0006429 -0.00985645
v -0.0409947 -0.108813 -0.111739
vn 0.00706121 -0.00052783 0.00706121
v -0.0409947 -0.108813 -0.111739
vn -0.00706121 0.00052783 -0.00706121
v -0.0540092 -0.0457432 -0.108325
vn 0.00156339 0.00035042 0.00987081
v -0.0540092 -0.0457432 -0.108325
vn -0.00156339 -0.00035042 -0.00987081
v -0.0501248 -0.0745265 -0.120899
vn 0.00358269 -0.0002352 0.00933322
v -0.0501248 -0.0745265 -0.120899
vn -0.00358269 0.0002352 -0.00933322
v 0.0901813 -0.121549 -0.0797025
vn 0.00357174 -0.00081554 -0.00930471
v 0.0901813 -0.121549 -0.0797025
vn -0.00357174 0.00081554 0.00930471
v 0.0859667 -0.125809 -0.0781508
vn 0.00452462 -0.00082 -0.00888006
v 0.0859667 -0.125809 -0.0781508
vn -0.00452462 0.00082 0.00888006
v 0.101723 -0.0344036 -0.134209
vn -0.00835846 -0.00082 -0.00542804
v 0.101723 -0.0344036 -0.134209
vn 0.00835846 0.00082 0.00542804
v 0.0638221 -0.0137264 -0.159529
vn -0.00995266 -0.00082 0.000521597
v 0.0638221 -0.0137264 -0.159529
vn 0.00995266 0.00082 -0.000521597
v -0.0499486 0.0142665 -0.065277
vn -0.00254569 0.00180481 0.00950064
v -0.0499486 0.0142665 -0.065277
vn 0.00254569 -0.00180481 -0.00950064
v -0.0597228 0.0146711 -0.0363295
vn -0.000508353 0.00237748 0.00969996
v -0.0597228 0.0146711 -0.0363295
vn 0.000508353 -0.00237748 -0.00969996
v -0.0520278 0.0587208 0.0598057
vn 0 0.01 0
v -0.0520278 0.0587208 0.0598057
vn -0 -0.01 0
v -0.0506899 0.0583327 0.0604718
vn 0.000469031 -0.00443666 -0.00894964
v -0.0506899 0.0583327 0.0604718
vn -0.000469031 0.00443666 0.00894964
v -0.0548066 0.0480951 0.0356237
vn 0.000478775 -0.00403884 -0.00913557
v -0.0548066 0.0480951 0.0356237
vn -0.000478775 0.00403884 0.00913557
v -0.0516784 0.0459397 0.00760986
vn 0.00242483 -0.00349641 -0.0090496
v -0.0516784 0.0459397 0.00760986
vn -0.00242483 0.00349641 0.0090496
v 0.0704617 -0.0154693 0.00701366
vn 0.00152973 -0.00209204 0.00965833
v 0.0704617 -0.0154693 0.00701366
vn -0.00152973 0.00209204 -0.00965833
v 0.0726236 -0.00292919 -0.000676991
vn 0.00350439 -0.00209204 0.00912922
v 0.0726236 -0.00292919 -0.000676991
vn -0.00350439 0.00209204 -0.00912922
v 0.0318856 -0.0232929 0.0481031
vn -0.00433899 -0.00294199 0.00851574
v 0.0318856 -0.0232929 0.0481031
vn 0.00433899 0.00294199 -0.00851574
v 0.0717753 0.00930542 -0.00908176
vn 0.00532587 -0.00209204 0.00820112
v 0.0717753 0.00930542 -0.00908176
vn -0.00532587 0.00209204 -0.00820112
v 0.0679549 0.0207023 -0.0178346
vn 0.0069146 -0.00209204 0.0069146
v 0.0679549 0.0207023 -0.0178346
vn -0.0069146 0.00209204 -0.0069146
v -0.012044 0.064449 -0.00809332
vn 0.00843534 -0.00322058 -0.00429801
v -0.012044 0.064449 -0.00809332
vn -0.00843534 0.00322058 0.00429801
v 0.061328 0.03076 -0.0265512
vn 0.00820112 -0.00209204 0.00532587
v 0.061328 0.03076 -0.0265512
vn -0.00820112 0.00209204 -0.00532587
v -0.048928 0.0329124 0.0779345
vn 0 0.01 0
v -0.048928 0.0329124 0.0779345
vn -0 -0.01 0
v -0.0450836 0.028101 0.0805945
vn -0.00836667 -0.00443666 -0.00321166
v -0.0450836 0.028101 0.0805945
vn 0.00836667 0.00443666 0.00321166
v -0.0468995 0.008075 0.0646804
vn -0.00854049 -0.00403884 -0.00327839
v -0.0468995 0.008075 0.0646804
vn 0.00854049 0.00403884 0.00327839
v -0.032437 0.00215825 0.0730282
vn -0.00913557 -0.00403884 0.000478775
v -0.032437 0.00215825 0.0730282
vn 0.00913557 0.00403884 -0.000478775
v -0.0218379 -0.00944979 0.0688776
vn -0.00894683 -0.00376924 0.0023973
v -0.0218379 -0.00944979 0.0688776
vn 0.00894683 0.00376924 -0.0023973
v -0.00885888 -0.0190575 0.0639384
vn -0.00834769 -0.00349641 0.00425336
v -0.00885888 -0.0190575 0.0639384
vn 0.00834769 0.00349641 -0.00425336
v -0.050178 0.0320296 0.0781413
vn 0.0075161 0.00443666 0.00488101
v -0.050178 0.0320296 0.0781413
vn -0.0075161 -0.00443666 -0.00488101
v -0.055592 0.0276857 0.0646278
vn 0.00638229 0.00430497 0.00638229
v -0.055592 0.0276857 0.0646278
vn -0.00638229 -0.00430497 -0.00638229
v -0.0576514 0.0338271 0.0599109
vn 0.00491587 0.00430497 0.00756977
v -0.0576514 0.0338271 0.0599109
vn -0.00491587 -0.00430497 -0.00756977
v -0.0581076 0.0404212 0.0553813
vn 0.0032346 0.00430497 0.00842642
v -0.0581076 0.0404212 0.0553813
vn -0.0032346 -0.00430497 -0.00842642
v -0.0569431 0.0471786 0.051237
vn 0.00141196 0.00430497 0.00891479
v -0.0569431 0.0471786 0.051237
vn -0.00141196 -0.00430497 -0.00891479
v 0.0722626 -0.135487 -0.0758837
vn 0.00627202 -0.00082 -0.00774529
v 0.0722626 -0.135487 -0.0758837
vn -0.00627202 0.00082 0.00774529
v 0.0569812 -0.142773 -0.0756908
vn 0.00774529 -0.00082 -0.00627202
v 0.0569812 -0.142773 -0.0756908
vn -0.00774529 0.00082 0.00627202
v 0.0407898 -0.147345 -0.0775818
vn 0.00888006 -0.00082 -0.00452462
v 0.0407898 -0.147345 -0.0775818
vn -0.00888006 0.00082 0.00452462
v 0.0243966 -0.149004 -0.0814738
vn 0.00962673 -0.00082 -0.00257948
v 0.0243966 -0.149004 -0.0814738
vn -0.00962673 0.00082 0.00257948
v 0.00851769 -0.147678 -0.0871962
vn 0.00995266 -0.00082 -0.000521597
v 0.00851769 -0.147678 -0.0871962
vn -0.00995266 0.00082 0.000521597
v -0.00615229 -0.143425 -0.0944993
vn 0.00984362 -0.00082 0.00155907
v -0.00615229 -0.143425 -0.0944993
vn -0.00984362 0.00082 -0.00155907
v -0.0189722 -0.136431 -0.103064
vn 0.00930437 -0.00082 0.00357161
v -0.0189722 -0.136431 -0.103064
vn -0.00930437 0.00082 -0.00357161
v -0.0293826 -0.127001 -0.112516
vn 0.00835846 -0.00082 0.00542804
v -0.0293826 -0.127001 -0.112516
vn -0.00835846 0.00082 -0.00542804
v -0.0509981 -0.0528565 -0.119131
vn 0.00156433 5.763e-05 0.00987672
v -0.0509981 -0.0528565 -0.119131
vn -0.00156433 -5.763e-05 -0.00987672
v -0.0476212 -0.0600008 -0.129808
vn 0.00156391 -0.0002352 0.00987415
v -0.0476212 -0.0600008 -0.129808
vn -0.00156391 0.0002352 -0.00987415
v -0.0463704 -0.0816076 -0.131491
vn 0.00357868 -0.00052783 0.00932279
v -0.0463704 -0.0816076 -0.131491
vn -0.00357868 0.00052783 -0.00932279
v -0.0453939 -0.095693 -0.121815
vn 0.0054388 -0.00052783 0.00837502
v -0.0453939 -0.095693 -0.121815
vn -0.0054388 0.00052783 -0.00837502
v 0.108482 -0.107826 -0.099649
vn 0.000520912 -0.00096584 -0.0099396
v 0.108482 -0.107826 -0.099649
vn -0.000520912 0.00096584 0.0099396
v 0.0997744 -0.120731 -0.0937103
vn 0.0025761 -0.00096584 -0.0096141
v 0.0997744 -0.120731 -0.0937103
vn -0.0025761 0.00096584 0.0096141
v 0.114171 -0.094046 -0.10709
vn -0.00155704 -0.00096584 -0.00983071
v 0.114171 -0.094046 -0.10709
vn 0.00155704 0.00096584 0.00983071
v 0.116594 -0.0799936 -0.115708
vn -0.00356692 -0.00096584 -0.00929215
v 0.116594 -0.0799936 -0.115708
vn 0.00356692 0.00096584 0.00929215
v 0.115644 -0.0662815 -0.125127
vn -0.00542093 -0.00096584 -0.0083475
v 0.115644 -0.0662815 -0.125127
vn 0.00542093 0.00096584 0.0083475
v 0.103936 -0.0422394 -0.144704
vn -0.0083475 -0.00096584 -0.00542093
v 0.103936 -0.0422394 -0.144704
vn 0.0083475 0.00096584 0.00542093
v 0.0936903 -0.0329592 -0.154006
vn -0.00929215 -0.00096584 -0.00356692
v 0.0936903 -0.0329592 -0.154006
vn 0.00929215 0.00096584 0.00356692
v 0.0810735 -0.0260753 -0.162435
vn -0.00983071 -0.00096584 -0.00155704
v 0.0810735 -0.0260753 -0.162435
vn 0.00983071 0.00096584 0.00155704
v 0.0666361 -0.0218898 -0.169622
vn -0.0099396 -0.00096584 0.000520912
v 0.0666361 -0.0218898 -0.169622
vn 0.0099396 0.00096584 -0.000520912
v 0.0383752 0.0102669 -0.133919
vn -0.0096591 5.763e-05 0.00258815
v 0.0383752 0.0102669 -0.133919
vn 0.0096591 -5.763e-05 -0.00258815
v 0.0416249 0.00303169 -0.144575
vn -0.00965659 -0.0002352 0.00258747
v 0.0416249 0.00303169 -0.144575
vn 0.00965659 0.0002352 -0.00258747
v 0.044815 -0.00452635 -0.155021
vn -0.00964579 -0.00052783 0.00258458
v 0.044815 -0.00452635 -0.155021
vn 0.00964579 0.00052783 -0.00258458
v 0.0184243 0.0154871 -0.127016
vn -0.00890459 0.00035042 0.00453711
v 0.0184243 0.0154871 -0.127016
vn 0.00890459 -0.00035042 -0.00453711
v -0.00111 0.017466 -0.117844
vn -0.00775538 0.0006429 0.00628018
v -0.00111 0.017466 -0.117844
vn 0.00775538 -0.0006429 -0.00628018
v -0.019292 0.0165331 -0.106352
vn -0.00626564 0.00093483 0.00773743
v -0.019292 0.0165331 -0.106352
vn 0.00626564 -0.00093483 -0.00773743
v -0.0352836 0.0132032 -0.0926421
vn -0.00450566 0.00122596 0.00884285
v -0.0352836 0.0132032 -0.0926421
vn 0.00450566 -0.00122596 -0.00884285
v -0.0483974 0.0081415 -0.0769602
vn -0.00255827 0.00151603 0.00954761
v -0.0483974 0.0081415 -0.0769602
vn 0.00255827 -0.00151603 -0.00954761
v -0.0591108 0.00846131 -0.0480555
vn -0.000511783 0.00209204 0.00976532
v -0.0591108 0.00846131 -0.0480555
vn 0.000511783 -0.00209204 -0.00976532
v -0.0528962 0.0529913 0.0633558
vn 0 0.01 0
v -0.0528962 0.0529913 0.0633558
vn -0 -0.01 0
v -0.0556252 0.0467607 0.0511794
vn -0.00141196 -0.00430497 -0.00891479
v -0.0556252 0.0467607 0.0511794
vn 0.00141196 0.00430497 0.00891479
v -0.0578482 0.0407287 0.0396014
vn -0.00143108 -0.00403884 -0.00903547
v -0.0578482 0.0407287 0.0396014
vn 0.00143108 0.00403884 0.00903547
v -0.0562887 0.0428444 0.0235579
vn 0.000484764 -0.00376924 -0.00924975
v -0.0562887 0.0428444 0.0235579
vn -0.000484764 0.00376924 0.00924975
v -0.0574238 0.0374253 0.0115278
vn 0.000490322 -0.00349641 -0.009356
v -0.0574238 0.0374253 0.0115278
vn -0.000490322 0.00349641 0.009356
v -0.0234471 0.0612292 -0.00942513
vn 0.0073574 -0.00322058 -0.0059579
v -0.0234471 0.0612292 -0.00942513
vn -0.0073574 0.00322058 0.0059579
v -0.0342098 0.0560981 -0.00928914
vn 0.0059579 -0.00322058 -0.0073574
v -0.0342098 0.0560981 -0.00928914
vn -0.0059579 0.00322058 0.0073574
v -0.043861 0.0492821 -0.00769254
vn 0.00429801 -0.00322058 -0.00843534
v -0.043861 0.0492821 -0.00769254
vn -0.00429801 0.00322058 0.00843534
v -0.0519795 0.0410775 -0.00470418
vn 0.00245029 -0.00322058 -0.00914462
v -0.0519795 0.0410775 -0.00470418
vn -0.00245029 0.00322058 0.00914462
v 0.0653847 -0.0277658 0.0136536
vn -0.000511783 -0.00209204 0.00976532
v 0.0653847 -0.0277658 0.0136536
vn 0.000511783 0.00209204 -0.00976532
v 0.0521996 -0.0311259 0.0278696
vn -0.00251398 -0.00237748 0.0093823
v 0.0521996 -0.0311259 0.0278696
vn 0.00251398 0.00237748 -0.0093823
v 0.0403584 -0.0290913 0.0387893
vn -0.00345582 -0.00264732 0.00900272
v 0.0403584 -0.0290913 0.0387893
vn 0.00345582 0.00264732 -0.00900272
v 0.00319229 0.0622919 -0.0176277
vn 0.00923178 -0.00294199 -0.00247365
v 0.00319229 0.0622919 -0.0176277
vn -0.00923178 0.00294199 0.00247365
v -0.00917907 0.0610395 -0.0205645
vn 0.00851574 -0.00294199 -0.00433899
v -0.00917907 0.0610395 -0.0205645
vn -0.00851574 0.00294199 0.00433899
v 0.0151747 0.0612909 -0.0133089
vn 0.00954434 -0.00294199 -0.000500193
v 0.0151747 0.0612909 -0.0133089
vn -0.00954434 0.00294199 0.000500193
v 0.0313113 0.0541255 -0.0193766
vn 0.00952081 -0.00266087 0.00150795
v 0.0313113 0.0541255 -0.0193766
vn -0.00952081 0.00266087 -0.00150795
v 0.0469967 0.0439383 -0.0236963
vn 0.00906811 -0.00237748 0.00348092
v 0.0469967 0.0439383 -0.0236963
vn -0.00906811 0.00237748 -0.00348092
v 0.0215446 -0.0305963 0.0498141
vn -0.0060147 -0.00294199 0.00742753
v 0.0215446 -0.0305963 0.0498141
vn 0.0060147 0.00294199 -0.00742753
v 0.00586463 -0.0261991 0.0577216
vn -0.0073574 -0.00322058 0.0059579
v 0.00586463 -0.0261991 0.0577216
vn 0.0073574 0.00322058 -0.0059579
v -0.0518064 0.0372812 0.0741483
vn 0 0.01 0
v -0.0518064 0.0372812 0.0741483
vn -0 -0.01 0
v -0.0491432 0.0317771 0.0769095
vn -0.0075161 -0.00443666 -0.00488101
v -0.048928 0.0329124 0.0779345
vn -0.0075161 -0.00443666 -0.00488101
v -0.048928 0.0329124 0.0779345
vn 0.0075161 0.00443666 0.00488101
v -0.0491432 0.0317771 0.0769095
vn 0.0075161 0.00443666 0.00488101
v -0.0508638 0.0226596 0.068678
vn -0.00756977 -0.00430497 -0.00491587
v -0.0508638 0.0226596 0.068678
vn 0.00756977 0.00430497 0.00491587
v -0.0523765 0.0130355 0.0597082
vn -0.00767224 -0.00403884 -0.00498241
v -0.0523765 0.0130355 0.0597082
vn 0.00767224 0.00403884 0.00498241
v -0.0398595 -0.00615803 0.0611929
vn -0.00914841 -0.00376924 -0.00144896
v -0.0398595 -0.00615803 0.0611929
vn 0.00914841 0.00376924 0.00144896
v -0.0474223 -0.00203197 0.0561405
vn -0.00864723 -0.00376924 -0.00331936
v -0.0474223 -0.00203197 0.0561405
vn 0.00864723 0.00376924 0.00331936
v -0.050178 0.0320296 0.0781413
vn 0 0.01 0
v -0.050178 0.0320296 0.0781413
vn -0 -0.01 0
v -0.05815 0.002112 -0.0596838
vn -0.000514767 0.00180481 0.0098223
v -0.05815 0.002112 -0.0596838
vn 0.000514767 -0.00180481 -0.0098223
v -0.0568403 -0.00436962 -0.0712033
vn -0.000517312 0.00151603 0.00987086
v -0.0568403 -0.00436962 -0.0712033
vn 0.000517312 -0.00151603 -0.00987086
v -0.0551821 -0.010981 -0.0826045
vn -0.000519412 0.00122596 0.00991096
v -0.0551821 -0.010981 -0.0826045
vn 0.000519412 -0.00122596 -0.00991096
v -0.0531791 -0.0177141 -0.0938778
vn -0.000521074 0.00093483 0.00994256
v -0.0531791 -0.0177141 -0.0938778
vn 0.000521074 -0.00093483 -0.00994256
v -0.0508302 -0.0245645 -0.105013
vn -0.000522276 0.0006429 0.00996563
v -0.0508302 -0.0245645 -0.105013
vn 0.000522276 -0.0006429 -0.00996563
v -0.0369276 -0.115547 -0.122441
vn 0.00704725 -0.00082 0.00704725
v -0.0369276 -0.115547 -0.122441
vn -0.00704725 0.00082 -0.00704725
v -0.0481393 -0.0315253 -0.116002
vn -0.000523033 0.00035042 0.00998016
v -0.0481393 -0.0315253 -0.116002
vn 0.000523033 -0.00035042 -0.00998016
v -0.0438821 -0.06717 -0.140346
vn 0.00156216 -0.00052783 0.00986311
v -0.0438821 -0.06717 -0.140346
vn -0.00156216 0.00052783 -0.00986311
v 0.0925524 -0.12803 -0.0910518
vn 0.00356711 -0.0009606 -0.00929263
v 0.0925524 -0.12803 -0.0910518
vn -0.00356711 0.0009606 0.00929263
v 0.0884294 -0.132196 -0.0895341
vn 0.00451868 -0.00096584 -0.00886841
v 0.0884294 -0.132196 -0.0895341
vn -0.00451868 0.00096584 0.00886841
v 0.074942 -0.141722 -0.0873025
vn 0.00626378 -0.00096584 -0.00773513
v 0.074942 -0.141722 -0.0873025
vn -0.00626378 0.00096584 0.00773513
v 0.111362 -0.0535115 -0.134935
vn -0.00703801 -0.00096584 -0.00703801
v 0.111362 -0.0535115 -0.134935
vn 0.00703801 0.00096584 0.00703801
v 0.0479441 -0.0124012 -0.165251
vn -0.00962673 -0.00082 0.00257948
v 0.0479441 -0.0124012 -0.165251
vn 0.00962673 0.00082 -0.00257948
v -0.0543428 0.0531133 0.0628337
vn 0.00140196 0.00443666 0.00885158
v -0.0543428 0.0531133 0.0628337
vn -0.00140196 -0.00443666 -0.00885158
v -0.0543428 0.0531133 0.0628337
vn 0 0.01 0
v -0.0543428 0.0531133 0.0628337
vn -0 -0.01 0
v -0.0531978 0.0523015 0.0620078
vn -0.00140196 -0.00443666 -0.00885158
v -0.0528962 0.0529913 0.0633558
vn -0.00140196 -0.00443666 -0.00885158
v -0.0528962 0.0529913 0.0633558
vn 0.00140196 0.00443666 0.00885158
v -0.0531978 0.0523015 0.0620078
vn 0.00140196 0.00443666 0.00885158
v -0.0596993 0.0345853 0.0280175
vn -0.00144896 -0.00376924 -0.00914841
v -0.0596993 0.0345853 0.0280175
vn 0.00144896 0.00376924 0.00914841
v -0.0582107 0.0318424 -0.000454366
vn 0.000495477 -0.00322058 -0.00945422
v -0.0582107 0.0318424 -0.000454366
vn -0.000495477 0.00322058 0.00945422
v 0.0760767 -0.0226494 -0.0025946
vn 0.00153866 -0.00180481 0.00971469
v 0.0760767 -0.0226494 -0.0025946
vn -0.00153866 0.00180481 -0.00971469
v 0.0783163 -0.00965512 -0.010564
vn 0.00352484 -0.00180481 0.0091825
v 0.0783163 -0.00965512 -0.010564
vn -0.00352484 0.00180481 -0.0091825
v 0.0372936 -0.0321886 0.0399174
vn -0.00437623 -0.00266087 0.00858885
v 0.0372936 -0.0321886 0.0399174
vn 0.00437623 0.00266087 -0.00858885
v 0.0774376 0.00302454 -0.0192743
vn 0.00535696 -0.00180481 0.00824898
v 0.0774376 0.00302454 -0.0192743
vn -0.00535696 0.00180481 -0.00824898
v 0.0734786 0.0148337 -0.028344
vn 0.00695495 -0.00180481 0.00695495
v 0.0734786 0.0148337 -0.028344
vn -0.00695495 0.00180481 -0.00695495
v -0.0213974 0.0575897 -0.0219917
vn 0.00742753 -0.00294199 -0.0060147
v -0.0213974 0.0575897 -0.0219917
vn -0.00742753 0.00294199 0.0060147
v 0.0521853 0.0390414 -0.0348519
vn 0.00912922 -0.00209204 0.00350439
v 0.0521853 0.0390414 -0.0348519
vn -0.00912922 0.00209204 -0.00350439
v -0.0520839 0.0362432 0.0730395
vn -0.00633703 -0.00443666 -0.00633703
v -0.0518064 0.0372812 0.0741483
vn -0.00633703 -0.00443666 -0.00633703
v -0.0518064 0.0372812 0.0741483
vn 0.00633703 0.00443666 0.00633703
v -0.0520839 0.0362432 0.0730395
vn 0.00633703 0.00443666 0.00633703
v -0.0543185 0.0279034 0.0641336
vn -0.00638229 -0.00430497 -0.00638229
v -0.0543185 0.0279034 0.0641336
vn 0.00638229 0.00430497 0.00638229
v -0.0535637 0.00353074 0.0505648
vn -0.00776814 -0.00376924 -0.00504469
v -0.0535637 0.00353074 0.0505648
vn 0.00776814 0.00376924 0.00504469
v -0.0312053 -0.00866724 0.0655014
vn -0.00924975 -0.00376924 0.000484764
v -0.0312053 -0.00866724 0.0655014
vn 0.00924975 0.00376924 -0.000484764
v -0.0195034 -0.0201352 0.0614116
vn -0.0090496 -0.00349641 0.00242483
v -0.0195034 -0.0201352 0.0614116
vn 0.0090496 0.00349641 -0.00242483
v -0.0055376 -0.0294191 0.0563902
vn -0.00843534 -0.00322058 0.00429801
v -0.0055376 -0.0294191 0.0563902
vn 0.00843534 0.00322058 -0.00429801
v -0.0553297 0.0473944 0.0663407
vn 0 0.01 0
v -0.0553297 0.0473944 0.0663407
vn -0 -0.01 0
v -0.0532 0.0366175 0.0741654
vn 0.00633703 0.00443666 0.00633703
v -0.0532 0.0366175 0.0741654
vn -0.00633703 -0.00443666 -0.00633703
v -0.0553297 0.0473944 0.0663407
vn 0.00321166 0.00443666 0.00836667
v -0.0553297 0.0473944 0.0663407
vn -0.00321166 -0.00443666 -0.00836667
v 0.0599022 -0.148891 -0.0871131
vn 0.00773513 -0.00096584 -0.00626378
v 0.0599022 -0.148891 -0.0871131
vn -0.00773513 0.00096584 0.00626378
v 0.0439674 -0.153391 -0.088974
vn 0.00886841 -0.00096584 -0.00451868
v 0.0439674 -0.153391 -0.088974
vn -0.00886841 0.00096584 0.00451868
v 0.0278343 -0.155024 -0.0928041
vn 0.0096141 -0.00096584 -0.0025761
v 0.0278343 -0.155024 -0.0928041
vn -0.0096141 0.00096584 0.0025761
v 0.0122071 -0.15372 -0.0984358
vn 0.0099396 -0.00096584 -0.000520912
v 0.0122071 -0.15372 -0.0984358
vn -0.0099396 0.00096584 0.000520912
v -0.00223037 -0.149534 -0.105623
vn 0.00983071 -0.00096584 0.00155704
v -0.00223037 -0.149534 -0.105623
vn -0.00983071 0.00096584 -0.00155704
v -0.0148471 -0.14265 -0.114052
vn 0.00929215 -0.00096584 0.00356692
v -0.0148471 -0.14265 -0.114052
vn -0.00929215 0.00096584 -0.00356692
v -0.0250927 -0.13337 -0.123354
vn 0.0083475 -0.00096584 0.00542093
v -0.0250927 -0.13337 -0.123354
vn -0.0083475 0.00096584 -0.00542093
v -0.0451075 -0.0385907 -0.126834
vn -0.000523351 5.763e-05 0.00998612
v -0.0451075 -0.0385907 -0.126834
vn 0.000523351 -5.763e-05 -0.00998612
v -0.0417407 -0.0457563 -0.1375
vn -0.000523209 -0.0002352 0.00998353
v -0.0417407 -0.0457563 -0.1375
vn 0.000523209 0.0002352 -0.00998353
v -0.0380365 -0.0530136 -0.14799
vn -0.00052263 -0.00052783 0.00997238
v -0.0380365 -0.0530136 -0.14799
vn 0.00052263 0.00052783 -0.00997238
v -0.0422442 -0.0886393 -0.141978
vn 0.00357161 -0.00082 0.00930437
v -0.0422442 -0.0886393 -0.141978
vn -0.00357161 0.00082 -0.00930437
v -0.0397831 -0.0743606 -0.150735
vn 0.00155907 -0.00082 0.00984362
v -0.0397831 -0.0743606 -0.150735
vn -0.00155907 0.00082 -0.00984362
v -0.0412787 -0.102571 -0.132408
vn 0.00542804 -0.00082 0.00835846
v -0.0412787 -0.102571 -0.132408
vn -0.00542804 0.00082 -0.00835846
v 0.108482 -0.107826 -0.099649
vn -0 -0.01 0
v 0.112994 -0.0939474 -0.107514
vn -0 -0.01 0
v 0.114171 -0.094046 -0.10709
vn -0 -0.01 0
v 0.114171 -0.094046 -0.10709
vn 0 0.01 0
v 0.112994 -0.0939474 -0.107514
vn 0 0.01 0
v 0.108482 -0.107826 -0.099649
vn 0 0.01 0
v 0.0997744 -0.120731 -0.0937103
vn -0 -0.01 0
v 0.107394 -0.10751 -0.100191
vn -0 -0.01 0
v 0.107394 -0.10751 -0.100191
vn 0 0.01 0
v 0.0997744 -0.120731 -0.0937103
vn 0 0.01 0
v 0.0925524 -0.12803 -0.0910518
vn -0 -0.01 0
v 0.0988235 -0.120212 -0.0943455
vn -0 -0.01 0
v 0.0988235 -0.120212 -0.0943455
vn 0 0.01 0
v 0.0925524 -0.12803 -0.0910518
vn 0 0.01 0
v 0.115377 -0.0801157 -0.115997
vn -0 -0.01 0
v 0.116594 -0.0799936 -0.115708
vn -0 -0.01 0
v 0.116594 -0.0799936 -0.115708
vn 0 0.01 0
v 0.115377 -0.0801157 -0.115997
vn 0 0.01 0
v 0.114442 -0.0666213 -0.125267
vn -0 -0.01 0
v 0.115644 -0.0662815 -0.125127
vn -0 -0.01 0
v 0.115644 -0.0662815 -0.125127
vn 0 0.01 0
v 0.114442 -0.0666213 -0.125267
vn 0 0.01 0
v 0.110228 -0.0540518 -0.134921
vn -0 -0.01 0
v 0.111362 -0.0535115 -0.134935
vn -0 -0.01 0
v 0.111362 -0.0535115 -0.134935
vn 0 0.01 0
v 0.110228 -0.0540518 -0.134921
vn 0 0.01 0
v 0.103936 -0.0422394 -0.144704
vn -0 -0.01 0
v 0.103936 -0.0422394 -0.144704
vn 0 0.01 0
v 0.102919 -0.0429571 -0.144536
vn -0 -0.01 0
v 0.0936903 -0.0329592 -0.154006
vn -0 -0.01 0
v 0.0936903 -0.0329592 -0.154006
vn 0 0.01 0
v 0.102919 -0.0429571 -0.144536
vn 0 0.01 0
v 0.0928354 -0.0338231 -0.153691
vn -0 -0.01 0
v 0.0810735 -0.0260753 -0.162435
vn -0 -0.01 0
v 0.0810735 -0.0260753 -0.162435
vn 0 0.01 0
v 0.0928354 -0.0338231 -0.153691
vn 0 0.01 0
v 0.0804165 -0.0270484 -0.161987
vn -0 -0.01 0
v 0.0666361 -0.0218898 -0.169622
vn -0 -0.01 0
v 0.0666361 -0.0218898 -0.169622
vn 0 0.01 0
v 0.0804165 -0.0270484 -0.161987
vn 0 0.01 0
v 0.0510088 -0.0205853 -0.175254
vn -0.0096141 -0.00096584 0.0025761
v 0.0510088 -0.0205853 -0.175254
vn 0.0096141 0.00096584 -0.0025761
v 0.0216744 0.00857573 -0.137884
vn -0.00890992 5.763e-05 0.00453983
v 0.0216744 0.00857573 -0.137884
vn 0.00890992 -5.763e-05 -0.00453983
v 0.0249472 0.00134324 -0.148534
vn -0.0089076 -0.0002352 0.00453864
v 0.0249472 0.00134324 -0.148534
vn 0.0089076 0.0002352 -0.00453864
v 0.0282408 -0.00620461 -0.158956
vn -0.00889764 -0.00052783 0.00453358
v 0.0282408 -0.00620461 -0.158956
vn 0.00889764 0.00052783 -0.00453358
v 0.0019833 0.0108448 -0.128936
vn -0.00776668 0.00035042 0.00628934
v 0.0019833 0.0108448 -0.128936
vn 0.00776668 -0.00035042 -0.00628934
v -0.016503 0.0101289 -0.117651
vn -0.00628018 0.0006429 0.00775538
v -0.016503 0.0101289 -0.117651
vn 0.00628018 -0.0006429 -0.00775538
v -0.0329183 0.00690827 -0.104097
vn -0.00452002 0.00093483 0.00887105
v -0.0329183 0.00690827 -0.104097
vn 0.00452002 -0.00093483 -0.00887105
v -0.0465412 0.00182611 -0.0884981
vn -0.00256867 0.00122596 0.00958639
v -0.0465412 0.00182611 -0.0884981
vn 0.00256867 -0.00122596 -0.00958639
v -0.0538343 0.0475453 0.066696
vn 0 0.01 0
v -0.0538343 0.0475453 0.066696
vn -0 -0.01 0
v -0.0567522 0.0402235 0.0551886
vn -0.0032346 -0.00430497 -0.00842642
v -0.0567522 0.0402235 0.0551886
vn 0.0032346 0.00430497 0.00842642
v -0.0591432 0.033217 0.0442082
vn -0.00327839 -0.00403884 -0.00854049
v -0.0591432 0.033217 0.0442082
vn 0.00327839 0.00403884 0.00854049
v -0.0611512 0.026162 0.0331835
vn -0.00331936 -0.00376924 -0.00864723
v -0.0611512 0.026162 0.0331835
vn 0.00331936 0.00376924 0.00864723
v -0.0611777 0.0283338 0.016437
vn -0.00146561 -0.00349641 -0.00925349
v -0.0611777 0.0283338 0.016437
vn 0.00146561 0.00349641 0.00925349
v -0.062282 0.0219815 0.00487041
vn -0.001481 -0.00322058 -0.00935065
v -0.062282 0.0219815 0.00487041
vn 0.001481 0.00322058 0.00935065
v -0.0329297 0.0520917 -0.021846
vn 0.0060147 -0.00294199 -0.00742753
v -0.0329297 0.0520917 -0.021846
vn -0.0060147 0.00294199 0.00742753
v -0.043272 0.0447877 -0.0201351
vn 0.00433899 -0.00294199 -0.00851574
v -0.043272 0.0447877 -0.0201351
vn -0.00433899 0.00294199 0.00851574
v -0.0519711 0.0359954 -0.0169324
vn 0.00247365 -0.00294199 -0.00923178
v -0.0519711 0.0359954 -0.0169324
vn -0.00247365 0.00294199 0.00923178
v -0.0586483 0.0261001 -0.012379
vn 0.000500193 -0.00294199 -0.00954434
v -0.0586483 0.0261001 -0.012379
vn -0.000500193 0.00294199 0.00954434
v 0.0708152 -0.0353922 0.00428626
vn -0.000514767 -0.00180481 0.0098223
v 0.0708152 -0.0353922 0.00428626
vn 0.000514767 0.00180481 -0.0098223
v 0.0576141 -0.039282 0.018953
vn -0.00253092 -0.00209204 0.00944552
v 0.0576141 -0.039282 0.018953
vn 0.00253092 0.00209204 -0.00944552
v 0.045799 -0.0375938 0.0302253
vn -0.003482 -0.00236518 0.00907091
v 0.045799 -0.0375938 0.0302253
vn 0.003482 0.00236518 -0.00907091
v 0.0666112 0.0252578 -0.0373778
vn 0.00824898 -0.00180481 0.00535696
v 0.0666112 0.0252578 -0.0373778
vn -0.00824898 0.00180481 -0.00535696
v 0.00685796 0.058591 -0.0298033
vn 0.00931103 -0.00266087 -0.00249488
v 0.00685796 0.058591 -0.0298033
vn -0.00931103 0.00266087 0.00249488
v -0.00626434 0.0572625 -0.0329184
vn 0.00858885 -0.00266087 -0.00437623
v -0.00626434 0.0572625 -0.0329184
vn -0.00858885 0.00266087 0.00437623
v -0.0192247 0.0536037 -0.0344326
vn 0.00749129 -0.00266087 -0.00606633
v -0.0192247 0.0536037 -0.0344326
vn -0.00749129 0.00266087 0.00606633
v 0.0195684 0.0575306 -0.0252231
vn 0.00962628 -0.00266087 -0.000504492
v 0.0195684 0.0575306 -0.0252231
vn -0.00962628 0.00266087 0.000504492
v 0.0362067 0.0498259 -0.0309053
vn 0.00959368 -0.00237748 0.00151949
v 0.0362067 0.0498259 -0.0309053
vn -0.00959368 0.00237748 -0.00151949
v 0.0263237 -0.0399365 0.0417326
vn -0.00606633 -0.00266087 0.00749129
v 0.0263237 -0.0399365 0.0417326
vn 0.00606633 0.00266087 -0.00749129
v 0.0100126 -0.0360935 0.0499593
vn -0.00742753 -0.00294199 0.0060147
v 0.0100126 -0.0360935 0.0499593
vn 0.00742753 0.00294199 -0.0060147
v -0.0563099 0.0338453 0.0595703
vn -0.00491587 -0.00430497 -0.00756977
v -0.0563099 0.0338453 0.0595703
vn 0.00491587 0.00430497 0.00756977
v -0.0563462 0.0190608 0.0544864
vn -0.00646868 -0.00403884 -0.00646868
v -0.0563462 0.0190608 0.0544864
vn 0.00646868 0.00403884 0.00646868
v -0.0580152 0.0102871 0.0447094
vn -0.00654953 -0.00376924 -0.00654953
v -0.0580152 0.0102871 0.0447094
vn 0.00654953 0.00376924 0.00654953
v -0.0393392 -0.0165125 0.0529535
vn -0.00925349 -0.00349641 -0.00146561
v -0.0393392 -0.0165125 0.0529535
vn 0.00925349 0.00349641 0.00146561
v -0.0476641 -0.0119711 0.0473922
vn -0.00874656 -0.00349641 -0.00335749
v -0.0476641 -0.0119711 0.0473922
vn 0.00874656 0.00349641 0.00335749
v -0.0544237 -0.00584786 0.0412549
vn -0.00785737 -0.00349641 -0.00510264
v -0.0544237 -0.00584786 0.0412549
vn 0.00785737 0.00349641 0.00510264
v -0.0549425 0.0418141 0.0701743
vn 0 0.01 0
v -0.0549425 0.0418141 0.0701743
vn -0 -0.01 0
v -0.0534657 0.042231 0.0703468
vn 0 0.01 0
v -0.0534657 0.042231 0.0703468
vn -0 -0.01 0
v -0.0532 0.0366175 0.0741654
vn 0 0.01 0
v -0.0532 0.0366175 0.0741654
vn -0 -0.01 0
v -0.0549425 0.0418141 0.0701743
vn 0.00488101 0.00443666 0.0075161
v -0.0549425 0.0418141 0.0701743
vn -0.00488101 -0.00443666 -0.0075161
v -0.044381 -0.00467596 -0.0998774
vn -0.00257686 0.00093483 0.00961696
v -0.044381 -0.00467596 -0.0998774
vn 0.00257686 -0.00093483 -0.00961696
v -0.0419185 -0.0113558 -0.111092
vn -0.00258283 0.0006429 0.00963928
v -0.0419185 -0.0113558 -0.111092
vn 0.00258283 -0.0006429 -0.00963928
v -0.0391552 -0.0182102 -0.12213
vn -0.0025866 0.00035042 0.00965333
v -0.0391552 -0.0182102 -0.12213
vn 0.0025866 -0.00035042 -0.00965333
v -0.0325185 -0.122098 -0.133123
vn 0.00703801 -0.00096584 0.00703801
v -0.0325185 -0.122098 -0.133123
vn -0.00703801 0.00096584 -0.00703801
v -0.0360944 -0.0252333 -0.13298
vn -0.00258815 5.763e-05 0.0096591
v -0.0360944 -0.0252333 -0.13298
vn 0.00258815 -5.763e-05 -0.0096591
v -0.0340021 -0.0603589 -0.158296
vn -0.000521597 -0.00082 0.00995266
v -0.0340021 -0.0603589 -0.158296
vn 0.000521597 0.00082 -0.00995266
v 0.0884294 -0.132196 -0.0895341
vn -0 -0.01 0
v 0.091691 -0.12742 -0.0917202
vn -0 -0.01 0
v 0.091691 -0.12742 -0.0917202
vn 0 0.01 0
v 0.0884294 -0.132196 -0.0895341
vn 0 0.01 0
v 0.074942 -0.141722 -0.0873025
vn -0 -0.01 0
v 0.0876571 -0.131497 -0.0902351
vn -0 -0.01 0
v 0.0876571 -0.131497 -0.0902351
vn 0 0.01 0
v 0.074942 -0.141722 -0.0873025
vn 0 0.01 0
v 0.0599022 -0.148891 -0.0871131
vn -0 -0.01 0
v 0.0595802 -0.147928 -0.0878526
vn -0 -0.01 0
v 0.0595802 -0.147928 -0.0878526
vn 0 0.01 0
v 0.0599022 -0.148891 -0.0871131
vn 0 0.01 0
v 0.0662063 -0.022929 -0.169061
vn -0 -0.01 0
v 0.0662063 -0.022929 -0.169061
vn 0 0.01 0
v 0.0510088 -0.0205853 -0.175254
vn -0 -0.01 0
v 0.0510088 -0.0205853 -0.175254
vn 0 0.01 0
v 0.0315508 -0.0140602 -0.169143
vn -0.00888006 -0.00082 0.00452462
v 0.0315508 -0.0140602 -0.169143
vn 0.00888006 0.00082 -0.00452462
v -0.0541574 0.0467352 0.0654215
vn -0.00321166 -0.00443666 -0.00836667
v -0.0538343 0.0475453 0.066696
vn -0.00321166 -0.00443666 -0.00836667
v -0.0538343 0.0475453 0.066696
vn 0.00321166 0.00443666 0.00836667
v -0.0541574 0.0467352 0.0654215
vn 0.00321166 0.00443666 0.00836667
v -0.0627751 0.0190625 0.0221233
vn -0.00335749 -0.00349641 -0.00874656
v -0.0627751 0.0190625 0.0221233
vn 0.00335749 0.00349641 0.00874656
v -0.0630119 0.015533 -0.00667304
vn -0.00149511 -0.00294199 -0.00943977
v -0.0630119 0.015533 -0.00667304
vn 0.00149511 0.00294199 0.00943977
v 0.0813501 -0.0298377 -0.012387
vn 0.00154627 -0.00151603 0.00976272
v 0.0813501 -0.0298377 -0.012387
vn -0.00154627 0.00151603 -0.00976272
v 0.0836569 -0.0164549 -0.0205946
vn 0.00354226 -0.00151603 0.00922789
v 0.0836569 -0.0164549 -0.0205946
vn -0.00354226 0.00151603 -0.00922789
v 0.042497 -0.0409306 0.0314406
vn -0.00440973 -0.00237748 0.00865459
v 0.042497 -0.0409306 0.0314406
vn 0.00440973 0.00237748 -0.00865459
v 0.0827519 -0.00339661 -0.0295651
vn 0.00538344 -0.00151603 0.00828977
v 0.0827519 -0.00339661 -0.0295651
vn -0.00538344 0.00151603 -0.00828977
v 0.078675 0.00876465 -0.0389051
vn 0.00698933 -0.00151603 0.00698933
v 0.078675 0.00876465 -0.0389051
vn -0.00698933 0.00151603 -0.00698933
v 0.0716028 0.0194994 -0.0482082
vn 0.00828977 -0.00151603 0.00538344
v 0.0716028 0.0194994 -0.0482082
vn -0.00828977 0.00151603 -0.00538344
v -0.0314575 0.0477725 -0.0342785
vn 0.00606633 -0.00266087 -0.00749129
v -0.0314575 0.0477725 -0.0342785
vn -0.00606633 0.00266087 0.00749129
v 0.0409269 0.0451835 -0.0423731
vn 0.00965833 -0.00209204 0.00152973
v 0.0409269 0.0451835 -0.0423731
vn -0.00965833 0.00209204 -0.00152973
v 0.0571374 0.0338396 -0.0459794
vn 0.0091825 -0.00180481 0.00352484
v 0.0571374 0.0338396 -0.0459794
vn -0.0091825 0.00180481 -0.00352484
v -0.0534657 0.042231 0.0703468
vn -0.00488101 -0.00443666 -0.0075161
v -0.0534657 0.042231 0.0703468
vn 0.00488101 0.00443666 0.0075161
v -0.0593234 0.00158982 0.0348092
vn -0.00662477 -0.00349641 -0.00662477
v -0.0593234 0.00158982 0.0348092
vn 0.00662477 0.00349641 0.00662477
v -0.029814 -0.0192746 0.0576958
vn -0.009356 -0.00349641 0.000490322
v -0.029814 -0.0192746 0.0576958
vn 0.009356 0.00349641 -0.000490322
v -0.0170828 -0.0305868 0.0536487
vn -0.00914462 -0.00322058 0.00245029
v -0.0170828 -0.0305868 0.0536487
vn 0.00914462 0.00322058 -0.00245029
v -0.00220736 -0.0395447 0.0485326
vn -0.00851574 -0.00294199 0.00433899
v -0.00220736 -0.0395447 0.0485326
vn 0.00851574 0.00294199 -0.00433899
v 0.0439674 -0.153391 -0.088974
vn -0 -0.01 0
v 0.0438959 -0.152358 -0.0896839
vn -0 -0.01 0
v 0.0438959 -0.152358 -0.0896839
vn 0 0.01 0
v 0.0439674 -0.153391 -0.088974
vn 0 0.01 0
v 0.0278343 -0.155024 -0.0928041
vn -0 -0.01 0
v 0.0280169 -0.153965 -0.0934536
vn -0 -0.01 0
v 0.0280169 -0.153965 -0.0934536
vn 0 0.01 0
v 0.0278343 -0.155024 -0.0928041
vn 0 0.01 0
v 0.0122071 -0.15372 -0.0984358
vn -0 -0.01 0
v 0.012636 -0.15268 -0.0989971
vn -0 -0.01 0
v 0.012636 -0.15268 -0.0989971
vn 0 0.01 0
v 0.0122071 -0.15372 -0.0984358
vn 0 0.01 0
v -0.00223037 -0.149534 -0.105623
vn -0 -0.01 0
v -0.00157423 -0.148561 -0.106071
vn -0 -0.01 0
v -0.00157423 -0.148561 -0.106071
vn 0 0.01 0
v -0.00223037 -0.149534 -0.105623
vn 0 0.01 0
v -0.0148471 -0.14265 -0.114052
vn -0 -0.01 0
v -0.0139922 -0.141786 -0.114367
vn -0 -0.01 0
v -0.0139922 -0.141786 -0.114367
vn 0 0.01 0
v -0.0148471 -0.14265 -0.114052
vn 0 0.01 0
v -0.0250927 -0.13337 -0.123354
vn -0 -0.01 0
v -0.0240762 -0.132652 -0.123522
vn -0 -0.01 0
v -0.0240762 -0.132652 -0.123522
vn 0 0.01 0
v -0.0250927 -0.13337 -0.123354
vn 0 0.01 0
v -0.0313846 -0.121557 -0.133138
vn -0 -0.01 0
v -0.0325185 -0.122098 -0.133123
vn -0 -0.01 0
v -0.0325185 -0.122098 -0.133123
vn 0 0.01 0
v -0.0313846 -0.121557 -0.133138
vn 0 0.01 0
v -0.0327389 -0.0324162 -0.143639
vn -0.00258747 -0.0002352 0.00965659
v -0.0327389 -0.0324162 -0.143639
vn 0.00258747 0.0002352 -0.00965659
v -0.029091 -0.0397566 -0.15409
vn -0.00258458 -0.00052783 0.00964579
v -0.029091 -0.0397566 -0.15409
vn 0.00258458 0.00052783 -0.00964579
v -0.0251538 -0.0472463 -0.16433
vn -0.00257948 -0.00082 0.00962673
v -0.0251538 -0.0472463 -0.16433
vn 0.00257948 0.00082 -0.00962673
v -0.0377513 -0.0956155 -0.152351
vn 0.00356692 -0.00096584 0.00929215
v -0.0377513 -0.0956155 -0.152351
vn -0.00356692 0.00096584 -0.00929215
v -0.0353277 -0.0815633 -0.160968
vn 0.00155704 -0.00096584 0.00983071
v -0.0353277 -0.0815633 -0.160968
vn -0.00155704 0.00096584 -0.00983071
v -0.0296384 -0.0677836 -0.168409
vn -0.000520912 -0.00096584 0.0099396
v -0.0296384 -0.0677836 -0.168409
vn 0.000520912 0.00096584 -0.0099396
v -0.0368003 -0.109327 -0.142931
vn 0.00542093 -0.00096584 0.0083475
v -0.0368003 -0.109327 -0.142931
vn -0.00542093 0.00096584 -0.0083475
v 0.107394 -0.10751 -0.100191
vn -0.000523358 0 0.0099863
v 0.112653 -0.0932039 -0.106398
vn 0.00156435 0 0.00987688
v 0.112994 -0.0939474 -0.107514
vn 0.00156435 0 0.00987688
v 0.112994 -0.0939474 -0.107514
vn -0.00156435 0 -0.00987688
v 0.112653 -0.0932039 -0.106398
vn -0.00156435 0 -0.00987688
v 0.107394 -0.10751 -0.100191
vn 0.000523358 0 -0.0099863
v 0.115037 -0.0793722 -0.114881
vn 0.00358367 0 0.0093358
v 0.115377 -0.0801157 -0.115997
vn 0.00358367 0 0.0093358
v 0.115377 -0.0801157 -0.115997
vn -0.00358367 0 -0.0093358
v 0.115037 -0.0793722 -0.114881
vn -0.00358367 0 -0.0093358
v 0.0984831 -0.119469 -0.0932289
vn -0.00258819 0 0.00965925
v 0.0988235 -0.120212 -0.0943455
vn -0.00258819 0 0.00965925
v 0.0988235 -0.120212 -0.0943455
vn 0.00258819 0 -0.00965925
v 0.0984831 -0.119469 -0.0932289
vn 0.00258819 0 -0.00965925
v 0.091691 -0.12742 -0.0917202
vn -0.00358367 0 0.0093358
v 0.0873167 -0.130754 -0.0891185
vn -0.00453991 0 0.00891007
v 0.0873167 -0.130754 -0.0891185
vn 0.00453991 0 -0.00891007
v 0.091691 -0.12742 -0.0917202
vn 0.00358367 0 -0.0093358
v 0.0743822 -0.140873 -0.0880387
vn -0 -0.01 0
v 0.0743822 -0.140873 -0.0880387
vn 0 0.01 0
v 0.114101 -0.0658779 -0.124151
vn 0.00544639 0 0.00838671
v 0.114442 -0.0666213 -0.125267
vn 0.00544639 0 0.00838671
v 0.114442 -0.0666213 -0.125267
vn -0.00544639 0 -0.00838671
v 0.114101 -0.0658779 -0.124151
vn -0.00544639 0 -0.00838671
v 0.109888 -0.0533084 -0.133804
vn 0.00707107 0 0.00707107
v 0.110228 -0.0540518 -0.134921
vn 0.00707107 0 0.00707107
v 0.110228 -0.0540518 -0.134921
vn -0.00707107 0 -0.00707107
v 0.109888 -0.0533084 -0.133804
vn -0.00707107 0 -0.00707107
v 0.102579 -0.0422136 -0.143419
vn 0.00838671 0 0.00544639
v 0.102919 -0.0429571 -0.144536
vn 0.00838671 0 0.00544639
v 0.102919 -0.0429571 -0.144536
vn -0.00838671 0 -0.00544639
v 0.102579 -0.0422136 -0.143419
vn -0.00838671 0 -0.00544639
v 0.092495 -0.0330796 -0.152575
vn 0.0093358 0 0.00358367
v 0.0928354 -0.0338231 -0.153691
vn 0.0093358 0 0.00358367
v 0.0928354 -0.0338231 -0.153691
vn -0.0093358 0 -0.00358367
v 0.092495 -0.0330796 -0.152575
vn -0.0093358 0 -0.00358367
v 0.0800762 -0.0263049 -0.160871
vn 0.00987688 -0 0.00156435
v 0.0804165 -0.0270484 -0.161987
vn 0.00987688 -0 0.00156435
v 0.0804165 -0.0270484 -0.161987
vn -0.00987688 0 -0.00156435
v 0.0800762 -0.0263049 -0.160871
vn -0.00987688 0 -0.00156435
v 0.065866 -0.0221855 -0.167945
vn 0.0099863 0 -0.000523358
v 0.0662063 -0.022929 -0.169061
vn 0.0099863 0 -0.000523358
v 0.0662063 -0.022929 -0.169061
vn -0.0099863 0 0.000523358
v 0.065866 -0.0221855 -0.167945
vn -0.0099863 0 0.000523358
v 0.0508263 -0.0216445 -0.174605
vn -0 -0.01 0
v 0.0508263 -0.0216445 -0.174605
vn 0 0.01 0
v 0.0348749 -0.0222181 -0.179085
vn -0.00886841 -0.00096584 0.00451868
v 0.0348749 -0.0222181 -0.179085
vn 0.00886841 0.00096584 -0.00451868
v 0.00517966 0.00391792 -0.13981
vn -0.00777133 5.763e-05 0.00629309
v 0.00517966 0.00391792 -0.13981
vn 0.00777133 -5.763e-05 -0.00629309
v 0.00847652 -0.00330751 -0.150458
vn -0.00776931 -0.0002352 0.00629146
v 0.00847652 -0.00330751 -0.150458
vn 0.00776931 0.0002352 -0.00629146
v 0.0118708 -0.0108263 -0.160868
vn -0.00776063 -0.00052783 0.00628443
v 0.0118708 -0.0108263 -0.160868
vn 0.00776063 0.00052783 -0.00628443
v -0.0135339 0.00344792 -0.128741
vn -0.00628934 0.00035042 0.00776668
v -0.0135339 0.00344792 -0.128741
vn 0.00628934 -0.00035042 -0.00776668
v -0.030307 0.000379649 -0.115367
vn -0.00453051 0.0006429 0.00889163
v -0.030307 0.000379649 -0.115367
vn 0.00453051 -0.0006429 -0.00889163
v -0.0586348 0.0258875 0.0492434
vn -0.00498241 -0.00403884 -0.00767224
v -0.0586348 0.0258875 0.0492434
vn 0.00498241 0.00403884 0.00767224
v -0.0605813 0.0179422 0.0388302
vn -0.00504469 -0.00376924 -0.00776814
v -0.0605813 0.0179422 0.0388302
vn 0.00504469 0.00376924 0.00776814
v -0.0621486 0.0100145 0.0283387
vn -0.00510264 -0.00349641 -0.00785737
v -0.0621486 0.0100145 0.0283387
vn 0.00510264 0.00349641 0.00785737
v -0.0640154 0.0119254 0.0110377
vn -0.00339274 -0.00322058 -0.0088384
v -0.0640154 0.0119254 0.0110377
vn 0.00339274 0.00322058 0.0088384
v -0.0648687 0.00475821 -6.48327e-05
vn -0.00342508 -0.00294199 -0.00892264
v -0.0648687 0.00475821 -6.48327e-05
vn 0.00342508 0.00294199 0.00892264
v -0.0424274 0.0400245 -0.0324633
vn 0.00437623 -0.00266087 -0.00858885
v -0.0424274 0.0400245 -0.0324633
vn -0.00437623 0.00266087 0.00858885
v -0.0516546 0.0306986 -0.0290662
vn 0.00249488 -0.00266087 -0.00931103
v -0.0516546 0.0306986 -0.0290662
vn -0.00249488 0.00266087 0.00931103
v -0.0587368 0.0202026 -0.0242363
vn 0.000504492 -0.00266087 -0.00962628
v -0.0587368 0.0202026 -0.0242363
vn -0.000504492 0.00266087 0.00962628
v -0.0633643 0.00899514 -0.0181845
vn -0.00150795 -0.00266087 -0.00952081
v -0.0633643 0.00899514 -0.0181845
vn 0.00150795 0.00266087 0.00952081
v 0.0759316 -0.0429607 -0.00530089
vn -0.000517312 -0.00151603 0.00987086
v 0.0759316 -0.0429607 -0.00530089
vn 0.000517312 0.00151603 -0.00987086
v 0.0627633 -0.0473257 0.00977775
vn -0.00254569 -0.00180481 0.00950064
v 0.0627633 -0.0473257 0.00977775
vn 0.00254569 0.00180481 -0.00950064
v 0.051004 -0.0459624 0.0213862
vn -0.00350521 -0.00208108 0.00913141
v 0.051004 -0.0459624 0.0213862
vn 0.00350521 0.00208108 -0.00913141
v 0.0104937 0.0545202 -0.0418682
vn 0.0093823 -0.00237748 -0.00251398
v 0.0104937 0.0545202 -0.0418682
vn -0.0093823 0.00237748 0.00251398
v -0.00330343 0.0531241 -0.045144
vn 0.00865459 -0.00237748 -0.00440973
v -0.00330343 0.0531241 -0.045144
vn -0.00865459 0.00237748 0.00440973
v -0.01693 0.0492767 -0.0467356
vn 0.00754863 -0.00237748 -0.00611276
v -0.01693 0.0492767 -0.0467356
vn -0.00754863 0.00237748 0.00611276
v -0.0297934 0.0431448 -0.0465736
vn 0.00611276 -0.00237748 -0.00754863
v -0.0297934 0.0431448 -0.0465736
vn -0.00611276 0.00237748 0.00754863
v 0.0238583 0.053405 -0.0370522
vn 0.00969996 -0.00237748 -0.000508353
v 0.0238583 0.053405 -0.0370522
vn -0.00969996 0.00237748 0.000508353
v 0.0309624 -0.0490773 0.0333492
vn -0.00611276 -0.00237748 0.00754863
v 0.0309624 -0.0490773 0.0333492
vn 0.00611276 0.00237748 -0.00754863
v 0.0140909 -0.0457678 0.0418867
vn -0.00749129 -0.00266087 0.00606633
v 0.0140909 -0.0457678 0.0418867
vn 0.00749129 0.00266087 -0.00606633
v -0.0537809 0.0413027 0.0691534
vn -0.00488101 -0.00443666 -0.0075161
v -0.0537809 0.0413027 0.0691534
vn 0.00488101 0.00443666 0.0075161
v -0.0385965 -0.0266578 0.0444753
vn -0.00935065 -0.00322058 -0.001481
v -0.0385965 -0.0266578 0.0444753
vn 0.00935065 0.00322058 0.001481
v -0.0476253 -0.0217319 0.0384435
vn -0.0088384 -0.00322058 -0.00339274
v -0.0476253 -0.0217319 0.0384435
vn 0.0088384 0.00322058 0.00339274
v -0.0549571 -0.0150909 0.031787
vn -0.00793986 -0.00322058 -0.00515621
v -0.0549571 -0.0150909 0.031787
vn 0.00793986 0.00322058 0.00515621
v -0.0602711 -0.00702522 0.0247969
vn -0.00669432 -0.00322058 -0.00669432
v -0.0602711 -0.00702522 0.0247969
vn 0.00669432 0.00322058 0.00669432
v -0.0274495 -0.00638051 -0.126438
vn -0.00453711 0.00035042 0.00890459
v -0.0274495 -0.00638051 -0.126438
vn 0.00453711 -0.00035042 -0.00890459
v -0.0243509 -0.0133635 -0.137304
vn -0.00453983 5.763e-05 0.00890992
v -0.0243509 -0.0133635 -0.137304
vn 0.00453983 -5.763e-05 -0.00890992
v -0.0368003 -0.109327 -0.142931
vn -0 -0.01 0
v -0.0368003 -0.109327 -0.142931
vn 0 0.01 0
v -0.0210122 -0.0205652 -0.147955
vn -0.00453864 -0.0002352 0.0089076
v -0.0210122 -0.0205652 -0.147955
vn 0.00453864 0.0002352 -0.0089076
v -0.0209322 -0.0548783 -0.174348
vn -0.0025761 -0.00096584 0.0096141
v -0.0209322 -0.0548783 -0.174348
vn 0.0025761 0.00096584 -0.0096141
v 0.107053 -0.106767 -0.0990741
vn -0.000523358 0 0.0099863
v 0.107053 -0.106767 -0.0990741
vn 0.000523358 0 -0.0099863
v 0.0876571 -0.131497 -0.0902351
vn -0.00453991 0 0.00891007
v 0.0876571 -0.131497 -0.0902351
vn 0.00453991 0 -0.00891007
v 0.0740418 -0.140129 -0.086922
vn -0.00629321 0 0.00777146
v 0.0743822 -0.140873 -0.0880387
vn -0.00629321 0 0.00777146
v 0.0743822 -0.140873 -0.0880387
vn 0.00629321 0 -0.00777146
v 0.0740418 -0.140129 -0.086922
vn 0.00629321 0 -0.00777146
v 0.0435555 -0.151614 -0.0885673
vn -0.00891007 0 0.00453991
v 0.0595802 -0.147928 -0.0878526
vn -0.00777146 0 0.00629321
v 0.0438959 -0.152358 -0.0896839
vn -0.00891007 0 0.00453991
v 0.0438959 -0.152358 -0.0896839
vn 0.00891007 -0 -0.00453991
v 0.0595802 -0.147928 -0.0878526
vn 0.00777146 -0 -0.00629321
v 0.0435555 -0.151614 -0.0885673
vn 0.00891007 -0 -0.00453991
v 0.0592398 -0.147185 -0.086736
vn -0.00777146 0 0.00629321
v 0.0592398 -0.147185 -0.086736
vn 0.00777146 -0 -0.00629321
v 0.0508263 -0.0216445 -0.174605
vn 0.00965925 0 -0.00258819
v 0.0508263 -0.0216445 -0.174605
vn -0.00965925 0 0.00258819
v 0.0348749 -0.0222181 -0.179085
vn -0 -0.01 0
v 0.0348749 -0.0222181 -0.179085
vn 0 0.01 0
v 0.0153595 -0.0186321 -0.171034
vn -0.00774529 -0.00082 0.00627202
v 0.0153595 -0.0186321 -0.171034
vn 0.00774529 0.00082 -0.00627202
v -0.0633354 0.00211341 0.0177781
vn -0.00515621 -0.00322058 -0.00793986
v -0.0633354 0.00211341 0.0177781
vn 0.00515621 0.00322058 0.00793986
v -0.0653344 -0.00243531 -0.0111742
vn -0.00345449 -0.00266087 -0.00899923
v -0.0653344 -0.00243531 -0.0111742
vn 0.00345449 0.00266087 0.00899923
v 0.0862788 -0.0370255 -0.0223568
vn 0.00155254 -0.00122596 0.00980237
v 0.0862788 -0.0370255 -0.0223568
vn -0.00155254 0.00122596 -0.00980237
v 0.0886407 -0.0233232 -0.0307603
vn 0.00355664 -0.00122596 0.00926538
v 0.0886407 -0.0233232 -0.0307603
vn -0.00355664 0.00122596 -0.00926538
v 0.0474907 -0.049513 0.0226795
vn -0.00443945 -0.00209204 0.00871291
v 0.0474907 -0.049513 0.0226795
vn 0.00443945 0.00209204 -0.00871291
v 0.0877143 -0.00995271 -0.0399451
vn 0.00540531 -0.00122596 0.00832344
v 0.0877143 -0.00995271 -0.0399451
vn -0.00540531 0.00122596 -0.00832344
v 0.0835384 0.00249891 -0.0495086
vn 0.00701773 -0.00122596 0.00701773
v 0.0835384 0.00249891 -0.0495086
vn -0.00701773 0.00122596 -0.00701773
v 0.0618461 0.0283376 -0.0570668
vn 0.00922789 -0.00151603 0.00354226
v 0.0618461 0.0283376 -0.0570668
vn -0.00922789 0.00151603 -0.00354226
v -0.0413271 0.0349979 -0.0446646
vn 0.00440973 -0.00237748 -0.00865459
v -0.0413271 0.0349979 -0.0446646
vn -0.00440973 0.00237748 0.00865459
v 0.0280435 0.0489184 -0.0487868
vn 0.00976532 -0.00209204 -0.000511783
v 0.0280435 0.0489184 -0.0487868
vn -0.00976532 0.00209204 0.000511783
v 0.0454695 0.0402043 -0.0537736
vn 0.00971469 -0.00180481 0.00153866
v 0.0454695 0.0402043 -0.0537736
vn -0.00971469 0.00180481 -0.00153866
v -0.0282653 -0.0296538 0.049619
vn -0.00945422 -0.00322058 0.000495477
v -0.0282653 -0.0296538 0.049619
vn 0.00945422 0.00322058 -0.000495477
v -0.0145783 -0.0407963 0.0455953
vn -0.00923178 -0.00294199 0.00247365
v -0.0145783 -0.0407963 0.0455953
vn 0.00923178 0.00294199 -0.00247365
v 0.00113145 -0.0494267 0.0403729
vn -0.00858885 -0.00266087 0.00437623
v 0.00113145 -0.0494267 0.0403729
vn 0.00858885 0.00266087 -0.00437623
v 0.0276766 -0.153221 -0.092337
vn -0.00965925 0 0.00258819
v 0.0280169 -0.153965 -0.0934536
vn -0.00965925 0 0.00258819
v 0.0280169 -0.153965 -0.0934536
vn 0.00965925 0 -0.00258819
v 0.0276766 -0.153221 -0.092337
vn 0.00965925 0 -0.00258819
v 0.0122956 -0.151937 -0.0978805
vn -0.0099863 0 0.000523358
v 0.012636 -0.15268 -0.0989971
vn -0.0099863 0 0.000523358
v 0.012636 -0.15268 -0.0989971
vn 0.0099863 0 -0.000523358
v 0.0122956 -0.151937 -0.0978805
vn 0.0099863 0 -0.000523358
v -0.00157423 -0.148561 -0.106071
vn -0.00987688 0 -0.00156435
v -0.00157423 -0.148561 -0.106071
vn 0.00987688 -0 0.00156435
v -0.0139922 -0.141786 -0.114367
vn -0.0093358 0 -0.00358367
v -0.00191457 -0.147817 -0.104955
vn -0.00987688 0 -0.00156435
v -0.00191457 -0.147817 -0.104955
vn 0.00987688 -0 0.00156435
v -0.0139922 -0.141786 -0.114367
vn 0.0093358 0 0.00358367
v -0.0240762 -0.132652 -0.123522
vn -0.00838671 0 -0.00544639
v -0.0143326 -0.141043 -0.11325
vn -0.0093358 0 -0.00358367
v -0.0143326 -0.141043 -0.11325
vn 0.0093358 0 0.00358367
v -0.0240762 -0.132652 -0.123522
vn 0.00838671 0 0.00544639
v -0.0313846 -0.121557 -0.133138
vn -0.00707107 0 -0.00707107
v -0.0244165 -0.131909 -0.122406
vn -0.00838671 0 -0.00544639
v -0.0244165 -0.131909 -0.122406
vn 0.00838671 0 0.00544639
v -0.0313846 -0.121557 -0.133138
vn 0.00707107 0 0.00707107
v -0.0355995 -0.108988 -0.142791
vn -0 -0.01 0
v -0.0355995 -0.108988 -0.142791
vn 0 0.01 0
v -0.0174357 -0.0279769 -0.158381
vn -0.00453358 -0.00052783 0.00889764
v -0.0174357 -0.0279769 -0.158381
vn 0.00453358 0.00052783 -0.00889764
v -0.013626 -0.0355956 -0.168574
vn -0.00452462 -0.00082 0.00888006
v -0.013626 -0.0355956 -0.168574
vn 0.00452462 0.00082 -0.00888006
v -0.00958583 -0.0434121 -0.178524
vn -0.00451868 -0.00096584 0.00886841
v -0.00958583 -0.0434121 -0.178524
vn 0.00451868 0.00096584 -0.00886841
v -0.0377513 -0.0956155 -0.152351
vn -0 -0.01 0
v -0.0377513 -0.0956155 -0.152351
vn 0 0.01 0
v -0.0365339 -0.0954928 -0.152061
vn -0 -0.01 0
v -0.0353277 -0.0815633 -0.160968
vn -0 -0.01 0
v -0.0353277 -0.0815633 -0.160968
vn 0 0.01 0
v -0.0365339 -0.0954928 -0.152061
vn 0 0.01 0
v -0.03415 -0.0816612 -0.160544
vn -0 -0.01 0
v -0.0296384 -0.0677836 -0.168409
vn -0 -0.01 0
v -0.0296384 -0.0677836 -0.168409
vn 0 0.01 0
v -0.03415 -0.0816612 -0.160544
vn 0 0.01 0
v -0.0285514 -0.0680991 -0.167868
vn -0 -0.01 0
v -0.0209322 -0.0548783 -0.174348
vn -0 -0.01 0
v -0.0209322 -0.0548783 -0.174348
vn 0 0.01 0
v -0.0285514 -0.0680991 -0.167868
vn 0 0.01 0
v 0.107053 -0.106767 -0.0990741
vn -0.000520912 0.00096584 0.0099396
v 0.110801 -0.0868749 -0.0963636
vn 0.00155907 0.00082 0.00984362
v 0.112653 -0.0932039 -0.106398
vn 0.00155704 0.00096584 0.00983071
v 0.112653 -0.0932039 -0.106398
vn -0.00155704 -0.00096584 -0.00983071
v 0.110801 -0.0868749 -0.0963636
vn -0.00155907 -0.00082 -0.00984362
v 0.107053 -0.106767 -0.0990741
vn 0.000520912 -0.00096584 -0.0099396
v 0.113221 -0.0728391 -0.104972
vn 0.00357161 0.00082 0.00930437
v 0.115037 -0.0793722 -0.114881
vn 0.00356692 0.00096584 0.00929215
v 0.115037 -0.0793722 -0.114881
vn -0.00356692 -0.00096584 -0.00929215
v 0.113221 -0.0728391 -0.104972
vn -0.00357161 -0.00082 -0.00930437
v 0.112272 -0.0591444 -0.114379
vn 0.00542804 0.00082 0.00835846
v 0.114101 -0.0658779 -0.124151
vn 0.00542093 0.00096584 0.0083475
v 0.114101 -0.0658779 -0.124151
vn -0.00542093 -0.00096584 -0.0083475
v 0.112272 -0.0591444 -0.114379
vn -0.00542804 -0.00082 -0.00835846
v 0.0964223 -0.113527 -0.0830002
vn -0.00257948 0.00082 0.00962673
v 0.0984831 -0.119469 -0.0932289
vn -0.0025761 0.00096584 0.0096141
v 0.0984831 -0.119469 -0.0932289
vn 0.0025761 -0.00096584 -0.0096141
v 0.0964223 -0.113527 -0.0830002
vn 0.00257948 -0.00082 -0.00962673
v 0.0913506 -0.126677 -0.0906035
vn -0.00358367 0 0.0093358
v 0.0913506 -0.126677 -0.0906035
vn 0.00358367 0 -0.0093358
v 0.107996 -0.0463893 -0.124175
vn 0.00704725 0.00082 0.00704725
v 0.109888 -0.0533084 -0.133804
vn 0.00703801 0.00096584 0.00703801
v 0.109888 -0.0533084 -0.133804
vn -0.00703801 -0.00096584 -0.00703801
v 0.107996 -0.0463893 -0.124175
vn -0.00704725 -0.00082 -0.00704725
v 0.100579 -0.0351311 -0.133932
vn 0.00835846 0.00082 0.00542804
v 0.102579 -0.0422136 -0.143419
vn 0.0083475 0.00096584 0.00542093
v 0.102579 -0.0422136 -0.143419
vn -0.0083475 -0.00096584 -0.00542093
v 0.100579 -0.0351311 -0.133932
vn -0.00835846 -0.00082 -0.00542804
v 0.092495 -0.0330796 -0.152575
vn 0.00929215 0.00096584 0.00356692
v 0.092495 -0.0330796 -0.152575
vn -0.00929215 -0.00096584 -0.00356692
v 0.0903462 -0.0258613 -0.143223
vn 0.00930437 0.00082 0.00357161
v 0.0800762 -0.0263049 -0.160871
vn 0.00983071 0.00096584 0.00155704
v 0.0800762 -0.0263049 -0.160871
vn -0.00983071 -0.00096584 -0.00155704
v 0.0903462 -0.0258613 -0.143223
vn -0.00930437 -0.00082 -0.00357161
v 0.077744 -0.0189863 -0.151642
vn 0.00984362 0.00082 0.00155907
v 0.065866 -0.0221855 -0.167945
vn 0.0099396 0.00096584 -0.000520912
v 0.065866 -0.0221855 -0.167945
vn -0.0099396 -0.00096584 0.000520912
v 0.077744 -0.0189863 -0.151642
vn -0.00984362 -0.00082 -0.00155907
v 0.0504859 -0.020901 -0.173488
vn 0.00965925 0 -0.00258819
v 0.0504859 -0.020901 -0.173488
vn -0.00965925 0 0.00258819
v 0.0349473 -0.0232517 -0.178374
vn -0 -0.01 0
v 0.0349473 -0.0232517 -0.178374
vn 0 0.01 0
v 0.0189405 -0.0267168 -0.180946
vn -0.00773513 -0.00096584 0.00626378
v 0.0189405 -0.0267168 -0.180946
vn 0.00773513 0.00096584 -0.00626378
v -0.0103891 -0.00350231 -0.139615
vn -0.00629309 5.763e-05 0.00777133
v -0.0103891 -0.00350231 -0.139615
vn 0.00629309 -5.763e-05 -0.00777133
v -0.00707006 -0.0107184 -0.150262
vn -0.00629146 -0.0002352 0.00776931
v -0.00707006 -0.0107184 -0.150262
vn 0.00629146 0.0002352 -0.00776931
v -0.00358096 -0.0181914 -0.160674
vn -0.00628443 -0.00052783 0.00776063
v -0.00358096 -0.0181914 -0.160674
vn 0.00628443 0.00052783 -0.00776063
v -0.0641395 -0.00575584 0.00715804
vn -0.00520536 -0.00294199 -0.00801554
v -0.0641395 -0.00575584 0.00715804
vn 0.00520536 0.00294199 0.00801554
v -0.0645618 -0.0135873 -0.00351337
vn -0.00525004 -0.00266087 -0.00808435
v -0.0645618 -0.0135873 -0.00351337
vn 0.00525004 0.00266087 0.00808435
v -0.0510297 0.0251932 -0.0410936
vn 0.00251398 -0.00237748 -0.0093823
v -0.0510297 0.0251932 -0.0410936
vn -0.00251398 0.00237748 0.0093823
v -0.0584768 0.014156 -0.0360146
vn 0.000508353 -0.00237748 -0.00969996
v -0.0584768 0.014156 -0.0360146
vn -0.000508353 0.00237748 0.00969996
v -0.0633417 0.00237208 -0.0296513
vn -0.00151949 -0.00237748 -0.00959368
v -0.0633417 0.00237208 -0.0296513
vn 0.00151949 0.00237748 0.00959368
v -0.0654147 -0.00964654 -0.0222808
vn -0.00348092 -0.00237748 -0.00906811
v -0.0654147 -0.00964654 -0.0222808
vn 0.00348092 0.00237748 0.00906811
v 0.0807313 -0.0504634 -0.0151003
vn -0.000519412 -0.00122596 0.00991096
v 0.0807313 -0.0504634 -0.0151003
vn 0.000519412 0.00122596 -0.00991096
v 0.0676399 -0.0552493 0.000353959
vn -0.00255827 -0.00151603 0.00954761
v 0.0676399 -0.0552493 0.000353959
vn 0.00255827 0.00151603 -0.00954761
v 0.0559684 -0.0541933 0.0122794
vn -0.00352546 -0.00179524 0.00918414
v 0.0559684 -0.0541933 0.0122794
vn 0.00352546 0.00179524 -0.00918414
v 0.0762984 0.0134911 -0.0590344
vn 0.00832344 -0.00122596 0.00540531
v 0.0762984 0.0134911 -0.0590344
vn -0.00832344 0.00122596 -0.00540531
v 0.0140985 0.0500837 -0.0538131
vn 0.00944552 -0.00209204 -0.00253092
v 0.0140985 0.0500837 -0.0538131
vn -0.00944552 0.00209204 0.00253092
v -0.000297668 0.0486258 -0.0572303
vn 0.00871291 -0.00209204 -0.00443945
v -0.000297668 0.0486258 -0.0572303
vn -0.00871291 0.00209204 0.00443945
v -0.0145174 0.0446107 -0.0588911
vn 0.00759949 -0.00209204 -0.00615395
v -0.0145174 0.0446107 -0.0588911
vn -0.00759949 0.00209204 0.00615395
v -0.0279382 0.0382138 -0.0587224
vn 0.00615395 -0.00209204 -0.00759949
v -0.0279382 0.0382138 -0.0587224
vn -0.00615395 0.00209204 0.00759949
v -0.0399724 0.0297138 -0.0567309
vn 0.00443945 -0.00209204 -0.00871291
v -0.0399724 0.0297138 -0.0567309
vn -0.00443945 0.00209204 0.00871291
v 0.0354552 -0.0580135 0.024671
vn -0.00615395 -0.00209204 0.00759949
v 0.0354552 -0.0580135 0.024671
vn 0.00615395 0.00209204 -0.00759949
v 0.0181003 -0.0552085 0.0335112
vn -0.00754863 -0.00237748 0.00611276
v 0.0181003 -0.0552085 0.0335112
vn 0.00754863 0.00237748 -0.00611276
v -0.0376318 -0.0365862 0.0357654
vn -0.00943977 -0.00294199 -0.00149511
v -0.0376318 -0.0365862 0.0357654
vn 0.00943977 0.00294199 0.00149511
v -0.0473069 -0.0313087 0.0293025
vn -0.00892264 -0.00294199 -0.00342508
v -0.0473069 -0.0313087 0.0293025
vn 0.00892264 0.00294199 0.00342508
v -0.0551629 -0.0241919 0.0221694
vn -0.00801554 -0.00294199 -0.00520536
v -0.0551629 -0.0241919 0.0221694
vn 0.00801554 0.00294199 0.00520536
v -0.0608566 -0.0155482 0.0146787
vn -0.00675813 -0.00294199 -0.00675813
v -0.0608566 -0.0155482 0.0146787
vn 0.00675813 0.00294199 0.00675813
v -0.0317249 -0.120813 -0.132021
vn -0.00707107 0 -0.00707107
v -0.0317249 -0.120813 -0.132021
vn 0.00707107 0 0.00707107
v -0.0359399 -0.108244 -0.141674
vn -0.00544639 0 -0.00838671
v -0.0355995 -0.108988 -0.142791
vn -0.00544639 0 -0.00838671
v -0.0355995 -0.108988 -0.142791
vn 0.00544639 0 0.00838671
v -0.0359399 -0.108244 -0.141674
vn 0.00544639 0 0.00838671
v -0.0199803 -0.0553973 -0.173713
vn -0 -0.01 0
v -0.00958583 -0.0434121 -0.178524
vn -0 -0.01 0
v -0.00958583 -0.0434121 -0.178524
vn 0 0.01 0
v -0.0199803 -0.0553973 -0.173713
vn 0 0.01 0
v 0.105119 -0.100638 -0.0889316
vn -0.000521597 0.00082 0.00995266
v 0.105119 -0.100638 -0.0889316
vn 0.000521597 -0.00082 -0.00995266
v 0.0850904 -0.12498 -0.0788288
vn -0.00452462 0.00082 0.00888006
v 0.0850904 -0.12498 -0.0788288
vn 0.00452462 -0.00082 -0.00888006
v 0.0913506 -0.126677 -0.0906035
vn -0.00356711 0.0009606 0.00929263
v 0.0873167 -0.130754 -0.0891185
vn -0.00451868 0.00096584 0.00886841
v 0.0873167 -0.130754 -0.0891185
vn 0.00451868 -0.00096584 -0.00886841
v 0.0913506 -0.126677 -0.0906035
vn 0.00356711 -0.0009606 -0.00929263
v 0.0716198 -0.134493 -0.0766004
vn -0.00627202 0.00082 0.00774529
v 0.0740418 -0.140129 -0.086922
vn -0.00626378 0.00096584 0.00773513
v 0.0740418 -0.140129 -0.086922
vn 0.00626378 -0.00096584 -0.00773513
v 0.0716198 -0.134493 -0.0766004
vn 0.00627202 -0.00082 -0.00774529
v 0.0565988 -0.141654 -0.0764108
vn -0.00774529 0.00082 0.00627202
v 0.0592398 -0.147185 -0.086736
vn -0.00773513 0.00096584 0.00626378
v 0.0592398 -0.147185 -0.086736
vn 0.00773513 -0.00096584 -0.00626378
v 0.0565988 -0.141654 -0.0764108
vn 0.00774529 -0.00082 -0.00627202
v 0.0406824 -0.146148 -0.0782699
vn -0.00888006 0.00082 0.00452462
v 0.0435555 -0.151614 -0.0885673
vn -0.00886841 0.00096584 0.00451868
v 0.0435555 -0.151614 -0.0885673
vn 0.00886841 -0.00096584 -0.00451868
v 0.0406824 -0.146148 -0.0782699
vn 0.00888006 -0.00082 -0.00452462
v 0.024569 -0.147779 -0.0820951
vn -0.00962673 0.00082 0.00257948
v 0.0276766 -0.153221 -0.092337
vn -0.0096141 0.00096584 0.0025761
v 0.0276766 -0.153221 -0.092337
vn 0.0096141 -0.00096584 -0.0025761
v 0.024569 -0.147779 -0.0820951
vn 0.00962673 -0.00082 -0.00257948
v 0.063324 -0.0148057 -0.158821
vn 0.00995266 0.00082 -0.000521597
v 0.063324 -0.0148057 -0.158821
vn -0.00995266 -0.00082 0.000521597
v 0.0504859 -0.020901 -0.173488
vn 0.0096141 0.00096584 -0.0025761
v 0.0504859 -0.020901 -0.173488
vn -0.0096141 -0.00096584 0.0025761
v 0.0349473 -0.0232517 -0.178374
vn 0.00891007 -0 -0.00453991
v 0.0349473 -0.0232517 -0.178374
vn -0.00891007 0 0.00453991
v 0.0189405 -0.0267168 -0.180946
vn -0 -0.01 0
v 0.0189405 -0.0267168 -0.180946
vn 0 0.01 0
v 7.80343e-05 -0.0259173 -0.170841
vn -0.00627202 -0.00082 0.00774529
v 7.80343e-05 -0.0259173 -0.170841
vn 0.00627202 0.00082 -0.00774529
v -0.064601 -0.0213724 -0.0142253
vn -0.00529023 -0.00237748 -0.00814623
v -0.064601 -0.0213724 -0.0142253
vn 0.00529023 0.00237748 0.00814623
v 0.090859 -0.0442098 -0.0324945
vn 0.00155749 -0.00093483 0.00983363
v 0.090859 -0.0442098 -0.0324945
vn -0.00155749 0.00093483 -0.00983363
v 0.0932639 -0.030255 -0.0410531
vn 0.00356799 -0.00093483 0.00929492
v 0.0932639 -0.030255 -0.0410531
vn -0.00356799 0.00093483 -0.00929492
v 0.0522715 -0.0579288 0.0136398
vn -0.00446536 -0.00180481 0.00876375
v 0.0522715 -0.0579288 0.0136398
vn 0.00446536 0.00180481 -0.00876375
v 0.0923196 -0.0166396 -0.0504064
vn 0.00542254 -0.00093483 0.00834998
v 0.0923196 -0.0166396 -0.0504064
vn -0.00542254 0.00093483 -0.00834998
v 0.0880681 -0.00395671 -0.060147
vn 0.0070401 -0.00093483 0.0070401
v 0.0880681 -0.00395671 -0.060147
vn -0.0070401 0.00093483 -0.0070401
v 0.0498305 0.034893 -0.0650939
vn 0.00976272 -0.00151603 0.00154627
v 0.0498305 0.034893 -0.0650939
vn -0.00976272 0.00151603 -0.00154627
v 0.066308 0.0225396 -0.0681042
vn 0.00926538 -0.00122596 0.00355664
v 0.066308 0.0225396 -0.0681042
vn -0.00926538 0.00122596 -0.00355664
v -0.050097 0.0194823 -0.0530044
vn 0.00253092 -0.00209204 -0.00944552
v -0.050097 0.0194823 -0.0530044
vn -0.00253092 0.00209204 0.00944552
v 0.0176682 0.0452822 -0.0656285
vn 0.00950064 -0.00180481 -0.00254569
v 0.0176682 0.0452822 -0.0656285
vn -0.00950064 0.00180481 0.00254569
v 0.0321191 0.0440744 -0.0604196
vn 0.0098223 -0.00180481 -0.000514767
v 0.0321191 0.0440744 -0.0604196
vn -0.0098223 0.00180481 0.000514767
v -0.0265611 -0.0397961 0.041277
vn -0.00954434 -0.00294199 0.000500193
v -0.0265611 -0.0397961 0.041277
vn 0.00954434 0.00294199 -0.000500193
v -0.0119909 -0.0507552 0.0372578
vn -0.00931103 -0.00266087 0.00249488
v -0.0119909 -0.0507552 0.0372578
vn 0.00931103 0.00266087 -0.00249488
v 0.00447244 -0.0590566 0.0319195
vn -0.00865459 -0.00237748 0.00440973
v 0.00447244 -0.0590566 0.0319195
vn 0.00865459 0.00237748 -0.00440973
v 0.00896102 -0.146476 -0.0877204
vn -0.00995266 0.00082 0.000521597
v 0.0122956 -0.151937 -0.0978805
vn -0.0099396 0.00096584 0.000520912
v 0.0122956 -0.151937 -0.0978805
vn 0.0099396 -0.00096584 -0.000520912
v 0.00896102 -0.146476 -0.0877204
vn 0.00995266 -0.00082 -0.000521597
v -0.00545942 -0.142296 -0.0948987
vn -0.00984362 0.00082 -0.00155907
v -0.00191457 -0.147817 -0.104955
vn -0.00983071 0.00096584 -0.00155704
v -0.00191457 -0.147817 -0.104955
vn 0.00983071 -0.00096584 0.00155704
v -0.00545942 -0.142296 -0.0948987
vn 0.00984362 -0.00082 0.00155907
v -0.0180612 -0.13542 -0.103318
vn -0.00930437 0.00082 -0.00357161
v -0.0143326 -0.141043 -0.11325
vn -0.00929215 0.00096584 -0.00356692
v -0.0143326 -0.141043 -0.11325
vn 0.00929215 -0.00096584 0.00356692
v -0.0180612 -0.13542 -0.103318
vn 0.00930437 -0.00082 0.00357161
v -0.0282943 -0.126151 -0.112609
vn -0.00835846 0.00082 -0.00542804
v -0.0244165 -0.131909 -0.122406
vn -0.0083475 0.00096584 -0.00542093
v -0.0244165 -0.131909 -0.122406
vn 0.0083475 -0.00096584 0.00542093
v -0.0282943 -0.126151 -0.112609
vn 0.00835846 -0.00082 0.00542804
v -0.035711 -0.114893 -0.122365
vn -0.00704725 0.00082 -0.00704725
v -0.0317249 -0.120813 -0.132021
vn -0.00703801 0.00096584 -0.00703801
v -0.0317249 -0.120813 -0.132021
vn 0.00703801 -0.00096584 0.00703801
v -0.035711 -0.114893 -0.122365
vn 0.00704725 -0.00082 0.00704725
v -0.0368743 -0.0947493 -0.150945
vn -0.00358367 0 -0.0093358
v -0.0368743 -0.0947493 -0.150945
vn 0.00358367 0 0.0093358
v 0.00390117 -0.0338872 -0.180756
vn -0.00626378 -0.00096584 0.00773513
v 0.00390117 -0.0338872 -0.180756
vn 0.00626378 0.00096584 -0.00773513
v -0.00881392 -0.0441123 -0.177823
vn -0 -0.01 0
v -0.00881392 -0.0441123 -0.177823
vn 0 0.01 0
v -0.0365339 -0.0954928 -0.152061
vn -0.00358367 0 -0.0093358
v -0.0365339 -0.0954928 -0.152061
vn 0.00358367 0 0.0093358
v -0.03415 -0.0816612 -0.160544
vn -0.00156435 0 -0.00987688
v -0.03415 -0.0816612 -0.160544
vn 0.00156435 0 0.00987688
v -0.0285514 -0.0680991 -0.167868
vn 0.000523358 0 -0.0099863
v -0.0344904 -0.0809177 -0.159428
vn -0.00156435 0 -0.00987688
v -0.0344904 -0.0809177 -0.159428
vn 0.00156435 0 0.00987688
v -0.0285514 -0.0680991 -0.167868
vn -0.000523358 0 0.0099863
v -0.0203207 -0.0546538 -0.172596
vn 0.00258819 0 -0.00965925
v -0.0199803 -0.0553973 -0.173713
vn 0.00258819 0 -0.00965925
v -0.0199803 -0.0553973 -0.173713
vn -0.00258819 0 0.00965925
v -0.0203207 -0.0546538 -0.172596
vn -0.00258819 0 0.00965925
v 0.10839 -0.0798471 -0.0854023
vn 0.00156216 0.00052783 0.00986311
v 0.10839 -0.0798471 -0.0854023
vn -0.00156216 -0.00052783 -0.00986311
v 0.110836 -0.0656539 -0.094107
vn 0.00357868 0.00052783 0.00932279
v 0.110836 -0.0656539 -0.094107
vn -0.00357868 -0.00052783 -0.00932279
v 0.109876 -0.0518059 -0.10362
vn 0.0054388 0.00052783 0.00837502
v 0.109876 -0.0518059 -0.10362
vn -0.0054388 -0.00052783 -0.00837502
v 0.105552 -0.0389079 -0.113526
vn 0.00706121 0.00052783 0.00706121
v 0.105552 -0.0389079 -0.113526
vn -0.00706121 -0.00052783 -0.00706121
v 0.093849 -0.106799 -0.0718892
vn -0.00258458 0.00052783 0.00964579
v 0.093849 -0.106799 -0.0718892
vn 0.00258458 -0.00052783 -0.00964579
v 0.0892068 -0.120819 -0.0803448
vn -0.00357174 0.00081554 0.00930471
v 0.0892068 -0.120819 -0.0803448
vn 0.00357174 -0.00081554 -0.00930471
v 0.0980524 -0.027523 -0.123392
vn 0.00837502 0.00052783 0.0054388
v 0.0980524 -0.027523 -0.123392
vn -0.00837502 -0.00052783 -0.0054388
v 0.0877041 -0.0181496 -0.132787
vn 0.00932279 0.00052783 0.00357868
v 0.0877041 -0.0181496 -0.132787
vn -0.00932279 -0.00052783 -0.00357868
v 0.0749611 -0.011197 -0.141301
vn 0.00986311 0.00052783 0.00156216
v 0.0749611 -0.011197 -0.141301
vn -0.00986311 -0.00052783 -0.00156216
v 0.0477156 -0.013503 -0.164445
vn 0.00962673 0.00082 -0.00257948
v 0.0477156 -0.013503 -0.164445
vn -0.00962673 -0.00082 0.00257948
v 0.034607 -0.0225082 -0.177258
vn 0.00891007 -0 -0.00453991
v 0.034607 -0.0225082 -0.177258
vn -0.00891007 0 0.00453991
v 0.0192638 -0.0276796 -0.180206
vn -0 -0.01 0
v 0.0192638 -0.0276796 -0.180206
vn 0 0.01 0
v -0.061079 -0.0239745 0.00446431
vn -0.00681615 -0.00266087 -0.00681615
v -0.061079 -0.0239745 0.00446431
vn 0.00681615 0.00266087 0.00681615
v -0.0578676 0.00796605 -0.047705
vn 0.000511783 -0.00209204 -0.00976532
v -0.0578676 0.00796605 -0.047705
vn -0.000511783 0.00209204 0.00976532
v -0.0629437 -0.00433066 -0.0410647
vn -0.00152973 -0.00209204 -0.00965833
v -0.0629437 -0.00433066 -0.0410647
vn 0.00152973 0.00209204 0.00965833
v -0.0651056 -0.0168708 -0.033374
vn -0.00350439 -0.00209204 -0.00912922
v -0.0651056 -0.0168708 -0.033374
vn 0.00350439 0.00209204 0.00912922
v -0.0642573 -0.0291054 -0.0249693
vn -0.00532587 -0.00209204 -0.00820112
v -0.0642573 -0.0291054 -0.0249693
vn 0.00532587 0.00209204 0.00820112
v 0.0852082 -0.0578941 -0.0251054
vn -0.000521074 -0.00093483 0.00994256
v 0.0852082 -0.0578941 -0.0251054
vn 0.000521074 0.00093483 -0.00994256
v 0.0722402 -0.0630468 -0.00930992
vn -0.00256867 -0.00122596 0.00958639
v 0.0722402 -0.0630468 -0.00930992
vn 0.00256867 0.00122596 -0.00958639
v 0.0606886 -0.0622755 0.00291351
vn -0.0035427 -0.00150792 0.00922906
v 0.0606886 -0.0622755 0.00291351
vn 0.0035427 0.00150792 -0.00922906
v 0.0806934 0.00723617 -0.0698474
vn 0.00834998 -0.00093483 0.00542254
v 0.0806934 0.00723617 -0.0698474
vn -0.00834998 0.00093483 -0.00542254
v 0.00274945 0.0437718 -0.06917
vn 0.00876375 -0.00180481 -0.00446536
v 0.00274945 0.0437718 -0.06917
vn -0.00876375 0.00180481 0.00446536
v -0.0119858 0.0396108 -0.0708908
vn 0.00764384 -0.00180481 -0.00618986
v -0.0119858 0.0396108 -0.0708908
vn -0.00764384 0.00180481 0.00618986
v -0.0258934 0.0329812 -0.0707156
vn 0.00618986 -0.00180481 -0.00764384
v -0.0258934 0.0329812 -0.0707156
vn -0.00618986 0.00180481 0.00764384
v -0.0383656 0.0241727 -0.0686521
vn 0.00446536 -0.00180481 -0.00876375
v -0.0383656 0.0241727 -0.0686521
vn -0.00446536 0.00180481 0.00876375
v -0.0488561 0.0135701 -0.0647901
vn 0.00254569 -0.00180481 -0.00950064
v -0.0488561 0.0135701 -0.0647901
vn -0.00254569 0.00180481 0.00950064
v 0.0398002 -0.0667376 0.0157037
vn -0.00618986 -0.00180481 0.00764384
v 0.0398002 -0.0667376 0.0157037
vn 0.00618986 0.00180481 -0.00764384
v 0.0220353 -0.0644106 0.02484
vn -0.00759949 -0.00209204 0.00615395
v 0.0220353 -0.0644106 0.02484
vn 0.00759949 0.00209204 -0.00615395
v -0.0364442 -0.0462897 0.0268311
vn -0.00952081 -0.00266087 -0.00150795
v -0.0364442 -0.0462897 0.0268311
vn 0.00952081 0.00266087 0.00150795
v -0.0467064 -0.0406915 0.0199758
vn -0.00899923 -0.00266087 -0.00345449
v -0.0467064 -0.0406915 0.0199758
vn 0.00899923 0.00266087 0.00345449
v -0.0550393 -0.0331429 0.0124098
vn -0.00808435 -0.00266087 -0.00525004
v -0.0550393 -0.0331429 0.0124098
vn 0.00808435 0.00266087 0.00525004
v -0.0359399 -0.108244 -0.141674
vn -0.00542093 0.00096584 -0.0083475
v -0.0359399 -0.108244 -0.141674
vn 0.00542093 -0.00096584 0.0083475
v -0.0368743 -0.0947493 -0.150945
vn -0.00356692 0.00096584 -0.00929215
v -0.0399875 -0.102138 -0.132161
vn -0.00542804 0.00082 -0.00835846
v -0.0399875 -0.102138 -0.132161
vn 0.00542804 -0.00082 0.00835846
v -0.0368743 -0.0947493 -0.150945
vn 0.00356692 -0.00096584 0.00929215
v 0.00390117 -0.0338872 -0.180756
vn -0 -0.01 0
v 0.00390117 -0.0338872 -0.180756
vn 0 0.01 0
v -0.00915426 -0.0433688 -0.176706
vn 0.00453991 0 -0.00891007
v -0.00881392 -0.0441123 -0.177823
vn 0.00453991 0 -0.00891007
v -0.00881392 -0.0441123 -0.177823
vn -0.00453991 0 0.00891007
v -0.00915426 -0.0433688 -0.176706
vn -0.00453991 0 0.00891007
v -0.0288917 -0.0673556 -0.166751
vn 0.000523358 0 -0.0099863
v -0.0288917 -0.0673556 -0.166751
vn -0.000523358 0 0.0099863
v 0.102643 -0.0937642 -0.0778874
vn -0.00052263 0.00052783 0.00997238
v 0.102643 -0.0937642 -0.0778874
vn 0.00052263 -0.00052783 -0.00997238
v 0.0823901 -0.118379 -0.0676711
vn -0.00453358 0.00052783 0.00889764
v 0.0823901 -0.118379 -0.0676711
vn 0.00453358 -0.00052783 -0.00889764
v 0.0687688 -0.128 -0.0654173
vn -0.00628443 0.00052783 0.00776063
v 0.0687688 -0.128 -0.0654173
vn 0.00628443 -0.00052783 -0.00776063
v 0.0535783 -0.135241 -0.0652259
vn -0.00776063 0.00052783 0.00628443
v 0.0535783 -0.135241 -0.0652259
vn 0.00776063 -0.00052783 -0.00628443
v 0.0374847 -0.139786 -0.0671051
vn -0.00889764 0.00052783 0.00453358
v 0.0374847 -0.139786 -0.0671051
vn 0.00889764 -0.00052783 -0.00453358
v 0.0211902 -0.141434 -0.0709739
vn -0.00964579 0.00052783 0.00258458
v 0.0211902 -0.141434 -0.0709739
vn 0.00964579 -0.00052783 -0.00258458
v 0.00540761 -0.140116 -0.0766622
vn -0.00997238 0.00052783 0.00052263
v 0.00540761 -0.140116 -0.0766622
vn 0.00997238 -0.00052783 -0.00052263
v 0.0603793 -0.00697028 -0.14856
vn 0.00997238 0.00052783 -0.00052263
v 0.0603793 -0.00697028 -0.14856
vn -0.00997238 -0.00052783 0.00052263
v 0.034607 -0.0225082 -0.177258
vn 0.00886841 0.00096584 -0.00451868
v 0.034607 -0.0225082 -0.177258
vn -0.00886841 -0.00096584 0.00451868
v 0.0192638 -0.0276796 -0.180206
vn 0.00777146 -0 -0.00629321
v 0.0192638 -0.0276796 -0.180206
vn -0.00777146 0 0.00629321
v 0.00446101 -0.0347365 -0.180019
vn -0 -0.01 0
v 0.00446101 -0.0347365 -0.180019
vn 0 0.01 0
v -0.0609398 -0.032294 -0.00583744
vn -0.00686832 -0.00237748 -0.00686832
v -0.0609398 -0.032294 -0.00583744
vn 0.00686832 0.00237748 0.00686832
v 0.0950842 -0.0513834 -0.0427923
vn 0.00156111 -0.0006429 0.00985645
v 0.0950842 -0.0513834 -0.0427923
vn -0.00156111 0.0006429 -0.00985645
v 0.0975217 -0.0372436 -0.051464
vn 0.00357627 -0.0006429 0.00931649
v 0.0975217 -0.0372436 -0.051464
vn -0.00357627 0.0006429 -0.00931649
v 0.0568358 -0.0661688 0.00433144
vn -0.00448743 -0.00151603 0.00880708
v 0.0568358 -0.0661688 0.00433144
vn 0.00448743 0.00151603 -0.00880708
v 0.0965653 -0.0234482 -0.0609409
vn 0.00543512 -0.0006429 0.00836936
v 0.0965653 -0.0234482 -0.0609409
vn -0.00543512 0.0006429 -0.00836936
v 0.0922573 -0.0105994 -0.0708091
vn 0.00705644 -0.0006429 0.00705644
v 0.0922573 -0.0105994 -0.0708091
vn -0.00705644 0.0006429 -0.00705644
v 0.0847857 0.000742537 -0.0806383
vn 0.00836936 -0.0006429 0.00543512
v 0.0847857 0.000742537 -0.0806383
vn -0.00836936 0.0006429 -0.00543512
v 0.0360818 0.0388785 -0.0719382
vn 0.00987086 -0.00151603 -0.000517312
v 0.0360818 0.0388785 -0.0719382
vn -0.00987086 0.00151603 0.000517312
v 0.0540049 0.0292526 -0.0763239
vn 0.00980237 -0.00122596 0.00155254
v 0.0540049 0.0292526 -0.0763239
vn -0.00980237 0.00122596 -0.00155254
v 0.0705204 0.0164529 -0.0790849
vn 0.00929492 -0.00093483 0.00356799
v 0.0705204 0.0164529 -0.0790849
vn -0.00929492 0.00093483 -0.00356799
v -0.0569088 0.00163684 -0.059299
vn 0.000514767 -0.00180481 -0.0098223
v -0.0569088 0.00163684 -0.059299
vn -0.000514767 0.00180481 0.0098223
v 0.021199 0.0401207 -0.0773015
vn 0.00954761 -0.00151603 -0.00255827
v 0.021199 0.0401207 -0.0773015
vn -0.00954761 0.00151603 0.00255827
v 0.00583558 0.0385657 -0.080949
vn 0.00880708 -0.00151603 -0.00448743
v 0.00583558 0.0385657 -0.080949
vn -0.00880708 0.00151603 0.00448743
v -0.0247014 -0.049693 0.0326764
vn -0.00962628 -0.00266087 0.000504492
v -0.0247014 -0.049693 0.0326764
vn 0.00962628 0.00266087 -0.000504492
v -0.0093247 -0.0604527 0.0286438
vn -0.0093823 -0.00237748 0.00251398
v -0.0093247 -0.0604527 0.0286438
vn 0.0093823 0.00237748 -0.00251398
v 0.00781562 -0.0684257 0.0231793
vn -0.00871291 -0.00209204 0.00443945
v 0.00781562 -0.0684257 0.0231793
vn 0.00871291 0.00209204 -0.00443945
v -0.00917501 -0.135889 -0.0839214
vn -0.00986311 0.00052783 -0.00156216
v -0.00917501 -0.135889 -0.0839214
vn 0.00986311 -0.00052783 0.00156216
v -0.0219184 -0.128937 -0.0924343
vn -0.00932279 0.00052783 -0.00357868
v -0.0219184 -0.128937 -0.0924343
vn 0.00932279 -0.00052783 0.00357868
v -0.0322659 -0.119564 -0.101829
vn -0.00837502 0.00052783 -0.0054388
v -0.0322659 -0.119564 -0.101829
vn 0.00837502 -0.00052783 0.0054388
v -0.0397655 -0.108179 -0.111695
vn -0.00706121 0.00052783 -0.00706121
v -0.0397655 -0.108179 -0.111695
vn 0.00706121 -0.00052783 0.00706121
v -0.0409365 -0.0884432 -0.141569
vn -0.00357161 0.00082 -0.00930437
v -0.0409365 -0.0884432 -0.141569
vn 0.00357161 -0.00082 0.00930437
v 0.00412067 -0.033993 -0.178903
vn 0.00629321 0 -0.00777146
v 0.00412067 -0.033993 -0.178903
vn -0.00629321 0 0.00777146
v -0.0344904 -0.0809177 -0.159428
vn -0.00155704 0.00096584 -0.00983071
v -0.0344904 -0.0809177 -0.159428
vn 0.00155704 -0.00096584 0.00983071
v -0.0288917 -0.0673556 -0.166751
vn 0.000520912 0.00096584 -0.0099396
v -0.0385168 -0.0744074 -0.150177
vn -0.00155907 0.00082 -0.00984362
v -0.0385168 -0.0744074 -0.150177
vn 0.00155907 -0.00082 0.00984362
v -0.0288917 -0.0673556 -0.166751
vn -0.000520912 -0.00096584 0.0099396
v -0.0241377 -0.0477548 -0.16354
vn 0.00257948 0.00082 -0.00962673
v -0.0203207 -0.0546538 -0.172596
vn 0.0025761 0.00096584 -0.0096141
v -0.0203207 -0.0546538 -0.172596
vn -0.0025761 -0.00096584 0.0096141
v -0.0241377 -0.0477548 -0.16354
vn -0.00257948 -0.00082 0.00962673
v -0.0128067 -0.0363022 -0.167712
vn 0.00452462 0.00082 -0.00888006
v -0.00915426 -0.0433688 -0.176706
vn 0.00451868 0.00096584 -0.00886841
v -0.00915426 -0.0433688 -0.176706
vn -0.00451868 -0.00096584 0.00886841
v -0.0128067 -0.0363022 -0.167712
vn -0.00452462 -0.00082 0.00888006
v 0.10561 -0.0727779 -0.074555
vn 0.00156391 0.0002352 0.00987415
v 0.10561 -0.0727779 -0.074555
vn -0.00156391 -0.0002352 -0.00987415
v 0.108071 -0.0584958 -0.0833142
vn 0.00358269 0.0002352 0.00933322
v 0.108071 -0.0584958 -0.0833142
vn -0.00358269 -0.0002352 -0.00933322
v 0.107105 -0.0445609 -0.0928869
vn 0.00544489 0.0002352 0.00838438
v 0.107105 -0.0445609 -0.0928869
vn -0.00544489 -0.0002352 -0.00838438
v 0.102754 -0.0315811 -0.102856
vn 0.00706911 0.0002352 0.00706911
v 0.102754 -0.0315811 -0.102856
vn -0.00706911 -0.0002352 -0.00706911
v 0.0952068 -0.020126 -0.112783
vn 0.00838438 0.0002352 0.00544489
v 0.0952068 -0.020126 -0.112783
vn -0.00838438 -0.0002352 -0.00544489
v 0.0909773 -0.0998988 -0.060957
vn -0.00258747 0.0002352 0.00965659
v 0.0909773 -0.0998988 -0.060957
vn 0.00258747 -0.0002352 -0.00965659
v 0.0865704 -0.114154 -0.0692102
vn -0.00357874 0.00052494 0.00932293
v 0.0865704 -0.114154 -0.0692102
vn 0.00357874 -0.00052494 -0.00932293
v 0.084794 -0.0106929 -0.122238
vn 0.00933322 0.0002352 0.00358269
v 0.084794 -0.0106929 -0.122238
vn -0.00933322 -0.0002352 -0.00358269
v 0.0719705 -0.00369777 -0.130804
vn 0.00987415 0.0002352 0.00156391
v 0.0719705 -0.00369777 -0.130804
vn -0.00987415 -0.0002352 -0.00156391
v 0.0445967 -0.00565203 -0.154248
vn 0.00964579 0.00052783 -0.00258458
v 0.0445967 -0.00565203 -0.154248
vn -0.00964579 -0.00052783 0.00258458
v 0.0316013 -0.015134 -0.168271
vn 0.00888006 0.00082 -0.00452462
v 0.0316013 -0.015134 -0.168271
vn -0.00888006 -0.00082 0.00452462
v 0.0189234 -0.0269361 -0.17909
vn 0.00777146 -0 -0.00629321
v 0.0189234 -0.0269361 -0.17909
vn -0.00777146 0 0.00629321
v 0.00446101 -0.0347365 -0.180019
vn 0.00629321 0 -0.00777146
v 0.00446101 -0.0347365 -0.180019
vn -0.00629321 0 0.00777146
v -0.0621695 -0.0111062 -0.0524178
vn -0.00153866 -0.00180481 -0.00971469
v -0.0621695 -0.0111062 -0.0524178
vn 0.00153866 0.00180481 0.00971469
v -0.0644103 -0.0241011 -0.0444484
vn -0.00352484 -0.00180481 -0.0091825
v -0.0644103 -0.0241011 -0.0444484
vn 0.00352484 0.00180481 0.0091825
v -0.0635308 -0.0367809 -0.0357376
vn -0.00535696 -0.00180481 -0.00824898
v -0.0635308 -0.0367809 -0.0357376
vn 0.00535696 0.00180481 0.00824898
v -0.0604366 -0.0405014 -0.0162169
vn -0.0069146 -0.00209204 -0.0069146
v -0.0604366 -0.0405014 -0.0162169
vn 0.0069146 0.00209204 0.0069146
v 0.0893606 -0.0652477 -0.0353055
vn -0.000522276 -0.0006429 0.00996563
v 0.0893606 -0.0652477 -0.0353055
vn 0.000522276 0.0006429 -0.00996563
v 0.0765616 -0.070709 -0.0192083
vn -0.00257686 -0.00093483 0.00961696
v 0.0765616 -0.070709 -0.0192083
vn 0.00257686 0.00093483 -0.00961696
v 0.0651593 -0.0702024 -0.00670371
vn -0.00355694 -0.00121934 0.00926615
v 0.0651593 -0.0702024 -0.00670371
vn 0.00355694 0.00121934 -0.00926615
v -0.00933961 0.034281 -0.0827215
vn 0.00768163 -0.00151603 -0.00622047
v -0.00933961 0.034281 -0.0827215
vn -0.00768163 0.00151603 0.00622047
v -0.023662 0.0274536 -0.082541
vn 0.00622047 -0.00151603 -0.00768163
v -0.023662 0.0274536 -0.082541
vn -0.00622047 0.00151603 0.00768163
v -0.0365058 0.0183827 -0.0804161
vn 0.00448743 -0.00151603 -0.00880708
v -0.0365058 0.0183827 -0.0804161
vn -0.00448743 0.00151603 0.00880708
v -0.0473112 0.00746252 -0.0764386
vn 0.00255827 -0.00151603 -0.00954761
v -0.0473112 0.00746252 -0.0764386
vn -0.00255827 0.00151603 0.00954761
v -0.0556029 -0.00482611 -0.0707837
vn 0.000517312 -0.00151603 -0.00987086
v -0.0556029 -0.00482611 -0.0707837
vn -0.000517312 0.00151603 0.00987086
v 0.0439917 -0.0752406 0.00645685
vn -0.00622047 -0.00151603 0.00768163
v 0.0439917 -0.0752406 0.00645685
vn 0.00622047 0.00151603 -0.00768163
v 0.0258927 -0.0733672 0.0158789
vn -0.00764384 -0.00180481 0.00618986
v 0.0258927 -0.0733672 0.0158789
vn 0.00764384 0.00180481 -0.00618986
v -0.0350364 -0.0557577 0.0176808
vn -0.00959368 -0.00237748 -0.00151949
v -0.0350364 -0.0557577 0.0176808
vn 0.00959368 0.00237748 0.00151949
v -0.0458268 -0.049871 0.0104723
vn -0.00906811 -0.00237748 -0.00348092
v -0.0458268 -0.049871 0.0104723
vn 0.00906811 0.00237748 0.00348092
v -0.0545893 -0.0419342 0.00251696
vn -0.00814623 -0.00237748 -0.00529023
v -0.0545893 -0.0419342 0.00251696
vn 0.00814623 0.00237748 0.00529023
v -0.0440901 -0.0952804 -0.121602
vn -0.0054388 0.00052783 -0.00837502
v -0.0440901 -0.0952804 -0.121602
vn 0.0054388 -0.00052783 0.00837502
v 0.000664297 -0.0267881 -0.169941
vn 0.00627202 0.00082 -0.00774529
v 0.00412067 -0.033993 -0.178903
vn 0.00626378 0.00096584 -0.00773513
v 0.00412067 -0.033993 -0.178903
vn -0.00626378 -0.00096584 0.00773513
v 0.000664297 -0.0267881 -0.169941
vn -0.00627202 -0.00082 0.00774529
v -0.0328344 -0.0606442 -0.157609
vn 0.000521597 0.00082 -0.00995266
v -0.0328344 -0.0606442 -0.157609
vn -0.000521597 -0.00082 0.00995266
v 0.0998272 -0.0867829 -0.0669926
vn -0.000523209 0.0002352 0.00998353
v 0.0998272 -0.0867829 -0.0669926
vn 0.000523209 -0.0002352 -0.00998353
v 0.0794465 -0.111552 -0.0567128
vn -0.00453864 0.0002352 0.0089076
v 0.0794465 -0.111552 -0.0567128
vn 0.00453864 -0.0002352 -0.0089076
v 0.0657392 -0.121233 -0.0544448
vn -0.00629146 0.0002352 0.00776931
v 0.0657392 -0.121233 -0.0544448
vn 0.00629146 -0.0002352 -0.00776931
v 0.0504543 -0.128519 -0.0542523
vn -0.00776931 0.0002352 0.00629146
v 0.0504543 -0.128519 -0.0542523
vn 0.00776931 -0.0002352 -0.00629146
v 0.0342595 -0.133092 -0.0561436
vn -0.0089076 0.0002352 0.00453864
v 0.0342595 -0.133092 -0.0561436
vn 0.0089076 -0.0002352 -0.00453864
v 0.0178628 -0.134752 -0.060036
vn -0.00965659 0.0002352 0.00258747
v 0.0178628 -0.134752 -0.060036
vn 0.00965659 -0.0002352 -0.00258747
v 0.00198033 -0.133426 -0.06576
vn -0.00998353 0.0002352 0.000523209
v 0.00198033 -0.133426 -0.06576
vn 0.00998353 -0.0002352 -0.000523209
v -0.0126932 -0.129172 -0.0730648
vn -0.00987415 0.0002352 -0.00156391
v -0.0126932 -0.129172 -0.0730648
vn 0.00987415 -0.0002352 0.00156391
v 0.0572973 0.000556811 -0.138109
vn 0.00998353 0.0002352 -0.000523209
v 0.0572973 0.000556811 -0.138109
vn -0.00998353 -0.0002352 0.000523209
v 0.0189234 -0.0269361 -0.17909
vn 0.00773513 0.00096584 -0.00626378
v 0.0189234 -0.0269361 -0.17909
vn -0.00773513 -0.00096584 0.00626378
v 0.0989539 -0.0585399 -0.0532407
vn 0.00156339 -0.00035042 0.00987081
v 0.0989539 -0.0585399 -0.0532407
vn -0.00156339 0.00035042 -0.00987081
v 0.101411 -0.0442848 -0.0619834
vn 0.00358147 -0.00035042 0.00933007
v 0.101411 -0.0442848 -0.0619834
vn -0.00358147 0.00035042 -0.00933007
v 0.0611782 -0.0742264 -0.00523787
vn -0.00450566 -0.00122596 0.00884285
v 0.0611782 -0.0742264 -0.00523787
vn 0.00450566 0.00122596 -0.00884285
v 0.100447 -0.0303759 -0.0715381
vn 0.00544305 -0.00035042 0.00838156
v 0.100447 -0.0303759 -0.0715381
vn -0.00544305 0.00035042 -0.00838156
v 0.0961038 -0.0174207 -0.0814879
vn 0.00706673 -0.00035042 0.00706673
v 0.0961038 -0.0174207 -0.0814879
vn -0.00706673 0.00035042 -0.00706673
v 0.0744776 0.0100801 -0.0899975
vn 0.00931649 -0.0006429 0.00357627
v 0.0744776 0.0100801 -0.0899975
vn -0.00931649 0.0006429 -0.00357627
v 0.024689 0.0346065 -0.0888242
vn 0.00958639 -0.00122596 -0.00256867
v 0.024689 0.0346065 -0.0888242
vn -0.00958639 0.00122596 0.00256867
v 0.0399265 0.0333337 -0.0833323
vn 0.00991096 -0.00122596 -0.000519412
v 0.0399265 0.0333337 -0.0833323
vn -0.00991096 0.00122596 0.000519412
v 0.0579902 0.0232883 -0.0874553
vn 0.00983363 -0.00093483 0.00155749
v 0.0579902 0.0232883 -0.0874553
vn -0.00983363 0.00093483 -0.00155749
v -0.0610205 -0.0179493 -0.0636972
vn -0.00154627 -0.00151603 -0.00976272
v -0.0610205 -0.0179493 -0.0636972
vn 0.00154627 0.00151603 0.00976272
v 0.00895715 0.0330138 -0.0925587
vn 0.00884285 -0.00122596 -0.00450566
v 0.00895715 0.0330138 -0.0925587
vn -0.00884285 0.00122596 0.00450566
v -0.00658085 0.0286262 -0.0943733
vn 0.00771284 -0.00122596 -0.00624573
v -0.00658085 0.0286262 -0.0943733
vn -0.00771284 0.00122596 0.00624573
v -0.0226893 -0.0593375 0.0238277
vn -0.00969996 -0.00237748 0.000508353
v -0.0226893 -0.0593375 0.0238277
vn 0.00969996 0.00237748 -0.000508353
v -0.00658143 -0.0698834 0.0197616
vn -0.00944552 -0.00209204 0.00253092
v -0.00658143 -0.0698834 0.0197616
vn 0.00944552 0.00209204 -0.00253092
v 0.0111574 -0.0775282 0.0141581
vn -0.00876375 -0.00180481 0.00446536
v 0.0111574 -0.0775282 0.0141581
vn 0.00876375 0.00180481 -0.00446536
v -0.0255163 -0.122176 -0.0816314
vn -0.00933322 0.0002352 -0.00358269
v -0.0255163 -0.122176 -0.0816314
vn 0.00933322 -0.0002352 0.00358269
v -0.0359286 -0.112744 -0.0910852
vn -0.00838438 0.0002352 -0.00544489
v -0.0359286 -0.112744 -0.0910852
vn 0.00838438 -0.0002352 0.00544489
v -0.0434754 -0.101288 -0.101013
vn -0.00706911 0.0002352 -0.00706911
v -0.0434754 -0.101288 -0.101013
vn 0.00706911 -0.0002352 0.00706911
v -0.0450505 -0.0814331 -0.131115
vn -0.00357868 0.00052783 -0.00932279
v -0.0450505 -0.0814331 -0.131115
vn 0.00357868 -0.00052783 0.00932279
v 0.0156858 -0.0196281 -0.17013
vn 0.00774529 0.00082 -0.00627202
v 0.0156858 -0.0196281 -0.17013
vn -0.00774529 -0.00082 0.00627202
v -0.0426035 -0.0672402 -0.139819
vn -0.00156216 0.00052783 -0.00986311
v -0.0426035 -0.0672402 -0.139819
vn 0.00156216 -0.00052783 0.00986311
v -0.0280625 -0.0402886 -0.153332
vn 0.00258458 0.00052783 -0.00964579
v -0.0280625 -0.0402886 -0.153332
vn -0.00258458 -0.00052783 0.00964579
v -0.0166035 -0.028708 -0.15755
vn 0.00453358 0.00052783 -0.00889764
v -0.0166035 -0.028708 -0.15755
vn -0.00453358 -0.00052783 0.00889764
v -0.00298311 -0.0190873 -0.159805
vn 0.00628443 0.00052783 -0.00776063
v -0.00298311 -0.0190873 -0.159805
vn -0.00628443 -0.00052783 0.00776063
v 0.102463 -0.0656738 -0.0638314
vn 0.00156433 -5.763e-05 0.00987672
v 0.102463 -0.0656738 -0.0638314
vn -0.00156433 5.763e-05 -0.00987672
v 0.104929 -0.0513708 -0.0726032
vn 0.00358362 -5.763e-05 0.00933565
v 0.104929 -0.0513708 -0.0726032
vn -0.00358362 5.763e-05 -0.00933565
v 0.103962 -0.0374156 -0.0821899
vn 0.0054463 -5.763e-05 0.00838656
v 0.103962 -0.0374156 -0.0821899
vn -0.0054463 5.763e-05 -0.00838656
v 0.0996031 -0.0244178 -0.0921727
vn 0.00707095 -5.763e-05 0.00707095
v 0.0996031 -0.0244178 -0.0921727
vn -0.00707095 5.763e-05 -0.00707095
v 0.0920457 -0.0129448 -0.102115
vn 0.00838656 -5.763e-05 0.0054463
v 0.0920457 -0.0129448 -0.102115
vn -0.00838656 5.763e-05 -0.0054463
v 0.0878105 -0.0928335 -0.0502137
vn -0.00258815 -5.763e-05 0.0096591
v 0.0878105 -0.0928335 -0.0502137
vn 0.00258815 5.763e-05 -0.0096591
v 0.0836624 -0.107291 -0.0582645
vn -0.0035827 0.00023391 0.00933325
v 0.0836624 -0.107291 -0.0582645
vn 0.0035827 -0.00023391 -0.00933325
v 0.0816185 -0.0034984 -0.111583
vn 0.00933565 -5.763e-05 0.00358362
v 0.0816185 -0.0034984 -0.111583
vn -0.00933565 5.763e-05 -0.00358362
v 0.0687764 0.00350747 -0.120162
vn 0.00987672 -5.763e-05 0.00156433
v 0.0687764 0.00350747 -0.120162
vn -0.00987672 5.763e-05 -0.00156433
v 0.0414154 0.00188206 -0.143832
vn 0.00965659 0.0002352 -0.00258747
v 0.0414154 0.00188206 -0.143832
vn -0.00965659 -0.0002352 0.00258747
v 0.0283018 -0.00730145 -0.158116
vn 0.00889764 0.00052783 -0.00453358
v 0.0283018 -0.00730145 -0.158116
vn -0.00889764 -0.00052783 0.00453358
v -0.0633273 -0.031332 -0.0554896
vn -0.00354226 -0.00151603 -0.00922789
v -0.0633273 -0.031332 -0.0554896
vn 0.00354226 0.00151603 0.00922789
v -0.0624223 -0.0443904 -0.0465191
vn -0.00538344 -0.00151603 -0.00828977
v -0.0624223 -0.0443904 -0.0465191
vn 0.00538344 0.00151603 0.00828977
v -0.0595718 -0.0485901 -0.026668
vn -0.00695495 -0.00180481 -0.00695495
v -0.0595718 -0.0485901 -0.026668
vn 0.00695495 0.00180481 0.00695495
v -0.0538101 -0.0505599 -0.00749982
vn -0.00820112 -0.00209204 -0.00532587
v -0.0538101 -0.0505599 -0.00749982
vn 0.00820112 0.00209204 0.00532587
v 0.093183 -0.0725185 -0.0456923
vn -0.000523033 -0.00035042 0.00998016
v 0.093183 -0.0725185 -0.0456923
vn 0.000523033 0.00035042 -0.00998016
v 0.0805987 -0.0782326 -0.0293303
vn -0.00258283 -0.0006429 0.00963928
v 0.0805987 -0.0782326 -0.0293303
vn 0.00258283 0.0006429 -0.00963928
v 0.0693789 -0.0779688 -0.0165638
vn -0.00356815 -0.00092975 0.00929536
v 0.0693789 -0.0779688 -0.0165638
vn 0.00356815 0.00092975 -0.00929536
v 0.088571 -0.00598711 -0.0913967
vn 0.00838156 -0.00035042 0.00544305
v 0.088571 -0.00598711 -0.0913967
vn -0.00838156 0.00035042 -0.00544305
v -0.0212463 0.021636 -0.094189
vn 0.00624573 -0.00122596 -0.00771284
v -0.0212463 0.021636 -0.094189
vn -0.00624573 0.00122596 0.00771284
v -0.034396 0.0123471 -0.0920122
vn 0.00450566 -0.00122596 -0.00884285
v -0.034396 0.0123471 -0.0920122
vn -0.00450566 0.00122596 0.00884285
v -0.0454593 0.00116688 -0.0879401
vn 0.00256867 -0.00122596 -0.00958639
v -0.0454593 0.00116688 -0.0879401
vn -0.00256867 0.00122596 0.00958639
v -0.0539503 -0.0114165 -0.0821498
vn 0.000519412 -0.00122596 -0.00991096
v -0.0539503 -0.0114165 -0.0821498
vn -0.000519412 0.00122596 0.00991096
v -0.0594987 -0.0248542 -0.0748937
vn -0.00155254 -0.00122596 -0.00980237
v -0.0594987 -0.0248542 -0.0748937
vn 0.00155254 0.00122596 0.00980237
v 0.0480267 -0.0835148 -0.00306188
vn -0.00624573 -0.00122596 0.00771284
v 0.0480267 -0.0835148 -0.00306188
vn 0.00624573 0.00122596 -0.00771284
v 0.0296692 -0.082068 0.00663726
vn -0.00768163 -0.00151603 0.00622047
v 0.0296692 -0.082068 0.00663726
vn 0.00768163 0.00151603 -0.00622047
v -0.033409 -0.0649835 0.00832206
vn -0.00965833 -0.00209204 -0.00152973
v -0.033409 -0.0649835 0.00832206
vn 0.00965833 0.00209204 0.00152973
v -0.0446683 -0.0588411 0.000800473
vn -0.00912922 -0.00209204 -0.00350439
v -0.0446683 -0.0588411 0.000800473
vn 0.00912922 0.00209204 0.00350439
v -0.047828 -0.0883087 -0.110982
vn -0.00544489 0.0002352 -0.00838438
v -0.047828 -0.0883087 -0.110982
vn 0.00544489 -0.0002352 0.00838438
v 0.0122073 -0.0118462 -0.159996
vn 0.00776063 0.00052783 -0.00628443
v 0.0122073 -0.0118462 -0.159996
vn -0.00776063 -0.00052783 0.00628443
v -0.0368573 -0.0533221 -0.147335
vn 0.00052263 0.00052783 -0.00997238
v -0.0368573 -0.0533221 -0.147335
vn -0.00052263 -0.00052783 0.00997238
v 0.0966732 -0.0796988 -0.0562579
vn -0.000523351 -5.763e-05 0.00998612
v 0.0966732 -0.0796988 -0.0562579
vn 0.000523351 5.763e-05 -0.00998612
v 0.0762624 -0.104504 -0.045963
vn -0.00453983 -5.763e-05 0.00890992
v 0.0762624 -0.104504 -0.045963
vn 0.00453983 5.763e-05 -0.00890992
v 0.0625357 -0.114199 -0.0436918
vn -0.00629309 -5.763e-05 0.00777133
v 0.0625357 -0.114199 -0.0436918
vn 0.00629309 5.763e-05 -0.00777133
v 0.0472278 -0.121496 -0.043499
vn -0.00777133 -5.763e-05 0.00629309
v 0.0472278 -0.121496 -0.043499
vn 0.00777133 5.763e-05 -0.00629309
v 0.0310093 -0.126075 -0.0453934
vn -0.00890992 -5.763e-05 0.00453983
v 0.0310093 -0.126075 -0.0453934
vn 0.00890992 5.763e-05 -0.00453983
v 0.0145887 -0.127738 -0.0492914
vn -0.0096591 -5.763e-05 0.00258815
v 0.0145887 -0.127738 -0.0492914
vn 0.0096591 5.763e-05 -0.00258815
v -0.0013162 -0.126409 -0.055024
vn -0.00998612 -5.763e-05 0.000523351
v -0.0013162 -0.126409 -0.055024
vn 0.00998612 5.763e-05 -0.000523351
v -0.0160107 -0.122149 -0.062339
vn -0.00987672 -5.763e-05 -0.00156433
v -0.0160107 -0.122149 -0.062339
vn 0.00987672 5.763e-05 0.00156433
v -0.0288524 -0.115143 -0.0709185
vn -0.00933565 -5.763e-05 -0.00358362
v -0.0288524 -0.115143 -0.0709185
vn 0.00933565 5.763e-05 0.00358362
v 0.054081 0.00776727 -0.127478
vn 0.00998612 -5.763e-05 -0.000523351
v 0.054081 0.00776727 -0.127478
vn -0.00998612 5.763e-05 0.000523351
v 0.0652946 -0.0820957 -0.0150609
vn -0.00452002 -0.00093483 0.00887105
v 0.0652946 -0.0820957 -0.0150609
vn 0.00452002 0.00093483 -0.00887105
v 0.0617826 0.0170051 -0.0984778
vn 0.00985645 -0.0006429 0.00156111
v 0.0617826 0.0170051 -0.0984778
vn -0.00985645 0.0006429 -0.00156111
v 0.0781781 0.00342761 -0.100833
vn 0.00933007 -0.00035042 0.00358147
v 0.0781781 0.00342761 -0.100833
vn -0.00933007 0.00035042 -0.00358147
v 0.0281348 0.0287409 -0.100186
vn 0.00961696 -0.00093483 -0.00257686
v 0.0281348 0.0287409 -0.100186
vn -0.00961696 0.00093483 0.00257686
v 0.0121136 0.0271189 -0.103989
vn 0.00887105 -0.00093483 -0.00452002
v 0.0121136 0.0271189 -0.103989
vn -0.00887105 0.00093483 0.00452002
v 0.0436534 0.0274447 -0.0945926
vn 0.00994256 -0.00093483 -0.000521074
v 0.0436534 0.0274447 -0.0945926
vn -0.00994256 0.00093483 0.000521074
v -0.0618606 -0.0385565 -0.0664902
vn -0.00355664 -0.00122596 -0.00926538
v -0.0618606 -0.0385565 -0.0664902
vn 0.00355664 0.00122596 0.00926538
v -0.00371064 0.0226506 -0.105837
vn 0.00773743 -0.00093483 -0.00626564
v -0.00371064 0.0226506 -0.105837
vn -0.00773743 0.00093483 0.00626564
v -0.0186458 0.0155312 -0.105649
vn 0.00626564 -0.00093483 -0.00773743
v -0.0186458 0.0155312 -0.105649
vn -0.00626564 0.00093483 0.00773743
v -0.0205255 -0.0687184 0.0147358
vn -0.00976532 -0.00209204 0.000511783
v -0.0205255 -0.0687184 0.0147358
vn 0.00976532 0.00209204 -0.000511783
v -0.00376184 -0.0790376 0.0106157
vn -0.00950064 -0.00180481 0.00254569
v -0.00376184 -0.0790376 0.0106157
vn 0.00950064 0.00180481 -0.00254569
v 0.0144941 -0.0863527 0.0048648
vn -0.00880708 -0.00151603 0.00448743
v 0.0144941 -0.0863527 0.0048648
vn 0.00880708 0.00151603 -0.00448743
v -0.0392803 -0.105698 -0.0803855
vn -0.00838656 -5.763e-05 -0.0054463
v -0.0392803 -0.105698 -0.0803855
vn 0.00838656 5.763e-05 0.0054463
v -0.0468387 -0.0942246 -0.0903285
vn -0.00707095 -5.763e-05 -0.00707095
v -0.0468387 -0.0942246 -0.0903285
vn 0.00707095 5.763e-05 0.00707095
v -0.0487933 -0.074374 -0.120554
vn -0.00358269 0.0002352 -0.00933322
v -0.0487933 -0.074374 -0.120554
vn 0.00358269 -0.0002352 0.00933322
v -0.0463324 -0.0600916 -0.129314
vn -0.00156391 0.0002352 -0.00987415
v -0.0463324 -0.0600916 -0.129314
vn 0.00156391 -0.0002352 0.00987415
v -0.0317 -0.0329707 -0.142912
vn 0.00258747 0.0002352 -0.00965659
v -0.0317 -0.0329707 -0.142912
vn -0.00258747 -0.0002352 0.00965659
v -0.0201693 -0.021318 -0.147156
vn 0.00453864 0.0002352 -0.0089076
v -0.0201693 -0.021318 -0.147156
vn -0.00453864 -0.0002352 0.0089076
v -0.00646188 -0.0116369 -0.149424
vn 0.00629146 0.0002352 -0.00776931
v -0.00646188 -0.0116369 -0.149424
vn -0.00629146 -0.0002352 0.00776931
v 0.0088234 -0.00434989 -0.149617
vn 0.00776931 0.0002352 -0.00629146
v 0.0088234 -0.00434989 -0.149617
vn -0.00776931 -0.0002352 0.00629146
v 0.08435 -0.0856093 -0.0396683
vn -0.0025866 -0.00035042 0.00965333
v 0.08435 -0.0856093 -0.0396683
vn 0.0025866 0.00035042 -0.00965333
v 0.0804878 -0.100234 -0.0475182
vn -0.00358362 -5.732e-05 0.00933565
v 0.0804878 -0.100234 -0.0475182
vn 0.00358362 5.732e-05 -0.00933565
v 0.0653791 0.0104097 -0.109383
vn 0.00987081 -0.00035042 0.00156339
v 0.0653791 0.0104097 -0.109383
vn -0.00987081 0.00035042 -0.00156339
v 0.0507327 0.0146562 -0.116675
vn 0.00998016 -0.00035042 -0.000523033
v 0.0507327 0.0146562 -0.116675
vn -0.00998016 0.00035042 0.000523033
v 0.0381757 0.00909529 -0.13321
vn 0.0096591 -5.763e-05 -0.00258815
v 0.0381757 0.00909529 -0.13321
vn -0.0096591 5.763e-05 0.00258815
v 0.0250191 0.000222858 -0.147725
vn 0.0089076 0.0002352 -0.00453864
v 0.0250191 0.000222858 -0.147725
vn -0.0089076 -0.0002352 0.00453864
v -0.0609329 -0.0519263 -0.0573053
vn -0.00540531 -0.00122596 -0.00832344
v -0.0609329 -0.0519263 -0.0573053
vn 0.00540531 0.00122596 0.00832344
v -0.0583449 -0.0565508 -0.0371795
vn -0.00698933 -0.00151603 -0.00698933
v -0.0583449 -0.0565508 -0.0371795
vn 0.00698933 0.00151603 0.00698933
v -0.0527052 -0.059014 -0.0176345
vn -0.00824898 -0.00180481 -0.00535696
v -0.0527052 -0.059014 -0.0176345
vn 0.00824898 0.00180481 0.00535696
v 0.0733425 -0.0855661 -0.0266592
vn -0.00357635 -0.00063939 0.0093167
v 0.0733425 -0.0855661 -0.0266592
vn 0.00357635 0.00063939 -0.0093167
v -0.0320395 0.00607157 -0.103433
vn 0.00452002 -0.00093483 -0.00887105
v -0.0320395 0.00607157 -0.103433
vn -0.00452002 0.00093483 0.00887105
v -0.0433066 -0.00531514 -0.0992854
vn 0.00257686 -0.00093483 -0.00961696
v -0.0433066 -0.00531514 -0.0992854
vn -0.00257686 0.00093483 0.00961696
v -0.0519531 -0.01813 -0.0933883
vn 0.000521074 -0.00093483 -0.00994256
v -0.0519531 -0.01813 -0.0933883
vn -0.000521074 0.00093483 0.00994256
v -0.0576027 -0.0318137 -0.0859992
vn -0.00155749 -0.00093483 -0.00983363
v -0.0576027 -0.0318137 -0.0859992
vn 0.00155749 0.00093483 0.00983363
v -0.060008 -0.0457693 -0.0774403
vn -0.00356799 -0.00093483 -0.00929492
v -0.060008 -0.0457693 -0.0774403
vn 0.00356799 0.00093483 0.00929492
v 0.0519017 -0.0915555 -0.0128444
vn -0.00626564 -0.00093483 0.00773743
v 0.0519017 -0.0915555 -0.0128444
vn 0.00626564 0.00093483 -0.00773743
v 0.0333609 -0.0905059 -0.00287714
vn -0.00771284 -0.00122596 0.00624573
v 0.0333609 -0.0905059 -0.00287714
vn 0.00771284 0.00122596 -0.00624573
v -0.0315635 -0.0739605 -0.00123872
vn -0.00971469 -0.00180481 -0.00153866
v -0.0315635 -0.0739605 -0.00123872
vn 0.00971469 0.00180481 0.00153866
v -0.0432302 -0.0675952 -0.00903293
vn -0.0091825 -0.00180481 -0.00352484
v -0.0432302 -0.0675952 -0.00903293
vn 0.0091825 0.00180481 0.00352484
v -0.0511963 -0.0812269 -0.100311
vn -0.0054463 -5.763e-05 -0.00838656
v -0.0511963 -0.0812269 -0.100311
vn 0.0054463 5.763e-05 0.00838656
v -0.040549 -0.0460869 -0.136876
vn 0.000523209 0.0002352 -0.00998353
v -0.040549 -0.0460869 -0.136876
vn -0.000523209 -0.0002352 0.00998353
v 0.0728403 -0.0972406 -0.0354319
vn -0.00453711 -0.00035042 0.00890459
v 0.0728403 -0.0972406 -0.0354319
vn 0.00453711 0.00035042 -0.00890459
v 0.0591593 -0.106903 -0.0331681
vn -0.00628934 -0.00035042 0.00776668
v 0.0591593 -0.106903 -0.0331681
vn 0.00628934 0.00035042 -0.00776668
v 0.0439025 -0.114176 -0.0329759
vn -0.00776668 -0.00035042 0.00628934
v 0.0439025 -0.114176 -0.0329759
vn 0.00776668 0.00035042 -0.00628934
v 0.0277383 -0.118741 -0.0348634
vn -0.00890459 -0.00035042 0.00453711
v 0.0277383 -0.118741 -0.0348634
vn 0.00890459 0.00035042 -0.00453711
v 0.0113724 -0.120396 -0.0387495
vn -0.00965333 -0.00035042 0.0025866
v 0.0113724 -0.120396 -0.0387495
vn 0.00965333 0.00035042 -0.0025866
v -0.00448005 -0.119074 -0.0444621
vn -0.00998016 -0.00035042 0.000523033
v -0.00448005 -0.119074 -0.0444621
vn 0.00998016 0.00035042 -0.000523033
v -0.0191256 -0.114827 -0.0517533
vn -0.00987081 -0.00035042 -0.00156339
v -0.0191256 -0.114827 -0.0517533
vn 0.00987081 0.00035042 0.00156339
v -0.0319246 -0.107845 -0.0603034
vn -0.00933007 -0.00035042 -0.00358147
v -0.0319246 -0.107845 -0.0603034
vn 0.00933007 0.00035042 0.00358147
v 0.0691835 -0.089769 -0.0251284
vn -0.00453051 -0.0006429 0.00889163
v 0.0691835 -0.089769 -0.0251284
vn 0.00453051 0.0006429 -0.00889163
v 0.0472561 0.021217 -0.10571
vn 0.00996563 -0.0006429 -0.000522276
v 0.0472561 0.021217 -0.10571
vn -0.00996563 0.0006429 0.000522276
v 0.0315333 0.0225303 -0.111377
vn 0.00963928 -0.0006429 -0.00258283
v 0.0315333 0.0225303 -0.111377
vn -0.00963928 0.0006429 0.00258283
v 0.0152993 0.0208865 -0.11523
vn 0.00889163 -0.0006429 -0.00453051
v 0.0152993 0.0208865 -0.11523
vn -0.00889163 0.0006429 0.00453051
v -0.000733222 0.0163599 -0.117103
vn 0.00775538 -0.0006429 -0.00628018
v -0.000733222 0.0163599 -0.117103
vn -0.00775538 0.0006429 0.00628018
v -0.0590646 -0.0593845 -0.0680873
vn -0.00542254 -0.00093483 -0.00834998
v -0.0590646 -0.0593845 -0.0680873
vn 0.00542254 0.00093483 0.00834998
v -0.0158653 0.00914598 -0.116912
vn 0.00628018 -0.0006429 -0.00775538
v -0.0158653 0.00914598 -0.116912
vn -0.00628018 0.0006429 0.00775538
v -0.0294355 -0.000437496 -0.114667
vn 0.00453051 -0.0006429 -0.00889163
v -0.0294355 -0.000437496 -0.114667
vn -0.00453051 0.0006429 0.00889163
v -0.0182123 -0.0778308 0.0054077
vn -0.0098223 -0.00180481 0.000514767
v -0.0182123 -0.0778308 0.0054077
vn 0.0098223 0.00180481 -0.000514767
v -0.000870227 -0.0879074 0.00121694
vn -0.00954761 -0.00151603 0.00255827
v -0.000870227 -0.0879074 0.00121694
vn 0.00954761 0.00151603 -0.00255827
v 0.0178229 -0.0948934 -0.00469175
vn -0.00884285 -0.00122596 0.00450566
v 0.0178229 -0.0948934 -0.00469175
vn 0.00884285 0.00122596 -0.00450566
v -0.0423175 -0.0984304 -0.0697398
vn -0.00838156 -0.00035042 -0.00544305
v -0.0423175 -0.0984304 -0.0697398
vn 0.00838156 0.00035042 0.00544305
v -0.0521637 -0.0672717 -0.109898
vn -0.00358362 -5.763e-05 -0.00933565
v -0.0521637 -0.0672717 -0.109898
vn 0.00358362 5.763e-05 0.00933565
v -0.0496979 -0.0529687 -0.118669
vn -0.00156433 -5.763e-05 -0.00987672
v -0.0496979 -0.0529687 -0.118669
vn 0.00156433 5.763e-05 0.00987672
v -0.0350447 -0.0258082 -0.132288
vn 0.00258815 -5.763e-05 -0.0096591
v -0.0350447 -0.0258082 -0.132288
vn -0.00258815 5.763e-05 0.0096591
v -0.0234971 -0.0141386 -0.136538
vn 0.00453983 -5.763e-05 -0.00890992
v -0.0234971 -0.0141386 -0.136538
vn -0.00453983 5.763e-05 0.00890992
v -0.00976997 -0.00444299 -0.138809
vn 0.00629309 -5.763e-05 -0.00777133
v -0.00976997 -0.00444299 -0.138809
vn -0.00629309 5.763e-05 0.00777133
v 0.00553663 0.00285352 -0.139002
vn 0.00777133 -5.763e-05 -0.00629309
v 0.00553663 0.00285352 -0.139002
vn -0.00777133 5.763e-05 0.00629309
v 0.0217555 0.00743354 -0.137108
vn 0.00890992 -5.763e-05 -0.00453983
v 0.0217555 0.00743354 -0.137108
vn -0.00890992 5.763e-05 0.00453983
v 0.0770463 -0.0929906 -0.0369797
vn -0.0035815 -0.0003485 0.00933014
v 0.0770463 -0.0929906 -0.0369797
vn 0.0035815 0.0003485 -0.00933014
v 0.0348806 0.0159799 -0.122388
vn 0.00965333 -0.00035042 -0.0025866
v 0.0348806 0.0159799 -0.122388
vn -0.00965333 0.00035042 0.0025866
v -0.0567583 -0.0643786 -0.0477418
vn -0.00701773 -0.00122596 -0.00701773
v -0.0567583 -0.0643786 -0.0477418
vn 0.00701773 0.00122596 0.00701773
v -0.0512737 -0.0672853 -0.0278768
vn -0.00828977 -0.00151603 -0.00538344
v -0.0512737 -0.0672853 -0.0278768
vn 0.00828977 0.00151603 0.00538344
v -0.0408502 -0.0119749 -0.110464
vn 0.00258283 -0.0006429 -0.00963928
v -0.0408502 -0.0119749 -0.110464
vn -0.00258283 0.0006429 0.00963928
v -0.0496117 -0.0249589 -0.10449
vn 0.000522276 -0.0006429 -0.00996563
v -0.0496117 -0.0249589 -0.10449
vn -0.000522276 0.0006429 0.00996563
v -0.0553365 -0.0388239 -0.0970029
vn -0.00156111 -0.0006429 -0.00985645
v -0.0553365 -0.0388239 -0.0970029
vn 0.00156111 0.0006429 0.00985645
v -0.0577737 -0.0529628 -0.0883316
vn -0.00357627 -0.0006429 -0.00931649
v -0.0577737 -0.0529628 -0.0883316
vn 0.00357627 0.0006429 0.00931649
v -0.0568176 -0.0667591 -0.0788542
vn -0.00543512 -0.0006429 -0.00836936
v -0.0568176 -0.0667591 -0.0788542
vn 0.00543512 0.0006429 0.00836936
v 0.0556139 -0.0993535 -0.0228828
vn -0.00628018 -0.0006429 0.00775538
v 0.0556139 -0.0993535 -0.0228828
vn 0.00628018 0.0006429 -0.00775538
v 0.036967 -0.0986741 -0.0126567
vn -0.00773743 -0.00093483 0.00626564
v 0.036967 -0.0986741 -0.0126567
vn 0.00773743 0.00093483 -0.00626564
v -0.029501 -0.0826781 -0.0109915
vn -0.00976272 -0.00151603 -0.00154627
v -0.029501 -0.0826781 -0.0109915
vn 0.00976272 0.00151603 0.00154627
v -0.0415174 -0.0761244 -0.0190178
vn -0.00922789 -0.00151603 -0.00354226
v -0.0415174 -0.0761244 -0.0190178
vn 0.00922789 0.00151603 0.00354226
v -0.0498512 -0.0869966 -0.079649
vn -0.00706673 -0.00035042 -0.00706673
v -0.0498512 -0.0869966 -0.079649
vn 0.00706673 0.00035042 0.00706673
v -0.0551577 -0.0601317 -0.0991539
vn -0.00358147 -0.00035042 -0.00933007
v -0.0551577 -0.0601317 -0.0991539
vn 0.00358147 0.00035042 0.00933007
v -0.0439079 -0.0389437 -0.126243
vn 0.000523351 -5.763e-05 -0.00998612
v -0.0439079 -0.0389437 -0.126243
vn -0.000523351 5.763e-05 0.00998612
v 0.0404809 -0.106567 -0.0226922
vn -0.00775538 -0.0006429 0.00628018
v 0.0404809 -0.106567 -0.0226922
vn 0.00775538 0.0006429 -0.00628018
v 0.0244483 -0.111094 -0.0245649
vn -0.00889163 -0.0006429 0.00453051
v 0.0244483 -0.111094 -0.0245649
vn 0.00889163 0.0006429 -0.00453051
v 0.00821568 -0.112737 -0.0284186
vn -0.00963928 -0.0006429 0.00258283
v 0.00821568 -0.112737 -0.0284186
vn 0.00963928 0.0006429 -0.00258283
v -0.0075075 -0.111425 -0.0340849
vn -0.00996563 -0.0006429 0.000522276
v -0.0075075 -0.111425 -0.0340849
vn 0.00996563 0.0006429 -0.000522276
v -0.0220341 -0.107213 -0.041317
vn -0.00985645 -0.0006429 -0.00156111
v -0.0220341 -0.107213 -0.041317
vn 0.00985645 0.0006429 0.00156111
v -0.0347286 -0.100287 -0.0497977
vn -0.00931649 -0.0006429 -0.00357627
v -0.0347286 -0.100287 -0.0497977
vn 0.00931649 0.0006429 0.00357627
v 0.0185152 0.0143234 -0.126273
vn 0.00890459 -0.00035042 -0.00453711
v 0.0185152 0.0143234 -0.126273
vn -0.00890459 0.00035042 0.00453711
v 0.00235011 0.00975895 -0.128161
vn 0.00776668 -0.00035042 -0.00628934
v 0.00235011 0.00975895 -0.128161
vn -0.00776668 0.00035042 0.00628934
v -0.0129058 0.00248596 -0.127968
vn 0.00628934 -0.00035042 -0.00776668
v -0.0129058 0.00248596 -0.127968
vn -0.00628934 0.00035042 0.00776668
v -0.054813 -0.0720674 -0.0583468
vn -0.0070401 -0.00093483 -0.0070401
v -0.054813 -0.0720674 -0.0583468
vn 0.0070401 0.00093483 0.0070401
v -0.0265876 -0.00717666 -0.125705
vn 0.00453711 -0.00035042 -0.00890459
v -0.0265876 -0.00717666 -0.125705
vn -0.00453711 0.00035042 0.00890459
v -0.0380964 -0.0188082 -0.121468
vn 0.0025866 -0.00035042 -0.00965333
v -0.0380964 -0.0188082 -0.121468
vn -0.0025866 0.00035042 0.00965333
v -0.0157522 -0.0866655 -0.00414599
vn -0.00987086 -0.00151603 0.000517312
v -0.0157522 -0.0866655 -0.00414599
vn 0.00987086 0.00151603 -0.000517312
v 0.00209146 -0.0964854 -0.00842672
vn -0.00958639 -0.00122596 0.00256867
v 0.00209146 -0.0964854 -0.00842672
vn 0.00958639 0.00122596 -0.00256867
v 0.0211424 -0.103143 -0.0145043
vn -0.00887105 -0.00093483 0.00452002
v 0.0211424 -0.103143 -0.0145043
vn 0.00887105 0.00093483 -0.00452002
v -0.0450376 -0.090949 -0.0591572
vn -0.00836936 -0.0006429 -0.00543512
v -0.0450376 -0.090949 -0.0591572
vn 0.00836936 0.0006429 0.00543512
v -0.0541944 -0.0740414 -0.0895988
vn -0.00544305 -0.00035042 -0.00838156
v -0.0541944 -0.0740414 -0.0895988
vn 0.00544305 0.00035042 0.00838156
v -0.0527013 -0.0458774 -0.107896
vn -0.00156339 -0.00035042 -0.00987081
v -0.0527013 -0.0458774 -0.107896
vn 0.00156339 0.00035042 0.00987081
v -0.0469294 -0.031899 -0.115444
vn 0.000523033 -0.00035042 -0.00998016
v -0.0469294 -0.031899 -0.115444
vn -0.000523033 0.00035042 0.00998016
v -0.0495179 -0.07537 -0.0382165
vn -0.00832344 -0.00122596 -0.00540531
v -0.0495179 -0.07537 -0.0382165
vn 0.00832344 0.00122596 0.00540531
v -0.0525088 -0.0796081 -0.0689856
vn -0.00705644 -0.0006429 -0.00705644
v -0.0525088 -0.0796081 -0.0689856
vn 0.00705644 0.0006429 0.00705644
v -0.0272248 -0.0911322 -0.0209266
vn -0.00980237 -0.00122596 -0.00155254
v -0.0272248 -0.0911322 -0.0209266
vn 0.00980237 0.00122596 0.00155254
v -0.039527 -0.0844195 -0.0291458
vn -0.00926538 -0.00122596 -0.00355664
v -0.039527 -0.0844195 -0.0291458
vn 0.00926538 0.00122596 0.00355664
v 0.00512154 -0.104764 -0.018308
vn -0.00961696 -0.00093483 0.00257686
v 0.00512154 -0.104764 -0.018308
vn 0.00961696 0.00093483 -0.00257686
v -0.0103975 -0.103469 -0.0239007
vn -0.00994256 -0.00093483 0.000521074
v -0.0103975 -0.103469 -0.0239007
vn 0.00994256 0.00093483 -0.000521074
v -0.0247351 -0.0993124 -0.0310384
vn -0.00983363 -0.00093483 -0.00155749
v -0.0247351 -0.0993124 -0.0310384
vn 0.00983363 0.00093483 0.00155749
v -0.0372641 -0.0924765 -0.0394089
vn -0.00929492 -0.00093483 -0.00356799
v -0.0372641 -0.0924765 -0.0394089
vn 0.00929492 0.00093483 0.00356799
v -0.0474384 -0.0832603 -0.0486464
vn -0.00834998 -0.00093483 -0.00542254
v -0.0474384 -0.0832603 -0.0486464
vn 0.00834998 0.00093483 0.00542254
v -0.0131465 -0.0952134 -0.0139182
vn -0.00991096 -0.00122596 0.000519412
v -0.0131465 -0.0952134 -0.0139182
vn 0.00991096 0.00122596 -0.000519412
f 1//1 2//2 3//3
f 2//2 1//1 4//4
f 5//5 6//6 7//7
f 8//8 7//7 6//6
f 9//9 10//10 11//11
f 12//12 13//13 14//14
f 15//15 16//16 17//17
f 18//18 19//19 20//20
f 21//21 22//22 23//23
f 24//24 25//25 26//26
f 27//27 28//28 29//29
f 30//30 31//31 32//32
f 10//10 9//9 33//33
f 34//34 14//14 13//13
f 35//35 36//36 37//37
f 38//38 39//39 40//40
f 16//16 15//15 41//41
f 42//42 20//20 19//19
f 43//43 44//44 45//45
f 46//46 47//47 48//48
f 22//22 21//21 49//49
f 50//50 26//26 25//25
f 51//51 52//52 53//53
f 54//54 55//55 56//56
f 28//28 27//27 57//57
f 58//58 32//32 31//31
f 36//36 35//35 59//59
f 60//60 40//40 39//39
f 61//61 62//62 63//63
f 64//64 65//65 66//66
f 44//44 43//43 67//67
f 68//68 48//48 47//47
f 69//69 70//70 71//71
f 72//72 73//73 74//74
f 75//75 76//76 77//77
f 78//78 79//79 80//80
f 81//81 82//82 83//83
f 84//84 85//85 86//86
f 87//87 88//88 89//89
f 90//90 91//91 92//92
f 93//93 94//94 95//95
f 96//96 97//97 98//98
f 52//52 51//51 99//99
f 100//100 56//56 55//55
f 101//101 102//102 103//103
f 104//104 105//105 106//106
f 107//107 108//108 109//109
f 110//110 111//111 112//112
f 62//62 61//61 113//113
f 114//114 66//66 65//65
f 115//115 116//116 117//117
f 118//118 119//119 120//120
f 70//70 69//69 121//121
f 122//122 74//74 73//73
f 76//76 75//75 123//123
f 124//124 80//80 79//79
f 82//82 81//81 125//125
f 126//126 86//86 85//85
f 127//127 128//128 129//129
f 130//130 131//131 132//132
f 88//88 87//87 133//133
f 134//134 92//92 91//91
f 135//135 136//136 137//137
f 138//138 139//139 140//140
f 94//94 93//93 141//141
f 142//142 98//98 97//97
f 143//143 144//144 145//145
f 146//146 147//147 148//148
f 102//102 101//101 149//149
f 150//150 106//106 105//105
f 108//108 107//107 151//151
f 152//152 112//112 111//111
f 153//153 154//154 155//155
f 156//156 157//157 158//158
f 159//159 160//160 161//161
f 162//162 163//163 164//164
f 116//116 115//115 165//165
f 166//166 120//120 119//119
f 128//128 127//127 167//167
f 168//168 132//132 131//131
f 154//154 153//153 169//169
f 170//170 158//158 157//157
f 171//171 172//172 173//173
f 174//174 175//175 176//176
f 177//177 178//178 179//179
f 180//180 181//181 182//182
f 183//183 184//184 185//185
f 186//186 187//187 188//188
f 189//189 190//190 191//191
f 192//192 193//193 194//194
f 195//195 196//196 197//197
f 198//198 199//199 200//200
f 201//201 202//202 203//203
f 204//204 205//205 206//206
f 136//136 135//135 207//207
f 208//208 140//140 139//139
f 209//209 210//210 211//211
f 212//212 213//213 214//214
f 144//144 143//143 215//215
f 216//216 148//148 147//147
f 217//217 218//218 219//219
f 220//220 221//221 222//222
f 223//223 224//224 225//225
f 226//226 227//227 228//228
f 229//229 230//230 231//231
f 232//232 233//233 234//234
f 160//160 159//159 235//235
f 236//236 164//164 163//163
f 237//237 238//238 239//239
f 240//240 241//241 242//242
f 243//243 244//244 245//245
f 246//246 247//247 248//248
f 249//249 250//250 251//251
f 252//252 253//253 254//254
f 172//172 171//171 255//255
f 256//256 176//176 175//175
f 178//178 177//177 257//257
f 258//258 182//182 181//181
f 184//184 183//183 259//259
f 260//260 188//188 187//187
f 190//190 189//189 261//261
f 262//262 194//194 193//193
f 263//263 264//264 265//265
f 266//266 267//267 268//268
f 196//196 195//195 269//269
f 270//270 200//200 199//199
f 271//271 272//272 273//273
f 274//274 275//275 276//276
f 202//202 201//201 277//277
f 278//278 206//206 205//205
f 279//279 280//280 281//281
f 282//282 283//283 284//284
f 210//210 209//209 285//285
f 286//286 214//214 213//213
f 287//287 288//288 289//289
f 290//290 291//291 292//292
f 218//218 217//217 293//293
f 294//294 222//222 221//221
f 224//224 223//223 295//295
f 296//296 228//228 227//227
f 230//230 229//229 297//297
f 298//298 234//234 233//233
f 299//299 300//300 301//301
f 302//302 303//303 304//304
f 305//305 306//306 307//307
f 308//308 309//309 310//310
f 238//238 237//237 311//311
f 312//312 242//242 241//241
f 244//244 243//243 313//313
f 314//314 248//248 247//247
f 264//264 263//263 315//315
f 316//316 268//268 267//267
f 250//250 249//249 317//317
f 318//318 254//254 253//253
f 300//300 299//299 319//319
f 320//320 304//304 303//303
f 321//321 322//322 323//323
f 324//324 325//325 326//326
f 327//327 328//328 329//329
f 330//330 331//331 332//332
f 333//333 334//334 335//335
f 336//336 337//337 338//338
f 339//339 340//340 341//341
f 342//342 343//343 344//344
f 345//345 346//346 347//347
f 348//348 349//349 350//350
f 351//351 352//352 353//353
f 354//354 355//355 356//356
f 357//357 358//358 359//359
f 360//360 361//361 362//362
f 272//272 271//271 363//363
f 364//364 276//276 275//275
f 365//365 366//366 367//367
f 368//368 369//369 370//370
f 280//280 279//279 371//371
f 372//372 284//284 283//283
f 373//373 374//374 375//375
f 376//376 377//377 378//378
f 288//288 287//287 379//379
f 380//380 292//292 291//291
f 381//381 382//382 383//383
f 384//384 385//385 386//386
f 387//387 388//388 389//389
f 390//390 391//391 392//392
f 393//393 394//394 395//395
f 396//396 397//397 398//398
f 399//399 400//400 401//401
f 402//402 403//403 404//404
f 306//306 305//305 405//405
f 406//406 310//310 309//309
f 407//407 408//408 409//409
f 410//410 411//411 412//412
f 413//413 414//414 415//415
f 416//416 417//417 418//418
f 419//419 420//420 421//421
f 422//422 423//423 424//424
f 425//425 426//426 427//427
f 428//428 429//429 430//430
f 431//431 432//432 433//433
f 434//434 435//435 436//436
f 322//322 321//321 437//437
f 438//438 326//326 325//325
f 328//328 327//327 439//439
f 440//440 332//332 331//331
f 334//334 333//333 441//441
f 442//442 338//338 337//337
f 340//340 339//339 443//443
f 444//444 344//344 343//343
f 346//346 345//345 445//445
f 446//446 350//350 349//349
f 352//352 351//351 447//447
f 448//448 356//356 355//355
f 449//449 450//450 451//451
f 452//452 453//453 454//454
f 358//358 357//357 455//455
f 456//456 362//362 361//361
f 457//457 458//458 459//459
f 460//460 461//461 462//462
f 366//366 365//365 463//463
f 464//464 370//370 369//369
f 465//465 466//466 467//467
f 468//468 469//469 470//470
f 374//374 373//373 471//471
f 472//472 378//378 377//377
f 473//473 474//474 475//475
f 476//476 477//477 478//478
f 382//382 381//381 479//479
f 480//480 386//386 385//385
f 388//388 387//387 481//481
f 482//482 392//392 391//391
f 394//394 393//393 483//483
f 484//484 398//398 397//397
f 400//400 399//399 485//485
f 486//486 404//404 403//403
f 487//487 488//488 489//489
f 490//490 491//491 492//492
f 493//493 494//494 495//495
f 496//496 497//497 498//498
f 408//408 407//407 499//499
f 500//500 412//412 411//411
f 414//414 413//413 501//501
f 502//502 418//418 417//417
f 420//420 419//419 503//503
f 504//504 424//424 423//423
f 505//505 506//506 507//507
f 508//508 509//509 510//510
f 426//426 425//425 511//511
f 512//512 430//430 429//429
f 432//432 431//431 513//513
f 514//514 436//436 435//435
f 488//488 487//487 515//515
f 516//516 492//492 491//491
f 517//517 518//518 519//519
f 520//520 521//521 522//522
f 523//523 524//524 525//525
f 526//526 527//527 528//528
f 529//529 530//530 531//531
f 532//532 533//533 534//534
f 535//535 536//536 537//537
f 538//538 539//539 540//540
f 541//541 542//542 543//543
f 544//544 545//545 546//546
f 547//547 548//548 549//549
f 550//550 551//551 552//552
f 553//553 554//554 555//555
f 556//556 557//557 558//558
f 450//450 449//449 559//559
f 560//560 454//454 453//453
f 561//561 562//562 563//563
f 564//564 565//565 566//566
f 458//458 457//457 567//567
f 568//568 462//462 461//461
f 569//569 570//570 571//571
f 572//572 573//573 574//574
f 466//466 465//465 575//575
f 576//576 470//470 469//469
f 577//577 578//578 579//579
f 580//580 581//581 582//582
f 474//474 473//473 583//583
f 584//584 478//478 477//477
f 585//585 586//586 587//587
f 588//588 589//589 590//590
f 591//591 592//592 593//593
f 594//594 595//595 596//596
f 597//597 598//598 599//599
f 600//600 601//601 602//602
f 603//603 604//604 605//605
f 606//606 607//607 608//608
f 609//609 610//610 611//611
f 612//612 613//613 614//614
f 494//494 493//493 615//615
f 616//616 498//498 497//497
f 617//617 618//618 619//619
f 620//620 621//621 622//622
f 623//623 624//624 625//625
f 626//626 627//627 628//628
f 629//629 630//630 631//631
f 632//632 633//633 634//634
f 506//506 505//505 635//635
f 636//636 510//510 509//509
f 637//637 638//638 639//639
f 640//640 641//641 642//642
f 643//643 644//644 645//645
f 646//646 647//647 648//648
f 649//649 650//650 651//651
f 652//652 653//653 654//654
f 518//518 517//517 655//655
f 656//656 522//522 521//521
f 524//524 523//523 657//657
f 658//658 528//528 527//527
f 659//659 660//660 661//661
f 662//662 663//663 664//664
f 530//530 529//529 665//665
f 666//666 534//534 533//533
f 536//536 535//535 667//667
f 668//668 540//540 539//539
f 542//542 541//541 669//669
f 670//670 546//546 545//545
f 671//671 548//548 547//547
f 552//552 551//551 672//672
f 547//547 549//549 673//673
f 674//674 550//550 552//552
f 554//554 553//553 675//675
f 676//676 558//558 557//557
f 677//677 678//678 679//679
f 680//680 681//681 682//682
f 683//683 549//549 684//684
f 685//685 550//550 686//686
f 562//562 561//561 687//687
f 688//688 566//566 565//565
f 689//689 690//690 691//691
f 692//692 693//693 694//694
f 570//570 569//569 695//695
f 696//696 574//574 573//573
f 697//697 698//698 699//699
f 700//700 701//701 702//702
f 578//578 577//577 703//703
f 704//704 582//582 581//581
f 660//660 659//659 705//705
f 706//706 664//664 663//663
f 586//586 585//585 707//707
f 708//708 590//590 589//589
f 592//592 591//591 709//709
f 710//710 596//596 595//595
f 598//598 597//597 711//711
f 712//712 602//602 601//601
f 604//604 603//603 713//713
f 714//714 608//608 607//607
f 610//610 609//609 715//715
f 716//716 614//614 613//613
f 717//717 718//718 719//719
f 720//720 721//721 722//722
f 723//723 724//724 725//725
f 726//726 727//727 728//728
f 618//618 617//617 729//729
f 730//730 622//622 621//621
f 624//624 623//623 731//731
f 732//732 628//628 627//627
f 630//630 629//629 733//733
f 734//734 634//634 633//633
f 735//735 736//736 737//737
f 738//738 739//739 740//740
f 741//741 742//742 743//743
f 744//744 745//745 746//746
f 638//638 637//637 747//747
f 748//748 642//642 641//641
f 644//644 643//643 749//749
f 750//750 648//648 647//647
f 650//650 649//649 751//751
f 752//752 654//654 653//653
f 718//718 717//717 753//753
f 754//754 722//722 721//721
f 755//755 756//756 723//723
f 728//728 757//757 758//758
f 759//759 760//760 761//761
f 762//762 763//763 764//764
f 765//765 766//766 767//767
f 768//768 769//769 770//770
f 771//771 772//772 773//773
f 774//774 775//775 776//776
f 777//777 778//778 779//779
f 780//780 781//781 782//782
f 783//783 784//784 785//785
f 786//786 787//787 788//788
f 671//671 789//789 548//548
f 551//551 790//790 672//672
f 791//791 792//792 793//793
f 683//683 673//673 549//549
f 550//550 674//674 686//686
f 794//794 795//795 796//796
f 797//797 798//798 799//799
f 800//800 801//801 802//802
f 678//678 677//677 803//803
f 804//804 682//682 681//681
f 805//805 806//806 807//807
f 808//808 809//809 810//810
f 690//690 689//689 811//811
f 812//812 694//694 693//693
f 813//813 814//814 815//815
f 816//816 817//817 818//818
f 698//698 697//697 819//819
f 820//820 702//702 701//701
f 821//821 822//822 823//823
f 824//824 825//825 826//826
f 827//827 828//828 829//829
f 830//830 831//831 832//832
f 833//833 834//834 835//835
f 836//836 837//837 838//838
f 839//839 840//840 841//841
f 842//842 843//843 844//844
f 845//845 846//846 847//847
f 848//848 849//849 850//850
f 851//851 852//852 853//853
f 854//854 855//855 856//856
f 857//857 858//858 859//859
f 860//860 861//861 862//862
f 863//863 864//864 865//865
f 866//866 867//867 868//868
f 723//723 869//869 724//724
f 727//727 870//870 728//728
f 725//725 724//724 871//871
f 872//872 727//727 726//726
f 736//736 735//735 873//873
f 874//874 740//740 739//739
f 742//742 741//741 875//875
f 876//876 746//746 745//745
f 877//877 878//878 755//755
f 758//758 879//879 880//880
f 881//881 882//882 877//877
f 880//880 883//883 884//884
f 885//885 886//886 881//881
f 884//884 887//887 888//888
f 889//889 890//890 885//885
f 888//888 891//891 892//892
f 755//755 878//878 756//756
f 757//757 879//879 758//758
f 723//723 756//756 893//893
f 894//894 757//757 728//728
f 760//760 759//759 895//895
f 896//896 764//764 763//763
f 766//766 765//765 897//897
f 898//898 770//770 769//769
f 899//899 900//900 901//901
f 902//902 903//903 904//904
f 772//772 771//771 905//905
f 906//906 776//776 775//775
f 778//778 777//777 907//907
f 908//908 782//782 781//781
f 784//784 783//783 909//909
f 910//910 788//788 787//787
f 911//911 789//789 671//671
f 672//672 790//790 912//912
f 913//913 793//793 792//792
f 914//914 915//915 916//916
f 683//683 917//917 673//673
f 674//674 918//918 686//686
f 919//919 796//796 795//795
f 798//798 797//797 920//920
f 921//921 802//802 801//801
f 922//922 923//923 924//924
f 925//925 926//926 927//927
f 806//806 805//805 928//928
f 929//929 810//810 809//809
f 930//930 931//931 932//932
f 933//933 934//934 935//935
f 814//814 813//813 936//936
f 937//937 818//818 817//817
f 828//828 827//827 938//938
f 939//939 832//832 831//831
f 931//931 930//930 940//940
f 941//941 935//935 934//934
f 822//822 821//821 942//942
f 943//943 826//826 825//825
f 900//900 899//899 944//944
f 945//945 904//904 903//903
f 834//834 833//833 946//946
f 947//947 838//838 837//837
f 840//840 839//839 948//948
f 949//949 844//844 843//843
f 846//846 845//845 950//950
f 951//951 850//850 849//849
f 852//852 851//851 952//952
f 953//953 856//856 855//855
f 858//858 857//857 954//954
f 955//955 862//862 861//861
f 864//864 863//863 956//956
f 957//957 868//868 867//867
f 958//958 959//959 889//889
f 892//892 960//960 961//961
f 723//723 962//962 869//869
f 870//870 963//963 728//728
f 964//964 965//965 869//869
f 870//870 966//966 967//967
f 968//968 969//969 970//970
f 971//971 972//972 973//973
f 974//974 975//975 976//976
f 977//977 978//978 979//979
f 877//877 882//882 878//878
f 879//879 883//883 880//880
f 881//881 980//980 882//882
f 883//883 981//981 884//884
f 885//885 890//890 886//886
f 887//887 891//891 888//888
f 881//881 886//886 980//980
f 981//981 887//887 884//884
f 889//889 982//982 890//890
f 891//891 983//983 892//892
f 984//984 985//985 986//986
f 987//987 988//988 989//989
f 990//990 991//991 992//992
f 993//993 994//994 995//995
f 723//723 893//893 962//962
f 963//963 894//894 728//728
f 996//996 997//997 998//998
f 999//999 1000//1000 1001//1001
f 1002//1002 1003//1003 1004//1004
f 1005//1005 1006//1006 1007//1007
f 1008//1008 1009//1009 1010//1010
f 1011//1011 1012//1012 1013//1013
f 1014//1014 1015//1015 1016//1016
f 1017//1017 1018//1018 1019//1019
f 1020//1020 1021//1021 1022//1022
f 1023//1023 1024//1024 1025//1025
f 1026//1026 1027//1027 1028//1028
f 1029//1029 1030//1030 1031//1031
f 911//911 1032//1032 789//789
f 790//790 1033//1033 912//912
f 1034//1034 1035//1035 1036//1036
f 1037//1037 916//916 915//915
f 1038//1038 917//917 683//683
f 686//686 918//918 1039//1039
f 1040//1040 1041//1041 1042//1042
f 1043//1043 1034//1034 1044//1044
f 1045//1045 1046//1046 1047//1047
f 1048//1048 1049//1049 1050//1050
f 923//923 922//922 1051//1051
f 1052//1052 927//927 926//926
f 1053//1053 1054//1054 1055//1055
f 1056//1056 1057//1057 1058//1058
f 1059//1059 1060//1060 1061//1061
f 1062//1062 1063//1063 1064//1064
f 1065//1065 1066//1066 1067//1067
f 1068//1068 1069//1069 1070//1070
f 1071//1071 1072//1072 1073//1073
f 1074//1074 1075//1075 1076//1076
f 1072//1072 1071//1071 1077//1077
f 1078//1078 1076//1076 1075//1075
f 1079//1079 1080//1080 1081//1081
f 1082//1082 1083//1083 1084//1084
f 1085//1085 1086//1086 1087//1087
f 1088//1088 1089//1089 1090//1090
f 1091//1091 1092//1092 1093//1093
f 1094//1094 1095//1095 1096//1096
f 1097//1097 1098//1098 1099//1099
f 1100//1100 1101//1101 1102//1102
f 1103//1103 1104//1104 1105//1105
f 1106//1106 1107//1107 1108//1108
f 1109//1109 1110//1110 1111//1111
f 1112//1112 1113//1113 1114//1114
f 1115//1115 1116//1116 1117//1117
f 1118//1118 1119//1119 1120//1120
f 1121//1121 1122//1122 1123//1123
f 1124//1124 1125//1125 1126//1126
f 959//959 958//958 1127//1127
f 1128//1128 961//961 960//960
f 889//889 959//959 982//982
f 983//983 960//960 892//892
f 1129//1129 869//869 962//962
f 963//963 870//870 1130//1130
f 1131//1131 965//965 964//964
f 967//967 966//966 1132//1132
f 964//964 869//869 1129//1129
f 1130//1130 870//870 967//967
f 969//969 968//968 1133//1133
f 1134//1134 973//973 972//972
f 975//975 974//974 1135//1135
f 1136//1136 979//979 978//978
f 1137//1137 1138//1138 1139//1139
f 1140//1140 1141//1141 1142//1142
f 1143//1143 1144//1144 1145//1145
f 1146//1146 1147//1147 1148//1148
f 1149//1149 1150//1150 1151//1151
f 1152//1152 1153//1153 1154//1154
f 1155//1155 1156//1156 1157//1157
f 1158//1158 1159//1159 1160//1160
f 1161//1161 1162//1162 1163//1163
f 1164//1164 1165//1165 1166//1166
f 985//985 984//984 1167//1167
f 1168//1168 989//989 988//988
f 1138//1138 1137//1137 1169//1169
f 1170//1170 1142//1142 1141//1141
f 991//991 990//990 1171//1171
f 1172//1172 995//995 994//994
f 1173//1173 1174//1174 1175//1175
f 1176//1176 1177//1177 1178//1178
f 997//997 996//996 1179//1179
f 1180//1180 1001//1001 1000//1000
f 1003//1003 1002//1002 1181//1181
f 1182//1182 1007//1007 1006//1006
f 1009//1009 1008//1008 1183//1183
f 1184//1184 1013//1013 1012//1012
f 1185//1185 1186//1186 1187//1187
f 1188//1188 1189//1189 1190//1190
f 1015//1015 1014//1014 1191//1191
f 1192//1192 1019//1019 1018//1018
f 1021//1021 1020//1020 1193//1193
f 1194//1194 1025//1025 1024//1024
f 1027//1027 1026//1026 1195//1195
f 1196//1196 1031//1031 1030//1030
f 1197//1197 1032//1032 911//911
f 912//912 1033//1033 1198//1198
f 1036//1036 1035//1035 1199//1199
f 1044//1044 1034//1034 1036//1036
f 1035//1035 1200//1200 1199//1199
f 1201//1201 1202//1202 1203//1203
f 1038//1038 1204//1204 917//917
f 918//918 1205//1205 1039//1039
f 1206//1206 1042//1042 1041//1041
f 1207//1207 1043//1043 1044//1044
f 1046//1046 1045//1045 1208//1208
f 1209//1209 1050//1050 1049//1049
f 1054//1054 1053//1053 1210//1210
f 1211//1211 1058//1058 1057//1057
f 1060//1060 1059//1059 1212//1212
f 1213//1213 1064//1064 1063//1063
f 1066//1066 1065//1065 1214//1214
f 1215//1215 1070//1070 1069//1069
f 1086//1086 1085//1085 1216//1216
f 1217//1217 1090//1090 1089//1089
f 1218//1218 1219//1219 1220//1220
f 1221//1221 1222//1222 1223//1223
f 1080//1080 1079//1079 1224//1224
f 1225//1225 1084//1084 1083//1083
f 1186//1186 1185//1185 1226//1226
f 1227//1227 1190//1190 1189//1189
f 1092//1092 1091//1091 1228//1228
f 1229//1229 1096//1096 1095//1095
f 1230//1230 1231//1231 1232//1232
f 1233//1233 1234//1234 1235//1235
f 1098//1098 1097//1097 1236//1236
f 1237//1237 1102//1102 1101//1101
f 1104//1104 1103//1103 1238//1238
f 1239//1239 1108//1108 1107//1107
f 1110//1110 1109//1109 1240//1240
f 1241//1241 1114//1114 1113//1113
f 1116//1116 1115//1115 1242//1242
f 1243//1243 1120//1120 1119//1119
f 1122//1122 1121//1121 1244//1244
f 1245//1245 1126//1126 1125//1125
f 958//958 1246//1246 1127//1127
f 1128//1128 1247//1247 961//961
f 1248//1248 1249//1249 1250//1250
f 1251//1251 1252//1252 1253//1253
f 1254//1254 1255//1255 1256//1256
f 1257//1257 1258//1258 1259//1259
f 1260//1260 1261//1261 1262//1262
f 1263//1263 1264//1264 1265//1265
f 1131//1131 1266//1266 965//965
f 966//966 1267//1267 1132//1132
f 1268//1268 1269//1269 1270//1270
f 1271//1271 1272//1272 1273//1273
f 1274//1274 1275//1275 1276//1276
f 1277//1277 1278//1278 1279//1279
f 1280//1280 1281//1281 1282//1282
f 1283//1283 1284//1284 1285//1285
f 1286//1286 1287//1287 1288//1288
f 1289//1289 1290//1290 1291//1291
f 1144//1144 1143//1143 1292//1292
f 1293//1293 1148//1148 1147//1147
f 1156//1156 1155//1155 1294//1294
f 1295//1295 1160//1160 1159//1159
f 1150//1150 1149//1149 1296//1296
f 1297//1297 1154//1154 1153//1153
f 1162//1162 1161//1161 1298//1298
f 1299//1299 1166//1166 1165//1165
f 1300//1300 1301//1301 1302//1302
f 1303//1303 1304//1304 1305//1305
f 1306//1306 1307//1307 1300//1300
f 1305//1305 1308//1308 1309//1309
f 1302//1302 1310//1310 1311//1311
f 1312//1312 1313//1313 1303//1303
f 1174//1174 1173//1173 1314//1314
f 1315//1315 1178//1178 1177//1177
f 1261//1261 1260//1260 1316//1316
f 1317//1317 1265//1265 1264//1264
f 1318//1318 1319//1319 1320//1320
f 1321//1321 1322//1322 1323//1323
f 1324//1324 1325//1325 1326//1326
f 1327//1327 1328//1328 1329//1329
f 1330//1330 1331//1331 1332//1332
f 1333//1333 1334//1334 1335//1335
f 1336//1336 1337//1337 1338//1338
f 1339//1339 1340//1340 1341//1341
f 1342//1342 1343//1343 1344//1344
f 1345//1345 1346//1346 1347//1347
f 1348//1348 1349//1349 1350//1350
f 1351//1351 1352//1352 1353//1353
f 1354//1354 1355//1355 1356//1356
f 1357//1357 1358//1358 1359//1359
f 1360//1360 1032//1032 1197//1197
f 1198//1198 1033//1033 1361//1361
f 1362//1362 1363//1363 1364//1364
f 1365//1365 1366//1366 1367//1367
f 1199//1199 1200//1200 1368//1368
f 1369//1369 1203//1203 1202//1202
f 1370//1370 1204//1204 1038//1038
f 1039//1039 1205//1205 1371//1371
f 1372//1372 1373//1373 1374//1374
f 1043//1043 1207//1207 1375//1375
f 1376//1376 1207//1207 1044//1044
f 1360//1360 1377//1377 1032//1032
f 1033//1033 1378//1378 1361//1361
f 1379//1379 1380//1380 1381//1381
f 1382//1382 1383//1383 1384//1384
f 1385//1385 1386//1386 1387//1387
f 1388//1388 1389//1389 1390//1390
f 1219//1219 1218//1218 1391//1391
f 1392//1392 1223//1223 1222//1222
f 1393//1393 1394//1394 1395//1395
f 1396//1396 1397//1397 1398//1398
f 1399//1399 1400//1400 1401//1401
f 1402//1402 1403//1403 1404//1404
f 1400//1400 1399//1399 1405//1405
f 1406//1406 1404//1404 1403//1403
f 1231//1231 1230//1230 1407//1407
f 1408//1408 1235//1235 1234//1234
f 1409//1409 1410//1410 1411//1411
f 1412//1412 1413//1413 1414//1414
f 1415//1415 1416//1416 1417//1417
f 1418//1418 1419//1419 1420//1420
f 1421//1421 1422//1422 1423//1423
f 1424//1424 1425//1425 1426//1426
f 1427//1427 1428//1428 1429//1429
f 1430//1430 1431//1431 1432//1432
f 1433//1433 1434//1434 1435//1435
f 1436//1436 1437//1437 1438//1438
f 1439//1439 1440//1440 1441//1441
f 1442//1442 1443//1443 1444//1444
f 1445//1445 1446//1446 1447//1447
f 1448//1448 1449//1449 1450//1450
f 1451//1451 1452//1452 1453//1453
f 1454//1454 1455//1455 1456//1456
f 1457//1457 1458//1458 958//958
f 961//961 1459//1459 1460//1460
f 958//958 1458//1458 1246//1246
f 1247//1247 1459//1459 961//961
f 1127//1127 1246//1246 1461//1461
f 1462//1462 1247//1247 1128//1128
f 1249//1249 1248//1248 1463//1463
f 1464//1464 1253//1253 1252//1252
f 1255//1255 1254//1254 1465//1465
f 1466//1466 1259//1259 1258//1258
f 1275//1275 1274//1274 1467//1467
f 1468//1468 1279//1279 1278//1278
f 1469//1469 1266//1266 1131//1131
f 1132//1132 1267//1267 1470//1470
f 1269//1269 1268//1268 1471//1471
f 1472//1472 1273//1273 1272//1272
f 1281//1281 1280//1280 1473//1473
f 1474//1474 1285//1285 1284//1284
f 1287//1287 1286//1286 1475//1475
f 1476//1476 1291//1291 1290//1290
f 1477//1477 1478//1478 1306//1306
f 1309//1309 1479//1479 1480//1480
f 1481//1481 1482//1482 1477//1477
f 1480//1480 1483//1483 1484//1484
f 1485//1485 1481//1481 1486//1486
f 1487//1487 1484//1484 1488//1488
f 1489//1489 1490//1490 1486//1486
f 1487//1487 1491//1491 1492//1492
f 1300//1300 1493//1493 1301//1301
f 1304//1304 1494//1494 1305//1305
f 1302//1302 1301//1301 1310//1310
f 1313//1313 1304//1304 1303//1303
f 1306//1306 1495//1495 1307//1307
f 1308//1308 1496//1496 1309//1309
f 1300//1300 1307//1307 1497//1497
f 1498//1498 1308//1308 1305//1305
f 1311//1311 1310//1310 1499//1499
f 1500//1500 1313//1313 1312//1312
f 1319//1319 1318//1318 1501//1501
f 1502//1502 1323//1323 1322//1322
f 1325//1325 1324//1324 1503//1503
f 1504//1504 1329//1329 1328//1328
f 1331//1331 1330//1330 1505//1505
f 1506//1506 1335//1335 1334//1334
f 1337//1337 1336//1336 1507//1507
f 1508//1508 1341//1341 1340//1340
f 1509//1509 1510//1510 1511//1511
f 1512//1512 1513//1513 1514//1514
f 1343//1343 1342//1342 1515//1515
f 1516//1516 1347//1347 1346//1346
f 1349//1349 1348//1348 1517//1517
f 1518//1518 1353//1353 1352//1352
f 1355//1355 1354//1354 1519//1519
f 1520//1520 1359//1359 1358//1358
f 1521//1521 1522//1522 1523//1523
f 1524//1524 1364//1364 1363//1363
f 1525//1525 1367//1367 1366//1366
f 1200//1200 1526//1526 1368//1368
f 1527//1527 1528//1528 1529//1529
f 1370//1370 1530//1530 1204//1204
f 1205//1205 1531//1531 1371//1371
f 1532//1532 1374//1374 1373//1373
f 1207//1207 1533//1533 1375//1375
f 1534//1534 1535//1535 1536//1536
f 1537//1537 1538//1538 1539//1539
f 1540//1540 1377//1377 1360//1360
f 1361//1361 1378//1378 1541//1541
f 1380//1380 1379//1379 1542//1542
f 1543//1543 1384//1384 1383//1383
f 1386//1386 1385//1385 1544//1544
f 1545//1545 1390//1390 1389//1389
f 1546//1546 1530//1530 1370//1370
f 1371//1371 1531//1531 1547//1547
f 1394//1394 1393//1393 1548//1548
f 1549//1549 1398//1398 1397//1397
f 1410//1410 1409//1409 1550//1550
f 1551//1551 1414//1414 1413//1413
f 1552//1552 1553//1553 1546//1546
f 1547//1547 1554//1554 1555//1555
f 1556//1556 1557//1557 1558//1558
f 1559//1559 1560//1560 1561//1561
f 1510//1510 1509//1509 1562//1562
f 1563//1563 1514//1514 1513//1513
f 1416//1416 1415//1415 1564//1564
f 1565//1565 1420//1420 1419//1419
f 1422//1422 1421//1421 1566//1566
f 1567//1567 1426//1426 1425//1425
f 1568//1568 1569//1569 1570//1570
f 1571//1571 1572//1572 1573//1573
f 1428//1428 1427//1427 1574//1574
f 1575//1575 1432//1432 1431//1431
f 1434//1434 1433//1433 1576//1576
f 1577//1577 1438//1438 1437//1437
f 1440//1440 1439//1439 1578//1578
f 1579//1579 1444//1444 1443//1443
f 1446//1446 1445//1445 1580//1580
f 1581//1581 1450//1450 1449//1449
f 1452//1452 1451//1451 1582//1582
f 1583//1583 1456//1456 1455//1455
f 1458//1458 1457//1457 1584//1584
f 1585//1585 1460//1460 1459//1459
f 1586//1586 1587//1587 1588//1588
f 1589//1589 1590//1590 1591//1591
f 1461//1461 1246//1246 1592//1592
f 1593//1593 1247//1247 1462//1462
f 1594//1594 1595//1595 1596//1596
f 1597//1597 1598//1598 1599//1599
f 1595//1595 1594//1594 1600//1600
f 1601//1601 1599//1599 1598//1598
f 1602//1602 1603//1603 1604//1604
f 1605//1605 1606//1606 1607//1607
f 1603//1603 1602//1602 1489//1489
f 1492//1492 1607//1607 1606//1606
f 1608//1608 1266//1266 1469//1469
f 1470//1470 1267//1267 1609//1609
f 1610//1610 1611//1611 1612//1612
f 1613//1613 1614//1614 1615//1615
f 1608//1608 1616//1616 1266//1266
f 1267//1267 1617//1617 1609//1609
f 1618//1618 1619//1619 1620//1620
f 1621//1621 1622//1622 1623//1623
f 1624//1624 1625//1625 1626//1626
f 1627//1627 1628//1628 1629//1629
f 1477//1477 1630//1630 1478//1478
f 1479//1479 1631//1631 1480//1480
f 1306//1306 1478//1478 1632//1632
f 1633//1633 1479//1479 1309//1309
f 1481//1481 1634//1634 1482//1482
f 1483//1483 1635//1635 1484//1484
f 1477//1477 1482//1482 1636//1636
f 1637//1637 1483//1483 1480//1480
f 1481//1481 1485//1485 1634//1634
f 1635//1635 1488//1488 1484//1484
f 1486//1486 1638//1638 1485//1485
f 1488//1488 1639//1639 1487//1487
f 1489//1489 1602//1602 1490//1490
f 1491//1491 1607//1607 1492//1492
f 1486//1486 1490//1490 1640//1640
f 1641//1641 1491//1491 1487//1487
f 1300//1300 1497//1497 1493//1493
f 1494//1494 1498//1498 1305//1305
f 1306//1306 1632//1632 1495//1495
f 1496//1496 1633//1633 1309//1309
f 1642//1642 1643//1643 1644//1644
f 1645//1645 1646//1646 1647//1647
f 1648//1648 1649//1649 1650//1650
f 1651//1651 1652//1652 1653//1653
f 1654//1654 1655//1655 1656//1656
f 1657//1657 1658//1658 1659//1659
f 1660//1660 1661//1661 1662//1662
f 1663//1663 1664//1664 1665//1665
f 1666//1666 1667//1667 1668//1668
f 1669//1669 1670//1670 1671//1671
f 1672//1672 1673//1673 1674//1674
f 1675//1675 1676//1676 1677//1677
f 1678//1678 1679//1679 1680//1680
f 1681//1681 1682//1682 1683//1683
f 1684//1684 1685//1685 1686//1686
f 1687//1687 1688//1688 1689//1689
f 1690//1690 1691//1691 1692//1692
f 1693//1693 1694//1694 1695//1695
f 1696//1696 1697//1697 1698//1698
f 1699//1699 1700//1700 1701//1701
f 1702//1702 1523//1523 1522//1522
f 1368//1368 1526//1526 1703//1703
f 1704//1704 1529//1529 1528//1528
f 1705//1705 1706//1706 1707//1707
f 1375//1375 1533//1533 1708//1708
f 1709//1709 1710//1710 1711//1711
f 1712//1712 1536//1536 1535//1535
f 1713//1713 1539//1539 1538//1538
f 1540//1540 1714//1714 1377//1377
f 1378//1378 1715//1715 1541//1541
f 1716//1716 1717//1717 1718//1718
f 1719//1719 1720//1720 1721//1721
f 1722//1722 1723//1723 1724//1724
f 1725//1725 1726//1726 1727//1727
f 1728//1728 1729//1729 1730//1730
f 1546//1546 1731//1731 1530//1530
f 1531//1531 1732//1732 1547//1547
f 1557//1557 1556//1556 1733//1733
f 1734//1734 1561//1561 1560//1560
f 1735//1735 1736//1736 1552//1552
f 1555//1555 1737//1737 1738//1738
f 1552//1552 1736//1736 1553//1553
f 1554//1554 1737//1737 1555//1555
f 1546//1546 1553//1553 1731//1731
f 1732//1732 1554//1554 1547//1547
f 1569//1569 1568//1568 1739//1739
f 1740//1740 1573//1573 1572//1572
f 1741//1741 1742//1742 1735//1735
f 1738//1738 1743//1743 1744//1744
f 1745//1745 1746//1746 1747//1747
f 1748//1748 1749//1749 1750//1750
f 1751//1751 1752//1752 1753//1753
f 1754//1754 1755//1755 1756//1756
f 1757//1757 1758//1758 1759//1759
f 1760//1760 1761//1761 1762//1762
f 1763//1763 1764//1764 1765//1765
f 1766//1766 1767//1767 1768//1768
f 1769//1769 1770//1770 1771//1771
f 1772//1772 1773//1773 1774//1774
f 1775//1775 1776//1776 1777//1777
f 1778//1778 1779//1779 1780//1780
f 1781//1781 1782//1782 1783//1783
f 1784//1784 1785//1785 1786//1786
f 1787//1787 1788//1788 1789//1789
f 1790//1790 1791//1791 1792//1792
f 1587//1587 1586//1586 1793//1793
f 1794//1794 1591//1591 1590//1590
f 1788//1788 1787//1787 1795//1795
f 1796//1796 1792//1792 1791//1791
f 1797//1797 1798//1798 1799//1799
f 1800//1800 1801//1801 1802//1802
f 1461//1461 1592//1592 1803//1803
f 1804//1804 1593//1593 1462//1462
f 1805//1805 1806//1806 1807//1807
f 1808//1808 1809//1809 1810//1810
f 1811//1811 1812//1812 1813//1813
f 1814//1814 1815//1815 1816//1816
f 1611//1611 1610//1610 1817//1817
f 1818//1818 1615//1615 1614//1614
f 1819//1819 1616//1616 1608//1608
f 1609//1609 1617//1617 1820//1820
f 1619//1619 1618//1618 1821//1821
f 1822//1822 1623//1623 1622//1622
f 1625//1625 1624//1624 1823//1823
f 1824//1824 1629//1629 1628//1628
f 1477//1477 1825//1825 1630//1630
f 1631//1631 1826//1826 1480//1480
f 1827//1827 1828//1828 1829//1829
f 1830//1830 1831//1831 1832//1832
f 1833//1833 1834//1834 1835//1835
f 1836//1836 1837//1837 1838//1838
f 1839//1839 1840//1840 1841//1841
f 1842//1842 1843//1843 1844//1844
f 1845//1845 1846//1846 1847//1847
f 1848//1848 1849//1849 1850//1850
f 1477//1477 1636//1636 1825//1825
f 1826//1826 1637//1637 1480//1480
f 1851//1851 1852//1852 1853//1853
f 1854//1854 1855//1855 1856//1856
f 1486//1486 1640//1640 1638//1638
f 1639//1639 1641//1641 1487//1487
f 1485//1485 1638//1638 1857//1857
f 1858//1858 1639//1639 1488//1488
f 1859//1859 1860//1860 1861//1861
f 1862//1862 1863//1863 1864//1864
f 1865//1865 1493//1493 1497//1497
f 1498//1498 1494//1494 1866//1866
f 1867//1867 1868//1868 1869//1869
f 1870//1870 1871//1871 1872//1872
f 1643//1643 1642//1642 1873//1873
f 1874//1874 1647//1647 1646//1646
f 1649//1649 1648//1648 1875//1875
f 1876//1876 1653//1653 1652//1652
f 1877//1877 1878//1878 1879//1879
f 1880//1880 1881//1881 1882//1882
f 1655//1655 1654//1654 1883//1883
f 1884//1884 1659//1659 1658//1658
f 1661//1661 1660//1660 1885//1885
f 1886//1886 1665//1665 1664//1664
f 1667//1667 1666//1666 1887//1887
f 1888//1888 1671//1671 1670//1670
f 1673//1673 1672//1672 1889//1889
f 1890//1890 1677//1677 1676//1676
f 1679//1679 1678//1678 1891//1891
f 1892//1892 1683//1683 1682//1682
f 1893//1893 1894//1894 1741//1741
f 1744//1744 1895//1895 1896//1896
f 1685//1685 1684//1684 1897//1897
f 1898//1898 1689//1689 1688//1688
f 1691//1691 1690//1690 1899//1899
f 1900//1900 1695//1695 1694//1694
f 1697//1697 1696//1696 1901//1901
f 1902//1902 1701//1701 1700//1700
f 1903//1903 1904//1904 1905//1905
f 1906//1906 1907//1907 1908//1908
f 1526//1526 1909//1909 1703//1703
f 1910//1910 1911//1911 1912//1912
f 1913//1913 1707//1707 1706//1706
f 1533//1533 1914//1914 1708//1708
f 1915//1915 1711//1711 1710//1710
f 1916//1916 1714//1714 1540//1540
f 1541//1541 1715//1715 1917//1917
f 1918//1918 1718//1718 1717//1717
f 1720//1720 1719//1719 1919//1919
f 1920//1920 1724//1724 1723//1723
f 1726//1726 1725//1725 1921//1921
f 1922//1922 1730//1730 1729//1729
f 1923//1923 1924//1924 1925//1925
f 1926//1926 1927//1927 1928//1928
f 1929//1929 1930//1930 1931//1931
f 1735//1735 1742//1742 1736//1736
f 1737//1737 1743//1743 1738//1738
f 1932//1932 1933//1933 1934//1934
f 1935//1935 1936//1936 1937//1937
f 1938//1938 1939//1939 1940//1940
f 1941//1941 1942//1942 1943//1943
f 1741//1741 1894//1894 1742//1742
f 1743//1743 1895//1895 1744//1744
f 1746//1746 1745//1745 1944//1944
f 1945//1945 1750//1750 1749//1749
f 1764//1764 1763//1763 1946//1946
f 1947//1947 1768//1768 1767//1767
f 1752//1752 1751//1751 1948//1948
f 1949//1949 1756//1756 1755//1755
f 1758//1758 1757//1757 1950//1950
f 1951//1951 1762//1762 1761//1761
f 1770//1770 1769//1769 1952//1952
f 1953//1953 1774//1774 1773//1773
f 1776//1776 1775//1775 1954//1954
f 1955//1955 1780//1780 1779//1779
f 1782//1782 1781//1781 1956//1956
f 1957//1957 1786//1786 1785//1785
f 1958//1958 1959//1959 1960//1960
f 1961//1961 1962//1962 1963//1963
f 1798//1798 1797//1797 1964//1964
f 1965//1965 1802//1802 1801//1801
f 1966//1966 1967//1967 1968//1968
f 1969//1969 1970//1970 1971//1971
f 1803//1803 1592//1592 1972//1972
f 1973//1973 1593//1593 1804//1804
f 1806//1806 1805//1805 1974//1974
f 1975//1975 1810//1810 1809//1809
f 1812//1812 1811//1811 1976//1976
f 1977//1977 1816//1816 1815//1815
f 1865//1865 1978//1978 1493//1493
f 1494//1494 1979//1979 1866//1866
f 1819//1819 1980//1980 1616//1616
f 1617//1617 1981//1981 1820//1820
f 1982//1982 1983//1983 1984//1984
f 1985//1985 1986//1986 1987//1987
f 1967//1967 1966//1966 1988//1988
f 1989//1989 1971//1971 1970//1970
f 1904//1904 1903//1903 1990//1990
f 1991//1991 1908//1908 1907//1907
f 1992//1992 1993//1993 1994//1994
f 1995//1995 1996//1996 1997//1997
f 1828//1828 1827//1827 1998//1998
f 1999//1999 1832//1832 1831//1831
f 1993//1993 1992//1992 2000//2000
f 2001//2001 1997//1997 1996//1996
f 1834//1834 1833//1833 2002//2002
f 2003//2003 1838//1838 1837//1837
f 1840//1840 1839//1839 2004//2004
f 2005//2005 1844//1844 1843//1843
f 1846//1846 1845//1845 2006//2006
f 2007//2007 1850//1850 1849//1849
f 2008//2008 2009//2009 2010//2010
f 2011//2011 2012//2012 2013//2013
f 1852//1852 1851//1851 2014//2014
f 2015//2015 1856//1856 1855//1855
f 2016//2016 2017//2017 2018//2018
f 2019//2019 2020//2020 2021//2021
f 1857//1857 1638//1638 2022//2022
f 2023//2023 1639//1639 1858//1858
f 2024//2024 2025//2025 2026//2026
f 2027//2027 2028//2028 2029//2029
f 1860//1860 1859//1859 2030//2030
f 2031//2031 1864//1864 1863//1863
f 1878//1878 1877//1877 2032//2032
f 2033//2033 1882//1882 1881//1881
f 1868//1868 1867//1867 2034//2034
f 2035//2035 1872//1872 1871//1871
f 2036//2036 2037//2037 2038//2038
f 2039//2039 2040//2040 2041//2041
f 2038//2038 2037//2037 2042//2042
f 2043//2043 2040//2040 2039//2039
f 2044//2044 2045//2045 2046//2046
f 2047//2047 2048//2048 2049//2049
f 2050//2050 2051//2051 2052//2052
f 2053//2053 2054//2054 2055//2055
f 2056//2056 2057//2057 2058//2058
f 2059//2059 2060//2060 2061//2061
f 2062//2062 2063//2063 2064//2064
f 2065//2065 2066//2066 2067//2067
f 2068//2068 2069//2069 2070//2070
f 2071//2071 2072//2072 2073//2073
f 1893//1893 2074//2074 1894//1894
f 1895//1895 2075//2075 1896//1896
f 2076//2076 2077//2077 2078//2078
f 2079//2079 2080//2080 2081//2081
f 2082//2082 2083//2083 2084//2084
f 2085//2085 2086//2086 2087//2087
f 2088//2088 2089//2089 2090//2090
f 2091//2091 2092//2092 2093//2093
f 1959//1959 1958//1958 2094//2094
f 2095//2095 1963//1963 1962//1962
f 1909//1909 2096//2096 1703//1703
f 2097//2097 1912//1912 1911//1911
f 2098//2098 1925//1925 1924//1924
f 1708//1708 1914//1914 2099//2099
f 2100//2100 2101//2101 2102//2102
f 1916//1916 2103//2103 1714//1714
f 1715//1715 2104//2104 1917//1917
f 2105//2105 2106//2106 2107//2107
f 2108//2108 2109//2109 2110//2110
f 2111//2111 2112//2112 2113//2113
f 1927//1927 1926//1926 2114//2114
f 2115//2115 1931//1931 1930//1930
f 2116//2116 1937//1937 1936//1936
f 1939//1939 1938//1938 2117//2117
f 2118//2118 1943//1943 1942//1942
f 2119//2119 2120//2120 2121//2121
f 2122//2122 1934//1934 1933//1933
f 2123//2123 2121//2121 2120//2120
f 2124//2124 2125//2125 2126//2126
f 2127//2127 2128//2128 2129//2129
f 2130//2130 2131//2131 2132//2132
f 2045//2045 2044//2044 2133//2133
f 2134//2134 2049//2049 2048//2048
f 2077//2077 2076//2076 2135//2135
f 2136//2136 2081//2081 2080//2080
f 2051//2051 2050//2050 2137//2137
f 2138//2138 2055//2055 2054//2054
f 2057//2057 2056//2056 2139//2139
f 2140//2140 2061//2061 2060//2060
f 2083//2083 2082//2082 2141//2141
f 2142//2142 2087//2087 2086//2086
f 2089//2089 2088//2088 2143//2143
f 2144//2144 2093//2093 2092//2092
f 1972//1972 1592//1592 1980//1980
f 1981//1981 1593//1593 1973//1973
f 2145//2145 2146//2146 1978//1978
f 1979//1979 2147//2147 2148//2148
f 2149//2149 1978//1978 1865//1865
f 1866//1866 1979//1979 2150//2150
f 1972//1972 1980//1980 1819//1819
f 1820//1820 1981//1981 1973//1973
f 1983//1983 1982//1982 2151//2151
f 2152//2152 1987//1987 1986//1986
f 2009//2009 2008//2008 2153//2153
f 2154//2154 2013//2013 2012//2012
f 2155//2155 2156//2156 2157//2157
f 2158//2158 2159//2159 2160//2160
f 2161//2161 2162//2162 2155//2155
f 2160//2160 2163//2163 2164//2164
f 2157//2157 2156//2156 2165//2165
f 2166//2166 2159//2159 2158//2158
f 2167//2167 2168//2168 2169//2169
f 2170//2170 2171//2171 2172//2172
f 2169//2169 2168//2168 2173//2173
f 2174//2174 2171//2171 2170//2170
f 2175//2175 2167//2167 2176//2176
f 2177//2177 2172//2172 2178//2178
f 2017//2017 2016//2016 2179//2179
f 2180//2180 2021//2021 2020//2020
f 2022//2022 1638//1638 2146//2146
f 2147//2147 1639//1639 2023//2023
f 2181//2181 2182//2182 2183//2183
f 2184//2184 2185//2185 2186//2186
f 2025//2025 2024//2024 2187//2187
f 2188//2188 2029//2029 2028//2028
f 2189//2189 2190//2190 2191//2191
f 2192//2192 2193//2193 2194//2194
f 2165//2165 2195//2195 2036//2036
f 2041//2041 2196//2196 2166//2166
f 2036//2036 2195//2195 2037//2037
f 2040//2040 2196//2196 2041//2041
f 2063//2063 2062//2062 2197//2197
f 2198//2198 2067//2067 2066//2066
f 2069//2069 2068//2068 2199//2199
f 2200//2200 2073//2073 2072//2072
f 2201//2201 2074//2074 1893//1893
f 1896//1896 2075//2075 2202//2202
f 2203//2203 2204//2204 2205//2205
f 1703//1703 2096//2096 2206//2206
f 2207//2207 2208//2208 2209//2209
f 2099//2099 2210//2210 2211//2211
f 1914//1914 2210//2210 2099//2099
f 2212//2212 2102//2102 2101//2101
f 2213//2213 2103//2103 1916//1916
f 1917//1917 2104//2104 2214//2214
f 2215//2215 2107//2107 2106//2106
f 2109//2109 2108//2108 2216//2216
f 2217//2217 2113//2113 2112//2112
f 2218//2218 2219//2219 2220//2220
f 2221//2221 2222//2222 2223//2223
f 2211//2211 2210//2210 2224//2224
f 2225//2225 2226//2226 2227//2227
f 2228//2228 2229//2229 2230//2230
f 2231//2231 2132//2132 2131//2131
f 2224//2224 2232//2232 2233//2233
f 2233//2233 2234//2234 2235//2235
f 2125//2125 2124//2124 2236//2236
f 2237//2237 2129//2129 2128//2128
f 2238//2238 2146//2146 2145//2145
f 2148//2148 2147//2147 2239//2239
f 2145//2145 1978//1978 2240//2240
f 2241//2241 1979//1979 2148//2148
f 2240//2240 1978//1978 2149//2149
f 2150//2150 1979//1979 2241//2241
f 2190//2190 2189//2189 2242//2242
f 2243//2243 2194//2194 2193//2193
f 2173//2173 2162//2162 2161//2161
f 2164//2164 2163//2163 2174//2174
f 2155//2155 2244//2244 2156//2156
f 2159//2159 2245//2245 2160//2160
f 2155//2155 2162//2162 2244//2244
f 2245//2245 2163//2163 2160//2160
f 2165//2165 2156//2156 2246//2246
f 2247//2247 2159//2159 2166//2166
f 2167//2167 2175//2175 2168//2168
f 2171//2171 2178//2178 2172//2172
f 2173//2173 2168//2168 2248//2248
f 2249//2249 2171//2171 2174//2174
f 2022//2022 2146//2146 2250//2250
f 2251//2251 2147//2147 2023//2023
f 2182//2182 2181//2181 2252//2252
f 2253//2253 2186//2186 2185//2185
f 2165//2165 2246//2246 2195//2195
f 2196//2196 2247//2247 2166//2166
f 2254//2254 2255//2255 2256//2256
f 2257//2257 2258//2258 2259//2259
f 2074//2074 2201//2201 2260//2260
f 2261//2261 2202//2202 2075//2075
f 2262//2262 2205//2205 2204//2204
f 2096//2096 2263//2263 2206//2206
f 2264//2264 2209//2209 2208//2208
f 2265//2265 2266//2266 2267//2267
f 2268//2268 2267//2267 2266//2266
f 2213//2213 2269//2269 2103//2103
f 2104//2104 2270//2270 2214//2214
f 2271//2271 2272//2272 2273//2273
f 2219//2219 2218//2218 2274//2274
f 2275//2275 2223//2223 2222//2222
f 2210//2210 2232//2232 2224//2224
f 2226//2226 2225//2225 2276//2276
f 2277//2277 2230//2230 2229//2229
f 2235//2235 2278//2278 2279//2279
f 2232//2232 2234//2234 2233//2233
f 2234//2234 2278//2278 2235//2235
f 2255//2255 2254//2254 2280//2280
f 2281//2281 2259//2259 2258//2258
f 2282//2282 2146//2146 2238//2238
f 2239//2239 2147//2147 2283//2283
f 2284//2284 2285//2285 2286//2286
f 2287//2287 2288//2288 2289//2289
f 2290//2290 2291//2291 2292//2292
f 2293//2293 2294//2294 2295//2295
f 2296//2296 2297//2297 2298//2298
f 2299//2299 2300//2300 2301//2301
f 2297//2297 2296//2296 2302//2302
f 2303//2303 2301//2301 2300//2300
f 2173//2173 2248//2248 2162//2162
f 2163//2163 2249//2249 2174//2174
f 2285//2285 2284//2284 2304//2304
f 2305//2305 2289//2289 2288//2288
f 2306//2306 2307//2307 2308//2308
f 2309//2309 2310//2310 2311//2311
f 2291//2291 2290//2290 2312//2312
f 2313//2313 2295//2295 2294//2294
f 2314//2314 2315//2315 2316//2316
f 2317//2317 2318//2318 2319//2319
f 2250//2250 2146//2146 2282//2282
f 2283//2283 2147//2147 2251//2251
f 2315//2315 2314//2314 2320//2320
f 2321//2321 2319//2319 2318//2318
f 2322//2322 2201//2201 2323//2323
f 2324//2324 2202//2202 2325//2325
f 2201//2201 2322//2322 2260//2260
f 2261//2261 2325//2325 2202//2202
f 2326//2326 2327//2327 2328//2328
f 2279//2279 2329//2329 2330//2330
f 2206//2206 2263//2263 2331//2331
f 2332//2332 2333//2333 2334//2334
f 2335//2335 2336//2336 2337//2337
f 2338//2338 2269//2269 2213//2213
f 2214//2214 2270//2270 2339//2339
f 2340//2340 2273//2273 2272//2272
f 2338//2338 2322//2322 2269//2269
f 2270//2270 2325//2325 2339//2339
f 2341//2341 2337//2337 2336//2336
f 2278//2278 2329//2329 2279//2279
f 2342//2342 2343//2343 2344//2344
f 2345//2345 2346//2346 2347//2347
f 2307//2307 2306//2306 2348//2348
f 2349//2349 2311//2311 2310//2310
f 2350//2350 2351//2351 2352//2352
f 2353//2353 2354//2354 2355//2355
f 2351//2351 2350//2350 2356//2356
f 2357//2357 2355//2355 2354//2354
f 2260//2260 2322//2322 2338//2338
f 2339//2339 2325//2325 2261//2261
f 2358//2358 2328//2328 2327//2327
f 2329//2329 2359//2359 2330//2330
f 2263//2263 2360//2360 2331//2331
f 2361//2361 2334//2334 2333//2333
f 2362//2362 2363//2363 2364//2364
f 2365//2365 2364//2364 2363//2363
f 2366//2366 2344//2344 2343//2343
f 2367//2367 2368//2368 2369//2369
f 2370//2370 2347//2347 2346//2346
f 2371//2371 2369//2369 2368//2368
f 2372//2372 2373//2373 2374//2374
f 2330//2330 2359//2359 2375//2375
f 2376//2376 2377//2377 2378//2378
f 2331//2331 2360//2360 2379//2379
f 2380//2380 2381//2381 2382//2382
f 2383//2383 2374//2374 2373//2373
f 2360//2360 2384//2384 2379//2379
f 2375//2375 2359//2359 2385//2385
f 2386//2386 2378//2378 2377//2377
f 2387//2387 2382//2382 2381//2381
f 2375//2375 2385//2385 2384//2384
f 2379//2379 2384//2384 2385//2385
f 2388//2388 2385//2385 2359//2359
f 2389//2389 2390//2390 2391//2391
f 2392//2392 2393//2393 2394//2394
f 2395//2395 2394//2394 2393//2393
f 2396//2396 2397//2397 2398//2398
f 2399//2399 2391//2391 2390//2390
f 2400//2400 2398//2398 2397//2397
f 2401//2401 2402//2402 2403//2403
f 2404//2404 2405//2405 2401//2401
f 2402//2402 2401//2401 2405//2405
f 2402//2402 2406//2406 2403//2403
f 2405//2405 2404//2404 2407//2407
f 2408//2408 2409//2409 2410//2410
f 2406//2406 2402//2402 2411//2411
f 2412//2412 2407//2407 2404//2404
f 2413//2413 2410//2410 2414//2414
f 2415//2415 2409//2409 2408//2408
f 2408//2408 2410//2410 2413//2413
f 2415//2415 2416//2416 2409//2409
f 2411//2411 2417//2417 2406//2406
f 2407//2407 2412//2412 2418//2418
f 2413//2413 2414//2414 2419//2419
f 2420//2420 2421//2421 2422//2422
f 2423//2423 2420//2420 2422//2422
f 2424//2424 2416//2416 2415//2415
f 2417//2417 2411//2411 2425//2425
f 2426//2426 2418//2418 2412//2412
f 2427//2427 2419//2419 2414//2414
f 2413//2413 2419//2419 2428//2428
f 2425//2425 2429//2429 2417//2417
f 2421//2421 2420//2420 2430//2430
f 2420//2420 2423//2423 2431//2431
f 2424//2424 2432//2432 2416//2416
f 2430//2430 2433//2433 2421//2421
f 2418//2418 2426//2426 2434//2434
f 2427//2427 2435//2435 2419//2419
f 2436//2436 2437//2437 2438//2438
f 2438//2438 2431//2431 2423//2423
f 2429//2429 2425//2425 2439//2439
f 2440//2440 2432//2432 2424//2424
f 2433//2433 2430//2430 2441//2441
f 2442//2442 2434//2434 2426//2426
f 2443//2443 2435//2435 2427//2427
f 2444//2444 2445//2445 2436//2436
f 2437//2437 2436//2436 2445//2445
f 2431//2431 2438//2438 2437//2437
f 2439//2439 2446//2446 2429//2429
f 2440//2440 2447//2447 2432//2432
f 2441//2441 2448//2448 2433//2433
f 2434//2434 2442//2442 2449//2449
f 2443//2443 2450//2450 2435//2435
f 2445//2445 2444//2444 2451//2451
f 2446//2446 2439//2439 2452//2452
f 2453//2453 2442//2442 2454//2454
f 2455//2455 2456//2456 2457//2457
f 2458//2458 2454//2454 2456//2456
f 2440//2440 2459//2459 2447//2447
f 2448//2448 2441//2441 2460//2460
f 2442//2442 2453//2453 2449//2449
f 2461//2461 2450//2450 2443//2443
f 2462//2462 2451//2451 2444//2444
f 2452//2452 2463//2463 2446//2446
f 2454//2454 2458//2458 2453//2453
f 2464//2464 2457//2457 2465//2465
f 2456//2456 2455//2455 2458//2458
f 2457//2457 2464//2464 2455//2455
f 2466//2466 2465//2465 2467//2467
f 2468//2468 2466//2466 2467//2467
f 2469//2469 2459//2459 2440//2440
f 2460//2460 2470//2470 2448//2448
f 2471//2471 2472//2472 2461//2461
f 2461//2461 2472//2472 2450//2450
f 2451//2451 2462//2462 2473//2473
f 2463//2463 2452//2452 2474//2474
f 2475//2475 2472//2472 2471//2471
f 2465//2465 2466//2466 2464//2464
f 2476//2476 2477//2477 2475//2475
f 2478//2478 2479//2479 2476//2476
f 2466//2466 2468//2468 2480//2480
f 2469//2469 2481//2481 2459//2459
f 2470//2470 2460//2460 2482//2482
f 2483//2483 2462//2462 2484//2484
f 2462//2462 2483//2483 2473//2473
f 2474//2474 2485//2485 2463//2463
f 2475//2475 2477//2477 2472//2472
f 2486//2486 2487//2487 2478//2478
f 2476//2476 2479//2479 2477//2477
f 2478//2478 2487//2487 2479//2479
f 2488//2488 2480//2480 2468//2468
f 2489//2489 2490//2490 2486//2486
f 2491//2491 2481//2481 2469//2469
f 2482//2482 2492//2492 2470//2470
f 2484//2484 2493//2493 2483//2483
f 2485//2485 2474//2474 2494//2494
f 2493//2493 2484//2484 2495//2495
f 2486//2486 2490//2490 2487//2487
f 2496//2496 2495//2495 2497//2497
f 2498//2498 2497//2497 2499//2499
f 2480//2480 2488//2488 2500//2500
f 2489//2489 2501//2501 2490//2490
f 2491//2491 2502//2502 2481//2481
f 2492//2492 2482//2482 2503//2503
f 2485//2485 2504//2504 2505//2505
f 2504//2504 2485//2485 2494//2494
f 2495//2495 2496//2496 2493//2493
f 2506//2506 2499//2499 2507//2507
f 2497//2497 2498//2498 2496//2496
f 2499//2499 2506//2506 2498//2498
f 2505//2505 2500//2500 2488//2488
f 2508//2508 2501//2501 2489//2489
f 2509//2509 2506//2506 2507//2507
f 2510//2510 2502//2502 2491//2491
f 2503//2503 2511//2511 2492//2492
f 2500//2500 2505//2505 2504//2504
f 2510//2510 2512//2512 2502//2502
f 2513//2513 2501//2501 2508//2508
f 2506//2506 2509//2509 2514//2514
f 2511//2511 2503//2503 2515//2515
f 2512//2512 2513//2513 2508//2508
f 2513//2513 2512//2512 2510//2510
f 2501//2501 2513//2513 2516//2516
f 2517//2517 2514//2514 2509//2509
f 2518//2518 2511//2511 2515//2515
f 2511//2511 2518//2518 2519//2519
f 2519//2519 2520//2520 2517//2517
f 2514//2514 2517//2517 2520//2520
f 2520//2520 2519//2519 2518//2518
f 2521//2521 2522//2522 2523//2523
f 2522//2522 2521//2521 2524//2524
f 2525//2525 2526//2526 2527//2527
f 2528//2528 2527//2527 2526//2526
f 2522//2522 2529//2529 2523//2523
f 2525//2525 2530//2530 2526//2526
f 2523//2523 2531//2531 2521//2521
f 2527//2527 2532//2532 2525//2525
f 2533//2533 2524//2524 2521//2521
f 2527//2527 2528//2528 2534//2534
f 2524//2524 2535//2535 2522//2522
f 2526//2526 2536//2536 2528//2528
f 2529//2529 2522//2522 2537//2537
f 2538//2538 2526//2526 2530//2530
f 2539//2539 2523//2523 2529//2529
f 2530//2530 2525//2525 2540//2540
f 2531//2531 2523//2523 2541//2541
f 2542//2542 2525//2525 2532//2532
f 2543//2543 2521//2521 2531//2531
f 2532//2532 2527//2527 2544//2544
f 2524//2524 2533//2533 2545//2545
f 2546//2546 2534//2534 2528//2528
f 2521//2521 2543//2543 2533//2533
f 2534//2534 2544//2544 2527//2527
f 2535//2535 2524//2524 2547//2547
f 2548//2548 2528//2528 2536//2536
f 2535//2535 2537//2537 2522//2522
f 2526//2526 2538//2538 2536//2536
f 2537//2537 2549//2549 2529//2529
f 2530//2530 2550//2550 2538//2538
f 2523//2523 2539//2539 2541//2541
f 2542//2542 2540//2540 2525//2525
f 2529//2529 2551//2551 2539//2539
f 2540//2540 2552//2552 2530//2530
f 2541//2541 2553//2553 2531//2531
f 2532//2532 2554//2554 2542//2542
f 2531//2531 2555//2555 2543//2543
f 2544//2544 2556//2556 2532//2532
f 2557//2557 2545//2545 2533//2533
f 2534//2534 2546//2546 2558//2558
f 2545//2545 2547//2547 2524//2524
f 2528//2528 2548//2548 2546//2546
f 2559//2559 2533//2533 2543//2543
f 2544//2544 2534//2534 2560//2560
f 2547//2547 2561//2561 2535//2535
f 2536//2536 2562//2562 2548//2548
f 2537//2537 2535//2535 2563//2563
f 2564//2564 2536//2536 2538//2538
f 2549//2549 2537//2537 2565//2565
f 2566//2566 2538//2538 2550//2550
f 2565//2565 2529//2529 2549//2549
f 2550//2550 2530//2530 2566//2566
f 2567//2567 2541//2541 2539//2539
f 2540//2540 2542//2542 2568//2568
f 2551//2551 2529//2529 2569//2569
f 2570//2570 2530//2530 2552//2552
f 2569//2569 2539//2539 2551//2551
f 2552//2552 2540//2540 2570//2570
f 2553//2553 2541//2541 2571//2571
f 2572//2572 2542//2542 2554//2554
f 2555//2555 2531//2531 2553//2553
f 2554//2554 2532//2532 2556//2556
f 2573//2573 2543//2543 2555//2555
f 2556//2556 2544//2544 2574//2574
f 2545//2545 2557//2557 2575//2575
f 2576//2576 2558//2558 2546//2546
f 2533//2533 2559//2559 2557//2557
f 2558//2558 2560//2560 2534//2534
f 2547//2547 2545//2545 2577//2577
f 2578//2578 2546//2546 2548//2548
f 2543//2543 2573//2573 2559//2559
f 2560//2560 2574//2574 2544//2544
f 2561//2561 2547//2547 2579//2579
f 2580//2580 2548//2548 2562//2562
f 2561//2561 2563//2563 2535//2535
f 2536//2536 2564//2564 2562//2562
f 2563//2563 2581//2581 2537//2537
f 2538//2538 2582//2582 2564//2564
f 2565//2565 2537//2537 2583//2583
f 2584//2584 2538//2538 2566//2566
f 2569//2569 2529//2529 2565//2565
f 2566//2566 2530//2530 2570//2570
f 2541//2541 2567//2567 2571//2571
f 2572//2572 2568//2568 2542//2542
f 2539//2539 2585//2585 2567//2567
f 2568//2568 2586//2586 2540//2540
f 2587//2587 2539//2539 2569//2569
f 2570//2570 2540//2540 2588//2588
f 2571//2571 2589//2589 2553//2553
f 2554//2554 2590//2590 2572//2572
f 2553//2553 2591//2591 2555//2555
f 2556//2556 2592//2592 2554//2554
f 2555//2555 2593//2593 2573//2573
f 2574//2574 2594//2594 2556//2556
f 2595//2595 2575//2575 2557//2557
f 2558//2558 2576//2576 2596//2596
f 2575//2575 2577//2577 2545//2545
f 2546//2546 2578//2578 2576//2576
f 2597//2597 2557//2557 2559//2559
f 2560//2560 2558//2558 2598//2598
f 2577//2577 2579//2579 2547//2547
f 2548//2548 2580//2580 2578//2578
f 2599//2599 2559//2559 2573//2573
f 2574//2574 2560//2560 2600//2600
f 2579//2579 2601//2601 2561//2561
f 2562//2562 2602//2602 2580//2580
f 2563//2563 2561//2561 2603//2603
f 2604//2604 2562//2562 2564//2564
f 2581//2581 2563//2563 2583//2583
f 2584//2584 2564//2564 2582//2582
f 2583//2583 2537//2537 2581//2581
f 2582//2582 2538//2538 2584//2584
f 2583//2583 2605//2605 2565//2565
f 2566//2566 2606//2606 2584//2584
f 2565//2565 2607//2607 2569//2569
f 2570//2570 2608//2608 2566//2566
f 2609//2609 2571//2571 2567//2567
f 2568//2568 2572//2572 2610//2610
f 2585//2585 2539//2539 2587//2587
f 2588//2588 2540//2540 2586//2586
f 2587//2587 2567//2567 2585//2585
f 2586//2586 2568//2568 2588//2588
f 2569//2569 2611//2611 2587//2587
f 2588//2588 2612//2612 2570//2570
f 2589//2589 2571//2571 2613//2613
f 2614//2614 2572//2572 2590//2590
f 2591//2591 2553//2553 2589//2589
f 2590//2590 2554//2554 2592//2592
f 2593//2593 2555//2555 2591//2591
f 2592//2592 2556//2556 2594//2594
f 2615//2615 2573//2573 2593//2593
f 2594//2594 2574//2574 2616//2616
f 2575//2575 2595//2595 2617//2617
f 2618//2618 2596//2596 2576//2576
f 2557//2557 2597//2597 2595//2595
f 2596//2596 2598//2598 2558//2558
f 2577//2577 2575//2575 2619//2619
f 2620//2620 2576//2576 2578//2578
f 2559//2559 2599//2599 2597//2597
f 2598//2598 2600//2600 2560//2560
f 2579//2579 2577//2577 2621//2621
f 2622//2622 2578//2578 2580//2580
f 2573//2573 2615//2615 2599//2599
f 2600//2600 2616//2616 2574//2574
f 2601//2601 2579//2579 2623//2623
f 2624//2624 2580//2580 2602//2602
f 2601//2601 2603//2603 2561//2561
f 2562//2562 2604//2604 2602//2602
f 2603//2603 2625//2625 2563//2563
f 2564//2564 2626//2626 2604//2604
f 2583//2583 2563//2563 2627//2627
f 2628//2628 2564//2564 2584//2584
f 2605//2605 2583//2583 2629//2629
f 2630//2630 2584//2584 2606//2606
f 2607//2607 2565//2565 2605//2605
f 2606//2606 2566//2566 2608//2608
f 2611//2611 2569//2569 2607//2607
f 2608//2608 2570//2570 2612//2612
f 2571//2571 2609//2609 2613//2613
f 2614//2614 2610//2610 2572//2572
f 2567//2567 2631//2631 2609//2609
f 2610//2610 2632//2632 2568//2568
f 2633//2633 2567//2567 2587//2587
f 2588//2588 2568//2568 2634//2634
f 2635//2635 2587//2587 2611//2611
f 2612//2612 2588//2588 2636//2636
f 2613//2613 2637//2637 2589//2589
f 2590//2590 2638//2638 2614//2614
f 2589//2589 2639//2639 2591//2591
f 2592//2592 2640//2640 2590//2590
f 2591//2591 2641//2641 2593//2593
f 2594//2594 2642//2642 2592//2592
f 2593//2593 2643//2643 2615//2615
f 2616//2616 2644//2644 2594//2594
f 2595//2595 2645//2645 2617//2617
f 2618//2618 2646//2646 2596//2596
f 2617//2617 2619//2619 2575//2575
f 2576//2576 2620//2620 2618//2618
f 2647//2647 2595//2595 2597//2597
f 2598//2598 2596//2596 2648//2648
f 2619//2619 2621//2621 2577//2577
f 2578//2578 2622//2622 2620//2620
f 2649//2649 2597//2597 2599//2599
f 2600//2600 2598//2598 2650//2650
f 2621//2621 2623//2623 2579//2579
f 2580//2580 2624//2624 2622//2622
f 2651//2651 2599//2599 2615//2615
f 2616//2616 2600//2600 2652//2652
f 2623//2623 2653//2653 2601//2601
f 2602//2602 2654//2654 2624//2624
f 2603//2603 2601//2601 2655//2655
f 2656//2656 2602//2602 2604//2604
f 2625//2625 2603//2603 2627//2627
f 2628//2628 2604//2604 2626//2626
f 2627//2627 2563//2563 2625//2625
f 2626//2626 2564//2564 2628//2628
f 2627//2627 2629//2629 2583//2583
f 2584//2584 2630//2630 2628//2628
f 2629//2629 2657//2657 2605//2605
f 2606//2606 2658//2658 2630//2630
f 2605//2605 2659//2659 2607//2607
f 2608//2608 2660//2660 2606//2606
f 2607//2607 2661//2661 2611//2611
f 2612//2612 2662//2662 2608//2608
f 2663//2663 2613//2613 2609//2609
f 2610//2610 2614//2614 2664//2664
f 2631//2631 2567//2567 2633//2633
f 2634//2634 2568//2568 2632//2632
f 2633//2633 2609//2609 2631//2631
f 2632//2632 2610//2610 2634//2634
f 2587//2587 2635//2635 2633//2633
f 2634//2634 2636//2636 2588//2588
f 2611//2611 2665//2665 2635//2635
f 2636//2636 2666//2666 2612//2612
f 2637//2637 2613//2613 2667//2667
f 2668//2668 2614//2614 2638//2638
f 2639//2639 2589//2589 2637//2637
f 2638//2638 2590//2590 2640//2640
f 2641//2641 2591//2591 2639//2639
f 2640//2640 2592//2592 2642//2642
f 2643//2643 2593//2593 2641//2641
f 2642//2642 2594//2594 2644//2644
f 2643//2643 2651//2651 2615//2615
f 2616//2616 2652//2652 2644//2644
f 2645//2645 2595//2595 2669//2669
f 2670//2670 2596//2596 2646//2646
f 2645//2645 2671//2671 2617//2617
f 2618//2618 2672//2672 2646//2646
f 2619//2619 2617//2617 2671//2671
f 2672//2672 2618//2618 2620//2620
f 2595//2595 2647//2647 2669//2669
f 2670//2670 2648//2648 2596//2596
f 2597//2597 2649//2649 2647//2647
f 2648//2648 2650//2650 2598//2598
f 2621//2621 2619//2619 2673//2673
f 2674//2674 2620//2620 2622//2622
f 2599//2599 2651//2651 2649//2649
f 2650//2650 2652//2652 2600//2600
f 2623//2623 2621//2621 2675//2675
f 2676//2676 2622//2622 2624//2624
f 2653//2653 2623//2623 2677//2677
f 2678//2678 2624//2624 2654//2654
f 2653//2653 2655//2655 2601//2601
f 2602//2602 2656//2656 2654//2654
f 2655//2655 2679//2679 2603//2603
f 2604//2604 2680//2680 2656//2656
f 2627//2627 2603//2603 2681//2681
f 2682//2682 2604//2604 2628//2628
f 2629//2629 2627//2627 2683//2683
f 2684//2684 2628//2628 2630//2630
f 2657//2657 2629//2629 2685//2685
f 2686//2686 2630//2630 2658//2658
f 2659//2659 2605//2605 2657//2657
f 2658//2658 2606//2606 2660//2660
f 2661//2661 2607//2607 2659//2659
f 2660//2660 2608//2608 2662//2662
f 2665//2665 2611//2611 2661//2661
f 2662//2662 2612//2612 2666//2666
f 2613//2613 2663//2663 2667//2667
f 2668//2668 2664//2664 2614//2614
f 2609//2609 2687//2687 2663//2663
f 2664//2664 2688//2688 2610//2610
f 2689//2689 2609//2609 2633//2633
f 2634//2634 2610//2610 2690//2690
f 2691//2691 2633//2633 2635//2635
f 2636//2636 2634//2634 2692//2692
f 2693//2693 2635//2635 2665//2665
f 2666//2666 2636//2636 2694//2694
f 2667//2667 2695//2695 2637//2637
f 2638//2638 2696//2696 2668//2668
f 2637//2637 2697//2697 2639//2639
f 2640//2640 2698//2698 2638//2638
f 2639//2639 2699//2699 2641//2641
f 2642//2642 2700//2700 2640//2640
f 2641//2641 2701//2701 2643//2643
f 2644//2644 2702//2702 2642//2642
f 2651//2651 2643//2643 2703//2703
f 2704//2704 2644//2644 2652//2652
f 2669//2669 2705//2705 2645//2645
f 2646//2646 2706//2706 2670//2670
f 2671//2671 2645//2645 2707//2707
f 2708//2708 2646//2646 2672//2672
f 2671//2671 2673//2673 2619//2619
f 2620//2620 2674//2674 2672//2672
f 2647//2647 2709//2709 2669//2669
f 2670//2670 2710//2710 2648//2648
f 2649//2649 2711//2711 2647//2647
f 2648//2648 2712//2712 2650//2650
f 2673//2673 2675//2675 2621//2621
f 2622//2622 2676//2676 2674//2674
f 2651//2651 2713//2713 2649//2649
f 2650//2650 2714//2714 2652//2652
f 2675//2675 2677//2677 2623//2623
f 2624//2624 2678//2678 2676//2676
f 2715//2715 2716//2716 2717//2717
f 2718//2718 2719//2719 2720//2720
f 2655//2655 2653//2653 2721//2721
f 2722//2722 2654//2654 2656//2656
f 2679//2679 2655//2655 2681//2681
f 2682//2682 2656//2656 2680//2680
f 2681//2681 2603//2603 2679//2679
f 2680//2680 2604//2604 2682//2682
f 2681//2681 2683//2683 2627//2627
f 2628//2628 2684//2684 2682//2682
f 2683//2683 2685//2685 2629//2629
f 2630//2630 2686//2686 2684//2684
f 2685//2685 2723//2723 2657//2657
f 2658//2658 2724//2724 2686//2686
f 2657//2657 2725//2725 2659//2659
f 2660//2660 2726//2726 2658//2658
f 2659//2659 2727//2727 2661//2661
f 2662//2662 2728//2728 2660//2660
f 2661//2661 2729//2729 2665//2665
f 2666//2666 2730//2730 2662//2662
f 2731//2731 2667//2667 2663//2663
f 2664//2664 2668//2668 2732//2732
f 2687//2687 2609//2609 2689//2689
f 2690//2690 2610//2610 2688//2688
f 2689//2689 2663//2663 2687//2687
f 2688//2688 2664//2664 2690//2690
f 2633//2633 2691//2691 2689//2689
f 2690//2690 2692//2692 2634//2634
f 2635//2635 2693//2693 2691//2691
f 2692//2692 2694//2694 2636//2636
f 2665//2665 2733//2733 2693//2693
f 2694//2694 2734//2734 2666//2666
f 2695//2695 2667//2667 2735//2735
f 2736//2736 2668//2668 2696//2696
f 2697//2697 2637//2637 2695//2695
f 2696//2696 2638//2638 2698//2698
f 2699//2699 2639//2639 2697//2697
f 2698//2698 2640//2640 2700//2700
f 2701//2701 2641//2641 2699//2699
f 2700//2700 2642//2642 2702//2702
f 2737//2737 2643//2643 2701//2701
f 2702//2702 2644//2644 2738//2738
f 2643//2643 2737//2737 2703//2703
f 2704//2704 2738//2738 2644//2644
f 2703//2703 2739//2739 2651//2651
f 2652//2652 2740//2740 2704//2704
f 2705//2705 2669//2669 2709//2709
f 2710//2710 2670//2670 2706//2706
f 2741//2741 2645//2645 2705//2705
f 2706//2706 2646//2646 2742//2742
f 2645//2645 2741//2741 2707//2707
f 2708//2708 2742//2742 2646//2646
f 2707//2707 2743//2743 2671//2671
f 2672//2672 2744//2744 2708//2708
f 2673//2673 2671//2671 2743//2743
f 2744//2744 2672//2672 2674//2674
f 2709//2709 2647//2647 2711//2711
f 2712//2712 2648//2648 2710//2710
f 2711//2711 2649//2649 2713//2713
f 2714//2714 2650//2650 2712//2712
f 2675//2675 2673//2673 2745//2745
f 2746//2746 2674//2674 2676//2676
f 2713//2713 2651//2651 2739//2739
f 2740//2740 2652//2652 2714//2714
f 2677//2677 2675//2675 2747//2747
f 2748//2748 2676//2676 2678//2678
f 2749//2749 2716//2716 2715//2715
f 2720//2720 2719//2719 2750//2750
f 2715//2715 2717//2717 2751//2751
f 2752//2752 2718//2718 2720//2720
f 2749//2749 2753//2753 2716//2716
f 2719//2719 2754//2754 2750//2750
f 2721//2721 2755//2755 2655//2655
f 2656//2656 2756//2756 2722//2722
f 2681//2681 2655//2655 2757//2757
f 2758//2758 2656//2656 2682//2682
f 2683//2683 2681//2681 2759//2759
f 2760//2760 2682//2682 2684//2684
f 2685//2685 2683//2683 2761//2761
f 2762//2762 2684//2684 2686//2686
f 2723//2723 2685//2685 2763//2763
f 2764//2764 2686//2686 2724//2724
f 2725//2725 2657//2657 2723//2723
f 2724//2724 2658//2658 2726//2726
f 2727//2727 2659//2659 2725//2725
f 2726//2726 2660//2660 2728//2728
f 2729//2729 2661//2661 2727//2727
f 2728//2728 2662//2662 2730//2730
f 2733//2733 2665//2665 2729//2729
f 2730//2730 2666//2666 2734//2734
f 2667//2667 2731//2731 2735//2735
f 2736//2736 2732//2732 2668//2668
f 2663//2663 2765//2765 2731//2731
f 2732//2732 2766//2766 2664//2664
f 2767//2767 2663//2663 2689//2689
f 2690//2690 2664//2664 2768//2768
f 2769//2769 2689//2689 2691//2691
f 2692//2692 2690//2690 2770//2770
f 2771//2771 2691//2691 2693//2693
f 2694//2694 2692//2692 2772//2772
f 2773//2773 2693//2693 2733//2733
f 2734//2734 2694//2694 2774//2774
f 2735//2735 2775//2775 2695//2695
f 2696//2696 2776//2776 2736//2736
f 2695//2695 2777//2777 2697//2697
f 2698//2698 2778//2778 2696//2696
f 2697//2697 2779//2779 2699//2699
f 2700//2700 2780//2780 2698//2698
f 2699//2699 2781//2781 2701//2701
f 2702//2702 2782//2782 2700//2700
f 2701//2701 2783//2783 2737//2737
f 2738//2738 2784//2784 2702//2702
f 2737//2737 2785//2785 2703//2703
f 2704//2704 2786//2786 2738//2738
f 2739//2739 2703//2703 2785//2785
f 2786//2786 2704//2704 2740//2740
f 2709//2709 2787//2787 2705//2705
f 2706//2706 2788//2788 2710//2710
f 2705//2705 2789//2789 2741//2741
f 2742//2742 2790//2790 2706//2706
f 2791//2791 2707//2707 2741//2741
f 2742//2742 2708//2708 2792//2792
f 2743//2743 2707//2707 2793//2793
f 2794//2794 2708//2708 2744//2744
f 2743//2743 2745//2745 2673//2673
f 2674//2674 2746//2746 2744//2744
f 2711//2711 2795//2795 2709//2709
f 2710//2710 2796//2796 2712//2712
f 2713//2713 2797//2797 2711//2711
f 2712//2712 2798//2798 2714//2714
f 2745//2745 2747//2747 2675//2675
f 2676//2676 2748//2748 2746//2746
f 2739//2739 2799//2799 2713//2713
f 2714//2714 2800//2800 2740//2740
f 2751//2751 2717//2717 2801//2801
f 2802//2802 2718//2718 2752//2752
f 2803//2803 2804//2804 2805//2805
f 2806//2806 2807//2807 2808//2808
f 2809//2809 2805//2805 2810//2810
f 2811//2811 2806//2806 2812//2812
f 2813//2813 2753//2753 2749//2749
f 2750//2750 2754//2754 2814//2814
f 2755//2755 2721//2721 2757//2757
f 2758//2758 2722//2722 2756//2756
f 2757//2757 2655//2655 2755//2755
f 2756//2756 2656//2656 2758//2758
f 2757//2757 2759//2759 2681//2681
f 2682//2682 2760//2760 2758//2758
f 2759//2759 2761//2761 2683//2683
f 2684//2684 2762//2762 2760//2760
f 2761//2761 2763//2763 2685//2685
f 2686//2686 2764//2764 2762//2762
f 2763//2763 2815//2815 2723//2723
f 2724//2724 2816//2816 2764//2764
f 2723//2723 2817//2817 2725//2725
f 2726//2726 2818//2818 2724//2724
f 2725//2725 2819//2819 2727//2727
f 2728//2728 2820//2820 2726//2726
f 2727//2727 2821//2821 2729//2729
f 2730//2730 2822//2822 2728//2728
f 2729//2729 2823//2823 2733//2733
f 2734//2734 2824//2824 2730//2730
f 2825//2825 2735//2735 2731//2731
f 2732//2732 2736//2736 2826//2826
f 2765//2765 2663//2663 2767//2767
f 2768//2768 2664//2664 2766//2766
f 2767//2767 2731//2731 2765//2765
f 2766//2766 2732//2732 2768//2768
f 2689//2689 2769//2769 2767//2767
f 2768//2768 2770//2770 2690//2690
f 2691//2691 2771//2771 2769//2769
f 2770//2770 2772//2772 2692//2692
f 2693//2693 2773//2773 2771//2771
f 2772//2772 2774//2774 2694//2694
f 2733//2733 2827//2827 2773//2773
f 2774//2774 2828//2828 2734//2734
f 2775//2775 2735//2735 2829//2829
f 2830//2830 2736//2736 2776//2776
f 2777//2777 2695//2695 2775//2775
f 2776//2776 2696//2696 2778//2778
f 2779//2779 2697//2697 2777//2777
f 2778//2778 2698//2698 2780//2780
f 2781//2781 2699//2699 2779//2779
f 2780//2780 2700//2700 2782//2782
f 2783//2783 2701//2701 2781//2781
f 2782//2782 2702//2702 2784//2784
f 2783//2783 2831//2831 2737//2737
f 2738//2738 2832//2832 2784//2784
f 2785//2785 2737//2737 2831//2831
f 2832//2832 2738//2738 2786//2786
f 2785//2785 2833//2833 2739//2739
f 2740//2740 2834//2834 2786//2786
f 2787//2787 2709//2709 2795//2795
f 2796//2796 2710//2710 2788//2788
f 2789//2789 2705//2705 2787//2787
f 2788//2788 2706//2706 2790//2790
f 2835//2835 2741//2741 2789//2789
f 2790//2790 2742//2742 2836//2836
f 2707//2707 2791//2791 2793//2793
f 2794//2794 2792//2792 2708//2708
f 2741//2741 2835//2835 2791//2791
f 2792//2792 2836//2836 2742//2742
f 2793//2793 2837//2837 2743//2743
f 2744//2744 2838//2838 2794//2794
f 2745//2745 2743//2743 2837//2837
f 2838//2838 2744//2744 2746//2746
f 2795//2795 2711//2711 2797//2797
f 2798//2798 2712//2712 2796//2796
f 2797//2797 2713//2713 2799//2799
f 2800//2800 2714//2714 2798//2798
f 2747//2747 2745//2745 2839//2839
f 2840//2840 2746//2746 2748//2748
f 2799//2799 2739//2739 2833//2833
f 2834//2834 2740//2740 2800//2800
f 2751//2751 2801//2801 2841//2841
f 2842//2842 2802//2802 2752//2752
f 2803//2803 2843//2843 2804//2804
f 2807//2807 2844//2844 2808//2808
f 2803//2803 2805//2805 2845//2845
f 2846//2846 2806//2806 2808//2808
f 2809//2809 2845//2845 2805//2805
f 2806//2806 2846//2846 2812//2812
f 2809//2809 2810//2810 2847//2847
f 2848//2848 2811//2811 2812//2812
f 2813//2813 2849//2849 2753//2753
f 2754//2754 2850//2850 2814//2814
f 2843//2843 2851//2851 2804//2804
f 2807//2807 2852//2852 2844//2844
f 2757//2757 2721//2721 2853//2853
f 2854//2854 2722//2722 2758//2758
f 2759//2759 2757//2757 2855//2855
f 2856//2856 2758//2758 2760//2760
f 2761//2761 2759//2759 2857//2857
f 2858//2858 2760//2760 2762//2762
f 2763//2763 2761//2761 2859//2859
f 2860//2860 2762//2762 2764//2764
f 2815//2815 2763//2763 2861//2861
f 2862//2862 2764//2764 2816//2816
f 2817//2817 2723//2723 2815//2815
f 2816//2816 2724//2724 2818//2818
f 2819//2819 2725//2725 2817//2817
f 2818//2818 2726//2726 2820//2820
f 2821//2821 2727//2727 2819//2819
f 2820//2820 2728//2728 2822//2822
f 2823//2823 2729//2729 2821//2821
f 2822//2822 2730//2730 2824//2824
f 2827//2827 2733//2733 2823//2823
f 2824//2824 2734//2734 2828//2828
f 2735//2735 2825//2825 2829//2829
f 2830//2830 2826//2826 2736//2736
f 2731//2731 2863//2863 2825//2825
f 2826//2826 2864//2864 2732//2732
f 2865//2865 2731//2731 2767//2767
f 2768//2768 2732//2732 2866//2866
f 2867//2867 2767//2767 2769//2769
f 2770//2770 2768//2768 2868//2868
f 2869//2869 2769//2769 2771//2771
f 2772//2772 2770//2770 2870//2870
f 2871//2871 2771//2771 2773//2773
f 2774//2774 2772//2772 2872//2872
f 2873//2873 2773//2773 2827//2827
f 2828//2828 2774//2774 2874//2874
f 2829//2829 2875//2875 2775//2775
f 2776//2776 2876//2876 2830//2830
f 2775//2775 2877//2877 2777//2777
f 2778//2778 2878//2878 2776//2776
f 2777//2777 2879//2879 2779//2779
f 2780//2780 2880//2880 2778//2778
f 2779//2779 2881//2881 2781//2781
f 2782//2782 2882//2882 2780//2780
f 2781//2781 2883//2883 2783//2783
f 2784//2784 2884//2884 2782//2782
f 2831//2831 2783//2783 2885//2885
f 2886//2886 2784//2784 2832//2832
f 2831//2831 2887//2887 2785//2785
f 2786//2786 2888//2888 2832//2832
f 2833//2833 2785//2785 2887//2887
f 2888//2888 2786//2786 2834//2834
f 2795//2795 2889//2889 2787//2787
f 2788//2788 2890//2890 2796//2796
f 2787//2787 2891//2891 2789//2789
f 2790//2790 2892//2892 2788//2788
f 2789//2789 2893//2893 2835//2835
f 2836//2836 2894//2894 2790//2790
f 2895//2895 2793//2793 2791//2791
f 2792//2792 2794//2794 2896//2896
f 2897//2897 2791//2791 2835//2835
f 2836//2836 2792//2792 2898//2898
f 2837//2837 2793//2793 2899//2899
f 2900//2900 2794//2794 2838//2838
f 2837//2837 2839//2839 2745//2745
f 2746//2746 2840//2840 2838//2838
f 2797//2797 2901//2901 2795//2795
f 2796//2796 2902//2902 2798//2798
f 2799//2799 2903//2903 2797//2797
f 2798//2798 2904//2904 2800//2800
f 2841//2841 2801//2801 2905//2905
f 2906//2906 2802//2802 2842//2842
f 2833//2833 2907//2907 2799//2799
f 2800//2800 2908//2908 2834//2834
f 2909//2909 2810//2810 2910//2910
f 2911//2911 2811//2811 2912//2912
f 2843//2843 2803//2803 2913//2913
f 2914//2914 2808//2808 2844//2844
f 2845//2845 2809//2809 2803//2803
f 2808//2808 2812//2812 2846//2846
f 2909//2909 2847//2847 2810//2810
f 2811//2811 2848//2848 2912//2912
f 2847//2847 2909//2909 2809//2809
f 2812//2812 2912//2912 2848//2848
f 2915//2915 2849//2849 2813//2813
f 2814//2814 2850//2850 2916//2916
f 2853//2853 2721//2721 2917//2917
f 2918//2918 2722//2722 2854//2854
f 2843//2843 2919//2919 2851//2851
f 2852//2852 2920//2920 2844//2844
f 2853//2853 2855//2855 2757//2757
f 2758//2758 2856//2856 2854//2854
f 2855//2855 2857//2857 2759//2759
f 2760//2760 2858//2858 2856//2856
f 2857//2857 2859//2859 2761//2761
f 2762//2762 2860//2860 2858//2858
f 2859//2859 2861//2861 2763//2763
f 2764//2764 2862//2862 2860//2860
f 2861//2861 2921//2921 2815//2815
f 2816//2816 2922//2922 2862//2862
f 2815//2815 2923//2923 2817//2817
f 2818//2818 2924//2924 2816//2816
f 2817//2817 2925//2925 2819//2819
f 2820//2820 2926//2926 2818//2818
f 2819//2819 2927//2927 2821//2821
f 2822//2822 2928//2928 2820//2820
f 2821//2821 2929//2929 2823//2823
f 2824//2824 2930//2930 2822//2822
f 2823//2823 2931//2931 2827//2827
f 2828//2828 2932//2932 2824//2824
f 2933//2933 2829//2829 2825//2825
f 2826//2826 2830//2830 2934//2934
f 2863//2863 2731//2731 2865//2865
f 2866//2866 2732//2732 2864//2864
f 2865//2865 2825//2825 2863//2863
f 2864//2864 2826//2826 2866//2866
f 2767//2767 2867//2867 2865//2865
f 2866//2866 2868//2868 2768//2768
f 2769//2769 2869//2869 2867//2867
f 2868//2868 2870//2870 2770//2770
f 2771//2771 2871//2871 2869//2869
f 2870//2870 2872//2872 2772//2772
f 2773//2773 2873//2873 2871//2871
f 2872//2872 2874//2874 2774//2774
f 2827//2827 2935//2935 2873//2873
f 2874//2874 2936//2936 2828//2828
f 2875//2875 2829//2829 2937//2937
f 2938//2938 2830//2830 2876//2876
f 2877//2877 2775//2775 2875//2875
f 2876//2876 2776//2776 2878//2878
f 2879//2879 2777//2777 2877//2877
f 2878//2878 2778//2778 2880//2880
f 2881//2881 2779//2779 2879//2879
f 2880//2880 2780//2780 2882//2882
f 2883//2883 2781//2781 2881//2881
f 2882//2882 2782//2782 2884//2884
f 2883//2883 2885//2885 2783//2783
f 2784//2784 2886//2886 2884//2884
f 2885//2885 2939//2939 2831//2831
f 2832//2832 2940//2940 2886//2886
f 2887//2887 2831//2831 2939//2939
f 2940//2940 2832//2832 2888//2888
f 2887//2887 2941//2941 2833//2833
f 2834//2834 2942//2942 2888//2888
f 2889//2889 2795//2795 2901//2901
f 2902//2902 2796//2796 2890//2890
f 2891//2891 2787//2787 2889//2889
f 2890//2890 2788//2788 2892//2892
f 2893//2893 2789//2789 2891//2891
f 2892//2892 2790//2790 2894//2894
f 2943//2943 2835//2835 2893//2893
f 2894//2894 2836//2836 2944//2944
f 2793//2793 2895//2895 2899//2899
f 2900//2900 2896//2896 2794//2794
f 2791//2791 2897//2897 2895//2895
f 2896//2896 2898//2898 2792//2792
f 2835//2835 2943//2943 2897//2897
f 2898//2898 2944//2944 2836//2836
f 2899//2899 2945//2945 2837//2837
f 2838//2838 2946//2946 2900//2900
f 2839//2839 2837//2837 2945//2945
f 2946//2946 2838//2838 2840//2840
f 2901//2901 2797//2797 2903//2903
f 2904//2904 2798//2798 2902//2902
f 2903//2903 2799//2799 2907//2907
f 2908//2908 2800//2800 2904//2904
f 2841//2841 2905//2905 2947//2947
f 2948//2948 2906//2906 2842//2842
f 2907//2907 2833//2833 2941//2941
f 2942//2942 2834//2834 2908//2908
f 2909//2909 2910//2910 2949//2949
f 2950//2950 2911//2911 2912//2912
f 2951//2951 2913//2913 2803//2803
f 2808//2808 2914//2914 2952//2952
f 2913//2913 2919//2919 2843//2843
f 2844//2844 2920//2920 2914//2914
f 2953//2953 2803//2803 2809//2809
f 2812//2812 2808//2808 2954//2954
f 2955//2955 2809//2809 2909//2909
f 2912//2912 2812//2812 2956//2956
f 2915//2915 2957//2957 2849//2849
f 2850//2850 2958//2958 2916//2916
f 2851//2851 2959//2959 2960//2960
f 2961//2961 2962//2962 2852//2852
f 2919//2919 2959//2959 2851//2851
f 2852//2852 2962//2962 2920//2920
f 2855//2855 2853//2853 2963//2963
f 2964//2964 2854//2854 2856//2856
f 2857//2857 2855//2855 2965//2965
f 2966//2966 2856//2856 2858//2858
f 2859//2859 2857//2857 2967//2967
f 2968//2968 2858//2858 2860//2860
f 2861//2861 2859//2859 2969//2969
f 2970//2970 2860//2860 2862//2862
f 2921//2921 2861//2861 2971//2971
f 2972//2972 2862//2862 2922//2922
f 2923//2923 2815//2815 2921//2921
f 2922//2922 2816//2816 2924//2924
f 2925//2925 2817//2817 2923//2923
f 2924//2924 2818//2818 2926//2926
f 2927//2927 2819//2819 2925//2925
f 2926//2926 2820//2820 2928//2928
f 2929//2929 2821//2821 2927//2927
f 2928//2928 2822//2822 2930//2930
f 2931//2931 2823//2823 2929//2929
f 2930//2930 2824//2824 2932//2932
f 2935//2935 2827//2827 2931//2931
f 2932//2932 2828//2828 2936//2936
f 2829//2829 2933//2933 2937//2937
f 2938//2938 2934//2934 2830//2830
f 2825//2825 2973//2973 2933//2933
f 2934//2934 2974//2974 2826//2826
f 2975//2975 2825//2825 2865//2865
f 2866//2866 2826//2826 2976//2976
f 2977//2977 2865//2865 2867//2867
f 2868//2868 2866//2866 2978//2978
f 2979//2979 2867//2867 2869//2869
f 2870//2870 2868//2868 2980//2980
f 2981//2981 2869//2869 2871//2871
f 2872//2872 2870//2870 2982//2982
f 2983//2983 2871//2871 2873//2873
f 2874//2874 2872//2872 2984//2984
f 2985//2985 2873//2873 2935//2935
f 2936//2936 2874//2874 2986//2986
f 2937//2937 2987//2987 2875//2875
f 2876//2876 2988//2988 2938//2938
f 2875//2875 2989//2989 2877//2877
f 2878//2878 2990//2990 2876//2876
f 2877//2877 2991//2991 2879//2879
f 2880//2880 2992//2992 2878//2878
f 2879//2879 2993//2993 2881//2881
f 2882//2882 2994//2994 2880//2880
f 2881//2881 2995//2995 2883//2883
f 2884//2884 2996//2996 2882//2882
f 2885//2885 2883//2883 2997//2997
f 2998//2998 2884//2884 2886//2886
f 2939//2939 2885//2885 2999//2999
f 3000//3000 2886//2886 2940//2940
f 2939//2939 3001//3001 2887//2887
f 2888//2888 3002//3002 2940//2940
f 2941//2941 2887//2887 3001//3001
f 3002//3002 2888//2888 2942//2942
f 2901//2901 3003//3003 2889//2889
f 2890//2890 3004//3004 2902//2902
f 2889//2889 3005//3005 2891//2891
f 2892//2892 3006//3006 2890//2890
f 2891//2891 3007//3007 2893//2893
f 2894//2894 3008//3008 2892//2892
f 2893//2893 3009//3009 2943//2943
f 2944//2944 3010//3010 2894//2894
f 3011//3011 2899//2899 2895//2895
f 2896//2896 2900//2900 3012//3012
f 3013//3013 2895//2895 2897//2897
f 2898//2898 2896//2896 3014//3014
f 3015//3015 2897//2897 2943//2943
f 2944//2944 2898//2898 3016//3016
f 2945//2945 2899//2899 3017//3017
f 3018//3018 2900//2900 2946//2946
f 3019//3019 2905//2905 3020//3020
f 3021//3021 2906//2906 3022//3022
f 2903//2903 3023//3023 2901//2901
f 2902//2902 3024//3024 2904//2904
f 2907//2907 3025//3025 2903//2903
f 2904//2904 3026//3026 2908//2908
f 3019//3019 2947//2947 2905//2905
f 2906//2906 2948//2948 3022//3022
f 3027//3027 2910//2910 3028//3028
f 3029//3029 2911//2911 3030//3030
f 2941//2941 3031//3031 2907//2907
f 2908//2908 3032//3032 2942//2942
f 3027//3027 2949//2949 2910//2910
f 2911//2911 2950//2950 3030//3030
f 2949//2949 3027//3027 2909//2909
f 2912//2912 3030//3030 2950//2950
f 2913//2913 2951//2951 3033//3033
f 3034//3034 2952//2952 2914//2914
f 2803//2803 2953//2953 2951//2951
f 2952//2952 2954//2954 2808//2808
f 2919//2919 2913//2913 3035//3035
f 3036//3036 2914//2914 2920//2920
f 2809//2809 2955//2955 2953//2953
f 2954//2954 2956//2956 2812//2812
f 2909//2909 3037//3037 2955//2955
f 2956//2956 3038//3038 2912//2912
f 3039//3039 2957//2957 2915//2915
f 2916//2916 2958//2958 3040//3040
f 2919//2919 3041//3041 2959//2959
f 2962//2962 3042//3042 2920//2920
f 3039//3039 3043//3043 2957//2957
f 2958//2958 3044//3044 3040//3040
f 2963//2963 2965//2965 2855//2855
f 2856//2856 2966//2966 2964//2964
f 2965//2965 2967//2967 2857//2857
f 2858//2858 2968//2968 2966//2966
f 2967//2967 2969//2969 2859//2859
f 2860//2860 2970//2970 2968//2968
f 2969//2969 2971//2971 2861//2861
f 2862//2862 2972//2972 2970//2970
f 2971//2971 3045//3045 2921//2921
f 2922//2922 3046//3046 2972//2972
f 2921//2921 3047//3047 2923//2923
f 2924//2924 3048//3048 2922//2922
f 2923//2923 3049//3049 2925//2925
f 2926//2926 3050//3050 2924//2924
f 2925//2925 3051//3051 2927//2927
f 2928//2928 3052//3052 2926//2926
f 2927//2927 3053//3053 2929//2929
f 2930//2930 3054//3054 2928//2928
f 2929//2929 3055//3055 2931//2931
f 2932//2932 3056//3056 2930//2930
f 2931//2931 3057//3057 2935//2935
f 2936//2936 3058//3058 2932//2932
f 3059//3059 2937//2937 2933//2933
f 2934//2934 2938//2938 3060//3060
f 2973//2973 2825//2825 2975//2975
f 2976//2976 2826//2826 2974//2974
f 2975//2975 2933//2933 2973//2973
f 2974//2974 2934//2934 2976//2976
f 2865//2865 2977//2977 2975//2975
f 2976//2976 2978//2978 2866//2866
f 2867//2867 2979//2979 2977//2977
f 2978//2978 2980//2980 2868//2868
f 2869//2869 2981//2981 2979//2979
f 2980//2980 2982//2982 2870//2870
f 2871//2871 2983//2983 2981//2981
f 2982//2982 2984//2984 2872//2872
f 2873//2873 2985//2985 2983//2983
f 2984//2984 2986//2986 2874//2874
f 2935//2935 3061//3061 2985//2985
f 2986//2986 3062//3062 2936//2936
f 2987//2987 2937//2937 3063//3063
f 3064//3064 2938//2938 2988//2988
f 2989//2989 2875//2875 2987//2987
f 2988//2988 2876//2876 2990//2990
f 2991//2991 2877//2877 2989//2989
f 2990//2990 2878//2878 2992//2992
f 2993//2993 2879//2879 2991//2991
f 2992//2992 2880//2880 2994//2994
f 2995//2995 2881//2881 2993//2993
f 2994//2994 2882//2882 2996//2996
f 2995//2995 2997//2997 2883//2883
f 2884//2884 2998//2998 2996//2996
f 2997//2997 2999//2999 2885//2885
f 2886//2886 3000//3000 2998//2998
f 2999//2999 3065//3065 2939//2939
f 2940//2940 3066//3066 3000//3000
f 3001//3001 2939//2939 3065//3065
f 3066//3066 2940//2940 3002//3002
f 3001//3001 3067//3067 2941//2941
f 2942//2942 3068//3068 3002//3002
f 3003//3003 2901//2901 3023//3023
f 3024//3024 2902//2902 3004//3004
f 3005//3005 2889//2889 3003//3003
f 3004//3004 2890//2890 3006//3006
f 3007//3007 2891//2891 3005//3005
f 3006//3006 2892//2892 3008//3008
f 3009//3009 2893//2893 3007//3007
f 3008//3008 2894//2894 3010//3010
f 3069//3069 2943//2943 3009//3009
f 3010//3010 2944//2944 3070//3070
f 2899//2899 3011//3011 3017//3017
f 3018//3018 3012//3012 2900//2900
f 2895//2895 3013//3013 3011//3011
f 3012//3012 3014//3014 2896//2896
f 2897//2897 3015//3015 3013//3013
f 3014//3014 3016//3016 2898//2898
f 2943//2943 3069//3069 3015//3015
f 3016//3016 3070//3070 2944//2944
f 3023//3023 2903//2903 3025//3025
f 3026//3026 2904//2904 3024//3024
f 3025//3025 2907//2907 3031//3031
f 3032//3032 2908//2908 3026//3026
f 3019//3019 3071//3071 2947//2947
f 2948//2948 3072//3072 3022//3022
f 3027//3027 3028//3028 3073//3073
f 3074//3074 3029//3029 3030//3030
f 3031//3031 2941//2941 3067//3067
f 3068//3068 2942//2942 3032//3032
f 3037//3037 2909//2909 3027//3027
f 3030//3030 2912//2912 3038//3038
f 3075//3075 3033//3033 2951//2951
f 2952//2952 3034//3034 3076//3076
f 3033//3033 3035//3035 2913//2913
f 2914//2914 3036//3036 3034//3034
f 3077//3077 2951//2951 2953//2953
f 2954//2954 2952//2952 3078//3078
f 3035//3035 3041//3041 2919//2919
f 2920//2920 3042//3042 3036//3036
f 3079//3079 2953//2953 2955//2955
f 2956//2956 2954//2954 3080//3080
f 3081//3081 2955//2955 3037//3037
f 3038//3038 2956//2956 3082//3082
f 3041//3041 3083//3083 2959//2959
f 2962//2962 3084//3084 3042//3042
f 3085//3085 3043//3043 3039//3039
f 3040//3040 3044//3044 3086//3086
f 2965//2965 2963//2963 3087//3087
f 3088//3088 2964//2964 2966//2966
f 2967//2967 2965//2965 3089//3089
f 3090//3090 2966//2966 2968//2968
f 2969//2969 2967//2967 3091//3091
f 3092//3092 2968//2968 2970//2970
f 2971//2971 2969//2969 3093//3093
f 3094//3094 2970//2970 2972//2972
f 3045//3045 2971//2971 3095//3095
f 3096//3096 2972//2972 3046//3046
f 3047//3047 2921//2921 3045//3045
f 3046//3046 2922//2922 3048//3048
f 3049//3049 2923//2923 3047//3047
f 3048//3048 2924//2924 3050//3050
f 3051//3051 2925//2925 3049//3049
f 3050//3050 2926//2926 3052//3052
f 3053//3053 2927//2927 3051//3051
f 3052//3052 2928//2928 3054//3054
f 3055//3055 2929//2929 3053//3053
f 3054//3054 2930//2930 3056//3056
f 3057//3057 2931//2931 3055//3055
f 3056//3056 2932//2932 3058//3058
f 3061//3061 2935//2935 3057//3057
f 3058//3058 2936//2936 3062//3062
f 2937//2937 3059//3059 3063//3063
f 3064//3064 3060//3060 2938//2938
f 2933//2933 3097//3097 3059//3059
f 3060//3060 3098//3098 2934//2934
f 3099//3099 2933//2933 2975//2975
f 2976//2976 2934//2934 3100//3100
f 3101//3101 2975//2975 2977//2977
f 2978//2978 2976//2976 3102//3102
f 3103//3103 2977//2977 2979//2979
f 2980//2980 2978//2978 3104//3104
f 3105//3105 2979//2979 2981//2981
f 2982//2982 2980//2980 3106//3106
f 3107//3107 2981//2981 2983//2983
f 2984//2984 2982//2982 3108//3108
f 3109//3109 2983//2983 2985//2985
f 2986//2986 2984//2984 3110//3110
f 3111//3111 2985//2985 3061//3061
f 3062//3062 2986//2986 3112//3112
f 3063//3063 3113//3113 2987//2987
f 2988//2988 3114//3114 3064//3064
f 2987//2987 3115//3115 2989//2989
f 2990//2990 3116//3116 2988//2988
f 2989//2989 3117//3117 2991//2991
f 2992//2992 3118//3118 2990//2990
f 2991//2991 3119//3119 2993//2993
f 2994//2994 3120//3120 2992//2992
f 3119//3119 2995//2995 2993//2993
f 2994//2994 2996//2996 3120//3120
f 2997//2997 2995//2995 3121//3121
f 3122//3122 2996//2996 2998//2998
f 2999//2999 2997//2997 3123//3123
f 3124//3124 2998//2998 3000//3000
f 3065//3065 2999//2999 3125//3125
f 3126//3126 3000//3000 3066//3066
f 3065//3065 3127//3127 3001//3001
f 3002//3002 3128//3128 3066//3066
f 3067//3067 3001//3001 3127//3127
f 3128//3128 3002//3002 3068//3068
f 3023//3023 3129//3129 3003//3003
f 3004//3004 3130//3130 3024//3024
f 3003//3003 3131//3131 3005//3005
f 3006//3006 3132//3132 3004//3004
f 3005//3005 3133//3133 3007//3007
f 3008//3008 3134//3134 3006//3006
f 3007//3007 3135//3135 3009//3009
f 3010//3010 3136//3136 3008//3008
f 3009//3009 3137//3137 3069//3069
f 3070//3070 3138//3138 3010//3010
f 3139//3139 3071//3071 3019//3019
f 3022//3022 3072//3072 3140//3140
f 3141//3141 3142//3142 3139//3139
f 3140//3140 3143//3143 3144//3144
f 3145//3145 3146//3146 3141//3141
f 3144//3144 3147//3147 3148//3148
f 3149//3149 3150//3150 3145//3145
f 3148//3148 3151//3151 3152//3152
f 3025//3025 3153//3153 3023//3023
f 3024//3024 3154//3154 3026//3026
f 3031//3031 3155//3155 3025//3025
f 3026//3026 3156//3156 3032//3032
f 3157//3157 3073//3073 3028//3028
f 3029//3029 3074//3074 3158//3158
f 3073//3073 3157//3157 3027//3027
f 3030//3030 3158//3158 3074//3074
f 3067//3067 3159//3159 3031//3031
f 3032//3032 3160//3160 3068//3068
f 3161//3161 3037//3037 3027//3027
f 3030//3030 3038//3038 3162//3162
f 3033//3033 3075//3075 3163//3163
f 3164//3164 3076//3076 3034//3034
f 2951//2951 3077//3077 3075//3075
f 3076//3076 3078//3078 2952//2952
f 3035//3035 3033//3033 3165//3165
f 3166//3166 3034//3034 3036//3036
f 2953//2953 3079//3079 3077//3077
f 3078//3078 3080//3080 2954//2954
f 3167//3167 3041//3041 3035//3035
f 3036//3036 3042//3042 3168//3168
f 2955//2955 3081//3081 3079//3079
f 3080//3080 3082//3082 2956//2956
f 3037//3037 3169//3169 3081//3081
f 3082//3082 3170//3170 3038//3038
f 3041//3041 3171//3171 3083//3083
f 3084//3084 3172//3172 3042//3042
f 3173//3173 3043//3043 3085//3085
f 3086//3086 3044//3044 3174//3174
f 3173//3173 3175//3175 3043//3043
f 3044//3044 3176//3176 3174//3174
f 3087//3087 3089//3089 2965//2965
f 2966//2966 3090//3090 3088//3088
f 3089//3089 3091//3091 2967//2967
f 2968//2968 3092//3092 3090//3090
f 3091//3091 3093//3093 2969//2969
f 2970//2970 3094//3094 3092//3092
f 3093//3093 3095//3095 2971//2971
f 2972//2972 3096//3096 3094//3094
f 3095//3095 3177//3177 3045//3045
f 3046//3046 3178//3178 3096//3096
f 3045//3045 3179//3179 3047//3047
f 3048//3048 3180//3180 3046//3046
f 3047//3047 3181//3181 3049//3049
f 3050//3050 3182//3182 3048//3048
f 3049//3049 3183//3183 3051//3051
f 3052//3052 3184//3184 3050//3050
f 3051//3051 3185//3185 3053//3053
f 3054//3054 3186//3186 3052//3052
f 3053//3053 3187//3187 3055//3055
f 3056//3056 3188//3188 3054//3054
f 3055//3055 3189//3189 3057//3057
f 3058//3058 3190//3190 3056//3056
f 3057//3057 3191//3191 3061//3061
f 3062//3062 3192//3192 3058//3058
f 3193//3193 3063//3063 3059//3059
f 3060//3060 3064//3064 3194//3194
f 3097//3097 2933//2933 3099//3099
f 3100//3100 2934//2934 3098//3098
f 3099//3099 3059//3059 3097//3097
f 3098//3098 3060//3060 3100//3100
f 2975//2975 3101//3101 3099//3099
f 3100//3100 3102//3102 2976//2976
f 2977//2977 3103//3103 3101//3101
f 3102//3102 3104//3104 2978//2978
f 2979//2979 3105//3105 3103//3103
f 3104//3104 3106//3106 2980//2980
f 2981//2981 3107//3107 3105//3105
f 3106//3106 3108//3108 2982//2982
f 2983//2983 3109//3109 3107//3107
f 3108//3108 3110//3110 2984//2984
f 2985//2985 3111//3111 3109//3109
f 3110//3110 3112//3112 2986//2986
f 3061//3061 3195//3195 3111//3111
f 3112//3112 3196//3196 3062//3062
f 3113//3113 3063//3063 3197//3197
f 3198//3198 3064//3064 3114//3114
f 3115//3115 2987//2987 3113//3113
f 3114//3114 2988//2988 3116//3116
f 3117//3117 2989//2989 3115//3115
f 3116//3116 2990//2990 3118//3118
f 3119//3119 2991//2991 3117//3117
f 3118//3118 2992//2992 3120//3120
f 2995//2995 3119//3119 3199//3199
f 3200//3200 3120//3120 2996//2996
f 3199//3199 3121//3121 2995//2995
f 2996//2996 3122//3122 3200//3200
f 3121//3121 3123//3123 2997//2997
f 2998//2998 3124//3124 3122//3122
f 3123//3123 3125//3125 2999//2999
f 3000//3000 3126//3126 3124//3124
f 3125//3125 3201//3201 3065//3065
f 3066//3066 3202//3202 3126//3126
f 3127//3127 3065//3065 3201//3201
f 3202//3202 3066//3066 3128//3128
f 3127//3127 3203//3203 3067//3067
f 3068//3068 3204//3204 3128//3128
f 3129//3129 3023//3023 3153//3153
f 3154//3154 3024//3024 3130//3130
f 3131//3131 3003//3003 3129//3129
f 3130//3130 3004//3004 3132//3132
f 3133//3133 3005//3005 3131//3131
f 3132//3132 3006//3006 3134//3134
f 3135//3135 3007//3007 3133//3133
f 3134//3134 3008//3008 3136//3136
f 3137//3137 3009//3009 3135//3135
f 3136//3136 3010//3010 3138//3138
f 3205//3205 3206//3206 3149//3149
f 3152//3152 3207//3207 3208//3208
f 3139//3139 3142//3142 3071//3071
f 3072//3072 3143//3143 3140//3140
f 3141//3141 3146//3146 3142//3142
f 3143//3143 3147//3147 3144//3144
f 3145//3145 3150//3150 3146//3146
f 3147//3147 3151//3151 3148//3148
f 3149//3149 3206//3206 3150//3150
f 3151//3151 3207//3207 3152//3152
f 3153//3153 3025//3025 3155//3155
f 3156//3156 3026//3026 3154//3154
f 3155//3155 3031//3031 3159//3159
f 3160//3160 3032//3032 3156//3156
f 3027//3027 3157//3157 3161//3161
f 3162//3162 3158//3158 3030//3030
f 3159//3159 3067//3067 3203//3203
f 3204//3204 3068//3068 3160//3160
f 3037//3037 3161//3161 3209//3209
f 3210//3210 3162//3162 3038//3038
f 3211//3211 3163//3163 3075//3075
f 3076//3076 3164//3164 3212//3212
f 3163//3163 3165//3165 3033//3033
f 3034//3034 3166//3166 3164//3164
f 3213//3213 3075//3075 3077//3077
f 3078//3078 3076//3076 3214//3214
f 3165//3165 3215//3215 3035//3035
f 3036//3036 3216//3216 3166//3166
f 3217//3217 3077//3077 3079//3079
f 3080//3080 3078//3078 3218//3218
f 3041//3041 3167//3167 3215//3215
f 3216//3216 3168//3168 3042//3042
f 3035//3035 3215//3215 3167//3167
f 3168//3168 3216//3216 3036//3036
f 3219//3219 3079//3079 3081//3081
f 3082//3082 3080//3080 3220//3220
f 3169//3169 3037//3037 3209//3209
f 3210//3210 3038//3038 3170//3170
f 3169//3169 3219//3219 3081//3081
f 3082//3082 3220//3220 3170//3170
f 3215//3215 3171//3171 3041//3041
f 3042//3042 3172//3172 3216//3216
f 3171//3171 3221//3221 3083//3083
f 3084//3084 3222//3222 3172//3172
f 3223//3223 3175//3175 3173//3173
f 3174//3174 3176//3176 3224//3224
f 3089//3089 3087//3087 3225//3225
f 3226//3226 3088//3088 3090//3090
f 3091//3091 3089//3089 3227//3227
f 3228//3228 3090//3090 3092//3092
f 3093//3093 3091//3091 3229//3229
f 3230//3230 3092//3092 3094//3094
f 3095//3095 3093//3093 3231//3231
f 3232//3232 3094//3094 3096//3096
f 3177//3177 3095//3095 3233//3233
f 3234//3234 3096//3096 3178//3178
f 3179//3179 3045//3045 3177//3177
f 3178//3178 3046//3046 3180//3180
f 3181//3181 3047//3047 3179//3179
f 3180//3180 3048//3048 3182//3182
f 3183//3183 3049//3049 3181//3181
f 3182//3182 3050//3050 3184//3184
f 3185//3185 3051//3051 3183//3183
f 3184//3184 3052//3052 3186//3186
f 3187//3187 3053//3053 3185//3185
f 3186//3186 3054//3054 3188//3188
f 3189//3189 3055//3055 3187//3187
f 3188//3188 3056//3056 3190//3190
f 3191//3191 3057//3057 3189//3189
f 3190//3190 3058//3058 3192//3192
f 3195//3195 3061//3061 3191//3191
f 3192//3192 3062//3062 3196//3196
f 3063//3063 3193//3193 3197//3197
f 3198//3198 3194//3194 3064//3064
f 3059//3059 3235//3235 3193//3193
f 3194//3194 3236//3236 3060//3060
f 3237//3237 3059//3059 3099//3099
f 3100//3100 3060//3060 3238//3238
f 3239//3239 3099//3099 3101//3101
f 3102//3102 3100//3100 3240//3240
f 3241//3241 3101//3101 3103//3103
f 3104//3104 3102//3102 3242//3242
f 3243//3243 3103//3103 3105//3105
f 3106//3106 3104//3104 3244//3244
f 3245//3245 3105//3105 3107//3107
f 3108//3108 3106//3106 3246//3246
f 3247//3247 3107//3107 3109//3109
f 3110//3110 3108//3108 3248//3248
f 3249//3249 3109//3109 3111//3111
f 3112//3112 3110//3110 3250//3250
f 3251//3251 3111//3111 3195//3195
f 3196//3196 3112//3112 3252//3252
f 3197//3197 3253//3253 3113//3113
f 3114//3114 3254//3254 3198//3198
f 3113//3113 3255//3255 3115//3115
f 3116//3116 3256//3256 3114//3114
f 3115//3115 3257//3257 3117//3117
f 3118//3118 3258//3258 3116//3116
f 3117//3117 3259//3259 3119//3119
f 3120//3120 3260//3260 3118//3118
f 3119//3119 3261//3261 3199//3199
f 3200//3200 3262//3262 3120//3120
f 3121//3121 3199//3199 3263//3263
f 3264//3264 3200//3200 3122//3122
f 3123//3123 3121//3121 3265//3265
f 3266//3266 3122//3122 3124//3124
f 3125//3125 3123//3123 3267//3267
f 3268//3268 3124//3124 3126//3126
f 3201//3201 3125//3125 3269//3269
f 3270//3270 3126//3126 3202//3202
f 3201//3201 3271//3271 3127//3127
f 3128//3128 3272//3272 3202//3202
f 3203//3203 3127//3127 3271//3271
f 3272//3272 3128//3128 3204//3204
f 3153//3153 3273//3273 3129//3129
f 3130//3130 3274//3274 3154//3154
f 3129//3129 3275//3275 3131//3131
f 3132//3132 3276//3276 3130//3130
f 3131//3131 3277//3277 3133//3133
f 3134//3134 3278//3278 3132//3132
f 3133//3133 3279//3279 3135//3135
f 3136//3136 3280//3280 3134//3134
f 3135//3135 3281//3281 3137//3137
f 3138//3138 3282//3282 3136//3136
f 3205//3205 3283//3283 3206//3206
f 3207//3207 3284//3284 3208//3208
f 3285//3285 3286//3286 3157//3157
f 3158//3158 3287//3287 3288//3288
f 3289//3289 3290//3290 3285//3285
f 3288//3288 3291//3291 3292//3292
f 3293//3293 3294//3294 3289//3289
f 3292//3292 3295//3295 3296//3296
f 3297//3297 3293//3293 3298//3298
f 3299//3299 3296//3296 3300//3300
f 3155//3155 3301//3301 3153//3153
f 3154//3154 3302//3302 3156//3156
f 3159//3159 3303//3303 3155//3155
f 3156//3156 3304//3304 3160//3160
f 3161//3161 3157//3157 3286//3286
f 3287//3287 3158//3158 3162//3162
f 3203//3203 3305//3305 3159//3159
f 3160//3160 3306//3306 3204//3204
f 3307//3307 3209//3209 3161//3161
f 3162//3162 3210//3210 3308//3308
f 3163//3163 3211//3211 3309//3309
f 3310//3310 3212//3212 3164//3164
f 3075//3075 3213//3213 3211//3211
f 3212//3212 3214//3214 3076//3076
f 3165//3165 3163//3163 3311//3311
f 3312//3312 3164//3164 3166//3166
f 3077//3077 3217//3217 3213//3213
f 3214//3214 3218//3218 3078//3078
f 3313//3313 3215//3215 3165//3165
f 3166//3166 3216//3216 3314//3314
f 3079//3079 3219//3219 3217//3217
f 3218//3218 3220//3220 3080//3080
f 3315//3315 3169//3169 3209//3209
f 3210//3210 3170//3170 3316//3316
f 3219//3219 3169//3169 3317//3317
f 3318//3318 3170//3170 3220//3220
f 3171//3171 3215//3215 3319//3319
f 3320//3320 3216//3216 3172//3172
f 3171//3171 3321//3321 3221//3221
f 3222//3222 3322//3322 3172//3172
f 3223//3223 3323//3323 3175//3175
f 3176//3176 3324//3324 3224//3224
f 3321//3321 3325//3325 3221//3221
f 3222//3222 3326//3326 3322//3322
f 3225//3225 3227//3227 3089//3089
f 3090//3090 3228//3228 3226//3226
f 3227//3227 3229//3229 3091//3091
f 3092//3092 3230//3230 3228//3228
f 3229//3229 3231//3231 3093//3093
f 3094//3094 3232//3232 3230//3230
f 3231//3231 3233//3233 3095//3095
f 3096//3096 3234//3234 3232//3232
f 3233//3233 3327//3327 3177//3177
f 3178//3178 3328//3328 3234//3234
f 3177//3177 3329//3329 3179//3179
f 3180//3180 3330//3330 3178//3178
f 3179//3179 3331//3331 3181//3181
f 3182//3182 3332//3332 3180//3180
f 3181//3181 3333//3333 3183//3183
f 3184//3184 3334//3334 3182//3182
f 3183//3183 3335//3335 3185//3185
f 3186//3186 3336//3336 3184//3184
f 3185//3185 3337//3337 3187//3187
f 3188//3188 3338//3338 3186//3186
f 3187//3187 3339//3339 3189//3189
f 3190//3190 3340//3340 3188//3188
f 3189//3189 3341//3341 3191//3191
f 3192//3192 3342//3342 3190//3190
f 3191//3191 3343//3343 3195//3195
f 3196//3196 3344//3344 3192//3192
f 3345//3345 3197//3197 3193//3193
f 3194//3194 3198//3198 3346//3346
f 3235//3235 3059//3059 3237//3237
f 3238//3238 3060//3060 3236//3236
f 3237//3237 3193//3193 3235//3235
f 3236//3236 3194//3194 3238//3238
f 3099//3099 3239//3239 3237//3237
f 3238//3238 3240//3240 3100//3100
f 3101//3101 3241//3241 3239//3239
f 3240//3240 3242//3242 3102//3102
f 3103//3103 3243//3243 3241//3241
f 3242//3242 3244//3244 3104//3104
f 3105//3105 3245//3245 3243//3243
f 3244//3244 3246//3246 3106//3106
f 3107//3107 3247//3247 3245//3245
f 3246//3246 3248//3248 3108//3108
f 3109//3109 3249//3249 3247//3247
f 3248//3248 3250//3250 3110//3110
f 3111//3111 3251//3251 3249//3249
f 3250//3250 3252//3252 3112//3112
f 3195//3195 3347//3347 3251//3251
f 3252//3252 3348//3348 3196//3196
f 3253//3253 3197//3197 3349//3349
f 3350//3350 3198//3198 3254//3254
f 3255//3255 3113//3113 3253//3253
f 3254//3254 3114//3114 3256//3256
f 3257//3257 3115//3115 3255//3255
f 3256//3256 3116//3116 3258//3258
f 3259//3259 3117//3117 3257//3257
f 3258//3258 3118//3118 3260//3260
f 3261//3261 3119//3119 3259//3259
f 3260//3260 3120//3120 3262//3262
f 3261//3261 3263//3263 3199//3199
f 3200//3200 3264//3264 3262//3262
f 3263//3263 3265//3265 3121//3121
f 3122//3122 3266//3266 3264//3264
f 3265//3265 3267//3267 3123//3123
f 3124//3124 3268//3268 3266//3266
f 3267//3267 3269//3269 3125//3125
f 3126//3126 3270//3270 3268//3268
f 3269//3269 3351//3351 3201//3201
f 3202//3202 3352//3352 3270//3270
f 3271//3271 3201//3201 3351//3351
f 3352//3352 3202//3202 3272//3272
f 3271//3271 3353//3353 3203//3203
f 3204//3204 3354//3354 3272//3272
f 3273//3273 3153//3153 3301//3301
f 3302//3302 3154//3154 3274//3274
f 3275//3275 3129//3129 3273//3273
f 3274//3274 3130//3130 3276//3276
f 3277//3277 3131//3131 3275//3275
f 3276//3276 3132//3132 3278//3278
f 3279//3279 3133//3133 3277//3277
f 3278//3278 3134//3134 3280//3280
f 3281//3281 3135//3135 3279//3279
f 3280//3280 3136//3136 3282//3282
f 3355//3355 3283//3283 3205//3205
f 3208//3208 3284//3284 3356//3356
f 3357//3357 3298//3298 3358//3358
f 3359//3359 3299//3299 3360//3360
f 3286//3286 3285//3285 3161//3161
f 3162//3162 3288//3288 3287//3287
f 3290//3290 3289//3289 3307//3307
f 3308//3308 3292//3292 3291//3291
f 3307//3307 3285//3285 3290//3290
f 3291//3291 3288//3288 3308//3308
f 3294//3294 3293//3293 3361//3361
f 3362//3362 3296//3296 3295//3295
f 3307//3307 3289//3289 3294//3294
f 3295//3295 3292//3292 3308//3308
f 3297//3297 3363//3363 3293//3293
f 3296//3296 3364//3364 3300//3300
f 3357//3357 3297//3297 3298//3298
f 3299//3299 3300//3300 3360//3360
f 3301//3301 3155//3155 3303//3303
f 3304//3304 3156//3156 3302//3302
f 3303//3303 3159//3159 3305//3305
f 3306//3306 3160//3160 3304//3304
f 3305//3305 3203//3203 3353//3353
f 3354//3354 3204//3204 3306//3306
f 3209//3209 3307//3307 3315//3315
f 3316//3316 3308//3308 3210//3210
f 3161//3161 3285//3285 3307//3307
f 3308//3308 3288//3288 3162//3162
f 3365//3365 3309//3309 3211//3211
f 3212//3212 3310//3310 3366//3366
f 3309//3309 3311//3311 3163//3163
f 3164//3164 3312//3312 3310//3310
f 3367//3367 3211//3211 3213//3213
f 3214//3214 3212//3212 3368//3368
f 3311//3311 3369//3369 3165//3165
f 3166//3166 3370//3370 3312//3312
f 3371//3371 3213//3213 3217//3217
f 3218//3218 3214//3214 3372//3372
f 3215//3215 3313//3313 3369//3369
f 3370//3370 3314//3314 3216//3216
f 3165//3165 3369//3369 3313//3313
f 3314//3314 3370//3370 3166//3166
f 3373//3373 3217//3217 3219//3219
f 3220//3220 3218//3218 3374//3374
f 3169//3169 3315//3315 3375//3375
f 3376//3376 3316//3316 3170//3170
f 3375//3375 3317//3317 3169//3169
f 3170//3170 3318//3318 3376//3376
f 3317//3317 3373//3373 3219//3219
f 3220//3220 3374//3374 3318//3318
f 3369//3369 3319//3319 3215//3215
f 3216//3216 3320//3320 3370//3370
f 3319//3319 3321//3321 3171//3171
f 3172//3172 3322//3322 3320//3320
f 3377//3377 3323//3323 3223//3223
f 3224//3224 3324//3324 3378//3378
f 3321//3321 3379//3379 3325//3325
f 3326//3326 3380//3380 3322//3322
f 3227//3227 3225//3225 3381//3381
f 3382//3382 3226//3226 3228//3228
f 3229//3229 3227//3227 3383//3383
f 3384//3384 3228//3228 3230//3230
f 3231//3231 3229//3229 3385//3385
f 3386//3386 3230//3230 3232//3232
f 3233//3233 3231//3231 3387//3387
f 3388//3388 3232//3232 3234//3234
f 3327//3327 3233//3233 3389//3389
f 3390//3390 3234//3234 3328//3328
f 3329//3329 3177//3177 3327//3327
f 3328//3328 3178//3178 3330//3330
f 3331//3331 3179//3179 3329//3329
f 3330//3330 3180//3180 3332//3332
f 3333//3333 3181//3181 3331//3331
f 3332//3332 3182//3182 3334//3334
f 3335//3335 3183//3183 3333//3333
f 3334//3334 3184//3184 3336//3336
f 3337//3337 3185//3185 3335//3335
f 3336//3336 3186//3186 3338//3338
f 3339//3339 3187//3187 3337//3337
f 3338//3338 3188//3188 3340//3340
f 3341//3341 3189//3189 3339//3339
f 3340//3340 3190//3190 3342//3342
f 3343//3343 3191//3191 3341//3341
f 3342//3342 3192//3192 3344//3344
f 3347//3347 3195//3195 3343//3343
f 3344//3344 3196//3196 3348//3348
f 3197//3197 3345//3345 3349//3349
f 3350//3350 3346//3346 3198//3198
f 3193//3193 3391//3391 3345//3345
f 3346//3346 3392//3392 3194//3194
f 3393//3393 3193//3193 3237//3237
f 3238//3238 3194//3194 3394//3394
f 3395//3395 3237//3237 3239//3239
f 3240//3240 3238//3238 3396//3396
f 3397//3397 3239//3239 3241//3241
f 3242//3242 3240//3240 3398//3398
f 3399//3399 3241//3241 3243//3243
f 3244//3244 3242//3242 3400//3400
f 3401//3401 3243//3243 3245//3245
f 3246//3246 3244//3244 3402//3402
f 3403//3403 3245//3245 3247//3247
f 3248//3248 3246//3246 3404//3404
f 3405//3405 3247//3247 3249//3249
f 3250//3250 3248//3248 3406//3406
f 3407//3407 3249//3249 3251//3251
f 3252//3252 3250//3250 3408//3408
f 3409//3409 3251//3251 3347//3347
f 3348//3348 3252//3252 3410//3410
f 3349//3349 3411//3411 3253//3253
f 3254//3254 3412//3412 3350//3350
f 3253//3253 3413//3413 3255//3255
f 3256//3256 3414//3414 3254//3254
f 3255//3255 3415//3415 3257//3257
f 3258//3258 3416//3416 3256//3256
f 3257//3257 3417//3417 3259//3259
f 3260//3260 3418//3418 3258//3258
f 3259//3259 3419//3419 3261//3261
f 3262//3262 3420//3420 3260//3260
f 3263//3263 3261//3261 3421//3421
f 3422//3422 3262//3262 3264//3264
f 3265//3265 3263//3263 3423//3423
f 3424//3424 3264//3264 3266//3266
f 3267//3267 3265//3265 3425//3425
f 3426//3426 3266//3266 3268//3268
f 3269//3269 3267//3267 3427//3427
f 3428//3428 3268//3268 3270//3270
f 3351//3351 3269//3269 3429//3429
f 3430//3430 3270//3270 3352//3352
f 3351//3351 3431//3431 3271//3271
f 3272//3272 3432//3432 3352//3352
f 3353//3353 3271//3271 3431//3431
f 3432//3432 3272//3272 3354//3354
f 3301//3301 3433//3433 3273//3273
f 3274//3274 3434//3434 3302//3302
f 3273//3273 3435//3435 3275//3275
f 3276//3276 3436//3436 3274//3274
f 3275//3275 3437//3437 3277//3277
f 3278//3278 3438//3438 3276//3276
f 3277//3277 3439//3439 3279//3279
f 3280//3280 3440//3440 3278//3278
f 3279//3279 3441//3441 3281//3281
f 3282//3282 3442//3442 3280//3280
f 3355//3355 3443//3443 3283//3283
f 3284//3284 3444//3444 3356//3356
f 3445//3445 3357//3357 3358//3358
f 3359//3359 3360//3360 3446//3446
f 3361//3361 3293//3293 3363//3363
f 3364//3364 3296//3296 3362//3362
f 3307//3307 3294//3294 3361//3361
f 3362//3362 3295//3295 3308//3308
f 3447//3447 3363//3363 3297//3297
f 3300//3300 3364//3364 3448//3448
f 3449//3449 3297//3297 3357//3357
f 3360//3360 3300//3300 3450//3450
f 3303//3303 3451//3451 3301//3301
f 3302//3302 3452//3452 3304//3304
f 3305//3305 3453//3453 3303//3303
f 3304//3304 3454//3454 3306//3306
f 3353//3353 3455//3455 3305//3305
f 3306//3306 3456//3456 3354//3354
f 3361//3361 3315//3315 3307//3307
f 3308//3308 3316//3316 3362//3362
f 3309//3309 3365//3365 3457//3457
f 3458//3458 3366//3366 3310//3310
f 3211//3211 3367//3367 3365//3365
f 3366//3366 3368//3368 3212//3212
f 3311//3311 3309//3309 3459//3459
f 3460//3460 3310//3310 3312//3312
f 3213//3213 3371//3371 3367//3367
f 3368//3368 3372//3372 3214//3214
f 3461//3461 3369//3369 3311//3311
f 3312//3312 3370//3370 3462//3462
f 3217//3217 3373//3373 3371//3371
f 3372//3372 3374//3374 3218//3218
f 3463//3463 3375//3375 3315//3315
f 3316//3316 3376//3376 3464//3464
f 3317//3317 3375//3375 3465//3465
f 3466//3466 3376//3376 3318//3318
f 3373//3373 3317//3317 3467//3467
f 3468//3468 3318//3318 3374//3374
f 3319//3319 3369//3369 3469//3469
f 3470//3470 3370//3370 3320//3320
f 3321//3321 3319//3319 3471//3471
f 3472//3472 3320//3320 3322//3322
f 3377//3377 3473//3473 3323//3323
f 3324//3324 3474//3474 3378//3378
f 3379//3379 3475//3475 3325//3325
f 3326//3326 3476//3476 3380//3380
f 3471//3471 3379//3379 3321//3321
f 3322//3322 3380//3380 3472//3472
f 3381//3381 3383//3383 3227//3227
f 3228//3228 3384//3384 3382//3382
f 3383//3383 3385//3385 3229//3229
f 3230//3230 3386//3386 3384//3384
f 3385//3385 3387//3387 3231//3231
f 3232//3232 3388//3388 3386//3386
f 3387//3387 3389//3389 3233//3233
f 3234//3234 3390//3390 3388//3388
f 3389//3389 3477//3477 3327//3327
f 3328//3328 3478//3478 3390//3390
f 3327//3327 3479//3479 3329//3329
f 3330//3330 3480//3480 3328//3328
f 3329//3329 3481//3481 3331//3331
f 3332//3332 3482//3482 3330//3330
f 3331//3331 3483//3483 3333//3333
f 3334//3334 3484//3484 3332//3332
f 3333//3333 3485//3485 3335//3335
f 3336//3336 3486//3486 3334//3334
f 3335//3335 3487//3487 3337//3337
f 3338//3338 3488//3488 3336//3336
f 3337//3337 3489//3489 3339//3339
f 3340//3340 3490//3490 3338//3338
f 3339//3339 3491//3491 3341//3341
f 3342//3342 3492//3492 3340//3340
f 3341//3341 3493//3493 3343//3343
f 3344//3344 3494//3494 3342//3342
f 3343//3343 3495//3495 3347//3347
f 3348//3348 3496//3496 3344//3344
f 3497//3497 3349//3349 3345//3345
f 3346//3346 3350//3350 3498//3498
f 3391//3391 3193//3193 3393//3393
f 3394//3394 3194//3194 3392//3392
f 3393//3393 3345//3345 3391//3391
f 3392//3392 3346//3346 3394//3394
f 3237//3237 3395//3395 3393//3393
f 3394//3394 3396//3396 3238//3238
f 3239//3239 3397//3397 3395//3395
f 3396//3396 3398//3398 3240//3240
f 3241//3241 3399//3399 3397//3397
f 3398//3398 3400//3400 3242//3242
f 3243//3243 3401//3401 3399//3399
f 3400//3400 3402//3402 3244//3244
f 3245//3245 3403//3403 3401//3401
f 3402//3402 3404//3404 3246//3246
f 3247//3247 3405//3405 3403//3403
f 3404//3404 3406//3406 3248//3248
f 3249//3249 3407//3407 3405//3405
f 3406//3406 3408//3408 3250//3250
f 3251//3251 3409//3409 3407//3407
f 3408//3408 3410//3410 3252//3252
f 3347//3347 3499//3499 3409//3409
f 3410//3410 3500//3500 3348//3348
f 3411//3411 3349//3349 3501//3501
f 3502//3502 3350//3350 3412//3412
f 3413//3413 3253//3253 3411//3411
f 3412//3412 3254//3254 3414//3414
f 3415//3415 3255//3255 3413//3413
f 3414//3414 3256//3256 3416//3416
f 3417//3417 3257//3257 3415//3415
f 3416//3416 3258//3258 3418//3418
f 3419//3419 3259//3259 3417//3417
f 3418//3418 3260//3260 3420//3420
f 3419//3419 3421//3421 3261//3261
f 3262//3262 3422//3422 3420//3420
f 3421//3421 3423//3423 3263//3263
f 3264//3264 3424//3424 3422//3422
f 3423//3423 3425//3425 3265//3265
f 3266//3266 3426//3426 3424//3424
f 3425//3425 3427//3427 3267//3267
f 3268//3268 3428//3428 3426//3426
f 3427//3427 3429//3429 3269//3269
f 3270//3270 3430//3430 3428//3428
f 3429//3429 3503//3503 3351//3351
f 3352//3352 3504//3504 3430//3430
f 3431//3431 3351//3351 3503//3503
f 3504//3504 3352//3352 3432//3432
f 3431//3431 3505//3505 3353//3353
f 3354//3354 3506//3506 3432//3432
f 3433//3433 3301//3301 3451//3451
f 3452//3452 3302//3302 3434//3434
f 3435//3435 3273//3273 3433//3433
f 3434//3434 3274//3274 3436//3436
f 3437//3437 3275//3275 3435//3435
f 3436//3436 3276//3276 3438//3438
f 3439//3439 3277//3277 3437//3437
f 3438//3438 3278//3278 3440//3440
f 3441//3441 3279//3279 3439//3439
f 3440//3440 3280//3280 3442//3442
f 3507//3507 3508//3508 3355//3355
f 3356//3356 3509//3509 3510//3510
f 3355//3355 3508//3508 3443//3443
f 3444//3444 3509//3509 3356//3356
f 3445//3445 3358//3358 3511//3511
f 3512//3512 3359//3359 3446//3446
f 3513//3513 3357//3357 3445//3445
f 3446//3446 3360//3360 3514//3514
f 3361//3361 3363//3363 3515//3515
f 3516//3516 3364//3364 3362//3362
f 3363//3363 3447//3447 3515//3515
f 3516//3516 3448//3448 3364//3364
f 3297//3297 3449//3449 3447//3447
f 3448//3448 3450//3450 3300//3300
f 3357//3357 3513//3513 3449//3449
f 3450//3450 3514//3514 3360//3360
f 3451//3451 3303//3303 3453//3453
f 3454//3454 3304//3304 3452//3452
f 3453//3453 3305//3305 3455//3455
f 3456//3456 3306//3306 3454//3454
f 3455//3455 3353//3353 3505//3505
f 3506//3506 3354//3354 3456//3456
f 3315//3315 3361//3361 3463//3463
f 3464//3464 3362//3362 3316//3316
f 3517//3517 3457//3457 3365//3365
f 3366//3366 3458//3458 3518//3518
f 3457//3457 3459//3459 3309//3309
f 3310//3310 3460//3460 3458//3458
f 3519//3519 3365//3365 3367//3367
f 3368//3368 3366//3366 3520//3520
f 3459//3459 3521//3521 3311//3311
f 3312//3312 3522//3522 3460//3460
f 3523//3523 3367//3367 3371//3371
f 3372//3372 3368//3368 3524//3524
f 3369//3369 3461//3461 3521//3521
f 3522//3522 3462//3462 3370//3370
f 3311//3311 3521//3521 3461//3461
f 3462//3462 3522//3522 3312//3312
f 3525//3525 3371//3371 3373//3373
f 3374//3374 3372//3372 3526//3526
f 3375//3375 3463//3463 3527//3527
f 3528//3528 3464//3464 3376//3376
f 3527//3527 3465//3465 3375//3375
f 3376//3376 3466//3466 3528//3528
f 3465//3465 3467//3467 3317//3317
f 3318//3318 3468//3468 3466//3466
f 3467//3467 3525//3525 3373//3373
f 3374//3374 3526//3526 3468//3468
f 3521//3521 3469//3469 3369//3369
f 3370//3370 3470//3470 3522//3522
f 3469//3469 3471//3471 3319//3319
f 3320//3320 3472//3472 3470//3470
f 3529//3529 3473//3473 3377//3377
f 3378//3378 3474//3474 3530//3530
f 3379//3379 3531//3531 3475//3475
f 3476//3476 3532//3532 3380//3380
f 3379//3379 3471//3471 3533//3533
f 3534//3534 3472//3472 3380//3380
f 3383//3383 3381//3381 3535//3535
f 3536//3536 3382//3382 3384//3384
f 3385//3385 3383//3383 3537//3537
f 3538//3538 3384//3384 3386//3386
f 3387//3387 3385//3385 3539//3539
f 3540//3540 3386//3386 3388//3388
f 3389//3389 3387//3387 3541//3541
f 3542//3542 3388//3388 3390//3390
f 3477//3477 3389//3389 3543//3543
f 3544//3544 3390//3390 3478//3478
f 3479//3479 3327//3327 3477//3477
f 3478//3478 3328//3328 3480//3480
f 3481//3481 3329//3329 3479//3479
f 3480//3480 3330//3330 3482//3482
f 3483//3483 3331//3331 3481//3481
f 3482//3482 3332//3332 3484//3484
f 3485//3485 3333//3333 3483//3483
f 3484//3484 3334//3334 3486//3486
f 3487//3487 3335//3335 3485//3485
f 3486//3486 3336//3336 3488//3488
f 3489//3489 3337//3337 3487//3487
f 3488//3488 3338//3338 3490//3490
f 3491//3491 3339//3339 3489//3489
f 3490//3490 3340//3340 3492//3492
f 3493//3493 3341//3341 3491//3491
f 3492//3492 3342//3342 3494//3494
f 3495//3495 3343//3343 3493//3493
f 3494//3494 3344//3344 3496//3496
f 3499//3499 3347//3347 3495//3495
f 3496//3496 3348//3348 3500//3500
f 3349//3349 3497//3497 3501//3501
f 3502//3502 3498//3498 3350//3350
f 3345//3345 3545//3545 3497//3497
f 3498//3498 3546//3546 3346//3346
f 3547//3547 3345//3345 3393//3393
f 3394//3394 3346//3346 3548//3548
f 3549//3549 3393//3393 3395//3395
f 3396//3396 3394//3394 3550//3550
f 3551//3551 3395//3395 3397//3397
f 3398//3398 3396//3396 3552//3552
f 3553//3553 3397//3397 3399//3399
f 3400//3400 3398//3398 3554//3554
f 3555//3555 3399//3399 3401//3401
f 3402//3402 3400//3400 3556//3556
f 3557//3557 3401//3401 3403//3403
f 3404//3404 3402//3402 3558//3558
f 3559//3559 3403//3403 3405//3405
f 3406//3406 3404//3404 3560//3560
f 3561//3561 3405//3405 3407//3407
f 3408//3408 3406//3406 3562//3562
f 3563//3563 3407//3407 3409//3409
f 3410//3410 3408//3408 3564//3564
f 3565//3565 3409//3409 3499//3499
f 3500//3500 3410//3410 3566//3566
f 3567//3567 3411//3411 3501//3501
f 3502//3502 3412//3412 3568//3568
f 3569//3569 3413//3413 3411//3411
f 3412//3412 3414//3414 3570//3570
f 3571//3571 3415//3415 3413//3413
f 3414//3414 3416//3416 3572//3572
f 3573//3573 3417//3417 3415//3415
f 3416//3416 3418//3418 3574//3574
f 3417//3417 3575//3575 3419//3419
f 3420//3420 3576//3576 3418//3418
f 3421//3421 3419//3419 3577//3577
f 3578//3578 3420//3420 3422//3422
f 3423//3423 3421//3421 3579//3579
f 3580//3580 3422//3422 3424//3424
f 3425//3425 3423//3423 3581//3581
f 3582//3582 3424//3424 3426//3426
f 3427//3427 3425//3425 3583//3583
f 3584//3584 3426//3426 3428//3428
f 3429//3429 3427//3427 3585//3585
f 3586//3586 3428//3428 3430//3430
f 3503//3503 3429//3429 3587//3587
f 3588//3588 3430//3430 3504//3504
f 3503//3503 3589//3589 3431//3431
f 3432//3432 3590//3590 3504//3504
f 3505//3505 3431//3431 3589//3589
f 3590//3590 3432//3432 3506//3506
f 3451//3451 3591//3591 3433//3433
f 3434//3434 3592//3592 3452//3452
f 3433//3433 3593//3593 3435//3435
f 3436//3436 3594//3594 3434//3434
f 3435//3435 3595//3595 3437//3437
f 3438//3438 3596//3596 3436//3436
f 3437//3437 3597//3597 3439//3439
f 3440//3440 3598//3598 3438//3438
f 3439//3439 3599//3599 3441//3441
f 3442//3442 3600//3600 3440//3440
f 3507//3507 3601//3601 3508//3508
f 3509//3509 3602//3602 3510//3510
f 3603//3603 3511//3511 3604//3604
f 3605//3605 3512//3512 3606//3606
f 3603//3603 3445//3445 3511//3511
f 3512//3512 3446//3446 3606//3606
f 3445//3445 3607//3607 3513//3513
f 3514//3514 3608//3608 3446//3446
f 3515//3515 3463//3463 3361//3361
f 3362//3362 3464//3464 3516//3516
f 3609//3609 3515//3515 3447//3447
f 3448//3448 3516//3516 3610//3610
f 3611//3611 3447//3447 3449//3449
f 3450//3450 3448//3448 3612//3612
f 3613//3613 3449//3449 3513//3513
f 3514//3514 3450//3450 3614//3614
f 3453//3453 3615//3615 3451//3451
f 3452//3452 3616//3616 3454//3454
f 3455//3455 3617//3617 3453//3453
f 3454//3454 3618//3618 3456//3456
f 3505//3505 3619//3619 3455//3455
f 3456//3456 3620//3620 3506//3506
f 3457//3457 3517//3517 3621//3621
f 3622//3622 3518//3518 3458//3458
f 3365//3365 3519//3519 3517//3517
f 3518//3518 3520//3520 3366//3366
f 3459//3459 3457//3457 3623//3623
f 3624//3624 3458//3458 3460//3460
f 3367//3367 3523//3523 3519//3519
f 3520//3520 3524//3524 3368//3368
f 3625//3625 3521//3521 3459//3459
f 3460//3460 3522//3522 3626//3626
f 3371//3371 3525//3525 3523//3523
f 3524//3524 3526//3526 3372//3372
f 3627//3627 3527//3527 3463//3463
f 3464//3464 3528//3528 3628//3628
f 3465//3465 3527//3527 3629//3629
f 3630//3630 3528//3528 3466//3466
f 3467//3467 3465//3465 3631//3631
f 3632//3632 3466//3466 3468//3468
f 3525//3525 3467//3467 3633//3633
f 3634//3634 3468//3468 3526//3526
f 3469//3469 3521//3521 3635//3635
f 3636//3636 3522//3522 3470//3470
f 3471//3471 3469//3469 3637//3637
f 3638//3638 3470//3470 3472//3472
f 3529//3529 3639//3639 3473//3473
f 3474//3474 3640//3640 3530//3530
f 3531//3531 3641//3641 3475//3475
f 3476//3476 3642//3642 3532//3532
f 3533//3533 3531//3531 3379//3379
f 3380//3380 3532//3532 3534//3534
f 3637//3637 3533//3533 3471//3471
f 3472//3472 3534//3534 3638//3638
f 3535//3535 3537//3537 3383//3383
f 3384//3384 3538//3538 3536//3536
f 3537//3537 3539//3539 3385//3385
f 3386//3386 3540//3540 3538//3538
f 3539//3539 3541//3541 3387//3387
f 3388//3388 3542//3542 3540//3540
f 3541//3541 3543//3543 3389//3389
f 3390//3390 3544//3544 3542//3542
f 3643//3643 3477//3477 3543//3543
f 3544//3544 3478//3478 3644//3644
f 3645//3645 3479//3479 3477//3477
f 3478//3478 3480//3480 3646//3646
f 3647//3647 3481//3481 3479//3479
f 3480//3480 3482//3482 3648//3648
f 3649//3649 3483//3483 3481//3481
f 3482//3482 3484//3484 3650//3650
f 3651//3651 3485//3485 3483//3483
f 3484//3484 3486//3486 3652//3652
f 3653//3653 3487//3487 3485//3485
f 3486//3486 3488//3488 3654//3654
f 3655//3655 3489//3489 3487//3487
f 3488//3488 3490//3490 3656//3656
f 3657//3657 3491//3491 3489//3489
f 3490//3490 3492//3492 3658//3658
f 3491//3491 3659//3659 3493//3493
f 3494//3494 3660//3660 3492//3492
f 3659//3659 3495//3495 3493//3493
f 3494//3494 3496//3496 3660//3660
f 3661//3661 3499//3499 3495//3495
f 3496//3496 3500//3500 3662//3662
f 3663//3663 3501//3501 3497//3497
f 3498//3498 3502//3502 3664//3664
f 3545//3545 3345//3345 3547//3547
f 3548//3548 3346//3346 3546//3546
f 3547//3547 3497//3497 3545//3545
f 3546//3546 3498//3498 3548//3548
f 3393//3393 3549//3549 3547//3547
f 3548//3548 3550//3550 3394//3394
f 3395//3395 3551//3551 3549//3549
f 3550//3550 3552//3552 3396//3396
f 3397//3397 3553//3553 3551//3551
f 3552//3552 3554//3554 3398//3398
f 3399//3399 3555//3555 3553//3553
f 3554//3554 3556//3556 3400//3400
f 3401//3401 3557//3557 3555//3555
f 3556//3556 3558//3558 3402//3402
f 3403//3403 3559//3559 3557//3557
f 3558//3558 3560//3560 3404//3404
f 3405//3405 3561//3561 3559//3559
f 3560//3560 3562//3562 3406//3406
f 3407//3407 3563//3563 3561//3561
f 3562//3562 3564//3564 3408//3408
f 3409//3409 3565//3565 3563//3563
f 3564//3564 3566//3566 3410//3410
f 3665//3665 3565//3565 3499//3499
f 3500//3500 3566//3566 3666//3666
f 3411//3411 3567//3567 3569//3569
f 3570//3570 3568//3568 3412//3412
f 3501//3501 3663//3663 3567//3567
f 3568//3568 3664//3664 3502//3502
f 3413//3413 3569//3569 3571//3571
f 3572//3572 3570//3570 3414//3414
f 3415//3415 3571//3571 3573//3573
f 3574//3574 3572//3572 3416//3416
f 3417//3417 3573//3573 3667//3667
f 3668//3668 3574//3574 3418//3418
f 3575//3575 3417//3417 3667//3667
f 3668//3668 3418//3418 3576//3576
f 3669//3669 3419//3419 3575//3575
f 3576//3576 3420//3420 3670//3670
f 3419//3419 3669//3669 3577//3577
f 3578//3578 3670//3670 3420//3420
f 3577//3577 3579//3579 3421//3421
f 3422//3422 3580//3580 3578//3578
f 3579//3579 3581//3581 3423//3423
f 3424//3424 3582//3582 3580//3580
f 3581//3581 3583//3583 3425//3425
f 3426//3426 3584//3584 3582//3582
f 3583//3583 3585//3585 3427//3427
f 3428//3428 3586//3586 3584//3584
f 3585//3585 3587//3587 3429//3429
f 3430//3430 3588//3588 3586//3586
f 3587//3587 3671//3671 3503//3503
f 3504//3504 3672//3672 3588//3588
f 3589//3589 3503//3503 3671//3671
f 3672//3672 3504//3504 3590//3590
f 3589//3589 3673//3673 3505//3505
f 3506//3506 3674//3674 3590//3590
f 3591//3591 3451//3451 3615//3615
f 3616//3616 3452//3452 3592//3592
f 3593//3593 3433//3433 3591//3591
f 3592//3592 3434//3434 3594//3594
f 3595//3595 3435//3435 3593//3593
f 3594//3594 3436//3436 3596//3596
f 3597//3597 3437//3437 3595//3595
f 3596//3596 3438//3438 3598//3598
f 3599//3599 3439//3439 3597//3597
f 3598//3598 3440//3440 3600//3600
f 3675//3675 3601//3601 3507//3507
f 3510//3510 3602//3602 3676//3676
f 3677//3677 3604//3604 3678//3678
f 3679//3679 3605//3605 3680//3680
f 3677//3677 3603//3603 3604//3604
f 3605//3605 3606//3606 3680//3680
f 3607//3607 3445//3445 3603//3603
f 3606//3606 3446//3446 3608//3608
f 3681//3681 3513//3513 3607//3607
f 3608//3608 3514//3514 3682//3682
f 3463//3463 3515//3515 3627//3627
f 3628//3628 3516//3516 3464//3464
f 3515//3515 3609//3609 3627//3627
f 3628//3628 3610//3610 3516//3516
f 3447//3447 3611//3611 3609//3609
f 3610//3610 3612//3612 3448//3448
f 3449//3449 3613//3613 3611//3611
f 3612//3612 3614//3614 3450//3450
f 3513//3513 3681//3681 3613//3613
f 3614//3614 3682//3682 3514//3514
f 3615//3615 3453//3453 3617//3617
f 3618//3618 3454//3454 3616//3616
f 3617//3617 3455//3455 3619//3619
f 3620//3620 3456//3456 3618//3618
f 3619//3619 3505//3505 3673//3673
f 3674//3674 3506//3506 3620//3620
f 3683//3683 3621//3621 3517//3517
f 3518//3518 3622//3622 3684//3684
f 3621//3621 3623//3623 3457//3457
f 3458//3458 3624//3624 3622//3622
f 3685//3685 3517//3517 3519//3519
f 3520//3520 3518//3518 3686//3686
f 3623//3623 3687//3687 3459//3459
f 3460//3460 3688//3688 3624//3624
f 3689//3689 3519//3519 3523//3523
f 3524//3524 3520//3520 3690//3690
f 3521//3521 3625//3625 3687//3687
f 3688//3688 3626//3626 3522//3522
f 3459//3459 3687//3687 3625//3625
f 3626//3626 3688//3688 3460//3460
f 3691//3691 3523//3523 3525//3525
f 3526//3526 3524//3524 3692//3692
f 3527//3527 3627//3627 3693//3693
f 3694//3694 3628//3628 3528//3528
f 3693//3693 3629//3629 3527//3527
f 3528//3528 3630//3630 3694//3694
f 3629//3629 3631//3631 3465//3465
f 3466//3466 3632//3632 3630//3630
f 3631//3631 3633//3633 3467//3467
f 3468//3468 3634//3634 3632//3632
f 3633//3633 3691//3691 3525//3525
f 3526//3526 3692//3692 3634//3634
f 3687//3687 3635//3635 3521//3521
f 3522//3522 3636//3636 3688//3688
f 3635//3635 3637//3637 3469//3469
f 3470//3470 3638//3638 3636//3636
f 3695//3695 3639//3639 3529//3529
f 3530//3530 3640//3640 3696//3696
f 3531//3531 3697//3697 3641//3641
f 3642//3642 3698//3698 3532//3532
f 3531//3531 3533//3533 3699//3699
f 3700//3700 3534//3534 3532//3532
f 3533//3533 3637//3637 3701//3701
f 3702//3702 3638//3638 3534//3534
f 3537//3537 3535//3535 3703//3703
f 3704//3704 3536//3536 3538//3538
f 3539//3539 3537//3537 3705//3705
f 3706//3706 3538//3538 3540//3540
f 3541//3541 3539//3539 3707//3707
f 3708//3708 3540//3540 3542//3542
f 3543//3543 3541//3541 3709//3709
f 3710//3710 3542//3542 3544//3544
f 3477//3477 3643//3643 3645//3645
f 3646//3646 3644//3644 3478//3478
f 3543//3543 3711//3711 3643//3643
f 3644//3644 3712//3712 3544//3544
f 3479//3479 3645//3645 3647//3647
f 3648//3648 3646//3646 3480//3480
f 3481//3481 3647//3647 3649//3649
f 3650//3650 3648//3648 3482//3482
f 3483//3483 3649//3649 3651//3651
f 3652//3652 3650//3650 3484//3484
f 3485//3485 3651//3651 3653//3653
f 3654//3654 3652//3652 3486//3486
f 3487//3487 3653//3653 3655//3655
f 3656//3656 3654//3654 3488//3488
f 3489//3489 3655//3655 3657//3657
f 3658//3658 3656//3656 3490//3490
f 3491//3491 3657//3657 3713//3713
f 3714//3714 3658//3658 3492//3492
f 3659//3659 3491//3491 3713//3713
f 3714//3714 3492//3492 3660//3660
f 3495//3495 3659//3659 3661//3661
f 3662//3662 3660//3660 3496//3496
f 3499//3499 3661//3661 3665//3665
f 3666//3666 3662//3662 3500//3500
f 3497//3497 3715//3715 3663//3663
f 3664//3664 3716//3716 3498//3498
f 3717//3717 3497//3497 3547//3547
f 3548//3548 3498//3498 3718//3718
f 3719//3719 3547//3547 3549//3549
f 3550//3550 3548//3548 3720//3720
f 3721//3721 3549//3549 3551//3551
f 3552//3552 3550//3550 3722//3722
f 3723//3723 3551//3551 3553//3553
f 3554//3554 3552//3552 3724//3724
f 3725//3725 3553//3553 3555//3555
f 3556//3556 3554//3554 3726//3726
f 3727//3727 3555//3555 3557//3557
f 3558//3558 3556//3556 3728//3728
f 3559//3559 3727//3727 3557//3557
f 3558//3558 3728//3728 3560//3560
f 3561//3561 3729//3729 3559//3559
f 3560//3560 3730//3730 3562//3562
f 3563//3563 3731//3731 3561//3561
f 3562//3562 3732//3732 3564//3564
f 3565//3565 3733//3733 3563//3563
f 3564//3564 3734//3734 3566//3566
f 3565//3565 3665//3665 3735//3735
f 3736//3736 3666//3666 3566//3566
f 3737//3737 3569//3569 3567//3567
f 3568//3568 3570//3570 3738//3738
f 3739//3739 3567//3567 3663//3663
f 3664//3664 3568//3568 3740//3740
f 3741//3741 3571//3571 3569//3569
f 3570//3570 3572//3572 3742//3742
f 3743//3743 3573//3573 3571//3571
f 3572//3572 3574//3574 3744//3744
f 3745//3745 3667//3667 3573//3573
f 3574//3574 3668//3668 3746//3746
f 3667//3667 3747//3747 3575//3575
f 3576//3576 3748//3748 3668//3668
f 3575//3575 3749//3749 3669//3669
f 3670//3670 3750//3750 3576//3576
f 3751//3751 3577//3577 3669//3669
f 3670//3670 3578//3578 3752//3752
f 3579//3579 3577//3577 3753//3753
f 3754//3754 3578//3578 3580//3580
f 3581//3581 3579//3579 3755//3755
f 3756//3756 3580//3580 3582//3582
f 3583//3583 3581//3581 3757//3757
f 3758//3758 3582//3582 3584//3584
f 3585//3585 3583//3583 3759//3759
f 3760//3760 3584//3584 3586//3586
f 3587//3587 3585//3585 3761//3761
f 3762//3762 3586//3586 3588//3588
f 3671//3671 3587//3587 3763//3763
f 3764//3764 3588//3588 3672//3672
f 3671//3671 3765//3765 3589//3589
f 3590//3590 3766//3766 3672//3672
f 3673//3673 3589//3589 3765//3765
f 3766//3766 3590//3590 3674//3674
f 3615//3615 3767//3767 3591//3591
f 3592//3592 3768//3768 3616//3616
f 3591//3591 3769//3769 3593//3593
f 3594//3594 3770//3770 3592//3592
f 3593//3593 3771//3771 3595//3595
f 3596//3596 3772//3772 3594//3594
f 3595//3595 3773//3773 3597//3597
f 3598//3598 3774//3774 3596//3596
f 3597//3597 3775//3775 3599//3599
f 3600//3600 3776//3776 3598//3598
f 3675//3675 3777//3777 3601//3601
f 3602//3602 3778//3778 3676//3676
f 3779//3779 3677//3677 3678//3678
f 3679//3679 3680//3680 3780//3780
f 3781//3781 3603//3603 3677//3677
f 3680//3680 3606//3606 3782//3782
f 3603//3603 3781//3781 3607//3607
f 3608//3608 3782//3782 3606//3606
f 3607//3607 3783//3783 3681//3681
f 3682//3682 3784//3784 3608//3608
f 3785//3785 3627//3627 3609//3609
f 3610//3610 3628//3628 3786//3786
f 3787//3787 3609//3609 3611//3611
f 3612//3612 3610//3610 3788//3788
f 3789//3789 3611//3611 3613//3613
f 3614//3614 3612//3612 3790//3790
f 3791//3791 3613//3613 3681//3681
f 3682//3682 3614//3614 3792//3792
f 3617//3617 3793//3793 3615//3615
f 3616//3616 3794//3794 3618//3618
f 3619//3619 3795//3795 3617//3617
f 3618//3618 3796//3796 3620//3620
f 3673//3673 3797//3797 3619//3619
f 3620//3620 3798//3798 3674//3674
f 3621//3621 3683//3683 3799//3799
f 3800//3800 3684//3684 3622//3622
f 3517//3517 3685//3685 3683//3683
f 3684//3684 3686//3686 3518//3518
f 3623//3623 3621//3621 3801//3801
f 3802//3802 3622//3622 3624//3624
f 3519//3519 3689//3689 3685//3685
f 3686//3686 3690//3690 3520//3520
f 3803//3803 3687//3687 3623//3623
f 3624//3624 3688//3688 3804//3804
f 3523//3523 3691//3691 3689//3689
f 3690//3690 3692//3692 3524//3524
f 3627//3627 3785//3785 3693//3693
f 3694//3694 3786//3786 3628//3628
f 3629//3629 3693//3693 3805//3805
f 3806//3806 3694//3694 3630//3630
f 3631//3631 3629//3629 3807//3807
f 3808//3808 3630//3630 3632//3632
f 3633//3633 3631//3631 3809//3809
f 3810//3810 3632//3632 3634//3634
f 3691//3691 3633//3633 3811//3811
f 3812//3812 3634//3634 3692//3692
f 3635//3635 3687//3687 3813//3813
f 3814//3814 3688//3688 3636//3636
f 3637//3637 3635//3635 3815//3815
f 3816//3816 3636//3636 3638//3638
f 3695//3695 3817//3817 3639//3639
f 3640//3640 3818//3818 3696//3696
f 3641//3641 3819//3819 3820//3820
f 3821//3821 3822//3822 3642//3642
f 3699//3699 3697//3697 3531//3531
f 3532//3532 3698//3698 3700//3700
f 3697//3697 3823//3823 3641//3641
f 3642//3642 3824//3824 3698//3698
f 3701//3701 3699//3699 3533//3533
f 3534//3534 3700//3700 3702//3702
f 3815//3815 3701//3701 3637//3637
f 3638//3638 3702//3702 3816//3816
f 3703//3703 3705//3705 3537//3537
f 3538//3538 3706//3706 3704//3704
f 3705//3705 3707//3707 3539//3539
f 3540//3540 3708//3708 3706//3706
f 3707//3707 3709//3709 3541//3541
f 3542//3542 3710//3710 3708//3708
f 3711//3711 3543//3543 3709//3709
f 3710//3710 3544//3544 3712//3712
f 3825//3825 3645//3645 3643//3643
f 3644//3644 3646//3646 3826//3826
f 3827//3827 3643//3643 3711//3711
f 3712//3712 3644//3644 3828//3828
f 3829//3829 3647//3647 3645//3645
f 3646//3646 3648//3648 3830//3830
f 3831//3831 3649//3649 3647//3647
f 3648//3648 3650//3650 3832//3832
f 3833//3833 3651//3651 3649//3649
f 3650//3650 3652//3652 3834//3834
f 3835//3835 3653//3653 3651//3651
f 3652//3652 3654//3654 3836//3836
f 3837//3837 3655//3655 3653//3653
f 3654//3654 3656//3656 3838//3838
f 3839//3839 3657//3657 3655//3655
f 3656//3656 3658//3658 3840//3840
f 3841//3841 3713//3713 3657//3657
f 3658//3658 3714//3714 3842//3842
f 3843//3843 3659//3659 3713//3713
f 3714//3714 3660//3660 3844//3844
f 3845//3845 3661//3661 3659//3659
f 3660//3660 3662//3662 3846//3846
f 3847//3847 3665//3665 3661//3661
f 3662//3662 3666//3666 3848//3848
f 3715//3715 3497//3497 3717//3717
f 3718//3718 3498//3498 3716//3716
f 3717//3717 3663//3663 3715//3715
f 3716//3716 3664//3664 3718//3718
f 3547//3547 3719//3719 3717//3717
f 3718//3718 3720//3720 3548//3548
f 3549//3549 3721//3721 3719//3719
f 3720//3720 3722//3722 3550//3550
f 3551//3551 3723//3723 3721//3721
f 3722//3722 3724//3724 3552//3552
f 3553//3553 3725//3725 3723//3723
f 3724//3724 3726//3726 3554//3554
f 3555//3555 3727//3727 3725//3725
f 3726//3726 3728//3728 3556//3556
f 3727//3727 3559//3559 3729//3729
f 3730//3730 3560//3560 3728//3728
f 3729//3729 3561//3561 3731//3731
f 3732//3732 3562//3562 3730//3730
f 3731//3731 3563//3563 3733//3733
f 3734//3734 3564//3564 3732//3732
f 3733//3733 3565//3565 3849//3849
f 3850//3850 3566//3566 3734//3734
f 3851//3851 3735//3735 3665//3665
f 3666//3666 3736//3736 3852//3852
f 3735//3735 3849//3849 3565//3565
f 3566//3566 3850//3850 3736//3736
f 3569//3569 3737//3737 3741//3741
f 3742//3742 3738//3738 3570//3570
f 3567//3567 3739//3739 3737//3737
f 3738//3738 3740//3740 3568//3568
f 3663//3663 3853//3853 3739//3739
f 3740//3740 3854//3854 3664//3664
f 3571//3571 3741//3741 3743//3743
f 3744//3744 3742//3742 3572//3572
f 3573//3573 3743//3743 3745//3745
f 3746//3746 3744//3744 3574//3574
f 3667//3667 3745//3745 3855//3855
f 3856//3856 3746//3746 3668//3668
f 3747//3747 3667//3667 3855//3855
f 3856//3856 3668//3668 3748//3748
f 3749//3749 3575//3575 3747//3747
f 3748//3748 3576//3576 3750//3750
f 3857//3857 3669//3669 3749//3749
f 3750//3750 3670//3670 3858//3858
f 3577//3577 3751//3751 3753//3753
f 3754//3754 3752//3752 3578//3578
f 3669//3669 3857//3857 3751//3751
f 3752//3752 3858//3858 3670//3670
f 3753//3753 3755//3755 3579//3579
f 3580//3580 3756//3756 3754//3754
f 3755//3755 3757//3757 3581//3581
f 3582//3582 3758//3758 3756//3756
f 3757//3757 3759//3759 3583//3583
f 3584//3584 3760//3760 3758//3758
f 3759//3759 3761//3761 3585//3585
f 3586//3586 3762//3762 3760//3760
f 3761//3761 3763//3763 3587//3587
f 3588//3588 3764//3764 3762//3762
f 3763//3763 3859//3859 3671//3671
f 3672//3672 3860//3860 3764//3764
f 3765//3765 3671//3671 3859//3859
f 3860//3860 3672//3672 3766//3766
f 3765//3765 3861//3861 3673//3673
f 3674//3674 3862//3862 3766//3766
f 3767//3767 3615//3615 3793//3793
f 3794//3794 3616//3616 3768//3768
f 3769//3769 3591//3591 3767//3767
f 3768//3768 3592//3592 3770//3770
f 3771//3771 3593//3593 3769//3769
f 3770//3770 3594//3594 3772//3772
f 3773//3773 3595//3595 3771//3771
f 3772//3772 3596//3596 3774//3774
f 3775//3775 3597//3597 3773//3773
f 3774//3774 3598//3598 3776//3776
f 3863//3863 3777//3777 3675//3675
f 3676//3676 3778//3778 3864//3864
f 3779//3779 3678//3678 3865//3865
f 3866//3866 3679//3679 3780//3780
f 3867//3867 3677//3677 3779//3779
f 3780//3780 3680//3680 3868//3868
f 3677//3677 3867//3867 3781//3781
f 3782//3782 3868//3868 3680//3680
f 3783//3783 3607//3607 3781//3781
f 3782//3782 3608//3608 3784//3784
f 3869//3869 3681//3681 3783//3783
f 3784//3784 3682//3682 3870//3870
f 3609//3609 3787//3787 3785//3785
f 3786//3786 3788//3788 3610//3610
f 3611//3611 3789//3789 3787//3787
f 3788//3788 3790//3790 3612//3612
f 3613//3613 3791//3791 3789//3789
f 3790//3790 3792//3792 3614//3614
f 3681//3681 3869//3869 3791//3791
f 3792//3792 3870//3870 3682//3682
f 3793//3793 3617//3617 3795//3795
f 3796//3796 3618//3618 3794//3794
f 3795//3795 3619//3619 3797//3797
f 3798//3798 3620//3620 3796//3796
f 3797//3797 3673//3673 3861//3861
f 3862//3862 3674//3674 3798//3798
f 3871//3871 3799//3799 3683//3683
f 3684//3684 3800//3800 3872//3872
f 3799//3799 3801//3801 3621//3621
f 3622//3622 3802//3802 3800//3800
f 3873//3873 3683//3683 3685//3685
f 3686//3686 3684//3684 3874//3874
f 3801//3801 3875//3875 3623//3623
f 3624//3624 3876//3876 3802//3802
f 3877//3877 3685//3685 3689//3689
f 3690//3690 3686//3686 3878//3878
f 3687//3687 3803//3803 3875//3875
f 3876//3876 3804//3804 3688//3688
f 3623//3623 3875//3875 3803//3803
f 3804//3804 3876//3876 3624//3624
f 3879//3879 3689//3689 3691//3691
f 3692//3692 3690//3690 3880//3880
f 3881//3881 3693//3693 3785//3785
f 3786//3786 3694//3694 3882//3882
f 3693//3693 3881//3881 3805//3805
f 3806//3806 3882//3882 3694//3694
f 3805//3805 3807//3807 3629//3629
f 3630//3630 3808//3808 3806//3806
f 3807//3807 3809//3809 3631//3631
f 3632//3632 3810//3810 3808//3808
f 3809//3809 3811//3811 3633//3633
f 3634//3634 3812//3812 3810//3810
f 3811//3811 3879//3879 3691//3691
f 3692//3692 3880//3880 3812//3812
f 3875//3875 3813//3813 3687//3687
f 3688//3688 3814//3814 3876//3876
f 3813//3813 3815//3815 3635//3635
f 3636//3636 3816//3816 3814//3814
f 3883//3883 3817//3817 3695//3695
f 3696//3696 3818//3818 3884//3884
f 3641//3641 3823//3823 3819//3819
f 3822//3822 3824//3824 3642//3642
f 3819//3819 3885//3885 3820//3820
f 3821//3821 3886//3886 3822//3822
f 3697//3697 3699//3699 3887//3887
f 3888//3888 3700//3700 3698//3698
f 3823//3823 3697//3697 3887//3887
f 3888//3888 3698//3698 3824//3824
f 3699//3699 3701//3701 3889//3889
f 3890//3890 3702//3702 3700//3700
f 3701//3701 3815//3815 3891//3891
f 3892//3892 3816//3816 3702//3702
f 3705//3705 3703//3703 3893//3893
f 3894//3894 3704//3704 3706//3706
f 3707//3707 3705//3705 3895//3895
f 3896//3896 3706//3706 3708//3708
f 3709//3709 3707//3707 3897//3897
f 3898//3898 3708//3708 3710//3710
f 3709//3709 3899//3899 3711//3711
f 3712//3712 3900//3900 3710//3710
f 3645//3645 3825//3825 3829//3829
f 3830//3830 3826//3826 3646//3646
f 3643//3643 3827//3827 3825//3825
f 3826//3826 3828//3828 3644//3644
f 3711//3711 3901//3901 3827//3827
f 3828//3828 3902//3902 3712//3712
f 3647//3647 3829//3829 3831//3831
f 3832//3832 3830//3830 3648//3648
f 3649//3649 3831//3831 3833//3833
f 3834//3834 3832//3832 3650//3650
f 3651//3651 3833//3833 3835//3835
f 3836//3836 3834//3834 3652//3652
f 3653//3653 3835//3835 3837//3837
f 3838//3838 3836//3836 3654//3654
f 3655//3655 3837//3837 3839//3839
f 3840//3840 3838//3838 3656//3656
f 3657//3657 3839//3839 3841//3841
f 3842//3842 3840//3840 3658//3658
f 3713//3713 3841//3841 3843//3843
f 3844//3844 3842//3842 3714//3714
f 3659//3659 3843//3843 3845//3845
f 3846//3846 3844//3844 3660//3660
f 3661//3661 3845//3845 3847//3847
f 3848//3848 3846//3846 3662//3662
f 3665//3665 3847//3847 3851//3851
f 3852//3852 3848//3848 3666//3666
f 3903//3903 3663//3663 3717//3717
f 3718//3718 3664//3664 3904//3904
f 3905//3905 3717//3717 3719//3719
f 3720//3720 3718//3718 3906//3906
f 3907//3907 3719//3719 3721//3721
f 3722//3722 3720//3720 3908//3908
f 3909//3909 3721//3721 3723//3723
f 3724//3724 3722//3722 3910//3910
f 3911//3911 3723//3723 3725//3725
f 3726//3726 3724//3724 3912//3912
f 3913//3913 3725//3725 3727//3727
f 3728//3728 3726//3726 3914//3914
f 3729//3729 3913//3913 3727//3727
f 3728//3728 3914//3914 3730//3730
f 3731//3731 3915//3915 3729//3729
f 3730//3730 3916//3916 3732//3732
f 3733//3733 3917//3917 3731//3731
f 3732//3732 3918//3918 3734//3734
f 3849//3849 3919//3919 3733//3733
f 3734//3734 3920//3920 3850//3850
f 3735//3735 3851//3851 3921//3921
f 3922//3922 3852//3852 3736//3736
f 3849//3849 3735//3735 3923//3923
f 3924//3924 3736//3736 3850//3850
f 3925//3925 3741//3741 3737//3737
f 3738//3738 3742//3742 3926//3926
f 3927//3927 3737//3737 3739//3739
f 3740//3740 3738//3738 3928//3928
f 3853//3853 3663//3663 3903//3903
f 3904//3904 3664//3664 3854//3854
f 3903//3903 3739//3739 3853//3853
f 3854//3854 3740//3740 3904//3904
f 3929//3929 3743//3743 3741//3741
f 3742//3742 3744//3744 3930//3930
f 3931//3931 3745//3745 3743//3743
f 3744//3744 3746//3746 3932//3932
f 3933//3933 3855//3855 3745//3745
f 3746//3746 3856//3856 3934//3934
f 3935//3935 3747//3747 3855//3855
f 3856//3856 3748//3748 3936//3936
f 3747//3747 3937//3937 3749//3749
f 3750//3750 3938//3938 3748//3748
f 3749//3749 3939//3939 3857//3857
f 3858//3858 3940//3940 3750//3750
f 3941//3941 3753//3753 3751//3751
f 3752//3752 3754//3754 3942//3942
f 3943//3943 3751//3751 3857//3857
f 3858//3858 3752//3752 3944//3944
f 3755//3755 3753//3753 3945//3945
f 3946//3946 3754//3754 3756//3756
f 3757//3757 3755//3755 3947//3947
f 3948//3948 3756//3756 3758//3758
f 3759//3759 3757//3757 3949//3949
f 3950//3950 3758//3758 3760//3760
f 3761//3761 3759//3759 3951//3951
f 3952//3952 3760//3760 3762//3762
f 3763//3763 3761//3761 3953//3953
f 3954//3954 3762//3762 3764//3764
f 3859//3859 3763//3763 3955//3955
f 3956//3956 3764//3764 3860//3860
f 3859//3859 3957//3957 3765//3765
f 3766//3766 3958//3958 3860//3860
f 3861//3861 3765//3765 3957//3957
f 3958//3958 3766//3766 3862//3862
f 3793//3793 3959//3959 3767//3767
f 3768//3768 3960//3960 3794//3794
f 3767//3767 3961//3961 3769//3769
f 3770//3770 3962//3962 3768//3768
f 3769//3769 3963//3963 3771//3771
f 3772//3772 3964//3964 3770//3770
f 3771//3771 3965//3965 3773//3773
f 3774//3774 3966//3966 3772//3772
f 3773//3773 3967//3967 3775//3775
f 3776//3776 3968//3968 3774//3774
f 3863//3863 3969//3969 3777//3777
f 3778//3778 3970//3970 3864//3864
f 3971//3971 3779//3779 3865//3865
f 3866//3866 3780//3780 3972//3972
f 3779//3779 3973//3973 3867//3867
f 3868//3868 3974//3974 3780//3780
f 3975//3975 3781//3781 3867//3867
f 3868//3868 3782//3782 3976//3976
f 3781//3781 3975//3975 3783//3783
f 3784//3784 3976//3976 3782//3782
f 3783//3783 3977//3977 3869//3869
f 3870//3870 3978//3978 3784//3784
f 3979//3979 3785//3785 3787//3787
f 3788//3788 3786//3786 3980//3980
f 3981//3981 3787//3787 3789//3789
f 3790//3790 3788//3788 3982//3982
f 3983//3983 3789//3789 3791//3791
f 3792//3792 3790//3790 3984//3984
f 3985//3985 3791//3791 3869//3869
f 3870//3870 3792//3792 3986//3986
f 3795//3795 3987//3987 3793//3793
f 3794//3794 3988//3988 3796//3796
f 3797//3797 3989//3989 3795//3795
f 3796//3796 3990//3990 3798//3798
f 3861//3861 3991//3991 3797//3797
f 3798//3798 3992//3992 3862//3862
f 3799//3799 3871//3871 3993//3993
f 3994//3994 3872//3872 3800//3800
f 3683//3683 3873//3873 3871//3871
f 3872//3872 3874//3874 3684//3684
f 3801//3801 3799//3799 3995//3995
f 3996//3996 3800//3800 3802//3802
f 3685//3685 3877//3877 3873//3873
f 3874//3874 3878//3878 3686//3686
f 3997//3997 3875//3875 3801//3801
f 3802//3802 3876//3876 3998//3998
f 3689//3689 3879//3879 3877//3877
f 3878//3878 3880//3880 3690//3690
f 3785//3785 3979//3979 3881//3881
f 3882//3882 3980//3980 3786//3786
f 3999//3999 3805//3805 3881//3881
f 3882//3882 3806//3806 4000//4000
f 3807//3807 3805//3805 4001//4001
f 4002//4002 3806//3806 3808//3808
f 3809//3809 3807//3807 4003//4003
f 4004//4004 3808//3808 3810//3810
f 3811//3811 3809//3809 4005//4005
f 4006//4006 3810//3810 3812//3812
f 3879//3879 3811//3811 4007//4007
f 4008//4008 3812//3812 3880//3880
f 3813//3813 3875//3875 4009//4009
f 4010//4010 3876//3876 3814//3814
f 3815//3815 3813//3813 4011//4011
f 4012//4012 3814//3814 3816//3816
f 3883//3883 4013//4013 3817//3817
f 3818//3818 4014//4014 3884//3884
f 3820//3820 3885//3885 4015//4015
f 4016//4016 3886//3886 3821//3821
f 3885//3885 3819//3819 3823//3823
f 3824//3824 3822//3822 3886//3886
f 3889//3889 3887//3887 3699//3699
f 3700//3700 3888//3888 3890//3890
f 3887//3887 4017//4017 3823//3823
f 3824//3824 4018//4018 3888//3888
f 3891//3891 3889//3889 3701//3701
f 3702//3702 3890//3890 3892//3892
f 4011//4011 3891//3891 3815//3815
f 3816//3816 3892//3892 4012//4012
f 3893//3893 3895//3895 3705//3705
f 3706//3706 3896//3896 3894//3894
f 3895//3895 3897//3897 3707//3707
f 3708//3708 3898//3898 3896//3896
f 3899//3899 3709//3709 3897//3897
f 3898//3898 3710//3710 3900//3900
f 3901//3901 3711//3711 3899//3899
f 3900//3900 3712//3712 3902//3902
f 4019//4019 3829//3829 3825//3825
f 3826//3826 3830//3830 4020//4020
f 4021//4021 3825//3825 3827//3827
f 3828//3828 3826//3826 4022//4022
f 4023//4023 3827//3827 3901//3901
f 3902//3902 3828//3828 4024//4024
f 4025//4025 3831//3831 3829//3829
f 3830//3830 3832//3832 4026//4026
f 4027//4027 3833//3833 3831//3831
f 3832//3832 3834//3834 4028//4028
f 4029//4029 3835//3835 3833//3833
f 3834//3834 3836//3836 4030//4030
f 4031//4031 3837//3837 3835//3835
f 3836//3836 3838//3838 4032//4032
f 4033//4033 3839//3839 3837//3837
f 3838//3838 3840//3840 4034//4034
f 4035//4035 3841//3841 3839//3839
f 3840//3840 3842//3842 4036//4036
f 4037//4037 3843//3843 3841//3841
f 3842//3842 3844//3844 4038//4038
f 4039//4039 3845//3845 3843//3843
f 3844//3844 3846//3846 4040//4040
f 4041//4041 3847//3847 3845//3845
f 3846//3846 3848//3848 4042//4042
f 4043//4043 3851//3851 3847//3847
f 3848//3848 3852//3852 4044//4044
f 3717//3717 3905//3905 3903//3903
f 3904//3904 3906//3906 3718//3718
f 3719//3719 3907//3907 3905//3905
f 3906//3906 3908//3908 3720//3720
f 3721//3721 3909//3909 3907//3907
f 3908//3908 3910//3910 3722//3722
f 3723//3723 3911//3911 3909//3909
f 3910//3910 3912//3912 3724//3724
f 3725//3725 3913//3913 3911//3911
f 3912//3912 3914//3914 3726//3726
f 3913//3913 3729//3729 3915//3915
f 3916//3916 3730//3730 3914//3914
f 3915//3915 3731//3731 3917//3917
f 3918//3918 3732//3732 3916//3916
f 3917//3917 3733//3733 3919//3919
f 3920//3920 3734//3734 3918//3918
f 3919//3919 3849//3849 4045//4045
f 4046//4046 3850//3850 3920//3920
f 4047//4047 3921//3921 3851//3851
f 3852//3852 3922//3922 4048//4048
f 4049//4049 3735//3735 3921//3921
f 3922//3922 3736//3736 4050//4050
f 3735//3735 4049//4049 3923//3923
f 3924//3924 4050//4050 3736//3736
f 3923//3923 4045//4045 3849//3849
f 3850//3850 4046//4046 3924//3924
f 3741//3741 3925//3925 3929//3929
f 3930//3930 3926//3926 3742//3742
f 3737//3737 3927//3927 3925//3925
f 3926//3926 3928//3928 3738//3738
f 3739//3739 4051//4051 3927//3927
f 3928//3928 4052//4052 3740//3740
f 4053//4053 3739//3739 3903//3903
f 3904//3904 3740//3740 4054//4054
f 3743//3743 3929//3929 3931//3931
f 3932//3932 3930//3930 3744//3744
f 3745//3745 3931//3931 3933//3933
f 3934//3934 3932//3932 3746//3746
f 3855//3855 3933//3933 3935//3935
f 3936//3936 3934//3934 3856//3856
f 3747//3747 3935//3935 4055//4055
f 4056//4056 3936//3936 3748//3748
f 3937//3937 3747//3747 4055//4055
f 4056//4056 3748//3748 3938//3938
f 3939//3939 3749//3749 3937//3937
f 3938//3938 3750//3750 3940//3940
f 4057//4057 3857//3857 3939//3939
f 3940//3940 3858//3858 4058//4058
f 3753//3753 3941//3941 3945//3945
f 3946//3946 3942//3942 3754//3754
f 3751//3751 3943//3943 3941//3941
f 3942//3942 3944//3944 3752//3752
f 3857//3857 4057//4057 3943//3943
f 3944//3944 4058//4058 3858//3858
f 3945//3945 3947//3947 3755//3755
f 3756//3756 3948//3948 3946//3946
f 3947//3947 3949//3949 3757//3757
f 3758//3758 3950//3950 3948//3948
f 3949//3949 3951//3951 3759//3759
f 3760//3760 3952//3952 3950//3950
f 3951//3951 3953//3953 3761//3761
f 3762//3762 3954//3954 3952//3952
f 3953//3953 3955//3955 3763//3763
f 3764//3764 3956//3956 3954//3954
f 3955//3955 4059//4059 3859//3859
f 3860//3860 4060//4060 3956//3956
f 3957//3957 3859//3859 4059//4059
f 4060//4060 3860//3860 3958//3958
f 3957//3957 4061//4061 3861//3861
f 3862//3862 4062//4062 3958//3958
f 3959//3959 3793//3793 3987//3987
f 3988//3988 3794//3794 3960//3960
f 3961//3961 3767//3767 3959//3959
f 3960//3960 3768//3768 3962//3962
f 3963//3963 3769//3769 3961//3961
f 3962//3962 3770//3770 3964//3964
f 3965//3965 3771//3771 3963//3963
f 3964//3964 3772//3772 3966//3966
f 3967//3967 3773//3773 3965//3965
f 3966//3966 3774//3774 3968//3968
f 4063//4063 3969//3969 3863//3863
f 3864//3864 3970//3970 4064//4064
f 3971//3971 3865//3865 4065//4065
f 4066//4066 3866//3866 3972//3972
f 3973//3973 3779//3779 3971//3971
f 3972//3972 3780//3780 3974//3974
f 4067//4067 3867//3867 3973//3973
f 3974//3974 3868//3868 4068//4068
f 3867//3867 4067//4067 3975//3975
f 3976//3976 4068//4068 3868//3868
f 3977//3977 3783//3783 3975//3975
f 3976//3976 3784//3784 3978//3978
f 4069//4069 3869//3869 3977//3977
f 3978//3978 3870//3870 4070//4070
f 3787//3787 3981//3981 3979//3979
f 3980//3980 3982//3982 3788//3788
f 3789//3789 3983//3983 3981//3981
f 3982//3982 3984//3984 3790//3790
f 3791//3791 3985//3985 3983//3983
f 3984//3984 3986//3986 3792//3792
f 3869//3869 4069//4069 3985//3985
f 3986//3986 4070//4070 3870//3870
f 3987//3987 3795//3795 3989//3989
f 3990//3990 3796//3796 3988//3988
f 3989//3989 3797//3797 3991//3991
f 3992//3992 3798//3798 3990//3990
f 3991//3991 3861//3861 4061//4061
f 4062//4062 3862//3862 3992//3992
f 4071//4071 3993//3993 3871//3871
f 3872//3872 3994//3994 4072//4072
f 3993//3993 3995//3995 3799//3799
f 3800//3800 3996//3996 3994//3994
f 4073//4073 3871//3871 3873//3873
f 3874//3874 3872//3872 4074//4074
f 3995//3995 4075//4075 3801//3801
f 3802//3802 4076//4076 3996//3996
f 4077//4077 3873//3873 3877//3877
f 3878//3878 3874//3874 4078//4078
f 3875//3875 3997//3997 4075//4075
f 4076//4076 3998//3998 3876//3876
f 3801//3801 4075//4075 3997//3997
f 3998//3998 4076//4076 3802//3802
f 4079//4079 3877//3877 3879//3879
f 3880//3880 3878//3878 4080//4080
f 4081//4081 3881//3881 3979//3979
f 3980//3980 3882//3882 4082//4082
f 3805//3805 3999//3999 4001//4001
f 4002//4002 4000//4000 3806//3806
f 3881//3881 4081//4081 3999//3999
f 4000//4000 4082//4082 3882//3882
f 4001//4001 4003//4003 3807//3807
f 3808//3808 4004//4004 4002//4002
f 4003//4003 4005//4005 3809//3809
f 3810//3810 4006//4006 4004//4004
f 4005//4005 4007//4007 3811//3811
f 3812//3812 4008//4008 4006//4006
f 4083//4083 3879//3879 4007//4007
f 4008//4008 3880//3880 4084//4084
f 4075//4075 4009//4009 3875//3875
f 3876//3876 4010//4010 4076//4076
f 4009//4009 4011//4011 3813//3813
f 3814//3814 4012//4012 4010//4010
f 4085//4085 4013//4013 3883//3883
f 3884//3884 4014//4014 4086//4086
f 4015//4015 3885//3885 4087//4087
f 4088//4088 3886//3886 4016//4016
f 3823//3823 4089//4089 3885//3885
f 3886//3886 4090//4090 3824//3824
f 3887//3887 3889//3889 4091//4091
f 4092//4092 3890//3890 3888//3888
f 4017//4017 3887//3887 4091//4091
f 4092//4092 3888//3888 4018//4018
f 4089//4089 3823//3823 4017//4017
f 4018//4018 3824//3824 4090//4090
f 3889//3889 3891//3891 4093//4093
f 4094//4094 3892//3892 3890//3890
f 3891//3891 4011//4011 4095//4095
f 4096//4096 4012//4012 3892//3892
f 3895//3895 3893//3893 4097//4097
f 4098//4098 3894//3894 3896//3896
f 3897//3897 3895//3895 4099//4099
f 4100//4100 3896//3896 3898//3898
f 3897//3897 4101//4101 3899//3899
f 3900//3900 4102//4102 3898//3898
f 3899//3899 4103//4103 3901//3901
f 3902//3902 4104//4104 3900//3900
f 3829//3829 4019//4019 4025//4025
f 4026//4026 4020//4020 3830//3830
f 3825//3825 4021//4021 4019//4019
f 4020//4020 4022//4022 3826//3826
f 3827//3827 4023//4023 4021//4021
f 4022//4022 4024//4024 3828//3828
f 3901//3901 4105//4105 4023//4023
f 4024//4024 4106//4106 3902//3902
f 3831//3831 4025//4025 4027//4027
f 4028//4028 4026//4026 3832//3832
f 3833//3833 4027//4027 4029//4029
f 4030//4030 4028//4028 3834//3834
f 3835//3835 4029//4029 4031//4031
f 4032//4032 4030//4030 3836//3836
f 3837//3837 4031//4031 4033//4033
f 4034//4034 4032//4032 3838//3838
f 3839//3839 4033//4033 4035//4035
f 4036//4036 4034//4034 3840//3840
f 3841//3841 4035//4035 4037//4037
f 4038//4038 4036//4036 3842//3842
f 3843//3843 4037//4037 4039//4039
f 4040//4040 4038//4038 3844//3844
f 3845//3845 4039//4039 4041//4041
f 4042//4042 4040//4040 3846//3846
f 3847//3847 4041//4041 4043//4043
f 4044//4044 4042//4042 3848//3848
f 3851//3851 4043//4043 4047//4047
f 4048//4048 4044//4044 3852//3852
f 4107//4107 3903//3903 3905//3905
f 3906//3906 3904//3904 4108//4108
f 4109//4109 3905//3905 3907//3907
f 3908//3908 3906//3906 4110//4110
f 4111//4111 3907//3907 3909//3909
f 3910//3910 3908//3908 4112//4112
f 4113//4113 3909//3909 3911//3911
f 3912//3912 3910//3910 4114//4114
f 4115//4115 3911//3911 3913//3913
f 3914//3914 3912//3912 4116//4116
f 3915//3915 4115//4115 3913//3913
f 3914//3914 4116//4116 3916//3916
f 3917//3917 4117//4117 3915//3915
f 3916//3916 4118//4118 3918//3918
f 3919//3919 4119//4119 3917//3917
f 3918//3918 4120//4120 3920//3920
f 4045//4045 4121//4121 3919//3919
f 3920//3920 4122//4122 4046//4046
f 3921//3921 4047//4047 4123//4123
f 4124//4124 4048//4048 3922//3922
f 3921//3921 4125//4125 4049//4049
f 4050//4050 4126//4126 3922//3922
f 4127//4127 3923//3923 4049//4049
f 4050//4050 3924//3924 4128//4128
f 4045//4045 3923//3923 4129//4129
f 4130//4130 3924//3924 4046//4046
f 4131//4131 3929//3929 3925//3925
f 3926//3926 3930//3930 4132//4132
f 4133//4133 3925//3925 3927//3927
f 3928//3928 3926//3926 4134//4134
f 4051//4051 3739//3739 4053//4053
f 4054//4054 3740//3740 4052//4052
f 4053//4053 3927//3927 4051//4051
f 4052//4052 3928//3928 4054//4054
f 3903//3903 4107//4107 4053//4053
f 4054//4054 4108//4108 3904//3904
f 4135//4135 3931//3931 3929//3929
f 3930//3930 3932//3932 4136//4136
f 4137//4137 3933//3933 3931//3931
f 3932//3932 3934//3934 4138//4138
f 4139//4139 3935//3935 3933//3933
f 3934//3934 3936//3936 4140//4140
f 3935//3935 4141//4141 4055//4055
f 4056//4056 4142//4142 3936//3936
f 4055//4055 4143//4143 3937//3937
f 3938//3938 4144//4144 4056//4056
f 3937//3937 4145//4145 3939//3939
f 3940//3940 4146//4146 3938//3938
f 3939//3939 4147//4147 4057//4057
f 4058//4058 4148//4148 3940//3940
f 3941//3941 4149//4149 3945//3945
f 3946//3946 4150//4150 3942//3942
f 3943//3943 4151//4151 3941//3941
f 3942//3942 4152//4152 3944//3944
f 4057//4057 4153//4153 3943//3943
f 3944//3944 4154//4154 4058//4058
f 3947//3947 3945//3945 4149//4149
f 4150//4150 3946//3946 3948//3948
f 3949//3949 3947//3947 4155//4155
f 4156//4156 3948//3948 3950//3950
f 3951//3951 3949//3949 4157//4157
f 4158//4158 3950//3950 3952//3952
f 3953//3953 3951//3951 4159//4159
f 4160//4160 3952//3952 3954//3954
f 3955//3955 3953//3953 4161//4161
f 4162//4162 3954//3954 3956//3956
f 4059//4059 3955//3955 4163//4163
f 4164//4164 3956//3956 4060//4060
f 4059//4059 4165//4165 3957//3957
f 3958//3958 4166//4166 4060//4060
f 4061//4061 3957//3957 4165//4165
f 4166//4166 3958//3958 4062//4062
f 4025//4025 3959//3959 3987//3987
f 3988//3988 3960//3960 4026//4026
f 4019//4019 3961//3961 3959//3959
f 3960//3960 3962//3962 4020//4020
f 4021//4021 3963//3963 3961//3961
f 3962//3962 3964//3964 4022//4022
f 4023//4023 3965//3965 3963//3963
f 3964//3964 3966//3966 4024//4024
f 4105//4105 3967//3967 3965//3965
f 3966//3966 3968//3968 4106//4106
f 4063//4063 4167//4167 3969//3969
f 3970//3970 4168//4168 4064//4064
f 4065//4065 4169//4169 3971//3971
f 3972//3972 4170//4170 4066//4066
f 3971//3971 4169//4169 3973//3973
f 3974//3974 4170//4170 3972//3972
f 3973//3973 4171//4171 4067//4067
f 4068//4068 4172//4172 3974//3974
f 4173//4173 3975//3975 4067//4067
f 4068//4068 3976//3976 4174//4174
f 3975//3975 4173//4173 3977//3977
f 3978//3978 4174//4174 3976//3976
f 3977//3977 4175//4175 4069//4069
f 4070//4070 4176//4176 3978//3978
f 4177//4177 3979//3979 3981//3981
f 3982//3982 3980//3980 4178//4178
f 4179//4179 3981//3981 3983//3983
f 3984//3984 3982//3982 4180//4180
f 4181//4181 3983//3983 3985//3985
f 3986//3986 3984//3984 4182//4182
f 4183//4183 3985//3985 4069//4069
f 4070//4070 3986//3986 4184//4184
f 4027//4027 3987//3987 3989//3989
f 3990//3990 3988//3988 4028//4028
f 4029//4029 3989//3989 3991//3991
f 3992//3992 3990//3990 4030//4030
f 4031//4031 3991//3991 4061//4061
f 4062//4062 3992//3992 4032//4032
f 3993//3993 4071//4071 4185//4185
f 4186//4186 4072//4072 3994//3994
f 3871//3871 4073//4073 4071//4071
f 4072//4072 4074//4074 3872//3872
f 3995//3995 3993//3993 4187//4187
f 4188//4188 3994//3994 3996//3996
f 3873//3873 4077//4077 4073//4073
f 4074//4074 4078//4078 3874//3874
f 4189//4189 4075//4075 3995//3995
f 3996//3996 4076//4076 4190//4190
f 3877//3877 4079//4079 4077//4077
f 4078//4078 4080//4080 3878//3878
f 3879//3879 4083//4083 4079//4079
f 4080//4080 4084//4084 3880//3880
f 3979//3979 4177//4177 4081//4081
f 4082//4082 4178//4178 3980//3980
f 4191//4191 4001//4001 3999//3999
f 4000//4000 4002//4002 4192//4192
f 4193//4193 3999//3999 4081//4081
f 4082//4082 4000//4000 4194//4194
f 4003//4003 4001//4001 4195//4195
f 4196//4196 4002//4002 4004//4004
f 4005//4005 4003//4003 4197//4197
f 4198//4198 4004//4004 4006//4006
f 4007//4007 4005//4005 4199//4199
f 4200//4200 4006//4006 4008//4008
f 4199//4199 4083//4083 4007//4007
f 4008//4008 4084//4084 4200//4200
f 4009//4009 4075//4075 4201//4201
f 4202//4202 4076//4076 4010//4010
f 4011//4011 4009//4009 4203//4203
f 4204//4204 4010//4010 4012//4012
f 4205//4205 4013//4013 4085//4085
f 4086//4086 4014//4014 4206//4206
f 4015//4015 4207//4207 4208//4208
f 4209//4209 4210//4210 4016//4016
f 4211//4211 4087//4087 3885//3885
f 3886//3886 4088//4088 4212//4212
f 4087//4087 4211//4211 4015//4015
f 4016//4016 4212//4212 4088//4088
f 4213//4213 3885//3885 4089//4089
f 4090//4090 3886//3886 4214//4214
f 4093//4093 4091//4091 3889//3889
f 3890//3890 4092//4092 4094//4094
f 4091//4091 4215//4215 4017//4017
f 4018//4018 4216//4216 4092//4092
f 4017//4017 4217//4217 4089//4089
f 4090//4090 4218//4218 4018//4018
f 4095//4095 4093//4093 3891//3891
f 3892//3892 4094//4094 4096//4096
f 4203//4203 4095//4095 4011//4011
f 4012//4012 4096//4096 4204//4204
f 4013//4013 4205//4205 4219//4219
f 4220//4220 4206//4206 4014//4014
f 4097//4097 4099//4099 3895//3895
f 3896//3896 4100//4100 4098//4098
f 4101//4101 3897//3897 4099//4099
f 4100//4100 3898//3898 4102//4102
f 4103//4103 3899//3899 4101//4101
f 4102//4102 3900//3900 4104//4104
f 4105//4105 3901//3901 4103//4103
f 4104//4104 3902//3902 4106//4106
f 3959//3959 4025//4025 4019//4019
f 4020//4020 4026//4026 3960//3960
f 3961//3961 4019//4019 4021//4021
f 4022//4022 4020//4020 3962//3962
f 3963//3963 4021//4021 4023//4023
f 4024//4024 4022//4022 3964//3964
f 3965//3965 4023//4023 4105//4105
f 4106//4106 4024//4024 3966//3966
f 3987//3987 4027//4027 4025//4025
f 4026//4026 4028//4028 3988//3988
f 3989//3989 4029//4029 4027//4027
f 4028//4028 4030//4030 3990//3990
f 3991//3991 4031//4031 4029//4029
f 4030//4030 4032//4032 3992//3992
f 4061//4061 4033//4033 4031//4031
f 4032//4032 4034//4034 4062//4062
f 4165//4165 4035//4035 4033//4033
f 4034//4034 4036//4036 4166//4166
f 4221//4221 4037//4037 4035//4035
f 4036//4036 4038//4038 4222//4222
f 4223//4223 4039//4039 4037//4037
f 4038//4038 4040//4040 4224//4224
f 4225//4225 4041//4041 4039//4039
f 4040//4040 4042//4042 4226//4226
f 4227//4227 4043//4043 4041//4041
f 4042//4042 4044//4044 4228//4228
f 4229//4229 4047//4047 4043//4043
f 4044//4044 4048//4048 4230//4230
f 3905//3905 4109//4109 4107//4107
f 4108//4108 4110//4110 3906//3906
f 3907//3907 4111//4111 4109//4109
f 4110//4110 4112//4112 3908//3908
f 3909//3909 4113//4113 4111//4111
f 4112//4112 4114//4114 3910//3910
f 3911//3911 4115//4115 4113//4113
f 4114//4114 4116//4116 3912//3912
f 4115//4115 3915//3915 4117//4117
f 4118//4118 3916//3916 4116//4116
f 4117//4117 3917//3917 4119//4119
f 4120//4120 3918//3918 4118//4118
f 4119//4119 3919//3919 4121//4121
f 4122//4122 3920//3920 4120//4120
f 4121//4121 4045//4045 4231//4231
f 4232//4232 4046//4046 4122//4122
f 4233//4233 4123//4123 4047//4047
f 4048//4048 4124//4124 4234//4234
f 4125//4125 3921//3921 4123//4123
f 4124//4124 3922//3922 4126//4126
f 4235//4235 4049//4049 4125//4125
f 4126//4126 4050//4050 4236//4236
f 3923//3923 4127//4127 4129//4129
f 4130//4130 4128//4128 3924//3924
f 4049//4049 4235//4235 4127//4127
f 4128//4128 4236//4236 4050//4050
f 4129//4129 4231//4231 4045//4045
f 4046//4046 4232//4232 4130//4130
f 3929//3929 4131//4131 4135//4135
f 4136//4136 4132//4132 3930//3930
f 3925//3925 4133//4133 4131//4131
f 4132//4132 4134//4134 3926//3926
f 3927//3927 4237//4237 4133//4133
f 4134//4134 4238//4238 3928//3928
f 4239//4239 3927//3927 4053//4053
f 4054//4054 3928//3928 4240//4240
f 4241//4241 4053//4053 4107//4107
f 4108//4108 4054//4054 4242//4242
f 3931//3931 4135//4135 4137//4137
f 4138//4138 4136//4136 3932//3932
f 3933//3933 4137//4137 4139//4139
f 4140//4140 4138//4138 3934//3934
f 3935//3935 4139//4139 4243//4243
f 4244//4244 4140//4140 3936//3936
f 4141//4141 3935//3935 4243//4243
f 4244//4244 3936//3936 4142//4142
f 4143//4143 4055//4055 4141//4141
f 4142//4142 4056//4056 4144//4144
f 4145//4145 3937//3937 4143//4143
f 4144//4144 3938//3938 4146//4146
f 4147//4147 3939//3939 4145//4145
f 4146//4146 3940//3940 4148//4148
f 4147//4147 4245//4245 4057//4057
f 4058//4058 4246//4246 4148//4148
f 4149//4149 3941//3941 4151//4151
f 4152//4152 3942//3942 4150//4150
f 4151//4151 3943//3943 4153//4153
f 4154//4154 3944//3944 4152//4152
f 4153//4153 4057//4057 4245//4245
f 4246//4246 4058//4058 4154//4154
f 4149//4149 4155//4155 3947//3947
f 3948//3948 4156//4156 4150//4150
f 4155//4155 4157//4157 3949//3949
f 3950//3950 4158//4158 4156//4156
f 4157//4157 4159//4159 3951//3951
f 3952//3952 4160//4160 4158//4158
f 4159//4159 4161//4161 3953//3953
f 3954//3954 4162//4162 4160//4160
f 4161//4161 4163//4163 3955//3955
f 3956//3956 4164//4164 4162//4162
f 4163//4163 4221//4221 4059//4059
f 4060//4060 4222//4222 4164//4164
f 4165//4165 4059//4059 4221//4221
f 4222//4222 4060//4060 4166//4166
f 4033//4033 4061//4061 4165//4165
f 4166//4166 4062//4062 4034//4034
f 3967//3967 4105//4105 4247//4247
f 4248//4248 4106//4106 3968//3968
f 4249//4249 4167//4167 4063//4063
f 4064//4064 4168//4168 4250//4250
f 4251//4251 4065//4065 4252//4252
f 4253//4253 4066//4066 4254//4254
f 4065//4065 4251//4251 4169//4169
f 4170//4170 4254//4254 4066//4066
f 4171//4171 3973//3973 4169//4169
f 4170//4170 3974//3974 4172//4172
f 4255//4255 4067//4067 4171//4171
f 4172//4172 4068//4068 4256//4256
f 4067//4067 4255//4255 4173//4173
f 4174//4174 4256//4256 4068//4068
f 4175//4175 3977//3977 4173//4173
f 4174//4174 3978//3978 4176//4176
f 4257//4257 4069//4069 4175//4175
f 4176//4176 4070//4070 4258//4258
f 3981//3981 4179//4179 4177//4177
f 4178//4178 4180//4180 3982//3982
f 3983//3983 4181//4181 4179//4179
f 4180//4180 4182//4182 3984//3984
f 3985//3985 4183//4183 4181//4181
f 4182//4182 4184//4184 3986//3986
f 4069//4069 4257//4257 4183//4183
f 4184//4184 4258//4258 4070//4070
f 4259//4259 4185//4185 4071//4071
f 4072//4072 4186//4186 4260//4260
f 4185//4185 4187//4187 3993//3993
f 3994//3994 4188//4188 4186//4186
f 4261//4261 4071//4071 4073//4073
f 4074//4074 4072//4072 4262//4262
f 4187//4187 4263//4263 3995//3995
f 3996//3996 4264//4264 4188//4188
f 4265//4265 4073//4073 4077//4077
f 4078//4078 4074//4074 4266//4266
f 4075//4075 4189//4189 4263//4263
f 4264//4264 4190//4190 4076//4076
f 3995//3995 4263//4263 4189//4189
f 4190//4190 4264//4264 3996//3996
f 4267//4267 4077//4077 4079//4079
f 4080//4080 4078//4078 4268//4268
f 4083//4083 4267//4267 4079//4079
f 4080//4080 4268//4268 4084//4084
f 4269//4269 4081//4081 4177//4177
f 4178//4178 4082//4082 4270//4270
f 4001//4001 4191//4191 4195//4195
f 4196//4196 4192//4192 4002//4002
f 3999//3999 4193//4193 4191//4191
f 4192//4192 4194//4194 4000//4000
f 4081//4081 4269//4269 4193//4193
f 4194//4194 4270//4270 4082//4082
f 4195//4195 4197//4197 4003//4003
f 4004//4004 4198//4198 4196//4196
f 4197//4197 4199//4199 4005//4005
f 4006//4006 4200//4200 4198//4198
f 4083//4083 4199//4199 4271//4271
f 4272//4272 4200//4200 4084//4084
f 4263//4263 4201//4201 4075//4075
f 4076//4076 4202//4202 4264//4264
f 4201//4201 4203//4203 4009//4009
f 4010//4010 4204//4204 4202//4202
f 4208//4208 4273//4273 4274//4274
f 4275//4275 4276//4276 4209//4209
f 4015//4015 4211//4211 4207//4207
f 4210//4210 4212//4212 4016//4016
f 4207//4207 4277//4277 4208//4208
f 4209//4209 4278//4278 4210//4210
f 3885//3885 4213//4213 4211//4211
f 4212//4212 4214//4214 3886//3886
f 4089//4089 4279//4279 4213//4213
f 4214//4214 4280//4280 4090//4090
f 4091//4091 4093//4093 4281//4281
f 4282//4282 4094//4094 4092//4092
f 4215//4215 4091//4091 4281//4281
f 4282//4282 4092//4092 4216//4216
f 4217//4217 4017//4017 4215//4215
f 4216//4216 4018//4018 4218//4218
f 4279//4279 4089//4089 4217//4217
f 4218//4218 4090//4090 4280//4280
f 4093//4093 4095//4095 4283//4283
f 4284//4284 4096//4096 4094//4094
f 4095//4095 4203//4203 4285//4285
f 4286//4286 4204//4204 4096//4096
f 4287//4287 4219//4219 4205//4205
f 4206//4206 4220//4220 4288//4288
f 4099//4099 4097//4097 4289//4289
f 4290//4290 4098//4098 4100//4100
f 4289//4289 4101//4101 4099//4099
f 4100//4100 4102//4102 4290//4290
f 4101//4101 4291//4291 4103//4103
f 4104//4104 4292//4292 4102//4102
f 4103//4103 4247//4247 4105//4105
f 4106//4106 4248//4248 4104//4104
f 4035//4035 4165//4165 4221//4221
f 4222//4222 4166//4166 4036//4036
f 4037//4037 4221//4221 4223//4223
f 4224//4224 4222//4222 4038//4038
f 4039//4039 4223//4223 4225//4225
f 4226//4226 4224//4224 4040//4040
f 4041//4041 4225//4225 4227//4227
f 4228//4228 4226//4226 4042//4042
f 4043//4043 4227//4227 4229//4229
f 4230//4230 4228//4228 4044//4044
f 4047//4047 4229//4229 4233//4233
f 4234//4234 4230//4230 4048//4048
f 4293//4293 4107//4107 4109//4109
f 4110//4110 4108//4108 4294//4294
f 4295//4295 4109//4109 4111//4111
f 4112//4112 4110//4110 4296//4296
f 4297//4297 4111//4111 4113//4113
f 4114//4114 4112//4112 4298//4298
f 4299//4299 4113//4113 4115//4115
f 4116//4116 4114//4114 4300//4300
f 4117//4117 4299//4299 4115//4115
f 4116//4116 4300//4300 4118//4118
f 4119//4119 4301//4301 4117//4117
f 4118//4118 4302//4302 4120//4120
f 4121//4121 4303//4303 4119//4119
f 4120//4120 4304//4304 4122//4122
f 4231//4231 4305//4305 4121//4121
f 4122//4122 4306//4306 4232//4232
f 4123//4123 4233//4233 4307//4307
f 4308//4308 4234//4234 4124//4124
f 4123//4123 4309//4309 4125//4125
f 4126//4126 4310//4310 4124//4124
f 4125//4125 4311//4311 4235//4235
f 4236//4236 4312//4312 4126//4126
f 4313//4313 4129//4129 4127//4127
f 4128//4128 4130//4130 4314//4314
f 4315//4315 4127//4127 4235//4235
f 4236//4236 4128//4128 4316//4316
f 4231//4231 4129//4129 4317//4317
f 4318//4318 4130//4130 4232//4232
f 4319//4319 4320//4320 4321//4321
f 4322//4322 4323//4323 4324//4324
f 4325//4325 4326//4326 4319//4319
f 4324//4324 4327//4327 4328//4328
f 4237//4237 3927//3927 4239//4239
f 4240//4240 3928//3928 4238//4238
f 4329//4329 4330//4330 4325//4325
f 4328//4328 4331//4331 4332//4332
f 4053//4053 4241//4241 4239//4239
f 4240//4240 4242//4242 4054//4054
f 4107//4107 4293//4293 4241//4241
f 4242//4242 4294//4294 4108//4108
f 4321//4321 4333//4333 4334//4334
f 4335//4335 4336//4336 4322//4322
f 4334//4334 4337//4337 4338//4338
f 4339//4339 4340//4340 4335//4335
f 4338//4338 4341//4341 4342//4342
f 4343//4343 4344//4344 4339//4339
f 4341//4341 4345//4345 4342//4342
f 4343//4343 4346//4346 4344//4344
f 4347//4347 4348//4348 4345//4345
f 4346//4346 4349//4349 4350//4350
f 4351//4351 4352//4352 4348//4348
f 4349//4349 4353//4353 4354//4354
f 4355//4355 4356//4356 4352//4352
f 4353//4353 4357//4357 4358//4358
f 4245//4245 4147//4147 4359//4359
f 4360//4360 4148//4148 4246//4246
f 4151//4151 4361//4361 4149//4149
f 4150//4150 4362//4362 4152//4152
f 4153//4153 4363//4363 4151//4151
f 4152//4152 4364//4364 4154//4154
f 4245//4245 4365//4365 4153//4153
f 4154//4154 4366//4366 4246//4246
f 4155//4155 4149//4149 4361//4361
f 4362//4362 4150//4150 4156//4156
f 4157//4157 4155//4155 4367//4367
f 4368//4368 4156//4156 4158//4158
f 4159//4159 4157//4157 4369//4369
f 4370//4370 4158//4158 4160//4160
f 4161//4161 4159//4159 4371//4371
f 4372//4372 4160//4160 4162//4162
f 4163//4163 4161//4161 4373//4373
f 4374//4374 4162//4162 4164//4164
f 4221//4221 4163//4163 4223//4223
f 4224//4224 4164//4164 4222//4222
f 4249//4249 4375//4375 4167//4167
f 4168//4168 4376//4376 4250//4250
f 4252//4252 4377//4377 4251//4251
f 4254//4254 4378//4378 4253//4253
f 4251//4251 4377//4377 4169//4169
f 4170//4170 4378//4378 4254//4254
f 4169//4169 4379//4379 4171//4171
f 4172//4172 4380//4380 4170//4170
f 4171//4171 4381//4381 4255//4255
f 4256//4256 4382//4382 4172//4172
f 4383//4383 4173//4173 4255//4255
f 4256//4256 4174//4174 4384//4384
f 4173//4173 4383//4383 4175//4175
f 4176//4176 4384//4384 4174//4174
f 4175//4175 4385//4385 4257//4257
f 4258//4258 4386//4386 4176//4176
f 4387//4387 4177//4177 4179//4179
f 4180//4180 4178//4178 4388//4388
f 4389//4389 4179//4179 4181//4181
f 4182//4182 4180//4180 4390//4390
f 4391//4391 4181//4181 4183//4183
f 4184//4184 4182//4182 4392//4392
f 4393//4393 4183//4183 4257//4257
f 4258//4258 4184//4184 4394//4394
f 4185//4185 4259//4259 4395//4395
f 4396//4396 4260//4260 4186//4186
f 4071//4071 4261//4261 4259//4259
f 4260//4260 4262//4262 4072//4072
f 4187//4187 4185//4185 4397//4397
f 4398//4398 4186//4186 4188//4188
f 4073//4073 4265//4265 4261//4261
f 4262//4262 4266//4266 4074//4074
f 4399//4399 4263//4263 4187//4187
f 4188//4188 4264//4264 4400//4400
f 4077//4077 4267//4267 4265//4265
f 4266//4266 4268//4268 4078//4078
f 4267//4267 4083//4083 4401//4401
f 4402//4402 4084//4084 4268//4268
f 4177//4177 4387//4387 4269//4269
f 4270//4270 4388//4388 4178//4178
f 4403//4403 4195//4195 4191//4191
f 4192//4192 4196//4196 4404//4404
f 4405//4405 4191//4191 4193//4193
f 4194//4194 4192//4192 4406//4406
f 4407//4407 4193//4193 4269//4269
f 4270//4270 4194//4194 4408//4408
f 4197//4197 4195//4195 4409//4409
f 4410//4410 4196//4196 4198//4198
f 4199//4199 4197//4197 4411//4411
f 4412//4412 4198//4198 4200//4200
f 4411//4411 4271//4271 4199//4199
f 4200//4200 4272//4272 4412//4412
f 4271//4271 4401//4401 4083//4083
f 4084//4084 4402//4402 4272//4272
f 4201//4201 4263//4263 4413//4413
f 4414//4414 4264//4264 4202//4202
f 4203//4203 4201//4201 4415//4415
f 4416//4416 4202//4202 4204//4204
f 4208//4208 4277//4277 4273//4273
f 4276//4276 4278//4278 4209//4209
f 4273//4273 4417//4417 4274//4274
f 4275//4275 4418//4418 4276//4276
f 4277//4277 4207//4207 4211//4211
f 4212//4212 4210//4210 4278//4278
f 4419//4419 4211//4211 4213//4213
f 4214//4214 4212//4212 4420//4420
f 4421//4421 4213//4213 4279//4279
f 4280//4280 4214//4214 4422//4422
f 4283//4283 4281//4281 4093//4093
f 4094//4094 4282//4282 4284//4284
f 4281//4281 4423//4423 4215//4215
f 4216//4216 4424//4424 4282//4282
f 4215//4215 4425//4425 4217//4217
f 4218//4218 4426//4426 4216//4216
f 4217//4217 4427//4427 4279//4279
f 4280//4280 4428//4428 4218//4218
f 4285//4285 4283//4283 4095//4095
f 4096//4096 4284//4284 4286//4286
f 4415//4415 4285//4285 4203//4203
f 4204//4204 4286//4286 4416//4416
f 4429//4429 4219//4219 4287//4287
f 4288//4288 4220//4220 4430//4430
f 4287//4287 4205//4205 4431//4431
f 4432//4432 4206//4206 4288//4288
f 4219//4219 4429//4429 4433//4433
f 4434//4434 4430//4430 4220//4220
f 4101//4101 4289//4289 4435//4435
f 4436//4436 4290//4290 4102//4102
f 4291//4291 4101//4101 4435//4435
f 4436//4436 4102//4102 4292//4292
f 4247//4247 4103//4103 4291//4291
f 4292//4292 4104//4104 4248//4248
f 4223//4223 4373//4373 4225//4225
f 4226//4226 4374//4374 4224//4224
f 4225//4225 4437//4437 4227//4227
f 4228//4228 4438//4438 4226//4226
f 4227//4227 4439//4439 4229//4229
f 4230//4230 4440//4440 4228//4228
f 4229//4229 4441//4441 4233//4233
f 4234//4234 4442//4442 4230//4230
f 4109//4109 4295//4295 4293//4293
f 4294//4294 4296//4296 4110//4110
f 4111//4111 4297//4297 4295//4295
f 4296//4296 4298//4298 4112//4112
f 4113//4113 4299//4299 4297//4297
f 4298//4298 4300//4300 4114//4114
f 4299//4299 4117//4117 4301//4301
f 4302//4302 4118//4118 4300//4300
f 4301//4301 4119//4119 4303//4303
f 4304//4304 4120//4120 4302//4302
f 4303//4303 4121//4121 4305//4305
f 4306//4306 4122//4122 4304//4304
f 4305//4305 4231//4231 4443//4443
f 4444//4444 4232//4232 4306//4306
f 4233//4233 4445//4445 4307//4307
f 4308//4308 4446//4446 4234//4234
f 4309//4309 4123//4123 4307//4307
f 4308//4308 4124//4124 4310//4310
f 4311//4311 4125//4125 4309//4309
f 4310//4310 4126//4126 4312//4312
f 4447//4447 4235//4235 4311//4311
f 4312//4312 4236//4236 4448//4448
f 4129//4129 4313//4313 4317//4317
f 4318//4318 4314//4314 4130//4130
f 4127//4127 4315//4315 4313//4313
f 4314//4314 4316//4316 4128//4128
f 4235//4235 4447//4447 4315//4315
f 4316//4316 4448//4448 4236//4236
f 4317//4317 4443//4443 4231//4231
f 4232//4232 4444//4444 4318//4318
f 4319//4319 4326//4326 4320//4320
f 4323//4323 4327//4327 4324//4324
f 4321//4321 4320//4320 4333//4333
f 4336//4336 4323//4323 4322//4322
f 4325//4325 4330//4330 4326//4326
f 4327//4327 4331//4331 4328//4328
f 4449//4449 4450//4450 4329//4329
f 4332//4332 4451//4451 4452//4452
f 4329//4329 4450//4450 4330//4330
f 4331//4331 4451//4451 4332//4332
f 4453//4453 4454//4454 4449//4449
f 4452//4452 4455//4455 4456//4456
f 4457//4457 4458//4458 4453//4453
f 4456//4456 4459//4459 4460//4460
f 4334//4334 4333//4333 4337//4337
f 4340//4340 4336//4336 4335//4335
f 4338//4338 4337//4337 4341//4341
f 4344//4344 4340//4340 4339//4339
f 4347//4347 4345//4345 4341//4341
f 4344//4344 4346//4346 4350//4350
f 4351//4351 4348//4348 4347//4347
f 4350//4350 4349//4349 4354//4354
f 4355//4355 4352//4352 4351//4351
f 4354//4354 4353//4353 4358//4358
f 4461//4461 4356//4356 4355//4355
f 4358//4358 4357//4357 4462//4462
f 4461//4461 4463//4463 4356//4356
f 4357//4357 4464//4464 4462//4462
f 4359//4359 4465//4465 4245//4245
f 4246//4246 4466//4466 4360//4360
f 4361//4361 4151//4151 4363//4363
f 4364//4364 4152//4152 4362//4362
f 4363//4363 4153//4153 4365//4365
f 4366//4366 4154//4154 4364//4364
f 4365//4365 4245//4245 4465//4465
f 4466//4466 4246//4246 4366//4366
f 4361//4361 4367//4367 4155//4155
f 4156//4156 4368//4368 4362//4362
f 4367//4367 4369//4369 4157//4157
f 4158//4158 4370//4370 4368//4368
f 4369//4369 4371//4371 4159//4159
f 4160//4160 4372//4372 4370//4370
f 4371//4371 4373//4373 4161//4161
f 4162//4162 4374//4374 4372//4372
f 4373//4373 4223//4223 4163//4163
f 4164//4164 4224//4224 4374//4374
f 4287//4287 4375//4375 4249//4249
f 4250//4250 4376//4376 4288//4288
f 4467//4467 4252//4252 4468//4468
f 4469//4469 4253//4253 4470//4470
f 4252//4252 4467//4467 4377//4377
f 4378//4378 4470//4470 4253//4253
f 4379//4379 4169//4169 4377//4377
f 4378//4378 4170//4170 4380//4380
f 4381//4381 4171//4171 4379//4379
f 4380//4380 4172//4172 4382//4382
f 4471//4471 4255//4255 4381//4381
f 4382//4382 4256//4256 4472//4472
f 4255//4255 4471//4471 4383//4383
f 4384//4384 4472//4472 4256//4256
f 4385//4385 4175//4175 4383//4383
f 4384//4384 4176//4176 4386//4386
f 4473//4473 4257//4257 4385//4385
f 4386//4386 4258//4258 4474//4474
f 4179//4179 4389//4389 4387//4387
f 4388//4388 4390//4390 4180//4180
f 4181//4181 4391//4391 4389//4389
f 4390//4390 4392//4392 4182//4182
f 4183//4183 4393//4393 4391//4391
f 4392//4392 4394//4394 4184//4184
f 4257//4257 4473//4473 4393//4393
f 4394//4394 4474//4474 4258//4258
f 4475//4475 4395//4395 4259//4259
f 4260//4260 4396//4396 4476//4476
f 4395//4395 4397//4397 4185//4185
f 4186//4186 4398//4398 4396//4396
f 4477//4477 4259//4259 4261//4261
f 4262//4262 4260//4260 4478//4478
f 4397//4397 4479//4479 4187//4187
f 4188//4188 4480//4480 4398//4398
f 4481//4481 4261//4261 4265//4265
f 4266//4266 4262//4262 4482//4482
f 4263//4263 4399//4399 4479//4479
f 4480//4480 4400//4400 4264//4264
f 4187//4187 4479//4479 4399//4399
f 4400//4400 4480//4480 4188//4188
f 4483//4483 4265//4265 4267//4267
f 4268//4268 4266//4266 4484//4484
f 4485//4485 4267//4267 4401//4401
f 4402//4402 4268//4268 4486//4486
f 4487//4487 4269//4269 4387//4387
f 4388//4388 4270//4270 4488//4488
f 4195//4195 4403//4403 4409//4409
f 4410//4410 4404//4404 4196//4196
f 4191//4191 4405//4405 4403//4403
f 4404//4404 4406//4406 4192//4192
f 4193//4193 4407//4407 4405//4405
f 4406//4406 4408//4408 4194//4194
f 4269//4269 4487//4487 4407//4407
f 4408//4408 4488//4488 4270//4270
f 4409//4409 4411//4411 4197//4197
f 4198//4198 4412//4412 4410//4410
f 4271//4271 4411//4411 4489//4489
f 4490//4490 4412//4412 4272//4272
f 4401//4401 4271//4271 4491//4491
f 4492//4492 4272//4272 4402//4402
f 4479//4479 4413//4413 4263//4263
f 4264//4264 4414//4414 4480//4480
f 4413//4413 4415//4415 4201//4201
f 4202//4202 4416//4416 4414//4414
f 4417//4417 4273//4273 4277//4277
f 4278//4278 4276//4276 4418//4418
f 4274//4274 4417//4417 4493//4493
f 4494//4494 4418//4418 4275//4275
f 4211//4211 4419//4419 4277//4277
f 4278//4278 4420//4420 4212//4212
f 4213//4213 4421//4421 4419//4419
f 4420//4420 4422//4422 4214//4214
f 4279//4279 4495//4495 4421//4421
f 4422//4422 4496//4496 4280//4280
f 4281//4281 4283//4283 4497//4497
f 4498//4498 4284//4284 4282//4282
f 4423//4423 4281//4281 4497//4497
f 4498//4498 4282//4282 4424//4424
f 4425//4425 4215//4215 4423//4423
f 4424//4424 4216//4216 4426//4426
f 4427//4427 4217//4217 4425//4425
f 4426//4426 4218//4218 4428//4428
f 4495//4495 4279//4279 4427//4427
f 4428//4428 4280//4280 4496//4496
f 4283//4283 4285//4285 4499//4499
f 4500//4500 4286//4286 4284//4284
f 4285//4285 4415//4415 4501//4501
f 4502//4502 4416//4416 4286//4286
f 4287//4287 4431//4431 4375//4375
f 4376//4376 4432//4432 4288//4288
f 4437//4437 4225//4225 4373//4373
f 4374//4374 4226//4226 4438//4438
f 4439//4439 4227//4227 4437//4437
f 4438//4438 4228//4228 4440//4440
f 4441//4441 4229//4229 4439//4439
f 4440//4440 4230//4230 4442//4442
f 4445//4445 4233//4233 4441//4441
f 4442//4442 4234//4234 4446//4446
f 4503//4503 4504//4504 4457//4457
f 4460//4460 4505//4505 4506//4506
f 4507//4507 4508//4508 4503//4503
f 4506//4506 4509//4509 4510//4510
f 4511//4511 4512//4512 4507//4507
f 4510//4510 4513//4513 4514//4514
f 4515//4515 4516//4516 4511//4511
f 4514//4514 4517//4517 4518//4518
f 4519//4519 4520//4520 4515//4515
f 4518//4518 4521//4521 4522//4522
f 4523//4523 4524//4524 4519//4519
f 4522//4522 4525//4525 4526//4526
f 4527//4527 4523//4523 4528//4528
f 4529//4529 4526//4526 4530//4530
f 4531//4531 4307//4307 4445//4445
f 4446//4446 4308//4308 4532//4532
f 4307//4307 4531//4531 4309//4309
f 4310//4310 4532//4532 4308//4308
f 4309//4309 4533//4533 4311//4311
f 4312//4312 4534//4534 4310//4310
f 4311//4311 4535//4535 4447//4447
f 4448//4448 4536//4536 4312//4312
f 4537//4537 4317//4317 4313//4313
f 4314//4314 4318//4318 4538//4538
f 4539//4539 4313//4313 4315//4315
f 4316//4316 4314//4314 4540//4540
f 4541//4541 4315//4315 4447//4447
f 4448//4448 4316//4316 4542//4542
f 4443//4443 4317//4317 4543//4543
f 4544//4544 4318//4318 4444//4444
f 4545//4545 4546//4546 4547//4547
f 4548//4548 4549//4549 4550//4550
f 4547//4547 4551//4551 4552//4552
f 4553//4553 4554//4554 4548//4548
f 4555//4555 4545//4545 4556//4556
f 4557//4557 4550//4550 4558//4558
f 4449//4449 4454//4454 4450//4450
f 4451//4451 4455//4455 4452//4452
f 4559//4559 4560//4560 4556//4556
f 4557//4557 4561//4561 4562//4562
f 4453//4453 4563//4563 4454//4454
f 4455//4455 4564//4564 4456//4456
f 4457//4457 4504//4504 4458//4458
f 4459//4459 4505//4505 4460//4460
f 4453//4453 4458//4458 4563//4563
f 4564//4564 4459//4459 4456//4456
f 4552//4552 4565//4565 4566//4566
f 4567//4567 4568//4568 4553//4553
f 4566//4566 4569//4569 4570//4570
f 4571//4571 4572//4572 4567//4567
f 4570//4570 4573//4573 4574//4574
f 4575//4575 4576//4576 4571//4571
f 4574//4574 4577//4577 4578//4578
f 4579//4579 4580//4580 4575//4575
f 4578//4578 4581//4581 4582//4582
f 4583//4583 4584//4584 4579//4579
f 4582//4582 4585//4585 4586//4586
f 4587//4587 4588//4588 4583//4583
f 4589//4589 4463//4463 4461//4461
f 4462//4462 4464//4464 4590//4590
f 4465//4465 4359//4359 4591//4591
f 4592//4592 4360//4360 4466//4466
f 4363//4363 4593//4593 4361//4361
f 4362//4362 4594//4594 4364//4364
f 4365//4365 4595//4595 4363//4363
f 4364//4364 4596//4596 4366//4366
f 4465//4465 4597//4597 4365//4365
f 4366//4366 4598//4598 4466//4466
f 4367//4367 4361//4361 4593//4593
f 4594//4594 4362//4362 4368//4368
f 4369//4369 4367//4367 4599//4599
f 4600//4600 4368//4368 4370//4370
f 4371//4371 4369//4369 4601//4601
f 4602//4602 4370//4370 4372//4372
f 4373//4373 4371//4371 4437//4437
f 4438//4438 4372//4372 4374//4374
f 4468//4468 4417//4417 4467//4467
f 4470//4470 4418//4418 4469//4469
f 4467//4467 4417//4417 4377//4377
f 4378//4378 4418//4418 4470//4470
f 4377//4377 4603//4603 4379//4379
f 4380//4380 4604//4604 4378//4378
f 4379//4379 4605//4605 4381//4381
f 4382//4382 4606//4606 4380//4380
f 4381//4381 4607//4607 4471//4471
f 4472//4472 4608//4608 4382//4382
f 4609//4609 4383//4383 4471//4471
f 4472//4472 4384//4384 4610//4610
f 4383//4383 4609//4609 4385//4385
f 4386//4386 4610//4610 4384//4384
f 4385//4385 4611//4611 4473//4473
f 4474//4474 4612//4612 4386//4386
f 4613//4613 4387//4387 4389//4389
f 4390//4390 4388//4388 4614//4614
f 4615//4615 4389//4389 4391//4391
f 4392//4392 4390//4390 4616//4616
f 4617//4617 4391//4391 4393//4393
f 4394//4394 4392//4392 4618//4618
f 4619//4619 4393//4393 4473//4473
f 4474//4474 4394//4394 4620//4620
f 4395//4395 4475//4475 4621//4621
f 4622//4622 4476//4476 4396//4396
f 4259//4259 4477//4477 4475//4475
f 4476//4476 4478//4478 4260//4260
f 4397//4397 4395//4395 4623//4623
f 4624//4624 4396//4396 4398//4398
f 4261//4261 4481//4481 4477//4477
f 4478//4478 4482//4482 4262//4262
f 4625//4625 4479//4479 4397//4397
f 4398//4398 4480//4480 4626//4626
f 4265//4265 4483//4483 4481//4481
f 4482//4482 4484//4484 4266//4266
f 4267//4267 4485//4485 4483//4483
f 4484//4484 4486//4486 4268//4268
f 4491//4491 4485//4485 4401//4401
f 4402//4402 4486//4486 4492//4492
f 4387//4387 4613//4613 4487//4487
f 4488//4488 4614//4614 4388//4388
f 4627//4627 4409//4409 4403//4403
f 4404//4404 4410//4410 4628//4628
f 4629//4629 4403//4403 4405//4405
f 4406//4406 4404//4404 4630//4630
f 4631//4631 4405//4405 4407//4407
f 4408//4408 4406//4406 4632//4632
f 4633//4633 4407//4407 4487//4487
f 4488//4488 4408//4408 4634//4634
f 4411//4411 4409//4409 4635//4635
f 4636//4636 4410//4410 4412//4412
f 4635//4635 4489//4489 4411//4411
f 4412//4412 4490//4490 4636//4636
f 4489//4489 4491//4491 4271//4271
f 4272//4272 4492//4492 4490//4490
f 4413//4413 4479//4479 4637//4637
f 4638//4638 4480//4480 4414//4414
f 4415//4415 4413//4413 4639//4639
f 4640//4640 4414//4414 4416//4416
f 4277//4277 4603//4603 4417//4417
f 4418//4418 4604//4604 4278//4278
f 4493//4493 4417//4417 4641//4641
f 4642//4642 4418//4418 4494//4494
f 4603//4603 4277//4277 4419//4419
f 4420//4420 4278//4278 4604//4604
f 4605//4605 4419//4419 4421//4421
f 4422//4422 4420//4420 4606//4606
f 4607//4607 4421//4421 4495//4495
f 4496//4496 4422//4422 4608//4608
f 4499//4499 4497//4497 4283//4283
f 4284//4284 4498//4498 4500//4500
f 4497//4497 4643//4643 4423//4423
f 4424//4424 4644//4644 4498//4498
f 4423//4423 4645//4645 4425//4425
f 4426//4426 4646//4646 4424//4424
f 4425//4425 4647//4647 4427//4427
f 4428//4428 4648//4648 4426//4426
f 4427//4427 4649//4649 4495//4495
f 4496//4496 4650//4650 4428//4428
f 4501//4501 4499//4499 4285//4285
f 4286//4286 4500//4500 4502//4502
f 4639//4639 4501//4501 4415//4415
f 4416//4416 4502//4502 4640//4640
f 4641//4641 4468//4468 4493//4493
f 4494//4494 4469//4469 4642//4642
f 4437//4437 4601//4601 4439//4439
f 4440//4440 4602//4602 4438//4438
f 4439//4439 4651//4651 4441//4441
f 4442//4442 4652//4652 4440//4440
f 4441//4441 4653//4653 4445//4445
f 4446//4446 4654//4654 4442//4442
f 4503//4503 4508//4508 4504//4504
f 4505//4505 4509//4509 4506//4506
f 4507//4507 4512//4512 4508//4508
f 4509//4509 4513//4513 4510//4510
f 4511//4511 4516//4516 4512//4512
f 4513//4513 4517//4517 4514//4514
f 4515//4515 4520//4520 4516//4516
f 4517//4517 4521//4521 4518//4518
f 4519//4519 4524//4524 4520//4520
f 4521//4521 4525//4525 4522//4522
f 4523//4523 4527//4527 4524//4524
f 4525//4525 4530//4530 4526//4526
f 4655//4655 4527//4527 4528//4528
f 4529//4529 4530//4530 4656//4656
f 4445//4445 4657//4657 4531//4531
f 4532//4532 4658//4658 4446//4446
f 4533//4533 4309//4309 4531//4531
f 4532//4532 4310//4310 4534//4534
f 4535//4535 4311//4311 4533//4533
f 4534//4534 4312//4312 4536//4536
f 4659//4659 4447//4447 4535//4535
f 4536//4536 4448//4448 4660//4660
f 4317//4317 4537//4537 4543//4543
f 4544//4544 4538//4538 4318//4318
f 4313//4313 4539//4539 4537//4537
f 4538//4538 4540//4540 4314//4314
f 4315//4315 4541//4541 4539//4539
f 4540//4540 4542//4542 4316//4316
f 4447//4447 4659//4659 4541//4541
f 4542//4542 4660//4660 4448//4448
f 4546//4546 4545//4545 4661//4661
f 4662//4662 4550//4550 4549//4549
f 4551//4551 4547//4547 4546//4546
f 4549//4549 4548//4548 4554//4554
f 4565//4565 4552//4552 4551//4551
f 4554//4554 4553//4553 4568//4568
f 4545//4545 4555//4555 4661//4661
f 4662//4662 4558//4558 4550//4550
f 4556//4556 4560//4560 4555//4555
f 4558//4558 4561//4561 4557//4557
f 4560//4560 4559//4559 4663//4663
f 4664//4664 4562//4562 4561//4561
f 4665//4665 4663//4663 4666//4666
f 4667//4667 4664//4664 4668//4668
f 4669//4669 4670//4670 4671//4671
f 4672//4672 4673//4673 4674//4674
f 4675//4675 4666//4666 4670//4670
f 4673//4673 4667//4667 4676//4676
f 4569//4569 4566//4566 4565//4565
f 4568//4568 4567//4567 4572//4572
f 4573//4573 4570//4570 4569//4569
f 4572//4572 4571//4571 4576//4576
f 4577//4577 4574//4574 4573//4573
f 4576//4576 4575//4575 4580//4580
f 4581//4581 4578//4578 4577//4577
f 4580//4580 4579//4579 4584//4584
f 4585//4585 4582//4582 4581//4581
f 4584//4584 4583//4583 4588//4588
f 4585//4585 4677//4677 4586//4586
f 4587//4587 4678//4678 4588//4588
f 4589//4589 4679//4679 4463//4463
f 4464//4464 4680//4680 4590//4590
f 4591//4591 4681//4681 4465//4465
f 4466//4466 4682//4682 4592//4592
f 4593//4593 4363//4363 4595//4595
f 4596//4596 4364//4364 4594//4594
f 4595//4595 4365//4365 4597//4597
f 4598//4598 4366//4366 4596//4596
f 4597//4597 4465//4465 4681//4681
f 4682//4682 4466//4466 4598//4598
f 4593//4593 4599//4599 4367//4367
f 4368//4368 4600//4600 4594//4594
f 4599//4599 4601//4601 4369//4369
f 4370//4370 4602//4602 4600//4600
f 4601//4601 4437//4437 4371//4371
f 4372//4372 4438//4438 4602//4602
f 4468//4468 4641//4641 4417//4417
f 4418//4418 4642//4642 4469//4469
f 4603//4603 4377//4377 4417//4417
f 4418//4418 4378//4378 4604//4604
f 4605//4605 4379//4379 4603//4603
f 4604//4604 4380//4380 4606//4606
f 4607//4607 4381//4381 4605//4605
f 4606//4606 4382//4382 4608//4608
f 4683//4683 4471//4471 4607//4607
f 4608//4608 4472//4472 4684//4684
f 4471//4471 4683//4683 4609//4609
f 4610//4610 4684//4684 4472//4472
f 4611//4611 4385//4385 4609//4609
f 4610//4610 4386//4386 4612//4612
f 4685//4685 4473//4473 4611//4611
f 4612//4612 4474//4474 4686//4686
f 4389//4389 4615//4615 4613//4613
f 4614//4614 4616//4616 4390//4390
f 4391//4391 4617//4617 4615//4615
f 4616//4616 4618//4618 4392//4392
f 4393//4393 4619//4619 4617//4617
f 4618//4618 4620//4620 4394//4394
f 4473//4473 4685//4685 4619//4619
f 4620//4620 4686//4686 4474//4474
f 4687//4687 4621//4621 4475//4475
f 4476//4476 4622//4622 4688//4688
f 4621//4621 4623//4623 4395//4395
f 4396//4396 4624//4624 4622//4622
f 4689//4689 4475//4475 4477//4477
f 4478//4478 4476//4476 4690//4690
f 4623//4623 4691//4691 4397//4397
f 4398//4398 4692//4692 4624//4624
f 4693//4693 4477//4477 4481//4481
f 4482//4482 4478//4478 4694//4694
f 4479//4479 4625//4625 4691//4691
f 4692//4692 4626//4626 4480//4480
f 4397//4397 4691//4691 4625//4625
f 4626//4626 4692//4692 4398//4398
f 4695//4695 4481//4481 4483//4483
f 4484//4484 4482//4482 4696//4696
f 4485//4485 4695//4695 4483//4483
f 4484//4484 4696//4696 4486//4486
f 4485//4485 4491//4491 4697//4697
f 4698//4698 4492//4492 4486//4486
f 4699//4699 4487//4487 4613//4613
f 4614//4614 4488//4488 4700//4700
f 4409//4409 4627//4627 4635//4635
f 4636//4636 4628//4628 4410//4410
f 4403//4403 4629//4629 4627//4627
f 4628//4628 4630//4630 4404//4404
f 4405//4405 4631//4631 4629//4629
f 4630//4630 4632//4632 4406//4406
f 4407//4407 4633//4633 4631//4631
f 4632//4632 4634//4634 4408//4408
f 4487//4487 4699//4699 4633//4633
f 4634//4634 4700//4700 4488//4488
f 4489//4489 4635//4635 4701//4701
f 4702//4702 4636//4636 4490//4490
f 4491//4491 4489//4489 4703//4703
f 4704//4704 4490//4490 4492//4492
f 4691//4691 4637//4637 4479//4479
f 4480//4480 4638//4638 4692//4692
f 4637//4637 4639//4639 4413//4413
f 4414//4414 4640//4640 4638//4638
f 4419//4419 4605//4605 4603//4603
f 4604//4604 4606//4606 4420//4420
f 4421//4421 4607//4607 4605//4605
f 4606//4606 4608//4608 4422//4422
f 4495//4495 4683//4683 4607//4607
f 4608//4608 4684//4684 4496//4496
f 4497//4497 4499//4499 4705//4705
f 4706//4706 4500//4500 4498//4498
f 4643//4643 4497//4497 4705//4705
f 4706//4706 4498//4498 4644//4644
f 4645//4645 4423//4423 4643//4643
f 4644//4644 4424//4424 4646//4646
f 4647//4647 4425//4425 4645//4645
f 4646//4646 4426//4426 4648//4648
f 4649//4649 4427//4427 4647//4647
f 4648//4648 4428//4428 4650//4650
f 4683//4683 4495//4495 4649//4649
f 4650//4650 4496//4496 4684//4684
f 4499//4499 4501//4501 4707//4707
f 4708//4708 4502//4502 4500//4500
f 4501//4501 4639//4639 4709//4709
f 4710//4710 4640//4640 4502//4502
f 4651//4651 4439//4439 4601//4601
f 4602//4602 4440//4440 4652//4652
f 4653//4653 4441//4441 4651//4651
f 4652//4652 4442//4442 4654//4654
f 4657//4657 4445//4445 4653//4653
f 4654//4654 4446//4446 4658//4658
f 4711//4711 4671//4671 4712//4712
f 4713//4713 4672//4672 4714//4714
f 4715//4715 4712//4712 4716//4716
f 4717//4717 4713//4713 4718//4718
f 4719//4719 4715//4715 4716//4716
f 4717//4717 4718//4718 4720//4720
f 4721//4721 4722//4722 4719//4719
f 4720//4720 4723//4723 4724//4724
f 4725//4725 4726//4726 4721//4721
f 4724//4724 4727//4727 4728//4728
f 4729//4729 4730//4730 4725//4725
f 4728//4728 4731//4731 4732//4732
f 4527//4527 4655//4655 4733//4733
f 4734//4734 4656//4656 4530//4530
f 4735//4735 4531//4531 4657//4657
f 4658//4658 4532//4532 4736//4736
f 4531//4531 4735//4735 4533//4533
f 4534//4534 4736//4736 4532//4532
f 4533//4533 4737//4737 4535//4535
f 4536//4536 4738//4738 4534//4534
f 4535//4535 4739//4739 4659//4659
f 4660//4660 4740//4740 4536//4536
f 4733//4733 4655//4655 4741//4741
f 4742//4742 4656//4656 4734//4734
f 4743//4743 4741//4741 4744//4744
f 4745//4745 4742//4742 4746//4746
f 4747//4747 4744//4744 4748//4748
f 4749//4749 4745//4745 4750//4750
f 4751//4751 4748//4748 4752//4752
f 4753//4753 4749//4749 4754//4754
f 4755//4755 4756//4756 4757//4757
f 4758//4758 4759//4759 4760//4760
f 4757//4757 4761//4761 4762//4762
f 4763//4763 4764//4764 4758//4758
f 4762//4762 4765//4765 4766//4766
f 4767//4767 4768//4768 4763//4763
f 4769//4769 4755//4755 4770//4770
f 4771//4771 4760//4760 4772//4772
f 4555//4555 4560//4560 4773//4773
f 4774//4774 4561//4561 4558//4558
f 4663//4663 4665//4665 4560//4560
f 4561//4561 4668//4668 4664//4664
f 4666//4666 4675//4675 4665//4665
f 4668//4668 4676//4676 4667//4667
f 4670//4670 4669//4669 4675//4675
f 4676//4676 4674//4674 4673//4673
f 4671//4671 4711//4711 4669//4669
f 4674//4674 4714//4714 4672//4672
f 4766//4766 4775//4775 4776//4776
f 4777//4777 4778//4778 4767//4767
f 4776//4776 4779//4779 4780//4780
f 4781//4781 4782//4782 4777//4777
f 4779//4779 4783//4783 4780//4780
f 4781//4781 4784//4784 4782//4782
f 4785//4785 4786//4786 4783//4783
f 4784//4784 4787//4787 4788//4788
f 4789//4789 4790//4790 4786//4786
f 4787//4787 4791//4791 4792//4792
f 4677//4677 4585//4585 4793//4793
f 4794//4794 4588//4588 4678//4678
f 4795//4795 4679//4679 4589//4589
f 4590//4590 4680//4680 4796//4796
f 4681//4681 4591//4591 4797//4797
f 4798//4798 4592//4592 4682//4682
f 4595//4595 4799//4799 4593//4593
f 4594//4594 4800//4800 4596//4596
f 4597//4597 4801//4801 4595//4595
f 4596//4596 4802//4802 4598//4598
f 4681//4681 4803//4803 4597//4597
f 4598//4598 4804//4804 4682//4682
f 4599//4599 4593//4593 4799//4799
f 4800//4800 4594//4594 4600//4600
f 4601//4601 4599//4599 4651//4651
f 4652//4652 4600//4600 4602//4602
f 4805//4805 4609//4609 4683//4683
f 4684//4684 4610//4610 4806//4806
f 4609//4609 4805//4805 4611//4611
f 4612//4612 4806//4806 4610//4610
f 4611//4611 4807//4807 4685//4685
f 4686//4686 4808//4808 4612//4612
f 4809//4809 4613//4613 4615//4615
f 4616//4616 4614//4614 4810//4810
f 4811//4811 4615//4615 4617//4617
f 4618//4618 4616//4616 4812//4812
f 4813//4813 4617//4617 4619//4619
f 4620//4620 4618//4618 4814//4814
f 4815//4815 4619//4619 4685//4685
f 4686//4686 4620//4620 4816//4816
f 4621//4621 4687//4687 4817//4817
f 4818//4818 4688//4688 4622//4622
f 4475//4475 4689//4689 4687//4687
f 4688//4688 4690//4690 4476//4476
f 4623//4623 4621//4621 4819//4819
f 4820//4820 4622//4622 4624//4624
f 4477//4477 4693//4693 4689//4689
f 4690//4690 4694//4694 4478//4478
f 4821//4821 4691//4691 4623//4623
f 4624//4624 4692//4692 4822//4822
f 4481//4481 4695//4695 4693//4693
f 4694//4694 4696//4696 4482//4482
f 4695//4695 4485//4485 4823//4823
f 4824//4824 4486//4486 4696//4696
f 4703//4703 4697//4697 4491//4491
f 4492//4492 4698//4698 4704//4704
f 4697//4697 4823//4823 4485//4485
f 4486//4486 4824//4824 4698//4698
f 4613//4613 4809//4809 4699//4699
f 4700//4700 4810//4810 4614//4614
f 4825//4825 4635//4635 4627//4627
f 4628//4628 4636//4636 4826//4826
f 4827//4827 4627//4627 4629//4629
f 4630//4630 4628//4628 4828//4828
f 4829//4829 4629//4629 4631//4631
f 4632//4632 4630//4630 4830//4830
f 4831//4831 4631//4631 4633//4633
f 4634//4634 4632//4632 4832//4832
f 4833//4833 4633//4633 4699//4699
f 4700//4700 4634//4634 4834//4834
f 4635//4635 4825//4825 4701//4701
f 4702//4702 4826//4826 4636//4636
f 4701//4701 4703//4703 4489//4489
f 4490//4490 4704//4704 4702//4702
f 4637//4637 4691//4691 4835//4835
f 4836//4836 4692//4692 4638//4638
f 4639//4639 4637//4637 4837//4837
f 4838//4838 4638//4638 4640//4640
f 4707//4707 4705//4705 4499//4499
f 4500//4500 4706//4706 4708//4708
f 4705//4705 4839//4839 4643//4643
f 4644//4644 4840//4840 4706//4706
f 4643//4643 4841//4841 4645//4645
f 4646//4646 4842//4842 4644//4644
f 4645//4645 4843//4843 4647//4647
f 4648//4648 4844//4844 4646//4646
f 4647//4647 4845//4845 4649//4649
f 4650//4650 4846//4846 4648//4648
f 4649//4649 4805//4805 4683//4683
f 4684//4684 4806//4806 4650//4650
f 4709//4709 4707//4707 4501//4501
f 4502//4502 4708//4708 4710//4710
f 4837//4837 4709//4709 4639//4639
f 4640//4640 4710//4710 4838//4838
f 4651//4651 4799//4799 4653//4653
f 4654//4654 4800//4800 4652//4652
f 4653//4653 4801//4801 4657//4657
f 4658//4658 4802//4802 4654//4654
f 4712//4712 4715//4715 4711//4711
f 4714//4714 4718//4718 4713//4713
f 4715//4715 4719//4719 4722//4722
f 4723//4723 4720//4720 4718//4718
f 4722//4722 4721//4721 4726//4726
f 4727//4727 4724//4724 4723//4723
f 4726//4726 4725//4725 4730//4730
f 4731//4731 4728//4728 4727//4727
f 4730//4730 4729//4729 4847//4847
f 4848//4848 4732//4732 4731//4731
f 4849//4849 4729//4729 4850//4850
f 4851//4851 4732//4732 4852//4852
f 4657//4657 4803//4803 4735//4735
f 4736//4736 4804//4804 4658//4658
f 4737//4737 4533//4533 4735//4735
f 4736//4736 4534//4534 4738//4738
f 4739//4739 4535//4535 4737//4737
f 4738//4738 4536//4536 4740//4740
f 4853//4853 4752//4752 4854//4854
f 4855//4855 4753//4753 4856//4856
f 4733//4733 4741//4741 4743//4743
f 4746//4746 4742//4742 4734//4734
f 4743//4743 4744//4744 4747//4747
f 4750//4750 4745//4745 4746//4746
f 4747//4747 4748//4748 4751//4751
f 4754//4754 4749//4749 4750//4750
f 4751//4751 4752//4752 4853//4853
f 4856//4856 4753//4753 4754//4754
f 4756//4756 4755//4755 4857//4857
f 4858//4858 4760//4760 4759//4759
f 4761//4761 4757//4757 4756//4756
f 4759//4759 4758//4758 4764//4764
f 4765//4765 4762//4762 4761//4761
f 4764//4764 4763//4763 4768//4768
f 4775//4775 4766//4766 4765//4765
f 4768//4768 4767//4767 4778//4778
f 4755//4755 4769//4769 4857//4857
f 4858//4858 4772//4772 4760//4760
f 4770//4770 4859//4859 4769//4769
f 4772//4772 4860//4860 4771//4771
f 4859//4859 4861//4861 4862//4862
f 4863//4863 4864//4864 4860//4860
f 4861//4861 4859//4859 4770//4770
f 4771//4771 4860//4860 4864//4864
f 4865//4865 4862//4862 4866//4866
f 4867//4867 4863//4863 4868//4868
f 4869//4869 4866//4866 4870//4870
f 4871//4871 4867//4867 4872//4872
f 4873//4873 4870//4870 4874//4874
f 4875//4875 4871//4871 4876//4876
f 4877//4877 4874//4874 4878//4878
f 4879//4879 4875//4875 4880//4880
f 4779//4779 4776//4776 4775//4775
f 4778//4778 4777//4777 4782//4782
f 4783//4783 4779//4779 4785//4785
f 4788//4788 4782//4782 4784//4784
f 4786//4786 4785//4785 4789//4789
f 4792//4792 4788//4788 4787//4787
f 4790//4790 4789//4789 4881//4881
f 4882//4882 4792//4792 4791//4791
f 4881//4881 4883//4883 4790//4790
f 4791//4791 4884//4884 4882//4882
f 4793//4793 4885//4885 4677//4677
f 4678//4678 4886//4886 4794//4794
f 4795//4795 4887//4887 4679//4679
f 4680//4680 4888//4888 4796//4796
f 4797//4797 4889//4889 4681//4681
f 4682//4682 4890//4890 4798//4798
f 4799//4799 4595//4595 4801//4801
f 4802//4802 4596//4596 4800//4800
f 4801//4801 4597//4597 4803//4803
f 4804//4804 4598//4598 4802//4802
f 4803//4803 4681//4681 4889//4889
f 4890//4890 4682//4682 4804//4804
f 4799//4799 4651//4651 4599//4599
f 4600//4600 4652//4652 4800//4800
f 4807//4807 4611//4611 4805//4805
f 4806//4806 4612//4612 4808//4808
f 4891//4891 4685//4685 4807//4807
f 4808//4808 4686//4686 4892//4892
f 4615//4615 4811//4811 4809//4809
f 4810//4810 4812//4812 4616//4616
f 4617//4617 4813//4813 4811//4811
f 4812//4812 4814//4814 4618//4618
f 4619//4619 4815//4815 4813//4813
f 4814//4814 4816//4816 4620//4620
f 4685//4685 4891//4891 4815//4815
f 4816//4816 4892//4892 4686//4686
f 4893//4893 4817//4817 4687//4687
f 4688//4688 4818//4818 4894//4894
f 4817//4817 4819//4819 4621//4621
f 4622//4622 4820//4820 4818//4818
f 4895//4895 4687//4687 4689//4689
f 4690//4690 4688//4688 4896//4896
f 4819//4819 4897//4897 4623//4623
f 4624//4624 4898//4898 4820//4820
f 4899//4899 4689//4689 4693//4693
f 4694//4694 4690//4690 4900//4900
f 4691//4691 4821//4821 4897//4897
f 4898//4898 4822//4822 4692//4692
f 4623//4623 4897//4897 4821//4821
f 4822//4822 4898//4898 4624//4624
f 4901//4901 4693//4693 4695//4695
f 4696//4696 4694//4694 4902//4902
f 4823//4823 4901//4901 4695//4695
f 4696//4696 4902//4902 4824//4824
f 4697//4697 4703//4703 4903//4903
f 4904//4904 4704//4704 4698//4698
f 4823//4823 4697//4697 4905//4905
f 4906//4906 4698//4698 4824//4824
f 4907//4907 4699//4699 4809//4809
f 4810//4810 4700//4700 4908//4908
f 4627//4627 4827//4827 4825//4825
f 4826//4826 4828//4828 4628//4628
f 4629//4629 4829//4829 4827//4827
f 4828//4828 4830//4830 4630//4630
f 4631//4631 4831//4831 4829//4829
f 4830//4830 4832//4832 4632//4632
f 4633//4633 4833//4833 4831//4831
f 4832//4832 4834//4834 4634//4634
f 4699//4699 4907//4907 4833//4833
f 4834//4834 4908//4908 4700//4700
f 4909//4909 4701//4701 4825//4825
f 4826//4826 4702//4702 4910//4910
f 4703//4703 4701//4701 4911//4911
f 4912//4912 4702//4702 4704//4704
f 4897//4897 4835//4835 4691//4691
f 4692//4692 4836//4836 4898//4898
f 4835//4835 4837//4837 4637//4637
f 4638//4638 4838//4838 4836//4836
f 4705//4705 4707//4707 4913//4913
f 4914//4914 4708//4708 4706//4706
f 4839//4839 4705//4705 4913//4913
f 4914//4914 4706//4706 4840//4840
f 4841//4841 4643//4643 4839//4839
f 4840//4840 4644//4644 4842//4842
f 4843//4843 4645//4645 4841//4841
f 4842//4842 4646//4646 4844//4844
f 4845//4845 4647//4647 4843//4843
f 4844//4844 4648//4648 4846//4846
f 4805//4805 4649//4649 4845//4845
f 4846//4846 4650//4650 4806//4806
f 4707//4707 4709//4709 4915//4915
f 4916//4916 4710//4710 4708//4708
f 4709//4709 4837//4837 4917//4917
f 4918//4918 4838//4838 4710//4710
f 4801//4801 4653//4653 4799//4799
f 4800//4800 4654//4654 4802//4802
f 4803//4803 4657//4657 4801//4801
f 4802//4802 4658//4658 4804//4804
f 4919//4919 4878//4878 4920//4920
f 4921//4921 4879//4879 4922//4922
f 4923//4923 4920//4920 4924//4924
f 4925//4925 4921//4921 4926//4926
f 4927//4927 4924//4924 4928//4928
f 4929//4929 4925//4925 4930//4930
f 4931//4931 4928//4928 4932//4932
f 4933//4933 4929//4929 4934//4934
f 4729//4729 4849//4849 4847//4847
f 4848//4848 4852//4852 4732//4732
f 4935//4935 4932//4932 4936//4936
f 4937//4937 4933//4933 4938//4938
f 4850//4850 4939//4939 4849//4849
f 4852//4852 4940//4940 4851//4851
f 4889//4889 4735//4735 4803//4803
f 4804//4804 4736//4736 4890//4890
f 4735//4735 4889//4889 4737//4737
f 4738//4738 4890//4890 4736//4736
f 4737//4737 4941//4941 4739//4739
f 4740//4740 4942//4942 4738//4738
f 4853//4853 4854//4854 4943//4943
f 4944//4944 4855//4855 4856//4856
f 4939//4939 4850//4850 4945//4945
f 4946//4946 4851//4851 4940//4940
f 4947//4947 4939//4939 4945//4945
f 4946//4946 4940//4940 4948//4948
f 4949//4949 4950//4950 4947//4947
f 4948//4948 4951//4951 4952//4952
f 4953//4953 4949//4949 4954//4954
f 4955//4955 4952//4952 4956//4956
f 4857//4857 4957//4957 4756//4756
f 4759//4759 4958//4958 4858//4858
f 4756//4756 4959//4959 4761//4761
f 4764//4764 4960//4960 4759//4759
f 4761//4761 4961//4961 4765//4765
f 4768//4768 4962//4962 4764//4764
f 4765//4765 4963//4963 4775//4775
f 4778//4778 4964//4964 4768//4768
f 4965//4965 4857//4857 4769//4769
f 4772//4772 4858//4858 4966//4966
f 4769//4769 4859//4859 4967//4967
f 4968//4968 4860//4860 4772//4772
f 4862//4862 4865//4865 4859//4859
f 4860//4860 4868//4868 4863//4863
f 4866//4866 4869//4869 4865//4865
f 4868//4868 4872//4872 4867//4867
f 4870//4870 4873//4873 4869//4869
f 4872//4872 4876//4876 4871//4871
f 4874//4874 4877//4877 4873//4873
f 4876//4876 4880//4880 4875//4875
f 4878//4878 4919//4919 4877//4877
f 4880//4880 4922//4922 4879//4879
f 4775//4775 4969//4969 4779//4779
f 4782//4782 4970//4970 4778//4778
f 4969//4969 4785//4785 4779//4779
f 4782//4782 4788//4788 4970//4970
f 4971//4971 4789//4789 4785//4785
f 4788//4788 4792//4792 4972//4972
f 4973//4973 4881//4881 4789//4789
f 4792//4792 4882//4882 4974//4974
f 4883//4883 4881//4881 4975//4975
f 4976//4976 4882//4882 4884//4884
f 4885//4885 4793//4793 4977//4977
f 4978//4978 4794//4794 4886//4886
f 4979//4979 4887//4887 4795//4795
f 4796//4796 4888//4888 4980//4980
f 4889//4889 4797//4797 4941//4941
f 4942//4942 4798//4798 4890//4890
f 4845//4845 4807//4807 4805//4805
f 4806//4806 4808//4808 4846//4846
f 4981//4981 4891//4891 4807//4807
f 4808//4808 4892//4892 4982//4982
f 4983//4983 4809//4809 4811//4811
f 4812//4812 4810//4810 4984//4984
f 4985//4985 4811//4811 4813//4813
f 4814//4814 4812//4812 4986//4986
f 4987//4987 4813//4813 4815//4815
f 4816//4816 4814//4814 4988//4988
f 4989//4989 4815//4815 4891//4891
f 4892//4892 4816//4816 4990//4990
f 4817//4817 4893//4893 4991//4991
f 4992//4992 4894//4894 4818//4818
f 4687//4687 4895//4895 4893//4893
f 4894//4894 4896//4896 4688//4688
f 4819//4819 4817//4817 4993//4993
f 4994//4994 4818//4818 4820//4820
f 4689//4689 4899//4899 4895//4895
f 4896//4896 4900//4900 4690//4690
f 4995//4995 4897//4897 4819//4819
f 4820//4820 4898//4898 4996//4996
f 4693//4693 4901//4901 4899//4899
f 4900//4900 4902//4902 4694//4694
f 4901//4901 4823//4823 4997//4997
f 4998//4998 4824//4824 4902//4902
f 4911//4911 4903//4903 4703//4703
f 4704//4704 4904//4904 4912//4912
f 4903//4903 4905//4905 4697//4697
f 4698//4698 4906//4906 4904//4904
f 4905//4905 4997//4997 4823//4823
f 4824//4824 4998//4998 4906//4906
f 4809//4809 4983//4983 4907//4907
f 4908//4908 4984//4984 4810//4810
f 4999//4999 4825//4825 4827//4827
f 4828//4828 4826//4826 5000//5000
f 5001//5001 4827//4827 4829//4829
f 4830//4830 4828//4828 5002//5002
f 5003//5003 4829//4829 4831//4831
f 4832//4832 4830//4830 5004//5004
f 5005//5005 4831//4831 4833//4833
f 4834//4834 4832//4832 5006//5006
f 5007//5007 4833//4833 4907//4907
f 4908//4908 4834//4834 5008//5008
f 4701//4701 4909//4909 4911//4911
f 4912//4912 4910//4910 4702//4702
f 4825//4825 4999//4999 4909//4909
f 4910//4910 5000//5000 4826//4826
f 4835//4835 4897//4897 5009//5009
f 5010//5010 4898//4898 4836//4836
f 4837//4837 4835//4835 5011//5011
f 5012//5012 4836//4836 4838//4838
f 4915//4915 4913//4913 4707//4707
f 4708//4708 4914//4914 4916//4916
f 4913//4913 5013//5013 4839//4839
f 4840//4840 5014//5014 4914//4914
f 4839//4839 5015//5015 4841//4841
f 4842//4842 5016//5016 4840//4840
f 4841//4841 5017//5017 4843//4843
f 4844//4844 5018//5018 4842//4842
f 4843//4843 4981//4981 4845//4845
f 4846//4846 4982//4982 4844//4844
f 4917//4917 4915//4915 4709//4709
f 4710//4710 4916//4916 4918//4918
f 5011//5011 4917//4917 4837//4837
f 4838//4838 4918//4918 5012//5012
f 4920//4920 4923//4923 4919//4919
f 4922//4922 4926//4926 4921//4921
f 4924//4924 4927//4927 4923//4923
f 4926//4926 4930//4930 4925//4925
f 4928//4928 4931//4931 4927//4927
f 4930//4930 4934//4934 4929//4929
f 4932//4932 4935//4935 4931//4931
f 4934//4934 4938//4938 4933//4933
f 5019//5019 4935//4935 4936//4936
f 4937//4937 4938//4938 5020//5020
f 5021//5021 5022//5022 5019//5019
f 5020//5020 5023//5023 5024//5024
f 4941//4941 4737//4737 4889//4889
f 4890//4890 4738//4738 4942//4942
f 4943//4943 4854//4854 5025//5025
f 5026//5026 4855//4855 4944//4944
f 5027//5027 4954//4954 5028//5028
f 5029//5029 4955//4955 5030//5030
f 4939//4939 4947//4947 4950//4950
f 4951//4951 4948//4948 4940//4940
f 4950//4950 4949//4949 5031//5031
f 5032//5032 4952//4952 4951//4951
f 4949//4949 4953//4953 5031//5031
f 5032//5032 4956//4956 4952//4952
f 4954//4954 5027//5027 4953//4953
f 4956//4956 5030//5030 4955//4955
f 4957//4957 4857//4857 5033//5033
f 5034//5034 4858//4858 4958//4958
f 4959//4959 4756//4756 4957//4957
f 4958//4958 4759//4759 4960//4960
f 4961//4961 4761//4761 4959//4959
f 4960//4960 4764//4764 4962//4962
f 4963//4963 4765//4765 4961//4961
f 4962//4962 4768//4768 4964//4964
f 4969//4969 4775//4775 4963//4963
f 4964//4964 4778//4778 4970//4970
f 4857//4857 4965//4965 5033//5033
f 5034//5034 4966//4966 4858//4858
f 4769//4769 5035//5035 4965//4965
f 4966//4966 5036//5036 4772//4772
f 5035//5035 4967//4967 4859//4859
f 4860//4860 4968//4968 5036//5036
f 4967//4967 5035//5035 4769//4769
f 4772//4772 5036//5036 4968//4968
f 5037//5037 4859//4859 4865//4865
f 4868//4868 4860//4860 5038//5038
f 5039//5039 4865//4865 4869//4869
f 4872//4872 4868//4868 5040//5040
f 5041//5041 4869//4869 4873//4873
f 4876//4876 4872//4872 5042//5042
f 5043//5043 4873//4873 4877//4877
f 4880//4880 4876//4876 5044//5044
f 5045//5045 4877//4877 4919//4919
f 4922//4922 4880//4880 5046//5046
f 4785//4785 4969//4969 4971//4971
f 4972//4972 4970//4970 4788//4788
f 4789//4789 4971//4971 4973//4973
f 4974//4974 4972//4972 4792//4792
f 4881//4881 4973//4973 5047//5047
f 5048//5048 4974//4974 4882//4882
f 5047//5047 4975//4975 4881//4881
f 4882//4882 4976//4976 5048//5048
f 4975//4975 5049//5049 4883//4883
f 4884//4884 5050//5050 4976//4976
f 4977//4977 5051//5051 4885//4885
f 4886//4886 5052//5052 4978//4978
f 5053//5053 4887//4887 4979//4979
f 4980//4980 4888//4888 5054//5054
f 5053//5053 5025//5025 4887//4887
f 4888//4888 5026//5026 5054//5054
f 4807//4807 4845//4845 4981//4981
f 4982//4982 4846//4846 4808//4808
f 4891//4891 4981//4981 5055//5055
f 5056//5056 4982//4982 4892//4892
f 4811//4811 4985//4985 4983//4983
f 4984//4984 4986//4986 4812//4812
f 4813//4813 4987//4987 4985//4985
f 4986//4986 4988//4988 4814//4814
f 4815//4815 4989//4989 4987//4987
f 4988//4988 4990//4990 4816//4816
f 5055//5055 4989//4989 4891//4891
f 4892//4892 4990//4990 5056//5056
f 5057//5057 4991//4991 4893//4893
f 4894//4894 4992//4992 5058//5058
f 4991//4991 4993//4993 4817//4817
f 4818//4818 4994//4994 4992//4992
f 5059//5059 4893//4893 4895//4895
f 4896//4896 4894//4894 5060//5060
f 4993//4993 5061//5061 4819//4819
f 4820//4820 5062//5062 4994//4994
f 5063//5063 4895//4895 4899//4899
f 4900//4900 4896//4896 5064//5064
f 4897//4897 4995//4995 5061//5061
f 5062//5062 4996//4996 4898//4898
f 4819//4819 5061//5061 4995//4995
f 4996//4996 5062//5062 4820//4820
f 5065//5065 4899//4899 4901//4901
f 4902//4902 4900//4900 5066//5066
f 5067//5067 4901//4901 4997//4997
f 4998//4998 4902//4902 5068//5068
f 4903//4903 4911//4911 5069//5069
f 5070//5070 4912//4912 4904//4904
f 4905//4905 4903//4903 5071//5071
f 5072//5072 4904//4904 4906//4906
f 4997//4997 4905//4905 5073//5073
f 5074//5074 4906//4906 4998//4998
f 5075//5075 4907//4907 4983//4983
f 4984//4984 4908//4908 5076//5076
f 4827//4827 5001//5001 4999//4999
f 5000//5000 5002//5002 4828//4828
f 4829//4829 5003//5003 5001//5001
f 5002//5002 5004//5004 4830//4830
f 4831//4831 5005//5005 5003//5003
f 5004//5004 5006//5006 4832//4832
f 4833//4833 5007//5007 5005//5005
f 5006//5006 5008//5008 4834//4834
f 4907//4907 5075//5075 5007//5007
f 5008//5008 5076//5076 4908//4908
f 5077//5077 4911//4911 4909//4909
f 4910//4910 4912//4912 5078//5078
f 5079//5079 4909//4909 4999//4999
f 5000//5000 4910//4910 5080//5080
f 5061//5061 5009//5009 4897//4897
f 4898//4898 5010//5010 5062//5062
f 5009//5009 5011//5011 4835//4835
f 4836//4836 5012//5012 5010//5010
f 4913//4913 4915//4915 5081//5081
f 5082//5082 4916//4916 4914//4914
f 5013//5013 4913//4913 5081//5081
f 5082//5082 4914//4914 5014//5014
f 5015//5015 4839//4839 5013//5013
f 5014//5014 4840//4840 5016//5016
f 5017//5017 4841//4841 5015//5015
f 5016//5016 4842//4842 5018//5018
f 4981//4981 4843//4843 5017//5017
f 5018//5018 4844//4844 4982//4982
f 4915//4915 4917//4917 5083//5083
f 5084//5084 4918//4918 4916//4916
f 4917//4917 5011//5011 5085//5085
f 5086//5086 5012//5012 4918//4918
f 5087//5087 4919//4919 4923//4923
f 4926//4926 4922//4922 5088//5088
f 5089//5089 4923//4923 4927//4927
f 4930//4930 4926//4926 5090//5090
f 5091//5091 4927//4927 4931//4931
f 4934//4934 4930//4930 5092//5092
f 5093//5093 4931//4931 4935//4935
f 4938//4938 4934//4934 5094//5094
f 4935//4935 5019//5019 5022//5022
f 5023//5023 5020//5020 4938//4938
f 5022//5022 5021//5021 5095//5095
f 5096//5096 5024//5024 5023//5023
f 4943//4943 5025//5025 5053//5053
f 5054//5054 5026//5026 4944//4944
f 5028//5028 5097//5097 5027//5027
f 5030//5030 5098//5098 5029//5029
f 5099//5099 5095//5095 5021//5021
f 5024//5024 5096//5096 5100//5100
f 5101//5101 5102//5102 5099//5099
f 5100//5100 5103//5103 5104//5104
f 5105//5105 5101//5101 5106//5106
f 5107//5107 5104//5104 5108//5108
f 5109//5109 5106//5106 5110//5110
f 5111//5111 5107//5107 5112//5112
f 5033//5033 5113//5113 4957//4957
f 4958//4958 5114//5114 5034//5034
f 4957//4957 5115//5115 4959//4959
f 4960//4960 5116//5116 4958//4958
f 4959//4959 5117//5117 4961//4961
f 4962//4962 5118//5118 4960//4960
f 4961//4961 5119//5119 4963//4963
f 4964//4964 5120//5120 4962//4962
f 4963//4963 5121//5121 4969//4969
f 4970//4970 5122//5122 4964//4964
f 5123//5123 5033//5033 4965//4965
f 4966//4966 5034//5034 5124//5124
f 4965//4965 5035//5035 5125//5125
f 5126//5126 5036//5036 4966//4966
f 4859//4859 5037//5037 5035//5035
f 5036//5036 5038//5038 4860//4860
f 4865//4865 5039//5039 5037//5037
f 5038//5038 5040//5040 4868//4868
f 4869//4869 5041//5041 5039//5039
f 5040//5040 5042//5042 4872//4872
f 4873//4873 5043//5043 5041//5041
f 5042//5042 5044//5044 4876//4876
f 4877//4877 5045//5045 5043//5043
f 5044//5044 5046//5046 4880//4880
f 4919//4919 5087//5087 5045//5045
f 5046//5046 5088//5088 4922//4922
f 5121//5121 4971//4971 4969//4969
f 4970//4970 4972//4972 5122//5122
f 5127//5127 4973//4973 4971//4971
f 4972//4972 4974//4974 5128//5128
f 5129//5129 5047//5047 4973//4973
f 4974//4974 5048//5048 5130//5130
f 4975//4975 5047//5047 5131//5131
f 5132//5132 5048//5048 4976//4976
f 5049//5049 4975//4975 5133//5133
f 5134//5134 4976//4976 5050//5050
f 5051//5051 4977//4977 5135//5135
f 5136//5136 4978//4978 5052//5052
f 5135//5135 5137//5137 5051//5051
f 5052//5052 5138//5138 5136//5136
f 5017//5017 5055//5055 4981//4981
f 4982//4982 5056//5056 5018//5018
f 5139//5139 4983//4983 4985//4985
f 4986//4986 4984//4984 5140//5140
f 5141//5141 4985//4985 4987//4987
f 4988//4988 4986//4986 5142//5142
f 5143//5143 4987//4987 4989//4989
f 4990//4990 4988//4988 5144//5144
f 4989//4989 5055//5055 5145//5145
f 5146//5146 5056//5056 4990//4990
f 4991//4991 5057//5057 5147//5147
f 5148//5148 5058//5058 4992//4992
f 4893//4893 5059//5059 5057//5057
f 5058//5058 5060//5060 4894//4894
f 4993//4993 4991//4991 5149//5149
f 5150//5150 4992//4992 4994//4994
f 4895//4895 5063//5063 5059//5059
f 5060//5060 5064//5064 4896//4896
f 5151//5151 5061//5061 4993//4993
f 4994//4994 5062//5062 5152//5152
f 4899//4899 5065//5065 5063//5063
f 5064//5064 5066//5066 4900//4900
f 4901//4901 5067//5067 5065//5065
f 5066//5066 5068//5068 4902//4902
f 5073//5073 5067//5067 4997//4997
f 4998//4998 5068//5068 5074//5074
f 4911//4911 5077//5077 5069//5069
f 5070//5070 5078//5078 4912//4912
f 5069//5069 5071//5071 4903//4903
f 4904//4904 5072//5072 5070//5070
f 5071//5071 5073//5073 4905//4905
f 4906//4906 5074//5074 5072//5072
f 4983//4983 5139//5139 5075//5075
f 5076//5076 5140//5140 4984//4984
f 5153//5153 4999//4999 5001//5001
f 5002//5002 5000//5000 5154//5154
f 5155//5155 5001//5001 5003//5003
f 5004//5004 5002//5002 5156//5156
f 5157//5157 5003//5003 5005//5005
f 5006//5006 5004//5004 5158//5158
f 5159//5159 5005//5005 5007//5007
f 5008//5008 5006//5006 5160//5160
f 5161//5161 5007//5007 5075//5075
f 5076//5076 5008//5008 5162//5162
f 4909//4909 5079//5079 5077//5077
f 5078//5078 5080//5080 4910//4910
f 4999//4999 5153//5153 5079//5079
f 5080//5080 5154//5154 5000//5000
f 5009//5009 5061//5061 5163//5163
f 5164//5164 5062//5062 5010//5010
f 5011//5011 5009//5009 5165//5165
f 5166//5166 5010//5010 5012//5012
f 5083//5083 5081//5081 4915//4915
f 4916//4916 5082//5082 5084//5084
f 5081//5081 5167//5167 5013//5013
f 5014//5014 5168//5168 5082//5082
f 5013//5013 5169//5169 5015//5015
f 5016//5016 5170//5170 5014//5014
f 5015//5015 5171//5171 5017//5017
f 5018//5018 5172//5172 5016//5016
f 5085//5085 5083//5083 4917//4917
f 4918//4918 5084//5084 5086//5086
f 5165//5165 5085//5085 5011//5011
f 5012//5012 5086//5086 5166//5166
f 4923//4923 5089//5089 5087//5087
f 5088//5088 5090//5090 4926//4926
f 4927//4927 5091//5091 5089//5089
f 5090//5090 5092//5092 4930//4930
f 4931//4931 5093//5093 5091//5091
f 5092//5092 5094//5094 4934//4934
f 5022//5022 5093//5093 4935//4935
f 4938//4938 5094//5094 5023//5023
f 5095//5095 5173//5173 5022//5022
f 5023//5023 5174//5174 5096//5096
f 5097//5097 5028//5028 5137//5137
f 5138//5138 5029//5029 5098//5098
f 5175//5175 5110//5110 5176//5176
f 5177//5177 5111//5111 5178//5178
f 5095//5095 5099//5099 5102//5102
f 5103//5103 5100//5100 5096//5096
f 5102//5102 5101//5101 5179//5179
f 5180//5180 5104//5104 5103//5103
f 5101//5101 5105//5105 5179//5179
f 5180//5180 5108//5108 5104//5104
f 5106//5106 5109//5109 5105//5105
f 5108//5108 5112//5112 5107//5107
f 5110//5110 5175//5175 5109//5109
f 5112//5112 5178//5178 5111//5111
f 5113//5113 5033//5033 5181//5181
f 5182//5182 5034//5034 5114//5114
f 5115//5115 4957//4957 5113//5113
f 5114//5114 4958//4958 5116//5116
f 5117//5117 4959//4959 5115//5115
f 5116//5116 4960//4960 5118//5118
f 5119//5119 4961//4961 5117//5117
f 5118//5118 4962//4962 5120//5120
f 5121//5121 4963//4963 5119//5119
f 5120//5120 4964//4964 5122//5122
f 5033//5033 5123//5123 5181//5181
f 5182//5182 5124//5124 5034//5034
f 4965//4965 5183//5183 5123//5123
f 5124//5124 5184//5184 4966//4966
f 5183//5183 5125//5125 5035//5035
f 5036//5036 5126//5126 5184//5184
f 5125//5125 5183//5183 4965//4965
f 4966//4966 5184//5184 5126//5126
f 5185//5185 5035//5035 5037//5037
f 5038//5038 5036//5036 5186//5186
f 5187//5187 5037//5037 5039//5039
f 5040//5040 5038//5038 5188//5188
f 5189//5189 5039//5039 5041//5041
f 5042//5042 5040//5040 5190//5190
f 5191//5191 5041//5041 5043//5043
f 5044//5044 5042//5042 5192//5192
f 5193//5193 5043//5043 5045//5045
f 5046//5046 5044//5044 5194//5194
f 5195//5195 5045//5045 5087//5087
f 5088//5088 5046//5046 5196//5196
f 4971//4971 5121//5121 5127//5127
f 5128//5128 5122//5122 4972//4972
f 4973//4973 5127//5127 5129//5129
f 5130//5130 5128//5128 4974//4974
f 5047//5047 5129//5129 5197//5197
f 5198//5198 5130//5130 5048//5048
f 5197//5197 5131//5131 5047//5047
f 5048//5048 5132//5132 5198//5198
f 5131//5131 5133//5133 4975//4975
f 4976//4976 5134//5134 5132//5132
f 5133//5133 5199//5199 5049//5049
f 5050//5050 5200//5200 5134//5134
f 5137//5137 5135//5135 5097//5097
f 5098//5098 5136//5136 5138//5138
f 5055//5055 5017//5017 5171//5171
f 5172//5172 5018//5018 5056//5056
f 4985//4985 5141//5141 5139//5139
f 5140//5140 5142//5142 4986//4986
f 4987//4987 5143//5143 5141//5141
f 5142//5142 5144//5144 4988//4988
f 5145//5145 5143//5143 4989//4989
f 4990//4990 5144//5144 5146//5146
f 5171//5171 5145//5145 5055//5055
f 5056//5056 5146//5146 5172//5172
f 5201//5201 5147//5147 5057//5057
f 5058//5058 5148//5148 5202//5202
f 5147//5147 5149//5149 4991//4991
f 4992//4992 5150//5150 5148//5148
f 5203//5203 5057//5057 5059//5059
f 5060//5060 5058//5058 5204//5204
f 5149//5149 5205//5205 4993//4993
f 4994//4994 5206//5206 5150//5150
f 5207//5207 5059//5059 5063//5063
f 5064//5064 5060//5060 5208//5208
f 5061//5061 5151//5151 5205//5205
f 5206//5206 5152//5152 5062//5062
f 4993//4993 5205//5205 5151//5151
f 5152//5152 5206//5206 4994//4994
f 5209//5209 5063//5063 5065//5065
f 5066//5066 5064//5064 5210//5210
f 5067//5067 5209//5209 5065//5065
f 5066//5066 5210//5210 5068//5068
f 5067//5067 5073//5073 5211//5211
f 5212//5212 5074//5074 5068//5068
f 5213//5213 5069//5069 5077//5077
f 5078//5078 5070//5070 5214//5214
f 5071//5071 5069//5069 5215//5215
f 5216//5216 5070//5070 5072//5072
f 5073//5073 5071//5071 5217//5217
f 5218//5218 5072//5072 5074//5074
f 5219//5219 5075//5075 5139//5139
f 5140//5140 5076//5076 5220//5220
f 5001//5001 5155//5155 5153//5153
f 5154//5154 5156//5156 5002//5002
f 5003//5003 5157//5157 5155//5155
f 5156//5156 5158//5158 5004//5004
f 5005//5005 5159//5159 5157//5157
f 5158//5158 5160//5160 5006//5006
f 5007//5007 5161//5161 5159//5159
f 5160//5160 5162//5162 5008//5008
f 5075//5075 5219//5219 5161//5161
f 5162//5162 5220//5220 5076//5076
f 5221//5221 5077//5077 5079//5079
f 5080//5080 5078//5078 5222//5222
f 5223//5223 5079//5079 5153//5153
f 5154//5154 5080//5080 5224//5224
f 5205//5205 5163//5163 5061//5061
f 5062//5062 5164//5164 5206//5206
f 5163//5163 5165//5165 5009//5009
f 5010//5010 5166//5166 5164//5164
f 5081//5081 5083//5083 5225//5225
f 5226//5226 5084//5084 5082//5082
f 5167//5167 5081//5081 5225//5225
f 5226//5226 5082//5082 5168//5168
f 5169//5169 5013//5013 5167//5167
f 5168//5168 5014//5014 5170//5170
f 5171//5171 5015//5015 5169//5169
f 5170//5170 5016//5016 5172//5172
f 5083//5083 5085//5085 5227//5227
f 5228//5228 5086//5086 5084//5084
f 5085//5085 5165//5165 5229//5229
f 5230//5230 5166//5166 5086//5086
f 5231//5231 5087//5087 5089//5089
f 5090//5090 5088//5088 5232//5232
f 5233//5233 5089//5089 5091//5091
f 5092//5092 5090//5090 5234//5234
f 5235//5235 5091//5091 5093//5093
f 5094//5094 5092//5092 5236//5236
f 5093//5093 5022//5022 5173//5173
f 5174//5174 5023//5023 5094//5094
f 5173//5173 5095//5095 5237//5237
f 5238//5238 5096//5096 5174//5174
f 5176//5176 5239//5239 5175//5175
f 5178//5178 5240//5240 5177//5177
f 5102//5102 5237//5237 5095//5095
f 5096//5096 5238//5238 5103//5103
f 5179//5179 5241//5241 5102//5102
f 5103//5103 5242//5242 5180//5180
f 5243//5243 5179//5179 5105//5105
f 5108//5108 5180//5180 5244//5244
f 5245//5245 5105//5105 5109//5109
f 5112//5112 5108//5108 5246//5246
f 5247//5247 5109//5109 5175//5175
f 5178//5178 5112//5112 5248//5248
f 5181//5181 5249//5249 5113//5113
f 5114//5114 5250//5250 5182//5182
f 5113//5113 5251//5251 5115//5115
f 5116//5116 5252//5252 5114//5114
f 5115//5115 5253//5253 5117//5117
f 5118//5118 5254//5254 5116//5116
f 5117//5117 5255//5255 5119//5119
f 5120//5120 5256//5256 5118//5118
f 5119//5119 5257//5257 5121//5121
f 5122//5122 5258//5258 5120//5120
f 5259//5259 5181//5181 5123//5123
f 5124//5124 5182//5182 5260//5260
f 5123//5123 5183//5183 5261//5261
f 5262//5262 5184//5184 5124//5124
f 5035//5035 5185//5185 5183//5183
f 5184//5184 5186//5186 5036//5036
f 5037//5037 5187//5187 5185//5185
f 5186//5186 5188//5188 5038//5038
f 5039//5039 5189//5189 5187//5187
f 5188//5188 5190//5190 5040//5040
f 5041//5041 5191//5191 5189//5189
f 5190//5190 5192//5192 5042//5042
f 5043//5043 5193//5193 5191//5191
f 5192//5192 5194//5194 5044//5044
f 5045//5045 5195//5195 5193//5193
f 5194//5194 5196//5196 5046//5046
f 5087//5087 5231//5231 5195//5195
f 5196//5196 5232//5232 5088//5088
f 5257//5257 5127//5127 5121//5121
f 5122//5122 5128//5128 5258//5258
f 5263//5263 5129//5129 5127//5127
f 5128//5128 5130//5130 5264//5264
f 5265//5265 5197//5197 5129//5129
f 5130//5130 5198//5198 5266//5266
f 5131//5131 5197//5197 5267//5267
f 5268//5268 5198//5198 5132//5132
f 5133//5133 5131//5131 5269//5269
f 5270//5270 5132//5132 5134//5134
f 5199//5199 5133//5133 5239//5239
f 5240//5240 5134//5134 5200//5200
f 5239//5239 5176//5176 5199//5199
f 5200//5200 5177//5177 5240//5240
f 5271//5271 5139//5139 5141//5141
f 5142//5142 5140//5140 5272//5272
f 5273//5273 5141//5141 5143//5143
f 5144//5144 5142//5142 5274//5274
f 5143//5143 5145//5145 5275//5275
f 5276//5276 5146//5146 5144//5144
f 5145//5145 5171//5171 5277//5277
f 5278//5278 5172//5172 5146//5146
f 5147//5147 5201//5201 5279//5279
f 5280//5280 5202//5202 5148//5148
f 5057//5057 5203//5203 5201//5201
f 5202//5202 5204//5204 5058//5058
f 5149//5149 5147//5147 5281//5281
f 5282//5282 5148//5148 5150//5150
f 5059//5059 5207//5207 5203//5203
f 5204//5204 5208//5208 5060//5060
f 5283//5283 5205//5205 5149//5149
f 5150//5150 5206//5206 5284//5284
f 5063//5063 5209//5209 5207//5207
f 5208//5208 5210//5210 5064//5064
f 5209//5209 5067//5067 5285//5285
f 5286//5286 5068//5068 5210//5210
f 5217//5217 5211//5211 5073//5073
f 5074//5074 5212//5212 5218//5218
f 5211//5211 5285//5285 5067//5067
f 5068//5068 5286//5286 5212//5212
f 5069//5069 5213//5213 5215//5215
f 5216//5216 5214//5214 5070//5070
f 5077//5077 5221//5221 5213//5213
f 5214//5214 5222//5222 5078//5078
f 5215//5215 5217//5217 5071//5071
f 5072//5072 5218//5218 5216//5216
f 5139//5139 5271//5271 5219//5219
f 5220//5220 5272//5272 5140//5140
f 5287//5287 5153//5153 5155//5155
f 5156//5156 5154//5154 5288//5288
f 5289//5289 5155//5155 5157//5157
f 5158//5158 5156//5156 5290//5290
f 5291//5291 5157//5157 5159//5159
f 5160//5160 5158//5158 5292//5292
f 5293//5293 5159//5159 5161//5161
f 5162//5162 5160//5160 5294//5294
f 5295//5295 5161//5161 5219//5219
f 5220//5220 5162//5162 5296//5296
f 5079//5079 5223//5223 5221//5221
f 5222//5222 5224//5224 5080//5080
f 5153//5153 5287//5287 5223//5223
f 5224//5224 5288//5288 5154//5154
f 5163//5163 5205//5205 5297//5297
f 5298//5298 5206//5206 5164//5164
f 5165//5165 5163//5163 5299//5299
f 5300//5300 5164//5164 5166//5166
f 5227//5227 5225//5225 5083//5083
f 5084//5084 5226//5226 5228//5228
f 5225//5225 5301//5301 5167//5167
f 5168//5168 5302//5302 5226//5226
f 5167//5167 5303//5303 5169//5169
f 5170//5170 5304//5304 5168//5168
f 5169//5169 5277//5277 5171//5171
f 5172//5172 5278//5278 5170//5170
f 5229//5229 5227//5227 5085//5085
f 5086//5086 5228//5228 5230//5230
f 5299//5299 5229//5229 5165//5165
f 5166//5166 5230//5230 5300//5300
f 5089//5089 5233//5233 5231//5231
f 5232//5232 5234//5234 5090//5090
f 5091//5091 5235//5235 5233//5233
f 5234//5234 5236//5236 5092//5092
f 5173//5173 5235//5235 5093//5093
f 5094//5094 5236//5236 5174//5174
f 5237//5237 5305//5305 5173//5173
f 5174//5174 5306//5306 5238//5238
f 5307//5307 5175//5175 5239//5239
f 5240//5240 5178//5178 5308//5308
f 5237//5237 5102//5102 5241//5241
f 5242//5242 5103//5103 5238//5238
f 5241//5241 5179//5179 5309//5309
f 5310//5310 5180//5180 5242//5242
f 5179//5179 5243//5243 5309//5309
f 5310//5310 5244//5244 5180//5180
f 5105//5105 5245//5245 5243//5243
f 5244//5244 5246//5246 5108//5108
f 5109//5109 5247//5247 5245//5245
f 5246//5246 5248//5248 5112//5112
f 5175//5175 5307//5307 5247//5247
f 5248//5248 5308//5308 5178//5178
f 5249//5249 5181//5181 5311//5311
f 5312//5312 5182//5182 5250//5250
f 5251//5251 5113//5113 5249//5249
f 5250//5250 5114//5114 5252//5252
f 5253//5253 5115//5115 5251//5251
f 5252//5252 5116//5116 5254//5254
f 5255//5255 5117//5117 5253//5253
f 5254//5254 5118//5118 5256//5256
f 5257//5257 5119//5119 5255//5255
f 5256//5256 5120//5120 5258//5258
f 5181//5181 5259//5259 5311//5311
f 5312//5312 5260//5260 5182//5182
f 5123//5123 5313//5313 5259//5259
f 5260//5260 5314//5314 5124//5124
f 5313//5313 5261//5261 5183//5183
f 5184//5184 5262//5262 5314//5314
f 5261//5261 5313//5313 5123//5123
f 5124//5124 5314//5314 5262//5262
f 5315//5315 5183//5183 5185//5185
f 5186//5186 5184//5184 5316//5316
f 5317//5317 5185//5185 5187//5187
f 5188//5188 5186//5186 5318//5318
f 5319//5319 5187//5187 5189//5189
f 5190//5190 5188//5188 5320//5320
f 5321//5321 5189//5189 5191//5191
f 5192//5192 5190//5190 5322//5322
f 5323//5323 5191//5191 5193//5193
f 5194//5194 5192//5192 5324//5324
f 5325//5325 5193//5193 5195//5195
f 5196//5196 5194//5194 5326//5326
f 5327//5327 5195//5195 5231//5231
f 5232//5232 5196//5196 5328//5328
f 5127//5127 5257//5257 5263//5263
f 5264//5264 5258//5258 5128//5128
f 5129//5129 5263//5263 5265//5265
f 5266//5266 5264//5264 5130//5130
f 5197//5197 5265//5265 5329//5329
f 5330//5330 5266//5266 5198//5198
f 5329//5329 5267//5267 5197//5197
f 5198//5198 5268//5268 5330//5330
f 5267//5267 5269//5269 5131//5131
f 5132//5132 5270//5270 5268//5268
f 5269//5269 5239//5239 5133//5133
f 5134//5134 5240//5240 5270//5270
f 5141//5141 5273//5273 5271//5271
f 5272//5272 5274//5274 5142//5142
f 5275//5275 5273//5273 5143//5143
f 5144//5144 5274//5274 5276//5276
f 5277//5277 5275//5275 5145//5145
f 5146//5146 5276//5276 5278//5278
f 5249//5249 5279//5279 5201//5201
f 5202//5202 5280//5280 5250//5250
f 5279//5279 5281//5281 5147//5147
f 5148//5148 5282//5282 5280//5280
f 5251//5251 5201//5201 5203//5203
f 5204//5204 5202//5202 5252//5252
f 5281//5281 5331//5331 5149//5149
f 5150//5150 5332//5332 5282//5282
f 5253//5253 5203//5203 5207//5207
f 5208//5208 5204//5204 5254//5254
f 5205//5205 5283//5283 5331//5331
f 5332//5332 5284//5284 5206//5206
f 5149//5149 5331//5331 5283//5283
f 5284//5284 5332//5332 5150//5150
f 5255//5255 5207//5207 5209//5209
f 5210//5210 5208//5208 5256//5256
f 5285//5285 5255//5255 5209//5209
f 5210//5210 5256//5256 5286//5286
f 5211//5211 5217//5217 5333//5333
f 5334//5334 5218//5218 5212//5212
f 5285//5285 5211//5211 5335//5335
f 5336//5336 5212//5212 5286//5286
f 5337//5337 5215//5215 5213//5213
f 5214//5214 5216//5216 5338//5338
f 5339//5339 5213//5213 5221//5221
f 5222//5222 5214//5214 5340//5340
f 5217//5217 5215//5215 5341//5341
f 5342//5342 5216//5216 5218//5218
f 5343//5343 5219//5219 5271//5271
f 5272//5272 5220//5220 5344//5344
f 5155//5155 5289//5289 5287//5287
f 5288//5288 5290//5290 5156//5156
f 5157//5157 5291//5291 5289//5289
f 5290//5290 5292//5292 5158//5158
f 5159//5159 5293//5293 5291//5291
f 5292//5292 5294//5294 5160//5160
f 5161//5161 5295//5295 5293//5293
f 5294//5294 5296//5296 5162//5162
f 5219//5219 5343//5343 5295//5295
f 5296//5296 5344//5344 5220//5220
f 5345//5345 5221//5221 5223//5223
f 5224//5224 5222//5222 5346//5346
f 5347//5347 5223//5223 5287//5287
f 5288//5288 5224//5224 5348//5348
f 5331//5331 5297//5297 5205//5205
f 5206//5206 5298//5298 5332//5332
f 5297//5297 5299//5299 5163//5163
f 5164//5164 5300//5300 5298//5298
f 5225//5225 5227//5227 5349//5349
f 5350//5350 5228//5228 5226//5226
f 5301//5301 5225//5225 5349//5349
f 5350//5350 5226//5226 5302//5302
f 5303//5303 5167//5167 5301//5301
f 5302//5302 5168//5168 5304//5304
f 5277//5277 5169//5169 5303//5303
f 5304//5304 5170//5170 5278//5278
f 5227//5227 5229//5229 5351//5351
f 5352//5352 5230//5230 5228//5228
f 5229//5229 5299//5299 5353//5353
f 5354//5354 5300//5300 5230//5230
f 5355//5355 5231//5231 5233//5233
f 5234//5234 5232//5232 5356//5356
f 5357//5357 5233//5233 5235//5235
f 5236//5236 5234//5234 5358//5358
f 5235//5235 5173//5173 5305//5305
f 5306//5306 5174//5174 5236//5236
f 5305//5305 5237//5237 5359//5359
f 5360//5360 5238//5238 5306//5306
f 5239//5239 5269//5269 5307//5307
f 5308//5308 5270//5270 5240//5240
f 5241//5241 5359//5359 5237//5237
f 5238//5238 5360//5360 5242//5242
f 5309//5309 5361//5361 5241//5241
f 5242//5242 5362//5362 5310//5310
f 5363//5363 5309//5309 5243//5243
f 5244//5244 5310//5310 5364//5364
f 5365//5365 5243//5243 5245//5245
f 5246//5246 5244//5244 5366//5366
f 5367//5367 5245//5245 5247//5247
f 5248//5248 5246//5246 5368//5368
f 5369//5369 5247//5247 5307//5307
f 5308//5308 5248//5248 5370//5370
f 5279//5279 5249//5249 5311//5311
f 5312//5312 5250//5250 5280//5280
f 5201//5201 5251//5251 5249//5249
f 5250//5250 5252//5252 5202//5202
f 5203//5203 5253//5253 5251//5251
f 5252//5252 5254//5254 5204//5204
f 5207//5207 5255//5255 5253//5253
f 5254//5254 5256//5256 5208//5208
f 5255//5255 5285//5285 5257//5257
f 5258//5258 5286//5286 5256//5256
f 5371//5371 5311//5311 5259//5259
f 5260//5260 5312//5312 5372//5372
f 5259//5259 5313//5313 5373//5373
f 5374//5374 5314//5314 5260//5260
f 5183//5183 5315//5315 5313//5313
f 5314//5314 5316//5316 5184//5184
f 5185//5185 5317//5317 5315//5315
f 5316//5316 5318//5318 5186//5186
f 5187//5187 5319//5319 5317//5317
f 5318//5318 5320//5320 5188//5188
f 5189//5189 5321//5321 5319//5319
f 5320//5320 5322//5322 5190//5190
f 5191//5191 5323//5323 5321//5321
f 5322//5322 5324//5324 5192//5192
f 5193//5193 5325//5325 5323//5323
f 5324//5324 5326//5326 5194//5194
f 5195//5195 5327//5327 5325//5325
f 5326//5326 5328//5328 5196//5196
f 5231//5231 5355//5355 5327//5327
f 5328//5328 5356//5356 5232//5232
f 5257//5257 5335//5335 5263//5263
f 5264//5264 5336//5336 5258//5258
f 5263//5263 5375//5375 5265//5265
f 5266//5266 5376//5376 5264//5264
f 5265//5265 5377//5377 5329//5329
f 5330//5330 5378//5378 5266//5266
f 5267//5267 5329//5329 5379//5379
f 5380//5380 5330//5330 5268//5268
f 5269//5269 5267//5267 5381//5381
f 5382//5382 5268//5268 5270//5270
f 5383//5383 5271//5271 5273//5273
f 5274//5274 5272//5272 5384//5384
f 5273//5273 5275//5275 5385//5385
f 5386//5386 5276//5276 5274//5274
f 5275//5275 5277//5277 5387//5387
f 5388//5388 5278//5278 5276//5276
f 5281//5281 5279//5279 5371//5371
f 5372//5372 5280//5280 5282//5282
f 5389//5389 5331//5331 5281//5281
f 5282//5282 5332//5332 5390//5390
f 5341//5341 5333//5333 5217//5217
f 5218//5218 5334//5334 5342//5342
f 5333//5333 5335//5335 5211//5211
f 5212//5212 5336//5336 5334//5334
f 5335//5335 5257//5257 5285//5285
f 5286//5286 5258//5258 5336//5336
f 5215//5215 5337//5337 5341//5341
f 5342//5342 5338//5338 5216//5216
f 5213//5213 5339//5339 5337//5337
f 5338//5338 5340//5340 5214//5214
f 5221//5221 5345//5345 5339//5339
f 5340//5340 5346//5346 5222//5222
f 5271//5271 5383//5383 5343//5343
f 5344//5344 5384//5384 5272//5272
f 5391//5391 5287//5287 5289//5289
f 5290//5290 5288//5288 5392//5392
f 5393//5393 5289//5289 5291//5291
f 5292//5292 5290//5290 5394//5394
f 5395//5395 5291//5291 5293//5293
f 5294//5294 5292//5292 5396//5396
f 5397//5397 5293//5293 5295//5295
f 5296//5296 5294//5294 5398//5398
f 5399//5399 5295//5295 5343//5343
f 5344//5344 5296//5296 5400//5400
f 5223//5223 5347//5347 5345//5345
f 5346//5346 5348//5348 5224//5224
f 5287//5287 5391//5391 5347//5347
f 5348//5348 5392//5392 5288//5288
f 5297//5297 5331//5331 5401//5401
f 5402//5402 5332//5332 5298//5298
f 5299//5299 5297//5297 5403//5403
f 5404//5404 5298//5298 5300//5300
f 5351//5351 5349//5349 5227//5227
f 5228//5228 5350//5350 5352//5352
f 5349//5349 5405//5405 5301//5301
f 5302//5302 5406//5406 5350//5350
f 5301//5301 5407//5407 5303//5303
f 5304//5304 5408//5408 5302//5302
f 5303//5303 5387//5387 5277//5277
f 5278//5278 5388//5388 5304//5304
f 5353//5353 5351//5351 5229//5229
f 5230//5230 5352//5352 5354//5354
f 5403//5403 5353//5353 5299//5299
f 5300//5300 5354//5354 5404//5404
f 5233//5233 5357//5357 5355//5355
f 5356//5356 5358//5358 5234//5234
f 5305//5305 5357//5357 5235//5235
f 5236//5236 5358//5358 5306//5306
f 5359//5359 5409//5409 5305//5305
f 5306//5306 5410//5410 5360//5360
f 5381//5381 5307//5307 5269//5269
f 5270//5270 5308//5308 5382//5382
f 5359//5359 5241//5241 5361//5361
f 5362//5362 5242//5242 5360//5360
f 5361//5361 5309//5309 5411//5411
f 5412//5412 5310//5310 5362//5362
f 5309//5309 5363//5363 5411//5411
f 5412//5412 5364//5364 5310//5310
f 5243//5243 5365//5365 5363//5363
f 5364//5364 5366//5366 5244//5244
f 5245//5245 5367//5367 5365//5365
f 5366//5366 5368//5368 5246//5246
f 5247//5247 5369//5369 5367//5367
f 5368//5368 5370//5370 5248//5248
f 5307//5307 5381//5381 5369//5369
f 5370//5370 5382//5382 5308//5308
f 5311//5311 5371//5371 5279//5279
f 5280//5280 5372//5372 5312//5312
f 5259//5259 5413//5413 5371//5371
f 5372//5372 5414//5414 5260//5260
f 5413//5413 5373//5373 5313//5313
f 5314//5314 5374//5374 5414//5414
f 5373//5373 5413//5413 5259//5259
f 5260//5260 5414//5414 5374//5374
f 5415//5415 5313//5313 5315//5315
f 5316//5316 5314//5314 5416//5416
f 5417//5417 5315//5315 5317//5317
f 5318//5318 5316//5316 5418//5418
f 5419//5419 5317//5317 5319//5319
f 5320//5320 5318//5318 5420//5420
f 5421//5421 5319//5319 5321//5321
f 5322//5322 5320//5320 5422//5422
f 5423//5423 5321//5321 5323//5323
f 5324//5324 5322//5322 5424//5424
f 5325//5325 5423//5423 5323//5323
f 5324//5324 5424//5424 5326//5326
f 5327//5327 5425//5425 5325//5325
f 5326//5326 5426//5426 5328//5328
f 5355//5355 5427//5427 5327//5327
f 5328//5328 5428//5428 5356//5356
f 5375//5375 5263//5263 5335//5335
f 5336//5336 5264//5264 5376//5376
f 5377//5377 5265//5265 5375//5375
f 5376//5376 5266//5266 5378//5378
f 5377//5377 5379//5379 5329//5329
f 5330//5330 5380//5380 5378//5378
f 5379//5379 5381//5381 5267//5267
f 5268//5268 5382//5382 5380//5380
f 5385//5385 5383//5383 5273//5273
f 5274//5274 5384//5384 5386//5386
f 5387//5387 5385//5385 5275//5275
f 5276//5276 5386//5386 5388//5388
f 5371//5371 5429//5429 5281//5281
f 5282//5282 5430//5430 5372//5372
f 5331//5331 5389//5389 5429//5429
f 5430//5430 5390//5390 5332//5332
f 5281//5281 5429//5429 5389//5389
f 5390//5390 5430//5430 5282//5282
f 5333//5333 5341//5341 5431//5431
f 5432//5432 5342//5342 5334//5334
f 5335//5335 5333//5333 5375//5375
f 5376//5376 5334//5334 5336//5336
f 5433//5433 5341//5341 5337//5337
f 5338//5338 5342//5342 5434//5434
f 5435//5435 5337//5337 5339//5339
f 5340//5340 5338//5338 5436//5436
f 5437//5437 5339//5339 5345//5345
f 5346//5346 5340//5340 5438//5438
f 5439//5439 5343//5343 5383//5383
f 5384//5384 5344//5344 5440//5440
f 5289//5289 5393//5393 5391//5391
f 5392//5392 5394//5394 5290//5290
f 5291//5291 5395//5395 5393//5393
f 5394//5394 5396//5396 5292//5292
f 5293//5293 5397//5397 5395//5395
f 5396//5396 5398//5398 5294//5294
f 5295//5295 5399//5399 5397//5397
f 5398//5398 5400//5400 5296//5296
f 5343//5343 5439//5439 5399//5399
f 5400//5400 5440//5440 5344//5344
f 5441//5441 5345//5345 5347//5347
f 5348//5348 5346//5346 5442//5442
f 5443//5443 5347//5347 5391//5391
f 5392//5392 5348//5348 5444//5444
f 5429//5429 5401//5401 5331//5331
f 5332//5332 5402//5402 5430//5430
f 5401//5401 5403//5403 5297//5297
f 5298//5298 5404//5404 5402//5402
f 5349//5349 5351//5351 5445//5445
f 5446//5446 5352//5352 5350//5350
f 5405//5405 5349//5349 5445//5445
f 5446//5446 5350//5350 5406//5406
f 5407//5407 5301//5301 5405//5405
f 5406//5406 5302//5302 5408//5408
f 5387//5387 5303//5303 5407//5407
f 5408//5408 5304//5304 5388//5388
f 5351//5351 5353//5353 5447//5447
f 5448//5448 5354//5354 5352//5352
f 5353//5353 5403//5403 5449//5449
f 5450//5450 5404//5404 5354//5354
f 5357//5357 5451//5451 5355//5355
f 5356//5356 5452//5452 5358//5358
f 5357//5357 5305//5305 5409//5409
f 5410//5410 5306//5306 5358//5358
f 5409//5409 5359//5359 5453//5453
f 5454//5454 5360//5360 5410//5410
f 5361//5361 5453//5453 5359//5359
f 5360//5360 5454//5454 5362//5362
f 5411//5411 5455//5455 5361//5361
f 5362//5362 5456//5456 5412//5412
f 5457//5457 5411//5411 5363//5363
f 5364//5364 5412//5412 5458//5458
f 5459//5459 5363//5363 5365//5365
f 5366//5366 5364//5364 5460//5460
f 5461//5461 5365//5365 5367//5367
f 5368//5368 5366//5366 5462//5462
f 5463//5463 5367//5367 5369//5369
f 5370//5370 5368//5368 5464//5464
f 5465//5465 5369//5369 5381//5381
f 5382//5382 5370//5370 5466//5466
f 5371//5371 5413//5413 5467//5467
f 5468//5468 5414//5414 5372//5372
f 5313//5313 5415//5415 5413//5413
f 5414//5414 5416//5416 5314//5314
f 5315//5315 5417//5417 5415//5415
f 5416//5416 5418//5418 5316//5316
f 5317//5317 5419//5419 5417//5417
f 5418//5418 5420//5420 5318//5318
f 5319//5319 5421//5421 5419//5419
f 5420//5420 5422//5422 5320//5320
f 5321//5321 5423//5423 5421//5421
f 5422//5422 5424//5424 5322//5322
f 5423//5423 5325//5325 5425//5425
f 5426//5426 5326//5326 5424//5424
f 5425//5425 5327//5327 5427//5427
f 5428//5428 5328//5328 5426//5426
f 5427//5427 5355//5355 5451//5451
f 5452//5452 5356//5356 5428//5428
f 5375//5375 5431//5431 5377//5377
f 5378//5378 5432//5432 5376//5376
f 5379//5379 5377//5377 5469//5469
f 5470//5470 5378//5378 5380//5380
f 5381//5381 5379//5379 5465//5465
f 5466//5466 5380//5380 5382//5382
f 5383//5383 5385//5385 5471//5471
f 5472//5472 5386//5386 5384//5384
f 5385//5385 5387//5387 5473//5473
f 5474//5474 5388//5388 5386//5386
f 5467//5467 5429//5429 5371//5371
f 5372//5372 5430//5430 5468//5468
f 5341//5341 5433//5433 5431//5431
f 5432//5432 5434//5434 5342//5342
f 5431//5431 5375//5375 5333//5333
f 5334//5334 5376//5376 5432//5432
f 5337//5337 5435//5435 5433//5433
f 5434//5434 5436//5436 5338//5338
f 5339//5339 5437//5437 5435//5435
f 5436//5436 5438//5438 5340//5340
f 5345//5345 5441//5441 5437//5437
f 5438//5438 5442//5442 5346//5346
f 5471//5471 5439//5439 5383//5383
f 5384//5384 5440//5440 5472//5472
f 5475//5475 5391//5391 5393//5393
f 5394//5394 5392//5392 5476//5476
f 5477//5477 5393//5393 5395//5395
f 5396//5396 5394//5394 5478//5478
f 5479//5479 5395//5395 5397//5397
f 5398//5398 5396//5396 5480//5480
f 5481//5481 5397//5397 5399//5399
f 5400//5400 5398//5398 5482//5482
f 5483//5483 5399//5399 5439//5439
f 5440//5440 5400//5400 5484//5484
f 5347//5347 5443//5443 5441//5441
f 5442//5442 5444//5444 5348//5348
f 5391//5391 5475//5475 5443//5443
f 5444//5444 5476//5476 5392//5392
f 5401//5401 5429//5429 5485//5485
f 5486//5486 5430//5430 5402//5402
f 5403//5403 5401//5401 5487//5487
f 5488//5488 5402//5402 5404//5404
f 5447//5447 5445//5445 5351//5351
f 5352//5352 5446//5446 5448//5448
f 5445//5445 5489//5489 5405//5405
f 5406//5406 5490//5490 5446//5446
f 5405//5405 5491//5491 5407//5407
f 5408//5408 5492//5492 5406//5406
f 5407//5407 5473//5473 5387//5387
f 5388//5388 5474//5474 5408//5408
f 5449//5449 5447//5447 5353//5353
f 5354//5354 5448//5448 5450//5450
f 5487//5487 5449//5449 5403//5403
f 5404//5404 5450//5450 5488//5488
f 5451//5451 5357//5357 5493//5493
f 5494//5494 5358//5358 5452//5452
f 5409//5409 5493//5493 5357//5357
f 5358//5358 5494//5494 5410//5410
f 5495//5495 5409//5409 5453//5453
f 5454//5454 5410//5410 5496//5496
f 5453//5453 5361//5361 5455//5455
f 5456//5456 5362//5362 5454//5454
f 5455//5455 5411//5411 5497//5497
f 5498//5498 5412//5412 5456//5456
f 5411//5411 5457//5457 5497//5497
f 5498//5498 5458//5458 5412//5412
f 5363//5363 5459//5459 5457//5457
f 5458//5458 5460//5460 5364//5364
f 5365//5365 5461//5461 5459//5459
f 5460//5460 5462//5462 5366//5366
f 5367//5367 5463//5463 5461//5461
f 5462//5462 5464//5464 5368//5368
f 5369//5369 5465//5465 5463//5463
f 5464//5464 5466//5466 5370//5370
f 5429//5429 5467//5467 5413//5413
f 5414//5414 5468//5468 5430//5430
f 5485//5485 5413//5413 5415//5415
f 5416//5416 5414//5414 5486//5486
f 5499//5499 5415//5415 5417//5417
f 5418//5418 5416//5416 5500//5500
f 5501//5501 5417//5417 5419//5419
f 5420//5420 5418//5418 5502//5502
f 5503//5503 5419//5419 5421//5421
f 5422//5422 5420//5420 5504//5504
f 5505//5505 5421//5421 5423//5423
f 5424//5424 5422//5422 5506//5506
f 5425//5425 5505//5505 5423//5423
f 5424//5424 5506//5506 5426//5426
f 5427//5427 5507//5507 5425//5425
f 5426//5426 5508//5508 5428//5428
f 5451//5451 5509//5509 5427//5427
f 5428//5428 5510//5510 5452//5452
f 5431//5431 5469//5469 5377//5377
f 5378//5378 5470//5470 5432//5432
f 5469//5469 5465//5465 5379//5379
f 5380//5380 5466//5466 5470//5470
f 5473//5473 5471//5471 5385//5385
f 5386//5386 5472//5472 5474//5474
f 5469//5469 5431//5431 5433//5433
f 5434//5434 5432//5432 5470//5470
f 5511//5511 5433//5433 5435//5435
f 5436//5436 5434//5434 5512//5512
f 5513//5513 5435//5435 5437//5437
f 5438//5438 5436//5436 5514//5514
f 5515//5515 5437//5437 5441//5441
f 5442//5442 5438//5438 5516//5516
f 5439//5439 5471//5471 5517//5517
f 5518//5518 5472//5472 5440//5440
f 5393//5393 5477//5477 5475//5475
f 5476//5476 5478//5478 5394//5394
f 5395//5395 5479//5479 5477//5477
f 5478//5478 5480//5480 5396//5396
f 5397//5397 5481//5481 5479//5479
f 5480//5480 5482//5482 5398//5398
f 5399//5399 5483//5483 5481//5481
f 5482//5482 5484//5484 5400//5400
f 5517//5517 5483//5483 5439//5439
f 5440//5440 5484//5484 5518//5518
f 5519//5519 5441//5441 5443//5443
f 5444//5444 5442//5442 5520//5520
f 5521//5521 5443//5443 5475//5475
f 5476//5476 5444//5444 5522//5522
f 5413//5413 5485//5485 5429//5429
f 5430//5430 5486//5486 5414//5414
f 5485//5485 5487//5487 5401//5401
f 5402//5402 5488//5488 5486//5486
f 5445//5445 5447//5447 5523//5523
f 5524//5524 5448//5448 5446//5446
f 5489//5489 5445//5445 5523//5523
f 5524//5524 5446//5446 5490//5490
f 5491//5491 5405//5405 5489//5489
f 5490//5490 5406//5406 5492//5492
f 5473//5473 5407//5407 5491//5491
f 5492//5492 5408//5408 5474//5474
f 5447//5447 5449//5449 5525//5525
f 5526//5526 5450//5450 5448//5448
f 5449//5449 5487//5487 5527//5527
f 5528//5528 5488//5488 5450//5450
f 5493//5493 5529//5529 5451//5451
f 5452//5452 5530//5530 5494//5494
f 5493//5493 5409//5409 5531//5531
f 5532//5532 5410//5410 5494//5494
f 5409//5409 5495//5495 5531//5531
f 5532//5532 5496//5496 5410//5410
f 5453//5453 5533//5533 5495//5495
f 5496//5496 5534//5534 5454//5454
f 5533//5533 5453//5453 5455//5455
f 5456//5456 5454//5454 5534//5534
f 5535//5535 5455//5455 5497//5497
f 5498//5498 5456//5456 5536//5536
f 5521//5521 5497//5497 5457//5457
f 5458//5458 5498//5498 5522//5522
f 5519//5519 5457//5457 5459//5459
f 5460//5460 5458//5458 5520//5520
f 5515//5515 5459//5459 5461//5461
f 5462//5462 5460//5460 5516//5516
f 5513//5513 5461//5461 5463//5463
f 5464//5464 5462//5462 5514//5514
f 5511//5511 5463//5463 5465//5465
f 5466//5466 5464//5464 5512//5512
f 5415//5415 5499//5499 5485//5485
f 5486//5486 5500//5500 5416//5416
f 5417//5417 5501//5501 5499//5499
f 5500//5500 5502//5502 5418//5418
f 5419//5419 5503//5503 5501//5501
f 5502//5502 5504//5504 5420//5420
f 5421//5421 5505//5505 5503//5503
f 5504//5504 5506//5506 5422//5422
f 5505//5505 5425//5425 5507//5507
f 5508//5508 5426//5426 5506//5506
f 5507//5507 5427//5427 5509//5509
f 5510//5510 5428//5428 5508//5508
f 5509//5509 5451//5451 5529//5529
f 5530//5530 5452//5452 5510//5510
f 5465//5465 5469//5469 5511//5511
f 5512//5512 5470//5470 5466//5466
f 5471//5471 5473//5473 5537//5537
f 5538//5538 5474//5474 5472//5472
f 5433//5433 5511//5511 5469//5469
f 5470//5470 5512//5512 5434//5434
f 5435//5435 5513//5513 5511//5511
f 5512//5512 5514//5514 5436//5436
f 5437//5437 5515//5515 5513//5513
f 5514//5514 5516//5516 5438//5438
f 5441//5441 5519//5519 5515//5515
f 5516//5516 5520//5520 5442//5442
f 5537//5537 5517//5517 5471//5471
f 5472//5472 5518//5518 5538//5538
f 5535//5535 5475//5475 5477//5477
f 5478//5478 5476//5476 5536//5536
f 5533//5533 5477//5477 5479//5479
f 5480//5480 5478//5478 5534//5534
f 5495//5495 5479//5479 5481//5481
f 5482//5482 5480//5480 5496//5496
f 5531//5531 5481//5481 5483//5483
f 5484//5484 5482//5482 5532//5532
f 5483//5483 5517//5517 5539//5539
f 5540//5540 5518//5518 5484//5484
f 5443//5443 5521//5521 5519//5519
f 5520//5520 5522//5522 5444//5444
f 5475//5475 5535//5535 5521//5521
f 5522//5522 5536//5536 5476//5476
f 5487//5487 5485//5485 5499//5499
f 5500//5500 5486//5486 5488//5488
f 5525//5525 5523//5523 5447//5447
f 5448//5448 5524//5524 5526//5526
f 5523//5523 5541//5541 5489//5489
f 5490//5490 5542//5542 5524//5524
f 5489//5489 5543//5543 5491//5491
f 5492//5492 5544//5544 5490//5490
f 5491//5491 5537//5537 5473//5473
f 5474//5474 5538//5538 5492//5492
f 5527//5527 5525//5525 5449//5449
f 5450//5450 5526//5526 5528//5528
f 5499//5499 5527//5527 5487//5487
f 5488//5488 5528//5528 5500//5500
f 5529//5529 5493//5493 5539//5539
f 5540//5540 5494//5494 5530//5530
f 5531//5531 5539//5539 5493//5493
f 5494//5494 5540//5540 5532//5532
f 5481//5481 5531//5531 5495//5495
f 5496//5496 5532//5532 5482//5482
f 5479//5479 5495//5495 5533//5533
f 5534//5534 5496//5496 5480//5480
f 5455//5455 5535//5535 5533//5533
f 5534//5534 5536//5536 5456//5456
f 5497//5497 5521//5521 5535//5535
f 5536//5536 5522//5522 5498//5498
f 5457//5457 5519//5519 5521//5521
f 5522//5522 5520//5520 5458//5458
f 5459//5459 5515//5515 5519//5519
f 5520//5520 5516//5516 5460//5460
f 5461//5461 5513//5513 5515//5515
f 5516//5516 5514//5514 5462//5462
f 5463//5463 5511//5511 5513//5513
f 5514//5514 5512//5512 5464//5464
f 5527//5527 5499//5499 5501//5501
f 5502//5502 5500//5500 5528//5528
f 5545//5545 5501//5501 5503//5503
f 5504//5504 5502//5502 5546//5546
f 5547//5547 5503//5503 5505//5505
f 5506//5506 5504//5504 5548//5548
f 5507//5507 5547//5547 5505//5505
f 5506//5506 5548//5548 5508//5508
f 5509//5509 5549//5549 5507//5507
f 5508//5508 5550//5550 5510//5510
f 5529//5529 5551//5551 5509//5509
f 5510//5510 5552//5552 5530//5530
f 5517//5517 5537//5537 5553//5553
f 5554//5554 5538//5538 5518//5518
f 5477//5477 5533//5533 5535//5535
f 5536//5536 5534//5534 5478//5478
f 5539//5539 5531//5531 5483//5483
f 5484//5484 5532//5532 5540//5540
f 5553//5553 5539//5539 5517//5517
f 5518//5518 5540//5540 5554//5554
f 5523//5523 5525//5525 5555//5555
f 5556//5556 5526//5526 5524//5524
f 5541//5541 5523//5523 5555//5555
f 5556//5556 5524//5524 5542//5542
f 5543//5543 5489//5489 5541//5541
f 5542//5542 5490//5490 5544//5544
f 5537//5537 5491//5491 5543//5543
f 5544//5544 5492//5492 5538//5538
f 5525//5525 5527//5527 5545//5545
f 5546//5546 5528//5528 5526//5526
f 5539//5539 5553//5553 5529//5529
f 5530//5530 5554//5554 5540//5540
f 5501//5501 5545//5545 5527//5527
f 5528//5528 5546//5546 5502//5502
f 5503//5503 5547//5547 5545//5545
f 5546//5546 5548//5548 5504//5504
f 5547//5547 5507//5507 5549//5549
f 5550//5550 5508//5508 5548//5548
f 5549//5549 5509//5509 5551//5551
f 5552//5552 5510//5510 5550//5550
f 5551//5551 5529//5529 5553//5553
f 5554//5554 5530//5530 5552//5552
f 5543//5543 5553//5553 5537//5537
f 5538//5538 5554//5554 5544//5544
f 5545//5545 5555//5555 5525//5525
f 5526//5526 5556//5556 5546//5546
f 5555//5555 5549//5549 5541//5541
f 5542//5542 5550//5550 5556//5556
f 5541//5541 5551//5551 5543//5543
f 5544//5544 5552//5552 5542//5542
f 5555//5555 5545//5545 5547//5547
f 5548//5548 5546//5546 5556//5556
f 5549//5549 5555//5555 5547//5547
f 5548//5548 5556//5556 5550//5550
f 5551//5551 5541//5541 5549//5549
f 5550//5550 5542//5542 5552//5552
f 5553//5553 5543//5543 5551//5551
f 5552//5552 5544//5544 5554//5554
