object_id,tipo_simetria,nombre_categoria,n_elementos,delta_min_1,delta_media_1,n_buenas_1,frac_buenas_1,ind_mejor_1,inds_buenas_1,delta_min_6,delta_media_6,n_buenas_6,frac_buenas_6,ind_mejor_6,inds_buenas_6,delta_min_14,delta_media_14,n_buenas_14,frac_buenas_14,ind_mejor_14,inds_buenas_14,delta_min_26,delta_media_26,n_buenas_26,frac_buenas_26,ind_mejor_26,inds_buenas_26,delta_min_all,delta_media_all,n_buenas_all,frac_buenas_all,ind_mejor_all
10433e5bd8fa2a337b00c7b93209c459,axial,pot,1,39.89,39.89,0,0.0,0,,24.59,36.61,0,0.0,23,,5.1,25.79,7,0.5,17,9 17 35 61 70 78 87,2.56,32.95,7,0.269,86,9 14 27 36 41 81 86,0.05,32.82,41,0.36,28
10e72272bc46378a2c59a4d90e63212,axial,pot,1,1.64,1.64,1,1.0,0,0,1.64,28.03,3,0.5,0,0 45 113,1.64,38.02,4,0.286,0,0 96 104 113,1.64,32.6,8,0.308,0,0 41 45 50 54 104 108 113,0.28,32.49,42,0.368,109
10f709cecfbb8d59c2536abb1e8e5eab,axial,bottle,1,25.48,25.48,0,0.0,0,,11.87,35.59,1,0.167,45,45,2.84,28.71,6,0.429,70,9 17 70 78 87 104,2.32,32.35,8,0.308,99,9 14 27 32 41 45 99 104,0.39,32.59,38,0.333,79
114509277e76e413c8724d5673a063a6,axial,bottle,1,61.66,61.66,0,0.0,0,,3.93,43.18,2,0.333,45,45 68,0.5,30.63,5,0.357,78,17 35 43 70 78,1.87,33.14,10,0.385,54,27 32 41 45 50 54 63 68 81 86,0.17,32.83,41,0.36,76
11547e8d8f143557525b133235812833,axial,bowl,1,2.55,2.55,1,1.0,0,0,2.55,25.63,4,0.667,0,0 23 45 113,2.55,29.12,6,0.429,0,0 70 87 96 104 113,2.55,31.48,10,0.385,0,0 23 32 36 41 45 95 104 108 113,0.09,32.41,36,0.316,11
12aa829de18f4e6ad5cb6d178687b980,axial,lamp,1,32.63,32.63,0,0.0,0,,19.78,44.1,1,0.167,68,68,0.69,32.56,4,0.286,96,9 17 96 104,3.17,33.27,10,0.385,63,9 14 50 54 59 63 68 81 99 104,0.58,32.67,38,0.333,76
12b90995b3054ea3a2c59a4d90e63212,axial,pot,1,40.51,40.51,0,0.0,0,,4.82,27.23,3,0.5,68,23 68 90,9.54,36.29,4,0.286,43,17 43 52 87,0.79,32.92,8,0.308,95,18 23 68 77 81 90 95 108,0.62,32.88,38,0.333,15
12dd2b962777328551014c684c004c28,axial,lamp,1,27.74,27.74,0,0.0,0,,19.09,42.33,1,0.167,68,68,1.63,33.09,4,0.286,104,9 17 96 104,1.63,33.29,9,0.346,104,9 14 50 59 63 68 81 99 104,0.16,32.58,40,0.351,89
1349b2169a97a0ff54e1b6f41fdd78a,axial,bottle,1,63.5,63.5,0,0.0,0,,9.9,33.9,3,0.5,23,23 68 90,6.99,42.42,3,0.214,87,26 52 87,0.22,33.15,12,0.462,63,23 36 41 50 54 59 63 68 72 77 90 95,0.22,32.96,41,0.36,63
134c723696216addedee8d59893c8633,axial,bottle,1,29.37,29.37,0,0.0,0,,14.31,42.44,1,0.167,45,45,1.13,32.89,4,0.286,9,9 17 96 104,1.13,33.29,10,0.385,9,9 14 32 41 45 50 54 63 99 104,1.13,32.67,39,0.342,9
13544f09512952bbc9273c10871e1c3d,axial,bottle,1,10.64,10.64,1,1.0,0,0,5.0,24.15,3,0.5,90,0 90 113,8.05,21.71,7,0.5,52,0 35 52 61 78 104 113,0.58,30.07,10,0.385,5,0 5 14 18 27 86 90 99 104 113,0.58,32.52,41,0.36,5
13ba3fbe8fbc53f3ef3a2c64cef919d0,axial,lamp,1,58.07,58.07,0,0.0,0,,8.44,44.15,2,0.333,68,45 68,8.7,31.87,4,0.286,35,35 43 70 78,0.02,31.92,12,0.462,81,14 27 32 45 50 54 59 63 68 81 86 99,0.02,32.9,37,0.325,81
13c127aad3fc8e6af51fa0238791f5dc,axial,lamp,1,40.85,40.85,0,0.0,0,,0.92,26.34,3,0.5,68,23 68 90,15.43,38.68,5,0.357,43,17 26 43 52 87,0.92,32.82,8,0.308,68,18 23 68 77 81 90 95 108,0.39,32.8,41,0.36,25
13d991326c6e8b14fce33f1a52ee07f2,axial,bottle,1,29.0,29.0,0,0.0,0,,0.37,27.87,1,0.167,23,23,4.89,25.31,7,0.5,52,9 17 35 43 52 61 87,0.37,32.03,7,0.269,23,9 23 36 81 86 95 108,0.37,32.71,38,0.333,23
14a49c2b9f46faa04d6ef9ab90177563,axial,ashcan,1,9.51,9.51,1,1.0,0,0,9.5,28.68,3,0.5,113,0 45 113,0.46,25.8,6,0.429,70,0 70 78 87 104 113,7.16,31.97,10,0.385,32,0 14 27 32 36 45 99 104 108 113,0.32,32.43,40,0.351,19
14adee7ed296842c874073279cad6d18,axial,bottle,1,59.11,59.11,0,0.0,0,,6.37,35.22,2,0.333,68,23 68,1.1,33.68,4,0.286,52,43 52 61 87,1.76,34.28,5,0.192,36,23 36 41 68 81,0.86,32.92,39,0.342,84
14c84c76c927fb282cd2160e449d45ae,axial,lamp,1,14.83,14.83,1,1.0,0,0,14.82,30.32,2,0.333,113,0 113,14.82,45.13,2,0.143,113,0 113,0.7,33.3,8,0.308,63,0 5 50 59 63 72 108 113,0.17,32.51,41,0.36,2
150108e481b52e41bfeb5b5bfc3dfc3b,axial,bottle,1,4.16,4.16,1,1.0,0,0,4.15,23.87,3,0.5,113,0 23 113,4.15,22.41,7,0.5,113,0 61 70 78 87 104 113,0.73,30.56,11,0.423,108,0 14 23 27 32 36 95 99 104 108 113,0.4,32.43,40,0.351,57
15211f5ea7c7432686c701087a194026,axial,lamp,1,23.0,23.0,0,0.0,0,,3.9,26.33,3,0.5,90,23 68 90,1.43,29.51,5,0.357,43,9 17 26 43 52,1.71,31.6,9,0.346,81,9 18 23 68 77 81 90 95 108,0.47,32.65,39,0.342,60
152ecc698f56f89de499b3a7593b4ee7,axial,pot,1,79.82,79.82,0,0.0,0,,3.7,42.42,2,0.333,45,45 68,2.6,36.09,5,0.357,52,43 52 61 70 78,3.52,34.68,9,0.346,50,32 45 50 54 59 63 68 72 77,0.55,33.11,40,0.351,67
15332cc15b3de2e7a4ee05a5737b7178,axial,lamp,1,3.33,3.33,1,1.0,0,0,3.32,22.09,4,0.667,113,0 23 90 113,3.32,20.89,7,0.5,113,0 9 35 52 61 78 113,2.62,30.03,13,0.5,14,0 5 9 14 18 23 27 86 90 95 99 108 113,0.02,32.37,39,0.342,82
154ab09c67b9d04fb4971a63df4b1d36,axial,bowl,1,10.19,10.19,1,1.0,0,0,10.18,28.15,3,0.5,113,0 68 113,9.19,39.19,4,0.286,17,0 17 26 113,2.76,32.77,7,0.269,72,0 5 59 68 72 108 113,0.28,32.56,38,0.333,13
15787789482f045d8add95bf56d3d2fa,axial,bottle,1,75.93,75.93,0,0.0,0,,1.43,41.86,2,0.333,68,45 68,2.7,34.47,5,0.357,43,35 43 52 61 70,1.43,34.59,9,0.346,68,36 41 45 50 54 59 63 68 81,1.33,33.06,41,0.36,57
16258409337ee2914a200f5f1797d729,axial,lamp,1,34.45,34.45,0,0.0,0,,10.04,38.82,1,0.167,68,68,1.74,29.14,4,0.286,104,35 43 96 104,0.5,32.08,8,0.308,99,14 27 68 72 81 86 99 104,0.5,32.76,39,0.342,99
169d73f18f7b17bb4a6ecce2eeb45768,axial,lamp,1,29.4,29.4,0,0.0,0,,17.35,29.75,1,0.167,23,23,10.54,45.47,1,0.071,87,87,1.34,33.42,8,0.308,54,5 18 23 41 50 54 95 108,0.23,32.73,38,0.333,15
1732f2d2119b9adc72652f4081ec5a77,axial,pot,1,78.43,78.43,0,0.0,0,,2.17,41.97,1,0.167,68,68,3.03,35.66,5,0.357,61,35 43 52 61 70,2.17,34.64,8,0.308,68,36 41 50 54 59 63 68 81,0.54,33.1,40,0.351,49
181d2b693d7ab89457a48b78ff77644d,axial,lamp,1,21.96,21.96,0,0.0,0,,1.84,26.5,2,0.333,45,23 45,1.85,36.79,3,0.214,87,70 87 96,1.75,32.68,8,0.308,5,5 23 32 36 41 45 95 108,0.86,32.67,38,0.333,66
18387bda93f1b17e36b0f2a1430e993a,axial,pot,1,45.18,45.18,0,0.0,0,,0.59,27.01,3,0.5,68,23 68 90,10.88,38.2,4,0.286,87,17 43 52 87,0.59,33.14,7,0.269,68,18 23 68 77 81 90 95,0.59,32.87,38,0.333,68
185e37856f55b2c4e9aa07397ea1cf8d,axial,lamp,1,16.19,16.19,1,1.0,0,0,16.19,30.0,2,0.333,113,0 113,16.19,44.61,2,0.143,113,0 113,1.29,33.08,7,0.269,54,0 5 41 50 54 108 113,1.12,32.65,38,0.333,111
188281000adddc9977981b941eb4f5d1,axial,bowl,1,28.42,28.42,0,0.0,0,,13.51,41.87,1,0.167,45,45,2.32,33.06,4,0.286,9,9 17 96 104,1.33,33.28,10,0.385,54,9 14 32 41 45 50 54 63 99 104,1.33,32.65,40,0.351,54
194f4eb1707aaf674c8b72e8da0e65c5,axial,bottle,1,48.97,48.97,0,0.0,0,,0.43,28.26,2,0.333,23,23 90,3.05,44.04,2,0.143,87,26 87,0.19,32.55,12,0.462,50,18 23 36 41 50 54 59 63 72 77 90 95,0.19,32.88,39,0.342,50
199273d17414e77ca553fc23769e6051,axial,lamp,1,6.08,6.08,1,1.0,0,0,6.08,32.26,2,0.333,0,0 113,6.08,39.23,4,0.286,0,0 9 17 113,5.19,33.15,7,0.269,59,0 9 50 59 63 72 113,0.08,32.46,38,0.333,80
19d4c28ca3da609a5beaf00da5b709c2,axial,lamp,1,14.73,14.73,1,1.0,0,0,14.73,30.87,3,0.5,0,0 68 113,0.91,26.42,7,0.5,43,0 9 26 35 43 104 113,7.57,32.33,12,0.462,14,0 5 9 14 68 72 77 81 86 99 104 113,0.91,32.54,42,0.368,43
1a963b28c5520cc737b2bb75885cfc44,axial,lamp,1,33.89,33.89,0,0.0,0,,5.98,27.55,3,0.5,23,23 45 90,2.85,41.57,1,0.071,87,87,1.13,33.22,10,0.385,95,5 18 23 36 41 45 50 54 90 95,0.0,32.81,37,0.325,37
1a9c1cbf1ca9ca24274623f5a5d0bcdc,axial,lamp,1,8.08,8.08,1,1.0,0,0,0.26,28.64,3,0.5,45,0 45 113,0.86,31.61,6,0.429,104,0 70 87 96 104 113,0.26,32.04,7,0.269,45,0 32 41 45 104 108 113,0.2,32.46,38,0.333,79
1ae823260851f7d9ea600d1a6d9f6e07,axial,bottle,1,33.47,33.47,0,0.0,0,,3.78,29.71,1,0.167,90,90,4.87,25.86,7,0.5,96,26 52 61 70 78 96 104,3.78,32.61,7,0.269,90,5 18 27 32 77 90 104,0.58,32.79,39,0.342,13
1af2b0b5ca59c8d8a4136492f17b9a59,axial,pot,1,58.58,58.58,0,0.0,0,,14.54,38.47,1,0.167,68,68,0.65,30.69,6,0.429,61,17 35 43 52 61 87,2.54,34.27,4,0.154,81,36 41 68 81,0.65,32.98,36,0.316,61
1b121101806758e4f9aec59741c69cf7,axial,pot,1,38.42,38.42,0,0.0,0,,1.15,26.16,3,0.5,68,23 68 90,13.71,37.72,5,0.357,43,17 26 43 52 87,1.15,32.74,8,0.308,68,18 23 68 77 81 90 95 108,1.15,32.85,39,0.342,68
1b35500ce44ae7e344b6d51c32a5873f,axial,lamp,1,35.64,35.64,0,0.0,0,,21.13,44.84,0,0.0,68,,5.12,32.73,4,0.286,96,9 17 96 104,0.16,33.06,10,0.385,63,9 14 32 50 54 59 63 81 99 104,0.16,32.66,38,0.333,63
1b4d7803a3298f8477bdcb8816a3fac9,axial,bowl,1,33.9,33.9,0,0.0,0,,26.46,36.14,0,0.0,68,,1.8,25.42,7,0.5,35,26 35 43 52 78 96 104,2.33,32.28,7,0.269,86,14 27 72 77 86 99 104,0.67,32.69,38,0.333,101
1b64b36bf7ddae3d7ad11050da24bb12,axial,bottle,1,67.58,67.58,0,0.0,0,,10.62,42.5,2,0.333,45,45 68,5.07,31.96,5,0.357,78,35 43 52 70 78,4.08,34.37,8,0.308,32,27 32 45 50 59 68 72 86,0.37,32.98,37,0.325,42
1bb465b8f22315d1116f219d90a571c2,axial,lamp,1,46.73,46.73,0,0.0,0,,23.28,39.63,0,0.0,68,,1.1,27.5,7,0.5,96,26 35 43 52 78 96 104,2.0,33.35,7,0.269,27,27 32 72 77 86 99 104,0.22,32.79,37,0.325,91
1c38ca26c65826804c35e2851444dc2f,axial,bottle,1,37.11,37.11,0,0.0,0,,9.09,39.7,1,0.167,68,68,3.31,29.44,4,0.286,43,35 43 96 104,0.11,32.21,9,0.346,72,14 27 59 68 72 81 86 99 104,0.11,32.77,40,0.351,72
1cb574d3f22f63ebd493bfe20f94b6ab,axial,ashcan,1,57.01,57.01,0,0.0,0,,7.54,34.64,2,0.333,45,45 90,0.79,33.2,5,0.357,61,26 52 61 70 96,3.38,34.26,5,0.192,77,32 45 72 77 90,0.32,32.92,40,0.351,85
1ce6fb24e634d5962a510b8f97c658e,axial,lamp,1,23.66,23.66,0,0.0,0,,23.65,30.49,0,0.0,113,,22.03,46.62,0,0.0,26,,1.31,33.67,7,0.269,108,5 50 54 59 63 72 108,0.71,32.65,36,0.316,33
1cf98e5b6fff5471c8724d5673a063a6,axial,bottle,1,45.16,45.16,0,0.0,0,,27.62,38.06,0,0.0,90,,0.03,26.64,7,0.5,96,26 35 43 52 78 96 104,5.4,33.48,7,0.269,27,27 32 72 77 86 99 104,0.03,32.84,39,0.342,96
1d2c2f3f398fe0ede6597d391ab6fcc1,axial,lamp,1,20.99,20.99,0,0.0,0,,20.98,29.61,0,0.0,113,,14.23,44.21,1,0.071,26,26,2.07,33.09,6,0.231,72,5 18 59 63 72 108,2.07,32.72,36,0.316,72
1d4480abe9aa45ce51a99c0e19a8a54,axial,bottle,1,22.93,22.93,0,0.0,0,,22.92,30.28,0,0.0,113,,18.85,46.25,1,0.071,87,87,0.32,33.27,7,0.269,5,5 41 50 54 63 95 108,0.19,32.68,39,0.342,100
1df41477bce9915e362078f6fc3b29f5,axial,bottle,1,13.67,13.67,1,1.0,0,0,5.42,27.06,4,0.667,68,0 68 90 113,1.33,31.91,6,0.429,17,0 9 17 26 43 113,5.42,32.23,10,0.385,68,0 5 9 18 68 77 81 90 108 113,0.44,32.61,39,0.342,64
1e5abf0465d97d826118a17db9de8c0,axial,bottle,1,36.36,36.36,0,0.0,0,,26.1,36.39,0,0.0,23,,4.96,25.59,7,0.5,78,9 17 35 61 70 78 87,2.44,32.54,7,0.269,86,9 14 27 36 41 86 99,0.54,32.76,40,0.351,28
1e5e1ff56c27c0d2adc5f5aafedb1c38,axial,lamp,1,69.38,69.38,0,0.0,0,,16.11,36.59,2,0.333,23,23 90,14.62,42.05,4,0.286,87,26 52 61 87,1.72,33.11,10,0.385,59,23 36 41 50 54 59 63 72 77 90,0.31,33.12,38,0.333,39
1ef68777bfdb7d6ba7a07ee616e34cd7,axial,bottle,1,4.58,4.58,1,1.0,0,0,4.57,26.65,3,0.5,113,0 68 113,1.67,35.12,5,0.357,17,0 9 17 26 113,4.57,32.36,9,0.346,113,0 5 9 59 68 72 81 108 113,0.43,32.47,38,0.333,89
1f30b28f2dfe65a21735ea0e092a805a,axial,lamp,1,40.84,40.84,0,0.0,0,,3.61,27.66,3,0.5,23,23 68 90,7.16,35.24,4,0.286,43,17 43 52 87,2.27,33.01,8,0.308,95,18 23 68 77 81 90 95 108,0.29,32.86,38,0.333,15
1fbb9f70d081630e638b4be15b07b442,axial,bowl,1,6.59,6.59,1,1.0,0,0,6.59,23.11,4,0.667,0,0 23 90 113,3.68,21.28,6,0.429,78,0 52 61 78 104 113,3.74,30.75,13,0.5,27,0 5 14 18 23 27 86 90 95 99 104 108 113,0.07,32.52,39,0.342,82
1ffd7113492d375593202bf99dddc268,axial,bottle,1,1.0,1.0,1,1.0,0,0,1.0,29.52,2,0.333,113,0 113,1.0,41.23,2,0.143,113,0 113,1.0,32.93,6,0.231,113,0 50 54 59 63 113,0.1,32.44,38,0.333,29
204c2b0a5e0a0ac3efd4121045846f28,axial,bottle,1,1.39,1.39,1,1.0,0,0,1.39,24.98,4,0.667,0,0 68 90 113,0.65,24.51,7,0.5,43,0 9 17 26 35 43 113,1.39,30.88,10,0.385,0,0 5 9 14 18 68 77 81 90 113,0.65,32.39,39,0.342,43
20d36ce3148091c5764b5e62529f6d7e,axial,lamp,1,15.04,15.04,1,1.0,0,0,15.04,36.91,2,0.333,0,0 113,4.92,36.75,6,0.429,17,0 9 17 96 104 113,4.2,33.44,7,0.269,63,0 9 50 59 63 104 113,1.07,32.59,39,0.342,29
216adefa94f25d7968a3710932407607,axial,bottle,1,15.69,15.69,1,1.0,0,0,15.69,30.04,2,0.333,113,0 113,15.69,44.64,2,0.143,113,0 113,2.16,33.13,7,0.269,54,0 5 41 50 54 108 113,0.66,32.63,40,0.351,111
21a4556c02678fd7e59f529cd1b6faa8,axial,lamp,1,1.94,1.94,1,1.0,0,0,1.94,30.27,2,0.333,0,0 113,1.94,40.3,3,0.214,0,0 17 113,1.94,32.89,5,0.192,0,0 50 59 63 113,0.6,32.42,37,0.325,97
21bca6a33809c7f26f2deb6dd348d3c7,axial,lamp,1,34.42,34.42,0,0.0,0,,0.66,25.43,3,0.5,90,23 68 90,10.88,38.59,3,0.214,26,17 26 43,0.66,32.52,8,0.308,90,18 23 68 77 81 90 95 108,0.66,32.76,38,0.333,90
22249179e88b0502846564a8a219239b,axial,bottle,1,10.99,10.99,1,1.0,0,0,10.99,33.68,3,0.5,113,0 45 113,0.57,35.91,4,0.286,96,0 96 104 113,3.01,33.18,7,0.269,54,0 41 45 50 54 104 113,0.19,32.39,37,0.325,1
225d046d8f798afacba9caf4d254cef0,axial,bottle,1,34.68,34.68,0,0.0,0,,4.83,27.32,3,0.5,90,23 68 90,4.01,41.42,1,0.071,26,26,0.0,33.12,10,0.385,18,18 23 59 63 68 72 77 90 95 108,0.0,32.81,38,0.333,18
22d18e34097ec57a80b49bbcfa357c86,axial,bottle,1,62.83,62.83,0,0.0,0,,9.2,33.52,2,0.333,23,23 90,6.93,42.74,3,0.214,87,26 52 87,1.02,32.9,12,0.462,77,18 23 36 41 50 54 59 63 72 77 90 95,0.15,32.99,39,0.342,82
22f7580ee1819eb7fc435963bd99e667,axial,ashcan,1,46.53,46.53,0,0.0,0,,8.43,32.15,2,0.333,90,45 90,1.2,30.3,6,0.429,61,26 52 61 70 78 96,3.22,33.66,5,0.192,32,18 32 45 77 90,1.18,32.88,40,0.351,83
23040992da19679aaa7cb30470f3273c,axial,lamp,1,23.22,23.22,0,0.0,0,,0.95,26.95,1,0.167,23,23,0.13,23.12,6,0.429,35,9 17 35 52 61 87,0.95,31.29,9,0.346,23,9 14 23 27 36 81 86 95 108,0.13,32.58,38,0.333,35
23c2a637319a07b425ebd1cd0b422e32,axial,pot,1,27.76,27.76,0,0.0,0,,22.4,34.98,0,0.0,68,,3.43,25.84,5,0.357,104,26 35 43 96 104,0.47,32.0,8,0.308,99,14 27 72 77 81 86 99 104,0.47,32.65,38,0.333,99
24907349b2323824664b3b9b23ddfcbc,axial,bowl,1,5.83,5.83,1,1.0,0,0,5.83,29.96,2,0.333,113,0 113,5.83,42.96,2,0.143,113,0 113,5.83,33.24,8,0.308,113,0 5 50 54 59 63 108 113,0.12,32.61,41,0.36,8
24bc34cdce868610346ed9821e11e90,axial,pot,1,25.88,25.88,0,0.0,0,,4.03,28.68,1,0.167,23,23,2.84,23.2,7,0.5,35,9 17 35 52 61 78 87,3.15,31.65,9,0.346,9,9 14 23 27 36 81 86 95 108,0.95,32.61,38,0.333,44
24feb92770933b1663995fb119e59971,axial,bottle,1,26.46,26.46,0,0.0,0,,7.9,27.48,2,0.333,45,23 45,0.16,39.73,2,0.143,87,87 96,2.35,33.22,9,0.346,5,5 18 23 36 41 45 54 95 108,0.16,32.66,39,0.342,87
257cd060f1947fd336b0f2a1430e993a,axial,pot,1,26.37,26.37,0,0.0,0,,23.04,34.41,0,0.0,45,,4.68,25.65,6,0.429,9,9 17 61 70 78 87,1.31,32.0,8,0.308,14,9 14 27 32 36 41 86 99,0.64,32.66,39,0.342,28
25b8ed5b02f07b6cbcfad79fc308fa6d,axial,bottle,1,9.08,9.08,1,1.0,0,0,5.32,25.11,3,0.5,23,0 23 113,0.81,21.86,8,0.571,78,0 9 61 70 78 87 104 113,0.02,30.39,12,0.462,99,0 9 14 23 27 36 86 95 99 104 108 113,0.02,32.54,40,0.351,99
25bd069704996e073225afab722d9fd2,axial,lamp,1,23.73,23.73,0,0.0,0,,19.92,32.44,1,0.167,23,23,0.39,23.86,5,0.357,78,9 61 70 78 87,0.14,31.54,8,0.308,14,9 14 23 27 36 86 99 108,0.14,32.57,41,0.36,14
2618100a5821a4d847df6165146d5bbd,axial,bottle,1,24.41,24.41,0,0.0,0,,13.42,39.95,1,0.167,45,45,4.22,33.67,4,0.286,104,9 17 96 104,0.46,33.28,10,0.385,54,9 14 32 41 45 50 54 63 99 104,0.46,32.56,41,0.36,54
263e56f24d3973216fe9ca24e0c157f,axial,pot,1,44.54,44.54,0,0.0,0,,13.93,45.46,2,0.333,45,45 68,10.63,32.63,4,0.286,17,9 17 96 104,3.32,32.97,14,0.538,14,9 14 27 32 45 50 54 59 63 68 81 86 99 104,0.73,32.71,41,0.36,19
26d761549dcc3c61a1b5ceeca96f6fbc,axial,lamp,1,10.83,10.83,1,1.0,0,0,10.82,29.91,2,0.333,113,0 113,10.82,43.6,2,0.143,113,0 113,3.82,33.17,8,0.308,59,0 5 50 59 63 72 108 113,0.15,32.51,38,0.333,93
26e6dc505f376ceee6597d391ab6fcc1,axial,lamp,1,51.78,51.78,0,0.0,0,,18.44,41.26,1,0.167,45,45,4.44,28.83,6,0.429,78,9 17 35 61 70 78,2.06,33.45,8,0.308,41,9 14 27 41 45 54 81 86,0.35,32.83,40,0.351,53
27436a813a1abe835836c728d324152,axial,lamp,1,21.25,21.25,0,0.0,0,,12.89,30.2,1,0.167,23,23,3.34,22.82,5,0.357,87,9 35 61 78 87,1.83,31.11,9,0.346,14,9 14 23 27 36 86 95 99 108,0.44,32.54,39,0.342,4
27b9f07da9217c89ef026123226f5519,axial,bottle,1,47.11,47.11,0,0.0,0,,9.0,44.96,1,0.167,68,68,10.41,32.33,4,0.286,96,35 43 96 104,4.24,33.0,11,0.423,81,14 27 32 50 59 63 68 81 86 99 104,0.29,32.81,35,0.307,19
28210d460a79e323322123314d92e1d,axial,lamp,1,39.04,39.04,0,0.0,0,,6.65,43.92,1,0.167,68,68,0.33,31.85,5,0.357,96,9 17 43 96 104,0.76,32.89,12,0.462,14,9 14 27 50 59 63 68 72 81 86 99 104,0.33,32.68,41,0.36,96
284986b4c72d624abd73284bc3c3cbac,axial,lamp,1,42.76,42.76,0,0.0,0,,23.44,38.85,0,0.0,45,,2.88,26.95,7,0.5,17,9 17 35 61 70 78 87,1.11,33.0,8,0.308,86,9 14 27 36 41 81 86 99,0.18,32.72,39,0.342,97
28859f582ed2c8a0f99b89f8ef639ae3,axial,pot,1,60.87,60.87,0,0.0,0,,14.18,39.69,1,0.167,45,45,3.97,31.06,6,0.429,52,26 52 61 70 78 96,2.42,34.33,5,0.192,32,27 32 45 72 77,0.59,32.96,38,0.333,29
289b2ca2562277a9ca3fbd0e4ec160a5,axial,bottle,1,46.4,46.4,0,0.0,0,,19.55,40.25,1,0.167,68,68,0.82,27.69,6,0.429,96,35 43 52 78 96 104,0.75,33.1,9,0.346,27,14 27 32 68 72 77 86 99 104,0.15,32.71,39,0.342,60
28d35fb9035fcbfffd5c9a0fa28996b4,axial,lamp,1,5.83,5.83,1,1.0,0,0,5.82,22.86,4,0.667,113,0 23 90 113,0.0,21.15,6,0.429,52,0 9 35 43 52 113,5.82,30.74,14,0.538,113,0 5 9 14 18 23 27 77 86 90 95 99 108 113,0.0,32.46,40,0.351,52
28d39c9673775f601a3b47d6d0918049,axial,pot,1,16.22,16.22,1,1.0,0,0,13.41,31.86,3,0.5,68,0 68 113,2.65,27.85,7,0.5,43,0 9 26 35 43 104 113,5.51,32.44,12,0.462,81,0 5 9 14 68 72 77 81 86 99 104 113,0.21,32.49,41,0.36,47
292d2dda9923752f3e275dc4ab785b9f,axial,bowl,1,37.71,37.71,0,0.0,0,,1.43,25.91,3,0.5,45,23 45 90,13.78,38.67,4,0.286,87,26 70 87 96,1.43,32.68,8,0.308,45,5 18 23 32 36 45 90 95,1.43,32.81,39,0.342,45
295ba9410657325f9d7f638b2b2e0564,axial,lamp,1,36.06,36.06,0,0.0,0,,24.95,36.08,0,0.0,23,,5.88,25.41,7,0.5,78,9 17 35 61 70 78 87,1.79,32.5,7,0.269,86,9 14 27 36 41 86 99,0.45,32.76,40,0.351,12
2976131e4621231655bf395569b6fd5,axial,bottle,1,21.72,21.72,0,0.0,0,,1.18,35.22,1,0.167,45,45,8.46,32.35,5,0.357,104,9 17 70 96 104,1.18,32.78,8,0.308,45,9 14 32 41 45 54 99 104,0.54,32.58,41,0.36,12
297d929269bb62da43fdcbcacbbed64c,axial,lamp,1,32.22,32.22,0,0.0,0,,22.97,36.28,0,0.0,45,,1.04,25.8,6,0.429,9,9 17 61 70 78 87,1.04,32.1,8,0.308,9,9 14 27 32 36 41 86 99,1.04,32.62,38,0.333,9
29cad22b0fc6c9985f16c469ffeb982e,axial,bottle,1,8.17,8.17,1,1.0,0,0,2.14,24.12,3,0.5,90,0 90 113,0.13,24.56,8,0.571,9,0 9 17 26 35 43 52 113,0.13,30.55,10,0.385,9,0 5 9 14 18 77 81 90 108 113,0.13,32.48,37,0.325,9
2a1e9b5c0cead676b8183a4a81361b94,axial,bowl,1,73.4,73.4,0,0.0,0,,3.2,39.34,1,0.167,45,45,1.47,36.52,4,0.286,61,26 52 61 70,0.55,34.39,7,0.269,72,32 45 50 54 59 72 77,0.55,33.1,39,0.342,72
2a9817a43c5b3983bb13793251b29587,axial,bottle,1,64.38,64.38,0,0.0,0,,4.83,34.94,2,0.333,45,45 90,6.94,38.61,4,0.286,61,26 52 61 70,2.45,34.28,7,0.269,77,36 45 50 54 72 77 90,0.25,33.06,36,0.316,44
2ac3b0a04514988e8c451c71f65d5dec,axial,lamp,1,70.57,70.57,0,0.0,0,,7.29,42.16,2,0.333,45,45 68,3.21,32.84,6,0.429,70,35 43 52 61 70 78,4.48,34.54,8,0.308,72,27 32 45 50 59 68 72 77,0.06,32.92,39,0.342,42
2bbd2b37776088354e23e9314af9ae57,axial,bottle,1,42.46,42.46,0,0.0,0,,14.67,34.21,1,0.167,90,90,0.7,25.94,7,0.5,96,26 52 61 70 78 96 104,3.68,33.4,6,0.231,77,18 27 32 77 90 104,0.7,32.77,38,0.333,96
2c1df84ec01cea4e525b133235812833,axial,bowl,1,14.43,14.43,1,1.0,0,0,10.98,28.05,3,0.5,23,0 23 113,0.01,22.57,7,0.5,78,0 9 61 70 78 87 113,2.06,30.96,11,0.423,99,0 9 14 23 27 36 86 95 99 108 113,0.01,32.49,38,0.333,78
2c5fd15998b6f8b996716aabcb2fff20,axial,bottle,1,65.31,65.31,0,0.0,0,,12.08,41.52,1,0.167,68,68,6.57,31.77,7,0.5,35,17 35 43 52 61 70 78,0.05,34.27,7,0.269,41,36 41 54 63 68 81 86,0.05,32.87,42,0.368,41
2ceeb17225f4e460d493bfe20f94b6ab,axial,lamp,1,79.13,79.13,0,0.0,0,,15.95,41.16,1,0.167,45,45,5.22,39.65,2,0.143,61,52 61,2.21,34.19,9,0.346,54,36 41 45 50 54 59 63 72 77,0.14,33.19,38,0.333,47
2d2c419136447fe667964ba700cd97f5,axial,bowl,1,52.85,52.85,0,0.0,0,,0.29,29.01,3,0.5,23,23 68 90,4.43,42.28,2,0.143,87,26 87,0.29,33.4,11,0.423,23,18 23 36 41 59 63 68 72 77 90 95,0.29,32.95,38,0.333,23
2d890efbb22ef27d72652f4081ec5a77,axial,pot,1,42.02,42.02,0,0.0,0,,13.29,33.73,1,0.167,90,90,0.21,26.09,7,0.5,26,26 52 61 70 78 96 104,5.08,33.39,6,0.231,77,18 27 32 77 90 104,0.21,32.79,38,0.333,26
2d912be96504cb8cd5473a45f1da0225,axial,bottle,1,63.04,63.04,0,0.0,0,,13.64,40.85,1,0.167,68,68,6.61,31.36,7,0.5,35,17 35 43 52 61 70 78,2.37,34.29,7,0.269,81,36 41 54 63 68 81 86,0.05,32.88,42,0.368,65
2da9d9bea10d936e23c0d2e0152e91b5,axial,lamp,1,51.14,51.14,0,0.0,0,,9.89,44.95,2,0.333,68,45 68,14.47,32.32,4,0.286,35,35 43 78 96,2.49,32.67,12,0.462,50,14 27 32 45 50 54 59 63 68 81 86 99,0.47,32.82,36,0.316,91
2db802ef3de3d00618a36258eabc2b9c,axial,bottle,1,46.58,46.58,0,0.0,0,,18.59,35.79,1,0.167,23,23,1.04,27.02,6,0.429,61,17 35 43 52 61 87,0.13,33.56,4,0.154,36,23 36 81 86,0.13,32.73,38,0.333,36
2e3679df6678e8776908456c5f4ff3f3,axial,lamp,1,57.69,57.69,0,0.0,0,,3.91,33.53,2,0.333,68,23 68,2.92,35.1,4,0.286,52,43 52 61 87,3.91,34.26,6,0.231,68,23 36 41 68 81 95,0.86,32.92,39,0.342,60
2e5a58c43539442a6858978be907b0c1,axial,lamp,1,32.29,32.29,0,0.0,0,,11.43,37.98,1,0.167,45,45,0.33,28.63,4,0.286,9,9 17 70 78,0.33,32.07,8,0.308,9,9 14 27 32 41 45 86 99,0.33,32.73,39,0.342,9
2eba1ad799a00142938c8d9daf9b36f6,axial,bottle,1,59.29,59.29,0,0.0,0,,12.0,42.83,2,0.333,68,45 68,3.63,30.21,5,0.357,35,35 43 70 78 96,4.95,33.75,9,0.346,32,27 32 45 50 59 68 72 81 86,0.88,32.96,37,0.325,42
2ed7e410931f984cd59517820ada1bea,axial,lamp,1,5.57,5.57,1,1.0,0,0,5.56,26.98,3,0.5,113,0 68 113,3.09,35.95,5,0.357,17,0 9 17 26 113,5.39,32.46,9,0.346,72,0 5 9 59 68 72 81 108 113,0.24,32.51,39,0.342,4
2ed8dcef657845be4a8e02787dff638e,axial,lamp,1,7.51,7.51,1,1.0,0,0,2.37,23.31,3,0.5,90,0 90 113,3.87,23.16,7,0.5,9,0 9 26 35 43 52 113,2.37,30.68,12,0.462,90,0 5 9 14 18 77 81 86 90 95 108 113,0.53,32.46,38,0.333,94
2f216bc398d3da98cddf96969ede3013,axial,lamp,1,66.36,66.36,0,0.0,0,,12.92,35.17,2,0.333,90,23 90,11.29,42.5,4,0.286,26,26 52 61 87,0.87,32.79,11,0.423,54,18 23 36 41 50 54 59 63 72 77 90,0.87,33.08,37,0.325,54
2f4cf418cb91949d38fc23bb1b265fa7,axial,bottle,1,56.16,56.16,0,0.0,0,,5.03,31.01,3,0.5,68,23 68 90,0.66,39.49,3,0.214,87,43 52 87,5.03,34.14,9,0.346,68,23 36 41 59 63 68 77 90 95,0.66,32.99,37,0.325,87
2f4ec01bad6cd5ac488017d48a7f7eb4,axial,bottle,1,33.89,33.89,0,0.0,0,,4.81,41.64,1,0.167,68,68,1.85,32.0,5,0.357,104,9 17 43 96 104,1.85,32.81,10,0.385,104,9 14 59 63 68 72 81 86 99 104,0.37,32.56,40,0.351,42
2f6f1fe66631572c6c5b8009db95f66f,axial,lamp,1,12.98,12.98,1,1.0,0,0,5.79,26.49,4,0.667,23,0 23 45 113,3.29,28.56,6,0.429,70,0 70 87 96 104 113,0.18,31.22,10,0.385,36,0 5 23 32 36 45 95 104 108 113,0.07,32.53,40,0.351,111
30e5d9149ddfeef27357c8b8283e0cce,axial,lamp,1,16.55,16.55,1,1.0,0,0,3.06,26.72,4,0.667,68,0 68 90 113,1.96,33.54,6,0.429,17,0 9 17 26 43 113,3.06,32.37,10,0.385,68,0 5 9 18 68 77 81 90 108 113,0.88,32.65,39,0.342,64
3108a736282eec1bc58e834f0b160845,axial,bottle,1,6.69,6.69,1,1.0,0,0,3.19,28.1,3,0.5,45,0 45 113,0.31,30.53,6,0.429,104,0 70 87 96 104 113,0.31,31.92,7,0.269,104,0 32 41 45 104 108 113,0.14,32.51,39,0.342,83
31923669954ca57025ebd1cd0b422e32,axial,pot,1,39.03,39.03,0,0.0,0,,8.2,29.0,2,0.333,90,23 90,2.59,44.59,2,0.143,26,26 87,1.93,33.19,9,0.346,72,18 23 59 63 72 77 90 95 108,0.68,32.75,37,0.325,92
326c6280eee2bf74257e043ec9630f,axial,bowl,1,14.05,14.05,1,1.0,0,0,14.05,30.4,2,0.333,113,0 113,14.05,45.17,2,0.143,113,0 113,4.51,33.48,9,0.346,63,0 5 50 54 59 63 72 108 113,0.27,32.6,39,0.342,2
32f9c710e264388e2150a45ec52bcbd7,axial,bowl,1,44.79,44.79,0,0.0,0,,1.17,27.08,3,0.5,45,23 45 90,11.14,37.98,4,0.286,26,26 61 70 96,1.17,33.14,7,0.269,45,18 23 32 36 45 90 95,0.45,32.88,38,0.333,88
331601288075868e342fe691e18bb5fd,axial,bottle,1,16.46,16.46,1,1.0,0,0,16.46,30.49,2,0.333,113,0 113,16.46,45.72,2,0.143,113,0 113,4.82,33.54,8,0.308,5,0 5 50 54 59 63 108 113,0.21,32.59,37,0.325,106
3336ff069b249afcaea6c6fc97ee6184,axial,bottle,1,8.1,8.1,1,1.0,0,0,2.51,24.22,3,0.5,23,0 23 113,0.05,24.65,8,0.571,104,0 61 70 78 87 96 104 113,0.05,30.56,10,0.385,104,0 5 23 32 36 95 99 104 108 113,0.05,32.48,37,0.325,104
33b77c66e1f849b790c4e2a44fddf755,axial,lamp,1,11.09,11.09,1,1.0,0,0,11.09,27.82,3,0.5,0,0 90 113,2.65,23.59,8,0.571,26,0 9 26 35 43 52 104 113,0.92,31.37,12,0.462,77,0 5 9 14 18 77 81 86 90 99 104 113,0.8,32.54,37,0.325,98
33f6ca7ec9d3f1e6940806ade53ef2f,axial,bottle,1,7.99,7.99,1,1.0,0,0,7.99,29.37,2,0.333,0,0 113,7.99,41.91,3,0.214,0,0 96 113,0.59,32.94,7,0.269,54,0 5 41 50 54 108 113,0.35,32.53,39,0.342,88
34875f8448f98813a2c59a4d90e63212,axial,bowl,1,10.66,10.66,1,1.0,0,0,7.97,24.2,4,0.667,23,0 23 90 113,6.64,21.76,7,0.5,35,0 9 35 52 61 78 113,1.59,30.43,12,0.462,86,0 9 14 18 23 27 86 90 95 99 108 113,0.11,32.59,41,0.36,82
348d6ddf9e02cbddf647dc544bb0ab61,axial,lamp,1,2.14,2.14,1,1.0,0,0,2.13,29.3,2,0.333,113,0 113,2.13,41.04,3,0.214,113,0 17 113,2.13,32.87,7,0.269,113,0 5 50 59 63 72 113,1.91,32.51,40,0.351,97
34a9c2b926de1db2a50b88953d263a42,axial,lamp,1,70.66,70.66,0,0.0,0,,0.27,38.3,1,0.167,45,45,2.71,35.67,4,0.286,61,26 52 61 70,0.27,34.38,7,0.269,45,32 45 50 54 59 72 77,0.27,33.1,41,0.36,45
3547134cc7eb68e2ffc6e457221b9271,axial,pot,1,5.86,5.86,1,1.0,0,0,4.78,28.8,3,0.5,45,0 45 113,4.78,33.37,4,0.286,96,0 96 104 113,2.12,32.3,8,0.308,41,0 32 41 45 54 104 108 113,1.0,32.47,40,0.351,112
35bfcbb0af43d0d6980b4a4e82abb4ae,axial,pot,1,27.7,27.7,0,0.0,0,,18.5,35.55,1,0.167,68,68,3.96,26.83,5,0.357,43,26 35 43 96 104,2.49,32.16,9,0.346,99,14 27 68 72 77 81 86 99 104,0.72,32.65,40,0.351,64
365f8a3cf397adf66e71bbd43f7f5d20,axial,bottle,1,20.44,20.44,0,0.0,0,,1.83,26.42,1,0.167,23,23,0.45,22.57,6,0.429,9,9 17 35 52 61 87,0.45,30.9,8,0.308,9,9 14 23 27 36 86 95 108,0.08,32.58,37,0.325,4
367773a008b63a2c5208aab875b932bc,axial,lamp,1,58.53,58.53,0,0.0,0,,4.21,43.17,2,0.333,68,45 68,2.29,30.63,5,0.357,35,35 43 70 78 96,1.69,33.05,11,0.423,27,27 32 45 50 59 63 68 72 81 86 99,0.13,32.85,41,0.36,51
368bbfbb2fe08a6b4c5c5c89015f1980,axial,bottle,1,36.24,36.24,0,0.0,0,,16.04,38.52,1,0.167,68,68,3.17,27.67,4,0.286,43,35 43 96 104,3.63,32.4,8,0.308,99,14 27 68 72 81 86 99 104,0.07,32.71,38,0.333,11
36c1653a021a526319620b61f6587b3e,axial,lamp,1,2.16,2.16,1,1.0,0,0,2.15,21.73,4,0.667,113,0 23 90 113,2.15,20.72,7,0.5,113,0 9 35 52 61 78 113,0.46,30.02,13,0.5,86,0 5 9 14 18 23 27 86 90 95 99 108 113,0.02,32.36,39,0.342,31
36ca3b684dbb9c159599371049c32d38,axial,bowl,1,4.07,4.07,1,1.0,0,0,4.07,26.87,3,0.5,0,0 45 113,2.51,35.61,5,0.357,96,0 87 96 104 113,4.07,32.39,8,0.308,0,0 32 41 45 54 104 108 113,0.12,32.5,39,0.342,79
371b604f78300e02d76ab6ff59fe7e10,axial,bottle,1,8.13,8.13,1,1.0,0,0,8.13,28.04,3,0.5,0,0 45 113,8.13,38.71,5,0.357,0,0 87 96 104 113,1.58,32.7,8,0.308,41,0 5 41 45 54 104 108 113,1.14,32.56,39,0.342,75
376c16f40c95e81429eb9d04ea723179,axial,lamp,1,12.9,12.9,1,1.0,0,0,12.9,30.25,3,0.5,0,0 68 113,0.48,26.6,7,0.5,43,0 9 26 35 43 104 113,6.93,32.27,12,0.462,81,0 5 9 14 68 72 77 81 86 99 104 113,0.48,32.49,42,0.368,43
377df6e7a3d84edfa123ce0dff5bf4e6,axial,lamp,1,69.64,69.64,0,0.0,0,,3.14,39.22,1,0.167,68,68,1.33,34.26,5,0.357,61,35 43 52 61 87,2.85,34.51,6,0.231,41,36 41 54 63 68 81,1.13,33.08,39,0.342,38
37b0f61c553e0499be27e423fd45ffe7,axial,lamp,1,33.2,33.2,0,0.0,0,,16.45,37.59,1,0.167,45,45,1.01,27.35,5,0.357,9,9 17 70 78 87,1.01,32.17,9,0.346,9,9 14 27 32 36 41 45 86 99,0.25,32.64,40,0.351,79
381db800b87b5ff88616812464c86290,axial,bowl,1,9.63,9.63,1,1.0,0,0,7.5,25.86,3,0.5,23,0 23 113,1.08,22.25,8,0.571,78,0 9 61 70 78 87 104 113,1.08,30.68,12,0.462,99,0 9 14 23 27 36 86 95 99 104 108 113,1.08,32.53,39,0.342,99
3861b002979703fbed4f86beca49f32,axial,bottle,1,42.36,42.36,0,0.0,0,,6.82,44.36,1,0.167,68,68,3.97,32.03,4,0.286,96,35 43 96 104,0.44,32.99,12,0.462,59,14 27 32 50 59 63 68 72 81 86 99 104,0.44,32.79,39,0.342,59
389653b54a3b5d3cd73bf61f46c61ea3,axial,lamp,1,26.67,26.67,0,0.0,0,,0.57,27.54,1,0.167,90,90,3.59,24.42,7,0.5,78,26 52 61 70 78 96 104,0.57,31.76,8,0.308,90,5 18 27 32 77 90 99 104,0.57,32.65,38,0.333,90
38d2122b2aa05f92e1b9b7b3765e2bea,axial,bowl,1,79.74,79.74,0,0.0,0,,6.57,42.0,1,0.167,68,68,1.06,36.98,3,0.214,61,43 52 61,2.46,34.62,7,0.269,63,36 41 50 54 59 63 68,0.13,33.09,36,0.316,51
397f450de4fc6fd4fcb8d8c6d4df8143,axial,lamp,1,80.78,80.78,0,0.0,0,,4.3,42.81,2,0.333,45,45 68,3.05,36.23,5,0.357,52,43 52 61 70 78,2.59,34.69,9,0.346,50,32 45 50 54 59 63 68 72 77,1.5,33.13,41,0.36,67
39acb6226133f9e0e4c9b82a33ca42e6,axial,lamp,1,59.0,59.0,0,0.0,0,,3.73,43.17,2,0.333,68,45 68,2.3,30.71,5,0.357,35,35 43 70 78 96,1.95,33.01,11,0.423,27,27 32 45 50 59 63 68 72 81 86 99,0.4,32.85,41,0.36,51
39ea99284138e5e835b3d63776480dcf,axial,pot,1,19.33,19.33,1,1.0,0,0,13.92,37.58,3,0.5,68,0 68 113,0.25,34.25,6,0.429,9,0 9 17 96 104 113,0.25,33.23,10,0.385,9,0 9 14 59 63 68 72 81 104 113,0.02,32.51,43,0.377,42
3a29634236aa0596f9e8cd846ef13776,axial,lamp,1,1.44,1.44,1,1.0,0,0,1.43,25.47,4,0.667,113,0 23 45 113,1.43,25.86,6,0.429,113,0 70 87 96 104 113,1.43,31.03,10,0.385,113,0 23 32 36 45 95 99 104 108 113,1.43,32.41,42,0.368,113
3a7737c7bb4a6194f60bf3def77dca62,axial,bowl,1,46.19,46.19,0,0.0,0,,27.83,38.62,0,0.0,45,,0.84,27.03,7,0.5,17,9 17 35 61 70 78 87,4.86,33.52,7,0.269,86,9 14 27 36 41 81 86,0.84,32.86,38,0.333,17
3ae3a9b74f96fef28fe15648f042f0d9,axial,bottle,1,18.5,18.5,1,1.0,0,0,18.5,30.92,3,0.5,0,0 90 113,2.39,24.16,7,0.5,26,0 26 35 43 52 104 113,1.0,31.76,11,0.423,14,0 5 14 27 77 81 86 90 99 104 113,0.22,32.54,40,0.351,3
3b15a4be5e248d114cc30865d6337b9c,axial,lamp,1,59.59,59.59,0,0.0,0,,6.18,32.09,3,0.5,23,23 68 90,2.75,42.48,3,0.214,87,26 52 87,1.84,33.38,12,0.462,77,18 23 36 41 54 59 63 68 72 77 90 95,0.44,32.93,41,0.36,55
3b20c6ffdaf2dc97ef0add8da8532fa8,axial,lamp,1,4.33,4.33,1,1.0,0,0,4.32,25.99,4,0.667,113,0 68 90 113,0.92,28.08,6,0.429,26,0 9 17 26 43 113,0.76,31.28,10,0.385,5,0 5 9 18 68 77 81 90 108 113,0.08,32.42,38,0.333,111
3bedfd655c45c6747bc26b16f550876f,axial,bowl,1,32.88,32.88,0,0.0,0,,12.87,29.27,1,0.167,23,23,5.95,44.66,1,0.071,87,87,1.47,33.42,9,0.346,41,5 18 23 36 41 50 54 95 108,0.14,32.71,39,0.342,29
3ca37e415fe44ec2ebeb1e6a8111f53,axial,lamp,1,1.75,1.75,1,1.0,0,0,1.75,27.83,3,0.5,0,0 45 113,1.75,37.59,4,0.286,0,0 96 104 113,1.75,32.55,8,0.308,0,0 41 45 50 54 104 108 113,0.16,32.48,40,0.351,109
3cce39eff2128c34ed390075067c2702,axial,pot,1,66.9,66.9,0,0.0,0,,13.97,35.41,2,0.333,90,23 90,13.13,42.51,4,0.286,26,26 52 61 87,0.67,32.82,10,0.385,77,23 36 41 50 54 59 63 72 77 90,0.67,33.11,38,0.333,77
3d26aa294ad1cabcfcb8d8c6d4df8143,axial,lamp,1,68.27,68.27,0,0.0,0,,10.96,36.43,2,0.333,45,45 90,9.48,40.28,4,0.286,61,26 52 61 70,0.18,33.93,9,0.346,77,36 41 45 50 54 59 72 77 90,0.18,33.09,37,0.325,77
3d758f0c11f01e3e3ddcd369aa279f39,axial,bottle,1,55.71,55.71,0,0.0,0,,15.49,42.14,1,0.167,45,45,4.26,29.62,5,0.357,78,17 35 43 70 78,2.18,33.61,7,0.269,41,27 32 41 45 54 81 86,0.65,32.89,38,0.333,33
3dbd66422997d234b811ffed11682339,axial,bottle,1,60.26,60.26,0,0.0,0,,12.61,42.82,2,0.333,68,45 68,3.83,30.34,5,0.357,78,35 43 70 78 96,3.96,33.83,9,0.346,32,27 32 45 50 59 68 72 81 86,0.85,32.98,37,0.325,42
3de5abb596766c5380dd154b5d9c087,axial,bottle,1,61.45,61.45,0,0.0,0,,5.96,43.22,2,0.333,68,45 68,0.01,30.38,5,0.357,43,35 43 70 78 96,2.51,33.41,10,0.385,32,27 32 45 50 59 63 68 72 81 86,0.01,32.85,39,0.342,43
3e2dd918360309554b3c42e318f3affc,axial,pot,1,17.33,17.33,1,1.0,0,0,4.17,25.7,4,0.667,23,0 23 90 113,4.56,26.74,8,0.571,70,0 61 70 78 87 96 104 113,2.32,31.24,11,0.423,5,0 5 18 23 32 36 90 95 104 108 113,0.73,32.63,41,0.36,103
3e4c784f765dce24766224c8ed44ac6f,axial,pot,1,38.63,38.63,0,0.0,0,,16.12,39.14,1,0.167,68,68,3.75,27.77,4,0.286,43,35 43 96 104,2.4,32.54,8,0.308,86,14 27 68 72 81 86 99 104,1.64,32.75,37,0.325,16
3e7d7a9637e385f2fd1efdcc788bb066,axial,bottle,1,35.6,35.6,0,0.0,0,,1.66,26.39,3,0.5,90,23 68 90,7.65,40.38,2,0.143,26,17 26,1.66,32.91,9,0.346,90,18 23 59 68 72 77 90 95 108,0.3,32.74,39,0.342,38
3f6a6718d729b77bed2eab6efdeec5f8,axial,bowl,1,51.65,51.65,0,0.0,0,,0.97,28.48,2,0.333,23,23 90,2.58,43.85,2,0.143,26,26 87,0.97,32.64,12,0.462,23,18 23 36 41 50 54 59 63 72 77 90 95,0.97,32.9,39,0.342,23
3f6e9d27bf0e972b9f42325587eab087,axial,lamp,1,55.26,55.26,0,0.0,0,,18.81,38.56,1,0.167,45,45,3.09,29.53,6,0.429,52,26 52 61 70 78 96,1.78,34.1,5,0.192,32,27 32 45 72 77,0.8,32.89,39,0.342,65
3f7d866f4e28e8014b3c42e318f3affc,axial,pot,1,11.28,11.28,1,1.0,0,0,1.98,30.7,3,0.5,45,0 45 113,0.33,32.31,5,0.357,104,0 70 96 104 113,0.33,32.29,7,0.269,104,0 32 41 45 54 104 113,0.33,32.42,39,0.342,104
3f7eb5ef5d304040d847cb32379eb854,axial,lamp,1,47.31,47.31,0,0.0,0,,0.05,27.42,3,0.5,23,23 68 90,8.51,37.9,4,0.286,87,17 43 52 87,0.05,33.3,8,0.308,23,18 23 36 68 77 81 90 95,0.05,32.87,41,0.36,23
3f91158956ad7db0322747720d7d37e8,axial,bottle,1,41.92,41.92,0,0.0,0,,18.27,35.23,1,0.167,90,90,0.31,25.19,8,0.571,78,26 35 52 61 70 78 96 104,0.09,33.21,6,0.231,77,27 32 77 86 90 104,0.09,32.67,40,0.351,77
3fef4c8dca9dd0e0dd4763fce8a9da20,axial,lamp,1,12.94,12.94,1,1.0,0,0,0.97,26.51,4,0.667,68,0 68 90 113,2.84,34.94,6,0.429,17,0 9 17 26 43 113,0.97,32.44,11,0.423,68,0 5 9 18 68 72 77 81 90 108 113,0.07,32.58,42,0.368,89
40aee078f0390b7134076b5960251711,axial,bottle,1,38.09,38.09,0,0.0,0,,20.47,38.31,0,0.0,45,,1.39,26.86,6,0.429,78,9 17 35 70 78 87,0.43,32.54,8,0.308,27,9 14 27 32 36 41 86 99,0.28,32.61,40,0.351,53
40c778a9ff366c2bf36ea1eb6542fe7e,axial,lamp,1,42.66,42.66,0,0.0,0,,12.22,45.3,1,0.167,68,68,7.33,32.53,4,0.286,96,9 17 96 104,1.5,33.09,12,0.462,99,9 14 27 32 50 59 63 68 81 86 99 104,0.1,32.76,39,0.342,24
412d5f41b5fda0b271dbcf1c4061c69b,axial,bottle,1,6.21,6.21,1,1.0,0,0,6.2,29.9,2,0.333,113,0 113,6.2,42.9,2,0.143,113,0 113,1.33,33.13,7,0.269,63,0 5 50 59 63 108 113,0.13,32.56,40,0.351,80
417039be1c492fd4212785a561e3d296,axial,lamp,1,33.3,33.3,0,0.0,0,,2.15,26.08,3,0.5,90,23 68 90,7.84,39.43,2,0.143,26,17 26,2.15,32.78,8,0.308,90,18 23 68 72 77 90 95 108,0.72,32.73,37,0.325,51
41a2005b595ae783be1868124d5ddbcb,axial,bottle,1,79.39,79.39,0,0.0,0,,6.55,41.83,1,0.167,68,68,1.41,37.02,3,0.214,61,43 52 61,2.69,34.61,7,0.269,63,36 41 50 54 59 63 68,0.08,33.09,36,0.316,66
41caf27a559755fafcb8d8c6d4df8143,axial,lamp,1,33.79,33.79,0,0.0,0,,4.12,29.86,1,0.167,23,23,4.67,25.87,7,0.5,17,9 17 35 43 52 61 87,4.12,32.65,7,0.269,23,9 23 36 81 86 95 108,0.23,32.8,39,0.342,100
41cc8b1669429bf92a7d46e74f08da70,axial,lamp,1,21.14,21.14,0,0.0,0,,3.96,35.87,1,0.167,68,68,6.58,32.89,5,0.357,9,9 17 43 96 104,3.96,33.14,8,0.308,68,9 14 59 68 72 81 99 104,0.42,32.65,39,0.342,101
4227b58665eadcefc0dc3ed657ab97f0,axial,bowl,1,54.07,54.07,0,0.0,0,,12.15,42.41,1,0.167,68,68,0.63,29.43,4,0.286,35,35 43 78 96,1.25,33.34,8,0.308,27,27 32 59 68 72 81 86 99,0.23,32.84,38,0.333,24
429a622eac559887bbe43d356df0e955,axial,bowl,1,27.17,27.17,0,0.0,0,,19.68,35.2,1,0.167,68,68,4.47,26.53,5,0.357,104,26 35 43 96 104,2.36,32.14,9,0.346,99,14 27 68 72 77 81 86 99 104,1.76,32.66,40,0.351,60
42e6823a1ad23819182816640e3b1915,axial,lamp,1,72.45,72.45,0,0.0,0,,0.88,39.63,1,0.167,45,45,0.77,34.92,4,0.286,52,52 61 70 78,0.35,34.41,7,0.269,72,32 45 50 54 59 72 77,0.35,33.08,38,0.333,72
437482f4d187d43893202bf99dddc268,axial,lamp,1,58.02,58.02,0,0.0,0,,4.45,31.26,3,0.5,90,23 45 90,1.61,42.83,2,0.143,26,26 87,0.71,33.06,13,0.5,36,18 23 36 41 45 50 54 59 63 72 77 90 95,0.41,32.94,40,0.351,67
437678d4bc6be981c8724d5673a063a6,axial,bottle,1,31.04,31.04,0,0.0,0,,10.84,28.48,2,0.333,23,23 45,2.3,42.67,1,0.071,87,87,5.84,33.45,10,0.385,95,5 18 23 36 41 45 50 54 95 108,0.64,32.8,38,0.333,10
43ad6585f6b9a64675e1008a71b1c5e9,axial,bottle,1,29.25,29.25,0,0.0,0,,21.25,30.3,0,0.0,23,,16.71,46.68,1,0.071,87,87,3.96,34.11,10,0.385,50,5 18 41 50 54 59 63 72 95 108,0.01,32.73,40,0.351,21
43e335f8f080f6df56ffb3d9eeba35bd,axial,pot,1,32.16,32.16,0,0.0,0,,17.77,37.08,1,0.167,45,45,0.15,26.96,5,0.357,9,9 17 70 78 87,0.15,32.1,9,0.346,9,9 14 27 32 36 41 45 86 99,0.06,32.57,40,0.351,66
441cac4bae5c7c315c2a2c970803cfe2,axial,bowl,1,12.81,12.81,1,1.0,0,0,3.87,25.88,4,0.667,23,0 23 45 113,0.71,27.49,7,0.5,70,0 61 70 87 96 104 113,1.28,31.03,10,0.385,32,0 5 23 32 36 45 95 104 108 113,0.14,32.47,38,0.333,111
446583d7bf857dced5cb6d178687b980,axial,bowl,1,23.26,23.26,0,0.0,0,,23.26,40.82,0,0.0,0,,1.31,34.0,4,0.286,96,9 17 96 104,1.04,33.18,7,0.269,50,9 14 50 54 63 99 104,0.59,32.56,38,0.333,25
44bcb1ec762af23b8880edc6251fa529,axial,lamp,1,54.32,54.32,0,0.0,0,,14.84,42.1,1,0.167,45,45,2.91,29.41,4,0.286,78,17 35 70 78,2.21,33.47,8,0.308,41,14 27 32 41 45 54 81 86,0.05,32.83,38,0.333,89
44dae93d7b7701e1eb986aac871fa4e5,axial,bottle,1,27.16,27.16,0,0.0,0,,17.83,32.72,1,0.167,90,90,1.35,23.39,7,0.5,104,26 35 43 52 78 96 104,1.35,31.53,7,0.269,104,14 27 77 86 90 99 104,0.53,32.65,38,0.333,8
44e45054f9ef4e251881e4573fc7a947,axial,bottle,1,21.16,21.16,0,0.0,0,,5.75,34.39,1,0.167,45,45,9.42,30.61,3,0.214,70,9 70 104,0.01,32.41,7,0.269,32,9 14 32 41 45 99 104,0.01,32.5,37,0.325,32
4521282bd4550113a5f600ed2cf472ac,axial,lamp,1,58.8,58.8,0,0.0,0,,9.96,42.98,2,0.333,68,45 68,1.8,30.13,5,0.357,35,35 43 70 78 96,4.15,33.61,9,0.346,27,27 32 45 50 59 68 72 81 86,0.61,32.93,37,0.325,42
4530e6df2747b643f6415fd62314b5ed,axial,bowl,1,40.08,40.08,0,0.0,0,,3.88,41.08,1,0.167,68,68,2.7,30.51,4,0.286,96,35 43 96 104,2.23,32.51,9,0.346,99,14 27 59 68 72 81 86 99 104,1.65,32.75,37,0.325,80
454fa7fd637177cf2bea4b6e7618432,axial,bowl,1,22.5,22.5,0,0.0,0,,0.72,27.03,1,0.167,23,23,0.72,22.76,6,0.429,9,9 17 35 52 61 87,0.72,31.1,8,0.308,23,9 14 23 27 36 86 95 108,0.72,32.59,37,0.325,23
45ca193e946b5e19956b2452b4c13510,axial,pot,1,19.63,19.63,1,1.0,0,0,10.9,26.3,4,0.667,23,0 23 90 113,1.33,24.41,7,0.5,52,0 9 17 35 43 52 113,2.51,31.42,10,0.385,108,0 9 18 23 81 86 90 95 108 113,0.27,32.58,40,0.351,31
4616a444bbbf7858a2c59a4d90e63212,axial,pot,1,19.15,19.15,1,1.0,0,0,6.24,27.94,3,0.5,90,0 90 113,0.38,22.17,7,0.5,52,0 26 35 52 78 104 113,3.3,30.88,11,0.423,27,0 5 14 18 27 77 86 90 99 104 113,0.38,32.63,38,0.333,52
468b9b34d07eb9211c75d484f9069623,axial,bowl,1,17.46,17.46,1,1.0,0,0,17.46,31.27,2,0.333,0,0 113,5.62,25.36,7,0.5,26,0 9 26 35 43 104 113,2.58,32.18,10,0.385,14,0 5 9 14 77 81 86 99 104 113,0.91,32.61,38,0.333,60
46b5318e39afe48a30eaaf40a8a562c1,axial,bottle,1,21.04,21.04,0,0.0,0,,0.91,25.9,2,0.333,90,68 90,2.83,29.93,5,0.357,17,9 17 26 43 52,0.31,31.36,9,0.346,108,5 9 18 68 77 81 90 95 108,0.31,32.57,41,0.36,108
47175c7b12bf0b61320b691da6d871fb,axial,bowl,1,30.06,30.06,0,0.0,0,,2.14,39.1,1,0.167,68,68,2.38,32.06,5,0.357,104,9 17 43 96 104,2.14,32.66,9,0.346,68,9 14 59 68 72 81 86 99 104,1.71,32.63,40,0.351,16
48202d357e79315e45891653421dc140,axial,bottle,1,62.97,62.97,0,0.0,0,,10.5,33.91,3,0.5,23,23 68 90,5.64,41.19,3,0.214,87,52 61 87,5.6,34.03,11,0.423,36,23 36 41 54 59 63 68 72 77 90 95,0.92,33.07,38,0.333,64
4843b9c8523a4affc29d936f5ac7e23,axial,lamp,1,7.42,7.42,1,1.0,0,0,7.41,27.03,3,0.5,113,0 23 113,1.16,24.22,7,0.5,87,0 61 70 78 87 104 113,3.53,31.47,11,0.423,36,0 14 23 27 32 36 95 99 104 108 113,0.28,32.45,39,0.342,6
4845731dbf7522b07492cbf7d8bec255,axial,bowl,1,16.07,16.07,1,1.0,0,0,0.19,32.38,3,0.5,68,0 68 113,4.83,32.07,6,0.429,9,0 9 17 43 104 113,0.19,32.46,9,0.346,68,0 9 14 59 68 72 81 104 113,0.03,32.38,41,0.36,21
486eb0ed2f97b9fcffc6e457221b9271,axial,pot,1,77.54,77.54,0,0.0,0,,1.73,43.13,2,0.333,45,45 68,2.05,33.51,6,0.429,70,35 43 52 61 70 78,1.73,34.02,11,0.423,45,27 32 45 50 54 59 63 68 72 81 86,0.83,33.09,40,0.351,51
488139f06d9905d830ffab76baff35a5,axial,bottle,1,0.46,0.46,1,1.0,0,0,0.46,23.85,3,0.5,0,0 23 113,0.46,23.91,8,0.571,0,0 61 70 78 87 96 104 113,0.12,30.39,11,0.423,108,0 5 23 27 32 36 95 99 104 108 113,0.12,32.38,41,0.36,108
48f878a6176591190c2e24416edfe5b,axial,lamp,1,73.29,73.29,0,0.0,0,,1.29,39.49,1,0.167,45,45,2.5,35.78,4,0.286,52,26 52 61 70,0.24,34.39,7,0.269,72,32 45 50 54 59 72 77,0.24,33.09,38,0.333,72
48fc49989a124917cd4a89b0fee32930,axial,lamp,1,4.47,4.47,1,1.0,0,0,4.47,24.55,3,0.5,0,0 90 113,4.47,22.93,7,0.5,0,0 9 26 35 43 52 113,2.05,30.73,11,0.423,5,0 5 9 14 18 77 81 86 90 99 113,0.13,32.46,41,0.36,107
490e2e25da735cfd3df324363ca0723f,axial,pot,1,40.33,40.33,0,0.0,0,,10.41,40.36,1,0.167,45,45,1.35,28.97,4,0.286,70,9 17 70 78,0.16,32.47,9,0.346,41,9 14 27 32 41 45 54 86 99,0.16,32.83,38,0.333,41
495af808806f1727a753b1b88fff4abb,axial,lamp,1,46.72,46.72,0,0.0,0,,2.33,27.93,3,0.5,23,23 45 90,8.26,43.02,2,0.143,87,26 87,0.35,33.04,9,0.346,18,18 23 36 41 45 50 54 90 95,0.35,32.94,36,0.316,18
495dea92a04b43e6be9fabb33de62010,axial,bottle,1,65.43,65.43,0,0.0,0,,12.83,42.6,2,0.333,68,45 68,2.55,31.35,6,0.429,35,17 35 43 61 70 78,1.67,34.19,8,0.308,81,27 41 45 54 63 68 81 86,0.43,32.99,38,0.333,53
4996f1c0120f4c62ab361b6be63163da,axial,pot,1,65.57,65.57,0,0.0,0,,11.94,34.86,3,0.5,23,23 68 90,9.28,42.29,4,0.286,87,26 52 61 87,1.35,33.07,12,0.462,63,23 36 41 50 54 59 63 68 72 77 90 95,0.79,33.02,43,0.377,39
4aba50849f4d24d7581fd19c35a5c8c,axial,lamp,1,17.35,17.35,1,1.0,0,0,17.35,37.56,3,0.5,0,0 45 113,0.35,35.34,6,0.429,96,0 9 17 96 104 113,3.61,33.39,9,0.346,54,0 9 41 45 50 54 63 104 113,0.35,32.51,39,0.342,96
4b32d2c623b54dd4fe296ad57d60d898,axial,bowl,1,16.9,16.9,1,1.0,0,0,16.9,30.82,2,0.333,113,0 113,3.98,24.89,8,0.571,87,0 9 61 70 78 87 104 113,2.08,32.08,11,0.423,99,0 9 14 27 32 36 86 99 104 108 113,1.64,32.61,40,0.351,100
4b5f54fc4e629371cf078dc7b29022e6,axial,bottle,1,28.86,28.86,0,0.0,0,,20.27,30.17,0,0.0,90,,14.71,46.4,1,0.071,26,26,0.11,33.73,8,0.308,63,5 18 50 59 63 72 95 108,0.07,32.73,37,0.325,46
4bf56e6a081c2a85a11f6bacf5c7662d,axial,bowl,1,35.48,35.48,0,0.0,0,,0.54,28.68,1,0.167,90,90,0.03,27.6,7,0.5,96,26 52 61 70 78 96 104,0.54,32.56,6,0.231,90,5 18 32 77 90 104,0.03,32.68,41,0.36,96
4c1912cae9d53594fc26f53456c58834,axial,lamp,1,43.24,43.24,0,0.0,0,,2.36,27.58,3,0.5,23,23 68 90,9.09,36.47,4,0.286,43,17 43 52 87,2.36,33.15,7,0.269,23,18 23 68 77 81 90 95,0.7,32.92,38,0.333,31
4c4078f8206ef3cfe13094731a5351fc,axial,lamp,1,5.15,5.15,1,1.0,0,0,5.14,25.64,3,0.5,113,0 23 113,4.43,23.71,7,0.5,87,0 61 70 78 87 104 113,0.46,30.99,11,0.423,36,0 14 23 27 32 36 95 99 104 108 113,0.46,32.46,42,0.368,36
4c5329ae5fc25ff5b7903bac4a497954,axial,bottle,1,26.29,26.29,0,0.0,0,,8.23,27.33,2,0.333,23,23 90,3.74,26.89,5,0.357,52,9 17 35 43 52,3.53,31.96,8,0.308,95,9 18 23 77 81 90 95 108,0.27,32.74,37,0.325,31
4c5a9be10106d239b0957d845ac33749,axial,lamp,1,7.39,7.39,1,1.0,0,0,5.42,26.45,4,0.667,68,0 68 90 113,2.84,30.88,6,0.429,26,0 9 17 26 43 113,0.33,31.84,11,0.423,5,0 5 9 18 68 72 77 81 90 108 113,0.01,32.44,42,0.368,110
4c62e3c4f9e46d015da963e90d88cb74,axial,lamp,1,32.8,32.8,0,0.0,0,,14.05,37.8,1,0.167,45,45,0.37,27.81,4,0.286,9,9 17 70 78,0.24,32.09,8,0.308,14,9 14 27 32 41 45 86 99,0.24,32.68,39,0.342,14
4c95086448461907d2e07f4a91040392,axial,bottle,1,11.05,11.05,1,1.0,0,0,11.05,35.21,2,0.333,0,0 113,10.87,38.4,6,0.429,96,0 9 17 96 104 113,0.71,33.32,7,0.269,50,0 9 50 54 63 104 113,0.18,32.41,39,0.342,88
4d6ea3aabaf02bcd29c39f613cc72411,axial,lamp,1,60.71,60.71,0,0.0,0,,12.31,38.64,1,0.167,68,68,0.13,31.32,6,0.429,61,17 35 43 52 61 87,4.69,34.4,4,0.154,81,36 41 68 81,0.09,33.0,37,0.325,84
4dc9f86110ea40aaa570c6c691c987a8,axial,lamp,1,11.13,11.13,1,1.0,0,0,3.28,30.99,3,0.5,45,0 45 113,0.48,32.69,5,0.357,104,0 70 96 104 113,0.48,32.35,7,0.269,104,0 32 41 45 54 104 113,0.48,32.41,40,0.351,104
4deef34d95367b58c0d95250e682f6ee,axial,lamp,1,5.73,5.73,1,1.0,0,0,5.73,22.84,4,0.667,0,0 23 90 113,5.73,21.21,7,0.5,0,0 35 52 61 78 104 113,0.71,30.25,13,0.5,27,0 5 14 18 23 27 86 90 95 99 104 108 113,0.21,32.44,39,0.342,6
4e0aabe8a65ddc43e019184dd4eea7e1,axial,lamp,1,9.96,9.96,1,1.0,0,0,1.18,29.85,3,0.5,68,0 68 113,0.23,32.06,5,0.357,9,0 9 17 43 113,0.23,32.19,8,0.308,9,0 5 9 59 68 72 81 113,0.03,32.43,41,0.36,51
4e5172f357714b7f78caa162a41a851e,axial,pot,1,9.15,9.15,1,1.0,0,0,9.15,33.68,2,0.333,0,0 113,6.59,38.06,4,0.286,96,0 96 104 113,3.7,33.26,7,0.269,54,0 41 50 54 63 104 113,0.06,32.42,38,0.333,12
4e54fc131882f2233c8d0fdfb1cc2535,axial,lamp,1,12.12,12.12,1,1.0,0,0,12.11,29.11,3,0.5,113,0 68 113,12.11,41.76,4,0.286,113,0 17 26 113,2.83,32.95,8,0.308,72,0 5 59 63 68 72 108 113,0.94,32.56,37,0.325,76
4ec31503deb053636c19a70b7478f722,axial,bottle,1,26.95,26.95,0,0.0,0,,22.77,30.32,0,0.0,23,,17.43,46.59,1,0.071,87,87,1.84,33.79,9,0.346,50,5 18 41 50 54 59 63 95 108,1.19,32.72,39,0.342,71
4eefe941048189bdb8046e84ebdc62d2,axial,bowl,1,49.44,49.44,0,0.0,0,,23.86,39.95,0,0.0,45,,3.84,28.05,7,0.5,17,9 17 35 61 70 78 87,4.64,33.63,7,0.269,86,9 14 27 36 41 81 86,1.37,32.88,38,0.333,79
4f3f01e4b17d018ddaaf0f74e020d2dc,axial,lamp,1,1.91,1.91,1,1.0,0,0,1.49,25.4,3,0.5,45,0 45 113,1.91,32.7,6,0.429,0,0 70 87 96 104 113,1.49,31.91,7,0.269,45,0 32 41 45 104 108 113,1.05,32.43,37,0.325,62
4f45d2e31a724df4f8d5100b5d851ce4,axial,pot,1,28.75,28.75,0,0.0,0,,22.1,30.35,0,0.0,90,,17.81,46.75,1,0.071,26,26,5.12,34.13,10,0.385,63,5 18 41 50 54 59 63 72 95 108,0.49,32.75,40,0.351,92
4fcb653e7978812d9c3900c9619d4db4,axial,bottle,1,44.39,44.39,0,0.0,0,,27.6,37.96,0,0.0,23,,0.8,26.57,7,0.5,17,9 17 35 61 70 78 87,4.62,33.4,7,0.269,86,9 14 27 36 41 81 86,0.27,32.82,39,0.342,57
4fdb0bd89c490108b8c8761d8f1966ba,axial,bowl,1,22.06,22.06,0,0.0,0,,5.08,34.8,1,0.167,68,68,9.92,30.82,3,0.214,43,9 43 104,0.31,32.41,7,0.269,81,9 14 68 72 81 99 104,0.31,32.53,37,0.325,81
4ffb03a364a13c376b41b8bcd0404ec,axial,lamp,1,0.3,0.3,1,1.0,0,0,0.3,28.21,3,0.5,113,0 45 113,0.3,37.85,4,0.286,113,0 96 104 113,0.3,32.57,8,0.308,113,0 41 45 50 54 104 108 113,0.3,32.44,40,0.351,113
5077728a780b5873f8d6a4359d6a181b,axial,lamp,1,77.05,77.05,0,0.0,0,,1.5,41.36,1,0.167,68,68,2.03,35.5,4,0.286,61,35 43 52 61,1.5,34.59,8,0.308,68,36 41 50 54 59 63 68 81,0.7,33.08,38,0.333,66
50a3d09ac90370ec9c48f338871146f5,axial,lamp,1,59.46,59.46,0,0.0,0,,16.05,39.81,1,0.167,68,68,5.3,30.59,7,0.5,61,17 35 43 52 61 78 87,0.49,34.21,5,0.192,81,36 41 68 81 86,0.07,32.88,40,0.351,48
51634562e4cbb4be27c4ca11e0316b1b,axial,lamp,1,73.82,73.82,0,0.0,0,,6.11,39.29,1,0.167,45,45,1.34,37.64,4,0.286,61,26 52 61 70,0.22,34.32,7,0.269,72,36 45 50 54 59 72 77,0.22,33.1,38,0.333,72
518f6867e5d38301fd3bf7a5792372cb,axial,bottle,1,35.35,35.35,0,0.0,0,,4.12,39.76,1,0.167,68,68,2.61,30.78,4,0.286,104,35 43 96 104,1.8,32.14,9,0.346,14,14 27 59 68 72 81 86 99 104,0.21,32.68,39,0.342,16
519f07b4ecb0b82ed82a7d8f544ae151,axial,bowl,1,41.65,41.65,0,0.0,0,,0.71,41.74,1,0.167,45,45,0.03,30.88,4,0.286,17,9 17 70 78,0.71,32.57,9,0.346,45,9 14 27 32 41 45 54 86 99,0.03,32.64,37,0.325,17
51b4f0fd600a7cdc580a266ffa083ba4,axial,lamp,1,57.29,57.29,0,0.0,0,,2.72,32.87,2,0.333,68,23 68,2.81,35.78,4,0.286,87,43 52 61 87,2.72,34.22,7,0.269,68,23 36 41 68 77 81 95,0.64,32.92,39,0.342,60
523cddb320608c09a37f3fc191551700,axial,bottle,1,53.12,53.12,0,0.0,0,,11.55,34.23,2,0.333,68,23 68,0.72,31.5,6,0.429,43,17 35 43 52 61 87,4.87,34.1,6,0.231,36,23 36 41 68 81 95,0.39,32.89,38,0.333,25
5277b4491396a522333769b054e66b40,axial,bottle,1,56.68,56.68,0,0.0,0,,6.8,44.23,2,0.333,68,45 68,9.2,31.92,4,0.286,35,35 43 70 78,0.76,32.15,12,0.462,81,14 27 32 45 50 54 59 63 68 81 86 99,0.76,32.89,38,0.333,75
52783aa89adf06f3250c527721570ba0,axial,lamp,1,16.7,16.7,1,1.0,0,0,2.99,26.43,3,0.5,23,0 23 113,2.04,22.06,8,0.571,61,0 9 35 52 61 78 87 113,2.88,30.55,11,0.423,86,0 9 14 23 27 36 86 95 99 108 113,1.41,32.63,41,0.36,110
52cd206dd4674bbd4fbd95145f67665c,axial,lamp,1,6.51,6.51,1,1.0,0,0,5.58,23.06,3,0.5,23,0 23 113,2.6,21.91,6,0.429,61,0 61 70 78 104 113,5.58,30.78,13,0.5,23,0 5 14 18 23 27 32 36 95 99 104 108 113,0.4,32.49,39,0.342,10
538db91266f2829bc0f7e0e05bae6131,axial,bowl,1,44.16,44.16,0,0.0,0,,9.57,32.57,2,0.333,90,45 90,2.83,28.63,6,0.429,26,26 52 61 70 78 96,1.28,33.45,5,0.192,32,18 32 45 77 90,1.28,32.9,38,0.333,32
53f5240e1e82c96e2d20e9f11baa5f8f,axial,bowl,1,5.42,5.42,1,1.0,0,0,5.42,32.37,2,0.333,0,0 113,5.42,39.94,5,0.357,0,0 9 17 96 113,5.26,33.19,7,0.269,63,0 9 50 54 59 63 113,1.8,32.39,40,0.351,4
541c4dc1d1b42978648ed39e926e682f,axial,bottle,1,17.21,17.21,1,1.0,0,0,17.21,29.75,2,0.333,113,0 113,17.21,44.1,3,0.214,113,0 26 113,0.14,32.98,7,0.269,5,0 5 59 63 72 108 113,0.14,32.67,39,0.342,5
5445f01471e4df5da2c59a4d90e63212,axial,pot,1,35.77,35.77,0,0.0,0,,16.01,29.99,2,0.333,90,23 90,13.2,46.39,2,0.143,26,26 87,7.89,34.2,12,0.462,63,5 18 23 41 50 54 59 63 72 90 95 108,0.33,32.85,39,0.342,98
546111e6869f41aca577e3e5353dd356,axial,bottle,1,35.41,35.41,0,0.0,0,,2.0,26.48,3,0.5,23,23 45 90,7.3,40.45,2,0.143,87,87 96,2.0,32.94,9,0.346,23,5 18 23 36 41 45 54 90 95,0.09,32.75,38,0.333,75
5470f2c11fd647a7c5af224a021be7c5,axial,bottle,1,5.32,5.32,1,1.0,0,0,5.32,25.89,3,0.5,0,0 90 113,3.54,23.89,7,0.5,26,0 9 26 35 43 52 113,1.4,31.1,11,0.423,77,0 5 9 14 18 77 81 86 90 99 113,1.39,32.46,41,0.36,22
5489ecdeac5c1cfb38bc5dac9ac556bb,axial,lamp,1,74.85,74.85,0,0.0,0,,9.71,39.52,1,0.167,68,68,3.92,38.87,4,0.286,52,43 52 61 87,1.36,34.21,9,0.346,41,36 41 50 54 59 63 68 72 77,0.43,33.13,40,0.351,44
5561fe6ad83a5000fc0eb7bdb358f874,axial,bottle,1,61.6,61.6,0,0.0,0,,10.91,43.03,2,0.333,68,45 68,3.41,30.51,5,0.357,78,35 43 70 78 96,2.69,33.81,9,0.346,32,27 32 45 50 59 68 72 81 86,0.29,32.96,36,0.316,83
5563324c9902f243a2c59a4d90e63212,axial,bowl,1,56.18,56.18,0,0.0,0,,2.61,43.1,2,0.333,68,45 68,4.49,30.91,5,0.357,43,35 43 70 78 96,0.84,32.77,12,0.462,27,14 27 32 45 50 59 63 68 72 81 86 99,0.84,32.85,39,0.342,27
5566c65116a9567078fe949fc1419876,axial,bottle,1,0.34,0.34,1,1.0,0,0,0.34,29.51,2,0.333,0,0 113,0.34,40.66,3,0.214,0,0 17 113,0.34,32.76,5,0.192,0,0 50 59 63 113,0.34,32.43,36,0.316,0
5580b95ab8e7806c6c5b8009db95f66f,axial,lamp,1,15.3,15.3,1,1.0,0,0,0.85,31.98,3,0.5,68,0 68 113,4.81,31.78,6,0.429,9,0 9 17 43 104 113,0.85,32.43,9,0.346,68,0 9 14 59 68 72 81 104 113,0.03,32.42,39,0.342,8
5614d1c24806ce0a8d1fe8cdc415f4c5,axial,lamp,1,43.35,43.35,0,0.0,0,,6.83,29.13,2,0.333,23,23 90,3.32,45.0,2,0.143,87,26 87,0.72,33.07,11,0.423,95,18 23 36 41 50 54 59 63 72 90 95,0.1,32.83,38,0.333,79
56803af65db53307467ca2ad6571afff,axial,bowl,1,51.84,51.84,0,0.0,0,,0.68,28.44,2,0.333,90,23 90,1.88,43.83,2,0.143,87,26 87,0.11,32.65,12,0.462,72,18 23 36 41 50 54 59 63 72 77 90 95,0.11,32.88,40,0.351,72
56c23ba1699f6294435b5a0263ddd2e2,axial,bottle,1,20.62,20.62,0,0.0,0,,1.27,26.81,1,0.167,23,23,1.92,22.49,7,0.5,9,9 17 35 52 61 78 87,1.27,30.88,9,0.346,23,9 14 23 27 36 86 95 99 108,0.07,32.57,38,0.333,48
56efabe64ce30e08d7bc2c778b186f58,axial,ashcan,1,0.83,0.83,1,1.0,0,0,0.83,21.31,4,0.667,0,0 23 90 113,0.83,20.56,7,0.5,0,0 35 52 61 78 104 113,0.83,29.94,13,0.5,0,0 5 14 18 23 27 86 90 95 99 104 108 113,0.26,32.36,38,0.333,65
573500f52762f0ea8485cf03cd00c621,axial,lamp,1,41.0,41.0,0,0.0,0,,8.5,44.69,1,0.167,45,45,3.36,32.16,5,0.357,17,9 17 70 96 104,0.24,33.05,12,0.462,14,9 14 27 32 41 45 50 54 63 86 99 104,0.1,32.77,40,0.351,83
579387a47297e1f4276206fae5d3c473,axial,lamp,1,10.42,10.42,1,1.0,0,0,10.41,27.98,3,0.5,113,0 68 113,8.43,38.82,4,0.286,17,0 17 26 113,2.75,32.76,7,0.269,5,0 5 59 68 72 108 113,0.51,32.58,38,0.333,34
57b186ba25a680584289430f919c490c,axial,bottle,1,57.77,57.77,0,0.0,0,,16.13,38.77,1,0.167,68,68,2.25,30.33,6,0.429,61,17 35 43 52 61 87,0.84,34.18,5,0.192,81,36 41 68 81 86,0.83,32.93,40,0.351,30
57f1439f5161b8d366cff95abd9dc80,axial,lamp,1,30.87,30.87,0,0.0,0,,11.0,37.57,1,0.167,68,68,1.76,28.87,4,0.286,104,35 43 96 104,1.49,32.11,8,0.308,14,14 27 68 72 81 86 99 104,1.49,32.71,38,0.333,14
583a5a163e59e16da523f74182db8f2,axial,lamp,1,18.17,18.17,1,1.0,0,0,4.68,26.71,4,0.667,68,0 68 90 113,1.71,33.19,6,0.429,17,0 9 17 26 43 113,4.68,32.22,10,0.385,68,0 5 9 18 68 77 81 90 108 113,1.37,32.68,38,0.333,64
5859f1dcc6e47322e7c7920f6a65a54d,axial,lamp,1,50.85,50.85,0,0.0,0,,20.85,36.83,0,0.0,68,,0.44,28.41,6,0.429,61,17 35 43 52 61 87,2.4,33.84,4,0.154,36,36 41 81 86,0.44,32.82,39,0.342,61
591153135f8571a69fc36bc06f1db2fa,axial,bottle,1,38.31,38.31,0,0.0,0,,26.1,36.72,0,0.0,23,,6.66,25.81,7,0.5,78,9 17 35 61 70 78 87,0.38,32.69,7,0.269,86,9 14 27 36 41 86 99,0.38,32.79,42,0.368,86
592f62e338fcac1eb0be98650cd7fb6f,axial,bottle,1,53.64,53.64,0,0.0,0,,10.26,42.57,1,0.167,68,68,1.06,29.54,4,0.286,35,35 43 78 96,0.04,33.2,10,0.385,27,14 27 32 50 59 68 72 81 86 99,0.04,32.82,39,0.342,27
5979870763de5ced4c8b72e8da0e65c5,axial,bottle,1,11.59,11.59,1,1.0,0,0,11.59,35.54,2,0.333,0,0 113,11.59,38.32,6,0.429,0,0 9 17 96 104 113,3.62,33.39,8,0.308,63,0 9 50 54 59 63 104 113,0.08,32.41,42,0.368,16
59d7b4e7bc3c5d9d99fbba385cc0d41d,axial,bottle,1,9.98,9.98,1,1.0,0,0,9.97,28.06,3,0.5,113,0 68 113,8.68,38.94,4,0.286,17,0 17 26 113,3.2,32.76,7,0.269,72,0 5 59 68 72 108 113,0.13,32.56,38,0.333,13
5a1e624764af0205bf8b9d530de7a108,axial,bottle,1,19.48,19.48,1,1.0,0,0,0.39,26.33,4,0.667,68,0 68 90 113,1.22,35.71,5,0.357,26,0 17 26 43 113,0.39,32.55,10,0.385,68,0 5 18 68 72 77 81 90 108 113,0.38,32.66,40,0.351,47
5aad71b5e6cb3967674684c50f1db165,axial,bowl,1,18.76,18.76,1,1.0,0,0,7.13,33.34,3,0.5,68,0 68 113,8.43,30.12,6,0.429,43,0 9 26 43 104 113,0.54,32.42,9,0.346,81,0 9 14 68 72 81 99 104 113,0.1,32.48,37,0.325,34
5aaf61da59f1c0773225afab722d9fd2,axial,lamp,1,55.28,55.28,0,0.0,0,,2.65,43.65,2,0.333,68,45 68,8.31,31.65,5,0.357,35,35 43 70 78 96,1.1,32.46,12,0.462,86,14 27 32 45 50 54 59 63 68 81 86 99,1.1,32.87,39,0.342,86
5ad47181a9026fc728cc22dce7529b69,axial,bottle,1,80.26,80.26,0,0.0,0,,3.48,43.75,2,0.333,68,45 68,4.39,34.54,6,0.429,43,35 43 52 61 70 78,2.02,34.29,8,0.308,54,41 45 50 54 59 63 68 81,0.49,33.09,39,0.342,65
5b0f71dfbdc8089ca2c59a4d90e63212,axial,pot,1,63.75,63.75,0,0.0,0,,7.24,43.23,2,0.333,68,45 68,1.8,30.69,4,0.286,43,35 43 70 78,0.34,33.63,10,0.385,32,27 32 45 50 59 63 68 72 81 86,0.34,32.9,37,0.325,32
5b79c55d2266d4f272652f4081ec5a77,axial,pot,1,3.01,3.01,1,1.0,0,0,2.03,21.91,3,0.5,90,0 90 113,3.0,21.7,7,0.5,113,0 9 26 35 43 52 113,1.87,30.39,12,0.462,18,0 5 9 14 18 77 81 86 90 99 108 113,1.68,32.45,39,0.342,73
5bb0ad1e0c9432b2dc6493177a28df03,axial,lamp,1,27.94,27.94,0,0.0,0,,12.86,28.48,2,0.333,90,68 90,3.64,42.24,1,0.071,26,26,3.65,33.41,10,0.385,108,5 18 59 63 68 72 77 90 95 108,0.85,32.73,39,0.342,76
5bb12905529c85359d3d767e1bc88d65,axial,bowl,1,14.27,14.27,1,1.0,0,0,14.26,30.29,2,0.333,113,0 113,14.26,44.98,2,0.143,113,0 113,0.34,33.27,8,0.308,63,0 5 50 59 63 72 108 113,0.34,32.51,41,0.36,63
5bbe3658e49eece0b49beb995c4209b8,axial,lamp,1,16.35,16.35,1,1.0,0,0,10.54,35.37,3,0.5,68,0 68 113,0.31,34.11,5,0.357,9,0 9 17 104 113,0.31,33.16,10,0.385,9,0 9 14 59 63 68 72 81 104 113,0.31,32.53,41,0.36,9
5bc478e9c4e0bb8180936c51aa7ffcf5,axial,lamp,1,2.16,2.16,1,1.0,0,0,2.16,27.16,3,0.5,0,0 45 113,2.16,36.14,5,0.357,0,0 87 96 104 113,0.61,32.32,7,0.269,41,0 41 45 54 104 108 113,0.34,32.47,41,0.36,3
5c1253ae61a16e306871591246ec74dc,axial,bottle,1,40.06,40.06,0,0.0,0,,6.82,31.34,1,0.167,90,90,1.87,27.61,7,0.5,96,26 52 61 70 78 96 104,3.88,33.18,5,0.192,32,18 32 77 90 104,1.87,32.88,36,0.316,96
5c79a2bc3d2ca6b1df8d3317f6046bb8,axial,lamp,1,9.99,9.99,1,1.0,0,0,3.08,23.92,3,0.5,23,0 23 113,5.18,21.58,8,0.571,61,0 9 35 52 61 78 87 113,0.1,29.83,11,0.423,108,0 9 14 23 27 36 86 95 99 108 113,0.1,32.47,43,0.377,108
5cc4660eebade12d25ebd1cd0b422e32,axial,pot,1,23.48,23.48,0,0.0,0,,0.67,27.0,1,0.167,23,23,0.17,23.15,6,0.429,35,9 17 35 52 61 87,0.67,31.31,9,0.346,23,9 14 23 27 36 81 86 95 108,0.17,32.58,38,0.333,35
5d693f7115e5ae984e9836419f09cc52,axial,lamp,1,2.73,2.73,1,1.0,0,0,2.73,28.83,2,0.333,0,0 113,2.73,40.01,3,0.214,0,0 96 113,0.75,32.72,6,0.231,54,0 41 50 54 108 113,0.75,32.5,39,0.342,54
5d69edfdd6f7f62ff88ace17ca85e37c,axial,lamp,1,43.82,43.82,0,0.0,0,,7.29,29.21,2,0.333,90,23 90,4.51,45.15,2,0.143,26,26 87,1.06,33.29,11,0.423,18,18 23 41 50 54 59 63 72 77 90 95,0.56,32.9,37,0.325,85
5d6b5d1b135b8cf8b7886d94372e3c76,axial,bottle,1,74.0,74.0,0,0.0,0,,2.46,39.71,1,0.167,45,45,2.85,36.17,4,0.286,61,26 52 61 70,0.25,34.41,7,0.269,72,32 45 50 54 59 72 77,0.25,33.09,39,0.342,72
5d97be0e2414bfe0a8930422448288ea,axial,lamp,1,40.7,40.7,0,0.0,0,,4.17,27.52,3,0.5,90,23 45 90,7.96,35.6,4,0.286,70,26 61 70 96,1.74,32.98,8,0.308,18,5 18 23 32 36 45 90 95,0.05,32.87,38,0.333,98
5dbb2120f2f828d28aaae3d020f5ddf8,axial,lamp,1,23.59,23.59,0,0.0,0,,3.42,26.04,2,0.333,90,68 90,4.3,34.03,3,0.214,17,17 26 43,0.18,31.82,8,0.308,18,5 18 68 77 81 90 95 108,0.18,32.62,38,0.333,18
5dd2f4d3b253058dd554ab0a45f30de7,axial,lamp,1,0.25,0.25,1,1.0,0,0,0.25,24.32,4,0.667,0,0 68 90 113,0.25,24.27,7,0.5,0,0 9 17 26 35 43 113,0.25,30.63,10,0.385,0,0 5 9 14 18 68 77 81 90 113,0.25,32.38,39,0.342,0
5e2c558555092b706e30831c34845769,axial,bowl,1,25.67,25.67,0,0.0,0,,20.29,32.97,0,0.0,90,,1.12,23.88,7,0.5,35,26 35 43 52 78 96 104,0.03,31.54,6,0.231,86,14 27 77 86 99 104,0.03,32.61,41,0.36,86
5e914dd726313181b1b4b514128408b0,axial,jar,1,4.53,4.53,1,1.0,0,0,4.53,27.16,3,0.5,0,0 68 113,0.46,29.44,6,0.429,9,0 9 17 26 43 113,0.46,31.7,8,0.308,9,0 5 9 68 72 77 81 113,0.0,32.44,39,0.342,85
5f0c4dd6cfa0def2e59f529cd1b6faa8,axial,lamp,1,26.19,26.19,0,0.0,0,,22.83,33.63,0,0.0,23,,1.07,24.5,6,0.429,78,9 17 61 70 78 87,0.82,31.74,6,0.231,14,9 14 27 36 86 99,0.29,32.63,38,0.333,105
5f2ef71aa9b94edbb84959963148f2a2,axial,bowl,1,17.06,17.06,1,1.0,0,0,8.3,25.75,4,0.667,90,0 23 90 113,4.15,25.09,7,0.5,9,0 9 17 35 43 52 113,1.18,31.26,12,0.462,108,0 5 9 18 23 77 81 86 90 95 108 113,0.37,32.61,42,0.368,4
5f901ee60f9c0d2c6297030373bd4c3f,axial,lamp,1,19.64,19.64,1,1.0,0,0,19.64,30.53,2,0.333,113,0 113,19.64,46.24,2,0.143,113,0 113,1.63,33.52,9,0.346,108,0 5 41 50 54 59 63 108 113,0.88,32.59,37,0.325,80
5fb5ef6280e09d96d11ab9fa7ac20266,axial,bottle,1,54.81,54.81,0,0.0,0,,22.79,40.73,0,0.0,68,,2.26,29.14,6,0.429,35,17 35 43 61 70 78,4.85,33.94,5,0.192,41,27 36 41 81 86,0.03,32.86,39,0.342,89
600b2f00113ad714e2367b9e27f16a71,axial,lamp,1,55.44,55.44,0,0.0,0,,1.08,30.87,3,0.5,45,23 45 90,0.52,37.81,3,0.214,26,26 61 70,1.08,34.06,9,0.346,45,18 23 32 36 45 50 72 77 90,0.05,32.93,40,0.351,75
608db437f2aab3c13cedb1808e691a01,axial,lamp,1,53.83,53.83,0,0.0,0,,6.65,44.43,2,0.333,68,45 68,11.2,32.04,5,0.357,35,35 43 70 78 96,0.09,32.45,12,0.462,81,14 27 32 45 50 54 59 63 68 81 86 99,0.09,32.86,39,0.342,81
609dfe9367c0e64e2b520984c067934c,axial,lamp,1,7.31,7.31,1,1.0,0,0,7.31,33.23,2,0.333,0,0 113,7.31,39.36,4,0.286,0,0 96 104 113,0.56,33.18,6,0.231,50,0 50 54 63 104 113,0.31,32.36,37,0.325,84
6118da3aa071921b664b3b9b23ddfcbc,axial,bowl,1,54.31,54.31,0,0.0,0,,19.48,41.38,1,0.167,68,68,5.2,29.24,6,0.429,78,35 43 52 70 78 96,1.9,33.69,6,0.231,72,27 32 59 68 72 86,0.35,32.84,38,0.333,88
6138faeed623475b43ac09133d4c1d60,axial,lamp,1,23.91,23.91,0,0.0,0,,6.96,26.67,3,0.5,23,23 45 90,1.37,28.63,5,0.357,70,61 70 78 96 104,0.63,31.7,9,0.346,32,5 18 23 32 36 45 90 95 104,0.63,32.74,37,0.325,32
618d55a791b8280cf256a8c3e3396495,axial,bottle,1,8.41,8.41,1,1.0,0,0,6.48,23.56,4,0.667,23,0 23 90 113,8.4,21.48,7,0.5,113,0 9 35 52 61 78 113,1.15,30.08,13,0.5,14,0 5 9 14 18 23 27 86 90 95 99 108 113,0.41,32.47,42,0.368,107
61b57e8b5da8fb13d527a9a6f5a872b9,axial,lamp,1,21.06,21.06,0,0.0,0,,14.86,30.65,1,0.167,23,23,1.44,22.97,6,0.429,87,9 35 61 70 78 87,0.19,31.04,9,0.346,14,9 14 23 27 36 86 95 99 108,0.19,32.46,42,0.368,14
621e786d6343d3aa2c96718b14a4add9,axial,bottle,1,9.41,9.41,1,1.0,0,0,9.41,27.46,3,0.5,0,0 90 113,2.05,23.88,7,0.5,26,0 9 26 35 43 52 113,2.03,31.46,11,0.423,77,0 5 9 14 18 77 81 86 90 99 113,0.78,32.53,36,0.316,98
6267ef99cbfaea7741cf86c757faf4f9,axial,lamp,1,0.24,0.24,1,1.0,0,0,0.23,20.93,3,0.5,113,0 23 113,0.23,21.08,7,0.5,113,0 61 70 78 87 104 113,0.19,30.02,12,0.462,95,0 5 14 23 27 36 86 95 99 104 108 113,0.19,32.36,42,0.368,95
630aea241cb0ec8f24cedf205b903c2a,axial,pot,1,37.04,37.04,0,0.0,0,,7.56,39.87,1,0.167,45,45,4.25,29.87,4,0.286,9,9 17 70 78,0.8,32.21,9,0.346,14,9 14 27 32 41 45 54 86 99,0.22,32.77,39,0.342,97
632c8c69e7e7bda54559a6e3650dcd3,axial,ashcan,1,54.6,54.6,0,0.0,0,,9.01,44.6,2,0.333,68,45 68,11.57,32.13,5,0.357,35,35 43 70 78 96,0.47,32.29,12,0.462,50,14 27 32 45 50 54 59 63 68 81 86 99,0.13,32.87,39,0.342,83
63538ead3a81058f1c1ef519b9196b63,axial,lamp,1,41.29,41.29,0,0.0,0,,11.42,45.17,1,0.167,45,45,5.31,32.44,4,0.286,17,9 17 96 104,0.22,33.1,12,0.462,14,9 14 27 32 45 50 54 63 81 86 99 104,0.16,32.78,39,0.342,19
636b7d403c7717c3edad66bbdfe0c434,axial,pot,1,8.07,8.07,1,1.0,0,0,1.73,23.81,3,0.5,23,0 23 113,2.11,21.43,6,0.429,61,0 9 61 78 87 113,1.03,29.93,11,0.423,108,0 9 14 23 27 36 86 95 99 108 113,1.03,32.49,38,0.333,108
63d98b2654d8d2a2f9411c52486c6e63,axial,bottle,1,53.06,53.06,0,0.0,0,,0.31,28.7,2,0.333,90,23 90,1.02,43.67,2,0.143,26,26 87,0.31,32.62,12,0.462,90,18 23 36 41 50 54 59 63 72 77 90 95,0.31,32.9,40,0.351,90
6444875e3217bf891f5f48a891d827bd,axial,bottle,1,26.78,26.78,0,0.0,0,,16.0,29.07,2,0.333,23,23 45,7.3,43.49,1,0.071,87,87,2.54,33.34,10,0.385,5,5 18 23 36 41 45 50 54 95 108,0.44,32.71,41,0.36,28
646956f902b2a134450e3da30d6676cd,axial,lamp,1,52.33,52.33,0,0.0,0,,19.45,41.16,1,0.167,68,68,5.64,28.88,5,0.357,35,35 43 52 78 96,2.7,33.57,6,0.231,72,27 32 68 72 86 99,0.76,32.84,38,0.333,60
6494761a8a0461777cba8364368aa1d,axial,bowl,1,56.85,56.85,0,0.0,0,,3.3,30.55,2,0.333,90,23 90,1.83,43.33,2,0.143,26,26 87,0.27,32.71,12,0.462,54,18 23 36 41 50 54 59 63 72 77 90 95,0.27,32.96,38,0.333,54
64ad00b1757205a3f388b3201b32e1d0,axial,bottle,1,32.76,32.76,0,0.0,0,,25.17,35.52,0,0.0,23,,2.66,25.03,7,0.5,9,9 17 35 61 70 78 87,2.66,32.17,7,0.269,9,9 14 27 36 41 86 99,1.01,32.72,38,0.333,28
64b180d51c6b8cc1e4e346ee2650d150,axial,bowl,1,28.41,28.41,0,0.0,0,,2.29,38.48,1,0.167,45,45,4.05,32.24,5,0.357,9,9 17 70 96 104,2.29,32.77,8,0.308,45,9 14 32 41 45 54 99 104,1.69,32.66,38,0.333,83
64d7f5eb886cfa48ce6101c7990e61d4,axial,bowl,1,14.09,14.09,1,1.0,0,0,6.54,27.16,4,0.667,68,0 68 90 113,1.88,31.59,6,0.429,17,0 9 17 26 43 113,6.18,32.16,10,0.385,77,0 5 9 18 68 77 81 90 108 113,0.1,32.64,39,0.342,2
64eaa45bd2e01db8991ff09eca5b27a8,axial,lamp,1,43.1,43.1,0,0.0,0,,0.47,26.63,3,0.5,68,23 68 90,13.28,38.6,5,0.357,87,17 26 43 52 87,0.47,32.94,7,0.269,68,18 23 68 77 81 90 95,0.38,32.82,40,0.351,39
64f61c9c81e3eb7b8aaae3d020f5ddf8,axial,lamp,1,34.57,34.57,0,0.0,0,,10.42,31.99,1,0.167,23,23,0.04,24.29,7,0.5,35,9 17 35 43 52 61 87,7.48,32.74,7,0.269,36,9 23 27 36 81 86 95,0.04,32.72,39,0.342,35
64faa2a6a6f844af851f4ba6aaedaaa8,axial,bottle,1,42.01,42.01,0,0.0,0,,1.84,27.95,3,0.5,90,23 45 90,6.03,34.81,4,0.286,70,26 61 70 96,1.84,33.11,7,0.269,90,18 23 32 36 45 90 95,0.81,32.86,38,0.333,82
6501113f772fc798db649551c356c6e8,axial,bowl,1,41.22,41.22,0,0.0,0,,20.4,35.74,0,0.0,23,,2.74,25.4,6,0.429,17,9 17 35 61 78 87,2.37,33.17,6,0.231,36,9 14 27 36 81 86,1.81,32.76,39,0.342,22
6595ee36783d261ed3281970e2c44dbe,axial,lamp,1,61.7,61.7,0,0.0,0,,8.2,33.49,3,0.5,45,23 45 90,4.55,40.23,4,0.286,26,26 52 61 70,6.24,34.26,9,0.346,77,18 23 36 45 50 54 72 77 90,1.58,33.09,38,0.333,80
65f23d07991128e3fbb8cbddab1c2002,axial,lamp,1,73.87,73.87,0,0.0,0,,8.16,39.17,1,0.167,68,68,3.26,38.48,4,0.286,52,43 52 61 87,0.09,34.22,8,0.308,41,36 41 50 54 59 63 68 77,0.09,33.1,39,0.342,41
66a7a9a417660413e2364c65f912dcd4,axial,lamp,1,50.18,50.18,0,0.0,0,,10.85,33.13,2,0.333,23,23 68,0.15,30.98,6,0.429,87,17 35 43 52 61 87,5.5,33.95,5,0.192,81,23 36 68 81 95,0.15,32.86,39,0.342,87
66b98bb2b9d34431ec7cbf3284585a40,axial,lamp,1,19.72,19.72,1,1.0,0,0,19.72,39.3,2,0.333,0,0 113,4.0,35.38,6,0.429,96,0 9 17 96 104 113,0.68,33.31,7,0.269,50,0 9 50 54 63 104 113,0.68,32.61,39,0.342,50
66cec0a2ab63d9101b6c273f8ff0e8b6,axial,lamp,1,0.54,0.54,1,1.0,0,0,0.06,21.04,3,0.5,90,0 90 113,0.54,21.15,7,0.5,0,0 9 26 35 43 52 113,0.06,30.05,12,0.462,90,0 5 9 14 18 27 77 86 90 99 108 113,0.06,32.36,42,0.368,90
66cf69a98ff895e2b55fde51a411949f,axial,lamp,1,34.16,34.16,0,0.0,0,,5.09,27.31,3,0.5,23,23 45 90,3.89,41.29,1,0.071,87,87,0.29,33.13,10,0.385,95,5 18 23 36 41 45 50 54 90 95,0.29,32.8,38,0.333,95
66defefd07a3fe4548eb521885c87e13,axial,lamp,1,17.67,17.67,1,1.0,0,0,17.67,29.49,2,0.333,0,0 113,16.02,43.46,4,0.286,87,0 87 96 113,1.15,32.99,7,0.269,108,0 5 41 50 54 108 113,0.99,32.63,40,0.351,100
67a087a3f917c3a7cf004563556ddb36,axial,lamp,1,59.19,59.19,0,0.0,0,,18.58,41.4,1,0.167,45,45,0.54,30.04,6,0.429,78,35 43 52 70 78 96,1.81,34.02,7,0.269,72,27 32 45 59 72 77 86,0.09,32.86,40,0.351,64
67b0ef08720310aa14f846b7e32e76c4,axial,lamp,1,43.64,43.64,0,0.0,0,,6.82,29.14,2,0.333,23,23 90,3.54,45.03,2,0.143,87,26 87,0.68,33.13,11,0.423,95,18 23 36 41 50 54 59 63 72 90 95,0.57,32.85,38,0.333,79
684ff2b770c26616d3dfba73f54d35bb,axial,bottle,1,12.25,12.25,1,1.0,0,0,4.17,24.62,3,0.5,23,0 23 113,0.85,24.32,8,0.571,104,0 61 70 78 87 96 104 113,0.85,30.92,12,0.462,104,0 5 18 23 27 32 36 95 99 104 108 113,0.74,32.5,40,0.351,57
68582543c4c6d0bccfdfe3f21f42a111,axial,bowl,1,4.77,4.77,1,1.0,0,0,4.76,22.51,3,0.5,113,0 90 113,2.12,21.49,6,0.429,35,0 9 35 43 52 113,4.73,30.63,13,0.5,18,0 5 9 14 18 27 77 86 90 95 99 108 113,1.61,32.48,39,0.342,103
688eacb56a16702f9a6e43b878d5b335,axial,bottle,1,9.31,9.31,1,1.0,0,0,7.25,23.88,4,0.667,23,0 23 90 113,2.33,22.37,6,0.429,61,0 61 70 78 104 113,4.68,30.95,13,0.5,104,0 5 18 23 27 32 36 90 95 99 104 108 113,0.33,32.49,38,0.333,111
6930c4d2e7e880b2e20e92c5b8147e4a,axial,bowl,1,1.27,1.27,1,1.0,0,0,1.27,25.69,3,0.5,0,0 68 113,1.27,28.67,6,0.429,0,0 9 17 26 43 113,1.27,31.41,8,0.308,0,0 5 9 68 72 77 81 113,0.65,32.41,39,0.342,47
6987e839b802a349a9039b9668d0f11f,axial,bottle,1,4.03,4.03,1,1.0,0,0,4.02,25.85,4,0.667,113,0 68 90 113,4.02,30.26,6,0.429,113,0 9 17 26 43 113,3.02,31.69,11,0.423,5,0 5 9 18 68 72 77 81 90 108 113,0.5,32.43,40,0.351,47
6a6fac314f0f295047a478fc5fc970de,axial,lamp,1,5.22,5.22,1,1.0,0,0,5.22,31.69,2,0.333,0,0 113,5.22,39.17,4,0.286,0,0 96 104 113,3.75,33.07,7,0.269,54,0 41 50 54 63 104 113,1.55,32.47,38,0.333,3
6a96b74beea7f5b316aa41fc58452f78,axial,bottle,1,7.31,7.31,1,1.0,0,0,3.98,24.24,3,0.5,90,0 90 113,0.49,21.65,8,0.571,35,0 9 26 35 43 52 104 113,1.12,30.29,12,0.462,14,0 5 9 14 18 27 77 86 90 99 104 113,0.49,32.5,39,0.342,35
6b10584984035b088314f68ce9e12e4c,axial,lamp,1,7.0,7.0,1,1.0,0,0,7.0,26.28,4,0.667,0,0 23 45 113,3.54,27.58,6,0.429,87,0 70 87 96 104 113,0.66,31.18,10,0.385,32,0 5 23 32 36 45 95 104 108 113,0.41,32.55,38,0.333,11
6b810dbc89542fd8a531220b48579115,axial,bottle,1,43.14,43.14,0,0.0,0,,13.67,33.95,1,0.167,90,90,0.35,26.54,7,0.5,26,26 52 61 70 78 96 104,4.76,33.46,6,0.231,77,18 27 32 77 90 104,0.35,32.8,39,0.342,26
6b884893938943f70b5ecdc69e74dca,axial,bottle,1,24.18,24.18,0,0.0,0,,13.82,31.09,1,0.167,90,90,2.24,22.88,5,0.357,26,26 35 52 78 104,2.2,31.31,9,0.346,77,5 14 18 27 77 86 90 99 104,0.29,32.61,37,0.325,13
6b8b2cb01c376064c8724d5673a063a6,axial,bottle,1,17.39,17.39,1,1.0,0,0,9.44,25.83,4,0.667,90,0 23 90 113,3.84,24.82,7,0.5,9,0 9 17 35 43 52 113,0.53,31.25,11,0.423,108,0 9 18 23 77 81 86 90 95 108 113,0.31,32.6,40,0.351,4
6ba931adfa36c7965208aab875b932bc,axial,lamp,1,31.58,31.58,0,0.0,0,,11.34,31.82,1,0.167,90,90,1.22,23.54,7,0.5,52,26 35 52 61 78 96 104,6.01,32.3,8,0.308,27,18 27 32 77 86 90 99 104,0.23,32.63,38,0.333,19
6bb307429e516e2f129f1cb6c6fa9dd5,axial,jar,1,63.16,63.16,0,0.0,0,,12.75,42.93,2,0.333,68,45 68,1.23,30.72,6,0.429,78,35 43 52 70 78 96,1.06,33.95,9,0.346,32,27 32 45 50 59 68 72 81 86,0.66,32.98,37,0.325,42
6bf575f4fb9dabe278634ef2c5fdc560,axial,pot,1,3.27,3.27,1,1.0,0,0,3.27,29.26,2,0.333,113,0 113,3.27,41.08,3,0.214,113,0 17 113,3.27,32.88,7,0.269,113,0 5 50 59 63 72 113,0.27,32.51,40,0.351,42
6c24c027831790516f79a03aa42f27b9,axial,bottle,1,36.67,36.67,0,0.0,0,,8.38,44.07,1,0.167,45,45,1.37,32.09,5,0.357,17,9 17 70 96 104,0.52,33.08,11,0.423,54,9 14 27 32 41 45 50 54 63 99 104,0.15,32.7,39,0.342,25
6c9a25f120cdcacc25ebd1cd0b422e32,axial,pot,1,24.08,24.08,0,0.0,0,,10.83,26.92,2,0.333,23,23 90,5.78,27.3,5,0.357,70,61 70 78 96 104,4.6,31.83,8,0.308,32,5 18 23 32 36 90 95 104,0.26,32.79,35,0.307,57
6d21c75bbe308322513c73fd461b230a,axial,ashcan,1,13.21,13.21,1,1.0,0,0,13.21,35.15,3,0.5,0,0 68 113,0.83,35.96,5,0.357,17,0 9 17 104 113,0.22,33.22,8,0.308,59,0 9 59 63 68 72 104 113,0.01,32.36,39,0.342,109
6d652a95363bb682b692b490d9871ff1,axial,bottle,1,47.36,47.36,0,0.0,0,,14.22,45.41,2,0.333,45,45 68,14.25,32.58,6,0.429,17,9 17 35 78 96 104,0.69,32.78,14,0.538,63,9 14 27 32 45 50 54 59 63 68 81 86 99 104,0.16,32.7,40,0.351,75
6e1fe96adbb5ffba8bae2d07dadd1b5d,axial,lamp,1,33.22,33.22,0,0.0,0,,1.06,28.72,1,0.167,23,23,3.08,26.56,7,0.5,52,9 17 35 43 52 61 87,1.06,32.46,7,0.269,23,9 23 36 81 86 95 108,0.78,32.78,40,0.351,15
6ee5804580c170cdf6da603e92626bf9,axial,lamp,1,7.21,7.21,1,1.0,0,0,7.21,28.25,3,0.5,0,0 68 113,4.26,27.93,6,0.429,9,0 9 17 26 43 113,0.63,31.79,9,0.346,81,0 5 9 14 68 72 77 81 113,0.63,32.45,40,0.351,81
6f4749e802e6b5eb30612f5c0ef21eb8,axial,bottle,1,4.59,4.59,1,1.0,0,0,4.58,22.46,4,0.667,113,0 23 90 113,4.58,21.03,7,0.5,113,0 9 35 52 61 78 113,2.26,30.03,13,0.5,14,0 5 9 14 18 23 27 86 90 95 99 108 113,0.64,32.4,41,0.36,1
6f4f8f3788da22817217386867d08cc,axial,lamp,1,27.01,27.01,0,0.0,0,,1.6,27.59,1,0.167,23,23,4.97,24.85,7,0.5,52,9 17 35 43 52 61 87,1.6,31.84,7,0.269,23,9 23 36 81 86 95 108,0.56,32.67,39,0.342,7
6f96ea1f948bdb5a72652f4081ec5a77,axial,pot,1,25.38,25.38,0,0.0,0,,11.45,30.72,1,0.167,23,23,1.0,22.65,6,0.429,9,9 17 35 61 78 87,1.0,31.34,9,0.346,9,9 14 23 27 36 86 95 99 108,0.65,32.64,39,0.342,100
701ea218827f9a7a733657da4b6687f4,axial,bottle,1,23.59,23.59,0,0.0,0,,21.6,40.74,0,0.0,45,,0.12,33.78,4,0.286,104,9 17 96 104,0.12,33.26,7,0.269,104,9 14 50 54 63 99 104,0.12,32.53,39,0.342,104
707224831466c848368b14e48c164a6e,axial,pot,1,15.66,15.66,1,1.0,0,0,9.05,25.47,4,0.667,23,0 23 90 113,1.98,24.16,7,0.5,104,0 61 70 78 96 104 113,1.96,31.15,13,0.5,5,0 5 18 23 27 32 36 90 95 99 104 108 113,1.07,32.55,41,0.36,3
708fce7ba7d911f3d5b5e7c77f0efc2,axial,bowl,1,5.83,5.83,1,1.0,0,0,5.83,28.67,3,0.5,0,0 45 113,5.83,39.96,3,0.214,0,0 96 113,5.35,32.84,8,0.308,41,0 5 41 45 50 54 108 113,0.57,32.56,41,0.36,37
70a30729c23aa5ab5425a71c247ca5d1,axial,pot,1,11.22,11.22,1,1.0,0,0,11.22,29.45,2,0.333,113,0 113,11.22,42.51,3,0.214,113,0 17 113,2.36,33.02,7,0.269,59,0 5 59 63 72 108 113,0.21,32.58,38,0.333,111
70bf2aaedbf9499ec889c00efdaf9928,axial,lamp,1,78.85,78.85,0,0.0,0,,18.47,41.0,2,0.333,68,45 68,6.36,39.89,2,0.143,52,52 61,0.53,34.03,10,0.385,59,36 41 45 50 54 59 63 68 72 77,0.53,33.15,38,0.333,59
712b597f47b04755f715d98aead3ae6f,axial,bottle,1,52.35,52.35,0,0.0,0,,7.38,44.6,2,0.333,45,45 68,12.57,32.14,4,0.286,78,17 35 70 78,1.17,32.6,12,0.462,32,14 27 32 45 50 54 59 63 68 81 86 99,0.09,32.84,37,0.325,76
726a6ce68bcb4b2d14513156cf2b8d0d,axial,bottle,1,6.16,6.16,1,1.0,0,0,6.16,22.95,4,0.667,0,0 23 90 113,6.16,21.25,7,0.5,0,0 35 52 61 78 104 113,0.54,30.13,13,0.5,99,0 5 14 18 23 27 86 90 95 99 104 108 113,0.08,32.41,40,0.351,31
7280a6655ec867d67b79156a61ad4c01,axial,bottle,1,45.33,45.33,0,0.0,0,,18.77,40.19,1,0.167,68,68,0.21,27.54,5,0.357,96,35 43 78 96 104,2.12,33.02,9,0.346,27,14 27 32 68 72 81 86 99 104,0.21,32.7,38,0.333,96
72d49a11c34a3b6880dd154b5d9c087,axial,bottle,1,58.32,58.32,0,0.0,0,,3.66,43.16,2,0.333,68,45 68,2.77,30.72,5,0.357,35,35 43 70 78 96,1.33,32.97,11,0.423,27,27 32 45 50 59 63 68 72 81 86 99,0.41,32.86,40,0.351,51
7335b7a1eb1bb091bf949868a8099949,axial,pot,1,29.8,29.8,0,0.0,0,,24.91,35.21,0,0.0,68,,0.95,25.18,6,0.429,104,26 35 43 52 96 104,0.95,31.93,7,0.269,104,14 27 72 77 86 99 104,0.15,32.64,37,0.325,85
73632ddb4a5684503594b3be653e6bff,axial,bottle,1,18.13,18.13,1,1.0,0,0,1.91,26.45,3,0.5,23,0 23 113,4.36,22.25,8,0.571,61,0 9 35 52 61 78 87 113,0.02,30.58,11,0.423,86,0 9 14 23 27 36 86 95 99 108 113,0.02,32.57,40,0.351,86
738646252a89e865bc5cf22809274024,axial,lamp,1,32.04,32.04,0,0.0,0,,5.89,30.24,1,0.167,90,90,2.23,24.69,7,0.5,78,26 52 61 70 78 96 104,5.89,32.5,7,0.269,90,5 18 27 32 77 90 104,0.33,32.73,39,0.342,13
7446fa250adf49c5e7ef9fff09638f8e,axial,bottle,1,50.98,50.98,0,0.0,0,,0.97,28.52,3,0.5,90,23 45 90,5.94,40.03,4,0.286,26,26 61 70 87,0.97,33.63,9,0.346,90,18 23 36 45 50 54 77 90 95,0.08,32.86,41,0.36,37
7467b9892496a83fbf8b9d530de7a108,axial,bottle,1,56.44,56.44,0,0.0,0,,5.86,31.08,3,0.5,90,23 45 90,0.57,40.02,3,0.214,26,26 61 70,5.86,34.16,9,0.346,90,18 23 36 45 50 54 72 77 90,0.02,32.98,37,0.325,62
74d0244fed5504cdb1d85e3f9755b881,axial,bottle,1,65.64,65.64,0,0.0,0,,1.6,35.75,2,0.333,45,45 90,2.8,36.95,4,0.286,61,26 52 61 70,0.41,34.23,8,0.308,77,32 36 45 50 54 72 77 90,0.41,32.98,42,0.368,77
74dff8f0a865368b4a8e02787dff638e,axial,lamp,1,5.93,5.93,1,1.0,0,0,2.68,23.47,3,0.5,90,0 90 113,0.52,21.44,7,0.5,35,0 9 26 35 43 52 113,0.18,30.15,11,0.423,5,0 5 9 14 18 27 77 86 90 99 113,0.11,32.46,39,0.342,112
754634abeb7bffc32977b68653eb2e1e,axial,bowl,1,47.91,47.91,0,0.0,0,,0.96,42.63,1,0.167,45,45,6.35,31.09,5,0.357,17,9 17 35 70 78,0.96,32.81,12,0.462,45,9 14 27 32 41 45 50 54 63 81 86 99,0.5,32.79,37,0.325,94
7565e6eeee63174757354938178674b,axial,bottle,1,7.53,7.53,1,1.0,0,0,7.52,30.08,2,0.333,113,0 113,7.52,43.48,2,0.143,113,0 113,5.63,33.32,8,0.308,63,0 5 50 54 59 63 108 113,1.14,32.67,41,0.36,105
758fb2cab125eb6b153b368d6f14e275,axial,bottle,1,52.86,52.86,0,0.0,0,,2.31,30.56,2,0.333,45,45 90,2.21,36.56,3,0.214,26,26 61 70,2.31,33.97,6,0.231,45,18 32 36 45 77 90,2.18,32.94,36,0.316,21
75afef7dee74151936b0f2a1430e993a,axial,pot,1,26.87,26.87,0,0.0,0,,0.82,25.58,3,0.5,90,23 68 90,6.34,34.75,3,0.214,17,17 26 43,0.52,31.97,9,0.346,77,5 18 23 68 77 81 90 95 108,0.36,32.64,38,0.333,105
75bf30ec68b8477e7099d25c8e75cf58,axial,bottle,1,2.18,2.18,1,1.0,0,0,2.18,21.74,4,0.667,0,0 23 90 113,2.18,20.73,7,0.5,0,0 35 52 61 78 104 113,0.28,30.03,13,0.5,27,0 5 14 18 23 27 86 90 95 99 104 108 113,0.13,32.37,39,0.342,82
75cdbf96a597b57a29a42a0444436860,axial,lamp,1,40.27,40.27,0,0.0,0,,7.95,31.77,1,0.167,90,90,1.45,27.27,7,0.5,96,26 52 61 70 78 96 104,4.79,33.23,5,0.192,32,18 32 77 90 104,1.45,32.88,36,0.316,96
75e788db909c6e07bd4160ae8a5798e4,axial,lamp,1,44.75,44.75,0,0.0,0,,0.3,27.93,3,0.5,23,23 68 90,7.92,36.07,4,0.286,43,17 43 52 87,0.3,33.27,7,0.269,23,23 36 68 77 81 90 95,0.3,32.92,38,0.333,23
7712db835816a52b250241e1ab69b97f,axial,bottle,1,13.85,13.85,1,1.0,0,0,8.51,25.05,4,0.667,23,0 23 90 113,0.1,23.49,7,0.5,104,0 61 70 78 96 104 113,0.1,31.03,13,0.5,104,0 5 18 23 27 32 36 90 95 99 104 108 113,0.1,32.48,41,0.36,104
7746997b8cfd8d11f4718731863dd64d,axial,bottle,1,19.8,19.8,1,1.0,0,0,4.96,33.87,3,0.5,68,0 68 113,10.37,30.8,6,0.429,9,0 9 17 43 104 113,1.11,32.46,9,0.346,81,0 9 14 68 72 81 99 104 113,0.71,32.49,39,0.342,93
77699e08e3824eab47765668cf4023ed,axial,bottle,1,33.87,33.87,0,0.0,0,,8.11,26.93,3,0.5,90,23 68 90,7.1,34.1,4,0.286,43,17 26 43 52,4.49,32.62,8,0.308,95,18 23 68 77 81 90 95 108,0.3,32.82,38,0.333,12
77a2242bf4ea8f9fc02fe00a7187a6a9,axial,bottle,1,27.98,27.98,0,0.0,0,,3.49,37.24,1,0.167,68,68,4.78,31.22,4,0.286,104,9 43 96 104,0.1,32.2,9,0.346,81,9 14 59 68 72 81 86 99 104,0.1,32.63,40,0.351,81
77c9a8391c708ae5940806ade53ef2f,axial,bottle,1,20.78,20.78,0,0.0,0,,4.19,34.31,1,0.167,45,45,10.67,31.04,4,0.286,104,9 70 96 104,1.51,32.47,8,0.308,32,9 14 32 41 45 54 99 104,0.46,32.51,39,0.342,92
782aa72e7f14975b39d764edb37837d3,axial,bowl,1,30.63,30.63,0,0.0,0,,16.32,33.02,1,0.167,90,90,0.72,23.48,6,0.429,26,26 35 52 78 96 104,0.02,31.77,8,0.308,27,14 18 27 77 86 90 99 104,0.02,32.67,39,0.342,27
78d707f4d87b5bfd730ff85f0d8004ee,axial,bottle,1,21.58,21.58,0,0.0,0,,15.94,39.06,1,0.167,68,68,0.95,34.13,4,0.286,9,9 17 96 104,0.95,33.25,10,0.385,9,9 14 50 59 63 68 72 81 99 104,0.07,32.49,43,0.377,38
78f5db072e28145db1e647730e72f91c,axial,bottle,1,10.14,10.14,1,1.0,0,0,4.26,23.99,3,0.5,23,0 23 113,6.77,21.64,7,0.5,61,0 9 35 52 61 78 113,0.56,29.97,11,0.423,108,0 9 14 23 27 36 86 95 99 108 113,0.56,32.49,42,0.368,108
78f85448752ae2963873cf6e670bb8b6,axial,lamp,1,14.19,14.19,1,1.0,0,0,10.31,25.14,4,0.667,90,0 23 90 113,0.59,23.04,7,0.5,9,0 9 17 35 43 52 113,0.59,31.04,13,0.5,9,0 5 9 14 18 23 77 81 86 90 95 108 113,0.32,32.45,43,0.377,94
79041f47579a9e3f3c8d0fdfb1cc2535,axial,lamp,1,3.93,3.93,1,1.0,0,0,3.93,22.28,4,0.667,0,0 23 90 113,3.93,20.97,7,0.5,0,0 35 52 61 78 104 113,1.94,30.05,13,0.5,99,0 5 14 18 23 27 86 90 95 99 104 108 113,0.0,32.37,41,0.36,31
7919df48b23e61ba6739a7caa0c577bd,axial,ashcan,1,8.35,8.35,1,1.0,0,0,8.35,23.61,4,0.667,0,0 23 90 113,3.25,21.5,6,0.429,78,0 52 61 78 104 113,4.41,30.82,13,0.5,27,0 5 14 18 23 27 86 90 95 99 104 108 113,0.39,32.57,39,0.342,111
798028b70ab2a1d529c726e7d66b139d,axial,lamp,1,63.11,63.11,0,0.0,0,,15.06,42.23,2,0.333,45,45 68,1.72,30.9,6,0.429,78,35 43 52 70 78 96,0.17,34.05,8,0.308,32,27 32 45 50 59 68 72 86,0.17,32.96,36,0.316,32
7980922e83b5461febe67d9b32c3ddf8,axial,bottle,1,59.92,59.92,0,0.0,0,,0.19,42.98,2,0.333,45,45 68,3.95,31.24,5,0.357,78,17 35 43 70 78,0.19,32.52,12,0.462,45,14 27 32 41 45 50 54 59 63 68 81 86,0.19,32.84,41,0.36,45
799397068de1ae1c4587d6a85176d7a0,axial,bottle,1,76.92,76.92,0,0.0,0,,1.38,42.99,2,0.333,45,45 68,1.54,33.27,6,0.429,70,35 43 52 61 70 78,1.38,33.95,11,0.423,45,27 32 45 50 54 59 63 68 72 81 86,0.36,33.09,40,0.351,51
7995c6a5838e12ed447eea2e92abe28f,axial,bowl,1,2.6,2.6,1,1.0,0,0,2.6,29.53,2,0.333,113,0 113,2.6,41.58,3,0.214,113,0 17 113,0.4,32.88,7,0.269,63,0 5 50 59 63 108 113,0.4,32.5,42,0.368,63
7b2b1c24a60bcfab2cd2160e449d45ae,axial,lamp,1,24.65,24.65,0,0.0,0,,0.32,27.2,1,0.167,23,23,0.82,23.52,7,0.5,35,9 17 35 43 52 61 87,0.32,31.47,8,0.308,23,9 14 23 36 81 86 95 108,0.32,32.59,37,0.325,23
7b407dedd933e3812f59b845f0db2ab3,axial,ashcan,1,27.05,27.05,0,0.0,0,,8.14,27.49,2,0.333,68,68 90,0.39,39.89,2,0.143,26,17 26,2.92,33.24,9,0.346,108,5 18 59 68 72 77 90 95 108,0.11,32.66,39,0.342,7
7bebdd742342ba93febad4f49b26ec52,axial,lamp,1,0.25,0.25,1,1.0,0,0,0.24,24.06,4,0.667,113,0 68 90 113,0.24,24.11,8,0.571,113,0 9 17 26 35 43 52 113,0.24,30.5,10,0.385,113,0 5 9 14 18 68 77 81 90 113,0.19,32.38,40,0.351,60
7c1303d3a19a1cef51f77a6d7299806,axial,pot,1,62.06,62.06,0,0.0,0,,12.56,39.57,1,0.167,68,68,2.83,31.46,6,0.429,61,17 35 43 52 61 87,4.09,34.42,4,0.154,81,36 41 68 81,1.55,33.01,39,0.342,84
7c43116dbe35797aea5000d9d3be7992,axial,bowl,1,57.48,57.48,0,0.0,0,,8.33,35.19,2,0.333,45,45 90,1.68,32.85,6,0.429,70,26 52 61 70 78 96,2.15,34.25,5,0.192,77,32 45 72 77 90,0.6,32.92,39,0.342,85
7c86cdecd3b2d29125ebd1cd0b422e32,axial,pot,1,40.43,40.43,0,0.0,0,,3.1,29.88,2,0.333,90,45 90,0.75,29.47,6,0.429,61,26 52 61 70 78 96,0.87,33.01,5,0.192,32,18 32 45 77 90,0.45,32.74,39,0.342,16
7d41c6018862dc419d231837a704886d,axial,bottle,1,16.65,16.65,1,1.0,0,0,16.65,29.75,2,0.333,113,0 113,16.65,44.02,3,0.214,113,0 26 113,0.73,32.99,7,0.269,5,0 5 59 63 72 108 113,0.73,32.66,39,0.342,5
7d45da94216b4056a05876905ab3aec3,axial,pot,1,55.8,55.8,0,0.0,0,,10.81,35.32,2,0.333,68,23 68,0.69,31.85,6,0.429,43,17 35 43 52 61 87,2.09,34.17,5,0.192,36,23 36 41 68 81,0.19,32.9,41,0.36,28
7e1b27b8df1f9ae8ae868ec20dc7b43,axial,ashcan,1,8.94,8.94,1,1.0,0,0,8.17,23.73,4,0.667,23,0 23 90 113,8.39,21.57,7,0.5,35,0 9 35 52 61 78 113,0.29,30.26,13,0.5,86,0 5 9 14 18 23 27 86 90 95 99 108 113,0.29,32.51,40,0.351,86
7e4905eb4670c6df2f939979b0dbf5d5,axial,lamp,1,1.14,1.14,1,1.0,0,0,1.14,26.39,3,0.5,113,0 45 113,1.14,33.36,5,0.357,113,0 87 96 104 113,1.14,32.06,8,0.308,113,0 32 41 45 54 104 108 113,0.68,32.44,40,0.351,79
7e61de32ddbb59c89450c010f9b3ff4a,axial,lamp,1,10.36,10.36,1,1.0,0,0,10.36,34.73,2,0.333,0,0 113,9.57,38.44,6,0.429,17,0 9 17 96 104 113,2.0,33.33,7,0.269,63,0 9 50 59 63 104 113,0.23,32.42,41,0.36,112
7ed1eb89d5463580a2c59a4d90e63212,axial,bowl,1,47.26,47.26,0,0.0,0,,8.7,32.25,2,0.333,90,45 90,0.91,30.54,6,0.429,61,26 52 61 70 78 96,3.94,33.73,5,0.192,32,18 32 45 77 90,0.91,32.88,39,0.342,61
8026b11c2f66d77ed5a4ff0c97164231,axial,ashcan,1,39.27,39.27,0,0.0,0,,9.26,40.25,1,0.167,68,68,2.67,29.33,4,0.286,43,35 43 96 104,0.75,32.41,9,0.346,72,14 27 59 68 72 81 86 99 104,0.75,32.83,38,0.333,72
804092c488e7c8e420d3c05c08e26f,axial,bowl,1,41.9,41.9,0,0.0,0,,23.54,36.64,0,0.0,90,,2.74,25.87,6,0.429,96,26 35 52 78 96 104,5.58,33.23,7,0.269,77,27 32 72 77 86 99 104,0.28,32.79,39,0.342,85
80608e58db79d4d83b722c86abee0751,axial,bowl,1,52.04,52.04,0,0.0,0,,11.67,44.98,2,0.333,68,45 68,14.41,32.33,6,0.429,35,17 35 43 70 78 96,0.43,32.5,12,0.462,50,14 27 32 45 50 54 59 63 68 81 86 99,0.23,32.8,40,0.351,30
8064580d3a225366ecbab50f1720e223,axial,lamp,1,25.22,25.22,0,0.0,0,,0.16,27.3,1,0.167,90,90,1.32,23.71,7,0.5,78,26 52 61 70 78 96 104,0.16,31.55,8,0.308,90,5 18 27 32 77 90 99 104,0.16,32.59,38,0.333,90
8099b9d546231dd27b9c6deef486a7d8,axial,bottle,1,37.27,37.27,0,0.0,0,,6.78,27.36,3,0.5,23,23 68 90,6.72,34.48,4,0.286,43,17 43 52 87,0.98,32.76,8,0.308,95,18 23 68 77 81 90 95 108,0.98,32.84,37,0.325,95
80a3b56c86f906e5f913a7c27a7e15b9,axial,bottle,1,47.18,47.18,0,0.0,0,,6.86,42.13,1,0.167,45,45,3.06,29.84,5,0.357,70,9 17 35 70 78,2.52,32.92,10,0.385,27,9 14 27 32 41 45 54 81 86 99,0.44,32.82,40,0.351,25
80a5ce76688700a2fdd36147bc6b8031,axial,lamp,1,18.24,18.24,1,1.0,0,0,15.02,37.24,3,0.5,45,0 45 113,1.09,34.58,6,0.429,104,0 9 17 96 104 113,1.09,33.23,10,0.385,104,0 9 32 41 45 50 54 99 104 113,0.49,32.46,42,0.368,71
8111c4fa78c69d7925ebd1cd0b422e32,axial,pot,1,47.58,47.58,0,0.0,0,,19.53,40.46,1,0.167,68,68,2.0,27.94,6,0.429,96,35 43 52 78 96 104,0.19,33.16,9,0.346,27,14 27 32 68 72 77 86 99 104,0.01,32.74,39,0.342,60
819795e285ea031625ebd1cd0b422e32,axial,pot,1,55.26,55.26,0,0.0,0,,1.63,29.81,2,0.333,90,23 90,0.42,43.23,2,0.143,26,26 87,0.16,32.75,12,0.462,50,18 23 36 41 50 54 59 63 72 77 90 95,0.07,32.93,37,0.325,85
81a04a676ff96a94b93fc2b66c6b86b6,axial,ashcan,1,20.03,20.03,0,0.0,0,,18.06,38.64,1,0.167,68,68,1.18,34.54,4,0.286,9,9 17 96 104,1.18,33.31,8,0.308,9,9 14 50 59 63 68 72 104,0.28,32.49,40,0.351,102
81bbf3134d1ca27a58449bd132e3a3fe,axial,bottle,1,25.11,25.11,0,0.0,0,,7.81,27.55,2,0.333,68,68 90,0.76,39.61,2,0.143,26,17 26,0.98,33.18,9,0.346,108,5 18 59 68 72 77 90 95 108,0.19,32.65,40,0.351,12
8261f96cc33ddb264a7f20ad39e7a642,axial,lamp,1,3.96,3.96,1,1.0,0,0,3.96,25.47,3,0.5,113,0 23 113,3.43,24.0,7,0.5,87,0 61 70 78 87 104 113,1.86,31.0,11,0.423,36,0 14 23 27 32 36 95 99 104 108 113,0.26,32.42,41,0.36,91
8306708f6aed84dee47222ca7f3cc9f6,axial,pot,1,29.44,29.44,0,0.0,0,,6.94,40.57,1,0.167,45,45,2.45,32.6,5,0.357,9,9 17 70 96 104,2.45,33.1,9,0.346,9,9 14 32 41 45 50 54 99 104,0.09,32.62,40,0.351,33
8309e710832c07f91082f2ea630bf69e,axial,bottle,1,32.57,32.57,0,0.0,0,,5.49,27.13,3,0.5,23,23 45 90,3.97,40.69,2,0.143,87,87 96,0.86,33.1,10,0.385,95,5 18 23 36 41 45 54 90 95 108,0.68,32.75,39,0.342,75
83620edd3ecbce0de3bf00cc25b4223,axial,bottle,1,59.51,59.51,0,0.0,0,,5.89,31.89,2,0.333,90,23 90,3.89,43.08,2,0.143,26,26 87,1.3,32.82,12,0.462,54,18 23 36 41 50 54 59 63 72 77 90 95,0.28,32.97,41,0.36,34
8425fcfab0cd9e601f0d826a92e0299f,axial,lamp,1,24.87,24.87,0,0.0,0,,15.19,35.0,1,0.167,68,68,0.27,27.56,5,0.357,43,9 26 35 43 104,1.01,32.29,10,0.385,14,9 14 27 68 72 77 81 86 99 104,0.27,32.59,37,0.325,43
845542d0f578a9db1ec48bc3c478566d,axial,lamp,1,7.79,7.79,1,1.0,0,0,7.78,23.41,4,0.667,113,0 23 90 113,7.78,21.44,7,0.5,113,0 9 35 52 61 78 113,1.46,30.2,13,0.5,86,0 5 9 14 18 23 27 86 90 95 99 108 113,0.05,32.46,40,0.351,48
8458e5a34c67958130f549f12038e49a,axial,bottle,1,63.32,63.32,0,0.0,0,,14.09,41.4,1,0.167,68,68,4.98,31.26,7,0.5,35,17 35 43 52 61 70 78,0.99,34.17,7,0.269,41,36 41 54 63 68 81 86,0.05,32.87,44,0.386,66
84bc4006535545fad2986c98896facaa,axial,bottle,1,73.96,73.96,0,0.0,0,,4.3,42.76,2,0.333,45,45 68,1.47,33.25,6,0.429,70,35 43 52 61 70 78,4.3,34.49,9,0.346,45,27 32 45 50 54 59 63 68 72,1.19,33.03,39,0.342,48
859182efd11b40669018dc7bde518d9,axial,lamp,1,3.64,3.64,1,1.0,0,0,3.63,22.19,4,0.667,113,0 23 90 113,2.01,20.84,5,0.357,52,0 9 35 52 113,3.63,30.48,14,0.538,113,0 5 9 14 18 23 27 77 86 90 95 99 108 113,0.05,32.42,38,0.333,103
85b3f0b7d9968d79664b3b9b23ddfcbc,axial,lamp,1,62.04,62.04,0,0.0,0,,8.92,43.16,2,0.333,45,45 68,2.83,30.54,5,0.357,70,17 35 43 70 78,2.22,33.71,10,0.385,81,27 32 41 45 50 54 63 68 81 86,0.16,32.93,37,0.325,40
85f0a7c268fd095cfcb8d8c6d4df8143,axial,lamp,1,8.03,8.03,1,1.0,0,0,4.34,24.75,3,0.5,23,0 23 113,1.18,25.23,8,0.571,104,0 61 70 78 87 96 104 113,1.18,30.69,9,0.346,104,0 5 23 32 36 95 104 108 113,1.18,32.51,38,0.333,104
8675c75413c9938dccf149c7b4065e,axial,ashcan,1,28.25,28.25,0,0.0,0,,9.63,30.76,1,0.167,90,90,1.27,23.04,7,0.5,52,26 35 52 61 78 96 104,3.25,31.85,9,0.346,104,5 14 18 27 77 86 90 99 104,0.29,32.63,38,0.333,13
86d7a728dc35d634f800b597bc1c1eb5,axial,lamp,1,51.26,51.26,0,0.0,0,,5.7,42.72,1,0.167,68,68,3.07,30.26,5,0.357,43,35 43 78 96 104,0.23,32.94,11,0.423,86,14 27 32 50 59 68 72 81 86 99 104,0.06,32.79,38,0.333,42
8707d78855e8cce1ed51290fb4dc2857,axial,bottle,1,19.83,19.83,1,1.0,0,0,19.82,31.58,2,0.333,113,0 113,3.93,24.52,7,0.5,87,0 9 61 70 78 87 113,1.44,31.86,10,0.385,99,0 9 14 27 32 36 86 99 108 113,1.12,32.59,38,0.333,110
882d477872fd88347df6165146d5bbd,axial,bottle,1,21.14,21.14,0,0.0,0,,11.83,33.96,1,0.167,45,45,3.55,28.65,5,0.357,70,9 70 78 87 104,5.51,32.48,8,0.308,32,9 14 27 32 41 45 99 104,0.19,32.52,38,0.333,91
883ace957dbb32e7846564a8a219239b,axial,bottle,1,2.31,2.31,1,1.0,0,0,0.85,25.32,3,0.5,45,0 45 113,2.31,32.55,6,0.429,0,0 70 87 96 104 113,0.85,31.89,7,0.269,45,0 32 41 45 104 108 113,0.33,32.42,36,0.316,100
8843ee2b220a702e5dac14d8f50c13f3,axial,lamp,1,60.04,60.04,0,0.0,0,,7.13,32.43,3,0.5,90,23 45 90,2.81,41.93,3,0.214,26,26 61 87,4.6,33.81,12,0.462,36,18 23 36 41 45 50 54 59 72 77 90 95,0.28,32.96,40,0.351,31
892900c66731d9c473ab7b7128d466a2,axial,lamp,1,18.06,18.06,1,1.0,0,0,4.08,26.5,4,0.667,90,0 68 90 113,2.48,30.73,6,0.429,17,0 9 17 26 43 113,0.21,31.5,11,0.423,77,0 5 9 18 68 77 81 90 95 108 113,0.1,32.6,38,0.333,30
8935987356200f8d84f9e9db2fdf33bb,axial,lamp,1,56.44,56.44,0,0.0,0,,2.8,30.42,2,0.333,90,23 90,0.51,43.08,2,0.143,26,26 87,0.58,32.86,12,0.462,50,18 23 36 41 50 54 59 63 72 77 90 95,0.51,32.94,38,0.333,26
896abd405c79547086485c798787f66b,axial,lamp,1,7.92,7.92,1,1.0,0,0,6.58,23.48,4,0.667,23,0 23 90 113,2.27,22.1,6,0.429,61,0 61 70 78 104 113,5.98,30.88,14,0.538,104,0 5 14 18 23 27 32 36 90 95 99 104 108 113,0.88,32.5,40,0.351,10
899af991203577f019790c8746d79a6f,axial,bowl,1,39.86,39.86,0,0.0,0,,1.07,27.04,3,0.5,90,23 68 90,6.77,42.03,2,0.143,26,26 87,1.07,33.08,10,0.385,90,18 23 59 63 68 72 77 90 95 108,1.07,32.86,39,0.342,90
89cb9b2ad175b833cadf6344ec272e8,axial,lamp,1,85.27,85.27,0,0.0,0,,7.16,44.86,2,0.333,68,45 68,7.75,36.41,6,0.429,61,35 43 52 61 70 78,0.9,34.72,7,0.269,54,41 45 50 54 59 63 68,0.68,33.15,37,0.325,58
8a23e8ae357fa2b71920da6870de352,axial,bottle,1,60.11,60.11,0,0.0,0,,17.74,41.55,1,0.167,68,68,1.01,30.27,6,0.429,35,17 35 43 61 70 78,1.05,34.01,7,0.269,41,27 36 41 54 68 81 86,0.1,32.87,40,0.351,33
8adc0ce79962ac2021072d05c97a5e0a,axial,bottle,1,35.23,35.23,0,0.0,0,,21.99,35.24,0,0.0,23,,6.37,24.92,7,0.5,9,9 17 35 61 70 78 87,0.13,32.36,6,0.231,86,9 14 27 36 86 99,0.13,32.77,39,0.342,86
8aeb546f0381df6e97b6ee740552021c,axial,bottle,1,9.59,9.59,1,1.0,0,0,8.18,23.92,4,0.667,23,0 23 90 113,7.63,21.64,7,0.5,35,0 9 35 52 61 78 113,0.52,30.33,13,0.5,86,0 5 9 14 18 23 27 86 90 95 99 108 113,0.16,32.54,41,0.36,82
8b60bb548c0813a7e420612cf7bb547c,axial,lamp,1,59.66,59.66,0,0.0,0,,6.34,32.15,3,0.5,90,23 45 90,2.72,42.38,3,0.214,26,26 61 87,2.36,33.48,12,0.462,36,18 23 36 41 45 50 54 59 72 77 90 95,0.19,32.94,41,0.36,82
8b7933b0376cea4a1efe98244cb8c300,axial,bottle,1,64.16,64.16,0,0.0,0,,10.38,43.14,2,0.333,45,45 68,1.36,30.82,5,0.357,35,17 35 43 70 78,0.14,33.87,10,0.385,81,27 32 41 45 50 54 63 68 81 86,0.14,32.97,38,0.333,81
8b90aa9f4418c75452dd9cc5bac31c96,axial,bowl,1,12.05,12.05,1,1.0,0,0,12.05,33.95,3,0.5,113,0 45 113,1.15,35.4,5,0.357,96,0 9 96 104 113,4.31,33.19,8,0.308,54,0 9 41 45 50 54 104 113,0.93,32.41,38,0.333,24
8bb057d18e2fcc4779368d1198f406e7,axial,bowl,1,77.11,77.11,0,0.0,0,,14.6,40.3,1,0.167,45,45,5.91,39.82,2,0.143,61,52 61,2.45,34.11,9,0.346,50,36 41 45 50 54 59 63 72 77,0.35,33.18,38,0.333,69
8c4ca1f645def5efd5cb6d178687b980,axial,lamp,1,41.3,41.3,0,0.0,0,,22.05,36.18,0,0.0,90,,3.06,25.63,6,0.429,96,26 35 52 78 96 104,4.09,33.18,7,0.269,77,27 32 72 77 86 99 104,0.74,32.79,40,0.351,91
8c8ab9d274bf85bd7054f829b1ba8eb5,axial,lamp,1,13.31,13.31,1,1.0,0,0,13.31,30.23,2,0.333,113,0 113,13.31,44.71,2,0.143,113,0 113,0.28,33.24,8,0.308,50,0 5 41 50 54 63 108 113,0.07,32.51,40,0.351,7
8cd9b10f611ac28e866a1445c8fba9da,axial,bottle,1,2.74,2.74,1,1.0,0,0,2.73,25.32,4,0.667,113,0 68 90 113,0.96,25.95,6,0.429,9,0 9 17 26 43 113,0.61,30.78,10,0.385,5,0 5 9 18 68 77 81 90 108 113,0.44,32.43,39,0.342,111
8d1f575e9223b28b8183a4a81361b94,axial,bowl,1,12.64,12.64,1,1.0,0,0,12.63,28.73,3,0.5,113,0 23 113,0.47,23.9,8,0.571,87,0 9 61 70 78 87 104 113,2.97,31.68,12,0.462,36,0 9 14 23 27 32 36 95 99 104 108 113,0.47,32.57,36,0.316,87
8d27a39b1a33dcf9660045a6e369fc9f,axial,bottle,1,33.37,33.37,0,0.0,0,,18.35,30.15,2,0.333,90,23 90,15.29,46.6,2,0.143,26,26 87,7.86,34.29,12,0.462,63,5 18 23 41 50 54 59 63 72 90 95 108,1.13,32.84,41,0.36,103
8d2c6ce685eb1fd9368b14e48c164a6e,axial,pot,1,39.08,39.08,0,0.0,0,,4.34,30.35,1,0.167,23,23,2.19,28.08,6,0.429,17,17 35 43 52 61 87,2.52,33.0,4,0.154,81,23 36 81 95,1.55,32.82,36,0.316,12
8d457deaf22394da65c5c31ac688ec4,axial,bowl,1,20.95,20.95,0,0.0,0,,20.95,30.45,0,0.0,113,,20.95,46.29,0,0.0,113,,0.55,33.36,7,0.269,5,5 50 54 59 63 72 108,0.55,32.61,39,0.342,5
8d61e7c8fc9d989d1f30b807ae39b61d,axial,lamp,1,39.82,39.82,0,0.0,0,,12.12,29.67,2,0.333,90,23 90,9.79,45.91,2,0.143,26,26 87,5.8,33.89,12,0.462,18,5 18 23 41 50 54 59 63 72 90 95 108,0.0,32.92,38,0.333,42
8d75c3c065fa3c7055f46d55537192b6,axial,bowl,1,11.9,11.9,1,1.0,0,0,11.9,35.52,2,0.333,0,0 113,8.62,37.98,6,0.429,17,0 9 17 96 104 113,1.86,33.37,7,0.269,63,0 9 50 59 63 104 113,1.27,32.5,41,0.36,29
8e8f964be5bea1068616812464c86290,axial,lamp,1,1.8,1.8,1,1.0,0,0,1.79,25.92,3,0.5,113,0 45 113,1.72,28.75,6,0.429,104,0 70 87 96 104 113,1.72,31.45,8,0.308,104,0 32 36 41 45 104 108 113,0.97,32.41,38,0.333,66
8fdfdb325c5239e798e0d1738edd4f19,axial,lamp,1,25.85,25.85,0,0.0,0,,22.78,41.8,0,0.0,68,,1.04,33.23,4,0.286,9,9 17 96 104,1.04,33.16,7,0.269,9,9 14 50 59 63 99 104,0.56,32.53,41,0.36,6
9012b03ddb6d9a3dfbe67b89c7bdca4f,axial,bottle,1,26.78,26.78,0,0.0,0,,8.58,27.36,2,0.333,23,23 90,4.75,27.34,5,0.357,52,9 17 35 43 52,3.8,32.0,8,0.308,95,9 18 23 77 81 90 95 108,0.42,32.74,37,0.325,31
908e85e13c6fbde0a1ca08763d503f0e,axial,bottle,1,64.15,64.15,0,0.0,0,,6.63,43.23,2,0.333,68,45 68,1.38,30.71,4,0.286,43,35 43 70 78,0.15,33.59,10,0.385,32,27 32 45 50 59 63 68 72 81 86,0.06,32.88,38,0.333,55
90e4219f897af979cbde89e0c48a01bf,axial,lamp,1,12.62,12.62,1,1.0,0,0,12.16,28.34,3,0.5,68,0 68 113,10.85,39.94,4,0.286,17,0 17 26 113,1.12,32.83,7,0.269,5,0 5 59 68 72 108 113,0.26,32.56,39,0.342,34
912a49eeda6cd8c5e3c462ac6e0f506f,axial,bottle,1,56.32,56.32,0,0.0,0,,13.43,42.47,1,0.167,45,45,2.97,29.76,5,0.357,78,17 35 43 70 78,3.79,33.6,8,0.308,86,27 32 41 45 54 63 81 86,0.69,32.92,37,0.325,40
913ff6452d0ea43c9d62807daf4a2134,axial,lamp,1,39.76,39.76,0,0.0,0,,12.02,45.15,1,0.167,45,45,3.95,32.44,4,0.286,17,9 17 96 104,0.06,33.13,12,0.462,99,9 14 27 32 45 50 54 63 81 86 99 104,0.06,32.79,39,0.342,99
914a91528ef40e7bf7248d9dbed7a7b8,axial,lamp,1,64.51,64.51,0,0.0,0,,6.83,34.89,2,0.333,68,23 68,7.59,39.4,4,0.286,87,43 52 61 87,3.02,34.26,7,0.269,36,23 36 41 59 63 68 77,0.26,33.09,36,0.316,51
917fd3e68de79bf69ece21a0b0786a69,axial,bottle,1,32.19,32.19,0,0.0,0,,0.88,28.56,1,0.167,90,90,3.74,26.22,7,0.5,61,26 52 61 70 78 96 104,0.88,32.37,7,0.269,90,5 18 27 32 77 90 104,0.88,32.76,39,0.342,90
91e4df396135fc1e368b14e48c164a6e,axial,pot,1,60.39,60.39,0,0.0,0,,2.39,34.27,2,0.333,45,45 90,2.5,35.62,4,0.286,61,26 52 61 70,2.39,34.27,6,0.231,45,32 45 50 72 77 90,0.27,32.91,39,0.342,53
91e6349193ef212d14b9fab7373cf259,axial,pot,1,22.34,22.34,0,0.0,0,,17.93,39.75,1,0.167,45,45,0.59,34.06,4,0.286,104,9 17 96 104,0.59,33.3,9,0.346,104,9 14 41 45 50 54 63 99 104,0.34,32.5,44,0.386,97
92472817f72dd619467ca2ad6571afff,axial,bottle,1,27.19,27.19,0,0.0,0,,24.12,34.51,0,0.0,45,,3.43,25.38,6,0.429,78,9 17 61 70 78 87,0.05,31.91,8,0.308,14,9 14 27 32 36 41 86 99,0.05,32.65,39,0.342,14
92a918828b34ab9372652f4081ec5a77,axial,pot,1,7.14,7.14,1,1.0,0,0,7.14,27.66,4,0.667,113,0 23 45 113,0.28,25.46,6,0.429,70,0 70 78 87 104 113,6.51,31.72,12,0.462,32,0 14 23 27 32 36 45 95 99 104 108 113,0.28,32.45,41,0.36,70
92f04b8d36c98d18221d647283ba1e26,axial,bowl,1,7.55,7.55,1,1.0,0,0,3.68,24.23,3,0.5,90,0 90 113,1.09,21.63,8,0.571,35,0 9 26 35 43 52 104 113,0.57,30.22,12,0.462,14,0 5 9 14 18 27 77 86 90 99 104 113,0.57,32.5,39,0.342,14
932b6e28eac69cf8ffc6e457221b9271,axial,pot,1,8.11,8.11,1,1.0,0,0,6.07,30.23,3,0.5,45,0 45 113,4.18,33.69,4,0.286,104,0 96 104 113,0.26,32.45,8,0.308,41,0 32 41 45 54 104 108 113,0.26,32.42,39,0.342,41
934981825fbc4e14ff458e602ebccbb0,axial,lamp,1,67.61,67.61,0,0.0,0,,3.32,36.57,2,0.333,45,45 90,3.11,37.46,4,0.286,61,26 52 61 70,1.64,34.29,8,0.308,77,36 45 50 54 59 72 77 90,0.49,33.05,40,0.351,39
9358ffb1bae027166aea2f18ee404fd5,axial,lamp,1,2.31,2.31,1,1.0,0,0,2.3,25.53,3,0.5,113,0 68 113,2.3,29.87,6,0.429,113,0 9 17 26 43 113,2.3,31.59,9,0.346,113,0 5 9 18 68 72 77 81 113,0.3,32.42,41,0.36,30
935b737dca29fbf4ef026123226f5519,axial,bottle,1,28.22,28.22,0,0.0,0,,2.9,26.14,3,0.5,23,23 45 90,4.82,33.46,4,0.286,96,61 70 87 96,2.9,32.17,8,0.308,23,5 18 23 32 36 45 90 95,0.04,32.7,38,0.333,8
93c837235aa98a7ee685b534d1dbc410,axial,pot,1,19.72,19.72,1,1.0,0,0,11.37,26.31,4,0.667,90,0 23 90 113,2.11,24.68,7,0.5,61,0 61 70 78 96 104 113,2.38,31.45,11,0.423,5,0 5 18 23 27 32 36 90 95 104 113,0.91,32.61,42,0.368,82
940b9e91a4a32a4130612f5c0ef21eb8,axial,bottle,1,48.35,48.35,0,0.0,0,,25.73,37.96,0,0.0,23,,0.86,27.22,7,0.5,35,9 17 35 43 61 78 87,7.36,33.8,6,0.231,36,9 27 36 41 81 86,0.86,32.89,37,0.325,35
941271c5d9b192eaccd8f9b9403fd602,axial,lamp,1,88.03,88.03,0,0.0,0,,9.83,45.46,2,0.333,45,45 68,5.02,37.41,4,0.286,52,43 52 61 70,1.04,34.94,8,0.308,59,41 45 50 54 59 63 68 72,0.28,33.2,38,0.333,55
948e374b08979da230612f5c0ef21eb8,axial,bottle,1,41.67,41.67,0,0.0,0,,27.42,37.54,0,0.0,23,,3.62,26.31,7,0.5,17,9 17 35 61 70 78 87,2.01,33.08,7,0.269,86,9 14 27 36 41 81 86,0.13,32.79,39,0.342,92
94940283714fdff6244ba644cf33cb2e,axial,lamp,1,70.81,70.81,0,0.0,0,,2.1,38.2,1,0.167,45,45,0.66,36.37,4,0.286,61,26 52 61 70,2.1,34.39,7,0.269,45,32 45 50 54 59 72 77,0.45,33.11,42,0.368,53
94ca5c31d2ba70f42cd2160e449d45ae,axial,lamp,1,19.17,19.17,1,1.0,0,0,12.79,29.69,3,0.5,23,0 23 113,2.86,22.8,8,0.571,78,0 9 35 61 70 78 87 113,0.2,30.95,11,0.423,27,0 9 14 23 27 36 86 95 99 108 113,0.2,32.47,43,0.377,27
94dc988b968844c944c183864792bc2b,axial,pot,1,33.95,33.95,0,0.0,0,,25.77,35.88,0,0.0,23,,3.15,25.26,7,0.5,78,9 17 35 61 70 78 87,3.54,32.3,7,0.269,27,9 14 27 36 41 86 99,0.25,32.72,37,0.325,28
94eae2316754482627d265f13671170a,axial,lamp,1,9.22,9.22,1,1.0,0,0,8.24,29.23,3,0.5,68,0 68 113,4.32,29.08,6,0.429,9,0 9 17 26 43 113,1.19,32.01,9,0.346,81,0 5 9 14 68 72 77 81 113,0.42,32.55,40,0.351,112
94fdbb748526dae4ea2d70ab68cd1d2,axial,lamp,1,53.92,53.92,0,0.0,0,,9.84,44.72,2,0.333,68,45 68,12.37,32.19,5,0.357,35,35 43 70 78 96,0.08,32.34,12,0.462,50,14 27 32 45 50 54 59 63 68 81 86 99,0.08,32.86,39,0.342,50
950d6ca1d2b53ce52f71dfd07ef088cf,axial,bottle,1,25.04,25.04,0,0.0,0,,22.84,33.99,0,0.0,45,,5.5,25.67,4,0.286,78,9 70 78 87,2.52,32.04,8,0.308,14,9 14 27 32 36 41 86 99,0.58,32.66,36,0.316,105
955143d7f0b5c70fef76898f881b76a,axial,lamp,1,38.4,38.4,0,0.0,0,,12.8,33.2,1,0.167,23,23,1.35,24.92,7,0.5,87,9 17 35 43 52 61 87,5.34,33.09,6,0.231,36,9 23 36 81 86 95,0.43,32.75,38,0.333,12
957f897018c8c387b79156a61ad4c01,axial,bottle,1,40.99,40.99,0,0.0,0,,4.15,28.22,3,0.5,90,23 68 90,2.16,43.57,2,0.143,26,26 87,1.38,33.15,10,0.385,18,18 23 59 63 68 72 77 90 95 108,0.45,32.85,40,0.351,92
95ac294f47fd7d87e0b49f27ced29e3,axial,bowl,1,68.69,68.69,0,0.0,0,,15.09,36.3,2,0.333,23,23 90,12.84,42.0,4,0.286,87,26 52 61 87,0.74,33.05,10,0.385,36,23 36 41 50 54 59 63 72 77 90,0.54,33.07,38,0.333,39
960c5c5bff2d3a4bbced73c51e99f8b2,axial,bowl,1,13.14,13.14,1,1.0,0,0,13.14,28.89,3,0.5,113,0 68 113,13.14,41.34,4,0.286,113,0 17 26 113,0.23,32.84,8,0.308,72,0 5 59 63 68 72 108 113,0.17,32.51,39,0.342,97
970027a2c9f1de88c123147a914238ea,axial,bottle,1,2.1,2.1,1,1.0,0,0,2.1,30.49,2,0.333,0,0 113,2.1,40.44,3,0.214,0,0 96 113,0.8,32.9,5,0.192,50,0 50 54 63 113,0.8,32.41,38,0.333,50
9749404078fe4a8b6afaa22adc38077c,axial,lamp,1,34.86,34.86,0,0.0,0,,4.34,27.2,3,0.5,23,23 45 90,4.56,41.29,1,0.071,87,87,0.46,33.1,10,0.385,95,5 18 23 36 41 45 50 54 90 95,0.46,32.81,38,0.333,95
98636fb562413a10dd999d2409f5212c,axial,lamp,1,40.11,40.11,0,0.0,0,,5.17,43.56,1,0.167,45,45,0.77,31.72,5,0.357,17,9 17 70 78 104,0.05,32.79,12,0.462,14,9 14 27 32 41 45 50 54 63 86 99 104,0.05,32.67,39,0.342,14
98d3408054ab409fd261c3d31246fed3,axial,bowl,1,27.38,27.38,0,0.0,0,,12.51,41.18,1,0.167,45,45,3.63,33.21,4,0.286,9,9 17 96 104,0.18,33.25,10,0.385,54,9 14 32 41 45 50 54 63 99 104,0.18,32.61,42,0.368,54
98d9619ca934b01df51f77a6d7299806,axial,lamp,1,34.63,34.63,0,0.0,0,,0.32,25.4,3,0.5,68,23 68 90,13.08,37.71,3,0.214,26,17 26 43,0.32,32.47,8,0.308,68,18 23 68 77 81 90 95 108,0.32,32.8,37,0.325,68
98f2bdf417a15ceaa5d6dc096343ac63,axial,bottle,1,70.85,70.85,0,0.0,0,,7.36,42.61,2,0.333,45,45 68,4.07,32.68,6,0.429,70,35 43 52 61 70 78,6.87,34.5,7,0.269,72,27 32 45 50 59 68 72,0.31,32.99,36,0.316,75
990aa9dec2223f108bad9bd0c4ab8e3c,axial,lamp,1,5.52,5.52,1,1.0,0,0,1.62,27.5,3,0.5,45,0 45 113,2.02,31.13,6,0.429,104,0 70 87 96 104 113,1.62,31.93,7,0.269,45,0 32 41 45 104 108 113,0.33,32.48,39,0.342,112
99253484c463e9dd7688e67ac1793ffc,axial,lamp,1,10.02,10.02,1,1.0,0,0,10.02,33.9,2,0.333,0,0 113,4.63,37.41,4,0.286,96,0 96 104 113,1.8,33.23,7,0.269,54,0 41 50 54 63 104 113,0.02,32.39,39,0.342,37
9a447967a9fb5938bb3deb7fab7c9b7,axial,lamp,1,15.34,15.34,1,1.0,0,0,15.34,36.39,3,0.5,0,0 45 113,0.52,35.67,6,0.429,96,0 9 17 96 104 113,1.64,33.33,9,0.346,54,0 9 41 45 50 54 63 104 113,0.48,32.45,40,0.351,33
9a52843cc89cd208362be90aaa182ec6,axial,bowl,1,2.79,2.79,1,1.0,0,0,2.79,29.37,2,0.333,113,0 113,2.79,41.28,3,0.214,113,0 17 113,2.79,32.91,7,0.269,113,0 5 50 59 63 72 113,2.39,32.53,40,0.351,97
9a70dd116325eb2df6b14e57dce52ee1,axial,bottle,1,1.52,1.52,1,1.0,0,0,1.52,29.51,2,0.333,113,0 113,1.52,41.34,2,0.143,113,0 113,1.52,32.89,6,0.231,113,0 50 54 63 108 113,0.27,32.47,38,0.333,67
9a777a5f3701fb6b940806ade53ef2f,axial,bottle,1,50.87,50.87,0,0.0,0,,0.43,42.87,1,0.167,68,68,7.89,31.24,5,0.357,43,35 43 78 96 104,0.43,32.73,12,0.462,68,14 27 32 50 59 63 68 72 81 86 99 104,0.43,32.83,38,0.333,68
9b56496d8e6be657ff67c12005f72d2,axial,pot,1,57.12,57.12,0,0.0,0,,11.9,36.47,2,0.333,68,23 68,2.45,31.55,6,0.429,43,17 35 43 52 61 87,0.81,34.17,5,0.192,36,23 36 41 68 81,0.22,32.95,38,0.333,74
9ba6291a60113dbfeb6d856318cd1a7e,axial,bottle,1,51.98,51.98,0,0.0,0,,11.01,44.96,2,0.333,45,45 68,14.24,32.32,6,0.429,78,17 35 43 70 78 96,0.42,32.52,12,0.462,63,14 27 32 45 50 54 59 63 68 81 86 99,0.31,32.81,40,0.351,38
9c0847d6c42eca062846fa729d90e125,axial,ashcan,1,32.0,32.0,0,0.0,0,,4.66,40.84,1,0.167,45,45,0.12,32.04,5,0.357,9,9 17 70 96 104,0.12,32.79,10,0.385,9,9 14 27 32 41 45 50 54 99 104,0.12,32.57,40,0.351,9
9c11cbb88d574584c4f1f36666bc4b4a,axial,lamp,1,13.3,13.3,1,1.0,0,0,10.46,30.87,3,0.5,45,0 45 113,5.86,28.68,6,0.429,70,0 9 70 87 104 113,1.97,32.29,11,0.423,32,0 9 14 32 36 41 45 99 104 108 113,0.37,32.54,39,0.342,6
9c5a4f568399539b47afb7a57d27bf15,axial,lamp,1,4.04,4.04,1,1.0,0,0,4.04,22.33,4,0.667,0,0 23 90 113,4.04,20.98,7,0.5,0,0 35 52 61 78 104 113,0.26,30.24,13,0.5,27,0 5 14 18 23 27 86 90 95 99 104 108 113,0.26,32.42,39,0.342,27
9c8d90ef60e0b37fd317c475f024f3b8,axial,bottle,1,80.17,80.17,0,0.0,0,,12.65,41.74,1,0.167,68,68,2.57,38.82,3,0.214,52,43 52 61,2.21,34.4,9,0.346,63,36 41 50 54 59 63 68 72 77,0.04,33.21,40,0.351,66
9cf29c3de0cf127730f6e0ede20c4525,axial,lamp,1,32.19,32.19,0,0.0,0,,7.61,30.8,1,0.167,23,23,0.4,24.23,7,0.5,35,9 17 35 43 52 61 87,7.61,32.5,8,0.308,23,9 14 23 36 81 86 95 108,0.21,32.69,40,0.351,44
9cfefdc1e63a3c2535836c728d324152,axial,lamp,1,48.69,48.69,0,0.0,0,,14.76,41.39,1,0.167,45,45,0.42,28.48,5,0.357,78,9 17 35 70 78,0.1,32.97,10,0.385,41,9 14 27 32 41 45 54 81 86 99,0.1,32.78,41,0.36,41
9d1e04bd3df11256bef045a510a22fbb,axial,lamp,1,7.2,7.2,1,1.0,0,0,0.22,28.27,3,0.5,45,0 45 113,1.77,31.8,6,0.429,104,0 70 87 96 104 113,0.22,32.04,7,0.269,45,0 32 41 45 104 108 113,0.13,32.45,39,0.342,79
9da456e7bae24501ffc6e457221b9271,axial,pot,1,63.62,63.62,0,0.0,0,,4.83,43.23,2,0.333,68,45 68,3.27,31.33,4,0.286,35,35 43 70 78,2.79,32.63,10,0.385,50,27 32 45 50 54 59 63 68 81 86,2.79,33.03,40,0.351,50
9dab2204d0e6a31114038d588fd1342f,axial,pot,1,6.36,6.36,1,1.0,0,0,6.36,26.3,3,0.5,0,0 90 113,3.14,23.89,7,0.5,26,0 9 26 35 43 52 113,1.59,31.21,11,0.423,77,0 5 9 14 18 77 81 86 90 99 113,0.5,32.46,40,0.351,107
9db87bf898efd448cbde89e0c48a01bf,axial,lamp,1,61.39,61.39,0,0.0,0,,1.92,33.68,2,0.333,68,23 68,5.56,37.67,4,0.286,87,43 52 61 87,1.92,34.27,8,0.308,68,23 36 41 63 68 77 81 95,0.06,32.98,40,0.351,69
9dcfab1fab6232003bec56bff764ba78,axial,bowl,1,5.07,5.07,1,1.0,0,0,0.38,22.53,3,0.5,23,0 23 113,5.07,22.88,7,0.5,0,0 61 70 78 87 104 113,0.38,30.43,11,0.423,23,0 5 23 27 32 36 95 99 104 108 113,0.38,32.44,37,0.325,23
9dff3d09b297cdd930612f5c0ef21eb8,axial,bottle,1,71.38,71.38,0,0.0,0,,6.01,41.8,1,0.167,45,45,1.5,33.17,6,0.429,70,35 43 52 61 70 78,3.5,34.57,6,0.231,72,32 45 50 59 72 77,0.53,32.93,37,0.325,75
9e274df011a9643c21ec51d5b72ac4e7,axial,bottle,1,45.98,45.98,0,0.0,0,,2.18,28.37,2,0.333,90,23 90,2.26,44.1,2,0.143,26,26 87,1.06,32.78,9,0.346,95,18 23 41 59 63 72 77 90 95,1.06,32.87,37,0.325,95
9e2a1751b9129b1132fd0b3f17b0d6c,axial,ashcan,1,52.07,52.07,0,0.0,0,,4.49,44.1,2,0.333,68,45 68,11.4,31.89,4,0.286,35,35 43 78 96,1.04,32.62,11,0.423,81,14 27 32 45 50 59 63 68 81 86 99,0.2,32.87,37,0.325,91
9ea66797afeb86196ea1c514a0de6d2d,axial,bowl,1,4.73,4.73,1,1.0,0,0,4.72,27.25,3,0.5,113,0 45 113,0.03,29.22,6,0.429,104,0 70 87 96 104 113,0.03,31.68,8,0.308,104,0 32 36 41 45 104 108 113,0.03,32.44,39,0.342,104
9edfe64416a9646e30612f5c0ef21eb8,axial,bottle,1,36.3,36.3,0,0.0,0,,1.64,41.15,1,0.167,68,68,3.94,31.57,5,0.357,104,9 35 43 96 104,0.2,32.4,10,0.385,14,9 14 27 59 68 72 81 86 99 104,0.2,32.52,38,0.333,14
9ee464a3fb9d3e8e57cd6640bbeb736d,axial,ashcan,1,12.24,12.24,1,1.0,0,0,12.09,33.64,3,0.5,45,0 45 113,2.78,34.95,5,0.357,96,0 9 96 104 113,4.15,33.13,9,0.346,104,0 9 32 41 45 50 54 104 113,0.89,32.44,38,0.333,24
9f2bb4a157164af19a7c9976093a710d,axial,bottle,1,18.18,18.18,1,1.0,0,0,4.9,34.78,3,0.5,68,0 68 113,3.91,33.12,5,0.357,9,0 9 17 104 113,3.91,33.04,10,0.385,9,0 9 14 59 68 72 81 99 104 113,1.52,32.59,40,0.351,109
9f47c287c921e4b429eb9d04ea723179,axial,lamp,1,6.69,6.69,1,1.0,0,0,6.69,26.35,4,0.667,0,0 23 45 113,2.44,27.89,6,0.429,87,0 70 87 96 104 113,1.53,31.28,10,0.385,32,0 5 23 32 36 45 95 104 108 113,0.01,32.53,39,0.342,11
9fc3ddc511f4ef62dced62abd38a02b0,axial,lamp,1,31.21,31.21,0,0.0,0,,22.29,43.73,0,0.0,68,,0.74,32.56,4,0.286,96,9 17 96 104,0.94,33.14,8,0.308,63,9 14 50 54 59 63 99 104,0.45,32.61,36,0.316,67
9fdaafde365beafc37f7ce56c66316ea,axial,lamp,1,75.31,75.31,0,0.0,0,,0.96,42.82,2,0.333,68,45 68,0.51,32.83,6,0.429,43,35 43 52 61 70 78,0.16,33.8,11,0.423,63,27 32 41 45 50 54 59 63 68 81 86,0.16,33.05,38,0.333,63
9fde9f07e6217b7490c2e24416edfe5b,axial,lamp,1,1.58,1.58,1,1.0,0,0,1.58,21.49,3,0.5,0,0 90 113,1.58,20.55,7,0.5,0,0 9 35 52 61 78 113,0.43,29.8,13,0.5,14,0 5 9 14 18 27 77 86 90 95 99 108 113,0.1,32.36,41,0.36,69
9fe4d78e7d4085c2f1b010366bb60ce8,axial,ashcan,1,33.33,33.33,0,0.0,0,,21.12,36.91,0,0.0,45,,1.8,26.34,5,0.357,9,9 17 70 78 87,1.8,32.21,8,0.308,9,9 14 27 32 36 41 86 99,0.04,32.59,39,0.342,53
9fe7e6a7bf8ca964efad53eb3f0b36fa,axial,jar,1,82.78,82.78,0,0.0,0,,5.81,43.56,2,0.333,68,45 68,3.57,36.59,4,0.286,61,43 52 61 70,0.61,34.69,8,0.308,63,36 41 45 50 54 59 63 68,0.5,33.13,38,0.333,51
a042621b3378bc18a2c59a4d90e63212,axial,bowl,1,6.54,6.54,1,1.0,0,0,6.54,29.72,2,0.333,113,0 113,6.54,42.56,3,0.214,113,0 96 113,3.16,33.08,8,0.308,50,0 5 41 50 54 63 108 113,1.59,32.58,42,0.368,101
a0812cee3fff72103ca265f557f5dc3e,axial,lamp,1,40.38,40.38,0,0.0,0,,12.1,45.19,1,0.167,68,68,4.68,32.47,4,0.286,96,9 17 96 104,0.47,33.11,12,0.462,14,9 14 27 32 50 59 63 68 81 86 99 104,0.47,32.79,39,0.342,14
a0ac0c76dbb4b7685430c0f7a585e679,axial,bowl,1,18.5,18.5,1,1.0,0,0,17.49,29.17,3,0.5,68,0 68 113,13.21,42.72,4,0.286,26,0 17 26 113,0.72,33.02,9,0.346,72,0 5 18 59 63 68 72 108 113,0.24,32.55,42,0.368,12
a0b34a720dd364d9ccdca257be791a55,axial,bowl,1,29.98,29.98,0,0.0,0,,12.29,42.34,1,0.167,45,45,0.93,32.77,4,0.286,9,9 17 96 104,0.7,33.2,10,0.385,54,9 14 32 41 45 50 54 63 99 104,0.7,32.67,38,0.333,54
a118d15a0c74091e3ba6f328e4cd62be,axial,bottle,1,20.62,20.62,0,0.0,0,,3.84,26.35,2,0.333,23,23 45,0.7,32.15,4,0.286,96,70 87 96 104,0.56,31.66,9,0.346,36,5 18 23 32 36 45 95 104 108,0.37,32.61,37,0.325,10
a126861b5d720843aaf2b5b6ef88c2bb,axial,lamp,1,27.7,27.7,0,0.0,0,,16.87,32.59,1,0.167,23,23,0.41,23.19,6,0.429,9,9 17 35 61 78 87,0.41,31.48,8,0.308,9,9 14 23 27 36 86 95 99,0.37,32.64,38,0.333,105
a1858315e1b17f57e1507433bf0da3de,axial,bottle,1,47.89,47.89,0,0.0,0,,4.01,42.47,1,0.167,68,68,5.23,30.51,5,0.357,96,35 43 78 96 104,3.61,32.91,11,0.423,86,14 27 32 50 59 68 72 81 86 99 104,0.38,32.79,39,0.342,42
a1bc36109cd382b78340c8802f48c170,axial,bottle,1,13.29,13.29,1,1.0,0,0,13.29,34.77,3,0.5,113,0 45 113,1.03,35.43,5,0.357,96,0 9 96 104 113,2.8,33.24,8,0.308,54,0 9 41 45 50 54 104 113,0.24,32.38,40,0.351,110
a2316a225facd3114f3443b22038d340,axial,lamp,1,5.35,5.35,1,1.0,0,0,5.35,26.12,4,0.667,0,0 23 45 113,1.07,27.71,6,0.429,87,0 70 87 96 104 113,0.87,31.2,10,0.385,108,0 5 23 32 36 45 95 104 108 113,0.65,32.48,38,0.333,11
a2841256fc6fd90da518b93bb7233de6,axial,bowl,1,41.82,41.82,0,0.0,0,,11.93,45.25,1,0.167,45,45,6.2,32.49,4,0.286,17,9 17 96 104,0.7,33.1,12,0.462,14,9 14 27 32 45 50 54 63 81 86 99 104,0.08,32.77,39,0.342,19
a34966853ab2272ab2047d3072d5e051,axial,bottle,1,43.05,43.05,0,0.0,0,,8.29,32.04,2,0.333,90,45 90,4.15,28.59,6,0.429,26,26 52 61 70 78 96,1.41,33.36,5,0.192,32,18 32 45 77 90,0.74,32.89,38,0.333,16
a3cc533ab668af4ec0708f7bc962e512,axial,pot,1,16.75,16.75,1,1.0,0,0,10.48,32.31,3,0.5,45,0 45 113,5.44,28.92,7,0.5,70,0 9 70 78 87 104 113,2.98,32.44,10,0.385,32,0 9 14 32 36 41 45 99 104 113,0.89,32.53,39,0.342,110
a4a6a464cb1db9286bdbc69440dbff90,axial,bottle,1,37.57,37.57,0,0.0,0,,11.57,29.54,2,0.333,23,23 90,6.84,45.57,2,0.143,87,26 87,0.36,33.41,12,0.462,50,5 18 23 36 41 50 54 63 72 90 95 108,0.18,32.69,40,0.351,80
a4c06cd5032733af543df75232f6ff2b,axial,lamp,1,69.39,69.39,0,0.0,0,,6.57,43.12,2,0.333,45,45 68,2.19,31.55,4,0.286,35,35 43 70 78,1.01,33.77,11,0.423,54,27 32 41 45 50 54 59 63 68 81 86,0.14,32.98,39,0.342,46
a593e8863200fdb0664b3b9b23ddfcbc,axial,bowl,1,15.38,15.38,1,1.0,0,0,2.1,32.02,3,0.5,68,0 68 113,5.55,31.45,6,0.429,9,0 9 17 43 104 113,2.1,32.44,10,0.385,68,0 9 14 59 68 72 81 99 104 113,0.46,32.46,41,0.36,8
a5db4bacbe009f2ef51f77a6d7299806,axial,jar,1,46.81,46.81,0,0.0,0,,19.45,40.34,1,0.167,45,45,1.22,27.78,6,0.429,17,9 17 35 61 70 78,0.5,33.11,9,0.346,86,9 14 27 36 41 45 81 86 99,0.19,32.72,39,0.342,53
a5f42bbfddcadf05eeb8d422649e5f2b,axial,bowl,1,46.21,46.21,0,0.0,0,,7.59,31.79,2,0.333,23,23 68,0.31,30.5,6,0.429,52,17 35 43 52 61 87,3.75,33.64,5,0.192,81,23 36 68 81 95,0.31,32.87,40,0.351,52
a6ae06e879fcaa019e26fe04e3dd51db,axial,lamp,1,40.28,40.28,0,0.0,0,,24.36,38.14,0,0.0,68,,3.18,26.59,7,0.5,35,26 35 43 52 78 96 104,2.43,32.84,7,0.269,27,14 27 72 77 86 99 104,1.78,32.74,37,0.325,21
a72410196463086561fc247a18f47792,axial,lamp,1,60.48,60.48,0,0.0,0,,16.4,42.37,2,0.333,45,45 68,1.7,30.32,6,0.429,35,17 35 43 61 70 78,3.23,33.94,8,0.308,41,27 41 45 54 63 68 81 86,0.58,32.97,37,0.325,53
a73d531b90965199e5f6d587dbc348b5,axial,bowl,1,6.38,6.38,1,1.0,0,0,0.29,22.9,3,0.5,23,0 23 113,1.44,21.18,7,0.5,61,0 9 61 78 87 104 113,0.29,29.75,12,0.462,23,0 9 14 23 27 36 86 95 99 104 108 113,0.29,32.42,39,0.342,23
a86d587f38569fdf394a7890920ef7fd,axial,bottle,1,29.43,29.43,0,0.0,0,,4.72,26.45,3,0.5,23,23 45 90,4.85,33.19,4,0.286,96,61 70 87 96,4.72,32.3,8,0.308,23,5 18 23 32 36 45 90 95,0.28,32.73,39,0.342,74
a8b41d9e570e2a8e7afd114af4bb7b4b,axial,pot,1,14.54,14.54,1,1.0,0,0,5.18,27.02,4,0.667,68,0 68 90 113,0.67,32.17,6,0.429,17,0 9 17 26 43 113,5.18,32.25,10,0.385,68,0 5 9 18 68 77 81 90 108 113,0.41,32.62,39,0.342,2
a8d45280f2ac4e7190c926f4231a7285,axial,lamp,1,72.42,72.42,0,0.0,0,,10.37,38.37,1,0.167,45,45,6.14,39.49,4,0.286,61,26 52 61 70,0.65,34.04,9,0.346,72,36 41 45 50 54 59 63 72 77,0.21,33.08,37,0.325,67
a911474d0fa043e3cf004563556ddb36,axial,lamp,1,19.4,19.4,1,1.0,0,0,19.39,31.29,3,0.5,113,0 23 113,3.04,24.27,7,0.5,87,0 9 61 70 78 87 113,1.58,31.79,11,0.423,99,0 9 14 23 27 32 36 86 99 108 113,0.67,32.56,40,0.351,110
a95db9f4cb692657a09c6a60c6dc420,axial,jar,1,6.69,6.69,1,1.0,0,0,6.67,26.49,4,0.667,113,0 68 90 113,0.56,28.68,6,0.429,26,0 9 17 26 43 113,1.49,31.5,10,0.385,5,0 5 9 18 68 77 81 90 108 113,0.56,32.5,39,0.342,26
a97bd9998d12467d7275456565149f4f,axial,ashcan,1,9.08,9.08,1,1.0,0,0,9.08,23.82,4,0.667,0,0 23 90 113,2.07,21.57,6,0.429,78,0 52 61 78 104 113,5.4,30.88,13,0.5,5,0 5 14 18 23 27 86 90 95 99 104 108 113,0.57,32.56,39,0.342,82
a98b76254bcd32c05481b689f582aa44,axial,bowl,1,61.72,61.72,0,0.0,0,,3.71,43.43,2,0.333,68,45 68,4.32,31.45,4,0.286,35,35 43 70 78,0.32,32.38,10,0.385,50,27 32 45 50 54 59 63 68 81 86,0.32,32.97,37,0.325,50
a9ba34614bfd8ca9938afc5c0b5b182,axial,bowl,1,45.2,45.2,0,0.0,0,,10.74,41.35,1,0.167,45,45,0.09,28.73,5,0.357,70,9 17 35 70 78,1.54,32.77,10,0.385,27,9 14 27 32 41 45 54 81 86 99,0.09,32.81,39,0.342,70
aa616bbf51ae233278d5828fe3be4b43,axial,bottle,1,21.15,21.15,0,0.0,0,,16.32,31.02,1,0.167,90,90,0.01,23.07,5,0.357,26,26 35 43 52 104,0.73,31.22,9,0.346,99,5 14 18 27 77 86 90 99 104,0.01,32.45,42,0.368,26
aa765d04e997e36a1742918a871fc8cf,axial,lamp,1,5.87,5.87,1,1.0,0,0,5.87,31.85,2,0.333,0,0 113,5.87,38.6,4,0.286,0,0 96 104 113,2.03,33.05,7,0.269,54,0 41 50 54 63 104 113,0.94,32.46,38,0.333,71
aad3cd6a40a15cb8664b3b9b23ddfcbc,axial,bowl,1,45.54,45.54,0,0.0,0,,8.43,32.15,2,0.333,90,45 90,2.11,29.8,6,0.429,61,26 52 61 70 78 96,1.84,33.55,5,0.192,32,18 32 45 77 90,0.14,32.87,39,0.342,24
aad5c7256a7c6ba92a4d67a8ec314d2a,axial,lamp,1,0.3,0.3,1,1.0,0,0,0.29,21.11,4,0.667,113,0 23 90 113,0.29,20.44,7,0.5,113,0 35 52 61 78 104 113,0.29,29.78,13,0.5,113,0 5 14 18 23 27 86 90 95 99 104 108 113,0.29,32.35,39,0.342,113
ab02e202accb9b4b65b77a565916c7f,axial,lamp,1,62.2,62.2,0,0.0,0,,7.94,43.2,2,0.333,68,45 68,1.99,30.53,5,0.357,43,35 43 70 78 96,1.99,33.64,10,0.385,32,27 32 45 50 59 63 68 72 81 86,0.75,32.92,37,0.325,83
ab6792cddc7c4c83afbf338b16b43f53,axial,bottle,1,18.58,18.58,1,1.0,0,0,18.58,30.47,2,0.333,113,0 113,18.58,45.99,2,0.143,113,0 113,1.96,33.41,9,0.346,108,0 5 41 50 54 59 63 108 113,0.35,32.57,41,0.36,106
ac131ac1bbe3dd10846564a8a219239b,axial,bottle,1,49.41,49.41,0,0.0,0,,26.87,39.33,0,0.0,68,,4.04,27.84,7,0.5,96,26 35 43 52 78 96 104,6.85,33.76,6,0.231,27,27 32 72 77 86 104,1.08,32.91,37,0.325,34
acfe521c412fcd04564c0afd61663476,axial,ashcan,1,10.41,10.41,1,1.0,0,0,10.41,28.07,3,0.5,113,0 68 113,8.83,39.02,4,0.286,17,0 17 26 113,2.95,32.77,7,0.269,5,0 5 59 68 72 108 113,0.01,32.57,38,0.333,34
ad33ed7da4ef1b1cca18d703b8006093,axial,bottle,1,79.07,79.07,0,0.0,0,,5.88,41.76,1,0.167,68,68,1.08,36.82,3,0.214,61,43 52 61,3.24,34.62,7,0.269,63,36 41 50 54 59 63 68,0.12,33.07,36,0.316,66
ad7dbc3a78d37b4c8616812464c86290,axial,lamp,1,32.34,32.34,0,0.0,0,,7.52,38.44,1,0.167,68,68,0.42,29.91,4,0.286,104,35 43 96 104,0.42,31.96,9,0.346,104,14 27 59 68 72 81 86 99 104,0.42,32.73,39,0.342,104
ad7fedee24a70d82a5f600ed2cf472ac,axial,lamp,1,23.06,23.06,0,0.0,0,,20.95,29.54,0,0.0,68,,12.34,44.27,1,0.071,26,26,0.84,33.1,6,0.231,72,5 18 59 63 72 108,0.84,32.71,37,0.325,72
add17b35bc4665e6f33a685c2506bbe6,axial,bottle,1,54.28,54.28,0,0.0,0,,2.0,30.26,3,0.5,45,23 45 90,1.97,38.45,3,0.214,26,26 61 70,2.0,33.99,8,0.308,45,18 23 36 45 50 72 77 90,0.42,32.93,39,0.342,75
ae52386c7a6e25a1a666d1503f8e34ad,axial,bottle,1,24.16,24.16,0,0.0,0,,7.38,38.3,1,0.167,45,45,7.02,33.23,4,0.286,104,9 17 96 104,6.89,33.3,9,0.346,54,9 14 32 41 45 50 54 99 104,1.83,32.7,37,0.325,58
ae5c7d8a453d3ef736b0f2a1430e993a,axial,bowl,1,8.04,8.04,1,1.0,0,0,6.62,30.32,3,0.5,68,0 68 113,4.52,33.86,4,0.286,9,0 9 17 113,0.77,32.51,8,0.308,72,0 5 9 59 68 72 81 113,0.77,32.42,40,0.351,72
aeb7b4bb33fd43a14e23e9314af9ae57,axial,bowl,1,30.7,30.7,0,0.0,0,,9.84,27.27,3,0.5,23,23 45 90,1.86,30.91,4,0.286,70,61 70 96 104,3.88,32.34,9,0.346,32,5 18 23 32 36 45 90 95 104,0.12,32.71,40,0.351,83
aec6aa917d61d1faebe67d9b32c3ddf8,axial,bottle,1,18.2,18.2,1,1.0,0,0,18.2,38.33,2,0.333,0,0 113,2.22,35.57,6,0.429,17,0 9 17 96 104 113,4.8,33.44,7,0.269,9,0 9 50 59 63 104 113,0.31,32.58,38,0.333,16
aed950102f1e9c7a659dda512294c744,axial,lamp,1,25.72,25.72,0,0.0,0,,16.19,28.94,2,0.333,23,23 45,7.1,43.02,1,0.071,87,87,1.46,33.31,9,0.346,5,5 23 36 41 45 50 54 95 108,0.27,32.67,41,0.36,58
aeec00d8dd6e196451a2ad3de1977657,axial,bowl,1,16.48,16.48,1,1.0,0,0,8.83,35.02,3,0.5,68,0 68 113,0.64,33.81,5,0.357,9,0 9 17 104 113,0.64,33.11,9,0.346,9,0 9 14 59 68 72 81 104 113,0.64,32.55,39,0.342,9
af4ff1c4a94383e9ca017e2245ec1dae,axial,bottle,1,63.01,63.01,0,0.0,0,,14.62,41.56,1,0.167,68,68,4.08,31.12,6,0.429,35,17 35 43 61 70 78,0.45,34.1,8,0.308,41,27 36 41 54 63 68 81 86,0.0,32.88,44,0.386,49
af853a8c58d2b631992eedbdd14b936d,axial,bottle,1,57.88,57.88,0,0.0,0,,8.6,43.02,2,0.333,68,45 68,0.26,29.99,5,0.357,35,35 43 70 78 96,2.76,33.45,10,0.385,27,27 32 45 50 59 68 72 81 86 99,0.26,32.9,40,0.351,35
afb7cc3bbc3595a4e9b3dff83c7ff715,axial,lamp,1,61.96,61.96,0,0.0,0,,7.42,33.65,2,0.333,68,23 68,4.91,39.92,4,0.286,87,43 52 61 87,5.78,34.29,8,0.308,36,23 36 41 59 63 68 77 95,0.88,33.08,37,0.325,51
b00152d19e8f2b87b2d2b5b947dc0b8d,axial,bottle,1,44.31,44.31,0,0.0,0,,1.75,27.49,3,0.5,90,23 68 90,8.57,42.52,2,0.143,26,26 87,1.61,33.07,9,0.346,95,18 23 59 63 68 72 77 90 95,0.14,32.86,39,0.342,84
b007af6eabaa290dd42b9650f19dd425,axial,bowl,1,28.84,28.84,0,0.0,0,,22.93,30.39,0,0.0,90,,19.55,46.81,2,0.143,26,26 87,7.01,34.2,10,0.385,108,5 18 41 50 54 59 63 72 95 108,0.07,32.77,39,0.342,100
b0a3cf1e09f7a3591c1ef519b9196b63,axial,lamp,1,21.81,21.81,0,0.0,0,,3.32,26.84,2,0.333,68,68 90,0.5,37.35,2,0.143,26,17 26,2.05,32.85,8,0.308,108,5 18 68 72 77 81 90 108,0.5,32.68,37,0.325,26
b11c3bda15930ee7bba5aaac798c64af,axial,lamp,1,30.12,30.12,0,0.0,0,,2.62,38.11,1,0.167,45,45,2.62,31.34,5,0.357,9,9 17 70 78 104,0.01,32.16,9,0.346,32,9 14 27 32 41 45 54 99 104,0.01,32.65,41,0.36,32
b1271f402910cf05cfdfe3f21f42a111,axial,bottle,1,33.32,33.32,0,0.0,0,,14.31,37.93,1,0.167,68,68,0.92,27.8,4,0.286,104,35 43 96 104,0.33,32.13,8,0.308,99,14 27 68 72 81 86 99 104,0.33,32.69,39,0.342,99
b13f6dc78d904e5c30612f5c0ef21eb8,axial,bottle,1,15.09,15.09,1,1.0,0,0,15.09,30.26,2,0.333,113,0 113,15.09,45.04,2,0.143,113,0 113,0.96,33.24,8,0.308,50,0 5 41 50 54 63 108 113,0.03,32.52,42,0.368,92
b15485a55d855bf980936c51aa7ffcf5,axial,lamp,1,9.97,9.97,1,1.0,0,0,9.97,24.07,4,0.667,0,0 23 90 113,0.76,21.66,6,0.429,78,0 52 61 78 104 113,4.9,30.94,13,0.5,5,0 5 14 18 23 27 86 90 95 99 104 108 113,0.06,32.54,39,0.342,82
b195dbe537993945e4e346ee2650d150,axial,bowl,1,44.62,44.62,0,0.0,0,,7.7,44.69,1,0.167,68,68,6.91,32.19,4,0.286,96,35 43 96 104,2.49,33.09,11,0.423,59,14 27 32 50 59 63 68 81 86 99 104,0.29,32.83,37,0.325,22
b1ec680145762d1eb784faac204319d9,axial,lamp,1,17.17,17.17,1,1.0,0,0,6.24,34.68,3,0.5,45,0 45 113,2.47,33.37,5,0.357,104,0 9 96 104 113,2.47,33.06,9,0.346,104,0 9 32 41 45 54 99 104 113,0.82,32.57,40,0.351,4
b1edea6e2974e1b35c935b78db2f5ec3,axial,lamp,1,55.67,55.67,0,0.0,0,,5.6,44.17,2,0.333,68,45 68,9.45,31.9,5,0.357,35,35 43 70 78 96,1.35,32.35,12,0.462,81,14 27 32 45 50 54 59 63 68 81 86 99,0.85,32.87,40,0.351,83
b2116d5a9b93a0704f377bc8602186f5,axial,lamp,1,80.29,80.29,0,0.0,0,,2.15,43.46,2,0.333,68,45 68,4.23,34.9,6,0.429,43,35 43 52 61 70 78,0.72,34.36,8,0.308,63,41 45 50 54 59 63 68 81,0.72,33.07,38,0.333,63
b2498accc1c3fe732db3066d0100ee4,axial,bottle,1,21.32,21.32,0,0.0,0,,1.36,34.62,1,0.167,45,45,9.53,31.78,4,0.286,104,9 70 96 104,0.43,32.51,8,0.308,41,9 14 32 41 45 54 99 104,0.43,32.54,38,0.333,41
b2507913d631e8b8bcfad79fc308fa6d,axial,jar,1,65.86,65.86,0,0.0,0,,12.22,35.0,3,0.5,23,23 68 90,9.56,42.26,4,0.286,87,26 52 61 87,1.46,33.07,12,0.462,63,23 36 41 50 54 59 63 68 72 77 90 95,0.6,33.02,43,0.377,39
b2acbb6717c7a842fcb8d8c6d4df8143,axial,lamp,1,0.3,0.3,1,1.0,0,0,0.3,26.84,3,0.5,0,0 45 113,0.3,35.28,4,0.286,0,0 96 104 113,0.29,32.17,7,0.269,41,0 41 45 54 104 108 113,0.29,32.43,41,0.36,41
b2bdd202470b4166f3a29b1591515940,axial,lamp,1,52.44,52.44,0,0.0,0,,10.91,33.64,2,0.333,45,45 90,0.21,31.66,6,0.429,70,26 52 61 70 78 96,6.24,34.09,5,0.192,77,18 32 45 77 90,0.21,32.87,38,0.333,70
b2c3fb8c5b65a63ce2c3d541bbe76212,axial,lamp,1,59.83,59.83,0,0.0,0,,0.45,33.22,2,0.333,68,23 68,4.7,36.69,4,0.286,87,43 52 61 87,0.45,34.21,8,0.308,68,23 36 41 63 68 77 81 95,0.04,32.91,40,0.351,38
b2e03341b4648a3d63b2acb037dfbcde,axial,pot,1,58.98,58.98,0,0.0,0,,5.92,31.89,3,0.5,23,23 68 90,1.82,42.14,3,0.214,87,26 52 87,3.28,33.68,12,0.462,77,18 23 36 41 54 59 63 68 72 77 90 95,0.0,32.94,40,0.351,31
b31bcdeaae689dd862af18ecbdb58c38,axial,lamp,1,28.69,28.69,0,0.0,0,,4.81,29.4,1,0.167,90,90,0.44,23.76,6,0.429,78,26 52 61 78 96 104,4.81,32.07,9,0.346,90,5 18 27 32 77 86 90 99 104,0.12,32.63,41,0.36,98
b31c246d2341429f76c2a9de5c96f76,axial,lamp,1,23.63,23.63,0,0.0,0,,8.91,26.99,2,0.333,90,23 90,2.2,25.74,5,0.357,61,61 70 78 96 104,4.47,31.77,9,0.346,18,5 18 23 27 32 36 90 95 104,0.56,32.71,39,0.342,82
b31ca446cb3e88dda88e473ddd1152a6,axial,bottle,1,7.01,7.01,1,1.0,0,0,7.01,29.87,2,0.333,113,0 113,7.01,42.95,2,0.143,113,0 113,1.0,33.1,8,0.308,50,0 5 41 50 54 63 108 113,0.07,32.58,41,0.36,101
b35081bcc11ff7847b8ec2c9a49686dd,axial,bottle,1,13.64,13.64,1,1.0,0,0,8.36,27.3,4,0.667,68,0 68 90 113,3.41,30.84,6,0.429,17,0 9 17 26 43 113,4.74,32.02,10,0.385,77,0 5 9 18 68 77 81 90 108 113,0.15,32.64,39,0.342,2
b3530cffd4a04deab641e19ecbf0e871,axial,lamp,1,22.0,22.0,0,0.0,0,,21.99,30.51,0,0.0,113,,21.99,46.48,0,0.0,113,,0.33,33.49,7,0.269,5,5 41 50 54 59 63 108,0.33,32.62,36,0.316,5
b35973652d9a526c64848cfde3847b25,axial,bottle,1,3.04,3.04,1,1.0,0,0,3.03,29.09,2,0.333,113,0 113,3.03,40.66,3,0.214,113,0 17 113,1.61,32.81,6,0.231,59,0 5 59 63 72 113,0.29,32.5,40,0.351,97
b362273df5596c7e7f095f36ba0999f4,axial,jar,1,49.97,49.97,0,0.0,0,,25.88,38.78,0,0.0,68,,1.56,27.77,6,0.429,35,17 35 43 61 78 87,9.1,33.87,5,0.192,81,27 36 41 81 86,1.56,32.93,37,0.325,35
b3c256f5013d9c2244c183864792bc2b,axial,pot,1,47.47,47.47,0,0.0,0,,19.56,36.16,1,0.167,90,90,0.36,27.21,6,0.429,52,26 52 61 70 78 96,1.09,33.65,5,0.192,77,27 32 72 77 90,0.26,32.75,39,0.342,21
b444be0623b2e237d73e51f8db3a696e,axial,lamp,1,73.14,73.14,0,0.0,0,,5.08,42.9,2,0.333,68,45 68,2.6,32.97,6,0.429,43,35 43 52 61 70 78,5.08,34.43,9,0.346,68,41 45 50 54 59 63 68 81 86,0.05,33.04,39,0.342,53
b45b8df0557da6acc14d5c159bab8297,axial,lamp,1,64.84,64.84,0,0.0,0,,10.02,34.88,2,0.333,45,45 90,7.56,40.45,4,0.286,26,26 52 61 70,3.46,34.13,10,0.385,77,18 36 41 45 50 54 59 72 77 90,0.83,33.11,39,0.342,34
b474613907b293682f8b82e61bb347fa,axial,lamp,1,47.22,47.22,0,0.0,0,,27.48,38.87,0,0.0,45,,1.86,27.3,7,0.5,17,9 17 35 61 70 78 87,5.45,33.6,7,0.269,86,9 14 27 36 41 81 86,1.06,32.89,39,0.342,57
b4b4f2d95de89e88b693b28f9c9c2143,axial,ashcan,1,14.22,14.22,1,1.0,0,0,1.72,26.61,4,0.667,45,0 23 45 113,0.91,33.67,6,0.429,87,0 70 87 96 104 113,1.72,32.39,11,0.423,45,0 5 23 32 36 41 45 95 104 108 113,0.24,32.58,42,0.368,111
b4be7d84e2151a3e8bb3deb7fab7c9b7,axial,lamp,1,8.68,8.68,1,1.0,0,0,4.91,23.61,3,0.5,23,0 23 113,6.6,21.48,7,0.5,61,0 9 35 52 61 78 113,0.2,29.94,11,0.423,14,0 9 14 23 27 36 86 95 99 108 113,0.1,32.46,41,0.36,107
b4c43b75d951401631f299e87625dbae,axial,bowl,1,0.71,0.71,1,1.0,0,0,0.71,29.36,2,0.333,0,0 113,0.71,39.98,4,0.286,0,0 96 104 113,0.71,32.77,8,0.308,0,0 41 50 54 63 104 108 113,0.64,32.43,41,0.36,88
b4f7f20fe212e633c14d5c159bab8297,axial,lamp,1,44.42,44.42,0,0.0,0,,22.88,39.29,0,0.0,68,,1.22,27.17,7,0.5,96,26 35 43 52 78 96 104,0.16,33.08,8,0.308,27,14 27 32 72 77 86 99 104,0.11,32.72,39,0.342,34
b57bcdb88c669663ec2a7a1f5fe7365d,axial,lamp,1,65.83,65.83,0,0.0,0,,6.81,43.22,2,0.333,45,45 68,1.02,30.9,4,0.286,35,35 43 70 78,1.84,33.77,11,0.423,81,27 32 41 45 50 54 59 63 68 81 86,0.22,32.92,40,0.351,40
b5b728ebd7c0833530f6e0ede20c4525,axial,lamp,1,47.79,47.79,0,0.0,0,,9.9,45.08,2,0.333,68,45 68,11.76,32.39,6,0.429,96,17 35 43 78 96 104,4.71,32.95,13,0.5,81,14 27 32 45 50 54 59 63 68 81 86 99 104,0.56,32.79,39,0.342,30
b5d1f064841b476dba5342d638d0c267,axial,bowl,1,16.86,16.86,1,1.0,0,0,9.24,25.75,4,0.667,90,0 23 90 113,0.56,22.67,8,0.571,104,0 52 61 70 78 96 104 113,0.56,31.01,11,0.423,104,0 5 18 23 27 32 90 95 99 104 113,0.56,32.52,39,0.342,104
b5d81a5bbbb8efe7c785f06f424b9d06,axial,bowl,1,44.65,44.65,0,0.0,0,,3.53,28.55,2,0.333,90,23 90,1.04,44.19,2,0.143,26,26 87,2.26,32.84,9,0.346,59,18 23 41 59 63 72 77 90 95,0.8,32.84,37,0.325,33
b6261066a2e8e4212c528d33bca1ac2,axial,bottle,1,14.77,14.77,1,1.0,0,0,3.08,26.96,4,0.667,68,0 68 90 113,4.54,36.4,5,0.357,26,0 9 17 26 113,3.08,32.69,11,0.423,68,0 5 9 18 68 72 77 81 90 108 113,0.07,32.64,38,0.333,2
b69c3a0a46b932e3d3c1fbbc2200e255,axial,lamp,1,72.36,72.36,0,0.0,0,,2.49,38.9,1,0.167,68,68,1.45,36.36,4,0.286,52,43 52 61 87,1.57,34.4,7,0.269,41,36 41 54 59 63 68 81,0.25,33.11,40,0.351,60
b69e25e7ab9b829215b14098c484b7c1,axial,bowl,1,49.87,49.87,0,0.0,0,,9.14,32.36,2,0.333,90,45 90,0.85,31.85,6,0.429,70,26 52 61 70 78 96,7.17,33.94,5,0.192,32,18 32 45 77 90,0.15,32.85,39,0.342,93
b71afc7791d18eabc573899ac6ab82e4,axial,bottle,1,52.18,52.18,0,0.0,0,,6.3,44.44,2,0.333,45,45 68,12.2,32.06,4,0.286,78,17 35 70 78,0.38,32.6,12,0.462,32,14 27 32 45 50 54 59 63 68 81 86 99,0.38,32.85,38,0.333,32
b742bd7f675191c24ad6a0c67b7f7a5b,axial,bottle,1,61.3,61.3,0,0.0,0,,9.57,37.71,1,0.167,68,68,1.13,32.24,6,0.429,43,17 35 43 52 61 87,4.23,34.42,4,0.154,36,36 41 68 81,0.45,33.01,38,0.333,84
b8767b71c2216dcad317c475f024f3b8,axial,bottle,1,7.42,7.42,1,1.0,0,0,6.14,24.87,3,0.5,23,0 23 113,1.87,22.14,7,0.5,78,0 61 70 78 87 104 113,2.72,30.6,11,0.423,99,0 14 23 27 36 86 95 99 104 108 113,0.86,32.51,39,0.342,1
b89de6e29a5a1d6425ebd1cd0b422e32,axial,pot,1,52.62,52.62,0,0.0,0,,15.51,35.56,2,0.333,68,23 68,5.26,30.28,6,0.429,43,17 35 43 52 61 87,1.62,33.91,5,0.192,36,23 36 41 68 81,1.23,32.87,39,0.342,30
b8fd592b4b5dcaa41aa761bcc4793321,axial,bottle,1,33.21,33.21,0,0.0,0,,2.38,39.23,1,0.167,45,45,0.51,31.17,5,0.357,9,9 17 70 78 104,0.51,32.05,9,0.346,9,9 14 27 32 41 45 54 99 104,0.03,32.61,40,0.351,91
b941ca9770b59c3918a27ff49f2f297f,axial,bowl,1,5.58,5.58,1,1.0,0,0,0.72,22.6,3,0.5,23,0 23 113,0.71,21.02,7,0.5,61,0 9 61 78 87 104 113,0.54,29.71,12,0.462,99,0 9 14 23 27 36 86 95 99 104 108 113,0.16,32.38,38,0.333,1
b95559b4f2146b6a823177feb9bf5114,axial,bottle,1,33.98,33.98,0,0.0,0,,19.27,37.4,1,0.167,68,68,2.17,26.81,5,0.357,104,26 35 43 96 104,2.17,32.27,9,0.346,104,14 27 68 72 77 81 86 99 104,0.2,32.59,39,0.342,64
b9b1108520918039a47fdd008f2ae822,axial,ashcan,1,17.86,17.86,1,1.0,0,0,17.86,38.53,2,0.333,0,0 113,6.94,36.17,6,0.429,17,0 9 17 96 104 113,1.91,33.37,8,0.308,63,0 9 50 54 59 63 104 113,0.8,32.59,41,0.36,88
ba05811f301cdd791735ea0e092a805a,axial,lamp,1,35.18,35.18,0,0.0,0,,21.0,34.99,0,0.0,23,,5.61,24.78,6,0.429,87,9 17 35 61 78 87,0.71,32.38,6,0.231,86,9 14 27 36 86 99,0.71,32.78,38,0.333,86
ba397aa90c4af6ec98d5fc0473d00a1c,axial,lamp,1,54.19,54.19,0,0.0,0,,1.65,43.03,1,0.167,45,45,5.89,31.07,4,0.286,70,17 35 70 78,0.15,32.68,11,0.423,27,14 27 32 41 45 50 54 63 81 86 99,0.15,32.84,38,0.333,27
baa4d6ca9521a55b51d6f7c8e810987e,axial,bowl,1,2.4,2.4,1,1.0,0,0,2.39,25.5,3,0.5,113,0 68 113,2.39,30.27,6,0.429,113,0 9 17 26 43 113,2.39,31.65,9,0.346,113,0 5 9 18 68 72 77 81 113,1.09,32.43,39,0.342,30
bad4a1e98a6111f7db48c721db3fba4,axial,lamp,1,11.95,11.95,1,1.0,0,0,11.95,30.07,3,0.5,0,0 68 113,2.8,27.38,6,0.429,43,0 9 26 35 43 113,4.58,32.23,10,0.385,81,0 5 9 14 68 72 77 81 99 113,0.09,32.47,41,0.36,64
baeaa576ba746179e8d7df9e0b95a9b2,axial,bowl,1,52.63,52.63,0,0.0,0,,2.94,29.42,3,0.5,45,23 45 90,3.9,39.09,3,0.214,26,26 61 70,2.94,33.85,7,0.269,45,18 23 36 45 50 77 90,0.78,32.92,39,0.342,75
bb46957091f2a282cfdfe3f21f42a111,axial,bottle,1,40.83,40.83,0,0.0,0,,2.74,41.37,1,0.167,68,68,1.58,30.65,4,0.286,96,35 43 96 104,2.53,32.55,9,0.346,99,14 27 59 68 72 81 86 99 104,0.13,32.69,39,0.342,80
bb5f7de6d079f8e2c054c46f3dc261f,axial,pot,1,71.55,71.55,0,0.0,0,,6.38,43.07,2,0.333,68,45 68,4.51,32.45,5,0.357,43,35 43 61 70 78,5.0,34.29,10,0.385,54,27 41 45 50 54 59 63 68 81 86,0.27,33.05,39,0.342,73
bb7586ebee0dc2be4e346ee2650d150,axial,bowl,1,6.55,6.55,1,1.0,0,0,6.54,31.69,3,0.5,113,0 45 113,4.55,37.35,4,0.286,96,0 96 104 113,2.08,33.01,7,0.269,54,0 41 45 50 54 104 113,0.79,32.46,39,0.342,105
bbf4b10b538c7d03bcbbc78f3e874841,axial,bowl,1,40.94,40.94,0,0.0,0,,25.71,37.03,0,0.0,23,,4.17,26.04,7,0.5,17,9 17 35 61 70 78 87,2.69,33.05,7,0.269,86,9 14 27 36 41 81 86,0.4,32.81,41,0.36,20
bc218fcb647e7127984fb9ec7e40829,axial,lamp,1,40.13,40.13,0,0.0,0,,9.73,44.88,1,0.167,68,68,3.07,32.25,5,0.357,96,9 17 43 96 104,0.73,33.1,11,0.423,99,9 14 27 50 59 63 68 81 86 99 104,0.01,32.78,39,0.342,94
bc704db7b62582e5d1cbf3e52b9b6237,axial,lamp,1,18.72,18.72,1,1.0,0,0,7.41,26.14,4,0.667,90,0 23 90 113,0.71,22.92,8,0.571,104,0 52 61 70 78 96 104 113,0.71,31.1,11,0.423,104,0 5 18 23 27 32 90 95 99 104 113,0.54,32.53,40,0.351,19
bc800138650bc4a6c7c8ce3bef5c2aa9,axial,lamp,1,74.43,74.43,0,0.0,0,,8.5,39.4,1,0.167,45,45,3.17,38.51,4,0.286,61,26 52 61 70,0.68,34.25,8,0.308,72,36 45 50 54 59 63 72 77,0.5,33.11,39,0.342,67
bcacdde81063a5df30612f5c0ef21eb8,axial,bottle,1,10.12,10.12,1,1.0,0,0,9.53,27.2,4,0.667,45,0 23 45 113,2.73,29.68,6,0.429,87,0 70 87 96 104 113,4.68,31.83,10,0.385,32,0 5 23 32 36 45 95 104 108 113,1.14,32.6,41,0.36,83
bcbc2c637bed89e4d1b69ad96276e132,axial,bottle,1,14.96,14.96,1,1.0,0,0,12.51,35.1,3,0.5,45,0 45 113,2.32,34.7,5,0.357,104,0 9 96 104 113,2.32,33.21,9,0.346,104,0 9 32 41 45 50 54 104 113,0.01,32.46,40,0.351,11
bd1cbcb990375022b45fed2806c331ab,axial,lamp,1,9.68,9.68,1,1.0,0,0,9.68,33.98,2,0.333,0,0 113,6.47,37.97,5,0.357,96,0 9 96 104 113,4.11,33.3,8,0.308,54,0 9 41 50 54 63 104 113,0.38,32.43,39,0.342,112
bd234f132e160fad8f045e3f1e9c8518,axial,lamp,1,32.93,32.93,0,0.0,0,,24.52,36.21,0,0.0,45,,0.43,25.52,7,0.5,78,9 17 35 61 70 78 87,0.15,32.13,7,0.269,27,9 14 27 36 41 86 99,0.15,32.63,38,0.333,27
bd28b6cd2fdb691b8d8eca78e5e16d9d,axial,bottle,1,52.96,52.96,0,0.0,0,,0.01,28.97,3,0.5,23,23 68 90,4.18,42.64,2,0.143,87,26 87,0.01,33.23,11,0.423,23,18 23 36 41 59 63 68 72 77 90 95,0.01,32.95,37,0.325,23
bd50af3416f45348679a03fdc41e0266,axial,bottle,1,28.56,28.56,0,0.0,0,,6.45,27.63,2,0.333,90,23 90,3.32,27.3,6,0.429,61,26 61 70 78 96 104,1.64,32.06,8,0.308,18,5 18 23 32 36 90 95 104,0.66,32.7,38,0.333,106
bd6fdeae09b3c00c3ea96ac97db63fa8,axial,bottle,1,53.84,53.84,0,0.0,0,,0.49,42.99,1,0.167,45,45,7.0,31.25,4,0.286,70,17 35 70 78,0.49,32.6,11,0.423,45,14 27 32 41 45 50 54 63 81 86 99,0.49,32.85,38,0.333,45
be00be72836114159568832390d67ef,axial,lamp,1,47.9,47.9,0,0.0,0,,16.66,40.98,1,0.167,45,45,0.7,28.17,5,0.357,78,9 17 35 70 78,1.33,33.05,9,0.346,86,9 14 27 32 41 45 81 86 99,0.47,32.77,40,0.351,40
be3c2533130dd3da55f46d55537192b6,axial,bowl,1,49.28,49.28,0,0.0,0,,9.93,42.1,1,0.167,68,68,0.34,29.23,5,0.357,43,35 43 78 96 104,0.84,32.97,10,0.385,86,14 27 32 59 68 72 81 86 99 104,0.17,32.77,41,0.36,88
be60fdf6e4c9e45fdac42bdc1d2df4a3,axial,lamp,1,59.58,59.58,0,0.0,0,,3.03,34.11,2,0.333,68,23 68,2.43,35.37,4,0.286,52,43 52 61 87,3.03,34.28,6,0.231,68,23 36 41 63 68 81,0.62,32.91,40,0.351,84
be8a2f8460a963426a6acc5f155f864,axial,bowl,1,41.98,41.98,0,0.0,0,,4.95,26.84,3,0.5,23,23 45 90,13.52,40.25,3,0.214,87,26 70 87,1.09,32.92,7,0.269,36,5 18 23 36 45 90 95,0.13,32.73,39,0.342,75
bf2687bb57e94f4071d7520e3757f3e9,axial,lamp,1,52.02,52.02,0,0.0,0,,3.01,42.91,1,0.167,68,68,5.3,30.81,5,0.357,43,35 43 78 96 104,1.11,32.85,12,0.462,86,14 27 32 50 59 63 68 72 81 86 99 104,0.08,32.8,39,0.342,55
bf6674af4ba8b95fa4080573400e0dc9,axial,lamp,1,0.22,0.22,1,1.0,0,0,0.22,29.39,2,0.333,0,0 113,0.22,40.58,3,0.214,0,0 17 113,0.22,32.73,6,0.231,0,0 5 50 59 63 113,0.22,32.43,38,0.333,0
c0ed2720d248d4e125ebd1cd0b422e32,axial,pot,1,54.91,54.91,0,0.0,0,,8.14,33.81,2,0.333,45,45 90,0.23,32.97,5,0.357,61,26 52 61 70 96,5.46,34.21,6,0.231,77,18 32 45 72 77 90,0.23,32.91,39,0.342,61
c0f57c7f98d2581c744a455c7eef0ae5,axial,bowl,1,11.47,11.47,1,1.0,0,0,10.14,30.12,3,0.5,45,0 45 113,6.36,28.64,6,0.429,70,0 70 87 96 104 113,1.16,32.16,10,0.385,32,0 14 32 36 41 45 99 104 108 113,0.88,32.54,41,0.36,28
c125ab8675fdc2b03225afab722d9fd2,axial,lamp,1,53.75,53.75,0,0.0,0,,5.77,42.93,1,0.167,68,68,2.34,30.3,4,0.286,43,35 43 78 96,1.62,33.02,10,0.385,86,14 27 32 50 59 68 72 81 86 99,1.47,32.83,38,0.333,42
c13219fac28e722edd6a2f6a8ecad52d,axial,bottle,1,66.53,66.53,0,0.0,0,,13.34,35.23,2,0.333,90,23 90,12.17,42.55,4,0.286,26,26 52 61 87,0.22,32.78,11,0.423,77,18 23 36 41 50 54 59 63 72 77 90,0.22,33.1,37,0.325,77
c1923b90d48f2016d86b59aca5792b15,axial,pot,1,2.59,2.59,1,1.0,0,0,2.59,30.83,2,0.333,0,0 113,2.59,40.46,3,0.214,0,0 96 113,2.59,33.02,6,0.231,0,0 50 54 59 63 113,0.9,32.42,40,0.351,84
c1abad416a011faa2c59a4d90e63212,axial,pot,1,27.97,27.97,0,0.0,0,,11.3,36.54,1,0.167,45,45,2.98,28.88,5,0.357,70,9 17 70 78 104,0.66,32.22,9,0.346,99,9 14 27 32 41 45 86 99 104,0.66,32.63,40,0.351,99
c1bad5cc2d9050e48aee29ee398d36ed,axial,bowl,1,16.61,16.61,1,1.0,0,0,16.61,30.29,2,0.333,113,0 113,16.61,45.35,2,0.143,113,0 113,1.07,33.23,8,0.308,50,0 5 41 50 54 63 108 113,0.01,32.56,41,0.36,71
c1d2b20435cbeea0c0028f3b08785d05,axial,lamp,1,0.52,0.52,1,1.0,0,0,0.52,25.99,3,0.5,0,0 45 113,0.52,33.66,5,0.357,0,0 87 96 104 113,0.52,32.05,8,0.308,0,0 32 41 45 54 104 108 113,0.21,32.42,42,0.368,79
c25fd49b75c12ef86bbb74f0f607cdd,axial,bowl,1,26.34,26.34,0,0.0,0,,9.58,30.39,1,0.167,90,90,0.12,22.6,7,0.5,52,26 35 52 61 78 96 104,0.97,31.5,9,0.346,104,5 14 18 27 77 86 90 99 104,0.12,32.64,38,0.333,52
c263fec31c8d33874f51382fa3549a00,axial,lamp,1,5.5,5.5,1,1.0,0,0,5.5,25.57,3,0.5,0,0 90 113,5.22,23.51,7,0.5,26,0 9 26 35 43 52 113,0.51,30.95,11,0.423,77,0 5 9 14 18 77 81 86 90 99 113,0.44,32.47,40,0.351,107
c313946af426bcc7368b14e48c164a6e,axial,pot,1,16.7,16.7,1,1.0,0,0,16.7,37.98,2,0.333,0,0 113,7.58,36.58,6,0.429,96,0 9 17 96 104 113,1.65,33.38,8,0.308,50,0 9 50 54 59 63 104 113,1.65,32.58,41,0.36,50
c359b4c545e5ee3efcb8d8c6d4df8143,axial,lamp,1,55.9,55.9,0,0.0,0,,2.4,30.05,2,0.333,23,23 90,1.19,43.41,2,0.143,87,26 87,1.06,32.7,12,0.462,59,18 23 36 41 50 54 59 63 72 77 90 95,0.68,32.96,38,0.333,71
c3767df815e0e43e4c3a35cee92bb95b,axial,bottle,1,29.55,29.55,0,0.0,0,,21.04,30.3,0,0.0,23,,16.61,46.69,1,0.071,87,87,4.23,34.15,10,0.385,50,5 18 41 50 54 59 63 72 95 108,0.12,32.74,40,0.351,71
c399bfee7f25f0ff95aab58c1db71c10,axial,bowl,1,27.1,27.1,0,0.0,0,,3.7,36.89,1,0.167,45,45,5.68,31.19,4,0.286,9,9 17 70 104,0.0,32.21,9,0.346,32,9 14 27 32 41 45 54 99 104,0.0,32.61,39,0.342,32
c3d57dada3819e60fbaaaf5884f2c88f,axial,lamp,1,4.87,4.87,1,1.0,0,0,4.87,22.58,4,0.667,0,0 23 90 113,4.87,21.1,7,0.5,0,0 35 52 61 78 104 113,0.92,30.18,13,0.5,99,0 5 14 18 23 27 86 90 95 99 104 108 113,0.7,32.42,38,0.333,103
c464b5be51b387fead5067eac75a07f7,axial,lamp,1,10.2,10.2,1,1.0,0,0,7.4,29.67,3,0.5,45,0 45 113,4.58,29.46,6,0.429,104,0 70 87 96 104 113,1.68,32.11,9,0.346,32,0 32 36 41 45 99 104 108 113,0.46,32.59,40,0.351,1
c46bfae78beaa4a7988abef1fd117e7,axial,bottle,1,24.34,24.34,0,0.0,0,,10.02,30.12,1,0.167,90,90,1.6,22.53,6,0.429,104,26 35 52 78 96 104,1.04,31.27,9,0.346,27,5 14 18 27 77 86 90 99 104,1.04,32.64,39,0.342,27
c4ac6a5f651d12c6c6b4aaa0b0f9d794,axial,jar,1,21.48,21.48,0,0.0,0,,21.47,30.47,0,0.0,113,,21.47,46.38,0,0.0,113,,0.91,33.42,7,0.269,5,5 50 54 59 63 72 108,0.91,32.62,39,0.342,5
c4b6121d162a3cb216ae07d515c8c56e,axial,bottle,1,62.48,62.48,0,0.0,0,,4.96,43.41,2,0.333,45,45 68,4.2,31.44,4,0.286,78,35 43 70 78,1.87,32.49,10,0.385,63,27 32 45 50 54 59 63 68 81 86,1.87,33.02,38,0.333,63
c553b7e594942f0a4c0bba210aa0d1,axial,bottle,1,32.99,32.99,0,0.0,0,,2.34,39.16,1,0.167,68,68,0.29,31.17,5,0.357,104,9 35 43 96 104,0.29,32.05,9,0.346,104,9 14 59 68 72 81 86 99 104,0.12,32.61,40,0.351,22
c80173e23efaac35535deb3b0c692a2a,axial,bottle,1,8.14,8.14,1,1.0,0,0,8.14,29.08,2,0.333,0,0 113,8.14,41.22,3,0.214,0,0 96 113,3.69,32.95,7,0.269,54,0 5 41 50 54 108 113,0.14,32.56,38,0.333,16
c8ba5b8ad05d553acd017fc6c40a6bea,axial,lamp,1,46.5,46.5,0,0.0,0,,2.84,29.43,3,0.5,90,23 45 90,5.41,34.65,4,0.286,70,26 61 70 96,2.84,33.56,7,0.269,90,18 23 32 36 45 77 90,0.46,32.89,40,0.351,53
c8efa3566eb1ce9bdbbc9f7db3c7138e,axial,pot,1,36.45,36.45,0,0.0,0,,5.02,39.99,1,0.167,45,45,3.68,30.53,4,0.286,9,9 17 70 78,0.61,32.19,9,0.346,14,9 14 27 32 41 45 54 86 99,0.54,32.72,39,0.342,102
c906a9c7ae536a0c7fb7f79251dd7727,axial,lamp,1,31.79,31.79,0,0.0,0,,22.06,34.64,0,0.0,90,,2.51,24.49,7,0.5,104,26 35 43 52 78 96 104,2.51,32.05,6,0.231,104,14 27 77 86 99 104,0.2,32.75,37,0.325,56
c961e64a930680bb900a91cbf836390b,axial,lamp,1,40.11,40.11,0,0.0,0,,1.78,26.64,3,0.5,23,23 45 90,10.3,40.89,2,0.143,87,26 87,1.78,32.94,10,0.385,23,5 18 23 36 41 45 50 54 90 95,0.52,32.75,41,0.36,66
c99eaaeb9b941af62ebeb1e6a8111f53,axial,lamp,1,0.94,0.94,1,1.0,0,0,0.94,23.5,3,0.5,0,0 90 113,0.94,23.24,7,0.5,0,0 9 26 35 43 52 113,0.04,30.42,11,0.423,5,0 5 9 14 18 77 81 86 90 99 113,0.04,32.39,41,0.36,5
c9a464649fb52e99d5cb6d178687b980,axial,lamp,1,14.2,14.2,1,1.0,0,0,14.2,30.31,3,0.5,113,0 45 113,3.45,25.68,7,0.5,70,0 9 70 78 87 104 113,6.41,32.22,11,0.423,99,0 9 14 27 32 36 45 99 104 108 113,1.32,32.57,40,0.351,53
ca2341f33cd4995dae7fdc0845a47bf5,axial,bottle,1,17.85,17.85,1,1.0,0,0,17.85,29.82,2,0.333,0,0 113,17.85,44.4,3,0.214,0,0 87 113,0.26,32.99,7,0.269,108,0 5 41 50 54 108 113,0.26,32.69,39,0.342,108
ca5d8536386d31d0dd90cd03407bb536,axial,lamp,1,1.41,1.41,1,1.0,0,0,1.41,22.8,3,0.5,0,0 90 113,1.41,22.43,7,0.5,0,0 9 26 35 43 52 113,1.37,30.39,12,0.462,5,0 5 9 14 18 77 81 86 90 99 108 113,0.63,32.38,40,0.351,56
ca75df76115441abc516ff01c2593ee9,axial,lamp,1,20.97,20.97,0,0.0,0,,5.74,26.3,3,0.5,90,23 68 90,2.84,27.8,5,0.357,43,9 17 35 43 52,1.01,31.46,9,0.346,108,9 18 23 68 77 81 90 95 108,1.01,32.73,38,0.333,108
caa8379f21c74f611f058bf0578300,axial,bottle,1,3.44,3.44,1,1.0,0,0,0.7,21.95,3,0.5,90,0 90 113,1.76,20.92,6,0.429,35,0 9 26 35 52 113,0.26,29.89,12,0.462,18,0 5 9 14 18 27 77 86 90 99 108 113,0.26,32.39,40,0.351,18
cb3ff04a607ea9651b22d29e47ec3f2,axial,bottle,1,44.63,44.63,0,0.0,0,,8.89,32.32,2,0.333,90,45 90,3.25,29.15,6,0.429,26,26 52 61 70 78 96,0.07,33.43,5,0.192,32,18 32 45 77 90,0.07,32.89,40,0.351,32
cbad1d4f7eb51ad9368b14e48c164a6e,axial,pot,1,61.41,61.41,0,0.0,0,,7.87,32.79,2,0.333,23,23 90,6.23,43.05,2,0.143,87,26 87,0.22,32.73,12,0.462,59,18 23 36 41 50 54 59 63 72 77 90 95,0.22,33.01,37,0.325,59
cbe88d4a56535ba64e23e9314af9ae57,axial,bottle,1,3.53,3.53,1,1.0,0,0,3.52,23.91,3,0.5,113,0 90 113,3.09,24.07,8,0.571,9,0 9 17 26 35 43 52 113,2.94,30.53,11,0.423,77,0 5 9 14 18 77 81 86 90 108 113,2.24,32.48,40,0.351,39
cc71eaf7278d78ce72652f4081ec5a77,axial,pot,1,61.92,61.92,0,0.0,0,,3.81,43.17,2,0.333,68,45 68,0.41,30.64,5,0.357,35,35 43 70 78 96,1.61,33.13,10,0.385,32,27 32 45 50 59 63 68 72 81 86,0.17,32.83,41,0.36,37
cce6476ac521a1d130f6e0ede20c4525,axial,lamp,1,46.98,46.98,0,0.0,0,,18.5,35.79,1,0.167,23,23,1.35,27.23,6,0.429,61,17 35 43 52 61 87,0.03,33.58,4,0.154,36,23 36 81 86,0.03,32.74,38,0.333,36
cd05ada0981bd85a2c528d33bca1ac2,axial,lamp,1,18.51,18.51,1,1.0,0,0,10.37,36.38,3,0.5,45,0 45 113,1.37,33.95,6,0.429,104,0 9 17 96 104 113,1.37,33.26,10,0.385,104,0 9 32 41 45 50 54 99 104 113,1.37,32.62,41,0.36,104
cd389501a749d5b13b080c0097c00a32,axial,lamp,1,42.92,42.92,0,0.0,0,,3.63,28.36,2,0.333,23,23 90,1.9,43.9,2,0.143,87,26 87,2.09,33.04,9,0.346,95,5 18 23 36 41 50 54 90 95,1.21,32.87,38,0.333,98
cdeccf2f410846d0e0155f56493d36bc,axial,bottle,1,43.17,43.17,0,0.0,0,,17.22,35.06,1,0.167,90,90,0.51,25.68,7,0.5,96,26 52 61 70 78 96 104,1.09,33.37,5,0.192,77,27 32 77 90 104,0.04,32.69,39,0.342,39
ce3b5fdadd2b73216aea2f18ee404fd5,axial,lamp,1,72.79,72.79,0,0.0,0,,6.58,38.77,1,0.167,68,68,2.56,38.04,4,0.286,52,43 52 61 87,1.18,34.3,7,0.269,41,36 41 54 59 63 68 77,0.01,33.1,38,0.333,51
ce406a32bdc610198ca4aeb5e3b33af7,axial,lamp,1,34.94,34.94,0,0.0,0,,8.5,28.49,3,0.5,23,23 45 90,0.9,43.18,1,0.071,87,87,3.24,33.4,11,0.423,95,5 18 23 36 41 45 50 54 90 95 108,0.57,32.84,39,0.342,58
ce48ffb418b99996912a38ce5826ebb8,axial,bowl,1,67.28,67.28,0,0.0,0,,10.74,43.04,2,0.333,68,45 68,2.27,31.53,5,0.357,35,35 43 61 70 78,3.02,34.19,9,0.346,81,27 41 45 50 54 63 68 81 86,0.02,33.02,38,0.333,76
cf0a733f9a63f4f5664b3b9b23ddfcbc,axial,bottle,1,18.85,18.85,1,1.0,0,0,6.38,26.03,4,0.667,23,0 23 90 113,5.7,26.63,7,0.5,70,0 61 70 78 96 104 113,0.44,31.34,11,0.423,5,0 5 18 23 32 36 90 95 104 108 113,0.44,32.7,40,0.351,5
cf158e768a6c9c8a17cab8b41d766398,axial,ashcan,1,24.33,24.33,0,0.0,0,,11.83,39.56,1,0.167,45,45,4.93,33.6,4,0.286,104,9 17 96 104,2.17,33.33,9,0.346,54,9 14 32 41 45 50 54 99 104,0.6,32.6,40,0.351,33
cf6843231592b29e2586fa0d0359af6,axial,bottle,1,59.83,59.83,0,0.0,0,,16.29,42.35,2,0.333,68,45 68,2.31,30.23,6,0.429,78,35 43 52 70 78 96,3.09,33.91,8,0.308,72,27 32 45 50 59 68 72 86,0.83,32.97,37,0.325,60
cf6eff1143f9826ab5c14191b5dd293b,axial,bottle,1,6.44,6.44,1,1.0,0,0,6.44,29.62,2,0.333,113,0 113,6.44,42.3,3,0.214,113,0 96 113,4.19,33.05,8,0.308,54,0 5 41 50 54 63 108 113,0.4,32.57,41,0.36,71
cf9987efe529a5c538b27a25d1336579,axial,lamp,1,30.57,30.57,0,0.0,0,,19.11,33.71,1,0.167,90,90,2.09,23.9,7,0.5,104,26 35 43 52 78 96 104,2.09,31.85,7,0.269,104,14 27 77 86 90 99 104,2.09,32.73,38,0.333,104
d08164b754c2f139b93e96f21cf0da86,axial,lamp,1,73.6,73.6,0,0.0,0,,5.41,39.24,1,0.167,68,68,0.8,37.37,4,0.286,52,43 52 61 87,0.48,34.35,6,0.231,41,36 41 54 59 63 68,0.48,33.11,38,0.333,41
d162f269bc5fb7da85df81f999944b5d,axial,bowl,1,34.57,34.57,0,0.0,0,,2.19,25.84,3,0.5,68,23 68 90,12.35,36.94,3,0.214,17,17 26 43,2.19,32.55,8,0.308,68,18 23 68 77 81 90 95 108,2.19,32.84,37,0.325,68
d1792ebb96fe73ff30612f5c0ef21eb8,axial,bottle,1,63.15,63.15,0,0.0,0,,10.04,43.14,2,0.333,68,45 68,2.38,30.7,5,0.357,78,35 43 70 78 96,1.14,33.82,10,0.385,32,27 32 45 50 59 63 68 72 81 86,1.14,32.96,37,0.325,32
d190d56a1e6213e420ebca9c2a65e97d,axial,lamp,1,48.82,48.82,0,0.0,0,,9.06,32.37,2,0.333,23,23 68,0.02,31.14,6,0.429,52,17 35 43 52 61 87,5.72,33.86,5,0.192,81,23 36 68 81 95,0.02,32.86,39,0.342,52
d1addad5931dd337713f2e93cbeac35d,axial,bowl,1,55.43,55.43,0,0.0,0,,21.7,41.09,0,0.0,45,,2.78,29.33,6,0.429,35,17 35 43 61 70 78,3.34,33.89,5,0.192,41,27 36 41 81 86,0.06,32.84,38,0.333,49
d1aed86c38d9ea6761462fc0fa9b0bb4,axial,lamp,1,62.73,62.73,0,0.0,0,,8.1,37.82,1,0.167,68,68,0.14,32.67,5,0.357,43,35 43 52 61 87,4.66,34.47,4,0.154,36,36 41 68 81,0.14,33.01,37,0.325,43
d231a8b21aeeb7d78749901456352d5,axial,lamp,1,18.45,18.45,1,1.0,0,0,18.45,38.81,2,0.333,0,0 113,7.68,35.98,6,0.429,96,0 9 17 96 104 113,3.74,33.37,8,0.308,50,0 9 50 54 59 63 104 113,0.2,32.57,40,0.351,67
d297d1b0e4f0c244f61150ce90be197a,axial,bottle,1,21.85,21.85,0,0.0,0,,15.16,28.86,2,0.333,45,23 45,8.93,42.33,2,0.143,87,87 96,2.43,33.21,8,0.308,5,5 23 41 45 50 54 95 108,0.18,32.56,42,0.368,37
d30623112e58b893eee7d6dab02eb061,axial,bottle,1,3.37,3.37,1,1.0,0,0,3.36,26.42,3,0.5,113,0 68 113,0.71,34.55,5,0.357,17,0 9 17 26 113,3.36,32.26,8,0.308,113,0 5 9 59 68 72 81 113,0.18,32.45,38,0.333,110
d357edb3b9ae47f230f6e0ede20c4525,axial,lamp,1,3.3,3.3,1,1.0,0,0,3.3,30.72,2,0.333,0,0 113,3.3,39.63,4,0.286,0,0 96 104 113,3.3,32.96,7,0.269,0,0 41 50 54 63 104 113,0.43,32.45,38,0.333,3
d36d4552fe1290ee90c2e24416edfe5b,axial,lamp,1,25.44,25.44,0,0.0,0,,16.54,41.01,1,0.167,45,45,3.5,33.58,4,0.286,104,9 17 96 104,3.31,33.35,10,0.385,54,9 14 32 41 45 50 54 63 99 104,0.53,32.57,41,0.36,75
d3a3d52234e722825208aab875b932bc,axial,lamp,1,32.55,32.55,0,0.0,0,,16.03,29.86,1,0.167,90,90,10.5,45.95,1,0.071,26,26,1.49,33.64,9,0.346,63,5 18 50 59 63 72 90 95 108,0.27,32.66,40,0.351,20
d3b53f56b4a7b3b3c9f016d57db96408,axial,bottle,1,33.36,33.36,0,0.0,0,,9.43,43.13,1,0.167,45,45,2.05,32.35,4,0.286,9,9 17 96 104,0.88,33.14,10,0.385,54,9 14 32 41 45 50 54 63 99 104,0.24,32.69,38,0.333,102
d3ed110edb3b8a4172639f272c5e060d,axial,bottle,1,54.31,54.31,0,0.0,0,,8.45,33.63,2,0.333,45,45 90,0.34,32.84,5,0.357,61,26 52 61 70 96,5.94,34.18,6,0.231,77,18 32 45 72 77 90,0.34,32.9,39,0.342,61
d3eea69d9d58401c76c2a9de5c96f76,axial,bottle,1,80.5,80.5,0,0.0,0,,16.72,41.76,2,0.333,45,45 68,4.5,39.42,2,0.143,61,52 61,0.84,34.21,10,0.385,54,36 41 45 50 54 59 63 68 72 77,0.16,33.19,38,0.333,64
d42435906e79e4131de8e551fc6cf2b0,axial,lamp,1,4.94,4.94,1,1.0,0,0,4.93,25.65,4,0.667,113,0 68 90 113,2.26,26.36,6,0.429,9,0 9 17 26 43 113,1.49,30.88,10,0.385,81,0 5 9 18 68 77 81 90 108 113,1.49,32.51,38,0.333,81
d44472ef7086538676bb31db0358e9c6,axial,bottle,1,22.65,22.65,0,0.0,0,,1.3,27.23,1,0.167,23,23,0.59,22.73,7,0.5,9,9 17 35 52 61 78 87,0.59,31.13,8,0.308,9,9 14 23 27 36 86 95 108,0.59,32.59,38,0.333,9
d44618b5aefe9ecd467ca2ad6571afff,axial,bottle,1,16.05,16.05,1,1.0,0,0,6.34,25.51,4,0.667,90,0 23 90 113,4.15,25.35,7,0.5,9,0 9 17 35 43 52 113,2.61,31.21,11,0.423,108,0 5 9 18 23 77 81 90 95 108 113,0.02,32.59,38,0.333,10
d466b21fb042a2ac605afa80919f9592,axial,lamp,1,41.61,41.61,0,0.0,0,,12.43,40.39,1,0.167,68,68,0.86,28.47,5,0.357,43,35 43 78 96 104,1.13,32.59,9,0.346,72,14 27 59 68 72 81 86 99 104,0.86,32.82,38,0.333,43
d54b55ff9b0923c12cd2160e449d45ae,axial,lamp,1,58.11,58.11,0,0.0,0,,3.34,33.52,2,0.333,45,45 90,3.22,35.37,4,0.286,61,26 52 61 70,3.34,34.26,6,0.231,45,18 32 45 72 77 90,0.39,32.91,40,0.351,53
d56098d4d83f5976a2c59a4d90e63212,axial,jar,1,30.24,30.24,0,0.0,0,,23.2,34.59,0,0.0,23,,0.43,24.43,7,0.5,9,9 17 35 61 70 78 87,0.43,31.87,6,0.231,9,9 14 27 36 86 99,0.43,32.71,38,0.333,9
d59202f9d1504c8cc65f1ed6a348c8a9,axial,lamp,1,21.73,21.73,0,0.0,0,,18.16,31.58,1,0.167,90,90,0.48,23.52,5,0.357,35,26 35 43 52 104,1.32,31.46,8,0.308,99,5 14 27 77 86 90 99 104,0.1,32.51,40,0.351,109
d5dd0b4d16d2b6808bda158eedb63a62,axial,bottle,1,16.5,16.5,1,1.0,0,0,16.5,30.47,2,0.333,113,0 113,16.5,45.69,2,0.143,113,0 113,4.43,33.5,9,0.346,108,0 5 41 50 54 59 63 108 113,0.94,32.6,39,0.342,7
d6474403437240d578e4d091a0ee3ecd,axial,ashcan,1,30.81,30.81,0,0.0,0,,16.31,29.72,1,0.167,90,90,9.82,45.52,1,0.071,26,26,0.92,33.45,8,0.308,59,5 18 59 63 72 90 95 108,0.92,32.71,38,0.333,59
d73b4313372ca6e1a6a7b6e78d8d5bcb,axial,lamp,1,14.82,14.82,1,1.0,0,0,14.82,36.58,2,0.333,0,0 113,3.38,36.49,6,0.429,17,0 9 17 96 104 113,5.28,33.43,7,0.269,59,0 9 50 59 63 104 113,1.24,32.54,39,0.342,29
d74bc917899133e080c257afea181fa2,axial,bottle,1,54.51,54.51,0,0.0,0,,19.75,38.55,1,0.167,68,68,3.62,29.26,7,0.5,61,17 35 43 52 61 78 87,2.73,34.09,5,0.192,81,36 41 68 81 86,0.05,32.88,40,0.351,48
d7e77f60893f20c4a2c59a4d90e63212,axial,pot,1,12.96,12.96,1,1.0,0,0,12.95,28.68,3,0.5,113,0 23 113,1.16,23.72,8,0.571,87,0 9 61 70 78 87 104 113,2.11,31.56,13,0.5,36,0 9 14 23 27 32 36 86 95 99 104 108 113,1.16,32.56,38,0.333,87
d8021dc9fc9109b130612f5c0ef21eb8,axial,bottle,1,21.97,21.97,0,0.0,0,,21.97,30.42,0,0.0,113,,21.57,46.36,0,0.0,26,,0.83,33.37,6,0.231,108,5 50 59 63 72 108,0.51,32.63,37,0.325,42
d829ffd1d35f36a61ad51dad4e9c1543,axial,bottle,1,23.49,23.49,0,0.0,0,,11.21,39.01,1,0.167,68,68,4.63,33.65,4,0.286,9,9 17 96 104,3.16,33.34,9,0.346,59,9 14 59 63 68 72 81 99 104,0.26,32.61,38,0.333,42
d82a17b1f646e95dfcb8d8c6d4df8143,axial,lamp,1,3.57,3.57,1,1.0,0,0,3.57,26.47,4,0.667,0,0 68 90 113,3.07,26.39,6,0.429,9,0 9 17 26 43 113,2.16,31.35,10,0.385,81,0 5 9 14 18 68 77 81 90 113,0.14,32.44,41,0.36,1
d851cbc873de1c4d3b6eb309177a6753,axial,bottle,1,54.25,54.25,0,0.0,0,,9.36,44.66,2,0.333,68,45 68,11.95,32.16,5,0.357,35,35 43 70 78 96,0.37,32.32,12,0.462,50,14 27 32 45 50 54 59 63 68 81 86 99,0.04,32.87,39,0.342,83
d85f1862dfe799cbf78b6c51ab8f145e,axial,bottle,1,40.49,40.49,0,0.0,0,,12.4,45.22,1,0.167,68,68,4.99,32.49,4,0.286,96,9 17 96 104,0.5,33.1,12,0.462,14,9 14 27 32 50 59 63 68 81 86 99 104,0.5,32.78,39,0.342,14
d87a2d766579f15e38b27a25d1336579,axial,lamp,1,48.57,48.57,0,0.0,0,,10.95,45.17,2,0.333,68,45 68,13.35,32.44,6,0.429,96,17 35 43 78 96 104,3.49,32.87,13,0.5,50,14 27 32 45 50 54 59 63 68 81 86 99 104,0.1,32.76,39,0.342,30
d8b33b356591441f23d2ff62625c9fe7,axial,lamp,1,33.03,33.03,0,0.0,0,,1.45,39.96,1,0.167,68,68,0.59,31.67,4,0.286,104,9 43 96 104,0.59,32.41,9,0.346,104,9 14 59 68 72 81 86 99 104,0.46,32.56,39,0.342,94
d8b6c270d29c58c55627157b31e16dc2,axial,bottle,1,44.71,44.71,0,0.0,0,,19.46,35.87,1,0.167,23,23,0.99,26.05,8,0.571,61,9 17 35 43 52 61 78 87,1.13,33.47,5,0.192,36,9 23 36 81 86,0.42,32.69,40,0.351,48
d910d855fd179dc066c1a8ee69277898,axial,bottle,1,41.9,41.9,0,0.0,0,,9.35,29.43,2,0.333,90,23 90,6.54,45.51,2,0.143,26,26 87,3.12,33.57,12,0.462,18,18 23 41 50 54 59 63 72 77 90 95 108,2.47,32.93,36,0.316,85
d98455f19960f99ed684faddec3c0090,axial,bowl,1,29.88,29.88,0,0.0,0,,16.76,32.99,1,0.167,90,90,1.05,23.44,6,0.429,26,26 35 52 78 96 104,0.04,31.68,8,0.308,77,14 18 27 77 86 90 99 104,0.04,32.67,39,0.342,77
d9aee510fd5e8afb93fb5c975e8de2b7,axial,bottle,1,9.1,9.1,1,1.0,0,0,4.41,30.31,3,0.5,68,0 68 113,2.57,33.14,4,0.286,9,0 9 17 113,0.89,32.38,7,0.269,72,0 9 59 68 72 81 113,0.78,32.43,38,0.333,102
da5db67a2385d5e8da9baff5f5368802,axial,lamp,1,8.34,8.34,1,1.0,0,0,8.34,33.82,2,0.333,0,0 113,8.34,39.16,6,0.429,0,0 9 17 96 104 113,0.8,33.23,7,0.269,50,0 9 50 54 63 104 113,0.62,32.35,41,0.36,110
da5f13f4048dbd72fcb8d8c6d4df8143,axial,lamp,1,6.91,6.91,1,1.0,0,0,6.9,27.87,3,0.5,113,0 45 113,2.74,26.61,7,0.5,70,0 70 78 87 96 104 113,3.65,31.76,8,0.308,32,0 32 36 45 99 104 108 113,1.13,32.47,40,0.351,100
db180e4f9a75ae717ba6f8f10959534c,axial,bowl,1,36.4,36.4,0,0.0,0,,1.61,41.16,1,0.167,45,45,4.04,31.56,5,0.357,9,9 17 70 78 104,0.29,32.4,10,0.385,99,9 14 27 32 41 45 54 86 99 104,0.29,32.52,38,0.333,99
db88171d1793fa2785718c281d7fdf61,axial,lamp,1,1.06,1.06,1,1.0,0,0,1.06,29.96,2,0.333,0,0 113,1.06,40.64,3,0.214,0,0 96 113,1.06,32.88,6,0.231,0,0 50 54 59 63 113,0.03,32.42,38,0.333,67
db9eea0b856faed772652f4081ec5a77,axial,pot,1,63.72,63.72,0,0.0,0,,10.46,39.49,1,0.167,45,45,1.7,31.97,6,0.429,52,26 52 61 70 78 96,6.04,34.5,5,0.192,72,32 45 50 72 77,0.98,33.03,38,0.333,80
dbe83cbb4cd5113c14038d588fd1342f,axial,lamp,1,33.95,33.95,0,0.0,0,,15.79,29.94,2,0.333,23,23 90,11.11,46.19,2,0.143,87,26 87,1.43,33.88,12,0.462,50,5 18 23 41 50 54 59 63 72 90 95 108,0.03,32.69,40,0.351,10
dc005c019fbfb32c90071898148dca0e,axial,bottle,1,23.3,23.3,0,0.0,0,,23.3,30.16,0,0.0,113,,17.29,46.1,1,0.071,26,26,0.18,33.22,7,0.269,108,5 18 50 59 63 72 108,0.17,32.73,38,0.333,84
dc0926ce09d6ce78eb8e919b102c6c08,axial,bottle,1,20.44,20.44,0,0.0,0,,15.05,33.36,1,0.167,45,45,0.51,27.47,5,0.357,70,9 70 78 87 104,4.51,32.45,9,0.346,99,9 14 27 32 36 41 45 99 104,0.02,32.5,38,0.333,4
dc2c07ff617d1da0197a35146ee825cd,axial,bottle,1,84.4,84.4,0,0.0,0,,9.47,43.82,2,0.333,45,45 68,1.03,37.47,4,0.286,52,43 52 61 70,1.96,34.75,9,0.346,50,41 45 50 54 59 63 68 72 77,1.03,33.19,40,0.351,52
dc5e7460dff922246a44fdd49dec8069,axial,lamp,1,23.75,23.75,0,0.0,0,,17.27,29.1,2,0.333,68,68 90,9.12,43.18,1,0.071,26,26,0.5,33.19,8,0.308,108,5 18 59 63 68 72 90 108,0.11,32.62,41,0.36,98
dc687759ea93d1b72cd6cd3dc3fb5dc2,axial,bottle,1,19.66,19.66,1,1.0,0,0,8.43,26.33,4,0.667,90,0 23 90 113,2.07,23.6,8,0.571,61,0 52 61 70 78 96 104 113,2.61,31.31,11,0.423,104,0 5 18 23 27 32 90 95 99 104 113,0.47,32.54,42,0.368,91
dc8b9cc431acdda473f5a6f6800a3e79,axial,lamp,1,46.57,46.57,0,0.0,0,,7.13,31.58,2,0.333,90,45 90,0.72,31.0,6,0.429,61,26 52 61 70 78 96,4.86,33.68,5,0.192,32,18 32 45 77 90,0.72,32.87,40,0.351,61
dd15ee7374954827c5be64abd4416cc9,axial,bowl,1,27.17,27.17,0,0.0,0,,6.07,39.27,1,0.167,68,68,4.91,32.8,5,0.357,104,9 17 43 96 104,4.91,33.15,8,0.308,104,9 14 59 68 72 81 99 104,0.98,32.67,37,0.325,6
dd1dde844f5b8ceef361255e85d5896f,axial,lamp,1,74.94,74.94,0,0.0,0,,0.99,41.01,1,0.167,45,45,3.02,34.75,4,0.286,52,52 61 70 78,0.99,34.54,7,0.269,45,32 45 50 54 59 72 77,0.3,33.05,39,0.342,47
dd280525cf000bc3a608634464309a70,axial,bottle,1,80.42,80.42,0,0.0,0,,2.63,43.63,2,0.333,68,45 68,4.24,34.77,6,0.429,43,35 43 52 61 70 78,0.25,34.26,8,0.308,54,41 45 50 54 59 63 68 81,0.25,33.04,37,0.325,54
dd2f38a2acf5334781cf48bf3eca784c,axial,pot,1,63.28,63.28,0,0.0,0,,4.7,36.63,1,0.167,68,68,2.58,34.21,4,0.286,52,43 52 61 87,2.05,34.38,5,0.192,36,36 41 63 68 81,0.71,32.95,37,0.325,74
dd381b3459767f7b18f18cdcd25d1bbb,axial,bowl,1,14.95,14.95,1,1.0,0,0,14.05,28.68,3,0.5,45,0 45 113,13.24,41.05,4,0.286,87,0 87 96 113,0.55,32.9,9,0.346,108,0 5 41 45 50 54 95 108 113,0.12,32.51,39,0.342,16
ddc2d39dac6e84506c5b8009db95f66f,axial,lamp,1,65.89,65.89,0,0.0,0,,8.47,43.22,2,0.333,45,45 68,0.5,30.97,4,0.286,35,35 43 70 78,1.69,33.89,10,0.385,81,27 32 41 45 50 54 63 68 81 86,0.5,32.95,36,0.316,35
ddeb5d944c128f78b0957d845ac33749,axial,lamp,1,20.83,20.83,0,0.0,0,,6.55,28.4,1,0.167,23,23,0.32,22.24,5,0.357,61,9 35 61 78 87,1.65,30.99,9,0.346,86,9 14 23 27 36 86 95 99 108,0.32,32.61,36,0.316,61
de5799693fbddbe3c4560b8f156e749,axial,lamp,1,46.98,46.98,0,0.0,0,,14.77,34.58,1,0.167,90,90,2.15,28.2,6,0.429,26,26 52 61 70 78 96,2.78,33.64,5,0.192,32,18 27 32 77 90,1.23,32.83,40,0.351,93
de93987085cf4dcc5208aab875b932bc,axial,lamp,1,21.41,21.41,0,0.0,0,,8.9,27.92,2,0.333,45,23 45,4.35,39.88,2,0.143,87,87 96,2.78,33.18,8,0.308,5,5 23 36 41 45 54 95 108,0.61,32.66,36,0.316,8
dee4dc24ecc3067f44c183864792bc2b,axial,pot,1,7.86,7.86,1,1.0,0,0,5.55,26.96,3,0.5,45,0 45 113,3.33,36.02,5,0.357,96,0 87 96 104 113,3.48,32.49,9,0.346,108,0 5 32 41 45 54 104 108 113,0.21,32.52,40,0.351,2
df4ec460683acbb89d789ef7917b7723,axial,bottle,1,19.61,19.61,1,1.0,0,0,9.34,28.9,3,0.5,23,0 23 113,3.9,22.5,7,0.5,61,0 9 35 61 78 87 113,2.5,30.98,11,0.423,14,0 9 14 23 27 36 86 95 99 108 113,0.09,32.6,38,0.333,15
e001d10c9aed09d9947a4fb398a91722,axial,lamp,1,39.76,39.76,0,0.0,0,,5.0,30.64,1,0.167,90,90,2.59,28.19,6,0.429,61,26 52 61 70 78 96,2.31,33.07,4,0.154,32,18 32 77 90,2.09,32.84,35,0.307,16
e017cd91e485756aef026123226f5519,axial,bottle,1,52.38,52.38,0,0.0,0,,0.87,28.52,2,0.333,23,23 90,1.27,43.76,2,0.143,87,26 87,0.1,32.64,12,0.462,72,18 23 36 41 50 54 59 63 72 77 90 95,0.1,32.88,40,0.351,72
e02cc9c4cac285419cb07ecb5b4102,axial,lamp,1,56.9,56.9,0,0.0,0,,7.98,44.29,2,0.333,68,45 68,9.46,31.95,4,0.286,35,35 43 70 78,0.05,32.03,12,0.462,81,14 27 32 45 50 54 59 63 68 81 86 99,0.05,32.9,37,0.325,81
e0725fd7859fa238ff67c12005f72d2,axial,pot,1,87.21,87.21,0,0.0,0,,11.75,44.85,2,0.333,45,45 68,2.08,37.85,4,0.286,52,43 52 61 70,0.27,34.84,9,0.346,59,41 45 50 54 59 63 68 72 77,0.27,33.22,39,0.342,59
e072da5c1e38c11a7548281e465c9303,axial,bowl,1,60.81,60.81,0,0.0,0,,17.27,41.91,2,0.333,45,45 68,0.45,30.36,6,0.429,78,35 43 52 70 78 96,0.72,33.97,8,0.308,72,27 32 45 50 59 68 72 86,0.45,32.92,40,0.351,78
e0a99ab7c7a0d2d4e59f529cd1b6faa8,axial,lamp,1,4.7,4.7,1,1.0,0,0,4.69,29.59,2,0.333,113,0 113,4.69,42.02,3,0.214,113,0 17 113,2.9,33.01,8,0.308,63,0 5 50 59 63 72 108 113,2.76,32.57,40,0.351,12
e119bf2041459392601bea3dca268229,axial,bottle,1,10.77,10.77,1,1.0,0,0,10.76,28.88,3,0.5,113,0 68 113,10.76,41.04,4,0.286,113,0 17 26 113,2.11,32.89,8,0.308,72,0 5 59 63 68 72 108 113,0.29,32.55,38,0.333,111
e12e898cceec4e23f51f77a6d7299806,axial,lamp,1,16.43,16.43,1,1.0,0,0,16.43,30.34,2,0.333,113,0 113,16.43,45.43,2,0.143,113,0 113,0.19,33.26,8,0.308,50,0 5 41 50 54 63 108 113,0.03,32.53,41,0.36,29
e16e27d3670853b12d4e6b2984840098,axial,bowl,1,3.57,3.57,1,1.0,0,0,3.56,26.71,3,0.5,113,0 45 113,1.36,29.55,6,0.429,104,0 70 87 96 104 113,1.36,31.67,8,0.308,104,0 32 36 41 45 104 108 113,0.36,32.44,40,0.351,28
e178ab3b967c7fddc901d9dddb735c9f,axial,lamp,1,71.89,71.89,0,0.0,0,,2.98,38.64,1,0.167,68,68,0.52,36.59,4,0.286,52,43 52 61 87,2.12,34.39,7,0.269,41,36 41 54 59 63 68 81,0.52,33.12,41,0.36,52
e180510d07b65fff571108a6d1e94edd,axial,lamp,1,16.58,16.58,1,1.0,0,0,7.17,26.95,4,0.667,68,0 68 90 113,0.93,31.8,6,0.429,17,0 9 17 26 43 113,4.01,32.04,10,0.385,77,0 5 9 18 68 77 81 90 108 113,0.93,32.68,37,0.325,17
e1891813cf904b3188e7efbf7ff736b7,axial,lamp,1,22.09,22.09,0,0.0,0,,22.09,30.39,0,0.0,113,,20.93,46.32,0,0.0,87,,0.75,33.32,6,0.231,50,5 41 50 54 63 108,0.15,32.62,37,0.325,67
e2343ffc39e5f4bf85a18a4e86f89dc9,axial,lamp,1,9.34,9.34,1,1.0,0,0,9.34,28.58,3,0.5,0,0 45 113,9.34,40.14,4,0.286,0,0 87 96 113,1.08,32.8,8,0.308,41,0 5 41 45 50 54 108 113,0.81,32.56,39,0.342,2
e24fb21f7cb7998d94b2f4c4a75fd722,axial,bottle,1,20.86,20.86,0,0.0,0,,12.29,29.96,1,0.167,23,23,3.94,22.77,5,0.357,87,9 35 61 78 87,1.8,31.08,9,0.346,14,9 14 23 27 36 86 95 99 108,0.14,32.54,38,0.333,74
e293003f297e155624d1b7c6bfe44fcc,axial,lamp,1,47.92,47.92,0,0.0,0,,7.16,44.65,1,0.167,45,45,10.25,32.18,5,0.357,17,9 17 35 70 78,2.5,32.93,11,0.423,32,9 14 27 32 45 50 54 63 81 86 99,0.21,32.85,38,0.333,94
e30444ae7a929b6687d4034dde63c4f7,axial,lamp,1,26.99,26.99,0,0.0,0,,7.23,27.31,2,0.333,68,68 90,1.09,39.58,2,0.143,26,17 26,2.91,33.2,9,0.346,108,5 18 59 68 72 77 90 95 108,0.33,32.66,39,0.342,7
e30e5cbc54a62b023c143af07c12991a,axial,bowl,1,19.97,19.97,1,1.0,0,0,14.96,30.42,3,0.5,90,0 90 113,1.27,22.97,7,0.5,35,0 26 35 43 52 104 113,0.05,31.1,11,0.423,77,0 5 14 18 27 77 86 90 99 104 113,0.05,32.44,44,0.386,77
e3484284e1f301077d9a3c398c7b4709,axial,ashcan,1,32.62,32.62,0,0.0,0,,3.88,38.9,1,0.167,68,68,0.13,30.97,5,0.357,104,9 35 43 96 104,0.13,32.0,9,0.346,104,9 14 59 68 72 81 86 99 104,0.13,32.67,41,0.36,104
e37cfb42fe03034842ab55d7ba3461f,axial,bottle,1,17.19,17.19,1,1.0,0,0,17.18,29.83,2,0.333,113,0 113,17.18,44.33,3,0.214,113,0 26 113,0.46,32.98,7,0.269,5,0 5 59 63 72 108 113,0.46,32.68,38,0.333,5
e3d4d57aea714a88669ff09d7001bab6,axial,bowl,1,40.12,40.12,0,0.0,0,,1.25,26.27,3,0.5,45,23 45 90,15.68,38.77,4,0.286,87,26 70 87 96,1.25,32.8,8,0.308,45,5 18 23 32 36 45 90 95,0.48,32.8,40,0.351,13
e3e57a94be495771f54e1b6f41fdd78a,axial,bowl,1,55.67,55.67,0,0.0,0,,22.06,40.97,0,0.0,68,,2.05,29.34,6,0.429,35,17 35 43 61 70 78,3.87,33.94,5,0.192,41,27 36 41 81 86,0.36,32.85,38,0.333,66
e3ee6b31e54e95b7d42b9650f19dd425,axial,lamp,1,49.5,49.5,0,0.0,0,,26.27,38.66,0,0.0,68,,1.76,27.65,6,0.429,35,17 35 43 61 78 87,9.33,33.85,5,0.192,86,27 36 41 81 86,1.76,32.92,36,0.316,35
e43996a9154a48e0db039d8689a74349,axial,lamp,1,39.1,39.1,0,0.0,0,,7.53,44.24,1,0.167,68,68,0.82,31.96,5,0.357,96,9 17 43 96 104,0.32,32.93,12,0.462,59,9 14 27 50 59 63 68 72 81 86 99 104,0.19,32.69,40,0.351,30
e4915635a488cbfc4c3a35cee92bb95b,axial,bottle,1,15.73,15.73,1,1.0,0,0,3.32,27.01,4,0.667,68,0 68 90 113,4.02,36.66,4,0.286,26,0 17 26 113,3.32,32.75,10,0.385,68,0 5 18 68 72 77 81 90 108 113,0.6,32.67,37,0.325,51
e4c871d1d5e3c49844b2fa2cac0778f5,axial,bowl,1,54.89,54.89,0,0.0,0,,21.82,40.03,0,0.0,68,,0.31,29.02,7,0.5,35,17 35 43 61 70 78 87,5.52,34.07,5,0.192,81,27 36 41 81 86,0.25,32.87,38,0.333,57
e500097e7023db9ac951cf8670bfff6,axial,ashcan,1,56.83,56.83,0,0.0,0,,7.01,44.24,2,0.333,45,45 68,9.18,31.92,4,0.286,78,35 43 70 78,0.65,32.12,12,0.462,32,14 27 32 45 50 54 59 63 68 81 86 99,0.65,32.89,38,0.333,32
e53e623e49b97bbd72652f4081ec5a77,axial,pot,1,62.27,62.27,0,0.0,0,,0.46,34.2,2,0.333,45,45 90,4.14,36.86,4,0.286,61,26 52 61 70,0.46,34.22,7,0.269,45,32 36 45 50 72 77 90,0.46,32.95,39,0.342,45
e593aa021f3fa324530647fc03dd20dc,axial,bottle,1,10.6,10.6,1,1.0,0,0,3.66,30.84,3,0.5,68,0 68 113,1.06,32.84,5,0.357,9,0 9 17 43 113,0.88,32.37,7,0.269,72,0 9 59 68 72 81 113,0.14,32.41,40,0.351,112
e5a5dac174982cea2dcdfc29ed7a2492,axial,bottle,1,22.26,22.26,0,0.0,0,,22.26,30.43,0,0.0,113,,21.43,46.4,0,0.0,26,,0.53,33.39,6,0.231,108,5 50 59 63 72 108,0.53,32.63,37,0.325,108
e5ff9311bee487f5ca4aaad7dc0e3a16,axial,lamp,1,77.41,77.41,0,0.0,0,,0.12,42.91,2,0.333,45,45 68,1.29,33.64,6,0.429,70,35 43 52 61 70 78,0.12,33.98,9,0.346,45,27 32 45 50 54 59 63 68 72,0.12,33.04,38,0.333,45
e656d6586d481f41eb69804478f9c547,axial,bottle,1,30.29,30.29,0,0.0,0,,20.17,30.25,0,0.0,23,,15.69,46.63,1,0.071,87,87,3.77,34.16,10,0.385,50,5 18 41 50 54 59 63 72 95 108,0.56,32.75,40,0.351,21
e65eb892b1d1730e52470de2774d6099,axial,lamp,1,6.92,6.92,1,1.0,0,0,6.92,27.65,4,0.667,0,0 68 90 113,0.43,25.68,6,0.429,43,0 9 26 35 43 113,5.81,31.72,10,0.385,81,0 5 9 14 18 68 77 81 90 113,0.43,32.46,41,0.36,43
e688f147080f123828eb8d149efa4062,axial,lamp,1,9.66,9.66,1,1.0,0,0,1.86,23.92,3,0.5,23,0 23 113,0.86,24.01,8,0.571,104,0 61 70 78 87 96 104 113,0.86,30.69,12,0.462,104,0 5 18 23 27 32 36 95 99 104 108 113,0.2,32.46,39,0.342,57
e7310381c64cd87f8880edc6251fa529,axial,lamp,1,58.97,58.97,0,0.0,0,,7.13,32.11,3,0.5,90,23 45 90,1.68,41.08,2,0.143,26,26 61,7.13,34.18,10,0.385,90,18 23 36 41 45 50 54 72 77 90,0.33,33.0,37,0.325,85
e7b9477eaf6e2b64fe755e3418b63110,axial,lamp,1,7.03,7.03,1,1.0,0,0,5.21,29.49,3,0.5,45,0 45 113,4.54,33.47,4,0.286,104,0 96 104 113,1.12,32.37,8,0.308,41,0 32 41 45 54 104 108 113,0.06,32.44,40,0.351,112
e8006513d5f46d79e738f481f8560d58,axial,lamp,1,18.23,18.23,1,1.0,0,0,3.25,26.98,4,0.667,45,0 23 45 113,2.1,36.93,4,0.286,87,0 87 96 113,3.25,32.83,10,0.385,45,0 5 23 32 36 41 45 95 108 113,0.9,32.7,39,0.342,62
e816066ac8281e2ecf70f9641eb97702,axial,bowl,1,43.13,43.13,0,0.0,0,,17.26,35.07,1,0.167,90,90,0.45,25.65,7,0.5,96,26 52 61 70 78 96 104,1.05,33.36,5,0.192,77,27 32 77 90 104,0.01,32.69,39,0.342,39
e824b049f16b29f19ab27ff78a8ea481,axial,bottle,1,71.76,71.76,0,0.0,0,,16.28,37.82,2,0.333,68,23 68,10.66,41.02,3,0.214,52,52 61 87,1.36,33.55,10,0.385,63,23 36 41 50 54 59 63 68 72 77,0.17,33.05,39,0.342,55
e8b48d395d3d8744e53e6e0633163da8,axial,bottle,1,38.71,38.71,0,0.0,0,,10.22,32.42,1,0.167,90,90,1.77,25.82,7,0.5,96,26 52 61 70 78 96 104,8.06,33.16,6,0.231,77,18 27 32 77 90 104,0.16,32.81,38,0.333,69
e9371d3abbb3bb7265bca0cae1ecfff5,axial,bottle,1,48.69,48.69,0,0.0,0,,3.1,28.26,3,0.5,23,23 45 90,8.15,43.23,2,0.143,26,26 87,2.08,33.07,11,0.423,18,18 23 36 41 45 50 54 72 77 90 95,1.02,32.97,38,0.333,58
e94aab17400945413225afab722d9fd2,axial,lamp,1,4.48,4.48,1,1.0,0,0,2.61,26.01,3,0.5,45,0 45 113,0.68,33.73,6,0.429,96,0 70 87 96 104 113,2.61,32.16,8,0.308,45,0 5 32 41 45 104 108 113,0.07,32.41,38,0.333,3
e98c05f4cc8c7afcf648915c85184f8c,axial,lamp,1,42.01,42.01,0,0.0,0,,4.79,26.86,3,0.5,90,23 68 90,13.32,40.33,3,0.214,26,26 43 87,0.88,32.92,7,0.269,77,18 23 68 77 90 95 108,0.11,32.72,39,0.342,38
e9eb1e4250b5c727d0546e77f7d9b0d4,axial,pot,1,43.65,43.65,0,0.0,0,,10.81,33.0,1,0.167,90,90,1.94,27.87,6,0.429,26,26 52 61 70 78 96,3.24,33.47,4,0.154,32,18 32 77 90,0.68,32.88,38,0.333,16
e9f83f1d54e959bd35836c728d324152,axial,lamp,1,6.01,6.01,1,1.0,0,0,1.0,22.83,3,0.5,90,0 90 113,4.85,23.03,7,0.5,9,0 9 26 35 43 52 113,1.0,30.52,11,0.423,90,0 5 9 14 18 77 81 86 90 108 113,1.0,32.45,38,0.333,90
ea02a7933158caecfcb8d8c6d4df8143,axial,lamp,1,38.98,38.98,0,0.0,0,,11.24,32.78,1,0.167,90,90,1.93,25.6,7,0.5,96,26 52 61 70 78 96 104,7.01,33.18,6,0.231,77,18 27 32 77 90 104,0.95,32.81,39,0.342,101
ea473a79fd2c98e5789eafad9d8a9394,axial,bowl,1,3.05,3.05,1,1.0,0,0,3.05,29.45,3,0.5,0,0 68 113,3.05,37.03,4,0.286,0,0 9 17 113,3.05,32.75,8,0.308,0,0 5 9 59 63 68 72 113,0.79,32.47,42,0.368,38
ea5893e12134c6272f798bd8a3edd4de,axial,lamp,1,56.3,56.3,0,0.0,0,,2.76,30.43,3,0.5,90,23 45 90,0.16,42.85,2,0.143,26,26 87,1.63,33.07,12,0.462,36,18 23 36 41 45 50 54 59 72 77 90 95,0.16,32.93,38,0.333,26
ea9721231b1369c93ffd072b23bde58,axial,lamp,1,25.26,25.26,0,0.0,0,,23.76,30.3,0,0.0,90,,17.79,46.45,1,0.071,26,26,0.08,33.49,7,0.269,63,5 18 50 59 63 72 108,0.08,32.7,38,0.333,63
ea9ec4d9db2e06202471e6dd5ac3ef92,axial,lamp,1,39.73,39.73,0,0.0,0,,13.61,33.6,1,0.167,23,23,0.39,25.12,7,0.5,87,9 17 35 43 52 61 87,4.6,33.2,6,0.231,36,9 23 36 81 86 95,0.39,32.75,38,0.333,87
eb37d11948d7b4ffe030fd2fa0608452,axial,lamp,1,34.63,34.63,0,0.0,0,,8.11,39.1,1,0.167,68,68,1.87,29.74,4,0.286,104,35 43 96 104,0.37,32.03,9,0.346,72,14 27 59 68 72 81 86 99 104,0.37,32.75,40,0.351,72
ebdc97f5fa29b1dae6597d391ab6fcc1,axial,lamp,1,4.44,4.44,1,1.0,0,0,0.36,22.43,3,0.5,90,0 90 113,4.43,22.86,7,0.5,113,0 9 26 35 43 52 113,0.11,30.37,11,0.423,18,0 5 9 14 18 77 81 86 90 108 113,0.11,32.43,37,0.325,18
ec2c1338e2faae58adbcc9ee28cee4cb,axial,pot,1,14.44,14.44,1,1.0,0,0,7.22,31.51,3,0.5,45,0 45 113,7.63,29.86,7,0.5,104,0 9 70 87 96 104 113,0.65,32.32,9,0.346,32,0 9 14 32 41 45 99 104 113,0.65,32.56,39,0.342,32
ec449d7c89e84657cf66a9e192dbe265,axial,lamp,1,28.0,28.0,0,0.0,0,,7.58,40.13,1,0.167,45,45,3.85,32.84,4,0.286,9,9 17 96 104,3.85,33.2,9,0.346,9,9 14 32 41 45 50 54 99 104,0.59,32.64,39,0.342,33
ec639d4850ba9aa6fcb8d8c6d4df8143,axial,lamp,1,11.05,11.05,1,1.0,0,0,5.32,27.18,3,0.5,68,0 68 113,4.95,36.81,5,0.357,17,0 9 17 26 113,0.21,32.55,11,0.423,5,0 5 9 18 59 68 72 77 81 108 113,0.21,32.6,41,0.36,5
ec782fd2f4825158f24dd57a3f1f3b51,axial,lamp,1,47.07,47.07,0,0.0,0,,2.73,28.61,2,0.333,90,23 90,0.69,44.26,2,0.143,26,26 87,0.09,32.61,12,0.462,95,18 23 36 41 50 54 59 63 72 77 90 95,0.09,32.84,39,0.342,95
ec876529d01d4df490ad276cd2af3a4,axial,lamp,1,26.3,26.3,0,0.0,0,,24.51,30.44,0,0.0,23,,19.97,46.75,1,0.071,87,87,3.94,33.94,10,0.385,5,5 18 41 50 54 59 63 72 95 108,0.04,32.69,41,0.36,93
ed1d39c6592739f72652f4081ec5a77,axial,pot,1,41.84,41.84,0,0.0,0,,2.69,42.91,1,0.167,68,68,1.51,31.46,4,0.286,96,35 43 96 104,0.83,32.7,11,0.423,81,14 27 50 59 63 68 72 81 86 99 104,0.66,32.69,38,0.333,88
ed220bdfa852f00ba2c59a4d90e63212,axial,bowl,1,13.52,13.52,1,1.0,0,0,13.51,30.35,2,0.333,113,0 113,13.51,44.99,2,0.143,113,0 113,3.1,33.42,9,0.346,63,0 5 50 54 59 63 72 108 113,0.04,32.58,37,0.325,111
ed45838f0c557b778a0c77569eaa010f,axial,lamp,1,3.68,3.68,1,1.0,0,0,3.68,30.82,2,0.333,0,0 113,3.68,39.3,4,0.286,0,0 96 104 113,3.01,32.95,7,0.269,54,0 41 50 54 63 104 113,0.3,32.45,39,0.342,3
ed54691cf655a8a3b3a8888e78d004b3,axial,lamp,1,17.33,17.33,1,1.0,0,0,2.63,25.65,4,0.667,23,0 23 45 113,2.7,27.28,8,0.571,70,0 61 70 78 87 96 104 113,2.63,31.19,11,0.423,23,0 5 18 23 32 36 45 95 104 108 113,1.68,32.6,42,0.368,103
ed86685bc4a0711044c183864792bc2b,axial,pot,1,41.3,41.3,0,0.0,0,,17.59,45.5,1,0.167,68,68,9.35,32.74,4,0.286,96,9 17 96 104,0.14,32.76,13,0.5,99,9 14 27 32 50 54 59 63 68 81 86 99 104,0.14,32.65,38,0.333,99
edcadf508090e17bfcb8d8c6d4df8143,axial,lamp,1,23.32,23.32,0,0.0,0,,22.7,29.9,0,0.0,23,,14.92,45.38,1,0.071,87,87,0.5,33.12,6,0.231,5,5 41 50 54 95 108,0.5,32.75,35,0.307,5
edfcffbdd585d00ec41b4a535d52e063,axial,bottle,1,59.99,59.99,0,0.0,0,,12.6,38.38,1,0.167,45,45,0.45,31.24,6,0.429,52,26 52 61 70 78 96,4.49,34.37,4,0.154,32,32 45 72 77,0.45,33.0,38,0.333,52
ee3b4a98683feab4633d74df68189e22,axial,bowl,1,34.27,34.27,0,0.0,0,,4.44,27.11,3,0.5,90,23 68 90,4.67,41.04,1,0.071,26,26,0.3,33.07,10,0.385,18,18 23 59 63 68 72 77 90 95 108,0.3,32.79,38,0.333,18
ee74f5bfb0d7c8a5bd288303be3d57e7,axial,bottle,1,11.44,11.44,1,1.0,0,0,11.44,29.53,3,0.5,113,0 45 113,0.37,26.11,6,0.429,70,0 70 78 87 104 113,7.44,32.15,10,0.385,32,0 14 27 32 36 45 99 104 108 113,0.37,32.45,40,0.351,70
ef612752f6192e8d29eb9d04ea723179,axial,lamp,1,18.68,18.68,1,1.0,0,0,7.65,27.77,4,0.667,68,0 68 90 113,5.37,39.12,4,0.286,26,0 17 26 113,5.48,33.08,10,0.385,108,0 5 18 59 68 72 77 90 108 113,1.51,32.7,38,0.333,98
f049bbd180d89cb5490ad276cd2af3a4,axial,lamp,1,49.3,49.3,0,0.0,0,,3.55,28.36,3,0.5,23,23 68 90,7.84,42.79,2,0.143,87,26 87,2.39,33.18,11,0.423,77,18 23 36 41 59 63 68 72 77 90 95,2.39,32.98,38,0.333,77
f0611ec9ff89209bf10c4513652c1c5e,axial,bottle,1,14.52,14.52,1,1.0,0,0,10.74,28.01,3,0.5,23,0 23 113,0.36,22.55,7,0.5,78,0 9 61 70 78 87 113,2.35,30.93,11,0.423,99,0 9 14 23 27 36 86 95 99 108 113,0.36,32.5,38,0.333,78
f092117adb1e9254d1cbf3e52b9b6237,axial,lamp,1,76.23,76.23,0,0.0,0,,12.06,40.01,1,0.167,45,45,4.83,39.37,4,0.286,61,26 52 61 70,0.31,34.12,9,0.346,50,36 41 45 50 54 59 63 72 77,0.31,33.16,42,0.368,50
f0b6bf1a583cd99169d13a7b2498cca9,axial,lamp,1,54.4,54.4,0,0.0,0,,0.89,29.5,3,0.5,90,23 45 90,2.11,43.07,2,0.143,26,26 87,0.89,33.04,12,0.462,90,18 23 36 41 45 50 54 59 72 77 90 95,0.89,32.96,38,0.333,90
f1c17606d5952d9225ebd1cd0b422e32,axial,pot,1,43.7,43.7,0,0.0,0,,28.24,38.01,0,0.0,90,,1.59,26.58,7,0.5,96,26 35 43 52 78 96 104,3.41,33.3,7,0.269,27,27 32 72 77 86 99 104,0.11,32.81,39,0.342,16
f1d505c01e188533b11036f4855ac4b5,axial,pot,1,28.92,28.92,0,0.0,0,,13.68,42.13,1,0.167,68,68,1.75,32.97,4,0.286,104,9 17 96 104,1.73,33.28,10,0.385,59,9 14 50 59 63 68 72 81 99 104,1.73,32.66,40,0.351,59
f1f7ec7a146470a272652f4081ec5a77,axial,pot,1,13.73,13.73,1,1.0,0,0,13.73,30.41,2,0.333,113,0 113,13.73,45.15,2,0.143,113,0 113,7.37,33.52,8,0.308,50,0 5 50 54 59 63 108 113,0.25,32.63,36,0.316,2
f2279b29f7d45bbd744c199e33849f2a,axial,bottle,1,15.86,15.86,1,1.0,0,0,13.06,35.66,3,0.5,45,0 45 113,1.92,34.67,5,0.357,104,0 9 96 104 113,1.92,33.24,9,0.346,104,0 9 32 41 45 50 54 104 113,0.3,32.47,41,0.36,11
f274cbff23bda61a85024815e816c655,axial,lamp,1,5.54,5.54,1,1.0,0,0,3.82,22.67,3,0.5,90,0 90 113,3.13,21.05,7,0.5,52,0 35 52 61 78 104 113,1.93,29.83,12,0.462,86,0 5 14 18 27 77 86 90 99 104 108 113,0.03,32.41,40,0.351,69
f2cb15fb793e7fa244057c222118625,axial,bowl,1,36.03,36.03,0,0.0,0,,0.69,26.12,3,0.5,23,23 45 90,8.7,40.13,2,0.143,87,87 96,0.69,32.83,8,0.308,23,5 18 23 36 41 45 90 95,0.42,32.73,38,0.333,62
f35efdf00062e177962bfd5bcfc9bf86,axial,ashcan,1,77.11,77.11,0,0.0,0,,3.52,43.09,2,0.333,45,45 68,2.99,33.29,6,0.429,70,35 43 52 61 70 78,3.52,34.0,10,0.385,45,27 32 45 50 54 59 63 68 81 86,2.06,33.11,42,0.368,51
f35f3a1ce31850e8b9ca8a85614dd727,axial,bottle,1,28.19,28.19,0,0.0,0,,1.94,25.94,2,0.333,68,68 90,6.38,37.82,3,0.214,26,17 26 43,0.73,32.57,9,0.346,18,5 18 68 72 77 81 90 95 108,0.07,32.6,40,0.351,7
f38370fc4c112017a6e7138fdd58748,axial,lamp,1,29.49,29.49,0,0.0,0,,8.81,27.61,2,0.333,90,68 90,0.93,40.68,2,0.143,26,17 26,4.23,33.29,9,0.346,18,5 18 59 68 72 77 90 95 108,0.18,32.7,38,0.333,25
f392dbd90200bd7dc77f357adbe5c980,axial,lamp,1,21.88,21.88,0,0.0,0,,10.07,37.95,1,0.167,45,45,4.01,33.7,4,0.286,104,9 17 96 104,4.01,33.35,9,0.346,104,9 14 32 41 45 50 54 99 104,0.01,32.65,38,0.333,6
f44387d8cb8d2e4ebaedc225f2279ecf,axial,bowl,1,38.67,38.67,0,0.0,0,,3.31,26.2,3,0.5,45,23 45 90,12.83,39.43,4,0.286,87,26 70 87 96,0.66,32.75,7,0.269,36,5 18 23 36 45 90 95,0.07,32.76,38,0.333,88
f4851a2835228377e101b7546e3ee8a7,axial,bottle,1,16.55,16.55,1,1.0,0,0,16.55,37.85,2,0.333,0,0 113,6.5,36.56,6,0.429,96,0 9 17 96 104 113,0.21,33.35,7,0.269,50,0 9 50 54 63 104 113,0.21,32.59,39,0.342,50
f49d6c4b75f695c44d34bdc365023cf4,axial,bottle,1,51.81,51.81,0,0.0,0,,8.68,44.79,2,0.333,45,45 68,13.5,32.23,4,0.286,78,17 35 70 78,2.37,32.64,12,0.462,32,14 27 32 45 50 54 59 63 68 81 86 99,0.78,32.84,37,0.325,76
f4db9c55f72edb36ad0d9196eb691e00,axial,lamp,1,16.42,16.42,1,1.0,0,0,4.52,25.59,3,0.5,23,0 23 113,3.97,22.29,6,0.429,35,0 9 35 52 61 113,1.43,30.69,10,0.385,95,0 9 14 23 27 86 95 99 108 113,0.63,32.61,37,0.325,110
f530508e27911aadabd4ed5db7667131,axial,lamp,1,18.85,18.85,1,1.0,0,0,18.85,38.6,2,0.333,0,0 113,1.52,35.29,6,0.429,17,0 9 17 96 104 113,4.07,33.43,7,0.269,9,0 9 50 59 63 104 113,0.02,32.57,38,0.333,16
f56600b8cb2f94d64d8b0368afacc65,axial,lamp,1,12.97,12.97,1,1.0,0,0,12.97,36.06,2,0.333,0,0 113,8.04,37.67,6,0.429,96,0 9 17 96 104 113,1.62,33.38,7,0.269,50,0 9 50 54 63 104 113,1.62,32.53,41,0.36,50
f5ecf2549d458beebd4a7a372c75ee76,axial,pot,1,77.24,77.24,0,0.0,0,,11.87,40.48,1,0.167,45,45,4.0,39.14,4,0.286,61,26 52 61 70,0.04,34.19,9,0.346,50,36 41 45 50 54 59 63 72 77,0.04,33.18,42,0.368,50
f68e99b57596b33d197a35146ee825cd,axial,bottle,1,67.02,67.02,0,0.0,0,,0.66,42.57,2,0.333,45,45 68,0.6,30.98,4,0.286,35,35 43 70 78,0.6,33.02,10,0.385,63,27 32 45 50 54 59 63 68 81 86,0.6,32.96,38,0.333,35
f69d3903096b6bb78ca4aeb5e3b33af7,axial,lamp,1,51.13,51.13,0,0.0,0,,0.11,28.45,3,0.5,90,23 45 90,6.08,40.96,3,0.214,26,26 61 87,0.11,33.56,9,0.346,90,18 23 36 45 50 54 77 90 95,0.11,32.87,37,0.325,90
f6a7d85ccca5e5e34a6ecce2eeb45768,axial,lamp,1,53.23,53.23,0,0.0,0,,1.14,29.8,3,0.5,45,23 45 90,2.87,38.22,3,0.214,26,26 61 70,1.14,33.89,8,0.308,45,18 23 32 36 45 50 77 90,0.63,32.93,40,0.351,75
f72efa4574100c12a8930422448288ea,axial,lamp,1,58.18,58.18,0,0.0,0,,12.71,37.41,1,0.167,45,45,2.87,31.27,6,0.429,52,26 52 61 70 78 96,3.32,34.26,4,0.154,77,32 45 72 77,2.69,33.0,37,0.325,29
f74e2aa18622de8872652f4081ec5a77,axial,pot,1,49.91,49.91,0,0.0,0,,2.78,29.3,3,0.5,68,23 68 90,5.24,36.82,4,0.286,87,17 43 52 87,2.78,33.72,7,0.269,68,23 36 68 77 81 90 95,0.43,32.91,37,0.325,82
f83c3b75f637241aebe67d9b32c3ddf8,axial,bottle,1,6.88,6.88,1,1.0,0,0,6.87,27.26,4,0.667,113,0 23 45 113,1.08,24.84,6,0.429,87,0 70 78 87 104 113,6.16,31.6,12,0.462,36,0 14 23 27 32 36 45 95 99 104 108 113,0.14,32.42,41,0.36,19
f853ac62bc288e48e56a63d21fb60ae9,axial,bottle,1,11.81,11.81,1,1.0,0,0,11.8,29.64,3,0.5,113,0 45 113,0.75,26.07,7,0.5,70,0 9 70 78 87 104 113,7.87,32.16,11,0.423,32,0 9 14 27 32 36 45 99 104 108 113,0.42,32.47,41,0.36,91
f97011a0bae2b4062d1c72b9dec4baa1,axial,lamp,1,39.31,39.31,0,0.0,0,,3.19,26.29,3,0.5,68,23 68 90,13.37,39.43,4,0.286,26,17 26 43 87,1.17,32.79,7,0.269,77,18 23 68 77 90 95 108,0.28,32.76,38,0.333,100
f9f67fe61dcf46d7e19818797f240d91,axial,bottle,1,16.81,16.81,1,1.0,0,0,2.36,26.08,4,0.667,23,0 23 45 113,2.93,29.15,7,0.5,70,0 61 70 87 96 104 113,0.16,31.18,11,0.423,95,0 5 18 23 32 36 45 95 104 108 113,0.16,32.55,41,0.36,95
fa0a32c4326a42fef51f77a6d7299806,axial,lamp,1,78.04,78.04,0,0.0,0,,0.21,42.69,2,0.333,45,45 68,2.45,34.39,6,0.429,70,35 43 52 61 70 78,0.21,34.41,8,0.308,45,32 45 50 54 59 63 68 72,0.21,33.05,39,0.342,45
fa23aa60ec51c8e4c40fe5637f0a27e1,axial,bowl,1,70.85,70.85,0,0.0,0,,4.11,38.04,1,0.167,68,68,1.5,37.28,4,0.286,52,43 52 61 87,3.24,34.36,7,0.269,41,36 41 54 59 63 68 77,0.65,33.11,40,0.351,44
fa44223c6f785c60e71da2487cb2ee5b,axial,bottle,1,25.33,25.33,0,0.0,0,,24.38,30.37,0,0.0,23,,18.88,46.58,1,0.071,87,87,1.92,33.67,8,0.308,50,5 41 50 54 59 63 95 108,0.2,32.69,38,0.333,100
fa61e604661d4aa66658ecd96794a1cd,axial,bowl,1,52.37,52.37,0,0.0,0,,21.61,40.78,0,0.0,68,,5.47,28.78,5,0.357,78,35 43 52 78 96,4.53,33.72,5,0.192,72,27 32 72 77 86,0.11,32.86,38,0.333,47
fa723633a3cfed271e74a5e93d408a1a,axial,ashcan,1,63.27,63.27,0,0.0,0,,4.74,43.19,2,0.333,45,45 68,0.55,30.61,4,0.286,70,35 43 70 78,0.41,33.3,11,0.423,81,27 32 41 45 50 54 59 63 68 81 86,0.24,32.84,41,0.36,62
fa9a37d95fa8c6542beec56b24479ed1,axial,lamp,1,11.49,11.49,1,1.0,0,0,11.49,34.67,2,0.333,0,0 113,3.86,37.06,5,0.357,17,0 9 17 104 113,2.3,33.3,8,0.308,59,0 9 50 59 63 72 104 113,0.08,32.39,40,0.351,76
fa9e6aa9d67d5329e5c3c7284848bbfe,axial,jar,1,20.01,20.01,0,0.0,0,,3.83,26.07,3,0.5,23,23 45 90,1.47,28.06,6,0.429,70,61 70 78 87 96 104,0.31,31.31,10,0.385,5,5 18 23 32 36 45 90 95 104 108,0.31,32.65,41,0.36,5
faa200741fa93abb47ec7417da5d353d,axial,bowl,1,27.43,27.43,0,0.0,0,,20.65,33.43,0,0.0,90,,1.95,23.94,7,0.5,104,26 35 43 52 78 96 104,1.53,31.65,6,0.231,86,14 27 77 86 99 104,0.54,32.65,38,0.333,8
fc77ad0828db2caa533e44d90297dd6e,axial,bowl,1,44.56,44.56,0,0.0,0,,21.39,36.4,0,0.0,23,,0.65,25.96,8,0.571,35,9 17 35 43 52 61 78 87,3.14,33.49,6,0.231,36,9 27 36 41 81 86,0.35,32.71,40,0.351,97
fcbf5e87e140b2e78f672c860d940b4c,axial,pot,1,57.64,57.64,0,0.0,0,,1.72,31.89,2,0.333,68,23 68,1.62,37.91,4,0.286,87,43 52 61 87,1.72,34.19,8,0.308,68,23 36 41 63 68 77 81 95,0.13,32.96,39,0.342,76
fcd263dc05862ad1bec3353c29751fdf,axial,lamp,1,27.77,27.77,0,0.0,0,,2.1,37.25,1,0.167,68,68,4.96,31.54,4,0.286,104,9 43 96 104,1.21,32.34,9,0.346,81,9 14 59 68 72 81 86 99 104,0.46,32.64,39,0.342,94
fd0ccd09330865277602de57eab5e08f,axial,bottle,1,8.7,8.7,1,1.0,0,0,8.7,28.77,3,0.5,0,0 45 113,8.7,40.51,3,0.214,0,0 96 113,3.12,32.88,8,0.308,41,0 5 41 45 50 54 108 113,0.94,32.58,38,0.333,37
fe02f6594ed8b96ae85a3dc26b76b2ae,axial,lamp,1,18.66,18.66,1,1.0,0,0,18.65,31.58,2,0.333,113,0 113,5.51,25.19,8,0.571,87,0 9 61 70 78 87 104 113,1.08,32.08,11,0.423,99,0 9 14 27 32 36 86 99 104 108 113,0.04,32.6,40,0.351,110
fec05c85454edafc4310636931b68fdb,axial,bottle,1,38.3,38.3,0,0.0,0,,3.07,27.42,3,0.5,90,23 68 90,4.83,42.23,2,0.143,26,26 87,2.04,33.16,10,0.385,18,18 23 59 63 68 72 77 90 95 108,0.15,32.88,39,0.342,100
ff2f13bc0b9d4ade19c52ba9902b5ab0,axial,ashcan,1,76.89,76.89,0,0.0,0,,0.85,42.13,2,0.333,68,45 68,2.89,34.57,6,0.429,43,35 43 52 61 70 78,0.85,34.56,9,0.346,68,36 41 45 50 54 59 63 68 81,0.27,33.06,41,0.36,57
ffa6c49aa8f7ec19971e7f8dbfabf375,axial,bottle,1,71.43,71.43,0,0.0,0,,6.71,42.98,2,0.333,45,45 68,4.4,32.54,6,0.429,70,35 43 52 61 70 78,6.36,34.38,10,0.385,59,27 32 45 50 54 59 63 68 72 86,0.19,33.04,41,0.36,40
ffa6f6a754334d00a2c59a4d90e63212,axial,pot,1,3.25,3.25,1,1.0,0,0,3.25,28.71,3,0.5,0,0 68 113,0.91,35.27,4,0.286,17,0 9 17 113,2.37,32.51,8,0.308,72,0 5 9 59 68 72 81 113,0.74,32.44,39,0.342,55
fff6acd5b543ae02a9bdc22a1e02e82,axial,lamp,1,6.4,6.4,1,1.0,0,0,6.4,32.7,2,0.333,0,0 113,6.4,39.53,4,0.286,0,0 9 17 113,1.58,33.16,6,0.231,63,0 9 50 59 63 113,0.1,32.38,38,0.333,25
10654ea604644c8eca7ed590d69b9804,planar,bench,1,0.09,0.09,1,1.0,0,0,0.08,23.69,3,0.5,113,0 23 113,0.08,23.72,7,0.5,113,0 61 70 78 87 104 113,0.08,30.37,10,0.385,113,0 23 27 32 36 95 99 104 108 113,0.08,32.37,40,0.351,113
1074bdcb3c2032fe0f3f8b6e1796773,planar,cabinet,1,0.0,0.0,1,1.0,0,0,0.0,23.67,3,0.5,0,0 23 113,0.0,23.73,7,0.5,0,0 61 70 78 87 104 113,0.0,30.36,10,0.385,0,0 23 27 32 36 95 99 104 108 113,0.0,32.37,40,0.351,0
109a19840a8fbc774c3aee8e9d3a6ffa,planar,file,1,0.0,0.0,1,1.0,0,0,0.0,23.67,3,0.5,0,0 23 113,0.0,23.73,7,0.5,0,0 61 70 78 87 104 113,0.0,30.36,10,0.385,0,0 23 27 32 36 95 99 104 108 113,0.0,32.37,40,0.351,0
10b54fe832a00c3ec59350d819542ec7,planar,cabinet,1,0.05,0.05,1,1.0,0,0,0.05,23.67,3,0.5,0,0 23 113,0.05,23.75,7,0.5,0,0 61 70 78 87 104 113,0.05,30.37,10,0.385,0,0 23 27 32 36 95 99 104 108 113,0.05,32.37,40,0.351,0
10c484963692d3c87d40405e5ee68b4f,planar,cabinet,1,0.01,0.01,1,1.0,0,0,0.0,23.67,3,0.5,113,0 23 113,0.0,23.73,7,0.5,113,0 61 70 78 87 104 113,0.0,30.36,10,0.385,113,0 23 27 32 36 95 99 104 108 113,0.0,32.37,40,0.351,113
11224ef64e1702b412e0c474ff07001f,planar,cabinet,1,0.0,0.0,1,1.0,0,0,0.0,23.67,3,0.5,0,0 23 113,0.0,23.73,7,0.5,0,0 61 70 78 87 104 113,0.0,30.36,10,0.385,0,0 23 27 32 36 95 99 104 108 113,0.0,32.37,40,0.351,0
115aa37af1a07d24a5a88312547ed863,planar,pistol,1,0.04,0.04,1,1.0,0,0,0.04,23.66,3,0.5,0,0 23 113,0.04,23.73,7,0.5,0,0 61 70 78 87 104 113,0.04,30.36,10,0.385,0,0 23 27 32 36 95 99 104 108 113,0.04,32.37,40,0.351,0
11ee3844cf96c7194da5feafe6f1c8fc,planar,cabinet,1,0.01,0.01,1,1.0,0,0,0.01,23.67,3,0.5,0,0 23 113,0.01,23.73,7,0.5,0,0 61 70 78 87 104 113,0.01,30.36,10,0.385,0,0 23 27 32 36 95 99 104 108 113,0.01,32.37,40,0.351,0
124cd036611b65b514038d588fd1342f,planar,cabinet,1,0.01,0.01,1,1.0,0,0,0.01,23.67,3,0.5,0,0 23 113,0.01,23.73,7,0.5,0,0 61 70 78 87 104 113,0.01,30.36,10,0.385,0,0 23 27 32 36 95 99 104 108 113,0.01,32.37,40,0.351,0
1298634053ad50d36d07c55cf995503e,planar,camera,1,0.0,0.0,1,1.0,0,0,0.0,23.67,3,0.5,0,0 23 113,0.0,23.73,7,0.5,0,0 61 70 78 87 104 113,0.0,30.36,10,0.385,0,0 23 27 32 36 95 99 104 108 113,0.0,32.37,40,0.351,0
12a5e976e028409ca67ac8a08d7e171,planar,rifle,1,89.9,89.9,0,0.0,0,,11.64,46.01,2,0.333,68,45 68,4.63,37.83,4,0.286,61,43 52 61 70,2.48,35.09,8,0.308,54,41 45 50 54 59 63 68 72,0.41,33.24,38,0.333,56
12ae14d584758b4ee42c56c78fb88524,planar,bench,1,0.02,0.02,1,1.0,0,0,0.01,23.67,3,0.5,113,0 23 113,0.01,23.73,7,0.5,113,0 61 70 78 87 104 113,0.01,30.36,10,0.385,113,0 23 27 32 36 95 99 104 108 113,0.01,32.37,40,0.351,113
12de47490769694e490ad276cd2af3a4,planar,cabinet,2,0.0,0.0,1,1.0,0,0,0.0,12.56,4,0.667,0,0 23 68 113,0.0,14.84,9,0.643,0,0 9 17 61 70 78 87 104 113,0.0,16.82,16,0.615,0,0 5 9 23 27 32 36 59 68 72 81 95 99 104 108 113,0.0,17.27,72,0.632,0
139478e7e85aabf27274021d5552b63f,planar,stove,1,0.43,0.43,1,1.0,0,0,0.43,24.01,3,0.5,0,0 23 113,0.43,23.72,8,0.571,0,0 61 70 78 87 96 104 113,0.26,30.43,10,0.385,108,0 23 27 32 36 95 99 104 108 113,0.26,32.38,40,0.351,108
13ec1052a32ca23bfd60059ad8523f1a,planar,table,2,0.0,0.0,1,1.0,0,0,0.0,12.55,4,0.667,0,0 23 68 113,0.0,14.83,9,0.643,0,0 9 17 61 70 78 87 104 113,0.0,16.82,16,0.615,0,0 5 9 23 27 32 36 59 68 72 81 95 99 104 108 113,0.0,17.27,72,0.632,0
1405ccaff7fa9dbd51b711a0825fda5b,planar,display,1,0.01,0.01,1,1.0,0,0,0.0,23.67,3,0.5,113,0 23 113,0.0,23.73,7,0.5,113,0 61 70 78 87 104 113,0.0,30.36,10,0.385,113,0 23 27 32 36 95 99 104 108 113,0.0,32.37,40,0.351,113
141616a00df67c351082f2ea630bf69e,planar,skateboard,1,0.01,0.01,1,1.0,0,0,0.0,23.67,3,0.5,113,0 23 113,0.0,23.73,7,0.5,113,0 61 70 78 87 104 113,0.0,30.36,10,0.385,113,0 23 27 32 36 95 99 104 108 113,0.0,32.37,40,0.351,113
1422f82a72e0b7f48ae1c1abea367249,planar,bench,1,0.0,0.0,1,1.0,0,0,0.0,23.67,3,0.5,0,0 23 113,0.0,23.73,7,0.5,0,0 61 70 78 87 104 113,0.0,30.36,10,0.385,0,0 23 27 32 36 95 99 104 108 113,0.0,32.37,40,0.351,0
1445e30aa2d3212db6a78dbbcf2e408,planar,loudspeaker,1,0.0,0.0,1,1.0,0,0,0.0,23.67,3,0.5,113,0 23 113,0.0,23.73,7,0.5,113,0 61 70 78 87 104 113,0.0,30.36,10,0.385,113,0 23 27 32 36 95 99 104 108 113,0.0,32.37,40,0.351,113
146fb2790c11c7f1aaf6c17538652a1d,planar,bench,1,0.0,0.0,1,1.0,0,0,0.0,23.67,3,0.5,0,0 23 113,0.0,23.73,7,0.5,0,0 61 70 78 87 104 113,0.0,30.36,10,0.385,0,0 23 27 32 36 95 99 104 108 113,0.0,32.37,40,0.351,0
1480fa8916f31b6d3c77a85180cab6b6,planar,bench,2,0.04,0.04,1,1.0,0,0,0.04,13.0,4,0.667,0,0 23 68 113,0.04,14.57,10,0.714,0,0 9 17 61 70 78 87 96 104 113,0.04,16.87,16,0.615,0,0 5 9 23 27 32 36 59 68 72 81 95 99 104 108 113,0.04,17.27,72,0.632,0
148638f9a7c72ab55a0e5699b3040a35,planar,cabinet,1,0.0,0.0,1,1.0,0,0,0.0,23.67,3,0.5,0,0 23 113,0.0,23.73,7,0.5,0,0 61 70 78 87 104 113,0.0,30.36,10,0.385,0,0 23 27 32 36 95 99 104 108 113,0.0,32.37,40,0.351,0
150ad6a5c35beb17ee79d445a3ad4fd4,planar,knife,1,0.01,0.01,1,1.0,0,0,0.0,23.67,3,0.5,113,0 23 113,0.0,23.73,7,0.5,113,0 61 70 78 87 104 113,0.0,30.36,10,0.385,113,0 23 27 32 36 95 99 104 108 113,0.0,32.37,40,0.351,113
151fccb37c2d51b0b82fa571a1cdbf24,planar,laptop,1,0.02,0.02,1,1.0,0,0,0.01,23.67,3,0.5,113,0 23 113,0.01,23.72,7,0.5,113,0 61 70 78 87 104 113,0.01,30.36,10,0.385,113,0 23 27 32 36 95 99 104 108 113,0.01,32.37,40,0.351,113
1541e36e8dc2d84caed2201239784a35,planar,bench,1,0.0,0.0,1,1.0,0,0,0.0,23.67,3,0.5,0,0 23 113,0.0,23.73,7,0.5,0,0 61 70 78 87 104 113,0.0,30.36,10,0.385,0,0 23 27 32 36 95 99 104 108 113,0.0,32.37,40,0.351,0
15cb1696b45ef647dcad484e89744ca,planar,table,2,0.01,0.01,1,1.0,0,0,0.0,12.55,4,0.667,113,0 23 68 113,0.0,14.83,9,0.643,113,0 9 17 61 70 78 87 104 113,0.0,16.82,16,0.615,113,0 5 9 23 27 32 36 59 68 72 81 95 99 104 108 113,0.0,17.27,72,0.632,113
15ccd76ba83a2e02b0f9d182eb000fb,planar,display,2,0.38,0.38,1,1.0,0,0,0.35,15.48,4,0.667,113,0 45 68 113,0.35,15.75,8,0.571,113,0 9 17 43 52 61 70 113,0.17,19.38,13,0.5,72,0 5 9 41 45 50 54 59 63 68 72 81 113,0.17,17.27,71,0.623,72
15e2d1fe9a4b28e68fb8c03013603b0c,planar,bus,1,0.86,0.86,1,1.0,0,0,0.86,24.04,3,0.5,0,0 23 113,0.86,23.89,8,0.571,0,0 61 70 78 87 96 104 113,0.23,30.43,11,0.423,36,0 5 23 27 32 36 95 99 104 108 113,0.23,32.4,41,0.36,36
15ed07a6b7265f802056b4bd5d870b47,planar,bench,2,0.03,0.03,1,1.0,0,0,0.02,12.56,4,0.667,113,0 23 68 113,0.02,14.83,9,0.643,113,0 9 17 61 70 78 87 104 113,0.02,16.82,16,0.615,113,0 5 9 23 27 32 36 59 68 72 81 95 99 104 108 113,0.02,17.27,72,0.632,113
15fd978b59889cdc30bbd4cddd04c77b,planar,bench,2,0.04,0.04,1,1.0,0,0,0.04,12.56,4,0.667,113,0 23 68 113,0.04,14.83,9,0.643,113,0 9 17 61 70 78 87 104 113,0.04,16.82,16,0.615,113,0 5 9 23 27 32 36 59 68 72 81 95 99 104 108 113,0.04,17.27,72,0.632,113
1655608678a4f9ffbc7bb5239e53ea6f,planar,rifle,1,0.25,0.25,1,1.0,0,0,0.25,23.73,3,0.5,0,0 23 113,0.25,23.8,7,0.5,0,0 61 70 78 87 104 113,0.14,30.36,10,0.385,108,0 23 27 32 36 95 99 104 108 113,0.14,32.38,40,0.351,108
165c00d292773865ae6eaa32356aaf3b,planar,cabinet,2,0.02,0.02,1,1.0,0,0,0.01,12.55,4,0.667,113,0 23 68 113,0.01,14.83,9,0.643,113,0 9 17 61 70 78 87 104 113,0.01,16.82,16,0.615,113,0 5 9 23 27 32 36 59 68 72 81 95 99 104 108 113,0.01,17.27,72,0.632,113
165cd9780f069ff31a546a81aa94b4a3,planar,bench,1,0.02,0.02,1,1.0,0,0,0.01,23.85,3,0.5,113,0 23 113,0.01,23.9,8,0.571,113,0 61 70 78 87 96 104 113,0.01,30.44,9,0.346,113,0 23 32 36 95 99 104 108 113,0.01,32.38,39,0.342,113
1676f8b995b976e5824662341ce2b233,planar,cabinet,1,0.0,0.0,1,1.0,0,0,0.0,23.67,3,0.5,113,0 23 113,0.0,23.73,7,0.5,113,0 61 70 78 87 104 113,0.0,30.36,10,0.385,113,0 23 27 32 36 95 99 104 108 113,0.0,32.37,40,0.351,113
16edf6f6574568723f7198a00163bb6,planar,skateboard,2,0.01,0.01,1,1.0,0,0,0.0,12.55,4,0.667,113,0 23 68 113,0.0,14.83,9,0.643,113,0 9 17 61 70 78 87 104 113,0.0,16.82,16,0.615,113,0 5 9 23 27 32 36 59 68 72 81 95 99 104 108 113,0.0,17.27,72,0.632,113
189c1ffb58c74c3bccd0340812259a39,planar,bathtub,2,0.01,0.01,1,1.0,0,0,0.0,12.52,4,0.667,113,0 23 68 113,0.0,14.86,9,0.643,113,0 9 17 61 70 78 87 104 113,0.0,16.81,16,0.615,113,0 5 9 23 27 32 36 59 68 72 81 95 99 104 108 113,0.0,17.26,72,0.632,113
18da35f3835f75bffb5c1b0f759e2bc1,planar,guitar,1,0.01,0.01,1,1.0,0,0,0.0,23.67,3,0.5,113,0 23 113,0.0,23.73,7,0.5,113,0 61 70 78 87 104 113,0.0,30.36,10,0.385,113,0 23 27 32 36 95 99 104 108 113,0.0,32.37,40,0.351,113
18f41e91af76c77de25f00a04866d020,planar,cabinet,1,0.01,0.01,1,1.0,0,0,0.0,23.67,3,0.5,113,0 23 113,0.0,23.73,7,0.5,113,0 61 70 78 87 104 113,0.0,30.36,10,0.385,113,0 23 27 32 36 95 99 104 108 113,0.0,32.37,40,0.351,113
18f57a3d41117140ed98cca8f0ccd5f7,planar,bench,1,0.0,0.0,1,1.0,0,0,0.0,23.67,3,0.5,0,0 23 113,0.0,23.73,7,0.5,0,0 61 70 78 87 104 113,0.0,30.36,10,0.385,0,0 23 27 32 36 95 99 104 108 113,0.0,32.37,40,0.351,0
190cb7264781df604da5feafe6f1c8fc,planar,cabinet,1,0.02,0.02,1,1.0,0,0,0.01,23.67,3,0.5,113,0 23 113,0.01,23.73,7,0.5,113,0 61 70 78 87 104 113,0.01,30.37,10,0.385,113,0 23 27 32 36 95 99 104 108 113,0.01,32.37,40,0.351,113
193572f57626a97c65e6a15e0a997e5c,planar,bus,1,0.01,0.01,1,1.0,0,0,0.01,23.66,3,0.5,0,0 23 113,0.01,23.72,7,0.5,0,0 61 70 78 87 104 113,0.01,30.36,10,0.385,0,0 23 27 32 36 95 99 104 108 113,0.01,32.37,40,0.351,0
193fdf550fd5f12f446f92b52bbd82a,planar,bus,1,0.58,0.58,1,1.0,0,0,0.58,23.77,3,0.5,0,0 23 113,0.58,23.83,7,0.5,0,0 61 70 78 87 104 113,0.04,30.36,11,0.423,36,0 5 23 27 32 36 95 99 104 108 113,0.04,32.38,41,0.36,36
19d52509d16a9c2c81faebbdea6bd9be,planar,bench,1,0.0,0.0,1,1.0,0,0,0.0,23.67,3,0.5,0,0 23 113,0.0,23.73,7,0.5,0,0 61 70 78 87 104 113,0.0,30.36,10,0.385,0,0 23 27 32 36 95 99 104 108 113,0.0,32.37,40,0.351,0
1a10879bcfca0534f8bc1f8036e08e44,planar,table,2,0.01,0.01,1,1.0,0,0,0.01,12.56,4,0.667,113,0 23 68 113,0.01,14.83,9,0.643,113,0 9 17 61 70 78 87 104 113,0.01,16.82,16,0.615,113,0 5 9 23 27 32 36 59 68 72 81 95 99 104 108 113,0.01,17.27,72,0.632,113
1a1ff0c5f28f10d642e265df80f79372,planar,loudspeaker,1,0.08,0.08,1,1.0,0,0,0.08,26.74,3,0.5,113,0 68 113,0.08,35.07,4,0.286,113,0 9 17 113,0.08,32.14,8,0.308,113,0 5 9 59 68 72 81 113,0.08,32.43,42,0.368,113
1a3a4611409e306c1a832e2972cd1e0d,planar,faucet,1,0.04,0.04,1,1.0,0,0,0.04,23.68,3,0.5,0,0 23 113,0.04,23.74,7,0.5,0,0 61 70 78 87 104 113,0.04,30.36,10,0.385,0,0 23 27 32 36 95 99 104 108 113,0.04,32.37,40,0.351,0
1a8c91b4803b3470f9c75ffd2648d7cd,planar,rifle,1,0.62,0.62,1,1.0,0,0,0.61,23.94,3,0.5,113,0 23 113,0.61,23.76,7,0.5,113,0 61 70 78 87 104 113,0.46,30.47,10,0.385,36,0 23 27 32 36 95 99 104 108 113,0.46,32.38,40,0.351,36
1ad4c572e0fd6a576e1e9a13188ab4bb,planar,cabinet,1,0.0,0.0,1,1.0,0,0,0.0,23.67,3,0.5,0,0 23 113,0.0,23.73,7,0.5,0,0 61 70 78 87 104 113,0.0,30.36,10,0.385,0,0 23 27 32 36 95 99 104 108 113,0.0,32.37,40,0.351,0
1af852e72c44954b8bd91d7cadd7c123,planar,train,1,0.0,0.0,1,1.0,0,0,0.0,23.67,3,0.5,0,0 23 113,0.0,23.73,7,0.5,0,0 61 70 78 87 104 113,0.0,30.36,10,0.385,0,0 23 27 32 36 95 99 104 108 113,0.0,32.37,40,0.351,0
1b3d4f2291545e472dc6c96daf8fd5ea,planar,cabinet,1,0.0,0.0,1,1.0,0,0,0.0,23.67,3,0.5,113,0 23 113,0.0,23.73,7,0.5,113,0 61 70 78 87 104 113,0.0,30.36,10,0.385,113,0 23 27 32 36 95 99 104 108 113,0.0,32.37,40,0.351,113
1b6a5fc808388138cb2a965e75be701c,planar,bench,1,0.0,0.0,1,1.0,0,0,0.0,23.67,3,0.5,0,0 23 113,0.0,23.73,7,0.5,0,0 61 70 78 87 104 113,0.0,30.36,10,0.385,0,0 23 27 32 36 95 99 104 108 113,0.0,32.37,40,0.351,0
1b80cd42474a990ccd8655d05e2f9e02,planar,bench,1,0.0,0.0,1,1.0,0,0,0.0,23.67,3,0.5,0,0 23 113,0.0,23.73,7,0.5,0,0 61 70 78 87 104 113,0.0,30.36,10,0.385,0,0 23 27 32 36 95 99 104 108 113,0.0,32.37,40,0.351,0
1b85f3cd227da31de4511d9a59e40339,planar,clock,1,2.37,2.37,1,1.0,0,0,1.88,24.86,3,0.5,113,0 23 113,1.88,23.47,8,0.571,113,0 61 70 78 87 96 104 113,1.57,30.65,10,0.385,108,0 23 27 32 36 95 99 104 108 113,0.35,32.42,40,0.351,19
1bace34d2c1dc49b3b5ee89f1f802f5a,planar,bench,1,0.67,0.67,1,1.0,0,0,0.67,23.77,3,0.5,0,0 23 113,0.67,24.05,7,0.5,0,0 61 70 78 87 104 113,0.67,30.51,11,0.423,0,0 5 23 27 32 36 95 99 104 108 113,0.59,32.4,41,0.36,2
1cbbb30e8e06e932ed98cca8f0ccd5f7,planar,bench,1,0.0,0.0,1,1.0,0,0,0.0,23.67,3,0.5,0,0 23 113,0.0,23.73,7,0.5,0,0 61 70 78 87 104 113,0.0,30.36,10,0.385,0,0 23 27 32 36 95 99 104 108 113,0.0,32.37,40,0.351,0
1cbfb1c063b34ab4ab379c9b5bf12bf8,planar,rifle,1,0.07,0.07,1,1.0,0,0,0.07,23.68,3,0.5,0,0 23 113,0.07,23.74,7,0.5,0,0 61 70 78 87 104 113,0.07,30.36,10,0.385,0,0 23 27 32 36 95 99 104 108 113,0.07,32.37,40,0.351,0
1cf9f1ead192b6c9824662341ce2b233,planar,cabinet,1,0.02,0.02,1,1.0,0,0,0.01,23.68,3,0.5,113,0 23 113,0.01,23.73,7,0.5,113,0 61 70 78 87 104 113,0.01,30.37,10,0.385,113,0 23 27 32 36 95 99 104 108 113,0.01,32.37,40,0.351,113
1d285f3bc7767bc8b4cdad9a5bf52dd5,planar,rifle,1,0.45,0.45,1,1.0,0,0,0.45,23.73,3,0.5,0,0 23 113,0.45,23.8,7,0.5,0,0 61 70 78 87 104 113,0.04,30.35,11,0.423,36,0 5 23 27 32 36 95 99 104 108 113,0.04,32.38,41,0.36,36
1d527bbed4d12817fa3bb91f4e3cd35f,planar,skateboard,2,0.05,0.05,1,1.0,0,0,0.04,12.58,4,0.667,113,0 23 68 113,0.04,14.85,9,0.643,113,0 9 17 61 70 78 87 104 113,0.04,16.82,16,0.615,113,0 5 9 23 27 32 36 59 68 72 81 95 99 104 108 113,0.04,17.27,72,0.632,113
1d5eb167825bacba688d3cf9b52f4662,planar,stove,1,0.01,0.01,1,1.0,0,0,0.0,23.66,3,0.5,113,0 23 113,0.0,23.73,7,0.5,113,0 61 70 78 87 104 113,0.0,30.36,10,0.385,113,0 23 27 32 36 95 99 104 108 113,0.0,32.37,40,0.351,113
1d973f05e870af4b4da5feafe6f1c8fc,planar,cabinet,1,0.02,0.02,1,1.0,0,0,0.02,23.67,3,0.5,0,0 23 113,0.02,23.73,7,0.5,0,0 61 70 78 87 104 113,0.02,30.36,10,0.385,0,0 23 27 32 36 95 99 104 108 113,0.02,32.37,40,0.351,0
1dc8e88da760f186ccd0340812259a39,planar,bathtub,1,0.04,0.04,1,1.0,0,0,0.01,23.68,3,0.5,113,0 23 113,0.01,23.73,7,0.5,113,0 61 70 78 87 104 113,0.01,30.37,10,0.385,113,0 23 27 32 36 95 99 104 108 113,0.01,32.37,40,0.351,113
1dd3f80712873a638f6095a93258c867,planar,display,1,0.01,0.01,1,1.0,0,0,0.01,23.67,3,0.5,0,0 23 113,0.01,23.73,7,0.5,0,0 61 70 78 87 104 113,0.01,30.36,10,0.385,0,0 23 27 32 36 95 99 104 108 113,0.01,32.37,40,0.351,0
1ddcb6107e5b08f39206ca9600b83578,planar,bus,1,0.09,0.09,1,1.0,0,0,0.08,23.7,3,0.5,113,0 23 113,0.08,23.73,7,0.5,113,0 61 70 78 87 104 113,0.08,30.38,10,0.385,113,0 23 27 32 36 95 99 104 108 113,0.08,32.37,40,0.351,113
1e18f136798cb3f0c59350d819542ec7,planar,cabinet,1,0.0,0.0,1,1.0,0,0,0.0,23.67,3,0.5,0,0 23 113,0.0,23.73,7,0.5,0,0 61 70 78 87 104 113,0.0,30.36,10,0.385,0,0 23 27 32 36 95 99 104 108 113,0.0,32.37,40,0.351,0
1ec5e12f2b5684a24da5feafe6f1c8fc,planar,cabinet,1,0.01,0.01,1,1.0,0,0,0.0,23.67,3,0.5,113,0 23 113,0.0,23.73,7,0.5,113,0 61 70 78 87 104 113,0.0,30.36,10,0.385,113,0 23 27 32 36 95 99 104 108 113,0.0,32.37,40,0.351,113
1edaab172fcc23ab5238dc5d98b43ffd,planar,guitar,1,0.0,0.0,1,1.0,0,0,0.0,23.66,3,0.5,0,0 23 113,0.0,23.73,7,0.5,0,0 61 70 78 87 104 113,0.0,30.36,10,0.385,0,0 23 27 32 36 95 99 104 108 113,0.0,32.37,40,0.351,0
1ef8c3cabd16f7cbf155d75bbf62b80,planar,bench,2,0.01,0.01,1,1.0,0,0,0.01,12.55,4,0.667,0,0 23 68 113,0.01,14.84,9,0.643,0,0 9 17 61 70 78 87 104 113,0.01,16.82,16,0.615,0,0 5 9 23 27 32 36 59 68 72 81 95 99 104 108 113,0.01,17.27,72,0.632,0
1f4b16094bd83af82d2d2896f4b277fc,planar,display,1,0.0,0.0,1,1.0,0,0,0.0,23.67,3,0.5,0,0 23 113,0.0,23.73,7,0.5,0,0 61 70 78 87 104 113,0.0,30.36,10,0.385,0,0 23 27 32 36 95 99 104 108 113,0.0,32.37,40,0.351,0
1f6046149060eb81cbde89e0c48a01bf,planar,basket,2,0.0,0.0,1,1.0,0,0,0.0,12.55,4,0.667,0,0 23 68 113,0.0,14.83,9,0.643,0,0 9 17 61 70 78 87 104 113,0.0,16.82,16,0.615,0,0 5 9 23 27 32 36 59 68 72 81 95 99 104 108 113,0.0,17.27,72,0.632,0
1f610516a159e0ce8916d0991ded06e,planar,cabinet,1,0.0,0.0,1,1.0,0,0,0.0,23.67,3,0.5,113,0 23 113,0.0,23.73,7,0.5,113,0 61 70 78 87 104 113,0.0,30.36,10,0.385,113,0 23 27 32 36 95 99 104 108 113,0.0,32.37,40,0.351,113
1fb2be490f45ec6e19fb4103277a6b93,planar,table,2,0.02,0.02,1,1.0,0,0,0.02,12.56,4,0.667,0,0 23 68 113,0.02,14.83,9,0.643,0,0 9 17 61 70 78 87 104 113,0.02,16.82,16,0.615,0,0 5 9 23 27 32 36 59 68 72 81 95 99 104 108 113,0.02,17.27,72,0.632,0
1fd1d459e79ad6c1c3bd24f986301745,planar,table,2,0.01,0.01,1,1.0,0,0,0.01,12.55,4,0.667,0,0 23 68 113,0.01,14.83,9,0.643,0,0 9 17 61 70 78 87 104 113,0.01,16.82,16,0.615,0,0 5 9 23 27 32 36 59 68 72 81 95 99 104 108 113,0.01,17.27,72,0.632,0
200c5297948bf57f6b448b8aaebb705c,planar,bathtub,2,0.01,0.01,1,1.0,0,0,0.01,12.56,4,0.667,0,0 23 68 113,0.01,14.83,9,0.643,0,0 9 17 61 70 78 87 104 113,0.01,16.82,16,0.615,0,0 5 9 23 27 32 36 59 68 72 81 95 99 104 108 113,0.01,17.27,72,0.632,0
208903274bfe69cdc5d1c45cadcaa3eb,planar,table,1,0.0,0.0,1,1.0,0,0,0.0,23.67,3,0.5,0,0 23 113,0.0,23.73,7,0.5,0,0 61 70 78 87 104 113,0.0,30.36,10,0.385,0,0 23 27 32 36 95 99 104 108 113,0.0,32.37,40,0.351,0
20bf71868949fba4b445ec1f6a39e0b8,planar,table,2,0.05,0.05,1,1.0,0,0,0.04,12.56,4,0.667,113,0 23 68 113,0.04,14.83,9,0.643,113,0 9 17 61 70 78 87 104 113,0.04,16.82,16,0.615,113,0 5 9 23 27 32 36 59 68 72 81 95 99 104 108 113,0.04,17.27,72,0.632,113
20f41c44148871104c3aee8e9d3a6ffa,planar,file,1,0.0,0.0,1,1.0,0,0,0.0,23.67,3,0.5,0,0 23 113,0.0,23.73,7,0.5,0,0 61 70 78 87 104 113,0.0,30.36,10,0.385,0,0 23 27 32 36 95 99 104 108 113,0.0,32.37,40,0.351,0
21224eab2d099f5012de5317fe5b354f,planar,cabinet,1,0.0,0.0,1,1.0,0,0,0.0,23.67,3,0.5,0,0 23 113,0.0,23.73,7,0.5,0,0 61 70 78 87 104 113,0.0,30.36,10,0.385,0,0 23 27 32 36 95 99 104 108 113,0.0,32.37,40,0.351,0
2193f3624198ede23f0af1eceae2dd4,planar,rifle,1,0.0,0.0,1,1.0,0,0,0.0,23.67,3,0.5,0,0 23 113,0.0,23.73,7,0.5,0,0 61 70 78 87 104 113,0.0,30.36,10,0.385,0,0 23 27 32 36 95 99 104 108 113,0.0,32.37,40,0.351,0
2197384551252127ecb01d351e78a9e7,planar,train,1,0.4,0.4,1,1.0,0,0,0.39,23.84,3,0.5,113,0 23 113,0.39,23.75,7,0.5,113,0 61 70 78 87 104 113,0.38,30.43,10,0.385,36,0 23 27 32 36 95 99 104 108 113,0.38,32.38,40,0.351,36
21dcc3c0485b43136473d8f2b21437da,planar,cabinet,1,0.0,0.0,1,1.0,0,0,0.0,23.67,3,0.5,0,0 23 113,0.0,23.73,7,0.5,0,0 61 70 78 87 104 113,0.0,30.36,10,0.385,0,0 23 27 32 36 95 99 104 108 113,0.0,32.37,40,0.351,0
21de0761d0f8f2f9342b2a88bd008cbe,planar,display,1,0.04,0.04,1,1.0,0,0,0.04,23.68,3,0.5,0,0 23 113,0.04,23.74,7,0.5,0,0 61 70 78 87 104 113,0.04,30.36,10,0.385,0,0 23 27 32 36 95 99 104 108 113,0.04,32.37,40,0.351,0
21e7b25522c63209cb2a965e75be701c,planar,bench,2,0.0,0.0,1,1.0,0,0,0.0,12.55,4,0.667,113,0 23 68 113,0.0,14.83,9,0.643,113,0 9 17 61 70 78 87 104 113,0.0,16.82,16,0.615,113,0 5 9 23 27 32 36 59 68 72 81 95 99 104 108 113,0.0,17.27,72,0.632,113
21feae1212b07575f23c3116d040903f,planar,airplane,1,0.99,0.99,1,1.0,0,0,0.99,23.85,3,0.5,0,0 23 113,0.99,23.92,8,0.571,0,0 61 70 78 87 96 104 113,0.18,30.39,11,0.423,36,0 5 23 27 32 36 95 99 104 108 113,0.18,32.39,42,0.368,36
220f08ff0c1d2a4542282fc88db7886b,planar,bag,2,0.1,0.1,1,1.0,0,0,0.09,12.62,4,0.667,113,0 23 68 113,0.09,14.87,9,0.643,113,0 9 17 61 70 78 87 104 113,0.09,16.85,16,0.615,113,0 5 9 23 27 32 36 59 68 72 81 95 99 104 108 113,0.09,17.27,71,0.623,113
2220c6ade811851cc13e020d985215e3,planar,bench,1,0.02,0.02,1,1.0,0,0,0.01,23.68,3,0.5,113,0 23 113,0.01,23.73,7,0.5,113,0 61 70 78 87 104 113,0.01,30.37,10,0.385,113,0 23 27 32 36 95 99 104 108 113,0.01,32.37,40,0.351,113
2231d841b91eb6d53321831d2245cf06,planar,bathtub,2,0.07,0.07,1,1.0,0,0,0.02,26.64,3,0.5,113,0 68 113,0.02,34.92,4,0.286,113,0 9 17 113,0.02,32.07,8,0.308,113,0 5 9 59 68 72 81 113,0.02,32.35,42,0.368,113
223d2316bb8b74a979170a5f8beda902,planar,vessel,2,0.0,0.0,1,1.0,0,0,0.0,12.55,4,0.667,0,0 23 68 113,0.0,14.83,9,0.643,0,0 9 17 61 70 78 87 104 113,0.0,16.82,16,0.615,0,0 5 9 23 27 32 36 59 68 72 81 95 99 104 108 113,0.0,17.27,72,0.632,0
226078581cd4efd755c5278938766a05,planar,remote control,1,0.01,0.01,1,1.0,0,0,0.0,23.64,3,0.5,113,0 23 113,0.0,23.7,7,0.5,113,0 61 70 78 87 104 113,0.0,30.35,10,0.385,113,0 23 27 32 36 95 99 104 108 113,0.0,32.37,40,0.351,113
2292b067ccd1bb2dff93e4ecafd3dedd,planar,bus,1,0.06,0.06,1,1.0,0,0,0.05,23.69,3,0.5,113,0 23 113,0.05,23.73,7,0.5,113,0 61 70 78 87 104 113,0.05,30.37,10,0.385,113,0 23 27 32 36 95 99 104 108 113,0.05,32.37,40,0.351,113
22e77a41cc388839824662341ce2b233,planar,cabinet,1,0.64,0.64,1,1.0,0,0,0.64,23.72,3,0.5,0,0 23 113,0.64,23.96,7,0.5,0,0 61 70 78 87 104 113,0.47,30.44,11,0.423,36,0 5 23 27 32 36 95 99 104 108 113,0.47,32.39,41,0.36,36
230a85ab57a15b90e074517a246f1e65,planar,bench,1,0.03,0.03,1,1.0,0,0,0.02,23.67,3,0.5,113,0 23 113,0.02,23.73,7,0.5,113,0 61 70 78 87 104 113,0.02,30.37,10,0.385,113,0 23 27 32 36 95 99 104 108 113,0.02,32.37,40,0.351,113
23325f47d2a812351165bc0a3b02b27f,planar,bench,2,0.01,0.01,1,1.0,0,0,0.01,12.55,4,0.667,0,0 23 68 113,0.01,14.83,9,0.643,0,0 9 17 61 70 78 87 104 113,0.01,16.82,16,0.615,0,0 5 9 23 27 32 36 59 68 72 81 95 99 104 108 113,0.01,17.27,72,0.632,0
2336a8ba5ba8a9f0ce029fab54b6cfbd,planar,loudspeaker,1,0.08,0.08,1,1.0,0,0,0.07,26.69,3,0.5,113,0 68 113,0.07,34.95,4,0.286,113,0 9 17 113,0.07,32.14,8,0.308,113,0 5 9 59 68 72 81 113,0.07,32.43,42,0.368,113
2346b4f87a4f683b92e6829c9c63f7e8,planar,bench,1,0.0,0.0,1,1.0,0,0,0.0,23.67,3,0.5,113,0 23 113,0.0,23.73,7,0.5,113,0 61 70 78 87 104 113,0.0,30.36,10,0.385,113,0 23 27 32 36 95 99 104 108 113,0.0,32.37,40,0.351,113
23637357c4e5efb653c80c0a3ef7382,planar,cabinet,1,0.18,0.18,1,1.0,0,0,0.18,23.89,3,0.5,0,0 23 113,0.18,23.71,8,0.571,0,0 61 70 78 87 96 104 113,0.18,30.4,10,0.385,0,0 23 27 32 36 95 99 104 108 113,0.18,32.38,40,0.351,0
23b7a3961eda17df4da5feafe6f1c8fc,planar,cabinet,1,0.04,0.04,1,1.0,0,0,0.03,23.68,3,0.5,113,0 23 113,0.03,23.73,7,0.5,113,0 61 70 78 87 104 113,0.03,30.37,10,0.385,113,0 23 27 32 36 95 99 104 108 113,0.03,32.37,40,0.351,113
23fcaafbeabc092f921e793cb951210d,planar,printer,1,0.2,0.2,1,1.0,0,0,0.2,23.71,3,0.5,0,0 23 113,0.2,23.78,7,0.5,0,0 61 70 78 87 104 113,0.17,30.36,10,0.385,108,0 23 27 32 36 95 99 104 108 113,0.17,32.37,40,0.351,108
24841121c7d090d72d2d2896f4b277fc,planar,clock,1,0.0,0.0,1,1.0,0,0,0.0,23.67,3,0.5,0,0 23 113,0.0,23.73,7,0.5,0,0 61 70 78 87 104 113,0.0,30.36,10,0.385,0,0 23 27 32 36 95 99 104 108 113,0.0,32.37,40,0.351,0
248ff0771f1eb286f51f77a6d7299806,planar,cabinet,1,0.0,0.0,1,1.0,0,0,0.0,23.67,3,0.5,113,0 23 113,0.0,23.73,7,0.5,113,0 61 70 78 87 104 113,0.0,30.36,10,0.385,113,0 23 27 32 36 95 99 104 108 113,0.0,32.37,40,0.351,113
24beb61e46bf6b1970d557f49392fb1,planar,vessel,1,0.0,0.0,1,1.0,0,0,0.0,23.67,3,0.5,0,0 23 113,0.0,23.73,7,0.5,0,0 61 70 78 87 104 113,0.0,30.36,10,0.385,0,0 23 27 32 36 95 99 104 108 113,0.0,32.37,40,0.351,0
25182f6e03375c9e7b6fd5468f603b31,planar,remote control,1,0.03,0.03,1,1.0,0,0,0.02,23.66,3,0.5,113,0 23 113,0.02,23.71,7,0.5,113,0 61 70 78 87 104 113,0.02,30.36,10,0.385,113,0 23 27 32 36 95 99 104 108 113,0.02,32.37,40,0.351,113
2544d05396cf1c91bc19762eaa7ba40f,planar,cabinet,1,0.0,0.0,1,1.0,0,0,0.0,23.67,3,0.5,113,0 23 113,0.0,23.73,7,0.5,113,0 61 70 78 87 104 113,0.0,30.36,10,0.385,113,0 23 27 32 36 95 99 104 108 113,0.0,32.37,40,0.351,113
2555c9df5fa919692250bf58700b4d8f,planar,table,1,0.06,0.06,1,1.0,0,0,0.05,26.73,3,0.5,113,0 68 113,0.05,35.04,4,0.286,113,0 9 17 113,0.05,32.14,8,0.308,113,0 5 9 59 68 72 81 113,0.05,32.43,42,0.368,113
25709b9ab8facc1b3321831d2245cf06,planar,bathtub,2,0.0,0.0,1,1.0,0,0,0.0,12.54,4,0.667,0,0 23 68 113,0.0,14.88,9,0.643,0,0 9 17 61 70 78 87 104 113,0.0,16.81,16,0.615,0,0 5 9 23 27 32 36 59 68 72 81 95 99 104 108 113,0.0,17.27,72,0.632,0
2620701a50216dbed0b36851d61b6fca,planar,cabinet,1,0.01,0.01,1,1.0,0,0,0.0,23.67,3,0.5,113,0 23 113,0.0,23.72,7,0.5,113,0 61 70 78 87 104 113,0.0,30.36,10,0.385,113,0 23 27 32 36 95 99 104 108 113,0.0,32.37,40,0.351,113
26325f047537acd3f155d75bbf62b80,planar,bench,1,0.0,0.0,1,1.0,0,0,0.0,23.67,3,0.5,0,0 23 113,0.0,23.73,7,0.5,0,0 61 70 78 87 104 113,0.0,30.36,10,0.385,0,0 23 27 32 36 95 99 104 108 113,0.0,32.37,40,0.351,0
26979d498a0425b6f51f77a6d7299806,planar,cabinet,1,0.0,0.0,1,1.0,0,0,0.0,23.67,3,0.5,0,0 23 113,0.0,23.73,7,0.5,0,0 61 70 78 87 104 113,0.0,30.36,10,0.385,0,0 23 27 32 36 95 99 104 108 113,0.0,32.37,40,0.351,0
26e186ab10abad8ee6873d49607c1f87,planar,earphone,2,0.0,0.0,1,1.0,0,0,0.0,12.55,4,0.667,113,0 23 68 113,0.0,14.83,9,0.643,113,0 9 17 61 70 78 87 104 113,0.0,16.82,16,0.615,113,0 5 9 23 27 32 36 59 68 72 81 95 99 104 108 113,0.0,17.27,72,0.632,113
270e25863ba6098b0a04bc414beaa99,planar,stove,1,0.01,0.01,1,1.0,0,0,0.01,23.67,3,0.5,113,0 23 113,0.01,23.73,7,0.5,113,0 61 70 78 87 104 113,0.01,30.36,10,0.385,113,0 23 27 32 36 95 99 104 108 113,0.01,32.37,40,0.351,113
2726971c1ed929eaa733727fd41bdb33,planar,cabinet,1,0.01,0.01,1,1.0,0,0,0.01,23.67,3,0.5,0,0 23 113,0.01,23.73,7,0.5,0,0 61 70 78 87 104 113,0.01,30.36,10,0.385,0,0 23 27 32 36 95 99 104 108 113,0.01,32.37,40,0.351,0
2731687dd460a263d8eae9bce48bbeed,planar,bench,2,0.0,0.0,1,1.0,0,0,0.0,12.55,4,0.667,0,0 23 68 113,0.0,14.83,9,0.643,0,0 9 17 61 70 78 87 104 113,0.0,16.82,16,0.615,0,0 5 9 23 27 32 36 59 68 72 81 95 99 104 108 113,0.0,17.27,72,0.632,0
27c3e5b2656c50f7cb2a965e75be701c,planar,bench,1,0.0,0.0,1,1.0,0,0,0.0,23.67,3,0.5,0,0 23 113,0.0,23.73,7,0.5,0,0 61 70 78 87 104 113,0.0,30.36,10,0.385,0,0 23 27 32 36 95 99 104 108 113,0.0,32.37,40,0.351,0
27eb79ddf26fd7ac7898580cb9d16864,planar,bench,1,0.01,0.01,1,1.0,0,0,0.01,23.67,3,0.5,0,0 23 113,0.01,23.73,7,0.5,0,0 61 70 78 87 104 113,0.01,30.36,10,0.385,0,0 23 27 32 36 95 99 104 108 113,0.01,32.37,40,0.351,0
280553e975d6b79fd2b12aa6a0f050b3,planar,bench,1,0.0,0.0,1,1.0,0,0,0.0,23.67,3,0.5,0,0 23 113,0.0,23.73,7,0.5,0,0 61 70 78 87 104 113,0.0,30.36,10,0.385,0,0 23 27 32 36 95 99 104 108 113,0.0,32.37,40,0.351,0
283a115028fffe6e4e67e2e8459ebde,planar,laptop,1,0.01,0.01,1,1.0,0,0,0.01,23.67,3,0.5,0,0 23 113,0.01,23.73,7,0.5,0,0 61 70 78 87 104 113,0.01,30.36,10,0.385,0,0 23 27 32 36 95 99 104 108 113,0.01,32.37,40,0.351,0
287475ec16f5b7477b636e5c31038bd,planar,bench,1,0.0,0.0,1,1.0,0,0,0.0,23.67,3,0.5,0,0 23 113,0.0,23.73,7,0.5,0,0 61 70 78 87 104 113,0.0,30.36,10,0.385,0,0 23 27 32 36 95 99 104 108 113,0.0,32.37,40,0.351,0
28e12ef0e54e204830bbd4cddd04c77b,planar,bench,2,0.01,0.01,1,1.0,0,0,0.01,12.55,4,0.667,0,0 23 68 113,0.01,14.83,9,0.643,0,0 9 17 61 70 78 87 104 113,0.01,16.82,16,0.615,0,0 5 9 23 27 32 36 59 68 72 81 95 99 104 108 113,0.01,17.27,72,0.632,0
28e7fd7a7a5ee8787d3ced6148bd0a15,planar,cabinet,1,0.0,0.0,1,1.0,0,0,0.0,23.67,3,0.5,0,0 23 113,0.0,23.73,7,0.5,0,0 61 70 78 87 104 113,0.0,30.37,10,0.385,0,0 23 27 32 36 95 99 104 108 113,0.0,32.37,40,0.351,0
28ec688f444eeb4a394b1e418d5c594,planar,display,1,0.02,0.02,1,1.0,0,0,0.01,23.67,3,0.5,113,0 23 113,0.01,23.73,7,0.5,113,0 61 70 78 87 104 113,0.01,30.37,10,0.385,113,0 23 27 32 36 95 99 104 108 113,0.01,32.37,40,0.351,113
2902b377edd4b48aa3a0c1cc16d124ad,planar,bench,1,0.0,0.0,1,1.0,0,0,0.0,23.64,3,0.5,0,0 23 113,0.0,23.71,7,0.5,0,0 61 70 78 87 104 113,0.0,30.35,10,0.385,0,0 23 27 32 36 95 99 104 108 113,0.0,32.37,40,0.351,0
2912f56d135e2f97b20cb946bceb58f,planar,mailbox,1,0.3,0.3,1,1.0,0,0,0.3,23.87,3,0.5,0,0 23 113,0.3,23.71,7,0.5,0,0 61 70 78 87 104 113,0.07,30.39,10,0.385,108,0 23 27 32 36 95 99 104 108 113,0.07,32.38,39,0.342,108
292353a763d0870432af7736a533c197,planar,loudspeaker,1,0.0,0.0,1,1.0,0,0,0.0,23.67,3,0.5,0,0 23 113,0.0,23.73,7,0.5,0,0 61 70 78 87 104 113,0.0,30.36,10,0.385,0,0 23 27 32 36 95 99 104 108 113,0.0,32.37,40,0.351,0
2971f417b08961475a4cd9b26f359d36,planar,display,1,0.85,0.85,1,1.0,0,0,0.85,23.59,3,0.5,0,0 23 113,0.85,23.93,7,0.5,0,0 61 70 78 87 104 113,0.85,30.52,11,0.423,0,0 5 23 27 32 36 95 99 104 108 113,0.13,32.4,41,0.36,2
29aaa8f337632ec125fa9990176f0d5,planar,bathtub,2,0.01,0.01,1,1.0,0,0,0.01,12.55,4,0.667,0,0 23 68 113,0.01,14.83,9,0.643,0,0 9 17 61 70 78 87 104 113,0.01,16.82,16,0.615,0,0 5 9 23 27 32 36 59 68 72 81 95 99 104 108 113,0.01,17.27,72,0.632,0
29c6f3ce118576724da5feafe6f1c8fc,planar,cabinet,1,0.0,0.0,1,1.0,0,0,0.0,23.67,3,0.5,113,0 23 113,0.0,23.73,7,0.5,113,0 61 70 78 87 104 113,0.0,30.36,10,0.385,113,0 23 27 32 36 95 99 104 108 113,0.0,32.37,40,0.351,113
29c7615460f943a36ca2b6e5474aad11,planar,bus,1,0.21,0.21,1,1.0,0,0,0.21,23.72,3,0.5,0,0 23 113,0.21,23.78,7,0.5,0,0 61 70 78 87 104 113,0.17,30.36,10,0.385,108,0 23 27 32 36 95 99 104 108 113,0.17,32.37,40,0.351,108
29faa40d5c0a65a576e9713f57a5fcb6,planar,cabinet,2,0.01,0.01,1,1.0,0,0,0.01,12.68,4,0.667,0,0 23 68 113,0.01,14.77,9,0.643,0,0 9 17 61 70 78 87 104 113,0.01,16.87,16,0.615,0,0 5 9 23 27 32 36 59 68 72 81 95 99 104 108 113,0.01,17.27,72,0.632,0
2a3297e263d9931b814465edb1048711,planar,table,2,0.03,0.03,1,1.0,0,0,0.03,12.56,4,0.667,0,0 23 68 113,0.03,14.83,9,0.643,0,0 9 17 61 70 78 87 104 113,0.03,16.82,16,0.615,0,0 5 9 23 27 32 36 59 68 72 81 95 99 104 108 113,0.03,17.27,72,0.632,0
2a89a00cd90ca5b844b1f4461f7a073f,planar,train,1,0.05,0.05,1,1.0,0,0,0.04,23.69,3,0.5,113,0 23 113,0.04,23.73,7,0.5,113,0 61 70 78 87 104 113,0.04,30.37,10,0.385,113,0 23 27 32 36 95 99 104 108 113,0.04,32.37,40,0.351,113
2a8a8ffd2ef41cef20768660cf080d12,planar,table,2,0.0,0.0,1,1.0,0,0,0.0,12.55,4,0.667,0,0 23 68 113,0.0,14.83,9,0.643,0,0 9 17 61 70 78 87 104 113,0.0,16.82,16,0.615,0,0 5 9 23 27 32 36 59 68 72 81 95 99 104 108 113,0.0,17.27,72,0.632,0
2a9fe1253f9433d1a2651abaf391628e,planar,file,1,0.01,0.01,1,1.0,0,0,0.01,23.67,3,0.5,0,0 23 113,0.01,23.74,7,0.5,0,0 61 70 78 87 104 113,0.01,30.37,10,0.385,0,0 23 27 32 36 95 99 104 108 113,0.01,32.37,40,0.351,0
2aaf5fe631a855b4de9ff1d2442cc6d1,planar,bench,1,0.06,0.06,1,1.0,0,0,0.06,24.03,3,0.5,0,0 23 113,0.06,23.8,8,0.571,0,0 61 70 78 87 96 104 113,0.06,30.44,10,0.385,0,0 23 27 32 36 95 99 104 108 113,0.06,32.39,40,0.351,0
2ab4f9bbdc17d9cd618e9d35559b7aa,planar,loudspeaker,1,0.01,0.01,1,1.0,0,0,0.01,23.65,3,0.5,0,0 23 113,0.01,23.71,7,0.5,0,0 61 70 78 87 104 113,0.01,30.35,10,0.385,0,0 23 27 32 36 95 99 104 108 113,0.01,32.37,40,0.351,0
2acae4f14a734f4972cf25af66dc82ce,planar,bus,1,0.05,0.05,1,1.0,0,0,0.04,23.69,3,0.5,113,0 23 113,0.04,23.73,7,0.5,113,0 61 70 78 87 104 113,0.04,30.37,10,0.385,113,0 23 27 32 36 95 99 104 108 113,0.04,32.37,40,0.351,113
2b25e49c58ae0e292056b4bd5d870b47,planar,bench,1,0.0,0.0,1,1.0,0,0,0.0,23.67,3,0.5,0,0 23 113,0.0,23.73,7,0.5,0,0 61 70 78 87 104 113,0.0,30.36,10,0.385,0,0 23 27 32 36 95 99 104 108 113,0.0,32.37,40,0.351,0
2b3a776ab2c38e3844f57509e473c41a,planar,loudspeaker,1,0.07,0.07,1,1.0,0,0,0.06,26.73,3,0.5,113,0 68 113,0.06,35.04,4,0.286,113,0 9 17 113,0.06,32.14,8,0.308,113,0 5 9 59 68 72 81 113,0.06,32.43,42,0.368,113
2c08b5408a7ee4da98cfd47a860803c5,planar,table,2,0.0,0.0,1,1.0,0,0,0.0,12.55,4,0.667,0,0 23 68 113,0.0,14.83,9,0.643,0,0 9 17 61 70 78 87 104 113,0.0,16.82,16,0.615,0,0 5 9 23 27 32 36 59 68 72 81 95 99 104 108 113,0.0,17.27,72,0.632,0
2c62b19b80a63f443321831d2245cf06,planar,bathtub,1,0.06,0.06,1,1.0,0,0,0.05,26.73,3,0.5,113,0 68 113,0.05,35.04,4,0.286,113,0 9 17 113,0.05,32.14,8,0.308,113,0 5 9 59 68 72 81 113,0.05,32.43,42,0.368,113
2c76c171562f6bdfd4d8765e3910f617,planar,bench,1,0.0,0.0,1,1.0,0,0,0.0,23.67,3,0.5,0,0 23 113,0.0,23.73,7,0.5,0,0 61 70 78 87 104 113,0.0,30.36,10,0.385,0,0 23 27 32 36 95 99 104 108 113,0.0,32.37,40,0.351,0
2cb165856db926fd851591e44f18a8a5,planar,bus,1,0.01,0.01,1,1.0,0,0,0.0,23.67,3,0.5,113,0 23 113,0.0,23.73,7,0.5,113,0 61 70 78 87 104 113,0.0,30.36,10,0.385,113,0 23 27 32 36 95 99 104 108 113,0.0,32.37,40,0.351,113
2cd9593e8b7f0560d41e37baed87521d,planar,bench,1,0.05,0.05,1,1.0,0,0,0.05,23.67,3,0.5,0,0 23 113,0.05,23.74,7,0.5,0,0 61 70 78 87 104 113,0.05,30.36,10,0.385,0,0 23 27 32 36 95 99 104 108 113,0.05,32.37,40,0.351,0
2cebb68aab385306f6fb0164eb28c4c2,planar,train,1,0.15,0.15,1,1.0,0,0,0.15,23.7,3,0.5,0,0 23 113,0.15,23.76,7,0.5,0,0 61 70 78 87 104 113,0.15,30.36,10,0.385,0,0 23 27 32 36 95 99 104 108 113,0.15,32.37,40,0.351,0
2d1e8858446d1a32d2b12aa6a0f050b3,planar,bench,1,0.0,0.0,1,1.0,0,0,0.0,23.67,3,0.5,0,0 23 113,0.0,23.73,7,0.5,0,0 61 70 78 87 104 113,0.0,30.36,10,0.385,0,0 23 27 32 36 95 99 104 108 113,0.0,32.37,40,0.351,0
2d238b5250ab9eb3c55f85313e3bbc89,planar,bench,1,0.0,0.0,1,1.0,0,0,0.0,23.67,3,0.5,0,0 23 113,0.0,23.73,7,0.5,0,0 61 70 78 87 104 113,0.0,30.36,10,0.385,0,0 23 27 32 36 95 99 104 108 113,0.0,32.37,40,0.351,0
2dfc635b5ea197bbb611871e114769d9,planar,loudspeaker,1,0.06,0.06,1,1.0,0,0,0.05,26.73,3,0.5,113,0 68 113,0.05,35.04,4,0.286,113,0 9 17 113,0.05,32.14,8,0.308,113,0 5 9 59 68 72 81 113,0.05,32.43,42,0.368,113
2e28fe9594c48874a6eb1dae0394cf12,planar,chair,1,0.0,0.0,1,1.0,0,0,0.0,23.67,3,0.5,0,0 23 113,0.0,23.73,7,0.5,0,0 61 70 78 87 104 113,0.0,30.36,10,0.385,0,0 23 27 32 36 95 99 104 108 113,0.0,32.37,40,0.351,0
2e38fe7e4cd74bec76e9713f57a5fcb6,planar,cabinet,2,0.06,0.06,1,1.0,0,0,0.06,26.55,3,0.5,0,0 68 113,0.06,35.02,4,0.286,0,0 9 17 113,0.06,31.94,8,0.308,0,0 5 9 59 68 72 81 113,0.06,32.19,42,0.368,0
2e78dad09566bdcecb2a965e75be701c,planar,bench,2,0.0,0.0,1,1.0,0,0,0.0,12.55,4,0.667,0,0 23 68 113,0.0,14.83,9,0.643,0,0 9 17 61 70 78 87 104 113,0.0,16.82,16,0.615,0,0 5 9 23 27 32 36 59 68 72 81 95 99 104 108 113,0.0,17.27,72,0.632,0
2e86a7793af11e422d32966c67e5becf,planar,bus,1,0.0,0.0,1,1.0,0,0,0.0,23.67,3,0.5,0,0 23 113,0.0,23.73,7,0.5,0,0 61 70 78 87 104 113,0.0,30.36,10,0.385,0,0 23 27 32 36 95 99 104 108 113,0.0,32.37,40,0.351,0
2eacd8302d46093ee138e561e8f9c254,planar,loudspeaker,1,0.01,0.01,1,1.0,0,0,0.01,23.67,3,0.5,0,0 23 113,0.01,23.73,7,0.5,0,0 61 70 78 87 104 113,0.01,30.36,10,0.385,0,0 23 27 32 36 95 99 104 108 113,0.01,32.37,40,0.351,0
2eb7069d227393558ea0068b966c5177,planar,display,1,0.01,0.01,1,1.0,0,0,0.01,23.67,3,0.5,0,0 23 113,0.01,23.73,7,0.5,0,0 61 70 78 87 104 113,0.01,30.36,10,0.385,0,0 23 27 32 36 95 99 104 108 113,0.01,32.37,40,0.351,0
2eea9c22b37967006e40121acd58a004,planar,bench,1,0.01,0.01,1,1.0,0,0,0.0,23.67,3,0.5,113,0 23 113,0.0,23.73,7,0.5,113,0 61 70 78 87 104 113,0.0,30.36,10,0.385,113,0 23 27 32 36 95 99 104 108 113,0.0,32.37,40,0.351,113
2efb3ad49fa103b1cc786970133d7717,planar,bookshelf,1,0.0,0.0,1,1.0,0,0,0.0,23.67,3,0.5,0,0 23 113,0.0,23.73,7,0.5,0,0 61 70 78 87 104 113,0.0,30.36,10,0.385,0,0 23 27 32 36 95 99 104 108 113,0.0,32.37,40,0.351,0
2f6da348147cad9c3321831d2245cf06,planar,bathtub,2,0.07,0.07,1,1.0,0,0,0.06,12.58,4,0.667,113,0 23 68 113,0.06,14.84,9,0.643,113,0 9 17 61 70 78 87 104 113,0.06,16.83,16,0.615,113,0 5 9 23 27 32 36 59 68 72 81 95 99 104 108 113,0.06,17.27,72,0.632,113
2f815697256fce5a155b270ed8c04b46,planar,bench,1,0.0,0.0,1,1.0,0,0,0.0,23.67,3,0.5,0,0 23 113,0.0,23.73,7,0.5,0,0 61 70 78 87 104 113,0.0,30.36,10,0.385,0,0 23 27 32 36 95 99 104 108 113,0.0,32.37,40,0.351,0
2ffd2e6d1a55bdf44c3aee8e9d3a6ffa,planar,file,1,0.0,0.0,1,1.0,0,0,0.0,23.67,3,0.5,0,0 23 113,0.0,23.73,7,0.5,0,0 61 70 78 87 104 113,0.0,30.36,10,0.385,0,0 23 27 32 36 95 99 104 108 113,0.0,32.37,40,0.351,0
302c64b3f9d0e0a3961c690e3d679ac7,planar,bench,1,0.0,0.0,1,1.0,0,0,0.0,23.67,3,0.5,0,0 23 113,0.0,23.73,7,0.5,0,0 61 70 78 87 104 113,0.0,30.36,10,0.385,0,0 23 27 32 36 95 99 104 108 113,0.0,32.37,40,0.351,0
303555f1c5f4cb0a1082f2ea630bf69e,planar,skateboard,2,0.0,0.0,1,1.0,0,0,0.0,12.55,4,0.667,0,0 23 68 113,0.0,14.86,9,0.643,0,0 9 17 61 70 78 87 104 113,0.0,16.81,16,0.615,0,0 5 9 23 27 32 36 59 68 72 81 95 99 104 108 113,0.0,17.26,72,0.632,0
304d18039eb8f78cb362fb9a75ddde8e,planar,bus,1,0.06,0.06,1,1.0,0,0,0.05,23.69,3,0.5,113,0 23 113,0.05,23.73,7,0.5,113,0 61 70 78 87 104 113,0.05,30.37,10,0.385,113,0 23 27 32 36 95 99 104 108 113,0.05,32.37,40,0.351,113
30e536833dee7cd8a9d21767a2141a63,planar,vessel,1,7.86,7.86,1,1.0,0,0,6.32,26.8,3,0.5,113,0 23 113,3.39,23.76,7,0.5,87,0 61 70 78 87 104 113,2.74,31.3,11,0.423,36,0 14 23 27 32 36 95 99 104 108 113,0.03,32.47,39,0.342,1
3115a3a0a61aacac59350d819542ec7,planar,cabinet,1,0.49,0.49,1,1.0,0,0,0.46,23.72,3,0.5,113,0 23 113,0.46,23.92,7,0.5,113,0 61 70 78 87 104 113,0.2,30.41,11,0.423,36,0 5 23 27 32 36 95 99 104 108 113,0.2,32.38,41,0.36,36
311a3ef41603f86c3f51596dfebf9893,planar,train,1,0.06,0.06,1,1.0,0,0,0.05,23.66,3,0.5,113,0 23 113,0.05,23.7,7,0.5,113,0 61 70 78 87 104 113,0.05,30.36,10,0.385,113,0 23 27 32 36 95 99 104 108 113,0.05,32.37,40,0.351,113
31227f3fc286c00714c06184923f6962,planar,train,1,0.37,0.37,1,1.0,0,0,0.37,23.74,3,0.5,0,0 23 113,0.37,23.94,7,0.5,0,0 61 70 78 87 104 113,0.37,30.47,11,0.423,0,0 5 23 27 32 36 95 99 104 108 113,0.37,32.39,41,0.36,0
31a85a1a9bb22c3bf1e23636310b7e7a,planar,table,2,0.0,0.0,1,1.0,0,0,0.0,12.55,4,0.667,113,0 23 68 113,0.0,14.83,9,0.643,113,0 9 17 61 70 78 87 104 113,0.0,16.82,16,0.615,113,0 5 9 23 27 32 36 59 68 72 81 95 99 104 108 113,0.0,17.27,72,0.632,113
321f8b85785f082685e443e0ea51d93,planar,chair,1,0.0,0.0,1,1.0,0,0,0.0,23.67,3,0.5,0,0 23 113,0.0,23.73,7,0.5,0,0 61 70 78 87 104 113,0.0,30.36,10,0.385,0,0 23 27 32 36 95 99 104 108 113,0.0,32.37,40,0.351,0
3279edef6a631940ea41b93204b74265,planar,table,1,0.02,0.02,1,1.0,0,0,0.01,23.67,3,0.5,113,0 23 113,0.01,23.73,7,0.5,113,0 61 70 78 87 104 113,0.01,30.36,10,0.385,113,0 23 27 32 36 95 99 104 108 113,0.01,32.37,40,0.351,113
32a9329c11b5c35d4b3c42e318f3affc,planar,chair,1,0.05,0.05,1,1.0,0,0,0.04,23.68,3,0.5,113,0 23 113,0.04,23.72,7,0.5,113,0 61 70 78 87 104 113,0.04,30.37,10,0.385,113,0 23 27 32 36 95 99 104 108 113,0.04,32.37,40,0.351,113
32d06518fd07df9bcf004563556ddb36,planar,table,2,0.2,0.2,1,1.0,0,0,0.2,26.73,3,0.5,0,0 68 113,0.2,34.67,4,0.286,0,0 9 17 113,0.09,31.98,8,0.308,72,0 5 9 59 68 72 81 113,0.09,32.26,42,0.368,72
33ec57af7f648994da5feafe6f1c8fc,planar,cabinet,1,0.0,0.0,1,1.0,0,0,0.0,23.67,3,0.5,0,0 23 113,0.0,23.73,7,0.5,0,0 61 70 78 87 104 113,0.0,30.36,10,0.385,0,0 23 27 32 36 95 99 104 108 113,0.0,32.37,40,0.351,0
34128cd8b8ddbbedd92903da5c4b5ef6,planar,bookshelf,1,0.01,0.01,1,1.0,0,0,0.0,23.66,3,0.5,113,0 23 113,0.0,23.72,7,0.5,113,0 61 70 78 87 104 113,0.0,30.36,10,0.385,113,0 23 27 32 36 95 99 104 108 113,0.0,32.37,40,0.351,113
3475657660a798a155590b0eedbb2f18,planar,cabinet,1,0.0,0.0,1,1.0,0,0,0.0,23.67,3,0.5,0,0 23 113,0.0,23.73,7,0.5,0,0 61 70 78 87 104 113,0.0,30.36,10,0.385,0,0 23 27 32 36 95 99 104 108 113,0.0,32.37,40,0.351,0
3483076cc008fff0d9826d0ff198257e,planar,cabinet,1,0.4,0.4,1,1.0,0,0,0.4,23.71,3,0.5,0,0 23 113,0.4,23.89,7,0.5,0,0 61 70 78 87 104 113,0.21,30.41,11,0.423,36,0 5 23 27 32 36 95 99 104 108 113,0.21,32.38,41,0.36,36
34e80aa7b579469bb163e775a4d52465,planar,cabinet,1,0.03,0.03,1,1.0,0,0,0.02,23.68,3,0.5,113,0 23 113,0.02,23.73,7,0.5,113,0 61 70 78 87 104 113,0.02,30.37,10,0.385,113,0 23 27 32 36 95 99 104 108 113,0.02,32.37,40,0.351,113
35462b6ea0597bf555e8ddeaf1791474,planar,laptop,1,0.17,0.17,1,1.0,0,0,0.17,23.6,3,0.5,0,0 23 113,0.17,23.67,7,0.5,0,0 61 70 78 87 104 113,0.03,30.34,10,0.385,108,0 23 27 32 36 95 99 104 108 113,0.03,32.37,40,0.351,108
35617fd7ece26150ffc6e457221b9271,planar,dishwasher,1,0.0,0.0,1,1.0,0,0,0.0,23.67,3,0.5,113,0 23 113,0.0,23.73,7,0.5,113,0 61 70 78 87 104 113,0.0,30.36,10,0.385,113,0 23 27 32 36 95 99 104 108 113,0.0,32.37,40,0.351,113
359b6d3d29b08dfe19fb4103277a6b93,planar,chair,1,0.0,0.0,1,1.0,0,0,0.0,23.67,3,0.5,113,0 23 113,0.0,23.73,7,0.5,113,0 61 70 78 87 104 113,0.0,30.36,10,0.385,113,0 23 27 32 36 95 99 104 108 113,0.0,32.37,40,0.351,113
35a0ea7e7f9eac13321831d2245cf06,planar,bathtub,1,0.85,0.85,1,1.0,0,0,0.85,26.88,3,0.5,113,0 68 113,0.85,35.43,4,0.286,113,0 9 17 113,0.67,32.21,7,0.269,72,0 5 9 59 68 72 113,0.67,32.45,41,0.36,72
35f6e6a770258328c7667da8fd923578,planar,stove,1,0.15,0.15,1,1.0,0,0,0.15,26.8,3,0.5,0,0 68 113,0.15,34.99,4,0.286,0,0 9 17 113,0.15,32.14,8,0.308,0,0 5 9 59 68 72 81 113,0.15,32.43,42,0.368,0
366db933a2c99444f4fb4dee5181bee,planar,bench,2,0.0,0.0,1,1.0,0,0,0.0,12.55,4,0.667,0,0 23 68 113,0.0,14.83,9,0.643,0,0 9 17 61 70 78 87 104 113,0.0,16.82,16,0.615,0,0 5 9 23 27 32 36 59 68 72 81 95 99 104 108 113,0.0,17.27,72,0.632,0
367e5ca5d5791739d4d8765e3910f617,planar,bench,1,0.0,0.0,1,1.0,0,0,0.0,23.67,3,0.5,0,0 23 113,0.0,23.73,7,0.5,0,0 61 70 78 87 104 113,0.0,30.36,10,0.385,0,0 23 27 32 36 95 99 104 108 113,0.0,32.37,40,0.351,0
37325d57c8ea891ad77ea5e1afa5bfe6,planar,loudspeaker,1,0.05,0.05,1,1.0,0,0,0.05,23.66,3,0.5,0,0 23 113,0.05,23.72,7,0.5,0,0 61 70 78 87 104 113,0.05,30.35,10,0.385,0,0 23 27 32 36 95 99 104 108 113,0.05,32.37,40,0.351,0
373ae08d8903dc10ba929f7d2edd1706,planar,bench,1,0.01,0.01,1,1.0,0,0,0.01,23.67,3,0.5,0,0 23 113,0.01,23.73,7,0.5,0,0 61 70 78 87 104 113,0.01,30.36,10,0.385,0,0 23 27 32 36 95 99 104 108 113,0.01,32.37,40,0.351,0
3761d6523fb9d7a73f7e27638e63d848,planar,cabinet,1,0.01,0.01,1,1.0,0,0,0.0,23.67,3,0.5,113,0 23 113,0.0,23.73,7,0.5,113,0 61 70 78 87 104 113,0.0,30.36,10,0.385,113,0 23 27 32 36 95 99 104 108 113,0.0,32.37,40,0.351,113
37e5fcf70007bc26788f926f4d51e733,planar,cabinet,1,0.01,0.01,1,1.0,0,0,0.01,23.67,3,0.5,0,0 23 113,0.01,23.73,7,0.5,0,0 61 70 78 87 104 113,0.01,30.36,10,0.385,0,0 23 27 32 36 95 99 104 108 113,0.01,32.37,40,0.351,0
37fbc4e7c9e46b602b5631520b7d94fe,planar,cabinet,1,0.0,0.0,1,1.0,0,0,0.0,23.67,3,0.5,0,0 23 113,0.0,23.73,7,0.5,0,0 61 70 78 87 104 113,0.0,30.36,10,0.385,0,0 23 27 32 36 95 99 104 108 113,0.0,32.37,40,0.351,0
382b1b947fba964dc1def5c6acc12bbc,planar,faucet,1,0.02,0.02,1,1.0,0,0,0.01,23.78,3,0.5,113,0 23 113,0.01,23.83,7,0.5,113,0 61 70 78 87 104 113,0.01,30.41,10,0.385,113,0 23 27 32 36 95 99 104 108 113,0.01,32.38,39,0.342,113
382b6f8e93e1f576149dc0f3c5ce899e,planar,cabinet,1,0.47,0.47,1,1.0,0,0,0.43,23.7,3,0.5,113,0 23 113,0.43,23.9,7,0.5,113,0 61 70 78 87 104 113,0.23,30.41,11,0.423,36,0 5 23 27 32 36 95 99 104 108 113,0.23,32.38,41,0.36,36
38441b4582f29c8cb2a965e75be701c,planar,bench,2,0.0,0.0,1,1.0,0,0,0.0,12.55,4,0.667,113,0 23 68 113,0.0,14.83,9,0.643,113,0 9 17 61 70 78 87 104 113,0.0,16.82,16,0.615,113,0 5 9 23 27 32 36 59 68 72 81 95 99 104 108 113,0.0,17.27,72,0.632,113
388d83f25e045007efe85e37dd46e84a,planar,bench,1,0.0,0.0,1,1.0,0,0,0.0,23.67,3,0.5,0,0 23 113,0.0,23.73,7,0.5,0,0 61 70 78 87 104 113,0.0,30.36,10,0.385,0,0 23 27 32 36 95 99 104 108 113,0.0,32.37,40,0.351,0
3891210a28be585fb9ac96152ab66583,planar,cabinet,1,0.13,0.13,1,1.0,0,0,0.13,23.73,3,0.5,0,0 23 113,0.13,23.85,7,0.5,0,0 61 70 78 87 104 113,0.01,30.41,10,0.385,36,0 23 27 32 36 95 99 104 108 113,0.01,32.38,40,0.351,36
38d4d7313a3698704bbe1e20736de8a2,planar,bench,2,0.0,0.0,1,1.0,0,0,0.0,12.55,4,0.667,0,0 23 68 113,0.0,14.83,9,0.643,0,0 9 17 61 70 78 87 104 113,0.0,16.82,16,0.615,0,0 5 9 23 27 32 36 59 68 72 81 95 99 104 108 113,0.0,17.27,72,0.632,0
38e367e4421ec3cbba70cedf91706353,planar,bench,1,0.0,0.0,1,1.0,0,0,0.0,23.67,3,0.5,0,0 23 113,0.0,23.73,7,0.5,0,0 61 70 78 87 104 113,0.0,30.36,10,0.385,0,0 23 27 32 36 95 99 104 108 113,0.0,32.37,40,0.351,0
38e8a36cdd879fd2d6f2f8f659863647,planar,bench,1,0.0,0.0,1,1.0,0,0,0.0,23.67,3,0.5,0,0 23 113,0.0,23.73,7,0.5,0,0 61 70 78 87 104 113,0.0,30.36,10,0.385,0,0 23 27 32 36 95 99 104 108 113,0.0,32.37,40,0.351,0
393ca71bd734f3071082f2ea630bf69e,planar,skateboard,1,0.0,0.0,1,1.0,0,0,0.0,23.67,3,0.5,0,0 23 113,0.0,23.73,7,0.5,0,0 61 70 78 87 104 113,0.0,30.36,10,0.385,0,0 23 27 32 36 95 99 104 108 113,0.0,32.37,40,0.351,0
39419e462f08dcbdc98cccf0d0f53d7,planar,camera,1,0.03,0.03,1,1.0,0,0,0.03,23.67,3,0.5,0,0 23 113,0.03,23.73,7,0.5,0,0 61 70 78 87 104 113,0.03,30.36,10,0.385,0,0 23 27 32 36 95 99 104 108 113,0.03,32.37,40,0.351,0
397ac4bbb11796902d92929fa159facf,planar,bench,1,0.01,0.01,1,1.0,0,0,0.0,23.67,3,0.5,113,0 23 113,0.0,23.73,7,0.5,113,0 61 70 78 87 104 113,0.0,30.36,10,0.385,113,0 23 27 32 36 95 99 104 108 113,0.0,32.37,40,0.351,113
39904b25a6d2f13ed4d8765e3910f617,planar,bench,1,0.0,0.0,1,1.0,0,0,0.0,23.67,3,0.5,0,0 23 113,0.0,23.73,7,0.5,0,0 61 70 78 87 104 113,0.0,30.36,10,0.385,0,0 23 27 32 36 95 99 104 108 113,0.0,32.37,40,0.351,0
39b51f3a6e8447c3c8a1a154de62786,planar,cabinet,1,0.02,0.02,1,1.0,0,0,0.01,23.67,3,0.5,113,0 23 113,0.01,23.73,7,0.5,113,0 61 70 78 87 104 113,0.01,30.36,10,0.385,113,0 23 27 32 36 95 99 104 108 113,0.01,32.37,40,0.351,113
3a1915451880215e9bfbe8b02639d1e9,planar,bench,1,0.0,0.0,1,1.0,0,0,0.0,23.67,3,0.5,0,0 23 113,0.0,23.73,7,0.5,0,0 61 70 78 87 104 113,0.0,30.36,10,0.385,0,0 23 27 32 36 95 99 104 108 113,0.0,32.37,40,0.351,0
3a6ac28f247a30146d812a3e2aa98a91,planar,bench,1,0.01,0.01,1,1.0,0,0,0.0,23.67,3,0.5,113,0 23 113,0.0,23.73,7,0.5,113,0 61 70 78 87 104 113,0.0,30.36,10,0.385,113,0 23 27 32 36 95 99 104 108 113,0.0,32.37,40,0.351,113
3a910cc1f575b08339d3717288022c20,planar,cabinet,2,0.0,0.0,1,1.0,0,0,0.0,12.56,4,0.667,0,0 23 68 113,0.0,14.82,9,0.643,0,0 9 17 61 70 78 87 104 113,0.0,16.82,16,0.615,0,0 5 9 23 27 32 36 59 68 72 81 95 99 104 108 113,0.0,17.27,72,0.632,0
3a93bccaa0b3161afca6ee915b120ce0,planar,bench,2,0.0,0.0,1,1.0,0,0,0.0,12.55,4,0.667,0,0 23 68 113,0.0,14.82,9,0.643,0,0 9 17 61 70 78 87 104 113,0.0,16.82,16,0.615,0,0 5 9 23 27 32 36 59 68 72 81 95 99 104 108 113,0.0,17.27,72,0.632,0
3aa8876d86cf481d3fd2d4d929afab9,planar,loudspeaker,1,89.95,89.95,0,0.0,0,,11.72,46.02,2,0.333,45,45 68,4.58,37.84,4,0.286,61,43 52 61 70,2.49,35.1,8,0.308,59,41 45 50 54 59 63 68 72,0.44,33.25,38,0.333,57
3abf9811f26c9752a9b8d9d3b5cf54cc,planar,bench,1,0.01,0.01,1,1.0,0,0,0.01,23.67,3,0.5,0,0 23 113,0.01,23.73,7,0.5,0,0 61 70 78 87 104 113,0.01,30.36,10,0.385,0,0 23 27 32 36 95 99 104 108 113,0.01,32.37,40,0.351,0
3b01bd24d47245289159eab9ccaa73ce,planar,loudspeaker,2,0.06,0.06,1,1.0,0,0,0.06,11.49,5,0.833,113,0 23 45 68 113,0.06,14.36,9,0.643,113,0 43 52 61 70 78 87 104 113,0.06,13.8,18,0.692,113,0 23 27 32 36 41 45 50 54 59 63 68 72 95 99 104 108 113,0.06,17.19,70,0.614,113
3b18e32e6e0c5942d4d8765e3910f617,planar,bench,1,0.0,0.0,1,1.0,0,0,0.0,23.67,3,0.5,113,0 23 113,0.0,23.73,7,0.5,113,0 61 70 78 87 104 113,0.0,30.36,10,0.385,113,0 23 27 32 36 95 99 104 108 113,0.0,32.37,40,0.351,113
3b2bddb0e8ff57c85831a0624cf5a945,planar,laptop,1,0.0,0.0,1,1.0,0,0,0.0,23.67,3,0.5,0,0 23 113,0.0,23.73,7,0.5,0,0 61 70 78 87 104 113,0.0,30.36,10,0.385,0,0 23 27 32 36 95 99 104 108 113,0.0,32.37,40,0.351,0
3b5e31b2987f158e9f46749e28e16975,planar,bus,1,0.23,0.23,1,1.0,0,0,0.23,23.7,3,0.5,0,0 23 113,0.23,23.77,7,0.5,0,0 61 70 78 87 104 113,0.12,30.35,10,0.385,108,0 23 27 32 36 95 99 104 108 113,0.12,32.37,40,0.351,108
3b72f2c31c5aac6ab3421b3649fb16c1,planar,table,1,0.01,0.01,1,1.0,0,0,0.0,23.67,3,0.5,113,0 23 113,0.0,23.73,7,0.5,113,0 61 70 78 87 104 113,0.0,30.36,10,0.385,113,0 23 27 32 36 95 99 104 108 113,0.0,32.37,40,0.351,113
3c1f9b42e848c740c59350d819542ec7,planar,cabinet,1,0.0,0.0,1,1.0,0,0,0.0,23.67,3,0.5,0,0 23 113,0.0,23.73,7,0.5,0,0 61 70 78 87 104 113,0.0,30.36,10,0.385,0,0 23 27 32 36 95 99 104 108 113,0.0,32.37,40,0.351,0
3c2a50e5907b0fb64da5feafe6f1c8fc,planar,cabinet,1,0.02,0.02,1,1.0,0,0,0.01,23.67,3,0.5,113,0 23 113,0.01,23.73,7,0.5,113,0 61 70 78 87 104 113,0.01,30.36,10,0.385,113,0 23 27 32 36 95 99 104 108 113,0.01,32.37,40,0.351,113
3c45d466c7e1c27367aa983983f9bf36,planar,bus,1,0.0,0.0,1,1.0,0,0,0.0,23.67,3,0.5,0,0 23 113,0.0,23.73,7,0.5,0,0 61 70 78 87 104 113,0.0,30.36,10,0.385,0,0 23 27 32 36 95 99 104 108 113,0.0,32.37,40,0.351,0
3c855f2a52d5e3f63c8d0fdfb1cc2535,planar,cabinet,1,0.59,0.59,1,1.0,0,0,0.59,23.59,3,0.5,0,0 23 113,0.59,23.84,7,0.5,0,0 61 70 78 87 104 113,0.59,30.44,11,0.423,0,0 5 23 27 32 36 95 99 104 108 113,0.51,32.39,41,0.36,2
3ceaeac7f8a243babd4bf7024dfa167d,planar,clock,1,0.06,0.06,1,1.0,0,0,0.05,26.73,3,0.5,113,0 68 113,0.05,35.04,4,0.286,113,0 9 17 113,0.05,32.14,8,0.308,113,0 5 9 59 68 72 81 113,0.05,32.43,42,0.368,113
3d0e93c7aeb06cfccb349a60fd15aa15,planar,piano,1,0.06,0.06,1,1.0,0,0,0.06,23.68,3,0.5,0,0 23 113,0.06,23.74,7,0.5,0,0 61 70 78 87 104 113,0.06,30.36,10,0.385,0,0 23 27 32 36 95 99 104 108 113,0.06,32.37,40,0.351,0
3d2aeaffcbc6f0bc41cefd10ce5d6cc0,planar,bus,1,0.0,0.0,1,1.0,0,0,0.0,23.67,3,0.5,0,0 23 113,0.0,23.73,7,0.5,0,0 61 70 78 87 104 113,0.0,30.36,10,0.385,0,0 23 27 32 36 95 99 104 108 113,0.0,32.37,40,0.351,0
3dac0fd995c747ab336e8bf2357c029a,planar,chair,1,0.21,0.21,1,1.0,0,0,0.21,23.72,3,0.5,0,0 23 113,0.21,23.79,7,0.5,0,0 61 70 78 87 104 113,0.19,30.36,10,0.385,108,0 23 27 32 36 95 99 104 108 113,0.19,32.37,40,0.351,108
3dc60bce3e8d3ece3077dad41839c251,planar,laptop,1,0.05,0.05,1,1.0,0,0,0.05,23.66,3,0.5,0,0 23 113,0.05,23.73,7,0.5,0,0 61 70 78 87 104 113,0.05,30.36,10,0.385,0,0 23 27 32 36 95 99 104 108 113,0.05,32.37,40,0.351,0
3dccc5e096aa99e4fe2ecb70903654e9,planar,faucet,1,0.03,0.03,1,1.0,0,0,0.03,23.67,3,0.5,0,0 23 113,0.03,23.74,7,0.5,0,0 61 70 78 87 104 113,0.03,30.36,10,0.385,0,0 23 27 32 36 95 99 104 108 113,0.03,32.37,40,0.351,0
3dd8c11bc608441f1b17743c18fb63dc,planar,chair,1,0.12,0.12,1,1.0,0,0,0.11,23.75,3,0.5,113,0 23 113,0.11,23.76,7,0.5,113,0 61 70 78 87 104 113,0.11,30.4,10,0.385,113,0 23 27 32 36 95 99 104 108 113,0.11,32.37,39,0.342,113
3de49fd2e80f8c95c97cfc3e8a6b1d16,planar,table,1,0.46,0.46,1,1.0,0,0,0.46,26.79,3,0.5,113,0 68 113,0.46,35.19,4,0.286,113,0 9 17 113,0.46,32.17,8,0.308,113,0 5 9 59 68 72 81 113,0.46,32.44,42,0.368,113
3e2a452e802b178eb72f1eb118b6fbc3,planar,piano,1,0.0,0.0,1,1.0,0,0,0.0,23.67,3,0.5,113,0 23 113,0.0,23.73,7,0.5,113,0 61 70 78 87 104 113,0.0,30.36,10,0.385,113,0 23 27 32 36 95 99 104 108 113,0.0,32.37,40,0.351,113
3e2a8aab3ad459e5f446f92b52bbd82a,planar,bus,1,0.03,0.03,1,1.0,0,0,0.03,23.67,3,0.5,0,0 23 113,0.03,23.73,7,0.5,0,0 61 70 78 87 104 113,0.03,30.36,10,0.385,0,0 23 27 32 36 95 99 104 108 113,0.03,32.37,40,0.351,0
3e59aa33fcf672b8f4fb4dee5181bee,planar,bench,1,0.0,0.0,1,1.0,0,0,0.0,23.67,3,0.5,0,0 23 113,0.0,23.73,7,0.5,0,0 61 70 78 87 104 113,0.0,30.36,10,0.385,0,0 23 27 32 36 95 99 104 108 113,0.0,32.37,40,0.351,0
3e760133301353a147cddb7c026e92eb,planar,table,2,0.09,0.09,1,1.0,0,0,0.08,12.58,4,0.667,113,0 23 68 113,0.08,14.85,9,0.643,113,0 9 17 61 70 78 87 104 113,0.08,16.83,16,0.615,113,0 5 9 23 27 32 36 59 68 72 81 95 99 104 108 113,0.08,17.27,72,0.632,113
3e8165c41c526ea45eb64c1003065596,planar,stove,2,0.72,0.72,1,1.0,0,0,0.17,12.66,4,0.667,113,0 23 68 113,0.17,14.74,9,0.643,113,0 9 17 61 70 78 87 104 113,0.17,16.88,14,0.538,113,0 5 9 23 32 36 59 68 72 95 99 104 108 113,0.17,17.26,70,0.614,113
3ecf8f8f3b24350bbd17a7d75b77705d,planar,bench,1,0.01,0.01,1,1.0,0,0,0.0,23.67,3,0.5,113,0 23 113,0.0,23.73,7,0.5,113,0 61 70 78 87 104 113,0.0,30.36,10,0.385,113,0 23 27 32 36 95 99 104 108 113,0.0,32.37,40,0.351,113
3f058be47b5d4cf353c1d159a8a8422,planar,table,2,0.0,0.0,1,1.0,0,0,0.0,12.55,4,0.667,0,0 23 68 113,0.0,14.83,9,0.643,0,0 9 17 61 70 78 87 104 113,0.0,16.82,16,0.615,0,0 5 9 23 27 32 36 59 68 72 81 95 99 104 108 113,0.0,17.27,72,0.632,0
3f14c153dc861c0990453a996fcb7627,planar,table,2,0.04,0.04,1,1.0,0,0,0.03,12.57,4,0.667,113,0 23 68 113,0.03,14.84,9,0.643,113,0 9 17 61 70 78 87 104 113,0.03,16.82,16,0.615,113,0 5 9 23 27 32 36 59 68 72 81 95 99 104 108 113,0.03,17.27,72,0.632,113
3f287ca94b719bec282708d01f090528,planar,guitar,1,0.0,0.0,1,1.0,0,0,0.0,23.67,3,0.5,0,0 23 113,0.0,23.73,7,0.5,0,0 61 70 78 87 104 113,0.0,30.36,10,0.385,0,0 23 27 32 36 95 99 104 108 113,0.0,32.37,40,0.351,0
3f51197359289bf839d3717288022c20,planar,cabinet,1,0.0,0.0,1,1.0,0,0,0.0,23.67,3,0.5,0,0 23 113,0.0,23.73,7,0.5,0,0 61 70 78 87 104 113,0.0,30.36,10,0.385,0,0 23 27 32 36 95 99 104 108 113,0.0,32.37,40,0.351,0
3fc831f0c69c981048d189f942cedc62,planar,piano,1,0.0,0.0,1,1.0,0,0,0.0,23.67,3,0.5,0,0 23 113,0.0,23.73,7,0.5,0,0 61 70 78 87 104 113,0.0,30.36,10,0.385,0,0 23 27 32 36 95 99 104 108 113,0.0,32.37,40,0.351,0
3feb79684658db043efeb398bf800e80,planar,bench,1,0.0,0.0,1,1.0,0,0,0.0,23.67,3,0.5,0,0 23 113,0.0,23.73,7,0.5,0,0 61 70 78 87 104 113,0.0,30.36,10,0.385,0,0 23 27 32 36 95 99 104 108 113,0.0,32.37,40,0.351,0
40169512586f3b6f77964cc933a9a0ba,planar,loudspeaker,1,0.06,0.06,1,1.0,0,0,0.05,26.73,3,0.5,113,0 68 113,0.05,35.04,4,0.286,113,0 9 17 113,0.05,32.14,8,0.308,113,0 5 9 59 68 72 81 113,0.05,32.43,42,0.368,113
401960cb8526894f4b8710a3469971b1,planar,cabinet,1,0.04,0.04,1,1.0,0,0,0.03,23.68,3,0.5,113,0 23 113,0.03,23.73,7,0.5,113,0 61 70 78 87 104 113,0.03,30.37,10,0.385,113,0 23 27 32 36 95 99 104 108 113,0.03,32.37,40,0.351,113
40279f85fc80e16edccc47bf0dcf5d3,planar,bench,2,0.0,0.0,1,1.0,0,0,0.0,12.55,4,0.667,0,0 23 68 113,0.0,14.83,9,0.643,0,0 9 17 61 70 78 87 104 113,0.0,16.82,16,0.615,0,0 5 9 23 27 32 36 59 68 72 81 95 99 104 108 113,0.0,17.27,72,0.632,0
407a485c7d711903ae25f6fe802a8997,planar,cabinet,1,0.0,0.0,1,1.0,0,0,0.0,23.67,3,0.5,0,0 23 113,0.0,23.73,7,0.5,0,0 61 70 78 87 104 113,0.0,30.36,10,0.385,0,0 23 27 32 36 95 99 104 108 113,0.0,32.37,40,0.351,0
40b48121d1879be2ee0605a41c3320d6,planar,table,2,0.0,0.0,1,1.0,0,0,0.0,12.55,4,0.667,0,0 23 68 113,0.0,14.83,9,0.643,0,0 9 17 61 70 78 87 104 113,0.0,16.82,16,0.615,0,0 5 9 23 27 32 36 59 68 72 81 95 99 104 108 113,0.0,17.27,72,0.632,0
413f8963de404dd6c3c1160502619061,planar,piano,1,0.03,0.03,1,1.0,0,0,0.03,23.67,3,0.5,113,0 23 113,0.03,23.72,7,0.5,113,0 61 70 78 87 104 113,0.03,30.36,10,0.385,113,0 23 27 32 36 95 99 104 108 113,0.03,32.37,40,0.351,113
41a74616fe8dab5f88b61e9125676b2,planar,bus,1,0.06,0.06,1,1.0,0,0,0.05,23.69,3,0.5,113,0 23 113,0.05,23.73,7,0.5,113,0 61 70 78 87 104 113,0.05,30.37,10,0.385,113,0 23 27 32 36 95 99 104 108 113,0.05,32.37,40,0.351,113
41ceeeab52fd3ed3a341228b21d337a9,planar,chair,1,0.0,0.0,1,1.0,0,0,0.0,23.69,3,0.5,0,0 23 113,0.0,23.75,7,0.5,0,0 61 70 78 87 104 113,0.0,30.37,10,0.385,0,0 23 27 32 36 95 99 104 108 113,0.0,32.37,40,0.351,0
41da6df6f2a4e48b5e4e23ed78187234,planar,stove,1,0.01,0.01,1,1.0,0,0,0.0,23.67,3,0.5,113,0 23 113,0.0,23.73,7,0.5,113,0 61 70 78 87 104 113,0.0,30.36,10,0.385,113,0 23 27 32 36 95 99 104 108 113,0.0,32.37,40,0.351,113
41f9be4d80af2c709c12d6260da9ac2b,planar,washer,1,0.02,0.02,1,1.0,0,0,0.01,23.67,3,0.5,113,0 23 113,0.01,23.73,7,0.5,113,0 61 70 78 87 104 113,0.01,30.37,10,0.385,113,0 23 27 32 36 95 99 104 108 113,0.01,32.37,40,0.351,113
423d14787208578580ff80bf789cd,planar,piano,1,0.36,0.36,1,1.0,0,0,0.36,23.73,3,0.5,0,0 23 113,0.36,23.79,7,0.5,0,0 61 70 78 87 104 113,0.01,30.35,11,0.423,108,0 5 23 27 32 36 95 99 104 108 113,0.01,32.37,41,0.36,108
424d411c37fd30384f224d639c7b7c72,planar,bus,1,0.04,0.04,1,1.0,0,0,0.04,23.67,3,0.5,0,0 23 113,0.04,23.74,7,0.5,0,0 61 70 78 87 104 113,0.04,30.36,10,0.385,0,0 23 27 32 36 95 99 104 108 113,0.04,32.37,40,0.351,0
42c74e5da10975c13af30a3946d92feb,planar,bathtub,2,0.01,0.01,1,1.0,0,0,0.0,12.55,4,0.667,113,0 23 68 113,0.0,14.83,9,0.643,113,0 9 17 61 70 78 87 104 113,0.0,16.82,16,0.615,113,0 5 9 23 27 32 36 59 68 72 81 95 99 104 108 113,0.0,17.27,72,0.632,113
42fa87cd27edca9efcb8d8c6d4df8143,planar,lamp,1,0.0,0.0,1,1.0,0,0,0.0,23.67,3,0.5,113,0 23 113,0.0,23.73,7,0.5,113,0 61 70 78 87 104 113,0.0,30.36,10,0.385,113,0 23 27 32 36 95 99 104 108 113,0.0,32.37,40,0.351,113
437d1c161da1b9fc57e4c0b864012bb5,planar,display,1,0.08,0.08,1,1.0,0,0,0.02,23.66,3,0.5,113,0 23 113,0.02,23.74,7,0.5,113,0 61 70 78 87 104 113,0.02,30.36,10,0.385,113,0 23 27 32 36 95 99 104 108 113,0.02,32.37,40,0.351,113
438b2dcdbd25a93dea65c47b660136e7,planar,table,2,0.01,0.01,1,1.0,0,0,0.0,12.55,4,0.667,113,0 23 68 113,0.0,14.83,9,0.643,113,0 9 17 61 70 78 87 104 113,0.0,16.82,16,0.615,113,0 5 9 23 27 32 36 59 68 72 81 95 99 104 108 113,0.0,17.27,72,0.632,113
43d4e6583cef197aafeed2d6e5e28a9f,planar,rifle,1,0.01,0.01,1,1.0,0,0,0.0,23.67,3,0.5,113,0 23 113,0.0,23.72,7,0.5,113,0 61 70 78 87 104 113,0.0,30.36,10,0.385,113,0 23 27 32 36 95 99 104 108 113,0.0,32.37,40,0.351,113
43f762270b438fe618a36258eabc2b9c,planar,chair,1,0.15,0.15,1,1.0,0,0,0.14,23.72,3,0.5,113,0 23 113,0.14,23.72,7,0.5,113,0 61 70 78 87 104 113,0.14,30.38,10,0.385,113,0 23 27 32 36 95 99 104 108 113,0.14,32.37,40,0.351,113
4421883492edac988075e9c7f3d235af,planar,pistol,1,0.0,0.0,1,1.0,0,0,0.0,23.67,3,0.5,0,0 23 113,0.0,23.73,7,0.5,0,0 61 70 78 87 104 113,0.0,30.36,10,0.385,0,0 23 27 32 36 95 99 104 108 113,0.0,32.37,40,0.351,0
442283366e5b20c7a136444fdcc3f2b1,planar,bench,2,0.0,0.0,1,1.0,0,0,0.0,12.55,4,0.667,0,0 23 68 113,0.0,14.83,9,0.643,0,0 9 17 61 70 78 87 104 113,0.0,16.82,16,0.615,0,0 5 9 23 27 32 36 59 68 72 81 95 99 104 108 113,0.0,17.27,72,0.632,0
445230afd5a0eda8714b6900bef4d88b,planar,bench,1,0.0,0.0,1,1.0,0,0,0.0,23.67,3,0.5,0,0 23 113,0.0,23.73,7,0.5,0,0 61 70 78 87 104 113,0.0,30.36,10,0.385,0,0 23 27 32 36 95 99 104 108 113,0.0,32.37,40,0.351,0
44571992d18375483506f52bbfa5b648,planar,vessel,1,0.03,0.03,1,1.0,0,0,0.03,23.67,3,0.5,113,0 23 113,0.03,23.72,7,0.5,113,0 61 70 78 87 104 113,0.03,30.36,10,0.385,113,0 23 27 32 36 95 99 104 108 113,0.03,32.37,40,0.351,113
447ad1f23f96171f8d9b3c3ef984857e,planar,bench,1,0.0,0.0,1,1.0,0,0,0.0,23.67,3,0.5,0,0 23 113,0.0,23.73,7,0.5,0,0 61 70 78 87 104 113,0.0,30.36,10,0.385,0,0 23 27 32 36 95 99 104 108 113,0.0,32.37,40,0.351,0
44a50dc1a9d8a8a65144962e2c20b832,planar,vessel,1,0.01,0.01,1,1.0,0,0,0.01,23.68,3,0.5,0,0 23 113,0.01,23.74,7,0.5,0,0 61 70 78 87 104 113,0.01,30.37,10,0.385,0,0 23 27 32 36 95 99 104 108 113,0.01,32.37,40,0.351,0
45342795c9bf86d94b8710a3469971b1,planar,cabinet,1,0.03,0.03,1,1.0,0,0,0.02,23.68,3,0.5,113,0 23 113,0.02,23.73,7,0.5,113,0 61 70 78 87 104 113,0.02,30.37,10,0.385,113,0 23 27 32 36 95 99 104 108 113,0.02,32.37,40,0.351,113
45c91d543ef3c1a829a50a2b3c5e5b6,planar,cabinet,1,0.0,0.0,1,1.0,0,0,0.0,23.67,3,0.5,0,0 23 113,0.0,23.73,7,0.5,0,0 61 70 78 87 104 113,0.0,30.36,10,0.385,0,0 23 27 32 36 95 99 104 108 113,0.0,32.37,40,0.351,0
461441f5606348f3d88a3e0e92891ad5,planar,loudspeaker,1,0.0,0.0,1,1.0,0,0,0.0,23.67,3,0.5,113,0 23 113,0.0,23.73,7,0.5,113,0 61 70 78 87 104 113,0.0,30.36,10,0.385,113,0 23 27 32 36 95 99 104 108 113,0.0,32.37,40,0.351,113
464e34455b49aa5c824080f516909671,planar,cabinet,1,0.0,0.0,1,1.0,0,0,0.0,23.67,3,0.5,113,0 23 113,0.0,23.73,7,0.5,113,0 61 70 78 87 104 113,0.0,30.36,10,0.385,113,0 23 27 32 36 95 99 104 108 113,0.0,32.37,40,0.351,113
468a110ac6ede4507d11f9fcb943bcf5,planar,remote control,1,0.01,0.01,1,1.0,0,0,0.0,23.66,3,0.5,113,0 23 113,0.0,23.72,7,0.5,113,0 61 70 78 87 104 113,0.0,30.36,10,0.385,113,0 23 27 32 36 95 99 104 108 113,0.0,32.37,40,0.351,113
47c0481747741fa247367565b9fdaec5,planar,train,1,0.07,0.07,1,1.0,0,0,0.07,23.68,3,0.5,0,0 23 113,0.07,23.74,7,0.5,0,0 61 70 78 87 104 113,0.07,30.36,10,0.385,0,0 23 27 32 36 95 99 104 108 113,0.07,32.37,40,0.351,0
47c33af88f4926676213fd2f62884e62,planar,chair,1,0.1,0.1,1,1.0,0,0,0.09,23.67,3,0.5,113,0 23 113,0.09,23.7,7,0.5,113,0 61 70 78 87 104 113,0.09,30.36,10,0.385,113,0 23 27 32 36 95 99 104 108 113,0.09,32.37,40,0.351,113
4814cb73a71235dbf155d75bbf62b80,planar,bench,2,0.0,0.0,1,1.0,0,0,0.0,12.55,4,0.667,0,0 23 68 113,0.0,14.83,9,0.643,0,0 9 17 61 70 78 87 104 113,0.0,16.82,16,0.615,0,0 5 9 23 27 32 36 59 68 72 81 95 99 104 108 113,0.0,17.27,72,0.632,0
481f7a57a12517e0fe1b9fad6c90c7bf,planar,motorcycle,1,0.01,0.01,1,1.0,0,0,0.01,23.68,3,0.5,0,0 23 113,0.01,23.74,7,0.5,0,0 61 70 78 87 104 113,0.01,30.37,10,0.385,0,0 23 27 32 36 95 99 104 108 113,0.01,32.37,40,0.351,0
484a49065ab1430624256fd51423318f,planar,skateboard,2,0.19,0.19,1,1.0,0,0,0.18,12.54,4,0.667,113,0 23 68 113,0.18,15.01,10,0.714,113,0 9 17 26 61 70 78 87 104 113,0.18,16.79,16,0.615,113,0 5 9 23 27 32 36 59 68 72 81 95 99 104 108 113,0.18,17.28,72,0.632,113
484f3660bf095e6f2b8a1a2aaa466160,planar,cabinet,1,0.01,0.01,1,1.0,0,0,0.0,23.67,3,0.5,113,0 23 113,0.0,23.73,7,0.5,113,0 61 70 78 87 104 113,0.0,30.36,10,0.385,113,0 23 27 32 36 95 99 104 108 113,0.0,32.37,40,0.351,113
488b9ae283b800b282ec895e014b9eb3,planar,skateboard,1,0.13,0.13,1,1.0,0,0,0.13,23.69,3,0.5,0,0 23 113,0.13,23.76,7,0.5,0,0 61 70 78 87 104 113,0.13,30.36,10,0.385,0,0 23 27 32 36 95 99 104 108 113,0.13,32.37,40,0.351,0
48ea3558db137e87ad5067eac75a07f7,planar,bench,2,0.01,0.01,1,1.0,0,0,0.0,12.55,4,0.667,113,0 23 68 113,0.0,14.83,9,0.643,113,0 9 17 61 70 78 87 104 113,0.0,16.82,16,0.615,113,0 5 9 23 27 32 36 59 68 72 81 95 99 104 108 113,0.0,17.27,72,0.632,113
496f1d6cdd0a0aa247b74f4d1238a1fd,planar,bench,1,0.0,0.0,1,1.0,0,0,0.0,23.67,3,0.5,0,0 23 113,0.0,23.73,7,0.5,0,0 61 70 78 87 104 113,0.0,30.36,10,0.385,0,0 23 27 32 36 95 99 104 108 113,0.0,32.37,40,0.351,0
49ab2a5a9005eab9d2b12aa6a0f050b3,planar,bench,1,0.0,0.0,1,1.0,0,0,0.0,23.67,3,0.5,0,0 23 113,0.0,23.73,7,0.5,0,0 61 70 78 87 104 113,0.0,30.36,10,0.385,0,0 23 27 32 36 95 99 104 108 113,0.0,32.37,40,0.351,0
49b69d5e4330ae2457b1c0b6d5084bcf,planar,cabinet,1,0.05,0.05,1,1.0,0,0,0.05,23.67,3,0.5,0,0 23 113,0.05,23.74,7,0.5,0,0 61 70 78 87 104 113,0.05,30.36,10,0.385,0,0 23 27 32 36 95 99 104 108 113,0.05,32.37,40,0.351,0
4a007c5263b36c35f51f77a6d7299806,planar,cabinet,1,0.1,0.1,1,1.0,0,0,0.1,23.73,3,0.5,0,0 23 113,0.1,23.84,7,0.5,0,0 61 70 78 87 104 113,0.02,30.41,10,0.385,36,0 23 27 32 36 95 99 104 108 113,0.02,32.38,40,0.351,36
4a30aaec0e83f992c59350d819542ec7,planar,cabinet,1,0.01,0.01,1,1.0,0,0,0.01,23.67,3,0.5,113,0 23 113,0.01,23.73,7,0.5,113,0 61 70 78 87 104 113,0.01,30.37,10,0.385,113,0 23 27 32 36 95 99 104 108 113,0.01,32.37,40,0.351,113
4a7e3ca704e59439b362845c6edb57fc,planar,bathtub,1,0.06,0.06,1,1.0,0,0,0.05,26.73,3,0.5,113,0 68 113,0.05,35.04,4,0.286,113,0 9 17 113,0.05,32.14,8,0.308,113,0 5 9 59 68 72 81 113,0.05,32.43,42,0.368,113
4acadee1dadac64e4b8710a3469971b1,planar,cabinet,1,0.0,0.0,1,1.0,0,0,0.0,23.67,3,0.5,0,0 23 113,0.0,23.73,7,0.5,0,0 61 70 78 87 104 113,0.0,30.36,10,0.385,0,0 23 27 32 36 95 99 104 108 113,0.0,32.37,40,0.351,0
4b079b2e510fffb8cb2a965e75be701c,planar,bench,1,0.0,0.0,1,1.0,0,0,0.0,23.67,3,0.5,0,0 23 113,0.0,23.73,7,0.5,0,0 61 70 78 87 104 113,0.0,30.36,10,0.385,0,0 23 27 32 36 95 99 104 108 113,0.0,32.37,40,0.351,0
4b38f041ed60b99f7fe17e97940646fa,planar,chair,1,0.0,0.0,1,1.0,0,0,0.0,23.67,3,0.5,0,0 23 113,0.0,23.73,7,0.5,0,0 61 70 78 87 104 113,0.0,30.36,10,0.385,0,0 23 27 32 36 95 99 104 108 113,0.0,32.37,40,0.351,0
4b495cde98399a83d4d8765e3910f617,planar,bench,1,0.0,0.0,1,1.0,0,0,0.0,23.67,3,0.5,0,0 23 113,0.0,23.73,7,0.5,0,0 61 70 78 87 104 113,0.0,30.36,10,0.385,0,0 23 27 32 36 95 99 104 108 113,0.0,32.37,40,0.351,0
4b715a1f611b30768b45d2a1081eca04,planar,bench,1,0.0,0.0,1,1.0,0,0,0.0,23.67,3,0.5,0,0 23 113,0.0,23.73,7,0.5,0,0 61 70 78 87 104 113,0.0,30.36,10,0.385,0,0 23 27 32 36 95 99 104 108 113,0.0,32.37,40,0.351,0
4b80db7aaf0dff0c4da5feafe6f1c8fc,planar,cabinet,1,0.0,0.0,1,1.0,0,0,0.0,23.67,3,0.5,0,0 23 113,0.0,23.73,7,0.5,0,0 61 70 78 87 104 113,0.0,30.36,10,0.385,0,0 23 27 32 36 95 99 104 108 113,0.0,32.37,40,0.351,0
4bd1e17e8bfe8d5622309d9bc2301ff1,planar,cabinet,2,0.06,0.06,1,1.0,0,0,0.05,15.28,4,0.667,113,0 45 68 113,0.05,15.69,8,0.571,113,0 9 17 43 52 61 70 113,0.05,19.33,13,0.5,113,0 5 9 41 45 50 54 59 63 68 72 81 113,0.05,17.27,71,0.623,113
4c68319a9f02d3909807fae46dcfc049,planar,piano,1,0.02,0.02,1,1.0,0,0,0.01,23.67,3,0.5,113,0 23 113,0.01,23.73,7,0.5,113,0 61 70 78 87 104 113,0.01,30.36,10,0.385,113,0 23 27 32 36 95 99 104 108 113,0.01,32.37,40,0.351,113
4cee7bc85dae3a58d6a78c624f639b3a,planar,loudspeaker,1,89.89,89.89,0,0.0,0,,11.42,45.99,2,0.333,45,45 68,4.1,37.86,4,0.286,52,43 52 61 70,2.19,35.09,8,0.308,54,41 45 50 54 59 63 68 72,0.25,33.25,39,0.342,56
4cf8fd9b396d0d24868bb660c8b7e409,planar,bookshelf,1,0.0,0.0,1,1.0,0,0,0.0,23.67,3,0.5,113,0 23 113,0.0,23.73,7,0.5,113,0 61 70 78 87 104 113,0.0,30.36,10,0.385,113,0 23 27 32 36 95 99 104 108 113,0.0,32.37,40,0.351,113
4d033564f0dcb412afac285245c66df0,planar,loudspeaker,1,0.0,0.0,1,1.0,0,0,0.0,23.67,3,0.5,0,0 23 113,0.0,23.73,7,0.5,0,0 61 70 78 87 104 113,0.0,30.36,10,0.385,0,0 23 27 32 36 95 99 104 108 113,0.0,32.37,40,0.351,0
4d38a3e7f051446a9b5ae2fb66e1e25c,planar,bench,1,0.0,0.0,1,1.0,0,0,0.0,23.67,3,0.5,0,0 23 113,0.0,23.73,7,0.5,0,0 61 70 78 87 104 113,0.0,30.36,10,0.385,0,0 23 27 32 36 95 99 104 108 113,0.0,32.37,40,0.351,0
4d79731efe402b0d635469b95109803c,planar,cabinet,1,0.01,0.01,1,1.0,0,0,0.0,23.66,3,0.5,113,0 23 113,0.0,23.73,7,0.5,113,0 61 70 78 87 104 113,0.0,30.36,10,0.385,113,0 23 27 32 36 95 99 104 108 113,0.0,32.37,40,0.351,113
4dabd28be1615419546a56a24fdd418a,planar,cabinet,1,0.02,0.02,1,1.0,0,0,0.01,23.67,3,0.5,113,0 23 113,0.01,23.73,7,0.5,113,0 61 70 78 87 104 113,0.01,30.37,10,0.385,113,0 23 27 32 36 95 99 104 108 113,0.01,32.37,40,0.351,113
4e1fdafd569814c241cefd10ce5d6cc0,planar,bus,1,0.04,0.04,1,1.0,0,0,0.03,23.68,3,0.5,113,0 23 113,0.03,23.73,7,0.5,113,0 61 70 78 87 104 113,0.03,30.37,10,0.385,113,0 23 27 32 36 95 99 104 108 113,0.03,32.37,40,0.351,113
4e31ddf3828a40f3cd525309aaf63a44,planar,cabinet,1,0.0,0.0,1,1.0,0,0,0.0,23.67,3,0.5,0,0 23 113,0.0,23.73,7,0.5,0,0 61 70 78 87 104 113,0.0,30.36,10,0.385,0,0 23 27 32 36 95 99 104 108 113,0.0,32.37,40,0.351,0
4e43690694133a65e5ef38e098c46afd,planar,bench,1,0.03,0.03,1,1.0,0,0,0.03,23.68,3,0.5,0,0 23 113,0.03,23.74,7,0.5,0,0 61 70 78 87 104 113,0.03,30.37,10,0.385,0,0 23 27 32 36 95 99 104 108 113,0.03,32.37,40,0.351,0
4e6313bce5ee3698909d4348e3fee2dd,planar,vessel,1,0.03,0.03,1,1.0,0,0,0.03,23.68,3,0.5,0,0 23 113,0.03,23.74,7,0.5,0,0 61 70 78 87 104 113,0.03,30.36,10,0.385,0,0 23 27 32 36 95 99 104 108 113,0.03,32.37,40,0.351,0
4ead9b28515b97fdc0e2e9e9ade4d03b,planar,bus,1,0.48,0.48,1,1.0,0,0,0.48,23.78,3,0.5,0,0 23 113,0.48,23.84,7,0.5,0,0 61 70 78 87 104 113,0.07,30.36,11,0.423,108,0 5 23 27 32 36 95 99 104 108 113,0.07,32.38,41,0.36,108
4f228d116af6e6ad88a3e0e92891ad5,planar,loudspeaker,1,0.0,0.0,1,1.0,0,0,0.0,23.67,3,0.5,0,0 23 113,0.0,23.73,7,0.5,0,0 61 70 78 87 104 113,0.0,30.36,10,0.385,0,0 23 27 32 36 95 99 104 108 113,0.0,32.37,40,0.351,0
4f35874fc0301d015cd4f7d5b0608a,planar,table,2,0.01,0.01,1,1.0,0,0,0.0,12.55,4,0.667,113,0 23 68 113,0.0,14.83,9,0.643,113,0 9 17 61 70 78 87 104 113,0.0,16.82,16,0.615,113,0 5 9 23 27 32 36 59 68 72 81 95 99 104 108 113,0.0,17.27,72,0.632,113
4f409f31b182075511b6d7dda2bf041e,planar,skateboard,2,0.0,0.0,1,1.0,0,0,0.0,12.53,4,0.667,0,0 23 68 113,0.0,14.84,9,0.643,0,0 9 17 61 70 78 87 104 113,0.0,16.82,16,0.615,0,0 5 9 23 27 32 36 59 68 72 81 95 99 104 108 113,0.0,17.27,72,0.632,0
4fc0bc3fb6438dffab1d1edf764243e3,planar,table,2,0.02,0.02,1,1.0,0,0,0.02,12.56,4,0.667,0,0 23 68 113,0.02,14.83,9,0.643,0,0 9 17 61 70 78 87 104 113,0.02,16.81,16,0.615,0,0 5 9 23 27 32 36 59 68 72 81 95 99 104 108 113,0.02,17.27,72,0.632,0
50557c5a0d38b38920192a5319e3e2e4,planar,stove,1,0.02,0.02,1,1.0,0,0,0.01,23.67,3,0.5,113,0 23 113,0.01,23.73,7,0.5,113,0 61 70 78 87 104 113,0.01,30.36,10,0.385,113,0 23 27 32 36 95 99 104 108 113,0.01,32.37,40,0.351,113
50b1f4e5a130dafbb5b1048c702c9b77,planar,loudspeaker,3,0.1,0.1,1,1.0,0,0,0.06,11.0,5,0.833,113,0 23 45 68 113,0.06,9.3,11,0.786,113,0 9 17 43 52 61 70 78 87 104 113,0.06,11.89,20,0.769,113,0 5 9 23 27 32 36 41 45 50 54 59 63 68 72 95 99 104 108 113,0.05,12.15,91,0.798,57
5125de61a2cf9dd2b362845c6edb57fc,planar,bathtub,2,0.06,0.06,1,1.0,0,0,0.04,26.73,3,0.5,113,0 68 113,0.04,35.04,4,0.286,113,0 9 17 113,0.04,32.13,8,0.308,113,0 5 9 59 68 72 81 113,0.04,32.42,42,0.368,113
5132921c7ed221103af30a3946d92feb,planar,bathtub,2,0.05,0.05,1,1.0,0,0,0.05,12.56,4,0.667,0,0 23 68 113,0.05,14.82,9,0.643,0,0 9 17 61 70 78 87 104 113,0.05,16.82,16,0.615,0,0 5 9 23 27 32 36 59 68 72 81 95 99 104 108 113,0.05,17.27,72,0.632,0
5135a234fe18481235836c728d324152,planar,cabinet,1,0.02,0.02,1,1.0,0,0,0.01,23.67,3,0.5,113,0 23 113,0.01,23.73,7,0.5,113,0 61 70 78 87 104 113,0.01,30.36,10,0.385,113,0 23 27 32 36 95 99 104 108 113,0.01,32.37,40,0.351,113
514623ec3be9f8ac9f46749e28e16975,planar,bus,1,0.21,0.21,1,1.0,0,0,0.21,23.7,3,0.5,0,0 23 113,0.21,23.76,7,0.5,0,0 61 70 78 87 104 113,0.13,30.35,10,0.385,108,0 23 27 32 36 95 99 104 108 113,0.13,32.37,40,0.351,108
5174613439e9cf79d2808af04871028b,planar,helmet,1,0.55,0.55,1,1.0,0,0,0.27,27.1,3,0.5,113,0 68 113,0.27,35.88,4,0.286,113,0 9 17 113,0.27,32.27,7,0.269,113,0 5 9 59 68 72 113,0.27,32.44,40,0.351,113
51c60589bdd1ed73d4d8765e3910f617,planar,bench,1,0.0,0.0,1,1.0,0,0,0.0,23.67,3,0.5,0,0 23 113,0.0,23.73,7,0.5,0,0 61 70 78 87 104 113,0.0,30.36,10,0.385,0,0 23 27 32 36 95 99 104 108 113,0.0,32.37,40,0.351,0
5207969c5c38875a6eca3a103e1326ab,planar,bench,1,0.0,0.0,1,1.0,0,0,0.0,23.67,3,0.5,0,0 23 113,0.0,23.73,7,0.5,0,0 61 70 78 87 104 113,0.0,30.36,10,0.385,0,0 23 27 32 36 95 99 104 108 113,0.0,32.37,40,0.351,0
52160c130b4c132244221bef0fa3c36b,planar,bathtub,1,89.53,89.53,0,0.0,0,,11.56,45.91,2,0.333,45,45 68,4.56,37.74,4,0.286,52,43 52 61 70,1.9,35.06,8,0.308,54,41 45 50 54 59 63 68 72,0.21,33.24,38,0.333,56
524e4a1041ae53154b3c42e318f3affc,planar,chair,1,0.0,0.0,1,1.0,0,0,0.0,23.67,3,0.5,0,0 23 113,0.0,23.73,7,0.5,0,0 61 70 78 87 104 113,0.0,30.36,10,0.385,0,0 23 27 32 36 95 99 104 108 113,0.0,32.37,40,0.351,0
52867aee1e2e137912a905e721b748f5,planar,bench,1,0.0,0.0,1,1.0,0,0,0.0,23.67,3,0.5,0,0 23 113,0.0,23.73,7,0.5,0,0 61 70 78 87 104 113,0.0,30.36,10,0.385,0,0 23 27 32 36 95 99 104 108 113,0.0,32.37,40,0.351,0
5294d0d31a33e67912de5317fe5b354f,planar,cabinet,1,0.13,0.13,1,1.0,0,0,0.13,23.71,3,0.5,0,0 23 113,0.13,23.77,7,0.5,0,0 61 70 78 87 104 113,0.13,30.37,10,0.385,0,0 23 27 32 36 95 99 104 108 113,0.13,32.37,40,0.351,0
52c23e4a42c5f058ffc6e457221b9271,planar,washer,1,0.0,0.0,1,1.0,0,0,0.0,23.66,3,0.5,0,0 23 113,0.0,23.72,7,0.5,0,0 61 70 78 87 104 113,0.0,30.36,10,0.385,0,0 23 27 32 36 95 99 104 108 113,0.0,32.37,40,0.351,0
52ffc103719ae88ef0f40fbf85e100a,planar,skateboard,2,0.06,0.06,1,1.0,0,0,0.06,12.56,4,0.667,113,0 23 68 113,0.06,14.9,9,0.643,113,0 9 17 61 70 78 87 104 113,0.06,16.81,16,0.615,113,0 5 9 23 27 32 36 59 68 72 81 95 99 104 108 113,0.06,17.26,72,0.632,113
53433f3e15014d831220240e825d0985,planar,earphone,2,0.05,0.05,1,1.0,0,0,0.04,12.65,4,0.667,113,0 23 68 113,0.04,14.88,9,0.643,113,0 9 17 61 70 78 87 104 113,0.04,16.81,16,0.615,113,0 5 9 23 27 32 36 59 68 72 81 95 99 104 108 113,0.04,17.27,72,0.632,113
536cbcc72e3f648fb362845c6edb57fc,planar,bathtub,1,0.07,0.07,1,1.0,0,0,0.06,26.73,3,0.5,113,0 68 113,0.06,35.05,4,0.286,113,0 9 17 113,0.06,32.14,8,0.308,113,0 5 9 59 68 72 81 113,0.06,32.43,42,0.368,113
5394ceacb131b5e79d7aee0f8e107545,planar,loudspeaker,1,89.94,89.94,0,0.0,0,,11.69,46.02,2,0.333,45,45 68,4.6,37.84,4,0.286,52,43 52 61 70,2.51,35.1,8,0.308,59,41 45 50 54 59 63 68 72,0.46,33.25,38,0.333,57
539ad95ea77939f8f9a3483407086411,planar,train,1,0.0,0.0,1,1.0,0,0,0.0,23.67,3,0.5,0,0 23 113,0.0,23.73,7,0.5,0,0 61 70 78 87 104 113,0.0,30.36,10,0.385,0,0 23 27 32 36 95 99 104 108 113,0.0,32.37,40,0.351,0
53ad4a901e8b0dd9121859336e292a5d,planar,dishwasher,1,0.0,0.0,1,1.0,0,0,0.0,23.67,3,0.5,113,0 23 113,0.0,23.73,7,0.5,113,0 61 70 78 87 104 113,0.0,30.36,10,0.385,113,0 23 27 32 36 95 99 104 108 113,0.0,32.37,40,0.351,113
53e1d0645ff2afc54c3aee8e9d3a6ffa,planar,file,1,0.0,0.0,1,1.0,0,0,0.0,23.66,3,0.5,0,0 23 113,0.0,23.73,7,0.5,0,0 61 70 78 87 104 113,0.0,30.36,10,0.385,0,0 23 27 32 36 95 99 104 108 113,0.0,32.37,40,0.351,0
53e3f4b35e8c992e954bfb4cc0842c46,planar,bench,2,0.01,0.01,1,1.0,0,0,0.0,12.55,4,0.667,113,0 23 68 113,0.0,14.83,9,0.643,113,0 9 17 61 70 78 87 104 113,0.0,16.82,16,0.615,113,0 5 9 23 27 32 36 59 68 72 81 95 99 104 108 113,0.0,17.27,72,0.632,113
54547a5cbc7cd402c955e5ed03ef3a2f,planar,bench,2,0.02,0.02,1,1.0,0,0,0.02,12.56,4,0.667,0,0 23 68 113,0.02,14.83,9,0.643,0,0 9 17 61 70 78 87 104 113,0.02,16.82,16,0.615,0,0 5 9 23 27 32 36 59 68 72 81 95 99 104 108 113,0.02,17.27,72,0.632,0
54ad30894e9c74f28abdeb0a990504a,planar,vessel,1,0.04,0.04,1,1.0,0,0,0.04,23.67,3,0.5,0,0 23 113,0.04,23.74,7,0.5,0,0 61 70 78 87 104 113,0.04,30.36,10,0.385,0,0 23 27 32 36 95 99 104 108 113,0.04,32.37,40,0.351,0
550e62946d2f55554bce3147c41ec725,planar,bench,1,0.0,0.0,1,1.0,0,0,0.0,23.67,3,0.5,0,0 23 113,0.0,23.73,7,0.5,0,0 61 70 78 87 104 113,0.0,30.36,10,0.385,0,0 23 27 32 36 95 99 104 108 113,0.0,32.37,40,0.351,0
5586a1f6745126e25e0d2ab0e6ad9dae,planar,clock,1,0.06,0.06,1,1.0,0,0,0.05,26.73,3,0.5,113,0 68 113,0.05,35.04,4,0.286,113,0 9 17 113,0.05,32.14,8,0.308,113,0 5 9 59 68 72 81 113,0.05,32.43,42,0.368,113
55a09adb1315764f8a766d8de50bb39d,planar,pillow,3,0.01,0.01,1,1.0,0,0,0.01,10.89,5,0.833,0,0 23 45 68 113,0.01,9.26,11,0.786,0,0 9 17 43 52 61 70 78 87 104 113,0.01,11.81,21,0.808,0,0 5 9 23 27 32 36 41 45 50 54 59 63 68 72 81 95 99 104 108 113,0.01,12.15,92,0.807,0
55c97131574186c0d4d8765e3910f617,planar,bench,2,0.0,0.0,1,1.0,0,0,0.0,12.55,4,0.667,113,0 23 68 113,0.0,14.83,9,0.643,113,0 9 17 61 70 78 87 104 113,0.0,16.82,16,0.615,113,0 5 9 23 27 32 36 59 68 72 81 95 99 104 108 113,0.0,17.27,72,0.632,113
55cf3c1207e421a29e3e34eaf1f39535,planar,vessel,1,0.0,0.0,1,1.0,0,0,0.0,23.67,3,0.5,0,0 23 113,0.0,23.73,7,0.5,0,0 61 70 78 87 104 113,0.0,30.36,10,0.385,0,0 23 27 32 36 95 99 104 108 113,0.0,32.37,40,0.351,0
55f0e38a64ba2c2d813b65629a36678,planar,skateboard,1,0.0,0.0,1,1.0,0,0,0.0,23.67,3,0.5,0,0 23 113,0.0,23.73,7,0.5,0,0 61 70 78 87 104 113,0.0,30.36,10,0.385,0,0 23 27 32 36 95 99 104 108 113,0.0,32.37,40,0.351,0
563569e15313d7eb89e13811ad04f53f,planar,skateboard,2,0.02,0.02,1,1.0,0,0,0.01,12.48,4,0.667,113,0 23 68 113,0.01,14.78,9,0.643,113,0 9 17 61 70 78 87 104 113,0.01,16.83,16,0.615,113,0 5 9 23 27 32 36 59 68 72 81 95 99 104 108 113,0.01,17.27,71,0.623,113
564813720bdb0cd93321831d2245cf06,planar,bathtub,1,0.16,0.16,1,1.0,0,0,0.16,26.81,3,0.5,0,0 68 113,0.16,35.0,4,0.286,0,0 9 17 113,0.16,32.14,8,0.308,0,0 5 9 59 68 72 81 113,0.16,32.43,42,0.368,0
56e1f35c70ad2859c59350d819542ec7,planar,cabinet,1,89.79,89.79,0,0.0,0,,11.53,45.98,2,0.333,68,45 68,4.67,37.8,4,0.286,61,43 52 61 70,2.41,35.08,8,0.308,54,41 45 50 54 59 63 68 72,0.32,33.24,39,0.342,56
57041ab17b34eba1f49237e570f62c8f,planar,cabinet,1,0.0,0.0,1,1.0,0,0,0.0,23.67,3,0.5,0,0 23 113,0.0,23.73,7,0.5,0,0 61 70 78 87 104 113,0.0,30.36,10,0.385,0,0 23 27 32 36 95 99 104 108 113,0.0,32.37,40,0.351,0
571dd1b4d09773c5bbe43d356df0e955,planar,skateboard,2,0.08,0.08,1,1.0,0,0,0.07,12.68,4,0.667,113,0 23 68 113,0.07,14.92,9,0.643,113,0 9 17 61 70 78 87 104 113,0.07,16.84,16,0.615,113,0 5 9 23 27 32 36 59 68 72 81 95 99 104 108 113,0.07,17.27,72,0.632,113
574447022c4473d455f46d55537192b6,planar,table,2,0.0,0.0,1,1.0,0,0,0.0,12.55,4,0.667,0,0 23 68 113,0.0,14.83,9,0.643,0,0 9 17 61 70 78 87 104 113,0.0,16.82,16,0.615,0,0 5 9 23 27 32 36 59 68 72 81 95 99 104 108 113,0.0,17.27,72,0.632,0
575289640b8fe387a0c6c5e8898c5f38,planar,train,1,0.07,0.07,1,1.0,0,0,0.07,23.68,3,0.5,0,0 23 113,0.07,23.74,7,0.5,0,0 61 70 78 87 104 113,0.07,30.36,10,0.385,0,0 23 27 32 36 95 99 104 108 113,0.07,32.37,40,0.351,0
575595ab81e657315b3aba3f0877c74f,planar,bench,1,0.01,0.01,1,1.0,0,0,0.01,23.67,3,0.5,0,0 23 113,0.01,23.73,7,0.5,0,0 61 70 78 87 104 113,0.01,30.36,10,0.385,0,0 23 27 32 36 95 99 104 108 113,0.01,32.37,40,0.351,0
578b801e35fd2defd4d8765e3910f617,planar,bench,1,0.01,0.01,1,1.0,0,0,0.0,23.67,3,0.5,113,0 23 113,0.0,23.73,7,0.5,113,0 61 70 78 87 104 113,0.0,30.36,10,0.385,113,0 23 27 32 36 95 99 104 108 113,0.0,32.37,40,0.351,113
578ba0e5871fd931b8e562d273208aea,planar,train,1,0.22,0.22,1,1.0,0,0,0.22,23.71,3,0.5,0,0 23 113,0.22,23.77,7,0.5,0,0 61 70 78 87 104 113,0.14,30.36,10,0.385,108,0 23 27 32 36 95 99 104 108 113,0.14,32.37,40,0.351,108
57b4898f5b94a5a89d297e74104d3ac3,planar,chair,1,0.0,0.0,1,1.0,0,0,0.0,23.67,3,0.5,0,0 23 113,0.0,23.73,7,0.5,0,0 61 70 78 87 104 113,0.0,30.36,10,0.385,0,0 23 27 32 36 95 99 104 108 113,0.0,32.37,40,0.351,0
5870d0ad92321f8cad5067eac75a07f7,planar,bench,1,0.0,0.0,1,1.0,0,0,0.0,23.67,3,0.5,0,0 23 113,0.0,23.73,7,0.5,0,0 61 70 78 87 104 113,0.0,30.36,10,0.385,0,0 23 27 32 36 95 99 104 108 113,0.0,32.37,40,0.351,0
589c1f69b5a29cb7b362845c6edb57fc,planar,bathtub,2,0.0,0.0,1,1.0,0,0,0.0,12.6,4,0.667,0,0 23 68 113,0.0,14.79,9,0.643,0,0 9 17 61 70 78 87 104 113,0.0,16.83,16,0.615,0,0 5 9 23 27 32 36 59 68 72 81 95 99 104 108 113,0.0,17.27,72,0.632,0
58bc4edaefdf3b0e1db42cf774e49bf,planar,washer,1,0.08,0.08,1,1.0,0,0,0.07,23.69,3,0.5,113,0 23 113,0.07,23.73,7,0.5,113,0 61 70 78 87 104 113,0.07,30.37,10,0.385,113,0 23 27 32 36 95 99 104 108 113,0.07,32.37,40,0.351,113
591613a69c2e212f78c0a4707b40a908,planar,loudspeaker,1,0.16,0.16,1,1.0,0,0,0.15,23.74,3,0.5,113,0 23 113,0.15,23.74,7,0.5,113,0 61 70 78 87 104 113,0.15,30.39,10,0.385,113,0 23 27 32 36 95 99 104 108 113,0.15,32.37,40,0.351,113
594c15031388ed1588cafac7d7e6b54,planar,bathtub,2,0.16,0.16,1,1.0,0,0,0.16,27.21,3,0.5,0,0 68 113,0.16,34.45,4,0.286,0,0 9 17 113,0.16,31.92,8,0.308,0,0 5 9 59 68 72 81 113,0.16,32.15,40,0.351,0
59bf155f2c4d655894c7c2dce500aa02,planar,laptop,1,2.21,2.21,1,1.0,0,0,1.91,23.9,4,0.667,113,0 23 45 113,1.91,24.55,6,0.429,113,0 70 78 87 104 113,1.64,30.62,11,0.423,36,0 5 23 32 36 45 95 99 104 108 113,0.15,32.43,39,0.342,112
59c7c6a65cf462be43acec71ba42b6b7,planar,laptop,1,0.0,0.0,1,1.0,0,0,0.0,23.67,3,0.5,0,0 23 113,0.0,23.73,7,0.5,0,0 61 70 78 87 104 113,0.0,30.36,10,0.385,0,0 23 27 32 36 95 99 104 108 113,0.0,32.37,40,0.351,0
5a34a535ced91869354ab1decf4fe605,planar,motorcycle,1,0.0,0.0,1,1.0,0,0,0.0,23.67,3,0.5,0,0 23 113,0.0,23.73,7,0.5,0,0 61 70 78 87 104 113,0.0,30.36,10,0.385,0,0 23 27 32 36 95 99 104 108 113,0.0,32.37,40,0.351,0
5a79d517ab366c52ccd0340812259a39,planar,bathtub,2,0.32,0.32,1,1.0,0,0,0.32,26.59,3,0.5,0,0 68 113,0.19,34.32,4,0.286,17,0 9 17 113,0.32,31.57,8,0.308,0,0 5 9 59 68 72 81 113,0.19,31.76,42,0.368,17
5a86b8c93baf8ad0a9030dd33d75b731,planar,bench,1,0.02,0.02,1,1.0,0,0,0.02,23.67,3,0.5,113,0 23 113,0.02,23.72,7,0.5,113,0 61 70 78 87 104 113,0.02,30.36,10,0.385,113,0 23 27 32 36 95 99 104 108 113,0.02,32.37,40,0.351,113
5aa9a03af76807fa94f937d854219137,planar,bench,1,0.0,0.0,1,1.0,0,0,0.0,23.67,3,0.5,0,0 23 113,0.0,23.73,7,0.5,0,0 61 70 78 87 104 113,0.0,30.36,10,0.385,0,0 23 27 32 36 95 99 104 108 113,0.0,32.37,40,0.351,0
5ab38425eb09fe33cac2a982f1c2a5b5,planar,bench,2,0.04,0.04,1,1.0,0,0,0.04,12.56,4,0.667,0,0 23 68 113,0.04,14.83,9,0.643,0,0 9 17 61 70 78 87 104 113,0.04,16.82,16,0.615,0,0 5 9 23 27 32 36 59 68 72 81 95 99 104 108 113,0.04,17.27,72,0.632,0
5acf58974a81ba7ea7b482715d4b6103,planar,earphone,2,0.06,0.06,1,1.0,0,0,0.05,12.35,4,0.667,113,0 23 68 113,0.05,14.92,9,0.643,113,0 9 17 61 70 78 87 104 113,0.05,16.85,16,0.615,113,0 5 9 23 27 32 36 59 68 72 81 95 99 104 108 113,0.05,17.27,72,0.632,113
5b0d2362c82416695b903ba10d2ec446,planar,table,2,0.01,0.01,1,1.0,0,0,0.0,12.66,4,0.667,113,0 23 68 113,0.0,14.87,9,0.643,113,0 9 17 61 70 78 87 104 113,0.0,16.81,16,0.615,113,0 5 9 23 27 32 36 59 68 72 81 95 99 104 108 113,0.0,17.27,72,0.632,113
5b50871735c5cce2d2b12aa6a0f050b3,planar,bench,1,0.0,0.0,1,1.0,0,0,0.0,23.67,3,0.5,0,0 23 113,0.0,23.73,7,0.5,0,0 61 70 78 87 104 113,0.0,30.36,10,0.385,0,0 23 27 32 36 95 99 104 108 113,0.0,32.37,40,0.351,0
5bc75cb5c0270e60d2b12aa6a0f050b3,planar,bench,1,0.0,0.0,1,1.0,0,0,0.0,23.67,3,0.5,0,0 23 113,0.0,23.73,7,0.5,0,0 61 70 78 87 104 113,0.0,30.36,10,0.385,0,0 23 27 32 36 95 99 104 108 113,0.0,32.37,40,0.351,0
5be09ade953eaf6ca6910e4922d61aa,planar,bench,1,0.0,0.0,1,1.0,0,0,0.0,23.67,3,0.5,0,0 23 113,0.0,23.73,7,0.5,0,0 61 70 78 87 104 113,0.0,30.36,10,0.385,0,0 23 27 32 36 95 99 104 108 113,0.0,32.37,40,0.351,0
5c10e37453733ddb46d83d16be057f3e,planar,airplane,1,0.09,0.09,1,1.0,0,0,0.09,23.7,3,0.5,0,0 23 113,0.09,23.76,7,0.5,0,0 61 70 78 87 104 113,0.09,30.37,10,0.385,0,0 23 27 32 36 95 99 104 108 113,0.09,32.37,40,0.351,0
5c2a57c2cff7cc06d636d2b2e734dd7a,planar,piano,1,0.01,0.01,1,1.0,0,0,0.0,23.67,3,0.5,113,0 23 113,0.0,23.73,7,0.5,113,0 61 70 78 87 104 113,0.0,30.36,10,0.385,113,0 23 27 32 36 95 99 104 108 113,0.0,32.37,40,0.351,113
5cb40adcdfa5247681faebbdea6bd9be,planar,bench,1,0.0,0.0,1,1.0,0,0,0.0,23.67,3,0.5,0,0 23 113,0.0,23.73,7,0.5,0,0 61 70 78 87 104 113,0.0,30.36,10,0.385,0,0 23 27 32 36 95 99 104 108 113,0.0,32.37,40,0.351,0
5cbffd78e4cefc3038330212e10bdbc0,planar,bench,1,0.0,0.0,1,1.0,0,0,0.0,23.67,3,0.5,0,0 23 113,0.0,23.73,7,0.5,0,0 61 70 78 87 104 113,0.0,30.36,10,0.385,0,0 23 27 32 36 95 99 104 108 113,0.0,32.37,40,0.351,0
5d68fdf84dfdc4809f136629ee03397d,planar,bench,1,0.0,0.0,1,1.0,0,0,0.0,23.67,3,0.5,0,0 23 113,0.0,23.73,7,0.5,0,0 61 70 78 87 104 113,0.0,30.36,10,0.385,0,0 23 27 32 36 95 99 104 108 113,0.0,32.37,40,0.351,0
5d9880d63d54b9c442bdc91bf8c0f902,planar,bench,1,0.0,0.0,1,1.0,0,0,0.0,23.67,3,0.5,113,0 23 113,0.0,23.73,7,0.5,113,0 61 70 78 87 104 113,0.0,30.36,10,0.385,113,0 23 27 32 36 95 99 104 108 113,0.0,32.37,40,0.351,113
5da1ddcc8d5f62577f5d4139a48ddb6f,planar,tower,1,0.13,0.13,1,1.0,0,0,0.1,23.68,3,0.5,113,0 23 113,0.1,23.75,7,0.5,113,0 61 70 78 87 104 113,0.1,30.36,10,0.385,113,0 23 27 32 36 95 99 104 108 113,0.1,32.37,40,0.351,113
5ddf4835ed5640e942e61fccfc5d24ee,planar,train,1,0.24,0.24,1,1.0,0,0,0.24,23.7,3,0.5,0,0 23 113,0.24,23.76,7,0.5,0,0 61 70 78 87 104 113,0.09,30.35,10,0.385,108,0 23 27 32 36 95 99 104 108 113,0.09,32.37,40,0.351,108
5df84478c357fc7c5b056960183c4aff,planar,train,1,0.0,0.0,1,1.0,0,0,0.0,23.67,3,0.5,0,0 23 113,0.0,23.73,7,0.5,0,0 61 70 78 87 104 113,0.0,30.36,10,0.385,0,0 23 27 32 36 95 99 104 108 113,0.0,32.37,40,0.351,0
5e1ef1b63216952dd2b12aa6a0f050b3,planar,bench,1,0.0,0.0,1,1.0,0,0,0.0,23.67,3,0.5,0,0 23 113,0.0,23.73,7,0.5,0,0 61 70 78 87 104 113,0.0,30.36,10,0.385,0,0 23 27 32 36 95 99 104 108 113,0.0,32.37,40,0.351,0
5edc6766196953a28f62bdf4e9082924,planar,cabinet,1,0.0,0.0,1,1.0,0,0,0.0,23.67,3,0.5,113,0 23 113,0.0,23.73,7,0.5,113,0 61 70 78 87 104 113,0.0,30.36,10,0.385,113,0 23 27 32 36 95 99 104 108 113,0.0,32.37,40,0.351,113
5eecd4415ae176b6c6bf3b18b8ca71a,planar,bus,1,0.61,0.61,1,1.0,0,0,0.43,23.66,3,0.5,113,0 23 113,0.43,23.89,7,0.5,113,0 61 70 78 87 104 113,0.43,30.41,11,0.423,113,0 5 23 27 32 36 95 99 104 108 113,0.43,32.39,41,0.36,113
5f3782702eb8f2d421b4fad85a658c,planar,bench,1,0.01,0.01,1,1.0,0,0,0.0,23.69,3,0.5,113,0 23 113,0.0,23.75,7,0.5,113,0 61 70 78 87 104 113,0.0,30.37,10,0.385,113,0 23 27 32 36 95 99 104 108 113,0.0,32.37,40,0.351,113
5f9fd9bf28da76ebed2eab6efdeec5f8,planar,chair,1,0.07,0.07,1,1.0,0,0,0.07,23.7,3,0.5,113,0 23 113,0.07,23.73,7,0.5,113,0 61 70 78 87 104 113,0.07,30.37,10,0.385,113,0 23 27 32 36 95 99 104 108 113,0.07,32.37,40,0.351,113
601c1c3d98596cc34a60c1a189046dd1,planar,stove,1,0.21,0.21,1,1.0,0,0,0.21,23.69,3,0.5,0,0 23 113,0.21,23.75,7,0.5,0,0 61 70 78 87 104 113,0.08,30.35,10,0.385,36,0 23 27 32 36 95 99 104 108 113,0.08,32.37,40,0.351,36
608f7c4d52bbfeec9f00d9b3defbf21d,planar,helmet,1,0.35,0.35,1,1.0,0,0,0.34,23.75,3,0.5,113,0 23 113,0.34,23.69,7,0.5,113,0 61 70 78 87 104 113,0.05,30.39,10,0.385,36,0 23 27 32 36 95 99 104 108 113,0.05,32.37,40,0.351,36
619b49bae27807fb1082f2ea630bf69e,planar,skateboard,1,0.03,0.03,1,1.0,0,0,0.02,23.68,3,0.5,113,0 23 113,0.02,23.73,7,0.5,113,0 61 70 78 87 104 113,0.02,30.37,10,0.385,113,0 23 27 32 36 95 99 104 108 113,0.02,32.37,40,0.351,113
61a19c2b6dbab7be1291d1279f7bf122,planar,bathtub,2,0.02,0.02,1,1.0,0,0,0.02,12.56,4,0.667,0,0 23 68 113,0.02,14.82,9,0.643,0,0 9 17 61 70 78 87 104 113,0.02,16.82,16,0.615,0,0 5 9 23 27 32 36 59 68 72 81 95 99 104 108 113,0.02,17.27,72,0.632,0
61b9d7c12ba7aed4c59350d819542ec7,planar,cabinet,1,3.43,3.43,1,1.0,0,0,3.43,24.03,4,0.667,0,0 23 45 113,2.04,25.03,6,0.429,87,0 70 78 87 104 113,3.13,30.82,11,0.423,36,0 5 23 32 36 45 95 99 104 108 113,0.97,32.53,38,0.333,91
61bd590e917928f6b6ecbbb2e4d05900,planar,airplane,1,0.03,0.03,1,1.0,0,0,0.03,23.67,3,0.5,113,0 23 113,0.03,23.72,7,0.5,113,0 61 70 78 87 104 113,0.03,30.37,10,0.385,113,0 23 27 32 36 95 99 104 108 113,0.03,32.37,40,0.351,113
61e3c4fcffab96b9ed98cca8f0ccd5f7,planar,bench,1,0.0,0.0,1,1.0,0,0,0.0,23.67,3,0.5,0,0 23 113,0.0,23.73,7,0.5,0,0 61 70 78 87 104 113,0.0,30.36,10,0.385,0,0 23 27 32 36 95 99 104 108 113,0.0,32.37,40,0.351,0
621f1f65eca6fe7fd7c9d85d3b7335dc,planar,bathtub,1,0.06,0.06,1,1.0,0,0,0.05,26.73,3,0.5,113,0 68 113,0.05,35.04,4,0.286,113,0 9 17 113,0.05,32.14,8,0.308,113,0 5 9 59 68 72 81 113,0.05,32.43,42,0.368,113
622dadb90004f49fb84959963148f2a2,planar,cabinet,1,0.0,0.0,1,1.0,0,0,0.0,23.66,3,0.5,0,0 23 113,0.0,23.72,7,0.5,0,0 61 70 78 87 104 113,0.0,30.36,10,0.385,0,0 23 27 32 36 95 99 104 108 113,0.0,32.37,40,0.351,0
62a332e54cca36f547b925ad5d9d8738,planar,cabinet,1,0.0,0.0,1,1.0,0,0,0.0,23.67,3,0.5,113,0 23 113,0.0,23.73,7,0.5,113,0 61 70 78 87 104 113,0.0,30.36,10,0.385,113,0 23 27 32 36 95 99 104 108 113,0.0,32.37,40,0.351,113
62f8ee99e2961024834b1a533ffa0490,planar,train,1,0.14,0.14,1,1.0,0,0,0.13,23.72,3,0.5,113,0 23 113,0.13,23.73,7,0.5,113,0 61 70 78 87 104 113,0.13,30.38,10,0.385,113,0 23 27 32 36 95 99 104 108 113,0.13,32.37,40,0.351,113
637b36b2e5db7f513f7e27638e63d848,planar,chair,1,0.02,0.02,1,1.0,0,0,0.01,23.67,3,0.5,113,0 23 113,0.01,23.73,7,0.5,113,0 61 70 78 87 104 113,0.01,30.36,10,0.385,113,0 23 27 32 36 95 99 104 108 113,0.01,32.37,40,0.351,113
638f96b7300e754178d5e65673875191,planar,bus,1,0.0,0.0,1,1.0,0,0,0.0,23.67,3,0.5,0,0 23 113,0.0,23.73,7,0.5,0,0 61 70 78 87 104 113,0.0,30.36,10,0.385,0,0 23 27 32 36 95 99 104 108 113,0.0,32.37,40,0.351,0
639822a6db5ec3d852470de2774d6099,planar,bus,1,0.0,0.0,1,1.0,0,0,0.0,23.67,3,0.5,0,0 23 113,0.0,23.73,7,0.5,0,0 61 70 78 87 104 113,0.0,30.36,10,0.385,0,0 23 27 32 36 95 99 104 108 113,0.0,32.37,40,0.351,0
63cde6b5e85cae2bf4b6538438a0b930,planar,table,2,0.0,0.0,1,1.0,0,0,0.0,12.55,4,0.667,0,0 23 68 113,0.0,14.83,9,0.643,0,0 9 17 61 70 78 87 104 113,0.0,16.82,16,0.615,0,0 5 9 23 27 32 36 59 68 72 81 95 99 104 108 113,0.0,17.27,72,0.632,0
63fc809815b9639de7c7920f6a65a54d,planar,lamp,1,0.14,0.14,1,1.0,0,0,0.13,23.55,3,0.5,113,0 23 113,0.13,23.57,7,0.5,113,0 61 70 78 87 104 113,0.08,30.35,10,0.385,108,0 23 27 32 36 95 99 104 108 113,0.08,32.37,40,0.351,108
641234f284243decea95e61f66327e28,planar,cellular telephone,1,0.01,0.01,1,1.0,0,0,0.01,23.69,3,0.5,0,0 23 113,0.01,23.75,7,0.5,0,0 61 70 78 87 104 113,0.01,30.37,10,0.385,0,0 23 27 32 36 95 99 104 108 113,0.01,32.37,40,0.351,0
643191e8ee56104e424f8f8e828c9ab9,planar,cabinet,1,0.01,0.01,1,1.0,0,0,0.0,23.67,3,0.5,113,0 23 113,0.0,23.73,7,0.5,113,0 61 70 78 87 104 113,0.0,30.36,10,0.385,113,0 23 27 32 36 95 99 104 108 113,0.0,32.37,40,0.351,113
6458583a168aa52af42a90fe4baf4591,planar,bathtub,1,0.3,0.3,1,1.0,0,0,0.02,26.8,3,0.5,113,0 68 113,0.02,34.98,4,0.286,113,0 9 17 113,0.02,32.16,8,0.308,113,0 5 9 59 68 72 81 113,0.02,32.43,42,0.368,113
6466c201a664851de7b89654b68b9e5b,planar,bench,2,0.0,0.0,1,1.0,0,0,0.0,12.55,4,0.667,0,0 23 68 113,0.0,14.83,9,0.643,0,0 9 17 61 70 78 87 104 113,0.0,16.82,16,0.615,0,0 5 9 23 27 32 36 59 68 72 81 95 99 104 108 113,0.0,17.27,72,0.632,0
64d5bd4a6af3da16327289c00b6dc9ca,planar,chair,1,0.0,0.0,1,1.0,0,0,0.0,23.67,3,0.5,113,0 23 113,0.0,23.73,7,0.5,113,0 61 70 78 87 104 113,0.0,30.36,10,0.385,113,0 23 27 32 36 95 99 104 108 113,0.0,32.37,40,0.351,113
6512b58401c7ea51ad5067eac75a07f7,planar,bench,1,0.0,0.0,1,1.0,0,0,0.0,23.67,3,0.5,113,0 23 113,0.0,23.73,7,0.5,113,0 61 70 78 87 104 113,0.0,30.36,10,0.385,113,0 23 27 32 36 95 99 104 108 113,0.0,32.37,40,0.351,113
654362e53ebb6e303321831d2245cf06,planar,bathtub,2,0.04,0.04,1,1.0,0,0,0.04,12.55,4,0.667,0,0 23 68 113,0.04,14.83,9,0.643,0,0 9 17 61 70 78 87 104 113,0.04,16.82,16,0.615,0,0 5 9 23 27 32 36 59 68 72 81 95 99 104 108 113,0.04,17.27,72,0.632,0
65470e16a5880d4dcb2a965e75be701c,planar,bench,1,0.0,0.0,1,1.0,0,0,0.0,23.67,3,0.5,0,0 23 113,0.0,23.73,7,0.5,0,0 61 70 78 87 104 113,0.0,30.36,10,0.385,0,0 23 27 32 36 95 99 104 108 113,0.0,32.37,40,0.351,0
660e11eff2108a00f8ff821990890128,planar,bus,1,0.38,0.38,1,1.0,0,0,0.37,23.83,3,0.5,113,0 23 113,0.37,23.75,7,0.5,113,0 61 70 78 87 104 113,0.37,30.43,10,0.385,113,0 23 27 32 36 95 99 104 108 113,0.37,32.38,40,0.351,113
668c488e900c2ede62a9eaa32bfe99c4,planar,chair,1,0.12,0.12,1,1.0,0,0,0.12,23.69,3,0.5,0,0 23 113,0.12,23.76,7,0.5,0,0 61 70 78 87 104 113,0.12,30.36,10,0.385,0,0 23 27 32 36 95 99 104 108 113,0.12,32.37,40,0.351,0
66adf182075ea88177f32db2e5e73311,planar,bench,1,0.01,0.01,1,1.0,0,0,0.0,23.67,3,0.5,113,0 23 113,0.0,23.73,7,0.5,113,0 61 70 78 87 104 113,0.0,30.36,10,0.385,113,0 23 27 32 36 95 99 104 108 113,0.0,32.37,40,0.351,113
673e5bae900225783956bf2322987dd4,planar,bathtub,1,0.0,0.0,1,1.0,0,0,0.0,23.67,3,0.5,113,0 23 113,0.0,23.73,7,0.5,113,0 61 70 78 87 104 113,0.0,30.36,10,0.385,113,0 23 27 32 36 95 99 104 108 113,0.0,32.37,40,0.351,113
6752d9230ae82d1ce67de87b371d4c06,planar,bench,1,0.01,0.01,1,1.0,0,0,0.0,23.67,3,0.5,113,0 23 113,0.0,23.73,7,0.5,113,0 61 70 78 87 104 113,0.0,30.36,10,0.385,113,0 23 27 32 36 95 99 104 108 113,0.0,32.37,40,0.351,113
67967d0213be8b199fa004564ade09f8,planar,loudspeaker,1,0.05,0.05,1,1.0,0,0,0.05,23.66,3,0.5,0,0 23 113,0.05,23.72,7,0.5,0,0 61 70 78 87 104 113,0.05,30.35,10,0.385,0,0 23 27 32 36 95 99 104 108 113,0.05,32.37,40,0.351,0
67baf038e83456967f521a3dcd28e9d2,planar,cellular telephone,1,1.29,1.29,1,1.0,0,0,1.29,23.81,3,0.5,0,0 23 113,1.29,24.23,7,0.5,0,0 61 70 78 87 104 113,1.0,30.53,10,0.385,36,0 5 23 32 36 95 99 104 108 113,0.04,32.4,40,0.351,2
67eaa2b16399f3e88809fffd0cefbf72,planar,table,2,0.0,0.0,1,1.0,0,0,0.0,12.55,4,0.667,0,0 23 68 113,0.0,14.83,9,0.643,0,0 9 17 61 70 78 87 104 113,0.0,16.82,16,0.615,0,0 5 9 23 27 32 36 59 68 72 81 95 99 104 108 113,0.0,17.27,72,0.632,0
68220c134171d105f0fb3e3d2a0d34c9,planar,cabinet,1,0.01,0.01,1,1.0,0,0,0.0,23.67,3,0.5,113,0 23 113,0.0,23.73,7,0.5,113,0 61 70 78 87 104 113,0.0,30.36,10,0.385,113,0 23 27 32 36 95 99 104 108 113,0.0,32.37,40,0.351,113
689fce16d1f9099b9aebadb76803631,planar,table,1,0.07,0.07,1,1.0,0,0,0.06,26.73,3,0.5,113,0 68 113,0.06,35.05,4,0.286,113,0 9 17 113,0.06,32.14,8,0.308,113,0 5 9 59 68 72 81 113,0.06,32.43,42,0.368,113
691480901ee9f047ad5067eac75a07f7,planar,bench,1,0.01,0.01,1,1.0,0,0,0.01,23.67,3,0.5,0,0 23 113,0.01,23.73,7,0.5,0,0 61 70 78 87 104 113,0.01,30.36,10,0.385,0,0 23 27 32 36 95 99 104 108 113,0.01,32.37,40,0.351,0
693b8a150f9e844e50539bb73fa8aaff,planar,bathtub,1,0.06,0.06,1,1.0,0,0,0.05,26.73,3,0.5,113,0 68 113,0.05,35.04,4,0.286,113,0 9 17 113,0.05,32.14,8,0.308,113,0 5 9 59 68 72 81 113,0.05,32.43,42,0.368,113
69544db102786237f51f77a6d7299806,planar,cabinet,1,0.0,0.0,1,1.0,0,0,0.0,23.67,3,0.5,0,0 23 113,0.0,23.73,7,0.5,0,0 61 70 78 87 104 113,0.0,30.36,10,0.385,0,0 23 27 32 36 95 99 104 108 113,0.0,32.37,40,0.351,0
699cd83b28bd248d30f646576d932e1a,planar,bus,1,0.03,0.03,1,1.0,0,0,0.03,23.68,3,0.5,0,0 23 113,0.03,23.74,7,0.5,0,0 61 70 78 87 104 113,0.03,30.36,10,0.385,0,0 23 27 32 36 95 99 104 108 113,0.03,32.37,40,0.351,0
6a11450577768f2747d4c7899ba36cd,planar,bench,1,0.01,0.01,1,1.0,0,0,0.0,23.67,3,0.5,113,0 23 113,0.0,23.73,7,0.5,113,0 61 70 78 87 104 113,0.0,30.36,10,0.385,113,0 23 27 32 36 95 99 104 108 113,0.0,32.37,40,0.351,113
6a121783609b4a18824662341ce2b233,planar,cabinet,1,0.01,0.01,1,1.0,0,0,0.0,23.67,3,0.5,113,0 23 113,0.0,23.73,7,0.5,113,0 61 70 78 87 104 113,0.0,30.36,10,0.385,113,0 23 27 32 36 95 99 104 108 113,0.0,32.37,40,0.351,113
6a237c1e61fe2bba8490246570868c8d,planar,bench,1,0.03,0.03,1,1.0,0,0,0.03,23.68,3,0.5,0,0 23 113,0.03,23.75,7,0.5,0,0 61 70 78 87 104 113,0.03,30.37,10,0.385,0,0 23 27 32 36 95 99 104 108 113,0.03,32.37,40,0.351,0
6a26d2eaaf63d2a7b2faf16541f353f5,planar,train,1,0.0,0.0,1,1.0,0,0,0.0,23.67,3,0.5,0,0 23 113,0.0,23.73,7,0.5,0,0 61 70 78 87 104 113,0.0,30.36,10,0.385,0,0 23 27 32 36 95 99 104 108 113,0.0,32.37,40,0.351,0
6a72d6a26d28b02bd626c689702869b7,planar,table,2,0.0,0.0,1,1.0,0,0,0.0,12.55,4,0.667,0,0 23 68 113,0.0,14.83,9,0.643,0,0 9 17 61 70 78 87 104 113,0.0,16.82,16,0.615,0,0 5 9 23 27 32 36 59 68 72 81 95 99 104 108 113,0.0,17.27,72,0.632,0
6abd7ebbc9020871bfbc6e788697e036,planar,vessel,1,0.02,0.02,1,1.0,0,0,0.01,23.67,3,0.5,113,0 23 113,0.01,23.72,7,0.5,113,0 61 70 78 87 104 113,0.01,30.36,10,0.385,113,0 23 27 32 36 95 99 104 108 113,0.01,32.37,40,0.351,113
6b00fdf6062389ad738dd0d3509c7e47,planar,chair,1,0.0,0.0,1,1.0,0,0,0.0,23.67,3,0.5,0,0 23 113,0.0,23.73,7,0.5,0,0 61 70 78 87 104 113,0.0,30.36,10,0.385,0,0 23 27 32 36 95 99 104 108 113,0.0,32.37,40,0.351,0
6b32d3a9198f8b03d1dcc55e36186e4e,planar,chair,1,0.02,0.02,1,1.0,0,0,0.02,23.68,3,0.5,113,0 23 113,0.02,23.73,7,0.5,113,0 61 70 78 87 104 113,0.02,30.37,10,0.385,113,0 23 27 32 36 95 99 104 108 113,0.02,32.37,40,0.351,113
6b47fc9f533618719c8ccc4e539799af,planar,bench,2,0.02,0.02,1,1.0,0,0,0.02,12.44,4,0.667,0,0 23 68 113,0.02,14.64,9,0.643,0,0 9 17 61 70 78 87 104 113,0.02,16.82,16,0.615,0,0 5 9 23 27 32 36 59 68 72 81 95 99 104 108 113,0.02,17.24,69,0.605,0
6b9d09fcf8998360a36fa9e07c662628,planar,bench,1,0.0,0.0,1,1.0,0,0,0.0,23.67,3,0.5,0,0 23 113,0.0,23.73,7,0.5,0,0 61 70 78 87 104 113,0.0,30.36,10,0.385,0,0 23 27 32 36 95 99 104 108 113,0.0,32.37,40,0.351,0
6bf058da5c3835b415ca6115a4467dd6,planar,table,1,0.0,0.0,1,1.0,0,0,0.0,23.67,3,0.5,0,0 23 113,0.0,23.73,7,0.5,0,0 61 70 78 87 104 113,0.0,30.36,10,0.385,0,0 23 27 32 36 95 99 104 108 113,0.0,32.37,40,0.351,0
6bf0f5e06cb748bb9671c58246946ed6,planar,cabinet,1,0.18,0.18,1,1.0,0,0,0.17,23.8,3,0.5,113,0 23 113,0.17,23.79,7,0.5,113,0 61 70 78 87 104 113,0.17,30.42,10,0.385,113,0 23 27 32 36 95 99 104 108 113,0.17,32.38,39,0.342,113
6c1ca36830d54ca5c9736640ccf985f5,planar,bench,2,0.0,0.0,1,1.0,0,0,0.0,12.55,4,0.667,0,0 23 68 113,0.0,14.83,9,0.643,0,0 9 17 61 70 78 87 104 113,0.0,16.82,16,0.615,0,0 5 9 23 27 32 36 59 68 72 81 95 99 104 108 113,0.0,17.27,72,0.632,0
6c3e80092fa36371cb2ecbd32dc2119e,planar,bus,1,0.0,0.0,1,1.0,0,0,0.0,23.67,3,0.5,0,0 23 113,0.0,23.73,7,0.5,0,0 61 70 78 87 104 113,0.0,30.36,10,0.385,0,0 23 27 32 36 95 99 104 108 113,0.0,32.37,40,0.351,0
6cfb76b40fc41da2a6e67635b9d1cee5,planar,cap,1,2.08,2.08,1,1.0,0,0,2.08,25.08,4,0.667,0,0 23 45 113,1.97,24.38,6,0.429,87,0 70 78 87 104 113,2.08,30.95,11,0.423,0,0 23 27 32 36 45 95 99 104 108 113,0.29,32.41,40,0.351,53
6d08f3c059e674dfcb2a965e75be701c,planar,bench,1,0.0,0.0,1,1.0,0,0,0.0,23.67,3,0.5,113,0 23 113,0.0,23.73,7,0.5,113,0 61 70 78 87 104 113,0.0,30.36,10,0.385,113,0 23 27 32 36 95 99 104 108 113,0.0,32.37,40,0.351,113
6d755a3d6d0f265d77ea5e1afa5bfe6,planar,loudspeaker,1,0.05,0.05,1,1.0,0,0,0.05,23.68,3,0.5,0,0 23 113,0.05,23.75,7,0.5,0,0 61 70 78 87 104 113,0.05,30.36,10,0.385,0,0 23 27 32 36 95 99 104 108 113,0.05,32.37,40,0.351,0
6da867f9fd8aefebc26e81144f3196d5,planar,clock,2,0.01,0.01,1,1.0,0,0,0.01,26.7,3,0.5,0,0 68 113,0.01,35.01,4,0.286,0,0 9 17 113,0.01,32.1,8,0.308,0,0 5 9 59 68 72 81 113,0.01,32.4,42,0.368,0
6daa439badf26355593ebeeedbff73b,planar,bench,1,0.0,0.0,1,1.0,0,0,0.0,23.67,3,0.5,0,0 23 113,0.0,23.73,7,0.5,0,0 61 70 78 87 104 113,0.0,30.36,10,0.385,0,0 23 27 32 36 95 99 104 108 113,0.0,32.37,40,0.351,0
6dad3b17869cb20fdf94ba6a907dbe8,planar,table,2,0.01,0.01,1,1.0,0,0,0.0,12.55,4,0.667,113,0 23 68 113,0.0,14.83,9,0.643,113,0 9 17 61 70 78 87 104 113,0.0,16.82,16,0.615,113,0 5 9 23 27 32 36 59 68 72 81 95 99 104 108 113,0.0,17.27,72,0.632,113
6e683e60075bff408f98ac7ca14e08ed,planar,bench,1,0.0,0.0,1,1.0,0,0,0.0,23.67,3,0.5,113,0 23 113,0.0,23.73,7,0.5,113,0 61 70 78 87 104 113,0.0,30.36,10,0.385,113,0 23 27 32 36 95 99 104 108 113,0.0,32.37,40,0.351,113
6e77b16c5463bf147756371b6ccc35f2,planar,bench,1,0.0,0.0,1,1.0,0,0,0.0,23.67,3,0.5,0,0 23 113,0.0,23.73,7,0.5,0,0 61 70 78 87 104 113,0.0,30.36,10,0.385,0,0 23 27 32 36 95 99 104 108 113,0.0,32.37,40,0.351,0
6ec0ed3fc05dc7b7ad5067eac75a07f7,planar,bench,1,0.0,0.0,1,1.0,0,0,0.0,23.67,3,0.5,0,0 23 113,0.0,23.73,7,0.5,0,0 61 70 78 87 104 113,0.0,30.36,10,0.385,0,0 23 27 32 36 95 99 104 108 113,0.0,32.37,40,0.351,0
6ee844357bbc5bddd4d8765e3910f617,planar,bench,1,0.0,0.0,1,1.0,0,0,0.0,23.67,3,0.5,113,0 23 113,0.0,23.73,7,0.5,113,0 61 70 78 87 104 113,0.0,30.36,10,0.385,113,0 23 27 32 36 95 99 104 108 113,0.0,32.37,40,0.351,113
6f1c542f24b8e50554d7082b34825ef0,planar,bathtub,2,0.07,0.07,1,1.0,0,0,0.06,26.6,3,0.5,113,0 68 113,0.06,34.61,4,0.286,113,0 9 17 113,0.06,31.83,8,0.308,113,0 5 9 59 68 72 81 113,0.06,32.12,42,0.368,113
6f46c38f86fa961ed2f1945599cd5176,planar,bookshelf,2,0.01,0.01,1,1.0,0,0,0.0,12.55,4,0.667,113,0 23 68 113,0.0,14.83,9,0.643,113,0 9 17 61 70 78 87 104 113,0.0,16.82,16,0.615,113,0 5 9 23 27 32 36 59 68 72 81 95 99 104 108 113,0.0,17.27,72,0.632,113
6f607a06c0d86895ad5067eac75a07f7,planar,bench,2,0.0,0.0,1,1.0,0,0,0.0,12.55,4,0.667,0,0 23 68 113,0.0,14.83,9,0.643,0,0 9 17 61 70 78 87 104 113,0.0,16.82,16,0.615,0,0 5 9 23 27 32 36 59 68 72 81 95 99 104 108 113,0.0,17.27,72,0.632,0
6f630f561e5ae2a5423efd8c02bd12f7,planar,bench,1,0.02,0.02,1,1.0,0,0,0.02,23.69,3,0.5,0,0 23 113,0.02,23.75,7,0.5,0,0 61 70 78 87 104 113,0.02,30.37,10,0.385,0,0 23 27 32 36 95 99 104 108 113,0.02,32.37,40,0.351,0
6f6c8762f55f94e24145b5f47fac09a5,planar,laptop,1,1.98,1.98,1,1.0,0,0,1.65,24.67,3,0.5,113,0 23 113,1.65,23.51,8,0.571,113,0 61 70 78 87 96 104 113,1.35,30.61,10,0.385,108,0 23 27 32 36 95 99 104 108 113,0.0,32.41,40,0.351,19
7077395b60bf4aeb3cb44973ec1ffcf8,planar,camera,1,0.05,0.05,1,1.0,0,0,0.01,23.68,3,0.5,113,0 23 113,0.01,23.72,7,0.5,113,0 61 70 78 87 104 113,0.01,30.37,10,0.385,113,0 23 27 32 36 95 99 104 108 113,0.01,32.37,40,0.351,113
70a2b281cd8d59a52d19175e7d19b7cb,planar,chair,1,0.26,0.26,1,1.0,0,0,0.25,23.79,3,0.5,113,0 23 113,0.25,23.75,7,0.5,113,0 61 70 78 87 104 113,0.25,30.41,10,0.385,113,0 23 27 32 36 95 99 104 108 113,0.25,32.38,40,0.351,113
70edb39bb2710eebcb2a965e75be701c,planar,bench,1,0.0,0.0,1,1.0,0,0,0.0,23.67,3,0.5,0,0 23 113,0.0,23.73,7,0.5,0,0 61 70 78 87 104 113,0.0,30.36,10,0.385,0,0 23 27 32 36 95 99 104 108 113,0.0,32.37,40,0.351,0
71970f9a11b0b5bcd7262b1b986920e7,planar,bench,1,0.08,0.08,1,1.0,0,0,0.07,23.7,3,0.5,113,0 23 113,0.07,23.73,7,0.5,113,0 61 70 78 87 104 113,0.07,30.37,10,0.385,113,0 23 27 32 36 95 99 104 108 113,0.07,32.37,40,0.351,113
71c2c44dd20ae153353a90f87b8ecab5,planar,cabinet,1,0.0,0.0,1,1.0,0,0,0.0,23.67,3,0.5,0,0 23 113,0.0,23.73,7,0.5,0,0 61 70 78 87 104 113,0.0,30.36,10,0.385,0,0 23 27 32 36 95 99 104 108 113,0.0,32.37,40,0.351,0
71ead7f072106c63ed13f430b2941481,planar,bag,2,0.18,0.18,1,1.0,0,0,0.17,12.63,4,0.667,113,0 23 68 113,0.17,14.88,9,0.643,113,0 9 17 61 70 78 87 104 113,0.17,16.85,16,0.615,113,0 5 9 23 27 32 36 59 68 72 81 95 99 104 108 113,0.17,17.27,71,0.623,113
721617d5fe78f33363ffebf86d8dd00,planar,bathtub,1,0.0,0.0,1,1.0,0,0,0.0,23.67,3,0.5,113,0 23 113,0.0,23.73,7,0.5,113,0 61 70 78 87 104 113,0.0,30.36,10,0.385,113,0 23 27 32 36 95 99 104 108 113,0.0,32.37,40,0.351,113
724fa46215e03f4c52d9fc61873164a1,planar,table,2,0.03,0.03,1,1.0,0,0,0.03,12.58,4,0.667,0,0 23 68 113,0.03,14.85,9,0.643,0,0 9 17 61 70 78 87 104 113,0.03,16.82,16,0.615,0,0 5 9 23 27 32 36 59 68 72 81 95 99 104 108 113,0.03,17.27,72,0.632,0
7290270e8dc33f5bef54591980b8a426,planar,bus,1,0.0,0.0,1,1.0,0,0,0.0,23.67,3,0.5,0,0 23 113,0.0,23.73,7,0.5,0,0 61 70 78 87 104 113,0.0,30.36,10,0.385,0,0 23 27 32 36 95 99 104 108 113,0.0,32.37,40,0.351,0
72d950ea1c029bf2369c46027bce7af,planar,cabinet,2,0.01,0.01,1,1.0,0,0,0.01,12.55,4,0.667,0,0 23 68 113,0.01,14.83,9,0.643,0,0 9 17 61 70 78 87 104 113,0.01,16.82,16,0.615,0,0 5 9 23 27 32 36 59 68 72 81 95 99 104 108 113,0.01,17.27,72,0.632,0
72f501d4168713b9445e85eb534460b0,planar,table,1,0.0,0.0,1,1.0,0,0,0.0,23.67,3,0.5,113,0 23 113,0.0,23.73,7,0.5,113,0 61 70 78 87 104 113,0.0,30.36,10,0.385,113,0 23 27 32 36 95 99 104 108 113,0.0,32.37,40,0.351,113
733cae1ea9a85122d41f2c02e27f6d9c,planar,bench,1,0.0,0.0,1,1.0,0,0,0.0,23.67,3,0.5,0,0 23 113,0.0,23.73,7,0.5,0,0 61 70 78 87 104 113,0.0,30.36,10,0.385,0,0 23 27 32 36 95 99 104 108 113,0.0,32.37,40,0.351,0
739725054f3dcee41ef2486fe36a1e66,planar,bus,1,0.02,0.02,1,1.0,0,0,0.02,23.67,3,0.5,0,0 23 113,0.02,23.73,7,0.5,0,0 61 70 78 87 104 113,0.02,30.36,10,0.385,0,0 23 27 32 36 95 99 104 108 113,0.02,32.37,40,0.351,0
73a6a42f5e45b3e7a3879b7d5fe7c612,planar,bench,1,0.01,0.01,1,1.0,0,0,0.0,23.67,3,0.5,113,0 23 113,0.0,23.73,7,0.5,113,0 61 70 78 87 104 113,0.0,30.36,10,0.385,113,0 23 27 32 36 95 99 104 108 113,0.0,32.37,40,0.351,113
73c2405d760e35adf51f77a6d7299806,planar,cabinet,1,0.07,0.07,1,1.0,0,0,0.07,23.69,3,0.5,113,0 23 113,0.07,23.73,7,0.5,113,0 61 70 78 87 104 113,0.07,30.37,10,0.385,113,0 23 27 32 36 95 99 104 108 113,0.07,32.37,40,0.351,113
74126116f42f09e2e6e130a30b5ed875,planar,cabinet,1,0.0,0.0,1,1.0,0,0,0.0,23.67,3,0.5,0,0 23 113,0.0,23.73,7,0.5,0,0 61 70 78 87 104 113,0.0,30.36,10,0.385,0,0 23 27 32 36 95 99 104 108 113,0.0,32.37,40,0.351,0
74983e99e7606eb114708467db3d00e2,planar,bench,2,0.0,0.0,1,1.0,0,0,0.0,12.55,4,0.667,0,0 23 68 113,0.0,14.83,9,0.643,0,0 9 17 61 70 78 87 104 113,0.0,16.82,16,0.615,0,0 5 9 23 27 32 36 59 68 72 81 95 99 104 108 113,0.0,17.27,72,0.632,0
74d27bf812f4a7d83a2dfdc3f38ea6c3,planar,loudspeaker,1,0.01,0.01,1,1.0,0,0,0.0,23.67,3,0.5,113,0 23 113,0.0,23.73,7,0.5,113,0 61 70 78 87 104 113,0.0,30.36,10,0.385,113,0 23 27 32 36 95 99 104 108 113,0.0,32.37,40,0.351,113
751c6f35fc0194785445e46058840642,planar,clock,1,0.01,0.01,1,1.0,0,0,0.01,23.67,3,0.5,0,0 23 113,0.01,23.73,7,0.5,0,0 61 70 78 87 104 113,0.01,30.36,10,0.385,0,0 23 27 32 36 95 99 104 108 113,0.01,32.37,40,0.351,0
758b9da6bf573838d214322c26aa0cfd,planar,cellular telephone,1,0.0,0.0,1,1.0,0,0,0.0,23.67,3,0.5,0,0 23 113,0.0,23.73,7,0.5,0,0 61 70 78 87 104 113,0.0,30.36,10,0.385,0,0 23 27 32 36 95 99 104 108 113,0.0,32.37,40,0.351,0
75c4595a4d1c3bf9fd2b139960f72a73,planar,cabinet,1,0.0,0.0,1,1.0,0,0,0.0,23.67,3,0.5,113,0 23 113,0.0,23.73,7,0.5,113,0 61 70 78 87 104 113,0.0,30.36,10,0.385,113,0 23 27 32 36 95 99 104 108 113,0.0,32.37,40,0.351,113
75fc875e3d2bd8fbf01129d246a5d1a5,planar,bus,1,0.27,0.27,1,1.0,0,0,0.27,23.71,3,0.5,0,0 23 113,0.27,23.78,7,0.5,0,0 61 70 78 87 104 113,0.09,30.35,10,0.385,108,0 23 27 32 36 95 99 104 108 113,0.09,32.37,40,0.351,108
7681e8a8ba049dcec16b50401ee47ac,planar,pistol,1,0.01,0.01,1,1.0,0,0,0.01,23.66,3,0.5,0,0 23 113,0.01,23.73,7,0.5,0,0 61 70 78 87 104 113,0.01,30.36,10,0.385,0,0 23 27 32 36 95 99 104 108 113,0.01,32.37,40,0.351,0
76976adc8a170036ae23680cee12f145,planar,bench,1,0.0,0.0,1,1.0,0,0,0.0,23.67,3,0.5,113,0 23 113,0.0,23.73,7,0.5,113,0 61 70 78 87 104 113,0.0,30.36,10,0.385,113,0 23 27 32 36 95 99 104 108 113,0.0,32.37,40,0.351,113
76f657e27f2aa86391a491e8257bd6fe,planar,bus,1,0.04,0.04,1,1.0,0,0,0.04,23.67,3,0.5,0,0 23 113,0.04,23.74,7,0.5,0,0 61 70 78 87 104 113,0.04,30.36,10,0.385,0,0 23 27 32 36 95 99 104 108 113,0.04,32.37,40,0.351,0
775230183193fb9c39054ca4bd28c2fb,planar,remote control,1,0.0,0.0,1,1.0,0,0,0.0,23.67,3,0.5,0,0 23 113,0.0,23.73,7,0.5,0,0 61 70 78 87 104 113,0.0,30.36,10,0.385,0,0 23 27 32 36 95 99 104 108 113,0.0,32.37,40,0.351,0
77c2f1b7a7c0a4d15ca1f314f1afc186,planar,bench,2,0.0,0.0,1,1.0,0,0,0.0,12.55,4,0.667,113,0 23 68 113,0.0,14.83,9,0.643,113,0 9 17 61 70 78 87 104 113,0.0,16.82,16,0.615,113,0 5 9 23 27 32 36 59 68 72 81 95 99 104 108 113,0.0,17.27,72,0.632,113
77e0932f0886aede3321831d2245cf06,planar,bathtub,1,0.01,0.01,1,1.0,0,0,0.01,23.67,3,0.5,0,0 23 113,0.01,23.73,7,0.5,0,0 61 70 78 87 104 113,0.01,30.36,10,0.385,0,0 23 27 32 36 95 99 104 108 113,0.01,32.37,40,0.351,0
785b58a111b0498b9572486e5a924845,planar,cabinet,1,0.0,0.0,1,1.0,0,0,0.0,23.67,3,0.5,0,0 23 113,0.0,23.73,7,0.5,0,0 61 70 78 87 104 113,0.0,30.36,10,0.385,0,0 23 27 32 36 95 99 104 108 113,0.0,32.37,40,0.351,0
78a93c794aa77beb47bc3701b998a7d5,planar,table,2,0.0,0.0,1,1.0,0,0,0.0,12.55,4,0.667,113,0 23 68 113,0.0,14.83,9,0.643,113,0 9 17 61 70 78 87 104 113,0.0,16.82,16,0.615,113,0 5 9 23 27 32 36 59 68 72 81 95 99 104 108 113,0.0,17.27,72,0.632,113
78d36740730c94a4490ad276cd2af3a4,planar,cabinet,1,0.02,0.02,1,1.0,0,0,0.01,23.67,3,0.5,113,0 23 113,0.01,23.73,7,0.5,113,0 61 70 78 87 104 113,0.01,30.36,10,0.385,113,0 23 27 32 36 95 99 104 108 113,0.01,32.37,40,0.351,113
79ace304188699fd5fe7cbb6d6b5e421,planar,bathtub,1,0.02,0.02,1,1.0,0,0,0.02,23.67,3,0.5,0,0 23 113,0.02,23.73,7,0.5,0,0 61 70 78 87 104 113,0.02,30.36,10,0.385,0,0 23 27 32 36 95 99 104 108 113,0.02,32.37,40,0.351,0
79b834190bfcf065bc7069dbf29b2330,planar,train,1,0.11,0.11,1,1.0,0,0,0.1,23.71,3,0.5,113,0 23 113,0.1,23.73,7,0.5,113,0 61 70 78 87 104 113,0.1,30.38,10,0.385,113,0 23 27 32 36 95 99 104 108 113,0.1,32.37,40,0.351,113
79bf4c4574bc9c4552470de2774d6099,planar,bus,1,0.02,0.02,1,1.0,0,0,0.01,23.67,3,0.5,113,0 23 113,0.01,23.73,7,0.5,113,0 61 70 78 87 104 113,0.01,30.36,10,0.385,113,0 23 27 32 36 95 99 104 108 113,0.01,32.37,40,0.351,113
79cbb3c5f6bad447abc635d6ed355bef,planar,loudspeaker,1,0.0,0.0,1,1.0,0,0,0.0,23.66,3,0.5,113,0 23 113,0.0,23.72,7,0.5,113,0 61 70 78 87 104 113,0.0,30.36,10,0.385,113,0 23 27 32 36 95 99 104 108 113,0.0,32.37,40,0.351,113
7a48b295d6c3956fa96fd0f479def5ab,planar,cabinet,1,0.0,0.0,1,1.0,0,0,0.0,23.67,3,0.5,0,0 23 113,0.0,23.73,7,0.5,0,0 61 70 78 87 104 113,0.0,30.36,10,0.385,0,0 23 27 32 36 95 99 104 108 113,0.0,32.37,40,0.351,0
7abeb2903fa22d0fad974a50533b722,planar,bench,1,0.01,0.01,1,1.0,0,0,0.0,23.67,3,0.5,113,0 23 113,0.0,23.73,7,0.5,113,0 61 70 78 87 104 113,0.0,30.36,10,0.385,113,0 23 27 32 36 95 99 104 108 113,0.0,32.37,40,0.351,113
7aef12ad7f602053d4d8765e3910f617,planar,pot,2,0.21,0.21,1,1.0,0,0,0.2,12.62,4,0.667,113,0 23 68 113,0.2,14.88,9,0.643,113,0 9 17 61 70 78 87 104 113,0.2,16.84,16,0.615,113,0 5 9 23 27 32 36 59 68 72 81 95 99 104 108 113,0.2,17.27,72,0.632,113
7af2a3d126ac5e44fdda95e9849ffbd2,planar,cellular telephone,1,0.01,0.01,1,1.0,0,0,0.01,23.68,3,0.5,0,0 23 113,0.01,23.74,7,0.5,0,0 61 70 78 87 104 113,0.01,30.37,10,0.385,0,0 23 27 32 36 95 99 104 108 113,0.01,32.37,40,0.351,0
7ba9140b8e416d79601104cd2d998272,planar,bench,1,0.01,0.01,1,1.0,0,0,0.0,23.67,3,0.5,113,0 23 113,0.0,23.73,7,0.5,113,0 61 70 78 87 104 113,0.0,30.36,10,0.385,113,0 23 27 32 36 95 99 104 108 113,0.0,32.37,40,0.351,113
7bddc990442a3c6ea8ab8175d04e5764,planar,stove,1,0.0,0.0,1,1.0,0,0,0.0,23.67,3,0.5,0,0 23 113,0.0,23.73,7,0.5,0,0 61 70 78 87 104 113,0.0,30.36,10,0.385,0,0 23 27 32 36 95 99 104 108 113,0.0,32.37,40,0.351,0
7c5bebe21d2f9232af268f6180933aa3,planar,bench,1,0.01,0.01,1,1.0,0,0,0.0,23.67,3,0.5,113,0 23 113,0.0,23.73,7,0.5,113,0 61 70 78 87 104 113,0.0,30.36,10,0.385,113,0 23 27 32 36 95 99 104 108 113,0.0,32.37,40,0.351,113
7de0323af143c38bd4d8765e3910f617,planar,bench,2,0.01,0.01,1,1.0,0,0,0.0,12.55,4,0.667,113,0 23 68 113,0.0,14.83,9,0.643,113,0 9 17 61 70 78 87 104 113,0.0,16.82,16,0.615,113,0 5 9 23 27 32 36 59 68 72 81 95 99 104 108 113,0.0,17.27,72,0.632,113
7e029f73e9cd98d2f155d75bbf62b80,planar,bench,2,0.01,0.01,1,1.0,0,0,0.01,12.55,4,0.667,0,0 23 68 113,0.01,14.83,9,0.643,0,0 9 17 61 70 78 87 104 113,0.01,16.82,16,0.615,0,0 5 9 23 27 32 36 59 68 72 81 95 99 104 108 113,0.01,17.27,72,0.632,0
7e32602a20e478ddb362845c6edb57fc,planar,bathtub,1,2.03,2.03,1,1.0,0,0,2.03,27.3,3,0.5,0,0 68 113,2.03,35.33,5,0.357,0,0 9 17 26 113,1.58,32.23,8,0.308,72,0 5 9 59 68 72 81 113,0.78,32.48,41,0.36,89
7e5dbe69598c6439ab80ed476c7fb6b1,planar,bus,1,0.1,0.1,1,1.0,0,0,0.09,23.71,3,0.5,113,0 23 113,0.09,23.73,7,0.5,113,0 61 70 78 87 104 113,0.09,30.38,10,0.385,113,0 23 27 32 36 95 99 104 108 113,0.09,32.37,40,0.351,113
7ebff305b2e93504239603972bcd2e7b,planar,laptop,1,0.03,0.03,1,1.0,0,0,0.02,23.68,3,0.5,113,0 23 113,0.02,23.73,7,0.5,113,0 61 70 78 87 104 113,0.02,30.37,10,0.385,113,0 23 27 32 36 95 99 104 108 113,0.02,32.37,40,0.351,113
7f50a6bb1827b9f582bfcd34215ccfc7,planar,cabinet,1,0.0,0.0,1,1.0,0,0,0.0,23.67,3,0.5,0,0 23 113,0.0,23.73,7,0.5,0,0 61 70 78 87 104 113,0.0,30.36,10,0.385,0,0 23 27 32 36 95 99 104 108 113,0.0,32.37,40,0.351,0
7f756e697cd03ac821844676433a0aca,planar,cellular telephone,1,0.03,0.03,1,1.0,0,0,0.02,23.68,3,0.5,113,0 23 113,0.02,23.73,7,0.5,113,0 61 70 78 87 104 113,0.02,30.37,10,0.385,113,0 23 27 32 36 95 99 104 108 113,0.02,32.37,40,0.351,113
7fce8c7fc6ce0364fcd4910413c446d9,planar,dishwasher,1,2.06,2.06,1,1.0,0,0,1.45,23.83,4,0.667,113,0 23 45 113,1.45,24.43,7,0.5,113,0 61 70 78 87 104 113,1.45,30.57,11,0.423,113,0 5 23 32 36 45 95 99 104 108 113,0.16,32.42,41,0.36,53
7fd1b974ea23815ba0338a523d3365ec,planar,train,1,0.22,0.22,1,1.0,0,0,0.22,23.73,3,0.5,0,0 23 113,0.22,23.79,7,0.5,0,0 61 70 78 87 104 113,0.19,30.37,10,0.385,108,0 23 27 32 36 95 99 104 108 113,0.19,32.37,40,0.351,108
7fe08cd7a9b76c1dcbde89e0c48a01bf,planar,chair,1,0.03,0.03,1,1.0,0,0,0.03,23.68,3,0.5,0,0 23 113,0.03,23.74,7,0.5,0,0 61 70 78 87 104 113,0.03,30.36,10,0.385,0,0 23 27 32 36 95 99 104 108 113,0.03,32.37,40,0.351,0
800da11834a991da3321831d2245cf06,planar,bathtub,2,0.02,0.02,1,1.0,0,0,0.02,12.54,4,0.667,0,0 23 68 113,0.02,14.84,9,0.643,0,0 9 17 61 70 78 87 104 113,0.02,16.82,16,0.615,0,0 5 9 23 27 32 36 59 68 72 81 95 99 104 108 113,0.02,17.27,72,0.632,0
8020984fc6e83ac1331b5e6778e27aa,planar,motorcycle,1,0.25,0.25,1,1.0,0,0,0.25,23.71,3,0.5,0,0 23 113,0.25,23.78,7,0.5,0,0 61 70 78 87 104 113,0.11,30.35,10,0.385,108,0 23 27 32 36 95 99 104 108 113,0.11,32.37,40,0.351,108
804adfb0fa907adc238ec815c61acb8,planar,piano,1,1.72,1.72,1,1.0,0,0,1.54,24.61,3,0.5,113,0 23 113,1.54,23.59,8,0.571,113,0 61 70 78 87 96 104 113,1.11,30.59,10,0.385,108,0 23 27 32 36 95 99 104 108 113,0.44,32.41,40,0.351,19
804cdf67685d7e592efffaf8e146c9c,planar,faucet,1,0.08,0.08,1,1.0,0,0,0.08,23.54,3,0.5,0,0 23 113,0.08,23.62,7,0.5,0,0 61 70 78 87 104 113,0.02,30.33,10,0.385,108,0 23 27 32 36 95 99 104 108 113,0.02,32.37,40,0.351,108
80593a84e45e4345f51f77a6d7299806,planar,bench,1,0.0,0.0,1,1.0,0,0,0.0,23.67,3,0.5,0,0 23 113,0.0,23.73,7,0.5,0,0 61 70 78 87 104 113,0.0,30.36,10,0.385,0,0 23 27 32 36 95 99 104 108 113,0.0,32.37,40,0.351,0
807f68d665cf7b0cf4fb4dee5181bee,planar,bench,1,0.0,0.0,1,1.0,0,0,0.0,23.67,3,0.5,0,0 23 113,0.0,23.73,7,0.5,0,0 61 70 78 87 104 113,0.0,30.36,10,0.385,0,0 23 27 32 36 95 99 104 108 113,0.0,32.37,40,0.351,0
8093937b9072e92afab6e40cce6926d7,planar,cabinet,1,0.04,0.04,1,1.0,0,0,0.03,23.68,3,0.5,113,0 23 113,0.03,23.73,7,0.5,113,0 61 70 78 87 104 113,0.03,30.37,10,0.385,113,0 23 27 32 36 95 99 104 108 113,0.03,32.37,40,0.351,113
8094a6efa5efa16776d812857a5be1ce,planar,cabinet,1,0.0,0.0,1,1.0,0,0,0.0,23.67,3,0.5,0,0 23 113,0.0,23.73,7,0.5,0,0 61 70 78 87 104 113,0.0,30.36,10,0.385,0,0 23 27 32 36 95 99 104 108 113,0.0,32.37,40,0.351,0
81412f3a04fb62c39a595400278b1b6d,planar,piano,1,0.54,0.54,1,1.0,0,0,0.54,23.77,3,0.5,0,0 23 113,0.54,23.84,7,0.5,0,0 61 70 78 87 104 113,0.05,30.36,11,0.423,36,0 5 23 27 32 36 95 99 104 108 113,0.05,32.38,41,0.36,36
814bba8e48083abfdce1af5c27e3da18,planar,basket,2,1.02,1.02,1,1.0,0,0,0.25,13.13,4,0.667,113,0 23 68 113,0.25,14.91,11,0.786,113,0 9 17 26 61 70 78 87 96 104 113,0.13,16.83,16,0.615,108,0 5 9 23 27 32 36 59 68 72 81 95 99 104 108 113,0.13,17.26,73,0.64,108
820868b702c588e0ce5d6e9371bb5c33,planar,file,1,0.0,0.0,1,1.0,0,0,0.0,23.67,3,0.5,0,0 23 113,0.0,23.73,7,0.5,0,0 61 70 78 87 104 113,0.0,30.36,10,0.385,0,0 23 27 32 36 95 99 104 108 113,0.0,32.37,40,0.351,0
82be57a43d5d1e14fa286e2f06a75d07,planar,vessel,1,1.13,1.13,1,1.0,0,0,1.13,23.89,3,0.5,0,0 23 113,1.13,23.96,8,0.571,0,0 61 70 78 87 96 104 113,0.18,30.4,11,0.423,36,0 5 23 27 32 36 95 99 104 108 113,0.18,32.4,42,0.368,36
82c05fe4890a7f5112de5317fe5b354f,planar,cabinet,1,0.0,0.0,1,1.0,0,0,0.0,23.67,3,0.5,0,0 23 113,0.0,23.73,7,0.5,0,0 61 70 78 87 104 113,0.0,30.36,10,0.385,0,0 23 27 32 36 95 99 104 108 113,0.0,32.37,40,0.351,0
82d8391c62e197161282d4d9178caa92,planar,chair,1,1.31,1.31,1,1.0,0,0,0.54,24.35,3,0.5,113,0 23 113,0.54,23.72,8,0.571,113,0 61 70 78 87 96 104 113,0.04,30.52,10,0.385,108,0 23 27 32 36 95 99 104 108 113,0.04,32.39,40,0.351,108
82e0e96bd89956d9f330eedffaf3339e,planar,piano,1,0.32,0.32,1,1.0,0,0,0.32,23.72,3,0.5,0,0 23 113,0.32,23.78,7,0.5,0,0 61 70 78 87 104 113,0.01,30.35,11,0.423,108,0 5 23 27 32 36 95 99 104 108 113,0.01,32.37,41,0.36,108
82f7946adba23f5f1c6beaa592f1b2c5,planar,cabinet,1,0.35,0.35,1,1.0,0,0,0.35,23.75,3,0.5,0,0 23 113,0.35,23.92,7,0.5,0,0 61 70 78 87 104 113,0.02,30.42,10,0.385,36,0 23 27 32 36 95 99 104 108 113,0.02,32.38,40,0.351,36
8325e5496a7ab8abd2b12aa6a0f050b3,planar,bench,2,0.0,0.0,1,1.0,0,0,0.0,12.55,4,0.667,0,0 23 68 113,0.0,14.83,9,0.643,0,0 9 17 61 70 78 87 104 113,0.0,16.82,16,0.615,0,0 5 9 23 27 32 36 59 68 72 81 95 99 104 108 113,0.0,17.27,72,0.632,0
83412e29d5978b101f6dfedaba98d5f9,planar,cabinet,3,0.13,0.13,1,1.0,0,0,0.13,12.67,4,0.667,0,0 23 68 113,0.13,14.79,9,0.643,0,0 9 17 61 70 78 87 104 113,0.13,16.83,15,0.577,0,0 5 9 23 27 32 36 59 68 72 95 99 104 108 113,0.13,17.25,71,0.623,0
835e01af50296235aefda81565fede7,planar,loudspeaker,1,0.0,0.0,1,1.0,0,0,0.0,23.67,3,0.5,0,0 23 113,0.0,23.73,7,0.5,0,0 61 70 78 87 104 113,0.0,30.36,10,0.385,0,0 23 27 32 36 95 99 104 108 113,0.0,32.37,40,0.351,0
837330924dba611df6572e2c76e2d78e,planar,motorcycle,1,0.69,0.69,1,1.0,0,0,0.69,23.74,3,0.5,0,0 23 113,0.69,23.81,7,0.5,0,0 61 70 78 87 104 113,0.33,30.37,11,0.423,36,0 5 23 27 32 36 95 99 104 108 113,0.33,32.39,41,0.36,36
8399987b9bca0dd0e63a9e8397b31118,planar,bathtub,1,0.0,0.0,1,1.0,0,0,0.0,23.67,3,0.5,0,0 23 113,0.0,23.73,7,0.5,0,0 61 70 78 87 104 113,0.0,30.36,10,0.385,0,0 23 27 32 36 95 99 104 108 113,0.0,32.37,40,0.351,0
83c90f7b104816ecc748af2814b558c4,planar,vessel,1,0.37,0.37,1,1.0,0,0,0.37,23.76,3,0.5,0,0 23 113,0.37,23.83,7,0.5,0,0 61 70 78 87 104 113,0.05,30.36,11,0.423,108,0 5 23 27 32 36 95 99 104 108 113,0.05,32.38,41,0.36,108
8497e02fa1662113776d8bc79b9caa2c,planar,vessel,1,0.11,0.11,1,1.0,0,0,0.1,23.71,3,0.5,113,0 23 113,0.1,23.73,7,0.5,113,0 61 70 78 87 104 113,0.1,30.38,10,0.385,113,0 23 27 32 36 95 99 104 108 113,0.1,32.37,40,0.351,113
84aa911799cd87b4ad5067eac75a07f7,planar,bench,1,0.0,0.0,1,1.0,0,0,0.0,23.67,3,0.5,0,0 23 113,0.0,23.73,7,0.5,0,0 61 70 78 87 104 113,0.0,30.36,10,0.385,0,0 23 27 32 36 95 99 104 108 113,0.0,32.37,40,0.351,0
84efcf2796fad0d2917fe9209d09e56e,planar,bench,1,0.11,0.11,1,1.0,0,0,0.11,23.68,3,0.5,0,0 23 113,0.11,23.75,7,0.5,0,0 61 70 78 87 104 113,0.11,30.36,10,0.385,0,0 23 27 32 36 95 99 104 108 113,0.11,32.37,40,0.351,0
853f3c53280aa44fb63369d5dd85d25,planar,loudspeaker,1,0.06,0.06,1,1.0,0,0,0.05,26.73,3,0.5,113,0 68 113,0.05,35.04,4,0.286,113,0 9 17 113,0.05,32.14,8,0.308,113,0 5 9 59 68 72 81 113,0.05,32.43,42,0.368,113
854ffe2c60091876e07a1c4b84dfd325,planar,piano,1,0.02,0.02,1,1.0,0,0,0.02,23.67,3,0.5,0,0 23 113,0.02,23.73,7,0.5,0,0 61 70 78 87 104 113,0.02,30.36,10,0.385,0,0 23 27 32 36 95 99 104 108 113,0.02,32.37,40,0.351,0
8596664f3d7925cdfdeb515ad63cf4b0,planar,bench,1,0.0,0.0,1,1.0,0,0,0.0,23.67,3,0.5,0,0 23 113,0.0,23.73,7,0.5,0,0 61 70 78 87 104 113,0.0,30.36,10,0.385,0,0 23 27 32 36 95 99 104 108 113,0.0,32.37,40,0.351,0
85bbc49aa67149c531baa3c9ee4148cd,planar,loudspeaker,1,0.01,0.01,1,1.0,0,0,0.01,23.68,3,0.5,0,0 23 113,0.01,23.74,7,0.5,0,0 61 70 78 87 104 113,0.01,30.37,10,0.385,0,0 23 27 32 36 95 99 104 108 113,0.01,32.37,40,0.351,0
86059f6fa56a8c5e44175b4dddf5be08,planar,bench,1,0.01,0.01,1,1.0,0,0,0.0,23.67,3,0.5,113,0 23 113,0.0,23.73,7,0.5,113,0 61 70 78 87 104 113,0.0,30.36,10,0.385,113,0 23 27 32 36 95 99 104 108 113,0.0,32.37,40,0.351,113
866b0fab7a3e54053555de1e3169ac6e,planar,bench,2,0.0,0.0,1,1.0,0,0,0.0,12.56,4,0.667,0,0 23 68 113,0.0,14.83,9,0.643,0,0 9 17 61 70 78 87 104 113,0.0,16.82,16,0.615,0,0 5 9 23 27 32 36 59 68 72 81 95 99 104 108 113,0.0,17.27,72,0.632,0
86838c0e4486ee7a8369c37b40e82efa,planar,cabinet,1,0.0,0.0,1,1.0,0,0,0.0,23.67,3,0.5,0,0 23 113,0.0,23.73,7,0.5,0,0 61 70 78 87 104 113,0.0,30.36,10,0.385,0,0 23 27 32 36 95 99 104 108 113,0.0,32.37,40,0.351,0
86880c061d80ebab3956bf2322987dd4,planar,bathtub,1,0.0,0.0,1,1.0,0,0,0.0,23.66,3,0.5,0,0 23 113,0.0,23.73,7,0.5,0,0 61 70 78 87 104 113,0.0,30.36,10,0.385,0,0 23 27 32 36 95 99 104 108 113,0.0,32.37,40,0.351,0
868d86e47bcf7c9d1dd03d3141d85a03,planar,bench,1,0.0,0.0,1,1.0,0,0,0.0,23.67,3,0.5,0,0 23 113,0.0,23.73,7,0.5,0,0 61 70 78 87 104 113,0.0,30.36,10,0.385,0,0 23 27 32 36 95 99 104 108 113,0.0,32.37,40,0.351,0
87348bdeb8bc74139ebd7d1067b13a,planar,airplane,1,0.0,0.0,1,1.0,0,0,0.0,23.66,3,0.5,0,0 23 113,0.0,23.72,7,0.5,0,0 61 70 78 87 104 113,0.0,30.36,10,0.385,0,0 23 27 32 36 95 99 104 108 113,0.0,32.37,40,0.351,0
8757c29fd2ad648c193d7855ecfc1bd3,planar,bus,1,0.87,0.87,1,1.0,0,0,0.02,23.94,3,0.5,113,0 23 113,0.02,23.63,7,0.5,113,0 61 70 78 87 104 113,0.02,30.43,10,0.385,113,0 23 27 32 36 95 99 104 108 113,0.02,32.38,39,0.342,113
875b1307c76566c8d0d4e85a15f02eb4,planar,bench,2,0.0,0.0,1,1.0,0,0,0.0,12.55,4,0.667,0,0 23 68 113,0.0,14.83,9,0.643,0,0 9 17 61 70 78 87 104 113,0.0,16.82,16,0.615,0,0 5 9 23 27 32 36 59 68 72 81 95 99 104 108 113,0.0,17.27,72,0.632,0
87afe5137d675efb73418f9a8c25ad1a,planar,chair,1,0.0,0.0,1,1.0,0,0,0.0,23.67,3,0.5,0,0 23 113,0.0,23.73,7,0.5,0,0 61 70 78 87 104 113,0.0,30.36,10,0.385,0,0 23 27 32 36 95 99 104 108 113,0.0,32.37,40,0.351,0
87dfa3332d118867d0d69b51a45f7aff,planar,bench,1,0.0,0.0,1,1.0,0,0,0.0,23.67,3,0.5,0,0 23 113,0.0,23.73,7,0.5,0,0 61 70 78 87 104 113,0.0,30.36,10,0.385,0,0 23 27 32 36 95 99 104 108 113,0.0,32.37,40,0.351,0
8834560018510194d8caaf6298f89d14,planar,laptop,1,0.05,0.05,1,1.0,0,0,0.05,23.69,3,0.5,0,0 23 113,0.05,23.75,7,0.5,0,0 61 70 78 87 104 113,0.05,30.36,10,0.385,0,0 23 27 32 36 95 99 104 108 113,0.05,32.37,40,0.351,0
8843d862a7545d0d96db382b382d7132,planar,bus,1,0.2,0.2,1,1.0,0,0,0.2,23.72,3,0.5,0,0 23 113,0.2,23.78,7,0.5,0,0 61 70 78 87 104 113,0.18,30.36,10,0.385,108,0 23 27 32 36 95 99 104 108 113,0.18,32.37,40,0.351,108
8873af9392bc7506f1cb19f636b1c2bd,planar,cellular telephone,1,0.01,0.01,1,1.0,0,0,0.01,23.66,3,0.5,0,0 23 113,0.01,23.72,7,0.5,0,0 61 70 78 87 104 113,0.01,30.36,10,0.385,0,0 23 27 32 36 95 99 104 108 113,0.01,32.37,40,0.351,0
88a00b80d432ed5a577e7964e0284adb,planar,bench,1,0.03,0.03,1,1.0,0,0,0.02,23.79,3,0.5,113,0 23 113,0.02,23.84,7,0.5,113,0 61 70 78 87 104 113,0.02,30.42,10,0.385,113,0 23 27 32 36 95 99 104 108 113,0.02,32.38,39,0.342,113
88f9fa58ee9ce3de1c863a93a9948fe0,planar,bench,1,0.04,0.04,1,1.0,0,0,0.04,23.69,3,0.5,0,0 23 113,0.04,23.75,7,0.5,0,0 61 70 78 87 104 113,0.04,30.37,10,0.385,0,0 23 27 32 36 95 99 104 108 113,0.04,32.37,40,0.351,0
88fa7d07abfcf9f03cbbdb20d4d80207,planar,bench,1,0.0,0.0,1,1.0,0,0,0.0,23.67,3,0.5,0,0 23 113,0.0,23.73,7,0.5,0,0 61 70 78 87 104 113,0.0,30.36,10,0.385,0,0 23 27 32 36 95 99 104 108 113,0.0,32.37,40,0.351,0
894f41b8e4e3231601104cd2d998272,planar,bench,1,0.11,0.11,1,1.0,0,0,0.1,23.72,3,0.5,113,0 23 113,0.1,23.74,7,0.5,113,0 61 70 78 87 104 113,0.1,30.38,10,0.385,113,0 23 27 32 36 95 99 104 108 113,0.1,32.37,40,0.351,113
895563d304772f50ad5067eac75a07f7,planar,bench,2,0.01,0.01,1,1.0,0,0,0.0,12.55,4,0.667,113,0 23 68 113,0.0,14.83,9,0.643,113,0 9 17 61 70 78 87 104 113,0.0,16.82,16,0.615,113,0 5 9 23 27 32 36 59 68 72 81 95 99 104 108 113,0.0,17.27,72,0.632,113
89618f2292b3d05d48d189f942cedc62,planar,clock,1,0.0,0.0,1,1.0,0,0,0.0,23.67,3,0.5,0,0 23 113,0.0,23.73,7,0.5,0,0 61 70 78 87 104 113,0.0,30.36,10,0.385,0,0 23 27 32 36 95 99 104 108 113,0.0,32.37,40,0.351,0
898c20d376d7d44e5eb64c1003065596,planar,stove,1,0.0,0.0,1,1.0,0,0,0.0,23.67,3,0.5,0,0 23 113,0.0,23.73,7,0.5,0,0 61 70 78 87 104 113,0.0,30.36,10,0.385,0,0 23 27 32 36 95 99 104 108 113,0.0,32.37,40,0.351,0
8a7f0dd58fbf14a4c59350d819542ec7,planar,cabinet,1,0.31,0.31,1,1.0,0,0,0.31,23.72,3,0.5,0,0 23 113,0.31,23.87,7,0.5,0,0 61 70 78 87 104 113,0.02,30.4,10,0.385,36,0 23 27 32 36 95 99 104 108 113,0.02,32.38,40,0.351,36
8ad9910699d6a21781faebbdea6bd9be,planar,bench,1,0.0,0.0,1,1.0,0,0,0.0,23.67,3,0.5,0,0 23 113,0.0,23.73,7,0.5,0,0 61 70 78 87 104 113,0.0,30.36,10,0.385,0,0 23 27 32 36 95 99 104 108 113,0.0,32.37,40,0.351,0
8b24699e1351a78ef8e7f2c38fe37243,planar,cabinet,1,0.0,0.0,1,1.0,0,0,0.0,23.67,3,0.5,0,0 23 113,0.0,23.73,7,0.5,0,0 61 70 78 87 104 113,0.0,30.36,10,0.385,0,0 23 27 32 36 95 99 104 108 113,0.0,32.37,40,0.351,0
8b2951e32e0906bb5f6cb4951755315c,planar,cap,1,0.02,0.02,1,1.0,0,0,0.02,23.68,3,0.5,0,0 23 113,0.02,23.74,7,0.5,0,0 61 70 78 87 104 113,0.02,30.36,10,0.385,0,0 23 27 32 36 95 99 104 108 113,0.02,32.37,40,0.351,0
8b42485c93c122643321831d2245cf06,planar,bathtub,2,0.32,0.32,1,1.0,0,0,0.03,12.51,4,0.667,113,0 23 68 113,0.03,14.89,9,0.643,113,0 9 17 61 70 78 87 104 113,0.03,16.85,16,0.615,113,0 5 9 23 27 32 36 59 68 72 81 95 99 104 108 113,0.03,17.29,71,0.623,113
8b95e9545df064536436916a86a90ed7,planar,bus,1,0.0,0.0,1,1.0,0,0,0.0,23.67,3,0.5,0,0 23 113,0.0,23.73,7,0.5,0,0 61 70 78 87 104 113,0.0,30.36,10,0.385,0,0 23 27 32 36 95 99 104 108 113,0.0,32.37,40,0.351,0
8bf63e9b3df32ff1e1aaa7ea27fc24bf,planar,bench,1,0.01,0.01,1,1.0,0,0,0.01,23.67,3,0.5,113,0 23 113,0.01,23.73,7,0.5,113,0 61 70 78 87 104 113,0.01,30.36,10,0.385,113,0 23 27 32 36 95 99 104 108 113,0.01,32.37,40,0.351,113
8c021db546a9248b582c9847073623b0,planar,piano,1,0.7,0.7,1,1.0,0,0,0.7,24.04,3,0.5,0,0 23 113,0.7,23.87,7,0.5,0,0 61 70 78 87 104 113,0.13,30.53,10,0.385,36,0 23 27 32 36 95 99 104 108 113,0.13,32.39,40,0.351,36
8c46c51995853d384c3aee8e9d3a6ffa,planar,file,1,0.0,0.0,1,1.0,0,0,0.0,23.67,3,0.5,0,0 23 113,0.0,23.73,7,0.5,0,0 61 70 78 87 104 113,0.0,30.36,10,0.385,0,0 23 27 32 36 95 99 104 108 113,0.0,32.37,40,0.351,0
8c7cff4d76ceef7cff900d986c9dc4b4,planar,cabinet,1,0.0,0.0,1,1.0,0,0,0.0,23.67,3,0.5,113,0 23 113,0.0,23.73,7,0.5,113,0 61 70 78 87 104 113,0.0,30.36,10,0.385,113,0 23 27 32 36 95 99 104 108 113,0.0,32.37,40,0.351,113
8cea38648128ef1ddc75c30c88b2f7a9,planar,skateboard,2,0.05,0.05,1,1.0,0,0,0.05,12.2,4,0.667,0,0 23 68 113,0.05,14.44,10,0.714,0,0 9 17 61 70 78 87 96 104 113,0.05,16.85,16,0.615,0,0 5 9 23 27 32 36 59 68 72 81 95 99 104 108 113,0.05,17.26,71,0.623,0
8d9903f1a197ea9af4fb4dee5181bee,planar,bench,1,0.0,0.0,1,1.0,0,0,0.0,23.67,3,0.5,0,0 23 113,0.0,23.73,7,0.5,0,0 61 70 78 87 104 113,0.0,30.36,10,0.385,0,0 23 27 32 36 95 99 104 108 113,0.0,32.37,40,0.351,0
8da97531717192fc3215145fdcd9052,planar,chair,1,0.02,0.02,1,1.0,0,0,0.01,23.71,3,0.5,113,0 23 113,0.01,23.77,7,0.5,113,0 61 70 78 87 104 113,0.01,30.38,10,0.385,113,0 23 27 32 36 95 99 104 108 113,0.01,32.37,39,0.342,113
8e0e80eee17c86415a9da89784be865,planar,bus,1,0.03,0.03,1,1.0,0,0,0.03,23.67,3,0.5,0,0 23 113,0.03,23.74,7,0.5,0,0 61 70 78 87 104 113,0.03,30.36,10,0.385,0,0 23 27 32 36 95 99 104 108 113,0.03,32.37,40,0.351,0
8e25c33aafaade0ad5067eac75a07f7,planar,bench,1,0.0,0.0,1,1.0,0,0,0.0,23.67,3,0.5,0,0 23 113,0.0,23.73,7,0.5,0,0 61 70 78 87 104 113,0.0,30.36,10,0.385,0,0 23 27 32 36 95 99 104 108 113,0.0,32.37,40,0.351,0
8e956bae37beff87c2743f037f439af3,planar,motorcycle,1,0.27,0.27,1,1.0,0,0,0.27,23.82,3,0.5,0,0 23 113,0.27,23.83,8,0.571,0,0 61 70 78 87 96 104 113,0.01,30.38,10,0.385,108,0 23 27 32 36 95 99 104 108 113,0.01,32.38,40,0.351,108
8ebeac47d29d649acb6267f1b348aaaa,planar,bathtub,1,0.19,0.19,1,1.0,0,0,0.18,26.61,3,0.5,113,0 68 113,0.18,34.8,5,0.357,113,0 9 17 26 113,0.18,32.14,8,0.308,113,0 5 9 59 68 72 81 113,0.18,32.43,43,0.377,113
8ed3f1b59a74ac71f155d75bbf62b80,planar,bench,1,0.0,0.0,1,1.0,0,0,0.0,23.67,3,0.5,113,0 23 113,0.0,23.73,7,0.5,113,0 61 70 78 87 104 113,0.0,30.36,10,0.385,113,0 23 27 32 36 95 99 104 108 113,0.0,32.37,40,0.351,113
8f39d603e733eb58fcbe4e14ff0c4707,planar,cabinet,1,0.0,0.0,1,1.0,0,0,0.0,23.67,3,0.5,0,0 23 113,0.0,23.73,7,0.5,0,0 61 70 78 87 104 113,0.0,30.36,10,0.385,0,0 23 27 32 36 95 99 104 108 113,0.0,32.37,40,0.351,0
8f824b462a2870fd98e0d1738edd4f19,planar,bench,1,0.05,0.05,1,1.0,0,0,0.04,23.67,3,0.5,113,0 23 113,0.04,23.72,7,0.5,113,0 61 70 78 87 104 113,0.04,30.37,10,0.385,113,0 23 27 32 36 95 99 104 108 113,0.04,32.37,40,0.351,113
8fe23a363bf80c48f155d75bbf62b80,planar,bench,1,0.0,0.0,1,1.0,0,0,0.0,23.67,3,0.5,0,0 23 113,0.0,23.73,7,0.5,0,0 61 70 78 87 104 113,0.0,30.36,10,0.385,0,0 23 27 32 36 95 99 104 108 113,0.0,32.37,40,0.351,0
90120bf8e84315de6873d49607c1f87,planar,loudspeaker,2,0.0,0.0,1,1.0,0,0,0.0,12.55,4,0.667,0,0 23 68 113,0.0,14.83,9,0.643,0,0 9 17 61 70 78 87 104 113,0.0,16.82,16,0.615,0,0 5 9 23 27 32 36 59 68 72 81 95 99 104 108 113,0.0,17.27,72,0.632,0
909fcd9e329cd49581faebbdea6bd9be,planar,bench,1,0.07,0.07,1,1.0,0,0,0.05,26.73,3,0.5,113,0 68 113,0.05,35.05,4,0.286,113,0 9 17 113,0.05,32.14,8,0.308,113,0 5 9 59 68 72 81 113,0.05,32.43,42,0.368,113
91be45a6b74f2fa283b00891f680579,planar,chair,1,0.05,0.05,1,1.0,0,0,0.04,23.69,3,0.5,113,0 23 113,0.04,23.73,7,0.5,113,0 61 70 78 87 104 113,0.04,30.37,10,0.385,113,0 23 27 32 36 95 99 104 108 113,0.04,32.37,40,0.351,113
92e6546c4aca4ed14b96b665a8ac321,planar,chair,1,0.03,0.03,1,1.0,0,0,0.02,23.68,3,0.5,113,0 23 113,0.02,23.73,7,0.5,113,0 61 70 78 87 104 113,0.02,30.37,10,0.385,113,0 23 27 32 36 95 99 104 108 113,0.02,32.37,40,0.351,113
92e7ed09c8d265e5cb2a965e75be701c,planar,bench,1,0.0,0.0,1,1.0,0,0,0.0,23.67,3,0.5,0,0 23 113,0.0,23.73,7,0.5,0,0 61 70 78 87 104 113,0.0,30.36,10,0.385,0,0 23 27 32 36 95 99 104 108 113,0.0,32.37,40,0.351,0
9304e9ad9853d1caf760390d600fe7fa,planar,cabinet,1,0.0,0.0,1,1.0,0,0,0.0,23.67,3,0.5,0,0 23 113,0.0,23.73,7,0.5,0,0 61 70 78 87 104 113,0.0,30.36,10,0.385,0,0 23 27 32 36 95 99 104 108 113,0.0,32.37,40,0.351,0
9332819c99f0ba07973f659238edf3c3,planar,bus,1,0.23,0.23,1,1.0,0,0,0.23,23.72,3,0.5,0,0 23 113,0.23,23.86,7,0.5,0,0 61 70 78 87 104 113,0.13,30.42,10,0.385,36,0 23 27 32 36 95 99 104 108 113,0.13,32.38,40,0.351,36
936eac04b6a873049954eae9164faecb,planar,train,1,0.02,0.02,1,1.0,0,0,0.02,23.67,3,0.5,0,0 23 113,0.02,23.73,7,0.5,0,0 61 70 78 87 104 113,0.02,30.36,10,0.385,0,0 23 27 32 36 95 99 104 108 113,0.02,32.37,40,0.351,0
94453745e0faafe2fd938442e7c3fbc3,planar,file,1,0.0,0.0,1,1.0,0,0,0.0,23.67,3,0.5,113,0 23 113,0.0,23.73,7,0.5,113,0 61 70 78 87 104 113,0.0,30.36,10,0.385,113,0 23 27 32 36 95 99 104 108 113,0.0,32.37,40,0.351,113
945805d18c0de73ae3e30e20ce3a5bf5,planar,loudspeaker,1,0.89,0.89,1,1.0,0,0,0.07,23.67,3,0.5,113,0 23 113,0.07,23.95,7,0.5,113,0 61 70 78 87 104 113,0.07,30.38,11,0.423,113,0 5 23 27 32 36 95 99 104 108 113,0.07,32.38,41,0.36,113
9460ebcbd28a8cb7d5a4a04ac21f0578,planar,cabinet,1,0.02,0.02,1,1.0,0,0,0.01,23.67,3,0.5,113,0 23 113,0.01,23.73,7,0.5,113,0 61 70 78 87 104 113,0.01,30.37,10,0.385,113,0 23 27 32 36 95 99 104 108 113,0.01,32.37,40,0.351,113
94a2f3859ed66873d2b12aa6a0f050b3,planar,bench,1,0.0,0.0,1,1.0,0,0,0.0,23.67,3,0.5,0,0 23 113,0.0,23.73,7,0.5,0,0 61 70 78 87 104 113,0.0,30.36,10,0.385,0,0 23 27 32 36 95 99 104 108 113,0.0,32.37,40,0.351,0
94ddf20a9a6e035e85f7a3de54751f1b,planar,vessel,1,0.27,0.27,1,1.0,0,0,0.26,23.79,3,0.5,113,0 23 113,0.26,23.75,7,0.5,113,0 61 70 78 87 104 113,0.26,30.41,10,0.385,113,0 23 27 32 36 95 99 104 108 113,0.26,32.38,40,0.351,113
95440fc9b3fbb5fb1d4127b3f0e05b90,planar,piano,1,0.04,0.04,1,1.0,0,0,0.03,23.68,3,0.5,113,0 23 113,0.03,23.73,7,0.5,113,0 61 70 78 87 104 113,0.03,30.37,10,0.385,113,0 23 27 32 36 95 99 104 108 113,0.03,32.37,40,0.351,113
958fa3ccebcaa8246c4866b1c92b8a35,planar,cabinet,1,0.0,0.0,1,1.0,0,0,0.0,23.67,3,0.5,0,0 23 113,0.0,23.73,7,0.5,0,0 61 70 78 87 104 113,0.0,30.36,10,0.385,0,0 23 27 32 36 95 99 104 108 113,0.0,32.37,40,0.351,0
95db80660b4d979f601104cd2d998272,planar,bench,1,0.03,0.03,1,1.0,0,0,0.03,23.68,3,0.5,113,0 23 113,0.03,23.73,7,0.5,113,0 61 70 78 87 104 113,0.03,30.37,10,0.385,113,0 23 27 32 36 95 99 104 108 113,0.03,32.37,40,0.351,113
9681386c65c676875efd2d175ccffe45,planar,birdhouse,1,0.07,0.07,1,1.0,0,0,0.06,23.69,3,0.5,113,0 23 113,0.06,23.73,7,0.5,113,0 61 70 78 87 104 113,0.06,30.37,10,0.385,113,0 23 27 32 36 95 99 104 108 113,0.06,32.37,40,0.351,113
96d6d519784e40c0c066b9622c005c53,planar,loudspeaker,1,0.0,0.0,1,1.0,0,0,0.0,23.67,3,0.5,0,0 23 113,0.0,23.73,7,0.5,0,0 61 70 78 87 104 113,0.0,30.36,10,0.385,0,0 23 27 32 36 95 99 104 108 113,0.0,32.37,40,0.351,0
96d87da2fecf81ddd2b12aa6a0f050b3,planar,bench,1,0.0,0.0,1,1.0,0,0,0.0,23.67,3,0.5,113,0 23 113,0.0,23.73,7,0.5,113,0 61 70 78 87 104 113,0.0,30.36,10,0.385,113,0 23 27 32 36 95 99 104 108 113,0.0,32.37,40,0.351,113
96e83c79e8d76d4519fb4103277a6b93,planar,chair,1,0.09,0.09,1,1.0,0,0,0.08,23.69,3,0.5,113,0 23 113,0.08,23.72,7,0.5,113,0 61 70 78 87 104 113,0.08,30.37,10,0.385,113,0 23 27 32 36 95 99 104 108 113,0.08,32.37,40,0.351,113
976e6d4efdcb81a0e9c2721ccab8cde4,planar,mailbox,2,0.0,0.0,1,1.0,0,0,0.0,12.53,4,0.667,113,0 23 68 113,0.0,14.83,9,0.643,113,0 9 17 61 70 78 87 104 113,0.0,16.81,16,0.615,113,0 5 9 23 27 32 36 59 68 72 81 95 99 104 108 113,0.0,17.27,72,0.632,113
9790980a8ff823287ed9296ee19fa384,planar,bench,2,0.0,0.0,1,1.0,0,0,0.0,12.55,4,0.667,0,0 23 68 113,0.0,14.83,9,0.643,0,0 9 17 61 70 78 87 104 113,0.0,16.82,16,0.615,0,0 5 9 23 27 32 36 59 68 72 81 95 99 104 108 113,0.0,17.27,72,0.632,0
9790b84ae96e498d09efdd367bd2d59,planar,earphone,2,0.07,0.07,1,1.0,0,0,0.06,12.59,4,0.667,113,0 23 68 113,0.06,14.85,9,0.643,113,0 9 17 61 70 78 87 104 113,0.06,16.83,16,0.615,113,0 5 9 23 27 32 36 59 68 72 81 95 99 104 108 113,0.06,17.27,72,0.632,113
981fb231709d4d2cfebad4f49b26ec52,planar,bench,2,0.04,0.04,1,1.0,0,0,0.03,12.57,4,0.667,113,0 23 68 113,0.03,14.84,9,0.643,113,0 9 17 61 70 78 87 104 113,0.03,16.82,16,0.615,113,0 5 9 23 27 32 36 59 68 72 81 95 99 104 108 113,0.03,17.27,72,0.632,113
9897a75c64a369d458c73770090b865,planar,bench,1,0.01,0.01,1,1.0,0,0,0.0,23.67,3,0.5,113,0 23 113,0.0,23.73,7,0.5,113,0 61 70 78 87 104 113,0.0,30.36,10,0.385,113,0 23 27 32 36 95 99 104 108 113,0.0,32.37,40,0.351,113
991c84609666c015da34af5fa7da2314,planar,bench,1,0.0,0.0,1,1.0,0,0,0.0,23.67,3,0.5,0,0 23 113,0.0,23.73,7,0.5,0,0 61 70 78 87 104 113,0.0,30.36,10,0.385,0,0 23 27 32 36 95 99 104 108 113,0.0,32.37,40,0.351,0
9aaad035af7e6ab1ed724609df3eb104,planar,guitar,1,0.07,0.07,1,1.0,0,0,0.06,23.69,3,0.5,113,0 23 113,0.06,23.72,7,0.5,113,0 61 70 78 87 104 113,0.06,30.37,10,0.385,113,0 23 27 32 36 95 99 104 108 113,0.06,32.37,40,0.351,113
9aaca16b41037ccdb4522b651100b435,planar,stove,1,0.01,0.01,1,1.0,0,0,0.0,23.66,3,0.5,113,0 23 113,0.0,23.72,7,0.5,113,0 61 70 78 87 104 113,0.0,30.36,10,0.385,113,0 23 27 32 36 95 99 104 108 113,0.0,32.37,40,0.351,113
9b579915b883bea042a65b86449bc7bf,planar,lamp,1,0.0,0.0,1,1.0,0,0,0.0,23.66,3,0.5,0,0 23 113,0.0,23.73,7,0.5,0,0 61 70 78 87 104 113,0.0,30.36,10,0.385,0,0 23 27 32 36 95 99 104 108 113,0.0,32.37,40,0.351,0
9b7b628bc8cc7463103d45b529610c5c,planar,bench,1,0.35,0.35,1,1.0,0,0,0.35,24.37,3,0.5,0,0 23 113,0.35,23.79,8,0.571,0,0 61 70 78 87 96 104 113,0.35,30.53,10,0.385,0,0 23 27 32 36 95 99 104 108 113,0.35,32.41,38,0.333,0
9b885f40e2d36819e4e346ee2650d150,planar,cabinet,1,0.11,0.11,1,1.0,0,0,0.08,23.67,3,0.5,113,0 23 113,0.08,23.77,7,0.5,113,0 61 70 78 87 104 113,0.08,30.37,10,0.385,113,0 23 27 32 36 95 99 104 108 113,0.08,32.37,40,0.351,113
9b9a114cfee79bfb492d9da2668ec34c,planar,chair,1,0.01,0.01,1,1.0,0,0,0.01,23.67,3,0.5,113,0 23 113,0.01,23.73,7,0.5,113,0 61 70 78 87 104 113,0.01,30.36,10,0.385,113,0 23 27 32 36 95 99 104 108 113,0.01,32.37,40,0.351,113
9b9b41d3d02ce68d1b009b4923bf4541,planar,loudspeaker,1,0.0,0.0,1,1.0,0,0,0.0,23.67,3,0.5,113,0 23 113,0.0,23.73,7,0.5,113,0 61 70 78 87 104 113,0.0,30.36,10,0.385,113,0 23 27 32 36 95 99 104 108 113,0.0,32.37,40,0.351,113
9b9cfaea2a7ba04c461ec9f1803b17a7,planar,chair,1,0.0,0.0,1,1.0,0,0,0.0,23.67,3,0.5,113,0 23 113,0.0,23.73,7,0.5,113,0 61 70 78 87 104 113,0.0,30.36,10,0.385,113,0 23 27 32 36 95 99 104 108 113,0.0,32.37,40,0.351,113
9b9e9ebdd5c4941452b2c671e4d4765b,planar,clock,1,0.06,0.06,1,1.0,0,0,0.05,26.73,3,0.5,113,0 68 113,0.05,35.05,4,0.286,113,0 9 17 113,0.05,32.14,8,0.308,113,0 5 9 59 68 72 81 113,0.05,32.43,42,0.368,113
9c1310c5ab89888bd201085e80edb26a,planar,bench,2,0.07,0.07,1,1.0,0,0,0.06,12.36,4,0.667,113,0 23 68 113,0.06,14.95,9,0.643,113,0 9 17 61 70 78 87 104 113,0.06,16.87,16,0.615,113,0 5 9 23 27 32 36 59 68 72 81 95 99 104 108 113,0.06,17.27,72,0.632,113
9c6176af3ee3918d6140d56bf601ecf2,planar,laptop,1,0.0,0.0,1,1.0,0,0,0.0,23.67,3,0.5,0,0 23 113,0.0,23.73,7,0.5,0,0 61 70 78 87 104 113,0.0,30.36,10,0.385,0,0 23 27 32 36 95 99 104 108 113,0.0,32.37,40,0.351,0
9c8aba47e37b1eff155d75bbf62b80,planar,bench,2,0.0,0.0,1,1.0,0,0,0.0,12.55,4,0.667,0,0 23 68 113,0.0,14.83,9,0.643,0,0 9 17 61 70 78 87 104 113,0.0,16.82,16,0.615,0,0 5 9 23 27 32 36 59 68 72 81 95 99 104 108 113,0.0,17.27,72,0.632,0
9cb54ee28aec14013cb02989e2da5a2a,planar,laptop,1,0.0,0.0,1,1.0,0,0,0.0,23.66,3,0.5,0,0 23 113,0.0,23.72,7,0.5,0,0 61 70 78 87 104 113,0.0,30.36,10,0.385,0,0 23 27 32 36 95 99 104 108 113,0.0,32.37,40,0.351,0
9cd6dc2b9d11016c49b3ccbe36f67015,planar,bench,2,0.0,0.0,1,1.0,0,0,0.0,12.55,4,0.667,0,0 23 68 113,0.0,14.83,9,0.643,0,0 9 17 61 70 78 87 104 113,0.0,16.82,16,0.615,0,0 5 9 23 27 32 36 59 68 72 81 95 99 104 108 113,0.0,17.27,72,0.632,0
9ce1c0b588ad6ef84c3aee8e9d3a6ffa,planar,file,1,0.01,0.01,1,1.0,0,0,0.0,23.67,3,0.5,113,0 23 113,0.0,23.73,7,0.5,113,0 61 70 78 87 104 113,0.0,30.36,10,0.385,113,0 23 27 32 36 95 99 104 108 113,0.0,32.37,40,0.351,113
9d0428e82fee9fba50da8b99982a3057,planar,basket,1,0.02,0.02,1,1.0,0,0,0.02,23.67,3,0.5,0,0 23 113,0.02,23.73,7,0.5,0,0 61 70 78 87 104 113,0.02,30.36,10,0.385,0,0 23 27 32 36 95 99 104 108 113,0.02,32.37,40,0.351,0
9d0a9c46bb6768fbd37a1bae74ee50a2,planar,cabinet,1,0.03,0.03,1,1.0,0,0,0.02,23.68,3,0.5,113,0 23 113,0.02,23.73,7,0.5,113,0 61 70 78 87 104 113,0.02,30.37,10,0.385,113,0 23 27 32 36 95 99 104 108 113,0.02,32.37,40,0.351,113
9d4086be72fa427cd2b12aa6a0f050b3,planar,bench,1,0.0,0.0,1,1.0,0,0,0.0,23.67,3,0.5,113,0 23 113,0.0,23.73,7,0.5,113,0 61 70 78 87 104 113,0.0,30.36,10,0.385,113,0 23 27 32 36 95 99 104 108 113,0.0,32.37,40,0.351,113
9e429b7f77646b4ccc8f8e7f17e9d7b6,planar,bench,2,0.0,0.0,1,1.0,0,0,0.0,12.55,4,0.667,0,0 23 68 113,0.0,14.83,9,0.643,0,0 9 17 61 70 78 87 104 113,0.0,16.82,16,0.615,0,0 5 9 23 27 32 36 59 68 72 81 95 99 104 108 113,0.0,17.27,72,0.632,0
9e53d5b34c4b403841b765d3dbd065f7,planar,cabinet,1,0.02,0.02,1,1.0,0,0,0.01,23.67,3,0.5,113,0 23 113,0.01,23.73,7,0.5,113,0 61 70 78 87 104 113,0.01,30.36,10,0.385,113,0 23 27 32 36 95 99 104 108 113,0.01,32.37,40,0.351,113
9ea0005f3d702b4f6cc679ef84e06ad6,planar,cabinet,1,0.0,0.0,1,1.0,0,0,0.0,23.67,3,0.5,113,0 23 113,0.0,23.73,7,0.5,113,0 61 70 78 87 104 113,0.0,30.36,10,0.385,113,0 23 27 32 36 95 99 104 108 113,0.0,32.37,40,0.351,113
9ebca72c02d26886a6e82f4002a10be2,planar,bench,1,0.06,0.06,1,1.0,0,0,0.06,23.69,3,0.5,113,0 23 113,0.06,23.73,7,0.5,113,0 61 70 78 87 104 113,0.06,30.37,10,0.385,113,0 23 27 32 36 95 99 104 108 113,0.06,32.37,40,0.351,113
9ef3323c6ced7dfef313a0fb5fd4d79,planar,chair,1,0.08,0.08,1,1.0,0,0,0.08,23.68,3,0.5,0,0 23 113,0.08,23.75,7,0.5,0,0 61 70 78 87 104 113,0.08,30.36,10,0.385,0,0 23 27 32 36 95 99 104 108 113,0.08,32.37,40,0.351,0
9f0a6e7c525c3c53d4d8765e3910f617,planar,bench,1,0.0,0.0,1,1.0,0,0,0.0,23.67,3,0.5,0,0 23 113,0.0,23.73,7,0.5,0,0 61 70 78 87 104 113,0.0,30.36,10,0.385,0,0 23 27 32 36 95 99 104 108 113,0.0,32.37,40,0.351,0
9f17f45a28d063e7391e4d6c585a697a,planar,cabinet,1,0.04,0.04,1,1.0,0,0,0.03,23.71,3,0.5,113,0 23 113,0.03,23.75,7,0.5,113,0 61 70 78 87 104 113,0.03,30.38,10,0.385,113,0 23 27 32 36 95 99 104 108 113,0.03,32.37,40,0.351,113
9ff5b01d1aec18b2aae529ab4a75c4af,planar,motorcycle,1,0.01,0.01,1,1.0,0,0,0.01,23.76,3,0.5,0,0 23 113,0.01,23.82,7,0.5,0,0 61 70 78 87 104 113,0.01,30.4,10,0.385,0,0 23 27 32 36 95 99 104 108 113,0.01,32.37,39,0.342,0
a0ffa64279a8c6f0f155d75bbf62b80,planar,bench,1,0.1,0.1,1,1.0,0,0,0.09,26.74,3,0.5,113,0 68 113,0.09,35.06,4,0.286,113,0 9 17 113,0.09,32.14,8,0.308,113,0 5 9 59 68 72 81 113,0.09,32.43,42,0.368,113
a1a8a811f5260ae675aa7f24a9b6003a,planar,clock,1,0.0,0.0,1,1.0,0,0,0.0,23.67,3,0.5,0,0 23 113,0.0,23.73,7,0.5,0,0 61 70 78 87 104 113,0.0,30.36,10,0.385,0,0 23 27 32 36 95 99 104 108 113,0.0,32.37,40,0.351,0
a20de35fdfc74932bf5e15f245b14644,planar,bus,1,0.07,0.07,1,1.0,0,0,0.06,24.04,4,0.667,113,0 23 45 113,0.06,24.06,8,0.571,113,0 61 70 78 87 96 104 113,0.06,30.52,10,0.385,113,0 23 32 36 45 95 99 104 108 113,0.06,32.37,40,0.351,113
a23e4375e78df8d0e7ecdbe73ef4323c,planar,file,1,0.0,0.0,1,1.0,0,0,0.0,23.67,3,0.5,0,0 23 113,0.0,23.73,7,0.5,0,0 61 70 78 87 104 113,0.0,30.36,10,0.385,0,0 23 27 32 36 95 99 104 108 113,0.0,32.37,40,0.351,0
a2678cebeac0a8c9cb2a965e75be701c,planar,bench,1,0.0,0.0,1,1.0,0,0,0.0,23.67,3,0.5,0,0 23 113,0.0,23.73,7,0.5,0,0 61 70 78 87 104 113,0.0,30.36,10,0.385,0,0 23 27 32 36 95 99 104 108 113,0.0,32.37,40,0.351,0
a2970be7c866fe33a2c59a4d90e63212,planar,pot,2,0.04,0.04,1,1.0,0,0,0.03,12.59,4,0.667,113,0 23 68 113,0.03,14.84,9,0.643,113,0 9 17 61 70 78 87 104 113,0.03,16.83,16,0.615,113,0 5 9 23 27 32 36 59 68 72 81 95 99 104 108 113,0.03,17.27,72,0.632,113
a2dcea3f88c397f487d0ef3f1f8b9c07,planar,cabinet,1,0.0,0.0,1,1.0,0,0,0.0,23.67,3,0.5,0,0 23 113,0.0,23.73,7,0.5,0,0 61 70 78 87 104 113,0.0,30.36,10,0.385,0,0 23 27 32 36 95 99 104 108 113,0.0,32.37,40,0.351,0
a2dcfb6f77a72be8a2b299c40b68f70c,planar,piano,1,0.02,0.02,1,1.0,0,0,0.02,23.67,3,0.5,0,0 23 113,0.02,23.73,7,0.5,0,0 61 70 78 87 104 113,0.02,30.36,10,0.385,0,0 23 27 32 36 95 99 104 108 113,0.02,32.37,40,0.351,0
a2ee365a26f7ec623228b702032404a6,planar,motorcycle,1,0.01,0.01,1,1.0,0,0,0.0,23.67,3,0.5,113,0 23 113,0.0,23.73,7,0.5,113,0 61 70 78 87 104 113,0.0,30.36,10,0.385,113,0 23 27 32 36 95 99 104 108 113,0.0,32.37,40,0.351,113
a349baf8780207242d3c7a83a255982c,planar,stove,1,0.02,0.02,1,1.0,0,0,0.02,23.68,3,0.5,0,0 23 113,0.02,23.74,7,0.5,0,0 61 70 78 87 104 113,0.02,30.37,10,0.385,0,0 23 27 32 36 95 99 104 108 113,0.02,32.37,40,0.351,0
a3c7255f5ec832c3492d9da2668ec34c,planar,file,1,0.07,0.07,1,1.0,0,0,0.07,23.72,3,0.5,113,0 23 113,0.07,23.75,7,0.5,113,0 61 70 78 87 104 113,0.07,30.38,10,0.385,113,0 23 27 32 36 95 99 104 108 113,0.07,32.37,40,0.351,113
a45d9c141a0ae4a627afb81497348633,planar,bookshelf,1,0.02,0.02,1,1.0,0,0,0.01,23.67,3,0.5,113,0 23 113,0.01,23.73,7,0.5,113,0 61 70 78 87 104 113,0.01,30.36,10,0.385,113,0 23 27 32 36 95 99 104 108 113,0.01,32.37,40,0.351,113
a46e0c10f17f928ba2bc8d1e386113dc,planar,stove,1,0.15,0.15,1,1.0,0,0,0.14,23.73,3,0.5,113,0 23 113,0.14,23.73,7,0.5,113,0 61 70 78 87 104 113,0.14,30.39,10,0.385,113,0 23 27 32 36 95 99 104 108 113,0.14,32.37,40,0.351,113
a4b457c41180e0b9fe52ffd0e748a1ab,planar,bathtub,1,0.76,0.76,1,1.0,0,0,0.23,26.96,3,0.5,113,0 68 113,0.23,34.99,4,0.286,113,0 9 17 113,0.23,32.2,8,0.308,113,0 5 9 59 68 72 81 113,0.23,32.43,42,0.368,113
a501174de50bc9e675bdc2c2f4721bcd,planar,earphone,1,0.19,0.19,1,1.0,0,0,0.19,24.0,3,0.5,113,0 23 113,0.19,23.97,8,0.571,113,0 61 70 78 87 96 104 113,0.19,30.5,9,0.346,113,0 23 32 36 95 99 104 108 113,0.19,32.38,39,0.342,113
a557114149ae934819420b7669e7265,planar,bench,1,0.0,0.0,1,1.0,0,0,0.0,23.67,3,0.5,0,0 23 113,0.0,23.73,7,0.5,0,0 61 70 78 87 104 113,0.0,30.36,10,0.385,0,0 23 27 32 36 95 99 104 108 113,0.0,32.37,40,0.351,0
a5befb3443b070f8d2b12aa6a0f050b3,planar,bench,2,0.0,0.0,1,1.0,0,0,0.0,12.55,4,0.667,0,0 23 68 113,0.0,14.83,9,0.643,0,0 9 17 61 70 78 87 104 113,0.0,16.82,16,0.615,0,0 5 9 23 27 32 36 59 68 72 81 95 99 104 108 113,0.0,17.27,72,0.632,0
a5ce16faa5ecbc4bc6a5c971c030877d,planar,cabinet,1,0.0,0.0,1,1.0,0,0,0.0,23.67,3,0.5,113,0 23 113,0.0,23.73,7,0.5,113,0 61 70 78 87 104 113,0.0,30.36,10,0.385,113,0 23 27 32 36 95 99 104 108 113,0.0,32.37,40,0.351,113
a71d07ab8246c80391c352d02061b3f7,planar,file,1,0.07,0.07,1,1.0,0,0,0.07,23.63,3,0.5,0,0 23 113,0.07,23.7,7,0.5,0,0 61 70 78 87 104 113,0.0,30.34,10,0.385,36,0 23 27 32 36 95 99 104 108 113,0.0,32.37,40,0.351,36
a76f63c6b3702a4981c9b20aad15512,planar,loudspeaker,1,0.01,0.01,1,1.0,0,0,0.01,23.67,3,0.5,0,0 23 113,0.01,23.73,7,0.5,0,0 61 70 78 87 104 113,0.01,30.36,10,0.385,0,0 23 27 32 36 95 99 104 108 113,0.01,32.37,40,0.351,0
a775a66a362089fdcb2a965e75be701c,planar,bench,2,0.0,0.0,1,1.0,0,0,0.0,12.55,4,0.667,0,0 23 68 113,0.0,14.83,9,0.643,0,0 9 17 61 70 78 87 104 113,0.0,16.82,16,0.615,0,0 5 9 23 27 32 36 59 68 72 81 95 99 104 108 113,0.0,17.27,72,0.632,0
a85b9a3ace923e424721d5612f98ae26,planar,bus,1,0.05,0.05,1,1.0,0,0,0.05,23.68,3,0.5,0,0 23 113,0.05,23.75,7,0.5,0,0 61 70 78 87 104 113,0.05,30.36,10,0.385,0,0 23 27 32 36 95 99 104 108 113,0.05,32.37,40,0.351,0
a860adc078391edc6774046e1fe3165b,planar,cellular telephone,1,0.01,0.01,1,1.0,0,0,0.01,23.64,3,0.5,0,0 23 113,0.01,23.7,7,0.5,0,0 61 70 78 87 104 113,0.01,30.35,10,0.385,0,0 23 27 32 36 95 99 104 108 113,0.01,32.37,40,0.351,0
a8bb33c995207084bed1bd9593e318c,planar,cabinet,1,0.0,0.0,1,1.0,0,0,0.0,23.67,3,0.5,0,0 23 113,0.0,23.73,7,0.5,0,0 61 70 78 87 104 113,0.0,30.36,10,0.385,0,0 23 27 32 36 95 99 104 108 113,0.0,32.37,40,0.351,0
a969cd5e93fd389b3321831d2245cf06,planar,bathtub,1,0.01,0.01,1,1.0,0,0,0.0,23.67,3,0.5,113,0 23 113,0.0,23.73,7,0.5,113,0 61 70 78 87 104 113,0.0,30.36,10,0.385,113,0 23 27 32 36 95 99 104 108 113,0.0,32.37,40,0.351,113
a976a61f71a8e700876ba2153f34d1b9,planar,bookshelf,1,0.01,0.01,1,1.0,0,0,0.0,23.66,3,0.5,113,0 23 113,0.0,23.73,7,0.5,113,0 61 70 78 87 104 113,0.0,30.36,10,0.385,113,0 23 27 32 36 95 99 104 108 113,0.0,32.37,40,0.351,113
a9b7fbe4a8dd4d0c44f19502064e0a74,planar,bus,1,0.69,0.69,1,1.0,0,0,0.09,23.66,3,0.5,113,0 23 113,0.09,23.87,7,0.5,113,0 61 70 78 87 104 113,0.09,30.36,11,0.423,113,0 5 23 27 32 36 95 99 104 108 113,0.09,32.38,41,0.36,113
a9d7e7bb4d72c52f1574d21c0c95092f,planar,loudspeaker,1,0.0,0.0,1,1.0,0,0,0.0,23.67,3,0.5,0,0 23 113,0.0,23.73,7,0.5,0,0 61 70 78 87 104 113,0.0,30.36,10,0.385,0,0 23 27 32 36 95 99 104 108 113,0.0,32.37,40,0.351,0
aa4ad2f41efb815cb022c94235bc8601,planar,dishwasher,1,0.55,0.55,1,1.0,0,0,0.48,23.84,3,0.5,113,0 23 113,0.48,24.05,7,0.5,113,0 61 70 78 87 104 113,0.36,30.45,10,0.385,36,0 5 23 32 36 95 99 104 108 113,0.36,32.38,40,0.351,36
aa619a9f4b2e200495ff232cd38210b4,planar,motorcycle,1,0.0,0.0,1,1.0,0,0,0.0,23.67,3,0.5,0,0 23 113,0.0,23.73,7,0.5,0,0 61 70 78 87 104 113,0.0,30.36,10,0.385,0,0 23 27 32 36 95 99 104 108 113,0.0,32.37,40,0.351,0
aa858f23b682f5616314c3b6a3a65519,planar,pistol,1,0.16,0.16,1,1.0,0,0,0.16,23.71,3,0.5,0,0 23 113,0.16,23.77,7,0.5,0,0 61 70 78 87 104 113,0.16,30.36,10,0.385,0,0 23 27 32 36 95 99 104 108 113,0.16,32.37,40,0.351,0
aa886bed91a13113d5498a74ca9ca78b,planar,skateboard,2,0.02,0.02,1,1.0,0,0,0.02,12.72,4,0.667,113,0 23 68 113,0.02,14.9,9,0.643,113,0 9 17 61 70 78 87 104 113,0.02,16.8,15,0.577,113,0 5 9 23 27 32 36 59 68 72 95 99 104 108 113,0.02,17.27,71,0.623,113
aa88a7bb135e074e2056b4bd5d870b47,planar,bench,2,0.03,0.03,1,1.0,0,0,0.03,12.56,4,0.667,0,0 23 68 113,0.03,14.84,9,0.643,0,0 9 17 61 70 78 87 104 113,0.03,16.82,16,0.615,0,0 5 9 23 27 32 36 59 68 72 81 95 99 104 108 113,0.03,17.27,72,0.632,0
aac3c6db20d3248579cea75b38cb7ce,planar,cabinet,1,0.0,0.0,1,1.0,0,0,0.0,23.67,3,0.5,0,0 23 113,0.0,23.73,7,0.5,0,0 61 70 78 87 104 113,0.0,30.36,10,0.385,0,0 23 27 32 36 95 99 104 108 113,0.0,32.37,40,0.351,0
ab3260f85c28adc82056b4bd5d870b47,planar,bench,1,0.01,0.01,1,1.0,0,0,0.01,23.67,3,0.5,0,0 23 113,0.01,23.73,7,0.5,0,0 61 70 78 87 104 113,0.01,30.36,10,0.385,0,0 23 27 32 36 95 99 104 108 113,0.01,32.37,40,0.351,0
ab7ad8afde03897aa52fef6f94fcc8a,planar,cabinet,1,0.57,0.57,1,1.0,0,0,0.43,23.95,3,0.5,113,0 23 113,0.43,23.67,7,0.5,113,0 61 70 78 87 104 113,0.1,30.42,10,0.385,108,0 23 27 32 36 95 99 104 108 113,0.1,32.38,39,0.342,108
abaf150fbbcfa58e9f433921788191f3,planar,pistol,1,0.0,0.0,1,1.0,0,0,0.0,23.67,3,0.5,0,0 23 113,0.0,23.73,7,0.5,0,0 61 70 78 87 104 113,0.0,30.36,10,0.385,0,0 23 27 32 36 95 99 104 108 113,0.0,32.37,40,0.351,0
abcac243e3ed325b34943af333340cd2,planar,cabinet,1,0.0,0.0,1,1.0,0,0,0.0,23.67,3,0.5,0,0 23 113,0.0,23.73,7,0.5,0,0 61 70 78 87 104 113,0.0,30.36,10,0.385,0,0 23 27 32 36 95 99 104 108 113,0.0,32.37,40,0.351,0
abcb5dc91337f47682db9fca4b68095,planar,bench,2,0.0,0.0,1,1.0,0,0,0.0,12.55,4,0.667,0,0 23 68 113,0.0,14.83,9,0.643,0,0 9 17 61 70 78 87 104 113,0.0,16.82,16,0.615,0,0 5 9 23 27 32 36 59 68 72 81 95 99 104 108 113,0.0,17.27,72,0.632,0
abdc4a823b1f78c397f47f3057557cbe,planar,skateboard,2,0.13,0.13,1,1.0,0,0,0.13,12.68,4,0.667,113,0 23 68 113,0.13,14.85,9,0.643,113,0 9 17 61 70 78 87 104 113,0.13,16.84,16,0.615,113,0 5 9 23 27 32 36 59 68 72 81 95 99 104 108 113,0.13,17.27,72,0.632,113
abdfb5b2d82e555e3bd003e0bb7a3ed9,planar,motorcycle,1,0.04,0.04,1,1.0,0,0,0.04,23.68,3,0.5,113,0 23 113,0.04,23.73,7,0.5,113,0 61 70 78 87 104 113,0.04,30.37,10,0.385,113,0 23 27 32 36 95 99 104 108 113,0.04,32.37,40,0.351,113
ac2477b9b5d3e6e6c7c8ce3bef5c2aa9,planar,pillow,1,0.01,0.01,1,1.0,0,0,0.01,23.67,3,0.5,0,0 23 113,0.01,23.73,7,0.5,0,0 61 70 78 87 104 113,0.01,30.36,10,0.385,0,0 23 27 32 36 95 99 104 108 113,0.01,32.37,40,0.351,0
ac2b6924a60a7a87aa4f69d519551495,planar,skateboard,2,0.02,0.02,1,1.0,0,0,0.02,12.48,4,0.667,0,0 23 68 113,0.02,14.5,9,0.643,0,0 9 17 61 70 78 87 104 113,0.02,16.86,15,0.577,0,0 5 9 23 27 32 36 59 68 72 95 99 104 108 113,0.02,17.24,69,0.605,0
ac2ea2d41c57d1075999f9ba82d15928,planar,printer,1,0.08,0.08,1,1.0,0,0,0.07,26.73,3,0.5,113,0 68 113,0.07,35.03,4,0.286,113,0 9 17 113,0.07,32.14,8,0.308,113,0 5 9 59 68 72 81 113,0.07,32.43,42,0.368,113
ac52cf0b598e930ab38d3c03866c1379,planar,vessel,1,0.69,0.69,1,1.0,0,0,0.68,24.0,3,0.5,113,0 23 113,0.68,23.8,7,0.5,113,0 61 70 78 87 104 113,0.64,30.49,10,0.385,36,0 23 27 32 36 95 99 104 108 113,0.64,32.38,39,0.342,36
ac7935b217aeb58e19ca41cdb396f36,planar,cabinet,1,0.01,0.01,1,1.0,0,0,0.0,23.67,3,0.5,113,0 23 113,0.0,23.73,7,0.5,113,0 61 70 78 87 104 113,0.0,30.36,10,0.385,113,0 23 27 32 36 95 99 104 108 113,0.0,32.37,40,0.351,113
ad86354fb5faf1c98a4820926b2a786,planar,cabinet,1,0.06,0.06,1,1.0,0,0,0.05,26.73,3,0.5,113,0 68 113,0.05,35.04,4,0.286,113,0 9 17 113,0.05,32.14,8,0.308,113,0 5 9 59 68 72 81 113,0.05,32.43,42,0.368,113
ae20b4fa1b552b62614d87bbb5364f6a,planar,cabinet,1,0.02,0.02,1,1.0,0,0,0.02,23.69,3,0.5,0,0 23 113,0.02,23.75,7,0.5,0,0 61 70 78 87 104 113,0.02,30.37,10,0.385,0,0 23 27 32 36 95 99 104 108 113,0.02,32.37,40,0.351,0
ae2605e9e8c47cbfad5067eac75a07f7,planar,bench,2,0.01,0.01,1,1.0,0,0,0.01,12.55,4,0.667,113,0 23 68 113,0.01,14.83,9,0.643,113,0 9 17 61 70 78 87 104 113,0.01,16.82,16,0.615,113,0 5 9 23 27 32 36 59 68 72 81 95 99 104 108 113,0.01,17.27,72,0.632,113
aea3c4f2687e97c92942fa3063963cb6,planar,motorcycle,1,0.0,0.0,1,1.0,0,0,0.0,23.67,3,0.5,0,0 23 113,0.0,23.73,7,0.5,0,0 61 70 78 87 104 113,0.0,30.36,10,0.385,0,0 23 27 32 36 95 99 104 108 113,0.0,32.37,40,0.351,0
aea6cef49fd3a6ab3af30a3946d92feb,planar,bathtub,2,0.05,0.05,1,1.0,0,0,0.05,12.63,4,0.667,0,0 23 68 113,0.05,14.78,9,0.643,0,0 9 17 61 70 78 87 104 113,0.05,16.83,16,0.615,0,0 5 9 23 27 32 36 59 68 72 81 95 99 104 108 113,0.05,17.28,72,0.632,0
aec1143f9e7375846555a8578c9b250,planar,bench,1,0.2,0.2,1,1.0,0,0,0.19,23.79,3,0.5,113,0 23 113,0.19,23.77,7,0.5,113,0 61 70 78 87 104 113,0.19,30.41,10,0.385,113,0 23 27 32 36 95 99 104 108 113,0.19,32.38,39,0.342,113
aedb07b6ad73e3b759a2046f98794106,planar,bus,1,0.39,0.39,1,1.0,0,0,0.17,23.81,3,0.5,113,0 23 113,0.17,23.72,7,0.5,113,0 61 70 78 87 104 113,0.17,30.41,10,0.385,113,0 23 27 32 36 95 99 104 108 113,0.17,32.38,40,0.351,113
afa806973174e442ac4f72bf08dc79a6,planar,cellular telephone,3,0.04,0.04,1,1.0,0,0,0.03,12.49,4,0.667,113,0 23 68 113,0.03,14.87,9,0.643,113,0 9 17 61 70 78 87 104 113,0.03,16.77,16,0.615,113,0 5 9 23 27 32 36 59 68 72 81 95 99 104 108 113,0.03,17.21,72,0.632,113
afaa6975c6000ecc4c3aee8e9d3a6ffa,planar,file,1,0.0,0.0,1,1.0,0,0,0.0,23.66,3,0.5,0,0 23 113,0.0,23.73,7,0.5,0,0 61 70 78 87 104 113,0.0,30.36,10,0.385,0,0 23 27 32 36 95 99 104 108 113,0.0,32.37,40,0.351,0
afc975c77f6d5a1bd23d6ce2c840685b,planar,airplane,1,0.21,0.21,1,1.0,0,0,0.21,24.02,3,0.5,0,0 23 113,0.21,23.55,8,0.571,0,0 61 70 78 87 96 104 113,0.21,30.43,10,0.385,0,0 23 27 32 36 95 99 104 108 113,0.21,32.4,40,0.351,0
b044555289c7439f4c40f34de8f3bdb8,planar,loudspeaker,1,0.11,0.11,1,1.0,0,0,0.1,23.73,3,0.5,113,0 23 113,0.1,23.75,7,0.5,113,0 61 70 78 87 104 113,0.1,30.39,10,0.385,113,0 23 27 32 36 95 99 104 108 113,0.1,32.37,40,0.351,113
b0604333bb40f58136c3fba5bd012bf2,planar,bus,1,0.89,0.89,1,1.0,0,0,0.06,23.64,3,0.5,113,0 23 113,0.06,23.91,7,0.5,113,0 61 70 78 87 104 113,0.06,30.37,11,0.423,113,0 5 23 27 32 36 95 99 104 108 113,0.06,32.38,41,0.36,113
b09f17c66d25a38cf155d75bbf62b80,planar,bench,1,0.01,0.01,1,1.0,0,0,0.0,23.67,3,0.5,113,0 23 113,0.0,23.73,7,0.5,113,0 61 70 78 87 104 113,0.0,30.36,10,0.385,113,0 23 27 32 36 95 99 104 108 113,0.0,32.37,40,0.351,113
b0f329dc43af0fbd4da5feafe6f1c8fc,planar,cabinet,1,0.01,0.01,1,1.0,0,0,0.0,23.67,3,0.5,113,0 23 113,0.0,23.73,7,0.5,113,0 61 70 78 87 104 113,0.0,30.36,10,0.385,113,0 23 27 32 36 95 99 104 108 113,0.0,32.37,40,0.351,113
b123bc34ca87b8f88be7c8c5fdb9bd6d,planar,train,1,0.12,0.12,1,1.0,0,0,0.11,23.71,3,0.5,113,0 23 113,0.11,23.73,7,0.5,113,0 61 70 78 87 104 113,0.11,30.38,10,0.385,113,0 23 27 32 36 95 99 104 108 113,0.11,32.37,40,0.351,113
b12c3a046c326ca1d9b228d02c3319a3,planar,cabinet,1,0.09,0.09,1,1.0,0,0,0.08,23.71,3,0.5,113,0 23 113,0.08,23.73,7,0.5,113,0 61 70 78 87 104 113,0.08,30.38,10,0.385,113,0 23 27 32 36 95 99 104 108 113,0.08,32.37,40,0.351,113
b14fa79d2a1efb586f7dd5dd40daa88a,planar,helmet,1,0.05,0.05,1,1.0,0,0,0.05,23.68,3,0.5,0,0 23 113,0.05,23.74,7,0.5,0,0 61 70 78 87 104 113,0.05,30.36,10,0.385,0,0 23 27 32 36 95 99 104 108 113,0.05,32.37,40,0.351,0
b154cb1a8dedb14345ef69cff7e6d57d,planar,cabinet,1,0.0,0.0,1,1.0,0,0,0.0,23.67,3,0.5,0,0 23 113,0.0,23.73,7,0.5,0,0 61 70 78 87 104 113,0.0,30.36,10,0.385,0,0 23 27 32 36 95 99 104 108 113,0.0,32.37,40,0.351,0
b16eae893bd12a87b8724a732b3d4cc1,planar,bathtub,1,0.0,0.0,1,1.0,0,0,0.0,23.67,3,0.5,0,0 23 113,0.0,23.73,7,0.5,0,0 61 70 78 87 104 113,0.0,30.36,10,0.385,0,0 23 27 32 36 95 99 104 108 113,0.0,32.37,40,0.351,0
b19ff5aaa6a6940b412deb0d2b0f3dcd,planar,bathtub,2,0.06,0.06,1,1.0,0,0,0.05,12.59,4,0.667,113,0 23 68 113,0.05,14.85,9,0.643,113,0 9 17 61 70 78 87 104 113,0.05,16.83,16,0.615,113,0 5 9 23 27 32 36 59 68 72 81 95 99 104 108 113,0.05,17.27,72,0.632,113
b1bdcc7bcb3148aaa23949c21eddef76,planar,cabinet,1,0.01,0.01,1,1.0,0,0,0.01,23.66,3,0.5,0,0 23 113,0.01,23.73,7,0.5,0,0 61 70 78 87 104 113,0.01,30.36,10,0.385,0,0 23 27 32 36 95 99 104 108 113,0.01,32.37,40,0.351,0
b218e59af74f0be4ee9005feeed08b86,planar,bench,1,0.0,0.0,1,1.0,0,0,0.0,23.67,3,0.5,0,0 23 113,0.0,23.73,7,0.5,0,0 61 70 78 87 104 113,0.0,30.36,10,0.385,0,0 23 27 32 36 95 99 104 108 113,0.0,32.37,40,0.351,0
b21af8271ab47f79c82ee199db6586b1,planar,train,1,0.0,0.0,1,1.0,0,0,0.0,23.67,3,0.5,0,0 23 113,0.0,23.73,7,0.5,0,0 61 70 78 87 104 113,0.0,30.36,10,0.385,0,0 23 27 32 36 95 99 104 108 113,0.0,32.37,40,0.351,0
b296fbfbbe5dccf09c12d6260da9ac2b,planar,stove,1,0.0,0.0,1,1.0,0,0,0.0,23.67,3,0.5,0,0 23 113,0.0,23.73,7,0.5,0,0 61 70 78 87 104 113,0.0,30.36,10,0.385,0,0 23 27 32 36 95 99 104 108 113,0.0,32.37,40,0.351,0
b2a585ba5f0b4a25e76bc197b3a3ffc0,planar,bench,2,0.0,0.0,1,1.0,0,0,0.0,12.55,4,0.667,0,0 23 68 113,0.0,14.83,9,0.643,0,0 9 17 61 70 78 87 104 113,0.0,16.82,16,0.615,0,0 5 9 23 27 32 36 59 68 72 81 95 99 104 108 113,0.0,17.27,72,0.632,0
b399f7819e05c8bd492d9da2668ec34c,planar,cabinet,1,0.0,0.0,1,1.0,0,0,0.0,23.67,3,0.5,0,0 23 113,0.0,23.73,7,0.5,0,0 61 70 78 87 104 113,0.0,30.36,10,0.385,0,0 23 27 32 36 95 99 104 108 113,0.0,32.37,40,0.351,0
b3c8573a2d8b0a14c347936f40ef6857,planar,bench,1,0.0,0.0,1,1.0,0,0,0.0,23.67,3,0.5,0,0 23 113,0.0,23.73,7,0.5,0,0 61 70 78 87 104 113,0.0,30.36,10,0.385,0,0 23 27 32 36 95 99 104 108 113,0.0,32.37,40,0.351,0
b4d4338a36711ccdb113389b677f57ff,planar,loudspeaker,1,0.02,0.02,1,1.0,0,0,0.02,23.69,3,0.5,0,0 23 113,0.02,23.73,7,0.5,0,0 61 70 78 87 104 113,0.02,30.36,10,0.385,0,0 23 27 32 36 95 99 104 108 113,0.02,32.37,40,0.351,0
b56494e8810764286739a7caa0c577bd,planar,cabinet,1,0.0,0.0,1,1.0,0,0,0.0,23.67,3,0.5,0,0 23 113,0.0,23.73,7,0.5,0,0 61 70 78 87 104 113,0.0,30.36,10,0.385,0,0 23 27 32 36 95 99 104 108 113,0.0,32.37,40,0.351,0
b56505eeac0de779289f8cbfc8541c14,planar,cabinet,1,0.08,0.08,1,1.0,0,0,0.08,23.64,3,0.5,0,0 23 113,0.08,23.7,7,0.5,0,0 61 70 78 87 104 113,0.01,30.34,10,0.385,36,0 23 27 32 36 95 99 104 108 113,0.01,32.37,40,0.351,36
b5c4585baef4a036dae5edc5d34da94f,planar,earphone,2,0.1,0.1,1,1.0,0,0,0.09,12.38,4,0.667,113,0 23 68 113,0.09,14.92,9,0.643,113,0 9 17 61 70 78 87 104 113,0.09,16.85,16,0.615,113,0 5 9 23 27 32 36 59 68 72 81 95 99 104 108 113,0.09,17.27,72,0.632,113
b63c554a915454b7a8481a97c910a7de,planar,airplane,1,0.01,0.01,1,1.0,0,0,0.01,23.67,3,0.5,0,0 23 113,0.01,23.73,7,0.5,0,0 61 70 78 87 104 113,0.01,30.36,10,0.385,0,0 23 27 32 36 95 99 104 108 113,0.01,32.37,40,0.351,0
b67d58cd774ebeaea480742f4529182b,planar,cabinet,1,0.02,0.02,1,1.0,0,0,0.01,23.68,3,0.5,113,0 23 113,0.01,23.73,7,0.5,113,0 61 70 78 87 104 113,0.01,30.37,10,0.385,113,0 23 27 32 36 95 99 104 108 113,0.01,32.37,40,0.351,113
b6c745406a599dddad5067eac75a07f7,planar,bench,1,0.01,0.01,1,1.0,0,0,0.0,23.67,3,0.5,113,0 23 113,0.0,23.73,7,0.5,113,0 61 70 78 87 104 113,0.0,30.36,10,0.385,113,0 23 27 32 36 95 99 104 108 113,0.0,32.37,40,0.351,113
b6df9d21acef1e11b362845c6edb57fc,planar,bathtub,2,0.06,0.06,1,1.0,0,0,0.05,26.54,3,0.5,113,0 68 113,0.05,34.77,4,0.286,113,0 9 17 113,0.05,31.96,8,0.308,113,0 5 9 59 68 72 81 113,0.05,32.24,42,0.368,113
b73da1e1a2f2f549d4d8765e3910f617,planar,bench,1,0.0,0.0,1,1.0,0,0,0.0,23.67,3,0.5,0,0 23 113,0.0,23.73,7,0.5,0,0 61 70 78 87 104 113,0.0,30.36,10,0.385,0,0 23 27 32 36 95 99 104 108 113,0.0,32.37,40,0.351,0
b7a9d8b469cb06037824b732b006daaa,planar,cabinet,1,0.0,0.0,1,1.0,0,0,0.0,23.67,3,0.5,0,0 23 113,0.0,23.73,7,0.5,0,0 61 70 78 87 104 113,0.0,30.36,10,0.385,0,0 23 27 32 36 95 99 104 108 113,0.0,32.37,40,0.351,0
b7c366d9ad90bb8a847d09fbfad470bc,planar,bench,2,0.01,0.01,1,1.0,0,0,0.0,12.56,4,0.667,113,0 23 68 113,0.0,14.83,9,0.643,113,0 9 17 61 70 78 87 104 113,0.0,16.82,16,0.615,113,0 5 9 23 27 32 36 59 68 72 81 95 99 104 108 113,0.0,17.27,72,0.632,113
b865f12d17532a3fdb24fbbf172c2159,planar,loudspeaker,1,0.03,0.03,1,1.0,0,0,0.02,23.67,3,0.5,113,0 23 113,0.02,23.72,7,0.5,113,0 61 70 78 87 104 113,0.02,30.36,10,0.385,113,0 23 27 32 36 95 99 104 108 113,0.02,32.37,40,0.351,113
b8a2c7c7df404ab8e7ef9fff09638f8e,planar,cellular telephone,1,0.06,0.06,1,1.0,0,0,0.05,23.68,3,0.5,113,0 23 113,0.05,23.72,7,0.5,113,0 61 70 78 87 104 113,0.05,30.37,10,0.385,113,0 23 27 32 36 95 99 104 108 113,0.05,32.37,40,0.351,113
b8e019587c8157041a3b39b07e4b3d0f,planar,cabinet,1,0.0,0.0,1,1.0,0,0,0.0,23.67,3,0.5,0,0 23 113,0.0,23.73,7,0.5,0,0 61 70 78 87 104 113,0.0,30.36,10,0.385,0,0 23 27 32 36 95 99 104 108 113,0.0,32.37,40,0.351,0
b93e07e84bdfd620f4000b62f164055f,planar,vessel,1,0.0,0.0,1,1.0,0,0,0.0,23.67,3,0.5,113,0 23 113,0.0,23.73,7,0.5,113,0 61 70 78 87 104 113,0.0,30.36,10,0.385,113,0 23 27 32 36 95 99 104 108 113,0.0,32.37,40,0.351,113
b94b76056a072784685e443e0ea51d93,planar,stove,1,0.0,0.0,1,1.0,0,0,0.0,23.67,3,0.5,0,0 23 113,0.0,23.73,7,0.5,0,0 61 70 78 87 104 113,0.0,30.36,10,0.385,0,0 23 27 32 36 95 99 104 108 113,0.0,32.37,40,0.351,0
b997659a319cae6369923f7b2ea9aba,planar,bench,1,0.01,0.01,1,1.0,0,0,0.0,23.67,3,0.5,113,0 23 113,0.0,23.73,7,0.5,113,0 61 70 78 87 104 113,0.0,30.36,10,0.385,113,0 23 27 32 36 95 99 104 108 113,0.0,32.37,40,0.351,113
b9a6e086fa26907897eb0d3a9685d3ed,planar,vessel,1,0.0,0.0,1,1.0,0,0,0.0,23.67,3,0.5,0,0 23 113,0.0,23.73,7,0.5,0,0 61 70 78 87 104 113,0.0,30.36,10,0.385,0,0 23 27 32 36 95 99 104 108 113,0.0,32.37,40,0.351,0
ba5e1671d26af2763c6c38b12db4d8f3,planar,cabinet,1,0.0,0.0,1,1.0,0,0,0.0,23.67,3,0.5,0,0 23 113,0.0,23.73,7,0.5,0,0 61 70 78 87 104 113,0.0,30.36,10,0.385,0,0 23 27 32 36 95 99 104 108 113,0.0,32.37,40,0.351,0
ba86184fb4bd46a23321831d2245cf06,planar,bathtub,1,0.15,0.15,1,1.0,0,0,0.15,23.71,3,0.5,0,0 23 113,0.15,23.77,7,0.5,0,0 61 70 78 87 104 113,0.15,30.36,10,0.385,0,0 23 27 32 36 95 99 104 108 113,0.15,32.37,40,0.351,0
bacb5f46add42da9a53649a80e5aff8c,planar,bench,1,0.01,0.01,1,1.0,0,0,0.0,23.67,3,0.5,113,0 23 113,0.0,23.73,7,0.5,113,0 61 70 78 87 104 113,0.0,30.36,10,0.385,113,0 23 27 32 36 95 99 104 108 113,0.0,32.37,40,0.351,113
bafb5f206f100bffabd7f138f3335c2b,planar,faucet,1,0.06,0.06,1,1.0,0,0,0.06,23.7,3,0.5,113,0 23 113,0.06,23.74,7,0.5,113,0 61 70 78 87 104 113,0.06,30.38,10,0.385,113,0 23 27 32 36 95 99 104 108 113,0.06,32.37,40,0.351,113
bb551a5c33e3743297a999e2367a4a2d,planar,piano,1,0.0,0.0,1,1.0,0,0,0.0,23.67,3,0.5,0,0 23 113,0.0,23.73,7,0.5,0,0 61 70 78 87 104 113,0.0,30.36,10,0.385,0,0 23 27 32 36 95 99 104 108 113,0.0,32.37,40,0.351,0
bb609567ff4d46a0a44768a940557d1c,planar,washer,1,0.0,0.0,1,1.0,0,0,0.0,23.67,3,0.5,0,0 23 113,0.0,23.73,7,0.5,0,0 61 70 78 87 104 113,0.0,30.36,10,0.385,0,0 23 27 32 36 95 99 104 108 113,0.0,32.37,40,0.351,0
bba9c90254fb970b8dfaa3491bc0f718,planar,piano,1,0.02,0.02,1,1.0,0,0,0.01,23.67,3,0.5,113,0 23 113,0.01,23.73,7,0.5,113,0 61 70 78 87 104 113,0.01,30.36,10,0.385,113,0 23 27 32 36 95 99 104 108 113,0.01,32.37,40,0.351,113
bcb4f576747e10bdd7f6e86d7d335698,planar,bench,3,0.0,0.0,1,1.0,0,0,0.0,10.89,5,0.833,113,0 23 45 68 113,0.0,9.26,11,0.786,113,0 9 17 43 52 61 70 78 87 104 113,0.0,11.82,21,0.808,113,0 5 9 23 27 32 36 41 45 50 54 59 63 68 72 81 95 99 104 108 113,0.0,12.15,92,0.807,113
bd06d7b322a2c65147367565b9fdaec5,planar,train,1,0.0,0.0,1,1.0,0,0,0.0,23.67,3,0.5,0,0 23 113,0.0,23.73,7,0.5,0,0 61 70 78 87 104 113,0.0,30.36,10,0.385,0,0 23 27 32 36 95 99 104 108 113,0.0,32.37,40,0.351,0
bd55f9190cb5c9ea3fe047712e43e185,planar,cabinet,1,0.0,0.0,1,1.0,0,0,0.0,23.67,3,0.5,0,0 23 113,0.0,23.73,7,0.5,0,0 61 70 78 87 104 113,0.0,30.36,10,0.385,0,0 23 27 32 36 95 99 104 108 113,0.0,32.37,40,0.351,0
bd586b69c27f05c8fcb3c6c0ffedec6,planar,piano,1,0.0,0.0,1,1.0,0,0,0.0,23.67,3,0.5,0,0 23 113,0.0,23.73,7,0.5,0,0 61 70 78 87 104 113,0.0,30.36,10,0.385,0,0 23 27 32 36 95 99 104 108 113,0.0,32.37,40,0.351,0
bdce8b3475f59d38f4fb4dee5181bee,planar,bench,2,0.0,0.0,1,1.0,0,0,0.0,12.55,4,0.667,113,0 23 68 113,0.0,14.83,9,0.643,113,0 9 17 61 70 78 87 104 113,0.0,16.82,16,0.615,113,0 5 9 23 27 32 36 59 68 72 81 95 99 104 108 113,0.0,17.27,72,0.632,113
be935d47bfa0fd025eb64c1003065596,planar,stove,1,0.0,0.0,1,1.0,0,0,0.0,23.67,3,0.5,0,0 23 113,0.0,23.73,7,0.5,0,0 61 70 78 87 104 113,0.0,30.36,10,0.385,0,0 23 27 32 36 95 99 104 108 113,0.0,32.37,40,0.351,0
beae527c550f5ce8e4ed7bd95fe664b,planar,bench,1,0.1,0.1,1,1.0,0,0,0.09,23.7,3,0.5,113,0 23 113,0.09,23.73,7,0.5,113,0 61 70 78 87 104 113,0.09,30.38,10,0.385,113,0 23 27 32 36 95 99 104 108 113,0.09,32.37,40,0.351,113
bedc697875ba693676c18e71fd49c4dc,planar,faucet,1,0.0,0.0,1,1.0,0,0,0.0,23.67,3,0.5,0,0 23 113,0.0,23.73,7,0.5,0,0 61 70 78 87 104 113,0.0,30.36,10,0.385,0,0 23 27 32 36 95 99 104 108 113,0.0,32.37,40,0.351,0
bf57fe6a331137c2abaf316e4a957cb1,planar,cabinet,1,0.0,0.0,1,1.0,0,0,0.0,23.67,3,0.5,0,0 23 113,0.0,23.73,7,0.5,0,0 61 70 78 87 104 113,0.0,30.36,10,0.385,0,0 23 27 32 36 95 99 104 108 113,0.0,32.37,40,0.351,0
bf7342b225f836a9d2b12aa6a0f050b3,planar,bench,1,0.0,0.0,1,1.0,0,0,0.0,23.67,3,0.5,0,0 23 113,0.0,23.73,7,0.5,0,0 61 70 78 87 104 113,0.0,30.36,10,0.385,0,0 23 27 32 36 95 99 104 108 113,0.0,32.37,40,0.351,0
bf8e5bbe0e0938d98afd316e82119b42,planar,bathtub,1,0.0,0.0,1,1.0,0,0,0.0,23.67,3,0.5,0,0 23 113,0.0,23.73,7,0.5,0,0 61 70 78 87 104 113,0.0,30.36,10,0.385,0,0 23 27 32 36 95 99 104 108 113,0.0,32.37,40,0.351,0
bfb230a906645dd14c3aee8e9d3a6ffa,planar,file,1,0.0,0.0,1,1.0,0,0,0.0,23.67,3,0.5,0,0 23 113,0.0,23.73,7,0.5,0,0 61 70 78 87 104 113,0.0,30.36,10,0.385,0,0 23 27 32 36 95 99 104 108 113,0.0,32.37,40,0.351,0
bfc242ae3d98762ece876412f61273f0,planar,mailbox,1,0.01,0.01,1,1.0,0,0,0.0,23.67,3,0.5,113,0 23 113,0.0,23.73,7,0.5,113,0 61 70 78 87 104 113,0.0,30.36,10,0.385,113,0 23 27 32 36 95 99 104 108 113,0.0,32.37,40,0.351,113
c01ecf4426f58beec3c7482d23c2379,planar,cabinet,1,0.01,0.01,1,1.0,0,0,0.0,23.67,3,0.5,113,0 23 113,0.0,23.73,7,0.5,113,0 61 70 78 87 104 113,0.0,30.36,10,0.385,113,0 23 27 32 36 95 99 104 108 113,0.0,32.37,40,0.351,113
c02b905c5d602a7ebfc2343650cf257,planar,faucet,1,0.01,0.01,1,1.0,0,0,0.0,23.66,3,0.5,113,0 23 113,0.0,23.72,7,0.5,113,0 61 70 78 87 104 113,0.0,30.36,10,0.385,113,0 23 27 32 36 95 99 104 108 113,0.0,32.37,40,0.351,113
c03e7f08edefc17a5b28ac1273e4dac5,planar,bench,1,0.03,0.03,1,1.0,0,0,0.03,23.71,3,0.5,0,0 23 113,0.03,23.77,7,0.5,0,0 61 70 78 87 104 113,0.03,30.39,10,0.385,0,0 23 27 32 36 95 99 104 108 113,0.03,32.37,40,0.351,0
c08dacfd5dd248374e9bcf25298f80d,planar,cabinet,1,0.13,0.13,1,1.0,0,0,0.12,23.72,3,0.5,113,0 23 113,0.12,23.73,7,0.5,113,0 61 70 78 87 104 113,0.12,30.38,10,0.385,113,0 23 27 32 36 95 99 104 108 113,0.12,32.37,40,0.351,113
c09fe6e32490f4511b17743c18fb63dc,planar,cabinet,1,0.0,0.0,1,1.0,0,0,0.0,23.67,3,0.5,0,0 23 113,0.0,23.73,7,0.5,0,0 61 70 78 87 104 113,0.0,30.36,10,0.385,0,0 23 27 32 36 95 99 104 108 113,0.0,32.37,40,0.351,0
c0e755071b467ac433faf2dd5a7ff771,planar,bench,1,0.0,0.0,1,1.0,0,0,0.0,23.67,3,0.5,0,0 23 113,0.0,23.73,7,0.5,0,0 61 70 78 87 104 113,0.0,30.36,10,0.385,0,0 23 27 32 36 95 99 104 108 113,0.0,32.37,40,0.351,0
c1077972752aac54e8deab000196f61d,planar,cellular telephone,1,89.94,89.94,0,0.0,0,,11.69,46.02,2,0.333,45,45 68,4.62,37.84,4,0.286,52,43 52 61 70,2.53,35.09,8,0.308,59,41 45 50 54 59 63 68 72,0.45,33.24,38,0.333,57
c150b150e25f4bd438f13d421c59f8e3,planar,bus,1,0.01,0.01,1,1.0,0,0,0.0,23.67,3,0.5,113,0 23 113,0.0,23.73,7,0.5,113,0 61 70 78 87 104 113,0.0,30.36,10,0.385,113,0 23 27 32 36 95 99 104 108 113,0.0,32.37,40,0.351,113
c1b8d982d97e337f19fb4103277a6b93,planar,bench,2,0.01,0.01,1,1.0,0,0,0.01,12.56,4,0.667,0,0 23 68 113,0.01,14.83,9,0.643,0,0 9 17 61 70 78 87 104 113,0.01,16.82,16,0.615,0,0 5 9 23 27 32 36 59 68 72 81 95 99 104 108 113,0.01,17.27,72,0.632,0
c1fd0e8de18620ba27e7754e513f7fef,planar,loudspeaker,1,0.11,0.11,1,1.0,0,0,0.11,23.73,3,0.5,113,0 23 113,0.11,23.75,7,0.5,113,0 61 70 78 87 104 113,0.11,30.39,10,0.385,113,0 23 27 32 36 95 99 104 108 113,0.11,32.37,40,0.351,113
c2441f4ed9ee23984d44f5db04bf14b8,planar,bus,1,0.0,0.0,1,1.0,0,0,0.0,23.67,3,0.5,0,0 23 113,0.0,23.73,7,0.5,0,0 61 70 78 87 104 113,0.0,30.36,10,0.385,0,0 23 27 32 36 95 99 104 108 113,0.0,32.37,40,0.351,0
c2799e2c3f5845f22d42c1e28ea24b6e,planar,bus,1,0.43,0.43,1,1.0,0,0,0.43,24.01,3,0.5,0,0 23 113,0.43,23.85,8,0.571,0,0 61 70 78 87 96 104 113,0.43,30.43,11,0.423,0,0 5 23 27 32 36 95 99 104 108 113,0.43,32.4,40,0.351,0
c28ec663f25bc97de8bdcdb326f0e57b,planar,vessel,1,0.48,0.48,1,1.0,0,0,0.48,23.56,3,0.5,113,0 23 113,0.48,23.46,7,0.5,113,0 61 70 78 87 104 113,0.09,30.38,10,0.385,108,0 23 27 32 36 95 99 104 108 113,0.09,32.38,40,0.351,108
c2c0a205bb318031ed98cca8f0ccd5f7,planar,bench,1,0.0,0.0,1,1.0,0,0,0.0,23.67,3,0.5,0,0 23 113,0.0,23.73,7,0.5,0,0 61 70 78 87 104 113,0.0,30.36,10,0.385,0,0 23 27 32 36 95 99 104 108 113,0.0,32.37,40,0.351,0
c327cc501312d1bab9492d4f3d8bee7c,planar,piano,1,0.0,0.0,1,1.0,0,0,0.0,23.67,3,0.5,0,0 23 113,0.0,23.73,7,0.5,0,0 61 70 78 87 104 113,0.0,30.36,10,0.385,0,0 23 27 32 36 95 99 104 108 113,0.0,32.37,40,0.351,0
c3a90bcecce7f4817b6fd5468f603b31,planar,cellular telephone,1,0.38,0.38,1,1.0,0,0,0.38,23.7,3,0.5,0,0 23 113,0.38,23.87,7,0.5,0,0 61 70 78 87 104 113,0.18,30.4,11,0.423,36,0 5 23 27 32 36 95 99 104 108 113,0.18,32.38,41,0.36,36
c3f92e6a78ad156863b2acb037dfbcde,planar,bench,1,0.03,0.03,1,1.0,0,0,0.03,23.68,3,0.5,0,0 23 113,0.03,23.74,7,0.5,0,0 61 70 78 87 104 113,0.03,30.36,10,0.385,0,0 23 27 32 36 95 99 104 108 113,0.03,32.37,40,0.351,0
c48e3ab1cc01521cdfaef96860d73193,planar,vessel,1,0.01,0.01,1,1.0,0,0,0.01,23.67,3,0.5,0,0 23 113,0.01,23.73,7,0.5,0,0 61 70 78 87 104 113,0.01,30.36,10,0.385,0,0 23 27 32 36 95 99 104 108 113,0.01,32.37,40,0.351,0
c4cb5bcb1a9399ae504721639e19f609,planar,bag,1,1.3,1.3,1,1.0,0,0,1.0,24.38,3,0.5,113,0 23 113,1.0,23.66,8,0.571,113,0 61 70 78 87 96 104 113,0.52,30.53,10,0.385,108,0 23 27 32 36 95 99 104 108 113,0.52,32.4,40,0.351,108
c4db384855e345009f8c3d2002c77ddb,planar,cabinet,1,0.7,0.7,1,1.0,0,0,0.7,24.1,3,0.5,0,0 23 113,0.7,23.68,8,0.571,0,0 61 70 78 87 96 104 113,0.4,30.46,10,0.385,108,0 23 27 32 36 95 99 104 108 113,0.4,32.39,40,0.351,108
c50e814a2e40e78ce8784f880dac0f61,planar,bus,1,0.0,0.0,1,1.0,0,0,0.0,23.67,3,0.5,0,0 23 113,0.0,23.73,7,0.5,0,0 61 70 78 87 104 113,0.0,30.36,10,0.385,0,0 23 27 32 36 95 99 104 108 113,0.0,32.37,40,0.351,0
c52531bfe9fcb17a87586c1eb104adc8,planar,loudspeaker,1,0.03,0.03,1,1.0,0,0,0.02,23.73,3,0.5,113,0 23 113,0.02,23.78,7,0.5,113,0 61 70 78 87 104 113,0.02,30.39,10,0.385,113,0 23 27 32 36 95 99 104 108 113,0.02,32.37,39,0.342,113
c55498c03c913177d200faae04ce3f8,planar,cabinet,1,0.02,0.02,1,1.0,0,0,0.02,23.63,3,0.5,0,0 23 113,0.02,23.69,7,0.5,0,0 61 70 78 87 104 113,0.02,30.34,10,0.385,0,0 23 27 32 36 95 99 104 108 113,0.02,32.37,40,0.351,0
c55a7e2cb3ab9aea8ca4aeb5e3b33af7,planar,cabinet,1,0.01,0.01,1,1.0,0,0,0.0,23.67,3,0.5,113,0 23 113,0.0,23.73,7,0.5,113,0 61 70 78 87 104 113,0.0,30.36,10,0.385,113,0 23 27 32 36 95 99 104 108 113,0.0,32.37,40,0.351,113
c5de940102fa0cdb50da8b99982a3057,planar,faucet,1,0.0,0.0,1,1.0,0,0,0.0,23.67,3,0.5,0,0 23 113,0.0,23.73,7,0.5,0,0 61 70 78 87 104 113,0.0,30.36,10,0.385,0,0 23 27 32 36 95 99 104 108 113,0.0,32.37,40,0.351,0
c625f1771e40e374e1c27dfba919adc5,planar,piano,1,0.19,0.19,1,1.0,0,0,0.18,23.75,3,0.5,113,0 23 113,0.18,23.74,7,0.5,113,0 61 70 78 87 104 113,0.18,30.39,10,0.385,113,0 23 27 32 36 95 99 104 108 113,0.18,32.37,40,0.351,113
c71738e3b314a72411afa9f5eb84a7ae,planar,bench,1,0.0,0.0,1,1.0,0,0,0.0,23.67,3,0.5,0,0 23 113,0.0,23.73,7,0.5,0,0 61 70 78 87 104 113,0.0,30.36,10,0.385,0,0 23 27 32 36 95 99 104 108 113,0.0,32.37,40,0.351,0
c7418e21982dcb508c2f9e4176bfe555,planar,cabinet,1,0.0,0.0,1,1.0,0,0,0.0,23.67,3,0.5,0,0 23 113,0.0,23.73,7,0.5,0,0 61 70 78 87 104 113,0.0,30.36,10,0.385,0,0 23 27 32 36 95 99 104 108 113,0.0,32.37,40,0.351,0
c766463a3623d0ab8a0181490cb73cbc,planar,loudspeaker,1,0.32,0.32,1,1.0,0,0,0.32,23.85,3,0.5,0,0 23 113,0.32,23.68,7,0.5,0,0 61 70 78 87 104 113,0.07,30.39,10,0.385,108,0 23 27 32 36 95 99 104 108 113,0.07,32.38,39,0.342,108
c79fc66b27a900ac842d08202a7fd76,planar,bench,1,0.01,0.01,1,1.0,0,0,0.01,23.68,3,0.5,113,0 23 113,0.01,23.73,7,0.5,113,0 61 70 78 87 104 113,0.01,30.37,10,0.385,113,0 23 27 32 36 95 99 104 108 113,0.01,32.37,40,0.351,113
c7c0c46ba87f11ca4c62bee40dcdc539,planar,bathtub,1,0.0,0.0,1,1.0,0,0,0.0,23.66,3,0.5,0,0 23 113,0.0,23.73,7,0.5,0,0 61 70 78 87 104 113,0.0,30.36,10,0.385,0,0 23 27 32 36 95 99 104 108 113,0.0,32.37,40,0.351,0
c7d59921f034165880403be969162a9b,planar,earphone,2,0.01,0.01,1,1.0,0,0,0.01,12.56,4,0.667,0,0 23 68 113,0.01,14.83,9,0.643,0,0 9 17 61 70 78 87 104 113,0.01,16.82,16,0.615,0,0 5 9 23 27 32 36 59 68 72 81 95 99 104 108 113,0.01,17.27,72,0.632,0
c7fef6ae7f7f91814a0be3d856af9ad,planar,cellular telephone,1,0.01,0.01,1,1.0,0,0,0.01,23.67,3,0.5,0,0 23 113,0.01,23.73,7,0.5,0,0 61 70 78 87 104 113,0.01,30.36,10,0.385,0,0 23 27 32 36 95 99 104 108 113,0.01,32.37,40,0.351,0
c955fbf41e870dfaf0591fbec6fb99b,planar,piano,1,0.0,0.0,1,1.0,0,0,0.0,23.67,3,0.5,0,0 23 113,0.0,23.73,7,0.5,0,0 61 70 78 87 104 113,0.0,30.36,10,0.385,0,0 23 27 32 36 95 99 104 108 113,0.0,32.37,40,0.351,0
c956fdc19b02782bb7a867e9b35a1295,planar,faucet,1,0.0,0.0,1,1.0,0,0,0.0,23.67,3,0.5,0,0 23 113,0.0,23.73,7,0.5,0,0 61 70 78 87 104 113,0.0,30.36,10,0.385,0,0 23 27 32 36 95 99 104 108 113,0.0,32.37,40,0.351,0
c9576be714b6cf2d219113a79b8c092d,planar,cabinet,1,0.0,0.0,1,1.0,0,0,0.0,23.64,3,0.5,0,0 23 113,0.0,23.71,7,0.5,0,0 61 70 78 87 104 113,0.0,30.35,10,0.385,0,0 23 27 32 36 95 99 104 108 113,0.0,32.37,40,0.351,0
c9c6445740eaaa74a495c196d4f0cebb,planar,bus,1,0.0,0.0,1,1.0,0,0,0.0,23.67,3,0.5,0,0 23 113,0.0,23.73,7,0.5,0,0 61 70 78 87 104 113,0.0,30.36,10,0.385,0,0 23 27 32 36 95 99 104 108 113,0.0,32.37,40,0.351,0
c9d1159874c934f16f1b09a7281511b8,planar,vessel,1,0.06,0.06,1,1.0,0,0,0.06,23.66,3,0.5,0,0 23 113,0.06,23.72,7,0.5,0,0 61 70 78 87 104 113,0.06,30.35,10,0.385,0,0 23 27 32 36 95 99 104 108 113,0.06,32.37,40,0.351,0
ca1c1c9aba8f4491a656de49935d2359,planar,earphone,2,0.0,0.0,1,1.0,0,0,0.0,12.55,4,0.667,0,0 23 68 113,0.0,14.83,9,0.643,0,0 9 17 61 70 78 87 104 113,0.0,16.82,16,0.615,0,0 5 9 23 27 32 36 59 68 72 81 95 99 104 108 113,0.0,17.27,72,0.632,0
cadd6125bf30f513e10a48f2bbb9bef4,planar,printer,1,0.03,0.03,1,1.0,0,0,0.02,23.68,3,0.5,113,0 23 113,0.02,23.73,7,0.5,113,0 61 70 78 87 104 113,0.02,30.37,10,0.385,113,0 23 27 32 36 95 99 104 108 113,0.02,32.37,40,0.351,113
cb4234b5106ee84dfba786d6c256035b,planar,cabinet,1,0.0,0.0,1,1.0,0,0,0.0,23.67,3,0.5,0,0 23 113,0.0,23.73,7,0.5,0,0 61 70 78 87 104 113,0.0,30.36,10,0.385,0,0 23 27 32 36 95 99 104 108 113,0.0,32.37,40,0.351,0
cbe802da10dcae19f155d75bbf62b80,planar,bench,1,0.0,0.0,1,1.0,0,0,0.0,23.67,3,0.5,0,0 23 113,0.0,23.73,7,0.5,0,0 61 70 78 87 104 113,0.0,30.36,10,0.385,0,0 23 27 32 36 95 99 104 108 113,0.0,32.37,40,0.351,0
cbf9773bfebd4321cb2a965e75be701c,planar,bench,2,0.0,0.0,1,1.0,0,0,0.0,12.55,4,0.667,0,0 23 68 113,0.0,14.83,9,0.643,0,0 9 17 61 70 78 87 104 113,0.0,16.82,16,0.615,0,0 5 9 23 27 32 36 59 68 72 81 95 99 104 108 113,0.0,17.27,72,0.632,0
cc98d2d5157aab693321831d2245cf06,planar,bathtub,2,0.01,0.01,1,1.0,0,0,0.0,12.64,4,0.667,113,0 23 68 113,0.0,14.85,9,0.643,113,0 9 17 61 70 78 87 104 113,0.0,16.84,16,0.615,113,0 5 9 23 27 32 36 59 68 72 81 95 99 104 108 113,0.0,17.27,72,0.632,113
cece5afa11b5ea16d2096b2fa6f98cc7,planar,cabinet,1,0.01,0.01,1,1.0,0,0,0.0,23.67,3,0.5,113,0 23 113,0.0,23.73,7,0.5,113,0 61 70 78 87 104 113,0.0,30.36,10,0.385,113,0 23 27 32 36 95 99 104 108 113,0.0,32.37,40,0.351,113
cf4075a6207a77fad5067eac75a07f7,planar,bench,1,0.01,0.01,1,1.0,0,0,0.0,23.67,3,0.5,113,0 23 113,0.0,23.73,7,0.5,113,0 61 70 78 87 104 113,0.0,30.36,10,0.385,113,0 23 27 32 36 95 99 104 108 113,0.0,32.37,40,0.351,113
cf57b6a6baeb421c8c180d5d98aa66c6,planar,cabinet,1,0.03,0.03,1,1.0,0,0,0.02,23.68,3,0.5,113,0 23 113,0.02,23.73,7,0.5,113,0 61 70 78 87 104 113,0.02,30.37,10,0.385,113,0 23 27 32 36 95 99 104 108 113,0.02,32.37,40,0.351,113
d06cf2129d36dec7a4f92840428bbcfc,planar,bench,1,0.0,0.0,1,1.0,0,0,0.0,23.67,3,0.5,113,0 23 113,0.0,23.73,7,0.5,113,0 61 70 78 87 104 113,0.0,30.36,10,0.385,113,0 23 27 32 36 95 99 104 108 113,0.0,32.37,40,0.351,113
d0ae223012be978a49a531253b5beabf,planar,bench,1,0.02,0.02,1,1.0,0,0,0.01,23.67,3,0.5,113,0 23 113,0.01,23.73,7,0.5,113,0 61 70 78 87 104 113,0.01,30.36,10,0.385,113,0 23 27 32 36 95 99 104 108 113,0.01,32.37,40,0.351,113
d0c3bf270f9e04eb362845c6edb57fc,planar,bathtub,2,0.04,0.04,1,1.0,0,0,0.04,26.73,3,0.5,0,0 68 113,0.04,35.04,4,0.286,0,0 9 17 113,0.04,32.14,8,0.308,0,0 5 9 59 68 72 81 113,0.04,32.43,42,0.368,0
d0cc83d6fded7f1cc98c13d6112727de,planar,bus,1,0.02,0.02,1,1.0,0,0,0.01,23.67,3,0.5,113,0 23 113,0.01,23.73,7,0.5,113,0 61 70 78 87 104 113,0.01,30.36,10,0.385,113,0 23 27 32 36 95 99 104 108 113,0.01,32.37,40,0.351,113
d1caf5fd22c6c5083892cfdb72a66fb4,planar,bench,1,0.02,0.02,1,1.0,0,0,0.02,23.67,3,0.5,0,0 23 113,0.02,23.73,7,0.5,0,0 61 70 78 87 104 113,0.02,30.36,10,0.385,0,0 23 27 32 36 95 99 104 108 113,0.02,32.37,40,0.351,0
d1f70630a6dd39ab5c3e3ca6678c6811,planar,bus,1,0.0,0.0,1,1.0,0,0,0.0,23.67,3,0.5,0,0 23 113,0.0,23.74,7,0.5,0,0 61 70 78 87 104 113,0.0,30.37,10,0.385,0,0 23 27 32 36 95 99 104 108 113,0.0,32.37,40,0.351,0
d2553e5fc4f1527cfeae521e94848af6,planar,loudspeaker,1,0.06,0.06,1,1.0,0,0,0.05,26.73,3,0.5,113,0 68 113,0.05,35.04,4,0.286,113,0 9 17 113,0.05,32.14,8,0.308,113,0 5 9 59 68 72 81 113,0.05,32.43,42,0.368,113
d26eb320ce4753d03ae1361afc45ac52,planar,train,1,0.0,0.0,1,1.0,0,0,0.0,23.67,3,0.5,0,0 23 113,0.0,23.73,7,0.5,0,0 61 70 78 87 104 113,0.0,30.36,10,0.385,0,0 23 27 32 36 95 99 104 108 113,0.0,32.37,40,0.351,0
d27d7e667c5ccd70cb2a965e75be701c,planar,bench,1,0.01,0.01,1,1.0,0,0,0.0,23.67,3,0.5,113,0 23 113,0.0,23.73,7,0.5,113,0 61 70 78 87 104 113,0.0,30.36,10,0.385,113,0 23 27 32 36 95 99 104 108 113,0.0,32.37,40,0.351,113
d2a511578a387365ede9471c962dd6ba,planar,bathtub,1,0.08,0.08,1,1.0,0,0,0.07,26.74,3,0.5,113,0 68 113,0.07,35.06,4,0.286,113,0 9 17 113,0.07,32.14,8,0.308,113,0 5 9 59 68 72 81 113,0.07,32.43,42,0.368,113
d2faf50d6d88dd0690baeef8ba5b93e5,planar,airplane,1,0.16,0.16,1,1.0,0,0,0.16,23.7,3,0.5,0,0 23 113,0.16,23.76,7,0.5,0,0 61 70 78 87 104 113,0.16,30.36,10,0.385,0,0 23 27 32 36 95 99 104 108 113,0.16,32.37,40,0.351,0
d3759f1bd6dc9652f51f77a6d7299806,planar,cabinet,1,0.02,0.02,1,1.0,0,0,0.01,23.67,3,0.5,113,0 23 113,0.01,23.73,7,0.5,113,0 61 70 78 87 104 113,0.01,30.37,10,0.385,113,0 23 27 32 36 95 99 104 108 113,0.01,32.37,40,0.351,113
d3bd250ca3cb8e29976855a35549333,planar,bag,2,0.03,0.03,1,1.0,0,0,0.02,12.58,4,0.667,113,0 23 68 113,0.02,14.83,9,0.643,113,0 9 17 61 70 78 87 104 113,0.02,16.83,16,0.615,113,0 5 9 23 27 32 36 59 68 72 81 95 99 104 108 113,0.02,17.27,72,0.632,113
d4c492d7076b1e6160eeb9e113ae7397,planar,skateboard,2,0.0,0.0,1,1.0,0,0,0.0,12.55,4,0.667,0,0 23 68 113,0.0,14.83,9,0.643,0,0 9 17 61 70 78 87 104 113,0.0,16.82,16,0.615,0,0 5 9 23 27 32 36 59 68 72 81 95 99 104 108 113,0.0,17.27,72,0.632,0
d599d283cc1d2615a7547743355554a7,planar,cabinet,1,0.0,0.0,1,1.0,0,0,0.0,23.68,3,0.5,113,0 23 113,0.0,23.74,7,0.5,113,0 61 70 78 87 104 113,0.0,30.37,10,0.385,113,0 23 27 32 36 95 99 104 108 113,0.0,32.37,40,0.351,113
d5ec4fb3e3a5ff31dd84b16d3edceb0b,planar,basket,2,0.02,0.02,1,1.0,0,0,0.01,12.56,4,0.667,113,0 23 68 113,0.01,14.83,9,0.643,113,0 9 17 61 70 78 87 104 113,0.01,16.82,16,0.615,113,0 5 9 23 27 32 36 59 68 72 81 95 99 104 108 113,0.01,17.27,72,0.632,113
d63a5fa4070c41c87b0af550cd1619e2,planar,stove,1,0.0,0.0,1,1.0,0,0,0.0,23.67,3,0.5,0,0 23 113,0.0,23.73,7,0.5,0,0 61 70 78 87 104 113,0.0,30.36,10,0.385,0,0 23 27 32 36 95 99 104 108 113,0.0,32.37,40,0.351,0
d6b3d8434fc41179db4c5469c0c1ba80,planar,dishwasher,1,0.0,0.0,1,1.0,0,0,0.0,23.67,3,0.5,0,0 23 113,0.0,23.73,7,0.5,0,0 61 70 78 87 104 113,0.0,30.36,10,0.385,0,0 23 27 32 36 95 99 104 108 113,0.0,32.37,40,0.351,0
d7de36db04c61722a52821bf1aa3b19a,planar,cap,1,0.53,0.53,1,1.0,0,0,0.52,23.99,3,0.5,113,0 23 113,0.52,23.84,7,0.5,113,0 61 70 78 87 104 113,0.52,30.49,10,0.385,113,0 23 27 32 36 95 99 104 108 113,0.52,32.38,39,0.342,113
d7ed512f7a7daf63772afc88105fa679,planar,cellular telephone,1,0.0,0.0,1,1.0,0,0,0.0,23.67,3,0.5,113,0 23 113,0.0,23.73,7,0.5,113,0 61 70 78 87 104 113,0.0,30.36,10,0.385,113,0 23 27 32 36 95 99 104 108 113,0.0,32.37,40,0.351,113
d8d89fb14672b3893321831d2245cf06,planar,bathtub,2,0.11,0.11,1,1.0,0,0,0.11,11.92,5,0.833,0,0 23 45 68 113,0.11,14.87,10,0.714,0,0 9 17 61 70 78 87 96 104 113,0.11,16.87,16,0.615,0,0 5 9 23 32 36 45 59 68 72 81 95 99 104 108 113,0.11,17.31,73,0.64,0
d8f6aaa777f0cd4f5a31d91ec836a511,planar,loudspeaker,1,0.0,0.0,1,1.0,0,0,0.0,23.67,3,0.5,0,0 23 113,0.0,23.73,7,0.5,0,0 61 70 78 87 104 113,0.0,30.36,10,0.385,0,0 23 27 32 36 95 99 104 108 113,0.0,32.37,40,0.351,0
d9543e5f16e6574a8e9a0e51a554788d,planar,clock,1,0.08,0.08,1,1.0,0,0,0.08,23.68,3,0.5,0,0 23 113,0.08,23.75,7,0.5,0,0 61 70 78 87 104 113,0.08,30.36,10,0.385,0,0 23 27 32 36 95 99 104 108 113,0.08,32.37,40,0.351,0
d9d1d7161c59786fb58d6ede2c134ee0,planar,bus,1,0.05,0.05,1,1.0,0,0,0.04,23.68,3,0.5,113,0 23 113,0.04,23.73,7,0.5,113,0 61 70 78 87 104 113,0.04,30.37,10,0.385,113,0 23 27 32 36 95 99 104 108 113,0.04,32.37,40,0.351,113
da92767c2e0fe6bad5067eac75a07f7,planar,bench,2,0.0,0.0,1,1.0,0,0,0.0,12.55,4,0.667,0,0 23 68 113,0.0,14.84,9,0.643,0,0 9 17 61 70 78 87 104 113,0.0,16.82,16,0.615,0,0 5 9 23 27 32 36 59 68 72 81 95 99 104 108 113,0.0,17.27,72,0.632,0
da9317e5776ed22b732bda87f2718525,planar,loudspeaker,1,0.02,0.02,1,1.0,0,0,0.02,23.66,3,0.5,113,0 23 113,0.02,23.72,7,0.5,113,0 61 70 78 87 104 113,0.02,30.36,10,0.385,113,0 23 27 32 36 95 99 104 108 113,0.02,32.37,40,0.351,113
dacf794f991fc0173e9b7c3ab7636200,planar,bathtub,1,0.07,0.07,1,1.0,0,0,0.06,26.73,3,0.5,113,0 68 113,0.06,35.05,4,0.286,113,0 9 17 113,0.06,32.14,8,0.308,113,0 5 9 59 68 72 81 113,0.06,32.43,42,0.368,113
dacfcd3de6bb08e4d2b12aa6a0f050b3,planar,bench,1,0.01,0.01,1,1.0,0,0,0.01,23.67,3,0.5,113,0 23 113,0.01,23.73,7,0.5,113,0 61 70 78 87 104 113,0.01,30.36,10,0.385,113,0 23 27 32 36 95 99 104 108 113,0.01,32.37,40,0.351,113
dafcdefea7e1445edce1af5c27e3da18,planar,basket,2,0.63,0.63,1,1.0,0,0,0.24,12.91,4,0.667,113,0 23 68 113,0.24,14.87,10,0.714,113,0 9 17 26 61 70 78 87 104 113,0.09,16.82,16,0.615,108,0 5 9 23 27 32 36 59 68 72 81 95 99 104 108 113,0.09,17.27,72,0.632,108
db4aeb6354f5bd0dd4d8765e3910f617,planar,bench,2,0.0,0.0,1,1.0,0,0,0.0,12.55,4,0.667,0,0 23 68 113,0.0,14.83,9,0.643,0,0 9 17 61 70 78 87 104 113,0.0,16.82,16,0.615,0,0 5 9 23 27 32 36 59 68 72 81 95 99 104 108 113,0.0,17.27,72,0.632,0
db4c8bf323465e4c537d393009a79347,planar,skateboard,2,0.01,0.01,1,1.0,0,0,0.01,12.55,4,0.667,0,0 23 68 113,0.01,14.83,9,0.643,0,0 9 17 61 70 78 87 104 113,0.01,16.82,16,0.615,0,0 5 9 23 27 32 36 59 68 72 81 95 99 104 108 113,0.01,17.27,72,0.632,0
db90e043486f216ead1d87becf13ddd9,planar,loudspeaker,3,0.0,0.0,1,1.0,0,0,0.0,10.89,5,0.833,0,0 23 45 68 113,0.0,9.26,11,0.786,0,0 9 17 43 52 61 70 78 87 104 113,0.0,11.82,21,0.808,0,0 5 9 23 27 32 36 41 45 50 54 59 63 68 72 81 95 99 104 108 113,0.0,12.15,92,0.807,0
dbb5cc73da4780feed98cca8f0ccd5f7,planar,bench,1,0.0,0.0,1,1.0,0,0,0.0,23.67,3,0.5,0,0 23 113,0.0,23.73,7,0.5,0,0 61 70 78 87 104 113,0.0,30.36,10,0.385,0,0 23 27 32 36 95 99 104 108 113,0.0,32.37,40,0.351,0
dc4857179ccd30ad5067eac75a07f7,planar,bench,1,0.02,0.02,1,1.0,0,0,0.01,23.67,3,0.5,113,0 23 113,0.01,23.73,7,0.5,113,0 61 70 78 87 104 113,0.01,30.37,10,0.385,113,0 23 27 32 36 95 99 104 108 113,0.01,32.37,40,0.351,113
dc52131684ed9cbbfe4a8257a424ee86,planar,bag,1,0.01,0.01,1,1.0,0,0,0.0,23.67,3,0.5,113,0 23 113,0.0,23.73,7,0.5,113,0 61 70 78 87 104 113,0.0,30.36,10,0.385,113,0 23 27 32 36 95 99 104 108 113,0.0,32.37,40,0.351,113
dca4c8bdab8bdfe739e1d6694e046e01,planar,cabinet,1,0.02,0.02,1,1.0,0,0,0.02,23.67,3,0.5,0,0 23 113,0.02,23.73,7,0.5,0,0 61 70 78 87 104 113,0.02,30.36,10,0.385,0,0 23 27 32 36 95 99 104 108 113,0.02,32.37,40,0.351,0
dcb9a62d5ef76f389da15808191f1405,planar,skateboard,2,0.0,0.0,1,1.0,0,0,0.0,12.55,4,0.667,0,0 23 68 113,0.0,14.83,9,0.643,0,0 9 17 61 70 78 87 104 113,0.0,16.82,16,0.615,0,0 5 9 23 27 32 36 59 68 72 81 95 99 104 108 113,0.0,17.27,72,0.632,0
dd2a4c416625f29c4f57a7ededfb3bde,planar,loudspeaker,1,0.03,0.03,1,1.0,0,0,0.02,26.66,3,0.5,113,0 68 113,0.02,34.88,4,0.286,113,0 9 17 113,0.02,32.13,8,0.308,113,0 5 9 59 68 72 81 113,0.02,32.43,42,0.368,113
dd4cb99f1f210b196e25f3efedf6785f,planar,dishwasher,1,2.02,2.02,1,1.0,0,0,2.02,24.94,3,0.5,0,0 23 113,1.93,23.44,8,0.571,70,0 61 70 78 87 96 104 113,2.02,30.67,10,0.385,0,0 23 27 32 36 95 99 104 108 113,0.4,32.43,40,0.351,19
dd932656e7f1d74452470de2774d6099,planar,bus,1,0.04,0.04,1,1.0,0,0,0.04,23.67,3,0.5,0,0 23 113,0.04,23.74,7,0.5,0,0 61 70 78 87 104 113,0.04,30.36,10,0.385,0,0 23 27 32 36 95 99 104 108 113,0.04,32.37,40,0.351,0
de30133b2550826647d37c7945792fff,planar,cabinet,1,0.0,0.0,1,1.0,0,0,0.0,23.67,3,0.5,0,0 23 113,0.0,23.73,7,0.5,0,0 61 70 78 87 104 113,0.0,30.36,10,0.385,0,0 23 27 32 36 95 99 104 108 113,0.0,32.37,40,0.351,0
de3b9b253e8f1aaf8b15c58b209760b5,planar,earphone,1,0.16,0.16,1,1.0,0,0,0.15,26.75,3,0.5,113,0 68 113,0.15,35.08,4,0.286,113,0 9 17 113,0.15,32.15,8,0.308,113,0 5 9 59 68 72 81 113,0.15,32.43,42,0.368,113
de519752147a225032387cdb9b2a84d5,planar,airplane,1,0.0,0.0,1,1.0,0,0,0.0,23.67,3,0.5,0,0 23 113,0.0,23.73,7,0.5,0,0 61 70 78 87 104 113,0.0,30.36,10,0.385,0,0 23 27 32 36 95 99 104 108 113,0.0,32.37,40,0.351,0
de65da5cdc92b4aebc0909d98a1ff2b4,planar,airplane,1,0.0,0.0,1,1.0,0,0,0.0,23.67,3,0.5,113,0 23 113,0.0,23.73,7,0.5,113,0 61 70 78 87 104 113,0.0,30.36,10,0.385,113,0 23 27 32 36 95 99 104 108 113,0.0,32.37,40,0.351,113
de68b68a234de1a0ea2f8efb8b3faa3,planar,loudspeaker,1,0.01,0.01,1,1.0,0,0,0.0,23.66,3,0.5,113,0 23 113,0.0,23.72,7,0.5,113,0 61 70 78 87 104 113,0.0,30.36,10,0.385,113,0 23 27 32 36 95 99 104 108 113,0.0,32.37,40,0.351,113
decbc541efe459a742f1242fa6dff2cf,planar,cellular telephone,1,0.34,0.34,1,1.0,0,0,0.34,23.97,3,0.5,0,0 23 113,0.34,23.78,8,0.571,0,0 61 70 78 87 96 104 113,0.1,30.43,10,0.385,108,0 23 27 32 36 95 99 104 108 113,0.1,32.38,40,0.351,108
df67f38c55e4dd0b3321831d2245cf06,planar,bathtub,2,0.01,0.01,1,1.0,0,0,0.0,12.61,4,0.667,113,0 23 68 113,0.0,14.86,9,0.643,113,0 9 17 61 70 78 87 104 113,0.0,16.85,16,0.615,113,0 5 9 23 27 32 36 59 68 72 81 95 99 104 108 113,0.0,17.3,71,0.623,113
dfacef652f7f414e4b88ac4b14fcb8bf,planar,bus,1,0.13,0.13,1,1.0,0,0,0.13,23.73,3,0.5,113,0 23 113,0.13,23.74,7,0.5,113,0 61 70 78 87 104 113,0.13,30.39,10,0.385,113,0 23 27 32 36 95 99 104 108 113,0.13,32.37,40,0.351,113
e02ea2b2d926095aeee40229e2e3ae1e,planar,train,1,0.02,0.02,1,1.0,0,0,0.01,23.67,3,0.5,113,0 23 113,0.01,23.73,7,0.5,113,0 61 70 78 87 104 113,0.01,30.37,10,0.385,113,0 23 27 32 36 95 99 104 108 113,0.01,32.37,40,0.351,113
e0393e80702d9a698cbb8bac2032149c,planar,cabinet,1,0.0,0.0,1,1.0,0,0,0.0,23.67,3,0.5,0,0 23 113,0.0,23.73,7,0.5,0,0 61 70 78 87 104 113,0.0,30.36,10,0.385,0,0 23 27 32 36 95 99 104 108 113,0.0,32.37,40,0.351,0
e143d40f9df57d92288d8f1144f7979f,planar,helmet,1,0.32,0.32,1,1.0,0,0,0.32,23.75,3,0.5,0,0 23 113,0.32,23.81,7,0.5,0,0 61 70 78 87 104 113,0.08,30.36,10,0.385,108,0 23 27 32 36 95 99 104 108 113,0.08,32.38,40,0.351,108
e175f500370eb8f9561dce3fe08634b7,planar,guitar,1,0.37,0.37,1,1.0,0,0,0.37,23.77,3,0.5,0,0 23 113,0.37,23.83,7,0.5,0,0 61 70 78 87 104 113,0.06,30.37,11,0.423,108,0 5 23 27 32 36 95 99 104 108 113,0.06,32.38,41,0.36,108
e1838a13ace989545de21284bb515a83,planar,bag,2,0.0,0.0,1,1.0,0,0,0.0,12.55,4,0.667,0,0 23 68 113,0.0,14.83,9,0.643,0,0 9 17 61 70 78 87 104 113,0.0,16.82,16,0.615,0,0 5 9 23 27 32 36 59 68 72 81 95 99 104 108 113,0.0,17.27,72,0.632,0
e20a4db61eb83e2cac27179ae57fd682,planar,file,1,0.0,0.0,1,1.0,0,0,0.0,23.67,3,0.5,0,0 23 113,0.0,23.73,7,0.5,0,0 61 70 78 87 104 113,0.0,30.36,10,0.385,0,0 23 27 32 36 95 99 104 108 113,0.0,32.37,40,0.351,0
e28f8467945b5d526070f6b7b2547ecc,planar,bench,1,0.01,0.01,1,1.0,0,0,0.0,23.67,3,0.5,113,0 23 113,0.0,23.73,7,0.5,113,0 61 70 78 87 104 113,0.0,30.36,10,0.385,113,0 23 27 32 36 95 99 104 108 113,0.0,32.37,40,0.351,113
e2d06603fba3bf3310af74324aae27f,planar,cabinet,2,0.0,0.0,1,1.0,0,0,0.0,12.55,4,0.667,0,0 23 68 113,0.0,14.83,9,0.643,0,0 9 17 61 70 78 87 104 113,0.0,16.82,16,0.615,0,0 5 9 23 27 32 36 59 68 72 81 95 99 104 108 113,0.0,17.27,72,0.632,0
e2de47fd0e63a280490ad276cd2af3a4,planar,cabinet,1,0.0,0.0,1,1.0,0,0,0.0,23.67,3,0.5,0,0 23 113,0.0,23.73,7,0.5,0,0 61 70 78 87 104 113,0.0,30.36,10,0.385,0,0 23 27 32 36 95 99 104 108 113,0.0,32.37,40,0.351,0
e38201d0af98e566ba85a673915bd3d,planar,motorcycle,1,0.26,0.26,1,1.0,0,0,0.26,23.67,3,0.5,0,0 23 113,0.26,23.74,7,0.5,0,0 61 70 78 87 104 113,0.0,30.34,11,0.423,108,0 5 23 27 32 36 95 99 104 108 113,0.0,32.37,41,0.36,108
e3bae8da192ab3d4a17ae19fa77775ff,planar,basket,1,0.0,0.0,1,1.0,0,0,0.0,23.67,3,0.5,0,0 23 113,0.0,23.73,7,0.5,0,0 61 70 78 87 104 113,0.0,30.36,10,0.385,0,0 23 27 32 36 95 99 104 108 113,0.0,32.37,40,0.351,0
e408c939829d0353a6490b68274665e,planar,cabinet,1,0.02,0.02,1,1.0,0,0,0.01,23.67,3,0.5,113,0 23 113,0.01,23.72,7,0.5,113,0 61 70 78 87 104 113,0.01,30.36,10,0.385,113,0 23 27 32 36 95 99 104 108 113,0.01,32.37,40,0.351,113
e4cbd9d5a9c5b7d241cefd10ce5d6cc0,planar,bus,1,0.03,0.03,1,1.0,0,0,0.03,23.67,3,0.5,0,0 23 113,0.03,23.73,7,0.5,0,0 61 70 78 87 104 113,0.03,30.36,10,0.385,0,0 23 27 32 36 95 99 104 108 113,0.03,32.37,40,0.351,0
e55f19a6d411966c6bf2e668f01c16f7,planar,bench,1,0.01,0.01,1,1.0,0,0,0.0,23.67,3,0.5,113,0 23 113,0.0,23.73,7,0.5,113,0 61 70 78 87 104 113,0.0,30.36,10,0.385,113,0 23 27 32 36 95 99 104 108 113,0.0,32.37,40,0.351,113
e57aa404a000df88d5d4532c6bb4bd2b,planar,camera,1,0.16,0.16,1,1.0,0,0,0.15,23.76,3,0.5,113,0 23 113,0.15,23.76,7,0.5,113,0 61 70 78 87 104 113,0.15,30.4,10,0.385,113,0 23 27 32 36 95 99 104 108 113,0.15,32.38,40,0.351,113
e5d292b873af06b24c7ef5f59a6ea23a,planar,train,1,1.51,1.51,1,1.0,0,0,1.5,24.35,3,0.5,113,0 23 113,1.5,23.82,7,0.5,113,0 61 70 78 87 104 113,0.79,30.62,10,0.385,36,0 23 27 32 36 95 99 104 108 113,0.54,32.39,40,0.351,112
e5deab6728f237a6fc7703ebafc3f082,planar,loudspeaker,1,0.18,0.18,1,1.0,0,0,0.18,23.39,3,0.5,0,0 23 113,0.18,23.53,7,0.5,0,0 61 70 78 87 104 113,0.04,30.36,11,0.423,108,0 5 23 27 32 36 95 99 104 108 113,0.04,32.38,41,0.36,108
e696c5d9b42ff5a0fe52ffd0e748a1ab,planar,bathtub,1,0.19,0.19,1,1.0,0,0,0.18,26.74,3,0.5,113,0 68 113,0.18,35.07,4,0.286,113,0 9 17 113,0.18,32.15,8,0.308,113,0 5 9 59 68 72 81 113,0.18,32.43,42,0.368,113
e6fa4d02d2df5a9b1bb46d2556ba67d,planar,vessel,1,0.01,0.01,1,1.0,0,0,0.0,23.67,3,0.5,113,0 23 113,0.0,23.73,7,0.5,113,0 61 70 78 87 104 113,0.0,30.36,10,0.385,113,0 23 27 32 36 95 99 104 108 113,0.0,32.37,40,0.351,113
e70ce62b41a598dba48aee3bc134fbf8,planar,cellular telephone,1,0.01,0.01,1,1.0,0,0,0.0,23.67,3,0.5,113,0 23 113,0.0,23.73,7,0.5,113,0 61 70 78 87 104 113,0.0,30.36,10,0.385,113,0 23 27 32 36 95 99 104 108 113,0.0,32.37,40,0.351,113
e73d23dbd069877f4da5feafe6f1c8fc,planar,bag,1,0.0,0.0,1,1.0,0,0,0.0,23.67,3,0.5,113,0 23 113,0.0,23.73,7,0.5,113,0 61 70 78 87 104 113,0.0,30.36,10,0.385,113,0 23 27 32 36 95 99 104 108 113,0.0,32.37,40,0.351,113
e7934a1982f37a695c37515681ce1368,planar,train,1,0.0,0.0,1,1.0,0,0,0.0,23.67,3,0.5,0,0 23 113,0.0,23.73,7,0.5,0,0 61 70 78 87 104 113,0.0,30.36,10,0.385,0,0 23 27 32 36 95 99 104 108 113,0.0,32.37,40,0.351,0
e7c330f4c4421dbb24e49a3e82c3d033,planar,skateboard,2,0.03,0.03,1,1.0,0,0,0.03,12.57,4,0.667,0,0 23 68 113,0.03,14.61,9,0.643,0,0 9 17 61 70 78 87 104 113,0.03,16.85,16,0.615,0,0 5 9 23 27 32 36 59 63 68 72 95 99 104 108 113,0.03,17.24,70,0.614,55
e8039f73cf912ff5e8c69fd29511206a,planar,bag,1,0.01,0.01,1,1.0,0,0,0.01,23.66,3,0.5,0,0 23 113,0.01,23.73,7,0.5,0,0 61 70 78 87 104 113,0.01,30.36,10,0.385,0,0 23 27 32 36 95 99 104 108 113,0.01,32.37,40,0.351,0
e878e519af882f493fc48162942e3418,planar,loudspeaker,1,0.01,0.01,1,1.0,0,0,0.0,23.68,3,0.5,113,0 23 113,0.0,23.74,7,0.5,113,0 61 70 78 87 104 113,0.0,30.37,10,0.385,113,0 23 27 32 36 95 99 104 108 113,0.0,32.37,40,0.351,113
e8838770de9a6e4595feea036c244c98,planar,stove,1,0.01,0.01,1,1.0,0,0,0.0,23.67,3,0.5,113,0 23 113,0.0,23.73,7,0.5,113,0 61 70 78 87 104 113,0.0,30.36,10,0.385,113,0 23 27 32 36 95 99 104 108 113,0.0,32.37,40,0.351,113
e90e27c3020d25dd76bb31db0358e9c6,planar,bag,2,0.28,0.28,1,1.0,0,0,0.1,13.06,4,0.667,113,0 23 68 113,0.1,14.69,9,0.643,113,0 9 17 61 70 78 87 104 113,0.1,16.84,16,0.615,113,0 5 9 23 27 32 36 59 68 72 81 95 99 104 108 113,0.1,17.26,71,0.623,113
e941e1929bdc87d5ad876645af0395fd,planar,bench,1,0.0,0.0,1,1.0,0,0,0.0,23.67,3,0.5,0,0 23 113,0.0,23.73,7,0.5,0,0 61 70 78 87 104 113,0.0,30.36,10,0.385,0,0 23 27 32 36 95 99 104 108 113,0.0,32.37,40,0.351,0
e9dd4e42bc49b8c230a8c472227cd05e,planar,train,1,0.01,0.01,1,1.0,0,0,0.0,23.66,3,0.5,113,0 23 113,0.0,23.72,7,0.5,113,0 61 70 78 87 104 113,0.0,30.36,10,0.385,113,0 23 27 32 36 95 99 104 108 113,0.0,32.37,40,0.351,113
ea7d44b28bd22258f5ec01c1dd7b80e,planar,loudspeaker,1,0.02,0.02,1,1.0,0,0,0.02,23.67,3,0.5,0,0 23 113,0.02,23.73,7,0.5,0,0 61 70 78 87 104 113,0.02,30.36,10,0.385,0,0 23 27 32 36 95 99 104 108 113,0.02,32.37,40,0.351,0
ea885955cb82b3cee074faa875b76f82,planar,earphone,2,0.0,0.0,1,1.0,0,0,0.0,12.55,4,0.667,0,0 23 68 113,0.0,14.83,9,0.643,0,0 9 17 61 70 78 87 104 113,0.0,16.82,16,0.615,0,0 5 9 23 27 32 36 59 68 72 81 95 99 104 108 113,0.0,17.27,72,0.632,0
