object_id,tipo_simetria,nombre_categoria,idx_elemento,ux,uy,uz,elevacion_dir_deg,eje_mundo_cercano,ang_a_eje_mundo_deg,angles
10433e5bd8fa2a337b00c7b93209c459,axial,pot,0,0.75718,0.64108,0.12527,39.87,X,40.78,180 36 72 90
10e72272bc46378a2c59a4d90e63212,axial,pot,0,-0.7845,0.02798,0.6195,1.6,X,38.33,72 36 180
10f709cecfbb8d59c2536abb1e8e5eab,axial,bottle,0,-0.87412,-0.43042,0.22508,25.49,X,29.06,180 90 45 60 120
114509277e76e413c8724d5673a063a6,axial,bottle,0,0.38456,0.88039,-0.27755,61.69,Y,28.31,60 90 45 180 120
11547e8d8f143557525b133235812833,axial,bowl,0,0.96891,-0.04426,-0.24341,2.54,X,14.32,45 180 90 60 120
12aa829de18f4e6ad5cb6d178687b980,axial,lamp,0,-0.33511,-0.53998,0.77209,32.68,Z,39.46,90 180 45 60 120 36 40 72
12b90995b3054ea3a2c59a4d90e63212,axial,pot,0,0.33751,0.64887,0.68195,40.46,Z,47.0,180
12dd2b962777328551014c684c004c28,axial,lamp,0,-0.29774,-0.46632,0.83301,27.8,Z,33.59,180 90
1349b2169a97a0ff54e1b6f41fdd78a,axial,bottle,0,0.07012,-0.89444,-0.44165,63.44,Y,26.56,120 60 45 180 90 40 36 72
134c723696216addedee8d59893c8633,axial,bottle,0,-0.60384,-0.49101,0.62792,29.41,Z,51.1,45 60 90 120
13544f09512952bbc9273c10871e1c3d,axial,bottle,0,0.83965,-0.18531,0.51054,10.68,X,32.9,90 45 180 60 120
13ba3fbe8fbc53f3ef3a2c64cef919d0,axial,lamp,0,0.25337,0.84922,-0.46328,58.13,Y,31.87,72 36 180 60 120 40 45 90
13c127aad3fc8e6af51fa0238791f5dc,axial,lamp,0,-0.24094,-0.65335,-0.71769,40.79,Z,44.14,180 60 120 40
13d991326c6e8b14fce33f1a52ee07f2,axial,bottle,0,0.69548,0.48413,0.53096,28.96,X,45.93,60 90 120 45 180
14a49c2b9f46faa04d6ef9ab90177563,axial,ashcan,0,0.98024,0.16528,-0.10866,9.51,X,11.41,90 45 60 120 180
14adee7ed296842c874073279cad6d18,axial,bottle,0,0.35726,0.85775,0.36963,59.06,Y,30.94,45 60 90 120 180 40 36 72
14c84c76c927fb282cd2160e449d45ae,axial,lamp,0,0.36146,-0.25494,-0.89686,14.77,Z,26.25,60 120 180 90 40 36 72 45
150108e481b52e41bfeb5b5bfc3dfc3b,axial,bottle,0,0.9869,0.07236,0.14422,4.15,X,9.29,45 90 60 180 120
15211f5ea7c7432686c701087a194026,axial,lamp,0,-0.48171,-0.38986,-0.78483,22.95,Z,38.29,180
152ecc698f56f89de499b3a7593b4ee7,axial,pot,0,0.15371,-0.98435,0.08623,79.85,Y,10.15,120 60 90 45 180
15332cc15b3de2e7a4ee05a5737b7178,axial,lamp,0,-0.88713,-0.05755,-0.45792,3.3,X,27.49,45 120 90 60 180 40 36 72
154ab09c67b9d04fb4971a63df4b1d36,axial,bowl,0,0.0099,-0.1758,-0.98438,10.13,Z,10.14,120 45 60 90 180
15787789482f045d8add95bf56d3d2fa,axial,bottle,0,0.23835,0.96994,0.04908,75.92,Y,14.08,120 60 90 45 180
16258409337ee2914a200f5f1797d729,axial,lamp,0,0.19495,-0.5665,0.80067,34.51,Z,36.81,180 60 90 45 120 40 36 72
169d73f18f7b17bb4a6ecce2eeb45768,axial,lamp,0,-0.62168,0.49034,0.61081,29.36,X,51.56,120
1732f2d2119b9adc72652f4081ec5a77,axial,pot,0,0.18156,0.97958,0.08639,78.4,Y,11.6,45 60 90 120 180
181d2b693d7ab89457a48b78ff77644d,axial,lamp,0,0.87491,-0.37371,-0.30803,21.94,X,28.97,45 60 90 120 180 40 36 72
18387bda93f1b17e36b0f2a1430e993a,axial,pot,0,0.26891,0.7086,0.65236,45.12,Y,44.88,180
185e37856f55b2c4e9aa07397ea1cf8d,axial,lamp,0,-0.65903,0.27806,0.69883,16.14,Z,45.67,120 90 45 180 60 40 36 72
188281000adddc9977981b941eb4f5d1,axial,bowl,0,0.62492,0.47659,-0.61833,28.46,X,51.32,120 60 45 180 90
194f4eb1707aaf674c8b72e8da0e65c5,axial,bottle,0,-0.45047,0.75387,0.47829,48.93,Y,41.07,60 180 45 120 90
199273d17414e77ca553fc23769e6051,axial,lamp,0,0.30588,0.10692,-0.94605,6.14,Z,18.91,180 90
19d4c28ca3da609a5beaf00da5b709c2,axial,lamp,0,-0.39997,0.25527,-0.88026,14.79,Z,28.33,180
1a963b28c5520cc737b2bb75885cfc44,axial,lamp,0,-0.73355,0.55726,0.38906,33.87,X,42.82,180
1a9c1cbf1ca9ca24274623f5a5d0bcdc,axial,lamp,0,-0.90742,-0.14093,0.39588,8.1,X,24.85,120 60 45 90 180
1ae823260851f7d9ea600d1a6d9f6e07,axial,bottle,0,-0.7688,0.55186,-0.3231,33.49,X,39.75,90 120 45 60 180
1af2b0b5ca59c8d8a4136492f17b9a59,axial,pot,0,0.47544,0.85311,0.21482,58.55,Y,31.45,90 180
1b121101806758e4f9aec59741c69cf7,axial,pot,0,-0.27422,-0.62057,-0.73464,38.36,Z,42.72,60 120 45 90 180
1b35500ce44ae7e344b6d51c32a5873f,axial,lamp,0,-0.37587,-0.58341,0.71997,35.69,Z,43.95,180
1b4d7803a3298f8477bdcb8816a3fac9,axial,bowl,0,0.45922,-0.55857,0.69074,33.96,Z,46.31,60 90 45 120 180
1b64b36bf7ddae3d7ad11050da24bb12,axial,bottle,0,-0.16756,0.92481,-0.34154,67.64,Y,22.36,180 90 120 45 60
1bb465b8f22315d1116f219d90a571c2,axial,lamp,0,-0.35377,0.72875,-0.58632,46.78,Y,43.22,90 180
1c38ca26c65826804c35e2851444dc2f,axial,bottle,0,0.16647,-0.60416,0.77928,37.17,Z,38.81,45 60 120 180 90
1cb574d3f22f63ebd493bfe20f94b6ab,axial,ashcan,0,0.53178,-0.83894,0.11572,57.03,Y,32.97,180 90 60 45 120
1ce6fb24e634d5962a510b8f97c658e,axial,lamp,0,-0.3918,0.4004,0.82835,23.6,Z,34.07,45 60 90 120 36 40 72 180
1cf98e5b6fff5471c8724d5673a063a6,axial,bottle,0,0.45272,-0.70972,0.53977,45.21,Y,44.79,180 60 45 120 90
1d2c2f3f398fe0ede6597d391ab6fcc1,axial,lamp,0,0.14876,-0.35715,-0.92212,20.93,Z,22.76,120 60 180
1d4480abe9aa45ce51a99c0e19a8a54,axial,bottle,0,0.58845,-0.38882,-0.70891,22.88,Z,44.85,120 60 45 180 90
1df41477bce9915e362078f6fc3b29f5,axial,bottle,0,0.30175,0.23526,0.9239,13.61,Z,22.5,120 45 60 90 180 40 36 72
1e5abf0465d97d826118a17db9de8c0,axial,bottle,0,0.80249,0.59272,0.06847,36.35,X,36.63,45
1e5e1ff56c27c0d2adc5f5aafedb1c38,axial,lamp,0,-0.14704,0.93562,0.32094,69.33,Y,20.67,180 45 90 60 120 40 36 72
1ef68777bfdb7d6ba7a07ee616e34cd7,axial,bottle,0,-0.07825,-0.07876,-0.99382,4.52,Z,6.37,120 60 45 90 180
1f30b28f2dfe65a21735ea0e092a805a,axial,lamp,0,-0.37406,-0.65318,-0.65835,40.78,Z,48.83,180 60 120 45 90 40 36 72
1fbb9f70d081630e638b4be15b07b442,axial,bowl,0,-0.91871,0.11529,-0.37774,6.62,X,23.26,45 60 90 120 180
1ffd7113492d375593202bf99dddc268,axial,bottle,0,0.47542,-0.01657,-0.8796,0.95,Z,28.41,180 90 45 60 120
204c2b0a5e0a0ac3efd4121045846f28,axial,bottle,0,-0.46145,0.02531,-0.8868,1.45,Z,27.53,180
20d36ce3148091c5764b5e62529f6d7e,axial,lamp,0,0.33651,0.26047,-0.90494,15.1,Z,25.18,120 45 180 90 60 40 36 72
216adefa94f25d7968a3710932407607,axial,bottle,0,-0.6499,0.26973,0.71055,15.65,Z,44.72,180 60 36 40 72 45 90 120
21a4556c02678fd7e59f529cd1b6faa8,axial,lamp,0,0.36011,0.03486,-0.93226,2.0,Z,21.21,180 45 60 90 120 40 36 72
21bca6a33809c7f26f2deb6dd348d3c7,axial,lamp,0,0.21571,0.56433,0.79687,34.36,Z,37.17,60 120 180
22249179e88b0502846564a8a219239b,axial,bottle,0,-0.74062,-0.19123,0.64414,11.02,X,42.22,120 60 45 90 180
225d046d8f798afacba9caf4d254cef0,axial,bottle,0,-0.06823,-0.56815,-0.82009,34.62,Z,34.91,60 120 90 180 45
22d18e34097ec57a80b49bbcfa357c86,axial,bottle,0,-0.10966,0.88921,0.44417,62.77,Y,27.23,45 90 180
22f7580ee1819eb7fc435963bd99e667,axial,ashcan,0,0.66486,-0.72592,0.1761,46.55,Y,43.45,60 45 120 90 180
23040992da19679aaa7cb30470f3273c,axial,lamp,0,0.77556,0.39365,0.49351,23.18,X,39.14,90 180
23c2a637319a07b425ebd1cd0b422e32,axial,pot,0,-0.42587,0.4666,-0.77519,27.81,Z,39.18,120 180 60 90
24907349b2323824664b3b9b23ddfcbc,axial,bowl,0,0.4923,-0.10076,-0.86457,5.78,Z,30.17,180 120 45 60 90
24bc34cdce868610346ed9821e11e90,axial,pot,0,-0.79621,-0.43603,-0.41944,25.85,X,37.23,90 45 60 180 120
24feb92770933b1663995fb119e59971,axial,bottle,0,-0.80994,0.44525,0.38177,26.44,X,35.91,90 120 45 60 180 40 36
257cd060f1947fd336b0f2a1430e993a,axial,pot,0,-0.89542,-0.44406,0.03212,26.36,X,26.44,45 60 90 180 120
25b8ed5b02f07b6cbcfad79fc308fa6d,axial,bottle,0,0.96322,0.15747,0.21773,9.06,X,15.59,180 90 45 60 120
25bd069704996e073225afab722d9fd2,axial,lamp,0,-0.91236,-0.40234,-0.07569,23.72,X,24.17,45 90 60 120 180 40 36
2618100a5821a4d847df6165146d5bbd,axial,bottle,0,0.6668,0.41383,-0.61978,24.45,X,48.18,45 90 120 60 180 40 36
263e56f24d3973216fe9ca24e0c157f,axial,pot,0,-0.40382,-0.70195,0.58668,44.58,Y,45.42,90 120 45 180 60
26d761549dcc3c61a1b5ceeca96f6fbc,axial,lamp,0,-0.29267,0.18683,0.93778,10.77,Z,20.32,45 90 180 60 120 40 36 72
26e6dc505f376ceee6597d391ab6fcc1,axial,lamp,0,0.61389,0.78567,-0.07655,51.78,Y,38.22,120
27436a813a1abe835836c728d324152,axial,lamp,0,0.91152,0.36209,0.19499,21.23,X,24.28,180 60 90 45 120 40 36 72
27b9f07da9217c89ef026123226f5519,axial,bottle,0,0.2083,0.73328,-0.64723,47.16,Y,42.84,180 120 60 90 45 40 36 72
28210d460a79e323322123314d92e1d,axial,lamp,0,0.12479,0.63063,-0.76599,39.1,Z,40.01,120
284986b4c72d624abd73284bc3c3cbac,axial,lamp,0,0.73418,0.67885,-0.0119,42.75,X,42.76,180
28859f582ed2c8a0f99b89f8ef639ae3,axial,pot,0,-0.37084,0.87387,-0.31438,60.91,Y,29.09,60 120 180 45 90
289b2ca2562277a9ca3fbd0e4ec160a5,axial,bottle,0,0.29766,-0.72488,0.62125,46.46,Y,43.54,90 60 180 120 45
28d35fb9035fcbfffd5c9a0fa28996b4,axial,lamp,0,0.75224,0.10088,0.65112,5.79,X,41.21,90 180 45 60 120 40 36 72
28d39c9673775f601a3b47d6d0918049,axial,pot,0,0.33163,-0.2803,0.90081,16.28,Z,25.74,60 45 90 120 180
292d2dda9923752f3e275dc4ab785b9f,axial,bowl,0,0.76498,-0.61148,-0.20223,37.7,X,40.1,90 45 60 180 120
295ba9410657325f9d7f638b2b2e0564,axial,lamp,0,-0.80365,-0.58846,-0.0887,36.05,X,36.52,180
2976131e4621231655bf395569b6fd5,axial,bottle,0,0.8187,0.37043,-0.43876,21.74,X,35.04,45 60 90 120
297d929269bb62da43fdcbcacbbed64c,axial,lamp,0,0.8454,0.53312,-0.03291,32.22,X,32.29,45 90 180
29cad22b0fc6c9985f16c469ffeb982e,axial,bottle,0,0.57535,0.14113,0.80564,8.11,Z,36.33,180 45 60 120 90
2a1e9b5c0cead676b8183a4a81361b94,axial,bowl,0,-0.28301,0.95839,-0.03738,73.41,Y,16.59,180 60 120 90
2a9817a43c5b3983bb13793251b29587,axial,bottle,0,0.42753,-0.90164,-0.06539,64.37,Y,25.63,36 72 90 40 180 45 60 120
2ac3b0a04514988e8c451c71f65d5dec,axial,lamp,0,-0.18512,0.94338,-0.27526,70.63,Y,19.37,45 60 90 120 180 40 36 72
2bbd2b37776088354e23e9314af9ae57,axial,bottle,0,-0.6299,0.67547,-0.38337,42.49,Y,47.51,45 60 90 120 180
2c1df84ec01cea4e525b133235812833,axial,bowl,0,0.95508,0.24896,0.16074,14.42,X,17.24,45 90 180 60 120
2c5fd15998b6f8b996716aabcb2fff20,axial,bottle,0,0.41549,0.90851,0.04456,65.3,Y,24.7,45 90 120 60 180
2ceeb17225f4e460d493bfe20f94b6ab,axial,lamp,0,-0.13087,0.98191,0.13688,79.08,Y,10.92,45 120 60 90 180 40 36 72
2d2c419136447fe667964ba700cd97f5,axial,bowl,0,0.03516,0.7964,0.60374,52.79,Y,37.21,180 45 60 120 90
2d890efbb22ef27d72652f4081ec5a77,axial,pot,0,-0.6466,0.66986,-0.36495,42.06,Y,47.94,45 60 120 180 90
2d912be96504cb8cd5473a45f1da0225,axial,bottle,0,0.44583,0.89123,0.08328,63.03,Y,26.97,60 180 120 45 90
2da9d9bea10d936e23c0d2e0152e91b5,axial,lamp,0,0.24572,0.77931,-0.57645,51.2,Y,38.8,45 60 90 120 180 40 36 72
2db802ef3de3d00618a36258eabc2b9c,axial,bottle,0,-0.62624,-0.72604,-0.28407,46.56,Y,43.44,60 120 180
2e3679df6678e8776908456c5f4ff3f3,axial,lamp,0,-0.32012,-0.84466,-0.42903,57.64,Y,32.36,90 180 45 60 40 120 36 72
2e5a58c43539442a6858978be907b0c1,axial,lamp,0,-0.81285,-0.53443,0.23166,32.31,X,35.62,90 180
2eba1ad799a00142938c8d9daf9b36f6,axial,bottle,0,-0.11702,0.86033,-0.49612,59.35,Y,30.65,120 180 45 90 60
2ed7e410931f984cd59517820ada1bea,axial,lamp,0,0.0604,0.09594,0.99355,5.51,Z,6.51,120 36 60 40 72 90 45 180
2ed8dcef657845be4a8e02787dff638e,axial,lamp,0,-0.65964,-0.1299,-0.74027,7.46,Z,42.25,180
2f216bc398d3da98cddf96969ede3013,axial,lamp,0,0.24378,-0.91573,-0.31938,66.31,Y,23.69,180 90 60 45 36 40 72 120
2f4cf418cb91949d38fc23bb1b265fa7,axial,bottle,0,-0.17269,-0.83002,-0.53032,56.1,Y,33.9,180 60 90 45 120
2f4ec01bad6cd5ac488017d48a7f7eb4,axial,bottle,0,0.06627,0.55844,-0.82689,33.95,Z,34.22,180 90 60 45 120
2f6f1fe66631572c6c5b8009db95f66f,axial,lamp,0,0.97119,-0.22461,-0.07966,12.98,X,13.79,120 60 180 90 45 40 36 72
30e5d9149ddfeef27357c8b8283e0cce,axial,lamp,0,-0.26889,-0.28385,-0.92039,16.49,Z,23.02,90 180
3108a736282eec1bc58e834f0b160845,axial,bottle,0,-0.93167,-0.11683,0.344,6.71,X,21.3,45 90 120 60 180
31923669954ca57025ebd1cd0b422e32,axial,pot,0,0.15201,-0.62893,-0.76246,38.97,Z,40.32,180 90 45 60 120
326c6280eee2bf74257e043ec9630f,axial,bowl,0,-0.42529,0.24192,0.87213,14.0,Z,29.29,180
32f9c710e264388e2150a45ec52bcbd7,axial,bowl,0,0.70186,-0.70441,-0.10586,44.78,Y,45.22,45 60 120 90 180
331601288075868e342fe691e18bb5fd,axial,bottle,0,0.44682,-0.28255,-0.84884,16.41,Z,31.91,120 180 60 45 90 40
3336ff069b249afcaea6c6fc97ee6184,axial,bottle,0,-0.98817,0.14107,-0.06008,8.11,X,8.82,45 60 90 120 180
33b77c66e1f849b790c4e2a44fddf755,axial,lamp,0,0.56669,-0.19328,0.80094,11.14,Z,36.78,180 60 120 45 90 40 36 72
33f6ca7ec9d3f1e6940806ade53ef2f,axial,bottle,0,-0.70833,0.13822,0.69222,7.95,X,44.9,180 90 60 120 45
34875f8448f98813a2c59a4d90e63212,axial,bowl,0,-0.84271,-0.18432,-0.50583,10.62,X,32.57,180 36 90 45 72 40 60 120
348d6ddf9e02cbddf647dc544bb0ab61,axial,lamp,0,-0.32192,0.03635,0.94607,2.08,Z,18.9,180
34a9c2b926de1db2a50b88953d263a42,axial,lamp,0,-0.32246,0.94366,-0.07429,70.68,Y,19.32,120 90 60 180
3547134cc7eb68e2ffc6e457221b9271,axial,pot,0,0.876,0.10245,-0.4713,5.88,X,28.84,180 45 90
35bfcbb0af43d0d6980b4a4e82abb4ae,axial,pot,0,-0.36523,0.46566,-0.80608,27.75,Z,36.29,90 180
365f8a3cf397adf66e71bbd43f7f5d20,axial,bottle,0,0.80206,0.34866,0.48491,20.41,X,36.67,90 45 180 120 60
367773a008b63a2c5208aab875b932bc,axial,lamp,0,-0.0167,-0.85351,0.52081,58.6,Y,31.4,90 36 45 72 180 60 40 120
368bbfbb2fe08a6b4c5c5c89015f1980,axial,bottle,0,0.28724,-0.59194,0.75306,36.29,Z,41.14,180 90 60 45 120
36c1653a021a526319620b61f6587b3e,axial,lamp,0,0.83032,0.03705,0.55606,2.12,X,33.87,180
36ca3b684dbb9c159599371049c32d38,axial,bowl,0,-0.87421,0.07051,0.48041,4.04,X,29.05,180 90 60 45 120
371b604f78300e02d76ab6ff59fe7e10,axial,bottle,0,-0.83153,0.14096,0.53729,8.1,X,33.74,45 60 120 90 180
376c16f40c95e81429eb9d04ea723179,axial,lamp,0,0.38755,-0.22421,0.89417,12.96,Z,26.6,60 120 180
377df6e7a3d84edfa123ce0dff5bf4e6,axial,lamp,0,-0.28715,-0.93732,-0.19741,69.61,Y,20.39,120 45 90 60 180
37b0f61c553e0499be27e423fd45ffe7,axial,lamp,0,-0.82397,-0.54764,0.14546,33.21,X,34.52,180
381db800b87b5ff88616812464c86290,axial,bowl,0,0.96969,0.16697,0.17836,9.61,X,14.14,45 90 60 120 180
3861b002979703fbed4f86beca49f32,axial,bottle,0,0.14398,0.67452,-0.72408,42.42,Z,43.61,120 60 90 45 180
389653b54a3b5d3cd73bf61f46c61ea3,axial,lamp,0,-0.82173,0.44927,-0.3506,26.7,X,34.74,180
38d2122b2aa05f92e1b9b7b3765e2bea,axial,bowl,0,0.11203,0.98386,0.13952,79.69,Y,10.31,180 60 90 120 45
397f450de4fc6fd4fcb8d8c6d4df8143,axial,lamp,0,-0.13689,0.98718,-0.08212,80.81,Y,9.19,90 180
39acb6226133f9e0e4c9b82a33ca42e6,axial,lamp,0,0.02748,0.85773,-0.51337,59.06,Y,30.94,90 180 45 60 36 40 120 72
39ea99284138e5e835b3d63776480dcf,axial,pot,0,0.16393,0.33201,-0.92892,19.39,Z,21.73,180 90
3a29634236aa0596f9e8cd846ef13776,axial,lamp,0,0.98944,0.02516,-0.14271,1.44,X,8.33,180 60 120
3a7737c7bb4a6194f60bf3def77dca62,axial,bowl,0,-0.68852,-0.72151,-0.07329,46.18,Y,43.82,60 120 45 90 180
3ae3a9b74f96fef28fe15648f042f0d9,axial,bottle,0,-0.53223,0.31819,-0.78453,18.55,Z,38.32,90 120 45 180 60
3b15a4be5e248d114cc30865d6337b9c,axial,lamp,0,-0.04096,0.86191,0.5054,59.53,Y,30.47,90 45 180 60 36 40 72 120
3b20c6ffdaf2dc97ef0add8da8532fa8,axial,lamp,0,-0.3561,-0.07443,-0.93148,4.27,Z,21.33,90 180 60 36 40 72 45 120
3bedfd655c45c6747bc26b16f550876f,axial,bowl,0,-0.63414,0.54238,0.55108,32.85,X,50.64,180 90 45 60 120
3ca37e415fe44ec2ebeb1e6a8111f53,axial,lamp,0,-0.80033,0.02996,0.59881,1.72,X,36.84,120 45 60 90 180
3cce39eff2128c34ed390075067c2702,axial,pot,0,0.19523,-0.91947,-0.34126,66.85,Y,23.15,180
3d26aa294ad1cabcfcb8d8c6d4df8143,axial,lamp,0,0.34254,-0.92879,-0.14146,68.25,Y,21.75,180 90
3d758f0c11f01e3e3ddcd369aa279f39,axial,bottle,0,-0.55154,-0.82624,0.11461,55.71,Y,34.29,90 60 45 120 180
3dbd66422997d234b811ffed11682339,axial,bottle,0,-0.1233,0.86879,-0.47959,60.32,Y,29.68,180 90 45 60 120
3de5abb596766c5380dd154b5d9c087,axial,bottle,0,-0.00218,0.87889,-0.47703,61.51,Y,28.49,45 120 180 90 60
3e2dd918360309554b3c42e318f3affc,axial,pot,0,-0.95111,0.29797,-0.0813,17.34,X,17.99,90 180
3e4c784f765dce24766224c8ed44ac6f,axial,pot,0,-0.27774,0.62505,-0.7295,38.69,Z,43.16,180
3e7d7a9637e385f2fd1efdcc788bb066,axial,bottle,0,-0.13374,-0.58119,-0.8027,35.53,Z,36.61,120 60 45 90 180
3f6a6718d729b77bed2eab6efdeec5f8,axial,bowl,0,0.39001,-0.78374,-0.48337,51.6,Y,38.4,45 180 60 90 120
3f6e9d27bf0e972b9f42325587eab087,axial,lamp,0,0.44133,-0.82218,0.35952,55.3,Y,34.7,180
3f7d866f4e28e8014b3c42e318f3affc,axial,pot,0,0.87697,0.19606,-0.43873,11.31,X,28.72,90 180
3f7eb5ef5d304040d847cb32379eb854,axial,lamp,0,-0.27804,-0.73436,-0.6192,47.25,Y,42.75,180 90 45
3f91158956ad7db0322747720d7d37e8,axial,bottle,0,0.5881,-0.66861,0.45509,41.96,Y,48.04,180 60 120 45 90
3fef4c8dca9dd0e0dd4763fce8a9da20,axial,lamp,0,-0.18916,-0.22283,-0.95633,12.88,Z,17.0,120 180 60 90 45
40aee078f0390b7134076b5960251711,axial,bottle,0,-0.78377,-0.61695,0.07122,38.09,X,38.39,180 60 120 45 90
40c778a9ff366c2bf36ea1eb6542fe7e,axial,lamp,0,0.24637,0.67832,-0.69223,42.71,Z,46.19,180
412d5f41b5fda0b271dbcf1c4061c69b,axial,bottle,0,0.39824,-0.10719,-0.911,6.15,Z,24.36,180
417039be1c492fd4212785a561e3d296,axial,lamp,0,0.1689,0.54818,0.81913,33.24,Z,35.0,180 90 45 36 60 40
41a2005b595ae783be1868124d5ddbcb,axial,bottle,0,-0.11324,-0.98274,-0.1463,79.34,Y,10.66,45 60 90 120 180
41caf27a559755fafcb8d8c6d4df8143,axial,lamp,0,0.67798,0.55554,0.48137,33.75,X,47.31,180 90
41cc8b1669429bf92a7d46e74f08da70,axial,lamp,0,-0.00804,0.36161,-0.93229,21.2,Z,21.2,120
4227b58665eadcefc0dc3ed657ab97f0,axial,bowl,0,-0.14214,0.8104,-0.56837,54.14,Y,35.86,120 45 90 60 180
429a622eac559887bbe43d356df0e955,axial,bowl,0,-0.38613,0.45748,-0.80101,27.22,Z,36.77,60 120 45 90 180
42e6823a1ad23819182816640e3b1915,axial,lamp,0,0.27726,-0.95362,0.11722,72.48,Y,17.52,45 60 90 120 180 40 36 72
437482f4d187d43893202bf99dddc268,axial,lamp,0,-0.40473,0.84791,0.34241,57.98,Y,32.02,180 90 60 45 120 40 36 72
437678d4bc6be981c8724d5673a063a6,axial,bottle,0,0.71834,-0.5152,-0.46749,31.01,X,44.08,120 60 90 45 180
43ad6585f6b9a64675e1008a71b1c5e9,axial,bottle,0,-0.49472,0.48788,0.71918,29.2,Z,44.01,120 60 45 90
43e335f8f080f6df56ffb3d9eeba35bd,axial,pot,0,0.83751,0.53235,-0.12325,32.16,X,33.12,120 60 45 90 180
441cac4bae5c7c315c2a2c970803cfe2,axial,bowl,0,0.9745,-0.22176,-0.03419,12.81,X,12.97,180 90 60 45 120
446583d7bf857dced5cb6d178687b980,axial,bowl,0,-0.50938,-0.39573,0.76415,23.31,Z,40.17,90 60 180 120 45
44bcb1ec762af23b8880edc6251fa529,axial,lamp,0,-0.56831,-0.81241,0.13043,54.33,Y,35.67,90 180 60 45 120 40 36 72
44dae93d7b7701e1eb986aac871fa4e5,axial,bottle,0,-0.58903,0.4572,-0.66634,27.21,Z,48.21,45 60 90 120 180
44e45054f9ef4e251881e4573fc7a947,axial,bottle,0,-0.8737,-0.36119,0.32586,21.17,X,29.11,120 90 60 45 180
4521282bd4550113a5f600ed2cf472ac,axial,lamp,0,-0.08409,0.85595,-0.51017,58.87,Y,31.13,120
4530e6df2747b643f6415fd62314b5ed,axial,bowl,0,0.06165,-0.64473,0.76192,40.15,Z,40.37,180 72 36 120 60 90 40 45
454fa7fd637177cf2bea4b6e7618432,axial,bowl,0,-0.80476,-0.38217,-0.45421,22.47,X,36.41,120 60 45 180 90
45ca193e946b5e19956b2452b4c13510,axial,pot,0,-0.68373,-0.33519,-0.6482,19.58,X,46.86,180
4616a444bbbf7858a2c59a4d90e63212,axial,pot,0,-0.73191,0.32872,-0.59686,19.19,X,42.95,180
468b9b34d07eb9211c75d484f9069623,axial,bowl,0,0.46791,-0.30089,0.83098,17.51,Z,33.8,120 90 60 45 180
46b5318e39afe48a30eaaf40a8a562c1,axial,bottle,0,0.45405,0.35818,0.81581,20.99,Z,35.33,45 90 60 120 180
47175c7b12bf0b61320b691da6d871fb,axial,bowl,0,0.0001,-0.50176,0.865,30.12,Z,30.12,180
48202d357e79315e45891653421dc140,axial,bottle,0,0.05068,0.89027,0.45261,62.91,Y,27.09,180 45 90 120 60
4843b9c8523a4affc29d936f5ac7e23,axial,lamp,0,0.99158,0.12906,-0.01093,7.42,X,7.44,90 180
4845731dbf7522b07492cbf7d8bec255,axial,bowl,0,-0.09773,0.2778,-0.95566,16.13,Z,17.13,45 90 180 60 120
486eb0ed2f97b9fcffc6e457221b9271,axial,pot,0,0.05565,0.97666,-0.20748,77.6,Y,12.4,180 45 90
488139f06d9905d830ffab76baff35a5,axial,bottle,0,-0.99993,0.00807,0.0083,0.46,X,0.66,90 45 120 60 180
48f878a6176591190c2e24416edfe5b,axial,lamp,0,-0.27678,0.95788,-0.07661,73.31,Y,16.69,180 90 60 45 120 36 40 72
48fc49989a124917cd4a89b0fee32930,axial,lamp,0,-0.60556,0.07876,-0.79189,4.52,Z,37.64,180 36 72 60 45 40 120 90
490e2e25da735cfd3df324363ca0723f,axial,pot,0,-0.72342,-0.64743,0.23979,40.35,X,43.66,180 120 90 60 45
495af808806f1727a753b1b88fff4abb,axial,lamp,0,0.57866,-0.7277,-0.36824,46.69,Y,43.31,45 90 60 180 120 40 36 72
495dea92a04b43e6be9fabb33de62010,axial,bottle,0,-0.41098,-0.90946,0.06311,65.43,Y,24.57,45 120 60 90 180
4996f1c0120f4c62ab361b6be63163da,axial,pot,0,-0.08311,0.91007,0.40604,65.51,Y,24.49,36 180 90 72
4aba50849f4d24d7581fd19c35a5c8c,axial,lamp,0,0.64395,0.29886,-0.70428,17.39,Z,45.23,45 60 120 180 90 40 36 72
4b32d2c623b54dd4fe296ad57d60d898,axial,bowl,0,-0.95677,-0.29071,0.0095,16.9,X,16.91,120 90 60 45 180
4b5f54fc4e629371cf078dc7b29022e6,axial,bottle,0,-0.29175,0.48176,0.82631,28.8,Z,34.28,180 60 45 120 90 40 36 72
4bf56e6a081c2a85a11f6bacf5c7662d,axial,bowl,0,0.78654,-0.58068,0.21016,35.5,X,38.14,60 120 90 45 180
4c1912cae9d53594fc26f53456c58834,axial,lamp,0,0.33778,0.68439,0.64615,43.19,Y,46.81,180 90 45 60 120 40 36 72
4c4078f8206ef3cfe13094731a5351fc,axial,lamp,0,-0.99549,-0.0896,-0.03124,5.14,X,5.44,180 36 40 72 60 120 45 90
4c5329ae5fc25ff5b7903bac4a497954,axial,bottle,0,-0.61314,-0.44209,-0.65468,26.24,Z,49.1,90 45 60 180 120
4c5a9be10106d239b0957d845ac33749,axial,lamp,0,0.2835,0.1275,0.95046,7.33,Z,18.11,120 60 45 90 180
4c62e3c4f9e46d015da963e90d88cb74,axial,lamp,0,0.81947,0.54179,-0.1869,32.81,X,34.97,180 60 120
4c95086448461907d2e07f4a91040392,axial,bottle,0,-0.5398,-0.19259,0.81947,11.1,Z,34.97,90 45 120 60 180
4d6ea3aabaf02bcd29c39f613cc72411,axial,lamp,0,0.44023,0.87187,0.21459,60.68,Y,29.32,90 36 72 180 60 40 45 120
4dc9f86110ea40aaa570c6c691c987a8,axial,lamp,0,-0.86702,-0.19345,0.45919,11.15,X,29.89,180
4deef34d95367b58c0d95250e682f6ee,axial,lamp,0,-0.88594,0.10042,-0.4528,5.76,X,27.63,120
4e0aabe8a65ddc43e019184dd4eea7e1,axial,lamp,0,-0.10555,0.174,-0.97907,10.02,Z,11.74,180 60 120
4e5172f357714b7f78caa162a41a851e,axial,pot,0,-0.66158,-0.15982,0.73264,9.2,Z,42.89,180 45 90 60 120
4e54fc131882f2233c8d0fdfb1cc2535,axial,lamp,0,-0.12076,0.20889,0.97045,12.06,Z,13.96,180 90 45 36 40 60 72 120
4ec31503deb053636c19a70b7478f722,axial,bottle,0,0.53251,-0.45253,-0.7153,26.91,Z,44.33,120 45 90 180 60
4eefe941048189bdb8046e84ebdc62d2,axial,bowl,0,-0.65019,-0.75968,-0.01168,49.44,Y,40.56,180 90 60 45 120
4f3f01e4b17d018ddaaf0f74e020d2dc,axial,lamp,0,0.91808,-0.03306,-0.39501,1.89,X,23.35,45 60 90 180 120 40 36 72
4f45d2e31a724df4f8d5100b5d851ce4,axial,pot,0,-0.3735,0.4802,0.79367,28.7,Z,37.47,90
4fcb653e7978812d9c3900c9619d4db4,axial,bottle,0,-0.708,-0.69937,-0.09807,44.38,X,44.93,90 45 180 60 120
4fdb0bd89c490108b8c8761d8f1966ba,axial,bowl,0,0.1647,-0.3766,0.91162,22.12,Z,24.27,45 60 120 90 180
4ffb03a364a13c376b41b8bcd0404ec,axial,lamp,0,-0.76464,-0.00593,0.64443,0.34,X,40.12,180 90 45 60 36 40 72 120
5077728a780b5873f8d6a4359d6a181b,axial,lamp,0,0.19633,0.97445,0.10913,77.02,Y,12.98,45 60 90 120 180 40 36 72
50a3d09ac90370ec9c48f338871146f5,axial,lamp,0,0.49022,0.86111,0.13483,59.44,Y,30.56,45 60 180 90 120 40 36 72
51634562e4cbb4be27c4ca11e0316b1b,axial,lamp,0,-0.27812,0.96041,0.016,73.82,Y,16.18,180 90
518f6867e5d38301fd3bf7a5792372cb,axial,bottle,0,-0.08779,0.57948,-0.81024,35.41,Z,35.88,180 60 90 120 45
519f07b4ecb0b82ed82a7d8f544ae151,axial,bowl,0,-0.63489,-0.66499,0.39334,41.68,Y,48.32,45 120 90 60 180
51b4f0fd600a7cdc580a266ffa083ba4,axial,lamp,0,-0.30136,-0.84093,-0.44946,57.24,Y,32.76,180 90 45 60 120 40 36 72
523cddb320608c09a37f3fc191551700,axial,bottle,0,-0.44334,-0.79943,-0.40542,53.08,Y,36.92,180 90 45 60 120
5277b4491396a522333769b054e66b40,axial,bottle,0,0.2144,0.83617,-0.50483,56.74,Y,33.26,36 72 180 60 90 120 40 45
52783aa89adf06f3250c527721570ba0,axial,lamp,0,-0.89131,-0.28686,-0.35111,16.67,X,26.96,45 60 180 90 120 40 36 72
52cd206dd4674bbd4fbd95145f67665c,axial,lamp,0,0.96045,-0.1137,0.25417,6.53,X,16.17,90 180
538db91266f2829bc0f7e0e05bae6131,axial,bowl,0,-0.67233,0.69703,-0.24923,44.19,Y,45.81,120 60 45 180 90
53f5240e1e82c96e2d20e9f11baa5f8f,axial,bowl,0,0.4817,0.09539,-0.87113,5.47,Z,29.41,45 90 60
541c4dc1d1b42978648ed39e926e682f,axial,bottle,0,0.1886,-0.29494,-0.93672,17.15,Z,20.49,120 60 90 180 45
5445f01471e4df5da2c59a4d90e63212,axial,pot,0,-0.38055,0.58379,0.7172,35.72,Z,44.18,180
546111e6869f41aca577e3e5353dd356,axial,bottle,0,-0.75281,0.5791,0.31292,35.39,X,41.17,180 90 45 60 120
5470f2c11fd647a7c5af224a021be7c5,axial,bottle,0,-0.53456,0.09374,-0.83992,5.38,Z,32.87,180 90 60 120 45
5489ecdeac5c1cfb38bc5dac9ac556bb,axial,lamp,0,-0.07077,-0.96499,-0.25256,74.79,Y,15.21,90 180 60 45 120 40 36 72
5561fe6ad83a5000fc0eb7bdb358f874,axial,bottle,0,-0.08852,0.88015,-0.46637,61.66,Y,28.34,45 90 120 180 60
5563324c9902f243a2c59a4d90e63212,axial,bowl,0,0.03532,0.83143,-0.55451,56.25,Y,33.75,180 90 36 120 72 60
5566c65116a9567078fe949fc1419876,axial,bottle,0,0.40233,0.00688,-0.91547,0.39,Z,23.73,180
5580b95ab8e7806c6c5b8009db95f66f,axial,lamp,0,0.11937,-0.26486,0.95687,15.36,Z,16.89,180 60 90 120 45 40 36 72
5614d1c24806ce0a8d1fe8cdc415f4c5,axial,lamp,0,-0.45523,0.68589,0.56773,43.31,Y,46.69,90 180
56803af65db53307467ca2ad6571afff,axial,bowl,0,0.22801,-0.7857,-0.57505,51.79,Y,38.21,180 60 36 40 120 72
56c23ba1699f6294435b5a0263ddd2e2,axial,bottle,0,0.83386,0.35168,0.42545,20.59,X,33.5,180 90 45 60 120
56efabe64ce30e08d7bc2c778b186f58,axial,ashcan,0,0.87959,-0.01502,0.4755,0.86,X,28.41,180 60 90 45 120
573500f52762f0ea8485cf03cd00c621,axial,lamp,0,0.53811,0.65655,-0.52857,41.04,Y,48.96,45 90 180 60 120 40 36
579387a47297e1f4276206fae5d3c473,axial,lamp,0,0.01235,0.17984,0.98362,10.36,Z,10.39,90 180 60 45 120 40 36
57b186ba25a680584289430f919c490c,axial,bottle,0,0.49791,0.84569,0.19207,57.75,Y,32.25,120 90 60 45 180
57f1439f5161b8d366cff95abd9dc80,axial,lamp,0,0.22746,-0.51396,0.82711,30.93,Z,34.2,45 60 90 120 180
583a5a163e59e16da523f74182db8f2,axial,lamp,0,0.30052,0.31082,0.90171,18.11,Z,25.62,90 180
5859f1dcc6e47322e7c7920f6a65a54d,axial,lamp,0,0.57544,0.7752,0.26065,50.82,Y,39.18,180 90 45
591153135f8571a69fc36bc06f1db2fa,axial,bottle,0,0.78031,0.61973,0.0839,38.3,X,38.71,180
592f62e338fcac1eb0be98650cd7fb6f,axial,bottle,0,0.11186,-0.80592,0.58136,53.7,Y,36.3,60 45 120 90 180
5979870763de5ced4c8b72e8da0e65c5,axial,bottle,0,0.46095,0.20175,-0.86419,11.64,Z,30.21,180 45 90 120 60
59d7b4e7bc3c5d9d99fbba385cc0d41d,axial,bottle,0,0.00105,-0.17225,-0.98505,9.92,Z,9.92,180 90 60 45 120
5a1e624764af0205bf8b9d530de7a108,axial,bottle,0,-0.21635,-0.33253,-0.91794,19.42,Z,23.37,120 45 180 60 90 40
5aad71b5e6cb3967674684c50f1db165,axial,bowl,0,0.2146,-0.32259,0.92189,18.82,Z,22.8,45 90 180 60 120
5aaf61da59f1c0773225afab722d9fd2,axial,lamp,0,-0.12863,-0.82255,0.55396,55.34,Y,34.66,90 180 60 120 36 72 40 45
5ad47181a9026fc728cc22dce7529b69,axial,bottle,0,-0.12612,-0.98571,0.11165,80.3,Y,9.7,45 120 90 60 180 40 36 72
5b0f71dfbdc8089ca2c59a4d90e63212,axial,pot,0,-0.01517,0.89734,-0.44108,63.81,Y,26.19,180 90
5b79c55d2266d4f272652f4081ec5a77,axial,pot,0,-0.7013,-0.05176,-0.71098,2.97,Z,44.69,90 180
5bb0ad1e0c9432b2dc6493177a28df03,axial,lamp,0,-0.00595,0.4676,0.88392,27.88,Z,27.88,36 72 90 180 40 60 45 120
5bb12905529c85359d3d767e1bc88d65,axial,bowl,0,0.35767,-0.24553,-0.90099,14.21,Z,25.71,120 60 45 180 90
5bbe3658e49eece0b49beb995c4209b8,axial,lamp,0,-0.0894,-0.28251,0.95509,16.41,Z,17.24,180
5bc478e9c4e0bb8180936c51aa7ffcf5,axial,lamp,0,0.84594,-0.03719,-0.53199,2.13,X,32.23,120 60 90 45 180 40
5c1253ae61a16e306871591246ec74dc,axial,bottle,0,-0.71712,0.64394,-0.2666,40.09,X,44.18,72
5c79a2bc3d2ca6b1df8d3317f6046bb8,axial,lamp,0,0.89928,0.1729,0.40175,9.96,X,25.94,120 60 90 45 180
5cc4660eebade12d25ebd1cd0b422e32,axial,pot,0,0.77551,0.3978,0.49024,23.44,X,39.15,120 60 90 180
5d693f7115e5ae984e9836419f09cc52,axial,lamp,0,0.71912,-0.04701,-0.69329,2.69,X,44.02,45 90 60 120 180 40 36 72
5d69edfdd6f7f62ff88ace17ca85e37c,axial,lamp,0,-0.28605,0.69174,0.66307,43.77,Y,46.23,60 120 180 40 36 45 72 90
5d6b5d1b135b8cf8b7886d94372e3c76,axial,bottle,0,-0.26911,0.96136,-0.05802,74.02,Y,15.98,120 60 90 45 180
5d97be0e2414bfe0a8930422448288ea,axial,lamp,0,-0.75701,0.65207,0.04171,40.7,X,40.8,180 90 45 36 60 40 72 120
5dbb2120f2f828d28aaae3d020f5ddf8,axial,lamp,0,0.32211,0.39927,0.85839,23.53,Z,30.86,180 90
5dd2f4d3b253058dd554ab0a45f30de7,axial,lamp,0,0.47755,-0.00537,0.87859,0.31,Z,28.53,120 60 45 90 180 40 36 72
5e2c558555092b706e30831c34845769,axial,bowl,0,0.54469,-0.43395,0.71763,25.72,Z,44.14,90 45 120 180 60
5e914dd726313181b1b4b514128408b0,axial,jar,0,0.24951,-0.08003,0.96506,4.59,Z,15.19,180 90
5f0c4dd6cfa0def2e59f529cd1b6faa8,axial,lamp,0,-0.89641,-0.4413,-0.04134,26.19,X,26.31,180 45 90 60 40 36 120 72
5f2ef71aa9b94edbb84959963148f2a2,axial,bowl,0,-0.64095,-0.29254,-0.70965,17.01,Z,44.79,60 45 90 120 180
5f901ee60f9c0d2c6297030373bd4c3f,axial,lamp,0,0.48594,-0.33529,-0.80712,19.59,Z,36.18,90 180
5fb5ef6280e09d96d11ab9fa7ac20266,axial,bottle,0,-0.57608,-0.8172,-0.01768,54.81,Y,35.19,45 60 90 120 180
600b2f00113ad714e2367b9e27f16a71,axial,lamp,0,-0.56348,0.82348,0.06609,55.43,Y,34.57,120 60
608db437f2aab3c13cedb1808e691a01,axial,lamp,0,-0.19725,-0.80789,0.55534,53.89,Y,36.11,45 90 180 36 60 40 72 120
609dfe9367c0e64e2b520984c067934c,axial,lamp,0,0.57046,0.12808,-0.81128,7.36,Z,35.78,45 180 90 36 40 60 72 120
6118da3aa071921b664b3b9b23ddfcbc,axial,bowl,0,-0.26113,0.81272,-0.52086,54.36,Y,35.64,60 120 45 90 180
6138faeed623475b43ac09133d4c1d60,axial,lamp,0,0.91258,-0.40542,0.05316,23.92,X,24.14,180 45 90 60 120
618d55a791b8280cf256a8c3e3396495,axial,bottle,0,0.88003,0.14571,0.452,8.38,X,28.35,120 60 45 180 90
61b57e8b5da8fb13d527a9a6f5a872b9,axial,lamp,0,0.92076,0.35918,0.15228,21.05,X,22.96,90 180 45 36 60 40 72 120
621e786d6343d3aa2c96718b14a4add9,axial,bottle,0,0.5429,-0.16436,0.82356,9.46,Z,34.56,180 60 45 90 120
6267ef99cbfaea7741cf86c757faf4f9,axial,lamp,0,-0.97355,-0.00391,-0.22842,0.22,X,13.21,36 60 72 180 120 40 45 90
630aea241cb0ec8f24cedf205b903c2a,axial,pot,0,0.74278,0.60261,-0.29179,37.06,X,42.03,180 120 60
632c8c69e7e7bda54559a6e3650dcd3,axial,ashcan,0,0.24648,0.81564,-0.52343,54.65,Y,35.35,180
63538ead3a81058f1c1ef519b9196b63,axial,lamp,0,-0.49285,-0.66047,0.56646,41.34,Y,48.66,120 60 180 90 40 36 72 45
636b7d403c7717c3edad66bbdfe0c434,axial,pot,0,-0.9494,-0.13999,-0.28115,8.05,X,18.3,90 180
63d98b2654d8d2a2f9411c52486c6e63,axial,bottle,0,-0.36849,0.79879,0.47555,53.01,Y,36.99,45 60 90 180 120
6444875e3217bf891f5f48a891d827bd,axial,bottle,0,-0.7192,0.44998,0.52941,26.74,X,44.01,90 45 180 120 60
646956f902b2a134450e3da30d6676cd,axial,lamp,0,0.2695,-0.79218,0.54756,52.39,Y,37.61,180 90 60 45 120
6494761a8a0461777cba8364368aa1d,axial,bowl,0,-0.35904,0.83683,0.41329,56.81,Y,33.19,120 45 60 180 90
64ad00b1757205a3f388b3201b32e1d0,axial,bottle,0,-0.83909,-0.54107,-0.05638,32.76,X,32.96,120 60 45 90 180
64b180d51c6b8cc1e4e346ee2650d150,axial,bowl,0,0.75165,0.47617,-0.45639,28.44,X,41.27,120 180 60 90 45
64d7f5eb886cfa48ce6101c7990e61d4,axial,bowl,0,-0.32182,-0.24248,-0.91522,14.03,Z,23.76,90 45 60 120 180
64eaa45bd2e01db8991ff09eca5b27a8,axial,lamp,0,-0.24999,-0.68251,-0.68679,43.04,Z,46.62,60 120 45 90 180 40 36 72
64f61c9c81e3eb7b8aaae3d020f5ddf8,axial,lamp,0,-0.73852,-0.56702,-0.3648,34.54,X,42.39,180 90 60 120 45 40 36 72
64faa2a6a6f844af851f4ba6aaedaaa8,axial,bottle,0,0.743,-0.66929,-0.00196,42.01,X,42.01,60 90 120 180
6501113f772fc798db649551c356c6e8,axial,bowl,0,0.72061,0.6587,0.21643,41.2,X,43.9,180 120 60 90 45
6595ee36783d261ed3281970e2c44dbe,axial,lamp,0,0.45182,-0.88033,-0.14446,61.68,Y,28.32,45 120 60 90 180
65f23d07991128e3fbb8cbddab1c2002,axial,lamp,0,0.09881,0.96034,0.26073,73.81,Y,16.19,180 45 90 36 60 40 72 120
66a7a9a417660413e2364c65f912dcd4,axial,lamp,0,-0.46178,-0.76754,-0.44456,50.13,Y,39.87,180 60 120 90 40 36 72 45
66b98bb2b9d34431ec7cbf3284585a40,axial,lamp,0,-0.52272,-0.33827,0.78252,19.77,Z,38.51,180 90 60 45 120 40 36 72
66cec0a2ab63d9101b6c273f8ff0e8b6,axial,lamp,0,-0.70252,0.01028,-0.71159,0.59,Z,44.64,180
66cf69a98ff895e2b55fde51a411949f,axial,lamp,0,-0.74011,0.56112,0.37065,34.13,X,42.26,45 60 120 90 180 40 36 72
66defefd07a3fe4548eb521885c87e13,axial,lamp,0,-0.72902,0.30296,0.6138,17.64,X,43.2,180 60 120
67a087a3f917c3a7cf004563556ddb36,axial,lamp,0,-0.2737,0.85938,-0.43192,59.25,Y,30.75,180 60 120
67b0ef08720310aa14f846b7e32e76c4,axial,lamp,0,-0.44256,0.6896,0.57324,43.6,Y,46.4,45 90 60 120 180 40 36
684ff2b770c26616d3dfba73f54d35bb,axial,bottle,0,-0.96568,0.2124,-0.14951,12.26,X,15.05,180 90 60 45 120
68582543c4c6d0bccfdfe3f21f42a111,axial,bowl,0,0.72753,0.08236,0.68112,4.72,X,43.32,90 45 60 180 120
688eacb56a16702f9a6e43b878d5b335,axial,bottle,0,-0.95382,0.16217,-0.25285,9.33,X,17.48,45 90 60 120 180
6930c4d2e7e880b2e20e92c5b8147e4a,axial,bowl,0,-0.2872,0.02327,-0.95759,1.33,Z,16.75,90 180 60 120 45
6987e839b802a349a9039b9668d0f11f,axial,bottle,0,0.2739,0.06918,0.95927,3.97,Z,16.41,72
6a6fac314f0f295047a478fc5fc970de,axial,lamp,0,0.66484,0.09168,-0.74134,5.26,Z,42.15,180 72 36 60 40 45 120 90
6a96b74beea7f5b316aa41fc58452f78,axial,bottle,0,-0.69812,0.12796,-0.70445,7.35,Z,45.21,180 45 90 60 120
6b10584984035b088314f68ce9e12e4c,axial,lamp,0,-0.98492,0.12184,0.1228,7.0,X,9.96,90 180 60 45 120 40
6b810dbc89542fd8a531220b48579115,axial,bottle,0,0.63839,-0.68418,0.35264,43.17,Y,46.83,180 60 120 90 45
6b884893938943f70b5ecdc69e74dca,axial,bottle,0,-0.64067,0.41037,-0.64895,24.23,Z,49.54,180 60 45 90 120
6b8b2cb01c376064c8724d5673a063a6,axial,bottle,0,-0.65473,-0.29806,-0.69461,17.34,Z,46.0,180
6ba931adfa36c7965208aab875b932bc,axial,lamp,0,-0.6879,0.52425,-0.50196,31.62,X,46.54,180 36 72 60 120
6bb307429e516e2f129f1cb6c6fa9dd5,axial,jar,0,0.11345,-0.89272,0.4361,63.22,Y,26.78,90 180
6bf575f4fb9dabe278634ef2c5fdc560,axial,pot,0,0.28319,-0.05609,-0.95742,3.22,Z,16.78,180
6c24c027831790516f79a03aa42f27b9,axial,bottle,0,0.59562,0.59774,-0.5366,36.71,Y,53.29,120 180 60 45 90
6c9a25f120cdcacc25ebd1cd0b422e32,axial,pot,0,0.90301,-0.40823,0.13388,24.09,X,25.44,90 36 72 180
6d21c75bbe308322513c73fd461b230a,axial,ashcan,0,-0.2046,-0.22953,0.95156,13.27,Z,17.91,60 45 180 90 120
6d652a95363bb682b692b490d9871ff1,axial,bottle,0,-0.35135,-0.73624,0.57836,47.41,Y,42.59,120 180 45 90 60
6e1fe96adbb5ffba8bae2d07dadd1b5d,axial,lamp,0,0.6436,0.5472,0.53512,33.18,X,49.94,180
6ee5804580c170cdf6da603e92626bf9,axial,lamp,0,0.32443,-0.12656,0.9374,7.27,Z,20.38,180
6f4749e802e6b5eb30612f5c0ef21eb8,axial,bottle,0,0.89293,0.07945,0.44314,4.56,X,26.76,180 60 120 45 90
6f4f8f3788da22817217386867d08cc,axial,lamp,0,-0.71016,-0.45352,-0.5385,26.97,X,44.75,45 60 90 120 180 40 36 72
6f96ea1f948bdb5a72652f4081ec5a77,axial,pot,0,-0.86383,-0.42821,-0.26541,25.35,X,30.25,120 90 60 45 180
701ea218827f9a7a733657da4b6687f4,axial,bottle,0,0.56149,0.40093,-0.72387,23.64,Z,43.62,180 90 60 120 45
707224831466c848368b14e48c164a6e,axial,pot,0,0.94015,-0.27023,0.2076,15.68,X,19.92,180 60 90 120 45
708fce7ba7d911f3d5b5e7c77f0efc2,axial,bowl,0,-0.76817,0.10095,0.63224,5.79,X,39.81,120 90 60 45 180
70a30729c23aa5ab5425a71c247ca5d1,axial,pot,0,0.18812,-0.1936,-0.96288,11.16,Z,15.66,180
70bf2aaedbf9499ec889c00efdaf9928,axial,lamp,0,0.09303,-0.98094,-0.17058,78.8,Y,11.2,45 60 90 120 180 40 36 72
712b597f47b04755f715d98aead3ae6f,axial,bottle,0,0.38346,0.79224,-0.47467,52.4,Y,37.6,120 45 90 60 180 40 36 72
726a6ce68bcb4b2d14513156cf2b8d0d,axial,bottle,0,-0.86512,0.10788,-0.48983,6.19,X,30.1,120 45 60 90 180
7280a6655ec867d67b79156a61ad4c01,axial,bottle,0,-0.29009,0.71184,-0.63963,45.39,Y,44.61,45 60 90 120 180
72d49a11c34a3b6880dd154b5d9c087,axial,bottle,0,-0.02572,-0.85152,0.52369,58.38,Y,31.62,90 45 180 60 120
7335b7a1eb1bb091bf949868a8099949,axial,pot,0,-0.45468,0.49779,-0.73856,29.85,Z,42.39,180 90
73632ddb4a5684503594b3be653e6bff,axial,bottle,0,0.86768,0.31075,0.38802,18.1,X,29.81,60 120 180 45 90
738646252a89e865bc5cf22809274024,axial,lamp,0,0.75111,-0.53095,0.39232,32.07,X,41.31,180 90
7446fa250adf49c5e7ef9fff09638f8e,axial,bottle,0,-0.60705,0.77675,0.16779,50.96,Y,39.04,45 60 90 120 180
7467b9892496a83fbf8b9d530de7a108,axial,bottle,0,0.53136,-0.83317,-0.15327,56.43,Y,33.57,45 90 60 120 180
74d0244fed5504cdb1d85e3f9755b881,axial,bottle,0,0.41235,-0.91101,0.00484,65.65,Y,24.35,45 90 60 120 180
74dff8f0a865368b4a8e02787dff638e,axial,lamp,0,-0.70747,0.10414,-0.69903,5.98,X,44.97,180
754634abeb7bffc32977b68653eb2e1e,axial,bowl,0,-0.55599,-0.74249,0.3736,47.94,Y,42.06,45 60 120 90 180
7565e6eeee63174757354938178674b,axial,bottle,0,-0.46277,0.13009,0.87688,7.47,Z,28.73,180 45 60
758fb2cab125eb6b153b368d6f14e275,axial,bottle,0,0.60333,-0.79716,-0.02299,52.86,Y,37.14,180 60 120 90 45 40 36 72
75afef7dee74151936b0f2a1430e993a,axial,pot,0,-0.32204,-0.45111,-0.83234,26.81,Z,33.66,120 60 45 180 90
75bf30ec68b8477e7099d25c8e75cf58,axial,bottle,0,-0.91014,0.0386,-0.4125,2.21,X,24.48,45 90 180
75cdbf96a597b57a29a42a0444436860,axial,lamp,0,0.70639,-0.64676,0.2876,40.3,X,45.06,72
75e788db909c6e07bd4160ae8a5798e4,axial,lamp,0,0.35175,0.70335,0.61771,44.7,Y,45.3,120 60 45 90 180 40 36 72
7712db835816a52b250241e1ab69b97f,axial,bottle,0,0.94558,-0.23968,0.22007,13.87,X,18.99,120 90 180 60 45
7746997b8cfd8d11f4718731863dd64d,axial,bottle,0,-0.17244,0.33975,-0.92457,19.86,Z,22.4,60 180 120 90 45
77699e08e3824eab47765668cf4023ed,axial,bottle,0,-0.38789,-0.55651,-0.73473,33.82,Z,42.72,180 90 45 60 120
77a2242bf4ea8f9fc02fe00a7187a6a9,axial,bottle,0,-0.11038,0.47014,-0.87566,28.04,Z,28.88,120 60 45 90 180
77c9a8391c708ae5940806ade53ef2f,axial,bottle,0,0.86625,0.35517,-0.35138,20.8,X,29.97,90 120 45 60 180
782aa72e7f14975b39d764edb37837d3,axial,bowl,0,0.61949,-0.51019,0.5966,30.68,X,51.72,90 180 36 72
78d707f4d87b5bfd730ff85f0d8004ee,axial,bottle,0,0.21074,0.36876,-0.90532,21.64,Z,25.13,45 60 90 120 180
78f5db072e28145db1e647730e72f91c,axial,bottle,0,-0.88706,-0.17552,-0.42699,10.11,X,27.49,45 90 60 180 120 40 36 72
78f85448752ae2963873cf6e670bb8b6,axial,lamp,0,-0.70644,-0.24441,-0.66423,14.15,X,45.05,120 60 180 90 45
79041f47579a9e3f3c8d0fdfb1cc2535,axial,lamp,0,0.85743,-0.06917,0.50994,3.97,X,30.97,180 40 60 120 90 36 72 45
7919df48b23e61ba6739a7caa0c577bd,axial,ashcan,0,0.91315,-0.14572,0.38068,8.38,X,24.06,120
798028b70ab2a1d529c726e7d66b139d,axial,lamp,0,-0.20299,0.89234,-0.40315,63.17,Y,26.83,45 120 90 180 60 40 36 72
7980922e83b5461febe67d9b32c3ddf8,axial,bottle,0,-0.36296,-0.86566,0.34481,59.96,Y,30.04,90 180 45
799397068de1ae1c4587d6a85176d7a0,axial,bottle,0,-0.0625,-0.97428,0.2165,76.98,Y,13.02,180 60 45 120 90 40 36 72
7995c6a5838e12ed447eea2e92abe28f,axial,bowl,0,0.37884,-0.04442,-0.9244,2.55,Z,22.42,120 90 45 60 180
7b2b1c24a60bcfab2cd2160e449d45ae,axial,lamp,0,0.76328,0.41652,0.49388,24.61,X,40.25,60 120 90 180 40 45 36 72
7b407dedd933e3812f59b845f0db2ab3,axial,ashcan,0,-0.09687,-0.4538,-0.88582,26.99,Z,27.65,60 180 120 90 45
7bebdd742342ba93febad4f49b26ec52,axial,lamp,0,0.49601,0.00347,0.86831,0.2,Z,29.74,90 180 60 40 36 72 120
7c1303d3a19a1cef51f77a6d7299806,axial,pot,0,0.43876,0.88327,0.16533,62.04,Y,27.96,120 90 180 60 45
7c43116dbe35797aea5000d9d3be7992,axial,bowl,0,0.51966,-0.84339,0.13657,57.5,Y,32.5,45 60 90 120
7c86cdecd3b2d29125ebd1cd0b422e32,axial,pot,0,0.74144,-0.64872,0.17152,40.45,X,42.15,180
7d41c6018862dc419d231837a704886d,axial,bottle,0,-0.19242,0.2856,0.93883,16.59,Z,20.14,45 90 180
7d45da94216b4056a05876905ab3aec3,axial,pot,0,-0.42916,-0.82662,-0.36404,55.75,Y,34.25,90 180
7e1b27b8df1f9ae8ae868ec20dc7b43,axial,ashcan,0,-0.85724,-0.15473,-0.49112,8.9,X,30.99,180 60 120 90 45
7e4905eb4670c6df2f939979b0dbf5d5,axial,lamp,0,0.88973,0.02031,-0.45604,1.16,X,27.16,180 90 36 72 45 60 40 120
7e61de32ddbb59c89450c010f9b3ff4a,axial,lamp,0,0.37098,0.1808,-0.91087,10.42,Z,24.37,72
7ed1eb89d5463580a2c59a4d90e63212,axial,bowl,0,-0.65739,0.73468,-0.16756,47.28,Y,42.72,120 180 60 90 45
8026b11c2f66d77ed5a4ff0c97164231,axial,ashcan,0,-0.15964,0.63386,-0.7568,39.34,Z,40.82,45 90 120 180 60
804092c488e7c8e420d3c05c08e26f,axial,bowl,0,0.51677,-0.66844,0.53492,41.95,Y,48.05,120 60 90 45 180
80608e58db79d4d83b722c86abee0751,axial,bowl,0,-0.28465,-0.78897,0.54452,52.09,Y,37.91,180
8064580d3a225366ecbab50f1720e223,axial,lamp,0,0.81872,-0.42654,0.3844,25.25,X,35.04,180
8099b9d546231dd27b9c6deef486a7d8,axial,bottle,0,-0.38844,-0.60485,-0.69518,37.22,Z,45.96,180 45 90 60 120
80a3b56c86f906e5f913a7c27a7e15b9,axial,bottle,0,-0.61739,-0.73379,0.2835,47.21,Y,42.79,180 90 45 60 120
80a5ce76688700a2fdd36147bc6b8031,axial,lamp,0,0.70063,0.31364,-0.6409,18.28,X,45.52,72
8111c4fa78c69d7925ebd1cd0b422e32,axial,pot,0,-0.29195,0.73893,-0.60724,47.64,Y,42.36,180 60 45 90
819795e285ea031625ebd1cd0b422e32,axial,pot,0,0.40492,-0.82136,-0.40175,55.22,Y,34.78,60 45 120 90 180
81a04a676ff96a94b93fc2b66c6b86b6,axial,ashcan,0,0.24167,0.34343,-0.90755,20.09,Z,24.83,45 60 90 120 180
81bbf3134d1ca27a58449bd132e3a3fe,axial,bottle,0,-0.09885,-0.42334,-0.90056,25.05,Z,25.77,90 45 120 60 180
8261f96cc33ddb264a7f20ad39e7a642,axial,lamp,0,0.99761,0.06906,-0.00308,3.96,X,3.96,90 180
8306708f6aed84dee47222ca7f3cc9f6,axial,pot,0,0.69393,0.49207,-0.52566,29.48,X,46.06,45 180 90 120 60
8309e710832c07f91082f2ea630bf69e,axial,bottle,0,0.7638,-0.53794,-0.35668,32.54,X,40.2,180 45 90 60 120
83620edd3ecbce0de3bf00cc25b4223,axial,bottle,0,0.35033,-0.86134,-0.36792,59.47,Y,30.53,45 90 60 180 120
8425fcfab0cd9e601f0d826a92e0299f,axial,lamp,0,0.32403,-0.42148,0.84697,24.93,Z,32.12,120 40 36 45 72 60 180 90
845542d0f578a9db1ec48bc3c478566d,axial,lamp,0,0.8655,0.13499,0.48238,7.76,X,30.06,90 180 45 60 36 120 40 72
8458e5a34c67958130f549f12038e49a,axial,bottle,0,0.44728,0.89342,0.04173,63.31,Y,26.69,90 45 60 180 120
84bc4006535545fad2986c98896facaa,axial,bottle,0,0.10511,-0.96133,0.25456,74.01,Y,15.99,120 45 90 60 180
859182efd11b40669018dc7bde518d9,axial,lamp,0,-0.77916,-0.06272,-0.62367,3.6,X,38.82,180
85b3f0b7d9968d79664b3b9b23ddfcbc,axial,lamp,0,0.42404,0.88349,-0.1991,62.07,Y,27.93,180 90 120 45 60 40 36 72
85f0a7c268fd095cfcb8d8c6d4df8143,axial,lamp,0,0.98997,-0.13974,0.02073,8.03,X,8.12,180 90
8675c75413c9938dccf149c7b4065e,axial,ashcan,0,0.70813,-0.47388,0.52345,28.29,X,44.92,45 60 90 120 180
86d7a728dc35d634f800b597bc1c1eb5,axial,lamp,0,0.04264,-0.78069,0.62347,51.32,Y,38.68,180 90
8707d78855e8cce1ed51290fb4dc2857,axial,bottle,0,0.94043,0.33908,0.0249,19.82,X,19.88,180 90 45 120 60
882d477872fd88347df6165146d5bbd,axial,bottle,0,-0.90554,-0.36083,0.22317,21.15,X,25.1,120 60 90 45 180
883ace957dbb32e7846564a8a219239b,axial,bottle,0,-0.92286,0.04002,0.38306,2.29,X,22.65,90 180
8843ee2b220a702e5dac14d8f50c13f3,axial,lamp,0,-0.43283,0.8661,0.25006,60.01,Y,29.99,120
892900c66731d9c473ab7b7128d466a2,axial,lamp,0,0.39957,0.309,0.86306,18.0,Z,30.34,180
8935987356200f8d84f9e9db2fdf33bb,axial,lamp,0,-0.40111,0.8329,0.3813,56.4,Y,33.6,180
896abd405c79547086485c798787f66b,axial,lamp,0,-0.95653,0.13813,-0.25685,7.94,X,16.96,90 60 45 120 180 40 36 72
899af991203577f019790c8746d79a6f,axial,bowl,0,0.05545,0.64003,0.76634,39.79,Z,39.97,120 45 90 180 60
89cb9b2ad175b833cadf6344ec272e8,axial,lamp,0,0.07521,0.99662,-0.03311,85.29,Y,4.71,72 36 90 180 40 60 45 120
8a23e8ae357fa2b71920da6870de352,axial,bottle,0,0.49839,0.86695,0.00192,60.11,Y,29.89,120 180 45 60 90
8adc0ce79962ac2021072d05c97a5e0a,axial,bottle,0,0.80485,0.57666,0.14026,35.22,X,36.4,60 120 180 45 90
8aeb546f0381df6e97b6ee740552021c,axial,bottle,0,0.8509,0.16606,0.49838,9.56,X,31.69,120 60 90 45 180
8b60bb548c0813a7e420612cf7bb547c,axial,lamp,0,-0.41362,0.86279,0.29071,59.63,Y,30.37,45 120 60 90 180 40 36 72
8b7933b0376cea4a1efe98244cb8c300,axial,bottle,0,0.40256,0.90017,-0.16625,64.18,Y,25.82,45 60 90 120
8b90aa9f4418c75452dd9cc5bac31c96,axial,bowl,0,0.75331,0.20934,-0.62346,12.08,X,41.12,180
8bb057d18e2fcc4779368d1198f406e7,axial,bowl,0,-0.17964,0.97467,0.1332,77.08,Y,12.92,90 180 120 45 60
8c4ca1f645def5efd5cb6d178687b980,axial,lamp,0,-0.53859,0.66066,-0.52293,41.35,Y,48.65,45 180 60 90 120
8c8ab9d274bf85bd7054f829b1ba8eb5,axial,lamp,0,-0.589,0.22945,0.77488,13.26,Z,39.21,180
8cd9b10f611ac28e866a1445c8fba9da,axial,bottle,0,-0.4205,-0.04675,-0.90609,2.68,Z,25.03,180 45 90 60 120 40 36 72
8d1f575e9223b28b8183a4a81361b94,axial,bowl,0,-0.97519,-0.21866,-0.03447,12.63,X,12.79,90 45 60 120 180
8d27a39b1a33dcf9660045a6e369fc9f,axial,bottle,0,-0.39305,0.54926,0.73744,33.32,Z,42.49,45 60 90 120
8d2c6ce685eb1fd9368b14e48c164a6e,axial,pot,0,-0.58447,-0.62984,-0.51156,39.04,Y,50.96,120
8d457deaf22394da65c5c31ac688ec4,axial,bowl,0,0.36447,-0.35669,-0.86019,20.9,Z,30.66,90 180 45 60 120
8d61e7c8fc9d989d1f30b807ae39b61d,axial,lamp,0,0.36203,-0.63973,-0.678,39.77,Z,47.31,180
8d75c3c065fa3c7055f46d55537192b6,axial,bowl,0,-0.3741,-0.20711,0.90397,11.95,Z,25.32,90 72 36 180
8e8f964be5bea1068616812464c86290,axial,lamp,0,0.9647,0.03154,-0.26147,1.81,X,15.27,45 120 90 180 60
8fdfdb325c5239e798e0d1738edd4f19,axial,lamp,0,0.35481,0.43689,-0.82658,25.91,Z,34.25,180
9012b03ddb6d9a3dfbe67b89c7bdca4f,axial,bottle,0,-0.59653,-0.44988,-0.66465,26.74,Z,48.34,90 180 45 60 120 40 36
908e85e13c6fbde0a1ca08763d503f0e,axial,bottle,0,0.00262,-0.9004,0.43506,64.21,Y,25.79,90 180 45 120 60 40 36
90e4219f897af979cbde89e0c48a01bf,axial,lamp,0,0.00932,-0.21751,-0.97601,12.56,Z,12.57,180 90 36 60 40 72 45 120
912a49eeda6cd8c5e3c462ac6e0f506f,axial,bottle,0,-0.53438,-0.83231,0.14734,56.34,Y,33.66,180 45 120 90 60
913ff6452d0ea43c9d62807daf4a2134,axial,lamp,0,0.50553,0.64018,-0.57846,39.81,Y,50.19,72
914a91528ef40e7bf7248d9dbed7a7b8,axial,lamp,0,-0.13524,-0.9022,-0.40956,64.45,Y,25.55,180 45 90 60 120 40 36 72
917fd3e68de79bf69ece21a0b0786a69,axial,bottle,0,-0.79759,0.53307,-0.2823,32.21,X,37.1,180
91e4df396135fc1e368b14e48c164a6e,axial,pot,0,-0.49231,0.86951,-0.03988,60.4,Y,29.6,120 180 60 90 45
91e6349193ef212d14b9fab7373cf259,axial,pot,0,-0.62694,-0.38081,0.67966,22.38,Z,47.18,60 120 180
92472817f72dd619467ca2ad6571afff,axial,bottle,0,-0.88942,-0.45689,0.01354,27.19,X,27.2,40 72 36 60 180 120 45 90
92a918828b34ab9372652f4081ec5a77,axial,pot,0,0.98693,0.1244,-0.10247,7.15,X,9.27,120 180 60 45 90
92f04b8d36c98d18221d647283ba1e26,axial,bowl,0,0.70448,-0.13225,0.69729,7.6,X,45.21,120 90 60 45 180
932b6e28eac69cf8ffc6e457221b9271,axial,pot,0,-0.85625,-0.14158,0.49679,8.14,X,31.1,180 45 90
934981825fbc4e14ff458e602ebccbb0,axial,lamp,0,0.38073,-0.92461,-0.01233,67.61,Y,22.39,180 90 45 60 120 40 36 72
9358ffb1bae027166aea2f18ee404fd5,axial,lamp,0,0.26965,0.03927,0.96216,2.25,Z,15.81,36 72 45 90 180 60 40 120
935b737dca29fbf4ef026123226f5519,axial,bottle,0,0.87594,-0.47279,-0.09586,28.22,X,28.84,120 45 60 90 180 40 36 72
93c837235aa98a7ee685b534d1dbc410,axial,pot,0,0.913,-0.33781,0.22874,19.74,X,24.08,120 45 60 180 90
940b9e91a4a32a4130612f5c0ef21eb8,axial,bottle,0,0.64597,0.74697,0.15734,48.33,Y,41.67,45 90 60 180 120
941271c5d9b192eaccd8f9b9403fd602,axial,lamp,0,0.02032,-0.99944,0.02671,88.08,Y,1.92,60 45 90 120 180 40 36 72
948e374b08979da230612f5c0ef21eb8,axial,bottle,0,-0.74242,-0.66474,-0.08326,41.66,X,42.06,180 90 60 45 120
94940283714fdff6244ba644cf33cb2e,axial,lamp,0,-0.3264,0.94447,-0.03785,70.82,Y,19.18,90 180 60 45 120 40 36 72
94ca5c31d2ba70f42cd2160e449d45ae,axial,lamp,0,0.92821,0.32817,0.17527,19.16,X,21.84,90 180 36 72 45 60 40 120
94dc988b968844c944c183864792bc2b,axial,pot,0,0.82776,0.55839,0.05485,33.94,X,34.13,90 120 180 60
94eae2316754482627d265f13671170a,axial,lamp,0,0.27287,-0.16129,0.94843,9.28,Z,18.48,180
94fdbb748526dae4ea2d70ab68cd1d2,axial,lamp,0,0.25916,0.80872,-0.52802,53.97,Y,36.03,120 60 180 90 45 40 36 72
950d6ca1d2b53ce52f71dfd07ef088cf,axial,bottle,0,-0.90535,-0.42322,0.03511,25.04,X,25.13,180 60 90 45 120
955143d7f0b5c70fef76898f881b76a,axial,lamp,0,0.70367,0.62076,0.3457,38.37,X,45.28,60 180 120
957f897018c8c387b79156a61ad4c01,axial,bottle,0,-0.06659,0.65508,0.75262,40.93,Z,41.18,45 60 90 120 180
95ac294f47fd7d87e0b49f27ced29e3,axial,bowl,0,0.10418,-0.93123,-0.34921,68.63,Y,21.37,120 60 45 90 180
960c5c5bff2d3a4bbced73c51e99f8b2,axial,bowl,0,0.07856,-0.22638,-0.97087,13.08,Z,13.86,180 90 120 45 60
970027a2c9f1de88c123147a914238ea,axial,bottle,0,0.56369,0.03744,-0.82514,2.15,Z,34.4,90 120 45 180 60
9749404078fe4a8b6afaa22adc38077c,axial,lamp,0,0.73629,-0.57122,-0.36274,34.84,X,42.58,90 45 180
98636fb562413a10dd999d2409f5212c,axial,lamp,0,-0.59158,-0.6447,0.48414,40.14,Y,49.86,180 90
98d3408054ab409fd261c3d31246fed3,axial,bowl,0,-0.64879,-0.46054,0.60579,27.42,X,49.55,45 60 90 120 180
98d9619ca934b01df51f77a6d7299806,axial,lamp,0,-0.25605,-0.56745,-0.78258,34.57,Z,38.5,45 60 90 40 36 120 72 180
98f2bdf417a15ceaa5d6dc096343ac63,axial,bottle,0,0.14233,-0.94501,0.29444,70.91,Y,19.09,45 90 60 120 180
990aa9dec2223f108bad9bd0c4ab8e3c,axial,lamp,0,0.92524,0.09653,-0.3669,5.54,X,22.3,180 90 45 36 40 60 72 120
99253484c463e9dd7688e67ac1793ffc,axial,lamp,0,0.68447,0.17475,-0.70778,10.06,Z,44.95,120 90 60 180
9a447967a9fb5938bb3deb7fab7c9b7,axial,lamp,0,-0.67487,-0.26517,0.68864,15.38,Z,46.48,180
9a52843cc89cd208362be90aaa182ec6,axial,bowl,0,-0.32197,0.04776,0.94554,2.74,Z,19.0,180 90 60 45 120
9a70dd116325eb2df6b14e57dce52ee1,axial,bottle,0,-0.55297,0.02565,0.83281,1.47,Z,33.61,180
9a777a5f3701fb6b940806ade53ef2f,axial,bottle,0,0.05071,0.77634,-0.62827,50.93,Y,39.07,45 60 90 120 180
9b56496d8e6be657ff67c12005f72d2,axial,pot,0,-0.44285,-0.83949,-0.31487,57.09,Y,32.91,180
9ba6291a60113dbfeb6d856318cd1a7e,axial,bottle,0,-0.32823,-0.78838,0.52031,52.03,Y,37.97,90 45 60 180 120
9c0847d6c42eca062846fa729d90e125,axial,ashcan,0,0.69196,0.53043,-0.48973,32.03,X,46.21,180
9c11cbb88d574584c4f1f36666bc4b4a,axial,lamp,0,0.94422,0.23017,-0.23554,13.31,X,19.23,45 60 90 180 120 40 36 72
9c5a4f568399539b47afb7a57d27bf15,axial,lamp,0,0.90488,-0.07091,0.41972,4.07,X,25.19,180
9c8d90ef60e0b37fd317c475f024f3b8,axial,bottle,0,0.00943,0.98515,0.17146,80.11,Y,9.89,180
9cf29c3de0cf127730f6e0ede20c4525,axial,lamp,0,-0.74528,-0.53223,-0.40161,32.16,X,41.82,120
9cfefdc1e63a3c2535836c728d324152,axial,lamp,0,0.64307,0.75124,-0.14868,48.7,Y,41.3,120 40
9d1e04bd3df11256bef045a510a22fbb,axial,lamp,0,-0.90715,-0.12575,0.40159,7.22,X,24.89,90 180
9da456e7bae24501ffc6e457221b9271,axial,pot,0,-0.21068,-0.89626,0.3903,63.67,Y,26.33,180
9dab2204d0e6a31114038d588fd1342f,axial,pot,0,0.53655,-0.11171,0.83644,6.41,Z,33.23,120 60 45 90 180
9db87bf898efd448cbde89e0c48a01bf,axial,lamp,0,0.22125,0.87747,0.42556,61.34,Y,28.66,40 60 120 90 180 45 36 72
9dcfab1fab6232003bec56bff764ba78,axial,bowl,0,0.98271,-0.08862,0.16259,5.08,X,10.67,45 60 90 120 180
9dff3d09b297cdd930612f5c0ef21eb8,axial,bottle,0,-0.20447,0.94796,-0.24406,71.43,Y,18.57,180
9e274df011a9643c21ec51d5b72ac4e7,axial,bottle,0,0.14219,-0.71843,-0.68091,45.93,Y,44.07,60 120 45 180 90
9e2a1751b9129b1132fd0b3f17b0d6c,axial,ashcan,0,-0.14783,-0.78943,0.59578,52.13,Y,37.87,45 90 120 60 180
9ea66797afeb86196ea1c514a0de6d2d,axial,bowl,0,0.95491,0.08268,-0.28514,4.74,X,17.27,180 45 60 120 90
9edfe64416a9646e30612f5c0ef21eb8,axial,bottle,0,0.01995,0.59282,-0.80509,36.36,Z,36.38,180
9ee464a3fb9d3e8e57cd6640bbeb736d,axial,ashcan,0,0.77572,0.21262,-0.59419,12.28,X,39.13,180 45 90 36 72
9f2bb4a157164af19a7c9976093a710d,axial,bottle,0,-0.00424,0.31296,-0.94976,18.24,Z,18.24,90 120 180 60 45
9f47c287c921e4b429eb9d04ea723179,axial,lamp,0,0.98297,-0.11649,-0.14212,6.69,X,10.59,180 60 36 72 120 40 45 90
9fc3ddc511f4ef62dced62abd38a02b0,axial,lamp,0,-0.37363,-0.51902,0.76878,31.27,Z,39.76,45 90 180 60 120
9fdaafde365beafc37f7ce56c66316ea,axial,lamp,0,-0.19397,-0.96749,0.1623,75.35,Y,14.65,45 90 180
9fde9f07e6217b7490c2e24416edfe5b,axial,lamp,0,0.79227,-0.02827,0.60952,1.62,X,37.6,180 90 45 60 36 40 120 72
9fe4d78e7d4085c2f1b010366bb60ce8,axial,ashcan,0,-0.83302,-0.54945,0.0646,33.33,X,33.59,180
9fe7e6a7bf8ca964efad53eb3f0b36fa,axial,jar,0,0.11342,0.992,0.05539,82.75,Y,7.25,60 120 180 45 90
a042621b3378bc18a2c59a4d90e63212,axial,bowl,0,0.62993,-0.11318,-0.76836,6.5,Z,39.79,90 180 45 60 120
a0812cee3fff72103ca265f557f5dc3e,axial,lamp,0,0.23255,0.64855,-0.72478,40.43,Z,43.55,180 45 60 90 120 40 36 72
a0ac0c76dbb4b7685430c0f7a585e679,axial,bowl,0,-0.08671,0.31624,0.94471,18.44,Z,19.14,180 120 60 45 90
a0b34a720dd364d9ccdca257be791a55,axial,bowl,0,0.62385,0.50037,-0.60037,30.02,X,51.4,180 90 60 45 120
a118d15a0c74091e3ba6f328e4cd62be,axial,bottle,0,0.92495,-0.35202,-0.14337,20.61,X,22.34,180 90 45 120 60
a126861b5d720843aaf2b5b6ef88c2bb,axial,lamp,0,-0.86765,-0.46457,-0.17709,27.68,X,29.81,120
a1858315e1b17f57e1507433bf0da3de,axial,bottle,0,-0.02774,0.74258,-0.66919,47.95,Y,42.05,120 45 90 60 180
a1bc36109cd382b78340c8802f48c170,axial,bottle,0,0.7334,0.23057,-0.6395,13.33,X,42.83,120 60 45 180 90
a2316a225facd3114f3443b22038d340,axial,lamp,0,0.98339,-0.09319,-0.15573,5.35,X,10.46,40 36 45 72 60 120 90 180
a2841256fc6fd90da518b93bb7233de6,axial,bowl,0,-0.47772,-0.66735,0.57134,41.86,Y,48.14,90 180 72 36
a34966853ab2272ab2047d3072d5e051,axial,bottle,0,0.68916,-0.68299,0.24205,43.08,X,46.44,90 45 180 120 60
a3cc533ab668af4ec0708f7bc962e512,axial,pot,0,-0.92667,-0.28842,0.24105,16.76,X,22.08,180 90
a4a6a464cb1db9286bdbc69440dbff90,axial,bottle,0,-0.51956,0.60917,0.59915,37.53,Y,52.47,45 90 60 120 180 40 36
a4c06cd5032733af543df75232f6ff2b,axial,lamp,0,-0.28862,-0.93621,0.20055,69.42,Y,20.58,45 90 180 60 120
a593e8863200fdb0664b3b9b23ddfcbc,axial,bowl,0,-0.14106,0.26631,-0.95351,15.44,Z,17.54,120 90 45 60 180
a5db4bacbe009f2ef51f77a6d7299806,axial,jar,0,-0.68057,-0.72906,0.07275,46.81,Y,43.19,90 180
a5f42bbfddcadf05eeb8d422649e5f2b,axial,bowl,0,0.49161,0.72132,0.48786,46.16,Y,43.84,45 90 60 120 180
a6ae06e879fcaa019e26fe04e3dd51db,axial,lamp,0,-0.39926,0.64722,-0.64938,40.33,Z,49.51,45 90 180 36 72 60 40 120
a72410196463086561fc247a18f47792,axial,lamp,0,-0.48599,-0.87021,0.08098,60.48,Y,29.52,120 45 60 90 180 40 36 72
a73d531b90965199e5f6d587dbc348b5,axial,bowl,0,0.95025,0.11072,0.29115,6.36,X,18.15,45 60 90 120 180
a86d587f38569fdf394a7890920ef7fd,axial,bottle,0,-0.86803,0.49136,0.07138,29.43,X,29.77,120 60 45 90 180
a8b41d9e570e2a8e7afd114af4bb7b4b,axial,pot,0,0.29993,0.25,0.92062,14.48,Z,22.98,45 90 180
a8d45280f2ac4e7190c926f4231a7285,axial,lamp,0,0.28478,-0.95321,-0.10148,72.4,Y,17.6,180 60 120 90 40 36 72
a911474d0fa043e3cf004563556ddb36,axial,lamp,0,0.94248,0.33202,0.0386,19.39,X,19.53,120
a95db9f4cb692657a09c6a60c6dc420,axial,jar,0,-0.35852,-0.1154,-0.92636,6.63,Z,22.13,120 90 60 45 180
a97bd9998d12467d7275456565149f4f,axial,ashcan,0,0.91779,-0.1583,0.36415,9.11,X,23.39,120 45 60 90 180
a98b76254bcd32c05481b689f582aa44,axial,bowl,0,0.17949,0.88107,-0.43761,61.77,Y,28.23,120 45 60 90 180
a9ba34614bfd8ca9938afc5c0b5b182,axial,bowl,0,-0.66766,-0.70972,0.2248,45.21,Y,44.79,120 180 90 60 45
aa616bbf51ae233278d5828fe3be4b43,axial,bottle,0,0.5892,-0.36167,0.72252,21.2,Z,43.74,120 60 45 90 180
aa765d04e997e36a1742918a871fc8cf,axial,lamp,0,-0.68643,-0.10295,0.71987,5.91,Z,43.96,90 180
aad3cd6a40a15cb8664b3b9b23ddfcbc,axial,bowl,0,-0.67208,0.71402,-0.19618,45.56,Y,44.44,180 60 90 120 45
aad5c7256a7c6ba92a4d67a8ec314d2a,axial,lamp,0,-0.91723,-0.00473,-0.39833,0.27,X,23.48,45 90 120 60 180 40 36 72
ab02e202accb9b4b65b77a565916c7f,axial,lamp,0,-0.03412,0.88508,-0.4642,62.26,Y,27.74,120 60 180 45 90 40 36 72
ab6792cddc7c4c83afbf338b16b43f53,axial,bottle,0,-0.53625,0.31786,0.78192,18.53,Z,38.56,90 180 45 60 120
ac131ac1bbe3dd10846564a8a219239b,axial,bottle,0,-0.39426,0.76001,-0.51666,49.47,Y,40.53,90 45 180 120 60
acfe521c412fcd04564c0afd61663476,axial,ashcan,0,-0.00257,-0.1797,-0.98372,10.35,Z,10.35,90 180 40 60 120
ad33ed7da4ef1b1cca18d703b8006093,axial,bottle,0,-0.12478,-0.9817,-0.14388,79.02,Y,10.98,120 90 60 180 45
ad7dbc3a78d37b4c8616812464c86290,axial,lamp,0,-0.16105,0.53591,-0.82877,32.41,Z,34.03,180 45 60 90 120 40 36 72
ad7fedee24a70d82a5f600ed2cf472ac,axial,lamp,0,0.13593,-0.39068,-0.91043,23.0,Z,24.43,60 120 180
add17b35bc4665e6f33a685c2506bbe6,axial,bottle,0,-0.57664,0.81183,0.09172,54.28,Y,35.72,120 60 180 45 90
ae52386c7a6e25a1a666d1503f8e34ad,axial,bottle,0,0.7394,0.40979,-0.53419,24.19,X,42.32,180 90 60 120 45
ae5c7d8a453d3ef736b0f2a1430e993a,axial,bowl,0,-0.01625,0.14087,-0.98989,8.1,Z,8.15,180 120 90 45 60
aeb7b4bb33fd43a14e23e9314af9ae57,axial,bowl,0,0.85943,-0.51064,0.025,30.71,X,30.75,120 60 90 180 45
aec6aa917d61d1faebe67d9b32c3ddf8,axial,bottle,0,0.32287,0.31319,-0.89312,18.25,Z,26.73,90 45 180
aed950102f1e9c7a659dda512294c744,axial,lamp,0,-0.73813,0.43352,0.51694,25.69,X,42.43,180 120 60 90 45
aeec00d8dd6e196451a2ad3de1977657,axial,bowl,0,-0.05911,-0.28468,0.9568,16.54,Z,16.9,180 90 45 60 120
af4ff1c4a94383e9ca017e2245ec1dae,axial,bottle,0,0.45327,0.891,0.02562,63.0,Y,27.0,120 60 45 90 180
af853a8c58d2b631992eedbdd14b936d,axial,bottle,0,0.0644,-0.8475,0.52688,57.94,Y,32.06,180
afb7cc3bbc3595a4e9b3dff83c7ff715,axial,lamp,0,-0.12776,-0.88215,-0.4533,61.9,Y,28.1,120 60 45 90 180 40 36 72
b00152d19e8f2b87b2d2b5b947dc0b8d,axial,bottle,0,-0.03197,-0.69774,-0.71563,44.25,Z,44.3,120 60 45 90 180
b007af6eabaa290dd42b9650f19dd425,axial,bowl,0,0.42451,-0.48157,-0.76673,28.79,Z,39.94,180 60 120 45 90
b0a3cf1e09f7a3591c1ef519b9196b63,axial,lamp,0,-0.17066,-0.3705,-0.91302,21.75,Z,24.07,180
b11c3bda15930ee7bba5aaac798c64af,axial,lamp,0,0.77771,0.50209,-0.37825,30.14,X,38.95,180
b1271f402910cf05cfdfe3f21f42a111,axial,bottle,0,0.27205,-0.55016,0.7895,33.38,Z,37.86,90 45 180 120 60
b13f6dc78d904e5c30612f5c0ef21eb8,axial,bottle,0,-0.59687,0.25953,0.75921,15.04,Z,40.61,180 45 90 60 120
b15485a55d855bf980936c51aa7ffcf5,axial,lamp,0,0.92193,-0.17365,0.34627,10.0,X,22.79,60 90 120 180 45
b195dbe537993945e4e346ee2650d150,axial,bowl,0,0.17166,0.70318,-0.68998,44.68,Y,45.32,90 45 180 60 120
b1ec680145762d1eb784faac204319d9,axial,lamp,0,-0.8054,-0.29568,0.51372,17.2,X,36.35,60 90 180 120 45 40 36 72
b1edea6e2974e1b35c935b78db2f5ec3,axial,lamp,0,0.18631,0.82633,-0.53147,55.72,Y,34.28,180
b2116d5a9b93a0704f377bc8602186f5,axial,lamp,0,-0.16018,-0.98573,0.05172,80.31,Y,9.69,45 60 90 120 180 40 36
b2498accc1c3fe732db3066d0100ee4,axial,bottle,0,-0.84216,-0.36391,0.39792,21.34,X,32.63,45 90 120 60 180
b2507913d631e8b8bcfad79fc308fa6d,axial,jar,0,-0.08305,0.9121,0.40146,65.8,Y,24.2,120 60 45 90 180
b2acbb6717c7a842fcb8d8c6d4df8143,axial,lamp,0,-0.84838,0.00474,0.52937,0.27,X,31.96,90 180
b2bdd202470b4166f3a29b1591515940,axial,lamp,0,-0.59183,0.79292,-0.14497,52.46,Y,37.54,180
b2c3fb8c5b65a63ce2c3d541bbe76212,axial,lamp,0,0.2619,0.86408,0.42986,59.78,Y,30.22,180 90
b2e03341b4648a3d63b2acb037dfbcde,axial,pot,0,0.00022,0.8564,0.51632,58.91,Y,31.09,180 90
b31bcdeaae689dd862af18ecbdb58c38,axial,lamp,0,0.76588,-0.48061,0.42713,28.73,X,40.01,180 90
b31c246d2341429f76c2a9de5c96f76,axial,lamp,0,0.89061,-0.40113,0.21427,23.65,X,27.05,180 90
b31ca446cb3e88dda88e473ddd1152a6,axial,bottle,0,-0.60027,0.12124,0.79055,6.96,Z,37.76,120 45 90 60 180
b35081bcc11ff7847b8ec2c9a49686dd,axial,bottle,0,-0.35147,-0.23481,-0.90627,13.58,Z,25.0,120 60 90 45 180
b3530cffd4a04deab641e19ecbf0e871,axial,lamp,0,0.50608,-0.37376,-0.7773,21.95,Z,38.99,180 45 90
b35973652d9a526c64848cfde3847b25,axial,bottle,0,-0.25353,0.05197,0.96593,2.98,Z,15.0,180 120 60 90 45
b362273df5596c7e7f095f36ba0999f4,axial,jar,0,0.63273,0.7655,0.11693,49.95,Y,40.05,60 180 120 90 45
b3c256f5013d9c2244c183864792bc2b,axial,pot,0,0.55451,-0.73739,0.38571,47.51,Y,42.49,90
b444be0623b2e237d73e51f8db3a696e,axial,lamp,0,0.28186,0.95706,-0.06781,73.15,Y,16.85,180
b45b8df0557da6acc14d5c159bab8297,axial,lamp,0,-0.39762,0.90496,0.15146,64.82,Y,25.18,90 180 45 36 72 60 40 120
b474613907b293682f8b82e61bb347fa,axial,lamp,0,0.67571,0.73386,0.06978,47.21,Y,42.79,180
b4b4f2d95de89e88b693b28f9c9c2143,axial,ashcan,0,-0.92544,0.24543,0.28866,14.21,X,22.27,45 60 90 120 180
b4be7d84e2151a3e8bb3deb7fab7c9b7,axial,lamp,0,-0.89314,-0.15044,-0.42388,8.65,X,26.73,180 45 60 36 40 72 90 120
b4c43b75d951401631f299e87625dbae,axial,bowl,0,0.65572,0.01319,-0.75489,0.76,Z,40.98,45 60 90 120 180
b4f7f20fe212e633c14d5c159bab8297,axial,lamp,0,-0.35817,0.70054,-0.61722,44.47,Y,45.53,180 60 45 90 120
b57bcdb88c669663ec2a7a1f5fe7365d,axial,lamp,0,-0.34801,-0.91255,0.21479,65.86,Y,24.14,180
b5b728ebd7c0833530f6e0ede20c4525,axial,lamp,0,-0.22882,-0.74136,0.63089,47.85,Y,42.15,180 90
b5d1f064841b476dba5342d638d0c267,axial,bowl,0,0.89853,-0.2905,0.32901,16.89,X,26.03,120 90 45 60 180
b5d81a5bbbb8efe7c785f06f424b9d06,axial,bowl,0,0.15142,-0.70201,-0.69589,44.59,Y,45.41,180 120 60 90 45
b6261066a2e8e4212c528d33bca1ac2,axial,bottle,0,-0.15721,-0.25391,-0.95437,14.71,Z,17.38,45 60 90 120 180
b69c3a0a46b932e3d3c1fbbc2200e255,axial,lamp,0,-0.1947,-0.95271,-0.23332,72.31,Y,17.69,180 90
b69e25e7ab9b829215b14098c484b7c1,axial,bowl,0,0.63238,-0.76477,0.12343,49.89,Y,40.11,90 45 120 60 180
b71afc7791d18eabc573899ac6ab82e4,axial,bottle,0,0.40274,0.79043,-0.46154,52.23,Y,37.77,120 60 180 45 90
b742bd7f675191c24ad6a0c67b7f7a5b,axial,bottle,0,-0.40108,-0.87682,-0.26518,61.26,Y,28.74,120 60 90 45 180 40 36 72
b8767b71c2216dcad317c475f024f3b8,axial,bottle,0,0.97505,0.1289,0.18072,7.41,X,12.83,45 180 90 60 120
b89de6e29a5a1d6425ebd1cd0b422e32,axial,pot,0,0.50153,0.79424,0.34301,52.58,Y,37.42,180 90 60 120
b8fd592b4b5dcaa41aa761bcc4793321,axial,bottle,0,0.74518,0.54803,-0.37996,33.23,X,41.83,120 90 60 180
b941ca9770b59c3918a27ff49f2f297f,axial,bowl,0,-0.94814,-0.09681,-0.30275,5.56,X,18.53,45 60 90 120 180
b95559b4f2146b6a823177feb9bf5114,axial,bottle,0,0.34945,-0.55974,0.75138,34.04,Z,41.29,90 180 120 45 60
b9b1108520918039a47fdd008f2ae822,axial,ashcan,0,-0.43432,-0.3076,0.84661,17.91,Z,32.16,120
ba05811f301cdd791735ea0e092a805a,axial,lamp,0,0.80173,0.57596,0.15968,35.17,X,36.7,180
ba397aa90c4af6ec98d5fc0473d00a1c,axial,lamp,0,0.47393,0.81129,-0.34235,54.22,Y,35.78,40 120
baa4d6ca9521a55b51d6f7c8e810987e,axial,bowl,0,0.25526,0.04078,0.96601,2.34,Z,14.98,120 180 90 45 60
bad4a1e98a6111f7db48c721db3fba4,axial,lamp,0,-0.35419,0.20807,-0.91173,12.01,Z,24.25,120
baeaa576ba746179e8d7df9e0b95a9b2,axial,bowl,0,-0.5948,0.7947,0.12108,52.63,Y,37.37,90 45 180 60 120
bb46957091f2a282cfdfe3f21f42a111,axial,bottle,0,-0.03782,0.65457,-0.75505,40.89,Z,40.97,60 90 45 180 120
bb5f7de6d079f8e2c054c46f3dc261f,axial,pot,0,-0.29655,-0.94869,0.10976,71.57,Y,18.43,90 120 45 180 60
bb7586ebee0dc2be4e346ee2650d150,axial,bowl,0,-0.73608,-0.11465,0.66712,6.58,X,42.6,90 180
bbf4b10b538c7d03bcbbc78f3e874841,axial,bowl,0,0.74737,0.65505,0.11111,40.92,X,41.64,90 180 45 60 120
bc218fcb647e7127984fb9ec7e40829,axial,lamp,0,0.18722,0.64524,-0.74068,40.18,Z,42.21,45 60 90 120 180 40 36 72
bc704db7b62582e5d1cbf3e52b9b6237,axial,lamp,0,-0.88445,0.32134,-0.33836,18.74,X,27.82,45 90 60 180 120 36 40 72
bc800138650bc4a6c7c8ce3bef5c2aa9,axial,lamp,0,-0.26297,0.96324,0.05488,74.42,Y,15.58,120 60 180 45 90 40 36 72
bcacdde81063a5df30612f5c0ef21eb8,axial,bottle,0,-0.96919,0.1756,0.17273,10.11,X,14.26,90 45 180 60 120
bcbc2c637bed89e4d1b69ad96276e132,axial,bottle,0,-0.75417,-0.2587,0.60357,14.99,X,41.05,120 60 45 90 180
bd1cbcb990375022b45fed2806c331ab,axial,lamp,0,0.65546,0.16896,-0.73608,9.73,Z,42.6,90 180
bd234f132e160fad8f045e3f1e9c8518,axial,lamp,0,0.8394,0.54349,-0.00557,32.92,X,32.92,180 45 90 60 120 40 36 72
bd28b6cd2fdb691b8d8eca78e5e16d9d,axial,bottle,0,0.0013,0.79754,0.60326,52.9,Y,37.1,90 180
bd50af3416f45348679a03fdc41e0266,axial,bottle,0,0.86013,-0.47829,0.17726,28.57,X,30.67,45 60 90 120 180
bd6fdeae09b3c00c3ea96ac97db63fa8,axial,bottle,0,0.46627,0.80775,-0.36073,53.88,Y,36.12,45 90 60 180 120
be00be72836114159568832390d67ef,axial,lamp,0,-0.65985,-0.74204,0.11821,47.91,Y,42.09,180 90
be3c2533130dd3da55f46d55537192b6,axial,bowl,0,-0.1257,0.75857,-0.63935,49.34,Y,40.66,36 72 180
be60fdf6e4c9e45fdac42bdc1d2df4a3,axial,lamp,0,-0.30399,-0.86189,-0.40587,59.53,Y,30.47,72 40 45 60 120 90 36 180
be8a2f8460a963426a6acc5f155f864,axial,bowl,0,-0.70471,0.66866,0.23723,41.96,X,45.19,120 90 45 60 180
bf2687bb57e94f4071d7520e3757f3e9,axial,lamp,0,0.00915,0.78887,-0.6145,52.08,Y,37.92,180 60 120
bf6674af4ba8b95fa4080573400e0dc9,axial,lamp,0,-0.37859,-0.00486,0.92555,0.28,Z,22.25,90 180
c0ed2720d248d4e125ebd1cd0b422e32,axial,pot,0,-0.56415,0.81841,-0.10927,54.93,Y,35.07,180 60 90 45 120
c0f57c7f98d2581c744a455c7eef0ae5,axial,bowl,0,0.95082,0.19898,-0.2374,11.48,X,18.04,90 180 45 120 60
c125ab8675fdc2b03225afab722d9fd2,axial,lamp,0,-0.03264,0.80707,-0.58955,53.81,Y,36.19,60 180 90 120 36 72 40 45
c13219fac28e722edd6a2f6a8ecad52d,axial,bottle,0,0.21791,-0.91689,-0.3344,66.48,Y,23.52,120 45 60 90 180
c1923b90d48f2016d86b59aca5792b15,axial,pot,0,-0.51555,-0.04608,0.85562,2.64,Z,31.17,180
c1abad416a011faa2c59a4d90e63212,axial,pot,0,-0.85116,-0.46922,0.23527,27.98,X,31.66,90 180 45 36 72 60 40 120
c1bad5cc2d9050e48aee29ee398d36ed,axial,bowl,0,0.5965,-0.28509,-0.75028,16.56,Z,41.39,180 60 120 90 45
c1d2b20435cbeea0c0028f3b08785d05,axial,lamp,0,0.88822,-0.00858,-0.45933,0.49,X,27.35,180
c25fd49b75c12ef86bbb74f0f607cdd,axial,bowl,0,0.70617,-0.44427,0.55131,26.38,X,45.08,180 90 120 45 60
c263fec31c8d33874f51382fa3549a00,axial,lamp,0,-0.56527,0.09671,-0.81922,5.55,Z,34.99,120 45 90 60
c313946af426bcc7368b14e48c164a6e,axial,pot,0,0.50267,0.28828,-0.815,16.75,Z,35.41,180 90
c359b4c545e5ee3efcb8d8c6d4df8143,axial,lamp,0,0.17884,-0.82749,-0.53224,55.84,Y,34.16,180 90
c3767df815e0e43e4c3a35cee92bb95b,axial,bottle,0,0.48967,-0.4924,-0.71956,29.5,Z,43.98,180 90 60 45 120
c399bfee7f25f0ff95aab58c1db71c10,axial,bowl,0,-0.81321,-0.45587,0.36176,27.12,X,35.59,45 90 60 180 120
c3d57dada3819e60fbaaaf5884f2c88f,axial,lamp,0,-0.88426,0.08537,-0.45912,4.9,X,27.84,120 45 90 60 180 40 36 72
c464b5be51b387fead5067eac75a07f7,axial,lamp,0,0.94308,0.1773,-0.28136,10.21,X,19.42,180 90
c46bfae78beaa4a7988abef1fd117e7,axial,bottle,0,-0.69604,0.41281,-0.58747,24.38,X,45.89,90 120 60 45 180
c4ac6a5f651d12c6c6b4aaa0b0f9d794,axial,jar,0,0.37391,-0.36524,-0.85252,21.42,Z,31.51,180
c4b6121d162a3cb216ae07d515c8c56e,axial,bottle,0,-0.24269,-0.88722,0.39236,62.53,Y,27.47,45 90 180 60 120 40 36
c553b7e594942f0a4c0bba210aa0d1,axial,bottle,0,0.06704,-0.54535,0.83552,33.05,Z,33.33,120 60 180 90 45
c80173e23efaac35535deb3b0c692a2a,axial,bottle,0,-0.74466,0.14096,0.65239,8.1,X,41.87,90 180 45 60 120
c8ba5b8ad05d553acd017fc6c40a6bea,axial,lamp,0,0.6877,-0.72548,0.02735,46.51,Y,43.49,90 180
c8efa3566eb1ce9bdbbc9f7db3c7138e,axial,pot,0,0.73149,0.59445,-0.33399,36.47,X,42.99,120
c906a9c7ae536a0c7fb7f79251dd7727,axial,lamp,0,-0.535,0.52762,-0.65984,31.84,Z,48.71,120
c961e64a930680bb900a91cbf836390b,axial,lamp,0,-0.70886,0.64398,0.28776,40.09,X,44.86,180 45 60 90 120 40 36 72
c99eaaeb9b941af62ebeb1e6a8111f53,axial,lamp,0,-0.56884,0.01741,-0.82226,1.0,Z,34.69,180 90 60 45 120 36 40 72
c9a464649fb52e99d5cb6d178687b980,axial,lamp,0,-0.96664,-0.2454,0.0734,14.21,X,14.84,90 180 45 60 120 36 40 72
ca2341f33cd4995dae7fdc0845a47bf5,axial,bottle,0,0.68783,-0.30581,-0.65831,17.81,X,46.54,45 60 90 120 180 40
ca5d8536386d31d0dd90cd03407bb536,axial,lamp,0,0.62811,-0.02541,0.77771,1.46,Z,38.95,180
ca75df76115441abc516ff01c2593ee9,axial,lamp,0,-0.54534,-0.35697,-0.75841,20.91,Z,40.68,120 60 45 90 180
caa8379f21c74f611f058bf0578300,axial,bottle,0,-0.73847,0.06074,-0.67155,3.48,X,42.4,90 45 180 40 36 60 120 72
cb3ff04a607ea9651b22d29e47ec3f2,axial,bottle,0,-0.67486,0.70282,-0.22494,44.65,Y,45.35,45 60 90 120 180
cbad1d4f7eb51ad9368b14e48c164a6e,axial,pot,0,0.14849,-0.87755,-0.45591,61.35,Y,28.65,180 90
cbe88d4a56535ba64e23e9314af9ae57,axial,bottle,0,0.55362,0.06063,0.83056,3.48,Z,33.84,180 90
cc71eaf7278d78ce72652f4081ec5a77,axial,pot,0,0.03888,0.88279,-0.46816,61.98,Y,28.02,90 180
cce6476ac521a1d130f6e0ede20c4525,axial,lamp,0,0.61904,0.73072,0.28782,46.95,Y,43.05,180
cd05ada0981bd85a2c528d33bca1ac2,axial,lamp,0,-0.75313,-0.31797,0.57593,18.54,X,41.14,45 90 60 120 180 40 36 72
cd389501a749d5b13b080c0097c00a32,axial,lamp,0,-0.56358,0.68048,0.46832,42.88,Y,47.12,120
cdeccf2f410846d0e0155f56493d36bc,axial,bottle,0,0.59781,-0.68461,0.41706,43.2,Y,46.8,72
ce3b5fdadd2b73216aea2f18ee404fd5,axial,lamp,0,-0.1272,-0.95493,-0.2682,72.73,Y,17.27,180 90 60 45 36 40 72 120
ce406a32bdc610198ca4aeb5e3b33af7,axial,lamp,0,0.67218,-0.5723,-0.46972,34.91,X,47.76,120
ce48ffb418b99996912a38ce5826ebb8,axial,bowl,0,-0.3676,-0.9225,0.11775,67.29,Y,22.71,180 90 45 60 120
cf0a733f9a63f4f5664b3b9b23ddfcbc,axial,bottle,0,0.94007,-0.3232,0.1087,18.86,X,19.94,45 180 90 60 120
cf158e768a6c9c8a17cab8b41d766398,axial,ashcan,0,-0.68718,-0.41262,0.59793,24.37,X,46.59,120 180 60 90 45
cf6843231592b29e2586fa0d0359af6,axial,bottle,0,0.18613,-0.86507,0.46585,59.89,Y,30.11,180 60 90 120 45
cf6eff1143f9826ab5c14191b5dd293b,axial,bottle,0,-0.65076,0.11146,0.75106,6.4,Z,41.32,180 45 60 90 120
cf9987efe529a5c538b27a25d1336579,axial,lamp,0,0.57796,-0.5093,0.63763,30.62,Z,50.38,180 90 60 45 120
d08164b754c2f139b93e96f21cf0da86,axial,lamp,0,-0.14498,-0.95902,-0.24342,73.54,Y,16.46,180
d162f269bc5fb7da85df81f999944b5d,axial,bowl,0,0.28785,0.56663,0.77205,34.52,Z,39.46,120 45 60 90 180
d1792ebb96fe73ff30612f5c0ef21eb8,axial,bottle,0,0.067,-0.89271,0.44563,63.22,Y,26.78,180
d190d56a1e6213e420ebca9c2a65e97d,axial,lamp,0,-0.46012,-0.75209,-0.47186,48.77,Y,41.23,90 180
d1addad5931dd337713f2e93cbeac35d,axial,bowl,0,-0.56744,-0.82338,0.00717,55.42,Y,34.58,45 60 90 120 180
d1aed86c38d9ea6761462fc0fa9b0bb4,axial,lamp,0,0.37677,0.88858,0.26168,62.7,Y,27.3,180 90 45 60 120 36 72 40
d231a8b21aeeb7d78749901456352d5,axial,lamp,0,-0.46268,-0.31729,0.8278,18.5,Z,34.13,90 180
d297d1b0e4f0c244f61150ce90be197a,axial,bottle,0,0.77002,-0.37163,-0.51862,21.82,X,39.64,180 60 36 40 72 45 90 120
d30623112e58b893eee7d6dab02eb061,axial,bottle,0,0.08124,0.05763,0.99503,3.3,Z,5.72,45 60
d357edb3b9ae47f230f6e0ede20c4525,axial,lamp,0,-0.65989,-0.05831,0.74909,3.34,Z,41.49,90 45 180
d36d4552fe1290ee90c2e24416edfe5b,axial,lamp,0,0.61545,0.43018,-0.66043,25.48,Z,48.67,90 180 45 60 36 40
d3a3d52234e722825208aab875b932bc,axial,lamp,0,-0.24592,0.5372,0.80681,32.49,Z,36.21,36 72 60 120 180 40 45 90
d3b53f56b4a7b3b3c9f016d57db96408,axial,bottle,0,-0.6221,-0.55043,0.5568,33.4,X,51.53,180 45 90 60 120
d3ed110edb3b8a4172639f272c5e060d,axial,bottle,0,-0.57264,0.81233,-0.11043,54.32,Y,35.68,180 45 60 90 120
d3eea69d9d58401c76c2a9de5c96f76,axial,bottle,0,-0.09537,0.98615,0.13571,80.45,Y,9.55,60 120 180 45 90
d42435906e79e4131de8e551fc6cf2b0,axial,lamp,0,0.43547,0.08508,0.89617,4.88,Z,26.34,45 90 60 180 120 40 36 72
d44472ef7086538676bb31db0358e9c6,axial,bottle,0,0.80922,0.38457,0.44415,22.62,X,35.98,180 40 60 120
d44618b5aefe9ecd467ca2ad6571afff,axial,bottle,0,-0.62207,-0.27564,-0.73284,16.0,Z,42.88,180 36 120 72 60 40 45 90
d466b21fb042a2ac605afa80919f9592,axial,lamp,0,0.20292,-0.66482,0.71892,41.67,Z,44.03,90 180 45 60 120 40 36 72
d54b55ff9b0923c12cd2160e449d45ae,axial,lamp,0,0.52673,-0.84911,0.03952,58.12,Y,31.88,120
d56098d4d83f5976a2c59a4d90e63212,axial,jar,0,-0.86088,-0.50355,-0.07292,30.24,X,30.58,120 60 90 180
d59202f9d1504c8cc65f1ed6a348c8a9,axial,lamp,0,0.5619,-0.371,0.73934,21.78,Z,42.32,60 120 45 90 180
d5dd0b4d16d2b6808bda158eedb63a62,axial,bottle,0,0.51326,-0.28324,-0.81015,16.45,Z,35.89,45 60 90 180 120
d6474403437240d578e4d091a0ee3ecd,axial,ashcan,0,0.19907,-0.51138,-0.83598,30.76,Z,33.28,180
d73b4313372ca6e1a6a7b6e78d8d5bcb,axial,lamp,0,-0.29474,-0.25679,0.92043,14.88,Z,23.01,45 90 60 120 180 40 36 72
d74bc917899133e080c257afea181fa2,axial,bottle,0,-0.55176,-0.81397,-0.18169,54.49,Y,35.51,60 45
d7e77f60893f20c4a2c59a4d90e63212,axial,pot,0,0.97313,0.22413,0.05271,12.95,X,13.31,180
d8021dc9fc9109b130612f5c0ef21eb8,axial,bottle,0,0.34816,-0.37326,-0.85992,21.92,Z,30.69,45 60 120 90 180
d829ffd1d35f36a61ad51dad4e9c1543,axial,bottle,0,-0.13393,-0.3996,0.90685,23.55,Z,24.93,120 60 90 180 45
d82a17b1f646e95dfcb8d8c6d4df8143,axial,lamp,0,0.38276,-0.06327,0.92168,3.63,Z,22.83,90 180
d851cbc873de1c4d3b6eb309177a6753,axial,bottle,0,0.25143,0.81211,-0.52656,54.3,Y,35.7,90 180 120 45 60
d85f1862dfe799cbf78b6c51ab8f145e,axial,bottle,0,-0.23877,-0.65003,0.72142,40.54,Z,43.83,45 90 120 60 180
d87a2d766579f15e38b27a25d1336579,axial,lamp,0,0.25268,0.75036,-0.61082,48.62,Y,41.38,180
d8b33b356591441f23d2ff62625c9fe7,axial,lamp,0,-0.00115,-0.54594,0.83782,33.09,Z,33.09,72 36 180
d8b6c270d29c58c55627157b31e16dc2,axial,bottle,0,-0.66309,-0.70315,-0.25669,44.68,Y,45.32,90 180 60 120 45 40 36
d910d855fd179dc066c1a8ee69277898,axial,bottle,0,-0.30751,0.66711,0.67853,41.84,Z,47.27,120 45 60 90 180
d98455f19960f99ed684faddec3c0090,axial,bowl,0,0.61184,-0.49887,0.61383,29.93,Z,52.13,120 60 180 45 90
d9aee510fd5e8afb93fb5c975e8de2b7,axial,bottle,0,-0.05161,0.15922,-0.98589,9.16,Z,9.64,120 180 60 90 45
da5db67a2385d5e8da9baff5f5368802,axial,lamp,0,0.54759,0.14582,-0.82395,8.38,Z,34.52,180 90
da5f13f4048dbd72fcb8d8c6d4df8143,axial,lamp,0,-0.9805,-0.12033,0.1554,6.91,X,11.33,120
db180e4f9a75ae717ba6f8f10959534c,axial,bowl,0,0.67481,0.5938,-0.43822,36.43,X,47.56,120 60 90 180 45
db88171d1793fa2785718c281d7fdf61,axial,lamp,0,-0.54235,-0.01932,0.83993,1.11,Z,32.87,60 120 180
db9eea0b856faed772652f4081ec5a77,axial,pot,0,0.36273,-0.89691,0.25293,63.76,Y,26.24,180
dbe83cbb4cd5113c14038d588fd1342f,axial,lamp,0,-0.51204,0.55783,0.65318,33.91,Z,49.22,90 180
dc005c019fbfb32c90071898148dca0e,axial,bottle,0,-0.2616,0.39467,0.8808,23.25,Z,28.26,120 90 60 180
dc0926ce09d6ce78eb8e919b102c6c08,axial,bottle,0,0.92199,0.34936,-0.16697,20.45,X,22.78,180 90 45 120 60
dc2c07ff617d1da0197a35146ee825cd,axial,bottle,0,-0.09753,0.99523,-0.00119,84.4,Y,5.6,90 45 120 180 60
dc5e7460dff922246a44fdd49dec8069,axial,lamp,0,-0.07029,0.40179,0.91303,23.69,Z,24.07,180 90 60 45 36 40 120 72
dc687759ea93d1b72cd6cd3dc3fb5dc2,axial,bottle,0,-0.8928,0.33676,-0.29918,19.68,X,26.77,180 90 45 60 120
dc8b9cc431acdda473f5a6f6800a3e79,axial,lamp,0,-0.67219,0.72644,-0.14303,46.59,Y,43.41,45 60 90 120 180
dd15ee7374954827c5be64abd4416cc9,axial,bowl,0,0.05764,0.4576,-0.88729,27.23,Z,27.47,180 90 60 45 120
dd1dde844f5b8ceef361255e85d5896f,axial,lamp,0,-0.21272,0.96581,-0.14817,74.97,Y,15.03,45 60 90 40 36 120 72 180
dd280525cf000bc3a608634464309a70,axial,bottle,0,0.14731,0.98611,-0.07667,80.44,Y,9.56,60 120 45 90 180
dd2f38a2acf5334781cf48bf3eca784c,axial,pot,0,0.32498,0.89282,0.31187,63.23,Y,26.77,180 60 90 120 45
dd381b3459767f7b18f18cdcd25d1bbb,axial,bowl,0,-0.8033,0.25742,0.53706,14.92,X,36.55,45 90 60 180 120
ddc2d39dac6e84506c5b8009db95f66f,axial,lamp,0,0.36184,0.91291,-0.18888,65.91,Y,24.09,180 120 60 90 45 40 36
ddeb5d944c128f78b0957d845ac33749,axial,lamp,0,-0.87795,-0.35523,-0.32095,20.81,X,28.6,45 60 90 120 180 40 36 72
de5799693fbddbe3c4560b8f156e749,axial,lamp,0,-0.60925,0.7315,-0.30613,47.01,Y,42.99,180
de93987085cf4dcc5208aab875b932bc,axial,lamp,0,0.82793,-0.36466,-0.42608,21.39,X,34.11,45 90 60 120 180 40 36 72
dee4dc24ecc3067f44c183864792bc2b,axial,pot,0,-0.88868,0.13628,0.4378,7.83,X,27.29,180 90 60 120
df4ec460683acbb89d789ef7917b7723,axial,bottle,0,-0.90799,-0.33529,-0.25128,19.59,X,24.77,45 90 60 120 180
e001d10c9aed09d9947a4fb398a91722,axial,lamp,0,-0.73296,0.63984,-0.23104,39.78,X,42.86,180
e017cd91e485756aef026123226f5519,axial,bottle,0,-0.2296,0.79153,0.56636,52.33,Y,37.67,45 90 60 120 180
e02cc9c4cac285419cb07ecb5b4102,axial,lamp,0,0.23826,0.83823,-0.49052,56.95,Y,33.05,90 36 72 180 60 40 120 45
e0725fd7859fa238ff67c12005f72d2,axial,pot,0,0.0449,-0.9988,-0.01966,87.19,Y,2.81,90 180
e072da5c1e38c11a7548281e465c9303,axial,bowl,0,-0.23181,0.87351,-0.42806,60.87,Y,29.13,45 60 120 90 180
e0a99ab7c7a0d2d4e59f529cd1b6faa8,axial,lamp,0,-0.33297,0.08093,0.93946,4.64,Z,20.04,180 45 60 120 90 40 36 72
e119bf2041459392601bea3dca268229,axial,bottle,0,-0.10108,0.18583,0.97737,10.71,Z,12.21,180
e12e898cceec4e23f51f77a6d7299806,axial,lamp,0,0.57914,-0.28201,-0.7649,16.38,Z,40.1,120 45 60 90 180 36 40 72
e16e27d3670853b12d4e6b2984840098,axial,bowl,0,-0.95305,-0.06245,0.29631,3.58,X,17.63,120 60 90 180
e178ab3b967c7fddc901d9dddb735c9f,axial,lamp,0,0.18788,0.9502,0.24863,71.84,Y,18.16,45 60 90 120 180
e180510d07b65fff571108a6d1e94edd,axial,lamp,0,0.33886,0.28432,0.89685,16.52,Z,26.25,45 90 60 120 180 40 36 72
e1891813cf904b3188e7efbf7ff736b7,axial,lamp,0,0.56102,-0.37534,-0.73782,22.05,Z,42.45,45 60 90 120 180 40 36 72
e2343ffc39e5f4bf85a18a4e86f89dc9,axial,lamp,0,0.79818,-0.16176,-0.5803,9.31,X,37.04,180
e24fb21f7cb7998d94b2f4c4a75fd722,axial,bottle,0,0.91221,0.35573,0.2033,20.84,X,24.19,180 90 45 60 120
e293003f297e155624d1b7c6bfe44fcc,axial,lamp,0,-0.45706,-0.74274,0.48931,47.97,Y,42.03,180 45 36 40 60 90 72 120
e30444ae7a929b6687d4034dde63c4f7,axial,lamp,0,-0.11278,-0.45291,-0.8844,26.93,Z,27.82,180
e30e5cbc54a62b023c143af07c12991a,axial,bowl,0,0.60532,-0.34238,0.71859,20.02,Z,44.06,45 90 60 180 120
e3484284e1f301077d9a3c398c7b4709,axial,ashcan,0,-0.09597,0.53999,-0.83618,32.68,Z,33.26,90 180 45 60 120
e37cfb42fe03034842ab55d7ba3461f,axial,bottle,0,0.20578,-0.29454,-0.93322,17.13,Z,21.06,120 90 45 60 180
e3d4d57aea714a88669ff09d7001bab6,axial,bowl,0,-0.74274,0.64424,0.18247,40.11,X,42.03,180 60 120 45 90
e3e57a94be495771f54e1b6f41fdd78a,axial,bowl,0,0.56401,0.82574,0.00711,55.66,Y,34.34,180 90 45 60 120
e3ee6b31e54e95b7d42b9650f19dd425,axial,lamp,0,0.63846,0.76025,0.11992,49.49,Y,40.51,60 120 180 45 90
e43996a9154a48e0db039d8689a74349,axial,lamp,0,0.14125,0.63144,-0.76245,39.16,Z,40.32,90 180
e4915635a488cbfc4c3a35cee92bb95b,axial,bottle,0,0.15565,0.27003,0.95019,15.67,Z,18.16,45 60 90 120 180
e4c871d1d5e3c49844b2fa2cac0778f5,axial,bowl,0,-0.57004,-0.81795,-0.07753,54.88,Y,35.12,120 60 180 90
e500097e7023db9ac951cf8670bfff6,axial,ashcan,0,-0.312,-0.83748,0.44865,56.87,Y,33.13,90 180 45 60 120
e53e623e49b97bbd72652f4081ec5a77,axial,pot,0,0.4652,-0.88521,-0.0004,62.28,Y,27.72,180
e593aa021f3fa324530647fc03dd20dc,axial,bottle,0,-0.05884,0.18504,-0.98097,10.66,Z,11.2,90 45 60 120 180
e5a5dac174982cea2dcdfc29ed7a2492,axial,bottle,0,-0.34974,0.37793,0.85723,22.21,Z,30.99,90 45 120 60 180
e5ff9311bee487f5ca4aaad7dc0e3a16,axial,lamp,0,-0.00293,-0.97619,0.21688,77.47,Y,12.53,90 180
e656d6586d481f41eb69804478f9c547,axial,bottle,0,0.49368,-0.50367,-0.70895,30.24,Z,44.85,180 45 60 120 90
e65eb892b1d1730e52470de2774d6099,axial,lamp,0,0.41964,-0.12146,0.89953,6.98,Z,25.9,60 45 120 90 180 40 36
e688f147080f123828eb8d149efa4062,axial,lamp,0,0.97661,-0.16807,0.13408,9.68,X,12.42,120
e7310381c64cd87f8880edc6251fa529,axial,lamp,0,-0.47789,0.85675,0.19388,58.95,Y,31.05,180
e7b9477eaf6e2b64fe755e3418b63110,axial,lamp,0,-0.86809,-0.12286,0.48096,7.06,X,29.76,120 60 45 180 90 40 36 72
e8006513d5f46d79e738f481f8560d58,axial,lamp,0,0.88238,-0.31245,-0.35182,18.21,X,28.07,90 180
e816066ac8281e2ecf70f9641eb97702,axial,bowl,0,-0.59748,0.68411,-0.41834,43.17,Y,46.83,120 45 60 90 180
e824b049f16b29f19ab27ff78a8ea481,axial,bottle,0,0.03824,-0.9494,-0.31172,71.7,Y,18.3,45 60
e8b48d395d3d8744e53e6e0633163da8,axial,bottle,0,-0.69041,0.62578,-0.36295,38.74,X,46.34,180 45 90 60 120
e9371d3abbb3bb7265bca0cae1ecfff5,axial,bottle,0,-0.54242,0.75082,0.3769,48.66,Y,41.34,180 45 60 90 120
e94aab17400945413225afab722d9fd2,axial,lamp,0,0.91149,-0.0778,-0.40389,4.46,X,24.29,120 60 90 180 36 72 40 45
e98c05f4cc8c7afcf648915c85184f8c,axial,lamp,0,0.16372,0.66844,0.72552,41.95,Z,43.49,45 180 90
e9eb1e4250b5c727d0546e77f7d9b0d4,axial,pot,0,0.66438,-0.6906,0.28579,43.68,Y,46.32,45 60 90 120 180
e9f83f1d54e959bd35836c728d324152,axial,lamp,0,-0.65393,-0.10384,-0.7494,5.96,Z,41.46,90 180 45 60 120 40 36 72
ea02a7933158caecfcb8d8c6d4df8143,axial,lamp,0,-0.67874,0.62947,-0.37827,39.01,X,47.26,90 180
ea473a79fd2c98e5789eafad9d8a9394,axial,bowl,0,0.125,0.05427,-0.99067,3.11,Z,7.83,90 45 120 180 60
ea5893e12134c6272f798bd8a3edd4de,axial,lamp,0,-0.4286,0.83162,0.35315,56.27,Y,33.73,36 72 90 180 60 40 120 45
ea9721231b1369c93ffd072b23bde58,axial,lamp,0,0.30853,-0.42589,-0.85055,25.21,Z,31.73,180 90 45 60 36 120 40 72
ea9ec4d9db2e06202471e6dd5ac3ef92,axial,lamp,0,0.69072,0.63879,0.33889,39.7,X,46.31,180 90 60 45 120 36 40 72
eb37d11948d7b4ffe030fd2fa0608452,axial,lamp,0,0.16094,-0.56913,0.80634,34.69,Z,36.26,180
ebdc97f5fa29b1dae6597d391ab6fcc1,axial,lamp,0,0.6485,0.07656,0.75735,4.39,Z,40.77,120 40
ec2c1338e2faae58adbcc9ee28cee4cb,axial,pot,0,-0.923,-0.24956,0.2929,14.45,X,22.63,180 60
ec449d7c89e84657cf66a9e192dbe265,axial,lamp,0,-0.70135,-0.47005,0.53588,28.04,X,45.46,180 60 120 45 36 72 40 90
ec639d4850ba9aa6fcb8d8c6d4df8143,axial,lamp,0,-0.10709,-0.1906,-0.97581,10.99,Z,12.63,180 90
ec782fd2f4825158f24dd57a3f1f3b51,axial,lamp,0,-0.20086,0.73155,0.65152,47.02,Y,42.98,45 60 90 120 180 40 36 72
ec876529d01d4df490ad276cd2af3a4,axial,lamp,0,-0.48663,0.44228,0.75338,26.25,Z,41.12,72
ed1d39c6592739f72652f4081ec5a77,axial,pot,0,0.06547,0.66785,-0.74141,41.9,Z,42.15,180
ed220bdfa852f00ba2c59a4d90e63212,axial,bowl,0,-0.40485,0.23279,0.88426,13.46,Z,27.84,90 180
ed45838f0c557b778a0c77569eaa010f,axial,lamp,0,-0.67506,-0.0649,0.7349,3.72,Z,42.7,120 60 180 90 45 40 36
ed54691cf655a8a3b3a8888e78d004b3,axial,lamp,0,0.95338,-0.29797,0.04767,17.34,X,17.56,45 180 90
ed86685bc4a0711044c183864792bc2b,axial,pot,0,0.34027,0.66064,-0.66916,41.35,Z,48.0,60 180 72 36 120 90
edcadf508090e17bfcb8d8c6d4df8143,axial,lamp,0,0.65627,-0.39525,-0.64272,23.28,X,48.98,180 90
edfcffbdd585d00ec41b4a535d52e063,axial,bottle,0,0.42615,-0.86628,0.26069,60.03,Y,29.97,180 60 90 45 120
ee3b4a98683feab4633d74df68189e22,axial,bowl,0,0.08852,0.56215,0.82228,34.2,Z,34.69,90 60 120 45 180
ee74f5bfb0d7c8a5bd288303be3d57e7,axial,bottle,0,0.97298,0.19845,-0.118,11.45,X,13.35,45 60 90 120 180
ef612752f6192e8d29eb9d04ea723179,axial,lamp,0,0.08705,0.31929,0.94365,18.62,Z,19.33,120 40
f049bbd180d89cb5490ad276cd2af3a4,axial,lamp,0,0.00565,0.75741,0.65292,49.24,Y,40.76,180
f0611ec9ff89209bf10c4513652c1c5e,axial,bottle,0,-0.95368,-0.2504,-0.16668,14.5,X,17.51,90 180 36 72
f092117adb1e9254d1cbf3e52b9b6237,axial,lamp,0,-0.21594,0.97115,0.10122,76.2,Y,13.8,45 60 90 120 180 40 36 72
f0b6bf1a583cd99169d13a7b2498cca9,axial,lamp,0,-0.45442,0.81271,0.36469,54.36,Y,35.64,90 45 180
f1c17606d5952d9225ebd1cd0b422e32,axial,pot,0,0.44546,-0.69149,0.56869,43.75,Y,46.25,180
f1d505c01e188533b11036f4855ac4b5,axial,pot,0,-0.2049,-0.48445,0.85049,28.98,Z,31.74,180 90
f1f7ec7a146470a272652f4081ec5a77,axial,pot,0,0.47659,-0.23655,-0.8467,13.68,Z,32.15,180
f2279b29f7d45bbd744c199e33849f2a,axial,bottle,0,-0.74179,-0.27384,0.61217,15.89,X,42.12,180 90 60 45 120
f274cbff23bda61a85024815e816c655,axial,lamp,0,-0.79695,0.09719,-0.59618,5.58,X,37.16,180 60 90 45 120 40 36 72
f2cb15fb793e7fa244057c222118625,axial,bowl,0,-0.75519,0.58791,0.28991,36.01,X,40.96,180 90
f35efdf00062e177962bfd5bcfc9bf86,axial,ashcan,0,0.10813,0.975,-0.1941,77.16,Y,12.84,180
f35f3a1ce31850e8b9ca8a85614dd727,axial,bottle,0,0.20746,0.47146,0.85714,28.13,Z,31.0,120 60 90 45 180
f38370fc4c112017a6e7138fdd58748,axial,lamp,0,0.07427,0.49141,0.86776,29.43,Z,29.8,180 60 120 90 45 36 40 72
f392dbd90200bd7dc77f357adbe5c980,axial,lamp,0,-0.72953,-0.37326,0.57312,21.92,X,43.15,180 90 60 45 120 40 36 72
f44387d8cb8d2e4ebaedc225f2279ecf,axial,bowl,0,-0.74687,0.62466,0.22798,38.66,X,41.68,180 120 90 45 60
f4851a2835228377e101b7546e3ee8a7,axial,bottle,0,-0.53103,-0.28565,0.79775,16.6,Z,37.08,180 90
f49d6c4b75f695c44d34bdc365023cf4,axial,bottle,0,-0.37162,-0.78643,0.49338,51.85,Y,38.15,45 60 120 90 180
f4db9c55f72edb36ad0d9196eb691e00,axial,lamp,0,0.81983,0.28204,0.49833,16.38,X,34.93,180 60 120
f530508e27911aadabd4ed5db7667131,axial,lamp,0,-0.31647,-0.32404,0.89154,18.91,Z,26.93,120 60 180
f56600b8cb2f94d64d8b0368afacc65,axial,lamp,0,-0.56633,-0.22524,0.7928,13.02,Z,37.55,180 90
f5ecf2549d458beebd4a7a372c75ee76,axial,pot,0,-0.20156,0.97524,0.091,77.22,Y,12.78,180 60 120
f68e99b57596b33d197a35146ee825cd,axial,bottle,0,-0.25334,-0.92093,0.29614,67.06,Y,22.94,60 45 120 90 180
f69d3903096b6bb78ca4aeb5e3b33af7,axial,lamp,0,0.59056,-0.77838,-0.21296,51.11,Y,38.89,90 180
f6a7d85ccca5e5e34a6ecce2eeb45768,axial,lamp,0,-0.59277,0.80095,0.08428,53.22,Y,36.78,90 180 60 120 40
f72efa4574100c12a8930422448288ea,axial,lamp,0,-0.46781,0.85001,-0.24215,58.21,Y,31.79,180 90 45 60 36 40 72 120
f74e2aa18622de8872652f4081ec5a77,axial,pot,0,0.30602,0.76443,0.56744,49.86,Y,40.14,180 90
f83c3b75f637241aebe67d9b32c3ddf8,axial,bottle,0,0.99076,0.11974,-0.06366,6.88,X,7.79,90 180 45
f853ac62bc288e48e56a63d21fb60ae9,axial,bottle,0,0.97234,0.20464,-0.11258,11.81,X,13.51,120 45 180 90 60
f97011a0bae2b4062d1c72b9dec4baa1,axial,lamp,0,-0.20057,-0.63265,-0.74802,39.25,Z,41.58,180
f9f67fe61dcf46d7e19818797f240d91,axial,bottle,0,0.95562,-0.28919,-0.05611,16.81,X,17.13,45 60 90 120 180 40 36
fa0a32c4326a42fef51f77a6d7299806,axial,lamp,0,0.07971,-0.97851,0.19017,78.1,Y,11.9,120 60 40 180 45 36 72 90
fa23aa60ec51c8e4c40fe5637f0a27e1,axial,bowl,0,0.17164,0.94432,0.2807,70.79,Y,19.21,180 90 36 72 60
fa44223c6f785c60e71da2487cb2ee5b,axial,bottle,0,0.53626,-0.42702,-0.72807,25.28,Z,43.28,120 180 60 90 45 40 36 72
fa61e604661d4aa66658ecd96794a1cd,axial,bowl,0,0.30284,-0.79255,0.52929,52.42,Y,37.58,120 45 90 60 180
fa723633a3cfed271e74a5e93d408a1a,axial,ashcan,0,-0.3677,-0.8934,0.25814,63.3,Y,26.7,120 90 60 45 180
fa9a37d95fa8c6542beec56b24479ed1,axial,lamp,0,-0.25014,-0.20023,0.94728,11.55,Z,18.69,180 90 120 45 60
fa9e6aa9d67d5329e5c3c7284848bbfe,axial,jar,0,-0.93882,0.34236,-0.03756,20.02,X,20.15,180
faa200741fa93abb47ec7417da5d353d,axial,bowl,0,-0.54541,0.46143,-0.69972,27.48,Z,45.6,120 180 60 90
fc77ad0828db2caa533e44d90297dd6e,axial,bowl,0,-0.67851,-0.70135,-0.21849,44.54,Y,45.46,180 60 90 45 120
fcbf5e87e140b2e78f672c860d940b4c,axial,pot,0,-0.22784,-0.84419,-0.48522,57.59,Y,32.41,120 90 60 45 180
fcd263dc05862ad1bec3353c29751fdf,axial,lamp,0,-0.08669,0.46684,-0.88008,27.83,Z,28.35,60 120 180
fd0ccd09330865277602de57eab5e08f,axial,bottle,0,0.77925,-0.15072,-0.60832,8.67,X,38.81,45 60 90 120 180
fe02f6594ed8b96ae85a3dc26b76b2ae,axial,lamp,0,-0.9472,-0.31996,0.02119,18.66,X,18.7,180 90
fec05c85454edafc4310636931b68fdb,axial,bottle,0,-0.03477,-0.61893,-0.78468,38.24,Z,38.31,90 60 120 180 45
ff2f13bc0b9d4ade19c52ba9902b5ab0,axial,ashcan,0,0.22524,0.97389,0.02853,76.88,Y,13.12,60 120 45 90 180
ffa6c49aa8f7ec19971e7f8dbfabf375,axial,bottle,0,-0.08642,0.94825,-0.30553,71.49,Y,18.51,180 90 60 120 45
ffa6f6a754334d00a2c59a4d90e63212,axial,pot,0,0.03653,0.05781,-0.99766,3.31,Z,3.92,180
fff6acd5b543ae02a9bdc22a1e02e82,axial,lamp,0,-0.37446,-0.11239,0.92041,6.45,Z,23.01,120 60 180
10654ea604644c8eca7ed590d69b9804,planar,bench,0,1.0,0.00154,0.0011,0.09,X,0.11,
1074bdcb3c2032fe0f3f8b6e1796773,planar,cabinet,0,1.0,0.0,0.0,0.0,X,0.0,
109a19840a8fbc774c3aee8e9d3a6ffa,planar,file,0,1.0,-6e-05,5e-05,0.0,X,0.0,
10b54fe832a00c3ec59350d819542ec7,planar,cabinet,0,1.0,0.00013,0.00034,0.01,X,0.02,
10c484963692d3c87d40405e5ee68b4f,planar,cabinet,0,1.0,4e-05,-0.0,0.0,X,0.0,
11224ef64e1702b412e0c474ff07001f,planar,cabinet,0,1.0,0.0,0.0,0.0,X,0.0,
115aa37af1a07d24a5a88312547ed863,planar,pistol,0,1.0,-0.00085,0.00112,0.05,X,0.08,
11ee3844cf96c7194da5feafe6f1c8fc,planar,cabinet,0,1.0,-0.0003,7e-05,0.02,X,0.02,
124cd036611b65b514038d588fd1342f,planar,cabinet,0,1.0,-0.00033,-0.00031,0.02,X,0.03,
1298634053ad50d36d07c55cf995503e,planar,camera,0,1.0,0.0,0.0,0.0,X,0.0,
12a5e976e028409ca67ac8a08d7e171,planar,rifle,0,0.00181,1.0,0.00051,89.89,Y,0.11,
12ae14d584758b4ee42c56c78fb88524,planar,bench,0,1.0,0.00022,0.00014,0.01,X,0.02,
12de47490769694e490ad276cd2af3a4,planar,cabinet,0,0.00059,-0.00018,-1.0,0.01,Z,0.04,
12de47490769694e490ad276cd2af3a4,planar,cabinet,1,1.0,0.0,0.0,0.0,X,0.0,
139478e7e85aabf27274021d5552b63f,planar,stove,0,0.99999,-0.00245,-0.0038,0.14,X,0.26,
13ec1052a32ca23bfd60059ad8523f1a,planar,table,0,0.0,0.0,1.0,0.0,Z,0.0,
13ec1052a32ca23bfd60059ad8523f1a,planar,table,1,1.0,0.0,0.0,0.0,X,0.0,
1405ccaff7fa9dbd51b711a0825fda5b,planar,display,0,1.0,0.00015,-8e-05,0.01,X,0.01,
141616a00df67c351082f2ea630bf69e,planar,skateboard,0,1.0,3e-05,-0.0,0.0,X,0.0,
1422f82a72e0b7f48ae1c1abea367249,planar,bench,0,1.0,0.0,0.0,0.0,X,0.0,
1445e30aa2d3212db6a78dbbcf2e408,planar,loudspeaker,0,1.0,0.0,-0.0,0.0,X,0.0,
146fb2790c11c7f1aaf6c17538652a1d,planar,bench,0,1.0,0.0,0.0,0.0,X,0.0,
1480fa8916f31b6d3c77a85180cab6b6,planar,bench,0,1e-05,-0.00013,1.0,0.01,Z,0.01,
1480fa8916f31b6d3c77a85180cab6b6,planar,bench,1,0.99998,-0.00513,-0.00315,0.29,X,0.34,
148638f9a7c72ab55a0e5699b3040a35,planar,cabinet,0,1.0,0.0,0.0,0.0,X,0.0,
150ad6a5c35beb17ee79d445a3ad4fd4,planar,knife,0,1.0,3e-05,3e-05,0.0,X,0.0,
151fccb37c2d51b0b82fa571a1cdbf24,planar,laptop,0,1.0,0.00024,0.00033,0.01,X,0.02,
1541e36e8dc2d84caed2201239784a35,planar,bench,0,1.0,0.0,0.0,0.0,X,0.0,
15cb1696b45ef647dcad484e89744ca,planar,table,0,0.0,0.0,1.0,0.0,Z,0.0,
15cb1696b45ef647dcad484e89744ca,planar,table,1,1.0,2e-05,-0.0,0.0,X,0.0,
15ccd76ba83a2e02b0f9d182eb000fb,planar,display,0,0.00045,-1.0,0.00012,89.97,Y,0.03,
15ccd76ba83a2e02b0f9d182eb000fb,planar,display,1,0.00643,0.00072,-0.99998,0.04,Z,0.37,
15e2d1fe9a4b28e68fb8c03013603b0c,planar,bus,0,0.99972,-0.02365,0.00051,1.36,X,1.36,
15ed07a6b7265f802056b4bd5d870b47,planar,bench,0,0.00011,-0.00058,1.0,0.03,Z,0.03,
15ed07a6b7265f802056b4bd5d870b47,planar,bench,1,1.0,0.0006,-0.00023,0.03,X,0.04,
15fd978b59889cdc30bbd4cddd04c77b,planar,bench,0,1e-05,-0.00031,1.0,0.02,Z,0.02,
15fd978b59889cdc30bbd4cddd04c77b,planar,bench,1,1.0,-0.00075,0.00029,0.04,X,0.05,
1655608678a4f9ffbc7bb5239e53ea6f,planar,rifle,0,0.99999,-0.0045,-0.00138,0.26,X,0.27,
165c00d292773865ae6eaa32356aaf3b,planar,cabinet,0,0.00024,-0.00012,1.0,0.01,Z,0.02,
165c00d292773865ae6eaa32356aaf3b,planar,cabinet,1,1.0,0.00023,6e-05,0.01,X,0.01,
165cd9780f069ff31a546a81aa94b4a3,planar,bench,0,0.99986,0.00032,-0.01668,0.02,X,0.96,
1676f8b995b976e5824662341ce2b233,planar,cabinet,0,1.0,1e-05,-1e-05,0.0,X,0.0,
16edf6f6574568723f7198a00163bb6,planar,skateboard,0,7e-05,9e-05,1.0,0.01,Z,0.01,
16edf6f6574568723f7198a00163bb6,planar,skateboard,1,1.0,9e-05,-3e-05,0.01,X,0.01,
189c1ffb58c74c3bccd0340812259a39,planar,bathtub,0,0.00019,0.0055,0.99998,0.32,Z,0.32,
189c1ffb58c74c3bccd0340812259a39,planar,bathtub,1,1.0,9e-05,-6e-05,0.01,X,0.01,
18da35f3835f75bffb5c1b0f759e2bc1,planar,guitar,0,1.0,0.0001,-3e-05,0.01,X,0.01,
18f41e91af76c77de25f00a04866d020,planar,cabinet,0,1.0,0.00015,-0.00015,0.01,X,0.01,
18f57a3d41117140ed98cca8f0ccd5f7,planar,bench,0,1.0,-7e-05,-2e-05,0.0,X,0.0,
190cb7264781df604da5feafe6f1c8fc,planar,cabinet,0,1.0,0.00022,-0.00028,0.01,X,0.02,
193572f57626a97c65e6a15e0a997e5c,planar,bus,0,1.0,-0.0002,0.00048,0.01,X,0.03,
193fdf550fd5f12f446f92b52bbd82a,planar,bus,0,0.99995,-0.01022,0.00165,0.59,X,0.59,
19d52509d16a9c2c81faebbdea6bd9be,planar,bench,0,1.0,-2e-05,-1e-05,0.0,X,0.0,
1a10879bcfca0534f8bc1f8036e08e44,planar,table,0,5e-05,-0.00019,-1.0,0.01,Z,0.01,
1a10879bcfca0534f8bc1f8036e08e44,planar,table,1,1.0,0.00016,-0.0001,0.01,X,0.01,
1a1ff0c5f28f10d642e265df80f79372,planar,loudspeaker,0,0.00075,-0.00041,-1.0,0.02,Z,0.05,
1a3a4611409e306c1a832e2972cd1e0d,planar,faucet,0,1.0,-0.00085,-0.00036,0.05,X,0.05,
1a8c91b4803b3470f9c75ffd2648d7cd,planar,rifle,0,0.99994,0.01068,0.00049,0.61,X,0.61,
1ad4c572e0fd6a576e1e9a13188ab4bb,planar,cabinet,0,1.0,0.0,0.0,0.0,X,0.0,
1af852e72c44954b8bd91d7cadd7c123,planar,train,0,1.0,0.0,0.0,0.0,X,0.0,
1b3d4f2291545e472dc6c96daf8fd5ea,planar,cabinet,0,1.0,0.0,0.0,0.0,X,0.0,
1b6a5fc808388138cb2a965e75be701c,planar,bench,0,1.0,-0.0,-0.0,0.0,X,0.0,
1b80cd42474a990ccd8655d05e2f9e02,planar,bench,0,1.0,0.0,0.0,0.0,X,0.0,
1b85f3cd227da31de4511d9a59e40339,planar,clock,0,0.99999,0.00429,0.00096,0.25,X,0.25,
1bace34d2c1dc49b3b5ee89f1f802f5a,planar,bench,0,0.99998,0.00549,0.00311,0.31,X,0.36,
1cbbb30e8e06e932ed98cca8f0ccd5f7,planar,bench,0,1.0,-5e-05,-4e-05,0.0,X,0.0,
1cbfb1c063b34ab4ab379c9b5bf12bf8,planar,rifle,0,1.0,-0.0013,0.00043,0.07,X,0.08,
1cf9f1ead192b6c9824662341ce2b233,planar,cabinet,0,1.0,0.00024,-0.00051,0.01,X,0.03,
1d285f3bc7767bc8b4cdad9a5bf52dd5,planar,rifle,0,0.99997,-0.00791,0.00253,0.45,X,0.48,
1d527bbed4d12817fa3bb91f4e3cd35f,planar,skateboard,0,0.00219,0.00022,-1.0,0.01,Z,0.13,
1d527bbed4d12817fa3bb91f4e3cd35f,planar,skateboard,1,1.0,-0.00264,0.00159,0.15,X,0.18,
1d5eb167825bacba688d3cf9b52f4662,planar,stove,0,1.0,3e-05,0.00019,0.0,X,0.01,
1d973f05e870af4b4da5feafe6f1c8fc,planar,cabinet,0,1.0,-0.00038,-0.00031,0.02,X,0.03,
1dc8e88da760f186ccd0340812259a39,planar,bathtub,0,1.0,0.00037,-4e-05,0.02,X,0.02,
1dd3f80712873a638f6095a93258c867,planar,display,0,1.0,-0.00029,-6e-05,0.02,X,0.02,
1ddcb6107e5b08f39206ca9600b83578,planar,bus,0,1.0,0.00147,-7e-05,0.08,X,0.08,
1e18f136798cb3f0c59350d819542ec7,planar,cabinet,0,1.0,0.0,0.0,0.0,X,0.0,
1ec5e12f2b5684a24da5feafe6f1c8fc,planar,cabinet,0,1.0,2e-05,-2e-05,0.0,X,0.0,
1edaab172fcc23ab5238dc5d98b43ffd,planar,guitar,0,1.0,-9e-05,0.00026,0.01,X,0.02,
1ef8c3cabd16f7cbf155d75bbf62b80,planar,bench,0,2e-05,0.00103,1.0,0.06,Z,0.06,
1ef8c3cabd16f7cbf155d75bbf62b80,planar,bench,1,1.0,-0.00027,0.00035,0.02,X,0.03,
1f4b16094bd83af82d2d2896f4b277fc,planar,display,0,1.0,-6e-05,1e-05,0.0,X,0.0,
1f6046149060eb81cbde89e0c48a01bf,planar,basket,0,0.0,-0.00013,-1.0,0.01,Z,0.01,
1f6046149060eb81cbde89e0c48a01bf,planar,basket,1,1.0,0.0,0.0,0.0,X,0.0,
1f610516a159e0ce8916d0991ded06e,planar,cabinet,0,1.0,0.0,-0.0,0.0,X,0.0,
1fb2be490f45ec6e19fb4103277a6b93,planar,table,0,4e-05,-9e-05,1.0,0.0,Z,0.01,
1fb2be490f45ec6e19fb4103277a6b93,planar,table,1,1.0,-0.00048,0.00046,0.03,X,0.04,
1fd1d459e79ad6c1c3bd24f986301745,planar,table,0,7e-05,0.00018,1.0,0.01,Z,0.01,
1fd1d459e79ad6c1c3bd24f986301745,planar,table,1,1.0,-0.0003,-0.00016,0.02,X,0.02,
200c5297948bf57f6b448b8aaebb705c,planar,bathtub,0,0.0,-0.00021,1.0,0.01,Z,0.01,
200c5297948bf57f6b448b8aaebb705c,planar,bathtub,1,1.0,-0.00025,-2e-05,0.01,X,0.01,
208903274bfe69cdc5d1c45cadcaa3eb,planar,table,0,1.0,0.0,0.0,0.0,X,0.0,
20bf71868949fba4b445ec1f6a39e0b8,planar,table,0,2e-05,0.00018,-1.0,0.01,Z,0.01,
20bf71868949fba4b445ec1f6a39e0b8,planar,table,1,1.0,-0.00112,0.00055,0.06,X,0.07,
20f41c44148871104c3aee8e9d3a6ffa,planar,file,0,1.0,0.0,0.0,0.0,X,0.0,
21224eab2d099f5012de5317fe5b354f,planar,cabinet,0,1.0,0.0,0.0,0.0,X,0.0,
2193f3624198ede23f0af1eceae2dd4,planar,rifle,0,1.0,0.0,0.0,0.0,X,0.0,
2197384551252127ecb01d351e78a9e7,planar,train,0,0.99998,0.00694,0.00056,0.4,X,0.4,
21dcc3c0485b43136473d8f2b21437da,planar,cabinet,0,1.0,-6e-05,6e-05,0.0,X,0.0,
21de0761d0f8f2f9342b2a88bd008cbe,planar,display,0,1.0,-0.0007,-0.00029,0.04,X,0.04,
21e7b25522c63209cb2a965e75be701c,planar,bench,0,0.0,-0.0,-1.0,0.0,Z,0.0,
21e7b25522c63209cb2a965e75be701c,planar,bench,1,1.0,0.0,-0.0,0.0,X,0.0,
21feae1212b07575f23c3116d040903f,planar,airplane,0,0.99985,-0.01734,0.00147,0.99,X,1.0,
220f08ff0c1d2a4542282fc88db7886b,planar,bag,0,0.00084,0.00063,1.0,0.04,Z,0.06,
220f08ff0c1d2a4542282fc88db7886b,planar,bag,1,0.99996,0.00817,-0.0041,0.47,X,0.52,
2220c6ade811851cc13e020d985215e3,planar,bench,0,1.0,0.00023,-0.00072,0.01,X,0.04,
2231d841b91eb6d53321831d2245cf06,planar,bathtub,0,0.00094,-0.0018,1.0,0.1,Z,0.12,
2231d841b91eb6d53321831d2245cf06,planar,bathtub,1,0.00423,0.00086,0.99999,0.05,Z,0.25,
223d2316bb8b74a979170a5f8beda902,planar,vessel,0,0.00011,6e-05,1.0,0.0,Z,0.01,
223d2316bb8b74a979170a5f8beda902,planar,vessel,1,1.0,-4e-05,-8e-05,0.0,X,0.01,
226078581cd4efd755c5278938766a05,planar,remote control,0,1.0,4e-05,0.0022,0.0,X,0.13,
2292b067ccd1bb2dff93e4ecafd3dedd,planar,bus,0,1.0,0.00097,0.0003,0.06,X,0.06,
22e77a41cc388839824662341ce2b233,planar,cabinet,0,1.0,0.00037,0.0014,0.02,X,0.08,
230a85ab57a15b90e074517a246f1e65,planar,bench,0,1.0,0.0005,0.00028,0.03,X,0.03,
23325f47d2a812351165bc0a3b02b27f,planar,bench,0,1e-05,0.00011,1.0,0.01,Z,0.01,
23325f47d2a812351165bc0a3b02b27f,planar,bench,1,1.0,-0.00029,0.00018,0.02,X,0.02,
2336a8ba5ba8a9f0ce029fab54b6cfbd,planar,loudspeaker,0,0.00483,0.00031,0.99999,0.02,Z,0.28,
2346b4f87a4f683b92e6829c9c63f7e8,planar,bench,0,1.0,1e-05,-1e-05,0.0,X,0.0,
23637357c4e5efb653c80c0a3ef7382,planar,cabinet,0,0.99999,-0.00483,-0.00061,0.28,X,0.28,
23b7a3961eda17df4da5feafe6f1c8fc,planar,cabinet,0,1.0,0.00063,-0.0002,0.04,X,0.04,
23fcaafbeabc092f921e793cb951210d,planar,printer,0,0.99999,-0.00362,-0.00065,0.21,X,0.21,
24841121c7d090d72d2d2896f4b277fc,planar,clock,0,1.0,0.0,0.0,0.0,X,0.0,
248ff0771f1eb286f51f77a6d7299806,planar,cabinet,0,1.0,1e-05,1e-05,0.0,X,0.0,
24beb61e46bf6b1970d557f49392fb1,planar,vessel,0,1.0,0.0,0.0,0.0,X,0.0,
25182f6e03375c9e7b6fd5468f603b31,planar,remote control,0,1.0,0.00044,0.00179,0.03,X,0.11,
2544d05396cf1c91bc19762eaa7ba40f,planar,cabinet,0,1.0,1e-05,1e-05,0.0,X,0.0,
2555c9df5fa919692250bf58700b4d8f,planar,table,0,0.0,0.0,1.0,0.0,Z,0.0,
25709b9ab8facc1b3321831d2245cf06,planar,bathtub,0,0.0007,-0.00346,-0.99999,0.2,Z,0.2,
25709b9ab8facc1b3321831d2245cf06,planar,bathtub,1,1.0,-0.0,-0.0,0.0,X,0.0,
2620701a50216dbed0b36851d61b6fca,planar,cabinet,0,1.0,0.00013,0.00023,0.01,X,0.01,
26325f047537acd3f155d75bbf62b80,planar,bench,0,1.0,-0.0,0.0,0.0,X,0.0,
26979d498a0425b6f51f77a6d7299806,planar,cabinet,0,1.0,-4e-05,-1e-05,0.0,X,0.0,
26e186ab10abad8ee6873d49607c1f87,planar,earphone,0,2e-05,2e-05,-1.0,0.0,Z,0.0,
26e186ab10abad8ee6873d49607c1f87,planar,earphone,1,1.0,1e-05,0.0,0.0,X,0.0,
270e25863ba6098b0a04bc414beaa99,planar,stove,0,1.0,0.00017,-0.00017,0.01,X,0.01,
2726971c1ed929eaa733727fd41bdb33,planar,cabinet,0,1.0,-0.00023,-1e-05,0.01,X,0.01,
2731687dd460a263d8eae9bce48bbeed,planar,bench,0,0.0,0.0,1.0,0.0,Z,0.0,
2731687dd460a263d8eae9bce48bbeed,planar,bench,1,1.0,0.0,-0.0,0.0,X,0.0,
27c3e5b2656c50f7cb2a965e75be701c,planar,bench,0,1.0,-1e-05,-1e-05,0.0,X,0.0,
27eb79ddf26fd7ac7898580cb9d16864,planar,bench,0,1.0,-0.00028,-0.00035,0.02,X,0.03,
280553e975d6b79fd2b12aa6a0f050b3,planar,bench,0,1.0,0.0,0.0,0.0,X,0.0,
283a115028fffe6e4e67e2e8459ebde,planar,laptop,0,1.0,-0.00026,-0.00012,0.01,X,0.02,
287475ec16f5b7477b636e5c31038bd,planar,bench,0,1.0,-3e-05,-1e-05,0.0,X,0.0,
28e12ef0e54e204830bbd4cddd04c77b,planar,bench,0,0.0,0.0,1.0,0.0,Z,0.0,
28e12ef0e54e204830bbd4cddd04c77b,planar,bench,1,1.0,-0.00024,-0.00017,0.01,X,0.02,
28e7fd7a7a5ee8787d3ced6148bd0a15,planar,cabinet,0,1.0,0.00023,-0.00015,0.01,X,0.02,
28ec688f444eeb4a394b1e418d5c594,planar,display,0,1.0,0.00029,-0.00014,0.02,X,0.02,
2902b377edd4b48aa3a0c1cc16d124ad,planar,bench,0,1.0,-0.00013,0.00204,0.01,X,0.12,
2912f56d135e2f97b20cb946bceb58f,planar,mailbox,0,1.0,-0.00135,-0.001,0.08,X,0.1,
292353a763d0870432af7736a533c197,planar,loudspeaker,0,1.0,0.0,0.0,0.0,X,0.0,
2971f417b08961475a4cd9b26f359d36,planar,display,0,0.99975,0.00589,0.02155,0.34,X,1.28,
29aaa8f337632ec125fa9990176f0d5,planar,bathtub,0,0.0,-0.0,-1.0,0.0,Z,0.0,
29aaa8f337632ec125fa9990176f0d5,planar,bathtub,1,1.0,-0.00021,-0.0,0.01,X,0.01,
29c6f3ce118576724da5feafe6f1c8fc,planar,cabinet,0,1.0,1e-05,-7e-05,0.0,X,0.0,
29c7615460f943a36ca2b6e5474aad11,planar,bus,0,0.99999,-0.00371,-0.00076,0.21,X,0.22,
29faa40d5c0a65a576e9713f57a5fcb6,planar,cabinet,0,0.00199,0.01381,-0.9999,0.79,Z,0.8,
29faa40d5c0a65a576e9713f57a5fcb6,planar,cabinet,1,1.0,0.00239,-0.00072,0.14,X,0.14,
2a3297e263d9931b814465edb1048711,planar,table,0,6e-05,-7e-05,1.0,0.0,Z,0.01,
2a3297e263d9931b814465edb1048711,planar,table,1,1.0,-0.00062,0.00016,0.04,X,0.04,
2a89a00cd90ca5b844b1f4461f7a073f,planar,train,0,1.0,0.00084,-0.00041,0.05,X,0.05,
2a8a8ffd2ef41cef20768660cf080d12,planar,table,0,0.0,-5e-05,1.0,0.0,Z,0.0,
2a8a8ffd2ef41cef20768660cf080d12,planar,table,1,1.0,0.0,0.0,0.0,X,0.0,
2a9fe1253f9433d1a2651abaf391628e,planar,file,0,1.0,-0.00021,-0.00066,0.01,X,0.04,
2aaf5fe631a855b4de9ff1d2442cc6d1,planar,bench,0,0.99991,-0.00949,-0.00896,0.54,X,0.75,
2ab4f9bbdc17d9cd618e9d35559b7aa,planar,loudspeaker,0,1.0,-0.00023,0.00159,0.01,X,0.09,
2acae4f14a734f4972cf25af66dc82ce,planar,bus,0,1.0,0.00079,-6e-05,0.05,X,0.05,
2b25e49c58ae0e292056b4bd5d870b47,planar,bench,0,1.0,-0.00013,7e-05,0.01,X,0.01,
2b3a776ab2c38e3844f57509e473c41a,planar,loudspeaker,0,0.00013,9e-05,1.0,0.01,Z,0.01,
2c08b5408a7ee4da98cfd47a860803c5,planar,table,0,0.0,0.0,1.0,0.0,Z,0.0,
2c08b5408a7ee4da98cfd47a860803c5,planar,table,1,1.0,0.0,0.0,0.0,X,0.0,
2c62b19b80a63f443321831d2245cf06,planar,bathtub,0,0.0,0.0,1.0,0.0,Z,0.0,
2c76c171562f6bdfd4d8765e3910f617,planar,bench,0,1.0,0.0,0.0,0.0,X,0.0,
2cb165856db926fd851591e44f18a8a5,planar,bus,0,1.0,5e-05,-3e-05,0.0,X,0.0,
2cd9593e8b7f0560d41e37baed87521d,planar,bench,0,1.0,-0.00103,0.00027,0.06,X,0.06,
2cebb68aab385306f6fb0164eb28c4c2,planar,train,0,1.0,-0.00271,-0.00013,0.16,X,0.16,
2d1e8858446d1a32d2b12aa6a0f050b3,planar,bench,0,1.0,-2e-05,-1e-05,0.0,X,0.0,
2d238b5250ab9eb3c55f85313e3bbc89,planar,bench,0,1.0,-0.0001,7e-05,0.01,X,0.01,
2dfc635b5ea197bbb611871e114769d9,planar,loudspeaker,0,0.0,0.0,1.0,0.0,Z,0.0,
2e28fe9594c48874a6eb1dae0394cf12,planar,chair,0,1.0,-0.0,0.0,0.0,X,0.0,
2e38fe7e4cd74bec76e9713f57a5fcb6,planar,cabinet,0,0.00032,0.0034,0.99999,0.19,Z,0.2,
2e38fe7e4cd74bec76e9713f57a5fcb6,planar,cabinet,1,0.00035,-0.01715,-0.99985,0.98,Z,0.98,
2e78dad09566bdcecb2a965e75be701c,planar,bench,0,1e-05,-4e-05,1.0,0.0,Z,0.0,
2e78dad09566bdcecb2a965e75be701c,planar,bench,1,1.0,0.0,0.0,0.0,X,0.0,
2e86a7793af11e422d32966c67e5becf,planar,bus,0,1.0,0.0,0.0,0.0,X,0.0,
2eacd8302d46093ee138e561e8f9c254,planar,loudspeaker,0,1.0,-0.00021,-0.0001,0.01,X,0.01,
2eb7069d227393558ea0068b966c5177,planar,display,0,1.0,-0.00023,0.00012,0.01,X,0.01,
2eea9c22b37967006e40121acd58a004,planar,bench,0,1.0,7e-05,-9e-05,0.0,X,0.01,
2efb3ad49fa103b1cc786970133d7717,planar,bookshelf,0,1.0,0.0,0.0,0.0,X,0.0,
2f6da348147cad9c3321831d2245cf06,planar,bathtub,0,0.00023,0.00031,1.0,0.02,Z,0.02,
2f6da348147cad9c3321831d2245cf06,planar,bathtub,1,1.0,0.00114,0.0003,0.07,X,0.07,
2f815697256fce5a155b270ed8c04b46,planar,bench,0,1.0,0.0,0.0,0.0,X,0.0,
2ffd2e6d1a55bdf44c3aee8e9d3a6ffa,planar,file,0,1.0,-0.00011,-0.00024,0.01,X,0.01,
302c64b3f9d0e0a3961c690e3d679ac7,planar,bench,0,1.0,0.0,0.0,0.0,X,0.0,
303555f1c5f4cb0a1082f2ea630bf69e,planar,skateboard,0,0.00072,-0.00335,-0.99999,0.19,Z,0.2,
303555f1c5f4cb0a1082f2ea630bf69e,planar,skateboard,1,1.0,-0.00015,-2e-05,0.01,X,0.01,
304d18039eb8f78cb362fb9a75ddde8e,planar,bus,0,1.0,0.00094,-0.00015,0.05,X,0.05,
30e536833dee7cd8a9d21767a2141a63,planar,vessel,0,0.99222,0.12344,0.01601,7.09,X,7.15,
3115a3a0a61aacac59350d819542ec7,planar,cabinet,0,1.0,-0.00034,-0.00055,0.02,X,0.04,
311a3ef41603f86c3f51596dfebf9893,planar,train,0,1.0,0.00097,0.00258,0.06,X,0.16,
31227f3fc286c00714c06184923f6962,planar,train,0,0.99997,0.00604,0.0038,0.35,X,0.41,
31a85a1a9bb22c3bf1e23636310b7e7a,planar,table,0,2e-05,-0.00022,-1.0,0.01,Z,0.01,
31a85a1a9bb22c3bf1e23636310b7e7a,planar,table,1,1.0,1e-05,3e-05,0.0,X,0.0,
321f8b85785f082685e443e0ea51d93,planar,chair,0,1.0,0.0,0.0,0.0,X,0.0,
3279edef6a631940ea41b93204b74265,planar,table,0,1.0,0.00026,5e-05,0.02,X,0.02,
32a9329c11b5c35d4b3c42e318f3affc,planar,chair,0,1.0,0.00074,0.00086,0.04,X,0.07,
32d06518fd07df9bcf004563556ddb36,planar,table,0,0.00069,-0.01039,0.99995,0.6,Z,0.6,
32d06518fd07df9bcf004563556ddb36,planar,table,1,0.00834,-0.00727,0.99994,0.42,Z,0.63,
33ec57af7f648994da5feafe6f1c8fc,planar,cabinet,0,1.0,0.0,0.0,0.0,X,0.0,
34128cd8b8ddbbedd92903da5c4b5ef6,planar,bookshelf,0,1.0,8e-05,0.00022,0.0,X,0.01,
3475657660a798a155590b0eedbb2f18,planar,cabinet,0,1.0,0.0,0.0,0.0,X,0.0,
3483076cc008fff0d9826d0ff198257e,planar,cabinet,0,1.0,0.0008,0.00075,0.05,X,0.06,
34e80aa7b579469bb163e775a4d52465,planar,cabinet,0,1.0,0.0004,-0.0004,0.02,X,0.03,
35462b6ea0597bf555e8ddeaf1791474,planar,laptop,0,0.99995,-0.003,0.00941,0.17,X,0.57,
35617fd7ece26150ffc6e457221b9271,planar,dishwasher,0,1.0,0.0,2e-05,0.0,X,0.0,
359b6d3d29b08dfe19fb4103277a6b93,planar,chair,0,1.0,1e-05,4e-05,0.0,X,0.0,
35a0ea7e7f9eac13321831d2245cf06,planar,bathtub,0,0.00183,-0.01384,-0.9999,0.79,Z,0.8,
35f6e6a770258328c7667da8fd923578,planar,stove,0,0.00046,-0.00375,0.99999,0.21,Z,0.22,
366db933a2c99444f4fb4dee5181bee,planar,bench,0,0.0,-0.0,-1.0,0.0,Z,0.0,
366db933a2c99444f4fb4dee5181bee,planar,bench,1,1.0,-0.0,0.0,0.0,X,0.0,
367e5ca5d5791739d4d8765e3910f617,planar,bench,0,1.0,-3e-05,-1e-05,0.0,X,0.0,
37325d57c8ea891ad77ea5e1afa5bfe6,planar,loudspeaker,0,1.0,-0.00093,0.00138,0.05,X,0.1,
373ae08d8903dc10ba929f7d2edd1706,planar,bench,0,1.0,-0.00027,-0.00024,0.02,X,0.02,
3761d6523fb9d7a73f7e27638e63d848,planar,cabinet,0,1.0,0.00011,-0.00014,0.01,X,0.01,
37e5fcf70007bc26788f926f4d51e733,planar,cabinet,0,1.0,-0.00019,-0.00025,0.01,X,0.02,
37fbc4e7c9e46b602b5631520b7d94fe,planar,cabinet,0,1.0,0.0,0.0,0.0,X,0.0,
382b1b947fba964dc1def5c6acc12bbc,planar,faucet,0,0.99995,0.00024,-0.01003,0.01,X,0.58,
382b6f8e93e1f576149dc0f3c5ce899e,planar,cabinet,0,1.0,-0.00041,0.00054,0.02,X,0.04,
38441b4582f29c8cb2a965e75be701c,planar,bench,0,0.0,-0.0,1.0,0.0,Z,0.0,
38441b4582f29c8cb2a965e75be701c,planar,bench,1,1.0,0.0,-0.0,0.0,X,0.0,
388d83f25e045007efe85e37dd46e84a,planar,bench,0,1.0,0.0,0.0,0.0,X,0.0,
3891210a28be585fb9ac96152ab66583,planar,cabinet,0,0.99999,0.00384,-0.0004,0.22,X,0.22,
38d4d7313a3698704bbe1e20736de8a2,planar,bench,0,0.0,0.0,1.0,0.0,Z,0.0,
38d4d7313a3698704bbe1e20736de8a2,planar,bench,1,1.0,-0.0,0.0,0.0,X,0.0,
38e367e4421ec3cbba70cedf91706353,planar,bench,0,1.0,0.0,0.0,0.0,X,0.0,
38e8a36cdd879fd2d6f2f8f659863647,planar,bench,0,1.0,0.0,0.0,0.0,X,0.0,
393ca71bd734f3071082f2ea630bf69e,planar,skateboard,0,1.0,0.0,0.0,0.0,X,0.0,
39419e462f08dcbdc98cccf0d0f53d7,planar,camera,0,1.0,-0.00061,0.00054,0.04,X,0.05,
397ac4bbb11796902d92929fa159facf,planar,bench,0,1.0,0.00011,-4e-05,0.01,X,0.01,
39904b25a6d2f13ed4d8765e3910f617,planar,bench,0,1.0,-0.0,0.0,0.0,X,0.0,
39b51f3a6e8447c3c8a1a154de62786,planar,cabinet,0,1.0,0.00027,0.00021,0.02,X,0.02,
3a1915451880215e9bfbe8b02639d1e9,planar,bench,0,1.0,0.0,0.0,0.0,X,0.0,
3a6ac28f247a30146d812a3e2aa98a91,planar,bench,0,1.0,7e-05,-0.00016,0.0,X,0.01,
3a910cc1f575b08339d3717288022c20,planar,cabinet,0,0.00044,-0.00213,1.0,0.12,Z,0.12,
3a910cc1f575b08339d3717288022c20,planar,cabinet,1,1.0,0.0,0.0,0.0,X,0.0,
3a93bccaa0b3161afca6ee915b120ce0,planar,bench,0,0.0005,-0.00062,1.0,0.04,Z,0.05,
3a93bccaa0b3161afca6ee915b120ce0,planar,bench,1,1.0,-7e-05,-6e-05,0.0,X,0.01,
3aa8876d86cf481d3fd2d4d929afab9,planar,loudspeaker,0,0.00031,-1.0,-0.00021,89.98,Y,0.02,
3abf9811f26c9752a9b8d9d3b5cf54cc,planar,bench,0,1.0,-0.00024,-9e-05,0.01,X,0.01,
3b01bd24d47245289159eab9ccaa73ce,planar,loudspeaker,0,0.00031,-1.0,0.00015,89.98,Y,0.02,
3b01bd24d47245289159eab9ccaa73ce,planar,loudspeaker,1,1.0,3e-05,2e-05,0.0,X,0.0,
3b18e32e6e0c5942d4d8765e3910f617,planar,bench,0,1.0,0.0,1e-05,0.0,X,0.0,
3b2bddb0e8ff57c85831a0624cf5a945,planar,laptop,0,1.0,-0.00013,-2e-05,0.01,X,0.01,
3b5e31b2987f158e9f46749e28e16975,planar,bus,0,0.99999,-0.00401,0.00074,0.23,X,0.23,
3b72f2c31c5aac6ab3421b3649fb16c1,planar,table,0,1.0,8e-05,-1e-05,0.0,X,0.0,
3c1f9b42e848c740c59350d819542ec7,planar,cabinet,0,1.0,-1e-05,-1e-05,0.0,X,0.0,
3c2a50e5907b0fb64da5feafe6f1c8fc,planar,cabinet,0,1.0,0.00032,0.00026,0.02,X,0.02,
3c45d466c7e1c27367aa983983f9bf36,planar,bus,0,1.0,0.0,0.0,0.0,X,0.0,
3c855f2a52d5e3f63c8d0fdfb1cc2535,planar,cabinet,0,0.9999,0.00148,0.01384,0.08,X,0.8,
3ceaeac7f8a243babd4bf7024dfa167d,planar,clock,0,0.0,0.0,1.0,0.0,Z,0.0,
3d0e93c7aeb06cfccb349a60fd15aa15,planar,piano,0,1.0,-0.00105,-0.00018,0.06,X,0.06,
3d2aeaffcbc6f0bc41cefd10ce5d6cc0,planar,bus,0,1.0,0.0,0.0,0.0,X,0.0,
3dac0fd995c747ab336e8bf2357c029a,planar,chair,0,0.99999,-0.00365,-0.00136,0.21,X,0.22,
3dc60bce3e8d3ece3077dad41839c251,planar,laptop,0,1.0,-0.00087,0.00104,0.05,X,0.08,
3dccc5e096aa99e4fe2ecb70903654e9,planar,faucet,0,1.0,-0.00061,-8e-05,0.04,X,0.04,
3dd8c11bc608441f1b17743c18fb63dc,planar,chair,0,0.99999,0.00207,-0.00283,0.12,X,0.2,
3de49fd2e80f8c95c97cfc3e8a6b1d16,planar,table,0,0.00143,0.00704,0.99997,0.4,Z,0.41,
3e2a452e802b178eb72f1eb118b6fbc3,planar,piano,0,1.0,1e-05,-2e-05,0.0,X,0.0,
3e2a8aab3ad459e5f446f92b52bbd82a,planar,bus,0,1.0,-0.0006,0.00016,0.03,X,0.04,
3e59aa33fcf672b8f4fb4dee5181bee,planar,bench,0,1.0,0.0,0.0,0.0,X,0.0,
3e760133301353a147cddb7c026e92eb,planar,table,0,6e-05,0.00164,1.0,0.09,Z,0.09,
3e760133301353a147cddb7c026e92eb,planar,table,1,1.0,0.00141,-0.00034,0.08,X,0.08,
3e8165c41c526ea45eb64c1003065596,planar,stove,0,0.00121,0.0142,-0.9999,0.81,Z,0.82,
3e8165c41c526ea45eb64c1003065596,planar,stove,1,0.99993,-0.00872,-0.0076,0.5,X,0.66,
3ecf8f8f3b24350bbd17a7d75b77705d,planar,bench,0,1.0,2e-05,-5e-05,0.0,X,0.0,
3f058be47b5d4cf353c1d159a8a8422,planar,table,0,0.0,0.0,1.0,0.0,Z,0.0,
3f058be47b5d4cf353c1d159a8a8422,planar,table,1,1.0,0.0,0.0,0.0,X,0.0,
3f14c153dc861c0990453a996fcb7627,planar,table,0,0.00025,-0.00051,-1.0,0.03,Z,0.03,
3f14c153dc861c0990453a996fcb7627,planar,table,1,1.0,0.00056,0.00052,0.03,X,0.04,
3f287ca94b719bec282708d01f090528,planar,guitar,0,1.0,-8e-05,-7e-05,0.0,X,0.01,
3f51197359289bf839d3717288022c20,planar,cabinet,0,1.0,0.0,0.0,0.0,X,0.0,
3fc831f0c69c981048d189f942cedc62,planar,piano,0,1.0,-9e-05,-3e-05,0.01,X,0.01,
3feb79684658db043efeb398bf800e80,planar,bench,0,1.0,-1e-05,-2e-05,0.0,X,0.0,
40169512586f3b6f77964cc933a9a0ba,planar,loudspeaker,0,1e-05,-0.0,-1.0,0.0,Z,0.0,
401960cb8526894f4b8710a3469971b1,planar,cabinet,0,1.0,0.00054,-0.00028,0.03,X,0.03,
40279f85fc80e16edccc47bf0dcf5d3,planar,bench,0,4e-05,0.0003,-1.0,0.02,Z,0.02,
40279f85fc80e16edccc47bf0dcf5d3,planar,bench,1,1.0,-3e-05,-7e-05,0.0,X,0.0,
407a485c7d711903ae25f6fe802a8997,planar,cabinet,0,1.0,-0.0001,7e-05,0.01,X,0.01,
40b48121d1879be2ee0605a41c3320d6,planar,table,0,6e-05,3e-05,-1.0,0.0,Z,0.0,
40b48121d1879be2ee0605a41c3320d6,planar,table,1,1.0,-0.0,2e-05,0.0,X,0.0,
413f8963de404dd6c3c1160502619061,planar,piano,0,1.0,0.00052,0.00093,0.03,X,0.06,
41a74616fe8dab5f88b61e9125676b2,planar,bus,0,1.0,0.00102,2e-05,0.06,X,0.06,
41ceeeab52fd3ed3a341228b21d337a9,planar,chair,0,1.0,-3e-05,-0.00201,0.0,X,0.12,
41da6df6f2a4e48b5e4e23ed78187234,planar,stove,0,1.0,3e-05,-4e-05,0.0,X,0.0,
41f9be4d80af2c709c12d6260da9ac2b,planar,washer,0,1.0,0.00023,-7e-05,0.01,X,0.01,
423d14787208578580ff80bf789cd,planar,piano,0,0.99998,-0.00629,0.00119,0.36,X,0.37,
424d411c37fd30384f224d639c7b7c72,planar,bus,0,1.0,-0.00078,0.00011,0.04,X,0.04,
42c74e5da10975c13af30a3946d92feb,planar,bathtub,0,0.0,0.0,1.0,0.0,Z,0.0,
42c74e5da10975c13af30a3946d92feb,planar,bathtub,1,1.0,2e-05,1e-05,0.0,X,0.0,
42fa87cd27edca9efcb8d8c6d4df8143,planar,lamp,0,1.0,0.0,-2e-05,0.0,X,0.0,
437d1c161da1b9fc57e4c0b864012bb5,planar,display,0,1.0,-0.00088,0.00071,0.05,X,0.06,
438b2dcdbd25a93dea65c47b660136e7,planar,table,0,0.0,0.0,1.0,0.0,Z,0.0,
438b2dcdbd25a93dea65c47b660136e7,planar,table,1,1.0,6e-05,1e-05,0.0,X,0.0,
43d4e6583cef197aafeed2d6e5e28a9f,planar,rifle,0,1.0,0.00015,0.00028,0.01,X,0.02,
43f762270b438fe618a36258eabc2b9c,planar,chair,0,1.0,0.0026,0.00119,0.15,X,0.16,
4421883492edac988075e9c7f3d235af,planar,pistol,0,1.0,0.0,0.0,0.0,X,0.0,
442283366e5b20c7a136444fdcc3f2b1,planar,bench,0,0.0,0.0001,1.0,0.01,Z,0.01,
442283366e5b20c7a136444fdcc3f2b1,planar,bench,1,1.0,0.0,0.0,0.0,X,0.0,
445230afd5a0eda8714b6900bef4d88b,planar,bench,0,1.0,-4e-05,-1e-05,0.0,X,0.0,
44571992d18375483506f52bbfa5b648,planar,vessel,0,1.0,0.00053,0.00079,0.03,X,0.05,
447ad1f23f96171f8d9b3c3ef984857e,planar,bench,0,1.0,0.0,0.0,0.0,X,0.0,
44a50dc1a9d8a8a65144962e2c20b832,planar,vessel,0,1.0,-0.00029,-0.00089,0.02,X,0.05,
45342795c9bf86d94b8710a3469971b1,planar,cabinet,0,1.0,0.00048,7e-05,0.03,X,0.03,
45c91d543ef3c1a829a50a2b3c5e5b6,planar,cabinet,0,1.0,0.0,0.0,0.0,X,0.0,
461441f5606348f3d88a3e0e92891ad5,planar,loudspeaker,0,1.0,1e-05,-5e-05,0.0,X,0.0,
464e34455b49aa5c824080f516909671,planar,cabinet,0,1.0,0.0,-0.0,0.0,X,0.0,
468a110ac6ede4507d11f9fcb943bcf5,planar,remote control,0,1.0,4e-05,0.00089,0.0,X,0.05,
47c0481747741fa247367565b9fdaec5,planar,train,0,1.0,-0.00126,7e-05,0.07,X,0.07,
47c33af88f4926676213fd2f62884e62,planar,chair,0,0.99999,0.00168,0.0035,0.1,X,0.22,
4814cb73a71235dbf155d75bbf62b80,planar,bench,0,0.0,0.0,1.0,0.0,Z,0.0,
4814cb73a71235dbf155d75bbf62b80,planar,bench,1,1.0,-2e-05,-2e-05,0.0,X,0.0,
481f7a57a12517e0fe1b9fad6c90c7bf,planar,motorcycle,0,1.0,-0.00031,-0.00127,0.02,X,0.08,
484a49065ab1430624256fd51423318f,planar,skateboard,0,0.0027,0.00526,0.99998,0.3,Z,0.34,
484a49065ab1430624256fd51423318f,planar,skateboard,1,0.99999,0.00329,-0.00082,0.19,X,0.19,
484f3660bf095e6f2b8a1a2aaa466160,planar,cabinet,0,1.0,2e-05,-0.00014,0.0,X,0.01,
488b9ae283b800b282ec895e014b9eb3,planar,skateboard,0,1.0,-0.00236,4e-05,0.14,X,0.14,
48ea3558db137e87ad5067eac75a07f7,planar,bench,0,1e-05,2e-05,-1.0,0.0,Z,0.0,
48ea3558db137e87ad5067eac75a07f7,planar,bench,1,1.0,6e-05,-5e-05,0.0,X,0.0,
496f1d6cdd0a0aa247b74f4d1238a1fd,planar,bench,0,1.0,-3e-05,-1e-05,0.0,X,0.0,
49ab2a5a9005eab9d2b12aa6a0f050b3,planar,bench,0,1.0,0.0,0.0,0.0,X,0.0,
49b69d5e4330ae2457b1c0b6d5084bcf,planar,cabinet,0,1.0,-0.00097,0.00015,0.06,X,0.06,
4a007c5263b36c35f51f77a6d7299806,planar,cabinet,0,0.99999,0.00405,-0.00014,0.23,X,0.23,
4a30aaec0e83f992c59350d819542ec7,planar,cabinet,0,1.0,0.00019,-0.00035,0.01,X,0.02,
4a7e3ca704e59439b362845c6edb57fc,planar,bathtub,0,0.0,0.0,1.0,0.0,Z,0.0,
4acadee1dadac64e4b8710a3469971b1,planar,cabinet,0,1.0,0.0,0.0,0.0,X,0.0,
4b079b2e510fffb8cb2a965e75be701c,planar,bench,0,1.0,0.0,0.0,0.0,X,0.0,
4b38f041ed60b99f7fe17e97940646fa,planar,chair,0,1.0,0.0,0.0,0.0,X,0.0,
4b495cde98399a83d4d8765e3910f617,planar,bench,0,1.0,-5e-05,2e-05,0.0,X,0.0,
4b715a1f611b30768b45d2a1081eca04,planar,bench,0,1.0,-0.0,2e-05,0.0,X,0.0,
4b80db7aaf0dff0c4da5feafe6f1c8fc,planar,cabinet,0,1.0,-0.0,1e-05,0.0,X,0.0,
4bd1e17e8bfe8d5622309d9bc2301ff1,planar,cabinet,0,0.0,0.0,1.0,0.0,Z,0.0,
4bd1e17e8bfe8d5622309d9bc2301ff1,planar,cabinet,1,0.0,1.0,-0.0,90.0,Y,0.0,
4c68319a9f02d3909807fae46dcfc049,planar,piano,0,1.0,0.00021,0.00014,0.01,X,0.01,
4cee7bc85dae3a58d6a78c624f639b3a,planar,loudspeaker,0,0.00154,-1.0,-0.00212,89.85,Y,0.15,
4cf8fd9b396d0d24868bb660c8b7e409,planar,bookshelf,0,1.0,0.0,0.0,0.0,X,0.0,
4d033564f0dcb412afac285245c66df0,planar,loudspeaker,0,1.0,-5e-05,-4e-05,0.0,X,0.0,
4d38a3e7f051446a9b5ae2fb66e1e25c,planar,bench,0,1.0,-9e-05,-0.00013,0.0,X,0.01,
4d79731efe402b0d635469b95109803c,planar,cabinet,0,1.0,2e-05,0.00015,0.0,X,0.01,
4dabd28be1615419546a56a24fdd418a,planar,cabinet,0,1.0,0.00027,-7e-05,0.02,X,0.02,
4e1fdafd569814c241cefd10ce5d6cc0,planar,bus,0,1.0,0.00057,-0.00025,0.03,X,0.04,
4e31ddf3828a40f3cd525309aaf63a44,planar,cabinet,0,1.0,-0.0,-0.0,0.0,X,0.0,
4e43690694133a65e5ef38e098c46afd,planar,bench,0,1.0,-0.00051,-0.00071,0.03,X,0.05,
4e6313bce5ee3698909d4348e3fee2dd,planar,vessel,0,1.0,-0.00052,-0.00054,0.03,X,0.04,
4ead9b28515b97fdc0e2e9e9ade4d03b,planar,bus,0,0.99996,-0.00849,-0.00108,0.49,X,0.49,
4f228d116af6e6ad88a3e0e92891ad5,planar,loudspeaker,0,1.0,0.0,0.0,0.0,X,0.0,
4f35874fc0301d015cd4f7d5b0608a,planar,table,0,0.00014,0.00027,1.0,0.02,Z,0.02,
4f35874fc0301d015cd4f7d5b0608a,planar,table,1,1.0,6e-05,-0.00011,0.0,X,0.01,
4f409f31b182075511b6d7dda2bf041e,planar,skateboard,0,0.00065,0.00162,1.0,0.09,Z,0.1,
4f409f31b182075511b6d7dda2bf041e,planar,skateboard,1,1.0,-0.00014,-0.00165,0.01,X,0.09,
4fc0bc3fb6438dffab1d1edf764243e3,planar,table,0,0.0,0.0,1.0,0.0,Z,0.0,
4fc0bc3fb6438dffab1d1edf764243e3,planar,table,1,1.0,-0.0005,0.00234,0.03,X,0.14,
50557c5a0d38b38920192a5319e3e2e4,planar,stove,0,1.0,0.00021,6e-05,0.01,X,0.01,
50b1f4e5a130dafbb5b1048c702c9b77,planar,loudspeaker,0,6e-05,-0.00089,-1.0,0.05,Z,0.05,
50b1f4e5a130dafbb5b1048c702c9b77,planar,loudspeaker,1,0.00074,-1.0,0.00077,89.94,Y,0.06,
50b1f4e5a130dafbb5b1048c702c9b77,planar,loudspeaker,2,1.0,0.00033,0.00037,0.02,X,0.03,
5125de61a2cf9dd2b362845c6edb57fc,planar,bathtub,0,0.0,0.0,-1.0,0.0,Z,0.0,
5125de61a2cf9dd2b362845c6edb57fc,planar,bathtub,1,0.00054,5e-05,-1.0,0.0,Z,0.03,
5132921c7ed221103af30a3946d92feb,planar,bathtub,0,2e-05,-0.00186,1.0,0.11,Z,0.11,
5132921c7ed221103af30a3946d92feb,planar,bathtub,1,1.0,-0.00256,0.00015,0.15,X,0.15,
5135a234fe18481235836c728d324152,planar,cabinet,0,1.0,0.00024,-3e-05,0.01,X,0.01,
514623ec3be9f8ac9f46749e28e16975,planar,bus,0,0.99999,-0.00366,0.00097,0.21,X,0.22,
5174613439e9cf79d2808af04871028b,planar,helmet,0,0.03193,-0.00618,-0.99947,0.35,Z,1.86,
51c60589bdd1ed73d4d8765e3910f617,planar,bench,0,1.0,-3e-05,3e-05,0.0,X,0.0,
5207969c5c38875a6eca3a103e1326ab,planar,bench,0,1.0,0.0,0.0,0.0,X,0.0,
52160c130b4c132244221bef0fa3c36b,planar,bathtub,0,0.00818,0.99997,0.00038,89.53,Y,0.47,
524e4a1041ae53154b3c42e318f3affc,planar,chair,0,1.0,-0.00015,-0.00016,0.01,X,0.01,
52867aee1e2e137912a905e721b748f5,planar,bench,0,1.0,-1e-05,-1e-05,0.0,X,0.0,
5294d0d31a33e67912de5317fe5b354f,planar,cabinet,0,1.0,-0.00233,-0.00118,0.13,X,0.15,
52c23e4a42c5f058ffc6e457221b9271,planar,washer,0,1.0,-0.00013,0.00062,0.01,X,0.04,
52ffc103719ae88ef0f40fbf85e100a,planar,skateboard,0,0.00125,-0.00809,-0.99997,0.46,Z,0.47,
52ffc103719ae88ef0f40fbf85e100a,planar,skateboard,1,1.0,0.00104,0.00046,0.06,X,0.06,
53433f3e15014d831220240e825d0985,planar,earphone,0,0.00538,0.00023,-0.99999,0.01,Z,0.31,
53433f3e15014d831220240e825d0985,planar,earphone,1,0.99998,-0.00183,0.00567,0.11,X,0.34,
536cbcc72e3f648fb362845c6edb57fc,planar,bathtub,0,3e-05,0.00016,1.0,0.01,Z,0.01,
5394ceacb131b5e79d7aee0f8e107545,planar,loudspeaker,0,0.0002,-1.0,-0.00011,89.99,Y,0.01,
539ad95ea77939f8f9a3483407086411,planar,train,0,1.0,0.0,0.0,0.0,X,0.0,
53ad4a901e8b0dd9121859336e292a5d,planar,dishwasher,0,1.0,1e-05,-0.00035,0.0,X,0.02,
53e1d0645ff2afc54c3aee8e9d3a6ffa,planar,file,0,1.0,-8e-05,0.0001,0.0,X,0.01,
53e3f4b35e8c992e954bfb4cc0842c46,planar,bench,0,0.0,8e-05,-1.0,0.0,Z,0.0,
53e3f4b35e8c992e954bfb4cc0842c46,planar,bench,1,1.0,7e-05,6e-05,0.0,X,0.01,
54547a5cbc7cd402c955e5ed03ef3a2f,planar,bench,0,0.0,1e-05,-1.0,0.0,Z,0.0,
54547a5cbc7cd402c955e5ed03ef3a2f,planar,bench,1,1.0,-0.00047,0.00044,0.03,X,0.04,
54ad30894e9c74f28abdeb0a990504a,planar,vessel,0,1.0,-0.0008,0.00011,0.05,X,0.05,
550e62946d2f55554bce3147c41ec725,planar,bench,0,1.0,-3e-05,-3e-05,0.0,X,0.0,
5586a1f6745126e25e0d2ab0e6ad9dae,planar,clock,0,7e-05,8e-05,-1.0,0.0,Z,0.01,
55a09adb1315764f8a766d8de50bb39d,planar,pillow,0,0.00013,8e-05,1.0,0.0,Z,0.01,
55a09adb1315764f8a766d8de50bb39d,planar,pillow,1,0.0,-1.0,-0.0,90.0,Y,0.0,
55a09adb1315764f8a766d8de50bb39d,planar,pillow,2,1.0,-0.0002,5e-05,0.01,X,0.01,
55c97131574186c0d4d8765e3910f617,planar,bench,0,0.0,-7e-05,1.0,0.0,Z,0.0,
55c97131574186c0d4d8765e3910f617,planar,bench,1,1.0,1e-05,-1e-05,0.0,X,0.0,
55cf3c1207e421a29e3e34eaf1f39535,planar,vessel,0,1.0,-7e-05,-0.00048,0.0,X,0.03,
55f0e38a64ba2c2d813b65629a36678,planar,skateboard,0,1.0,0.0,0.0,0.0,X,0.0,
563569e15313d7eb89e13811ad04f53f,planar,skateboard,0,0.0053,-0.00073,0.99999,0.04,Z,0.31,
563569e15313d7eb89e13811ad04f53f,planar,skateboard,1,0.99999,0.00133,-0.00493,0.08,X,0.29,
564813720bdb0cd93321831d2245cf06,planar,bathtub,0,0.00016,0.00381,-0.99999,0.22,Z,0.22,
56e1f35c70ad2859c59350d819542ec7,planar,cabinet,0,0.0037,0.99999,0.00031,89.79,Y,0.21,
57041ab17b34eba1f49237e570f62c8f,planar,cabinet,0,1.0,0.0,0.0,0.0,X,0.0,
571dd1b4d09773c5bbe43d356df0e955,planar,skateboard,0,0.00611,-0.00087,-0.99998,0.05,Z,0.35,
571dd1b4d09773c5bbe43d356df0e955,planar,skateboard,1,1.0,0.00125,0.00127,0.07,X,0.1,
574447022c4473d455f46d55537192b6,planar,table,0,0.0,0.0,-1.0,0.0,Z,0.0,
574447022c4473d455f46d55537192b6,planar,table,1,1.0,0.0,-0.0,0.0,X,0.0,
575289640b8fe387a0c6c5e8898c5f38,planar,train,0,1.0,-0.00121,-6e-05,0.07,X,0.07,
575595ab81e657315b3aba3f0877c74f,planar,bench,0,1.0,-0.00023,0.00017,0.01,X,0.02,
578b801e35fd2defd4d8765e3910f617,planar,bench,0,1.0,2e-05,-1e-05,0.0,X,0.0,
578ba0e5871fd931b8e562d273208aea,planar,train,0,0.99999,-0.00391,1e-05,0.22,X,0.22,
57b4898f5b94a5a89d297e74104d3ac3,planar,chair,0,1.0,-0.0,0.0,0.0,X,0.0,
5870d0ad92321f8cad5067eac75a07f7,planar,bench,0,1.0,-0.00015,-0.00014,0.01,X,0.01,
589c1f69b5a29cb7b362845c6edb57fc,planar,bathtub,0,0.00034,0.00844,-0.99996,0.48,Z,0.48,
589c1f69b5a29cb7b362845c6edb57fc,planar,bathtub,1,1.0,0.0,0.0,0.0,X,0.0,
58bc4edaefdf3b0e1db42cf774e49bf,planar,washer,0,1.0,0.00133,0.00065,0.08,X,0.08,
591613a69c2e212f78c0a4707b40a908,planar,loudspeaker,0,1.0,0.00267,-0.00066,0.15,X,0.16,
594c15031388ed1588cafac7d7e6b54,planar,bathtub,0,0.0015,0.02292,-0.99974,1.31,Z,1.32,
594c15031388ed1588cafac7d7e6b54,planar,bathtub,1,0.00124,-0.03781,0.99928,2.17,Z,2.17,
59bf155f2c4d655894c7c2dce500aa02,planar,laptop,0,0.99999,-0.00265,-0.00415,0.15,X,0.28,
59c7c6a65cf462be43acec71ba42b6b7,planar,laptop,0,1.0,-2e-05,-4e-05,0.0,X,0.0,
5a34a535ced91869354ab1decf4fe605,planar,motorcycle,0,1.0,-0.00012,-1e-05,0.01,X,0.01,
5a79d517ab366c52ccd0340812259a39,planar,bathtub,0,0.00085,-0.02715,0.99963,1.56,Z,1.56,
5a79d517ab366c52ccd0340812259a39,planar,bathtub,1,0.00206,0.01053,0.99994,0.6,Z,0.61,
5a86b8c93baf8ad0a9030dd33d75b731,planar,bench,0,1.0,0.00035,0.00038,0.02,X,0.03,
5aa9a03af76807fa94f937d854219137,planar,bench,0,1.0,-1e-05,-1e-05,0.0,X,0.0,
5ab38425eb09fe33cac2a982f1c2a5b5,planar,bench,0,0.0,0.0,1.0,0.0,Z,0.0,
5ab38425eb09fe33cac2a982f1c2a5b5,planar,bench,1,1.0,-0.00079,0.00038,0.05,X,0.05,
5acf58974a81ba7ea7b482715d4b6103,planar,earphone,0,0.0,0.0,1.0,0.0,Z,0.0,
5acf58974a81ba7ea7b482715d4b6103,planar,earphone,1,1.0,-0.00195,-0.00162,0.11,X,0.15,
5b0d2362c82416695b903ba10d2ec446,planar,table,0,0.00552,0.00097,-0.99998,0.06,Z,0.32,
5b0d2362c82416695b903ba10d2ec446,planar,table,1,0.99997,0.00041,0.00718,0.02,X,0.41,
5b50871735c5cce2d2b12aa6a0f050b3,planar,bench,0,1.0,-3e-05,-3e-05,0.0,X,0.0,
5bc75cb5c0270e60d2b12aa6a0f050b3,planar,bench,0,1.0,0.0,0.0,0.0,X,0.0,
5be09ade953eaf6ca6910e4922d61aa,planar,bench,0,1.0,0.0,0.0,0.0,X,0.0,
5c10e37453733ddb46d83d16be057f3e,planar,airplane,0,1.0,-0.0016,-0.00111,0.09,X,0.11,
5c2a57c2cff7cc06d636d2b2e734dd7a,planar,piano,0,1.0,7e-05,4e-05,0.0,X,0.0,
5cb40adcdfa5247681faebbdea6bd9be,planar,bench,0,1.0,0.0,0.0,0.0,X,0.0,
5cbffd78e4cefc3038330212e10bdbc0,planar,bench,0,1.0,-0.0,0.0,0.0,X,0.0,
5d68fdf84dfdc4809f136629ee03397d,planar,bench,0,1.0,0.0,0.0,0.0,X,0.0,
5d9880d63d54b9c442bdc91bf8c0f902,planar,bench,0,1.0,0.0,0.0,0.0,X,0.0,
5da1ddcc8d5f62577f5d4139a48ddb6f,planar,tower,0,1.0,-0.00201,0.00061,0.11,X,0.12,
5ddf4835ed5640e942e61fccfc5d24ee,planar,train,0,0.99999,-0.0042,0.00147,0.24,X,0.26,
5df84478c357fc7c5b056960183c4aff,planar,train,0,1.0,-0.0,-0.0,0.0,X,0.0,
5e1ef1b63216952dd2b12aa6a0f050b3,planar,bench,0,1.0,-1e-05,-1e-05,0.0,X,0.0,
5edc6766196953a28f62bdf4e9082924,planar,cabinet,0,1.0,0.0,-7e-05,0.0,X,0.0,
5eecd4415ae176b6c6bf3b18b8ca71a,planar,bus,0,0.99999,-0.00156,0.00455,0.09,X,0.28,
5f3782702eb8f2d421b4fad85a658c,planar,bench,0,1.0,0.00011,-0.00196,0.01,X,0.11,
5f9fd9bf28da76ebed2eab6efdeec5f8,planar,chair,0,1.0,0.00122,0.0001,0.07,X,0.07,
601c1c3d98596cc34a60c1a189046dd1,planar,stove,0,0.99999,-0.00377,0.00188,0.22,X,0.24,
608f7c4d52bbfeec9f00d9b3defbf21d,planar,helmet,0,0.99996,0.00595,0.00627,0.34,X,0.5,
619b49bae27807fb1082f2ea630bf69e,planar,skateboard,0,1.0,0.00042,0.0,0.02,X,0.02,
61a19c2b6dbab7be1291d1279f7bf122,planar,bathtub,0,7e-05,-0.00137,1.0,0.08,Z,0.08,
61a19c2b6dbab7be1291d1279f7bf122,planar,bathtub,1,1.0,-0.00089,-1e-05,0.05,X,0.05,
61b9d7c12ba7aed4c59350d819542ec7,planar,cabinet,0,1.0,0.0018,-0.00207,0.1,X,0.16,
61bd590e917928f6b6ecbbb2e4d05900,planar,airplane,0,1.0,0.00053,0.00044,0.03,X,0.04,
61e3c4fcffab96b9ed98cca8f0ccd5f7,planar,bench,0,1.0,-0.00015,-8e-05,0.01,X,0.01,
621f1f65eca6fe7fd7c9d85d3b7335dc,planar,bathtub,0,0.0,0.0,1.0,0.0,Z,0.0,
622dadb90004f49fb84959963148f2a2,planar,cabinet,0,1.0,-0.0001,0.00098,0.01,X,0.06,
62a332e54cca36f547b925ad5d9d8738,planar,cabinet,0,1.0,1e-05,-0.0,0.0,X,0.0,
62f8ee99e2961024834b1a533ffa0490,planar,train,0,1.0,0.00232,0.00026,0.13,X,0.13,
637b36b2e5db7f513f7e27638e63d848,planar,chair,0,1.0,0.00023,-4e-05,0.01,X,0.01,
638f96b7300e754178d5e65673875191,planar,bus,0,1.0,0.0,0.0,0.0,X,0.0,
639822a6db5ec3d852470de2774d6099,planar,bus,0,1.0,0.0,0.0,0.0,X,0.0,
63cde6b5e85cae2bf4b6538438a0b930,planar,table,0,1e-05,-7e-05,-1.0,0.0,Z,0.0,
63cde6b5e85cae2bf4b6538438a0b930,planar,table,1,1.0,0.0,0.0,0.0,X,0.0,
63fc809815b9639de7c7920f6a65a54d,planar,lamp,0,0.99986,0.00238,0.01662,0.14,X,0.96,
641234f284243decea95e61f66327e28,planar,cellular telephone,0,1.0,-0.00027,-0.00236,0.02,X,0.14,
643191e8ee56104e424f8f8e828c9ab9,planar,cabinet,0,1.0,6e-05,2e-05,0.0,X,0.0,
6458583a168aa52af42a90fe4baf4591,planar,bathtub,0,0.00062,-0.00346,0.99999,0.2,Z,0.2,
6466c201a664851de7b89654b68b9e5b,planar,bench,0,0.0,0.00011,-1.0,0.01,Z,0.01,
6466c201a664851de7b89654b68b9e5b,planar,bench,1,1.0,0.0,0.0,0.0,X,0.0,
64d5bd4a6af3da16327289c00b6dc9ca,planar,chair,0,1.0,0.0,0.0,0.0,X,0.0,
6512b58401c7ea51ad5067eac75a07f7,planar,bench,0,1.0,1e-05,1e-05,0.0,X,0.0,
654362e53ebb6e303321831d2245cf06,planar,bathtub,0,0.00056,0.00055,1.0,0.03,Z,0.04,
654362e53ebb6e303321831d2245cf06,planar,bathtub,1,1.0,-0.00084,-0.00018,0.05,X,0.05,
65470e16a5880d4dcb2a965e75be701c,planar,bench,0,1.0,-0.0,-9e-05,0.0,X,0.01,
660e11eff2108a00f8ff821990890128,planar,bus,0,0.99998,0.00662,0.00037,0.38,X,0.38,
668c488e900c2ede62a9eaa32bfe99c4,planar,chair,0,1.0,-0.00216,-0.00023,0.12,X,0.12,
66adf182075ea88177f32db2e5e73311,planar,bench,0,1.0,6e-05,7e-05,0.0,X,0.01,
673e5bae900225783956bf2322987dd4,planar,bathtub,0,1.0,0.0,0.0,0.0,X,0.0,
6752d9230ae82d1ce67de87b371d4c06,planar,bench,0,1.0,2e-05,-2e-05,0.0,X,0.0,
67967d0213be8b199fa004564ade09f8,planar,loudspeaker,0,1.0,-0.00092,0.00129,0.05,X,0.09,
67baf038e83456967f521a3dcd28e9d2,planar,cellular telephone,0,1.0,0.0004,-0.00079,0.02,X,0.05,
67eaa2b16399f3e88809fffd0cefbf72,planar,table,0,0.0,0.0,1.0,0.0,Z,0.0,
67eaa2b16399f3e88809fffd0cefbf72,planar,table,1,1.0,-0.0,-0.0,0.0,X,0.0,
68220c134171d105f0fb3e3d2a0d34c9,planar,cabinet,0,1.0,9e-05,9e-05,0.0,X,0.01,
689fce16d1f9099b9aebadb76803631,planar,table,0,9e-05,0.00014,1.0,0.01,Z,0.01,
691480901ee9f047ad5067eac75a07f7,planar,bench,0,1.0,-0.00032,-0.00021,0.02,X,0.02,
693b8a150f9e844e50539bb73fa8aaff,planar,bathtub,0,0.0,0.0,1.0,0.0,Z,0.0,
69544db102786237f51f77a6d7299806,planar,cabinet,0,1.0,0.0,0.0,0.0,X,0.0,
699cd83b28bd248d30f646576d932e1a,planar,bus,0,1.0,-0.00053,-0.00065,0.03,X,0.05,
6a11450577768f2747d4c7899ba36cd,planar,bench,0,1.0,3e-05,-3e-05,0.0,X,0.0,
6a121783609b4a18824662341ce2b233,planar,cabinet,0,1.0,0.00014,-0.00024,0.01,X,0.02,
6a237c1e61fe2bba8490246570868c8d,planar,bench,0,1.0,-0.00066,-0.00101,0.04,X,0.07,
6a26d2eaaf63d2a7b2faf16541f353f5,planar,train,0,1.0,-6e-05,0.0,0.0,X,0.0,
6a72d6a26d28b02bd626c689702869b7,planar,table,0,0.0,0.0,1.0,0.0,Z,0.0,
6a72d6a26d28b02bd626c689702869b7,planar,table,1,1.0,0.0,0.0,0.0,X,0.0,
6abd7ebbc9020871bfbc6e788697e036,planar,vessel,0,1.0,0.0002,0.00043,0.01,X,0.03,
6b00fdf6062389ad738dd0d3509c7e47,planar,chair,0,1.0,0.0,0.0,0.0,X,0.0,
6b32d3a9198f8b03d1dcc55e36186e4e,planar,chair,0,1.0,0.00034,-0.00016,0.02,X,0.02,
6b47fc9f533618719c8ccc4e539799af,planar,bench,0,0.00097,0.11084,-0.99384,6.36,Z,6.36,
6b47fc9f533618719c8ccc4e539799af,planar,bench,1,1.0,-0.00018,-0.00015,0.01,X,0.01,
6b9d09fcf8998360a36fa9e07c662628,planar,bench,0,1.0,0.0,0.0,0.0,X,0.0,
6bf058da5c3835b415ca6115a4467dd6,planar,table,0,1.0,0.0,0.0,0.0,X,0.0,
6bf0f5e06cb748bb9671c58246946ed6,planar,cabinet,0,0.99998,0.00306,-0.00477,0.18,X,0.32,
6c1ca36830d54ca5c9736640ccf985f5,planar,bench,0,0.00016,-0.00077,1.0,0.04,Z,0.05,
6c1ca36830d54ca5c9736640ccf985f5,planar,bench,1,1.0,-3e-05,5e-05,0.0,X,0.0,
6c3e80092fa36371cb2ecbd32dc2119e,planar,bus,0,1.0,-5e-05,-0.00021,0.0,X,0.01,
6cfb76b40fc41da2a6e67635b9d1cee5,planar,cap,0,0.9983,0.04875,-0.03192,2.79,X,3.34,
6d08f3c059e674dfcb2a965e75be701c,planar,bench,0,1.0,0.0,-0.0,0.0,X,0.0,
6d755a3d6d0f265d77ea5e1afa5bfe6,planar,loudspeaker,0,1.0,-0.00091,-0.00072,0.05,X,0.07,
6da867f9fd8aefebc26e81144f3196d5,planar,clock,0,0.00035,-8e-05,1.0,0.0,Z,0.02,
6da867f9fd8aefebc26e81144f3196d5,planar,clock,1,0.00052,0.00132,-1.0,0.08,Z,0.08,
6daa439badf26355593ebeeedbff73b,planar,bench,0,1.0,-0.0,-1e-05,0.0,X,0.0,
6dad3b17869cb20fdf94ba6a907dbe8,planar,table,0,0.0,0.0,1.0,0.0,Z,0.0,
6dad3b17869cb20fdf94ba6a907dbe8,planar,table,1,1.0,4e-05,-0.00047,0.0,X,0.03,
6e683e60075bff408f98ac7ca14e08ed,planar,bench,0,1.0,0.0,0.0,0.0,X,0.0,
6e77b16c5463bf147756371b6ccc35f2,planar,bench,0,1.0,0.0,0.0,0.0,X,0.0,
6ec0ed3fc05dc7b7ad5067eac75a07f7,planar,bench,0,1.0,-6e-05,4e-05,0.0,X,0.0,
6ee844357bbc5bddd4d8765e3910f617,planar,bench,0,1.0,0.0,0.0,0.0,X,0.0,
6f1c542f24b8e50554d7082b34825ef0,planar,bathtub,0,0.00021,-0.00015,-1.0,0.01,Z,0.01,
6f1c542f24b8e50554d7082b34825ef0,planar,bathtub,1,0.00295,-0.01644,0.99986,0.94,Z,0.96,
6f46c38f86fa961ed2f1945599cd5176,planar,bookshelf,0,6e-05,-0.00023,1.0,0.01,Z,0.01,
6f46c38f86fa961ed2f1945599cd5176,planar,bookshelf,1,1.0,6e-05,-2e-05,0.0,X,0.0,
6f607a06c0d86895ad5067eac75a07f7,planar,bench,0,9e-05,-2e-05,1.0,0.0,Z,0.01,
6f607a06c0d86895ad5067eac75a07f7,planar,bench,1,1.0,0.0,0.0,0.0,X,0.0,
6f630f561e5ae2a5423efd8c02bd12f7,planar,bench,0,1.0,-0.00039,-0.00149,0.02,X,0.09,
6f6c8762f55f94e24145b5f47fac09a5,planar,laptop,0,0.99999,0.00289,0.00135,0.17,X,0.18,
7077395b60bf4aeb3cb44973ec1ffcf8,planar,camera,0,1.0,0.00057,0.00014,0.03,X,0.03,
70a2b281cd8d59a52d19175e7d19b7cb,planar,chair,0,0.99999,0.00448,-0.00038,0.26,X,0.26,
70edb39bb2710eebcb2a965e75be701c,planar,bench,0,1.0,-0.0,-0.0,0.0,X,0.0,
71970f9a11b0b5bcd7262b1b986920e7,planar,bench,0,1.0,0.00132,0.00036,0.08,X,0.08,
71c2c44dd20ae153353a90f87b8ecab5,planar,cabinet,0,1.0,0.0,0.0,0.0,X,0.0,
71ead7f072106c63ed13f430b2941481,planar,bag,0,0.00113,0.002,1.0,0.11,Z,0.13,
71ead7f072106c63ed13f430b2941481,planar,bag,1,0.99997,0.00652,-0.00303,0.37,X,0.41,
721617d5fe78f33363ffebf86d8dd00,planar,bathtub,0,1.0,0.0,0.0,0.0,X,0.0,
724fa46215e03f4c52d9fc61873164a1,planar,table,0,0.00146,-0.00034,-1.0,0.02,Z,0.09,
724fa46215e03f4c52d9fc61873164a1,planar,table,1,1.0,-0.00064,0.00223,0.04,X,0.13,
7290270e8dc33f5bef54591980b8a426,planar,bus,0,1.0,0.0,0.0,0.0,X,0.0,
72d950ea1c029bf2369c46027bce7af,planar,cabinet,0,0.0,-0.0,-1.0,0.0,Z,0.0,
72d950ea1c029bf2369c46027bce7af,planar,cabinet,1,1.0,-0.00019,6e-05,0.01,X,0.01,
72f501d4168713b9445e85eb534460b0,planar,table,0,1.0,1e-05,-1e-05,0.0,X,0.0,
733cae1ea9a85122d41f2c02e27f6d9c,planar,bench,0,1.0,0.0,0.0,0.0,X,0.0,
739725054f3dcee41ef2486fe36a1e66,planar,bus,0,1.0,-0.00036,8e-05,0.02,X,0.02,
73a6a42f5e45b3e7a3879b7d5fe7c612,planar,bench,0,1.0,2e-05,1e-05,0.0,X,0.0,
73c2405d760e35adf51f77a6d7299806,planar,cabinet,0,1.0,0.00121,0.0003,0.07,X,0.07,
74126116f42f09e2e6e130a30b5ed875,planar,cabinet,0,1.0,-1e-05,-2e-05,0.0,X,0.0,
74983e99e7606eb114708467db3d00e2,planar,bench,0,0.0,0.0,1.0,0.0,Z,0.0,
74983e99e7606eb114708467db3d00e2,planar,bench,1,1.0,-9e-05,5e-05,0.01,X,0.01,
74d27bf812f4a7d83a2dfdc3f38ea6c3,planar,loudspeaker,0,1.0,0.00014,-5e-05,0.01,X,0.01,
751c6f35fc0194785445e46058840642,planar,clock,0,1.0,-0.00031,0.00012,0.02,X,0.02,
758b9da6bf573838d214322c26aa0cfd,planar,cellular telephone,0,1.0,0.0,0.0,0.0,X,0.0,
75c4595a4d1c3bf9fd2b139960f72a73,planar,cabinet,0,1.0,0.0,-0.0,0.0,X,0.0,
75fc875e3d2bd8fbf01129d246a5d1a5,planar,bus,0,0.99999,-0.0047,0.00047,0.27,X,0.27,
7681e8a8ba049dcec16b50401ee47ac,planar,pistol,0,1.0,-0.00021,0.00028,0.01,X,0.02,
76976adc8a170036ae23680cee12f145,planar,bench,0,1.0,1e-05,1e-05,0.0,X,0.0,
76f657e27f2aa86391a491e8257bd6fe,planar,bus,0,1.0,-0.00069,-8e-05,0.04,X,0.04,
775230183193fb9c39054ca4bd28c2fb,planar,remote control,0,1.0,-0.00013,-0.00016,0.01,X,0.01,
77c2f1b7a7c0a4d15ca1f314f1afc186,planar,bench,0,1e-05,9e-05,-1.0,0.01,Z,0.01,
77c2f1b7a7c0a4d15ca1f314f1afc186,planar,bench,1,1.0,0.0,0.0,0.0,X,0.0,
77e0932f0886aede3321831d2245cf06,planar,bathtub,0,1.0,-0.00022,4e-05,0.01,X,0.01,
785b58a111b0498b9572486e5a924845,planar,cabinet,0,1.0,-1e-05,-1e-05,0.0,X,0.0,
78a93c794aa77beb47bc3701b998a7d5,planar,table,0,0.0,-0.0,1.0,0.0,Z,0.0,
78a93c794aa77beb47bc3701b998a7d5,planar,table,1,1.0,0.0,0.0,0.0,X,0.0,
78d36740730c94a4490ad276cd2af3a4,planar,cabinet,0,1.0,0.00031,0.00015,0.02,X,0.02,
79ace304188699fd5fe7cbb6d6b5e421,planar,bathtub,0,1.0,-0.0004,4e-05,0.02,X,0.02,
79b834190bfcf065bc7069dbf29b2330,planar,train,0,1.0,0.00182,1e-05,0.1,X,0.1,
79bf4c4574bc9c4552470de2774d6099,planar,bus,0,1.0,0.00022,4e-05,0.01,X,0.01,
79cbb3c5f6bad447abc635d6ed355bef,planar,loudspeaker,0,1.0,1e-05,0.00053,0.0,X,0.03,
7a48b295d6c3956fa96fd0f479def5ab,planar,cabinet,0,1.0,0.0,0.0,0.0,X,0.0,
7abeb2903fa22d0fad974a50533b722,planar,bench,0,1.0,6e-05,3e-05,0.0,X,0.0,
7aef12ad7f602053d4d8765e3910f617,planar,pot,0,0.00077,0.00309,0.99999,0.18,Z,0.18,
7aef12ad7f602053d4d8765e3910f617,planar,pot,1,0.99999,0.00355,-0.0004,0.2,X,0.2,
7af2a3d126ac5e44fdda95e9849ffbd2,planar,cellular telephone,0,1.0,-0.00031,-0.00074,0.02,X,0.05,
7ba9140b8e416d79601104cd2d998272,planar,bench,0,1.0,5e-05,1e-05,0.0,X,0.0,
7bddc990442a3c6ea8ab8175d04e5764,planar,stove,0,1.0,-0.00019,5e-05,0.01,X,0.01,
7c5bebe21d2f9232af268f6180933aa3,planar,bench,0,1.0,8e-05,5e-05,0.0,X,0.01,
7de0323af143c38bd4d8765e3910f617,planar,bench,0,5e-05,-0.0001,-1.0,0.01,Z,0.01,
7de0323af143c38bd4d8765e3910f617,planar,bench,1,1.0,2e-05,-1e-05,0.0,X,0.0,
7e029f73e9cd98d2f155d75bbf62b80,planar,bench,0,0.0,0.0,1.0,0.0,Z,0.0,
7e029f73e9cd98d2f155d75bbf62b80,planar,bench,1,1.0,-0.00019,0.00016,0.01,X,0.01,
7e32602a20e478ddb362845c6edb57fc,planar,bathtub,0,0.00106,-0.00309,0.99999,0.18,Z,0.19,
7e5dbe69598c6439ab80ed476c7fb6b1,planar,bus,0,1.0,0.0017,-0.00011,0.1,X,0.1,
7ebff305b2e93504239603972bcd2e7b,planar,laptop,0,1.0,0.00042,-0.0003,0.02,X,0.03,
7f50a6bb1827b9f582bfcd34215ccfc7,planar,cabinet,0,1.0,0.0,0.0,0.0,X,0.0,
7f756e697cd03ac821844676433a0aca,planar,cellular telephone,0,1.0,0.00038,-0.00038,0.02,X,0.03,
7fce8c7fc6ce0364fcd4910413c446d9,planar,dishwasher,0,0.99998,-0.00528,-0.00265,0.3,X,0.34,
7fd1b974ea23815ba0338a523d3365ec,planar,train,0,0.99999,-0.00392,-0.00194,0.22,X,0.25,
7fe08cd7a9b76c1dcbde89e0c48a01bf,planar,chair,0,1.0,-0.00068,-0.00032,0.04,X,0.04,
800da11834a991da3321831d2245cf06,planar,bathtub,0,0.00034,0.00128,1.0,0.07,Z,0.08,
800da11834a991da3321831d2245cf06,planar,bathtub,1,1.0,-0.00045,-0.00013,0.03,X,0.03,
8020984fc6e83ac1331b5e6778e27aa,planar,motorcycle,0,0.99999,-0.00435,0.00045,0.25,X,0.25,
804adfb0fa907adc238ec815c61acb8,planar,piano,0,0.99999,0.00163,-0.00349,0.09,X,0.22,
804cdf67685d7e592efffaf8e146c9c,planar,faucet,0,0.99992,-0.00144,0.01249,0.08,X,0.72,
80593a84e45e4345f51f77a6d7299806,planar,bench,0,1.0,0.0,0.0,0.0,X,0.0,
807f68d665cf7b0cf4fb4dee5181bee,planar,bench,0,1.0,-0.0,-0.0,0.0,X,0.0,
8093937b9072e92afab6e40cce6926d7,planar,cabinet,0,1.0,0.00058,-4e-05,0.03,X,0.03,
8094a6efa5efa16776d812857a5be1ce,planar,cabinet,0,1.0,-7e-05,-0.00012,0.0,X,0.01,
81412f3a04fb62c39a595400278b1b6d,planar,piano,0,0.99995,-0.00953,0.00019,0.55,X,0.55,
814bba8e48083abfdce1af5c27e3da18,planar,basket,0,0.00227,0.00578,0.99998,0.33,Z,0.36,
814bba8e48083abfdce1af5c27e3da18,planar,basket,1,0.99989,0.01438,-0.00429,0.82,X,0.86,
820868b702c588e0ce5d6e9371bb5c33,planar,file,0,1.0,-0.00016,5e-05,0.01,X,0.01,
82be57a43d5d1e14fa286e2f06a75d07,planar,vessel,0,0.9998,-0.01982,0.00051,1.14,X,1.14,
82c05fe4890a7f5112de5317fe5b354f,planar,cabinet,0,1.0,-0.00015,-0.00011,0.01,X,0.01,
82d8391c62e197161282d4d9178caa92,planar,chair,0,0.99991,0.00671,-0.01132,0.38,X,0.75,
82e0e96bd89956d9f330eedffaf3339e,planar,piano,0,0.99998,-0.00575,0.00146,0.33,X,0.34,
82f7946adba23f5f1c6beaa592f1b2c5,planar,cabinet,0,1.0,0.00178,-0.00259,0.1,X,0.18,
8325e5496a7ab8abd2b12aa6a0f050b3,planar,bench,0,2e-05,-2e-05,1.0,0.0,Z,0.0,
8325e5496a7ab8abd2b12aa6a0f050b3,planar,bench,1,1.0,-0.0,-0.0,0.0,X,0.0,
83412e29d5978b101f6dfedaba98d5f9,planar,cabinet,0,0.0006,-0.00046,-1.0,0.03,Z,0.04,
83412e29d5978b101f6dfedaba98d5f9,planar,cabinet,1,0.001,-0.00184,-1.0,0.11,Z,0.12,
83412e29d5978b101f6dfedaba98d5f9,planar,cabinet,2,1.0,-0.00034,-0.00038,0.02,X,0.03,
835e01af50296235aefda81565fede7,planar,loudspeaker,0,1.0,-1e-05,-1e-05,0.0,X,0.0,
837330924dba611df6572e2c76e2d78e,planar,motorcycle,0,0.99991,-0.01217,0.00637,0.7,X,0.79,
8399987b9bca0dd0e63a9e8397b31118,planar,bathtub,0,1.0,0.0,0.0,0.0,X,0.0,
83c90f7b104816ecc748af2814b558c4,planar,vessel,0,0.99998,-0.00657,-0.00188,0.38,X,0.39,
8497e02fa1662113776d8bc79b9caa2c,planar,vessel,0,1.0,0.00184,0.00065,0.11,X,0.11,
84aa911799cd87b4ad5067eac75a07f7,planar,bench,0,1.0,-0.0001,6e-05,0.01,X,0.01,
84efcf2796fad0d2917fe9209d09e56e,planar,bench,0,1.0,-0.00193,0.00029,0.11,X,0.11,
853f3c53280aa44fb63369d5dd85d25,planar,loudspeaker,0,0.0,0.0,-1.0,0.0,Z,0.0,
854ffe2c60091876e07a1c4b84dfd325,planar,piano,0,1.0,-0.00049,-0.00016,0.03,X,0.03,
8596664f3d7925cdfdeb515ad63cf4b0,planar,bench,0,1.0,-6e-05,1e-05,0.0,X,0.0,
85bbc49aa67149c531baa3c9ee4148cd,planar,loudspeaker,0,1.0,-0.00033,-0.00127,0.02,X,0.08,
86059f6fa56a8c5e44175b4dddf5be08,planar,bench,0,1.0,3e-05,4e-05,0.0,X,0.0,
866b0fab7a3e54053555de1e3169ac6e,planar,bench,0,0.0001,0.00018,-1.0,0.01,Z,0.01,
866b0fab7a3e54053555de1e3169ac6e,planar,bench,1,1.0,0.0,0.0,0.0,X,0.0,
86838c0e4486ee7a8369c37b40e82efa,planar,cabinet,0,1.0,-0.0,0.0,0.0,X,0.0,
86880c061d80ebab3956bf2322987dd4,planar,bathtub,0,1.0,-6e-05,8e-05,0.0,X,0.01,
868d86e47bcf7c9d1dd03d3141d85a03,planar,bench,0,1.0,-1e-05,-0.0,0.0,X,0.0,
87348bdeb8bc74139ebd7d1067b13a,planar,airplane,0,1.0,-6e-05,0.0003,0.0,X,0.02,
8757c29fd2ad648c193d7855ecfc1bd3,planar,bus,0,0.99997,0.00778,0.00225,0.45,X,0.46,
875b1307c76566c8d0d4e85a15f02eb4,planar,bench,0,2e-05,-4e-05,1.0,0.0,Z,0.0,
875b1307c76566c8d0d4e85a15f02eb4,planar,bench,1,1.0,-4e-05,0.0,0.0,X,0.0,
87afe5137d675efb73418f9a8c25ad1a,planar,chair,0,1.0,-1e-05,2e-05,0.0,X,0.0,
87dfa3332d118867d0d69b51a45f7aff,planar,bench,0,1.0,-8e-05,4e-05,0.0,X,0.01,
8834560018510194d8caaf6298f89d14,planar,laptop,0,1.0,-0.00101,-0.0008,0.06,X,0.07,
8843d862a7545d0d96db382b382d7132,planar,bus,0,0.99999,-0.00355,-0.00097,0.2,X,0.21,
8873af9392bc7506f1cb19f636b1c2bd,planar,cellular telephone,0,1.0,-0.00027,0.0005,0.02,X,0.03,
88a00b80d432ed5a577e7964e0284adb,planar,bench,0,0.99994,0.00038,-0.01103,0.02,X,0.63,
88f9fa58ee9ce3de1c863a93a9948fe0,planar,bench,0,1.0,-0.00083,-0.0012,0.05,X,0.08,
88fa7d07abfcf9f03cbbdb20d4d80207,planar,bench,0,1.0,0.0,0.0,0.0,X,0.0,
894f41b8e4e3231601104cd2d998272,planar,bench,0,1.0,0.0018,-0.00046,0.1,X,0.11,
895563d304772f50ad5067eac75a07f7,planar,bench,0,0.0,-5e-05,-1.0,0.0,Z,0.0,
895563d304772f50ad5067eac75a07f7,planar,bench,1,1.0,9e-05,-9e-05,0.0,X,0.01,
89618f2292b3d05d48d189f942cedc62,planar,clock,0,1.0,-8e-05,-6e-05,0.0,X,0.01,
898c20d376d7d44e5eb64c1003065596,planar,stove,0,1.0,-5e-05,-0.00011,0.0,X,0.01,
8a7f0dd58fbf14a4c59350d819542ec7,planar,cabinet,0,1.0,0.00065,-0.00108,0.04,X,0.07,
8ad9910699d6a21781faebbdea6bd9be,planar,bench,0,1.0,-0.0,-0.0,0.0,X,0.0,
8b24699e1351a78ef8e7f2c38fe37243,planar,cabinet,0,1.0,-7e-05,-7e-05,0.0,X,0.01,
8b2951e32e0906bb5f6cb4951755315c,planar,cap,0,1.0,-0.00044,-0.0006,0.03,X,0.04,
8b42485c93c122643321831d2245cf06,planar,bathtub,0,0.00079,0.01728,-0.99985,0.99,Z,0.99,
8b42485c93c122643321831d2245cf06,planar,bathtub,1,0.99998,-0.00549,0.00039,0.31,X,0.32,
8b95e9545df064536436916a86a90ed7,planar,bus,0,1.0,0.0,0.0,0.0,X,0.0,
8bf63e9b3df32ff1e1aaa7ea27fc24bf,planar,bench,0,1.0,0.00016,-9e-05,0.01,X,0.01,
8c021db546a9248b582c9847073623b0,planar,piano,0,0.99982,0.01888,0.00248,1.08,X,1.09,
8c46c51995853d384c3aee8e9d3a6ffa,planar,file,0,1.0,-3e-05,2e-05,0.0,X,0.0,
8c7cff4d76ceef7cff900d986c9dc4b4,planar,cabinet,0,1.0,1e-05,-5e-05,0.0,X,0.0,
8cea38648128ef1ddc75c30c88b2f7a9,planar,skateboard,0,0.02901,-0.00607,0.99956,0.35,Z,1.7,
8cea38648128ef1ddc75c30c88b2f7a9,planar,skateboard,1,0.99989,-0.00203,-0.0148,0.12,X,0.86,
8d9903f1a197ea9af4fb4dee5181bee,planar,bench,0,1.0,-0.0,0.0,0.0,X,0.0,
8da97531717192fc3215145fdcd9052,planar,chair,0,0.99999,0.00022,-0.00393,0.01,X,0.23,
8e0e80eee17c86415a9da89784be865,planar,bus,0,1.0,-0.00067,-0.00021,0.04,X,0.04,
8e25c33aafaade0ad5067eac75a07f7,planar,bench,0,1.0,-0.00012,-4e-05,0.01,X,0.01,
8e956bae37beff87c2743f037f439af3,planar,motorcycle,0,0.99997,-0.00663,-0.00452,0.38,X,0.46,
8ebeac47d29d649acb6267f1b348aaaa,planar,bathtub,0,0.01372,0.00223,0.9999,0.13,Z,0.8,
8ed3f1b59a74ac71f155d75bbf62b80,planar,bench,0,1.0,1e-05,0.0,0.0,X,0.0,
8f39d603e733eb58fcbe4e14ff0c4707,planar,cabinet,0,1.0,0.0,0.0,0.0,X,0.0,
8f824b462a2870fd98e0d1738edd4f19,planar,bench,0,1.0,0.00084,0.00111,0.05,X,0.08,
8fe23a363bf80c48f155d75bbf62b80,planar,bench,0,1.0,-0.00014,-8e-05,0.01,X,0.01,
90120bf8e84315de6873d49607c1f87,planar,loudspeaker,0,3e-05,-1e-05,1.0,0.0,Z,0.0,
90120bf8e84315de6873d49607c1f87,planar,loudspeaker,1,1.0,0.0,0.0,0.0,X,0.0,
909fcd9e329cd49581faebbdea6bd9be,planar,bench,0,1e-05,-5e-05,-1.0,0.0,Z,0.0,
91be45a6b74f2fa283b00891f680579,planar,chair,0,1.0,0.00079,-0.00037,0.05,X,0.05,
92e6546c4aca4ed14b96b665a8ac321,planar,chair,0,1.0,0.00037,-0.00054,0.02,X,0.04,
92e7ed09c8d265e5cb2a965e75be701c,planar,bench,0,1.0,-0.0,0.0,0.0,X,0.0,
9304e9ad9853d1caf760390d600fe7fa,planar,cabinet,0,1.0,0.0,0.0,0.0,X,0.0,
9332819c99f0ba07973f659238edf3c3,planar,bus,0,0.99999,0.00331,0.00072,0.19,X,0.19,
936eac04b6a873049954eae9164faecb,planar,train,0,1.0,-0.00039,5e-05,0.02,X,0.02,
94453745e0faafe2fd938442e7c3fbc3,planar,file,0,1.0,0.0,-0.0,0.0,X,0.0,
945805d18c0de73ae3e30e20ce3a5bf5,planar,loudspeaker,0,0.99997,-0.00717,-0.00098,0.41,X,0.41,
9460ebcbd28a8cb7d5a4a04ac21f0578,planar,cabinet,0,1.0,0.0002,-0.00045,0.01,X,0.03,
94a2f3859ed66873d2b12aa6a0f050b3,planar,bench,0,1.0,-0.0,0.0,0.0,X,0.0,
94ddf20a9a6e035e85f7a3de54751f1b,planar,vessel,0,0.99999,0.00462,-0.00055,0.26,X,0.27,
95440fc9b3fbb5fb1d4127b3f0e05b90,planar,piano,0,1.0,0.00062,-0.00034,0.04,X,0.04,
958fa3ccebcaa8246c4866b1c92b8a35,planar,cabinet,0,1.0,0.0,0.0,0.0,X,0.0,
95db80660b4d979f601104cd2d998272,planar,bench,0,1.0,0.00052,4e-05,0.03,X,0.03,
9681386c65c676875efd2d175ccffe45,planar,birdhouse,0,1.0,0.00113,0.00031,0.06,X,0.07,
96d6d519784e40c0c066b9622c005c53,planar,loudspeaker,0,1.0,0.0,0.0,0.0,X,0.0,
96d87da2fecf81ddd2b12aa6a0f050b3,planar,bench,0,1.0,1e-05,1e-05,0.0,X,0.0,
96e83c79e8d76d4519fb4103277a6b93,planar,chair,0,1.0,0.0015,0.00139,0.09,X,0.12,
976e6d4efdcb81a0e9c2721ccab8cde4,planar,mailbox,0,0.00178,-0.00368,0.99999,0.21,Z,0.23,
976e6d4efdcb81a0e9c2721ccab8cde4,planar,mailbox,1,1.0,0.0,-0.0,0.0,X,0.0,
9790980a8ff823287ed9296ee19fa384,planar,bench,0,1e-05,1e-05,-1.0,0.0,Z,0.0,
9790980a8ff823287ed9296ee19fa384,planar,bench,1,1.0,-0.0,0.0,0.0,X,0.0,
9790b84ae96e498d09efdd367bd2d59,planar,earphone,0,0.00013,-0.00014,-1.0,0.01,Z,0.01,
9790b84ae96e498d09efdd367bd2d59,planar,earphone,1,1.0,0.00156,-3e-05,0.09,X,0.09,
981fb231709d4d2cfebad4f49b26ec52,planar,bench,0,0.0,0.0,1.0,0.0,Z,0.0,
981fb231709d4d2cfebad4f49b26ec52,planar,bench,1,1.0,0.00061,-0.00014,0.04,X,0.04,
9897a75c64a369d458c73770090b865,planar,bench,0,1.0,3e-05,2e-05,0.0,X,0.0,
991c84609666c015da34af5fa7da2314,planar,bench,0,1.0,-3e-05,-1e-05,0.0,X,0.0,
9aaad035af7e6ab1ed724609df3eb104,planar,guitar,0,1.0,0.00115,0.00067,0.07,X,0.08,
9aaca16b41037ccdb4522b651100b435,planar,stove,0,1.0,0.00014,0.00046,0.01,X,0.03,
9b579915b883bea042a65b86449bc7bf,planar,lamp,0,1.0,-0.0,0.00014,0.0,X,0.01,
9b7b628bc8cc7463103d45b529610c5c,planar,bench,0,0.9998,-0.01559,-0.01227,0.89,X,1.14,
9b885f40e2d36819e4e346ee2650d150,planar,cabinet,0,1.0,-0.00034,-0.00021,0.02,X,0.02,
9b9a114cfee79bfb492d9da2668ec34c,planar,chair,0,1.0,0.00018,0.00017,0.01,X,0.01,
9b9b41d3d02ce68d1b009b4923bf4541,planar,loudspeaker,0,1.0,1e-05,-1e-05,0.0,X,0.0,
9b9cfaea2a7ba04c461ec9f1803b17a7,planar,chair,0,1.0,0.0,-0.0,0.0,X,0.0,
9b9e9ebdd5c4941452b2c671e4d4765b,planar,clock,0,6e-05,1e-05,-1.0,0.0,Z,0.0,
9c1310c5ab89888bd201085e80edb26a,planar,bench,0,3e-05,-8e-05,-1.0,0.0,Z,0.0,
9c1310c5ab89888bd201085e80edb26a,planar,bench,1,1.0,0.00301,0.00053,0.17,X,0.17,
9c6176af3ee3918d6140d56bf601ecf2,planar,laptop,0,1.0,0.0,0.0,0.0,X,0.0,
9c8aba47e37b1eff155d75bbf62b80,planar,bench,0,1e-05,-3e-05,-1.0,0.0,Z,0.0,
9c8aba47e37b1eff155d75bbf62b80,planar,bench,1,1.0,0.0,0.0,0.0,X,0.0,
9cb54ee28aec14013cb02989e2da5a2a,planar,laptop,0,1.0,-0.00013,0.00038,0.01,X,0.02,
9cd6dc2b9d11016c49b3ccbe36f67015,planar,bench,0,0.0,2e-05,-1.0,0.0,Z,0.0,
9cd6dc2b9d11016c49b3ccbe36f67015,planar,bench,1,1.0,0.0,0.0,0.0,X,0.0,
9ce1c0b588ad6ef84c3aee8e9d3a6ffa,planar,file,0,1.0,0.0001,5e-05,0.01,X,0.01,
9d0428e82fee9fba50da8b99982a3057,planar,basket,0,1.0,-0.00038,-0.00028,0.02,X,0.03,
9d0a9c46bb6768fbd37a1bae74ee50a2,planar,cabinet,0,1.0,0.00041,-0.00062,0.02,X,0.04,
9d4086be72fa427cd2b12aa6a0f050b3,planar,bench,0,1.0,1e-05,-1e-05,0.0,X,0.0,
9e429b7f77646b4ccc8f8e7f17e9d7b6,planar,bench,0,0.0,0.0,1.0,0.0,Z,0.0,
9e429b7f77646b4ccc8f8e7f17e9d7b6,planar,bench,1,1.0,0.0,0.0,0.0,X,0.0,
9e53d5b34c4b403841b765d3dbd065f7,planar,cabinet,0,1.0,0.00022,-5e-05,0.01,X,0.01,
9ea0005f3d702b4f6cc679ef84e06ad6,planar,cabinet,0,1.0,0.0,0.0,0.0,X,0.0,
9ebca72c02d26886a6e82f4002a10be2,planar,bench,0,1.0,0.00105,0.00024,0.06,X,0.06,
9ef3323c6ced7dfef313a0fb5fd4d79,planar,chair,0,1.0,-0.00146,-0.00019,0.08,X,0.08,
9f0a6e7c525c3c53d4d8765e3910f617,planar,bench,0,1.0,0.0,0.0,0.0,X,0.0,
9f17f45a28d063e7391e4d6c585a697a,planar,cabinet,0,1.0,0.00064,-0.00234,0.04,X,0.14,
9ff5b01d1aec18b2aae529ab4a75c4af,planar,motorcycle,0,0.99996,-0.00027,-0.00855,0.02,X,0.49,
a0ffa64279a8c6f0f155d75bbf62b80,planar,bench,0,2e-05,0.00068,1.0,0.04,Z,0.04,
a1a8a811f5260ae675aa7f24a9b6003a,planar,clock,0,1.0,0.0,0.0,0.0,X,0.0,
a20de35fdfc74932bf5e15f245b14644,planar,bus,0,0.99945,0.00124,-0.03314,0.07,X,1.9,
a23e4375e78df8d0e7ecdbe73ef4323c,planar,file,0,1.0,-3e-05,1e-05,0.0,X,0.0,
a2678cebeac0a8c9cb2a965e75be701c,planar,bench,0,1.0,0.0,0.0,0.0,X,0.0,
a2970be7c866fe33a2c59a4d90e63212,planar,pot,0,6e-05,-0.00034,1.0,0.02,Z,0.02,
a2970be7c866fe33a2c59a4d90e63212,planar,pot,1,1.0,0.00309,-6e-05,0.18,X,0.18,
a2dcea3f88c397f487d0ef3f1f8b9c07,planar,cabinet,0,1.0,-0.0,6e-05,0.0,X,0.0,
a2dcfb6f77a72be8a2b299c40b68f70c,planar,piano,0,1.0,-0.00045,-0.00026,0.03,X,0.03,
a2ee365a26f7ec623228b702032404a6,planar,motorcycle,0,1.0,0.00016,-3e-05,0.01,X,0.01,
a349baf8780207242d3c7a83a255982c,planar,stove,0,1.0,-0.00041,-0.00067,0.02,X,0.04,
a3c7255f5ec832c3492d9da2668ec34c,planar,file,0,1.0,0.00122,-0.00185,0.07,X,0.13,
a45d9c141a0ae4a627afb81497348633,planar,bookshelf,0,1.0,0.00022,0.00022,0.01,X,0.02,
a46e0c10f17f928ba2bc8d1e386113dc,planar,stove,0,1.0,0.00247,0.00023,0.14,X,0.14,
a4b457c41180e0b9fe52ffd0e748a1ab,planar,bathtub,0,0.0002,-0.00565,0.99998,0.32,Z,0.32,
a501174de50bc9e675bdc2c2f4721bcd,planar,earphone,0,0.99972,0.00334,-0.0233,0.19,X,1.35,
a557114149ae934819420b7669e7265,planar,bench,0,1.0,0.0,0.0,0.0,X,0.0,
a5befb3443b070f8d2b12aa6a0f050b3,planar,bench,0,5e-05,-0.0001,1.0,0.01,Z,0.01,
a5befb3443b070f8d2b12aa6a0f050b3,planar,bench,1,1.0,0.0,0.0,0.0,X,0.0,
a5ce16faa5ecbc4bc6a5c971c030877d,planar,cabinet,0,1.0,0.0,-8e-05,0.0,X,0.0,
a71d07ab8246c80391c352d02061b3f7,planar,file,0,0.99999,-0.00131,0.00431,0.08,X,0.26,
a76f63c6b3702a4981c9b20aad15512,planar,loudspeaker,0,1.0,-0.00025,-0.0003,0.01,X,0.02,
a775a66a362089fdcb2a965e75be701c,planar,bench,0,0.0,5e-05,1.0,0.0,Z,0.0,
a775a66a362089fdcb2a965e75be701c,planar,bench,1,1.0,-0.0,0.0,0.0,X,0.0,
a85b9a3ace923e424721d5612f98ae26,planar,bus,0,1.0,-0.00087,-0.00076,0.05,X,0.07,
a860adc078391edc6774046e1fe3165b,planar,cellular telephone,0,1.0,-0.00021,0.00271,0.01,X,0.16,
a8bb33c995207084bed1bd9593e318c,planar,cabinet,0,1.0,0.0,0.0,0.0,X,0.0,
a969cd5e93fd389b3321831d2245cf06,planar,bathtub,0,1.0,2e-05,-1e-05,0.0,X,0.0,
a976a61f71a8e700876ba2153f34d1b9,planar,bookshelf,0,1.0,2e-05,0.00015,0.0,X,0.01,
a9b7fbe4a8dd4d0c44f19502064e0a74,planar,bus,0,0.99998,-0.00679,0.0015,0.39,X,0.4,
a9d7e7bb4d72c52f1574d21c0c95092f,planar,loudspeaker,0,1.0,-2e-05,-0.0,0.0,X,0.0,
aa4ad2f41efb815cb022c94235bc8601,planar,dishwasher,0,0.99993,-0.00065,-0.01181,0.04,X,0.68,
aa619a9f4b2e200495ff232cd38210b4,planar,motorcycle,0,1.0,0.0,0.0,0.0,X,0.0,
aa858f23b682f5616314c3b6a3a65519,planar,pistol,0,1.0,-0.00285,-0.00074,0.16,X,0.17,
aa886bed91a13113d5498a74ca9ca78b,planar,skateboard,0,0.00885,0.00065,-0.99996,0.04,Z,0.51,
aa886bed91a13113d5498a74ca9ca78b,planar,skateboard,1,0.99993,-0.00051,0.01156,0.03,X,0.66,
aa88a7bb135e074e2056b4bd5d870b47,planar,bench,0,0.00016,7e-05,-1.0,0.0,Z,0.01,
aa88a7bb135e074e2056b4bd5d870b47,planar,bench,1,1.0,-0.00065,0.00022,0.04,X,0.04,
aac3c6db20d3248579cea75b38cb7ce,planar,cabinet,0,1.0,0.0,0.0,0.0,X,0.0,
ab3260f85c28adc82056b4bd5d870b47,planar,bench,0,1.0,-0.0003,-1e-05,0.02,X,0.02,
ab7ad8afde03897aa52fef6f94fcc8a,planar,cabinet,0,1.0,0.00119,0.00022,0.07,X,0.07,
abaf150fbbcfa58e9f433921788191f3,planar,pistol,0,1.0,0.0,0.0,0.0,X,0.0,
abcac243e3ed325b34943af333340cd2,planar,cabinet,0,1.0,0.0,0.0,0.0,X,0.0,
abcb5dc91337f47682db9fca4b68095,planar,bench,0,1e-05,-0.00028,1.0,0.02,Z,0.02,
abcb5dc91337f47682db9fca4b68095,planar,bench,1,1.0,-0.00011,4e-05,0.01,X,0.01,
abdc4a823b1f78c397f47f3057557cbe,planar,skateboard,0,0.00213,0.00513,-0.99998,0.29,Z,0.32,
abdc4a823b1f78c397f47f3057557cbe,planar,skateboard,1,1.0,0.00228,0.00199,0.13,X,0.17,
abdfb5b2d82e555e3bd003e0bb7a3ed9,planar,motorcycle,0,1.0,0.00069,0.00037,0.04,X,0.05,
ac2477b9b5d3e6e6c7c8ce3bef5c2aa9,planar,pillow,0,1.0,-0.00027,-0.00023,0.02,X,0.02,
ac2b6924a60a7a87aa4f69d519551495,planar,skateboard,0,0.01344,-0.0105,0.99985,0.6,Z,0.98,
ac2b6924a60a7a87aa4f69d519551495,planar,skateboard,1,1.0,-0.00087,5e-05,0.05,X,0.05,
ac2ea2d41c57d1075999f9ba82d15928,planar,printer,0,0.00106,0.00035,1.0,0.02,Z,0.06,
ac52cf0b598e930ab38d3c03866c1379,planar,vessel,0,0.99993,0.01194,-0.00247,0.68,X,0.7,
ac7935b217aeb58e19ca41cdb396f36,planar,cabinet,0,1.0,8e-05,-4e-05,0.0,X,0.01,
ad86354fb5faf1c98a4820926b2a786,planar,cabinet,0,1e-05,1e-05,-1.0,0.0,Z,0.0,
ae20b4fa1b552b62614d87bbb5364f6a,planar,cabinet,0,1.0,-0.00047,-0.00198,0.03,X,0.12,
ae2605e9e8c47cbfad5067eac75a07f7,planar,bench,0,0.0,-0.00028,-1.0,0.02,Z,0.02,
ae2605e9e8c47cbfad5067eac75a07f7,planar,bench,1,1.0,0.00017,0.00016,0.01,X,0.01,
aea3c4f2687e97c92942fa3063963cb6,planar,motorcycle,0,1.0,0.0,0.0,0.0,X,0.0,
aea6cef49fd3a6ab3af30a3946d92feb,planar,bathtub,0,0.00048,0.01218,-0.99993,0.7,Z,0.7,
aea6cef49fd3a6ab3af30a3946d92feb,planar,bathtub,1,1.0,-0.00092,4e-05,0.05,X,0.05,
aec1143f9e7375846555a8578c9b250,planar,bench,0,0.99999,0.0034,-0.00296,0.19,X,0.26,
aedb07b6ad73e3b759a2046f98794106,planar,bus,0,0.99999,0.00489,0.00048,0.28,X,0.28,
afa806973174e442ac4f72bf08dc79a6,planar,cellular telephone,0,0.00157,-0.00162,-1.0,0.09,Z,0.13,
afa806973174e442ac4f72bf08dc79a6,planar,cellular telephone,1,0.0,-0.00715,-0.99997,0.41,Z,0.41,
afa806973174e442ac4f72bf08dc79a6,planar,cellular telephone,2,1.0,-1e-05,-0.00017,0.0,X,0.01,
afaa6975c6000ecc4c3aee8e9d3a6ffa,planar,file,0,1.0,-6e-05,0.00021,0.0,X,0.01,
afc975c77f6d5a1bd23d6ce2c840685b,planar,airplane,0,0.99981,-0.01549,0.0122,0.89,X,1.13,
b044555289c7439f4c40f34de8f3bdb8,planar,loudspeaker,0,1.0,0.0019,-0.00137,0.11,X,0.13,
b0604333bb40f58136c3fba5bd012bf2,planar,bus,0,0.99996,-0.00834,0.00209,0.48,X,0.49,
b09f17c66d25a38cf155d75bbf62b80,planar,bench,0,1.0,5e-05,-1e-05,0.0,X,0.0,
b0f329dc43af0fbd4da5feafe6f1c8fc,planar,cabinet,0,1.0,0.00012,-0.00015,0.01,X,0.01,
b123bc34ca87b8f88be7c8c5fdb9bd6d,planar,train,0,1.0,0.00202,0.00094,0.12,X,0.13,
b12c3a046c326ca1d9b228d02c3319a3,planar,cabinet,0,1.0,0.00146,-0.00018,0.08,X,0.08,
b14fa79d2a1efb586f7dd5dd40daa88a,planar,helmet,0,1.0,-0.00099,-0.00035,0.06,X,0.06,
b154cb1a8dedb14345ef69cff7e6d57d,planar,cabinet,0,1.0,0.0,0.0,0.0,X,0.0,
b16eae893bd12a87b8724a732b3d4cc1,planar,bathtub,0,1.0,-0.0,0.0,0.0,X,0.0,
b19ff5aaa6a6940b412deb0d2b0f3dcd,planar,bathtub,0,0.0,-0.0,-1.0,0.0,Z,0.0,
b19ff5aaa6a6940b412deb0d2b0f3dcd,planar,bathtub,1,1.0,0.00271,-0.00011,0.16,X,0.16,
b1bdcc7bcb3148aaa23949c21eddef76,planar,cabinet,0,1.0,-0.00017,0.00026,0.01,X,0.02,
b218e59af74f0be4ee9005feeed08b86,planar,bench,0,1.0,0.0,0.0,0.0,X,0.0,
b21af8271ab47f79c82ee199db6586b1,planar,train,0,1.0,0.0,0.0,0.0,X,0.0,
b296fbfbbe5dccf09c12d6260da9ac2b,planar,stove,0,1.0,-0.0,-0.0,0.0,X,0.0,
b2a585ba5f0b4a25e76bc197b3a3ffc0,planar,bench,0,0.0,0.0,1.0,0.0,Z,0.0,
b2a585ba5f0b4a25e76bc197b3a3ffc0,planar,bench,1,1.0,0.0,0.0,0.0,X,0.0,
b399f7819e05c8bd492d9da2668ec34c,planar,cabinet,0,1.0,0.0,0.0,0.0,X,0.0,
b3c8573a2d8b0a14c347936f40ef6857,planar,bench,0,1.0,0.0,0.0,0.0,X,0.0,
b4d4338a36711ccdb113389b677f57ff,planar,loudspeaker,0,1.0,-0.00119,-4e-05,0.07,X,0.07,
b56494e8810764286739a7caa0c577bd,planar,cabinet,0,1.0,0.0,0.0,0.0,X,0.0,
b56505eeac0de779289f8cbfc8541c14,planar,cabinet,0,0.99999,-0.00146,0.0042,0.08,X,0.25,
b5c4585baef4a036dae5edc5d34da94f,planar,earphone,0,5e-05,-0.00066,-1.0,0.04,Z,0.04,
b5c4585baef4a036dae5edc5d34da94f,planar,earphone,1,0.99999,-0.00359,-0.00089,0.21,X,0.21,
b63c554a915454b7a8481a97c910a7de,planar,airplane,0,1.0,-0.00022,-0.00055,0.01,X,0.03,
b67d58cd774ebeaea480742f4529182b,planar,cabinet,0,1.0,0.00019,-0.00055,0.01,X,0.03,
b6c745406a599dddad5067eac75a07f7,planar,bench,0,1.0,4e-05,3e-05,0.0,X,0.0,
b6df9d21acef1e11b362845c6edb57fc,planar,bathtub,0,0.0,0.0,-1.0,0.0,Z,0.0,
b6df9d21acef1e11b362845c6edb57fc,planar,bathtub,1,0.01049,0.0,0.99994,0.0,Z,0.6,
b73da1e1a2f2f549d4d8765e3910f617,planar,bench,0,1.0,-1e-05,0.0,0.0,X,0.0,
b7a9d8b469cb06037824b732b006daaa,planar,cabinet,0,1.0,-0.0,-0.0,0.0,X,0.0,
b7c366d9ad90bb8a847d09fbfad470bc,planar,bench,0,0.0,0.0,1.0,0.0,Z,0.0,
b7c366d9ad90bb8a847d09fbfad470bc,planar,bench,1,1.0,0.00015,-0.00011,0.01,X,0.01,
b865f12d17532a3fdb24fbbf172c2159,planar,loudspeaker,0,1.0,0.00044,0.00082,0.03,X,0.05,
b8a2c7c7df404ab8e7ef9fff09638f8e,planar,cellular telephone,0,1.0,0.00091,0.00101,0.05,X,0.08,
b8e019587c8157041a3b39b07e4b3d0f,planar,cabinet,0,1.0,0.0,-0.0,0.0,X,0.0,
b93e07e84bdfd620f4000b62f164055f,planar,vessel,0,1.0,1e-05,0.0,0.0,X,0.0,
b94b76056a072784685e443e0ea51d93,planar,stove,0,1.0,-0.00016,-6e-05,0.01,X,0.01,
b997659a319cae6369923f7b2ea9aba,planar,bench,0,1.0,5e-05,4e-05,0.0,X,0.0,
b9a6e086fa26907897eb0d3a9685d3ed,planar,vessel,0,1.0,0.0,0.0,0.0,X,0.0,
ba5e1671d26af2763c6c38b12db4d8f3,planar,cabinet,0,1.0,-2e-05,5e-05,0.0,X,0.0,
ba86184fb4bd46a23321831d2245cf06,planar,bathtub,0,1.0,-0.00271,-0.00081,0.16,X,0.16,
bacb5f46add42da9a53649a80e5aff8c,planar,bench,0,1.0,2e-05,-1e-05,0.0,X,0.0,
bafb5f206f100bffabd7f138f3335c2b,planar,faucet,0,1.0,0.00104,-0.0007,0.06,X,0.07,
bb551a5c33e3743297a999e2367a4a2d,planar,piano,0,1.0,-0.00014,5e-05,0.01,X,0.01,
bb609567ff4d46a0a44768a940557d1c,planar,washer,0,1.0,-2e-05,-1e-05,0.0,X,0.0,
bba9c90254fb970b8dfaa3491bc0f718,planar,piano,0,1.0,0.00026,0.0001,0.02,X,0.02,
bcb4f576747e10bdd7f6e86d7d335698,planar,bench,0,0.0,0.0,1.0,0.0,Z,0.0,
bcb4f576747e10bdd7f6e86d7d335698,planar,bench,1,4e-05,1.0,-0.00042,89.98,Y,0.02,
bcb4f576747e10bdd7f6e86d7d335698,planar,bench,2,1.0,0.0,-0.0,0.0,X,0.0,
bd06d7b322a2c65147367565b9fdaec5,planar,train,0,1.0,-2e-05,-2e-05,0.0,X,0.0,
bd55f9190cb5c9ea3fe047712e43e185,planar,cabinet,0,1.0,0.0,0.0,0.0,X,0.0,
bd586b69c27f05c8fcb3c6c0ffedec6,planar,piano,0,1.0,0.0,0.0,0.0,X,0.0,
bdce8b3475f59d38f4fb4dee5181bee,planar,bench,0,0.0,0.0,-1.0,0.0,Z,0.0,
bdce8b3475f59d38f4fb4dee5181bee,planar,bench,1,1.0,0.0,0.0,0.0,X,0.0,
be935d47bfa0fd025eb64c1003065596,planar,stove,0,1.0,-1e-05,-1e-05,0.0,X,0.0,
beae527c550f5ce8e4ed7bd95fe664b,planar,bench,0,1.0,0.00164,0.00054,0.09,X,0.1,
bedc697875ba693676c18e71fd49c4dc,planar,faucet,0,1.0,-1e-05,-0.0,0.0,X,0.0,
bf57fe6a331137c2abaf316e4a957cb1,planar,cabinet,0,1.0,0.0,0.0,0.0,X,0.0,
bf7342b225f836a9d2b12aa6a0f050b3,planar,bench,0,1.0,-2e-05,-1e-05,0.0,X,0.0,
bf8e5bbe0e0938d98afd316e82119b42,planar,bathtub,0,1.0,-0.0,1e-05,0.0,X,0.0,
bfb230a906645dd14c3aee8e9d3a6ffa,planar,file,0,1.0,-0.00011,-3e-05,0.01,X,0.01,
bfc242ae3d98762ece876412f61273f0,planar,mailbox,0,1.0,2e-05,4e-05,0.0,X,0.0,
c01ecf4426f58beec3c7482d23c2379,planar,cabinet,0,1.0,0.00012,-9e-05,0.01,X,0.01,
c02b905c5d602a7ebfc2343650cf257,planar,faucet,0,1.0,0.0001,0.00078,0.01,X,0.05,
c03e7f08edefc17a5b28ac1273e4dac5,planar,bench,0,1.0,0.00213,-0.00118,0.12,X,0.14,
c08dacfd5dd248374e9bcf25298f80d,planar,cabinet,0,1.0,0.00221,0.00068,0.13,X,0.13,
c09fe6e32490f4511b17743c18fb63dc,planar,cabinet,0,1.0,-4e-05,3e-05,0.0,X,0.0,
c0e755071b467ac433faf2dd5a7ff771,planar,bench,0,1.0,0.0,0.0,0.0,X,0.0,
c1077972752aac54e8deab000196f61d,planar,cellular telephone,0,0.0001,1.0,-4e-05,89.99,Y,0.01,
c150b150e25f4bd438f13d421c59f8e3,planar,bus,0,1.0,0.00013,-3e-05,0.01,X,0.01,
c1b8d982d97e337f19fb4103277a6b93,planar,bench,0,6e-05,0.00065,-1.0,0.04,Z,0.04,
c1b8d982d97e337f19fb4103277a6b93,planar,bench,1,1.0,-0.00032,2e-05,0.02,X,0.02,
c1fd0e8de18620ba27e7754e513f7fef,planar,loudspeaker,0,1.0,0.00192,-0.00137,0.11,X,0.14,
c2441f4ed9ee23984d44f5db04bf14b8,planar,bus,0,1.0,-7e-05,1e-05,0.0,X,0.0,
c2799e2c3f5845f22d42c1e28ea24b6e,planar,bus,0,0.99986,-0.01621,-0.00394,0.93,X,0.96,
c28ec663f25bc97de8bdcdb326f0e57b,planar,vessel,0,0.99954,0.00835,0.0293,0.48,X,1.75,
c2c0a205bb318031ed98cca8f0ccd5f7,planar,bench,0,1.0,-0.00012,-2e-05,0.01,X,0.01,
c327cc501312d1bab9492d4f3d8bee7c,planar,piano,0,1.0,0.0,0.0,0.0,X,0.0,
c3a90bcecce7f4817b6fd5468f603b31,planar,cellular telephone,0,1.0,0.00054,0.00072,0.03,X,0.05,
c3f92e6a78ad156863b2acb037dfbcde,planar,bench,0,1.0,-0.00065,-0.00043,0.04,X,0.04,
c48e3ab1cc01521cdfaef96860d73193,planar,vessel,0,1.0,-0.00032,-1e-05,0.02,X,0.02,
c4cb5bcb1a9399ae504721639e19f609,planar,bag,0,0.99998,0.00264,-0.0058,0.15,X,0.36,
c4db384855e345009f8c3d2002c77ddb,planar,cabinet,0,1.0,-0.00089,-0.002,0.05,X,0.13,
c50e814a2e40e78ce8784f880dac0f61,planar,bus,0,1.0,0.0,0.0,0.0,X,0.0,
c52531bfe9fcb17a87586c1eb104adc8,planar,loudspeaker,0,0.99999,0.00042,-0.0047,0.02,X,0.27,
c55498c03c913177d200faae04ce3f8,planar,cabinet,0,0.99999,-0.00036,0.00361,0.02,X,0.21,
c55a7e2cb3ab9aea8ca4aeb5e3b33af7,planar,cabinet,0,1.0,2e-05,-1e-05,0.0,X,0.0,
c5de940102fa0cdb50da8b99982a3057,planar,faucet,0,1.0,-8e-05,-0.00021,0.0,X,0.01,
c625f1771e40e374e1c27dfba919adc5,planar,piano,0,0.99999,0.00317,0.00017,0.18,X,0.18,
c71738e3b314a72411afa9f5eb84a7ae,planar,bench,0,1.0,-1e-05,1e-05,0.0,X,0.0,
c7418e21982dcb508c2f9e4176bfe555,planar,cabinet,0,1.0,0.0,0.0,0.0,X,0.0,
c766463a3623d0ab8a0181490cb73cbc,planar,loudspeaker,0,1.0,-0.00068,0.00113,0.04,X,0.08,
c79fc66b27a900ac842d08202a7fd76,planar,bench,0,1.0,0.00017,-0.00065,0.01,X,0.04,
c7c0c46ba87f11ca4c62bee40dcdc539,planar,bathtub,0,1.0,-0.00013,0.00027,0.01,X,0.02,
c7d59921f034165880403be969162a9b,planar,earphone,0,8e-05,1e-05,-1.0,0.0,Z,0.0,
c7d59921f034165880403be969162a9b,planar,earphone,1,1.0,-0.0002,7e-05,0.01,X,0.01,
c7fef6ae7f7f91814a0be3d856af9ad,planar,cellular telephone,0,1.0,-0.00028,-0.00035,0.02,X,0.03,
c955fbf41e870dfaf0591fbec6fb99b,planar,piano,0,1.0,-4e-05,-4e-05,0.0,X,0.0,
c956fdc19b02782bb7a867e9b35a1295,planar,faucet,0,1.0,0.0,0.0,0.0,X,0.0,
c9576be714b6cf2d219113a79b8c092d,planar,cabinet,0,1.0,-0.00013,0.00214,0.01,X,0.12,
c9c6445740eaaa74a495c196d4f0cebb,planar,bus,0,1.0,0.0,0.0,0.0,X,0.0,
c9d1159874c934f16f1b09a7281511b8,planar,vessel,0,1.0,-0.00118,0.00201,0.07,X,0.13,
ca1c1c9aba8f4491a656de49935d2359,planar,earphone,0,0.0,0.0,1.0,0.0,Z,0.0,
ca1c1c9aba8f4491a656de49935d2359,planar,earphone,1,1.0,0.0,0.0,0.0,X,0.0,
cadd6125bf30f513e10a48f2bbb9bef4,planar,printer,0,1.0,0.00037,-0.00046,0.02,X,0.03,
cb4234b5106ee84dfba786d6c256035b,planar,cabinet,0,1.0,0.0,0.0,0.0,X,0.0,
cbe802da10dcae19f155d75bbf62b80,planar,bench,0,1.0,-4e-05,-1e-05,0.0,X,0.0,
cbf9773bfebd4321cb2a965e75be701c,planar,bench,0,0.0,-0.0,-1.0,0.0,Z,0.0,
cbf9773bfebd4321cb2a965e75be701c,planar,bench,1,1.0,-0.0,-0.0,0.0,X,0.0,
cc98d2d5157aab693321831d2245cf06,planar,bathtub,0,6e-05,0.00084,-1.0,0.05,Z,0.05,
cc98d2d5157aab693321831d2245cf06,planar,bathtub,1,0.99995,0.00984,0.00022,0.56,X,0.56,
cece5afa11b5ea16d2096b2fa6f98cc7,planar,cabinet,0,1.0,3e-05,-3e-05,0.0,X,0.0,
cf4075a6207a77fad5067eac75a07f7,planar,bench,0,1.0,3e-05,2e-05,0.0,X,0.0,
cf57b6a6baeb421c8c180d5d98aa66c6,planar,cabinet,0,1.0,0.00049,-0.00041,0.03,X,0.04,
d06cf2129d36dec7a4f92840428bbcfc,planar,bench,0,1.0,1e-05,-1e-05,0.0,X,0.0,
d0ae223012be978a49a531253b5beabf,planar,bench,0,1.0,0.00023,0.00019,0.01,X,0.02,
d0c3bf270f9e04eb362845c6edb57fc,planar,bathtub,0,4e-05,-6e-05,1.0,0.0,Z,0.0,
d0c3bf270f9e04eb362845c6edb57fc,planar,bathtub,1,8e-05,-9e-05,1.0,0.01,Z,0.01,
d0cc83d6fded7f1cc98c13d6112727de,planar,bus,0,1.0,0.00021,-4e-05,0.01,X,0.01,
d1caf5fd22c6c5083892cfdb72a66fb4,planar,bench,0,1.0,-0.00048,5e-05,0.03,X,0.03,
d1f70630a6dd39ab5c3e3ca6678c6811,planar,bus,0,1.0,-0.0001,-0.00083,0.01,X,0.05,
d2553e5fc4f1527cfeae521e94848af6,planar,loudspeaker,0,2e-05,2e-05,1.0,0.0,Z,0.0,
d26eb320ce4753d03ae1361afc45ac52,planar,train,0,1.0,0.0,0.0,0.0,X,0.0,
d27d7e667c5ccd70cb2a965e75be701c,planar,bench,0,1.0,2e-05,-3e-05,0.0,X,0.0,
d2a511578a387365ede9471c962dd6ba,planar,bathtub,0,0.00039,-0.00024,-1.0,0.01,Z,0.03,
d2faf50d6d88dd0690baeef8ba5b93e5,planar,airplane,0,1.0,-0.00288,-0.00025,0.17,X,0.17,
d3759f1bd6dc9652f51f77a6d7299806,planar,cabinet,0,1.0,0.00032,-1e-05,0.02,X,0.02,
d3bd250ca3cb8e29976855a35549333,planar,bag,0,0.0002,0.00189,-1.0,0.11,Z,0.11,
d3bd250ca3cb8e29976855a35549333,planar,bag,1,1.0,0.00049,0.00029,0.03,X,0.03,
d4c492d7076b1e6160eeb9e113ae7397,planar,skateboard,0,0.0,0.0,1.0,0.0,Z,0.0,
d4c492d7076b1e6160eeb9e113ae7397,planar,skateboard,1,1.0,-4e-05,0.00022,0.0,X,0.01,
d599d283cc1d2615a7547743355554a7,planar,cabinet,0,1.0,1e-05,-0.00083,0.0,X,0.05,
d5ec4fb3e3a5ff31dd84b16d3edceb0b,planar,basket,0,7e-05,-0.00019,1.0,0.01,Z,0.01,
d5ec4fb3e3a5ff31dd84b16d3edceb0b,planar,basket,1,1.0,0.00025,-1e-05,0.01,X,0.01,
d63a5fa4070c41c87b0af550cd1619e2,planar,stove,0,1.0,0.0,0.0,0.0,X,0.0,
d6b3d8434fc41179db4c5469c0c1ba80,planar,dishwasher,0,1.0,-1e-05,4e-05,0.0,X,0.0,
d7de36db04c61722a52821bf1aa3b19a,planar,cap,0,0.99993,0.00918,-0.00799,0.53,X,0.7,
d7ed512f7a7daf63772afc88105fa679,planar,cellular telephone,0,1.0,1e-05,2e-05,0.0,X,0.0,
d8d89fb14672b3893321831d2245cf06,planar,bathtub,0,0.00014,-0.00378,-0.99999,0.22,Z,0.22,
d8d89fb14672b3893321831d2245cf06,planar,bathtub,1,0.99871,-0.05069,-0.00281,2.91,X,2.91,
d8f6aaa777f0cd4f5a31d91ec836a511,planar,loudspeaker,0,1.0,-0.0,0.0,0.0,X,0.0,
d9543e5f16e6574a8e9a0e51a554788d,planar,clock,0,1.0,-0.00153,-0.00019,0.09,X,0.09,
d9d1d7161c59786fb58d6ede2c134ee0,planar,bus,0,1.0,0.00081,0.00037,0.05,X,0.05,
da92767c2e0fe6bad5067eac75a07f7,planar,bench,0,4e-05,0.00095,1.0,0.05,Z,0.05,
da92767c2e0fe6bad5067eac75a07f7,planar,bench,1,1.0,-3e-05,7e-05,0.0,X,0.0,
da9317e5776ed22b732bda87f2718525,planar,loudspeaker,0,1.0,0.00035,0.00129,0.02,X,0.08,
dacf794f991fc0173e9b7c3ab7636200,planar,bathtub,0,1e-05,-0.00015,-1.0,0.01,Z,0.01,
dacfcd3de6bb08e4d2b12aa6a0f050b3,planar,bench,0,1.0,0.00017,-0.0001,0.01,X,0.01,
dafcdefea7e1445edce1af5c27e3da18,planar,basket,0,0.00258,0.00044,1.0,0.03,Z,0.15,
dafcdefea7e1445edce1af5c27e3da18,planar,basket,1,0.99997,0.00765,-0.00096,0.44,X,0.44,
db4aeb6354f5bd0dd4d8765e3910f617,planar,bench,0,0.0,0.0,1.0,0.0,Z,0.0,
db4aeb6354f5bd0dd4d8765e3910f617,planar,bench,1,1.0,-0.0,-0.0,0.0,X,0.0,
db4c8bf323465e4c537d393009a79347,planar,skateboard,0,0.0,0.0,1.0,0.0,Z,0.0,
db4c8bf323465e4c537d393009a79347,planar,skateboard,1,1.0,-0.00028,3e-05,0.02,X,0.02,
db90e043486f216ead1d87becf13ddd9,planar,loudspeaker,0,0.0,0.0,1.0,0.0,Z,0.0,
db90e043486f216ead1d87becf13ddd9,planar,loudspeaker,1,0.0,1.0,0.0,90.0,Y,0.0,
db90e043486f216ead1d87becf13ddd9,planar,loudspeaker,2,1.0,0.0,0.0,0.0,X,0.0,
dbb5cc73da4780feed98cca8f0ccd5f7,planar,bench,0,1.0,-0.0001,-3e-05,0.01,X,0.01,
dc4857179ccd30ad5067eac75a07f7,planar,bench,0,1.0,0.00027,-0.00015,0.02,X,0.02,
dc52131684ed9cbbfe4a8257a424ee86,planar,bag,0,1.0,2e-05,-3e-05,0.0,X,0.0,
dca4c8bdab8bdfe739e1d6694e046e01,planar,cabinet,0,1.0,-0.00044,5e-05,0.03,X,0.03,
dcb9a62d5ef76f389da15808191f1405,planar,skateboard,0,0.0,0.0,1.0,0.0,Z,0.0,
dcb9a62d5ef76f389da15808191f1405,planar,skateboard,1,1.0,0.0,0.0,0.0,X,0.0,
dd2a4c416625f29c4f57a7ededfb3bde,planar,loudspeaker,0,0.0068,-0.00051,0.99998,0.03,Z,0.39,
dd4cb99f1f210b196e25f3efedf6785f,planar,dishwasher,0,0.99995,-0.0089,0.00445,0.51,X,0.57,
dd932656e7f1d74452470de2774d6099,planar,bus,0,1.0,-0.00074,-0.00014,0.04,X,0.04,
de30133b2550826647d37c7945792fff,planar,cabinet,0,1.0,0.0,0.0,0.0,X,0.0,
de3b9b253e8f1aaf8b15c58b209760b5,planar,earphone,0,0.00024,0.00175,1.0,0.1,Z,0.1,
de519752147a225032387cdb9b2a84d5,planar,airplane,0,1.0,-1e-05,2e-05,0.0,X,0.0,
de65da5cdc92b4aebc0909d98a1ff2b4,planar,airplane,0,1.0,1e-05,-2e-05,0.0,X,0.0,
de68b68a234de1a0ea2f8efb8b3faa3,planar,loudspeaker,0,1.0,0.00016,0.00114,0.01,X,0.07,
decbc541efe459a742f1242fa6dff2cf,planar,cellular telephone,0,0.99996,-0.00102,-0.00849,0.06,X,0.49,
df67f38c55e4dd0b3321831d2245cf06,planar,bathtub,0,0.00295,0.01844,-0.99983,1.06,Z,1.07,
df67f38c55e4dd0b3321831d2245cf06,planar,bathtub,1,1.0,5e-05,0.0,0.0,X,0.0,
dfacef652f7f414e4b88ac4b14fcb8bf,planar,bus,0,1.0,0.00226,-0.00048,0.13,X,0.13,
e02ea2b2d926095aeee40229e2e3ae1e,planar,train,0,1.0,0.00026,-2e-05,0.01,X,0.01,
e0393e80702d9a698cbb8bac2032149c,planar,cabinet,0,1.0,0.0,0.0,0.0,X,0.0,
e143d40f9df57d92288d8f1144f7979f,planar,helmet,0,0.99998,-0.00574,-0.00143,0.33,X,0.34,
e175f500370eb8f9561dce3fe08634b7,planar,guitar,0,0.99998,-0.00653,-0.00254,0.37,X,0.4,
e1838a13ace989545de21284bb515a83,planar,bag,0,0.0,0.0,-1.0,0.0,Z,0.0,
e1838a13ace989545de21284bb515a83,planar,bag,1,1.0,0.0,0.0,0.0,X,0.0,
e20a4db61eb83e2cac27179ae57fd682,planar,file,0,1.0,0.0,-0.0,0.0,X,0.0,
e28f8467945b5d526070f6b7b2547ecc,planar,bench,0,1.0,6e-05,5e-05,0.0,X,0.0,
e2d06603fba3bf3310af74324aae27f,planar,cabinet,0,1e-05,-0.00016,1.0,0.01,Z,0.01,
e2d06603fba3bf3310af74324aae27f,planar,cabinet,1,1.0,0.0,0.0,0.0,X,0.0,
e2de47fd0e63a280490ad276cd2af3a4,planar,cabinet,0,1.0,0.0,0.0,0.0,X,0.0,
e38201d0af98e566ba85a673915bd3d,planar,motorcycle,0,0.99998,-0.0046,0.00463,0.26,X,0.37,
e3bae8da192ab3d4a17ae19fa77775ff,planar,basket,0,1.0,0.0,0.0,0.0,X,0.0,
e408c939829d0353a6490b68274665e,planar,cabinet,0,1.0,0.00033,0.0006,0.02,X,0.04,
e4cbd9d5a9c5b7d241cefd10ce5d6cc0,planar,bus,0,1.0,-0.00055,4e-05,0.03,X,0.03,
e55f19a6d411966c6bf2e668f01c16f7,planar,bench,0,1.0,2e-05,-2e-05,0.0,X,0.0,
e57aa404a000df88d5d4532c6bb4bd2b,planar,camera,0,0.99999,0.00272,-0.00264,0.16,X,0.22,
e5d292b873af06b24c7ef5f59a6ea23a,planar,train,0,0.99966,0.0262,0.00038,1.5,X,1.5,
e5deab6728f237a6fc7703ebafc3f082,planar,loudspeaker,0,0.99959,0.00167,0.0286,0.1,X,1.64,
e696c5d9b42ff5a0fe52ffd0e748a1ab,planar,bathtub,0,0.00151,0.00227,1.0,0.13,Z,0.16,
e6fa4d02d2df5a9b1bb46d2556ba67d,planar,vessel,0,1.0,3e-05,-0.00031,0.0,X,0.02,
e70ce62b41a598dba48aee3bc134fbf8,planar,cellular telephone,0,1.0,2e-05,4e-05,0.0,X,0.0,
e73d23dbd069877f4da5feafe6f1c8fc,planar,bag,0,1.0,0.0,-0.0,0.0,X,0.0,
e7934a1982f37a695c37515681ce1368,planar,train,0,1.0,-0.0,0.0,0.0,X,0.0,
e7c330f4c4421dbb24e49a3e82c3d033,planar,skateboard,0,0.00358,-0.02526,-0.99967,1.45,Z,1.46,
e7c330f4c4421dbb24e49a3e82c3d033,planar,skateboard,1,1.0,-0.00029,9e-05,0.02,X,0.02,
e8039f73cf912ff5e8c69fd29511206a,planar,bag,0,1.0,-0.00019,0.00024,0.01,X,0.02,
e878e519af882f493fc48162942e3418,planar,loudspeaker,0,1.0,4e-05,-0.00108,0.0,X,0.06,
e8838770de9a6e4595feea036c244c98,planar,stove,0,1.0,4e-05,1e-05,0.0,X,0.0,
e90e27c3020d25dd76bb31db0358e9c6,planar,bag,0,0.00013,0.0026,-1.0,0.15,Z,0.15,
e90e27c3020d25dd76bb31db0358e9c6,planar,bag,1,0.9999,0.01288,0.00554,0.74,X,0.8,
e941e1929bdc87d5ad876645af0395fd,planar,bench,0,1.0,-0.0,0.0,0.0,X,0.0,
e9dd4e42bc49b8c230a8c472227cd05e,planar,train,0,1.0,0.00013,0.00084,0.01,X,0.05,
ea7d44b28bd22258f5ec01c1dd7b80e,planar,loudspeaker,0,1.0,-0.00044,-8e-05,0.03,X,0.03,
ea885955cb82b3cee074faa875b76f82,planar,earphone,0,0.0,-0.0,1.0,0.0,Z,0.0,
ea885955cb82b3cee074faa875b76f82,planar,earphone,1,1.0,-9e-05,-0.0,0.0,X,0.0,
