experiment,method,n_views,n_objects,sde_ref_mean,sde_ref_min,sde_ref_max,f1_ref
axis_v00,ransac_svd,1,70,0.03919645143175236,0.00033262403149881447,0.22791851843148714,
axis_v00,ransac_svd,14,664,0.04997788566599023,3.2333019065269535e-05,0.49497147041772327,
axis_v00,ransac_svd,26,506,0.0556069080231849,2.9966552654289547e-05,0.45053907679558364,
axis_v00,ransac_svd,6,547,0.04502185891508876,3.419860684067881e-05,0.41362606129536894,
axis_v00,ransac_svd_sde,1,70,0.03919645143175236,0.00033262403149881447,0.22791851843148714,
axis_v00,ransac_svd_sde,14,664,0.04997788566599023,3.2333019065269535e-05,0.49497147041772327,
axis_v00,ransac_svd_sde,26,506,0.0556069080231849,2.9966552654289547e-05,0.45053907679558364,
axis_v00,ransac_svd_sde,6,547,0.04502185891508876,3.419860684067881e-05,0.41362606129536894,
axis_v00,svd,1,70,0.03919645143175236,0.00033262403149881447,0.22791851843148714,
axis_v00,svd,14,664,0.022383421934901858,1.7193735497452777e-06,0.40860715796334457,
axis_v00,svd,26,506,0.028265776261334485,0.00014094433237684542,0.45053907679558364,
axis_v00,svd,6,547,0.026182539867161462,3.419860684067881e-05,0.4052983396223494,
axis_v00,svd_sde,1,70,0.03919645143175236,0.00033262403149881447,0.22791851843148714,
axis_v00,svd_sde,14,664,0.022383421934901858,1.7193735497452777e-06,0.40860715796334457,
axis_v00,svd_sde,26,506,0.028265776261334485,0.00014094433237684542,0.45053907679558364,
axis_v00,svd_sde,6,547,0.026182539867161462,3.419860684067881e-05,0.4052983396223494,
axis_v00_1,ransac_svd,1,327,0.036747671040291176,9.041595898072744e-05,0.2683027206485622,
axis_v00_1,ransac_svd,14,784,0.05083144709292569,2.3356417962445867e-05,0.520654871828121,
axis_v00_1,ransac_svd,26,667,0.04525069068770319,4.365109082226218e-06,0.5370166997563127,
axis_v00_1,ransac_svd,6,751,0.04331029344094401,3.3447906260638874e-05,0.362615339962638,
axis_v00_1,ransac_svd_sde,1,327,0.036747671040291176,9.041595898072744e-05,0.2683027206485622,
axis_v00_1,ransac_svd_sde,14,784,0.05083144709292569,2.3356417962445867e-05,0.520654871828121,
axis_v00_1,ransac_svd_sde,26,667,0.04525069068770319,4.365109082226218e-06,0.5370166997563127,
axis_v00_1,ransac_svd_sde,6,751,0.04331029344094401,3.3447906260638874e-05,0.362615339962638,
axis_v00_1,svd,1,327,0.036747671040291176,9.041595898072744e-05,0.2683027206485622,
axis_v00_1,svd,14,784,0.02197859809238594,1.2372474526475816e-05,0.520654871828121,
axis_v00_1,svd,26,667,0.015871143168265364,4.365109082226218e-06,0.450971457204711,
axis_v00_1,svd,6,751,0.024556958510299612,1.8683762516100964e-05,0.3410477839371025,
axis_v00_1,svd_sde,1,327,0.036747671040291176,9.041595898072744e-05,0.2683027206485622,
axis_v00_1,svd_sde,14,784,0.02197859809238594,1.2372474526475816e-05,0.520654871828121,
axis_v00_1,svd_sde,26,667,0.015871143168265364,4.365109082226218e-06,0.450971457204711,
axis_v00_1,svd_sde,6,751,0.024556958510299612,1.8683762516100964e-05,0.3410477839371025,
axis_v00_1_cluster,ransac_svd,1,327,0.036747671040291176,9.041595898072744e-05,0.2683027206485622,
axis_v00_1_cluster,ransac_svd,14,778,0.050124911171838565,6.590235318786324e-05,0.520654871828121,
axis_v00_1_cluster,ransac_svd,26,661,0.047793750615826365,4.365109082226218e-06,0.5366874402791557,
axis_v00_1_cluster,ransac_svd,6,737,0.042877856591466645,3.344790626063887e-05,0.362615339962638,
axis_v00_1_cluster,ransac_svd_sde,1,327,0.036747671040291176,9.041595898072744e-05,0.2683027206485622,
axis_v00_1_cluster,ransac_svd_sde,14,778,0.050124911171838565,6.590235318786324e-05,0.520654871828121,
axis_v00_1_cluster,ransac_svd_sde,26,661,0.047793750615826365,4.365109082226218e-06,0.5366874402791557,
axis_v00_1_cluster,ransac_svd_sde,6,737,0.042877856591466645,3.344790626063887e-05,0.362615339962638,
axis_v00_1_cluster,svd,1,327,0.036747671040291176,9.041595898072744e-05,0.2683027206485622,
axis_v00_1_cluster,svd,14,778,0.021058441616174525,3.2500819837521432e-06,0.520654871828121,
axis_v00_1_cluster,svd,26,661,0.014771099991748214,4.365109082226218e-06,0.450971457204711,
axis_v00_1_cluster,svd,6,737,0.023441777767447266,1.8683762516100964e-05,0.3410477839371025,
axis_v00_1_cluster,svd_sde,1,327,0.036747671040291176,9.041595898072744e-05,0.2683027206485622,
axis_v00_1_cluster,svd_sde,14,778,0.021058441616174525,3.2500819837521432e-06,0.520654871828121,
axis_v00_1_cluster,svd_sde,26,661,0.014771099991748214,4.365109082226218e-06,0.450971457204711,
axis_v00_1_cluster,svd_sde,6,737,0.023441777767447266,1.8683762516100964e-05,0.3410477839371025,
axis_v00_1_hdbscan_ms2,ransac_svd,1,327,0.036747671040291176,9.041595898072744e-05,0.2683027206485622,
axis_v00_1_hdbscan_ms2,ransac_svd,14,784,0.04163268939398241,8.600450386868316e-06,0.520654871828121,
axis_v00_1_hdbscan_ms2,ransac_svd,26,667,0.03989138300745275,4.365109082226218e-06,0.450971457204711,
axis_v00_1_hdbscan_ms2,ransac_svd,6,751,0.03344839037024321,1.4208694824419534e-05,0.3410477839371025,
axis_v00_1_hdbscan_ms2,ransac_svd_sde,1,327,0.036747671040291176,9.041595898072744e-05,0.2683027206485622,
axis_v00_1_hdbscan_ms2,ransac_svd_sde,14,784,0.04163268939398241,8.600450386868316e-06,0.520654871828121,
axis_v00_1_hdbscan_ms2,ransac_svd_sde,26,667,0.03989138300745275,4.365109082226218e-06,0.450971457204711,
axis_v00_1_hdbscan_ms2,ransac_svd_sde,6,751,0.03344839037024321,1.4208694824419534e-05,0.3410477839371025,
axis_v00_1_hdbscan_ms2,svd,1,327,0.036747671040291176,9.041595898072744e-05,0.2683027206485622,
axis_v00_1_hdbscan_ms2,svd,14,784,0.024386713284874947,8.600450386868316e-06,0.520654871828121,
axis_v00_1_hdbscan_ms2,svd,26,667,0.016403633102782,4.365109082226218e-06,0.450971457204711,
axis_v00_1_hdbscan_ms2,svd,6,751,0.026755768175621485,1.4208694824419534e-05,0.3410477839371025,
axis_v00_1_hdbscan_ms2,svd_sde,1,327,0.036747671040291176,9.041595898072744e-05,0.2683027206485622,
axis_v00_1_hdbscan_ms2,svd_sde,14,784,0.024386713284874947,8.600450386868316e-06,0.520654871828121,
axis_v00_1_hdbscan_ms2,svd_sde,26,667,0.016403633102782,4.365109082226218e-06,0.450971457204711,
axis_v00_1_hdbscan_ms2,svd_sde,6,751,0.026755768175621485,1.4208694824419534e-05,0.3410477839371025,
axis_v00_1_hdbscan_ms3,ransac_svd,1,327,0.036747671040291176,9.041595898072744e-05,0.2683027206485622,
axis_v00_1_hdbscan_ms3,ransac_svd,14,784,0.034900288930241996,8.600450386868316e-06,0.520654871828121,
axis_v00_1_hdbscan_ms3,ransac_svd,26,667,0.033001965154623635,4.365109082226218e-06,0.5370166997563127,
axis_v00_1_hdbscan_ms3,ransac_svd,6,751,0.03526106887676712,3.3447906260638874e-05,0.362615339962638,
axis_v00_1_hdbscan_ms3,ransac_svd_sde,1,327,0.036747671040291176,9.041595898072744e-05,0.2683027206485622,
axis_v00_1_hdbscan_ms3,ransac_svd_sde,14,784,0.034900288930241996,8.600450386868316e-06,0.520654871828121,
axis_v00_1_hdbscan_ms3,ransac_svd_sde,26,667,0.033001965154623635,4.365109082226218e-06,0.5370166997563127,
axis_v00_1_hdbscan_ms3,ransac_svd_sde,6,751,0.03526106887676712,3.3447906260638874e-05,0.362615339962638,
axis_v00_1_hdbscan_ms3,svd,1,327,0.036747671040291176,9.041595898072744e-05,0.2683027206485622,
axis_v00_1_hdbscan_ms3,svd,14,784,0.027781156696283726,8.600450386868316e-06,0.520654871828121,
axis_v00_1_hdbscan_ms3,svd,26,667,0.020439070821651133,4.365109082226218e-06,0.450971457204711,
axis_v00_1_hdbscan_ms3,svd,6,751,0.02721781529638963,1.8683762516100964e-05,0.3410477839371025,
axis_v00_1_hdbscan_ms3,svd_sde,1,327,0.036747671040291176,9.041595898072744e-05,0.2683027206485622,
axis_v00_1_hdbscan_ms3,svd_sde,14,784,0.027781156696283726,8.600450386868316e-06,0.520654871828121,
axis_v00_1_hdbscan_ms3,svd_sde,26,667,0.020439070821651133,4.365109082226218e-06,0.450971457204711,
axis_v00_1_hdbscan_ms3,svd_sde,6,751,0.02721781529638963,1.8683762516100964e-05,0.3410477839371025,
axis_v00_1_hdbscan_ms5,ransac_svd,1,327,0.036747671040291176,9.041595898072744e-05,0.2683027206485622,
axis_v00_1_hdbscan_ms5,ransac_svd,14,784,0.03715354773626464,2.1165596610082568e-06,0.520654871828121,
axis_v00_1_hdbscan_ms5,ransac_svd,26,667,0.031984335626984974,4.365109082226218e-06,0.5370166997563127,
axis_v00_1_hdbscan_ms5,ransac_svd,6,751,0.041033771911998335,3.3447906260638874e-05,0.362615339962638,
axis_v00_1_hdbscan_ms5,ransac_svd_sde,1,327,0.036747671040291176,9.041595898072744e-05,0.2683027206485622,
axis_v00_1_hdbscan_ms5,ransac_svd_sde,14,784,0.03715354773626464,2.1165596610082568e-06,0.520654871828121,
axis_v00_1_hdbscan_ms5,ransac_svd_sde,26,667,0.031984335626984974,4.365109082226218e-06,0.5370166997563127,
axis_v00_1_hdbscan_ms5,ransac_svd_sde,6,751,0.041033771911998335,3.3447906260638874e-05,0.362615339962638,
axis_v00_1_hdbscan_ms5,svd,1,327,0.036747671040291176,9.041595898072744e-05,0.2683027206485622,
axis_v00_1_hdbscan_ms5,svd,14,784,0.028200025784115516,4.671718318545679e-05,0.520654871828121,
axis_v00_1_hdbscan_ms5,svd,26,667,0.024373104413732263,4.365109082226218e-06,0.450971457204711,
axis_v00_1_hdbscan_ms5,svd,6,751,0.025834226639392888,1.8683762516100964e-05,0.3410477839371025,
axis_v00_1_hdbscan_ms5,svd_sde,1,327,0.036747671040291176,9.041595898072744e-05,0.2683027206485622,
axis_v00_1_hdbscan_ms5,svd_sde,14,784,0.028200025784115516,4.671718318545679e-05,0.520654871828121,
axis_v00_1_hdbscan_ms5,svd_sde,26,667,0.024373104413732263,4.365109082226218e-06,0.450971457204711,
axis_v00_1_hdbscan_ms5,svd_sde,6,751,0.025834226639392888,1.8683762516100964e-05,0.3410477839371025,
axis_v00_1_p3,ransac_svd,1,366,0.036671507260954826,0.00011048749993283421,0.26233111033740375,
axis_v00_1_p3,ransac_svd,14,822,0.0489624273149143,1.0554238110694711e-05,0.5195438708759251,
axis_v00_1_p3,ransac_svd,26,688,0.047332222411849104,8.351035914095106e-07,0.5234344411823391,
axis_v00_1_p3,ransac_svd,6,777,0.04500039871611992,0.00019662575992980658,0.476870499573741,
axis_v00_1_p3,ransac_svd_sde,1,366,0.036671507260954826,0.00011048749993283421,0.26233111033740375,
axis_v00_1_p3,ransac_svd_sde,14,822,0.0489624273149143,1.0554238110694711e-05,0.5195438708759251,
axis_v00_1_p3,ransac_svd_sde,26,688,0.047332222411849104,8.351035914095106e-07,0.5234344411823391,
axis_v00_1_p3,ransac_svd_sde,6,777,0.04500039871611992,0.00019662575992980658,0.476870499573741,
axis_v00_1_p3,svd,1,366,0.036671507260954826,0.00011048749993283421,0.26233111033740375,
axis_v00_1_p3,svd,14,822,0.021316633442907088,7.569836185630108e-06,0.5195438708759251,
axis_v00_1_p3,svd,26,688,0.015212652718176803,3.0356350093663178e-05,0.4509714063931149,
axis_v00_1_p3,svd,6,777,0.024282962872224492,2.502202057122041e-05,0.34295972549289044,
axis_v00_1_p3,svd_sde,1,366,0.036671507260954826,0.00011048749993283421,0.26233111033740375,
axis_v00_1_p3,svd_sde,14,822,0.021316633442907088,7.569836185630108e-06,0.5195438708759251,
axis_v00_1_p3,svd_sde,26,688,0.015212652718176803,3.0356350093663178e-05,0.4509714063931149,
axis_v00_1_p3,svd_sde,6,777,0.024282962872224492,2.502202057122041e-05,0.34295972549289044,
axis_v00_1_p5,ransac_svd,1,409,0.03699929154793366,2.2477484087635136e-05,0.2768437006376305,
axis_v00_1_p5,ransac_svd,14,831,0.045482992055324634,6.4578392951026055e-06,0.35453463765212634,
axis_v00_1_p5,ransac_svd,26,721,0.045150427451586254,4.599553510992189e-06,0.45097119187530166,
axis_v00_1_p5,ransac_svd,6,797,0.04588493767129649,9.20945824447589e-05,0.49909725182706405,
axis_v00_1_p5,ransac_svd_sde,1,409,0.03699929154793366,2.2477484087635136e-05,0.2768437006376305,
axis_v00_1_p5,ransac_svd_sde,14,831,0.045482992055324634,6.4578392951026055e-06,0.35453463765212634,
axis_v00_1_p5,ransac_svd_sde,26,721,0.045150427451586254,4.599553510992189e-06,0.45097119187530166,
axis_v00_1_p5,ransac_svd_sde,6,797,0.04588493767129649,9.20945824447589e-05,0.49909725182706405,
axis_v00_1_p5,svd,1,409,0.03699929154793366,2.2477484087635136e-05,0.2768437006376305,
axis_v00_1_p5,svd,14,831,0.0189249334228428,3.426257545154818e-05,0.3475671251901763,
axis_v00_1_p5,svd,26,721,0.014624498662524764,3.3005896861134905e-05,0.45097119187530166,
axis_v00_1_p5,svd,6,797,0.024403850669884,3.271604297775249e-05,0.3473418658422248,
axis_v00_1_p5,svd_sde,1,409,0.03699929154793366,2.2477484087635136e-05,0.2768437006376305,
axis_v00_1_p5,svd_sde,14,831,0.0189249334228428,3.426257545154818e-05,0.3475671251901763,
axis_v00_1_p5,svd_sde,26,721,0.014624498662524764,3.3005896861134905e-05,0.45097119187530166,
axis_v00_1_p5,svd_sde,6,797,0.024403850669884,3.271604297775249e-05,0.3473418658422248,
axis_v00_cluster,ransac_svd,1,70,0.03919645143175236,0.00033262403149881447,0.22791851843148714,
axis_v00_cluster,ransac_svd,14,655,0.0499621450637277,4.7305275384174295e-05,0.49497147041772327,
axis_v00_cluster,ransac_svd,26,492,0.0550335822024084,9.5863843874148e-05,0.45053907679558364,
axis_v00_cluster,ransac_svd,6,538,0.045541718950746275,3.4198606840678755e-05,0.46064496522640647,
axis_v00_cluster,ransac_svd_sde,1,70,0.03919645143175236,0.00033262403149881447,0.22791851843148714,
axis_v00_cluster,ransac_svd_sde,14,655,0.0499621450637277,4.7305275384174295e-05,0.49497147041772327,
axis_v00_cluster,ransac_svd_sde,26,492,0.0550335822024084,9.5863843874148e-05,0.45053907679558364,
axis_v00_cluster,ransac_svd_sde,6,538,0.045541718950746275,3.4198606840678755e-05,0.46064496522640647,
axis_v00_cluster,svd,1,70,0.03919645143175236,0.00033262403149881447,0.22791851843148714,
axis_v00_cluster,svd,14,655,0.020853538393023865,1.7193735497452777e-06,0.40860715796334457,
axis_v00_cluster,svd,26,492,0.02440273228598235,0.00015434377140175122,0.45053907679558364,
axis_v00_cluster,svd,6,538,0.024755884001907754,3.4198606840678755e-05,0.2746732094742365,
axis_v00_cluster,svd_sde,1,70,0.03919645143175236,0.00033262403149881447,0.22791851843148714,
axis_v00_cluster,svd_sde,14,655,0.020853538393023865,1.7193735497452777e-06,0.40860715796334457,
axis_v00_cluster,svd_sde,26,492,0.02440273228598235,0.00015434377140175122,0.45053907679558364,
axis_v00_cluster,svd_sde,6,538,0.024755884001907754,3.4198606840678755e-05,0.2746732094742365,
axis_v00_hdbscan_ms2,ransac_svd,1,70,0.03919645143175236,0.00033262403149881447,0.22791851843148714,
axis_v00_hdbscan_ms2,ransac_svd,14,664,0.03377871631124193,1.9160111116990695e-06,0.40858174972266637,
axis_v00_hdbscan_ms2,ransac_svd,26,506,0.03968739000651751,1.896090517276156e-05,0.45053907679558364,
axis_v00_hdbscan_ms2,ransac_svd,6,547,0.034609888400858504,3.4198606840678755e-05,0.41362606129536894,
axis_v00_hdbscan_ms2,ransac_svd_sde,1,70,0.03919645143175236,0.00033262403149881447,0.22791851843148714,
axis_v00_hdbscan_ms2,ransac_svd_sde,14,664,0.03377871631124193,1.9160111116990695e-06,0.40858174972266637,
axis_v00_hdbscan_ms2,ransac_svd_sde,26,506,0.03968739000651751,1.896090517276156e-05,0.45053907679558364,
axis_v00_hdbscan_ms2,ransac_svd_sde,6,547,0.034609888400858504,3.4198606840678755e-05,0.41362606129536894,
axis_v00_hdbscan_ms2,svd,1,70,0.03919645143175236,0.00033262403149881447,0.22791851843148714,
axis_v00_hdbscan_ms2,svd,14,664,0.023330594327121548,1.9160111116990695e-06,0.40860715796334457,
axis_v00_hdbscan_ms2,svd,26,506,0.029315752507334362,6.70979409536707e-05,0.45053907679558364,
axis_v00_hdbscan_ms2,svd,6,547,0.027818991642411788,3.4198606840678755e-05,0.4052983396223494,
axis_v00_hdbscan_ms2,svd_sde,1,70,0.03919645143175236,0.00033262403149881447,0.22791851843148714,
axis_v00_hdbscan_ms2,svd_sde,14,664,0.023330594327121548,1.9160111116990695e-06,0.40860715796334457,
axis_v00_hdbscan_ms2,svd_sde,26,506,0.029315752507334362,6.70979409536707e-05,0.45053907679558364,
axis_v00_hdbscan_ms2,svd_sde,6,547,0.027818991642411788,3.4198606840678755e-05,0.4052983396223494,
axis_v00_hdbscan_ms3,ransac_svd,1,70,0.03919645143175236,0.00033262403149881447,0.22791851843148714,
axis_v00_hdbscan_ms3,ransac_svd,14,664,0.034173007274910065,4.1204285058241796e-05,0.4085817497226663,
axis_v00_hdbscan_ms3,ransac_svd,26,506,0.039623615648700976,0.00011834784914480892,0.45053907679558364,
axis_v00_hdbscan_ms3,ransac_svd,6,547,0.03736906823413616,3.419860684067881e-05,0.41362606129536894,
axis_v00_hdbscan_ms3,ransac_svd_sde,1,70,0.03919645143175236,0.00033262403149881447,0.22791851843148714,
axis_v00_hdbscan_ms3,ransac_svd_sde,14,664,0.034173007274910065,4.1204285058241796e-05,0.4085817497226663,
axis_v00_hdbscan_ms3,ransac_svd_sde,26,506,0.039623615648700976,0.00011834784914480892,0.45053907679558364,
axis_v00_hdbscan_ms3,ransac_svd_sde,6,547,0.03736906823413616,3.419860684067881e-05,0.41362606129536894,
axis_v00_hdbscan_ms3,svd,1,70,0.03919645143175236,0.00033262403149881447,0.22791851843148714,
axis_v00_hdbscan_ms3,svd,14,664,0.025177965507072003,4.1204285058241796e-05,0.40860715796334457,
axis_v00_hdbscan_ms3,svd,26,506,0.030365346204680742,0.00011834784914480892,0.45053907679558364,
axis_v00_hdbscan_ms3,svd,6,547,0.02738023814920165,3.419860684067881e-05,0.4052983396223494,
axis_v00_hdbscan_ms3,svd_sde,1,70,0.03919645143175236,0.00033262403149881447,0.22791851843148714,
axis_v00_hdbscan_ms3,svd_sde,14,664,0.025177965507072003,4.1204285058241796e-05,0.40860715796334457,
axis_v00_hdbscan_ms3,svd_sde,26,506,0.030365346204680742,0.00011834784914480892,0.45053907679558364,
axis_v00_hdbscan_ms3,svd_sde,6,547,0.02738023814920165,3.419860684067881e-05,0.4052983396223494,
axis_v00_hdbscan_ms5,ransac_svd,1,70,0.03919645143175236,0.00033262403149881447,0.22791851843148714,
axis_v00_hdbscan_ms5,ransac_svd,14,664,0.03898966862262076,4.1204285058241796e-05,0.49497147041772327,
axis_v00_hdbscan_ms5,ransac_svd,26,506,0.044922394812160316,7.151119647217508e-05,0.45053907679558364,
axis_v00_hdbscan_ms5,ransac_svd,6,547,0.043487463899362054,3.419860684067881e-05,0.41362606129536894,
axis_v00_hdbscan_ms5,ransac_svd_sde,1,70,0.03919645143175236,0.00033262403149881447,0.22791851843148714,
axis_v00_hdbscan_ms5,ransac_svd_sde,14,664,0.03898966862262076,4.1204285058241796e-05,0.49497147041772327,
axis_v00_hdbscan_ms5,ransac_svd_sde,26,506,0.044922394812160316,7.151119647217508e-05,0.45053907679558364,
axis_v00_hdbscan_ms5,ransac_svd_sde,6,547,0.043487463899362054,3.419860684067881e-05,0.41362606129536894,
axis_v00_hdbscan_ms5,svd,1,70,0.03919645143175236,0.00033262403149881447,0.22791851843148714,
axis_v00_hdbscan_ms5,svd,14,664,0.025184065610277744,1.7193735497452777e-06,0.4086490930450791,
axis_v00_hdbscan_ms5,svd,26,506,0.031034133268066765,7.151119647217508e-05,0.45053907679558364,
axis_v00_hdbscan_ms5,svd,6,547,0.026868242840931682,3.419860684067881e-05,0.4052983396223494,
axis_v00_hdbscan_ms5,svd_sde,1,70,0.03919645143175236,0.00033262403149881447,0.22791851843148714,
axis_v00_hdbscan_ms5,svd_sde,14,664,0.025184065610277744,1.7193735497452777e-06,0.4086490930450791,
axis_v00_hdbscan_ms5,svd_sde,26,506,0.031034133268066765,7.151119647217508e-05,0.45053907679558364,
axis_v00_hdbscan_ms5,svd_sde,6,547,0.026868242840931682,3.419860684067881e-05,0.4052983396223494,
axis_v00_p3,ransac_svd,1,98,0.03471934921795717,0.0004211253977409208,0.23426269803815536,
axis_v00_p3,ransac_svd,14,710,0.05262305326458568,3.3497166308522266e-05,0.4986569218011834,
axis_v00_p3,ransac_svd,26,575,0.0566352372941192,4.582377405445567e-05,0.538119623731661,
axis_v00_p3,ransac_svd,6,599,0.04901373214771972,0.0001748555977924647,0.38730261641229013,
axis_v00_p3,ransac_svd_sde,1,98,0.03471934921795717,0.0004211253977409208,0.23426269803815536,
axis_v00_p3,ransac_svd_sde,14,710,0.05262305326458568,3.3497166308522266e-05,0.4986569218011834,
axis_v00_p3,ransac_svd_sde,26,575,0.0566352372941192,4.582377405445567e-05,0.538119623731661,
axis_v00_p3,ransac_svd_sde,6,599,0.04901373214771972,0.0001748555977924647,0.38730261641229013,
axis_v00_p3,svd,1,98,0.03471934921795717,0.0004211253977409208,0.23426269803815536,
axis_v00_p3,svd,14,710,0.02031834424493899,1.7098683128480756e-06,0.4296295755867397,
axis_v00_p3,svd,26,575,0.02359945598766668,1.8638562568514698e-05,0.45053898070188997,
axis_v00_p3,svd,6,599,0.02415097740707222,5.731351126419552e-05,0.38594101857844376,
axis_v00_p3,svd_sde,1,98,0.03471934921795717,0.0004211253977409208,0.23426269803815536,
axis_v00_p3,svd_sde,14,710,0.02031834424493899,1.7098683128480756e-06,0.4296295755867397,
axis_v00_p3,svd_sde,26,575,0.02359945598766668,1.8638562568514698e-05,0.45053898070188997,
axis_v00_p3,svd_sde,6,599,0.02415097740707222,5.731351126419552e-05,0.38594101857844376,
axis_v00_p3_cluster,ransac_svd,1,98,0.03471934921795717,0.0004211253977409208,0.23426269803815536,
axis_v00_p3_cluster,ransac_svd,14,703,0.05344731664724308,4.82759625352147e-05,0.4986569218011834,
axis_v00_p3_cluster,ransac_svd,26,563,0.05916129221328447,0.00011259676382353538,0.539479480335393,
axis_v00_p3_cluster,ransac_svd,6,590,0.050396373088785744,0.0001514206268120783,0.4604484554119974,
axis_v00_p3_cluster,ransac_svd_sde,1,98,0.03471934921795717,0.0004211253977409208,0.23426269803815536,
axis_v00_p3_cluster,ransac_svd_sde,14,703,0.05344731664724308,4.82759625352147e-05,0.4986569218011834,
axis_v00_p3_cluster,ransac_svd_sde,26,563,0.05916129221328447,0.00011259676382353538,0.539479480335393,
axis_v00_p3_cluster,ransac_svd_sde,6,590,0.050396373088785744,0.0001514206268120783,0.4604484554119974,
axis_v00_p3_cluster,svd,1,98,0.03471934921795717,0.0004211253977409208,0.23426269803815536,
axis_v00_p3_cluster,svd,14,703,0.019497380049776233,1.7098683128480756e-06,0.42962957558673975,
axis_v00_p3_cluster,svd,26,563,0.020639026436236635,2.0789594729209125e-05,0.45053898070188997,
axis_v00_p3_cluster,svd,6,590,0.0226902366359876,5.731351126419552e-05,0.2972175263373306,
axis_v00_p3_cluster,svd_sde,1,98,0.03471934921795717,0.0004211253977409208,0.23426269803815536,
axis_v00_p3_cluster,svd_sde,14,703,0.019497380049776233,1.7098683128480756e-06,0.42962957558673975,
axis_v00_p3_cluster,svd_sde,26,563,0.020639026436236635,2.0789594729209125e-05,0.45053898070188997,
axis_v00_p3_cluster,svd_sde,6,590,0.0226902366359876,5.731351126419552e-05,0.2972175263373306,
axis_v00_p3_hdbscan_ms2,ransac_svd,1,98,0.03471934921795717,0.0004211253977409208,0.23426269803815536,
axis_v00_p3_hdbscan_ms2,ransac_svd,14,710,0.0330650207261915,1.7195616564959787e-06,0.4248384527251886,
axis_v00_p3_hdbscan_ms2,ransac_svd,26,575,0.03656654828431336,5.1238087396679594e-05,0.538119623731661,
axis_v00_p3_hdbscan_ms2,ransac_svd,6,599,0.03247618777670399,5.36454811801796e-05,0.38594101857844376,
axis_v00_p3_hdbscan_ms2,ransac_svd_sde,1,98,0.03471934921795717,0.0004211253977409208,0.23426269803815536,
axis_v00_p3_hdbscan_ms2,ransac_svd_sde,14,710,0.0330650207261915,1.7195616564959787e-06,0.4248384527251886,
axis_v00_p3_hdbscan_ms2,ransac_svd_sde,26,575,0.03656654828431336,5.1238087396679594e-05,0.538119623731661,
axis_v00_p3_hdbscan_ms2,ransac_svd_sde,6,599,0.03247618777670399,5.36454811801796e-05,0.38594101857844376,
axis_v00_p3_hdbscan_ms2,svd,1,98,0.03471934921795717,0.0004211253977409208,0.23426269803815536,
axis_v00_p3_hdbscan_ms2,svd,14,710,0.0213070013074765,1.7195616564959787e-06,0.42962957558673975,
axis_v00_p3_hdbscan_ms2,svd,26,575,0.025318652873673405,5.1238087396679594e-05,0.45053898070188997,
axis_v00_p3_hdbscan_ms2,svd,6,599,0.025430014766348496,5.36454811801796e-05,0.38594101857844376,
axis_v00_p3_hdbscan_ms2,svd_sde,1,98,0.03471934921795717,0.0004211253977409208,0.23426269803815536,
axis_v00_p3_hdbscan_ms2,svd_sde,14,710,0.0213070013074765,1.7195616564959787e-06,0.42962957558673975,
axis_v00_p3_hdbscan_ms2,svd_sde,26,575,0.025318652873673405,5.1238087396679594e-05,0.45053898070188997,
axis_v00_p3_hdbscan_ms2,svd_sde,6,599,0.025430014766348496,5.36454811801796e-05,0.38594101857844376,
axis_v00_p3_hdbscan_ms3,ransac_svd,1,98,0.03471934921795717,0.0004211253977409208,0.23426269803815536,
axis_v00_p3_hdbscan_ms3,ransac_svd,14,710,0.034211727744275645,3.9931776116735855e-05,0.4666975162620782,
axis_v00_p3_hdbscan_ms3,ransac_svd,26,575,0.03787466499321089,1.8009509666407178e-05,0.45053898070188997,
axis_v00_p3_hdbscan_ms3,ransac_svd,6,599,0.0367636579945307,0.000157516173150935,0.38594101857844376,
axis_v00_p3_hdbscan_ms3,ransac_svd_sde,1,98,0.03471934921795717,0.0004211253977409208,0.23426269803815536,
axis_v00_p3_hdbscan_ms3,ransac_svd_sde,14,710,0.034211727744275645,3.9931776116735855e-05,0.4666975162620782,
axis_v00_p3_hdbscan_ms3,ransac_svd_sde,26,575,0.03787466499321089,1.8009509666407178e-05,0.45053898070188997,
axis_v00_p3_hdbscan_ms3,ransac_svd_sde,6,599,0.0367636579945307,0.000157516173150935,0.38594101857844376,
axis_v00_p3_hdbscan_ms3,svd,1,98,0.03471934921795717,0.0004211253977409208,0.23426269803815536,
axis_v00_p3_hdbscan_ms3,svd,14,710,0.023072341074046952,1.7098683128480756e-06,0.4296295755867397,
axis_v00_p3_hdbscan_ms3,svd,26,575,0.02535759498132676,1.8009509666407178e-05,0.45053898070188997,
axis_v00_p3_hdbscan_ms3,svd,6,599,0.02565815436497794,5.731351126419552e-05,0.38594101857844376,
axis_v00_p3_hdbscan_ms3,svd_sde,1,98,0.03471934921795717,0.0004211253977409208,0.23426269803815536,
axis_v00_p3_hdbscan_ms3,svd_sde,14,710,0.023072341074046952,1.7098683128480756e-06,0.4296295755867397,
axis_v00_p3_hdbscan_ms3,svd_sde,26,575,0.02535759498132676,1.8009509666407178e-05,0.45053898070188997,
axis_v00_p3_hdbscan_ms3,svd_sde,6,599,0.02565815436497794,5.731351126419552e-05,0.38594101857844376,
axis_v00_p3_hdbscan_ms5,ransac_svd,1,98,0.03471934921795717,0.0004211253977409208,0.23426269803815536,
axis_v00_p3_hdbscan_ms5,ransac_svd,14,710,0.04077812459658803,3.9931776116735855e-05,0.4666975162620782,
axis_v00_p3_hdbscan_ms5,ransac_svd,26,575,0.04508016741545148,3.372236026376975e-05,0.5383327725960126,
axis_v00_p3_hdbscan_ms5,ransac_svd,6,599,0.04602902269949835,0.000157516173150935,0.38730261641229013,
axis_v00_p3_hdbscan_ms5,ransac_svd_sde,1,98,0.03471934921795717,0.0004211253977409208,0.23426269803815536,
axis_v00_p3_hdbscan_ms5,ransac_svd_sde,14,710,0.04077812459658803,3.9931776116735855e-05,0.4666975162620782,
axis_v00_p3_hdbscan_ms5,ransac_svd_sde,26,575,0.04508016741545148,3.372236026376975e-05,0.5383327725960126,
axis_v00_p3_hdbscan_ms5,ransac_svd_sde,6,599,0.04602902269949835,0.000157516173150935,0.38730261641229013,
axis_v00_p3_hdbscan_ms5,svd,1,98,0.03471934921795717,0.0004211253977409208,0.23426269803815536,
axis_v00_p3_hdbscan_ms5,svd,14,710,0.023552375325125677,1.7098683128480756e-06,0.435143681555675,
axis_v00_p3_hdbscan_ms5,svd,26,575,0.02795908035357661,1.8638562568514698e-05,0.5383327725960126,
axis_v00_p3_hdbscan_ms5,svd,6,599,0.025333607534229027,5.731351126419552e-05,0.38594101857844376,
axis_v00_p3_hdbscan_ms5,svd_sde,1,98,0.03471934921795717,0.0004211253977409208,0.23426269803815536,
axis_v00_p3_hdbscan_ms5,svd_sde,14,710,0.023552375325125677,1.7098683128480756e-06,0.435143681555675,
axis_v00_p3_hdbscan_ms5,svd_sde,26,575,0.02795908035357661,1.8638562568514698e-05,0.5383327725960126,
axis_v00_p3_hdbscan_ms5,svd_sde,6,599,0.025333607534229027,5.731351126419552e-05,0.38594101857844376,
axis_v00_p5,ransac_svd,1,116,0.033675024544021076,6.47434262180844e-05,0.2352862539778652,
axis_v00_p5,ransac_svd,14,732,0.05304949440653696,3.3305321817414243e-06,0.49809116455670793,
axis_v00_p5,ransac_svd,26,628,0.0560359319811603,1.2230663164872881e-05,0.5369767053440856,
axis_v00_p5,ransac_svd,6,644,0.046269100816560285,1.5801392404259382e-05,0.3806944954065095,
axis_v00_p5,ransac_svd_sde,1,116,0.033675024544021076,6.47434262180844e-05,0.2352862539778652,
axis_v00_p5,ransac_svd_sde,14,732,0.05304949440653696,3.3305321817414243e-06,0.49809116455670793,
axis_v00_p5,ransac_svd_sde,26,628,0.0560359319811603,1.2230663164872881e-05,0.5369767053440856,
axis_v00_p5,ransac_svd_sde,6,644,0.046269100816560285,1.5801392404259382e-05,0.3806944954065095,
axis_v00_p5,svd,1,116,0.033675024544021076,6.47434262180844e-05,0.2352862539778652,
axis_v00_p5,svd,14,732,0.018107966628063066,1.667797857666683e-05,0.42446062149089336,
axis_v00_p5,svd,26,628,0.019791969979430956,9.259210991247742e-05,0.4487694102828797,
axis_v00_p5,svd,6,644,0.02351997340711718,4.6796103093529637e-07,0.3806944954065095,
axis_v00_p5,svd_sde,1,116,0.033675024544021076,6.47434262180844e-05,0.2352862539778652,
axis_v00_p5,svd_sde,14,732,0.018107966628063066,1.667797857666683e-05,0.42446062149089336,
axis_v00_p5,svd_sde,26,628,0.019791969979430956,9.259210991247742e-05,0.4487694102828797,
axis_v00_p5,svd_sde,6,644,0.02351997340711718,4.6796103093529637e-07,0.3806944954065095,
axis_v00_p5_cluster,ransac_svd,1,116,0.033675024544021076,6.47434262180844e-05,0.2352862539778652,
axis_v00_p5_cluster,ransac_svd,14,726,0.053721950204164974,6.470087211729529e-05,0.49809116455670793,
axis_v00_p5_cluster,ransac_svd,26,617,0.05823267399139477,4.112509991280146e-05,0.5371790345782572,
axis_v00_p5_cluster,ransac_svd,6,639,0.048523001908213244,1.3770929795998814e-05,0.4586452295904076,
axis_v00_p5_cluster,ransac_svd_sde,1,116,0.033675024544021076,6.47434262180844e-05,0.2352862539778652,
axis_v00_p5_cluster,ransac_svd_sde,14,726,0.053721950204164974,6.470087211729529e-05,0.49809116455670793,
axis_v00_p5_cluster,ransac_svd_sde,26,617,0.05823267399139477,4.112509991280146e-05,0.5371790345782572,
axis_v00_p5_cluster,ransac_svd_sde,6,639,0.048523001908213244,1.3770929795998814e-05,0.4586452295904076,
axis_v00_p5_cluster,svd,1,116,0.033675024544021076,6.47434262180844e-05,0.2352862539778652,
axis_v00_p5_cluster,svd,14,726,0.017182735167893853,5.033421402085359e-05,0.42446062149089325,
axis_v00_p5_cluster,svd,26,617,0.017053067836185248,5.032974229930505e-05,0.4487694102828797,
axis_v00_p5_cluster,svd,6,639,0.022308953730066937,8.53175370004885e-07,0.31015479424419923,
axis_v00_p5_cluster,svd_sde,1,116,0.033675024544021076,6.47434262180844e-05,0.2352862539778652,
axis_v00_p5_cluster,svd_sde,14,726,0.017182735167893853,5.033421402085359e-05,0.42446062149089325,
axis_v00_p5_cluster,svd_sde,26,617,0.017053067836185248,5.032974229930505e-05,0.4487694102828797,
axis_v00_p5_cluster,svd_sde,6,639,0.022308953730066937,8.53175370004885e-07,0.31015479424419923,
axis_v00_p5_hdbscan_ms2,ransac_svd,1,116,0.033675024544021076,6.47434262180844e-05,0.2352862539778652,
axis_v00_p5_hdbscan_ms2,ransac_svd,14,732,0.031245632753858606,1.2887393631335176e-05,0.42367245494887934,
axis_v00_p5_hdbscan_ms2,ransac_svd,26,628,0.035437714129076786,0.00013308335310957298,0.5369767053440856,
axis_v00_p5_hdbscan_ms2,ransac_svd,6,644,0.03116495729014289,7.508683189407601e-07,0.3806944954065095,
axis_v00_p5_hdbscan_ms2,ransac_svd_sde,1,116,0.033675024544021076,6.47434262180844e-05,0.2352862539778652,
axis_v00_p5_hdbscan_ms2,ransac_svd_sde,14,732,0.031245632753858606,1.2887393631335176e-05,0.42367245494887934,
axis_v00_p5_hdbscan_ms2,ransac_svd_sde,26,628,0.035437714129076786,0.00013308335310957298,0.5369767053440856,
axis_v00_p5_hdbscan_ms2,ransac_svd_sde,6,644,0.03116495729014289,7.508683189407601e-07,0.3806944954065095,
axis_v00_p5_hdbscan_ms2,svd,1,116,0.033675024544021076,6.47434262180844e-05,0.2352862539778652,
axis_v00_p5_hdbscan_ms2,svd,14,732,0.019134945325459587,1.2887393631335176e-05,0.42446062149089325,
axis_v00_p5_hdbscan_ms2,svd,26,628,0.020945659468735053,4.222922581129163e-05,0.4487694102828797,
axis_v00_p5_hdbscan_ms2,svd,6,644,0.02477935270249619,7.508683189407601e-07,0.3806944954065095,
axis_v00_p5_hdbscan_ms2,svd_sde,1,116,0.033675024544021076,6.47434262180844e-05,0.2352862539778652,
axis_v00_p5_hdbscan_ms2,svd_sde,14,732,0.019134945325459587,1.2887393631335176e-05,0.42446062149089325,
axis_v00_p5_hdbscan_ms2,svd_sde,26,628,0.020945659468735053,4.222922581129163e-05,0.4487694102828797,
axis_v00_p5_hdbscan_ms2,svd_sde,6,644,0.02477935270249619,7.508683189407601e-07,0.3806944954065095,
axis_v00_p5_hdbscan_ms3,ransac_svd,1,116,0.033675024544021076,6.47434262180844e-05,0.2352862539778652,
axis_v00_p5_hdbscan_ms3,ransac_svd,14,732,0.03292916049204663,4.0264232634727365e-05,0.4663722079641606,
axis_v00_p5_hdbscan_ms3,ransac_svd,26,628,0.03486815485476343,4.112509991280146e-05,0.4785067408770807,
axis_v00_p5_hdbscan_ms3,ransac_svd,6,644,0.03581994696550464,1.9599722480761943e-05,0.3806944954065095,
axis_v00_p5_hdbscan_ms3,ransac_svd_sde,1,116,0.033675024544021076,6.47434262180844e-05,0.2352862539778652,
axis_v00_p5_hdbscan_ms3,ransac_svd_sde,14,732,0.03292916049204663,4.0264232634727365e-05,0.4663722079641606,
axis_v00_p5_hdbscan_ms3,ransac_svd_sde,26,628,0.03486815485476343,4.112509991280146e-05,0.4785067408770807,
axis_v00_p5_hdbscan_ms3,ransac_svd_sde,6,644,0.03581994696550464,1.9599722480761943e-05,0.3806944954065095,
axis_v00_p5_hdbscan_ms3,svd,1,116,0.033675024544021076,6.47434262180844e-05,0.2352862539778652,
axis_v00_p5_hdbscan_ms3,svd,14,732,0.020921831787008745,1.667797857666683e-05,0.42446062149089336,
axis_v00_p5_hdbscan_ms3,svd,26,628,0.021753277149709142,4.14330857020174e-05,0.4487694102828797,
axis_v00_p5_hdbscan_ms3,svd,6,644,0.02444320141814232,4.6796103093529637e-07,0.3806944954065095,
axis_v00_p5_hdbscan_ms3,svd_sde,1,116,0.033675024544021076,6.47434262180844e-05,0.2352862539778652,
axis_v00_p5_hdbscan_ms3,svd_sde,14,732,0.020921831787008745,1.667797857666683e-05,0.42446062149089336,
axis_v00_p5_hdbscan_ms3,svd_sde,26,628,0.021753277149709142,4.14330857020174e-05,0.4487694102828797,
axis_v00_p5_hdbscan_ms3,svd_sde,6,644,0.02444320141814232,4.6796103093529637e-07,0.3806944954065095,
axis_v00_p5_hdbscan_ms5,ransac_svd,1,116,0.033675024544021076,6.47434262180844e-05,0.2352862539778652,
axis_v00_p5_hdbscan_ms5,ransac_svd,14,732,0.03788553127420488,4.0264232634727365e-05,0.4663722079641606,
axis_v00_p5_hdbscan_ms5,ransac_svd,26,628,0.04338385061517913,1.2230663164872881e-05,0.536909077875851,
axis_v00_p5_hdbscan_ms5,ransac_svd,6,644,0.04322515033118827,1.5801392404259382e-05,0.3806944954065095,
axis_v00_p5_hdbscan_ms5,ransac_svd_sde,1,116,0.033675024544021076,6.47434262180844e-05,0.2352862539778652,
axis_v00_p5_hdbscan_ms5,ransac_svd_sde,14,732,0.03788553127420488,4.0264232634727365e-05,0.4663722079641606,
axis_v00_p5_hdbscan_ms5,ransac_svd_sde,26,628,0.04338385061517913,1.2230663164872881e-05,0.536909077875851,
axis_v00_p5_hdbscan_ms5,ransac_svd_sde,6,644,0.04322515033118827,1.5801392404259382e-05,0.3806944954065095,
axis_v00_p5_hdbscan_ms5,svd,1,116,0.033675024544021076,6.47434262180844e-05,0.2352862539778652,
axis_v00_p5_hdbscan_ms5,svd,14,732,0.020956767007945493,1.667797857666683e-05,0.4258064647976417,
axis_v00_p5_hdbscan_ms5,svd,26,628,0.023770257745455898,9.259210991247742e-05,0.536909077875851,
axis_v00_p5_hdbscan_ms5,svd,6,644,0.024428885674770903,4.6796103093529637e-07,0.3806944954065095,
axis_v00_p5_hdbscan_ms5,svd_sde,1,116,0.033675024544021076,6.47434262180844e-05,0.2352862539778652,
axis_v00_p5_hdbscan_ms5,svd_sde,14,732,0.020956767007945493,1.667797857666683e-05,0.4258064647976417,
axis_v00_p5_hdbscan_ms5,svd_sde,26,628,0.023770257745455898,9.259210991247742e-05,0.536909077875851,
axis_v00_p5_hdbscan_ms5,svd_sde,6,644,0.024428885674770903,4.6796103093529637e-07,0.3806944954065095,
axis_v01,ransac_svd,14,535,0.03844330798015172,0.00012906766525619124,0.4131801436533365,
axis_v01,ransac_svd,26,569,0.03201770493864649,0.00028458412324047506,0.3343007258490227,
axis_v01,ransac_svd,6,351,0.03335494894447673,0.0001102075302066696,0.37005137297847784,
axis_v01,ransac_svd_sde,14,535,0.03844330798015172,0.00012906766525619124,0.4131801436533365,
axis_v01,ransac_svd_sde,26,569,0.03201770493864649,0.00028458412324047506,0.3343007258490227,
axis_v01,ransac_svd_sde,6,351,0.03335494894447673,0.0001102075302066696,0.37005137297847784,
axis_v01,svd,14,535,0.02862010877601736,0.00012906766525619124,0.3374353701824911,
axis_v01,svd,26,569,0.023132289268218642,0.0001770532903896107,0.33500101889300626,
axis_v01,svd,6,351,0.028513284366247074,0.0001102075302066696,0.37005137297847784,
axis_v01,svd_sde,14,535,0.02862010877601736,0.00012906766525619124,0.3374353701824911,
axis_v01,svd_sde,26,569,0.023132289268218642,0.0001770532903896107,0.33500101889300626,
axis_v01,svd_sde,6,351,0.028513284366247074,0.0001102075302066696,0.37005137297847784,
axis_v01_1,ransac_svd,14,583,0.03718521464426803,0.00012059862870402452,0.4031645576504395,
axis_v01_1,ransac_svd,26,579,0.031366779676884025,6.883877639203091e-05,0.3112172899375744,
axis_v01_1,ransac_svd,6,407,0.028772199997668748,0.0001102075302066696,0.21333528056248782,
axis_v01_1,ransac_svd_sde,14,583,0.03718521464426803,0.00012059862870402452,0.4031645576504395,
axis_v01_1,ransac_svd_sde,26,579,0.031366779676884025,6.883877639203091e-05,0.3112172899375744,
axis_v01_1,ransac_svd_sde,6,407,0.028772199997668748,0.0001102075302066696,0.21333528056248782,
axis_v01_1,svd,14,583,0.027013626141829828,0.00011897020814320769,0.33356621300885597,
axis_v01_1,svd,26,579,0.022595617568784823,0.000112997774305026,0.3112172899375744,
axis_v01_1,svd,6,407,0.02377859645399803,0.0001102075302066696,0.23718229081487602,
axis_v01_1,svd_sde,14,583,0.027013626141829828,0.00011897020814320769,0.33356621300885597,
axis_v01_1,svd_sde,26,579,0.022595617568784823,0.000112997774305026,0.3112172899375744,
axis_v01_1,svd_sde,6,407,0.02377859645399803,0.0001102075302066696,0.23718229081487602,
axis_v01_1_cluster,ransac_svd,14,583,0.036523040709123454,0.00012059862870402452,0.35949909407216013,
axis_v01_1_cluster,ransac_svd,26,579,0.031875544401570595,0.00014206516569725938,0.3112172899375744,
axis_v01_1_cluster,ransac_svd,6,407,0.028819713395849454,0.0001448433288219383,0.21333528056248782,
axis_v01_1_cluster,ransac_svd_sde,14,583,0.036523040709123454,0.00012059862870402452,0.35949909407216013,
axis_v01_1_cluster,ransac_svd_sde,26,579,0.031875544401570595,0.00014206516569725938,0.3112172899375744,
axis_v01_1_cluster,ransac_svd_sde,6,407,0.028819713395849454,0.0001448433288219383,0.21333528056248782,
axis_v01_1_cluster,svd,14,583,0.027038412652526007,0.00012059862870402452,0.33356621300885597,
axis_v01_1_cluster,svd,26,579,0.022604826244054185,0.000112997774305026,0.3112172899375744,
axis_v01_1_cluster,svd,6,407,0.023785588064727647,0.0001448433288219383,0.23718229081487602,
axis_v01_1_cluster,svd_sde,14,583,0.027038412652526007,0.00012059862870402452,0.33356621300885597,
axis_v01_1_cluster,svd_sde,26,579,0.022604826244054185,0.000112997774305026,0.3112172899375744,
axis_v01_1_cluster,svd_sde,6,407,0.023785588064727647,0.0001448433288219383,0.23718229081487602,
axis_v01_1_hdbscan_ms2,ransac_svd,14,583,0.03374363805471497,0.00012059862870402452,0.39743137388473404,
axis_v01_1_hdbscan_ms2,ransac_svd,26,579,0.027233425059340302,0.00013089947343516327,0.3112172899375744,
axis_v01_1_hdbscan_ms2,ransac_svd,6,407,0.027768057252002026,0.0001102075302066696,0.21333528056248782,
axis_v01_1_hdbscan_ms2,ransac_svd_sde,14,583,0.03374363805471497,0.00012059862870402452,0.39743137388473404,
axis_v01_1_hdbscan_ms2,ransac_svd_sde,26,579,0.027233425059340302,0.00013089947343516327,0.3112172899375744,
axis_v01_1_hdbscan_ms2,ransac_svd_sde,6,407,0.027768057252002026,0.0001102075302066696,0.21333528056248782,
axis_v01_1_hdbscan_ms2,svd,14,583,0.031394837004350445,0.00012059862870402452,0.39743137388473404,
axis_v01_1_hdbscan_ms2,svd,26,579,0.024213179922448713,0.0001266965805040252,0.3112172899375744,
axis_v01_1_hdbscan_ms2,svd,6,407,0.02508012425249165,0.0001102075302066696,0.23718229081487602,
axis_v01_1_hdbscan_ms2,svd_sde,14,583,0.031394837004350445,0.00012059862870402452,0.39743137388473404,
axis_v01_1_hdbscan_ms2,svd_sde,26,579,0.024213179922448713,0.0001266965805040252,0.3112172899375744,
axis_v01_1_hdbscan_ms2,svd_sde,6,407,0.02508012425249165,0.0001102075302066696,0.23718229081487602,
axis_v01_1_hdbscan_ms3,ransac_svd,14,583,0.03477106412264513,0.00012059862870402452,0.4103361647971985,
axis_v01_1_hdbscan_ms3,ransac_svd,26,579,0.02885973810464012,0.00014206516569725938,0.3112172899375744,
axis_v01_1_hdbscan_ms3,ransac_svd,6,407,0.028779091552897266,0.0001102075302066696,0.21333528056248782,
axis_v01_1_hdbscan_ms3,ransac_svd_sde,14,583,0.03477106412264513,0.00012059862870402452,0.4103361647971985,
axis_v01_1_hdbscan_ms3,ransac_svd_sde,26,579,0.02885973810464012,0.00014206516569725938,0.3112172899375744,
axis_v01_1_hdbscan_ms3,ransac_svd_sde,6,407,0.028779091552897266,0.0001102075302066696,0.21333528056248782,
axis_v01_1_hdbscan_ms3,svd,14,583,0.02910916322507241,0.00012059862870402452,0.4103361647971985,
axis_v01_1_hdbscan_ms3,svd,26,579,0.02437814358832653,0.000112997774305026,0.3112172899375744,
axis_v01_1_hdbscan_ms3,svd,6,407,0.02392452479101435,0.0001102075302066696,0.23718229081487602,
axis_v01_1_hdbscan_ms3,svd_sde,14,583,0.02910916322507241,0.00012059862870402452,0.4103361647971985,
axis_v01_1_hdbscan_ms3,svd_sde,26,579,0.02437814358832653,0.000112997774305026,0.3112172899375744,
axis_v01_1_hdbscan_ms3,svd_sde,6,407,0.02392452479101435,0.0001102075302066696,0.23718229081487602,
axis_v01_1_hdbscan_ms5,ransac_svd,14,583,0.035682153156208575,0.00012059862870402452,0.4031645576504395,
axis_v01_1_hdbscan_ms5,ransac_svd,26,579,0.030360489506221344,6.883877639203091e-05,0.3112172899375744,
axis_v01_1_hdbscan_ms5,ransac_svd,6,407,0.028772199997668748,0.0001102075302066696,0.21333528056248782,
axis_v01_1_hdbscan_ms5,ransac_svd_sde,14,583,0.035682153156208575,0.00012059862870402452,0.4031645576504395,
axis_v01_1_hdbscan_ms5,ransac_svd_sde,26,579,0.030360489506221344,6.883877639203091e-05,0.3112172899375744,
axis_v01_1_hdbscan_ms5,ransac_svd_sde,6,407,0.028772199997668748,0.0001102075302066696,0.21333528056248782,
axis_v01_1_hdbscan_ms5,svd,14,583,0.027865664897391156,0.00011897020814320769,0.33356621300885597,
axis_v01_1_hdbscan_ms5,svd,26,579,0.02341501951829558,0.000112997774305026,0.3112172899375744,
axis_v01_1_hdbscan_ms5,svd,6,407,0.02377859645399803,0.0001102075302066696,0.23718229081487602,
axis_v01_1_hdbscan_ms5,svd_sde,14,583,0.027865664897391156,0.00011897020814320769,0.33356621300885597,
axis_v01_1_hdbscan_ms5,svd_sde,26,579,0.02341501951829558,0.000112997774305026,0.3112172899375744,
axis_v01_1_hdbscan_ms5,svd_sde,6,407,0.02377859645399803,0.0001102075302066696,0.23718229081487602,
axis_v01_1_p3,ransac_svd,14,634,0.03710196000315965,0.00013060923707940514,0.3977412773267247,
axis_v01_1_p3,ransac_svd,26,635,0.032053438708743026,0.0002808752865358553,0.310216969868115,
axis_v01_1_p3,ransac_svd,6,469,0.029212259451788885,8.774593844589355e-05,0.25941855667357017,
axis_v01_1_p3,ransac_svd_sde,14,634,0.03710196000315965,0.00013060923707940514,0.3977412773267247,
axis_v01_1_p3,ransac_svd_sde,26,635,0.032053438708743026,0.0002808752865358553,0.310216969868115,
axis_v01_1_p3,ransac_svd_sde,6,469,0.029212259451788885,8.774593844589355e-05,0.25941855667357017,
axis_v01_1_p3,svd,14,634,0.02627586489573098,0.00010696244025057456,0.33615633609059364,
axis_v01_1_p3,svd,26,635,0.02147961829954031,9.585486478389438e-05,0.31045346985469174,
axis_v01_1_p3,svd,6,469,0.024686953167865143,8.774593844589355e-05,0.3115080022896757,
axis_v01_1_p3,svd_sde,14,634,0.02627586489573098,0.00010696244025057456,0.33615633609059364,
axis_v01_1_p3,svd_sde,26,635,0.02147961829954031,9.585486478389438e-05,0.31045346985469174,
axis_v01_1_p3,svd_sde,6,469,0.024686953167865143,8.774593844589355e-05,0.3115080022896757,
axis_v01_1_p5,ransac_svd,14,670,0.0369042232109911,4.939062499310594e-05,0.41087853651978,
axis_v01_1_p5,ransac_svd,26,682,0.03239703999369736,0.0004917450091908606,0.3494944720880719,
axis_v01_1_p5,ransac_svd,6,512,0.02888816644640204,7.252199416136745e-05,0.25629056879994605,
axis_v01_1_p5,ransac_svd_sde,14,670,0.0369042232109911,4.939062499310594e-05,0.41087853651978,
axis_v01_1_p5,ransac_svd_sde,26,682,0.03239703999369736,0.0004917450091908606,0.3494944720880719,
axis_v01_1_p5,ransac_svd_sde,6,512,0.02888816644640204,7.252199416136745e-05,0.25629056879994605,
axis_v01_1_p5,svd,14,670,0.024374323757985317,4.939062499310594e-05,0.3343168271083701,
axis_v01_1_p5,svd,26,682,0.021134540616559352,6.593934348359615e-05,0.3494944720880719,
axis_v01_1_p5,svd,6,512,0.023818670669207828,7.252199416136745e-05,0.2876002000488069,
axis_v01_1_p5,svd_sde,14,670,0.024374323757985317,4.939062499310594e-05,0.3343168271083701,
axis_v01_1_p5,svd_sde,26,682,0.021134540616559352,6.593934348359615e-05,0.3494944720880719,
axis_v01_1_p5,svd_sde,6,512,0.023818670669207828,7.252199416136745e-05,0.2876002000488069,
axis_v01_cluster,ransac_svd,14,535,0.03874963980884559,0.00012906766525619124,0.4142237173683138,
axis_v01_cluster,ransac_svd,26,569,0.03292235316855362,0.0004383531699970949,0.3343007258490227,
axis_v01_cluster,ransac_svd,6,354,0.033185913707528075,0.0001448433288219383,0.37005137297847784,
axis_v01_cluster,ransac_svd_sde,14,535,0.03874963980884559,0.00012906766525619124,0.4142237173683138,
axis_v01_cluster,ransac_svd_sde,26,569,0.03292235316855362,0.0004383531699970949,0.3343007258490227,
axis_v01_cluster,ransac_svd_sde,6,354,0.033185913707528075,0.0001448433288219383,0.37005137297847784,
axis_v01_cluster,svd,14,535,0.02859890565422261,0.00012906766525619124,0.3374353701824911,
axis_v01_cluster,svd,26,569,0.023269757686063937,0.0001770532903896107,0.33500101889300626,
axis_v01_cluster,svd,6,354,0.02838218051500489,0.0001448433288219383,0.37005137297847784,
axis_v01_cluster,svd_sde,14,535,0.02859890565422261,0.00012906766525619124,0.3374353701824911,
axis_v01_cluster,svd_sde,26,569,0.023269757686063937,0.0001770532903896107,0.33500101889300626,
axis_v01_cluster,svd_sde,6,354,0.02838218051500489,0.0001448433288219383,0.37005137297847784,
axis_v01_hdbscan_ms2,ransac_svd,14,535,0.03737514977563272,0.00012906766525619124,0.4198104273044339,
axis_v01_hdbscan_ms2,ransac_svd,26,569,0.030063308556330378,0.0004383531699970949,0.3343007258490227,
axis_v01_hdbscan_ms2,ransac_svd,6,351,0.032123045437397815,0.0001102075302066696,0.37005137297847784,
axis_v01_hdbscan_ms2,ransac_svd_sde,14,535,0.03737514977563272,0.00012906766525619124,0.4198104273044339,
axis_v01_hdbscan_ms2,ransac_svd_sde,26,569,0.030063308556330378,0.0004383531699970949,0.3343007258490227,
axis_v01_hdbscan_ms2,ransac_svd_sde,6,351,0.032123045437397815,0.0001102075302066696,0.37005137297847784,
axis_v01_hdbscan_ms2,svd,14,535,0.03266223337636639,0.00012906766525619124,0.4125764562609722,
axis_v01_hdbscan_ms2,svd,26,569,0.025426582989740546,0.00023030302817615963,0.33500101889300626,
axis_v01_hdbscan_ms2,svd,6,351,0.028913046175514084,0.0001102075302066696,0.37005137297847784,
axis_v01_hdbscan_ms2,svd_sde,14,535,0.03266223337636639,0.00012906766525619124,0.4125764562609722,
axis_v01_hdbscan_ms2,svd_sde,26,569,0.025426582989740546,0.00023030302817615963,0.33500101889300626,
axis_v01_hdbscan_ms2,svd_sde,6,351,0.028913046175514084,0.0001102075302066696,0.37005137297847784,
axis_v01_hdbscan_ms3,ransac_svd,14,535,0.03691327080277189,0.00012906766525619124,0.4155286015690163,
axis_v01_hdbscan_ms3,ransac_svd,26,569,0.030744828143943335,8.72352551076438e-05,0.3343007258490227,
axis_v01_hdbscan_ms3,ransac_svd,6,351,0.033515288877241464,0.0001102075302066696,0.37005137297847784,
axis_v01_hdbscan_ms3,ransac_svd_sde,14,535,0.03691327080277189,0.00012906766525619124,0.4155286015690163,
axis_v01_hdbscan_ms3,ransac_svd_sde,26,569,0.030744828143943335,8.72352551076438e-05,0.3343007258490227,
axis_v01_hdbscan_ms3,ransac_svd_sde,6,351,0.033515288877241464,0.0001102075302066696,0.37005137297847784,
axis_v01_hdbscan_ms3,svd,14,535,0.031159687663543364,0.00012906766525619124,0.4155286015690163,
axis_v01_hdbscan_ms3,svd,26,569,0.025360003539190795,8.72352551076438e-05,0.33500101889300626,
axis_v01_hdbscan_ms3,svd,6,351,0.028677764584698503,0.0001102075302066696,0.37005137297847784,
axis_v01_hdbscan_ms3,svd_sde,14,535,0.031159687663543364,0.00012906766525619124,0.4155286015690163,
axis_v01_hdbscan_ms3,svd_sde,26,569,0.025360003539190795,8.72352551076438e-05,0.33500101889300626,
axis_v01_hdbscan_ms3,svd_sde,6,351,0.028677764584698503,0.0001102075302066696,0.37005137297847784,
axis_v01_hdbscan_ms5,ransac_svd,14,535,0.03779680297128679,0.00012906766525619124,0.4183815842993626,
axis_v01_hdbscan_ms5,ransac_svd,26,569,0.031250781732393436,0.00028458412324047506,0.3343007258490227,
axis_v01_hdbscan_ms5,ransac_svd,6,351,0.03335494894447673,0.0001102075302066696,0.37005137297847784,
axis_v01_hdbscan_ms5,ransac_svd_sde,14,535,0.03779680297128679,0.00012906766525619124,0.4183815842993626,
axis_v01_hdbscan_ms5,ransac_svd_sde,26,569,0.031250781732393436,0.00028458412324047506,0.3343007258490227,
axis_v01_hdbscan_ms5,ransac_svd_sde,6,351,0.03335494894447673,0.0001102075302066696,0.37005137297847784,
axis_v01_hdbscan_ms5,svd,14,535,0.030301435247484902,0.00012906766525619124,0.4183815842993626,
axis_v01_hdbscan_ms5,svd,26,569,0.023779941439960612,0.0001770532903896107,0.33500101889300626,
axis_v01_hdbscan_ms5,svd,6,351,0.028513284366247074,0.0001102075302066696,0.37005137297847784,
axis_v01_hdbscan_ms5,svd_sde,14,535,0.030301435247484902,0.00012906766525619124,0.4183815842993626,
axis_v01_hdbscan_ms5,svd_sde,26,569,0.023779941439960612,0.0001770532903896107,0.33500101889300626,
axis_v01_hdbscan_ms5,svd_sde,6,351,0.028513284366247074,0.0001102075302066696,0.37005137297847784,
axis_v01_p3,ransac_svd,14,618,0.037095566524443555,6.495071978301454e-05,0.41424622231098124,
axis_v01_p3,ransac_svd,26,645,0.03251084040487181,7.393637043553377e-05,0.3525630690547628,
axis_v01_p3,ransac_svd,6,413,0.03281032329239554,8.774593844589355e-05,0.3823059139611005,
axis_v01_p3,ransac_svd_sde,14,618,0.037095566524443555,6.495071978301454e-05,0.41424622231098124,
axis_v01_p3,ransac_svd_sde,26,645,0.03251084040487181,7.393637043553377e-05,0.3525630690547628,
axis_v01_p3,ransac_svd_sde,6,413,0.03281032329239554,8.774593844589355e-05,0.3823059139611005,
axis_v01_p3,svd,14,618,0.028154457237763796,0.00014516905583303414,0.33349764743178684,
axis_v01_p3,svd,26,645,0.022666715406644198,8.301742519342763e-05,0.3525630690547628,
axis_v01_p3,svd,6,413,0.028333153289589585,8.774593844589355e-05,0.3823059139611005,
axis_v01_p3,svd_sde,14,618,0.028154457237763796,0.00014516905583303414,0.33349764743178684,
axis_v01_p3,svd_sde,26,645,0.022666715406644198,8.301742519342763e-05,0.3525630690547628,
axis_v01_p3,svd_sde,6,413,0.028333153289589585,8.774593844589355e-05,0.3823059139611005,
axis_v01_p5,ransac_svd,14,655,0.037041747137107645,0.00013701603893448487,0.4092707847888404,
axis_v01_p5,ransac_svd,26,687,0.03179117005062152,4.074839901454995e-05,0.4199615218540797,
axis_v01_p5,ransac_svd,6,465,0.03298418638394662,7.252199416136745e-05,0.39208109109914824,
axis_v01_p5,ransac_svd_sde,14,655,0.037041747137107645,0.00013701603893448487,0.4092707847888404,
axis_v01_p5,ransac_svd_sde,26,687,0.03179117005062152,4.074839901454995e-05,0.4199615218540797,
axis_v01_p5,ransac_svd_sde,6,465,0.03298418638394662,7.252199416136745e-05,0.39208109109914824,
axis_v01_p5,svd,14,655,0.026546583864508966,0.00015508395470405052,0.37131035915040594,
axis_v01_p5,svd,26,687,0.02121246466381608,3.3565087173744875e-05,0.42259498122754213,
axis_v01_p5,svd,6,465,0.028636386772322858,7.252199416136745e-05,0.39208109109914824,
axis_v01_p5,svd_sde,14,655,0.026546583864508966,0.00015508395470405052,0.37131035915040594,
axis_v01_p5,svd_sde,26,687,0.02121246466381608,3.3565087173744875e-05,0.42259498122754213,
axis_v01_p5,svd_sde,6,465,0.028636386772322858,7.252199416136745e-05,0.39208109109914824,
axis_v02,ransac_svd,14,230,0.03831895224188561,0.0001150475127731682,0.4109882897898611,
axis_v02,ransac_svd,26,301,0.03340618502860317,0.0004696282676887733,0.36176891042437376,
axis_v02,ransac_svd,6,119,0.0361607137492391,0.0005259797459452312,0.3789798002002792,
axis_v02,ransac_svd_sde,14,230,0.03831895224188561,0.0001150475127731682,0.4109882897898611,
axis_v02,ransac_svd_sde,26,301,0.03340618502860317,0.0004696282676887733,0.36176891042437376,
axis_v02,ransac_svd_sde,6,119,0.0361607137492391,0.0005259797459452312,0.3789798002002792,
axis_v02,svd,14,230,0.03173340279411097,0.0001150475127731682,0.4038622499806445,
axis_v02,svd,26,301,0.027685906256347745,0.00016714173917392047,0.36176891042437376,
axis_v02,svd,6,119,0.03423854373914959,0.0001828534313639067,0.38637495417665557,
axis_v02,svd_sde,14,230,0.03173340279411097,0.0001150475127731682,0.4038622499806445,
axis_v02,svd_sde,26,301,0.027685906256347745,0.00016714173917392047,0.36176891042437376,
axis_v02,svd_sde,6,119,0.03423854373914959,0.0001828534313639067,0.38637495417665557,
axis_v02_1,ransac_svd,1,339,0.05499183836600564,0.0002581197861381767,0.461381524451439,
axis_v02_1,ransac_svd,14,738,0.05329658383144837,2.9883214774499033e-05,0.4607109934221795,
axis_v02_1,ransac_svd,26,701,0.049948442869491676,1.9060606728512057e-05,0.4792799687700709,
axis_v02_1,ransac_svd,6,663,0.04682919815063292,8.905252384123805e-06,0.35588727322760305,
axis_v02_1,ransac_svd_sde,1,339,0.05499183836600564,0.0002581197861381767,0.461381524451439,
axis_v02_1,ransac_svd_sde,14,738,0.05329658383144837,2.9883214774499033e-05,0.4607109934221795,
axis_v02_1,ransac_svd_sde,26,701,0.049948442869491676,1.9060606728512057e-05,0.4792799687700709,
axis_v02_1,ransac_svd_sde,6,663,0.04682919815063292,8.905252384123805e-06,0.35588727322760305,
axis_v02_1,svd,1,339,0.05499183836600564,0.0002581197861381767,0.461381524451439,
axis_v02_1,svd,14,738,0.025233778301460227,2.860456625914039e-05,0.4607109934221795,
axis_v02_1,svd,26,701,0.022544486202134544,5.9880487763941185e-06,0.4792799687700709,
axis_v02_1,svd,6,663,0.027603679229859426,6.624534109914567e-05,0.3404596168388232,
axis_v02_1,svd_sde,1,339,0.05499183836600564,0.0002581197861381767,0.461381524451439,
axis_v02_1,svd_sde,14,738,0.025233778301460227,2.860456625914039e-05,0.4607109934221795,
axis_v02_1,svd_sde,26,701,0.022544486202134544,5.9880487763941185e-06,0.4792799687700709,
axis_v02_1,svd_sde,6,663,0.027603679229859426,6.624534109914567e-05,0.3404596168388232,
axis_v02_1_cluster,ransac_svd,1,335,0.05480077191812993,0.0002581197861381767,0.461381524451439,
axis_v02_1_cluster,ransac_svd,14,724,0.051653890776518115,5.408752159831834e-05,0.4607109934221795,
axis_v02_1_cluster,ransac_svd,26,690,0.04842430276412598,4.3004917824036076e-05,0.4792799687700709,
axis_v02_1_cluster,ransac_svd,6,650,0.04551184875777517,0.00020070025713772826,0.35588727322760305,
axis_v02_1_cluster,ransac_svd_sde,1,335,0.05480077191812993,0.0002581197861381767,0.461381524451439,
axis_v02_1_cluster,ransac_svd_sde,14,724,0.051653890776518115,5.408752159831834e-05,0.4607109934221795,
axis_v02_1_cluster,ransac_svd_sde,26,690,0.04842430276412598,4.3004917824036076e-05,0.4792799687700709,
axis_v02_1_cluster,ransac_svd_sde,6,650,0.04551184875777517,0.00020070025713772826,0.35588727322760305,
axis_v02_1_cluster,svd,1,335,0.05480077191812993,0.0002581197861381767,0.461381524451439,
axis_v02_1_cluster,svd,14,724,0.023646130644027433,2.860456625914039e-05,0.4607109934221795,
axis_v02_1_cluster,svd,26,690,0.019619920250703603,4.959050755546921e-06,0.4792799687700709,
axis_v02_1_cluster,svd,6,650,0.02642945369069717,6.624534109914567e-05,0.3404596168388232,
axis_v02_1_cluster,svd_sde,1,335,0.05480077191812993,0.0002581197861381767,0.461381524451439,
axis_v02_1_cluster,svd_sde,14,724,0.023646130644027433,2.860456625914039e-05,0.4607109934221795,
axis_v02_1_cluster,svd_sde,26,690,0.019619920250703603,4.959050755546921e-06,0.4792799687700709,
axis_v02_1_cluster,svd_sde,6,650,0.02642945369069717,6.624534109914567e-05,0.3404596168388232,
axis_v02_1_hdbscan_ms2,ransac_svd,1,339,0.05499183836600564,0.0002581197861381767,0.461381524451439,
axis_v02_1_hdbscan_ms2,ransac_svd,14,738,0.0429298061447323,6.159110920191232e-06,0.4607109934221795,
axis_v02_1_hdbscan_ms2,ransac_svd,26,701,0.043623915809654634,5.018386998181811e-06,0.4792799687700709,
axis_v02_1_hdbscan_ms2,ransac_svd,6,663,0.03697255475675905,2.5917894495638454e-05,0.3404596168388232,
axis_v02_1_hdbscan_ms2,ransac_svd_sde,1,339,0.05499183836600564,0.0002581197861381767,0.461381524451439,
axis_v02_1_hdbscan_ms2,ransac_svd_sde,14,738,0.0429298061447323,6.159110920191232e-06,0.4607109934221795,
axis_v02_1_hdbscan_ms2,ransac_svd_sde,26,701,0.043623915809654634,5.018386998181811e-06,0.4792799687700709,
axis_v02_1_hdbscan_ms2,ransac_svd_sde,6,663,0.03697255475675905,2.5917894495638454e-05,0.3404596168388232,
axis_v02_1_hdbscan_ms2,svd,1,339,0.05499183836600564,0.0002581197861381767,0.461381524451439,
axis_v02_1_hdbscan_ms2,svd,14,738,0.028183011009710778,6.159110920191232e-06,0.4607109934221795,
axis_v02_1_hdbscan_ms2,svd,26,701,0.02466098423965756,5.018386998181811e-06,0.4792799687700709,
axis_v02_1_hdbscan_ms2,svd,6,663,0.02959581885500334,2.5917894495638454e-05,0.3404596168388232,
axis_v02_1_hdbscan_ms2,svd_sde,1,339,0.05499183836600564,0.0002581197861381767,0.461381524451439,
axis_v02_1_hdbscan_ms2,svd_sde,14,738,0.028183011009710778,6.159110920191232e-06,0.4607109934221795,
axis_v02_1_hdbscan_ms2,svd_sde,26,701,0.02466098423965756,5.018386998181811e-06,0.4792799687700709,
axis_v02_1_hdbscan_ms2,svd_sde,6,663,0.02959581885500334,2.5917894495638454e-05,0.3404596168388232,
axis_v02_1_hdbscan_ms3,ransac_svd,1,339,0.05499183836600564,0.0002581197861381767,0.461381524451439,
axis_v02_1_hdbscan_ms3,ransac_svd,14,738,0.041939649910269786,2.9883214774499033e-05,0.4607109934221795,
axis_v02_1_hdbscan_ms3,ransac_svd,26,701,0.040360429338204815,3.162900026263531e-05,0.4792799687700709,
axis_v02_1_hdbscan_ms3,ransac_svd,6,663,0.04145583966222588,8.905252384123805e-06,0.3586624379748685,
axis_v02_1_hdbscan_ms3,ransac_svd_sde,1,339,0.05499183836600564,0.0002581197861381767,0.461381524451439,
axis_v02_1_hdbscan_ms3,ransac_svd_sde,14,738,0.041939649910269786,2.9883214774499033e-05,0.4607109934221795,
axis_v02_1_hdbscan_ms3,ransac_svd_sde,26,701,0.040360429338204815,3.162900026263531e-05,0.4792799687700709,
axis_v02_1_hdbscan_ms3,ransac_svd_sde,6,663,0.04145583966222588,8.905252384123805e-06,0.3586624379748685,
axis_v02_1_hdbscan_ms3,svd,1,339,0.05499183836600564,0.0002581197861381767,0.461381524451439,
axis_v02_1_hdbscan_ms3,svd,14,738,0.031620903024720017,2.9883214774499033e-05,0.4607109934221795,
axis_v02_1_hdbscan_ms3,svd,26,701,0.026765399336456247,5.9880487763941185e-06,0.4792799687700709,
axis_v02_1_hdbscan_ms3,svd,6,663,0.030379705827969984,6.624534109914567e-05,0.3404596168388232,
axis_v02_1_hdbscan_ms3,svd_sde,1,339,0.05499183836600564,0.0002581197861381767,0.461381524451439,
axis_v02_1_hdbscan_ms3,svd_sde,14,738,0.031620903024720017,2.9883214774499033e-05,0.4607109934221795,
axis_v02_1_hdbscan_ms3,svd_sde,26,701,0.026765399336456247,5.9880487763941185e-06,0.4792799687700709,
axis_v02_1_hdbscan_ms3,svd_sde,6,663,0.030379705827969984,6.624534109914567e-05,0.3404596168388232,
axis_v02_1_hdbscan_ms5,ransac_svd,1,339,0.05499183836600564,0.0002581197861381767,0.461381524451439,
axis_v02_1_hdbscan_ms5,ransac_svd,14,738,0.04322634038992982,2.9883214774499033e-05,0.4607109934221795,
axis_v02_1_hdbscan_ms5,ransac_svd,26,701,0.03830711730804687,1.9060606728512057e-05,0.4792799687700709,
axis_v02_1_hdbscan_ms5,ransac_svd,6,663,0.045289358576923136,8.905252384123805e-06,0.35588727322760305,
axis_v02_1_hdbscan_ms5,ransac_svd_sde,1,339,0.05499183836600564,0.0002581197861381767,0.461381524451439,
axis_v02_1_hdbscan_ms5,ransac_svd_sde,14,738,0.04322634038992982,2.9883214774499033e-05,0.4607109934221795,
axis_v02_1_hdbscan_ms5,ransac_svd_sde,26,701,0.03830711730804687,1.9060606728512057e-05,0.4792799687700709,
axis_v02_1_hdbscan_ms5,ransac_svd_sde,6,663,0.045289358576923136,8.905252384123805e-06,0.35588727322760305,
axis_v02_1_hdbscan_ms5,svd,1,339,0.05499183836600564,0.0002581197861381767,0.461381524451439,
axis_v02_1_hdbscan_ms5,svd,14,738,0.03144501057656765,2.860456625914039e-05,0.4607109934221795,
axis_v02_1_hdbscan_ms5,svd,26,701,0.0294115145640714,5.9880487763941185e-06,0.4792799687700709,
axis_v02_1_hdbscan_ms5,svd,6,663,0.029034315917076794,6.624534109914567e-05,0.3404596168388232,
axis_v02_1_hdbscan_ms5,svd_sde,1,339,0.05499183836600564,0.0002581197861381767,0.461381524451439,
axis_v02_1_hdbscan_ms5,svd_sde,14,738,0.03144501057656765,2.860456625914039e-05,0.4607109934221795,
axis_v02_1_hdbscan_ms5,svd_sde,26,701,0.0294115145640714,5.9880487763941185e-06,0.4792799687700709,
axis_v02_1_hdbscan_ms5,svd_sde,6,663,0.029034315917076794,6.624534109914567e-05,0.3404596168388232,
axis_v02_1_p3,ransac_svd,1,386,0.052292268349299245,0.0003711199289604374,0.46137897301074027,
axis_v02_1_p3,ransac_svd,14,770,0.05257771640822013,1.3182538821688068e-05,0.46071102833936334,
axis_v02_1_p3,ransac_svd,26,738,0.049362842707514905,2.105829164315546e-05,0.5062082059094299,
axis_v02_1_p3,ransac_svd,6,693,0.04740391417208841,9.805012899662405e-05,0.3603070009743834,
axis_v02_1_p3,ransac_svd_sde,1,386,0.052292268349299245,0.0003711199289604374,0.46137897301074027,
axis_v02_1_p3,ransac_svd_sde,14,770,0.05257771640822013,1.3182538821688068e-05,0.46071102833936334,
axis_v02_1_p3,ransac_svd_sde,26,738,0.049362842707514905,2.105829164315546e-05,0.5062082059094299,
axis_v02_1_p3,ransac_svd_sde,6,693,0.04740391417208841,9.805012899662405e-05,0.3603070009743834,
axis_v02_1_p3,svd,1,386,0.052292268349299245,0.0003711199289604374,0.46137897301074027,
axis_v02_1_p3,svd,14,770,0.022891605063946267,1.3182538821688068e-05,0.46071102833936334,
axis_v02_1_p3,svd,26,738,0.019690256991668223,8.424829436640448e-07,0.4406098813342418,
axis_v02_1_p3,svd,6,693,0.02659806137755042,4.508633375836763e-05,0.3404584785404168,
axis_v02_1_p3,svd_sde,1,386,0.052292268349299245,0.0003711199289604374,0.46137897301074027,
axis_v02_1_p3,svd_sde,14,770,0.022891605063946267,1.3182538821688068e-05,0.46071102833936334,
axis_v02_1_p3,svd_sde,26,738,0.019690256991668223,8.424829436640448e-07,0.4406098813342418,
axis_v02_1_p3,svd_sde,6,693,0.02659806137755042,4.508633375836763e-05,0.3404584785404168,
axis_v02_1_p5,ransac_svd,1,423,0.05127824584083296,2.1737895032095485e-05,0.4613785367018928,
axis_v02_1_p5,ransac_svd,14,782,0.05110987213568234,4.6243775485132724e-05,0.4607111620164629,
axis_v02_1_p5,ransac_svd,26,759,0.04951527975001398,4.5261991951788295e-06,0.5358611232769994,
axis_v02_1_p5,ransac_svd,6,714,0.046410434385099356,4.2779626816175365e-05,0.40049834060710565,
axis_v02_1_p5,ransac_svd_sde,1,423,0.05127824584083296,2.1737895032095485e-05,0.4613785367018928,
axis_v02_1_p5,ransac_svd_sde,14,782,0.05110987213568234,4.6243775485132724e-05,0.4607111620164629,
axis_v02_1_p5,ransac_svd_sde,26,759,0.04951527975001398,4.5261991951788295e-06,0.5358611232769994,
axis_v02_1_p5,ransac_svd_sde,6,714,0.046410434385099356,4.2779626816175365e-05,0.40049834060710565,
axis_v02_1_p5,svd,1,423,0.05127824584083296,2.1737895032095485e-05,0.4613785367018928,
axis_v02_1_p5,svd,14,782,0.021410508186049258,3.627665430673641e-05,0.4607111620164629,
axis_v02_1_p5,svd,26,759,0.017901990669505517,8.572811854682009e-07,0.44060860258784806,
axis_v02_1_p5,svd,6,714,0.02488483801415371,4.2779626816175365e-05,0.33312876872635605,
axis_v02_1_p5,svd_sde,1,423,0.05127824584083296,2.1737895032095485e-05,0.4613785367018928,
axis_v02_1_p5,svd_sde,14,782,0.021410508186049258,3.627665430673641e-05,0.4607111620164629,
axis_v02_1_p5,svd_sde,26,759,0.017901990669505517,8.572811854682009e-07,0.44060860258784806,
axis_v02_1_p5,svd_sde,6,714,0.02488483801415371,4.2779626816175365e-05,0.33312876872635605,
axis_v02_cluster,ransac_svd,14,231,0.03832557798129314,0.0001150475127731682,0.4109882897898611,
axis_v02_cluster,ransac_svd,26,301,0.033393884926796326,0.0004696282676887733,0.36176891042437376,
axis_v02_cluster,ransac_svd,6,119,0.03637007341662865,0.0005259797459452312,0.3789798002002792,
axis_v02_cluster,ransac_svd_sde,14,231,0.03832557798129314,0.0001150475127731682,0.4109882897898611,
axis_v02_cluster,ransac_svd_sde,26,301,0.033393884926796326,0.0004696282676887733,0.36176891042437376,
axis_v02_cluster,ransac_svd_sde,6,119,0.03637007341662865,0.0005259797459452312,0.3789798002002792,
axis_v02_cluster,svd,14,231,0.03213180821283553,0.0001150475127731682,0.4038622499806445,
axis_v02_cluster,svd,26,301,0.02773346718473362,0.00016714173917392047,0.36176891042437376,
axis_v02_cluster,svd,6,119,0.03423344260338783,0.0001828534313639067,0.38637495417665557,
axis_v02_cluster,svd_sde,14,231,0.03213180821283553,0.0001150475127731682,0.4038622499806445,
axis_v02_cluster,svd_sde,26,301,0.02773346718473362,0.00016714173917392047,0.36176891042437376,
axis_v02_cluster,svd_sde,6,119,0.03423344260338783,0.0001828534313639067,0.38637495417665557,
axis_v02_hdbscan_ms2,ransac_svd,14,230,0.03604779180571636,0.0001150475127731682,0.3879080233645044,
axis_v02_hdbscan_ms2,ransac_svd,26,301,0.031599525173347486,0.00016568518094661904,0.36176891042437376,
axis_v02_hdbscan_ms2,ransac_svd,6,119,0.03569521041892967,0.000183820009363764,0.3789798002002792,
axis_v02_hdbscan_ms2,ransac_svd_sde,14,230,0.03604779180571636,0.0001150475127731682,0.3879080233645044,
axis_v02_hdbscan_ms2,ransac_svd_sde,26,301,0.031599525173347486,0.00016568518094661904,0.36176891042437376,
axis_v02_hdbscan_ms2,ransac_svd_sde,6,119,0.03569521041892967,0.000183820009363764,0.3789798002002792,
axis_v02_hdbscan_ms2,svd,14,230,0.03175848178198153,0.0001150475127731682,0.3879080233645044,
axis_v02_hdbscan_ms2,svd,26,301,0.0280989313480939,0.00016568518094661904,0.36176891042437376,
axis_v02_hdbscan_ms2,svd,6,119,0.034262901399164054,0.0001828534313639067,0.38637495417665557,
axis_v02_hdbscan_ms2,svd_sde,14,230,0.03175848178198153,0.0001150475127731682,0.3879080233645044,
axis_v02_hdbscan_ms2,svd_sde,26,301,0.0280989313480939,0.00016568518094661904,0.36176891042437376,
axis_v02_hdbscan_ms2,svd_sde,6,119,0.034262901399164054,0.0001828534313639067,0.38637495417665557,
axis_v02_hdbscan_ms3,ransac_svd,14,230,0.03731047510927185,0.0001150475127731682,0.4109882897898611,
axis_v02_hdbscan_ms3,ransac_svd,26,301,0.03258471354802677,0.0004696282676887733,0.36176891042437376,
axis_v02_hdbscan_ms3,ransac_svd,6,119,0.0361607137492391,0.0005259797459452312,0.3789798002002792,
axis_v02_hdbscan_ms3,ransac_svd_sde,14,230,0.03731047510927185,0.0001150475127731682,0.4109882897898611,
axis_v02_hdbscan_ms3,ransac_svd_sde,26,301,0.03258471354802677,0.0004696282676887733,0.36176891042437376,
axis_v02_hdbscan_ms3,ransac_svd_sde,6,119,0.0361607137492391,0.0005259797459452312,0.3789798002002792,
axis_v02_hdbscan_ms3,svd,14,230,0.03272828867481857,0.0001150475127731682,0.4038622499806445,
axis_v02_hdbscan_ms3,svd,26,301,0.028328547640763594,0.00016714173917392047,0.36176891042437376,
axis_v02_hdbscan_ms3,svd,6,119,0.03423854373914959,0.0001828534313639067,0.38637495417665557,
axis_v02_hdbscan_ms3,svd_sde,14,230,0.03272828867481857,0.0001150475127731682,0.4038622499806445,
axis_v02_hdbscan_ms3,svd_sde,26,301,0.028328547640763594,0.00016714173917392047,0.36176891042437376,
axis_v02_hdbscan_ms3,svd_sde,6,119,0.03423854373914959,0.0001828534313639067,0.38637495417665557,
axis_v02_hdbscan_ms5,ransac_svd,14,230,0.03796990445926977,0.0001150475127731682,0.4109882897898611,
axis_v02_hdbscan_ms5,ransac_svd,26,301,0.03307894089566964,0.0004696282676887733,0.36176891042437376,
axis_v02_hdbscan_ms5,ransac_svd,6,119,0.0361607137492391,0.0005259797459452312,0.3789798002002792,
axis_v02_hdbscan_ms5,ransac_svd_sde,14,230,0.03796990445926977,0.0001150475127731682,0.4109882897898611,
axis_v02_hdbscan_ms5,ransac_svd_sde,26,301,0.03307894089566964,0.0004696282676887733,0.36176891042437376,
axis_v02_hdbscan_ms5,ransac_svd_sde,6,119,0.0361607137492391,0.0005259797459452312,0.3789798002002792,
axis_v02_hdbscan_ms5,svd,14,230,0.032222436509357015,0.0001150475127731682,0.4038622499806445,
axis_v02_hdbscan_ms5,svd,26,301,0.02765659356070147,0.00016714173917392047,0.36176891042437376,
axis_v02_hdbscan_ms5,svd,6,119,0.03423854373914959,0.0001828534313639067,0.38637495417665557,
axis_v02_hdbscan_ms5,svd_sde,14,230,0.032222436509357015,0.0001150475127731682,0.4038622499806445,
axis_v02_hdbscan_ms5,svd_sde,26,301,0.02765659356070147,0.00016714173917392047,0.36176891042437376,
axis_v02_hdbscan_ms5,svd_sde,6,119,0.03423854373914959,0.0001828534313639067,0.38637495417665557,
axis_v02_p3,ransac_svd,14,315,0.03836917204116849,0.00010595444819796372,0.4126403093698224,
axis_v02_p3,ransac_svd,26,375,0.03242467758429968,0.0003802115629221309,0.5082566807060929,
axis_v02_p3,ransac_svd,6,159,0.036505778436125395,0.0005286749793965697,0.37589552455773184,
axis_v02_p3,ransac_svd_sde,14,315,0.03836917204116849,0.00010595444819796372,0.4126403093698224,
axis_v02_p3,ransac_svd_sde,26,375,0.03242467758429968,0.0003802115629221309,0.5082566807060929,
axis_v02_p3,ransac_svd_sde,6,159,0.036505778436125395,0.0005286749793965697,0.37589552455773184,
axis_v02_p3,svd,14,315,0.032262454180447556,0.00010595444819796372,0.4121024114348595,
axis_v02_p3,svd,26,375,0.02737281702238143,5.2289920876478506e-05,0.5082566807060929,
axis_v02_p3,svd,6,159,0.03369504343334965,0.00016491148925385993,0.38142580662704434,
axis_v02_p3,svd_sde,14,315,0.032262454180447556,0.00010595444819796372,0.4121024114348595,
axis_v02_p3,svd_sde,26,375,0.02737281702238143,5.2289920876478506e-05,0.5082566807060929,
axis_v02_p3,svd_sde,6,159,0.03369504343334965,0.00016491148925385993,0.38142580662704434,
axis_v02_p5,ransac_svd,14,389,0.03712654643286632,4.373176538992994e-05,0.42260649042126053,
axis_v02_p5,ransac_svd,26,441,0.03349941328833203,3.006732534666546e-05,0.5077267283683901,
axis_v02_p5,ransac_svd,6,202,0.03485948079721624,0.0006112164593831523,0.37585773018491003,
axis_v02_p5,ransac_svd_sde,14,389,0.03712654643286632,4.373176538992994e-05,0.42260649042126053,
axis_v02_p5,ransac_svd_sde,26,441,0.03349941328833203,3.006732534666546e-05,0.5077267283683901,
axis_v02_p5,ransac_svd_sde,6,202,0.03485948079721624,0.0006112164593831523,0.37585773018491003,
axis_v02_p5,svd,14,389,0.031012287759879065,9.670793445062396e-05,0.4025778062545455,
axis_v02_p5,svd,26,441,0.026814166766947842,3.006732534666546e-05,0.5077267283683901,
axis_v02_p5,svd,6,202,0.03173547025133163,0.00014994449309026987,0.37776304749056305,
axis_v02_p5,svd_sde,14,389,0.031012287759879065,9.670793445062396e-05,0.4025778062545455,
axis_v02_p5,svd_sde,26,441,0.026814166766947842,3.006732534666546e-05,0.5077267283683901,
axis_v02_p5,svd_sde,6,202,0.03173547025133163,0.00014994449309026987,0.37776304749056305,
axis_v03,ransac_svd,14,575,0.042046081267085145,9.93796897293663e-05,0.46511174188894494,
axis_v03,ransac_svd,26,602,0.03908428421207003,0.000533190835108948,0.3269540986912128,
axis_v03,ransac_svd,6,391,0.03418431718872362,0.000281987560629264,0.35228239808260514,
axis_v03,ransac_svd_sde,14,575,0.042046081267085145,9.93796897293663e-05,0.46511174188894494,
axis_v03,ransac_svd_sde,26,602,0.03908428421207003,0.000533190835108948,0.3269540986912128,
axis_v03,ransac_svd_sde,6,391,0.03418431718872362,0.000281987560629264,0.35228239808260514,
axis_v03,svd,14,575,0.02697325815848126,9.93796897293663e-05,0.32325719350258103,
axis_v03,svd,26,602,0.02068199501037606,0.0001739002392044859,0.3269540986912128,
axis_v03,svd,6,391,0.027174701270949283,7.276859789487646e-05,0.35228239808260514,
axis_v03,svd_sde,14,575,0.02697325815848126,9.93796897293663e-05,0.32325719350258103,
axis_v03,svd_sde,26,602,0.02068199501037606,0.0001739002392044859,0.3269540986912128,
axis_v03,svd_sde,6,391,0.027174701270949283,7.276859789487646e-05,0.35228239808260514,
axis_v03_1,ransac_svd,14,606,0.040800382698545676,0.00012729759173763227,0.5957387828467349,
axis_v03_1,ransac_svd,26,625,0.03834644408330808,0.0002455239313651085,0.2904585009673499,
axis_v03_1,ransac_svd,6,397,0.033600280858073886,0.00024187437496209566,0.3745059550135613,
axis_v03_1,ransac_svd_sde,14,606,0.040800382698545676,0.00012729759173763227,0.5957387828467349,
axis_v03_1,ransac_svd_sde,26,625,0.03834644408330808,0.0002455239313651085,0.2904585009673499,
axis_v03_1,ransac_svd_sde,6,397,0.033600280858073886,0.00024187437496209566,0.3745059550135613,
axis_v03_1,svd,14,606,0.027430363577509408,0.00011654664896238916,0.5957387828467349,
axis_v03_1,svd,26,625,0.02005179228792403,4.7126328974553364e-05,0.2772619077265217,
axis_v03_1,svd,6,397,0.026921853768265943,0.00011664807572399268,0.3745059550135613,
axis_v03_1,svd_sde,14,606,0.027430363577509408,0.00011654664896238916,0.5957387828467349,
axis_v03_1,svd_sde,26,625,0.02005179228792403,4.7126328974553364e-05,0.2772619077265217,
axis_v03_1,svd_sde,6,397,0.026921853768265943,0.00011664807572399268,0.3745059550135613,
axis_v03_1_cluster,ransac_svd,14,606,0.041465917214851974,0.00012729759173763227,0.5957387828467349,
axis_v03_1_cluster,ransac_svd,26,625,0.038921727807770895,0.0002455239313651085,0.2904585009673499,
axis_v03_1_cluster,ransac_svd,6,397,0.03362619632640331,0.00024187437496209566,0.3745059550135613,
axis_v03_1_cluster,ransac_svd_sde,14,606,0.041465917214851974,0.00012729759173763227,0.5957387828467349,
axis_v03_1_cluster,ransac_svd_sde,26,625,0.038921727807770895,0.0002455239313651085,0.2904585009673499,
axis_v03_1_cluster,ransac_svd_sde,6,397,0.03362619632640331,0.00024187437496209566,0.3745059550135613,
axis_v03_1_cluster,svd,14,606,0.0274078377960337,0.00011654664896238916,0.5957387828467349,
axis_v03_1_cluster,svd,26,625,0.019996589968663245,2.7126354307243752e-05,0.2772619077265217,
axis_v03_1_cluster,svd,6,397,0.026920097180851102,0.00011664807572399268,0.3745059550135613,
axis_v03_1_cluster,svd_sde,14,606,0.0274078377960337,0.00011654664896238916,0.5957387828467349,
axis_v03_1_cluster,svd_sde,26,625,0.019996589968663245,2.7126354307243752e-05,0.2772619077265217,
axis_v03_1_cluster,svd_sde,6,397,0.026920097180851102,0.00011664807572399268,0.3745059550135613,
axis_v03_1_hdbscan_ms2,ransac_svd,14,606,0.036576068688267065,0.00012729759173763227,0.5957387828467349,
axis_v03_1_hdbscan_ms2,ransac_svd,26,625,0.032310946645052296,0.00023522836155806772,0.2904585009673499,
axis_v03_1_hdbscan_ms2,ransac_svd,6,397,0.03223746146022118,0.00024187437496209566,0.3745059550135613,
axis_v03_1_hdbscan_ms2,ransac_svd_sde,14,606,0.036576068688267065,0.00012729759173763227,0.5957387828467349,
axis_v03_1_hdbscan_ms2,ransac_svd_sde,26,625,0.032310946645052296,0.00023522836155806772,0.2904585009673499,
axis_v03_1_hdbscan_ms2,ransac_svd_sde,6,397,0.03223746146022118,0.00024187437496209566,0.3745059550135613,
axis_v03_1_hdbscan_ms2,svd,14,606,0.03303073885740813,0.00011654664896238916,0.5957387828467349,
axis_v03_1_hdbscan_ms2,svd,26,625,0.02462919786880685,0.0001699954234291267,0.2772619077265217,
axis_v03_1_hdbscan_ms2,svd,6,397,0.02821635122336331,0.00011664807572399268,0.3745059550135613,
axis_v03_1_hdbscan_ms2,svd_sde,14,606,0.03303073885740813,0.00011654664896238916,0.5957387828467349,
axis_v03_1_hdbscan_ms2,svd_sde,26,625,0.02462919786880685,0.0001699954234291267,0.2772619077265217,
axis_v03_1_hdbscan_ms2,svd_sde,6,397,0.02821635122336331,0.00011664807572399268,0.3745059550135613,
axis_v03_1_hdbscan_ms3,ransac_svd,14,606,0.03764247276934556,0.00012729759173763227,0.5957387828467349,
axis_v03_1_hdbscan_ms3,ransac_svd,26,625,0.03257981685471302,0.0002455239313651085,0.2904585009673499,
axis_v03_1_hdbscan_ms3,ransac_svd,6,397,0.033500185981379556,0.00024187437496209566,0.3745059550135613,
axis_v03_1_hdbscan_ms3,ransac_svd_sde,14,606,0.03764247276934556,0.00012729759173763227,0.5957387828467349,
axis_v03_1_hdbscan_ms3,ransac_svd_sde,26,625,0.03257981685471302,0.0002455239313651085,0.2904585009673499,
axis_v03_1_hdbscan_ms3,ransac_svd_sde,6,397,0.033500185981379556,0.00024187437496209566,0.3745059550135613,
axis_v03_1_hdbscan_ms3,svd,14,606,0.030040145876142066,0.00011654664896238916,0.5957387828467349,
axis_v03_1_hdbscan_ms3,svd,26,625,0.02536140509967443,0.00022620162322612553,0.2772619077265217,
axis_v03_1_hdbscan_ms3,svd,6,397,0.02712470450813986,0.00011664807572399268,0.3745059550135613,
axis_v03_1_hdbscan_ms3,svd_sde,14,606,0.030040145876142066,0.00011654664896238916,0.5957387828467349,
axis_v03_1_hdbscan_ms3,svd_sde,26,625,0.02536140509967443,0.00022620162322612553,0.2772619077265217,
axis_v03_1_hdbscan_ms3,svd_sde,6,397,0.02712470450813986,0.00011664807572399268,0.3745059550135613,
axis_v03_1_hdbscan_ms5,ransac_svd,14,606,0.039215582074054935,0.00012729759173763227,0.5957387828467349,
axis_v03_1_hdbscan_ms5,ransac_svd,26,625,0.035758135250840845,0.0002455239313651085,0.2904585009673499,
axis_v03_1_hdbscan_ms5,ransac_svd,6,397,0.03350274088766176,0.00024187437496209566,0.3745059550135613,
axis_v03_1_hdbscan_ms5,ransac_svd_sde,14,606,0.039215582074054935,0.00012729759173763227,0.5957387828467349,
axis_v03_1_hdbscan_ms5,ransac_svd_sde,26,625,0.035758135250840845,0.0002455239313651085,0.2904585009673499,
axis_v03_1_hdbscan_ms5,ransac_svd_sde,6,397,0.03350274088766176,0.00024187437496209566,0.3745059550135613,
axis_v03_1_hdbscan_ms5,svd,14,606,0.02913335730737219,0.00011654664896238916,0.5957387828467349,
axis_v03_1_hdbscan_ms5,svd,26,625,0.024036490275758274,4.7126328974553364e-05,0.2772619077265217,
axis_v03_1_hdbscan_ms5,svd,6,397,0.026911874104983538,0.00011664807572399268,0.3745059550135613,
axis_v03_1_hdbscan_ms5,svd_sde,14,606,0.02913335730737219,0.00011654664896238916,0.5957387828467349,
axis_v03_1_hdbscan_ms5,svd_sde,26,625,0.024036490275758274,4.7126328974553364e-05,0.2772619077265217,
axis_v03_1_hdbscan_ms5,svd_sde,6,397,0.026911874104983538,0.00011664807572399268,0.3745059550135613,
axis_v03_1_p3,ransac_svd,14,664,0.03995766767055961,0.0004043597375379143,0.5860036294895188,
axis_v03_1_p3,ransac_svd,26,686,0.03666457871119203,4.3940437009287355e-05,0.317182130553236,
axis_v03_1_p3,ransac_svd,6,454,0.03247310525896854,0.00031320563077082386,0.375108353264637,
axis_v03_1_p3,ransac_svd_sde,14,664,0.03995766767055961,0.0004043597375379143,0.5860036294895188,
axis_v03_1_p3,ransac_svd_sde,26,686,0.03666457871119203,4.3940437009287355e-05,0.317182130553236,
axis_v03_1_p3,ransac_svd_sde,6,454,0.03247310525896854,0.00031320563077082386,0.375108353264637,
axis_v03_1_p3,svd,14,664,0.026257457249146004,0.00014403632910727442,0.5860036294895188,
axis_v03_1_p3,svd,26,686,0.019747467343887975,0.00016404534454556057,0.317182130553236,
axis_v03_1_p3,svd,6,454,0.026590259610458588,0.00011362361271878507,0.375108353264637,
axis_v03_1_p3,svd_sde,14,664,0.026257457249146004,0.00014403632910727442,0.5860036294895188,
axis_v03_1_p3,svd_sde,26,686,0.019747467343887975,0.00016404534454556057,0.317182130553236,
axis_v03_1_p3,svd_sde,6,454,0.026590259610458588,0.00011362361271878507,0.375108353264637,
axis_v03_1_p5,ransac_svd,14,691,0.040023521905915516,4.082814331400872e-05,0.48031531771585684,
axis_v03_1_p5,ransac_svd,26,718,0.03943247888258555,5.447609423336372e-05,0.5630695951353086,
axis_v03_1_p5,ransac_svd,6,488,0.033889193420099537,0.0002870024325976952,0.3763190435438529,
axis_v03_1_p5,ransac_svd_sde,14,691,0.040023521905915516,4.082814331400872e-05,0.48031531771585684,
axis_v03_1_p5,ransac_svd_sde,26,718,0.03943247888258555,5.447609423336372e-05,0.5630695951353086,
axis_v03_1_p5,ransac_svd_sde,6,488,0.033889193420099537,0.0002870024325976952,0.3763190435438529,
axis_v03_1_p5,svd,14,691,0.024992403219356845,4.082814331400872e-05,0.4553014721340201,
axis_v03_1_p5,svd,26,718,0.02126565491939895,7.66475839699314e-05,0.5630695951353086,
axis_v03_1_p5,svd,6,488,0.02713075783112365,0.00010932338496369129,0.3904349029314753,
axis_v03_1_p5,svd_sde,14,691,0.024992403219356845,4.082814331400872e-05,0.4553014721340201,
axis_v03_1_p5,svd_sde,26,718,0.02126565491939895,7.66475839699314e-05,0.5630695951353086,
axis_v03_1_p5,svd_sde,6,488,0.02713075783112365,0.00010932338496369129,0.3904349029314753,
axis_v03_cluster,ransac_svd,14,575,0.042343868206221456,9.93796897293663e-05,0.46511174188894494,
axis_v03_cluster,ransac_svd,26,602,0.03834675661626172,0.000533190835108948,0.3269540986912128,
axis_v03_cluster,ransac_svd,6,391,0.03532532138814017,0.000281987560629264,0.39919178737804006,
axis_v03_cluster,ransac_svd_sde,14,575,0.042343868206221456,9.93796897293663e-05,0.46511174188894494,
axis_v03_cluster,ransac_svd_sde,26,602,0.03834675661626172,0.000533190835108948,0.3269540986912128,
axis_v03_cluster,ransac_svd_sde,6,391,0.03532532138814017,0.000281987560629264,0.39919178737804006,
axis_v03_cluster,svd,14,575,0.026972982648241876,9.93796897293663e-05,0.32325719350258103,
axis_v03_cluster,svd,26,602,0.020671499147730747,0.0001739002392044859,0.3269540986912128,
axis_v03_cluster,svd,6,391,0.027231979187166064,7.276859789487646e-05,0.35228239808260514,
axis_v03_cluster,svd_sde,14,575,0.026972982648241876,9.93796897293663e-05,0.32325719350258103,
axis_v03_cluster,svd_sde,26,602,0.020671499147730747,0.0001739002392044859,0.3269540986912128,
axis_v03_cluster,svd_sde,6,391,0.027231979187166064,7.276859789487646e-05,0.35228239808260514,
axis_v03_hdbscan_ms2,ransac_svd,14,575,0.03596546911007702,9.93796897293663e-05,0.4060286575751561,
axis_v03_hdbscan_ms2,ransac_svd,26,602,0.03263251792489334,0.00022852228708492893,0.3269540986912128,
axis_v03_hdbscan_ms2,ransac_svd,6,391,0.03278900723034871,0.00024783677535805107,0.35228239808260514,
axis_v03_hdbscan_ms2,ransac_svd_sde,14,575,0.03596546911007702,9.93796897293663e-05,0.4060286575751561,
axis_v03_hdbscan_ms2,ransac_svd_sde,26,602,0.03263251792489334,0.00022852228708492893,0.3269540986912128,
axis_v03_hdbscan_ms2,ransac_svd_sde,6,391,0.03278900723034871,0.00024783677535805107,0.35228239808260514,
axis_v03_hdbscan_ms2,svd,14,575,0.03234571379868617,9.93796897293663e-05,0.4060286575751561,
axis_v03_hdbscan_ms2,svd,26,602,0.024435870552755926,0.0001699954234291267,0.3269540986912128,
axis_v03_hdbscan_ms2,svd,6,391,0.028019786502308183,0.00024783677535805107,0.35228239808260514,
axis_v03_hdbscan_ms2,svd_sde,14,575,0.03234571379868617,9.93796897293663e-05,0.4060286575751561,
axis_v03_hdbscan_ms2,svd_sde,26,602,0.024435870552755926,0.0001699954234291267,0.3269540986912128,
axis_v03_hdbscan_ms2,svd_sde,6,391,0.028019786502308183,0.00024783677535805107,0.35228239808260514,
axis_v03_hdbscan_ms3,ransac_svd,14,575,0.038408121316611456,9.93796897293663e-05,0.46511174188894494,
axis_v03_hdbscan_ms3,ransac_svd,26,602,0.03258847984800554,0.0004033832876349759,0.3269540986912128,
axis_v03_hdbscan_ms3,ransac_svd,6,391,0.03408615037399202,0.000281987560629264,0.35228239808260514,
axis_v03_hdbscan_ms3,ransac_svd_sde,14,575,0.038408121316611456,9.93796897293663e-05,0.46511174188894494,
axis_v03_hdbscan_ms3,ransac_svd_sde,26,602,0.03258847984800554,0.0004033832876349759,0.3269540986912128,
axis_v03_hdbscan_ms3,ransac_svd_sde,6,391,0.03408615037399202,0.000281987560629264,0.35228239808260514,
axis_v03_hdbscan_ms3,svd,14,575,0.030714051153228655,9.93796897293663e-05,0.4057855639532897,
axis_v03_hdbscan_ms3,svd,26,602,0.025153634541681257,0.00023519829718187762,0.3269540986912128,
axis_v03_hdbscan_ms3,svd,6,391,0.027352378872371012,0.0002553868112159476,0.35228239808260514,
axis_v03_hdbscan_ms3,svd_sde,14,575,0.030714051153228655,9.93796897293663e-05,0.4057855639532897,
axis_v03_hdbscan_ms3,svd_sde,26,602,0.025153634541681257,0.00023519829718187762,0.3269540986912128,
axis_v03_hdbscan_ms3,svd_sde,6,391,0.027352378872371012,0.0002553868112159476,0.35228239808260514,
axis_v03_hdbscan_ms5,ransac_svd,14,575,0.04067834448539555,9.93796897293663e-05,0.46511174188894494,
axis_v03_hdbscan_ms5,ransac_svd,26,602,0.036508659206371065,0.0002026128896440003,0.3269540986912128,
axis_v03_hdbscan_ms5,ransac_svd,6,391,0.03408020909641614,0.000281987560629264,0.35228239808260514,
axis_v03_hdbscan_ms5,ransac_svd_sde,14,575,0.04067834448539555,9.93796897293663e-05,0.46511174188894494,
axis_v03_hdbscan_ms5,ransac_svd_sde,26,602,0.036508659206371065,0.0002026128896440003,0.3269540986912128,
axis_v03_hdbscan_ms5,ransac_svd_sde,6,391,0.03408020909641614,0.000281987560629264,0.35228239808260514,
axis_v03_hdbscan_ms5,svd,14,575,0.029148043892599968,9.93796897293663e-05,0.4007959473788617,
axis_v03_hdbscan_ms5,svd,26,602,0.02323669783971933,0.0002026128896440003,0.3269540986912128,
axis_v03_hdbscan_ms5,svd,6,391,0.027171924950706076,7.276859789487646e-05,0.35228239808260514,
axis_v03_hdbscan_ms5,svd_sde,14,575,0.029148043892599968,9.93796897293663e-05,0.4007959473788617,
axis_v03_hdbscan_ms5,svd_sde,26,602,0.02323669783971933,0.0002026128896440003,0.3269540986912128,
axis_v03_hdbscan_ms5,svd_sde,6,391,0.027171924950706076,7.276859789487646e-05,0.35228239808260514,
axis_v03_p3,ransac_svd,14,630,0.04268278376790812,9.27061692922051e-05,0.46514426352177446,
axis_v03_p3,ransac_svd,26,665,0.03837838523143336,0.00033788776986268433,0.5081725847508644,
axis_v03_p3,ransac_svd,6,448,0.03308715965103633,0.0003475847075337051,0.36222822861158294,
axis_v03_p3,ransac_svd_sde,14,630,0.04268278376790812,9.27061692922051e-05,0.46514426352177446,
axis_v03_p3,ransac_svd_sde,26,665,0.03837838523143336,0.00033788776986268433,0.5081725847508644,
axis_v03_p3,ransac_svd_sde,6,448,0.03308715965103633,0.0003475847075337051,0.36222822861158294,
axis_v03_p3,svd,14,630,0.027414356398343016,9.27061692922051e-05,0.3356524494372231,
axis_v03_p3,svd,26,665,0.02194760700363351,0.00017296888329955358,0.5081725847508644,
axis_v03_p3,svd,6,448,0.026771431612956125,6.952530022181443e-05,0.36222822861158294,
axis_v03_p3,svd_sde,14,630,0.027414356398343016,9.27061692922051e-05,0.3356524494372231,
axis_v03_p3,svd_sde,26,665,0.02194760700363351,0.00017296888329955358,0.5081725847508644,
axis_v03_p3,svd_sde,6,448,0.026771431612956125,6.952530022181443e-05,0.36222822861158294,
axis_v03_p5,ransac_svd,14,672,0.041204430686194685,0.00011557441852830586,0.402935594150293,
axis_v03_p5,ransac_svd,26,699,0.03810944984144376,0.00035335726409206993,0.5076137690028824,
axis_v03_p5,ransac_svd,6,478,0.035638440318119684,0.00033876338517613004,0.40264418283842296,
axis_v03_p5,ransac_svd_sde,14,672,0.041204430686194685,0.00011557441852830586,0.402935594150293,
axis_v03_p5,ransac_svd_sde,26,699,0.03810944984144376,0.00035335726409206993,0.5076137690028824,
axis_v03_p5,ransac_svd_sde,6,478,0.035638440318119684,0.00033876338517613004,0.40264418283842296,
axis_v03_p5,svd,14,672,0.024649354927421856,0.00011557441852830586,0.37739108338041816,
axis_v03_p5,svd,26,699,0.02035076039934147,0.0001686903405928276,0.5076137690028824,
axis_v03_p5,svd,6,478,0.026552166592903548,7.151679728904906e-05,0.37647238288601953,
axis_v03_p5,svd_sde,14,672,0.024649354927421856,0.00011557441852830586,0.37739108338041816,
axis_v03_p5,svd_sde,26,699,0.02035076039934147,0.0001686903405928276,0.5076137690028824,
axis_v03_p5,svd_sde,6,478,0.026552166592903548,7.151679728904906e-05,0.37647238288601953,
axis_v04,ransac_svd,1,221,0.03245440531716768,0.00022723598559770577,0.23976747329369585,
axis_v04,ransac_svd,14,511,0.05224630320776951,3.541871676894661e-05,0.48337034703968934,
axis_v04,ransac_svd,26,404,0.054765274129719696,4.92006883145137e-05,0.48158315798056534,
axis_v04,ransac_svd,6,409,0.04361236350750658,6.033507786320256e-06,0.4538641983990191,
axis_v04,ransac_svd_sde,1,221,0.03245440531716768,0.00022723598559770577,0.23976747329369585,
axis_v04,ransac_svd_sde,14,511,0.05224630320776951,3.541871676894661e-05,0.48337034703968934,
axis_v04,ransac_svd_sde,26,404,0.054765274129719696,4.92006883145137e-05,0.48158315798056534,
axis_v04,ransac_svd_sde,6,409,0.04361236350750658,6.033507786320256e-06,0.4538641983990191,
axis_v04,svd,1,221,0.03245440531716768,0.00022723598559770577,0.23976747329369585,
axis_v04,svd,14,511,0.02162030516357501,4.3607536055091874e-05,0.48337034703968934,
axis_v04,svd,26,404,0.03173721646863418,5.718580175444534e-05,0.45075468857490214,
axis_v04,svd,6,409,0.02150972445033361,6.033507786320256e-06,0.36430688034688613,
axis_v04,svd_sde,1,221,0.03245440531716768,0.00022723598559770577,0.23976747329369585,
axis_v04,svd_sde,14,511,0.02162030516357501,4.3607536055091874e-05,0.48337034703968934,
axis_v04,svd_sde,26,404,0.03173721646863418,5.718580175444534e-05,0.45075468857490214,
axis_v04,svd_sde,6,409,0.02150972445033361,6.033507786320256e-06,0.36430688034688613,
axis_v04_1,ransac_svd,1,263,0.03750925936696625,9.041595898072744e-05,0.2624210817110603,
axis_v04_1,ransac_svd,14,608,0.04832824917201634,2.90330979134396e-05,0.49615734261316813,
axis_v04_1,ransac_svd,26,522,0.05768203274283211,9.846259931404207e-05,0.46324211528090653,
axis_v04_1,ransac_svd,6,501,0.04384725939877702,1.6186822728397478e-05,0.5645400744674134,
axis_v04_1,ransac_svd_sde,1,263,0.03750925936696625,9.041595898072744e-05,0.2624210817110603,
axis_v04_1,ransac_svd_sde,14,608,0.04832824917201634,2.90330979134396e-05,0.49615734261316813,
axis_v04_1,ransac_svd_sde,26,522,0.05768203274283211,9.846259931404207e-05,0.46324211528090653,
axis_v04_1,ransac_svd_sde,6,501,0.04384725939877702,1.6186822728397478e-05,0.5645400744674134,
axis_v04_1,svd,1,263,0.03750925936696625,9.041595898072744e-05,0.2624210817110603,
axis_v04_1,svd,14,608,0.020034553105904896,0.00010810163296891849,0.293295182819753,
axis_v04_1,svd,26,522,0.02696425380699151,4.1265610705964917e-05,0.3846593825653273,
axis_v04_1,svd,6,501,0.022879128273101443,1.6186822728397478e-05,0.29780252982925076,
axis_v04_1,svd_sde,1,263,0.03750925936696625,9.041595898072744e-05,0.2624210817110603,
axis_v04_1,svd_sde,14,608,0.020034553105904896,0.00010810163296891849,0.293295182819753,
axis_v04_1,svd_sde,26,522,0.02696425380699151,4.1265610705964917e-05,0.3846593825653273,
axis_v04_1,svd_sde,6,501,0.022879128273101443,1.6186822728397478e-05,0.29780252982925076,
axis_v04_1_cluster,ransac_svd,1,261,0.037263782565924226,9.041595898072744e-05,0.2624210817110603,
axis_v04_1_cluster,ransac_svd,14,601,0.051854196737783485,2.6468800632932325e-05,0.49615734261316813,
axis_v04_1_cluster,ransac_svd,26,504,0.05690737402202284,0.00010324421459324484,0.46324211528090653,
axis_v04_1_cluster,ransac_svd,6,491,0.04450352789295473,1.6186822728397478e-05,0.5645400744674134,
axis_v04_1_cluster,ransac_svd_sde,1,261,0.037263782565924226,9.041595898072744e-05,0.2624210817110603,
axis_v04_1_cluster,ransac_svd_sde,14,601,0.051854196737783485,2.6468800632932325e-05,0.49615734261316813,
axis_v04_1_cluster,ransac_svd_sde,26,504,0.05690737402202284,0.00010324421459324484,0.46324211528090653,
axis_v04_1_cluster,ransac_svd_sde,6,491,0.04450352789295473,1.6186822728397478e-05,0.5645400744674134,
axis_v04_1_cluster,svd,1,261,0.037263782565924226,9.041595898072744e-05,0.2624210817110603,
axis_v04_1_cluster,svd,14,601,0.019317010330034384,5.980516253598471e-05,0.293295182819753,
axis_v04_1_cluster,svd,26,504,0.022785577164059108,0.00010324421459324484,0.3319753754733405,
axis_v04_1_cluster,svd,6,491,0.021263320450237967,1.6186822728397478e-05,0.26210671202953134,
axis_v04_1_cluster,svd_sde,1,261,0.037263782565924226,9.041595898072744e-05,0.2624210817110603,
axis_v04_1_cluster,svd_sde,14,601,0.019317010330034384,5.980516253598471e-05,0.293295182819753,
axis_v04_1_cluster,svd_sde,26,504,0.022785577164059108,0.00010324421459324484,0.3319753754733405,
axis_v04_1_cluster,svd_sde,6,491,0.021263320450237967,1.6186822728397478e-05,0.26210671202953134,
axis_v04_1_hdbscan_ms2,ransac_svd,1,263,0.03750925936696625,9.041595898072744e-05,0.2624210817110603,
axis_v04_1_hdbscan_ms2,ransac_svd,14,608,0.0313813345657795,0.00010810163296891849,0.342246658877107,
axis_v04_1_hdbscan_ms2,ransac_svd,26,522,0.038615220742378484,0.00010288629466544718,0.4251689928400686,
axis_v04_1_hdbscan_ms2,ransac_svd,6,501,0.02947752625519678,1.6186822728397478e-05,0.3605735090561358,
axis_v04_1_hdbscan_ms2,ransac_svd_sde,1,263,0.03750925936696625,9.041595898072744e-05,0.2624210817110603,
axis_v04_1_hdbscan_ms2,ransac_svd_sde,14,608,0.0313813345657795,0.00010810163296891849,0.342246658877107,
axis_v04_1_hdbscan_ms2,ransac_svd_sde,26,522,0.038615220742378484,0.00010288629466544718,0.4251689928400686,
axis_v04_1_hdbscan_ms2,ransac_svd_sde,6,501,0.02947752625519678,1.6186822728397478e-05,0.3605735090561358,
axis_v04_1_hdbscan_ms2,svd,1,263,0.03750925936696625,9.041595898072744e-05,0.2624210817110603,
axis_v04_1_hdbscan_ms2,svd,14,608,0.02071140061370571,0.00010810163296891849,0.293295182819753,
axis_v04_1_hdbscan_ms2,svd,26,522,0.027942242425135044,8.491353514501831e-05,0.3846593825653273,
axis_v04_1_hdbscan_ms2,svd,6,501,0.024503697208094363,1.6186822728397478e-05,0.29780252982925076,
axis_v04_1_hdbscan_ms2,svd_sde,1,263,0.03750925936696625,9.041595898072744e-05,0.2624210817110603,
axis_v04_1_hdbscan_ms2,svd_sde,14,608,0.02071140061370571,0.00010810163296891849,0.293295182819753,
axis_v04_1_hdbscan_ms2,svd_sde,26,522,0.027942242425135044,8.491353514501831e-05,0.3846593825653273,
axis_v04_1_hdbscan_ms2,svd_sde,6,501,0.024503697208094363,1.6186822728397478e-05,0.29780252982925076,
axis_v04_1_hdbscan_ms3,ransac_svd,1,263,0.03750925936696625,9.041595898072744e-05,0.2624210817110603,
axis_v04_1_hdbscan_ms3,ransac_svd,14,608,0.03255741155001455,0.00010810163296891849,0.4521729226253736,
axis_v04_1_hdbscan_ms3,ransac_svd,26,522,0.040526704105040785,4.5481357931540554e-05,0.46324211528090653,
axis_v04_1_hdbscan_ms3,ransac_svd,6,501,0.034081623222697435,1.6186822728397478e-05,0.5645400744674134,
axis_v04_1_hdbscan_ms3,ransac_svd_sde,1,263,0.03750925936696625,9.041595898072744e-05,0.2624210817110603,
axis_v04_1_hdbscan_ms3,ransac_svd_sde,14,608,0.03255741155001455,0.00010810163296891849,0.4521729226253736,
axis_v04_1_hdbscan_ms3,ransac_svd_sde,26,522,0.040526704105040785,4.5481357931540554e-05,0.46324211528090653,
axis_v04_1_hdbscan_ms3,ransac_svd_sde,6,501,0.034081623222697435,1.6186822728397478e-05,0.5645400744674134,
axis_v04_1_hdbscan_ms3,svd,1,263,0.03750925936696625,9.041595898072744e-05,0.2624210817110603,
axis_v04_1_hdbscan_ms3,svd,14,608,0.021734456100251234,0.00010810163296891849,0.293295182819753,
axis_v04_1_hdbscan_ms3,svd,26,522,0.027956507562491184,4.5481357931540554e-05,0.3846593825653273,
axis_v04_1_hdbscan_ms3,svd,6,501,0.023350744407837607,1.6186822728397478e-05,0.29780252982925076,
axis_v04_1_hdbscan_ms3,svd_sde,1,263,0.03750925936696625,9.041595898072744e-05,0.2624210817110603,
axis_v04_1_hdbscan_ms3,svd_sde,14,608,0.021734456100251234,0.00010810163296891849,0.293295182819753,
axis_v04_1_hdbscan_ms3,svd_sde,26,522,0.027956507562491184,4.5481357931540554e-05,0.3846593825653273,
axis_v04_1_hdbscan_ms3,svd_sde,6,501,0.023350744407837607,1.6186822728397478e-05,0.29780252982925076,
axis_v04_1_hdbscan_ms5,ransac_svd,1,263,0.03750925936696625,9.041595898072744e-05,0.2624210817110603,
axis_v04_1_hdbscan_ms5,ransac_svd,14,608,0.038625507383588,2.90330979134396e-05,0.49615734261316813,
axis_v04_1_hdbscan_ms5,ransac_svd,26,522,0.04573367582400225,4.5481357931540554e-05,0.46324211528090653,
axis_v04_1_hdbscan_ms5,ransac_svd,6,501,0.04152668600249011,1.6186822728397478e-05,0.5645400744674134,
axis_v04_1_hdbscan_ms5,ransac_svd_sde,1,263,0.03750925936696625,9.041595898072744e-05,0.2624210817110603,
axis_v04_1_hdbscan_ms5,ransac_svd_sde,14,608,0.038625507383588,2.90330979134396e-05,0.49615734261316813,
axis_v04_1_hdbscan_ms5,ransac_svd_sde,26,522,0.04573367582400225,4.5481357931540554e-05,0.46324211528090653,
axis_v04_1_hdbscan_ms5,ransac_svd_sde,6,501,0.04152668600249011,1.6186822728397478e-05,0.5645400744674134,
axis_v04_1_hdbscan_ms5,svd,1,263,0.03750925936696625,9.041595898072744e-05,0.2624210817110603,
axis_v04_1_hdbscan_ms5,svd,14,608,0.022146242754333106,0.00010810163296891849,0.293295182819753,
axis_v04_1_hdbscan_ms5,svd,26,522,0.028547755132747734,4.5481357931540554e-05,0.3846593825653273,
axis_v04_1_hdbscan_ms5,svd,6,501,0.02284365216239631,1.6186822728397478e-05,0.29780252982925076,
axis_v04_1_hdbscan_ms5,svd_sde,1,263,0.03750925936696625,9.041595898072744e-05,0.2624210817110603,
axis_v04_1_hdbscan_ms5,svd_sde,14,608,0.022146242754333106,0.00010810163296891849,0.293295182819753,
axis_v04_1_hdbscan_ms5,svd_sde,26,522,0.028547755132747734,4.5481357931540554e-05,0.3846593825653273,
axis_v04_1_hdbscan_ms5,svd_sde,6,501,0.02284365216239631,1.6186822728397478e-05,0.29780252982925076,
axis_v04_1_p3,ransac_svd,1,305,0.03538920747213809,0.00011048749993283421,0.3002052183076519,
axis_v04_1_p3,ransac_svd,14,672,0.04819588545336506,6.79993332511569e-06,0.49845954251960223,
axis_v04_1_p3,ransac_svd,26,587,0.05856553616948691,3.412773341137203e-05,0.5155998122415176,
axis_v04_1_p3,ransac_svd,6,566,0.042763565537266686,6.444019389115117e-05,0.38738504000853596,
axis_v04_1_p3,ransac_svd_sde,1,305,0.03538920747213809,0.00011048749993283421,0.3002052183076519,
axis_v04_1_p3,ransac_svd_sde,14,672,0.04819588545336506,6.79993332511569e-06,0.49845954251960223,
axis_v04_1_p3,ransac_svd_sde,26,587,0.05856553616948691,3.412773341137203e-05,0.5155998122415176,
axis_v04_1_p3,ransac_svd_sde,6,566,0.042763565537266686,6.444019389115117e-05,0.38738504000853596,
axis_v04_1_p3,svd,1,305,0.03538920747213809,0.00011048749993283421,0.3002052183076519,
axis_v04_1_p3,svd,14,672,0.01813164018259164,6.79993332511569e-06,0.29329482335985996,
axis_v04_1_p3,svd,26,587,0.023186695801164642,3.412773341137203e-05,0.3842314995242526,
axis_v04_1_p3,svd,6,566,0.020325053766557622,3.306375835968688e-05,0.2969054790562351,
axis_v04_1_p3,svd_sde,1,305,0.03538920747213809,0.00011048749993283421,0.3002052183076519,
axis_v04_1_p3,svd_sde,14,672,0.01813164018259164,6.79993332511569e-06,0.29329482335985996,
axis_v04_1_p3,svd_sde,26,587,0.023186695801164642,3.412773341137203e-05,0.3842314995242526,
axis_v04_1_p3,svd_sde,6,566,0.020325053766557622,3.306375835968688e-05,0.2969054790562351,
axis_v04_1_p5,ransac_svd,1,347,0.035321873139373516,4.990261496835435e-05,0.4201126189317846,
axis_v04_1_p5,ransac_svd,14,711,0.050484329140150955,3.799657021751798e-06,0.49802428828594303,
axis_v04_1_p5,ransac_svd,26,644,0.05561176898328147,2.7156357607106642e-05,0.5107810918751385,
axis_v04_1_p5,ransac_svd,6,615,0.044799792731370594,1.5801392404259382e-05,0.4430811166345835,
axis_v04_1_p5,ransac_svd_sde,1,347,0.035321873139373516,4.990261496835435e-05,0.4201126189317846,
axis_v04_1_p5,ransac_svd_sde,14,711,0.050484329140150955,3.799657021751798e-06,0.49802428828594303,
axis_v04_1_p5,ransac_svd_sde,26,644,0.05561176898328147,2.7156357607106642e-05,0.5107810918751385,
axis_v04_1_p5,ransac_svd_sde,6,615,0.044799792731370594,1.5801392404259382e-05,0.4430811166345835,
axis_v04_1_p5,svd,1,347,0.035321873139373516,4.990261496835435e-05,0.4201126189317846,
axis_v04_1_p5,svd,14,711,0.016806158251036978,1.079413076695214e-06,0.29316992003014913,
axis_v04_1_p5,svd,26,644,0.018627616229770005,2.3116981446651153e-05,0.3339431712991167,
axis_v04_1_p5,svd,6,615,0.021682227826134194,3.877251742780015e-05,0.4430811166345835,
axis_v04_1_p5,svd_sde,1,347,0.035321873139373516,4.990261496835435e-05,0.4201126189317846,
axis_v04_1_p5,svd_sde,14,711,0.016806158251036978,1.079413076695214e-06,0.29316992003014913,
axis_v04_1_p5,svd_sde,26,644,0.018627616229770005,2.3116981446651153e-05,0.3339431712991167,
axis_v04_1_p5,svd_sde,6,615,0.021682227826134194,3.877251742780015e-05,0.4430811166345835,
axis_v04_cluster,ransac_svd,1,221,0.03245440531716768,0.00022723598559770577,0.23976747329369585,
axis_v04_cluster,ransac_svd,14,501,0.05201576306752587,2.0823102080982604e-05,0.4656635900947947,
axis_v04_cluster,ransac_svd,26,392,0.05415427220106712,0.0004284354069636791,0.48158315798056534,
axis_v04_cluster,ransac_svd,6,400,0.04287899102543671,6.781752136771578e-06,0.44030229256716086,
axis_v04_cluster,ransac_svd_sde,1,221,0.03245440531716768,0.00022723598559770577,0.23976747329369585,
axis_v04_cluster,ransac_svd_sde,14,501,0.05201576306752587,2.0823102080982604e-05,0.4656635900947947,
axis_v04_cluster,ransac_svd_sde,26,392,0.05415427220106712,0.0004284354069636791,0.48158315798056534,
axis_v04_cluster,ransac_svd_sde,6,400,0.04287899102543671,6.781752136771578e-06,0.44030229256716086,
axis_v04_cluster,svd,1,221,0.03245440531716768,0.00022723598559770577,0.23976747329369585,
axis_v04_cluster,svd,14,501,0.01911353694156697,4.604764169688738e-05,0.2975442449242282,
axis_v04_cluster,svd,26,392,0.029666047219452235,0.00014044598566293178,0.45075468857490214,
axis_v04_cluster,svd,6,400,0.01967600896235452,6.781752136771578e-06,0.26210671202953134,
axis_v04_cluster,svd_sde,1,221,0.03245440531716768,0.00022723598559770577,0.23976747329369585,
axis_v04_cluster,svd_sde,14,501,0.01911353694156697,4.604764169688738e-05,0.2975442449242282,
axis_v04_cluster,svd_sde,26,392,0.029666047219452235,0.00014044598566293178,0.45075468857490214,
axis_v04_cluster,svd_sde,6,400,0.01967600896235452,6.781752136771578e-06,0.26210671202953134,
axis_v04_hdbscan_ms2,ransac_svd,1,221,0.03245440531716768,0.00022723598559770577,0.23976747329369585,
axis_v04_hdbscan_ms2,ransac_svd,14,511,0.030045936519773234,1.531531058362804e-05,0.48337034703968934,
axis_v04_hdbscan_ms2,ransac_svd,26,404,0.04020495095542505,9.114403619343187e-05,0.45075468857490214,
axis_v04_hdbscan_ms2,ransac_svd,6,409,0.02744640526743939,6.845749940638745e-05,0.36430688034688613,
axis_v04_hdbscan_ms2,ransac_svd_sde,1,221,0.03245440531716768,0.00022723598559770577,0.23976747329369585,
axis_v04_hdbscan_ms2,ransac_svd_sde,14,511,0.030045936519773234,1.531531058362804e-05,0.48337034703968934,
axis_v04_hdbscan_ms2,ransac_svd_sde,26,404,0.04020495095542505,9.114403619343187e-05,0.45075468857490214,
axis_v04_hdbscan_ms2,ransac_svd_sde,6,409,0.02744640526743939,6.845749940638745e-05,0.36430688034688613,
axis_v04_hdbscan_ms2,svd,1,221,0.03245440531716768,0.00022723598559770577,0.23976747329369585,
axis_v04_hdbscan_ms2,svd,14,511,0.02329769374783273,1.531531058362804e-05,0.48337034703968934,
axis_v04_hdbscan_ms2,svd,26,404,0.03242140572162133,9.114403619343187e-05,0.45075468857490214,
axis_v04_hdbscan_ms2,svd,6,409,0.023251021259373894,6.63575032851164e-05,0.36430688034688613,
axis_v04_hdbscan_ms2,svd_sde,1,221,0.03245440531716768,0.00022723598559770577,0.23976747329369585,
axis_v04_hdbscan_ms2,svd_sde,14,511,0.02329769374783273,1.531531058362804e-05,0.48337034703968934,
axis_v04_hdbscan_ms2,svd_sde,26,404,0.03242140572162133,9.114403619343187e-05,0.45075468857490214,
axis_v04_hdbscan_ms2,svd_sde,6,409,0.023251021259373894,6.63575032851164e-05,0.36430688034688613,
axis_v04_hdbscan_ms3,ransac_svd,1,221,0.03245440531716768,0.00022723598559770577,0.23976747329369585,
axis_v04_hdbscan_ms3,ransac_svd,14,511,0.03346800484610734,1.531531058362804e-05,0.48337034703968934,
axis_v04_hdbscan_ms3,ransac_svd,26,404,0.044493926686409724,6.564439072772535e-05,0.48158315798056534,
axis_v04_hdbscan_ms3,ransac_svd,6,409,0.034258172534200514,6.033507786320256e-06,0.36430688034688613,
axis_v04_hdbscan_ms3,ransac_svd_sde,1,221,0.03245440531716768,0.00022723598559770577,0.23976747329369585,
axis_v04_hdbscan_ms3,ransac_svd_sde,14,511,0.03346800484610734,1.531531058362804e-05,0.48337034703968934,
axis_v04_hdbscan_ms3,ransac_svd_sde,26,404,0.044493926686409724,6.564439072772535e-05,0.48158315798056534,
axis_v04_hdbscan_ms3,ransac_svd_sde,6,409,0.034258172534200514,6.033507786320256e-06,0.36430688034688613,
axis_v04_hdbscan_ms3,svd,1,221,0.03245440531716768,0.00022723598559770577,0.23976747329369585,
axis_v04_hdbscan_ms3,svd,14,511,0.023141624854150746,1.531531058362804e-05,0.48337034703968934,
axis_v04_hdbscan_ms3,svd,26,404,0.03279328547227807,6.564439072772535e-05,0.45075468857490214,
axis_v04_hdbscan_ms3,svd,6,409,0.022184677529372837,6.033507786320256e-06,0.36430688034688613,
axis_v04_hdbscan_ms3,svd_sde,1,221,0.03245440531716768,0.00022723598559770577,0.23976747329369585,
axis_v04_hdbscan_ms3,svd_sde,14,511,0.023141624854150746,1.531531058362804e-05,0.48337034703968934,
axis_v04_hdbscan_ms3,svd_sde,26,404,0.03279328547227807,6.564439072772535e-05,0.45075468857490214,
axis_v04_hdbscan_ms3,svd_sde,6,409,0.022184677529372837,6.033507786320256e-06,0.36430688034688613,
axis_v04_hdbscan_ms5,ransac_svd,1,221,0.03245440531716768,0.00022723598559770577,0.23976747329369585,
axis_v04_hdbscan_ms5,ransac_svd,14,511,0.04440534984300212,3.541871676894661e-05,0.48337034703968934,
axis_v04_hdbscan_ms5,ransac_svd,26,404,0.04849973403540704,4.5160366287014074e-05,0.48158315798056534,
axis_v04_hdbscan_ms5,ransac_svd,6,409,0.04164176118047448,6.033507786320256e-06,0.4538641983990191,
axis_v04_hdbscan_ms5,ransac_svd_sde,1,221,0.03245440531716768,0.00022723598559770577,0.23976747329369585,
axis_v04_hdbscan_ms5,ransac_svd_sde,14,511,0.04440534984300212,3.541871676894661e-05,0.48337034703968934,
axis_v04_hdbscan_ms5,ransac_svd_sde,26,404,0.04849973403540704,4.5160366287014074e-05,0.48158315798056534,
axis_v04_hdbscan_ms5,ransac_svd_sde,6,409,0.04164176118047448,6.033507786320256e-06,0.4538641983990191,
axis_v04_hdbscan_ms5,svd,1,221,0.03245440531716768,0.00022723598559770577,0.23976747329369585,
axis_v04_hdbscan_ms5,svd,14,511,0.022984082048309203,4.3607536055091874e-05,0.48337034703968934,
axis_v04_hdbscan_ms5,svd,26,404,0.035261285263543746,4.5160366287014074e-05,0.45075468857490214,
axis_v04_hdbscan_ms5,svd,6,409,0.021201245474804477,6.033507786320256e-06,0.36430688034688613,
axis_v04_hdbscan_ms5,svd_sde,1,221,0.03245440531716768,0.00022723598559770577,0.23976747329369585,
axis_v04_hdbscan_ms5,svd_sde,14,511,0.022984082048309203,4.3607536055091874e-05,0.48337034703968934,
axis_v04_hdbscan_ms5,svd_sde,26,404,0.035261285263543746,4.5160366287014074e-05,0.45075468857490214,
axis_v04_hdbscan_ms5,svd_sde,6,409,0.021201245474804477,6.033507786320256e-06,0.36430688034688613,
axis_v04_p3,ransac_svd,1,262,0.030844556181082238,0.0002722537801577993,0.2395165494084675,
axis_v04_p3,ransac_svd,14,609,0.05237531908600625,5.093756669587836e-06,0.48336884411005565,
axis_v04_p3,ransac_svd,26,495,0.05003761675048221,2.996736725966287e-05,0.3940976668153588,
axis_v04_p3,ransac_svd,6,487,0.04359603851882585,5.5131880972455975e-06,0.43392306199431707,
axis_v04_p3,ransac_svd_sde,1,262,0.030844556181082238,0.0002722537801577993,0.2395165494084675,
axis_v04_p3,ransac_svd_sde,14,609,0.05237531908600625,5.093756669587836e-06,0.48336884411005565,
axis_v04_p3,ransac_svd_sde,26,495,0.05003761675048221,2.996736725966287e-05,0.3940976668153588,
axis_v04_p3,ransac_svd_sde,6,487,0.04359603851882585,5.5131880972455975e-06,0.43392306199431707,
axis_v04_p3,svd,1,262,0.030844556181082238,0.0002722537801577993,0.2395165494084675,
axis_v04_p3,svd,14,609,0.02006007671603048,5.093756669587836e-06,0.48336884411005565,
axis_v04_p3,svd,26,495,0.025520627903427056,8.683320248605617e-05,0.3940976668153588,
axis_v04_p3,svd,6,487,0.01992939560363859,5.5131880972455975e-06,0.36477310570901045,
axis_v04_p3,svd_sde,1,262,0.030844556181082238,0.0002722537801577993,0.2395165494084675,
axis_v04_p3,svd_sde,14,609,0.02006007671603048,5.093756669587836e-06,0.48336884411005565,
axis_v04_p3,svd_sde,26,495,0.025520627903427056,8.683320248605617e-05,0.3940976668153588,
axis_v04_p3,svd_sde,6,487,0.01992939560363859,5.5131880972455975e-06,0.36477310570901045,
axis_v04_p5,ransac_svd,1,303,0.034114815944541965,0.0002463724422927856,0.4201126189317846,
axis_v04_p5,ransac_svd,14,664,0.05409269443363124,3.3305321817414243e-06,0.48392915001973047,
axis_v04_p5,ransac_svd,26,570,0.05366920355910488,8.032686756185748e-05,0.5924332095219816,
axis_v04_p5,ransac_svd,6,564,0.0434737837855642,3.5390880239722744e-06,0.49721387032695724,
axis_v04_p5,ransac_svd_sde,1,303,0.034114815944541965,0.0002463724422927856,0.4201126189317846,
axis_v04_p5,ransac_svd_sde,14,664,0.05409269443363124,3.3305321817414243e-06,0.48392915001973047,
axis_v04_p5,ransac_svd_sde,26,570,0.05366920355910488,8.032686756185748e-05,0.5924332095219816,
axis_v04_p5,ransac_svd_sde,6,564,0.0434737837855642,3.5390880239722744e-06,0.49721387032695724,
axis_v04_p5,svd,1,303,0.034114815944541965,0.0002463724422927856,0.4201126189317846,
axis_v04_p5,svd,14,664,0.01844546770943288,2.0893431857203675e-06,0.48336583807419775,
axis_v04_p5,svd,26,570,0.021886588883666104,6.875864200033238e-05,0.3703751861129732,
axis_v04_p5,svd,6,564,0.018823580371974628,2.971647791645062e-06,0.36613798637296757,
axis_v04_p5,svd_sde,1,303,0.034114815944541965,0.0002463724422927856,0.4201126189317846,
axis_v04_p5,svd_sde,14,664,0.01844546770943288,2.0893431857203675e-06,0.48336583807419775,
axis_v04_p5,svd_sde,26,570,0.021886588883666104,6.875864200033238e-05,0.3703751861129732,
axis_v04_p5,svd_sde,6,564,0.018823580371974628,2.971647791645062e-06,0.36613798637296757,
axis_v05,ransac_svd,1,285,0.03560290874967413,0.00014235316649024443,0.2619532574723262,
axis_v05,ransac_svd,14,759,0.0503477511106263,6.976158275344438e-05,0.4824924521193643,
axis_v05,ransac_svd,26,649,0.04897625837602302,2.7447212589976733e-05,0.5374738479853419,
axis_v05,ransac_svd,6,669,0.04791908135425909,3.3447906260638874e-05,0.40005490886724493,
axis_v05,ransac_svd_sde,1,285,0.03560290874967413,0.00014235316649024443,0.2619532574723262,
axis_v05,ransac_svd_sde,14,759,0.0503477511106263,6.976158275344438e-05,0.4824924521193643,
axis_v05,ransac_svd_sde,26,649,0.04897625837602302,2.7447212589976733e-05,0.5374738479853419,
axis_v05,ransac_svd_sde,6,669,0.04791908135425909,3.3447906260638874e-05,0.40005490886724493,
axis_v05,svd,1,285,0.03560290874967413,0.00014235316649024443,0.2619532574723262,
axis_v05,svd,14,759,0.021634715102459547,2.260926988308777e-05,0.4611661056136419,
axis_v05,svd,26,649,0.01915209871873339,5.542466797783146e-06,0.44573317578588817,
axis_v05,svd,6,669,0.02456376704929053,2.187288223680032e-05,0.3354930810288714,
axis_v05,svd_sde,1,285,0.03560290874967413,0.00014235316649024443,0.2619532574723262,
axis_v05,svd_sde,14,759,0.021634715102459547,2.260926988308777e-05,0.4611661056136419,
axis_v05,svd_sde,26,649,0.01915209871873339,5.542466797783146e-06,0.44573317578588817,
axis_v05,svd_sde,6,669,0.02456376704929053,2.187288223680032e-05,0.3354930810288714,
axis_v05_1,ransac_svd,1,351,0.040133387047806716,8.434350462349275e-05,0.27424098743400727,
axis_v05_1,ransac_svd,14,811,0.04828065749536526,2.3356417962445867e-05,0.5145544466085575,
axis_v05_1,ransac_svd,26,738,0.045550315298476904,2.7447212589976733e-05,0.39059650474515656,
axis_v05_1,ransac_svd,6,757,0.04368911310211378,0.00015278094467834882,0.5394658896236628,
axis_v05_1,ransac_svd_sde,1,351,0.040133387047806716,8.434350462349275e-05,0.27424098743400727,
axis_v05_1,ransac_svd_sde,14,811,0.04828065749536526,2.3356417962445867e-05,0.5145544466085575,
axis_v05_1,ransac_svd_sde,26,738,0.045550315298476904,2.7447212589976733e-05,0.39059650474515656,
axis_v05_1,ransac_svd_sde,6,757,0.04368911310211378,0.00015278094467834882,0.5394658896236628,
axis_v05_1,svd,1,351,0.040133387047806716,8.434350462349275e-05,0.27424098743400727,
axis_v05_1,svd,14,811,0.022062905534141534,2.1794492127989312e-05,0.5145544466085575,
axis_v05_1,svd,26,738,0.014576332027211227,7.845719609485341e-06,0.33671155462334273,
axis_v05_1,svd,6,757,0.025929146193483105,7.163998305785749e-05,0.5394658896236628,
axis_v05_1,svd_sde,1,351,0.040133387047806716,8.434350462349275e-05,0.27424098743400727,
axis_v05_1,svd_sde,14,811,0.022062905534141534,2.1794492127989312e-05,0.5145544466085575,
axis_v05_1,svd_sde,26,738,0.014576332027211227,7.845719609485341e-06,0.33671155462334273,
axis_v05_1,svd_sde,6,757,0.025929146193483105,7.163998305785749e-05,0.5394658896236628,
axis_v05_1_cluster,ransac_svd,1,351,0.040133387047806716,8.434350462349275e-05,0.27424098743400727,
axis_v05_1_cluster,ransac_svd,14,807,0.04791569100856506,0.00020978574490456098,0.5145544466085575,
axis_v05_1_cluster,ransac_svd,26,737,0.04622020967260154,4.3004917824036076e-05,0.39059650474515656,
axis_v05_1_cluster,ransac_svd,6,751,0.04275749459128863,8.16177233725495e-05,0.5394658896236628,
axis_v05_1_cluster,ransac_svd_sde,1,351,0.040133387047806716,8.434350462349275e-05,0.27424098743400727,
axis_v05_1_cluster,ransac_svd_sde,14,807,0.04791569100856506,0.00020978574490456098,0.5145544466085575,
axis_v05_1_cluster,ransac_svd_sde,26,737,0.04622020967260154,4.3004917824036076e-05,0.39059650474515656,
axis_v05_1_cluster,ransac_svd_sde,6,751,0.04275749459128863,8.16177233725495e-05,0.5394658896236628,
axis_v05_1_cluster,svd,1,351,0.040133387047806716,8.434350462349275e-05,0.27424098743400727,
axis_v05_1_cluster,svd,14,807,0.02159850091648413,2.1794492127989312e-05,0.5145544466085575,
axis_v05_1_cluster,svd,26,737,0.014548825578874899,8.059217949164997e-06,0.33671155462334273,
axis_v05_1_cluster,svd,6,751,0.025217844605949544,7.163998305785749e-05,0.5394658896236628,
axis_v05_1_cluster,svd_sde,1,351,0.040133387047806716,8.434350462349275e-05,0.27424098743400727,
axis_v05_1_cluster,svd_sde,14,807,0.02159850091648413,2.1794492127989312e-05,0.5145544466085575,
axis_v05_1_cluster,svd_sde,26,737,0.014548825578874899,8.059217949164997e-06,0.33671155462334273,
axis_v05_1_cluster,svd_sde,6,751,0.025217844605949544,7.163998305785749e-05,0.5394658896236628,
axis_v05_1_flowB,ransac_svd,1,352,0.03970563324321932,0.0004612410268223584,0.3100968764785797,
axis_v05_1_flowB,ransac_svd,14,797,0.04902112413850448,2.3356417962445867e-05,0.35395155081624335,
axis_v05_1_flowB,ransac_svd,26,730,0.046027516225733006,2.7447212589976733e-05,0.5111839280869449,
axis_v05_1_flowB,ransac_svd,6,747,0.044436035232763356,0.00015278094467834882,0.5394661129326639,
axis_v05_1_flowB,ransac_svd_sde,1,352,0.03970563324321932,0.0004612410268223584,0.3100968764785797,
axis_v05_1_flowB,ransac_svd_sde,14,797,0.04902112413850448,2.3356417962445867e-05,0.35395155081624335,
axis_v05_1_flowB,ransac_svd_sde,26,730,0.046027516225733006,2.7447212589976733e-05,0.5111839280869449,
axis_v05_1_flowB,ransac_svd_sde,6,747,0.044436035232763356,0.00015278094467834882,0.5394661129326639,
axis_v05_1_flowB,svd,1,352,0.03970563324321932,0.0004612410268223584,0.3100968764785797,
axis_v05_1_flowB,svd,14,797,0.02283770847897935,1.2372474526475816e-05,0.3505018757357491,
axis_v05_1_flowB,svd,26,730,0.014599167581293315,7.845719609485341e-06,0.27546793929862884,
axis_v05_1_flowB,svd,6,747,0.025263106364191216,1.9365227742994366e-05,0.5394661129326639,
axis_v05_1_flowB,svd_sde,1,352,0.03970563324321932,0.0004612410268223584,0.3100968764785797,
axis_v05_1_flowB,svd_sde,14,797,0.02283770847897935,1.2372474526475816e-05,0.3505018757357491,
axis_v05_1_flowB,svd_sde,26,730,0.014599167581293315,7.845719609485341e-06,0.27546793929862884,
axis_v05_1_flowB,svd_sde,6,747,0.025263106364191216,1.9365227742994366e-05,0.5394661129326639,
axis_v05_1_flowB_cluster,ransac_svd,1,352,0.03970563324321932,0.0004612410268223584,0.3100968764785797,
axis_v05_1_flowB_cluster,ransac_svd,14,794,0.05000235067700243,0.00020468503572826436,0.45377350564316926,
axis_v05_1_flowB_cluster,ransac_svd,26,727,0.04396254343439453,4.3004917824036076e-05,0.39059650474515656,
axis_v05_1_flowB_cluster,ransac_svd,6,740,0.04455581649588165,8.16177233725495e-05,0.5394661129326639,
axis_v05_1_flowB_cluster,ransac_svd_sde,1,352,0.03970563324321932,0.0004612410268223584,0.3100968764785797,
axis_v05_1_flowB_cluster,ransac_svd_sde,14,794,0.05000235067700243,0.00020468503572826436,0.45377350564316926,
axis_v05_1_flowB_cluster,ransac_svd_sde,26,727,0.04396254343439453,4.3004917824036076e-05,0.39059650474515656,
axis_v05_1_flowB_cluster,ransac_svd_sde,6,740,0.04455581649588165,8.16177233725495e-05,0.5394661129326639,
axis_v05_1_flowB_cluster,svd,1,352,0.03970563324321932,0.0004612410268223584,0.3100968764785797,
axis_v05_1_flowB_cluster,svd,14,794,0.022247510797248213,3.2500819837521432e-06,0.3505018757357492,
axis_v05_1_flowB_cluster,svd,26,727,0.014245883239479836,8.059217949164997e-06,0.27546793929862884,
axis_v05_1_flowB_cluster,svd,6,740,0.024431081538133472,1.9365227742994366e-05,0.5394661129326639,
axis_v05_1_flowB_cluster,svd_sde,1,352,0.03970563324321932,0.0004612410268223584,0.3100968764785797,
axis_v05_1_flowB_cluster,svd_sde,14,794,0.022247510797248213,3.2500819837521432e-06,0.3505018757357492,
axis_v05_1_flowB_cluster,svd_sde,26,727,0.014245883239479836,8.059217949164997e-06,0.27546793929862884,
axis_v05_1_flowB_cluster,svd_sde,6,740,0.024431081538133472,1.9365227742994366e-05,0.5394661129326639,
axis_v05_1_flowB_hdbscan_ms2,ransac_svd,1,352,0.03970563324321932,0.0004612410268223584,0.3100968764785797,
axis_v05_1_flowB_hdbscan_ms2,ransac_svd,14,797,0.04019041640224572,8.600450386868316e-06,0.35395155081624335,
axis_v05_1_flowB_hdbscan_ms2,ransac_svd,26,730,0.041419476296008,4.841968247391763e-06,0.2878758322124999,
axis_v05_1_flowB_hdbscan_ms2,ransac_svd,6,747,0.033580390529244664,1.3370415218355095e-05,0.5394661129326639,
axis_v05_1_flowB_hdbscan_ms2,ransac_svd_sde,1,352,0.03970563324321932,0.0004612410268223584,0.3100968764785797,
axis_v05_1_flowB_hdbscan_ms2,ransac_svd_sde,14,797,0.04019041640224572,8.600450386868316e-06,0.35395155081624335,
axis_v05_1_flowB_hdbscan_ms2,ransac_svd_sde,26,730,0.041419476296008,4.841968247391763e-06,0.2878758322124999,
axis_v05_1_flowB_hdbscan_ms2,ransac_svd_sde,6,747,0.033580390529244664,1.3370415218355095e-05,0.5394661129326639,
axis_v05_1_flowB_hdbscan_ms2,svd,1,352,0.03970563324321932,0.0004612410268223584,0.3100968764785797,
axis_v05_1_flowB_hdbscan_ms2,svd,14,797,0.025367719733047352,8.600450386868316e-06,0.3505018757357491,
axis_v05_1_flowB_hdbscan_ms2,svd,26,730,0.015387915630809166,4.841968247391763e-06,0.27546793929862884,
axis_v05_1_flowB_hdbscan_ms2,svd,6,747,0.027282172909462804,1.3370415218355095e-05,0.5394661129326639,
axis_v05_1_flowB_hdbscan_ms2,svd_sde,1,352,0.03970563324321932,0.0004612410268223584,0.3100968764785797,
axis_v05_1_flowB_hdbscan_ms2,svd_sde,14,797,0.025367719733047352,8.600450386868316e-06,0.3505018757357491,
axis_v05_1_flowB_hdbscan_ms2,svd_sde,26,730,0.015387915630809166,4.841968247391763e-06,0.27546793929862884,
axis_v05_1_flowB_hdbscan_ms2,svd_sde,6,747,0.027282172909462804,1.3370415218355095e-05,0.5394661129326639,
axis_v05_1_flowB_hdbscan_ms3,ransac_svd,1,352,0.03970563324321932,0.0004612410268223584,0.3100968764785797,
axis_v05_1_flowB_hdbscan_ms3,ransac_svd,14,797,0.03770375878939424,8.600450386868316e-06,0.3491015021132589,
axis_v05_1_flowB_hdbscan_ms3,ransac_svd,26,730,0.032818355578379026,5.1200617141768574e-05,0.5111839280869449,
axis_v05_1_flowB_hdbscan_ms3,ransac_svd,6,747,0.036985205390796014,0.00013094774158347,0.5394661129326639,
axis_v05_1_flowB_hdbscan_ms3,ransac_svd_sde,1,352,0.03970563324321932,0.0004612410268223584,0.3100968764785797,
axis_v05_1_flowB_hdbscan_ms3,ransac_svd_sde,14,797,0.03770375878939424,8.600450386868316e-06,0.3491015021132589,
axis_v05_1_flowB_hdbscan_ms3,ransac_svd_sde,26,730,0.032818355578379026,5.1200617141768574e-05,0.5111839280869449,
axis_v05_1_flowB_hdbscan_ms3,ransac_svd_sde,6,747,0.036985205390796014,0.00013094774158347,0.5394661129326639,
axis_v05_1_flowB_hdbscan_ms3,svd,1,352,0.03970563324321932,0.0004612410268223584,0.3100968764785797,
axis_v05_1_flowB_hdbscan_ms3,svd,14,797,0.030132226114507187,8.600450386868316e-06,0.3514377449730755,
axis_v05_1_flowB_hdbscan_ms3,svd,26,730,0.02067133925511065,7.845719609485341e-06,0.27546793929862884,
axis_v05_1_flowB_hdbscan_ms3,svd,6,747,0.028816949862828775,1.9365227742994366e-05,0.5394661129326639,
axis_v05_1_flowB_hdbscan_ms3,svd_sde,1,352,0.03970563324321932,0.0004612410268223584,0.3100968764785797,
axis_v05_1_flowB_hdbscan_ms3,svd_sde,14,797,0.030132226114507187,8.600450386868316e-06,0.3514377449730755,
axis_v05_1_flowB_hdbscan_ms3,svd_sde,26,730,0.02067133925511065,7.845719609485341e-06,0.27546793929862884,
axis_v05_1_flowB_hdbscan_ms3,svd_sde,6,747,0.028816949862828775,1.9365227742994366e-05,0.5394661129326639,
