experiment,method,n_views,n_objects,sde_ref_mean,sde_ref_min,sde_ref_max,f1_ref
plane_v00,ransac_svd,1,209,0.03015565505163643,0.00012151088088574661,0.30073802802006444,0.0683673469387755
plane_v00,ransac_svd,14,698,0.02020495135340344,8.757126270564593e-06,0.30316605969441507,0.11224489795918369
plane_v00,ransac_svd,26,595,0.022797922484778386,1.6127011456009678e-06,0.3062253856846896,0.061962750716332386
plane_v00,ransac_svd,6,496,0.01930795729496541,2.6652133532870467e-06,0.29807639123773416,0.16336206896551725
plane_v00,ransac_svd_sde,1,209,0.03015565505163643,0.00012151088088574661,0.30073802802006444,0.0683673469387755
plane_v00,ransac_svd_sde,14,698,0.02020495135340344,8.757126270564593e-06,0.30316605969441507,0.11224489795918369
plane_v00,ransac_svd_sde,26,595,0.022797922484778386,1.6127011456009678e-06,0.3062253856846896,0.061962750716332386
plane_v00,ransac_svd_sde,6,496,0.01930795729496541,2.6652133532870467e-06,0.29807639123773416,0.16336206896551725
plane_v00,svd,1,209,0.03015565505163643,0.00012151088088574661,0.30073802802006444,0.0683673469387755
plane_v00,svd,14,698,0.016147537817913785,8.757126270564593e-06,0.30316605969441507,0.10714285714285715
plane_v00,svd,26,595,0.016019262093334884,1.6127011456009678e-06,0.3062253856846896,0.06876790830945559
plane_v00,svd,6,496,0.016345828925731293,2.6652133532870467e-06,0.29807639123773416,0.19741379310344825
plane_v00,svd_sde,1,209,0.03015565505163643,0.00012151088088574661,0.30073802802006444,0.0683673469387755
plane_v00,svd_sde,14,698,0.016147537817913785,8.757126270564593e-06,0.30316605969441507,0.10714285714285715
plane_v00,svd_sde,26,595,0.016019262093334884,1.6127011456009678e-06,0.3062253856846896,0.06876790830945559
plane_v00,svd_sde,6,496,0.016345828925731293,2.6652133532870467e-06,0.29807639123773416,0.19741379310344825
plane_v00_1,ransac_svd,1,518,0.00490872702242967,2.5431663575835123e-05,0.11450673269056469,0.4504065040650407
plane_v00_1,ransac_svd,14,825,0.015499168148759008,8.504515531775611e-06,0.2136893288326793,0.07624113475177305
plane_v00_1,ransac_svd,26,769,0.01680828773428728,1.6549867545006639e-06,0.3148760612940034,0.043655097613882865
plane_v00_1,ransac_svd,6,812,0.013259776571562819,8.68524948744765e-07,0.2687940488813989,0.12074303405572756
plane_v00_1,ransac_svd_sde,1,518,0.00490872702242967,2.5431663575835123e-05,0.11450673269056469,0.4504065040650407
plane_v00_1,ransac_svd_sde,14,825,0.015499168148759008,8.504515531775611e-06,0.2136893288326793,0.07624113475177305
plane_v00_1,ransac_svd_sde,26,769,0.01680828773428728,1.6549867545006639e-06,0.3148760612940034,0.043655097613882865
plane_v00_1,ransac_svd_sde,6,812,0.013259776571562819,8.68524948744765e-07,0.2687940488813989,0.12074303405572756
plane_v00_1,svd,1,518,0.00490872702242967,2.5431663575835123e-05,0.11450673269056469,0.4504065040650407
plane_v00_1,svd,14,825,0.0106893321336074,4.025779568971418e-06,0.17017152939878274,0.07624113475177305
plane_v00_1,svd,26,769,0.005871534890165309,1.6549867545006639e-06,0.3148760612940034,0.08947939262472884
plane_v00_1,svd,6,812,0.009527207281179992,8.68524948744765e-07,0.2687940488813989,0.11274509803921569
plane_v00_1,svd_sde,1,518,0.00490872702242967,2.5431663575835123e-05,0.11450673269056469,0.4504065040650407
plane_v00_1,svd_sde,14,825,0.0106893321336074,4.025779568971418e-06,0.17017152939878274,0.07624113475177305
plane_v00_1,svd_sde,26,769,0.005871534890165309,1.6549867545006639e-06,0.3148760612940034,0.08947939262472884
plane_v00_1,svd_sde,6,812,0.009527207281179992,8.68524948744765e-07,0.2687940488813989,0.11274509803921569
plane_v00_1_cluster,ransac_svd,1,518,0.00490872702242967,2.5431663575835123e-05,0.11450673269056469,0.4504065040650407
plane_v00_1_cluster,ransac_svd,14,825,0.015156432174010522,2.1714636628713153e-06,0.2136893288326793,0.07168186423505572
plane_v00_1_cluster,ransac_svd,26,769,0.016454713643853883,8.057115752702671e-06,0.3148760612940034,0.040401301518438175
plane_v00_1_cluster,ransac_svd,6,812,0.012986461197788351,1.1423657095495934e-06,0.26815838399137804,0.11816305469556244
plane_v00_1_cluster,ransac_svd_sde,1,518,0.00490872702242967,2.5431663575835123e-05,0.11450673269056469,0.4504065040650407
plane_v00_1_cluster,ransac_svd_sde,14,825,0.015156432174010522,2.1714636628713153e-06,0.2136893288326793,0.07168186423505572
plane_v00_1_cluster,ransac_svd_sde,26,769,0.016454713643853883,8.057115752702671e-06,0.3148760612940034,0.040401301518438175
plane_v00_1_cluster,ransac_svd_sde,6,812,0.012986461197788351,1.1423657095495934e-06,0.26815838399137804,0.11816305469556244
plane_v00_1_cluster,svd,1,518,0.00490872702242967,2.5431663575835123e-05,0.11450673269056469,0.4504065040650407
plane_v00_1_cluster,svd,14,825,0.010461004219326657,2.1714636628713153e-06,0.17017152939878286,0.08105369807497467
plane_v00_1_cluster,svd,26,769,0.005546324658519271,8.057115752702671e-06,0.3148760612940034,0.07836225596529284
plane_v00_1_cluster,svd,6,812,0.009701175378470617,1.1423657095495934e-06,0.26815838399137804,0.11248710010319916
plane_v00_1_cluster,svd_sde,1,518,0.00490872702242967,2.5431663575835123e-05,0.11450673269056469,0.4504065040650407
plane_v00_1_cluster,svd_sde,14,825,0.010461004219326657,2.1714636628713153e-06,0.17017152939878286,0.08105369807497467
plane_v00_1_cluster,svd_sde,26,769,0.005546324658519271,8.057115752702671e-06,0.3148760612940034,0.07836225596529284
plane_v00_1_cluster,svd_sde,6,812,0.009701175378470617,1.1423657095495934e-06,0.26815838399137804,0.11248710010319916
plane_v00_1_hdbscan_ms2,ransac_svd,1,518,0.00490872702242967,2.5431663575835123e-05,0.11450673269056469,0.4504065040650407
plane_v00_1_hdbscan_ms2,ransac_svd,14,825,0.015901135075144086,2.1058905609466848e-06,0.21368932883267913,0.08409321175278622
plane_v00_1_hdbscan_ms2,ransac_svd,26,769,0.015677216497195137,1.2542567030500732e-05,0.3148760612940034,0.06317787418655098
plane_v00_1_hdbscan_ms2,ransac_svd,6,812,0.011867895241911518,9.475754599183231e-08,0.26815838399137804,0.15144478844169246
plane_v00_1_hdbscan_ms2,ransac_svd_sde,1,518,0.00490872702242967,2.5431663575835123e-05,0.11450673269056469,0.4504065040650407
plane_v00_1_hdbscan_ms2,ransac_svd_sde,14,825,0.015901135075144086,2.1058905609466848e-06,0.21368932883267913,0.08409321175278622
plane_v00_1_hdbscan_ms2,ransac_svd_sde,26,769,0.015677216497195137,1.2542567030500732e-05,0.3148760612940034,0.06317787418655098
plane_v00_1_hdbscan_ms2,ransac_svd_sde,6,812,0.011867895241911518,9.475754599183231e-08,0.26815838399137804,0.15144478844169246
plane_v00_1_hdbscan_ms2,svd,1,518,0.00490872702242967,2.5431663575835123e-05,0.11450673269056469,0.4504065040650407
plane_v00_1_hdbscan_ms2,svd,14,825,0.011713957193319807,2.1058905609466848e-06,0.17017152939878283,0.08333333333333334
plane_v00_1_hdbscan_ms2,svd,26,769,0.00644943369173762,3.712266688733511e-06,0.3148760612940034,0.09951193058568329
plane_v00_1_hdbscan_ms2,svd,6,812,0.009653185860284375,9.475754599183231e-08,0.26815838399137804,0.15763673890608876
plane_v00_1_hdbscan_ms2,svd_sde,1,518,0.00490872702242967,2.5431663575835123e-05,0.11450673269056469,0.4504065040650407
plane_v00_1_hdbscan_ms2,svd_sde,14,825,0.011713957193319807,2.1058905609466848e-06,0.17017152939878283,0.08333333333333334
plane_v00_1_hdbscan_ms2,svd_sde,26,769,0.00644943369173762,3.712266688733511e-06,0.3148760612940034,0.09951193058568329
plane_v00_1_hdbscan_ms2,svd_sde,6,812,0.009653185860284375,9.475754599183231e-08,0.26815838399137804,0.15763673890608876
plane_v00_1_hdbscan_ms3,ransac_svd,1,518,0.00490872702242967,2.5431663575835123e-05,0.11450673269056469,0.4504065040650407
plane_v00_1_hdbscan_ms3,ransac_svd,14,825,0.015589168684470738,2.5954752140575572e-06,0.2136893288326793,0.07852077001013172
plane_v00_1_hdbscan_ms3,ransac_svd,26,769,0.016970364418677913,1.2542567030500732e-05,0.3148760612940034,0.07917570498915401
plane_v00_1_hdbscan_ms3,ransac_svd,6,812,0.011637115303862975,9.521279862406719e-07,0.2687940488813989,0.16408668730650156
plane_v00_1_hdbscan_ms3,ransac_svd_sde,1,518,0.00490872702242967,2.5431663575835123e-05,0.11450673269056469,0.4504065040650407
plane_v00_1_hdbscan_ms3,ransac_svd_sde,14,825,0.015589168684470738,2.5954752140575572e-06,0.2136893288326793,0.07852077001013172
plane_v00_1_hdbscan_ms3,ransac_svd_sde,26,769,0.016970364418677913,1.2542567030500732e-05,0.3148760612940034,0.07917570498915401
plane_v00_1_hdbscan_ms3,ransac_svd_sde,6,812,0.011637115303862975,9.521279862406719e-07,0.2687940488813989,0.16408668730650156
plane_v00_1_hdbscan_ms3,svd,1,518,0.00490872702242967,2.5431663575835123e-05,0.11450673269056469,0.4504065040650407
plane_v00_1_hdbscan_ms3,svd,14,825,0.014549061118164968,2.5954752140575572e-06,0.17017152939878274,0.08054711246200608
plane_v00_1_hdbscan_ms3,svd,26,769,0.010684557379336558,1.2542567030500732e-05,0.3148760612940034,0.07863340563991322
plane_v00_1_hdbscan_ms3,svd,6,812,0.009573383517729251,9.521279862406719e-07,0.2687940488813989,0.17105263157894735
plane_v00_1_hdbscan_ms3,svd_sde,1,518,0.00490872702242967,2.5431663575835123e-05,0.11450673269056469,0.4504065040650407
plane_v00_1_hdbscan_ms3,svd_sde,14,825,0.014549061118164968,2.5954752140575572e-06,0.17017152939878274,0.08054711246200608
plane_v00_1_hdbscan_ms3,svd_sde,26,769,0.010684557379336558,1.2542567030500732e-05,0.3148760612940034,0.07863340563991322
plane_v00_1_hdbscan_ms3,svd_sde,6,812,0.009573383517729251,9.521279862406719e-07,0.2687940488813989,0.17105263157894735
plane_v00_1_hdbscan_ms5,ransac_svd,1,518,0.00490872702242967,2.5431663575835123e-05,0.11450673269056469,0.4504065040650407
plane_v00_1_hdbscan_ms5,ransac_svd,14,825,0.01376952559454203,8.504515531775611e-06,0.16048316473473903,0.08865248226950355
plane_v00_1_hdbscan_ms5,ransac_svd,26,769,0.014064460440513153,9.863137804446916e-06,0.3148760612940034,0.11334056399132322
plane_v00_1_hdbscan_ms5,ransac_svd,6,812,0.013101144894948642,8.68524948744765e-07,0.27039420201716224,0.1369969040247678
plane_v00_1_hdbscan_ms5,ransac_svd_sde,1,518,0.00490872702242967,2.5431663575835123e-05,0.11450673269056469,0.4504065040650407
plane_v00_1_hdbscan_ms5,ransac_svd_sde,14,825,0.01376952559454203,8.504515531775611e-06,0.16048316473473903,0.08865248226950355
plane_v00_1_hdbscan_ms5,ransac_svd_sde,26,769,0.014064460440513153,9.863137804446916e-06,0.3148760612940034,0.11334056399132322
plane_v00_1_hdbscan_ms5,ransac_svd_sde,6,812,0.013101144894948642,8.68524948744765e-07,0.27039420201716224,0.1369969040247678
plane_v00_1_hdbscan_ms5,svd,1,518,0.00490872702242967,2.5431663575835123e-05,0.11450673269056469,0.4504065040650407
plane_v00_1_hdbscan_ms5,svd,14,825,0.01289103513288415,4.025779568971418e-06,0.16048316473473903,0.09397163120567376
plane_v00_1_hdbscan_ms5,svd,26,769,0.012881373807896765,9.863137804446916e-06,0.3148760612940034,0.12039045553145337
plane_v00_1_hdbscan_ms5,svd,6,812,0.01001030532337783,8.68524948744765e-07,0.27039420201716224,0.12874097007223945
plane_v00_1_hdbscan_ms5,svd_sde,1,518,0.00490872702242967,2.5431663575835123e-05,0.11450673269056469,0.4504065040650407
plane_v00_1_hdbscan_ms5,svd_sde,14,825,0.01289103513288415,4.025779568971418e-06,0.16048316473473903,0.09397163120567376
plane_v00_1_hdbscan_ms5,svd_sde,26,769,0.012881373807896765,9.863137804446916e-06,0.3148760612940034,0.12039045553145337
plane_v00_1_hdbscan_ms5,svd_sde,6,812,0.01001030532337783,8.68524948744765e-07,0.27039420201716224,0.12874097007223945
plane_v00_1_p3,ransac_svd,1,651,0.014704030236026705,2.4913794610314353e-05,0.27174739647766727,0.33053040103492887
plane_v00_1_p3,ransac_svd,14,838,0.016235333766572855,4.910022120381158e-06,0.21342763193766767,0.0655
plane_v00_1_p3,ransac_svd,26,785,0.015955980457677446,2.0153934937025768e-06,0.19205043697351948,0.03856382978723404
plane_v00_1_p3,ransac_svd,6,834,0.013460497354803718,6.093895843145696e-06,0.269227834188732,0.10653266331658291
plane_v00_1_p3,ransac_svd_sde,1,651,0.014704030236026705,2.4913794610314353e-05,0.27174739647766727,0.33053040103492887
plane_v00_1_p3,ransac_svd_sde,14,838,0.016235333766572855,4.910022120381158e-06,0.21342763193766767,0.0655
plane_v00_1_p3,ransac_svd_sde,26,785,0.015955980457677446,2.0153934937025768e-06,0.19205043697351948,0.03856382978723404
plane_v00_1_p3,ransac_svd_sde,6,834,0.013460497354803718,6.093895843145696e-06,0.269227834188732,0.10653266331658291
plane_v00_1_p3,svd,1,651,0.014704030236026705,2.4913794610314353e-05,0.27174739647766727,0.33053040103492887
plane_v00_1_p3,svd,14,838,0.010811398780776756,4.021983113555562e-06,0.18392224967247398,0.062
plane_v00_1_p3,svd,26,785,0.004889789949273654,4.4987707294047907e-07,0.09792263254437521,0.08643617021276595
plane_v00_1_p3,svd,6,834,0.00928832774261784,6.093895843145696e-06,0.269227834188732,0.0964824120603015
plane_v00_1_p3,svd_sde,1,651,0.014704030236026705,2.4913794610314353e-05,0.27174739647766727,0.33053040103492887
plane_v00_1_p3,svd_sde,14,838,0.010811398780776756,4.021983113555562e-06,0.18392224967247398,0.062
plane_v00_1_p3,svd_sde,26,785,0.004889789949273654,4.4987707294047907e-07,0.09792263254437521,0.08643617021276595
plane_v00_1_p3,svd_sde,6,834,0.00928832774261784,6.093895843145696e-06,0.269227834188732,0.0964824120603015
plane_v00_1_p5,ransac_svd,1,727,0.019594929242091757,4.948301498182833e-06,0.2994563528632664,0.30110336817653893
plane_v00_1_p5,ransac_svd,14,843,0.015974378656716866,5.5378442774204444e-06,0.26819026028607373,0.05939363817097416
plane_v00_1_p5,ransac_svd,26,797,0.016254624435639957,1.4042853616776647e-06,0.19655626478588425,0.04061844863731656
plane_v00_1_p5,ransac_svd,6,841,0.014321622616983722,1.186294295104107e-06,0.2706266423508927,0.09412350597609562
plane_v00_1_p5,ransac_svd_sde,1,727,0.019594929242091757,4.948301498182833e-06,0.2994563528632664,0.30110336817653893
plane_v00_1_p5,ransac_svd_sde,14,843,0.015974378656716866,5.5378442774204444e-06,0.26819026028607373,0.05939363817097416
plane_v00_1_p5,ransac_svd_sde,26,797,0.016254624435639957,1.4042853616776647e-06,0.19655626478588425,0.04061844863731656
plane_v00_1_p5,ransac_svd_sde,6,841,0.014321622616983722,1.186294295104107e-06,0.2706266423508927,0.09412350597609562
plane_v00_1_p5,svd,1,727,0.019594929242091757,4.948301498182833e-06,0.2994563528632664,0.30110336817653893
plane_v00_1_p5,svd,14,843,0.010221476522858361,1.016546311469322e-06,0.18102853988672366,0.061381709741550695
plane_v00_1_p5,svd,26,797,0.004877500750600127,1.4042853616776647e-06,0.18605818746165279,0.09014675052410902
plane_v00_1_p5,svd,6,841,0.009160892222815558,1.186294295104107e-06,0.26676356974192295,0.08839641434262949
plane_v00_1_p5,svd_sde,1,727,0.019594929242091757,4.948301498182833e-06,0.2994563528632664,0.30110336817653893
plane_v00_1_p5,svd_sde,14,843,0.010221476522858361,1.016546311469322e-06,0.18102853988672366,0.061381709741550695
plane_v00_1_p5,svd_sde,26,797,0.004877500750600127,1.4042853616776647e-06,0.18605818746165279,0.09014675052410902
plane_v00_1_p5,svd_sde,6,841,0.009160892222815558,1.186294295104107e-06,0.26676356974192295,0.08839641434262949
plane_v00_cluster,ransac_svd,1,209,0.03015565505163643,0.00012151088088574661,0.30073802802006444,0.0683673469387755
plane_v00_cluster,ransac_svd,14,694,0.021291512643148713,5.014606134908742e-06,0.2856985401752474,0.10675512665862485
plane_v00_cluster,ransac_svd,26,588,0.02366759988526067,1.5907224229774893e-05,0.3062253856846896,0.06114327062228654
plane_v00_cluster,ransac_svd,6,494,0.018628464547629047,2.6652133532870467e-06,0.29807639123773416,0.16046712802768165
plane_v00_cluster,ransac_svd_sde,1,209,0.03015565505163643,0.00012151088088574661,0.30073802802006444,0.0683673469387755
plane_v00_cluster,ransac_svd_sde,14,694,0.021291512643148713,5.014606134908742e-06,0.2856985401752474,0.10675512665862485
plane_v00_cluster,ransac_svd_sde,26,588,0.02366759988526067,1.5907224229774893e-05,0.3062253856846896,0.06114327062228654
plane_v00_cluster,ransac_svd_sde,6,494,0.018628464547629047,2.6652133532870467e-06,0.29807639123773416,0.16046712802768165
plane_v00_cluster,svd,1,209,0.03015565505163643,0.00012151088088574661,0.30073802802006444,0.0683673469387755
plane_v00_cluster,svd,14,694,0.015614431670915094,5.014606134908742e-06,0.2856985401752474,0.11188178528347406
plane_v00_cluster,svd,26,588,0.01650684819806053,1.5907224229774893e-05,0.3062253856846896,0.06982633863965268
plane_v00_cluster,svd,6,494,0.01606174794368283,2.6652133532870467e-06,0.29807639123773416,0.1980968858131488
plane_v00_cluster,svd_sde,1,209,0.03015565505163643,0.00012151088088574661,0.30073802802006444,0.0683673469387755
plane_v00_cluster,svd_sde,14,694,0.015614431670915094,5.014606134908742e-06,0.2856985401752474,0.11188178528347406
plane_v00_cluster,svd_sde,26,588,0.01650684819806053,1.5907224229774893e-05,0.3062253856846896,0.06982633863965268
plane_v00_cluster,svd_sde,6,494,0.01606174794368283,2.6652133532870467e-06,0.29807639123773416,0.1980968858131488
plane_v00_hdbscan_ms2,ransac_svd,1,209,0.03015565505163643,0.00012151088088574661,0.30073802802006444,0.0683673469387755
plane_v00_hdbscan_ms2,ransac_svd,14,698,0.01720734216377133,2.3261657647788868e-06,0.30316605969441507,0.16116446578631452
plane_v00_hdbscan_ms2,ransac_svd,26,595,0.021299904803488853,4.079866115962017e-06,0.3062253856846896,0.10386819484240688
plane_v00_hdbscan_ms2,ransac_svd,6,496,0.015771890719725984,1.9481387653687765e-06,0.29807639123773416,0.27413793103448275
plane_v00_hdbscan_ms2,ransac_svd_sde,1,209,0.03015565505163643,0.00012151088088574661,0.30073802802006444,0.0683673469387755
plane_v00_hdbscan_ms2,ransac_svd_sde,14,698,0.01720734216377133,2.3261657647788868e-06,0.30316605969441507,0.16116446578631452
plane_v00_hdbscan_ms2,ransac_svd_sde,26,595,0.021299904803488853,4.079866115962017e-06,0.3062253856846896,0.10386819484240688
plane_v00_hdbscan_ms2,ransac_svd_sde,6,496,0.015771890719725984,1.9481387653687765e-06,0.29807639123773416,0.27413793103448275
plane_v00_hdbscan_ms2,svd,1,209,0.03015565505163643,0.00012151088088574661,0.30073802802006444,0.0683673469387755
plane_v00_hdbscan_ms2,svd,14,698,0.015810429353062986,2.3261657647788868e-06,0.30316605969441507,0.16206482593037214
plane_v00_hdbscan_ms2,svd,26,595,0.01658926489337283,4.079866115962017e-06,0.3062253856846896,0.10780802292263611
plane_v00_hdbscan_ms2,svd,6,496,0.015430534670627733,1.9481387653687765e-06,0.29807639123773416,0.2806034482758621
plane_v00_hdbscan_ms2,svd_sde,1,209,0.03015565505163643,0.00012151088088574661,0.30073802802006444,0.0683673469387755
plane_v00_hdbscan_ms2,svd_sde,14,698,0.015810429353062986,2.3261657647788868e-06,0.30316605969441507,0.16206482593037214
plane_v00_hdbscan_ms2,svd_sde,26,595,0.01658926489337283,4.079866115962017e-06,0.3062253856846896,0.10780802292263611
plane_v00_hdbscan_ms2,svd_sde,6,496,0.015430534670627733,1.9481387653687765e-06,0.29807639123773416,0.2806034482758621
plane_v00_hdbscan_ms3,ransac_svd,1,209,0.03015565505163643,0.00012151088088574661,0.30073802802006444,0.0683673469387755
plane_v00_hdbscan_ms3,ransac_svd,14,698,0.019090456635520066,8.757126270564593e-06,0.30316605969441507,0.1371548619447779
plane_v00_hdbscan_ms3,ransac_svd,26,595,0.021979475063651905,9.422657371549211e-07,0.3062253856846896,0.12392550143266476
plane_v00_hdbscan_ms3,ransac_svd,6,496,0.017753370473460612,2.6652133532870467e-06,0.29807639123773416,0.19956896551724138
plane_v00_hdbscan_ms3,ransac_svd_sde,1,209,0.03015565505163643,0.00012151088088574661,0.30073802802006444,0.0683673469387755
plane_v00_hdbscan_ms3,ransac_svd_sde,14,698,0.019090456635520066,8.757126270564593e-06,0.30316605969441507,0.1371548619447779
plane_v00_hdbscan_ms3,ransac_svd_sde,26,595,0.021979475063651905,9.422657371549211e-07,0.3062253856846896,0.12392550143266476
plane_v00_hdbscan_ms3,ransac_svd_sde,6,496,0.017753370473460612,2.6652133532870467e-06,0.29807639123773416,0.19956896551724138
plane_v00_hdbscan_ms3,svd,1,209,0.03015565505163643,0.00012151088088574661,0.30073802802006444,0.0683673469387755
plane_v00_hdbscan_ms3,svd,14,698,0.016795588446225744,8.757126270564593e-06,0.30316605969441507,0.1440576230492197
plane_v00_hdbscan_ms3,svd,26,595,0.019477685871619233,9.422657371549211e-07,0.3062253856846896,0.12285100286532952
plane_v00_hdbscan_ms3,svd,6,496,0.015949998709956684,2.6652133532870467e-06,0.29807639123773416,0.23017241379310344
plane_v00_hdbscan_ms3,svd_sde,1,209,0.03015565505163643,0.00012151088088574661,0.30073802802006444,0.0683673469387755
plane_v00_hdbscan_ms3,svd_sde,14,698,0.016795588446225744,8.757126270564593e-06,0.30316605969441507,0.1440576230492197
plane_v00_hdbscan_ms3,svd_sde,26,595,0.019477685871619233,9.422657371549211e-07,0.3062253856846896,0.12285100286532952
plane_v00_hdbscan_ms3,svd_sde,6,496,0.015949998709956684,2.6652133532870467e-06,0.29807639123773416,0.23017241379310344
plane_v00_hdbscan_ms5,ransac_svd,1,209,0.03015565505163643,0.00012151088088574661,0.30073802802006444,0.0683673469387755
plane_v00_hdbscan_ms5,ransac_svd,14,698,0.019846587347761308,5.189901002640617e-07,0.30316605969441507,0.14165666266506605
plane_v00_hdbscan_ms5,ransac_svd,26,595,0.021190759967543923,9.198768888693168e-06,0.3062253856846896,0.11855300859598854
plane_v00_hdbscan_ms5,ransac_svd,6,496,0.018447136003836784,2.6652133532870467e-06,0.29807639123773416,0.1810344827586207
plane_v00_hdbscan_ms5,ransac_svd_sde,1,209,0.03015565505163643,0.00012151088088574661,0.30073802802006444,0.0683673469387755
plane_v00_hdbscan_ms5,ransac_svd_sde,14,698,0.019846587347761308,5.189901002640617e-07,0.30316605969441507,0.14165666266506605
plane_v00_hdbscan_ms5,ransac_svd_sde,26,595,0.021190759967543923,9.198768888693168e-06,0.3062253856846896,0.11855300859598854
plane_v00_hdbscan_ms5,ransac_svd_sde,6,496,0.018447136003836784,2.6652133532870467e-06,0.29807639123773416,0.1810344827586207
plane_v00_hdbscan_ms5,svd,1,209,0.03015565505163643,0.00012151088088574661,0.30073802802006444,0.0683673469387755
plane_v00_hdbscan_ms5,svd,14,698,0.016902519949628464,5.189901002640617e-07,0.30316605969441507,0.14675870348139256
plane_v00_hdbscan_ms5,svd,26,595,0.019672009552789863,9.198768888693168e-06,0.3062253856846896,0.11819484240687679
plane_v00_hdbscan_ms5,svd,6,496,0.01618039897606029,2.6652133532870467e-06,0.29807639123773416,0.2086206896551724
plane_v00_hdbscan_ms5,svd_sde,1,209,0.03015565505163643,0.00012151088088574661,0.30073802802006444,0.0683673469387755
plane_v00_hdbscan_ms5,svd_sde,14,698,0.016902519949628464,5.189901002640617e-07,0.30316605969441507,0.14675870348139256
plane_v00_hdbscan_ms5,svd_sde,26,595,0.019672009552789863,9.198768888693168e-06,0.3062253856846896,0.11819484240687679
plane_v00_hdbscan_ms5,svd_sde,6,496,0.01618039897606029,2.6652133532870467e-06,0.29807639123773416,0.2086206896551724
plane_v00_p3,ransac_svd,1,319,0.04768854956507846,0.00012151082682943767,0.3150371836206749,0.046495956873315356
plane_v00_p3,ransac_svd,14,774,0.021146062715959923,1.3168309659747058e-05,0.2981571882395787,0.0854978354978355
plane_v00_p3,ransac_svd,26,649,0.021373639794465264,1.7354764597769236e-06,0.3042584620489135,0.04720052083333333
plane_v00_p3,ransac_svd,6,588,0.025330671034590486,6.570403992911428e-06,0.29032253627248555,0.13043478260869565
plane_v00_p3,ransac_svd_sde,1,319,0.04768854956507846,0.00012151082682943767,0.3150371836206749,0.046495956873315356
plane_v00_p3,ransac_svd_sde,14,774,0.021146062715959923,1.3168309659747058e-05,0.2981571882395787,0.0854978354978355
plane_v00_p3,ransac_svd_sde,26,649,0.021373639794465264,1.7354764597769236e-06,0.3042584620489135,0.04720052083333333
plane_v00_p3,ransac_svd_sde,6,588,0.025330671034590486,6.570403992911428e-06,0.29032253627248555,0.13043478260869565
plane_v00_p3,svd,1,319,0.04768854956507846,0.00012151082682943767,0.3150371836206749,0.046495956873315356
plane_v00_p3,svd,14,774,0.014180607733966134,5.321946840730922e-06,0.24766315737573408,0.09009740259740259
plane_v00_p3,svd,26,649,0.01323729813194054,1.7354764597769236e-06,0.3042584620489135,0.068359375
plane_v00_p3,svd,6,588,0.022154738563363446,3.1426974548557153e-06,0.29032253627248555,0.15652173913043477
plane_v00_p3,svd_sde,1,319,0.04768854956507846,0.00012151082682943767,0.3150371836206749,0.046495956873315356
plane_v00_p3,svd_sde,14,774,0.014180607733966134,5.321946840730922e-06,0.24766315737573408,0.09009740259740259
plane_v00_p3,svd_sde,26,649,0.01323729813194054,1.7354764597769236e-06,0.3042584620489135,0.068359375
plane_v00_p3,svd_sde,6,588,0.022154738563363446,3.1426974548557153e-06,0.29032253627248555,0.15652173913043477
plane_v00_p5,ransac_svd,1,424,0.051519055518069484,6.285724246816588e-05,0.3007287947547381,0.02971311475409836
plane_v00_p5,ransac_svd,14,821,0.021966301505267686,1.9531684315841217e-06,0.33922146115975294,0.08529111338100101
plane_v00_p5,ransac_svd,26,691,0.019928644508371958,3.716105956413436e-06,0.29439304990085385,0.04834761321909425
plane_v00_p5,ransac_svd,6,668,0.0284698227687851,2.4970386710073037e-06,0.2956924544708583,0.09987277353689566
plane_v00_p5,ransac_svd_sde,1,424,0.051519055518069484,6.285724246816588e-05,0.3007287947547381,0.02971311475409836
plane_v00_p5,ransac_svd_sde,14,821,0.021966301505267686,1.9531684315841217e-06,0.33922146115975294,0.08529111338100101
plane_v00_p5,ransac_svd_sde,26,691,0.019928644508371958,3.716105956413436e-06,0.29439304990085385,0.04834761321909425
plane_v00_p5,ransac_svd_sde,6,668,0.0284698227687851,2.4970386710073037e-06,0.2956924544708583,0.09987277353689566
plane_v00_p5,svd,1,424,0.051519055518069484,6.285724246816588e-05,0.3007287947547381,0.02971311475409836
plane_v00_p5,svd,14,821,0.012917045295812274,1.9531684315841217e-06,0.33922146115975294,0.09525025536261492
plane_v00_p5,svd,26,691,0.011122429860636785,3.716105956413436e-06,0.24646876150872724,0.062117503059975515
plane_v00_p5,svd,6,668,0.023791710196833314,2.4970386710073037e-06,0.2956924544708583,0.13104325699745548
plane_v00_p5,svd_sde,1,424,0.051519055518069484,6.285724246816588e-05,0.3007287947547381,0.02971311475409836
plane_v00_p5,svd_sde,14,821,0.012917045295812274,1.9531684315841217e-06,0.33922146115975294,0.09525025536261492
plane_v00_p5,svd_sde,26,691,0.011122429860636785,3.716105956413436e-06,0.24646876150872724,0.062117503059975515
plane_v00_p5,svd_sde,6,668,0.023791710196833314,2.4970386710073037e-06,0.2956924544708583,0.13104325699745548
plane_v01,ransac_svd,14,643,0.017552223098200075,7.600894628014497e-06,0.24056376890812214,0.14632545931758528
plane_v01,ransac_svd,26,654,0.013135503767469726,5.581841758631606e-06,0.22216304537077844,0.14594240837696335
plane_v01,ransac_svd,6,580,0.011232367312845812,1.3643978666654668e-08,0.1516280893367445,0.15652173913043477
plane_v01,ransac_svd_sde,14,643,0.017552223098200075,7.600894628014497e-06,0.24056376890812214,0.14632545931758528
plane_v01,ransac_svd_sde,26,654,0.013135503767469726,5.581841758631606e-06,0.22216304537077844,0.14594240837696335
plane_v01,ransac_svd_sde,6,580,0.011232367312845812,1.3643978666654668e-08,0.1516280893367445,0.15652173913043477
plane_v01,svd,14,643,0.014267077758145936,7.600894628014497e-06,0.24056376890812214,0.13484251968503935
plane_v01,svd,26,654,0.01019831791541368,5.581841758631606e-06,0.22216304537077844,0.14725130890052354
plane_v01,svd,6,580,0.011148548826369762,1.3643978666654668e-08,0.1516280893367445,0.16594202898550725
plane_v01,svd_sde,14,643,0.014267077758145936,7.600894628014497e-06,0.24056376890812214,0.13484251968503935
plane_v01,svd_sde,26,654,0.01019831791541368,5.581841758631606e-06,0.22216304537077844,0.14725130890052354
plane_v01,svd_sde,6,580,0.011148548826369762,1.3643978666654668e-08,0.1516280893367445,0.16594202898550725
plane_v01_1,ransac_svd,14,662,0.016697128920263187,9.324412464548885e-10,0.2365528060317519,0.14561855670103094
plane_v01_1,ransac_svd,26,657,0.012433588432606234,2.1483414929125883e-07,0.1535627337981569,0.12564599483204136
plane_v01_1,ransac_svd,6,611,0.012257552456415159,1.3643978666654668e-08,0.22500189229554643,0.14814814814814814
plane_v01_1,ransac_svd_sde,14,662,0.016697128920263187,9.324412464548885e-10,0.2365528060317519,0.14561855670103094
plane_v01_1,ransac_svd_sde,26,657,0.012433588432606234,2.1483414929125883e-07,0.1535627337981569,0.12564599483204136
plane_v01_1,ransac_svd_sde,6,611,0.012257552456415159,1.3643978666654668e-08,0.22500189229554643,0.14814814814814814
plane_v01_1,svd,14,662,0.014452017637481083,9.324412464548885e-10,0.2365528060317519,0.13949742268041238
plane_v01_1,svd,26,657,0.009748608897728175,2.1483414929125883e-07,0.1535627337981569,0.15536175710594316
plane_v01_1,svd,6,611,0.011472210194532853,1.3643978666654668e-08,0.22500189229554643,0.15706447187928668
plane_v01_1,svd_sde,14,662,0.014452017637481083,9.324412464548885e-10,0.2365528060317519,0.13949742268041238
plane_v01_1,svd_sde,26,657,0.009748608897728175,2.1483414929125883e-07,0.1535627337981569,0.15536175710594316
plane_v01_1,svd_sde,6,611,0.011472210194532853,1.3643978666654668e-08,0.22500189229554643,0.15706447187928668
plane_v01_1_cluster,ransac_svd,14,662,0.01674213023316636,9.324412464548885e-10,0.2365528060317519,0.14980670103092786
plane_v01_1_cluster,ransac_svd,26,657,0.012553496669982832,2.1483414929125883e-07,0.1535627337981569,0.12209302325581395
plane_v01_1_cluster,ransac_svd,6,611,0.012249087125012074,1.3643978666654668e-08,0.22500189229554643,0.15569272976680384
plane_v01_1_cluster,ransac_svd_sde,14,662,0.01674213023316636,9.324412464548885e-10,0.2365528060317519,0.14980670103092786
plane_v01_1_cluster,ransac_svd_sde,26,657,0.012553496669982832,2.1483414929125883e-07,0.1535627337981569,0.12209302325581395
plane_v01_1_cluster,ransac_svd_sde,6,611,0.012249087125012074,1.3643978666654668e-08,0.22500189229554643,0.15569272976680384
plane_v01_1_cluster,svd,14,662,0.014338183343667153,9.324412464548885e-10,0.2365528060317519,0.14207474226804123
plane_v01_1_cluster,svd,26,657,0.009736157441001505,2.1483414929125883e-07,0.1535627337981569,0.15180878552971577
plane_v01_1_cluster,svd,6,611,0.011434067916629256,1.3643978666654668e-08,0.22500189229554643,0.1646090534979424
plane_v01_1_cluster,svd_sde,14,662,0.014338183343667153,9.324412464548885e-10,0.2365528060317519,0.14207474226804123
plane_v01_1_cluster,svd_sde,26,657,0.009736157441001505,2.1483414929125883e-07,0.1535627337981569,0.15180878552971577
plane_v01_1_cluster,svd_sde,6,611,0.011434067916629256,1.3643978666654668e-08,0.22500189229554643,0.1646090534979424
plane_v01_1_hdbscan_ms2,ransac_svd,14,662,0.017284334700035178,9.324412464548885e-10,0.21823970799284995,0.12596649484536082
plane_v01_1_hdbscan_ms2,ransac_svd,26,657,0.013770192888928556,2.1483414929125883e-07,0.1535627337981569,0.11401808785529717
plane_v01_1_hdbscan_ms2,ransac_svd,6,611,0.011812135844968454,1.3643978666654668e-08,0.22500189229554643,0.15877914951989025
plane_v01_1_hdbscan_ms2,ransac_svd_sde,14,662,0.017284334700035178,9.324412464548885e-10,0.21823970799284995,0.12596649484536082
plane_v01_1_hdbscan_ms2,ransac_svd_sde,26,657,0.013770192888928556,2.1483414929125883e-07,0.1535627337981569,0.11401808785529717
plane_v01_1_hdbscan_ms2,ransac_svd_sde,6,611,0.011812135844968454,1.3643978666654668e-08,0.22500189229554643,0.15877914951989025
plane_v01_1_hdbscan_ms2,svd,14,662,0.0161733379064411,9.324412464548885e-10,0.21823970799284995,0.12757731958762886
plane_v01_1_hdbscan_ms2,svd,26,657,0.012420438502881341,2.1483414929125883e-07,0.1535627337981569,0.12693798449612403
plane_v01_1_hdbscan_ms2,svd,6,611,0.01132367195924071,1.3643978666654668e-08,0.22500189229554643,0.16426611796982166
plane_v01_1_hdbscan_ms2,svd_sde,14,662,0.0161733379064411,9.324412464548885e-10,0.21823970799284995,0.12757731958762886
plane_v01_1_hdbscan_ms2,svd_sde,26,657,0.012420438502881341,2.1483414929125883e-07,0.1535627337981569,0.12693798449612403
plane_v01_1_hdbscan_ms2,svd_sde,6,611,0.01132367195924071,1.3643978666654668e-08,0.22500189229554643,0.16426611796982166
plane_v01_1_hdbscan_ms3,ransac_svd,14,662,0.01634619492439011,9.324412464548885e-10,0.2365528060317519,0.1404639175257732
plane_v01_1_hdbscan_ms3,ransac_svd,26,657,0.012263640211976257,2.1483414929125883e-07,0.1535627337981569,0.1237080103359173
plane_v01_1_hdbscan_ms3,ransac_svd,6,611,0.012257552456415159,1.3643978666654668e-08,0.22500189229554643,0.14814814814814814
plane_v01_1_hdbscan_ms3,ransac_svd_sde,14,662,0.01634619492439011,9.324412464548885e-10,0.2365528060317519,0.1404639175257732
plane_v01_1_hdbscan_ms3,ransac_svd_sde,26,657,0.012263640211976257,2.1483414929125883e-07,0.1535627337981569,0.1237080103359173
plane_v01_1_hdbscan_ms3,ransac_svd_sde,6,611,0.012257552456415159,1.3643978666654668e-08,0.22500189229554643,0.14814814814814814
plane_v01_1_hdbscan_ms3,svd,14,662,0.015128861465662023,9.324412464548885e-10,0.2365528060317519,0.14304123711340205
plane_v01_1_hdbscan_ms3,svd,26,657,0.011479099448460995,2.1483414929125883e-07,0.1535627337981569,0.12693798449612403
plane_v01_1_hdbscan_ms3,svd,6,611,0.011472210194532853,1.3643978666654668e-08,0.22500189229554643,0.15706447187928668
plane_v01_1_hdbscan_ms3,svd_sde,14,662,0.015128861465662023,9.324412464548885e-10,0.2365528060317519,0.14304123711340205
plane_v01_1_hdbscan_ms3,svd_sde,26,657,0.011479099448460995,2.1483414929125883e-07,0.1535627337981569,0.12693798449612403
plane_v01_1_hdbscan_ms3,svd_sde,6,611,0.011472210194532853,1.3643978666654668e-08,0.22500189229554643,0.15706447187928668
plane_v01_1_hdbscan_ms5,ransac_svd,14,662,0.01654794202589159,9.324412464548885e-10,0.2365528060317519,0.14594072164948454
plane_v01_1_hdbscan_ms5,ransac_svd,26,657,0.012351682877671018,2.1483414929125883e-07,0.1535627337981569,0.12338501291989665
plane_v01_1_hdbscan_ms5,ransac_svd,6,611,0.012274401089390838,1.3643978666654668e-08,0.22500189229554643,0.14814814814814814
plane_v01_1_hdbscan_ms5,ransac_svd_sde,14,662,0.01654794202589159,9.324412464548885e-10,0.2365528060317519,0.14594072164948454
plane_v01_1_hdbscan_ms5,ransac_svd_sde,26,657,0.012351682877671018,2.1483414929125883e-07,0.1535627337981569,0.12338501291989665
plane_v01_1_hdbscan_ms5,ransac_svd_sde,6,611,0.012274401089390838,1.3643978666654668e-08,0.22500189229554643,0.14814814814814814
plane_v01_1_hdbscan_ms5,svd,14,662,0.014776887304561125,9.324412464548885e-10,0.2365528060317519,0.13756443298969073
plane_v01_1_hdbscan_ms5,svd,26,657,0.010539880905957932,2.1483414929125883e-07,0.1535627337981569,0.14082687338501293
plane_v01_1_hdbscan_ms5,svd,6,611,0.011468590019863611,1.3643978666654668e-08,0.22500189229554643,0.15706447187928668
plane_v01_1_hdbscan_ms5,svd_sde,14,662,0.014776887304561125,9.324412464548885e-10,0.2365528060317519,0.13756443298969073
plane_v01_1_hdbscan_ms5,svd_sde,26,657,0.010539880905957932,2.1483414929125883e-07,0.1535627337981569,0.14082687338501293
plane_v01_1_hdbscan_ms5,svd_sde,6,611,0.011468590019863611,1.3643978666654668e-08,0.22500189229554643,0.15706447187928668
plane_v01_1_p3,ransac_svd,14,767,0.016703564639116472,1.553745085845774e-09,0.24420082709010796,0.15422612513721184
plane_v01_1_p3,ransac_svd,26,712,0.011678078034816861,4.173005764745493e-06,0.09769714447085466,0.1431547619047619
plane_v01_1_p3,ransac_svd,6,729,0.013069838283833284,3.969199240496088e-07,0.22151828064107118,0.13673232908458866
plane_v01_1_p3,ransac_svd_sde,14,767,0.016703564639116472,1.553745085845774e-09,0.24420082709010796,0.15422612513721184
plane_v01_1_p3,ransac_svd_sde,26,712,0.011678078034816861,4.173005764745493e-06,0.09769714447085466,0.1431547619047619
plane_v01_1_p3,ransac_svd_sde,6,729,0.013069838283833284,3.969199240496088e-07,0.22151828064107118,0.13673232908458866
plane_v01_1_p3,svd,14,767,0.013978888683985695,1.553745085845774e-09,0.23606636787258845,0.1410537870472009
plane_v01_1_p3,svd,26,712,0.009336078707802125,1.4584975146910713e-06,0.09769714447085466,0.1607142857142857
plane_v01_1_p3,svd,6,729,0.01233845784434906,3.969199240496088e-07,0.22151828064107118,0.14281575898030124
plane_v01_1_p3,svd_sde,14,767,0.013978888683985695,1.553745085845774e-09,0.23606636787258845,0.1410537870472009
plane_v01_1_p3,svd_sde,26,712,0.009336078707802125,1.4584975146910713e-06,0.09769714447085466,0.1607142857142857
plane_v01_1_p3,svd_sde,6,729,0.01233845784434906,3.969199240496088e-07,0.22151828064107118,0.14281575898030124
plane_v01_1_p5,ransac_svd,14,820,0.015089778296320484,1.9965674248528153e-06,0.24381033311304723,0.19498464687819855
plane_v01_1_p5,ransac_svd,26,750,0.01194654584121049,2.631033293492374e-06,0.12819902986808523,0.16327683615819208
plane_v01_1_p5,ransac_svd,6,779,0.012475056445052405,2.974073054430728e-07,0.25350214601870136,0.14035560344827586
plane_v01_1_p5,ransac_svd_sde,14,820,0.015089778296320484,1.9965674248528153e-06,0.24381033311304723,0.19498464687819855
plane_v01_1_p5,ransac_svd_sde,26,750,0.01194654584121049,2.631033293492374e-06,0.12819902986808523,0.16327683615819208
plane_v01_1_p5,ransac_svd_sde,6,779,0.012475056445052405,2.974073054430728e-07,0.25350214601870136,0.14035560344827586
plane_v01_1_p5,svd,14,820,0.011445673323487737,3.4018306774135227e-06,0.21840400310558322,0.16709314227226202
plane_v01_1_p5,svd,26,750,0.009131198792466206,2.631033293492374e-06,0.12819902986808523,0.15988700564971753
plane_v01_1_p5,svd,6,779,0.011683637789530488,2.974073054430728e-07,0.25350214601870136,0.15355603448275862
plane_v01_1_p5,svd_sde,14,820,0.011445673323487737,3.4018306774135227e-06,0.21840400310558322,0.16709314227226202
plane_v01_1_p5,svd_sde,26,750,0.009131198792466206,2.631033293492374e-06,0.12819902986808523,0.15988700564971753
plane_v01_1_p5,svd_sde,6,779,0.011683637789530488,2.974073054430728e-07,0.25350214601870136,0.15355603448275862
plane_v01_cluster,ransac_svd,14,643,0.017017521476677337,7.600894628014497e-06,0.24056376890812214,0.14501312335958005
plane_v01_cluster,ransac_svd,26,654,0.01322387749480065,5.581841758631606e-06,0.22216304537077844,0.1462696335078534
plane_v01_cluster,ransac_svd,6,580,0.011206729768403489,1.3643978666654668e-08,0.1516280893367445,0.1641304347826087
plane_v01_cluster,ransac_svd_sde,14,643,0.017017521476677337,7.600894628014497e-06,0.24056376890812214,0.14501312335958005
plane_v01_cluster,ransac_svd_sde,26,654,0.01322387749480065,5.581841758631606e-06,0.22216304537077844,0.1462696335078534
plane_v01_cluster,ransac_svd_sde,6,580,0.011206729768403489,1.3643978666654668e-08,0.1516280893367445,0.1641304347826087
plane_v01_cluster,svd,14,643,0.014260099449384,7.600894628014497e-06,0.24056376890812214,0.13320209973753283
plane_v01_cluster,svd,26,654,0.010221140890815982,5.581841758631606e-06,0.22216304537077844,0.14659685863874344
plane_v01_cluster,svd,6,580,0.01109042871945179,1.3643978666654668e-08,0.1516280893367445,0.17355072463768118
plane_v01_cluster,svd_sde,14,643,0.014260099449384,7.600894628014497e-06,0.24056376890812214,0.13320209973753283
plane_v01_cluster,svd_sde,26,654,0.010221140890815982,5.581841758631606e-06,0.22216304537077844,0.14659685863874344
plane_v01_cluster,svd_sde,6,580,0.01109042871945179,1.3643978666654668e-08,0.1516280893367445,0.17355072463768118
plane_v01_hdbscan_ms2,ransac_svd,14,643,0.018164697145672665,7.600894628014497e-06,0.23443979213304142,0.13221784776902887
plane_v01_hdbscan_ms2,ransac_svd,26,654,0.014017552177390287,5.581841758631606e-06,0.22216304537077844,0.11158376963350786
plane_v01_hdbscan_ms2,ransac_svd,6,580,0.010749286524964308,1.3643978666654668e-08,0.1516280893367445,0.17246376811594205
plane_v01_hdbscan_ms2,ransac_svd_sde,14,643,0.018164697145672665,7.600894628014497e-06,0.23443979213304142,0.13221784776902887
plane_v01_hdbscan_ms2,ransac_svd_sde,26,654,0.014017552177390287,5.581841758631606e-06,0.22216304537077844,0.11158376963350786
plane_v01_hdbscan_ms2,ransac_svd_sde,6,580,0.010749286524964308,1.3643978666654668e-08,0.1516280893367445,0.17246376811594205
plane_v01_hdbscan_ms2,svd,14,643,0.01709506629302877,7.600894628014497e-06,0.23443979213304142,0.12926509186351706
plane_v01_hdbscan_ms2,svd,26,654,0.012399349080127414,5.581841758631606e-06,0.22216304537077844,0.12336387434554973
plane_v01_hdbscan_ms2,svd,6,580,0.010752507817176701,1.3643978666654668e-08,0.1516280893367445,0.18043478260869567
plane_v01_hdbscan_ms2,svd_sde,14,643,0.01709506629302877,7.600894628014497e-06,0.23443979213304142,0.12926509186351706
plane_v01_hdbscan_ms2,svd_sde,26,654,0.012399349080127414,5.581841758631606e-06,0.22216304537077844,0.12336387434554973
plane_v01_hdbscan_ms2,svd_sde,6,580,0.010752507817176701,1.3643978666654668e-08,0.1516280893367445,0.18043478260869567
plane_v01_hdbscan_ms3,ransac_svd,14,643,0.018809071800519588,7.600894628014497e-06,0.3690849112858782,0.14173228346456693
plane_v01_hdbscan_ms3,ransac_svd,26,654,0.01346637785695131,5.581841758631606e-06,0.22216304537077844,0.12270942408376964
plane_v01_hdbscan_ms3,ransac_svd,6,580,0.01120955009696894,1.3643978666654668e-08,0.1516280893367445,0.1572463768115942
plane_v01_hdbscan_ms3,ransac_svd_sde,14,643,0.018809071800519588,7.600894628014497e-06,0.3690849112858782,0.14173228346456693
plane_v01_hdbscan_ms3,ransac_svd_sde,26,654,0.01346637785695131,5.581841758631606e-06,0.22216304537077844,0.12270942408376964
plane_v01_hdbscan_ms3,ransac_svd_sde,6,580,0.01120955009696894,1.3643978666654668e-08,0.1516280893367445,0.1572463768115942
plane_v01_hdbscan_ms3,svd,14,643,0.01627568869044685,7.600894628014497e-06,0.3690849112858782,0.13156167979002625
plane_v01_hdbscan_ms3,svd,26,654,0.012171969798466393,5.581841758631606e-06,0.22216304537077844,0.1092931937172775
plane_v01_hdbscan_ms3,svd,6,580,0.011132287916888833,1.3643978666654668e-08,0.1516280893367445,0.16557971014492753
plane_v01_hdbscan_ms3,svd_sde,14,643,0.01627568869044685,7.600894628014497e-06,0.3690849112858782,0.13156167979002625
plane_v01_hdbscan_ms3,svd_sde,26,654,0.012171969798466393,5.581841758631606e-06,0.22216304537077844,0.1092931937172775
plane_v01_hdbscan_ms3,svd_sde,6,580,0.011132287916888833,1.3643978666654668e-08,0.1516280893367445,0.16557971014492753
plane_v01_hdbscan_ms5,ransac_svd,14,643,0.01731984902498757,7.600894628014497e-06,0.24056376890812214,0.14534120734908135
plane_v01_hdbscan_ms5,ransac_svd,26,654,0.013114333518856042,5.581841758631606e-06,0.22216304537077844,0.1393979057591623
plane_v01_hdbscan_ms5,ransac_svd,6,580,0.011232367312845812,1.3643978666654668e-08,0.1516280893367445,0.15652173913043477
plane_v01_hdbscan_ms5,ransac_svd_sde,14,643,0.01731984902498757,7.600894628014497e-06,0.24056376890812214,0.14534120734908135
plane_v01_hdbscan_ms5,ransac_svd_sde,26,654,0.013114333518856042,5.581841758631606e-06,0.22216304537077844,0.1393979057591623
plane_v01_hdbscan_ms5,ransac_svd_sde,6,580,0.011232367312845812,1.3643978666654668e-08,0.1516280893367445,0.15652173913043477
plane_v01_hdbscan_ms5,svd,14,643,0.014384845628178397,7.600894628014497e-06,0.24056376890812214,0.13451443569553806
plane_v01_hdbscan_ms5,svd,26,654,0.011183086282649166,5.581841758631606e-06,0.22216304537077844,0.13678010471204188
plane_v01_hdbscan_ms5,svd,6,580,0.011148548826369762,1.3643978666654668e-08,0.1516280893367445,0.16594202898550725
plane_v01_hdbscan_ms5,svd_sde,14,643,0.014384845628178397,7.600894628014497e-06,0.24056376890812214,0.13451443569553806
plane_v01_hdbscan_ms5,svd_sde,26,654,0.011183086282649166,5.581841758631606e-06,0.22216304537077844,0.13678010471204188
plane_v01_hdbscan_ms5,svd_sde,6,580,0.011148548826369762,1.3643978666654668e-08,0.1516280893367445,0.16594202898550725
plane_v01_p3,ransac_svd,14,764,0.017705781699302706,1.194519874827343e-06,0.2816147924425819,0.16089108910891087
plane_v01_p3,ransac_svd,26,712,0.013292602537856626,9.261083050253791e-07,0.2177864393897741,0.15955528846153846
plane_v01_p3,ransac_svd,6,715,0.01335673023504471,5.105751959161302e-07,0.2542205481547653,0.14340400471142523
plane_v01_p3,ransac_svd_sde,14,764,0.017705781699302706,1.194519874827343e-06,0.2816147924425819,0.16089108910891087
plane_v01_p3,ransac_svd_sde,26,712,0.013292602537856626,9.261083050253791e-07,0.2177864393897741,0.15955528846153846
plane_v01_p3,ransac_svd_sde,6,715,0.01335673023504471,5.105751959161302e-07,0.2542205481547653,0.14340400471142523
plane_v01_p3,svd,14,764,0.014489224573996907,1.194519874827343e-06,0.2761778477094252,0.13476347634763475
plane_v01_p3,svd,26,712,0.010525627065994721,9.261083050253791e-07,0.2177864393897741,0.16015625
plane_v01_p3,svd,6,715,0.013174595822238134,5.105751959161302e-07,0.2542205481547653,0.15577149587750294
plane_v01_p3,svd_sde,14,764,0.014489224573996907,1.194519874827343e-06,0.2761778477094252,0.13476347634763475
plane_v01_p3,svd_sde,26,712,0.010525627065994721,9.261083050253791e-07,0.2177864393897741,0.16015625
plane_v01_p3,svd_sde,6,715,0.013174595822238134,5.105751959161302e-07,0.2542205481547653,0.15577149587750294
plane_v01_p5,ransac_svd,14,813,0.01698370544614418,1.1151032018519923e-06,0.27193769682761715,0.19840041279669762
plane_v01_p5,ransac_svd,26,743,0.011634417203187234,1.2464895866280772e-06,0.17109545745899168,0.17439862542955326
plane_v01_p5,ransac_svd,6,760,0.011527458059464899,1.791604499389052e-07,0.2248717565765386,0.14867109634551495
plane_v01_p5,ransac_svd_sde,14,813,0.01698370544614418,1.1151032018519923e-06,0.27193769682761715,0.19840041279669762
plane_v01_p5,ransac_svd_sde,26,743,0.011634417203187234,1.2464895866280772e-06,0.17109545745899168,0.17439862542955326
plane_v01_p5,ransac_svd_sde,6,760,0.011527458059464899,1.791604499389052e-07,0.2248717565765386,0.14867109634551495
plane_v01_p5,svd,14,813,0.012437575415410738,1.1151032018519923e-06,0.23676206556546686,0.16047471620227038
plane_v01_p5,svd,26,743,0.0100779556884352,1.2464895866280772e-06,0.1927328454036198,0.16151202749140892
plane_v01_p5,svd,6,760,0.0112493129940725,1.791604499389052e-07,0.2248717565765386,0.1622369878183832
plane_v01_p5,svd_sde,14,813,0.012437575415410738,1.1151032018519923e-06,0.23676206556546686,0.16047471620227038
plane_v01_p5,svd_sde,26,743,0.0100779556884352,1.2464895866280772e-06,0.1927328454036198,0.16151202749140892
plane_v01_p5,svd_sde,6,760,0.0112493129940725,1.791604499389052e-07,0.2248717565765386,0.1622369878183832
plane_v02,ransac_svd,1,618,0.004746090460807968,1.558382870938092e-05,0.15142816860815028,0.4709066305818674
plane_v02,ransac_svd,14,837,0.0130929812452128,1.3662688947084892e-05,0.19400541303864502,0.11372745490981964
plane_v02,ransac_svd,26,723,0.015259298785823442,5.335099025502421e-06,0.19239287550803308,0.06293302540415704
plane_v02,ransac_svd,6,821,0.0125733790269028,1.3116213514429566e-06,0.2483984421529318,0.14719387755102042
plane_v02,ransac_svd_sde,1,618,0.004746090460807968,1.558382870938092e-05,0.15142816860815028,0.4709066305818674
plane_v02,ransac_svd_sde,14,837,0.0130929812452128,1.3662688947084892e-05,0.19400541303864502,0.11372745490981964
plane_v02,ransac_svd_sde,26,723,0.015259298785823442,5.335099025502421e-06,0.19239287550803308,0.06293302540415704
plane_v02,ransac_svd_sde,6,821,0.0125733790269028,1.3116213514429566e-06,0.2483984421529318,0.14719387755102042
plane_v02,svd,1,618,0.004746090460807968,1.558382870938092e-05,0.15142816860815028,0.4709066305818674
plane_v02,svd,14,837,0.008684619650647015,1.3868699640696906e-06,0.19400541303864502,0.11272545090180361
plane_v02,svd,26,723,0.005385984350700766,4.325070267379976e-06,0.06625595180620156,0.0972863741339492
plane_v02,svd,6,821,0.008319460689917681,1.3116213514429566e-06,0.22890919778480737,0.1375
plane_v02,svd_sde,1,618,0.004746090460807968,1.558382870938092e-05,0.15142816860815028,0.4709066305818674
plane_v02,svd_sde,14,837,0.008684619650647015,1.3868699640696906e-06,0.19400541303864502,0.11272545090180361
plane_v02,svd_sde,26,723,0.005385984350700766,4.325070267379976e-06,0.06625595180620156,0.0972863741339492
plane_v02,svd_sde,6,821,0.008319460689917681,1.3116213514429566e-06,0.22890919778480737,0.1375
plane_v02_1,ransac_svd,1,616,0.004097442023770762,1.558382870938092e-05,0.12374698406360557,0.46190476190476193
plane_v02_1,ransac_svd,14,840,0.015780709471509117,3.271161371227206e-06,0.2570945514217284,0.08075772681954138
plane_v02_1,ransac_svd,26,770,0.015486844972684963,1.8680847112326838e-06,0.19971652980873972,0.06209327548806942
plane_v02_1,ransac_svd,6,821,0.01357472510613208,2.8047797269236295e-06,0.24282071295960508,0.11646279306829765
plane_v02_1,ransac_svd_sde,1,616,0.004097442023770762,1.558382870938092e-05,0.12374698406360557,0.46190476190476193
plane_v02_1,ransac_svd_sde,14,840,0.015780709471509117,3.271161371227206e-06,0.2570945514217284,0.08075772681954138
plane_v02_1,ransac_svd_sde,26,770,0.015486844972684963,1.8680847112326838e-06,0.19971652980873972,0.06209327548806942
plane_v02_1,ransac_svd_sde,6,821,0.01357472510613208,2.8047797269236295e-06,0.24282071295960508,0.11646279306829765
plane_v02_1,svd,1,616,0.004097442023770762,1.558382870938092e-05,0.12374698406360557,0.46190476190476193
plane_v02_1,svd,14,840,0.01032399136078899,3.271161371227206e-06,0.3078884920558211,0.08374875373878365
plane_v02_1,svd,26,770,0.005858978747620577,1.8680847112326838e-06,0.19208380803965758,0.09110629067245118
plane_v02_1,svd,6,821,0.009699267713646435,2.0910641859163094e-06,0.22749282544613056,0.11952089704383281
plane_v02_1,svd_sde,1,616,0.004097442023770762,1.558382870938092e-05,0.12374698406360557,0.46190476190476193
plane_v02_1,svd_sde,14,840,0.01032399136078899,3.271161371227206e-06,0.3078884920558211,0.08374875373878365
plane_v02_1,svd_sde,26,770,0.005858978747620577,1.8680847112326838e-06,0.19208380803965758,0.09110629067245118
plane_v02_1,svd_sde,6,821,0.009699267713646435,2.0910641859163094e-06,0.22749282544613056,0.11952089704383281
plane_v02_1_cluster,ransac_svd,1,616,0.004097442023770762,1.558382870938092e-05,0.12374698406360557,0.46190476190476193
plane_v02_1_cluster,ransac_svd,14,840,0.01574540188556456,2.1394576842218687e-06,0.25709455142172866,0.0777666999002991
plane_v02_1_cluster,ransac_svd,26,769,0.015171558999618136,1.207300972890147e-05,0.19208380803965758,0.050488599348534204
plane_v02_1_cluster,ransac_svd,6,821,0.013458319680223717,4.67537311483909e-08,0.24282071295960508,0.11085626911314986
plane_v02_1_cluster,ransac_svd_sde,1,616,0.004097442023770762,1.558382870938092e-05,0.12374698406360557,0.46190476190476193
plane_v02_1_cluster,ransac_svd_sde,14,840,0.01574540188556456,2.1394576842218687e-06,0.25709455142172866,0.0777666999002991
plane_v02_1_cluster,ransac_svd_sde,26,769,0.015171558999618136,1.207300972890147e-05,0.19208380803965758,0.050488599348534204
plane_v02_1_cluster,ransac_svd_sde,6,821,0.013458319680223717,4.67537311483909e-08,0.24282071295960508,0.11085626911314986
plane_v02_1_cluster,svd,1,616,0.004097442023770762,1.558382870938092e-05,0.12374698406360557,0.46190476190476193
plane_v02_1_cluster,svd,14,840,0.01020088719744102,2.1394576842218687e-06,0.3078884920558212,0.08773678963110668
plane_v02_1_cluster,svd,26,769,0.005473280837011891,9.898929241842769e-06,0.19208380803965758,0.08930510314875136
plane_v02_1_cluster,svd,6,821,0.00981486656333003,4.67537311483909e-08,0.22749282544613056,0.12054026503567788
plane_v02_1_cluster,svd_sde,1,616,0.004097442023770762,1.558382870938092e-05,0.12374698406360557,0.46190476190476193
plane_v02_1_cluster,svd_sde,14,840,0.01020088719744102,2.1394576842218687e-06,0.3078884920558212,0.08773678963110668
plane_v02_1_cluster,svd_sde,26,769,0.005473280837011891,9.898929241842769e-06,0.19208380803965758,0.08930510314875136
plane_v02_1_cluster,svd_sde,6,821,0.00981486656333003,4.67537311483909e-08,0.22749282544613056,0.12054026503567788
plane_v02_1_hdbscan_ms2,ransac_svd,1,616,0.004097442023770762,1.558382870938092e-05,0.12374698406360557,0.46190476190476193
plane_v02_1_hdbscan_ms2,ransac_svd,14,840,0.015523709741633482,1.2524849994938382e-07,0.2570945514217282,0.10817547357926222
plane_v02_1_hdbscan_ms2,ransac_svd,26,770,0.015134953704089087,7.779995398619991e-06,0.19351194925537624,0.07592190889370933
plane_v02_1_hdbscan_ms2,ransac_svd,6,821,0.01045204796281849,4.67537311483909e-08,0.27099644989614635,0.18144750254842
plane_v02_1_hdbscan_ms2,ransac_svd_sde,1,616,0.004097442023770762,1.558382870938092e-05,0.12374698406360557,0.46190476190476193
plane_v02_1_hdbscan_ms2,ransac_svd_sde,14,840,0.015523709741633482,1.2524849994938382e-07,0.2570945514217282,0.10817547357926222
plane_v02_1_hdbscan_ms2,ransac_svd_sde,26,770,0.015134953704089087,7.779995398619991e-06,0.19351194925537624,0.07592190889370933
plane_v02_1_hdbscan_ms2,ransac_svd_sde,6,821,0.01045204796281849,4.67537311483909e-08,0.27099644989614635,0.18144750254842
plane_v02_1_hdbscan_ms2,svd,1,616,0.004097442023770762,1.558382870938092e-05,0.12374698406360557,0.46190476190476193
plane_v02_1_hdbscan_ms2,svd,14,840,0.011403596562687014,1.2524849994938382e-07,0.30788849205582086,0.10643070787637088
plane_v02_1_hdbscan_ms2,svd,26,770,0.006205659408316557,7.779995398619991e-06,0.19208380803965758,0.10303687635574837
plane_v02_1_hdbscan_ms2,svd,6,821,0.00969298459680358,4.67537311483909e-08,0.22749282544613056,0.18705402650356778
plane_v02_1_hdbscan_ms2,svd_sde,1,616,0.004097442023770762,1.558382870938092e-05,0.12374698406360557,0.46190476190476193
plane_v02_1_hdbscan_ms2,svd_sde,14,840,0.011403596562687014,1.2524849994938382e-07,0.30788849205582086,0.10643070787637088
plane_v02_1_hdbscan_ms2,svd_sde,26,770,0.006205659408316557,7.779995398619991e-06,0.19208380803965758,0.10303687635574837
plane_v02_1_hdbscan_ms2,svd_sde,6,821,0.00969298459680358,4.67537311483909e-08,0.22749282544613056,0.18705402650356778
plane_v02_1_hdbscan_ms3,ransac_svd,1,616,0.004097442023770762,1.558382870938092e-05,0.12374698406360557,0.46190476190476193
plane_v02_1_hdbscan_ms3,ransac_svd,14,840,0.01633794366589793,7.003801114342788e-06,0.3051169416579601,0.10094715852442672
plane_v02_1_hdbscan_ms3,ransac_svd,26,770,0.015977653509279096,1.0110953610523584e-05,0.19208380803965758,0.09436008676789588
plane_v02_1_hdbscan_ms3,ransac_svd,6,821,0.011388605179780636,1.6106783872237977e-06,0.22749282544613056,0.16258919469928645
plane_v02_1_hdbscan_ms3,ransac_svd_sde,1,616,0.004097442023770762,1.558382870938092e-05,0.12374698406360557,0.46190476190476193
plane_v02_1_hdbscan_ms3,ransac_svd_sde,14,840,0.01633794366589793,7.003801114342788e-06,0.3051169416579601,0.10094715852442672
plane_v02_1_hdbscan_ms3,ransac_svd_sde,26,770,0.015977653509279096,1.0110953610523584e-05,0.19208380803965758,0.09436008676789588
plane_v02_1_hdbscan_ms3,ransac_svd_sde,6,821,0.011388605179780636,1.6106783872237977e-06,0.22749282544613056,0.16258919469928645
plane_v02_1_hdbscan_ms3,svd,1,616,0.004097442023770762,1.558382870938092e-05,0.12374698406360557,0.46190476190476193
plane_v02_1_hdbscan_ms3,svd,14,840,0.014763591339024353,7.003801114342788e-06,0.3051169416579601,0.1034396809571286
plane_v02_1_hdbscan_ms3,svd,26,770,0.010484650347020603,1.0110953610523584e-05,0.19208380803965758,0.09517353579175705
plane_v02_1_hdbscan_ms3,svd,6,821,0.010038954528456866,1.6106783872237977e-06,0.22749282544613056,0.177624872579001
plane_v02_1_hdbscan_ms3,svd_sde,1,616,0.004097442023770762,1.558382870938092e-05,0.12374698406360557,0.46190476190476193
plane_v02_1_hdbscan_ms3,svd_sde,14,840,0.014763591339024353,7.003801114342788e-06,0.3051169416579601,0.1034396809571286
plane_v02_1_hdbscan_ms3,svd_sde,26,770,0.010484650347020603,1.0110953610523584e-05,0.19208380803965758,0.09517353579175705
plane_v02_1_hdbscan_ms3,svd_sde,6,821,0.010038954528456866,1.6106783872237977e-06,0.22749282544613056,0.177624872579001
plane_v02_1_hdbscan_ms5,ransac_svd,1,616,0.004097442023770762,1.558382870938092e-05,0.12374698406360557,0.46190476190476193
plane_v02_1_hdbscan_ms5,ransac_svd,14,840,0.015612706436800987,3.271161371227206e-06,0.2873237630833799,0.10094715852442672
plane_v02_1_hdbscan_ms5,ransac_svd,26,770,0.013449943817329313,1.0110953610523584e-05,0.19208380803965758,0.1244577006507592
plane_v02_1_hdbscan_ms5,ransac_svd,6,821,0.013465435018237618,6.032244249240316e-07,0.24282071295960508,0.14398572884811417
plane_v02_1_hdbscan_ms5,ransac_svd_sde,1,616,0.004097442023770762,1.558382870938092e-05,0.12374698406360557,0.46190476190476193
plane_v02_1_hdbscan_ms5,ransac_svd_sde,14,840,0.015612706436800987,3.271161371227206e-06,0.2873237630833799,0.10094715852442672
plane_v02_1_hdbscan_ms5,ransac_svd_sde,26,770,0.013449943817329313,1.0110953610523584e-05,0.19208380803965758,0.1244577006507592
plane_v02_1_hdbscan_ms5,ransac_svd_sde,6,821,0.013465435018237618,6.032244249240316e-07,0.24282071295960508,0.14398572884811417
plane_v02_1_hdbscan_ms5,svd,1,616,0.004097442023770762,1.558382870938092e-05,0.12374698406360557,0.46190476190476193
plane_v02_1_hdbscan_ms5,svd,14,840,0.013670561050894963,3.271161371227206e-06,0.2873237630833799,0.10618145563310069
plane_v02_1_hdbscan_ms5,svd,26,770,0.012545001201126052,1.0110953610523584e-05,0.19208380803965758,0.12662689804772234
plane_v02_1_hdbscan_ms5,svd,6,821,0.009915323965147802,6.032244249240316e-07,0.22749282544613056,0.14627930682976556
plane_v02_1_hdbscan_ms5,svd_sde,1,616,0.004097442023770762,1.558382870938092e-05,0.12374698406360557,0.46190476190476193
plane_v02_1_hdbscan_ms5,svd_sde,14,840,0.013670561050894963,3.271161371227206e-06,0.2873237630833799,0.10618145563310069
plane_v02_1_hdbscan_ms5,svd_sde,26,770,0.012545001201126052,1.0110953610523584e-05,0.19208380803965758,0.12662689804772234
plane_v02_1_hdbscan_ms5,svd_sde,6,821,0.009915323965147802,6.032244249240316e-07,0.22749282544613056,0.14627930682976556
plane_v02_1_p3,ransac_svd,1,737,0.018191635236560526,2.9224558579066112e-05,0.30921360912762136,0.33644067796610166
plane_v02_1_p3,ransac_svd,14,848,0.016643547260314702,7.6126988282123964e-06,0.255789906464395,0.07534584980237155
plane_v02_1_p3,ransac_svd,26,794,0.015250206918308145,2.58106120347772e-06,0.19917332169746296,0.04894736842105263
plane_v02_1_p3,ransac_svd,6,838,0.012658633962967859,2.5383034468081125e-06,0.24361808877281727,0.13036963036963037
plane_v02_1_p3,ransac_svd_sde,1,737,0.018191635236560526,2.9224558579066112e-05,0.30921360912762136,0.33644067796610166
plane_v02_1_p3,ransac_svd_sde,14,848,0.016643547260314702,7.6126988282123964e-06,0.255789906464395,0.07534584980237155
plane_v02_1_p3,ransac_svd_sde,26,794,0.015250206918308145,2.58106120347772e-06,0.19917332169746296,0.04894736842105263
plane_v02_1_p3,ransac_svd_sde,6,838,0.012658633962967859,2.5383034468081125e-06,0.24361808877281727,0.13036963036963037
plane_v02_1_p3,svd,1,737,0.018191635236560526,2.9224558579066112e-05,0.30921360912762136,0.33644067796610166
plane_v02_1_p3,svd,14,848,0.009654331516068305,3.770430586748786e-06,0.3074963816713297,0.07954545454545454
plane_v02_1_p3,svd,26,794,0.005657297584622991,2.58106120347772e-06,0.16788750057741633,0.08789473684210526
plane_v02_1_p3,svd,6,838,0.008600301581740247,2.293537434415176e-06,0.2213689427664316,0.10739260739260739
plane_v02_1_p3,svd_sde,1,737,0.018191635236560526,2.9224558579066112e-05,0.30921360912762136,0.33644067796610166
plane_v02_1_p3,svd_sde,14,848,0.009654331516068305,3.770430586748786e-06,0.3074963816713297,0.07954545454545454
plane_v02_1_p3,svd_sde,26,794,0.005657297584622991,2.58106120347772e-06,0.16788750057741633,0.08789473684210526
plane_v02_1_p3,svd_sde,6,838,0.008600301581740247,2.293537434415176e-06,0.2213689427664316,0.10739260739260739
plane_v02_1_p5,ransac_svd,1,788,0.022734472991479703,8.559352429180066e-06,0.3249499187483247,0.29723991507430997
plane_v02_1_p5,ransac_svd,14,850,0.015746102929465204,2.937783408811506e-06,0.310055812728661,0.07840236686390534
plane_v02_1_p5,ransac_svd,26,807,0.014753798593510253,6.095323413705495e-06,0.20123744194370222,0.047248182762201454
plane_v02_1_p5,ransac_svd,6,843,0.013056435420927753,2.810223345809989e-06,0.24122829418594505,0.12002982107355865
plane_v02_1_p5,ransac_svd_sde,1,788,0.022734472991479703,8.559352429180066e-06,0.3249499187483247,0.29723991507430997
plane_v02_1_p5,ransac_svd_sde,14,850,0.015746102929465204,2.937783408811506e-06,0.310055812728661,0.07840236686390534
plane_v02_1_p5,ransac_svd_sde,26,807,0.014753798593510253,6.095323413705495e-06,0.20123744194370222,0.047248182762201454
plane_v02_1_p5,ransac_svd_sde,6,843,0.013056435420927753,2.810223345809989e-06,0.24122829418594505,0.12002982107355865
plane_v02_1_p5,svd,1,788,0.022734472991479703,8.559352429180066e-06,0.3249499187483247,0.29723991507430997
plane_v02_1_p5,svd,14,850,0.009057162697615051,2.937783408811506e-06,0.310055812728661,0.07371794871794872
plane_v02_1_p5,svd,26,807,0.0047916816473647945,6.095323413705495e-06,0.08218049123025441,0.09267912772585671
plane_v02_1_p5,svd,6,843,0.008584450000771302,2.810223345809989e-06,0.22549623288789322,0.09766401590457258
plane_v02_1_p5,svd_sde,1,788,0.022734472991479703,8.559352429180066e-06,0.3249499187483247,0.29723991507430997
plane_v02_1_p5,svd_sde,14,850,0.009057162697615051,2.937783408811506e-06,0.310055812728661,0.07371794871794872
plane_v02_1_p5,svd_sde,26,807,0.0047916816473647945,6.095323413705495e-06,0.08218049123025441,0.09267912772585671
plane_v02_1_p5,svd_sde,6,843,0.008584450000771302,2.810223345809989e-06,0.22549623288789322,0.09766401590457258
plane_v02_cluster,ransac_svd,1,618,0.004746090460807968,1.558382870938092e-05,0.15142816860815028,0.4709066305818674
plane_v02_cluster,ransac_svd,14,837,0.013135675999977907,8.146843810096321e-06,0.1940054130386449,0.10270541082164328
plane_v02_cluster,ransac_svd,26,722,0.01439111850056216,4.231172375153827e-06,0.19120177606636382,0.05982658959537572
plane_v02_cluster,ransac_svd,6,821,0.012757134278868303,1.0907347933103568e-06,0.2483984421529318,0.1423469387755102
plane_v02_cluster,ransac_svd_sde,1,618,0.004746090460807968,1.558382870938092e-05,0.15142816860815028,0.4709066305818674
plane_v02_cluster,ransac_svd_sde,14,837,0.013135675999977907,8.146843810096321e-06,0.1940054130386449,0.10270541082164328
plane_v02_cluster,ransac_svd_sde,26,722,0.01439111850056216,4.231172375153827e-06,0.19120177606636382,0.05982658959537572
plane_v02_cluster,ransac_svd_sde,6,821,0.012757134278868303,1.0907347933103568e-06,0.2483984421529318,0.1423469387755102
plane_v02_cluster,svd,1,618,0.004746090460807968,1.558382870938092e-05,0.15142816860815028,0.4709066305818674
plane_v02_cluster,svd,14,837,0.0083383323411876,1.3868699640696906e-06,0.1940054130386449,0.11047094188376753
plane_v02_cluster,svd,26,722,0.005054092412098124,4.231172375153827e-06,0.06625595180620156,0.09248554913294797
plane_v02_cluster,svd,6,821,0.008242281115537719,1.0907347933103568e-06,0.22890919778480737,0.1392857142857143
plane_v02_cluster,svd_sde,1,618,0.004746090460807968,1.558382870938092e-05,0.15142816860815028,0.4709066305818674
plane_v02_cluster,svd_sde,14,837,0.0083383323411876,1.3868699640696906e-06,0.1940054130386449,0.11047094188376753
plane_v02_cluster,svd_sde,26,722,0.005054092412098124,4.231172375153827e-06,0.06625595180620156,0.09248554913294797
plane_v02_cluster,svd_sde,6,821,0.008242281115537719,1.0907347933103568e-06,0.22890919778480737,0.1392857142857143
plane_v02_hdbscan_ms2,ransac_svd,1,618,0.004746090460807968,1.558382870938092e-05,0.15142816860815028,0.4709066305818674
plane_v02_hdbscan_ms2,ransac_svd,14,837,0.01149583255577873,6.794488032529183e-07,0.19400541303864502,0.14253507014028055
plane_v02_hdbscan_ms2,ransac_svd,26,723,0.014435310520162637,1.4647656418701363e-06,0.2745060739882328,0.07390300230946882
plane_v02_hdbscan_ms2,ransac_svd,6,821,0.008823357590875856,9.472233553854041e-08,0.22890919778480737,0.21454081632653063
plane_v02_hdbscan_ms2,ransac_svd_sde,1,618,0.004746090460807968,1.558382870938092e-05,0.15142816860815028,0.4709066305818674
plane_v02_hdbscan_ms2,ransac_svd_sde,14,837,0.01149583255577873,6.794488032529183e-07,0.19400541303864502,0.14253507014028055
plane_v02_hdbscan_ms2,ransac_svd_sde,26,723,0.014435310520162637,1.4647656418701363e-06,0.2745060739882328,0.07390300230946882
plane_v02_hdbscan_ms2,ransac_svd_sde,6,821,0.008823357590875856,9.472233553854041e-08,0.22890919778480737,0.21454081632653063
plane_v02_hdbscan_ms2,svd,1,618,0.004746090460807968,1.558382870938092e-05,0.15142816860815028,0.4709066305818674
plane_v02_hdbscan_ms2,svd,14,837,0.00911405063746155,6.794488032529183e-07,0.19400541303864502,0.14103206412825653
plane_v02_hdbscan_ms2,svd,26,723,0.0061126531037617865,1.4647656418701363e-06,0.2745060739882328,0.1024826789838337
plane_v02_hdbscan_ms2,svd,6,821,0.008217551965128394,9.472233553854041e-08,0.22890919778480737,0.22270408163265307
plane_v02_hdbscan_ms2,svd_sde,1,618,0.004746090460807968,1.558382870938092e-05,0.15142816860815028,0.4709066305818674
plane_v02_hdbscan_ms2,svd_sde,14,837,0.00911405063746155,6.794488032529183e-07,0.19400541303864502,0.14103206412825653
plane_v02_hdbscan_ms2,svd_sde,26,723,0.0061126531037617865,1.4647656418701363e-06,0.2745060739882328,0.1024826789838337
plane_v02_hdbscan_ms2,svd_sde,6,821,0.008217551965128394,9.472233553854041e-08,0.22890919778480737,0.22270408163265307
plane_v02_hdbscan_ms3,ransac_svd,1,618,0.004746090460807968,1.558382870938092e-05,0.15142816860815028,0.4709066305818674
plane_v02_hdbscan_ms3,ransac_svd,14,837,0.012186125061572142,8.655182265285373e-06,0.19400541303864502,0.13877755511022044
plane_v02_hdbscan_ms3,ransac_svd,26,723,0.014652919557885453,5.335099025502421e-06,0.1433936626459134,0.101905311778291
plane_v02_hdbscan_ms3,ransac_svd,6,821,0.010154518878881847,1.3116213514429566e-06,0.22890919778480737,0.2045918367346939
plane_v02_hdbscan_ms3,ransac_svd_sde,1,618,0.004746090460807968,1.558382870938092e-05,0.15142816860815028,0.4709066305818674
plane_v02_hdbscan_ms3,ransac_svd_sde,14,837,0.012186125061572142,8.655182265285373e-06,0.19400541303864502,0.13877755511022044
plane_v02_hdbscan_ms3,ransac_svd_sde,26,723,0.014652919557885453,5.335099025502421e-06,0.1433936626459134,0.101905311778291
plane_v02_hdbscan_ms3,ransac_svd_sde,6,821,0.010154518878881847,1.3116213514429566e-06,0.22890919778480737,0.2045918367346939
plane_v02_hdbscan_ms3,svd,1,618,0.004746090460807968,1.558382870938092e-05,0.15142816860815028,0.4709066305818674
plane_v02_hdbscan_ms3,svd,14,837,0.010962355505878534,1.3868699640696906e-06,0.19400541303864502,0.1497995991983968
plane_v02_hdbscan_ms3,svd,26,723,0.009232055622005825,5.335099025502421e-06,0.1433936626459134,0.09930715935334873
plane_v02_hdbscan_ms3,svd,6,821,0.008803069652894168,1.3116213514429566e-06,0.22890919778480737,0.21887755102040815
plane_v02_hdbscan_ms3,svd_sde,1,618,0.004746090460807968,1.558382870938092e-05,0.15142816860815028,0.4709066305818674
plane_v02_hdbscan_ms3,svd_sde,14,837,0.010962355505878534,1.3868699640696906e-06,0.19400541303864502,0.1497995991983968
plane_v02_hdbscan_ms3,svd_sde,26,723,0.009232055622005825,5.335099025502421e-06,0.1433936626459134,0.09930715935334873
plane_v02_hdbscan_ms3,svd_sde,6,821,0.008803069652894168,1.3116213514429566e-06,0.22890919778480737,0.21887755102040815
plane_v02_hdbscan_ms5,ransac_svd,1,618,0.004746090460807968,1.558382870938092e-05,0.15142816860815028,0.4709066305818674
plane_v02_hdbscan_ms5,ransac_svd,14,837,0.011714698895068959,1.3662688947084892e-05,0.14369371057976338,0.15330661322645292
plane_v02_hdbscan_ms5,ransac_svd,26,723,0.012201191795100076,2.216667658920408e-06,0.14771391588093996,0.12095842956120093
plane_v02_hdbscan_ms5,ransac_svd,6,821,0.012848323942196775,1.3116213514429566e-06,0.2483984421529318,0.15994897959183674
plane_v02_hdbscan_ms5,ransac_svd_sde,1,618,0.004746090460807968,1.558382870938092e-05,0.15142816860815028,0.4709066305818674
plane_v02_hdbscan_ms5,ransac_svd_sde,14,837,0.011714698895068959,1.3662688947084892e-05,0.14369371057976338,0.15330661322645292
plane_v02_hdbscan_ms5,ransac_svd_sde,26,723,0.012201191795100076,2.216667658920408e-06,0.14771391588093996,0.12095842956120093
plane_v02_hdbscan_ms5,ransac_svd_sde,6,821,0.012848323942196775,1.3116213514429566e-06,0.2483984421529318,0.15994897959183674
plane_v02_hdbscan_ms5,svd,1,618,0.004746090460807968,1.558382870938092e-05,0.15142816860815028,0.4709066305818674
plane_v02_hdbscan_ms5,svd,14,837,0.010004403631811225,1.3868699640696906e-06,0.14369371057976338,0.15706412825651303
plane_v02_hdbscan_ms5,svd,26,723,0.01118892099698182,2.216667658920408e-06,0.14771391588093996,0.1258660508083141
plane_v02_hdbscan_ms5,svd,6,821,0.00919161028650811,1.3116213514429566e-06,0.22890919778480737,0.15663265306122448
plane_v02_hdbscan_ms5,svd_sde,1,618,0.004746090460807968,1.558382870938092e-05,0.15142816860815028,0.4709066305818674
plane_v02_hdbscan_ms5,svd_sde,14,837,0.010004403631811225,1.3868699640696906e-06,0.14369371057976338,0.15706412825651303
plane_v02_hdbscan_ms5,svd_sde,26,723,0.01118892099698182,2.216667658920408e-06,0.14771391588093996,0.1258660508083141
plane_v02_hdbscan_ms5,svd_sde,6,821,0.00919161028650811,1.3116213514429566e-06,0.22890919778480737,0.15663265306122448
plane_v02_p3,ransac_svd,1,733,0.018845187175525205,2.0864206068211898e-05,0.31159405792220923,0.3313356164383562
plane_v02_p3,ransac_svd,14,845,0.01360950449010706,8.529380179365508e-06,0.20001480737777033,0.1070366699702676
plane_v02_p3,ransac_svd,26,755,0.014953316269679636,3.880938150269057e-06,0.19024333380998076,0.054756637168141595
plane_v02_p3,ransac_svd,6,832,0.01236812369668414,2.534124500110901e-06,0.2462420639442787,0.1352169525731584
plane_v02_p3,ransac_svd_sde,1,733,0.018845187175525205,2.0864206068211898e-05,0.31159405792220923,0.3313356164383562
plane_v02_p3,ransac_svd_sde,14,845,0.01360950449010706,8.529380179365508e-06,0.20001480737777033,0.1070366699702676
plane_v02_p3,ransac_svd_sde,26,755,0.014953316269679636,3.880938150269057e-06,0.19024333380998076,0.054756637168141595
plane_v02_p3,ransac_svd_sde,6,832,0.01236812369668414,2.534124500110901e-06,0.2462420639442787,0.1352169525731584
plane_v02_p3,svd,1,733,0.018845187175525205,2.0864206068211898e-05,0.31159405792220923,0.3313356164383562
plane_v02_p3,svd,14,845,0.008048844879969116,7.041141767475669e-06,0.12361839766477298,0.09390485629335976
plane_v02_p3,svd,26,755,0.005352531303860848,3.880938150269057e-06,0.06614934483784767,0.0898783185840708
plane_v02_p3,svd,6,832,0.007229076943674413,2.534124500110901e-06,0.1785394550516301,0.11806256306760848
plane_v02_p3,svd_sde,1,733,0.018845187175525205,2.0864206068211898e-05,0.31159405792220923,0.3313356164383562
plane_v02_p3,svd_sde,14,845,0.008048844879969116,7.041141767475669e-06,0.12361839766477298,0.09390485629335976
plane_v02_p3,svd_sde,26,755,0.005352531303860848,3.880938150269057e-06,0.06614934483784767,0.0898783185840708
plane_v02_p3,svd_sde,6,832,0.007229076943674413,2.534124500110901e-06,0.1785394550516301,0.11806256306760848
plane_v02_p5,ransac_svd,1,775,0.022613132968422642,8.559352429180066e-06,0.3477998581733279,0.28521126760563376
plane_v02_p5,ransac_svd,14,847,0.012820633652451128,4.344354333996509e-06,0.19485243282072676,0.10163204747774482
plane_v02_p5,ransac_svd,26,769,0.015670625757522736,6.038502621720605e-06,0.20831741792684016,0.04874727668845316
plane_v02_p5,ransac_svd,6,839,0.01120676202802366,4.4284665121926675e-06,0.24413672120190136,0.14125
plane_v02_p5,ransac_svd_sde,1,775,0.022613132968422642,8.559352429180066e-06,0.3477998581733279,0.28521126760563376
plane_v02_p5,ransac_svd_sde,14,847,0.012820633652451128,4.344354333996509e-06,0.19485243282072676,0.10163204747774482
plane_v02_p5,ransac_svd_sde,26,769,0.015670625757522736,6.038502621720605e-06,0.20831741792684016,0.04874727668845316
plane_v02_p5,ransac_svd_sde,6,839,0.01120676202802366,4.4284665121926675e-06,0.24413672120190136,0.14125
plane_v02_p5,svd,1,775,0.022613132968422642,8.559352429180066e-06,0.3477998581733279,0.28521126760563376
plane_v02_p5,svd,14,847,0.007297944437915414,3.1669677785515173e-06,0.07829043671171668,0.08456973293768547
plane_v02_p5,svd,26,769,0.0057410191646372795,6.038502621720605e-06,0.20831741792684016,0.08741830065359477
plane_v02_p5,svd,6,839,0.007129458678695937,1.590310797259106e-05,0.17418244818015194,0.10875
plane_v02_p5,svd_sde,1,775,0.022613132968422642,8.559352429180066e-06,0.3477998581733279,0.28521126760563376
plane_v02_p5,svd_sde,14,847,0.007297944437915414,3.1669677785515173e-06,0.07829043671171668,0.08456973293768547
plane_v02_p5,svd_sde,26,769,0.0057410191646372795,6.038502621720605e-06,0.20831741792684016,0.08741830065359477
plane_v02_p5,svd_sde,6,839,0.007129458678695937,1.590310797259106e-05,0.17418244818015194,0.10875
plane_v03,ransac_svd,14,624,0.014792410137051393,2.0721482723584815e-06,0.1835968711073216,0.16610738255033558
plane_v03,ransac_svd,26,657,0.014793280654673929,2.4215808343588175e-06,0.2055483528175351,0.11627906976744184
plane_v03,ransac_svd,6,541,0.012048170721234253,1.4701911846358116e-06,0.18217251806774545,0.13660990712074303
plane_v03,ransac_svd_sde,14,624,0.014792410137051393,2.0721482723584815e-06,0.1835968711073216,0.16610738255033558
plane_v03,ransac_svd_sde,26,657,0.014793280654673929,2.4215808343588175e-06,0.2055483528175351,0.11627906976744184
plane_v03,ransac_svd_sde,6,541,0.012048170721234253,1.4701911846358116e-06,0.18217251806774545,0.13660990712074303
plane_v03,svd,14,624,0.011876699919960949,2.0721482723584815e-06,0.1835968711073216,0.13926174496644295
plane_v03,svd,26,657,0.01136406459151116,2.4215808343588175e-06,0.15863221711175052,0.12887596899224807
plane_v03,svd,6,541,0.011292291827837584,1.4701911846358116e-06,0.18217251806774545,0.1478328173374613
plane_v03,svd_sde,14,624,0.011876699919960949,2.0721482723584815e-06,0.1835968711073216,0.13926174496644295
plane_v03,svd_sde,26,657,0.01136406459151116,2.4215808343588175e-06,0.15863221711175052,0.12887596899224807
plane_v03,svd_sde,6,541,0.011292291827837584,1.4701911846358116e-06,0.18217251806774545,0.1478328173374613
plane_v03_1,ransac_svd,14,634,0.01605731782913551,3.501430294865518e-07,0.2698324394237046,0.15927152317880794
plane_v03_1,ransac_svd,26,668,0.014570175902639338,8.996560954387441e-06,0.2249451359560558,0.1153113087674714
plane_v03_1,ransac_svd,6,547,0.012327123561804878,1.4377230919666836e-06,0.15356947891934003,0.14093701996927804
plane_v03_1,ransac_svd_sde,14,634,0.01605731782913551,3.501430294865518e-07,0.2698324394237046,0.15927152317880794
plane_v03_1,ransac_svd_sde,26,668,0.014570175902639338,8.996560954387441e-06,0.2249451359560558,0.1153113087674714
plane_v03_1,ransac_svd_sde,6,547,0.012327123561804878,1.4377230919666836e-06,0.15356947891934003,0.14093701996927804
plane_v03_1,svd,14,634,0.013196390737848687,3.501430294865518e-07,0.2698324394237046,0.1294701986754967
plane_v03_1,svd,26,668,0.011353082375309156,8.996560954387441e-06,0.2249451359560558,0.13055908513341805
plane_v03_1,svd,6,547,0.011698965950327671,1.4377230919666836e-06,0.15356947891934003,0.1586021505376344
plane_v03_1,svd_sde,14,634,0.013196390737848687,3.501430294865518e-07,0.2698324394237046,0.1294701986754967
plane_v03_1,svd_sde,26,668,0.011353082375309156,8.996560954387441e-06,0.2249451359560558,0.13055908513341805
plane_v03_1,svd_sde,6,547,0.011698965950327671,1.4377230919666836e-06,0.15356947891934003,0.1586021505376344
plane_v03_1_cluster,ransac_svd,14,634,0.01585761413112418,3.501430294865518e-07,0.21619579268122147,0.15364238410596026
plane_v03_1_cluster,ransac_svd,26,668,0.014431298818821704,8.996560954387441e-06,0.2249451359560558,0.11308767471410419
plane_v03_1_cluster,ransac_svd,6,547,0.01213568876545563,1.4377230919666836e-06,0.15356947891934003,0.14324116743471582
plane_v03_1_cluster,ransac_svd_sde,14,634,0.01585761413112418,3.501430294865518e-07,0.21619579268122147,0.15364238410596026
plane_v03_1_cluster,ransac_svd_sde,26,668,0.014431298818821704,8.996560954387441e-06,0.2249451359560558,0.11308767471410419
plane_v03_1_cluster,ransac_svd_sde,6,547,0.01213568876545563,1.4377230919666836e-06,0.15356947891934003,0.14324116743471582
plane_v03_1_cluster,svd,14,634,0.012724306487824901,3.501430294865518e-07,0.19764774411613362,0.13211920529801324
plane_v03_1_cluster,svd,26,668,0.011303474646853036,8.996560954387441e-06,0.2249451359560558,0.12960609911054638
plane_v03_1_cluster,svd,6,547,0.011493064949050627,1.4377230919666836e-06,0.15356947891934003,0.16129032258064518
plane_v03_1_cluster,svd_sde,14,634,0.012724306487824901,3.501430294865518e-07,0.19764774411613362,0.13211920529801324
plane_v03_1_cluster,svd_sde,26,668,0.011303474646853036,8.996560954387441e-06,0.2249451359560558,0.12960609911054638
plane_v03_1_cluster,svd_sde,6,547,0.011493064949050627,1.4377230919666836e-06,0.15356947891934003,0.16129032258064518
plane_v03_1_hdbscan_ms2,ransac_svd,14,634,0.016074771387749872,3.501430294865518e-07,0.2698324394237046,0.13543046357615895
plane_v03_1_hdbscan_ms2,ransac_svd,26,668,0.015870833039195526,1.8858663709970186e-06,0.2249451359560558,0.0943456162642948
plane_v03_1_hdbscan_ms2,ransac_svd,6,547,0.012076098953731804,1.4377230919666836e-06,0.15356947891934003,0.15130568356374807
plane_v03_1_hdbscan_ms2,ransac_svd_sde,14,634,0.016074771387749872,3.501430294865518e-07,0.2698324394237046,0.13543046357615895
plane_v03_1_hdbscan_ms2,ransac_svd_sde,26,668,0.015870833039195526,1.8858663709970186e-06,0.2249451359560558,0.0943456162642948
plane_v03_1_hdbscan_ms2,ransac_svd_sde,6,547,0.012076098953731804,1.4377230919666836e-06,0.15356947891934003,0.15130568356374807
plane_v03_1_hdbscan_ms2,svd,14,634,0.015095162524985075,3.501430294865518e-07,0.2698324394237046,0.13278145695364238
plane_v03_1_hdbscan_ms2,svd,26,668,0.014113453812830253,1.8858663709970186e-06,0.2249451359560558,0.10165184243964422
plane_v03_1_hdbscan_ms2,svd,6,547,0.011586176288138643,1.4377230919666836e-06,0.15356947891934003,0.16052227342549924
plane_v03_1_hdbscan_ms2,svd_sde,14,634,0.015095162524985075,3.501430294865518e-07,0.2698324394237046,0.13278145695364238
plane_v03_1_hdbscan_ms2,svd_sde,26,668,0.014113453812830253,1.8858663709970186e-06,0.2249451359560558,0.10165184243964422
plane_v03_1_hdbscan_ms2,svd_sde,6,547,0.011586176288138643,1.4377230919666836e-06,0.15356947891934003,0.16052227342549924
plane_v03_1_hdbscan_ms3,ransac_svd,14,634,0.01674840789000524,3.501430294865518e-07,0.3612673516388551,0.14933774834437086
plane_v03_1_hdbscan_ms3,ransac_svd,26,668,0.014315495562469846,8.996560954387441e-06,0.2249451359560558,0.11404066073697587
plane_v03_1_hdbscan_ms3,ransac_svd,6,547,0.012314135662671852,1.4377230919666836e-06,0.15356947891934003,0.14093701996927804
plane_v03_1_hdbscan_ms3,ransac_svd_sde,14,634,0.01674840789000524,3.501430294865518e-07,0.3612673516388551,0.14933774834437086
plane_v03_1_hdbscan_ms3,ransac_svd_sde,26,668,0.014315495562469846,8.996560954387441e-06,0.2249451359560558,0.11404066073697587
plane_v03_1_hdbscan_ms3,ransac_svd_sde,6,547,0.012314135662671852,1.4377230919666836e-06,0.15356947891934003,0.14093701996927804
plane_v03_1_hdbscan_ms3,svd,14,634,0.015289931207456456,3.501430294865518e-07,0.3612673516388551,0.13410596026490065
plane_v03_1_hdbscan_ms3,svd,26,668,0.013788745121246823,8.996560954387441e-06,0.2249451359560558,0.11372299872935197
plane_v03_1_hdbscan_ms3,svd,6,547,0.011687230138387808,1.4377230919666836e-06,0.15356947891934003,0.1586021505376344
plane_v03_1_hdbscan_ms3,svd_sde,14,634,0.015289931207456456,3.501430294865518e-07,0.3612673516388551,0.13410596026490065
plane_v03_1_hdbscan_ms3,svd_sde,26,668,0.013788745121246823,8.996560954387441e-06,0.2249451359560558,0.11372299872935197
plane_v03_1_hdbscan_ms3,svd_sde,6,547,0.011687230138387808,1.4377230919666836e-06,0.15356947891934003,0.1586021505376344
plane_v03_1_hdbscan_ms5,ransac_svd,14,634,0.016053170200898876,3.501430294865518e-07,0.2698324394237046,0.1519867549668874
plane_v03_1_hdbscan_ms5,ransac_svd,26,668,0.0147717656744648,1.0564397537844785e-05,0.2249451359560558,0.1127700127064803
plane_v03_1_hdbscan_ms5,ransac_svd,6,547,0.012327123561804878,1.4377230919666836e-06,0.15356947891934003,0.14093701996927804
plane_v03_1_hdbscan_ms5,ransac_svd_sde,14,634,0.016053170200898876,3.501430294865518e-07,0.2698324394237046,0.1519867549668874
plane_v03_1_hdbscan_ms5,ransac_svd_sde,26,668,0.0147717656744648,1.0564397537844785e-05,0.2249451359560558,0.1127700127064803
plane_v03_1_hdbscan_ms5,ransac_svd_sde,6,547,0.012327123561804878,1.4377230919666836e-06,0.15356947891934003,0.14093701996927804
plane_v03_1_hdbscan_ms5,svd,14,634,0.01384039542123487,3.501430294865518e-07,0.2698324394237046,0.12814569536423842
plane_v03_1_hdbscan_ms5,svd,26,668,0.012145976669726064,1.0564397537844785e-05,0.2249451359560558,0.12166454891994918
plane_v03_1_hdbscan_ms5,svd,6,547,0.011698965950327671,1.4377230919666836e-06,0.15356947891934003,0.1586021505376344
plane_v03_1_hdbscan_ms5,svd_sde,14,634,0.01384039542123487,3.501430294865518e-07,0.2698324394237046,0.12814569536423842
plane_v03_1_hdbscan_ms5,svd_sde,26,668,0.012145976669726064,1.0564397537844785e-05,0.2249451359560558,0.12166454891994918
plane_v03_1_hdbscan_ms5,svd_sde,6,547,0.011698965950327671,1.4377230919666836e-06,0.15356947891934003,0.1586021505376344
plane_v03_1_p3,ransac_svd,14,746,0.015145483745729547,1.8935840650575155e-06,0.22742126080164102,0.18792134831460675
plane_v03_1_p3,ransac_svd,26,731,0.014376869359346615,9.29173189027821e-06,0.16425956517550747,0.1264434180138568
plane_v03_1_p3,ransac_svd,6,657,0.012557786933889578,1.5443439221990865e-06,0.2542205481547653,0.1369426751592357
plane_v03_1_p3,ransac_svd_sde,14,746,0.015145483745729547,1.8935840650575155e-06,0.22742126080164102,0.18792134831460675
plane_v03_1_p3,ransac_svd_sde,26,731,0.014376869359346615,9.29173189027821e-06,0.16425956517550747,0.1264434180138568
plane_v03_1_p3,ransac_svd_sde,6,657,0.012557786933889578,1.5443439221990865e-06,0.2542205481547653,0.1369426751592357
plane_v03_1_p3,svd,14,746,0.012328815607527131,1.8935840650575155e-06,0.2500910450657592,0.15786516853932583
plane_v03_1_p3,svd,26,731,0.010956008187226734,9.29173189027821e-06,0.16040430630523528,0.1365473441108545
plane_v03_1_p3,svd,6,657,0.011955440410141752,1.5443439221990865e-06,0.2542205481547653,0.15222929936305735
plane_v03_1_p3,svd_sde,14,746,0.012328815607527131,1.8935840650575155e-06,0.2500910450657592,0.15786516853932583
plane_v03_1_p3,svd_sde,26,731,0.010956008187226734,9.29173189027821e-06,0.16040430630523528,0.1365473441108545
plane_v03_1_p3,svd_sde,6,657,0.011955440410141752,1.5443439221990865e-06,0.2542205481547653,0.15222929936305735
plane_v03_1_p5,ransac_svd,14,806,0.01389326132318508,1.2606450218189568e-06,0.22375099747559254,0.20504158004158002
plane_v03_1_p5,ransac_svd,26,780,0.01467033751249475,1.292632538613062e-06,0.16455270311339024,0.13717532467532467
plane_v03_1_p5,ransac_svd,6,720,0.010944753751604206,1.2299849774027143e-06,0.13899234559594806,0.16336056009334887
plane_v03_1_p5,ransac_svd_sde,14,806,0.01389326132318508,1.2606450218189568e-06,0.22375099747559254,0.20504158004158002
plane_v03_1_p5,ransac_svd_sde,26,780,0.01467033751249475,1.292632538613062e-06,0.16455270311339024,0.13717532467532467
plane_v03_1_p5,ransac_svd_sde,6,720,0.010944753751604206,1.2299849774027143e-06,0.13899234559594806,0.16336056009334887
plane_v03_1_p5,svd,14,806,0.01079207442159884,1.2606450218189568e-06,0.2348879073630908,0.16424116424116425
plane_v03_1_p5,svd,26,780,0.011149882627332498,2.631033293492374e-06,0.14998392197195898,0.14204545454545456
plane_v03_1_p5,svd,6,720,0.010169464854127385,1.2299849774027143e-06,0.13899234559594806,0.17677946324387397
plane_v03_1_p5,svd_sde,14,806,0.01079207442159884,1.2606450218189568e-06,0.2348879073630908,0.16424116424116425
plane_v03_1_p5,svd_sde,26,780,0.011149882627332498,2.631033293492374e-06,0.14998392197195898,0.14204545454545456
plane_v03_1_p5,svd_sde,6,720,0.010169464854127385,1.2299849774027143e-06,0.13899234559594806,0.17677946324387397
plane_v03_cluster,ransac_svd,14,624,0.014889088226864793,1.670134914743578e-06,0.19027754617367287,0.16510067114093963
plane_v03_cluster,ransac_svd,26,657,0.01453197071795309,2.4215808343588175e-06,0.2055483528175351,0.11434108527131784
plane_v03_cluster,ransac_svd,6,541,0.011983284696080902,1.4701911846358116e-06,0.18217251806774545,0.13893188854489164
plane_v03_cluster,ransac_svd_sde,14,624,0.014889088226864793,1.670134914743578e-06,0.19027754617367287,0.16510067114093963
plane_v03_cluster,ransac_svd_sde,26,657,0.01453197071795309,2.4215808343588175e-06,0.2055483528175351,0.11434108527131784
plane_v03_cluster,ransac_svd_sde,6,541,0.011983284696080902,1.4701911846358116e-06,0.18217251806774545,0.13893188854489164
plane_v03_cluster,svd,14,624,0.011778228571218996,1.670134914743578e-06,0.1835968711073216,0.14093959731543626
plane_v03_cluster,svd,26,657,0.011302173587730342,2.4215808343588175e-06,0.15863221711175052,0.1272609819121447
plane_v03_cluster,svd,6,541,0.011232922375245463,1.4701911846358116e-06,0.18217251806774545,0.15015479876160992
plane_v03_cluster,svd_sde,14,624,0.011778228571218996,1.670134914743578e-06,0.1835968711073216,0.14093959731543626
plane_v03_cluster,svd_sde,26,657,0.011302173587730342,2.4215808343588175e-06,0.15863221711175052,0.1272609819121447
plane_v03_cluster,svd_sde,6,541,0.011232922375245463,1.4701911846358116e-06,0.18217251806774545,0.15015479876160992
plane_v03_hdbscan_ms2,ransac_svd,14,624,0.015165261058181998,2.0721482723584815e-06,0.24033213232832995,0.15033557046979867
plane_v03_hdbscan_ms2,ransac_svd,26,657,0.01524147770908665,2.4215808343588175e-06,0.1908603722292637,0.104328165374677
plane_v03_hdbscan_ms2,ransac_svd,6,541,0.011814559463438899,1.4701911846358116e-06,0.18217251806774545,0.15092879256965946
plane_v03_hdbscan_ms2,ransac_svd_sde,14,624,0.015165261058181998,2.0721482723584815e-06,0.24033213232832995,0.15033557046979867
plane_v03_hdbscan_ms2,ransac_svd_sde,26,657,0.01524147770908665,2.4215808343588175e-06,0.1908603722292637,0.104328165374677
plane_v03_hdbscan_ms2,ransac_svd_sde,6,541,0.011814559463438899,1.4701911846358116e-06,0.18217251806774545,0.15092879256965946
plane_v03_hdbscan_ms2,svd,14,624,0.014756451085463059,2.0721482723584815e-06,0.24033213232832995,0.14295302013422817
plane_v03_hdbscan_ms2,svd,26,657,0.013645562333879679,2.4215808343588175e-06,0.1908603722292637,0.11143410852713179
plane_v03_hdbscan_ms2,svd,6,541,0.011306810730525467,1.4701911846358116e-06,0.18217251806774545,0.15595975232198142
plane_v03_hdbscan_ms2,svd_sde,14,624,0.014756451085463059,2.0721482723584815e-06,0.24033213232832995,0.14295302013422817
plane_v03_hdbscan_ms2,svd_sde,26,657,0.013645562333879679,2.4215808343588175e-06,0.1908603722292637,0.11143410852713179
plane_v03_hdbscan_ms2,svd_sde,6,541,0.011306810730525467,1.4701911846358116e-06,0.18217251806774545,0.15595975232198142
plane_v03_hdbscan_ms3,ransac_svd,14,624,0.015583490388108582,2.0721482723584815e-06,0.3612673516388551,0.16476510067114095
plane_v03_hdbscan_ms3,ransac_svd,26,657,0.01427543359353189,2.4215808343588175e-06,0.15863221711175052,0.10755813953488373
plane_v03_hdbscan_ms3,ransac_svd,6,541,0.012040940137109555,1.4701911846358116e-06,0.18217251806774545,0.13660990712074303
plane_v03_hdbscan_ms3,ransac_svd_sde,14,624,0.015583490388108582,2.0721482723584815e-06,0.3612673516388551,0.16476510067114095
plane_v03_hdbscan_ms3,ransac_svd_sde,26,657,0.01427543359353189,2.4215808343588175e-06,0.15863221711175052,0.10755813953488373
plane_v03_hdbscan_ms3,ransac_svd_sde,6,541,0.012040940137109555,1.4701911846358116e-06,0.18217251806774545,0.13660990712074303
plane_v03_hdbscan_ms3,svd,14,624,0.01397680307458633,2.0721482723584815e-06,0.3612673516388551,0.14798657718120806
plane_v03_hdbscan_ms3,svd,26,657,0.013116411393666169,2.4215808343588175e-06,0.15863221711175052,0.10885012919896642
plane_v03_hdbscan_ms3,svd,6,541,0.011284717777167354,1.4701911846358116e-06,0.18217251806774545,0.1478328173374613
plane_v03_hdbscan_ms3,svd_sde,14,624,0.01397680307458633,2.0721482723584815e-06,0.3612673516388551,0.14798657718120806
plane_v03_hdbscan_ms3,svd_sde,26,657,0.013116411393666169,2.4215808343588175e-06,0.15863221711175052,0.10885012919896642
plane_v03_hdbscan_ms3,svd_sde,6,541,0.011284717777167354,1.4701911846358116e-06,0.18217251806774545,0.1478328173374613
plane_v03_hdbscan_ms5,ransac_svd,14,624,0.014949102832843434,2.0721482723584815e-06,0.1835968711073216,0.16140939597315437
plane_v03_hdbscan_ms5,ransac_svd,26,657,0.014991271154263559,2.4215808343588175e-06,0.2055483528175351,0.11175710594315247
plane_v03_hdbscan_ms5,ransac_svd,6,541,0.012048170721234253,1.4701911846358116e-06,0.18217251806774545,0.13660990712074303
plane_v03_hdbscan_ms5,ransac_svd_sde,14,624,0.014949102832843434,2.0721482723584815e-06,0.1835968711073216,0.16140939597315437
plane_v03_hdbscan_ms5,ransac_svd_sde,26,657,0.014991271154263559,2.4215808343588175e-06,0.2055483528175351,0.11175710594315247
plane_v03_hdbscan_ms5,ransac_svd_sde,6,541,0.012048170721234253,1.4701911846358116e-06,0.18217251806774545,0.13660990712074303
plane_v03_hdbscan_ms5,svd,14,624,0.012467633379868158,2.0721482723584815e-06,0.1835968711073216,0.137248322147651
plane_v03_hdbscan_ms5,svd,26,657,0.012301948091282367,2.4215808343588175e-06,0.15863221711175052,0.11757105943152456
plane_v03_hdbscan_ms5,svd,6,541,0.011292291827837584,1.4701911846358116e-06,0.18217251806774545,0.1478328173374613
plane_v03_hdbscan_ms5,svd_sde,14,624,0.012467633379868158,2.0721482723584815e-06,0.1835968711073216,0.137248322147651
plane_v03_hdbscan_ms5,svd_sde,26,657,0.012301948091282367,2.4215808343588175e-06,0.15863221711175052,0.11757105943152456
plane_v03_hdbscan_ms5,svd_sde,6,541,0.011292291827837584,1.4701911846358116e-06,0.18217251806774545,0.1478328173374613
plane_v03_p3,ransac_svd,14,751,0.0142533989711301,3.920734812666514e-07,0.24859759120550076,0.17017738359201773
plane_v03_p3,ransac_svd,26,724,0.014149129810731508,1.2820918871193987e-06,0.15964389750253416,0.13533178114086147
plane_v03_p3,ransac_svd,6,660,0.012227454335498206,3.4489030280837217e-06,0.21527969384340542,0.13196202531645568
plane_v03_p3,ransac_svd_sde,14,751,0.0142533989711301,3.920734812666514e-07,0.24859759120550076,0.17017738359201773
plane_v03_p3,ransac_svd_sde,26,724,0.014149129810731508,1.2820918871193987e-06,0.15964389750253416,0.13533178114086147
plane_v03_p3,ransac_svd_sde,6,660,0.012227454335498206,3.4489030280837217e-06,0.21527969384340542,0.13196202531645568
plane_v03_p3,svd,14,751,0.011042273906030041,3.920734812666514e-07,0.24859759120550076,0.1369179600886918
plane_v03_p3,svd,26,724,0.011001653439083927,1.2820918871193987e-06,0.1597282195033737,0.13853317811408616
plane_v03_p3,svd,6,660,0.011719549294717128,3.4489030280837217e-06,0.21527969384340542,0.1370253164556962
plane_v03_p3,svd_sde,14,751,0.011042273906030041,3.920734812666514e-07,0.24859759120550076,0.1369179600886918
plane_v03_p3,svd_sde,26,724,0.011001653439083927,1.2820918871193987e-06,0.1597282195033737,0.13853317811408616
plane_v03_p3,svd_sde,6,660,0.011719549294717128,3.4489030280837217e-06,0.21527969384340542,0.1370253164556962
plane_v03_p5,ransac_svd,14,809,0.013488842189586847,1.661599263239661e-06,0.21347475784103773,0.20923632610939114
plane_v03_p5,ransac_svd,26,757,0.014906787612618233,7.748496171480019e-07,0.16010026940237446,0.1536748329621381
plane_v03_p5,ransac_svd,6,721,0.01153296731305719,1.1367201183093508e-06,0.17095718239272795,0.16433566433566432
plane_v03_p5,ransac_svd_sde,14,809,0.013488842189586847,1.661599263239661e-06,0.21347475784103773,0.20923632610939114
plane_v03_p5,ransac_svd_sde,26,757,0.014906787612618233,7.748496171480019e-07,0.16010026940237446,0.1536748329621381
plane_v03_p5,ransac_svd_sde,6,721,0.01153296731305719,1.1367201183093508e-06,0.17095718239272795,0.16433566433566432
plane_v03_p5,svd,14,809,0.010158368519949813,1.661599263239661e-06,0.20159899163656883,0.15273477812177502
plane_v03_p5,svd,26,757,0.011413105560686426,7.748496171480019e-07,0.1554387881999717,0.13947661469933184
plane_v03_p5,svd,6,721,0.010936680394143113,1.1367201183093508e-06,0.17095718239272795,0.168997668997669
plane_v03_p5,svd_sde,14,809,0.010158368519949813,1.661599263239661e-06,0.20159899163656883,0.15273477812177502
plane_v03_p5,svd_sde,26,757,0.011413105560686426,7.748496171480019e-07,0.1554387881999717,0.13947661469933184
plane_v03_p5,svd_sde,6,721,0.010936680394143113,1.1367201183093508e-06,0.17095718239272795,0.168997668997669
plane_v04,ransac_svd,1,605,0.004232055359539902,1.0005693771530506e-05,0.06958499222033449,0.4547325102880658
plane_v04,ransac_svd,14,831,0.01211993200818766,6.778587337876474e-06,0.22028833517453553,0.12072434607645875
plane_v04,ransac_svd,26,739,0.016602779645853473,1.991553162803631e-05,0.2532117939727963,0.04899216125419933
plane_v04,ransac_svd,6,815,0.011179755822506625,2.6725551314734487e-06,0.22262210442670705,0.16546762589928057
plane_v04,ransac_svd_sde,1,605,0.004232055359539902,1.0005693771530506e-05,0.06958499222033449,0.4547325102880658
plane_v04,ransac_svd_sde,14,831,0.01211993200818766,6.778587337876474e-06,0.22028833517453553,0.12072434607645875
plane_v04,ransac_svd_sde,26,739,0.016602779645853473,1.991553162803631e-05,0.2532117939727963,0.04899216125419933
plane_v04,ransac_svd_sde,6,815,0.011179755822506625,2.6725551314734487e-06,0.22262210442670705,0.16546762589928057
plane_v04,svd,1,605,0.004232055359539902,1.0005693771530506e-05,0.06958499222033449,0.4547325102880658
plane_v04,svd,14,831,0.007701629214563625,8.768224798726164e-06,0.13336297845376663,0.1317907444668008
plane_v04,svd,26,739,0.00563173218000293,3.7369552305190554e-06,0.2532117939727963,0.08958566629339305
plane_v04,svd,6,815,0.007026135609685473,7.982462701353129e-07,0.08736352765744626,0.17831449126413157
plane_v04,svd_sde,1,605,0.004232055359539902,1.0005693771530506e-05,0.06958499222033449,0.4547325102880658
plane_v04,svd_sde,14,831,0.007701629214563625,8.768224798726164e-06,0.13336297845376663,0.1317907444668008
plane_v04,svd_sde,26,739,0.00563173218000293,3.7369552305190554e-06,0.2532117939727963,0.08958566629339305
plane_v04,svd_sde,6,815,0.007026135609685473,7.982462701353129e-07,0.08736352765744626,0.17831449126413157
plane_v04_1,ransac_svd,1,641,0.004507111604116246,1.0005693771530506e-05,0.1682634312526407,0.45490196078431366
plane_v04_1,ransac_svd,14,841,0.01387664460824454,3.6833139392901946e-06,0.20743042756867622,0.09835657370517928
plane_v04_1,ransac_svd,26,755,0.016869218799257932,1.8680847112326838e-06,0.18126497265457775,0.05120481927710843
plane_v04_1,ransac_svd,6,830,0.011909506304500628,6.24907878389494e-06,0.28659106809371604,0.14228052472250252
plane_v04_1,ransac_svd_sde,1,641,0.004507111604116246,1.0005693771530506e-05,0.1682634312526407,0.45490196078431366
plane_v04_1,ransac_svd_sde,14,841,0.01387664460824454,3.6833139392901946e-06,0.20743042756867622,0.09835657370517928
plane_v04_1,ransac_svd_sde,26,755,0.016869218799257932,1.8680847112326838e-06,0.18126497265457775,0.05120481927710843
plane_v04_1,ransac_svd_sde,6,830,0.011909506304500628,6.24907878389494e-06,0.28659106809371604,0.14228052472250252
plane_v04_1,svd,1,641,0.004507111604116246,1.0005693771530506e-05,0.1682634312526407,0.45490196078431366
plane_v04_1,svd,14,841,0.009826225949772935,1.2325507028388052e-05,0.13336297845376663,0.08291832669322709
plane_v04_1,svd,26,755,0.005385911917103677,1.8680847112326838e-06,0.12422684662324782,0.10706462212486309
plane_v04_1,svd,6,830,0.008475833901798435,4.183375687347457e-06,0.28659106809371604,0.13975782038345105
plane_v04_1,svd_sde,1,641,0.004507111604116246,1.0005693771530506e-05,0.1682634312526407,0.45490196078431366
plane_v04_1,svd_sde,14,841,0.009826225949772935,1.2325507028388052e-05,0.13336297845376663,0.08291832669322709
plane_v04_1,svd_sde,26,755,0.005385911917103677,1.8680847112326838e-06,0.12422684662324782,0.10706462212486309
plane_v04_1,svd_sde,6,830,0.008475833901798435,4.183375687347457e-06,0.28659106809371604,0.13975782038345105
plane_v04_1_cluster,ransac_svd,1,641,0.004507111604116246,1.0005693771530506e-05,0.1682634312526407,0.45490196078431366
plane_v04_1_cluster,ransac_svd,14,841,0.014066074304514098,2.1394576842218687e-06,0.2045466204108971,0.0856573705179283
plane_v04_1_cluster,ransac_svd,26,755,0.01704200456386938,3.2308303624522114e-05,0.17319073864911946,0.04244249726177437
plane_v04_1_cluster,ransac_svd,6,829,0.012171851759713276,6.24907878389494e-06,0.28659106809371604,0.1345959595959596
plane_v04_1_cluster,ransac_svd_sde,1,641,0.004507111604116246,1.0005693771530506e-05,0.1682634312526407,0.45490196078431366
plane_v04_1_cluster,ransac_svd_sde,14,841,0.014066074304514098,2.1394576842218687e-06,0.2045466204108971,0.0856573705179283
plane_v04_1_cluster,ransac_svd_sde,26,755,0.01704200456386938,3.2308303624522114e-05,0.17319073864911946,0.04244249726177437
plane_v04_1_cluster,ransac_svd_sde,6,829,0.012171851759713276,6.24907878389494e-06,0.28659106809371604,0.1345959595959596
plane_v04_1_cluster,svd,1,641,0.004507111604116246,1.0005693771530506e-05,0.1682634312526407,0.45490196078431366
plane_v04_1_cluster,svd,14,841,0.00921544588370655,2.1394576842218687e-06,0.13336297845376663,0.08640438247011953
plane_v04_1_cluster,svd,26,755,0.0052925601249805936,6.07601067025288e-06,0.12422684662324782,0.0963855421686747
plane_v04_1_cluster,svd,6,829,0.008573208820950473,4.183375687347457e-06,0.28659106809371604,0.13686868686868686
plane_v04_1_cluster,svd_sde,1,641,0.004507111604116246,1.0005693771530506e-05,0.1682634312526407,0.45490196078431366
plane_v04_1_cluster,svd_sde,14,841,0.00921544588370655,2.1394576842218687e-06,0.13336297845376663,0.08640438247011953
plane_v04_1_cluster,svd_sde,26,755,0.0052925601249805936,6.07601067025288e-06,0.12422684662324782,0.0963855421686747
plane_v04_1_cluster,svd_sde,6,829,0.008573208820950473,4.183375687347457e-06,0.28659106809371604,0.13686868686868686
plane_v04_1_flowB,ransac_svd,1,644,0.004243714992572708,1.7978136243021025e-05,0.1161536283709294,0.46620734908136485
plane_v04_1_flowB,ransac_svd,14,837,0.01394709257388251,5.045591676463876e-06,0.11820572780185591,0.0955955955955956
plane_v04_1_flowB,ransac_svd,26,753,0.018135311787435368,1.8680847112326838e-06,0.1920857281460065,0.04408543263964951
plane_v04_1_flowB,ransac_svd,6,830,0.012795132484591855,2.5578261431700503e-06,0.27755767658185465,0.1329465186680121
plane_v04_1_flowB,ransac_svd_sde,1,644,0.004243714992572708,1.7978136243021025e-05,0.1161536283709294,0.46620734908136485
plane_v04_1_flowB,ransac_svd_sde,14,837,0.01394709257388251,5.045591676463876e-06,0.11820572780185591,0.0955955955955956
plane_v04_1_flowB,ransac_svd_sde,26,753,0.018135311787435368,1.8680847112326838e-06,0.1920857281460065,0.04408543263964951
plane_v04_1_flowB,ransac_svd_sde,6,830,0.012795132484591855,2.5578261431700503e-06,0.27755767658185465,0.1329465186680121
plane_v04_1_flowB,svd,1,644,0.004243714992572708,1.7978136243021025e-05,0.1161536283709294,0.46620734908136485
plane_v04_1_flowB,svd,14,837,0.009974124508269476,1.2325507028388052e-05,0.13336297845376663,0.08808808808808809
plane_v04_1_flowB,svd,26,753,0.006315693972318202,5.263232918338848e-07,0.1920857281460065,0.10706462212486309
plane_v04_1_flowB,svd,6,830,0.008956550394299967,1.7793812860823896e-06,0.27755767658185465,0.14076690211907164
plane_v04_1_flowB,svd_sde,1,644,0.004243714992572708,1.7978136243021025e-05,0.1161536283709294,0.46620734908136485
plane_v04_1_flowB,svd_sde,14,837,0.009974124508269476,1.2325507028388052e-05,0.13336297845376663,0.08808808808808809
plane_v04_1_flowB,svd_sde,26,753,0.006315693972318202,5.263232918338848e-07,0.1920857281460065,0.10706462212486309
plane_v04_1_flowB,svd_sde,6,830,0.008956550394299967,1.7793812860823896e-06,0.27755767658185465,0.14076690211907164
plane_v04_1_flowB_cluster,ransac_svd,1,644,0.004243714992572708,1.7978136243021025e-05,0.1161536283709294,0.46620734908136485
plane_v04_1_flowB_cluster,ransac_svd,14,837,0.014030134256231026,2.1394576842218687e-06,0.1967552845024715,0.08733733733733734
plane_v04_1_flowB_cluster,ransac_svd,26,753,0.019617960756697847,2.8303369335151387e-05,0.25068909242315796,0.039978094194961664
plane_v04_1_flowB_cluster,ransac_svd,6,829,0.013149083416018533,2.5578261431700503e-06,0.27755767658185465,0.1303030303030303
plane_v04_1_flowB_cluster,ransac_svd_sde,1,644,0.004243714992572708,1.7978136243021025e-05,0.1161536283709294,0.46620734908136485
plane_v04_1_flowB_cluster,ransac_svd_sde,14,837,0.014030134256231026,2.1394576842218687e-06,0.1967552845024715,0.08733733733733734
plane_v04_1_flowB_cluster,ransac_svd_sde,26,753,0.019617960756697847,2.8303369335151387e-05,0.25068909242315796,0.039978094194961664
plane_v04_1_flowB_cluster,ransac_svd_sde,6,829,0.013149083416018533,2.5578261431700503e-06,0.27755767658185465,0.1303030303030303
plane_v04_1_flowB_cluster,svd,1,644,0.004243714992572708,1.7978136243021025e-05,0.1161536283709294,0.46620734908136485
plane_v04_1_flowB_cluster,svd,14,837,0.00966296231979007,2.1394576842218687e-06,0.13336297845376663,0.09034034034034034
plane_v04_1_flowB_cluster,svd,26,753,0.006342730578360361,1.2252789826254198e-06,0.1920857281460065,0.09748083242059145
plane_v04_1_flowB_cluster,svd,6,829,0.009074863658541365,1.7793812860823896e-06,0.27755767658185465,0.14166666666666666
plane_v04_1_flowB_cluster,svd_sde,1,644,0.004243714992572708,1.7978136243021025e-05,0.1161536283709294,0.46620734908136485
plane_v04_1_flowB_cluster,svd_sde,14,837,0.00966296231979007,2.1394576842218687e-06,0.13336297845376663,0.09034034034034034
plane_v04_1_flowB_cluster,svd_sde,26,753,0.006342730578360361,1.2252789826254198e-06,0.1920857281460065,0.09748083242059145
plane_v04_1_flowB_cluster,svd_sde,6,829,0.009074863658541365,1.7793812860823896e-06,0.27755767658185465,0.14166666666666666
plane_v04_1_flowB_hdbscan_ms2,ransac_svd,1,530,0.0042390645550460385,1.7978136243021025e-05,0.1161536283709294,0.4586614173228346
plane_v04_1_flowB_hdbscan_ms2,ransac_svd,14,687,0.013685279895959324,1.7568806968436276e-06,0.1616341489520157,0.10072815533980582
plane_v04_1_flowB_hdbscan_ms2,ransac_svd,26,619,0.016729700020700723,1.7565600433790301e-06,0.1920857281460065,0.05238726790450929
plane_v04_1_flowB_hdbscan_ms2,ransac_svd,6,683,0.009572047675943952,7.131918618473641e-07,0.27755767658185465,0.19780219780219782
plane_v04_1_flowB_hdbscan_ms2,ransac_svd_sde,1,530,0.0042390645550460385,1.7978136243021025e-05,0.1161536283709294,0.4586614173228346
plane_v04_1_flowB_hdbscan_ms2,ransac_svd_sde,14,687,0.013685279895959324,1.7568806968436276e-06,0.1616341489520157,0.10072815533980582
plane_v04_1_flowB_hdbscan_ms2,ransac_svd_sde,26,619,0.016729700020700723,1.7565600433790301e-06,0.1920857281460065,0.05238726790450929
plane_v04_1_flowB_hdbscan_ms2,ransac_svd_sde,6,683,0.009572047675943952,7.131918618473641e-07,0.27755767658185465,0.19780219780219782
plane_v04_1_flowB_hdbscan_ms2,svd,1,530,0.0042390645550460385,1.7978136243021025e-05,0.1161536283709294,0.4586614173228346
plane_v04_1_flowB_hdbscan_ms2,svd,14,687,0.01113899582785692,1.7568806968436276e-06,0.11209790117445798,0.09162621359223301
plane_v04_1_flowB_hdbscan_ms2,svd,26,619,0.007050639823627128,5.263693511574814e-07,0.1920857281460065,0.10411140583554376
plane_v04_1_flowB_hdbscan_ms2,svd,6,683,0.008689268445356864,7.131918618473641e-07,0.27755767658185465,0.20482295482295482
plane_v04_1_flowB_hdbscan_ms2,svd_sde,1,530,0.0042390645550460385,1.7978136243021025e-05,0.1161536283709294,0.4586614173228346
plane_v04_1_flowB_hdbscan_ms2,svd_sde,14,687,0.01113899582785692,1.7568806968436276e-06,0.11209790117445798,0.09162621359223301
plane_v04_1_flowB_hdbscan_ms2,svd_sde,26,619,0.007050639823627128,5.263693511574814e-07,0.1920857281460065,0.10411140583554376
plane_v04_1_flowB_hdbscan_ms2,svd_sde,6,683,0.008689268445356864,7.131918618473641e-07,0.27755767658185465,0.20482295482295482
plane_v04_1_flowB_hdbscan_ms3,ransac_svd,1,469,0.00420860486675989,1.7978136243021025e-05,0.1161536283709294,0.4538188277087033
plane_v04_1_flowB_hdbscan_ms3,ransac_svd,14,602,0.013776667188579046,5.045591676463876e-06,0.08545603845787106,0.10803324099722991
plane_v04_1_flowB_hdbscan_ms3,ransac_svd,26,540,0.014788780606021727,1.5705741685354001e-06,0.1920857281460065,0.0702887537993921
plane_v04_1_flowB_hdbscan_ms3,ransac_svd,6,600,0.010648832737248447,1.53138968646011e-06,0.27755767658185465,0.17395833333333333
plane_v04_1_flowB_hdbscan_ms3,ransac_svd_sde,1,469,0.00420860486675989,1.7978136243021025e-05,0.1161536283709294,0.4538188277087033
plane_v04_1_flowB_hdbscan_ms3,ransac_svd_sde,14,602,0.013776667188579046,5.045591676463876e-06,0.08545603845787106,0.10803324099722991
plane_v04_1_flowB_hdbscan_ms3,ransac_svd_sde,26,540,0.014788780606021727,1.5705741685354001e-06,0.1920857281460065,0.0702887537993921
plane_v04_1_flowB_hdbscan_ms3,ransac_svd_sde,6,600,0.010648832737248447,1.53138968646011e-06,0.27755767658185465,0.17395833333333333
plane_v04_1_flowB_hdbscan_ms3,svd,1,469,0.00420860486675989,1.7978136243021025e-05,0.1161536283709294,0.4538188277087033
plane_v04_1_flowB_hdbscan_ms3,svd,14,602,0.012817555606596824,7.200342740242222e-06,0.13336297845376663,0.10422437673130194
plane_v04_1_flowB_hdbscan_ms3,svd,26,540,0.010880439805817238,1.5705741685354001e-06,0.1920857281460065,0.07598784194528875
plane_v04_1_flowB_hdbscan_ms3,svd,6,600,0.009198027619371652,1.53138968646011e-06,0.27755767658185465,0.1875
plane_v04_1_flowB_hdbscan_ms3,svd_sde,1,469,0.00420860486675989,1.7978136243021025e-05,0.1161536283709294,0.4538188277087033
plane_v04_1_flowB_hdbscan_ms3,svd_sde,14,602,0.012817555606596824,7.200342740242222e-06,0.13336297845376663,0.10422437673130194
plane_v04_1_flowB_hdbscan_ms3,svd_sde,26,540,0.010880439805817238,1.5705741685354001e-06,0.1920857281460065,0.07598784194528875
plane_v04_1_flowB_hdbscan_ms3,svd_sde,6,600,0.009198027619371652,1.53138968646011e-06,0.27755767658185465,0.1875
plane_v04_1_flowB_hdbscan_ms5,ransac_svd,1,469,0.00420860486675989,1.7978136243021025e-05,0.1161536283709294,0.4538188277087033
plane_v04_1_flowB_hdbscan_ms5,ransac_svd,14,602,0.012871562033569053,5.045591676463876e-06,0.12566849521840728,0.10941828254847646
plane_v04_1_flowB_hdbscan_ms5,ransac_svd,26,540,0.013634638135607528,6.473283947630412e-06,0.1920857281460065,0.1101823708206687
plane_v04_1_flowB_hdbscan_ms5,ransac_svd,6,600,0.012235918092125446,1.53138968646011e-06,0.27755767658185465,0.15069444444444444
plane_v04_1_flowB_hdbscan_ms5,ransac_svd_sde,1,469,0.00420860486675989,1.7978136243021025e-05,0.1161536283709294,0.4538188277087033
plane_v04_1_flowB_hdbscan_ms5,ransac_svd_sde,14,602,0.012871562033569053,5.045591676463876e-06,0.12566849521840728,0.10941828254847646
plane_v04_1_flowB_hdbscan_ms5,ransac_svd_sde,26,540,0.013634638135607528,6.473283947630412e-06,0.1920857281460065,0.1101823708206687
plane_v04_1_flowB_hdbscan_ms5,ransac_svd_sde,6,600,0.012235918092125446,1.53138968646011e-06,0.27755767658185465,0.15069444444444444
plane_v04_1_flowB_hdbscan_ms5,svd,1,469,0.00420860486675989,1.7978136243021025e-05,0.1161536283709294,0.4538188277087033
plane_v04_1_flowB_hdbscan_ms5,svd,14,602,0.011893985243593098,1.2325507028388052e-05,0.13336297845376663,0.10699445983379502
plane_v04_1_flowB_hdbscan_ms5,svd,26,540,0.012211778917407663,6.473283947630412e-06,0.1920857281460065,0.11664133738601823
plane_v04_1_flowB_hdbscan_ms5,svd,6,600,0.009115856969644478,1.53138968646011e-06,0.27755767658185465,0.15069444444444446
plane_v04_1_flowB_hdbscan_ms5,svd_sde,1,469,0.00420860486675989,1.7978136243021025e-05,0.1161536283709294,0.4538188277087033
plane_v04_1_flowB_hdbscan_ms5,svd_sde,14,602,0.011893985243593098,1.2325507028388052e-05,0.13336297845376663,0.10699445983379502
plane_v04_1_flowB_hdbscan_ms5,svd_sde,26,540,0.012211778917407663,6.473283947630412e-06,0.1920857281460065,0.11664133738601823
plane_v04_1_flowB_hdbscan_ms5,svd_sde,6,600,0.009115856969644478,1.53138968646011e-06,0.27755767658185465,0.15069444444444446
plane_v04_1_flowB_p3,ransac_svd,1,755,0.01625989474124492,9.755559483237287e-06,0.29806300149647336,0.32385730211817165
plane_v04_1_flowB_p3,ransac_svd,14,849,0.01386693497332818,5.044500031515707e-06,0.10942350258871901,0.08933859822309971
plane_v04_1_flowB_p3,ransac_svd,26,774,0.016809918904479977,1.283175187340375e-06,0.18191798706791074,0.04144385026737968
plane_v04_1_flowB_p3,ransac_svd,6,843,0.013159992466434955,1.1077906654273016e-06,0.24796052849162278,0.12176938369781312
plane_v04_1_flowB_p3,ransac_svd_sde,1,755,0.01625989474124492,9.755559483237287e-06,0.29806300149647336,0.32385730211817165
plane_v04_1_flowB_p3,ransac_svd_sde,14,849,0.01386693497332818,5.044500031515707e-06,0.10942350258871901,0.08933859822309971
plane_v04_1_flowB_p3,ransac_svd_sde,26,774,0.016809918904479977,1.283175187340375e-06,0.18191798706791074,0.04144385026737968
plane_v04_1_flowB_p3,ransac_svd_sde,6,843,0.013159992466434955,1.1077906654273016e-06,0.24796052849162278,0.12176938369781312
plane_v04_1_flowB_p3,svd,1,755,0.01625989474124492,9.755559483237287e-06,0.29806300149647336,0.32385730211817165
plane_v04_1_flowB_p3,svd,14,849,0.00930555373202896,9.814793853342015e-06,0.13232052401543723,0.08144126357354392
plane_v04_1_flowB_p3,svd,26,774,0.0054056219564628406,4.4987707294047907e-07,0.07838462454300404,0.10347593582887701
plane_v04_1_flowB_p3,svd,6,843,0.0086427615120346,1.1077906654273016e-06,0.16168768408509543,0.11505964214711731
plane_v04_1_flowB_p3,svd_sde,1,755,0.01625989474124492,9.755559483237287e-06,0.29806300149647336,0.32385730211817165
plane_v04_1_flowB_p3,svd_sde,14,849,0.00930555373202896,9.814793853342015e-06,0.13232052401543723,0.08144126357354392
plane_v04_1_flowB_p3,svd_sde,26,774,0.0054056219564628406,4.4987707294047907e-07,0.07838462454300404,0.10347593582887701
plane_v04_1_flowB_p3,svd_sde,6,843,0.0086427615120346,1.1077906654273016e-06,0.16168768408509543,0.11505964214711731
plane_v04_1_flowB_p5,ransac_svd,1,808,0.02199451387075186,1.3595440194701041e-05,0.39340830414523126,0.29828660436137067
plane_v04_1_flowB_p5,ransac_svd,14,849,0.014045395651833895,1.9618419391091815e-06,0.11545293658466277,0.087857847976308
plane_v04_1_flowB_p5,ransac_svd,26,800,0.017495927360898684,6.095323413705495e-06,0.18149209500978822,0.038461538461538464
plane_v04_1_flowB_p5,ransac_svd,6,847,0.011837630736858059,6.5485895824967645e-06,0.1948091255710277,0.12660731948565776
plane_v04_1_flowB_p5,ransac_svd_sde,1,808,0.02199451387075186,1.3595440194701041e-05,0.39340830414523126,0.29828660436137067
plane_v04_1_flowB_p5,ransac_svd_sde,14,849,0.014045395651833895,1.9618419391091815e-06,0.11545293658466277,0.087857847976308
plane_v04_1_flowB_p5,ransac_svd_sde,26,800,0.017495927360898684,6.095323413705495e-06,0.18149209500978822,0.038461538461538464
plane_v04_1_flowB_p5,ransac_svd_sde,6,847,0.011837630736858059,6.5485895824967645e-06,0.1948091255710277,0.12660731948565776
plane_v04_1_flowB_p5,svd,1,808,0.02199451387075186,1.3595440194701041e-05,0.39340830414523126,0.29828660436137067
plane_v04_1_flowB_p5,svd,14,849,0.008999293659265958,1.8541779209162615e-05,0.08247958247986568,0.07749259624876605
plane_v04_1_flowB_p5,svd,26,800,0.0053539912689804,4.370584793865392e-06,0.0952185835199537,0.10083160083160084
plane_v04_1_flowB_p5,svd,6,847,0.008073984064450666,1.8550694183514107e-06,0.14499139217548068,0.10435212660731949
plane_v04_1_flowB_p5,svd_sde,1,808,0.02199451387075186,1.3595440194701041e-05,0.39340830414523126,0.29828660436137067
plane_v04_1_flowB_p5,svd_sde,14,849,0.008999293659265958,1.8541779209162615e-05,0.08247958247986568,0.07749259624876605
plane_v04_1_flowB_p5,svd_sde,26,800,0.0053539912689804,4.370584793865392e-06,0.0952185835199537,0.10083160083160084
plane_v04_1_flowB_p5,svd_sde,6,847,0.008073984064450666,1.8550694183514107e-06,0.14499139217548068,0.10435212660731949
plane_v04_1_flowC,ransac_svd,1,712,0.03535853042880027,7.998396834619817e-06,0.30406344232342486,0.13015312131919907
plane_v04_1_flowC,ransac_svd,14,847,0.02012640100756775,4.929175788810549e-06,0.28694290864453786,0.02077151335311573
plane_v04_1_flowC,ransac_svd,26,844,0.020843754550396894,4.499588819001341e-06,0.2510672704430671,0.01290963257199603
plane_v04_1_flowC,ransac_svd,6,839,0.02202125049561847,8.586989559453636e-06,0.268656376345256,0.020229770229770228
plane_v04_1_flowC,ransac_svd_sde,1,712,0.03535853042880027,7.998396834619817e-06,0.30406344232342486,0.13015312131919907
plane_v04_1_flowC,ransac_svd_sde,14,847,0.02012640100756775,4.929175788810549e-06,0.28694290864453786,0.02077151335311573
plane_v04_1_flowC,ransac_svd_sde,26,844,0.020843754550396894,4.499588819001341e-06,0.2510672704430671,0.01290963257199603
plane_v04_1_flowC,ransac_svd_sde,6,839,0.02202125049561847,8.586989559453636e-06,0.268656376345256,0.020229770229770228
plane_v04_1_flowC,svd,1,712,0.03526995473212612,7.998396834619817e-06,0.30406344232342486,0.13074204946996468
plane_v04_1_flowC,svd,14,847,0.011925088348326004,2.7160912832288894e-05,0.28694290864453786,0.032146389713155296
plane_v04_1_flowC,svd,26,844,0.005878095934063574,3.1301224371874804e-06,0.2510672704430671,0.09384309831181728
plane_v04_1_flowC,svd,6,839,0.011605965236649354,2.4825638344409626e-05,0.268656376345256,0.03696303696303696
plane_v04_1_flowC,svd_sde,1,712,0.03526995473212612,7.998396834619817e-06,0.30406344232342486,0.13074204946996468
plane_v04_1_flowC,svd_sde,14,847,0.011925088348326004,2.7160912832288894e-05,0.28694290864453786,0.032146389713155296
plane_v04_1_flowC,svd_sde,26,844,0.005878095934063574,3.1301224371874804e-06,0.2510672704430671,0.09384309831181728
plane_v04_1_flowC,svd_sde,6,839,0.011605965236649354,2.4825638344409626e-05,0.268656376345256,0.03696303696303696
plane_v04_1_flowC_cluster,ransac_svd,1,712,0.03535853042880027,7.998396834619817e-06,0.30406344232342486,0.13015312131919907
plane_v04_1_flowC_cluster,ransac_svd,14,847,0.02106753467973878,2.13945768422187e-06,0.28694290864453786,0.023986152324431256
plane_v04_1_flowC_cluster,ransac_svd,26,843,0.01948135675589192,1.561707705565194e-05,0.2579637251606482,0.016898608349900597
plane_v04_1_flowC_cluster,ransac_svd,6,839,0.022060779123264623,8.586989559453636e-06,0.268656376345256,0.01973026973026973
plane_v04_1_flowC_cluster,ransac_svd_sde,1,712,0.03535853042880027,7.998396834619817e-06,0.30406344232342486,0.13015312131919907
plane_v04_1_flowC_cluster,ransac_svd_sde,14,847,0.02106753467973878,2.13945768422187e-06,0.28694290864453786,0.023986152324431256
plane_v04_1_flowC_cluster,ransac_svd_sde,26,843,0.01948135675589192,1.561707705565194e-05,0.2579637251606482,0.016898608349900597
plane_v04_1_flowC_cluster,ransac_svd_sde,6,839,0.022060779123264623,8.586989559453636e-06,0.268656376345256,0.01973026973026973
plane_v04_1_flowC_cluster,svd,1,712,0.03526995473212612,7.998396834619817e-06,0.30406344232342486,0.13074204946996468
plane_v04_1_flowC_cluster,svd,14,847,0.011416815629181402,2.13945768422187e-06,0.28694290864453786,0.035361028684470816
plane_v04_1_flowC_cluster,svd,26,843,0.005685081390977046,2.7605057045342512e-06,0.2510672704430671,0.08648111332007952
plane_v04_1_flowC_cluster,svd,6,839,0.011687027664636059,1.1635034591630961e-05,0.268656376345256,0.03596403596403596
plane_v04_1_flowC_cluster,svd_sde,1,712,0.03526995473212612,7.998396834619817e-06,0.30406344232342486,0.13074204946996468
plane_v04_1_flowC_cluster,svd_sde,14,847,0.011416815629181402,2.13945768422187e-06,0.28694290864453786,0.035361028684470816
plane_v04_1_flowC_cluster,svd_sde,26,843,0.005685081390977046,2.7605057045342512e-06,0.2510672704430671,0.08648111332007952
plane_v04_1_flowC_cluster,svd_sde,6,839,0.011687027664636059,1.1635034591630961e-05,0.268656376345256,0.03596403596403596
plane_v04_1_flowC_hdbscan_ms2,ransac_svd,1,712,0.029416077712410352,7.998396834619817e-06,0.30404496902311323,0.1501766784452297
plane_v04_1_flowC_hdbscan_ms2,ransac_svd,14,847,0.021091400568514114,4.798535162443884e-06,0.28694290864453786,0.017556874381800196
plane_v04_1_flowC_hdbscan_ms2,ransac_svd,26,844,0.01862827912185605,1.779571541744733e-05,0.2510672704430671,0.017130089374379345
plane_v04_1_flowC_hdbscan_ms2,ransac_svd,6,839,0.015364395233518494,3.2702579680426475e-06,0.268656376345256,0.06993006993006992
plane_v04_1_flowC_hdbscan_ms2,ransac_svd_sde,1,712,0.029416077712410352,7.998396834619817e-06,0.30404496902311323,0.1501766784452297
plane_v04_1_flowC_hdbscan_ms2,ransac_svd_sde,14,847,0.021091400568514114,4.798535162443884e-06,0.28694290864453786,0.017556874381800196
plane_v04_1_flowC_hdbscan_ms2,ransac_svd_sde,26,844,0.01862827912185605,1.779571541744733e-05,0.2510672704430671,0.017130089374379345
plane_v04_1_flowC_hdbscan_ms2,ransac_svd_sde,6,839,0.015364395233518494,3.2702579680426475e-06,0.268656376345256,0.06993006993006992
plane_v04_1_flowC_hdbscan_ms2,svd,1,712,0.029300938775043084,7.998396834619817e-06,0.30404496902311323,0.15076560659599528
plane_v04_1_flowC_hdbscan_ms2,svd,14,847,0.017433859038075074,4.798535162443884e-06,0.28694290864453786,0.0195351137487636
plane_v04_1_flowC_hdbscan_ms2,svd,26,844,0.012037090619481527,1.9722563264838853e-05,0.2510672704430671,0.028550148957298904
plane_v04_1_flowC_hdbscan_ms2,svd,6,839,0.01260367103044916,3.2702579680426475e-06,0.268656376345256,0.07392607392607393
plane_v04_1_flowC_hdbscan_ms2,svd_sde,1,712,0.029300938775043084,7.998396834619817e-06,0.30404496902311323,0.15076560659599528
plane_v04_1_flowC_hdbscan_ms2,svd_sde,14,847,0.017433859038075074,4.798535162443884e-06,0.28694290864453786,0.0195351137487636
plane_v04_1_flowC_hdbscan_ms2,svd_sde,26,844,0.012037090619481527,1.9722563264838853e-05,0.2510672704430671,0.028550148957298904
plane_v04_1_flowC_hdbscan_ms2,svd_sde,6,839,0.01260367103044916,3.2702579680426475e-06,0.268656376345256,0.07392607392607393
plane_v04_1_flowC_hdbscan_ms3,ransac_svd,1,712,0.03405336834240379,7.998396834619817e-06,0.30404496902311323,0.13133097762073026
plane_v04_1_flowC_hdbscan_ms3,ransac_svd,14,847,0.016733797195310533,4.929175788810549e-06,0.28694290864453786,0.0380811078140455
plane_v04_1_flowC_hdbscan_ms3,ransac_svd,26,844,0.01588358601460384,4.738148472170894e-06,0.2510672704430671,0.06355511420059583
plane_v04_1_flowC_hdbscan_ms3,ransac_svd,6,839,0.019870253227447215,8.586989559453636e-06,0.268656376345256,0.03571428571428571
plane_v04_1_flowC_hdbscan_ms3,ransac_svd_sde,1,712,0.03405336834240379,7.998396834619817e-06,0.30404496902311323,0.13133097762073026
plane_v04_1_flowC_hdbscan_ms3,ransac_svd_sde,14,847,0.016733797195310533,4.929175788810549e-06,0.28694290864453786,0.0380811078140455
plane_v04_1_flowC_hdbscan_ms3,ransac_svd_sde,26,844,0.01588358601460384,4.738148472170894e-06,0.2510672704430671,0.06355511420059583
plane_v04_1_flowC_hdbscan_ms3,ransac_svd_sde,6,839,0.019870253227447215,8.586989559453636e-06,0.268656376345256,0.03571428571428571
plane_v04_1_flowC_hdbscan_ms3,svd,1,712,0.033952805403605846,7.998396834619817e-06,0.30404496902311323,0.13191990577149587
plane_v04_1_flowC_hdbscan_ms3,svd,14,847,0.015038480542651176,2.1903521066118503e-05,0.28694290864453786,0.04104846686449061
plane_v04_1_flowC_hdbscan_ms3,svd,26,844,0.014382030325239737,4.738148472170894e-06,0.2510672704430671,0.06628599801390268
plane_v04_1_flowC_hdbscan_ms3,svd,6,839,0.012389385057651565,2.4825638344409626e-05,0.268656376345256,0.048451548451548455
plane_v04_1_flowC_hdbscan_ms3,svd_sde,1,712,0.033952805403605846,7.998396834619817e-06,0.30404496902311323,0.13191990577149587
plane_v04_1_flowC_hdbscan_ms3,svd_sde,14,847,0.015038480542651176,2.1903521066118503e-05,0.28694290864453786,0.04104846686449061
plane_v04_1_flowC_hdbscan_ms3,svd_sde,26,844,0.014382030325239737,4.738148472170894e-06,0.2510672704430671,0.06628599801390268
plane_v04_1_flowC_hdbscan_ms3,svd_sde,6,839,0.012389385057651565,2.4825638344409626e-05,0.268656376345256,0.048451548451548455
plane_v04_1_flowC_hdbscan_ms5,ransac_svd,1,712,0.03537613122786823,7.998396834619817e-06,0.30406344232342486,0.13015312131919907
plane_v04_1_flowC_hdbscan_ms5,ransac_svd,14,847,0.01962470024973867,4.929175788810549e-06,0.2971079037829252,0.02942631058358061
plane_v04_1_flowC_hdbscan_ms5,ransac_svd,26,844,0.01762756045668405,3.202566670958407e-06,0.2510672704430671,0.047666335650446874
plane_v04_1_flowC_hdbscan_ms5,ransac_svd,6,839,0.021917868922037478,8.586989559453636e-06,0.268656376345256,0.02147852147852148
plane_v04_1_flowC_hdbscan_ms5,ransac_svd_sde,1,712,0.03537613122786823,7.998396834619817e-06,0.30406344232342486,0.13015312131919907
plane_v04_1_flowC_hdbscan_ms5,ransac_svd_sde,14,847,0.01962470024973867,4.929175788810549e-06,0.2971079037829252,0.02942631058358061
plane_v04_1_flowC_hdbscan_ms5,ransac_svd_sde,26,844,0.01762756045668405,3.202566670958407e-06,0.2510672704430671,0.047666335650446874
plane_v04_1_flowC_hdbscan_ms5,ransac_svd_sde,6,839,0.021917868922037478,8.586989559453636e-06,0.268656376345256,0.02147852147852148
plane_v04_1_flowC_hdbscan_ms5,svd,1,712,0.03528495026530572,7.998396834619817e-06,0.30406344232342486,0.13074204946996468
plane_v04_1_flowC_hdbscan_ms5,svd,14,847,0.014014635309635523,3.4221100775872276e-05,0.2971079037829252,0.037833827893175076
plane_v04_1_flowC_hdbscan_ms5,svd,26,844,0.00965662925978752,3.202566670958407e-06,0.2510672704430671,0.07994041708043695
plane_v04_1_flowC_hdbscan_ms5,svd,6,839,0.011765708695767055,2.4825638344409626e-05,0.268656376345256,0.03671328671328672
plane_v04_1_flowC_hdbscan_ms5,svd_sde,1,712,0.03528495026530572,7.998396834619817e-06,0.30406344232342486,0.13074204946996468
plane_v04_1_flowC_hdbscan_ms5,svd_sde,14,847,0.014014635309635523,3.4221100775872276e-05,0.2971079037829252,0.037833827893175076
plane_v04_1_flowC_hdbscan_ms5,svd_sde,26,844,0.00965662925978752,3.202566670958407e-06,0.2510672704430671,0.07994041708043695
plane_v04_1_flowC_hdbscan_ms5,svd_sde,6,839,0.011765708695767055,2.4825638344409626e-05,0.268656376345256,0.03671328671328672
plane_v04_1_flowC_p3,ransac_svd,1,795,0.041341976336286716,6.105836483733091e-06,0.3154164298101167,0.092534174553102
plane_v04_1_flowC_p3,ransac_svd,14,849,0.020989655202789982,2.2284575298395594e-05,0.26913118081313603,0.01974333662388944
plane_v04_1_flowC_p3,ransac_svd,26,846,0.02081357104754439,1.0532171464652865e-05,0.2593690606989217,0.015361744301288404
plane_v04_1_flowC_p3,ransac_svd,6,847,0.021818539243164216,1.043019837365199e-05,0.2892414194592695,0.02126607319485658
plane_v04_1_flowC_p3,ransac_svd_sde,1,795,0.041341976336286716,6.105836483733091e-06,0.3154164298101167,0.092534174553102
plane_v04_1_flowC_p3,ransac_svd_sde,14,849,0.020989655202789982,2.2284575298395594e-05,0.26913118081313603,0.01974333662388944
plane_v04_1_flowC_p3,ransac_svd_sde,26,846,0.02081357104754439,1.0532171464652865e-05,0.2593690606989217,0.015361744301288404
plane_v04_1_flowC_p3,ransac_svd_sde,6,847,0.021818539243164216,1.043019837365199e-05,0.2892414194592695,0.02126607319485658
plane_v04_1_flowC_p3,svd,1,795,0.04117957171803502,6.105836483733091e-06,0.3154164298101167,0.09332281808622503
plane_v04_1_flowC_p3,svd,14,849,0.011136606132550556,6.128388944877795e-06,0.15703749906532102,0.037018756169792694
plane_v04_1_flowC_p3,svd,26,846,0.005400109293408442,3.913301485841673e-06,0.23912048771846856,0.09638255698711595
plane_v04_1_flowC_p3,svd,6,847,0.009840510849031597,1.8716837434728155e-05,0.1764556696147122,0.03536102868447082
plane_v04_1_flowC_p3,svd_sde,1,795,0.04117957171803502,6.105836483733091e-06,0.3154164298101167,0.09332281808622503
plane_v04_1_flowC_p3,svd_sde,14,849,0.011136606132550556,6.128388944877795e-06,0.15703749906532102,0.037018756169792694
plane_v04_1_flowC_p3,svd_sde,26,846,0.005400109293408442,3.913301485841673e-06,0.23912048771846856,0.09638255698711595
plane_v04_1_flowC_p3,svd_sde,6,847,0.009840510849031597,1.8716837434728155e-05,0.1764556696147122,0.03536102868447082
plane_v04_1_flowC_p5,ransac_svd,1,820,0.04447445805876775,8.60303378950043e-06,0.3040634423234245,0.09591836734693879
plane_v04_1_flowC_p5,ransac_svd,14,849,0.020346964636903504,6.61267666515149e-06,0.2731432499668041,0.02369200394866732
plane_v04_1_flowC_p5,ransac_svd,26,847,0.02101169571041475,4.9336332177342626e-06,0.28444920921838185,0.016336633663366337
plane_v04_1_flowC_p5,ransac_svd,6,849,0.022990418754197797,1.4367036545385467e-05,0.2776591138305156,0.02122408687068115
plane_v04_1_flowC_p5,ransac_svd_sde,1,820,0.04447445805876775,8.60303378950043e-06,0.3040634423234245,0.09591836734693879
plane_v04_1_flowC_p5,ransac_svd_sde,14,849,0.020346964636903504,6.61267666515149e-06,0.2731432499668041,0.02369200394866732
plane_v04_1_flowC_p5,ransac_svd_sde,26,847,0.02101169571041475,4.9336332177342626e-06,0.28444920921838185,0.016336633663366337
plane_v04_1_flowC_p5,ransac_svd_sde,6,849,0.022990418754197797,1.4367036545385467e-05,0.2776591138305156,0.02122408687068115
plane_v04_1_flowC_p5,svd,1,820,0.044434292446218895,8.60303378950043e-06,0.3040634423234245,0.09642857142857143
plane_v04_1_flowC_p5,svd,14,849,0.010903400654214723,6.61267666515149e-06,0.096236699768572,0.035538005923000986
plane_v04_1_flowC_p5,svd,26,847,0.005074415264968365,3.49020742077322e-06,0.20558351200984062,0.100990099009901
plane_v04_1_flowC_p5,svd,6,849,0.008944675399338669,1.406135000422139e-05,0.23104728410186587,0.037759131293188544
plane_v04_1_flowC_p5,svd_sde,1,820,0.044434292446218895,8.60303378950043e-06,0.3040634423234245,0.09642857142857143
plane_v04_1_flowC_p5,svd_sde,14,849,0.010903400654214723,6.61267666515149e-06,0.096236699768572,0.035538005923000986
plane_v04_1_flowC_p5,svd_sde,26,847,0.005074415264968365,3.49020742077322e-06,0.20558351200984062,0.100990099009901
plane_v04_1_flowC_p5,svd_sde,6,849,0.008944675399338669,1.406135000422139e-05,0.23104728410186587,0.037759131293188544
plane_v04_1_hdbscan_ms2,ransac_svd,1,641,0.004507111604116246,1.0005693771530506e-05,0.1682634312526407,0.45490196078431366
plane_v04_1_hdbscan_ms2,ransac_svd,14,841,0.013121514326875397,1.1136886567193932e-07,0.11209790117445798,0.10333665338645417
plane_v04_1_hdbscan_ms2,ransac_svd,26,755,0.015703097381660844,2.7077943084458204e-06,0.18126497265457803,0.0547645125958379
plane_v04_1_hdbscan_ms2,ransac_svd,6,830,0.009704463562192341,8.013520962776475e-07,0.28659106809371604,0.21165489404641774
plane_v04_1_hdbscan_ms2,ransac_svd_sde,1,641,0.004507111604116246,1.0005693771530506e-05,0.1682634312526407,0.45490196078431366
plane_v04_1_hdbscan_ms2,ransac_svd_sde,14,841,0.013121514326875397,1.1136886567193932e-07,0.11209790117445798,0.10333665338645417
plane_v04_1_hdbscan_ms2,ransac_svd_sde,26,755,0.015703097381660844,2.7077943084458204e-06,0.18126497265457803,0.0547645125958379
plane_v04_1_hdbscan_ms2,ransac_svd_sde,6,830,0.009704463562192341,8.013520962776475e-07,0.28659106809371604,0.21165489404641774
plane_v04_1_hdbscan_ms2,svd,1,641,0.004507111604116246,1.0005693771530506e-05,0.1682634312526407,0.45490196078431366
plane_v04_1_hdbscan_ms2,svd,14,841,0.010569335879886099,1.1136886567193932e-07,0.11209790117445798,0.09312749003984064
plane_v04_1_hdbscan_ms2,svd,26,755,0.005645865949053129,2.7077943084458204e-06,0.12422684662324782,0.10487404162102956
plane_v04_1_hdbscan_ms2,svd,6,830,0.00860773035126515,8.013520962776475e-07,0.28659106809371604,0.2091321897073663
plane_v04_1_hdbscan_ms2,svd_sde,1,641,0.004507111604116246,1.0005693771530506e-05,0.1682634312526407,0.45490196078431366
plane_v04_1_hdbscan_ms2,svd_sde,14,841,0.010569335879886099,1.1136886567193932e-07,0.11209790117445798,0.09312749003984064
plane_v04_1_hdbscan_ms2,svd_sde,26,755,0.005645865949053129,2.7077943084458204e-06,0.12422684662324782,0.10487404162102956
plane_v04_1_hdbscan_ms2,svd_sde,6,830,0.00860773035126515,8.013520962776475e-07,0.28659106809371604,0.2091321897073663
plane_v04_1_hdbscan_ms3,ransac_svd,1,641,0.004507111604116246,1.0005693771530506e-05,0.1682634312526407,0.45490196078431366
plane_v04_1_hdbscan_ms3,ransac_svd,14,841,0.013602433038274273,1.4003507921289522e-05,0.13578404735152388,0.10159362549800796
plane_v04_1_hdbscan_ms3,ransac_svd,26,755,0.015227995977268042,2.0850820578142523e-05,0.12422684662324782,0.0706462212486309
plane_v04_1_hdbscan_ms3,ransac_svd,6,830,0.009937194941211506,1.0688249117220908e-06,0.28659106809371604,0.18819374369323916
plane_v04_1_hdbscan_ms3,ransac_svd_sde,1,641,0.004507111604116246,1.0005693771530506e-05,0.1682634312526407,0.45490196078431366
plane_v04_1_hdbscan_ms3,ransac_svd_sde,14,841,0.013602433038274273,1.4003507921289522e-05,0.13578404735152388,0.10159362549800796
plane_v04_1_hdbscan_ms3,ransac_svd_sde,26,755,0.015227995977268042,2.0850820578142523e-05,0.12422684662324782,0.0706462212486309
plane_v04_1_hdbscan_ms3,ransac_svd_sde,6,830,0.009937194941211506,1.0688249117220908e-06,0.28659106809371604,0.18819374369323916
plane_v04_1_hdbscan_ms3,svd,1,641,0.004507111604116246,1.0005693771530506e-05,0.1682634312526407,0.45490196078431366
plane_v04_1_hdbscan_ms3,svd,14,841,0.012448930184661387,1.4003507921289522e-05,0.13578404735152388,0.09760956175298804
plane_v04_1_hdbscan_ms3,svd,26,755,0.009661916981774921,1.6003965481890378e-05,0.12422684662324782,0.07940854326396495
plane_v04_1_hdbscan_ms3,svd,6,830,0.00862582129718581,1.0688249117220908e-06,0.28659106809371604,0.20837537840565085
plane_v04_1_hdbscan_ms3,svd_sde,1,641,0.004507111604116246,1.0005693771530506e-05,0.1682634312526407,0.45490196078431366
plane_v04_1_hdbscan_ms3,svd_sde,14,841,0.012448930184661387,1.4003507921289522e-05,0.13578404735152388,0.09760956175298804
plane_v04_1_hdbscan_ms3,svd_sde,26,755,0.009661916981774921,1.6003965481890378e-05,0.12422684662324782,0.07940854326396495
plane_v04_1_hdbscan_ms3,svd_sde,6,830,0.00862582129718581,1.0688249117220908e-06,0.28659106809371604,0.20837537840565085
plane_v04_1_hdbscan_ms5,ransac_svd,1,641,0.004507111604116246,1.0005693771530506e-05,0.1682634312526407,0.45490196078431366
plane_v04_1_hdbscan_ms5,ransac_svd,14,841,0.012270468141476866,5.189901002640617e-07,0.10176767218007171,0.11528884462151393
plane_v04_1_hdbscan_ms5,ransac_svd,26,755,0.012603678672759569,4.738148472170894e-06,0.12422684662324782,0.12924424972617743
plane_v04_1_hdbscan_ms5,ransac_svd,6,830,0.012040396489201197,6.24907878389494e-06,0.28659106809371604,0.16019172552976793
plane_v04_1_hdbscan_ms5,ransac_svd_sde,1,641,0.004507111604116246,1.0005693771530506e-05,0.1682634312526407,0.45490196078431366
plane_v04_1_hdbscan_ms5,ransac_svd_sde,14,841,0.012270468141476866,5.189901002640617e-07,0.10176767218007171,0.11528884462151393
plane_v04_1_hdbscan_ms5,ransac_svd_sde,26,755,0.012603678672759569,4.738148472170894e-06,0.12422684662324782,0.12924424972617743
plane_v04_1_hdbscan_ms5,ransac_svd_sde,6,830,0.012040396489201197,6.24907878389494e-06,0.28659106809371604,0.16019172552976793
plane_v04_1_hdbscan_ms5,svd,1,641,0.004507111604116246,1.0005693771530506e-05,0.1682634312526407,0.45490196078431366
plane_v04_1_hdbscan_ms5,svd,14,841,0.010881783338836515,5.189901002640617e-07,0.13336297845376663,0.12076693227091632
plane_v04_1_hdbscan_ms5,svd,26,755,0.01136372774641825,4.738148472170894e-06,0.12422684662324782,0.1306133625410734
plane_v04_1_hdbscan_ms5,svd,6,830,0.008971726505210116,4.183375687347457e-06,0.28659106809371604,0.16195761856710394
plane_v04_1_hdbscan_ms5,svd_sde,1,641,0.004507111604116246,1.0005693771530506e-05,0.1682634312526407,0.45490196078431366
plane_v04_1_hdbscan_ms5,svd_sde,14,841,0.010881783338836515,5.189901002640617e-07,0.13336297845376663,0.12076693227091632
plane_v04_1_hdbscan_ms5,svd_sde,26,755,0.01136372774641825,4.738148472170894e-06,0.12422684662324782,0.1306133625410734
plane_v04_1_hdbscan_ms5,svd_sde,6,830,0.008971726505210116,4.183375687347457e-06,0.28659106809371604,0.16195761856710394
plane_v04_1_p3,ransac_svd,1,755,0.01524651520856769,3.1241717252054456e-05,0.300420546107699,0.33518312985571586
plane_v04_1_p3,ransac_svd,14,849,0.013612709030075934,7.669251195797302e-06,0.2057335072469943,0.09452122408687069
plane_v04_1_p3,ransac_svd,26,773,0.01621790055928713,2.58106120347772e-06,0.18191798706791074,0.04291845493562232
plane_v04_1_p3,ransac_svd,6,844,0.011547114590254313,2.3195030456653994e-06,0.24237287884081568,0.12996031746031744
plane_v04_1_p3,ransac_svd_sde,1,755,0.01524651520856769,3.1241717252054456e-05,0.300420546107699,0.33518312985571586
plane_v04_1_p3,ransac_svd_sde,14,849,0.013612709030075934,7.669251195797302e-06,0.2057335072469943,0.09452122408687069
plane_v04_1_p3,ransac_svd_sde,26,773,0.01621790055928713,2.58106120347772e-06,0.18191798706791074,0.04291845493562232
plane_v04_1_p3,ransac_svd_sde,6,844,0.011547114590254313,2.3195030456653994e-06,0.24237287884081568,0.12996031746031744
plane_v04_1_p3,svd,1,755,0.01524651520856769,3.1241717252054456e-05,0.300420546107699,0.33518312985571586
plane_v04_1_p3,svd,14,849,0.008822795967878803,7.669251195797302e-06,0.13232052401543723,0.08094768015794669
plane_v04_1_p3,svd,26,773,0.005110353367332251,4.4987707294047907e-07,0.060032926438776786,0.09951716738197425
plane_v04_1_p3,svd,6,844,0.007867467607723694,2.3195030456653994e-06,0.24237287884081568,0.11259920634920634
plane_v04_1_p3,svd_sde,1,755,0.01524651520856769,3.1241717252054456e-05,0.300420546107699,0.33518312985571586
plane_v04_1_p3,svd_sde,14,849,0.008822795967878803,7.669251195797302e-06,0.13232052401543723,0.08094768015794669
plane_v04_1_p3,svd_sde,26,773,0.005110353367332251,4.4987707294047907e-07,0.060032926438776786,0.09951716738197425
plane_v04_1_p3,svd_sde,6,844,0.007867467607723694,2.3195030456653994e-06,0.24237287884081568,0.11259920634920634
plane_v04_1_p3_cluster,ransac_svd,1,755,0.01524651520856769,3.1241717252054456e-05,0.300420546107699,0.33518312985571586
plane_v04_1_p3_cluster,ransac_svd,14,849,0.013449369819231437,3.175361097642935e-06,0.16768131393321697,0.0769990128331688
plane_v04_1_p3_cluster,ransac_svd,26,773,0.017004438871527396,1.552891388584466e-05,0.17394067955131703,0.03379828326180257
plane_v04_1_p3_cluster,ransac_svd,6,843,0.011219732057368571,4.524328259722947e-06,0.24237287884081568,0.12140019860973186
plane_v04_1_p3_cluster,ransac_svd_sde,1,755,0.01524651520856769,3.1241717252054456e-05,0.300420546107699,0.33518312985571586
plane_v04_1_p3_cluster,ransac_svd_sde,14,849,0.013449369819231437,3.175361097642935e-06,0.16768131393321697,0.0769990128331688
plane_v04_1_p3_cluster,ransac_svd_sde,26,773,0.017004438871527396,1.552891388584466e-05,0.17394067955131703,0.03379828326180257
plane_v04_1_p3_cluster,ransac_svd_sde,6,843,0.011219732057368571,4.524328259722947e-06,0.24237287884081568,0.12140019860973186
plane_v04_1_p3_cluster,svd,1,755,0.01524651520856769,3.1241717252054456e-05,0.300420546107699,0.33518312985571586
plane_v04_1_p3_cluster,svd,14,849,0.00819948695418244,3.175361097642935e-06,0.13232052401543723,0.08045409674234946
plane_v04_1_p3_cluster,svd,26,773,0.004875132796497863,1.3425264117463771e-05,0.060032926438776786,0.09146995708154507
plane_v04_1_p3_cluster,svd,6,843,0.00817647021496334,4.205418764629216e-06,0.24237287884081568,0.108987090367428
plane_v04_1_p3_cluster,svd_sde,1,755,0.01524651520856769,3.1241717252054456e-05,0.300420546107699,0.33518312985571586
plane_v04_1_p3_cluster,svd_sde,14,849,0.00819948695418244,3.175361097642935e-06,0.13232052401543723,0.08045409674234946
plane_v04_1_p3_cluster,svd_sde,26,773,0.004875132796497863,1.3425264117463771e-05,0.060032926438776786,0.09146995708154507
plane_v04_1_p3_cluster,svd_sde,6,843,0.00817647021496334,4.205418764629216e-06,0.24237287884081568,0.108987090367428
plane_v04_1_p3_hdbscan_ms2,ransac_svd,1,755,0.01524651520856769,3.1241717252054456e-05,0.300420546107699,0.33518312985571586
plane_v04_1_p3_hdbscan_ms2,ransac_svd,14,849,0.013396831652767453,1.1145394601387443e-07,0.11597386026878866,0.0935340572556762
plane_v04_1_p3_hdbscan_ms2,ransac_svd,26,773,0.016059687646264538,9.135341618342269e-06,0.17445948324230928,0.046942060085836915
plane_v04_1_p3_hdbscan_ms2,ransac_svd,6,844,0.010018930835474381,8.181886204477432e-07,0.24237287884081568,0.17906746031746032
plane_v04_1_p3_hdbscan_ms2,ransac_svd_sde,1,755,0.01524651520856769,3.1241717252054456e-05,0.300420546107699,0.33518312985571586
plane_v04_1_p3_hdbscan_ms2,ransac_svd_sde,14,849,0.013396831652767453,1.1145394601387443e-07,0.11597386026878866,0.0935340572556762
plane_v04_1_p3_hdbscan_ms2,ransac_svd_sde,26,773,0.016059687646264538,9.135341618342269e-06,0.17445948324230928,0.046942060085836915
plane_v04_1_p3_hdbscan_ms2,ransac_svd_sde,6,844,0.010018930835474381,8.181886204477432e-07,0.24237287884081568,0.17906746031746032
plane_v04_1_p3_hdbscan_ms2,svd,1,755,0.01524651520856769,3.1241717252054456e-05,0.300420546107699,0.33518312985571586
plane_v04_1_p3_hdbscan_ms2,svd,14,849,0.010266436155348859,1.1145394601387443e-07,0.11597386026878866,0.07996051332675222
plane_v04_1_p3_hdbscan_ms2,svd,26,773,0.005331372016065831,4.464390099393656e-07,0.060032926438776786,0.09924892703862662
plane_v04_1_p3_hdbscan_ms2,svd,6,844,0.00880740292085828,8.181886204477432e-07,0.24237287884081568,0.1810515873015873
plane_v04_1_p3_hdbscan_ms2,svd_sde,1,755,0.01524651520856769,3.1241717252054456e-05,0.300420546107699,0.33518312985571586
plane_v04_1_p3_hdbscan_ms2,svd_sde,14,849,0.010266436155348859,1.1145394601387443e-07,0.11597386026878866,0.07996051332675222
plane_v04_1_p3_hdbscan_ms2,svd_sde,26,773,0.005331372016065831,4.464390099393656e-07,0.060032926438776786,0.09924892703862662
plane_v04_1_p3_hdbscan_ms2,svd_sde,6,844,0.00880740292085828,8.181886204477432e-07,0.24237287884081568,0.1810515873015873
plane_v04_1_p3_hdbscan_ms3,ransac_svd,1,755,0.01524651520856769,3.1241717252054456e-05,0.300420546107699,0.33518312985571586
plane_v04_1_p3_hdbscan_ms3,ransac_svd,14,849,0.013760305723793737,6.855734497902093e-06,0.11307091221561937,0.09230009871668313
plane_v04_1_p3_hdbscan_ms3,ransac_svd,26,773,0.01534287916278465,1.1338513247105178e-05,0.13949884963393255,0.06464592274678112
plane_v04_1_p3_hdbscan_ms3,ransac_svd,6,844,0.009841796997577586,2.3195030456653994e-06,0.24237287884081568,0.17212301587301587
plane_v04_1_p3_hdbscan_ms3,ransac_svd_sde,1,755,0.01524651520856769,3.1241717252054456e-05,0.300420546107699,0.33518312985571586
plane_v04_1_p3_hdbscan_ms3,ransac_svd_sde,14,849,0.013760305723793737,6.855734497902093e-06,0.11307091221561937,0.09230009871668313
plane_v04_1_p3_hdbscan_ms3,ransac_svd_sde,26,773,0.01534287916278465,1.1338513247105178e-05,0.13949884963393255,0.06464592274678112
plane_v04_1_p3_hdbscan_ms3,ransac_svd_sde,6,844,0.009841796997577586,2.3195030456653994e-06,0.24237287884081568,0.17212301587301587
plane_v04_1_p3_hdbscan_ms3,svd,1,755,0.01524651520856769,3.1241717252054456e-05,0.300420546107699,0.33518312985571586
plane_v04_1_p3_hdbscan_ms3,svd,14,849,0.0122714080692236,6.855734497902093e-06,0.13232052401543723,0.09180651530108588
plane_v04_1_p3_hdbscan_ms3,svd,26,773,0.010005099265331056,1.1338513247105178e-05,0.07401431782333753,0.06598712446351931
plane_v04_1_p3_hdbscan_ms3,svd,6,844,0.008740377577449885,2.3195030456653994e-06,0.24237287884081568,0.18278769841269843
plane_v04_1_p3_hdbscan_ms3,svd_sde,1,755,0.01524651520856769,3.1241717252054456e-05,0.300420546107699,0.33518312985571586
plane_v04_1_p3_hdbscan_ms3,svd_sde,14,849,0.0122714080692236,6.855734497902093e-06,0.13232052401543723,0.09180651530108588
plane_v04_1_p3_hdbscan_ms3,svd_sde,26,773,0.010005099265331056,1.1338513247105178e-05,0.07401431782333753,0.06598712446351931
plane_v04_1_p3_hdbscan_ms3,svd_sde,6,844,0.008740377577449885,2.3195030456653994e-06,0.24237287884081568,0.18278769841269843
plane_v04_1_p3_hdbscan_ms5,ransac_svd,1,755,0.01524651520856769,3.1241717252054456e-05,0.300420546107699,0.33518312985571586
plane_v04_1_p3_hdbscan_ms5,ransac_svd,14,849,0.012491459744775215,1.5204636755223151e-05,0.1326084535990608,0.11994076999012833
plane_v04_1_p3_hdbscan_ms5,ransac_svd,26,773,0.012419246024504515,3.556250011708874e-06,0.07961286091593309,0.10756437768240343
plane_v04_1_p3_hdbscan_ms5,ransac_svd,6,844,0.011713830744764139,2.3195030456653994e-06,0.24237287884081568,0.15302579365079366
plane_v04_1_p3_hdbscan_ms5,ransac_svd_sde,1,755,0.01524651520856769,3.1241717252054456e-05,0.300420546107699,0.33518312985571586
plane_v04_1_p3_hdbscan_ms5,ransac_svd_sde,14,849,0.012491459744775215,1.5204636755223151e-05,0.1326084535990608,0.11994076999012833
plane_v04_1_p3_hdbscan_ms5,ransac_svd_sde,26,773,0.012419246024504515,3.556250011708874e-06,0.07961286091593309,0.10756437768240343
plane_v04_1_p3_hdbscan_ms5,ransac_svd_sde,6,844,0.011713830744764139,2.3195030456653994e-06,0.24237287884081568,0.15302579365079366
plane_v04_1_p3_hdbscan_ms5,svd,1,755,0.01524651520856769,3.1241717252054456e-05,0.300420546107699,0.33518312985571586
plane_v04_1_p3_hdbscan_ms5,svd,14,849,0.010891589068814949,1.5204636755223151e-05,0.13232052401543723,0.12586377097729518
plane_v04_1_p3_hdbscan_ms5,svd,26,773,0.01110468979827319,3.556250011708874e-06,0.07282199798665823,0.11051502145922747
plane_v04_1_p3_hdbscan_ms5,svd,6,844,0.008773275520165809,2.3195030456653994e-06,0.24237287884081568,0.14484126984126983
plane_v04_1_p3_hdbscan_ms5,svd_sde,1,755,0.01524651520856769,3.1241717252054456e-05,0.300420546107699,0.33518312985571586
plane_v04_1_p3_hdbscan_ms5,svd_sde,14,849,0.010891589068814949,1.5204636755223151e-05,0.13232052401543723,0.12586377097729518
plane_v04_1_p3_hdbscan_ms5,svd_sde,26,773,0.01110468979827319,3.556250011708874e-06,0.07282199798665823,0.11051502145922747
plane_v04_1_p3_hdbscan_ms5,svd_sde,6,844,0.008773275520165809,2.3195030456653994e-06,0.24237287884081568,0.14484126984126983
plane_v04_1_p5,ransac_svd,1,800,0.019081867037860665,9.119821792964613e-06,0.3005384343310424,0.3013089005235602
plane_v04_1_p5,ransac_svd,14,849,0.013747767058693655,1.6712739830653576e-05,0.19179000408086266,0.0893385982230997
plane_v04_1_p5,ransac_svd,26,789,0.016820664476119497,6.095323413705495e-06,0.18149209500978822,0.03951527924130664
plane_v04_1_p5,ransac_svd,6,846,0.011449500549759054,2.7261200215096882e-06,0.24538224751358798,0.12252475247524752
plane_v04_1_p5,ransac_svd_sde,1,800,0.019081867037860665,9.119821792964613e-06,0.3005384343310424,0.3013089005235602
plane_v04_1_p5,ransac_svd_sde,14,849,0.013747767058693655,1.6712739830653576e-05,0.19179000408086266,0.0893385982230997
plane_v04_1_p5,ransac_svd_sde,26,789,0.016820664476119497,6.095323413705495e-06,0.18149209500978822,0.03951527924130664
plane_v04_1_p5,ransac_svd_sde,6,846,0.011449500549759054,2.7261200215096882e-06,0.24538224751358798,0.12252475247524752
plane_v04_1_p5,svd,1,800,0.019081867037860665,9.119821792964613e-06,0.3005384343310424,0.3013089005235602
plane_v04_1_p5,svd,14,849,0.008570052086563308,1.6712739830653576e-05,0.07177099923492435,0.07354392892398816
plane_v04_1_p5,svd,26,789,0.004957355714586583,4.370584793865392e-06,0.05389972720595064,0.0958904109589041
plane_v04_1_p5,svd,6,846,0.007267929142032131,2.7261200215096882e-06,0.06809325216777856,0.10495049504950496
plane_v04_1_p5,svd_sde,1,800,0.019081867037860665,9.119821792964613e-06,0.3005384343310424,0.3013089005235602
plane_v04_1_p5,svd_sde,14,849,0.008570052086563308,1.6712739830653576e-05,0.07177099923492435,0.07354392892398816
plane_v04_1_p5,svd_sde,26,789,0.004957355714586583,4.370584793865392e-06,0.05389972720595064,0.0958904109589041
plane_v04_1_p5,svd_sde,6,846,0.007267929142032131,2.7261200215096882e-06,0.06809325216777856,0.10495049504950496
plane_v04_1_p5_cluster,ransac_svd,1,800,0.019081867037860665,9.119821792964613e-06,0.3005384343310424,0.3013089005235602
plane_v04_1_p5_cluster,ransac_svd,14,849,0.01457981185795713,6.36751248182164e-06,0.21533210273203804,0.07132280355380059
plane_v04_1_p5_cluster,ransac_svd,26,789,0.016482161171937886,1.1405508770186262e-05,0.1734332108903011,0.03424657534246575
plane_v04_1_p5_cluster,ransac_svd,6,846,0.011996253661996175,3.7354181890834235e-06,0.24538224751358798,0.10915841584158417
plane_v04_1_p5_cluster,ransac_svd_sde,1,800,0.019081867037860665,9.119821792964613e-06,0.3005384343310424,0.3013089005235602
plane_v04_1_p5_cluster,ransac_svd_sde,14,849,0.01457981185795713,6.36751248182164e-06,0.21533210273203804,0.07132280355380059
plane_v04_1_p5_cluster,ransac_svd_sde,26,789,0.016482161171937886,1.1405508770186262e-05,0.1734332108903011,0.03424657534246575
plane_v04_1_p5_cluster,ransac_svd_sde,6,846,0.011996253661996175,3.7354181890834235e-06,0.24538224751358798,0.10915841584158417
plane_v04_1_p5_cluster,svd,1,800,0.019081867037860665,9.119821792964613e-06,0.3005384343310424,0.3013089005235602
plane_v04_1_p5_cluster,svd,14,849,0.007815514426860038,6.36751248182164e-06,0.07152421984222095,0.07255676209279369
plane_v04_1_p5_cluster,svd,26,789,0.004784483863577008,1.0322784503494487e-05,0.05140790792276759,0.08798735511064278
plane_v04_1_p5_cluster,svd,6,846,0.007517932645981743,3.7354181890834235e-06,0.06908794143200483,0.10222772277227724
plane_v04_1_p5_cluster,svd_sde,1,800,0.019081867037860665,9.119821792964613e-06,0.3005384343310424,0.3013089005235602
plane_v04_1_p5_cluster,svd_sde,14,849,0.007815514426860038,6.36751248182164e-06,0.07152421984222095,0.07255676209279369
plane_v04_1_p5_cluster,svd_sde,26,789,0.004784483863577008,1.0322784503494487e-05,0.05140790792276759,0.08798735511064278
plane_v04_1_p5_cluster,svd_sde,6,846,0.007517932645981743,3.7354181890834235e-06,0.06908794143200483,0.10222772277227724
plane_v04_1_p5_hdbscan_ms2,ransac_svd,1,800,0.019081867037860665,9.119821792964613e-06,0.3005384343310424,0.3013089005235602
plane_v04_1_p5_hdbscan_ms2,ransac_svd,14,849,0.013868457865861213,1.1165691502056685e-07,0.1680178588147482,0.07773938795656465
plane_v04_1_p5_hdbscan_ms2,ransac_svd,26,789,0.016337586935970115,1.2351674405122185e-05,0.1740717281562325,0.045047418335089566
plane_v04_1_p5_hdbscan_ms2,ransac_svd,6,846,0.009877938404758153,8.010616039192496e-07,0.07552444020584746,0.16584158415841585
plane_v04_1_p5_hdbscan_ms2,ransac_svd_sde,1,800,0.019081867037860665,9.119821792964613e-06,0.3005384343310424,0.3013089005235602
plane_v04_1_p5_hdbscan_ms2,ransac_svd_sde,14,849,0.013868457865861213,1.1165691502056685e-07,0.1680178588147482,0.07773938795656465
plane_v04_1_p5_hdbscan_ms2,ransac_svd_sde,26,789,0.016337586935970115,1.2351674405122185e-05,0.1740717281562325,0.045047418335089566
plane_v04_1_p5_hdbscan_ms2,ransac_svd_sde,6,846,0.009877938404758153,8.010616039192496e-07,0.07552444020584746,0.16584158415841585
plane_v04_1_p5_hdbscan_ms2,svd,1,800,0.019081867037860665,9.119821792964613e-06,0.3005384343310424,0.3013089005235602
plane_v04_1_p5_hdbscan_ms2,svd,14,849,0.010374074636248943,1.1165691502056685e-07,0.11116588332260127,0.06712734452122408
plane_v04_1_p5_hdbscan_ms2,svd,26,789,0.005373204851577558,4.392056630441692e-06,0.0754776878195647,0.09905163329820865
plane_v04_1_p5_hdbscan_ms2,svd,6,846,0.008584905016422551,8.010616039192496e-07,0.07552444020584746,0.17425742574257425
plane_v04_1_p5_hdbscan_ms2,svd_sde,1,800,0.019081867037860665,9.119821792964613e-06,0.3005384343310424,0.3013089005235602
plane_v04_1_p5_hdbscan_ms2,svd_sde,14,849,0.010374074636248943,1.1165691502056685e-07,0.11116588332260127,0.06712734452122408
plane_v04_1_p5_hdbscan_ms2,svd_sde,26,789,0.005373204851577558,4.392056630441692e-06,0.0754776878195647,0.09905163329820865
plane_v04_1_p5_hdbscan_ms2,svd_sde,6,846,0.008584905016422551,8.010616039192496e-07,0.07552444020584746,0.17425742574257425
plane_v04_1_p5_hdbscan_ms3,ransac_svd,1,800,0.019081867037860665,9.119821792964613e-06,0.3005384343310424,0.3013089005235602
plane_v04_1_p5_hdbscan_ms3,ransac_svd,14,849,0.014051144891745682,6.299047841992794e-06,0.09749577819466694,0.08045409674234946
plane_v04_1_p5_hdbscan_ms3,ransac_svd,26,789,0.015430798251095511,1.988029030199813e-06,0.13391712199281397,0.06085353003161223
plane_v04_1_p5_hdbscan_ms3,ransac_svd,6,846,0.008897963311359978,2.8293867658612717e-06,0.07651589217417379,0.19653465346534654
plane_v04_1_p5_hdbscan_ms3,ransac_svd_sde,1,800,0.019081867037860665,9.119821792964613e-06,0.3005384343310424,0.3013089005235602
plane_v04_1_p5_hdbscan_ms3,ransac_svd_sde,14,849,0.014051144891745682,6.299047841992794e-06,0.09749577819466694,0.08045409674234946
plane_v04_1_p5_hdbscan_ms3,ransac_svd_sde,26,789,0.015430798251095511,1.988029030199813e-06,0.13391712199281397,0.06085353003161223
plane_v04_1_p5_hdbscan_ms3,ransac_svd_sde,6,846,0.008897963311359978,2.8293867658612717e-06,0.07651589217417379,0.19653465346534654
plane_v04_1_p5_hdbscan_ms3,svd,1,800,0.019081867037860665,9.119821792964613e-06,0.3005384343310424,0.3013089005235602
plane_v04_1_p5_hdbscan_ms3,svd,14,849,0.012079273101268787,6.299047841992794e-06,0.09749577819466694,0.0797137216189536
plane_v04_1_p5_hdbscan_ms3,svd,26,789,0.01018483800669155,1.988029030199813e-06,0.07295110609435591,0.06664910432033719
plane_v04_1_p5_hdbscan_ms3,svd,6,846,0.008016352244677788,2.8293867658612717e-06,0.07651589217417379,0.2056930693069307
plane_v04_1_p5_hdbscan_ms3,svd_sde,1,800,0.019081867037860665,9.119821792964613e-06,0.3005384343310424,0.3013089005235602
plane_v04_1_p5_hdbscan_ms3,svd_sde,14,849,0.012079273101268787,6.299047841992794e-06,0.09749577819466694,0.0797137216189536
plane_v04_1_p5_hdbscan_ms3,svd_sde,26,789,0.01018483800669155,1.988029030199813e-06,0.07295110609435591,0.06664910432033719
plane_v04_1_p5_hdbscan_ms3,svd_sde,6,846,0.008016352244677788,2.8293867658612717e-06,0.07651589217417379,0.2056930693069307
plane_v04_1_p5_hdbscan_ms5,ransac_svd,1,800,0.019081867037860665,9.119821792964613e-06,0.3005384343310424,0.3013089005235602
plane_v04_1_p5_hdbscan_ms5,ransac_svd,14,849,0.01272820477957289,4.046226599287945e-06,0.18765735946688175,0.12364264560710761
plane_v04_1_p5_hdbscan_ms5,ransac_svd,26,789,0.012576212626423246,1.988029030199813e-06,0.10020833675098484,0.1059009483667018
plane_v04_1_p5_hdbscan_ms5,ransac_svd,6,846,0.011617359934454917,2.7261200215096882e-06,0.24538224751358798,0.1556930693069307
plane_v04_1_p5_hdbscan_ms5,ransac_svd_sde,1,800,0.019081867037860665,9.119821792964613e-06,0.3005384343310424,0.3013089005235602
plane_v04_1_p5_hdbscan_ms5,ransac_svd_sde,14,849,0.01272820477957289,4.046226599287945e-06,0.18765735946688175,0.12364264560710761
plane_v04_1_p5_hdbscan_ms5,ransac_svd_sde,26,789,0.012576212626423246,1.988029030199813e-06,0.10020833675098484,0.1059009483667018
plane_v04_1_p5_hdbscan_ms5,ransac_svd_sde,6,846,0.011617359934454917,2.7261200215096882e-06,0.24538224751358798,0.1556930693069307
plane_v04_1_p5_hdbscan_ms5,svd,1,800,0.019081867037860665,9.119821792964613e-06,0.3005384343310424,0.3013089005235602
plane_v04_1_p5_hdbscan_ms5,svd,14,849,0.011257271626404395,4.046226599287945e-06,0.18765735946688175,0.12438302073050345
plane_v04_1_p5_hdbscan_ms5,svd,26,789,0.011605347736424214,1.988029030199813e-06,0.07535176920763577,0.10669125395152793
plane_v04_1_p5_hdbscan_ms5,svd,6,846,0.008068933837747918,2.7261200215096882e-06,0.17776279766375871,0.15247524752475247
plane_v04_1_p5_hdbscan_ms5,svd_sde,1,800,0.019081867037860665,9.119821792964613e-06,0.3005384343310424,0.3013089005235602
plane_v04_1_p5_hdbscan_ms5,svd_sde,14,849,0.011257271626404395,4.046226599287945e-06,0.18765735946688175,0.12438302073050345
plane_v04_1_p5_hdbscan_ms5,svd_sde,26,789,0.011605347736424214,1.988029030199813e-06,0.07535176920763577,0.10669125395152793
plane_v04_1_p5_hdbscan_ms5,svd_sde,6,846,0.008068933837747918,2.7261200215096882e-06,0.17776279766375871,0.15247524752475247
plane_v04_cluster,ransac_svd,1,605,0.004232055359539902,1.0005693771530506e-05,0.06958499222033449,0.4547325102880658
plane_v04_cluster,ransac_svd,14,831,0.012088113300044919,8.159081018472575e-06,0.20674936803837016,0.10890342052313884
plane_v04_cluster,ransac_svd,26,739,0.01642058440256966,2.7731443532188918e-05,0.2532117939727963,0.045072788353863386
plane_v04_cluster,ransac_svd,6,815,0.011051221388498029,4.67537311483909e-08,0.22262210442670705,0.16135662898252826
plane_v04_cluster,ransac_svd_sde,1,605,0.004232055359539902,1.0005693771530506e-05,0.06958499222033449,0.4547325102880658
plane_v04_cluster,ransac_svd_sde,14,831,0.012088113300044919,8.159081018472575e-06,0.20674936803837016,0.10890342052313884
plane_v04_cluster,ransac_svd_sde,26,739,0.01642058440256966,2.7731443532188918e-05,0.2532117939727963,0.045072788353863386
plane_v04_cluster,ransac_svd_sde,6,815,0.011051221388498029,4.67537311483909e-08,0.22262210442670705,0.16135662898252826
plane_v04_cluster,svd,1,605,0.004232055359539902,1.0005693771530506e-05,0.06958499222033449,0.4547325102880658
plane_v04_cluster,svd,14,831,0.0074110504110577674,8.768224798726164e-06,0.13336297845376663,0.12801810865191146
plane_v04_cluster,svd,26,739,0.005457456726475108,2.074137734871112e-05,0.2532117939727963,0.08314669652855543
plane_v04_cluster,svd,6,815,0.007153536636307974,4.67537311483909e-08,0.08736352765744626,0.17985611510791366
plane_v04_cluster,svd_sde,1,605,0.004232055359539902,1.0005693771530506e-05,0.06958499222033449,0.4547325102880658
plane_v04_cluster,svd_sde,14,831,0.0074110504110577674,8.768224798726164e-06,0.13336297845376663,0.12801810865191146
plane_v04_cluster,svd_sde,26,739,0.005457456726475108,2.074137734871112e-05,0.2532117939727963,0.08314669652855543
plane_v04_cluster,svd_sde,6,815,0.007153536636307974,4.67537311483909e-08,0.08736352765744626,0.17985611510791366
plane_v04_hdbscan_ms2,ransac_svd,1,605,0.004232055359539902,1.0005693771530506e-05,0.06958499222033449,0.4547325102880658
plane_v04_hdbscan_ms2,ransac_svd,14,831,0.010710876576113651,9.474185137557677e-08,0.1194229407765706,0.1511569416498994
plane_v04_hdbscan_ms2,ransac_svd,26,739,0.014426887457794904,1.636932182622928e-06,0.2532117939727963,0.06830907054871221
plane_v04_hdbscan_ms2,ransac_svd,6,815,0.007524006809993432,4.67537311483909e-08,0.2095708959010796,0.27826310380267216
plane_v04_hdbscan_ms2,ransac_svd_sde,1,605,0.004232055359539902,1.0005693771530506e-05,0.06958499222033449,0.4547325102880658
plane_v04_hdbscan_ms2,ransac_svd_sde,14,831,0.010710876576113651,9.474185137557677e-08,0.1194229407765706,0.1511569416498994
plane_v04_hdbscan_ms2,ransac_svd_sde,26,739,0.014426887457794904,1.636932182622928e-06,0.2532117939727963,0.06830907054871221
plane_v04_hdbscan_ms2,ransac_svd_sde,6,815,0.007524006809993432,4.67537311483909e-08,0.2095708959010796,0.27826310380267216
plane_v04_hdbscan_ms2,svd,1,605,0.004232055359539902,1.0005693771530506e-05,0.06958499222033449,0.4547325102880658
plane_v04_hdbscan_ms2,svd,14,831,0.00861480906734102,9.474185137557677e-08,0.11209790117445798,0.15191146881287726
plane_v04_hdbscan_ms2,svd,26,739,0.005735877701134927,1.636932182622928e-06,0.2532117939727963,0.09910414333706606
plane_v04_hdbscan_ms2,svd,6,815,0.006696646488556,4.67537311483909e-08,0.09335105010841123,0.27415210688591984
plane_v04_hdbscan_ms2,svd_sde,1,605,0.004232055359539902,1.0005693771530506e-05,0.06958499222033449,0.4547325102880658
plane_v04_hdbscan_ms2,svd_sde,14,831,0.00861480906734102,9.474185137557677e-08,0.11209790117445798,0.15191146881287726
plane_v04_hdbscan_ms2,svd_sde,26,739,0.005735877701134927,1.636932182622928e-06,0.2532117939727963,0.09910414333706606
plane_v04_hdbscan_ms2,svd_sde,6,815,0.006696646488556,4.67537311483909e-08,0.09335105010841123,0.27415210688591984
plane_v04_hdbscan_ms3,ransac_svd,1,605,0.004232055359539902,1.0005693771530506e-05,0.06958499222033449,0.4547325102880658
plane_v04_hdbscan_ms3,ransac_svd,14,831,0.010595906039505016,4.423373516246446e-06,0.12089537572000339,0.1566901408450704
plane_v04_hdbscan_ms3,ransac_svd,26,739,0.01577533264137531,1.5705741685354001e-06,0.2532117939727963,0.08230683090705487
plane_v04_hdbscan_ms3,ransac_svd,6,815,0.009128019790007602,1.6266903208689525e-06,0.2095708959010796,0.22404933196300103
plane_v04_hdbscan_ms3,ransac_svd_sde,1,605,0.004232055359539902,1.0005693771530506e-05,0.06958499222033449,0.4547325102880658
plane_v04_hdbscan_ms3,ransac_svd_sde,14,831,0.010595906039505016,4.423373516246446e-06,0.12089537572000339,0.1566901408450704
plane_v04_hdbscan_ms3,ransac_svd_sde,26,739,0.01577533264137531,1.5705741685354001e-06,0.2532117939727963,0.08230683090705487
plane_v04_hdbscan_ms3,ransac_svd_sde,6,815,0.009128019790007602,1.6266903208689525e-06,0.2095708959010796,0.22404933196300103
plane_v04_hdbscan_ms3,svd,1,605,0.004232055359539902,1.0005693771530506e-05,0.06958499222033449,0.4547325102880658
plane_v04_hdbscan_ms3,svd,14,831,0.009608847231537765,4.423373516246446e-06,0.13336297845376663,0.16348088531187122
plane_v04_hdbscan_ms3,svd,26,739,0.009981686732757811,1.5705741685354001e-06,0.2532117939727963,0.08734602463605823
plane_v04_hdbscan_ms3,svd,6,815,0.007650937200602184,7.982462701353129e-07,0.09335105010841123,0.2435765673175745
plane_v04_hdbscan_ms3,svd_sde,1,605,0.004232055359539902,1.0005693771530506e-05,0.06958499222033449,0.4547325102880658
plane_v04_hdbscan_ms3,svd_sde,14,831,0.009608847231537765,4.423373516246446e-06,0.13336297845376663,0.16348088531187122
plane_v04_hdbscan_ms3,svd_sde,26,739,0.009981686732757811,1.5705741685354001e-06,0.2532117939727963,0.08734602463605823
plane_v04_hdbscan_ms3,svd_sde,6,815,0.007650937200602184,7.982462701353129e-07,0.09335105010841123,0.2435765673175745
plane_v04_hdbscan_ms5,ransac_svd,1,605,0.004232055359539902,1.0005693771530506e-05,0.06958499222033449,0.4547325102880658
plane_v04_hdbscan_ms5,ransac_svd,14,831,0.010756260262187456,4.423373516246446e-06,0.17733072387724388,0.15543259557344064
plane_v04_hdbscan_ms5,ransac_svd,26,739,0.013156776842547072,2.216667658920408e-06,0.2532117939727963,0.11618141097424411
plane_v04_hdbscan_ms5,ransac_svd,6,815,0.011525517066292778,2.6725551314734487e-06,0.22262210442670705,0.17805755395683454
plane_v04_hdbscan_ms5,ransac_svd_sde,1,605,0.004232055359539902,1.0005693771530506e-05,0.06958499222033449,0.4547325102880658
plane_v04_hdbscan_ms5,ransac_svd_sde,14,831,0.010756260262187456,4.423373516246446e-06,0.17733072387724388,0.15543259557344064
plane_v04_hdbscan_ms5,ransac_svd_sde,26,739,0.013156776842547072,2.216667658920408e-06,0.2532117939727963,0.11618141097424411
plane_v04_hdbscan_ms5,ransac_svd_sde,6,815,0.011525517066292778,2.6725551314734487e-06,0.22262210442670705,0.17805755395683454
plane_v04_hdbscan_ms5,svd,1,605,0.004232055359539902,1.0005693771530506e-05,0.06958499222033449,0.4547325102880658
plane_v04_hdbscan_ms5,svd,14,831,0.00872093470246748,4.423373516246446e-06,0.13336297845376663,0.16247484909456741
plane_v04_hdbscan_ms5,svd,26,739,0.0119606552911458,2.216667658920408e-06,0.2532117939727963,0.11954087346024636
plane_v04_hdbscan_ms5,svd,6,815,0.007940575341360941,7.982462701353129e-07,0.12052368501080853,0.19270298047276466
plane_v04_hdbscan_ms5,svd_sde,1,605,0.004232055359539902,1.0005693771530506e-05,0.06958499222033449,0.4547325102880658
plane_v04_hdbscan_ms5,svd_sde,14,831,0.00872093470246748,4.423373516246446e-06,0.13336297845376663,0.16247484909456741
plane_v04_hdbscan_ms5,svd_sde,26,739,0.0119606552911458,2.216667658920408e-06,0.2532117939727963,0.11954087346024636
plane_v04_hdbscan_ms5,svd_sde,6,815,0.007940575341360941,7.982462701353129e-07,0.12052368501080853,0.19270298047276466
plane_v04_p3,ransac_svd,1,732,0.016274798625370526,2.93779046523064e-05,0.2806511990287061,0.3182077625570776
plane_v04_p3,ransac_svd,14,847,0.012334924396581959,3.5915233995762396e-06,0.21705267195465608,0.10336300692383779
plane_v04_p3,ransac_svd,26,764,0.016056767589708195,2.0899359786463633e-05,0.19070985825708714,0.03376906318082789
plane_v04_p3,ransac_svd,6,842,0.010675993557129435,2.3625679955920876e-06,0.25988754827704663,0.1441351888667992
plane_v04_p3,ransac_svd_sde,1,732,0.016274798625370526,2.93779046523064e-05,0.2806511990287061,0.3182077625570776
plane_v04_p3,ransac_svd_sde,14,847,0.012334924396581959,3.5915233995762396e-06,0.21705267195465608,0.10336300692383779
plane_v04_p3,ransac_svd_sde,26,764,0.016056767589708195,2.0899359786463633e-05,0.19070985825708714,0.03376906318082789
plane_v04_p3,ransac_svd_sde,6,842,0.010675993557129435,2.3625679955920876e-06,0.25988754827704663,0.1441351888667992
plane_v04_p3,svd,1,732,0.016274798625370526,2.93779046523064e-05,0.2806511990287061,0.3182077625570776
plane_v04_p3,svd,14,847,0.007360727927889016,3.5915233995762396e-06,0.13232052401543723,0.10806132542037586
plane_v04_p3,svd,26,764,0.005029211734552551,4.4987707294047907e-07,0.07353900494829992,0.08169934640522875
plane_v04_p3,svd,6,842,0.006919067056971731,8.039079854037845e-07,0.08733319371793091,0.13692842942345926
plane_v04_p3,svd_sde,1,732,0.016274798625370526,2.93779046523064e-05,0.2806511990287061,0.3182077625570776
plane_v04_p3,svd_sde,14,847,0.007360727927889016,3.5915233995762396e-06,0.13232052401543723,0.10806132542037586
plane_v04_p3,svd_sde,26,764,0.005029211734552551,4.4987707294047907e-07,0.07353900494829992,0.08169934640522875
plane_v04_p3,svd_sde,6,842,0.006919067056971731,8.039079854037845e-07,0.08733319371793091,0.13692842942345926
plane_v04_p5,ransac_svd,1,793,0.01940644929767586,1.3595440194701041e-05,0.2994563528632664,0.2990506329113924
plane_v04_p5,ransac_svd,14,849,0.012993374750804134,5.1178268462356544e-06,0.2151155923071567,0.08390918065153011
plane_v04_p5,ransac_svd,26,785,0.016098410843935998,9.94798233823281e-07,0.18149209500978822,0.035106382978723406
plane_v04_p5,ransac_svd,6,846,0.010767986309879707,6.570018430370423e-06,0.252960746661415,0.14306930693069306
plane_v04_p5,ransac_svd_sde,1,793,0.01940644929767586,1.3595440194701041e-05,0.2994563528632664,0.2990506329113924
plane_v04_p5,ransac_svd_sde,14,849,0.012993374750804134,5.1178268462356544e-06,0.2151155923071567,0.08390918065153011
plane_v04_p5,ransac_svd_sde,26,785,0.016098410843935998,9.94798233823281e-07,0.18149209500978822,0.035106382978723406
plane_v04_p5,ransac_svd_sde,6,846,0.010767986309879707,6.570018430370423e-06,0.252960746661415,0.14306930693069306
plane_v04_p5,svd,1,793,0.01940644929767586,1.3595440194701041e-05,0.2994563528632664,0.2990506329113924
plane_v04_p5,svd,14,849,0.00708814196456939,5.1178268462356544e-06,0.08227110568928482,0.08810463968410662
plane_v04_p5,svd,26,785,0.004958119639855823,3.3836774964474104e-06,0.06611826432632603,0.0875
plane_v04_p5,svd,6,846,0.006688309306198683,8.040656967019989e-07,0.0805468945370349,0.12252475247524752
plane_v04_p5,svd_sde,1,793,0.01940644929767586,1.3595440194701041e-05,0.2994563528632664,0.2990506329113924
plane_v04_p5,svd_sde,14,849,0.00708814196456939,5.1178268462356544e-06,0.08227110568928482,0.08810463968410662
plane_v04_p5,svd_sde,26,785,0.004958119639855823,3.3836774964474104e-06,0.06611826432632603,0.0875
plane_v04_p5,svd_sde,6,846,0.006688309306198683,8.040656967019989e-07,0.0805468945370349,0.12252475247524752
plane_v05,ransac_svd,1,215,0.029790809406525627,5.517761963068327e-05,0.2466138863170103,0.06646825396825397
plane_v05,ransac_svd,14,545,0.043466809612374924,1.2905690808489123e-05,0.2919107717674715,0.059907834101382486
plane_v05,ransac_svd,26,648,0.03282277708306187,3.448742214206582e-05,0.3160871787229685,0.05662805662805663
plane_v05,ransac_svd,6,386,0.03369526495657058,8.504515531775611e-06,0.29888842042003066,0.06573275862068967
plane_v05,ransac_svd_sde,1,215,0.029790809406525627,5.517761963068327e-05,0.2466138863170103,0.06646825396825397
plane_v05,ransac_svd_sde,14,545,0.043466809612374924,1.2905690808489123e-05,0.2919107717674715,0.059907834101382486
plane_v05,ransac_svd_sde,26,648,0.03282277708306187,3.448742214206582e-05,0.3160871787229685,0.05662805662805663
plane_v05,ransac_svd_sde,6,386,0.03369526495657058,8.504515531775611e-06,0.29888842042003066,0.06573275862068967
plane_v05,svd,1,215,0.029790809406525627,5.517761963068327e-05,0.2466138863170103,0.06646825396825397
plane_v05,svd,14,545,0.03801956096610721,1.2905690808489123e-05,0.2885121948565469,0.06874039938556067
plane_v05,svd,26,648,0.025108911114401514,3.448742214206582e-05,0.3160871787229685,0.06016731016731017
plane_v05,svd,6,386,0.03158926928235452,8.504515531775611e-06,0.29888842042003066,0.078125
plane_v05,svd_sde,1,215,0.029790809406525627,5.517761963068327e-05,0.2466138863170103,0.06646825396825397
plane_v05,svd_sde,14,545,0.03801956096610721,1.2905690808489123e-05,0.2885121948565469,0.06874039938556067
plane_v05,svd_sde,26,648,0.025108911114401514,3.448742214206582e-05,0.3160871787229685,0.06016731016731017
plane_v05,svd_sde,6,386,0.03158926928235452,8.504515531775611e-06,0.29888842042003066,0.078125
plane_v05_1,ransac_svd,1,416,0.004680253137524253,3.2269394815169895e-05,0.0800512390084396,0.44132149901380674
plane_v05_1,ransac_svd,14,713,0.015692332357407274,2.4715137544312923e-06,0.2659032297041755,0.13329452852153667
plane_v05_1,ransac_svd,26,531,0.01836736552042,7.997424098722419e-07,0.24775913639840091,0.07433489827856025
plane_v05_1,ransac_svd,6,578,0.011642163239684448,2.7945172033571683e-06,0.25022333680683234,0.1875
plane_v05_1,ransac_svd_sde,1,416,0.004680253137524253,3.2269394815169895e-05,0.0800512390084396,0.44132149901380674
plane_v05_1,ransac_svd_sde,14,713,0.015692332357407274,2.4715137544312923e-06,0.2659032297041755,0.13329452852153667
plane_v05_1,ransac_svd_sde,26,531,0.01836736552042,7.997424098722419e-07,0.24775913639840091,0.07433489827856025
plane_v05_1,ransac_svd_sde,6,578,0.011642163239684448,2.7945172033571683e-06,0.25022333680683234,0.1875
plane_v05_1,svd,1,416,0.004680253137524253,3.2269394815169895e-05,0.0800512390084396,0.44132149901380674
plane_v05_1,svd,14,713,0.012225868192767976,2.4715137544312923e-06,0.26436670329886025,0.1382421420256112
plane_v05_1,svd,26,531,0.01177834650455941,7.997424098722419e-07,0.2343150426178067,0.0880281690140845
plane_v05_1,svd,6,578,0.008729829079975842,2.0551503827098954e-06,0.25022333680683234,0.22198275862068967
plane_v05_1,svd_sde,1,416,0.004680253137524253,3.2269394815169895e-05,0.0800512390084396,0.44132149901380674
plane_v05_1,svd_sde,14,713,0.012225868192767976,2.4715137544312923e-06,0.26436670329886025,0.1382421420256112
plane_v05_1,svd_sde,26,531,0.01177834650455941,7.997424098722419e-07,0.2343150426178067,0.0880281690140845
plane_v05_1,svd_sde,6,578,0.008729829079975842,2.0551503827098954e-06,0.25022333680683234,0.22198275862068967
plane_v05_1_cluster,ransac_svd,1,416,0.004680253137524253,3.2269394815169895e-05,0.0800512390084396,0.44132149901380674
plane_v05_1_cluster,ransac_svd,14,708,0.01582851538112778,2.4715137544312923e-06,0.2659032297041755,0.13348946135831383
plane_v05_1_cluster,ransac_svd,26,525,0.017686162102176998,7.997424098722419e-07,0.24429657073400157,0.07012678288431061
plane_v05_1_cluster,ransac_svd,6,576,0.011189972445079835,4.67537311483909e-08,0.25022333680683234,0.18948126801152737
plane_v05_1_cluster,ransac_svd_sde,1,416,0.004680253137524253,3.2269394815169895e-05,0.0800512390084396,0.44132149901380674
plane_v05_1_cluster,ransac_svd_sde,14,708,0.01582851538112778,2.4715137544312923e-06,0.2659032297041755,0.13348946135831383
plane_v05_1_cluster,ransac_svd_sde,26,525,0.017686162102176998,7.997424098722419e-07,0.24429657073400157,0.07012678288431061
plane_v05_1_cluster,ransac_svd_sde,6,576,0.011189972445079835,4.67537311483909e-08,0.25022333680683234,0.18948126801152737
plane_v05_1_cluster,svd,1,416,0.004680253137524253,3.2269394815169895e-05,0.0800512390084396,0.44132149901380674
plane_v05_1_cluster,svd,14,708,0.011996669435608997,2.4715137544312923e-06,0.26436670329885986,0.13700234192037472
plane_v05_1_cluster,svd,26,525,0.011729172821820462,7.997424098722419e-07,0.2377546841442175,0.08835182250396197
plane_v05_1_cluster,svd,6,576,0.008629382221676692,4.67537311483909e-08,0.25022333680683234,0.22298270893371758
plane_v05_1_cluster,svd_sde,1,416,0.004680253137524253,3.2269394815169895e-05,0.0800512390084396,0.44132149901380674
plane_v05_1_cluster,svd_sde,14,708,0.011996669435608997,2.4715137544312923e-06,0.26436670329885986,0.13700234192037472
plane_v05_1_cluster,svd_sde,26,525,0.011729172821820462,7.997424098722419e-07,0.2377546841442175,0.08835182250396197
plane_v05_1_cluster,svd_sde,6,576,0.008629382221676692,4.67537311483909e-08,0.25022333680683234,0.22298270893371758
plane_v05_1_hdbscan_ms2,ransac_svd,1,416,0.004680253137524253,3.2269394815169895e-05,0.0800512390084396,0.44132149901380674
plane_v05_1_hdbscan_ms2,ransac_svd,14,713,0.013869676937417067,1.71058828643882e-06,0.2939376843690958,0.17694994179278228
plane_v05_1_hdbscan_ms2,ransac_svd,26,531,0.016016027007264743,7.997424098722419e-07,0.22794881110839235,0.1220657276995305
plane_v05_1_hdbscan_ms2,ransac_svd,6,578,0.008816495390652167,4.67537311483909e-08,0.25022333680683234,0.3031609195402299
plane_v05_1_hdbscan_ms2,ransac_svd_sde,1,416,0.004680253137524253,3.2269394815169895e-05,0.0800512390084396,0.44132149901380674
plane_v05_1_hdbscan_ms2,ransac_svd_sde,14,713,0.013869676937417067,1.71058828643882e-06,0.2939376843690958,0.17694994179278228
plane_v05_1_hdbscan_ms2,ransac_svd_sde,26,531,0.016016027007264743,7.997424098722419e-07,0.22794881110839235,0.1220657276995305
plane_v05_1_hdbscan_ms2,ransac_svd_sde,6,578,0.008816495390652167,4.67537311483909e-08,0.25022333680683234,0.3031609195402299
plane_v05_1_hdbscan_ms2,svd,1,416,0.004680253137524253,3.2269394815169895e-05,0.0800512390084396,0.44132149901380674
plane_v05_1_hdbscan_ms2,svd,14,713,0.012234426730650609,1.71058828643882e-06,0.26436670329886,0.17753201396973223
plane_v05_1_hdbscan_ms2,svd,26,531,0.011885318319154117,7.997424098722419e-07,0.2432345449205181,0.12754303599374023
plane_v05_1_hdbscan_ms2,svd,6,578,0.007457756944271553,4.67537311483909e-08,0.25022333680683234,0.30962643678160917
plane_v05_1_hdbscan_ms2,svd_sde,1,416,0.004680253137524253,3.2269394815169895e-05,0.0800512390084396,0.44132149901380674
plane_v05_1_hdbscan_ms2,svd_sde,14,713,0.012234426730650609,1.71058828643882e-06,0.26436670329886,0.17753201396973223
plane_v05_1_hdbscan_ms2,svd_sde,26,531,0.011885318319154117,7.997424098722419e-07,0.2432345449205181,0.12754303599374023
plane_v05_1_hdbscan_ms2,svd_sde,6,578,0.007457756944271553,4.67537311483909e-08,0.25022333680683234,0.30962643678160917
plane_v05_1_hdbscan_ms3,ransac_svd,1,416,0.004680253137524253,3.2269394815169895e-05,0.0800512390084396,0.44132149901380674
plane_v05_1_hdbscan_ms3,ransac_svd,14,713,0.014751209612907372,2.4715137544312923e-06,0.27087218379890443,0.1618160651920838
plane_v05_1_hdbscan_ms3,ransac_svd,26,531,0.016761895376210843,7.997424098722419e-07,0.24230638595404633,0.13575899843505476
plane_v05_1_hdbscan_ms3,ransac_svd,6,578,0.0095658705070545,4.994111218872848e-07,0.25022333680683234,0.23706896551724138
plane_v05_1_hdbscan_ms3,ransac_svd_sde,1,416,0.004680253137524253,3.2269394815169895e-05,0.0800512390084396,0.44132149901380674
plane_v05_1_hdbscan_ms3,ransac_svd_sde,14,713,0.014751209612907372,2.4715137544312923e-06,0.27087218379890443,0.1618160651920838
plane_v05_1_hdbscan_ms3,ransac_svd_sde,26,531,0.016761895376210843,7.997424098722419e-07,0.24230638595404633,0.13575899843505476
plane_v05_1_hdbscan_ms3,ransac_svd_sde,6,578,0.0095658705070545,4.994111218872848e-07,0.25022333680683234,0.23706896551724138
plane_v05_1_hdbscan_ms3,svd,1,416,0.004680253137524253,3.2269394815169895e-05,0.0800512390084396,0.44132149901380674
plane_v05_1_hdbscan_ms3,svd,14,713,0.01380712097811342,2.4715137544312923e-06,0.27087218379890443,0.1658905704307334
plane_v05_1_hdbscan_ms3,svd,26,531,0.013282756702499895,7.997424098722419e-07,0.24230638595404633,0.13928012519561814
plane_v05_1_hdbscan_ms3,svd,6,578,0.007899551969620182,4.994111218872848e-07,0.25022333680683234,0.25933908045977017
plane_v05_1_hdbscan_ms3,svd_sde,1,416,0.004680253137524253,3.2269394815169895e-05,0.0800512390084396,0.44132149901380674
plane_v05_1_hdbscan_ms3,svd_sde,14,713,0.01380712097811342,2.4715137544312923e-06,0.27087218379890443,0.1658905704307334
plane_v05_1_hdbscan_ms3,svd_sde,26,531,0.013282756702499895,7.997424098722419e-07,0.24230638595404633,0.13928012519561814
plane_v05_1_hdbscan_ms3,svd_sde,6,578,0.007899551969620182,4.994111218872848e-07,0.25022333680683234,0.25933908045977017
plane_v05_1_hdbscan_ms5,ransac_svd,1,416,0.004680253137524253,3.2269394815169895e-05,0.0800512390084396,0.44132149901380674
plane_v05_1_hdbscan_ms5,ransac_svd,14,713,0.014987913073455044,2.4715137544312923e-06,0.2659032297041755,0.1542491268917346
plane_v05_1_hdbscan_ms5,ransac_svd,26,531,0.016069225414743947,7.997424098722419e-07,0.250577697294569,0.12558685446009388
plane_v05_1_hdbscan_ms5,ransac_svd,6,578,0.011595724184009067,2.7945172033571683e-06,0.25022333680683234,0.19827586206896552
plane_v05_1_hdbscan_ms5,ransac_svd_sde,1,416,0.004680253137524253,3.2269394815169895e-05,0.0800512390084396,0.44132149901380674
plane_v05_1_hdbscan_ms5,ransac_svd_sde,14,713,0.014987913073455044,2.4715137544312923e-06,0.2659032297041755,0.1542491268917346
plane_v05_1_hdbscan_ms5,ransac_svd_sde,26,531,0.016069225414743947,7.997424098722419e-07,0.250577697294569,0.12558685446009388
plane_v05_1_hdbscan_ms5,ransac_svd_sde,6,578,0.011595724184009067,2.7945172033571683e-06,0.25022333680683234,0.19827586206896552
plane_v05_1_hdbscan_ms5,svd,1,416,0.004680253137524253,3.2269394815169895e-05,0.0800512390084396,0.44132149901380674
plane_v05_1_hdbscan_ms5,svd,14,713,0.012563408432860888,2.4715137544312923e-06,0.26436670329886025,0.15948777648428406
plane_v05_1_hdbscan_ms5,svd,26,531,0.014970572543771711,7.997424098722419e-07,0.250577697294569,0.13067292644757433
plane_v05_1_hdbscan_ms5,svd,6,578,0.008827364651182805,2.0551503827098954e-06,0.25022333680683234,0.22916666666666669
plane_v05_1_hdbscan_ms5,svd_sde,1,416,0.004680253137524253,3.2269394815169895e-05,0.0800512390084396,0.44132149901380674
plane_v05_1_hdbscan_ms5,svd_sde,14,713,0.012563408432860888,2.4715137544312923e-06,0.26436670329886025,0.15948777648428406
plane_v05_1_hdbscan_ms5,svd_sde,26,531,0.014970572543771711,7.997424098722419e-07,0.250577697294569,0.13067292644757433
plane_v05_1_hdbscan_ms5,svd_sde,6,578,0.008827364651182805,2.0551503827098954e-06,0.25022333680683234,0.22916666666666669
plane_v05_1_p3,ransac_svd,1,554,0.0154939314071121,2.6033986767585028e-05,0.3181144263529049,0.31063988095238093
plane_v05_1_p3,ransac_svd,14,791,0.015501927911373621,5.475024771509563e-06,0.2597707024739856,0.11020084566596194
plane_v05_1_p3,ransac_svd,26,591,0.020828753396640406,1.1369319385282333e-06,0.3227681990538883,0.06981664315937941
plane_v05_1_p3,ransac_svd,6,696,0.013970029383398358,5.556394292402078e-07,0.29553187526087893,0.15481927710843374
plane_v05_1_p3,ransac_svd_sde,1,554,0.0154939314071121,2.6033986767585028e-05,0.3181144263529049,0.31063988095238093
plane_v05_1_p3,ransac_svd_sde,14,791,0.015501927911373621,5.475024771509563e-06,0.2597707024739856,0.11020084566596194
plane_v05_1_p3,ransac_svd_sde,26,591,0.020828753396640406,1.1369319385282333e-06,0.3227681990538883,0.06981664315937941
plane_v05_1_p3,ransac_svd_sde,6,696,0.013970029383398358,5.556394292402078e-07,0.29553187526087893,0.15481927710843374
plane_v05_1_p3,svd,1,554,0.0154939314071121,2.6033986767585028e-05,0.3181144263529049,0.31063988095238093
plane_v05_1_p3,svd,14,791,0.011474899024013123,4.016928126732556e-06,0.2616990275149514,0.11812896405919662
plane_v05_1_p3,svd,26,591,0.013722137872524624,1.1369319385282333e-06,0.3227681990538883,0.0877997179125529
plane_v05_1_p3,svd,6,696,0.010896409942107806,4.793642561757126e-07,0.2955584192568516,0.17680722891566264
plane_v05_1_p3,svd_sde,1,554,0.0154939314071121,2.6033986767585028e-05,0.3181144263529049,0.31063988095238093
plane_v05_1_p3,svd_sde,14,791,0.011474899024013123,4.016928126732556e-06,0.2616990275149514,0.11812896405919662
plane_v05_1_p3,svd_sde,26,591,0.013722137872524624,1.1369319385282333e-06,0.3227681990538883,0.0877997179125529
plane_v05_1_p3,svd_sde,6,696,0.010896409942107806,4.793642561757126e-07,0.2955584192568516,0.17680722891566264
plane_v05_1_p5,ransac_svd,1,651,0.01982751258926956,2.3221763579945662e-05,0.3249499187483247,0.3026992287917738
plane_v05_1_p5,ransac_svd,14,827,0.017035061791803707,1.5405472626150122e-06,0.2686943319361554,0.09549138804457953
plane_v05_1_p5,ransac_svd,26,629,0.020958175136007506,1.108531081539108e-06,0.3249578147530742,0.0633289124668435
plane_v05_1_p5,ransac_svd,6,759,0.015630057123808803,5.601764274441921e-07,0.28742819780349343,0.12859513274336284
plane_v05_1_p5,ransac_svd_sde,1,651,0.01982751258926956,2.3221763579945662e-05,0.3249499187483247,0.3026992287917738
plane_v05_1_p5,ransac_svd_sde,14,827,0.017035061791803707,1.5405472626150122e-06,0.2686943319361554,0.09549138804457953
plane_v05_1_p5,ransac_svd_sde,26,629,0.020958175136007506,1.108531081539108e-06,0.3249578147530742,0.0633289124668435
plane_v05_1_p5,ransac_svd_sde,6,759,0.015630057123808803,5.601764274441921e-07,0.28742819780349343,0.12859513274336284
plane_v05_1_p5,svd,1,651,0.01982751258926956,2.3221763579945662e-05,0.3249499187483247,0.3026992287917738
plane_v05_1_p5,svd,14,827,0.011770975629679312,3.663104120197063e-06,0.2629021558958028,0.10182370820668693
plane_v05_1_p5,svd,26,629,0.012766646364942827,1.108531081539108e-06,0.3249578147530742,0.08720159151193634
plane_v05_1_p5,svd,6,759,0.011336993525646075,5.601764274441921e-07,0.2863042586256678,0.1496128318584071
plane_v05_1_p5,svd_sde,1,651,0.01982751258926956,2.3221763579945662e-05,0.3249499187483247,0.3026992287917738
plane_v05_1_p5,svd_sde,14,827,0.011770975629679312,3.663104120197063e-06,0.2629021558958028,0.10182370820668693
plane_v05_1_p5,svd_sde,26,629,0.012766646364942827,1.108531081539108e-06,0.3249578147530742,0.08720159151193634
plane_v05_1_p5,svd_sde,6,759,0.011336993525646075,5.601764274441921e-07,0.2863042586256678,0.1496128318584071
plane_v05_cluster,ransac_svd,1,215,0.029790809406525627,5.517761963068327e-05,0.2466138863170103,0.06646825396825397
plane_v05_cluster,ransac_svd,14,545,0.04363846581670842,1.2905690808489123e-05,0.2919107717674715,0.05913978494623656
plane_v05_cluster,ransac_svd,26,644,0.034506873775393895,3.448742214206582e-05,0.3160871787229685,0.05408031088082901
plane_v05_cluster,ransac_svd,6,386,0.03362454535364478,8.504515531775611e-06,0.29888842042003066,0.06573275862068967
plane_v05_cluster,ransac_svd_sde,1,215,0.029790809406525627,5.517761963068327e-05,0.2466138863170103,0.06646825396825397
plane_v05_cluster,ransac_svd_sde,14,545,0.04363846581670842,1.2905690808489123e-05,0.2919107717674715,0.05913978494623656
plane_v05_cluster,ransac_svd_sde,26,644,0.034506873775393895,3.448742214206582e-05,0.3160871787229685,0.05408031088082901
plane_v05_cluster,ransac_svd_sde,6,386,0.03362454535364478,8.504515531775611e-06,0.29888842042003066,0.06573275862068967
plane_v05_cluster,svd,1,215,0.029790809406525627,5.517761963068327e-05,0.2466138863170103,0.06646825396825397
plane_v05_cluster,svd,14,545,0.037962686339117244,1.2905690808489123e-05,0.2885121948565469,0.06835637480798772
plane_v05_cluster,svd,26,644,0.024683353024847077,3.448742214206582e-05,0.3160871787229685,0.05990932642487047
plane_v05_cluster,svd,6,386,0.03158089824362852,8.504515531775611e-06,0.29888842042003066,0.078125
plane_v05_cluster,svd_sde,1,215,0.029790809406525627,5.517761963068327e-05,0.2466138863170103,0.06646825396825397
plane_v05_cluster,svd_sde,14,545,0.037962686339117244,1.2905690808489123e-05,0.2885121948565469,0.06835637480798772
plane_v05_cluster,svd_sde,26,644,0.024683353024847077,3.448742214206582e-05,0.3160871787229685,0.05990932642487047
plane_v05_cluster,svd_sde,6,386,0.03158089824362852,8.504515531775611e-06,0.29888842042003066,0.078125
plane_v05_hdbscan_ms2,ransac_svd,1,215,0.029790809406525627,5.517761963068327e-05,0.2466138863170103,0.06646825396825397
plane_v05_hdbscan_ms2,ransac_svd,14,545,0.03762684832480822,1.2366936022266567e-07,0.276716285106006,0.09523809523809523
plane_v05_hdbscan_ms2,ransac_svd,26,648,0.027607844679428385,1.188975489511745e-06,0.3160871787229685,0.08558558558558559
plane_v05_hdbscan_ms2,ransac_svd,6,386,0.02610175653464408,9.48829759254741e-08,0.2956599328830879,0.12823275862068967
plane_v05_hdbscan_ms2,ransac_svd_sde,1,215,0.029790809406525627,5.517761963068327e-05,0.2466138863170103,0.06646825396825397
plane_v05_hdbscan_ms2,ransac_svd_sde,14,545,0.03762684832480822,1.2366936022266567e-07,0.276716285106006,0.09523809523809523
plane_v05_hdbscan_ms2,ransac_svd_sde,26,648,0.027607844679428385,1.188975489511745e-06,0.3160871787229685,0.08558558558558559
plane_v05_hdbscan_ms2,ransac_svd_sde,6,386,0.02610175653464408,9.48829759254741e-08,0.2956599328830879,0.12823275862068967
plane_v05_hdbscan_ms2,svd,1,215,0.029790809406525627,5.517761963068327e-05,0.2466138863170103,0.06646825396825397
plane_v05_hdbscan_ms2,svd,14,545,0.03642824655581382,1.2366936022266567e-07,0.276716285106006,0.0956221198156682
plane_v05_hdbscan_ms2,svd,26,648,0.024488708019477726,1.188975489511745e-06,0.3160871787229685,0.09041184041184042
plane_v05_hdbscan_ms2,svd,6,386,0.02620502493058987,9.48829759254741e-08,0.2956599328830879,0.13092672413793105
plane_v05_hdbscan_ms2,svd_sde,1,215,0.029790809406525627,5.517761963068327e-05,0.2466138863170103,0.06646825396825397
plane_v05_hdbscan_ms2,svd_sde,14,545,0.03642824655581382,1.2366936022266567e-07,0.276716285106006,0.0956221198156682
plane_v05_hdbscan_ms2,svd_sde,26,648,0.024488708019477726,1.188975489511745e-06,0.3160871787229685,0.09041184041184042
plane_v05_hdbscan_ms2,svd_sde,6,386,0.02620502493058987,9.48829759254741e-08,0.2956599328830879,0.13092672413793105
plane_v05_hdbscan_ms3,ransac_svd,1,215,0.029790809406525627,5.517761963068327e-05,0.2466138863170103,0.06646825396825397
plane_v05_hdbscan_ms3,ransac_svd,14,545,0.041599795520109464,1.2905690808489123e-05,0.2919107717674715,0.0848694316436252
plane_v05_hdbscan_ms3,ransac_svd,26,648,0.02937007256781254,7.339360561886914e-06,0.3160871787229685,0.0871943371943372
plane_v05_hdbscan_ms3,ransac_svd,6,386,0.03280511898604971,8.504515531775611e-06,0.2956599328830879,0.07435344827586207
plane_v05_hdbscan_ms3,ransac_svd_sde,1,215,0.029790809406525627,5.517761963068327e-05,0.2466138863170103,0.06646825396825397
plane_v05_hdbscan_ms3,ransac_svd_sde,14,545,0.041599795520109464,1.2905690808489123e-05,0.2919107717674715,0.0848694316436252
plane_v05_hdbscan_ms3,ransac_svd_sde,26,648,0.02937007256781254,7.339360561886914e-06,0.3160871787229685,0.0871943371943372
plane_v05_hdbscan_ms3,ransac_svd_sde,6,386,0.03280511898604971,8.504515531775611e-06,0.2956599328830879,0.07435344827586207
plane_v05_hdbscan_ms3,svd,1,215,0.029790809406525627,5.517761963068327e-05,0.2466138863170103,0.06646825396825397
plane_v05_hdbscan_ms3,svd,14,545,0.038899802628061135,1.2905690808489123e-05,0.2885121948565469,0.08986175115207373
plane_v05_hdbscan_ms3,svd,26,648,0.027043495635970746,7.339360561886914e-06,0.3160871787229685,0.0871943371943372
plane_v05_hdbscan_ms3,svd,6,386,0.03299597526187734,8.504515531775611e-06,0.2956599328830879,0.08297413793103448
plane_v05_hdbscan_ms3,svd_sde,1,215,0.029790809406525627,5.517761963068327e-05,0.2466138863170103,0.06646825396825397
plane_v05_hdbscan_ms3,svd_sde,14,545,0.038899802628061135,1.2905690808489123e-05,0.2885121948565469,0.08986175115207373
plane_v05_hdbscan_ms3,svd_sde,26,648,0.027043495635970746,7.339360561886914e-06,0.3160871787229685,0.0871943371943372
plane_v05_hdbscan_ms3,svd_sde,6,386,0.03299597526187734,8.504515531775611e-06,0.2956599328830879,0.08297413793103448
plane_v05_hdbscan_ms5,ransac_svd,1,215,0.029790809406525627,5.517761963068327e-05,0.2466138863170103,0.06646825396825397
plane_v05_hdbscan_ms5,ransac_svd,14,545,0.04301283682220904,1.2905690808489123e-05,0.2919107717674715,0.065284178187404
plane_v05_hdbscan_ms5,ransac_svd,26,648,0.031115438733373302,3.448742214206582e-05,0.3160871787229685,0.06467181467181468
plane_v05_hdbscan_ms5,ransac_svd,6,386,0.03224473516562821,8.504515531775611e-06,0.26189188206576847,0.06788793103448276
plane_v05_hdbscan_ms5,ransac_svd_sde,1,215,0.029790809406525627,5.517761963068327e-05,0.2466138863170103,0.06646825396825397
plane_v05_hdbscan_ms5,ransac_svd_sde,14,545,0.04301283682220904,1.2905690808489123e-05,0.2919107717674715,0.065284178187404
plane_v05_hdbscan_ms5,ransac_svd_sde,26,648,0.031115438733373302,3.448742214206582e-05,0.3160871787229685,0.06467181467181468
plane_v05_hdbscan_ms5,ransac_svd_sde,6,386,0.03224473516562821,8.504515531775611e-06,0.26189188206576847,0.06788793103448276
plane_v05_hdbscan_ms5,svd,1,215,0.029790809406525627,5.517761963068327e-05,0.2466138863170103,0.06646825396825397
plane_v05_hdbscan_ms5,svd,14,545,0.03880287086396985,1.2905690808489123e-05,0.2885121948565469,0.07104454685099847
plane_v05_hdbscan_ms5,svd,26,648,0.02707539934552906,3.448742214206582e-05,0.3160871787229685,0.06338481338481339
plane_v05_hdbscan_ms5,svd,6,386,0.0309455399083648,8.504515531775611e-06,0.26189188206576847,0.0802801724137931
plane_v05_hdbscan_ms5,svd_sde,1,215,0.029790809406525627,5.517761963068327e-05,0.2466138863170103,0.06646825396825397
plane_v05_hdbscan_ms5,svd_sde,14,545,0.03880287086396985,1.2905690808489123e-05,0.2885121948565469,0.07104454685099847
plane_v05_hdbscan_ms5,svd_sde,26,648,0.02707539934552906,3.448742214206582e-05,0.3160871787229685,0.06338481338481339
plane_v05_hdbscan_ms5,svd_sde,6,386,0.0309455399083648,8.504515531775611e-06,0.26189188206576847,0.0802801724137931
plane_v05_p3,ransac_svd,1,312,0.04931803011838616,0.00010692573745918874,0.3036195062444643,0.05307262569832402
plane_v05_p3,ransac_svd,14,689,0.04452226893098551,1.3202275646636894e-05,0.3115696314669874,0.04449152542372881
plane_v05_p3,ransac_svd,26,723,0.030299693843990748,7.74386813553989e-06,0.3159538216371926,0.04075774971297359
plane_v05_p3,ransac_svd,6,541,0.03805389924818383,6.333521722524918e-06,0.3066482873314502,0.05069124423963134
plane_v05_p3,ransac_svd_sde,1,312,0.04931803011838616,0.00010692573745918874,0.3036195062444643,0.05307262569832402
plane_v05_p3,ransac_svd_sde,14,689,0.04452226893098551,1.3202275646636894e-05,0.3115696314669874,0.04449152542372881
plane_v05_p3,ransac_svd_sde,26,723,0.030299693843990748,7.74386813553989e-06,0.3159538216371926,0.04075774971297359
plane_v05_p3,ransac_svd_sde,6,541,0.03805389924818383,6.333521722524918e-06,0.3066482873314502,0.05069124423963134
plane_v05_p3,svd,1,312,0.04931803011838616,0.00010692573745918874,0.3036195062444643,0.05307262569832402
plane_v05_p3,svd,14,689,0.035283953717304174,1.3202275646636894e-05,0.3115696314669874,0.056295399515738496
plane_v05_p3,svd,26,723,0.02164476382765957,7.74386813553989e-06,0.3159538216371926,0.04477611940298508
plane_v05_p3,svd,6,541,0.03525434414325886,6.333521722524918e-06,0.3066482873314502,0.057987711213517666
plane_v05_p3,svd_sde,1,312,0.04931803011838616,0.00010692573745918874,0.3036195062444643,0.05307262569832402
plane_v05_p3,svd_sde,14,689,0.035283953717304174,1.3202275646636894e-05,0.3115696314669874,0.056295399515738496
plane_v05_p3,svd_sde,26,723,0.02164476382765957,7.74386813553989e-06,0.3159538216371926,0.04477611940298508
plane_v05_p3,svd_sde,6,541,0.03525434414325886,6.333521722524918e-06,0.3066482873314502,0.057987711213517666
plane_v05_p5,ransac_svd,1,432,0.054079915489071526,0.0001762502432362612,0.287807872092811,0.03643724696356275
plane_v05_p5,ransac_svd,14,771,0.043245054962517224,1.4431381451711194e-05,0.3009311857904475,0.03676470588235294
plane_v05_p5,ransac_svd,26,773,0.03105033901118843,6.3652541936738105e-06,0.2815065102307869,0.03713670613562971
plane_v05_p5,ransac_svd,6,651,0.03752751203805013,5.095556954723236e-06,0.3057661957216843,0.04755784061696658
plane_v05_p5,ransac_svd_sde,1,432,0.054079915489071526,0.0001762502432362612,0.287807872092811,0.03643724696356275
plane_v05_p5,ransac_svd_sde,14,771,0.043245054962517224,1.4431381451711194e-05,0.3009311857904475,0.03676470588235294
plane_v05_p5,ransac_svd_sde,26,773,0.03105033901118843,6.3652541936738105e-06,0.2815065102307869,0.03713670613562971
plane_v05_p5,ransac_svd_sde,6,651,0.03752751203805013,5.095556954723236e-06,0.3057661957216843,0.04755784061696658
plane_v05_p5,svd,1,432,0.054079915489071526,0.0001762502432362612,0.287807872092811,0.03643724696356275
plane_v05_p5,svd,14,771,0.028320302372409893,1.4431381451711194e-05,0.3009311857904475,0.049291938997821354
plane_v05_p5,svd,26,773,0.019872232893306165,6.3652541936738105e-06,0.2815065102307869,0.04736275565123789
plane_v05_p5,svd,6,651,0.03213070228704656,5.095556954723236e-06,0.2936267089847154,0.05976863753213367
plane_v05_p5,svd_sde,1,432,0.054079915489071526,0.0001762502432362612,0.287807872092811,0.03643724696356275
plane_v05_p5,svd_sde,14,771,0.028320302372409893,1.4431381451711194e-05,0.3009311857904475,0.049291938997821354
plane_v05_p5,svd_sde,26,773,0.019872232893306165,6.3652541936738105e-06,0.2815065102307869,0.04736275565123789
plane_v05_p5,svd_sde,6,651,0.03213070228704656,5.095556954723236e-06,0.2936267089847154,0.05976863753213367
