label,object_id,angular_error_deg,sde,dist_origin_centroid_norm,sphericity
direct,10654ea604644c8eca7ed590d69b9804,53.3247,0.402052,0.053905111552777114,0.7658071133865062
direct,1074bdcb3c2032fe0f3f8b6e1796773,3.6035,0.743957,0.1598791967456034,0.7496867329528036
direct,109a19840a8fbc774c3aee8e9d3a6ffa,3.2865,0.233905,0.37276483771044794,0.7204701549506902
direct,10b54fe832a00c3ec59350d819542ec7,3.3801,0.697715,0.33549394263031534,0.6992937602989251
direct,10c484963692d3c87d40405e5ee68b4f,3.2867,0.161053,0.44175829403518047,0.7553362156131945
direct,11224ef64e1702b412e0c474ff07001f,3.3173,0.360662,0.17851373553530434,0.7251410906534798
direct,115aa37af1a07d24a5a88312547ed863,3.7326,0.102813,0.224639549607881,0.668751574922749
direct,124cd036611b65b514038d588fd1342f,3.1213,0.346449,0.48366302230691416,0.6398237608748876
direct,1298634053ad50d36d07c55cf995503e,11.5461,0.101933,0.11191611211921697,0.815355221656313
direct,12ae14d584758b4ee42c56c78fb88524,24.2995,0.54086,0.0951011759385145,0.6848992378161983
direct,12de47490769694e490ad276cd2af3a4,3.2702,0.647038,0.40948926919550177,0.7664104537634209
direct,139478e7e85aabf27274021d5552b63f,57.4532,0.120612,0.1408030339138853,0.7560908344411353
direct,13ec1052a32ca23bfd60059ad8523f1a,3.6171,0.53712,0.16299376374231364,0.7505671234065261
direct,141616a00df67c351082f2ea630bf69e,3.5902,0.191031,0.07782832023078878,0.6479993774037132
direct,1422f82a72e0b7f48ae1c1abea367249,23.4124,0.692181,0.04552259265409351,0.6829539143130486
direct,146fb2790c11c7f1aaf6c17538652a1d,47.1871,0.466077,0.036212001287814245,0.664725164677755
direct,150ad6a5c35beb17ee79d445a3ad4fd4,15.3459,0.182433,0.6282358518108349,0.23163487820566453
direct,151fccb37c2d51b0b82fa571a1cdbf24,5.7387,0.420491,0.1430657105377332,0.5916996547505955
direct,1541e36e8dc2d84caed2201239784a35,4.1266,0.603724,0.06685076629446032,0.7324356257272125
direct,15cb1696b45ef647dcad484e89744ca,3.5511,0.786689,0.0660167215596928,0.7636339326131236
direct,15e2d1fe9a4b28e68fb8c03013603b0c,3.7042,0.20463,0.1219513182280171,0.6898210455426965
direct,15ed07a6b7265f802056b4bd5d870b47,3.5364,0.792703,0.03558803339533136,0.688808959216342
direct,15fd978b59889cdc30bbd4cddd04c77b,43.7492,0.434343,0.1951651103750814,0.7582289384822096
direct,16edf6f6574568723f7198a00163bb6,3.7782,0.151296,0.03945954459927069,0.4816161746031939
direct,189c1ffb58c74c3bccd0340812259a39,4.0062,0.417792,0.11569049004707727,0.711303176150164
direct,18da35f3835f75bffb5c1b0f759e2bc1,35.6803,0.082965,0.04193929012183867,0.56949238462586
direct,18f57a3d41117140ed98cca8f0ccd5f7,8.2475,0.766068,0.10418935321088628,0.7183427388283955
direct,193572f57626a97c65e6a15e0a997e5c,3.3935,0.127733,0.13240583792397725,0.7143950008674022
direct,19d52509d16a9c2c81faebbdea6bd9be,6.9803,0.458471,0.06910738039831685,0.7697972239615348
direct,1a10879bcfca0534f8bc1f8036e08e44,3.8648,0.527826,0.03334017738724339,0.7296902777728252
direct,1a1ff0c5f28f10d642e265df80f79372,86.7234,0.443706,0.32358789124936443,0.8142548323789074
direct,1a3a4611409e306c1a832e2972cd1e0d,12.5571,0.142295,0.2564617263818394,0.7735118180173786
direct,1ad4c572e0fd6a576e1e9a13188ab4bb,3.7328,0.260231,0.3625673613325707,0.7290234897497285
direct,1af852e72c44954b8bd91d7cadd7c123,3.7067,0.088141,0.08880560758722508,0.6788627875607672
direct,1b80cd42474a990ccd8655d05e2f9e02,3.3671,0.53943,0.057562743121643056,0.7182500995492781
direct,1bace34d2c1dc49b3b5ee89f1f802f5a,5.0905,0.469547,0.03702326860933366,0.7453273761609568
direct,1cbbb30e8e06e932ed98cca8f0ccd5f7,31.6654,0.65185,0.11596349510007885,0.734145167583516
direct,1cbfb1c063b34ab4ab379c9b5bf12bf8,3.9584,0.078986,0.24357968414483266,0.5877756686083453
direct,1d527bbed4d12817fa3bb91f4e3cd35f,3.922,0.15323,0.06521476279002278,0.6272304161081053
direct,1dc8e88da760f186ccd0340812259a39,3.5578,0.349303,0.12803632421526343,0.6973361820141937
direct,1dd3f80712873a638f6095a93258c867,2.5575,0.634926,0.5987776750704894,0.49057289612943683
direct,1ddcb6107e5b08f39206ca9600b83578,2.8678,0.15065,0.2943945054544386,0.7394342849024268
direct,1edaab172fcc23ab5238dc5d98b43ffd,1.3402,0.11275,0.20270143034417903,0.6146228133748652
direct,1f4b16094bd83af82d2d2896f4b277fc,8.2728,0.477198,0.24397586537074736,0.6739442755654258
direct,1f6046149060eb81cbde89e0c48a01bf,4.1009,0.507717,0.12861724163526814,0.8451155157625533
direct,1fb2be490f45ec6e19fb4103277a6b93,3.7276,0.795359,0.01399790850007036,0.5988674414791066
direct,1fd1d459e79ad6c1c3bd24f986301745,4.0113,0.461161,0.13773207371970775,0.7035667028623426
direct,200c5297948bf57f6b448b8aaebb705c,3.8447,0.259057,0.1316554403364994,0.6749481172312869
direct,20bf71868949fba4b445ec1f6a39e0b8,3.4186,0.688193,0.07548977834389269,0.7648928656943653
direct,20f41c44148871104c3aee8e9d3a6ffa,4.3034,0.251581,0.36260283125762405,0.7317860567430825
direct,21224eab2d099f5012de5317fe5b354f,7.8443,0.303511,0.19694865054675695,0.813239012158207
direct,2193f3624198ede23f0af1eceae2dd4,3.431,0.042387,0.1012337247162468,0.6183000598396879
direct,2197384551252127ecb01d351e78a9e7,3.0666,0.083833,0.1794840594987792,0.6670742982992528
direct,21de0761d0f8f2f9342b2a88bd008cbe,6.8804,0.282938,0.24892325906734303,0.8725425108092428
direct,21e7b25522c63209cb2a965e75be701c,3.5893,0.761685,0.06699517798447935,0.6912332001246313
direct,21feae1212b07575f23c3116d040903f,4.5002,0.094223,0.03342449205068938,0.6728466300615529
direct,2220c6ade811851cc13e020d985215e3,4.1148,0.589694,0.013945558811408252,0.8491748988317388
direct,2231d841b91eb6d53321831d2245cf06,86.459,0.539344,0.10155976812888882,0.7289038857601075
direct,2292b067ccd1bb2dff93e4ecafd3dedd,3.2746,0.14359,0.1960238523810434,0.7056138118360039
direct,23325f47d2a812351165bc0a3b02b27f,3.6007,0.479027,0.017233728039285644,0.7908145171392114
direct,2336a8ba5ba8a9f0ce029fab54b6cfbd,87.445,0.047428,0.14121197600484103,0.7337738393390149
direct,2346b4f87a4f683b92e6829c9c63f7e8,3.5559,0.508699,0.015851171032303154,0.790167708084789
direct,23637357c4e5efb653c80c0a3ef7382,2.9816,0.609051,0.4519297899807883,0.8152217524847324
direct,23b7a3961eda17df4da5feafe6f1c8fc,23.6187,0.253553,0.20585969676788576,0.720287527835999
direct,23fcaafbeabc092f921e793cb951210d,21.7097,0.573859,0.1984375677176761,0.754454030434961
direct,248ff0771f1eb286f51f77a6d7299806,3.0459,0.30057,0.2785306264149466,0.7457155490363118
direct,24beb61e46bf6b1970d557f49392fb1,3.5543,0.231845,0.10202361782334335,0.7120362119678953
direct,2544d05396cf1c91bc19762eaa7ba40f,3.9936,0.467064,0.2020326033037653,0.7038660568405619
direct,2555c9df5fa919692250bf58700b4d8f,86.5316,0.530034,0.06492312102824836,0.7301882844188664
direct,25709b9ab8facc1b3321831d2245cf06,4.2846,0.51744,0.09288423373596921,0.7481020323672004
direct,2620701a50216dbed0b36851d61b6fca,4.8099,0.105331,0.3950930053187757,0.7547476752565483
direct,26325f047537acd3f155d75bbf62b80,20.1571,0.805732,0.07278125031558612,0.7385207903786523
direct,26979d498a0425b6f51f77a6d7299806,3.1072,0.407129,0.3398188761338994,0.7046509084141056
direct,270e25863ba6098b0a04bc414beaa99,3.691,0.399816,0.023171226499271353,0.3440481988940625
direct,2726971c1ed929eaa733727fd41bdb33,2.9383,0.383533,0.4755726861457165,0.6933651458996773
direct,2731687dd460a263d8eae9bce48bbeed,3.4675,0.586317,0.021797926387771633,0.6699922776419451
direct,27c3e5b2656c50f7cb2a965e75be701c,14.5028,0.631596,0.05414883338664371,0.7259312777369255
direct,27eb79ddf26fd7ac7898580cb9d16864,4.3155,0.773626,0.03718471538930262,0.6689941952025638
direct,280553e975d6b79fd2b12aa6a0f050b3,21.6426,0.72076,0.0759567387176127,0.7305583105167243
direct,283a115028fffe6e4e67e2e8459ebde,21.4095,0.293743,0.22022450706089644,0.6607461203604861
direct,28ec688f444eeb4a394b1e418d5c594,1.4549,0.333216,0.26510164265496905,0.5916988734729752
direct,2902b377edd4b48aa3a0c1cc16d124ad,15.7291,0.433994,0.013193290473166298,0.8105765780968652
direct,2912f56d135e2f97b20cb946bceb58f,15.2247,0.243156,0.3365285165120458,0.757159203770264
direct,292353a763d0870432af7736a533c197,3.4196,0.485256,0.028230427994459534,0.7137484580903298
direct,29aaa8f337632ec125fa9990176f0d5,3.7794,0.454949,0.16682096815061978,0.7682793158289255
direct,29c7615460f943a36ca2b6e5474aad11,45.4081,0.150988,0.13300849282457122,0.7038787674760397
direct,2a3297e263d9931b814465edb1048711,3.4623,0.519102,0.36232434326480467,0.796494841663301
direct,2a89a00cd90ca5b844b1f4461f7a073f,3.9651,0.137922,0.22296349813887725,0.832730475513407
direct,2a8a8ffd2ef41cef20768660cf080d12,3.6393,0.574939,0.24127388348273465,0.7897508614127386
direct,2a9fe1253f9433d1a2651abaf391628e,4.5108,0.060462,0.1850729231446411,0.7151299384927882
direct,2aaf5fe631a855b4de9ff1d2442cc6d1,12.5621,0.57537,0.01473798048779222,0.6829771241766981
direct,2ab4f9bbdc17d9cd618e9d35559b7aa,1.7065,0.438686,0.06683117143865967,0.7609380229821993
direct,2acae4f14a734f4972cf25af66dc82ce,3.7704,0.267048,0.231825049870923,0.8231984880117568
direct,2b25e49c58ae0e292056b4bd5d870b47,5.5484,0.783053,0.045209010801531765,0.6983038283803187
direct,2b3a776ab2c38e3844f57509e473c41a,86.6134,0.546753,0.3886540831134886,0.7969501781487738
direct,2c08b5408a7ee4da98cfd47a860803c5,3.8591,0.575421,0.053253901816921315,0.7496691694405427
direct,2c62b19b80a63f443321831d2245cf06,86.5147,0.51691,0.09377200123085361,0.7391170302192203
direct,2c76c171562f6bdfd4d8765e3910f617,10.6061,0.715593,0.013619938990351636,0.722972507035845
direct,2cb165856db926fd851591e44f18a8a5,4.1943,0.151479,0.1681971234782014,0.7015460208594839
direct,2cebb68aab385306f6fb0164eb28c4c2,4.0832,0.051033,0.09389587155945275,0.5033353619818464
direct,2d1e8858446d1a32d2b12aa6a0f050b3,9.9886,0.53804,0.07116415718671916,0.663963308790905
direct,2d238b5250ab9eb3c55f85313e3bbc89,46.1627,0.58317,0.059869391754445785,0.6945933295846505
direct,2e28fe9594c48874a6eb1dae0394cf12,14.2144,0.437413,0.25651484422320864,0.7787503560247159
direct,2e38fe7e4cd74bec76e9713f57a5fcb6,86.6673,0.63056,0.2193950675953381,0.7714435058862305
direct,2e78dad09566bdcecb2a965e75be701c,3.7529,0.865081,0.05098579703052724,0.7175317648632371
direct,2eacd8302d46093ee138e561e8f9c254,3.6604,0.392985,0.20489306257705983,0.7852160635774315
direct,2eb7069d227393558ea0068b966c5177,2.4409,0.714442,0.04232568451082632,0.565820411566811
direct,2eea9c22b37967006e40121acd58a004,2.8657,0.76467,0.20721307124853666,0.7126915321518562
direct,2f6da348147cad9c3321831d2245cf06,3.6933,0.432466,0.014515918923243906,0.7586379879929789
direct,2f815697256fce5a155b270ed8c04b46,3.5226,0.527493,0.08445978589145539,0.6953008262470298
direct,2ffd2e6d1a55bdf44c3aee8e9d3a6ffa,4.3314,0.511965,0.22107347308889025,0.8197453849355586
direct,303555f1c5f4cb0a1082f2ea630bf69e,3.6133,0.202908,0.06979956359109063,0.6352577177536496
direct,304d18039eb8f78cb362fb9a75ddde8e,3.5684,0.187744,0.17869925616798404,0.6897134933717178
direct,3115a3a0a61aacac59350d819542ec7,3.7737,0.358065,0.31046279550828343,0.7910129759731805
direct,311a3ef41603f86c3f51596dfebf9893,6.2155,0.187083,0.32392502309661103,0.8051779591899095
direct,31227f3fc286c00714c06184923f6962,5.2312,0.181612,0.16152860750259448,0.8546067133858273
direct,31a85a1a9bb22c3bf1e23636310b7e7a,3.9204,0.465045,0.022490943793831545,0.7409715529919316
direct,321f8b85785f082685e443e0ea51d93,2.3733,0.135706,0.3812800368594347,0.734178180212659
direct,3279edef6a631940ea41b93204b74265,3.8212,0.453309,0.15245362518333777,0.7929163441664034
direct,32a9329c11b5c35d4b3c42e318f3affc,3.4843,0.488813,0.2136778603434259,0.8122717812770267
direct,32d06518fd07df9bcf004563556ddb36,86.6151,0.615245,0.22212237347385572,0.7560219619819845
direct,33ec57af7f648994da5feafe6f1c8fc,2.5964,0.12013,0.31523942473475736,0.7525240644800381
direct,3475657660a798a155590b0eedbb2f18,2.9514,0.099372,0.3688425883530171,0.65513157923711
direct,35462b6ea0597bf555e8ddeaf1791474,5.6499,0.330005,0.1633846004027961,0.6766929051627688
direct,35617fd7ece26150ffc6e457221b9271,3.4694,0.40707,0.21610015968259777,0.8093897456287068
direct,359b6d3d29b08dfe19fb4103277a6b93,33.3349,0.379708,0.10917095603568948,0.7554464064688334
direct,35a0ea7e7f9eac13321831d2245cf06,86.6765,0.639613,0.003715566085641183,0.39257503839499747
direct,35f6e6a770258328c7667da8fd923578,86.57,0.705998,0.3530163987221113,0.35797364240439566
direct,366db933a2c99444f4fb4dee5181bee,3.4366,0.699396,0.15536840255024525,0.7840568920100637
direct,367e5ca5d5791739d4d8765e3910f617,4.03,0.723504,0.05434095369735329,0.7197324403003903
direct,37325d57c8ea891ad77ea5e1afa5bfe6,3.2113,0.220431,0.48035232592498295,0.7969861460012581
direct,373ae08d8903dc10ba929f7d2edd1706,9.1182,0.540488,0.02836652385688784,0.6443112323855186
direct,3761d6523fb9d7a73f7e27638e63d848,3.4145,0.363418,0.30711704700422054,0.7323517105647359
direct,37e5fcf70007bc26788f926f4d51e733,3.2668,0.524115,0.3575000958424765,0.6308042944584418
direct,37fbc4e7c9e46b602b5631520b7d94fe,19.1312,0.307667,0.3790388636605694,0.7291611107984596
direct,382b1b947fba964dc1def5c6acc12bbc,10.5818,0.062602,0.08700211938708567,0.637090587303156
direct,38441b4582f29c8cb2a965e75be701c,3.619,0.83512,0.00846343212295032,0.7414645742977923
direct,388d83f25e045007efe85e37dd46e84a,8.1228,0.55402,0.05614292084871647,0.5879888034323643
direct,38e367e4421ec3cbba70cedf91706353,10.0314,0.71283,0.057733097198938405,0.6970416959721145
direct,393ca71bd734f3071082f2ea630bf69e,3.4813,0.201426,0.11203472059183305,0.6642058154021095
direct,39419e462f08dcbdc98cccf0d0f53d7,3.952,0.121945,0.34447068278129744,0.8290864679077502
direct,39904b25a6d2f13ed4d8765e3910f617,16.8281,0.802345,0.058147312901889146,0.5851884354054563
direct,39b51f3a6e8447c3c8a1a154de62786,5.9728,0.305462,0.15722781086773638,0.6495216183455421
direct,3a1915451880215e9bfbe8b02639d1e9,13.4467,0.762342,0.049133390682667075,0.6332271028025169
direct,3a6ac28f247a30146d812a3e2aa98a91,7.7716,0.597855,0.08361294267299371,0.718426921788928
direct,3a910cc1f575b08339d3717288022c20,3.6373,0.613294,0.26624240540689886,0.7640400907873058
direct,3aa8876d86cf481d3fd2d4d929afab9,89.9817,0.099405,0.31442393587154926,0.8090436694623021
direct,3abf9811f26c9752a9b8d9d3b5cf54cc,3.1601,0.448236,0.11399948734158032,0.730778852481403
direct,3b01bd24d47245289159eab9ccaa73ce,3.5522,0.42414,0.2054395724180419,0.7206709249206124
direct,3b18e32e6e0c5942d4d8765e3910f617,27.6078,0.646265,0.1525738839999076,0.7382249737918971
direct,3b2bddb0e8ff57c85831a0624cf5a945,8.7476,0.365655,0.21243930198902727,0.7537480257224095
direct,3b72f2c31c5aac6ab3421b3649fb16c1,2.7356,0.171405,0.21504836469808267,0.8039406892012745
direct,3c45d466c7e1c27367aa983983f9bf36,2.8248,0.112413,0.18981348180245078,0.6417108538449503
direct,3d2aeaffcbc6f0bc41cefd10ce5d6cc0,3.6395,0.135071,0.17890101828143096,0.7083003229520751
direct,3dac0fd995c747ab336e8bf2357c029a,7.1713,0.475634,0.1221916030863153,0.8135271183129074
direct,3dc60bce3e8d3ece3077dad41839c251,43.1258,0.284122,0.1621272434113921,0.6687248732810733
direct,3dd8c11bc608441f1b17743c18fb63dc,17.2205,0.299908,0.2002776522736863,0.8747086922579962
direct,3de49fd2e80f8c95c97cfc3e8a6b1d16,86.1047,0.10335,0.030140527988127188,0.8083784668262864
direct,3e2a452e802b178eb72f1eb118b6fbc3,51.623,0.251526,0.12745950220034447,0.6823749838867911
direct,3e2a8aab3ad459e5f446f92b52bbd82a,2.8655,0.14449,0.24748272713310068,0.6918298368074053
direct,3e59aa33fcf672b8f4fb4dee5181bee,7.5647,0.556928,0.07033977057358337,0.7557356649468032
direct,3e760133301353a147cddb7c026e92eb,3.648,0.617369,0.13727891724409716,0.7112100728712663
direct,3e8165c41c526ea45eb64c1003065596,2.4026,0.14288,0.3824072856661855,0.7325181148104396
direct,3f058be47b5d4cf353c1d159a8a8422,3.8894,0.478577,0.11965399677907773,0.7354319783186348
direct,3f14c153dc861c0990453a996fcb7627,3.6634,0.521405,0.1637984704882872,0.7304934381752528
direct,3f51197359289bf839d3717288022c20,3.0323,0.439584,0.23472319049642396,0.809253781375137
direct,3fc831f0c69c981048d189f942cedc62,4.464,0.291149,0.22718823356523252,0.7616762610043059
direct,3feb79684658db043efeb398bf800e80,67.605,0.317931,0.0493763895956082,0.6645629962340106
direct,40279f85fc80e16edccc47bf0dcf5d3,3.653,0.50156,0.07332417540970049,0.6409403505655723
direct,407a485c7d711903ae25f6fe802a8997,3.5529,0.398999,0.0950605006520038,0.7471614394421011
direct,40b48121d1879be2ee0605a41c3320d6,3.9491,0.597615,0.14784584318929478,0.7094656805383364
direct,413f8963de404dd6c3c1160502619061,67.6602,0.437881,0.3351968426963359,0.7724331113882806
direct,41a74616fe8dab5f88b61e9125676b2,3.5775,0.135898,0.14894614761316902,0.694621431745067
direct,41ceeeab52fd3ed3a341228b21d337a9,8.4233,0.233145,0.18712029162054858,0.8294303412903015
direct,41da6df6f2a4e48b5e4e23ed78187234,3.66,0.389796,0.020099685683398698,0.5049488271385926
direct,41f9be4d80af2c709c12d6260da9ac2b,2.883,0.194903,0.572116006137232,0.7501059247844833
direct,423d14787208578580ff80bf789cd,26.9809,0.493199,0.0954804462062859,0.7255395513795563
direct,424d411c37fd30384f224d639c7b7c72,3.1118,0.171987,0.2739115415738691,0.6803608096149915
direct,42c74e5da10975c13af30a3946d92feb,4.0228,0.520483,0.08089870439967384,0.8256928002529146
direct,42fa87cd27edca9efcb8d8c6d4df8143,4.9107,0.374826,0.3424258321286482,0.7712897705905792
direct,437d1c161da1b9fc57e4c0b864012bb5,8.1505,0.277064,0.04236678095396535,0.7280473575661627
direct,438b2dcdbd25a93dea65c47b660136e7,3.4716,0.794339,0.1346330503530275,0.7500060622641928
direct,43f762270b438fe618a36258eabc2b9c,2.5682,0.260174,0.15699311845288738,0.7760312998338283
direct,4421883492edac988075e9c7f3d235af,3.0908,0.042553,0.1365806228497928,0.5068535500913307
direct,445230afd5a0eda8714b6900bef4d88b,3.6377,0.667318,0.042494116474670995,0.6391793165652694
direct,44571992d18375483506f52bbfa5b648,4.416,0.18251,0.18350021839804265,0.6393237746919626
direct,44a50dc1a9d8a8a65144962e2c20b832,2.9313,0.095153,0.013540100354308915,0.6054042881229599
direct,45342795c9bf86d94b8710a3469971b1,2.8702,0.226376,0.5916363105580175,0.6688624375248506
direct,45c91d543ef3c1a829a50a2b3c5e5b6,40.1364,0.380749,0.2337092431836931,0.8149992385551912
direct,461441f5606348f3d88a3e0e92891ad5,2.6176,0.072622,0.6294430315521503,0.7635707149191991
direct,464e34455b49aa5c824080f516909671,3.3592,0.192154,0.4409278894680494,0.7115887487963044
direct,468a110ac6ede4507d11f9fcb943bcf5,8.6273,0.117865,0.4131480285535428,0.5980587044779794
direct,47c0481747741fa247367565b9fdaec5,3.7193,0.092713,0.07659485041038294,0.6674272389995122
direct,47c33af88f4926676213fd2f62884e62,11.5883,0.270375,0.2161534886179566,0.7929549750544294
direct,481f7a57a12517e0fe1b9fad6c90c7bf,4.2576,0.081144,0.1592048405623917,0.7495595162126656
direct,484a49065ab1430624256fd51423318f,3.5584,0.125396,0.07846309386184167,0.6827458754585595
direct,484f3660bf095e6f2b8a1a2aaa466160,2.9249,0.218866,0.5172019248052482,0.713140950959712
direct,488b9ae283b800b282ec895e014b9eb3,4.8103,0.176914,0.03306779211756973,0.6533252551943038
direct,48ea3558db137e87ad5067eac75a07f7,3.6991,0.482536,0.01783587217999827,0.7629437988193224
direct,49ab2a5a9005eab9d2b12aa6a0f050b3,3.7943,0.5052,0.110357946513582,0.6871533631088358
direct,49b69d5e4330ae2457b1c0b6d5084bcf,3.5083,0.470673,0.21771018215082613,0.7218283527770002
direct,4a007c5263b36c35f51f77a6d7299806,3.3915,0.608732,0.3132317801045587,0.7497013351845431
direct,4a7e3ca704e59439b362845c6edb57fc,86.6319,0.410209,0.12619847700787035,0.7810962800878675
direct,4acadee1dadac64e4b8710a3469971b1,3.4836,0.367452,0.3708312292772237,0.6501603892499923
direct,4b079b2e510fffb8cb2a965e75be701c,11.2604,0.787688,0.07478230502440039,0.6924315592336852
direct,4b38f041ed60b99f7fe17e97940646fa,3.2193,0.43271,0.1362421774865894,0.8227261379806432
direct,4b495cde98399a83d4d8765e3910f617,7.2698,0.737597,0.13064159602072456,0.7203816457691654
direct,4b715a1f611b30768b45d2a1081eca04,9.4059,0.485481,0.09280121413964262,0.7038191780640437
direct,4bd1e17e8bfe8d5622309d9bc2301ff1,86.3831,0.299018,0.3107698975161784,0.6364062407872639
direct,4c68319a9f02d3909807fae46dcfc049,3.817,0.486737,0.07344391298267908,0.4080229110438553
direct,4d79731efe402b0d635469b95109803c,3.3288,0.160275,0.4024374311869521,0.7526568789756914
direct,4dabd28be1615419546a56a24fdd418a,3.3852,0.35521,0.22415157013847514,0.7323597482516192
direct,4e1fdafd569814c241cefd10ce5d6cc0,3.578,0.094029,0.11526014526948526,0.6437246827320082
direct,4e43690694133a65e5ef38e098c46afd,7.4031,0.657662,0.07843080546238787,0.7516519667658516
direct,4e6313bce5ee3698909d4348e3fee2dd,2.9127,0.042791,0.06685780761802076,0.6831134452776682
direct,4ead9b28515b97fdc0e2e9e9ade4d03b,3.5324,0.163258,0.1730810218707928,0.7213938581485307
direct,4f228d116af6e6ad88a3e0e92891ad5,2.6539,0.065861,0.6362661210984497,0.718389350130785
direct,4f35874fc0301d015cd4f7d5b0608a,3.8012,0.49884,0.13642070814056048,0.7673559434238191
direct,4f409f31b182075511b6d7dda2bf041e,3.6735,0.080913,0.04221075924743609,0.5886562521979799
direct,4fc0bc3fb6438dffab1d1edf764243e3,3.8383,0.622146,0.1372499983201004,0.7287018450608881
direct,50b1f4e5a130dafbb5b1048c702c9b77,4.3288,0.247663,0.3263538710851939,0.8856219760708349
direct,5125de61a2cf9dd2b362845c6edb57fc,86.3822,0.444768,0.09034077106767706,0.7055413784389165
direct,5132921c7ed221103af30a3946d92feb,4.0106,0.581754,0.12762270732540998,0.7821356837332285
direct,5135a234fe18481235836c728d324152,3.3589,0.421606,0.336610280972776,0.8027405004555334
direct,5174613439e9cf79d2808af04871028b,82.996,0.170838,0.02392631252656746,0.8861107963551309
direct,51c60589bdd1ed73d4d8765e3910f617,2.8859,0.741857,0.08362838604796376,0.7154472924034972
direct,5207969c5c38875a6eca3a103e1326ab,15.1894,0.695458,0.04198870949802803,0.6824691123770763
direct,52160c130b4c132244221bef0fa3c36b,88.031,0.643425,0.19080731172749382,0.7797779687203336
direct,524e4a1041ae53154b3c42e318f3affc,16.4137,0.399286,0.09112531830130415,0.7807987068537018
direct,52867aee1e2e137912a905e721b748f5,43.805,0.511746,0.11306215897725742,0.7165472378835238
direct,52c23e4a42c5f058ffc6e457221b9271,31.3465,0.274872,0.28121811872902985,0.8182504512876407
direct,52ffc103719ae88ef0f40fbf85e100a,3.7696,0.158949,0.07357416995584026,0.6850035281350402
direct,536cbcc72e3f648fb362845c6edb57fc,86.3936,0.340487,0.06599104487454681,0.733480484013206
direct,539ad95ea77939f8f9a3483407086411,3.8865,0.11049,0.11652840450551184,0.7520502921448325
direct,53e1d0645ff2afc54c3aee8e9d3a6ffa,3.1106,0.458905,0.24792836989564426,0.8170638838049157
direct,54547a5cbc7cd402c955e5ed03ef3a2f,3.6275,0.480468,0.03140545385165245,0.6052736037824682
direct,54ad30894e9c74f28abdeb0a990504a,3.6788,0.142508,0.05888798446811974,0.6322563504515218
direct,550e62946d2f55554bce3147c41ec725,3.276,0.646388,0.10326036850325421,0.738253413886239
direct,55a09adb1315764f8a766d8de50bb39d,4.3358,0.316743,0.05683463048746147,0.7740154796193955
direct,55c97131574186c0d4d8765e3910f617,3.6027,0.90819,0.074167616237191,0.6994991301824892
direct,55cf3c1207e421a29e3e34eaf1f39535,2.9234,0.082984,0.14038686533100675,0.8423978962304587
direct,55f0e38a64ba2c2d813b65629a36678,2.8888,0.166426,0.16158112112287595,0.17719193817318177
direct,563569e15313d7eb89e13811ad04f53f,3.5009,0.116617,0.07763596367058688,0.5612188117118659
direct,564813720bdb0cd93321831d2245cf06,86.1399,0.505028,0.07122703071903273,0.7576315633554955
direct,56e1f35c70ad2859c59350d819542ec7,79.0027,0.644124,0.1693478575577987,0.7217652709678273
direct,57041ab17b34eba1f49237e570f62c8f,3.1298,0.026085,0.40239171870621504,0.7600764688887666
direct,571dd1b4d09773c5bbe43d356df0e955,3.9359,0.207495,0.09536942201368423,0.7448800896408588
direct,574447022c4473d455f46d55537192b6,3.8772,0.439442,0.04202866610323256,0.6750225423916589
direct,575289640b8fe387a0c6c5e8898c5f38,3.8131,0.067736,0.090625634357895,0.6404072589431536
direct,578b801e35fd2defd4d8765e3910f617,3.2465,0.759457,0.07920195039874356,0.739395792456573
direct,578ba0e5871fd931b8e562d273208aea,3.6679,0.109675,0.1597102196688957,0.6451618736106632
direct,57b4898f5b94a5a89d297e74104d3ac3,3.4855,0.44025,0.13201397704670267,0.857078581259617
direct,589c1f69b5a29cb7b362845c6edb57fc,5.6308,0.414476,0.14751329291901827,0.7998449796961337
direct,58bc4edaefdf3b0e1db42cf774e49bf,24.2679,0.283124,0.120676873387708,0.7998818430353327
direct,591613a69c2e212f78c0a4707b40a908,57.4222,0.301938,0.16748292832229486,0.7678088666052157
direct,59bf155f2c4d655894c7c2dce500aa02,39.3571,0.277609,0.17076027046093115,0.6643505870713899
direct,59c7c6a65cf462be43acec71ba42b6b7,5.9913,0.513648,0.07478841872566637,0.6233080361930016
direct,5a34a535ced91869354ab1decf4fe605,5.5697,0.102702,0.04674663273915466,0.7099473949522239
direct,5a79d517ab366c52ccd0340812259a39,85.5139,0.556533,0.048735748263455336,0.6935401241778874
direct,5a86b8c93baf8ad0a9030dd33d75b731,4.2266,0.832817,0.1064619684073699,0.7118347270174072
direct,5aa9a03af76807fa94f937d854219137,17.6815,0.593715,0.0420948948993379,0.7477192797610759
direct,5ab38425eb09fe33cac2a982f1c2a5b5,3.2187,0.467437,0.03433403245073204,0.7561018400162067
direct,5b0d2362c82416695b903ba10d2ec446,4.0401,0.545395,0.14844702031386725,0.7686643435846917
direct,5b50871735c5cce2d2b12aa6a0f050b3,8.7553,0.463274,0.07262586775308937,0.6676602502231409
direct,5bc75cb5c0270e60d2b12aa6a0f050b3,10.1596,0.762081,0.07195821048978863,0.7305619325934244
direct,5be09ade953eaf6ca6910e4922d61aa,15.3599,0.647573,0.07582613740553704,0.7300441582194537
direct,5c10e37453733ddb46d83d16be057f3e,3.7568,0.112611,0.03542241524247273,0.5098083928190874
direct,5c2a57c2cff7cc06d636d2b2e734dd7a,5.3353,0.407128,0.15178333734789676,0.7646223809596222
direct,5cb40adcdfa5247681faebbdea6bd9be,29.0239,0.662833,0.07352431987642574,0.6922056484383695
direct,5cbffd78e4cefc3038330212e10bdbc0,15.7188,0.680048,0.09495720614719146,0.7238291420763163
direct,5d68fdf84dfdc4809f136629ee03397d,8.2283,0.553523,0.14785774525526116,0.7405392888126343
direct,5d9880d63d54b9c442bdc91bf8c0f902,3.5468,0.674512,0.03335455932441627,0.7513120836679705
direct,5da1ddcc8d5f62577f5d4139a48ddb6f,3.3796,0.184457,0.3493342209559409,0.6468880889122173
direct,5ddf4835ed5640e942e61fccfc5d24ee,3.4071,0.133055,0.13180566366026178,0.8108109094301746
direct,5df84478c357fc7c5b056960183c4aff,3.5843,0.072323,0.08651144913335285,0.632598131415317
direct,5e1ef1b63216952dd2b12aa6a0f050b3,17.7194,0.665657,0.0701206420241531,0.6911172836353152
direct,5eecd4415ae176b6c6bf3b18b8ca71a,3.8521,0.122569,0.13248617338474458,0.6710817233351709
direct,5f9fd9bf28da76ebed2eab6efdeec5f8,47.5307,0.262859,0.3068582050921441,0.7758955806553571
direct,601c1c3d98596cc34a60c1a189046dd1,2.9106,0.240696,0.02020343623175785,0.8069565561952113
direct,608f7c4d52bbfeec9f00d9b3defbf21d,4.7126,0.261954,0.27066977201851566,0.9274386688966251
direct,619b49bae27807fb1082f2ea630bf69e,3.5689,0.206218,0.10240119185266149,0.6421150795819314
direct,61a19c2b6dbab7be1291d1279f7bf122,3.9328,0.304692,0.11208713587792864,0.7562706985586152
direct,61bd590e917928f6b6ecbbb2e4d05900,3.1003,0.211364,0.24586078980405032,0.6722361232276658
direct,621f1f65eca6fe7fd7c9d85d3b7335dc,86.51,0.465537,0.012287138222944968,0.7450160355022442
direct,622dadb90004f49fb84959963148f2a2,2.8809,0.233998,0.13084241018709222,0.6931876107818865
direct,62a332e54cca36f547b925ad5d9d8738,3.3961,0.367886,0.37507819367314654,0.5260339889206034
direct,62f8ee99e2961024834b1a533ffa0490,6.9393,0.132535,0.0694618233945348,0.7018001448511983
direct,637b36b2e5db7f513f7e27638e63d848,59.2131,0.302399,0.13809112637379606,0.8276161152062224
direct,638f96b7300e754178d5e65673875191,3.5076,0.125654,0.1503479016734256,0.6047255611997658
direct,639822a6db5ec3d852470de2774d6099,3.5374,0.130074,0.10983298840365355,0.6428175904457389
direct,63cde6b5e85cae2bf4b6538438a0b930,3.7802,0.630785,0.11060192197913833,0.7470697313837227
direct,641234f284243decea95e61f66327e28,9.3765,0.230698,0.5420711003556957,0.48914548610312625
direct,643191e8ee56104e424f8f8e828c9ab9,53.1623,0.207889,0.2061695664912608,0.6561674784585688
direct,6458583a168aa52af42a90fe4baf4591,79.2595,0.472211,0.08121250648414907,0.7284921659618132
direct,6466c201a664851de7b89654b68b9e5b,3.6983,0.883049,0.007888474988699502,0.7391573668655044
direct,64d5bd4a6af3da16327289c00b6dc9ca,6.736,0.320016,0.028018542284812067,0.858579512169738
direct,6512b58401c7ea51ad5067eac75a07f7,3.9227,0.52621,0.037393836118861906,0.6405713886597043
direct,654362e53ebb6e303321831d2245cf06,4.2023,0.408445,0.08938730991448322,0.7790598889672118
direct,660e11eff2108a00f8ff821990890128,3.1797,0.134523,0.060514989521436455,0.6502994304055632
direct,668c488e900c2ede62a9eaa32bfe99c4,3.2122,0.323974,0.15431098347823474,0.8021470497835355
direct,673e5bae900225783956bf2322987dd4,3.5871,0.707846,0.023883155237209363,0.6170324946552186
direct,67967d0213be8b199fa004564ade09f8,3.3331,0.139045,0.33725009320594707,0.7957251482845146
direct,67eaa2b16399f3e88809fffd0cefbf72,4.2112,0.316241,0.030645013657922486,0.729301437690866
direct,68220c134171d105f0fb3e3d2a0d34c9,3.6257,0.501503,0.18806274425917813,0.7163932664288285
direct,689fce16d1f9099b9aebadb76803631,87.1967,0.267779,0.02724755589198279,0.7800255991881186
direct,691480901ee9f047ad5067eac75a07f7,6.7382,0.527351,0.034092644152623676,0.6574597990677251
direct,693b8a150f9e844e50539bb73fa8aaff,87.479,0.225295,0.10673102925189278,0.73732197860074
direct,69544db102786237f51f77a6d7299806,4.7896,0.105819,0.38612814082315644,0.6974544958907374
direct,699cd83b28bd248d30f646576d932e1a,3.4095,0.152092,0.21691241107555326,0.7105770340658591
direct,6a237c1e61fe2bba8490246570868c8d,4.988,0.598321,0.06837604620406718,0.7503268758077596
direct,6a26d2eaaf63d2a7b2faf16541f353f5,3.6638,0.087315,0.08471352124240392,0.6131441298342812
direct,6a72d6a26d28b02bd626c689702869b7,3.9394,0.574138,0.12392566764893433,0.7766508739550237
direct,6abd7ebbc9020871bfbc6e788697e036,4.7208,0.049542,0.3289065923663875,0.6483978938514018
direct,6b00fdf6062389ad738dd0d3509c7e47,5.2105,0.462199,0.14649851911515252,0.8597645723207892
direct,6b32d3a9198f8b03d1dcc55e36186e4e,32.3497,0.344283,0.17744446041439932,0.8449149375768792
direct,6b9d09fcf8998360a36fa9e07c662628,8.2183,0.364882,0.07817011385501929,0.760756736359171
direct,6bf058da5c3835b415ca6115a4467dd6,3.375,0.511786,0.29792097847726046,0.7469836498211343
direct,6bf0f5e06cb748bb9671c58246946ed6,9.0183,0.285466,0.3014248827387453,0.6905325688955132
direct,6c1ca36830d54ca5c9736640ccf985f5,3.7417,0.615171,0.09459500712797554,0.7543810155441389
direct,6c3e80092fa36371cb2ecbd32dc2119e,3.5825,0.104757,0.09011006209554816,0.6383295760118374
direct,6cfb76b40fc41da2a6e67635b9d1cee5,20.4024,0.118028,0.020182852092472305,0.7950989723530127
direct,6d08f3c059e674dfcb2a965e75be701c,21.7708,0.478381,0.1384674678669958,0.7333946890848277
direct,6d755a3d6d0f265d77ea5e1afa5bfe6,3.5045,0.164942,0.4155377281931241,0.8328322865141993
direct,6da867f9fd8aefebc26e81144f3196d5,86.5771,0.147402,0.0016589755917096707,0.5563121268232852
direct,6daa439badf26355593ebeeedbff73b,4.6544,0.496063,0.14970723877472242,0.7930768023904564
direct,6dad3b17869cb20fdf94ba6a907dbe8,3.859,0.698308,0.15697650034227686,0.7861766933036759
direct,6e683e60075bff408f98ac7ca14e08ed,11.9052,0.441787,0.04649560167132456,0.6577287921521362
direct,6e77b16c5463bf147756371b6ccc35f2,3.6056,0.709576,0.01643429416909073,0.6887933179364195
direct,6ec0ed3fc05dc7b7ad5067eac75a07f7,3.483,0.678216,0.06877257502867024,0.6656766903451218
direct,6ee844357bbc5bddd4d8765e3910f617,71.7023,0.268677,0.10928866082978633,0.7347618130724132
direct,6f1c542f24b8e50554d7082b34825ef0,86.5878,0.474227,0.11964931031458406,0.7420008454554452
direct,6f6c8762f55f94e24145b5f47fac09a5,3.0834,0.405526,0.19540136296394028,0.6393989099453585
direct,7077395b60bf4aeb3cb44973ec1ffcf8,3.2828,0.097933,0.2143539676671963,0.8864029993437446
direct,70a2b281cd8d59a52d19175e7d19b7cb,4.4242,0.192555,0.17333038260943723,0.7756303375470668
direct,70edb39bb2710eebcb2a965e75be701c,3.6973,0.908261,0.02712643622994648,0.6296749586734091
direct,71970f9a11b0b5bcd7262b1b986920e7,7.8012,0.542388,0.06035619787027014,0.7472087546262806
direct,71ead7f072106c63ed13f430b2941481,3.6484,0.33244,0.2151123010870587,0.6341807360250072
direct,724fa46215e03f4c52d9fc61873164a1,3.0894,0.554635,0.12626100578351337,0.7764013620164061
direct,7290270e8dc33f5bef54591980b8a426,3.5217,0.156205,0.18100596564460453,0.7549979169425065
direct,72d950ea1c029bf2369c46027bce7af,3.4478,0.690066,0.2580318950225352,0.7664081934422404
direct,72f501d4168713b9445e85eb534460b0,9.6412,0.490637,0.4123445721882185,0.8074442761673989
direct,733cae1ea9a85122d41f2c02e27f6d9c,13.3478,0.442405,0.04323302526660952,0.6953016824262387
direct,739725054f3dcee41ef2486fe36a1e66,3.4284,0.290475,0.21575267001534804,0.7543795898935114
direct,73a6a42f5e45b3e7a3879b7d5fe7c612,15.0479,0.597007,0.06700657447912807,0.6806743927906636
direct,74126116f42f09e2e6e130a30b5ed875,3.3237,0.385288,0.021502079155323168,0.7689464966510727
direct,74983e99e7606eb114708467db3d00e2,3.7428,0.51077,0.01896977898436692,0.6349434288560099
direct,74d27bf812f4a7d83a2dfdc3f38ea6c3,2.933,0.454071,0.09878696603496995,0.7265815661184579
direct,751c6f35fc0194785445e46058840642,3.074,0.067727,0.23135570077928866,0.7632859189571598
direct,75c4595a4d1c3bf9fd2b139960f72a73,3.5766,0.421576,0.41416197460774445,0.625646276969072
direct,75fc875e3d2bd8fbf01129d246a5d1a5,3.2519,0.075112,0.11484394658171976,0.5756397554296595
direct,7681e8a8ba049dcec16b50401ee47ac,6.5432,0.057327,0.15154254250790614,0.6157550530359094
direct,76976adc8a170036ae23680cee12f145,3.8743,0.383113,0.05074318815744925,0.7758887972186779
direct,76f657e27f2aa86391a491e8257bd6fe,3.4112,0.137701,0.17402803077757278,0.6911646227725395
direct,77c2f1b7a7c0a4d15ca1f314f1afc186,3.7518,0.698717,0.03657122218270489,0.75745834638893
direct,77e0932f0886aede3321831d2245cf06,18.6459,0.409897,0.027567048053116966,0.7981627744837496
direct,78a93c794aa77beb47bc3701b998a7d5,3.5402,0.778027,0.02550071088929515,0.7083210292845706
direct,78d36740730c94a4490ad276cd2af3a4,3.375,0.428939,0.25409528548566596,0.7668783985160967
direct,79ace304188699fd5fe7cbb6d6b5e421,3.6796,0.598779,0.30706293369802046,0.7828884570851883
direct,79b834190bfcf065bc7069dbf29b2330,69.7277,0.392299,0.22310027591538065,0.7584845207961043
direct,79bf4c4574bc9c4552470de2774d6099,3.6493,0.11252,0.10431755922745359,0.645006847090769
direct,79cbb3c5f6bad447abc635d6ed355bef,3.1385,0.15061,0.4400092565704217,0.8199474219413042
direct,7a48b295d6c3956fa96fd0f479def5ab,4.5139,0.405693,0.5283327819948371,0.786295606548597
direct,7abeb2903fa22d0fad974a50533b722,5.7882,0.391483,0.07329252284095762,0.7162549910186077
direct,7af2a3d126ac5e44fdda95e9849ffbd2,3.3022,0.246063,0.5078804063032542,0.5184089320129791
direct,7ba9140b8e416d79601104cd2d998272,11.3099,0.788885,0.03671565498770905,0.7114586034197855
direct,7bddc990442a3c6ea8ab8175d04e5764,35.1835,0.21331,0.03581217138710633,0.7996985710976753
direct,7c5bebe21d2f9232af268f6180933aa3,16.1453,0.603683,0.05044241151547106,0.7261438480323033
direct,7de0323af143c38bd4d8765e3910f617,3.6354,0.90627,0.07905838947454277,0.6748556601722479
direct,7e029f73e9cd98d2f155d75bbf62b80,7.0773,0.908297,0.06631054783170488,0.6852847991721418
direct,7e32602a20e478ddb362845c6edb57fc,86.9759,0.38892,0.13425233860071048,0.7410918731510502
direct,7e5dbe69598c6439ab80ed476c7fb6b1,39.1721,0.272347,0.1489056319609933,0.7841917060257863
direct,7ebff305b2e93504239603972bcd2e7b,7.9419,0.38788,0.2115558974306676,0.6760166712195557
direct,7f50a6bb1827b9f582bfcd34215ccfc7,3.5152,0.461242,0.39804909729553084,0.7473701380002763
direct,7fce8c7fc6ce0364fcd4910413c446d9,2.1901,0.205727,0.2728453815368121,0.8117858374580456
direct,7fd1b974ea23815ba0338a523d3365ec,3.3067,0.134202,0.11857165147081633,0.695572279154007
direct,800da11834a991da3321831d2245cf06,3.7284,0.443792,0.08713102845681864,0.7325318634013583
direct,8020984fc6e83ac1331b5e6778e27aa,12.8,0.091391,0.12996279601966707,0.7522965812600398
direct,804adfb0fa907adc238ec815c61acb8,3.2377,0.41411,0.02317135433129342,0.45738374006783267
direct,804cdf67685d7e592efffaf8e146c9c,9.8526,0.128945,0.2759806676193676,0.7958089826435798
direct,8093937b9072e92afab6e40cce6926d7,3.3196,0.210598,0.39830931393942814,0.7143453084232722
direct,8094a6efa5efa16776d812857a5be1ce,3.6852,0.316448,0.20135405215100247,0.7725866073987915
direct,81412f3a04fb62c39a595400278b1b6d,11.2273,0.450013,0.11189286025923773,0.729340161924413
direct,814bba8e48083abfdce1af5c27e3da18,43.4279,0.426999,0.07330406947548175,0.8878907821963983
direct,820868b702c588e0ce5d6e9371bb5c33,2.9994,0.217312,0.35183687242698514,0.8142573507825677
direct,82be57a43d5d1e14fa286e2f06a75d07,3.5832,0.071101,0.04293821403964554,0.6198886479761053
direct,82c05fe4890a7f5112de5317fe5b354f,3.6113,0.10018,0.2980267176233355,0.6901873552077259
direct,82d8391c62e197161282d4d9178caa92,21.9494,0.380095,0.12500076551862843,0.8268937192427362
direct,82e0e96bd89956d9f330eedffaf3339e,35.4753,0.367624,0.029537634795099587,0.7818991341586445
direct,82f7946adba23f5f1c6beaa592f1b2c5,3.3538,0.188217,0.3567043717570254,0.6912253992735495
direct,8325e5496a7ab8abd2b12aa6a0f050b3,3.8468,0.832319,0.006830058076802085,0.7314182869874448
direct,83412e29d5978b101f6dfedaba98d5f9,2.8571,0.325393,0.30787779138371124,0.5716920633186635
direct,835e01af50296235aefda81565fede7,3.6645,0.226739,0.329897944944583,0.7720130477985254
direct,837330924dba611df6572e2c76e2d78e,3.8009,0.064438,0.24580661006642088,0.761436618205271
direct,8399987b9bca0dd0e63a9e8397b31118,7.9166,0.447417,0.12570660399089983,0.7132865090917421
direct,8497e02fa1662113776d8bc79b9caa2c,5.8954,0.089002,0.053535933531271694,0.802141459515494
direct,84aa911799cd87b4ad5067eac75a07f7,55.5552,0.303883,0.07331855417196786,0.6148404962963462
direct,84efcf2796fad0d2917fe9209d09e56e,3.807,0.462766,0.05497429870961784,0.6867308773442647
direct,853f3c53280aa44fb63369d5dd85d25,86.6996,0.508644,0.39023539965120335,0.8041482268530559
direct,854ffe2c60091876e07a1c4b84dfd325,5.9661,0.298241,0.16159125279802639,0.7576948457108148
direct,8596664f3d7925cdfdeb515ad63cf4b0,14.1328,0.633427,0.12834987835671172,0.7103028574914674
direct,866b0fab7a3e54053555de1e3169ac6e,3.7313,0.679388,0.06490480795607421,0.6652259324359396
direct,86838c0e4486ee7a8369c37b40e82efa,3.1236,0.490997,0.15128770831896568,0.7517842495696156
direct,86880c061d80ebab3956bf2322987dd4,3.6408,0.61254,0.09769023201257615,0.6665792607419861
direct,868d86e47bcf7c9d1dd03d3141d85a03,3.6512,0.746811,0.0483372611401929,0.7144367418159194
direct,87348bdeb8bc74139ebd7d1067b13a,3.3495,0.107335,0.1412810863584494,0.44921548605621103
direct,8757c29fd2ad648c193d7855ecfc1bd3,2.9689,0.161306,0.1950075361965999,0.7385295774684895
direct,875b1307c76566c8d0d4e85a15f02eb4,3.9735,0.436922,0.02118442916674273,0.7221031836087043
direct,87afe5137d675efb73418f9a8c25ad1a,10.0961,0.380114,0.07680332125104675,0.7751588745557456
direct,8834560018510194d8caaf6298f89d14,4.4368,0.332117,0.13465030329143704,0.6472837604415772
direct,8843d862a7545d0d96db382b382d7132,3.5597,0.149936,0.15064749246697567,0.7506350929561056
direct,8873af9392bc7506f1cb19f636b1c2bd,2.136,0.297806,0.11935453871113647,0.539881705172687
direct,88f9fa58ee9ce3de1c863a93a9948fe0,21.1231,0.71028,0.043297234089810836,0.6972300519366276
direct,894f41b8e4e3231601104cd2d998272,5.3681,0.805597,0.041044614855823565,0.7323062355133081
direct,895563d304772f50ad5067eac75a07f7,3.675,0.510025,0.011194567471521396,0.710623239548179
direct,898c20d376d7d44e5eb64c1003065596,3.8229,0.232646,0.4275995660220446,0.8187487650024615
direct,8a7f0dd58fbf14a4c59350d819542ec7,3.2989,0.361049,0.28280927967761854,0.7886350744827862
direct,8b2951e32e0906bb5f6cb4951755315c,24.8916,0.193619,0.04635199332030614,0.7578098712279964
direct,8b42485c93c122643321831d2245cf06,3.8102,0.46023,0.09322076940827662,0.7176981311253302
direct,8b95e9545df064536436916a86a90ed7,2.6633,0.112452,0.1653355006032008,0.6462788206848448
direct,8c021db546a9248b582c9847073623b0,13.9009,0.367969,0.036320678009185196,0.6684895860300742
direct,8cea38648128ef1ddc75c30c88b2f7a9,2.7726,0.252457,0.09126435579437207,0.6765463233761063
direct,8da97531717192fc3215145fdcd9052,10.9693,0.268331,0.12593313546331847,0.7775235159456236
direct,8e0e80eee17c86415a9da89784be865,3.3529,0.189016,0.18368831660952184,0.7013139864647759
direct,8e25c33aafaade0ad5067eac75a07f7,6.2051,0.718175,0.06063800547019082,0.6775505276793571
direct,8e956bae37beff87c2743f037f439af3,3.3251,0.081805,0.15991477508806173,0.7521523741522559
direct,8ebeac47d29d649acb6267f1b348aaaa,86.7915,0.473956,0.05178223719572367,0.8098000958073044
direct,8ed3f1b59a74ac71f155d75bbf62b80,3.9186,0.906573,0.03460319563889679,0.7202262219891873
direct,8fe23a363bf80c48f155d75bbf62b80,15.7696,0.802275,0.04692880510743693,0.7306621914736481
direct,909fcd9e329cd49581faebbdea6bd9be,86.3183,0.578523,0.03325998206516201,0.7215258952493943
direct,91be45a6b74f2fa283b00891f680579,14.843,0.224861,0.10619342537689039,0.8403078523809431
direct,92e6546c4aca4ed14b96b665a8ac321,4.3549,0.382879,0.24409658387658778,0.8249806443138282
direct,92e7ed09c8d265e5cb2a965e75be701c,16.1047,0.651073,0.11493010750783689,0.70991587938752
direct,9304e9ad9853d1caf760390d600fe7fa,3.5085,0.469222,0.4281763860273188,0.6975477599115801
direct,9332819c99f0ba07973f659238edf3c3,3.4127,0.151721,0.17788793621646942,0.7127427295779141
direct,936eac04b6a873049954eae9164faecb,3.8284,0.123233,0.08528608733032329,0.7338301331898659
direct,94453745e0faafe2fd938442e7c3fbc3,2.9769,0.445683,0.3301690575583373,0.8161272498323829
direct,9460ebcbd28a8cb7d5a4a04ac21f0578,2.7744,0.176029,0.6178045357919042,0.6595419816784519
direct,94a2f3859ed66873d2b12aa6a0f050b3,27.1251,0.441163,0.1036307578141861,0.7076613893207198
direct,94ddf20a9a6e035e85f7a3de54751f1b,3.332,0.186771,0.1397758579580149,0.7747844568805614
direct,95440fc9b3fbb5fb1d4127b3f0e05b90,64.765,0.211864,0.10301557205137213,0.787483541690839
direct,958fa3ccebcaa8246c4866b1c92b8a35,2.7161,0.18245,0.2474169614258121,0.6190759542420338
direct,95db80660b4d979f601104cd2d998272,3.7507,0.853292,0.030041233417012005,0.7202064928157212
direct,9681386c65c676875efd2d175ccffe45,28.0711,0.318618,0.32335177760464484,0.7633557980685386
direct,96d87da2fecf81ddd2b12aa6a0f050b3,4.3816,0.425766,0.11755583959391748,0.7104159378809695
direct,96e83c79e8d76d4519fb4103277a6b93,30.69,0.375507,0.179781404099071,0.8320574895631138
direct,976e6d4efdcb81a0e9c2721ccab8cde4,5.2069,0.168656,0.06532176182561641,0.6245553819276839
direct,9897a75c64a369d458c73770090b865,66.2482,0.303955,0.1016252305719123,0.734774535976936
direct,991c84609666c015da34af5fa7da2314,3.5869,0.662654,0.024733571050941663,0.7454930583501076
direct,9aaad035af7e6ab1ed724609df3eb104,14.4654,0.086703,0.012786744581912004,0.537536882416981
direct,9aaca16b41037ccdb4522b651100b435,2.648,0.166409,0.3489070689270959,0.7462037942423262
direct,9b579915b883bea042a65b86449bc7bf,4.9545,0.236245,0.4355709848320757,0.7064151423444722
direct,9b7b628bc8cc7463103d45b529610c5c,15.2799,0.50128,0.06001332970022151,0.7252621519892241
direct,9b9a114cfee79bfb492d9da2668ec34c,30.5665,0.291887,0.0835071787458734,0.7982939300067411
direct,9b9b41d3d02ce68d1b009b4923bf4541,3.491,0.206101,0.30207218205395947,0.8366812189041195
direct,9b9cfaea2a7ba04c461ec9f1803b17a7,8.1883,0.260608,0.21433999272947113,0.7998635396507968
direct,9c1310c5ab89888bd201085e80edb26a,3.6271,0.909438,0.08436660387485102,0.6819834333015186
direct,9c6176af3ee3918d6140d56bf601ecf2,71.5354,0.204341,0.12440005024482062,0.6936735185757003
direct,9c8aba47e37b1eff155d75bbf62b80,3.5888,0.880491,0.02638714433017953,0.7023485462988395
direct,9cb54ee28aec14013cb02989e2da5a2a,15.8359,0.275722,0.17297101939954274,0.6630364970947087
direct,9cd6dc2b9d11016c49b3ccbe36f67015,3.8172,0.552256,0.012856469107173878,0.7201357137599398
direct,9ce1c0b588ad6ef84c3aee8e9d3a6ffa,3.3627,0.193136,0.452236173499935,0.7108670183600734
direct,9e429b7f77646b4ccc8f8e7f17e9d7b6,3.8065,0.537817,0.0071071366677868215,0.702808300104135
direct,9e53d5b34c4b403841b765d3dbd065f7,3.4009,0.469278,0.4025909705447743,0.7804113707961133
direct,9ebca72c02d26886a6e82f4002a10be2,7.2286,0.476675,0.12399397558386199,0.7650708049471453
direct,9ef3323c6ced7dfef313a0fb5fd4d79,7.7679,0.241226,0.17646679263805315,0.7630656870830224
direct,9f0a6e7c525c3c53d4d8765e3910f617,32.192,0.629737,0.04991619553796443,0.666448803067045
direct,9f17f45a28d063e7391e4d6c585a697a,7.213,0.3871,0.07055844886869149,0.7546675431444253
direct,9ff5b01d1aec18b2aae529ab4a75c4af,41.7009,0.100052,0.13601522352469692,0.8142058636376963
direct,a0ffa64279a8c6f0f155d75bbf62b80,86.9552,0.897591,0.12558632840559827,0.7314114354271435
direct,a20de35fdfc74932bf5e15f245b14644,1.559,0.154839,0.192217748644201,0.7271474941231508
direct,a23e4375e78df8d0e7ecdbe73ef4323c,4.7477,0.440534,0.14836504112200277,0.6317090862557478
direct,a2678cebeac0a8c9cb2a965e75be701c,7.9115,0.854876,0.05303706168740797,0.655642707693388
direct,a2970be7c866fe33a2c59a4d90e63212,3.5007,0.361017,0.07722648326001978,0.7744587404196251
direct,a2dcea3f88c397f487d0ef3f1f8b9c07,3.3447,0.426669,0.2890390752289675,0.7789869311647006
direct,a2dcfb6f77a72be8a2b299c40b68f70c,25.5719,0.496125,0.23349494857154587,0.7753009352049729
direct,a2ee365a26f7ec623228b702032404a6,3.6118,0.16974,0.14092247156208204,0.8275551682365554
direct,a349baf8780207242d3c7a83a255982c,3.486,0.520534,0.0977606970828822,0.6497269200680267
direct,a3c7255f5ec832c3492d9da2668ec34c,2.7284,0.31344,0.5391944624957657,0.8156615964412502
direct,a45d9c141a0ae4a627afb81497348633,10.3128,0.460659,0.039891449990603116,0.7861197787106526
direct,a46e0c10f17f928ba2bc8d1e386113dc,16.1617,0.221315,0.0680722659802999,0.797767540828017
direct,a4b457c41180e0b9fe52ffd0e748a1ab,82.4242,0.42971,0.027840392885921977,0.7378245141540974
direct,a71d07ab8246c80391c352d02061b3f7,9.7427,0.353594,0.13471942523582095,0.6685180522510724
direct,a775a66a362089fdcb2a965e75be701c,3.5603,0.751214,0.039226393455062646,0.6902380438125861
direct,a85b9a3ace923e424721d5612f98ae26,3.6841,0.157092,0.14926846868977847,0.7570776769406689
direct,a969cd5e93fd389b3321831d2245cf06,4.4847,0.389121,0.08913386633779337,0.7060555369631026
direct,a9b7fbe4a8dd4d0c44f19502064e0a74,3.5261,0.226892,0.18695860892769225,0.7184396393440148
direct,a9d7e7bb4d72c52f1574d21c0c95092f,3.5661,0.58562,0.13254005236556807,0.6895016157837073
direct,aa619a9f4b2e200495ff232cd38210b4,4.2837,0.049572,0.20965610338282106,0.6675017644383521
direct,aa858f23b682f5616314c3b6a3a65519,2.6917,0.039087,0.23438674969588874,0.5661331637560756
direct,aa886bed91a13113d5498a74ca9ca78b,4.4572,0.190613,0.0838199044257947,0.6553712219867869
direct,aa88a7bb135e074e2056b4bd5d870b47,3.6089,0.802059,0.034140636405571446,0.7314180840469017
direct,abcac243e3ed325b34943af333340cd2,3.4142,0.47901,0.2265603464902937,0.6778616663130687
direct,abcb5dc91337f47682db9fca4b68095,3.7892,0.559764,0.0955956340679694,0.7684454335819084
direct,abdc4a823b1f78c397f47f3057557cbe,16.7379,0.146904,0.0820480250411592,0.7470471450182415
direct,abdfb5b2d82e555e3bd003e0bb7a3ed9,8.4059,0.110884,0.1886180147780915,0.7615417379626721
direct,ac2477b9b5d3e6e6c7c8ce3bef5c2aa9,5.2717,0.792006,0.022512620454924363,0.5072105906378038
direct,ac2b6924a60a7a87aa4f69d519551495,3.6929,0.300955,0.06615163924786081,0.6701741737450365
direct,ac2ea2d41c57d1075999f9ba82d15928,87.9687,0.088007,0.12362330724393221,0.7827661208652869
direct,ac52cf0b598e930ab38d3c03866c1379,3.076,0.204091,0.06833310483027487,0.7244768962336442
direct,ac7935b217aeb58e19ca41cdb396f36,7.6719,0.222097,0.4322341004462632,0.6466031667885294
direct,aea3c4f2687e97c92942fa3063963cb6,4.6006,0.093322,0.20580191713209636,0.7760396421111249
direct,aea6cef49fd3a6ab3af30a3946d92feb,4.005,0.503629,0.21459807944512269,0.7897939328472074
direct,aec1143f9e7375846555a8578c9b250,13.3078,0.834558,0.08866081661188752,0.7081352388147044
direct,aedb07b6ad73e3b759a2046f98794106,3.7615,0.124931,0.09976776715476661,0.6323455959294905
direct,afaa6975c6000ecc4c3aee8e9d3a6ffa,65.5441,0.454873,0.2300620559755066,0.8193119053938012
direct,b0604333bb40f58136c3fba5bd012bf2,4.4059,0.186257,0.14335640654848691,0.7043883529881556
direct,b0f329dc43af0fbd4da5feafe6f1c8fc,3.0155,0.35543,0.20286017160365935,0.7983069518597152
direct,b123bc34ca87b8f88be7c8c5fdb9bd6d,3.7294,0.183171,0.29365107361178355,0.768234099457867
direct,b14fa79d2a1efb586f7dd5dd40daa88a,4.1059,0.211068,0.1645687040566747,0.9362007053142778
direct,b16eae893bd12a87b8724a732b3d4cc1,3.9691,0.391498,0.11550874372903104,0.7958299609880496
direct,b19ff5aaa6a6940b412deb0d2b0f3dcd,4.0188,0.337858,0.11985816001751182,0.7541424708134702
direct,b1bdcc7bcb3148aaa23949c21eddef76,3.4965,0.374059,0.32102325055516917,0.6983119436034333
direct,b218e59af74f0be4ee9005feeed08b86,11.7744,0.625997,0.16014464732690534,0.6969525933446008
direct,b21af8271ab47f79c82ee199db6586b1,3.011,0.093956,0.1499007070134877,0.6735089981043786
direct,b296fbfbbe5dccf09c12d6260da9ac2b,6.4747,0.286313,0.19564201663462133,0.8287398565213763
direct,b3c8573a2d8b0a14c347936f40ef6857,6.7469,0.514986,0.09121184653353065,0.724671946622397
direct,b4d4338a36711ccdb113389b677f57ff,2.992,0.212117,0.3675256813592137,0.8407247661716942
direct,b56505eeac0de779289f8cbfc8541c14,3.4276,0.190758,0.4759857409468393,0.6949034929568022
direct,b63c554a915454b7a8481a97c910a7de,3.7284,0.053667,0.09327982976648881,0.6607576332505778
direct,b67d58cd774ebeaea480742f4529182b,3.3796,0.38136,0.19329870660883808,0.6889365424440229
direct,b6df9d21acef1e11b362845c6edb57fc,86.3383,0.450076,0.07702485033349987,0.7056424952898251
direct,b73da1e1a2f2f549d4d8765e3910f617,34.584,0.584012,0.01791033902179139,0.7345693828270354
direct,b7a9d8b469cb06037824b732b006daaa,3.4647,0.387405,0.23525903551096541,0.7245515044431033
direct,b7c366d9ad90bb8a847d09fbfad470bc,3.8019,0.461966,0.05820611647993386,0.7992809184219261
direct,b865f12d17532a3fdb24fbbf172c2159,27.0257,0.263864,0.23819118654712462,0.8218587517476862
direct,b93e07e84bdfd620f4000b62f164055f,3.7088,0.147154,0.031146954007321825,0.6715742999853831
direct,b94b76056a072784685e443e0ea51d93,3.292,0.231012,0.024500503539422513,0.7863525529761731
direct,b997659a319cae6369923f7b2ea9aba,4.3712,0.425914,0.04984507780390096,0.7345485544517028
direct,b9a6e086fa26907897eb0d3a9685d3ed,3.359,0.038542,0.09273417428117481,0.6474730063808719
direct,ba5e1671d26af2763c6c38b12db4d8f3,12.4677,0.162458,0.40923473562971474,0.7953281090326968
direct,ba86184fb4bd46a23321831d2245cf06,6.7271,0.521018,0.051916513545870284,0.7461546207334286
direct,bacb5f46add42da9a53649a80e5aff8c,4.6802,0.487616,0.010757698179449202,0.6059172376256711
direct,bafb5f206f100bffabd7f138f3335c2b,6.2314,0.171833,0.1289735874808156,0.7836559469820158
direct,bb551a5c33e3743297a999e2367a4a2d,2.7699,0.506153,0.08674915251866122,0.7495339395976852
direct,bb609567ff4d46a0a44768a940557d1c,3.2076,0.330713,0.5210010574711528,0.7976505659440103
direct,bba9c90254fb970b8dfaa3491bc0f718,85.2921,0.111738,0.07449232493236396,0.725800980761683
direct,bd06d7b322a2c65147367565b9fdaec5,3.9084,0.138015,0.12576455208691784,0.7958922137014334
direct,bd586b69c27f05c8fcb3c6c0ffedec6,4.6771,0.87577,0.05708595590257858,0.4050531452541988
direct,be935d47bfa0fd025eb64c1003065596,3.2463,0.424993,0.4997877002841033,0.7969592262715088
direct,bedc697875ba693676c18e71fd49c4dc,3.8364,0.187018,0.21078947683884583,0.7321351110001431
direct,bf57fe6a331137c2abaf316e4a957cb1,3.669,0.252806,0.4023875259547797,0.6350178516731125
direct,bf8e5bbe0e0938d98afd316e82119b42,11.2533,0.589513,0.012351580937885366,0.7685716009796545
direct,bfc242ae3d98762ece876412f61273f0,9.2176,0.177969,0.291609466906471,0.8019938974233684
direct,c01ecf4426f58beec3c7482d23c2379,3.9022,0.253525,0.583148691997204,0.7760679223557203
direct,c02b905c5d602a7ebfc2343650cf257,2.2093,0.088065,0.050921311690999796,0.8194374524445623
direct,c03e7f08edefc17a5b28ac1273e4dac5,16.6289,0.743805,0.09188864559114446,0.7274730156248549
direct,c08dacfd5dd248374e9bcf25298f80d,3.2273,0.466152,0.4605959808372279,0.8116300290484105
direct,c09fe6e32490f4511b17743c18fb63dc,3.4337,0.368624,0.2181591062293443,0.7710432746836683
direct,c150b150e25f4bd438f13d421c59f8e3,2.7406,0.185933,0.2857319605011284,0.6946922459020278
direct,c1b8d982d97e337f19fb4103277a6b93,3.7315,0.868075,0.09996581367454774,0.7380528634986939
direct,c1fd0e8de18620ba27e7754e513f7fef,3.3284,0.644027,0.024732953760336157,0.7160019716487184
direct,c2441f4ed9ee23984d44f5db04bf14b8,3.5655,0.148191,0.18070817080113163,0.697747787049033
direct,c2799e2c3f5845f22d42c1e28ea24b6e,2.9813,0.16437,0.1788219696108902,0.7229804619892432
direct,c28ec663f25bc97de8bdcdb326f0e57b,5.004,0.054472,0.08561490079284796,0.4796441219351295
direct,c2c0a205bb318031ed98cca8f0ccd5f7,15.6053,0.755238,0.04733013797108453,0.7439201047366758
direct,c327cc501312d1bab9492d4f3d8bee7c,7.3747,0.25086,0.05860529495458724,0.8041645117040738
direct,c3a90bcecce7f4817b6fd5468f603b31,3.5964,0.220282,0.48528887115810876,0.5422676495551441
direct,c3f92e6a78ad156863b2acb037dfbcde,3.591,0.58354,0.027286649840296974,0.7029883574819603
direct,c48e3ab1cc01521cdfaef96860d73193,3.4328,0.100066,0.07380413941540527,0.5774093118545581
direct,c4cb5bcb1a9399ae504721639e19f609,3.845,0.354932,0.26669565136313855,0.8349070328167801
direct,c4db384855e345009f8c3d2002c77ddb,2.8263,0.33375,0.29021988299492063,0.6573771615636917
direct,c50e814a2e40e78ce8784f880dac0f61,3.7378,0.1801,0.14239920992920935,0.7248538423665545
direct,c52531bfe9fcb17a87586c1eb104adc8,3.0616,0.160452,0.4123665088128948,0.8199211521047026
direct,c55a7e2cb3ab9aea8ca4aeb5e3b33af7,3.3622,0.385272,0.2389976785354215,0.7252255805437221
direct,c5de940102fa0cdb50da8b99982a3057,16.8232,0.137782,0.28218122718236094,0.7177214466366095
direct,c625f1771e40e374e1c27dfba919adc5,5.4386,0.253262,0.05793288860847286,0.621220515440239
direct,c766463a3623d0ab8a0181490cb73cbc,21.076,0.208486,0.14803224997440972,0.7293169960897353
direct,c79fc66b27a900ac842d08202a7fd76,14.4141,0.463871,0.06382251931660743,0.680291974128688
direct,c7c0c46ba87f11ca4c62bee40dcdc539,3.4327,0.379312,0.2481834112803324,0.8065492515471706
direct,c955fbf41e870dfaf0591fbec6fb99b,5.8832,0.731144,0.030680477502363565,0.5298131352290487
direct,c956fdc19b02782bb7a867e9b35a1295,4.6831,0.074129,0.1758413842856182,0.7226861421984424
direct,c9576be714b6cf2d219113a79b8c092d,2.9662,0.119859,0.6034415214427884,0.7146397014117353
direct,c9c6445740eaaa74a495c196d4f0cebb,3.3738,0.164129,0.2645766348737706,0.730049753383411
direct,c9d1159874c934f16f1b09a7281511b8,3.9038,0.068437,0.026273726580693373,0.647865818182897
direct,cadd6125bf30f513e10a48f2bbb9bef4,4.2841,0.622517,0.11329625743671362,0.755097353313938
direct,cb4234b5106ee84dfba786d6c256035b,17.1452,0.295827,0.5518777882790264,0.7090856619833007
direct,cbe802da10dcae19f155d75bbf62b80,76.051,0.248992,0.10085579348900439,0.7320196014159798
direct,cc98d2d5157aab693321831d2245cf06,3.6219,0.67369,0.08562973723766297,0.6910941100785319
direct,cece5afa11b5ea16d2096b2fa6f98cc7,3.3419,0.372028,0.26453293923385923,0.7257054716262822
direct,d06cf2129d36dec7a4f92840428bbcfc,3.2435,0.706662,0.05658915886155343,0.6431201090615971
direct,d0c3bf270f9e04eb362845c6edb57fc,86.6171,0.397653,0.06656170664028535,0.7573517481981301
direct,d0cc83d6fded7f1cc98c13d6112727de,3.2961,0.077546,0.20507074488491245,0.6692136723496898
direct,d1caf5fd22c6c5083892cfdb72a66fb4,3.6862,0.633871,0.16229724761024777,0.7427380866274034
direct,d1f70630a6dd39ab5c3e3ca6678c6811,3.4051,0.208849,0.11427872173134607,0.6867786222732251
direct,d2553e5fc4f1527cfeae521e94848af6,87.0966,0.550352,0.519160647712031,0.8038194007169478
direct,d26eb320ce4753d03ae1361afc45ac52,3.7195,0.105971,0.08532455906744889,0.6789303899273934
direct,d27d7e667c5ccd70cb2a965e75be701c,27.5106,0.728473,0.08620377928691265,0.6974145029700709
direct,d2a511578a387365ede9471c962dd6ba,85.8141,0.339272,0.11879545521363875,0.8381149657135323
direct,d2faf50d6d88dd0690baeef8ba5b93e5,4.6254,0.113379,0.07156233187021155,0.6123128936154608
direct,d3759f1bd6dc9652f51f77a6d7299806,3.3359,0.457757,0.39851961218367676,0.6991720744115018
direct,d3bd250ca3cb8e29976855a35549333,6.09,0.39267,0.21080878775825165,0.7568959188532134
direct,d4c492d7076b1e6160eeb9e113ae7397,3.6407,0.222796,0.041709434380249134,0.512178435740398
direct,d599d283cc1d2615a7547743355554a7,3.2552,0.191237,0.4701476863814104,0.7264094902460837
direct,d5ec4fb3e3a5ff31dd84b16d3edceb0b,2.8735,0.554554,0.3383759799005244,0.8036570759616707
direct,d63a5fa4070c41c87b0af550cd1619e2,3.4161,0.162041,0.21960466149261726,0.8330617685647247
direct,d6b3d8434fc41179db4c5469c0c1ba80,3.2529,0.336915,0.44820010921320774,0.7931406991553693
direct,d7de36db04c61722a52821bf1aa3b19a,74.516,0.319662,0.164381858531292,0.7956861463742148
direct,d7ed512f7a7daf63772afc88105fa679,12.4999,0.191701,0.23685381748967999,0.580127945077963
direct,d8d89fb14672b3893321831d2245cf06,4.6558,0.511138,0.09458422986978889,0.7155062476053151
direct,d9543e5f16e6574a8e9a0e51a554788d,3.5009,0.263767,0.19896592132464527,0.7746690413719799
direct,d9d1d7161c59786fb58d6ede2c134ee0,7.1255,0.128598,0.1612507292481777,0.7261663534654268
direct,da92767c2e0fe6bad5067eac75a07f7,3.6635,0.933234,0.0370059401118221,0.6654795733425365
direct,da9317e5776ed22b732bda87f2718525,3.3867,0.422007,0.18609372336478452,0.6894159900420126
direct,dacf794f991fc0173e9b7c3ab7636200,87.5691,0.161605,0.022465173850353414,0.8034325233276477
direct,dacfcd3de6bb08e4d2b12aa6a0f050b3,89.5376,0.202552,0.11668293837857999,0.7362190309643366
direct,dafcdefea7e1445edce1af5c27e3da18,5.6864,0.458842,0.016290618632822985,0.8367339499199757
direct,db4c8bf323465e4c537d393009a79347,3.7084,0.11089,0.06022297758915981,0.6025599831307996
direct,db90e043486f216ead1d87becf13ddd9,3.6874,0.846589,0.0845240555697365,0.7109930282757807
direct,dbb5cc73da4780feed98cca8f0ccd5f7,5.8143,0.747204,0.064353788209212,0.7167510574750879
direct,dc4857179ccd30ad5067eac75a07f7,6.4152,0.521511,0.04902058381490921,0.644984705293741
direct,dca4c8bdab8bdfe739e1d6694e046e01,3.211,0.392503,0.2917185568423261,0.7889050381777402
direct,dcb9a62d5ef76f389da15808191f1405,3.6502,0.225759,0.07597664186999972,0.6573381476689656
direct,dd4cb99f1f210b196e25f3efedf6785f,5.0234,0.192419,0.23247508372898434,0.8032617231389476
direct,dd932656e7f1d74452470de2774d6099,3.633,0.173485,0.1883370855782283,0.6967192957662849
direct,de30133b2550826647d37c7945792fff,3.5744,0.064467,0.4377928148570445,0.6592164874066957
direct,de519752147a225032387cdb9b2a84d5,3.3381,0.167567,0.09105241125915314,0.6112055747111473
direct,de65da5cdc92b4aebc0909d98a1ff2b4,4.5311,0.126466,0.1408044765371124,0.6439435565714666
direct,de68b68a234de1a0ea2f8efb8b3faa3,3.4053,0.400604,0.11031466158927727,0.7653914367276344
direct,df67f38c55e4dd0b3321831d2245cf06,3.8493,0.418065,0.041537391671673536,0.7403499729597177
direct,dfacef652f7f414e4b88ac4b14fcb8bf,3.2249,0.15722,0.16007254316340438,0.7066639556896347
direct,e02ea2b2d926095aeee40229e2e3ae1e,3.7163,0.081789,0.052125468944921316,0.5578699723243299
direct,e143d40f9df57d92288d8f1144f7979f,5.0536,0.249598,0.01296886309685945,0.9151025357389706
direct,e20a4db61eb83e2cac27179ae57fd682,3.2672,0.411239,0.31984582244244136,0.7858423297600311
direct,e28f8467945b5d526070f6b7b2547ecc,12.343,0.710678,0.10629787551338632,0.6769970054351795
direct,e2de47fd0e63a280490ad276cd2af3a4,3.5314,0.131425,0.451205686235118,0.6901504505507503
direct,e38201d0af98e566ba85a673915bd3d,8.4745,0.106991,0.2329192291829228,0.7754174066475066
direct,e4cbd9d5a9c5b7d241cefd10ce5d6cc0,2.8226,0.156723,0.23452428063615285,0.6807272081294691
direct,e55f19a6d411966c6bf2e668f01c16f7,13.6366,0.842132,0.06394041115538071,0.649441309096231
direct,e57aa404a000df88d5d4532c6bb4bd2b,6.9305,0.184803,0.049233122605455856,0.8276994933929747
direct,e5d292b873af06b24c7ef5f59a6ea23a,3.8481,0.132329,0.19119082967059095,0.6749625097552363
direct,e5deab6728f237a6fc7703ebafc3f082,49.4761,0.233661,0.11334015074111894,0.7570618370130837
direct,e696c5d9b42ff5a0fe52ffd0e748a1ab,86.491,0.425689,0.05913000909712443,0.7378268097629548
direct,e70ce62b41a598dba48aee3bc134fbf8,6.2615,0.266197,0.33442206230271787,0.6212930329392207
direct,e7c330f4c4421dbb24e49a3e82c3d033,3.3912,0.086629,0.061477014630419276,0.47806278914014744
direct,e878e519af882f493fc48162942e3418,8.2148,0.26742,0.1548972191558662,0.7855805942688491
direct,e8838770de9a6e4595feea036c244c98,3.488,0.505239,0.060370906476956566,0.6152816053899025
direct,e90e27c3020d25dd76bb31db0358e9c6,4.2218,0.460053,0.03701257247609881,0.7445686217876953
direct,e941e1929bdc87d5ad876645af0395fd,23.739,0.678584,0.08506790240657852,0.6716128747619244
direct,e9dd4e42bc49b8c230a8c472227cd05e,3.5427,0.178523,0.2771220459084212,0.8398233461101116
direct,ea7d44b28bd22258f5ec01c1dd7b80e,3.568,0.471786,0.14482959603951184,0.7401924837449831
direct,ea885955cb82b3cee074faa875b76f82,3.6464,0.328327,0.4794716500520424,0.8393287104232809
delegated,1074bdcb3c2032fe0f3f8b6e1796773,64.7206,0.424478,0.2636404349309011,0.7496867329528036
delegated,109a19840a8fbc774c3aee8e9d3a6ffa,89.9964,0.739352,0.3840461931193283,0.7204701549506902
delegated,10b54fe832a00c3ec59350d819542ec7,79.5825,0.178735,0.37212044283535906,0.6992937602989251
delegated,10c484963692d3c87d40405e5ee68b4f,89.9975,0.857746,0.45812134965489176,0.7553362156131945
delegated,11224ef64e1702b412e0c474ff07001f,90.0,0.312678,0.15664493352342312,0.7251410906534798
delegated,115aa37af1a07d24a5a88312547ed863,13.6521,0.138031,0.2245088998983677,0.668751574922749
delegated,11ee3844cf96c7194da5feafe6f1c8fc,87.2858,0.110779,0.14508836102131972,0.8162111752013509
delegated,124cd036611b65b514038d588fd1342f,89.981,0.958993,0.47964956452696156,0.6398237608748876
delegated,1298634053ad50d36d07c55cf995503e,1.9893,0.096048,0.10480788936187263,0.815355221656313
delegated,12a5e976e028409ca67ac8a08d7e171,89.8981,0.077308,0.12132707917542757,0.43761198209386803
delegated,12ae14d584758b4ee42c56c78fb88524,88.9962,0.092968,0.07818826008827075,0.6848992378161983
delegated,12de47490769694e490ad276cd2af3a4,89.9896,0.818081,0.40912623746734894,0.7664104537634209
delegated,139478e7e85aabf27274021d5552b63f,73.6286,0.472773,0.3700458786117207,0.7560908344411353
delegated,141616a00df67c351082f2ea630bf69e,3.7285,0.190963,0.08122823004960736,0.6479993774037132
delegated,1422f82a72e0b7f48ae1c1abea367249,15.5738,0.755994,0.388530597019768,0.6829539143130486
delegated,1445e30aa2d3212db6a78dbbcf2e408,89.7082,0.473312,0.31418545909878964,0.7408930756020288
delegated,148638f9a7c72ab55a0e5699b3040a35,13.0488,0.335075,0.22157761946328255,0.7310246653646598
delegated,151fccb37c2d51b0b82fa571a1cdbf24,89.39,0.017901,0.022612653154600794,0.5916996547505955
delegated,15cb1696b45ef647dcad484e89744ca,87.3756,0.137259,0.17406765730834486,0.7636339326131236
delegated,15e2d1fe9a4b28e68fb8c03013603b0c,89.1031,0.22457,0.15135766891587146,0.6898210455426965
delegated,15ed07a6b7265f802056b4bd5d870b47,56.9906,0.119764,0.238236024695768,0.688808959216342
delegated,15fd978b59889cdc30bbd4cddd04c77b,10.6822,0.222747,0.20171893552423775,0.7582289384822096
delegated,165c00d292773865ae6eaa32356aaf3b,18.7887,0.300079,0.2101468113864197,0.7685657249673462
delegated,1676f8b995b976e5824662341ce2b233,89.2819,0.3832,0.2622024339349784,0.8133097114664226
delegated,16edf6f6574568723f7198a00163bb6,5.4144,0.150967,0.04066934251091486,0.4816161746031939
delegated,189c1ffb58c74c3bccd0340812259a39,88.714,0.229031,0.12815240144431428,0.711303176150164
delegated,18da35f3835f75bffb5c1b0f759e2bc1,14.6394,0.086208,0.0459494540590783,0.56949238462586
delegated,18f41e91af76c77de25f00a04866d020,82.732,0.096039,0.35906180032174634,0.5429588058582309
delegated,190cb7264781df604da5feafe6f1c8fc,86.9359,0.238174,0.06289225628263374,0.8190198614382053
delegated,193572f57626a97c65e6a15e0a997e5c,3.3935,0.127733,0.13240583792397725,0.7143950008674022
delegated,193fdf550fd5f12f446f92b52bbd82a,3.395,0.087506,0.30473041392273686,0.6741561396926764
delegated,1a10879bcfca0534f8bc1f8036e08e44,21.1681,0.381746,0.033795938845962575,0.7296902777728252
delegated,1a3a4611409e306c1a832e2972cd1e0d,4.2867,0.099306,0.26087644746493277,0.7735118180173786
delegated,1ad4c572e0fd6a576e1e9a13188ab4bb,44.549,0.25127,0.37906285347989666,0.7290234897497285
delegated,1af852e72c44954b8bd91d7cadd7c123,1.2917,0.083926,0.0920218384380131,0.6788627875607672
delegated,1b80cd42474a990ccd8655d05e2f9e02,87.9162,0.07922,0.0330463953785531,0.7182500995492781
delegated,1bace34d2c1dc49b3b5ee89f1f802f5a,86.5584,0.275633,0.14658651666262015,0.7453273761609568
delegated,1cbfb1c063b34ab4ab379c9b5bf12bf8,6.5152,0.086445,0.24684754936465825,0.5877756686083453
delegated,1cf9f1ead192b6c9824662341ce2b233,88.3196,0.21834,0.1711065836803504,0.7477058841841072
delegated,1d285f3bc7767bc8b4cdad9a5bf52dd5,4.0182,0.048032,0.2524651274396391,0.5505032192908298
delegated,1d527bbed4d12817fa3bb91f4e3cd35f,3.9219,0.1534,0.06521673550691019,0.6272304161081053
delegated,1d5eb167825bacba688d3cf9b52f4662,4.8823,0.145833,0.1606424855040657,0.7625085322148318
delegated,1dc8e88da760f186ccd0340812259a39,59.6352,0.25897,0.21299710136144998,0.6973361820141937
delegated,1dd3f80712873a638f6095a93258c867,1.0501,0.635227,0.5988354464565913,0.49057289612943683
delegated,1ddcb6107e5b08f39206ca9600b83578,89.916,0.460551,0.30417430507636944,0.7394342849024268
delegated,1e18f136798cb3f0c59350d819542ec7,86.7007,0.116316,0.005092183394076164,0.7556417218147538
delegated,1ec5e12f2b5684a24da5feafe6f1c8fc,88.4536,0.26197,0.1449818743184713,0.8148613843280461
delegated,1edaab172fcc23ab5238dc5d98b43ffd,86.4823,0.079896,0.07096353454251728,0.6146228133748652
delegated,1f4b16094bd83af82d2d2896f4b277fc,74.3098,0.683967,0.35613535082506914,0.6739442755654258
delegated,1f6046149060eb81cbde89e0c48a01bf,89.5837,0.391716,0.1865206313552237,0.8451155157625533
delegated,1f610516a159e0ce8916d0991ded06e,77.9285,0.502608,0.2700404452917036,0.6998522552665635
delegated,1fb2be490f45ec6e19fb4103277a6b93,13.0866,0.261418,0.2127879634897889,0.5988674414791066
delegated,1fd1d459e79ad6c1c3bd24f986301745,89.8299,0.274517,0.13727427624281224,0.7035667028623426
delegated,200c5297948bf57f6b448b8aaebb705c,88.6116,0.276701,0.1414883821820369,0.6749481172312869
delegated,20bf71868949fba4b445ec1f6a39e0b8,89.936,0.150231,0.1461102579516592,0.7648928656943653
delegated,20f41c44148871104c3aee8e9d3a6ffa,90.0,0.721403,0.37625702857731785,0.7317860567430825
delegated,21224eab2d099f5012de5317fe5b354f,87.1179,0.127885,0.19585748369072709,0.813239012158207
delegated,2193f3624198ede23f0af1eceae2dd4,5.5585,0.037767,0.1932266920295058,0.6183000598396879
delegated,2197384551252127ecb01d351e78a9e7,3.3137,0.08479,0.09347575765914963,0.6670742982992528
delegated,21dcc3c0485b43136473d8f2b21437da,89.9968,0.594337,0.3067711629710094,0.6760135976097246
delegated,21de0761d0f8f2f9342b2a88bd008cbe,89.5131,0.490775,0.2529029737803428,0.8725425108092428
delegated,21e7b25522c63209cb2a965e75be701c,39.922,0.252729,0.2479415928963236,0.6912332001246313
delegated,21feae1212b07575f23c3116d040903f,4.5634,0.09374,0.08082248882385629,0.6728466300615529
delegated,2220c6ade811851cc13e020d985215e3,89.8766,0.375081,0.18490983904242556,0.8491748988317388
delegated,226078581cd4efd755c5278938766a05,86.9607,0.056386,0.29676757854563557,0.6145719415157116
delegated,2292b067ccd1bb2dff93e4ecafd3dedd,7.527,0.163304,0.19515416413768352,0.7056138118360039
delegated,22e77a41cc388839824662341ce2b233,77.8844,0.389294,0.44919635345861253,0.7346652564605072
delegated,230a85ab57a15b90e074517a246f1e65,89.9716,0.165284,0.15958449712612272,0.7401802307214652
delegated,23325f47d2a812351165bc0a3b02b27f,20.7816,0.227345,0.05442166489015351,0.7908145171392114
delegated,2336a8ba5ba8a9f0ce029fab54b6cfbd,89.9821,0.282441,0.1416525374105876,0.7337738393390149
delegated,2346b4f87a4f683b92e6829c9c63f7e8,86.7494,0.285992,0.139829155858875,0.790167708084789
delegated,23b7a3961eda17df4da5feafe6f1c8fc,89.7976,0.882976,0.45227451572987254,0.720287527835999
delegated,248ff0771f1eb286f51f77a6d7299806,89.9993,0.558463,0.34183490824903673,0.7457155490363118
delegated,24beb61e46bf6b1970d557f49392fb1,78.5652,0.081479,0.07634567685999077,0.7120362119678953
delegated,25182f6e03375c9e7b6fd5468f603b31,75.295,0.140013,0.4707928811162385,0.550663897642085
delegated,2544d05396cf1c91bc19762eaa7ba40f,87.8137,0.299334,0.22374939198140803,0.7038660568405619
delegated,2555c9df5fa919692250bf58700b4d8f,86.7649,0.15201,0.07218820251610172,0.7301882844188664
delegated,25709b9ab8facc1b3321831d2245cf06,19.4716,0.279951,0.10366181136178047,0.7481020323672004
delegated,26325f047537acd3f155d75bbf62b80,86.3596,0.227306,0.23632652240606933,0.7385207903786523
delegated,26979d498a0425b6f51f77a6d7299806,89.998,0.672889,0.3558537256259598,0.7046509084141056
delegated,26e186ab10abad8ee6873d49607c1f87,6.9303,0.125772,0.4619847479208007,0.7991512293271786
delegated,270e25863ba6098b0a04bc414beaa99,6.2779,0.398426,0.020949892308512477,0.3440481988940625
delegated,2726971c1ed929eaa733727fd41bdb33,87.0616,0.057493,0.4987920819380852,0.6933651458996773
delegated,2731687dd460a263d8eae9bce48bbeed,90.0,0.043435,0.14238653645220706,0.6699922776419451
delegated,27c3e5b2656c50f7cb2a965e75be701c,85.9915,0.199757,0.07287430175336541,0.7259312777369255
delegated,280553e975d6b79fd2b12aa6a0f050b3,74.3947,0.313135,0.22782698929205333,0.7305583105167243
delegated,283a115028fffe6e4e67e2e8459ebde,82.9279,0.222929,0.2954866043219619,0.6607461203604861
delegated,287475ec16f5b7477b636e5c31038bd,89.4361,0.238726,0.1358884115407613,0.7290997810603298
delegated,28e7fd7a7a5ee8787d3ced6148bd0a15,89.9869,0.968687,0.5164744879499805,0.7234784194124987
delegated,28ec688f444eeb4a394b1e418d5c594,3.8743,0.332084,0.12362774946513481,0.5916988734729752
delegated,2902b377edd4b48aa3a0c1cc16d124ad,85.7035,0.229869,0.08285491143863942,0.8105765780968652
delegated,2912f56d135e2f97b20cb946bceb58f,32.9659,0.364569,0.33367186803447724,0.757159203770264
delegated,292353a763d0870432af7736a533c197,90.0,0.426241,0.2208561673866765,0.7137484580903298
delegated,29aaa8f337632ec125fa9990176f0d5,88.2056,0.358018,0.22181596023797356,0.7682793158289255
delegated,29c6f3ce118576724da5feafe6f1c8fc,87.1728,0.119407,0.07466511517353518,0.8130668867012958
delegated,29c7615460f943a36ca2b6e5474aad11,4.6718,0.144944,0.117594413207768,0.7038787674760397
delegated,29faa40d5c0a65a576e9713f57a5fcb6,88.1335,0.755342,0.38420155836763764,0.7887260423314669
delegated,2a3297e263d9931b814465edb1048711,28.378,0.304152,0.3623312734324147,0.796494841663301
delegated,2a89a00cd90ca5b844b1f4461f7a073f,3.9936,0.138082,0.25690652790003415,0.832730475513407
delegated,2a8a8ffd2ef41cef20768660cf080d12,89.9971,0.482501,0.25294832396732114,0.7897508614127386
delegated,2a9fe1253f9433d1a2651abaf391628e,2.8971,0.060559,0.19189072841648178,0.7151299384927882
delegated,2ab4f9bbdc17d9cd618e9d35559b7aa,79.1936,0.286042,0.13646056966453932,0.7609380229821993
delegated,2acae4f14a734f4972cf25af66dc82ce,4.2553,0.266839,0.2103141070604509,0.8231984880117568
delegated,2b25e49c58ae0e292056b4bd5d870b47,84.1629,0.213425,0.10014877159080335,0.6983038283803187
delegated,2c08b5408a7ee4da98cfd47a860803c5,21.2083,0.288838,0.053205737617983195,0.7496691694405427
delegated,2c76c171562f6bdfd4d8765e3910f617,74.617,0.255911,0.22904049079413696,0.722972507035845
delegated,2d1e8858446d1a32d2b12aa6a0f050b3,79.1516,0.165386,0.23345208088904165,0.663963308790905
delegated,2e28fe9594c48874a6eb1dae0394cf12,44.145,0.418823,0.24070594487788216,0.7787503560247159
delegated,2e78dad09566bdcecb2a965e75be701c,52.9263,0.212375,0.10594708539471019,0.7175317648632371
delegated,2e86a7793af11e422d32966c67e5becf,8.8291,0.187,0.22308395001036374,0.7292829460311993
delegated,2eacd8302d46093ee138e561e8f9c254,70.0373,0.304879,0.2046637990121526,0.7852160635774315
delegated,2eb7069d227393558ea0068b966c5177,59.2852,0.397308,0.20783010113022654,0.565820411566811
delegated,2eea9c22b37967006e40121acd58a004,85.3536,0.319764,0.21242298878123628,0.7126915321518562
delegated,2efb3ad49fa103b1cc786970133d7717,71.8422,0.154959,0.4306651403850714,0.5642340660825588
delegated,2f6da348147cad9c3321831d2245cf06,23.0426,0.311489,0.11920390861750488,0.7586379879929789
delegated,2ffd2e6d1a55bdf44c3aee8e9d3a6ffa,45.2811,0.436762,0.23994305058305088,0.8197453849355586
delegated,302c64b3f9d0e0a3961c690e3d679ac7,87.1409,0.189753,0.22175007780345926,0.6144639277043272
delegated,303555f1c5f4cb0a1082f2ea630bf69e,3.7391,0.202948,0.0662207200388626,0.6352577177536496
delegated,304d18039eb8f78cb362fb9a75ddde8e,43.1224,0.317331,0.19786737710671393,0.6897134933717178
delegated,30e536833dee7cd8a9d21767a2141a63,2.5509,0.101279,0.33750549159578763,0.7194356805124542
delegated,311a3ef41603f86c3f51596dfebf9893,3.4188,0.187931,0.3136521998564911,0.8051779591899095
delegated,31227f3fc286c00714c06184923f6962,4.1101,0.184476,0.19536010513649063,0.8546067133858273
delegated,31a85a1a9bb22c3bf1e23636310b7e7a,89.9871,0.042509,0.049666204040336163,0.7409715529919316
delegated,321f8b85785f082685e443e0ea51d93,2.3733,0.135706,0.383286049250873,0.734178180212659
delegated,3279edef6a631940ea41b93204b74265,89.7004,0.263082,0.1992720054518142,0.7929163441664034
delegated,32a9329c11b5c35d4b3c42e318f3affc,87.3273,0.707769,0.3867345639946869,0.8122717812770267
delegated,32d06518fd07df9bcf004563556ddb36,89.2108,0.442239,0.22679139928491898,0.7560219619819845
delegated,33ec57af7f648994da5feafe6f1c8fc,33.7656,0.263732,0.08813904348372202,0.7525240644800381
delegated,34128cd8b8ddbbedd92903da5c4b5ef6,89.5418,0.237907,0.3189067413412033,0.7753169922526327
delegated,3475657660a798a155590b0eedbb2f18,36.307,0.363922,0.30694238581256494,0.65513157923711
delegated,35462b6ea0597bf555e8ddeaf1791474,88.57,0.300297,0.19805137154031466,0.6766929051627688
delegated,35617fd7ece26150ffc6e457221b9271,90.0,0.335086,0.23761917342359096,0.8093897456287068
delegated,359b6d3d29b08dfe19fb4103277a6b93,81.7542,0.254794,0.13283417044652676,0.7554464064688334
delegated,35a0ea7e7f9eac13321831d2245cf06,86.2595,0.0432,0.009949151007379862,0.39257503839499747
delegated,35f6e6a770258328c7667da8fd923578,35.1607,0.324963,0.07823774697023919,0.35797364240439566
delegated,366db933a2c99444f4fb4dee5181bee,82.0143,0.471852,0.24249945933165906,0.7840568920100637
delegated,37325d57c8ea891ad77ea5e1afa5bfe6,31.9034,0.323938,0.49411628038638433,0.7969861460012581
delegated,373ae08d8903dc10ba929f7d2edd1706,84.5263,0.126462,0.017217844952552384,0.6443112323855186
delegated,3761d6523fb9d7a73f7e27638e63d848,82.8154,0.156434,0.3597990201004065,0.7323517105647359
delegated,37e5fcf70007bc26788f926f4d51e733,86.7332,0.170165,0.42017473730373894,0.6308042944584418
delegated,37fbc4e7c9e46b602b5631520b7d94fe,73.6066,0.224858,0.3845236225030028,0.7291611107984596
delegated,382b1b947fba964dc1def5c6acc12bbc,6.5003,0.047377,0.10438815866801023,0.637090587303156
delegated,382b6f8e93e1f576149dc0f3c5ce899e,55.8311,0.114582,0.5040630042932552,0.7356294345950487
delegated,38441b4582f29c8cb2a965e75be701c,19.0044,0.216458,0.0386787826351331,0.7414645742977923
delegated,388d83f25e045007efe85e37dd46e84a,86.3243,0.236821,0.22264962009693107,0.5879888034323643
delegated,3891210a28be585fb9ac96152ab66583,89.7879,0.217145,0.18159885375716875,0.7629548610982356
delegated,38d4d7313a3698704bbe1e20736de8a2,73.6481,0.222415,0.1762883540838638,0.7319870557378299
delegated,38e367e4421ec3cbba70cedf91706353,88.3254,0.18971,0.2357927611520623,0.6970416959721145
delegated,393ca71bd734f3071082f2ea630bf69e,8.3701,0.199678,0.11636160938497726,0.6642058154021095
delegated,397ac4bbb11796902d92929fa159facf,84.2294,0.244653,0.11620030164012533,0.6173982269669562
delegated,39904b25a6d2f13ed4d8765e3910f617,86.3914,0.273112,0.25116610116530086,0.5851884354054563
delegated,39b51f3a6e8447c3c8a1a154de62786,89.9845,0.36261,0.16193999398058137,0.6495216183455421
delegated,3a1915451880215e9bfbe8b02639d1e9,84.4875,0.228508,0.24722156142910728,0.6332271028025169
delegated,3a6ac28f247a30146d812a3e2aa98a91,13.5906,0.623587,0.3128630364814053,0.718426921788928
delegated,3a93bccaa0b3161afca6ee915b120ce0,14.5031,0.165863,0.18824624130765757,0.6767748169063789
delegated,3aa8876d86cf481d3fd2d4d929afab9,1.9775,0.445524,0.31257410668087493,0.8090436694623021
delegated,3abf9811f26c9752a9b8d9d3b5cf54cc,89.9856,0.157429,0.16151182463793037,0.730778852481403
delegated,3b01bd24d47245289159eab9ccaa73ce,45.9577,0.29607,0.31329986911396696,0.7206709249206124
delegated,3b18e32e6e0c5942d4d8765e3910f617,9.7302,0.740128,0.36780482609607634,0.7382249737918971
delegated,3b2bddb0e8ff57c85831a0624cf5a945,84.5458,0.464785,0.23815147435838618,0.7537480257224095
delegated,3b5e31b2987f158e9f46749e28e16975,88.5348,0.274232,0.16383251858769524,0.6655212373275702
delegated,3c1f9b42e848c740c59350d819542ec7,86.7525,0.10106,0.1474089695282229,0.7541207022995497
delegated,3c2a50e5907b0fb64da5feafe6f1c8fc,14.2083,0.22407,0.24736261652057495,0.8007756421820261
delegated,3c45d466c7e1c27367aa983983f9bf36,87.7144,0.148949,0.18126992002205294,0.6417108538449503
delegated,3c855f2a52d5e3f63c8d0fdfb1cc2535,85.8924,0.019784,0.434864160657314,0.7037164762643978
delegated,3d0e93c7aeb06cfccb349a60fd15aa15,82.8277,0.197517,0.220591270842532,0.7010712017690148
delegated,3d2aeaffcbc6f0bc41cefd10ce5d6cc0,32.0454,0.207116,0.179701288554483,0.7083003229520751
delegated,3dac0fd995c747ab336e8bf2357c029a,71.8236,0.372625,0.19987449057696294,0.8135271183129074
delegated,3dc60bce3e8d3ece3077dad41839c251,86.7696,0.247099,0.10261588366448654,0.6687248732810733
delegated,3dccc5e096aa99e4fe2ecb70903654e9,3.8202,0.129503,0.18510464516603234,0.7860575045453165
delegated,3dd8c11bc608441f1b17743c18fb63dc,89.7045,0.531878,0.27238270763879135,0.8747086922579962
delegated,3de49fd2e80f8c95c97cfc3e8a6b1d16,89.5969,0.112197,0.1644303700847586,0.8083784668262864
delegated,3e2a452e802b178eb72f1eb118b6fbc3,85.941,0.085922,0.20478586792327044,0.6823749838867911
delegated,3e2a8aab3ad459e5f446f92b52bbd82a,6.0088,0.150376,0.14446560949396595,0.6918298368074053
delegated,3e59aa33fcf672b8f4fb4dee5181bee,89.8299,0.234933,0.14753953452075272,0.7557356649468032
delegated,3e760133301353a147cddb7c026e92eb,17.6871,0.224038,0.1381677445380201,0.7112100728712663
delegated,3e8165c41c526ea45eb64c1003065596,87.2664,0.171376,0.07075926507179993,0.7325181148104396
delegated,3f058be47b5d4cf353c1d159a8a8422,57.4446,0.337575,0.11995692680733354,0.7354319783186348
delegated,3f14c153dc861c0990453a996fcb7627,15.7367,0.161086,0.16409263222791032,0.7304934381752528
delegated,3f51197359289bf839d3717288022c20,87.1115,0.373864,0.25988815146903377,0.809253781375137
delegated,3fc831f0c69c981048d189f942cedc62,85.5098,0.222352,0.29811104974317615,0.7616762610043059
delegated,3feb79684658db043efeb398bf800e80,83.5447,0.242043,0.239632744691418,0.6645629962340106
delegated,401960cb8526894f4b8710a3469971b1,84.2338,0.14372,0.49196518178159154,0.619986156771543
delegated,40279f85fc80e16edccc47bf0dcf5d3,89.9829,0.146645,0.15789624488070692,0.6409403505655723
delegated,407a485c7d711903ae25f6fe802a8997,83.4139,0.440478,0.22804996468782635,0.7471614394421011
delegated,40b48121d1879be2ee0605a41c3320d6,89.9982,0.295675,0.16911546618544473,0.7094656805383364
delegated,413f8963de404dd6c3c1160502619061,85.6114,0.463061,0.30987827515270916,0.7724331113882806
delegated,41a74616fe8dab5f88b61e9125676b2,66.6497,0.272891,0.1479189853953654,0.694621431745067
delegated,41ceeeab52fd3ed3a341228b21d337a9,86.2806,0.266889,0.09974253029274574,0.8294303412903015
delegated,41da6df6f2a4e48b5e4e23ed78187234,88.3138,0.044367,0.03939333691202542,0.5049488271385926
delegated,41f9be4d80af2c709c12d6260da9ac2b,89.9869,1.123689,0.5679470168807228,0.7501059247844833
delegated,423d14787208578580ff80bf789cd,86.0218,0.22979,0.22900896307100435,0.7255395513795563
delegated,424d411c37fd30384f224d639c7b7c72,3.1118,0.171987,0.27662420816121686,0.6803608096149915
delegated,42c74e5da10975c13af30a3946d92feb,71.1076,0.280171,0.13314551751441464,0.8256928002529146
delegated,42fa87cd27edca9efcb8d8c6d4df8143,82.9076,0.631051,0.3147521891311465,0.7712897705905792
delegated,437d1c161da1b9fc57e4c0b864012bb5,7.2034,0.27725,0.03702764305781067,0.7280473575661627
delegated,438b2dcdbd25a93dea65c47b660136e7,14.3557,0.327733,0.1348306433452091,0.7500060622641928
delegated,43f762270b438fe618a36258eabc2b9c,26.9598,0.247152,0.15510280636060425,0.7760312998338283
delegated,4421883492edac988075e9c7f3d235af,2.3159,0.04584,0.22773848149211862,0.5068535500913307
delegated,44571992d18375483506f52bbfa5b648,3.1719,0.184023,0.17953815539302545,0.6393237746919626
delegated,447ad1f23f96171f8d9b3c3ef984857e,87.8725,0.152835,0.14229426113693605,0.7098959449053608
delegated,44a50dc1a9d8a8a65144962e2c20b832,3.7105,0.096941,0.18932990363351426,0.6054042881229599
delegated,45342795c9bf86d94b8710a3469971b1,89.9725,1.182344,0.5926625702916526,0.6688624375248506
delegated,45c91d543ef3c1a829a50a2b3c5e5b6,80.8828,0.383387,0.17043494212766247,0.8149992385551912
delegated,461441f5606348f3d88a3e0e92891ad5,35.4953,0.373387,0.6414475653251578,0.7635707149191991
delegated,468a110ac6ede4507d11f9fcb943bcf5,86.6737,0.088064,0.42549620904895336,0.5980587044779794
delegated,47c0481747741fa247367565b9fdaec5,8.7992,0.093428,0.08040874804371304,0.6674272389995122
delegated,47c33af88f4926676213fd2f62884e62,86.11,0.275533,0.40391392761661193,0.7929549750544294
delegated,4814cb73a71235dbf155d75bbf62b80,83.7834,0.123051,0.15544951927422326,0.7273014047963918
delegated,481f7a57a12517e0fe1b9fad6c90c7bf,7.2223,0.088648,0.20119019238992047,0.7495595162126656
delegated,484a49065ab1430624256fd51423318f,4.0377,0.125253,0.0798703082172473,0.6827458754585595
delegated,484f3660bf095e6f2b8a1a2aaa466160,89.9986,1.024804,0.5327751873798926,0.713140950959712
delegated,488b9ae283b800b282ec895e014b9eb3,5.2272,0.176716,0.09054488496510908,0.6533252551943038
delegated,48ea3558db137e87ad5067eac75a07f7,80.6631,0.094943,0.1331427978493339,0.7629437988193224
delegated,496f1d6cdd0a0aa247b74f4d1238a1fd,71.491,0.279753,0.227060066079976,0.6867421550199978
delegated,49ab2a5a9005eab9d2b12aa6a0f050b3,86.3837,0.272395,0.23354437506929251,0.6871533631088358
delegated,49b69d5e4330ae2457b1c0b6d5084bcf,83.4477,0.153138,0.2744252406169143,0.7218283527770002
delegated,4a7e3ca704e59439b362845c6edb57fc,7.2388,0.236365,0.02538253429402569,0.7810962800878675
delegated,4acadee1dadac64e4b8710a3469971b1,73.2884,0.139472,0.3963219682964408,0.6501603892499923
delegated,4b079b2e510fffb8cb2a965e75be701c,85.3507,0.197184,0.06523510200690885,0.6924315592336852
delegated,4b38f041ed60b99f7fe17e97940646fa,89.8822,0.21636,0.11221819693938173,0.8227261379806432
delegated,4b495cde98399a83d4d8765e3910f617,89.9974,0.187899,0.14835439147707508,0.7203816457691654
delegated,4b715a1f611b30768b45d2a1081eca04,83.934,0.210773,0.23025675868182846,0.7038191780640437
delegated,4b80db7aaf0dff0c4da5feafe6f1c8fc,88.9101,0.496466,0.31274363288815943,0.7744737523638887
delegated,4bd1e17e8bfe8d5622309d9bc2301ff1,9.8254,0.619501,0.3662079911779977,0.6364062407872639
delegated,4c68319a9f02d3909807fae46dcfc049,70.0093,0.181431,0.23290663524207367,0.4080229110438553
delegated,4cf8fd9b396d0d24868bb660c8b7e409,80.5651,0.189833,0.2720840593092955,0.5302997755696686
delegated,4d033564f0dcb412afac285245c66df0,83.2567,0.092404,0.06035010742386153,0.47968368891092994
delegated,4d38a3e7f051446a9b5ae2fb66e1e25c,89.9633,0.166641,0.1392198256336544,0.7619210704556811
delegated,4d79731efe402b0d635469b95109803c,51.2129,0.371471,0.4186207844773566,0.7526568789756914
delegated,4dabd28be1615419546a56a24fdd418a,81.9872,0.173259,0.277302617344996,0.7323597482516192
delegated,4e1fdafd569814c241cefd10ce5d6cc0,83.3946,0.229596,0.11516694799132972,0.6437246827320082
delegated,4e31ddf3828a40f3cd525309aaf63a44,2.7349,0.033846,0.3921851978026798,0.7286067947166264
delegated,4e43690694133a65e5ef38e098c46afd,86.4286,0.296084,0.13977096117189927,0.7516519667658516
delegated,4e6313bce5ee3698909d4348e3fee2dd,22.0007,0.056544,0.13903261665586752,0.6831134452776682
delegated,4ead9b28515b97fdc0e2e9e9ade4d03b,3.3196,0.167145,0.1797281085264826,0.7213938581485307
delegated,4f228d116af6e6ad88a3e0e92891ad5,4.1081,0.206569,0.6434225662063615,0.718389350130785
delegated,4f35874fc0301d015cd4f7d5b0608a,21.3916,0.283614,0.13702249289709295,0.7673559434238191
delegated,4f409f31b182075511b6d7dda2bf041e,5.9918,0.080546,0.03945867545874652,0.5886562521979799
delegated,50557c5a0d38b38920192a5319e3e2e4,88.9595,0.062662,0.0227749574169632,0.8000029670205754
delegated,50b1f4e5a130dafbb5b1048c702c9b77,18.8568,0.31793,0.32480265936631697,0.8856219760708349
delegated,5125de61a2cf9dd2b362845c6edb57fc,77.4447,0.146827,0.09076413791072267,0.7055413784389165
delegated,5132921c7ed221103af30a3946d92feb,5.016,0.214648,0.10732187593768543,0.7821356837332285
delegated,5135a234fe18481235836c728d324152,64.4205,0.292807,0.33560570630338216,0.8027405004555334
delegated,514623ec3be9f8ac9f46749e28e16975,3.4582,0.133189,0.2224338890727679,0.6883014636114165
delegated,51c60589bdd1ed73d4d8765e3910f617,82.406,0.303165,0.23625163866837182,0.7154472924034972
delegated,5207969c5c38875a6eca3a103e1326ab,83.9685,0.151785,0.07756480400878385,0.6824691123770763
delegated,52160c130b4c132244221bef0fa3c36b,87.807,0.427509,0.18766324237308102,0.7797779687203336
delegated,524e4a1041ae53154b3c42e318f3affc,87.0466,0.192192,0.15390819561850902,0.7807987068537018
delegated,52867aee1e2e137912a905e721b748f5,87.5543,0.232643,0.24450961068350316,0.7165472378835238
delegated,5294d0d31a33e67912de5317fe5b354f,87.2505,0.117739,0.22496889849456533,0.8172354722744429
delegated,52c23e4a42c5f058ffc6e457221b9271,30.3053,0.449793,0.35466027602716865,0.8182504512876407
delegated,52ffc103719ae88ef0f40fbf85e100a,4.6668,0.157786,0.08857009099419366,0.6850035281350402
delegated,53433f3e15014d831220240e825d0985,79.7281,0.296759,0.09719028312900747,0.7340233217381362
delegated,536cbcc72e3f648fb362845c6edb57fc,89.7657,0.138568,0.15651311659761682,0.733480484013206
delegated,5394ceacb131b5e79d7aee0f8e107545,12.4834,0.705224,0.3512827798259793,0.7993768545022545
delegated,539ad95ea77939f8f9a3483407086411,5.1196,0.110516,0.12808616584217708,0.7520502921448325
delegated,53ad4a901e8b0dd9121859336e292a5d,87.5667,0.036148,0.09810091638127016,0.8245247885572665
delegated,53e1d0645ff2afc54c3aee8e9d3a6ffa,89.6846,0.481223,0.24757455433502693,0.8170638838049157
delegated,53e3f4b35e8c992e954bfb4cc0842c46,9.3628,0.145751,0.0985442320637074,0.5685835624078643
delegated,54547a5cbc7cd402c955e5ed03ef3a2f,1.8859,0.125431,0.2297199777107978,0.6052736037824682
delegated,54ad30894e9c74f28abdeb0a990504a,3.7985,0.143054,0.07288272112304735,0.6322563504515218
delegated,550e62946d2f55554bce3147c41ec725,84.6582,0.211649,0.11660042138123111,0.738253413886239
delegated,55a09adb1315764f8a766d8de50bb39d,6.9739,0.349224,0.06025448510096549,0.7740154796193955
delegated,55c97131574186c0d4d8765e3910f617,11.8625,0.210747,0.2342989149303677,0.6994991301824892
delegated,55cf3c1207e421a29e3e34eaf1f39535,89.2319,0.096769,0.2979950658327413,0.8423978962304587
delegated,55f0e38a64ba2c2d813b65629a36678,2.7517,0.166243,0.17245137722907644,0.17719193817318177
delegated,563569e15313d7eb89e13811ad04f53f,89.9238,0.155233,0.13995295258054402,0.5612188117118659
delegated,564813720bdb0cd93321831d2245cf06,68.0981,0.22218,0.0934943503299776,0.7576315633554955
delegated,56e1f35c70ad2859c59350d819542ec7,0.2126,0.278011,0.19134956362951375,0.7217652709678273
delegated,57041ab17b34eba1f49237e570f62c8f,33.8363,0.022643,0.41168822307450254,0.7600764688887666
delegated,571dd1b4d09773c5bbe43d356df0e955,4.7058,0.20774,0.09581690774754101,0.7448800896408588
delegated,574447022c4473d455f46d55537192b6,90.0,0.084044,0.06718203108425755,0.6750225423916589
delegated,575289640b8fe387a0c6c5e8898c5f38,14.7882,0.072993,0.04932208338514695,0.6404072589431536
delegated,575595ab81e657315b3aba3f0877c74f,85.4501,0.18745,0.24004185258242172,0.6312091483821886
delegated,578b801e35fd2defd4d8765e3910f617,85.8788,0.227216,0.10389415088870496,0.739395792456573
delegated,578ba0e5871fd931b8e562d273208aea,16.0757,0.118853,0.1615366530226595,0.6451618736106632
delegated,57b4898f5b94a5a89d297e74104d3ac3,71.808,0.311494,0.16759912150226303,0.857078581259617
delegated,589c1f69b5a29cb7b362845c6edb57fc,88.456,0.366437,0.1841056042773097,0.7998449796961337
delegated,58bc4edaefdf3b0e1db42cf774e49bf,89.5731,0.114749,0.12441868228253304,0.7998818430353327
delegated,591613a69c2e212f78c0a4707b40a908,74.2837,0.225953,0.3901502174676454,0.7678088666052157
delegated,594c15031388ed1588cafac7d7e6b54,27.2576,0.21393,0.05835960596901961,0.7358630394482896
delegated,59bf155f2c4d655894c7c2dce500aa02,7.0309,0.360888,0.18998866895771668,0.6643505870713899
delegated,59c7c6a65cf462be43acec71ba42b6b7,89.9506,0.104883,0.11160008294332496,0.6233080361930016
delegated,5a34a535ced91869354ab1decf4fe605,3.7082,0.103364,0.28697773754571626,0.7099473949522239
delegated,5a79d517ab366c52ccd0340812259a39,88.4342,0.15032,0.07758912699783115,0.6935401241778874
delegated,5a86b8c93baf8ad0a9030dd33d75b731,83.1031,0.27744,0.18005731530121202,0.7118347270174072
delegated,5aa9a03af76807fa94f937d854219137,88.5798,0.253164,0.22902915128227444,0.7477192797610759
delegated,5ab38425eb09fe33cac2a982f1c2a5b5,89.3826,0.060434,0.034162638466394696,0.7561018400162067
delegated,5acf58974a81ba7ea7b482715d4b6103,19.7948,0.272478,0.3648309137903652,0.7906253710750902
delegated,5b50871735c5cce2d2b12aa6a0f050b3,86.6164,0.240335,0.2442843829135701,0.6676602502231409
delegated,5bc75cb5c0270e60d2b12aa6a0f050b3,87.4208,0.217088,0.24470058450432539,0.7305619325934244
delegated,5be09ade953eaf6ca6910e4922d61aa,74.7148,0.26254,0.25064049560281704,0.7300441582194537
delegated,5c10e37453733ddb46d83d16be057f3e,25.608,0.10257,0.024394439922326688,0.5098083928190874
delegated,5c2a57c2cff7cc06d636d2b2e734dd7a,89.9958,0.070119,0.0283761112813622,0.7646223809596222
delegated,5cb40adcdfa5247681faebbdea6bd9be,86.2739,0.267023,0.12819292424687032,0.6922056484383695
delegated,5cbffd78e4cefc3038330212e10bdbc0,88.4484,0.195806,0.1558257214385053,0.7238291420763163
delegated,5d68fdf84dfdc4809f136629ee03397d,3.7491,0.55643,0.08154798143849082,0.7405392888126343
delegated,5da1ddcc8d5f62577f5d4139a48ddb6f,4.2979,0.184463,0.035990724794625485,0.6468880889122173
delegated,5ddf4835ed5640e942e61fccfc5d24ee,3.3785,0.133044,0.007634064356125301,0.8108109094301746
delegated,5df84478c357fc7c5b056960183c4aff,4.2674,0.072772,0.0881759167573712,0.632598131415317
delegated,5e1ef1b63216952dd2b12aa6a0f050b3,80.9244,0.197774,0.2149613437720041,0.6911172836353152
delegated,5edc6766196953a28f62bdf4e9082924,2.5965,0.395406,0.49908359667647073,0.7703093351838157
delegated,5eecd4415ae176b6c6bf3b18b8ca71a,8.3192,0.124804,0.1259845029628955,0.6710817233351709
delegated,5f9fd9bf28da76ebed2eab6efdeec5f8,87.0115,0.376151,0.38831061606771766,0.7758955806553571
delegated,601c1c3d98596cc34a60c1a189046dd1,87.2876,0.171481,0.07857992973406423,0.8069565561952113
delegated,608f7c4d52bbfeec9f00d9b3defbf21d,4.567,0.261852,0.24345232997948835,0.9274386688966251
delegated,619b49bae27807fb1082f2ea630bf69e,3.5785,0.206246,0.07444753119984769,0.6421150795819314
delegated,61a19c2b6dbab7be1291d1279f7bf122,84.6049,0.21126,0.10418622966927056,0.7562706985586152
delegated,61b9d7c12ba7aed4c59350d819542ec7,59.7893,0.459377,0.2980851116464323,0.6884226755438826
delegated,61bd590e917928f6b6ecbbb2e4d05900,4.4836,0.211184,0.25678365964267547,0.6722361232276658
delegated,61e3c4fcffab96b9ed98cca8f0ccd5f7,86.4366,0.201748,0.08629059341182366,0.7283523542219335
delegated,621f1f65eca6fe7fd7c9d85d3b7335dc,26.7571,0.324423,0.09679195138266505,0.7450160355022442
delegated,622dadb90004f49fb84959963148f2a2,89.9943,0.261673,0.16436052547500993,0.6931876107818865
delegated,62a332e54cca36f547b925ad5d9d8738,80.4228,0.080368,0.42226915236972035,0.5260339889206034
delegated,62f8ee99e2961024834b1a533ffa0490,3.6798,0.133384,0.09825415851078664,0.7018001448511983
delegated,637b36b2e5db7f513f7e27638e63d848,87.9974,0.386681,0.19602938814195134,0.8276161152062224
delegated,638f96b7300e754178d5e65673875191,6.6922,0.125032,0.12187133435640418,0.6047255611997658
delegated,639822a6db5ec3d852470de2774d6099,15.6224,0.123627,0.11174213363427334,0.6428175904457389
delegated,63cde6b5e85cae2bf4b6538438a0b930,37.9794,0.434332,0.22354545194376121,0.7470697313837227
delegated,63fc809815b9639de7c7920f6a65a54d,48.6609,0.332513,0.18028971453182574,0.6576184031076455
delegated,641234f284243decea95e61f66327e28,50.5642,0.712721,0.46989119209243907,0.48914548610312625
delegated,643191e8ee56104e424f8f8e828c9ab9,82.6133,0.10613,0.2755435781588982,0.6561674784585688
delegated,6458583a168aa52af42a90fe4baf4591,87.2929,0.78318,0.29602513393725705,0.7284921659618132
delegated,64d5bd4a6af3da16327289c00b6dc9ca,6.3105,0.320211,0.12111309282584064,0.858579512169738
delegated,654362e53ebb6e303321831d2245cf06,89.8937,0.179762,0.08995927306589946,0.7790598889672118
delegated,65470e16a5880d4dcb2a965e75be701c,57.9412,0.281552,0.20109780918215617,0.6710812631449481
delegated,660e11eff2108a00f8ff821990890128,57.4708,0.084517,0.025756012035548313,0.6502994304055632
delegated,668c488e900c2ede62a9eaa32bfe99c4,50.1951,0.324307,0.11990837842199153,0.8021470497835355
delegated,673e5bae900225783956bf2322987dd4,87.3278,0.119223,0.022791975360791587,0.6170324946552186
delegated,6752d9230ae82d1ce67de87b371d4c06,80.1706,0.189556,0.24153638894659343,0.6799318813059058
delegated,67967d0213be8b199fa004564ade09f8,89.555,0.534327,0.3325297712776116,0.7957251482845146
delegated,67eaa2b16399f3e88809fffd0cefbf72,90.0,0.061224,0.03198503653104226,0.729301437690866
delegated,68220c134171d105f0fb3e3d2a0d34c9,89.995,0.36317,0.21772052430532401,0.7163932664288285
delegated,689fce16d1f9099b9aebadb76803631,2.8082,0.377202,0.19130007672583002,0.7800255991881186
delegated,691480901ee9f047ad5067eac75a07f7,85.3982,0.238396,0.1162197467465601,0.6574597990677251
delegated,693b8a150f9e844e50539bb73fa8aaff,86.9134,0.433772,0.1606975861858784,0.73732197860074
delegated,69544db102786237f51f77a6d7299806,90.0,0.842761,0.439302858959163,0.6974544958907374
delegated,699cd83b28bd248d30f646576d932e1a,2.7174,0.150032,0.21511917224976643,0.7105770340658591
delegated,6a121783609b4a18824662341ce2b233,87.0208,0.061654,0.2190072726680733,0.7900089076182054
delegated,6a237c1e61fe2bba8490246570868c8d,41.8445,0.506949,0.18864956850690442,0.7503268758077596
delegated,6a72d6a26d28b02bd626c689702869b7,90.0,0.247306,0.17333143506774332,0.7766508739550237
delegated,6abd7ebbc9020871bfbc6e788697e036,3.1379,0.049254,0.2860298067463944,0.6483978938514018
delegated,6b00fdf6062389ad738dd0d3509c7e47,88.2144,0.176869,0.08471842039297289,0.8597645723207892
delegated,6b32d3a9198f8b03d1dcc55e36186e4e,76.1531,0.30529,0.21853080820198362,0.8449149375768792
delegated,6b47fc9f533618719c8ccc4e539799af,50.6062,0.226314,0.23975512293726076,0.6786560331588768
delegated,6b9d09fcf8998360a36fa9e07c662628,8.2183,0.364882,0.07817011385501929,0.760756736359171
delegated,6bf058da5c3835b415ca6115a4467dd6,82.4072,0.51917,0.281685935331042,0.7469836498211343
delegated,6bf0f5e06cb748bb9671c58246946ed6,89.8246,0.240399,0.10760835098592365,0.6905325688955132
delegated,6c1ca36830d54ca5c9736640ccf985f5,30.9745,0.285755,0.1624120990614102,0.7543810155441389
delegated,6c3e80092fa36371cb2ecbd32dc2119e,12.4372,0.103638,0.09304631581740398,0.6383295760118374
delegated,6cfb76b40fc41da2a6e67635b9d1cee5,63.2219,0.151671,0.08474210272930092,0.7950989723530127
delegated,6d08f3c059e674dfcb2a965e75be701c,86.9056,0.160015,0.1069420269352624,0.7333946890848277
delegated,6d755a3d6d0f265d77ea5e1afa5bfe6,88.5864,0.797786,0.4279035893127155,0.8328322865141993
delegated,6da867f9fd8aefebc26e81144f3196d5,2.6826,0.040092,0.17592541100502623,0.5563121268232852
delegated,6daa439badf26355593ebeeedbff73b,86.6003,0.552617,0.27723798584821907,0.7930768023904564
delegated,6dad3b17869cb20fdf94ba6a907dbe8,23.6431,0.302425,0.15746875210006558,0.7861766933036759
delegated,6e77b16c5463bf147756371b6ccc35f2,82.9941,0.219511,0.22776156415231674,0.6887933179364195
delegated,6ec0ed3fc05dc7b7ad5067eac75a07f7,89.9969,0.139696,0.09684479862571865,0.6656766903451218
delegated,6ee844357bbc5bddd4d8765e3910f617,87.7478,0.259531,0.18851561851117513,0.7347618130724132
delegated,6f1c542f24b8e50554d7082b34825ef0,75.3324,0.258079,0.09680807519716687,0.7420008454554452
delegated,6f46c38f86fa961ed2f1945599cd5176,6.2863,0.075944,0.36933124874159073,0.6335287667207334
delegated,6f607a06c0d86895ad5067eac75a07f7,17.9187,0.280479,0.24827822705751007,0.685142314498244
delegated,7077395b60bf4aeb3cb44973ec1ffcf8,20.8962,0.148106,0.2136630302865421,0.8864029993437446
delegated,70a2b281cd8d59a52d19175e7d19b7cb,86.8701,0.177786,0.01448473048738159,0.7756303375470668
delegated,70edb39bb2710eebcb2a965e75be701c,88.1449,0.116017,0.22216621256495442,0.6296749586734091
delegated,71c2c44dd20ae153353a90f87b8ecab5,90.0,0.453906,0.2314393114893549,0.6287061989697629
delegated,721617d5fe78f33363ffebf86d8dd00,88.8595,0.202528,0.08731727177500129,0.7959451216014716
delegated,724fa46215e03f4c52d9fc61873164a1,89.9633,0.252461,0.12795294987503417,0.7764013620164061
delegated,7290270e8dc33f5bef54591980b8a426,3.5224,0.156194,0.1800741561617871,0.7549979169425065
delegated,72d950ea1c029bf2369c46027bce7af,19.2765,0.34052,0.258055637148551,0.7664081934422404
delegated,72f501d4168713b9445e85eb534460b0,89.9996,0.735107,0.3757390563386516,0.8074442761673989
delegated,739725054f3dcee41ef2486fe36a1e66,9.1882,0.287006,0.23476320803490075,0.7543795898935114
delegated,73c2405d760e35adf51f77a6d7299806,86.3557,0.090816,0.3285597260791101,0.6014112555785204
delegated,74983e99e7606eb114708467db3d00e2,11.0519,0.171968,0.06125884234822948,0.6349434288560099
delegated,74d27bf812f4a7d83a2dfdc3f38ea6c3,74.4711,0.202561,0.09150093346248545,0.7265815661184579
delegated,75c4595a4d1c3bf9fd2b139960f72a73,90.0,0.825947,0.4138931983845578,0.625646276969072
delegated,75fc875e3d2bd8fbf01129d246a5d1a5,1.0986,0.076511,0.10712672930854683,0.5756397554296595
delegated,7681e8a8ba049dcec16b50401ee47ac,5.3667,0.056644,0.14035649850460447,0.6157550530359094
delegated,76976adc8a170036ae23680cee12f145,3.8743,0.383113,0.08277873670581984,0.7758887972186779
delegated,76f657e27f2aa86391a491e8257bd6fe,3.4126,0.137698,0.17853961546840846,0.6911646227725395
delegated,775230183193fb9c39054ca4bd28c2fb,1.6063,0.128196,0.09488802001467384,0.6688173949025138
delegated,77c2f1b7a7c0a4d15ca1f314f1afc186,33.0241,0.279779,0.14135940806666555,0.75745834638893
delegated,77e0932f0886aede3321831d2245cf06,88.5451,0.164535,0.08077811368367242,0.7981627744837496
delegated,785b58a111b0498b9572486e5a924845,85.7186,0.184915,0.1444909316012636,0.6759674224109441
delegated,78d36740730c94a4490ad276cd2af3a4,48.2441,0.293483,0.3087028040723612,0.7668783985160967
delegated,79ace304188699fd5fe7cbb6d6b5e421,89.7567,0.604848,0.3061497615288153,0.7828884570851883
delegated,79b834190bfcf065bc7069dbf29b2330,89.896,0.362794,0.2202439494254228,0.7584845207961043
delegated,79bf4c4574bc9c4552470de2774d6099,41.1142,0.152641,0.11390278830919136,0.645006847090769
delegated,79cbb3c5f6bad447abc635d6ed355bef,89.9993,0.843619,0.4741695338380719,0.8199474219413042
delegated,7a48b295d6c3956fa96fd0f479def5ab,86.8799,0.280402,0.592536721022542,0.786295606548597
delegated,7abeb2903fa22d0fad974a50533b722,9.1329,0.389235,0.10415373152771838,0.7162549910186077
delegated,7af2a3d126ac5e44fdda95e9849ffbd2,84.7083,0.058498,0.507161076120395,0.5184089320129791
delegated,7bddc990442a3c6ea8ab8175d04e5764,87.3125,0.167857,0.1444965817875235,0.7996985710976753
delegated,7c5bebe21d2f9232af268f6180933aa3,79.0186,0.174714,0.17746638826125227,0.7261438480323033
delegated,7de0323af143c38bd4d8765e3910f617,4.6731,0.169519,0.08084813951533291,0.6748556601722479
delegated,7e029f73e9cd98d2f155d75bbf62b80,44.8349,0.132354,0.2473034953963391,0.6852847991721418
delegated,7e32602a20e478ddb362845c6edb57fc,85.7379,0.222474,0.09641708069876619,0.7410918731510502
delegated,7e5dbe69598c6439ab80ed476c7fb6b1,87.2833,0.298554,0.1953510217480139,0.7841917060257863
delegated,7ebff305b2e93504239603972bcd2e7b,89.6139,0.161038,0.25788894401096335,0.6760166712195557
delegated,7f756e697cd03ac821844676433a0aca,86.4143,0.350943,0.43920871815506535,0.40330112343212604
delegated,7fce8c7fc6ce0364fcd4910413c446d9,89.6975,0.170834,0.24292182363497358,0.8117858374580456
delegated,7fd1b974ea23815ba0338a523d3365ec,4.5793,0.134122,0.0947183110264144,0.695572279154007
delegated,7fe08cd7a9b76c1dcbde89e0c48a01bf,85.1488,0.40616,0.20363503900540877,0.8279627757754318
delegated,800da11834a991da3321831d2245cf06,28.9126,0.329461,0.10153188636183509,0.7325318634013583
delegated,8020984fc6e83ac1331b5e6778e27aa,3.6306,0.08284,0.05648172015556381,0.7522965812600398
delegated,804adfb0fa907adc238ec815c61acb8,85.2948,0.24546,0.25944822527996914,0.45738374006783267
delegated,804cdf67685d7e592efffaf8e146c9c,5.0382,0.098275,0.2951919243802661,0.7958089826435798
delegated,807f68d665cf7b0cf4fb4dee5181bee,87.2427,0.225695,0.13534101925799277,0.6971090884335027
delegated,8093937b9072e92afab6e40cce6926d7,89.9667,0.788183,0.39781936453914557,0.7143453084232722
delegated,8094a6efa5efa16776d812857a5be1ce,80.2526,0.212992,0.26517719144573126,0.7725866073987915
delegated,81412f3a04fb62c39a595400278b1b6d,83.6061,0.168532,0.21905982524479597,0.729340161924413
delegated,814bba8e48083abfdce1af5c27e3da18,42.5314,0.458124,0.10450962249315122,0.8878907821963983
delegated,82be57a43d5d1e14fa286e2f06a75d07,3.7886,0.071217,0.06112928431610616,0.6198886479761053
delegated,82c05fe4890a7f5112de5317fe5b354f,75.6532,0.570021,0.29879836499439794,0.6901873552077259
delegated,82d8391c62e197161282d4d9178caa92,87.4174,0.405,0.18674989663979846,0.8268937192427362
delegated,82f7946adba23f5f1c6beaa592f1b2c5,89.8982,0.705956,0.36404337873844617,0.6912253992735495
delegated,83412e29d5978b101f6dfedaba98d5f9,89.8944,0.615631,0.30785917208278457,0.5716920633186635
delegated,835e01af50296235aefda81565fede7,3.6645,0.226739,0.32989794845916776,0.7720130477985254
delegated,837330924dba611df6572e2c76e2d78e,3.8186,0.064558,0.17783649907373675,0.761436618205271
delegated,8399987b9bca0dd0e63a9e8397b31118,86.4521,0.606132,0.3026186497377066,0.7132865090917421
delegated,83c90f7b104816ecc748af2814b558c4,3.992,0.209105,0.0371059547486487,0.7863010249899368
delegated,8497e02fa1662113776d8bc79b9caa2c,3.6584,0.087088,0.25301903139035115,0.802141459515494
delegated,84aa911799cd87b4ad5067eac75a07f7,80.2077,0.206932,0.22669092750028783,0.6148404962963462
delegated,84efcf2796fad0d2917fe9209d09e56e,83.6802,0.095823,0.1207935317840618,0.6867308773442647
delegated,853f3c53280aa44fb63369d5dd85d25,86.6952,0.567384,0.4047877810929885,0.8041482268530559
delegated,854ffe2c60091876e07a1c4b84dfd325,87.6907,0.074777,0.1797612695193208,0.7576948457108148
delegated,8596664f3d7925cdfdeb515ad63cf4b0,85.0818,0.306539,0.24716687123930164,0.7103028574914674
delegated,85bbc49aa67149c531baa3c9ee4148cd,82.9262,0.281661,0.15134624351688264,0.7977492045273037
delegated,86059f6fa56a8c5e44175b4dddf5be08,86.3906,0.053421,0.1810737740361627,0.5817522247232648
delegated,86838c0e4486ee7a8369c37b40e82efa,89.9999,0.079497,0.10645974352205885,0.7517842495696156
delegated,86880c061d80ebab3956bf2322987dd4,37.6973,0.496774,0.19015070640466392,0.6665792607419861
delegated,868d86e47bcf7c9d1dd03d3141d85a03,84.5388,0.202261,0.23306579913910627,0.7144367418159194
delegated,87348bdeb8bc74139ebd7d1067b13a,3.3271,0.107337,0.13735917757205116,0.44921548605621103
delegated,8757c29fd2ad648c193d7855ecfc1bd3,6.0714,0.19523,0.28534323844389803,0.7385295774684895
delegated,87afe5137d675efb73418f9a8c25ad1a,39.7874,0.321185,0.15488336327591345,0.7751588745557456
delegated,87dfa3332d118867d0d69b51a45f7aff,81.966,0.197269,0.21709872661158433,0.5134109042882224
delegated,8834560018510194d8caaf6298f89d14,87.8128,0.264631,0.2624431119753921,0.6472837604415772
delegated,8843d862a7545d0d96db382b382d7132,31.5858,0.172274,0.13785020932520176,0.7506350929561056
delegated,88a00b80d432ed5a577e7964e0284adb,61.2646,0.253688,0.18000389719493928,0.7515791209900301
delegated,88f9fa58ee9ce3de1c863a93a9948fe0,87.468,0.207971,0.23087657519036228,0.6972300519366276
delegated,88fa7d07abfcf9f03cbbdb20d4d80207,83.5957,0.219861,0.24299756866058353,0.6326717160732604
delegated,895563d304772f50ad5067eac75a07f7,30.7264,0.180736,0.1582646560671999,0.710623239548179
delegated,89618f2292b3d05d48d189f942cedc62,89.0681,0.615367,0.3023832813217226,0.6155108792083959
delegated,898c20d376d7d44e5eb64c1003065596,85.887,0.21346,0.42760183779355215,0.8187487650024615
delegated,8a7f0dd58fbf14a4c59350d819542ec7,89.9629,0.453056,0.2929511753441525,0.7886350744827862
delegated,8b24699e1351a78ef8e7f2c38fe37243,72.8477,0.28838,0.2141571493273528,0.7442758888508946
delegated,8b2951e32e0906bb5f6cb4951755315c,61.4567,0.137354,0.07230179743276141,0.7578098712279964
delegated,8b95e9545df064536436916a86a90ed7,83.0735,0.124146,0.1644152257591364,0.6462788206848448
delegated,8c021db546a9248b582c9847073623b0,86.8579,0.09835,0.040374933979749804,0.6684895860300742
delegated,8c7cff4d76ceef7cff900d986c9dc4b4,78.4453,0.206745,0.34764640171635414,0.7246997569472999
delegated,8cea38648128ef1ddc75c30c88b2f7a9,2.8143,0.252236,0.09059311436293041,0.6765463233761063
delegated,8da97531717192fc3215145fdcd9052,87.214,0.641722,0.289760728951608,0.7775235159456236
delegated,8e0e80eee17c86415a9da89784be865,89.9618,0.361665,0.2098338577319768,0.7013139864647759
delegated,8e956bae37beff87c2743f037f439af3,2.6433,0.08366,0.13668167423668912,0.7521523741522559
delegated,8ebeac47d29d649acb6267f1b348aaaa,51.4904,0.209509,0.220380345180262,0.8098000958073044
delegated,8ed3f1b59a74ac71f155d75bbf62b80,82.4487,0.230244,0.24450480249901166,0.7202262219891873
delegated,8f39d603e733eb58fcbe4e14ff0c4707,90.0,0.758445,0.3965418308225235,0.6910238850680609
delegated,8fe23a363bf80c48f155d75bbf62b80,85.9695,0.157018,0.058714356150210346,0.7306621914736481
delegated,90120bf8e84315de6873d49607c1f87,4.131,0.108879,0.41809799775458995,0.8782966665495937
delegated,909fcd9e329cd49581faebbdea6bd9be,4.6103,0.251218,0.10619518105688634,0.7215258952493943
delegated,91be45a6b74f2fa283b00891f680579,88.3368,0.163229,0.14851482755136333,0.8403078523809431
delegated,92e6546c4aca4ed14b96b665a8ac321,89.9788,0.789807,0.4081599382283994,0.8249806443138282
delegated,92e7ed09c8d265e5cb2a965e75be701c,86.5515,0.182123,0.07961119612662176,0.70991587938752
delegated,9304e9ad9853d1caf760390d600fe7fa,89.3468,0.838997,0.43446331558927687,0.6975477599115801
delegated,9332819c99f0ba07973f659238edf3c3,12.8688,0.153023,0.17685542839303547,0.7127427295779141
delegated,936eac04b6a873049954eae9164faecb,3.7483,0.123081,0.1296569947578957,0.7338301331898659
delegated,94453745e0faafe2fd938442e7c3fbc3,89.0684,0.110729,0.2789864916327589,0.8161272498323829
delegated,945805d18c0de73ae3e30e20ce3a5bf5,89.5895,0.367512,0.2951587893971447,0.7602014816519669
delegated,9460ebcbd28a8cb7d5a4a04ac21f0578,89.9887,1.233292,0.6173534038419283,0.6595419816784519
delegated,94a2f3859ed66873d2b12aa6a0f050b3,86.4168,0.257347,0.12488387281485559,0.7076613893207198
delegated,94ddf20a9a6e035e85f7a3de54751f1b,3.332,0.186771,0.16764392026591105,0.7747844568805614
delegated,95440fc9b3fbb5fb1d4127b3f0e05b90,81.3621,0.115128,0.22451584911207842,0.787483541690839
delegated,958fa3ccebcaa8246c4866b1c92b8a35,90.0,0.484228,0.25901396231054447,0.6190759542420338
delegated,95db80660b4d979f601104cd2d998272,86.4805,0.244614,0.24470782895291693,0.7202064928157212
delegated,9681386c65c676875efd2d175ccffe45,78.9548,0.525036,0.3485806530339836,0.7633557980685386
delegated,96d6d519784e40c0c066b9622c005c53,85.642,0.066562,0.14160027213266563,0.664506441155673
delegated,96d87da2fecf81ddd2b12aa6a0f050b3,86.3652,0.256212,0.12960800240803194,0.7104159378809695
delegated,96e83c79e8d76d4519fb4103277a6b93,75.6621,0.361113,0.20547338759512945,0.8320574895631138
delegated,976e6d4efdcb81a0e9c2721ccab8cde4,2.3436,0.184053,0.10185134362817866,0.6245553819276839
delegated,9790b84ae96e498d09efdd367bd2d59,16.3085,0.176381,0.1584728399541608,0.7259831466080279
delegated,981fb231709d4d2cfebad4f49b26ec52,5.2114,0.325891,0.24272476008400726,0.7246628142468826
delegated,9897a75c64a369d458c73770090b865,87.4523,0.17001,0.12011663049621162,0.734774535976936
delegated,991c84609666c015da34af5fa7da2314,3.5869,0.662654,0.028832337403700017,0.7454930583501076
delegated,9aaca16b41037ccdb4522b651100b435,6.1609,0.167001,0.39009684608406453,0.7462037942423262
delegated,9b579915b883bea042a65b86449bc7bf,76.1972,0.768355,0.4434389171168515,0.7064151423444722
delegated,9b7b628bc8cc7463103d45b529610c5c,22.1049,0.473992,0.042014651676663003,0.7252621519892241
delegated,9b885f40e2d36819e4e346ee2650d150,86.7935,0.069127,0.4315855448995972,0.5350862581663048
delegated,9b9a114cfee79bfb492d9da2668ec34c,86.7004,0.336203,0.1071535445106616,0.7982939300067411
delegated,9b9b41d3d02ce68d1b009b4923bf4541,32.6761,0.324193,0.3666592956964163,0.8366812189041195
delegated,9b9cfaea2a7ba04c461ec9f1803b17a7,5.4218,0.261481,0.24208728094509405,0.7998635396507968
delegated,9c1310c5ab89888bd201085e80edb26a,89.479,0.171431,0.17937676206906422,0.6819834333015186
delegated,9c6176af3ee3918d6140d56bf601ecf2,3.2476,0.302333,0.10582276752414463,0.6936735185757003
delegated,9c8aba47e37b1eff155d75bbf62b80,14.3733,0.19805,0.08321496756488397,0.7023485462988395
delegated,9cb54ee28aec14013cb02989e2da5a2a,89.9927,0.161109,0.11551627168529807,0.6630364970947087
delegated,9cd6dc2b9d11016c49b3ccbe36f67015,9.7188,0.176485,0.06500193609185716,0.7201357137599398
delegated,9ce1c0b588ad6ef84c3aee8e9d3a6ffa,89.9943,0.897041,0.45991234867198055,0.7108670183600734
delegated,9d0a9c46bb6768fbd37a1bae74ee50a2,87.0351,0.124989,0.16184765261855572,0.7975988640027566
delegated,9d4086be72fa427cd2b12aa6a0f050b3,80.698,0.184772,0.24352394750229897,0.711593818290122
delegated,9e429b7f77646b4ccc8f8e7f17e9d7b6,29.2719,0.198916,0.1534730405605181,0.702808300104135
delegated,9e53d5b34c4b403841b765d3dbd065f7,3.266,0.504047,0.471595635506179,0.7804113707961133
delegated,9ea0005f3d702b4f6cc679ef84e06ad6,79.3289,0.248039,0.2172408610626466,0.727745426892004
delegated,9ebca72c02d26886a6e82f4002a10be2,70.801,0.581486,0.3023068447299397,0.7650708049471453
delegated,9ef3323c6ced7dfef313a0fb5fd4d79,88.274,0.340713,0.16772002088953547,0.7630656870830224
delegated,9f0a6e7c525c3c53d4d8765e3910f617,84.6439,0.212174,0.23671702465781744,0.666448803067045
delegated,9ff5b01d1aec18b2aae529ab4a75c4af,2.5587,0.111603,0.30812026372829043,0.8142058636376963
delegated,a1a8a811f5260ae675aa7f24a9b6003a,84.8389,0.08912,0.04838523640334683,0.6904439335157627
delegated,a20de35fdfc74932bf5e15f245b14644,89.9079,0.330605,0.17701214202573967,0.7271474941231508
delegated,a23e4375e78df8d0e7ecdbe73ef4323c,71.0162,0.488555,0.23786879070862238,0.6317090862557478
delegated,a2678cebeac0a8c9cb2a965e75be701c,87.7942,0.136916,0.15496540286987096,0.655642707693388
delegated,a2970be7c866fe33a2c59a4d90e63212,51.7688,0.493606,0.04649322319130824,0.7744587404196251
delegated,a2dcfb6f77a72be8a2b299c40b68f70c,75.8607,0.456342,0.22917204968928337,0.7753009352049729
delegated,a2ee365a26f7ec623228b702032404a6,4.4358,0.16992,0.09218019947427027,0.8275551682365554
delegated,a349baf8780207242d3c7a83a255982c,89.7674,0.10198,0.06518006908935957,0.6497269200680267
delegated,a45d9c141a0ae4a627afb81497348633,88.91,0.732395,0.36604298496620435,0.7861197787106526
delegated,a46e0c10f17f928ba2bc8d1e386113dc,84.0051,0.08531,0.06317215087649981,0.797767540828017
delegated,a4b457c41180e0b9fe52ffd0e748a1ab,79.9379,0.230912,0.09843825025358793,0.7378245141540974
delegated,a501174de50bc9e675bdc2c2f4721bcd,88.2463,0.173571,0.0999442002955176,0.7263838759987588
delegated,a557114149ae934819420b7669e7265,87.8112,0.215899,0.11945649014814615,0.7350553830520231
delegated,a5befb3443b070f8d2b12aa6a0f050b3,56.6595,0.126325,0.21930887900486423,0.6531311602824381
delegated,a5ce16faa5ecbc4bc6a5c971c030877d,84.5889,0.120502,0.23477872371292158,0.5977611310609979
delegated,a71d07ab8246c80391c352d02061b3f7,86.5642,0.156958,0.04987397003655217,0.6685180522510724
delegated,a76f63c6b3702a4981c9b20aad15512,3.638,0.439202,0.13431953165055988,0.7330911954861761
delegated,a85b9a3ace923e424721d5612f98ae26,74.6237,0.315078,0.1645824334361395,0.7570776769406689
delegated,a8bb33c995207084bed1bd9593e318c,90.0,0.406176,0.21366188915619294,0.6659184301641325
delegated,a969cd5e93fd389b3321831d2245cf06,89.6043,0.177558,0.08819881138650928,0.7060555369631026
delegated,a976a61f71a8e700876ba2153f34d1b9,80.069,0.247366,0.2178784460650233,0.6000318230868888
delegated,a9b7fbe4a8dd4d0c44f19502064e0a74,89.5248,0.369557,0.18591918018204948,0.7184396393440148
delegated,a9d7e7bb4d72c52f1574d21c0c95092f,71.649,0.188886,0.25531711462022416,0.6895016157837073
delegated,aa4ad2f41efb815cb022c94235bc8601,89.7574,0.315587,0.16359123655296107,0.8034135201419546
delegated,aa619a9f4b2e200495ff232cd38210b4,11.0053,0.05424,0.1438652831752245,0.6675017644383521
delegated,aa858f23b682f5616314c3b6a3a65519,40.3294,0.144082,0.2200158139216589,0.5661331637560756
delegated,aa886bed91a13113d5498a74ca9ca78b,4.6488,0.190708,0.24622639832415072,0.6553712219867869
delegated,aa88a7bb135e074e2056b4bd5d870b47,4.2573,0.893847,0.4447131132134909,0.7314180840469017
delegated,aac3c6db20d3248579cea75b38cb7ce,90.0,1.278151,0.6419029356264809,0.6940409262200774
delegated,ab3260f85c28adc82056b4bd5d870b47,84.1325,0.261239,0.2463652628243877,0.6980200971890015
delegated,ab7ad8afde03897aa52fef6f94fcc8a,74.5068,0.321625,0.3602714286532128,0.6058013757402686
delegated,abaf150fbbcfa58e9f433921788191f3,4.0061,0.058162,0.17928967831972573,0.5493346571204842
delegated,abcac243e3ed325b34943af333340cd2,90.0,0.424873,0.2124434181986707,0.6778616663130687
delegated,abcb5dc91337f47682db9fca4b68095,89.9839,0.190992,0.17123188700802092,0.7684454335819084
delegated,abdc4a823b1f78c397f47f3057557cbe,4.2298,0.148641,0.1296374963372871,0.7470471450182415
delegated,abdfb5b2d82e555e3bd003e0bb7a3ed9,5.4136,0.104712,0.150174054679707,0.7615417379626721
delegated,ac2477b9b5d3e6e6c7c8ce3bef5c2aa9,89.3797,0.084998,0.05838189696907294,0.5072105906378038
delegated,ac2b6924a60a7a87aa4f69d519551495,34.269,0.705193,0.38256878093638685,0.6701741737450365
delegated,ac52cf0b598e930ab38d3c03866c1379,3.1149,0.203751,0.12279118564572622,0.7244768962336442
delegated,ac7935b217aeb58e19ca41cdb396f36,89.09,0.839755,0.4345062991548748,0.6466031667885294
delegated,ad86354fb5faf1c98a4820926b2a786,86.2098,0.104988,0.3958536167926946,0.7522400361652318
delegated,ae20b4fa1b552b62614d87bbb5364f6a,89.9728,0.427564,0.30763077486549417,0.7751710952211274
delegated,aea3c4f2687e97c92942fa3063963cb6,4.1419,0.091385,0.19530551536470328,0.7760396421111249
delegated,aea6cef49fd3a6ab3af30a3946d92feb,89.8994,0.434772,0.22525766874778846,0.7897939328472074
delegated,aec1143f9e7375846555a8578c9b250,89.1045,0.118342,0.14246068684081886,0.7081352388147044
delegated,aedb07b6ad73e3b759a2046f98794106,16.1854,0.121402,0.10105848615105821,0.6323455959294905
delegated,afa806973174e442ac4f72bf08dc79a6,88.984,0.963135,0.4826242090752256,0.5840688156706765
delegated,afaa6975c6000ecc4c3aee8e9d3a6ffa,86.6615,0.363151,0.3463034291729127,0.8193119053938012
delegated,b0604333bb40f58136c3fba5bd012bf2,89.5221,0.28456,0.14279633763555866,0.7043883529881556
delegated,b09f17c66d25a38cf155d75bbf62b80,81.8434,0.202548,0.16659225267825334,0.7321833536647183
delegated,b0f329dc43af0fbd4da5feafe6f1c8fc,87.1025,0.110177,0.1895615230632643,0.7983069518597152
delegated,b123bc34ca87b8f88be7c8c5fdb9bd6d,7.1126,0.175444,0.2901222152651257,0.768234099457867
delegated,b14fa79d2a1efb586f7dd5dd40daa88a,3.5989,0.210868,0.1764792306925591,0.9362007053142778
delegated,b154cb1a8dedb14345ef69cff7e6d57d,3.2147,0.543112,0.523029083377298,0.6596960924966305
delegated,b16eae893bd12a87b8724a732b3d4cc1,87.564,0.337774,0.1698883517410402,0.7958299609880496
delegated,b19ff5aaa6a6940b412deb0d2b0f3dcd,88.4105,0.287997,0.14312698319415104,0.7541424708134702
delegated,b1bdcc7bcb3148aaa23949c21eddef76,87.4751,0.089001,0.3558791542070832,0.6983119436034333
delegated,b218e59af74f0be4ee9005feeed08b86,88.0021,0.127079,0.23945934029149485,0.6969525933446008
delegated,b21af8271ab47f79c82ee199db6586b1,2.9837,0.093916,0.08376987380857641,0.6735089981043786
delegated,b296fbfbbe5dccf09c12d6260da9ac2b,86.4652,0.38951,0.1959548071273231,0.8287398565213763
delegated,b2a585ba5f0b4a25e76bc197b3a3ffc0,7.4615,0.352381,0.194742121633005,0.7881815749707439
delegated,b399f7819e05c8bd492d9da2668ec34c,66.534,0.207477,0.7250812765028922,0.7212730509508171
delegated,b3c8573a2d8b0a14c347936f40ef6857,84.1034,0.198553,0.0954640768913823,0.724671946622397
delegated,b4d4338a36711ccdb113389b677f57ff,86.6341,0.159189,0.16922169236213105,0.8407247661716942
delegated,b56494e8810764286739a7caa0c577bd,86.5519,0.091828,0.43900682184144063,0.6214552414426044
delegated,b56505eeac0de779289f8cbfc8541c14,3.4328,0.196997,0.49136080637239776,0.6949034929568022
delegated,b5c4585baef4a036dae5edc5d34da94f,60.9077,0.602411,0.32461465050027527,0.7229303303235155
delegated,b63c554a915454b7a8481a97c910a7de,3.6015,0.053595,0.1220282259083555,0.6607576332505778
delegated,b6c745406a599dddad5067eac75a07f7,82.8512,0.148678,0.22140546204354036,0.6168263886076657
delegated,b6df9d21acef1e11b362845c6edb57fc,86.3383,0.450076,0.07702485033349987,0.7056424952898251
delegated,b7a9d8b469cb06037824b732b006daaa,80.7415,0.224529,0.23383192389098514,0.7245515044431033
delegated,b7c366d9ad90bb8a847d09fbfad470bc,12.2009,0.575235,0.2842946081211931,0.7992809184219261
delegated,b865f12d17532a3fdb24fbbf172c2159,3.2424,0.643287,0.47562811835790864,0.8218587517476862
delegated,b8a2c7c7df404ab8e7ef9fff09638f8e,86.7395,0.021875,0.5365221843134755,0.39361813725914585
delegated,b8e019587c8157041a3b39b07e4b3d0f,90.0,0.99269,0.514895891495426,0.6802250871442852
delegated,b94b76056a072784685e443e0ea51d93,89.9909,0.020168,0.008701245745516508,0.7863525529761731
delegated,b997659a319cae6369923f7b2ea9aba,87.8233,0.088214,0.2642195591652795,0.7345485544517028
delegated,b9a6e086fa26907897eb0d3a9685d3ed,3.4274,0.038879,0.0563455711875176,0.6474730063808719
delegated,ba86184fb4bd46a23321831d2245cf06,89.9237,0.234085,0.1954819628522557,0.7461546207334286
delegated,bafb5f206f100bffabd7f138f3335c2b,9.3389,0.171159,0.08327026262427652,0.7836559469820158
delegated,bb551a5c33e3743297a999e2367a4a2d,87.2013,0.120938,0.1816054885748461,0.7495339395976852
delegated,bb609567ff4d46a0a44768a940557d1c,86.9801,0.366094,0.5465006459848357,0.7976505659440103
delegated,bba9c90254fb970b8dfaa3491bc0f718,88.5223,0.117196,0.14743660929187594,0.725800980761683
delegated,bcb4f576747e10bdd7f6e86d7d335698,1.9454,0.203307,0.1675731553490332,0.6918113439405603
delegated,bd06d7b322a2c65147367565b9fdaec5,3.9084,0.138015,0.12577282739077864,0.7958922137014334
delegated,bd55f9190cb5c9ea3fe047712e43e185,90.0,0.861724,0.43301771577431936,0.7250883598583897
delegated,bd586b69c27f05c8fcb3c6c0ffedec6,89.38,0.022018,0.16434731592805635,0.4050531452541988
delegated,bdce8b3475f59d38f4fb4dee5181bee,89.4509,0.118979,0.15427415230611677,0.7261647319163486
delegated,be935d47bfa0fd025eb64c1003065596,89.8054,1.000361,0.5000693033047442,0.7969592262715088
delegated,beae527c550f5ce8e4ed7bd95fe664b,79.6926,0.099472,0.12061948841554555,0.6379930374970907
delegated,bf57fe6a331137c2abaf316e4a957cb1,90.0,0.799239,0.4041549000376635,0.6350178516731125
delegated,bf7342b225f836a9d2b12aa6a0f050b3,85.0445,0.286788,0.24065449885375662,0.7076001275492932
delegated,bf8e5bbe0e0938d98afd316e82119b42,86.4271,0.242173,0.03714774575309402,0.7685716009796545
delegated,bfb230a906645dd14c3aee8e9d3a6ffa,89.9937,0.757015,0.39415258614896886,0.7321991117606499
delegated,bfc242ae3d98762ece876412f61273f0,82.9322,0.603783,0.3011399110472092,0.8019938974233684
delegated,c01ecf4426f58beec3c7482d23c2379,89.9931,1.364199,0.6827646374342582,0.7760679223557203
delegated,c02b905c5d602a7ebfc2343650cf257,3.9507,0.087627,0.09987621361908879,0.8194374524445623
delegated,c03e7f08edefc17a5b28ac1273e4dac5,86.4777,0.271242,0.13041971918629022,0.7274730156248549
delegated,c08dacfd5dd248374e9bcf25298f80d,60.8943,0.294145,0.4606216349528162,0.8116300290484105
delegated,c09fe6e32490f4511b17743c18fb63dc,84.8744,0.138248,0.2659508651802018,0.7710432746836683
delegated,c1077972752aac54e8deab000196f61d,75.6122,0.220309,0.3298120132141521,0.4653715494695784
delegated,c150b150e25f4bd438f13d421c59f8e3,36.5353,0.241185,0.2640568447487946,0.6946922459020278
delegated,c1b8d982d97e337f19fb4103277a6b93,9.7641,0.342069,0.26091070696536517,0.7380528634986939
delegated,c1fd0e8de18620ba27e7754e513f7fef,85.1592,0.237566,0.22944767027070684,0.7160019716487184
delegated,c2799e2c3f5845f22d42c1e28ea24b6e,7.9165,0.17165,0.1657539627558899,0.7229804619892432
delegated,c28ec663f25bc97de8bdcdb326f0e57b,4.7086,0.053873,0.06412395714677213,0.4796441219351295
delegated,c2c0a205bb318031ed98cca8f0ccd5f7,87.0343,0.251498,0.12357301990376038,0.7439201047366758
delegated,c327cc501312d1bab9492d4f3d8bee7c,87.6116,0.076178,0.11765464025126464,0.8041645117040738
delegated,c3a90bcecce7f4817b6fd5468f603b31,86.4037,0.076594,0.4860827812457663,0.5422676495551441
delegated,c3f92e6a78ad156863b2acb037dfbcde,87.4002,0.148413,0.16053806912861246,0.7029883574819603
delegated,c48e3ab1cc01521cdfaef96860d73193,89.9531,0.100062,0.06349966040468841,0.5774093118545581
delegated,c4cb5bcb1a9399ae504721639e19f609,76.5698,0.27562,0.29327639738558603,0.8349070328167801
delegated,c4db384855e345009f8c3d2002c77ddb,86.3126,0.108114,0.31444136404065487,0.6573771615636917
delegated,c50e814a2e40e78ce8784f880dac0f61,11.4977,0.175345,0.1445473548540118,0.7248538423665545
delegated,c52531bfe9fcb17a87586c1eb104adc8,89.976,0.792679,0.40363510698358845,0.8199211521047026
delegated,c55498c03c913177d200faae04ce3f8,66.6328,0.277967,0.08061210156148921,0.739053614835883
delegated,c55a7e2cb3ab9aea8ca4aeb5e3b33af7,82.8453,0.146121,0.28341952343430254,0.7252255805437221
delegated,c5de940102fa0cdb50da8b99982a3057,8.2785,0.078685,0.28246896972051344,0.7177214466366095
delegated,c625f1771e40e374e1c27dfba919adc5,89.752,0.02856,0.13749355985985967,0.621220515440239
delegated,c71738e3b314a72411afa9f5eb84a7ae,85.1078,0.119779,0.19139229703610974,0.7029789815688843
delegated,c766463a3623d0ab8a0181490cb73cbc,87.0795,0.423882,0.21275517540067998,0.7293169960897353
delegated,c79fc66b27a900ac842d08202a7fd76,82.6611,0.189253,0.2300009816336428,0.680291974128688
delegated,c7c0c46ba87f11ca4c62bee40dcdc539,89.9927,0.505381,0.2688621309544907,0.8065492515471706
delegated,c7d59921f034165880403be969162a9b,89.1457,0.87572,0.4343714359165535,0.7537459981183294
delegated,c7fef6ae7f7f91814a0be3d856af9ad,86.8174,0.155662,0.39902769978543373,0.5198624244441347
delegated,c955fbf41e870dfaf0591fbec6fb99b,80.317,0.246061,0.2405357317001647,0.5298131352290487
delegated,c956fdc19b02782bb7a867e9b35a1295,4.1124,0.073428,0.12448979179584155,0.7226861421984424
delegated,c9576be714b6cf2d219113a79b8c092d,86.9846,0.585321,0.6229559102895256,0.7146397014117353
delegated,c9c6445740eaaa74a495c196d4f0cebb,3.2677,0.164147,0.2639924947535905,0.730049753383411
delegated,ca1c1c9aba8f4491a656de49935d2359,3.4164,0.147982,0.4655810118961737,0.7755740124505588
delegated,cadd6125bf30f513e10a48f2bbb9bef4,89.0372,0.168999,0.18643682672460307,0.755097353313938
delegated,cb4234b5106ee84dfba786d6c256035b,90.0,1.157418,0.5788657745823415,0.7090856619833007
delegated,cbe802da10dcae19f155d75bbf62b80,86.4771,0.190729,0.17758787861102854,0.7320196014159798
delegated,cc98d2d5157aab693321831d2245cf06,18.3137,0.25198,0.09432304708190496,0.6910941100785319
delegated,cece5afa11b5ea16d2096b2fa6f98cc7,89.9981,0.492975,0.29699837787223027,0.7257054716262822
delegated,cf4075a6207a77fad5067eac75a07f7,89.0383,0.136465,0.1512075845553542,0.6811063471537037
delegated,cf57b6a6baeb421c8c180d5d98aa66c6,87.6806,0.108065,0.41321881707864966,0.6273053256421106
delegated,d06cf2129d36dec7a4f92840428bbcfc,89.1895,0.095181,0.058320055973580566,0.6431201090615971
delegated,d0ae223012be978a49a531253b5beabf,79.5818,0.233647,0.23958948108200356,0.6164819252944544
delegated,d0c3bf270f9e04eb362845c6edb57fc,89.8207,0.138855,0.07693632468902133,0.7573517481981301
delegated,d0cc83d6fded7f1cc98c13d6112727de,1.8963,0.103236,0.21086547986332915,0.6692136723496898
delegated,d1caf5fd22c6c5083892cfdb72a66fb4,85.9898,0.238045,0.25564189187012765,0.7427380866274034
delegated,d1f70630a6dd39ab5c3e3ca6678c6811,1.9437,0.210652,0.11360959063926476,0.6867786222732251
delegated,d2553e5fc4f1527cfeae521e94848af6,87.0892,0.571665,0.51693864532529,0.8038194007169478
delegated,d26eb320ce4753d03ae1361afc45ac52,3.6627,0.105913,0.1041010877596593,0.6789303899273934
delegated,d27d7e667c5ccd70cb2a965e75be701c,85.493,0.147965,0.13655730276437883,0.6974145029700709
delegated,d2a511578a387365ede9471c962dd6ba,89.9736,0.239563,0.15416612266744054,0.8381149657135323
delegated,d3759f1bd6dc9652f51f77a6d7299806,89.9819,0.786187,0.41863225216585115,0.6991720744115018
delegated,d3bd250ca3cb8e29976855a35549333,49.1705,0.461608,0.23289047028011103,0.7568959188532134
delegated,d599d283cc1d2615a7547743355554a7,89.9995,0.913036,0.4704756422242357,0.7264094902460837
delegated,d5ec4fb3e3a5ff31dd84b16d3edceb0b,79.736,0.912805,0.4891145149734223,0.8036570759616707
delegated,d63a5fa4070c41c87b0af550cd1619e2,3.4779,0.161846,0.264552978609104,0.8330617685647247
delegated,d6b3d8434fc41179db4c5469c0c1ba80,89.9993,0.879237,0.4655220410205565,0.7931406991553693
delegated,d7de36db04c61722a52821bf1aa3b19a,86.8341,0.40743,0.13956510521922064,0.7956861463742148
delegated,d7ed512f7a7daf63772afc88105fa679,3.2397,0.191517,0.23687805375643617,0.580127945077963
delegated,d8d89fb14672b3893321831d2245cf06,87.1201,0.2159,0.17007675884703807,0.7155062476053151
delegated,d8f6aaa777f0cd4f5a31d91ec836a511,86.8089,0.037145,0.2649335341019609,0.745959626421683
delegated,d9543e5f16e6574a8e9a0e51a554788d,89.9121,0.404157,0.1983881258496263,0.7746690413719799
delegated,d9d1d7161c59786fb58d6ede2c134ee0,3.5931,0.12791,0.15977300521255497,0.7261663534654268
delegated,da92767c2e0fe6bad5067eac75a07f7,1.9098,0.117485,0.04208149588688887,0.6654795733425365
delegated,da9317e5776ed22b732bda87f2718525,89.862,0.360073,0.1868933074960037,0.6894159900420126
delegated,dacf794f991fc0173e9b7c3ab7636200,60.5126,0.111475,0.10150839497230406,0.8034325233276477
delegated,dacfcd3de6bb08e4d2b12aa6a0f050b3,87.8146,0.228971,0.23632709778737374,0.7362190309643366
delegated,dafcdefea7e1445edce1af5c27e3da18,74.4284,0.265221,0.10701234012624034,0.8367339499199757
delegated,db4aeb6354f5bd0dd4d8765e3910f617,5.0155,0.149602,0.05004382875468405,0.6862265483772247
delegated,db4c8bf323465e4c537d393009a79347,3.7084,0.110889,0.06395879992715763,0.6025599831307996
delegated,db90e043486f216ead1d87becf13ddd9,20.6523,0.415852,0.08423586672295867,0.7109930282757807
delegated,dc52131684ed9cbbfe4a8257a424ee86,87.8959,0.073531,0.10869729184745194,0.5967543065671387
delegated,dcb9a62d5ef76f389da15808191f1405,10.448,0.222465,0.06572248252933331,0.6573381476689656
delegated,dd4cb99f1f210b196e25f3efedf6785f,87.5816,0.062281,0.12017670469543819,0.8032617231389476
delegated,dd932656e7f1d74452470de2774d6099,2.9068,0.176481,0.1879923611366412,0.6967192957662849
delegated,de30133b2550826647d37c7945792fff,90.0,0.866815,0.4379680985129653,0.6592164874066957
delegated,de3b9b253e8f1aaf8b15c58b209760b5,89.5816,0.827804,0.4138437649152276,0.7516982092074835
delegated,de65da5cdc92b4aebc0909d98a1ff2b4,19.47,0.127649,0.18542765953049103,0.6439435565714666
delegated,de68b68a234de1a0ea2f8efb8b3faa3,89.9909,0.220149,0.16062670958132838,0.7653914367276344
delegated,decbc541efe459a742f1242fa6dff2cf,69.1839,0.229797,0.46880468165293104,0.5778626539801457
delegated,df67f38c55e4dd0b3321831d2245cf06,29.0834,0.344687,0.09309054216513077,0.7403499729597177
delegated,dfacef652f7f414e4b88ac4b14fcb8bf,3.6346,0.199565,0.15744844497213586,0.7066639556896347
delegated,e02ea2b2d926095aeee40229e2e3ae1e,1.5722,0.082491,0.23227189143140575,0.5578699723243299
delegated,e0393e80702d9a698cbb8bac2032149c,70.7764,0.281182,0.35845894798515987,0.8010614522459157
delegated,e143d40f9df57d92288d8f1144f7979f,5.0307,0.249507,0.0506422031645296,0.9151025357389706
delegated,e175f500370eb8f9561dce3fe08634b7,2.2898,0.146654,0.06873999825503171,0.4068282700661809
delegated,e1838a13ace989545de21284bb515a83,74.6986,0.560908,0.26176320728062313,0.4403294257960894
delegated,e28f8467945b5d526070f6b7b2547ecc,83.4371,0.158493,0.12344588112896963,0.6769970054351795
delegated,e2de47fd0e63a280490ad276cd2af3a4,90.0,0.883617,0.4559340044301795,0.6901504505507503
delegated,e38201d0af98e566ba85a673915bd3d,4.742,0.096762,0.19233898141890526,0.7754174066475066
delegated,e3bae8da192ab3d4a17ae19fa77775ff,72.6443,0.285718,0.14091510165275883,0.7146826219578039
delegated,e408c939829d0353a6490b68274665e,89.9812,1.417505,0.7119676966531514,0.7223922792459561
delegated,e4cbd9d5a9c5b7d241cefd10ce5d6cc0,3.7532,0.160298,0.2137078711981334,0.6807272081294691
delegated,e55f19a6d411966c6bf2e668f01c16f7,82.8923,0.274825,0.23435322789845686,0.649441309096231
delegated,e57aa404a000df88d5d4532c6bb4bd2b,2.8333,0.184649,0.10782680803893238,0.8276994933929747
delegated,e5d292b873af06b24c7ef5f59a6ea23a,7.8067,0.132342,0.1924571038881427,0.6749625097552363
delegated,e5deab6728f237a6fc7703ebafc3f082,89.6963,0.18359,0.12841680026959576,0.7570618370130837
delegated,e696c5d9b42ff5a0fe52ffd0e748a1ab,89.3864,0.279073,0.14717621049925975,0.7378268097629548
delegated,e6fa4d02d2df5a9b1bb46d2556ba67d,88.6641,0.073722,0.08380334756511376,0.7844690258516721
delegated,e70ce62b41a598dba48aee3bc134fbf8,2.8352,0.253272,0.3293631176676847,0.6212930329392207
delegated,e73d23dbd069877f4da5feafe6f1c8fc,86.9422,0.081543,0.18936828654605417,0.7582247899193701
delegated,e7c330f4c4421dbb24e49a3e82c3d033,3.3951,0.086637,0.06489583602005418,0.47806278914014744
delegated,e8039f73cf912ff5e8c69fd29511206a,75.9976,0.19817,0.20984092517141675,0.5138715239176488
delegated,e878e519af882f493fc48162942e3418,86.7482,0.276569,0.1636605487727717,0.7855805942688491
delegated,e8838770de9a6e4595feea036c244c98,89.998,0.093439,0.05491403166501669,0.6152816053899025
delegated,e90e27c3020d25dd76bb31db0358e9c6,32.8223,0.437287,0.16142778659485327,0.7445686217876953
delegated,e941e1929bdc87d5ad876645af0395fd,86.3275,0.170884,0.23350889617648835,0.6716128747619244
delegated,e9dd4e42bc49b8c230a8c472227cd05e,3.1918,0.178526,0.2795317162605456,0.8398233461101116
delegated,ea7d44b28bd22258f5ec01c1dd7b80e,89.9504,0.27558,0.20149368741523238,0.7401924837449831
delegated,ea885955cb82b3cee074faa875b76f82,86.8482,0.873294,0.43989812894201563,0.8393287104232809
